###################################################################################################
### CosmicWatch: The Desktop Muon Detector
### Device ID: BartonZwiebach
### Launch time: 0:05:14 1/1/2019
### Questions? Email Spencer N. Axani (saxani@mit.edu)
### Event Time Date TimeStamp[ms] ADC1 ADC2 SiPM[mV] Temp[C] Pressure[Pa] DeadTime[us] Coincident ID
###################################################################################################
1	0:05:15	1/1/2019 	698	717.00	13.00	16.01	24.71	100767.53	95882	0	BartonZwiebach	
2	0:05:16	1/1/2019 	1187	100.00	7.00	6.59	24.73	100767.47	5937	0	BartonZwiebach	
3	0:05:16	1/1/2019 	1348	610.00	9.00	14.15	24.73	100767.47	1851	0	BartonZwiebach	
4	0:05:16	1/1/2019 	1642	200.00	8.00	9.30	24.73	100767.47	49784	0	BartonZwiebach	
5	0:05:16	1/1/2019 	1650	63.00	7.00	5.91	24.73	100767.47	1846	0	BartonZwiebach	
6	0:05:16	1/1/2019 	1926	980.00	659.00	118.48	24.74	100767.17	1850	0	BartonZwiebach	
7	0:05:17	1/1/2019 	2818	150.00	8.00	8.02	24.76	100767.05	49799	0	BartonZwiebach	
8	0:05:18	1/1/2019 	3143	216.00	8.00	9.65	24.76	100767.05	3877	0	BartonZwiebach	
9	0:05:20	1/1/2019 	5078	975.00	530.00	91.08	24.81	100766.55	97720	0	BartonZwiebach	
10	0:05:22	1/1/2019 	7139	981.00	711.00	128.35	24.85	100765.77	97743	0	BartonZwiebach	
11	0:05:22	1/1/2019 	7219	769.00	25.00	19.30	24.85	100765.77	1850	0	BartonZwiebach	
12	0:05:22	1/1/2019 	7254	897.00	100.00	29.98	24.85	100765.77	1850	0	BartonZwiebach	
13	0:05:26	1/1/2019 	11140	263.00	7.00	10.49	24.95	100764.94	193609	0	BartonZwiebach	
14	0:05:27	1/1/2019 	12090	826.00	54.00	22.95	24.97	100764.95	52670	0	BartonZwiebach	
15	0:05:27	1/1/2019 	12406	457.00	9.00	12.61	24.97	100764.95	1852	0	BartonZwiebach	
16	0:05:28	1/1/2019 	13162	73.00	6.00	6.02	25.00	100764.99	49788	0	BartonZwiebach	
17	0:05:28	1/1/2019 	13801	135.00	8.00	7.59	25.01	100765.09	49785	0	BartonZwiebach	
18	0:05:29	1/1/2019 	14043	167.00	8.00	8.48	25.01	100765.09	1847	0	BartonZwiebach	
19	0:05:29	1/1/2019 	14761	74.00	8.00	6.03	25.03	100765.04	49784	0	BartonZwiebach	
20	0:05:30	1/1/2019 	15181	282.00	8.00	10.80	25.03	100765.04	3823	0	BartonZwiebach	
21	0:05:30	1/1/2019 	15302	931.00	135.00	36.74	25.04	100765.17	1849	0	BartonZwiebach	
22	0:05:31	1/1/2019 	16494	970.00	321.00	60.64	25.07	100765.67	49790	0	BartonZwiebach	
23	0:05:32	1/1/2019 	17421	724.00	15.00	16.68	25.09	100765.65	49796	0	BartonZwiebach	
24	0:05:32	1/1/2019 	17833	977.00	563.00	96.92	25.10	100765.69	49789	0	BartonZwiebach	
25	0:05:33	1/1/2019 	18641	893.00	100.00	29.97	25.11	100766.31	49799	0	BartonZwiebach	
26	0:05:33	1/1/2019 	18880	971.00	253.00	50.58	25.12	100766.16	3825	0	BartonZwiebach	
27	0:05:34	1/1/2019 	19342	105.00	8.00	6.73	25.12	100766.16	1850	0	BartonZwiebach	
28	0:05:34	1/1/2019 	19931	686.00	9.00	14.58	25.14	100766.81	49785	0	BartonZwiebach	
29	0:05:36	1/1/2019 	21026	961.00	202.00	45.62	25.16	100767.39	50546	0	BartonZwiebach	
30	0:05:37	1/1/2019 	22151	114.00	8.00	6.98	25.18	100767.79	49793	0	BartonZwiebach	
31	0:05:37	1/1/2019 	22232	979.00	595.00	103.67	25.18	100767.79	1847	0	BartonZwiebach	
32	0:05:37	1/1/2019 	22281	667.00	10.00	14.91	25.18	100767.79	3965	0	BartonZwiebach	
33	0:05:37	1/1/2019 	22573	691.00	12.00	15.64	25.19	100768.19	49789	0	BartonZwiebach	
34	0:05:39	1/1/2019 	24484	328.00	8.00	11.41	25.22	100768.62	49790	0	BartonZwiebach	
35	0:05:39	1/1/2019 	24775	330.00	8.00	11.44	25.23	100768.62	49795	0	BartonZwiebach	
36	0:05:40	1/1/2019 	25122	477.00	8.00	12.66	25.24	100768.86	1852	0	BartonZwiebach	
37	0:05:41	1/1/2019 	26162	969.00	457.00	81.77	25.26	100769.03	49789	0	BartonZwiebach	
38	0:05:41	1/1/2019 	26900	411.00	8.00	12.21	25.27	100769.42	51849	0	BartonZwiebach	
39	0:05:42	1/1/2019 	27280	286.00	8.00	10.86	25.27	100769.42	1848	0	BartonZwiebach	
40	0:05:43	1/1/2019 	28734	963.00	236.00	48.80	25.30	100769.77	97725	0	BartonZwiebach	
41	0:05:43	1/1/2019 	28736	767.00	24.00	19.10	25.30	100769.77	1852	0	BartonZwiebach	
42	0:05:44	1/1/2019 	29884	980.00	899.00	170.89	25.31	100769.94	49789	0	BartonZwiebach	
43	0:05:46	1/1/2019 	31330	985.00	795.00	141.02	25.34	100769.61	50572	0	BartonZwiebach	
44	0:05:47	1/1/2019 	32559	942.00	146.00	38.64	25.35	100769.58	99902	0	BartonZwiebach	
45	0:05:48	1/1/2019 	33442	145.00	8.00	7.87	25.37	100770.14	1852	0	BartonZwiebach	
46	0:05:48	1/1/2019 	33839	122.00	7.00	7.20	25.37	100770.14	49784	0	BartonZwiebach	
47	0:05:48	1/1/2019 	33923	630.00	9.00	14.37	25.38	100770.24	1849	0	BartonZwiebach	
48	0:05:49	1/1/2019 	34563	800.00	38.00	21.27	25.38	100770.08	49788	0	BartonZwiebach	
49	0:05:50	1/1/2019 	35169	561.00	8.00	13.39	25.39	100770.24	1850	0	BartonZwiebach	
50	0:05:51	1/1/2019 	36033	450.00	12.00	12.77	25.40	100770.18	51783	0	BartonZwiebach	
51	0:05:51	1/1/2019 	36484	466.00	9.00	12.67	25.40	100770.18	1851	0	BartonZwiebach	
52	0:05:52	1/1/2019 	37574	143.00	5.00	7.80	25.42	100770.45	97727	0	BartonZwiebach	
53	0:05:53	1/1/2019 	38864	795.00	42.00	21.69	25.44	100770.91	49788	0	BartonZwiebach	
54	0:05:55	1/1/2019 	40695	122.00	8.00	7.21	25.46	100770.95	97732	0	BartonZwiebach	
55	0:05:56	1/1/2019 	41148	803.00	46.00	22.11	25.46	100770.95	2608	0	BartonZwiebach	
56	0:05:56	1/1/2019 	41768	347.00	8.00	11.63	25.47	100770.45	51928	0	BartonZwiebach	
57	0:05:57	1/1/2019 	42932	977.00	554.00	95.21	25.48	100771.05	49787	0	BartonZwiebach	
58	0:05:59	1/1/2019 	44977	325.00	8.00	11.38	25.51	100771.02	97749	0	BartonZwiebach	
59	0:06:02	1/1/2019 	47360	198.00	8.00	9.25	25.53	100770.53	97726	0	BartonZwiebach	
60	0:06:03	1/1/2019 	48498	624.00	9.00	14.31	25.54	100770.66	49786	0	BartonZwiebach	
61	0:06:03	1/1/2019 	48867	988.00	733.00	131.58	25.54	100770.66	49790	0	BartonZwiebach	
62	0:06:03	1/1/2019 	48955	163.00	7.00	8.37	25.55	100770.27	3821	0	BartonZwiebach	
63	0:06:04	1/1/2019 	49247	792.00	34.00	20.78	25.55	100770.27	1850	0	BartonZwiebach	
64	0:06:04	1/1/2019 	49416	166.00	8.00	8.46	25.55	100770.27	1851	0	BartonZwiebach	
65	0:06:05	1/1/2019 	50311	265.00	8.00	10.54	25.56	100771.16	49785	0	BartonZwiebach	
66	0:06:05	1/1/2019 	50969	842.00	67.00	24.45	25.56	100771.92	50547	0	BartonZwiebach	
67	0:06:06	1/1/2019 	51778	183.00	8.00	8.90	25.57	100773.05	49790	0	BartonZwiebach	
68	0:06:08	1/1/2019 	53558	214.00	8.00	9.60	25.58	100778.50	99834	0	BartonZwiebach	
69	0:06:08	1/1/2019 	53931	362.00	7.00	11.73	25.59	100779.36	1848	0	BartonZwiebach	
70	0:06:09	1/1/2019 	54078	974.00	361.00	67.86	25.59	100779.36	1849	0	BartonZwiebach	
71	0:06:09	1/1/2019 	54336	695.00	12.00	15.65	25.59	100780.48	1851	0	BartonZwiebach	
72	0:06:11	1/1/2019 	56945	865.00	78.00	26.05	25.61	100780.06	145662	0	BartonZwiebach	
73	0:06:12	1/1/2019 	57044	121.00	6.00	7.17	25.61	100780.06	1851	0	BartonZwiebach	
74	0:06:13	1/1/2019 	58275	896.00	100.00	29.98	25.62	100778.56	51760	0	BartonZwiebach	
75	0:06:15	1/1/2019 	60042	435.00	8.00	12.38	25.63	100776.52	97733	0	BartonZwiebach	
76	0:06:15	1/1/2019 	60629	445.00	8.00	12.45	25.64	100776.09	50545	0	BartonZwiebach	
77	0:06:16	1/1/2019 	61412	892.00	94.00	28.84	25.64	100775.43	1847	0	BartonZwiebach	
78	0:06:16	1/1/2019 	61637	146.00	7.00	7.90	25.64	100775.43	49789	0	BartonZwiebach	
79	0:06:17	1/1/2019 	62211	456.00	8.00	12.52	25.65	100775.86	1848	0	BartonZwiebach	
80	0:06:18	1/1/2019 	63112	908.00	112.00	32.34	25.65	100778.28	51904	0	BartonZwiebach	
81	0:06:18	1/1/2019 	63815	121.00	8.00	7.18	25.66	100778.08	49793	0	BartonZwiebach	
82	0:06:19	1/1/2019 	64070	791.00	41.00	21.58	25.66	100779.73	1846	0	BartonZwiebach	
83	0:06:19	1/1/2019 	64831	980.00	585.00	101.51	25.66	100781.12	49795	0	BartonZwiebach	
84	0:06:23	1/1/2019 	68837	61.00	7.00	5.89	25.69	100793.23	193653	0	BartonZwiebach	
85	0:06:24	1/1/2019 	69065	714.00	13.00	16.01	25.69	100793.23	3824	0	BartonZwiebach	
86	0:06:25	1/1/2019 	70638	563.00	9.00	13.56	25.70	100794.92	97729	0	BartonZwiebach	
87	0:06:25	1/1/2019 	70647	311.00	7.00	11.17	25.70	100794.92	2610	0	BartonZwiebach	
88	0:06:26	1/1/2019 	71631	522.00	8.00	13.01	25.70	100792.04	49785	0	BartonZwiebach	
89	0:06:27	1/1/2019 	72257	168.00	8.00	8.51	25.70	100790.78	1849	0	BartonZwiebach	
90	0:06:27	1/1/2019 	72468	72.00	7.00	6.00	25.71	100792.34	1848	0	BartonZwiebach	
91	0:06:29	1/1/2019 	74239	67.00	7.00	5.94	25.72	100792.87	99839	0	BartonZwiebach	
92	0:06:30	1/1/2019 	75092	662.00	9.00	14.57	25.72	100789.98	49786	0	BartonZwiebach	
93	0:06:30	1/1/2019 	75184	738.00	17.00	17.31	25.72	100789.98	1851	0	BartonZwiebach	
94	0:06:30	1/1/2019 	75349	518.00	8.00	12.97	25.72	100789.98	1850	0	BartonZwiebach	
95	0:06:30	1/1/2019 	75901	255.00	8.00	10.38	25.72	100788.54	49784	0	BartonZwiebach	
96	0:06:31	1/1/2019 	76981	717.00	15.00	16.67	25.73	100785.49	49785	0	BartonZwiebach	
97	0:06:33	1/1/2019 	78133	928.00	139.00	37.45	25.74	100782.02	51763	0	BartonZwiebach	
98	0:06:33	1/1/2019 	78401	178.00	8.00	8.77	25.74	100782.02	1851	0	BartonZwiebach	
99	0:06:33	1/1/2019 	78465	76.00	7.00	6.06	25.74	100782.02	1847	0	BartonZwiebach	
100	0:06:33	1/1/2019 	78727	665.00	9.00	14.58	25.74	100781.45	49786	0	BartonZwiebach	
101	0:06:33	1/1/2019 	78828	641.00	3.00	12.54	25.74	100781.45	1849	0	BartonZwiebach	
102	0:06:35	1/1/2019 	80017	189.00	8.00	9.04	25.75	100780.10	49789	0	BartonZwiebach	
103	0:06:35	1/1/2019 	80826	124.00	7.00	7.26	25.75	100778.88	52673	0	BartonZwiebach	
104	0:06:36	1/1/2019 	81291	920.00	128.00	35.45	25.75	100779.41	1855	0	BartonZwiebach	
105	0:06:36	1/1/2019 	81454	971.00	311.00	58.90	25.75	100779.41	1851	0	BartonZwiebach	
106	0:06:37	1/1/2019 	82824	641.00	9.00	14.46	25.76	100779.24	97740	0	BartonZwiebach	
107	0:06:37	1/1/2019 	82863	74.00	7.00	6.03	25.76	100779.24	1850	0	BartonZwiebach	
108	0:06:38	1/1/2019 	83143	362.00	8.00	11.78	25.76	100779.24	1850	0	BartonZwiebach	
109	0:06:38	1/1/2019 	83262	798.00	40.00	21.49	25.76	100778.94	3823	0	BartonZwiebach	
110	0:06:38	1/1/2019 	83711	912.00	112.00	32.35	25.76	100778.94	49792	0	BartonZwiebach	
111	0:06:39	1/1/2019 	84872	920.00	129.00	35.63	25.77	100778.45	49790	0	BartonZwiebach	
112	0:06:41	1/1/2019 	86822	741.00	19.00	17.87	25.78	100791.78	97736	0	BartonZwiebach	
113	0:06:41	1/1/2019 	86922	883.00	86.00	27.40	25.78	100792.50	1851	0	BartonZwiebach	
114	0:06:43	1/1/2019 	88048	117.00	8.00	7.06	25.78	100795.75	49790	0	BartonZwiebach	
115	0:06:43	1/1/2019 	88750	616.00	9.00	14.22	25.78	100797.73	51761	0	BartonZwiebach	
116	0:06:44	1/1/2019 	89124	967.00	238.00	49.00	25.79	100801.77	1849	0	BartonZwiebach	
117	0:06:44	1/1/2019 	89371	157.00	7.00	8.21	25.79	100801.77	1851	0	BartonZwiebach	
118	0:06:44	1/1/2019 	89635	478.00	9.00	12.76	25.79	100805.77	49786	0	BartonZwiebach	
119	0:06:45	1/1/2019 	90790	546.00	8.00	13.23	25.79	100812.16	50548	0	BartonZwiebach	
120	0:06:46	1/1/2019 	91301	87.00	7.00	6.28	25.79	100814.97	1849	0	BartonZwiebach	
121	0:06:46	1/1/2019 	91360	199.00	8.00	9.28	25.79	100814.97	3966	0	BartonZwiebach	
122	0:06:46	1/1/2019 	91883	891.00	95.00	29.02	25.79	100815.34	49785	0	BartonZwiebach	
123	0:06:47	1/1/2019 	92586	157.00	8.00	8.21	25.80	100814.14	49791	0	BartonZwiebach	
124	0:06:47	1/1/2019 	92599	175.00	8.00	8.69	25.80	100814.14	1848	0	BartonZwiebach	
125	0:06:47	1/1/2019 	92627	856.00	77.00	25.87	25.80	100814.14	1847	0	BartonZwiebach	
126	0:06:48	1/1/2019 	93227	784.00	32.00	20.49	25.80	100812.98	1850	0	BartonZwiebach	
127	0:06:48	1/1/2019 	93278	800.00	43.00	21.80	25.80	100812.98	3823	0	BartonZwiebach	
128	0:06:48	1/1/2019 	93324	936.00	144.00	38.31	25.80	100812.98	1851	0	BartonZwiebach	
129	0:06:48	1/1/2019 	93912	184.00	8.00	8.92	25.80	100811.70	49793	0	BartonZwiebach	
130	0:06:49	1/1/2019 	94288	60.00	7.00	5.89	25.80	100809.95	1848	0	BartonZwiebach	
131	0:06:49	1/1/2019 	94443	125.00	8.00	7.29	25.80	100809.95	1850	0	BartonZwiebach	
132	0:06:49	1/1/2019 	94706	768.00	27.00	19.67	25.80	100807.12	49786	0	BartonZwiebach	
133	0:06:50	1/1/2019 	95183	507.00	8.00	12.88	25.81	100804.38	3830	0	BartonZwiebach	
134	0:06:50	1/1/2019 	95272	100.00	8.00	6.59	25.81	100804.38	1849	0	BartonZwiebach	
135	0:06:51	1/1/2019 	96206	163.00	8.00	8.38	25.81	100798.62	49787	0	BartonZwiebach	
136	0:06:51	1/1/2019 	96287	105.00	7.00	6.72	25.81	100798.62	1856	0	BartonZwiebach	
137	0:06:51	1/1/2019 	96670	644.00	9.00	14.48	25.81	100798.62	49795	0	BartonZwiebach	
138	0:06:52	1/1/2019 	97355	412.00	8.00	12.21	25.81	100794.12	1857	0	BartonZwiebach	
139	0:06:52	1/1/2019 	97439	96.00	8.00	6.49	25.81	100794.12	3830	0	BartonZwiebach	
140	0:06:52	1/1/2019 	97452	857.00	78.00	26.02	25.81	100794.12	1853	0	BartonZwiebach	
141	0:06:53	1/1/2019 	98472	148.00	7.00	7.96	25.82	100788.67	49796	0	BartonZwiebach	
142	0:06:53	1/1/2019 	98812	154.00	8.00	8.13	25.82	100785.59	49789	0	BartonZwiebach	
143	0:06:54	1/1/2019 	99221	702.00	12.00	15.66	25.82	100785.59	1848	0	BartonZwiebach	
144	0:06:55	1/1/2019 	100247	341.00	8.00	11.56	25.82	100778.19	49790	0	BartonZwiebach	
145	0:06:56	1/1/2019 	101345	467.00	8.00	12.60	25.82	100770.80	52672	0	BartonZwiebach	
146	0:06:57	1/1/2019 	102695	264.00	7.00	10.50	25.83	100751.72	97729	0	BartonZwiebach	
147	0:06:57	1/1/2019 	102964	110.00	8.00	6.86	25.83	100745.66	1851	0	BartonZwiebach	
148	0:06:58	1/1/2019 	103122	798.00	47.00	22.19	25.83	100745.66	1848	0	BartonZwiebach	
149	0:06:58	1/1/2019 	103606	900.00	104.00	30.76	25.83	100739.87	49793	0	BartonZwiebach	
150	0:06:58	1/1/2019 	103990	925.00	124.00	34.69	25.83	100740.59	1851	0	BartonZwiebach	
151	0:07:00	1/1/2019 	105336	73.00	7.00	6.02	25.84	100746.75	51766	0	BartonZwiebach	
152	0:07:00	1/1/2019 	105589	177.00	8.00	8.75	25.84	100747.58	49790	0	BartonZwiebach	
153	0:07:02	1/1/2019 	107255	154.00	7.00	8.12	25.84	100750.02	49786	0	BartonZwiebach	
154	0:07:03	1/1/2019 	108963	294.00	7.00	10.94	25.85	100757.70	97727	0	BartonZwiebach	
155	0:07:04	1/1/2019 	109638	102.00	7.00	6.64	25.85	100759.69	49792	0	BartonZwiebach	
156	0:07:05	1/1/2019 	110088	188.00	7.00	9.01	25.85	100763.86	2609	0	BartonZwiebach	
157	0:07:05	1/1/2019 	110478	894.00	96.00	29.22	25.85	100767.73	3966	0	BartonZwiebach	
158	0:07:05	1/1/2019 	110701	402.00	8.00	12.14	25.85	100767.73	49791	0	BartonZwiebach	
159	0:07:05	1/1/2019 	110885	246.00	8.00	10.22	25.85	100771.53	1848	0	BartonZwiebach	
160	0:07:06	1/1/2019 	111318	83.00	7.00	6.19	25.85	100773.25	1848	0	BartonZwiebach	
161	0:07:07	1/1/2019 	112270	436.00	8.00	12.39	25.85	100774.91	49789	0	BartonZwiebach	
162	0:07:07	1/1/2019 	112431	543.00	8.00	13.20	25.86	100777.09	3824	0	BartonZwiebach	
163	0:07:07	1/1/2019 	112605	89.00	7.00	6.32	25.86	100777.09	49787	0	BartonZwiebach	
164	0:07:08	1/1/2019 	113720	540.00	8.00	13.17	25.86	100778.98	49787	0	BartonZwiebach	
165	0:07:08	1/1/2019 	113939	98.00	7.00	6.54	25.86	100780.30	1849	0	BartonZwiebach	
166	0:07:10	1/1/2019 	115059	103.00	7.00	6.67	25.86	100781.56	49786	0	BartonZwiebach	
167	0:07:10	1/1/2019 	115404	157.00	8.00	8.21	25.86	100781.56	1850	0	BartonZwiebach	
168	0:07:10	1/1/2019 	115598	277.00	8.00	10.73	25.86	100780.73	51760	0	BartonZwiebach	
169	0:07:10	1/1/2019 	115690	893.00	93.00	28.66	25.86	100780.73	1848	0	BartonZwiebach	
170	0:07:11	1/1/2019 	116073	148.00	7.00	7.96	25.87	100780.46	1850	0	BartonZwiebach	
171	0:07:11	1/1/2019 	116258	181.00	8.00	8.85	25.87	100780.46	1851	0	BartonZwiebach	
172	0:07:11	1/1/2019 	116463	641.00	9.00	14.46	25.87	100779.64	1847	0	BartonZwiebach	
173	0:07:11	1/1/2019 	116905	89.00	7.00	6.32	25.87	100779.64	49788	0	BartonZwiebach	
174	0:07:11	1/1/2019 	116979	74.00	7.00	6.03	25.87	100779.38	3826	0	BartonZwiebach	
175	0:07:12	1/1/2019 	117683	890.00	94.00	28.84	25.87	100778.71	49792	0	BartonZwiebach	
176	0:07:13	1/1/2019 	118308	605.00	8.00	13.89	25.87	100778.25	1851	0	BartonZwiebach	
177	0:07:13	1/1/2019 	118659	522.00	8.00	13.01	25.87	100778.31	49788	0	BartonZwiebach	
178	0:07:13	1/1/2019 	118844	138.00	7.00	7.67	25.87	100778.31	1848	0	BartonZwiebach	
179	0:07:16	1/1/2019 	121101	571.00	8.00	13.50	25.88	100776.42	97727	0	BartonZwiebach	
180	0:07:16	1/1/2019 	121588	472.00	8.00	12.63	25.88	100776.30	52683	0	BartonZwiebach	
181	0:07:17	1/1/2019 	122257	809.00	47.00	22.22	25.88	100775.17	1847	0	BartonZwiebach	
182	0:07:19	1/1/2019 	124624	736.00	17.00	17.31	25.89	100774.34	145674	0	BartonZwiebach	
183	0:07:20	1/1/2019 	125201	63.00	7.00	5.91	25.89	100773.75	1851	0	BartonZwiebach	
184	0:07:20	1/1/2019 	125472	103.00	7.00	6.67	25.90	100773.31	1851	0	BartonZwiebach	
185	0:07:20	1/1/2019 	125943	218.00	8.00	9.69	25.90	100772.36	49787	0	BartonZwiebach	
186	0:07:21	1/1/2019 	126715	770.00	26.00	19.50	25.90	100771.09	51816	0	BartonZwiebach	
187	0:07:23	1/1/2019 	128760	77.00	7.00	6.08	25.91	100769.44	97732	0	BartonZwiebach	
188	0:07:28	1/1/2019 	133113	90.00	8.00	6.35	25.93	100769.28	193603	0	BartonZwiebach	
189	0:07:28	1/1/2019 	133342	79.00	7.00	6.12	25.93	100769.28	2804	0	BartonZwiebach	
190	0:07:29	1/1/2019 	134022	135.00	7.00	7.58	25.93	100769.02	49788	0	BartonZwiebach	
191	0:07:29	1/1/2019 	134698	921.00	126.00	35.07	25.93	100769.11	49790	0	BartonZwiebach	
192	0:07:30	1/1/2019 	135192	184.00	7.00	8.91	25.93	100768.68	3966	0	BartonZwiebach	
193	0:07:30	1/1/2019 	135591	68.00	7.00	5.95	25.93	100768.68	49789	0	BartonZwiebach	
194	0:07:31	1/1/2019 	136851	86.00	7.00	6.26	25.94	100769.91	49789	0	BartonZwiebach	
195	0:07:32	1/1/2019 	137755	865.00	77.00	25.90	25.94	100775.47	49788	0	BartonZwiebach	
196	0:07:34	1/1/2019 	139595	110.00	7.00	6.86	25.95	100781.09	97735	0	BartonZwiebach	
197	0:07:35	1/1/2019 	140291	101.00	7.00	6.62	25.95	100782.81	2806	0	BartonZwiebach	
198	0:07:36	1/1/2019 	141022	122.00	7.00	7.20	25.96	100786.88	51908	0	BartonZwiebach	
199	0:07:36	1/1/2019 	141745	802.00	35.00	20.92	25.96	100785.98	49794	0	BartonZwiebach	
200	0:07:36	1/1/2019 	141764	617.00	9.00	14.23	25.96	100785.98	1850	0	BartonZwiebach	
201	0:07:38	1/1/2019 	143652	793.00	40.00	21.48	25.97	100785.36	97733	0	BartonZwiebach	
202	0:07:38	1/1/2019 	143701	151.00	8.00	8.05	25.97	100785.36	1852	0	BartonZwiebach	
203	0:07:40	1/1/2019 	145323	162.00	8.00	8.35	25.98	100790.98	49787	0	BartonZwiebach	
204	0:07:40	1/1/2019 	145496	522.00	9.00	13.12	25.98	100790.98	3823	0	BartonZwiebach	
205	0:07:41	1/1/2019 	146035	453.00	8.00	12.50	25.99	100792.73	49791	0	BartonZwiebach	
206	0:07:41	1/1/2019 	146355	112.00	8.00	6.92	25.99	100796.11	1849	0	BartonZwiebach	
207	0:07:43	1/1/2019 	148181	160.00	8.00	8.30	26.00	100793.16	97728	0	BartonZwiebach	
208	0:07:43	1/1/2019 	148208	141.00	7.00	7.76	26.00	100793.16	1848	0	BartonZwiebach	
209	0:07:43	1/1/2019 	148647	307.00	8.00	11.15	26.00	100792.41	49789	0	BartonZwiebach	
210	0:07:43	1/1/2019 	148889	72.00	7.00	6.00	26.00	100792.41	3822	0	BartonZwiebach	
211	0:07:44	1/1/2019 	149282	136.00	8.00	7.62	26.00	100791.78	1849	0	BartonZwiebach	
212	0:07:45	1/1/2019 	150436	958.00	188.00	44.23	26.01	100789.06	49788	0	BartonZwiebach	
213	0:07:46	1/1/2019 	151123	81.00	8.00	6.15	26.01	100785.66	50754	0	BartonZwiebach	
214	0:07:46	1/1/2019 	151162	917.00	126.00	35.06	26.01	100785.66	1848	0	BartonZwiebach	
215	0:07:47	1/1/2019 	152044	560.00	8.00	13.38	26.02	100774.50	51911	0	BartonZwiebach	
216	0:07:48	1/1/2019 	153016	825.00	58.00	23.36	26.02	100755.57	49791	0	BartonZwiebach	
217	0:07:49	1/1/2019 	154179	724.00	15.00	16.68	26.03	100713.14	49794	0	BartonZwiebach	
218	0:07:49	1/1/2019 	154422	962.00	165.00	41.49	26.03	100676.73	1852	0	BartonZwiebach	
219	0:07:49	1/1/2019 	154424	956.00	153.00	39.76	26.03	100676.73	1851	0	BartonZwiebach	
220	0:07:49	1/1/2019 	154625	727.00	16.00	17.00	26.03	100676.73	49793	0	BartonZwiebach	
221	0:07:49	1/1/2019 	154717	143.00	7.00	7.81	26.03	100676.73	3822	0	BartonZwiebach	
222	0:07:50	1/1/2019 	155039	400.00	8.00	12.12	26.03	100626.00	1851	0	BartonZwiebach	
223	0:07:50	1/1/2019 	155796	119.00	8.00	7.12	26.03	100560.54	49791	0	BartonZwiebach	
224	0:07:50	1/1/2019 	155821	970.00	284.00	54.59	26.03	100560.54	1848	0	BartonZwiebach	
225	0:07:53	1/1/2019 	158616	94.00	7.00	6.44	26.04	98979.62	145695	0	BartonZwiebach	
226	0:07:53	1/1/2019 	158804	531.00	8.00	13.09	26.04	98979.62	1857	0	BartonZwiebach	
227	0:07:53	1/1/2019 	158820	802.00	39.00	21.39	26.04	98979.62	3829	0	BartonZwiebach	
228	0:07:54	1/1/2019 	159057	971.00	301.00	57.22	26.05	98207.44	1855	0	BartonZwiebach	
229	0:07:54	1/1/2019 	159268	381.00	8.00	11.96	26.05	98207.44	1851	0	BartonZwiebach	
230	0:07:55	1/1/2019 	160613	68.00	8.00	5.95	26.05	96242.96	97734	0	BartonZwiebach	
231	0:07:58	1/1/2019 	163126	176.00	8.00	8.72	26.06	94408.45	98686	0	BartonZwiebach	
232	0:07:59	1/1/2019 	164683	388.00	8.00	12.02	26.07	93388.38	97730	0	BartonZwiebach	
233	0:08:01	1/1/2019 	166629	548.00	8.00	13.25	26.08	92327.09	99855	0	BartonZwiebach	
234	0:08:01	1/1/2019 	166866	637.00	9.00	14.43	26.08	92116.38	1849	0	BartonZwiebach	
235	0:08:02	1/1/2019 	167598	872.00	85.00	27.19	26.08	91927.16	49792	0	BartonZwiebach	
236	0:08:03	1/1/2019 	168723	72.00	7.00	6.00	26.09	91596.43	49796	0	BartonZwiebach	
237	0:08:03	1/1/2019 	168797	966.00	190.00	44.43	26.09	91596.43	1850	0	BartonZwiebach	
238	0:08:04	1/1/2019 	169983	541.00	8.00	13.18	26.10	91199.88	49797	0	BartonZwiebach	
239	0:08:05	1/1/2019 	170179	834.00	67.00	24.43	26.10	91199.88	4922	0	BartonZwiebach	
240	0:08:06	1/1/2019 	171189	392.00	8.00	12.06	26.10	90981.38	49798	0	BartonZwiebach	
241	0:08:06	1/1/2019 	171554	262.00	7.00	10.47	26.11	90886.20	49796	0	BartonZwiebach	
242	0:08:06	1/1/2019 	171617	211.00	7.00	9.53	26.11	90886.20	1849	0	BartonZwiebach	
243	0:08:06	1/1/2019 	171776	970.00	316.00	59.76	26.11	90886.20	1850	0	BartonZwiebach	
244	0:08:07	1/1/2019 	172230	898.00	106.00	31.14	26.11	90798.31	1851	0	BartonZwiebach	
245	0:08:07	1/1/2019 	172290	706.00	13.00	16.00	26.11	90798.31	3826	0	BartonZwiebach	
246	0:08:07	1/1/2019 	172569	94.00	7.00	6.44	26.11	90717.20	49792	0	BartonZwiebach	
247	0:08:08	1/1/2019 	173174	115.00	8.00	7.01	26.12	90645.14	1848	0	BartonZwiebach	
248	0:08:08	1/1/2019 	173635	737.00	17.00	17.31	26.12	90584.30	49790	0	BartonZwiebach	
249	0:08:09	1/1/2019 	174383	99.00	7.00	6.57	26.12	90537.95	1850	0	BartonZwiebach	
250	0:08:11	1/1/2019 	176964	934.00	145.00	38.48	26.14	90436.42	145677	0	BartonZwiebach	
251	0:08:12	1/1/2019 	177085	100.00	7.00	6.59	26.14	90436.42	3828	0	BartonZwiebach	
252	0:08:12	1/1/2019 	177877	430.00	8.00	12.35	26.14	90419.12	49791	0	BartonZwiebach	
253	0:08:13	1/1/2019 	178117	166.00	8.00	8.46	26.14	90419.12	1846	0	BartonZwiebach	
254	0:08:14	1/1/2019 	179234	283.00	7.00	10.79	26.15	90404.31	49791	0	BartonZwiebach	
255	0:08:14	1/1/2019 	179266	602.00	8.00	13.85	26.15	90404.31	1850	0	BartonZwiebach	
256	0:08:15	1/1/2019 	180341	834.00	67.00	24.43	26.16	90395.14	49791	0	BartonZwiebach	
257	0:08:15	1/1/2019 	180388	750.00	19.00	17.89	26.16	90395.14	4937	0	BartonZwiebach	
258	0:08:15	1/1/2019 	180900	984.00	710.00	128.05	26.16	90401.04	49793	0	BartonZwiebach	
259	0:08:16	1/1/2019 	181155	179.00	8.00	8.80	26.16	90401.04	1851	0	BartonZwiebach	
260	0:08:16	1/1/2019 	181275	401.00	8.00	12.13	26.16	90401.04	1847	0	BartonZwiebach	
261	0:08:16	1/1/2019 	181347	90.00	8.00	6.35	26.16	90401.04	1847	0	BartonZwiebach	
262	0:08:16	1/1/2019 	181891	916.00	119.00	33.72	26.17	90393.34	49787	0	BartonZwiebach	
263	0:08:17	1/1/2019 	182341	309.00	8.00	11.18	26.17	90393.34	3829	0	BartonZwiebach	
264	0:08:18	1/1/2019 	183229	142.00	6.00	7.78	26.17	90359.39	49791	0	BartonZwiebach	
265	0:08:18	1/1/2019 	183275	66.00	8.00	5.93	26.17	90359.39	1849	0	BartonZwiebach	
266	0:08:18	1/1/2019 	183380	102.00	7.00	6.64	26.17	90359.39	1847	0	BartonZwiebach	
267	0:08:18	1/1/2019 	183619	212.00	8.00	9.56	26.18	90362.86	49790	0	BartonZwiebach	
268	0:08:20	1/1/2019 	185154	110.00	8.00	6.86	26.19	90398.05	51766	0	BartonZwiebach	
269	0:08:20	1/1/2019 	185400	989.00	793.00	141.58	26.19	90398.05	1850	0	BartonZwiebach	
270	0:08:20	1/1/2019 	185991	969.00	238.00	49.00	26.19	90404.47	49811	0	BartonZwiebach	
271	0:08:21	1/1/2019 	186698	312.00	8.00	11.22	26.19	90409.27	49797	0	BartonZwiebach	
272	0:08:21	1/1/2019 	186963	914.00	112.00	32.35	26.19	90409.27	1850	0	BartonZwiebach	
273	0:08:22	1/1/2019 	187023	825.00	62.00	23.81	26.19	90409.27	1851	0	BartonZwiebach	
274	0:08:22	1/1/2019 	187052	62.00	7.00	5.90	26.19	90409.27	3880	0	BartonZwiebach	
275	0:08:24	1/1/2019 	189841	608.00	8.00	13.92	26.21	90457.36	145672	0	BartonZwiebach	
276	0:08:24	1/1/2019 	189913	553.00	8.00	13.31	26.21	90457.36	2806	0	BartonZwiebach	
277	0:08:24	1/1/2019 	189991	90.00	8.00	6.35	26.21	90457.36	1847	0	BartonZwiebach	
278	0:08:25	1/1/2019 	190015	307.00	7.00	11.12	26.21	90457.36	1846	0	BartonZwiebach	
279	0:08:26	1/1/2019 	191269	756.00	23.00	18.86	26.22	90488.89	49793	0	BartonZwiebach	
280	0:08:26	1/1/2019 	191598	582.00	8.00	13.63	26.22	90488.89	51911	0	BartonZwiebach	
281	0:08:27	1/1/2019 	192679	541.00	8.00	13.18	26.23	90509.86	49790	0	BartonZwiebach	
282	0:08:28	1/1/2019 	193469	405.00	8.00	12.16	26.23	90541.08	1849	0	BartonZwiebach	
283	0:08:28	1/1/2019 	193581	826.00	52.00	22.75	26.23	90541.08	49791	0	BartonZwiebach	
284	0:08:30	1/1/2019 	195362	201.00	7.00	9.31	26.24	90575.26	49793	0	BartonZwiebach	
285	0:08:31	1/1/2019 	196247	215.00	8.00	9.63	26.25	90569.83	49790	0	BartonZwiebach	
286	0:08:32	1/1/2019 	197778	877.00	82.00	26.72	26.26	90585.84	99704	0	BartonZwiebach	
287	0:08:33	1/1/2019 	198580	411.00	8.00	12.21	26.26	90608.98	49795	0	BartonZwiebach	
288	0:08:33	1/1/2019 	198911	621.00	8.00	14.04	26.26	90608.98	1849	0	BartonZwiebach	
289	0:08:34	1/1/2019 	199498	630.00	9.00	14.37	26.27	90615.44	1847	0	BartonZwiebach	
290	0:08:34	1/1/2019 	199745	552.00	8.00	13.30	26.27	90622.88	49795	0	BartonZwiebach	
291	0:08:34	1/1/2019 	199835	126.00	7.00	7.32	26.27	90622.88	2811	0	BartonZwiebach	
292	0:08:35	1/1/2019 	200283	165.00	2.00	8.38	26.27	90615.31	3971	0	BartonZwiebach	
293	0:08:35	1/1/2019 	200802	645.00	9.00	14.49	26.28	90621.08	49792	0	BartonZwiebach	
294	0:08:36	1/1/2019 	201147	89.00	8.00	6.32	26.28	90628.86	1849	0	BartonZwiebach	
295	0:08:36	1/1/2019 	201198	894.00	93.00	28.67	26.28	90628.86	1849	0	BartonZwiebach	
296	0:08:37	1/1/2019 	202682	959.00	172.00	42.40	26.29	90659.22	97739	0	BartonZwiebach	
297	0:08:38	1/1/2019 	203645	834.00	60.00	23.60	26.29	90637.63	49798	0	BartonZwiebach	
298	0:08:38	1/1/2019 	203733	664.00	10.00	14.89	26.29	90619.84	3827	0	BartonZwiebach	
299	0:08:38	1/1/2019 	203872	168.00	7.00	8.50	26.29	90619.84	1850	0	BartonZwiebach	
300	0:08:39	1/1/2019 	204611	956.00	166.00	41.62	26.30	90599.41	49792	0	BartonZwiebach	
301	0:08:40	1/1/2019 	205953	367.00	8.00	11.83	26.31	90545.16	49800	0	BartonZwiebach	
302	0:08:40	1/1/2019 	205985	556.00	8.00	13.34	26.31	90545.16	1849	0	BartonZwiebach	
303	0:08:41	1/1/2019 	206012	115.00	7.00	7.00	26.31	90545.16	1847	0	BartonZwiebach	
304	0:08:41	1/1/2019 	206228	929.00	132.00	36.20	26.31	90545.16	3880	0	BartonZwiebach	
305	0:08:42	1/1/2019 	207416	97.00	7.00	6.51	26.31	90506.23	49795	0	BartonZwiebach	
306	0:08:42	1/1/2019 	207769	974.00	427.00	78.12	26.31	90506.23	49792	0	BartonZwiebach	
307	0:08:42	1/1/2019 	207841	74.00	7.00	6.03	26.32	90517.31	1850	0	BartonZwiebach	
308	0:08:42	1/1/2019 	207956	596.00	8.00	13.79	26.32	90517.31	1849	0	BartonZwiebach	
309	0:08:43	1/1/2019 	208415	560.00	8.00	13.38	26.32	90516.18	1847	0	BartonZwiebach	
310	0:08:43	1/1/2019 	208686	167.00	8.00	8.48	26.32	90516.18	51766	0	BartonZwiebach	
311	0:08:47	1/1/2019 	212014	139.00	7.00	7.70	26.34	90504.58	145673	0	BartonZwiebach	
312	0:08:47	1/1/2019 	212326	612.00	9.00	14.17	26.34	90504.58	2807	0	BartonZwiebach	
313	0:08:47	1/1/2019 	212441	550.00	8.00	13.28	26.34	90504.58	1849	0	BartonZwiebach	
314	0:08:47	1/1/2019 	212602	94.00	8.00	6.44	26.34	90528.17	49790	0	BartonZwiebach	
315	0:08:48	1/1/2019 	213251	118.00	8.00	7.09	26.35	90550.59	1846	0	BartonZwiebach	
316	0:08:51	1/1/2019 	216005	102.00	8.00	6.65	26.36	90582.69	147789	0	BartonZwiebach	
317	0:08:51	1/1/2019 	216032	974.00	309.00	58.56	26.36	90582.69	1848	0	BartonZwiebach	
318	0:08:51	1/1/2019 	216373	983.00	670.00	120.65	26.37	90579.73	1851	0	BartonZwiebach	
319	0:08:52	1/1/2019 	217903	451.00	8.00	12.49	26.38	90575.64	97763	0	BartonZwiebach	
320	0:08:53	1/1/2019 	218333	968.00	268.00	52.39	26.38	90576.13	1850	0	BartonZwiebach	
321	0:08:53	1/1/2019 	218365	529.00	8.00	13.07	26.38	90576.13	1851	0	BartonZwiebach	
322	0:08:53	1/1/2019 	218893	702.00	12.00	15.66	26.38	90582.09	51766	0	BartonZwiebach	
323	0:08:53	1/1/2019 	218984	65.00	7.00	5.92	26.38	90582.09	1849	0	BartonZwiebach	
324	0:08:54	1/1/2019 	219127	158.00	8.00	8.24	26.38	90582.09	1849	0	BartonZwiebach	
325	0:08:54	1/1/2019 	219858	281.00	8.00	10.79	26.39	90609.52	49791	0	BartonZwiebach	
326	0:08:55	1/1/2019 	220432	82.00	7.00	6.17	26.39	90615.46	2804	0	BartonZwiebach	
327	0:08:56	1/1/2019 	221190	954.00	164.00	41.35	26.39	90619.11	49793	0	BartonZwiebach	
328	0:08:56	1/1/2019 	221313	425.00	7.00	12.24	26.39	90619.11	3969	0	BartonZwiebach	
329	0:08:56	1/1/2019 	221945	970.00	242.00	49.40	26.40	90620.95	49791	0	BartonZwiebach	
330	0:08:57	1/1/2019 	222391	427.00	8.00	12.32	26.40	90629.88	1852	0	BartonZwiebach	
331	0:08:57	1/1/2019 	222412	923.00	127.00	35.26	26.40	90629.88	1856	0	BartonZwiebach	
332	0:08:57	1/1/2019 	222461	206.00	8.00	9.43	26.40	90629.88	1857	0	BartonZwiebach	
333	0:08:57	1/1/2019 	222789	79.00	8.00	6.12	26.40	90629.88	49794	0	BartonZwiebach	
334	0:08:57	1/1/2019 	222953	71.00	8.00	5.99	26.41	90644.72	3882	0	BartonZwiebach	
335	0:08:58	1/1/2019 	223317	83.00	7.00	6.19	26.41	90644.72	1847	0	BartonZwiebach	
336	0:08:58	1/1/2019 	223386	84.00	7.00	6.21	26.41	90644.72	1850	0	BartonZwiebach	
337	0:08:59	1/1/2019 	224109	408.00	8.00	12.18	26.41	90691.62	49792	0	BartonZwiebach	
338	0:08:59	1/1/2019 	224345	109.00	7.00	6.83	26.41	90691.62	1856	0	BartonZwiebach	
339	0:08:59	1/1/2019 	224557	643.00	9.00	14.48	26.41	90722.80	49795	0	BartonZwiebach	
340	0:08:59	1/1/2019 	224650	317.00	8.00	11.28	26.41	90722.80	3825	0	BartonZwiebach	
341	0:09:03	1/1/2019 	228360	565.00	8.00	13.44	26.43	90961.70	145676	0	BartonZwiebach	
342	0:09:03	1/1/2019 	228435	847.00	64.00	24.09	26.43	90961.70	1849	0	BartonZwiebach	
343	0:09:03	1/1/2019 	228659	70.00	9.00	5.98	26.43	90998.83	49792	0	BartonZwiebach	
344	0:09:05	1/1/2019 	230553	139.00	7.00	7.70	26.44	91080.89	97734	0	BartonZwiebach	
345	0:09:05	1/1/2019 	230629	146.00	8.00	7.90	26.44	91080.89	4924	0	BartonZwiebach	
346	0:09:06	1/1/2019 	231555	137.00	7.00	7.64	26.44	91133.53	49787	0	BartonZwiebach	
347	0:09:06	1/1/2019 	231809	225.00	8.00	9.83	26.44	91155.65	1850	0	BartonZwiebach	
348	0:09:06	1/1/2019 	231818	860.00	74.00	25.44	26.44	91155.65	1848	0	BartonZwiebach	
349	0:09:07	1/1/2019 	232611	100.00	7.00	6.59	26.45	91175.97	49795	0	BartonZwiebach	
350	0:09:10	1/1/2019 	235959	150.00	8.00	8.02	26.46	91290.75	145675	0	BartonZwiebach	
351	0:09:11	1/1/2019 	236566	902.00	108.00	31.54	26.46	91302.83	51768	0	BartonZwiebach	
352	0:09:11	1/1/2019 	236850	583.00	8.00	13.64	26.46	91302.83	1850	0	BartonZwiebach	
353	0:09:12	1/1/2019 	237137	508.00	8.00	12.89	26.46	91315.53	1848	0	BartonZwiebach	
354	0:09:12	1/1/2019 	237278	247.00	8.00	10.24	26.46	91315.53	1849	0	BartonZwiebach	
355	0:09:12	1/1/2019 	237582	635.00	9.00	14.41	26.46	91327.78	49789	0	BartonZwiebach	
356	0:09:13	1/1/2019 	238214	220.00	7.00	9.71	26.47	91339.33	1849	0	BartonZwiebach	
357	0:09:13	1/1/2019 	238889	919.00	118.00	33.53	26.47	91349.23	51768	0	BartonZwiebach	
358	0:09:13	1/1/2019 	238954	217.00	7.00	9.65	26.47	91349.23	1850	0	BartonZwiebach	
359	0:09:15	1/1/2019 	240490	643.00	9.00	14.48	26.47	91378.11	49791	0	BartonZwiebach	
360	0:09:15	1/1/2019 	240614	117.00	7.00	7.06	26.47	91388.20	50749	0	BartonZwiebach	
361	0:09:15	1/1/2019 	240632	894.00	94.00	28.85	26.47	91388.20	1849	0	BartonZwiebach	
362	0:09:15	1/1/2019 	240836	975.00	397.00	73.88	26.47	91388.20	1849	0	BartonZwiebach	
363	0:09:16	1/1/2019 	241103	465.00	8.00	12.58	26.47	91397.45	4024	0	BartonZwiebach	
364	0:09:16	1/1/2019 	241732	262.00	8.00	10.49	26.48	91405.56	49791	0	BartonZwiebach	
365	0:09:17	1/1/2019 	242165	62.00	7.00	5.90	26.48	91413.16	1848	0	BartonZwiebach	
366	0:09:17	1/1/2019 	242944	416.00	8.00	12.24	26.48	91420.91	49790	0	BartonZwiebach	
367	0:09:18	1/1/2019 	243277	815.00	52.00	22.72	26.48	91427.19	1848	0	BartonZwiebach	
368	0:09:19	1/1/2019 	244389	179.00	7.00	8.79	26.48	91439.27	49795	0	BartonZwiebach	
369	0:09:20	1/1/2019 	245903	638.00	9.00	14.44	26.49	91456.45	99711	0	BartonZwiebach	
370	0:09:21	1/1/2019 	246452	165.00	8.00	8.43	26.49	91479.40	1850	0	BartonZwiebach	
371	0:09:21	1/1/2019 	246888	814.00	48.00	22.33	26.49	91491.61	49791	0	BartonZwiebach	
372	0:09:22	1/1/2019 	247653	572.00	8.00	13.51	26.49	91501.38	49793	0	BartonZwiebach	
373	0:09:23	1/1/2019 	248297	737.00	19.00	17.86	26.49	91509.64	1854	0	BartonZwiebach	
374	0:09:23	1/1/2019 	248377	918.00	123.00	34.49	26.49	91519.73	1851	0	BartonZwiebach	
375	0:09:23	1/1/2019 	248673	315.00	8.00	11.26	26.49	91519.73	51714	0	BartonZwiebach	
376	0:09:24	1/1/2019 	249590	121.00	7.00	7.18	26.49	91534.42	49792	0	BartonZwiebach	
377	0:09:24	1/1/2019 	249936	596.00	8.00	13.79	26.49	91541.84	2610	0	BartonZwiebach	
378	0:09:25	1/1/2019 	250997	956.00	161.00	40.94	26.49	91551.75	49789	0	BartonZwiebach	
379	0:09:26	1/1/2019 	251079	88.00	8.00	6.30	26.49	91551.75	1851	0	BartonZwiebach	
380	0:09:26	1/1/2019 	251294	772.00	27.00	19.68	26.49	91551.75	1847	0	BartonZwiebach	
381	0:09:26	1/1/2019 	251336	836.00	58.00	23.39	26.49	91551.75	5172	0	BartonZwiebach	
382	0:09:28	1/1/2019 	253036	318.00	8.00	11.29	26.50	91574.72	97735	0	BartonZwiebach	
383	0:09:28	1/1/2019 	253863	547.00	8.00	13.24	26.50	91580.97	49790	0	BartonZwiebach	
384	0:09:28	1/1/2019 	253962	577.00	8.00	13.57	26.50	91580.97	1847	0	BartonZwiebach	
385	0:09:28	1/1/2019 	253974	88.00	7.00	6.30	26.50	91580.97	1846	0	BartonZwiebach	
386	0:09:29	1/1/2019 	254093	745.00	20.00	18.14	26.50	91586.91	1849	0	BartonZwiebach	
387	0:09:29	1/1/2019 	254807	597.00	9.00	13.99	26.50	91593.02	51769	0	BartonZwiebach	
388	0:09:29	1/1/2019 	254817	180.00	8.00	8.82	26.50	91593.02	1849	0	BartonZwiebach	
389	0:09:30	1/1/2019 	255848	702.00	13.00	15.99	26.50	91607.91	49788	0	BartonZwiebach	
390	0:09:30	1/1/2019 	255905	102.00	7.00	6.64	26.50	91607.91	1851	0	BartonZwiebach	
391	0:09:30	1/1/2019 	255921	127.00	7.00	7.35	26.50	91607.91	1849	0	BartonZwiebach	
392	0:09:31	1/1/2019 	256005	104.00	7.00	6.70	26.50	91607.91	1848	0	BartonZwiebach	
393	0:09:31	1/1/2019 	256839	78.00	7.00	6.10	26.50	91622.77	51820	0	BartonZwiebach	
394	0:09:31	1/1/2019 	256994	138.00	8.00	7.67	26.50	91622.77	1848	0	BartonZwiebach	
395	0:09:32	1/1/2019 	257105	92.00	7.00	6.39	26.50	91622.77	1846	0	BartonZwiebach	
396	0:09:32	1/1/2019 	257496	396.00	8.00	12.09	26.50	91629.37	1850	0	BartonZwiebach	
397	0:09:33	1/1/2019 	258471	203.00	7.00	9.35	26.50	91638.31	49788	0	BartonZwiebach	
398	0:09:33	1/1/2019 	258744	117.00	7.00	7.06	26.50	91643.09	49789	0	BartonZwiebach	
399	0:09:35	1/1/2019 	260650	582.00	8.00	13.63	26.51	91657.78	99706	0	BartonZwiebach	
400	0:09:36	1/1/2019 	261143	118.00	7.00	7.09	26.51	91661.42	2609	0	BartonZwiebach	
401	0:09:36	1/1/2019 	261310	165.00	7.00	8.42	26.51	91666.86	1850	0	BartonZwiebach	
402	0:09:37	1/1/2019 	262156	122.00	7.00	7.20	26.51	91672.81	49788	0	BartonZwiebach	
403	0:09:37	1/1/2019 	262682	797.00	41.00	21.59	26.51	91679.09	49791	0	BartonZwiebach	
404	0:09:37	1/1/2019 	262688	68.00	7.00	5.95	26.51	91679.09	1850	0	BartonZwiebach	
405	0:09:38	1/1/2019 	263479	660.00	10.00	14.87	26.51	91692.81	3968	0	BartonZwiebach	
406	0:09:39	1/1/2019 	264943	744.00	19.00	17.88	26.51	91710.80	97738	0	BartonZwiebach	
407	0:09:40	1/1/2019 	265331	198.00	7.00	9.24	26.51	91710.80	1851	0	BartonZwiebach	
408	0:09:41	1/1/2019 	266406	928.00	137.00	37.10	26.51	91721.54	49791	0	BartonZwiebach	
409	0:09:41	1/1/2019 	266795	135.00	8.00	7.59	26.51	91727.02	49796	0	BartonZwiebach	
410	0:09:41	1/1/2019 	266806	714.00	14.00	16.34	26.51	91727.02	1848	0	BartonZwiebach	
411	0:09:42	1/1/2019 	267074	69.00	7.00	5.96	26.51	91731.47	3825	0	BartonZwiebach	
412	0:09:42	1/1/2019 	267087	774.00	28.00	19.86	26.51	91731.47	1851	0	BartonZwiebach	
413	0:09:43	1/1/2019 	268000	571.00	8.00	13.50	26.51	91735.93	49791	0	BartonZwiebach	
414	0:09:43	1/1/2019 	268161	100.00	8.00	6.59	26.51	91740.39	1850	0	BartonZwiebach	
415	0:09:43	1/1/2019 	268243	767.00	27.00	19.67	26.51	91740.39	1847	0	BartonZwiebach	
416	0:09:43	1/1/2019 	268262	63.00	8.00	5.91	26.51	91740.39	1850	0	BartonZwiebach	
417	0:09:44	1/1/2019 	269383	912.00	120.00	33.90	26.51	91748.14	51765	0	BartonZwiebach	
418	0:09:44	1/1/2019 	269804	631.00	9.00	14.38	26.51	91751.78	49796	0	BartonZwiebach	
419	0:09:44	1/1/2019 	269877	790.00	34.00	20.77	26.51	91751.78	2609	0	BartonZwiebach	
420	0:09:45	1/1/2019 	270268	172.00	8.00	8.62	26.51	91755.41	1850	0	BartonZwiebach	
421	0:09:45	1/1/2019 	270981	101.00	7.00	6.62	26.51	91759.05	49790	0	BartonZwiebach	
422	0:09:46	1/1/2019 	271250	78.00	7.00	6.10	26.51	91762.51	1849	0	BartonZwiebach	
423	0:09:47	1/1/2019 	272063	928.00	136.00	36.92	26.51	91765.64	51965	0	BartonZwiebach	
424	0:09:47	1/1/2019 	272146	961.00	167.00	41.76	26.51	91765.64	1852	0	BartonZwiebach	
425	0:09:47	1/1/2019 	272427	118.00	7.00	7.09	26.51	91768.62	1849	0	BartonZwiebach	
426	0:09:48	1/1/2019 	273130	958.00	184.00	43.80	26.51	91771.42	49792	0	BartonZwiebach	
427	0:09:48	1/1/2019 	273980	170.00	7.00	8.56	26.51	91764.82	49798	0	BartonZwiebach	
428	0:09:49	1/1/2019 	274224	80.00	7.00	6.13	26.51	91764.82	3824	0	BartonZwiebach	
429	0:09:49	1/1/2019 	274653	194.00	7.00	9.15	26.51	91767.95	49791	0	BartonZwiebach	
430	0:09:49	1/1/2019 	274936	129.00	7.00	7.41	26.51	91769.11	1848	0	BartonZwiebach	
431	0:09:50	1/1/2019 	275307	82.00	8.00	6.17	26.51	91769.11	1849	0	BartonZwiebach	
432	0:09:50	1/1/2019 	275816	826.00	49.00	22.45	26.51	91770.10	49789	0	BartonZwiebach	
433	0:09:51	1/1/2019 	276548	585.00	8.00	13.66	26.51	91771.42	49793	0	BartonZwiebach	
434	0:09:52	1/1/2019 	277332	163.00	7.00	8.37	26.51	91772.25	3825	0	BartonZwiebach	
435	0:09:52	1/1/2019 	277391	265.00	8.00	10.54	26.51	91772.25	1850	0	BartonZwiebach	
436	0:09:53	1/1/2019 	278005	530.00	8.00	13.08	26.51	91773.90	49791	0	BartonZwiebach	
437	0:09:53	1/1/2019 	278613	135.00	7.00	7.58	26.51	91777.53	49789	0	BartonZwiebach	
438	0:09:53	1/1/2019 	278854	923.00	129.00	35.64	26.51	91777.53	1849	0	BartonZwiebach	
439	0:09:54	1/1/2019 	279253	322.00	8.00	11.34	26.51	91781.00	1851	0	BartonZwiebach	
440	0:09:54	1/1/2019 	279808	518.00	8.00	12.97	26.51	91784.47	51767	0	BartonZwiebach	
441	0:09:55	1/1/2019 	280922	250.00	7.00	10.27	26.51	91800.48	50551	0	BartonZwiebach	
442	0:09:55	1/1/2019 	280958	937.00	145.00	38.48	26.51	91800.48	1852	0	BartonZwiebach	
443	0:09:56	1/1/2019 	281746	707.00	13.00	16.00	26.51	91810.22	49795	0	BartonZwiebach	
444	0:09:57	1/1/2019 	282090	766.00	25.00	19.30	26.51	91813.69	1851	0	BartonZwiebach	
445	0:09:57	1/1/2019 	282226	597.00	8.00	13.80	26.51	91813.69	1851	0	BartonZwiebach	
446	0:09:57	1/1/2019 	282305	640.00	9.00	14.45	26.51	91813.69	3966	0	BartonZwiebach	
447	0:09:57	1/1/2019 	282445	631.00	8.00	14.12	26.51	91813.69	1849	0	BartonZwiebach	
448	0:09:57	1/1/2019 	282782	827.00	64.00	24.05	26.51	91816.49	49789	0	BartonZwiebach	
449	0:09:59	1/1/2019 	284839	127.00	8.00	7.35	26.51	91834.98	97735	0	BartonZwiebach	
450	0:10:00	1/1/2019 	285856	127.00	7.00	7.35	26.51	91843.23	49789	0	BartonZwiebach	
451	0:10:00	1/1/2019 	285866	70.00	7.00	5.98	26.51	91843.23	1850	0	BartonZwiebach	
452	0:10:01	1/1/2019 	286063	738.00	18.00	17.60	26.51	91843.23	3825	0	BartonZwiebach	
453	0:10:01	1/1/2019 	286604	432.00	8.00	12.36	26.51	91847.53	49794	0	BartonZwiebach	
454	0:10:01	1/1/2019 	286961	880.00	91.00	28.26	26.51	91853.48	1848	0	BartonZwiebach	
455	0:10:02	1/1/2019 	287780	84.00	7.00	6.21	26.51	91864.20	49793	0	BartonZwiebach	
456	0:10:04	1/1/2019 	289796	138.00	7.00	7.67	26.51	91882.70	97732	0	BartonZwiebach	
457	0:10:05	1/1/2019 	290205	865.00	81.00	26.52	26.51	91887.33	2609	0	BartonZwiebach	
458	0:10:05	1/1/2019 	290264	415.00	8.00	12.24	26.51	91887.33	3969	0	BartonZwiebach	
459	0:10:05	1/1/2019 	290367	206.00	8.00	9.43	26.51	91887.33	1847	0	BartonZwiebach	
460	0:10:07	1/1/2019 	292598	864.00	87.00	27.50	26.51	91905.79	145672	0	BartonZwiebach	
461	0:10:08	1/1/2019 	293315	806.00	53.00	22.80	26.51	91907.60	1851	0	BartonZwiebach	
462	0:10:09	1/1/2019 	294685	91.00	7.00	6.37	26.51	91913.22	97737	0	BartonZwiebach	
463	0:10:09	1/1/2019 	294870	605.00	8.00	13.89	26.51	91913.22	1849	0	BartonZwiebach	
464	0:10:12	1/1/2019 	297122	172.00	8.00	8.62	26.51	91940.62	99709	0	BartonZwiebach	
465	0:10:12	1/1/2019 	297208	652.00	9.00	14.53	26.51	91940.62	1854	0	BartonZwiebach	
466	0:10:12	1/1/2019 	297588	976.00	426.00	78.00	26.51	91940.62	49799	0	BartonZwiebach	
467	0:10:14	1/1/2019 	298268	188.00	8.00	9.02	26.51	91950.50	1854	0	BartonZwiebach	
468	0:10:15	1/1/2019 	299372	263.00	7.00	10.49	26.51	91954.47	49789	0	BartonZwiebach	
469	0:10:15	1/1/2019 	299833	113.00	7.00	6.95	26.51	91955.45	49794	0	BartonZwiebach	
470	0:10:15	1/1/2019 	299841	479.00	8.00	12.68	26.51	91955.45	4735	0	BartonZwiebach	
471	0:10:16	1/1/2019 	300646	531.00	7.00	12.97	26.51	91956.94	49790	0	BartonZwiebach	
472	0:10:17	1/1/2019 	301657	150.00	7.00	8.01	26.51	91958.27	49791	0	BartonZwiebach	
473	0:10:17	1/1/2019 	301825	150.00	8.00	8.02	26.51	91959.91	1850	0	BartonZwiebach	
474	0:10:17	1/1/2019 	301846	174.00	8.00	8.67	26.51	91959.91	1847	0	BartonZwiebach	
475	0:10:17	1/1/2019 	301929	70.00	7.00	5.98	26.51	91959.91	1847	0	BartonZwiebach	
476	0:10:18	1/1/2019 	302829	241.00	7.00	10.11	26.51	91961.90	51765	0	BartonZwiebach	
477	0:10:18	1/1/2019 	302878	808.00	38.00	21.29	26.50	91963.71	1850	0	BartonZwiebach	
478	0:10:19	1/1/2019 	303827	440.00	7.00	12.34	26.50	91966.02	49792	0	BartonZwiebach	
479	0:10:19	1/1/2019 	303918	240.00	7.00	10.09	26.50	91968.50	1850	0	BartonZwiebach	
480	0:10:20	1/1/2019 	304975	233.00	7.00	9.97	26.50	91976.09	49791	0	BartonZwiebach	
481	0:10:21	1/1/2019 	305566	202.00	7.00	9.33	26.50	91977.91	49791	0	BartonZwiebach	
482	0:10:21	1/1/2019 	305949	964.00	177.00	43.00	26.50	91979.89	3827	0	BartonZwiebach	
483	0:10:22	1/1/2019 	306634	204.00	8.00	9.39	26.50	91982.20	49796	0	BartonZwiebach	
484	0:10:22	1/1/2019 	307107	554.00	8.00	13.32	26.50	91984.16	1847	0	BartonZwiebach	
485	0:10:22	1/1/2019 	307212	123.00	7.00	7.23	26.50	91984.16	1847	0	BartonZwiebach	
486	0:10:23	1/1/2019 	307592	252.00	8.00	10.33	26.50	91986.96	49790	0	BartonZwiebach	
487	0:10:23	1/1/2019 	307759	158.00	8.00	8.24	26.50	91986.96	1848	0	BartonZwiebach	
488	0:10:25	1/1/2019 	310121	323.00	7.00	11.31	26.50	91994.39	99706	0	BartonZwiebach	
489	0:10:26	1/1/2019 	310873	899.00	99.00	29.80	26.50	91997.34	50551	0	BartonZwiebach	
490	0:10:26	1/1/2019 	311209	369.00	8.00	11.85	26.50	92002.12	1852	0	BartonZwiebach	
491	0:10:27	1/1/2019 	311762	422.00	8.00	12.29	26.50	92007.91	49794	0	BartonZwiebach	
492	0:10:27	1/1/2019 	312142	944.00	149.00	39.13	26.50	92007.91	1848	0	BartonZwiebach	
493	0:10:27	1/1/2019 	312228	494.00	8.00	12.78	26.50	92012.53	1851	0	BartonZwiebach	
494	0:10:28	1/1/2019 	312729	686.00	11.00	15.29	26.50	92017.64	51907	0	BartonZwiebach	
495	0:10:28	1/1/2019 	312835	468.00	8.00	12.60	26.50	92017.64	1851	0	BartonZwiebach	
496	0:10:30	1/1/2019 	314268	184.00	8.00	8.92	26.50	92034.34	49789	0	BartonZwiebach	
497	0:10:31	1/1/2019 	315477	64.00	7.00	5.91	26.50	92046.23	49788	0	BartonZwiebach	
498	0:10:31	1/1/2019 	315494	72.00	7.00	6.00	26.50	92046.23	1849	0	BartonZwiebach	
499	0:10:31	1/1/2019 	315621	925.00	132.00	36.19	26.50	92046.23	49791	0	BartonZwiebach	
500	0:10:31	1/1/2019 	316037	652.00	9.00	14.53	26.50	92048.71	3826	0	BartonZwiebach	
501	0:10:32	1/1/2019 	316383	598.00	9.00	14.00	26.50	92054.33	1849	0	BartonZwiebach	
502	0:10:33	1/1/2019 	317312	644.00	9.00	14.48	26.50	92057.30	49791	0	BartonZwiebach	
503	0:10:33	1/1/2019 	317321	92.00	7.00	6.39	26.50	92057.30	1850	0	BartonZwiebach	
504	0:10:33	1/1/2019 	317929	236.00	8.00	10.04	26.49	92059.09	49789	0	BartonZwiebach	
505	0:10:33	1/1/2019 	318089	203.00	8.00	9.37	26.49	92059.09	1847	0	BartonZwiebach	
506	0:10:35	1/1/2019 	319634	599.00	9.00	14.01	26.49	92070.48	99705	0	BartonZwiebach	
507	0:10:36	1/1/2019 	321260	437.00	7.00	12.32	26.49	92083.36	50551	0	BartonZwiebach	
508	0:10:37	1/1/2019 	321811	387.00	7.00	11.95	26.49	92087.65	49792	0	BartonZwiebach	
509	0:10:38	1/1/2019 	322934	922.00	128.00	35.45	26.49	92096.06	49795	0	BartonZwiebach	
510	0:10:39	1/1/2019 	324054	396.00	8.00	12.09	26.49	92103.99	49795	0	BartonZwiebach	
511	0:10:40	1/1/2019 	324412	547.00	8.00	13.24	26.49	92107.95	3965	0	BartonZwiebach	
512	0:10:40	1/1/2019 	324490	646.00	9.00	14.50	26.49	92107.95	1848	0	BartonZwiebach	
513	0:10:41	1/1/2019 	325707	552.00	8.00	13.30	26.49	92117.84	97734	0	BartonZwiebach	
514	0:10:41	1/1/2019 	326197	594.00	8.00	13.77	26.49	92119.98	1848	0	BartonZwiebach	
515	0:10:42	1/1/2019 	326469	957.00	172.00	42.40	26.49	92119.98	1848	0	BartonZwiebach	
516	0:10:43	1/1/2019 	327630	607.00	9.00	14.11	26.49	92120.80	97743	0	BartonZwiebach	
517	0:10:44	1/1/2019 	328991	831.00	65.00	24.18	26.49	92112.22	51769	0	BartonZwiebach	
518	0:10:46	1/1/2019 	330293	922.00	134.00	36.55	26.49	92112.22	49795	0	BartonZwiebach	
519	0:10:46	1/1/2019 	330607	798.00	41.00	21.59	26.49	92111.70	50558	0	BartonZwiebach	
520	0:10:46	1/1/2019 	331088	675.00	10.00	14.93	26.49	92112.20	1851	0	BartonZwiebach	
521	0:10:47	1/1/2019 	331588	962.00	186.00	44.01	26.49	92114.67	49793	0	BartonZwiebach	
522	0:10:48	1/1/2019 	332422	623.00	8.00	14.06	26.49	92118.80	1851	0	BartonZwiebach	
523	0:10:49	1/1/2019 	333348	329.00	8.00	11.43	26.49	92127.71	51909	0	BartonZwiebach	
524	0:10:50	1/1/2019 	334312	676.00	10.00	14.93	26.48	92134.81	49791	0	BartonZwiebach	
525	0:10:50	1/1/2019 	334379	134.00	8.00	7.56	26.48	92134.81	1850	0	BartonZwiebach	
526	0:10:50	1/1/2019 	334983	712.00	14.00	16.34	26.48	92138.94	49789	0	BartonZwiebach	
527	0:10:52	1/1/2019 	336498	235.00	8.00	10.02	26.48	92149.67	49794	0	BartonZwiebach	
528	0:10:53	1/1/2019 	338025	799.00	41.00	21.59	26.48	92160.88	97785	0	BartonZwiebach	
529	0:10:53	1/1/2019 	338129	968.00	257.00	51.04	26.48	92160.88	3833	0	BartonZwiebach	
530	0:10:55	1/1/2019 	339453	90.00	7.00	6.34	26.48	92172.76	49804	0	BartonZwiebach	
531	0:10:56	1/1/2019 	340627	912.00	121.00	34.10	26.48	92180.52	97733	0	BartonZwiebach	
532	0:10:56	1/1/2019 	340683	406.00	8.00	12.17	26.48	92180.52	2611	0	BartonZwiebach	
533	0:10:56	1/1/2019 	340747	184.00	7.00	8.91	26.48	92183.66	1847	0	BartonZwiebach	
534	0:10:56	1/1/2019 	341117	461.00	8.00	12.56	26.48	92183.66	1849	0	BartonZwiebach	
535	0:10:57	1/1/2019 	341359	104.00	7.00	6.70	26.48	92186.44	3965	0	BartonZwiebach	
536	0:10:57	1/1/2019 	342167	885.00	93.00	28.64	26.48	92189.91	49791	0	BartonZwiebach	
537	0:10:59	1/1/2019 	343705	156.00	7.00	8.18	26.48	92194.03	97736	0	BartonZwiebach	
538	0:10:59	1/1/2019 	343922	732.00	18.00	17.58	26.48	92191.06	1850	0	BartonZwiebach	
539	0:10:59	1/1/2019 	343994	977.00	353.00	66.42	26.48	92191.06	1850	0	BartonZwiebach	
540	0:10:59	1/1/2019 	344097	320.00	7.00	11.28	26.48	92191.06	1851	0	BartonZwiebach	
541	0:10:59	1/1/2019 	344198	377.00	8.00	11.92	26.48	92191.06	3825	0	BartonZwiebach	
542	0:11:00	1/1/2019 	345252	110.00	7.00	6.86	26.48	92186.44	49788	0	BartonZwiebach	
543	0:11:01	1/1/2019 	345289	189.00	7.00	9.03	26.48	92186.44	1850	0	BartonZwiebach	
544	0:11:02	1/1/2019 	347063	769.00	26.00	19.49	26.48	92192.38	97734	0	BartonZwiebach	
545	0:11:03	1/1/2019 	347602	970.00	303.00	57.55	26.47	92194.49	49798	0	BartonZwiebach	
546	0:11:03	1/1/2019 	348092	196.00	8.00	9.21	26.47	92196.97	1851	0	BartonZwiebach	
547	0:11:03	1/1/2019 	348255	105.00	8.00	6.73	26.47	92196.97	3822	0	BartonZwiebach	
548	0:11:05	1/1/2019 	349582	196.00	7.00	9.20	26.47	92199.78	97729	0	BartonZwiebach	
549	0:11:05	1/1/2019 	349745	199.00	8.00	9.28	26.47	92199.78	2610	0	BartonZwiebach	
550	0:11:05	1/1/2019 	350098	153.00	7.00	8.10	26.47	92199.28	1847	0	BartonZwiebach	
551	0:11:06	1/1/2019 	350922	95.00	8.00	6.47	26.47	92200.61	49791	0	BartonZwiebach	
552	0:11:07	1/1/2019 	351493	162.00	8.00	8.35	26.47	92202.72	1847	0	BartonZwiebach	
553	0:11:07	1/1/2019 	351668	802.00	39.00	21.39	26.47	92204.70	51909	0	BartonZwiebach	
554	0:11:07	1/1/2019 	352105	990.00	799.00	143.05	26.47	92204.70	1850	0	BartonZwiebach	
555	0:11:08	1/1/2019 	352693	164.00	8.00	8.40	26.47	92214.77	49811	0	BartonZwiebach	
556	0:11:08	1/1/2019 	353021	72.00	8.00	6.00	26.47	92214.77	1847	0	BartonZwiebach	
557	0:11:08	1/1/2019 	353080	262.00	7.00	10.47	26.47	92214.77	1847	0	BartonZwiebach	
558	0:11:09	1/1/2019 	353340	104.00	7.00	6.70	26.47	92218.08	1848	0	BartonZwiebach	
559	0:11:09	1/1/2019 	353398	780.00	31.00	20.34	26.47	92218.08	3826	0	BartonZwiebach	
560	0:11:09	1/1/2019 	353469	684.00	10.00	14.94	26.47	92218.08	1850	0	BartonZwiebach	
561	0:11:09	1/1/2019 	354199	424.00	8.00	12.30	26.47	92221.38	49796	0	BartonZwiebach	
562	0:11:10	1/1/2019 	354320	122.00	7.00	7.20	26.47	92225.50	1853	0	BartonZwiebach	
563	0:11:10	1/1/2019 	354907	95.00	7.00	6.46	26.47	92229.30	49790	0	BartonZwiebach	
564	0:11:12	1/1/2019 	356330	294.00	7.00	10.94	26.47	92239.20	49790	0	BartonZwiebach	
565	0:11:13	1/1/2019 	357347	132.00	7.00	7.49	26.47	92243.34	51770	0	BartonZwiebach	
566	0:11:14	1/1/2019 	358737	782.00	29.00	20.04	26.46	92250.59	97735	0	BartonZwiebach	
567	0:11:14	1/1/2019 	358915	117.00	7.00	7.06	26.46	92254.06	1851	0	BartonZwiebach	
568	0:11:15	1/1/2019 	359413	507.00	8.00	12.88	26.46	92254.06	1850	0	BartonZwiebach	
569	0:11:15	1/1/2019 	359879	883.00	94.00	28.81	26.46	92258.69	49793	0	BartonZwiebach	
570	0:11:16	1/1/2019 	360695	762.00	24.00	19.09	26.46	92267.58	50751	0	BartonZwiebach	
571	0:11:17	1/1/2019 	361610	642.00	8.00	14.19	26.46	92276.66	51910	0	BartonZwiebach	
572	0:11:17	1/1/2019 	361707	129.00	7.00	7.41	26.46	92276.66	1848	0	BartonZwiebach	
573	0:11:17	1/1/2019 	361710	65.00	7.00	5.92	26.46	92276.66	1848	0	BartonZwiebach	
574	0:11:17	1/1/2019 	361820	404.00	8.00	12.15	26.46	92276.66	1849	0	BartonZwiebach	
575	0:11:17	1/1/2019 	362022	646.00	9.00	14.50	26.46	92281.28	1847	0	BartonZwiebach	
576	0:11:18	1/1/2019 	363249	939.00	146.00	38.64	26.46	92289.34	49791	0	BartonZwiebach	
577	0:11:19	1/1/2019 	363738	72.00	8.00	6.00	26.46	92292.81	51771	0	BartonZwiebach	
578	0:11:19	1/1/2019 	364106	98.00	7.00	6.54	26.46	92296.28	1847	0	BartonZwiebach	
579	0:11:20	1/1/2019 	364991	188.00	8.00	9.02	26.46	92299.08	49790	0	BartonZwiebach	
580	0:11:20	1/1/2019 	365091	169.00	7.00	8.53	26.46	92299.08	1848	0	BartonZwiebach	
581	0:11:21	1/1/2019 	365463	621.00	8.00	14.04	26.46	92298.09	1849	0	BartonZwiebach	
582	0:11:21	1/1/2019 	365955	804.00	55.00	23.00	26.46	92297.43	49790	0	BartonZwiebach	
583	0:11:23	1/1/2019 	367630	674.00	11.00	15.25	26.45	92282.21	99770	0	BartonZwiebach	
584	0:11:23	1/1/2019 	367786	89.00	7.00	6.32	26.45	92284.36	1851	0	BartonZwiebach	
585	0:11:24	1/1/2019 	368350	216.00	7.00	9.63	26.45	92287.50	1848	0	BartonZwiebach	
586	0:11:24	1/1/2019 	369239	210.00	7.00	9.51	26.45	92291.46	49791	0	BartonZwiebach	
587	0:11:25	1/1/2019 	369282	209.00	7.00	9.48	26.45	92291.46	1849	0	BartonZwiebach	
588	0:11:25	1/1/2019 	369428	428.00	8.00	12.33	26.45	92293.61	1850	0	BartonZwiebach	
589	0:11:26	1/1/2019 	370689	62.00	7.00	5.90	26.45	92299.36	99709	0	BartonZwiebach	
590	0:11:28	1/1/2019 	372795	227.00	7.00	9.85	26.45	92312.56	98689	0	BartonZwiebach	
591	0:11:29	1/1/2019 	374086	142.00	7.00	7.78	26.45	92317.02	49792	0	BartonZwiebach	
592	0:11:30	1/1/2019 	374292	139.00	8.00	7.70	26.45	92317.02	1849	0	BartonZwiebach	
593	0:11:30	1/1/2019 	374399	522.00	8.00	13.01	26.45	92317.02	1848	0	BartonZwiebach	
594	0:11:30	1/1/2019 	374722	66.00	7.00	5.93	26.45	92316.86	51909	0	BartonZwiebach	
595	0:11:30	1/1/2019 	374875	616.00	8.00	14.00	26.45	92316.86	1849	0	BartonZwiebach	
596	0:11:31	1/1/2019 	376132	618.00	9.00	14.24	26.45	92325.25	49789	0	BartonZwiebach	
597	0:11:33	1/1/2019 	377724	173.00	8.00	8.64	26.44	92319.27	97736	0	BartonZwiebach	
598	0:11:33	1/1/2019 	377848	204.00	7.00	9.38	26.44	92319.27	1848	0	BartonZwiebach	
599	0:11:34	1/1/2019 	378339	64.00	7.00	5.91	26.44	92316.80	1849	0	BartonZwiebach	
600	0:11:34	1/1/2019 	378679	76.00	7.00	6.06	26.44	92316.30	51766	0	BartonZwiebach	
601	0:11:34	1/1/2019 	378783	91.00	7.00	6.37	26.44	92316.30	1849	0	BartonZwiebach	
602	0:11:34	1/1/2019 	378953	231.00	8.00	9.95	26.44	92316.30	1848	0	BartonZwiebach	
603	0:11:34	1/1/2019 	379221	411.00	8.00	12.21	26.44	92314.98	1846	0	BartonZwiebach	
604	0:11:35	1/1/2019 	379269	794.00	38.00	21.26	26.44	92314.98	1847	0	BartonZwiebach	
605	0:11:35	1/1/2019 	379627	690.00	11.00	15.30	26.44	92314.98	49797	0	BartonZwiebach	
606	0:11:36	1/1/2019 	380358	964.00	266.00	52.14	26.44	92310.19	4924	0	BartonZwiebach	
607	0:11:36	1/1/2019 	380605	904.00	101.00	30.19	26.44	92310.19	49801	0	BartonZwiebach	
608	0:11:37	1/1/2019 	381389	87.00	8.00	6.28	26.44	92308.38	1852	0	BartonZwiebach	
609	0:11:37	1/1/2019 	381861	180.00	8.00	8.82	26.44	92307.71	49796	0	BartonZwiebach	
610	0:11:37	1/1/2019 	382072	796.00	40.00	21.48	26.44	92307.71	1847	0	BartonZwiebach	
611	0:11:37	1/1/2019 	382220	563.00	8.00	13.41	26.44	92307.71	1849	0	BartonZwiebach	
612	0:11:38	1/1/2019 	383007	121.00	7.00	7.18	26.44	92307.52	51820	0	BartonZwiebach	
613	0:11:39	1/1/2019 	383681	170.00	8.00	8.56	26.44	92308.84	49792	0	BartonZwiebach	
614	0:11:41	1/1/2019 	385819	224.00	8.00	9.81	26.44	92323.06	97730	0	BartonZwiebach	
615	0:11:41	1/1/2019 	386112	106.00	7.00	6.75	26.44	92327.19	1848	0	BartonZwiebach	
616	0:11:42	1/1/2019 	386380	94.00	7.00	6.44	26.44	92327.19	1849	0	BartonZwiebach	
617	0:11:42	1/1/2019 	386712	110.00	8.00	6.86	26.44	92330.98	49792	0	BartonZwiebach	
618	0:11:42	1/1/2019 	386958	910.00	113.00	32.54	26.44	92334.62	3825	0	BartonZwiebach	
619	0:11:42	1/1/2019 	387146	308.00	8.00	11.17	26.44	92334.62	1857	0	BartonZwiebach	
620	0:11:42	1/1/2019 	387219	182.00	7.00	8.86	26.44	92334.62	1853	0	BartonZwiebach	
621	0:11:43	1/1/2019 	387333	908.00	111.00	32.14	26.44	92334.62	1856	0	BartonZwiebach	
622	0:11:43	1/1/2019 	387419	131.00	7.00	7.47	26.44	92334.62	1858	0	BartonZwiebach	
623	0:11:43	1/1/2019 	387586	436.00	8.00	12.39	26.44	92337.89	49795	0	BartonZwiebach	
624	0:11:43	1/1/2019 	387829	125.00	7.00	7.29	26.44	92337.89	3824	0	BartonZwiebach	
625	0:11:43	1/1/2019 	387845	150.00	7.00	8.01	26.44	92337.89	1850	0	BartonZwiebach	
626	0:11:44	1/1/2019 	388363	521.00	8.00	13.00	26.44	92340.87	1850	0	BartonZwiebach	
627	0:11:48	1/1/2019 	392342	68.00	7.00	5.95	26.43	92321.36	193623	0	BartonZwiebach	
628	0:11:49	1/1/2019 	393422	215.00	7.00	9.61	26.43	92314.42	50747	0	BartonZwiebach	
629	0:11:50	1/1/2019 	394825	92.00	7.00	6.39	26.43	92308.15	97732	0	BartonZwiebach	
630	0:11:50	1/1/2019 	394934	522.00	8.00	13.01	26.43	92308.15	3968	0	BartonZwiebach	
631	0:11:50	1/1/2019 	395227	66.00	7.00	5.93	26.43	92308.15	1847	0	BartonZwiebach	
632	0:11:51	1/1/2019 	396088	104.00	7.00	6.70	26.43	92299.70	49788	0	BartonZwiebach	
633	0:11:52	1/1/2019 	397062	530.00	8.00	13.08	26.43	92292.92	49791	0	BartonZwiebach	
634	0:11:53	1/1/2019 	397301	312.00	8.00	11.22	26.43	92292.92	1848	0	BartonZwiebach	
635	0:11:53	1/1/2019 	397629	146.00	7.00	7.90	26.43	92287.64	49790	0	BartonZwiebach	
636	0:11:54	1/1/2019 	398287	86.00	7.00	6.26	26.43	92286.48	3824	0	BartonZwiebach	
637	0:11:54	1/1/2019 	398446	853.00	73.00	25.28	26.43	92287.31	1850	0	BartonZwiebach	
638	0:11:54	1/1/2019 	398973	239.00	8.00	10.10	26.43	92287.81	49794	0	BartonZwiebach	
639	0:11:55	1/1/2019 	399497	448.00	8.00	12.47	26.43	92288.11	1847	0	BartonZwiebach	
640	0:11:55	1/1/2019 	399805	69.00	7.00	5.96	26.43	92288.11	49792	0	BartonZwiebach	
641	0:11:55	1/1/2019 	399897	567.00	8.00	13.46	26.43	92288.11	2806	0	BartonZwiebach	
642	0:11:56	1/1/2019 	401106	67.00	7.00	5.94	26.43	92289.92	51963	0	BartonZwiebach	
643	0:11:58	1/1/2019 	402691	257.00	8.00	10.41	26.43	92286.78	97732	0	BartonZwiebach	
644	0:12:01	1/1/2019 	405932	759.00	25.00	19.28	26.42	92285.13	145677	0	BartonZwiebach	
645	0:12:02	1/1/2019 	406679	921.00	138.00	37.27	26.42	92286.78	49795	0	BartonZwiebach	
646	0:12:02	1/1/2019 	406939	107.00	7.00	6.78	26.42	92286.78	1851	0	BartonZwiebach	
647	0:12:03	1/1/2019 	407620	114.00	7.00	6.97	26.42	92287.09	49790	0	BartonZwiebach	
648	0:12:03	1/1/2019 	408169	120.00	7.00	7.15	26.42	92287.75	3826	0	BartonZwiebach	
649	0:12:04	1/1/2019 	408469	572.00	8.00	13.51	26.42	92288.24	1849	0	BartonZwiebach	
650	0:12:08	1/1/2019 	413175	387.00	8.00	12.01	26.42	92291.19	241565	0	BartonZwiebach	
651	0:12:09	1/1/2019 	413608	736.00	17.00	17.31	26.42	92291.19	50748	0	BartonZwiebach	
652	0:12:10	1/1/2019 	415167	139.00	7.00	7.70	26.42	92290.03	49794	0	BartonZwiebach	
653	0:12:11	1/1/2019 	415844	112.00	7.00	6.92	26.42	92290.86	49791	0	BartonZwiebach	
654	0:12:13	1/1/2019 	417606	799.00	39.00	21.38	26.42	92293.16	99851	0	BartonZwiebach	
655	0:12:13	1/1/2019 	417852	72.00	7.00	6.00	26.42	92293.16	1851	0	BartonZwiebach	
656	0:12:14	1/1/2019 	418481	349.00	8.00	11.65	26.42	92293.16	1848	0	BartonZwiebach	
657	0:12:14	1/1/2019 	418939	774.00	29.00	20.02	26.42	92294.16	49792	0	BartonZwiebach	
658	0:12:14	1/1/2019 	418999	113.00	7.00	6.95	26.42	92294.16	1850	0	BartonZwiebach	
659	0:12:14	1/1/2019 	419100	913.00	114.00	32.74	26.42	92294.16	1849	0	BartonZwiebach	
660	0:12:15	1/1/2019 	419694	68.00	7.00	5.95	26.42	92300.92	51772	0	BartonZwiebach	
661	0:12:15	1/1/2019 	419810	546.00	8.00	13.23	26.42	92300.92	2807	0	BartonZwiebach	
662	0:12:15	1/1/2019 	419986	291.00	7.00	10.90	26.42	92300.92	1847	0	BartonZwiebach	
663	0:12:15	1/1/2019 	420208	156.00	7.00	8.18	26.42	92306.54	1849	0	BartonZwiebach	
664	0:12:17	1/1/2019 	421403	122.00	7.00	7.20	26.42	92317.60	49790	0	BartonZwiebach	
665	0:12:19	1/1/2019 	423665	151.00	8.00	8.05	26.42	92339.56	145670	0	BartonZwiebach	
666	0:12:19	1/1/2019 	423755	111.00	7.00	6.89	26.42	92339.56	3967	0	BartonZwiebach	
667	0:12:20	1/1/2019 	424412	915.00	127.00	35.25	26.42	92355.25	1849	0	BartonZwiebach	
668	0:12:23	1/1/2019 	427940	101.00	7.00	6.62	26.42	92393.22	193627	0	BartonZwiebach	
669	0:12:24	1/1/2019 	428561	437.00	8.00	12.39	26.42	92402.14	49793	0	BartonZwiebach	
670	0:12:25	1/1/2019 	430037	154.00	8.00	8.13	26.42	92408.91	49791	0	BartonZwiebach	
671	0:12:26	1/1/2019 	430599	415.00	8.00	12.24	26.42	92410.89	50744	0	BartonZwiebach	
672	0:12:27	1/1/2019 	431775	123.00	7.00	7.23	26.42	92413.36	51907	0	BartonZwiebach	
673	0:12:27	1/1/2019 	431966	410.00	8.00	12.20	26.42	92413.36	1850	0	BartonZwiebach	
674	0:12:30	1/1/2019 	434603	958.00	179.00	43.24	26.42	92416.17	145671	0	BartonZwiebach	
675	0:12:31	1/1/2019 	436094	570.00	8.00	13.49	26.42	92416.33	49797	0	BartonZwiebach	
676	0:12:32	1/1/2019 	436550	713.00	14.00	16.34	26.42	92416.33	49790	0	BartonZwiebach	
677	0:12:32	1/1/2019 	436908	365.00	7.00	11.76	26.42	92416.17	1851	0	BartonZwiebach	
678	0:12:34	1/1/2019 	438459	86.00	7.00	6.26	26.42	92415.67	51765	0	BartonZwiebach	
679	0:12:34	1/1/2019 	438771	146.00	7.00	7.90	26.42	92415.67	49791	0	BartonZwiebach	
680	0:12:36	1/1/2019 	440975	700.00	12.00	15.65	26.41	92412.84	97732	0	BartonZwiebach	
681	0:12:37	1/1/2019 	441744	174.00	7.00	8.66	26.41	92412.17	50750	0	BartonZwiebach	
682	0:12:37	1/1/2019 	442194	66.00	7.00	5.93	26.41	92411.67	1849	0	BartonZwiebach	
683	0:12:42	1/1/2019 	446629	72.00	8.00	6.00	26.40	92406.47	241556	0	BartonZwiebach	
684	0:12:44	1/1/2019 	448573	977.00	639.00	113.92	26.39	92403.77	99847	0	BartonZwiebach	
685	0:12:44	1/1/2019 	448593	70.00	7.00	5.98	26.39	92403.77	1851	0	BartonZwiebach	
686	0:12:44	1/1/2019 	448747	933.00	142.00	37.97	26.39	92403.10	1849	0	BartonZwiebach	
687	0:12:45	1/1/2019 	449741	90.00	7.00	6.34	26.39	92402.58	49796	0	BartonZwiebach	
688	0:12:47	1/1/2019 	451410	568.00	8.00	13.47	26.38	92400.20	50748	0	BartonZwiebach	
689	0:12:47	1/1/2019 	451833	347.00	8.00	11.63	26.38	92400.20	49790	0	BartonZwiebach	
690	0:12:49	1/1/2019 	453299	138.00	8.00	7.67	26.37	92398.69	51963	0	BartonZwiebach	
691	0:12:49	1/1/2019 	453757	574.00	8.00	13.54	26.37	92398.65	49788	0	BartonZwiebach	
692	0:12:49	1/1/2019 	453813	273.00	7.00	10.64	26.37	92398.65	1847	0	BartonZwiebach	
693	0:12:50	1/1/2019 	455218	64.00	7.00	5.91	26.36	92396.58	49790	0	BartonZwiebach	
694	0:12:51	1/1/2019 	455488	161.00	7.00	8.32	26.35	92396.25	1848	0	BartonZwiebach	
695	0:12:52	1/1/2019 	456923	637.00	9.00	14.43	26.35	92395.03	99706	0	BartonZwiebach	
696	0:12:53	1/1/2019 	458074	157.00	7.00	8.21	26.34	92393.81	49793	0	BartonZwiebach	
697	0:12:54	1/1/2019 	458414	133.00	8.00	7.53	26.34	92393.81	1851	0	BartonZwiebach	
698	0:12:55	1/1/2019 	459898	76.00	7.00	6.06	26.32	92391.57	97730	0	BartonZwiebach	
699	0:12:55	1/1/2019 	459903	849.00	76.00	25.70	26.32	92391.57	2806	0	BartonZwiebach	
700	0:12:58	1/1/2019 	462779	578.00	8.00	13.58	26.30	92387.78	145681	0	BartonZwiebach	
701	0:12:59	1/1/2019 	463438	117.00	7.00	7.06	26.30	92387.75	3967	0	BartonZwiebach	
702	0:12:59	1/1/2019 	463782	200.00	7.00	9.29	26.29	92387.39	49791	0	BartonZwiebach	
703	0:13:00	1/1/2019 	464388	272.00	7.00	10.63	26.29	92387.03	1850	0	BartonZwiebach	
704	0:13:00	1/1/2019 	465059	87.00	8.00	6.28	26.28	92386.47	49793	0	BartonZwiebach	
705	0:13:02	1/1/2019 	467119	207.00	7.00	9.44	26.27	92384.89	97728	0	BartonZwiebach	
706	0:13:03	1/1/2019 	467889	368.00	7.00	11.78	26.26	92384.36	49792	0	BartonZwiebach	
707	0:13:03	1/1/2019 	468063	203.00	8.00	9.37	26.26	92383.97	3826	0	BartonZwiebach	
708	0:13:03	1/1/2019 	468148	120.00	7.00	7.15	26.26	92383.97	1847	0	BartonZwiebach	
709	0:13:06	1/1/2019 	470342	686.00	11.00	15.29	26.24	92382.36	97732	0	BartonZwiebach	
710	0:13:06	1/1/2019 	471077	363.00	11.00	11.94	26.23	92381.80	50753	0	BartonZwiebach	
711	0:13:10	1/1/2019 	475039	974.00	430.00	78.51	26.19	92380.91	193619	0	BartonZwiebach	
712	0:13:12	1/1/2019 	476767	744.00	19.00	17.88	26.17	92380.06	97750	0	BartonZwiebach	
713	0:13:12	1/1/2019 	476916	85.00	7.00	6.23	26.17	92380.06	3969	0	BartonZwiebach	
714	0:13:13	1/1/2019 	477465	976.00	637.00	113.40	26.16	92380.01	1849	0	BartonZwiebach	
715	0:13:14	1/1/2019 	478322	105.00	7.00	6.72	26.15	92380.14	49805	0	BartonZwiebach	
716	0:13:14	1/1/2019 	479255	400.00	8.00	12.12	26.15	92380.24	49790	0	BartonZwiebach	
717	0:13:16	1/1/2019 	480388	542.00	8.00	13.19	26.14	92380.15	49790	0	BartonZwiebach	
718	0:13:16	1/1/2019 	480410	626.00	8.00	14.09	26.13	92380.11	2805	0	BartonZwiebach	
719	0:13:18	1/1/2019 	482684	147.00	8.00	7.93	26.11	92380.92	147791	0	BartonZwiebach	
720	0:13:18	1/1/2019 	482816	974.00	403.00	74.78	26.11	92380.92	1849	0	BartonZwiebach	
721	0:13:19	1/1/2019 	483597	190.00	8.00	9.07	26.09	92381.18	49801	0	BartonZwiebach	
722	0:13:21	1/1/2019 	486237	738.00	18.00	17.60	26.07	92381.81	97730	0	BartonZwiebach	
723	0:13:22	1/1/2019 	486710	971.00	309.00	58.56	26.06	92382.25	49795	0	BartonZwiebach	
724	0:13:22	1/1/2019 	486958	442.00	8.00	12.43	26.06	92382.25	1851	0	BartonZwiebach	
725	0:13:23	1/1/2019 	487737	446.00	8.00	12.46	26.05	92382.81	51765	0	BartonZwiebach	
726	0:13:23	1/1/2019 	487829	984.00	611.00	107.46	26.05	92382.81	1849	0	BartonZwiebach	
727	0:13:24	1/1/2019 	488570	630.00	9.00	14.37	26.04	92382.75	49805	0	BartonZwiebach	
728	0:13:24	1/1/2019 	488636	82.00	7.00	6.17	26.04	92382.75	1850	0	BartonZwiebach	
729	0:13:26	1/1/2019 	490275	349.00	8.00	11.65	26.02	92383.91	49792	0	BartonZwiebach	
730	0:13:26	1/1/2019 	490307	836.00	68.00	24.57	26.02	92383.91	2806	0	BartonZwiebach	
731	0:13:28	1/1/2019 	493191	113.00	8.00	6.95	25.99	92384.88	147802	0	BartonZwiebach	
732	0:13:29	1/1/2019 	493903	85.00	8.00	6.24	25.98	92385.44	49793	0	BartonZwiebach	
733	0:13:30	1/1/2019 	495043	166.00	7.00	8.45	25.97	92385.88	49791	0	BartonZwiebach	
734	0:13:31	1/1/2019 	495296	550.00	8.00	13.28	25.97	92385.88	1857	0	BartonZwiebach	
735	0:13:31	1/1/2019 	495855	723.00	15.00	16.68	25.96	92386.33	49795	0	BartonZwiebach	
736	0:13:32	1/1/2019 	496641	130.00	7.00	7.44	25.95	92386.56	49793	0	BartonZwiebach	
737	0:13:32	1/1/2019 	496675	155.00	8.00	8.16	25.95	92386.56	3826	0	BartonZwiebach	
738	0:13:32	1/1/2019 	496827	514.00	8.00	12.94	25.95	92386.56	1846	0	BartonZwiebach	
739	0:13:32	1/1/2019 	496959	920.00	125.00	34.88	25.95	92386.56	1848	0	BartonZwiebach	
740	0:13:32	1/1/2019 	497240	74.00	7.00	6.03	25.94	92387.00	1850	0	BartonZwiebach	
741	0:13:33	1/1/2019 	497927	423.00	8.00	12.30	25.94	92387.30	49791	0	BartonZwiebach	
742	0:13:33	1/1/2019 	498110	976.00	291.00	55.64	25.93	92387.79	1848	0	BartonZwiebach	
743	0:13:34	1/1/2019 	498382	233.00	7.00	9.97	25.93	92387.79	3826	0	BartonZwiebach	
744	0:13:34	1/1/2019 	498821	582.00	8.00	13.63	25.93	92388.25	49791	0	BartonZwiebach	
745	0:13:35	1/1/2019 	499639	926.00	138.00	37.27	25.92	92388.98	49790	0	BartonZwiebach	
746	0:13:35	1/1/2019 	499708	152.00	7.00	8.07	25.92	92388.98	2809	0	BartonZwiebach	
747	0:13:36	1/1/2019 	500395	92.00	11.00	6.40	25.91	92389.09	1849	0	BartonZwiebach	
748	0:13:37	1/1/2019 	501442	693.00	11.00	15.30	25.90	92390.04	49791	0	BartonZwiebach	
749	0:13:37	1/1/2019 	501561	88.00	7.00	6.30	25.90	92390.04	51911	0	BartonZwiebach	
750	0:13:37	1/1/2019 	501665	987.00	925.00	195.73	25.90	92390.04	1850	0	BartonZwiebach	
751	0:13:39	1/1/2019 	503494	70.00	8.00	5.98	25.88	92391.67	49817	0	BartonZwiebach	
752	0:13:40	1/1/2019 	504729	268.00	7.00	10.56	25.87	92392.45	97731	0	BartonZwiebach	
753	0:13:40	1/1/2019 	504944	156.00	7.00	8.18	25.87	92393.08	1850	0	BartonZwiebach	
754	0:13:40	1/1/2019 	505164	87.00	7.00	6.28	25.87	92393.08	1849	0	BartonZwiebach	
755	0:13:40	1/1/2019 	505205	833.00	60.00	23.60	25.87	92393.08	3769	0	BartonZwiebach	
756	0:13:45	1/1/2019 	509382	148.00	7.00	7.96	25.83	92395.89	193626	0	BartonZwiebach	
757	0:13:46	1/1/2019 	510907	289.00	8.00	10.91	25.81	92397.61	97734	0	BartonZwiebach	
758	0:13:47	1/1/2019 	511674	78.00	7.00	6.10	25.80	92399.20	50550	0	BartonZwiebach	
759	0:13:48	1/1/2019 	512304	64.00	7.00	5.91	25.80	92399.83	1850	0	BartonZwiebach	
760	0:13:48	1/1/2019 	513046	632.00	9.00	14.39	25.79	92400.75	49790	0	BartonZwiebach	
761	0:13:49	1/1/2019 	513710	80.00	7.00	6.13	25.79	92402.53	53115	0	BartonZwiebach	
762	0:13:50	1/1/2019 	514427	189.00	7.00	9.03	25.78	92403.33	1851	0	BartonZwiebach	
763	0:13:50	1/1/2019 	514794	874.00	76.00	25.77	25.78	92403.92	49792	0	BartonZwiebach	
764	0:13:50	1/1/2019 	515233	149.00	8.00	7.99	25.77	92405.08	1850	0	BartonZwiebach	
765	0:13:51	1/1/2019 	515396	140.00	8.00	7.73	25.77	92405.08	1847	0	BartonZwiebach	
766	0:13:51	1/1/2019 	515912	147.00	7.00	7.93	25.77	92406.00	49789	0	BartonZwiebach	
767	0:13:52	1/1/2019 	516790	163.00	7.00	8.37	25.76	92407.75	51821	0	BartonZwiebach	
768	0:13:53	1/1/2019 	518040	441.00	8.00	12.42	25.75	92409.69	49792	0	BartonZwiebach	
769	0:13:54	1/1/2019 	518286	914.00	114.00	32.74	25.75	92409.69	1848	0	BartonZwiebach	
770	0:13:55	1/1/2019 	520003	64.00	7.00	5.91	25.73	92413.85	97744	0	BartonZwiebach	
771	0:13:57	1/1/2019 	521984	521.00	8.00	13.00	25.72	92418.20	98492	0	BartonZwiebach	
772	0:13:59	1/1/2019 	523809	684.00	11.00	15.29	25.71	92421.58	99849	0	BartonZwiebach	
773	0:13:59	1/1/2019 	524098	972.00	285.00	54.73	25.70	92422.86	1851	0	BartonZwiebach	
774	0:13:59	1/1/2019 	524145	84.00	7.00	6.21	25.70	92422.86	1850	0	BartonZwiebach	
775	0:14:01	1/1/2019 	525429	75.00	7.00	6.05	25.70	92425.27	49790	0	BartonZwiebach	
776	0:14:02	1/1/2019 	526781	175.00	8.00	8.69	25.69	92428.34	97733	0	BartonZwiebach	
777	0:14:03	1/1/2019 	527394	102.00	11.00	6.65	25.68	92429.30	1848	0	BartonZwiebach	
778	0:14:03	1/1/2019 	527750	65.00	8.00	5.92	25.68	92430.59	51766	0	BartonZwiebach	
779	0:14:04	1/1/2019 	528471	104.00	7.00	6.70	25.67	92431.54	1847	0	BartonZwiebach	
780	0:14:04	1/1/2019 	528665	199.00	8.00	9.28	25.67	92431.54	49791	0	BartonZwiebach	
781	0:14:05	1/1/2019 	529390	87.00	8.00	6.28	25.67	92433.45	1847	0	BartonZwiebach	
782	0:14:06	1/1/2019 	530416	402.00	8.00	12.14	25.66	92435.73	49790	0	BartonZwiebach	
783	0:14:06	1/1/2019 	530701	981.00	575.00	99.36	25.66	92435.73	50553	0	BartonZwiebach	
784	0:14:06	1/1/2019 	531018	537.00	8.00	13.15	25.66	92436.86	3968	0	BartonZwiebach	
785	0:14:07	1/1/2019 	531951	80.00	7.00	6.13	25.65	92438.80	49790	0	BartonZwiebach	
786	0:14:09	1/1/2019 	533467	169.00	8.00	8.54	25.64	92442.03	49791	0	BartonZwiebach	
787	0:14:10	1/1/2019 	534698	234.00	8.00	10.00	25.64	92444.14	97733	0	BartonZwiebach	
788	0:14:10	1/1/2019 	534826	98.00	7.00	6.54	25.64	92444.14	1848	0	BartonZwiebach	
789	0:14:12	1/1/2019 	536649	657.00	9.00	14.55	25.63	92447.67	97733	0	BartonZwiebach	
790	0:14:12	1/1/2019 	536731	978.00	369.00	69.27	25.63	92447.67	3827	0	BartonZwiebach	
791	0:14:13	1/1/2019 	538141	623.00	9.00	14.30	25.62	92450.59	49801	0	BartonZwiebach	
792	0:14:14	1/1/2019 	539139	190.00	7.00	9.06	25.61	92452.69	49792	0	BartonZwiebach	
793	0:14:17	1/1/2019 	541349	840.00	69.00	24.71	25.60	92456.73	97733	0	BartonZwiebach	
794	0:14:17	1/1/2019 	542218	843.00	62.00	23.85	25.60	92458.66	50554	0	BartonZwiebach	
795	0:14:18	1/1/2019 	542300	194.00	8.00	9.16	25.60	92458.66	1849	0	BartonZwiebach	
796	0:14:18	1/1/2019 	542580	114.00	7.00	6.97	25.60	92458.66	51908	0	BartonZwiebach	
797	0:14:18	1/1/2019 	542763	284.00	7.00	10.80	25.60	92459.80	1848	0	BartonZwiebach	
798	0:14:18	1/1/2019 	543233	71.00	8.00	5.99	25.60	92461.29	1850	0	BartonZwiebach	
799	0:14:20	1/1/2019 	544650	179.00	7.00	8.79	25.59	92463.42	97730	0	BartonZwiebach	
800	0:14:22	1/1/2019 	546460	692.00	11.00	15.30	25.58	92468.44	49791	0	BartonZwiebach	
801	0:14:22	1/1/2019 	547149	982.00	657.00	117.82	25.58	92469.56	49796	0	BartonZwiebach	
802	0:14:23	1/1/2019 	547760	168.00	7.00	8.50	25.58	92470.89	51782	0	BartonZwiebach	
803	0:14:24	1/1/2019 	549129	78.00	7.00	6.10	25.57	92474.28	49792	0	BartonZwiebach	
804	0:14:25	1/1/2019 	549705	79.00	8.00	6.12	25.57	92475.77	49793	0	BartonZwiebach	
805	0:14:27	1/1/2019 	551270	436.00	8.00	12.39	25.57	92480.02	50549	0	BartonZwiebach	
806	0:14:29	1/1/2019 	553576	683.00	10.00	14.94	25.56	92485.26	145677	0	BartonZwiebach	
807	0:14:30	1/1/2019 	554559	110.00	7.00	6.86	25.56	92488.39	49793	0	BartonZwiebach	
808	0:14:30	1/1/2019 	554980	399.00	8.00	12.11	25.55	92489.67	3969	0	BartonZwiebach	
809	0:14:33	1/1/2019 	557292	692.00	9.00	14.56	25.55	92496.90	97733	0	BartonZwiebach	
810	0:14:33	1/1/2019 	557589	102.00	7.00	6.64	25.55	92496.90	49794	0	BartonZwiebach	
811	0:14:33	1/1/2019 	557983	144.00	7.00	7.84	25.55	92498.19	1849	0	BartonZwiebach	
812	0:14:34	1/1/2019 	558781	971.00	427.00	78.12	25.55	92499.67	49791	0	BartonZwiebach	
813	0:14:34	1/1/2019 	558830	849.00	70.00	24.86	25.55	92501.32	1852	0	BartonZwiebach	
814	0:14:34	1/1/2019 	559265	597.00	9.00	13.99	25.55	92501.32	3826	0	BartonZwiebach	
815	0:14:36	1/1/2019 	560924	108.00	8.00	6.81	25.54	92506.56	97734	0	BartonZwiebach	
816	0:14:38	1/1/2019 	562319	979.00	726.00	130.78	25.54	92509.86	50548	0	BartonZwiebach	
817	0:14:38	1/1/2019 	563047	637.00	9.00	14.43	25.54	92513.12	49812	0	BartonZwiebach	
818	0:14:38	1/1/2019 	563240	767.00	26.00	19.49	25.54	92513.12	1856	0	BartonZwiebach	
819	0:14:39	1/1/2019 	563275	121.00	8.00	7.18	25.54	92513.12	1857	0	BartonZwiebach	
820	0:14:39	1/1/2019 	563396	961.00	170.00	42.15	25.54	92513.12	3973	0	BartonZwiebach	
821	0:14:39	1/1/2019 	564227	971.00	220.00	47.28	25.54	92516.75	49803	0	BartonZwiebach	
822	0:14:40	1/1/2019 	565056	78.00	8.00	6.10	25.54	92519.88	49797	0	BartonZwiebach	
823	0:14:40	1/1/2019 	565222	620.00	9.00	14.26	25.54	92519.88	1848	0	BartonZwiebach	
824	0:14:41	1/1/2019 	565668	76.00	8.00	6.07	25.54	92521.53	49792	0	BartonZwiebach	
825	0:14:41	1/1/2019 	565711	143.00	8.00	7.82	25.54	92521.53	1848	0	BartonZwiebach	
826	0:14:42	1/1/2019 	566449	66.00	7.00	5.93	25.54	92523.34	3822	0	BartonZwiebach	
827	0:14:43	1/1/2019 	567383	978.00	662.00	118.91	25.54	92526.97	49793	0	BartonZwiebach	
828	0:14:43	1/1/2019 	567558	96.00	7.00	6.49	25.54	92526.97	49807	0	BartonZwiebach	
829	0:14:45	1/1/2019 	569414	630.00	9.00	14.37	25.53	92533.38	49793	0	BartonZwiebach	
830	0:14:46	1/1/2019 	570407	404.00	8.00	12.15	25.53	92536.67	49798	0	BartonZwiebach	
831	0:14:48	1/1/2019 	572336	184.00	7.00	8.91	25.53	92544.09	98496	0	BartonZwiebach	
832	0:14:48	1/1/2019 	572804	209.00	8.00	9.50	25.53	92544.09	51910	0	BartonZwiebach	
833	0:14:48	1/1/2019 	573153	980.00	587.00	101.96	25.53	92546.06	1847	0	BartonZwiebach	
834	0:14:49	1/1/2019 	573698	66.00	8.00	5.93	25.53	92547.72	49804	0	BartonZwiebach	
835	0:14:49	1/1/2019 	573896	85.00	7.00	6.23	25.54	92549.56	1848	0	BartonZwiebach	
836	0:14:50	1/1/2019 	574483	319.00	8.00	11.31	25.54	92551.38	1850	0	BartonZwiebach	
837	0:14:50	1/1/2019 	575130	689.00	12.00	15.63	25.54	92553.02	49796	0	BartonZwiebach	
838	0:14:51	1/1/2019 	575457	436.00	9.00	12.46	25.54	92554.84	3825	0	BartonZwiebach	
839	0:14:51	1/1/2019 	575757	372.00	7.00	11.82	25.54	92554.84	49793	0	BartonZwiebach	
840	0:14:52	1/1/2019 	577223	766.00	25.00	19.30	25.54	92560.11	49793	0	BartonZwiebach	
841	0:14:53	1/1/2019 	577903	368.00	8.00	11.84	25.54	92562.26	49794	0	BartonZwiebach	
842	0:14:54	1/1/2019 	578382	626.00	9.00	14.33	25.54	92564.41	1848	0	BartonZwiebach	
843	0:14:54	1/1/2019 	578408	131.00	7.00	7.47	25.54	92564.41	1851	0	BartonZwiebach	
844	0:14:54	1/1/2019 	579024	971.00	225.00	47.75	25.54	92566.05	51767	0	BartonZwiebach	
845	0:14:55	1/1/2019 	579735	884.00	86.00	27.40	25.54	92569.71	49799	0	BartonZwiebach	
846	0:14:56	1/1/2019 	580798	90.00	8.00	6.35	25.54	92572.84	50555	0	BartonZwiebach	
847	0:14:57	1/1/2019 	581416	145.00	7.00	7.87	25.54	92574.66	1848	0	BartonZwiebach	
848	0:14:57	1/1/2019 	581639	259.00	7.00	10.42	25.54	92574.66	49791	0	BartonZwiebach	
849	0:14:57	1/1/2019 	581959	905.00	109.00	31.74	25.54	92576.14	3969	0	BartonZwiebach	
850	0:15:00	1/1/2019 	585247	84.00	7.00	6.21	25.55	92585.61	145687	0	BartonZwiebach	
851	0:15:03	1/1/2019 	587585	131.00	7.00	7.47	25.56	92593.59	145676	0	BartonZwiebach	
852	0:15:03	1/1/2019 	587781	978.00	511.00	88.35	25.56	92593.59	1851	0	BartonZwiebach	
853	0:15:07	1/1/2019 	591354	965.00	285.00	54.73	25.57	92604.70	145712	0	BartonZwiebach	
854	0:15:08	1/1/2019 	592458	969.00	366.00	68.74	25.57	92607.19	50560	0	BartonZwiebach	
855	0:15:09	1/1/2019 	593615	442.00	8.00	12.43	25.58	92611.37	99889	0	BartonZwiebach	
856	0:15:10	1/1/2019 	594284	87.00	7.00	6.28	25.58	92612.69	1848	0	BartonZwiebach	
857	0:15:10	1/1/2019 	594720	306.00	8.00	11.14	25.58	92614.20	49793	0	BartonZwiebach	
858	0:15:10	1/1/2019 	594895	740.00	18.00	17.60	25.58	92614.20	1848	0	BartonZwiebach	
859	0:15:10	1/1/2019 	595102	90.00	8.00	6.35	25.58	92614.20	1850	0	BartonZwiebach	
860	0:15:11	1/1/2019 	595482	173.00	8.00	8.64	25.58	92615.20	1846	0	BartonZwiebach	
861	0:15:11	1/1/2019 	596159	117.00	7.00	7.06	25.58	92616.55	51787	0	BartonZwiebach	
862	0:15:12	1/1/2019 	596842	128.00	7.00	7.38	25.59	92619.22	49789	0	BartonZwiebach	
863	0:15:13	1/1/2019 	597570	688.00	11.00	15.29	25.59	92620.41	49791	0	BartonZwiebach	
864	0:15:13	1/1/2019 	597727	216.00	8.00	9.65	25.59	92620.41	1852	0	BartonZwiebach	
865	0:15:16	1/1/2019 	600396	175.00	7.00	8.69	25.60	92628.56	97731	0	BartonZwiebach	
866	0:15:16	1/1/2019 	601088	982.00	553.00	95.03	25.60	92629.72	50553	0	BartonZwiebach	
867	0:15:17	1/1/2019 	601591	957.00	162.00	41.08	25.61	92631.03	51942	0	BartonZwiebach	
868	0:15:17	1/1/2019 	602096	130.00	8.00	7.44	25.61	92632.55	1850	0	BartonZwiebach	
869	0:15:18	1/1/2019 	602848	262.00	8.00	10.49	25.61	92633.91	49789	0	BartonZwiebach	
870	0:15:18	1/1/2019 	602988	934.00	141.00	37.80	25.61	92635.55	1849	0	BartonZwiebach	
871	0:15:18	1/1/2019 	603149	956.00	157.00	40.36	25.61	92635.55	1851	0	BartonZwiebach	
872	0:15:18	1/1/2019 	603154	200.00	7.00	9.29	25.61	92635.55	1850	0	BartonZwiebach	
873	0:15:19	1/1/2019 	603741	642.00	9.00	14.47	25.62	92637.23	51840	0	BartonZwiebach	
874	0:15:19	1/1/2019 	603866	965.00	190.00	44.43	25.62	92637.23	1852	0	BartonZwiebach	
875	0:15:20	1/1/2019 	604846	146.00	7.00	7.90	25.62	92640.73	49796	0	BartonZwiebach	
876	0:15:20	1/1/2019 	604978	217.00	8.00	9.67	25.62	92640.73	1849	0	BartonZwiebach	
877	0:15:21	1/1/2019 	605706	782.00	29.00	20.04	25.62	92643.73	49790	0	BartonZwiebach	
878	0:15:21	1/1/2019 	606345	869.00	75.00	25.61	25.63	92645.22	1851	0	BartonZwiebach	
879	0:15:23	1/1/2019 	607651	783.00	31.00	20.35	25.63	92650.04	99734	0	BartonZwiebach	
880	0:15:23	1/1/2019 	607933	156.00	7.00	8.18	25.63	92650.04	1851	0	BartonZwiebach	
881	0:15:23	1/1/2019 	608298	765.00	26.00	19.48	25.64	92651.72	1850	0	BartonZwiebach	
882	0:15:24	1/1/2019 	608900	272.00	8.00	10.65	25.64	92653.23	49792	0	BartonZwiebach	
883	0:15:25	1/1/2019 	609996	259.00	8.00	10.44	25.64	92656.57	49793	0	BartonZwiebach	
884	0:15:26	1/1/2019 	610429	198.00	8.00	9.25	25.65	92658.09	2618	0	BartonZwiebach	
885	0:15:27	1/1/2019 	611820	370.00	8.00	11.86	25.65	92662.41	99880	0	BartonZwiebach	
886	0:15:27	1/1/2019 	612171	87.00	8.00	6.28	25.65	92662.41	1848	0	BartonZwiebach	
887	0:15:29	1/1/2019 	613643	284.00	7.00	10.80	25.66	92667.10	97728	0	BartonZwiebach	
888	0:15:29	1/1/2019 	613754	600.00	9.00	14.02	25.66	92667.10	1852	0	BartonZwiebach	
889	0:15:29	1/1/2019 	613943	101.00	7.00	6.62	25.67	92668.29	1849	0	BartonZwiebach	
890	0:15:30	1/1/2019 	614882	972.00	544.00	93.40	25.67	92669.94	49791	0	BartonZwiebach	
891	0:15:30	1/1/2019 	614900	145.00	7.00	7.87	25.67	92669.94	3846	0	BartonZwiebach	
892	0:15:30	1/1/2019 	615048	229.00	7.00	9.89	25.67	92671.45	1849	0	BartonZwiebach	
893	0:15:31	1/1/2019 	615396	163.00	7.00	8.37	25.67	92671.45	1849	0	BartonZwiebach	
894	0:15:31	1/1/2019 	615472	145.00	7.00	7.87	25.67	92672.81	1849	0	BartonZwiebach	
895	0:15:31	1/1/2019 	616144	64.00	8.00	5.92	25.67	92674.30	49789	0	BartonZwiebach	
896	0:15:32	1/1/2019 	616493	456.00	8.00	12.52	25.68	92675.81	1845	0	BartonZwiebach	
897	0:15:32	1/1/2019 	616887	410.00	7.00	12.13	25.68	92675.81	51785	0	BartonZwiebach	
898	0:15:32	1/1/2019 	617383	74.00	7.00	6.03	25.68	92677.30	1850	0	BartonZwiebach	
899	0:15:33	1/1/2019 	617741	335.00	7.00	11.45	25.68	92678.81	49790	0	BartonZwiebach	
900	0:15:38	1/1/2019 	622558	556.00	8.00	13.34	25.71	92692.05	241564	0	BartonZwiebach	
901	0:15:38	1/1/2019 	623378	571.00	8.00	13.50	25.71	92694.56	2608	0	BartonZwiebach	
902	0:15:40	1/1/2019 	625059	498.00	8.00	12.81	25.72	92698.42	97733	0	BartonZwiebach	
903	0:15:40	1/1/2019 	625080	82.00	7.00	6.17	25.72	92698.42	3990	0	BartonZwiebach	
904	0:15:41	1/1/2019 	626035	972.00	352.00	66.24	25.73	92701.27	49791	0	BartonZwiebach	
905	0:15:42	1/1/2019 	626960	894.00	102.00	30.35	25.74	92703.97	49801	0	BartonZwiebach	
906	0:15:43	1/1/2019 	627555	626.00	9.00	14.33	25.74	92705.48	49797	0	BartonZwiebach	
907	0:15:43	1/1/2019 	627956	96.00	7.00	6.49	25.74	92706.64	1850	0	BartonZwiebach	
908	0:15:46	1/1/2019 	630927	494.00	8.00	12.78	25.76	92713.55	145675	0	BartonZwiebach	
909	0:15:48	1/1/2019 	632475	916.00	123.00	34.49	25.77	92717.41	52776	0	BartonZwiebach	
910	0:15:49	1/1/2019 	633873	152.00	7.00	8.07	25.78	92721.64	97743	0	BartonZwiebach	
911	0:15:52	1/1/2019 	637388	189.00	7.00	9.03	25.80	92731.71	145673	0	BartonZwiebach	
912	0:15:54	1/1/2019 	639263	962.00	229.00	48.12	25.81	92735.24	97733	0	BartonZwiebach	
913	0:15:55	1/1/2019 	639558	145.00	8.00	7.87	25.81	92736.79	49799	0	BartonZwiebach	
914	0:15:57	1/1/2019 	641779	79.00	8.00	6.12	25.83	92741.81	100639	0	BartonZwiebach	
915	0:15:58	1/1/2019 	642741	134.00	7.00	7.55	25.83	92743.99	49789	0	BartonZwiebach	
916	0:15:58	1/1/2019 	642953	106.00	7.00	6.75	25.84	92745.34	1850	0	BartonZwiebach	
917	0:15:59	1/1/2019 	644067	965.00	189.00	44.33	25.84	92747.55	49792	0	BartonZwiebach	
918	0:15:59	1/1/2019 	644190	158.00	7.00	8.23	25.84	92747.55	1852	0	BartonZwiebach	
919	0:15:59	1/1/2019 	644261	93.00	7.00	6.42	25.84	92747.55	1849	0	BartonZwiebach	
920	0:16:00	1/1/2019 	644602	961.00	167.00	41.76	25.85	92749.05	51790	0	BartonZwiebach	
921	0:16:01	1/1/2019 	646195	632.00	9.00	14.39	25.86	92753.08	49799	0	BartonZwiebach	
922	0:16:02	1/1/2019 	646657	936.00	144.00	38.31	25.86	92754.27	49793	0	BartonZwiebach	
923	0:16:02	1/1/2019 	647007	213.00	7.00	9.57	25.86	92754.27	1851	0	BartonZwiebach	
924	0:16:02	1/1/2019 	647322	961.00	171.00	42.27	25.86	92755.29	1848	0	BartonZwiebach	
925	0:16:04	1/1/2019 	648448	589.00	8.00	13.71	25.87	92757.66	49796	0	BartonZwiebach	
926	0:16:04	1/1/2019 	648493	128.00	7.00	7.38	25.87	92757.66	3846	0	BartonZwiebach	
927	0:16:04	1/1/2019 	648720	883.00	88.00	27.74	25.87	92758.66	49791	0	BartonZwiebach	
928	0:16:09	1/1/2019 	654011	108.00	7.00	6.81	25.90	92770.81	241570	0	BartonZwiebach	
929	0:16:09	1/1/2019 	654290	938.00	145.00	38.48	25.90	92770.81	2610	0	BartonZwiebach	
930	0:16:10	1/1/2019 	654499	802.00	45.00	22.01	25.91	92772.50	1850	0	BartonZwiebach	
931	0:16:11	1/1/2019 	655415	945.00	150.00	39.29	25.91	92774.98	49841	0	BartonZwiebach	
932	0:16:11	1/1/2019 	656267	153.00	8.00	8.10	25.92	92776.33	51935	0	BartonZwiebach	
933	0:16:12	1/1/2019 	656924	221.00	7.00	9.73	25.92	92777.36	49788	0	BartonZwiebach	
934	0:16:13	1/1/2019 	657451	182.00	8.00	8.87	25.92	92778.55	1849	0	BartonZwiebach	
935	0:16:15	1/1/2019 	659656	464.00	7.00	12.49	25.94	92785.25	145671	0	BartonZwiebach	
936	0:16:15	1/1/2019 	659900	374.00	8.00	11.90	25.94	92785.25	2610	0	BartonZwiebach	
937	0:16:17	1/1/2019 	661548	110.00	7.00	6.86	25.95	92789.31	97730	0	BartonZwiebach	
938	0:16:17	1/1/2019 	661598	921.00	122.00	34.31	25.95	92789.31	4012	0	BartonZwiebach	
939	0:16:17	1/1/2019 	661894	463.00	8.00	12.57	25.95	92790.50	1850	0	BartonZwiebach	
940	0:16:17	1/1/2019 	662162	690.00	11.00	15.30	25.95	92790.50	1847	0	BartonZwiebach	
941	0:16:19	1/1/2019 	663410	846.00	60.00	23.63	25.97	92794.56	49792	0	BartonZwiebach	
942	0:16:20	1/1/2019 	664773	967.00	274.00	53.18	25.98	92797.94	97736	0	BartonZwiebach	
943	0:16:21	1/1/2019 	666380	396.00	8.00	12.09	25.99	92801.14	49798	0	BartonZwiebach	
944	0:16:22	1/1/2019 	667229	225.00	8.00	9.83	25.99	92802.50	51787	0	BartonZwiebach	
945	0:16:22	1/1/2019 	667341	591.00	8.00	13.73	25.99	92802.50	1847	0	BartonZwiebach	
946	0:16:23	1/1/2019 	667491	920.00	126.00	35.07	25.99	92803.69	1847	0	BartonZwiebach	
947	0:16:25	1/1/2019 	669445	107.00	8.00	6.78	26.01	92808.91	97738	0	BartonZwiebach	
948	0:16:25	1/1/2019 	669647	975.00	346.00	65.15	26.01	92808.91	49788	0	BartonZwiebach	
949	0:16:25	1/1/2019 	669695	888.00	91.00	28.29	26.01	92808.91	2806	0	BartonZwiebach	
950	0:16:25	1/1/2019 	669872	198.00	8.00	9.25	26.01	92808.91	3991	0	BartonZwiebach	
951	0:16:25	1/1/2019 	670069	138.00	7.00	7.67	26.01	92809.94	1847	0	BartonZwiebach	
952	0:16:26	1/1/2019 	670623	687.00	11.00	15.29	26.01	92810.92	49788	0	BartonZwiebach	
953	0:16:27	1/1/2019 	671844	533.00	8.00	13.11	26.02	92813.63	49792	0	BartonZwiebach	
954	0:16:27	1/1/2019 	672098	970.00	208.00	46.18	26.03	92814.98	1850	0	BartonZwiebach	
955	0:16:29	1/1/2019 	674000	930.00	142.00	37.97	26.04	92818.55	97741	0	BartonZwiebach	
956	0:16:29	1/1/2019 	674340	975.00	321.00	60.64	26.04	92819.55	3850	0	BartonZwiebach	
957	0:16:30	1/1/2019 	674727	914.00	123.00	34.49	26.04	92821.23	49799	0	BartonZwiebach	
958	0:16:30	1/1/2019 	674970	966.00	212.00	46.55	26.04	92821.23	1852	0	BartonZwiebach	
959	0:16:31	1/1/2019 	675478	566.00	8.00	13.45	26.05	92822.26	1850	0	BartonZwiebach	
960	0:16:33	1/1/2019 	678255	974.00	496.00	86.37	26.06	92827.52	145672	0	BartonZwiebach	
961	0:16:34	1/1/2019 	678437	719.00	14.00	16.35	26.07	92828.84	1852	0	BartonZwiebach	
962	0:16:34	1/1/2019 	678604	364.00	8.00	11.80	26.07	92828.84	51790	0	BartonZwiebach	
963	0:16:36	1/1/2019 	681103	968.00	308.00	58.39	26.08	92834.12	97735	0	BartonZwiebach	
964	0:16:37	1/1/2019 	682089	127.00	8.00	7.35	26.09	92836.14	50758	0	BartonZwiebach	
965	0:16:38	1/1/2019 	682865	684.00	11.00	15.29	26.09	92837.33	49790	0	BartonZwiebach	
966	0:16:39	1/1/2019 	683453	467.00	8.00	12.60	26.10	92839.15	1851	0	BartonZwiebach	
967	0:16:39	1/1/2019 	684350	66.00	7.00	5.93	26.10	92840.87	51929	0	BartonZwiebach	
968	0:16:41	1/1/2019 	685487	536.00	8.00	13.14	26.11	92842.88	49788	0	BartonZwiebach	
969	0:16:43	1/1/2019 	688081	110.00	7.00	6.86	26.12	92847.80	145675	0	BartonZwiebach	
970	0:16:44	1/1/2019 	688396	275.00	7.00	10.67	26.13	92848.83	1850	0	BartonZwiebach	
971	0:16:45	1/1/2019 	690135	103.00	7.00	6.67	26.14	92851.67	97735	0	BartonZwiebach	
972	0:16:47	1/1/2019 	692316	69.00	7.00	5.96	26.15	92856.93	98685	0	BartonZwiebach	
973	0:16:48	1/1/2019 	692897	963.00	231.00	48.31	26.15	92857.95	51930	0	BartonZwiebach	
974	0:16:48	1/1/2019 	692986	511.00	8.00	12.92	26.15	92857.95	1851	0	BartonZwiebach	
975	0:16:48	1/1/2019 	693128	106.00	7.00	6.75	26.15	92857.95	1847	0	BartonZwiebach	
976	0:16:48	1/1/2019 	693192	399.00	8.00	12.11	26.15	92857.95	1849	0	BartonZwiebach	
977	0:16:49	1/1/2019 	694093	346.00	8.00	11.62	26.16	92859.97	49788	0	BartonZwiebach	
978	0:16:50	1/1/2019 	694891	103.00	7.00	6.67	26.17	92862.16	49790	0	BartonZwiebach	
979	0:16:51	1/1/2019 	695737	66.00	7.00	5.93	26.17	92862.98	51787	0	BartonZwiebach	
980	0:16:53	1/1/2019 	697872	406.00	7.00	12.10	26.18	92867.08	97728	0	BartonZwiebach	
981	0:16:53	1/1/2019 	698314	204.00	7.00	9.38	26.18	92868.07	1850	0	BartonZwiebach	
982	0:16:54	1/1/2019 	699350	965.00	201.00	45.52	26.19	92869.92	49789	0	BartonZwiebach	
983	0:16:55	1/1/2019 	699677	155.00	7.00	8.15	26.19	92870.78	49798	0	BartonZwiebach	
984	0:16:55	1/1/2019 	699768	78.00	7.00	6.10	26.19	92870.78	2806	0	BartonZwiebach	
985	0:16:55	1/1/2019 	699775	146.00	8.00	7.90	26.19	92870.78	4043	0	BartonZwiebach	
986	0:16:55	1/1/2019 	699887	217.00	7.00	9.65	26.19	92870.78	1847	0	BartonZwiebach	
987	0:16:55	1/1/2019 	700202	558.00	8.00	13.36	26.19	92871.95	1848	0	BartonZwiebach	
988	0:16:57	1/1/2019 	702008	839.00	69.00	24.70	26.20	92874.33	97728	0	BartonZwiebach	
989	0:16:57	1/1/2019 	702237	161.00	8.00	8.32	26.20	92875.34	1851	0	BartonZwiebach	
990	0:16:58	1/1/2019 	702620	965.00	279.00	53.87	26.20	92875.34	49787	0	BartonZwiebach	
991	0:16:58	1/1/2019 	702660	650.00	9.00	14.52	26.20	92875.34	3850	0	BartonZwiebach	
992	0:16:58	1/1/2019 	702810	962.00	172.00	42.40	26.21	92876.37	1850	0	BartonZwiebach	
993	0:16:58	1/1/2019 	703366	105.00	7.00	6.72	26.21	92877.20	1850	0	BartonZwiebach	
994	0:16:59	1/1/2019 	704025	87.00	7.00	6.28	26.21	92878.05	49789	0	BartonZwiebach	
995	0:17:00	1/1/2019 	704722	661.00	10.00	14.88	26.22	92879.25	49790	0	BartonZwiebach	
996	0:17:00	1/1/2019 	705269	66.00	8.00	5.93	26.22	92881.27	1850	0	BartonZwiebach	
997	0:17:01	1/1/2019 	705396	966.00	276.00	53.45	26.22	92881.27	3846	0	BartonZwiebach	
998	0:17:01	1/1/2019 	706214	112.00	7.00	6.92	26.22	92882.26	49798	0	BartonZwiebach	
999	0:17:01	1/1/2019 	706352	90.00	7.00	6.34	26.23	92883.12	1850	0	BartonZwiebach	
1000	0:17:02	1/1/2019 	706645	349.00	8.00	11.65	26.23	92883.12	49789	0	BartonZwiebach	
1001	0:17:03	1/1/2019 	707698	81.00	7.00	6.15	26.23	92884.97	49792	0	BartonZwiebach	
1002	0:17:07	1/1/2019 	711852	444.00	8.00	12.44	26.25	92892.56	193619	0	BartonZwiebach	
1003	0:17:08	1/1/2019 	712574	75.00	9.00	6.05	26.26	92894.39	52888	0	BartonZwiebach	
1004	0:17:08	1/1/2019 	712623	768.00	24.00	19.10	26.26	92894.39	1850	0	BartonZwiebach	
1005	0:17:09	1/1/2019 	713623	210.00	8.00	9.52	26.26	92896.61	49792	0	BartonZwiebach	
1006	0:17:09	1/1/2019 	713999	152.00	7.00	8.07	26.26	92896.61	1847	0	BartonZwiebach	
1007	0:17:10	1/1/2019 	714411	928.00	136.00	36.92	26.27	92897.62	1852	0	BartonZwiebach	
1008	0:17:10	1/1/2019 	715136	533.00	8.00	13.11	26.27	92899.31	49803	0	BartonZwiebach	
1009	0:17:10	1/1/2019 	715181	748.00	20.00	18.15	26.27	92899.31	3844	0	BartonZwiebach	
1010	0:17:11	1/1/2019 	716228	217.00	7.00	9.65	26.28	92901.00	49794	0	BartonZwiebach	
1011	0:17:12	1/1/2019 	716810	589.00	8.00	13.71	26.28	92902.02	49791	0	BartonZwiebach	
1012	0:17:15	1/1/2019 	720259	585.00	8.00	13.66	26.29	92907.91	145676	0	BartonZwiebach	
1013	0:17:16	1/1/2019 	721182	64.00	7.00	5.91	26.30	92909.77	50749	0	BartonZwiebach	
1014	0:17:17	1/1/2019 	721949	790.00	36.00	21.02	26.30	92911.61	49791	0	BartonZwiebach	
1015	0:17:18	1/1/2019 	722446	446.00	8.00	12.46	26.31	92912.47	4047	0	BartonZwiebach	
1016	0:17:18	1/1/2019 	723239	163.00	8.00	8.38	26.31	92913.33	49792	0	BartonZwiebach	
1017	0:17:18	1/1/2019 	723388	76.00	7.00	6.06	26.31	92913.33	1846	0	BartonZwiebach	
1018	0:17:19	1/1/2019 	723495	976.00	590.00	102.53	26.31	92914.16	1849	0	BartonZwiebach	
1019	0:17:20	1/1/2019 	724888	164.00	8.00	8.40	26.32	92915.84	97762	0	BartonZwiebach	
1020	0:17:20	1/1/2019 	725109	224.00	8.00	9.81	26.32	92917.00	1848	0	BartonZwiebach	
1021	0:17:21	1/1/2019 	725637	249.00	7.00	10.25	26.32	92917.86	51789	0	BartonZwiebach	
1022	0:17:21	1/1/2019 	726065	975.00	425.00	77.87	26.32	92918.88	1850	0	BartonZwiebach	
1023	0:17:21	1/1/2019 	726182	264.00	7.00	10.50	26.32	92918.88	1850	0	BartonZwiebach	
1024	0:17:22	1/1/2019 	726979	70.00	7.00	5.98	26.32	92919.88	49797	0	BartonZwiebach	
1025	0:17:22	1/1/2019 	727114	256.00	7.00	10.37	26.33	92920.91	1854	0	BartonZwiebach	
1026	0:17:22	1/1/2019 	727374	760.00	23.00	18.87	26.33	92920.91	3845	0	BartonZwiebach	
1027	0:17:24	1/1/2019 	729049	424.00	8.00	12.30	26.33	92924.27	97738	0	BartonZwiebach	
1028	0:17:25	1/1/2019 	730117	159.00	7.00	8.26	26.34	92925.59	49793	0	BartonZwiebach	
1029	0:17:26	1/1/2019 	730680	120.00	7.00	7.15	26.34	92926.78	50749	0	BartonZwiebach	
1030	0:17:28	1/1/2019 	732700	403.00	8.00	12.14	26.35	92930.66	97735	0	BartonZwiebach	
1031	0:17:28	1/1/2019 	732800	228.00	8.00	9.89	26.35	92931.65	1848	0	BartonZwiebach	
1032	0:17:28	1/1/2019 	733190	948.00	151.00	39.45	26.35	92931.65	3988	0	BartonZwiebach	
1033	0:17:28	1/1/2019 	733382	983.00	490.00	85.62	26.35	92932.51	1851	0	BartonZwiebach	
1034	0:17:30	1/1/2019 	734410	90.00	7.00	6.34	26.36	92934.36	49803	0	BartonZwiebach	
1035	0:17:30	1/1/2019 	734490	88.00	8.00	6.30	26.36	92934.36	1850	0	BartonZwiebach	
1036	0:17:30	1/1/2019 	735233	382.00	8.00	11.97	26.36	92935.22	49790	0	BartonZwiebach	
1037	0:17:31	1/1/2019 	735849	920.00	127.00	35.26	26.36	92936.05	49792	0	BartonZwiebach	
1038	0:17:31	1/1/2019 	735870	439.00	8.00	12.41	26.36	92936.05	3848	0	BartonZwiebach	
1039	0:17:31	1/1/2019 	736060	62.00	7.00	5.90	26.37	92937.23	1847	0	BartonZwiebach	
1040	0:17:34	1/1/2019 	738802	90.00	7.00	6.34	26.38	92941.61	145676	0	BartonZwiebach	
1041	0:17:36	1/1/2019 	741249	904.00	112.00	32.33	26.39	92946.33	97738	0	BartonZwiebach	
1042	0:17:38	1/1/2019 	742894	922.00	130.00	35.82	26.40	92949.05	98702	0	BartonZwiebach	
1043	0:17:39	1/1/2019 	744276	102.00	7.00	6.64	26.41	92951.56	49797	0	BartonZwiebach	
1044	0:17:40	1/1/2019 	745081	183.00	7.00	8.89	26.41	92952.59	51988	0	BartonZwiebach	
1045	0:17:41	1/1/2019 	745425	420.00	8.00	12.27	26.41	92953.61	1850	0	BartonZwiebach	
1046	0:17:44	1/1/2019 	748962	142.00	7.00	7.78	26.43	92959.33	193625	0	BartonZwiebach	
1047	0:17:44	1/1/2019 	749164	988.00	769.00	137.28	26.43	92959.33	1852	0	BartonZwiebach	
1048	0:17:45	1/1/2019 	749826	524.00	8.00	13.03	26.43	92960.52	49812	0	BartonZwiebach	
1049	0:17:45	1/1/2019 	750034	551.00	8.00	13.29	26.43	92961.38	2807	0	BartonZwiebach	
1050	0:17:46	1/1/2019 	751209	715.00	14.00	16.35	26.43	92963.03	51937	0	BartonZwiebach	
1051	0:17:47	1/1/2019 	751740	965.00	280.00	54.01	26.44	92963.89	49797	0	BartonZwiebach	
1052	0:17:48	1/1/2019 	753125	779.00	30.00	20.19	26.44	92966.73	49800	0	BartonZwiebach	
1053	0:17:49	1/1/2019 	753487	84.00	7.00	6.21	26.44	92966.73	1851	0	BartonZwiebach	
1054	0:17:50	1/1/2019 	754797	66.00	7.00	5.93	26.45	92969.45	97735	0	BartonZwiebach	
1055	0:17:51	1/1/2019 	755608	893.00	100.00	29.97	26.45	92969.94	49794	0	BartonZwiebach	
1056	0:17:53	1/1/2019 	758150	409.00	8.00	12.19	26.46	92974.01	99741	0	BartonZwiebach	
1057	0:17:54	1/1/2019 	759085	83.00	7.00	6.19	26.46	92975.53	49793	0	BartonZwiebach	
1058	0:17:55	1/1/2019 	759424	186.00	7.00	8.96	26.47	92976.36	1850	0	BartonZwiebach	
1059	0:17:55	1/1/2019 	760093	249.00	7.00	10.25	26.47	92977.52	49795	0	BartonZwiebach	
1060	0:17:57	1/1/2019 	762155	77.00	7.00	6.08	26.48	92980.89	98694	0	BartonZwiebach	
1061	0:17:58	1/1/2019 	762904	131.00	8.00	7.47	26.48	92982.74	49792	0	BartonZwiebach	
1062	0:17:59	1/1/2019 	763409	126.00	7.00	7.32	26.48	92982.74	3987	0	BartonZwiebach	
1063	0:17:59	1/1/2019 	763988	989.00	815.00	145.70	26.48	92984.27	49793	0	BartonZwiebach	
1064	0:18:00	1/1/2019 	764704	698.00	12.00	15.65	26.49	92985.09	49813	0	BartonZwiebach	
1065	0:18:00	1/1/2019 	764759	189.00	7.00	9.03	26.49	92985.09	1850	0	BartonZwiebach	
1066	0:18:00	1/1/2019 	764808	77.00	7.00	6.08	26.49	92985.09	1848	0	BartonZwiebach	
1067	0:18:00	1/1/2019 	764862	117.00	7.00	7.06	26.49	92985.09	3846	0	BartonZwiebach	
1068	0:18:00	1/1/2019 	765362	558.00	8.00	13.36	26.49	92986.12	1849	0	BartonZwiebach	
1069	0:18:03	1/1/2019 	767562	810.00	53.00	22.81	26.50	92989.66	145680	0	BartonZwiebach	
1070	0:18:05	1/1/2019 	769934	374.00	8.00	11.90	26.51	92994.81	97744	0	BartonZwiebach	
1071	0:18:05	1/1/2019 	770394	114.00	8.00	6.98	26.51	92995.84	2806	0	BartonZwiebach	
1072	0:18:08	1/1/2019 	772611	364.00	8.00	11.80	26.52	92998.72	145674	0	BartonZwiebach	
1073	0:18:09	1/1/2019 	773569	933.00	144.00	38.31	26.52	93000.89	51934	0	BartonZwiebach	
1074	0:18:09	1/1/2019 	773585	754.00	22.00	18.64	26.52	93000.89	1852	0	BartonZwiebach	
1075	0:18:09	1/1/2019 	773768	214.00	8.00	9.60	26.52	93000.89	1850	0	BartonZwiebach	
1076	0:18:09	1/1/2019 	774236	869.00	81.00	26.53	26.52	93001.72	1848	0	BartonZwiebach	
1077	0:18:13	1/1/2019 	777789	105.00	7.00	6.72	26.53	93008.41	193633	0	BartonZwiebach	
1078	0:18:13	1/1/2019 	778222	977.00	319.00	60.28	26.54	93009.43	1851	0	BartonZwiebach	
1079	0:18:13	1/1/2019 	778301	196.00	8.00	9.21	26.54	93009.43	3847	0	BartonZwiebach	
1080	0:18:14	1/1/2019 	779009	110.00	7.00	6.86	26.54	93011.12	49788	0	BartonZwiebach	
1081	0:18:15	1/1/2019 	780384	121.00	7.00	7.18	26.54	93012.97	49795	0	BartonZwiebach	
1082	0:18:17	1/1/2019 	781802	967.00	292.00	55.79	26.55	93015.48	98692	0	BartonZwiebach	
1083	0:18:18	1/1/2019 	783003	87.00	7.00	6.28	26.55	93017.33	49801	0	BartonZwiebach	
1084	0:18:20	1/1/2019 	784639	123.00	7.00	7.23	26.56	93019.84	97735	0	BartonZwiebach	
1085	0:18:20	1/1/2019 	784796	157.00	8.00	8.21	26.56	93020.67	3990	0	BartonZwiebach	
1086	0:18:20	1/1/2019 	785004	805.00	41.00	21.61	26.56	93020.67	1847	0	BartonZwiebach	
1087	0:18:23	1/1/2019 	787470	148.00	8.00	7.96	26.57	93024.70	97740	0	BartonZwiebach	
1088	0:18:25	1/1/2019 	789639	62.00	7.00	5.90	26.57	93028.08	145674	0	BartonZwiebach	
1089	0:18:26	1/1/2019 	790707	468.00	8.00	12.60	26.58	93029.94	50749	0	BartonZwiebach	
1090	0:18:26	1/1/2019 	791339	72.00	7.00	6.00	26.58	93030.59	1849	0	BartonZwiebach	
1091	0:18:27	1/1/2019 	791398	312.00	8.00	11.22	26.58	93030.59	4044	0	BartonZwiebach	
1092	0:18:27	1/1/2019 	791856	157.00	8.00	8.21	26.58	93031.62	49791	0	BartonZwiebach	
1093	0:18:27	1/1/2019 	792007	818.00	60.00	23.57	26.58	93032.61	1847	0	BartonZwiebach	
1094	0:18:28	1/1/2019 	792642	176.00	7.00	8.71	26.58	93033.11	49794	0	BartonZwiebach	
1095	0:18:29	1/1/2019 	794129	93.00	7.00	6.42	26.59	93035.79	49792	0	BartonZwiebach	
1096	0:18:31	1/1/2019 	795872	871.00	82.00	26.70	26.59	93038.30	97735	0	BartonZwiebach	
1097	0:18:32	1/1/2019 	796610	610.00	9.00	14.15	26.59	93039.13	51794	0	BartonZwiebach	
1098	0:18:32	1/1/2019 	796638	105.00	7.00	6.72	26.59	93039.13	1851	0	BartonZwiebach	
1099	0:18:32	1/1/2019 	796689	208.00	8.00	9.48	26.60	93039.99	1850	0	BartonZwiebach	
1100	0:18:36	1/1/2019 	801293	778.00	30.00	20.19	26.61	93046.20	193619	0	BartonZwiebach	
1101	0:18:38	1/1/2019 	803028	114.00	7.00	6.97	26.62	93049.58	98697	0	BartonZwiebach	
1102	0:18:39	1/1/2019 	803913	971.00	301.00	57.22	26.62	93050.44	49791	0	BartonZwiebach	
1103	0:18:39	1/1/2019 	803934	73.00	7.00	6.02	26.62	93051.08	3990	0	BartonZwiebach	
1104	0:18:39	1/1/2019 	804160	104.00	7.00	6.70	26.62	93051.08	1848	0	BartonZwiebach	
1105	0:18:39	1/1/2019 	804388	967.00	287.00	55.03	26.62	93051.08	1849	0	BartonZwiebach	
1106	0:18:41	1/1/2019 	805719	198.00	8.00	9.25	26.63	93053.45	97749	0	BartonZwiebach	
1107	0:18:42	1/1/2019 	806670	962.00	220.00	47.28	26.63	93055.31	49792	0	BartonZwiebach	
1108	0:18:42	1/1/2019 	807370	519.00	8.00	12.98	26.63	93055.80	3849	0	BartonZwiebach	
1109	0:18:43	1/1/2019 	808332	112.00	8.00	6.92	26.64	93057.16	49791	0	BartonZwiebach	
1110	0:18:44	1/1/2019 	808475	159.00	7.00	8.26	26.64	93057.16	1849	0	BartonZwiebach	
1111	0:18:45	1/1/2019 	809659	680.00	11.00	15.27	26.64	93059.52	97735	0	BartonZwiebach	
1112	0:18:45	1/1/2019 	809984	66.00	7.00	5.93	26.64	93059.52	2807	0	BartonZwiebach	
1113	0:18:46	1/1/2019 	810767	92.00	7.00	6.39	26.64	93061.20	49790	0	BartonZwiebach	
1114	0:18:47	1/1/2019 	812249	971.00	435.00	79.14	26.65	93063.71	51931	0	BartonZwiebach	
1115	0:18:48	1/1/2019 	812766	326.00	8.00	11.39	26.65	93064.38	49804	0	BartonZwiebach	
1116	0:18:48	1/1/2019 	813303	157.00	7.00	8.21	26.65	93065.03	1854	0	BartonZwiebach	
1117	0:18:49	1/1/2019 	813751	75.00	7.00	6.05	26.65	93065.03	49792	0	BartonZwiebach	
1118	0:18:49	1/1/2019 	813841	291.00	7.00	10.90	26.65	93065.89	1851	0	BartonZwiebach	
1119	0:18:49	1/1/2019 	813883	65.00	8.00	5.92	26.65	93065.89	1849	0	BartonZwiebach	
1120	0:18:50	1/1/2019 	814424	164.00	7.00	8.40	26.65	93066.55	3900	0	BartonZwiebach	
1121	0:18:51	1/1/2019 	816035	173.00	7.00	8.63	26.66	93068.91	97733	0	BartonZwiebach	
1122	0:18:51	1/1/2019 	816385	572.00	8.00	13.51	26.66	93069.92	1849	0	BartonZwiebach	
1123	0:18:52	1/1/2019 	816783	217.00	7.00	9.65	26.66	93069.92	49791	0	BartonZwiebach	
1124	0:18:52	1/1/2019 	817093	975.00	341.00	64.24	26.66	93070.42	1851	0	BartonZwiebach	
1125	0:18:53	1/1/2019 	817896	906.00	109.00	31.75	26.66	93071.25	49801	0	BartonZwiebach	
1126	0:18:53	1/1/2019 	818355	640.00	9.00	14.45	26.67	93072.11	3848	0	BartonZwiebach	
1127	0:18:54	1/1/2019 	818660	71.00	7.00	5.99	26.67	93072.44	49793	0	BartonZwiebach	
1128	0:18:54	1/1/2019 	819133	161.00	7.00	8.32	26.67	93073.27	1850	0	BartonZwiebach	
1129	0:18:55	1/1/2019 	819736	179.00	8.00	8.80	26.67	93073.94	49793	0	BartonZwiebach	
1130	0:18:55	1/1/2019 	819969	68.00	7.00	5.95	26.67	93073.94	2803	0	BartonZwiebach	
1131	0:18:56	1/1/2019 	821365	582.00	8.00	13.63	26.67	93075.98	49791	0	BartonZwiebach	
1132	0:18:57	1/1/2019 	821593	686.00	11.00	15.29	26.68	93076.65	51875	0	BartonZwiebach	
1133	0:18:58	1/1/2019 	822481	146.00	7.00	7.90	26.68	93076.98	1852	0	BartonZwiebach	
1134	0:18:58	1/1/2019 	822839	710.00	13.00	16.01	26.68	93077.84	49794	0	BartonZwiebach	
1135	0:18:58	1/1/2019 	822914	129.00	7.00	7.41	26.68	93077.84	1850	0	BartonZwiebach	
1136	0:18:58	1/1/2019 	823012	588.00	12.00	14.33	26.68	93077.84	1850	0	BartonZwiebach	
1137	0:19:00	1/1/2019 	825146	139.00	8.00	7.70	26.68	93080.48	97736	0	BartonZwiebach	
1138	0:19:00	1/1/2019 	825219	933.00	142.00	37.97	26.69	93081.34	6323	0	BartonZwiebach	
1139	0:19:01	1/1/2019 	825885	242.00	8.00	10.15	26.69	93082.20	49798	0	BartonZwiebach	
1140	0:19:03	1/1/2019 	827897	87.00	7.00	6.28	26.69	93084.88	97733	0	BartonZwiebach	
1141	0:19:04	1/1/2019 	829227	306.00	8.00	11.14	26.70	93086.58	49793	0	BartonZwiebach	
1142	0:19:06	1/1/2019 	830442	114.00	7.00	6.97	26.70	93088.76	49792	0	BartonZwiebach	
1143	0:19:06	1/1/2019 	831084	120.00	7.00	7.15	26.71	93089.62	50551	0	BartonZwiebach	
1144	0:19:07	1/1/2019 	831669	82.00	7.00	6.17	26.71	93090.11	51929	0	BartonZwiebach	
1145	0:19:07	1/1/2019 	832246	678.00	10.00	14.94	26.71	93090.97	1850	0	BartonZwiebach	
1146	0:19:08	1/1/2019 	832486	655.00	9.00	14.55	26.71	93091.77	1849	0	BartonZwiebach	
1147	0:19:10	1/1/2019 	834741	585.00	8.00	13.66	26.71	93094.16	145679	0	BartonZwiebach	
1148	0:19:10	1/1/2019 	834961	689.00	11.00	15.30	26.71	93094.16	1849	0	BartonZwiebach	
1149	0:19:12	1/1/2019 	836684	623.00	9.00	14.30	26.72	93096.53	99735	0	BartonZwiebach	
1150	0:19:14	1/1/2019 	838408	880.00	87.00	27.56	26.73	93098.88	49794	0	BartonZwiebach	
1151	0:19:14	1/1/2019 	839211	147.00	7.00	7.93	26.73	93099.21	49797	0	BartonZwiebach	
1152	0:19:14	1/1/2019 	839265	518.00	8.00	12.97	26.73	93100.05	1849	0	BartonZwiebach	
1153	0:19:15	1/1/2019 	839714	123.00	7.00	7.23	26.73	93100.05	49792	0	BartonZwiebach	
1154	0:19:15	1/1/2019 	840025	678.00	10.00	14.94	26.73	93100.54	2609	0	BartonZwiebach	
1155	0:19:16	1/1/2019 	840661	182.00	10.00	8.89	26.73	93101.40	51931	0	BartonZwiebach	
1156	0:19:18	1/1/2019 	842431	73.00	7.00	6.02	26.74	93104.41	49793	0	BartonZwiebach	
1157	0:19:18	1/1/2019 	842824	690.00	11.00	15.30	26.74	93104.41	49792	0	BartonZwiebach	
1158	0:19:18	1/1/2019 	843281	142.00	7.00	7.78	26.74	93105.23	1850	0	BartonZwiebach	
1159	0:19:19	1/1/2019 	843566	693.00	11.00	15.30	26.74	93105.57	49791	0	BartonZwiebach	
1160	0:19:19	1/1/2019 	844387	416.00	8.00	12.24	26.74	93106.59	1851	0	BartonZwiebach	
1161	0:19:20	1/1/2019 	844728	113.00	7.00	6.95	26.74	93107.26	51787	0	BartonZwiebach	
1162	0:19:20	1/1/2019 	845307	426.00	7.00	12.24	26.74	93107.75	1850	0	BartonZwiebach	
1163	0:19:20	1/1/2019 	845358	145.00	7.00	7.87	26.74	93107.75	1848	0	BartonZwiebach	
1164	0:19:22	1/1/2019 	846492	259.00	7.00	10.42	26.75	93108.95	49790	0	BartonZwiebach	
1165	0:19:23	1/1/2019 	847672	985.00	758.00	135.99	26.75	93111.30	97736	0	BartonZwiebach	
1166	0:19:23	1/1/2019 	847719	968.00	188.00	44.23	26.75	93111.30	1851	0	BartonZwiebach	
1167	0:19:23	1/1/2019 	848132	583.00	8.00	13.64	26.75	93111.79	3848	0	BartonZwiebach	
1168	0:19:24	1/1/2019 	849309	917.00	124.00	34.68	26.75	93113.31	49790	0	BartonZwiebach	
1169	0:19:26	1/1/2019 	850613	562.00	8.00	13.40	26.76	93115.00	97744	0	BartonZwiebach	
1170	0:19:28	1/1/2019 	852787	717.00	15.00	16.67	26.76	93117.84	98494	0	BartonZwiebach	
1171	0:19:29	1/1/2019 	854222	227.00	8.00	9.87	26.77	93119.20	49795	0	BartonZwiebach	
1172	0:19:30	1/1/2019 	854988	122.00	7.00	7.20	26.77	93120.55	49788	0	BartonZwiebach	
1173	0:19:32	1/1/2019 	856867	664.00	10.00	14.89	26.77	93122.70	99872	0	BartonZwiebach	
1174	0:19:32	1/1/2019 	856962	535.00	8.00	13.13	26.77	93123.20	1852	0	BartonZwiebach	
1175	0:19:32	1/1/2019 	857339	93.00	8.00	6.42	26.77	93123.20	1847	0	BartonZwiebach	
1176	0:19:33	1/1/2019 	857847	108.00	7.00	6.81	26.78	93124.06	49787	0	BartonZwiebach	
1177	0:19:33	1/1/2019 	857868	546.00	8.00	13.23	26.78	93124.06	1850	0	BartonZwiebach	
1178	0:19:33	1/1/2019 	857899	116.00	8.00	7.03	26.78	93124.06	1847	0	BartonZwiebach	
1179	0:19:33	1/1/2019 	857909	714.00	14.00	16.34	26.78	93124.06	3844	0	BartonZwiebach	
1180	0:19:33	1/1/2019 	858043	171.00	7.00	8.58	26.78	93124.72	1850	0	BartonZwiebach	
1181	0:19:33	1/1/2019 	858316	412.00	7.00	12.14	26.78	93124.72	1849	0	BartonZwiebach	
1182	0:19:35	1/1/2019 	859693	967.00	322.00	60.81	26.78	93126.91	97736	0	BartonZwiebach	
1183	0:19:36	1/1/2019 	860477	957.00	178.00	43.12	26.78	93127.73	2611	0	BartonZwiebach	
1184	0:19:36	1/1/2019 	860942	104.00	7.00	6.70	26.78	93128.23	49799	0	BartonZwiebach	
1185	0:19:37	1/1/2019 	861887	809.00	53.00	22.81	26.79	93129.59	51932	0	BartonZwiebach	
1186	0:19:38	1/1/2019 	863022	181.00	7.00	8.84	26.79	93130.95	49796	0	BartonZwiebach	
1187	0:19:40	1/1/2019 	864452	136.00	8.00	7.62	26.79	93133.12	49794	0	BartonZwiebach	
1188	0:19:40	1/1/2019 	865014	89.00	7.00	6.32	26.79	93133.62	49795	0	BartonZwiebach	
1189	0:19:40	1/1/2019 	865091	456.00	7.00	12.44	26.79	93133.62	1856	0	BartonZwiebach	
1190	0:19:41	1/1/2019 	865741	165.00	7.00	8.42	26.80	93134.81	51794	0	BartonZwiebach	
1191	0:19:43	1/1/2019 	868119	66.00	7.00	5.93	26.80	93137.66	97733	0	BartonZwiebach	
1192	0:19:43	1/1/2019 	868283	582.00	9.00	13.79	26.80	93137.66	1851	0	BartonZwiebach	
1193	0:19:44	1/1/2019 	868725	318.00	7.00	11.25	26.80	93138.16	49794	0	BartonZwiebach	
1194	0:19:44	1/1/2019 	869028	174.00	7.00	8.66	26.81	93138.99	1850	0	BartonZwiebach	
1195	0:19:45	1/1/2019 	870260	766.00	27.00	19.66	26.81	93140.52	49791	0	BartonZwiebach	
1196	0:19:46	1/1/2019 	870626	241.00	8.00	10.13	26.81	93141.34	52756	0	BartonZwiebach	
1197	0:19:46	1/1/2019 	871004	66.00	7.00	5.93	26.81	93141.67	1849	0	BartonZwiebach	
1198	0:19:48	1/1/2019 	873389	242.00	7.00	10.13	26.82	93143.89	97732	0	BartonZwiebach	
1199	0:19:49	1/1/2019 	873850	200.00	7.00	9.29	26.82	93144.72	49795	0	BartonZwiebach	
1200	0:19:50	1/1/2019 	875091	71.00	7.00	5.99	26.82	93146.56	49792	0	BartonZwiebach	
1201	0:19:50	1/1/2019 	875321	875.00	85.00	27.20	26.82	93146.56	1849	0	BartonZwiebach	
1202	0:19:52	1/1/2019 	876653	811.00	44.00	21.93	26.82	93148.42	99737	0	BartonZwiebach	
1203	0:19:52	1/1/2019 	876860	162.00	7.00	8.34	26.82	93148.42	1851	0	BartonZwiebach	
1204	0:19:52	1/1/2019 	877338	316.00	8.00	11.27	26.83	93149.08	1849	0	BartonZwiebach	
1205	0:19:54	1/1/2019 	879117	925.00	126.00	35.07	26.83	93151.09	97736	0	BartonZwiebach	
1206	0:19:54	1/1/2019 	879266	600.00	8.00	13.83	26.83	93151.80	1852	0	BartonZwiebach	
1207	0:19:56	1/1/2019 	880670	194.00	7.00	9.15	26.83	93153.09	97736	0	BartonZwiebach	
1208	0:19:56	1/1/2019 	880948	415.00	8.00	12.24	26.83	93153.59	4758	0	BartonZwiebach	
1209	0:19:57	1/1/2019 	881936	811.00	49.00	22.42	26.83	93154.78	49792	0	BartonZwiebach	
1210	0:19:58	1/1/2019 	882757	972.00	409.00	75.66	26.84	93155.44	49797	0	BartonZwiebach	
1211	0:20:04	1/1/2019 	888748	452.00	8.00	12.50	26.85	93162.69	289557	0	BartonZwiebach	
1212	0:20:06	1/1/2019 	890673	165.00	7.00	8.42	26.85	93165.20	97735	0	BartonZwiebach	
1213	0:20:06	1/1/2019 	890853	123.00	7.00	7.23	26.85	93165.20	2610	0	BartonZwiebach	
1214	0:20:08	1/1/2019 	892849	71.00	7.00	5.99	26.86	93168.38	99874	0	BartonZwiebach	
1215	0:20:08	1/1/2019 	893166	72.00	7.00	6.00	26.86	93168.38	1857	0	BartonZwiebach	
1216	0:20:09	1/1/2019 	893765	74.00	7.00	6.03	26.86	93170.03	49795	0	BartonZwiebach	
1217	0:20:09	1/1/2019 	894391	606.00	8.00	13.90	26.86	93170.53	1851	0	BartonZwiebach	
1218	0:20:10	1/1/2019 	894728	965.00	293.00	55.95	26.86	93170.53	49791	0	BartonZwiebach	
1219	0:20:13	1/1/2019 	897419	742.00	19.00	17.88	26.87	93174.89	97749	0	BartonZwiebach	
1220	0:20:13	1/1/2019 	897969	119.00	7.00	7.12	26.87	93175.55	51789	0	BartonZwiebach	
1221	0:20:15	1/1/2019 	899695	892.00	100.00	29.96	26.87	93178.07	97734	0	BartonZwiebach	
1222	0:20:17	1/1/2019 	901269	80.00	8.00	6.14	26.88	93180.25	50555	0	BartonZwiebach	
1223	0:20:17	1/1/2019 	901372	698.00	12.00	15.65	26.88	93180.25	1848	0	BartonZwiebach	
1224	0:20:20	1/1/2019 	904399	947.00	151.00	39.45	26.88	93184.95	145682	0	BartonZwiebach	
1225	0:20:20	1/1/2019 	904464	142.00	7.00	7.78	26.88	93184.95	3990	0	BartonZwiebach	
1226	0:20:20	1/1/2019 	905045	96.00	7.00	6.49	26.88	93185.11	49791	0	BartonZwiebach	
1227	0:20:20	1/1/2019 	905232	476.00	8.00	12.66	26.88	93185.61	1848	0	BartonZwiebach	
1228	0:20:22	1/1/2019 	906294	887.00	85.00	27.24	26.89	93187.10	49792	0	BartonZwiebach	
1229	0:20:23	1/1/2019 	907946	108.00	7.00	6.81	26.89	93189.12	97744	0	BartonZwiebach	
1230	0:20:24	1/1/2019 	908856	792.00	37.00	21.14	26.89	93190.28	49798	0	BartonZwiebach	
1231	0:20:26	1/1/2019 	910415	77.00	7.00	6.08	26.90	93192.14	51795	0	BartonZwiebach	
1232	0:20:26	1/1/2019 	910455	394.00	8.00	12.07	26.90	93192.14	2610	0	BartonZwiebach	
1233	0:20:26	1/1/2019 	910897	746.00	20.00	18.14	26.90	93192.63	49793	0	BartonZwiebach	
1234	0:20:27	1/1/2019 	911609	441.00	8.00	12.42	26.90	93193.30	49794	0	BartonZwiebach	
1235	0:20:28	1/1/2019 	912565	653.00	9.00	14.54	26.90	93194.66	49791	0	BartonZwiebach	
1236	0:20:28	1/1/2019 	912838	989.00	802.00	142.53	26.90	93194.66	1850	0	BartonZwiebach	
1237	0:20:30	1/1/2019 	914754	81.00	7.00	6.15	26.91	93197.66	99910	0	BartonZwiebach	
1238	0:20:31	1/1/2019 	915617	138.00	7.00	7.67	26.91	93198.49	49792	0	BartonZwiebach	
1239	0:20:31	1/1/2019 	916098	265.00	7.00	10.52	26.91	93199.35	1851	0	BartonZwiebach	
1240	0:20:32	1/1/2019 	916628	966.00	286.00	54.88	26.91	93200.02	49794	0	BartonZwiebach	
1241	0:20:33	1/1/2019 	917552	193.00	7.00	9.13	26.91	93200.88	49802	0	BartonZwiebach	
1242	0:20:33	1/1/2019 	918015	979.00	568.00	97.91	26.91	93201.37	1855	0	BartonZwiebach	
1243	0:20:33	1/1/2019 	918124	174.00	8.00	8.67	26.91	93201.37	3847	0	BartonZwiebach	
1244	0:20:36	1/1/2019 	920843	983.00	662.00	118.91	26.92	93205.23	145679	0	BartonZwiebach	
1245	0:20:36	1/1/2019 	920865	66.00	7.00	5.93	26.92	93205.23	2612	0	BartonZwiebach	
1246	0:20:40	1/1/2019 	924995	718.00	14.00	16.35	26.93	93210.38	193626	0	BartonZwiebach	
1247	0:20:40	1/1/2019 	925014	776.00	28.00	19.86	26.93	93210.38	1858	0	BartonZwiebach	
1248	0:20:40	1/1/2019 	925142	265.00	8.00	10.54	26.93	93210.38	1857	0	BartonZwiebach	
1249	0:20:41	1/1/2019 	926265	95.00	7.00	6.46	26.93	93211.73	51935	0	BartonZwiebach	
1250	0:20:42	1/1/2019 	926758	429.00	8.00	12.34	26.93	93212.23	49793	0	BartonZwiebach	
1251	0:20:43	1/1/2019 	927609	250.00	8.00	10.29	26.93	93213.42	49793	0	BartonZwiebach	
1252	0:20:44	1/1/2019 	928728	910.00	111.00	32.15	26.93	93214.58	49795	0	BartonZwiebach	
1253	0:20:44	1/1/2019 	929051	77.00	8.00	6.08	26.93	93215.08	1851	0	BartonZwiebach	
1254	0:20:45	1/1/2019 	929301	66.00	7.00	5.93	26.93	93215.08	1846	0	BartonZwiebach	
1255	0:20:46	1/1/2019 	931234	969.00	302.00	57.39	26.94	93217.78	99736	0	BartonZwiebach	
1256	0:20:47	1/1/2019 	931282	969.00	282.00	54.30	26.94	93217.78	2611	0	BartonZwiebach	
1257	0:20:47	1/1/2019 	931564	977.00	334.00	62.97	26.94	93217.78	49800	0	BartonZwiebach	
1258	0:20:49	1/1/2019 	933295	128.00	7.00	7.38	26.94	93219.77	49802	0	BartonZwiebach	
1259	0:20:49	1/1/2019 	933617	989.00	765.00	136.47	26.94	93219.77	49791	0	BartonZwiebach	
1260	0:20:50	1/1/2019 	934731	125.00	7.00	7.29	26.94	93220.96	51950	0	BartonZwiebach	
1261	0:20:52	1/1/2019 	937145	115.00	8.00	7.01	26.95	93224.14	97734	0	BartonZwiebach	
1262	0:20:53	1/1/2019 	937921	767.00	26.00	19.49	26.95	93225.16	49789	0	BartonZwiebach	
1263	0:20:54	1/1/2019 	939192	852.00	77.00	25.86	26.95	93226.32	49796	0	BartonZwiebach	
1264	0:20:55	1/1/2019 	939858	758.00	24.00	19.08	26.95	93227.16	49797	0	BartonZwiebach	
1265	0:20:56	1/1/2019 	941081	916.00	125.00	34.87	26.96	93228.81	50554	0	BartonZwiebach	
1266	0:20:57	1/1/2019 	941860	714.00	14.00	16.34	26.96	93229.14	51939	0	BartonZwiebach	
1267	0:20:57	1/1/2019 	941955	700.00	12.00	15.65	26.96	93229.14	1852	0	BartonZwiebach	
1268	0:21:00	1/1/2019 	944484	950.00	152.00	39.60	26.96	93231.66	97736	0	BartonZwiebach	
1269	0:21:01	1/1/2019 	945428	117.00	7.00	7.06	26.96	93232.84	49798	0	BartonZwiebach	
1270	0:21:01	1/1/2019 	945571	985.00	667.00	119.99	26.96	93232.84	49794	0	BartonZwiebach	
1271	0:21:01	1/1/2019 	945730	76.00	7.00	6.06	26.96	93233.34	1850	0	BartonZwiebach	
1272	0:21:01	1/1/2019 	945754	146.00	7.00	7.90	26.96	93233.34	3901	0	BartonZwiebach	
1273	0:21:03	1/1/2019 	947402	332.00	8.00	11.46	26.97	93235.53	49791	0	BartonZwiebach	
1274	0:21:03	1/1/2019 	947875	828.00	66.00	24.29	26.97	93235.70	49792	0	BartonZwiebach	
1275	0:21:05	1/1/2019 	949689	139.00	7.00	7.70	26.97	93237.38	97742	0	BartonZwiebach	
1276	0:21:12	1/1/2019 	956677	966.00	276.00	53.45	26.98	93244.44	338214	0	BartonZwiebach	
1277	0:21:13	1/1/2019 	958113	967.00	288.00	55.18	26.98	93245.76	49802	0	BartonZwiebach	
1278	0:21:14	1/1/2019 	958680	698.00	13.00	15.98	26.99	93246.92	51941	0	BartonZwiebach	
1279	0:21:14	1/1/2019 	958710	156.00	7.00	8.18	26.99	93246.92	1851	0	BartonZwiebach	
1280	0:21:14	1/1/2019 	958797	147.00	2.00	7.90	26.99	93246.92	1848	0	BartonZwiebach	
1281	0:21:18	1/1/2019 	962978	956.00	163.00	41.22	26.99	93251.62	193625	0	BartonZwiebach	
1282	0:21:18	1/1/2019 	963042	839.00	58.00	23.39	26.99	93251.62	2618	0	BartonZwiebach	
1283	0:21:19	1/1/2019 	963997	64.00	7.00	5.91	27.00	93252.81	49801	0	BartonZwiebach	
1284	0:21:20	1/1/2019 	965139	254.00	8.00	10.36	27.00	93253.47	51930	0	BartonZwiebach	
1285	0:21:20	1/1/2019 	965153	105.00	8.00	6.73	27.00	93253.47	1848	0	BartonZwiebach	
1286	0:21:21	1/1/2019 	965476	235.00	8.00	10.02	27.00	93254.33	1846	0	BartonZwiebach	
1287	0:21:21	1/1/2019 	966210	670.00	10.00	14.92	27.00	93254.83	49794	0	BartonZwiebach	
1288	0:21:24	1/1/2019 	968312	593.00	8.00	13.75	27.00	93256.81	97740	0	BartonZwiebach	
1289	0:21:27	1/1/2019 	971354	790.00	33.00	20.64	27.01	93260.69	147678	0	BartonZwiebach	
1290	0:21:27	1/1/2019 	972043	288.00	8.00	10.89	27.01	93261.02	50556	0	BartonZwiebach	
1291	0:21:28	1/1/2019 	972345	970.00	377.00	70.63	27.01	93261.52	1848	0	BartonZwiebach	
1292	0:21:28	1/1/2019 	972476	322.00	7.00	11.30	27.01	93261.52	1852	0	BartonZwiebach	
1293	0:21:29	1/1/2019 	973605	100.00	7.00	6.59	27.01	93262.70	97737	0	BartonZwiebach	
1294	0:21:29	1/1/2019 	973691	274.00	8.00	10.68	27.01	93262.70	1851	0	BartonZwiebach	
1295	0:21:30	1/1/2019 	975179	570.00	8.00	13.49	27.01	93264.17	51931	0	BartonZwiebach	
1296	0:21:31	1/1/2019 	975642	89.00	7.00	6.32	27.02	93264.86	49793	0	BartonZwiebach	
1297	0:21:31	1/1/2019 	976234	100.00	7.00	6.59	27.02	93265.36	1849	0	BartonZwiebach	
1298	0:21:32	1/1/2019 	976581	81.00	7.00	6.15	27.02	93266.55	49791	0	BartonZwiebach	
1299	0:21:33	1/1/2019 	977654	968.00	355.00	66.78	27.02	93268.05	49794	0	BartonZwiebach	
1300	0:21:35	1/1/2019 	979945	550.00	8.00	13.28	27.03	93271.08	97753	0	BartonZwiebach	
1301	0:21:35	1/1/2019 	980250	754.00	21.00	18.41	27.03	93271.08	4755	0	BartonZwiebach	
1302	0:21:36	1/1/2019 	980479	980.00	695.00	125.44	27.03	93271.75	1851	0	BartonZwiebach	
1303	0:21:37	1/1/2019 	982178	106.00	7.00	6.75	27.03	93273.92	97771	0	BartonZwiebach	
1304	0:21:38	1/1/2019 	982794	72.00	8.00	6.00	27.03	93274.42	49793	0	BartonZwiebach	
1305	0:21:41	1/1/2019 	985397	426.00	8.00	12.32	27.04	93277.97	97735	0	BartonZwiebach	
1306	0:21:41	1/1/2019 	985764	127.00	7.00	7.35	27.04	93278.47	49795	0	BartonZwiebach	
1307	0:21:42	1/1/2019 	986761	182.00	8.00	8.87	27.04	93279.79	51790	0	BartonZwiebach	
1308	0:21:42	1/1/2019 	987117	377.00	10.00	12.03	27.04	93279.79	1847	0	BartonZwiebach	
1309	0:21:43	1/1/2019 	987334	669.00	10.00	14.91	27.04	93280.45	1850	0	BartonZwiebach	
1310	0:21:43	1/1/2019 	988068	183.00	7.00	8.89	27.04	93281.11	49795	0	BartonZwiebach	
1311	0:21:45	1/1/2019 	990204	660.00	10.00	14.87	27.05	93284.12	97740	0	BartonZwiebach	
1312	0:21:46	1/1/2019 	990631	967.00	225.00	47.75	27.05	93284.95	50560	0	BartonZwiebach	
1313	0:21:48	1/1/2019 	992552	959.00	175.00	42.76	27.05	93287.47	99887	0	BartonZwiebach	
1314	0:21:48	1/1/2019 	992634	235.00	7.00	10.00	27.05	93287.47	1851	0	BartonZwiebach	
1315	0:21:49	1/1/2019 	993572	757.00	22.00	18.65	27.05	93288.83	49794	0	BartonZwiebach	
1316	0:21:49	1/1/2019 	993697	112.00	8.00	6.92	27.05	93288.83	1851	0	BartonZwiebach	
1317	0:21:49	1/1/2019 	993757	132.00	7.00	7.49	27.05	93288.83	1847	0	BartonZwiebach	
1318	0:21:50	1/1/2019 	995219	122.00	7.00	7.20	27.06	93290.48	49791	0	BartonZwiebach	
1319	0:21:51	1/1/2019 	995611	104.00	8.00	6.70	27.06	93290.98	51846	0	BartonZwiebach	
1320	0:21:51	1/1/2019 	995730	144.00	7.00	7.84	27.06	93290.98	1849	0	BartonZwiebach	
1321	0:21:52	1/1/2019 	996767	107.00	7.00	6.78	27.06	93292.34	49793	0	BartonZwiebach	
1322	0:21:52	1/1/2019 	996772	983.00	629.00	111.60	27.06	93292.34	1850	0	BartonZwiebach	
1323	0:21:52	1/1/2019 	996927	470.00	8.00	12.62	27.06	93292.34	1850	0	BartonZwiebach	
1324	0:21:53	1/1/2019 	997834	87.00	8.00	6.28	27.06	93294.02	49791	0	BartonZwiebach	
1325	0:21:53	1/1/2019 	998076	328.00	6.00	11.32	27.06	93294.02	3845	0	BartonZwiebach	
1326	0:21:53	1/1/2019 	998263	957.00	157.00	40.36	27.06	93294.35	1849	0	BartonZwiebach	
1327	0:21:54	1/1/2019 	998298	95.00	7.00	6.46	27.06	93294.35	1849	0	BartonZwiebach	
1328	0:21:54	1/1/2019 	998704	332.00	8.00	11.46	27.06	93295.19	49793	0	BartonZwiebach	
1329	0:21:54	1/1/2019 	999077	158.00	8.00	8.24	27.06	93295.19	1847	0	BartonZwiebach	
1330	0:21:55	1/1/2019 	999374	87.00	7.00	6.28	27.06	93295.68	3844	0	BartonZwiebach	
1331	0:21:56	1/1/2019 	1000465	139.00	7.00	7.70	27.07	93296.88	49797	0	BartonZwiebach	
1332	0:21:56	1/1/2019 	1001170	960.00	170.00	42.15	27.07	93297.03	50755	0	BartonZwiebach	
1333	0:21:56	1/1/2019 	1001250	84.00	7.00	6.21	27.07	93297.70	1850	0	BartonZwiebach	
1334	0:21:57	1/1/2019 	1002091	170.00	7.00	8.56	27.07	93298.20	49792	0	BartonZwiebach	
1335	0:21:58	1/1/2019 	1002406	616.00	8.00	14.00	27.07	93298.53	1851	0	BartonZwiebach	
1336	0:21:58	1/1/2019 	1002441	548.00	8.00	13.25	27.07	93298.53	3988	0	BartonZwiebach	
1337	0:21:58	1/1/2019 	1002574	160.00	7.00	8.29	27.07	93298.53	49793	0	BartonZwiebach	
1338	0:21:58	1/1/2019 	1002789	107.00	7.00	6.78	27.07	93299.39	1850	0	BartonZwiebach	
1339	0:21:58	1/1/2019 	1002939	933.00	143.00	38.14	27.07	93299.39	1850	0	BartonZwiebach	
1340	0:21:58	1/1/2019 	1003212	146.00	7.00	7.90	27.07	93299.39	1850	0	BartonZwiebach	
1341	0:21:59	1/1/2019 	1004148	515.00	8.00	12.95	27.07	93300.22	49793	0	BartonZwiebach	
1342	0:22:00	1/1/2019 	1004451	99.00	7.00	6.57	27.07	93300.88	3848	0	BartonZwiebach	
1343	0:22:00	1/1/2019 	1004815	721.00	13.00	16.01	27.07	93300.88	49799	0	BartonZwiebach	
1344	0:22:01	1/1/2019 	1005422	213.00	7.00	9.57	27.07	93301.54	1855	0	BartonZwiebach	
1345	0:22:01	1/1/2019 	1005720	751.00	19.00	17.90	27.07	93301.54	49794	0	BartonZwiebach	
1346	0:22:03	1/1/2019 	1007814	236.00	8.00	10.04	27.08	93303.89	97740	0	BartonZwiebach	
1347	0:22:05	1/1/2019 	1009660	627.00	8.00	14.09	27.08	93305.75	97739	0	BartonZwiebach	
1348	0:22:06	1/1/2019 	1010588	131.00	7.00	7.47	27.08	93306.91	52942	0	BartonZwiebach	
1349	0:22:07	1/1/2019 	1011385	121.00	8.00	7.18	27.08	93307.23	1852	0	BartonZwiebach	
1350	0:22:07	1/1/2019 	1011880	950.00	152.00	39.60	27.08	93307.73	49791	0	BartonZwiebach	
1351	0:22:09	1/1/2019 	1013938	913.00	116.00	33.13	27.09	93310.12	97748	0	BartonZwiebach	
1352	0:22:10	1/1/2019 	1015152	444.00	7.00	12.36	27.09	93311.11	49798	0	BartonZwiebach	
1353	0:22:11	1/1/2019 	1015585	76.00	7.00	6.06	27.09	93311.60	49796	0	BartonZwiebach	
1354	0:22:13	1/1/2019 	1018053	661.00	10.00	14.88	27.09	93314.45	99735	0	BartonZwiebach	
1355	0:22:14	1/1/2019 	1018717	633.00	9.00	14.40	27.09	93314.78	49795	0	BartonZwiebach	
1356	0:22:14	1/1/2019 	1018858	92.00	7.00	6.39	27.09	93314.78	1851	0	BartonZwiebach	
1357	0:22:14	1/1/2019 	1019167	969.00	277.00	53.59	27.09	93315.61	1848	0	BartonZwiebach	
1358	0:22:15	1/1/2019 	1019315	61.00	7.00	5.89	27.09	93315.61	1850	0	BartonZwiebach	
1359	0:22:16	1/1/2019 	1020736	265.00	8.00	10.54	27.10	93316.97	99735	0	BartonZwiebach	
1360	0:22:17	1/1/2019 	1021796	114.00	7.00	6.97	27.10	93317.47	50749	0	BartonZwiebach	
1361	0:22:19	1/1/2019 	1023325	611.00	9.00	14.16	27.10	93319.16	49792	0	BartonZwiebach	
1362	0:22:20	1/1/2019 	1024597	72.00	7.00	6.00	27.10	93321.11	97736	0	BartonZwiebach	
1363	0:22:21	1/1/2019 	1025449	189.00	7.00	9.03	27.10	93321.97	1850	0	BartonZwiebach	
1364	0:22:21	1/1/2019 	1026053	423.00	8.00	12.30	27.10	93322.47	49794	0	BartonZwiebach	
1365	0:22:22	1/1/2019 	1026462	75.00	8.00	6.05	27.10	93322.97	3986	0	BartonZwiebach	
1366	0:22:22	1/1/2019 	1026965	172.00	7.00	8.61	27.10	93323.46	49790	0	BartonZwiebach	
1367	0:22:22	1/1/2019 	1027131	929.00	138.00	37.28	27.10	93323.46	1851	0	BartonZwiebach	
1368	0:22:23	1/1/2019 	1027484	968.00	254.00	50.70	27.11	93324.16	1851	0	BartonZwiebach	
1369	0:22:26	1/1/2019 	1030598	619.00	9.00	14.25	27.11	93326.67	193650	0	BartonZwiebach	
1370	0:22:27	1/1/2019 	1031960	966.00	261.00	51.52	27.11	93328.69	50751	0	BartonZwiebach	
1371	0:22:27	1/1/2019 	1032227	285.00	7.00	10.82	27.11	93328.69	3991	0	BartonZwiebach	
1372	0:22:30	1/1/2019 	1034385	94.00	7.00	6.44	27.12	93330.67	97735	0	BartonZwiebach	
1373	0:22:31	1/1/2019 	1036203	212.00	8.00	9.56	27.12	93333.20	97733	0	BartonZwiebach	
1374	0:22:32	1/1/2019 	1036336	218.00	7.00	9.67	27.12	93333.20	1850	0	BartonZwiebach	
1375	0:22:32	1/1/2019 	1036360	167.00	7.00	8.48	27.12	93333.20	1851	0	BartonZwiebach	
1376	0:22:32	1/1/2019 	1036485	217.00	7.00	9.65	27.12	93333.20	1849	0	BartonZwiebach	
1377	0:22:32	1/1/2019 	1036872	80.00	7.00	6.13	27.12	93333.86	51843	0	BartonZwiebach	
1378	0:22:32	1/1/2019 	1036954	601.00	8.00	13.84	27.12	93333.86	1849	0	BartonZwiebach	
1379	0:22:34	1/1/2019 	1038609	74.00	7.00	6.03	27.12	93335.38	97737	0	BartonZwiebach	
1380	0:22:36	1/1/2019 	1040745	74.00	7.00	6.03	27.13	93337.73	97740	0	BartonZwiebach	
1381	0:22:36	1/1/2019 	1040986	692.00	11.00	15.30	27.13	93337.73	2807	0	BartonZwiebach	
1382	0:22:38	1/1/2019 	1042347	131.00	7.00	7.47	27.13	93339.39	49793	0	BartonZwiebach	
1383	0:22:39	1/1/2019 	1043324	384.00	8.00	11.99	27.13	93340.38	51933	0	BartonZwiebach	
1384	0:22:39	1/1/2019 	1043608	607.00	8.00	13.91	27.13	93340.38	49793	0	BartonZwiebach	
1385	0:22:39	1/1/2019 	1043979	67.00	7.00	5.94	27.13	93341.08	1849	0	BartonZwiebach	
1386	0:22:42	1/1/2019 	1046729	749.00	21.00	18.39	27.14	93343.73	145679	0	BartonZwiebach	
1387	0:22:43	1/1/2019 	1047359	160.00	7.00	8.29	27.14	93344.22	1851	0	BartonZwiebach	
1388	0:22:43	1/1/2019 	1047469	147.00	7.00	7.93	27.14	93344.55	3847	0	BartonZwiebach	
1389	0:22:43	1/1/2019 	1047590	455.00	8.00	12.52	27.14	93344.55	49791	0	BartonZwiebach	
1390	0:22:46	1/1/2019 	1050723	95.00	8.00	6.47	27.14	93347.93	145680	0	BartonZwiebach	
1391	0:22:47	1/1/2019 	1052055	149.00	7.00	7.98	27.14	93349.25	50747	0	BartonZwiebach	
1392	0:22:48	1/1/2019 	1052434	961.00	175.00	42.76	27.14	93349.75	1851	0	BartonZwiebach	
1393	0:22:48	1/1/2019 	1052761	963.00	199.00	45.33	27.14	93350.08	49798	0	BartonZwiebach	
1394	0:22:48	1/1/2019 	1053129	719.00	15.00	16.67	27.15	93350.94	3990	0	BartonZwiebach	
1395	0:22:49	1/1/2019 	1053623	869.00	78.00	26.06	27.15	93350.94	49794	0	BartonZwiebach	
1396	0:22:50	1/1/2019 	1054281	865.00	77.00	25.90	27.15	93351.77	1852	0	BartonZwiebach	
1397	0:22:52	1/1/2019 	1056551	479.00	8.00	12.68	27.15	93353.92	145686	0	BartonZwiebach	
1398	0:22:53	1/1/2019 	1057726	132.00	8.00	7.50	27.15	93355.11	49792	0	BartonZwiebach	
1399	0:22:53	1/1/2019 	1057808	611.00	8.00	13.95	27.15	93355.61	1848	0	BartonZwiebach	
1400	0:22:53	1/1/2019 	1058170	978.00	340.00	64.06	27.15	93355.61	3845	0	BartonZwiebach	
1401	0:22:54	1/1/2019 	1058322	121.00	7.00	7.18	27.15	93356.30	1851	0	BartonZwiebach	
1402	0:22:55	1/1/2019 	1059414	198.00	8.00	9.25	27.15	93357.30	49792	0	BartonZwiebach	
1403	0:22:55	1/1/2019 	1059735	74.00	7.00	6.03	27.15	93357.30	49792	0	BartonZwiebach	
1404	0:22:56	1/1/2019 	1060321	76.00	7.00	6.06	27.15	93357.62	2806	0	BartonZwiebach	
1405	0:22:56	1/1/2019 	1061018	980.00	545.00	93.60	27.16	93358.79	49798	0	BartonZwiebach	
1406	0:22:56	1/1/2019 	1061077	155.00	8.00	8.16	27.16	93358.79	3990	0	BartonZwiebach	
1407	0:22:57	1/1/2019 	1062188	714.00	14.00	16.34	27.16	93359.81	49790	0	BartonZwiebach	
1408	0:22:59	1/1/2019 	1063866	74.00	7.00	6.03	27.16	93361.14	97737	0	BartonZwiebach	
1409	0:22:59	1/1/2019 	1064129	210.00	8.00	9.52	27.16	93361.80	1850	0	BartonZwiebach	
1410	0:22:59	1/1/2019 	1064134	823.00	52.00	22.74	27.16	93361.80	1848	0	BartonZwiebach	
1411	0:23:01	1/1/2019 	1065669	923.00	135.00	36.74	27.16	93363.30	97740	0	BartonZwiebach	
1412	0:23:01	1/1/2019 	1065822	79.00	7.00	6.12	27.16	93363.30	3847	0	BartonZwiebach	
1413	0:23:02	1/1/2019 	1066584	930.00	139.00	37.45	27.16	93363.95	49791	0	BartonZwiebach	
1414	0:23:04	1/1/2019 	1068904	221.00	8.00	9.75	27.17	93365.81	97742	0	BartonZwiebach	
1415	0:23:05	1/1/2019 	1069408	65.00	7.00	5.92	27.17	93366.67	1848	0	BartonZwiebach	
1416	0:23:05	1/1/2019 	1069663	120.00	7.00	7.15	27.17	93366.67	49791	0	BartonZwiebach	
1417	0:23:05	1/1/2019 	1069885	84.00	7.00	6.21	27.17	93367.00	4942	0	BartonZwiebach	
1418	0:23:06	1/1/2019 	1070294	90.00	7.00	6.34	27.17	93367.33	1849	0	BartonZwiebach	
1419	0:23:06	1/1/2019 	1070603	151.00	7.00	8.04	27.17	93367.33	49792	0	BartonZwiebach	
1420	0:23:06	1/1/2019 	1070719	250.00	7.00	10.27	27.17	93367.33	1851	0	BartonZwiebach	
1421	0:23:08	1/1/2019 	1072778	93.00	7.00	6.42	27.17	93369.16	97735	0	BartonZwiebach	
1422	0:23:09	1/1/2019 	1073344	644.00	9.00	14.48	27.17	93369.85	1851	0	BartonZwiebach	
1423	0:23:09	1/1/2019 	1073468	139.00	7.00	7.70	27.17	93370.34	3847	0	BartonZwiebach	
1424	0:23:10	1/1/2019 	1074604	833.00	64.00	24.06	27.18	93371.34	97731	0	BartonZwiebach	
1425	0:23:12	1/1/2019 	1077085	72.00	7.00	6.00	27.18	93373.69	97738	0	BartonZwiebach	
1426	0:23:15	1/1/2019 	1079710	151.00	8.00	8.05	27.18	93376.05	145677	0	BartonZwiebach	
1427	0:23:15	1/1/2019 	1080084	569.00	8.00	13.48	27.18	93376.05	2804	0	BartonZwiebach	
1428	0:23:15	1/1/2019 	1080127	63.00	7.00	5.91	27.18	93376.38	1850	0	BartonZwiebach	
1429	0:23:16	1/1/2019 	1080311	170.00	7.00	8.56	27.18	93376.38	3993	0	BartonZwiebach	
1430	0:23:16	1/1/2019 	1080935	98.00	7.00	6.54	27.19	93377.40	49798	0	BartonZwiebach	
1431	0:23:19	1/1/2019 	1083387	724.00	16.00	16.99	27.19	93379.75	97736	0	BartonZwiebach	
1432	0:23:19	1/1/2019 	1083628	937.00	139.00	37.45	27.19	93379.75	49793	0	BartonZwiebach	
1433	0:23:20	1/1/2019 	1084569	341.00	8.00	11.56	27.19	93380.88	49796	0	BartonZwiebach	
1434	0:23:21	1/1/2019 	1085650	161.00	7.00	8.32	27.19	93381.71	49793	0	BartonZwiebach	
1435	0:23:21	1/1/2019 	1086119	124.00	7.00	7.26	27.19	93382.41	3848	0	BartonZwiebach	
1436	0:23:23	1/1/2019 	1088210	234.00	8.00	10.00	27.20	93384.26	97736	0	BartonZwiebach	
1437	0:23:24	1/1/2019 	1088938	971.00	344.00	64.79	27.20	93384.92	49794	0	BartonZwiebach	
1438	0:23:25	1/1/2019 	1089900	108.00	7.00	6.81	27.20	93385.91	49802	0	BartonZwiebach	
1439	0:23:26	1/1/2019 	1090873	523.00	8.00	13.02	27.20	93387.08	50751	0	BartonZwiebach	
1440	0:23:29	1/1/2019 	1093783	63.00	7.00	5.91	27.20	93391.08	145680	0	BartonZwiebach	
1441	0:23:29	1/1/2019 	1093877	528.00	8.00	13.06	27.20	93391.08	3989	0	BartonZwiebach	
1442	0:23:29	1/1/2019 	1093921	132.00	7.00	7.49	27.20	93391.08	1847	0	BartonZwiebach	
1443	0:23:30	1/1/2019 	1095144	79.00	7.00	6.12	27.20	93392.23	49794	0	BartonZwiebach	
1444	0:23:32	1/1/2019 	1096598	804.00	57.00	23.21	27.21	93393.92	97735	0	BartonZwiebach	
1445	0:23:33	1/1/2019 	1098162	74.00	7.00	6.03	27.21	93395.45	49796	0	BartonZwiebach	
1446	0:23:34	1/1/2019 	1098667	153.00	8.00	8.10	27.21	93396.11	51790	0	BartonZwiebach	
1447	0:23:34	1/1/2019 	1098829	164.00	8.00	8.40	27.21	93396.78	1850	0	BartonZwiebach	
1448	0:23:35	1/1/2019 	1099323	964.00	186.00	44.01	27.21	93396.78	1847	0	BartonZwiebach	
1449	0:23:35	1/1/2019 	1099473	522.00	8.00	13.01	27.21	93397.11	1851	0	BartonZwiebach	
1450	0:23:36	1/1/2019 	1100404	372.00	8.00	11.88	27.21	93398.12	49795	0	BartonZwiebach	
1451	0:23:37	1/1/2019 	1101435	100.00	7.00	6.59	27.21	93398.80	50755	0	BartonZwiebach	
1452	0:23:37	1/1/2019 	1101677	694.00	12.00	15.64	27.21	93398.80	51987	0	BartonZwiebach	
1453	0:23:37	1/1/2019 	1101998	168.00	7.00	8.50	27.22	93399.33	1849	0	BartonZwiebach	
1454	0:23:37	1/1/2019 	1102246	669.00	10.00	14.91	27.22	93399.33	1850	0	BartonZwiebach	
1455	0:23:38	1/1/2019 	1102396	79.00	7.00	6.12	27.22	93399.33	1850	0	BartonZwiebach	
1456	0:23:38	1/1/2019 	1102826	428.00	8.00	12.33	27.22	93399.82	49793	0	BartonZwiebach	
1457	0:23:38	1/1/2019 	1103024	94.00	7.00	6.44	27.22	93400.15	1849	0	BartonZwiebach	
1458	0:23:39	1/1/2019 	1103590	95.00	7.00	6.46	27.22	93400.48	51788	0	BartonZwiebach	
1459	0:23:40	1/1/2019 	1104623	966.00	263.00	51.76	27.22	93401.48	49794	0	BartonZwiebach	
1460	0:23:41	1/1/2019 	1106028	774.00	28.00	19.86	27.22	93402.50	49801	0	BartonZwiebach	
1461	0:23:42	1/1/2019 	1106426	408.00	7.00	12.12	27.22	93402.84	1851	0	BartonZwiebach	
1462	0:23:42	1/1/2019 	1106558	678.00	10.00	14.94	27.22	93402.84	49795	0	BartonZwiebach	
1463	0:23:43	1/1/2019 	1108198	703.00	13.00	16.00	27.22	93404.36	49795	0	BartonZwiebach	
1464	0:23:45	1/1/2019 	1109490	198.00	8.00	9.25	27.22	93405.16	51793	0	BartonZwiebach	
1465	0:23:45	1/1/2019 	1109701	154.00	7.00	8.12	27.22	93405.16	49794	0	BartonZwiebach	
1466	0:23:46	1/1/2019 	1111045	76.00	7.00	6.06	27.23	93406.19	50749	0	BartonZwiebach	
1467	0:23:47	1/1/2019 	1111311	194.00	7.00	9.15	27.23	93406.52	1849	0	BartonZwiebach	
1468	0:23:49	1/1/2019 	1114115	972.00	386.00	72.13	27.23	93408.70	145679	0	BartonZwiebach	
1469	0:23:49	1/1/2019 	1114249	136.00	7.00	7.61	27.23	93408.70	1852	0	BartonZwiebach	
1470	0:23:50	1/1/2019 	1114333	800.00	48.00	22.30	27.23	93408.70	3990	0	BartonZwiebach	
1471	0:23:50	1/1/2019 	1114991	585.00	8.00	13.66	27.23	93409.70	49797	0	BartonZwiebach	
1472	0:23:52	1/1/2019 	1117001	971.00	357.00	67.14	27.24	93411.55	97735	0	BartonZwiebach	
1473	0:23:52	1/1/2019 	1117211	950.00	152.00	39.60	27.24	93411.55	1852	0	BartonZwiebach	
1474	0:23:53	1/1/2019 	1118008	968.00	263.00	51.76	27.24	93411.88	49797	0	BartonZwiebach	
1475	0:23:53	1/1/2019 	1118135	118.00	8.00	7.09	27.24	93412.41	3849	0	BartonZwiebach	
1476	0:23:57	1/1/2019 	1121496	161.00	6.00	8.31	27.24	93414.94	145677	0	BartonZwiebach	
1477	0:23:58	1/1/2019 	1123087	836.00	72.00	25.10	27.25	93416.45	98692	0	BartonZwiebach	
1478	0:23:59	1/1/2019 	1123275	90.00	7.00	6.34	27.25	93416.95	1852	0	BartonZwiebach	
1479	0:23:59	1/1/2019 	1123350	811.00	50.00	22.52	27.25	93416.95	1851	0	BartonZwiebach	
1480	0:23:59	1/1/2019 	1124154	143.00	7.00	7.81	27.25	93417.28	49795	0	BartonZwiebach	
1481	0:24:00	1/1/2019 	1124299	85.00	7.00	6.23	27.25	93417.97	4043	0	BartonZwiebach	
1482	0:24:00	1/1/2019 	1124320	988.00	743.00	133.34	27.25	93417.97	1850	0	BartonZwiebach	
1483	0:24:00	1/1/2019 	1124751	86.00	7.00	6.26	27.25	93417.97	49812	0	BartonZwiebach	
1484	0:24:02	1/1/2019 	1126372	402.00	8.00	12.14	27.25	93420.12	49796	0	BartonZwiebach	
1485	0:24:05	1/1/2019 	1129584	257.00	7.00	10.39	27.26	93423.48	193627	0	BartonZwiebach	
1486	0:24:05	1/1/2019 	1130068	445.00	8.00	12.45	27.26	93424.31	2808	0	BartonZwiebach	
1487	0:24:06	1/1/2019 	1130395	191.00	7.00	9.08	27.26	93424.31	3986	0	BartonZwiebach	
1488	0:24:06	1/1/2019 	1130853	207.00	7.00	9.44	27.26	93424.80	49793	0	BartonZwiebach	
1489	0:24:07	1/1/2019 	1132240	722.00	16.00	16.98	27.26	93426.33	49792	0	BartonZwiebach	
1490	0:24:09	1/1/2019 	1133879	132.00	7.00	7.49	27.26	93428.15	97740	0	BartonZwiebach	
1491	0:24:10	1/1/2019 	1134408	632.00	8.00	14.13	27.26	93428.48	1851	0	BartonZwiebach	
1492	0:24:10	1/1/2019 	1134616	116.00	7.00	7.03	27.26	93428.48	49793	0	BartonZwiebach	
1493	0:24:12	1/1/2019 	1136654	129.00	7.00	7.41	27.27	93431.52	99734	0	BartonZwiebach	
1494	0:24:13	1/1/2019 	1137348	702.00	12.00	15.66	27.27	93432.85	1851	0	BartonZwiebach	
1495	0:24:14	1/1/2019 	1138635	89.00	7.00	6.32	27.27	93434.01	97739	0	BartonZwiebach	
1496	0:24:14	1/1/2019 	1138661	973.00	297.00	56.58	27.27	93434.01	1850	0	BartonZwiebach	
1497	0:24:14	1/1/2019 	1138711	656.00	9.00	14.55	27.27	93434.01	1851	0	BartonZwiebach	
1498	0:24:15	1/1/2019 	1140111	96.00	7.00	6.49	27.27	93436.00	49796	0	BartonZwiebach	
1499	0:24:16	1/1/2019 	1140373	131.00	7.00	7.47	27.27	93436.49	4957	0	BartonZwiebach	
1500	0:24:16	1/1/2019 	1140435	854.00	67.00	24.48	27.27	93436.49	1850	0	BartonZwiebach	
1501	0:24:16	1/1/2019 	1140831	131.00	7.00	7.47	27.27	93436.49	49798	0	BartonZwiebach	
1502	0:24:17	1/1/2019 	1142086	600.00	9.00	14.02	27.27	93439.17	49793	0	BartonZwiebach	
1503	0:24:18	1/1/2019 	1143175	79.00	8.00	6.12	27.28	93440.69	49797	0	BartonZwiebach	
1504	0:24:19	1/1/2019 	1143293	901.00	112.00	32.32	27.28	93440.69	3818	0	BartonZwiebach	
1505	0:24:19	1/1/2019 	1144097	360.00	8.00	11.76	27.28	93442.34	49800	0	BartonZwiebach	
1506	0:24:20	1/1/2019 	1144321	200.00	7.00	9.29	27.28	93442.34	1848	0	BartonZwiebach	
1507	0:24:21	1/1/2019 	1146087	466.00	8.00	12.59	27.28	93446.33	97738	0	BartonZwiebach	
1508	0:24:23	1/1/2019 	1147309	970.00	326.00	61.53	27.28	93448.50	49794	0	BartonZwiebach	
1509	0:24:23	1/1/2019 	1148190	554.00	8.00	13.32	27.28	93450.66	49804	0	BartonZwiebach	
1510	0:24:26	1/1/2019 	1150292	212.00	8.00	9.56	27.29	93455.13	102267	0	BartonZwiebach	
1511	0:24:27	1/1/2019 	1152003	445.00	8.00	12.45	27.29	93458.64	98492	0	BartonZwiebach	
1512	0:24:29	1/1/2019 	1153974	73.00	7.00	6.02	27.29	93463.11	97735	0	BartonZwiebach	
1513	0:24:30	1/1/2019 	1154320	164.00	7.00	8.40	27.29	93463.11	1850	0	BartonZwiebach	
1514	0:24:30	1/1/2019 	1154779	122.00	6.00	7.20	27.29	93464.47	49792	0	BartonZwiebach	
1515	0:24:31	1/1/2019 	1156151	177.00	7.00	8.74	27.29	93467.94	49790	0	BartonZwiebach	
1516	0:24:33	1/1/2019 	1157783	912.00	119.00	33.71	27.30	93471.95	99874	0	BartonZwiebach	
1517	0:24:33	1/1/2019 	1158087	222.00	7.00	9.75	27.30	93473.60	1851	0	BartonZwiebach	
1518	0:24:34	1/1/2019 	1158289	64.00	7.00	5.91	27.30	93473.60	1850	0	BartonZwiebach	
1519	0:24:35	1/1/2019 	1160197	400.00	7.00	12.05	27.30	93478.93	97734	0	BartonZwiebach	
1520	0:24:36	1/1/2019 	1160429	254.00	7.00	10.34	27.30	93478.93	2611	0	BartonZwiebach	
1521	0:24:36	1/1/2019 	1160696	199.00	7.00	9.26	27.30	93480.41	49796	0	BartonZwiebach	
1522	0:24:37	1/1/2019 	1161367	388.00	7.00	11.96	27.30	93482.11	3988	0	BartonZwiebach	
1523	0:24:38	1/1/2019 	1163209	334.00	7.00	11.44	27.31	93487.23	97739	0	BartonZwiebach	
1524	0:24:40	1/1/2019 	1164887	625.00	8.00	14.08	27.31	93492.10	97741	0	BartonZwiebach	
1525	0:24:40	1/1/2019 	1165044	91.00	7.00	6.37	27.31	93492.10	1849	0	BartonZwiebach	
1526	0:24:41	1/1/2019 	1165488	964.00	221.00	47.38	27.31	93493.59	1849	0	BartonZwiebach	
1527	0:24:47	1/1/2019 	1171424	932.00	144.00	38.31	27.33	93512.53	289547	0	BartonZwiebach	
1528	0:24:48	1/1/2019 	1172430	561.00	8.00	13.39	27.33	93516.20	52728	0	BartonZwiebach	
1529	0:24:48	1/1/2019 	1172439	560.00	8.00	13.38	27.33	93516.20	1849	0	BartonZwiebach	
1530	0:24:49	1/1/2019 	1173668	100.00	7.00	6.59	27.33	93521.70	97737	0	BartonZwiebach	
1531	0:24:49	1/1/2019 	1173971	176.00	7.00	8.71	27.33	93521.70	1850	0	BartonZwiebach	
1532	0:24:50	1/1/2019 	1174605	743.00	20.00	18.13	27.34	93525.74	49791	0	BartonZwiebach	
1533	0:24:52	1/1/2019 	1176723	928.00	137.00	37.10	27.34	93533.53	99740	0	BartonZwiebach	
1534	0:24:53	1/1/2019 	1177319	963.00	222.00	47.47	27.35	93535.55	1852	0	BartonZwiebach	
1535	0:24:53	1/1/2019 	1177464	926.00	128.00	35.45	27.35	93535.55	1852	0	BartonZwiebach	
1536	0:24:53	1/1/2019 	1177805	575.00	8.00	13.55	27.35	93537.57	49796	0	BartonZwiebach	
1537	0:24:53	1/1/2019 	1178089	82.00	7.00	6.17	27.35	93537.57	1847	0	BartonZwiebach	
1538	0:24:53	1/1/2019 	1178217	906.00	104.00	30.77	27.35	93537.57	1850	0	BartonZwiebach	
1539	0:24:54	1/1/2019 	1178914	183.00	7.00	8.89	27.35	93541.55	51795	0	BartonZwiebach	
1540	0:24:56	1/1/2019 	1180426	636.00	9.00	14.42	27.36	93547.41	49794	0	BartonZwiebach	
1541	0:24:56	1/1/2019 	1180442	818.00	58.00	23.35	27.36	93547.41	2611	0	BartonZwiebach	
1542	0:24:56	1/1/2019 	1181211	233.00	8.00	9.98	27.36	93549.59	49794	0	BartonZwiebach	
1543	0:24:58	1/1/2019 	1182851	192.00	7.00	9.10	27.37	93555.42	97730	0	BartonZwiebach	
1544	0:24:58	1/1/2019 	1183054	599.00	8.00	13.82	27.37	93557.61	1850	0	BartonZwiebach	
1545	0:24:59	1/1/2019 	1183738	602.00	9.00	14.05	27.37	93559.73	51930	0	BartonZwiebach	
1546	0:25:01	1/1/2019 	1185460	104.00	7.00	6.70	27.38	93566.09	49794	0	BartonZwiebach	
1547	0:25:02	1/1/2019 	1186728	551.00	8.00	13.29	27.39	93572.78	97736	0	BartonZwiebach	
1548	0:25:05	1/1/2019 	1189710	814.00	60.00	23.56	27.40	93586.14	145681	0	BartonZwiebach	
1549	0:25:05	1/1/2019 	1189792	252.00	7.00	10.30	27.40	93586.14	2612	0	BartonZwiebach	
1550	0:25:06	1/1/2019 	1190613	268.00	7.00	10.56	27.40	93588.48	49794	0	BartonZwiebach	
1551	0:25:06	1/1/2019 	1190799	975.00	340.00	64.06	27.41	93590.64	3990	0	BartonZwiebach	
1552	0:25:06	1/1/2019 	1190919	470.00	7.00	12.53	27.41	93590.64	1850	0	BartonZwiebach	
1553	0:25:06	1/1/2019 	1191046	984.00	442.00	79.99	27.41	93590.64	1850	0	BartonZwiebach	
1554	0:25:09	1/1/2019 	1193732	517.00	8.00	12.97	27.42	93602.05	145707	0	BartonZwiebach	
1555	0:25:10	1/1/2019 	1194635	107.00	7.00	6.78	27.43	93606.75	49793	0	BartonZwiebach	
1556	0:25:11	1/1/2019 	1195449	513.00	7.00	12.82	27.43	93611.06	3847	0	BartonZwiebach	
1557	0:25:11	1/1/2019 	1195768	867.00	79.00	26.21	27.43	93611.06	49795	0	BartonZwiebach	
1558	0:25:12	1/1/2019 	1196853	361.00	7.00	11.72	27.44	93615.77	49795	0	BartonZwiebach	
1559	0:25:13	1/1/2019 	1197328	745.00	21.00	18.38	27.44	93617.95	1852	0	BartonZwiebach	
1560	0:25:13	1/1/2019 	1197826	62.00	7.00	5.90	27.45	93620.64	49795	0	BartonZwiebach	
1561	0:25:14	1/1/2019 	1199114	85.00	7.00	6.23	27.46	93627.53	49792	0	BartonZwiebach	
1562	0:25:14	1/1/2019 	1199172	101.00	7.00	6.62	27.46	93627.53	3846	0	BartonZwiebach	
1563	0:25:15	1/1/2019 	1199716	501.00	7.00	12.73	27.46	93629.66	49793	0	BartonZwiebach	
1564	0:25:15	1/1/2019 	1200076	971.00	314.00	59.41	27.47	93632.38	2613	0	BartonZwiebach	
1565	0:25:16	1/1/2019 	1200289	968.00	287.00	55.03	27.47	93632.38	1857	0	BartonZwiebach	
1566	0:25:17	1/1/2019 	1201704	89.00	7.00	6.32	27.48	93639.23	97757	0	BartonZwiebach	
1567	0:25:17	1/1/2019 	1202355	83.00	7.00	6.19	27.48	93641.95	1850	0	BartonZwiebach	
1568	0:25:18	1/1/2019 	1203007	978.00	684.00	123.73	27.48	93644.11	51932	0	BartonZwiebach	
1569	0:25:18	1/1/2019 	1203611	805.00	45.00	22.01	27.49	93646.80	49812	0	BartonZwiebach	
1570	0:25:19	1/1/2019 	1204091	444.00	8.00	12.44	27.49	93649.12	1851	0	BartonZwiebach	
1571	0:25:19	1/1/2019 	1204274	104.00	8.00	6.70	27.49	93651.64	1848	0	BartonZwiebach	
1572	0:25:20	1/1/2019 	1205695	205.00	7.00	9.40	27.50	93656.67	97732	0	BartonZwiebach	
1573	0:25:21	1/1/2019 	1206085	850.00	75.00	25.56	27.51	93659.56	1851	0	BartonZwiebach	
1574	0:25:21	1/1/2019 	1206140	627.00	9.00	14.34	27.51	93659.56	3849	0	BartonZwiebach	
1575	0:25:22	1/1/2019 	1206772	803.00	40.00	21.50	27.51	93664.73	49794	0	BartonZwiebach	
1576	0:25:22	1/1/2019 	1206795	964.00	187.00	44.12	27.51	93664.73	1851	0	BartonZwiebach	
1577	0:25:22	1/1/2019 	1207106	144.00	7.00	7.84	27.51	93664.73	1850	0	BartonZwiebach	
1578	0:25:22	1/1/2019 	1207489	629.00	9.00	14.36	27.52	93667.42	1849	0	BartonZwiebach	
1579	0:25:23	1/1/2019 	1208010	710.00	14.00	16.34	27.52	93670.27	51791	0	BartonZwiebach	
1580	0:25:25	1/1/2019 	1210026	61.00	7.00	5.89	27.54	93680.69	97741	0	BartonZwiebach	
1581	0:25:27	1/1/2019 	1212032	233.00	7.00	9.97	27.56	93691.42	98496	0	BartonZwiebach	
1582	0:25:29	1/1/2019 	1214619	381.00	8.00	11.96	27.58	93704.87	145678	0	BartonZwiebach	
1583	0:25:30	1/1/2019 	1214757	79.00	7.00	6.12	27.58	93704.87	1849	0	BartonZwiebach	
1584	0:25:30	1/1/2019 	1214819	931.00	138.00	37.28	27.58	93704.87	1850	0	BartonZwiebach	
1585	0:25:31	1/1/2019 	1216119	132.00	8.00	7.50	27.60	93712.99	51937	0	BartonZwiebach	
1586	0:25:31	1/1/2019 	1216464	960.00	160.00	40.80	27.60	93712.99	1849	0	BartonZwiebach	
1587	0:25:33	1/1/2019 	1218422	549.00	8.00	13.26	27.62	93722.75	97747	0	BartonZwiebach	
1588	0:25:33	1/1/2019 	1218612	81.00	7.00	6.15	27.62	93722.75	49793	0	BartonZwiebach	
1589	0:25:34	1/1/2019 	1218773	66.00	7.00	5.93	27.63	93725.64	1848	0	BartonZwiebach	
1590	0:25:35	1/1/2019 	1219834	818.00	52.00	22.73	27.64	93730.49	49793	0	BartonZwiebach	
1591	0:25:37	1/1/2019 	1222181	321.00	8.00	11.33	27.66	93740.52	100670	0	BartonZwiebach	
1592	0:25:38	1/1/2019 	1222821	649.00	9.00	14.52	27.67	93742.84	49794	0	BartonZwiebach	
1593	0:25:38	1/1/2019 	1223593	930.00	140.00	37.63	27.68	93747.76	49796	0	BartonZwiebach	
1594	0:25:39	1/1/2019 	1223847	131.00	7.00	7.47	27.68	93747.76	1851	0	BartonZwiebach	
1595	0:25:40	1/1/2019 	1224809	386.00	8.00	12.00	27.69	93752.34	49794	0	BartonZwiebach	
1596	0:25:41	1/1/2019 	1225901	79.00	7.00	6.12	27.70	93757.22	49794	0	BartonZwiebach	
1597	0:25:42	1/1/2019 	1226762	976.00	574.00	99.11	27.71	93761.81	51810	0	BartonZwiebach	
1598	0:25:43	1/1/2019 	1227728	689.00	12.00	15.63	27.73	93766.53	49806	0	BartonZwiebach	
1599	0:25:45	1/1/2019 	1229836	969.00	354.00	66.60	27.75	93776.05	97742	0	BartonZwiebach	
1600	0:25:45	1/1/2019 	1230173	429.00	8.00	12.34	27.76	93778.59	2611	0	BartonZwiebach	
1601	0:25:46	1/1/2019 	1230933	139.00	7.00	7.70	27.76	93780.78	49793	0	BartonZwiebach	
1602	0:25:46	1/1/2019 	1231373	102.00	7.00	6.64	27.77	93783.17	4064	0	BartonZwiebach	
1603	0:25:47	1/1/2019 	1231710	396.00	7.00	12.02	27.77	93785.20	49794	0	BartonZwiebach	
1604	0:25:47	1/1/2019 	1232100	373.00	8.00	11.89	27.77	93785.20	1850	0	BartonZwiebach	
1605	0:25:47	1/1/2019 	1232281	844.00	56.00	23.19	27.78	93787.59	1848	0	BartonZwiebach	
1606	0:25:49	1/1/2019 	1234139	117.00	7.00	7.06	27.80	93794.53	97744	0	BartonZwiebach	
1607	0:25:49	1/1/2019 	1234331	148.00	7.00	7.96	27.81	93796.91	1850	0	BartonZwiebach	
1608	0:25:50	1/1/2019 	1234798	67.00	7.00	5.94	27.81	93798.93	51809	0	BartonZwiebach	
1609	0:25:53	1/1/2019 	1237736	135.00	7.00	7.58	27.85	93809.84	145682	0	BartonZwiebach	
1610	0:25:54	1/1/2019 	1238728	191.00	7.00	9.08	27.86	93814.29	49795	0	BartonZwiebach	
1611	0:25:54	1/1/2019 	1239030	413.00	8.00	12.22	27.87	93816.33	1850	0	BartonZwiebach	
1612	0:25:55	1/1/2019 	1239833	622.00	8.00	14.05	27.88	93818.22	49793	0	BartonZwiebach	
1613	0:25:56	1/1/2019 	1241416	130.00	7.00	7.44	27.90	93824.17	50553	0	BartonZwiebach	
1614	0:25:57	1/1/2019 	1241757	822.00	61.00	23.69	27.90	93826.23	51930	0	BartonZwiebach	
1615	0:25:58	1/1/2019 	1243602	970.00	301.00	57.22	27.93	93832.72	97743	0	BartonZwiebach	
1616	0:26:00	1/1/2019 	1244818	549.00	8.00	13.26	27.95	93838.72	49799	0	BartonZwiebach	
1617	0:26:00	1/1/2019 	1245305	122.00	7.00	7.20	27.96	93840.75	1849	0	BartonZwiebach	
1618	0:26:01	1/1/2019 	1245808	953.00	157.00	40.36	27.96	93842.81	49792	0	BartonZwiebach	
1619	0:26:01	1/1/2019 	1245871	302.00	7.00	11.05	27.96	93842.81	1852	0	BartonZwiebach	
1620	0:26:02	1/1/2019 	1247467	962.00	214.00	46.73	27.98	93848.97	51787	0	BartonZwiebach	
1621	0:26:04	1/1/2019 	1249564	396.00	8.00	12.09	28.01	93857.02	145700	0	BartonZwiebach	
1622	0:26:04	1/1/2019 	1249639	531.00	8.00	13.09	28.01	93857.02	2608	0	BartonZwiebach	
1623	0:26:07	1/1/2019 	1252194	448.00	8.00	12.47	28.05	93866.45	97739	0	BartonZwiebach	
1624	0:26:08	1/1/2019 	1253636	690.00	12.00	15.63	28.07	93872.11	97741	0	BartonZwiebach	
1625	0:26:10	1/1/2019 	1254832	653.00	10.00	14.83	28.09	93875.91	49796	0	BartonZwiebach	
1626	0:26:11	1/1/2019 	1255732	815.00	53.00	22.82	28.10	93879.51	51936	0	BartonZwiebach	
1627	0:26:11	1/1/2019 	1255934	67.00	7.00	5.94	28.10	93879.51	1851	0	BartonZwiebach	
1628	0:26:11	1/1/2019 	1255940	548.00	7.00	13.12	28.10	93879.51	1849	0	BartonZwiebach	
1629	0:26:11	1/1/2019 	1256115	201.00	7.00	9.31	28.11	93881.38	1851	0	BartonZwiebach	
1630	0:26:12	1/1/2019 	1257236	154.00	7.00	8.12	28.12	93885.00	49798	0	BartonZwiebach	
1631	0:26:12	1/1/2019 	1257434	399.00	7.00	12.05	28.12	93885.00	3903	0	BartonZwiebach	
1632	0:26:12	1/1/2019 	1257607	534.00	8.00	13.12	28.12	93885.00	49795	0	BartonZwiebach	
1633	0:26:15	1/1/2019 	1260213	74.00	7.00	6.03	28.16	93893.41	97741	0	BartonZwiebach	
1634	0:26:15	1/1/2019 	1260385	143.00	8.00	7.82	28.17	93895.13	2609	0	BartonZwiebach	
1635	0:26:16	1/1/2019 	1260705	661.00	10.00	14.88	28.17	93895.13	49791	0	BartonZwiebach	
1636	0:26:16	1/1/2019 	1261278	316.00	8.00	11.27	28.18	93898.59	1851	0	BartonZwiebach	
1637	0:26:16	1/1/2019 	1261448	83.00	7.00	6.19	28.18	93898.59	3987	0	BartonZwiebach	
1638	0:26:18	1/1/2019 	1263284	482.00	8.00	12.70	28.21	93904.09	97733	0	BartonZwiebach	
1639	0:26:19	1/1/2019 	1264070	91.00	8.00	6.37	28.22	93907.86	49794	0	BartonZwiebach	
1640	0:26:21	1/1/2019 	1265878	454.00	8.00	12.51	28.24	93913.06	97733	0	BartonZwiebach	
1641	0:26:21	1/1/2019 	1265983	716.00	15.00	16.66	28.25	93914.93	1850	0	BartonZwiebach	
1642	0:26:21	1/1/2019 	1266681	974.00	364.00	68.39	28.26	93916.66	49795	0	BartonZwiebach	
1643	0:26:22	1/1/2019 	1266727	64.00	7.00	5.91	28.26	93916.66	3846	0	BartonZwiebach	
1644	0:26:25	1/1/2019 	1270461	70.00	7.00	5.98	28.31	93929.53	145678	0	BartonZwiebach	
1645	0:26:26	1/1/2019 	1270874	925.00	142.00	37.96	28.32	93931.26	50552	0	BartonZwiebach	
1646	0:26:26	1/1/2019 	1270891	547.00	8.00	13.24	28.32	93931.26	1852	0	BartonZwiebach	
1647	0:26:26	1/1/2019 	1271018	358.00	8.00	11.74	28.32	93931.26	1848	0	BartonZwiebach	
1648	0:26:27	1/1/2019 	1272251	72.00	7.00	6.00	28.34	93935.89	49790	0	BartonZwiebach	
1649	0:26:27	1/1/2019 	1272403	68.00	7.00	5.95	28.34	93935.89	3988	0	BartonZwiebach	
1650	0:26:27	1/1/2019 	1272630	654.00	10.00	14.83	28.34	93935.89	49793	0	BartonZwiebach	
1651	0:26:28	1/1/2019 	1273611	964.00	230.00	48.22	28.35	93939.69	49795	0	BartonZwiebach	
1652	0:26:29	1/1/2019 	1274462	82.00	7.00	6.17	28.37	93943.12	1855	0	BartonZwiebach	
1653	0:26:30	1/1/2019 	1275141	237.00	7.00	10.04	28.37	93944.86	49797	0	BartonZwiebach	
1654	0:26:30	1/1/2019 	1275286	412.00	8.00	12.21	28.38	93946.22	1852	0	BartonZwiebach	
1655	0:26:31	1/1/2019 	1275913	389.00	7.00	11.97	28.38	93947.79	51789	0	BartonZwiebach	
1656	0:26:32	1/1/2019 	1276964	63.00	7.00	5.91	28.40	93951.55	49795	0	BartonZwiebach	
1657	0:26:32	1/1/2019 	1276993	738.00	19.00	17.86	28.40	93951.55	1850	0	BartonZwiebach	
1658	0:26:32	1/1/2019 	1277701	548.00	8.00	13.25	28.41	93953.45	49793	0	BartonZwiebach	
1659	0:26:33	1/1/2019 	1277731	62.00	7.00	5.90	28.41	93953.45	1848	0	BartonZwiebach	
1660	0:26:33	1/1/2019 	1277964	580.00	8.00	13.61	28.41	93955.19	3901	0	BartonZwiebach	
1661	0:26:33	1/1/2019 	1278105	980.00	614.00	108.08	28.41	93955.19	1848	0	BartonZwiebach	
1662	0:26:35	1/1/2019 	1279825	202.00	7.00	9.33	28.44	93960.16	97762	0	BartonZwiebach	
1663	0:26:35	1/1/2019 	1279911	102.00	7.00	6.64	28.44	93960.16	2609	0	BartonZwiebach	
1664	0:26:35	1/1/2019 	1280600	844.00	66.00	24.33	28.45	93963.23	49793	0	BartonZwiebach	
1665	0:26:36	1/1/2019 	1281376	94.00	7.00	6.44	28.46	93964.96	1851	0	BartonZwiebach	
1666	0:26:37	1/1/2019 	1281856	750.00	24.00	19.05	28.46	93966.53	51932	0	BartonZwiebach	
1667	0:26:37	1/1/2019 	1282345	100.00	7.00	6.59	28.47	93968.23	1850	0	BartonZwiebach	
1668	0:26:38	1/1/2019 	1283303	108.00	7.00	6.81	28.49	93971.53	49793	0	BartonZwiebach	
1669	0:26:40	1/1/2019 	1284920	744.00	20.00	18.14	28.50	93976.17	97737	0	BartonZwiebach	
1670	0:26:40	1/1/2019 	1284924	151.00	7.00	8.04	28.50	93976.17	1851	0	BartonZwiebach	
1671	0:26:41	1/1/2019 	1285874	182.00	7.00	8.86	28.52	93979.47	49792	0	BartonZwiebach	
1672	0:26:42	1/1/2019 	1286993	718.00	16.00	16.97	28.53	93982.41	51790	0	BartonZwiebach	
1673	0:26:42	1/1/2019 	1287419	112.00	7.00	6.92	28.54	93983.97	1849	0	BartonZwiebach	
1674	0:26:44	1/1/2019 	1288995	78.00	6.00	6.10	28.56	93989.11	97733	0	BartonZwiebach	
1675	0:26:45	1/1/2019 	1290012	165.00	8.00	8.43	28.58	93992.24	49792	0	BartonZwiebach	
1676	0:26:45	1/1/2019 	1290143	425.00	8.00	12.31	28.58	93992.24	2608	0	BartonZwiebach	
1677	0:26:47	1/1/2019 	1291890	208.00	8.00	9.48	28.61	93998.45	97735	0	BartonZwiebach	
1678	0:26:47	1/1/2019 	1292632	196.00	7.00	9.20	28.61	93999.99	51929	0	BartonZwiebach	
1679	0:26:47	1/1/2019 	1292668	422.00	7.00	12.21	28.61	93999.99	1851	0	BartonZwiebach	
1680	0:26:48	1/1/2019 	1293440	88.00	7.00	6.30	28.62	94002.92	1849	0	BartonZwiebach	
1681	0:26:51	1/1/2019 	1296285	137.00	7.00	7.64	28.66	94010.53	145680	0	BartonZwiebach	
1682	0:26:51	1/1/2019 	1296461	726.00	17.00	17.28	28.66	94010.53	1851	0	BartonZwiebach	
1683	0:26:52	1/1/2019 	1297655	583.00	8.00	13.64	28.68	94014.84	97740	0	BartonZwiebach	
1684	0:26:53	1/1/2019 	1297866	754.00	24.00	19.06	28.68	94014.84	3846	0	BartonZwiebach	
1685	0:26:54	1/1/2019 	1298794	791.00	37.00	21.14	28.69	94017.97	49797	0	BartonZwiebach	
1686	0:26:54	1/1/2019 	1299414	605.00	8.00	13.89	28.70	94019.67	1851	0	BartonZwiebach	
1687	0:26:55	1/1/2019 	1299843	77.00	7.00	6.08	28.70	94020.88	49795	0	BartonZwiebach	
1688	0:26:57	1/1/2019 	1301742	179.00	7.00	8.79	28.73	94027.08	98497	0	BartonZwiebach	
1689	0:26:57	1/1/2019 	1302130	82.00	7.00	6.17	28.73	94027.08	3988	0	BartonZwiebach	
1690	0:26:57	1/1/2019 	1302433	262.00	7.00	10.47	28.74	94028.44	1848	0	BartonZwiebach	
1691	0:26:58	1/1/2019 	1303633	982.00	653.00	117.06	28.75	94031.38	97743	0	BartonZwiebach	
1692	0:26:59	1/1/2019 	1304631	136.00	7.00	7.61	28.76	94034.66	49813	0	BartonZwiebach	
1693	0:26:59	1/1/2019 	1304694	724.00	15.00	16.68	28.76	94034.66	1851	0	BartonZwiebach	
1694	0:27:00	1/1/2019 	1305427	156.00	7.00	8.18	28.77	94037.42	1851	0	BartonZwiebach	
1695	0:27:02	1/1/2019 	1306888	887.00	101.00	30.14	28.79	94040.16	99734	0	BartonZwiebach	
1696	0:27:02	1/1/2019 	1306913	889.00	91.00	28.29	28.79	94040.16	1853	0	BartonZwiebach	
1697	0:27:02	1/1/2019 	1307017	466.00	8.00	12.59	28.79	94041.55	1851	0	BartonZwiebach	
1698	0:27:03	1/1/2019 	1308483	633.00	9.00	14.40	28.81	94046.22	49791	0	BartonZwiebach	
1699	0:27:04	1/1/2019 	1309365	972.00	397.00	73.88	28.82	94047.39	49796	0	BartonZwiebach	
1700	0:27:05	1/1/2019 	1309890	964.00	200.00	45.43	28.82	94049.12	49806	0	BartonZwiebach	
1701	0:27:06	1/1/2019 	1311130	186.00	7.00	8.96	28.84	94053.41	52898	0	BartonZwiebach	
1702	0:27:06	1/1/2019 	1311392	96.00	7.00	6.49	28.84	94053.41	1852	0	BartonZwiebach	
1703	0:27:06	1/1/2019 	1311561	969.00	226.00	47.84	28.84	94053.41	49792	0	BartonZwiebach	
1704	0:27:07	1/1/2019 	1311902	915.00	127.00	35.25	28.85	94054.97	1850	0	BartonZwiebach	
1705	0:27:07	1/1/2019 	1312418	925.00	130.00	35.82	28.85	94056.53	1851	0	BartonZwiebach	
1706	0:27:08	1/1/2019 	1313133	92.00	7.00	6.39	28.86	94058.09	49797	0	BartonZwiebach	
1707	0:27:11	1/1/2019 	1316212	592.00	7.00	13.55	28.90	94066.34	147675	0	BartonZwiebach	
1708	0:27:12	1/1/2019 	1316763	888.00	98.00	29.57	28.90	94067.55	49796	0	BartonZwiebach	
1709	0:27:14	1/1/2019 	1319146	302.00	7.00	11.05	28.93	94073.95	97743	0	BartonZwiebach	
1710	0:27:15	1/1/2019 	1319863	960.00	195.00	44.94	28.94	94075.52	49796	0	BartonZwiebach	
1711	0:27:15	1/1/2019 	1319959	80.00	7.00	6.13	28.94	94076.72	2807	0	BartonZwiebach	
1712	0:27:15	1/1/2019 	1320298	597.00	8.00	13.80	28.94	94076.72	3987	0	BartonZwiebach	
1713	0:27:18	1/1/2019 	1322814	912.00	121.00	34.10	28.97	94083.62	145679	0	BartonZwiebach	
1714	0:27:18	1/1/2019 	1322866	986.00	729.00	131.27	28.97	94083.62	1859	0	BartonZwiebach	
1715	0:27:19	1/1/2019 	1323799	687.00	12.00	15.62	28.98	94086.01	49814	0	BartonZwiebach	
1716	0:27:19	1/1/2019 	1323866	97.00	7.00	6.51	28.98	94086.01	1850	0	BartonZwiebach	
1717	0:27:19	1/1/2019 	1324467	339.00	8.00	11.54	28.99	94087.41	1848	0	BartonZwiebach	
1718	0:27:20	1/1/2019 	1325293	74.00	7.00	6.03	29.00	94089.67	51786	0	BartonZwiebach	
1719	0:27:20	1/1/2019 	1325672	965.00	187.00	44.12	29.00	94091.02	49794	0	BartonZwiebach	
1720	0:27:21	1/1/2019 	1326174	380.00	8.00	11.95	29.01	94092.41	1851	0	BartonZwiebach	
1721	0:27:21	1/1/2019 	1326250	674.00	10.00	14.93	29.01	94092.41	1849	0	BartonZwiebach	
1722	0:27:22	1/1/2019 	1326752	89.00	7.00	6.32	29.02	94093.45	49793	0	BartonZwiebach	
1723	0:27:22	1/1/2019 	1327410	977.00	385.00	71.97	29.02	94094.68	1851	0	BartonZwiebach	
1724	0:27:24	1/1/2019 	1329277	162.00	7.00	8.34	29.04	94099.83	99751	0	BartonZwiebach	
1725	0:27:24	1/1/2019 	1329297	120.00	7.00	7.15	29.04	94099.83	1851	0	BartonZwiebach	
1726	0:27:27	1/1/2019 	1332657	927.00	138.00	37.27	29.08	94107.44	193621	0	BartonZwiebach	
1727	0:27:28	1/1/2019 	1332995	154.00	8.00	8.13	29.08	94108.67	2807	0	BartonZwiebach	
1728	0:27:28	1/1/2019 	1333466	130.00	7.00	7.44	29.09	94110.04	1848	0	BartonZwiebach	
1729	0:27:29	1/1/2019 	1334190	90.00	7.00	6.34	29.09	94111.21	49793	0	BartonZwiebach	
1730	0:27:30	1/1/2019 	1334704	925.00	135.00	36.74	29.10	94112.78	51932	0	BartonZwiebach	
1731	0:27:31	1/1/2019 	1336077	334.00	7.00	11.44	29.12	94116.91	49799	0	BartonZwiebach	
1732	0:27:31	1/1/2019 	1336360	636.00	9.00	14.42	29.12	94116.91	1851	0	BartonZwiebach	
1733	0:27:31	1/1/2019 	1336375	968.00	277.00	53.59	29.12	94116.91	1850	0	BartonZwiebach	
1734	0:27:32	1/1/2019 	1337659	531.00	8.00	13.09	29.13	94120.36	97749	0	BartonZwiebach	
1735	0:27:33	1/1/2019 	1338115	124.00	7.00	7.26	29.14	94122.09	3845	0	BartonZwiebach	
1736	0:27:34	1/1/2019 	1338906	894.00	96.00	29.22	29.14	94123.48	49794	0	BartonZwiebach	
1737	0:27:37	1/1/2019 	1342025	722.00	15.00	16.68	29.18	94131.55	145689	0	BartonZwiebach	
1738	0:27:37	1/1/2019 	1342348	126.00	7.00	7.32	29.18	94132.94	2807	0	BartonZwiebach	
1739	0:27:38	1/1/2019 	1343553	79.00	6.00	6.11	29.20	94135.88	97739	0	BartonZwiebach	
1740	0:27:39	1/1/2019 	1343930	199.00	8.00	9.28	29.20	94137.21	1853	0	BartonZwiebach	
1741	0:27:39	1/1/2019 	1344323	592.00	8.00	13.74	29.21	94138.41	3987	0	BartonZwiebach	
1742	0:27:40	1/1/2019 	1344974	338.00	7.00	11.48	29.21	94139.64	49793	0	BartonZwiebach	
1743	0:27:41	1/1/2019 	1346436	966.00	312.00	59.07	29.23	94143.78	49796	0	BartonZwiebach	
1744	0:27:44	1/1/2019 	1348943	661.00	10.00	14.88	29.25	94149.82	145702	0	BartonZwiebach	
1745	0:27:44	1/1/2019 	1349079	535.00	8.00	13.13	29.25	94149.82	1851	0	BartonZwiebach	
1746	0:27:44	1/1/2019 	1349157	618.00	8.00	14.02	29.25	94149.82	1848	0	BartonZwiebach	
1747	0:27:46	1/1/2019 	1350813	958.00	175.00	42.76	29.27	94153.94	99734	0	BartonZwiebach	
1748	0:27:46	1/1/2019 	1351181	937.00	147.00	38.81	29.27	94155.30	2808	0	BartonZwiebach	
1749	0:27:47	1/1/2019 	1351831	153.00	7.00	8.10	29.28	94156.53	49797	0	BartonZwiebach	
1750	0:27:48	1/1/2019 	1353091	977.00	646.00	115.53	29.29	94160.11	49795	0	BartonZwiebach	
1751	0:27:48	1/1/2019 	1353365	373.00	7.00	11.83	29.29	94160.11	1852	0	BartonZwiebach	
1752	0:27:49	1/1/2019 	1354673	148.00	7.00	7.96	29.31	94164.24	97739	0	BartonZwiebach	
1753	0:27:50	1/1/2019 	1355331	887.00	89.00	27.93	29.31	94165.61	3988	0	BartonZwiebach	
1754	0:27:51	1/1/2019 	1356185	159.00	7.00	8.26	29.32	94166.98	49798	0	BartonZwiebach	
1755	0:27:52	1/1/2019 	1356899	81.00	7.00	6.15	29.33	94169.22	49794	0	BartonZwiebach	
1756	0:27:52	1/1/2019 	1356980	222.00	7.00	9.75	29.33	94169.22	1849	0	BartonZwiebach	
1757	0:27:54	1/1/2019 	1358985	586.00	8.00	13.67	29.35	94174.03	97736	0	BartonZwiebach	
1758	0:27:54	1/1/2019 	1359585	138.00	7.00	7.67	29.35	94175.27	49794	0	BartonZwiebach	
1759	0:27:56	1/1/2019 	1361099	540.00	8.00	13.17	29.37	94178.86	52895	0	BartonZwiebach	
1760	0:27:56	1/1/2019 	1361303	848.00	71.00	24.99	29.37	94178.86	1849	0	BartonZwiebach	
1761	0:27:57	1/1/2019 	1361801	970.00	365.00	68.56	29.37	94180.07	49797	0	BartonZwiebach	
1762	0:28:00	1/1/2019 	1364826	82.00	7.00	6.17	29.40	94187.28	145704	0	BartonZwiebach	
1763	0:28:00	1/1/2019 	1365440	405.00	7.00	12.09	29.40	94188.64	1851	0	BartonZwiebach	
1764	0:28:01	1/1/2019 	1365941	875.00	92.00	28.42	29.41	94189.85	51847	0	BartonZwiebach	
1765	0:28:02	1/1/2019 	1367125	727.00	16.00	17.00	29.42	94193.28	49797	0	BartonZwiebach	
1766	0:28:05	1/1/2019 	1370696	114.00	9.00	6.98	29.45	94200.52	193629	0	BartonZwiebach	
1767	0:28:06	1/1/2019 	1371230	122.00	7.00	7.20	29.45	94201.86	2807	0	BartonZwiebach	
1768	0:28:06	1/1/2019 	1371264	90.00	7.00	6.34	29.46	94203.23	1851	0	BartonZwiebach	
1769	0:28:06	1/1/2019 	1371334	626.00	8.00	14.09	29.46	94203.23	1850	0	BartonZwiebach	
1770	0:28:07	1/1/2019 	1372646	657.00	10.00	14.85	29.47	94205.83	99876	0	BartonZwiebach	
1771	0:28:08	1/1/2019 	1373421	104.00	6.00	6.70	29.48	94208.23	1852	0	BartonZwiebach	
1772	0:28:08	1/1/2019 	1373478	933.00	142.00	37.97	29.48	94208.23	1850	0	BartonZwiebach	
1773	0:28:10	1/1/2019 	1375386	388.00	7.00	11.96	29.49	94211.64	97744	0	BartonZwiebach	
1774	0:28:11	1/1/2019 	1375835	254.00	7.00	10.34	29.50	94213.22	49797	0	BartonZwiebach	
1775	0:28:12	1/1/2019 	1377242	344.00	7.00	11.55	29.51	94216.65	49797	0	BartonZwiebach	
1776	0:28:13	1/1/2019 	1378354	975.00	564.00	97.14	29.52	94219.05	51793	0	BartonZwiebach	
1777	0:28:14	1/1/2019 	1379496	669.00	10.00	14.91	29.53	94221.49	49807	0	BartonZwiebach	
1778	0:28:15	1/1/2019 	1380146	710.00	15.00	16.64	29.54	94223.69	49796	0	BartonZwiebach	
1779	0:28:15	1/1/2019 	1380454	271.00	8.00	10.64	29.54	94223.69	2807	0	BartonZwiebach	
1780	0:28:15	1/1/2019 	1380659	259.00	7.00	10.42	29.54	94224.90	49793	0	BartonZwiebach	
1781	0:28:17	1/1/2019 	1381782	372.00	7.00	11.82	29.55	94227.30	49795	0	BartonZwiebach	
1782	0:28:17	1/1/2019 	1382099	748.00	19.00	17.89	29.55	94227.30	3989	0	BartonZwiebach	
1783	0:28:19	1/1/2019 	1383876	138.00	7.00	7.67	29.57	94231.94	97738	0	BartonZwiebach	
1784	0:28:19	1/1/2019 	1383953	739.00	20.00	18.12	29.57	94231.94	1850	0	BartonZwiebach	
1785	0:28:19	1/1/2019 	1384147	592.00	8.00	13.74	29.57	94231.94	1850	0	BartonZwiebach	
1786	0:28:19	1/1/2019 	1384322	470.00	7.00	12.53	29.57	94233.31	1847	0	BartonZwiebach	
1787	0:28:20	1/1/2019 	1385003	100.00	7.00	6.59	29.58	94234.68	51791	0	BartonZwiebach	
1788	0:28:24	1/1/2019 	1388835	556.00	8.00	13.34	29.61	94242.42	193622	0	BartonZwiebach	
1789	0:28:26	1/1/2019 	1391112	731.00	18.00	17.58	29.63	94248.10	97739	0	BartonZwiebach	
1790	0:28:26	1/1/2019 	1391307	73.00	7.00	6.02	29.63	94248.10	2807	0	BartonZwiebach	
1791	0:28:26	1/1/2019 	1391407	116.00	7.00	7.03	29.63	94248.10	1849	0	BartonZwiebach	
1792	0:28:27	1/1/2019 	1391887	219.00	8.00	9.71	29.63	94249.47	49790	0	BartonZwiebach	
1793	0:28:27	1/1/2019 	1392492	104.00	7.00	6.70	29.64	94250.67	3986	0	BartonZwiebach	
1794	0:28:29	1/1/2019 	1394200	624.00	9.00	14.31	29.65	94255.11	97732	0	BartonZwiebach	
1795	0:28:30	1/1/2019 	1395482	754.00	26.00	19.45	29.66	94257.02	49794	0	BartonZwiebach	
1796	0:28:32	1/1/2019 	1397277	219.00	7.00	9.69	29.68	94261.66	97738	0	BartonZwiebach	
1797	0:28:33	1/1/2019 	1397787	62.00	7.00	5.90	29.68	94262.86	49792	0	BartonZwiebach	
1798	0:28:35	1/1/2019 	1400669	90.00	7.00	6.34	29.70	94268.67	145678	0	BartonZwiebach	
1799	0:28:36	1/1/2019 	1401289	159.00	7.00	8.26	29.71	94269.53	4943	0	BartonZwiebach	
1800	0:28:37	1/1/2019 	1401858	530.00	7.00	12.96	29.71	94271.41	49793	0	BartonZwiebach	
1801	0:28:40	1/1/2019 	1405149	70.00	7.00	5.98	29.74	94278.28	145688	0	BartonZwiebach	
1802	0:28:40	1/1/2019 	1405390	147.00	7.00	7.93	29.74	94278.28	1850	0	BartonZwiebach	
1803	0:28:41	1/1/2019 	1406472	953.00	164.00	41.35	29.75	94280.69	49792	0	BartonZwiebach	
1804	0:28:41	1/1/2019 	1406482	988.00	922.00	191.32	29.75	94280.69	1852	0	BartonZwiebach	
1805	0:28:42	1/1/2019 	1406706	968.00	313.00	59.24	29.75	94281.53	51817	0	BartonZwiebach	
1806	0:28:42	1/1/2019 	1407599	988.00	751.00	134.46	29.76	94284.12	49805	0	BartonZwiebach	
1807	0:28:43	1/1/2019 	1408005	353.00	7.00	11.64	29.76	94284.12	1858	0	BartonZwiebach	
1808	0:28:44	1/1/2019 	1408938	224.00	7.00	9.79	29.77	94285.86	49800	0	BartonZwiebach	
1809	0:28:44	1/1/2019 	1409096	138.00	7.00	7.67	29.77	94285.86	1850	0	BartonZwiebach	
1810	0:28:44	1/1/2019 	1409139	417.00	8.00	12.25	29.77	94286.70	1849	0	BartonZwiebach	
1811	0:28:45	1/1/2019 	1409874	958.00	181.00	43.46	29.77	94287.73	51790	0	BartonZwiebach	
1812	0:28:46	1/1/2019 	1411040	965.00	242.00	49.40	29.78	94289.77	50757	0	BartonZwiebach	
1813	0:28:46	1/1/2019 	1411485	69.00	7.00	5.96	29.79	94291.01	1852	0	BartonZwiebach	
1814	0:28:47	1/1/2019 	1412339	150.00	7.00	8.01	29.79	94292.91	49792	0	BartonZwiebach	
1815	0:28:48	1/1/2019 	1413183	69.00	7.00	5.96	29.80	94293.75	49794	0	BartonZwiebach	
1816	0:28:49	1/1/2019 	1414255	552.00	8.00	13.30	29.81	94296.18	51932	0	BartonZwiebach	
1817	0:28:50	1/1/2019 	1415052	533.00	8.00	13.11	29.81	94298.05	49794	0	BartonZwiebach	
1818	0:28:50	1/1/2019 	1415428	155.00	7.00	8.15	29.82	94299.42	1849	0	BartonZwiebach	
1819	0:28:51	1/1/2019 	1415865	802.00	44.00	21.91	29.82	94300.62	49796	0	BartonZwiebach	
1820	0:28:51	1/1/2019 	1416105	155.00	7.00	8.15	29.82	94300.62	1858	0	BartonZwiebach	
1821	0:28:51	1/1/2019 	1416376	84.00	7.00	6.21	29.83	94301.50	1853	0	BartonZwiebach	
1822	0:28:51	1/1/2019 	1416439	84.00	7.00	6.21	29.83	94301.50	3845	0	BartonZwiebach	
1823	0:28:52	1/1/2019 	1417070	146.00	7.00	7.90	29.83	94302.70	49792	0	BartonZwiebach	
1824	0:28:53	1/1/2019 	1417760	640.00	9.00	14.45	29.84	94303.88	49797	0	BartonZwiebach	
1825	0:28:53	1/1/2019 	1418499	762.00	25.00	19.29	29.84	94305.94	1856	0	BartonZwiebach	
1826	0:28:53	1/1/2019 	1418665	833.00	69.00	24.69	29.84	94305.94	49841	0	BartonZwiebach	
1827	0:28:54	1/1/2019 	1419152	818.00	54.00	22.93	29.85	94307.17	1851	0	BartonZwiebach	
1828	0:28:54	1/1/2019 	1419667	920.00	127.00	35.26	29.85	94308.01	51794	0	BartonZwiebach	
1829	0:28:57	1/1/2019 	1422364	240.00	7.00	10.09	29.87	94312.66	98702	0	BartonZwiebach	
1830	0:28:57	1/1/2019 	1422469	158.00	6.00	8.23	29.87	94312.66	1851	0	BartonZwiebach	
1831	0:29:00	1/1/2019 	1425012	746.00	23.00	18.83	29.89	94317.97	145681	0	BartonZwiebach	
1832	0:29:02	1/1/2019 	1426925	910.00	119.00	33.71	29.91	94322.48	97742	0	BartonZwiebach	
1833	0:29:03	1/1/2019 	1427772	195.00	7.00	9.17	29.91	94323.34	49799	0	BartonZwiebach	
1834	0:29:03	1/1/2019 	1428161	444.00	7.00	12.36	29.91	94324.55	3987	0	BartonZwiebach	
1835	0:29:03	1/1/2019 	1428449	648.00	9.00	14.51	29.92	94325.19	1850	0	BartonZwiebach	
1836	0:29:03	1/1/2019 	1428654	980.00	560.00	96.36	29.92	94325.19	49795	0	BartonZwiebach	
1837	0:29:04	1/1/2019 	1428850	78.00	7.00	6.10	29.92	94326.42	1850	0	BartonZwiebach	
1838	0:29:04	1/1/2019 	1428956	148.00	7.00	7.96	29.92	94326.42	1850	0	BartonZwiebach	
1839	0:29:04	1/1/2019 	1429476	961.00	170.00	42.15	29.93	94327.45	3846	0	BartonZwiebach	
1840	0:29:05	1/1/2019 	1429822	578.00	8.00	13.58	29.93	94327.45	49800	0	BartonZwiebach	
1841	0:29:05	1/1/2019 	1429853	675.00	10.00	14.93	29.93	94327.45	2806	0	BartonZwiebach	
1842	0:29:06	1/1/2019 	1430907	419.00	7.00	12.19	29.94	94329.89	49795	0	BartonZwiebach	
1843	0:29:06	1/1/2019 	1431469	74.00	6.00	6.03	29.94	94331.06	1851	0	BartonZwiebach	
1844	0:29:08	1/1/2019 	1433300	74.00	7.00	6.03	29.95	94333.81	97736	0	BartonZwiebach	
1845	0:29:08	1/1/2019 	1433337	876.00	85.00	27.21	29.95	94333.81	3987	0	BartonZwiebach	
1846	0:29:10	1/1/2019 	1435009	77.00	7.00	6.08	29.96	94336.58	97743	0	BartonZwiebach	
1847	0:29:10	1/1/2019 	1435193	994.00	969.00	346.82	29.97	94337.78	1851	0	BartonZwiebach	
1848	0:29:13	1/1/2019 	1438115	596.00	8.00	13.79	29.98	94342.92	145760	0	BartonZwiebach	
1849	0:29:14	1/1/2019 	1439218	133.00	7.00	7.52	29.99	94345.83	49795	0	BartonZwiebach	
1850	0:29:14	1/1/2019 	1439455	868.00	74.00	25.46	29.99	94345.83	1850	0	BartonZwiebach	
1851	0:29:14	1/1/2019 	1439478	750.00	22.00	18.63	29.99	94345.83	3846	0	BartonZwiebach	
1852	0:29:16	1/1/2019 	1441316	92.00	7.00	6.39	30.00	94349.41	97739	0	BartonZwiebach	
1853	0:29:16	1/1/2019 	1441387	980.00	586.00	101.68	30.00	94349.41	2807	0	BartonZwiebach	
1854	0:29:16	1/1/2019 	1441407	797.00	41.00	21.59	30.00	94349.41	1850	0	BartonZwiebach	
1855	0:29:17	1/1/2019 	1442156	795.00	38.00	21.26	30.01	94350.27	49796	0	BartonZwiebach	
1856	0:29:18	1/1/2019 	1443166	99.00	7.00	6.57	30.01	94352.01	49797	0	BartonZwiebach	
1857	0:29:18	1/1/2019 	1443660	913.00	117.00	33.32	30.02	94352.88	51934	0	BartonZwiebach	
1858	0:29:19	1/1/2019 	1444215	83.00	6.00	6.19	30.02	94353.91	1855	0	BartonZwiebach	
1859	0:29:19	1/1/2019 	1444325	802.00	46.00	22.11	30.02	94353.91	1850	0	BartonZwiebach	
1860	0:29:20	1/1/2019 	1445124	766.00	28.00	19.83	30.03	94355.95	49796	0	BartonZwiebach	
1861	0:29:21	1/1/2019 	1446604	921.00	135.00	36.73	30.04	94358.69	97743	0	BartonZwiebach	
1862	0:29:22	1/1/2019 	1446936	689.00	12.00	15.63	30.04	94358.69	3848	0	BartonZwiebach	
1863	0:29:22	1/1/2019 	1447315	627.00	8.00	14.09	30.04	94359.39	1851	0	BartonZwiebach	
1864	0:29:22	1/1/2019 	1447701	556.00	8.00	13.34	30.04	94360.09	49792	0	BartonZwiebach	
1865	0:29:23	1/1/2019 	1447734	662.00	10.00	14.88	30.04	94360.09	1849	0	BartonZwiebach	
1866	0:29:25	1/1/2019 	1450284	746.00	21.00	18.38	30.06	94364.54	97741	0	BartonZwiebach	
1867	0:29:25	1/1/2019 	1450402	434.00	7.00	12.30	30.06	94364.54	2807	0	BartonZwiebach	
1868	0:29:26	1/1/2019 	1451237	142.00	7.00	7.78	30.07	94366.24	51985	0	BartonZwiebach	
1869	0:29:27	1/1/2019 	1451778	246.00	6.00	10.18	30.07	94367.14	49792	0	BartonZwiebach	
1870	0:29:27	1/1/2019 	1451908	62.00	6.00	5.90	30.07	94367.14	1850	0	BartonZwiebach	
1871	0:29:27	1/1/2019 	1452156	126.00	7.00	7.32	30.07	94367.14	1848	0	BartonZwiebach	
1872	0:29:29	1/1/2019 	1454041	63.00	6.00	5.91	30.08	94370.72	97732	0	BartonZwiebach	
1873	0:29:29	1/1/2019 	1454373	967.00	241.00	49.30	30.09	94371.39	1850	0	BartonZwiebach	
1874	0:29:30	1/1/2019 	1455203	585.00	8.00	13.66	30.09	94372.09	51736	0	BartonZwiebach	
1875	0:29:30	1/1/2019 	1455424	851.00	55.00	23.09	30.09	94373.12	1852	0	BartonZwiebach	
1876	0:29:33	1/1/2019 	1458235	842.00	72.00	25.11	30.11	94377.41	145691	0	BartonZwiebach	
1877	0:29:34	1/1/2019 	1458893	955.00	158.00	40.51	30.11	94378.27	49798	0	BartonZwiebach	
1878	0:29:34	1/1/2019 	1459154	821.00	59.00	23.46	30.11	94379.11	1852	0	BartonZwiebach	
1879	0:29:35	1/1/2019 	1460576	68.00	7.00	5.95	30.12	94381.88	97744	0	BartonZwiebach	
1880	0:29:35	1/1/2019 	1460683	250.00	7.00	10.27	30.12	94381.88	5963	0	BartonZwiebach	
1881	0:29:38	1/1/2019 	1463406	517.00	7.00	12.85	30.14	94386.66	97745	0	BartonZwiebach	
1882	0:29:40	1/1/2019 	1464807	681.00	11.00	15.28	30.15	94389.42	97740	0	BartonZwiebach	
1883	0:29:41	1/1/2019 	1465894	870.00	90.00	28.05	30.16	94391.47	49797	0	BartonZwiebach	
1884	0:29:41	1/1/2019 	1466074	774.00	32.00	20.46	30.16	94391.47	1851	0	BartonZwiebach	
1885	0:29:42	1/1/2019 	1467267	558.00	7.00	13.22	30.17	94394.20	49795	0	BartonZwiebach	
1886	0:29:43	1/1/2019 	1468573	405.00	2.00	11.69	30.17	94395.78	99737	0	BartonZwiebach	
1887	0:29:44	1/1/2019 	1469393	176.00	7.00	8.71	30.18	94397.84	1849	0	BartonZwiebach	
1888	0:29:44	1/1/2019 	1469479	88.00	7.00	6.30	30.18	94397.84	1851	0	BartonZwiebach	
