###################################################################################################
### CosmicWatch: The Desktop Muon Detector
### Device ID: BartonZwiebach
### Launch time: 0:00:05 1/1/2019
### Questions? Email Spencer N. Axani (saxani@mit.edu)
### Event Time Date TimeStamp[ms] ADC1 ADC2 SiPM[mV] Temp[C] Pressure[Pa] DeadTime[us] Coincident ID
###################################################################################################
1	0:00:06	1/1/2019 	192	976.00	238.00	49.00	52.49	89676.14	47947	0	BartonZwiebach	
2	0:00:07	1/1/2019 	1044	224.00	5.00	9.76	52.47	89671.02	53873	0	BartonZwiebach	
3	0:00:07	1/1/2019 	1418	773.00	42.00	21.62	52.47	89671.02	1851	0	BartonZwiebach	
4	0:00:08	1/1/2019 	2194	212.00	5.00	9.52	52.45	89664.30	49786	0	BartonZwiebach	
5	0:00:08	1/1/2019 	2369	742.00	34.00	20.55	52.45	89664.30	1850	0	BartonZwiebach	
6	0:00:08	1/1/2019 	2741	620.00	14.00	15.24	52.44	89659.77	49787	0	BartonZwiebach	
7	0:00:09	1/1/2019 	3970	97.00	5.00	6.51	52.40	89644.80	49784	0	BartonZwiebach	
8	0:00:10	1/1/2019 	4855	730.00	33.00	20.32	52.37	89634.17	51772	0	BartonZwiebach	
9	0:00:10	1/1/2019 	4927	630.00	15.00	15.61	52.37	89634.17	1850	0	BartonZwiebach	
10	0:00:11	1/1/2019 	5080	613.00	13.00	14.93	52.37	89634.17	1850	0	BartonZwiebach	
11	0:00:11	1/1/2019 	5183	402.00	6.00	12.00	52.37	89634.17	1850	0	BartonZwiebach	
12	0:00:11	1/1/2019 	5717	335.00	8.00	11.50	52.35	89606.43	49787	0	BartonZwiebach	
13	0:00:11	1/1/2019 	5734	537.00	9.00	13.26	52.35	89606.43	1848	0	BartonZwiebach	
14	0:00:11	1/1/2019 	5785	69.00	4.00	5.96	52.35	89606.43	3837	0	BartonZwiebach	
15	0:00:13	1/1/2019 	7320	307.00	5.00	11.04	52.29	89493.98	49785	0	BartonZwiebach	
16	0:00:13	1/1/2019 	7750	194.00	5.00	9.13	52.28	89468.65	49788	0	BartonZwiebach	
17	0:00:15	1/1/2019 	9079	812.00	69.00	24.63	52.24	89419.94	49786	0	BartonZwiebach	
18	0:00:15	1/1/2019 	9767	141.00	4.00	7.74	52.21	89375.38	49794	0	BartonZwiebach	
19	0:00:16	1/1/2019 	10062	983.00	637.00	113.40	52.21	89375.38	2609	0	BartonZwiebach	
20	0:00:16	1/1/2019 	10143	96.00	5.00	6.48	52.21	89375.38	3985	0	BartonZwiebach	
21	0:00:16	1/1/2019 	10335	905.00	114.00	32.72	52.19	89354.73	1852	0	BartonZwiebach	
22	0:00:16	1/1/2019 	10434	255.00	6.00	10.33	52.19	89354.73	1850	0	BartonZwiebach	
23	0:00:16	1/1/2019 	10900	556.00	9.00	13.47	52.18	89335.26	49786	0	BartonZwiebach	
24	0:00:17	1/1/2019 	11154	532.00	9.00	13.21	52.16	89316.52	1849	0	BartonZwiebach	
25	0:00:17	1/1/2019 	11616	683.00	22.00	17.98	52.16	89316.52	49789	0	BartonZwiebach	
26	0:00:18	1/1/2019 	12081	696.00	24.00	18.55	52.14	89299.48	3892	0	BartonZwiebach	
27	0:00:18	1/1/2019 	12130	484.00	15.00	13.25	52.13	89283.11	1850	0	BartonZwiebach	
28	0:00:18	1/1/2019 	12357	225.00	5.00	9.78	52.13	89283.11	1849	0	BartonZwiebach	
29	0:00:18	1/1/2019 	12578	336.00	8.00	11.51	52.13	89283.11	49787	0	BartonZwiebach	
30	0:00:18	1/1/2019 	12598	377.00	6.00	11.80	52.11	89267.11	1847	0	BartonZwiebach	
31	0:00:18	1/1/2019 	12621	217.00	3.00	9.58	52.11	89267.11	1848	0	BartonZwiebach	
32	0:00:18	1/1/2019 	12666	923.00	144.00	38.30	52.11	89267.11	1848	0	BartonZwiebach	
33	0:00:19	1/1/2019 	13236	969.00	251.00	50.36	52.09	89251.80	3838	0	BartonZwiebach	
34	0:00:20	1/1/2019 	14085	918.00	136.00	36.91	52.05	89218.95	49796	0	BartonZwiebach	
35	0:00:20	1/1/2019 	14097	133.00	5.00	7.52	52.05	89218.95	1851	0	BartonZwiebach	
36	0:00:20	1/1/2019 	14259	337.00	6.00	11.42	52.05	89218.95	1849	0	BartonZwiebach	
37	0:00:21	1/1/2019 	15057	102.00	5.00	6.64	52.02	89186.95	49787	0	BartonZwiebach	
38	0:00:21	1/1/2019 	15463	71.00	5.00	5.99	52.02	89186.95	1850	0	BartonZwiebach	
39	0:00:21	1/1/2019 	15913	130.00	4.00	7.42	52.00	89171.30	51774	0	BartonZwiebach	
40	0:00:22	1/1/2019 	16054	219.00	5.00	9.66	51.98	89156.03	1847	0	BartonZwiebach	
41	0:00:22	1/1/2019 	16209	359.00	7.00	11.70	51.98	89156.03	1850	0	BartonZwiebach	
42	0:00:22	1/1/2019 	16692	326.00	8.00	11.39	51.96	89141.22	49787	0	BartonZwiebach	
43	0:00:22	1/1/2019 	16754	683.00	26.00	18.61	51.96	89141.22	1847	0	BartonZwiebach	
44	0:00:26	1/1/2019 	20823	717.00	29.00	19.64	51.81	89341.12	193609	0	BartonZwiebach	
45	0:00:27	1/1/2019 	21272	868.00	93.00	28.57	51.79	89402.06	4766	0	BartonZwiebach	
46	0:00:29	1/1/2019 	23480	642.00	16.00	16.04	51.71	89688.93	97733	0	BartonZwiebach	
47	0:00:30	1/1/2019 	24201	158.00	5.00	8.22	51.69	89742.14	49789	0	BartonZwiebach	
48	0:00:31	1/1/2019 	25006	546.00	8.00	13.23	51.66	89843.02	49789	0	BartonZwiebach	
49	0:00:31	1/1/2019 	25132	144.00	4.00	7.83	51.66	89843.02	1848	0	BartonZwiebach	
50	0:00:31	1/1/2019 	25590	158.00	5.00	8.22	51.65	89890.36	49786	0	BartonZwiebach	
51	0:00:32	1/1/2019 	26685	856.00	84.00	26.97	51.61	90022.17	51775	0	BartonZwiebach	
52	0:00:35	1/1/2019 	29268	978.00	351.00	66.06	51.57	90207.33	97733	0	BartonZwiebach	
53	0:00:35	1/1/2019 	29443	610.00	13.00	14.88	51.57	90207.33	1851	0	BartonZwiebach	
54	0:00:35	1/1/2019 	29581	145.00	5.00	7.86	51.57	90207.33	49789	0	BartonZwiebach	
55	0:00:35	1/1/2019 	29893	94.00	5.00	6.44	51.56	90240.16	2603	0	BartonZwiebach	
56	0:00:36	1/1/2019 	30809	82.00	5.00	6.17	51.55	90301.55	49787	0	BartonZwiebach	
57	0:00:37	1/1/2019 	31450	607.00	20.00	15.73	51.55	90330.44	4051	0	BartonZwiebach	
58	0:00:37	1/1/2019 	31837	212.00	5.00	9.52	51.55	90358.95	49787	0	BartonZwiebach	
59	0:00:37	1/1/2019 	31950	196.00	5.00	9.17	51.55	90358.95	1849	0	BartonZwiebach	
60	0:00:39	1/1/2019 	33716	136.00	5.00	7.60	51.54	90461.88	97727	0	BartonZwiebach	
61	0:00:39	1/1/2019 	33951	163.00	5.00	8.36	51.54	90461.88	1857	0	BartonZwiebach	
62	0:00:40	1/1/2019 	34407	146.00	5.00	7.89	51.54	90485.41	1853	0	BartonZwiebach	
63	0:00:41	1/1/2019 	35861	656.00	18.00	16.71	51.55	90551.17	99732	0	BartonZwiebach	
64	0:00:42	1/1/2019 	36856	183.00	5.00	8.87	51.55	90591.68	49790	0	BartonZwiebach	
65	0:00:43	1/1/2019 	37110	769.00	43.00	21.70	51.56	90610.75	1849	0	BartonZwiebach	
66	0:00:43	1/1/2019 	37220	275.00	5.00	10.61	51.56	90610.75	1849	0	BartonZwiebach	
67	0:00:43	1/1/2019 	37919	990.00	691.00	124.89	51.57	90647.43	49789	0	BartonZwiebach	
68	0:00:44	1/1/2019 	38218	131.00	5.00	7.46	51.57	90647.43	1851	0	BartonZwiebach	
69	0:00:46	1/1/2019 	40267	193.00	5.00	9.10	51.59	90713.11	99734	0	BartonZwiebach	
70	0:00:46	1/1/2019 	40557	78.00	4.00	6.09	51.59	90728.22	50544	0	BartonZwiebach	
71	0:00:47	1/1/2019 	41955	299.00	6.00	10.97	51.61	90771.04	49784	0	BartonZwiebach	
72	0:00:49	1/1/2019 	43070	183.00	5.00	8.87	51.63	90798.07	49787	0	BartonZwiebach	
73	0:00:49	1/1/2019 	43578	129.00	5.00	7.40	51.64	90811.45	49786	0	BartonZwiebach	
74	0:00:49	1/1/2019 	43767	254.00	6.00	10.31	51.64	90824.12	1851	0	BartonZwiebach	
75	0:00:49	1/1/2019 	43827	88.00	5.00	6.30	51.64	90824.12	4001	0	BartonZwiebach	
76	0:00:50	1/1/2019 	44488	120.00	5.00	7.14	51.65	90836.45	1852	0	BartonZwiebach	
77	0:00:51	1/1/2019 	45103	83.00	4.00	6.19	51.66	90848.27	49788	0	BartonZwiebach	
78	0:00:52	1/1/2019 	46253	316.00	7.00	11.23	51.68	90882.30	49786	0	BartonZwiebach	
79	0:00:52	1/1/2019 	46563	83.00	5.00	6.19	51.68	90882.30	49789	0	BartonZwiebach	
80	0:00:53	1/1/2019 	47382	906.00	92.00	28.51	51.70	90903.33	1848	0	BartonZwiebach	
81	0:00:53	1/1/2019 	47479	83.00	5.00	6.19	51.70	90903.33	3858	0	BartonZwiebach	
82	0:00:54	1/1/2019 	48437	112.00	5.00	6.91	51.72	90923.50	49786	0	BartonZwiebach	
83	0:00:54	1/1/2019 	48662	73.00	5.00	6.01	51.73	90933.58	49788	0	BartonZwiebach	
84	0:00:55	1/1/2019 	49162	980.00	456.00	81.66	51.74	90943.50	1848	0	BartonZwiebach	
85	0:00:56	1/1/2019 	50329	328.00	6.00	11.32	51.76	90962.63	49800	0	BartonZwiebach	
86	0:00:58	1/1/2019 	52055	412.00	12.00	12.46	51.79	90999.37	98483	0	BartonZwiebach	
87	0:00:58	1/1/2019 	52222	969.00	200.00	45.43	51.79	90999.37	4027	0	BartonZwiebach	
88	0:00:58	1/1/2019 	52423	634.00	15.00	15.69	51.79	90999.37	1851	0	BartonZwiebach	
89	0:00:59	1/1/2019 	53094	314.00	6.00	11.16	51.81	91017.34	49788	0	BartonZwiebach	
90	0:00:59	1/1/2019 	53105	983.00	555.00	95.42	51.81	91017.34	1850	0	BartonZwiebach	
91	0:00:59	1/1/2019 	53437	72.00	4.00	6.00	51.83	91026.36	1850	0	BartonZwiebach	
92	0:00:59	1/1/2019 	53838	145.00	5.00	7.86	51.83	91026.36	49784	0	BartonZwiebach	
93	0:01:01	1/1/2019 	55749	582.00	11.00	14.09	51.86	91060.16	99706	0	BartonZwiebach	
94	0:01:02	1/1/2019 	56041	321.00	6.00	11.25	51.87	91068.33	1851	0	BartonZwiebach	
95	0:01:04	1/1/2019 	58911	144.00	5.00	7.83	51.94	91116.78	145663	0	BartonZwiebach	
96	0:01:05	1/1/2019 	59161	270.00	6.00	10.57	51.94	91116.78	1850	0	BartonZwiebach	
97	0:01:07	1/1/2019 	61691	353.00	9.00	11.74	52.02	91164.67	145664	0	BartonZwiebach	
98	0:01:08	1/1/2019 	62063	109.00	4.00	6.83	52.02	91164.67	2607	0	BartonZwiebach	
99	0:01:08	1/1/2019 	62922	97.00	5.00	6.51	52.04	91180.22	51911	0	BartonZwiebach	
100	0:01:11	1/1/2019 	65168	905.00	87.00	27.62	52.11	91217.86	97721	0	BartonZwiebach	
101	0:01:11	1/1/2019 	65295	233.00	5.00	9.93	52.11	91217.86	1851	0	BartonZwiebach	
102	0:01:11	1/1/2019 	65902	904.00	115.00	32.91	52.12	91225.52	49788	0	BartonZwiebach	
103	0:01:12	1/1/2019 	66128	78.00	4.00	6.09	52.13	91232.66	1850	0	BartonZwiebach	
104	0:01:12	1/1/2019 	66360	109.00	4.00	6.83	52.13	91232.66	1848	0	BartonZwiebach	
105	0:01:12	1/1/2019 	66466	208.00	5.00	9.43	52.13	91232.66	3833	0	BartonZwiebach	
106	0:01:12	1/1/2019 	66852	263.00	6.00	10.46	52.15	91240.16	49788	0	BartonZwiebach	
107	0:01:13	1/1/2019 	67174	719.00	32.00	20.06	52.16	91247.12	1850	0	BartonZwiebach	
108	0:01:13	1/1/2019 	67286	660.00	19.00	16.97	52.16	91247.12	1856	0	BartonZwiebach	
109	0:01:13	1/1/2019 	67554	246.00	5.00	10.16	52.17	91254.45	49794	0	BartonZwiebach	
110	0:01:14	1/1/2019 	68457	733.00	32.00	20.22	52.19	91266.23	1850	0	BartonZwiebach	
111	0:01:14	1/1/2019 	68634	170.00	5.00	8.54	52.20	91268.22	51776	0	BartonZwiebach	
112	0:01:14	1/1/2019 	68841	86.00	4.00	6.25	52.20	91268.22	1849	0	BartonZwiebach	
113	0:01:15	1/1/2019 	69035	200.00	5.00	9.26	52.22	91275.20	1847	0	BartonZwiebach	
114	0:01:15	1/1/2019 	69087	136.00	5.00	7.60	52.22	91275.20	1850	0	BartonZwiebach	
115	0:01:16	1/1/2019 	70153	171.00	5.00	8.57	52.24	91289.12	49790	0	BartonZwiebach	
116	0:01:17	1/1/2019 	71090	134.00	4.00	7.54	52.27	91302.91	50549	0	BartonZwiebach	
117	0:01:17	1/1/2019 	71492	456.00	7.00	12.44	52.29	91309.56	4029	0	BartonZwiebach	
118	0:01:17	1/1/2019 	71733	188.00	5.00	8.99	52.29	91309.56	49787	0	BartonZwiebach	
119	0:01:18	1/1/2019 	72601	186.00	5.00	8.94	52.32	91323.14	49785	0	BartonZwiebach	
120	0:01:19	1/1/2019 	73033	977.00	424.00	77.73	52.33	91329.44	1851	0	BartonZwiebach	
121	0:01:19	1/1/2019 	73228	70.00	5.00	5.97	52.33	91329.44	1851	0	BartonZwiebach	
122	0:01:20	1/1/2019 	74023	457.00	7.00	12.44	52.36	91342.53	49787	0	BartonZwiebach	
123	0:01:20	1/1/2019 	74193	318.00	7.00	11.25	52.36	91342.53	3837	0	BartonZwiebach	
124	0:01:21	1/1/2019 	75033	73.00	4.00	6.01	52.39	91354.91	49787	0	BartonZwiebach	
125	0:01:21	1/1/2019 	75712	924.00	145.00	38.47	52.41	91361.03	49786	0	BartonZwiebach	
126	0:01:22	1/1/2019 	76902	96.00	5.00	6.48	52.45	91379.03	49792	0	BartonZwiebach	
127	0:01:23	1/1/2019 	77321	176.00	5.00	8.69	52.47	91384.78	1849	0	BartonZwiebach	
128	0:01:24	1/1/2019 	78382	74.00	4.00	6.03	52.50	91396.50	49787	0	BartonZwiebach	
129	0:01:25	1/1/2019 	79088	287.00	6.00	10.81	52.51	91402.45	51774	0	BartonZwiebach	
130	0:01:28	1/1/2019 	82095	105.00	5.00	6.72	52.61	91441.34	145666	0	BartonZwiebach	
131	0:01:28	1/1/2019 	82912	371.00	6.00	11.75	52.62	91446.77	50544	0	BartonZwiebach	
132	0:01:29	1/1/2019 	83285	980.00	532.00	91.42	52.64	91452.38	1851	0	BartonZwiebach	
133	0:01:29	1/1/2019 	83801	78.00	4.00	6.09	52.65	91457.46	49806	0	BartonZwiebach	
134	0:01:30	1/1/2019 	84438	230.00	5.00	9.87	52.66	91462.89	1846	0	BartonZwiebach	
135	0:01:31	1/1/2019 	85605	923.00	116.00	33.14	52.70	91478.33	99854	0	BartonZwiebach	
136	0:01:31	1/1/2019 	85832	411.00	12.00	12.45	52.70	91478.33	1852	0	BartonZwiebach	
137	0:01:32	1/1/2019 	86160	240.00	5.00	10.05	52.72	91483.59	1849	0	BartonZwiebach	
138	0:01:32	1/1/2019 	86817	96.00	4.00	6.48	52.73	91488.54	49790	0	BartonZwiebach	
139	0:01:32	1/1/2019 	86987	108.00	5.00	6.80	52.74	91493.48	1846	0	BartonZwiebach	
140	0:01:33	1/1/2019 	87553	375.00	6.00	11.79	52.76	91498.54	49787	0	BartonZwiebach	
141	0:01:34	1/1/2019 	88202	912.00	141.00	37.77	52.77	91503.31	3836	0	BartonZwiebach	
142	0:01:36	1/1/2019 	90003	748.00	36.00	20.84	52.82	91521.80	97736	0	BartonZwiebach	
143	0:01:36	1/1/2019 	90178	185.00	5.00	8.92	52.82	91521.80	2606	0	BartonZwiebach	
144	0:01:36	1/1/2019 	90273	66.00	4.00	5.93	52.82	91521.80	1849	0	BartonZwiebach	
145	0:01:37	1/1/2019 	91883	166.00	5.00	8.44	52.87	91539.61	97723	0	BartonZwiebach	
146	0:01:38	1/1/2019 	92299	86.00	4.00	6.25	52.88	91544.02	1849	0	BartonZwiebach	
147	0:01:38	1/1/2019 	92678	70.00	4.00	5.97	52.88	91544.02	51968	0	BartonZwiebach	
148	0:01:38	1/1/2019 	92770	241.00	5.00	10.07	52.90	91548.44	1848	0	BartonZwiebach	
149	0:01:40	1/1/2019 	94330	629.00	22.00	16.58	52.93	91561.12	49792	0	BartonZwiebach	
150	0:01:40	1/1/2019 	94851	104.00	5.00	6.69	52.94	91565.39	49795	0	BartonZwiebach	
151	0:01:42	1/1/2019 	96175	187.00	5.00	8.96	52.98	91577.75	49788	0	BartonZwiebach	
152	0:01:44	1/1/2019 	98480	236.00	5.00	9.98	53.02	91593.70	97726	0	BartonZwiebach	
153	0:01:45	1/1/2019 	99019	886.00	106.00	31.09	53.03	91597.46	51776	0	BartonZwiebach	
154	0:01:45	1/1/2019 	99242	699.00	27.00	19.08	53.05	91601.52	1851	0	BartonZwiebach	
155	0:01:45	1/1/2019 	99319	221.00	5.00	9.70	53.05	91601.52	1850	0	BartonZwiebach	
156	0:01:46	1/1/2019 	100383	159.00	5.00	8.25	53.07	91608.98	49789	0	BartonZwiebach	
157	0:01:47	1/1/2019 	101076	225.00	5.00	9.78	53.09	91616.11	50544	0	BartonZwiebach	
158	0:01:48	1/1/2019 	102672	294.00	6.00	10.91	53.12	91627.14	97726	0	BartonZwiebach	
159	0:01:50	1/1/2019 	104212	754.00	43.00	21.60	53.15	91637.50	51917	0	BartonZwiebach	
160	0:01:50	1/1/2019 	104634	182.00	5.00	8.84	53.16	91641.09	49793	0	BartonZwiebach	
161	0:01:52	1/1/2019 	106886	969.00	260.00	51.40	53.21	91658.88	97727	0	BartonZwiebach	
162	0:01:53	1/1/2019 	107038	69.00	4.00	5.96	53.21	91658.88	1851	0	BartonZwiebach	
163	0:01:53	1/1/2019 	107197	675.00	22.00	17.82	53.21	91658.88	1849	0	BartonZwiebach	
164	0:01:53	1/1/2019 	107291	643.00	18.00	16.41	53.21	91658.88	1851	0	BartonZwiebach	
165	0:01:53	1/1/2019 	107701	328.00	6.00	11.32	53.22	91662.13	51776	0	BartonZwiebach	
166	0:01:55	1/1/2019 	109088	973.00	313.00	59.24	53.24	91671.98	49790	0	BartonZwiebach	
167	0:01:56	1/1/2019 	110098	84.00	4.00	6.21	53.26	91678.75	49797	0	BartonZwiebach	
168	0:01:56	1/1/2019 	110289	110.00	4.00	6.85	53.27	91682.17	2604	0	BartonZwiebach	
169	0:01:56	1/1/2019 	110460	66.00	4.00	5.93	53.27	91682.17	1847	0	BartonZwiebach	
170	0:01:57	1/1/2019 	111030	130.00	4.00	7.42	53.28	91685.02	49785	0	BartonZwiebach	
171	0:01:58	1/1/2019 	112499	276.00	6.00	10.66	53.31	91694.34	51911	0	BartonZwiebach	
172	0:01:58	1/1/2019 	112968	986.00	427.00	78.12	53.32	91697.43	49841	0	BartonZwiebach	
173	0:01:59	1/1/2019 	113288	220.00	5.00	9.68	53.32	91700.34	1851	0	BartonZwiebach	
174	0:01:59	1/1/2019 	113807	834.00	65.00	24.19	53.33	91703.22	49788	0	BartonZwiebach	
175	0:02:01	1/1/2019 	115217	926.00	151.00	39.44	53.36	91712.20	49791	0	BartonZwiebach	
176	0:02:02	1/1/2019 	116150	213.00	5.00	9.54	53.37	91718.33	49793	0	BartonZwiebach	
177	0:02:02	1/1/2019 	116248	326.00	6.00	11.30	53.37	91718.33	3890	0	BartonZwiebach	
178	0:02:02	1/1/2019 	116252	292.00	6.00	10.88	53.37	91718.33	1849	0	BartonZwiebach	
179	0:02:02	1/1/2019 	116425	162.00	5.00	8.33	53.37	91718.33	1848	0	BartonZwiebach	
180	0:02:02	1/1/2019 	116599	137.00	5.00	7.63	53.38	91721.23	49788	0	BartonZwiebach	
181	0:02:03	1/1/2019 	117314	212.00	5.00	9.52	53.39	91724.09	1849	0	BartonZwiebach	
182	0:02:04	1/1/2019 	118245	192.00	4.00	9.07	53.40	91730.22	49787	0	BartonZwiebach	
183	0:02:04	1/1/2019 	118449	158.00	5.00	8.22	53.40	91730.22	3835	0	BartonZwiebach	
184	0:02:05	1/1/2019 	119216	963.00	180.00	43.35	53.42	91736.01	49790	0	BartonZwiebach	
185	0:02:06	1/1/2019 	120023	113.00	4.00	6.94	53.43	91742.14	49796	0	BartonZwiebach	
186	0:02:06	1/1/2019 	120293	217.00	5.00	9.62	53.43	91742.14	2605	0	BartonZwiebach	
187	0:02:06	1/1/2019 	120342	176.00	5.00	8.69	53.43	91742.14	1849	0	BartonZwiebach	
188	0:02:06	1/1/2019 	120649	829.00	63.00	23.94	53.44	91745.39	49789	0	BartonZwiebach	
189	0:02:07	1/1/2019 	121655	348.00	6.00	11.54	53.46	91752.02	51916	0	BartonZwiebach	
190	0:02:07	1/1/2019 	121749	150.00	5.00	8.00	53.46	91752.02	1850	0	BartonZwiebach	
191	0:02:08	1/1/2019 	122942	252.00	5.00	10.26	53.48	91761.89	49787	0	BartonZwiebach	
192	0:02:09	1/1/2019 	123206	393.00	7.00	12.00	53.48	91761.89	1851	0	BartonZwiebach	
193	0:02:12	1/1/2019 	126673	243.00	5.00	10.10	53.53	91785.78	193610	0	BartonZwiebach	
194	0:02:13	1/1/2019 	127316	125.00	4.00	7.28	53.54	91792.43	1850	0	BartonZwiebach	
195	0:02:13	1/1/2019 	127582	466.00	8.00	12.59	53.54	91792.43	51773	0	BartonZwiebach	
196	0:02:13	1/1/2019 	127629	70.00	4.00	5.97	53.54	91792.43	1848	0	BartonZwiebach	
197	0:02:16	1/1/2019 	130572	199.00	5.00	9.24	53.58	91813.07	145666	0	BartonZwiebach	
198	0:02:17	1/1/2019 	131817	290.00	6.00	10.85	53.60	91823.29	50739	0	BartonZwiebach	
199	0:02:17	1/1/2019 	131848	612.00	14.00	15.08	53.60	91823.29	1851	0	BartonZwiebach	
200	0:02:17	1/1/2019 	131873	73.00	4.00	6.01	53.60	91823.29	1849	0	BartonZwiebach	
201	0:02:18	1/1/2019 	132237	431.00	7.00	12.28	53.61	91826.69	3973	0	BartonZwiebach	
202	0:02:18	1/1/2019 	132981	229.00	5.00	9.85	53.62	91830.12	49790	0	BartonZwiebach	
203	0:02:19	1/1/2019 	133487	235.00	6.00	9.98	53.63	91833.52	1849	0	BartonZwiebach	
204	0:02:20	1/1/2019 	134186	160.00	5.00	8.28	53.64	91840.34	49788	0	BartonZwiebach	
205	0:02:20	1/1/2019 	134473	135.00	4.00	7.57	53.64	91840.34	1849	0	BartonZwiebach	
206	0:02:21	1/1/2019 	135357	665.00	21.00	17.43	53.66	91847.31	49786	0	BartonZwiebach	
207	0:02:21	1/1/2019 	135607	62.00	4.00	5.90	53.67	91850.56	51833	0	BartonZwiebach	
208	0:02:22	1/1/2019 	136334	967.00	233.00	48.51	53.67	91853.97	1848	0	BartonZwiebach	
209	0:02:23	1/1/2019 	137195	136.00	5.00	7.60	53.68	91860.44	49795	0	BartonZwiebach	
210	0:02:23	1/1/2019 	137785	66.00	4.00	5.93	53.69	91863.70	49788	0	BartonZwiebach	
211	0:02:24	1/1/2019 	138363	89.00	4.00	6.32	53.70	91870.17	1847	0	BartonZwiebach	
212	0:02:25	1/1/2019 	139850	871.00	116.00	32.94	53.73	91879.39	97726	0	BartonZwiebach	
213	0:02:25	1/1/2019 	139964	978.00	260.00	51.40	53.73	91879.39	4930	0	BartonZwiebach	
214	0:02:26	1/1/2019 	140059	974.00	214.00	46.73	53.73	91879.39	1851	0	BartonZwiebach	
215	0:02:26	1/1/2019 	140821	365.00	10.00	11.91	53.74	91885.19	49798	0	BartonZwiebach	
216	0:02:26	1/1/2019 	140951	543.00	10.00	13.44	53.74	91885.19	1851	0	BartonZwiebach	
217	0:02:27	1/1/2019 	141086	655.00	20.00	17.03	53.74	91885.19	1851	0	BartonZwiebach	
218	0:02:28	1/1/2019 	142552	183.00	5.00	8.87	53.76	91894.03	97731	0	BartonZwiebach	
219	0:02:29	1/1/2019 	143895	179.00	4.00	8.76	53.78	91902.73	51776	0	BartonZwiebach	
220	0:02:29	1/1/2019 	143906	118.00	4.00	7.08	53.78	91902.73	1848	0	BartonZwiebach	
221	0:02:31	1/1/2019 	145050	197.00	5.00	9.19	53.79	91908.34	49788	0	BartonZwiebach	
222	0:02:32	1/1/2019 	146217	218.00	5.00	9.64	53.81	91916.38	49790	0	BartonZwiebach	
223	0:02:32	1/1/2019 	146372	298.00	6.00	10.96	53.81	91916.38	1850	0	BartonZwiebach	
224	0:02:34	1/1/2019 	148427	674.00	24.00	18.11	53.84	91927.28	97732	0	BartonZwiebach	
225	0:02:34	1/1/2019 	148464	82.00	4.00	6.17	53.84	91927.28	3837	0	BartonZwiebach	
226	0:02:35	1/1/2019 	149185	409.00	13.00	12.48	53.85	91932.55	49788	0	BartonZwiebach	
227	0:02:35	1/1/2019 	149301	624.00	21.00	16.32	53.85	91932.55	1851	0	BartonZwiebach	
228	0:02:35	1/1/2019 	149867	86.00	4.00	6.25	53.86	91935.46	49791	0	BartonZwiebach	
229	0:02:36	1/1/2019 	150220	212.00	5.00	9.52	53.86	91937.85	2798	0	BartonZwiebach	
230	0:02:37	1/1/2019 	151029	224.00	5.00	9.76	53.87	91942.95	49791	0	BartonZwiebach	
231	0:02:37	1/1/2019 	151490	106.00	4.00	6.74	53.88	91945.66	3975	0	BartonZwiebach	
232	0:02:38	1/1/2019 	152145	102.00	4.00	6.64	53.88	91948.09	49786	0	BartonZwiebach	
233	0:02:38	1/1/2019 	152626	124.00	4.00	7.25	53.89	91950.77	49788	0	BartonZwiebach	
234	0:02:39	1/1/2019 	153269	793.00	59.00	23.38	53.90	91953.19	1848	0	BartonZwiebach	
235	0:02:39	1/1/2019 	153708	979.00	369.00	69.27	53.90	91955.92	49794	0	BartonZwiebach	
236	0:02:40	1/1/2019 	154095	117.00	4.00	7.05	53.91	91958.11	1850	0	BartonZwiebach	
237	0:02:41	1/1/2019 	155297	358.00	6.00	11.63	53.92	91963.05	51830	0	BartonZwiebach	
238	0:02:41	1/1/2019 	155834	774.00	49.00	22.30	53.93	91965.44	49791	0	BartonZwiebach	
239	0:02:42	1/1/2019 	156962	296.00	7.00	10.97	53.94	91972.78	49794	0	BartonZwiebach	
240	0:02:43	1/1/2019 	157753	670.00	22.00	17.71	53.95	91975.35	49793	0	BartonZwiebach	
241	0:02:44	1/1/2019 	158580	929.00	126.00	35.08	53.96	91980.97	49793	0	BartonZwiebach	
242	0:02:44	1/1/2019 	158994	150.00	5.00	8.00	53.96	91983.70	3837	0	BartonZwiebach	
243	0:02:45	1/1/2019 	159141	171.00	5.00	8.57	53.96	91983.70	1849	0	BartonZwiebach	
244	0:02:45	1/1/2019 	159357	454.00	16.00	13.03	53.97	91986.44	1851	0	BartonZwiebach	
245	0:02:49	1/1/2019 	163287	70.00	4.00	5.97	54.01	92007.30	193613	0	BartonZwiebach	
246	0:02:51	1/1/2019 	165076	571.00	13.00	14.17	54.03	92016.67	98678	0	BartonZwiebach	
247	0:02:52	1/1/2019 	166399	81.00	4.00	6.15	54.04	92021.11	49794	0	BartonZwiebach	
248	0:02:52	1/1/2019 	166650	144.00	4.00	7.83	54.04	92023.16	51915	0	BartonZwiebach	
249	0:02:52	1/1/2019 	166822	110.00	4.00	6.85	54.04	92023.16	1847	0	BartonZwiebach	
250	0:02:53	1/1/2019 	167043	208.00	5.00	9.43	54.05	92025.38	1850	0	BartonZwiebach	
251	0:02:53	1/1/2019 	167750	923.00	108.00	31.58	54.05	92027.62	49798	0	BartonZwiebach	
252	0:02:53	1/1/2019 	167874	227.00	5.00	9.82	54.05	92027.62	1857	0	BartonZwiebach	
253	0:02:53	1/1/2019 	167926	690.00	26.00	18.76	54.05	92027.62	1856	0	BartonZwiebach	
254	0:02:54	1/1/2019 	168365	66.00	4.00	5.93	54.06	92029.98	3841	0	BartonZwiebach	
255	0:02:55	1/1/2019 	169212	703.00	30.00	19.56	54.07	92034.25	49790	0	BartonZwiebach	
256	0:02:56	1/1/2019 	170381	796.00	65.00	24.08	54.08	92038.87	49797	0	BartonZwiebach	
257	0:02:56	1/1/2019 	170980	235.00	6.00	9.98	54.08	92042.81	50747	0	BartonZwiebach	
258	0:02:57	1/1/2019 	171263	75.00	4.00	6.04	54.08	92042.81	1847	0	BartonZwiebach	
259	0:02:57	1/1/2019 	171386	145.00	4.00	7.85	54.09	92044.83	1848	0	BartonZwiebach	
260	0:02:57	1/1/2019 	171391	132.00	5.00	7.49	54.09	92044.83	3973	0	BartonZwiebach	
261	0:02:58	1/1/2019 	172033	467.00	8.00	12.60	54.10	92047.41	49791	0	BartonZwiebach	
262	0:02:58	1/1/2019 	172446	114.00	4.00	6.97	54.10	92049.12	1850	0	BartonZwiebach	
263	0:02:58	1/1/2019 	172728	575.00	13.00	14.24	54.10	92049.12	49796	0	BartonZwiebach	
264	0:02:58	1/1/2019 	172770	943.00	128.00	35.46	54.10	92049.12	1857	0	BartonZwiebach	
265	0:02:59	1/1/2019 	173071	182.00	5.00	8.84	54.10	92051.16	1853	0	BartonZwiebach	
266	0:02:59	1/1/2019 	173548	181.00	5.00	8.82	54.11	92053.37	51832	0	BartonZwiebach	
267	0:03:00	1/1/2019 	174204	561.00	11.00	13.79	54.11	92055.09	1850	0	BartonZwiebach	
268	0:03:01	1/1/2019 	175290	649.00	26.00	17.66	54.13	92061.76	49794	0	BartonZwiebach	
269	0:03:01	1/1/2019 	175550	149.00	4.00	7.97	54.13	92061.76	49796	0	BartonZwiebach	
270	0:03:01	1/1/2019 	175704	105.00	4.00	6.72	54.13	92061.76	1847	0	BartonZwiebach	
271	0:03:03	1/1/2019 	177812	205.00	5.00	9.37	54.14	92071.33	97730	0	BartonZwiebach	
272	0:03:04	1/1/2019 	178160	99.00	4.00	6.56	54.14	92072.70	3837	0	BartonZwiebach	
273	0:03:04	1/1/2019 	178387	546.00	10.00	13.48	54.15	92073.34	1849	0	BartonZwiebach	
274	0:03:05	1/1/2019 	179000	876.00	111.00	32.00	54.15	92075.42	49794	0	BartonZwiebach	
275	0:03:05	1/1/2019 	179887	280.00	6.00	10.71	54.16	92079.34	49799	0	BartonZwiebach	
276	0:03:06	1/1/2019 	180123	264.00	5.00	10.45	54.16	92080.87	2800	0	BartonZwiebach	
277	0:03:06	1/1/2019 	180398	166.00	5.00	8.44	54.16	92080.87	1850	0	BartonZwiebach	
278	0:03:07	1/1/2019 	181286	367.00	11.00	11.98	54.17	92084.99	51915	0	BartonZwiebach	
279	0:03:07	1/1/2019 	181995	480.00	8.00	12.68	54.17	92086.66	49792	0	BartonZwiebach	
280	0:03:08	1/1/2019 	182181	141.00	4.00	7.74	54.18	92088.57	1847	0	BartonZwiebach	
281	0:03:08	1/1/2019 	182437	157.00	4.00	8.19	54.18	92088.57	1848	0	BartonZwiebach	
282	0:03:08	1/1/2019 	182626	233.00	6.00	9.95	54.18	92090.27	49789	0	BartonZwiebach	
283	0:03:09	1/1/2019 	183007	150.00	5.00	8.00	54.18	92090.27	1848	0	BartonZwiebach	
284	0:03:09	1/1/2019 	183051	948.00	114.00	32.76	54.19	92092.17	3837	0	BartonZwiebach	
285	0:03:09	1/1/2019 	183080	114.00	4.00	6.97	54.19	92092.17	1851	0	BartonZwiebach	
286	0:03:09	1/1/2019 	183162	915.00	142.00	37.95	54.19	92092.17	1847	0	BartonZwiebach	
287	0:03:09	1/1/2019 	183360	512.00	18.00	13.73	54.19	92092.17	1851	0	BartonZwiebach	
288	0:03:10	1/1/2019 	184037	128.00	5.00	7.37	54.19	92095.92	49791	0	BartonZwiebach	
289	0:03:10	1/1/2019 	184119	272.00	6.00	10.60	54.19	92095.92	1848	0	BartonZwiebach	
290	0:03:10	1/1/2019 	184294	790.00	49.00	22.36	54.19	92095.92	3835	0	BartonZwiebach	
291	0:03:10	1/1/2019 	184619	214.00	5.00	9.56	54.20	92098.14	49794	0	BartonZwiebach	
292	0:03:11	1/1/2019 	185370	704.00	31.00	19.70	54.20	92100.16	1849	0	BartonZwiebach	
293	0:03:13	1/1/2019 	187131	895.00	109.00	31.71	54.22	92107.34	97738	0	BartonZwiebach	
294	0:03:13	1/1/2019 	187498	90.00	4.00	6.34	54.22	92109.06	1851	0	BartonZwiebach	
295	0:03:15	1/1/2019 	189001	181.00	5.00	8.82	54.23	92114.55	97780	0	BartonZwiebach	
296	0:03:15	1/1/2019 	189645	313.00	8.00	11.23	54.24	92116.56	51778	0	BartonZwiebach	
297	0:03:16	1/1/2019 	190499	687.00	30.00	19.22	54.24	92120.34	2798	0	BartonZwiebach	
298	0:03:16	1/1/2019 	190721	82.00	4.00	6.17	54.24	92120.34	49841	0	BartonZwiebach	
299	0:03:17	1/1/2019 	191732	175.00	5.00	8.67	54.25	92124.44	49786	0	BartonZwiebach	
300	0:03:19	1/1/2019 	193878	116.00	4.00	7.02	54.27	92134.38	97735	0	BartonZwiebach	
301	0:03:20	1/1/2019 	194831	81.00	4.00	6.15	54.27	92138.33	49794	0	BartonZwiebach	
302	0:03:20	1/1/2019 	194839	77.00	4.00	6.08	54.27	92138.33	3974	0	BartonZwiebach	
303	0:03:21	1/1/2019 	195407	920.00	149.00	39.11	54.28	92140.34	1848	0	BartonZwiebach	
304	0:03:21	1/1/2019 	195809	985.00	462.00	82.34	54.28	92142.59	49796	0	BartonZwiebach	
305	0:03:22	1/1/2019 	196296	566.00	11.00	13.86	54.28	92144.64	1850	0	BartonZwiebach	
306	0:03:22	1/1/2019 	196813	967.00	195.00	44.94	54.29	92147.03	49795	0	BartonZwiebach	
307	0:03:23	1/1/2019 	197077	78.00	4.00	6.09	54.29	92147.03	1850	0	BartonZwiebach	
308	0:03:23	1/1/2019 	197250	112.00	4.00	6.91	54.29	92149.08	3835	0	BartonZwiebach	
309	0:03:23	1/1/2019 	197585	104.00	4.00	6.69	54.30	92151.48	49788	0	BartonZwiebach	
310	0:03:23	1/1/2019 	197775	516.00	10.00	13.16	54.30	92151.48	1847	0	BartonZwiebach	
311	0:03:24	1/1/2019 	198336	701.00	29.00	19.39	54.30	92153.89	1851	0	BartonZwiebach	
312	0:03:24	1/1/2019 	198703	181.00	5.00	8.82	54.30	92156.12	49792	0	BartonZwiebach	
313	0:03:25	1/1/2019 	199298	71.00	4.00	5.98	54.31	92158.52	1848	0	BartonZwiebach	
314	0:03:25	1/1/2019 	199742	110.00	4.00	6.85	54.31	92160.38	51776	0	BartonZwiebach	
315	0:03:26	1/1/2019 	200160	982.00	520.00	89.58	54.32	92162.60	2798	0	BartonZwiebach	
316	0:03:26	1/1/2019 	200203	678.00	25.00	18.35	54.32	92162.60	1851	0	BartonZwiebach	
317	0:03:27	1/1/2019 	201894	174.00	5.00	8.64	54.33	92168.60	97733	0	BartonZwiebach	
318	0:03:27	1/1/2019 	201975	283.00	6.00	10.76	54.33	92170.67	1851	0	BartonZwiebach	
319	0:03:28	1/1/2019 	202036	158.00	1.00	8.19	54.33	92170.67	1848	0	BartonZwiebach	
320	0:03:28	1/1/2019 	202822	929.00	93.00	28.72	54.33	92172.72	51905	0	BartonZwiebach	
321	0:03:29	1/1/2019 	203927	967.00	253.00	50.58	54.34	92178.34	49795	0	BartonZwiebach	
322	0:03:30	1/1/2019 	204008	802.00	74.00	25.27	54.34	92178.34	1852	0	BartonZwiebach	
323	0:03:30	1/1/2019 	204151	949.00	171.00	42.27	54.34	92178.34	1852	0	BartonZwiebach	
324	0:03:30	1/1/2019 	204332	626.00	22.00	16.49	54.34	92178.34	1851	0	BartonZwiebach	
325	0:03:30	1/1/2019 	204465	75.00	4.00	6.04	54.34	92180.25	3836	0	BartonZwiebach	
326	0:03:31	1/1/2019 	205791	70.00	4.00	5.97	54.35	92184.34	97729	0	BartonZwiebach	
327	0:03:31	1/1/2019 	205959	185.00	5.00	8.92	54.36	92186.39	1848	0	BartonZwiebach	
328	0:03:33	1/1/2019 	207398	185.00	5.00	8.92	54.37	92192.24	49790	0	BartonZwiebach	
329	0:03:33	1/1/2019 	207957	890.00	115.00	32.85	54.37	92193.92	49790	0	BartonZwiebach	
330	0:03:35	1/1/2019 	209206	64.00	4.00	5.91	54.38	92198.22	49796	0	BartonZwiebach	
331	0:03:36	1/1/2019 	210743	978.00	313.00	59.24	54.39	92205.59	99716	0	BartonZwiebach	
332	0:03:36	1/1/2019 	210905	228.00	5.00	9.83	54.39	92205.59	2802	0	BartonZwiebach	
333	0:03:37	1/1/2019 	211284	109.00	4.00	6.83	54.39	92207.64	1849	0	BartonZwiebach	
334	0:03:39	1/1/2019 	213160	164.00	4.00	8.38	54.41	92215.00	97730	0	BartonZwiebach	
335	0:03:39	1/1/2019 	213375	94.00	4.00	6.43	54.41	92215.00	1849	0	BartonZwiebach	
336	0:03:39	1/1/2019 	213700	214.00	5.00	9.56	54.41	92216.72	49790	0	BartonZwiebach	
337	0:03:40	1/1/2019 	214060	97.00	4.00	6.51	54.41	92216.72	3974	0	BartonZwiebach	
338	0:03:40	1/1/2019 	214306	80.00	4.00	6.13	54.41	92218.58	1847	0	BartonZwiebach	
339	0:03:41	1/1/2019 	215243	363.00	11.00	11.94	54.42	92221.66	49789	0	BartonZwiebach	
340	0:03:41	1/1/2019 	215734	305.00	7.00	11.09	54.42	92223.39	49794	0	BartonZwiebach	
341	0:03:41	1/1/2019 	215932	118.00	5.00	7.08	54.42	92223.39	1850	0	BartonZwiebach	
342	0:03:42	1/1/2019 	216440	943.00	140.00	37.63	54.43	92225.27	1848	0	BartonZwiebach	
343	0:03:42	1/1/2019 	216887	607.00	15.00	15.12	54.43	92226.97	51784	0	BartonZwiebach	
344	0:03:42	1/1/2019 	216995	986.00	422.00	77.47	54.43	92228.67	1849	0	BartonZwiebach	
345	0:03:43	1/1/2019 	217200	623.00	17.00	15.77	54.43	92228.67	1851	0	BartonZwiebach	
346	0:03:44	1/1/2019 	218614	97.00	4.00	6.51	54.44	92234.00	97737	0	BartonZwiebach	
347	0:03:46	1/1/2019 	220124	69.00	4.00	5.96	54.45	92239.31	49790	0	BartonZwiebach	
348	0:03:47	1/1/2019 	221344	106.00	4.00	6.74	54.45	92242.56	50741	0	BartonZwiebach	
349	0:03:47	1/1/2019 	221431	120.00	5.00	7.14	54.46	92244.25	3973	0	BartonZwiebach	
350	0:03:48	1/1/2019 	222093	189.00	5.00	9.01	54.46	92245.80	49789	0	BartonZwiebach	
351	0:03:48	1/1/2019 	222275	220.00	5.00	9.68	54.46	92245.80	1850	0	BartonZwiebach	
352	0:03:49	1/1/2019 	223152	156.00	5.00	8.17	54.47	92249.41	49791	0	BartonZwiebach	
353	0:03:50	1/1/2019 	224406	112.00	4.00	6.91	54.47	92254.88	49791	0	BartonZwiebach	
354	0:03:50	1/1/2019 	224831	103.00	4.00	6.66	54.48	92256.94	49790	0	BartonZwiebach	
355	0:03:51	1/1/2019 	225421	313.00	7.00	11.19	54.48	92258.66	3833	0	BartonZwiebach	
356	0:03:52	1/1/2019 	226402	87.00	4.00	6.27	54.49	92261.89	49794	0	BartonZwiebach	
357	0:03:52	1/1/2019 	226462	347.00	10.00	11.72	54.49	92261.89	1849	0	BartonZwiebach	
358	0:03:53	1/1/2019 	227310	131.00	4.00	7.45	54.49	92265.16	49792	0	BartonZwiebach	
359	0:03:53	1/1/2019 	227323	89.00	4.00	6.32	54.49	92265.16	1848	0	BartonZwiebach	
360	0:03:53	1/1/2019 	227854	193.00	3.00	9.08	54.49	92266.70	49788	0	BartonZwiebach	
361	0:03:56	1/1/2019 	230564	193.00	5.00	9.10	54.51	92275.09	147661	0	BartonZwiebach	
362	0:03:57	1/1/2019 	231937	410.00	8.00	12.20	54.52	92279.72	50741	0	BartonZwiebach	
363	0:03:58	1/1/2019 	232122	568.00	11.00	13.89	54.52	92281.08	1848	0	BartonZwiebach	
364	0:03:58	1/1/2019 	232400	229.00	5.00	9.85	54.52	92281.08	1851	0	BartonZwiebach	
365	0:03:59	1/1/2019 	233293	246.00	5.00	10.16	54.52	92284.19	49789	0	BartonZwiebach	
366	0:03:59	1/1/2019 	233680	72.00	4.00	6.00	54.53	92286.06	49795	0	BartonZwiebach	
367	0:04:00	1/1/2019 	234472	112.00	5.00	6.91	54.53	92289.12	3973	0	BartonZwiebach	
368	0:04:00	1/1/2019 	234663	208.00	5.00	9.43	54.53	92289.12	49799	0	BartonZwiebach	
369	0:04:01	1/1/2019 	235125	940.00	163.00	41.22	54.53	92290.67	1853	0	BartonZwiebach	
370	0:04:02	1/1/2019 	236171	100.00	4.00	6.58	54.54	92293.94	49798	0	BartonZwiebach	
371	0:04:02	1/1/2019 	236588	69.00	5.00	5.96	54.54	92295.79	49789	0	BartonZwiebach	
372	0:04:02	1/1/2019 	236810	124.00	5.00	7.26	54.54	92295.79	1848	0	BartonZwiebach	
373	0:04:02	1/1/2019 	236854	980.00	203.00	45.71	54.54	92295.79	3835	0	BartonZwiebach	
374	0:04:02	1/1/2019 	236877	576.00	12.00	14.13	54.54	92297.00	1850	0	BartonZwiebach	
375	0:04:02	1/1/2019 	236974	166.00	5.00	8.44	54.55	92297.34	1849	0	BartonZwiebach	
376	0:04:03	1/1/2019 	237079	93.00	5.00	6.41	54.55	92297.34	1850	0	BartonZwiebach	
377	0:04:03	1/1/2019 	237191	643.00	26.00	17.46	54.55	92297.34	1851	0	BartonZwiebach	
378	0:04:03	1/1/2019 	237587	67.00	4.00	5.94	54.55	92298.91	49791	0	BartonZwiebach	
379	0:04:06	1/1/2019 	240093	138.00	5.00	7.66	54.56	92306.78	99660	0	BartonZwiebach	
380	0:04:06	1/1/2019 	240457	590.00	14.00	14.64	54.56	92308.13	2605	0	BartonZwiebach	
381	0:04:11	1/1/2019 	245020	279.00	6.00	10.70	54.58	92320.85	241565	0	BartonZwiebach	
382	0:04:11	1/1/2019 	245606	989.00	528.00	90.75	54.59	92322.38	49796	0	BartonZwiebach	
383	0:04:12	1/1/2019 	246864	130.00	4.00	7.42	54.59	92326.83	49808	0	BartonZwiebach	
384	0:04:14	1/1/2019 	248113	76.00	4.00	6.06	54.60	92331.12	49791	0	BartonZwiebach	
385	0:04:15	1/1/2019 	249237	207.00	5.00	9.41	54.61	92333.84	53168	0	BartonZwiebach	
386	0:04:15	1/1/2019 	249643	284.00	7.00	10.80	54.61	92335.05	49794	0	BartonZwiebach	
387	0:04:17	1/1/2019 	251724	803.00	70.00	24.73	54.62	92340.21	98490	0	BartonZwiebach	
388	0:04:18	1/1/2019 	252133	531.00	9.00	13.20	54.62	92341.56	1852	0	BartonZwiebach	
389	0:04:20	1/1/2019 	254222	76.00	4.00	6.06	54.63	92346.88	97737	0	BartonZwiebach	
390	0:04:22	1/1/2019 	256926	710.00	28.00	19.40	54.64	92355.12	145675	0	BartonZwiebach	
391	0:04:23	1/1/2019 	257118	303.00	8.00	11.10	54.64	92355.12	3984	0	BartonZwiebach	
392	0:04:23	1/1/2019 	257262	688.00	32.00	19.47	54.64	92356.66	1852	0	BartonZwiebach	
393	0:04:23	1/1/2019 	257386	230.00	5.00	9.87	54.64	92356.66	1847	0	BartonZwiebach	
394	0:04:23	1/1/2019 	257475	115.00	4.00	6.99	54.64	92356.66	1850	0	BartonZwiebach	
395	0:04:24	1/1/2019 	258439	299.00	8.00	11.05	54.64	92359.25	49787	0	BartonZwiebach	
396	0:04:25	1/1/2019 	259175	586.00	23.00	15.43	54.65	92360.58	49790	0	BartonZwiebach	
397	0:04:25	1/1/2019 	259355	104.00	4.00	6.69	54.65	92361.96	3837	0	BartonZwiebach	
398	0:04:25	1/1/2019 	259897	66.00	4.00	5.93	54.65	92363.00	49788	0	BartonZwiebach	
399	0:04:26	1/1/2019 	260051	70.00	4.00	5.97	54.65	92363.00	2601	0	BartonZwiebach	
400	0:04:26	1/1/2019 	260081	79.00	4.00	6.11	54.65	92363.00	1848	0	BartonZwiebach	
401	0:04:27	1/1/2019 	261675	65.00	4.00	5.92	54.66	92369.17	97730	0	BartonZwiebach	
402	0:04:27	1/1/2019 	261855	978.00	325.00	61.35	54.66	92369.17	1849	0	BartonZwiebach	
403	0:04:28	1/1/2019 	262493	121.00	5.00	7.17	54.66	92370.88	3977	0	BartonZwiebach	
404	0:04:29	1/1/2019 	263309	66.00	4.00	5.93	54.66	92373.98	49795	0	BartonZwiebach	
405	0:04:29	1/1/2019 	263577	683.00	28.00	18.88	54.67	92375.86	49790	0	BartonZwiebach	
406	0:04:30	1/1/2019 	264053	976.00	401.00	74.48	54.67	92377.59	1850	0	BartonZwiebach	
407	0:04:30	1/1/2019 	264630	630.00	21.00	16.49	54.67	92379.67	49802	0	BartonZwiebach	
408	0:04:32	1/1/2019 	266395	740.00	46.00	21.76	54.68	92385.15	49793	0	BartonZwiebach	
409	0:04:32	1/1/2019 	266591	114.00	7.00	6.97	54.68	92387.20	51780	0	BartonZwiebach	
410	0:04:33	1/1/2019 	267344	70.00	4.00	5.97	54.68	92389.09	1849	0	BartonZwiebach	
411	0:04:34	1/1/2019 	268152	82.00	5.00	6.17	54.68	92392.91	49789	0	BartonZwiebach	
412	0:04:34	1/1/2019 	268256	99.00	4.00	6.56	54.68	92392.91	1850	0	BartonZwiebach	
413	0:04:34	1/1/2019 	268915	78.00	4.00	6.09	54.69	92396.85	49787	0	BartonZwiebach	
414	0:04:35	1/1/2019 	269031	88.00	4.00	6.29	54.69	92396.85	1847	0	BartonZwiebach	
415	0:04:37	1/1/2019 	271454	978.00	550.00	94.45	54.70	92407.50	99771	0	BartonZwiebach	
416	0:04:37	1/1/2019 	271816	354.00	9.00	11.75	54.70	92409.56	50558	0	BartonZwiebach	
417	0:04:38	1/1/2019 	272652	963.00	140.00	37.63	54.71	92411.77	49791	0	BartonZwiebach	
418	0:04:38	1/1/2019 	272835	128.00	5.00	7.37	54.71	92413.84	1851	0	BartonZwiebach	
419	0:04:39	1/1/2019 	273075	135.00	4.00	7.57	54.71	92413.84	1848	0	BartonZwiebach	
420	0:04:39	1/1/2019 	273226	94.00	4.00	6.43	54.71	92413.84	1848	0	BartonZwiebach	
421	0:04:39	1/1/2019 	273819	137.00	5.00	7.63	54.71	92417.80	51912	0	BartonZwiebach	
422	0:04:40	1/1/2019 	274302	419.00	7.00	12.19	54.72	92419.86	1849	0	BartonZwiebach	
423	0:04:40	1/1/2019 	274888	86.00	5.00	6.25	54.72	92421.94	49791	0	BartonZwiebach	
424	0:04:41	1/1/2019 	275047	256.00	6.00	10.35	54.72	92421.94	1849	0	BartonZwiebach	
425	0:04:42	1/1/2019 	276618	980.00	410.00	75.81	54.73	92428.27	97732	0	BartonZwiebach	
426	0:04:43	1/1/2019 	277001	89.00	4.00	6.32	54.73	92430.52	1851	0	BartonZwiebach	
427	0:04:44	1/1/2019 	278022	72.00	4.00	6.00	54.73	92434.61	51774	0	BartonZwiebach	
428	0:04:44	1/1/2019 	278840	192.00	5.00	9.08	54.74	92439.08	49788	0	BartonZwiebach	
429	0:04:44	1/1/2019 	278991	507.00	10.00	13.08	54.74	92439.08	1850	0	BartonZwiebach	
430	0:04:45	1/1/2019 	279091	74.00	4.00	6.03	54.74	92441.16	1850	0	BartonZwiebach	
431	0:04:45	1/1/2019 	279591	169.00	5.00	8.51	54.75	92443.53	49789	0	BartonZwiebach	
432	0:04:45	1/1/2019 	279993	88.00	4.00	6.29	54.75	92443.53	2603	0	BartonZwiebach	
433	0:04:46	1/1/2019 	280359	408.00	15.00	12.57	54.75	92445.78	3972	0	BartonZwiebach	
434	0:04:47	1/1/2019 	281798	446.00	9.00	12.53	54.76	92451.62	97736	0	BartonZwiebach	
435	0:04:47	1/1/2019 	281830	89.00	4.00	6.32	54.76	92451.62	1857	0	BartonZwiebach	
436	0:04:48	1/1/2019 	282013	916.00	138.00	37.26	54.76	92454.00	1852	0	BartonZwiebach	
437	0:04:48	1/1/2019 	282026	160.00	4.00	8.27	54.76	92454.00	1853	0	BartonZwiebach	
438	0:04:48	1/1/2019 	282858	987.00	302.00	57.39	54.77	92456.05	51773	0	BartonZwiebach	
439	0:04:50	1/1/2019 	284204	82.00	4.00	6.17	54.78	92462.25	49798	0	BartonZwiebach	
440	0:04:50	1/1/2019 	284353	820.00	78.00	25.91	54.78	92462.25	1849	0	BartonZwiebach	
441	0:04:50	1/1/2019 	284442	256.00	5.00	10.32	54.78	92464.12	1853	0	BartonZwiebach	
442	0:04:50	1/1/2019 	284990	86.00	4.00	6.25	54.78	92466.36	49793	0	BartonZwiebach	
443	0:04:51	1/1/2019 	285357	69.00	4.00	5.96	54.78	92466.36	1846	0	BartonZwiebach	
444	0:04:54	1/1/2019 	288033	249.00	6.00	10.23	54.80	92477.33	147709	0	BartonZwiebach	
445	0:04:54	1/1/2019 	288114	798.00	64.00	23.97	54.80	92477.33	1851	0	BartonZwiebach	
446	0:04:54	1/1/2019 	288226	981.00	374.00	70.13	54.80	92477.33	1848	0	BartonZwiebach	
447	0:04:55	1/1/2019 	289970	361.00	6.00	11.66	54.81	92484.54	97751	0	BartonZwiebach	
448	0:04:58	1/1/2019 	292060	96.00	5.00	6.48	54.82	92491.04	98487	0	BartonZwiebach	
449	0:04:58	1/1/2019 	292225	130.00	5.00	7.43	54.83	92492.56	1850	0	BartonZwiebach	
450	0:04:59	1/1/2019 	293211	88.00	8.00	6.30	54.83	92496.01	51915	0	BartonZwiebach	
451	0:04:59	1/1/2019 	293309	143.00	4.00	7.80	54.83	92496.01	1848	0	BartonZwiebach	
452	0:04:59	1/1/2019 	293787	861.00	86.00	27.32	54.84	92497.70	49787	0	BartonZwiebach	
453	0:04:59	1/1/2019 	293895	68.00	5.00	5.95	54.84	92497.70	1851	0	BartonZwiebach	
454	0:05:00	1/1/2019 	294636	632.00	22.00	16.67	54.84	92500.97	49791	0	BartonZwiebach	
455	0:05:00	1/1/2019 	294735	322.00	8.00	11.34	54.84	92500.97	1851	0	BartonZwiebach	
456	0:05:00	1/1/2019 	294842	176.00	5.00	8.69	54.84	92500.97	3832	0	BartonZwiebach	
457	0:05:00	1/1/2019 	294938	221.00	6.00	9.72	54.84	92500.97	1848	0	BartonZwiebach	
458	0:05:00	1/1/2019 	294948	223.00	5.00	9.74	54.84	92500.97	1848	0	BartonZwiebach	
459	0:05:01	1/1/2019 	295859	610.00	16.00	15.32	54.85	92504.23	49790	0	BartonZwiebach	
460	0:05:02	1/1/2019 	296769	95.00	4.00	6.46	54.85	92507.64	49792	0	BartonZwiebach	
461	0:05:02	1/1/2019 	296943	246.00	6.00	10.18	54.85	92507.64	1849	0	BartonZwiebach	
462	0:05:03	1/1/2019 	297913	291.00	8.00	10.93	54.86	92511.25	51776	0	BartonZwiebach	
463	0:05:04	1/1/2019 	298055	125.00	5.00	7.28	54.86	92512.81	1849	0	BartonZwiebach	
464	0:05:04	1/1/2019 	298237	301.00	8.00	11.07	54.86	92512.81	1850	0	BartonZwiebach	
465	0:05:04	1/1/2019 	298324	79.00	6.00	6.11	54.86	92512.81	1847	0	BartonZwiebach	
466	0:05:04	1/1/2019 	298585	102.00	5.00	6.64	54.87	92514.66	49789	0	BartonZwiebach	
467	0:05:05	1/1/2019 	299784	150.00	5.00	8.00	54.87	92517.75	49790	0	BartonZwiebach	
468	0:05:06	1/1/2019 	300443	220.00	5.00	9.68	54.88	92520.81	4738	0	BartonZwiebach	
469	0:05:06	1/1/2019 	300566	911.00	129.00	35.61	54.88	92520.81	49791	0	BartonZwiebach	
470	0:05:06	1/1/2019 	300857	200.00	5.00	9.26	54.88	92520.81	1850	0	BartonZwiebach	
471	0:05:06	1/1/2019 	300869	151.00	5.00	8.03	54.88	92520.81	1849	0	BartonZwiebach	
472	0:05:08	1/1/2019 	302719	968.00	236.00	48.80	54.89	92527.20	97727	0	BartonZwiebach	
473	0:05:09	1/1/2019 	303101	438.00	9.00	12.47	54.90	92528.70	1852	0	BartonZwiebach	
474	0:05:10	1/1/2019 	304388	577.00	20.00	14.98	54.91	92534.36	51832	0	BartonZwiebach	
475	0:05:10	1/1/2019 	304641	589.00	22.00	15.43	54.91	92534.36	49792	0	BartonZwiebach	
476	0:05:10	1/1/2019 	304651	172.00	5.00	8.59	54.91	92534.36	1850	0	BartonZwiebach	
477	0:05:10	1/1/2019 	304803	86.00	4.00	6.25	54.91	92534.36	1849	0	BartonZwiebach	
478	0:05:10	1/1/2019 	304947	223.00	6.00	9.76	54.91	92535.55	1847	0	BartonZwiebach	
479	0:05:13	1/1/2019 	307388	904.00	71.00	25.11	54.93	92543.61	97730	0	BartonZwiebach	
480	0:05:13	1/1/2019 	307393	103.00	4.00	6.66	54.93	92543.61	3838	0	BartonZwiebach	
481	0:05:13	1/1/2019 	307419	878.00	85.00	27.21	54.93	92543.61	1848	0	BartonZwiebach	
482	0:05:14	1/1/2019 	308096	201.00	5.00	9.28	54.93	92544.97	49793	0	BartonZwiebach	
483	0:05:14	1/1/2019 	308353	77.00	5.00	6.08	54.93	92546.36	1849	0	BartonZwiebach	
484	0:05:14	1/1/2019 	308910	408.00	9.00	12.25	54.94	92548.23	49789	0	BartonZwiebach	
485	0:05:16	1/1/2019 	310689	860.00	44.00	21.99	54.95	92553.70	97736	0	BartonZwiebach	
486	0:05:17	1/1/2019 	311686	947.00	91.00	28.35	54.95	92556.27	52681	0	BartonZwiebach	
487	0:05:17	1/1/2019 	311858	218.00	6.00	9.66	54.95	92556.27	1851	0	BartonZwiebach	
488	0:05:18	1/1/2019 	312754	111.00	5.00	6.88	54.96	92559.02	49788	0	BartonZwiebach	
489	0:05:19	1/1/2019 	313114	81.00	4.00	6.15	54.96	92560.20	1850	0	BartonZwiebach	
490	0:05:19	1/1/2019 	313899	996.00	824.00	147.41	54.96	92561.59	49788	0	BartonZwiebach	
491	0:05:20	1/1/2019 	314308	171.00	5.00	8.57	54.97	92562.80	1851	0	BartonZwiebach	
492	0:05:21	1/1/2019 	315247	112.00	5.00	6.91	54.97	92565.69	51775	0	BartonZwiebach	
493	0:05:21	1/1/2019 	315716	986.00	560.00	96.36	54.98	92566.88	49793	0	BartonZwiebach	
494	0:05:21	1/1/2019 	315848	167.00	5.00	8.46	54.98	92566.88	1857	0	BartonZwiebach	
495	0:05:22	1/1/2019 	316755	926.00	151.00	39.44	54.98	92569.48	49792	0	BartonZwiebach	
496	0:05:23	1/1/2019 	317491	190.00	5.00	9.03	54.98	92571.50	1851	0	BartonZwiebach	
497	0:05:23	1/1/2019 	317941	78.00	4.00	6.09	54.99	92572.71	49788	0	BartonZwiebach	
498	0:05:24	1/1/2019 	318131	155.00	5.00	8.14	54.99	92572.71	3833	0	BartonZwiebach	
499	0:05:24	1/1/2019 	318405	216.00	6.00	9.62	54.99	92574.06	1849	0	BartonZwiebach	
500	0:05:24	1/1/2019 	318963	234.00	6.00	9.97	54.99	92575.11	49789	0	BartonZwiebach	
501	0:05:25	1/1/2019 	319587	89.00	4.00	6.32	54.99	92576.32	49791	0	BartonZwiebach	
502	0:05:25	1/1/2019 	319799	69.00	5.00	5.96	54.99	92576.32	2602	0	BartonZwiebach	
503	0:05:25	1/1/2019 	319824	340.00	10.00	11.64	54.99	92576.32	1849	0	BartonZwiebach	
504	0:05:26	1/1/2019 	320959	629.00	19.00	16.21	55.00	92579.91	51974	0	BartonZwiebach	
505	0:05:27	1/1/2019 	321386	90.00	4.00	6.34	55.00	92581.09	1850	0	BartonZwiebach	
506	0:05:27	1/1/2019 	321587	70.00	4.00	5.97	55.00	92581.09	49788	0	BartonZwiebach	
507	0:05:29	1/1/2019 	323164	251.00	6.00	10.26	55.01	92584.70	49789	0	BartonZwiebach	
508	0:05:29	1/1/2019 	323205	975.00	303.00	57.55	55.01	92584.70	1851	0	BartonZwiebach	
509	0:05:29	1/1/2019 	323660	1000.00	910.00	178.52	55.01	92585.39	49800	0	BartonZwiebach	
510	0:05:30	1/1/2019 	324781	418.00	14.00	12.62	55.02	92588.81	51802	0	BartonZwiebach	
511	0:05:31	1/1/2019 	325093	424.00	8.00	12.30	55.02	92588.81	1852	0	BartonZwiebach	
512	0:05:31	1/1/2019 	325723	895.00	50.00	22.64	55.02	92591.03	49792	0	BartonZwiebach	
513	0:05:31	1/1/2019 	325755	82.00	5.00	6.17	55.02	92591.03	1850	0	BartonZwiebach	
514	0:05:32	1/1/2019 	326359	66.00	4.00	5.93	55.02	92592.42	1850	0	BartonZwiebach	
515	0:05:35	1/1/2019 	329210	249.00	6.00	10.23	55.04	92598.58	145669	0	BartonZwiebach	
516	0:05:36	1/1/2019 	330702	238.00	6.00	10.04	55.04	92601.81	99720	0	BartonZwiebach	
517	0:05:37	1/1/2019 	331991	80.00	5.00	6.13	55.05	92604.75	50545	0	BartonZwiebach	
518	0:05:38	1/1/2019 	332342	93.00	4.00	6.41	55.05	92604.75	1850	0	BartonZwiebach	
519	0:05:39	1/1/2019 	333211	967.00	152.00	39.60	55.05	92606.98	49789	0	BartonZwiebach	
520	0:05:39	1/1/2019 	333563	212.00	5.00	9.52	55.05	92608.02	49794	0	BartonZwiebach	
521	0:05:39	1/1/2019 	333744	125.00	5.00	7.28	55.05	92608.02	1849	0	BartonZwiebach	
522	0:05:40	1/1/2019 	334167	103.00	5.00	6.67	55.05	92608.71	3975	0	BartonZwiebach	
523	0:05:40	1/1/2019 	334638	778.00	49.00	22.32	55.06	92609.70	49791	0	BartonZwiebach	
524	0:05:41	1/1/2019 	335145	69.00	5.00	5.96	55.06	92611.08	1850	0	BartonZwiebach	
525	0:05:41	1/1/2019 	335273	549.00	11.00	13.63	55.06	92611.08	1850	0	BartonZwiebach	
526	0:05:42	1/1/2019 	336227	149.00	5.00	7.97	55.06	92612.81	49792	0	BartonZwiebach	
527	0:05:43	1/1/2019 	337053	138.00	5.00	7.66	55.07	92615.39	49791	0	BartonZwiebach	
528	0:05:43	1/1/2019 	337928	123.00	5.00	7.23	55.07	92617.44	51775	0	BartonZwiebach	
529	0:05:44	1/1/2019 	338449	158.00	4.00	8.21	55.07	92618.80	1848	0	BartonZwiebach	
530	0:05:46	1/1/2019 	340196	153.00	5.00	8.08	55.08	92622.06	97732	0	BartonZwiebach	
531	0:05:46	1/1/2019 	340480	139.00	5.00	7.69	55.08	92622.92	2606	0	BartonZwiebach	
532	0:05:46	1/1/2019 	340560	892.00	93.00	28.66	55.08	92622.92	49789	0	BartonZwiebach	
533	0:05:46	1/1/2019 	340888	112.00	5.00	6.91	55.08	92624.31	1850	0	BartonZwiebach	
534	0:05:49	1/1/2019 	343215	213.00	5.00	9.54	55.09	92629.62	99911	0	BartonZwiebach	
535	0:05:49	1/1/2019 	343914	84.00	5.00	6.21	55.09	92630.66	49795	0	BartonZwiebach	
536	0:05:49	1/1/2019 	343990	184.00	5.00	8.89	55.09	92630.66	1850	0	BartonZwiebach	
537	0:05:50	1/1/2019 	344590	66.00	4.00	5.93	55.09	92632.55	49790	0	BartonZwiebach	
538	0:05:50	1/1/2019 	344653	669.00	27.00	18.38	55.09	92632.55	1848	0	BartonZwiebach	
539	0:05:51	1/1/2019 	345248	67.00	5.00	5.94	55.09	92633.58	1849	0	BartonZwiebach	
540	0:05:51	1/1/2019 	345417	151.00	5.00	8.03	55.09	92633.58	3834	0	BartonZwiebach	
541	0:05:52	1/1/2019 	346252	312.00	8.00	11.22	55.10	92635.83	49789	0	BartonZwiebach	
542	0:05:52	1/1/2019 	346595	953.00	133.00	36.38	55.10	92636.70	49791	0	BartonZwiebach	
543	0:05:52	1/1/2019 	346835	88.00	5.00	6.30	55.10	92636.70	1850	0	BartonZwiebach	
544	0:05:55	1/1/2019 	349933	72.00	5.00	6.00	55.11	92643.38	145674	0	BartonZwiebach	
545	0:05:56	1/1/2019 	350931	69.00	5.00	5.96	55.11	92645.25	50551	0	BartonZwiebach	
546	0:05:57	1/1/2019 	351287	68.00	5.00	5.95	55.11	92645.25	3974	0	BartonZwiebach	
547	0:05:57	1/1/2019 	351364	74.00	4.00	6.03	55.11	92645.25	1849	0	BartonZwiebach	
548	0:05:57	1/1/2019 	351794	200.00	5.00	9.26	55.11	92646.30	49788	0	BartonZwiebach	
549	0:05:57	1/1/2019 	351804	124.00	5.00	7.26	55.11	92646.30	1849	0	BartonZwiebach	
550	0:05:59	1/1/2019 	353429	112.00	5.00	6.91	55.12	92649.88	49792	0	BartonZwiebach	
551	0:05:59	1/1/2019 	353662	191.00	6.00	9.07	55.12	92649.88	49800	0	BartonZwiebach	
552	0:06:00	1/1/2019 	354705	91.00	5.00	6.36	55.12	92651.61	51778	0	BartonZwiebach	
553	0:06:01	1/1/2019 	355069	73.00	4.00	6.01	55.12	92652.30	1850	0	BartonZwiebach	
554	0:06:02	1/1/2019 	356180	65.00	5.00	5.92	55.12	92654.38	49792	0	BartonZwiebach	
555	0:06:03	1/1/2019 	357341	205.00	5.00	9.37	55.13	92657.30	49796	0	BartonZwiebach	
556	0:06:03	1/1/2019 	357454	977.00	306.00	58.05	55.13	92657.30	1851	0	BartonZwiebach	
557	0:06:05	1/1/2019 	359293	72.00	4.00	6.00	55.13	92660.36	97748	0	BartonZwiebach	
558	0:06:05	1/1/2019 	359677	102.00	5.00	6.64	55.13	92661.39	51775	0	BartonZwiebach	
559	0:06:06	1/1/2019 	360307	440.00	10.00	12.56	55.13	92662.08	2603	0	BartonZwiebach	
560	0:06:06	1/1/2019 	360609	96.00	5.00	6.48	55.13	92662.95	49794	0	BartonZwiebach	
561	0:06:09	1/1/2019 	363232	186.00	5.00	8.94	55.14	92667.60	97730	0	BartonZwiebach	
562	0:06:09	1/1/2019 	363410	632.00	20.00	16.42	55.14	92667.60	1850	0	BartonZwiebach	
563	0:06:09	1/1/2019 	363639	65.00	4.00	5.92	55.14	92668.30	51972	0	BartonZwiebach	
564	0:06:10	1/1/2019 	364768	74.00	4.00	6.03	55.14	92669.97	49789	0	BartonZwiebach	
565	0:06:10	1/1/2019 	364866	218.00	6.00	9.66	55.14	92669.97	1848	0	BartonZwiebach	
566	0:06:10	1/1/2019 	364921	65.00	5.00	5.92	55.14	92669.97	1848	0	BartonZwiebach	
567	0:06:11	1/1/2019 	365548	70.00	4.00	5.97	55.14	92671.36	49791	0	BartonZwiebach	
568	0:06:12	1/1/2019 	366432	449.00	16.00	12.99	55.15	92673.26	2083	0	BartonZwiebach	
569	0:06:13	1/1/2019 	367292	277.00	7.00	10.70	55.15	92674.30	51778	0	BartonZwiebach	
570	0:06:13	1/1/2019 	367593	981.00	156.00	40.21	55.15	92674.99	49794	0	BartonZwiebach	
571	0:06:13	1/1/2019 	367649	590.00	16.00	14.88	55.15	92674.99	1850	0	BartonZwiebach	
572	0:06:13	1/1/2019 	367664	107.00	5.00	6.77	55.15	92674.99	1848	0	BartonZwiebach	
573	0:06:13	1/1/2019 	368005	158.00	5.00	8.22	55.15	92675.51	1850	0	BartonZwiebach	
574	0:06:15	1/1/2019 	369881	618.00	19.00	15.91	55.15	92678.77	97734	0	BartonZwiebach	
575	0:06:16	1/1/2019 	370157	101.00	5.00	6.61	55.15	92678.77	4926	0	BartonZwiebach	
576	0:06:16	1/1/2019 	370229	106.00	5.00	6.75	55.15	92678.77	1849	0	BartonZwiebach	
577	0:06:16	1/1/2019 	370597	294.00	8.00	10.98	55.15	92679.30	49789	0	BartonZwiebach	
578	0:06:17	1/1/2019 	371783	125.00	5.00	7.28	55.16	92681.84	49788	0	BartonZwiebach	
579	0:06:18	1/1/2019 	372246	743.00	33.00	20.44	55.16	92682.36	1850	0	BartonZwiebach	
580	0:06:18	1/1/2019 	372717	326.00	9.00	11.43	55.16	92682.88	49796	0	BartonZwiebach	
581	0:06:18	1/1/2019 	372793	92.00	5.00	6.39	55.16	92683.23	3839	0	BartonZwiebach	
582	0:06:19	1/1/2019 	373347	336.00	7.00	11.46	55.16	92683.91	1848	0	BartonZwiebach	
583	0:06:19	1/1/2019 	373575	66.00	5.00	5.93	55.16	92683.91	49793	0	BartonZwiebach	
584	0:06:19	1/1/2019 	373635	978.00	292.00	55.79	55.16	92683.91	1850	0	BartonZwiebach	
585	0:06:20	1/1/2019 	374729	862.00	87.00	27.50	55.17	92685.97	49798	0	BartonZwiebach	
586	0:06:22	1/1/2019 	376055	433.00	9.00	12.44	55.17	92687.53	49795	0	BartonZwiebach	
587	0:06:22	1/1/2019 	376306	81.00	5.00	6.15	55.17	92688.38	3839	0	BartonZwiebach	
588	0:06:22	1/1/2019 	376354	218.00	6.00	9.66	55.17	92688.38	1856	0	BartonZwiebach	
589	0:06:22	1/1/2019 	376681	156.00	6.00	8.17	55.17	92689.06	49795	0	BartonZwiebach	
590	0:06:22	1/1/2019 	377000	244.00	6.00	10.14	55.17	92689.06	1848	0	BartonZwiebach	
591	0:06:23	1/1/2019 	377297	116.00	5.00	7.03	55.17	92689.58	1849	0	BartonZwiebach	
592	0:06:24	1/1/2019 	378952	452.00	9.00	12.57	55.18	92692.16	97731	0	BartonZwiebach	
593	0:06:25	1/1/2019 	379241	75.00	5.00	6.04	55.18	92692.67	3836	0	BartonZwiebach	
594	0:06:25	1/1/2019 	379913	230.00	6.00	9.89	55.18	92693.52	49792	0	BartonZwiebach	
595	0:06:26	1/1/2019 	380464	65.00	5.00	5.92	55.18	92694.03	2799	0	BartonZwiebach	
596	0:06:26	1/1/2019 	380570	102.00	5.00	6.64	55.18	92695.24	49792	0	BartonZwiebach	
597	0:06:27	1/1/2019 	381298	181.00	5.00	8.82	55.18	92695.77	1848	0	BartonZwiebach	
598	0:06:29	1/1/2019 	383446	172.00	5.00	8.59	55.18	92699.55	97732	0	BartonZwiebach	
599	0:06:30	1/1/2019 	384402	113.00	5.00	6.94	55.19	92701.10	51916	0	BartonZwiebach	
600	0:06:31	1/1/2019 	385339	186.00	6.00	8.95	55.19	92702.48	49791	0	BartonZwiebach	
601	0:06:31	1/1/2019 	385437	66.00	5.00	5.93	55.19	92702.48	1849	0	BartonZwiebach	
602	0:06:32	1/1/2019 	386390	297.00	8.00	11.02	55.19	92704.02	49789	0	BartonZwiebach	
603	0:06:32	1/1/2019 	386783	239.00	6.00	10.06	55.19	92704.02	49792	0	BartonZwiebach	
604	0:06:32	1/1/2019 	386969	195.00	6.00	9.16	55.19	92705.03	1848	0	BartonZwiebach	
605	0:06:32	1/1/2019 	387012	67.00	5.00	5.94	55.19	92705.03	3833	0	BartonZwiebach	
606	0:06:33	1/1/2019 	387314	84.00	5.00	6.21	55.19	92705.72	1849	0	BartonZwiebach	
607	0:06:33	1/1/2019 	387466	900.00	61.00	23.83	55.19	92705.72	1849	0	BartonZwiebach	
608	0:06:33	1/1/2019 	388045	928.00	64.00	24.20	55.19	92706.24	49793	0	BartonZwiebach	
609	0:06:34	1/1/2019 	388080	228.00	6.00	9.85	55.19	92706.24	1848	0	BartonZwiebach	
610	0:06:34	1/1/2019 	388692	605.00	16.00	15.21	55.19	92707.45	49791	0	BartonZwiebach	
611	0:06:34	1/1/2019 	388945	987.00	422.00	77.47	55.19	92707.98	3834	0	BartonZwiebach	
612	0:06:35	1/1/2019 	389098	976.00	397.00	73.88	55.19	92707.98	1851	0	BartonZwiebach	
613	0:06:35	1/1/2019 	389223	68.00	5.00	5.95	55.19	92708.49	1851	0	BartonZwiebach	
614	0:06:35	1/1/2019 	389414	75.00	5.00	6.04	55.19	92708.49	1849	0	BartonZwiebach	
615	0:06:35	1/1/2019 	389660	75.00	5.00	6.04	55.19	92708.49	49791	0	BartonZwiebach	
616	0:06:35	1/1/2019 	389895	228.00	6.00	9.85	55.19	92709.36	2800	0	BartonZwiebach	
617	0:06:36	1/1/2019 	390632	66.00	5.00	5.93	55.20	92710.23	51912	0	BartonZwiebach	
618	0:06:36	1/1/2019 	390659	932.00	123.00	34.51	55.20	92710.23	1850	0	BartonZwiebach	
619	0:06:36	1/1/2019 	390943	74.00	5.00	6.03	55.20	92710.75	1850	0	BartonZwiebach	
620	0:06:37	1/1/2019 	391165	596.00	16.00	15.01	55.20	92711.44	1850	0	BartonZwiebach	
621	0:06:37	1/1/2019 	391352	82.00	5.00	6.17	55.20	92711.44	1848	0	BartonZwiebach	
622	0:06:37	1/1/2019 	391646	83.00	5.00	6.19	55.20	92712.28	49789	0	BartonZwiebach	
623	0:06:38	1/1/2019 	392465	89.00	5.00	6.32	55.20	92712.97	3835	0	BartonZwiebach	
624	0:06:38	1/1/2019 	392469	817.00	82.00	26.52	55.20	92712.97	1851	0	BartonZwiebach	
625	0:06:38	1/1/2019 	392962	968.00	141.00	37.80	55.20	92714.18	49793	0	BartonZwiebach	
626	0:06:39	1/1/2019 	393260	66.00	5.00	5.93	55.20	92714.88	1853	0	BartonZwiebach	
627	0:06:39	1/1/2019 	393834	92.00	5.00	6.39	55.20	92716.08	49794	0	BartonZwiebach	
628	0:06:40	1/1/2019 	394449	65.00	5.00	5.92	55.20	92717.12	1850	0	BartonZwiebach	
629	0:06:40	1/1/2019 	394470	368.00	12.00	12.04	55.20	92717.12	3842	0	BartonZwiebach	
630	0:06:40	1/1/2019 	394927	925.00	72.00	25.26	55.20	92718.31	49795	0	BartonZwiebach	
631	0:06:40	1/1/2019 	395012	141.00	5.00	7.75	55.20	92718.31	1850	0	BartonZwiebach	
632	0:06:41	1/1/2019 	395430	98.00	5.00	6.54	55.20	92719.34	1849	0	BartonZwiebach	
633	0:06:41	1/1/2019 	395604	671.00	25.00	18.18	55.20	92720.55	49792	0	BartonZwiebach	
634	0:06:43	1/1/2019 	397880	299.00	9.00	11.08	55.20	92725.89	97735	0	BartonZwiebach	
635	0:06:43	1/1/2019 	398013	259.00	7.00	10.42	55.20	92727.10	3891	0	BartonZwiebach	
636	0:06:45	1/1/2019 	399215	66.00	5.00	5.93	55.21	92730.39	49792	0	BartonZwiebach	
637	0:06:45	1/1/2019 	399555	239.00	6.00	10.06	55.21	92732.09	49791	0	BartonZwiebach	
638	0:06:46	1/1/2019 	400396	343.00	8.00	11.58	55.21	92735.03	2800	0	BartonZwiebach	
639	0:06:47	1/1/2019 	401327	381.00	13.00	12.22	55.21	92736.59	49793	0	BartonZwiebach	
640	0:06:48	1/1/2019 	402583	970.00	267.00	52.26	55.21	92741.95	97737	0	BartonZwiebach	
641	0:06:48	1/1/2019 	402763	110.00	5.00	6.86	55.21	92741.95	3976	0	BartonZwiebach	
642	0:06:49	1/1/2019 	403870	72.00	5.00	6.00	55.22	92746.92	49789	0	BartonZwiebach	
643	0:06:49	1/1/2019 	403952	84.00	5.00	6.21	55.22	92746.92	1851	0	BartonZwiebach	
644	0:06:50	1/1/2019 	404091	84.00	5.00	6.21	55.22	92746.92	1849	0	BartonZwiebach	
645	0:06:50	1/1/2019 	404177	272.00	7.00	10.63	55.22	92746.92	1849	0	BartonZwiebach	
646	0:06:50	1/1/2019 	404561	350.00	11.00	11.79	55.22	92749.00	49793	0	BartonZwiebach	
647	0:06:50	1/1/2019 	404710	162.00	6.00	8.34	55.22	92749.00	3835	0	BartonZwiebach	
648	0:06:51	1/1/2019 	405294	84.00	5.00	6.21	55.22	92752.63	1849	0	BartonZwiebach	
649	0:06:51	1/1/2019 	405342	273.00	7.00	10.64	55.22	92752.63	1850	0	BartonZwiebach	
650	0:06:51	1/1/2019 	405590	154.00	6.00	8.12	55.22	92752.63	49792	0	BartonZwiebach	
651	0:06:52	1/1/2019 	406804	64.00	5.00	5.91	55.23	92758.14	49791	0	BartonZwiebach	
652	0:06:53	1/1/2019 	407339	66.00	5.00	5.93	55.23	92759.70	1849	0	BartonZwiebach	
653	0:06:54	1/1/2019 	408987	396.00	8.00	12.09	55.23	92765.53	99718	0	BartonZwiebach	
654	0:06:56	1/1/2019 	410647	63.00	5.00	5.90	55.24	92772.44	97734	0	BartonZwiebach	
655	0:06:56	1/1/2019 	410650	973.00	120.00	33.93	55.24	92772.44	2801	0	BartonZwiebach	
656	0:06:56	1/1/2019 	410669	343.00	8.00	11.58	55.24	92772.44	1850	0	BartonZwiebach	
657	0:06:57	1/1/2019 	411489	206.00	6.00	9.41	55.24	92774.00	1847	0	BartonZwiebach	
658	0:06:57	1/1/2019 	411618	189.00	6.00	9.02	55.24	92775.88	49793	0	BartonZwiebach	
659	0:06:57	1/1/2019 	411873	87.00	5.00	6.27	55.24	92775.88	3981	0	BartonZwiebach	
660	0:06:58	1/1/2019 	412276	113.00	5.00	6.94	55.25	92777.58	1853	0	BartonZwiebach	
661	0:06:58	1/1/2019 	412327	402.00	14.00	12.47	55.25	92777.58	1850	0	BartonZwiebach	
662	0:06:58	1/1/2019 	412830	215.00	7.00	9.61	55.25	92779.31	49793	0	BartonZwiebach	
663	0:06:59	1/1/2019 	413670	74.00	5.00	6.03	55.25	92782.92	49792	0	BartonZwiebach	
664	0:06:59	1/1/2019 	413817	964.00	168.00	41.89	55.25	92782.92	1849	0	BartonZwiebach	
665	0:07:00	1/1/2019 	414204	333.00	11.00	11.59	55.26	92784.66	3891	0	BartonZwiebach	
666	0:07:00	1/1/2019 	414407	100.00	5.00	6.59	55.26	92784.66	1851	0	BartonZwiebach	
667	0:07:00	1/1/2019 	414587	112.00	5.00	6.91	55.26	92786.36	49791	0	BartonZwiebach	
668	0:07:01	1/1/2019 	415733	102.00	5.00	6.64	55.26	92789.45	49791	0	BartonZwiebach	
669	0:07:01	1/1/2019 	415752	71.00	5.00	5.99	55.26	92789.45	1850	0	BartonZwiebach	
670	0:07:01	1/1/2019 	415917	689.00	29.00	19.14	55.27	92791.16	1850	0	BartonZwiebach	
671	0:07:02	1/1/2019 	416153	646.00	22.00	17.08	55.27	92791.16	3835	0	BartonZwiebach	
672	0:07:02	1/1/2019 	416778	387.00	8.00	12.01	55.27	92792.72	49793	0	BartonZwiebach	
673	0:07:02	1/1/2019 	417011	87.00	5.00	6.27	55.27	92794.25	1848	0	BartonZwiebach	
674	0:07:03	1/1/2019 	417640	273.00	7.00	10.64	55.27	92795.81	49789	0	BartonZwiebach	
675	0:07:04	1/1/2019 	418551	656.00	23.00	17.50	55.28	92799.05	49793	0	BartonZwiebach	
676	0:07:05	1/1/2019 	419098	100.00	5.00	6.59	55.28	92800.61	1851	0	BartonZwiebach	
677	0:07:05	1/1/2019 	419160	536.00	11.00	13.47	55.28	92800.61	3835	0	BartonZwiebach	
678	0:07:05	1/1/2019 	419189	549.00	13.00	13.84	55.28	92800.61	1851	0	BartonZwiebach	
679	0:07:05	1/1/2019 	419576	977.00	222.00	47.47	55.28	92802.17	49794	0	BartonZwiebach	
680	0:07:05	1/1/2019 	419588	204.00	6.00	9.36	55.28	92802.17	2801	0	BartonZwiebach	
681	0:07:06	1/1/2019 	420227	91.00	5.00	6.36	55.29	92803.70	1850	0	BartonZwiebach	
682	0:07:07	1/1/2019 	421210	147.00	5.00	7.92	55.29	92806.62	49793	0	BartonZwiebach	
683	0:07:07	1/1/2019 	421962	83.00	5.00	6.19	55.29	92809.55	51919	0	BartonZwiebach	
684	0:07:07	1/1/2019 	421996	68.00	5.00	5.95	55.29	92809.55	1848	0	BartonZwiebach	
685	0:07:08	1/1/2019 	422255	179.00	6.00	8.78	55.30	92811.08	1849	0	BartonZwiebach	
686	0:07:08	1/1/2019 	422320	120.00	5.00	7.14	55.30	92811.08	1849	0	BartonZwiebach	
687	0:07:08	1/1/2019 	422463	119.00	5.00	7.11	55.30	92811.08	1848	0	BartonZwiebach	
688	0:07:08	1/1/2019 	422858	217.00	6.00	9.64	55.30	92812.29	49788	0	BartonZwiebach	
689	0:07:09	1/1/2019 	423092	161.00	6.00	8.31	55.30	92812.29	3832	0	BartonZwiebach	
690	0:07:09	1/1/2019 	423112	219.00	6.00	9.68	55.30	92812.29	1849	0	BartonZwiebach	
691	0:07:09	1/1/2019 	423135	977.00	325.00	61.35	55.30	92812.29	1849	0	BartonZwiebach	
692	0:07:09	1/1/2019 	423790	730.00	41.00	21.17	55.31	92815.19	49799	0	BartonZwiebach	
693	0:07:09	1/1/2019 	423978	121.00	5.00	7.17	55.31	92815.19	1851	0	BartonZwiebach	
694	0:07:10	1/1/2019 	424470	66.00	5.00	5.93	55.31	92816.75	1849	0	BartonZwiebach	
695	0:07:11	1/1/2019 	425416	953.00	173.00	42.52	55.31	92819.49	51776	0	BartonZwiebach	
696	0:07:11	1/1/2019 	425727	162.00	6.00	8.34	55.32	92820.88	49800	0	BartonZwiebach	
697	0:07:11	1/1/2019 	425787	68.00	5.00	5.95	55.32	92820.88	1854	0	BartonZwiebach	
698	0:07:12	1/1/2019 	426355	70.00	5.00	5.97	55.32	92822.39	1853	0	BartonZwiebach	
699	0:07:13	1/1/2019 	427965	158.00	5.00	8.22	55.33	92826.17	97731	0	BartonZwiebach	
700	0:07:14	1/1/2019 	428632	153.00	6.00	8.09	55.33	92828.92	49791	0	BartonZwiebach	
701	0:07:14	1/1/2019 	428780	88.00	5.00	6.30	55.33	92828.92	3834	0	BartonZwiebach	
702	0:07:15	1/1/2019 	429333	234.00	7.00	9.98	55.33	92830.28	1850	0	BartonZwiebach	
703	0:07:15	1/1/2019 	429419	64.00	5.00	5.91	55.33	92830.28	1851	0	BartonZwiebach	
704	0:07:16	1/1/2019 	430285	147.00	6.00	7.92	55.34	92832.52	49790	0	BartonZwiebach	
705	0:07:16	1/1/2019 	430318	96.00	4.00	6.48	55.34	92832.52	2801	0	BartonZwiebach	
706	0:07:16	1/1/2019 	430618	102.00	5.00	6.64	55.34	92833.90	49786	0	BartonZwiebach	
707	0:07:16	1/1/2019 	430708	187.00	6.00	8.97	55.34	92833.90	3973	0	BartonZwiebach	
708	0:07:16	1/1/2019 	430811	538.00	19.00	14.15	55.34	92833.90	1848	0	BartonZwiebach	
709	0:07:17	1/1/2019 	431174	97.00	5.00	6.51	55.34	92835.08	1850	0	BartonZwiebach	
710	0:07:18	1/1/2019 	432345	807.00	41.00	21.61	55.35	92837.66	49791	0	BartonZwiebach	
711	0:07:19	1/1/2019 	433063	106.00	5.00	6.75	55.35	92840.06	49792	0	BartonZwiebach	
712	0:07:19	1/1/2019 	433920	121.00	5.00	7.17	55.36	92842.46	49789	0	BartonZwiebach	
713	0:07:20	1/1/2019 	434098	97.00	6.00	6.51	55.36	92842.46	3833	0	BartonZwiebach	
714	0:07:20	1/1/2019 	434340	147.00	5.00	7.92	55.36	92843.67	1851	0	BartonZwiebach	
715	0:07:20	1/1/2019 	434380	531.00	11.00	13.41	55.36	92843.67	1849	0	BartonZwiebach	
716	0:07:20	1/1/2019 	434655	633.00	24.00	16.93	55.36	92843.67	49792	0	BartonZwiebach	
717	0:07:21	1/1/2019 	435218	203.00	6.00	9.34	55.36	92844.69	1849	0	BartonZwiebach	
718	0:07:21	1/1/2019 	435444	79.00	5.00	6.11	55.37	92845.88	1852	0	BartonZwiebach	
719	0:07:23	1/1/2019 	437112	228.00	6.00	9.85	55.37	92849.47	99717	0	BartonZwiebach	
720	0:07:24	1/1/2019 	438498	84.00	5.00	6.21	55.38	92852.91	49788	0	BartonZwiebach	
721	0:07:24	1/1/2019 	438587	928.00	159.00	40.64	55.38	92852.91	49841	0	BartonZwiebach	
722	0:07:24	1/1/2019 	438611	693.00	27.00	18.96	55.38	92852.91	1851	0	BartonZwiebach	
723	0:07:25	1/1/2019 	439289	302.00	8.00	11.09	55.38	92854.96	1850	0	BartonZwiebach	
724	0:07:25	1/1/2019 	439867	556.00	23.00	14.72	55.39	92856.16	49791	0	BartonZwiebach	
725	0:07:25	1/1/2019 	439951	132.00	5.00	7.49	55.39	92856.16	4937	0	BartonZwiebach	
726	0:07:27	1/1/2019 	441175	131.00	5.00	7.46	55.39	92858.90	49790	0	BartonZwiebach	
727	0:07:27	1/1/2019 	441194	100.00	5.00	6.59	55.39	92858.90	1850	0	BartonZwiebach	
728	0:07:27	1/1/2019 	441208	952.00	174.00	42.64	55.39	92858.90	1849	0	BartonZwiebach	
729	0:07:27	1/1/2019 	441695	108.00	4.00	6.80	55.39	92859.94	49795	0	BartonZwiebach	
730	0:07:27	1/1/2019 	442005	89.00	5.00	6.32	55.39	92859.94	3832	0	BartonZwiebach	
731	0:07:28	1/1/2019 	442790	202.00	6.00	9.32	55.40	92862.17	49790	0	BartonZwiebach	
732	0:07:29	1/1/2019 	443065	112.00	6.00	6.92	55.40	92863.36	1850	0	BartonZwiebach	
733	0:07:29	1/1/2019 	443332	282.00	8.00	10.80	55.40	92863.36	1849	0	BartonZwiebach	
734	0:07:29	1/1/2019 	443603	984.00	249.00	50.14	55.40	92864.39	49789	0	BartonZwiebach	
735	0:07:31	1/1/2019 	445696	68.00	5.00	5.95	55.41	92868.50	97743	0	BartonZwiebach	
736	0:07:32	1/1/2019 	446057	201.00	6.00	9.30	55.41	92869.38	3892	0	BartonZwiebach	
737	0:07:33	1/1/2019 	447156	291.00	8.00	10.93	55.42	92871.08	49794	0	BartonZwiebach	
738	0:07:34	1/1/2019 	448751	286.00	8.00	10.86	55.42	92874.35	97728	0	BartonZwiebach	
739	0:07:34	1/1/2019 	449027	110.00	5.00	6.86	55.43	92875.37	1848	0	BartonZwiebach	
740	0:07:35	1/1/2019 	449086	71.00	5.00	5.99	55.43	92875.37	1849	0	BartonZwiebach	
741	0:07:37	1/1/2019 	451221	386.00	8.00	12.00	55.43	92878.78	97731	0	BartonZwiebach	
742	0:07:37	1/1/2019 	451592	71.00	5.00	5.99	55.44	92879.65	52863	0	BartonZwiebach	
743	0:07:37	1/1/2019 	451697	648.00	22.00	17.14	55.44	92879.65	1849	0	BartonZwiebach	
744	0:07:37	1/1/2019 	451893	816.00	43.00	21.83	55.44	92880.66	1851	0	BartonZwiebach	
745	0:07:38	1/1/2019 	452139	70.00	5.00	5.97	55.44	92880.66	1849	0	BartonZwiebach	
746	0:07:38	1/1/2019 	452497	978.00	367.00	68.92	55.44	92881.19	1851	0	BartonZwiebach	
747	0:07:38	1/1/2019 	452867	530.00	21.00	14.15	55.44	92882.40	49798	0	BartonZwiebach	
748	0:07:38	1/1/2019 	452895	295.00	8.00	10.99	55.44	92882.40	3835	0	BartonZwiebach	
749	0:07:39	1/1/2019 	453298	308.00	8.00	11.17	55.44	92883.44	1847	0	BartonZwiebach	
750	0:07:39	1/1/2019 	453891	68.00	5.00	5.95	55.45	92884.25	49789	0	BartonZwiebach	
751	0:07:39	1/1/2019 	453898	655.00	24.00	17.60	55.45	92884.25	1849	0	BartonZwiebach	
752	0:07:40	1/1/2019 	454275	70.00	5.00	5.97	55.45	92884.95	1848	0	BartonZwiebach	
753	0:07:40	1/1/2019 	454499	596.00	16.00	15.01	55.45	92884.95	1850	0	BartonZwiebach	
754	0:07:40	1/1/2019 	454775	235.00	6.00	9.98	55.45	92885.98	51773	0	BartonZwiebach	
755	0:07:40	1/1/2019 	454791	141.00	5.00	7.75	55.45	92885.98	1848	0	BartonZwiebach	
756	0:07:41	1/1/2019 	455368	301.00	9.00	11.11	55.45	92887.03	1849	0	BartonZwiebach	
757	0:07:42	1/1/2019 	456066	128.00	5.00	7.37	55.45	92887.87	49792	0	BartonZwiebach	
758	0:07:43	1/1/2019 	457058	328.00	7.00	11.37	55.46	92889.60	49790	0	BartonZwiebach	
759	0:07:43	1/1/2019 	457970	98.00	6.00	6.54	55.46	92891.16	49791	0	BartonZwiebach	
760	0:07:44	1/1/2019 	458213	382.00	10.00	12.08	55.46	92891.98	3778	0	BartonZwiebach	
761	0:07:44	1/1/2019 	458414	65.00	5.00	5.92	55.46	92891.98	1851	0	BartonZwiebach	
762	0:07:45	1/1/2019 	459494	282.00	8.00	10.80	55.46	92893.54	49789	0	BartonZwiebach	
763	0:07:45	1/1/2019 	459898	512.00	11.00	13.21	55.47	92894.55	49792	0	BartonZwiebach	
764	0:07:46	1/1/2019 	460356	347.00	11.00	11.76	55.47	92895.08	2603	0	BartonZwiebach	
765	0:07:48	1/1/2019 	462462	920.00	116.00	33.14	55.48	92899.19	97735	0	BartonZwiebach	
766	0:07:49	1/1/2019 	463659	212.00	6.00	9.53	55.48	92900.58	101057	0	BartonZwiebach	
767	0:07:50	1/1/2019 	464278	101.00	5.00	6.61	55.48	92901.09	1850	0	BartonZwiebach	
768	0:07:50	1/1/2019 	464727	316.00	10.00	11.34	55.48	92901.93	49790	0	BartonZwiebach	
769	0:07:51	1/1/2019 	465477	65.00	5.00	5.92	55.48	92903.32	1850	0	BartonZwiebach	
770	0:07:53	1/1/2019 	467599	414.00	16.00	12.67	55.49	92906.41	145671	0	BartonZwiebach	
771	0:07:53	1/1/2019 	468017	100.00	5.00	6.59	55.49	92907.43	1850	0	BartonZwiebach	
772	0:07:53	1/1/2019 	468044	975.00	127.00	35.27	55.49	92907.43	3834	0	BartonZwiebach	
773	0:07:54	1/1/2019 	468150	100.00	5.00	6.59	55.49	92907.43	1850	0	BartonZwiebach	
774	0:07:54	1/1/2019 	469001	69.00	5.00	5.96	55.49	92909.14	49791	0	BartonZwiebach	
775	0:07:55	1/1/2019 	470044	883.00	105.00	30.88	55.49	92911.39	49791	0	BartonZwiebach	
776	0:07:56	1/1/2019 	470093	690.00	30.00	19.29	55.49	92911.39	2607	0	BartonZwiebach	
777	0:07:56	1/1/2019 	470202	174.00	6.00	8.65	55.49	92911.39	1851	0	BartonZwiebach	
778	0:07:56	1/1/2019 	470212	97.00	5.00	6.51	55.49	92911.39	3972	0	BartonZwiebach	
779	0:07:56	1/1/2019 	470901	514.00	11.00	13.23	55.50	92913.30	49788	0	BartonZwiebach	
780	0:07:57	1/1/2019 	471743	142.00	6.00	7.78	55.50	92915.17	49791	0	BartonZwiebach	
781	0:07:58	1/1/2019 	472554	267.00	7.00	10.55	55.50	92915.87	49789	0	BartonZwiebach	
782	0:07:59	1/1/2019 	473441	68.00	5.00	5.95	55.50	92917.95	1851	0	BartonZwiebach	
783	0:07:59	1/1/2019 	473863	68.00	5.00	5.95	55.50	92918.81	49790	0	BartonZwiebach	
784	0:08:00	1/1/2019 	474075	113.00	5.00	6.94	55.50	92918.81	3833	0	BartonZwiebach	
785	0:08:00	1/1/2019 	474494	65.00	6.00	5.92	55.50	92919.83	1850	0	BartonZwiebach	
786	0:08:00	1/1/2019 	474847	70.00	5.00	5.97	55.50	92920.69	49789	0	BartonZwiebach	
787	0:08:00	1/1/2019 	475028	549.00	13.00	13.84	55.50	92920.69	1850	0	BartonZwiebach	
788	0:08:01	1/1/2019 	475324	570.00	23.00	15.03	55.51	92921.70	1850	0	BartonZwiebach	
789	0:08:01	1/1/2019 	475483	136.00	5.00	7.60	55.51	92921.70	1851	0	BartonZwiebach	
790	0:08:01	1/1/2019 	475915	92.00	5.00	6.39	55.51	92922.57	51775	0	BartonZwiebach	
791	0:08:02	1/1/2019 	476255	172.00	6.00	8.60	55.51	92923.44	1848	0	BartonZwiebach	
792	0:08:02	1/1/2019 	476697	974.00	234.00	48.60	55.51	92924.12	49792	0	BartonZwiebach	
793	0:08:03	1/1/2019 	477055	68.00	5.00	5.95	55.51	92924.83	1856	0	BartonZwiebach	
794	0:08:03	1/1/2019 	477081	78.00	5.00	6.09	55.51	92924.83	1850	0	BartonZwiebach	
795	0:08:03	1/1/2019 	477282	141.00	6.00	7.75	55.51	92924.83	1849	0	BartonZwiebach	
796	0:08:05	1/1/2019 	479269	160.00	6.00	8.28	55.51	92927.75	99769	0	BartonZwiebach	
797	0:08:06	1/1/2019 	480136	984.00	367.00	68.92	55.52	92929.48	49790	0	BartonZwiebach	
798	0:08:06	1/1/2019 	480239	134.00	6.00	7.55	55.52	92929.48	2606	0	BartonZwiebach	
799	0:08:07	1/1/2019 	481487	63.00	5.00	5.90	55.52	92932.02	49788	0	BartonZwiebach	
800	0:08:07	1/1/2019 	481647	66.00	5.00	5.93	55.52	92932.02	49791	0	BartonZwiebach	
801	0:08:08	1/1/2019 	482418	345.00	12.00	11.78	55.52	92933.23	1850	0	BartonZwiebach	
802	0:08:09	1/1/2019 	483119	71.00	5.00	5.99	55.52	92934.45	51917	0	BartonZwiebach	
803	0:08:09	1/1/2019 	483370	70.00	6.00	5.97	55.52	92935.14	1850	0	BartonZwiebach	
804	0:08:09	1/1/2019 	483478	177.00	6.00	8.73	55.52	92935.14	1848	0	BartonZwiebach	
805	0:08:09	1/1/2019 	483485	71.00	5.00	5.99	55.52	92935.14	1848	0	BartonZwiebach	
806	0:08:09	1/1/2019 	483609	938.00	67.00	24.58	55.52	92935.14	49792	0	BartonZwiebach	
807	0:08:09	1/1/2019 	483880	70.00	5.00	5.97	55.52	92936.02	1852	0	BartonZwiebach	
808	0:08:09	1/1/2019 	483917	980.00	372.00	69.78	55.52	92936.02	3835	0	BartonZwiebach	
809	0:08:09	1/1/2019 	483973	77.00	6.00	6.08	55.52	92936.02	1850	0	BartonZwiebach	
810	0:08:10	1/1/2019 	484717	102.00	6.00	6.64	55.52	92936.70	49789	0	BartonZwiebach	
811	0:08:10	1/1/2019 	484765	76.00	5.00	6.06	55.52	92936.70	1849	0	BartonZwiebach	
812	0:08:10	1/1/2019 	485031	441.00	10.00	12.57	55.52	92937.39	1849	0	BartonZwiebach	
813	0:08:12	1/1/2019 	486366	69.00	5.00	5.96	55.53	92939.62	49794	0	BartonZwiebach	
814	0:08:13	1/1/2019 	487915	64.00	5.00	5.91	55.53	92941.70	99720	0	BartonZwiebach	
815	0:08:14	1/1/2019 	488090	68.00	2.00	5.94	55.53	92941.70	1848	0	BartonZwiebach	
816	0:08:14	1/1/2019 	488195	199.00	6.00	9.25	55.53	92942.22	1848	0	BartonZwiebach	
817	0:08:14	1/1/2019 	488809	367.00	12.00	12.02	55.53	92943.21	49789	0	BartonZwiebach	
818	0:08:14	1/1/2019 	488813	146.00	6.00	7.89	55.53	92943.21	1849	0	BartonZwiebach	
819	0:08:14	1/1/2019 	488882	144.00	6.00	7.84	55.53	92943.21	1848	0	BartonZwiebach	
820	0:08:15	1/1/2019 	489472	340.00	9.00	11.60	55.53	92943.73	3832	0	BartonZwiebach	
821	0:08:16	1/1/2019 	490699	131.00	6.00	7.46	55.54	92945.63	97737	0	BartonZwiebach	
822	0:08:16	1/1/2019 	490765	288.00	9.00	10.92	55.54	92945.63	2605	0	BartonZwiebach	
823	0:08:16	1/1/2019 	490899	73.00	6.00	6.02	55.54	92945.63	1849	0	BartonZwiebach	
824	0:08:16	1/1/2019 	490911	68.00	5.00	5.95	55.54	92945.63	1849	0	BartonZwiebach	
825	0:08:16	1/1/2019 	490941	91.00	6.00	6.37	55.54	92945.63	1849	0	BartonZwiebach	
826	0:08:17	1/1/2019 	491968	144.00	6.00	7.84	55.54	92947.02	51968	0	BartonZwiebach	
827	0:08:18	1/1/2019 	492199	65.00	6.00	5.92	55.54	92947.86	1849	0	BartonZwiebach	
828	0:08:18	1/1/2019 	492584	994.00	715.00	129.05	55.54	92948.56	49790	0	BartonZwiebach	
829	0:08:18	1/1/2019 	492679	160.00	6.00	8.28	55.54	92948.56	1850	0	BartonZwiebach	
830	0:08:18	1/1/2019 	492724	85.00	6.00	6.23	55.54	92948.56	1848	0	BartonZwiebach	
831	0:08:19	1/1/2019 	493267	171.00	6.00	8.57	55.54	92949.43	1848	0	BartonZwiebach	
832	0:08:19	1/1/2019 	493340	114.00	6.00	6.97	55.54	92949.43	3834	0	BartonZwiebach	
833	0:08:19	1/1/2019 	493612	920.00	60.00	23.72	55.54	92949.77	49789	0	BartonZwiebach	
834	0:08:19	1/1/2019 	493686	610.00	18.00	15.58	55.54	92949.77	1851	0	BartonZwiebach	
835	0:08:19	1/1/2019 	493712	365.00	8.00	11.81	55.54	92949.77	1850	0	BartonZwiebach	
836	0:08:19	1/1/2019 	493719	832.00	82.00	26.57	55.54	92949.77	1846	0	BartonZwiebach	
837	0:08:21	1/1/2019 	495200	268.00	7.00	10.56	55.55	92951.48	49794	0	BartonZwiebach	
838	0:08:21	1/1/2019 	495347	113.00	6.00	6.94	55.55	92951.48	3836	0	BartonZwiebach	
839	0:08:21	1/1/2019 	495776	100.00	6.00	6.59	55.55	92952.33	49790	0	BartonZwiebach	
840	0:08:22	1/1/2019 	496626	106.00	5.00	6.75	55.55	92953.36	49789	0	BartonZwiebach	
841	0:08:22	1/1/2019 	496697	266.00	7.00	10.53	55.55	92953.36	1850	0	BartonZwiebach	
842	0:08:22	1/1/2019 	496949	373.00	13.00	12.13	55.55	92954.41	1849	0	BartonZwiebach	
843	0:08:23	1/1/2019 	497161	85.00	5.00	6.23	55.55	92954.41	1849	0	BartonZwiebach	
844	0:08:23	1/1/2019 	497183	220.00	8.00	9.73	55.55	92954.41	3835	0	BartonZwiebach	
845	0:08:23	1/1/2019 	497193	319.00	10.00	11.38	55.55	92954.41	1846	0	BartonZwiebach	
846	0:08:23	1/1/2019 	497775	217.00	7.00	9.65	55.55	92954.92	49792	0	BartonZwiebach	
847	0:08:23	1/1/2019 	497906	65.00	5.00	5.92	55.55	92955.59	1849	0	BartonZwiebach	
848	0:08:24	1/1/2019 	498858	75.00	6.00	6.05	55.55	92956.80	49788	0	BartonZwiebach	
849	0:08:26	1/1/2019 	500110	111.00	5.00	6.88	55.56	92958.02	49791	0	BartonZwiebach	
850	0:08:26	1/1/2019 	500693	238.00	7.00	10.06	55.56	92958.53	52679	0	BartonZwiebach	
851	0:08:26	1/1/2019 	500883	72.00	5.00	6.00	55.56	92959.05	1849	0	BartonZwiebach	
852	0:08:26	1/1/2019 	500909	322.00	8.00	11.34	55.56	92959.05	1849	0	BartonZwiebach	
853	0:08:28	1/1/2019 	502365	275.00	8.00	10.70	55.56	92960.95	49789	0	BartonZwiebach	
854	0:08:28	1/1/2019 	502725	171.00	6.00	8.57	55.56	92961.30	49791	0	BartonZwiebach	
855	0:08:28	1/1/2019 	502971	972.00	219.00	47.19	55.56	92961.30	1849	0	BartonZwiebach	
856	0:08:29	1/1/2019 	503371	70.00	5.00	5.97	55.56	92961.83	3836	0	BartonZwiebach	
857	0:08:29	1/1/2019 	503593	970.00	203.00	45.71	55.56	92961.83	49792	0	BartonZwiebach	
858	0:08:29	1/1/2019 	503728	66.00	6.00	5.93	55.56	92962.67	1851	0	BartonZwiebach	
859	0:08:30	1/1/2019 	504389	73.00	5.00	6.01	55.56	92963.19	1849	0	BartonZwiebach	
860	0:08:30	1/1/2019 	504813	151.00	6.00	8.03	55.56	92963.88	49793	0	BartonZwiebach	
861	0:08:31	1/1/2019 	505478	381.00	14.00	12.26	55.56	92964.40	1853	0	BartonZwiebach	
862	0:08:31	1/1/2019 	505642	66.00	5.00	5.93	55.56	92965.24	51778	0	BartonZwiebach	
863	0:08:32	1/1/2019 	506223	78.00	6.00	6.10	55.56	92965.76	1848	0	BartonZwiebach	
864	0:08:32	1/1/2019 	506727	219.00	7.00	9.69	55.56	92966.28	49790	0	BartonZwiebach	
865	0:08:32	1/1/2019 	506826	146.00	6.00	7.89	55.56	92966.28	1848	0	BartonZwiebach	
866	0:08:33	1/1/2019 	507068	776.00	38.00	21.21	55.56	92966.28	1849	0	BartonZwiebach	
867	0:08:33	1/1/2019 	507263	974.00	145.00	38.48	55.56	92966.80	1851	0	BartonZwiebach	
868	0:08:33	1/1/2019 	507659	516.00	11.00	13.25	55.56	92967.48	51834	0	BartonZwiebach	
869	0:08:33	1/1/2019 	508028	185.00	6.00	8.93	55.56	92967.48	1852	0	BartonZwiebach	
870	0:08:34	1/1/2019 	508911	729.00	42.00	21.25	55.57	92968.88	49793	0	BartonZwiebach	
871	0:08:36	1/1/2019 	510828	575.00	15.00	14.47	55.57	92971.45	97744	0	BartonZwiebach	
872	0:08:37	1/1/2019 	511095	63.00	6.00	5.91	55.57	92971.97	2606	0	BartonZwiebach	
873	0:08:38	1/1/2019 	512062	240.00	7.00	10.09	55.57	92973.00	49788	0	BartonZwiebach	
874	0:08:38	1/1/2019 	512979	89.00	6.00	6.32	55.57	92973.88	51918	0	BartonZwiebach	
875	0:08:40	1/1/2019 	514309	634.00	21.00	16.61	55.57	92974.91	49793	0	BartonZwiebach	
876	0:08:41	1/1/2019 	515062	68.00	6.00	5.95	55.57	92976.30	49792	0	BartonZwiebach	
877	0:08:41	1/1/2019 	515469	200.00	6.00	9.27	55.57	92976.81	1849	0	BartonZwiebach	
878	0:08:41	1/1/2019 	515669	66.00	6.00	5.93	55.57	92976.81	49788	0	BartonZwiebach	
879	0:08:41	1/1/2019 	515866	743.00	34.00	20.56	55.57	92977.16	1848	0	BartonZwiebach	
880	0:08:42	1/1/2019 	516073	264.00	8.00	10.53	55.57	92977.16	3834	0	BartonZwiebach	
881	0:08:42	1/1/2019 	516375	64.00	6.00	5.91	55.57	92977.69	1848	0	BartonZwiebach	
882	0:08:42	1/1/2019 	516386	67.00	1.00	5.93	55.57	92977.69	1847	0	BartonZwiebach	
883	0:08:42	1/1/2019 	516957	442.00	11.00	12.64	55.57	92978.55	49778	0	BartonZwiebach	
884	0:08:43	1/1/2019 	517209	63.00	5.00	5.90	55.57	92978.55	1850	0	BartonZwiebach	
885	0:08:44	1/1/2019 	518859	325.00	8.00	11.38	55.57	92980.62	99719	0	BartonZwiebach	
886	0:08:44	1/1/2019 	518903	276.00	8.00	10.71	55.57	92980.62	1855	0	BartonZwiebach	
887	0:08:45	1/1/2019 	519438	970.00	224.00	47.65	55.57	92981.14	1852	0	BartonZwiebach	
888	0:08:46	1/1/2019 	520054	65.00	6.00	5.92	55.57	92981.84	49799	0	BartonZwiebach	
889	0:08:46	1/1/2019 	520682	642.00	22.00	16.97	55.58	92982.85	50545	0	BartonZwiebach	
890	0:08:47	1/1/2019 	521068	66.00	5.00	5.93	55.58	92982.85	1850	0	BartonZwiebach	
891	0:08:47	1/1/2019 	521157	204.00	3.00	9.32	55.58	92983.38	3977	0	BartonZwiebach	
892	0:08:47	1/1/2019 	521660	152.00	6.00	8.06	55.58	92983.89	49793	0	BartonZwiebach	
893	0:08:47	1/1/2019 	521782	147.00	6.00	7.92	55.58	92983.89	1849	0	BartonZwiebach	
894	0:08:48	1/1/2019 	522150	100.00	5.00	6.59	55.58	92984.23	1848	0	BartonZwiebach	
895	0:08:48	1/1/2019 	522738	191.00	6.00	9.07	55.58	92984.59	49793	0	BartonZwiebach	
896	0:08:48	1/1/2019 	522998	141.00	6.00	7.75	55.58	92984.59	1848	0	BartonZwiebach	
897	0:08:49	1/1/2019 	523561	685.00	28.00	18.92	55.58	92985.10	51832	0	BartonZwiebach	
898	0:08:49	1/1/2019 	523600	740.00	45.00	21.66	55.58	92985.45	1852	0	BartonZwiebach	
899	0:08:50	1/1/2019 	525038	208.00	7.00	9.46	55.58	92986.98	49795	0	BartonZwiebach	
900	0:08:51	1/1/2019 	525367	250.00	8.00	10.29	55.58	92986.98	1850	0	BartonZwiebach	
901	0:08:51	1/1/2019 	526025	109.00	6.00	6.83	55.58	92987.84	49794	0	BartonZwiebach	
902	0:08:52	1/1/2019 	526907	973.00	200.00	45.43	55.58	92988.19	49792	0	BartonZwiebach	
903	0:08:53	1/1/2019 	527571	579.00	16.00	14.65	55.58	92989.23	51784	0	BartonZwiebach	
904	0:08:54	1/1/2019 	528376	66.00	6.00	5.93	55.58	92989.92	1849	0	BartonZwiebach	
905	0:08:54	1/1/2019 	528643	126.00	6.00	7.32	55.58	92990.44	49790	0	BartonZwiebach	
906	0:08:55	1/1/2019 	529592	359.00	12.00	11.94	55.58	92992.32	49793	0	BartonZwiebach	
907	0:08:56	1/1/2019 	530835	64.00	6.00	5.91	55.58	92993.88	50548	0	BartonZwiebach	
908	0:08:56	1/1/2019 	531048	522.00	12.00	13.41	55.58	92994.57	1848	0	BartonZwiebach	
909	0:08:57	1/1/2019 	531814	138.00	6.00	7.66	55.58	92995.09	51918	0	BartonZwiebach	
910	0:08:58	1/1/2019 	532208	64.00	6.00	5.91	55.58	92995.78	1850	0	BartonZwiebach	
911	0:08:58	1/1/2019 	532266	69.00	6.00	5.96	55.58	92995.78	1848	0	BartonZwiebach	
912	0:08:58	1/1/2019 	532943	987.00	445.00	80.36	55.58	92997.69	49790	0	BartonZwiebach	
913	0:08:59	1/1/2019 	533069	75.00	6.00	6.05	55.58	92997.69	1850	0	BartonZwiebach	
914	0:08:59	1/1/2019 	533654	142.00	6.00	7.78	55.58	92998.20	49790	0	BartonZwiebach	
915	0:08:59	1/1/2019 	533735	74.00	6.00	6.03	55.58	92998.20	3833	0	BartonZwiebach	
916	0:08:59	1/1/2019 	534025	214.00	7.00	9.59	55.58	92998.91	1848	0	BartonZwiebach	
917	0:09:01	1/1/2019 	535339	85.00	5.00	6.23	55.58	93000.98	49791	0	BartonZwiebach	
918	0:09:01	1/1/2019 	535551	64.00	6.00	5.91	55.58	93000.98	49791	0	BartonZwiebach	
919	0:09:01	1/1/2019 	535662	289.00	9.00	10.94	55.58	93000.98	1847	0	BartonZwiebach	
920	0:09:01	1/1/2019 	535966	66.00	6.00	5.93	55.58	93002.19	1848	0	BartonZwiebach	
921	0:09:02	1/1/2019 	536693	480.00	11.00	12.93	55.58	93004.27	51777	0	BartonZwiebach	
922	0:09:02	1/1/2019 	536917	66.00	6.00	5.93	55.58	93004.27	1852	0	BartonZwiebach	
923	0:09:03	1/1/2019 	537059	720.00	32.00	20.08	55.58	93004.27	1848	0	BartonZwiebach	
924	0:09:03	1/1/2019 	537127	77.00	5.00	6.08	55.58	93004.27	1850	0	BartonZwiebach	
925	0:09:03	1/1/2019 	537986	65.00	5.00	5.92	55.59	93006.15	49790	0	BartonZwiebach	
926	0:09:04	1/1/2019 	538765	251.00	7.00	10.29	55.59	93007.70	49791	0	BartonZwiebach	
927	0:09:04	1/1/2019 	539033	968.00	121.00	34.12	55.59	93007.70	3836	0	BartonZwiebach	
928	0:09:06	1/1/2019 	541037	989.00	644.00	115.02	55.59	93011.86	97744	0	BartonZwiebach	
929	0:09:07	1/1/2019 	541312	66.00	5.00	5.93	55.59	93011.86	2606	0	BartonZwiebach	
930	0:09:08	1/1/2019 	542200	934.00	75.00	25.70	55.59	93013.25	49792	0	BartonZwiebach	
931	0:09:08	1/1/2019 	543008	264.00	8.00	10.53	55.59	93014.95	49797	0	BartonZwiebach	
932	0:09:09	1/1/2019 	543283	67.00	6.00	5.94	55.59	93014.95	1848	0	BartonZwiebach	
933	0:09:09	1/1/2019 	543659	443.00	10.00	12.58	55.59	93016.14	51917	0	BartonZwiebach	
934	0:09:09	1/1/2019 	543728	66.00	5.00	5.93	55.59	93016.14	1850	0	BartonZwiebach	
935	0:09:09	1/1/2019 	543881	408.00	9.00	12.25	55.59	93016.14	1849	0	BartonZwiebach	
936	0:09:10	1/1/2019 	544104	979.00	482.00	84.65	55.59	93016.83	1849	0	BartonZwiebach	
937	0:09:10	1/1/2019 	544283	214.00	7.00	9.59	55.59	93016.83	1851	0	BartonZwiebach	
938	0:09:10	1/1/2019 	544921	110.00	6.00	6.86	55.60	93018.74	49790	0	BartonZwiebach	
939	0:09:11	1/1/2019 	545209	291.00	9.00	10.97	55.60	93018.74	3833	0	BartonZwiebach	
940	0:09:12	1/1/2019 	546227	66.00	6.00	5.93	55.60	93019.95	49793	0	BartonZwiebach	
941	0:09:12	1/1/2019 	546971	180.00	6.00	8.80	55.60	93021.52	49791	0	BartonZwiebach	
942	0:09:13	1/1/2019 	547187	116.00	6.00	7.03	55.60	93021.52	1848	0	BartonZwiebach	
943	0:09:13	1/1/2019 	547681	264.00	7.00	10.50	55.60	93022.20	49790	0	BartonZwiebach	
944	0:09:15	1/1/2019 	549856	229.00	8.00	9.91	55.60	93026.17	97734	0	BartonZwiebach	
945	0:09:16	1/1/2019 	550076	86.00	6.00	6.25	55.60	93026.17	4768	0	BartonZwiebach	
946	0:09:16	1/1/2019 	550218	68.00	6.00	5.95	55.60	93026.17	1849	0	BartonZwiebach	
947	0:09:16	1/1/2019 	550298	975.00	108.00	31.58	55.60	93026.86	1848	0	BartonZwiebach	
948	0:09:16	1/1/2019 	550463	88.00	6.00	6.30	55.60	93026.86	1850	0	BartonZwiebach	
949	0:09:16	1/1/2019 	550582	134.00	6.00	7.55	55.60	93026.86	49789	0	BartonZwiebach	
950	0:09:16	1/1/2019 	550751	65.00	6.00	5.92	55.60	93027.55	1848	0	BartonZwiebach	
951	0:09:16	1/1/2019 	550875	124.00	6.00	7.26	55.60	93027.55	3854	0	BartonZwiebach	
952	0:09:18	1/1/2019 	552831	71.00	6.00	5.99	55.61	93030.45	97728	0	BartonZwiebach	
953	0:09:18	1/1/2019 	553010	165.00	6.00	8.42	55.61	93030.45	1849	0	BartonZwiebach	
954	0:09:20	1/1/2019 	554053	67.00	6.00	5.94	55.61	93031.83	49788	0	BartonZwiebach	
955	0:09:20	1/1/2019 	554551	64.00	6.00	5.91	55.61	93032.88	49793	0	BartonZwiebach	
956	0:09:20	1/1/2019 	554795	94.00	6.00	6.44	55.61	93033.56	1851	0	BartonZwiebach	
957	0:09:20	1/1/2019 	554869	987.00	536.00	92.06	55.61	93033.56	3854	0	BartonZwiebach	
958	0:09:21	1/1/2019 	555131	86.00	6.00	6.25	55.61	93034.09	1850	0	BartonZwiebach	
959	0:09:21	1/1/2019 	555237	428.00	9.00	12.40	55.61	93034.09	1849	0	BartonZwiebach	
960	0:09:21	1/1/2019 	555591	117.00	6.00	7.06	55.61	93034.61	49792	0	BartonZwiebach	
961	0:09:22	1/1/2019 	556738	164.00	6.00	8.39	55.61	93036.14	49788	0	BartonZwiebach	
962	0:09:22	1/1/2019 	557004	66.00	7.00	5.93	55.61	93036.14	1849	0	BartonZwiebach	
963	0:09:23	1/1/2019 	557469	568.00	14.00	14.24	55.61	93036.66	3855	0	BartonZwiebach	
964	0:09:24	1/1/2019 	558225	618.00	24.00	16.45	55.62	93038.05	49795	0	BartonZwiebach	
965	0:09:25	1/1/2019 	559431	569.00	23.00	15.01	55.62	93039.44	49792	0	BartonZwiebach	
966	0:09:25	1/1/2019 	559624	208.00	7.00	9.46	55.62	93039.95	49793	0	BartonZwiebach	
967	0:09:25	1/1/2019 	559746	164.00	7.00	8.40	55.62	93039.95	2800	0	BartonZwiebach	
968	0:09:26	1/1/2019 	560094	936.00	102.00	30.42	55.62	93040.30	1849	0	BartonZwiebach	
969	0:09:26	1/1/2019 	560298	74.00	6.00	6.03	55.62	93040.30	3996	0	BartonZwiebach	
970	0:09:28	1/1/2019 	562413	64.00	6.00	5.91	55.62	93043.19	97732	0	BartonZwiebach	
971	0:09:29	1/1/2019 	563761	108.00	6.00	6.80	55.63	93044.41	97732	0	BartonZwiebach	
972	0:09:29	1/1/2019 	563812	903.00	74.00	25.54	55.63	93044.41	1849	0	BartonZwiebach	
973	0:09:29	1/1/2019 	563936	260.00	7.00	10.44	55.63	93044.93	1850	0	BartonZwiebach	
974	0:09:31	1/1/2019 	565349	261.00	8.00	10.48	55.63	93046.64	49791	0	BartonZwiebach	
975	0:09:31	1/1/2019 	565769	65.00	6.00	5.92	55.63	93046.64	149151	0	BartonZwiebach	
976	0:09:31	1/1/2019 	565846	67.00	6.00	5.94	55.63	93047.33	1848	0	BartonZwiebach	
977	0:09:32	1/1/2019 	566071	389.00	15.00	12.38	55.63	93047.33	1848	0	BartonZwiebach	
978	0:09:32	1/1/2019 	566288	73.00	6.00	6.02	55.63	93047.84	1852	0	BartonZwiebach	
979	0:09:32	1/1/2019 	566367	515.00	11.00	13.24	55.63	93047.84	1849	0	BartonZwiebach	
980	0:09:32	1/1/2019 	566814	966.00	144.00	38.31	55.63	93048.72	49795	0	BartonZwiebach	
981	0:09:32	1/1/2019 	566863	143.00	6.00	7.81	55.63	93048.72	3834	0	BartonZwiebach	
982	0:09:33	1/1/2019 	567950	65.00	6.00	5.92	55.63	93049.75	49790	0	BartonZwiebach	
983	0:09:33	1/1/2019 	568014	568.00	14.00	14.24	55.63	93049.75	1849	0	BartonZwiebach	
984	0:09:34	1/1/2019 	568226	102.00	6.00	6.64	55.63	93050.28	1851	0	BartonZwiebach	
985	0:09:34	1/1/2019 	568424	65.00	6.00	5.92	55.63	93050.28	1850	0	BartonZwiebach	
986	0:09:34	1/1/2019 	568714	648.00	23.00	17.27	55.63	93051.11	49792	0	BartonZwiebach	
987	0:09:35	1/1/2019 	569453	74.00	6.00	6.03	55.63	93051.63	3835	0	BartonZwiebach	
988	0:09:35	1/1/2019 	569639	341.00	9.00	11.61	55.63	93051.63	49792	0	BartonZwiebach	
989	0:09:35	1/1/2019 	569659	644.00	21.00	16.89	55.63	93052.16	2799	0	BartonZwiebach	
990	0:09:36	1/1/2019 	571033	969.00	254.00	50.70	55.64	93053.69	49794	0	BartonZwiebach	
991	0:09:37	1/1/2019 	571092	369.00	13.00	12.09	55.64	93053.69	1852	0	BartonZwiebach	
992	0:09:37	1/1/2019 	571589	108.00	6.00	6.80	55.64	93054.20	49794	0	BartonZwiebach	
993	0:09:37	1/1/2019 	571642	72.00	6.00	6.00	55.64	93054.73	3971	0	BartonZwiebach	
994	0:09:38	1/1/2019 	572449	430.00	9.00	12.42	55.64	93055.42	1849	0	BartonZwiebach	
995	0:09:38	1/1/2019 	572572	723.00	34.00	20.36	55.64	93055.94	49794	0	BartonZwiebach	
996	0:09:38	1/1/2019 	572654	244.00	8.00	10.19	55.64	93055.94	1850	0	BartonZwiebach	
997	0:09:38	1/1/2019 	572848	65.00	6.00	5.92	55.64	93055.94	1847	0	BartonZwiebach	
998	0:09:39	1/1/2019 	573554	65.00	6.00	5.92	55.64	93057.33	49789	0	BartonZwiebach	
999	0:09:39	1/1/2019 	573801	66.00	6.00	5.93	55.64	93057.33	3833	0	BartonZwiebach	
1000	0:09:40	1/1/2019 	574225	274.00	9.00	10.71	55.64	93057.84	1848	0	BartonZwiebach	
1001	0:09:40	1/1/2019 	574401	71.00	6.00	5.99	55.64	93057.84	1851	0	BartonZwiebach	
1002	0:09:40	1/1/2019 	574557	84.00	6.00	6.21	55.64	93058.36	49793	0	BartonZwiebach	
1003	0:09:40	1/1/2019 	574612	111.00	6.00	6.89	55.64	93058.36	1848	0	BartonZwiebach	
1004	0:09:40	1/1/2019 	574627	66.00	7.00	5.93	55.64	93058.36	1848	0	BartonZwiebach	
1005	0:09:40	1/1/2019 	575002	65.00	6.00	5.92	55.64	93059.20	3833	0	BartonZwiebach	
1006	0:09:41	1/1/2019 	575085	111.00	6.00	6.89	55.64	93059.20	1848	0	BartonZwiebach	
1007	0:09:41	1/1/2019 	575398	339.00	12.00	11.70	55.64	93059.20	1850	0	BartonZwiebach	
1008	0:09:41	1/1/2019 	575849	402.00	16.00	12.56	55.64	93059.73	49795	0	BartonZwiebach	
1009	0:09:42	1/1/2019 	576375	78.00	5.00	6.09	55.64	93060.42	1849	0	BartonZwiebach	
1010	0:09:43	1/1/2019 	577825	687.00	30.00	19.22	55.64	93062.33	97738	0	BartonZwiebach	
1011	0:09:44	1/1/2019 	578498	210.00	7.00	9.51	55.64	93063.36	3835	0	BartonZwiebach	
1012	0:09:44	1/1/2019 	578943	240.00	8.00	10.11	55.64	93063.88	49792	0	BartonZwiebach	
1013	0:09:44	1/1/2019 	579004	63.00	5.00	5.90	55.64	93063.88	1849	0	BartonZwiebach	
1014	0:09:45	1/1/2019 	580012	241.00	8.00	10.13	55.65	93065.10	49793	0	BartonZwiebach	
1015	0:09:46	1/1/2019 	580428	80.00	6.00	6.13	55.65	93065.79	2800	0	BartonZwiebach	
1016	0:09:46	1/1/2019 	580686	261.00	8.00	10.48	55.65	93065.79	49794	0	BartonZwiebach	
1017	0:09:46	1/1/2019 	580726	975.00	126.00	35.08	55.65	93065.79	3971	0	BartonZwiebach	
1018	0:09:47	1/1/2019 	581562	366.00	14.00	12.10	55.65	93066.66	49798	0	BartonZwiebach	
1019	0:09:47	1/1/2019 	581575	770.00	38.00	21.18	55.65	93066.66	1851	0	BartonZwiebach	
1020	0:09:47	1/1/2019 	581670	69.00	5.00	5.96	55.65	93066.66	1851	0	BartonZwiebach	
1021	0:09:47	1/1/2019 	581809	205.00	7.00	9.40	55.65	93067.17	1849	0	BartonZwiebach	
1022	0:09:48	1/1/2019 	582086	68.00	6.00	5.95	55.65	93067.17	3832	0	BartonZwiebach	
1023	0:09:48	1/1/2019 	582207	946.00	89.00	28.00	55.65	93067.17	1849	0	BartonZwiebach	
1024	0:09:49	1/1/2019 	583200	272.00	8.00	10.65	55.65	93068.53	49798	0	BartonZwiebach	
1025	0:09:49	1/1/2019 	583603	84.00	6.00	6.21	55.65	93068.88	49794	0	BartonZwiebach	
1026	0:09:50	1/1/2019 	584097	197.00	6.00	9.21	55.65	93069.41	1848	0	BartonZwiebach	
1027	0:09:50	1/1/2019 	584786	65.00	6.00	5.92	55.65	93070.59	49793	0	BartonZwiebach	
1028	0:09:50	1/1/2019 	585037	146.00	7.00	7.90	55.65	93070.59	3832	0	BartonZwiebach	
1029	0:09:51	1/1/2019 	585225	65.00	6.00	5.92	55.65	93071.28	1848	0	BartonZwiebach	
1030	0:09:51	1/1/2019 	585286	73.00	6.00	6.02	55.65	93071.28	1849	0	BartonZwiebach	
1031	0:09:51	1/1/2019 	585292	68.00	6.00	5.95	55.65	93071.28	1848	0	BartonZwiebach	
1032	0:09:51	1/1/2019 	585761	789.00	41.00	21.57	55.65	93071.62	49795	0	BartonZwiebach	
1033	0:09:51	1/1/2019 	585849	184.00	7.00	8.91	55.65	93071.62	1857	0	BartonZwiebach	
1034	0:09:51	1/1/2019 	585872	204.00	7.00	9.38	55.65	93071.62	3839	0	BartonZwiebach	
1035	0:09:52	1/1/2019 	586095	65.00	6.00	5.92	55.65	93071.62	1856	0	BartonZwiebach	
1036	0:09:52	1/1/2019 	586613	93.00	6.00	6.41	55.65	93072.15	49798	0	BartonZwiebach	
1037	0:09:52	1/1/2019 	586671	497.00	12.00	13.16	55.65	93072.50	1848	0	BartonZwiebach	
1038	0:09:53	1/1/2019 	587464	274.00	9.00	10.71	55.65	93073.19	1849	0	BartonZwiebach	
1039	0:09:53	1/1/2019 	587554	66.00	6.00	5.93	55.65	93073.19	49795	0	BartonZwiebach	
1040	0:09:53	1/1/2019 	587575	815.00	43.00	21.83	55.65	93073.19	3832	0	BartonZwiebach	
1041	0:09:53	1/1/2019 	587964	72.00	6.00	6.00	55.65	93073.88	1850	0	BartonZwiebach	
1042	0:09:53	1/1/2019 	587999	65.00	6.00	5.92	55.65	93073.88	1848	0	BartonZwiebach	
1043	0:09:54	1/1/2019 	588348	71.00	6.00	5.99	55.65	93073.88	1850	0	BartonZwiebach	
1044	0:09:55	1/1/2019 	589219	374.00	14.00	12.18	55.65	93074.92	49798	0	BartonZwiebach	
1045	0:09:55	1/1/2019 	589566	981.00	281.00	54.16	55.65	93075.44	49799	0	BartonZwiebach	
1046	0:09:56	1/1/2019 	590238	180.00	7.00	8.81	55.65	93075.79	4976	0	BartonZwiebach	
1047	0:09:56	1/1/2019 	590641	86.00	5.00	6.25	55.65	93076.13	49796	0	BartonZwiebach	
1048	0:09:57	1/1/2019 	591308	66.00	6.00	5.93	55.65	93076.66	1849	0	BartonZwiebach	
1049	0:09:59	1/1/2019 	593581	967.00	146.00	38.64	55.66	93078.70	145683	0	BartonZwiebach	
1050	0:09:59	1/1/2019 	593650	929.00	64.00	24.20	55.66	93078.70	1852	0	BartonZwiebach	
1051	0:09:59	1/1/2019 	593721	64.00	6.00	5.91	55.66	93078.70	1848	0	BartonZwiebach	
1052	0:10:00	1/1/2019 	594327	66.00	7.00	5.93	55.66	93079.22	3832	0	BartonZwiebach	
1053	0:10:01	1/1/2019 	595286	976.00	191.00	44.54	55.66	93079.92	49795	0	BartonZwiebach	
1054	0:10:01	1/1/2019 	595391	80.00	6.00	6.13	55.66	93080.27	1850	0	BartonZwiebach	
1055	0:10:01	1/1/2019 	595755	81.00	6.00	6.15	55.66	93080.27	49792	0	BartonZwiebach	
1056	0:10:01	1/1/2019 	595967	69.00	6.00	5.96	55.66	93080.61	1847	0	BartonZwiebach	
1057	0:10:02	1/1/2019 	596488	983.00	565.00	97.33	55.66	93080.78	1848	0	BartonZwiebach	
1058	0:10:02	1/1/2019 	596854	66.00	6.00	5.93	55.66	93080.95	51792	0	BartonZwiebach	
1059	0:10:03	1/1/2019 	597756	708.00	34.00	20.12	55.66	93081.30	49793	0	BartonZwiebach	
1060	0:10:05	1/1/2019 	598390	67.00	6.00	5.94	55.66	93082.52	1851	0	BartonZwiebach	
1061	0:10:05	1/1/2019 	598598	68.00	6.00	5.95	55.66	93082.52	49794	0	BartonZwiebach	
1062	0:10:05	1/1/2019 	598772	516.00	12.00	13.34	55.66	93082.86	1848	0	BartonZwiebach	
1063	0:10:05	1/1/2019 	598938	98.00	6.00	6.54	55.66	93082.86	1849	0	BartonZwiebach	
1064	0:10:05	1/1/2019 	598993	913.00	106.00	31.18	55.66	93082.86	3832	0	BartonZwiebach	
1065	0:10:06	1/1/2019 	599432	639.00	22.00	16.88	55.66	93083.38	1853	0	BartonZwiebach	
1066	0:10:06	1/1/2019 	600197	962.00	135.00	36.75	55.66	93083.73	49801	0	BartonZwiebach	
1067	0:10:07	1/1/2019 	601051	147.00	7.00	7.93	55.66	93084.94	50749	0	BartonZwiebach	
1068	0:10:07	1/1/2019 	601070	65.00	6.00	5.92	55.66	93084.94	1849	0	BartonZwiebach	
1069	0:10:08	1/1/2019 	601413	192.00	7.00	9.10	55.66	93085.62	1851	0	BartonZwiebach	
1070	0:10:08	1/1/2019 	602035	112.00	7.00	6.92	55.66	93086.33	51921	0	BartonZwiebach	
1071	0:10:09	1/1/2019 	602574	894.00	54.00	23.05	55.66	93087.36	49792	0	BartonZwiebach	
1072	0:10:09	1/1/2019 	602898	87.00	6.00	6.28	55.66	93088.23	1851	0	BartonZwiebach	
1073	0:10:09	1/1/2019 	603205	84.00	6.00	6.21	55.66	93089.09	1847	0	BartonZwiebach	
1074	0:10:11	1/1/2019 	604859	65.00	6.00	5.92	55.66	93091.86	97732	0	BartonZwiebach	
1075	0:10:12	1/1/2019 	605846	200.00	7.00	9.29	55.66	93094.28	49791	0	BartonZwiebach	
1076	0:10:13	1/1/2019 	607200	76.00	6.00	6.06	55.66	93098.06	51777	0	BartonZwiebach	
1077	0:10:14	1/1/2019 	607812	62.00	6.00	5.90	55.66	93099.63	49791	0	BartonZwiebach	
1078	0:10:14	1/1/2019 	608308	66.00	6.00	5.93	55.66	93101.02	1849	0	BartonZwiebach	
1079	0:10:15	1/1/2019 	608461	66.00	6.00	5.93	55.66	93102.40	1847	0	BartonZwiebach	
1080	0:10:15	1/1/2019 	608482	663.00	28.00	18.32	55.66	93102.40	1849	0	BartonZwiebach	
1081	0:10:15	1/1/2019 	608654	77.00	6.00	6.08	55.66	93102.40	49794	0	BartonZwiebach	
1082	0:10:15	1/1/2019 	608982	64.00	6.00	5.91	55.66	93103.61	3832	0	BartonZwiebach	
1083	0:10:15	1/1/2019 	609179	136.00	7.00	7.61	55.66	93103.61	1847	0	BartonZwiebach	
1084	0:10:15	1/1/2019 	609186	105.00	6.00	6.72	55.66	93103.61	1848	0	BartonZwiebach	
1085	0:10:16	1/1/2019 	609770	96.00	6.00	6.49	55.67	93105.14	49791	0	BartonZwiebach	
1086	0:10:16	1/1/2019 	609917	130.00	6.00	7.43	55.67	93106.53	2799	0	BartonZwiebach	
1087	0:10:17	1/1/2019 	610414	73.00	6.00	6.02	55.67	93107.91	3973	0	BartonZwiebach	
1088	0:10:17	1/1/2019 	610828	385.00	15.00	12.34	55.67	93107.91	49792	0	BartonZwiebach	
1089	0:10:17	1/1/2019 	611021	133.00	7.00	7.52	55.67	93109.30	1851	0	BartonZwiebach	
1090	0:10:17	1/1/2019 	611168	315.00	11.00	11.36	55.67	93109.30	1849	0	BartonZwiebach	
1091	0:10:17	1/1/2019 	611283	276.00	9.00	10.74	55.67	93109.30	1851	0	BartonZwiebach	
1092	0:10:18	1/1/2019 	612112	116.00	7.00	7.03	55.67	93112.56	49791	0	BartonZwiebach	
1093	0:10:18	1/1/2019 	612355	66.00	6.00	5.93	55.67	93114.30	3835	0	BartonZwiebach	
1094	0:10:19	1/1/2019 	612705	196.00	7.00	9.20	55.67	93114.30	49791	0	BartonZwiebach	
1095	0:10:19	1/1/2019 	612952	80.00	6.00	6.13	55.67	93116.03	1849	0	BartonZwiebach	
1096	0:10:19	1/1/2019 	612989	66.00	6.00	5.93	55.67	93116.03	1848	0	BartonZwiebach	
1097	0:10:20	1/1/2019 	613425	65.00	6.00	5.92	55.67	93117.77	1847	0	BartonZwiebach	
1098	0:10:20	1/1/2019 	613949	172.00	7.00	8.61	55.67	93119.50	49791	0	BartonZwiebach	
1099	0:10:20	1/1/2019 	614273	786.00	40.00	21.46	55.67	93121.05	3835	0	BartonZwiebach	
1100	0:10:20	1/1/2019 	614319	74.00	6.00	6.03	55.67	93121.05	1850	0	BartonZwiebach	
1101	0:10:21	1/1/2019 	614575	69.00	6.00	5.96	55.67	93121.05	49791	0	BartonZwiebach	
1102	0:10:21	1/1/2019 	615252	928.00	71.00	25.12	55.67	93124.84	1849	0	BartonZwiebach	
1103	0:10:22	1/1/2019 	615447	64.00	6.00	5.91	55.67	93124.84	1849	0	BartonZwiebach	
1104	0:10:22	1/1/2019 	615914	276.00	8.00	10.71	55.68	93126.92	49791	0	BartonZwiebach	
1105	0:10:23	1/1/2019 	616638	64.00	6.00	5.91	55.68	93128.97	51778	0	BartonZwiebach	
1106	0:10:23	1/1/2019 	616907	78.00	7.00	6.10	55.68	93130.53	1849	0	BartonZwiebach	
1107	0:10:23	1/1/2019 	616935	69.00	6.00	5.96	55.68	93130.53	1849	0	BartonZwiebach	
1108	0:10:23	1/1/2019 	617087	64.00	6.00	5.91	55.68	93130.53	1848	0	BartonZwiebach	
1109	0:10:23	1/1/2019 	617272	395.00	15.00	12.44	55.68	93132.41	1848	0	BartonZwiebach	
1110	0:10:23	1/1/2019 	617356	63.00	6.00	5.91	55.68	93132.41	1850	0	BartonZwiebach	
1111	0:10:24	1/1/2019 	617624	404.00	10.00	12.28	55.68	93132.41	51775	0	BartonZwiebach	
1112	0:10:24	1/1/2019 	618290	258.00	7.00	10.40	55.68	93135.70	1851	0	BartonZwiebach	
1113	0:10:25	1/1/2019 	618773	66.00	6.00	5.93	55.69	93137.41	49793	0	BartonZwiebach	
1114	0:10:25	1/1/2019 	618832	744.00	34.00	20.57	55.69	93137.41	1849	0	BartonZwiebach	
1115	0:10:27	1/1/2019 	620693	908.00	58.00	23.49	55.69	93143.77	97741	0	BartonZwiebach	
1116	0:10:27	1/1/2019 	620837	358.00	13.00	11.97	55.69	93143.77	2801	0	BartonZwiebach	
1117	0:10:28	1/1/2019 	622303	205.00	8.00	9.41	55.70	93148.62	51973	0	BartonZwiebach	
1118	0:10:29	1/1/2019 	622974	66.00	7.00	5.93	55.70	93150.33	49794	0	BartonZwiebach	
1119	0:10:29	1/1/2019 	623138	70.00	6.00	5.97	55.70	93152.07	1850	0	BartonZwiebach	
1120	0:10:30	1/1/2019 	623637	253.00	7.00	10.32	55.71	93153.63	49790	0	BartonZwiebach	
1121	0:10:30	1/1/2019 	623720	100.00	6.00	6.59	55.71	93153.63	1850	0	BartonZwiebach	
1122	0:10:30	1/1/2019 	624087	129.00	6.00	7.40	55.71	93155.14	1848	0	BartonZwiebach	
1123	0:10:30	1/1/2019 	624156	415.00	17.00	12.72	55.71	93155.14	3834	0	BartonZwiebach	
1124	0:10:30	1/1/2019 	624213	710.00	31.00	19.80	55.71	93155.14	1851	0	BartonZwiebach	
1125	0:10:30	1/1/2019 	624309	94.00	6.00	6.44	55.71	93155.14	1851	0	BartonZwiebach	
1126	0:10:30	1/1/2019 	624381	172.00	7.00	8.61	55.71	93155.14	1848	0	BartonZwiebach	
1127	0:10:31	1/1/2019 	624480	227.00	8.00	9.87	55.71	93156.70	1850	0	BartonZwiebach	
1128	0:10:31	1/1/2019 	624866	98.00	6.00	6.54	55.71	93156.70	49790	0	BartonZwiebach	
1129	0:10:31	1/1/2019 	624917	68.00	7.00	5.95	55.71	93156.70	3833	0	BartonZwiebach	
1130	0:10:31	1/1/2019 	625290	70.00	6.00	5.97	55.71	93158.06	1848	0	BartonZwiebach	
1131	0:10:31	1/1/2019 	625296	356.00	13.00	11.94	55.71	93158.06	1849	0	BartonZwiebach	
1132	0:10:32	1/1/2019 	626013	68.00	6.00	5.95	55.72	93160.66	49794	0	BartonZwiebach	
1133	0:10:32	1/1/2019 	626315	76.00	7.00	6.06	55.72	93160.66	1850	0	BartonZwiebach	
1134	0:10:33	1/1/2019 	626577	80.00	6.00	6.13	55.72	93162.05	49792	0	BartonZwiebach	
1135	0:10:33	1/1/2019 	627377	202.00	7.00	9.33	55.72	93164.78	3834	0	BartonZwiebach	
1136	0:10:34	1/1/2019 	627456	65.00	6.00	5.92	55.72	93164.78	1849	0	BartonZwiebach	
1137	0:10:34	1/1/2019 	627733	72.00	7.00	6.00	55.72	93164.78	49791	0	BartonZwiebach	
1138	0:10:34	1/1/2019 	627828	78.00	6.00	6.10	55.72	93164.78	1849	0	BartonZwiebach	
1139	0:10:34	1/1/2019 	627833	984.00	537.00	92.19	55.72	93164.78	1849	0	BartonZwiebach	
1140	0:10:35	1/1/2019 	629306	63.00	6.00	5.91	55.73	93170.30	49804	0	BartonZwiebach	
1141	0:10:36	1/1/2019 	629754	75.00	6.00	6.05	55.73	93170.30	51720	0	BartonZwiebach	
1142	0:10:36	1/1/2019 	629791	62.00	5.00	5.90	55.74	93171.50	2604	0	BartonZwiebach	
1143	0:10:36	1/1/2019 	629815	62.00	7.00	5.90	55.74	93171.50	1849	0	BartonZwiebach	
1144	0:10:36	1/1/2019 	629943	413.00	10.00	12.35	55.74	93171.50	1848	0	BartonZwiebach	
1145	0:10:36	1/1/2019 	630115	70.00	6.00	5.97	55.74	93171.50	1850	0	BartonZwiebach	
1146	0:10:36	1/1/2019 	630345	184.00	7.00	8.91	55.74	93172.86	1848	0	BartonZwiebach	
1147	0:10:37	1/1/2019 	631107	389.00	9.00	12.09	55.74	93174.25	53163	0	BartonZwiebach	
1148	0:10:37	1/1/2019 	631215	94.00	7.00	6.44	55.74	93174.25	1850	0	BartonZwiebach	
1149	0:10:38	1/1/2019 	631676	986.00	697.00	125.96	55.74	93175.44	49791	0	BartonZwiebach	
1150	0:10:38	1/1/2019 	631875	67.00	6.00	5.94	55.75	93176.83	1851	0	BartonZwiebach	
1151	0:10:39	1/1/2019 	632576	64.00	6.00	5.91	55.75	93177.98	49791	0	BartonZwiebach	
1152	0:10:39	1/1/2019 	632792	66.00	7.00	5.93	55.75	93179.20	1848	0	BartonZwiebach	
1153	0:10:39	1/1/2019 	633267	143.00	7.00	7.81	55.75	93180.23	3834	0	BartonZwiebach	
1154	0:10:39	1/1/2019 	633387	982.00	364.00	68.39	55.75	93180.23	1848	0	BartonZwiebach	
1155	0:10:40	1/1/2019 	633675	65.00	6.00	5.92	55.75	93181.45	49801	0	BartonZwiebach	
1156	0:10:41	1/1/2019 	634770	293.00	8.00	10.96	55.76	93183.69	49791	0	BartonZwiebach	
1157	0:10:41	1/1/2019 	635056	77.00	6.00	6.08	55.76	93183.69	1848	0	BartonZwiebach	
1158	0:10:41	1/1/2019 	635107	837.00	97.00	29.17	55.76	93183.69	1849	0	BartonZwiebach	
1159	0:10:41	1/1/2019 	635155	64.00	6.00	5.91	55.76	93184.73	3833	0	BartonZwiebach	
1160	0:10:41	1/1/2019 	635262	969.00	158.00	40.51	55.76	93184.73	1848	0	BartonZwiebach	
1161	0:10:42	1/1/2019 	635624	97.00	7.00	6.51	55.76	93185.72	49799	0	BartonZwiebach	
1162	0:10:42	1/1/2019 	635735	936.00	69.00	24.85	55.76	93185.72	1850	0	BartonZwiebach	
1163	0:10:42	1/1/2019 	635992	338.00	9.00	11.57	55.76	93185.72	1849	0	BartonZwiebach	
1164	0:10:43	1/1/2019 	636954	957.00	165.00	41.49	55.77	93188.16	51778	0	BartonZwiebach	
1165	0:10:43	1/1/2019 	637138	976.00	236.00	48.80	55.77	93189.17	1852	0	BartonZwiebach	
1166	0:10:43	1/1/2019 	637369	67.00	6.00	5.94	55.77	93189.17	1851	0	BartonZwiebach	
1167	0:10:43	1/1/2019 	637380	71.00	7.00	5.99	55.77	93189.17	1848	0	BartonZwiebach	
1168	0:10:44	1/1/2019 	637423	186.00	7.00	8.96	55.77	93189.17	1848	0	BartonZwiebach	
1169	0:10:44	1/1/2019 	637648	948.00	78.00	26.16	55.77	93189.86	49793	0	BartonZwiebach	
1170	0:10:44	1/1/2019 	637935	93.00	7.00	6.42	55.77	93189.86	3834	0	BartonZwiebach	
1171	0:10:44	1/1/2019 	637979	86.00	6.00	6.25	55.77	93189.86	1848	0	BartonZwiebach	
1172	0:10:44	1/1/2019 	638220	938.00	78.00	26.16	55.77	93190.91	1849	0	BartonZwiebach	
1173	0:10:45	1/1/2019 	638800	73.00	6.00	6.02	55.77	93191.92	49795	0	BartonZwiebach	
1174	0:10:45	1/1/2019 	639372	156.00	7.00	8.18	55.78	93193.11	1850	0	BartonZwiebach	
1175	0:10:46	1/1/2019 	639978	72.00	6.00	6.00	55.78	93195.34	49791	0	BartonZwiebach	
1176	0:10:47	1/1/2019 	640893	64.00	6.00	5.91	55.78	93196.38	52678	0	BartonZwiebach	
1177	0:10:48	1/1/2019 	641601	459.00	11.00	12.77	55.79	93198.44	49789	0	BartonZwiebach	
1178	0:10:49	1/1/2019 	642431	65.00	5.00	5.92	55.79	93200.67	1851	0	BartonZwiebach	
1179	0:10:49	1/1/2019 	642899	212.00	8.00	9.56	55.79	93201.37	49792	0	BartonZwiebach	
1180	0:10:50	1/1/2019 	643560	68.00	7.00	5.95	55.80	93202.20	49790	0	BartonZwiebach	
1181	0:10:51	1/1/2019 	644868	586.00	17.00	14.90	55.80	93205.31	49793	0	BartonZwiebach	
1182	0:10:51	1/1/2019 	645122	78.00	7.00	6.10	55.80	93205.31	3836	0	BartonZwiebach	
1183	0:10:51	1/1/2019 	645259	340.00	8.00	11.55	55.80	93205.31	1849	0	BartonZwiebach	
1184	0:10:52	1/1/2019 	646180	90.00	7.00	6.34	55.81	93207.17	49791	0	BartonZwiebach	
1185	0:10:53	1/1/2019 	646819	67.00	7.00	5.94	55.81	93208.73	49793	0	BartonZwiebach	
1186	0:10:53	1/1/2019 	647178	235.00	8.00	10.02	55.81	93208.73	1850	0	BartonZwiebach	
1187	0:10:53	1/1/2019 	647212	122.00	7.00	7.20	55.81	93208.73	1847	0	BartonZwiebach	
1188	0:10:54	1/1/2019 	647406	84.00	6.00	6.21	55.81	93209.78	3888	0	BartonZwiebach	
1189	0:10:54	1/1/2019 	647659	589.00	17.00	14.97	55.81	93209.78	49792	0	BartonZwiebach	
1190	0:10:54	1/1/2019 	647868	72.00	7.00	6.00	55.81	93210.30	1850	0	BartonZwiebach	
1191	0:10:55	1/1/2019 	649219	83.00	7.00	6.19	55.82	93213.38	49795	0	BartonZwiebach	
1192	0:10:56	1/1/2019 	649496	104.00	6.00	6.70	55.82	93213.38	1857	0	BartonZwiebach	
1193	0:10:56	1/1/2019 	649910	67.00	6.00	5.94	55.82	93213.89	49799	0	BartonZwiebach	
1194	0:10:56	1/1/2019 	649942	70.00	6.00	5.97	55.82	93213.89	4736	0	BartonZwiebach	
1195	0:10:56	1/1/2019 	649961	66.00	6.00	5.93	55.82	93213.89	1848	0	BartonZwiebach	
1196	0:10:57	1/1/2019 	650433	104.00	6.00	6.70	55.82	93214.91	1848	0	BartonZwiebach	
1197	0:10:57	1/1/2019 	650766	78.00	6.00	6.10	55.83	93215.95	49794	0	BartonZwiebach	
1198	0:10:57	1/1/2019 	650814	560.00	15.00	14.20	55.83	93215.95	1848	0	BartonZwiebach	
1199	0:10:57	1/1/2019 	650917	945.00	87.00	27.64	55.83	93215.95	1851	0	BartonZwiebach	
1200	0:10:58	1/1/2019 	651554	72.00	6.00	6.00	55.83	93216.80	51780	0	BartonZwiebach	
1201	0:10:58	1/1/2019 	651634	278.00	9.00	10.77	55.83	93217.31	1849	0	BartonZwiebach	
1202	0:10:59	1/1/2019 	652391	72.00	6.00	6.00	55.83	93218.19	1849	0	BartonZwiebach	
1203	0:10:59	1/1/2019 	652674	988.00	667.00	119.99	55.83	93219.05	49794	0	BartonZwiebach	
1204	0:10:59	1/1/2019 	652706	163.00	7.00	8.37	55.83	93219.05	1850	0	BartonZwiebach	
1205	0:10:59	1/1/2019 	652980	67.00	6.00	5.94	55.83	93219.05	1849	0	BartonZwiebach	
1206	0:10:59	1/1/2019 	653095	131.00	6.00	7.46	55.83	93219.75	3833	0	BartonZwiebach	
1207	0:11:00	1/1/2019 	653442	981.00	281.00	54.16	55.83	93219.75	1848	0	BartonZwiebach	
1208	0:11:00	1/1/2019 	654140	313.00	10.00	11.30	55.84	93221.43	49803	0	BartonZwiebach	
1209	0:11:01	1/1/2019 	655105	70.00	7.00	5.98	55.84	93222.83	49794	0	BartonZwiebach	
1210	0:11:02	1/1/2019 	656364	73.00	7.00	6.02	55.84	93224.19	49793	0	BartonZwiebach	
1211	0:11:03	1/1/2019 	656399	67.00	7.00	5.94	55.84	93224.19	1850	0	BartonZwiebach	
1212	0:11:03	1/1/2019 	657090	65.00	7.00	5.92	55.85	93225.57	51778	0	BartonZwiebach	
1213	0:11:03	1/1/2019 	657110	311.00	10.00	11.27	55.85	93225.57	1849	0	BartonZwiebach	
1214	0:11:03	1/1/2019 	657160	68.00	7.00	5.95	55.85	93225.57	1849	0	BartonZwiebach	
1215	0:11:03	1/1/2019 	657350	732.00	33.00	20.34	55.85	93225.57	1850	0	BartonZwiebach	
1216	0:11:04	1/1/2019 	657758	296.00	8.00	11.00	55.85	93226.44	49796	0	BartonZwiebach	
1217	0:11:04	1/1/2019 	658214	370.00	15.00	12.18	55.85	93226.79	1849	0	BartonZwiebach	
1218	0:11:06	1/1/2019 	659677	221.00	8.00	9.75	55.85	93229.00	99725	0	BartonZwiebach	
1219	0:11:06	1/1/2019 	659930	70.00	6.00	5.97	55.85	93229.66	2603	0	BartonZwiebach	
1220	0:11:06	1/1/2019 	660081	118.00	7.00	7.09	55.85	93229.66	1848	0	BartonZwiebach	
1221	0:11:06	1/1/2019 	660277	166.00	7.00	8.45	55.85	93229.66	1849	0	BartonZwiebach	
1222	0:11:07	1/1/2019 	660834	155.00	7.00	8.15	55.86	93231.05	49793	0	BartonZwiebach	
1223	0:11:08	1/1/2019 	661447	73.00	6.00	6.02	55.86	93231.41	1850	0	BartonZwiebach	
1224	0:11:08	1/1/2019 	661944	66.00	7.00	5.93	55.86	93232.27	51915	0	BartonZwiebach	
1225	0:11:08	1/1/2019 	662012	971.00	103.00	30.61	55.86	93232.27	1849	0	BartonZwiebach	
1226	0:11:08	1/1/2019 	662040	65.00	6.00	5.92	55.86	93232.27	1850	0	BartonZwiebach	
1227	0:11:09	1/1/2019 	663063	254.00	8.00	10.36	55.86	93233.63	49791	0	BartonZwiebach	
1228	0:11:09	1/1/2019 	663084	167.00	7.00	8.48	55.86	93233.63	1848	0	BartonZwiebach	
1229	0:11:09	1/1/2019 	663318	520.00	12.00	13.38	55.86	93233.98	3834	0	BartonZwiebach	
1230	0:11:09	1/1/2019 	663337	74.00	7.00	6.03	55.86	93233.98	1849	0	BartonZwiebach	
1231	0:11:11	1/1/2019 	664587	106.00	7.00	6.75	55.86	93235.17	97735	0	BartonZwiebach	
1232	0:11:12	1/1/2019 	666382	275.00	9.00	10.73	55.87	93237.92	49794	0	BartonZwiebach	
1233	0:11:13	1/1/2019 	666494	72.00	7.00	6.00	55.87	93237.92	1851	0	BartonZwiebach	
1234	0:11:13	1/1/2019 	666828	63.00	7.00	5.91	55.87	93238.62	49793	0	BartonZwiebach	
1235	0:11:13	1/1/2019 	667038	65.00	6.00	5.92	55.87	93238.62	3834	0	BartonZwiebach	
1236	0:11:15	1/1/2019 	668701	467.00	11.00	12.83	55.87	93241.22	97733	0	BartonZwiebach	
1237	0:11:15	1/1/2019 	668920	615.00	19.00	15.83	55.87	93241.22	1852	0	BartonZwiebach	
1238	0:11:16	1/1/2019 	669394	365.00	14.00	12.08	55.88	93242.23	1849	0	BartonZwiebach	
1239	0:11:16	1/1/2019 	669495	63.00	7.00	5.91	55.88	93242.23	1851	0	BartonZwiebach	
1240	0:11:16	1/1/2019 	669584	65.00	6.00	5.92	55.88	93242.58	49793	0	BartonZwiebach	
1241	0:11:16	1/1/2019 	670372	529.00	22.00	14.18	55.88	93243.59	4734	0	BartonZwiebach	
1242	0:11:17	1/1/2019 	670480	205.00	8.00	9.41	55.88	93243.59	1851	0	BartonZwiebach	
1243	0:11:17	1/1/2019 	671008	780.00	40.00	21.44	55.88	93244.64	49791	0	BartonZwiebach	
1244	0:11:17	1/1/2019 	671373	70.00	7.00	5.98	55.88	93244.64	1849	0	BartonZwiebach	
1245	0:11:18	1/1/2019 	672299	100.00	7.00	6.59	55.88	93246.17	49790	0	BartonZwiebach	
1246	0:11:18	1/1/2019 	672364	238.00	8.00	10.08	55.88	93246.17	1850	0	BartonZwiebach	
1247	0:11:19	1/1/2019 	672405	67.00	6.00	5.94	55.88	93246.17	3832	0	BartonZwiebach	
1248	0:11:19	1/1/2019 	672653	68.00	6.00	5.95	55.88	93247.04	49792	0	BartonZwiebach	
1249	0:11:20	1/1/2019 	673856	345.00	13.00	11.81	55.88	93247.73	49790	0	BartonZwiebach	
1250	0:11:20	1/1/2019 	673889	525.00	21.00	14.07	55.88	93247.73	1851	0	BartonZwiebach	
1251	0:11:20	1/1/2019 	673902	78.00	6.00	6.10	55.88	93247.73	1850	0	BartonZwiebach	
1252	0:11:22	1/1/2019 	675595	825.00	44.00	21.95	55.89	93250.14	97731	0	BartonZwiebach	
1253	0:11:22	1/1/2019 	676114	642.00	22.00	16.97	55.89	93250.48	3837	0	BartonZwiebach	
1254	0:11:22	1/1/2019 	676305	74.00	7.00	6.03	55.89	93250.48	1850	0	BartonZwiebach	
1255	0:11:22	1/1/2019 	676316	68.00	6.00	5.95	55.89	93250.48	1849	0	BartonZwiebach	
1256	0:11:22	1/1/2019 	676341	106.00	7.00	6.75	55.89	93251.19	1847	0	BartonZwiebach	
1257	0:11:23	1/1/2019 	677189	87.00	6.00	6.28	55.89	93251.53	49792	0	BartonZwiebach	
1258	0:11:24	1/1/2019 	677850	386.00	15.00	12.35	55.89	93252.55	49792	0	BartonZwiebach	
1259	0:11:25	1/1/2019 	678832	266.00	9.00	10.58	55.90	93253.91	51836	0	BartonZwiebach	
1260	0:11:25	1/1/2019 	678872	62.00	7.00	5.90	55.90	93253.91	1850	0	BartonZwiebach	
1261	0:11:25	1/1/2019 	678980	98.00	7.00	6.54	55.90	93253.91	1849	0	BartonZwiebach	
1262	0:11:26	1/1/2019 	679705	67.00	7.00	5.94	55.90	93254.25	49792	0	BartonZwiebach	
1263	0:11:26	1/1/2019 	679869	68.00	7.00	5.95	55.90	93254.77	2605	0	BartonZwiebach	
1264	0:11:27	1/1/2019 	680835	75.00	7.00	6.05	55.90	93255.99	49793	0	BartonZwiebach	
1265	0:11:27	1/1/2019 	681114	65.00	6.00	5.92	55.90	93255.99	3974	0	BartonZwiebach	
1266	0:11:27	1/1/2019 	681196	156.00	7.00	8.18	55.90	93256.34	1849	0	BartonZwiebach	
1267	0:11:28	1/1/2019 	681752	118.00	7.00	7.09	55.90	93256.69	49792	0	BartonZwiebach	
1268	0:11:29	1/1/2019 	682831	78.00	7.00	6.10	55.90	93257.73	49791	0	BartonZwiebach	
1269	0:11:29	1/1/2019 	682974	64.00	6.00	5.91	55.90	93257.73	1851	0	BartonZwiebach	
1270	0:11:29	1/1/2019 	683239	168.00	7.00	8.50	55.90	93258.07	1847	0	BartonZwiebach	
1271	0:11:29	1/1/2019 	683326	937.00	95.00	29.09	55.90	93258.07	3835	0	BartonZwiebach	
1272	0:11:30	1/1/2019 	684235	106.00	7.00	6.75	55.90	93258.59	49794	0	BartonZwiebach	
1273	0:11:31	1/1/2019 	684491	147.00	7.00	7.93	55.90	93258.59	1851	0	BartonZwiebach	
1274	0:11:31	1/1/2019 	684637	251.00	9.00	10.33	55.90	93259.09	49792	0	BartonZwiebach	
1275	0:11:31	1/1/2019 	684764	70.00	7.00	5.98	55.90	93259.09	1849	0	BartonZwiebach	
1276	0:11:31	1/1/2019 	684864	64.00	7.00	5.91	55.90	93259.09	1850	0	BartonZwiebach	
1277	0:11:31	1/1/2019 	684946	108.00	7.00	6.81	55.90	93259.09	3833	0	BartonZwiebach	
1278	0:11:32	1/1/2019 	685819	85.00	7.00	6.23	55.90	93259.78	49790	0	BartonZwiebach	
1279	0:11:32	1/1/2019 	685868	151.00	7.00	8.04	55.90	93259.78	1851	0	BartonZwiebach	
1280	0:11:32	1/1/2019 	685980	792.00	65.00	24.06	55.90	93259.78	1850	0	BartonZwiebach	
1281	0:11:32	1/1/2019 	686040	66.00	7.00	5.93	55.90	93259.95	1851	0	BartonZwiebach	
1282	0:11:33	1/1/2019 	686655	64.00	7.00	5.91	55.90	93260.30	49792	0	BartonZwiebach	
1283	0:11:33	1/1/2019 	687026	168.00	8.00	8.51	55.91	93261.00	3834	0	BartonZwiebach	
1284	0:11:33	1/1/2019 	687141	64.00	6.00	5.91	55.91	93261.00	1847	0	BartonZwiebach	
1285	0:11:34	1/1/2019 	687471	64.00	7.00	5.91	55.91	93261.00	1847	0	BartonZwiebach	
1286	0:11:34	1/1/2019 	687995	64.00	7.00	5.91	55.91	93261.86	49789	0	BartonZwiebach	
1287	0:11:34	1/1/2019 	688107	301.00	11.00	11.17	55.91	93261.86	1848	0	BartonZwiebach	
1288	0:11:34	1/1/2019 	688233	632.00	20.00	16.42	55.91	93261.86	1849	0	BartonZwiebach	
1289	0:11:34	1/1/2019 	688237	116.00	7.00	7.03	55.91	93261.86	3833	0	BartonZwiebach	
1290	0:11:34	1/1/2019 	688342	68.00	7.00	5.95	55.91	93261.86	1848	0	BartonZwiebach	
1291	0:11:34	1/1/2019 	688377	795.00	42.00	21.69	55.91	93261.86	1848	0	BartonZwiebach	
1292	0:11:36	1/1/2019 	689445	99.00	7.00	6.57	55.91	93263.41	49794	0	BartonZwiebach	
1293	0:11:36	1/1/2019 	689481	144.00	7.00	7.84	55.91	93263.41	1850	0	BartonZwiebach	
1294	0:11:36	1/1/2019 	689829	167.00	8.00	8.48	55.91	93263.41	49792	0	BartonZwiebach	
1295	0:11:36	1/1/2019 	690153	67.00	6.00	5.94	55.91	93263.92	4753	0	BartonZwiebach	
1296	0:11:36	1/1/2019 	690155	74.00	6.00	6.03	55.91	93263.92	1847	0	BartonZwiebach	
1297	0:11:36	1/1/2019 	690199	213.00	8.00	9.58	55.91	93263.92	1847	0	BartonZwiebach	
1298	0:11:37	1/1/2019 	690405	64.00	7.00	5.91	55.91	93264.27	1847	0	BartonZwiebach	
1299	0:11:37	1/1/2019 	690490	121.00	7.00	7.18	55.91	93264.27	1849	0	BartonZwiebach	
1300	0:11:37	1/1/2019 	690605	88.00	8.00	6.30	55.91	93264.27	49793	0	BartonZwiebach	
1301	0:11:37	1/1/2019 	690890	113.00	7.00	6.95	55.91	93264.78	3832	0	BartonZwiebach	
1302	0:11:37	1/1/2019 	691205	77.00	7.00	6.08	55.91	93264.78	1850	0	BartonZwiebach	
1303	0:11:37	1/1/2019 	691247	96.00	7.00	6.49	55.91	93264.78	1850	0	BartonZwiebach	
1304	0:11:38	1/1/2019 	691598	70.00	7.00	5.98	55.91	93265.45	49792	0	BartonZwiebach	
1305	0:11:39	1/1/2019 	692439	75.00	6.00	6.05	55.91	93266.32	1849	0	BartonZwiebach	
1306	0:11:39	1/1/2019 	693071	410.00	17.00	12.68	55.91	93266.84	49792	0	BartonZwiebach	
1307	0:11:39	1/1/2019 	693336	915.00	57.00	23.38	55.91	93267.19	3836	0	BartonZwiebach	
1308	0:11:41	1/1/2019 	694825	65.00	7.00	5.92	55.91	93268.57	97739	0	BartonZwiebach	
1309	0:11:41	1/1/2019 	694925	908.00	56.00	23.27	55.91	93268.57	1850	0	BartonZwiebach	
1310	0:11:41	1/1/2019 	695146	69.00	7.00	5.96	55.91	93268.57	1850	0	BartonZwiebach	
1311	0:11:41	1/1/2019 	695230	66.00	7.00	5.93	55.91	93268.57	1848	0	BartonZwiebach	
1312	0:11:41	1/1/2019 	695294	94.00	7.00	6.44	55.91	93269.61	1849	0	BartonZwiebach	
1313	0:11:42	1/1/2019 	695704	170.00	8.00	8.56	55.91	93269.61	51775	0	BartonZwiebach	
1314	0:11:42	1/1/2019 	695845	92.00	6.00	6.39	55.91	93269.96	1848	0	BartonZwiebach	
1315	0:11:42	1/1/2019 	696087	70.00	7.00	5.98	55.91	93269.96	1848	0	BartonZwiebach	
1316	0:11:43	1/1/2019 	696851	67.00	7.00	5.94	55.92	93270.98	49792	0	BartonZwiebach	
1317	0:11:43	1/1/2019 	696997	71.00	6.00	5.99	55.92	93270.98	1849	0	BartonZwiebach	
1318	0:11:43	1/1/2019 	697105	942.00	72.00	25.26	55.92	93270.98	1848	0	BartonZwiebach	
1319	0:11:43	1/1/2019 	697146	72.00	7.00	6.00	55.92	93270.98	3835	0	BartonZwiebach	
1320	0:11:44	1/1/2019 	697869	126.00	7.00	7.32	55.92	93271.84	49790	0	BartonZwiebach	
1321	0:11:44	1/1/2019 	698212	397.00	16.00	12.51	55.92	93272.19	1850	0	BartonZwiebach	
1322	0:11:45	1/1/2019 	698555	72.00	6.00	6.00	55.92	93272.19	49792	0	BartonZwiebach	
1323	0:11:46	1/1/2019 	699433	128.00	7.00	7.38	55.92	93272.88	1849	0	BartonZwiebach	
1324	0:11:46	1/1/2019 	699733	66.00	7.00	5.93	55.92	93273.40	51779	0	BartonZwiebach	
1325	0:11:46	1/1/2019 	699810	109.00	7.00	6.83	55.92	93273.40	2603	0	BartonZwiebach	
1326	0:11:46	1/1/2019 	700067	65.00	7.00	5.92	55.92	93273.40	1848	0	BartonZwiebach	
1327	0:11:46	1/1/2019 	700358	596.00	18.00	15.24	55.92	93273.58	1849	0	BartonZwiebach	
1328	0:11:47	1/1/2019 	700584	68.00	7.00	5.95	55.92	93274.09	49794	0	BartonZwiebach	
1329	0:11:47	1/1/2019 	700816	65.00	7.00	5.92	55.92	93274.09	1851	0	BartonZwiebach	
1330	0:11:47	1/1/2019 	701273	67.00	7.00	5.94	55.92	93274.45	4027	0	BartonZwiebach	
1331	0:11:48	1/1/2019 	701635	108.00	7.00	6.81	55.92	93274.79	49792	0	BartonZwiebach	
1332	0:11:48	1/1/2019 	702020	64.00	7.00	5.91	55.92	93274.79	1849	0	BartonZwiebach	
1333	0:11:49	1/1/2019 	703288	438.00	10.00	12.55	55.92	93275.83	49791	0	BartonZwiebach	
1334	0:11:49	1/1/2019 	703336	65.00	7.00	5.92	55.92	93275.83	1851	0	BartonZwiebach	
1335	0:11:50	1/1/2019 	703584	113.00	7.00	6.95	55.92	93276.00	49792	0	BartonZwiebach	
1336	0:11:50	1/1/2019 	703720	72.00	7.00	6.00	55.92	93276.00	3835	0	BartonZwiebach	
1337	0:11:50	1/1/2019 	704031	74.00	7.00	6.03	55.92	93276.35	1850	0	BartonZwiebach	
1338	0:11:50	1/1/2019 	704097	66.00	6.00	5.93	55.92	93276.35	1849	0	BartonZwiebach	
1339	0:11:51	1/1/2019 	704867	149.00	7.00	7.98	55.92	93276.69	49791	0	BartonZwiebach	
1340	0:11:51	1/1/2019 	705299	64.00	7.00	5.91	55.92	93277.56	1849	0	BartonZwiebach	
1341	0:11:52	1/1/2019 	705498	87.00	7.00	6.28	55.92	93277.91	1848	0	BartonZwiebach	
1342	0:11:52	1/1/2019 	705602	72.00	7.00	6.00	55.92	93277.91	51777	0	BartonZwiebach	
1343	0:11:52	1/1/2019 	705847	144.00	7.00	7.84	55.92	93277.91	1849	0	BartonZwiebach	
1344	0:11:52	1/1/2019 	705865	364.00	11.00	11.95	55.92	93277.91	1850	0	BartonZwiebach	
1345	0:11:52	1/1/2019 	706076	92.00	7.00	6.39	55.92	93278.26	1849	0	BartonZwiebach	
1346	0:11:53	1/1/2019 	706830	665.00	30.00	18.60	55.92	93278.43	49794	0	BartonZwiebach	
1347	0:11:53	1/1/2019 	706916	68.00	7.00	5.95	55.92	93278.78	1851	0	BartonZwiebach	
1348	0:11:53	1/1/2019 	707024	233.00	9.00	10.00	55.92	93278.78	3834	0	BartonZwiebach	
1349	0:11:54	1/1/2019 	707721	80.00	7.00	6.13	55.92	93279.30	49792	0	BartonZwiebach	
1350	0:11:54	1/1/2019 	708074	69.00	7.00	5.96	55.92	93279.47	1849	0	BartonZwiebach	
1351	0:11:55	1/1/2019 	708942	67.00	7.00	5.94	55.92	93279.98	49792	0	BartonZwiebach	
1352	0:11:55	1/1/2019 	709041	64.00	6.00	5.91	55.92	93279.98	1851	0	BartonZwiebach	
1353	0:11:55	1/1/2019 	709117	63.00	6.00	5.91	55.92	93279.98	1847	0	BartonZwiebach	
1354	0:11:55	1/1/2019 	709166	377.00	9.00	11.98	55.92	93279.98	3833	0	BartonZwiebach	
1355	0:11:55	1/1/2019 	709230	67.00	7.00	5.94	55.92	93279.98	1849	0	BartonZwiebach	
1356	0:11:56	1/1/2019 	710129	311.00	8.00	11.20	55.92	93280.80	49793	0	BartonZwiebach	
1357	0:11:57	1/1/2019 	710944	66.00	7.00	5.93	55.92	93281.16	50744	0	BartonZwiebach	
1358	0:11:57	1/1/2019 	711367	64.00	7.00	5.91	55.92	93281.50	1850	0	BartonZwiebach	
1359	0:11:58	1/1/2019 	711864	205.00	8.00	9.41	55.92	93281.84	49791	0	BartonZwiebach	
1360	0:11:58	1/1/2019 	712062	65.00	7.00	5.92	55.92	93281.84	3971	0	BartonZwiebach	
1361	0:11:58	1/1/2019 	712205	72.00	7.00	6.00	55.92	93281.84	1849	0	BartonZwiebach	
1362	0:11:58	1/1/2019 	712316	292.00	9.00	10.98	55.92	93282.02	1849	0	BartonZwiebach	
1363	0:11:59	1/1/2019 	712429	248.00	9.00	10.28	55.92	93282.02	1850	0	BartonZwiebach	
1364	0:11:59	1/1/2019 	712565	64.00	8.00	5.92	55.92	93282.02	49795	0	BartonZwiebach	
1365	0:11:59	1/1/2019 	712713	983.00	509.00	88.04	55.92	93282.19	1846	0	BartonZwiebach	
1366	0:11:59	1/1/2019 	712973	170.00	8.00	8.56	55.92	93282.19	3834	0	BartonZwiebach	
1367	0:11:59	1/1/2019 	713178	79.00	7.00	6.12	55.92	93282.19	1846	0	BartonZwiebach	
1368	0:11:59	1/1/2019 	713343	388.00	16.00	12.41	55.92	93282.53	1849	0	BartonZwiebach	
1369	0:11:59	1/1/2019 	713352	66.00	7.00	5.93	55.92	93282.53	1849	0	BartonZwiebach	
1370	0:12:00	1/1/2019 	713563	64.00	7.00	5.91	55.92	93282.53	49793	0	BartonZwiebach	
1371	0:12:00	1/1/2019 	713868	353.00	13.00	11.91	55.92	93282.70	1850	0	BartonZwiebach	
1372	0:12:00	1/1/2019 	714122	64.00	7.00	5.91	55.92	93282.70	3889	0	BartonZwiebach	
1373	0:12:00	1/1/2019 	714172	70.00	7.00	5.98	55.92	93283.05	1847	0	BartonZwiebach	
1374	0:12:00	1/1/2019 	714199	202.00	5.00	9.31	55.92	93283.05	1849	0	BartonZwiebach	
1375	0:12:00	1/1/2019 	714369	79.00	6.00	6.11	55.92	93283.05	1850	0	BartonZwiebach	
1376	0:12:01	1/1/2019 	714405	64.00	7.00	5.91	55.92	93283.05	1848	0	BartonZwiebach	
1377	0:12:01	1/1/2019 	714492	72.00	7.00	6.00	55.92	93283.05	1849	0	BartonZwiebach	
1378	0:12:01	1/1/2019 	715060	105.00	7.00	6.72	55.92	93283.23	51777	0	BartonZwiebach	
1379	0:12:02	1/1/2019 	715474	63.00	7.00	5.91	55.92	93283.75	1849	0	BartonZwiebach	
1380	0:12:02	1/1/2019 	715640	72.00	7.00	6.00	55.92	93284.09	49793	0	BartonZwiebach	
1381	0:12:03	1/1/2019 	716415	132.00	7.00	7.49	55.92	93284.44	1849	0	BartonZwiebach	
1382	0:12:03	1/1/2019 	717276	222.00	8.00	9.77	55.92	93285.14	49794	0	BartonZwiebach	
1383	0:12:03	1/1/2019 	717309	68.00	7.00	5.95	55.92	93285.14	1847	0	BartonZwiebach	
1384	0:12:04	1/1/2019 	717555	64.00	5.00	5.91	55.92	93285.48	51776	0	BartonZwiebach	
1385	0:12:04	1/1/2019 	717673	121.00	8.00	7.18	55.92	93285.48	1849	0	BartonZwiebach	
1386	0:12:04	1/1/2019 	718067	74.00	7.00	6.03	55.92	93285.83	1846	0	BartonZwiebach	
1387	0:12:06	1/1/2019 	719675	66.00	11.00	5.94	55.92	93286.69	97737	0	BartonZwiebach	
1388	0:12:06	1/1/2019 	719742	395.00	16.00	12.48	55.92	93286.69	2801	0	BartonZwiebach	
1389	0:12:06	1/1/2019 	719913	78.00	7.00	6.10	55.92	93286.69	1849	0	BartonZwiebach	
1390	0:12:07	1/1/2019 	720497	68.00	7.00	5.95	55.92	93287.21	3973	0	BartonZwiebach	
1391	0:12:07	1/1/2019 	721239	253.00	9.00	10.37	55.92	93287.56	49795	0	BartonZwiebach	
1392	0:12:08	1/1/2019 	721623	130.00	7.00	7.44	55.92	93287.73	49795	0	BartonZwiebach	
1393	0:12:08	1/1/2019 	721686	65.00	7.00	5.92	55.92	93287.73	1850	0	BartonZwiebach	
1394	0:12:08	1/1/2019 	721778	290.00	10.00	10.98	55.92	93287.73	1850	0	BartonZwiebach	
1395	0:12:08	1/1/2019 	721853	96.00	8.00	6.49	55.92	93287.73	1850	0	BartonZwiebach	
1396	0:12:08	1/1/2019 	722382	155.00	8.00	8.16	55.92	93287.91	3831	0	BartonZwiebach	
1397	0:12:09	1/1/2019 	722570	158.00	7.00	8.23	55.92	93288.25	49791	0	BartonZwiebach	
1398	0:12:09	1/1/2019 	722605	358.00	14.00	12.00	55.92	93288.25	1850	0	BartonZwiebach	
1399	0:12:09	1/1/2019 	722855	189.00	8.00	9.04	55.92	93288.25	1850	0	BartonZwiebach	
1400	0:12:09	1/1/2019 	723160	63.00	7.00	5.91	55.92	93288.42	1847	0	BartonZwiebach	
1401	0:12:10	1/1/2019 	723408	447.00	20.00	13.15	55.92	93288.77	1849	0	BartonZwiebach	
1402	0:12:10	1/1/2019 	723703	71.00	7.00	5.99	55.92	93288.77	51781	0	BartonZwiebach	
1403	0:12:10	1/1/2019 	723830	70.00	7.00	5.98	55.92	93288.77	1848	0	BartonZwiebach	
1404	0:12:11	1/1/2019 	724603	64.00	7.00	5.91	55.92	93289.46	49793	0	BartonZwiebach	
1405	0:12:11	1/1/2019 	724739	115.00	7.00	7.00	55.92	93289.46	1849	0	BartonZwiebach	
1406	0:12:11	1/1/2019 	724926	138.00	8.00	7.67	55.92	93289.81	1849	0	BartonZwiebach	
1407	0:12:11	1/1/2019 	725190	67.00	7.00	5.94	55.92	93289.81	1846	0	BartonZwiebach	
1408	0:12:11	1/1/2019 	725250	132.00	7.00	7.49	55.92	93289.81	3833	0	BartonZwiebach	
1409	0:12:12	1/1/2019 	725627	158.00	7.00	8.23	55.92	93289.98	49795	0	BartonZwiebach	
1410	0:12:12	1/1/2019 	726218	76.00	7.00	6.06	55.92	93290.33	1850	0	BartonZwiebach	
1411	0:12:12	1/1/2019 	726246	998.00	803.00	143.54	55.92	93290.33	1850	0	BartonZwiebach	
1412	0:12:13	1/1/2019 	726828	186.00	7.00	8.96	55.92	93291.02	49811	0	BartonZwiebach	
1413	0:12:14	1/1/2019 	727390	544.00	24.00	14.54	55.92	93291.36	1851	0	BartonZwiebach	
1414	0:12:14	1/1/2019 	727762	211.00	8.00	9.54	55.92	93291.71	51834	0	BartonZwiebach	
1415	0:12:14	1/1/2019 	727850	276.00	10.00	10.77	55.92	93291.71	1846	0	BartonZwiebach	
1416	0:12:14	1/1/2019 	728113	331.00	10.00	11.53	55.92	93291.71	1849	0	BartonZwiebach	
1417	0:12:14	1/1/2019 	728145	191.00	8.00	9.09	55.92	93291.71	1850	0	BartonZwiebach	
1418	0:12:14	1/1/2019 	728166	64.00	7.00	5.91	55.92	93291.71	1848	0	BartonZwiebach	
1419	0:12:14	1/1/2019 	728241	985.00	447.00	80.61	55.92	93292.06	3833	0	BartonZwiebach	
1420	0:12:15	1/1/2019 	728428	150.00	8.00	8.02	55.92	93292.06	1850	0	BartonZwiebach	
1421	0:12:15	1/1/2019 	728784	885.00	56.00	23.26	55.92	93292.41	49793	0	BartonZwiebach	
1422	0:12:16	1/1/2019 	729623	70.00	7.00	5.98	55.92	93292.92	49798	0	BartonZwiebach	
1423	0:12:16	1/1/2019 	729732	425.00	10.00	12.45	55.92	93293.09	2799	0	BartonZwiebach	
1424	0:12:16	1/1/2019 	729996	71.00	7.00	5.99	55.92	93293.09	1850	0	BartonZwiebach	
1425	0:12:16	1/1/2019 	730300	589.00	25.00	15.65	55.92	93293.27	3972	0	BartonZwiebach	
1426	0:12:16	1/1/2019 	730330	142.00	7.00	7.78	55.92	93293.27	1850	0	BartonZwiebach	
1427	0:12:17	1/1/2019 	730610	186.00	8.00	8.97	55.92	93293.27	49793	0	BartonZwiebach	
1428	0:12:18	1/1/2019 	731638	201.00	9.00	9.33	55.92	93294.31	49791	0	BartonZwiebach	
1429	0:12:18	1/1/2019 	731686	214.00	9.00	9.62	55.92	93294.31	1850	0	BartonZwiebach	
1430	0:12:18	1/1/2019 	731715	95.00	7.00	6.46	55.92	93294.31	1849	0	BartonZwiebach	
1431	0:12:18	1/1/2019 	732360	631.00	20.00	16.39	55.92	93294.66	3835	0	BartonZwiebach	
1432	0:12:19	1/1/2019 	732885	70.00	7.00	5.98	55.92	93295.00	49794	0	BartonZwiebach	
1433	0:12:19	1/1/2019 	733002	66.00	8.00	5.93	55.92	93295.00	1849	0	BartonZwiebach	
1434	0:12:19	1/1/2019 	733087	65.00	7.00	5.92	55.92	93295.34	1847	0	BartonZwiebach	
1435	0:12:19	1/1/2019 	733358	66.00	7.00	5.93	55.92	93295.34	1849	0	BartonZwiebach	
1436	0:12:20	1/1/2019 	733576	66.00	7.00	5.93	55.92	93295.22	49793	0	BartonZwiebach	
1437	0:12:20	1/1/2019 	733585	65.00	7.00	5.92	55.92	93295.22	3834	0	BartonZwiebach	
1438	0:12:20	1/1/2019 	733882	64.00	7.00	5.91	55.92	93295.22	1849	0	BartonZwiebach	
1439	0:12:20	1/1/2019 	733919	966.00	174.00	42.64	55.92	93295.22	1847	0	BartonZwiebach	
1440	0:12:20	1/1/2019 	734326	77.00	6.00	6.08	55.92	93295.39	1850	0	BartonZwiebach	
1441	0:12:21	1/1/2019 	734633	62.00	7.00	5.90	55.92	93295.74	49792	0	BartonZwiebach	
1442	0:12:21	1/1/2019 	734705	69.00	7.00	5.96	55.92	93295.74	1850	0	BartonZwiebach	
1443	0:12:21	1/1/2019 	734794	156.00	8.00	8.19	55.92	93295.74	3833	0	BartonZwiebach	
1444	0:12:21	1/1/2019 	735014	128.00	7.00	7.38	55.92	93296.09	1847	0	BartonZwiebach	
1445	0:12:21	1/1/2019 	735025	69.00	7.00	5.96	55.92	93296.09	1847	0	BartonZwiebach	
1446	0:12:21	1/1/2019 	735356	80.00	7.00	6.13	55.92	93296.09	1848	0	BartonZwiebach	
1447	0:12:23	1/1/2019 	737327	73.00	7.00	6.02	55.92	93296.95	97735	0	BartonZwiebach	
1448	0:12:25	1/1/2019 	738824	68.00	9.00	5.95	55.92	93297.83	97734	0	BartonZwiebach	
1449	0:12:25	1/1/2019 	738851	653.00	23.00	17.42	55.92	93297.83	3835	0	BartonZwiebach	
1450	0:12:25	1/1/2019 	739020	334.00	13.00	11.68	55.92	93298.00	1849	0	BartonZwiebach	
1451	0:12:26	1/1/2019 	739816	701.00	32.00	19.76	55.92	93298.34	49798	0	BartonZwiebach	
1452	0:12:26	1/1/2019 	740018	65.00	7.00	5.92	55.92	93298.69	2799	0	BartonZwiebach	
1453	0:12:26	1/1/2019 	740320	64.00	7.00	5.91	55.92	93298.69	1849	0	BartonZwiebach	
1454	0:12:27	1/1/2019 	740663	70.00	8.00	5.98	55.92	93298.86	49791	0	BartonZwiebach	
1455	0:12:27	1/1/2019 	740688	64.00	7.00	5.91	55.92	93298.86	3972	0	BartonZwiebach	
1456	0:12:28	1/1/2019 	741399	122.00	7.00	7.20	55.92	93299.03	1849	0	BartonZwiebach	
1457	0:12:28	1/1/2019 	741780	87.00	7.00	6.28	55.92	93299.03	49793	0	BartonZwiebach	
1458	0:12:28	1/1/2019 	742161	110.00	7.00	6.86	55.92	93299.38	1850	0	BartonZwiebach	
1459	0:12:28	1/1/2019 	742341	72.00	7.00	6.00	55.92	93299.72	1854	0	BartonZwiebach	
1460	0:12:28	1/1/2019 	742383	100.00	7.00	6.59	55.92	93299.72	1849	0	BartonZwiebach	
1461	0:12:29	1/1/2019 	742713	118.00	7.00	7.09	55.92	93299.72	51777	0	BartonZwiebach	
1462	0:12:29	1/1/2019 	742784	93.00	7.00	6.42	55.92	93300.07	1850	0	BartonZwiebach	
1463	0:12:29	1/1/2019 	742814	67.00	8.00	5.94	55.92	93300.07	1849	0	BartonZwiebach	
1464	0:12:29	1/1/2019 	742939	66.00	7.00	5.93	55.92	93300.07	1847	0	BartonZwiebach	
1465	0:12:30	1/1/2019 	744125	66.00	7.00	5.93	55.92	93300.59	49793	0	BartonZwiebach	
1466	0:12:30	1/1/2019 	744155	65.00	7.00	5.92	55.92	93300.59	1850	0	BartonZwiebach	
1467	0:12:30	1/1/2019 	744250	115.00	8.00	7.01	55.92	93300.93	3834	0	BartonZwiebach	
1468	0:12:30	1/1/2019 	744271	70.00	7.00	5.98	55.92	93300.93	1846	0	BartonZwiebach	
1469	0:12:31	1/1/2019 	745157	209.00	8.00	9.50	55.92	93301.28	49792	0	BartonZwiebach	
1470	0:12:33	1/1/2019 	746931	187.00	8.00	8.99	55.92	93301.97	97736	0	BartonZwiebach	
1471	0:12:34	1/1/2019 	747433	71.00	8.00	5.99	55.92	93302.31	1848	0	BartonZwiebach	
1472	0:12:34	1/1/2019 	747463	70.00	7.00	5.98	55.92	93302.31	1847	0	BartonZwiebach	
1473	0:12:34	1/1/2019 	747551	78.00	7.00	6.10	55.92	93302.31	51777	0	BartonZwiebach	
1474	0:12:34	1/1/2019 	747574	68.00	7.00	5.95	55.92	93302.31	1849	0	BartonZwiebach	
1475	0:12:34	1/1/2019 	748148	67.00	7.00	5.94	55.92	93302.66	1850	0	BartonZwiebach	
1476	0:12:34	1/1/2019 	748287	997.00	952.00	261.71	55.92	93302.66	1850	0	BartonZwiebach	
1477	0:12:35	1/1/2019 	748612	175.00	8.00	8.69	55.92	93303.01	49820	0	BartonZwiebach	
1478	0:12:35	1/1/2019 	749215	68.00	8.00	5.95	55.91	93302.86	1848	0	BartonZwiebach	
1479	0:12:35	1/1/2019 	749239	126.00	7.00	7.32	55.91	93302.86	3832	0	BartonZwiebach	
1480	0:12:36	1/1/2019 	749390	75.00	7.00	6.05	55.91	93302.86	1849	0	BartonZwiebach	
1481	0:12:36	1/1/2019 	749413	185.00	8.00	8.95	55.91	93302.86	1851	0	BartonZwiebach	
1482	0:12:36	1/1/2019 	749979	69.00	7.00	5.96	55.91	93303.03	49792	0	BartonZwiebach	
1483	0:12:36	1/1/2019 	750172	982.00	321.00	60.64	55.91	93303.20	2800	0	BartonZwiebach	
1484	0:12:37	1/1/2019 	750937	76.00	7.00	6.06	55.91	93303.72	49803	0	BartonZwiebach	
1485	0:12:37	1/1/2019 	751065	953.00	76.00	25.85	55.91	93303.72	4028	0	BartonZwiebach	
1486	0:12:37	1/1/2019 	751136	194.00	9.00	9.17	55.91	93303.72	1849	0	BartonZwiebach	
1487	0:12:38	1/1/2019 	751556	82.00	7.00	6.17	55.91	93304.06	49792	0	BartonZwiebach	
1488	0:12:38	1/1/2019 	751707	569.00	15.00	14.36	55.91	93304.06	1850	0	BartonZwiebach	
1489	0:12:39	1/1/2019 	752578	74.00	8.00	6.03	55.91	93304.59	49796	0	BartonZwiebach	
1490	0:12:39	1/1/2019 	752765	66.00	7.00	5.93	55.91	93304.59	1849	0	BartonZwiebach	
1491	0:12:40	1/1/2019 	753451	72.00	7.00	6.00	55.91	93304.92	3834	0	BartonZwiebach	
1492	0:12:40	1/1/2019 	753652	943.00	73.00	25.40	55.91	93304.92	49795	0	BartonZwiebach	
1493	0:12:40	1/1/2019 	753770	74.00	7.00	6.03	55.91	93304.92	1850	0	BartonZwiebach	
1494	0:12:40	1/1/2019 	753953	70.00	7.00	5.98	55.91	93305.45	1849	0	BartonZwiebach	
1495	0:12:40	1/1/2019 	754272	119.00	8.00	7.12	55.91	93305.45	1849	0	BartonZwiebach	
1496	0:12:41	1/1/2019 	754478	71.00	8.00	5.99	55.91	93305.80	1848	0	BartonZwiebach	
1497	0:12:41	1/1/2019 	754632	66.00	7.00	5.93	55.91	93305.80	51777	0	BartonZwiebach	
1498	0:12:41	1/1/2019 	754858	65.00	7.00	5.92	55.91	93305.80	1850	0	BartonZwiebach	
1499	0:12:41	1/1/2019 	754956	68.00	7.00	5.95	55.91	93306.31	1849	0	BartonZwiebach	
1500	0:12:42	1/1/2019 	755972	62.00	7.00	5.90	55.91	93307.01	49792	0	BartonZwiebach	
1501	0:12:42	1/1/2019 	756296	775.00	43.00	21.72	55.91	93307.01	1851	0	BartonZwiebach	
1502	0:12:43	1/1/2019 	756616	140.00	8.00	7.73	55.91	93307.52	49797	0	BartonZwiebach	
1503	0:12:43	1/1/2019 	756667	66.00	7.00	5.93	55.91	93307.52	3832	0	BartonZwiebach	
1504	0:12:43	1/1/2019 	756966	80.00	7.00	6.13	55.91	93307.88	1851	0	BartonZwiebach	
1505	0:12:44	1/1/2019 	758308	349.00	9.00	11.70	55.91	93309.26	49797	0	BartonZwiebach	
1506	0:12:45	1/1/2019 	758441	128.00	8.00	7.38	55.91	93309.26	1850	0	BartonZwiebach	
1507	0:12:45	1/1/2019 	758696	83.00	7.00	6.19	55.91	93309.26	49790	0	BartonZwiebach	
1508	0:12:45	1/1/2019 	758892	516.00	22.00	13.99	55.91	93309.78	1850	0	BartonZwiebach	
1509	0:12:46	1/1/2019 	759460	71.00	6.00	5.99	55.91	93310.12	3837	0	BartonZwiebach	
1510	0:12:46	1/1/2019 	759570	66.00	7.00	5.93	55.91	93310.12	49800	0	BartonZwiebach	
1511	0:12:46	1/1/2019 	759922	145.00	8.00	7.87	55.91	93310.31	2803	0	BartonZwiebach	
1512	0:12:46	1/1/2019 	760063	742.00	36.00	20.79	55.91	93310.31	1847	0	BartonZwiebach	
1513	0:12:46	1/1/2019 	760318	249.00	9.00	10.30	55.91	93310.84	1850	0	BartonZwiebach	
1514	0:12:46	1/1/2019 	760343	67.00	7.00	5.94	55.91	93310.84	1849	0	BartonZwiebach	
1515	0:12:47	1/1/2019 	761045	66.00	7.00	5.93	55.91	93311.36	51913	0	BartonZwiebach	
1516	0:12:47	1/1/2019 	761184	72.00	7.00	6.00	55.91	93311.88	1852	0	BartonZwiebach	
1517	0:12:47	1/1/2019 	761267	86.00	7.00	6.26	55.91	93311.88	1855	0	BartonZwiebach	
1518	0:12:47	1/1/2019 	761313	973.00	177.00	43.00	55.91	93311.88	1856	0	BartonZwiebach	
1519	0:12:48	1/1/2019 	762067	128.00	8.00	7.38	55.91	93312.56	49801	0	BartonZwiebach	
1520	0:12:49	1/1/2019 	762410	64.00	7.00	5.91	55.91	93313.27	3804	0	BartonZwiebach	
1521	0:12:49	1/1/2019 	762808	457.00	20.00	13.25	55.91	93313.95	49794	0	BartonZwiebach	
1522	0:12:49	1/1/2019 	762873	371.00	15.00	12.19	55.91	93313.95	1851	0	BartonZwiebach	
1523	0:12:49	1/1/2019 	763080	66.00	7.00	5.93	55.91	93313.95	1850	0	BartonZwiebach	
1524	0:12:49	1/1/2019 	763302	971.00	228.00	48.03	55.91	93314.82	1850	0	BartonZwiebach	
1525	0:12:49	1/1/2019 	763368	107.00	7.00	6.78	55.91	93314.82	1850	0	BartonZwiebach	
1526	0:12:50	1/1/2019 	763623	66.00	7.00	5.93	55.91	93315.36	54285	0	BartonZwiebach	
1527	0:12:50	1/1/2019 	763726	944.00	77.00	26.00	55.91	93315.36	1850	0	BartonZwiebach	
1528	0:12:50	1/1/2019 	763780	65.00	7.00	5.92	55.91	93315.36	1849	0	BartonZwiebach	
1529	0:12:50	1/1/2019 	763834	71.00	7.00	5.99	55.91	93315.36	1848	0	BartonZwiebach	
1530	0:12:50	1/1/2019 	763980	122.00	7.00	7.20	55.91	93315.36	1849	0	BartonZwiebach	
1531	0:12:50	1/1/2019 	764196	78.00	8.00	6.10	55.91	93316.57	1850	0	BartonZwiebach	
1532	0:12:50	1/1/2019 	764203	914.00	152.00	39.57	55.91	93316.57	3833	0	BartonZwiebach	
1533	0:12:51	1/1/2019 	764587	65.00	7.00	5.92	55.91	93317.78	49797	0	BartonZwiebach	
1534	0:12:51	1/1/2019 	764749	72.00	7.00	6.00	55.91	93317.78	1850	0	BartonZwiebach	
1535	0:12:51	1/1/2019 	765207	75.00	7.00	6.05	55.91	93319.00	1849	0	BartonZwiebach	
1536	0:12:51	1/1/2019 	765344	67.00	7.00	5.94	55.91	93319.00	1849	0	BartonZwiebach	
1537	0:12:52	1/1/2019 	766257	94.00	7.00	6.44	55.91	93321.59	49791	0	BartonZwiebach	
1538	0:12:53	1/1/2019 	766392	940.00	87.00	27.64	55.91	93321.59	3835	0	BartonZwiebach	
1539	0:12:53	1/1/2019 	766720	62.00	8.00	5.90	55.91	93322.62	49799	0	BartonZwiebach	
1540	0:12:53	1/1/2019 	767278	64.00	7.00	5.91	55.91	93323.84	1851	0	BartonZwiebach	
1541	0:12:53	1/1/2019 	767311	68.00	7.00	5.95	55.91	93323.84	1847	0	BartonZwiebach	
1542	0:12:54	1/1/2019 	767669	80.00	8.00	6.14	55.91	93325.23	49788	0	BartonZwiebach	
1543	0:12:54	1/1/2019 	767724	330.00	13.00	11.62	55.91	93325.23	1848	0	BartonZwiebach	
1544	0:12:55	1/1/2019 	768791	65.00	7.00	5.92	55.91	93327.66	51779	0	BartonZwiebach	
1545	0:12:55	1/1/2019 	768857	236.00	9.00	10.06	55.91	93327.66	1849	0	BartonZwiebach	
1546	0:12:55	1/1/2019 	768878	969.00	110.00	31.98	55.91	93327.66	1849	0	BartonZwiebach	
1547	0:12:55	1/1/2019 	768954	95.00	7.00	6.46	55.91	93328.86	1850	0	BartonZwiebach	
1548	0:12:55	1/1/2019 	769267	65.00	7.00	5.92	55.91	93328.86	1848	0	BartonZwiebach	
1549	0:12:56	1/1/2019 	769750	253.00	9.00	10.37	55.91	93330.25	49792	0	BartonZwiebach	
1550	0:12:56	1/1/2019 	769998	67.00	7.00	5.94	55.91	93331.47	4737	0	BartonZwiebach	
1551	0:12:57	1/1/2019 	770470	337.00	9.00	11.56	55.91	93332.84	1850	0	BartonZwiebach	
1552	0:12:57	1/1/2019 	771046	64.00	7.00	5.91	55.91	93334.06	49795	0	BartonZwiebach	
1553	0:12:57	1/1/2019 	771279	66.00	7.00	5.93	55.91	93334.06	1848	0	BartonZwiebach	
1554	0:12:58	1/1/2019 	771424	307.00	12.00	11.28	55.91	93335.77	1848	0	BartonZwiebach	
1555	0:12:58	1/1/2019 	771483	83.00	7.00	6.19	55.91	93335.77	1850	0	BartonZwiebach	
1556	0:12:58	1/1/2019 	771575	65.00	7.00	5.92	55.91	93335.77	51832	0	BartonZwiebach	
1557	0:12:59	1/1/2019 	772712	64.00	7.00	5.91	55.91	93338.36	49793	0	BartonZwiebach	
1558	0:12:59	1/1/2019 	773257	188.00	8.00	9.02	55.91	93340.08	1850	0	BartonZwiebach	
1559	0:13:00	1/1/2019 	773885	73.00	7.00	6.02	55.91	93342.33	49791	0	BartonZwiebach	
1560	0:13:01	1/1/2019 	774431	68.00	7.00	5.95	55.91	93343.54	1850	0	BartonZwiebach	
1561	0:13:01	1/1/2019 	774819	69.00	7.00	5.96	55.91	93345.27	49794	0	BartonZwiebach	
1562	0:13:01	1/1/2019 	774996	64.00	7.00	5.91	55.91	93345.27	3833	0	BartonZwiebach	
1563	0:13:01	1/1/2019 	775247	72.00	7.00	6.00	55.91	93346.48	1849	0	BartonZwiebach	
1564	0:13:02	1/1/2019 	775477	65.00	7.00	5.92	55.91	93346.48	1849	0	BartonZwiebach	
1565	0:13:02	1/1/2019 	775608	71.00	7.00	5.99	55.91	93346.48	49793	0	BartonZwiebach	
1566	0:13:02	1/1/2019 	776177	75.00	7.00	6.05	55.91	93347.70	1848	0	BartonZwiebach	
1567	0:13:03	1/1/2019 	776757	70.00	10.00	5.98	55.92	93350.45	49794	0	BartonZwiebach	
1568	0:13:03	1/1/2019 	776881	982.00	270.00	52.65	55.92	93350.45	3835	0	BartonZwiebach	
1569	0:13:03	1/1/2019 	777032	75.00	7.00	6.05	55.92	93350.45	1850	0	BartonZwiebach	
1570	0:13:04	1/1/2019 	777742	182.00	8.00	8.87	55.92	93353.05	49792	0	BartonZwiebach	
1571	0:13:04	1/1/2019 	777817	67.00	7.00	5.94	55.92	93353.05	1847	0	BartonZwiebach	
1572	0:13:04	1/1/2019 	777932	74.00	8.00	6.03	55.92	93353.05	1848	0	BartonZwiebach	
1573	0:13:04	1/1/2019 	778043	67.00	7.00	5.94	55.92	93353.05	1847	0	BartonZwiebach	
1574	0:13:05	1/1/2019 	778784	111.00	7.00	6.89	55.92	93355.65	51777	0	BartonZwiebach	
1575	0:13:05	1/1/2019 	779063	67.00	7.00	5.94	55.92	93355.65	1850	0	BartonZwiebach	
1576	0:13:06	1/1/2019 	779449	64.00	8.00	5.92	55.92	93356.98	1850	0	BartonZwiebach	
1577	0:13:07	1/1/2019 	780876	143.00	7.00	7.81	55.93	93360.45	97733	0	BartonZwiebach	
1578	0:13:07	1/1/2019 	781081	68.00	7.00	5.95	55.93	93361.67	2605	0	BartonZwiebach	
1579	0:13:08	1/1/2019 	781824	98.00	7.00	6.54	55.93	93362.53	49791	0	BartonZwiebach	
1580	0:13:08	1/1/2019 	781888	65.00	8.00	5.92	55.93	93362.53	3974	0	BartonZwiebach	
1581	0:13:08	1/1/2019 	781950	75.00	8.00	6.05	55.93	93362.53	1846	0	BartonZwiebach	
1582	0:13:09	1/1/2019 	782677	69.00	7.00	5.96	55.93	93365.11	49790	0	BartonZwiebach	
1583	0:13:09	1/1/2019 	782766	748.00	38.00	21.05	55.93	93365.11	1850	0	BartonZwiebach	
1584	0:13:09	1/1/2019 	782967	85.00	7.00	6.23	55.93	93365.11	1851	0	BartonZwiebach	
1585	0:13:10	1/1/2019 	783495	67.00	7.00	5.94	55.94	93367.20	1849	0	BartonZwiebach	
1586	0:13:10	1/1/2019 	783594	177.00	9.00	8.75	55.94	93367.20	51778	0	BartonZwiebach	
1587	0:13:10	1/1/2019 	783902	984.00	325.00	61.35	55.94	93367.20	1850	0	BartonZwiebach	
1588	0:13:10	1/1/2019 	783934	70.00	7.00	5.98	55.94	93367.20	1850	0	BartonZwiebach	
1589	0:13:10	1/1/2019 	784104	206.00	9.00	9.44	55.94	93368.53	1849	0	BartonZwiebach	
1590	0:13:10	1/1/2019 	784178	64.00	8.00	5.92	55.94	93368.53	1850	0	BartonZwiebach	
1591	0:13:11	1/1/2019 	784653	64.00	7.00	5.91	55.94	93369.58	49790	0	BartonZwiebach	
1592	0:13:11	1/1/2019 	784710	64.00	7.00	5.91	55.94	93369.58	3834	0	BartonZwiebach	
1593	0:13:11	1/1/2019 	784811	66.00	7.00	5.93	55.94	93369.58	1848	0	BartonZwiebach	
1594	0:13:11	1/1/2019 	785278	70.00	7.00	5.98	55.94	93370.61	1849	0	BartonZwiebach	
1595	0:13:12	1/1/2019 	785494	165.00	8.00	8.43	55.94	93371.66	1849	0	BartonZwiebach	
1596	0:13:13	1/1/2019 	786492	65.00	7.00	5.92	55.95	93374.23	49792	0	BartonZwiebach	
1597	0:13:13	1/1/2019 	786698	73.00	7.00	6.02	55.95	93374.23	49793	0	BartonZwiebach	
1598	0:13:13	1/1/2019 	786731	80.00	7.00	6.13	55.95	93374.23	3888	0	BartonZwiebach	
1599	0:13:13	1/1/2019 	786839	66.00	7.00	5.93	55.95	93374.23	1849	0	BartonZwiebach	
1600	0:13:14	1/1/2019 	787491	64.00	7.00	5.91	55.95	93376.14	1849	0	BartonZwiebach	
1601	0:13:14	1/1/2019 	788222	73.00	7.00	6.02	55.95	93377.01	49792	0	BartonZwiebach	
1602	0:13:14	1/1/2019 	788335	232.00	9.00	9.98	55.95	93378.20	1849	0	BartonZwiebach	
1603	0:13:14	1/1/2019 	788385	65.00	8.00	5.92	55.95	93378.20	1848	0	BartonZwiebach	
1604	0:13:15	1/1/2019 	788581	65.00	8.00	5.92	55.95	93378.20	51774	0	BartonZwiebach	
1605	0:13:15	1/1/2019 	788614	184.00	8.00	8.92	55.95	93378.20	1849	0	BartonZwiebach	
1606	0:13:15	1/1/2019 	789219	136.00	8.00	7.62	55.95	93379.22	1848	0	BartonZwiebach	
1607	0:13:15	1/1/2019 	789350	67.00	7.00	5.94	55.95	93379.91	1847	0	BartonZwiebach	
1608	0:13:16	1/1/2019 	789389	925.00	90.00	28.17	55.95	93379.91	1849	0	BartonZwiebach	
1609	0:13:16	1/1/2019 	789592	68.00	8.00	5.95	55.95	93379.91	49798	0	BartonZwiebach	
1610	0:13:16	1/1/2019 	789598	64.00	7.00	5.91	55.95	93379.91	4733	0	BartonZwiebach	
1611	0:13:16	1/1/2019 	789855	66.00	7.00	5.93	55.95	93380.95	1848	0	BartonZwiebach	
1612	0:13:17	1/1/2019 	791161	127.00	8.00	7.35	55.96	93382.84	49790	0	BartonZwiebach	
1613	0:13:18	1/1/2019 	791434	68.00	8.00	5.95	55.96	93384.05	1848	0	BartonZwiebach	
1614	0:13:18	1/1/2019 	791473	67.00	8.00	5.94	55.96	93384.05	1848	0	BartonZwiebach	
1615	0:13:18	1/1/2019 	791799	67.00	7.00	5.94	55.96	93384.92	49788	0	BartonZwiebach	
1616	0:13:18	1/1/2019 	792201	85.00	8.00	6.24	55.96	93384.92	3834	0	BartonZwiebach	
1617	0:13:19	1/1/2019 	793042	63.00	7.00	5.91	55.96	93387.50	49789	0	BartonZwiebach	
1618	0:13:20	1/1/2019 	793725	68.00	8.00	5.95	55.97	93389.20	49791	0	BartonZwiebach	
1619	0:13:20	1/1/2019 	794172	82.00	8.00	6.17	55.97	93390.40	1848	0	BartonZwiebach	
1620	0:13:20	1/1/2019 	794204	66.00	8.00	5.93	55.97	93390.40	1847	0	BartonZwiebach	
1621	0:13:21	1/1/2019 	794414	346.00	14.00	11.86	55.97	93390.40	1846	0	BartonZwiebach	
1622	0:13:21	1/1/2019 	794646	64.00	7.00	5.91	55.97	93391.09	51779	0	BartonZwiebach	
1623	0:13:21	1/1/2019 	795032	252.00	9.00	10.35	55.97	93391.09	1847	0	BartonZwiebach	
1624	0:13:21	1/1/2019 	795127	84.00	7.00	6.21	55.97	93392.14	1849	0	BartonZwiebach	
1625	0:13:21	1/1/2019 	795152	124.00	8.00	7.27	55.97	93392.14	1849	0	BartonZwiebach	
1626	0:13:21	1/1/2019 	795352	64.00	8.00	5.92	55.97	93392.14	1846	0	BartonZwiebach	
1627	0:13:22	1/1/2019 	795437	71.00	7.00	5.99	55.97	93392.14	1845	0	BartonZwiebach	
1628	0:13:22	1/1/2019 	796263	186.00	8.00	8.97	55.97	93393.88	51778	0	BartonZwiebach	
1629	0:13:23	1/1/2019 	796607	75.00	8.00	6.05	55.97	93394.39	49794	0	BartonZwiebach	
1630	0:13:23	1/1/2019 	796867	80.00	7.00	6.13	55.97	93394.39	1848	0	BartonZwiebach	
1631	0:13:23	1/1/2019 	796982	65.00	7.00	5.92	55.97	93394.39	1848	0	BartonZwiebach	
1632	0:13:23	1/1/2019 	797259	92.00	8.00	6.39	55.98	93395.23	1849	0	BartonZwiebach	
1633	0:13:24	1/1/2019 	797468	109.00	7.00	6.83	55.98	93395.23	1846	0	BartonZwiebach	
1634	0:13:24	1/1/2019 	797582	66.00	8.00	5.93	55.98	93395.75	51776	0	BartonZwiebach	
1635	0:13:24	1/1/2019 	798161	68.00	8.00	5.95	55.98	93396.62	1849	0	BartonZwiebach	
1636	0:13:24	1/1/2019 	798276	66.00	8.00	5.93	55.98	93396.62	1853	0	BartonZwiebach	
1637	0:13:25	1/1/2019 	798838	65.00	7.00	5.92	55.98	93397.64	49794	0	BartonZwiebach	
1638	0:13:25	1/1/2019 	798844	66.00	7.00	5.93	55.98	93397.64	1851	0	BartonZwiebach	
1639	0:13:25	1/1/2019 	798860	564.00	16.00	14.36	55.98	93397.64	1849	0	BartonZwiebach	
1640	0:13:25	1/1/2019 	799191	126.00	8.00	7.32	55.98	93398.48	3886	0	BartonZwiebach	
1641	0:13:26	1/1/2019 	799413	88.00	7.00	6.30	55.98	93398.48	1846	0	BartonZwiebach	
1642	0:13:26	1/1/2019 	799601	542.00	13.00	13.74	55.98	93399.18	49793	0	BartonZwiebach	
1643	0:13:26	1/1/2019 	799772	146.00	8.00	7.90	55.98	93399.18	2604	0	BartonZwiebach	
1644	0:13:26	1/1/2019 	799886	191.00	8.00	9.09	55.98	93399.18	1847	0	BartonZwiebach	
1645	0:13:26	1/1/2019 	800059	65.00	7.00	5.92	55.99	93400.05	1847	0	BartonZwiebach	
1646	0:13:26	1/1/2019 	800087	431.00	14.00	12.73	55.99	93400.05	3973	0	BartonZwiebach	
1647	0:13:26	1/1/2019 	800187	65.00	8.00	5.92	55.99	93400.05	1850	0	BartonZwiebach	
1648	0:13:26	1/1/2019 	800192	110.00	8.00	6.86	55.99	93400.05	1846	0	BartonZwiebach	
1649	0:13:27	1/1/2019 	801096	60.00	8.00	5.89	55.99	93401.61	49791	0	BartonZwiebach	
1650	0:13:27	1/1/2019 	801228	64.00	7.00	5.91	55.99	93401.61	1848	0	BartonZwiebach	
1651	0:13:28	1/1/2019 	802206	70.00	8.00	5.98	55.99	93403.15	49791	0	BartonZwiebach	
1652	0:13:28	1/1/2019 	802379	226.00	9.00	9.86	55.99	93403.15	3832	0	BartonZwiebach	
1653	0:13:29	1/1/2019 	803153	431.00	10.00	12.49	55.99	93404.72	49792	0	BartonZwiebach	
1654	0:13:29	1/1/2019 	803219	64.00	7.00	5.91	55.99	93404.72	1852	0	BartonZwiebach	
1655	0:13:31	1/1/2019 	804797	228.00	9.00	9.90	56.00	93406.75	97734	0	BartonZwiebach	
1656	0:13:31	1/1/2019 	804990	84.00	8.00	6.21	56.00	93407.27	1850	0	BartonZwiebach	
1657	0:13:32	1/1/2019 	805457	506.00	14.00	13.40	56.00	93408.31	3832	0	BartonZwiebach	
1658	0:13:33	1/1/2019 	806388	66.00	8.00	5.93	56.00	93409.67	49795	0	BartonZwiebach	
1659	0:13:33	1/1/2019 	807174	70.00	7.00	5.98	56.00	93410.19	49791	0	BartonZwiebach	
1660	0:13:33	1/1/2019 	807331	118.00	8.00	7.09	56.01	93411.21	1849	0	BartonZwiebach	
1661	0:13:34	1/1/2019 	807617	169.00	8.00	8.54	56.01	93411.21	49792	0	BartonZwiebach	
1662	0:13:34	1/1/2019 	807661	75.00	8.00	6.05	56.01	93411.21	1848	0	BartonZwiebach	
1663	0:13:34	1/1/2019 	807803	986.00	525.00	90.32	56.01	93411.55	3833	0	BartonZwiebach	
1664	0:13:34	1/1/2019 	808302	64.00	7.00	5.91	56.01	93412.42	1862	0	BartonZwiebach	
1665	0:13:34	1/1/2019 	808336	68.00	7.00	5.95	56.01	93412.42	1847	0	BartonZwiebach	
1666	0:13:35	1/1/2019 	808484	66.00	8.00	5.93	56.01	93412.42	1849	0	BartonZwiebach	
1667	0:13:35	1/1/2019 	808496	78.00	8.00	6.10	56.01	93412.42	1848	0	BartonZwiebach	
1668	0:13:35	1/1/2019 	809098	68.00	8.00	5.95	56.01	93412.77	49790	0	BartonZwiebach	
1669	0:13:36	1/1/2019 	809412	144.00	8.00	7.85	56.01	93413.62	3834	0	BartonZwiebach	
1670	0:13:36	1/1/2019 	809800	924.00	126.00	35.07	56.01	93413.97	49798	0	BartonZwiebach	
1671	0:13:36	1/1/2019 	809958	771.00	40.00	21.40	56.01	93413.97	2604	0	BartonZwiebach	
1672	0:13:36	1/1/2019 	810108	76.00	8.00	6.07	56.01	93413.97	1849	0	BartonZwiebach	
1673	0:13:36	1/1/2019 	810312	64.00	8.00	5.92	56.01	93414.66	1846	0	BartonZwiebach	
1674	0:13:36	1/1/2019 	810350	750.00	36.00	20.85	56.01	93414.66	1847	0	BartonZwiebach	
1675	0:13:37	1/1/2019 	810778	67.00	7.00	5.94	56.01	93415.19	51921	0	BartonZwiebach	
1676	0:13:37	1/1/2019 	810910	73.00	7.00	6.02	56.01	93415.19	1850	0	BartonZwiebach	
1677	0:13:37	1/1/2019 	810939	65.00	7.00	5.92	56.01	93415.19	1848	0	BartonZwiebach	
1678	0:13:37	1/1/2019 	811053	71.00	8.00	5.99	56.01	93415.19	1848	0	BartonZwiebach	
1679	0:13:37	1/1/2019 	811194	262.00	10.00	10.54	56.01	93415.53	1848	0	BartonZwiebach	
1680	0:13:37	1/1/2019 	811227	70.00	8.00	5.98	56.01	93415.53	1849	0	BartonZwiebach	
1681	0:13:38	1/1/2019 	811467	63.00	7.00	5.91	56.01	93415.53	3831	0	BartonZwiebach	
1682	0:13:39	1/1/2019 	812398	70.00	7.00	5.98	56.02	93416.75	49792	0	BartonZwiebach	
1683	0:13:39	1/1/2019 	812481	76.00	7.00	6.06	56.02	93416.75	1849	0	BartonZwiebach	
1684	0:13:39	1/1/2019 	812628	62.00	8.00	5.90	56.02	93417.27	49792	0	BartonZwiebach	
1685	0:13:39	1/1/2019 	812852	672.00	26.00	18.34	56.02	93417.27	1847	0	BartonZwiebach	
1686	0:13:39	1/1/2019 	812933	556.00	14.00	14.04	56.02	93417.27	1850	0	BartonZwiebach	
1687	0:13:39	1/1/2019 	813118	98.00	7.00	6.54	56.02	93417.94	3835	0	BartonZwiebach	
1688	0:13:40	1/1/2019 	813431	730.00	34.00	20.44	56.02	93417.94	1849	0	BartonZwiebach	
1689	0:13:40	1/1/2019 	813745	260.00	9.00	10.48	56.02	93418.11	49798	0	BartonZwiebach	
1690	0:13:40	1/1/2019 	813763	77.00	8.00	6.08	56.02	93418.11	1850	0	BartonZwiebach	
1691	0:13:40	1/1/2019 	813847	80.00	7.00	6.13	56.02	93418.11	1846	0	BartonZwiebach	
1692	0:13:40	1/1/2019 	813965	71.00	7.00	5.99	56.02	93418.11	1849	0	BartonZwiebach	
1693	0:13:40	1/1/2019 	814041	102.00	8.00	6.65	56.02	93418.95	3834	0	BartonZwiebach	
1694	0:13:40	1/1/2019 	814089	66.00	7.00	5.93	56.02	93418.95	1847	0	BartonZwiebach	
1695	0:13:40	1/1/2019 	814120	84.00	8.00	6.21	56.02	93418.95	1849	0	BartonZwiebach	
1696	0:13:40	1/1/2019 	814310	64.00	8.00	5.92	56.02	93418.95	1847	0	BartonZwiebach	
1697	0:13:41	1/1/2019 	814441	63.00	7.00	5.91	56.02	93418.95	1845	0	BartonZwiebach	
1698	0:13:41	1/1/2019 	814720	67.00	7.00	5.94	56.02	93419.30	49793	0	BartonZwiebach	
1699	0:13:41	1/1/2019 	814920	682.00	27.00	18.72	56.02	93419.30	3834	0	BartonZwiebach	
1700	0:13:41	1/1/2019 	815039	227.00	8.00	9.87	56.02	93419.97	1849	0	BartonZwiebach	
1701	0:13:42	1/1/2019 	815967	853.00	62.00	23.87	56.02	93420.31	49791	0	BartonZwiebach	
1702	0:13:42	1/1/2019 	816035	66.00	8.00	5.93	56.03	93421.02	1850	0	BartonZwiebach	
1703	0:13:42	1/1/2019 	816174	67.00	7.00	5.94	56.03	93421.02	1846	0	BartonZwiebach	
1704	0:13:42	1/1/2019 	816203	145.00	8.00	7.87	56.03	93421.02	1850	0	BartonZwiebach	
1705	0:13:42	1/1/2019 	816335	66.00	7.00	5.93	56.03	93421.02	3831	0	BartonZwiebach	
1706	0:13:43	1/1/2019 	816450	952.00	104.00	30.80	56.03	93421.02	1850	0	BartonZwiebach	
1707	0:13:43	1/1/2019 	816640	112.00	8.00	6.92	56.03	93421.02	49798	0	BartonZwiebach	
1708	0:13:43	1/1/2019 	817129	365.00	15.00	12.12	56.03	93421.36	1847	0	BartonZwiebach	
1709	0:13:43	1/1/2019 	817160	75.00	8.00	6.05	56.03	93421.36	1850	0	BartonZwiebach	
1710	0:13:44	1/1/2019 	818057	66.00	8.00	5.93	56.03	93422.23	49790	0	BartonZwiebach	
1711	0:13:44	1/1/2019 	818080	67.00	8.00	5.94	56.03	93422.23	3833	0	BartonZwiebach	
1712	0:13:45	1/1/2019 	818792	667.00	25.00	18.07	56.03	93422.41	49799	0	BartonZwiebach	
1713	0:13:46	1/1/2019 	819469	441.00	10.00	12.57	56.03	93423.59	1852	0	BartonZwiebach	
1714	0:13:46	1/1/2019 	819478	65.00	7.00	5.92	56.03	93423.59	1851	0	BartonZwiebach	
1715	0:13:46	1/1/2019 	820323	73.00	8.00	6.02	56.03	93423.77	49793	0	BartonZwiebach	
1716	0:13:47	1/1/2019 	820696	70.00	8.00	5.98	56.03	93424.29	50739	0	BartonZwiebach	
1717	0:13:47	1/1/2019 	821012	73.00	8.00	6.02	56.03	93424.81	3972	0	BartonZwiebach	
1718	0:13:47	1/1/2019 	821169	68.00	8.00	5.95	56.03	93424.81	1846	0	BartonZwiebach	
1719	0:13:48	1/1/2019 	821929	88.00	8.00	6.30	56.03	93425.85	49789	0	BartonZwiebach	
1720	0:13:48	1/1/2019 	822098	105.00	8.00	6.73	56.03	93425.85	1847	0	BartonZwiebach	
1721	0:13:48	1/1/2019 	822184	67.00	7.00	5.94	56.03	93425.85	1846	0	BartonZwiebach	
1722	0:13:48	1/1/2019 	822221	99.00	8.00	6.57	56.03	93425.85	1850	0	BartonZwiebach	
1723	0:13:49	1/1/2019 	823102	183.00	8.00	8.90	56.04	93427.04	51774	0	BartonZwiebach	
1724	0:13:50	1/1/2019 	823460	326.00	16.00	11.66	56.04	93427.56	1848	0	BartonZwiebach	
1725	0:13:50	1/1/2019 	823500	76.00	8.00	6.07	56.04	93427.56	1849	0	BartonZwiebach	
1726	0:13:51	1/1/2019 	825044	67.00	7.00	5.94	56.04	93429.09	97783	0	BartonZwiebach	
1727	0:13:52	1/1/2019 	826320	231.00	8.00	9.95	56.04	93430.48	49793	0	BartonZwiebach	
1728	0:13:53	1/1/2019 	826420	65.00	8.00	5.92	56.04	93430.48	1848	0	BartonZwiebach	
1729	0:13:53	1/1/2019 	826991	64.00	8.00	5.92	56.04	93431.01	51776	0	BartonZwiebach	
1730	0:13:53	1/1/2019 	827129	64.00	7.00	5.91	56.04	93431.53	1846	0	BartonZwiebach	
1731	0:13:54	1/1/2019 	827931	68.00	7.00	5.95	56.04	93431.88	49794	0	BartonZwiebach	
1732	0:13:54	1/1/2019 	828201	64.00	8.00	5.92	56.04	93432.22	1854	0	BartonZwiebach	
1733	0:13:54	1/1/2019 	828282	64.00	7.00	5.91	56.04	93432.22	1845	0	BartonZwiebach	
1734	0:13:55	1/1/2019 	828807	379.00	16.00	12.31	56.04	93433.09	49792	0	BartonZwiebach	
1735	0:13:55	1/1/2019 	829098	978.00	115.00	32.96	56.04	93433.44	3835	0	BartonZwiebach	
1736	0:13:55	1/1/2019 	829154	74.00	7.00	6.03	56.04	93433.44	1849	0	BartonZwiebach	
1737	0:13:56	1/1/2019 	829664	73.00	8.00	6.02	56.04	93433.78	49793	0	BartonZwiebach	
1738	0:13:56	1/1/2019 	829684	91.00	8.00	6.37	56.04	93433.78	2799	0	BartonZwiebach	
1739	0:13:56	1/1/2019 	830356	68.00	7.00	5.95	56.04	93434.12	1850	0	BartonZwiebach	
1740	0:13:57	1/1/2019 	831300	129.00	8.00	7.41	56.04	93435.15	49797	0	BartonZwiebach	
1741	0:13:58	1/1/2019 	831397	82.00	8.00	6.17	56.04	93435.15	3972	0	BartonZwiebach	
1742	0:13:58	1/1/2019 	831666	78.00	7.00	6.10	56.04	93435.32	49789	0	BartonZwiebach	
1743	0:13:58	1/1/2019 	831675	102.00	8.00	6.65	56.04	93435.32	1848	0	BartonZwiebach	
1744	0:13:58	1/1/2019 	831890	74.00	8.00	6.03	56.04	93435.32	1847	0	BartonZwiebach	
1745	0:13:58	1/1/2019 	831933	66.00	8.00	5.93	56.04	93435.32	1847	0	BartonZwiebach	
1746	0:13:58	1/1/2019 	832126	81.00	8.00	6.15	56.04	93435.66	1846	0	BartonZwiebach	
1747	0:13:58	1/1/2019 	832360	64.00	8.00	5.92	56.04	93435.66	3832	0	BartonZwiebach	
1748	0:13:59	1/1/2019 	832482	70.00	7.00	5.98	56.04	93435.84	1846	0	BartonZwiebach	
1749	0:13:59	1/1/2019 	832871	82.00	8.00	6.17	56.04	93435.84	49791	0	BartonZwiebach	
1750	0:13:59	1/1/2019 	833328	75.00	8.00	6.05	56.04	93436.19	1847	0	BartonZwiebach	
1751	0:14:01	1/1/2019 	834760	912.00	149.00	39.09	56.05	93437.75	97731	0	BartonZwiebach	
1752	0:14:01	1/1/2019 	834997	64.00	8.00	5.92	56.05	93437.92	1851	0	BartonZwiebach	
1753	0:14:01	1/1/2019 	835008	67.00	8.00	5.94	56.05	93437.92	3884	0	BartonZwiebach	
1754	0:14:01	1/1/2019 	835036	560.00	14.00	14.10	56.05	93437.92	1847	0	BartonZwiebach	
1755	0:14:02	1/1/2019 	835419	64.00	7.00	5.91	56.05	93438.27	1850	0	BartonZwiebach	
1756	0:14:04	1/1/2019 	838357	282.00	11.00	10.89	56.05	93440.30	145679	0	BartonZwiebach	
1757	0:14:05	1/1/2019 	838888	86.00	8.00	6.26	56.05	93440.64	49795	0	BartonZwiebach	
1758	0:14:05	1/1/2019 	839152	490.00	22.00	13.67	56.05	93440.64	1849	0	BartonZwiebach	
1759	0:14:06	1/1/2019 	839577	287.00	11.00	10.96	56.05	93440.99	51779	0	BartonZwiebach	
1760	0:14:06	1/1/2019 	839690	72.00	7.00	6.00	56.05	93440.99	2802	0	BartonZwiebach	
1761	0:14:06	1/1/2019 	839795	66.00	7.00	5.93	56.05	93441.52	1849	0	BartonZwiebach	
1762	0:14:06	1/1/2019 	839831	74.00	8.00	6.03	56.05	93441.52	1849	0	BartonZwiebach	
1763	0:14:06	1/1/2019 	839994	67.00	8.00	5.94	56.05	93441.52	1847	0	BartonZwiebach	
1764	0:14:06	1/1/2019 	840090	199.00	9.00	9.29	56.05	93441.52	3972	0	BartonZwiebach	
1765	0:14:06	1/1/2019 	840130	64.00	8.00	5.92	56.05	93441.52	1849	0	BartonZwiebach	
1766	0:14:06	1/1/2019 	840166	979.00	349.00	65.70	56.05	93441.52	1846	0	BartonZwiebach	
1767	0:14:07	1/1/2019 	840995	63.00	8.00	5.91	56.05	93442.55	49800	0	BartonZwiebach	
1768	0:14:07	1/1/2019 	841329	69.00	8.00	5.97	56.05	93442.73	1848	0	BartonZwiebach	
1769	0:14:08	1/1/2019 	841453	76.00	8.00	6.07	56.05	93442.73	1847	0	BartonZwiebach	
1770	0:14:08	1/1/2019 	841660	73.00	8.00	6.02	56.05	93442.73	51774	0	BartonZwiebach	
1771	0:14:08	1/1/2019 	841785	186.00	9.00	8.98	56.05	93442.91	1847	0	BartonZwiebach	
1772	0:14:08	1/1/2019 	841859	88.00	8.00	6.30	56.05	93442.91	1849	0	BartonZwiebach	
1773	0:14:08	1/1/2019 	842036	68.00	7.00	5.95	56.05	93442.91	1847	0	BartonZwiebach	
1774	0:14:08	1/1/2019 	842066	67.00	8.00	5.94	56.05	93442.91	1850	0	BartonZwiebach	
1775	0:14:08	1/1/2019 	842068	186.00	9.00	8.98	56.05	93442.91	1847	0	BartonZwiebach	
1776	0:14:08	1/1/2019 	842119	784.00	41.00	21.55	56.05	93442.91	3834	0	BartonZwiebach	
1777	0:14:09	1/1/2019 	842875	66.00	8.00	5.93	56.05	93443.25	49795	0	BartonZwiebach	
1778	0:14:09	1/1/2019 	842965	92.00	8.00	6.39	56.05	93443.25	1847	0	BartonZwiebach	
1779	0:14:09	1/1/2019 	843008	70.00	8.00	5.98	56.05	93443.25	1847	0	BartonZwiebach	
1780	0:14:09	1/1/2019 	843037	121.00	8.00	7.18	56.05	93443.25	1847	0	BartonZwiebach	
1781	0:14:09	1/1/2019 	843157	72.00	7.00	6.00	56.05	93443.77	1847	0	BartonZwiebach	
1782	0:14:09	1/1/2019 	843262	67.00	8.00	5.94	56.05	93443.77	3834	0	BartonZwiebach	
1783	0:14:09	1/1/2019 	843320	64.00	7.00	5.91	56.05	93443.77	1846	0	BartonZwiebach	
1784	0:14:10	1/1/2019 	843402	66.00	8.00	5.93	56.05	93443.77	1848	0	BartonZwiebach	
1785	0:14:10	1/1/2019 	843902	71.00	8.00	5.99	56.05	93443.94	49790	0	BartonZwiebach	
1786	0:14:10	1/1/2019 	844204	629.00	21.00	16.46	56.05	93444.29	1847	0	BartonZwiebach	
1787	0:14:10	1/1/2019 	844235	97.00	8.00	6.52	56.05	93444.29	1849	0	BartonZwiebach	
1788	0:14:11	1/1/2019 	845294	63.00	7.00	5.91	56.05	93445.16	51774	0	BartonZwiebach	
1789	0:14:12	1/1/2019 	846313	63.00	8.00	5.91	56.05	93445.68	49793	0	BartonZwiebach	
1790	0:14:13	1/1/2019 	846426	973.00	196.00	45.04	56.05	93445.68	1849	0	BartonZwiebach	
1791	0:14:13	1/1/2019 	846968	66.00	7.00	5.93	56.05	93445.84	49800	0	BartonZwiebach	
1792	0:14:13	1/1/2019 	847315	74.00	8.00	6.03	56.05	93446.20	1849	0	BartonZwiebach	
1793	0:14:14	1/1/2019 	847479	147.00	8.00	7.93	56.05	93446.20	1846	0	BartonZwiebach	
1794	0:14:14	1/1/2019 	847741	64.00	7.00	5.91	56.05	93446.55	51830	0	BartonZwiebach	
1795	0:14:15	1/1/2019 	848474	67.00	8.00	5.94	56.05	93447.41	1848	0	BartonZwiebach	
1796	0:14:15	1/1/2019 	848792	212.00	9.00	9.58	56.05	93447.41	49791	0	BartonZwiebach	
1797	0:14:15	1/1/2019 	849150	74.00	8.00	6.03	56.06	93447.91	1849	0	BartonZwiebach	
1798	0:14:16	1/1/2019 	850013	71.00	8.00	5.99	56.06	93448.59	49791	0	BartonZwiebach	
1799	0:14:16	1/1/2019 	850111	212.00	8.00	9.56	56.06	93448.59	2799	0	BartonZwiebach	
1800	0:14:16	1/1/2019 	850258	64.00	7.00	5.91	56.06	93448.59	3972	0	BartonZwiebach	
1801	0:14:17	1/1/2019 	850475	126.00	8.00	7.32	56.06	93448.95	1848	0	BartonZwiebach	
1802	0:14:17	1/1/2019 	850961	198.00	8.00	9.25	56.06	93449.30	49791	0	BartonZwiebach	
1803	0:14:17	1/1/2019 	851011	59.00	8.00	5.89	56.06	93449.30	1849	0	BartonZwiebach	
1804	0:14:17	1/1/2019 	851036	66.00	8.00	5.93	56.06	93449.30	1847	0	BartonZwiebach	
1805	0:14:18	1/1/2019 	851552	74.00	8.00	6.03	56.06	93449.81	49788	0	BartonZwiebach	
1806	0:14:18	1/1/2019 	851912	216.00	9.00	9.66	56.06	93449.98	3833	0	BartonZwiebach	
1807	0:14:18	1/1/2019 	852177	64.00	8.00	5.92	56.06	93449.98	1849	0	BartonZwiebach	
1808	0:14:19	1/1/2019 	852421	131.00	8.00	7.47	56.06	93450.16	1846	0	BartonZwiebach	
1809	0:14:19	1/1/2019 	852495	78.00	7.00	6.10	56.06	93450.16	1848	0	BartonZwiebach	
1810	0:14:19	1/1/2019 	852626	79.00	8.00	6.12	56.06	93450.16	49793	0	BartonZwiebach	
1811	0:14:19	1/1/2019 	853057	74.00	6.00	6.03	56.06	93451.03	1846	0	BartonZwiebach	
1812	0:14:19	1/1/2019 	853210	292.00	12.00	11.06	56.06	93451.03	3835	0	BartonZwiebach	
1813	0:14:19	1/1/2019 	853272	975.00	208.00	46.18	56.06	93451.03	1850	0	BartonZwiebach	
1814	0:14:19	1/1/2019 	853278	613.00	19.00	15.78	56.06	93451.03	1851	0	BartonZwiebach	
1815	0:14:20	1/1/2019 	853850	66.00	8.00	5.93	56.06	93451.55	49794	0	BartonZwiebach	
1816	0:14:20	1/1/2019 	854079	64.00	8.00	5.92	56.06	93451.55	1848	0	BartonZwiebach	
1817	0:14:21	1/1/2019 	854455	253.00	10.00	10.39	56.06	93451.72	1847	0	BartonZwiebach	
1818	0:14:21	1/1/2019 	855257	71.00	8.00	5.99	56.06	93452.42	51778	0	BartonZwiebach	
1819	0:14:22	1/1/2019 	855886	66.00	8.00	5.93	56.06	93452.77	49789	0	BartonZwiebach	
1820	0:14:22	1/1/2019 	856013	279.00	10.00	10.81	56.06	93452.77	1849	0	BartonZwiebach	
1821	0:14:22	1/1/2019 	856291	73.00	8.00	6.02	56.06	93452.94	1850	0	BartonZwiebach	
1822	0:14:23	1/1/2019 	856969	66.00	7.00	5.93	56.06	93453.28	49789	0	BartonZwiebach	
1823	0:14:23	1/1/2019 	857315	131.00	8.00	7.47	56.06	93453.45	1851	0	BartonZwiebach	
1824	0:14:23	1/1/2019 	857386	412.00	18.00	12.73	56.06	93453.45	3832	0	BartonZwiebach	
1825	0:14:24	1/1/2019 	857667	76.00	8.00	6.07	56.06	93453.62	49796	0	BartonZwiebach	
1826	0:14:24	1/1/2019 	857828	203.00	9.00	9.38	56.06	93453.62	1855	0	BartonZwiebach	
1827	0:14:24	1/1/2019 	858275	62.00	7.00	5.90	56.06	93453.80	1853	0	BartonZwiebach	
1828	0:14:25	1/1/2019 	858979	180.00	9.00	8.83	56.06	93454.14	49806	0	BartonZwiebach	
1829	0:14:25	1/1/2019 	859026	79.00	8.00	6.12	56.06	93454.14	1849	0	BartonZwiebach	
1830	0:14:25	1/1/2019 	859217	72.00	8.00	6.00	56.06	93454.32	3832	0	BartonZwiebach	
1831	0:14:25	1/1/2019 	859243	64.00	10.00	5.92	56.06	93454.32	1847	0	BartonZwiebach	
1832	0:14:25	1/1/2019 	859277	75.00	8.00	6.05	56.06	93454.32	1848	0	BartonZwiebach	
1833	0:14:25	1/1/2019 	859281	70.00	8.00	5.98	56.06	93454.32	1846	0	BartonZwiebach	
1834	0:14:26	1/1/2019 	859480	67.00	7.00	5.94	56.06	93454.32	1847	0	BartonZwiebach	
1835	0:14:26	1/1/2019 	859553	68.00	8.00	5.95	56.06	93454.32	49794	0	BartonZwiebach	
1836	0:14:26	1/1/2019 	859605	82.00	8.00	6.17	56.06	93454.49	4920	0	BartonZwiebach	
1837	0:14:26	1/1/2019 	859799	314.00	12.00	11.38	56.06	93454.49	1846	0	BartonZwiebach	
1838	0:14:26	1/1/2019 	860118	207.00	9.00	9.47	56.06	93454.84	1850	0	BartonZwiebach	
1839	0:14:26	1/1/2019 	860375	78.00	8.00	6.10	56.06	93454.84	1849	0	BartonZwiebach	
1840	0:14:27	1/1/2019 	860415	69.00	8.00	5.97	56.06	93454.84	1847	0	BartonZwiebach	
1841	0:14:27	1/1/2019 	860944	64.00	8.00	5.92	56.06	93455.19	49792	0	BartonZwiebach	
1842	0:14:27	1/1/2019 	861386	69.00	8.00	5.97	56.06	93455.53	3831	0	BartonZwiebach	
1843	0:14:28	1/1/2019 	861559	66.00	8.00	5.93	56.06	93455.88	49792	0	BartonZwiebach	
1844	0:14:28	1/1/2019 	861661	196.00	9.00	9.22	56.06	93455.88	1856	0	BartonZwiebach	
1845	0:14:28	1/1/2019 	861729	70.00	7.00	5.98	56.06	93455.88	1855	0	BartonZwiebach	
1846	0:14:28	1/1/2019 	862150	302.00	12.00	11.21	56.06	93456.23	1854	0	BartonZwiebach	
1847	0:14:28	1/1/2019 	862329	73.00	8.00	6.02	56.06	93456.23	1849	0	BartonZwiebach	
1848	0:14:29	1/1/2019 	862428	553.00	14.00	13.99	56.06	93456.23	3831	0	BartonZwiebach	
1849	0:14:29	1/1/2019 	862641	984.00	340.00	64.06	56.06	93456.75	49796	0	BartonZwiebach	
1850	0:14:29	1/1/2019 	862800	67.00	8.00	5.94	56.06	93456.75	1851	0	BartonZwiebach	
1851	0:14:29	1/1/2019 	862972	75.00	8.00	6.05	56.06	93456.75	1847	0	BartonZwiebach	
1852	0:14:30	1/1/2019 	863461	110.00	8.00	6.86	56.06	93456.91	1848	0	BartonZwiebach	
1853	0:14:30	1/1/2019 	863549	110.00	8.00	6.86	56.06	93457.09	49792	0	BartonZwiebach	
1854	0:14:30	1/1/2019 	864055	232.00	10.00	10.00	56.06	93457.44	3854	0	BartonZwiebach	
1855	0:14:30	1/1/2019 	864219	75.00	8.00	6.05	56.06	93457.44	1849	0	BartonZwiebach	
1856	0:14:30	1/1/2019 	864246	76.00	8.00	6.07	56.06	93457.44	1846	0	BartonZwiebach	
1857	0:14:30	1/1/2019 	864252	70.00	8.00	5.98	56.06	93457.44	1847	0	BartonZwiebach	
1858	0:14:31	1/1/2019 	864637	63.00	8.00	5.91	56.06	93457.78	49790	0	BartonZwiebach	
1859	0:14:31	1/1/2019 	864770	104.00	8.00	6.70	56.06	93457.78	1848	0	BartonZwiebach	
1860	0:14:31	1/1/2019 	865044	72.00	8.00	6.00	56.06	93457.78	3851	0	BartonZwiebach	
1861	0:14:31	1/1/2019 	865135	978.00	362.00	68.04	56.06	93457.78	1848	0	BartonZwiebach	
1862	0:14:31	1/1/2019 	865308	73.00	8.00	6.02	56.06	93457.78	1850	0	BartonZwiebach	
1863	0:14:32	1/1/2019 	865728	67.00	8.00	5.94	56.06	93458.30	49789	0	BartonZwiebach	
1864	0:14:32	1/1/2019 	866054	70.00	8.00	5.98	56.06	93458.30	1848	0	BartonZwiebach	
1865	0:14:33	1/1/2019 	866445	78.00	8.00	6.10	56.06	93458.47	1847	0	BartonZwiebach	
1866	0:14:33	1/1/2019 	866642	82.00	8.00	6.17	56.06	93458.47	51797	0	BartonZwiebach	
1867	0:14:33	1/1/2019 	866838	122.00	9.00	7.21	56.06	93458.47	1847	0	BartonZwiebach	
1868	0:14:33	1/1/2019 	866897	68.00	8.00	5.95	56.06	93458.81	1849	0	BartonZwiebach	
1869	0:14:33	1/1/2019 	867333	95.00	8.00	6.47	56.06	93458.81	1846	0	BartonZwiebach	
1870	0:14:34	1/1/2019 	867592	917.00	89.00	27.99	56.06	93459.16	49790	0	BartonZwiebach	
1871	0:14:34	1/1/2019 	867679	68.00	8.00	5.95	56.06	93459.16	1851	0	BartonZwiebach	
1872	0:14:34	1/1/2019 	867842	69.00	8.00	5.97	56.06	93459.16	3851	0	BartonZwiebach	
1873	0:14:34	1/1/2019 	868137	65.00	8.00	5.92	56.06	93459.34	1847	0	BartonZwiebach	
1874	0:14:34	1/1/2019 	868329	249.00	10.00	10.31	56.06	93459.68	1847	0	BartonZwiebach	
1875	0:14:35	1/1/2019 	868407	71.00	7.00	5.99	56.06	93459.68	1850	0	BartonZwiebach	
1876	0:14:35	1/1/2019 	868565	99.00	8.00	6.57	56.06	93459.68	49792	0	BartonZwiebach	
1877	0:14:35	1/1/2019 	868768	73.00	8.00	6.02	56.06	93459.68	1846	0	BartonZwiebach	
1878	0:14:36	1/1/2019 	869598	71.00	8.00	5.99	56.06	93460.20	51850	0	BartonZwiebach	
1879	0:14:36	1/1/2019 	870041	69.00	7.00	5.96	56.06	93460.38	2801	0	BartonZwiebach	
1880	0:14:36	1/1/2019 	870275	75.00	7.00	6.05	56.06	93460.55	1853	0	BartonZwiebach	
1881	0:14:36	1/1/2019 	870301	143.00	9.00	7.82	56.06	93460.55	1848	0	BartonZwiebach	
1882	0:14:36	1/1/2019 	870309	68.00	6.00	5.95	56.06	93460.55	1849	0	BartonZwiebach	
1883	0:14:38	1/1/2019 	871479	72.00	8.00	6.00	56.06	93460.89	49794	0	BartonZwiebach	
1884	0:14:38	1/1/2019 	871710	64.00	8.00	5.92	56.06	93460.89	51935	0	BartonZwiebach	
1885	0:14:38	1/1/2019 	871924	94.00	8.00	6.44	56.06	93461.06	1845	0	BartonZwiebach	
1886	0:14:38	1/1/2019 	871988	68.00	8.00	5.95	56.06	93461.06	1847	0	BartonZwiebach	
1887	0:14:38	1/1/2019 	872116	281.00	11.00	10.87	56.06	93461.06	1848	0	BartonZwiebach	
1888	0:14:39	1/1/2019 	872657	70.00	8.00	5.98	56.06	93461.59	49794	0	BartonZwiebach	
1889	0:14:39	1/1/2019 	872691	66.00	7.00	5.93	56.06	93461.77	1848	0	BartonZwiebach	
1890	0:14:39	1/1/2019 	872769	996.00	720.00	129.69	56.06	93461.77	3830	0	BartonZwiebach	
1891	0:14:39	1/1/2019 	872885	64.00	8.00	5.92	56.06	93461.77	1850	0	BartonZwiebach	
1892	0:14:39	1/1/2019 	872992	529.00	13.00	13.57	56.06	93461.77	1847	0	BartonZwiebach	
1893	0:14:39	1/1/2019 	873035	69.00	8.00	5.97	56.06	93461.77	1850	0	BartonZwiebach	
1894	0:14:39	1/1/2019 	873054	72.00	8.00	6.00	56.06	93461.77	1847	0	BartonZwiebach	
1895	0:14:39	1/1/2019 	873277	98.00	8.00	6.54	56.06	93461.94	1847	0	BartonZwiebach	
1896	0:14:40	1/1/2019 	873973	66.00	8.00	5.93	56.05	93461.95	51771	0	BartonZwiebach	
1897	0:14:40	1/1/2019 	874111	530.00	13.00	13.59	56.05	93461.95	1847	0	BartonZwiebach	
1898	0:14:41	1/1/2019 	874738	65.00	8.00	5.92	56.05	93462.30	49795	0	BartonZwiebach	
1899	0:14:41	1/1/2019 	874741	578.00	27.00	15.47	56.05	93462.30	1849	0	BartonZwiebach	
1900	0:14:41	1/1/2019 	874818	76.00	7.00	6.06	56.05	93462.30	1849	0	BartonZwiebach	
1901	0:14:41	1/1/2019 	875244	104.00	8.00	6.70	56.05	93462.48	3774	0	BartonZwiebach	
1902	0:14:42	1/1/2019 	875691	72.00	7.00	6.00	56.05	93462.65	49791	0	BartonZwiebach	
1903	0:14:42	1/1/2019 	875812	64.00	8.00	5.92	56.05	93462.65	1850	0	BartonZwiebach	
1904	0:14:42	1/1/2019 	875958	64.00	8.00	5.92	56.05	93462.65	1845	0	BartonZwiebach	
1905	0:14:42	1/1/2019 	876353	213.00	9.00	9.60	56.05	93462.82	1846	0	BartonZwiebach	
1906	0:14:43	1/1/2019 	876481	64.00	7.00	5.91	56.05	93462.82	1849	0	BartonZwiebach	
1907	0:14:43	1/1/2019 	876684	65.00	8.00	5.92	56.05	93463.17	54227	0	BartonZwiebach	
1908	0:14:43	1/1/2019 	876740	64.00	8.00	5.92	56.05	93463.17	1847	0	BartonZwiebach	
1909	0:14:43	1/1/2019 	876800	69.00	8.00	5.97	56.05	93463.17	1846	0	BartonZwiebach	
1910	0:14:43	1/1/2019 	876834	67.00	9.00	5.94	56.05	93463.17	1847	0	BartonZwiebach	
1911	0:14:43	1/1/2019 	877106	218.00	9.00	9.70	56.05	93463.52	1849	0	BartonZwiebach	
1912	0:14:43	1/1/2019 	877381	66.00	8.00	5.93	56.05	93463.52	1849	0	BartonZwiebach	
1913	0:14:44	1/1/2019 	877402	236.00	10.00	10.08	56.05	93463.52	3832	0	BartonZwiebach	
1914	0:14:44	1/1/2019 	878009	66.00	7.00	5.93	56.05	93463.34	49795	0	BartonZwiebach	
1915	0:14:44	1/1/2019 	878017	71.00	8.00	5.99	56.05	93463.34	1848	0	BartonZwiebach	
1916	0:14:44	1/1/2019 	878034	71.00	8.00	5.99	56.05	93463.52	1846	0	BartonZwiebach	
1917	0:14:44	1/1/2019 	878279	73.00	9.00	6.02	56.05	93463.52	1847	0	BartonZwiebach	
1918	0:14:45	1/1/2019 	878494	77.00	8.00	6.08	56.05	93463.52	1848	0	BartonZwiebach	
1919	0:14:45	1/1/2019 	878903	68.00	8.00	5.95	56.05	93463.86	51831	0	BartonZwiebach	
1920	0:14:45	1/1/2019 	878906	118.00	8.00	7.09	56.05	93463.86	1846	0	BartonZwiebach	
1921	0:14:45	1/1/2019 	878924	70.00	8.00	5.98	56.05	93463.86	1847	0	BartonZwiebach	
1922	0:14:46	1/1/2019 	879841	70.00	8.00	5.98	56.05	93464.03	49792	0	BartonZwiebach	
1923	0:14:46	1/1/2019 	880016	69.00	8.00	5.97	56.05	93464.38	2604	0	BartonZwiebach	
1924	0:14:46	1/1/2019 	880290	79.00	8.00	6.12	56.05	93464.38	1853	0	BartonZwiebach	
1925	0:14:47	1/1/2019 	880780	92.00	8.00	6.39	56.05	93464.89	51919	0	BartonZwiebach	
1926	0:14:47	1/1/2019 	881140	64.00	8.00	5.92	56.05	93464.89	1848	0	BartonZwiebach	
1927	0:14:48	1/1/2019 	881459	122.00	9.00	7.21	56.05	93465.06	1846	0	BartonZwiebach	
1928	0:14:48	1/1/2019 	881715	583.00	17.00	14.84	56.05	93465.06	49793	0	BartonZwiebach	
1929	0:14:48	1/1/2019 	882354	711.00	30.00	19.69	56.05	93464.72	1849	0	BartonZwiebach	
1930	0:14:49	1/1/2019 	882552	79.00	8.00	6.12	56.05	93464.89	49795	0	BartonZwiebach	
1931	0:14:49	1/1/2019 	882855	75.00	8.00	6.05	56.05	93464.89	3832	0	BartonZwiebach	
1932	0:14:49	1/1/2019 	883129	118.00	8.00	7.09	56.05	93465.41	1848	0	BartonZwiebach	
1933	0:14:50	1/1/2019 	883609	191.00	9.00	9.10	56.05	93465.58	49790	0	BartonZwiebach	
1934	0:14:50	1/1/2019 	884016	73.00	8.00	6.02	56.05	93465.76	1849	0	BartonZwiebach	
1935	0:14:50	1/1/2019 	884380	72.00	7.00	6.00	56.05	93465.93	1847	0	BartonZwiebach	
1936	0:14:51	1/1/2019 	884451	76.00	8.00	6.07	56.05	93465.93	1849	0	BartonZwiebach	
1937	0:14:51	1/1/2019 	884554	66.00	7.00	5.93	56.05	93465.93	51776	0	BartonZwiebach	
1938	0:14:51	1/1/2019 	884732	98.00	8.00	6.54	56.05	93465.93	1849	0	BartonZwiebach	
1939	0:14:51	1/1/2019 	884744	66.00	8.00	5.93	56.05	93465.93	1847	0	BartonZwiebach	
1940	0:14:51	1/1/2019 	885067	73.00	8.00	6.02	56.05	93466.10	1847	0	BartonZwiebach	
1941	0:14:52	1/1/2019 	885577	65.00	8.00	5.92	56.05	93466.45	49789	0	BartonZwiebach	
1942	0:14:52	1/1/2019 	885777	71.00	8.00	5.99	56.05	93466.45	1847	0	BartonZwiebach	
1943	0:14:52	1/1/2019 	885816	69.00	8.00	5.97	56.05	93466.80	3832	0	BartonZwiebach	
1944	0:14:52	1/1/2019 	885869	75.00	8.00	6.05	56.05	93466.80	1847	0	BartonZwiebach	
1945	0:14:52	1/1/2019 	886358	140.00	8.00	7.73	56.05	93466.97	1846	0	BartonZwiebach	
1946	0:14:53	1/1/2019 	887311	65.00	8.00	5.92	56.05	93467.14	49789	0	BartonZwiebach	
1947	0:14:54	1/1/2019 	887481	65.00	8.00	5.92	56.05	93467.14	1849	0	BartonZwiebach	
1948	0:14:54	1/1/2019 	887979	73.00	8.00	6.02	56.05	93467.31	49790	0	BartonZwiebach	
1949	0:14:54	1/1/2019 	888088	71.00	8.00	5.99	56.05	93467.31	3886	0	BartonZwiebach	
1950	0:14:54	1/1/2019 	888198	76.00	8.00	6.07	56.05	93467.31	1847	0	BartonZwiebach	
1951	0:14:55	1/1/2019 	888477	67.00	8.00	5.94	56.05	93467.19	1847	0	BartonZwiebach	
1952	0:14:55	1/1/2019 	888639	74.00	8.00	6.03	56.05	93467.19	49791	0	BartonZwiebach	
1953	0:14:55	1/1/2019 	889342	89.00	8.00	6.32	56.05	93467.53	1846	0	BartonZwiebach	
1954	0:14:56	1/1/2019 	889421	72.00	8.00	6.00	56.05	93467.53	1848	0	BartonZwiebach	
1955	0:14:57	1/1/2019 	890416	63.00	8.00	5.91	56.05	93467.88	51778	0	BartonZwiebach	
1956	0:14:57	1/1/2019 	890587	64.00	8.00	5.92	56.05	93467.88	50546	0	BartonZwiebach	
1957	0:14:57	1/1/2019 	890633	528.00	13.00	13.56	56.05	93468.05	1846	0	BartonZwiebach	
1958	0:14:57	1/1/2019 	890981	64.00	9.00	5.92	56.05	93468.05	1850	0	BartonZwiebach	
1959	0:14:57	1/1/2019 	891005	68.00	8.00	5.95	56.05	93468.05	1847	0	BartonZwiebach	
1960	0:14:58	1/1/2019 	891447	69.00	7.00	5.96	56.05	93468.41	1847	0	BartonZwiebach	
1961	0:14:58	1/1/2019 	891651	109.00	6.00	6.83	56.05	93468.75	51916	0	BartonZwiebach	
1962	0:14:58	1/1/2019 	892085	67.00	8.00	5.94	56.05	93468.92	1848	0	BartonZwiebach	
1963	0:14:58	1/1/2019 	892253	116.00	7.00	7.03	56.05	93468.92	1846	0	BartonZwiebach	
1964	0:14:59	1/1/2019 	892443	68.00	8.00	5.95	56.05	93468.92	1850	0	BartonZwiebach	
1965	0:14:59	1/1/2019 	892786	158.00	9.00	8.25	56.05	93469.27	49792	0	BartonZwiebach	
1966	0:14:59	1/1/2019 	892968	66.00	8.00	5.93	56.05	93469.27	1848	0	BartonZwiebach	
1967	0:14:59	1/1/2019 	893133	77.00	8.00	6.08	56.04	93469.09	3831	0	BartonZwiebach	
1968	0:14:59	1/1/2019 	893153	78.00	8.00	6.10	56.04	93469.09	1846	0	BartonZwiebach	
1969	0:14:59	1/1/2019 	893230	214.00	9.00	9.62	56.04	93469.09	1847	0	BartonZwiebach	
1970	0:14:59	1/1/2019 	893324	128.00	8.00	7.38	56.04	93469.09	1849	0	BartonZwiebach	
1971	0:15:00	1/1/2019 	893639	65.00	6.00	5.92	56.04	93469.44	49790	0	BartonZwiebach	
1972	0:15:00	1/1/2019 	894003	966.00	93.00	28.72	56.04	93469.44	1849	0	BartonZwiebach	
1973	0:15:00	1/1/2019 	894060	69.00	8.00	5.97	56.04	93469.95	3834	0	BartonZwiebach	
1974	0:15:00	1/1/2019 	894203	548.00	15.00	14.01	56.04	93469.95	1847	0	BartonZwiebach	
1975	0:15:01	1/1/2019 	895388	71.00	8.00	5.99	56.04	93470.82	49795	0	BartonZwiebach	
1976	0:15:02	1/1/2019 	896074	63.00	8.00	5.91	56.04	93471.86	49792	0	BartonZwiebach	
1977	0:15:02	1/1/2019 	896196	64.00	8.00	5.92	56.04	93471.86	1849	0	BartonZwiebach	
1978	0:15:03	1/1/2019 	896498	68.00	8.00	5.95	56.04	93472.38	1848	0	BartonZwiebach	
1979	0:15:04	1/1/2019 	897593	66.00	8.00	5.93	56.04	93473.27	99723	0	BartonZwiebach	
1980	0:15:04	1/1/2019 	897673	65.00	8.00	5.92	56.04	93473.27	1849	0	BartonZwiebach	
1981	0:15:04	1/1/2019 	898150	87.00	8.00	6.28	56.04	93473.79	1848	0	BartonZwiebach	
1982	0:15:04	1/1/2019 	898277	93.00	8.00	6.42	56.04	93473.79	1847	0	BartonZwiebach	
1983	0:15:05	1/1/2019 	898642	533.00	15.00	13.79	56.04	93474.48	49791	0	BartonZwiebach	
1984	0:15:05	1/1/2019 	898935	72.00	8.00	6.00	56.04	93475.00	1852	0	BartonZwiebach	
1985	0:15:05	1/1/2019 	899113	66.00	8.00	5.93	56.04	93475.00	3831	0	BartonZwiebach	
1986	0:15:05	1/1/2019 	899379	65.00	8.00	5.92	56.04	93475.52	1847	0	BartonZwiebach	
1987	0:15:06	1/1/2019 	899826	76.00	8.00	6.07	56.04	93475.52	49792	0	BartonZwiebach	
1988	0:15:08	1/1/2019 	902303	64.00	8.00	5.92	56.04	93478.98	98490	0	BartonZwiebach	
1989	0:15:09	1/1/2019 	903200	103.00	8.00	6.67	56.04	93479.67	49791	0	BartonZwiebach	
1990	0:15:10	1/1/2019 	903709	86.00	8.00	6.26	56.04	93480.36	49792	0	BartonZwiebach	
1991	0:15:10	1/1/2019 	903962	65.00	8.00	5.92	56.04	93480.53	3972	0	BartonZwiebach	
1992	0:15:10	1/1/2019 	904207	557.00	16.00	14.24	56.04	93481.39	1847	0	BartonZwiebach	
1993	0:15:11	1/1/2019 	904659	69.00	8.00	5.97	56.04	93481.39	49794	0	BartonZwiebach	
1994	0:15:11	1/1/2019 	904662	70.00	8.00	5.98	56.04	93481.39	1848	0	BartonZwiebach	
1995	0:15:11	1/1/2019 	904750	68.00	8.00	5.95	56.04	93481.91	1847	0	BartonZwiebach	
1996	0:15:11	1/1/2019 	905081	66.00	8.00	5.93	56.04	93481.91	1848	0	BartonZwiebach	
1997	0:15:11	1/1/2019 	905108	67.00	8.00	5.94	56.04	93481.91	3831	0	BartonZwiebach	
1998	0:15:11	1/1/2019 	905311	430.00	11.00	12.55	56.04	93482.44	1848	0	BartonZwiebach	
1999	0:15:11	1/1/2019 	905371	67.00	8.00	5.94	56.04	93482.44	1849	0	BartonZwiebach	
2000	0:15:11	1/1/2019 	905420	67.00	8.00	5.94	56.04	93482.44	1847	0	BartonZwiebach	
2001	0:15:11	1/1/2019 	905613	192.00	9.00	9.12	56.04	93482.44	49793	0	BartonZwiebach	
2002	0:15:12	1/1/2019 	905707	74.00	8.00	6.03	56.04	93483.12	1851	0	BartonZwiebach	
2003	0:15:12	1/1/2019 	906328	68.00	7.00	5.95	56.04	93483.64	3837	0	BartonZwiebach	
2004	0:15:13	1/1/2019 	906843	64.00	8.00	5.92	56.04	93483.82	49794	0	BartonZwiebach	
2005	0:15:13	1/1/2019 	907001	73.00	8.00	6.02	56.04	93483.82	1847	0	BartonZwiebach	
2006	0:15:13	1/1/2019 	907026	80.00	8.00	6.14	56.04	93483.82	1847	0	BartonZwiebach	
2007	0:15:13	1/1/2019 	907101	69.00	8.00	5.97	56.04	93483.82	1848	0	BartonZwiebach	
2008	0:15:13	1/1/2019 	907242	65.00	8.00	5.92	56.04	93484.52	1847	0	BartonZwiebach	
2009	0:15:14	1/1/2019 	908155	70.00	8.00	5.98	56.04	93485.73	51776	0	BartonZwiebach	
2010	0:15:14	1/1/2019 	908329	64.00	8.00	5.92	56.04	93485.73	1849	0	BartonZwiebach	
2011	0:15:14	1/1/2019 	908556	998.00	962.00	307.32	56.04	93485.73	49792	0	BartonZwiebach	
2012	0:15:14	1/1/2019 	908573	120.00	8.00	7.15	56.04	93486.25	1851	0	BartonZwiebach	
2013	0:15:15	1/1/2019 	908698	64.00	8.00	5.92	56.04	93486.25	1848	0	BartonZwiebach	
2014	0:15:15	1/1/2019 	908743	66.00	8.00	5.93	56.04	93486.25	1847	0	BartonZwiebach	
2015	0:15:15	1/1/2019 	908850	127.00	9.00	7.36	56.04	93486.25	3833	0	BartonZwiebach	
2016	0:15:15	1/1/2019 	909031	71.00	8.00	5.99	56.04	93486.25	1849	0	BartonZwiebach	
2017	0:15:15	1/1/2019 	909188	64.00	8.00	5.92	56.04	93486.77	1846	0	BartonZwiebach	
2018	0:15:16	1/1/2019 	909784	63.00	8.00	5.91	56.04	93487.28	49791	0	BartonZwiebach	
2019	0:15:16	1/1/2019 	909954	63.00	8.00	5.91	56.04	93487.28	2603	0	BartonZwiebach	
2020	0:15:16	1/1/2019 	910287	78.00	9.00	6.10	56.04	93487.98	1846	0	BartonZwiebach	
2021	0:15:16	1/1/2019 	910488	66.00	8.00	5.93	56.04	93487.98	4026	0	BartonZwiebach	
2022	0:15:17	1/1/2019 	911252	214.00	9.00	9.62	56.04	93488.84	49792	0	BartonZwiebach	
2023	0:15:19	1/1/2019 	912849	64.00	8.00	5.92	56.04	93490.23	97738	0	BartonZwiebach	
2024	0:15:19	1/1/2019 	913550	90.00	8.00	6.35	56.04	93491.62	49793	0	BartonZwiebach	
2025	0:15:20	1/1/2019 	913857	71.00	8.00	5.99	56.04	93491.62	1854	0	BartonZwiebach	
2026	0:15:20	1/1/2019 	913950	72.00	8.00	6.00	56.04	93491.97	1853	0	BartonZwiebach	
2027	0:15:21	1/1/2019 	914966	87.00	8.00	6.28	56.04	93492.83	51774	0	BartonZwiebach	
2028	0:15:21	1/1/2019 	915409	212.00	9.00	9.58	56.04	93493.34	1847	0	BartonZwiebach	
2029	0:15:21	1/1/2019 	915557	83.00	8.00	6.19	56.04	93493.34	49795	0	BartonZwiebach	
2030	0:15:21	1/1/2019 	915631	65.00	7.00	5.92	56.04	93493.34	1847	0	BartonZwiebach	
2031	0:15:22	1/1/2019 	915723	78.00	9.00	6.10	56.04	93493.34	1849	0	BartonZwiebach	
2032	0:15:22	1/1/2019 	915914	579.00	16.00	14.65	56.04	93493.88	1852	0	BartonZwiebach	
2033	0:15:23	1/1/2019 	916684	66.00	8.00	5.93	56.04	93494.56	51782	0	BartonZwiebach	
2034	0:15:23	1/1/2019 	916711	90.00	8.00	6.35	56.04	93494.56	1848	0	BartonZwiebach	
2035	0:15:23	1/1/2019 	916857	171.00	9.00	8.60	56.04	93494.91	1846	0	BartonZwiebach	
2036	0:15:23	1/1/2019 	916984	63.00	8.00	5.91	56.04	93494.91	1848	0	BartonZwiebach	
2037	0:15:24	1/1/2019 	917675	246.00	10.00	10.26	56.04	93495.26	49791	0	BartonZwiebach	
2038	0:15:24	1/1/2019 	917887	66.00	7.00	5.93	56.04	93495.78	1851	0	BartonZwiebach	
2039	0:15:24	1/1/2019 	918140	68.00	9.00	5.95	56.04	93495.78	3835	0	BartonZwiebach	
2040	0:15:24	1/1/2019 	918207	66.00	8.00	5.93	56.04	93495.78	1849	0	BartonZwiebach	
2041	0:15:24	1/1/2019 	918301	64.00	8.00	5.92	56.04	93496.82	1847	0	BartonZwiebach	
2042	0:15:24	1/1/2019 	918554	138.00	8.00	7.67	56.04	93496.82	49788	0	BartonZwiebach	
2043	0:15:25	1/1/2019 	918914	68.00	8.00	5.95	56.04	93497.52	1848	0	BartonZwiebach	
2044	0:15:26	1/1/2019 	919750	107.00	8.00	6.78	56.04	93498.20	49794	0	BartonZwiebach	
2045	0:15:26	1/1/2019 	919900	64.00	8.00	5.92	56.04	93498.20	4734	0	BartonZwiebach	
2046	0:15:26	1/1/2019 	920194	70.00	8.00	5.98	56.04	93498.20	1845	0	BartonZwiebach	
2047	0:15:26	1/1/2019 	920472	65.00	8.00	5.92	56.04	93498.55	1847	0	BartonZwiebach	
2048	0:15:27	1/1/2019 	920932	919.00	77.00	26.00	56.04	93499.07	49792	0	BartonZwiebach	
2049	0:15:27	1/1/2019 	920952	207.00	9.00	9.47	56.04	93499.07	1851	0	BartonZwiebach	
2050	0:15:27	1/1/2019 	921349	64.00	8.00	5.92	56.04	93499.42	1849	0	BartonZwiebach	
2051	0:15:28	1/1/2019 	921804	72.00	8.00	6.00	56.04	93499.94	51775	0	BartonZwiebach	
2052	0:15:28	1/1/2019 	921840	69.00	8.00	5.97	56.04	93499.94	1847	0	BartonZwiebach	
2053	0:15:28	1/1/2019 	921858	912.00	119.00	33.71	56.04	93499.94	1848	0	BartonZwiebach	
2054	0:15:28	1/1/2019 	922597	64.00	8.00	5.92	56.04	93500.78	49798	0	BartonZwiebach	
2055	0:15:29	1/1/2019 	922666	67.00	8.00	5.94	56.04	93500.95	1845	0	BartonZwiebach	
2056	0:15:29	1/1/2019 	922924	65.00	8.00	5.92	56.04	93500.95	1849	0	BartonZwiebach	
2057	0:15:29	1/1/2019 	923551	64.00	8.00	5.92	56.04	93501.47	51776	0	BartonZwiebach	
2058	0:15:30	1/1/2019 	923796	64.00	8.00	5.92	56.04	93501.82	1846	0	BartonZwiebach	
2059	0:15:30	1/1/2019 	924212	70.00	8.00	5.98	56.04	93502.17	1846	0	BartonZwiebach	
2060	0:15:31	1/1/2019 	924765	105.00	8.00	6.73	56.04	93502.52	49791	0	BartonZwiebach	
2061	0:15:32	1/1/2019 	926193	69.00	8.00	5.97	56.05	93503.56	49793	0	BartonZwiebach	
2062	0:15:32	1/1/2019 	926208	70.00	8.00	5.98	56.05	93503.56	1848	0	BartonZwiebach	
2063	0:15:32	1/1/2019 	926416	926.00	63.00	24.08	56.05	93503.56	3886	0	BartonZwiebach	
2064	0:15:32	1/1/2019 	926466	70.00	8.00	5.98	56.05	93503.56	1849	0	BartonZwiebach	
2065	0:15:32	1/1/2019 	926479	66.00	8.00	5.93	56.05	93503.56	1847	0	BartonZwiebach	
2066	0:15:32	1/1/2019 	926493	156.00	8.00	8.19	56.05	93503.56	1846	0	BartonZwiebach	
2067	0:15:33	1/1/2019 	927012	65.00	8.00	5.92	56.05	93504.25	49793	0	BartonZwiebach	
2068	0:15:33	1/1/2019 	927115	66.00	8.00	5.93	56.05	93504.25	1848	0	BartonZwiebach	
2069	0:15:33	1/1/2019 	927232	80.00	8.00	6.14	56.05	93504.25	3830	0	BartonZwiebach	
2070	0:15:33	1/1/2019 	927275	65.00	8.00	5.92	56.05	93504.25	1846	0	BartonZwiebach	
2071	0:15:33	1/1/2019 	927557	205.00	9.00	9.42	56.05	93504.59	49791	0	BartonZwiebach	
2072	0:15:34	1/1/2019 	927745	67.00	8.00	5.94	56.05	93504.59	1850	0	BartonZwiebach	
2073	0:15:34	1/1/2019 	927874	64.00	8.00	5.92	56.05	93504.59	1848	0	BartonZwiebach	
2074	0:15:34	1/1/2019 	927951	142.00	8.00	7.79	56.05	93504.59	1845	0	BartonZwiebach	
2075	0:15:34	1/1/2019 	928005	76.00	9.00	6.07	56.05	93504.95	3831	0	BartonZwiebach	
2076	0:15:34	1/1/2019 	928114	125.00	8.00	7.29	56.05	93504.95	1849	0	BartonZwiebach	
2077	0:15:34	1/1/2019 	928140	144.00	9.00	7.85	56.05	93504.95	1846	0	BartonZwiebach	
2078	0:15:34	1/1/2019 	928228	73.00	8.00	6.02	56.05	93504.95	1848	0	BartonZwiebach	
2079	0:15:35	1/1/2019 	928733	64.00	8.00	5.92	56.05	93505.28	49791	0	BartonZwiebach	
2080	0:15:35	1/1/2019 	928836	88.00	7.00	6.30	56.05	93505.28	1847	0	BartonZwiebach	
2081	0:15:35	1/1/2019 	929131	70.00	8.00	5.98	56.05	93505.63	3834	0	BartonZwiebach	
2082	0:15:35	1/1/2019 	929272	112.00	9.00	6.92	56.05	93505.63	1847	0	BartonZwiebach	
2083	0:15:35	1/1/2019 	929369	69.00	8.00	5.97	56.05	93505.63	1849	0	BartonZwiebach	
2084	0:15:35	1/1/2019 	929480	135.00	9.00	7.59	56.05	93506.28	1847	0	BartonZwiebach	
2085	0:15:36	1/1/2019 	929694	128.00	9.00	7.39	56.05	93506.28	49795	0	BartonZwiebach	
2086	0:15:36	1/1/2019 	929926	109.00	8.00	6.84	56.05	93506.62	2606	0	BartonZwiebach	
2087	0:15:36	1/1/2019 	930044	66.00	8.00	5.93	56.05	93506.62	3977	0	BartonZwiebach	
2088	0:15:36	1/1/2019 	930382	65.00	8.00	5.92	56.05	93506.62	1853	0	BartonZwiebach	
2089	0:15:36	1/1/2019 	930449	337.00	10.00	11.60	56.05	93506.97	1852	0	BartonZwiebach	
2090	0:15:36	1/1/2019 	930566	84.00	9.00	6.22	56.05	93506.97	49796	0	BartonZwiebach	
2091	0:15:37	1/1/2019 	930768	168.00	9.00	8.52	56.05	93506.97	1849	0	BartonZwiebach	
2092	0:15:37	1/1/2019 	930785	67.00	9.00	5.94	56.05	93506.97	1850	0	BartonZwiebach	
2093	0:15:37	1/1/2019 	931108	69.00	8.00	5.97	56.05	93507.14	3834	0	BartonZwiebach	
2094	0:15:37	1/1/2019 	931345	71.00	8.00	5.99	56.05	93507.14	1847	0	BartonZwiebach	
2095	0:15:37	1/1/2019 	931422	74.00	8.00	6.03	56.05	93507.32	1847	0	BartonZwiebach	
2096	0:15:38	1/1/2019 	931649	775.00	41.00	21.52	56.05	93507.32	49792	0	BartonZwiebach	
2097	0:15:38	1/1/2019 	931970	77.00	8.00	6.08	56.05	93507.66	1850	0	BartonZwiebach	
2098	0:15:38	1/1/2019 	932051	71.00	8.00	5.99	56.05	93507.66	1847	0	BartonZwiebach	
2099	0:15:38	1/1/2019 	932205	878.00	56.00	23.25	56.05	93507.66	3831	0	BartonZwiebach	
2100	0:15:38	1/1/2019 	932355	66.00	9.00	5.93	56.05	93507.84	1850	0	BartonZwiebach	
2101	0:15:38	1/1/2019 	932452	64.00	8.00	5.92	56.05	93507.84	1849	0	BartonZwiebach	
2102	0:15:38	1/1/2019 	932607	70.00	9.00	5.98	56.05	93507.84	49789	0	BartonZwiebach	
2103	0:15:39	1/1/2019 	932668	354.00	15.00	11.99	56.05	93507.84	1849	0	BartonZwiebach	
2104	0:15:39	1/1/2019 	932894	64.00	8.00	5.92	56.05	93508.19	1851	0	BartonZwiebach	
2105	0:15:39	1/1/2019 	932927	110.00	9.00	6.87	56.05	93508.19	3885	0	BartonZwiebach	
2106	0:15:39	1/1/2019 	933079	66.00	8.00	5.93	56.05	93508.19	1848	0	BartonZwiebach	
2107	0:15:39	1/1/2019 	933319	162.00	9.00	8.36	56.05	93508.36	1846	0	BartonZwiebach	
2108	0:15:40	1/1/2019 	933993	72.00	8.00	6.00	56.05	93508.53	49794	0	BartonZwiebach	
2109	0:15:40	1/1/2019 	934095	190.00	9.00	9.08	56.05	93508.53	1848	0	BartonZwiebach	
2110	0:15:40	1/1/2019 	934351	67.00	8.00	5.94	56.05	93508.70	3834	0	BartonZwiebach	
2111	0:15:40	1/1/2019 	934383	74.00	8.00	6.03	56.05	93508.70	1847	0	BartonZwiebach	
2112	0:15:41	1/1/2019 	934661	64.00	8.00	5.92	56.05	93508.70	49791	0	BartonZwiebach	
2113	0:15:41	1/1/2019 	935173	71.00	8.00	5.99	56.05	93509.05	1847	0	BartonZwiebach	
2114	0:15:41	1/1/2019 	935248	86.00	8.00	6.26	56.05	93509.22	1847	0	BartonZwiebach	
2115	0:15:41	1/1/2019 	935298	69.00	8.00	5.97	56.05	93509.22	1846	0	BartonZwiebach	
2116	0:15:41	1/1/2019 	935444	881.00	61.00	23.81	56.05	93509.22	1847	0	BartonZwiebach	
2117	0:15:41	1/1/2019 	935577	64.00	8.00	5.92	56.05	93509.22	51780	0	BartonZwiebach	
2118	0:15:42	1/1/2019 	936147	65.00	9.00	5.92	56.05	93509.57	1845	0	BartonZwiebach	
2119	0:15:42	1/1/2019 	936149	64.00	8.00	5.92	56.05	93509.57	1850	0	BartonZwiebach	
2120	0:15:42	1/1/2019 	936451	65.00	8.00	5.92	56.05	93509.74	1846	0	BartonZwiebach	
2121	0:15:43	1/1/2019 	936661	194.00	9.00	9.17	56.05	93509.74	49791	0	BartonZwiebach	
2122	0:15:43	1/1/2019 	936688	572.00	21.00	14.94	56.05	93510.09	3834	0	BartonZwiebach	
2123	0:15:43	1/1/2019 	936977	68.00	8.00	5.95	56.05	93510.09	1849	0	BartonZwiebach	
2124	0:15:43	1/1/2019 	937050	570.00	16.00	14.47	56.05	93510.09	1846	0	BartonZwiebach	
2125	0:15:43	1/1/2019 	937354	133.00	8.00	7.53	56.05	93510.27	1848	0	BartonZwiebach	
2126	0:15:43	1/1/2019 	937374	66.00	9.00	5.93	56.05	93510.27	1846	0	BartonZwiebach	
2127	0:15:44	1/1/2019 	937671	66.00	8.00	5.93	56.05	93510.61	49792	0	BartonZwiebach	
2128	0:15:44	1/1/2019 	937931	69.00	12.00	5.97	56.05	93510.61	3833	0	BartonZwiebach	
2129	0:15:45	1/1/2019 	938834	61.00	9.00	5.90	56.05	93511.12	49794	0	BartonZwiebach	
2130	0:15:45	1/1/2019 	939422	65.00	8.00	5.92	56.05	93511.65	1854	0	BartonZwiebach	
2131	0:15:46	1/1/2019 	939709	206.00	10.00	9.46	56.05	93512.00	49792	0	BartonZwiebach	
2132	0:15:46	1/1/2019 	939733	123.00	9.00	7.24	56.05	93512.00	2801	0	BartonZwiebach	
2133	0:15:46	1/1/2019 	939938	72.00	8.00	6.00	56.05	93512.00	1849	0	BartonZwiebach	
2134	0:15:46	1/1/2019 	939986	67.00	8.00	5.94	56.05	93512.00	3972	0	BartonZwiebach	
2135	0:15:46	1/1/2019 	940210	70.00	8.00	5.98	56.05	93512.34	1847	0	BartonZwiebach	
2136	0:15:46	1/1/2019 	940214	81.00	8.00	6.15	56.05	93512.34	1848	0	BartonZwiebach	
2137	0:15:47	1/1/2019 	940790	531.00	24.00	14.31	56.05	93513.04	49793	0	BartonZwiebach	
2138	0:15:47	1/1/2019 	940891	70.00	8.00	5.98	56.05	93513.04	1849	0	BartonZwiebach	
2139	0:15:47	1/1/2019 	940928	88.00	8.00	6.30	56.05	93513.04	1847	0	BartonZwiebach	
2140	0:15:47	1/1/2019 	941031	67.00	8.00	5.94	56.05	93513.04	3832	0	BartonZwiebach	
2141	0:15:47	1/1/2019 	941349	163.00	9.00	8.38	56.05	93513.39	1846	0	BartonZwiebach	
2142	0:15:47	1/1/2019 	941378	982.00	523.00	90.02	56.05	93513.39	1850	0	BartonZwiebach	
2143	0:15:47	1/1/2019 	941398	113.00	8.00	6.95	56.05	93513.39	1850	0	BartonZwiebach	
2144	0:15:48	1/1/2019 	941683	123.00	9.00	7.24	56.05	93513.73	49790	0	BartonZwiebach	
2145	0:15:48	1/1/2019 	941779	215.00	9.00	9.64	56.05	93513.73	1850	0	BartonZwiebach	
2146	0:15:48	1/1/2019 	941829	143.00	9.00	7.82	56.05	93513.73	3889	0	BartonZwiebach	
2147	0:15:48	1/1/2019 	941843	611.00	20.00	15.84	56.05	93513.73	1850	0	BartonZwiebach	
2148	0:15:48	1/1/2019 	941902	680.00	33.00	19.36	56.05	93513.73	1851	0	BartonZwiebach	
2149	0:15:48	1/1/2019 	942303	98.00	8.00	6.54	56.05	93514.08	1850	0	BartonZwiebach	
2150	0:15:48	1/1/2019 	942321	66.00	8.00	5.93	56.05	93514.08	1847	0	BartonZwiebach	
2151	0:15:48	1/1/2019 	942342	71.00	8.00	5.99	56.05	93514.08	1847	0	BartonZwiebach	
2152	0:15:48	1/1/2019 	942598	536.00	14.00	13.75	56.05	93514.59	51775	0	BartonZwiebach	
2153	0:15:49	1/1/2019 	942761	153.00	9.00	8.11	56.05	93514.59	1849	0	BartonZwiebach	
2154	0:15:49	1/1/2019 	942769	66.00	8.00	5.93	56.05	93514.59	1849	0	BartonZwiebach	
2155	0:15:49	1/1/2019 	942907	953.00	106.00	31.19	56.05	93514.59	1848	0	BartonZwiebach	
2156	0:15:50	1/1/2019 	943777	70.00	8.00	5.98	56.05	93515.29	49796	0	BartonZwiebach	
2157	0:15:50	1/1/2019 	943794	64.00	7.00	5.91	56.05	93515.29	1847	0	BartonZwiebach	
2158	0:15:50	1/1/2019 	944021	64.00	8.00	5.92	56.05	93515.81	3833	0	BartonZwiebach	
2159	0:15:50	1/1/2019 	944178	64.00	8.00	5.92	56.05	93515.81	1846	0	BartonZwiebach	
2160	0:15:50	1/1/2019 	944259	72.00	8.00	6.00	56.05	93515.81	1846	0	BartonZwiebach	
2161	0:15:50	1/1/2019 	944272	68.00	8.00	5.95	56.05	93515.81	1847	0	BartonZwiebach	
2162	0:15:50	1/1/2019 	944303	224.00	9.00	9.82	56.05	93515.81	1846	0	BartonZwiebach	
2163	0:15:50	1/1/2019 	944599	82.00	8.00	6.17	56.05	93516.33	49791	0	BartonZwiebach	
2164	0:15:51	1/1/2019 	944949	83.00	8.00	6.19	56.05	93516.67	3832	0	BartonZwiebach	
2165	0:15:51	1/1/2019 	945609	65.00	8.00	5.92	56.05	93517.20	49790	0	BartonZwiebach	
2166	0:15:52	1/1/2019 	946249	64.00	8.00	5.92	56.05	93517.71	1847	0	BartonZwiebach	
2167	0:15:52	1/1/2019 	946463	72.00	9.00	6.01	56.05	93518.23	1847	0	BartonZwiebach	
2168	0:15:52	1/1/2019 	946478	65.00	8.00	5.92	56.05	93518.23	1850	0	BartonZwiebach	
2169	0:15:53	1/1/2019 	947141	66.00	9.00	5.93	56.05	93518.75	49789	0	BartonZwiebach	
2170	0:15:53	1/1/2019 	947425	78.00	8.00	6.10	56.05	93519.80	3834	0	BartonZwiebach	
2171	0:15:54	1/1/2019 	947646	64.00	8.00	5.92	56.05	93519.80	49789	0	BartonZwiebach	
2172	0:15:54	1/1/2019 	947997	66.00	8.00	5.93	56.05	93520.48	1846	0	BartonZwiebach	
2173	0:15:54	1/1/2019 	948306	66.00	8.00	5.93	56.05	93520.48	1847	0	BartonZwiebach	
2174	0:15:55	1/1/2019 	948648	72.00	8.00	6.00	56.05	93521.02	49791	0	BartonZwiebach	
2175	0:15:55	1/1/2019 	948712	66.00	8.00	5.93	56.05	93521.02	1848	0	BartonZwiebach	
2176	0:15:55	1/1/2019 	948748	270.00	11.00	10.69	56.05	93521.02	3832	0	BartonZwiebach	
2177	0:15:55	1/1/2019 	948868	84.00	8.00	6.21	56.05	93521.70	1850	0	BartonZwiebach	
2178	0:15:55	1/1/2019 	948881	592.00	27.00	15.87	56.05	93521.70	1848	0	BartonZwiebach	
2179	0:15:55	1/1/2019 	949065	143.00	9.00	7.82	56.05	93521.70	1850	0	BartonZwiebach	
2180	0:15:55	1/1/2019 	949617	70.00	9.00	5.98	56.05	93522.22	49792	0	BartonZwiebach	
2181	0:15:56	1/1/2019 	949804	90.00	9.00	6.35	56.05	93522.74	2799	0	BartonZwiebach	
2182	0:15:56	1/1/2019 	950027	78.00	8.00	6.10	56.05	93522.74	3973	0	BartonZwiebach	
2183	0:15:56	1/1/2019 	950052	64.00	8.00	5.92	56.05	93522.74	1847	0	BartonZwiebach	
2184	0:15:56	1/1/2019 	950187	132.00	9.00	7.50	56.05	93522.74	1845	0	BartonZwiebach	
2185	0:15:56	1/1/2019 	950434	66.00	8.00	5.93	56.05	93523.08	1850	0	BartonZwiebach	
2186	0:15:57	1/1/2019 	951085	64.00	8.00	5.92	56.05	93523.60	49793	0	BartonZwiebach	
2187	0:15:57	1/1/2019 	951478	64.00	9.00	5.92	56.05	93524.47	1847	0	BartonZwiebach	
2188	0:15:58	1/1/2019 	951796	68.00	8.00	5.95	56.05	93524.99	51830	0	BartonZwiebach	
2189	0:15:58	1/1/2019 	952002	64.00	8.00	5.92	56.05	93524.99	1848	0	BartonZwiebach	
2190	0:15:58	1/1/2019 	952102	72.00	8.00	6.00	56.05	93524.99	1845	0	BartonZwiebach	
2191	0:15:59	1/1/2019 	953284	909.00	67.00	24.58	56.05	93526.73	49792	0	BartonZwiebach	
2192	0:15:59	1/1/2019 	953341	99.00	8.00	6.57	56.05	93526.73	1851	0	BartonZwiebach	
2193	0:15:59	1/1/2019 	953379	66.00	8.00	5.93	56.05	93526.73	1847	0	BartonZwiebach	
2194	0:15:59	1/1/2019 	953477	911.00	66.00	24.45	56.05	93526.73	3832	0	BartonZwiebach	
2195	0:16:00	1/1/2019 	953749	72.00	8.00	6.00	56.05	93527.07	49797	0	BartonZwiebach	
2196	0:16:00	1/1/2019 	954192	73.00	8.00	6.02	56.05	93527.77	1848	0	BartonZwiebach	
2197	0:16:00	1/1/2019 	954218	949.00	101.00	30.22	56.05	93527.77	1848	0	BartonZwiebach	
2198	0:16:00	1/1/2019 	954454	87.00	8.00	6.28	56.05	93527.77	1850	0	BartonZwiebach	
2199	0:16:01	1/1/2019 	954735	78.00	8.00	6.10	56.05	93528.45	49791	0	BartonZwiebach	
2200	0:16:01	1/1/2019 	955107	67.00	8.00	5.94	56.05	93528.45	3833	0	BartonZwiebach	
2201	0:16:01	1/1/2019 	955224	188.00	9.00	9.03	56.05	93528.98	1846	0	BartonZwiebach	
2202	0:16:01	1/1/2019 	955248	66.00	8.00	5.93	56.05	93528.98	1849	0	BartonZwiebach	
2203	0:16:01	1/1/2019 	955574	78.00	8.00	6.10	56.05	93528.98	49791	0	BartonZwiebach	
2204	0:16:02	1/1/2019 	955673	63.00	8.00	5.91	56.05	93529.50	1847	0	BartonZwiebach	
2205	0:16:02	1/1/2019 	955694	183.00	9.00	8.90	56.05	93529.50	1848	0	BartonZwiebach	
2206	0:16:02	1/1/2019 	955882	138.00	8.00	7.67	56.05	93529.50	3834	0	BartonZwiebach	
2207	0:16:02	1/1/2019 	956166	91.00	8.00	6.37	56.06	93530.34	1847	0	BartonZwiebach	
2208	0:16:02	1/1/2019 	956202	64.00	8.00	5.92	56.06	93530.34	1847	0	BartonZwiebach	
2209	0:16:02	1/1/2019 	956314	68.00	8.00	5.95	56.06	93530.34	1845	0	BartonZwiebach	
2210	0:16:02	1/1/2019 	956423	158.00	9.00	8.25	56.06	93530.34	1847	0	BartonZwiebach	
2211	0:16:03	1/1/2019 	956893	66.00	8.00	5.93	56.06	93531.03	49793	0	BartonZwiebach	
2212	0:16:03	1/1/2019 	956952	128.00	8.00	7.38	56.06	93531.03	3833	0	BartonZwiebach	
2213	0:16:03	1/1/2019 	957098	65.00	8.00	5.92	56.06	93531.55	1846	0	BartonZwiebach	
2214	0:16:03	1/1/2019 	957342	492.00	13.00	13.19	56.06	93531.55	1847	0	BartonZwiebach	
2215	0:16:03	1/1/2019 	957383	73.00	8.00	6.02	56.06	93531.55	1850	0	BartonZwiebach	
2216	0:16:03	1/1/2019 	957439	543.00	14.00	13.84	56.06	93531.55	1847	0	BartonZwiebach	
2217	0:16:03	1/1/2019 	957566	65.00	8.00	5.92	56.06	93531.90	49794	0	BartonZwiebach	
2218	0:16:04	1/1/2019 	958058	67.00	8.00	5.94	56.06	93532.42	3831	0	BartonZwiebach	
2219	0:16:04	1/1/2019 	958152	68.00	8.00	5.95	56.06	93532.42	1848	0	BartonZwiebach	
2220	0:16:04	1/1/2019 	958612	94.00	8.00	6.44	56.06	93533.11	49791	0	BartonZwiebach	
2221	0:16:05	1/1/2019 	958933	252.00	10.00	10.37	56.06	93533.11	1848	0	BartonZwiebach	
2222	0:16:05	1/1/2019 	959005	98.00	9.00	6.54	56.06	93533.62	1854	0	BartonZwiebach	
2223	0:16:06	1/1/2019 	959752	69.00	8.00	5.97	56.06	93534.50	49799	0	BartonZwiebach	
2224	0:16:06	1/1/2019 	959918	72.00	8.00	6.00	56.06	93534.50	4921	0	BartonZwiebach	
2225	0:16:06	1/1/2019 	960121	74.00	8.00	6.03	56.06	93535.02	1846	0	BartonZwiebach	
2226	0:16:06	1/1/2019 	960370	472.00	13.00	13.01	56.06	93535.02	1847	0	BartonZwiebach	
2227	0:16:06	1/1/2019 	960637	68.00	8.00	5.95	56.06	93535.37	49796	0	BartonZwiebach	
2228	0:16:07	1/1/2019 	960792	69.00	8.00	5.97	56.06	93535.37	1847	0	BartonZwiebach	
2229	0:16:07	1/1/2019 	960846	127.00	9.00	7.36	56.06	93535.37	1847	0	BartonZwiebach	
2230	0:16:07	1/1/2019 	961277	65.00	8.00	5.92	56.06	93536.06	3888	0	BartonZwiebach	
2231	0:16:07	1/1/2019 	961341	76.00	8.00	6.07	56.06	93536.06	1847	0	BartonZwiebach	
2232	0:16:08	1/1/2019 	961705	204.00	9.00	9.40	56.06	93536.58	49789	0	BartonZwiebach	
2233	0:16:08	1/1/2019 	961811	75.00	8.00	6.05	56.06	93536.58	1850	0	BartonZwiebach	
2234	0:16:08	1/1/2019 	962161	106.00	8.00	6.75	56.06	93537.28	1847	0	BartonZwiebach	
2235	0:16:08	1/1/2019 	962245	66.00	9.00	5.93	56.06	93537.28	1847	0	BartonZwiebach	
2236	0:16:08	1/1/2019 	962599	68.00	9.00	5.95	56.06	93537.97	51779	0	BartonZwiebach	
2237	0:16:09	1/1/2019 	962843	71.00	8.00	5.99	56.06	93537.97	1850	0	BartonZwiebach	
2238	0:16:09	1/1/2019 	962899	65.00	8.00	5.92	56.06	93538.49	1848	0	BartonZwiebach	
2239	0:16:09	1/1/2019 	963092	104.00	8.00	6.70	56.06	93538.49	1848	0	BartonZwiebach	
2240	0:16:09	1/1/2019 	963326	65.00	8.00	5.92	56.06	93538.49	1848	0	BartonZwiebach	
2241	0:16:09	1/1/2019 	963441	66.00	8.00	5.93	56.06	93538.84	1882	0	BartonZwiebach	
2242	0:16:09	1/1/2019 	963618	70.00	8.00	5.98	56.06	93538.84	51775	0	BartonZwiebach	
2243	0:16:10	1/1/2019 	964315	66.00	8.00	5.93	56.06	93539.66	1847	0	BartonZwiebach	
2244	0:16:10	1/1/2019 	964578	75.00	8.00	6.05	56.06	93540.34	49792	0	BartonZwiebach	
2245	0:16:10	1/1/2019 	964634	96.00	8.00	6.49	56.06	93540.34	1846	0	BartonZwiebach	
2246	0:16:11	1/1/2019 	964663	961.00	143.00	38.14	56.06	93540.34	1846	0	BartonZwiebach	
2247	0:16:11	1/1/2019 	964704	75.00	8.00	6.05	56.06	93540.34	1851	0	BartonZwiebach	
2248	0:16:11	1/1/2019 	964716	69.00	8.00	5.97	56.06	93540.34	3832	0	BartonZwiebach	
2249	0:16:11	1/1/2019 	964848	68.00	8.00	5.95	56.06	93540.69	1847	0	BartonZwiebach	
2250	0:16:11	1/1/2019 	965242	91.00	8.00	6.37	56.06	93540.69	1847	0	BartonZwiebach	
2251	0:16:11	1/1/2019 	965247	85.00	8.00	6.24	56.06	93540.69	1846	0	BartonZwiebach	
2252	0:16:11	1/1/2019 	965329	59.00	8.00	5.89	56.06	93541.39	1847	0	BartonZwiebach	
2253	0:16:12	1/1/2019 	965744	69.00	8.00	5.97	56.06	93541.39	49791	0	BartonZwiebach	
2254	0:16:12	1/1/2019 	965771	63.00	9.00	5.91	56.06	93541.39	3832	0	BartonZwiebach	
2255	0:16:12	1/1/2019 	965927	65.00	8.00	5.92	56.06	93541.73	1848	0	BartonZwiebach	
2256	0:16:12	1/1/2019 	966230	179.00	9.00	8.80	56.06	93541.73	1847	0	BartonZwiebach	
2257	0:16:13	1/1/2019 	967019	63.00	9.00	5.91	56.07	93542.95	49794	0	BartonZwiebach	
2258	0:16:13	1/1/2019 	967104	217.00	9.00	9.68	56.07	93542.95	1851	0	BartonZwiebach	
2259	0:16:13	1/1/2019 	967314	72.00	8.00	6.00	56.07	93543.30	1850	0	BartonZwiebach	
2260	0:16:13	1/1/2019 	967599	66.00	8.00	5.93	56.07	93543.30	51775	0	BartonZwiebach	
2261	0:16:14	1/1/2019 	967656	66.00	8.00	5.93	56.07	93543.30	1847	0	BartonZwiebach	
2262	0:16:14	1/1/2019 	967712	66.00	8.00	5.93	56.07	93543.64	1848	0	BartonZwiebach	
2263	0:16:14	1/1/2019 	967751	186.00	9.00	8.98	56.07	93543.64	1848	0	BartonZwiebach	
2264	0:16:14	1/1/2019 	968302	72.00	7.00	6.00	56.07	93544.16	1849	0	BartonZwiebach	
2265	0:16:14	1/1/2019 	968356	71.00	8.00	5.99	56.07	93544.16	1848	0	BartonZwiebach	
2266	0:16:15	1/1/2019 	969067	63.00	8.00	5.91	56.07	93544.86	51776	0	BartonZwiebach	
2267	0:16:15	1/1/2019 	969206	441.00	12.00	12.70	56.07	93545.20	1848	0	BartonZwiebach	
2268	0:16:15	1/1/2019 	969589	66.00	9.00	5.93	56.07	93545.20	49794	0	BartonZwiebach	
2269	0:16:15	1/1/2019 	969608	67.00	8.00	5.94	56.07	93545.20	2799	0	BartonZwiebach	
2270	0:16:16	1/1/2019 	969854	73.00	8.00	6.02	56.07	93545.91	1847	0	BartonZwiebach	
2271	0:16:16	1/1/2019 	969960	65.00	8.00	5.92	56.07	93545.91	1848	0	BartonZwiebach	
2272	0:16:16	1/1/2019 	970066	139.00	8.00	7.70	56.07	93545.91	4025	0	BartonZwiebach	
2273	0:16:16	1/1/2019 	970182	66.00	8.00	5.93	56.07	93546.42	1847	0	BartonZwiebach	
2274	0:16:17	1/1/2019 	970780	953.00	146.00	38.64	56.07	93547.27	49791	0	BartonZwiebach	
2275	0:16:17	1/1/2019 	970816	74.00	8.00	6.03	56.07	93547.27	1851	0	BartonZwiebach	
2276	0:16:17	1/1/2019 	970950	424.00	12.00	12.56	56.07	93547.27	1847	0	BartonZwiebach	
2277	0:16:17	1/1/2019 	971184	69.00	8.00	5.97	56.07	93547.78	1850	0	BartonZwiebach	
2278	0:16:17	1/1/2019 	971325	76.00	8.00	6.07	56.07	93547.78	3831	0	BartonZwiebach	
2279	0:16:18	1/1/2019 	971981	68.00	8.00	5.95	56.07	93548.30	49789	0	BartonZwiebach	
2280	0:16:18	1/1/2019 	972132	135.00	9.00	7.59	56.07	93548.66	1848	0	BartonZwiebach	
2281	0:16:18	1/1/2019 	972263	754.00	38.00	21.10	56.07	93548.66	1849	0	BartonZwiebach	
2282	0:16:19	1/1/2019 	972721	64.00	9.00	5.92	56.07	93549.34	49796	0	BartonZwiebach	
2283	0:16:19	1/1/2019 	972812	73.00	8.00	6.02	56.07	93549.34	1849	0	BartonZwiebach	
2284	0:16:19	1/1/2019 	973071	69.00	8.00	5.97	56.07	93550.05	3776	0	BartonZwiebach	
2285	0:16:19	1/1/2019 	973101	78.00	8.00	6.10	56.07	93550.05	1846	0	BartonZwiebach	
2286	0:16:19	1/1/2019 	973458	65.00	8.00	5.92	56.07	93550.05	1847	0	BartonZwiebach	
2287	0:16:20	1/1/2019 	973659	64.00	9.00	5.92	56.07	93550.56	49791	0	BartonZwiebach	
2288	0:16:20	1/1/2019 	973692	290.00	11.00	11.01	56.07	93550.56	1849	0	BartonZwiebach	
2289	0:16:20	1/1/2019 	973770	163.00	9.00	8.38	56.07	93550.56	6287	0	BartonZwiebach	
2290	0:16:20	1/1/2019 	973921	387.00	11.00	12.18	56.07	93550.56	1848	0	BartonZwiebach	
2291	0:16:20	1/1/2019 	973974	113.00	8.00	6.95	56.07	93550.56	1850	0	BartonZwiebach	
2292	0:16:20	1/1/2019 	974273	102.00	12.00	6.65	56.07	93551.08	1847	0	BartonZwiebach	
2293	0:16:20	1/1/2019 	974346	122.00	8.00	7.21	56.07	93551.08	1848	0	BartonZwiebach	
2294	0:16:21	1/1/2019 	975114	72.00	8.00	6.00	56.07	93552.12	49791	0	BartonZwiebach	
2295	0:16:21	1/1/2019 	975219	81.00	8.00	6.15	56.07	93552.12	3832	0	BartonZwiebach	
2296	0:16:22	1/1/2019 	975734	951.00	119.00	33.74	56.07	93552.64	49790	0	BartonZwiebach	
2297	0:16:22	1/1/2019 	976042	176.00	9.00	8.73	56.07	93553.16	1851	0	BartonZwiebach	
2298	0:16:22	1/1/2019 	976621	70.00	8.00	5.98	56.07	93553.68	49792	0	BartonZwiebach	
2299	0:16:23	1/1/2019 	976664	83.00	8.00	6.19	56.07	93553.68	1847	0	BartonZwiebach	
2300	0:16:23	1/1/2019 	976715	249.00	10.00	10.31	56.07	93553.68	1847	0	BartonZwiebach	
2301	0:16:23	1/1/2019 	976826	693.00	29.00	19.23	56.07	93553.68	3835	0	BartonZwiebach	
2302	0:16:23	1/1/2019 	976976	78.00	8.00	6.10	56.08	93554.38	1853	0	BartonZwiebach	
2303	0:16:23	1/1/2019 	977226	64.00	8.00	5.92	56.08	93554.38	1853	0	BartonZwiebach	
2304	0:16:24	1/1/2019 	977754	254.00	11.00	10.42	56.08	93554.89	49795	0	BartonZwiebach	
2305	0:16:24	1/1/2019 	978236	68.00	9.00	5.95	56.08	93555.07	1852	0	BartonZwiebach	
2306	0:16:24	1/1/2019 	978359	434.00	11.00	12.58	56.08	93555.07	1850	0	BartonZwiebach	
2307	0:16:25	1/1/2019 	978902	201.00	9.00	9.33	56.08	93556.11	51780	0	BartonZwiebach	
2308	0:16:25	1/1/2019 	979315	128.00	8.00	7.38	56.08	93556.11	1851	0	BartonZwiebach	
2309	0:16:26	1/1/2019 	979708	241.00	9.00	10.15	56.08	93556.62	49793	0	BartonZwiebach	
2310	0:16:26	1/1/2019 	979729	72.00	8.00	6.00	56.08	93556.62	2613	0	BartonZwiebach	
2311	0:16:26	1/1/2019 	979793	76.00	8.00	6.07	56.08	93556.62	1853	0	BartonZwiebach	
2312	0:16:26	1/1/2019 	980105	69.00	8.00	5.97	56.08	93556.98	1851	0	BartonZwiebach	
2313	0:16:26	1/1/2019 	980126	64.00	8.00	5.92	56.08	93556.98	3970	0	BartonZwiebach	
2314	0:16:26	1/1/2019 	980298	64.00	8.00	5.92	56.08	93556.98	1846	0	BartonZwiebach	
2315	0:16:27	1/1/2019 	980699	66.00	9.00	5.93	56.08	93557.49	49790	0	BartonZwiebach	
2316	0:16:27	1/1/2019 	980813	67.00	8.00	5.94	56.08	93558.14	1851	0	BartonZwiebach	
2317	0:16:27	1/1/2019 	980841	159.00	8.00	8.27	56.08	93558.14	1847	0	BartonZwiebach	
2318	0:16:27	1/1/2019 	981630	271.00	11.00	10.71	56.08	93558.48	49790	0	BartonZwiebach	
2319	0:16:28	1/1/2019 	982475	64.00	8.00	5.92	56.08	93559.00	3835	0	BartonZwiebach	
2320	0:16:28	1/1/2019 	982576	379.00	16.00	12.31	56.08	93559.00	49792	0	BartonZwiebach	
2321	0:16:28	1/1/2019 	982607	68.00	8.00	5.95	56.08	93559.00	1848	0	BartonZwiebach	
2322	0:16:29	1/1/2019 	982665	144.00	9.00	7.85	56.08	93559.00	1848	0	BartonZwiebach	
2323	0:16:29	1/1/2019 	982728	71.00	9.00	5.99	56.08	93559.00	1851	0	BartonZwiebach	
2324	0:16:29	1/1/2019 	982784	132.00	8.00	7.50	56.08	93559.35	1849	0	BartonZwiebach	
2325	0:16:29	1/1/2019 	982834	984.00	348.00	65.52	56.08	93559.35	3833	0	BartonZwiebach	
2326	0:16:29	1/1/2019 	983301	66.00	8.00	5.93	56.08	93559.88	1853	0	BartonZwiebach	
2327	0:16:30	1/1/2019 	983642	948.00	148.00	38.97	56.08	93559.88	49799	0	BartonZwiebach	
2328	0:16:30	1/1/2019 	983755	66.00	8.00	5.93	56.08	93560.22	1855	0	BartonZwiebach	
2329	0:16:30	1/1/2019 	983797	66.00	8.00	5.93	56.08	93560.22	1847	0	BartonZwiebach	
2330	0:16:30	1/1/2019 	983946	192.00	9.00	9.12	56.08	93560.22	1847	0	BartonZwiebach	
2331	0:16:30	1/1/2019 	984397	82.00	8.00	6.17	56.08	93560.56	3834	0	BartonZwiebach	
2332	0:16:31	1/1/2019 	984760	65.00	9.00	5.92	56.08	93561.09	49791	0	BartonZwiebach	
2333	0:16:31	1/1/2019 	984985	65.00	8.00	5.92	56.08	93561.09	1850	0	BartonZwiebach	
2334	0:16:31	1/1/2019 	985210	71.00	8.00	5.99	56.08	93561.42	1848	0	BartonZwiebach	
2335	0:16:31	1/1/2019 	985242	80.00	9.00	6.14	56.08	93561.42	1847	0	BartonZwiebach	
2336	0:16:32	1/1/2019 	985650	76.00	9.00	6.07	56.08	93561.42	49795	0	BartonZwiebach	
2337	0:16:32	1/1/2019 	985770	69.00	8.00	5.97	56.08	93561.60	3834	0	BartonZwiebach	
2338	0:16:32	1/1/2019 	985777	204.00	10.00	9.41	56.08	93561.60	1848	0	BartonZwiebach	
2339	0:16:32	1/1/2019 	985780	62.00	8.00	5.90	56.08	93561.60	1850	0	BartonZwiebach	
2340	0:16:32	1/1/2019 	986098	65.00	9.00	5.92	56.08	93561.60	1847	0	BartonZwiebach	
2341	0:16:32	1/1/2019 	986225	64.00	8.00	5.92	56.08	93561.95	1850	0	BartonZwiebach	
2342	0:16:32	1/1/2019 	986264	69.00	9.00	5.97	56.08	93561.95	1846	0	BartonZwiebach	
2343	0:16:32	1/1/2019 	986498	66.00	9.00	5.93	56.08	93561.95	3834	0	BartonZwiebach	
2344	0:16:33	1/1/2019 	987003	66.00	8.00	5.93	56.08	93562.30	49794	0	BartonZwiebach	
2345	0:16:33	1/1/2019 	987177	67.00	9.00	5.94	56.08	93562.64	1848	0	BartonZwiebach	
2346	0:16:34	1/1/2019 	987712	62.00	8.00	5.90	56.08	93562.98	49794	0	BartonZwiebach	
2347	0:16:34	1/1/2019 	988041	66.00	8.00	5.93	56.08	93562.98	1848	0	BartonZwiebach	
2348	0:16:34	1/1/2019 	988444	981.00	339.00	63.88	56.08	93563.34	1848	0	BartonZwiebach	
2349	0:16:35	1/1/2019 	989298	66.00	9.00	5.93	56.08	93563.86	51787	0	BartonZwiebach	
2350	0:16:35	1/1/2019 	989461	73.00	9.00	6.02	56.08	93563.86	1850	0	BartonZwiebach	
2351	0:16:35	1/1/2019 	989488	76.00	8.00	6.07	56.08	93563.86	1849	0	BartonZwiebach	
2352	0:16:36	1/1/2019 	989648	70.00	8.00	5.98	56.08	93564.20	49793	0	BartonZwiebach	
2353	0:16:36	1/1/2019 	989824	94.00	8.00	6.44	56.08	93564.20	2603	0	BartonZwiebach	
2354	0:16:36	1/1/2019 	989827	67.00	8.00	5.94	56.08	93564.20	1847	0	BartonZwiebach	
2355	0:16:36	1/1/2019 	989846	116.00	9.00	7.04	56.08	93564.20	3970	0	BartonZwiebach	
2356	0:16:36	1/1/2019 	989919	67.00	8.00	5.94	56.08	93564.20	1849	0	BartonZwiebach	
2357	0:16:37	1/1/2019 	990787	76.00	8.00	6.07	56.08	93564.55	49792	0	BartonZwiebach	
2358	0:16:37	1/1/2019 	990792	332.00	14.00	11.68	56.08	93564.55	1848	0	BartonZwiebach	
2359	0:16:37	1/1/2019 	990942	561.00	17.00	14.40	56.08	93564.55	1851	0	BartonZwiebach	
2360	0:16:37	1/1/2019 	991127	585.00	18.00	14.98	56.08	93564.89	1850	0	BartonZwiebach	
2361	0:16:37	1/1/2019 	991445	76.00	8.00	6.07	56.08	93564.89	3834	0	BartonZwiebach	
2362	0:16:38	1/1/2019 	991744	120.00	9.00	7.15	56.08	93565.06	49791	0	BartonZwiebach	
2363	0:16:38	1/1/2019 	991903	128.00	9.00	7.39	56.08	93565.06	1850	0	BartonZwiebach	
2364	0:16:38	1/1/2019 	992242	69.00	8.00	5.97	56.08	93565.24	1848	0	BartonZwiebach	
2365	0:16:38	1/1/2019 	992412	965.00	187.00	44.12	56.08	93565.24	1848	0	BartonZwiebach	
2366	0:16:38	1/1/2019 	992437	76.00	8.00	6.07	56.08	93565.24	1850	0	BartonZwiebach	
2367	0:16:38	1/1/2019 	992607	704.00	30.00	19.58	56.08	93565.41	51776	0	BartonZwiebach	
2368	0:16:39	1/1/2019 	992666	140.00	8.00	7.73	56.08	93565.41	1851	0	BartonZwiebach	
2369	0:16:39	1/1/2019 	992729	64.00	9.00	5.92	56.08	93565.41	1848	0	BartonZwiebach	
2370	0:16:39	1/1/2019 	992930	66.00	9.00	5.93	56.08	93565.59	1848	0	BartonZwiebach	
2371	0:16:39	1/1/2019 	993003	66.00	8.00	5.93	56.08	93565.59	1848	0	BartonZwiebach	
2372	0:16:39	1/1/2019 	993168	172.00	9.00	8.62	56.08	93565.59	1846	0	BartonZwiebach	
2373	0:16:39	1/1/2019 	993202	69.00	8.00	5.97	56.08	93565.59	3833	0	BartonZwiebach	
2374	0:16:39	1/1/2019 	993283	75.00	8.00	6.05	56.08	93565.59	1847	0	BartonZwiebach	
2375	0:16:39	1/1/2019 	993624	66.00	9.00	5.93	56.08	93565.93	49790	0	BartonZwiebach	
2376	0:16:40	1/1/2019 	993789	64.00	8.00	5.92	56.08	93565.93	1849	0	BartonZwiebach	
2377	0:16:40	1/1/2019 	993958	83.00	8.00	6.19	56.08	93566.28	1846	0	BartonZwiebach	
2378	0:16:40	1/1/2019 	994051	70.00	9.00	5.98	56.08	93566.28	1847	0	BartonZwiebach	
2379	0:16:40	1/1/2019 	994272	64.00	8.00	5.92	56.08	93566.28	3833	0	BartonZwiebach	
2380	0:16:41	1/1/2019 	994886	68.00	9.00	5.95	56.08	93567.15	49790	0	BartonZwiebach	
2381	0:16:41	1/1/2019 	994928	65.00	8.00	5.92	56.08	93567.15	1851	0	BartonZwiebach	
2382	0:16:41	1/1/2019 	994965	67.00	8.00	5.94	56.08	93567.15	1847	0	BartonZwiebach	
2383	0:16:41	1/1/2019 	995387	67.00	9.00	5.94	56.08	93566.97	1847	0	BartonZwiebach	
2384	0:16:42	1/1/2019 	995675	66.00	8.00	5.93	56.08	93566.97	49794	0	BartonZwiebach	
2385	0:16:42	1/1/2019 	996143	204.00	9.00	9.40	56.08	93567.31	3832	0	BartonZwiebach	
2386	0:16:42	1/1/2019 	996430	147.00	9.00	7.94	56.08	93567.49	1848	0	BartonZwiebach	
2387	0:16:43	1/1/2019 	996755	63.00	8.00	5.91	56.08	93567.49	49794	0	BartonZwiebach	
2388	0:16:43	1/1/2019 	996799	99.00	8.00	6.57	56.08	93567.49	1847	0	BartonZwiebach	
2389	0:16:43	1/1/2019 	997387	98.00	8.00	6.54	56.08	93568.02	1846	0	BartonZwiebach	
2390	0:16:43	1/1/2019 	997571	65.00	8.00	5.92	56.08	93568.02	49791	0	BartonZwiebach	
2391	0:16:43	1/1/2019 	997592	68.00	8.00	5.95	56.08	93568.02	3831	0	BartonZwiebach	
2392	0:16:43	1/1/2019 	997603	261.00	10.00	10.52	56.08	93568.02	1846	0	BartonZwiebach	
2393	0:16:44	1/1/2019 	998194	64.00	8.00	5.92	56.08	93568.19	1850	0	BartonZwiebach	
2394	0:16:44	1/1/2019 	998386	409.00	11.00	12.38	56.08	93568.53	1847	0	BartonZwiebach	
2395	0:16:44	1/1/2019 	998455	90.00	9.00	6.35	56.08	93568.53	1850	0	BartonZwiebach	
2396	0:16:44	1/1/2019 	998621	74.00	8.00	6.03	56.08	93568.53	49795	0	BartonZwiebach	
2397	0:16:45	1/1/2019 	998819	813.00	49.00	22.42	56.08	93568.70	3887	0	BartonZwiebach	
2398	0:16:45	1/1/2019 	998969	67.00	8.00	5.94	56.08	93568.70	1852	0	BartonZwiebach	
2399	0:16:45	1/1/2019 	999160	70.00	8.00	5.98	56.08	93568.70	1847	0	BartonZwiebach	
2400	0:16:45	1/1/2019 	999478	69.00	8.00	5.97	56.08	93569.05	1847	0	BartonZwiebach	
2401	0:16:45	1/1/2019 	999491	69.00	8.00	5.97	56.08	93569.05	1847	0	BartonZwiebach	
2402	0:16:45	1/1/2019 	999558	70.00	8.00	5.98	56.08	93569.05	49792	0	BartonZwiebach	
2403	0:16:46	1/1/2019 	999687	144.00	12.00	7.86	56.08	93569.05	4754	0	BartonZwiebach	
2404	0:16:46	1/1/2019 	999736	66.00	8.00	5.93	56.08	93569.05	1849	0	BartonZwiebach	
2405	0:16:46	1/1/2019 	1000065	64.00	9.00	5.92	56.08	93569.05	1846	0	BartonZwiebach	
2406	0:16:46	1/1/2019 	1000104	83.00	8.00	6.19	56.08	93569.05	1848	0	BartonZwiebach	
2407	0:16:46	1/1/2019 	1000142	161.00	9.00	8.33	56.08	93569.05	1847	0	BartonZwiebach	
2408	0:16:46	1/1/2019 	1000211	72.00	9.00	6.01	56.08	93569.40	1849	0	BartonZwiebach	
2409	0:16:47	1/1/2019 	1000730	323.00	13.00	11.53	56.08	93569.56	51779	0	BartonZwiebach	
2410	0:16:47	1/1/2019 	1000919	63.00	8.00	5.91	56.08	93569.56	1851	0	BartonZwiebach	
2411	0:16:47	1/1/2019 	1001002	73.00	9.00	6.02	56.08	93569.56	1847	0	BartonZwiebach	
2412	0:16:47	1/1/2019 	1001170	156.00	9.00	8.19	56.08	93569.56	1849	0	BartonZwiebach	
2413	0:16:47	1/1/2019 	1001433	67.00	9.00	5.94	56.08	93569.56	1849	0	BartonZwiebach	
2414	0:16:47	1/1/2019 	1001458	72.00	8.00	6.00	56.08	93569.56	3834	0	BartonZwiebach	
2415	0:16:47	1/1/2019 	1001484	64.00	8.00	5.92	56.08	93569.56	1847	0	BartonZwiebach	
2416	0:16:48	1/1/2019 	1001744	71.00	8.00	5.99	56.08	93569.74	49789	0	BartonZwiebach	
2417	0:16:48	1/1/2019 	1001810	74.00	9.00	6.03	56.08	93569.74	1848	0	BartonZwiebach	
2418	0:16:48	1/1/2019 	1002059	68.00	9.00	5.95	56.08	93569.74	1849	0	BartonZwiebach	
2419	0:16:48	1/1/2019 	1002254	63.00	8.00	5.91	56.08	93569.91	1850	0	BartonZwiebach	
2420	0:16:48	1/1/2019 	1002435	164.00	9.00	8.41	56.08	93569.91	3832	0	BartonZwiebach	
2421	0:16:48	1/1/2019 	1002583	182.00	9.00	8.88	56.08	93569.91	49794	0	BartonZwiebach	
2422	0:16:49	1/1/2019 	1002855	62.00	8.00	5.90	56.08	93570.09	1850	0	BartonZwiebach	
2423	0:16:49	1/1/2019 	1002896	65.00	8.00	5.92	56.08	93570.09	1849	0	BartonZwiebach	
2424	0:16:49	1/1/2019 	1003092	180.00	9.00	8.83	56.08	93570.09	1847	0	BartonZwiebach	
2425	0:16:49	1/1/2019 	1003184	182.00	9.00	8.88	56.08	93570.27	1849	0	BartonZwiebach	
2426	0:16:49	1/1/2019 	1003303	75.00	8.00	6.05	56.08	93570.27	3833	0	BartonZwiebach	
2427	0:16:50	1/1/2019 	1003644	71.00	8.00	5.99	56.08	93570.44	49792	0	BartonZwiebach	
2428	0:16:50	1/1/2019 	1003820	71.00	9.00	5.99	56.08	93570.44	1849	0	BartonZwiebach	
2429	0:16:50	1/1/2019 	1003872	90.00	9.00	6.35	56.08	93570.44	1849	0	BartonZwiebach	
2430	0:16:50	1/1/2019 	1004012	414.00	10.00	12.36	56.08	93570.44	1849	0	BartonZwiebach	
2431	0:16:50	1/1/2019 	1004176	924.00	72.00	25.26	56.08	93570.61	1851	0	BartonZwiebach	
2432	0:16:50	1/1/2019 	1004268	68.00	8.00	5.95	56.08	93570.61	3835	0	BartonZwiebach	
2433	0:16:50	1/1/2019 	1004301	998.00	948.00	244.81	56.08	93570.61	1847	0	BartonZwiebach	
2434	0:16:50	1/1/2019 	1004335	66.00	8.00	5.93	56.08	93570.61	1851	0	BartonZwiebach	
2435	0:16:50	1/1/2019 	1004562	64.00	8.00	5.92	56.08	93570.61	49791	0	BartonZwiebach	
2436	0:16:51	1/1/2019 	1004674	64.00	9.00	5.92	56.08	93570.61	1845	0	BartonZwiebach	
2437	0:16:51	1/1/2019 	1004720	66.00	8.00	5.93	56.08	93570.61	1848	0	BartonZwiebach	
2438	0:16:51	1/1/2019 	1004730	268.00	10.00	10.64	56.08	93570.61	3886	0	BartonZwiebach	
2439	0:16:51	1/1/2019 	1004845	69.00	8.00	5.97	56.08	93570.61	1850	0	BartonZwiebach	
2440	0:16:51	1/1/2019 	1005048	65.00	8.00	5.92	56.08	93570.78	1848	0	BartonZwiebach	
2441	0:16:51	1/1/2019 	1005122	155.00	9.00	8.16	56.08	93570.78	1847	0	BartonZwiebach	
2442	0:16:51	1/1/2019 	1005361	134.00	9.00	7.56	56.08	93570.78	1849	0	BartonZwiebach	
2443	0:16:52	1/1/2019 	1005663	72.00	8.00	6.00	56.08	93570.66	49794	0	BartonZwiebach	
2444	0:16:52	1/1/2019 	1005895	65.00	8.00	5.92	56.08	93570.66	3833	0	BartonZwiebach	
2445	0:16:52	1/1/2019 	1005989	65.00	8.00	5.92	56.08	93570.66	1847	0	BartonZwiebach	
2446	0:16:52	1/1/2019 	1006025	64.00	9.00	5.92	56.08	93570.83	1847	0	BartonZwiebach	
2447	0:16:52	1/1/2019 	1006310	68.00	9.00	5.95	56.08	93570.83	1849	0	BartonZwiebach	
2448	0:16:52	1/1/2019 	1006445	73.00	9.00	6.02	56.08	93570.83	1849	0	BartonZwiebach	
2449	0:16:53	1/1/2019 	1006769	66.00	8.00	5.93	56.08	93571.00	49794	0	BartonZwiebach	
2450	0:16:53	1/1/2019 	1006878	86.00	8.00	6.26	56.08	93571.00	3833	0	BartonZwiebach	
2451	0:16:53	1/1/2019 	1006918	68.00	8.00	5.95	56.08	93571.00	1847	0	BartonZwiebach	
2452	0:16:54	1/1/2019 	1007786	295.00	10.00	11.05	56.08	93571.52	49790	0	BartonZwiebach	
2453	0:16:54	1/1/2019 	1007914	72.00	9.00	6.01	56.08	93571.52	1852	0	BartonZwiebach	
2454	0:16:54	1/1/2019 	1008224	80.00	9.00	6.14	56.08	93571.70	1849	0	BartonZwiebach	
2455	0:16:54	1/1/2019 	1008328	117.00	9.00	7.07	56.08	93571.70	1849	0	BartonZwiebach	
2456	0:16:54	1/1/2019 	1008563	65.00	9.00	5.92	56.08	93571.88	51780	0	BartonZwiebach	
2457	0:16:55	1/1/2019 	1008652	64.00	9.00	5.92	56.08	93571.88	1856	0	BartonZwiebach	
2458	0:16:55	1/1/2019 	1009037	67.00	9.00	5.94	56.08	93572.05	1854	0	BartonZwiebach	
2459	0:16:55	1/1/2019 	1009059	68.00	8.00	5.95	56.08	93572.05	1849	0	BartonZwiebach	
2460	0:16:55	1/1/2019 	1009108	112.00	9.00	6.92	56.08	93572.05	1848	0	BartonZwiebach	
2461	0:16:55	1/1/2019 	1009610	123.00	8.00	7.24	56.08	93572.39	49794	0	BartonZwiebach	
2462	0:16:56	1/1/2019 	1009649	65.00	9.00	5.92	56.08	93572.39	4752	0	BartonZwiebach	
2463	0:16:56	1/1/2019 	1009653	64.00	8.00	5.92	56.08	93572.39	1850	0	BartonZwiebach	
2464	0:16:56	1/1/2019 	1009657	75.00	8.00	6.05	56.08	93572.39	1846	0	BartonZwiebach	
2465	0:16:56	1/1/2019 	1009853	76.00	9.00	6.07	56.08	93572.39	1847	0	BartonZwiebach	
2466	0:16:56	1/1/2019 	1009933	65.00	8.00	5.92	56.08	93572.56	1849	0	BartonZwiebach	
2467	0:16:56	1/1/2019 	1010424	66.00	8.00	5.93	56.08	93572.73	1848	0	BartonZwiebach	
2468	0:16:56	1/1/2019 	1010442	64.00	8.00	5.92	56.08	93572.73	3831	0	BartonZwiebach	
2469	0:16:57	1/1/2019 	1010734	757.00	39.00	21.22	56.08	93572.73	49792	0	BartonZwiebach	
2470	0:16:57	1/1/2019 	1011088	83.00	9.00	6.20	56.08	93572.91	1851	0	BartonZwiebach	
2471	0:16:57	1/1/2019 	1011346	440.00	11.00	12.63	56.08	93573.08	1850	0	BartonZwiebach	
2472	0:16:58	1/1/2019 	1011757	69.00	8.00	5.97	56.08	93573.08	49794	0	BartonZwiebach	
2473	0:16:58	1/1/2019 	1011859	196.00	13.00	9.25	56.08	93573.43	1849	0	BartonZwiebach	
2474	0:16:58	1/1/2019 	1012044	68.00	8.00	5.95	56.08	93573.43	3834	0	BartonZwiebach	
2475	0:16:58	1/1/2019 	1012147	72.00	8.00	6.00	56.08	93573.43	1846	0	BartonZwiebach	
2476	0:16:58	1/1/2019 	1012320	308.00	13.00	11.32	56.07	93573.25	1847	0	BartonZwiebach	
2477	0:16:59	1/1/2019 	1012688	64.00	9.00	5.92	56.07	93573.25	49796	0	BartonZwiebach	
2478	0:16:59	1/1/2019 	1012981	66.00	9.00	5.93	56.07	93573.42	1849	0	BartonZwiebach	
2479	0:16:59	1/1/2019 	1013246	778.00	42.00	21.64	56.07	93573.42	3888	0	BartonZwiebach	
2480	0:16:59	1/1/2019 	1013488	82.00	9.00	6.18	56.07	93573.77	1850	0	BartonZwiebach	
2481	0:17:00	1/1/2019 	1013759	64.00	9.00	5.92	56.07	93573.77	49794	0	BartonZwiebach	
2482	0:17:00	1/1/2019 	1013901	64.00	8.00	5.92	56.07	93573.94	1849	0	BartonZwiebach	
2483	0:17:00	1/1/2019 	1013915	64.00	8.00	5.92	56.07	93573.94	1846	0	BartonZwiebach	
2484	0:17:00	1/1/2019 	1013963	109.00	8.00	6.84	56.07	93573.94	1845	0	BartonZwiebach	
2485	0:17:00	1/1/2019 	1014293	74.00	8.00	6.03	56.07	93574.29	3831	0	BartonZwiebach	
2486	0:17:01	1/1/2019 	1014891	63.00	8.00	5.91	56.07	93574.64	49792	0	BartonZwiebach	
2487	0:17:01	1/1/2019 	1015214	643.00	22.00	17.00	56.07	93574.64	1848	0	BartonZwiebach	
2488	0:17:01	1/1/2019 	1015347	977.00	294.00	56.10	56.07	93574.98	1851	0	BartonZwiebach	
2489	0:17:01	1/1/2019 	1015454	324.00	11.00	11.48	56.07	93574.98	1851	0	BartonZwiebach	
2490	0:17:02	1/1/2019 	1015897	64.00	8.00	5.92	56.07	93575.16	49796	0	BartonZwiebach	
2491	0:17:02	1/1/2019 	1016023	65.00	9.00	5.92	56.07	93575.16	3831	0	BartonZwiebach	
2492	0:17:02	1/1/2019 	1016141	69.00	8.00	5.97	56.07	93575.16	1849	0	BartonZwiebach	
2493	0:17:02	1/1/2019 	1016562	67.00	8.00	5.94	56.07	93575.33	49792	0	BartonZwiebach	
2494	0:17:03	1/1/2019 	1016759	293.00	12.00	11.08	56.07	93575.67	1848	0	BartonZwiebach	
2495	0:17:03	1/1/2019 	1016801	65.00	8.00	5.92	56.07	93575.67	1850	0	BartonZwiebach	
2496	0:17:03	1/1/2019 	1016895	64.00	8.00	5.92	56.07	93575.67	1848	0	BartonZwiebach	
2497	0:17:03	1/1/2019 	1017200	122.00	9.00	7.21	56.07	93576.02	3831	0	BartonZwiebach	
2498	0:17:03	1/1/2019 	1017427	69.00	9.00	5.97	56.07	93576.02	1850	0	BartonZwiebach	
2499	0:17:03	1/1/2019 	1017595	98.00	9.00	6.54	56.07	93576.02	49793	0	BartonZwiebach	
2500	0:17:04	1/1/2019 	1017722	114.00	8.00	6.98	56.07	93576.19	1848	0	BartonZwiebach	
2501	0:17:04	1/1/2019 	1017754	65.00	8.00	5.92	56.07	93576.19	1848	0	BartonZwiebach	
2502	0:17:04	1/1/2019 	1018006	776.00	40.00	21.42	56.07	93576.19	1846	0	BartonZwiebach	
2503	0:17:04	1/1/2019 	1018137	579.00	27.00	15.50	56.07	93576.71	3835	0	BartonZwiebach	
2504	0:17:04	1/1/2019 	1018590	78.00	8.00	6.10	56.07	93576.71	49797	0	BartonZwiebach	
2505	0:17:05	1/1/2019 	1018989	63.00	8.00	5.91	56.07	93576.88	1847	0	BartonZwiebach	
2506	0:17:05	1/1/2019 	1019090	66.00	8.00	5.93	56.07	93576.88	1848	0	BartonZwiebach	
2507	0:17:05	1/1/2019 	1019172	66.00	8.00	5.93	56.07	93577.41	1847	0	BartonZwiebach	
2508	0:17:05	1/1/2019 	1019492	276.00	10.00	10.77	56.07	93577.41	1847	0	BartonZwiebach	
2509	0:17:06	1/1/2019 	1019739	64.00	9.00	5.92	56.07	93577.75	51782	0	BartonZwiebach	
2510	0:17:06	1/1/2019 	1019745	83.00	9.00	6.20	56.07	93577.75	2798	0	BartonZwiebach	
2511	0:17:06	1/1/2019 	1019810	66.00	9.00	5.93	56.07	93577.75	1849	0	BartonZwiebach	
2512	0:17:06	1/1/2019 	1020002	67.00	9.00	5.94	56.07	93577.75	1849	0	BartonZwiebach	
2513	0:17:06	1/1/2019 	1020277	66.00	8.00	5.93	56.07	93578.09	1849	0	BartonZwiebach	
2514	0:17:06	1/1/2019 	1020295	71.00	8.00	5.99	56.07	93578.09	1847	0	BartonZwiebach	
2515	0:17:06	1/1/2019 	1020328	67.00	8.00	5.94	56.07	93578.09	3971	0	BartonZwiebach	
2516	0:17:06	1/1/2019 	1020374	933.00	90.00	28.17	56.07	93578.09	1848	0	BartonZwiebach	
2517	0:17:07	1/1/2019 	1021118	64.00	8.00	5.92	56.07	93578.80	49797	0	BartonZwiebach	
2518	0:17:07	1/1/2019 	1021163	681.00	27.00	18.70	56.07	93578.80	1848	0	BartonZwiebach	
2519	0:17:07	1/1/2019 	1021177	134.00	9.00	7.56	56.07	93578.80	1850	0	BartonZwiebach	
2520	0:17:07	1/1/2019 	1021477	77.00	9.00	6.08	56.07	93578.80	1849	0	BartonZwiebach	
2521	0:17:07	1/1/2019 	1021574	69.00	9.00	5.97	56.07	93579.14	51830	0	BartonZwiebach	
2522	0:17:08	1/1/2019 	1021696	72.00	8.00	6.00	56.07	93579.14	1851	0	BartonZwiebach	
2523	0:17:08	1/1/2019 	1021984	70.00	9.00	5.98	56.07	93579.14	1848	0	BartonZwiebach	
2524	0:17:08	1/1/2019 	1022549	205.00	9.00	9.42	56.07	93579.65	49794	0	BartonZwiebach	
2525	0:17:08	1/1/2019 	1022569	105.00	9.00	6.73	56.07	93579.65	1849	0	BartonZwiebach	
2526	0:17:09	1/1/2019 	1023367	264.00	9.00	10.55	56.07	93579.83	3833	0	BartonZwiebach	
2527	0:17:10	1/1/2019 	1023649	61.00	7.00	5.89	56.07	93580.34	49797	0	BartonZwiebach	
2528	0:17:10	1/1/2019 	1023846	81.00	9.00	6.16	56.07	93580.34	1849	0	BartonZwiebach	
2529	0:17:10	1/1/2019 	1023904	64.00	9.00	5.92	56.07	93580.34	1849	0	BartonZwiebach	
2530	0:17:10	1/1/2019 	1024036	67.00	8.00	5.94	56.07	93580.69	1849	0	BartonZwiebach	
2531	0:17:10	1/1/2019 	1024050	76.00	9.00	6.07	56.07	93580.69	1847	0	BartonZwiebach	
2532	0:17:10	1/1/2019 	1024304	68.00	8.00	5.95	56.07	93580.69	3834	0	BartonZwiebach	
2533	0:17:10	1/1/2019 	1024568	971.00	97.00	29.46	56.07	93581.04	49790	0	BartonZwiebach	
2534	0:17:10	1/1/2019 	1024606	74.00	8.00	6.03	56.07	93581.04	1850	0	BartonZwiebach	
2535	0:17:11	1/1/2019 	1024672	64.00	9.00	5.92	56.07	93581.04	1847	0	BartonZwiebach	
2536	0:17:11	1/1/2019 	1024897	67.00	8.00	5.94	56.07	93581.04	1849	0	BartonZwiebach	
2537	0:17:11	1/1/2019 	1025091	67.00	8.00	5.94	56.07	93581.38	1846	0	BartonZwiebach	
2538	0:17:11	1/1/2019 	1025099	73.00	8.00	6.02	56.07	93581.38	3831	0	BartonZwiebach	
2539	0:17:11	1/1/2019 	1025226	68.00	8.00	5.95	56.07	93581.38	1848	0	BartonZwiebach	
2540	0:17:11	1/1/2019 	1025273	69.00	8.00	5.97	56.07	93581.38	1847	0	BartonZwiebach	
2541	0:17:12	1/1/2019 	1025896	135.00	9.00	7.59	56.07	93582.08	49791	0	BartonZwiebach	
2542	0:17:12	1/1/2019 	1026172	64.00	9.00	5.92	56.07	93582.08	1850	0	BartonZwiebach	
2543	0:17:12	1/1/2019 	1026349	65.00	8.00	5.92	56.07	93582.08	1849	0	BartonZwiebach	
2544	0:17:12	1/1/2019 	1026604	64.00	8.00	5.92	56.07	93582.42	51774	0	BartonZwiebach	
2545	0:17:13	1/1/2019 	1027139	66.00	9.00	5.93	56.07	93582.77	1845	0	BartonZwiebach	
2546	0:17:13	1/1/2019 	1027420	648.00	24.00	17.40	56.07	93582.94	1849	0	BartonZwiebach	
2547	0:17:14	1/1/2019 	1027981	60.00	11.00	5.89	56.07	93583.46	49794	0	BartonZwiebach	
2548	0:17:14	1/1/2019 	1027992	71.00	8.00	5.99	56.07	93583.46	1850	0	BartonZwiebach	
2549	0:17:14	1/1/2019 	1028598	67.00	9.00	5.94	56.07	93583.81	49790	0	BartonZwiebach	
2550	0:17:15	1/1/2019 	1028805	63.00	8.00	5.91	56.07	93584.16	3832	0	BartonZwiebach	
2551	0:17:15	1/1/2019 	1029398	71.00	8.00	5.99	56.07	93584.67	1848	0	BartonZwiebach	
2552	0:17:15	1/1/2019 	1029405	71.00	9.00	5.99	56.07	93584.67	1847	0	BartonZwiebach	
2553	0:17:16	1/1/2019 	1030144	144.00	9.00	7.85	56.07	93584.84	49794	0	BartonZwiebach	
2554	0:17:16	1/1/2019 	1030308	63.00	9.00	5.91	56.07	93585.20	2801	0	BartonZwiebach	
2555	0:17:16	1/1/2019 	1030460	63.00	8.00	5.91	56.07	93585.20	1848	0	BartonZwiebach	
2556	0:17:17	1/1/2019 	1031126	970.00	317.00	59.93	56.07	93585.72	51915	0	BartonZwiebach	
2557	0:17:17	1/1/2019 	1031132	68.00	8.00	5.95	56.07	93585.72	1850	0	BartonZwiebach	
2558	0:17:18	1/1/2019 	1031801	68.00	8.00	5.95	56.07	93586.41	49788	0	BartonZwiebach	
2559	0:17:18	1/1/2019 	1032231	70.00	9.00	5.98	56.07	93586.75	1848	0	BartonZwiebach	
2560	0:17:18	1/1/2019 	1032379	64.00	9.00	5.92	56.07	93586.75	1848	0	BartonZwiebach	
2561	0:17:18	1/1/2019 	1032418	65.00	8.00	5.92	56.07	93586.75	1847	0	BartonZwiebach	
2562	0:17:18	1/1/2019 	1032619	64.00	8.00	5.92	56.07	93586.75	51828	0	BartonZwiebach	
2563	0:17:19	1/1/2019 	1032827	67.00	9.00	5.94	56.07	93587.27	1846	0	BartonZwiebach	
2564	0:17:19	1/1/2019 	1032880	68.00	8.00	5.95	56.07	93587.27	1849	0	BartonZwiebach	
2565	0:17:19	1/1/2019 	1032923	71.00	8.00	5.99	56.07	93587.27	1847	0	BartonZwiebach	
2566	0:17:19	1/1/2019 	1032977	66.00	9.00	5.93	56.07	93587.27	1846	0	BartonZwiebach	
2567	0:17:19	1/1/2019 	1033006	795.00	44.00	21.89	56.07	93587.27	1850	0	BartonZwiebach	
2568	0:17:19	1/1/2019 	1033034	952.00	97.00	29.46	56.07	93587.27	3834	0	BartonZwiebach	
2569	0:17:19	1/1/2019 	1033472	75.00	8.00	6.05	56.07	93587.97	1850	0	BartonZwiebach	
2570	0:17:20	1/1/2019 	1034151	278.00	15.00	10.91	56.07	93588.14	49792	0	BartonZwiebach	
2571	0:17:20	1/1/2019 	1034295	64.00	8.00	5.92	56.07	93588.14	1851	0	BartonZwiebach	
2572	0:17:20	1/1/2019 	1034409	154.00	9.00	8.13	56.07	93588.14	1845	0	BartonZwiebach	
2573	0:17:21	1/1/2019 	1035304	65.00	9.00	5.92	56.07	93588.83	49793	0	BartonZwiebach	
2574	0:17:22	1/1/2019 	1036441	98.00	9.00	6.54	56.07	93589.52	51778	0	BartonZwiebach	
2575	0:17:23	1/1/2019 	1036677	65.00	9.00	5.92	56.07	93589.88	49795	0	BartonZwiebach	
2576	0:17:23	1/1/2019 	1036789	66.00	8.00	5.93	56.07	93589.88	1856	0	BartonZwiebach	
2577	0:17:23	1/1/2019 	1036944	99.00	9.00	6.57	56.07	93589.88	1854	0	BartonZwiebach	
2578	0:17:23	1/1/2019 	1037082	73.00	8.00	6.02	56.07	93590.22	1853	0	BartonZwiebach	
2579	0:17:23	1/1/2019 	1037093	70.00	9.00	5.98	56.07	93590.22	1847	0	BartonZwiebach	
2580	0:17:23	1/1/2019 	1037286	72.00	9.00	6.01	56.07	93590.22	3832	0	BartonZwiebach	
2581	0:17:23	1/1/2019 	1037341	70.00	8.00	5.98	56.07	93590.22	1848	0	BartonZwiebach	
2582	0:17:23	1/1/2019 	1037440	66.00	9.00	5.93	56.07	93590.22	1847	0	BartonZwiebach	
2583	0:17:23	1/1/2019 	1037608	141.00	9.00	7.76	56.07	93590.39	49793	0	BartonZwiebach	
2584	0:17:24	1/1/2019 	1037720	66.00	8.00	5.93	56.07	93590.39	1850	0	BartonZwiebach	
2585	0:17:24	1/1/2019 	1037741	69.00	9.00	5.97	56.07	93590.39	1848	0	BartonZwiebach	
2586	0:17:24	1/1/2019 	1037925	74.00	8.00	6.03	56.07	93590.39	3833	0	BartonZwiebach	
2587	0:17:24	1/1/2019 	1037951	64.00	9.00	5.92	56.07	93590.39	1847	0	BartonZwiebach	
2588	0:17:24	1/1/2019 	1038127	70.00	8.00	5.98	56.07	93590.73	1848	0	BartonZwiebach	
2589	0:17:24	1/1/2019 	1038188	67.00	9.00	5.94	56.07	93590.73	1847	0	BartonZwiebach	
2590	0:17:25	1/1/2019 	1038742	64.00	8.00	5.92	56.07	93591.08	49792	0	BartonZwiebach	
2591	0:17:25	1/1/2019 	1038753	74.00	9.00	6.03	56.07	93591.08	3831	0	BartonZwiebach	
2592	0:17:25	1/1/2019 	1039011	65.00	8.00	5.92	56.07	93591.25	1849	0	BartonZwiebach	
2593	0:17:25	1/1/2019 	1039196	65.00	9.00	5.92	56.07	93591.25	1848	0	BartonZwiebach	
2594	0:17:25	1/1/2019 	1039299	66.00	8.00	5.93	56.07	93591.25	1850	0	BartonZwiebach	
2595	0:17:25	1/1/2019 	1039333	118.00	9.00	7.09	56.07	93591.25	1848	0	BartonZwiebach	
2596	0:17:25	1/1/2019 	1039437	411.00	12.00	12.45	56.07	93591.25	1850	0	BartonZwiebach	
2597	0:17:26	1/1/2019 	1039745	80.00	8.00	6.14	56.07	93591.60	51779	0	BartonZwiebach	
2598	0:17:26	1/1/2019 	1039938	65.00	8.00	5.92	56.07	93591.60	2798	0	BartonZwiebach	
2599	0:17:26	1/1/2019 	1040094	68.00	9.00	5.95	56.07	93591.95	1847	0	BartonZwiebach	
2600	0:17:26	1/1/2019 	1040234	65.00	8.00	5.92	56.07	93591.95	1850	0	BartonZwiebach	
2601	0:17:26	1/1/2019 	1040310	64.00	8.00	5.92	56.07	93591.95	1847	0	BartonZwiebach	
2602	0:17:26	1/1/2019 	1040333	65.00	9.00	5.92	56.07	93591.95	1847	0	BartonZwiebach	
2603	0:17:27	1/1/2019 	1040742	80.00	9.00	6.14	56.07	93592.12	51973	0	BartonZwiebach	
2604	0:17:27	1/1/2019 	1041146	349.00	11.00	11.78	56.07	93592.47	1854	0	BartonZwiebach	
2605	0:17:27	1/1/2019 	1041217	65.00	9.00	5.92	56.07	93592.47	1850	0	BartonZwiebach	
2606	0:17:27	1/1/2019 	1041584	71.00	9.00	5.99	56.07	93592.64	49793	0	BartonZwiebach	
2607	0:17:28	1/1/2019 	1041980	63.00	8.00	5.91	56.07	93592.81	1849	0	BartonZwiebach	
2608	0:17:28	1/1/2019 	1042076	71.00	9.00	5.99	56.07	93592.81	1849	0	BartonZwiebach	
2609	0:17:28	1/1/2019 	1042384	64.00	9.00	5.92	56.07	93593.16	3833	0	BartonZwiebach	
2610	0:17:28	1/1/2019 	1042414	66.00	8.00	5.93	56.07	93593.16	1848	0	BartonZwiebach	
2611	0:17:29	1/1/2019 	1042810	90.00	9.00	6.35	56.07	93593.16	49791	0	BartonZwiebach	
2612	0:17:29	1/1/2019 	1042976	64.00	8.00	5.92	56.07	93593.51	1850	0	BartonZwiebach	
2613	0:17:30	1/1/2019 	1043991	64.00	8.00	5.92	56.07	93593.70	49789	0	BartonZwiebach	
2614	0:17:30	1/1/2019 	1044040	120.00	9.00	7.15	56.07	93593.70	1846	0	BartonZwiebach	
2615	0:17:30	1/1/2019 	1044128	76.00	9.00	6.07	56.07	93593.70	3834	0	BartonZwiebach	
2616	0:17:31	1/1/2019 	1044988	145.00	8.00	7.87	56.07	93594.22	49792	0	BartonZwiebach	
2617	0:17:32	1/1/2019 	1045677	68.00	9.00	5.95	56.07	93594.56	49791	0	BartonZwiebach	
2618	0:17:32	1/1/2019 	1045836	63.00	8.00	5.91	56.07	93594.91	1850	0	BartonZwiebach	
2619	0:17:32	1/1/2019 	1045944	925.00	64.00	24.20	56.07	93594.91	1848	0	BartonZwiebach	
2620	0:17:32	1/1/2019 	1046102	76.00	9.00	6.07	56.07	93594.91	1848	0	BartonZwiebach	
2621	0:17:32	1/1/2019 	1046407	79.00	9.00	6.12	56.07	93595.27	3832	0	BartonZwiebach	
2622	0:17:32	1/1/2019 	1046424	71.00	8.00	5.99	56.07	93595.27	1849	0	BartonZwiebach	
2623	0:17:32	1/1/2019 	1046457	80.00	8.00	6.14	56.07	93595.27	1846	0	BartonZwiebach	
2624	0:17:32	1/1/2019 	1046579	109.00	9.00	6.84	56.07	93595.27	49793	0	BartonZwiebach	
2625	0:17:32	1/1/2019 	1046585	79.00	9.00	6.12	56.07	93595.27	1850	0	BartonZwiebach	
2626	0:17:33	1/1/2019 	1046649	71.00	9.00	5.99	56.07	93595.27	1849	0	BartonZwiebach	
2627	0:17:33	1/1/2019 	1046901	336.00	11.00	11.63	56.07	93595.61	3836	0	BartonZwiebach	
2628	0:17:33	1/1/2019 	1046996	66.00	9.00	5.93	56.07	93595.61	1849	0	BartonZwiebach	
2629	0:17:33	1/1/2019 	1047101	67.00	9.00	5.94	56.07	93595.61	1850	0	BartonZwiebach	
2630	0:17:33	1/1/2019 	1047244	67.00	9.00	5.94	56.07	93595.78	1849	0	BartonZwiebach	
2631	0:17:34	1/1/2019 	1048286	68.00	8.00	5.95	56.07	93596.30	49793	0	BartonZwiebach	
2632	0:17:35	1/1/2019 	1048791	100.00	8.00	6.59	56.07	93596.64	49791	0	BartonZwiebach	
2633	0:17:35	1/1/2019 	1049068	284.00	11.00	10.92	56.07	93596.64	3833	0	BartonZwiebach	
2634	0:17:35	1/1/2019 	1049205	135.00	9.00	7.59	56.07	93596.81	1850	0	BartonZwiebach	
2635	0:17:35	1/1/2019 	1049224	77.00	9.00	6.08	56.07	93596.81	1849	0	BartonZwiebach	
2636	0:17:36	1/1/2019 	1049882	168.00	9.00	8.52	56.07	93597.16	49796	0	BartonZwiebach	
2637	0:17:36	1/1/2019 	1049992	66.00	8.00	5.93	56.07	93597.16	2800	0	BartonZwiebach	
2638	0:17:36	1/1/2019 	1050121	957.00	140.00	37.63	56.07	93597.16	1847	0	BartonZwiebach	
2639	0:17:36	1/1/2019 	1050126	66.00	8.00	5.93	56.07	93596.98	3974	0	BartonZwiebach	
2640	0:17:36	1/1/2019 	1050191	65.00	9.00	5.92	56.07	93596.98	1846	0	BartonZwiebach	
2641	0:17:36	1/1/2019 	1050233	69.00	8.00	5.97	56.07	93596.98	1849	0	BartonZwiebach	
2642	0:17:36	1/1/2019 	1050370	71.00	9.00	5.99	56.07	93596.98	1847	0	BartonZwiebach	
2643	0:17:37	1/1/2019 	1050648	64.00	9.00	5.92	56.07	93597.33	49793	0	BartonZwiebach	
2644	0:17:37	1/1/2019 	1050750	67.00	9.00	5.94	56.07	93597.33	1849	0	BartonZwiebach	
2645	0:17:37	1/1/2019 	1050851	65.00	9.00	5.92	56.07	93597.33	3887	0	BartonZwiebach	
2646	0:17:37	1/1/2019 	1050954	624.00	29.00	17.07	56.07	93597.33	1849	0	BartonZwiebach	
2647	0:17:37	1/1/2019 	1050997	72.00	9.00	6.01	56.07	93597.33	1850	0	BartonZwiebach	
2648	0:17:37	1/1/2019 	1051073	306.00	13.00	11.29	56.07	93597.33	1848	0	BartonZwiebach	
2649	0:17:37	1/1/2019 	1051091	66.00	9.00	5.93	56.07	93597.51	1850	0	BartonZwiebach	
2650	0:17:37	1/1/2019 	1051165	64.00	9.00	5.92	56.07	93597.86	3835	0	BartonZwiebach	
2651	0:17:37	1/1/2019 	1051608	72.00	9.00	6.01	56.07	93598.03	49792	0	BartonZwiebach	
2652	0:17:38	1/1/2019 	1051829	64.00	8.00	5.92	56.07	93598.03	1849	0	BartonZwiebach	
2653	0:17:38	1/1/2019 	1051956	69.00	9.00	5.97	56.07	93598.03	1846	0	BartonZwiebach	
2654	0:17:38	1/1/2019 	1052037	66.00	8.00	5.93	56.07	93598.03	1850	0	BartonZwiebach	
2655	0:17:38	1/1/2019 	1052370	76.00	9.00	6.07	56.07	93598.20	1847	0	BartonZwiebach	
2656	0:17:38	1/1/2019 	1052630	78.00	9.00	6.10	56.07	93598.55	51779	0	BartonZwiebach	
2657	0:17:39	1/1/2019 	1052781	68.00	8.00	5.95	56.07	93598.55	1850	0	BartonZwiebach	
2658	0:17:39	1/1/2019 	1052795	63.00	9.00	5.91	56.07	93598.55	1848	0	BartonZwiebach	
2659	0:17:39	1/1/2019 	1052831	84.00	9.00	6.22	56.07	93598.55	1849	0	BartonZwiebach	
2660	0:17:39	1/1/2019 	1053377	67.00	9.00	5.94	56.07	93598.38	1851	0	BartonZwiebach	
2661	0:17:39	1/1/2019 	1053463	180.00	9.00	8.83	56.07	93598.38	1856	0	BartonZwiebach	
2662	0:17:39	1/1/2019 	1053550	69.00	8.00	5.97	56.07	93598.72	51727	0	BartonZwiebach	
2663	0:17:40	1/1/2019 	1053702	164.00	9.00	8.41	56.07	93598.72	1847	0	BartonZwiebach	
2664	0:17:40	1/1/2019 	1054002	65.00	8.00	5.92	56.07	93598.89	1851	0	BartonZwiebach	
2665	0:17:40	1/1/2019 	1054053	451.00	22.00	13.26	56.07	93598.89	1848	0	BartonZwiebach	
2666	0:17:40	1/1/2019 	1054193	64.00	9.00	5.92	56.07	93598.89	1849	0	BartonZwiebach	
2667	0:17:40	1/1/2019 	1054392	68.00	9.00	5.95	56.07	93598.89	1871	0	BartonZwiebach	
2668	0:17:40	1/1/2019 	1054448	68.00	9.00	5.95	56.07	93598.89	6287	0	BartonZwiebach	
2669	0:17:40	1/1/2019 	1054588	65.00	8.00	5.92	56.07	93599.06	49793	0	BartonZwiebach	
2670	0:17:41	1/1/2019 	1054649	64.00	8.00	5.92	56.07	93599.06	1848	0	BartonZwiebach	
2671	0:17:41	1/1/2019 	1054849	68.00	9.00	5.95	56.07	93599.06	1848	0	BartonZwiebach	
2672	0:17:41	1/1/2019 	1054994	64.00	8.00	5.92	56.07	93599.23	1849	0	BartonZwiebach	
2673	0:17:41	1/1/2019 	1055107	150.00	9.00	8.02	56.07	93599.23	1845	0	BartonZwiebach	
2674	0:17:41	1/1/2019 	1055231	71.00	8.00	5.99	56.07	93599.23	3833	0	BartonZwiebach	
2675	0:17:41	1/1/2019 	1055612	69.00	9.00	5.97	56.07	93599.23	49790	0	BartonZwiebach	
2676	0:17:42	1/1/2019 	1055918	64.00	8.00	5.92	56.07	93599.23	1849	0	BartonZwiebach	
2677	0:17:42	1/1/2019 	1055955	63.00	8.00	5.91	56.07	93599.58	1848	0	BartonZwiebach	
2678	0:17:42	1/1/2019 	1056043	948.00	89.00	28.00	56.07	93599.58	1846	0	BartonZwiebach	
2679	0:17:42	1/1/2019 	1056207	72.00	9.00	6.01	56.07	93599.58	1850	0	BartonZwiebach	
2680	0:17:42	1/1/2019 	1056228	135.00	9.00	7.59	56.07	93599.58	3833	0	BartonZwiebach	
2681	0:17:42	1/1/2019 	1056633	959.00	171.00	42.27	56.07	93599.93	49794	0	BartonZwiebach	
2682	0:17:43	1/1/2019 	1056925	69.00	9.00	5.97	56.07	93600.28	1851	0	BartonZwiebach	
2683	0:17:43	1/1/2019 	1057223	66.00	8.00	5.93	56.07	93600.28	1850	0	BartonZwiebach	
2684	0:17:43	1/1/2019 	1057420	965.00	202.00	45.62	56.07	93600.45	1848	0	BartonZwiebach	
2685	0:17:43	1/1/2019 	1057436	228.00	10.00	9.92	56.07	93600.45	1851	0	BartonZwiebach	
2686	0:17:43	1/1/2019 	1057444	74.00	8.00	6.03	56.07	93600.45	3834	0	BartonZwiebach	
2687	0:17:43	1/1/2019 	1057626	67.00	9.00	5.94	56.07	93600.45	49792	0	BartonZwiebach	
2688	0:17:44	1/1/2019 	1057704	762.00	39.00	21.25	56.07	93600.45	1849	0	BartonZwiebach	
2689	0:17:44	1/1/2019 	1057890	62.00	9.00	5.90	56.07	93600.62	1853	0	BartonZwiebach	
2690	0:17:44	1/1/2019 	1057955	366.00	11.00	11.97	56.07	93600.62	1857	0	BartonZwiebach	
2691	0:17:44	1/1/2019 	1058017	64.00	8.00	5.92	56.07	93600.62	1857	0	BartonZwiebach	
2692	0:17:44	1/1/2019 	1058192	74.00	8.00	6.03	56.07	93600.62	3837	0	BartonZwiebach	
2693	0:17:44	1/1/2019 	1058376	828.00	49.00	22.45	56.07	93600.80	1852	0	BartonZwiebach	
2694	0:17:45	1/1/2019 	1058656	74.00	8.00	6.03	56.07	93600.80	49797	0	BartonZwiebach	
2695	0:17:45	1/1/2019 	1058703	713.00	32.00	19.98	56.07	93600.80	1849	0	BartonZwiebach	
2696	0:17:45	1/1/2019 	1058738	68.00	8.00	5.95	56.07	93600.80	1849	0	BartonZwiebach	
2697	0:17:45	1/1/2019 	1058742	65.00	9.00	5.92	56.07	93600.80	1847	0	BartonZwiebach	
2698	0:17:45	1/1/2019 	1058803	73.00	8.00	6.02	56.07	93600.80	3887	0	BartonZwiebach	
2699	0:17:45	1/1/2019 	1059004	68.00	9.00	5.95	56.07	93601.14	1846	0	BartonZwiebach	
2700	0:17:45	1/1/2019 	1059235	66.00	8.00	5.93	56.07	93601.14	1849	0	BartonZwiebach	
2701	0:17:45	1/1/2019 	1059397	74.00	8.00	6.03	56.07	93601.31	1847	0	BartonZwiebach	
2702	0:17:46	1/1/2019 	1059650	390.00	11.00	12.21	56.07	93601.31	49792	0	BartonZwiebach	
2703	0:17:46	1/1/2019 	1059808	162.00	9.00	8.36	56.07	93601.31	2605	0	BartonZwiebach	
2704	0:17:46	1/1/2019 	1060055	66.00	8.00	5.93	56.07	93601.66	3973	0	BartonZwiebach	
2705	0:17:46	1/1/2019 	1060355	63.00	9.00	5.91	56.06	93601.66	1846	0	BartonZwiebach	
2706	0:17:46	1/1/2019 	1060572	67.00	9.00	5.94	56.06	93601.66	49794	0	BartonZwiebach	
2707	0:17:46	1/1/2019 	1060606	749.00	37.00	20.95	56.06	93601.66	1849	0	BartonZwiebach	
2708	0:17:47	1/1/2019 	1060775	448.00	22.00	13.24	56.06	93601.66	1851	0	BartonZwiebach	
2709	0:17:47	1/1/2019 	1060810	65.00	8.00	5.92	56.06	93602.17	3836	0	BartonZwiebach	
2710	0:17:47	1/1/2019 	1060950	65.00	8.00	5.92	56.06	93602.17	1847	0	BartonZwiebach	
2711	0:17:47	1/1/2019 	1061138	65.00	8.00	5.92	56.06	93602.17	1847	0	BartonZwiebach	
2712	0:17:48	1/1/2019 	1061752	86.00	8.00	6.26	56.06	93602.52	49790	0	BartonZwiebach	
2713	0:17:48	1/1/2019 	1061785	218.00	11.00	9.73	56.06	93602.87	1848	0	BartonZwiebach	
2714	0:17:48	1/1/2019 	1062051	114.00	9.00	6.98	56.06	93602.87	1850	0	BartonZwiebach	
2715	0:17:48	1/1/2019 	1062123	65.00	8.00	5.92	56.06	93602.87	3834	0	BartonZwiebach	
2716	0:17:48	1/1/2019 	1062254	65.00	9.00	5.92	56.06	93603.39	1847	0	BartonZwiebach	
2717	0:17:48	1/1/2019 	1062325	820.00	45.00	22.04	56.06	93603.39	1850	0	BartonZwiebach	
2718	0:17:48	1/1/2019 	1062427	67.00	8.00	5.94	56.06	93603.39	1850	0	BartonZwiebach	
2719	0:17:48	1/1/2019 	1062490	70.00	9.00	5.98	56.06	93603.39	1846	0	BartonZwiebach	
2720	0:17:48	1/1/2019 	1062594	308.00	12.00	11.30	56.06	93603.39	49792	0	BartonZwiebach	
2721	0:17:48	1/1/2019 	1062624	66.00	8.00	5.93	56.06	93603.39	3835	0	BartonZwiebach	
2722	0:17:49	1/1/2019 	1062670	66.00	9.00	5.93	56.06	93603.39	1847	0	BartonZwiebach	
2723	0:17:49	1/1/2019 	1063032	70.00	9.00	5.98	56.06	93603.91	1850	0	BartonZwiebach	
2724	0:17:49	1/1/2019 	1063307	74.00	8.00	6.03	56.06	93604.43	1850	0	BartonZwiebach	
2725	0:17:50	1/1/2019 	1063661	78.00	8.00	6.10	56.06	93604.43	49790	0	BartonZwiebach	
2726	0:17:50	1/1/2019 	1063758	96.00	9.00	6.49	56.06	93604.64	1848	0	BartonZwiebach	
2727	0:17:50	1/1/2019 	1063805	197.00	10.00	9.25	56.06	93604.64	3888	0	BartonZwiebach	
2728	0:17:50	1/1/2019 	1063992	138.00	9.00	7.68	56.06	93604.64	1850	0	BartonZwiebach	
2729	0:17:50	1/1/2019 	1064026	75.00	9.00	6.05	56.06	93604.64	1850	0	BartonZwiebach	
2730	0:17:50	1/1/2019 	1064265	65.00	8.00	5.92	56.06	93605.34	1849	0	BartonZwiebach	
2731	0:17:50	1/1/2019 	1064366	235.00	10.00	10.06	56.06	93605.34	1847	0	BartonZwiebach	
2732	0:17:50	1/1/2019 	1064396	70.00	9.00	5.98	56.06	93605.34	1851	0	BartonZwiebach	
2733	0:17:50	1/1/2019 	1064436	78.00	9.00	6.10	56.06	93605.34	3833	0	BartonZwiebach	
2734	0:17:51	1/1/2019 	1064786	724.00	34.00	20.37	56.06	93606.03	49791	0	BartonZwiebach	
2735	0:17:52	1/1/2019 	1065830	383.00	17.00	12.39	56.06	93607.77	49797	0	BartonZwiebach	
2736	0:17:52	1/1/2019 	1065999	983.00	385.00	71.97	56.06	93607.77	1852	0	BartonZwiebach	
2737	0:17:52	1/1/2019 	1066074	70.00	9.00	5.98	56.06	93607.77	1850	0	BartonZwiebach	
2738	0:17:52	1/1/2019 	1066484	66.00	11.00	5.94	56.06	93608.63	1848	0	BartonZwiebach	
2739	0:17:52	1/1/2019 	1066595	62.00	9.00	5.90	56.06	93608.63	51777	0	BartonZwiebach	
2740	0:17:52	1/1/2019 	1066602	357.00	15.00	12.03	56.06	93608.63	1850	0	BartonZwiebach	
2741	0:17:53	1/1/2019 	1066703	64.00	9.00	5.92	56.06	93609.67	1850	0	BartonZwiebach	
2742	0:17:53	1/1/2019 	1066726	169.00	9.00	8.54	56.06	93609.67	1850	0	BartonZwiebach	
2743	0:17:53	1/1/2019 	1066973	64.00	8.00	5.92	56.06	93609.67	1849	0	BartonZwiebach	
2744	0:17:53	1/1/2019 	1067390	980.00	374.00	70.13	56.06	93610.71	1847	0	BartonZwiebach	
2745	0:17:53	1/1/2019 	1067446	64.00	9.00	5.92	56.06	93610.71	3834	0	BartonZwiebach	
2746	0:17:53	1/1/2019 	1067558	64.00	8.00	5.92	56.06	93610.71	49790	0	BartonZwiebach	
2747	0:17:54	1/1/2019 	1067644	202.00	10.00	9.37	56.06	93611.75	1847	0	BartonZwiebach	
2748	0:17:54	1/1/2019 	1067669	64.00	9.00	5.92	56.06	93611.75	1850	0	BartonZwiebach	
2749	0:17:54	1/1/2019 	1067728	74.00	8.00	6.03	56.06	93611.75	1847	0	BartonZwiebach	
2750	0:17:54	1/1/2019 	1067916	68.00	9.00	5.95	56.06	93611.75	1847	0	BartonZwiebach	
2751	0:17:54	1/1/2019 	1067959	146.00	9.00	7.91	56.06	93611.75	3833	0	BartonZwiebach	
2752	0:17:54	1/1/2019 	1068112	945.00	92.00	28.54	56.06	93612.79	1849	0	BartonZwiebach	
2753	0:17:54	1/1/2019 	1068221	69.00	8.00	5.97	56.06	93612.79	1850	0	BartonZwiebach	
2754	0:17:54	1/1/2019 	1068225	72.00	9.00	6.01	56.06	93612.79	1847	0	BartonZwiebach	
2755	0:17:54	1/1/2019 	1068314	64.00	9.00	5.92	56.06	93612.79	1849	0	BartonZwiebach	
2756	0:17:54	1/1/2019 	1068357	65.00	8.00	5.92	56.06	93612.79	1848	0	BartonZwiebach	
2757	0:17:54	1/1/2019 	1068563	63.00	9.00	5.91	56.06	93614.00	51775	0	BartonZwiebach	
2758	0:17:55	1/1/2019 	1068648	66.00	9.00	5.93	56.06	93614.00	1849	0	BartonZwiebach	
2759	0:17:55	1/1/2019 	1068973	108.00	9.00	6.81	56.06	93614.00	1850	0	BartonZwiebach	
2760	0:17:55	1/1/2019 	1068979	66.00	8.00	5.93	56.06	93614.00	1849	0	BartonZwiebach	
2761	0:17:55	1/1/2019 	1068984	67.00	8.00	5.94	56.06	93614.00	1847	0	BartonZwiebach	
2762	0:17:55	1/1/2019 	1069145	66.00	9.00	5.93	56.06	93615.04	3831	0	BartonZwiebach	
2763	0:17:55	1/1/2019 	1069244	67.00	9.00	5.94	56.06	93615.04	1848	0	BartonZwiebach	
2764	0:17:55	1/1/2019 	1069596	72.00	8.00	6.00	56.06	93616.25	49793	0	BartonZwiebach	
2765	0:17:56	1/1/2019 	1069649	64.00	8.00	5.92	56.06	93616.25	2602	0	BartonZwiebach	
2766	0:17:56	1/1/2019 	1069725	66.00	8.00	5.93	56.06	93616.25	1847	0	BartonZwiebach	
2767	0:17:56	1/1/2019 	1069767	66.00	9.00	5.93	56.06	93616.25	1847	0	BartonZwiebach	
2768	0:17:56	1/1/2019 	1069831	74.00	8.00	6.03	56.06	93616.25	4027	0	BartonZwiebach	
2769	0:17:56	1/1/2019 	1069946	79.00	9.00	6.12	56.06	93616.25	1847	0	BartonZwiebach	
2770	0:17:56	1/1/2019 	1069978	129.00	9.00	7.41	56.06	93616.25	1849	0	BartonZwiebach	
2771	0:17:56	1/1/2019 	1070052	64.00	8.00	5.92	56.06	93617.29	1849	0	BartonZwiebach	
2772	0:17:56	1/1/2019 	1070105	76.00	9.00	6.07	56.06	93617.29	1845	0	BartonZwiebach	
2773	0:17:56	1/1/2019 	1070283	80.00	8.00	6.14	56.06	93617.29	1849	0	BartonZwiebach	
2774	0:17:56	1/1/2019 	1070406	439.00	12.00	12.68	56.06	93617.29	3832	0	BartonZwiebach	
2775	0:17:57	1/1/2019 	1070737	176.00	10.00	8.73	56.06	93618.33	49792	0	BartonZwiebach	
2776	0:17:57	1/1/2019 	1070889	78.00	9.00	6.10	56.06	93618.33	1850	0	BartonZwiebach	
2777	0:17:57	1/1/2019 	1071027	66.00	9.00	5.93	56.06	93619.55	1848	0	BartonZwiebach	
2778	0:17:57	1/1/2019 	1071238	70.00	8.00	5.98	56.06	93619.55	1848	0	BartonZwiebach	
2779	0:17:57	1/1/2019 	1071301	79.00	9.00	6.12	56.06	93619.55	1846	0	BartonZwiebach	
2780	0:17:57	1/1/2019 	1071352	80.00	8.00	6.14	56.06	93619.55	3834	0	BartonZwiebach	
2781	0:17:57	1/1/2019 	1071364	329.00	13.00	11.61	56.06	93619.55	1846	0	BartonZwiebach	
2782	0:17:57	1/1/2019 	1071458	441.00	21.00	13.13	56.06	93620.58	1851	0	BartonZwiebach	
2783	0:17:58	1/1/2019 	1071687	64.00	9.00	5.92	56.06	93620.58	49793	0	BartonZwiebach	
2784	0:17:58	1/1/2019 	1071707	71.00	9.00	5.99	56.06	93620.58	1849	0	BartonZwiebach	
2785	0:17:58	1/1/2019 	1071786	72.00	9.00	6.01	56.06	93620.58	1849	0	BartonZwiebach	
2786	0:17:58	1/1/2019 	1072046	66.00	8.00	5.93	56.06	93621.62	3836	0	BartonZwiebach	
2787	0:17:58	1/1/2019 	1072048	65.00	9.00	5.92	56.06	93621.62	1854	0	BartonZwiebach	
2788	0:17:58	1/1/2019 	1072074	551.00	26.00	14.78	56.06	93621.62	1857	0	BartonZwiebach	
2789	0:17:58	1/1/2019 	1072555	67.00	11.00	5.95	56.06	93623.13	49799	0	BartonZwiebach	
2790	0:17:58	1/1/2019 	1072571	124.00	8.00	7.27	56.06	93623.13	1849	0	BartonZwiebach	
2791	0:17:59	1/1/2019 	1072855	173.00	10.00	8.66	56.06	93623.13	1848	0	BartonZwiebach	
2792	0:17:59	1/1/2019 	1072891	120.00	9.00	7.15	56.06	93623.13	3835	0	BartonZwiebach	
2793	0:17:59	1/1/2019 	1073443	64.00	8.00	5.92	56.06	93625.55	1849	0	BartonZwiebach	
2794	0:18:00	1/1/2019 	1073768	101.00	9.00	6.62	56.06	93625.55	49788	0	BartonZwiebach	
2795	0:18:00	1/1/2019 	1074015	68.00	9.00	5.95	56.06	93626.59	1852	0	BartonZwiebach	
2796	0:18:00	1/1/2019 	1074059	69.00	9.00	5.97	56.06	93626.59	1849	0	BartonZwiebach	
2797	0:18:00	1/1/2019 	1074619	80.00	8.00	6.14	56.06	93627.81	49792	0	BartonZwiebach	
2798	0:18:00	1/1/2019 	1074633	65.00	9.00	5.92	56.06	93627.81	3831	0	BartonZwiebach	
2799	0:18:01	1/1/2019 	1075069	72.00	5.00	6.00	56.07	93629.20	1850	0	BartonZwiebach	
2800	0:18:01	1/1/2019 	1075570	78.00	9.00	6.10	56.07	93630.41	49793	0	BartonZwiebach	
2801	0:18:02	1/1/2019 	1076017	64.00	12.00	5.92	56.07	93631.62	1851	0	BartonZwiebach	
2802	0:18:02	1/1/2019 	1076619	69.00	8.00	5.97	56.07	93633.19	49797	0	BartonZwiebach	
2803	0:18:03	1/1/2019 	1076707	65.00	9.00	5.92	56.07	93633.19	1847	0	BartonZwiebach	
2804	0:18:03	1/1/2019 	1076807	98.00	8.00	6.54	56.07	93634.23	3834	0	BartonZwiebach	
2805	0:18:03	1/1/2019 	1076886	67.00	9.00	5.94	56.07	93634.23	1848	0	BartonZwiebach	
2806	0:18:03	1/1/2019 	1077069	64.00	8.00	5.92	56.07	93634.23	1849	0	BartonZwiebach	
2807	0:18:03	1/1/2019 	1077153	138.00	9.00	7.68	56.07	93634.23	1845	0	BartonZwiebach	
2808	0:18:03	1/1/2019 	1077214	85.00	8.00	6.24	56.07	93634.23	1849	0	BartonZwiebach	
2809	0:18:04	1/1/2019 	1077793	62.00	8.00	5.90	56.07	93636.62	49792	0	BartonZwiebach	
2810	0:18:04	1/1/2019 	1078073	70.00	9.00	5.98	56.07	93636.62	3840	0	BartonZwiebach	
2811	0:18:04	1/1/2019 	1078415	72.00	9.00	6.01	56.07	93638.20	1853	0	BartonZwiebach	
2812	0:18:05	1/1/2019 	1078667	76.00	9.00	6.07	56.07	93638.20	49791	0	BartonZwiebach	
2813	0:18:05	1/1/2019 	1078689	99.00	9.00	6.57	56.07	93638.20	1850	0	BartonZwiebach	
2814	0:18:05	1/1/2019 	1078958	73.00	8.00	6.02	56.07	93639.23	1849	0	BartonZwiebach	
2815	0:18:05	1/1/2019 	1079279	976.00	178.00	43.12	56.08	93640.80	1848	0	BartonZwiebach	
2816	0:18:05	1/1/2019 	1079382	463.00	13.00	12.94	56.08	93640.80	3835	0	BartonZwiebach	
2817	0:18:06	1/1/2019 	1079697	233.00	10.00	10.02	56.08	93642.02	49795	0	BartonZwiebach	
2818	0:18:06	1/1/2019 	1079769	69.00	8.00	5.97	56.08	93642.02	2605	0	BartonZwiebach	
2819	0:18:06	1/1/2019 	1079771	314.00	13.00	11.41	56.08	93642.02	1847	0	BartonZwiebach	
2820	0:18:06	1/1/2019 	1079814	130.00	9.00	7.44	56.08	93642.02	1851	0	BartonZwiebach	
2821	0:18:06	1/1/2019 	1080499	69.00	8.00	5.97	56.08	93643.35	3972	0	BartonZwiebach	
2822	0:18:06	1/1/2019 	1080594	70.00	9.00	5.98	56.08	93643.35	49839	0	BartonZwiebach	
2823	0:18:06	1/1/2019 	1080623	66.00	9.00	5.93	56.08	93643.35	1849	0	BartonZwiebach	
2824	0:18:07	1/1/2019 	1080707	65.00	9.00	5.92	56.08	93644.39	1849	0	BartonZwiebach	
2825	0:18:07	1/1/2019 	1080886	286.00	10.00	10.92	56.08	93644.39	1851	0	BartonZwiebach	
2826	0:18:07	1/1/2019 	1080917	65.00	8.00	5.92	56.08	93644.39	1851	0	BartonZwiebach	
2827	0:18:07	1/1/2019 	1081153	66.00	9.00	5.93	56.08	93645.78	3831	0	BartonZwiebach	
2828	0:18:07	1/1/2019 	1081343	80.00	9.00	6.14	56.08	93645.78	1848	0	BartonZwiebach	
2829	0:18:07	1/1/2019 	1081353	78.00	8.00	6.10	56.08	93645.78	1849	0	BartonZwiebach	
2830	0:18:07	1/1/2019 	1081382	64.00	8.00	5.92	56.08	93645.78	1847	0	BartonZwiebach	
2831	0:18:08	1/1/2019 	1081796	64.00	8.00	5.92	56.08	93646.65	49789	0	BartonZwiebach	
2832	0:18:08	1/1/2019 	1081975	74.00	8.00	6.03	56.08	93646.65	1847	0	BartonZwiebach	
2833	0:18:08	1/1/2019 	1082461	64.00	9.00	5.92	56.08	93648.02	3832	0	BartonZwiebach	
2834	0:18:08	1/1/2019 	1082473	71.00	9.00	5.99	56.08	93648.02	1848	0	BartonZwiebach	
2835	0:18:09	1/1/2019 	1083158	65.00	9.00	5.92	56.09	93650.27	49791	0	BartonZwiebach	
2836	0:18:09	1/1/2019 	1083263	68.00	8.00	5.95	56.09	93650.27	1850	0	BartonZwiebach	
2837	0:18:09	1/1/2019 	1083267	66.00	8.00	5.93	56.09	93650.27	1848	0	BartonZwiebach	
2838	0:18:09	1/1/2019 	1083362	68.00	9.00	5.95	56.09	93650.27	1847	0	BartonZwiebach	
2839	0:18:09	1/1/2019 	1083443	66.00	9.00	5.93	56.09	93650.27	3834	0	BartonZwiebach	
2840	0:18:10	1/1/2019 	1084033	64.00	8.00	5.92	56.09	93651.66	49792	0	BartonZwiebach	
2841	0:18:10	1/1/2019 	1084107	240.00	10.00	10.15	56.09	93653.03	1848	0	BartonZwiebach	
2842	0:18:10	1/1/2019 	1084220	180.00	10.00	8.84	56.09	93653.03	1851	0	BartonZwiebach	
2843	0:18:10	1/1/2019 	1084301	197.00	10.00	9.25	56.09	93653.03	1849	0	BartonZwiebach	
2844	0:18:10	1/1/2019 	1084314	67.00	9.00	5.94	56.09	93653.03	1850	0	BartonZwiebach	
2845	0:18:10	1/1/2019 	1084577	65.00	9.00	5.92	56.09	93653.89	51776	0	BartonZwiebach	
2846	0:18:11	1/1/2019 	1084837	67.00	9.00	5.94	56.09	93653.89	1850	0	BartonZwiebach	
2847	0:18:11	1/1/2019 	1084880	66.00	9.00	5.93	56.09	93653.89	1850	0	BartonZwiebach	
2848	0:18:11	1/1/2019 	1085090	106.00	9.00	6.76	56.09	93655.08	1849	0	BartonZwiebach	
2849	0:18:11	1/1/2019 	1085327	68.00	11.00	5.96	56.09	93655.08	1850	0	BartonZwiebach	
2850	0:18:11	1/1/2019 	1085402	324.00	13.00	11.54	56.09	93655.08	1850	0	BartonZwiebach	
2851	0:18:12	1/1/2019 	1086020	65.00	9.00	5.92	56.10	93657.17	51780	0	BartonZwiebach	
2852	0:18:12	1/1/2019 	1086258	180.00	10.00	8.84	56.10	93657.17	1851	0	BartonZwiebach	
2853	0:18:12	1/1/2019 	1086380	66.00	9.00	5.93	56.10	93657.17	1851	0	BartonZwiebach	
2854	0:18:12	1/1/2019 	1086566	66.00	9.00	5.93	56.10	93658.36	49792	0	BartonZwiebach	
2855	0:18:13	1/1/2019 	1086683	65.00	8.00	5.92	56.10	93658.36	1848	0	BartonZwiebach	
2856	0:18:13	1/1/2019 	1086910	64.00	9.00	5.92	56.10	93658.36	1847	0	BartonZwiebach	
2857	0:18:13	1/1/2019 	1086989	65.00	9.00	5.92	56.10	93659.41	3832	0	BartonZwiebach	
2858	0:18:13	1/1/2019 	1087500	66.00	9.00	5.93	56.10	93660.62	1851	0	BartonZwiebach	
2859	0:18:14	1/1/2019 	1087651	72.00	9.00	6.01	56.10	93660.62	49841	0	BartonZwiebach	
2860	0:18:14	1/1/2019 	1088018	74.00	9.00	6.03	56.10	93661.31	1854	0	BartonZwiebach	
2861	0:18:14	1/1/2019 	1088085	67.00	9.00	5.94	56.10	93661.31	1849	0	BartonZwiebach	
2862	0:18:14	1/1/2019 	1088092	73.00	9.00	6.02	56.10	93661.31	1849	0	BartonZwiebach	
2863	0:18:14	1/1/2019 	1088313	68.00	8.00	5.95	56.10	93661.31	3888	0	BartonZwiebach	
2864	0:18:15	1/1/2019 	1088912	877.00	53.00	22.93	56.11	93663.38	49794	0	BartonZwiebach	
2865	0:18:15	1/1/2019 	1089191	68.00	8.00	5.95	56.11	93663.38	1858	0	BartonZwiebach	
2866	0:18:15	1/1/2019 	1089325	64.00	8.00	5.92	56.11	93663.38	1855	0	BartonZwiebach	
2867	0:18:15	1/1/2019 	1089571	76.00	9.00	6.07	56.11	93664.56	49796	0	BartonZwiebach	
2868	0:18:16	1/1/2019 	1089703	67.00	8.00	5.94	56.11	93664.56	2799	0	BartonZwiebach	
2869	0:18:16	1/1/2019 	1089803	71.00	8.00	5.99	56.11	93664.56	3972	0	BartonZwiebach	
2870	0:18:16	1/1/2019 	1090172	66.00	9.00	5.93	56.11	93665.75	1847	0	BartonZwiebach	
2871	0:18:16	1/1/2019 	1090311	66.00	8.00	5.93	56.11	93665.75	1849	0	BartonZwiebach	
2872	0:18:16	1/1/2019 	1090571	79.00	8.00	6.12	56.11	93666.45	49790	0	BartonZwiebach	
2873	0:18:17	1/1/2019 	1090750	74.00	9.00	6.03	56.11	93666.45	1848	0	BartonZwiebach	
2874	0:18:17	1/1/2019 	1091079	65.00	9.00	5.92	56.11	93667.49	1851	0	BartonZwiebach	
2875	0:18:17	1/1/2019 	1091322	66.00	9.00	5.93	56.11	93667.49	3833	0	BartonZwiebach	
2876	0:18:18	1/1/2019 	1091779	66.00	9.00	5.93	56.12	93668.53	49792	0	BartonZwiebach	
2877	0:18:18	1/1/2019 	1092050	86.00	8.00	6.26	56.12	93669.23	1850	0	BartonZwiebach	
2878	0:18:18	1/1/2019 	1092211	67.00	9.00	5.94	56.12	93669.23	1846	0	BartonZwiebach	
2879	0:18:18	1/1/2019 	1092278	66.00	9.00	5.93	56.12	93669.23	1849	0	BartonZwiebach	
2880	0:18:18	1/1/2019 	1092334	64.00	8.00	5.92	56.12	93670.25	1849	0	BartonZwiebach	
2881	0:18:19	1/1/2019 	1092697	74.00	9.00	6.03	56.12	93670.25	51774	0	BartonZwiebach	
2882	0:18:19	1/1/2019 	1092709	66.00	9.00	5.93	56.12	93670.25	1851	0	BartonZwiebach	
2883	0:18:19	1/1/2019 	1092890	96.00	8.00	6.49	56.12	93671.30	1849	0	BartonZwiebach	
2884	0:18:19	1/1/2019 	1093029	87.00	9.00	6.28	56.12	93671.30	1846	0	BartonZwiebach	
2885	0:18:19	1/1/2019 	1093387	73.00	9.00	6.02	56.12	93671.81	1848	0	BartonZwiebach	
2886	0:18:20	1/1/2019 	1093854	76.00	9.00	6.07	56.12	93672.83	49792	0	BartonZwiebach	
2887	0:18:20	1/1/2019 	1094116	64.00	9.00	5.92	56.12	93672.83	3834	0	BartonZwiebach	
2888	0:18:20	1/1/2019 	1094124	74.00	8.00	6.03	56.12	93672.83	1848	0	BartonZwiebach	
2889	0:18:20	1/1/2019 	1094214	67.00	9.00	5.94	56.12	93672.83	1846	0	BartonZwiebach	
2890	0:18:20	1/1/2019 	1094473	70.00	9.00	5.98	56.13	93673.67	1849	0	BartonZwiebach	
2891	0:18:21	1/1/2019 	1094664	67.00	9.00	5.94	56.13	93673.67	49793	0	BartonZwiebach	
2892	0:18:21	1/1/2019 	1094694	66.00	9.00	5.93	56.13	93673.67	3835	0	BartonZwiebach	
2893	0:18:21	1/1/2019 	1094740	68.00	8.00	5.95	56.13	93674.72	1848	0	BartonZwiebach	
2894	0:18:21	1/1/2019 	1094777	68.00	8.00	5.95	56.13	93674.72	1846	0	BartonZwiebach	
2895	0:18:21	1/1/2019 	1094786	66.00	9.00	5.93	56.13	93674.72	1846	0	BartonZwiebach	
2896	0:18:21	1/1/2019 	1094893	81.00	8.00	6.15	56.13	93674.72	1849	0	BartonZwiebach	
2897	0:18:21	1/1/2019 	1095085	135.00	9.00	7.59	56.13	93674.72	1846	0	BartonZwiebach	
2898	0:18:21	1/1/2019 	1095397	63.00	9.00	5.91	56.13	93675.59	3835	0	BartonZwiebach	
2899	0:18:22	1/1/2019 	1095807	69.00	9.00	5.97	56.13	93676.11	49794	0	BartonZwiebach	
2900	0:18:22	1/1/2019 	1095899	73.00	9.00	6.02	56.13	93676.11	1849	0	BartonZwiebach	
2901	0:18:22	1/1/2019 	1096623	183.00	9.00	8.90	56.13	93676.95	49793	0	BartonZwiebach	
2902	0:18:22	1/1/2019 	1096636	66.00	8.00	5.93	56.13	93676.95	1849	0	BartonZwiebach	
2903	0:18:23	1/1/2019 	1096835	102.00	9.00	6.65	56.13	93677.48	1847	0	BartonZwiebach	
2904	0:18:23	1/1/2019 	1096888	86.00	9.00	6.26	56.13	93677.48	3888	0	BartonZwiebach	
2905	0:18:23	1/1/2019 	1097041	208.00	10.00	9.50	56.13	93677.48	1848	0	BartonZwiebach	
2906	0:18:23	1/1/2019 	1097432	68.00	9.00	5.95	56.14	93678.34	1851	0	BartonZwiebach	
2907	0:18:23	1/1/2019 	1097460	73.00	8.00	6.02	56.14	93678.34	1848	0	BartonZwiebach	
2908	0:18:24	1/1/2019 	1097809	75.00	9.00	6.05	56.14	93678.99	49791	0	BartonZwiebach	
2909	0:18:24	1/1/2019 	1098071	69.00	9.00	5.97	56.14	93678.99	1850	0	BartonZwiebach	
2910	0:18:24	1/1/2019 	1098160	67.00	9.00	5.94	56.14	93679.86	3833	0	BartonZwiebach	
2911	0:18:24	1/1/2019 	1098192	76.00	9.00	6.07	56.14	93679.86	1849	0	BartonZwiebach	
2912	0:18:24	1/1/2019 	1098312	66.00	9.00	5.93	56.14	93679.86	1848	0	BartonZwiebach	
2913	0:18:24	1/1/2019 	1098425	980.00	308.00	58.39	56.14	93679.86	1849	0	BartonZwiebach	
2914	0:18:24	1/1/2019 	1098597	70.00	8.00	5.98	56.14	93679.86	49801	0	BartonZwiebach	
2915	0:18:24	1/1/2019 	1098617	67.00	9.00	5.94	56.14	93680.56	1847	0	BartonZwiebach	
2916	0:18:24	1/1/2019 	1098639	66.00	9.00	5.93	56.14	93680.56	3832	0	BartonZwiebach	
2917	0:18:25	1/1/2019 	1098961	74.00	9.00	6.03	56.14	93680.56	1849	0	BartonZwiebach	
2918	0:18:25	1/1/2019 	1099108	971.00	175.00	42.76	56.14	93681.44	1850	0	BartonZwiebach	
2919	0:18:25	1/1/2019 	1099231	132.00	9.00	7.50	56.14	93681.44	1850	0	BartonZwiebach	
2920	0:18:25	1/1/2019 	1099358	70.00	9.00	5.98	56.14	93681.44	1849	0	BartonZwiebach	
2921	0:18:26	1/1/2019 	1099706	64.00	9.00	5.92	56.14	93682.27	49794	0	BartonZwiebach	
2922	0:18:26	1/1/2019 	1099798	65.00	9.00	5.92	56.14	93682.27	4922	0	BartonZwiebach	
2923	0:18:26	1/1/2019 	1099809	467.00	14.00	13.03	56.14	93682.27	1848	0	BartonZwiebach	
2924	0:18:26	1/1/2019 	1099820	76.00	9.00	6.07	56.14	93682.27	1851	0	BartonZwiebach	
2925	0:18:26	1/1/2019 	1099902	66.00	9.00	5.93	56.14	93682.27	1849	0	BartonZwiebach	
2926	0:18:26	1/1/2019 	1099996	66.00	9.00	5.93	56.14	93682.27	1850	0	BartonZwiebach	
2927	0:18:26	1/1/2019 	1100161	146.00	8.00	7.90	56.14	93682.97	1849	0	BartonZwiebach	
2928	0:18:26	1/1/2019 	1100306	69.00	9.00	5.97	56.14	93682.97	3831	0	BartonZwiebach	
2929	0:18:26	1/1/2019 	1100579	65.00	8.00	5.92	56.15	93684.02	49793	0	BartonZwiebach	
2930	0:18:27	1/1/2019 	1100641	755.00	40.00	21.31	56.15	93684.02	1848	0	BartonZwiebach	
2931	0:18:27	1/1/2019 	1101092	64.00	9.00	5.92	56.15	93684.53	1851	0	BartonZwiebach	
2932	0:18:27	1/1/2019 	1101213	85.00	9.00	6.24	56.15	93684.53	1848	0	BartonZwiebach	
2933	0:18:27	1/1/2019 	1101272	68.00	9.00	5.95	56.15	93684.53	1848	0	BartonZwiebach	
2934	0:18:27	1/1/2019 	1101299	200.00	10.00	9.32	56.15	93684.53	3833	0	BartonZwiebach	
2935	0:18:27	1/1/2019 	1101306	68.00	9.00	5.95	56.15	93684.53	1850	0	BartonZwiebach	
2936	0:18:27	1/1/2019 	1101439	705.00	32.00	19.84	56.15	93684.53	1850	0	BartonZwiebach	
2937	0:18:28	1/1/2019 	1101871	125.00	9.00	7.30	56.15	93685.58	49791	0	BartonZwiebach	
2938	0:18:28	1/1/2019 	1101893	76.00	9.00	6.07	56.15	93685.58	1851	0	BartonZwiebach	
2939	0:18:28	1/1/2019 	1101911	68.00	9.00	5.95	56.15	93685.58	1849	0	BartonZwiebach	
2940	0:18:28	1/1/2019 	1101995	72.00	9.00	6.01	56.15	93685.58	3833	0	BartonZwiebach	
2941	0:18:28	1/1/2019 	1102084	71.00	9.00	5.99	56.15	93686.22	1849	0	BartonZwiebach	
2942	0:18:28	1/1/2019 	1102206	63.00	9.00	5.91	56.15	93686.22	1849	0	BartonZwiebach	
2943	0:18:28	1/1/2019 	1102498	79.00	9.00	6.12	56.15	93687.09	1850	0	BartonZwiebach	
2944	0:18:29	1/1/2019 	1102986	65.00	9.00	5.92	56.16	93687.97	49841	0	BartonZwiebach	
2945	0:18:30	1/1/2019 	1103795	67.00	9.00	5.94	56.16	93688.81	49794	0	BartonZwiebach	
2946	0:18:30	1/1/2019 	1103871	924.00	64.00	24.20	56.16	93688.81	3889	0	BartonZwiebach	
2947	0:18:30	1/1/2019 	1103955	64.00	9.00	5.92	56.16	93689.16	1848	0	BartonZwiebach	
2948	0:18:31	1/1/2019 	1104652	65.00	9.00	5.92	56.16	93690.03	49793	0	BartonZwiebach	
2949	0:18:31	1/1/2019 	1104967	65.00	9.00	5.92	56.16	93690.70	1851	0	BartonZwiebach	
2950	0:18:31	1/1/2019 	1104989	67.00	9.00	5.94	56.16	93690.70	1849	0	BartonZwiebach	
2951	0:18:31	1/1/2019 	1105192	65.00	12.00	5.93	56.16	93690.70	1849	0	BartonZwiebach	
2952	0:18:31	1/1/2019 	1105214	65.00	8.00	5.92	56.16	93690.70	3832	0	BartonZwiebach	
2953	0:18:31	1/1/2019 	1105236	73.00	9.00	6.02	56.16	93690.70	1848	0	BartonZwiebach	
2954	0:18:32	1/1/2019 	1105678	66.00	9.00	5.93	56.16	93691.23	49792	0	BartonZwiebach	
2955	0:18:32	1/1/2019 	1105700	70.00	9.00	5.98	56.16	93691.23	1849	0	BartonZwiebach	
2956	0:18:32	1/1/2019 	1105716	81.00	9.00	6.16	56.16	93691.23	1849	0	BartonZwiebach	
2957	0:18:32	1/1/2019 	1105961	69.00	9.00	5.97	56.17	93691.89	3833	0	BartonZwiebach	
2958	0:18:32	1/1/2019 	1106036	71.00	9.00	5.99	56.17	93691.89	1848	0	BartonZwiebach	
2959	0:18:32	1/1/2019 	1106209	72.00	8.00	6.00	56.17	93691.89	1849	0	BartonZwiebach	
2960	0:18:32	1/1/2019 	1106278	75.00	8.00	6.05	56.17	93691.89	1847	0	BartonZwiebach	
2961	0:18:32	1/1/2019 	1106417	70.00	9.00	5.98	56.17	93692.77	1846	0	BartonZwiebach	
2962	0:18:33	1/1/2019 	1106731	68.00	8.00	5.95	56.17	93692.77	49793	0	BartonZwiebach	
2963	0:18:33	1/1/2019 	1106802	76.00	9.00	6.07	56.17	93692.77	3832	0	BartonZwiebach	
2964	0:18:33	1/1/2019 	1106829	65.00	9.00	5.92	56.17	93692.77	1848	0	BartonZwiebach	
2965	0:18:33	1/1/2019 	1106895	144.00	9.00	7.85	56.17	93693.61	1848	0	BartonZwiebach	
2966	0:18:33	1/1/2019 	1106952	65.00	9.00	5.92	56.17	93693.61	1849	0	BartonZwiebach	
2967	0:18:33	1/1/2019 	1107168	67.00	9.00	5.94	56.17	93693.61	1849	0	BartonZwiebach	
2968	0:18:33	1/1/2019 	1107288	64.00	9.00	5.92	56.17	93693.61	1849	0	BartonZwiebach	
2969	0:18:34	1/1/2019 	1107883	67.00	9.00	5.94	56.17	93694.83	51775	0	BartonZwiebach	
2970	0:18:34	1/1/2019 	1107937	73.00	9.00	6.02	56.17	93694.83	1849	0	BartonZwiebach	
2971	0:18:34	1/1/2019 	1107963	69.00	9.00	5.97	56.17	93694.83	1848	0	BartonZwiebach	
2972	0:18:34	1/1/2019 	1108189	78.00	9.00	6.10	56.17	93694.83	1848	0	BartonZwiebach	
2973	0:18:34	1/1/2019 	1108432	374.00	17.00	12.29	56.17	93695.35	1850	0	BartonZwiebach	
2974	0:18:34	1/1/2019 	1108483	81.00	9.00	6.16	56.17	93695.35	1850	0	BartonZwiebach	
2975	0:18:34	1/1/2019 	1108589	68.00	9.00	5.95	56.17	93695.35	51777	0	BartonZwiebach	
2976	0:18:35	1/1/2019 	1109343	358.00	11.00	11.88	56.18	93696.89	1850	0	BartonZwiebach	
2977	0:18:36	1/1/2019 	1109825	75.00	8.00	6.05	56.18	93697.24	49797	0	BartonZwiebach	
2978	0:18:36	1/1/2019 	1109996	463.00	14.00	13.00	56.18	93697.24	2799	0	BartonZwiebach	
2979	0:18:36	1/1/2019 	1110288	65.00	9.00	5.92	56.18	93697.77	1850	0	BartonZwiebach	
2980	0:18:36	1/1/2019 	1110305	64.00	9.00	5.92	56.18	93697.77	1849	0	BartonZwiebach	
2981	0:18:36	1/1/2019 	1110356	66.00	8.00	5.93	56.18	93697.77	3972	0	BartonZwiebach	
2982	0:18:36	1/1/2019 	1110424	77.00	9.00	6.08	56.18	93697.77	1846	0	BartonZwiebach	
2983	0:18:36	1/1/2019 	1110497	672.00	26.00	18.34	56.18	93697.77	1849	0	BartonZwiebach	
2984	0:18:36	1/1/2019 	1110571	74.00	9.00	6.03	56.18	93697.77	49796	0	BartonZwiebach	
2985	0:18:37	1/1/2019 	1110755	66.00	9.00	5.93	56.18	93698.27	1849	0	BartonZwiebach	
2986	0:18:37	1/1/2019 	1110980	89.00	9.00	6.32	56.18	93698.27	1849	0	BartonZwiebach	
2987	0:18:37	1/1/2019 	1111330	83.00	8.00	6.19	56.18	93698.61	3887	0	BartonZwiebach	
2988	0:18:37	1/1/2019 	1111351	129.00	9.00	7.41	56.18	93698.61	1846	0	BartonZwiebach	
2989	0:18:37	1/1/2019 	1111452	218.00	10.00	9.72	56.18	93698.61	1849	0	BartonZwiebach	
2990	0:18:37	1/1/2019 	1111588	69.00	8.00	5.97	56.18	93698.61	49792	0	BartonZwiebach	
2991	0:18:37	1/1/2019 	1111610	65.00	9.00	5.92	56.18	93698.61	1847	0	BartonZwiebach	
2992	0:18:38	1/1/2019 	1111851	66.00	9.00	5.93	56.18	93699.30	1849	0	BartonZwiebach	
2993	0:18:38	1/1/2019 	1111968	922.00	61.00	23.84	56.18	93699.30	3836	0	BartonZwiebach	
2994	0:18:39	1/1/2019 	1112700	64.00	9.00	5.92	56.19	93700.33	49797	0	BartonZwiebach	
2995	0:18:39	1/1/2019 	1112722	66.00	9.00	5.93	56.19	93700.33	1849	0	BartonZwiebach	
2996	0:18:39	1/1/2019 	1112740	68.00	9.00	5.95	56.19	93700.33	1850	0	BartonZwiebach	
2997	0:18:39	1/1/2019 	1112833	76.00	9.00	6.07	56.19	93700.33	1848	0	BartonZwiebach	
2998	0:18:39	1/1/2019 	1112914	529.00	14.00	13.66	56.19	93700.33	1849	0	BartonZwiebach	
2999	0:18:39	1/1/2019 	1113055	64.00	9.00	5.92	56.19	93700.33	3835	0	BartonZwiebach	
3000	0:18:39	1/1/2019 	1113126	73.00	9.00	6.02	56.19	93700.33	1849	0	BartonZwiebach	
3001	0:18:39	1/1/2019 	1113240	69.00	8.00	5.97	56.19	93701.02	1849	0	BartonZwiebach	
3002	0:18:39	1/1/2019 	1113300	816.00	54.00	22.93	56.19	93701.02	1846	0	BartonZwiebach	
3003	0:18:39	1/1/2019 	1113364	98.00	9.00	6.54	56.19	93701.02	1850	0	BartonZwiebach	
3004	0:18:39	1/1/2019 	1113465	68.00	9.00	5.95	56.19	93701.02	1848	0	BartonZwiebach	
3005	0:18:39	1/1/2019 	1113622	84.00	8.00	6.21	56.19	93701.02	51777	0	BartonZwiebach	
3006	0:18:40	1/1/2019 	1113716	69.00	8.00	5.97	56.19	93701.37	1846	0	BartonZwiebach	
3007	0:18:40	1/1/2019 	1114274	457.00	23.00	13.36	56.19	93702.05	1848	0	BartonZwiebach	
3008	0:18:40	1/1/2019 	1114448	65.00	9.00	5.92	56.19	93702.05	1850	0	BartonZwiebach	
3009	0:18:41	1/1/2019 	1114668	65.00	9.00	5.92	56.19	93702.39	49793	0	BartonZwiebach	
3010	0:18:41	1/1/2019 	1114672	513.00	13.00	13.39	56.19	93702.39	1851	0	BartonZwiebach	
3011	0:18:41	1/1/2019 	1114686	68.00	8.00	5.95	56.19	93702.39	3834	0	BartonZwiebach	
3012	0:18:41	1/1/2019 	1114853	941.00	72.00	25.26	56.19	93702.39	1848	0	BartonZwiebach	
3013	0:18:41	1/1/2019 	1115076	70.00	9.00	5.98	56.19	93702.39	1851	0	BartonZwiebach	
3014	0:18:41	1/1/2019 	1115091	66.00	9.00	5.93	56.19	93703.09	1849	0	BartonZwiebach	
3015	0:18:41	1/1/2019 	1115335	84.00	9.00	6.22	56.19	93703.09	1849	0	BartonZwiebach	
3016	0:18:41	1/1/2019 	1115548	65.00	9.00	5.92	56.19	93703.09	51777	0	BartonZwiebach	
3017	0:18:42	1/1/2019 	1115806	64.00	9.00	5.92	56.20	93703.59	2061	0	BartonZwiebach	
3018	0:18:42	1/1/2019 	1115812	80.00	9.00	6.14	56.20	93703.59	1849	0	BartonZwiebach	
3019	0:18:42	1/1/2019 	1115828	80.00	9.00	6.14	56.20	93703.59	1849	0	BartonZwiebach	
3020	0:18:42	1/1/2019 	1116090	69.00	8.00	5.97	56.20	93704.10	1848	0	BartonZwiebach	
3021	0:18:42	1/1/2019 	1116280	64.00	9.00	5.92	56.20	93704.10	1847	0	BartonZwiebach	
3022	0:18:43	1/1/2019 	1117336	64.00	9.00	5.92	56.20	93704.95	51776	0	BartonZwiebach	
3023	0:18:43	1/1/2019 	1117373	64.00	9.00	5.92	56.20	93704.95	1849	0	BartonZwiebach	
3024	0:18:44	1/1/2019 	1117808	471.00	13.00	13.00	56.20	93705.66	49793	0	BartonZwiebach	
3025	0:18:44	1/1/2019 	1117978	65.00	9.00	5.92	56.20	93705.66	1851	0	BartonZwiebach	
3026	0:18:44	1/1/2019 	1118015	144.00	9.00	7.85	56.20	93706.17	1848	0	BartonZwiebach	
3027	0:18:44	1/1/2019 	1118043	67.00	9.00	5.94	56.20	93706.17	1850	0	BartonZwiebach	
3028	0:18:44	1/1/2019 	1118143	67.00	9.00	5.94	56.20	93706.17	3833	0	BartonZwiebach	
3029	0:18:44	1/1/2019 	1118215	65.00	8.00	5.92	56.20	93706.17	1849	0	BartonZwiebach	
3030	0:18:44	1/1/2019 	1118254	96.00	9.00	6.49	56.20	93706.17	1847	0	BartonZwiebach	
3031	0:18:44	1/1/2019 	1118306	68.00	9.00	5.95	56.20	93706.17	1848	0	BartonZwiebach	
3032	0:18:44	1/1/2019 	1118359	244.00	11.00	10.24	56.20	93706.17	1849	0	BartonZwiebach	
3033	0:18:45	1/1/2019 	1118733	68.00	9.00	5.95	56.20	93706.87	49796	0	BartonZwiebach	
3034	0:18:45	1/1/2019 	1118758	72.00	9.00	6.01	56.20	93706.87	3834	0	BartonZwiebach	
3035	0:18:45	1/1/2019 	1118960	75.00	9.00	6.05	56.20	93706.87	1850	0	BartonZwiebach	
3036	0:18:45	1/1/2019 	1119095	68.00	9.00	5.95	56.20	93707.22	1849	0	BartonZwiebach	
3037	0:18:45	1/1/2019 	1119343	72.00	9.00	6.01	56.20	93707.22	1848	0	BartonZwiebach	
3038	0:18:45	1/1/2019 	1119429	64.00	9.00	5.92	56.20	93707.22	1849	0	BartonZwiebach	
3039	0:18:45	1/1/2019 	1119568	65.00	9.00	5.92	56.20	93707.39	49792	0	BartonZwiebach	
3040	0:18:46	1/1/2019 	1119909	618.00	21.00	16.15	56.20	93707.39	4888	0	BartonZwiebach	
3041	0:18:46	1/1/2019 	1120152	378.00	11.00	12.09	56.21	93708.03	1852	0	BartonZwiebach	
3042	0:18:46	1/1/2019 	1120291	554.00	25.00	14.79	56.21	93708.03	1852	0	BartonZwiebach	
3043	0:18:46	1/1/2019 	1120353	86.00	9.00	6.26	56.21	93708.03	1850	0	BartonZwiebach	
3044	0:18:47	1/1/2019 	1120966	83.00	8.00	6.19	56.21	93708.73	49792	0	BartonZwiebach	
3045	0:18:47	1/1/2019 	1121283	200.00	10.00	9.32	56.21	93708.73	1850	0	BartonZwiebach	
3046	0:18:48	1/1/2019 	1122030	63.00	9.00	5.91	56.21	93709.77	54250	0	BartonZwiebach	
3047	0:18:48	1/1/2019 	1122157	67.00	9.00	5.94	56.21	93709.77	1850	0	BartonZwiebach	
3048	0:18:48	1/1/2019 	1122203	65.00	9.00	5.92	56.21	93709.77	1849	0	BartonZwiebach	
3049	0:18:48	1/1/2019 	1122482	78.00	9.00	6.10	56.21	93710.12	1849	0	BartonZwiebach	
3050	0:18:49	1/1/2019 	1123189	65.00	9.00	5.92	56.21	93710.81	49792	0	BartonZwiebach	
3051	0:18:49	1/1/2019 	1123376	66.00	9.00	5.93	56.21	93711.48	1850	0	BartonZwiebach	
3052	0:18:49	1/1/2019 	1123401	69.00	9.00	5.97	56.21	93711.48	3854	0	BartonZwiebach	
3053	0:18:49	1/1/2019 	1123619	75.00	9.00	6.05	56.21	93711.48	49792	0	BartonZwiebach	
3054	0:18:50	1/1/2019 	1123647	69.00	9.00	5.97	56.21	93711.48	1848	0	BartonZwiebach	
3055	0:18:50	1/1/2019 	1123850	114.00	9.00	6.98	56.21	93711.66	1849	0	BartonZwiebach	
3056	0:18:50	1/1/2019 	1124410	167.00	9.00	8.49	56.21	93712.01	1849	0	BartonZwiebach	
3057	0:18:51	1/1/2019 	1124674	89.00	9.00	6.32	56.21	93712.01	49792	0	BartonZwiebach	
3058	0:18:51	1/1/2019 	1124722	64.00	9.00	5.92	56.21	93712.01	3855	0	BartonZwiebach	
3059	0:18:51	1/1/2019 	1124862	68.00	8.00	5.95	56.21	93712.19	1848	0	BartonZwiebach	
3060	0:18:51	1/1/2019 	1124925	78.00	9.00	6.10	56.21	93712.19	1846	0	BartonZwiebach	
3061	0:18:51	1/1/2019 	1124990	66.00	9.00	5.93	56.21	93712.19	1848	0	BartonZwiebach	
3062	0:18:51	1/1/2019 	1125019	226.00	10.00	9.88	56.21	93712.19	1850	0	BartonZwiebach	
3063	0:18:51	1/1/2019 	1125201	68.00	9.00	5.95	56.21	93712.19	1849	0	BartonZwiebach	
3064	0:18:51	1/1/2019 	1125292	67.00	8.00	5.94	56.22	93712.88	3856	0	BartonZwiebach	
3065	0:18:51	1/1/2019 	1125340	93.00	9.00	6.42	56.22	93712.88	1853	0	BartonZwiebach	
3066	0:18:51	1/1/2019 	1125568	92.00	9.00	6.39	56.22	93712.88	49799	0	BartonZwiebach	
3067	0:18:52	1/1/2019 	1125788	200.00	11.00	9.33	56.22	93713.05	1853	0	BartonZwiebach	
3068	0:18:52	1/1/2019 	1126089	620.00	20.00	16.09	56.22	93713.05	1851	0	BartonZwiebach	
3069	0:18:52	1/1/2019 	1126201	64.00	9.00	5.92	56.22	93713.05	1850	0	BartonZwiebach	
3070	0:18:52	1/1/2019 	1126273	343.00	12.00	11.75	56.22	93713.23	3854	0	BartonZwiebach	
3071	0:18:52	1/1/2019 	1126409	66.00	9.00	5.93	56.22	93713.23	1849	0	BartonZwiebach	
3072	0:18:52	1/1/2019 	1126475	67.00	9.00	5.94	56.22	93713.23	1849	0	BartonZwiebach	
3073	0:18:52	1/1/2019 	1126635	77.00	9.00	6.08	56.22	93713.23	49793	0	BartonZwiebach	
3074	0:18:53	1/1/2019 	1126678	64.00	9.00	5.92	56.22	93713.23	1849	0	BartonZwiebach	
3075	0:18:53	1/1/2019 	1126831	69.00	9.00	5.97	56.22	93713.90	1849	0	BartonZwiebach	
3076	0:18:53	1/1/2019 	1126928	71.00	8.00	5.99	56.22	93713.90	3829	0	BartonZwiebach	
3077	0:18:53	1/1/2019 	1127167	452.00	13.00	12.85	56.22	93713.90	1848	0	BartonZwiebach	
3078	0:18:54	1/1/2019 	1127689	65.00	9.00	5.92	56.22	93713.90	49793	0	BartonZwiebach	
3079	0:18:54	1/1/2019 	1127699	67.00	9.00	5.94	56.22	93714.08	1849	0	BartonZwiebach	
3080	0:18:54	1/1/2019 	1127941	64.00	9.00	5.92	56.22	93714.08	1848	0	BartonZwiebach	
3081	0:18:54	1/1/2019 	1128048	70.00	9.00	5.98	56.22	93714.08	3882	0	BartonZwiebach	
3082	0:18:54	1/1/2019 	1128120	73.00	8.00	6.02	56.22	93714.08	1848	0	BartonZwiebach	
3083	0:18:54	1/1/2019 	1128556	64.00	9.00	5.92	56.22	93714.77	49791	0	BartonZwiebach	
3084	0:18:54	1/1/2019 	1128579	69.00	9.00	5.97	56.22	93714.77	1847	0	BartonZwiebach	
3085	0:18:55	1/1/2019 	1128710	960.00	91.00	28.35	56.22	93715.12	1849	0	BartonZwiebach	
3086	0:18:55	1/1/2019 	1128768	61.00	9.00	5.90	56.22	93715.12	1850	0	BartonZwiebach	
3087	0:18:55	1/1/2019 	1129144	65.00	9.00	5.92	56.22	93715.12	3829	0	BartonZwiebach	
3088	0:18:55	1/1/2019 	1129402	71.00	9.00	5.99	56.22	93715.29	1849	0	BartonZwiebach	
3089	0:18:55	1/1/2019 	1129406	72.00	8.00	6.00	56.22	93715.29	1848	0	BartonZwiebach	
3090	0:18:56	1/1/2019 	1129838	172.00	9.00	8.62	56.22	93715.47	49791	0	BartonZwiebach	
3091	0:18:56	1/1/2019 	1129857	63.00	9.00	5.91	56.22	93715.47	2605	0	BartonZwiebach	
3092	0:18:56	1/1/2019 	1129873	64.00	8.00	5.92	56.22	93715.47	1849	0	BartonZwiebach	
3093	0:18:56	1/1/2019 	1129978	76.00	9.00	6.07	56.22	93715.47	3969	0	BartonZwiebach	
3094	0:18:56	1/1/2019 	1130001	66.00	9.00	5.93	56.22	93715.47	1848	0	BartonZwiebach	
3095	0:18:56	1/1/2019 	1130062	65.00	9.00	5.92	56.22	93715.47	1848	0	BartonZwiebach	
3096	0:18:56	1/1/2019 	1130207	70.00	9.00	5.98	56.22	93716.16	1848	0	BartonZwiebach	
3097	0:18:56	1/1/2019 	1130370	181.00	10.00	8.86	56.22	93716.16	1848	0	BartonZwiebach	
3098	0:18:57	1/1/2019 	1131069	69.00	9.00	5.97	56.22	93716.34	49794	0	BartonZwiebach	
3099	0:18:57	1/1/2019 	1131077	69.00	9.00	5.97	56.22	93716.34	3835	0	BartonZwiebach	
3100	0:18:57	1/1/2019 	1131100	70.00	9.00	5.98	56.22	93716.68	1849	0	BartonZwiebach	
3101	0:18:57	1/1/2019 	1131362	954.00	138.00	37.28	56.22	93716.68	1849	0	BartonZwiebach	
3102	0:18:58	1/1/2019 	1131929	64.00	9.00	5.92	56.23	93716.98	49796	0	BartonZwiebach	
3103	0:18:58	1/1/2019 	1132080	66.00	8.00	5.93	56.23	93717.33	1848	0	BartonZwiebach	
3104	0:18:59	1/1/2019 	1133086	64.00	9.00	5.92	56.23	93717.84	49790	0	BartonZwiebach	
3105	0:18:59	1/1/2019 	1133135	72.00	8.00	6.00	56.23	93717.84	3833	0	BartonZwiebach	
3106	0:18:59	1/1/2019 	1133311	70.00	9.00	5.98	56.23	93717.84	1847	0	BartonZwiebach	
3107	0:18:59	1/1/2019 	1133343	67.00	9.00	5.94	56.23	93717.84	1879	0	BartonZwiebach	
3108	0:19:00	1/1/2019 	1133767	67.00	10.00	5.95	56.23	93718.72	49792	0	BartonZwiebach	
3109	0:19:00	1/1/2019 	1133990	65.00	9.00	5.92	56.23	93718.72	1850	0	BartonZwiebach	
3110	0:19:00	1/1/2019 	1133996	80.00	8.00	6.14	56.23	93718.89	1849	0	BartonZwiebach	
3111	0:19:00	1/1/2019 	1134017	70.00	9.00	5.98	56.23	93718.89	3886	0	BartonZwiebach	
3112	0:19:00	1/1/2019 	1134199	66.00	9.00	5.93	56.23	93718.89	1848	0	BartonZwiebach	
3113	0:19:00	1/1/2019 	1134558	72.00	8.00	6.00	56.23	93719.23	49792	0	BartonZwiebach	
3114	0:19:01	1/1/2019 	1134651	67.00	8.00	5.94	56.23	93719.23	1847	0	BartonZwiebach	
3115	0:19:01	1/1/2019 	1134679	71.00	8.00	5.99	56.23	93719.23	1848	0	BartonZwiebach	
3116	0:19:01	1/1/2019 	1134763	938.00	71.00	25.12	56.23	93719.23	1847	0	BartonZwiebach	
3117	0:19:01	1/1/2019 	1135037	77.00	9.00	6.08	56.23	93719.59	3834	0	BartonZwiebach	
3118	0:19:01	1/1/2019 	1135263	471.00	23.00	13.50	56.23	93719.59	1850	0	BartonZwiebach	
3119	0:19:01	1/1/2019 	1135328	95.00	9.00	6.47	56.23	93719.59	1850	0	BartonZwiebach	
3120	0:19:01	1/1/2019 	1135429	294.00	12.00	11.09	56.23	93719.59	1849	0	BartonZwiebach	
3121	0:19:01	1/1/2019 	1135584	68.00	9.00	5.95	56.23	93719.76	49794	0	BartonZwiebach	
3122	0:19:02	1/1/2019 	1135940	81.00	9.00	6.16	56.23	93720.45	1849	0	BartonZwiebach	
3123	0:19:02	1/1/2019 	1136094	76.00	9.00	6.07	56.23	93720.45	3834	0	BartonZwiebach	
3124	0:19:02	1/1/2019 	1136289	105.00	9.00	6.73	56.23	93720.45	1849	0	BartonZwiebach	
3125	0:19:02	1/1/2019 	1136402	75.00	9.00	6.05	56.23	93720.45	1849	0	BartonZwiebach	
3126	0:19:02	1/1/2019 	1136551	68.00	9.00	5.95	56.23	93720.45	49793	0	BartonZwiebach	
3127	0:19:02	1/1/2019 	1136637	73.00	9.00	6.02	56.23	93720.45	1849	0	BartonZwiebach	
3128	0:19:03	1/1/2019 	1136893	73.00	9.00	6.02	56.23	93720.45	1849	0	BartonZwiebach	
3129	0:19:03	1/1/2019 	1136902	67.00	9.00	5.94	56.23	93720.80	3834	0	BartonZwiebach	
3130	0:19:03	1/1/2019 	1137007	772.00	39.00	21.30	56.23	93720.80	1850	0	BartonZwiebach	
3131	0:19:03	1/1/2019 	1137023	72.00	9.00	6.01	56.23	93720.80	1851	0	BartonZwiebach	
3132	0:19:03	1/1/2019 	1137350	334.00	14.00	11.71	56.23	93720.80	1850	0	BartonZwiebach	
3133	0:19:03	1/1/2019 	1137375	64.00	9.00	5.92	56.23	93720.80	1850	0	BartonZwiebach	
3134	0:19:03	1/1/2019 	1137582	991.00	659.00	118.48	56.23	93720.80	49791	0	BartonZwiebach	
3135	0:19:04	1/1/2019 	1137934	69.00	9.00	5.97	56.23	93720.98	3835	0	BartonZwiebach	
3136	0:19:04	1/1/2019 	1138096	65.00	9.00	5.92	56.23	93720.98	1849	0	BartonZwiebach	
3137	0:19:04	1/1/2019 	1138258	64.00	9.00	5.92	56.23	93720.98	1849	0	BartonZwiebach	
3138	0:19:04	1/1/2019 	1138576	352.00	16.00	12.00	56.23	93721.16	49790	0	BartonZwiebach	
3139	0:19:05	1/1/2019 	1139124	298.00	12.00	11.15	56.23	93721.82	1849	0	BartonZwiebach	
3140	0:19:05	1/1/2019 	1139449	65.00	9.00	5.92	56.23	93722.00	3835	0	BartonZwiebach	
3141	0:19:05	1/1/2019 	1139498	67.00	9.00	5.94	56.23	93722.00	1849	0	BartonZwiebach	
3142	0:19:05	1/1/2019 	1139570	65.00	9.00	5.92	56.23	93722.00	49840	0	BartonZwiebach	
3143	0:19:06	1/1/2019 	1139759	67.00	8.00	5.94	56.23	93722.00	2603	0	BartonZwiebach	
3144	0:19:06	1/1/2019 	1139765	110.00	9.00	6.87	56.23	93722.00	1847	0	BartonZwiebach	
3145	0:19:06	1/1/2019 	1139811	66.00	12.00	5.94	56.23	93722.17	1849	0	BartonZwiebach	
3146	0:19:06	1/1/2019 	1139918	69.00	8.00	5.97	56.23	93722.17	3972	0	BartonZwiebach	
3147	0:19:06	1/1/2019 	1140257	150.00	9.00	8.02	56.23	93722.17	1847	0	BartonZwiebach	
3148	0:19:07	1/1/2019 	1140962	67.00	9.00	5.94	56.23	93722.69	49790	0	BartonZwiebach	
3149	0:19:07	1/1/2019 	1140965	78.00	9.00	6.10	56.23	93722.69	1851	0	BartonZwiebach	
3150	0:19:07	1/1/2019 	1141010	249.00	11.00	10.33	56.23	93722.69	1850	0	BartonZwiebach	
3151	0:19:07	1/1/2019 	1141175	67.00	9.00	5.94	56.23	93722.69	1849	0	BartonZwiebach	
3152	0:19:07	1/1/2019 	1141192	66.00	9.00	5.93	56.23	93722.69	3889	0	BartonZwiebach	
3153	0:19:07	1/1/2019 	1141482	69.00	9.00	5.97	56.23	93723.03	1849	0	BartonZwiebach	
3154	0:19:08	1/1/2019 	1141785	61.00	9.00	5.90	56.23	93723.20	49791	0	BartonZwiebach	
3155	0:19:08	1/1/2019 	1141829	64.00	9.00	5.92	56.23	93723.20	1851	0	BartonZwiebach	
3156	0:19:08	1/1/2019 	1142055	64.00	9.00	5.92	56.23	93723.20	1848	0	BartonZwiebach	
3157	0:19:08	1/1/2019 	1142141	71.00	9.00	5.99	56.23	93723.20	1847	0	BartonZwiebach	
3158	0:19:08	1/1/2019 	1142224	69.00	9.00	5.97	56.23	93723.20	3833	0	BartonZwiebach	
3159	0:19:08	1/1/2019 	1142312	64.00	8.00	5.92	56.23	93724.05	1849	0	BartonZwiebach	
3160	0:19:08	1/1/2019 	1142395	78.00	9.00	6.10	56.23	93724.05	1846	0	BartonZwiebach	
3161	0:19:09	1/1/2019 	1142650	669.00	32.00	18.92	56.23	93724.05	49792	0	BartonZwiebach	
3162	0:19:09	1/1/2019 	1142681	66.00	9.00	5.93	56.23	93724.05	1850	0	BartonZwiebach	
3163	0:19:09	1/1/2019 	1142810	74.00	9.00	6.03	56.23	93724.58	1849	0	BartonZwiebach	
3164	0:19:09	1/1/2019 	1143009	70.00	9.00	5.98	56.23	93724.58	3834	0	BartonZwiebach	
3165	0:19:09	1/1/2019 	1143368	989.00	592.00	103.08	56.23	93724.92	1849	0	BartonZwiebach	
3166	0:19:09	1/1/2019 	1143477	71.00	9.00	5.99	56.23	93724.92	1850	0	BartonZwiebach	
3167	0:19:10	1/1/2019 	1143707	93.00	9.00	6.42	56.23	93725.44	49792	0	BartonZwiebach	
3168	0:19:10	1/1/2019 	1143723	103.00	9.00	6.67	56.23	93725.44	1849	0	BartonZwiebach	
3169	0:19:10	1/1/2019 	1143772	143.00	9.00	7.82	56.23	93725.44	1848	0	BartonZwiebach	
3170	0:19:10	1/1/2019 	1143860	65.00	9.00	5.92	56.23	93725.44	3834	0	BartonZwiebach	
3171	0:19:10	1/1/2019 	1143967	91.00	9.00	6.37	56.23	93725.44	1848	0	BartonZwiebach	
3172	0:19:10	1/1/2019 	1144295	73.00	7.00	6.02	56.23	93725.61	1848	0	BartonZwiebach	
3173	0:19:10	1/1/2019 	1144360	692.00	30.00	19.33	56.23	93725.61	1849	0	BartonZwiebach	
3174	0:19:10	1/1/2019 	1144424	66.00	9.00	5.93	56.23	93725.61	1850	0	BartonZwiebach	
3175	0:19:11	1/1/2019 	1144670	68.00	9.00	5.95	56.23	93725.95	49790	0	BartonZwiebach	
3176	0:19:11	1/1/2019 	1144798	69.00	9.00	5.97	56.23	93725.95	3834	0	BartonZwiebach	
3177	0:19:11	1/1/2019 	1144802	64.00	9.00	5.92	56.23	93725.95	1849	0	BartonZwiebach	
3178	0:19:11	1/1/2019 	1144945	387.00	15.00	12.36	56.23	93725.95	1848	0	BartonZwiebach	
3179	0:19:11	1/1/2019 	1145294	70.00	9.00	5.98	56.23	93726.30	1850	0	BartonZwiebach	
3180	0:19:11	1/1/2019 	1145429	66.00	9.00	5.93	56.23	93726.30	1849	0	BartonZwiebach	
3181	0:19:11	1/1/2019 	1145460	64.00	9.00	5.92	56.23	93726.30	1848	0	BartonZwiebach	
3182	0:19:12	1/1/2019 	1145680	586.00	18.00	15.00	56.23	93726.66	51776	0	BartonZwiebach	
3183	0:19:12	1/1/2019 	1145796	65.00	9.00	5.92	56.23	93726.66	1851	0	BartonZwiebach	
3184	0:19:12	1/1/2019 	1145853	311.00	12.00	11.34	56.23	93726.66	1849	0	BartonZwiebach	
3185	0:19:12	1/1/2019 	1145911	181.00	9.00	8.85	56.23	93726.66	1849	0	BartonZwiebach	
3186	0:19:12	1/1/2019 	1146217	71.00	9.00	5.99	56.23	93727.17	1849	0	BartonZwiebach	
3187	0:19:13	1/1/2019 	1146947	67.00	9.00	5.94	56.23	93727.34	49793	0	BartonZwiebach	
3188	0:19:13	1/1/2019 	1146978	68.00	9.00	5.95	56.23	93727.34	3834	0	BartonZwiebach	
3189	0:19:13	1/1/2019 	1147126	64.00	9.00	5.92	56.23	93727.52	1848	0	BartonZwiebach	
3190	0:19:13	1/1/2019 	1147166	66.00	9.00	5.93	56.23	93727.52	1847	0	BartonZwiebach	
3191	0:19:13	1/1/2019 	1147212	68.00	9.00	5.95	56.23	93727.52	1850	0	BartonZwiebach	
3192	0:19:13	1/1/2019 	1147590	65.00	9.00	5.92	56.23	93727.69	49790	0	BartonZwiebach	
3193	0:19:13	1/1/2019 	1147630	62.00	9.00	5.90	56.23	93727.69	1849	0	BartonZwiebach	
3194	0:19:14	1/1/2019 	1147860	968.00	117.00	33.35	56.23	93727.69	3834	0	BartonZwiebach	
3195	0:19:14	1/1/2019 	1148116	65.00	8.00	5.92	56.24	93728.39	1851	0	BartonZwiebach	
3196	0:19:14	1/1/2019 	1148376	69.00	9.00	5.97	56.24	93728.39	1847	0	BartonZwiebach	
3197	0:19:15	1/1/2019 	1148760	63.00	9.00	5.91	56.24	93728.91	49810	0	BartonZwiebach	
3198	0:19:15	1/1/2019 	1148774	73.00	9.00	6.02	56.24	93728.91	1850	0	BartonZwiebach	
3199	0:19:15	1/1/2019 	1148808	286.00	12.00	10.97	56.24	93728.91	3834	0	BartonZwiebach	
3200	0:19:15	1/1/2019 	1148903	72.00	9.00	6.01	56.24	93728.91	1849	0	BartonZwiebach	
3201	0:19:15	1/1/2019 	1148937	88.00	9.00	6.30	56.24	93728.91	1849	0	BartonZwiebach	
3202	0:19:15	1/1/2019 	1148964	63.00	9.00	5.91	56.24	93728.91	1850	0	BartonZwiebach	
3203	0:19:15	1/1/2019 	1149064	68.00	8.00	5.95	56.24	93729.25	1849	0	BartonZwiebach	
3204	0:19:15	1/1/2019 	1149261	181.00	10.00	8.86	56.24	93729.25	1846	0	BartonZwiebach	
3205	0:19:15	1/1/2019 	1149608	82.00	9.00	6.18	56.24	93729.78	51834	0	BartonZwiebach	
3206	0:19:15	1/1/2019 	1149622	66.00	9.00	5.93	56.24	93729.78	2604	0	BartonZwiebach	
3207	0:19:16	1/1/2019 	1149897	135.00	9.00	7.59	56.24	93729.78	1850	0	BartonZwiebach	
3208	0:19:16	1/1/2019 	1150059	66.00	9.00	5.93	56.24	93730.30	1850	0	BartonZwiebach	
3209	0:19:16	1/1/2019 	1150344	83.00	9.00	6.20	56.24	93730.30	1849	0	BartonZwiebach	
3210	0:19:16	1/1/2019 	1150454	117.00	9.00	7.07	56.24	93730.30	1848	0	BartonZwiebach	
3211	0:19:17	1/1/2019 	1150664	66.00	8.00	5.93	56.24	93730.30	51917	0	BartonZwiebach	
3212	0:19:17	1/1/2019 	1150756	85.00	9.00	6.24	56.24	93730.30	1847	0	BartonZwiebach	
3213	0:19:17	1/1/2019 	1151198	74.00	9.00	6.03	56.24	93730.64	1849	0	BartonZwiebach	
3214	0:19:17	1/1/2019 	1151275	78.00	9.00	6.10	56.24	93730.64	1849	0	BartonZwiebach	
3215	0:19:17	1/1/2019 	1151335	171.00	9.00	8.60	56.24	93730.64	1848	0	BartonZwiebach	
3216	0:19:17	1/1/2019 	1151439	524.00	24.00	14.20	56.24	93730.64	1850	0	BartonZwiebach	
3217	0:19:18	1/1/2019 	1151684	65.00	9.00	5.92	56.24	93730.98	51779	0	BartonZwiebach	
3218	0:19:18	1/1/2019 	1151774	729.00	35.00	20.54	56.24	93730.98	1851	0	BartonZwiebach	
3219	0:19:18	1/1/2019 	1151847	72.00	9.00	6.01	56.24	93730.98	1850	0	BartonZwiebach	
3220	0:19:18	1/1/2019 	1152190	979.00	248.00	50.03	56.24	93731.34	1849	0	BartonZwiebach	
3221	0:19:18	1/1/2019 	1152212	65.00	9.00	5.92	56.24	93731.34	1851	0	BartonZwiebach	
3222	0:19:18	1/1/2019 	1152318	74.00	9.00	6.03	56.24	93731.34	1849	0	BartonZwiebach	
3223	0:19:19	1/1/2019 	1152734	285.00	12.00	10.96	56.24	93731.34	51779	0	BartonZwiebach	
3224	0:19:19	1/1/2019 	1152832	66.00	9.00	5.93	56.24	93731.34	1851	0	BartonZwiebach	
3225	0:19:19	1/1/2019 	1152860	383.00	12.00	12.19	56.24	93731.34	1849	0	BartonZwiebach	
3226	0:19:19	1/1/2019 	1152889	152.00	9.00	8.08	56.24	93731.34	1849	0	BartonZwiebach	
3227	0:19:19	1/1/2019 	1153101	908.00	94.00	28.88	56.24	93731.51	1849	0	BartonZwiebach	
3228	0:19:19	1/1/2019 	1153202	67.00	9.00	5.94	56.24	93731.51	1850	0	BartonZwiebach	
3229	0:19:19	1/1/2019 	1153292	70.00	9.00	5.98	56.24	93731.51	3833	0	BartonZwiebach	
3230	0:19:20	1/1/2019 	1154416	66.00	9.00	5.93	56.24	93732.55	49794	0	BartonZwiebach	
3231	0:19:21	1/1/2019 	1154640	65.00	8.00	5.92	56.24	93732.55	49794	0	BartonZwiebach	
3232	0:19:21	1/1/2019 	1154710	961.00	177.00	43.00	56.24	93732.55	1849	0	BartonZwiebach	
3233	0:19:21	1/1/2019 	1154975	69.00	9.00	5.97	56.24	93732.89	1850	0	BartonZwiebach	
3234	0:19:21	1/1/2019 	1154996	561.00	16.00	14.31	56.24	93732.89	1849	0	BartonZwiebach	
3235	0:19:21	1/1/2019 	1155156	118.00	9.00	7.09	56.24	93732.89	3833	0	BartonZwiebach	
3236	0:19:21	1/1/2019 	1155295	66.00	9.00	5.93	56.24	93732.89	1849	0	BartonZwiebach	
3237	0:19:21	1/1/2019 	1155349	580.00	18.00	14.87	56.24	93733.24	1849	0	BartonZwiebach	
3238	0:19:22	1/1/2019 	1155946	64.00	8.00	5.92	56.24	93733.42	49795	0	BartonZwiebach	
3239	0:19:22	1/1/2019 	1156025	105.00	9.00	6.73	56.24	93733.42	1847	0	BartonZwiebach	
3240	0:19:22	1/1/2019 	1156048	67.00	9.00	5.94	56.24	93733.42	1849	0	BartonZwiebach	
3241	0:19:22	1/1/2019 	1156300	66.00	9.00	5.93	56.24	93733.77	3833	0	BartonZwiebach	
3242	0:19:23	1/1/2019 	1156765	150.00	9.00	8.02	56.24	93733.77	49790	0	BartonZwiebach	
3243	0:19:23	1/1/2019 	1156976	70.00	9.00	5.98	56.24	93733.94	1850	0	BartonZwiebach	
3244	0:19:23	1/1/2019 	1157003	65.00	9.00	5.92	56.24	93733.94	1849	0	BartonZwiebach	
3245	0:19:23	1/1/2019 	1157120	72.00	9.00	6.01	56.24	93733.94	1849	0	BartonZwiebach	
3246	0:19:23	1/1/2019 	1157178	68.00	9.00	5.95	56.24	93733.94	3887	0	BartonZwiebach	
3247	0:19:23	1/1/2019 	1157284	70.00	9.00	5.98	56.24	93734.28	1850	0	BartonZwiebach	
3248	0:19:23	1/1/2019 	1157329	338.00	14.00	11.76	56.24	93734.28	1850	0	BartonZwiebach	
3249	0:19:24	1/1/2019 	1157691	534.00	14.00	13.72	56.24	93734.28	49796	0	BartonZwiebach	
3250	0:19:24	1/1/2019 	1157912	66.00	9.00	5.93	56.24	93734.62	1855	0	BartonZwiebach	
3251	0:19:24	1/1/2019 	1158083	69.00	9.00	5.97	56.24	93734.62	1855	0	BartonZwiebach	
3252	0:19:24	1/1/2019 	1158158	73.00	9.00	6.02	56.24	93734.62	3840	0	BartonZwiebach	
3253	0:19:24	1/1/2019 	1158227	70.00	9.00	5.98	56.24	93734.62	1856	0	BartonZwiebach	
3254	0:19:24	1/1/2019 	1158413	63.00	9.00	5.91	56.24	93734.45	1853	0	BartonZwiebach	
3255	0:19:25	1/1/2019 	1158833	70.00	9.00	5.98	56.24	93734.97	49792	0	BartonZwiebach	
3256	0:19:25	1/1/2019 	1158907	74.00	9.00	6.03	56.24	93734.97	1849	0	BartonZwiebach	
3257	0:19:25	1/1/2019 	1158971	195.00	10.00	9.20	56.24	93734.97	1850	0	BartonZwiebach	
3258	0:19:25	1/1/2019 	1159140	65.00	9.00	5.92	56.24	93734.97	3834	0	BartonZwiebach	
3259	0:19:25	1/1/2019 	1159231	65.00	8.00	5.92	56.24	93735.49	1848	0	BartonZwiebach	
3260	0:19:25	1/1/2019 	1159275	93.00	9.00	6.42	56.24	93735.49	1847	0	BartonZwiebach	
3261	0:19:25	1/1/2019 	1159490	67.00	9.00	5.94	56.24	93735.49	1849	0	BartonZwiebach	
3262	0:19:26	1/1/2019 	1160060	67.00	9.00	5.94	56.24	93735.67	49793	0	BartonZwiebach	
3263	0:19:26	1/1/2019 	1160112	734.00	36.00	20.71	56.24	93735.67	2802	0	BartonZwiebach	
3264	0:19:26	1/1/2019 	1160600	309.00	13.00	11.34	56.24	93736.02	51919	0	BartonZwiebach	
3265	0:19:27	1/1/2019 	1160666	67.00	9.00	5.94	56.24	93736.36	1851	0	BartonZwiebach	
3266	0:19:27	1/1/2019 	1160675	73.00	9.00	6.02	56.24	93736.36	1850	0	BartonZwiebach	
3267	0:19:27	1/1/2019 	1160687	146.00	9.00	7.91	56.24	93736.36	1849	0	BartonZwiebach	
3268	0:19:27	1/1/2019 	1161036	64.00	9.00	5.92	56.24	93736.36	1848	0	BartonZwiebach	
3269	0:19:27	1/1/2019 	1161458	65.00	9.00	5.92	56.24	93736.53	1848	0	BartonZwiebach	
3270	0:19:28	1/1/2019 	1161650	64.00	9.00	5.92	56.24	93736.70	51777	0	BartonZwiebach	
3271	0:19:28	1/1/2019 	1161931	190.00	10.00	9.08	56.24	93736.70	1850	0	BartonZwiebach	
3272	0:19:28	1/1/2019 	1161998	68.00	9.00	5.95	56.24	93736.70	1850	0	BartonZwiebach	
3273	0:19:28	1/1/2019 	1162005	608.00	20.00	15.76	56.24	93736.70	1850	0	BartonZwiebach	
3274	0:19:28	1/1/2019 	1162139	166.00	9.00	8.46	56.24	93736.88	1853	0	BartonZwiebach	
3275	0:19:28	1/1/2019 	1162183	66.00	9.00	5.93	56.24	93736.88	1856	0	BartonZwiebach	
3276	0:19:28	1/1/2019 	1162263	70.00	9.00	5.98	56.24	93736.88	3839	0	BartonZwiebach	
3277	0:19:28	1/1/2019 	1162330	68.00	9.00	5.95	56.24	93736.88	1856	0	BartonZwiebach	
3278	0:19:28	1/1/2019 	1162426	66.00	9.00	5.93	56.24	93736.88	1856	0	BartonZwiebach	
3279	0:19:28	1/1/2019 	1162483	69.00	9.00	5.97	56.24	93736.88	1856	0	BartonZwiebach	
3280	0:19:28	1/1/2019 	1162627	63.00	9.00	5.91	56.24	93737.23	49798	0	BartonZwiebach	
3281	0:19:29	1/1/2019 	1162653	64.00	9.00	5.92	56.24	93737.23	1848	0	BartonZwiebach	
3282	0:19:29	1/1/2019 	1162669	68.00	9.00	5.95	56.24	93737.23	3834	0	BartonZwiebach	
3283	0:19:29	1/1/2019 	1162740	65.00	9.00	5.92	56.24	93737.23	1850	0	BartonZwiebach	
3284	0:19:29	1/1/2019 	1162807	70.00	8.00	5.98	56.24	93737.23	1849	0	BartonZwiebach	
3285	0:19:29	1/1/2019 	1162959	70.00	9.00	5.98	56.24	93737.23	1847	0	BartonZwiebach	
3286	0:19:29	1/1/2019 	1163093	61.00	9.00	5.90	56.24	93737.58	1848	0	BartonZwiebach	
3287	0:19:29	1/1/2019 	1163096	78.00	9.00	6.10	56.24	93737.58	1849	0	BartonZwiebach	
3288	0:19:29	1/1/2019 	1163211	68.00	9.00	5.95	56.24	93737.58	3888	0	BartonZwiebach	
3289	0:19:29	1/1/2019 	1163353	76.00	9.00	6.07	56.24	93737.58	1849	0	BartonZwiebach	
3290	0:19:29	1/1/2019 	1163624	64.00	9.00	5.92	56.24	93737.75	49794	0	BartonZwiebach	
3291	0:19:30	1/1/2019 	1163652	64.00	9.00	5.92	56.24	93737.75	1848	0	BartonZwiebach	
3292	0:19:30	1/1/2019 	1163845	977.00	148.00	38.97	56.24	93737.75	1849	0	BartonZwiebach	
3293	0:19:30	1/1/2019 	1164230	70.00	9.00	5.98	56.23	93737.56	1851	0	BartonZwiebach	
3294	0:19:30	1/1/2019 	1164322	66.00	9.00	5.93	56.23	93737.56	3833	0	BartonZwiebach	
3295	0:19:30	1/1/2019 	1164411	68.00	9.00	5.95	56.23	93737.56	1848	0	BartonZwiebach	
3296	0:19:30	1/1/2019 	1164561	68.00	9.00	5.95	56.23	93737.91	49793	0	BartonZwiebach	
3297	0:19:31	1/1/2019 	1164880	966.00	101.00	30.22	56.23	93737.91	1850	0	BartonZwiebach	
3298	0:19:31	1/1/2019 	1164927	64.00	9.00	5.92	56.23	93737.91	1851	0	BartonZwiebach	
3299	0:19:31	1/1/2019 	1164998	64.00	9.00	5.92	56.23	93737.91	1847	0	BartonZwiebach	
3300	0:19:31	1/1/2019 	1165185	68.00	12.00	5.96	56.23	93738.09	3831	0	BartonZwiebach	
3301	0:19:31	1/1/2019 	1165372	66.00	9.00	5.93	56.23	93738.09	1848	0	BartonZwiebach	
3302	0:19:32	1/1/2019 	1165743	226.00	10.00	9.88	56.23	93738.44	49794	0	BartonZwiebach	
3303	0:19:32	1/1/2019 	1165814	65.00	8.00	5.92	56.23	93738.44	1851	0	BartonZwiebach	
3304	0:19:32	1/1/2019 	1166132	75.00	9.00	6.05	56.23	93738.95	1847	0	BartonZwiebach	
3305	0:19:32	1/1/2019 	1166136	78.00	9.00	6.10	56.23	93738.95	1849	0	BartonZwiebach	
3306	0:19:32	1/1/2019 	1166301	253.00	12.00	10.42	56.23	93738.95	3833	0	BartonZwiebach	
3307	0:19:32	1/1/2019 	1166401	80.00	9.00	6.14	56.23	93738.95	1849	0	BartonZwiebach	
3308	0:19:32	1/1/2019 	1166498	70.00	9.00	5.98	56.23	93739.12	1851	0	BartonZwiebach	
3309	0:19:33	1/1/2019 	1166659	810.00	45.00	22.02	56.23	93739.12	49842	0	BartonZwiebach	
3310	0:19:33	1/1/2019 	1166672	68.00	9.00	5.95	56.23	93739.12	1859	0	BartonZwiebach	
3311	0:19:33	1/1/2019 	1166698	67.00	9.00	5.94	56.23	93739.12	3840	0	BartonZwiebach	
3312	0:19:33	1/1/2019 	1166703	167.00	10.00	8.50	56.23	93739.12	1856	0	BartonZwiebach	
3313	0:19:33	1/1/2019 	1166835	68.00	9.00	5.95	56.23	93739.12	1856	0	BartonZwiebach	
3314	0:19:33	1/1/2019 	1167050	66.00	9.00	5.93	56.23	93739.30	1853	0	BartonZwiebach	
3315	0:19:33	1/1/2019 	1167085	65.00	9.00	5.92	56.23	93739.30	1848	0	BartonZwiebach	
3316	0:19:33	1/1/2019 	1167093	68.00	8.00	5.95	56.23	93739.30	1848	0	BartonZwiebach	
3317	0:19:33	1/1/2019 	1167209	68.00	9.00	5.95	56.23	93739.30	3831	0	BartonZwiebach	
3318	0:19:33	1/1/2019 	1167322	229.00	10.00	9.94	56.23	93739.30	1849	0	BartonZwiebach	
3319	0:19:33	1/1/2019 	1167573	65.00	9.00	5.92	56.23	93739.47	49794	0	BartonZwiebach	
3320	0:19:34	1/1/2019 	1167662	67.00	9.00	5.94	56.23	93739.47	1849	0	BartonZwiebach	
3321	0:19:34	1/1/2019 	1167758	84.00	9.00	6.22	56.23	93739.47	1850	0	BartonZwiebach	
3322	0:19:34	1/1/2019 	1167836	66.00	9.00	5.93	56.23	93739.47	1849	0	BartonZwiebach	
3323	0:19:34	1/1/2019 	1167923	67.00	9.00	5.94	56.23	93739.64	3834	0	BartonZwiebach	
3324	0:19:34	1/1/2019 	1167951	351.00	15.00	11.95	56.23	93739.64	1850	0	BartonZwiebach	
3325	0:19:34	1/1/2019 	1168216	64.00	9.00	5.92	56.23	93739.64	1850	0	BartonZwiebach	
3326	0:19:34	1/1/2019 	1168243	64.00	8.00	5.92	56.23	93739.64	1847	0	BartonZwiebach	
3327	0:19:34	1/1/2019 	1168347	85.00	9.00	6.24	56.23	93739.64	1846	0	BartonZwiebach	
3328	0:19:34	1/1/2019 	1168377	70.00	9.00	5.98	56.23	93739.64	1849	0	BartonZwiebach	
3329	0:19:34	1/1/2019 	1168461	66.00	8.00	5.93	56.23	93739.82	3833	0	BartonZwiebach	
3330	0:19:35	1/1/2019 	1168657	66.00	9.00	5.93	56.23	93739.82	49791	0	BartonZwiebach	
3331	0:19:35	1/1/2019 	1168659	65.00	9.00	5.92	56.23	93739.82	1850	0	BartonZwiebach	
3332	0:19:35	1/1/2019 	1169024	69.00	9.00	5.97	56.23	93740.16	1848	0	BartonZwiebach	
3333	0:19:35	1/1/2019 	1169085	74.00	9.00	6.03	56.23	93740.16	1849	0	BartonZwiebach	
3334	0:19:35	1/1/2019 	1169267	69.00	9.00	5.97	56.23	93740.16	1849	0	BartonZwiebach	
3335	0:19:35	1/1/2019 	1169330	156.00	9.00	8.19	56.23	93740.16	3833	0	BartonZwiebach	
3336	0:19:35	1/1/2019 	1169419	122.00	9.00	7.21	56.23	93740.34	1850	0	BartonZwiebach	
3337	0:19:35	1/1/2019 	1169483	71.00	9.00	5.99	56.23	93740.34	1849	0	BartonZwiebach	
3338	0:19:36	1/1/2019 	1169681	64.00	9.00	5.92	56.23	93740.34	49793	0	BartonZwiebach	
3339	0:19:36	1/1/2019 	1169770	65.00	10.00	5.93	56.23	93740.34	2800	0	BartonZwiebach	
3340	0:19:36	1/1/2019 	1170208	74.00	8.00	6.03	56.23	93740.52	1850	0	BartonZwiebach	
3341	0:19:36	1/1/2019 	1170254	73.00	9.00	6.02	56.23	93740.52	3970	0	BartonZwiebach	
3342	0:19:36	1/1/2019 	1170341	134.00	9.00	7.56	56.23	93740.52	1849	0	BartonZwiebach	
3343	0:19:36	1/1/2019 	1170566	69.00	9.00	5.97	56.23	93740.69	49793	0	BartonZwiebach	
3344	0:19:36	1/1/2019 	1170598	66.00	9.00	5.93	56.23	93740.69	1849	0	BartonZwiebach	
3345	0:19:36	1/1/2019 	1170628	64.00	8.00	5.92	56.23	93740.69	1848	0	BartonZwiebach	
3346	0:19:37	1/1/2019 	1170698	63.00	9.00	5.91	56.23	93740.69	1846	0	BartonZwiebach	
3347	0:19:37	1/1/2019 	1170951	63.00	9.00	5.91	56.23	93741.03	3833	0	BartonZwiebach	
3348	0:19:37	1/1/2019 	1171564	67.00	9.00	5.94	56.23	93741.20	49793	0	BartonZwiebach	
3349	0:19:38	1/1/2019 	1171645	64.00	9.00	5.92	56.23	93741.20	1849	0	BartonZwiebach	
3350	0:19:38	1/1/2019 	1171690	64.00	9.00	5.92	56.23	93741.20	1848	0	BartonZwiebach	
3351	0:19:38	1/1/2019 	1171908	82.00	9.00	6.18	56.23	93741.55	1848	0	BartonZwiebach	
3352	0:19:38	1/1/2019 	1171976	64.00	9.00	5.92	56.23	93741.55	1848	0	BartonZwiebach	
3353	0:19:38	1/1/2019 	1172079	71.00	9.00	5.99	56.23	93741.55	3832	0	BartonZwiebach	
3354	0:19:38	1/1/2019 	1172091	68.00	9.00	5.95	56.23	93741.55	1848	0	BartonZwiebach	
3355	0:19:38	1/1/2019 	1172120	340.00	12.00	11.72	56.23	93741.55	1850	0	BartonZwiebach	
3356	0:19:38	1/1/2019 	1172224	73.00	9.00	6.02	56.23	93741.55	1849	0	BartonZwiebach	
3357	0:19:39	1/1/2019 	1172740	65.00	9.00	5.92	56.23	93741.58	49794	0	BartonZwiebach	
3358	0:19:39	1/1/2019 	1172864	65.00	9.00	5.92	56.23	93741.75	1850	0	BartonZwiebach	
3359	0:19:39	1/1/2019 	1172964	66.00	9.00	5.93	56.23	93741.75	3832	0	BartonZwiebach	
3360	0:19:39	1/1/2019 	1173623	66.00	9.00	5.93	56.23	93741.92	49793	0	BartonZwiebach	
3361	0:19:40	1/1/2019 	1173766	73.00	9.00	6.02	56.23	93742.09	1849	0	BartonZwiebach	
3362	0:19:40	1/1/2019 	1173783	66.00	9.00	5.93	56.23	93742.09	1850	0	BartonZwiebach	
3363	0:19:40	1/1/2019 	1174213	67.00	9.00	5.94	56.23	93742.09	1849	0	BartonZwiebach	
3364	0:19:40	1/1/2019 	1174227	65.00	9.00	5.92	56.23	93742.27	1849	0	BartonZwiebach	
3365	0:19:40	1/1/2019 	1174276	91.00	9.00	6.37	56.23	93742.27	3833	0	BartonZwiebach	
3366	0:19:41	1/1/2019 	1175009	67.00	9.00	5.94	56.23	93742.44	49793	0	BartonZwiebach	
3367	0:19:41	1/1/2019 	1175351	80.00	9.00	6.14	56.23	93742.78	1849	0	BartonZwiebach	
3368	0:19:42	1/1/2019 	1175861	65.00	9.00	5.92	56.23	93742.78	49794	0	BartonZwiebach	
3369	0:19:42	1/1/2019 	1175872	65.00	8.00	5.92	56.23	93742.78	1850	0	BartonZwiebach	
3370	0:19:42	1/1/2019 	1176043	87.00	9.00	6.28	56.23	93742.78	1847	0	BartonZwiebach	
3371	0:19:42	1/1/2019 	1176049	73.00	9.00	6.02	56.23	93742.78	3833	0	BartonZwiebach	
3372	0:19:42	1/1/2019 	1176293	61.00	9.00	5.90	56.23	93742.96	1848	0	BartonZwiebach	
3373	0:19:42	1/1/2019 	1176404	64.00	8.00	5.92	56.23	93742.96	1849	0	BartonZwiebach	
3374	0:19:42	1/1/2019 	1176550	954.00	154.00	39.91	56.23	93742.96	49790	0	BartonZwiebach	
3375	0:19:43	1/1/2019 	1176716	68.00	9.00	5.95	56.23	93743.13	1851	0	BartonZwiebach	
3376	0:19:43	1/1/2019 	1176785	70.00	9.00	5.98	56.23	93743.13	1850	0	BartonZwiebach	
3377	0:19:43	1/1/2019 	1176881	141.00	9.00	7.76	56.23	93743.13	3832	0	BartonZwiebach	
3378	0:19:43	1/1/2019 	1177001	66.00	9.00	5.93	56.23	93743.13	1848	0	BartonZwiebach	
3379	0:19:43	1/1/2019 	1177204	68.00	9.00	5.95	56.23	93743.48	1848	0	BartonZwiebach	
3380	0:19:43	1/1/2019 	1177365	68.00	9.00	5.95	56.23	93743.48	1848	0	BartonZwiebach	
3381	0:19:44	1/1/2019 	1177869	74.00	8.00	6.03	56.23	93743.50	49797	0	BartonZwiebach	
3382	0:19:44	1/1/2019 	1178479	590.00	18.00	15.10	56.23	93743.33	1849	0	BartonZwiebach	
3383	0:19:44	1/1/2019 	1178487	66.00	9.00	5.93	56.23	93743.33	3889	0	BartonZwiebach	
3384	0:19:44	1/1/2019 	1178490	65.00	9.00	5.92	56.23	93743.33	1849	0	BartonZwiebach	
3385	0:19:45	1/1/2019 	1178662	158.00	9.00	8.25	56.23	93743.33	49794	0	BartonZwiebach	
3386	0:19:45	1/1/2019 	1179069	67.00	10.00	5.95	56.23	93743.33	1851	0	BartonZwiebach	
3387	0:19:45	1/1/2019 	1179216	65.00	9.00	5.92	56.23	93743.33	1849	0	BartonZwiebach	
3388	0:19:45	1/1/2019 	1179305	65.00	9.00	5.92	56.23	93743.33	3834	0	BartonZwiebach	
3389	0:19:45	1/1/2019 	1179402	65.00	9.00	5.92	56.23	93743.33	1849	0	BartonZwiebach	
3390	0:19:45	1/1/2019 	1179585	965.00	158.00	40.51	56.23	93743.16	49796	0	BartonZwiebach	
3391	0:19:46	1/1/2019 	1179781	68.00	9.00	5.95	56.23	93743.16	2799	0	BartonZwiebach	
3392	0:19:46	1/1/2019 	1179805	69.00	8.00	5.97	56.23	93743.16	1851	0	BartonZwiebach	
3393	0:19:46	1/1/2019 	1179906	72.00	9.00	6.01	56.23	93743.16	1847	0	BartonZwiebach	
3394	0:19:46	1/1/2019 	1179930	70.00	9.00	5.98	56.23	93743.16	3973	0	BartonZwiebach	
3395	0:19:46	1/1/2019 	1180044	109.00	9.00	6.84	56.23	93743.16	1849	0	BartonZwiebach	
3396	0:19:46	1/1/2019 	1180270	71.00	9.00	5.99	56.23	93743.16	1848	0	BartonZwiebach	
3397	0:19:46	1/1/2019 	1180286	956.00	124.00	34.70	56.23	93743.16	1848	0	BartonZwiebach	
3398	0:19:46	1/1/2019 	1180575	72.00	9.00	6.01	56.23	93743.16	49798	0	BartonZwiebach	
3399	0:19:47	1/1/2019 	1180658	948.00	102.00	30.42	56.23	93743.16	1850	0	BartonZwiebach	
3400	0:19:47	1/1/2019 	1180700	67.00	9.00	5.94	56.23	93743.16	3837	0	BartonZwiebach	
3401	0:19:47	1/1/2019 	1180752	73.00	9.00	6.02	56.23	93743.16	1849	0	BartonZwiebach	
3402	0:19:47	1/1/2019 	1180968	160.00	10.00	8.31	56.23	93743.16	1849	0	BartonZwiebach	
3403	0:19:47	1/1/2019 	1181106	64.00	9.00	5.92	56.23	93742.98	1849	0	BartonZwiebach	
3404	0:19:47	1/1/2019 	1181211	64.00	8.00	5.92	56.23	93742.98	1847	0	BartonZwiebach	
3405	0:19:47	1/1/2019 	1181300	64.00	9.00	5.92	56.23	93742.98	1845	0	BartonZwiebach	
3406	0:19:47	1/1/2019 	1181472	64.00	10.00	5.92	56.23	93742.98	3833	0	BartonZwiebach	
3407	0:19:47	1/1/2019 	1181637	330.00	10.00	11.52	56.23	93743.16	49794	0	BartonZwiebach	
3408	0:19:48	1/1/2019 	1182010	118.00	9.00	7.09	56.23	93743.33	1850	0	BartonZwiebach	
3409	0:19:48	1/1/2019 	1182124	61.00	9.00	5.90	56.23	93743.33	1849	0	BartonZwiebach	
3410	0:19:48	1/1/2019 	1182244	63.00	9.00	5.91	56.23	93743.33	1849	0	BartonZwiebach	
3411	0:19:48	1/1/2019 	1182604	986.00	318.00	60.11	56.23	93743.14	49795	0	BartonZwiebach	
3412	0:19:49	1/1/2019 	1182725	202.00	10.00	9.37	56.23	93743.14	3836	0	BartonZwiebach	
3413	0:19:49	1/1/2019 	1182814	71.00	9.00	5.99	56.23	93743.14	1851	0	BartonZwiebach	
3414	0:19:49	1/1/2019 	1182883	70.00	9.00	5.98	56.23	93743.14	1849	0	BartonZwiebach	
3415	0:19:49	1/1/2019 	1182961	414.00	20.00	12.83	56.23	93743.49	1849	0	BartonZwiebach	
3416	0:19:49	1/1/2019 	1182965	72.00	9.00	6.01	56.23	93743.49	1851	0	BartonZwiebach	
3417	0:19:49	1/1/2019 	1183126	64.00	9.00	5.92	56.23	93743.49	1850	0	BartonZwiebach	
3418	0:19:49	1/1/2019 	1183377	201.00	10.00	9.34	56.23	93743.49	3804	0	BartonZwiebach	
3419	0:19:49	1/1/2019 	1183473	67.00	9.00	5.94	56.23	93743.49	1849	0	BartonZwiebach	
3420	0:19:50	1/1/2019 	1183874	63.00	5.00	5.90	56.23	93743.49	49792	0	BartonZwiebach	
3421	0:19:50	1/1/2019 	1183985	102.00	9.00	6.65	56.23	93743.49	1849	0	BartonZwiebach	
3422	0:19:50	1/1/2019 	1184048	65.00	10.00	5.93	56.23	93743.49	1849	0	BartonZwiebach	
3423	0:19:50	1/1/2019 	1184489	70.00	9.00	5.98	56.23	93743.66	1849	0	BartonZwiebach	
3424	0:19:51	1/1/2019 	1184701	66.00	9.00	5.93	56.23	93743.66	54285	0	BartonZwiebach	
3425	0:19:51	1/1/2019 	1184994	63.00	13.00	5.91	56.23	93743.84	1850	0	BartonZwiebach	
3426	0:19:51	1/1/2019 	1185043	77.00	9.00	6.08	56.23	93743.84	1849	0	BartonZwiebach	
3427	0:19:51	1/1/2019 	1185190	69.00	9.00	5.97	56.23	93743.84	1849	0	BartonZwiebach	
3428	0:19:52	1/1/2019 	1185674	74.00	10.00	6.04	56.23	93743.66	49793	0	BartonZwiebach	
3429	0:19:52	1/1/2019 	1186018	65.00	9.00	5.92	56.23	93743.84	1850	0	BartonZwiebach	
3430	0:19:52	1/1/2019 	1186050	952.00	115.00	32.96	56.23	93743.84	3834	0	BartonZwiebach	
3431	0:19:52	1/1/2019 	1186242	72.00	9.00	6.01	56.23	93743.84	1850	0	BartonZwiebach	
3432	0:19:52	1/1/2019 	1186468	65.00	9.00	5.92	56.23	93744.01	1849	0	BartonZwiebach	
3433	0:19:52	1/1/2019 	1186476	177.00	10.00	8.76	56.23	93744.01	1848	0	BartonZwiebach	
3434	0:19:52	1/1/2019 	1186484	98.00	11.00	6.55	56.23	93744.01	1850	0	BartonZwiebach	
3435	0:19:53	1/1/2019 	1186701	66.00	9.00	5.93	56.23	93744.01	51778	0	BartonZwiebach	
3436	0:19:53	1/1/2019 	1187087	71.00	8.00	5.99	56.23	93744.36	1849	0	BartonZwiebach	
3437	0:19:53	1/1/2019 	1187143	69.00	9.00	5.97	56.23	93744.36	1846	0	BartonZwiebach	
3438	0:19:53	1/1/2019 	1187154	65.00	9.00	5.92	56.23	93744.36	1848	0	BartonZwiebach	
3439	0:19:53	1/1/2019 	1187188	65.00	9.00	5.92	56.23	93744.36	1849	0	BartonZwiebach	
3440	0:19:53	1/1/2019 	1187392	85.00	10.00	6.24	56.23	93744.53	1849	0	BartonZwiebach	
3441	0:19:53	1/1/2019 	1187412	65.00	9.00	5.92	56.23	93744.53	3833	0	BartonZwiebach	
3442	0:19:54	1/1/2019 	1187696	64.00	9.00	5.92	56.23	93744.53	49792	0	BartonZwiebach	
3443	0:19:54	1/1/2019 	1187866	660.00	27.00	18.12	56.22	93744.23	1849	0	BartonZwiebach	
3444	0:19:54	1/1/2019 	1188049	65.00	9.00	5.92	56.22	93744.23	1850	0	BartonZwiebach	
3445	0:19:54	1/1/2019 	1188053	64.00	9.00	5.92	56.22	93744.23	1849	0	BartonZwiebach	
3446	0:19:54	1/1/2019 	1188439	64.00	8.00	5.92	56.22	93744.40	1848	0	BartonZwiebach	
3447	0:19:55	1/1/2019 	1188787	64.00	8.00	5.92	56.22	93744.75	51775	0	BartonZwiebach	
3448	0:19:55	1/1/2019 	1188851	80.00	9.00	6.14	56.22	93744.75	1848	0	BartonZwiebach	
3449	0:19:55	1/1/2019 	1188882	738.00	37.00	20.86	56.22	93744.75	1850	0	BartonZwiebach	
3450	0:19:55	1/1/2019 	1188907	540.00	14.00	13.80	56.22	93744.75	1851	0	BartonZwiebach	
3451	0:19:55	1/1/2019 	1188945	66.00	8.00	5.93	56.22	93744.75	1849	0	BartonZwiebach	
3452	0:19:55	1/1/2019 	1189039	63.00	9.00	5.91	56.22	93744.75	1847	0	BartonZwiebach	
3453	0:19:55	1/1/2019 	1189079	166.00	9.00	8.46	56.22	93744.75	3834	0	BartonZwiebach	
3454	0:19:55	1/1/2019 	1189250	89.00	9.00	6.32	56.22	93744.92	1849	0	BartonZwiebach	
3455	0:19:55	1/1/2019 	1189443	66.00	9.00	5.93	56.22	93744.92	1849	0	BartonZwiebach	
3456	0:19:56	1/1/2019 	1190014	74.00	9.00	6.03	56.22	93745.09	49793	0	BartonZwiebach	
3457	0:19:56	1/1/2019 	1190071	66.00	9.00	5.93	56.22	93745.09	2604	0	BartonZwiebach	
3458	0:19:56	1/1/2019 	1190191	69.00	9.00	5.97	56.22	93745.09	1849	0	BartonZwiebach	
3459	0:19:56	1/1/2019 	1190572	256.00	11.00	10.46	56.22	93744.74	51918	0	BartonZwiebach	
3460	0:19:57	1/1/2019 	1190775	73.00	9.00	6.02	56.22	93744.91	1849	0	BartonZwiebach	
3461	0:19:57	1/1/2019 	1190802	126.00	9.00	7.33	56.22	93744.91	1850	0	BartonZwiebach	
3462	0:19:57	1/1/2019 	1190825	67.00	9.00	5.94	56.22	93744.91	1849	0	BartonZwiebach	
3463	0:19:57	1/1/2019 	1190871	66.00	9.00	5.93	56.22	93744.91	1849	0	BartonZwiebach	
3464	0:19:57	1/1/2019 	1190992	67.00	9.00	5.94	56.22	93744.91	1850	0	BartonZwiebach	
3465	0:19:57	1/1/2019 	1191068	68.00	9.00	5.95	56.22	93744.91	3833	0	BartonZwiebach	
3466	0:19:57	1/1/2019 	1191300	70.00	10.00	5.98	56.22	93744.74	1849	0	BartonZwiebach	
3467	0:19:57	1/1/2019 	1191334	64.00	9.00	5.92	56.22	93744.74	1849	0	BartonZwiebach	
3468	0:19:57	1/1/2019 	1191552	82.00	9.00	6.18	56.22	93744.74	49790	0	BartonZwiebach	
3469	0:19:57	1/1/2019 	1191580	72.00	8.00	6.00	56.22	93744.74	1849	0	BartonZwiebach	
3470	0:19:58	1/1/2019 	1191641	65.00	9.00	5.92	56.22	93744.74	1847	0	BartonZwiebach	
3471	0:19:58	1/1/2019 	1191835	66.00	9.00	5.93	56.22	93744.91	3833	0	BartonZwiebach	
3472	0:19:58	1/1/2019 	1192024	64.00	9.00	5.92	56.22	93744.91	1850	0	BartonZwiebach	
3473	0:19:58	1/1/2019 	1192350	880.00	55.00	23.14	56.22	93745.09	1848	0	BartonZwiebach	
3474	0:19:58	1/1/2019 	1192387	81.00	9.00	6.16	56.22	93745.09	1850	0	BartonZwiebach	
3475	0:19:58	1/1/2019 	1192596	68.00	9.00	5.95	56.22	93745.09	49792	0	BartonZwiebach	
3476	0:19:58	1/1/2019 	1192603	110.00	9.00	6.87	56.22	93745.09	1848	0	BartonZwiebach	
3477	0:19:59	1/1/2019 	1192765	90.00	8.00	6.35	56.22	93745.27	3834	0	BartonZwiebach	
3478	0:19:59	1/1/2019 	1193109	67.00	9.00	5.94	56.22	93745.27	1848	0	BartonZwiebach	
3479	0:19:59	1/1/2019 	1193561	79.00	9.00	6.12	56.22	93744.91	49793	0	BartonZwiebach	
3480	0:20:00	1/1/2019 	1193768	924.00	66.00	24.45	56.22	93745.25	1850	0	BartonZwiebach	
3481	0:20:00	1/1/2019 	1194284	763.00	41.00	21.46	56.22	93745.60	1851	0	BartonZwiebach	
3482	0:20:00	1/1/2019 	1194375	72.00	9.00	6.01	56.22	93745.60	1850	0	BartonZwiebach	
3483	0:20:01	1/1/2019 	1194668	63.00	9.00	5.91	56.22	93745.95	51778	0	BartonZwiebach	
3484	0:20:01	1/1/2019 	1194925	68.00	9.00	5.95	56.22	93745.95	1850	0	BartonZwiebach	
3485	0:20:01	1/1/2019 	1194968	167.00	10.00	8.50	56.22	93745.95	1849	0	BartonZwiebach	
3486	0:20:01	1/1/2019 	1195022	562.00	16.00	14.33	56.22	93745.95	1850	0	BartonZwiebach	
3487	0:20:01	1/1/2019 	1195028	111.00	9.00	6.89	56.22	93745.95	1848	0	BartonZwiebach	
3488	0:20:01	1/1/2019 	1195038	927.00	85.00	27.30	56.22	93745.95	1849	0	BartonZwiebach	
3489	0:20:01	1/1/2019 	1195269	75.00	9.00	6.05	56.22	93745.80	3834	0	BartonZwiebach	
3490	0:20:01	1/1/2019 	1195396	62.00	9.00	5.90	56.22	93745.80	1849	0	BartonZwiebach	
3491	0:20:02	1/1/2019 	1195855	64.00	9.00	5.92	56.22	93745.80	49794	0	BartonZwiebach	
3492	0:20:02	1/1/2019 	1195871	68.00	9.00	5.95	56.22	93745.80	1849	0	BartonZwiebach	
3493	0:20:02	1/1/2019 	1195901	76.00	9.00	6.07	56.22	93745.80	1849	0	BartonZwiebach	
3494	0:20:02	1/1/2019 	1196165	66.00	9.00	5.93	56.22	93745.97	3833	0	BartonZwiebach	
3495	0:20:02	1/1/2019 	1196312	94.00	9.00	6.44	56.22	93745.97	1849	0	BartonZwiebach	
3496	0:20:02	1/1/2019 	1196346	80.00	9.00	6.14	56.22	93745.97	1849	0	BartonZwiebach	
3497	0:20:02	1/1/2019 	1196369	984.00	336.00	63.33	56.22	93745.97	1848	0	BartonZwiebach	
3498	0:20:02	1/1/2019 	1196417	336.00	15.00	11.76	56.22	93745.97	1852	0	BartonZwiebach	
3499	0:20:03	1/1/2019 	1196717	68.00	9.00	5.95	56.22	93746.14	49797	0	BartonZwiebach	
3500	0:20:03	1/1/2019 	1196791	64.00	9.00	5.92	56.22	93746.14	3834	0	BartonZwiebach	
3501	0:20:03	1/1/2019 	1196822	64.00	9.00	5.92	56.22	93746.14	1847	0	BartonZwiebach	
3502	0:20:03	1/1/2019 	1197089	68.00	8.00	5.95	56.21	93745.96	1848	0	BartonZwiebach	
3503	0:20:03	1/1/2019 	1197170	66.00	9.00	5.93	56.21	93745.96	1847	0	BartonZwiebach	
3504	0:20:03	1/1/2019 	1197438	122.00	9.00	7.21	56.21	93745.96	1850	0	BartonZwiebach	
3505	0:20:04	1/1/2019 	1197891	974.00	278.00	53.73	56.21	93746.14	49795	0	BartonZwiebach	
3506	0:20:04	1/1/2019 	1197943	414.00	21.00	12.86	56.21	93746.14	3890	0	BartonZwiebach	
3507	0:20:04	1/1/2019 	1198007	68.00	9.00	5.95	56.21	93746.31	1850	0	BartonZwiebach	
3508	0:20:04	1/1/2019 	1198068	69.00	8.00	5.97	56.21	93746.31	1849	0	BartonZwiebach	
3509	0:20:04	1/1/2019 	1198105	88.00	9.00	6.30	56.21	93746.31	1847	0	BartonZwiebach	
3510	0:20:04	1/1/2019 	1198131	64.00	9.00	5.92	56.21	93746.31	1849	0	BartonZwiebach	
3511	0:20:04	1/1/2019 	1198277	100.00	9.00	6.60	56.21	93746.31	1848	0	BartonZwiebach	
3512	0:20:04	1/1/2019 	1198318	68.00	9.00	5.95	56.21	93746.31	3834	0	BartonZwiebach	
3513	0:20:04	1/1/2019 	1198331	814.00	47.00	22.23	56.21	93746.31	1850	0	BartonZwiebach	
3514	0:20:04	1/1/2019 	1198587	696.00	33.00	19.77	56.21	93746.16	49798	0	BartonZwiebach	
3515	0:20:05	1/1/2019 	1198767	63.00	9.00	5.91	56.21	93746.16	1849	0	BartonZwiebach	
3516	0:20:05	1/1/2019 	1199261	65.00	9.00	5.92	56.21	93746.50	1850	0	BartonZwiebach	
3517	0:20:05	1/1/2019 	1199326	73.00	9.00	6.02	56.21	93746.50	1849	0	BartonZwiebach	
3518	0:20:05	1/1/2019 	1199364	895.00	64.00	24.19	56.21	93746.50	3834	0	BartonZwiebach	
3519	0:20:06	1/1/2019 	1200256	485.00	14.00	13.19	56.21	93747.02	49797	0	BartonZwiebach	
3520	0:20:06	1/1/2019 	1200459	67.00	9.00	5.94	56.21	93747.38	2608	0	BartonZwiebach	
3521	0:20:06	1/1/2019 	1200487	65.00	9.00	5.92	56.21	93747.38	1855	0	BartonZwiebach	
3522	0:20:06	1/1/2019 	1200677	318.00	14.00	11.49	56.21	93747.38	49802	0	BartonZwiebach	
3523	0:20:07	1/1/2019 	1200813	63.00	9.00	5.91	56.21	93747.38	1857	0	BartonZwiebach	
3524	0:20:07	1/1/2019 	1201087	69.00	8.00	5.97	56.21	93747.19	3978	0	BartonZwiebach	
3525	0:20:07	1/1/2019 	1201127	65.00	9.00	5.92	56.21	93747.19	1847	0	BartonZwiebach	
3526	0:20:07	1/1/2019 	1201159	72.00	9.00	6.01	56.21	93747.19	1849	0	BartonZwiebach	
3527	0:20:07	1/1/2019 	1201312	69.00	9.00	5.97	56.21	93747.19	1848	0	BartonZwiebach	
3528	0:20:07	1/1/2019 	1201727	66.00	10.00	5.94	56.21	93747.36	49794	0	BartonZwiebach	
3529	0:20:08	1/1/2019 	1201817	64.00	8.00	5.92	56.21	93747.36	1849	0	BartonZwiebach	
3530	0:20:08	1/1/2019 	1201864	61.00	9.00	5.90	56.21	93747.19	3830	0	BartonZwiebach	
3531	0:20:08	1/1/2019 	1201909	69.00	9.00	5.97	56.21	93747.19	1848	0	BartonZwiebach	
3532	0:20:08	1/1/2019 	1202048	67.00	9.00	5.94	56.21	93747.19	1849	0	BartonZwiebach	
3533	0:20:08	1/1/2019 	1202064	195.00	10.00	9.20	56.21	93747.19	1850	0	BartonZwiebach	
3534	0:20:08	1/1/2019 	1202572	68.00	9.00	5.95	56.21	93747.19	49795	0	BartonZwiebach	
3535	0:20:09	1/1/2019 	1202819	65.00	9.00	5.92	56.21	93747.19	1848	0	BartonZwiebach	
3536	0:20:09	1/1/2019 	1202829	67.00	9.00	5.94	56.21	93747.53	3834	0	BartonZwiebach	
3537	0:20:09	1/1/2019 	1202935	976.00	147.00	38.81	56.21	93747.53	1848	0	BartonZwiebach	
3538	0:20:09	1/1/2019 	1203152	66.00	9.00	5.93	56.21	93747.53	1850	0	BartonZwiebach	
3539	0:20:10	1/1/2019 	1203767	63.00	9.00	5.91	56.21	93747.70	49794	0	BartonZwiebach	
3540	0:20:10	1/1/2019 	1203787	64.00	9.00	5.92	56.21	93747.70	1850	0	BartonZwiebach	
3541	0:20:10	1/1/2019 	1203901	69.00	9.00	5.97	56.20	93747.75	1848	0	BartonZwiebach	
3542	0:20:10	1/1/2019 	1204232	66.00	9.00	5.93	56.20	93747.75	3833	0	BartonZwiebach	
3543	0:20:10	1/1/2019 	1204574	121.00	9.00	7.18	56.20	93748.09	49795	0	BartonZwiebach	
3544	0:20:10	1/1/2019 	1204733	75.00	9.00	6.05	56.20	93748.09	1849	0	BartonZwiebach	
3545	0:20:11	1/1/2019 	1204977	68.00	9.00	5.95	56.20	93748.27	1849	0	BartonZwiebach	
3546	0:20:11	1/1/2019 	1205071	519.00	24.00	14.13	56.20	93748.27	1850	0	BartonZwiebach	
3547	0:20:11	1/1/2019 	1205706	169.00	10.00	8.55	56.20	93748.62	51834	0	BartonZwiebach	
3548	0:20:12	1/1/2019 	1205892	977.00	452.00	81.20	56.20	93748.96	1850	0	BartonZwiebach	
3549	0:20:12	1/1/2019 	1205964	70.00	9.00	5.98	56.20	93748.96	1852	0	BartonZwiebach	
3550	0:20:12	1/1/2019 	1206128	66.00	9.00	5.93	56.20	93748.96	1849	0	BartonZwiebach	
3551	0:20:12	1/1/2019 	1206166	71.00	9.00	5.99	56.20	93748.96	1849	0	BartonZwiebach	
3552	0:20:12	1/1/2019 	1206595	69.00	8.00	5.97	56.20	93748.95	49794	0	BartonZwiebach	
3553	0:20:12	1/1/2019 	1206615	71.00	9.00	5.99	56.20	93748.95	3834	0	BartonZwiebach	
3554	0:20:12	1/1/2019 	1206682	72.00	9.00	6.01	56.20	93748.95	1848	0	BartonZwiebach	
3555	0:20:12	1/1/2019 	1206716	64.00	9.00	5.92	56.20	93749.30	1849	0	BartonZwiebach	
3556	0:20:13	1/1/2019 	1207139	72.00	9.00	6.01	56.20	93749.30	1847	0	BartonZwiebach	
3557	0:20:13	1/1/2019 	1207157	312.00	14.00	11.41	56.20	93749.30	1851	0	BartonZwiebach	
3558	0:20:13	1/1/2019 	1207294	66.00	9.00	5.93	56.20	93749.66	1850	0	BartonZwiebach	
3559	0:20:13	1/1/2019 	1207748	66.00	9.00	5.93	56.20	93750.17	51777	0	BartonZwiebach	
3560	0:20:14	1/1/2019 	1207787	67.00	9.00	5.94	56.20	93750.17	1849	0	BartonZwiebach	
3561	0:20:14	1/1/2019 	1208620	81.00	9.00	6.16	56.20	93750.16	49796	0	BartonZwiebach	
3562	0:20:14	1/1/2019 	1208747	71.00	9.00	5.99	56.20	93750.52	1849	0	BartonZwiebach	
3563	0:20:15	1/1/2019 	1208823	671.00	28.00	18.56	56.20	93750.52	1849	0	BartonZwiebach	
3564	0:20:15	1/1/2019 	1209138	64.00	9.00	5.92	56.20	93751.03	1851	0	BartonZwiebach	
3565	0:20:15	1/1/2019 	1209143	65.00	9.00	5.92	56.20	93751.03	3833	0	BartonZwiebach	
3566	0:20:15	1/1/2019 	1209363	67.00	11.00	5.95	56.20	93751.03	1849	0	BartonZwiebach	
3567	0:20:15	1/1/2019 	1209431	65.00	9.00	5.92	56.20	93751.03	1849	0	BartonZwiebach	
3568	0:20:15	1/1/2019 	1209447	70.00	9.00	5.98	56.20	93751.03	1848	0	BartonZwiebach	
3569	0:20:15	1/1/2019 	1209451	65.00	9.00	5.92	56.20	93751.03	1849	0	BartonZwiebach	
3570	0:20:15	1/1/2019 	1209618	65.00	9.00	5.92	56.20	93751.40	49795	0	BartonZwiebach	
3571	0:20:16	1/1/2019 	1209791	64.00	9.00	5.92	56.20	93751.40	4735	0	BartonZwiebach	
3572	0:20:16	1/1/2019 	1209803	81.00	9.00	6.16	56.20	93751.40	1849	0	BartonZwiebach	
3573	0:20:16	1/1/2019 	1209919	172.00	10.00	8.63	56.20	93751.40	1849	0	BartonZwiebach	
3574	0:20:16	1/1/2019 	1209940	70.00	9.00	5.98	56.20	93751.40	1849	0	BartonZwiebach	
3575	0:20:16	1/1/2019 	1210062	64.00	9.00	5.92	56.20	93751.40	1848	0	BartonZwiebach	
3576	0:20:16	1/1/2019 	1210238	69.00	9.00	5.97	56.20	93751.92	1847	0	BartonZwiebach	
3577	0:20:16	1/1/2019 	1210319	194.00	10.00	9.18	56.20	93751.92	3834	0	BartonZwiebach	
3578	0:20:16	1/1/2019 	1210340	66.00	9.00	5.93	56.20	93751.92	1850	0	BartonZwiebach	
3579	0:20:16	1/1/2019 	1210472	66.00	9.00	5.93	56.20	93751.92	1849	0	BartonZwiebach	
3580	0:20:17	1/1/2019 	1210811	66.00	9.00	5.93	56.20	93752.61	49792	0	BartonZwiebach	
3581	0:20:17	1/1/2019 	1210861	83.00	9.00	6.20	56.20	93752.61	1850	0	BartonZwiebach	
3582	0:20:17	1/1/2019 	1211348	65.00	9.00	5.92	56.20	93753.13	1850	0	BartonZwiebach	
3583	0:20:17	1/1/2019 	1211468	86.00	9.00	6.26	56.20	93753.13	3833	0	BartonZwiebach	
3584	0:20:17	1/1/2019 	1211716	59.00	9.00	5.89	56.20	93753.82	49793	0	BartonZwiebach	
3585	0:20:18	1/1/2019 	1212099	193.00	10.00	9.16	56.19	93754.36	1850	0	BartonZwiebach	
3586	0:20:18	1/1/2019 	1212152	70.00	8.00	5.98	56.19	93754.36	1850	0	BartonZwiebach	
3587	0:20:19	1/1/2019 	1212901	71.00	9.00	5.99	56.19	93754.88	49794	0	BartonZwiebach	
3588	0:20:19	1/1/2019 	1212996	70.00	10.00	5.98	56.19	93754.88	1857	0	BartonZwiebach	
3589	0:20:19	1/1/2019 	1213043	268.00	12.00	10.68	56.19	93755.58	3892	0	BartonZwiebach	
3590	0:20:19	1/1/2019 	1213309	66.00	9.00	5.93	56.19	93755.58	1850	0	BartonZwiebach	
3591	0:20:19	1/1/2019 	1213324	74.00	9.00	6.03	56.19	93755.58	1849	0	BartonZwiebach	
3592	0:20:19	1/1/2019 	1213357	70.00	9.00	5.98	56.19	93755.58	1849	0	BartonZwiebach	
3593	0:20:19	1/1/2019 	1213726	751.00	37.00	20.97	56.19	93755.92	49793	0	BartonZwiebach	
3594	0:20:20	1/1/2019 	1214028	74.00	9.00	6.03	56.19	93756.61	1851	0	BartonZwiebach	
3595	0:20:20	1/1/2019 	1214058	98.00	10.00	6.55	56.19	93756.61	3835	0	BartonZwiebach	
3596	0:20:20	1/1/2019 	1214068	69.00	9.00	5.97	56.19	93756.61	1849	0	BartonZwiebach	
3597	0:20:20	1/1/2019 	1214317	68.00	9.00	5.95	56.19	93756.61	1849	0	BartonZwiebach	
3598	0:20:20	1/1/2019 	1214352	64.00	10.00	5.92	56.19	93756.61	1849	0	BartonZwiebach	
3599	0:20:20	1/1/2019 	1214439	118.00	10.00	7.10	56.19	93756.61	1848	0	BartonZwiebach	
3600	0:20:20	1/1/2019 	1214626	65.00	9.00	5.92	56.19	93757.30	49793	0	BartonZwiebach	
3601	0:20:20	1/1/2019 	1214649	66.00	8.00	5.93	56.19	93757.30	3833	0	BartonZwiebach	
3602	0:20:20	1/1/2019 	1214747	67.00	9.00	5.94	56.19	93757.30	1847	0	BartonZwiebach	
3603	0:20:21	1/1/2019 	1214824	64.00	9.00	5.92	56.19	93757.30	1849	0	BartonZwiebach	
3604	0:20:21	1/1/2019 	1215116	66.00	9.00	5.93	56.19	93757.99	1850	0	BartonZwiebach	
3605	0:20:21	1/1/2019 	1215167	324.00	11.00	11.48	56.19	93757.99	1850	0	BartonZwiebach	
3606	0:20:21	1/1/2019 	1215254	66.00	9.00	5.93	56.19	93757.99	3835	0	BartonZwiebach	
3607	0:20:21	1/1/2019 	1215565	69.00	9.00	5.97	56.19	93758.53	49795	0	BartonZwiebach	
3608	0:20:21	1/1/2019 	1215608	65.00	9.00	5.92	56.19	93758.53	1849	0	BartonZwiebach	
3609	0:20:21	1/1/2019 	1215638	83.00	9.00	6.20	56.19	93758.53	1848	0	BartonZwiebach	
3610	0:20:22	1/1/2019 	1215842	67.00	9.00	5.94	56.19	93758.53	1848	0	BartonZwiebach	
3611	0:20:22	1/1/2019 	1216286	64.00	9.00	5.92	56.19	93758.88	1853	0	BartonZwiebach	
3612	0:20:22	1/1/2019 	1216387	983.00	571.00	98.49	56.19	93758.88	3840	0	BartonZwiebach	
3613	0:20:22	1/1/2019 	1216461	66.00	9.00	5.93	56.19	93759.75	1855	0	BartonZwiebach	
3614	0:20:22	1/1/2019 	1216601	69.00	9.00	5.97	56.19	93759.75	49792	0	BartonZwiebach	
3615	0:20:22	1/1/2019 	1216659	68.00	9.00	5.95	56.19	93759.75	1848	0	BartonZwiebach	
3616	0:20:22	1/1/2019 	1216708	70.00	9.00	5.98	56.19	93759.75	1849	0	BartonZwiebach	
3617	0:20:23	1/1/2019 	1216991	75.00	9.00	6.05	56.19	93760.77	1848	0	BartonZwiebach	
3618	0:20:23	1/1/2019 	1217660	63.00	8.00	5.91	56.19	93761.28	51777	0	BartonZwiebach	
3619	0:20:23	1/1/2019 	1217700	110.00	9.00	6.87	56.19	93761.28	1847	0	BartonZwiebach	
3620	0:20:24	1/1/2019 	1217886	66.00	9.00	5.93	56.19	93761.98	1849	0	BartonZwiebach	
3621	0:20:24	1/1/2019 	1218014	68.00	9.00	5.95	56.19	93761.98	1851	0	BartonZwiebach	
3622	0:20:24	1/1/2019 	1218267	206.00	10.00	9.46	56.19	93761.98	1850	0	BartonZwiebach	
3623	0:20:24	1/1/2019 	1218315	72.00	9.00	6.01	56.19	93761.98	1849	0	BartonZwiebach	
3624	0:20:24	1/1/2019 	1218363	77.00	9.00	6.08	56.19	93762.84	3834	0	BartonZwiebach	
3625	0:20:24	1/1/2019 	1218676	64.00	12.00	5.92	56.19	93762.84	49793	0	BartonZwiebach	
3626	0:20:25	1/1/2019 	1218906	69.00	9.00	5.97	56.19	93763.53	1847	0	BartonZwiebach	
3627	0:20:25	1/1/2019 	1218931	70.00	10.00	5.98	56.19	93763.53	1850	0	BartonZwiebach	
3628	0:20:25	1/1/2019 	1219008	434.00	21.00	13.06	56.19	93763.53	1850	0	BartonZwiebach	
3629	0:20:25	1/1/2019 	1219416	74.00	10.00	6.04	56.19	93764.06	1851	0	BartonZwiebach	
3630	0:20:25	1/1/2019 	1219723	122.00	10.00	7.21	56.19	93764.06	51777	0	BartonZwiebach	
3631	0:20:25	1/1/2019 	1219755	953.00	132.00	36.20	56.19	93764.06	2800	0	BartonZwiebach	
3632	0:20:26	1/1/2019 	1220083	740.00	36.00	20.77	56.19	93764.75	1851	0	BartonZwiebach	
3633	0:20:26	1/1/2019 	1220104	79.00	9.00	6.12	56.19	93764.75	1850	0	BartonZwiebach	
3634	0:20:26	1/1/2019 	1220154	66.00	9.00	5.93	56.19	93764.75	1849	0	BartonZwiebach	
3635	0:20:27	1/1/2019 	1221125	73.00	9.00	6.02	56.19	93765.79	49793	0	BartonZwiebach	
3636	0:20:27	1/1/2019 	1221298	137.00	10.00	7.65	56.19	93766.31	3974	0	BartonZwiebach	
3637	0:20:27	1/1/2019 	1221316	73.00	10.00	6.02	56.19	93766.31	1850	0	BartonZwiebach	
3638	0:20:28	1/1/2019 	1221919	65.00	9.00	5.92	56.19	93767.36	49793	0	BartonZwiebach	
3639	0:20:28	1/1/2019 	1221967	256.00	12.00	10.48	56.19	93767.36	1850	0	BartonZwiebach	
3640	0:20:28	1/1/2019 	1222107	67.00	9.00	5.94	56.19	93767.36	1849	0	BartonZwiebach	
3641	0:20:28	1/1/2019 	1222155	67.00	9.00	5.94	56.19	93767.36	1848	0	BartonZwiebach	
3642	0:20:28	1/1/2019 	1222169	79.00	10.00	6.12	56.19	93767.36	3833	0	BartonZwiebach	
3643	0:20:28	1/1/2019 	1222256	66.00	9.00	5.93	56.19	93767.70	1848	0	BartonZwiebach	
3644	0:20:28	1/1/2019 	1222321	64.00	9.00	5.92	56.19	93767.70	1849	0	BartonZwiebach	
3645	0:20:28	1/1/2019 	1222570	65.00	9.00	5.92	56.19	93767.70	49793	0	BartonZwiebach	
3646	0:20:28	1/1/2019 	1222605	76.00	9.00	6.07	56.19	93767.70	1849	0	BartonZwiebach	
3647	0:20:28	1/1/2019 	1222731	77.00	9.00	6.08	56.19	93768.22	1849	0	BartonZwiebach	
3648	0:20:29	1/1/2019 	1223029	63.00	9.00	5.91	56.19	93768.22	3833	0	BartonZwiebach	
3649	0:20:29	1/1/2019 	1223091	182.00	10.00	8.89	56.19	93768.22	1850	0	BartonZwiebach	
3650	0:20:29	1/1/2019 	1223183	73.00	9.00	6.02	56.19	93768.91	1849	0	BartonZwiebach	
3651	0:20:29	1/1/2019 	1223279	64.00	9.00	5.92	56.19	93768.91	1848	0	BartonZwiebach	
3652	0:20:29	1/1/2019 	1223308	314.00	12.00	11.38	56.19	93768.91	1849	0	BartonZwiebach	
3653	0:20:29	1/1/2019 	1223493	68.00	9.00	5.95	56.19	93768.91	1849	0	BartonZwiebach	
3654	0:20:29	1/1/2019 	1223583	81.00	10.00	6.16	56.19	93768.91	51779	0	BartonZwiebach	
3655	0:20:29	1/1/2019 	1223638	76.00	9.00	6.07	56.19	93768.91	1849	0	BartonZwiebach	
3656	0:20:30	1/1/2019 	1223825	66.00	9.00	5.93	56.19	93769.44	1849	0	BartonZwiebach	
3657	0:20:30	1/1/2019 	1223920	70.00	9.00	5.98	56.19	93769.44	1849	0	BartonZwiebach	
3658	0:20:30	1/1/2019 	1224070	74.00	9.00	6.03	56.19	93769.44	1848	0	BartonZwiebach	
3659	0:20:30	1/1/2019 	1224373	73.00	9.00	6.02	56.19	93770.12	1850	0	BartonZwiebach	
3660	0:20:30	1/1/2019 	1224436	92.00	9.00	6.39	56.19	93770.12	3840	0	BartonZwiebach	
3661	0:20:30	1/1/2019 	1224442	300.00	13.00	11.21	56.19	93770.12	1856	0	BartonZwiebach	
3662	0:20:30	1/1/2019 	1224490	67.00	9.00	5.94	56.19	93770.12	1857	0	BartonZwiebach	
3663	0:20:30	1/1/2019 	1224564	64.00	9.00	5.92	56.19	93770.12	49800	0	BartonZwiebach	
3664	0:20:30	1/1/2019 	1224684	970.00	251.00	50.36	56.19	93770.82	1853	0	BartonZwiebach	
3665	0:20:30	1/1/2019 	1224736	70.00	9.00	5.98	56.19	93770.82	3835	0	BartonZwiebach	
3666	0:20:31	1/1/2019 	1224831	127.00	9.00	7.36	56.19	93770.82	1849	0	BartonZwiebach	
3667	0:20:31	1/1/2019 	1224887	65.00	9.00	5.92	56.19	93770.82	1850	0	BartonZwiebach	
3668	0:20:31	1/1/2019 	1224891	73.00	9.00	6.02	56.19	93770.82	1849	0	BartonZwiebach	
3669	0:20:31	1/1/2019 	1224945	89.00	9.00	6.32	56.19	93770.82	1848	0	BartonZwiebach	
3670	0:20:31	1/1/2019 	1225193	780.00	43.00	21.74	56.20	93771.84	1848	0	BartonZwiebach	
3671	0:20:31	1/1/2019 	1225287	73.00	9.00	6.02	56.20	93771.84	3835	0	BartonZwiebach	
3672	0:20:31	1/1/2019 	1225359	68.00	12.00	5.96	56.20	93771.84	1849	0	BartonZwiebach	
3673	0:20:31	1/1/2019 	1225396	67.00	9.00	5.94	56.20	93771.84	1848	0	BartonZwiebach	
3674	0:20:31	1/1/2019 	1225467	66.00	8.00	5.93	56.20	93771.84	1851	0	BartonZwiebach	
3675	0:20:31	1/1/2019 	1225666	68.00	9.00	5.95	56.20	93772.36	49791	0	BartonZwiebach	
3676	0:20:31	1/1/2019 	1225670	66.00	9.00	5.93	56.20	93772.36	1850	0	BartonZwiebach	
3677	0:20:32	1/1/2019 	1225954	77.00	9.00	6.08	56.20	93772.36	3833	0	BartonZwiebach	
3678	0:20:32	1/1/2019 	1226282	84.00	9.00	6.22	56.20	93772.70	1849	0	BartonZwiebach	
3679	0:20:32	1/1/2019 	1226325	65.00	9.00	5.92	56.20	93772.70	1849	0	BartonZwiebach	
3680	0:20:32	1/1/2019 	1226595	66.00	9.00	5.93	56.20	93773.40	49793	0	BartonZwiebach	
3681	0:20:32	1/1/2019 	1226706	77.00	9.00	6.08	56.20	93773.40	1849	0	BartonZwiebach	
3682	0:20:33	1/1/2019 	1226770	72.00	9.00	6.01	56.20	93773.40	1848	0	BartonZwiebach	
3683	0:20:33	1/1/2019 	1226870	72.00	8.00	6.00	56.20	93773.40	3889	0	BartonZwiebach	
3684	0:20:33	1/1/2019 	1226933	198.00	10.00	9.27	56.20	93773.40	1848	0	BartonZwiebach	
3685	0:20:33	1/1/2019 	1227244	72.00	9.00	6.01	56.20	93774.07	1850	0	BartonZwiebach	
3686	0:20:33	1/1/2019 	1227388	108.00	9.00	6.81	56.20	93774.07	1849	0	BartonZwiebach	
3687	0:20:33	1/1/2019 	1227617	132.00	9.00	7.50	56.20	93774.42	49794	0	BartonZwiebach	
3688	0:20:34	1/1/2019 	1227839	64.00	9.00	5.92	56.20	93774.42	1849	0	BartonZwiebach	
3689	0:20:34	1/1/2019 	1228167	71.00	8.00	5.99	56.20	93774.94	3833	0	BartonZwiebach	
3690	0:20:34	1/1/2019 	1228231	70.00	10.00	5.98	56.20	93774.94	1848	0	BartonZwiebach	
3691	0:20:34	1/1/2019 	1228549	66.00	9.00	5.93	56.20	93775.28	49794	0	BartonZwiebach	
3692	0:20:35	1/1/2019 	1228930	353.00	16.00	12.01	56.20	93775.28	1849	0	BartonZwiebach	
3693	0:20:35	1/1/2019 	1228967	67.00	9.00	5.94	56.20	93775.28	1849	0	BartonZwiebach	
3694	0:20:35	1/1/2019 	1229049	66.00	9.00	5.93	56.20	93775.80	1850	0	BartonZwiebach	
3695	0:20:35	1/1/2019 	1229131	78.00	9.00	6.10	56.20	93775.80	3833	0	BartonZwiebach	
3696	0:20:35	1/1/2019 	1229228	115.00	9.00	7.01	56.20	93775.80	1849	0	BartonZwiebach	
3697	0:20:35	1/1/2019 	1229383	65.00	9.00	5.92	56.20	93775.80	1849	0	BartonZwiebach	
3698	0:20:35	1/1/2019 	1229453	72.00	9.00	6.01	56.20	93775.80	1849	0	BartonZwiebach	
3699	0:20:35	1/1/2019 	1229465	976.00	235.00	48.70	56.20	93775.80	1850	0	BartonZwiebach	
3700	0:20:35	1/1/2019 	1229467	67.00	9.00	5.94	56.20	93775.80	1851	0	BartonZwiebach	
3701	0:20:35	1/1/2019 	1229490	70.00	9.00	5.98	56.20	93776.67	3834	0	BartonZwiebach	
3702	0:20:35	1/1/2019 	1229584	69.00	9.00	5.97	56.20	93776.67	49794	0	BartonZwiebach	
3703	0:20:35	1/1/2019 	1229647	70.00	11.00	5.98	56.20	93776.67	2800	0	BartonZwiebach	
3704	0:20:36	1/1/2019 	1229948	61.00	9.00	5.90	56.20	93776.67	1849	0	BartonZwiebach	
3705	0:20:36	1/1/2019 	1230484	64.00	9.00	5.92	56.20	93777.72	1849	0	BartonZwiebach	
3706	0:20:37	1/1/2019 	1231079	68.00	9.00	5.95	56.20	93778.59	49793	0	BartonZwiebach	
3707	0:20:37	1/1/2019 	1231174	553.00	17.00	14.25	56.20	93778.59	3974	0	BartonZwiebach	
3708	0:20:37	1/1/2019 	1231458	73.00	6.00	6.02	56.20	93779.11	1850	0	BartonZwiebach	
3709	0:20:37	1/1/2019 	1231650	66.00	9.00	5.93	56.20	93779.11	49792	0	BartonZwiebach	
3710	0:20:38	1/1/2019 	1231936	148.00	10.00	7.97	56.21	93779.75	1849	0	BartonZwiebach	
3711	0:20:38	1/1/2019 	1231965	67.00	9.00	5.94	56.21	93779.75	1850	0	BartonZwiebach	
3712	0:20:38	1/1/2019 	1232038	328.00	15.00	11.66	56.21	93779.75	1848	0	BartonZwiebach	
3713	0:20:38	1/1/2019 	1232042	170.00	10.00	8.58	56.21	93779.75	3833	0	BartonZwiebach	
3714	0:20:38	1/1/2019 	1232168	68.00	10.00	5.96	56.21	93779.75	1850	0	BartonZwiebach	
3715	0:20:38	1/1/2019 	1232275	66.00	9.00	5.93	56.21	93779.75	1849	0	BartonZwiebach	
3716	0:20:38	1/1/2019 	1232659	74.00	9.00	6.03	56.21	93780.27	49794	0	BartonZwiebach	
3717	0:20:38	1/1/2019 	1232665	69.00	9.00	5.97	56.21	93780.27	1849	0	BartonZwiebach	
3718	0:20:38	1/1/2019 	1232688	68.00	9.00	5.95	56.21	93780.27	1848	0	BartonZwiebach	
3719	0:20:39	1/1/2019 	1232782	65.00	9.00	5.92	56.21	93780.27	3833	0	BartonZwiebach	
3720	0:20:39	1/1/2019 	1232842	67.00	9.00	5.94	56.21	93780.27	1849	0	BartonZwiebach	
3721	0:20:39	1/1/2019 	1233024	103.00	9.00	6.67	56.21	93780.62	1849	0	BartonZwiebach	
3722	0:20:39	1/1/2019 	1233093	86.00	9.00	6.26	56.21	93780.62	1849	0	BartonZwiebach	
3723	0:20:39	1/1/2019 	1233668	68.00	9.00	5.95	56.21	93780.97	49792	0	BartonZwiebach	
3724	0:20:40	1/1/2019 	1233829	64.00	9.00	5.92	56.21	93780.97	3887	0	BartonZwiebach	
3725	0:20:40	1/1/2019 	1233919	302.00	16.00	11.31	56.21	93781.31	1850	0	BartonZwiebach	
3726	0:20:40	1/1/2019 	1233989	64.00	9.00	5.92	56.21	93781.31	1848	0	BartonZwiebach	
3727	0:20:40	1/1/2019 	1234164	65.00	9.00	5.92	56.21	93781.31	1847	0	BartonZwiebach	
3728	0:20:40	1/1/2019 	1234168	64.00	9.00	5.92	56.21	93781.31	1849	0	BartonZwiebach	
3729	0:20:40	1/1/2019 	1234661	69.00	9.00	5.97	56.21	93782.01	49792	0	BartonZwiebach	
3730	0:20:41	1/1/2019 	1234997	72.00	9.00	6.01	56.21	93782.53	3833	0	BartonZwiebach	
3731	0:20:41	1/1/2019 	1235113	65.00	9.00	5.92	56.21	93782.53	1850	0	BartonZwiebach	
3732	0:20:41	1/1/2019 	1235386	132.00	10.00	7.51	56.21	93783.05	1850	0	BartonZwiebach	
3733	0:20:41	1/1/2019 	1235406	70.00	9.00	5.98	56.21	93783.05	1849	0	BartonZwiebach	
3734	0:20:41	1/1/2019 	1235419	948.00	101.00	30.22	56.21	93783.05	1850	0	BartonZwiebach	
3735	0:20:42	1/1/2019 	1235811	69.00	9.00	5.97	56.21	93783.58	49798	0	BartonZwiebach	
3736	0:20:42	1/1/2019 	1235889	70.00	9.00	5.98	56.21	93783.58	3834	0	BartonZwiebach	
3737	0:20:42	1/1/2019 	1236373	69.00	9.00	5.97	56.21	93783.92	1849	0	BartonZwiebach	
3738	0:20:42	1/1/2019 	1236650	76.00	9.00	6.07	56.21	93783.92	49792	0	BartonZwiebach	
3739	0:20:42	1/1/2019 	1236653	67.00	9.00	5.94	56.21	93783.92	1848	0	BartonZwiebach	
3740	0:20:43	1/1/2019 	1236837	64.00	9.00	5.92	56.21	93784.09	1849	0	BartonZwiebach	
3741	0:20:43	1/1/2019 	1237000	194.00	10.00	9.18	56.21	93784.09	1848	0	BartonZwiebach	
3742	0:20:43	1/1/2019 	1237286	190.00	11.00	9.09	56.21	93784.44	3834	0	BartonZwiebach	
3743	0:20:43	1/1/2019 	1237386	69.00	9.00	5.97	56.21	93784.44	1851	0	BartonZwiebach	
3744	0:20:43	1/1/2019 	1237660	150.00	10.00	8.03	56.21	93784.44	49795	0	BartonZwiebach	
3745	0:20:44	1/1/2019 	1237842	70.00	9.00	5.98	56.21	93784.79	1849	0	BartonZwiebach	
3746	0:20:44	1/1/2019 	1238026	66.00	9.00	5.93	56.21	93784.79	1850	0	BartonZwiebach	
3747	0:20:44	1/1/2019 	1238301	184.00	9.00	8.93	56.21	93785.13	1849	0	BartonZwiebach	
3748	0:20:44	1/1/2019 	1238662	73.00	9.00	6.02	56.21	93785.13	51779	0	BartonZwiebach	
3749	0:20:45	1/1/2019 	1238986	64.00	9.00	5.92	56.21	93785.48	1848	0	BartonZwiebach	
3750	0:20:46	1/1/2019 	1239802	80.00	9.00	6.14	56.21	93786.33	49794	0	BartonZwiebach	
3751	0:20:46	1/1/2019 	1240127	65.00	9.00	5.92	56.21	93786.33	2800	0	BartonZwiebach	
3752	0:20:46	1/1/2019 	1240728	222.00	11.00	9.81	56.21	93787.02	49793	0	BartonZwiebach	
3753	0:20:47	1/1/2019 	1241048	76.00	9.00	6.07	56.21	93787.02	1851	0	BartonZwiebach	
3754	0:20:47	1/1/2019 	1241338	71.00	9.00	5.99	56.21	93787.37	3974	0	BartonZwiebach	
3755	0:20:47	1/1/2019 	1241458	66.00	9.00	5.93	56.21	93787.37	1849	0	BartonZwiebach	
3756	0:20:47	1/1/2019 	1241648	74.00	8.00	6.03	56.21	93787.72	49794	0	BartonZwiebach	
3757	0:20:47	1/1/2019 	1241663	65.00	9.00	5.92	56.21	93787.72	1847	0	BartonZwiebach	
3758	0:20:48	1/1/2019 	1241799	64.00	9.00	5.92	56.21	93787.72	1849	0	BartonZwiebach	
3759	0:20:48	1/1/2019 	1241888	224.00	10.00	9.84	56.21	93787.72	1849	0	BartonZwiebach	
3760	0:20:48	1/1/2019 	1242133	84.00	12.00	6.22	56.22	93788.41	3835	0	BartonZwiebach	
3761	0:20:48	1/1/2019 	1242153	67.00	9.00	5.94	56.22	93788.41	1848	0	BartonZwiebach	
3762	0:20:48	1/1/2019 	1242258	950.00	83.00	26.96	56.22	93788.41	1849	0	BartonZwiebach	
3763	0:20:48	1/1/2019 	1242305	65.00	9.00	5.92	56.22	93788.41	1850	0	BartonZwiebach	
3764	0:20:48	1/1/2019 	1242478	64.00	9.00	5.92	56.22	93788.41	1849	0	BartonZwiebach	
3765	0:20:48	1/1/2019 	1242739	121.00	9.00	7.18	56.22	93788.76	49792	0	BartonZwiebach	
3766	0:20:48	1/1/2019 	1242750	64.00	10.00	5.92	56.22	93788.76	3889	0	BartonZwiebach	
3767	0:20:49	1/1/2019 	1242986	65.00	9.00	5.92	56.22	93788.76	1848	0	BartonZwiebach	
3768	0:20:49	1/1/2019 	1243000	66.00	9.00	5.93	56.22	93788.76	1849	0	BartonZwiebach	
3769	0:20:49	1/1/2019 	1243056	65.00	9.00	5.92	56.22	93788.76	1848	0	BartonZwiebach	
3770	0:20:49	1/1/2019 	1243138	73.00	9.00	6.02	56.22	93789.11	1849	0	BartonZwiebach	
3771	0:20:49	1/1/2019 	1243182	962.00	89.00	28.00	56.22	93789.11	1849	0	BartonZwiebach	
3772	0:20:49	1/1/2019 	1243202	69.00	9.00	5.97	56.22	93789.11	3834	0	BartonZwiebach	
3773	0:20:49	1/1/2019 	1243410	702.00	31.00	19.66	56.22	93789.11	1850	0	BartonZwiebach	
3774	0:20:49	1/1/2019 	1243418	66.00	9.00	5.93	56.22	93789.11	1850	0	BartonZwiebach	
3775	0:20:49	1/1/2019 	1243455	64.00	9.00	5.92	56.22	93789.11	1849	0	BartonZwiebach	
3776	0:20:49	1/1/2019 	1243557	66.00	9.00	5.93	56.22	93789.28	49791	0	BartonZwiebach	
3777	0:20:49	1/1/2019 	1243597	65.00	10.00	5.93	56.22	93789.28	1849	0	BartonZwiebach	
3778	0:20:49	1/1/2019 	1243619	67.00	9.00	5.94	56.22	93789.28	3833	0	BartonZwiebach	
3779	0:20:49	1/1/2019 	1243631	75.00	9.00	6.05	56.22	93789.28	1850	0	BartonZwiebach	
3780	0:20:50	1/1/2019 	1243779	72.00	9.00	6.01	56.22	93789.28	1849	0	BartonZwiebach	
3781	0:20:50	1/1/2019 	1244210	74.00	10.00	6.04	56.22	93789.62	1853	0	BartonZwiebach	
3782	0:20:50	1/1/2019 	1244406	58.00	9.00	5.89	56.22	93789.62	1855	0	BartonZwiebach	
3783	0:20:50	1/1/2019 	1244480	66.00	10.00	5.94	56.22	93789.62	1855	0	BartonZwiebach	
3784	0:20:50	1/1/2019 	1244638	61.00	9.00	5.90	56.22	93789.97	51782	0	BartonZwiebach	
3785	0:20:50	1/1/2019 	1244668	65.00	10.00	5.93	56.22	93789.97	1850	0	BartonZwiebach	
3786	0:20:51	1/1/2019 	1244806	76.00	9.00	6.07	56.22	93789.97	1849	0	BartonZwiebach	
3787	0:20:51	1/1/2019 	1245021	147.00	10.00	7.94	56.22	93790.14	1851	0	BartonZwiebach	
3788	0:20:51	1/1/2019 	1245054	513.00	15.00	13.54	56.22	93790.14	1851	0	BartonZwiebach	
3789	0:20:51	1/1/2019 	1245145	66.00	8.00	5.93	56.22	93790.14	3834	0	BartonZwiebach	
3790	0:20:51	1/1/2019 	1245494	64.00	9.00	5.92	56.22	93790.49	1847	0	BartonZwiebach	
3791	0:20:52	1/1/2019 	1245768	95.00	9.00	6.47	56.22	93790.49	49792	0	BartonZwiebach	
3792	0:20:52	1/1/2019 	1246212	76.00	10.00	6.07	56.22	93790.98	1850	0	BartonZwiebach	
3793	0:20:52	1/1/2019 	1246433	66.00	9.00	5.93	56.22	93790.98	1849	0	BartonZwiebach	
3794	0:20:52	1/1/2019 	1246622	189.00	10.00	9.06	56.22	93791.34	49793	0	BartonZwiebach	
3795	0:20:52	1/1/2019 	1246707	70.00	9.00	5.98	56.22	93791.34	3779	0	BartonZwiebach	
3796	0:20:52	1/1/2019 	1246716	170.00	9.00	8.57	56.22	93791.34	1849	0	BartonZwiebach	
3797	0:20:53	1/1/2019 	1246781	280.00	10.00	10.83	56.22	93791.34	1849	0	BartonZwiebach	
3798	0:20:53	1/1/2019 	1247096	83.00	9.00	6.20	56.22	93791.51	1851	0	BartonZwiebach	
3799	0:20:53	1/1/2019 	1247349	67.00	9.00	5.94	56.22	93791.51	1849	0	BartonZwiebach	
3800	0:20:53	1/1/2019 	1247383	68.00	9.00	5.95	56.22	93791.51	1848	0	BartonZwiebach	
3801	0:20:53	1/1/2019 	1247394	195.00	10.00	9.20	56.22	93791.51	6287	0	BartonZwiebach	
3802	0:20:53	1/1/2019 	1247467	67.00	9.00	5.94	56.22	93791.86	1850	0	BartonZwiebach	
3803	0:20:53	1/1/2019 	1247649	86.00	10.00	6.26	56.22	93791.86	49794	0	BartonZwiebach	
3804	0:20:54	1/1/2019 	1248200	71.00	9.00	5.99	56.22	93792.03	1849	0	BartonZwiebach	
3805	0:20:54	1/1/2019 	1248258	67.00	10.00	5.95	56.22	93792.03	1849	0	BartonZwiebach	
3806	0:20:54	1/1/2019 	1248647	73.00	9.00	6.02	56.22	93792.73	49796	0	BartonZwiebach	
3807	0:20:55	1/1/2019 	1248978	74.00	9.00	6.03	56.22	93793.08	3834	0	BartonZwiebach	
3808	0:20:55	1/1/2019 	1249004	135.00	9.00	7.59	56.22	93793.08	1850	0	BartonZwiebach	
3809	0:20:55	1/1/2019 	1249014	65.00	9.00	5.92	56.22	93793.08	1849	0	BartonZwiebach	
3810	0:20:55	1/1/2019 	1249126	71.00	9.00	5.99	56.22	93793.08	1848	0	BartonZwiebach	
3811	0:20:55	1/1/2019 	1249173	63.00	9.00	5.91	56.22	93793.08	1848	0	BartonZwiebach	
3812	0:20:55	1/1/2019 	1249245	97.00	9.00	6.52	56.22	93793.08	1849	0	BartonZwiebach	
3813	0:20:55	1/1/2019 	1249290	419.00	21.00	12.91	56.22	93793.08	3834	0	BartonZwiebach	
3814	0:20:55	1/1/2019 	1249456	77.00	9.00	6.08	56.22	93793.25	1850	0	BartonZwiebach	
3815	0:20:55	1/1/2019 	1249641	64.00	10.00	5.92	56.22	93793.25	49795	0	BartonZwiebach	
3816	0:20:56	1/1/2019 	1250036	65.00	10.00	5.93	56.22	93793.42	2602	0	BartonZwiebach	
3817	0:20:56	1/1/2019 	1250195	65.00	9.00	5.92	56.22	93793.42	1850	0	BartonZwiebach	
3818	0:20:56	1/1/2019 	1250214	69.00	9.00	5.97	56.22	93793.42	1849	0	BartonZwiebach	
3819	0:20:56	1/1/2019 	1250257	72.00	10.00	6.01	56.22	93793.42	3973	0	BartonZwiebach	
3820	0:20:56	1/1/2019 	1250419	346.00	14.00	11.86	56.22	93793.59	1849	0	BartonZwiebach	
3821	0:20:56	1/1/2019 	1250705	72.00	9.00	6.01	56.22	93793.59	49798	0	BartonZwiebach	
3822	0:20:56	1/1/2019 	1250735	67.00	9.00	5.94	56.22	93793.59	1850	0	BartonZwiebach	
3823	0:20:57	1/1/2019 	1250875	79.00	9.00	6.12	56.22	93793.94	1849	0	BartonZwiebach	
3824	0:20:57	1/1/2019 	1250964	572.00	18.00	14.70	56.22	93793.94	1850	0	BartonZwiebach	
3825	0:20:57	1/1/2019 	1251099	65.00	10.00	5.93	56.22	93793.94	3834	0	BartonZwiebach	
3826	0:20:57	1/1/2019 	1251312	65.00	9.00	5.92	56.22	93794.12	1848	0	BartonZwiebach	
3827	0:20:57	1/1/2019 	1251616	68.00	10.00	5.96	56.22	93794.12	49793	0	BartonZwiebach	
3828	0:20:57	1/1/2019 	1251721	65.00	10.00	5.93	56.22	93794.12	1850	0	BartonZwiebach	
3829	0:20:57	1/1/2019 	1251727	70.00	9.00	5.98	56.22	93794.12	1849	0	BartonZwiebach	
3830	0:20:58	1/1/2019 	1251852	63.00	9.00	5.91	56.22	93794.81	1848	0	BartonZwiebach	
3831	0:20:58	1/1/2019 	1251857	80.00	9.00	6.14	56.22	93794.81	3834	0	BartonZwiebach	
3832	0:20:58	1/1/2019 	1251978	65.00	10.00	5.93	56.22	93794.81	1850	0	BartonZwiebach	
3833	0:20:58	1/1/2019 	1252067	75.00	9.00	6.05	56.22	93794.81	1849	0	BartonZwiebach	
3834	0:20:58	1/1/2019 	1252241	70.00	9.00	5.98	56.22	93794.81	1848	0	BartonZwiebach	
3835	0:20:58	1/1/2019 	1252247	77.00	8.00	6.08	56.22	93794.81	1848	0	BartonZwiebach	
3836	0:20:58	1/1/2019 	1252315	74.00	9.00	6.03	56.22	93794.98	1847	0	BartonZwiebach	
3837	0:20:58	1/1/2019 	1252329	67.00	9.00	5.94	56.22	93794.98	3833	0	BartonZwiebach	
3838	0:20:58	1/1/2019 	1252749	71.00	9.00	5.99	56.22	93794.98	49795	0	BartonZwiebach	
3839	0:20:59	1/1/2019 	1253088	65.00	8.00	5.92	56.22	93795.16	1849	0	BartonZwiebach	
3840	0:20:59	1/1/2019 	1253116	68.00	9.00	5.95	56.22	93795.16	1848	0	BartonZwiebach	
3841	0:20:59	1/1/2019 	1253128	194.00	10.00	9.18	56.22	93795.16	1849	0	BartonZwiebach	
3842	0:20:59	1/1/2019 	1253203	65.00	9.00	5.92	56.22	93795.16	1849	0	BartonZwiebach	
3843	0:20:59	1/1/2019 	1253295	597.00	19.00	15.37	56.22	93795.34	3832	0	BartonZwiebach	
3844	0:21:00	1/1/2019 	1253857	66.00	9.00	5.93	56.22	93795.68	49797	0	BartonZwiebach	
3845	0:21:00	1/1/2019 	1253941	70.00	9.00	5.98	56.22	93795.68	1849	0	BartonZwiebach	
3846	0:21:00	1/1/2019 	1254006	67.00	9.00	5.94	56.22	93795.68	1848	0	BartonZwiebach	
3847	0:21:00	1/1/2019 	1254110	69.00	9.00	5.97	56.22	93795.68	1850	0	BartonZwiebach	
3848	0:21:00	1/1/2019 	1254231	489.00	23.00	13.70	56.22	93795.86	3887	0	BartonZwiebach	
3849	0:21:00	1/1/2019 	1254586	72.00	10.00	6.01	56.22	93795.86	49797	0	BartonZwiebach	
3850	0:21:00	1/1/2019 	1254636	64.00	9.00	5.92	56.22	93795.86	1850	0	BartonZwiebach	
3851	0:21:01	1/1/2019 	1254950	68.00	9.00	5.95	56.22	93796.20	1848	0	BartonZwiebach	
3852	0:21:01	1/1/2019 	1255161	705.00	30.00	19.59	56.22	93796.20	1851	0	BartonZwiebach	
3853	0:21:01	1/1/2019 	1255473	74.00	9.00	6.03	56.23	93796.67	1849	0	BartonZwiebach	
3854	0:21:01	1/1/2019 	1255672	70.00	10.00	5.98	56.23	93796.84	51779	0	BartonZwiebach	
3855	0:21:02	1/1/2019 	1256015	452.00	13.00	12.85	56.23	93796.84	1850	0	BartonZwiebach	
3856	0:21:02	1/1/2019 	1256188	65.00	10.00	5.93	56.23	93797.19	1851	0	BartonZwiebach	
3857	0:21:02	1/1/2019 	1256195	67.00	11.00	5.95	56.23	93797.19	1850	0	BartonZwiebach	
3858	0:21:02	1/1/2019 	1256200	71.00	9.00	5.99	56.23	93797.19	1849	0	BartonZwiebach	
3859	0:21:02	1/1/2019 	1256249	70.00	9.00	5.98	56.23	93797.19	1848	0	BartonZwiebach	
3860	0:21:02	1/1/2019 	1256401	145.00	10.00	7.88	56.23	93797.19	3832	0	BartonZwiebach	
3861	0:21:03	1/1/2019 	1256882	67.00	8.00	5.94	56.23	93797.37	49797	0	BartonZwiebach	
3862	0:21:03	1/1/2019 	1256951	66.00	10.00	5.94	56.23	93797.37	1848	0	BartonZwiebach	
3863	0:21:03	1/1/2019 	1256954	64.00	9.00	5.92	56.23	93797.37	1849	0	BartonZwiebach	
3864	0:21:03	1/1/2019 	1257183	85.00	9.00	6.24	56.23	93797.71	1847	0	BartonZwiebach	
3865	0:21:03	1/1/2019 	1257316	78.00	9.00	6.10	56.23	93797.71	1848	0	BartonZwiebach	
3866	0:21:03	1/1/2019 	1257365	72.00	10.00	6.01	56.23	93797.71	3833	0	BartonZwiebach	
3867	0:21:03	1/1/2019 	1257468	80.00	10.00	6.14	56.23	93797.71	1849	0	BartonZwiebach	
3868	0:21:03	1/1/2019 	1257718	77.00	9.00	6.08	56.23	93797.89	49794	0	BartonZwiebach	
3869	0:21:04	1/1/2019 	1257856	70.00	9.00	5.98	56.23	93797.89	1849	0	BartonZwiebach	
3870	0:21:04	1/1/2019 	1257947	71.00	9.00	5.99	56.23	93797.89	1850	0	BartonZwiebach	
3871	0:21:04	1/1/2019 	1257975	92.00	9.00	6.39	56.23	93797.89	1850	0	BartonZwiebach	
3872	0:21:04	1/1/2019 	1257988	67.00	10.00	5.95	56.23	93797.89	3834	0	BartonZwiebach	
3873	0:21:04	1/1/2019 	1258100	67.00	9.00	5.94	56.23	93797.89	1849	0	BartonZwiebach	
3874	0:21:04	1/1/2019 	1258138	70.00	9.00	5.98	56.23	93797.89	1848	0	BartonZwiebach	
3875	0:21:04	1/1/2019 	1258472	379.00	18.00	12.38	56.23	93797.89	1850	0	BartonZwiebach	
3876	0:21:04	1/1/2019 	1258610	66.00	9.00	5.93	56.23	93798.06	49796	0	BartonZwiebach	
3877	0:21:05	1/1/2019 	1258791	71.00	9.00	5.99	56.23	93798.06	1849	0	BartonZwiebach	
3878	0:21:05	1/1/2019 	1258883	68.00	10.00	5.96	56.23	93798.06	3834	0	BartonZwiebach	
3879	0:21:05	1/1/2019 	1259219	65.00	9.00	5.92	56.23	93798.58	1849	0	BartonZwiebach	
3880	0:21:05	1/1/2019 	1259249	78.00	9.00	6.10	56.23	93798.58	1849	0	BartonZwiebach	
3881	0:21:05	1/1/2019 	1259321	64.00	10.00	5.92	56.23	93798.58	1848	0	BartonZwiebach	
3882	0:21:05	1/1/2019 	1259330	65.00	9.00	5.92	56.23	93798.58	1848	0	BartonZwiebach	
3883	0:21:05	1/1/2019 	1259367	64.00	9.00	5.92	56.23	93798.58	1850	0	BartonZwiebach	
3884	0:21:05	1/1/2019 	1259440	66.00	9.00	5.93	56.23	93798.58	3832	0	BartonZwiebach	
3885	0:21:05	1/1/2019 	1259571	422.00	13.00	12.60	56.23	93798.76	49796	0	BartonZwiebach	
3886	0:21:06	1/1/2019 	1259767	108.00	10.00	6.81	56.23	93798.76	2604	0	BartonZwiebach	
3887	0:21:06	1/1/2019 	1259806	68.00	9.00	5.95	56.23	93798.76	1851	0	BartonZwiebach	
3888	0:21:06	1/1/2019 	1259958	68.00	10.00	5.96	56.23	93798.76	1849	0	BartonZwiebach	
3889	0:21:06	1/1/2019 	1259973	76.00	9.00	6.07	56.23	93798.76	1849	0	BartonZwiebach	
3890	0:21:06	1/1/2019 	1260240	76.00	9.00	6.07	56.23	93798.58	4027	0	BartonZwiebach	
3891	0:21:06	1/1/2019 	1260337	65.00	10.00	5.93	56.23	93798.58	1848	0	BartonZwiebach	
3892	0:21:06	1/1/2019 	1260371	87.00	10.00	6.28	56.23	93798.58	1850	0	BartonZwiebach	
3893	0:21:06	1/1/2019 	1260549	74.00	9.00	6.03	56.23	93798.58	49794	0	BartonZwiebach	
3894	0:21:06	1/1/2019 	1260705	65.00	9.00	5.92	56.23	93798.58	1849	0	BartonZwiebach	
3895	0:21:06	1/1/2019 	1260724	70.00	9.00	5.98	56.23	93798.58	1849	0	BartonZwiebach	
3896	0:21:07	1/1/2019 	1261072	67.00	9.00	5.94	56.23	93798.75	3833	0	BartonZwiebach	
3897	0:21:07	1/1/2019 	1261107	76.00	10.00	6.07	56.23	93798.75	1851	0	BartonZwiebach	
3898	0:21:07	1/1/2019 	1261622	317.00	14.00	11.48	56.23	93798.92	49793	0	BartonZwiebach	
3899	0:21:07	1/1/2019 	1261707	316.00	10.00	11.34	56.23	93798.92	1852	0	BartonZwiebach	
3900	0:21:07	1/1/2019 	1261736	69.00	9.00	5.97	56.23	93798.92	1850	0	BartonZwiebach	
3901	0:21:08	1/1/2019 	1261838	575.00	19.00	14.85	56.23	93798.92	3834	0	BartonZwiebach	
3902	0:21:08	1/1/2019 	1261845	136.00	10.00	7.62	56.23	93798.92	1851	0	BartonZwiebach	
3903	0:21:08	1/1/2019 	1261993	732.00	34.00	20.46	56.23	93798.92	1851	0	BartonZwiebach	
3904	0:21:08	1/1/2019 	1262134	76.00	9.00	6.07	56.23	93798.92	1850	0	BartonZwiebach	
3905	0:21:08	1/1/2019 	1262302	68.00	9.00	5.95	56.23	93798.92	1849	0	BartonZwiebach	
3906	0:21:08	1/1/2019 	1262670	65.00	9.00	5.92	56.23	93799.09	49793	0	BartonZwiebach	
3907	0:21:08	1/1/2019 	1262740	63.00	9.00	5.91	56.23	93799.09	3834	0	BartonZwiebach	
3908	0:21:08	1/1/2019 	1262753	253.00	10.00	10.39	56.23	93799.09	1849	0	BartonZwiebach	
3909	0:21:09	1/1/2019 	1262927	66.00	9.00	5.93	56.23	93799.09	1850	0	BartonZwiebach	
3910	0:21:09	1/1/2019 	1262998	67.00	9.00	5.94	56.23	93799.62	1852	0	BartonZwiebach	
3911	0:21:09	1/1/2019 	1263206	70.00	10.00	5.98	56.23	93799.62	1857	0	BartonZwiebach	
3912	0:21:09	1/1/2019 	1263288	64.00	9.00	5.92	56.23	93799.62	1856	0	BartonZwiebach	
3913	0:21:09	1/1/2019 	1263299	78.00	9.00	6.10	56.23	93799.62	3839	0	BartonZwiebach	
3914	0:21:09	1/1/2019 	1263325	73.00	9.00	6.02	56.23	93799.62	1856	0	BartonZwiebach	
3915	0:21:09	1/1/2019 	1263340	78.00	10.00	6.10	56.23	93799.62	1855	0	BartonZwiebach	
3916	0:21:09	1/1/2019 	1263424	65.00	9.00	5.92	56.23	93799.80	1855	0	BartonZwiebach	
3917	0:21:09	1/1/2019 	1263691	70.00	9.00	5.98	56.23	93799.80	49792	0	BartonZwiebach	
3918	0:21:10	1/1/2019 	1264265	66.00	9.00	5.93	56.23	93799.97	1849	0	BartonZwiebach	
3919	0:21:10	1/1/2019 	1264476	64.00	9.00	5.92	56.23	93799.97	3835	0	BartonZwiebach	
3920	0:21:10	1/1/2019 	1264564	243.00	11.00	10.22	56.23	93799.97	49792	0	BartonZwiebach	
3921	0:21:10	1/1/2019 	1264571	72.00	9.00	6.01	56.23	93799.97	1850	0	BartonZwiebach	
3922	0:21:10	1/1/2019 	1264601	64.00	9.00	5.92	56.23	93799.97	1848	0	BartonZwiebach	
3923	0:21:10	1/1/2019 	1264712	67.00	10.00	5.95	56.23	93799.97	1848	0	BartonZwiebach	
3924	0:21:11	1/1/2019 	1264859	64.00	9.00	5.92	56.23	93799.97	1849	0	BartonZwiebach	
3925	0:21:11	1/1/2019 	1265051	74.00	9.00	6.03	56.23	93800.14	3833	0	BartonZwiebach	
3926	0:21:11	1/1/2019 	1265245	74.00	10.00	6.04	56.23	93800.14	1850	0	BartonZwiebach	
3927	0:21:11	1/1/2019 	1265354	72.00	9.00	6.01	56.23	93800.14	1850	0	BartonZwiebach	
3928	0:21:11	1/1/2019 	1265362	979.00	258.00	51.16	56.23	93800.14	1849	0	BartonZwiebach	
3929	0:21:11	1/1/2019 	1265430	68.00	9.00	5.95	56.23	93800.31	1850	0	BartonZwiebach	
3930	0:21:12	1/1/2019 	1265777	65.00	9.00	5.92	56.23	93800.31	49794	0	BartonZwiebach	
3931	0:21:12	1/1/2019 	1265818	889.00	54.00	23.05	56.23	93800.31	3833	0	BartonZwiebach	
3932	0:21:12	1/1/2019 	1265910	61.00	9.00	5.90	56.23	93800.49	1851	0	BartonZwiebach	
3933	0:21:12	1/1/2019 	1266136	64.00	9.00	5.92	56.23	93800.49	1849	0	BartonZwiebach	
3934	0:21:12	1/1/2019 	1266355	221.00	11.00	9.79	56.23	93800.31	1847	0	BartonZwiebach	
3935	0:21:12	1/1/2019 	1266379	67.00	9.00	5.94	56.23	93800.31	1851	0	BartonZwiebach	
3936	0:21:13	1/1/2019 	1267036	64.00	9.00	5.92	56.23	93800.31	49794	0	BartonZwiebach	
3937	0:21:13	1/1/2019 	1267044	65.00	9.00	5.92	56.23	93800.31	3834	0	BartonZwiebach	
3938	0:21:13	1/1/2019 	1267078	69.00	9.00	5.97	56.23	93800.31	1848	0	BartonZwiebach	
3939	0:21:13	1/1/2019 	1267213	69.00	9.00	5.97	56.23	93800.31	1848	0	BartonZwiebach	
3940	0:21:13	1/1/2019 	1267376	161.00	10.00	8.33	56.23	93800.48	1850	0	BartonZwiebach	
3941	0:21:13	1/1/2019 	1267478	66.00	10.00	5.94	56.23	93800.48	1850	0	BartonZwiebach	
3942	0:21:13	1/1/2019 	1267685	74.00	9.00	6.03	56.23	93800.48	49793	0	BartonZwiebach	
3943	0:21:13	1/1/2019 	1267759	64.00	9.00	5.92	56.23	93800.48	3888	0	BartonZwiebach	
3944	0:21:14	1/1/2019 	1267787	64.00	9.00	5.92	56.23	93800.48	1847	0	BartonZwiebach	
3945	0:21:14	1/1/2019 	1267899	67.00	9.00	5.94	56.23	93800.66	1850	0	BartonZwiebach	
3946	0:21:14	1/1/2019 	1268089	170.00	10.00	8.58	56.23	93800.66	1849	0	BartonZwiebach	
3947	0:21:14	1/1/2019 	1268141	69.00	10.00	5.97	56.23	93800.66	1850	0	BartonZwiebach	
3948	0:21:14	1/1/2019 	1268164	65.00	9.00	5.92	56.23	93800.66	1849	0	BartonZwiebach	
3949	0:21:14	1/1/2019 	1268204	65.00	9.00	5.92	56.23	93800.66	3833	0	BartonZwiebach	
3950	0:21:14	1/1/2019 	1268217	274.00	12.00	10.78	56.23	93800.66	1850	0	BartonZwiebach	
3951	0:21:14	1/1/2019 	1268424	981.00	202.00	45.62	56.23	93800.66	1849	0	BartonZwiebach	
3952	0:21:14	1/1/2019 	1268439	68.00	12.00	5.96	56.23	93800.66	1850	0	BartonZwiebach	
3953	0:21:15	1/1/2019 	1268766	74.00	9.00	6.03	56.23	93801.00	49793	0	BartonZwiebach	
3954	0:21:15	1/1/2019 	1268877	62.00	9.00	5.90	56.23	93801.00	3834	0	BartonZwiebach	
3955	0:21:15	1/1/2019 	1268906	70.00	9.00	5.98	56.23	93801.00	1848	0	BartonZwiebach	
3956	0:21:15	1/1/2019 	1269093	69.00	9.00	5.97	56.23	93801.00	1849	0	BartonZwiebach	
3957	0:21:15	1/1/2019 	1269105	68.00	8.00	5.95	56.23	93801.00	1848	0	BartonZwiebach	
3958	0:21:15	1/1/2019 	1269157	65.00	9.00	5.92	56.23	93801.00	1846	0	BartonZwiebach	
3959	0:21:15	1/1/2019 	1269222	66.00	9.00	5.93	56.23	93801.00	1848	0	BartonZwiebach	
3960	0:21:15	1/1/2019 	1269446	70.00	9.00	5.98	56.23	93801.17	3833	0	BartonZwiebach	
3961	0:21:15	1/1/2019 	1269463	66.00	10.00	5.94	56.23	93801.17	1848	0	BartonZwiebach	
3962	0:21:15	1/1/2019 	1269481	164.00	10.00	8.42	56.23	93801.17	1849	0	BartonZwiebach	
3963	0:21:15	1/1/2019 	1269664	69.00	9.00	5.97	56.23	93801.17	49795	0	BartonZwiebach	
3964	0:21:16	1/1/2019 	1269855	988.00	588.00	102.10	56.23	93801.34	2605	0	BartonZwiebach	
3965	0:21:16	1/1/2019 	1269961	69.00	9.00	5.97	56.23	93801.34	1851	0	BartonZwiebach	
3966	0:21:16	1/1/2019 	1269997	68.00	9.00	5.95	56.23	93801.34	3973	0	BartonZwiebach	
3967	0:21:16	1/1/2019 	1270003	150.00	10.00	8.03	56.23	93801.34	1849	0	BartonZwiebach	
3968	0:21:16	1/1/2019 	1270378	70.00	10.00	5.98	56.23	93801.88	1853	0	BartonZwiebach	
3969	0:21:16	1/1/2019 	1270489	76.00	9.00	6.07	56.23	93801.88	1855	0	BartonZwiebach	
3970	0:21:16	1/1/2019 	1270550	65.00	9.00	5.92	56.23	93801.88	49801	0	BartonZwiebach	
3971	0:21:16	1/1/2019 	1270600	64.00	9.00	5.92	56.23	93801.88	1856	0	BartonZwiebach	
3972	0:21:16	1/1/2019 	1270737	65.00	9.00	5.92	56.23	93801.70	3837	0	BartonZwiebach	
3973	0:21:17	1/1/2019 	1270880	237.00	11.00	10.11	56.23	93801.70	1850	0	BartonZwiebach	
3974	0:21:17	1/1/2019 	1271056	64.00	9.00	5.92	56.23	93801.70	1852	0	BartonZwiebach	
3975	0:21:17	1/1/2019 	1271250	65.00	9.00	5.92	56.23	93801.70	1849	0	BartonZwiebach	
3976	0:21:17	1/1/2019 	1271415	67.00	9.00	5.94	56.23	93801.70	1850	0	BartonZwiebach	
3977	0:21:17	1/1/2019 	1271443	549.00	16.00	14.11	56.23	93801.70	1849	0	BartonZwiebach	
3978	0:21:17	1/1/2019 	1271550	64.00	10.00	5.92	56.23	93801.70	51776	0	BartonZwiebach	
3979	0:21:17	1/1/2019 	1271621	68.00	9.00	5.95	56.23	93801.70	1849	0	BartonZwiebach	
3980	0:21:17	1/1/2019 	1271625	90.00	9.00	6.35	56.23	93801.70	1849	0	BartonZwiebach	
3981	0:21:17	1/1/2019 	1271662	64.00	9.00	5.92	56.23	93801.70	1850	0	BartonZwiebach	
3982	0:21:17	1/1/2019 	1271712	76.00	9.00	6.07	56.23	93801.88	1850	0	BartonZwiebach	
3983	0:21:18	1/1/2019 	1271809	63.00	9.00	5.91	56.23	93801.88	1856	0	BartonZwiebach	
3984	0:21:18	1/1/2019 	1272085	65.00	9.00	5.92	56.23	93801.88	3895	0	BartonZwiebach	
3985	0:21:18	1/1/2019 	1272180	75.00	9.00	6.05	56.23	93802.22	1853	0	BartonZwiebach	
3986	0:21:18	1/1/2019 	1272192	81.00	9.00	6.16	56.23	93802.22	1849	0	BartonZwiebach	
3987	0:21:18	1/1/2019 	1272202	70.00	9.00	5.98	56.23	93802.22	1848	0	BartonZwiebach	
3988	0:21:18	1/1/2019 	1272257	80.00	9.00	6.14	56.23	93802.22	1848	0	BartonZwiebach	
3989	0:21:18	1/1/2019 	1272722	61.00	9.00	5.90	56.23	93802.39	49792	0	BartonZwiebach	
3990	0:21:19	1/1/2019 	1272879	65.00	9.00	5.92	56.23	93802.39	3833	0	BartonZwiebach	
3991	0:21:19	1/1/2019 	1273012	69.00	9.00	5.97	56.23	93802.39	1850	0	BartonZwiebach	
3992	0:21:19	1/1/2019 	1273246	74.00	9.00	6.03	56.23	93802.56	1849	0	BartonZwiebach	
3993	0:21:19	1/1/2019 	1273348	84.00	9.00	6.22	56.23	93802.56	1849	0	BartonZwiebach	
3994	0:21:19	1/1/2019 	1273387	105.00	9.00	6.73	56.23	93802.56	1848	0	BartonZwiebach	
3995	0:21:20	1/1/2019 	1273882	64.00	9.00	5.92	56.23	93802.56	49792	0	BartonZwiebach	
3996	0:21:20	1/1/2019 	1273900	71.00	9.00	5.99	56.23	93802.56	3833	0	BartonZwiebach	
3997	0:21:20	1/1/2019 	1273916	77.00	9.00	6.08	56.23	93802.56	1849	0	BartonZwiebach	
3998	0:21:20	1/1/2019 	1274403	74.00	9.00	6.03	56.23	93802.73	1848	0	BartonZwiebach	
3999	0:21:20	1/1/2019 	1274637	66.00	10.00	5.94	56.23	93802.91	49793	0	BartonZwiebach	
4000	0:21:20	1/1/2019 	1274678	69.00	9.00	5.97	56.23	93802.91	1850	0	BartonZwiebach	
4001	0:21:21	1/1/2019 	1274980	66.00	9.00	5.93	56.23	93802.91	1848	0	BartonZwiebach	
4002	0:21:21	1/1/2019 	1275033	63.00	9.00	5.91	56.23	93802.91	3834	0	BartonZwiebach	
4003	0:21:21	1/1/2019 	1275437	66.00	9.00	5.93	56.23	93803.08	1848	0	BartonZwiebach	
4004	0:21:21	1/1/2019 	1275594	65.00	9.00	5.92	56.23	93803.08	49793	0	BartonZwiebach	
4005	0:21:22	1/1/2019 	1276014	77.00	9.00	6.08	56.23	93803.08	1848	0	BartonZwiebach	
4006	0:21:22	1/1/2019 	1276078	70.00	9.00	5.98	56.23	93803.08	1849	0	BartonZwiebach	
4007	0:21:22	1/1/2019 	1276686	64.00	9.00	5.92	56.22	93802.95	49793	0	BartonZwiebach	
4008	0:21:23	1/1/2019 	1276767	73.00	9.00	6.02	56.22	93802.95	3833	0	BartonZwiebach	
4009	0:21:23	1/1/2019 	1276934	440.00	12.00	12.69	56.22	93802.95	1850	0	BartonZwiebach	
4010	0:21:23	1/1/2019 	1276996	65.00	9.00	5.92	56.22	93802.95	1849	0	BartonZwiebach	
4011	0:21:23	1/1/2019 	1277410	115.00	9.00	7.01	56.22	93803.13	1849	0	BartonZwiebach	
4012	0:21:23	1/1/2019 	1277475	68.00	9.00	5.95	56.22	93803.13	1849	0	BartonZwiebach	
4013	0:21:23	1/1/2019 	1277561	532.00	15.00	13.78	56.22	93803.48	49791	0	BartonZwiebach	
4014	0:21:23	1/1/2019 	1277570	71.00	9.00	5.99	56.22	93803.48	3834	0	BartonZwiebach	
4015	0:21:24	1/1/2019 	1278269	64.00	9.00	5.92	56.22	93803.66	1848	0	BartonZwiebach	
4016	0:21:24	1/1/2019 	1278287	68.00	9.00	5.95	56.22	93803.66	1849	0	BartonZwiebach	
4017	0:21:24	1/1/2019 	1278358	65.00	9.00	5.92	56.22	93803.66	1849	0	BartonZwiebach	
4018	0:21:24	1/1/2019 	1278434	72.00	9.00	6.01	56.22	93803.66	1850	0	BartonZwiebach	
4019	0:21:24	1/1/2019 	1278659	65.00	9.00	5.92	56.22	93803.66	49793	0	BartonZwiebach	
4020	0:21:24	1/1/2019 	1278677	62.00	9.00	5.90	56.22	93803.66	3833	0	BartonZwiebach	
4021	0:21:24	1/1/2019 	1278709	158.00	10.00	8.25	56.22	93803.66	1848	0	BartonZwiebach	
4022	0:21:25	1/1/2019 	1278891	63.00	9.00	5.91	56.22	93803.66	1849	0	BartonZwiebach	
4023	0:21:25	1/1/2019 	1279009	73.00	9.00	6.02	56.22	93803.82	1850	0	BartonZwiebach	
4024	0:21:25	1/1/2019 	1279034	66.00	9.00	5.93	56.22	93803.82	1849	0	BartonZwiebach	
4025	0:21:25	1/1/2019 	1279428	66.00	9.00	5.93	56.22	93803.82	3832	0	BartonZwiebach	
4026	0:21:25	1/1/2019 	1279600	71.00	10.00	5.99	56.22	93803.82	49792	0	BartonZwiebach	
4027	0:21:26	1/1/2019 	1279886	69.00	9.00	5.97	56.22	93803.82	2799	0	BartonZwiebach	
4028	0:21:26	1/1/2019 	1280001	325.00	11.00	11.49	56.22	93803.47	1850	0	BartonZwiebach	
4029	0:21:26	1/1/2019 	1280030	68.00	9.00	5.95	56.22	93803.47	1850	0	BartonZwiebach	
4030	0:21:26	1/1/2019 	1280180	71.00	9.00	5.99	56.22	93803.47	1849	0	BartonZwiebach	
4031	0:21:26	1/1/2019 	1280201	64.00	10.00	5.92	56.22	93803.47	3972	0	BartonZwiebach	
4032	0:21:26	1/1/2019 	1280568	66.00	10.00	5.94	56.22	93803.64	49792	0	BartonZwiebach	
4033	0:21:26	1/1/2019 	1280631	64.00	10.00	5.92	56.22	93803.64	1849	0	BartonZwiebach	
4034	0:21:26	1/1/2019 	1280636	69.00	9.00	5.97	56.22	93803.64	1848	0	BartonZwiebach	
4035	0:21:26	1/1/2019 	1280694	64.00	9.00	5.92	56.22	93803.64	1848	0	BartonZwiebach	
4036	0:21:27	1/1/2019 	1280831	64.00	9.00	5.92	56.22	93803.64	1849	0	BartonZwiebach	
4037	0:21:27	1/1/2019 	1281243	73.00	9.00	6.02	56.22	93803.64	3833	0	BartonZwiebach	
4038	0:21:27	1/1/2019 	1281367	74.00	9.00	6.03	56.22	93803.81	1848	0	BartonZwiebach	
4039	0:21:27	1/1/2019 	1281422	74.00	9.00	6.03	56.22	93803.81	1849	0	BartonZwiebach	
4040	0:21:27	1/1/2019 	1281446	67.00	9.00	5.94	56.22	93803.81	1848	0	BartonZwiebach	
4041	0:21:27	1/1/2019 	1281578	65.00	9.00	5.92	56.22	93803.81	49793	0	BartonZwiebach	
4042	0:21:27	1/1/2019 	1281638	67.00	9.00	5.94	56.22	93803.81	1848	0	BartonZwiebach	
4043	0:21:28	1/1/2019 	1281854	65.00	9.00	5.92	56.22	93803.98	3834	0	BartonZwiebach	
4044	0:21:28	1/1/2019 	1281960	64.00	11.00	5.92	56.22	93803.98	1849	0	BartonZwiebach	
4045	0:21:28	1/1/2019 	1282094	67.00	9.00	5.94	56.22	93803.98	1848	0	BartonZwiebach	
4046	0:21:28	1/1/2019 	1282312	74.00	9.00	6.03	56.22	93803.98	1849	0	BartonZwiebach	
4047	0:21:28	1/1/2019 	1282715	70.00	9.00	5.98	56.22	93804.16	49794	0	BartonZwiebach	
4048	0:21:29	1/1/2019 	1282827	65.00	10.00	5.93	56.22	93803.81	1850	0	BartonZwiebach	
4049	0:21:29	1/1/2019 	1283209	65.00	9.00	5.92	56.22	93803.81	3835	0	BartonZwiebach	
4050	0:21:29	1/1/2019 	1283258	65.00	9.00	5.92	56.22	93803.81	1849	0	BartonZwiebach	
4051	0:21:29	1/1/2019 	1283300	65.00	9.00	5.92	56.22	93803.81	1848	0	BartonZwiebach	
4052	0:21:29	1/1/2019 	1283374	68.00	9.00	5.95	56.22	93803.81	1849	0	BartonZwiebach	
4053	0:21:29	1/1/2019 	1283394	953.00	174.00	42.64	56.22	93803.81	1849	0	BartonZwiebach	
4054	0:21:29	1/1/2019 	1283494	73.00	10.00	6.02	56.22	93803.81	1850	0	BartonZwiebach	
4055	0:21:30	1/1/2019 	1283821	66.00	10.00	5.94	56.22	93803.98	51778	0	BartonZwiebach	
4056	0:21:30	1/1/2019 	1283913	67.00	10.00	5.95	56.22	93803.98	1850	0	BartonZwiebach	
4057	0:21:30	1/1/2019 	1284068	68.00	9.00	5.95	56.22	93803.98	1850	0	BartonZwiebach	
4058	0:21:30	1/1/2019 	1284123	68.00	9.00	5.95	56.22	93803.98	1849	0	BartonZwiebach	
4059	0:21:30	1/1/2019 	1284153	299.00	11.00	11.14	56.22	93803.98	1848	0	BartonZwiebach	
4060	0:21:30	1/1/2019 	1284689	73.00	9.00	6.02	56.22	93803.98	49796	0	BartonZwiebach	
4061	0:21:30	1/1/2019 	1284715	73.00	9.00	6.02	56.22	93803.98	3833	0	BartonZwiebach	
4062	0:21:31	1/1/2019 	1285016	66.00	9.00	5.93	56.22	93803.83	1848	0	BartonZwiebach	
4063	0:21:31	1/1/2019 	1285145	70.00	10.00	5.98	56.22	93803.83	1849	0	BartonZwiebach	
4064	0:21:31	1/1/2019 	1285341	66.00	9.00	5.93	56.22	93803.83	1849	0	BartonZwiebach	
4065	0:21:31	1/1/2019 	1285437	65.00	9.00	5.92	56.22	93803.83	1848	0	BartonZwiebach	
4066	0:21:32	1/1/2019 	1285788	125.00	9.00	7.30	56.22	93804.00	49794	0	BartonZwiebach	
4067	0:21:32	1/1/2019 	1285859	957.00	149.00	39.13	56.22	93804.00	3836	0	BartonZwiebach	
4068	0:21:32	1/1/2019 	1285862	68.00	8.00	5.95	56.22	93804.00	1850	0	BartonZwiebach	
4069	0:21:32	1/1/2019 	1285883	71.00	9.00	5.99	56.22	93804.00	1847	0	BartonZwiebach	
4070	0:21:32	1/1/2019 	1285964	72.00	9.00	6.01	56.22	93804.00	1849	0	BartonZwiebach	
4071	0:21:32	1/1/2019 	1286009	67.00	9.00	5.94	56.22	93804.00	1848	0	BartonZwiebach	
4072	0:21:32	1/1/2019 	1286057	72.00	9.00	6.01	56.22	93804.00	1848	0	BartonZwiebach	
4073	0:21:32	1/1/2019 	1286334	71.00	9.00	5.99	56.22	93804.00	3833	0	BartonZwiebach	
4074	0:21:33	1/1/2019 	1286853	67.00	9.00	5.94	56.22	93804.00	49794	0	BartonZwiebach	
4075	0:21:33	1/1/2019 	1286867	81.00	9.00	6.16	56.22	93804.00	1850	0	BartonZwiebach	
4076	0:21:33	1/1/2019 	1287048	65.00	9.00	5.92	56.22	93804.00	1849	0	BartonZwiebach	
4077	0:21:33	1/1/2019 	1287057	990.00	659.00	118.48	56.22	93804.00	1850	0	BartonZwiebach	
4078	0:21:33	1/1/2019 	1287181	74.00	9.00	6.03	56.21	93803.66	1851	0	BartonZwiebach	
4079	0:21:33	1/1/2019 	1287354	64.00	10.00	5.92	56.21	93803.66	3888	0	BartonZwiebach	
4080	0:21:33	1/1/2019 	1287446	65.00	9.00	5.92	56.21	93803.66	1848	0	BartonZwiebach	
4081	0:21:33	1/1/2019 	1287593	70.00	9.00	5.98	56.21	93803.66	49794	0	BartonZwiebach	
4082	0:21:34	1/1/2019 	1287907	108.00	9.00	6.81	56.21	93803.83	1849	0	BartonZwiebach	
4083	0:21:34	1/1/2019 	1287993	955.00	86.00	27.47	56.21	93803.83	1851	0	BartonZwiebach	
4084	0:21:34	1/1/2019 	1288211	70.00	9.00	5.98	56.21	93803.83	3835	0	BartonZwiebach	
4085	0:21:34	1/1/2019 	1288287	68.00	9.00	5.95	56.21	93803.83	1849	0	BartonZwiebach	
4086	0:21:34	1/1/2019 	1288473	313.00	14.00	11.42	56.21	93803.83	1850	0	BartonZwiebach	
4087	0:21:34	1/1/2019 	1288619	67.00	9.00	5.94	56.21	93803.83	49795	0	BartonZwiebach	
4088	0:21:34	1/1/2019 	1288758	72.00	9.00	6.01	56.21	93803.83	1849	0	BartonZwiebach	
4089	0:21:35	1/1/2019 	1288828	65.00	10.00	5.93	56.21	93803.83	1848	0	BartonZwiebach	
4090	0:21:35	1/1/2019 	1289108	87.00	9.00	6.28	56.21	93803.83	3834	0	BartonZwiebach	
4091	0:21:35	1/1/2019 	1289154	67.00	10.00	5.95	56.21	93804.00	1848	0	BartonZwiebach	
4092	0:21:36	1/1/2019 	1289954	85.00	9.00	6.24	56.21	93804.00	49794	0	BartonZwiebach	
4093	0:21:36	1/1/2019 	1290034	938.00	72.00	25.26	56.21	93804.00	2801	0	BartonZwiebach	
4094	0:21:36	1/1/2019 	1290100	74.00	9.00	6.03	56.21	93804.17	1851	0	BartonZwiebach	
4095	0:21:36	1/1/2019 	1290429	86.00	10.00	6.26	56.21	93804.17	1849	0	BartonZwiebach	
4096	0:21:36	1/1/2019 	1290568	68.00	9.00	5.95	56.21	93804.17	51918	0	BartonZwiebach	
4097	0:21:36	1/1/2019 	1290578	918.00	83.00	26.96	56.21	93804.02	1849	0	BartonZwiebach	
4098	0:21:37	1/1/2019 	1290963	63.00	9.00	5.91	56.21	93804.02	1850	0	BartonZwiebach	
4099	0:21:37	1/1/2019 	1291271	66.00	9.00	5.93	56.21	93804.02	1850	0	BartonZwiebach	
4100	0:21:37	1/1/2019 	1291290	66.00	9.00	5.93	56.21	93804.02	1849	0	BartonZwiebach	
4101	0:21:37	1/1/2019 	1291318	75.00	9.00	6.05	56.21	93804.02	1848	0	BartonZwiebach	
4102	0:21:37	1/1/2019 	1291648	67.00	9.00	5.94	56.21	93803.84	51776	0	BartonZwiebach	
4103	0:21:37	1/1/2019 	1291742	84.00	9.00	6.22	56.21	93803.84	1848	0	BartonZwiebach	
4104	0:21:38	1/1/2019 	1291962	65.00	9.00	5.92	56.21	93803.84	1848	0	BartonZwiebach	
4105	0:21:38	1/1/2019 	1292032	69.00	9.00	5.97	56.21	93803.84	1850	0	BartonZwiebach	
4106	0:21:38	1/1/2019 	1292706	64.00	9.00	5.92	56.21	93804.02	49793	0	BartonZwiebach	
4107	0:21:38	1/1/2019 	1292718	64.00	9.00	5.92	56.21	93804.02	1848	0	BartonZwiebach	
4108	0:21:39	1/1/2019 	1293151	68.00	9.00	5.95	56.21	93804.02	3832	0	BartonZwiebach	
4109	0:21:39	1/1/2019 	1293292	65.00	7.00	5.92	56.21	93804.02	1850	0	BartonZwiebach	
4110	0:21:39	1/1/2019 	1293415	65.00	9.00	5.92	56.21	93804.02	1850	0	BartonZwiebach	
4111	0:21:39	1/1/2019 	1293447	75.00	9.00	6.05	56.21	93804.02	1849	0	BartonZwiebach	
4112	0:21:39	1/1/2019 	1293498	68.00	9.00	5.95	56.21	93804.19	1849	0	BartonZwiebach	
4113	0:21:40	1/1/2019 	1293808	67.00	9.00	5.94	56.21	93804.19	49792	0	BartonZwiebach	
4114	0:21:40	1/1/2019 	1293844	64.00	9.00	5.92	56.21	93804.19	3834	0	BartonZwiebach	
4115	0:21:40	1/1/2019 	1293960	65.00	9.00	5.92	56.21	93804.19	1848	0	BartonZwiebach	
4116	0:21:40	1/1/2019 	1293967	65.00	9.00	5.92	56.21	93804.19	1849	0	BartonZwiebach	
4117	0:21:40	1/1/2019 	1294251	69.00	9.00	5.97	56.21	93804.19	1849	0	BartonZwiebach	
4118	0:21:40	1/1/2019 	1294318	76.00	9.00	6.07	56.21	93804.19	1850	0	BartonZwiebach	
4119	0:21:40	1/1/2019 	1294351	68.00	10.00	5.96	56.21	93804.19	1849	0	BartonZwiebach	
4120	0:21:40	1/1/2019 	1294436	947.00	77.00	26.00	56.21	93804.19	3889	0	BartonZwiebach	
4121	0:21:40	1/1/2019 	1294673	64.00	9.00	5.92	56.21	93804.18	49797	0	BartonZwiebach	
4122	0:21:41	1/1/2019 	1294780	67.00	9.00	5.94	56.21	93804.18	1848	0	BartonZwiebach	
4123	0:21:41	1/1/2019 	1294811	64.00	9.00	5.92	56.21	93804.18	1850	0	BartonZwiebach	
4124	0:21:41	1/1/2019 	1295178	492.00	14.00	13.26	56.21	93804.18	1849	0	BartonZwiebach	
4125	0:21:41	1/1/2019 	1295402	66.00	10.00	5.94	56.21	93804.18	1849	0	BartonZwiebach	
4126	0:21:41	1/1/2019 	1295423	244.00	11.00	10.24	56.21	93804.35	3835	0	BartonZwiebach	
4127	0:21:42	1/1/2019 	1296092	142.00	10.00	7.80	56.21	93804.53	49796	0	BartonZwiebach	
4128	0:21:42	1/1/2019 	1296307	69.00	9.00	5.97	56.21	93804.53	1850	0	BartonZwiebach	
4129	0:21:42	1/1/2019 	1296425	69.00	9.00	5.97	56.21	93804.70	1856	0	BartonZwiebach	
4130	0:21:42	1/1/2019 	1296695	65.00	9.00	5.92	56.21	93804.70	49793	0	BartonZwiebach	
4131	0:21:43	1/1/2019 	1296796	64.00	9.00	5.92	56.21	93804.70	1849	0	BartonZwiebach	
4132	0:21:43	1/1/2019 	1296879	123.00	9.00	7.24	56.20	93804.57	3833	0	BartonZwiebach	
4133	0:21:43	1/1/2019 	1296882	70.00	9.00	5.98	56.20	93804.57	1849	0	BartonZwiebach	
4134	0:21:43	1/1/2019 	1297119	74.00	9.00	6.03	56.20	93804.57	1848	0	BartonZwiebach	
4135	0:21:43	1/1/2019 	1297275	68.00	9.00	5.95	56.20	93804.57	1850	0	BartonZwiebach	
4136	0:21:43	1/1/2019 	1297288	67.00	9.00	5.94	56.20	93804.57	1850	0	BartonZwiebach	
4137	0:21:43	1/1/2019 	1297403	87.00	10.00	6.28	56.20	93804.74	1850	0	BartonZwiebach	
4138	0:21:43	1/1/2019 	1297425	65.00	10.00	5.93	56.20	93804.74	3833	0	BartonZwiebach	
4139	0:21:43	1/1/2019 	1297454	65.00	13.00	5.93	56.20	93804.74	1849	0	BartonZwiebach	
4140	0:21:43	1/1/2019 	1297677	370.00	17.00	12.25	56.20	93804.74	49792	0	BartonZwiebach	
4141	0:21:44	1/1/2019 	1297882	66.00	9.00	5.93	56.20	93804.74	1850	0	BartonZwiebach	
4142	0:21:44	1/1/2019 	1298248	76.00	9.00	6.07	56.20	93804.74	1850	0	BartonZwiebach	
4143	0:21:44	1/1/2019 	1298352	76.00	9.00	6.07	56.20	93804.92	1850	0	BartonZwiebach	
4144	0:21:45	1/1/2019 	1298797	76.00	9.00	6.07	56.20	93804.92	51777	0	BartonZwiebach	
4145	0:21:45	1/1/2019 	1298849	71.00	10.00	5.99	56.20	93805.09	1850	0	BartonZwiebach	
4146	0:21:45	1/1/2019 	1298998	166.00	10.00	8.47	56.20	93805.09	1849	0	BartonZwiebach	
4147	0:21:45	1/1/2019 	1299076	72.00	9.00	6.01	56.20	93805.09	1850	0	BartonZwiebach	
4148	0:21:45	1/1/2019 	1299188	64.00	10.00	5.92	56.20	93805.09	1848	0	BartonZwiebach	
4149	0:21:45	1/1/2019 	1299345	64.00	10.00	5.92	56.20	93805.09	3833	0	BartonZwiebach	
4150	0:21:45	1/1/2019 	1299363	66.00	9.00	5.93	56.20	93805.09	1848	0	BartonZwiebach	
4151	0:21:45	1/1/2019 	1299495	66.00	9.00	5.93	56.20	93805.09	1850	0	BartonZwiebach	
4152	0:21:45	1/1/2019 	1299560	64.00	9.00	5.92	56.20	93805.09	49793	0	BartonZwiebach	
4153	0:21:45	1/1/2019 	1299730	65.00	9.00	5.92	56.20	93805.09	2799	0	BartonZwiebach	
4154	0:21:46	1/1/2019 	1299854	67.00	9.00	5.94	56.20	93805.09	1850	0	BartonZwiebach	
4155	0:21:46	1/1/2019 	1299954	64.00	10.00	5.92	56.20	93805.09	3973	0	BartonZwiebach	
4156	0:21:46	1/1/2019 	1299979	101.00	9.00	6.62	56.20	93805.09	1848	0	BartonZwiebach	
4157	0:21:46	1/1/2019 	1299989	65.00	9.00	5.92	56.20	93805.09	1849	0	BartonZwiebach	
4158	0:21:46	1/1/2019 	1300179	64.00	10.00	5.92	56.20	93805.09	1848	0	BartonZwiebach	
4159	0:21:46	1/1/2019 	1300272	66.00	10.00	5.94	56.20	93805.27	1848	0	BartonZwiebach	
4160	0:21:46	1/1/2019 	1300580	191.00	10.00	9.11	56.20	93805.27	49794	0	BartonZwiebach	
4161	0:21:47	1/1/2019 	1300824	919.00	81.00	26.63	56.20	93805.44	3889	0	BartonZwiebach	
4162	0:21:47	1/1/2019 	1300864	82.00	9.00	6.18	56.20	93805.44	1852	0	BartonZwiebach	
4163	0:21:47	1/1/2019 	1300881	74.00	10.00	6.04	56.20	93805.44	1849	0	BartonZwiebach	
4164	0:21:47	1/1/2019 	1300896	523.00	15.00	13.66	56.20	93805.44	1850	0	BartonZwiebach	
4165	0:21:47	1/1/2019 	1301018	69.00	9.00	5.97	56.20	93805.44	1851	0	BartonZwiebach	
4166	0:21:47	1/1/2019 	1301042	70.00	10.00	5.98	56.20	93805.44	1849	0	BartonZwiebach	
4167	0:21:47	1/1/2019 	1301082	100.00	10.00	6.60	56.20	93805.44	3834	0	BartonZwiebach	
4168	0:21:47	1/1/2019 	1301151	180.00	10.00	8.84	56.20	93805.44	1850	0	BartonZwiebach	
4169	0:21:47	1/1/2019 	1301157	67.00	9.00	5.94	56.20	93805.44	1850	0	BartonZwiebach	
4170	0:21:47	1/1/2019 	1301436	87.00	9.00	6.28	56.20	93805.95	1850	0	BartonZwiebach	
4171	0:21:47	1/1/2019 	1301452	79.00	9.00	6.12	56.20	93805.95	1849	0	BartonZwiebach	
4172	0:21:47	1/1/2019 	1301745	421.00	13.00	12.59	56.20	93805.95	49792	0	BartonZwiebach	
4173	0:21:48	1/1/2019 	1302121	120.00	9.00	7.15	56.20	93805.95	3780	0	BartonZwiebach	
4174	0:21:48	1/1/2019 	1302200	68.00	9.00	5.95	56.20	93805.95	1851	0	BartonZwiebach	
4175	0:21:48	1/1/2019 	1302328	66.00	8.00	5.93	56.20	93806.47	1849	0	BartonZwiebach	
4176	0:21:48	1/1/2019 	1302633	65.00	9.00	5.92	56.20	93806.47	49790	0	BartonZwiebach	
4177	0:21:49	1/1/2019 	1302914	66.00	10.00	5.94	56.20	93806.81	1850	0	BartonZwiebach	
4178	0:21:49	1/1/2019 	1303254	65.00	9.00	5.92	56.20	93807.50	1850	0	BartonZwiebach	
4179	0:21:49	1/1/2019 	1303361	76.00	9.00	6.07	56.20	93807.50	6288	0	BartonZwiebach	
4180	0:21:49	1/1/2019 	1303368	67.00	9.00	5.94	56.20	93807.50	1849	0	BartonZwiebach	
4181	0:21:49	1/1/2019 	1303743	68.00	10.00	5.96	56.20	93807.70	49794	0	BartonZwiebach	
4182	0:21:50	1/1/2019 	1303766	334.00	15.00	11.74	56.20	93807.70	1850	0	BartonZwiebach	
4183	0:21:50	1/1/2019 	1303811	71.00	10.00	5.99	56.20	93807.70	1852	0	BartonZwiebach	
4184	0:21:50	1/1/2019 	1303813	70.00	9.00	5.98	56.20	93807.70	1850	0	BartonZwiebach	
4185	0:21:50	1/1/2019 	1303876	69.00	9.00	5.97	56.20	93807.70	3833	0	BartonZwiebach	
4186	0:21:50	1/1/2019 	1303926	65.00	9.00	5.92	56.20	93807.70	1849	0	BartonZwiebach	
4187	0:21:50	1/1/2019 	1303940	64.00	9.00	5.92	56.20	93807.70	1850	0	BartonZwiebach	
4188	0:21:50	1/1/2019 	1303969	72.00	9.00	6.01	56.20	93807.70	1848	0	BartonZwiebach	
4189	0:21:50	1/1/2019 	1304162	65.00	9.00	5.92	56.20	93808.39	1849	0	BartonZwiebach	
4190	0:21:50	1/1/2019 	1304170	68.00	9.00	5.95	56.20	93808.39	1850	0	BartonZwiebach	
4191	0:21:50	1/1/2019 	1304258	64.00	10.00	5.92	56.20	93808.39	3833	0	BartonZwiebach	
4192	0:21:50	1/1/2019 	1304264	78.00	10.00	6.10	56.20	93808.39	1849	0	BartonZwiebach	
4193	0:21:50	1/1/2019 	1304331	65.00	10.00	5.93	56.20	93808.39	1850	0	BartonZwiebach	
4194	0:21:51	1/1/2019 	1304949	78.00	10.00	6.10	56.20	93808.91	49793	0	BartonZwiebach	
4195	0:21:51	1/1/2019 	1305010	72.00	9.00	6.01	56.20	93808.91	1850	0	BartonZwiebach	
4196	0:21:51	1/1/2019 	1305294	62.00	9.00	5.90	56.19	93809.28	1849	0	BartonZwiebach	
4197	0:21:51	1/1/2019 	1305387	292.00	13.00	11.09	56.19	93809.28	3834	0	BartonZwiebach	
4198	0:21:51	1/1/2019 	1305626	71.00	9.00	5.99	56.19	93809.80	49795	0	BartonZwiebach	
4199	0:21:51	1/1/2019 	1305653	74.00	10.00	6.04	56.19	93809.80	1849	0	BartonZwiebach	
4200	0:21:52	1/1/2019 	1305916	64.00	9.00	5.92	56.19	93809.80	1849	0	BartonZwiebach	
4201	0:21:52	1/1/2019 	1306154	66.00	9.00	5.93	56.19	93810.66	1849	0	BartonZwiebach	
4202	0:21:52	1/1/2019 	1306214	63.00	9.00	5.91	56.19	93810.66	1848	0	BartonZwiebach	
4203	0:21:52	1/1/2019 	1306426	78.00	9.00	6.10	56.19	93810.66	3833	0	BartonZwiebach	
4204	0:21:52	1/1/2019 	1306631	70.00	9.00	5.98	56.19	93811.36	49793	0	BartonZwiebach	
4205	0:21:52	1/1/2019 	1306683	78.00	10.00	6.10	56.19	93811.36	1849	0	BartonZwiebach	
4206	0:21:53	1/1/2019 	1306775	64.00	9.00	5.92	56.19	93811.36	1849	0	BartonZwiebach	
4207	0:21:53	1/1/2019 	1306825	64.00	9.00	5.92	56.19	93811.36	1848	0	BartonZwiebach	
4208	0:21:53	1/1/2019 	1306852	71.00	9.00	5.99	56.19	93811.36	3832	0	BartonZwiebach	
4209	0:21:53	1/1/2019 	1306860	147.00	9.00	7.94	56.19	93811.36	1849	0	BartonZwiebach	
4210	0:21:53	1/1/2019 	1306871	68.00	10.00	5.96	56.19	93811.36	1848	0	BartonZwiebach	
4211	0:21:53	1/1/2019 	1306926	67.00	9.00	5.94	56.19	93811.36	1849	0	BartonZwiebach	
4212	0:21:53	1/1/2019 	1306970	64.00	9.00	5.92	56.19	93811.36	1849	0	BartonZwiebach	
4213	0:21:53	1/1/2019 	1307022	138.00	10.00	7.68	56.19	93811.36	1848	0	BartonZwiebach	
4214	0:21:53	1/1/2019 	1307159	68.00	9.00	5.95	56.19	93812.05	3889	0	BartonZwiebach	
4215	0:21:53	1/1/2019 	1307289	68.00	9.00	5.95	56.19	93812.05	1849	0	BartonZwiebach	
4216	0:21:53	1/1/2019 	1307294	72.00	10.00	6.01	56.19	93812.05	1850	0	BartonZwiebach	
4217	0:21:53	1/1/2019 	1307407	64.00	10.00	5.92	56.19	93812.05	1849	0	BartonZwiebach	
4218	0:21:53	1/1/2019 	1307476	65.00	9.00	5.92	56.19	93812.05	1848	0	BartonZwiebach	
4219	0:21:53	1/1/2019 	1307569	73.00	10.00	6.02	56.19	93812.56	49791	0	BartonZwiebach	
4220	0:21:53	1/1/2019 	1307744	68.00	9.00	5.95	56.19	93812.56	3836	0	BartonZwiebach	
4221	0:21:54	1/1/2019 	1307773	66.00	9.00	5.93	56.19	93812.56	1849	0	BartonZwiebach	
4222	0:21:54	1/1/2019 	1307940	67.00	9.00	5.94	56.19	93812.56	1887	0	BartonZwiebach	
4223	0:21:54	1/1/2019 	1307958	68.00	9.00	5.95	56.19	93812.56	1849	0	BartonZwiebach	
4224	0:21:54	1/1/2019 	1308046	67.00	9.00	5.94	56.19	93813.60	1848	0	BartonZwiebach	
4225	0:21:54	1/1/2019 	1308083	76.00	9.00	6.07	56.19	93813.60	1849	0	BartonZwiebach	
4226	0:21:54	1/1/2019 	1308185	67.00	10.00	5.95	56.19	93813.60	3834	0	BartonZwiebach	
4227	0:21:54	1/1/2019 	1308419	996.00	869.00	159.24	56.19	93813.60	1850	0	BartonZwiebach	
4228	0:21:55	1/1/2019 	1308928	363.00	17.00	12.16	56.19	93814.30	49814	0	BartonZwiebach	
4229	0:21:55	1/1/2019 	1308967	64.00	10.00	5.92	56.19	93814.30	1851	0	BartonZwiebach	
4230	0:21:55	1/1/2019 	1309075	64.00	9.00	5.92	56.19	93815.16	1849	0	BartonZwiebach	
4231	0:21:55	1/1/2019 	1309093	459.00	13.00	12.90	56.19	93815.16	1849	0	BartonZwiebach	
4232	0:21:55	1/1/2019 	1309115	70.00	9.00	5.98	56.19	93815.16	3834	0	BartonZwiebach	
4233	0:21:55	1/1/2019 	1309122	70.00	9.00	5.98	56.19	93815.16	1849	0	BartonZwiebach	
4234	0:21:55	1/1/2019 	1309202	65.00	10.00	5.93	56.19	93815.16	1849	0	BartonZwiebach	
4235	0:21:55	1/1/2019 	1309206	70.00	8.00	5.98	56.19	93815.16	1850	0	BartonZwiebach	
4236	0:21:55	1/1/2019 	1309358	96.00	9.00	6.49	56.19	93815.16	1847	0	BartonZwiebach	
4237	0:21:55	1/1/2019 	1309681	67.00	9.00	5.94	56.19	93815.86	49792	0	BartonZwiebach	
4238	0:21:55	1/1/2019 	1309747	66.00	9.00	5.93	56.19	93815.86	4735	0	BartonZwiebach	
4239	0:21:56	1/1/2019 	1309967	64.00	9.00	5.92	56.19	93816.89	1848	0	BartonZwiebach	
4240	0:21:56	1/1/2019 	1310071	65.00	9.00	5.92	56.19	93816.89	1849	0	BartonZwiebach	
4241	0:21:56	1/1/2019 	1310085	874.00	68.00	24.65	56.19	93816.89	1849	0	BartonZwiebach	
4242	0:21:56	1/1/2019 	1310159	376.00	13.00	12.16	56.19	93816.89	1851	0	BartonZwiebach	
4243	0:21:56	1/1/2019 	1310201	69.00	9.00	5.97	56.19	93816.89	1849	0	BartonZwiebach	
4244	0:21:56	1/1/2019 	1310326	93.00	9.00	6.42	56.19	93816.89	3887	0	BartonZwiebach	
4245	0:21:56	1/1/2019 	1310368	75.00	10.00	6.05	56.19	93816.89	1848	0	BartonZwiebach	
4246	0:21:56	1/1/2019 	1310690	73.00	10.00	6.02	56.19	93817.59	49794	0	BartonZwiebach	
4247	0:21:57	1/1/2019 	1310962	66.00	10.00	5.94	56.19	93818.45	1849	0	BartonZwiebach	
4248	0:21:57	1/1/2019 	1311287	67.00	9.00	5.94	56.19	93818.45	1850	0	BartonZwiebach	
4249	0:21:57	1/1/2019 	1311326	66.00	9.00	5.93	56.19	93818.45	1850	0	BartonZwiebach	
4250	0:21:57	1/1/2019 	1311351	68.00	10.00	5.96	56.19	93818.45	3833	0	BartonZwiebach	
4251	0:21:57	1/1/2019 	1311425	70.00	9.00	5.98	56.19	93819.31	1849	0	BartonZwiebach	
4252	0:21:57	1/1/2019 	1311564	68.00	10.00	5.96	56.19	93819.31	49793	0	BartonZwiebach	
4253	0:21:57	1/1/2019 	1311736	180.00	10.00	8.84	56.19	93819.31	1849	0	BartonZwiebach	
4254	0:21:58	1/1/2019 	1311768	64.00	9.00	5.92	56.19	93819.31	1850	0	BartonZwiebach	
4255	0:21:58	1/1/2019 	1312159	64.00	9.00	5.92	56.19	93820.02	1848	0	BartonZwiebach	
4256	0:21:58	1/1/2019 	1312241	83.00	9.00	6.20	56.19	93820.02	3832	0	BartonZwiebach	
4257	0:21:58	1/1/2019 	1312248	68.00	9.00	5.95	56.19	93820.02	1848	0	BartonZwiebach	
4258	0:21:58	1/1/2019 	1312393	70.00	9.00	5.98	56.19	93820.88	1850	0	BartonZwiebach	
4259	0:21:58	1/1/2019 	1312710	67.00	9.00	5.94	56.19	93820.88	49801	0	BartonZwiebach	
4260	0:21:59	1/1/2019 	1312866	69.00	9.00	5.97	56.19	93820.88	1856	0	BartonZwiebach	
4261	0:21:59	1/1/2019 	1312996	68.00	9.00	5.95	56.19	93821.75	1855	0	BartonZwiebach	
4262	0:21:59	1/1/2019 	1313218	68.00	10.00	5.96	56.19	93821.75	3833	0	BartonZwiebach	
4263	0:21:59	1/1/2019 	1313249	63.00	9.00	5.91	56.19	93821.75	1849	0	BartonZwiebach	
4264	0:21:59	1/1/2019 	1313498	82.00	10.00	6.18	56.19	93822.61	1849	0	BartonZwiebach	
4265	0:21:59	1/1/2019 	1313750	64.00	10.00	5.92	56.19	93822.61	49840	0	BartonZwiebach	
4266	0:22:00	1/1/2019 	1313797	68.00	10.00	5.96	56.19	93822.61	1849	0	BartonZwiebach	
4267	0:22:00	1/1/2019 	1314163	65.00	9.00	5.92	56.19	93823.66	3854	0	BartonZwiebach	
4268	0:22:00	1/1/2019 	1314176	67.00	10.00	5.95	56.19	93823.66	1848	0	BartonZwiebach	
4269	0:22:00	1/1/2019 	1314216	67.00	10.00	5.95	56.19	93823.66	1850	0	BartonZwiebach	
4270	0:22:00	1/1/2019 	1314251	79.00	9.00	6.12	56.19	93823.66	1849	0	BartonZwiebach	
4271	0:22:00	1/1/2019 	1314254	67.00	10.00	5.95	56.19	93823.66	1849	0	BartonZwiebach	
4272	0:22:00	1/1/2019 	1314488	70.00	10.00	5.98	56.19	93824.52	1850	0	BartonZwiebach	
4273	0:22:00	1/1/2019 	1314593	72.00	10.00	6.01	56.19	93824.52	51798	0	BartonZwiebach	
4274	0:22:00	1/1/2019 	1314601	69.00	9.00	5.97	56.19	93824.52	1850	0	BartonZwiebach	
4275	0:22:00	1/1/2019 	1314686	64.00	9.00	5.92	56.19	93824.52	1849	0	BartonZwiebach	
4276	0:22:00	1/1/2019 	1314705	391.00	12.00	12.27	56.19	93824.52	1849	0	BartonZwiebach	
4277	0:22:00	1/1/2019 	1314740	67.00	9.00	5.94	56.19	93824.52	1849	0	BartonZwiebach	
4278	0:22:00	1/1/2019 	1314744	65.00	9.00	5.92	56.19	93824.52	1850	0	BartonZwiebach	
4279	0:22:01	1/1/2019 	1314774	71.00	10.00	5.99	56.19	93824.52	3853	0	BartonZwiebach	
4280	0:22:01	1/1/2019 	1314813	66.00	10.00	5.94	56.19	93825.22	1851	0	BartonZwiebach	
4281	0:22:01	1/1/2019 	1314874	85.00	9.00	6.24	56.19	93825.22	1849	0	BartonZwiebach	
4282	0:22:01	1/1/2019 	1315010	76.00	9.00	6.07	56.19	93825.22	1848	0	BartonZwiebach	
4283	0:22:01	1/1/2019 	1315307	66.00	9.00	5.93	56.19	93826.08	1848	0	BartonZwiebach	
4284	0:22:01	1/1/2019 	1315612	91.00	10.00	6.37	56.19	93826.08	49793	0	BartonZwiebach	
4285	0:22:02	1/1/2019 	1315819	292.00	10.00	11.01	56.19	93826.78	3855	0	BartonZwiebach	
4286	0:22:02	1/1/2019 	1315822	66.00	9.00	5.93	56.19	93826.78	1851	0	BartonZwiebach	
4287	0:22:02	1/1/2019 	1315930	245.00	11.00	10.26	56.19	93826.78	1849	0	BartonZwiebach	
4288	0:22:02	1/1/2019 	1316185	66.00	10.00	5.94	56.19	93826.78	1850	0	BartonZwiebach	
4289	0:22:02	1/1/2019 	1316195	75.00	9.00	6.05	56.19	93826.78	1849	0	BartonZwiebach	
4290	0:22:02	1/1/2019 	1316314	72.00	9.00	6.01	56.20	93827.80	1849	0	BartonZwiebach	
4291	0:22:02	1/1/2019 	1316373	67.00	10.00	5.95	56.20	93827.80	3855	0	BartonZwiebach	
4292	0:22:02	1/1/2019 	1316411	153.00	10.00	8.11	56.20	93827.80	1850	0	BartonZwiebach	
4293	0:22:02	1/1/2019 	1316424	67.00	10.00	5.95	56.20	93827.80	1850	0	BartonZwiebach	
4294	0:22:02	1/1/2019 	1316631	73.00	9.00	6.02	56.20	93827.80	49793	0	BartonZwiebach	
4295	0:22:03	1/1/2019 	1317284	65.00	9.00	5.92	56.20	93829.53	1850	0	BartonZwiebach	
4296	0:22:03	1/1/2019 	1317365	72.00	9.00	6.01	56.20	93829.53	1850	0	BartonZwiebach	
4297	0:22:03	1/1/2019 	1317475	76.00	9.00	6.07	56.20	93829.53	3910	0	BartonZwiebach	
4298	0:22:03	1/1/2019 	1317496	168.00	10.00	8.52	56.20	93829.53	1849	0	BartonZwiebach	
4299	0:22:03	1/1/2019 	1317639	656.00	25.00	17.76	56.20	93829.53	49793	0	BartonZwiebach	
4300	0:22:03	1/1/2019 	1317756	66.00	9.00	5.93	56.20	93830.72	1850	0	BartonZwiebach	
4301	0:22:04	1/1/2019 	1317769	64.00	10.00	5.92	56.20	93830.72	1848	0	BartonZwiebach	
4302	0:22:04	1/1/2019 	1317810	66.00	9.00	5.93	56.20	93830.72	1850	0	BartonZwiebach	
4303	0:22:04	1/1/2019 	1318053	66.00	10.00	5.94	56.20	93830.72	3854	0	BartonZwiebach	
4304	0:22:04	1/1/2019 	1318166	73.00	9.00	6.02	56.20	93830.72	1849	0	BartonZwiebach	
4305	0:22:04	1/1/2019 	1318189	64.00	9.00	5.92	56.20	93830.72	1848	0	BartonZwiebach	
4306	0:22:04	1/1/2019 	1318346	65.00	9.00	5.92	56.20	93831.41	1849	0	BartonZwiebach	
4307	0:22:04	1/1/2019 	1318424	441.00	13.00	12.76	56.20	93831.41	1850	0	BartonZwiebach	
4308	0:22:04	1/1/2019 	1318724	180.00	10.00	8.84	56.20	93832.28	49796	0	BartonZwiebach	
4309	0:22:04	1/1/2019 	1318749	69.00	9.00	5.97	56.20	93832.28	3855	0	BartonZwiebach	
4310	0:22:05	1/1/2019 	1319231	68.00	9.00	5.95	56.20	93833.33	1850	0	BartonZwiebach	
4311	0:22:05	1/1/2019 	1319347	66.00	9.00	5.93	56.20	93833.33	1851	0	BartonZwiebach	
4312	0:22:05	1/1/2019 	1319351	901.00	59.00	23.60	56.20	93833.33	1850	0	BartonZwiebach	
4313	0:22:05	1/1/2019 	1319394	987.00	458.00	81.91	56.20	93833.33	1851	0	BartonZwiebach	
4314	0:22:05	1/1/2019 	1319705	65.00	10.00	5.93	56.20	93834.19	49805	0	BartonZwiebach	
4315	0:22:05	1/1/2019 	1319734	82.00	9.00	6.18	56.20	93834.19	4757	0	BartonZwiebach	
4316	0:22:06	1/1/2019 	1319926	73.00	9.00	6.02	56.20	93834.19	1849	0	BartonZwiebach	
4317	0:22:06	1/1/2019 	1320004	196.00	10.00	9.23	56.20	93834.19	1851	0	BartonZwiebach	
4318	0:22:06	1/1/2019 	1320055	78.00	10.00	6.10	56.20	93834.19	1850	0	BartonZwiebach	
4319	0:22:06	1/1/2019 	1320160	66.00	9.00	5.93	56.20	93835.06	1849	0	BartonZwiebach	
4320	0:22:06	1/1/2019 	1320590	64.00	9.00	5.92	56.20	93835.06	51829	0	BartonZwiebach	
4321	0:22:06	1/1/2019 	1320728	65.00	9.00	5.92	56.20	93836.27	1848	0	BartonZwiebach	
4322	0:22:07	1/1/2019 	1320834	65.00	9.00	5.92	56.20	93836.27	1849	0	BartonZwiebach	
4323	0:22:07	1/1/2019 	1320882	66.00	10.00	5.94	56.20	93836.27	1850	0	BartonZwiebach	
4324	0:22:07	1/1/2019 	1320951	72.00	9.00	6.01	56.20	93836.27	1850	0	BartonZwiebach	
4325	0:22:07	1/1/2019 	1321028	73.00	9.00	6.02	56.20	93836.27	1850	0	BartonZwiebach	
4326	0:22:07	1/1/2019 	1321198	650.00	25.00	17.58	56.20	93836.97	3834	0	BartonZwiebach	
4327	0:22:07	1/1/2019 	1321308	66.00	9.00	5.93	56.20	93836.97	1850	0	BartonZwiebach	
4328	0:22:07	1/1/2019 	1321548	70.00	9.00	5.98	56.20	93836.97	49793	0	BartonZwiebach	
4329	0:22:07	1/1/2019 	1321592	68.00	10.00	5.96	56.20	93836.97	1848	0	BartonZwiebach	
4330	0:22:07	1/1/2019 	1321646	70.00	9.00	5.98	56.21	93838.13	1849	0	BartonZwiebach	
4331	0:22:08	1/1/2019 	1321980	76.00	9.00	6.07	56.21	93838.13	1848	0	BartonZwiebach	
4332	0:22:08	1/1/2019 	1322126	67.00	10.00	5.95	56.21	93838.83	3833	0	BartonZwiebach	
4333	0:22:08	1/1/2019 	1322171	70.00	8.00	5.98	56.21	93838.83	1849	0	BartonZwiebach	
4334	0:22:08	1/1/2019 	1322326	68.00	10.00	5.96	56.21	93838.83	1847	0	BartonZwiebach	
4335	0:22:08	1/1/2019 	1322491	139.00	10.00	7.71	56.21	93838.83	1849	0	BartonZwiebach	
4336	0:22:08	1/1/2019 	1322672	72.00	9.00	6.01	56.21	93839.52	49795	0	BartonZwiebach	
4337	0:22:09	1/1/2019 	1322786	63.00	5.00	5.90	56.21	93839.52	1849	0	BartonZwiebach	
4338	0:22:09	1/1/2019 	1322906	227.00	10.00	9.90	56.21	93839.52	3834	0	BartonZwiebach	
4339	0:22:09	1/1/2019 	1322933	64.00	10.00	5.92	56.21	93839.52	1849	0	BartonZwiebach	
4340	0:22:09	1/1/2019 	1323014	66.00	9.00	5.93	56.21	93839.52	1847	0	BartonZwiebach	
4341	0:22:09	1/1/2019 	1323027	72.00	9.00	6.01	56.21	93839.52	1849	0	BartonZwiebach	
4342	0:22:09	1/1/2019 	1323619	64.00	11.00	5.92	56.21	93841.26	49793	0	BartonZwiebach	
4343	0:22:09	1/1/2019 	1323711	76.00	10.00	6.07	56.21	93841.26	1848	0	BartonZwiebach	
4344	0:22:09	1/1/2019 	1323764	185.00	10.00	8.96	56.21	93841.26	3833	0	BartonZwiebach	
4345	0:22:10	1/1/2019 	1323841	67.00	10.00	5.95	56.21	93841.26	1849	0	BartonZwiebach	
4346	0:22:10	1/1/2019 	1324125	68.00	10.00	5.96	56.21	93841.78	1851	0	BartonZwiebach	
4347	0:22:10	1/1/2019 	1324242	942.00	87.00	27.64	56.21	93841.78	1850	0	BartonZwiebach	
4348	0:22:10	1/1/2019 	1324422	774.00	42.00	21.62	56.21	93841.78	1851	0	BartonZwiebach	
4349	0:22:10	1/1/2019 	1324642	988.00	606.00	106.22	56.21	93843.00	49798	0	BartonZwiebach	
4350	0:22:11	1/1/2019 	1324828	64.00	9.00	5.92	56.21	93843.00	3833	0	BartonZwiebach	
4351	0:22:11	1/1/2019 	1325006	64.00	10.00	5.92	56.21	93843.69	1849	0	BartonZwiebach	
4352	0:22:11	1/1/2019 	1325041	166.00	10.00	8.47	56.21	93843.69	1849	0	BartonZwiebach	
4353	0:22:11	1/1/2019 	1325128	66.00	9.00	5.93	56.21	93843.69	1849	0	BartonZwiebach	
4354	0:22:12	1/1/2019 	1325821	66.00	10.00	5.94	56.21	93844.53	49793	0	BartonZwiebach	
4355	0:22:12	1/1/2019 	1325829	64.00	9.00	5.92	56.21	93844.53	1851	0	BartonZwiebach	
4356	0:22:12	1/1/2019 	1325951	74.00	9.00	6.03	56.21	93844.53	3830	0	BartonZwiebach	
4357	0:22:12	1/1/2019 	1326316	64.00	9.00	5.92	56.21	93844.88	1848	0	BartonZwiebach	
4358	0:22:12	1/1/2019 	1326751	114.00	10.00	6.98	56.22	93845.58	49791	0	BartonZwiebach	
4359	0:22:13	1/1/2019 	1326948	275.00	12.00	10.80	56.22	93845.23	1851	0	BartonZwiebach	
4360	0:22:13	1/1/2019 	1326975	75.00	10.00	6.05	56.22	93845.23	1851	0	BartonZwiebach	
4361	0:22:13	1/1/2019 	1327142	352.00	16.00	12.00	56.22	93845.23	1850	0	BartonZwiebach	
4362	0:22:13	1/1/2019 	1327200	76.00	10.00	6.07	56.22	93845.23	3831	0	BartonZwiebach	
4363	0:22:13	1/1/2019 	1327215	69.00	10.00	5.97	56.22	93845.23	1849	0	BartonZwiebach	
4364	0:22:13	1/1/2019 	1327565	327.00	14.00	11.61	56.22	93845.39	49794	0	BartonZwiebach	
4365	0:22:13	1/1/2019 	1327668	66.00	9.00	5.93	56.22	93845.39	1851	0	BartonZwiebach	
4366	0:22:14	1/1/2019 	1327983	106.00	10.00	6.76	56.22	93845.39	1848	0	BartonZwiebach	
4367	0:22:14	1/1/2019 	1328298	248.00	12.00	10.33	56.22	93845.39	3834	0	BartonZwiebach	
4368	0:22:14	1/1/2019 	1328375	70.00	10.00	5.98	56.22	93845.39	1849	0	BartonZwiebach	
4369	0:22:14	1/1/2019 	1328576	65.00	9.00	5.92	56.22	93845.74	49795	0	BartonZwiebach	
4370	0:22:14	1/1/2019 	1328704	65.00	9.00	5.92	56.22	93845.74	1849	0	BartonZwiebach	
4371	0:22:14	1/1/2019 	1328706	73.00	9.00	6.02	56.22	93845.74	1849	0	BartonZwiebach	
4372	0:22:15	1/1/2019 	1329068	68.00	10.00	5.96	56.22	93845.91	1849	0	BartonZwiebach	
4373	0:22:15	1/1/2019 	1329152	66.00	10.00	5.94	56.22	93845.91	3887	0	BartonZwiebach	
4374	0:22:15	1/1/2019 	1329421	68.00	9.00	5.95	56.22	93846.27	1849	0	BartonZwiebach	
4375	0:22:15	1/1/2019 	1329482	66.00	9.00	5.93	56.22	93846.27	1848	0	BartonZwiebach	
4376	0:22:15	1/1/2019 	1329554	78.00	10.00	6.10	56.22	93846.27	49794	0	BartonZwiebach	
4377	0:22:15	1/1/2019 	1329671	186.00	10.00	8.99	56.22	93846.27	2799	0	BartonZwiebach	
4378	0:22:16	1/1/2019 	1329902	81.00	10.00	6.16	56.22	93846.27	1850	0	BartonZwiebach	
4379	0:22:16	1/1/2019 	1330628	68.00	9.00	5.95	56.23	93846.56	51917	0	BartonZwiebach	
4380	0:22:16	1/1/2019 	1330679	91.00	10.00	6.37	56.23	93846.56	1850	0	BartonZwiebach	
4381	0:22:17	1/1/2019 	1330833	72.00	10.00	6.01	56.23	93846.56	1849	0	BartonZwiebach	
4382	0:22:17	1/1/2019 	1330986	68.00	10.00	5.96	56.23	93846.56	1850	0	BartonZwiebach	
4383	0:22:17	1/1/2019 	1331235	66.00	9.00	5.93	56.23	93846.56	1849	0	BartonZwiebach	
4384	0:22:17	1/1/2019 	1331334	67.00	9.00	5.94	56.23	93847.09	1848	0	BartonZwiebach	
4385	0:22:17	1/1/2019 	1331378	68.00	9.00	5.95	56.23	93847.09	3832	0	BartonZwiebach	
4386	0:22:18	1/1/2019 	1331811	66.00	10.00	5.94	56.23	93847.09	49793	0	BartonZwiebach	
4387	0:22:18	1/1/2019 	1331830	63.00	9.00	5.91	56.23	93847.09	1851	0	BartonZwiebach	
4388	0:22:18	1/1/2019 	1331872	71.00	10.00	5.99	56.23	93847.09	1849	0	BartonZwiebach	
4389	0:22:19	1/1/2019 	1332935	65.00	10.00	5.93	56.23	93847.80	49794	0	BartonZwiebach	
4390	0:22:19	1/1/2019 	1332991	74.00	9.00	6.03	56.23	93847.80	1850	0	BartonZwiebach	
4391	0:22:19	1/1/2019 	1333136	64.00	9.00	5.92	56.23	93847.80	3832	0	BartonZwiebach	
4392	0:22:19	1/1/2019 	1333246	196.00	10.00	9.23	56.23	93848.47	1849	0	BartonZwiebach	
4393	0:22:19	1/1/2019 	1333581	72.00	10.00	6.01	56.23	93848.47	49794	0	BartonZwiebach	
4394	0:22:19	1/1/2019 	1333616	65.00	10.00	5.93	56.23	93848.47	1849	0	BartonZwiebach	
4395	0:22:20	1/1/2019 	1333783	62.00	9.00	5.90	56.23	93848.64	1849	0	BartonZwiebach	
4396	0:22:20	1/1/2019 	1333836	68.00	10.00	5.96	56.23	93848.64	1850	0	BartonZwiebach	
4397	0:22:20	1/1/2019 	1334080	74.00	10.00	6.04	56.23	93848.64	3833	0	BartonZwiebach	
4398	0:22:20	1/1/2019 	1334231	66.00	9.00	5.93	56.23	93848.81	1849	0	BartonZwiebach	
4399	0:22:20	1/1/2019 	1334261	68.00	9.00	5.95	56.23	93848.81	1849	0	BartonZwiebach	
4400	0:22:20	1/1/2019 	1334351	68.00	9.00	5.95	56.23	93848.81	1849	0	BartonZwiebach	
4401	0:22:21	1/1/2019 	1334854	628.00	22.00	16.55	56.23	93849.48	49793	0	BartonZwiebach	
4402	0:22:21	1/1/2019 	1334878	70.00	10.00	5.98	56.23	93849.48	1851	0	BartonZwiebach	
4403	0:22:21	1/1/2019 	1335044	69.00	9.00	5.97	56.23	93849.48	3833	0	BartonZwiebach	
4404	0:22:21	1/1/2019 	1335150	64.00	9.00	5.92	56.23	93849.48	1849	0	BartonZwiebach	
4405	0:22:21	1/1/2019 	1335289	67.00	9.00	5.94	56.23	93849.66	1848	0	BartonZwiebach	
4406	0:22:21	1/1/2019 	1335465	71.00	10.00	5.99	56.23	93849.66	1849	0	BartonZwiebach	
4407	0:22:21	1/1/2019 	1335744	75.00	9.00	6.05	56.24	93850.36	49795	0	BartonZwiebach	
4408	0:22:22	1/1/2019 	1335819	66.00	9.00	5.93	56.24	93850.36	1849	0	BartonZwiebach	
4409	0:22:22	1/1/2019 	1335956	65.00	9.00	5.92	56.24	93850.36	3834	0	BartonZwiebach	
4410	0:22:22	1/1/2019 	1336010	74.00	9.00	6.03	56.24	93850.36	1849	0	BartonZwiebach	
4411	0:22:22	1/1/2019 	1336118	66.00	9.00	5.93	56.24	93850.36	1848	0	BartonZwiebach	
4412	0:22:22	1/1/2019 	1336151	69.00	9.00	5.97	56.24	93850.70	1849	0	BartonZwiebach	
4413	0:22:22	1/1/2019 	1336280	815.00	47.00	22.23	56.24	93850.70	1850	0	BartonZwiebach	
4414	0:22:22	1/1/2019 	1336380	67.00	9.00	5.94	56.24	93850.70	1849	0	BartonZwiebach	
4415	0:22:23	1/1/2019 	1336829	65.00	9.00	5.92	56.24	93851.05	51831	0	BartonZwiebach	
4416	0:22:23	1/1/2019 	1336859	112.00	10.00	6.93	56.24	93851.05	1850	0	BartonZwiebach	
4417	0:22:23	1/1/2019 	1336977	73.00	10.00	6.02	56.24	93851.05	1849	0	BartonZwiebach	
4418	0:22:23	1/1/2019 	1337232	66.00	10.00	5.94	56.24	93851.55	1849	0	BartonZwiebach	
4419	0:22:23	1/1/2019 	1337243	66.00	10.00	5.94	56.24	93851.55	1849	0	BartonZwiebach	
4420	0:22:23	1/1/2019 	1337369	65.00	9.00	5.92	56.24	93851.55	3833	0	BartonZwiebach	
4421	0:22:23	1/1/2019 	1337382	72.00	9.00	6.01	56.24	93851.55	1849	0	BartonZwiebach	
4422	0:22:23	1/1/2019 	1337586	73.00	9.00	6.02	56.24	93851.55	49791	0	BartonZwiebach	
4423	0:22:24	1/1/2019 	1337975	68.00	9.00	5.95	56.24	93851.55	1849	0	BartonZwiebach	
4424	0:22:24	1/1/2019 	1338035	76.00	10.00	6.07	56.24	93851.55	1850	0	BartonZwiebach	
4425	0:22:24	1/1/2019 	1338631	68.00	9.00	5.95	56.24	93852.25	49793	0	BartonZwiebach	
4426	0:22:25	1/1/2019 	1338776	65.00	10.00	5.93	56.24	93852.25	3833	0	BartonZwiebach	
4427	0:22:25	1/1/2019 	1338995	68.00	9.00	5.95	56.24	93852.25	1849	0	BartonZwiebach	
4428	0:22:25	1/1/2019 	1339070	66.00	9.00	5.93	56.24	93852.59	1849	0	BartonZwiebach	
4429	0:22:25	1/1/2019 	1339243	64.00	9.00	5.92	56.24	93852.59	1850	0	BartonZwiebach	
4430	0:22:25	1/1/2019 	1339667	65.00	9.00	5.92	56.24	93852.95	49793	0	BartonZwiebach	
4431	0:22:25	1/1/2019 	1339700	72.00	9.00	6.01	56.24	93852.95	2799	0	BartonZwiebach	
4432	0:22:25	1/1/2019 	1339722	80.00	9.00	6.14	56.24	93852.95	3972	0	BartonZwiebach	
4433	0:22:25	1/1/2019 	1339759	67.00	9.00	5.94	56.24	93852.95	1850	0	BartonZwiebach	
4434	0:22:26	1/1/2019 	1339859	74.00	9.00	6.03	56.24	93852.95	1850	0	BartonZwiebach	
4435	0:22:26	1/1/2019 	1340009	64.00	9.00	5.92	56.24	93852.95	1850	0	BartonZwiebach	
4436	0:22:26	1/1/2019 	1340050	70.00	9.00	5.98	56.25	93853.27	1848	0	BartonZwiebach	
4437	0:22:26	1/1/2019 	1340200	75.00	9.00	6.05	56.25	93853.27	1849	0	BartonZwiebach	
4438	0:22:26	1/1/2019 	1340434	67.00	10.00	5.95	56.25	93853.27	3834	0	BartonZwiebach	
4439	0:22:26	1/1/2019 	1340437	66.00	10.00	5.94	56.25	93853.27	1850	0	BartonZwiebach	
4440	0:22:26	1/1/2019 	1340654	77.00	10.00	6.08	56.25	93853.62	49796	0	BartonZwiebach	
4441	0:22:27	1/1/2019 	1340852	369.00	17.00	12.24	56.25	93853.62	1857	0	BartonZwiebach	
4442	0:22:27	1/1/2019 	1341025	75.00	9.00	6.05	56.25	93853.62	1857	0	BartonZwiebach	
4443	0:22:27	1/1/2019 	1341048	69.00	10.00	5.97	56.25	93853.62	1856	0	BartonZwiebach	
4444	0:22:27	1/1/2019 	1341136	137.00	10.00	7.65	56.25	93853.62	3841	0	BartonZwiebach	
4445	0:22:27	1/1/2019 	1341242	97.00	9.00	6.52	56.25	93853.62	1857	0	BartonZwiebach	
4446	0:22:27	1/1/2019 	1341330	75.00	9.00	6.05	56.25	93853.62	1855	0	BartonZwiebach	
4447	0:22:27	1/1/2019 	1341363	73.00	9.00	6.02	56.25	93853.62	1856	0	BartonZwiebach	
4448	0:22:27	1/1/2019 	1341444	65.00	10.00	5.93	56.25	93853.62	1855	0	BartonZwiebach	
4449	0:22:27	1/1/2019 	1341482	73.00	9.00	6.02	56.25	93854.12	1854	0	BartonZwiebach	
4450	0:22:27	1/1/2019 	1341598	66.00	9.00	5.93	56.25	93854.12	51777	0	BartonZwiebach	
4451	0:22:27	1/1/2019 	1341734	72.00	9.00	6.01	56.25	93854.12	1849	0	BartonZwiebach	
4452	0:22:28	1/1/2019 	1341824	265.00	12.00	10.63	56.25	93854.12	1850	0	BartonZwiebach	
4453	0:22:28	1/1/2019 	1341931	965.00	173.00	42.52	56.25	93854.12	1851	0	BartonZwiebach	
4454	0:22:28	1/1/2019 	1341992	64.00	10.00	5.92	56.25	93854.12	1850	0	BartonZwiebach	
4455	0:22:28	1/1/2019 	1342003	67.00	9.00	5.94	56.25	93854.12	1849	0	BartonZwiebach	
4456	0:22:28	1/1/2019 	1342066	71.00	9.00	5.99	56.25	93854.12	3887	0	BartonZwiebach	
4457	0:22:28	1/1/2019 	1342074	62.00	9.00	5.90	56.25	93854.12	1848	0	BartonZwiebach	
4458	0:22:28	1/1/2019 	1342116	66.00	9.00	5.93	56.25	93854.12	1849	0	BartonZwiebach	
4459	0:22:28	1/1/2019 	1342391	69.00	9.00	5.97	56.25	93854.12	1850	0	BartonZwiebach	
4460	0:22:28	1/1/2019 	1342498	67.00	10.00	5.95	56.25	93854.12	1849	0	BartonZwiebach	
4461	0:22:28	1/1/2019 	1342602	66.00	9.00	5.93	56.25	93854.12	49839	0	BartonZwiebach	
4462	0:22:29	1/1/2019 	1342893	70.00	9.00	5.98	56.25	93854.12	3834	0	BartonZwiebach	
4463	0:22:29	1/1/2019 	1343056	123.00	9.00	7.24	56.25	93854.62	1851	0	BartonZwiebach	
4464	0:22:29	1/1/2019 	1343125	76.00	9.00	6.07	56.25	93854.62	1850	0	BartonZwiebach	
4465	0:22:29	1/1/2019 	1343137	70.00	10.00	5.98	56.25	93854.62	1849	0	BartonZwiebach	
4466	0:22:29	1/1/2019 	1343357	65.00	10.00	5.93	56.25	93854.62	1849	0	BartonZwiebach	
4467	0:22:29	1/1/2019 	1343407	68.00	9.00	5.95	56.25	93854.62	1848	0	BartonZwiebach	
4468	0:22:29	1/1/2019 	1343449	65.00	9.00	5.92	56.25	93854.62	3833	0	BartonZwiebach	
4469	0:22:29	1/1/2019 	1343469	155.00	9.00	8.16	56.25	93854.62	1849	0	BartonZwiebach	
4470	0:22:29	1/1/2019 	1343563	68.00	10.00	5.96	56.25	93854.62	49793	0	BartonZwiebach	
4471	0:22:29	1/1/2019 	1343614	65.00	9.00	5.92	56.25	93854.62	1850	0	BartonZwiebach	
4472	0:22:29	1/1/2019 	1343681	145.00	10.00	7.88	56.25	93854.62	1850	0	BartonZwiebach	
4473	0:22:29	1/1/2019 	1343714	66.00	10.00	5.94	56.25	93854.62	1851	0	BartonZwiebach	
4474	0:22:30	1/1/2019 	1343879	66.00	10.00	5.94	56.25	93854.62	3834	0	BartonZwiebach	
4475	0:22:30	1/1/2019 	1343888	72.00	9.00	6.01	56.25	93854.62	1850	0	BartonZwiebach	
4476	0:22:30	1/1/2019 	1343897	69.00	9.00	5.97	56.25	93854.62	1848	0	BartonZwiebach	
4477	0:22:30	1/1/2019 	1344075	81.00	9.00	6.16	56.25	93854.97	1849	0	BartonZwiebach	
4478	0:22:30	1/1/2019 	1344103	251.00	12.00	10.39	56.25	93854.97	1850	0	BartonZwiebach	
4479	0:22:30	1/1/2019 	1344164	71.00	9.00	5.99	56.25	93854.97	1849	0	BartonZwiebach	
4480	0:22:30	1/1/2019 	1344363	70.00	9.00	5.98	56.25	93854.97	3832	0	BartonZwiebach	
4481	0:22:30	1/1/2019 	1344474	323.00	11.00	11.47	56.25	93855.32	1850	0	BartonZwiebach	
4482	0:22:30	1/1/2019 	1344476	67.00	9.00	5.94	56.25	93855.32	1850	0	BartonZwiebach	
4483	0:22:30	1/1/2019 	1344661	973.00	98.00	29.65	56.25	93855.32	49795	0	BartonZwiebach	
4484	0:22:30	1/1/2019 	1344678	78.00	10.00	6.10	56.25	93855.32	1851	0	BartonZwiebach	
4485	0:22:31	1/1/2019 	1344849	947.00	143.00	38.14	56.25	93855.32	3834	0	BartonZwiebach	
4486	0:22:31	1/1/2019 	1344858	74.00	10.00	6.04	56.25	93855.32	1851	0	BartonZwiebach	
4487	0:22:31	1/1/2019 	1344943	984.00	390.00	72.78	56.26	93855.84	1850	0	BartonZwiebach	
4488	0:22:31	1/1/2019 	1345349	599.00	19.00	15.42	56.26	93855.84	1850	0	BartonZwiebach	
4489	0:22:31	1/1/2019 	1345473	75.00	9.00	6.05	56.26	93855.84	1849	0	BartonZwiebach	
4490	0:22:31	1/1/2019 	1345636	68.00	9.00	5.95	56.26	93855.84	49794	0	BartonZwiebach	
4491	0:22:31	1/1/2019 	1345645	66.00	10.00	5.94	56.26	93855.84	3833	0	BartonZwiebach	
4492	0:22:32	1/1/2019 	1345800	64.00	9.00	5.92	56.26	93855.84	1849	0	BartonZwiebach	
4493	0:22:32	1/1/2019 	1345998	64.00	9.00	5.92	56.26	93856.02	1850	0	BartonZwiebach	
4494	0:22:32	1/1/2019 	1346293	66.00	9.00	5.93	56.26	93856.02	1848	0	BartonZwiebach	
4495	0:22:32	1/1/2019 	1346320	63.00	9.00	5.91	56.26	93856.02	1849	0	BartonZwiebach	
4496	0:22:32	1/1/2019 	1346387	70.00	9.00	5.98	56.26	93856.34	1849	0	BartonZwiebach	
4497	0:22:32	1/1/2019 	1346400	84.00	9.00	6.22	56.26	93856.34	3835	0	BartonZwiebach	
4498	0:22:32	1/1/2019 	1346642	81.00	9.00	6.16	56.26	93856.34	49794	0	BartonZwiebach	
4499	0:22:33	1/1/2019 	1346940	953.00	162.00	41.08	56.26	93856.34	1849	0	BartonZwiebach	
4500	0:22:33	1/1/2019 	1346999	64.00	10.00	5.92	56.26	93856.34	1851	0	BartonZwiebach	
4501	0:22:33	1/1/2019 	1347270	64.00	9.00	5.92	56.26	93856.34	1848	0	BartonZwiebach	
4502	0:22:33	1/1/2019 	1347343	65.00	10.00	5.93	56.26	93856.34	1849	0	BartonZwiebach	
4503	0:22:33	1/1/2019 	1347609	65.00	10.00	5.93	56.26	93856.34	51779	0	BartonZwiebach	
4504	0:22:33	1/1/2019 	1347632	81.00	5.00	6.15	56.26	93856.34	1849	0	BartonZwiebach	
4505	0:22:33	1/1/2019 	1347703	65.00	9.00	5.92	56.26	93856.34	1849	0	BartonZwiebach	
4506	0:22:34	1/1/2019 	1347856	66.00	10.00	5.94	56.26	93857.05	1849	0	BartonZwiebach	
4507	0:22:34	1/1/2019 	1347965	65.00	10.00	5.93	56.26	93857.05	1850	0	BartonZwiebach	
4508	0:22:34	1/1/2019 	1348251	67.00	10.00	5.95	56.26	93857.05	1848	0	BartonZwiebach	
4509	0:22:34	1/1/2019 	1348632	71.00	9.00	5.99	56.26	93857.39	51833	0	BartonZwiebach	
4510	0:22:35	1/1/2019 	1349245	68.00	10.00	5.96	56.26	93858.06	1848	0	BartonZwiebach	
4511	0:22:35	1/1/2019 	1349443	955.00	203.00	45.71	56.26	93858.06	1849	0	BartonZwiebach	
4512	0:22:35	1/1/2019 	1349750	80.00	9.00	6.14	56.26	93858.06	49799	0	BartonZwiebach	
4513	0:22:36	1/1/2019 	1349771	64.00	9.00	5.92	56.26	93858.06	2799	0	BartonZwiebach	
4514	0:22:36	1/1/2019 	1349837	66.00	9.00	5.93	56.26	93858.06	1849	0	BartonZwiebach	
4515	0:22:36	1/1/2019 	1349856	67.00	9.00	5.94	56.26	93858.06	3972	0	BartonZwiebach	
4516	0:22:36	1/1/2019 	1349961	122.00	9.00	7.21	56.26	93858.06	1848	0	BartonZwiebach	
4517	0:22:36	1/1/2019 	1350414	65.00	10.00	5.93	56.27	93858.22	1849	0	BartonZwiebach	
4518	0:22:36	1/1/2019 	1350625	64.00	10.00	5.92	56.27	93858.22	49793	0	BartonZwiebach	
4519	0:22:37	1/1/2019 	1350793	63.00	9.00	5.91	56.27	93858.39	1848	0	BartonZwiebach	
4520	0:22:37	1/1/2019 	1350958	61.00	9.00	5.90	56.27	93858.39	1850	0	BartonZwiebach	
4521	0:22:37	1/1/2019 	1351113	66.00	10.00	5.94	56.27	93858.39	3832	0	BartonZwiebach	
4522	0:22:37	1/1/2019 	1351309	66.00	10.00	5.94	56.27	93858.39	1849	0	BartonZwiebach	
4523	0:22:37	1/1/2019 	1351399	65.00	9.00	5.92	56.27	93858.39	1849	0	BartonZwiebach	
4524	0:22:37	1/1/2019 	1351587	68.00	9.00	5.95	56.27	93858.39	49793	0	BartonZwiebach	
4525	0:22:37	1/1/2019 	1351757	70.00	10.00	5.98	56.27	93858.74	1849	0	BartonZwiebach	
4526	0:22:38	1/1/2019 	1351824	65.00	8.00	5.92	56.27	93858.74	1850	0	BartonZwiebach	
4527	0:22:38	1/1/2019 	1351948	84.00	9.00	6.22	56.27	93858.74	3831	0	BartonZwiebach	
4528	0:22:38	1/1/2019 	1351990	64.00	9.00	5.92	56.27	93858.74	1849	0	BartonZwiebach	
4529	0:22:38	1/1/2019 	1352171	166.00	10.00	8.47	56.27	93858.74	1847	0	BartonZwiebach	
4530	0:22:38	1/1/2019 	1352377	64.00	9.00	5.92	56.27	93858.74	1850	0	BartonZwiebach	
4531	0:22:38	1/1/2019 	1352389	68.00	9.00	5.95	56.27	93858.74	1848	0	BartonZwiebach	
4532	0:22:38	1/1/2019 	1352413	65.00	9.00	5.92	56.27	93858.74	1849	0	BartonZwiebach	
4533	0:22:38	1/1/2019 	1352500	88.00	10.00	6.30	56.27	93858.74	3833	0	BartonZwiebach	
4534	0:22:38	1/1/2019 	1352681	68.00	10.00	5.96	56.27	93858.57	49840	0	BartonZwiebach	
4535	0:22:38	1/1/2019 	1352753	64.00	10.00	5.92	56.27	93858.57	1851	0	BartonZwiebach	
4536	0:22:39	1/1/2019 	1352773	63.00	9.00	5.91	56.27	93858.57	1849	0	BartonZwiebach	
4537	0:22:39	1/1/2019 	1352778	67.00	9.00	5.94	56.27	93858.57	1850	0	BartonZwiebach	
4538	0:22:39	1/1/2019 	1352933	63.00	10.00	5.91	56.27	93858.57	3833	0	BartonZwiebach	
4539	0:22:39	1/1/2019 	1352997	66.00	9.00	5.93	56.27	93858.57	1850	0	BartonZwiebach	
4540	0:22:39	1/1/2019 	1353384	64.00	10.00	5.92	56.27	93858.57	1850	0	BartonZwiebach	
4541	0:22:39	1/1/2019 	1353418	66.00	9.00	5.93	56.27	93858.57	1849	0	BartonZwiebach	
4542	0:22:39	1/1/2019 	1353702	66.00	9.00	5.93	56.27	93859.09	49793	0	BartonZwiebach	
4543	0:22:39	1/1/2019 	1353754	67.00	9.00	5.94	56.27	93859.09	1850	0	BartonZwiebach	
4544	0:22:40	1/1/2019 	1353804	72.00	10.00	6.01	56.27	93859.09	3833	0	BartonZwiebach	
4545	0:22:40	1/1/2019 	1353910	64.00	9.00	5.92	56.27	93859.09	1850	0	BartonZwiebach	
4546	0:22:40	1/1/2019 	1354129	62.00	10.00	5.90	56.27	93858.75	1848	0	BartonZwiebach	
4547	0:22:40	1/1/2019 	1354183	86.00	10.00	6.26	56.27	93858.75	1849	0	BartonZwiebach	
4548	0:22:40	1/1/2019 	1354241	105.00	10.00	6.73	56.27	93858.75	1850	0	BartonZwiebach	
4549	0:22:40	1/1/2019 	1354465	73.00	10.00	6.02	56.27	93858.75	1849	0	BartonZwiebach	
4550	0:22:41	1/1/2019 	1354783	987.00	631.00	112.01	56.27	93858.73	51750	0	BartonZwiebach	
4551	0:22:41	1/1/2019 	1355122	67.00	9.00	5.94	56.27	93858.38	1853	0	BartonZwiebach	
4552	0:22:41	1/1/2019 	1355129	71.00	10.00	5.99	56.27	93858.38	1857	0	BartonZwiebach	
4553	0:22:41	1/1/2019 	1355275	360.00	12.00	11.95	56.27	93858.38	1856	0	BartonZwiebach	
4554	0:22:41	1/1/2019 	1355366	132.00	9.00	7.50	56.27	93858.38	1856	0	BartonZwiebach	
4555	0:22:41	1/1/2019 	1355634	69.00	9.00	5.97	56.27	93858.03	49798	0	BartonZwiebach	
4556	0:22:41	1/1/2019 	1355700	70.00	9.00	5.98	56.27	93858.03	6286	0	BartonZwiebach	
4557	0:22:42	1/1/2019 	1355824	72.00	10.00	6.01	56.27	93858.03	1849	0	BartonZwiebach	
4558	0:22:42	1/1/2019 	1355989	64.00	9.00	5.92	56.27	93858.03	1851	0	BartonZwiebach	
4559	0:22:42	1/1/2019 	1356266	65.00	10.00	5.93	56.28	93858.05	1849	0	BartonZwiebach	
4560	0:22:42	1/1/2019 	1356281	68.00	9.00	5.95	56.28	93858.05	1849	0	BartonZwiebach	
4561	0:22:42	1/1/2019 	1356555	69.00	9.00	5.97	56.28	93857.52	49796	0	BartonZwiebach	
4562	0:22:42	1/1/2019 	1356618	64.00	9.00	5.92	56.28	93857.52	3833	0	BartonZwiebach	
4563	0:22:42	1/1/2019 	1356731	72.00	10.00	6.01	56.28	93857.52	1848	0	BartonZwiebach	
4564	0:22:42	1/1/2019 	1356753	68.00	10.00	5.96	56.28	93857.52	1850	0	BartonZwiebach	
4565	0:22:43	1/1/2019 	1357077	63.00	8.00	5.91	56.28	93857.17	1849	0	BartonZwiebach	
4566	0:22:43	1/1/2019 	1357144	68.00	9.00	5.95	56.28	93857.17	1848	0	BartonZwiebach	
4567	0:22:43	1/1/2019 	1357338	81.00	10.00	6.16	56.28	93857.17	1850	0	BartonZwiebach	
4568	0:22:43	1/1/2019 	1357629	65.00	10.00	5.93	56.28	93857.30	51777	0	BartonZwiebach	
4569	0:22:43	1/1/2019 	1357736	72.00	9.00	6.01	56.28	93857.30	1849	0	BartonZwiebach	
4570	0:22:44	1/1/2019 	1357834	102.00	9.00	6.65	56.28	93857.30	1849	0	BartonZwiebach	
4571	0:22:44	1/1/2019 	1357857	64.00	9.00	5.92	56.28	93857.30	1850	0	BartonZwiebach	
4572	0:22:44	1/1/2019 	1358059	66.00	10.00	5.94	56.28	93856.95	1848	0	BartonZwiebach	
4573	0:22:44	1/1/2019 	1358086	67.00	9.00	5.94	56.28	93856.95	1849	0	BartonZwiebach	
4574	0:22:44	1/1/2019 	1358161	69.00	9.00	5.97	56.28	93856.95	3833	0	BartonZwiebach	
4575	0:22:44	1/1/2019 	1358199	86.00	10.00	6.26	56.28	93856.95	1850	0	BartonZwiebach	
4576	0:22:44	1/1/2019 	1358271	65.00	10.00	5.93	56.28	93856.95	1849	0	BartonZwiebach	
4577	0:22:44	1/1/2019 	1358276	737.00	38.00	20.96	56.28	93856.95	1850	0	BartonZwiebach	
4578	0:22:44	1/1/2019 	1358364	856.00	53.00	22.90	56.28	93856.95	1851	0	BartonZwiebach	
4579	0:22:44	1/1/2019 	1358369	69.00	10.00	5.97	56.28	93856.95	1850	0	BartonZwiebach	
4580	0:22:44	1/1/2019 	1358755	70.00	9.00	5.98	56.28	93856.78	51778	0	BartonZwiebach	
4581	0:22:45	1/1/2019 	1359165	64.00	9.00	5.92	56.28	93856.61	1849	0	BartonZwiebach	
4582	0:22:45	1/1/2019 	1359246	123.00	11.00	7.24	56.28	93856.61	1848	0	BartonZwiebach	
4583	0:22:45	1/1/2019 	1359695	64.00	10.00	5.92	56.28	93856.79	49797	0	BartonZwiebach	
4584	0:22:45	1/1/2019 	1359725	64.00	9.00	5.92	56.28	93856.79	2603	0	BartonZwiebach	
4585	0:22:45	1/1/2019 	1359752	85.00	9.00	6.24	56.28	93856.79	1848	0	BartonZwiebach	
4586	0:22:45	1/1/2019 	1359756	71.00	9.00	5.99	56.28	93856.79	3971	0	BartonZwiebach	
4587	0:22:46	1/1/2019 	1359765	68.00	10.00	5.96	56.28	93856.79	1849	0	BartonZwiebach	
4588	0:22:46	1/1/2019 	1359834	693.00	30.00	19.36	56.28	93856.79	1851	0	BartonZwiebach	
4589	0:22:46	1/1/2019 	1359843	69.00	10.00	5.97	56.28	93856.79	1849	0	BartonZwiebach	
4590	0:22:46	1/1/2019 	1360101	68.00	9.00	5.95	56.28	93856.61	1848	0	BartonZwiebach	
4591	0:22:46	1/1/2019 	1360118	66.00	9.00	5.93	56.28	93856.61	3832	0	BartonZwiebach	
4592	0:22:46	1/1/2019 	1360173	81.00	9.00	6.16	56.28	93856.61	1848	0	BartonZwiebach	
4593	0:22:46	1/1/2019 	1360387	66.00	10.00	5.94	56.28	93856.61	1849	0	BartonZwiebach	
4594	0:22:46	1/1/2019 	1360499	64.00	9.00	5.92	56.28	93856.61	1849	0	BartonZwiebach	
4595	0:22:46	1/1/2019 	1360616	109.00	9.00	6.84	56.28	93856.61	49840	0	BartonZwiebach	
4596	0:22:47	1/1/2019 	1360827	73.00	10.00	6.02	56.28	93856.61	1849	0	BartonZwiebach	
4597	0:22:47	1/1/2019 	1360860	95.00	9.00	6.47	56.28	93856.61	3834	0	BartonZwiebach	
4598	0:22:47	1/1/2019 	1360884	65.00	10.00	5.93	56.28	93856.80	1849	0	BartonZwiebach	
4599	0:22:47	1/1/2019 	1360906	77.00	9.00	6.08	56.28	93856.80	1849	0	BartonZwiebach	
4600	0:22:47	1/1/2019 	1361270	65.00	9.00	5.92	56.28	93856.80	1849	0	BartonZwiebach	
4601	0:22:47	1/1/2019 	1361306	63.00	9.00	5.91	56.28	93856.80	1849	0	BartonZwiebach	
4602	0:22:47	1/1/2019 	1361345	62.00	9.00	5.90	56.28	93856.80	1849	0	BartonZwiebach	
4603	0:22:47	1/1/2019 	1361409	617.00	30.00	16.89	56.28	93856.80	3832	0	BartonZwiebach	
4604	0:22:47	1/1/2019 	1361434	66.00	10.00	5.94	56.28	93856.80	1850	0	BartonZwiebach	
4605	0:22:47	1/1/2019 	1361487	80.00	10.00	6.14	56.28	93856.80	1848	0	BartonZwiebach	
4606	0:22:47	1/1/2019 	1361630	68.00	9.00	5.95	56.28	93856.80	49793	0	BartonZwiebach	
4607	0:22:47	1/1/2019 	1361733	165.00	10.00	8.44	56.28	93856.80	1848	0	BartonZwiebach	
4608	0:22:48	1/1/2019 	1361817	66.00	10.00	5.94	56.28	93856.80	1849	0	BartonZwiebach	
4609	0:22:48	1/1/2019 	1361874	76.00	9.00	6.07	56.28	93856.80	3834	0	BartonZwiebach	
4610	0:22:48	1/1/2019 	1361970	67.00	10.00	5.95	56.28	93856.80	1848	0	BartonZwiebach	
4611	0:22:48	1/1/2019 	1362008	68.00	9.00	5.95	56.28	93856.80	1849	0	BartonZwiebach	
4612	0:22:48	1/1/2019 	1362277	73.00	9.00	6.02	56.28	93856.80	1848	0	BartonZwiebach	
4613	0:22:48	1/1/2019 	1362645	66.00	9.00	5.93	56.28	93856.97	49793	0	BartonZwiebach	
4614	0:22:48	1/1/2019 	1362651	98.00	10.00	6.55	56.28	93856.97	1849	0	BartonZwiebach	
4615	0:22:48	1/1/2019 	1362659	65.00	9.00	5.92	56.28	93856.97	3834	0	BartonZwiebach	
4616	0:22:48	1/1/2019 	1362726	67.00	9.00	5.94	56.28	93856.97	1849	0	BartonZwiebach	
4617	0:22:49	1/1/2019 	1362780	63.00	10.00	5.91	56.28	93856.97	1848	0	BartonZwiebach	
4618	0:22:49	1/1/2019 	1362804	77.00	10.00	6.08	56.29	93857.12	1850	0	BartonZwiebach	
4619	0:22:49	1/1/2019 	1362841	67.00	9.00	5.94	56.29	93857.12	1849	0	BartonZwiebach	
4620	0:22:49	1/1/2019 	1363205	64.00	9.00	5.92	56.29	93857.12	1849	0	BartonZwiebach	
4621	0:22:49	1/1/2019 	1363422	191.00	10.00	9.11	56.29	93857.12	3832	0	BartonZwiebach	
4622	0:22:49	1/1/2019 	1363432	65.00	9.00	5.92	56.29	93857.12	1851	0	BartonZwiebach	
4623	0:22:49	1/1/2019 	1363488	76.00	9.00	6.07	56.29	93857.12	1849	0	BartonZwiebach	
4624	0:22:49	1/1/2019 	1363659	78.00	9.00	6.10	56.29	93857.12	49793	0	BartonZwiebach	
4625	0:22:50	1/1/2019 	1363785	582.00	18.00	14.91	56.29	93857.12	1850	0	BartonZwiebach	
4626	0:22:50	1/1/2019 	1363791	67.00	10.00	5.95	56.29	93857.12	1851	0	BartonZwiebach	
4627	0:22:50	1/1/2019 	1363849	64.00	9.00	5.92	56.29	93857.12	3833	0	BartonZwiebach	
4628	0:22:50	1/1/2019 	1363906	982.00	387.00	72.30	56.29	93857.12	1848	0	BartonZwiebach	
4629	0:22:50	1/1/2019 	1364108	69.00	10.00	5.97	56.29	93857.12	1849	0	BartonZwiebach	
4630	0:22:50	1/1/2019 	1364137	71.00	9.00	5.99	56.29	93857.12	1849	0	BartonZwiebach	
4631	0:22:50	1/1/2019 	1364320	70.00	10.00	5.98	56.29	93857.47	1849	0	BartonZwiebach	
4632	0:22:50	1/1/2019 	1364343	82.00	10.00	6.18	56.29	93857.47	1849	0	BartonZwiebach	
4633	0:22:50	1/1/2019 	1364356	68.00	8.00	5.95	56.29	93857.47	3887	0	BartonZwiebach	
4634	0:22:50	1/1/2019 	1364708	71.00	9.00	5.99	56.29	93857.47	49793	0	BartonZwiebach	
4635	0:22:51	1/1/2019 	1364912	576.00	18.00	14.78	56.29	93857.30	1850	0	BartonZwiebach	
4636	0:22:51	1/1/2019 	1364954	542.00	16.00	14.00	56.29	93857.30	1852	0	BartonZwiebach	
4637	0:22:51	1/1/2019 	1365001	66.00	9.00	5.93	56.29	93857.30	1849	0	BartonZwiebach	
4638	0:22:51	1/1/2019 	1365065	73.00	9.00	6.02	56.29	93857.30	1850	0	BartonZwiebach	
4639	0:22:51	1/1/2019 	1365081	65.00	10.00	5.93	56.29	93857.30	3832	0	BartonZwiebach	
4640	0:22:51	1/1/2019 	1365133	65.00	9.00	5.92	56.29	93857.30	1849	0	BartonZwiebach	
4641	0:22:51	1/1/2019 	1365214	66.00	9.00	5.93	56.29	93857.30	1848	0	BartonZwiebach	
4642	0:22:51	1/1/2019 	1365284	68.00	10.00	5.96	56.29	93857.30	1850	0	BartonZwiebach	
4643	0:22:51	1/1/2019 	1365498	66.00	9.00	5.93	56.29	93857.30	1850	0	BartonZwiebach	
4644	0:22:51	1/1/2019 	1365551	65.00	9.00	5.92	56.29	93857.30	49839	0	BartonZwiebach	
4645	0:22:51	1/1/2019 	1365619	158.00	10.00	8.25	56.29	93857.30	3834	0	BartonZwiebach	
4646	0:22:51	1/1/2019 	1365671	63.00	9.00	5.91	56.29	93857.30	1850	0	BartonZwiebach	
4647	0:22:52	1/1/2019 	1365817	65.00	9.00	5.92	56.29	93857.48	1848	0	BartonZwiebach	
4648	0:22:52	1/1/2019 	1365854	72.00	10.00	6.01	56.29	93857.48	1850	0	BartonZwiebach	
4649	0:22:52	1/1/2019 	1365921	70.00	9.00	5.98	56.29	93857.48	1850	0	BartonZwiebach	
4650	0:22:52	1/1/2019 	1366171	67.00	10.00	5.95	56.29	93857.48	3833	0	BartonZwiebach	
4651	0:22:52	1/1/2019 	1366173	70.00	10.00	5.98	56.29	93857.48	1850	0	BartonZwiebach	
4652	0:22:52	1/1/2019 	1366464	72.00	10.00	6.01	56.29	93857.31	1850	0	BartonZwiebach	
4653	0:22:52	1/1/2019 	1366482	86.00	9.00	6.26	56.29	93857.31	1849	0	BartonZwiebach	
4654	0:22:52	1/1/2019 	1366659	71.00	10.00	5.99	56.29	93857.31	49794	0	BartonZwiebach	
4655	0:22:53	1/1/2019 	1366999	66.00	9.00	5.93	56.29	93857.31	1850	0	BartonZwiebach	
4656	0:22:53	1/1/2019 	1367182	77.00	10.00	6.08	56.29	93857.13	3833	0	BartonZwiebach	
4657	0:22:54	1/1/2019 	1368114	62.00	9.00	5.90	56.29	93857.13	49795	0	BartonZwiebach	
4658	0:22:54	1/1/2019 	1368250	162.00	11.00	8.37	56.29	93857.44	1851	0	BartonZwiebach	
4659	0:22:54	1/1/2019 	1368257	69.00	9.00	5.97	56.29	93857.44	1850	0	BartonZwiebach	
4660	0:22:54	1/1/2019 	1368319	64.00	9.00	5.92	56.29	93857.44	1848	0	BartonZwiebach	
4661	0:22:54	1/1/2019 	1368344	70.00	10.00	5.98	56.29	93857.44	1849	0	BartonZwiebach	
4662	0:22:54	1/1/2019 	1368400	70.00	10.00	5.98	56.29	93857.44	3834	0	BartonZwiebach	
4663	0:22:54	1/1/2019 	1368482	843.00	49.00	22.47	56.29	93857.44	1849	0	BartonZwiebach	
4664	0:22:54	1/1/2019 	1368592	92.00	9.00	6.39	56.29	93857.44	49799	0	BartonZwiebach	
4665	0:22:54	1/1/2019 	1368609	65.00	9.00	5.92	56.29	93857.44	1849	0	BartonZwiebach	
4666	0:22:55	1/1/2019 	1368855	64.00	9.00	5.92	56.29	93857.26	1850	0	BartonZwiebach	
4667	0:22:55	1/1/2019 	1369196	68.00	9.00	5.95	56.29	93856.91	1849	0	BartonZwiebach	
4668	0:22:55	1/1/2019 	1369349	74.00	9.00	6.03	56.29	93856.91	3832	0	BartonZwiebach	
4669	0:22:55	1/1/2019 	1369613	64.00	10.00	5.92	56.29	93856.73	49795	0	BartonZwiebach	
4670	0:22:55	1/1/2019 	1369618	208.00	9.00	9.49	56.29	93856.73	2604	0	BartonZwiebach	
4671	0:22:55	1/1/2019 	1369638	64.00	10.00	5.92	56.29	93856.73	1850	0	BartonZwiebach	
4672	0:22:55	1/1/2019 	1369687	66.00	10.00	5.94	56.29	93856.73	1848	0	BartonZwiebach	
4673	0:22:56	1/1/2019 	1369815	63.00	10.00	5.91	56.29	93856.73	1850	0	BartonZwiebach	
4674	0:22:56	1/1/2019 	1369842	582.00	18.00	14.91	56.29	93856.73	4028	0	BartonZwiebach	
4675	0:22:56	1/1/2019 	1369870	77.00	10.00	6.08	56.29	93856.73	1850	0	BartonZwiebach	
4676	0:22:56	1/1/2019 	1370082	66.00	10.00	5.94	56.30	93857.09	1849	0	BartonZwiebach	
4677	0:22:56	1/1/2019 	1370163	64.00	10.00	5.92	56.30	93857.09	1850	0	BartonZwiebach	
4678	0:22:56	1/1/2019 	1370458	65.00	10.00	5.93	56.30	93857.09	1849	0	BartonZwiebach	
4679	0:22:56	1/1/2019 	1370548	70.00	9.00	5.98	56.30	93857.09	49793	0	BartonZwiebach	
4680	0:22:56	1/1/2019 	1370597	66.00	10.00	5.94	56.30	93857.09	3834	0	BartonZwiebach	
4681	0:22:57	1/1/2019 	1371337	66.00	10.00	5.94	56.30	93857.44	1849	0	BartonZwiebach	
4682	0:22:57	1/1/2019 	1371419	905.00	58.00	23.49	56.30	93857.44	1851	0	BartonZwiebach	
4683	0:22:58	1/1/2019 	1371903	296.00	13.00	11.15	56.30	93857.61	49798	0	BartonZwiebach	
4684	0:22:58	1/1/2019 	1372006	396.00	12.00	12.31	56.30	93857.61	1852	0	BartonZwiebach	
4685	0:22:58	1/1/2019 	1372130	65.00	9.00	5.92	56.30	93857.97	1849	0	BartonZwiebach	
4686	0:22:58	1/1/2019 	1372178	279.00	13.00	10.88	56.30	93857.97	3833	0	BartonZwiebach	
4687	0:22:58	1/1/2019 	1372180	68.00	10.00	5.96	56.30	93857.97	1850	0	BartonZwiebach	
4688	0:22:58	1/1/2019 	1372211	69.00	10.00	5.97	56.30	93857.97	1849	0	BartonZwiebach	
4689	0:22:58	1/1/2019 	1372269	179.00	10.00	8.81	56.30	93857.97	1849	0	BartonZwiebach	
4690	0:22:58	1/1/2019 	1372394	64.00	9.00	5.92	56.30	93857.97	1851	0	BartonZwiebach	
4691	0:22:58	1/1/2019 	1372460	70.00	9.00	5.98	56.30	93857.97	1848	0	BartonZwiebach	
4692	0:22:58	1/1/2019 	1372481	74.00	9.00	6.03	56.30	93857.97	3832	0	BartonZwiebach	
4693	0:22:58	1/1/2019 	1372617	84.00	10.00	6.22	56.30	93857.80	49795	0	BartonZwiebach	
4694	0:22:58	1/1/2019 	1372714	68.00	9.00	5.95	56.30	93857.80	1850	0	BartonZwiebach	
4695	0:22:59	1/1/2019 	1372775	80.00	10.00	6.14	56.30	93857.80	1850	0	BartonZwiebach	
4696	0:22:59	1/1/2019 	1372791	66.00	9.00	5.93	56.30	93857.80	1850	0	BartonZwiebach	
4697	0:22:59	1/1/2019 	1373214	983.00	410.00	75.81	56.30	93859.00	3834	0	BartonZwiebach	
4698	0:22:59	1/1/2019 	1373471	102.00	10.00	6.65	56.30	93858.48	1851	0	BartonZwiebach	
4699	0:22:59	1/1/2019 	1373654	81.00	9.00	6.16	56.30	93858.48	49795	0	BartonZwiebach	
4700	0:22:59	1/1/2019 	1373709	66.00	9.00	5.93	56.30	93858.48	1849	0	BartonZwiebach	
4701	0:23:00	1/1/2019 	1373773	70.00	10.00	5.98	56.30	93858.48	1848	0	BartonZwiebach	
4702	0:23:00	1/1/2019 	1373890	64.00	9.00	5.92	56.30	93858.48	1850	0	BartonZwiebach	
4703	0:23:00	1/1/2019 	1373967	67.00	10.00	5.95	56.30	93857.97	3831	0	BartonZwiebach	
4704	0:23:00	1/1/2019 	1374107	67.00	9.00	5.94	56.30	93857.97	1850	0	BartonZwiebach	
4705	0:23:00	1/1/2019 	1374144	65.00	10.00	5.93	56.30	93857.97	1849	0	BartonZwiebach	
4706	0:23:00	1/1/2019 	1374206	74.00	9.00	6.03	56.30	93857.97	1849	0	BartonZwiebach	
4707	0:23:00	1/1/2019 	1374222	66.00	10.00	5.94	56.30	93857.97	1849	0	BartonZwiebach	
4708	0:23:00	1/1/2019 	1374270	75.00	10.00	6.05	56.30	93857.97	1849	0	BartonZwiebach	
4709	0:23:00	1/1/2019 	1374279	77.00	9.00	6.08	56.30	93857.97	3833	0	BartonZwiebach	
4710	0:23:00	1/1/2019 	1374452	66.00	10.00	5.94	56.30	93856.92	1848	0	BartonZwiebach	
4711	0:23:00	1/1/2019 	1374574	70.00	9.00	5.98	56.30	93856.92	49793	0	BartonZwiebach	
4712	0:23:01	1/1/2019 	1375307	64.00	10.00	5.92	56.30	93856.41	1848	0	BartonZwiebach	
4713	0:23:01	1/1/2019 	1375332	958.00	153.00	39.76	56.30	93856.41	1849	0	BartonZwiebach	
4714	0:23:01	1/1/2019 	1375688	75.00	9.00	6.05	56.30	93855.86	49800	0	BartonZwiebach	
4715	0:23:02	1/1/2019 	1376118	147.00	10.00	7.94	56.30	93855.17	3832	0	BartonZwiebach	
4716	0:23:02	1/1/2019 	1376184	66.00	9.00	5.93	56.30	93855.17	1851	0	BartonZwiebach	
4717	0:23:02	1/1/2019 	1376197	64.00	13.00	5.92	56.30	93855.17	1849	0	BartonZwiebach	
4718	0:23:02	1/1/2019 	1376309	957.00	152.00	39.60	56.30	93855.17	1849	0	BartonZwiebach	
4719	0:23:02	1/1/2019 	1376667	66.00	9.00	5.93	56.30	93854.30	49798	0	BartonZwiebach	
4720	0:23:02	1/1/2019 	1376700	65.00	10.00	5.93	56.30	93854.30	1849	0	BartonZwiebach	
4721	0:23:03	1/1/2019 	1376955	65.00	10.00	5.93	56.30	93853.61	3833	0	BartonZwiebach	
4722	0:23:03	1/1/2019 	1377013	74.00	10.00	6.04	56.30	93853.61	1850	0	BartonZwiebach	
4723	0:23:03	1/1/2019 	1377140	949.00	141.00	37.80	56.30	93853.61	1849	0	BartonZwiebach	
4724	0:23:03	1/1/2019 	1377164	795.00	45.00	21.99	56.30	93853.61	1851	0	BartonZwiebach	
4725	0:23:03	1/1/2019 	1377235	64.00	9.00	5.92	56.30	93853.61	1849	0	BartonZwiebach	
4726	0:23:03	1/1/2019 	1377499	70.00	9.00	5.98	56.30	93852.75	1847	0	BartonZwiebach	
4727	0:23:03	1/1/2019 	1377737	65.00	9.00	5.92	56.30	93852.75	51831	0	BartonZwiebach	
4728	0:23:04	1/1/2019 	1377920	69.00	10.00	5.97	56.30	93852.05	1850	0	BartonZwiebach	
4729	0:23:04	1/1/2019 	1377929	69.00	9.00	5.97	56.30	93852.05	1850	0	BartonZwiebach	
4730	0:23:04	1/1/2019 	1377988	68.00	9.00	5.95	56.30	93852.05	1849	0	BartonZwiebach	
4731	0:23:04	1/1/2019 	1378119	84.00	10.00	6.22	56.30	93852.05	1849	0	BartonZwiebach	
4732	0:23:04	1/1/2019 	1378145	65.00	10.00	5.93	56.30	93852.05	1849	0	BartonZwiebach	
4733	0:23:04	1/1/2019 	1378287	723.00	34.00	20.36	56.30	93852.05	3834	0	BartonZwiebach	
4734	0:23:04	1/1/2019 	1378303	67.00	9.00	5.94	56.30	93852.05	1850	0	BartonZwiebach	
4735	0:23:04	1/1/2019 	1378312	68.00	9.00	5.95	56.30	93851.89	1849	0	BartonZwiebach	
4736	0:23:04	1/1/2019 	1378347	65.00	10.00	5.93	56.30	93851.89	1849	0	BartonZwiebach	
4737	0:23:04	1/1/2019 	1378370	554.00	22.00	14.62	56.30	93851.89	1848	0	BartonZwiebach	
4738	0:23:04	1/1/2019 	1378576	69.00	10.00	5.97	56.30	93851.89	49797	0	BartonZwiebach	
4739	0:23:04	1/1/2019 	1378626	68.00	9.00	5.95	56.30	93851.89	3833	0	BartonZwiebach	
4740	0:23:04	1/1/2019 	1378758	68.00	10.00	5.96	56.30	93851.89	1849	0	BartonZwiebach	
4741	0:23:05	1/1/2019 	1378825	71.00	9.00	5.99	56.30	93851.54	1849	0	BartonZwiebach	
4742	0:23:05	1/1/2019 	1378919	61.00	9.00	5.90	56.30	93851.54	1850	0	BartonZwiebach	
4743	0:23:05	1/1/2019 	1379039	63.00	9.00	5.91	56.30	93851.54	1849	0	BartonZwiebach	
4744	0:23:05	1/1/2019 	1379174	77.00	9.00	6.08	56.30	93851.54	3832	0	BartonZwiebach	
4745	0:23:05	1/1/2019 	1379195	199.00	11.00	9.31	56.30	93851.54	1849	0	BartonZwiebach	
4746	0:23:05	1/1/2019 	1379218	65.00	8.00	5.92	56.30	93851.54	1849	0	BartonZwiebach	
4747	0:23:05	1/1/2019 	1379688	65.00	9.00	5.92	56.30	93850.84	49791	0	BartonZwiebach	
4748	0:23:05	1/1/2019 	1379714	68.00	9.00	5.95	56.30	93850.84	2800	0	BartonZwiebach	
4749	0:23:06	1/1/2019 	1379791	68.00	10.00	5.96	56.30	93850.33	1849	0	BartonZwiebach	
4750	0:23:06	1/1/2019 	1379886	838.00	48.00	22.37	56.30	93850.33	3974	0	BartonZwiebach	
4751	0:23:06	1/1/2019 	1380332	67.00	9.00	5.94	56.30	93849.98	1849	0	BartonZwiebach	
4752	0:23:06	1/1/2019 	1380426	67.00	10.00	5.95	56.30	93849.98	1850	0	BartonZwiebach	
4753	0:23:06	1/1/2019 	1380461	67.00	10.00	5.95	56.30	93849.98	1850	0	BartonZwiebach	
4754	0:23:06	1/1/2019 	1380669	65.00	10.00	5.93	56.30	93849.98	49793	0	BartonZwiebach	
4755	0:23:06	1/1/2019 	1380680	73.00	9.00	6.02	56.30	93849.98	1850	0	BartonZwiebach	
4756	0:23:06	1/1/2019 	1380697	66.00	11.00	5.94	56.30	93849.98	3833	0	BartonZwiebach	
4757	0:23:06	1/1/2019 	1380712	76.00	9.00	6.07	56.30	93849.98	1849	0	BartonZwiebach	
4758	0:23:06	1/1/2019 	1380716	65.00	9.00	5.92	56.30	93849.98	1849	0	BartonZwiebach	
4759	0:23:07	1/1/2019 	1380789	135.00	10.00	7.59	56.30	93849.46	1849	0	BartonZwiebach	
4760	0:23:07	1/1/2019 	1381048	65.00	9.00	5.92	56.30	93849.46	1851	0	BartonZwiebach	
4761	0:23:07	1/1/2019 	1381216	68.00	10.00	5.96	56.30	93849.46	1849	0	BartonZwiebach	
4762	0:23:07	1/1/2019 	1381246	78.00	9.00	6.10	56.30	93848.94	3833	0	BartonZwiebach	
4763	0:23:08	1/1/2019 	1381829	66.00	10.00	5.94	56.30	93848.59	49792	0	BartonZwiebach	
4764	0:23:08	1/1/2019 	1382098	66.00	9.00	5.93	56.30	93848.59	1851	0	BartonZwiebach	
4765	0:23:08	1/1/2019 	1382163	106.00	10.00	6.76	56.30	93848.59	1848	0	BartonZwiebach	
4766	0:23:08	1/1/2019 	1382416	82.00	9.00	6.18	56.30	93848.08	1850	0	BartonZwiebach	
4767	0:23:08	1/1/2019 	1382661	66.00	9.00	5.93	56.30	93848.08	49794	0	BartonZwiebach	
4768	0:23:08	1/1/2019 	1382669	603.00	29.00	16.34	56.30	93848.08	3889	0	BartonZwiebach	
4769	0:23:08	1/1/2019 	1382764	312.00	14.00	11.41	56.30	93847.73	1850	0	BartonZwiebach	
4770	0:23:09	1/1/2019 	1382779	66.00	10.00	5.94	56.30	93847.73	1851	0	BartonZwiebach	
4771	0:23:09	1/1/2019 	1383072	71.00	9.00	5.99	56.30	93847.73	1850	0	BartonZwiebach	
4772	0:23:09	1/1/2019 	1383105	68.00	10.00	5.96	56.30	93847.73	1849	0	BartonZwiebach	
4773	0:23:09	1/1/2019 	1383292	238.00	12.00	10.14	56.30	93847.20	1850	0	BartonZwiebach	
4774	0:23:09	1/1/2019 	1383496	304.00	13.00	11.27	56.30	93847.20	3834	0	BartonZwiebach	
4775	0:23:10	1/1/2019 	1383794	65.00	10.00	5.93	56.30	93846.86	49795	0	BartonZwiebach	
4776	0:23:10	1/1/2019 	1383855	66.00	9.00	5.93	56.30	93846.86	1850	0	BartonZwiebach	
4777	0:23:10	1/1/2019 	1383982	858.00	56.00	23.21	56.30	93846.86	1850	0	BartonZwiebach	
4778	0:23:10	1/1/2019 	1384408	64.00	10.00	5.92	56.30	93846.52	1850	0	BartonZwiebach	
4779	0:23:10	1/1/2019 	1384630	66.00	9.00	5.93	56.30	93846.00	49793	0	BartonZwiebach	
4780	0:23:11	1/1/2019 	1384845	64.00	9.00	5.92	56.30	93846.00	3834	0	BartonZwiebach	
4781	0:23:11	1/1/2019 	1384948	74.00	10.00	6.04	56.30	93846.00	1849	0	BartonZwiebach	
4782	0:23:11	1/1/2019 	1385042	73.00	9.00	6.02	56.30	93846.00	1849	0	BartonZwiebach	
4783	0:23:11	1/1/2019 	1385114	64.00	9.00	5.92	56.30	93845.65	1848	0	BartonZwiebach	
4784	0:23:11	1/1/2019 	1385387	64.00	9.00	5.92	56.30	93845.65	1847	0	BartonZwiebach	
4785	0:23:11	1/1/2019 	1385475	64.00	9.00	5.92	56.30	93845.65	1848	0	BartonZwiebach	
4786	0:23:11	1/1/2019 	1385699	73.00	9.00	6.02	56.30	93845.12	51779	0	BartonZwiebach	
4787	0:23:12	1/1/2019 	1385931	980.00	591.00	102.81	56.30	93845.12	1856	0	BartonZwiebach	
4788	0:23:12	1/1/2019 	1386018	82.00	9.00	6.18	56.30	93845.12	1858	0	BartonZwiebach	
4789	0:23:12	1/1/2019 	1386402	64.00	9.00	5.92	56.30	93844.61	1853	0	BartonZwiebach	
4790	0:23:12	1/1/2019 	1386476	64.00	9.00	5.92	56.30	93844.61	1848	0	BartonZwiebach	
4791	0:23:12	1/1/2019 	1386621	72.00	10.00	6.01	56.30	93844.09	49793	0	BartonZwiebach	
4792	0:23:12	1/1/2019 	1386755	67.00	9.00	5.94	56.30	93844.09	3834	0	BartonZwiebach	
4793	0:23:13	1/1/2019 	1387240	64.00	10.00	5.92	56.30	93843.74	1850	0	BartonZwiebach	
4794	0:23:13	1/1/2019 	1387251	64.00	9.00	5.92	56.30	93843.74	1849	0	BartonZwiebach	
4795	0:23:13	1/1/2019 	1387377	385.00	13.00	12.26	56.30	93843.74	1848	0	BartonZwiebach	
4796	0:23:13	1/1/2019 	1387387	66.00	9.00	5.93	56.30	93843.74	1850	0	BartonZwiebach	
4797	0:23:13	1/1/2019 	1387609	78.00	9.00	6.10	56.30	93843.22	51778	0	BartonZwiebach	
4798	0:23:13	1/1/2019 	1387646	65.00	10.00	5.93	56.30	93843.22	1849	0	BartonZwiebach	
4799	0:23:13	1/1/2019 	1387749	87.00	10.00	6.28	56.30	93843.22	1849	0	BartonZwiebach	
4800	0:23:13	1/1/2019 	1387756	67.00	10.00	5.95	56.30	93843.22	1848	0	BartonZwiebach	
4801	0:23:14	1/1/2019 	1387861	72.00	9.00	6.01	56.30	93843.22	1849	0	BartonZwiebach	
4802	0:23:14	1/1/2019 	1387928	65.00	9.00	5.92	56.30	93843.22	1850	0	BartonZwiebach	
4803	0:23:14	1/1/2019 	1387933	65.00	9.00	5.92	56.30	93843.22	3833	0	BartonZwiebach	
4804	0:23:14	1/1/2019 	1388051	76.00	9.00	6.07	56.30	93842.88	1852	0	BartonZwiebach	
4805	0:23:14	1/1/2019 	1388071	275.00	11.00	10.77	56.30	93842.88	1856	0	BartonZwiebach	
4806	0:23:14	1/1/2019 	1388132	65.00	9.00	5.92	56.30	93842.88	1858	0	BartonZwiebach	
4807	0:23:14	1/1/2019 	1388141	950.00	104.00	30.80	56.30	93842.88	1856	0	BartonZwiebach	
4808	0:23:14	1/1/2019 	1388325	65.00	10.00	5.93	56.30	93842.88	1856	0	BartonZwiebach	
4809	0:23:14	1/1/2019 	1388343	88.00	10.00	6.30	56.30	93842.88	3840	0	BartonZwiebach	
4810	0:23:14	1/1/2019 	1388359	70.00	9.00	5.98	56.30	93842.88	1857	0	BartonZwiebach	
4811	0:23:14	1/1/2019 	1388363	71.00	10.00	5.99	56.30	93842.88	1855	0	BartonZwiebach	
4812	0:23:14	1/1/2019 	1388651	73.00	10.00	6.02	56.30	93842.53	49799	0	BartonZwiebach	
4813	0:23:14	1/1/2019 	1388660	68.00	9.00	5.95	56.30	93842.53	1849	0	BartonZwiebach	
4814	0:23:14	1/1/2019 	1388704	74.00	10.00	6.04	56.30	93842.53	1849	0	BartonZwiebach	
4815	0:23:14	1/1/2019 	1388744	70.00	10.00	5.98	56.30	93842.53	3834	0	BartonZwiebach	
4816	0:23:15	1/1/2019 	1389184	78.00	9.00	6.10	56.30	93842.02	1849	0	BartonZwiebach	
4817	0:23:15	1/1/2019 	1389221	64.00	9.00	5.92	56.30	93842.02	1851	0	BartonZwiebach	
4818	0:23:15	1/1/2019 	1389273	68.00	10.00	5.96	56.30	93842.02	1849	0	BartonZwiebach	
4819	0:23:15	1/1/2019 	1389598	256.00	11.00	10.46	56.30	93841.66	49793	0	BartonZwiebach	
4820	0:23:15	1/1/2019 	1389694	70.00	10.00	5.98	56.30	93841.66	2799	0	BartonZwiebach	
4821	0:23:15	1/1/2019 	1389742	67.00	10.00	5.95	56.30	93841.66	3972	0	BartonZwiebach	
4822	0:23:16	1/1/2019 	1389900	637.00	30.00	17.62	56.30	93841.66	1849	0	BartonZwiebach	
4823	0:23:16	1/1/2019 	1389966	177.00	10.00	8.76	56.30	93841.14	1850	0	BartonZwiebach	
4824	0:23:16	1/1/2019 	1389974	67.00	10.00	5.95	56.30	93841.14	1851	0	BartonZwiebach	
4825	0:23:16	1/1/2019 	1390088	64.00	10.00	5.92	56.30	93841.14	1850	0	BartonZwiebach	
4826	0:23:16	1/1/2019 	1390484	66.00	10.00	5.94	56.30	93840.45	1849	0	BartonZwiebach	
4827	0:23:16	1/1/2019 	1390644	72.00	10.00	6.01	56.30	93840.45	51779	0	BartonZwiebach	
4828	0:23:16	1/1/2019 	1390676	521.00	26.00	14.24	56.30	93840.45	1850	0	BartonZwiebach	
4829	0:23:17	1/1/2019 	1390921	63.00	9.00	5.91	56.30	93839.92	1851	0	BartonZwiebach	
4830	0:23:17	1/1/2019 	1391064	72.00	10.00	6.01	56.30	93839.92	1851	0	BartonZwiebach	
4831	0:23:17	1/1/2019 	1391131	66.00	9.00	5.93	56.30	93839.92	1849	0	BartonZwiebach	
4832	0:23:17	1/1/2019 	1391148	89.00	10.00	6.33	56.30	93839.92	1849	0	BartonZwiebach	
4833	0:23:18	1/1/2019 	1391845	64.00	10.00	5.92	56.30	93839.58	51777	0	BartonZwiebach	
4834	0:23:18	1/1/2019 	1391864	65.00	10.00	5.93	56.30	93839.58	1849	0	BartonZwiebach	
4835	0:23:18	1/1/2019 	1392026	143.00	10.00	7.83	56.30	93839.23	1849	0	BartonZwiebach	
4836	0:23:18	1/1/2019 	1392274	69.00	10.00	5.97	56.30	93839.23	1850	0	BartonZwiebach	
4837	0:23:18	1/1/2019 	1392603	70.00	10.00	5.98	56.30	93838.71	49792	0	BartonZwiebach	
4838	0:23:19	1/1/2019 	1392905	64.00	10.00	5.92	56.30	93838.37	1850	0	BartonZwiebach	
4839	0:23:19	1/1/2019 	1393086	64.00	10.00	5.92	56.30	93838.37	3834	0	BartonZwiebach	
4840	0:23:19	1/1/2019 	1393098	137.00	10.00	7.65	56.30	93838.37	1848	0	BartonZwiebach	
4841	0:23:19	1/1/2019 	1393375	65.00	9.00	5.92	56.30	93837.52	1851	0	BartonZwiebach	
4842	0:23:19	1/1/2019 	1393578	66.00	10.00	5.94	56.30	93837.52	49792	0	BartonZwiebach	
4843	0:23:19	1/1/2019 	1393604	108.00	10.00	6.81	56.30	93837.52	1850	0	BartonZwiebach	
4844	0:23:19	1/1/2019 	1393706	96.00	10.00	6.49	56.30	93837.52	3834	0	BartonZwiebach	
4845	0:23:20	1/1/2019 	1393852	65.00	10.00	5.93	56.30	93837.17	1849	0	BartonZwiebach	
4846	0:23:20	1/1/2019 	1393988	75.00	10.00	6.05	56.30	93837.17	1850	0	BartonZwiebach	
4847	0:23:20	1/1/2019 	1394015	69.00	10.00	5.97	56.30	93837.17	1849	0	BartonZwiebach	
4848	0:23:20	1/1/2019 	1394061	186.00	11.00	9.00	56.30	93837.17	1849	0	BartonZwiebach	
4849	0:23:20	1/1/2019 	1394179	67.00	9.00	5.94	56.30	93837.17	1850	0	BartonZwiebach	
4850	0:23:20	1/1/2019 	1394195	64.00	10.00	5.92	56.30	93837.17	3834	0	BartonZwiebach	
4851	0:23:20	1/1/2019 	1394219	64.00	9.00	5.92	56.30	93837.17	1849	0	BartonZwiebach	
4852	0:23:20	1/1/2019 	1394445	67.00	10.00	5.95	56.30	93836.66	1848	0	BartonZwiebach	
4853	0:23:20	1/1/2019 	1394475	73.00	10.00	6.02	56.30	93836.66	1849	0	BartonZwiebach	
4854	0:23:20	1/1/2019 	1394553	65.00	9.00	5.92	56.30	93836.66	49794	0	BartonZwiebach	
4855	0:23:20	1/1/2019 	1394570	71.00	5.00	5.99	56.30	93836.66	1849	0	BartonZwiebach	
4856	0:23:20	1/1/2019 	1394602	78.00	10.00	6.10	56.30	93836.66	3833	0	BartonZwiebach	
4857	0:23:20	1/1/2019 	1394609	183.00	10.00	8.91	56.30	93836.66	1850	0	BartonZwiebach	
4858	0:23:20	1/1/2019 	1394639	71.00	10.00	5.99	56.30	93836.66	1849	0	BartonZwiebach	
4859	0:23:21	1/1/2019 	1394828	64.00	10.00	5.92	56.30	93836.13	1849	0	BartonZwiebach	
4860	0:23:21	1/1/2019 	1394846	64.00	10.00	5.92	56.30	93836.13	1849	0	BartonZwiebach	
4861	0:23:21	1/1/2019 	1394984	66.00	10.00	5.94	56.30	93836.13	1848	0	BartonZwiebach	
4862	0:23:21	1/1/2019 	1395346	77.00	10.00	6.08	56.30	93835.61	3888	0	BartonZwiebach	
4863	0:23:21	1/1/2019 	1395410	75.00	10.00	6.05	56.30	93835.61	1849	0	BartonZwiebach	
4864	0:23:21	1/1/2019 	1395593	66.00	10.00	5.94	56.30	93835.61	49795	0	BartonZwiebach	
4865	0:23:21	1/1/2019 	1395633	66.00	9.00	5.93	56.30	93835.61	1850	0	BartonZwiebach	
4866	0:23:21	1/1/2019 	1395635	68.00	9.00	5.95	56.30	93835.61	1850	0	BartonZwiebach	
4867	0:23:21	1/1/2019 	1395734	70.00	10.00	5.98	56.30	93835.61	1848	0	BartonZwiebach	
4868	0:23:22	1/1/2019 	1395908	65.00	9.00	5.92	56.30	93834.73	3833	0	BartonZwiebach	
4869	0:23:22	1/1/2019 	1396013	81.00	10.00	6.16	56.30	93834.73	1850	0	BartonZwiebach	
4870	0:23:22	1/1/2019 	1396087	69.00	10.00	5.97	56.30	93834.73	1849	0	BartonZwiebach	
4871	0:23:22	1/1/2019 	1396143	65.00	10.00	5.93	56.30	93834.73	1849	0	BartonZwiebach	
4872	0:23:22	1/1/2019 	1396223	66.00	9.00	5.93	56.30	93834.73	1848	0	BartonZwiebach	
4873	0:23:22	1/1/2019 	1396286	522.00	15.00	13.65	56.30	93834.22	1866	0	BartonZwiebach	
4874	0:23:22	1/1/2019 	1396439	71.00	9.00	5.99	56.30	93834.22	3834	0	BartonZwiebach	
4875	0:23:22	1/1/2019 	1396455	100.00	9.00	6.60	56.30	93834.22	1848	0	BartonZwiebach	
4876	0:23:22	1/1/2019 	1396624	66.00	10.00	5.94	56.30	93834.22	49793	0	BartonZwiebach	
4877	0:23:23	1/1/2019 	1396889	66.00	9.00	5.93	56.30	93833.88	1851	0	BartonZwiebach	
4878	0:23:23	1/1/2019 	1397052	69.00	9.00	5.97	56.30	93833.88	1858	0	BartonZwiebach	
4879	0:23:23	1/1/2019 	1397234	63.00	9.00	5.91	56.30	93833.36	1853	0	BartonZwiebach	
4880	0:23:23	1/1/2019 	1397373	65.00	9.00	5.92	56.30	93833.36	3832	0	BartonZwiebach	
4881	0:23:23	1/1/2019 	1397471	586.00	20.00	15.19	56.30	93833.36	1849	0	BartonZwiebach	
4882	0:23:23	1/1/2019 	1397494	929.00	65.00	24.32	56.30	93833.36	1850	0	BartonZwiebach	
4883	0:23:23	1/1/2019 	1397560	65.00	10.00	5.93	56.30	93833.36	49797	0	BartonZwiebach	
4884	0:23:23	1/1/2019 	1397575	588.00	19.00	15.15	56.30	93833.36	1850	0	BartonZwiebach	
4885	0:23:24	1/1/2019 	1397808	78.00	9.00	6.10	56.30	93832.84	1849	0	BartonZwiebach	
4886	0:23:24	1/1/2019 	1397874	71.00	9.00	5.99	56.30	93832.84	3834	0	BartonZwiebach	
4887	0:23:24	1/1/2019 	1397978	78.00	9.00	6.10	56.30	93832.84	1848	0	BartonZwiebach	
4888	0:23:24	1/1/2019 	1397981	67.00	9.00	5.94	56.30	93832.84	1849	0	BartonZwiebach	
4889	0:23:24	1/1/2019 	1398031	66.00	9.00	5.93	56.30	93832.84	1849	0	BartonZwiebach	
4890	0:23:24	1/1/2019 	1398147	64.00	9.00	5.92	56.30	93832.84	1848	0	BartonZwiebach	
4891	0:23:24	1/1/2019 	1398408	66.00	9.00	5.93	56.29	93831.96	1849	0	BartonZwiebach	
4892	0:23:24	1/1/2019 	1398681	69.00	10.00	5.97	56.29	93831.44	51776	0	BartonZwiebach	
4893	0:23:25	1/1/2019 	1398768	64.00	9.00	5.92	56.29	93831.44	1850	0	BartonZwiebach	
4894	0:23:25	1/1/2019 	1398879	64.00	9.00	5.92	56.29	93831.44	1848	0	BartonZwiebach	
4895	0:23:25	1/1/2019 	1399014	76.00	10.00	6.07	56.29	93831.44	1847	0	BartonZwiebach	
4896	0:23:25	1/1/2019 	1399426	69.00	9.00	5.97	56.29	93830.92	1850	0	BartonZwiebach	
4897	0:23:25	1/1/2019 	1399471	63.00	10.00	5.91	56.29	93830.92	3833	0	BartonZwiebach	
4898	0:23:25	1/1/2019 	1399576	72.00	9.00	6.01	56.29	93830.92	49792	0	BartonZwiebach	
4899	0:23:25	1/1/2019 	1399644	64.00	10.00	5.92	56.29	93830.41	2800	0	BartonZwiebach	
4900	0:23:25	1/1/2019 	1399730	66.00	9.00	5.93	56.29	93830.41	1849	0	BartonZwiebach	
4901	0:23:26	1/1/2019 	1399781	71.00	10.00	5.99	56.29	93830.41	1849	0	BartonZwiebach	
4902	0:23:26	1/1/2019 	1399852	114.00	10.00	6.98	56.29	93830.41	1851	0	BartonZwiebach	
4903	0:23:26	1/1/2019 	1400138	64.00	10.00	5.92	56.29	93829.58	4027	0	BartonZwiebach	
4904	0:23:26	1/1/2019 	1400147	61.00	9.00	5.90	56.29	93829.58	1848	0	BartonZwiebach	
4905	0:23:26	1/1/2019 	1400221	64.00	9.00	5.92	56.29	93829.58	1850	0	BartonZwiebach	
4906	0:23:26	1/1/2019 	1400393	176.00	10.00	8.73	56.29	93829.58	1849	0	BartonZwiebach	
4907	0:23:26	1/1/2019 	1400412	70.00	9.00	5.98	56.29	93829.58	1850	0	BartonZwiebach	
4908	0:23:27	1/1/2019 	1400871	66.00	9.00	5.93	56.29	93829.23	49793	0	BartonZwiebach	
4909	0:23:27	1/1/2019 	1400918	71.00	10.00	5.99	56.29	93829.23	3834	0	BartonZwiebach	
4910	0:23:27	1/1/2019 	1400944	68.00	10.00	5.96	56.29	93829.23	1849	0	BartonZwiebach	
4911	0:23:27	1/1/2019 	1400974	106.00	10.00	6.76	56.29	93829.23	1850	0	BartonZwiebach	
4912	0:23:27	1/1/2019 	1400983	73.00	10.00	6.02	56.29	93829.23	1850	0	BartonZwiebach	
4913	0:23:27	1/1/2019 	1401107	879.00	65.00	24.28	56.29	93828.72	1850	0	BartonZwiebach	
4914	0:23:27	1/1/2019 	1401138	71.00	9.00	5.99	56.29	93828.72	1851	0	BartonZwiebach	
4915	0:23:27	1/1/2019 	1401420	68.00	10.00	5.96	56.29	93828.72	3833	0	BartonZwiebach	
4916	0:23:27	1/1/2019 	1401431	72.00	10.00	6.01	56.29	93828.72	1849	0	BartonZwiebach	
4917	0:23:27	1/1/2019 	1401714	65.00	10.00	5.93	56.29	93827.84	49792	0	BartonZwiebach	
4918	0:23:28	1/1/2019 	1401791	68.00	9.00	5.95	56.29	93827.84	1849	0	BartonZwiebach	
4919	0:23:28	1/1/2019 	1401836	70.00	10.00	5.98	56.29	93827.84	1849	0	BartonZwiebach	
4920	0:23:28	1/1/2019 	1401909	64.00	9.00	5.92	56.29	93827.84	1849	0	BartonZwiebach	
4921	0:23:28	1/1/2019 	1401926	134.00	10.00	7.56	56.29	93827.84	3833	0	BartonZwiebach	
4922	0:23:28	1/1/2019 	1402213	253.00	11.00	10.40	56.29	93827.16	1849	0	BartonZwiebach	
4923	0:23:28	1/1/2019 	1402253	64.00	9.00	5.92	56.29	93827.16	1850	0	BartonZwiebach	
4924	0:23:28	1/1/2019 	1402260	74.00	13.00	6.04	56.29	93827.16	1848	0	BartonZwiebach	
4925	0:23:28	1/1/2019 	1402732	67.00	9.00	5.94	56.29	93826.28	49793	0	BartonZwiebach	
4926	0:23:29	1/1/2019 	1402822	71.00	10.00	5.99	56.29	93826.28	1849	0	BartonZwiebach	
4927	0:23:29	1/1/2019 	1402963	186.00	10.00	8.99	56.29	93826.28	3779	0	BartonZwiebach	
4928	0:23:29	1/1/2019 	1403015	195.00	10.00	9.20	56.29	93826.28	1850	0	BartonZwiebach	
4929	0:23:29	1/1/2019 	1403070	64.00	9.00	5.92	56.29	93825.94	1850	0	BartonZwiebach	
4930	0:23:29	1/1/2019 	1403166	64.00	9.00	5.92	56.29	93825.94	1848	0	BartonZwiebach	
4931	0:23:29	1/1/2019 	1403227	189.00	11.00	9.07	56.29	93825.94	1847	0	BartonZwiebach	
4932	0:23:29	1/1/2019 	1403229	70.00	10.00	5.98	56.29	93825.94	1850	0	BartonZwiebach	
4933	0:23:29	1/1/2019 	1403396	72.00	9.00	6.01	56.29	93825.94	6286	0	BartonZwiebach	
4934	0:23:29	1/1/2019 	1403554	64.00	10.00	5.92	56.29	93825.41	49793	0	BartonZwiebach	
4935	0:23:29	1/1/2019 	1403638	640.00	23.00	17.03	56.29	93825.41	1849	0	BartonZwiebach	
4936	0:23:29	1/1/2019 	1403736	69.00	10.00	5.97	56.29	93825.41	1850	0	BartonZwiebach	
4937	0:23:30	1/1/2019 	1403853	64.00	9.00	5.92	56.29	93825.41	1849	0	BartonZwiebach	
4938	0:23:30	1/1/2019 	1403936	64.00	9.00	5.92	56.29	93825.41	1849	0	BartonZwiebach	
4939	0:23:30	1/1/2019 	1404094	65.00	9.00	5.92	56.28	93824.56	3831	0	BartonZwiebach	
4940	0:23:30	1/1/2019 	1404359	662.00	26.00	18.06	56.28	93824.56	1849	0	BartonZwiebach	
4941	0:23:30	1/1/2019 	1404427	74.00	9.00	6.03	56.28	93824.56	1849	0	BartonZwiebach	
4942	0:23:30	1/1/2019 	1404628	65.00	9.00	5.92	56.28	93824.05	49791	0	BartonZwiebach	
4943	0:23:30	1/1/2019 	1404677	69.00	9.00	5.97	56.28	93824.05	1850	0	BartonZwiebach	
4944	0:23:30	1/1/2019 	1404745	91.00	9.00	6.37	56.28	93824.05	1849	0	BartonZwiebach	
4945	0:23:31	1/1/2019 	1404825	114.00	9.00	6.98	56.28	93824.05	3831	0	BartonZwiebach	
4946	0:23:31	1/1/2019 	1404915	66.00	9.00	5.93	56.28	93824.05	1849	0	BartonZwiebach	
4947	0:23:31	1/1/2019 	1404935	68.00	10.00	5.96	56.28	93824.05	1849	0	BartonZwiebach	
4948	0:23:31	1/1/2019 	1405009	67.00	9.00	5.94	56.28	93823.36	1849	0	BartonZwiebach	
4949	0:23:31	1/1/2019 	1405292	68.00	9.00	5.95	56.28	93823.36	1849	0	BartonZwiebach	
4950	0:23:31	1/1/2019 	1405342	71.00	10.00	5.99	56.28	93823.36	3832	0	BartonZwiebach	
4951	0:23:31	1/1/2019 	1405459	65.00	10.00	5.93	56.28	93822.66	1848	0	BartonZwiebach	
4952	0:23:31	1/1/2019 	1405491	66.00	10.00	5.94	56.28	93822.66	1849	0	BartonZwiebach	
4953	0:23:31	1/1/2019 	1405553	69.00	10.00	5.97	56.28	93822.66	49791	0	BartonZwiebach	
4954	0:23:31	1/1/2019 	1405730	676.00	28.00	18.70	56.28	93822.66	1851	0	BartonZwiebach	
4955	0:23:31	1/1/2019 	1405756	85.00	9.00	6.24	56.28	93822.66	1849	0	BartonZwiebach	
4956	0:23:31	1/1/2019 	1405763	68.00	10.00	5.96	56.28	93822.66	3886	0	BartonZwiebach	
4957	0:23:32	1/1/2019 	1405919	66.00	10.00	5.94	56.28	93822.66	1849	0	BartonZwiebach	
4958	0:23:32	1/1/2019 	1406239	62.00	9.00	5.90	56.28	93821.96	1850	0	BartonZwiebach	
4959	0:23:32	1/1/2019 	1406489	65.00	9.00	5.92	56.28	93821.62	1849	0	BartonZwiebach	
4960	0:23:32	1/1/2019 	1406577	325.00	15.00	11.62	56.28	93821.62	49793	0	BartonZwiebach	
4961	0:23:32	1/1/2019 	1406616	76.00	10.00	6.07	56.28	93821.62	1849	0	BartonZwiebach	
4962	0:23:32	1/1/2019 	1406714	69.00	10.00	5.97	56.28	93821.62	3834	0	BartonZwiebach	
4963	0:23:33	1/1/2019 	1406813	64.00	10.00	5.92	56.28	93821.62	1849	0	BartonZwiebach	
4964	0:23:33	1/1/2019 	1406821	67.00	9.00	5.94	56.28	93821.62	1849	0	BartonZwiebach	
4965	0:23:33	1/1/2019 	1406986	68.00	10.00	5.96	56.28	93820.74	1850	0	BartonZwiebach	
4966	0:23:33	1/1/2019 	1407402	66.00	9.00	5.93	56.28	93820.39	1867	0	BartonZwiebach	
4967	0:23:33	1/1/2019 	1407604	66.00	10.00	5.94	56.28	93820.39	49793	0	BartonZwiebach	
4968	0:23:33	1/1/2019 	1407641	65.00	9.00	5.92	56.28	93820.39	3833	0	BartonZwiebach	
4969	0:23:34	1/1/2019 	1407890	70.00	9.00	5.98	56.28	93819.92	1848	0	BartonZwiebach	
4970	0:23:34	1/1/2019 	1407993	549.00	16.00	14.11	56.28	93819.92	1850	0	BartonZwiebach	
4971	0:23:34	1/1/2019 	1408008	71.00	9.00	5.99	56.28	93819.92	1848	0	BartonZwiebach	
4972	0:23:34	1/1/2019 	1408143	66.00	9.00	5.93	56.28	93819.92	1849	0	BartonZwiebach	
4973	0:23:34	1/1/2019 	1408270	66.00	10.00	5.94	56.28	93819.92	1849	0	BartonZwiebach	
4974	0:23:34	1/1/2019 	1408283	91.00	9.00	6.37	56.28	93819.92	3833	0	BartonZwiebach	
4975	0:23:34	1/1/2019 	1408444	66.00	10.00	5.94	56.28	93819.41	1848	0	BartonZwiebach	
4976	0:23:34	1/1/2019 	1408476	66.00	9.00	5.93	56.28	93819.41	1848	0	BartonZwiebach	
4977	0:23:34	1/1/2019 	1408480	67.00	9.00	5.94	56.28	93819.41	1849	0	BartonZwiebach	
4978	0:23:34	1/1/2019 	1408554	69.00	9.00	5.97	56.28	93819.41	49791	0	BartonZwiebach	
4979	0:23:34	1/1/2019 	1408567	333.00	15.00	11.72	56.28	93819.41	1850	0	BartonZwiebach	
4980	0:23:34	1/1/2019 	1408741	970.00	188.00	44.23	56.28	93819.41	3835	0	BartonZwiebach	
4981	0:23:34	1/1/2019 	1408757	73.00	9.00	6.02	56.28	93819.41	1850	0	BartonZwiebach	
4982	0:23:35	1/1/2019 	1408969	79.00	10.00	6.12	56.27	93818.53	1848	0	BartonZwiebach	
4983	0:23:35	1/1/2019 	1409062	64.00	10.00	5.92	56.27	93818.53	1851	0	BartonZwiebach	
4984	0:23:35	1/1/2019 	1409089	67.00	10.00	5.95	56.27	93818.53	1848	0	BartonZwiebach	
4985	0:23:35	1/1/2019 	1409177	65.00	9.00	5.92	56.27	93818.53	1849	0	BartonZwiebach	
4986	0:23:35	1/1/2019 	1409416	65.00	10.00	5.93	56.27	93818.02	3832	0	BartonZwiebach	
4987	0:23:35	1/1/2019 	1409443	81.00	9.00	6.16	56.27	93818.02	1849	0	BartonZwiebach	
4988	0:23:35	1/1/2019 	1409499	76.00	9.00	6.07	56.27	93818.02	1848	0	BartonZwiebach	
4989	0:23:35	1/1/2019 	1409656	67.00	10.00	5.95	56.27	93818.02	49840	0	BartonZwiebach	
4990	0:23:36	1/1/2019 	1409780	66.00	9.00	5.93	56.27	93818.02	2604	0	BartonZwiebach	
4991	0:23:36	1/1/2019 	1409951	66.00	9.00	5.93	56.27	93817.16	1850	0	BartonZwiebach	
4992	0:23:36	1/1/2019 	1410039	65.00	9.00	5.92	56.27	93817.16	3972	0	BartonZwiebach	
4993	0:23:36	1/1/2019 	1410080	70.00	10.00	5.98	56.27	93817.16	1850	0	BartonZwiebach	
4994	0:23:36	1/1/2019 	1410132	70.00	10.00	5.98	56.27	93817.16	1850	0	BartonZwiebach	
4995	0:23:36	1/1/2019 	1410161	208.00	11.00	9.51	56.27	93817.16	1850	0	BartonZwiebach	
4996	0:23:36	1/1/2019 	1410193	64.00	10.00	5.92	56.27	93817.16	1850	0	BartonZwiebach	
4997	0:23:36	1/1/2019 	1410231	65.00	9.00	5.92	56.27	93817.16	1848	0	BartonZwiebach	
4998	0:23:36	1/1/2019 	1410279	70.00	10.00	5.98	56.27	93817.16	3832	0	BartonZwiebach	
4999	0:23:36	1/1/2019 	1410363	64.00	10.00	5.92	56.27	93816.47	1849	0	BartonZwiebach	
5000	0:23:36	1/1/2019 	1410478	68.00	9.00	5.95	56.27	93816.47	1849	0	BartonZwiebach	
5001	0:23:36	1/1/2019 	1410760	91.00	10.00	6.37	56.27	93816.47	49795	0	BartonZwiebach	
5002	0:23:37	1/1/2019 	1410798	70.00	10.00	5.98	56.27	93815.95	1850	0	BartonZwiebach	
5003	0:23:37	1/1/2019 	1410876	64.00	10.00	5.92	56.27	93815.95	3835	0	BartonZwiebach	
5004	0:23:37	1/1/2019 	1411039	75.00	10.00	6.05	56.27	93815.95	1848	0	BartonZwiebach	
5005	0:23:37	1/1/2019 	1411148	68.00	10.00	5.96	56.27	93815.95	1849	0	BartonZwiebach	
5006	0:23:37	1/1/2019 	1411243	66.00	10.00	5.94	56.27	93815.95	1849	0	BartonZwiebach	
5007	0:23:37	1/1/2019 	1411304	77.00	9.00	6.08	56.27	93815.08	1850	0	BartonZwiebach	
5008	0:23:37	1/1/2019 	1411386	82.00	10.00	6.18	56.27	93815.08	1849	0	BartonZwiebach	
5009	0:23:37	1/1/2019 	1411451	74.00	9.00	6.03	56.27	93815.08	3834	0	BartonZwiebach	
5010	0:23:37	1/1/2019 	1411472	76.00	9.00	6.07	56.27	93815.08	1849	0	BartonZwiebach	
5011	0:23:37	1/1/2019 	1411615	619.00	29.00	16.89	56.27	93815.08	49794	0	BartonZwiebach	
5012	0:23:37	1/1/2019 	1411637	66.00	9.00	5.93	56.27	93815.08	1849	0	BartonZwiebach	
5013	0:23:37	1/1/2019 	1411728	84.00	9.00	6.22	56.27	93815.08	1849	0	BartonZwiebach	
5014	0:23:38	1/1/2019 	1411825	80.00	9.00	6.14	56.27	93814.90	1848	0	BartonZwiebach	
5015	0:23:38	1/1/2019 	1411852	76.00	9.00	6.07	56.27	93814.90	3834	0	BartonZwiebach	
5016	0:23:38	1/1/2019 	1412272	73.00	10.00	6.02	56.26	93814.41	1848	0	BartonZwiebach	
5017	0:23:38	1/1/2019 	1412435	65.00	9.00	5.92	56.26	93814.41	1849	0	BartonZwiebach	
5018	0:23:38	1/1/2019 	1412444	97.00	10.00	6.52	56.26	93814.41	1848	0	BartonZwiebach	
5019	0:23:38	1/1/2019 	1412491	67.00	9.00	5.94	56.26	93814.41	1849	0	BartonZwiebach	
5020	0:23:38	1/1/2019 	1412576	155.00	10.00	8.17	56.26	93814.41	49794	0	BartonZwiebach	
5021	0:23:38	1/1/2019 	1412709	89.00	9.00	6.32	56.26	93814.41	3834	0	BartonZwiebach	
5022	0:23:39	1/1/2019 	1412799	64.00	9.00	5.92	56.26	93814.42	1849	0	BartonZwiebach	
5023	0:23:39	1/1/2019 	1412805	69.00	10.00	5.97	56.26	93814.42	1849	0	BartonZwiebach	
5024	0:23:39	1/1/2019 	1412824	76.00	10.00	6.07	56.26	93814.42	1850	0	BartonZwiebach	
5025	0:23:39	1/1/2019 	1412873	68.00	10.00	5.96	56.26	93814.42	1850	0	BartonZwiebach	
5026	0:23:39	1/1/2019 	1412883	81.00	10.00	6.16	56.26	93814.42	1850	0	BartonZwiebach	
5027	0:23:39	1/1/2019 	1413137	65.00	9.00	5.92	56.26	93814.42	3833	0	BartonZwiebach	
5028	0:23:39	1/1/2019 	1413245	201.00	11.00	9.35	56.26	93813.56	1850	0	BartonZwiebach	
5029	0:23:39	1/1/2019 	1413269	66.00	10.00	5.94	56.26	93813.56	1850	0	BartonZwiebach	
5030	0:23:39	1/1/2019 	1413427	65.00	10.00	5.93	56.26	93813.56	1849	0	BartonZwiebach	
5031	0:23:39	1/1/2019 	1413576	70.00	9.00	5.98	56.26	93813.56	49794	0	BartonZwiebach	
5032	0:23:39	1/1/2019 	1413596	66.00	10.00	5.94	56.26	93813.56	1848	0	BartonZwiebach	
5033	0:23:39	1/1/2019 	1413714	65.00	10.00	5.93	56.26	93813.03	3833	0	BartonZwiebach	
5034	0:23:39	1/1/2019 	1413760	68.00	10.00	5.96	56.26	93813.03	1848	0	BartonZwiebach	
5035	0:23:40	1/1/2019 	1413906	278.00	11.00	10.82	56.26	93813.03	1849	0	BartonZwiebach	
5036	0:23:40	1/1/2019 	1413959	65.00	10.00	5.93	56.26	93813.03	1853	0	BartonZwiebach	
5037	0:23:40	1/1/2019 	1414019	212.00	12.00	9.61	56.26	93813.03	1849	0	BartonZwiebach	
5038	0:23:40	1/1/2019 	1414302	68.00	9.00	5.95	56.26	93812.16	1848	0	BartonZwiebach	
5039	0:23:40	1/1/2019 	1414462	81.00	10.00	6.16	56.26	93812.16	3888	0	BartonZwiebach	
5040	0:23:40	1/1/2019 	1414481	74.00	10.00	6.04	56.26	93812.16	1850	0	BartonZwiebach	
5041	0:23:40	1/1/2019 	1414734	78.00	9.00	6.10	56.26	93809.73	49793	0	BartonZwiebach	
5042	0:23:41	1/1/2019 	1414791	552.00	17.00	14.24	56.26	93809.73	1850	0	BartonZwiebach	
5043	0:23:41	1/1/2019 	1414798	74.00	10.00	6.04	56.26	93809.73	1853	0	BartonZwiebach	
5044	0:23:41	1/1/2019 	1414880	89.00	9.00	6.32	56.26	93809.73	1850	0	BartonZwiebach	
5045	0:23:41	1/1/2019 	1414911	226.00	11.00	9.89	56.26	93809.73	3833	0	BartonZwiebach	
5046	0:23:41	1/1/2019 	1415135	66.00	9.00	5.93	56.26	93809.73	1850	0	BartonZwiebach	
5047	0:23:41	1/1/2019 	1415324	69.00	10.00	5.97	56.26	93809.23	1848	0	BartonZwiebach	
5048	0:23:41	1/1/2019 	1415373	70.00	10.00	5.98	56.26	93809.23	1850	0	BartonZwiebach	
5049	0:23:41	1/1/2019 	1415380	69.00	10.00	5.97	56.26	93809.23	1849	0	BartonZwiebach	
5050	0:23:41	1/1/2019 	1415388	77.00	9.00	6.08	56.26	93809.23	1849	0	BartonZwiebach	
5051	0:23:41	1/1/2019 	1415400	66.00	10.00	5.94	56.26	93809.23	3833	0	BartonZwiebach	
5052	0:23:41	1/1/2019 	1415405	118.00	10.00	7.10	56.26	93809.23	1849	0	BartonZwiebach	
5053	0:23:41	1/1/2019 	1415435	68.00	9.00	5.95	56.26	93809.23	1850	0	BartonZwiebach	
5054	0:23:41	1/1/2019 	1415488	457.00	14.00	12.95	56.26	93809.23	1849	0	BartonZwiebach	
5055	0:23:41	1/1/2019 	1415597	80.00	10.00	6.14	56.26	93809.23	49797	0	BartonZwiebach	
5056	0:23:41	1/1/2019 	1415627	425.00	13.00	12.62	56.26	93809.23	3834	0	BartonZwiebach	
5057	0:23:42	1/1/2019 	1415933	665.00	27.00	18.27	56.25	93808.37	1851	0	BartonZwiebach	
5058	0:23:42	1/1/2019 	1416135	64.00	10.00	5.92	56.25	93808.02	1851	0	BartonZwiebach	
5059	0:23:42	1/1/2019 	1416268	234.00	12.00	10.07	56.25	93808.02	1849	0	BartonZwiebach	
5060	0:23:42	1/1/2019 	1416321	72.00	9.00	6.01	56.25	93808.02	1850	0	BartonZwiebach	
5061	0:23:42	1/1/2019 	1416569	94.00	10.00	6.44	56.25	93808.02	49794	0	BartonZwiebach	
5062	0:23:42	1/1/2019 	1416618	68.00	9.00	5.95	56.25	93807.15	3834	0	BartonZwiebach	
5063	0:23:42	1/1/2019 	1416686	70.00	9.00	5.98	56.25	93807.15	1850	0	BartonZwiebach	
5064	0:23:42	1/1/2019 	1416745	67.00	10.00	5.95	56.25	93807.15	1850	0	BartonZwiebach	
5065	0:23:43	1/1/2019 	1416770	76.00	10.00	6.07	56.25	93807.15	1849	0	BartonZwiebach	
5066	0:23:43	1/1/2019 	1416854	74.00	10.00	6.04	56.25	93807.15	1850	0	BartonZwiebach	
5067	0:23:43	1/1/2019 	1416874	64.00	9.00	5.92	56.25	93807.15	1849	0	BartonZwiebach	
5068	0:23:43	1/1/2019 	1416890	73.00	10.00	6.02	56.25	93807.15	3833	0	BartonZwiebach	
5069	0:23:43	1/1/2019 	1416949	65.00	9.00	5.92	56.25	93807.15	1849	0	BartonZwiebach	
5070	0:23:43	1/1/2019 	1417034	98.00	10.00	6.55	56.25	93807.15	1848	0	BartonZwiebach	
5071	0:23:43	1/1/2019 	1417062	79.00	10.00	6.12	56.25	93807.15	1849	0	BartonZwiebach	
5072	0:23:43	1/1/2019 	1417486	68.00	9.00	5.95	56.25	93806.30	1849	0	BartonZwiebach	
5073	0:23:43	1/1/2019 	1417562	65.00	10.00	5.93	56.25	93806.30	49794	0	BartonZwiebach	
5074	0:23:43	1/1/2019 	1417659	76.00	10.00	6.07	56.25	93805.95	3833	0	BartonZwiebach	
5075	0:23:43	1/1/2019 	1417693	70.00	9.00	5.98	56.25	93805.95	1849	0	BartonZwiebach	
5076	0:23:43	1/1/2019 	1417748	67.00	10.00	5.95	56.25	93805.95	1849	0	BartonZwiebach	
5077	0:23:43	1/1/2019 	1417763	69.00	9.00	5.97	56.25	93805.95	1849	0	BartonZwiebach	
5078	0:23:44	1/1/2019 	1417770	65.00	10.00	5.93	56.25	93805.95	1850	0	BartonZwiebach	
5079	0:23:44	1/1/2019 	1417973	170.00	10.00	8.58	56.25	93805.95	1851	0	BartonZwiebach	
5080	0:23:44	1/1/2019 	1418038	69.00	10.00	5.97	56.25	93805.95	3834	0	BartonZwiebach	
5081	0:23:44	1/1/2019 	1418132	66.00	9.00	5.93	56.25	93805.98	1849	0	BartonZwiebach	
5082	0:23:44	1/1/2019 	1418184	72.00	10.00	6.01	56.25	93805.98	1849	0	BartonZwiebach	
5083	0:23:44	1/1/2019 	1418249	83.00	10.00	6.20	56.25	93805.98	1849	0	BartonZwiebach	
5084	0:23:44	1/1/2019 	1418251	70.00	9.00	5.98	56.25	93805.98	1849	0	BartonZwiebach	
5085	0:23:44	1/1/2019 	1418306	912.00	74.00	25.55	56.25	93805.98	1849	0	BartonZwiebach	
5086	0:23:44	1/1/2019 	1418360	79.00	10.00	6.12	56.25	93805.98	3835	0	BartonZwiebach	
5087	0:23:44	1/1/2019 	1418399	68.00	10.00	5.96	56.25	93805.98	1849	0	BartonZwiebach	
5088	0:23:44	1/1/2019 	1418478	594.00	20.00	15.39	56.25	93805.98	1850	0	BartonZwiebach	
5089	0:23:44	1/1/2019 	1418571	64.00	9.00	5.92	56.24	93805.13	49798	0	BartonZwiebach	
5090	0:23:44	1/1/2019 	1418674	65.00	10.00	5.93	56.24	93805.13	1849	0	BartonZwiebach	
5091	0:23:44	1/1/2019 	1418729	66.00	9.00	5.93	56.24	93805.13	1849	0	BartonZwiebach	
5092	0:23:45	1/1/2019 	1418896	65.00	10.00	5.93	56.24	93805.13	3888	0	BartonZwiebach	
5093	0:23:45	1/1/2019 	1419108	66.00	9.00	5.93	56.24	93805.13	1851	0	BartonZwiebach	
5094	0:23:45	1/1/2019 	1419193	189.00	10.00	9.06	56.24	93805.13	1849	0	BartonZwiebach	
5095	0:23:45	1/1/2019 	1419207	65.00	9.00	5.92	56.24	93805.13	1849	0	BartonZwiebach	
5096	0:23:45	1/1/2019 	1419253	67.00	9.00	5.94	56.24	93805.13	1849	0	BartonZwiebach	
5097	0:23:45	1/1/2019 	1419258	66.00	9.00	5.93	56.24	93805.13	1848	0	BartonZwiebach	
5098	0:23:45	1/1/2019 	1419317	69.00	9.00	5.97	56.24	93805.13	3833	0	BartonZwiebach	
5099	0:23:45	1/1/2019 	1419372	65.00	11.00	5.93	56.24	93805.13	1850	0	BartonZwiebach	
5100	0:23:45	1/1/2019 	1419425	66.00	10.00	5.94	56.24	93805.13	1850	0	BartonZwiebach	
5101	0:23:45	1/1/2019 	1419465	65.00	10.00	5.93	56.24	93805.13	1849	0	BartonZwiebach	
5102	0:23:45	1/1/2019 	1419746	982.00	376.00	70.47	56.24	93804.09	49794	0	BartonZwiebach	
5103	0:23:46	1/1/2019 	1419846	69.00	9.00	5.97	56.24	93804.09	2605	0	BartonZwiebach	
5104	0:23:46	1/1/2019 	1420077	64.00	10.00	5.92	56.24	93803.73	3974	0	BartonZwiebach	
5105	0:23:46	1/1/2019 	1420201	71.00	10.00	5.99	56.24	93803.73	1848	0	BartonZwiebach	
5106	0:23:46	1/1/2019 	1420290	65.00	9.00	5.92	56.24	93803.73	1851	0	BartonZwiebach	
5107	0:23:46	1/1/2019 	1420359	65.00	9.00	5.92	56.24	93803.73	1849	0	BartonZwiebach	
5108	0:23:46	1/1/2019 	1420378	71.00	9.00	5.99	56.24	93803.73	1848	0	BartonZwiebach	
5109	0:23:47	1/1/2019 	1420945	74.00	9.00	6.03	56.24	93802.02	51779	0	BartonZwiebach	
5110	0:23:47	1/1/2019 	1421158	69.00	9.00	5.97	56.24	93802.02	1850	0	BartonZwiebach	
5111	0:23:47	1/1/2019 	1421238	65.00	10.00	5.93	56.24	93802.02	1848	0	BartonZwiebach	
5112	0:23:47	1/1/2019 	1421448	79.00	10.00	6.12	56.24	93800.62	1851	0	BartonZwiebach	
5113	0:23:47	1/1/2019 	1421735	66.00	9.00	5.93	56.23	93800.62	49801	0	BartonZwiebach	
5114	0:23:48	1/1/2019 	1421834	65.00	9.00	5.92	56.23	93800.62	1855	0	BartonZwiebach	
5115	0:23:48	1/1/2019 	1421858	64.00	9.00	5.92	56.23	93800.62	3842	0	BartonZwiebach	
5116	0:23:48	1/1/2019 	1421902	70.00	9.00	5.98	56.23	93800.62	1854	0	BartonZwiebach	
5117	0:23:48	1/1/2019 	1421967	65.00	9.00	5.92	56.23	93799.61	1853	0	BartonZwiebach	
5118	0:23:48	1/1/2019 	1422307	63.00	9.00	5.91	56.23	93799.61	1849	0	BartonZwiebach	
5119	0:23:48	1/1/2019 	1422380	67.00	10.00	5.95	56.23	93799.61	1849	0	BartonZwiebach	
5120	0:23:48	1/1/2019 	1422625	574.00	17.00	14.65	56.23	93798.77	49792	0	BartonZwiebach	
5121	0:23:48	1/1/2019 	1422693	64.00	10.00	5.92	56.23	93798.77	3835	0	BartonZwiebach	
5122	0:23:48	1/1/2019 	1422695	73.00	10.00	6.02	56.23	93798.77	1848	0	BartonZwiebach	
5123	0:23:49	1/1/2019 	1422808	64.00	9.00	5.92	56.23	93798.77	1849	0	BartonZwiebach	
5124	0:23:49	1/1/2019 	1422824	613.00	21.00	16.00	56.23	93798.77	1849	0	BartonZwiebach	
5125	0:23:50	1/1/2019 	1424036	67.00	10.00	5.95	56.22	93796.20	49795	0	BartonZwiebach	
5126	0:23:50	1/1/2019 	1424119	510.00	15.00	13.51	56.22	93796.20	1850	0	BartonZwiebach	
5127	0:23:50	1/1/2019 	1424187	66.00	9.00	5.93	56.22	93796.20	3834	0	BartonZwiebach	
5128	0:23:50	1/1/2019 	1424244	72.00	9.00	6.01	56.22	93796.20	1849	0	BartonZwiebach	
5129	0:23:50	1/1/2019 	1424411	65.00	9.00	5.92	56.22	93795.86	1848	0	BartonZwiebach	
5130	0:23:50	1/1/2019 	1424469	66.00	10.00	5.94	56.22	93795.86	1849	0	BartonZwiebach	
5131	0:23:50	1/1/2019 	1424601	64.00	10.00	5.92	56.22	93795.86	49793	0	BartonZwiebach	
5132	0:23:50	1/1/2019 	1424611	75.00	9.00	6.05	56.22	93795.86	1849	0	BartonZwiebach	
5133	0:23:51	1/1/2019 	1425177	64.00	9.00	5.92	56.22	93794.98	3888	0	BartonZwiebach	
5134	0:23:51	1/1/2019 	1425252	66.00	9.00	5.93	56.22	93794.98	1850	0	BartonZwiebach	
5135	0:23:51	1/1/2019 	1425297	65.00	9.00	5.92	56.22	93794.98	1849	0	BartonZwiebach	
5136	0:23:51	1/1/2019 	1425548	65.00	10.00	5.93	56.22	93794.11	49793	0	BartonZwiebach	
5137	0:23:52	1/1/2019 	1425824	64.00	9.00	5.92	56.22	93793.27	2051	0	BartonZwiebach	
5138	0:23:52	1/1/2019 	1425846	919.00	61.00	23.84	56.22	93793.27	1848	0	BartonZwiebach	
5139	0:23:52	1/1/2019 	1425996	68.00	9.00	5.95	56.22	93793.27	3834	0	BartonZwiebach	
5140	0:23:52	1/1/2019 	1426068	68.00	10.00	5.96	56.22	93793.27	1848	0	BartonZwiebach	
5141	0:23:52	1/1/2019 	1426078	83.00	9.00	6.20	56.22	93793.27	1849	0	BartonZwiebach	
5142	0:23:52	1/1/2019 	1426314	66.00	10.00	5.94	56.21	93792.56	1849	0	BartonZwiebach	
5143	0:23:52	1/1/2019 	1426338	65.00	10.00	5.93	56.21	93792.56	1849	0	BartonZwiebach	
5144	0:23:52	1/1/2019 	1426571	72.00	10.00	6.01	56.21	93792.56	49792	0	BartonZwiebach	
5145	0:23:52	1/1/2019 	1426662	70.00	10.00	5.98	56.21	93792.56	3833	0	BartonZwiebach	
5146	0:23:52	1/1/2019 	1426695	70.00	9.00	5.98	56.21	93792.56	1850	0	BartonZwiebach	
5147	0:23:52	1/1/2019 	1426762	135.00	9.00	7.59	56.21	93792.56	1849	0	BartonZwiebach	
5148	0:23:53	1/1/2019 	1426909	70.00	9.00	5.98	56.21	93791.72	1849	0	BartonZwiebach	
5149	0:23:53	1/1/2019 	1426926	66.00	9.00	5.93	56.21	93791.72	1849	0	BartonZwiebach	
5150	0:23:53	1/1/2019 	1426979	64.00	9.00	5.92	56.21	93791.72	1849	0	BartonZwiebach	
5151	0:23:53	1/1/2019 	1427148	64.00	10.00	5.92	56.21	93791.72	3831	0	BartonZwiebach	
5152	0:23:53	1/1/2019 	1427208	70.00	10.00	5.98	56.21	93791.72	1849	0	BartonZwiebach	
5153	0:23:53	1/1/2019 	1427280	82.00	9.00	6.18	56.21	93790.84	1849	0	BartonZwiebach	
5154	0:23:53	1/1/2019 	1427314	80.00	9.00	6.14	56.21	93790.84	1849	0	BartonZwiebach	
5155	0:23:53	1/1/2019 	1427626	62.00	9.00	5.90	56.21	93790.84	49793	0	BartonZwiebach	
5156	0:23:53	1/1/2019 	1427664	77.00	9.00	6.08	56.21	93790.84	1848	0	BartonZwiebach	
5157	0:23:54	1/1/2019 	1427986	75.00	10.00	6.05	56.20	93789.67	3834	0	BartonZwiebach	
5158	0:23:54	1/1/2019 	1428003	783.00	42.00	21.65	56.20	93789.67	1851	0	BartonZwiebach	
5159	0:23:54	1/1/2019 	1428017	68.00	9.00	5.95	56.20	93789.67	1851	0	BartonZwiebach	
5160	0:23:54	1/1/2019 	1428041	754.00	38.00	21.10	56.20	93789.67	1850	0	BartonZwiebach	
5161	0:23:54	1/1/2019 	1428245	67.00	9.00	5.94	56.20	93788.80	1851	0	BartonZwiebach	
5162	0:23:54	1/1/2019 	1428292	69.00	10.00	5.97	56.20	93788.80	1850	0	BartonZwiebach	
5163	0:23:54	1/1/2019 	1428401	64.00	10.00	5.92	56.20	93788.80	3833	0	BartonZwiebach	
5164	0:23:54	1/1/2019 	1428686	68.00	10.00	5.96	56.20	93788.80	49792	0	BartonZwiebach	
5165	0:23:55	1/1/2019 	1428890	67.00	10.00	5.95	56.20	93787.93	1849	0	BartonZwiebach	
5166	0:23:55	1/1/2019 	1428999	68.00	9.00	5.95	56.20	93787.93	1851	0	BartonZwiebach	
5167	0:23:55	1/1/2019 	1429245	65.00	10.00	5.93	56.20	93787.23	1849	0	BartonZwiebach	
5168	0:23:55	1/1/2019 	1429380	69.00	9.00	5.97	56.20	93787.23	3833	0	BartonZwiebach	
5169	0:23:55	1/1/2019 	1429587	71.00	10.00	5.99	56.20	93787.23	49795	0	BartonZwiebach	
5170	0:23:55	1/1/2019 	1429690	69.00	10.00	5.97	56.20	93786.56	2799	0	BartonZwiebach	
5171	0:23:56	1/1/2019 	1430143	68.00	10.00	5.96	56.20	93786.56	1848	0	BartonZwiebach	
5172	0:23:56	1/1/2019 	1430752	66.00	9.00	5.93	56.19	93784.70	49795	0	BartonZwiebach	
5173	0:23:57	1/1/2019 	1430820	65.00	9.00	5.92	56.19	93784.70	1849	0	BartonZwiebach	
5174	0:23:57	1/1/2019 	1430881	64.00	9.00	5.92	56.19	93784.70	4028	0	BartonZwiebach	
5175	0:23:57	1/1/2019 	1430918	69.00	9.00	5.97	56.19	93784.70	1848	0	BartonZwiebach	
5176	0:23:57	1/1/2019 	1430954	64.00	9.00	5.92	56.19	93784.70	1849	0	BartonZwiebach	
5177	0:23:57	1/1/2019 	1431220	86.00	9.00	6.26	56.19	93783.99	1848	0	BartonZwiebach	
5178	0:23:57	1/1/2019 	1431312	72.00	10.00	6.01	56.19	93783.99	1849	0	BartonZwiebach	
5179	0:23:57	1/1/2019 	1431333	67.00	9.00	5.94	56.19	93783.99	1849	0	BartonZwiebach	
5180	0:23:57	1/1/2019 	1431394	67.00	10.00	5.95	56.19	93783.99	3833	0	BartonZwiebach	
5181	0:23:57	1/1/2019 	1431620	84.00	9.00	6.22	56.19	93783.99	49795	0	BartonZwiebach	
5182	0:23:57	1/1/2019 	1431735	71.00	10.00	5.99	56.19	93783.47	1849	0	BartonZwiebach	
5183	0:23:58	1/1/2019 	1431896	69.00	10.00	5.97	56.19	93783.47	1849	0	BartonZwiebach	
5184	0:23:58	1/1/2019 	1431900	68.00	10.00	5.96	56.19	93783.47	1850	0	BartonZwiebach	
5185	0:23:58	1/1/2019 	1432022	65.00	10.00	5.93	56.19	93783.47	1850	0	BartonZwiebach	
5186	0:23:58	1/1/2019 	1432300	66.00	10.00	5.94	56.18	93782.62	3836	0	BartonZwiebach	
5187	0:23:58	1/1/2019 	1432485	65.00	10.00	5.93	56.18	93782.62	1855	0	BartonZwiebach	
5188	0:23:58	1/1/2019 	1432584	81.00	9.00	6.16	56.18	93782.62	49801	0	BartonZwiebach	
5189	0:23:58	1/1/2019 	1432639	72.00	10.00	6.01	56.18	93781.93	1854	0	BartonZwiebach	
5190	0:23:58	1/1/2019 	1432642	75.00	9.00	6.05	56.18	93781.93	1849	0	BartonZwiebach	
5191	0:23:58	1/1/2019 	1432728	623.00	21.00	16.29	56.18	93781.93	1850	0	BartonZwiebach	
5192	0:23:59	1/1/2019 	1432793	64.00	9.00	5.92	56.18	93781.93	3835	0	BartonZwiebach	
5193	0:23:59	1/1/2019 	1432833	68.00	10.00	5.96	56.18	93781.93	1850	0	BartonZwiebach	
5194	0:23:59	1/1/2019 	1432968	396.00	12.00	12.31	56.18	93781.93	1850	0	BartonZwiebach	
5195	0:23:59	1/1/2019 	1433002	66.00	9.00	5.93	56.18	93781.93	1849	0	BartonZwiebach	
5196	0:23:59	1/1/2019 	1433090	66.00	10.00	5.94	56.18	93781.25	1849	0	BartonZwiebach	
5197	0:23:59	1/1/2019 	1433309	67.00	9.00	5.94	56.18	93781.25	1849	0	BartonZwiebach	
5198	0:23:59	1/1/2019 	1433334	457.00	22.00	13.32	56.18	93781.25	3833	0	BartonZwiebach	
5199	0:23:59	1/1/2019 	1433482	65.00	9.00	5.92	56.18	93781.25	1850	0	BartonZwiebach	
5200	0:23:59	1/1/2019 	1433584	64.00	10.00	5.92	56.18	93780.59	49794	0	BartonZwiebach	
5201	0:23:59	1/1/2019 	1433625	65.00	10.00	5.93	56.18	93780.59	1849	0	BartonZwiebach	
5202	0:23:59	1/1/2019 	1433714	74.00	10.00	6.04	56.18	93780.59	1849	0	BartonZwiebach	
5203	0:24:00	1/1/2019 	1433786	202.00	11.00	9.38	56.18	93780.59	1849	0	BartonZwiebach	
5204	0:24:00	1/1/2019 	1433812	69.00	9.00	5.97	56.18	93780.59	3836	0	BartonZwiebach	
5205	0:24:00	1/1/2019 	1433945	86.00	9.00	6.26	56.18	93780.59	1849	0	BartonZwiebach	
5206	0:24:00	1/1/2019 	1434040	66.00	9.00	5.93	56.18	93780.59	1849	0	BartonZwiebach	
5207	0:24:00	1/1/2019 	1434048	68.00	9.00	5.95	56.18	93780.59	1849	0	BartonZwiebach	
5208	0:24:00	1/1/2019 	1434061	72.00	9.00	6.01	56.17	93779.89	1848	0	BartonZwiebach	
5209	0:24:00	1/1/2019 	1434098	70.00	9.00	5.98	56.17	93779.89	1850	0	BartonZwiebach	
5210	0:24:00	1/1/2019 	1434224	123.00	9.00	7.24	56.17	93779.89	3833	0	BartonZwiebach	
5211	0:24:00	1/1/2019 	1434598	82.00	9.00	6.18	56.17	93779.02	49793	0	BartonZwiebach	
5212	0:24:00	1/1/2019 	1434606	66.00	9.00	5.93	56.17	93779.02	1849	0	BartonZwiebach	
5213	0:24:00	1/1/2019 	1434630	67.00	9.00	5.94	56.17	93779.02	1849	0	BartonZwiebach	
5214	0:24:01	1/1/2019 	1434897	69.00	9.00	5.97	56.17	93779.02	1850	0	BartonZwiebach	
5215	0:24:01	1/1/2019 	1435029	71.00	10.00	5.99	56.17	93778.17	1850	0	BartonZwiebach	
5216	0:24:01	1/1/2019 	1435094	64.00	9.00	5.92	56.17	93778.17	3833	0	BartonZwiebach	
5217	0:24:01	1/1/2019 	1435180	76.00	9.00	6.07	56.17	93778.17	1848	0	BartonZwiebach	
5218	0:24:01	1/1/2019 	1435264	68.00	10.00	5.96	56.17	93778.17	1848	0	BartonZwiebach	
5219	0:24:01	1/1/2019 	1435299	69.00	10.00	5.97	56.17	93778.17	1849	0	BartonZwiebach	
5220	0:24:01	1/1/2019 	1435432	93.00	10.00	6.42	56.17	93778.17	1849	0	BartonZwiebach	
5221	0:24:01	1/1/2019 	1435483	362.00	17.00	12.15	56.17	93778.17	1849	0	BartonZwiebach	
5222	0:24:01	1/1/2019 	1435494	70.00	9.00	5.98	56.17	93778.17	3834	0	BartonZwiebach	
5223	0:24:01	1/1/2019 	1435626	64.00	10.00	5.92	56.17	93777.30	49794	0	BartonZwiebach	
5224	0:24:01	1/1/2019 	1435708	80.00	9.00	6.14	56.17	93777.30	1848	0	BartonZwiebach	
5225	0:24:02	1/1/2019 	1435836	63.00	9.00	5.91	56.17	93777.30	1849	0	BartonZwiebach	
5226	0:24:02	1/1/2019 	1435962	131.00	9.00	7.47	56.17	93777.30	1850	0	BartonZwiebach	
5227	0:24:02	1/1/2019 	1436263	83.00	9.00	6.20	56.16	93776.45	3887	0	BartonZwiebach	
5228	0:24:02	1/1/2019 	1436357	68.00	10.00	5.96	56.16	93776.45	1850	0	BartonZwiebach	
5229	0:24:02	1/1/2019 	1436483	65.00	9.00	5.92	56.16	93775.60	1850	0	BartonZwiebach	
5230	0:24:03	1/1/2019 	1436895	64.00	10.00	5.92	56.16	93775.60	49795	0	BartonZwiebach	
5231	0:24:03	1/1/2019 	1436995	100.00	10.00	6.60	56.16	93774.91	1850	0	BartonZwiebach	
5232	0:24:03	1/1/2019 	1437015	66.00	10.00	5.94	56.16	93774.91	1851	0	BartonZwiebach	
5233	0:24:03	1/1/2019 	1437110	228.00	11.00	9.93	56.16	93774.91	3834	0	BartonZwiebach	
5234	0:24:03	1/1/2019 	1437157	218.00	10.00	9.72	56.16	93774.91	1850	0	BartonZwiebach	
5235	0:24:03	1/1/2019 	1437205	71.00	9.00	5.99	56.16	93774.91	1849	0	BartonZwiebach	
5236	0:24:03	1/1/2019 	1437245	70.00	10.00	5.98	56.16	93774.91	1849	0	BartonZwiebach	
5237	0:24:03	1/1/2019 	1437634	68.00	9.00	5.95	56.16	93774.06	49794	0	BartonZwiebach	
5238	0:24:03	1/1/2019 	1437652	66.00	10.00	5.94	56.16	93774.06	1849	0	BartonZwiebach	
5239	0:24:04	1/1/2019 	1437886	153.00	10.00	8.11	56.16	93774.06	3834	0	BartonZwiebach	
5240	0:24:04	1/1/2019 	1437962	64.00	10.00	5.92	56.15	93773.36	1852	0	BartonZwiebach	
5241	0:24:04	1/1/2019 	1438095	68.00	10.00	5.96	56.15	93773.36	1849	0	BartonZwiebach	
5242	0:24:04	1/1/2019 	1438120	67.00	10.00	5.95	56.15	93773.36	1850	0	BartonZwiebach	
5243	0:24:04	1/1/2019 	1438129	81.00	10.00	6.16	56.15	93773.36	1850	0	BartonZwiebach	
5244	0:24:04	1/1/2019 	1438171	321.00	12.00	11.47	56.15	93773.36	1850	0	BartonZwiebach	
5245	0:24:04	1/1/2019 	1438671	65.00	10.00	5.93	56.15	93772.48	51782	0	BartonZwiebach	
5246	0:24:05	1/1/2019 	1438846	69.00	9.00	5.97	56.15	93772.48	1849	0	BartonZwiebach	
5247	0:24:05	1/1/2019 	1438983	65.00	10.00	5.93	56.15	93771.67	1851	0	BartonZwiebach	
5248	0:24:05	1/1/2019 	1439034	68.00	10.00	5.96	56.15	93771.67	1849	0	BartonZwiebach	
5249	0:24:05	1/1/2019 	1439239	69.00	9.00	5.97	56.15	93771.67	1850	0	BartonZwiebach	
5250	0:24:05	1/1/2019 	1439297	65.00	10.00	5.93	56.15	93771.67	1849	0	BartonZwiebach	
5251	0:24:05	1/1/2019 	1439377	88.00	9.00	6.30	56.15	93771.67	3833	0	BartonZwiebach	
5252	0:24:05	1/1/2019 	1439436	69.00	9.00	5.97	56.15	93770.97	1849	0	BartonZwiebach	
5253	0:24:05	1/1/2019 	1439573	64.00	9.00	5.92	56.15	93770.97	49794	0	BartonZwiebach	
5254	0:24:05	1/1/2019 	1439598	71.00	10.00	5.99	56.15	93770.97	2797	0	BartonZwiebach	
5255	0:24:06	1/1/2019 	1439965	65.00	10.00	5.93	56.14	93770.27	1849	0	BartonZwiebach	
5256	0:24:06	1/1/2019 	1440187	70.00	10.00	5.98	56.14	93770.27	1850	0	BartonZwiebach	
5257	0:24:06	1/1/2019 	1440334	67.00	9.00	5.94	56.14	93770.27	3973	0	BartonZwiebach	
5258	0:24:06	1/1/2019 	1440474	64.00	9.00	5.92	56.14	93769.60	1850	0	BartonZwiebach	
5259	0:24:06	1/1/2019 	1440610	64.00	9.00	5.92	56.14	93769.60	49793	0	BartonZwiebach	
5260	0:24:06	1/1/2019 	1440615	70.00	10.00	5.98	56.14	93769.60	1847	0	BartonZwiebach	
5261	0:24:06	1/1/2019 	1440705	66.00	9.00	5.93	56.14	93769.60	1850	0	BartonZwiebach	
5262	0:24:07	1/1/2019 	1440776	64.00	9.00	5.92	56.14	93769.60	1849	0	BartonZwiebach	
5263	0:24:07	1/1/2019 	1440792	76.00	9.00	6.07	56.14	93769.60	3833	0	BartonZwiebach	
5264	0:24:07	1/1/2019 	1440819	159.00	11.00	8.28	56.14	93769.60	1849	0	BartonZwiebach	
5265	0:24:07	1/1/2019 	1440921	117.00	9.00	7.07	56.14	93768.90	1850	0	BartonZwiebach	
5266	0:24:07	1/1/2019 	1441031	64.00	9.00	5.92	56.14	93768.90	1848	0	BartonZwiebach	
5267	0:24:07	1/1/2019 	1441219	72.00	9.00	6.01	56.14	93768.90	1848	0	BartonZwiebach	
5268	0:24:07	1/1/2019 	1441244	78.00	9.00	6.10	56.14	93768.90	1848	0	BartonZwiebach	
5269	0:24:07	1/1/2019 	1441273	412.00	13.00	12.51	56.14	93768.90	3887	0	BartonZwiebach	
5270	0:24:07	1/1/2019 	1441447	69.00	9.00	5.97	56.14	93768.03	1850	0	BartonZwiebach	
5271	0:24:07	1/1/2019 	1441453	69.00	9.00	5.97	56.14	93768.03	1849	0	BartonZwiebach	
5272	0:24:07	1/1/2019 	1441582	73.00	10.00	6.02	56.14	93768.03	49791	0	BartonZwiebach	
5273	0:24:07	1/1/2019 	1441658	69.00	10.00	5.97	56.14	93768.03	1850	0	BartonZwiebach	
5274	0:24:07	1/1/2019 	1441719	270.00	12.00	10.72	56.14	93768.03	1850	0	BartonZwiebach	
5275	0:24:08	1/1/2019 	1441863	64.00	9.00	5.92	56.14	93767.38	3833	0	BartonZwiebach	
5276	0:24:08	1/1/2019 	1442096	82.00	10.00	6.18	56.14	93767.38	1849	0	BartonZwiebach	
5277	0:24:08	1/1/2019 	1442354	63.00	9.00	5.91	56.14	93767.03	1849	0	BartonZwiebach	
5278	0:24:08	1/1/2019 	1442427	68.00	10.00	5.96	56.14	93767.03	1850	0	BartonZwiebach	
5279	0:24:08	1/1/2019 	1442439	67.00	9.00	5.94	56.14	93767.03	1849	0	BartonZwiebach	
5280	0:24:08	1/1/2019 	1442452	81.00	10.00	6.16	56.14	93767.03	3832	0	BartonZwiebach	
5281	0:24:08	1/1/2019 	1442622	70.00	9.00	5.98	56.14	93767.03	49794	0	BartonZwiebach	
5282	0:24:08	1/1/2019 	1442682	78.00	10.00	6.10	56.14	93767.03	1850	0	BartonZwiebach	
5283	0:24:08	1/1/2019 	1442739	70.00	10.00	5.98	56.14	93767.03	1849	0	BartonZwiebach	
5284	0:24:09	1/1/2019 	1442981	66.00	10.00	5.94	56.13	93766.34	1850	0	BartonZwiebach	
5285	0:24:09	1/1/2019 	1443054	72.00	9.00	6.01	56.13	93766.34	1850	0	BartonZwiebach	
5286	0:24:09	1/1/2019 	1443074	73.00	9.00	6.02	56.13	93766.34	3833	0	BartonZwiebach	
5287	0:24:09	1/1/2019 	1443146	65.00	11.00	5.93	56.13	93766.34	1850	0	BartonZwiebach	
5288	0:24:09	1/1/2019 	1443167	69.00	9.00	5.97	56.13	93766.34	1849	0	BartonZwiebach	
5289	0:24:09	1/1/2019 	1443245	92.00	9.00	6.39	56.13	93766.34	1848	0	BartonZwiebach	
5290	0:24:09	1/1/2019 	1443393	66.00	10.00	5.94	56.13	93765.66	1849	0	BartonZwiebach	
5291	0:24:09	1/1/2019 	1443421	74.00	10.00	6.04	56.13	93765.66	1850	0	BartonZwiebach	
5292	0:24:09	1/1/2019 	1443644	64.00	9.00	5.92	56.13	93765.66	51778	0	BartonZwiebach	
5293	0:24:10	1/1/2019 	1443869	69.00	10.00	5.97	56.13	93764.97	1847	0	BartonZwiebach	
5294	0:24:10	1/1/2019 	1444076	779.00	43.00	21.74	56.13	93764.97	1849	0	BartonZwiebach	
5295	0:24:10	1/1/2019 	1444172	118.00	10.00	7.10	56.13	93764.97	1850	0	BartonZwiebach	
5296	0:24:10	1/1/2019 	1444246	190.00	10.00	9.08	56.13	93764.27	1850	0	BartonZwiebach	
5297	0:24:10	1/1/2019 	1444273	132.00	10.00	7.51	56.13	93764.27	1849	0	BartonZwiebach	
5298	0:24:10	1/1/2019 	1444473	65.00	10.00	5.93	56.13	93764.27	3834	0	BartonZwiebach	
5299	0:24:10	1/1/2019 	1444627	71.00	10.00	5.99	56.13	93764.27	49795	0	BartonZwiebach	
5300	0:24:11	1/1/2019 	1444890	209.00	11.00	9.53	56.12	93763.77	1849	0	BartonZwiebach	
5301	0:24:11	1/1/2019 	1444943	70.00	9.00	5.98	56.12	93763.77	1851	0	BartonZwiebach	
5302	0:24:11	1/1/2019 	1444963	76.00	10.00	6.07	56.12	93763.77	1848	0	BartonZwiebach	
5303	0:24:11	1/1/2019 	1445007	66.00	9.00	5.93	56.12	93763.77	1849	0	BartonZwiebach	
5304	0:24:11	1/1/2019 	1445311	67.00	9.00	5.94	56.12	93763.42	3778	0	BartonZwiebach	
5305	0:24:11	1/1/2019 	1445451	61.00	9.00	5.90	56.12	93763.42	1849	0	BartonZwiebach	
5306	0:24:11	1/1/2019 	1445607	69.00	10.00	5.97	56.12	93763.42	49796	0	BartonZwiebach	
5307	0:24:11	1/1/2019 	1445611	188.00	10.00	9.04	56.12	93763.42	1850	0	BartonZwiebach	
5308	0:24:12	1/1/2019 	1445827	64.00	13.00	5.92	56.12	93762.92	1850	0	BartonZwiebach	
5309	0:24:12	1/1/2019 	1445996	74.00	10.00	6.04	56.12	93762.92	1849	0	BartonZwiebach	
5310	0:24:12	1/1/2019 	1446073	66.00	10.00	5.94	56.12	93762.92	6288	0	BartonZwiebach	
5311	0:24:12	1/1/2019 	1446113	66.00	10.00	5.94	56.12	93762.92	1850	0	BartonZwiebach	
5312	0:24:12	1/1/2019 	1446205	71.00	9.00	5.99	56.12	93762.39	1849	0	BartonZwiebach	
5313	0:24:12	1/1/2019 	1446294	65.00	9.00	5.92	56.12	93762.39	1849	0	BartonZwiebach	
5314	0:24:12	1/1/2019 	1446482	520.00	15.00	13.63	56.12	93762.39	1849	0	BartonZwiebach	
5315	0:24:12	1/1/2019 	1446679	66.00	10.00	5.94	56.12	93761.89	49797	0	BartonZwiebach	
5316	0:24:12	1/1/2019 	1446707	991.00	599.00	104.70	56.12	93761.89	3834	0	BartonZwiebach	
5317	0:24:13	1/1/2019 	1446888	195.00	10.00	9.20	56.12	93761.89	1852	0	BartonZwiebach	
5318	0:24:13	1/1/2019 	1446955	64.00	9.00	5.92	56.12	93761.89	1850	0	BartonZwiebach	
5319	0:24:13	1/1/2019 	1447173	71.00	10.00	5.99	56.11	93761.38	1850	0	BartonZwiebach	
5320	0:24:13	1/1/2019 	1447469	74.00	9.00	6.03	56.11	93761.38	1857	0	BartonZwiebach	
5321	0:24:13	1/1/2019 	1447656	65.00	9.00	5.92	56.11	93761.02	49798	0	BartonZwiebach	
5322	0:24:14	1/1/2019 	1447847	80.00	10.00	6.14	56.11	93761.02	3887	0	BartonZwiebach	
5323	0:24:14	1/1/2019 	1448231	75.00	9.00	6.05	56.11	93760.34	1850	0	BartonZwiebach	
5324	0:24:14	1/1/2019 	1448297	64.00	10.00	5.92	56.11	93760.34	1850	0	BartonZwiebach	
5325	0:24:14	1/1/2019 	1448382	70.00	10.00	5.98	56.11	93760.34	1848	0	BartonZwiebach	
5326	0:24:14	1/1/2019 	1448679	72.00	9.00	6.01	56.11	93760.17	49794	0	BartonZwiebach	
5327	0:24:14	1/1/2019 	1448715	64.00	9.00	5.92	56.11	93760.17	3834	0	BartonZwiebach	
5328	0:24:14	1/1/2019 	1448717	71.00	9.00	5.99	56.11	93760.17	1848	0	BartonZwiebach	
5329	0:24:15	1/1/2019 	1448870	70.00	9.00	5.98	56.11	93760.17	1849	0	BartonZwiebach	
5330	0:24:15	1/1/2019 	1449024	66.00	9.00	5.93	56.11	93760.17	1850	0	BartonZwiebach	
5331	0:24:15	1/1/2019 	1449221	76.00	10.00	6.07	56.11	93759.50	1850	0	BartonZwiebach	
5332	0:24:15	1/1/2019 	1449309	190.00	10.00	9.08	56.11	93759.50	1849	0	BartonZwiebach	
5333	0:24:15	1/1/2019 	1449341	71.00	10.00	5.99	56.11	93759.50	3834	0	BartonZwiebach	
5334	0:24:15	1/1/2019 	1449344	74.00	9.00	6.03	56.11	93759.50	1849	0	BartonZwiebach	
5335	0:24:15	1/1/2019 	1449572	70.00	9.00	5.98	56.10	93759.00	49794	0	BartonZwiebach	
5336	0:24:16	1/1/2019 	1449786	68.00	10.00	5.96	56.10	93759.00	2603	0	BartonZwiebach	
5337	0:24:16	1/1/2019 	1449826	71.00	10.00	5.99	56.10	93759.00	1851	0	BartonZwiebach	
5338	0:24:16	1/1/2019 	1449878	69.00	10.00	5.97	56.10	93759.00	1849	0	BartonZwiebach	
5339	0:24:16	1/1/2019 	1450025	65.00	11.00	5.93	56.10	93759.00	3974	0	BartonZwiebach	
5340	0:24:16	1/1/2019 	1450207	74.00	10.00	6.04	56.10	93758.48	1849	0	BartonZwiebach	
5341	0:24:16	1/1/2019 	1450688	664.00	26.00	18.12	56.10	93757.95	49795	0	BartonZwiebach	
5342	0:24:17	1/1/2019 	1450800	64.00	10.00	5.92	56.10	93757.95	1850	0	BartonZwiebach	
5343	0:24:17	1/1/2019 	1451101	68.00	10.00	5.96	56.10	93757.45	1849	0	BartonZwiebach	
5344	0:24:17	1/1/2019 	1451336	92.00	10.00	6.40	56.10	93757.45	1850	0	BartonZwiebach	
5345	0:24:17	1/1/2019 	1451450	66.00	9.00	5.93	56.10	93757.45	3833	0	BartonZwiebach	
5346	0:24:17	1/1/2019 	1451717	66.00	10.00	5.94	56.10	93757.10	49792	0	BartonZwiebach	
5347	0:24:18	1/1/2019 	1451771	83.00	10.00	6.20	56.10	93757.10	1850	0	BartonZwiebach	
5348	0:24:18	1/1/2019 	1451811	65.00	10.00	5.93	56.10	93757.10	1850	0	BartonZwiebach	
5349	0:24:18	1/1/2019 	1451857	77.00	10.00	6.08	56.10	93757.10	1849	0	BartonZwiebach	
5350	0:24:18	1/1/2019 	1451972	437.00	19.00	13.01	56.10	93757.10	1850	0	BartonZwiebach	
5351	0:24:18	1/1/2019 	1452018	65.00	10.00	5.93	56.09	93756.58	3890	0	BartonZwiebach	
5352	0:24:18	1/1/2019 	1452264	64.00	10.00	5.92	56.09	93756.58	1849	0	BartonZwiebach	
5353	0:24:18	1/1/2019 	1452566	76.00	9.00	6.07	56.09	93755.91	49793	0	BartonZwiebach	
5354	0:24:18	1/1/2019 	1452665	65.00	9.00	5.92	56.09	93755.91	1849	0	BartonZwiebach	
5355	0:24:19	1/1/2019 	1452781	71.00	10.00	5.99	56.09	93755.91	1850	0	BartonZwiebach	
5356	0:24:19	1/1/2019 	1452837	65.00	9.00	5.92	56.09	93755.91	1850	0	BartonZwiebach	
5357	0:24:19	1/1/2019 	1452846	71.00	9.00	5.99	56.09	93755.91	3833	0	BartonZwiebach	
5358	0:24:19	1/1/2019 	1453270	67.00	10.00	5.95	56.09	93755.41	1848	0	BartonZwiebach	
5359	0:24:19	1/1/2019 	1453344	65.00	11.00	5.93	56.09	93755.41	1849	0	BartonZwiebach	
5360	0:24:19	1/1/2019 	1453469	68.00	9.00	5.95	56.09	93754.88	1852	0	BartonZwiebach	
5361	0:24:19	1/1/2019 	1453477	196.00	10.00	9.23	56.09	93754.88	1856	0	BartonZwiebach	
5362	0:24:19	1/1/2019 	1453646	67.00	9.00	5.94	56.09	93754.88	49800	0	BartonZwiebach	
5363	0:24:19	1/1/2019 	1453755	157.00	10.00	8.22	56.09	93754.88	3841	0	BartonZwiebach	
5364	0:24:20	1/1/2019 	1453933	69.00	10.00	5.97	56.08	93754.36	1855	0	BartonZwiebach	
5365	0:24:20	1/1/2019 	1453959	72.00	10.00	6.01	56.08	93754.36	1850	0	BartonZwiebach	
5366	0:24:20	1/1/2019 	1454047	68.00	9.00	5.95	56.08	93754.36	1848	0	BartonZwiebach	
5367	0:24:20	1/1/2019 	1454596	64.00	10.00	5.92	56.08	93754.03	49793	0	BartonZwiebach	
5368	0:24:20	1/1/2019 	1454719	67.00	9.00	5.94	56.08	93754.03	1849	0	BartonZwiebach	
5369	0:24:20	1/1/2019 	1454760	882.00	58.00	23.47	56.08	93754.03	3834	0	BartonZwiebach	
5370	0:24:21	1/1/2019 	1454809	61.00	9.00	5.90	56.08	93754.03	1851	0	BartonZwiebach	
5371	0:24:21	1/1/2019 	1454830	66.00	11.00	5.94	56.08	93754.03	1850	0	BartonZwiebach	
5372	0:24:21	1/1/2019 	1454914	68.00	9.00	5.95	56.08	93753.50	1849	0	BartonZwiebach	
5373	0:24:21	1/1/2019 	1455009	62.00	9.00	5.90	56.08	93753.50	1850	0	BartonZwiebach	
5374	0:24:21	1/1/2019 	1455267	65.00	9.00	5.92	56.08	93753.50	1849	0	BartonZwiebach	
5375	0:24:21	1/1/2019 	1455313	120.00	10.00	7.15	56.08	93753.50	3833	0	BartonZwiebach	
5376	0:24:21	1/1/2019 	1455578	65.00	9.00	5.92	56.08	93753.03	49794	0	BartonZwiebach	
5377	0:24:21	1/1/2019 	1455586	63.00	9.00	5.91	56.08	93753.03	1849	0	BartonZwiebach	
5378	0:24:21	1/1/2019 	1455714	66.00	9.00	5.93	56.08	93753.03	1850	0	BartonZwiebach	
5379	0:24:22	1/1/2019 	1455984	71.00	10.00	5.99	56.07	93752.51	1850	0	BartonZwiebach	
5380	0:24:22	1/1/2019 	1456070	82.00	9.00	6.18	56.07	93752.51	1851	0	BartonZwiebach	
5381	0:24:22	1/1/2019 	1456243	154.00	10.00	8.14	56.07	93752.51	3833	0	BartonZwiebach	
5382	0:24:22	1/1/2019 	1456274	69.00	9.00	5.97	56.07	93752.51	1850	0	BartonZwiebach	
5383	0:24:22	1/1/2019 	1456333	72.00	9.00	6.01	56.07	93752.51	1849	0	BartonZwiebach	
5384	0:24:23	1/1/2019 	1456901	66.00	9.00	5.93	56.07	93751.80	49793	0	BartonZwiebach	
5385	0:24:23	1/1/2019 	1457130	113.00	10.00	6.95	56.07	93751.80	1849	0	BartonZwiebach	
5386	0:24:23	1/1/2019 	1457210	71.00	9.00	5.99	56.07	93751.80	3834	0	BartonZwiebach	
5387	0:24:23	1/1/2019 	1457257	67.00	10.00	5.95	56.07	93751.80	1850	0	BartonZwiebach	
5388	0:24:23	1/1/2019 	1457482	77.00	10.00	6.08	56.07	93751.31	1850	0	BartonZwiebach	
5389	0:24:23	1/1/2019 	1457557	69.00	6.00	5.96	56.07	93751.31	49792	0	BartonZwiebach	
5390	0:24:23	1/1/2019 	1457669	75.00	8.00	6.05	56.07	93751.31	1848	0	BartonZwiebach	
5391	0:24:23	1/1/2019 	1457704	64.00	10.00	5.92	56.07	93751.31	1847	0	BartonZwiebach	
5392	0:24:23	1/1/2019 	1457750	879.00	58.00	23.46	56.07	93751.31	3833	0	BartonZwiebach	
5393	0:24:24	1/1/2019 	1458005	65.00	10.00	5.93	56.07	93750.78	1851	0	BartonZwiebach	
5394	0:24:24	1/1/2019 	1458031	66.00	9.00	5.93	56.07	93750.78	1850	0	BartonZwiebach	
5395	0:24:24	1/1/2019 	1458116	69.00	10.00	5.97	56.07	93750.78	1849	0	BartonZwiebach	
5396	0:24:24	1/1/2019 	1458240	69.00	9.00	5.97	56.07	93750.78	1849	0	BartonZwiebach	
5397	0:24:24	1/1/2019 	1458331	69.00	10.00	5.97	56.06	93750.26	1850	0	BartonZwiebach	
5398	0:24:24	1/1/2019 	1458407	64.00	9.00	5.92	56.06	93750.26	3833	0	BartonZwiebach	
5399	0:24:24	1/1/2019 	1458554	64.00	10.00	5.92	56.06	93750.26	49793	0	BartonZwiebach	
5400	0:24:24	1/1/2019 	1458577	134.00	10.00	7.56	56.06	93750.26	1849	0	BartonZwiebach	
5401	0:24:24	1/1/2019 	1458586	177.00	10.00	8.76	56.06	93750.26	1851	0	BartonZwiebach	
5402	0:24:24	1/1/2019 	1458636	169.00	10.00	8.55	56.06	93750.26	1850	0	BartonZwiebach	
5403	0:24:24	1/1/2019 	1458750	131.00	10.00	7.48	56.06	93750.26	1849	0	BartonZwiebach	
5404	0:24:25	1/1/2019 	1458789	67.00	10.00	5.95	56.06	93749.78	3888	0	BartonZwiebach	
5405	0:24:25	1/1/2019 	1458915	64.00	10.00	5.92	56.06	93749.78	1851	0	BartonZwiebach	
5406	0:24:25	1/1/2019 	1458998	71.00	10.00	5.99	56.06	93749.78	1848	0	BartonZwiebach	
5407	0:24:25	1/1/2019 	1459049	70.00	10.00	5.98	56.06	93749.78	1849	0	BartonZwiebach	
5408	0:24:25	1/1/2019 	1459051	66.00	10.00	5.94	56.06	93749.78	1850	0	BartonZwiebach	
5409	0:24:25	1/1/2019 	1459064	67.00	9.00	5.94	56.06	93749.78	1850	0	BartonZwiebach	
5410	0:24:25	1/1/2019 	1459296	66.00	9.00	5.93	56.06	93749.26	3833	0	BartonZwiebach	
5411	0:24:25	1/1/2019 	1459373	67.00	10.00	5.95	56.06	93749.26	1850	0	BartonZwiebach	
5412	0:24:25	1/1/2019 	1459381	65.00	10.00	5.93	56.06	93749.26	1850	0	BartonZwiebach	
5413	0:24:25	1/1/2019 	1459463	64.00	10.00	5.92	56.06	93749.26	1849	0	BartonZwiebach	
5414	0:24:25	1/1/2019 	1459596	64.00	9.00	5.92	56.06	93749.26	49792	0	BartonZwiebach	
5415	0:24:25	1/1/2019 	1459634	67.00	9.00	5.94	56.06	93749.26	2602	0	BartonZwiebach	
5416	0:24:25	1/1/2019 	1459651	75.00	10.00	6.05	56.06	93749.26	3972	0	BartonZwiebach	
5417	0:24:26	1/1/2019 	1459862	86.00	10.00	6.26	56.06	93748.73	1849	0	BartonZwiebach	
5418	0:24:26	1/1/2019 	1459997	109.00	10.00	6.84	56.06	93748.73	1851	0	BartonZwiebach	
5419	0:24:26	1/1/2019 	1460027	882.00	57.00	23.36	56.06	93748.73	1851	0	BartonZwiebach	
5420	0:24:26	1/1/2019 	1460069	202.00	11.00	9.38	56.06	93748.73	1850	0	BartonZwiebach	
5421	0:24:26	1/1/2019 	1460243	64.00	10.00	5.92	56.06	93748.73	1850	0	BartonZwiebach	
5422	0:24:26	1/1/2019 	1460470	76.00	10.00	6.07	56.06	93748.73	3832	0	BartonZwiebach	
5423	0:24:26	1/1/2019 	1460618	62.00	9.00	5.90	56.06	93748.73	49795	0	BartonZwiebach	
5424	0:24:27	1/1/2019 	1461051	68.00	10.00	5.96	56.05	93748.23	1849	0	BartonZwiebach	
5425	0:24:27	1/1/2019 	1461145	65.00	9.00	5.92	56.05	93748.23	1850	0	BartonZwiebach	
5426	0:24:27	1/1/2019 	1461317	65.00	9.00	5.92	56.05	93747.88	1848	0	BartonZwiebach	
5427	0:24:27	1/1/2019 	1461341	65.00	9.00	5.92	56.05	93747.88	1849	0	BartonZwiebach	
5428	0:24:27	1/1/2019 	1461663	742.00	38.00	21.00	56.05	93747.88	51777	0	BartonZwiebach	
5429	0:24:28	1/1/2019 	1461906	64.00	9.00	5.92	56.05	93747.36	1850	0	BartonZwiebach	
5430	0:24:28	1/1/2019 	1461978	80.00	10.00	6.14	56.05	93747.36	1850	0	BartonZwiebach	
5431	0:24:28	1/1/2019 	1462067	69.00	9.00	5.97	56.05	93747.36	1849	0	BartonZwiebach	
5432	0:24:28	1/1/2019 	1462423	74.00	9.00	6.03	56.05	93747.18	1848	0	BartonZwiebach	
5433	0:24:28	1/1/2019 	1462686	63.00	9.00	5.91	56.05	93746.88	51777	0	BartonZwiebach	
5434	0:24:29	1/1/2019 	1462950	65.00	9.00	5.92	56.05	93746.88	1849	0	BartonZwiebach	
5435	0:24:29	1/1/2019 	1462966	66.00	10.00	5.94	56.05	93746.88	1872	0	BartonZwiebach	
5436	0:24:29	1/1/2019 	1463039	67.00	9.00	5.94	56.05	93746.88	1849	0	BartonZwiebach	
5437	0:24:29	1/1/2019 	1463051	85.00	12.00	6.24	56.05	93746.88	1849	0	BartonZwiebach	
5438	0:24:29	1/1/2019 	1463079	521.00	15.00	13.64	56.05	93746.88	1849	0	BartonZwiebach	
5439	0:24:29	1/1/2019 	1463136	74.00	10.00	6.04	56.05	93746.88	3833	0	BartonZwiebach	
5440	0:24:29	1/1/2019 	1463292	64.00	9.00	5.92	56.04	93746.36	1849	0	BartonZwiebach	
5441	0:24:29	1/1/2019 	1463386	69.00	9.00	5.97	56.04	93746.36	1848	0	BartonZwiebach	
5442	0:24:29	1/1/2019 	1463462	69.00	9.00	5.97	56.04	93746.36	1848	0	BartonZwiebach	
5443	0:24:29	1/1/2019 	1463483	66.00	10.00	5.94	56.04	93746.36	1849	0	BartonZwiebach	
5444	0:24:29	1/1/2019 	1463550	70.00	10.00	5.98	56.04	93746.36	49794	0	BartonZwiebach	
5445	0:24:29	1/1/2019 	1463598	70.00	10.00	5.98	56.04	93746.36	3888	0	BartonZwiebach	
5446	0:24:30	1/1/2019 	1463840	64.00	10.00	5.92	56.04	93745.86	1886	0	BartonZwiebach	
5447	0:24:30	1/1/2019 	1463950	82.00	10.00	6.18	56.04	93745.86	1849	0	BartonZwiebach	
5448	0:24:30	1/1/2019 	1464419	68.00	10.00	5.96	56.04	93745.33	1849	0	BartonZwiebach	
5449	0:24:30	1/1/2019 	1464593	68.00	9.00	5.95	56.04	93744.98	49794	0	BartonZwiebach	
5450	0:24:30	1/1/2019 	1464600	697.00	31.00	19.56	56.04	93744.98	1849	0	BartonZwiebach	
5451	0:24:30	1/1/2019 	1464615	66.00	10.00	5.94	56.04	93744.98	3835	0	BartonZwiebach	
5452	0:24:31	1/1/2019 	1464773	595.00	20.00	15.41	56.04	93744.98	1850	0	BartonZwiebach	
5453	0:24:31	1/1/2019 	1464796	70.00	10.00	5.98	56.04	93744.98	1852	0	BartonZwiebach	
5454	0:24:31	1/1/2019 	1464957	70.00	9.00	5.98	56.04	93744.98	1849	0	BartonZwiebach	
5455	0:24:31	1/1/2019 	1464971	76.00	9.00	6.07	56.04	93744.98	1849	0	BartonZwiebach	
5456	0:24:31	1/1/2019 	1464976	79.00	9.00	6.12	56.04	93744.98	1848	0	BartonZwiebach	
5457	0:24:31	1/1/2019 	1465064	67.00	10.00	5.95	56.04	93744.98	3833	0	BartonZwiebach	
5458	0:24:31	1/1/2019 	1465084	342.00	16.00	11.87	56.04	93744.98	1849	0	BartonZwiebach	
5459	0:24:31	1/1/2019 	1465100	970.00	129.00	35.65	56.04	93744.98	1849	0	BartonZwiebach	
5460	0:24:31	1/1/2019 	1465145	64.00	10.00	5.92	56.04	93744.98	1851	0	BartonZwiebach	
5461	0:24:31	1/1/2019 	1465213	82.00	10.00	6.18	56.04	93744.98	1848	0	BartonZwiebach	
5462	0:24:31	1/1/2019 	1465307	67.00	10.00	5.95	56.04	93744.98	1850	0	BartonZwiebach	
5463	0:24:31	1/1/2019 	1465391	75.00	9.00	6.05	56.04	93744.98	3833	0	BartonZwiebach	
5464	0:24:31	1/1/2019 	1465608	67.00	10.00	5.95	56.04	93744.30	49794	0	BartonZwiebach	
5465	0:24:31	1/1/2019 	1465610	86.00	10.00	6.26	56.04	93744.30	1849	0	BartonZwiebach	
5466	0:24:32	1/1/2019 	1465776	72.00	10.00	6.01	56.04	93744.30	1850	0	BartonZwiebach	
5467	0:24:32	1/1/2019 	1465841	74.00	10.00	6.04	56.04	93744.30	1851	0	BartonZwiebach	
5468	0:24:32	1/1/2019 	1466060	67.00	10.00	5.95	56.03	93743.81	1850	0	BartonZwiebach	
5469	0:24:32	1/1/2019 	1466126	70.00	10.00	5.98	56.03	93743.81	3833	0	BartonZwiebach	
5470	0:24:32	1/1/2019 	1466132	64.00	9.00	5.92	56.03	93743.81	1849	0	BartonZwiebach	
5471	0:24:32	1/1/2019 	1466263	66.00	10.00	5.94	56.03	93743.81	1849	0	BartonZwiebach	
5472	0:24:32	1/1/2019 	1466752	62.00	9.00	5.90	56.03	93743.28	49793	0	BartonZwiebach	
5473	0:24:33	1/1/2019 	1467115	64.00	9.00	5.92	56.03	93742.78	1848	0	BartonZwiebach	
5474	0:24:33	1/1/2019 	1467127	68.00	10.00	5.96	56.03	93742.78	1849	0	BartonZwiebach	
5475	0:24:33	1/1/2019 	1467203	65.00	9.00	5.92	56.03	93742.78	3853	0	BartonZwiebach	
5476	0:24:33	1/1/2019 	1467286	70.00	10.00	5.98	56.03	93742.78	1849	0	BartonZwiebach	
5477	0:24:33	1/1/2019 	1467306	384.00	13.00	12.25	56.03	93742.78	1850	0	BartonZwiebach	
5478	0:24:33	1/1/2019 	1467328	65.00	9.00	5.92	56.03	93742.78	1849	0	BartonZwiebach	
5479	0:24:33	1/1/2019 	1467348	65.00	10.00	5.93	56.03	93742.78	1849	0	BartonZwiebach	
5480	0:24:33	1/1/2019 	1467718	66.00	10.00	5.94	56.03	93742.26	49794	0	BartonZwiebach	
5481	0:24:34	1/1/2019 	1467768	68.00	9.00	5.95	56.03	93742.26	3853	0	BartonZwiebach	
5482	0:24:34	1/1/2019 	1467892	216.00	11.00	9.69	56.03	93742.26	1851	0	BartonZwiebach	
5483	0:24:34	1/1/2019 	1467956	66.00	10.00	5.94	56.03	93742.26	1849	0	BartonZwiebach	
5484	0:24:34	1/1/2019 	1468089	66.00	9.00	5.93	56.03	93742.09	1849	0	BartonZwiebach	
5485	0:24:34	1/1/2019 	1468107	432.00	12.00	12.63	56.03	93742.09	1849	0	BartonZwiebach	
5486	0:24:34	1/1/2019 	1468148	73.00	9.00	6.02	56.03	93742.09	3853	0	BartonZwiebach	
5487	0:24:34	1/1/2019 	1468284	61.00	10.00	5.90	56.03	93742.09	1849	0	BartonZwiebach	
5488	0:24:34	1/1/2019 	1468496	443.00	22.00	13.19	56.02	93741.55	1849	0	BartonZwiebach	
5489	0:24:34	1/1/2019 	1468637	70.00	9.00	5.98	56.02	93741.55	49797	0	BartonZwiebach	
5490	0:24:34	1/1/2019 	1468761	83.00	9.00	6.20	56.02	93741.55	1850	0	BartonZwiebach	
5491	0:24:35	1/1/2019 	1469214	67.00	10.00	5.95	56.02	93741.06	1850	0	BartonZwiebach	
5492	0:24:35	1/1/2019 	1469241	66.00	9.00	5.93	56.02	93741.06	3855	0	BartonZwiebach	
5493	0:24:35	1/1/2019 	1469247	66.00	10.00	5.94	56.02	93741.06	1849	0	BartonZwiebach	
5494	0:24:35	1/1/2019 	1469266	59.00	10.00	5.89	56.02	93741.06	1849	0	BartonZwiebach	
5495	0:24:35	1/1/2019 	1469333	72.00	10.00	6.01	56.02	93741.06	1849	0	BartonZwiebach	
5496	0:24:35	1/1/2019 	1469357	68.00	9.00	5.95	56.02	93741.06	1850	0	BartonZwiebach	
5497	0:24:35	1/1/2019 	1469493	148.00	10.00	7.97	56.02	93740.56	1849	0	BartonZwiebach	
5498	0:24:35	1/1/2019 	1469570	69.00	9.00	5.97	56.02	93740.56	51852	0	BartonZwiebach	
5499	0:24:35	1/1/2019 	1469677	70.00	10.00	5.98	56.02	93740.56	2799	0	BartonZwiebach	
5500	0:24:36	1/1/2019 	1469898	142.00	8.00	7.79	56.02	93740.56	1849	0	BartonZwiebach	
5501	0:24:36	1/1/2019 	1469958	192.00	11.00	9.14	56.02	93740.06	1849	0	BartonZwiebach	
5502	0:24:36	1/1/2019 	1470116	64.00	10.00	5.92	56.02	93740.06	1849	0	BartonZwiebach	
5503	0:24:36	1/1/2019 	1470153	68.00	10.00	5.96	56.02	93740.06	1848	0	BartonZwiebach	
5504	0:24:36	1/1/2019 	1470335	67.00	9.00	5.94	56.02	93740.06	3994	0	BartonZwiebach	
5505	0:24:36	1/1/2019 	1470634	64.00	9.00	5.92	56.02	93740.06	49795	0	BartonZwiebach	
5506	0:24:36	1/1/2019 	1470684	65.00	9.00	5.92	56.02	93740.06	1848	0	BartonZwiebach	
5507	0:24:36	1/1/2019 	1470717	74.00	6.00	6.03	56.02	93740.06	1850	0	BartonZwiebach	
5508	0:24:37	1/1/2019 	1470940	74.00	10.00	6.04	56.01	93739.36	1848	0	BartonZwiebach	
5509	0:24:37	1/1/2019 	1470957	84.00	10.00	6.22	56.01	93739.36	1850	0	BartonZwiebach	
5510	0:24:37	1/1/2019 	1470962	69.00	10.00	5.97	56.01	93739.36	3829	0	BartonZwiebach	
5511	0:24:37	1/1/2019 	1471056	385.00	12.00	12.21	56.01	93739.36	1849	0	BartonZwiebach	
5512	0:24:37	1/1/2019 	1471186	66.00	9.00	5.93	56.01	93739.36	1849	0	BartonZwiebach	
5513	0:24:37	1/1/2019 	1471208	63.00	10.00	5.91	56.01	93739.36	1850	0	BartonZwiebach	
5514	0:24:37	1/1/2019 	1471223	493.00	15.00	13.33	56.01	93739.36	1850	0	BartonZwiebach	
5515	0:24:37	1/1/2019 	1471234	162.00	11.00	8.37	56.01	93739.36	1850	0	BartonZwiebach	
5516	0:24:37	1/1/2019 	1471420	69.00	10.00	5.97	56.01	93739.01	3830	0	BartonZwiebach	
5517	0:24:37	1/1/2019 	1471462	69.00	9.00	5.97	56.01	93739.01	1849	0	BartonZwiebach	
5518	0:24:37	1/1/2019 	1471464	78.00	9.00	6.10	56.01	93739.01	1848	0	BartonZwiebach	
5519	0:24:37	1/1/2019 	1471472	63.00	9.00	5.91	56.01	93739.01	1848	0	BartonZwiebach	
5520	0:24:37	1/1/2019 	1471622	79.00	9.00	6.12	56.01	93739.01	49792	0	BartonZwiebach	
5521	0:24:38	1/1/2019 	1471773	70.00	10.00	5.98	56.01	93739.01	1849	0	BartonZwiebach	
5522	0:24:38	1/1/2019 	1471918	70.00	10.00	5.98	56.01	93738.34	3830	0	BartonZwiebach	
5523	0:24:38	1/1/2019 	1471948	68.00	9.00	5.95	56.01	93738.34	1849	0	BartonZwiebach	
5524	0:24:38	1/1/2019 	1472033	79.00	10.00	6.12	56.01	93738.34	1850	0	BartonZwiebach	
5525	0:24:38	1/1/2019 	1472058	65.00	10.00	5.93	56.01	93738.34	1849	0	BartonZwiebach	
5526	0:24:38	1/1/2019 	1472337	76.00	10.00	6.07	56.01	93738.34	1848	0	BartonZwiebach	
5527	0:24:38	1/1/2019 	1472594	66.00	10.00	5.94	56.01	93738.16	49794	0	BartonZwiebach	
5528	0:24:38	1/1/2019 	1472634	65.00	10.00	5.93	56.01	93738.16	3830	0	BartonZwiebach	
5529	0:24:38	1/1/2019 	1472667	70.00	10.00	5.98	56.01	93738.16	1848	0	BartonZwiebach	
5530	0:24:38	1/1/2019 	1472702	64.00	9.00	5.92	56.01	93738.16	1849	0	BartonZwiebach	
5531	0:24:39	1/1/2019 	1472778	60.00	9.00	5.89	56.01	93738.16	1847	0	BartonZwiebach	
5532	0:24:39	1/1/2019 	1472931	74.00	9.00	6.03	56.01	93737.64	1850	0	BartonZwiebach	
5533	0:24:39	1/1/2019 	1472941	71.00	5.00	5.99	56.01	93737.64	1849	0	BartonZwiebach	
5534	0:24:39	1/1/2019 	1472976	66.00	10.00	5.94	56.01	93737.64	3834	0	BartonZwiebach	
5535	0:24:39	1/1/2019 	1473142	65.00	6.00	5.92	56.01	93737.64	1849	0	BartonZwiebach	
5536	0:24:39	1/1/2019 	1473151	74.00	9.00	6.03	56.01	93737.64	1848	0	BartonZwiebach	
5537	0:24:39	1/1/2019 	1473259	66.00	9.00	5.93	56.01	93737.64	1849	0	BartonZwiebach	
5538	0:24:39	1/1/2019 	1473350	74.00	9.00	6.03	56.00	93736.97	1848	0	BartonZwiebach	
5539	0:24:39	1/1/2019 	1473373	66.00	10.00	5.94	56.00	93736.97	3888	0	BartonZwiebach	
5540	0:24:39	1/1/2019 	1473437	66.00	9.00	5.93	56.00	93736.97	1849	0	BartonZwiebach	
5541	0:24:39	1/1/2019 	1473625	66.00	9.00	5.93	56.00	93736.97	49794	0	BartonZwiebach	
5542	0:24:40	1/1/2019 	1473898	63.00	9.00	5.91	56.00	93736.30	1850	0	BartonZwiebach	
5543	0:24:40	1/1/2019 	1473938	73.00	9.00	6.02	56.00	93736.30	1850	0	BartonZwiebach	
5544	0:24:40	1/1/2019 	1474087	68.00	9.00	5.95	56.00	93736.30	1849	0	BartonZwiebach	
5545	0:24:40	1/1/2019 	1474219	71.00	10.00	5.99	56.00	93736.30	3834	0	BartonZwiebach	
5546	0:24:40	1/1/2019 	1474377	72.00	9.00	6.01	56.00	93735.95	1850	0	BartonZwiebach	
5547	0:24:40	1/1/2019 	1474392	65.00	9.00	5.92	56.00	93735.95	1849	0	BartonZwiebach	
5548	0:24:40	1/1/2019 	1474396	63.00	9.00	5.91	56.00	93735.95	1849	0	BartonZwiebach	
5549	0:24:40	1/1/2019 	1474421	72.00	9.00	6.01	56.00	93735.95	1850	0	BartonZwiebach	
5550	0:24:41	1/1/2019 	1474788	511.00	14.00	13.45	56.00	93735.25	49794	0	BartonZwiebach	
5551	0:24:41	1/1/2019 	1474819	70.00	9.00	5.98	56.00	93735.25	3836	0	BartonZwiebach	
5552	0:24:41	1/1/2019 	1474912	76.00	9.00	6.07	56.00	93735.25	1848	0	BartonZwiebach	
5553	0:24:41	1/1/2019 	1474917	74.00	9.00	6.03	56.00	93735.25	1848	0	BartonZwiebach	
5554	0:24:41	1/1/2019 	1475006	64.00	9.00	5.92	56.00	93735.25	1849	0	BartonZwiebach	
5555	0:24:41	1/1/2019 	1475122	65.00	9.00	5.92	56.00	93735.25	1847	0	BartonZwiebach	
5556	0:24:41	1/1/2019 	1475157	67.00	9.00	5.94	56.00	93735.25	1848	0	BartonZwiebach	
5557	0:24:41	1/1/2019 	1475328	63.00	10.00	5.91	56.00	93734.72	3834	0	BartonZwiebach	
5558	0:24:41	1/1/2019 	1475560	67.00	9.00	5.94	56.00	93734.72	49793	0	BartonZwiebach	
5559	0:24:41	1/1/2019 	1475613	66.00	9.00	5.93	56.00	93734.72	1849	0	BartonZwiebach	
5560	0:24:42	1/1/2019 	1475902	64.00	10.00	5.92	56.00	93734.55	1849	0	BartonZwiebach	
5561	0:24:42	1/1/2019 	1476040	77.00	10.00	6.08	56.00	93734.55	1849	0	BartonZwiebach	
5562	0:24:42	1/1/2019 	1476141	67.00	9.00	5.94	56.00	93734.55	1849	0	BartonZwiebach	
5563	0:24:42	1/1/2019 	1476149	68.00	10.00	5.96	56.00	93734.55	3833	0	BartonZwiebach	
5564	0:24:42	1/1/2019 	1476243	65.00	9.00	5.92	55.99	93733.91	1849	0	BartonZwiebach	
5565	0:24:42	1/1/2019 	1476246	116.00	10.00	7.04	55.99	93733.91	1848	0	BartonZwiebach	
5566	0:24:42	1/1/2019 	1476281	580.00	21.00	15.13	55.99	93733.91	1850	0	BartonZwiebach	
5567	0:24:42	1/1/2019 	1476344	70.00	10.00	5.98	55.99	93733.91	1850	0	BartonZwiebach	
5568	0:24:42	1/1/2019 	1476437	74.00	9.00	6.03	55.99	93733.91	1849	0	BartonZwiebach	
5569	0:24:42	1/1/2019 	1476573	83.00	10.00	6.20	55.99	93733.91	51780	0	BartonZwiebach	
5570	0:24:42	1/1/2019 	1476651	69.00	9.00	5.97	55.99	93733.91	1849	0	BartonZwiebach	
5571	0:24:43	1/1/2019 	1476879	91.00	10.00	6.37	55.99	93733.20	1849	0	BartonZwiebach	
5572	0:24:43	1/1/2019 	1477340	66.00	8.00	5.93	55.99	93732.70	1851	0	BartonZwiebach	
5573	0:24:43	1/1/2019 	1477408	225.00	10.00	9.86	55.99	93732.70	1848	0	BartonZwiebach	
5574	0:24:43	1/1/2019 	1477591	67.00	10.00	5.95	55.99	93732.70	49793	0	BartonZwiebach	
5575	0:24:43	1/1/2019 	1477627	64.00	10.00	5.92	55.99	93732.70	3834	0	BartonZwiebach	
5576	0:24:43	1/1/2019 	1477634	68.00	10.00	5.96	55.99	93732.70	1848	0	BartonZwiebach	
5577	0:24:43	1/1/2019 	1477672	68.00	9.00	5.95	55.99	93732.70	1849	0	BartonZwiebach	
5578	0:24:44	1/1/2019 	1477781	65.00	10.00	5.93	55.99	93732.19	1849	0	BartonZwiebach	
5579	0:24:44	1/1/2019 	1477787	68.00	10.00	5.96	55.99	93732.19	1850	0	BartonZwiebach	
5580	0:24:44	1/1/2019 	1477959	66.00	10.00	5.94	55.99	93732.19	1849	0	BartonZwiebach	
5581	0:24:44	1/1/2019 	1477993	65.00	10.00	5.93	55.99	93732.19	3834	0	BartonZwiebach	
5582	0:24:44	1/1/2019 	1478009	66.00	9.00	5.93	55.99	93732.19	1849	0	BartonZwiebach	
5583	0:24:44	1/1/2019 	1478149	66.00	9.00	5.93	55.99	93732.19	1849	0	BartonZwiebach	
5584	0:24:44	1/1/2019 	1478242	65.00	9.00	5.92	55.99	93732.19	1849	0	BartonZwiebach	
5585	0:24:44	1/1/2019 	1478389	65.00	10.00	5.93	55.99	93732.19	1849	0	BartonZwiebach	
5586	0:24:44	1/1/2019 	1478600	63.00	9.00	5.91	55.99	93732.19	49795	0	BartonZwiebach	
5587	0:24:44	1/1/2019 	1478638	64.00	10.00	5.92	55.99	93732.19	3833	0	BartonZwiebach	
5588	0:24:44	1/1/2019 	1478708	66.00	9.00	5.93	55.98	93731.48	1849	0	BartonZwiebach	
5589	0:24:44	1/1/2019 	1478757	70.00	9.00	5.98	55.98	93731.48	1849	0	BartonZwiebach	
5590	0:24:45	1/1/2019 	1479026	75.00	9.00	6.05	55.98	93731.48	1849	0	BartonZwiebach	
5591	0:24:45	1/1/2019 	1479032	77.00	10.00	6.08	55.98	93731.48	1850	0	BartonZwiebach	
5592	0:24:45	1/1/2019 	1479455	67.00	9.00	5.94	55.98	93731.16	1849	0	BartonZwiebach	
5593	0:24:45	1/1/2019 	1479558	67.00	9.00	5.94	55.98	93731.16	51833	0	BartonZwiebach	
5594	0:24:46	1/1/2019 	1479789	73.00	10.00	6.02	55.98	93730.66	2799	0	BartonZwiebach	
5595	0:24:46	1/1/2019 	1479815	68.00	11.00	5.96	55.98	93730.66	1851	0	BartonZwiebach	
5596	0:24:46	1/1/2019 	1479930	65.00	10.00	5.93	55.98	93730.66	1849	0	BartonZwiebach	
5597	0:24:46	1/1/2019 	1480012	72.00	9.00	6.01	55.98	93730.66	1848	0	BartonZwiebach	
5598	0:24:46	1/1/2019 	1480048	74.00	9.00	6.03	55.98	93730.66	1849	0	BartonZwiebach	
5599	0:24:46	1/1/2019 	1480439	71.00	10.00	5.99	55.98	93730.31	3973	0	BartonZwiebach	
5600	0:24:46	1/1/2019 	1480567	79.00	10.00	6.12	55.98	93730.31	49794	0	BartonZwiebach	
5601	0:24:46	1/1/2019 	1480664	66.00	10.00	5.94	55.98	93729.95	1850	0	BartonZwiebach	
5602	0:24:46	1/1/2019 	1480674	65.00	9.00	5.92	55.98	93729.95	1849	0	BartonZwiebach	
5603	0:24:46	1/1/2019 	1480709	82.00	9.00	6.18	55.98	93729.95	1850	0	BartonZwiebach	
5604	0:24:46	1/1/2019 	1480755	64.00	10.00	5.92	55.98	93729.95	3833	0	BartonZwiebach	
5605	0:24:47	1/1/2019 	1480851	65.00	9.00	5.92	55.98	93729.95	1849	0	BartonZwiebach	
5606	0:24:47	1/1/2019 	1480855	68.00	9.00	5.95	55.98	93729.95	1850	0	BartonZwiebach	
5607	0:24:47	1/1/2019 	1480987	64.00	9.00	5.92	55.98	93729.95	1850	0	BartonZwiebach	
5608	0:24:47	1/1/2019 	1481414	67.00	9.00	5.94	55.97	93729.46	1848	0	BartonZwiebach	
5609	0:24:48	1/1/2019 	1481903	65.00	10.00	5.93	55.97	93729.29	49794	0	BartonZwiebach	
5610	0:24:48	1/1/2019 	1482303	524.00	16.00	13.75	55.97	93728.77	3835	0	BartonZwiebach	
5611	0:24:48	1/1/2019 	1482432	66.00	9.00	5.93	55.97	93728.77	1848	0	BartonZwiebach	
5612	0:24:48	1/1/2019 	1482440	70.00	10.00	5.98	55.97	93728.77	1848	0	BartonZwiebach	
5613	0:24:48	1/1/2019 	1482559	64.00	10.00	5.92	55.97	93728.23	49791	0	BartonZwiebach	
5614	0:24:48	1/1/2019 	1482598	66.00	10.00	5.94	55.97	93728.23	1849	0	BartonZwiebach	
5615	0:24:48	1/1/2019 	1482637	82.00	10.00	6.18	55.97	93728.23	1849	0	BartonZwiebach	
5616	0:24:48	1/1/2019 	1482702	96.00	10.00	6.49	55.97	93728.23	3834	0	BartonZwiebach	
5617	0:24:49	1/1/2019 	1482788	62.00	9.00	5.90	55.97	93728.23	1850	0	BartonZwiebach	
5618	0:24:49	1/1/2019 	1482952	64.00	9.00	5.92	55.97	93728.23	1850	0	BartonZwiebach	
5619	0:24:49	1/1/2019 	1482997	67.00	9.00	5.94	55.97	93728.23	1848	0	BartonZwiebach	
5620	0:24:49	1/1/2019 	1483082	81.00	10.00	6.16	55.97	93727.73	1849	0	BartonZwiebach	
5621	0:24:49	1/1/2019 	1483139	70.00	9.00	5.98	55.97	93727.73	1849	0	BartonZwiebach	
5622	0:24:49	1/1/2019 	1483157	92.00	10.00	6.40	55.97	93727.73	3834	0	BartonZwiebach	
5623	0:24:49	1/1/2019 	1483577	78.00	10.00	6.10	55.96	93727.23	49793	0	BartonZwiebach	
5624	0:24:49	1/1/2019 	1483671	288.00	13.00	11.03	55.96	93727.23	1850	0	BartonZwiebach	
5625	0:24:50	1/1/2019 	1484043	64.00	10.00	5.92	55.96	93727.23	1850	0	BartonZwiebach	
5626	0:24:50	1/1/2019 	1484046	67.00	10.00	5.95	55.96	93727.23	1849	0	BartonZwiebach	
5627	0:24:50	1/1/2019 	1484150	69.00	10.00	5.97	55.96	93727.23	1850	0	BartonZwiebach	
5628	0:24:50	1/1/2019 	1484275	417.00	21.00	12.89	55.96	93727.23	3833	0	BartonZwiebach	
5629	0:24:50	1/1/2019 	1484350	76.00	10.00	6.07	55.96	93727.23	1851	0	BartonZwiebach	
5630	0:24:51	1/1/2019 	1485114	69.00	10.00	5.97	55.96	93726.21	49793	0	BartonZwiebach	
5631	0:24:51	1/1/2019 	1485192	182.00	10.00	8.89	55.96	93726.21	1851	0	BartonZwiebach	
5632	0:24:51	1/1/2019 	1485396	80.00	10.00	6.14	55.96	93726.21	1850	0	BartonZwiebach	
5633	0:24:51	1/1/2019 	1485449	65.00	9.00	5.92	55.96	93725.69	1849	0	BartonZwiebach	
5634	0:24:51	1/1/2019 	1485482	69.00	9.00	5.97	55.96	93725.69	3888	0	BartonZwiebach	
5635	0:24:51	1/1/2019 	1485676	66.00	9.00	5.93	55.96	93725.69	49792	0	BartonZwiebach	
5636	0:24:51	1/1/2019 	1485695	66.00	11.00	5.94	55.96	93725.69	1848	0	BartonZwiebach	
5637	0:24:51	1/1/2019 	1485702	77.00	9.00	6.08	55.96	93725.69	1871	0	BartonZwiebach	
5638	0:24:52	1/1/2019 	1485913	64.00	9.00	5.92	55.96	93725.69	1848	0	BartonZwiebach	
5639	0:24:52	1/1/2019 	1485951	64.00	10.00	5.92	55.95	93725.36	1848	0	BartonZwiebach	
5640	0:24:52	1/1/2019 	1485968	69.00	10.00	5.97	55.95	93725.36	3832	0	BartonZwiebach	
5641	0:24:52	1/1/2019 	1485997	65.00	10.00	5.93	55.95	93725.36	1849	0	BartonZwiebach	
5642	0:24:52	1/1/2019 	1486332	64.00	9.00	5.92	55.95	93725.36	1849	0	BartonZwiebach	
5643	0:24:52	1/1/2019 	1486386	66.00	9.00	5.93	55.95	93725.36	1847	0	BartonZwiebach	
5644	0:24:52	1/1/2019 	1486446	65.00	9.00	5.92	55.95	93725.19	1850	0	BartonZwiebach	
5645	0:24:53	1/1/2019 	1486893	68.00	10.00	5.96	55.95	93725.19	49794	0	BartonZwiebach	
5646	0:24:53	1/1/2019 	1487286	193.00	10.00	9.16	55.95	93724.66	3833	0	BartonZwiebach	
5647	0:24:53	1/1/2019 	1487361	67.00	9.00	5.94	55.95	93724.66	1850	0	BartonZwiebach	
5648	0:24:53	1/1/2019 	1487385	62.00	10.00	5.90	55.95	93724.16	1850	0	BartonZwiebach	
5649	0:24:53	1/1/2019 	1487393	82.00	10.00	6.18	55.95	93724.16	1850	0	BartonZwiebach	
5650	0:24:53	1/1/2019 	1487675	60.00	10.00	5.89	55.95	93724.16	49793	0	BartonZwiebach	
5651	0:24:54	1/1/2019 	1487925	684.00	30.00	19.14	55.95	93723.49	1850	0	BartonZwiebach	
5652	0:24:54	1/1/2019 	1487976	65.00	9.00	5.92	55.95	93723.49	3835	0	BartonZwiebach	
5653	0:24:54	1/1/2019 	1488284	88.00	10.00	6.30	55.95	93723.49	1850	0	BartonZwiebach	
5654	0:24:54	1/1/2019 	1488431	65.00	10.00	5.93	55.95	93723.14	1849	0	BartonZwiebach	
5655	0:24:54	1/1/2019 	1488498	65.00	9.00	5.92	55.95	93723.14	1849	0	BartonZwiebach	
5656	0:24:54	1/1/2019 	1488619	75.00	9.00	6.05	55.95	93723.14	49794	0	BartonZwiebach	
5657	0:24:54	1/1/2019 	1488668	70.00	9.00	5.98	55.95	93723.14	3833	0	BartonZwiebach	
5658	0:24:54	1/1/2019 	1488723	67.00	9.00	5.94	55.95	93723.14	1849	0	BartonZwiebach	
5659	0:24:55	1/1/2019 	1489034	73.00	10.00	6.02	55.95	93722.62	1852	0	BartonZwiebach	
5660	0:24:55	1/1/2019 	1489244	65.00	9.00	5.92	55.95	93722.62	1857	0	BartonZwiebach	
5661	0:24:55	1/1/2019 	1489333	67.00	10.00	5.95	55.94	93722.09	1853	0	BartonZwiebach	
5662	0:24:55	1/1/2019 	1489749	67.00	9.00	5.94	55.94	93722.09	49794	0	BartonZwiebach	
5663	0:24:56	1/1/2019 	1489788	65.00	10.00	5.93	55.94	93722.09	4922	0	BartonZwiebach	
5664	0:24:56	1/1/2019 	1489950	64.00	9.00	5.92	55.94	93721.92	1850	0	BartonZwiebach	
5665	0:24:56	1/1/2019 	1489956	71.00	10.00	5.99	55.94	93721.92	1847	0	BartonZwiebach	
5666	0:24:56	1/1/2019 	1489970	198.00	10.00	9.27	55.94	93721.92	1849	0	BartonZwiebach	
5667	0:24:56	1/1/2019 	1490004	68.00	10.00	5.96	55.94	93721.92	1851	0	BartonZwiebach	
5668	0:24:56	1/1/2019 	1490047	70.00	9.00	5.98	55.94	93721.92	1849	0	BartonZwiebach	
5669	0:24:56	1/1/2019 	1490128	69.00	9.00	5.97	55.94	93721.92	3833	0	BartonZwiebach	
5670	0:24:56	1/1/2019 	1490169	69.00	10.00	5.97	55.94	93721.92	1848	0	BartonZwiebach	
5671	0:24:56	1/1/2019 	1490231	70.00	9.00	5.98	55.94	93721.92	1849	0	BartonZwiebach	
5672	0:24:56	1/1/2019 	1490350	64.00	9.00	5.92	55.94	93721.42	1849	0	BartonZwiebach	
5673	0:24:56	1/1/2019 	1490453	70.00	9.00	5.98	55.94	93721.42	1848	0	BartonZwiebach	
5674	0:24:57	1/1/2019 	1490772	65.00	10.00	5.93	55.94	93721.42	49794	0	BartonZwiebach	
5675	0:24:57	1/1/2019 	1490881	65.00	10.00	5.93	55.94	93720.72	3888	0	BartonZwiebach	
5676	0:24:57	1/1/2019 	1490895	69.00	10.00	5.97	55.94	93720.72	1848	0	BartonZwiebach	
5677	0:24:57	1/1/2019 	1490978	73.00	9.00	6.02	55.94	93720.72	1848	0	BartonZwiebach	
5678	0:24:57	1/1/2019 	1491027	72.00	10.00	6.01	55.94	93720.72	1848	0	BartonZwiebach	
5679	0:24:57	1/1/2019 	1491064	67.00	10.00	5.95	55.94	93720.72	1849	0	BartonZwiebach	
5680	0:24:57	1/1/2019 	1491093	69.00	9.00	5.97	55.94	93720.72	1848	0	BartonZwiebach	
5681	0:24:57	1/1/2019 	1491196	703.00	35.00	20.13	55.94	93720.72	3778	0	BartonZwiebach	
5682	0:24:57	1/1/2019 	1491438	84.00	9.00	6.22	55.94	93720.55	1850	0	BartonZwiebach	
5683	0:24:57	1/1/2019 	1491460	76.00	9.00	6.07	55.94	93720.55	1849	0	BartonZwiebach	
5684	0:24:58	1/1/2019 	1491824	64.00	9.00	5.92	55.94	93719.91	49793	0	BartonZwiebach	
5685	0:24:58	1/1/2019 	1491831	67.00	10.00	5.95	55.94	93719.91	1850	0	BartonZwiebach	
5686	0:24:58	1/1/2019 	1491882	66.00	9.00	5.93	55.94	93719.91	1849	0	BartonZwiebach	
5687	0:24:58	1/1/2019 	1492002	64.00	9.00	5.92	55.94	93719.91	6286	0	BartonZwiebach	
5688	0:24:58	1/1/2019 	1492188	217.00	11.00	9.71	55.94	93719.91	1847	0	BartonZwiebach	
5689	0:24:58	1/1/2019 	1492198	71.00	9.00	5.99	55.94	93719.91	1849	0	BartonZwiebach	
5690	0:24:58	1/1/2019 	1492289	67.00	9.00	5.94	55.93	93719.38	1852	0	BartonZwiebach	
5691	0:24:58	1/1/2019 	1492323	84.00	10.00	6.22	55.93	93719.38	1857	0	BartonZwiebach	
5692	0:24:58	1/1/2019 	1492355	66.00	10.00	5.94	55.93	93719.38	1856	0	BartonZwiebach	
5693	0:24:58	1/1/2019 	1492615	70.00	10.00	5.98	55.93	93719.38	51786	0	BartonZwiebach	
5694	0:24:58	1/1/2019 	1492754	199.00	10.00	9.30	55.93	93718.68	1854	0	BartonZwiebach	
5695	0:24:59	1/1/2019 	1492783	65.00	9.00	5.92	55.93	93718.68	1849	0	BartonZwiebach	
5696	0:24:59	1/1/2019 	1492900	67.00	9.00	5.94	55.93	93718.68	1850	0	BartonZwiebach	
5697	0:24:59	1/1/2019 	1492910	66.00	10.00	5.94	55.93	93718.68	1848	0	BartonZwiebach	
5698	0:24:59	1/1/2019 	1493174	70.00	9.00	5.98	55.93	93718.68	1849	0	BartonZwiebach	
5699	0:24:59	1/1/2019 	1493182	69.00	9.00	5.97	55.93	93718.68	3832	0	BartonZwiebach	
5700	0:24:59	1/1/2019 	1493237	943.00	88.00	27.82	55.93	93718.34	1850	0	BartonZwiebach	
5701	0:24:59	1/1/2019 	1493241	65.00	9.00	5.92	55.93	93718.34	1850	0	BartonZwiebach	
5702	0:24:59	1/1/2019 	1493300	905.00	58.00	23.49	55.93	93718.34	1850	0	BartonZwiebach	
5703	0:24:59	1/1/2019 	1493394	68.00	10.00	5.96	55.93	93718.34	1850	0	BartonZwiebach	
5704	0:24:59	1/1/2019 	1493400	69.00	9.00	5.97	55.93	93718.34	1849	0	BartonZwiebach	
5705	0:24:59	1/1/2019 	1493449	75.00	9.00	6.05	55.93	93718.34	3832	0	BartonZwiebach	
5706	0:25:00	1/1/2019 	1493775	442.00	15.00	12.88	55.93	93717.66	49794	0	BartonZwiebach	
5707	0:25:00	1/1/2019 	1493823	65.00	9.00	5.92	55.93	93717.66	1852	0	BartonZwiebach	
5708	0:25:00	1/1/2019 	1494090	81.00	10.00	6.16	55.93	93717.66	1848	0	BartonZwiebach	
5709	0:25:00	1/1/2019 	1494137	930.00	94.00	28.90	55.93	93717.66	1849	0	BartonZwiebach	
5710	0:25:00	1/1/2019 	1494328	66.00	10.00	5.94	55.93	93716.97	1850	0	BartonZwiebach	
5711	0:25:00	1/1/2019 	1494724	66.00	10.00	5.94	55.93	93716.79	51778	0	BartonZwiebach	
5712	0:25:01	1/1/2019 	1494883	64.00	10.00	5.92	55.93	93716.79	1850	0	BartonZwiebach	
5713	0:25:01	1/1/2019 	1494886	66.00	10.00	5.94	55.93	93716.79	1849	0	BartonZwiebach	
5714	0:25:01	1/1/2019 	1494985	74.00	9.00	6.03	55.93	93716.79	1849	0	BartonZwiebach	
5715	0:25:01	1/1/2019 	1494988	69.00	10.00	5.97	55.93	93716.79	1848	0	BartonZwiebach	
5716	0:25:01	1/1/2019 	1494992	66.00	10.00	5.94	55.93	93716.79	3834	0	BartonZwiebach	
5717	0:25:01	1/1/2019 	1495084	72.00	10.00	6.01	55.93	93716.79	1850	0	BartonZwiebach	
5718	0:25:01	1/1/2019 	1495172	68.00	9.00	5.95	55.92	93716.09	1849	0	BartonZwiebach	
5719	0:25:01	1/1/2019 	1495308	68.00	10.00	5.96	55.92	93716.09	1848	0	BartonZwiebach	
5720	0:25:01	1/1/2019 	1495397	932.00	71.00	25.12	55.92	93716.09	1850	0	BartonZwiebach	
5721	0:25:01	1/1/2019 	1495424	217.00	11.00	9.71	55.92	93716.09	1851	0	BartonZwiebach	
5722	0:25:01	1/1/2019 	1495472	75.00	10.00	6.05	55.92	93716.09	3834	0	BartonZwiebach	
5723	0:25:01	1/1/2019 	1495632	67.00	12.00	5.95	55.92	93715.62	49794	0	BartonZwiebach	
5724	0:25:01	1/1/2019 	1495746	87.00	10.00	6.28	55.92	93715.62	1849	0	BartonZwiebach	
5725	0:25:02	1/1/2019 	1495796	73.00	9.00	6.02	55.92	93715.62	1849	0	BartonZwiebach	
5726	0:25:02	1/1/2019 	1495827	71.00	9.00	5.99	55.92	93715.62	1850	0	BartonZwiebach	
5727	0:25:02	1/1/2019 	1495983	66.00	10.00	5.94	55.92	93715.62	1849	0	BartonZwiebach	
5728	0:25:02	1/1/2019 	1496155	66.00	9.00	5.93	55.92	93715.27	3888	0	BartonZwiebach	
5729	0:25:02	1/1/2019 	1496411	70.00	9.00	5.98	55.92	93715.27	1850	0	BartonZwiebach	
5730	0:25:02	1/1/2019 	1496418	66.00	10.00	5.94	55.92	93715.27	1849	0	BartonZwiebach	
5731	0:25:02	1/1/2019 	1496608	74.00	9.00	6.03	55.92	93714.75	49794	0	BartonZwiebach	
5732	0:25:03	1/1/2019 	1496940	68.00	10.00	5.96	55.92	93714.75	1849	0	BartonZwiebach	
5733	0:25:03	1/1/2019 	1497233	66.00	9.00	5.93	55.92	93714.05	1850	0	BartonZwiebach	
5734	0:25:03	1/1/2019 	1497465	66.00	9.00	5.93	55.92	93714.05	3834	0	BartonZwiebach	
5735	0:25:03	1/1/2019 	1497585	64.00	10.00	5.92	55.92	93713.70	49795	0	BartonZwiebach	
5736	0:25:03	1/1/2019 	1497653	71.00	10.00	5.99	55.92	93713.70	1849	0	BartonZwiebach	
5737	0:25:03	1/1/2019 	1497725	65.00	10.00	5.93	55.92	93713.70	1850	0	BartonZwiebach	
5738	0:25:03	1/1/2019 	1497755	66.00	9.00	5.93	55.92	93713.70	1850	0	BartonZwiebach	
5739	0:25:04	1/1/2019 	1497825	64.00	10.00	5.92	55.92	93713.70	1850	0	BartonZwiebach	
5740	0:25:04	1/1/2019 	1497844	63.00	10.00	5.91	55.92	93713.70	3833	0	BartonZwiebach	
5741	0:25:04	1/1/2019 	1497853	65.00	9.00	5.92	55.92	93713.70	1849	0	BartonZwiebach	
5742	0:25:04	1/1/2019 	1498093	84.00	9.00	6.22	55.91	93713.20	1850	0	BartonZwiebach	
5743	0:25:04	1/1/2019 	1498112	166.00	10.00	8.47	55.91	93713.20	1848	0	BartonZwiebach	
5744	0:25:04	1/1/2019 	1498257	64.00	9.00	5.92	55.91	93713.20	1850	0	BartonZwiebach	
5745	0:25:04	1/1/2019 	1498376	66.00	9.00	5.93	55.91	93713.20	1848	0	BartonZwiebach	
5746	0:25:04	1/1/2019 	1498442	65.00	9.00	5.92	55.91	93713.20	3833	0	BartonZwiebach	
5747	0:25:04	1/1/2019 	1498556	66.00	9.00	5.93	55.91	93712.86	49793	0	BartonZwiebach	
5748	0:25:05	1/1/2019 	1498783	73.00	10.00	6.02	55.91	93712.86	1849	0	BartonZwiebach	
5749	0:25:05	1/1/2019 	1498814	73.00	10.00	6.02	55.91	93712.86	1851	0	BartonZwiebach	
5750	0:25:05	1/1/2019 	1498952	68.00	9.00	5.95	55.91	93712.86	1849	0	BartonZwiebach	
5751	0:25:05	1/1/2019 	1499201	865.00	58.00	23.44	55.91	93712.33	1849	0	BartonZwiebach	
5752	0:25:05	1/1/2019 	1499446	769.00	40.00	21.39	55.91	93712.33	3836	0	BartonZwiebach	
5753	0:25:05	1/1/2019 	1499586	67.00	10.00	5.95	55.91	93711.83	49798	0	BartonZwiebach	
5754	0:25:06	1/1/2019 	1499827	70.00	9.00	5.98	55.91	93711.83	2604	0	BartonZwiebach	
5755	0:25:06	1/1/2019 	1499835	64.00	9.00	5.92	55.91	93711.83	1849	0	BartonZwiebach	
5756	0:25:06	1/1/2019 	1499925	239.00	10.00	10.13	55.91	93711.83	1848	0	BartonZwiebach	
5757	0:25:06	1/1/2019 	1500155	66.00	10.00	5.94	55.91	93711.48	1850	0	BartonZwiebach	
5758	0:25:06	1/1/2019 	1500179	64.00	9.00	5.92	55.91	93711.48	4027	0	BartonZwiebach	
5759	0:25:06	1/1/2019 	1500229	72.00	10.00	6.01	55.91	93711.48	1849	0	BartonZwiebach	
5760	0:25:06	1/1/2019 	1500299	477.00	14.00	13.12	55.91	93711.48	1850	0	BartonZwiebach	
5761	0:25:06	1/1/2019 	1500695	154.00	10.00	8.14	55.91	93711.16	49797	0	BartonZwiebach	
5762	0:25:06	1/1/2019 	1500742	67.00	9.00	5.94	55.91	93711.16	1850	0	BartonZwiebach	
5763	0:25:07	1/1/2019 	1500891	67.00	9.00	5.94	55.91	93711.16	1849	0	BartonZwiebach	
5764	0:25:07	1/1/2019 	1500990	104.00	10.00	6.70	55.90	93710.46	3834	0	BartonZwiebach	
5765	0:25:07	1/1/2019 	1501096	109.00	10.00	6.84	55.90	93710.46	1851	0	BartonZwiebach	
5766	0:25:07	1/1/2019 	1501134	69.00	9.00	5.97	55.90	93710.46	1851	0	BartonZwiebach	
5767	0:25:07	1/1/2019 	1501155	70.00	10.00	5.98	55.90	93710.46	1849	0	BartonZwiebach	
5768	0:25:07	1/1/2019 	1501204	67.00	9.00	5.94	55.90	93710.46	1851	0	BartonZwiebach	
5769	0:25:07	1/1/2019 	1501269	91.00	9.00	6.37	55.90	93710.46	3834	0	BartonZwiebach	
5770	0:25:07	1/1/2019 	1501272	555.00	16.00	14.21	55.90	93710.46	1850	0	BartonZwiebach	
5771	0:25:07	1/1/2019 	1501319	77.00	10.00	6.08	55.90	93710.46	1849	0	BartonZwiebach	
5772	0:25:07	1/1/2019 	1501563	116.00	10.00	7.04	55.90	93710.28	49792	0	BartonZwiebach	
5773	0:25:07	1/1/2019 	1501575	69.00	10.00	5.97	55.90	93710.28	1850	0	BartonZwiebach	
5774	0:25:07	1/1/2019 	1501582	66.00	10.00	5.94	55.90	93710.28	1850	0	BartonZwiebach	
5775	0:25:07	1/1/2019 	1501632	953.00	137.00	37.10	55.90	93710.28	3835	0	BartonZwiebach	
5776	0:25:07	1/1/2019 	1501681	987.00	538.00	92.40	55.90	93710.28	1851	0	BartonZwiebach	
5777	0:25:08	1/1/2019 	1501789	80.00	10.00	6.14	55.90	93710.28	1851	0	BartonZwiebach	
5778	0:25:08	1/1/2019 	1501854	606.00	27.00	16.31	55.90	93710.28	1851	0	BartonZwiebach	
5779	0:25:08	1/1/2019 	1501865	71.00	9.00	5.99	55.90	93710.28	1850	0	BartonZwiebach	
5780	0:25:08	1/1/2019 	1501913	64.00	9.00	5.92	55.90	93710.28	1850	0	BartonZwiebach	
5781	0:25:08	1/1/2019 	1501935	65.00	9.00	5.92	55.90	93709.61	3833	0	BartonZwiebach	
5782	0:25:08	1/1/2019 	1501983	68.00	10.00	5.96	55.90	93709.61	1850	0	BartonZwiebach	
5783	0:25:08	1/1/2019 	1502066	71.00	9.00	5.99	55.90	93709.61	1850	0	BartonZwiebach	
5784	0:25:08	1/1/2019 	1502124	77.00	9.00	6.08	55.90	93709.61	1849	0	BartonZwiebach	
5785	0:25:08	1/1/2019 	1502161	64.00	9.00	5.92	55.90	93709.61	1850	0	BartonZwiebach	
5786	0:25:08	1/1/2019 	1502291	73.00	10.00	6.02	55.90	93709.61	1849	0	BartonZwiebach	
5787	0:25:08	1/1/2019 	1502470	123.00	10.00	7.24	55.90	93709.27	3833	0	BartonZwiebach	
5788	0:25:08	1/1/2019 	1502643	66.00	10.00	5.94	55.90	93709.27	49795	0	BartonZwiebach	
5789	0:25:08	1/1/2019 	1502736	66.00	10.00	5.94	55.90	93709.27	1849	0	BartonZwiebach	
5790	0:25:09	1/1/2019 	1502825	70.00	10.00	5.98	55.90	93709.27	1850	0	BartonZwiebach	
5791	0:25:09	1/1/2019 	1502861	70.00	10.00	5.98	55.90	93709.27	1851	0	BartonZwiebach	
5792	0:25:09	1/1/2019 	1502904	68.00	9.00	5.95	55.90	93708.92	1849	0	BartonZwiebach	
5793	0:25:09	1/1/2019 	1503239	519.00	15.00	13.61	55.90	93708.92	3835	0	BartonZwiebach	
5794	0:25:09	1/1/2019 	1503287	64.00	10.00	5.92	55.90	93708.92	1850	0	BartonZwiebach	
5795	0:25:10	1/1/2019 	1503829	63.00	10.00	5.91	55.90	93708.56	49792	0	BartonZwiebach	
5796	0:25:10	1/1/2019 	1503930	66.00	10.00	5.94	55.89	93707.89	1850	0	BartonZwiebach	
5797	0:25:10	1/1/2019 	1504175	66.00	10.00	5.94	55.89	93707.89	1850	0	BartonZwiebach	
5798	0:25:10	1/1/2019 	1504248	67.00	9.00	5.94	55.89	93707.89	1849	0	BartonZwiebach	
5799	0:25:10	1/1/2019 	1504319	66.00	10.00	5.94	55.89	93707.89	3833	0	BartonZwiebach	
5800	0:25:10	1/1/2019 	1504367	577.00	27.00	15.45	55.89	93707.55	1849	0	BartonZwiebach	
5801	0:25:10	1/1/2019 	1504383	986.00	516.00	89.03	55.89	93707.55	1850	0	BartonZwiebach	
5802	0:25:10	1/1/2019 	1504433	90.00	10.00	6.35	55.89	93707.55	1852	0	BartonZwiebach	
5803	0:25:10	1/1/2019 	1504651	72.00	9.00	6.01	55.89	93707.55	49794	0	BartonZwiebach	
5804	0:25:11	1/1/2019 	1504822	64.00	9.00	5.92	55.89	93707.55	1848	0	BartonZwiebach	
5805	0:25:11	1/1/2019 	1504935	66.00	9.00	5.93	55.89	93706.88	3835	0	BartonZwiebach	
5806	0:25:11	1/1/2019 	1504968	66.00	9.00	5.93	55.89	93706.88	1856	0	BartonZwiebach	
5807	0:25:11	1/1/2019 	1505124	63.00	9.00	5.91	55.89	93706.88	1856	0	BartonZwiebach	
5808	0:25:11	1/1/2019 	1505345	64.00	9.00	5.92	55.89	93706.17	1865	0	BartonZwiebach	
5809	0:25:11	1/1/2019 	1505457	975.00	135.00	36.75	55.89	93706.17	1848	0	BartonZwiebach	
5810	0:25:11	1/1/2019 	1505483	75.00	9.00	6.05	55.89	93706.17	3889	0	BartonZwiebach	
5811	0:25:12	1/1/2019 	1505785	64.00	9.00	5.92	55.89	93706.17	49795	0	BartonZwiebach	
5812	0:25:12	1/1/2019 	1505791	66.00	10.00	5.94	55.89	93706.17	1849	0	BartonZwiebach	
5813	0:25:12	1/1/2019 	1505996	65.00	10.00	5.93	55.89	93706.00	1849	0	BartonZwiebach	
5814	0:25:12	1/1/2019 	1506025	62.00	10.00	5.90	55.89	93706.00	1849	0	BartonZwiebach	
5815	0:25:12	1/1/2019 	1506137	66.00	10.00	5.94	55.89	93706.00	1849	0	BartonZwiebach	
5816	0:25:12	1/1/2019 	1506457	64.00	9.00	5.92	55.89	93705.33	3834	0	BartonZwiebach	
5817	0:25:12	1/1/2019 	1506553	70.00	10.00	5.98	55.89	93705.33	49792	0	BartonZwiebach	
5818	0:25:12	1/1/2019 	1506666	68.00	10.00	5.96	55.89	93705.33	1850	0	BartonZwiebach	
5819	0:25:12	1/1/2019 	1506697	75.00	10.00	6.05	55.89	93705.33	1850	0	BartonZwiebach	
5820	0:25:12	1/1/2019 	1506767	316.00	14.00	11.46	55.89	93705.33	1850	0	BartonZwiebach	
5821	0:25:13	1/1/2019 	1506888	134.00	9.00	7.56	55.88	93704.80	1850	0	BartonZwiebach	
5822	0:25:13	1/1/2019 	1506920	65.00	9.00	5.92	55.88	93704.80	3834	0	BartonZwiebach	
5823	0:25:13	1/1/2019 	1506994	174.00	10.00	8.68	55.88	93704.80	1849	0	BartonZwiebach	
5824	0:25:13	1/1/2019 	1507089	66.00	10.00	5.94	55.88	93704.80	1850	0	BartonZwiebach	
5825	0:25:13	1/1/2019 	1507097	65.00	10.00	5.93	55.88	93704.80	1849	0	BartonZwiebach	
5826	0:25:13	1/1/2019 	1507321	72.00	10.00	6.01	55.88	93704.62	1851	0	BartonZwiebach	
5827	0:25:13	1/1/2019 	1507443	65.00	9.00	5.92	55.88	93704.62	1857	0	BartonZwiebach	
5828	0:25:13	1/1/2019 	1507601	648.00	25.00	17.52	55.88	93704.62	51785	0	BartonZwiebach	
5829	0:25:13	1/1/2019 	1507606	86.00	10.00	6.26	55.88	93704.62	1858	0	BartonZwiebach	
5830	0:25:13	1/1/2019 	1507654	76.00	10.00	6.07	55.88	93704.62	1856	0	BartonZwiebach	
5831	0:25:14	1/1/2019 	1507825	64.00	9.00	5.92	55.88	93704.11	1853	0	BartonZwiebach	
5832	0:25:14	1/1/2019 	1507999	73.00	9.00	6.02	55.88	93704.11	1849	0	BartonZwiebach	
5833	0:25:14	1/1/2019 	1508105	81.00	9.00	6.16	55.88	93704.11	1848	0	BartonZwiebach	
5834	0:25:14	1/1/2019 	1508188	70.00	10.00	5.98	55.88	93704.11	3834	0	BartonZwiebach	
5835	0:25:14	1/1/2019 	1508215	74.00	9.00	6.03	55.88	93704.11	1849	0	BartonZwiebach	
5836	0:25:14	1/1/2019 	1508236	65.00	10.00	5.93	55.88	93703.94	1849	0	BartonZwiebach	
5837	0:25:14	1/1/2019 	1508287	64.00	10.00	5.92	55.88	93703.94	1849	0	BartonZwiebach	
5838	0:25:14	1/1/2019 	1508628	75.00	9.00	6.05	55.88	93703.94	49791	0	BartonZwiebach	
5839	0:25:15	1/1/2019 	1509086	62.00	9.00	5.90	55.88	93703.27	1848	0	BartonZwiebach	
5840	0:25:15	1/1/2019 	1509102	173.00	10.00	8.66	55.88	93703.27	3836	0	BartonZwiebach	
5841	0:25:15	1/1/2019 	1509162	200.00	11.00	9.33	55.88	93703.27	1850	0	BartonZwiebach	
5842	0:25:15	1/1/2019 	1509243	309.00	13.00	11.34	55.88	93702.77	1850	0	BartonZwiebach	
5843	0:25:15	1/1/2019 	1509259	65.00	9.00	5.92	55.88	93702.77	1850	0	BartonZwiebach	
5844	0:25:15	1/1/2019 	1509633	67.00	9.00	5.94	55.88	93702.77	49793	0	BartonZwiebach	
5845	0:25:16	1/1/2019 	1509886	64.00	9.00	5.92	55.88	93702.59	2602	0	BartonZwiebach	
5846	0:25:16	1/1/2019 	1509896	66.00	9.00	5.93	55.88	93702.59	3973	0	BartonZwiebach	
5847	0:25:16	1/1/2019 	1509967	67.00	10.00	5.95	55.88	93702.59	1848	0	BartonZwiebach	
5848	0:25:16	1/1/2019 	1510074	652.00	26.00	17.75	55.88	93702.59	1850	0	BartonZwiebach	
5849	0:25:16	1/1/2019 	1510090	68.00	9.00	5.95	55.88	93702.59	1850	0	BartonZwiebach	
5850	0:25:16	1/1/2019 	1510094	65.00	9.00	5.92	55.88	93702.59	1850	0	BartonZwiebach	
5851	0:25:16	1/1/2019 	1510116	926.00	75.00	25.70	55.88	93702.59	1850	0	BartonZwiebach	
5852	0:25:16	1/1/2019 	1510166	662.00	34.00	18.87	55.88	93702.59	3889	0	BartonZwiebach	
5853	0:25:16	1/1/2019 	1510272	71.00	9.00	5.99	55.87	93701.92	1850	0	BartonZwiebach	
5854	0:25:16	1/1/2019 	1510320	64.00	9.00	5.92	55.87	93701.92	1849	0	BartonZwiebach	
5855	0:25:16	1/1/2019 	1510347	70.00	9.00	5.98	55.87	93701.92	1848	0	BartonZwiebach	
5856	0:25:16	1/1/2019 	1510432	79.00	9.00	6.12	55.87	93701.92	1849	0	BartonZwiebach	
5857	0:25:16	1/1/2019 	1510440	250.00	12.00	10.37	55.87	93701.92	1850	0	BartonZwiebach	
5858	0:25:16	1/1/2019 	1510630	110.00	10.00	6.87	55.87	93701.92	51778	0	BartonZwiebach	
5859	0:25:16	1/1/2019 	1510737	66.00	10.00	5.94	55.87	93701.74	1850	0	BartonZwiebach	
5860	0:25:17	1/1/2019 	1510866	64.00	9.00	5.92	55.87	93701.74	1849	0	BartonZwiebach	
5861	0:25:17	1/1/2019 	1510914	86.00	10.00	6.26	55.87	93701.74	1849	0	BartonZwiebach	
5862	0:25:17	1/1/2019 	1510936	69.00	10.00	5.97	55.87	93701.74	1850	0	BartonZwiebach	
5863	0:25:17	1/1/2019 	1510944	72.00	12.00	6.01	55.87	93701.74	3833	0	BartonZwiebach	
5864	0:25:17	1/1/2019 	1511112	67.00	10.00	5.95	55.87	93701.74	1848	0	BartonZwiebach	
5865	0:25:17	1/1/2019 	1511583	94.00	9.00	6.44	55.87	93701.22	49792	0	BartonZwiebach	
5866	0:25:18	1/1/2019 	1511942	178.00	10.00	8.79	55.87	93700.88	1851	0	BartonZwiebach	
5867	0:25:18	1/1/2019 	1511972	70.00	9.00	5.98	55.87	93700.88	1858	0	BartonZwiebach	
5868	0:25:18	1/1/2019 	1512052	66.00	10.00	5.94	55.87	93700.88	1855	0	BartonZwiebach	
5869	0:25:18	1/1/2019 	1512144	66.00	10.00	5.94	55.87	93700.34	3838	0	BartonZwiebach	
5870	0:25:18	1/1/2019 	1512556	138.00	10.00	7.68	55.87	93700.34	49794	0	BartonZwiebach	
5871	0:25:19	1/1/2019 	1512809	62.00	9.00	5.90	55.87	93700.17	1850	0	BartonZwiebach	
5872	0:25:19	1/1/2019 	1512822	74.00	9.00	6.03	55.87	93700.17	1850	0	BartonZwiebach	
5873	0:25:19	1/1/2019 	1513016	67.00	10.00	5.95	55.87	93700.17	1849	0	BartonZwiebach	
5874	0:25:19	1/1/2019 	1513033	70.00	9.00	5.98	55.87	93700.17	1850	0	BartonZwiebach	
5875	0:25:19	1/1/2019 	1513086	70.00	10.00	5.98	55.87	93699.50	3833	0	BartonZwiebach	
5876	0:25:19	1/1/2019 	1513346	68.00	9.00	5.95	55.87	93699.50	1849	0	BartonZwiebach	
5877	0:25:19	1/1/2019 	1513418	73.00	9.00	6.02	55.87	93699.50	1849	0	BartonZwiebach	
5878	0:25:19	1/1/2019 	1513582	69.00	10.00	5.97	55.86	93698.97	49792	0	BartonZwiebach	
5879	0:25:19	1/1/2019 	1513658	671.00	33.00	19.08	55.86	93698.97	1850	0	BartonZwiebach	
5880	0:25:19	1/1/2019 	1513725	270.00	12.00	10.72	55.86	93698.97	1850	0	BartonZwiebach	
5881	0:25:20	1/1/2019 	1514002	75.00	10.00	6.05	55.86	93698.97	3834	0	BartonZwiebach	
5882	0:25:20	1/1/2019 	1514036	87.00	10.00	6.28	55.86	93698.97	1852	0	BartonZwiebach	
5883	0:25:20	1/1/2019 	1514093	150.00	11.00	8.03	55.86	93698.62	1852	0	BartonZwiebach	
5884	0:25:20	1/1/2019 	1514142	64.00	9.00	5.92	55.86	93698.62	1857	0	BartonZwiebach	
5885	0:25:20	1/1/2019 	1514217	74.00	9.00	6.03	55.86	93698.62	1855	0	BartonZwiebach	
5886	0:25:20	1/1/2019 	1514256	377.00	17.00	12.33	55.86	93698.62	1856	0	BartonZwiebach	
5887	0:25:20	1/1/2019 	1514423	66.00	9.00	5.93	55.86	93698.62	3842	0	BartonZwiebach	
5888	0:25:20	1/1/2019 	1514458	66.00	10.00	5.94	55.86	93698.62	1856	0	BartonZwiebach	
5889	0:25:21	1/1/2019 	1514848	575.00	17.00	14.67	55.86	93698.12	49801	0	BartonZwiebach	
5890	0:25:21	1/1/2019 	1515265	435.00	14.00	12.76	55.86	93697.95	1856	0	BartonZwiebach	
5891	0:25:21	1/1/2019 	1515326	63.00	10.00	5.91	55.86	93697.95	1849	0	BartonZwiebach	
5892	0:25:21	1/1/2019 	1515367	67.00	9.00	5.94	55.86	93697.95	1849	0	BartonZwiebach	
5893	0:25:21	1/1/2019 	1515671	64.00	10.00	5.92	55.86	93697.45	51777	0	BartonZwiebach	
5894	0:25:21	1/1/2019 	1515753	572.00	17.00	14.61	55.86	93697.45	1849	0	BartonZwiebach	
5895	0:25:22	1/1/2019 	1515787	64.00	9.00	5.92	55.86	93697.45	1850	0	BartonZwiebach	
5896	0:25:22	1/1/2019 	1515847	68.00	10.00	5.96	55.86	93697.45	1849	0	BartonZwiebach	
5897	0:25:22	1/1/2019 	1516059	82.00	9.00	6.18	55.86	93697.11	1849	0	BartonZwiebach	
5898	0:25:22	1/1/2019 	1516090	71.00	10.00	5.99	55.86	93697.11	1848	0	BartonZwiebach	
5899	0:25:22	1/1/2019 	1516263	64.00	9.00	5.92	55.86	93697.11	3834	0	BartonZwiebach	
5900	0:25:22	1/1/2019 	1516347	64.00	10.00	5.92	55.86	93697.11	1847	0	BartonZwiebach	
5901	0:25:22	1/1/2019 	1516360	467.00	14.00	13.03	55.86	93697.11	1849	0	BartonZwiebach	
5902	0:25:22	1/1/2019 	1516626	72.00	9.00	6.01	55.86	93696.58	49795	0	BartonZwiebach	
5903	0:25:22	1/1/2019 	1516668	71.00	10.00	5.99	55.86	93696.58	1849	0	BartonZwiebach	
5904	0:25:22	1/1/2019 	1516733	64.00	8.00	5.92	55.86	93696.58	1849	0	BartonZwiebach	
5905	0:25:23	1/1/2019 	1516820	72.00	10.00	6.01	55.86	93696.58	3885	0	BartonZwiebach	
5906	0:25:23	1/1/2019 	1516927	66.00	9.00	5.93	55.86	93696.58	1850	0	BartonZwiebach	
5907	0:25:23	1/1/2019 	1517011	218.00	11.00	9.73	55.85	93695.89	1848	0	BartonZwiebach	
5908	0:25:23	1/1/2019 	1517053	241.00	12.00	10.20	55.85	93695.89	1850	0	BartonZwiebach	
5909	0:25:23	1/1/2019 	1517152	66.00	9.00	5.93	55.85	93695.89	1849	0	BartonZwiebach	
5910	0:25:23	1/1/2019 	1517157	70.00	9.00	5.98	55.85	93695.89	3833	0	BartonZwiebach	
5911	0:25:23	1/1/2019 	1517346	70.00	10.00	5.98	55.85	93695.89	1849	0	BartonZwiebach	
5912	0:25:23	1/1/2019 	1517383	65.00	10.00	5.93	55.85	93695.89	1849	0	BartonZwiebach	
5913	0:25:23	1/1/2019 	1517487	66.00	9.00	5.93	55.85	93695.71	1849	0	BartonZwiebach	
5914	0:25:23	1/1/2019 	1517635	67.00	10.00	5.95	55.85	93695.71	49792	0	BartonZwiebach	
5915	0:25:23	1/1/2019 	1517772	67.00	10.00	5.95	55.85	93695.71	1849	0	BartonZwiebach	
5916	0:25:24	1/1/2019 	1517903	80.00	9.00	6.14	55.85	93695.71	3834	0	BartonZwiebach	
5917	0:25:24	1/1/2019 	1517949	109.00	10.00	6.84	55.85	93695.21	1850	0	BartonZwiebach	
5918	0:25:24	1/1/2019 	1517987	91.00	9.00	6.37	55.85	93695.21	1849	0	BartonZwiebach	
5919	0:25:24	1/1/2019 	1518014	71.00	9.00	5.99	55.85	93695.21	1848	0	BartonZwiebach	
5920	0:25:24	1/1/2019 	1518035	64.00	9.00	5.92	55.85	93695.21	1848	0	BartonZwiebach	
5921	0:25:24	1/1/2019 	1518210	620.00	22.00	16.31	55.85	93695.21	1849	0	BartonZwiebach	
5922	0:25:25	1/1/2019 	1518846	69.00	10.00	5.97	55.85	93694.88	51782	0	BartonZwiebach	
5923	0:25:25	1/1/2019 	1518855	64.00	10.00	5.92	55.85	93694.88	1858	0	BartonZwiebach	
5924	0:25:25	1/1/2019 	1518963	64.00	9.00	5.92	55.85	93694.70	1852	0	BartonZwiebach	
5925	0:25:25	1/1/2019 	1519224	68.00	10.00	5.96	55.85	93694.70	1849	0	BartonZwiebach	
5926	0:25:25	1/1/2019 	1519354	66.00	9.00	5.93	55.85	93694.70	1850	0	BartonZwiebach	
5927	0:25:25	1/1/2019 	1519402	77.00	10.00	6.08	55.85	93694.00	1849	0	BartonZwiebach	
5928	0:25:25	1/1/2019 	1519683	198.00	10.00	9.27	55.85	93694.00	51778	0	BartonZwiebach	
5929	0:25:25	1/1/2019 	1519749	65.00	10.00	5.93	55.85	93694.00	2800	0	BartonZwiebach	
5930	0:25:25	1/1/2019 	1519758	64.00	10.00	5.92	55.85	93694.00	1849	0	BartonZwiebach	
5931	0:25:26	1/1/2019 	1519853	67.00	10.00	5.95	55.85	93694.00	1848	0	BartonZwiebach	
5932	0:25:26	1/1/2019 	1520100	82.00	9.00	6.18	55.85	93693.35	1850	0	BartonZwiebach	
5933	0:25:26	1/1/2019 	1520274	71.00	10.00	5.99	55.85	93693.35	1848	0	BartonZwiebach	
5934	0:25:26	1/1/2019 	1520380	587.00	28.00	15.78	55.85	93693.00	3974	0	BartonZwiebach	
5935	0:25:26	1/1/2019 	1520405	65.00	9.00	5.92	55.85	93693.00	1850	0	BartonZwiebach	
5936	0:25:26	1/1/2019 	1520409	71.00	10.00	5.99	55.85	93693.00	1849	0	BartonZwiebach	
5937	0:25:26	1/1/2019 	1520572	69.00	10.00	5.97	55.85	93693.00	49794	0	BartonZwiebach	
5938	0:25:26	1/1/2019 	1520658	67.00	9.00	5.94	55.85	93693.00	1850	0	BartonZwiebach	
5939	0:25:26	1/1/2019 	1520712	158.00	10.00	8.25	55.85	93693.00	1849	0	BartonZwiebach	
5940	0:25:26	1/1/2019 	1520746	121.00	10.00	7.18	55.85	93693.00	3835	0	BartonZwiebach	
5941	0:25:27	1/1/2019 	1520864	828.00	47.00	22.25	55.85	93692.13	1851	0	BartonZwiebach	
5942	0:25:27	1/1/2019 	1520919	65.00	9.00	5.92	55.85	93692.13	1851	0	BartonZwiebach	
5943	0:25:27	1/1/2019 	1521102	72.00	10.00	6.01	55.85	93692.13	1848	0	BartonZwiebach	
5944	0:25:27	1/1/2019 	1521186	75.00	10.00	6.05	55.85	93692.13	1849	0	BartonZwiebach	
5945	0:25:27	1/1/2019 	1521191	65.00	9.00	5.92	55.85	93692.13	1849	0	BartonZwiebach	
5946	0:25:27	1/1/2019 	1521209	78.00	10.00	6.10	55.85	93692.13	3889	0	BartonZwiebach	
5947	0:25:27	1/1/2019 	1521258	989.00	546.00	93.73	55.85	93692.13	1850	0	BartonZwiebach	
5948	0:25:27	1/1/2019 	1521374	72.00	10.00	6.01	55.84	93691.27	1851	0	BartonZwiebach	
5949	0:25:27	1/1/2019 	1521414	66.00	9.00	5.93	55.84	93691.27	1849	0	BartonZwiebach	
5950	0:25:27	1/1/2019 	1521576	66.00	10.00	5.94	55.84	93691.27	49793	0	BartonZwiebach	
5951	0:25:27	1/1/2019 	1521620	76.00	10.00	6.07	55.84	93691.27	1849	0	BartonZwiebach	
5952	0:25:27	1/1/2019 	1521640	74.00	10.00	6.04	55.84	93691.27	3835	0	BartonZwiebach	
5953	0:25:27	1/1/2019 	1521652	64.00	9.00	5.92	55.84	93691.27	1849	0	BartonZwiebach	
5954	0:25:28	1/1/2019 	1522029	65.00	9.00	5.92	55.84	93690.91	1849	0	BartonZwiebach	
5955	0:25:28	1/1/2019 	1522062	69.00	10.00	5.97	55.84	93690.91	1851	0	BartonZwiebach	
5956	0:25:28	1/1/2019 	1522130	68.00	10.00	5.96	55.84	93690.91	1849	0	BartonZwiebach	
5957	0:25:28	1/1/2019 	1522288	66.00	9.00	5.93	55.84	93690.91	3833	0	BartonZwiebach	
5958	0:25:28	1/1/2019 	1522342	64.00	9.00	5.92	55.84	93690.41	1849	0	BartonZwiebach	
5959	0:25:28	1/1/2019 	1522358	74.00	10.00	6.04	55.84	93690.41	1847	0	BartonZwiebach	
5960	0:25:28	1/1/2019 	1522675	64.00	10.00	5.92	55.84	93690.41	49795	0	BartonZwiebach	
5961	0:25:28	1/1/2019 	1522732	65.00	10.00	5.93	55.84	93690.41	1848	0	BartonZwiebach	
5962	0:25:28	1/1/2019 	1522748	64.00	10.00	5.92	55.84	93690.41	1849	0	BartonZwiebach	
5963	0:25:29	1/1/2019 	1522819	67.00	10.00	5.95	55.84	93690.24	3832	0	BartonZwiebach	
5964	0:25:29	1/1/2019 	1522857	76.00	10.00	6.07	55.84	93690.24	1852	0	BartonZwiebach	
5965	0:25:29	1/1/2019 	1522861	70.00	9.00	5.98	55.84	93690.24	1849	0	BartonZwiebach	
5966	0:25:29	1/1/2019 	1522949	66.00	10.00	5.94	55.84	93690.24	1849	0	BartonZwiebach	
5967	0:25:29	1/1/2019 	1522982	73.00	9.00	6.02	55.84	93690.24	1850	0	BartonZwiebach	
5968	0:25:29	1/1/2019 	1523482	73.00	9.00	6.02	55.84	93689.38	1850	0	BartonZwiebach	
5969	0:25:29	1/1/2019 	1523586	81.00	10.00	6.16	55.84	93689.38	51786	0	BartonZwiebach	
5970	0:25:29	1/1/2019 	1523726	65.00	10.00	5.93	55.84	93689.38	1857	0	BartonZwiebach	
5971	0:25:30	1/1/2019 	1523898	74.00	10.00	6.04	55.84	93689.02	1853	0	BartonZwiebach	
5972	0:25:30	1/1/2019 	1523955	70.00	10.00	5.98	55.84	93689.02	1850	0	BartonZwiebach	
5973	0:25:30	1/1/2019 	1524105	65.00	10.00	5.93	55.84	93689.02	1850	0	BartonZwiebach	
5974	0:25:30	1/1/2019 	1524144	65.00	10.00	5.93	55.84	93689.02	1849	0	BartonZwiebach	
5975	0:25:30	1/1/2019 	1524193	65.00	8.00	5.92	55.84	93689.02	3835	0	BartonZwiebach	
5976	0:25:30	1/1/2019 	1524323	66.00	10.00	5.94	55.84	93688.50	1847	0	BartonZwiebach	
5977	0:25:30	1/1/2019 	1524443	137.00	9.00	7.65	55.84	93688.50	1851	0	BartonZwiebach	
5978	0:25:30	1/1/2019 	1524496	74.00	10.00	6.04	55.84	93688.50	1850	0	BartonZwiebach	
5979	0:25:30	1/1/2019 	1524640	72.00	10.00	6.01	55.84	93688.50	49793	0	BartonZwiebach	
5980	0:25:30	1/1/2019 	1524716	66.00	7.00	5.93	55.84	93688.16	1850	0	BartonZwiebach	
5981	0:25:31	1/1/2019 	1524865	74.00	9.00	6.03	55.84	93688.16	3833	0	BartonZwiebach	
5982	0:25:31	1/1/2019 	1524895	87.00	9.00	6.28	55.84	93688.16	1850	0	BartonZwiebach	
5983	0:25:31	1/1/2019 	1524905	66.00	9.00	5.93	55.84	93688.16	1849	0	BartonZwiebach	
5984	0:25:31	1/1/2019 	1524964	83.00	9.00	6.20	55.84	93688.16	1848	0	BartonZwiebach	
5985	0:25:31	1/1/2019 	1525049	64.00	10.00	5.92	55.84	93688.16	1850	0	BartonZwiebach	
5986	0:25:31	1/1/2019 	1525273	65.00	10.00	5.93	55.83	93687.69	1848	0	BartonZwiebach	
5987	0:25:31	1/1/2019 	1525583	67.00	10.00	5.95	55.83	93687.69	51779	0	BartonZwiebach	
5988	0:25:31	1/1/2019 	1525741	66.00	9.00	5.93	55.83	93687.34	1851	0	BartonZwiebach	
5989	0:25:32	1/1/2019 	1525819	238.00	12.00	10.14	55.83	93687.34	1850	0	BartonZwiebach	
5990	0:25:32	1/1/2019 	1525899	68.00	10.00	5.96	55.83	93687.34	1851	0	BartonZwiebach	
5991	0:25:32	1/1/2019 	1525944	68.00	9.00	5.95	55.83	93687.34	1851	0	BartonZwiebach	
5992	0:25:32	1/1/2019 	1526058	374.00	18.00	12.33	55.83	93687.34	1850	0	BartonZwiebach	
5993	0:25:32	1/1/2019 	1526064	68.00	9.00	5.95	55.83	93687.34	3834	0	BartonZwiebach	
5994	0:25:32	1/1/2019 	1526207	93.00	9.00	6.42	55.83	93686.81	1849	0	BartonZwiebach	
5995	0:25:32	1/1/2019 	1526285	64.00	10.00	5.92	55.83	93686.81	1849	0	BartonZwiebach	
5996	0:25:32	1/1/2019 	1526300	65.00	9.00	5.92	55.83	93686.81	1849	0	BartonZwiebach	
5997	0:25:32	1/1/2019 	1526324	78.00	13.00	6.11	55.83	93686.81	1849	0	BartonZwiebach	
5998	0:25:32	1/1/2019 	1526442	71.00	9.00	5.99	55.83	93686.81	1849	0	BartonZwiebach	
5999	0:25:32	1/1/2019 	1526490	66.00	9.00	5.93	55.83	93686.81	3887	0	BartonZwiebach	
6000	0:25:32	1/1/2019 	1526616	67.00	10.00	5.95	55.83	93686.81	49793	0	BartonZwiebach	
6001	0:25:32	1/1/2019 	1526686	68.00	10.00	5.96	55.83	93686.64	1849	0	BartonZwiebach	
6002	0:25:33	1/1/2019 	1526816	66.00	9.00	5.93	55.83	93686.64	1849	0	BartonZwiebach	
6003	0:25:33	1/1/2019 	1526863	734.00	35.00	20.60	55.83	93686.64	1851	0	BartonZwiebach	
6004	0:25:33	1/1/2019 	1527028	65.00	10.00	5.93	55.83	93686.64	1851	0	BartonZwiebach	
6005	0:25:33	1/1/2019 	1527074	65.00	10.00	5.93	55.83	93686.64	3833	0	BartonZwiebach	
6006	0:25:33	1/1/2019 	1527294	174.00	10.00	8.68	55.83	93685.94	1849	0	BartonZwiebach	
6007	0:25:33	1/1/2019 	1527417	68.00	9.00	5.95	55.83	93685.94	1850	0	BartonZwiebach	
6008	0:25:33	1/1/2019 	1527551	65.00	9.00	5.92	55.83	93685.94	49793	0	BartonZwiebach	
6009	0:25:33	1/1/2019 	1527759	69.00	9.00	5.97	55.83	93685.59	1850	0	BartonZwiebach	
6010	0:25:34	1/1/2019 	1527860	115.00	10.00	7.01	55.83	93685.59	1849	0	BartonZwiebach	
6011	0:25:34	1/1/2019 	1527871	70.00	9.00	5.98	55.83	93685.59	3837	0	BartonZwiebach	
6012	0:25:34	1/1/2019 	1528146	67.00	10.00	5.95	55.83	93684.92	1849	0	BartonZwiebach	
6013	0:25:34	1/1/2019 	1528249	79.00	10.00	6.12	55.83	93684.92	1849	0	BartonZwiebach	
6014	0:25:34	1/1/2019 	1528401	64.00	10.00	5.92	55.83	93684.92	1850	0	BartonZwiebach	
6015	0:25:34	1/1/2019 	1528604	978.00	327.00	61.71	55.82	93684.39	49792	0	BartonZwiebach	
6016	0:25:34	1/1/2019 	1528654	454.00	13.00	12.86	55.82	93684.39	3837	0	BartonZwiebach	
6017	0:25:35	1/1/2019 	1528925	77.00	9.00	6.08	55.82	93684.39	1851	0	BartonZwiebach	
6018	0:25:35	1/1/2019 	1529071	64.00	9.00	5.92	55.82	93684.39	1849	0	BartonZwiebach	
6019	0:25:35	1/1/2019 	1529185	64.00	9.00	5.92	55.82	93684.22	1848	0	BartonZwiebach	
6020	0:25:35	1/1/2019 	1529356	77.00	10.00	6.08	55.82	93684.22	1847	0	BartonZwiebach	
6021	0:25:35	1/1/2019 	1529572	65.00	9.00	5.92	55.82	93683.55	49794	0	BartonZwiebach	
6022	0:25:36	1/1/2019 	1529803	108.00	9.00	6.81	55.82	93683.55	4922	0	BartonZwiebach	
6023	0:25:36	1/1/2019 	1529833	67.00	9.00	5.94	55.82	93683.55	1851	0	BartonZwiebach	
6024	0:25:36	1/1/2019 	1529908	85.00	9.00	6.24	55.82	93683.55	1849	0	BartonZwiebach	
6025	0:25:36	1/1/2019 	1529920	74.00	10.00	6.04	55.82	93683.55	1850	0	BartonZwiebach	
6026	0:25:36	1/1/2019 	1529931	65.00	9.00	5.92	55.82	93683.55	1849	0	BartonZwiebach	
6027	0:25:36	1/1/2019 	1530041	66.00	9.00	5.93	55.82	93683.55	1848	0	BartonZwiebach	
6028	0:25:36	1/1/2019 	1530179	74.00	10.00	6.04	55.82	93683.20	3834	0	BartonZwiebach	
6029	0:25:36	1/1/2019 	1530265	802.00	45.00	22.01	55.82	93683.20	1850	0	BartonZwiebach	
6030	0:25:36	1/1/2019 	1530447	79.00	10.00	6.12	55.82	93683.20	1850	0	BartonZwiebach	
6031	0:25:36	1/1/2019 	1530561	72.00	9.00	6.01	55.82	93682.70	49795	0	BartonZwiebach	
6032	0:25:36	1/1/2019 	1530744	67.00	10.00	5.95	55.82	93682.70	1850	0	BartonZwiebach	
6033	0:25:37	1/1/2019 	1530944	194.00	10.00	9.18	55.82	93682.70	1850	0	BartonZwiebach	
6034	0:25:37	1/1/2019 	1531099	66.00	9.00	5.93	55.82	93682.53	3834	0	BartonZwiebach	
6035	0:25:37	1/1/2019 	1531112	65.00	10.00	5.93	55.82	93682.53	1849	0	BartonZwiebach	
6036	0:25:37	1/1/2019 	1531440	66.00	10.00	5.94	55.82	93682.53	1849	0	BartonZwiebach	
6037	0:25:37	1/1/2019 	1531670	64.00	8.00	5.92	55.82	93681.83	49794	0	BartonZwiebach	
6038	0:25:37	1/1/2019 	1531723	72.00	10.00	6.01	55.82	93681.83	1845	0	BartonZwiebach	
6039	0:25:37	1/1/2019 	1531737	66.00	10.00	5.94	55.82	93681.83	1850	0	BartonZwiebach	
6040	0:25:38	1/1/2019 	1531899	98.00	10.00	6.55	55.82	93681.83	3888	0	BartonZwiebach	
6041	0:25:38	1/1/2019 	1532031	70.00	9.00	5.98	55.81	93680.98	1850	0	BartonZwiebach	
6042	0:25:38	1/1/2019 	1532041	65.00	9.00	5.92	55.81	93680.98	1850	0	BartonZwiebach	
6043	0:25:38	1/1/2019 	1532203	665.00	27.00	18.27	55.81	93680.98	1850	0	BartonZwiebach	
6044	0:25:38	1/1/2019 	1532234	65.00	10.00	5.93	55.81	93680.98	1850	0	BartonZwiebach	
6045	0:25:38	1/1/2019 	1532325	66.00	10.00	5.94	55.81	93680.98	1850	0	BartonZwiebach	
6046	0:25:38	1/1/2019 	1532422	90.00	9.00	6.35	55.81	93680.98	3833	0	BartonZwiebach	
6047	0:25:38	1/1/2019 	1532557	70.00	10.00	5.98	55.81	93680.81	49795	0	BartonZwiebach	
6048	0:25:38	1/1/2019 	1532571	64.00	9.00	5.92	55.81	93680.81	1850	0	BartonZwiebach	
6049	0:25:38	1/1/2019 	1532573	70.00	9.00	5.98	55.81	93680.81	1848	0	BartonZwiebach	
6050	0:25:38	1/1/2019 	1532672	68.00	9.00	5.95	55.81	93680.81	1848	0	BartonZwiebach	
6051	0:25:38	1/1/2019 	1532738	72.00	10.00	6.01	55.81	93680.81	1850	0	BartonZwiebach	
6052	0:25:38	1/1/2019 	1532747	69.00	10.00	5.97	55.81	93680.81	3834	0	BartonZwiebach	
6053	0:25:39	1/1/2019 	1532896	102.00	10.00	6.65	55.81	93680.81	1850	0	BartonZwiebach	
6054	0:25:39	1/1/2019 	1533151	66.00	9.00	5.93	55.81	93680.29	1851	0	BartonZwiebach	
6055	0:25:39	1/1/2019 	1533158	66.00	9.00	5.93	55.81	93680.29	1850	0	BartonZwiebach	
6056	0:25:39	1/1/2019 	1533181	91.00	10.00	6.37	55.81	93680.29	1849	0	BartonZwiebach	
6057	0:25:39	1/1/2019 	1533384	66.00	9.00	5.93	55.81	93680.29	1849	0	BartonZwiebach	
6058	0:25:39	1/1/2019 	1533573	70.00	10.00	5.98	55.81	93679.59	51722	0	BartonZwiebach	
6059	0:25:39	1/1/2019 	1533720	67.00	9.00	5.94	55.81	93679.59	1850	0	BartonZwiebach	
6060	0:25:39	1/1/2019 	1533769	84.00	9.00	6.22	55.81	93679.59	1849	0	BartonZwiebach	
6061	0:25:40	1/1/2019 	1533823	106.00	10.00	6.76	55.81	93679.59	1850	0	BartonZwiebach	
6062	0:25:40	1/1/2019 	1533853	66.00	10.00	5.94	55.81	93679.59	1851	0	BartonZwiebach	
6063	0:25:40	1/1/2019 	1533937	66.00	9.00	5.93	55.81	93679.59	1849	0	BartonZwiebach	
6064	0:25:40	1/1/2019 	1534004	64.00	8.00	5.92	55.81	93679.59	6287	0	BartonZwiebach	
6065	0:25:40	1/1/2019 	1534016	130.00	10.00	7.45	55.81	93679.59	1846	0	BartonZwiebach	
6066	0:25:40	1/1/2019 	1534153	68.00	10.00	5.96	55.81	93679.59	1850	0	BartonZwiebach	
6067	0:25:40	1/1/2019 	1534336	272.00	13.00	10.77	55.81	93679.59	1850	0	BartonZwiebach	
6068	0:25:40	1/1/2019 	1534566	76.00	9.00	6.07	55.81	93678.74	49795	0	BartonZwiebach	
6069	0:25:40	1/1/2019 	1534695	67.00	9.00	5.94	55.81	93678.74	3833	0	BartonZwiebach	
6070	0:25:40	1/1/2019 	1534711	68.00	9.00	5.95	55.81	93678.74	1849	0	BartonZwiebach	
6071	0:25:41	1/1/2019 	1534820	64.00	9.00	5.92	55.81	93678.74	1849	0	BartonZwiebach	
6072	0:25:41	1/1/2019 	1535012	105.00	9.00	6.73	55.81	93678.40	1849	0	BartonZwiebach	
6073	0:25:41	1/1/2019 	1535085	87.00	9.00	6.28	55.81	93678.40	1848	0	BartonZwiebach	
6074	0:25:41	1/1/2019 	1535111	950.00	134.00	36.57	55.81	93678.40	1849	0	BartonZwiebach	
6075	0:25:41	1/1/2019 	1535306	67.00	10.00	5.95	55.81	93678.40	3834	0	BartonZwiebach	
6076	0:25:41	1/1/2019 	1535324	66.00	9.00	5.93	55.81	93678.40	1849	0	BartonZwiebach	
6077	0:25:41	1/1/2019 	1535332	102.00	10.00	6.65	55.81	93678.40	1850	0	BartonZwiebach	
6078	0:25:41	1/1/2019 	1535406	67.00	10.00	5.95	55.80	93677.73	1850	0	BartonZwiebach	
6079	0:25:41	1/1/2019 	1535431	64.00	10.00	5.92	55.80	93677.73	1849	0	BartonZwiebach	
6080	0:25:41	1/1/2019 	1535486	64.00	9.00	5.92	55.80	93677.73	1847	0	BartonZwiebach	
6081	0:25:41	1/1/2019 	1535620	92.00	10.00	6.40	55.80	93677.73	51778	0	BartonZwiebach	
6082	0:25:41	1/1/2019 	1535650	72.00	9.00	6.01	55.80	93677.73	1849	0	BartonZwiebach	
6083	0:25:41	1/1/2019 	1535698	69.00	10.00	5.97	55.80	93677.73	1848	0	BartonZwiebach	
6084	0:25:42	1/1/2019 	1535792	65.00	10.00	5.93	55.80	93677.73	1849	0	BartonZwiebach	
6085	0:25:42	1/1/2019 	1535827	65.00	11.00	5.93	55.80	93677.73	1851	0	BartonZwiebach	
6086	0:25:42	1/1/2019 	1535895	65.00	8.00	5.92	55.80	93677.20	1850	0	BartonZwiebach	
6087	0:25:42	1/1/2019 	1535906	73.00	9.00	6.02	55.80	93677.20	3831	0	BartonZwiebach	
6088	0:25:42	1/1/2019 	1535927	973.00	241.00	49.30	55.80	93677.20	1850	0	BartonZwiebach	
6089	0:25:42	1/1/2019 	1535942	70.00	9.00	5.98	55.80	93677.20	1851	0	BartonZwiebach	
6090	0:25:42	1/1/2019 	1535964	72.00	9.00	6.01	55.80	93677.20	1849	0	BartonZwiebach	
6091	0:25:42	1/1/2019 	1536020	82.00	10.00	6.18	55.80	93677.20	1850	0	BartonZwiebach	
6092	0:25:42	1/1/2019 	1536087	78.00	10.00	6.10	55.80	93677.20	1850	0	BartonZwiebach	
6093	0:25:42	1/1/2019 	1536209	68.00	9.00	5.95	55.80	93677.20	3887	0	BartonZwiebach	
6094	0:25:42	1/1/2019 	1536316	71.00	12.00	6.00	55.80	93677.20	1849	0	BartonZwiebach	
6095	0:25:42	1/1/2019 	1536439	395.00	20.00	12.63	55.80	93676.33	1848	0	BartonZwiebach	
6096	0:25:43	1/1/2019 	1536999	65.00	9.00	5.92	55.80	93675.98	49797	0	BartonZwiebach	
6097	0:25:43	1/1/2019 	1537042	793.00	45.00	21.98	55.80	93675.98	1851	0	BartonZwiebach	
6098	0:25:43	1/1/2019 	1537316	64.00	10.00	5.92	55.80	93675.98	1850	0	BartonZwiebach	
6099	0:25:43	1/1/2019 	1537474	72.00	9.00	6.01	55.80	93675.64	3832	0	BartonZwiebach	
6100	0:25:43	1/1/2019 	1537630	419.00	13.00	12.57	55.80	93675.64	49795	0	BartonZwiebach	
6101	0:25:43	1/1/2019 	1537650	579.00	18.00	14.85	55.80	93675.64	1851	0	BartonZwiebach	
6102	0:25:43	1/1/2019 	1537678	68.00	9.00	5.95	55.80	93675.64	1850	0	BartonZwiebach	
6103	0:25:43	1/1/2019 	1537749	107.00	9.00	6.78	55.80	93675.64	1849	0	BartonZwiebach	
6104	0:25:44	1/1/2019 	1537803	74.00	9.00	6.03	55.80	93675.64	1848	0	BartonZwiebach	
6105	0:25:44	1/1/2019 	1537829	72.00	10.00	6.01	55.80	93674.97	3835	0	BartonZwiebach	
6106	0:25:44	1/1/2019 	1537896	62.00	9.00	5.90	55.80	93674.97	1848	0	BartonZwiebach	
6107	0:25:44	1/1/2019 	1537966	615.00	26.00	16.53	55.80	93674.97	1850	0	BartonZwiebach	
6108	0:25:44	1/1/2019 	1538055	756.00	38.00	21.11	55.80	93674.97	1849	0	BartonZwiebach	
6109	0:25:44	1/1/2019 	1538330	69.00	9.00	5.97	55.80	93674.62	1853	0	BartonZwiebach	
6110	0:25:44	1/1/2019 	1538334	64.00	10.00	5.92	55.80	93674.62	1855	0	BartonZwiebach	
6111	0:25:44	1/1/2019 	1538422	68.00	10.00	5.96	55.80	93674.62	3839	0	BartonZwiebach	
6112	0:25:44	1/1/2019 	1538645	75.00	10.00	6.05	55.80	93674.62	49799	0	BartonZwiebach	
6113	0:25:45	1/1/2019 	1539071	70.00	9.00	5.98	55.80	93673.92	1854	0	BartonZwiebach	
6114	0:25:45	1/1/2019 	1539247	261.00	11.00	10.54	55.80	93673.92	1851	0	BartonZwiebach	
6115	0:25:45	1/1/2019 	1539301	70.00	9.00	5.98	55.79	93673.25	1850	0	BartonZwiebach	
6116	0:25:45	1/1/2019 	1539438	68.00	9.00	5.95	55.79	93673.25	3833	0	BartonZwiebach	
6117	0:25:45	1/1/2019 	1539650	68.00	9.00	5.95	55.79	93673.25	49791	0	BartonZwiebach	
6118	0:25:45	1/1/2019 	1539670	68.00	9.00	5.95	55.79	93673.25	2603	0	BartonZwiebach	
6119	0:25:45	1/1/2019 	1539690	73.00	9.00	6.02	55.79	93673.25	1848	0	BartonZwiebach	
6120	0:25:45	1/1/2019 	1539736	66.00	9.00	5.93	55.79	93673.25	1849	0	BartonZwiebach	
6121	0:25:45	1/1/2019 	1539780	68.00	10.00	5.96	55.79	93672.91	1849	0	BartonZwiebach	
6122	0:25:46	1/1/2019 	1539861	140.00	9.00	7.74	55.79	93672.91	4028	0	BartonZwiebach	
6123	0:25:46	1/1/2019 	1540020	66.00	9.00	5.93	55.79	93672.91	1850	0	BartonZwiebach	
6124	0:25:46	1/1/2019 	1540079	78.00	9.00	6.10	55.79	93672.91	1848	0	BartonZwiebach	
6125	0:25:46	1/1/2019 	1540397	70.00	9.00	5.98	55.79	93672.39	1849	0	BartonZwiebach	
6126	0:25:46	1/1/2019 	1540455	70.00	9.00	5.98	55.79	93672.39	1849	0	BartonZwiebach	
6127	0:25:47	1/1/2019 	1540925	68.00	10.00	5.96	55.79	93671.34	49793	0	BartonZwiebach	
6128	0:25:47	1/1/2019 	1541048	74.00	10.00	6.04	55.79	93671.34	3835	0	BartonZwiebach	
6129	0:25:47	1/1/2019 	1541457	71.00	9.00	5.99	55.79	93671.00	1850	0	BartonZwiebach	
6130	0:25:47	1/1/2019 	1541463	75.00	9.00	6.05	55.79	93671.00	1849	0	BartonZwiebach	
6131	0:25:47	1/1/2019 	1541498	72.00	9.00	6.01	55.79	93671.00	1850	0	BartonZwiebach	
6132	0:25:47	1/1/2019 	1541619	66.00	9.00	5.93	55.79	93671.00	49791	0	BartonZwiebach	
6133	0:25:47	1/1/2019 	1541692	71.00	10.00	5.99	55.79	93670.16	1849	0	BartonZwiebach	
6134	0:25:48	1/1/2019 	1541907	68.00	9.00	5.95	55.79	93670.16	3833	0	BartonZwiebach	
6135	0:25:48	1/1/2019 	1542070	71.00	10.00	5.99	55.79	93670.16	1851	0	BartonZwiebach	
6136	0:25:48	1/1/2019 	1542133	116.00	9.00	7.04	55.79	93670.16	1849	0	BartonZwiebach	
6137	0:25:48	1/1/2019 	1542497	68.00	9.00	5.95	55.79	93669.63	1849	0	BartonZwiebach	
6138	0:25:48	1/1/2019 	1542567	75.00	10.00	6.05	55.79	93669.63	49793	0	BartonZwiebach	
6139	0:25:48	1/1/2019 	1542710	72.00	8.00	6.00	55.79	93668.79	1849	0	BartonZwiebach	
6140	0:25:49	1/1/2019 	1543106	64.00	10.00	5.92	55.79	93668.79	3832	0	BartonZwiebach	
6141	0:25:49	1/1/2019 	1543213	70.00	6.00	5.97	55.78	93668.27	1849	0	BartonZwiebach	
6142	0:25:49	1/1/2019 	1543301	65.00	9.00	5.92	55.78	93668.27	1848	0	BartonZwiebach	
6143	0:25:49	1/1/2019 	1543472	69.00	9.00	5.97	55.78	93668.27	1849	0	BartonZwiebach	
6144	0:25:49	1/1/2019 	1543579	94.00	9.00	6.44	55.78	93668.27	49792	0	BartonZwiebach	
6145	0:25:50	1/1/2019 	1544273	67.00	9.00	5.94	55.78	93667.05	1849	0	BartonZwiebach	
6146	0:25:50	1/1/2019 	1544364	247.00	10.00	10.28	55.78	93667.05	3835	0	BartonZwiebach	
6147	0:25:51	1/1/2019 	1544789	315.00	12.00	11.39	55.78	93666.70	49796	0	BartonZwiebach	
6148	0:25:51	1/1/2019 	1545085	66.00	9.00	5.93	55.78	93666.52	1850	0	BartonZwiebach	
6149	0:25:51	1/1/2019 	1545200	65.00	10.00	5.93	55.78	93666.52	1849	0	BartonZwiebach	
6150	0:25:51	1/1/2019 	1545245	65.00	9.00	5.92	55.78	93666.52	1850	0	BartonZwiebach	
6151	0:25:51	1/1/2019 	1545412	67.00	10.00	5.95	55.78	93666.52	1849	0	BartonZwiebach	
6152	0:25:51	1/1/2019 	1545441	64.00	9.00	5.92	55.78	93666.52	3833	0	BartonZwiebach	
6153	0:25:51	1/1/2019 	1545472	106.00	10.00	6.76	55.78	93666.52	1848	0	BartonZwiebach	
6154	0:25:51	1/1/2019 	1545572	905.00	69.00	24.84	55.78	93665.68	49794	0	BartonZwiebach	
6155	0:25:51	1/1/2019 	1545655	67.00	10.00	5.95	55.78	93665.68	1851	0	BartonZwiebach	
6156	0:25:51	1/1/2019 	1545713	101.00	10.00	6.62	55.78	93665.68	1850	0	BartonZwiebach	
6157	0:25:52	1/1/2019 	1546059	63.00	10.00	5.91	55.78	93665.34	1850	0	BartonZwiebach	
6158	0:25:52	1/1/2019 	1546187	70.00	9.00	5.98	55.78	93665.34	3834	0	BartonZwiebach	
6159	0:25:52	1/1/2019 	1546202	67.00	9.00	5.94	55.78	93665.34	1849	0	BartonZwiebach	
6160	0:25:52	1/1/2019 	1546310	70.00	9.00	5.98	55.78	93665.34	1848	0	BartonZwiebach	
6161	0:25:52	1/1/2019 	1546484	66.00	9.00	5.93	55.78	93665.34	1848	0	BartonZwiebach	
6162	0:25:52	1/1/2019 	1546579	64.00	9.00	5.92	55.78	93664.63	49792	0	BartonZwiebach	
6163	0:25:53	1/1/2019 	1546819	969.00	112.00	32.37	55.78	93664.63	1849	0	BartonZwiebach	
6164	0:25:53	1/1/2019 	1546912	69.00	10.00	5.97	55.78	93664.63	3835	0	BartonZwiebach	
6165	0:25:53	1/1/2019 	1547140	64.00	9.00	5.92	55.78	93664.46	1848	0	BartonZwiebach	
6166	0:25:53	1/1/2019 	1547203	557.00	16.00	14.24	55.78	93664.46	1848	0	BartonZwiebach	
6167	0:25:53	1/1/2019 	1547283	133.00	10.00	7.53	55.78	93664.46	1849	0	BartonZwiebach	
6168	0:25:53	1/1/2019 	1547355	579.00	18.00	14.85	55.78	93664.46	1849	0	BartonZwiebach	
6169	0:25:53	1/1/2019 	1547454	67.00	9.00	5.94	55.78	93664.46	3839	0	BartonZwiebach	
6170	0:25:53	1/1/2019 	1547470	65.00	10.00	5.93	55.78	93664.46	1849	0	BartonZwiebach	
6171	0:25:53	1/1/2019 	1547549	71.00	9.00	5.99	55.77	93663.79	49791	0	BartonZwiebach	
6172	0:25:53	1/1/2019 	1547573	69.00	10.00	5.97	55.77	93663.79	1848	0	BartonZwiebach	
6173	0:25:53	1/1/2019 	1547737	65.00	10.00	5.93	55.77	93663.79	1850	0	BartonZwiebach	
6174	0:25:53	1/1/2019 	1547748	939.00	91.00	28.35	55.77	93663.79	1849	0	BartonZwiebach	
6175	0:25:54	1/1/2019 	1547822	64.00	10.00	5.92	55.77	93663.79	3889	0	BartonZwiebach	
6176	0:25:54	1/1/2019 	1547873	64.00	9.00	5.92	55.77	93663.79	1849	0	BartonZwiebach	
6177	0:25:54	1/1/2019 	1547893	81.00	9.00	6.16	55.77	93663.79	1847	0	BartonZwiebach	
6178	0:25:54	1/1/2019 	1547968	66.00	10.00	5.94	55.77	93663.79	1849	0	BartonZwiebach	
6179	0:25:54	1/1/2019 	1547983	127.00	10.00	7.36	55.77	93663.79	1850	0	BartonZwiebach	
6180	0:25:54	1/1/2019 	1548026	64.00	10.00	5.92	55.77	93663.45	1849	0	BartonZwiebach	
6181	0:25:54	1/1/2019 	1548035	68.00	10.00	5.96	55.77	93663.45	3832	0	BartonZwiebach	
6182	0:25:54	1/1/2019 	1548085	67.00	10.00	5.95	55.77	93663.45	1849	0	BartonZwiebach	
6183	0:25:54	1/1/2019 	1548128	65.00	9.00	5.92	55.77	93663.45	1848	0	BartonZwiebach	
6184	0:25:54	1/1/2019 	1548389	70.00	9.00	5.98	55.77	93663.45	1850	0	BartonZwiebach	
6185	0:25:54	1/1/2019 	1548500	69.00	10.00	5.97	55.77	93663.09	1849	0	BartonZwiebach	
6186	0:25:54	1/1/2019 	1548604	78.00	10.00	6.10	55.77	93663.09	49841	0	BartonZwiebach	
6187	0:25:54	1/1/2019 	1548688	64.00	10.00	5.92	55.77	93663.09	3834	0	BartonZwiebach	
6188	0:25:55	1/1/2019 	1548938	64.00	10.00	5.92	55.77	93663.09	1848	0	BartonZwiebach	
6189	0:25:55	1/1/2019 	1549113	75.00	10.00	6.05	55.77	93662.42	1849	0	BartonZwiebach	
6190	0:25:55	1/1/2019 	1549265	120.00	10.00	7.15	55.77	93662.42	1849	0	BartonZwiebach	
6191	0:25:55	1/1/2019 	1549357	65.00	9.00	5.92	55.77	93662.42	1850	0	BartonZwiebach	
6192	0:25:55	1/1/2019 	1549405	64.00	9.00	5.92	55.77	93662.42	1849	0	BartonZwiebach	
6193	0:25:55	1/1/2019 	1549567	70.00	10.00	5.98	55.77	93662.08	51775	0	BartonZwiebach	
6194	0:25:55	1/1/2019 	1549681	66.00	10.00	5.94	55.77	93662.08	2604	0	BartonZwiebach	
6195	0:25:55	1/1/2019 	1549704	65.00	10.00	5.93	55.77	93662.08	1849	0	BartonZwiebach	
6196	0:25:55	1/1/2019 	1549721	92.00	9.00	6.39	55.77	93662.08	1849	0	BartonZwiebach	
6197	0:25:56	1/1/2019 	1549786	299.00	13.00	11.19	55.77	93662.08	1850	0	BartonZwiebach	
6198	0:25:56	1/1/2019 	1549858	66.00	9.00	5.93	55.77	93662.08	1852	0	BartonZwiebach	
6199	0:25:56	1/1/2019 	1550008	67.00	9.00	5.94	55.77	93661.38	3975	0	BartonZwiebach	
6200	0:25:56	1/1/2019 	1550069	67.00	10.00	5.95	55.77	93661.38	1857	0	BartonZwiebach	
6201	0:25:56	1/1/2019 	1550124	65.00	9.00	5.92	55.77	93661.38	1855	0	BartonZwiebach	
6202	0:25:56	1/1/2019 	1550138	69.00	9.00	5.97	55.77	93661.38	1856	0	BartonZwiebach	
6203	0:25:56	1/1/2019 	1550239	114.00	9.00	6.98	55.77	93661.38	1856	0	BartonZwiebach	
6204	0:25:56	1/1/2019 	1550287	76.00	9.00	6.07	55.77	93661.38	1856	0	BartonZwiebach	
6205	0:25:56	1/1/2019 	1550361	64.00	9.00	5.92	55.77	93661.38	3839	0	BartonZwiebach	
6206	0:25:56	1/1/2019 	1550552	617.00	29.00	16.82	55.77	93661.03	49798	0	BartonZwiebach	
6207	0:25:57	1/1/2019 	1550790	69.00	10.00	5.97	55.77	93661.03	1850	0	BartonZwiebach	
6208	0:25:57	1/1/2019 	1551095	72.00	9.00	6.01	55.77	93660.53	1851	0	BartonZwiebach	
6209	0:25:57	1/1/2019 	1551161	73.00	10.00	6.02	55.77	93660.53	1849	0	BartonZwiebach	
6210	0:25:57	1/1/2019 	1551164	80.00	10.00	6.14	55.77	93660.53	1849	0	BartonZwiebach	
6211	0:25:57	1/1/2019 	1551248	69.00	10.00	5.97	55.77	93660.53	3833	0	BartonZwiebach	
6212	0:25:57	1/1/2019 	1551286	78.00	9.00	6.10	55.77	93660.53	1849	0	BartonZwiebach	
6213	0:25:57	1/1/2019 	1551622	259.00	11.00	10.51	55.77	93660.36	49792	0	BartonZwiebach	
6214	0:25:58	1/1/2019 	1551909	70.00	10.00	5.98	55.77	93660.02	1850	0	BartonZwiebach	
6215	0:25:58	1/1/2019 	1552100	67.00	10.00	5.95	55.77	93660.02	1849	0	BartonZwiebach	
6216	0:25:58	1/1/2019 	1552192	117.00	10.00	7.07	55.77	93660.02	1850	0	BartonZwiebach	
6217	0:25:58	1/1/2019 	1552397	66.00	9.00	5.93	55.76	93659.32	3888	0	BartonZwiebach	
6218	0:25:59	1/1/2019 	1552838	64.00	9.00	5.92	55.76	93659.32	49794	0	BartonZwiebach	
6219	0:25:59	1/1/2019 	1552947	71.00	10.00	5.99	55.76	93658.97	1849	0	BartonZwiebach	
6220	0:25:59	1/1/2019 	1553131	80.00	9.00	6.14	55.76	93658.97	1849	0	BartonZwiebach	
6221	0:25:59	1/1/2019 	1553177	296.00	13.00	11.15	55.76	93658.97	1849	0	BartonZwiebach	
6222	0:25:59	1/1/2019 	1553366	70.00	10.00	5.98	55.76	93658.09	3834	0	BartonZwiebach	
6223	0:25:59	1/1/2019 	1553380	59.00	9.00	5.89	55.76	93658.09	1849	0	BartonZwiebach	
6224	0:25:59	1/1/2019 	1553422	86.00	9.00	6.26	55.76	93658.09	1848	0	BartonZwiebach	
6225	0:25:59	1/1/2019 	1553699	73.00	10.00	6.02	55.76	93658.09	49794	0	BartonZwiebach	
6226	0:25:59	1/1/2019 	1553736	65.00	10.00	5.93	55.76	93658.09	1849	0	BartonZwiebach	
6227	0:25:59	1/1/2019 	1553740	68.00	9.00	5.95	55.76	93658.09	1850	0	BartonZwiebach	
6228	0:25:59	1/1/2019 	1553758	66.00	9.00	5.93	55.76	93658.09	3833	0	BartonZwiebach	
6229	0:26:00	1/1/2019 	1553876	64.00	10.00	5.92	55.76	93657.93	1849	0	BartonZwiebach	
6230	0:26:00	1/1/2019 	1553898	72.00	9.00	6.01	55.76	93657.93	1848	0	BartonZwiebach	
6231	0:26:00	1/1/2019 	1553912	69.00	10.00	5.97	55.76	93657.93	1849	0	BartonZwiebach	
6232	0:26:00	1/1/2019 	1553937	66.00	10.00	5.94	55.76	93657.93	1849	0	BartonZwiebach	
6233	0:26:00	1/1/2019 	1553985	148.00	10.00	7.97	55.76	93657.93	1849	0	BartonZwiebach	
6234	0:26:00	1/1/2019 	1553997	75.00	9.00	6.05	55.76	93657.93	3833	0	BartonZwiebach	
6235	0:26:00	1/1/2019 	1554175	69.00	9.00	5.97	55.76	93657.93	1848	0	BartonZwiebach	
6236	0:26:00	1/1/2019 	1554237	137.00	10.00	7.65	55.76	93657.93	1849	0	BartonZwiebach	
6237	0:26:00	1/1/2019 	1554352	64.00	9.00	5.92	55.76	93657.45	1849	0	BartonZwiebach	
6238	0:26:00	1/1/2019 	1554418	65.00	10.00	5.93	55.76	93657.45	1849	0	BartonZwiebach	
6239	0:26:00	1/1/2019 	1554467	65.00	9.00	5.92	55.76	93657.45	1849	0	BartonZwiebach	
6240	0:26:00	1/1/2019 	1554494	69.00	9.00	5.97	55.76	93657.45	3832	0	BartonZwiebach	
6241	0:26:00	1/1/2019 	1554734	72.00	9.00	6.01	55.76	93657.45	49794	0	BartonZwiebach	
6242	0:26:00	1/1/2019 	1554741	65.00	9.00	5.92	55.76	93657.45	1849	0	BartonZwiebach	
6243	0:26:01	1/1/2019 	1554826	69.00	9.00	5.97	55.76	93657.28	1848	0	BartonZwiebach	
6244	0:26:01	1/1/2019 	1554942	67.00	9.00	5.94	55.76	93657.28	1851	0	BartonZwiebach	
6245	0:26:01	1/1/2019 	1554988	64.00	9.00	5.92	55.76	93657.28	1849	0	BartonZwiebach	
6246	0:26:01	1/1/2019 	1555136	287.00	13.00	11.01	55.76	93657.28	3832	0	BartonZwiebach	
6247	0:26:01	1/1/2019 	1555411	65.00	9.00	5.92	55.76	93656.58	1851	0	BartonZwiebach	
6248	0:26:02	1/1/2019 	1556156	223.00	11.00	9.83	55.76	93656.23	49795	0	BartonZwiebach	
6249	0:26:02	1/1/2019 	1556176	73.00	9.00	6.02	55.76	93656.23	1850	0	BartonZwiebach	
6250	0:26:02	1/1/2019 	1556222	733.00	36.00	20.70	55.76	93656.23	1850	0	BartonZwiebach	
6251	0:26:02	1/1/2019 	1556279	82.00	9.00	6.18	55.76	93656.06	1850	0	BartonZwiebach	
6252	0:26:02	1/1/2019 	1556346	311.00	11.00	11.31	55.76	93656.06	3833	0	BartonZwiebach	
6253	0:26:02	1/1/2019 	1556392	72.00	9.00	6.01	55.76	93656.06	1849	0	BartonZwiebach	
6254	0:26:02	1/1/2019 	1556409	65.00	9.00	5.92	55.76	93656.06	1849	0	BartonZwiebach	
6255	0:26:02	1/1/2019 	1556448	66.00	9.00	5.93	55.76	93656.06	1849	0	BartonZwiebach	
6256	0:26:02	1/1/2019 	1556561	617.00	18.00	15.76	55.76	93656.06	49793	0	BartonZwiebach	
6257	0:26:03	1/1/2019 	1556783	68.00	9.00	5.95	55.76	93655.54	1849	0	BartonZwiebach	
6258	0:26:03	1/1/2019 	1556986	71.00	9.00	5.99	55.76	93655.54	3834	0	BartonZwiebach	
6259	0:26:03	1/1/2019 	1557072	65.00	10.00	5.93	55.76	93655.54	1849	0	BartonZwiebach	
6260	0:26:03	1/1/2019 	1557110	158.00	10.00	8.25	55.76	93655.54	1848	0	BartonZwiebach	
6261	0:26:03	1/1/2019 	1557245	147.00	10.00	7.94	55.76	93655.36	1850	0	BartonZwiebach	
6262	0:26:03	1/1/2019 	1557307	65.00	10.00	5.93	55.76	93655.36	1850	0	BartonZwiebach	
6263	0:26:03	1/1/2019 	1557363	66.00	9.00	5.93	55.76	93655.36	1849	0	BartonZwiebach	
6264	0:26:03	1/1/2019 	1557387	67.00	9.00	5.94	55.76	93655.36	3833	0	BartonZwiebach	
6265	0:26:03	1/1/2019 	1557432	73.00	9.00	6.02	55.76	93655.36	1848	0	BartonZwiebach	
6266	0:26:03	1/1/2019 	1557614	86.00	9.00	6.26	55.76	93655.36	49793	0	BartonZwiebach	
6267	0:26:03	1/1/2019 	1557737	518.00	24.00	14.11	55.75	93654.70	1850	0	BartonZwiebach	
6268	0:26:04	1/1/2019 	1557976	70.00	10.00	5.98	55.75	93654.70	1849	0	BartonZwiebach	
6269	0:26:04	1/1/2019 	1558017	68.00	10.00	5.96	55.75	93654.70	1850	0	BartonZwiebach	
6270	0:26:04	1/1/2019 	1558061	68.00	10.00	5.96	55.75	93654.70	3888	0	BartonZwiebach	
6271	0:26:04	1/1/2019 	1558418	72.00	9.00	6.01	55.75	93654.34	1850	0	BartonZwiebach	
6272	0:26:04	1/1/2019 	1558424	654.00	32.00	18.41	55.75	93654.34	1850	0	BartonZwiebach	
6273	0:26:04	1/1/2019 	1558444	75.00	9.00	6.05	55.75	93654.34	1849	0	BartonZwiebach	
6274	0:26:04	1/1/2019 	1558682	81.00	9.00	6.16	55.75	93653.82	49795	0	BartonZwiebach	
6275	0:26:04	1/1/2019 	1558697	516.00	20.00	13.89	55.75	93653.82	1849	0	BartonZwiebach	
6276	0:26:04	1/1/2019 	1558731	67.00	9.00	5.94	55.75	93653.82	3834	0	BartonZwiebach	
6277	0:26:05	1/1/2019 	1558790	834.00	48.00	22.36	55.75	93653.82	1849	0	BartonZwiebach	
6278	0:26:05	1/1/2019 	1558895	75.00	10.00	6.05	55.75	93653.82	1851	0	BartonZwiebach	
6279	0:26:05	1/1/2019 	1559007	68.00	10.00	5.96	55.75	93653.82	1849	0	BartonZwiebach	
6280	0:26:05	1/1/2019 	1559069	879.00	53.00	22.93	55.75	93653.82	1850	0	BartonZwiebach	
6281	0:26:05	1/1/2019 	1559137	72.00	9.00	6.01	55.75	93653.82	3834	0	BartonZwiebach	
6282	0:26:05	1/1/2019 	1559180	68.00	10.00	5.96	55.75	93653.47	1848	0	BartonZwiebach	
6283	0:26:05	1/1/2019 	1559200	71.00	9.00	5.99	55.75	93653.47	1850	0	BartonZwiebach	
6284	0:26:05	1/1/2019 	1559320	65.00	9.00	5.92	55.75	93653.47	1850	0	BartonZwiebach	
6285	0:26:05	1/1/2019 	1559396	62.00	9.00	5.90	55.75	93653.47	1849	0	BartonZwiebach	
6286	0:26:05	1/1/2019 	1559458	75.00	10.00	6.05	55.75	93653.47	1850	0	BartonZwiebach	
6287	0:26:05	1/1/2019 	1559609	70.00	9.00	5.98	55.75	93653.47	51778	0	BartonZwiebach	
6288	0:26:05	1/1/2019 	1559677	62.00	10.00	5.90	55.75	93653.12	2801	0	BartonZwiebach	
6289	0:26:05	1/1/2019 	1559767	73.00	10.00	6.02	55.75	93653.12	1856	0	BartonZwiebach	
6290	0:26:06	1/1/2019 	1559932	67.00	9.00	5.94	55.75	93653.12	1857	0	BartonZwiebach	
6291	0:26:06	1/1/2019 	1560004	69.00	9.00	5.97	55.75	93653.12	1857	0	BartonZwiebach	
6292	0:26:06	1/1/2019 	1560464	66.00	8.00	5.93	55.75	93652.60	1854	0	BartonZwiebach	
6293	0:26:06	1/1/2019 	1560549	77.00	10.00	6.08	55.75	93652.60	51917	0	BartonZwiebach	
6294	0:26:06	1/1/2019 	1560591	75.00	9.00	6.05	55.75	93652.60	1850	0	BartonZwiebach	
6295	0:26:06	1/1/2019 	1560679	79.00	9.00	6.12	55.75	93652.26	1849	0	BartonZwiebach	
6296	0:26:06	1/1/2019 	1560736	64.00	9.00	5.92	55.75	93652.26	1850	0	BartonZwiebach	
6297	0:26:06	1/1/2019 	1560749	83.00	9.00	6.20	55.75	93652.26	1849	0	BartonZwiebach	
6298	0:26:07	1/1/2019 	1560868	108.00	9.00	6.81	55.75	93652.26	1850	0	BartonZwiebach	
6299	0:26:07	1/1/2019 	1560916	65.00	9.00	5.92	55.75	93652.26	3835	0	BartonZwiebach	
6300	0:26:07	1/1/2019 	1560989	71.00	10.00	5.99	55.75	93652.26	1849	0	BartonZwiebach	
6301	0:26:07	1/1/2019 	1561120	66.00	10.00	5.94	55.75	93651.44	1849	0	BartonZwiebach	
6302	0:26:07	1/1/2019 	1561256	68.00	10.00	5.96	55.75	93651.44	1849	0	BartonZwiebach	
6303	0:26:07	1/1/2019 	1561358	65.00	10.00	5.93	55.75	93651.44	1849	0	BartonZwiebach	
6304	0:26:07	1/1/2019 	1561439	77.00	9.00	6.08	55.75	93651.44	1850	0	BartonZwiebach	
6305	0:26:07	1/1/2019 	1561559	88.00	10.00	6.30	55.75	93651.44	51777	0	BartonZwiebach	
6306	0:26:07	1/1/2019 	1561568	64.00	11.00	5.92	55.75	93651.44	1849	0	BartonZwiebach	
6307	0:26:07	1/1/2019 	1561610	82.00	9.00	6.18	55.75	93651.09	1848	0	BartonZwiebach	
6308	0:26:07	1/1/2019 	1561622	66.00	10.00	5.94	55.75	93651.09	1848	0	BartonZwiebach	
6309	0:26:07	1/1/2019 	1561762	66.00	9.00	5.93	55.75	93651.09	1851	0	BartonZwiebach	
6310	0:26:07	1/1/2019 	1561769	66.00	9.00	5.93	55.75	93651.09	1849	0	BartonZwiebach	
6311	0:26:08	1/1/2019 	1561808	66.00	10.00	5.94	55.75	93651.09	3887	0	BartonZwiebach	
6312	0:26:08	1/1/2019 	1561954	71.00	9.00	5.99	55.75	93651.09	1850	0	BartonZwiebach	
6313	0:26:08	1/1/2019 	1561997	64.00	10.00	5.92	55.75	93651.09	1850	0	BartonZwiebach	
6314	0:26:08	1/1/2019 	1562002	77.00	9.00	6.08	55.75	93651.09	1848	0	BartonZwiebach	
6315	0:26:08	1/1/2019 	1562035	68.00	10.00	5.96	55.75	93651.09	1850	0	BartonZwiebach	
6316	0:26:08	1/1/2019 	1562159	67.00	9.00	5.94	55.75	93650.92	1850	0	BartonZwiebach	
6317	0:26:08	1/1/2019 	1562412	64.00	10.00	5.92	55.75	93650.92	3833	0	BartonZwiebach	
6318	0:26:08	1/1/2019 	1562442	73.00	9.00	6.02	55.75	93650.92	1848	0	BartonZwiebach	
6319	0:26:08	1/1/2019 	1562450	70.00	9.00	5.98	55.75	93650.92	1848	0	BartonZwiebach	
6320	0:26:08	1/1/2019 	1562568	671.00	32.00	18.99	55.74	93650.22	49795	0	BartonZwiebach	
6321	0:26:08	1/1/2019 	1562620	65.00	9.00	5.92	55.74	93650.22	1848	0	BartonZwiebach	
6322	0:26:09	1/1/2019 	1562856	73.00	9.00	6.02	55.74	93650.22	1850	0	BartonZwiebach	
6323	0:26:09	1/1/2019 	1563226	106.00	9.00	6.76	55.74	93650.05	3833	0	BartonZwiebach	
6324	0:26:09	1/1/2019 	1563621	68.00	9.00	5.95	55.74	93649.38	49796	0	BartonZwiebach	
6325	0:26:10	1/1/2019 	1563805	134.00	10.00	7.56	55.74	93649.38	1856	0	BartonZwiebach	
6326	0:26:10	1/1/2019 	1563942	70.00	10.00	5.98	55.74	93649.38	1858	0	BartonZwiebach	
6327	0:26:10	1/1/2019 	1564075	78.00	9.00	6.10	55.74	93649.20	1853	0	BartonZwiebach	
6328	0:26:10	1/1/2019 	1564136	70.00	9.00	5.98	55.74	93649.20	1848	0	BartonZwiebach	
6329	0:26:10	1/1/2019 	1564154	65.00	9.00	5.92	55.74	93649.20	3832	0	BartonZwiebach	
6330	0:26:10	1/1/2019 	1564218	65.00	9.00	5.92	55.74	93649.20	1849	0	BartonZwiebach	
6331	0:26:10	1/1/2019 	1564270	64.00	9.00	5.92	55.74	93649.20	1849	0	BartonZwiebach	
6332	0:26:10	1/1/2019 	1564294	65.00	9.00	5.92	55.74	93649.20	1848	0	BartonZwiebach	
6333	0:26:10	1/1/2019 	1564339	70.00	10.00	5.98	55.74	93649.20	1849	0	BartonZwiebach	
6334	0:26:10	1/1/2019 	1564766	68.00	10.00	5.96	55.74	93648.84	49793	0	BartonZwiebach	
6335	0:26:11	1/1/2019 	1564792	65.00	9.00	5.92	55.74	93648.84	3835	0	BartonZwiebach	
6336	0:26:11	1/1/2019 	1564848	66.00	10.00	5.94	55.74	93648.84	1851	0	BartonZwiebach	
6337	0:26:11	1/1/2019 	1564850	65.00	9.00	5.92	55.74	93648.84	1849	0	BartonZwiebach	
6338	0:26:11	1/1/2019 	1564926	68.00	10.00	5.96	55.74	93648.84	1849	0	BartonZwiebach	
6339	0:26:11	1/1/2019 	1564960	69.00	10.00	5.97	55.74	93648.84	1849	0	BartonZwiebach	
6340	0:26:11	1/1/2019 	1565013	64.00	10.00	5.92	55.74	93648.68	3833	0	BartonZwiebach	
6341	0:26:11	1/1/2019 	1565052	68.00	9.00	5.95	55.74	93648.68	1848	0	BartonZwiebach	
6342	0:26:11	1/1/2019 	1565087	150.00	10.00	8.03	55.74	93648.68	1849	0	BartonZwiebach	
6343	0:26:11	1/1/2019 	1565179	74.00	10.00	6.04	55.74	93648.68	1849	0	BartonZwiebach	
6344	0:26:11	1/1/2019 	1565188	75.00	10.00	6.05	55.74	93648.68	1849	0	BartonZwiebach	
6345	0:26:11	1/1/2019 	1565276	74.00	10.00	6.04	55.74	93648.68	1850	0	BartonZwiebach	
6346	0:26:11	1/1/2019 	1565285	64.00	9.00	5.92	55.74	93648.68	3833	0	BartonZwiebach	
6347	0:26:11	1/1/2019 	1565411	70.00	9.00	5.98	55.74	93648.68	1847	0	BartonZwiebach	
6348	0:26:11	1/1/2019 	1565733	65.00	9.00	5.92	55.74	93648.35	49793	0	BartonZwiebach	
6349	0:26:12	1/1/2019 	1566018	65.00	9.00	5.92	55.74	93648.18	1849	0	BartonZwiebach	
6350	0:26:12	1/1/2019 	1566175	67.00	10.00	5.95	55.74	93648.18	1849	0	BartonZwiebach	
6351	0:26:12	1/1/2019 	1566225	66.00	9.00	5.93	55.74	93648.18	1850	0	BartonZwiebach	
6352	0:26:12	1/1/2019 	1566329	75.00	9.00	6.05	55.74	93648.18	3833	0	BartonZwiebach	
6353	0:26:12	1/1/2019 	1566485	68.00	10.00	5.96	55.74	93647.83	1849	0	BartonZwiebach	
6354	0:26:12	1/1/2019 	1566698	150.00	10.00	8.03	55.74	93647.83	49794	0	BartonZwiebach	
6355	0:26:13	1/1/2019 	1566878	66.00	10.00	5.94	55.74	93647.83	1849	0	BartonZwiebach	
6356	0:26:13	1/1/2019 	1567036	439.00	13.00	12.74	55.73	93647.16	1851	0	BartonZwiebach	
6357	0:26:13	1/1/2019 	1567083	938.00	71.00	25.12	55.73	93647.16	1850	0	BartonZwiebach	
6358	0:26:13	1/1/2019 	1567089	70.00	9.00	5.98	55.73	93647.16	3835	0	BartonZwiebach	
6359	0:26:13	1/1/2019 	1567358	64.00	10.00	5.92	55.73	93647.16	1849	0	BartonZwiebach	
6360	0:26:13	1/1/2019 	1567621	64.00	9.00	5.92	55.73	93647.16	49793	0	BartonZwiebach	
6361	0:26:13	1/1/2019 	1567642	64.00	10.00	5.92	55.73	93647.16	1847	0	BartonZwiebach	
6362	0:26:13	1/1/2019 	1567691	494.00	15.00	13.34	55.73	93647.16	1849	0	BartonZwiebach	
6363	0:26:14	1/1/2019 	1567833	79.00	10.00	6.12	55.73	93647.16	1851	0	BartonZwiebach	
6364	0:26:14	1/1/2019 	1567871	69.00	10.00	5.97	55.73	93647.16	3889	0	BartonZwiebach	
6365	0:26:14	1/1/2019 	1567952	66.00	9.00	5.93	55.73	93646.64	1849	0	BartonZwiebach	
6366	0:26:14	1/1/2019 	1568175	66.00	9.00	5.93	55.73	93646.64	1849	0	BartonZwiebach	
6367	0:26:14	1/1/2019 	1568379	72.00	10.00	6.01	55.73	93645.94	1849	0	BartonZwiebach	
6368	0:26:14	1/1/2019 	1568441	114.00	9.00	6.98	55.73	93645.94	1849	0	BartonZwiebach	
6369	0:26:14	1/1/2019 	1568454	169.00	11.00	8.56	55.73	93645.94	1848	0	BartonZwiebach	
6370	0:26:14	1/1/2019 	1568567	69.00	10.00	5.97	55.73	93645.94	51778	0	BartonZwiebach	
6371	0:26:14	1/1/2019 	1568747	69.00	10.00	5.97	55.73	93645.94	1849	0	BartonZwiebach	
6372	0:26:14	1/1/2019 	1568762	65.00	9.00	5.92	55.73	93645.94	1849	0	BartonZwiebach	
6373	0:26:15	1/1/2019 	1568863	79.00	9.00	6.12	55.73	93645.77	1849	0	BartonZwiebach	
6374	0:26:15	1/1/2019 	1568873	64.00	9.00	5.92	55.73	93645.77	1850	0	BartonZwiebach	
6375	0:26:15	1/1/2019 	1569004	70.00	9.00	5.98	55.73	93645.77	1847	0	BartonZwiebach	
6376	0:26:15	1/1/2019 	1569103	63.00	9.00	5.91	55.73	93645.77	3833	0	BartonZwiebach	
6377	0:26:15	1/1/2019 	1569126	64.00	10.00	5.92	55.73	93645.77	1849	0	BartonZwiebach	
6378	0:26:15	1/1/2019 	1569164	348.00	10.00	11.73	55.73	93645.77	1849	0	BartonZwiebach	
6379	0:26:15	1/1/2019 	1569560	75.00	10.00	6.05	55.73	93645.25	49794	0	BartonZwiebach	
6380	0:26:15	1/1/2019 	1569586	68.00	10.00	5.96	55.73	93645.25	2801	0	BartonZwiebach	
6381	0:26:15	1/1/2019 	1569615	771.00	40.00	21.40	55.73	93645.25	1850	0	BartonZwiebach	
6382	0:26:16	1/1/2019 	1569884	65.00	9.00	5.92	55.73	93644.90	3972	0	BartonZwiebach	
6383	0:26:16	1/1/2019 	1569925	67.00	9.00	5.94	55.73	93644.90	1849	0	BartonZwiebach	
6384	0:26:16	1/1/2019 	1569978	74.00	10.00	6.04	55.73	93644.90	1849	0	BartonZwiebach	
6385	0:26:16	1/1/2019 	1570008	282.00	12.00	10.91	55.73	93644.90	1849	0	BartonZwiebach	
6386	0:26:16	1/1/2019 	1570157	135.00	10.00	7.59	55.73	93644.90	1850	0	BartonZwiebach	
6387	0:26:16	1/1/2019 	1570276	65.00	10.00	5.93	55.73	93644.90	1851	0	BartonZwiebach	
6388	0:26:16	1/1/2019 	1570327	256.00	12.00	10.48	55.73	93644.73	3834	0	BartonZwiebach	
6389	0:26:16	1/1/2019 	1570449	64.00	9.00	5.92	55.73	93644.73	1849	0	BartonZwiebach	
6390	0:26:16	1/1/2019 	1570614	66.00	10.00	5.94	55.73	93644.73	49792	0	BartonZwiebach	
6391	0:26:16	1/1/2019 	1570617	942.00	77.00	26.00	55.73	93644.73	1850	0	BartonZwiebach	
6392	0:26:16	1/1/2019 	1570652	641.00	23.00	17.06	55.73	93644.73	1850	0	BartonZwiebach	
6393	0:26:16	1/1/2019 	1570685	73.00	10.00	6.02	55.73	93644.73	3833	0	BartonZwiebach	
6394	0:26:17	1/1/2019 	1571138	65.00	9.00	5.92	55.73	93644.05	1849	0	BartonZwiebach	
6395	0:26:17	1/1/2019 	1571377	69.00	9.00	5.97	55.73	93643.70	1850	0	BartonZwiebach	
6396	0:26:17	1/1/2019 	1571401	64.00	9.00	5.92	55.73	93643.70	1848	0	BartonZwiebach	
6397	0:26:17	1/1/2019 	1571564	66.00	9.00	5.93	55.73	93643.70	49789	0	BartonZwiebach	
6398	0:26:18	1/1/2019 	1571818	66.00	10.00	5.94	55.73	93643.36	1849	0	BartonZwiebach	
6399	0:26:18	1/1/2019 	1571831	75.00	10.00	6.05	55.73	93643.36	3835	0	BartonZwiebach	
6400	0:26:18	1/1/2019 	1571861	65.00	9.00	5.92	55.73	93643.36	1850	0	BartonZwiebach	
6401	0:26:18	1/1/2019 	1572092	66.00	10.00	5.94	55.73	93643.36	1868	0	BartonZwiebach	
6402	0:26:18	1/1/2019 	1572149	65.00	10.00	5.93	55.73	93643.36	1850	0	BartonZwiebach	
6403	0:26:18	1/1/2019 	1572179	405.00	13.00	12.45	55.73	93643.36	1849	0	BartonZwiebach	
6404	0:26:18	1/1/2019 	1572250	71.00	10.00	5.99	55.72	93642.84	1850	0	BartonZwiebach	
6405	0:26:18	1/1/2019 	1572278	950.00	99.00	29.84	55.72	93642.84	3888	0	BartonZwiebach	
6406	0:26:18	1/1/2019 	1572319	72.00	9.00	6.01	55.72	93642.84	1851	0	BartonZwiebach	
6407	0:26:18	1/1/2019 	1572351	82.00	10.00	6.18	55.72	93642.84	1850	0	BartonZwiebach	
6408	0:26:18	1/1/2019 	1572596	65.00	9.00	5.92	55.72	93642.84	49792	0	BartonZwiebach	
6409	0:26:19	1/1/2019 	1572884	76.00	9.00	6.07	55.72	93642.49	1849	0	BartonZwiebach	
6410	0:26:19	1/1/2019 	1572929	85.00	10.00	6.24	55.72	93642.49	1851	0	BartonZwiebach	
6411	0:26:19	1/1/2019 	1573201	64.00	9.00	5.92	55.72	93642.49	3833	0	BartonZwiebach	
6412	0:26:19	1/1/2019 	1573371	66.00	9.00	5.93	55.72	93641.99	1848	0	BartonZwiebach	
6413	0:26:19	1/1/2019 	1573415	66.00	10.00	5.94	55.72	93641.99	1849	0	BartonZwiebach	
6414	0:26:20	1/1/2019 	1573921	65.00	10.00	5.93	55.72	93641.64	49792	0	BartonZwiebach	
6415	0:26:20	1/1/2019 	1574027	66.00	9.00	5.93	55.72	93641.64	1851	0	BartonZwiebach	
6416	0:26:20	1/1/2019 	1574047	73.00	9.00	6.02	55.72	93641.64	1849	0	BartonZwiebach	
6417	0:26:20	1/1/2019 	1574117	133.00	10.00	7.53	55.72	93641.64	3833	0	BartonZwiebach	
6418	0:26:20	1/1/2019 	1574254	66.00	9.00	5.93	55.72	93641.14	1849	0	BartonZwiebach	
6419	0:26:21	1/1/2019 	1574874	62.00	10.00	5.90	55.72	93640.80	49791	0	BartonZwiebach	
6420	0:26:21	1/1/2019 	1575077	76.00	9.00	6.07	55.72	93640.80	1850	0	BartonZwiebach	
6421	0:26:21	1/1/2019 	1575091	82.00	9.00	6.18	55.72	93640.80	1849	0	BartonZwiebach	
6422	0:26:21	1/1/2019 	1575135	75.00	9.00	6.05	55.72	93640.80	1848	0	BartonZwiebach	
6423	0:26:21	1/1/2019 	1575152	70.00	10.00	5.98	55.72	93640.45	3833	0	BartonZwiebach	
6424	0:26:21	1/1/2019 	1575190	65.00	7.00	5.92	55.72	93640.45	1849	0	BartonZwiebach	
6425	0:26:21	1/1/2019 	1575221	77.00	10.00	6.08	55.72	93640.45	1848	0	BartonZwiebach	
6426	0:26:21	1/1/2019 	1575257	68.00	10.00	5.96	55.72	93640.45	1849	0	BartonZwiebach	
6427	0:26:21	1/1/2019 	1575617	70.00	9.00	5.98	55.72	93640.45	49793	0	BartonZwiebach	
6428	0:26:21	1/1/2019 	1575660	67.00	10.00	5.95	55.72	93640.10	1848	0	BartonZwiebach	
6429	0:26:21	1/1/2019 	1575720	908.00	62.00	23.95	55.72	93640.10	3834	0	BartonZwiebach	
6430	0:26:22	1/1/2019 	1575850	120.00	9.00	7.15	55.72	93640.10	1850	0	BartonZwiebach	
6431	0:26:22	1/1/2019 	1576029	70.00	9.00	5.98	55.72	93640.10	1850	0	BartonZwiebach	
6432	0:26:22	1/1/2019 	1576070	79.00	9.00	6.12	55.72	93640.10	1849	0	BartonZwiebach	
6433	0:26:22	1/1/2019 	1576187	65.00	10.00	5.93	55.71	93639.58	1848	0	BartonZwiebach	
6434	0:26:22	1/1/2019 	1576614	66.00	10.00	5.94	55.71	93639.23	49793	0	BartonZwiebach	
6435	0:26:22	1/1/2019 	1576623	63.00	9.00	5.91	55.71	93639.23	3779	0	BartonZwiebach	
6436	0:26:22	1/1/2019 	1576719	67.00	10.00	5.95	55.71	93639.23	1848	0	BartonZwiebach	
6437	0:26:22	1/1/2019 	1576722	78.00	10.00	6.10	55.71	93639.23	1850	0	BartonZwiebach	
6438	0:26:22	1/1/2019 	1576766	67.00	9.00	5.94	55.71	93639.23	1850	0	BartonZwiebach	
6439	0:26:23	1/1/2019 	1576992	74.00	9.00	6.03	55.71	93639.23	1849	0	BartonZwiebach	
6440	0:26:23	1/1/2019 	1577029	64.00	9.00	5.92	55.71	93639.23	1850	0	BartonZwiebach	
6441	0:26:23	1/1/2019 	1577170	122.00	9.00	7.21	55.71	93638.55	6286	0	BartonZwiebach	
6442	0:26:23	1/1/2019 	1577335	224.00	11.00	9.85	55.71	93638.55	1849	0	BartonZwiebach	
6443	0:26:23	1/1/2019 	1577345	69.00	9.00	5.97	55.71	93638.55	1850	0	BartonZwiebach	
6444	0:26:23	1/1/2019 	1577439	105.00	9.00	6.73	55.71	93638.55	1849	0	BartonZwiebach	
6445	0:26:23	1/1/2019 	1577485	64.00	10.00	5.92	55.71	93638.55	1850	0	BartonZwiebach	
6446	0:26:24	1/1/2019 	1577828	68.00	9.00	5.95	55.71	93638.22	51774	0	BartonZwiebach	
6447	0:26:24	1/1/2019 	1578040	66.00	10.00	5.94	55.71	93638.22	1850	0	BartonZwiebach	
6448	0:26:24	1/1/2019 	1578323	65.00	10.00	5.93	55.71	93638.04	1848	0	BartonZwiebach	
6449	0:26:24	1/1/2019 	1578456	81.00	9.00	6.16	55.71	93638.04	1850	0	BartonZwiebach	
6450	0:26:24	1/1/2019 	1578490	66.00	10.00	5.94	55.71	93638.04	1848	0	BartonZwiebach	
6451	0:26:24	1/1/2019 	1578740	65.00	9.00	5.92	55.71	93637.16	49793	0	BartonZwiebach	
6452	0:26:25	1/1/2019 	1578852	295.00	13.00	11.13	55.71	93637.16	3834	0	BartonZwiebach	
6453	0:26:25	1/1/2019 	1578886	388.00	12.00	12.24	55.71	93637.16	1852	0	BartonZwiebach	
6454	0:26:25	1/1/2019 	1578917	65.00	10.00	5.93	55.71	93637.16	1850	0	BartonZwiebach	
6455	0:26:25	1/1/2019 	1578924	733.00	36.00	20.70	55.71	93637.16	1850	0	BartonZwiebach	
6456	0:26:25	1/1/2019 	1578985	72.00	10.00	6.01	55.71	93637.16	1850	0	BartonZwiebach	
6457	0:26:25	1/1/2019 	1579018	68.00	9.00	5.95	55.71	93637.16	1849	0	BartonZwiebach	
6458	0:26:25	1/1/2019 	1579065	66.00	10.00	5.94	55.71	93637.00	3887	0	BartonZwiebach	
6459	0:26:25	1/1/2019 	1579169	66.00	10.00	5.94	55.71	93637.00	1849	0	BartonZwiebach	
6460	0:26:25	1/1/2019 	1579231	70.00	9.00	5.98	55.71	93637.00	1849	0	BartonZwiebach	
6461	0:26:25	1/1/2019 	1579314	70.00	8.00	5.98	55.71	93637.00	1849	0	BartonZwiebach	
6462	0:26:25	1/1/2019 	1579344	64.00	10.00	5.92	55.71	93637.00	1848	0	BartonZwiebach	
6463	0:26:25	1/1/2019 	1579415	67.00	10.00	5.95	55.71	93637.00	1849	0	BartonZwiebach	
6464	0:26:25	1/1/2019 	1579468	70.00	9.00	5.98	55.71	93637.00	3833	0	BartonZwiebach	
6465	0:26:25	1/1/2019 	1579481	65.00	9.00	5.92	55.71	93637.00	1848	0	BartonZwiebach	
6466	0:26:25	1/1/2019 	1579659	66.00	9.00	5.93	55.71	93636.52	49791	0	BartonZwiebach	
6467	0:26:26	1/1/2019 	1579860	73.00	9.00	6.02	55.71	93636.52	2603	0	BartonZwiebach	
6468	0:26:26	1/1/2019 	1580092	100.00	9.00	6.60	55.71	93636.52	1849	0	BartonZwiebach	
6469	0:26:26	1/1/2019 	1580294	74.00	9.00	6.03	55.71	93636.52	1848	0	BartonZwiebach	
6470	0:26:26	1/1/2019 	1580389	64.00	9.00	5.92	55.71	93636.52	3974	0	BartonZwiebach	
6471	0:26:26	1/1/2019 	1580423	355.00	16.00	12.04	55.71	93636.52	1849	0	BartonZwiebach	
6472	0:26:26	1/1/2019 	1580452	67.00	9.00	5.94	55.71	93636.52	1848	0	BartonZwiebach	
6473	0:26:26	1/1/2019 	1580737	802.00	44.00	21.91	55.70	93635.83	49793	0	BartonZwiebach	
6474	0:26:27	1/1/2019 	1580789	64.00	9.00	5.92	55.70	93635.83	1849	0	BartonZwiebach	
6475	0:26:27	1/1/2019 	1580946	67.00	9.00	5.94	55.70	93635.83	1850	0	BartonZwiebach	
6476	0:26:27	1/1/2019 	1581058	69.00	9.00	5.97	55.70	93635.48	3833	0	BartonZwiebach	
6477	0:26:27	1/1/2019 	1581158	69.00	9.00	5.97	55.70	93635.48	1849	0	BartonZwiebach	
6478	0:26:27	1/1/2019 	1581193	64.00	9.00	5.92	55.70	93635.48	1849	0	BartonZwiebach	
6479	0:26:27	1/1/2019 	1581210	74.00	9.00	6.03	55.70	93635.48	1848	0	BartonZwiebach	
6480	0:26:27	1/1/2019 	1581652	73.00	9.00	6.02	55.70	93635.13	49791	0	BartonZwiebach	
6481	0:26:27	1/1/2019 	1581691	67.00	9.00	5.94	55.70	93635.13	1850	0	BartonZwiebach	
6482	0:26:27	1/1/2019 	1581697	66.00	9.00	5.93	55.70	93635.13	3844	0	BartonZwiebach	
6483	0:26:28	1/1/2019 	1581787	69.00	9.00	5.97	55.70	93635.13	1848	0	BartonZwiebach	
6484	0:26:28	1/1/2019 	1581795	64.00	9.00	5.92	55.70	93635.13	1850	0	BartonZwiebach	
6485	0:26:28	1/1/2019 	1581831	72.00	10.00	6.01	55.70	93635.13	1849	0	BartonZwiebach	
6486	0:26:28	1/1/2019 	1581889	304.00	13.00	11.27	55.70	93635.13	1850	0	BartonZwiebach	
6487	0:26:28	1/1/2019 	1581979	66.00	9.00	5.93	55.70	93634.78	1850	0	BartonZwiebach	
6488	0:26:28	1/1/2019 	1582031	69.00	10.00	5.97	55.70	93634.78	3887	0	BartonZwiebach	
6489	0:26:28	1/1/2019 	1582307	66.00	9.00	5.93	55.70	93634.78	1850	0	BartonZwiebach	
6490	0:26:28	1/1/2019 	1582337	66.00	9.00	5.93	55.70	93634.78	1848	0	BartonZwiebach	
6491	0:26:28	1/1/2019 	1582459	69.00	9.00	5.97	55.70	93634.61	1849	0	BartonZwiebach	
6492	0:26:28	1/1/2019 	1582692	67.00	9.00	5.94	55.70	93634.61	49792	0	BartonZwiebach	
6493	0:26:29	1/1/2019 	1582888	626.00	29.00	17.14	55.70	93634.61	1849	0	BartonZwiebach	
6494	0:26:29	1/1/2019 	1582918	72.00	10.00	6.01	55.70	93634.44	3835	0	BartonZwiebach	
6495	0:26:29	1/1/2019 	1582947	72.00	9.00	6.01	55.70	93634.44	1849	0	BartonZwiebach	
6496	0:26:29	1/1/2019 	1582998	73.00	10.00	6.02	55.70	93634.44	1849	0	BartonZwiebach	
6497	0:26:29	1/1/2019 	1583044	73.00	9.00	6.02	55.70	93634.44	1849	0	BartonZwiebach	
6498	0:26:29	1/1/2019 	1583188	67.00	10.00	5.95	55.70	93634.44	1848	0	BartonZwiebach	
6499	0:26:29	1/1/2019 	1583315	108.00	9.00	6.81	55.70	93634.44	1849	0	BartonZwiebach	
6500	0:26:29	1/1/2019 	1583359	64.00	9.00	5.92	55.70	93634.44	3834	0	BartonZwiebach	
6501	0:26:29	1/1/2019 	1583471	68.00	10.00	5.96	55.70	93633.77	1849	0	BartonZwiebach	
6502	0:26:29	1/1/2019 	1583598	68.00	9.00	5.95	55.70	93633.77	49793	0	BartonZwiebach	
6503	0:26:29	1/1/2019 	1583736	67.00	12.00	5.95	55.70	93633.77	1848	0	BartonZwiebach	
6504	0:26:30	1/1/2019 	1583815	78.00	9.00	6.10	55.70	93633.77	1848	0	BartonZwiebach	
6505	0:26:30	1/1/2019 	1584150	66.00	9.00	5.93	55.70	93633.42	3834	0	BartonZwiebach	
6506	0:26:30	1/1/2019 	1584165	154.00	10.00	8.14	55.70	93633.42	1848	0	BartonZwiebach	
6507	0:26:30	1/1/2019 	1584633	77.00	10.00	6.08	55.70	93632.89	49794	0	BartonZwiebach	
6508	0:26:30	1/1/2019 	1584698	65.00	10.00	5.93	55.70	93632.89	1850	0	BartonZwiebach	
6509	0:26:30	1/1/2019 	1584725	65.00	9.00	5.92	55.70	93632.89	1849	0	BartonZwiebach	
6510	0:26:31	1/1/2019 	1585044	70.00	10.00	5.98	55.70	93632.55	1849	0	BartonZwiebach	
6511	0:26:31	1/1/2019 	1585153	66.00	10.00	5.94	55.70	93632.55	3836	0	BartonZwiebach	
6512	0:26:31	1/1/2019 	1585492	98.00	10.00	6.55	55.69	93632.02	1849	0	BartonZwiebach	
6513	0:26:31	1/1/2019 	1585725	67.00	10.00	5.95	55.69	93632.02	49792	0	BartonZwiebach	
6514	0:26:32	1/1/2019 	1585872	68.00	10.00	5.96	55.69	93631.67	1850	0	BartonZwiebach	
6515	0:26:32	1/1/2019 	1586287	68.00	9.00	5.95	55.69	93631.67	1852	0	BartonZwiebach	
6516	0:26:32	1/1/2019 	1586314	67.00	10.00	5.95	55.69	93631.33	1849	0	BartonZwiebach	
6517	0:26:32	1/1/2019 	1586405	69.00	9.00	5.97	55.69	93631.33	3833	0	BartonZwiebach	
6518	0:26:32	1/1/2019 	1586567	65.00	9.00	5.92	55.69	93631.33	49791	0	BartonZwiebach	
6519	0:26:32	1/1/2019 	1586571	70.00	9.00	5.98	55.69	93631.33	1849	0	BartonZwiebach	
6520	0:26:32	1/1/2019 	1586669	286.00	13.00	10.99	55.69	93631.33	1850	0	BartonZwiebach	
6521	0:26:32	1/1/2019 	1586769	80.00	9.00	6.14	55.69	93631.33	1850	0	BartonZwiebach	
6522	0:26:33	1/1/2019 	1587060	72.00	10.00	6.01	55.69	93630.69	1849	0	BartonZwiebach	
6523	0:26:33	1/1/2019 	1587223	72.00	9.00	6.01	55.69	93630.69	3834	0	BartonZwiebach	
6524	0:26:33	1/1/2019 	1587228	71.00	10.00	5.99	55.69	93630.69	1848	0	BartonZwiebach	
6525	0:26:33	1/1/2019 	1587484	67.00	13.00	5.95	55.69	93630.16	1849	0	BartonZwiebach	
6526	0:26:33	1/1/2019 	1587494	123.00	10.00	7.24	55.69	93630.16	1849	0	BartonZwiebach	
6527	0:26:33	1/1/2019 	1587620	79.00	9.00	6.12	55.69	93630.16	49795	0	BartonZwiebach	
6528	0:26:33	1/1/2019 	1587636	66.00	9.00	5.93	55.69	93630.16	1849	0	BartonZwiebach	
6529	0:26:34	1/1/2019 	1587838	65.00	10.00	5.93	55.69	93629.47	3833	0	BartonZwiebach	
6530	0:26:34	1/1/2019 	1587933	64.00	10.00	5.92	55.69	93629.47	1850	0	BartonZwiebach	
6531	0:26:34	1/1/2019 	1588255	78.00	10.00	6.10	55.69	93629.12	1849	0	BartonZwiebach	
6532	0:26:34	1/1/2019 	1588337	70.00	10.00	5.98	55.69	93629.12	1849	0	BartonZwiebach	
6533	0:26:34	1/1/2019 	1588351	65.00	10.00	5.93	55.69	93629.12	1849	0	BartonZwiebach	
6534	0:26:34	1/1/2019 	1588399	66.00	10.00	5.94	55.69	93629.12	1849	0	BartonZwiebach	
6535	0:26:34	1/1/2019 	1588436	104.00	10.00	6.70	55.69	93629.12	3833	0	BartonZwiebach	
6536	0:26:34	1/1/2019 	1588477	65.00	10.00	5.93	55.69	93629.12	1850	0	BartonZwiebach	
6537	0:26:34	1/1/2019 	1588621	637.00	31.00	17.70	55.69	93629.12	49794	0	BartonZwiebach	
6538	0:26:35	1/1/2019 	1588790	64.00	10.00	5.92	55.69	93628.77	1850	0	BartonZwiebach	
6539	0:26:35	1/1/2019 	1588935	64.00	9.00	5.92	55.69	93628.77	1850	0	BartonZwiebach	
6540	0:26:35	1/1/2019 	1589076	221.00	11.00	9.79	55.69	93628.77	1848	0	BartonZwiebach	
6541	0:26:35	1/1/2019 	1589589	64.00	12.00	5.92	55.69	93628.24	51832	0	BartonZwiebach	
6542	0:26:35	1/1/2019 	1589608	72.00	10.00	6.01	55.69	93628.24	2603	0	BartonZwiebach	
6543	0:26:35	1/1/2019 	1589680	357.00	16.00	12.06	55.69	93628.24	1850	0	BartonZwiebach	
6544	0:26:35	1/1/2019 	1589718	95.00	9.00	6.47	55.69	93627.91	1847	0	BartonZwiebach	
6545	0:26:35	1/1/2019 	1589764	65.00	10.00	5.93	55.69	93627.91	1849	0	BartonZwiebach	
6546	0:26:36	1/1/2019 	1590149	67.00	9.00	5.94	55.69	93627.91	1849	0	BartonZwiebach	
6547	0:26:36	1/1/2019 	1590183	64.00	10.00	5.92	55.69	93627.91	3974	0	BartonZwiebach	
6548	0:26:36	1/1/2019 	1590277	66.00	11.00	5.94	55.68	93627.41	1849	0	BartonZwiebach	
6549	0:26:37	1/1/2019 	1590875	88.00	10.00	6.30	55.68	93627.23	49793	0	BartonZwiebach	
6550	0:26:37	1/1/2019 	1590986	71.00	10.00	5.99	55.68	93627.23	1850	0	BartonZwiebach	
6551	0:26:37	1/1/2019 	1591099	70.00	10.00	5.98	55.68	93627.23	1849	0	BartonZwiebach	
6552	0:26:37	1/1/2019 	1591160	913.00	74.00	25.55	55.68	93626.70	3835	0	BartonZwiebach	
6553	0:26:37	1/1/2019 	1591235	72.00	10.00	6.01	55.68	93626.70	1851	0	BartonZwiebach	
6554	0:26:37	1/1/2019 	1591308	65.00	9.00	5.92	55.68	93626.70	1849	0	BartonZwiebach	
6555	0:26:37	1/1/2019 	1591622	65.00	13.00	5.93	55.68	93626.70	49794	0	BartonZwiebach	
6556	0:26:37	1/1/2019 	1591661	65.00	9.00	5.92	55.68	93626.36	1850	0	BartonZwiebach	
6557	0:26:38	1/1/2019 	1592323	64.00	10.00	5.92	55.68	93626.19	1849	0	BartonZwiebach	
6558	0:26:38	1/1/2019 	1592482	68.00	9.00	5.95	55.68	93626.19	3834	0	BartonZwiebach	
6559	0:26:39	1/1/2019 	1592816	72.00	9.00	6.01	55.68	93625.69	49794	0	BartonZwiebach	
6560	0:26:39	1/1/2019 	1592924	64.00	10.00	5.92	55.68	93625.69	1850	0	BartonZwiebach	
6561	0:26:39	1/1/2019 	1593225	68.00	9.00	5.95	55.68	93625.34	1848	0	BartonZwiebach	
6562	0:26:39	1/1/2019 	1593419	68.00	9.00	5.95	55.68	93625.34	1848	0	BartonZwiebach	
6563	0:26:39	1/1/2019 	1593577	74.00	9.00	6.03	55.68	93625.34	49794	0	BartonZwiebach	
6564	0:26:39	1/1/2019 	1593640	61.00	9.00	5.90	55.68	93625.16	3833	0	BartonZwiebach	
6565	0:26:39	1/1/2019 	1593667	73.00	9.00	6.02	55.68	93625.16	1848	0	BartonZwiebach	
6566	0:26:39	1/1/2019 	1593704	72.00	10.00	6.01	55.68	93625.16	1848	0	BartonZwiebach	
6567	0:26:39	1/1/2019 	1593753	66.00	9.00	5.93	55.68	93625.16	1850	0	BartonZwiebach	
6568	0:26:40	1/1/2019 	1593789	63.00	9.00	5.91	55.68	93625.16	1848	0	BartonZwiebach	
6569	0:26:40	1/1/2019 	1593810	67.00	9.00	5.94	55.68	93625.16	1850	0	BartonZwiebach	
6570	0:26:40	1/1/2019 	1593871	64.00	9.00	5.92	55.68	93625.16	3835	0	BartonZwiebach	
6571	0:26:40	1/1/2019 	1593958	67.00	10.00	5.95	55.68	93625.16	1848	0	BartonZwiebach	
6572	0:26:40	1/1/2019 	1594038	69.00	9.00	5.97	55.68	93625.16	1848	0	BartonZwiebach	
6573	0:26:40	1/1/2019 	1594104	97.00	10.00	6.52	55.68	93624.67	1849	0	BartonZwiebach	
6574	0:26:40	1/1/2019 	1594401	69.00	9.00	5.97	55.68	93624.67	1849	0	BartonZwiebach	
6575	0:26:40	1/1/2019 	1594601	67.00	10.00	5.95	55.68	93624.49	49793	0	BartonZwiebach	
6576	0:26:40	1/1/2019 	1594645	66.00	9.00	5.93	55.68	93624.49	3834	0	BartonZwiebach	
6577	0:26:40	1/1/2019 	1594660	162.00	10.00	8.36	55.68	93624.49	1850	0	BartonZwiebach	
6578	0:26:40	1/1/2019 	1594767	65.00	9.00	5.92	55.68	93624.49	1851	0	BartonZwiebach	
6579	0:26:41	1/1/2019 	1594827	68.00	9.00	5.95	55.68	93624.49	1849	0	BartonZwiebach	
6580	0:26:41	1/1/2019 	1594864	72.00	9.00	6.01	55.68	93624.49	1849	0	BartonZwiebach	
6581	0:26:41	1/1/2019 	1595197	68.00	9.00	5.95	55.68	93624.32	1849	0	BartonZwiebach	
6582	0:26:41	1/1/2019 	1595269	75.00	10.00	6.05	55.68	93624.32	3887	0	BartonZwiebach	
6583	0:26:41	1/1/2019 	1595414	396.00	19.00	12.61	55.68	93624.32	1850	0	BartonZwiebach	
6584	0:26:41	1/1/2019 	1595463	64.00	10.00	5.92	55.68	93624.32	1850	0	BartonZwiebach	
6585	0:26:41	1/1/2019 	1595668	64.00	10.00	5.92	55.67	93623.80	49794	0	BartonZwiebach	
6586	0:26:41	1/1/2019 	1595686	65.00	10.00	5.93	55.67	93623.80	1848	0	BartonZwiebach	
6587	0:26:41	1/1/2019 	1595774	65.00	10.00	5.93	55.67	93623.80	1850	0	BartonZwiebach	
6588	0:26:42	1/1/2019 	1595781	65.00	9.00	5.92	55.67	93623.80	3833	0	BartonZwiebach	
6589	0:26:42	1/1/2019 	1595851	69.00	9.00	5.97	55.67	93623.80	1850	0	BartonZwiebach	
6590	0:26:42	1/1/2019 	1595978	64.00	9.00	5.92	55.67	93623.80	1849	0	BartonZwiebach	
6591	0:26:42	1/1/2019 	1596106	88.00	9.00	6.30	55.67	93623.80	1848	0	BartonZwiebach	
6592	0:26:42	1/1/2019 	1596148	68.00	9.00	5.95	55.67	93623.80	1850	0	BartonZwiebach	
6593	0:26:42	1/1/2019 	1596207	64.00	9.00	5.92	55.67	93623.80	1849	0	BartonZwiebach	
6594	0:26:42	1/1/2019 	1596235	77.00	9.00	6.08	55.67	93623.80	3831	0	BartonZwiebach	
6595	0:26:42	1/1/2019 	1596354	67.00	9.00	5.94	55.67	93623.80	1850	0	BartonZwiebach	
6596	0:26:42	1/1/2019 	1596370	110.00	10.00	6.87	55.67	93623.80	1850	0	BartonZwiebach	
6597	0:26:42	1/1/2019 	1596580	70.00	10.00	5.98	55.67	93623.12	49797	0	BartonZwiebach	
6598	0:26:42	1/1/2019 	1596673	68.00	9.00	5.95	55.67	93623.12	1857	0	BartonZwiebach	
6599	0:26:42	1/1/2019 	1596704	81.00	9.00	6.16	55.67	93623.12	1855	0	BartonZwiebach	
6600	0:26:42	1/1/2019 	1596730	72.00	10.00	6.01	55.67	93623.12	3841	0	BartonZwiebach	
6601	0:26:43	1/1/2019 	1596844	74.00	9.00	6.03	55.67	93623.12	1855	0	BartonZwiebach	
6602	0:26:43	1/1/2019 	1596870	65.00	10.00	5.93	55.67	93623.12	1857	0	BartonZwiebach	
6603	0:26:43	1/1/2019 	1596922	68.00	9.00	5.95	55.67	93623.12	1856	0	BartonZwiebach	
6604	0:26:43	1/1/2019 	1597047	68.00	9.00	5.95	55.67	93622.95	1853	0	BartonZwiebach	
6605	0:26:43	1/1/2019 	1597118	69.00	9.00	5.97	55.67	93622.95	1850	0	BartonZwiebach	
6606	0:26:43	1/1/2019 	1597153	68.00	10.00	5.96	55.67	93622.95	3832	0	BartonZwiebach	
6607	0:26:43	1/1/2019 	1597688	70.00	9.00	5.98	55.67	93622.59	49793	0	BartonZwiebach	
6608	0:26:44	1/1/2019 	1597847	65.00	9.00	5.92	55.67	93622.59	1849	0	BartonZwiebach	
6609	0:26:44	1/1/2019 	1597867	67.00	9.00	5.94	55.67	93622.59	1850	0	BartonZwiebach	
6610	0:26:44	1/1/2019 	1598127	208.00	10.00	9.50	55.67	93622.42	1848	0	BartonZwiebach	
6611	0:26:44	1/1/2019 	1598136	65.00	9.00	5.92	55.67	93622.42	1851	0	BartonZwiebach	
6612	0:26:44	1/1/2019 	1598180	66.00	9.00	5.93	55.67	93622.42	3833	0	BartonZwiebach	
6613	0:26:44	1/1/2019 	1598188	72.00	9.00	6.01	55.67	93622.42	1848	0	BartonZwiebach	
6614	0:26:44	1/1/2019 	1598285	78.00	9.00	6.10	55.67	93622.42	1849	0	BartonZwiebach	
6615	0:26:44	1/1/2019 	1598310	65.00	9.00	5.92	55.67	93622.42	1849	0	BartonZwiebach	
6616	0:26:44	1/1/2019 	1598332	64.00	10.00	5.92	55.67	93622.42	1849	0	BartonZwiebach	
6617	0:26:44	1/1/2019 	1598335	69.00	10.00	5.97	55.67	93622.42	1848	0	BartonZwiebach	
6618	0:26:44	1/1/2019 	1598406	67.00	9.00	5.94	55.67	93622.42	3833	0	BartonZwiebach	
6619	0:26:45	1/1/2019 	1598861	71.00	9.00	5.99	55.67	93622.25	49792	0	BartonZwiebach	
6620	0:26:45	1/1/2019 	1599056	66.00	10.00	5.94	55.67	93621.72	1851	0	BartonZwiebach	
6621	0:26:45	1/1/2019 	1599243	65.00	9.00	5.92	55.67	93621.72	1849	0	BartonZwiebach	
6622	0:26:45	1/1/2019 	1599484	71.00	10.00	5.99	55.67	93621.38	1848	0	BartonZwiebach	
6623	0:26:45	1/1/2019 	1599641	70.00	10.00	5.98	55.67	93621.38	51777	0	BartonZwiebach	
6624	0:26:45	1/1/2019 	1599648	72.00	9.00	6.01	55.67	93621.38	2799	0	BartonZwiebach	
6625	0:26:45	1/1/2019 	1599659	66.00	9.00	5.93	55.67	93621.38	1849	0	BartonZwiebach	
6626	0:26:45	1/1/2019 	1599661	67.00	8.00	5.94	55.67	93621.38	1849	0	BartonZwiebach	
6627	0:26:45	1/1/2019 	1599694	66.00	10.00	5.94	55.67	93621.38	1847	0	BartonZwiebach	
6628	0:26:45	1/1/2019 	1599778	69.00	9.00	5.97	55.67	93621.38	1849	0	BartonZwiebach	
6629	0:26:46	1/1/2019 	1599793	65.00	9.00	5.92	55.67	93621.38	3972	0	BartonZwiebach	
6630	0:26:46	1/1/2019 	1599924	124.00	9.00	7.27	55.67	93621.20	1849	0	BartonZwiebach	
6631	0:26:46	1/1/2019 	1599929	76.00	9.00	6.07	55.67	93621.20	1849	0	BartonZwiebach	
6632	0:26:46	1/1/2019 	1600010	66.00	8.00	5.93	55.67	93621.20	1848	0	BartonZwiebach	
6633	0:26:46	1/1/2019 	1600084	77.00	9.00	6.08	55.67	93621.20	1847	0	BartonZwiebach	
6634	0:26:46	1/1/2019 	1600145	371.00	17.00	12.26	55.67	93621.20	1849	0	BartonZwiebach	
6635	0:26:46	1/1/2019 	1600214	64.00	9.00	5.92	55.67	93621.20	3835	0	BartonZwiebach	
6636	0:26:46	1/1/2019 	1600342	234.00	10.00	10.04	55.67	93621.20	1848	0	BartonZwiebach	
6637	0:26:46	1/1/2019 	1600422	72.00	9.00	6.01	55.67	93620.70	1850	0	BartonZwiebach	
6638	0:26:47	1/1/2019 	1600807	73.00	9.00	6.02	55.67	93620.70	49793	0	BartonZwiebach	
6639	0:26:47	1/1/2019 	1600838	67.00	9.00	5.94	55.67	93620.70	1849	0	BartonZwiebach	
6640	0:26:47	1/1/2019 	1600936	72.00	9.00	6.01	55.67	93620.36	1850	0	BartonZwiebach	
6641	0:26:47	1/1/2019 	1600943	948.00	143.00	38.14	55.67	93620.36	3833	0	BartonZwiebach	
6642	0:26:47	1/1/2019 	1600962	65.00	9.00	5.92	55.67	93620.36	1850	0	BartonZwiebach	
6643	0:26:47	1/1/2019 	1600969	78.00	10.00	6.10	55.67	93620.36	1849	0	BartonZwiebach	
6644	0:26:47	1/1/2019 	1601023	150.00	10.00	8.03	55.67	93620.36	1850	0	BartonZwiebach	
6645	0:26:47	1/1/2019 	1601045	68.00	10.00	5.96	55.67	93620.36	1849	0	BartonZwiebach	
6646	0:26:47	1/1/2019 	1601143	124.00	10.00	7.27	55.67	93620.36	1849	0	BartonZwiebach	
6647	0:26:47	1/1/2019 	1601172	92.00	10.00	6.40	55.67	93620.36	3834	0	BartonZwiebach	
6648	0:26:47	1/1/2019 	1601365	69.00	10.00	5.97	55.67	93620.19	1850	0	BartonZwiebach	
6649	0:26:47	1/1/2019 	1601477	67.00	9.00	5.94	55.67	93620.19	1850	0	BartonZwiebach	
6650	0:26:47	1/1/2019 	1601560	418.00	12.00	12.51	55.67	93620.19	49793	0	BartonZwiebach	
6651	0:26:48	1/1/2019 	1601848	78.00	9.00	6.10	55.66	93619.69	1848	0	BartonZwiebach	
6652	0:26:48	1/1/2019 	1601928	66.00	9.00	5.93	55.66	93619.69	1850	0	BartonZwiebach	
6653	0:26:48	1/1/2019 	1602033	65.00	9.00	5.92	55.66	93619.69	3833	0	BartonZwiebach	
6654	0:26:48	1/1/2019 	1602086	81.00	9.00	6.16	55.66	93619.69	1849	0	BartonZwiebach	
6655	0:26:48	1/1/2019 	1602130	68.00	9.00	5.95	55.66	93619.69	1849	0	BartonZwiebach	
6656	0:26:48	1/1/2019 	1602146	70.00	10.00	5.98	55.66	93619.69	1848	0	BartonZwiebach	
6657	0:26:48	1/1/2019 	1602328	77.00	10.00	6.08	55.66	93619.34	1849	0	BartonZwiebach	
6658	0:26:48	1/1/2019 	1602385	66.00	10.00	5.94	55.66	93619.34	1849	0	BartonZwiebach	
6659	0:26:48	1/1/2019 	1602394	67.00	9.00	5.94	55.66	93619.34	3833	0	BartonZwiebach	
6660	0:26:48	1/1/2019 	1602400	983.00	413.00	76.23	55.66	93619.34	1850	0	BartonZwiebach	
6661	0:26:48	1/1/2019 	1602456	65.00	10.00	5.93	55.66	93619.34	1850	0	BartonZwiebach	
6662	0:26:48	1/1/2019 	1602617	67.00	9.00	5.94	55.66	93619.34	49792	0	BartonZwiebach	
6663	0:26:48	1/1/2019 	1602700	67.00	9.00	5.94	55.66	93619.34	1848	0	BartonZwiebach	
6664	0:26:49	1/1/2019 	1602826	66.00	9.00	5.93	55.66	93618.64	1849	0	BartonZwiebach	
6665	0:26:49	1/1/2019 	1602848	213.00	10.00	9.61	55.66	93618.64	3834	0	BartonZwiebach	
6666	0:26:49	1/1/2019 	1602887	574.00	19.00	14.83	55.66	93618.64	1850	0	BartonZwiebach	
6667	0:26:49	1/1/2019 	1602969	662.00	26.00	18.06	55.66	93618.64	1851	0	BartonZwiebach	
6668	0:26:49	1/1/2019 	1603105	251.00	11.00	10.37	55.66	93618.64	1851	0	BartonZwiebach	
6669	0:26:49	1/1/2019 	1603284	73.00	9.00	6.02	55.66	93618.48	1850	0	BartonZwiebach	
6670	0:26:49	1/1/2019 	1603339	65.00	9.00	5.92	55.66	93618.48	1848	0	BartonZwiebach	
6671	0:26:49	1/1/2019 	1603379	66.00	10.00	5.94	55.66	93618.48	3833	0	BartonZwiebach	
6672	0:26:49	1/1/2019 	1603740	521.00	14.00	13.56	55.66	93618.48	49792	0	BartonZwiebach	
6673	0:26:50	1/1/2019 	1604023	68.00	9.00	5.95	55.66	93618.12	1853	0	BartonZwiebach	
6674	0:26:50	1/1/2019 	1604042	73.00	10.00	6.02	55.66	93618.12	1856	0	BartonZwiebach	
6675	0:26:50	1/1/2019 	1604114	77.00	10.00	6.08	55.66	93618.12	1856	0	BartonZwiebach	
6676	0:26:50	1/1/2019 	1604200	72.00	9.00	6.01	55.66	93618.12	3894	0	BartonZwiebach	
6677	0:26:50	1/1/2019 	1604343	65.00	9.00	5.92	55.66	93617.45	1853	0	BartonZwiebach	
6678	0:26:50	1/1/2019 	1604612	73.00	10.00	6.02	55.66	93617.45	49791	0	BartonZwiebach	
6679	0:26:50	1/1/2019 	1604706	70.00	9.00	5.98	55.66	93617.45	1849	0	BartonZwiebach	
6680	0:26:51	1/1/2019 	1604841	63.00	10.00	5.91	55.66	93617.28	1849	0	BartonZwiebach	
6681	0:26:51	1/1/2019 	1604904	67.00	9.00	5.94	55.66	93617.28	1850	0	BartonZwiebach	
6682	0:26:51	1/1/2019 	1605065	73.00	10.00	6.02	55.66	93617.28	3833	0	BartonZwiebach	
6683	0:26:51	1/1/2019 	1605068	573.00	18.00	14.72	55.66	93617.28	1849	0	BartonZwiebach	
6684	0:26:51	1/1/2019 	1605432	694.00	30.00	19.38	55.66	93617.11	1850	0	BartonZwiebach	
6685	0:26:51	1/1/2019 	1605709	70.00	10.00	5.98	55.66	93616.41	49795	0	BartonZwiebach	
6686	0:26:52	1/1/2019 	1605915	76.00	10.00	6.07	55.66	93616.41	1850	0	BartonZwiebach	
6687	0:26:52	1/1/2019 	1606044	68.00	10.00	5.96	55.66	93616.41	1850	0	BartonZwiebach	
6688	0:26:52	1/1/2019 	1606183	971.00	255.00	50.81	55.66	93616.41	3834	0	BartonZwiebach	
6689	0:26:52	1/1/2019 	1606219	471.00	14.00	13.07	55.66	93616.23	1850	0	BartonZwiebach	
6690	0:26:52	1/1/2019 	1606470	138.00	10.00	7.68	55.66	93616.23	1851	0	BartonZwiebach	
6691	0:26:52	1/1/2019 	1606665	66.00	9.00	5.93	55.66	93616.23	49793	0	BartonZwiebach	
6692	0:26:52	1/1/2019 	1606704	142.00	13.00	7.81	55.65	93615.56	1849	0	BartonZwiebach	
6693	0:26:53	1/1/2019 	1606810	67.00	10.00	5.95	55.65	93615.56	1851	0	BartonZwiebach	
6694	0:26:53	1/1/2019 	1606817	69.00	9.00	5.97	55.65	93615.56	3834	0	BartonZwiebach	
6695	0:26:53	1/1/2019 	1606870	68.00	10.00	5.96	55.65	93615.56	1849	0	BartonZwiebach	
6696	0:26:53	1/1/2019 	1607372	78.00	10.00	6.10	55.65	93615.39	1849	0	BartonZwiebach	
6697	0:26:53	1/1/2019 	1607430	299.00	11.00	11.14	55.65	93615.39	1851	0	BartonZwiebach	
6698	0:26:53	1/1/2019 	1607470	64.00	9.00	5.92	55.65	93615.39	1851	0	BartonZwiebach	
6699	0:26:53	1/1/2019 	1607585	66.00	10.00	5.94	55.65	93615.39	49792	0	BartonZwiebach	
6700	0:26:53	1/1/2019 	1607679	75.00	10.00	6.05	55.65	93614.69	3834	0	BartonZwiebach	
6701	0:26:53	1/1/2019 	1607690	85.00	10.00	6.24	55.65	93614.69	1850	0	BartonZwiebach	
6702	0:26:54	1/1/2019 	1607855	66.00	9.00	5.93	55.65	93614.69	1849	0	BartonZwiebach	
6703	0:26:54	1/1/2019 	1607864	897.00	56.00	23.27	55.65	93614.69	1849	0	BartonZwiebach	
6704	0:26:54	1/1/2019 	1607910	808.00	48.00	22.31	55.65	93614.69	1851	0	BartonZwiebach	
6705	0:26:54	1/1/2019 	1607975	68.00	10.00	5.96	55.65	93614.69	1850	0	BartonZwiebach	
6706	0:26:54	1/1/2019 	1608434	71.00	9.00	5.99	55.65	93614.34	3833	0	BartonZwiebach	
6707	0:26:55	1/1/2019 	1608795	97.00	9.00	6.52	55.65	93614.17	49793	0	BartonZwiebach	
6708	0:26:55	1/1/2019 	1608829	92.00	9.00	6.39	55.65	93614.17	1849	0	BartonZwiebach	
6709	0:26:55	1/1/2019 	1609017	70.00	9.00	5.98	55.65	93614.17	1849	0	BartonZwiebach	
6710	0:26:55	1/1/2019 	1609082	70.00	10.00	5.98	55.65	93614.17	1849	0	BartonZwiebach	
6711	0:26:55	1/1/2019 	1609102	413.00	18.00	12.74	55.65	93613.67	1850	0	BartonZwiebach	
6712	0:26:55	1/1/2019 	1609273	69.00	9.00	5.97	55.65	93613.67	3835	0	BartonZwiebach	
6713	0:26:55	1/1/2019 	1609386	64.00	10.00	5.92	55.65	93613.67	1850	0	BartonZwiebach	
6714	0:26:55	1/1/2019 	1609479	69.00	9.00	5.97	55.65	93613.67	1848	0	BartonZwiebach	
6715	0:26:55	1/1/2019 	1609777	66.00	9.00	5.93	55.65	93613.33	49792	0	BartonZwiebach	
6716	0:26:56	1/1/2019 	1610017	354.00	12.00	11.88	55.65	93613.33	2799	0	BartonZwiebach	
6717	0:26:56	1/1/2019 	1610076	64.00	9.00	5.92	55.65	93612.66	4028	0	BartonZwiebach	
6718	0:26:56	1/1/2019 	1610102	68.00	9.00	5.95	55.65	93612.66	1847	0	BartonZwiebach	
6719	0:26:56	1/1/2019 	1610146	76.00	10.00	6.07	55.65	93612.66	1849	0	BartonZwiebach	
6720	0:26:56	1/1/2019 	1610243	69.00	9.00	5.97	55.65	93612.66	1849	0	BartonZwiebach	
6721	0:26:56	1/1/2019 	1610383	69.00	9.00	5.97	55.65	93612.66	1850	0	BartonZwiebach	
6722	0:26:56	1/1/2019 	1610392	64.00	9.00	5.92	55.65	93612.66	1849	0	BartonZwiebach	
6723	0:26:57	1/1/2019 	1611098	65.00	9.00	5.92	55.65	93612.14	51775	0	BartonZwiebach	
6724	0:26:57	1/1/2019 	1611123	62.00	9.00	5.90	55.65	93612.14	1850	0	BartonZwiebach	
6725	0:26:57	1/1/2019 	1611269	80.00	10.00	6.14	55.65	93612.14	1849	0	BartonZwiebach	
6726	0:26:57	1/1/2019 	1611294	394.00	19.00	12.58	55.65	93612.14	1850	0	BartonZwiebach	
6727	0:26:57	1/1/2019 	1611387	72.00	9.00	6.01	55.65	93612.14	1850	0	BartonZwiebach	
6728	0:26:57	1/1/2019 	1611398	65.00	10.00	5.93	55.65	93612.14	1849	0	BartonZwiebach	
6729	0:26:57	1/1/2019 	1611483	67.00	9.00	5.94	55.65	93612.14	3833	0	BartonZwiebach	
6730	0:26:57	1/1/2019 	1611498	66.00	9.00	5.93	55.65	93612.14	1849	0	BartonZwiebach	
6731	0:26:57	1/1/2019 	1611738	183.00	10.00	8.91	55.64	93611.61	49792	0	BartonZwiebach	
6732	0:26:58	1/1/2019 	1611782	66.00	10.00	5.94	55.64	93611.61	1850	0	BartonZwiebach	
6733	0:26:58	1/1/2019 	1612133	79.00	9.00	6.12	55.64	93611.27	1850	0	BartonZwiebach	
6734	0:26:58	1/1/2019 	1612252	66.00	10.00	5.94	55.64	93611.27	1848	0	BartonZwiebach	
6735	0:26:58	1/1/2019 	1612343	68.00	10.00	5.96	55.64	93611.27	3834	0	BartonZwiebach	
6736	0:26:58	1/1/2019 	1612350	63.00	9.00	5.91	55.64	93611.27	1849	0	BartonZwiebach	
6737	0:26:58	1/1/2019 	1612472	70.00	9.00	5.98	55.64	93611.27	1849	0	BartonZwiebach	
6738	0:26:58	1/1/2019 	1612555	131.00	10.00	7.48	55.64	93611.09	49792	0	BartonZwiebach	
6739	0:26:58	1/1/2019 	1612709	590.00	28.00	15.87	55.64	93611.09	1850	0	BartonZwiebach	
6740	0:26:58	1/1/2019 	1612761	144.00	10.00	7.85	55.64	93611.09	1851	0	BartonZwiebach	
6741	0:26:59	1/1/2019 	1613015	72.00	9.00	6.01	55.64	93610.57	3835	0	BartonZwiebach	
6742	0:26:59	1/1/2019 	1613235	70.00	9.00	5.98	55.64	93610.57	1850	0	BartonZwiebach	
6743	0:26:59	1/1/2019 	1613342	115.00	10.00	7.01	55.64	93610.57	1849	0	BartonZwiebach	
6744	0:26:59	1/1/2019 	1613683	66.00	9.00	5.93	55.64	93610.39	49792	0	BartonZwiebach	
6745	0:26:59	1/1/2019 	1613716	287.00	13.00	11.01	55.64	93610.39	1850	0	BartonZwiebach	
6746	0:27:00	1/1/2019 	1613846	945.00	118.00	33.54	55.64	93610.39	1850	0	BartonZwiebach	
6747	0:27:00	1/1/2019 	1614071	64.00	9.00	5.92	55.64	93610.22	3835	0	BartonZwiebach	
6748	0:27:00	1/1/2019 	1614126	570.00	16.00	14.47	55.64	93610.22	1848	0	BartonZwiebach	
6749	0:27:00	1/1/2019 	1614192	69.00	9.00	5.97	55.64	93610.22	1848	0	BartonZwiebach	
6750	0:27:00	1/1/2019 	1614283	75.00	10.00	6.05	55.64	93610.22	1849	0	BartonZwiebach	
6751	0:27:00	1/1/2019 	1614488	96.00	10.00	6.49	55.64	93609.55	1848	0	BartonZwiebach	
6752	0:27:00	1/1/2019 	1614553	190.00	9.00	9.08	55.64	93609.55	49791	0	BartonZwiebach	
6753	0:27:00	1/1/2019 	1614629	321.00	14.00	11.53	55.64	93609.55	3835	0	BartonZwiebach	
6754	0:27:00	1/1/2019 	1614680	972.00	109.00	31.78	55.64	93609.55	1850	0	BartonZwiebach	
6755	0:27:01	1/1/2019 	1614792	62.00	9.00	5.90	55.64	93609.55	1851	0	BartonZwiebach	
6756	0:27:01	1/1/2019 	1614814	64.00	9.00	5.92	55.64	93609.55	1850	0	BartonZwiebach	
6757	0:27:01	1/1/2019 	1614820	211.00	11.00	9.58	55.64	93609.55	1848	0	BartonZwiebach	
6758	0:27:01	1/1/2019 	1615249	66.00	12.00	5.94	55.64	93609.20	1850	0	BartonZwiebach	
6759	0:27:01	1/1/2019 	1615387	74.00	9.00	6.03	55.64	93609.20	3834	0	BartonZwiebach	
6760	0:27:01	1/1/2019 	1615411	66.00	9.00	5.93	55.64	93608.51	1849	0	BartonZwiebach	
6761	0:27:01	1/1/2019 	1615617	142.00	10.00	7.80	55.64	93608.51	49794	0	BartonZwiebach	
6762	0:27:01	1/1/2019 	1615741	66.00	9.00	5.93	55.64	93608.51	1850	0	BartonZwiebach	
6763	0:27:02	1/1/2019 	1615834	159.00	10.00	8.28	55.64	93608.51	1848	0	BartonZwiebach	
6764	0:27:02	1/1/2019 	1615900	71.00	9.00	5.99	55.64	93608.34	3835	0	BartonZwiebach	
6765	0:27:02	1/1/2019 	1616095	113.00	10.00	6.95	55.64	93608.34	1849	0	BartonZwiebach	
6766	0:27:02	1/1/2019 	1616112	270.00	11.00	10.69	55.64	93608.34	1851	0	BartonZwiebach	
6767	0:27:02	1/1/2019 	1616171	74.00	10.00	6.04	55.64	93608.34	1851	0	BartonZwiebach	
6768	0:27:02	1/1/2019 	1616388	68.00	9.00	5.95	55.64	93607.98	1849	0	BartonZwiebach	
6769	0:27:02	1/1/2019 	1616435	77.00	9.00	6.08	55.64	93607.98	1848	0	BartonZwiebach	
6770	0:27:02	1/1/2019 	1616452	92.00	10.00	6.40	55.64	93607.98	3909	0	BartonZwiebach	
6771	0:27:02	1/1/2019 	1616562	64.00	10.00	5.92	55.64	93607.98	49792	0	BartonZwiebach	
6772	0:27:02	1/1/2019 	1616575	84.00	9.00	6.22	55.64	93607.98	1850	0	BartonZwiebach	
6773	0:27:03	1/1/2019 	1616904	966.00	102.00	30.42	55.63	93607.31	1850	0	BartonZwiebach	
6774	0:27:03	1/1/2019 	1616955	63.00	9.00	5.91	55.63	93607.31	1851	0	BartonZwiebach	
6775	0:27:03	1/1/2019 	1616969	73.00	9.00	6.02	55.63	93607.31	1849	0	BartonZwiebach	
6776	0:27:03	1/1/2019 	1617085	73.00	9.00	6.02	55.63	93607.31	3854	0	BartonZwiebach	
6777	0:27:03	1/1/2019 	1617096	67.00	10.00	5.95	55.63	93607.31	1850	0	BartonZwiebach	
6778	0:27:03	1/1/2019 	1617171	72.00	10.00	6.01	55.63	93607.31	1850	0	BartonZwiebach	
6779	0:27:03	1/1/2019 	1617192	69.00	9.00	5.97	55.63	93607.31	1849	0	BartonZwiebach	
6780	0:27:03	1/1/2019 	1617230	68.00	10.00	5.96	55.63	93607.31	1848	0	BartonZwiebach	
6781	0:27:03	1/1/2019 	1617241	274.00	11.00	10.76	55.63	93607.31	1850	0	BartonZwiebach	
6782	0:27:03	1/1/2019 	1617247	65.00	9.00	5.92	55.63	93607.31	3856	0	BartonZwiebach	
6783	0:27:03	1/1/2019 	1617300	67.00	9.00	5.94	55.63	93607.31	1849	0	BartonZwiebach	
6784	0:27:03	1/1/2019 	1617371	77.00	10.00	6.08	55.63	93606.97	1849	0	BartonZwiebach	
6785	0:27:03	1/1/2019 	1617624	116.00	11.00	7.04	55.63	93606.97	49791	0	BartonZwiebach	
6786	0:27:03	1/1/2019 	1617647	66.00	10.00	5.94	55.63	93606.97	1851	0	BartonZwiebach	
6787	0:27:03	1/1/2019 	1617726	67.00	9.00	5.94	55.63	93606.97	1849	0	BartonZwiebach	
6788	0:27:04	1/1/2019 	1617902	551.00	16.00	14.14	55.63	93606.80	3855	0	BartonZwiebach	
6789	0:27:04	1/1/2019 	1618229	74.00	10.00	6.04	55.63	93606.80	1850	0	BartonZwiebach	
6790	0:27:04	1/1/2019 	1618360	71.00	10.00	5.99	55.63	93606.30	1850	0	BartonZwiebach	
6791	0:27:04	1/1/2019 	1618391	65.00	10.00	5.93	55.63	93606.30	1849	0	BartonZwiebach	
6792	0:27:05	1/1/2019 	1618802	191.00	10.00	9.11	55.63	93605.95	49794	0	BartonZwiebach	
6793	0:27:05	1/1/2019 	1618848	68.00	10.00	5.96	55.63	93605.95	1852	0	BartonZwiebach	
6794	0:27:05	1/1/2019 	1618887	78.00	10.00	6.10	55.63	93605.95	3855	0	BartonZwiebach	
6795	0:27:05	1/1/2019 	1618935	80.00	9.00	6.14	55.63	93605.95	1850	0	BartonZwiebach	
6796	0:27:05	1/1/2019 	1619106	162.00	10.00	8.36	55.63	93605.95	1849	0	BartonZwiebach	
6797	0:27:05	1/1/2019 	1619278	66.00	10.00	5.94	55.63	93605.95	1849	0	BartonZwiebach	
6798	0:27:05	1/1/2019 	1619440	67.00	9.00	5.94	55.63	93605.25	1849	0	BartonZwiebach	
6799	0:27:05	1/1/2019 	1619731	460.00	23.00	13.39	55.63	93605.25	49793	0	BartonZwiebach	
6800	0:27:06	1/1/2019 	1619803	63.00	9.00	5.91	55.63	93604.91	4952	0	BartonZwiebach	
6801	0:27:06	1/1/2019 	1620036	70.00	9.00	5.98	55.63	93604.91	1850	0	BartonZwiebach	
6802	0:27:06	1/1/2019 	1620071	82.00	9.00	6.18	55.63	93604.91	1848	0	BartonZwiebach	
6803	0:27:06	1/1/2019 	1620081	73.00	10.00	6.02	55.63	93604.91	1848	0	BartonZwiebach	
6804	0:27:06	1/1/2019 	1620114	69.00	9.00	5.97	55.63	93604.91	1850	0	BartonZwiebach	
6805	0:27:06	1/1/2019 	1620165	64.00	9.00	5.92	55.63	93604.91	1849	0	BartonZwiebach	
6806	0:27:06	1/1/2019 	1620430	391.00	19.00	12.55	55.63	93604.23	3829	0	BartonZwiebach	
6807	0:27:06	1/1/2019 	1620495	88.00	9.00	6.30	55.63	93604.23	1850	0	BartonZwiebach	
6808	0:27:06	1/1/2019 	1620632	74.00	9.00	6.03	55.63	93604.23	49793	0	BartonZwiebach	
6809	0:27:07	1/1/2019 	1620793	65.00	10.00	5.93	55.63	93603.89	1850	0	BartonZwiebach	
6810	0:27:07	1/1/2019 	1621065	324.00	14.00	11.57	55.63	93603.89	1851	0	BartonZwiebach	
6811	0:27:07	1/1/2019 	1621214	167.00	10.00	8.50	55.63	93603.89	3803	0	BartonZwiebach	
6812	0:27:07	1/1/2019 	1621265	122.00	10.00	7.21	55.63	93603.55	1850	0	BartonZwiebach	
6813	0:27:07	1/1/2019 	1621563	65.00	9.00	5.92	55.63	93603.55	49792	0	BartonZwiebach	
6814	0:27:07	1/1/2019 	1621592	66.00	9.00	5.93	55.63	93603.55	1850	0	BartonZwiebach	
6815	0:27:07	1/1/2019 	1621594	148.00	10.00	7.97	55.63	93603.55	1850	0	BartonZwiebach	
6816	0:27:08	1/1/2019 	1621797	64.00	10.00	5.92	55.62	93602.84	1850	0	BartonZwiebach	
6817	0:27:08	1/1/2019 	1621859	72.00	9.00	6.01	55.62	93602.84	6284	0	BartonZwiebach	
6818	0:27:08	1/1/2019 	1622137	70.00	9.00	5.98	55.62	93602.84	1850	0	BartonZwiebach	
6819	0:27:08	1/1/2019 	1622261	73.00	9.00	6.02	55.62	93602.33	1854	0	BartonZwiebach	
6820	0:27:08	1/1/2019 	1622464	64.00	9.00	5.92	55.62	93602.33	1849	0	BartonZwiebach	
6821	0:27:08	1/1/2019 	1622469	70.00	10.00	5.98	55.62	93602.33	1848	0	BartonZwiebach	
6822	0:27:09	1/1/2019 	1623096	64.00	9.00	5.92	55.62	93601.98	49792	0	BartonZwiebach	
6823	0:27:09	1/1/2019 	1623174	66.00	9.00	5.93	55.62	93601.45	3829	0	BartonZwiebach	
6824	0:27:09	1/1/2019 	1623565	142.00	9.00	7.79	55.62	93601.45	49791	0	BartonZwiebach	
6825	0:27:09	1/1/2019 	1623776	75.00	9.00	6.05	55.62	93601.11	1849	0	BartonZwiebach	
6826	0:27:10	1/1/2019 	1623856	74.00	10.00	6.04	55.62	93601.11	1848	0	BartonZwiebach	
6827	0:27:10	1/1/2019 	1623860	70.00	9.00	5.98	55.62	93601.11	1850	0	BartonZwiebach	
6828	0:27:10	1/1/2019 	1623980	70.00	9.00	5.98	55.62	93601.11	1849	0	BartonZwiebach	
6829	0:27:10	1/1/2019 	1624195	72.00	10.00	6.01	55.62	93600.59	3833	0	BartonZwiebach	
6830	0:27:10	1/1/2019 	1624340	80.00	9.00	6.14	55.62	93600.59	1850	0	BartonZwiebach	
6831	0:27:10	1/1/2019 	1624714	492.00	15.00	13.32	55.62	93599.77	49793	0	BartonZwiebach	
6832	0:27:11	1/1/2019 	1624932	68.00	5.00	5.95	55.62	93599.77	1850	0	BartonZwiebach	
6833	0:27:11	1/1/2019 	1625114	65.00	10.00	5.93	55.62	93599.42	1851	0	BartonZwiebach	
6834	0:27:11	1/1/2019 	1625160	66.00	9.00	5.93	55.62	93599.42	1849	0	BartonZwiebach	
6835	0:27:11	1/1/2019 	1625367	65.00	9.00	5.92	55.62	93599.42	3833	0	BartonZwiebach	
6836	0:27:11	1/1/2019 	1625427	65.00	9.00	5.92	55.62	93599.42	1849	0	BartonZwiebach	
6837	0:27:11	1/1/2019 	1625486	69.00	9.00	5.97	55.62	93599.42	1849	0	BartonZwiebach	
6838	0:27:11	1/1/2019 	1625587	82.00	9.00	6.18	55.62	93599.42	49790	0	BartonZwiebach	
6839	0:27:11	1/1/2019 	1625600	65.00	10.00	5.93	55.62	93598.91	1850	0	BartonZwiebach	
6840	0:27:11	1/1/2019 	1625707	64.00	10.00	5.92	55.62	93598.91	1849	0	BartonZwiebach	
6841	0:27:12	1/1/2019 	1625820	210.00	11.00	9.56	55.62	93598.91	3833	0	BartonZwiebach	
6842	0:27:12	1/1/2019 	1625898	953.00	179.00	43.24	55.62	93598.91	1852	0	BartonZwiebach	
6843	0:27:12	1/1/2019 	1625910	69.00	12.00	5.97	55.62	93598.91	1850	0	BartonZwiebach	
6844	0:27:12	1/1/2019 	1626058	70.00	9.00	5.98	55.62	93598.91	1848	0	BartonZwiebach	
6845	0:27:12	1/1/2019 	1626207	67.00	9.00	5.94	55.62	93598.73	1848	0	BartonZwiebach	
6846	0:27:12	1/1/2019 	1626422	67.00	9.00	5.94	55.62	93598.73	1849	0	BartonZwiebach	
6847	0:27:13	1/1/2019 	1626828	68.00	9.00	5.95	55.61	93598.03	51776	0	BartonZwiebach	
6848	0:27:13	1/1/2019 	1627068	917.00	72.00	25.26	55.61	93597.86	1851	0	BartonZwiebach	
6849	0:27:13	1/1/2019 	1627114	64.00	9.00	5.92	55.61	93597.86	1851	0	BartonZwiebach	
6850	0:27:13	1/1/2019 	1627607	69.00	9.00	5.97	55.61	93597.36	49791	0	BartonZwiebach	
6851	0:27:13	1/1/2019 	1627637	67.00	9.00	5.94	55.61	93597.36	1850	0	BartonZwiebach	
6852	0:27:13	1/1/2019 	1627649	67.00	9.00	5.94	55.61	93597.36	1849	0	BartonZwiebach	
6853	0:27:14	1/1/2019 	1627810	73.00	9.00	6.02	55.61	93597.36	3832	0	BartonZwiebach	
6854	0:27:14	1/1/2019 	1627901	69.00	9.00	5.97	55.61	93597.36	1850	0	BartonZwiebach	
6855	0:27:14	1/1/2019 	1628016	78.00	10.00	6.10	55.61	93597.02	1849	0	BartonZwiebach	
6856	0:27:14	1/1/2019 	1628121	70.00	10.00	5.98	55.61	93597.02	1850	0	BartonZwiebach	
6857	0:27:14	1/1/2019 	1628466	65.00	9.00	5.92	55.61	93597.02	1849	0	BartonZwiebach	
6858	0:27:14	1/1/2019 	1628619	69.00	10.00	5.97	55.61	93596.50	49794	0	BartonZwiebach	
6859	0:27:15	1/1/2019 	1628944	943.00	126.00	35.08	55.61	93596.50	3835	0	BartonZwiebach	
6860	0:27:15	1/1/2019 	1629428	65.00	9.00	5.92	55.61	93595.80	1851	0	BartonZwiebach	
6861	0:27:16	1/1/2019 	1629870	70.00	9.00	5.98	55.61	93595.45	49793	0	BartonZwiebach	
6862	0:27:16	1/1/2019 	1629996	65.00	10.00	5.93	55.61	93594.75	2604	0	BartonZwiebach	
6863	0:27:16	1/1/2019 	1630003	67.00	10.00	5.95	55.61	93594.75	1849	0	BartonZwiebach	
6864	0:27:16	1/1/2019 	1630438	66.00	9.00	5.93	55.61	93594.75	1849	0	BartonZwiebach	
6865	0:27:16	1/1/2019 	1630620	65.00	9.00	5.92	55.61	93594.58	51916	0	BartonZwiebach	
6866	0:27:16	1/1/2019 	1630673	181.00	10.00	8.86	55.61	93594.58	1849	0	BartonZwiebach	
6867	0:27:17	1/1/2019 	1630805	72.00	9.00	6.01	55.61	93594.58	1850	0	BartonZwiebach	
6868	0:27:17	1/1/2019 	1630904	65.00	10.00	5.93	55.61	93594.58	1850	0	BartonZwiebach	
6869	0:27:17	1/1/2019 	1630971	72.00	12.00	6.01	55.60	93593.77	1848	0	BartonZwiebach	
6870	0:27:17	1/1/2019 	1630978	216.00	11.00	9.69	55.60	93593.77	3834	0	BartonZwiebach	
6871	0:27:17	1/1/2019 	1631236	68.00	9.00	5.95	55.60	93593.77	1850	0	BartonZwiebach	
6872	0:27:17	1/1/2019 	1631320	66.00	9.00	5.93	55.60	93593.77	1849	0	BartonZwiebach	
6873	0:27:17	1/1/2019 	1631444	69.00	9.00	5.97	55.60	93593.59	1848	0	BartonZwiebach	
6874	0:27:17	1/1/2019 	1631648	71.00	9.00	5.99	55.60	93593.59	49791	0	BartonZwiebach	
6875	0:27:17	1/1/2019 	1631683	123.00	10.00	7.24	55.60	93593.59	1849	0	BartonZwiebach	
6876	0:27:17	1/1/2019 	1631770	72.00	10.00	6.01	55.60	93593.59	3833	0	BartonZwiebach	
6877	0:27:17	1/1/2019 	1631779	65.00	10.00	5.93	55.60	93593.59	1849	0	BartonZwiebach	
6878	0:27:18	1/1/2019 	1631986	282.00	13.00	10.93	55.60	93592.89	1849	0	BartonZwiebach	
6879	0:27:18	1/1/2019 	1632180	66.00	9.00	5.93	55.60	93592.89	1851	0	BartonZwiebach	
6880	0:27:18	1/1/2019 	1632268	166.00	10.00	8.47	55.60	93592.89	1850	0	BartonZwiebach	
6881	0:27:18	1/1/2019 	1632285	69.00	10.00	5.97	55.60	93592.89	1849	0	BartonZwiebach	
6882	0:27:18	1/1/2019 	1632368	65.00	9.00	5.92	55.60	93592.89	3834	0	BartonZwiebach	
6883	0:27:18	1/1/2019 	1632370	67.00	10.00	5.95	55.60	93592.89	1849	0	BartonZwiebach	
6884	0:27:18	1/1/2019 	1632421	65.00	9.00	5.92	55.60	93592.54	1849	0	BartonZwiebach	
6885	0:27:18	1/1/2019 	1632450	104.00	9.00	6.70	55.60	93592.54	1849	0	BartonZwiebach	
6886	0:27:18	1/1/2019 	1632693	184.00	9.00	8.93	55.60	93592.54	49792	0	BartonZwiebach	
6887	0:27:18	1/1/2019 	1632743	68.00	9.00	5.95	55.60	93592.54	1849	0	BartonZwiebach	
6888	0:27:19	1/1/2019 	1632968	553.00	25.00	14.77	55.60	93592.38	3836	0	BartonZwiebach	
6889	0:27:19	1/1/2019 	1633017	61.00	10.00	5.90	55.60	93592.38	1858	0	BartonZwiebach	
6890	0:27:19	1/1/2019 	1633098	65.00	9.00	5.92	55.60	93592.38	1856	0	BartonZwiebach	
6891	0:27:19	1/1/2019 	1633165	64.00	9.00	5.92	55.60	93592.38	1857	0	BartonZwiebach	
6892	0:27:19	1/1/2019 	1633268	153.00	10.00	8.11	55.60	93592.38	1855	0	BartonZwiebach	
6893	0:27:19	1/1/2019 	1633297	67.00	9.00	5.94	55.60	93592.38	1856	0	BartonZwiebach	
6894	0:27:19	1/1/2019 	1633415	78.00	10.00	6.10	55.60	93591.88	3894	0	BartonZwiebach	
6895	0:27:19	1/1/2019 	1633562	65.00	9.00	5.92	55.60	93591.88	49800	0	BartonZwiebach	
6896	0:27:19	1/1/2019 	1633608	80.00	9.00	6.14	55.60	93591.88	1855	0	BartonZwiebach	
6897	0:27:19	1/1/2019 	1633737	98.00	10.00	6.55	55.60	93591.88	1857	0	BartonZwiebach	
6898	0:27:20	1/1/2019 	1633841	73.00	13.00	6.02	55.60	93591.34	1853	0	BartonZwiebach	
6899	0:27:20	1/1/2019 	1633902	65.00	10.00	5.93	55.60	93591.34	1851	0	BartonZwiebach	
6900	0:27:20	1/1/2019 	1633933	71.00	9.00	5.99	55.60	93591.34	3834	0	BartonZwiebach	
6901	0:27:20	1/1/2019 	1633986	67.00	10.00	5.95	55.60	93591.34	1850	0	BartonZwiebach	
6902	0:27:20	1/1/2019 	1634199	83.00	10.00	6.20	55.60	93591.34	1849	0	BartonZwiebach	
6903	0:27:20	1/1/2019 	1634213	64.00	10.00	5.92	55.60	93591.34	1849	0	BartonZwiebach	
6904	0:27:20	1/1/2019 	1634326	98.00	9.00	6.54	55.60	93591.00	1847	0	BartonZwiebach	
6905	0:27:20	1/1/2019 	1634480	983.00	394.00	73.41	55.60	93591.00	1850	0	BartonZwiebach	
6906	0:27:20	1/1/2019 	1634764	63.00	10.00	5.91	55.60	93591.00	51787	0	BartonZwiebach	
6907	0:27:21	1/1/2019 	1634793	67.00	10.00	5.95	55.60	93591.00	1849	0	BartonZwiebach	
6908	0:27:21	1/1/2019 	1634856	66.00	9.00	5.93	55.59	93590.47	1850	0	BartonZwiebach	
6909	0:27:21	1/1/2019 	1634870	228.00	13.00	9.96	55.59	93590.47	1849	0	BartonZwiebach	
6910	0:27:21	1/1/2019 	1634922	68.00	9.00	5.95	55.59	93590.47	1850	0	BartonZwiebach	
6911	0:27:21	1/1/2019 	1635120	77.00	10.00	6.08	55.59	93590.47	1848	0	BartonZwiebach	
6912	0:27:21	1/1/2019 	1635178	69.00	10.00	5.97	55.59	93590.47	3832	0	BartonZwiebach	
6913	0:27:21	1/1/2019 	1635414	104.00	9.00	6.70	55.59	93590.30	1849	0	BartonZwiebach	
6914	0:27:21	1/1/2019 	1635624	70.00	9.00	5.98	55.59	93590.30	49792	0	BartonZwiebach	
6915	0:27:21	1/1/2019 	1635689	918.00	71.00	25.12	55.59	93590.30	1849	0	BartonZwiebach	
6916	0:27:21	1/1/2019 	1635733	65.00	10.00	5.93	55.59	93590.30	1850	0	BartonZwiebach	
6917	0:27:22	1/1/2019 	1635978	101.00	10.00	6.62	55.59	93589.80	1849	0	BartonZwiebach	
6918	0:27:22	1/1/2019 	1636146	471.00	14.00	13.07	55.59	93589.80	3836	0	BartonZwiebach	
6919	0:27:22	1/1/2019 	1636225	68.00	9.00	5.95	55.59	93589.80	1850	0	BartonZwiebach	
6920	0:27:22	1/1/2019 	1636267	66.00	10.00	5.94	55.59	93589.62	1851	0	BartonZwiebach	
6921	0:27:22	1/1/2019 	1636292	66.00	10.00	5.94	55.59	93589.62	1857	0	BartonZwiebach	
6922	0:27:22	1/1/2019 	1636393	67.00	10.00	5.95	55.59	93589.62	1856	0	BartonZwiebach	
6923	0:27:22	1/1/2019 	1636415	637.00	22.00	16.82	55.59	93589.62	3841	0	BartonZwiebach	
6924	0:27:22	1/1/2019 	1636459	66.00	10.00	5.94	55.59	93589.62	1856	0	BartonZwiebach	
6925	0:27:22	1/1/2019 	1636746	64.00	9.00	5.92	55.59	93589.30	49798	0	BartonZwiebach	
6926	0:27:23	1/1/2019 	1636787	974.00	157.00	40.36	55.59	93589.30	1849	0	BartonZwiebach	
6927	0:27:23	1/1/2019 	1636926	87.00	10.00	6.28	55.59	93589.30	1853	0	BartonZwiebach	
6928	0:27:23	1/1/2019 	1636975	68.00	10.00	5.96	55.59	93589.30	1850	0	BartonZwiebach	
6929	0:27:23	1/1/2019 	1637004	63.00	9.00	5.91	55.59	93589.30	3833	0	BartonZwiebach	
6930	0:27:23	1/1/2019 	1637007	67.00	9.00	5.94	55.59	93589.30	1849	0	BartonZwiebach	
6931	0:27:23	1/1/2019 	1637028	73.00	10.00	6.02	55.59	93589.30	1849	0	BartonZwiebach	
6932	0:27:23	1/1/2019 	1637297	354.00	12.00	11.88	55.59	93589.12	1852	0	BartonZwiebach	
6933	0:27:23	1/1/2019 	1637567	703.00	30.00	19.56	55.59	93589.12	49801	0	BartonZwiebach	
6934	0:27:23	1/1/2019 	1637658	77.00	9.00	6.08	55.59	93589.12	1858	0	BartonZwiebach	
6935	0:27:23	1/1/2019 	1637686	71.00	9.00	5.99	55.59	93589.12	3839	0	BartonZwiebach	
6936	0:27:24	1/1/2019 	1638066	66.00	9.00	5.93	55.59	93588.43	1854	0	BartonZwiebach	
6937	0:27:24	1/1/2019 	1638145	221.00	10.00	9.78	55.59	93588.43	1851	0	BartonZwiebach	
6938	0:27:24	1/1/2019 	1638238	146.00	10.00	7.91	55.59	93588.26	1849	0	BartonZwiebach	
6939	0:27:24	1/1/2019 	1638267	69.00	9.00	5.97	55.59	93588.26	1850	0	BartonZwiebach	
6940	0:27:24	1/1/2019 	1638271	61.00	9.00	5.90	55.59	93588.26	1850	0	BartonZwiebach	
6941	0:27:24	1/1/2019 	1638689	157.00	10.00	8.22	55.59	93587.91	51777	0	BartonZwiebach	
6942	0:27:25	1/1/2019 	1638786	64.00	9.00	5.92	55.59	93587.91	1850	0	BartonZwiebach	
6943	0:27:25	1/1/2019 	1638900	67.00	9.00	5.94	55.59	93587.91	1848	0	BartonZwiebach	
6944	0:27:25	1/1/2019 	1638906	68.00	9.00	5.95	55.59	93587.91	1849	0	BartonZwiebach	
6945	0:27:25	1/1/2019 	1639051	942.00	89.00	28.00	55.59	93587.91	1849	0	BartonZwiebach	
6946	0:27:25	1/1/2019 	1639123	70.00	9.00	5.98	55.59	93587.91	1850	0	BartonZwiebach	
6947	0:27:25	1/1/2019 	1639179	64.00	10.00	5.92	55.58	93587.59	3887	0	BartonZwiebach	
6948	0:27:25	1/1/2019 	1639216	89.00	9.00	6.32	55.58	93587.59	1848	0	BartonZwiebach	
6949	0:27:25	1/1/2019 	1639290	70.00	9.00	5.98	55.58	93587.59	1849	0	BartonZwiebach	
6950	0:27:25	1/1/2019 	1639384	241.00	10.00	10.17	55.58	93587.59	1850	0	BartonZwiebach	
6951	0:27:26	1/1/2019 	1639823	116.00	9.00	7.04	55.58	93587.41	49795	0	BartonZwiebach	
6952	0:27:26	1/1/2019 	1640006	853.00	50.00	22.59	55.58	93587.41	2604	0	BartonZwiebach	
6953	0:27:26	1/1/2019 	1640055	89.00	9.00	6.32	55.58	93587.41	3973	0	BartonZwiebach	
6954	0:27:26	1/1/2019 	1640302	98.00	12.00	6.55	55.58	93586.89	1849	0	BartonZwiebach	
6955	0:27:26	1/1/2019 	1640489	90.00	9.00	6.35	55.58	93586.89	1848	0	BartonZwiebach	
6956	0:27:26	1/1/2019 	1640756	70.00	9.00	5.98	55.58	93586.72	49794	0	BartonZwiebach	
6957	0:27:27	1/1/2019 	1640788	435.00	14.00	12.76	55.58	93586.72	1849	0	BartonZwiebach	
6958	0:27:27	1/1/2019 	1641034	122.00	9.00	7.21	55.58	93586.72	1851	0	BartonZwiebach	
6959	0:27:27	1/1/2019 	1641160	77.00	9.00	6.08	55.58	93586.19	3834	0	BartonZwiebach	
6960	0:27:27	1/1/2019 	1641395	64.00	9.00	5.92	55.58	93586.19	1849	0	BartonZwiebach	
6961	0:27:27	1/1/2019 	1641408	68.00	9.00	5.95	55.58	93586.19	1849	0	BartonZwiebach	
6962	0:27:27	1/1/2019 	1641419	158.00	9.00	8.25	55.58	93586.19	1849	0	BartonZwiebach	
6963	0:27:27	1/1/2019 	1641427	794.00	46.00	22.08	55.58	93586.19	1849	0	BartonZwiebach	
6964	0:27:27	1/1/2019 	1641442	68.00	10.00	5.96	55.58	93586.19	3834	0	BartonZwiebach	
6965	0:27:27	1/1/2019 	1641476	70.00	9.00	5.98	55.58	93586.19	1848	0	BartonZwiebach	
6966	0:27:27	1/1/2019 	1641562	69.00	9.00	5.97	55.58	93586.19	49793	0	BartonZwiebach	
6967	0:27:27	1/1/2019 	1641667	72.00	10.00	6.01	55.58	93586.02	1850	0	BartonZwiebach	
6968	0:27:27	1/1/2019 	1641698	65.00	10.00	5.93	55.58	93586.02	1849	0	BartonZwiebach	
6969	0:27:27	1/1/2019 	1641731	72.00	9.00	6.01	55.58	93586.02	1849	0	BartonZwiebach	
6970	0:27:28	1/1/2019 	1641848	245.00	12.00	10.28	55.58	93586.02	3834	0	BartonZwiebach	
6971	0:27:28	1/1/2019 	1641906	64.00	9.00	5.92	55.58	93586.02	1850	0	BartonZwiebach	
6972	0:27:28	1/1/2019 	1641933	581.00	22.00	15.23	55.58	93586.02	1849	0	BartonZwiebach	
6973	0:27:28	1/1/2019 	1641963	76.00	10.00	6.07	55.58	93586.02	1849	0	BartonZwiebach	
6974	0:27:28	1/1/2019 	1641977	64.00	9.00	5.92	55.58	93586.02	1849	0	BartonZwiebach	
6975	0:27:28	1/1/2019 	1642155	66.00	10.00	5.94	55.58	93585.84	1848	0	BartonZwiebach	
6976	0:27:28	1/1/2019 	1642685	69.00	9.00	5.97	55.58	93585.34	51778	0	BartonZwiebach	
6977	0:27:28	1/1/2019 	1642720	70.00	10.00	5.98	55.58	93585.34	1849	0	BartonZwiebach	
6978	0:27:28	1/1/2019 	1642763	64.00	9.00	5.92	55.58	93585.34	1849	0	BartonZwiebach	
6979	0:27:29	1/1/2019 	1643186	67.00	9.00	5.94	55.58	93585.00	1848	0	BartonZwiebach	
6980	0:27:29	1/1/2019 	1643207	676.00	27.00	18.57	55.58	93585.00	1851	0	BartonZwiebach	
6981	0:27:29	1/1/2019 	1643223	65.00	9.00	5.92	55.58	93585.00	1849	0	BartonZwiebach	
6982	0:27:29	1/1/2019 	1643291	66.00	9.00	5.93	55.58	93585.00	3833	0	BartonZwiebach	
6983	0:27:29	1/1/2019 	1643384	122.00	9.00	7.21	55.58	93585.00	1850	0	BartonZwiebach	
6984	0:27:29	1/1/2019 	1643623	66.00	10.00	5.94	55.58	93584.50	49794	0	BartonZwiebach	
6985	0:27:30	1/1/2019 	1644004	66.00	9.00	5.93	55.58	93584.50	1850	0	BartonZwiebach	
6986	0:27:30	1/1/2019 	1644055	66.00	9.00	5.93	55.58	93584.33	1849	0	BartonZwiebach	
6987	0:27:30	1/1/2019 	1644296	79.00	10.00	6.12	55.58	93584.33	1848	0	BartonZwiebach	
6988	0:27:30	1/1/2019 	1644389	79.00	9.00	6.12	55.58	93584.33	3887	0	BartonZwiebach	
6989	0:27:30	1/1/2019 	1644609	78.00	10.00	6.10	55.57	93583.66	49795	0	BartonZwiebach	
6990	0:27:30	1/1/2019 	1644665	68.00	10.00	5.96	55.57	93583.66	1849	0	BartonZwiebach	
6991	0:27:30	1/1/2019 	1644690	173.00	10.00	8.66	55.57	93583.66	1849	0	BartonZwiebach	
6992	0:27:31	1/1/2019 	1644907	66.00	10.00	5.94	55.57	93583.66	1850	0	BartonZwiebach	
6993	0:27:31	1/1/2019 	1645053	68.00	9.00	5.95	55.57	93583.48	1850	0	BartonZwiebach	
6994	0:27:31	1/1/2019 	1645098	134.00	10.00	7.56	55.57	93583.48	3833	0	BartonZwiebach	
6995	0:27:31	1/1/2019 	1645188	65.00	10.00	5.93	55.57	93583.48	1850	0	BartonZwiebach	
6996	0:27:31	1/1/2019 	1645206	65.00	9.00	5.92	55.57	93583.48	1849	0	BartonZwiebach	
6997	0:27:31	1/1/2019 	1645259	66.00	10.00	5.94	55.57	93583.48	1849	0	BartonZwiebach	
6998	0:27:31	1/1/2019 	1645266	67.00	9.00	5.94	55.57	93583.48	1849	0	BartonZwiebach	
6999	0:27:31	1/1/2019 	1645331	74.00	9.00	6.03	55.57	93583.48	1848	0	BartonZwiebach	
7000	0:27:31	1/1/2019 	1645582	78.00	10.00	6.10	55.57	93582.78	51777	0	BartonZwiebach	
7001	0:27:31	1/1/2019 	1645591	72.00	9.00	6.01	55.57	93582.78	1850	0	BartonZwiebach	
7002	0:27:31	1/1/2019 	1645768	64.00	10.00	5.92	55.57	93582.78	1848	0	BartonZwiebach	
7003	0:27:32	1/1/2019 	1645803	78.00	10.00	6.10	55.57	93582.78	1848	0	BartonZwiebach	
7004	0:27:32	1/1/2019 	1645930	65.00	10.00	5.93	55.57	93582.78	1850	0	BartonZwiebach	
7005	0:27:32	1/1/2019 	1646009	65.00	9.00	5.92	55.57	93582.26	1849	0	BartonZwiebach	
7006	0:27:32	1/1/2019 	1646128	65.00	9.00	5.92	55.57	93582.26	3832	0	BartonZwiebach	
7007	0:27:32	1/1/2019 	1646142	66.00	9.00	5.93	55.57	93582.26	1848	0	BartonZwiebach	
7008	0:27:32	1/1/2019 	1646147	74.00	9.00	6.03	55.57	93582.26	1848	0	BartonZwiebach	
7009	0:27:32	1/1/2019 	1646149	73.00	10.00	6.02	55.57	93582.26	1850	0	BartonZwiebach	
7010	0:27:32	1/1/2019 	1646384	69.00	10.00	5.97	55.57	93582.26	1849	0	BartonZwiebach	
7011	0:27:32	1/1/2019 	1646595	160.00	9.00	8.30	55.57	93582.09	49793	0	BartonZwiebach	
7012	0:27:32	1/1/2019 	1646604	158.00	10.00	8.25	55.57	93582.09	3834	0	BartonZwiebach	
7013	0:27:32	1/1/2019 	1646673	144.00	10.00	7.85	55.57	93582.09	1851	0	BartonZwiebach	
7014	0:27:32	1/1/2019 	1646712	67.00	9.00	5.94	55.57	93582.09	1849	0	BartonZwiebach	
7015	0:27:33	1/1/2019 	1646796	228.00	11.00	9.93	55.57	93582.09	1849	0	BartonZwiebach	
7016	0:27:33	1/1/2019 	1647095	148.00	10.00	7.97	55.57	93581.59	1851	0	BartonZwiebach	
7017	0:27:33	1/1/2019 	1647693	66.00	9.00	5.93	55.57	93581.42	49793	0	BartonZwiebach	
7018	0:27:34	1/1/2019 	1647821	64.00	10.00	5.92	55.57	93581.42	3834	0	BartonZwiebach	
7019	0:27:34	1/1/2019 	1647991	63.00	9.00	5.91	55.56	93581.06	1849	0	BartonZwiebach	
7020	0:27:34	1/1/2019 	1648077	66.00	9.00	5.93	55.56	93581.06	1848	0	BartonZwiebach	
7021	0:27:34	1/1/2019 	1648326	67.00	10.00	5.95	55.56	93581.06	1848	0	BartonZwiebach	
7022	0:27:34	1/1/2019 	1648584	65.00	9.00	5.92	55.56	93580.89	49794	0	BartonZwiebach	
7023	0:27:34	1/1/2019 	1648592	67.00	9.00	5.94	55.56	93580.89	3834	0	BartonZwiebach	
7024	0:27:34	1/1/2019 	1648595	66.00	9.00	5.93	55.56	93580.89	1848	0	BartonZwiebach	
7025	0:27:35	1/1/2019 	1649030	943.00	135.00	36.75	55.56	93580.39	1850	0	BartonZwiebach	
7026	0:27:35	1/1/2019 	1649182	64.00	9.00	5.92	55.56	93580.39	1851	0	BartonZwiebach	
7027	0:27:35	1/1/2019 	1649224	64.00	9.00	5.92	55.56	93580.39	1847	0	BartonZwiebach	
7028	0:27:35	1/1/2019 	1649331	974.00	194.00	44.84	55.56	93580.39	1848	0	BartonZwiebach	
7029	0:27:35	1/1/2019 	1649479	438.00	13.00	12.73	55.56	93580.22	3835	0	BartonZwiebach	
7030	0:27:35	1/1/2019 	1649655	68.00	10.00	5.96	55.56	93580.22	49794	0	BartonZwiebach	
7031	0:27:36	1/1/2019 	1649862	65.00	9.00	5.92	55.56	93579.88	2802	0	BartonZwiebach	
7032	0:27:36	1/1/2019 	1650118	61.00	9.00	5.90	55.56	93579.88	1857	0	BartonZwiebach	
7033	0:27:36	1/1/2019 	1650474	64.00	9.00	5.92	55.56	93579.38	1856	0	BartonZwiebach	
7034	0:27:36	1/1/2019 	1650621	158.00	10.00	8.25	55.56	93579.38	49800	0	BartonZwiebach	
7035	0:27:37	1/1/2019 	1650784	151.00	10.00	8.06	55.56	93579.38	3981	0	BartonZwiebach	
7036	0:27:37	1/1/2019 	1650800	75.00	9.00	6.05	55.56	93579.38	1857	0	BartonZwiebach	
7037	0:27:37	1/1/2019 	1650925	70.00	9.00	5.98	55.56	93579.20	1853	0	BartonZwiebach	
7038	0:27:37	1/1/2019 	1651082	64.00	10.00	5.92	55.56	93579.20	1848	0	BartonZwiebach	
7039	0:27:37	1/1/2019 	1651613	69.00	10.00	5.97	55.56	93578.67	49791	0	BartonZwiebach	
7040	0:27:37	1/1/2019 	1651769	72.00	9.00	6.01	55.56	93578.67	1849	0	BartonZwiebach	
7041	0:27:38	1/1/2019 	1651792	66.00	9.00	5.93	55.55	93578.16	3833	0	BartonZwiebach	
7042	0:27:38	1/1/2019 	1651881	90.00	10.00	6.35	55.55	93578.16	1850	0	BartonZwiebach	
7043	0:27:38	1/1/2019 	1652026	65.00	9.00	5.92	55.55	93578.16	1849	0	BartonZwiebach	
7044	0:27:38	1/1/2019 	1652089	66.00	9.00	5.93	55.55	93578.16	1849	0	BartonZwiebach	
7045	0:27:38	1/1/2019 	1652136	69.00	10.00	5.97	55.55	93578.16	1849	0	BartonZwiebach	
7046	0:27:38	1/1/2019 	1652282	72.00	10.00	6.01	55.55	93577.98	1849	0	BartonZwiebach	
7047	0:27:38	1/1/2019 	1652293	68.00	9.00	5.95	55.55	93577.98	3833	0	BartonZwiebach	
7048	0:27:38	1/1/2019 	1652704	69.00	9.00	5.97	55.55	93577.98	49792	0	BartonZwiebach	
7049	0:27:38	1/1/2019 	1652708	72.00	9.00	6.01	55.55	93577.98	1848	0	BartonZwiebach	
7050	0:27:39	1/1/2019 	1652785	67.00	9.00	5.94	55.55	93577.48	1849	0	BartonZwiebach	
7051	0:27:39	1/1/2019 	1653084	70.00	9.00	5.98	55.55	93577.48	1850	0	BartonZwiebach	
7052	0:27:39	1/1/2019 	1653178	71.00	10.00	5.99	55.55	93577.48	1849	0	BartonZwiebach	
7053	0:27:39	1/1/2019 	1653187	65.00	10.00	5.93	55.55	93577.48	3833	0	BartonZwiebach	
7054	0:27:39	1/1/2019 	1653327	76.00	9.00	6.07	55.55	93577.31	1850	0	BartonZwiebach	
7055	0:27:39	1/1/2019 	1653373	73.00	9.00	6.02	55.55	93577.31	1849	0	BartonZwiebach	
7056	0:27:40	1/1/2019 	1653827	272.00	12.00	10.75	55.55	93576.61	49795	0	BartonZwiebach	
7057	0:27:40	1/1/2019 	1654049	78.00	9.00	6.10	55.55	93576.61	1850	0	BartonZwiebach	
7058	0:27:40	1/1/2019 	1654074	78.00	9.00	6.10	55.55	93576.61	1849	0	BartonZwiebach	
7059	0:27:40	1/1/2019 	1654371	80.00	10.00	6.14	55.55	93576.44	3834	0	BartonZwiebach	
7060	0:27:40	1/1/2019 	1654596	74.00	10.00	6.04	55.55	93576.44	49793	0	BartonZwiebach	
7061	0:27:41	1/1/2019 	1654789	69.00	9.00	5.97	55.55	93575.94	1849	0	BartonZwiebach	
7062	0:27:41	1/1/2019 	1654895	68.00	9.00	5.95	55.55	93575.94	1849	0	BartonZwiebach	
7063	0:27:41	1/1/2019 	1655091	66.00	9.00	5.93	55.55	93575.94	1849	0	BartonZwiebach	
7064	0:27:41	1/1/2019 	1655097	65.00	9.00	5.92	55.55	93575.94	1849	0	BartonZwiebach	
7065	0:27:41	1/1/2019 	1655161	64.00	9.00	5.92	55.55	93575.94	3832	0	BartonZwiebach	
7066	0:27:41	1/1/2019 	1655223	66.00	9.00	5.93	55.55	93575.59	1848	0	BartonZwiebach	
7067	0:27:41	1/1/2019 	1655466	65.00	9.00	5.92	55.55	93575.59	1849	0	BartonZwiebach	
7068	0:27:41	1/1/2019 	1655591	68.00	10.00	5.96	55.55	93575.59	49794	0	BartonZwiebach	
7069	0:27:41	1/1/2019 	1655722	937.00	71.00	25.12	55.54	93575.09	1849	0	BartonZwiebach	
7070	0:27:42	1/1/2019 	1656028	64.00	9.00	5.92	55.54	93575.09	1850	0	BartonZwiebach	
7071	0:27:42	1/1/2019 	1656075	390.00	19.00	12.54	55.54	93575.09	3835	0	BartonZwiebach	
7072	0:27:42	1/1/2019 	1656086	68.00	10.00	5.96	55.54	93575.09	1850	0	BartonZwiebach	
7073	0:27:42	1/1/2019 	1656274	65.00	9.00	5.92	55.54	93574.92	1850	0	BartonZwiebach	
7074	0:27:42	1/1/2019 	1656432	67.00	9.00	5.94	55.54	93574.92	1850	0	BartonZwiebach	
7075	0:27:42	1/1/2019 	1656599	72.00	9.00	6.01	55.54	93574.92	49793	0	BartonZwiebach	
7076	0:27:43	1/1/2019 	1656804	72.00	9.00	6.01	55.54	93574.39	3834	0	BartonZwiebach	
7077	0:27:43	1/1/2019 	1657164	575.00	18.00	14.76	55.54	93573.90	1851	0	BartonZwiebach	
7078	0:27:43	1/1/2019 	1657369	76.00	9.00	6.07	55.54	93573.90	1850	0	BartonZwiebach	
7079	0:27:43	1/1/2019 	1657388	74.00	9.00	6.03	55.54	93573.90	1849	0	BartonZwiebach	
7080	0:27:43	1/1/2019 	1657394	67.00	9.00	5.94	55.54	93573.90	1849	0	BartonZwiebach	
7081	0:27:43	1/1/2019 	1657550	68.00	9.00	5.95	55.54	93573.90	49794	0	BartonZwiebach	
7082	0:27:43	1/1/2019 	1657650	66.00	9.00	5.93	55.54	93573.55	3887	0	BartonZwiebach	
7083	0:27:43	1/1/2019 	1657733	73.00	9.00	6.02	55.54	93573.55	1849	0	BartonZwiebach	
7084	0:27:43	1/1/2019 	1657761	65.00	9.00	5.92	55.54	93573.55	1849	0	BartonZwiebach	
7085	0:27:43	1/1/2019 	1657769	67.00	9.00	5.94	55.54	93573.55	1849	0	BartonZwiebach	
7086	0:27:44	1/1/2019 	1657809	73.00	9.00	6.02	55.54	93573.55	1848	0	BartonZwiebach	
7087	0:27:44	1/1/2019 	1657840	87.00	10.00	6.28	55.54	93573.55	1850	0	BartonZwiebach	
7088	0:27:44	1/1/2019 	1657867	71.00	9.00	5.99	55.54	93573.55	3834	0	BartonZwiebach	
7089	0:27:44	1/1/2019 	1658025	64.00	9.00	5.92	55.54	93573.55	1849	0	BartonZwiebach	
7090	0:27:44	1/1/2019 	1658224	70.00	9.00	5.98	55.54	93573.02	1848	0	BartonZwiebach	
7091	0:27:44	1/1/2019 	1658258	69.00	9.00	5.97	55.54	93573.02	1849	0	BartonZwiebach	
7092	0:27:44	1/1/2019 	1658317	70.00	9.00	5.98	55.54	93573.02	1849	0	BartonZwiebach	
7093	0:27:44	1/1/2019 	1658354	948.00	130.00	35.83	55.54	93573.02	1849	0	BartonZwiebach	
7094	0:27:44	1/1/2019 	1658492	65.00	10.00	5.93	55.54	93573.02	3835	0	BartonZwiebach	
7095	0:27:44	1/1/2019 	1658766	65.00	9.00	5.92	55.54	93572.68	49793	0	BartonZwiebach	
7096	0:27:45	1/1/2019 	1658801	78.00	10.00	6.10	55.54	93572.68	1848	0	BartonZwiebach	
7097	0:27:45	1/1/2019 	1658908	64.00	10.00	5.92	55.54	93572.68	1850	0	BartonZwiebach	
7098	0:27:45	1/1/2019 	1658926	66.00	9.00	5.93	55.54	93572.68	1848	0	BartonZwiebach	
7099	0:27:45	1/1/2019 	1659036	66.00	9.00	5.93	55.54	93572.68	1850	0	BartonZwiebach	
7100	0:27:45	1/1/2019 	1659042	66.00	9.00	5.93	55.54	93572.68	3833	0	BartonZwiebach	
7101	0:27:45	1/1/2019 	1659260	72.00	9.00	6.01	55.53	93571.98	1849	0	BartonZwiebach	
7102	0:27:45	1/1/2019 	1659295	66.00	10.00	5.94	55.53	93571.98	1849	0	BartonZwiebach	
7103	0:27:45	1/1/2019 	1659451	65.00	10.00	5.93	55.53	93571.98	1849	0	BartonZwiebach	
7104	0:27:45	1/1/2019 	1659592	99.00	10.00	6.57	55.53	93571.52	49791	0	BartonZwiebach	
7105	0:27:45	1/1/2019 	1659694	75.00	9.00	6.05	55.53	93571.52	2800	0	BartonZwiebach	
7106	0:27:46	1/1/2019 	1659852	65.00	9.00	5.92	55.53	93571.52	3972	0	BartonZwiebach	
7107	0:27:46	1/1/2019 	1660119	768.00	41.00	21.49	55.53	93571.16	1851	0	BartonZwiebach	
7108	0:27:46	1/1/2019 	1660129	64.00	9.00	5.92	55.53	93571.16	1849	0	BartonZwiebach	
7109	0:27:46	1/1/2019 	1660210	91.00	9.00	6.37	55.53	93571.16	1847	0	BartonZwiebach	
7110	0:27:46	1/1/2019 	1660291	69.00	9.00	5.97	55.53	93571.16	1848	0	BartonZwiebach	
7111	0:27:46	1/1/2019 	1660294	194.00	10.00	9.18	55.53	93571.16	1849	0	BartonZwiebach	
7112	0:27:46	1/1/2019 	1660354	76.00	9.00	6.07	55.53	93571.16	3834	0	BartonZwiebach	
7113	0:27:46	1/1/2019 	1660621	65.00	8.00	5.92	55.53	93570.64	49791	0	BartonZwiebach	
7114	0:27:46	1/1/2019 	1660687	66.00	10.00	5.94	55.53	93570.64	1847	0	BartonZwiebach	
7115	0:27:46	1/1/2019 	1660691	64.00	10.00	5.92	55.53	93570.64	1849	0	BartonZwiebach	
7116	0:27:46	1/1/2019 	1660696	516.00	15.00	13.58	55.53	93570.64	1849	0	BartonZwiebach	
7117	0:27:47	1/1/2019 	1660805	257.00	12.00	10.49	55.53	93570.64	1851	0	BartonZwiebach	
7118	0:27:47	1/1/2019 	1660915	141.00	10.00	7.77	55.53	93570.64	3834	0	BartonZwiebach	
7119	0:27:47	1/1/2019 	1660985	159.00	10.00	8.28	55.53	93570.64	1850	0	BartonZwiebach	
7120	0:27:47	1/1/2019 	1661143	64.00	9.00	5.92	55.53	93570.46	1849	0	BartonZwiebach	
7121	0:27:47	1/1/2019 	1661198	65.00	9.00	5.92	55.53	93570.46	1848	0	BartonZwiebach	
7122	0:27:47	1/1/2019 	1661410	66.00	9.00	5.93	55.53	93570.46	1850	0	BartonZwiebach	
7123	0:27:47	1/1/2019 	1661629	233.00	11.00	10.03	55.53	93570.12	49795	0	BartonZwiebach	
7124	0:27:47	1/1/2019 	1661735	105.00	9.00	6.73	55.53	93570.12	3896	0	BartonZwiebach	
7125	0:27:48	1/1/2019 	1661786	77.00	9.00	6.08	55.53	93570.12	1856	0	BartonZwiebach	
7126	0:27:48	1/1/2019 	1661846	81.00	10.00	6.16	55.53	93570.12	1856	0	BartonZwiebach	
7127	0:27:48	1/1/2019 	1662069	72.00	10.00	6.01	55.53	93569.42	1853	0	BartonZwiebach	
7128	0:27:48	1/1/2019 	1662099	213.00	11.00	9.62	55.53	93569.42	1850	0	BartonZwiebach	
7129	0:27:48	1/1/2019 	1662172	87.00	10.00	6.28	55.53	93569.42	1849	0	BartonZwiebach	
7130	0:27:48	1/1/2019 	1662230	68.00	9.00	5.95	55.53	93569.42	3832	0	BartonZwiebach	
7131	0:27:48	1/1/2019 	1662251	71.00	9.00	5.99	55.53	93569.42	1849	0	BartonZwiebach	
7132	0:27:48	1/1/2019 	1662349	66.00	9.00	5.93	55.53	93569.42	1848	0	BartonZwiebach	
7133	0:27:48	1/1/2019 	1662389	73.00	9.00	6.02	55.53	93569.42	1849	0	BartonZwiebach	
7134	0:27:48	1/1/2019 	1662410	84.00	10.00	6.22	55.53	93569.42	1848	0	BartonZwiebach	
7135	0:27:48	1/1/2019 	1662445	68.00	9.00	5.95	55.53	93569.42	3833	0	BartonZwiebach	
7136	0:27:48	1/1/2019 	1662689	68.00	9.00	5.95	55.53	93569.25	49793	0	BartonZwiebach	
7137	0:27:49	1/1/2019 	1662834	67.00	9.00	5.94	55.53	93569.25	1849	0	BartonZwiebach	
7138	0:27:49	1/1/2019 	1663002	68.00	9.00	5.95	55.52	93568.41	1850	0	BartonZwiebach	
7139	0:27:49	1/1/2019 	1663197	161.00	10.00	8.33	55.52	93568.41	1850	0	BartonZwiebach	
7140	0:27:49	1/1/2019 	1663316	165.00	10.00	8.44	55.52	93568.41	1850	0	BartonZwiebach	
7141	0:27:49	1/1/2019 	1663341	83.00	10.00	6.20	55.52	93568.41	3834	0	BartonZwiebach	
7142	0:27:49	1/1/2019 	1663461	100.00	9.00	6.60	55.52	93568.05	1849	0	BartonZwiebach	
7143	0:27:49	1/1/2019 	1663552	65.00	10.00	5.93	55.52	93568.05	49793	0	BartonZwiebach	
7144	0:27:49	1/1/2019 	1663555	63.00	9.00	5.91	55.52	93568.05	1849	0	BartonZwiebach	
7145	0:27:49	1/1/2019 	1663591	77.00	10.00	6.08	55.52	93568.05	1850	0	BartonZwiebach	
7146	0:27:49	1/1/2019 	1663638	65.00	9.00	5.92	55.52	93568.05	1849	0	BartonZwiebach	
7147	0:27:50	1/1/2019 	1663865	122.00	10.00	7.21	55.52	93568.05	3833	0	BartonZwiebach	
7148	0:27:50	1/1/2019 	1664001	124.00	10.00	7.27	55.52	93567.36	1851	0	BartonZwiebach	
7149	0:27:50	1/1/2019 	1664034	68.00	10.00	5.96	55.52	93567.36	1849	0	BartonZwiebach	
7150	0:27:50	1/1/2019 	1664164	65.00	9.00	5.92	55.52	93567.36	1849	0	BartonZwiebach	
7151	0:27:50	1/1/2019 	1664384	67.00	9.00	5.94	55.52	93567.36	1849	0	BartonZwiebach	
7152	0:27:50	1/1/2019 	1664564	67.00	9.00	5.94	55.52	93567.19	49791	0	BartonZwiebach	
7153	0:27:50	1/1/2019 	1664584	65.00	10.00	5.93	55.52	93567.19	3832	0	BartonZwiebach	
7154	0:27:50	1/1/2019 	1664669	443.00	13.00	12.77	55.52	93567.19	1849	0	BartonZwiebach	
7155	0:27:51	1/1/2019 	1664789	70.00	10.00	5.98	55.52	93567.19	1851	0	BartonZwiebach	
7156	0:27:51	1/1/2019 	1664830	97.00	9.00	6.52	55.52	93567.19	1850	0	BartonZwiebach	
7157	0:27:51	1/1/2019 	1664846	75.00	9.00	6.05	55.52	93567.19	1849	0	BartonZwiebach	
7158	0:27:51	1/1/2019 	1664934	70.00	9.00	5.98	55.52	93567.02	1849	0	BartonZwiebach	
7159	0:27:51	1/1/2019 	1664979	74.00	9.00	6.03	55.52	93567.02	3833	0	BartonZwiebach	
7160	0:27:51	1/1/2019 	1665030	64.00	9.00	5.92	55.52	93567.02	1849	0	BartonZwiebach	
7161	0:27:51	1/1/2019 	1665315	567.00	17.00	14.51	55.52	93567.02	1847	0	BartonZwiebach	
7162	0:27:51	1/1/2019 	1665409	66.00	9.00	5.93	55.52	93566.48	1850	0	BartonZwiebach	
7163	0:27:51	1/1/2019 	1665470	77.00	9.00	6.08	55.52	93566.48	1849	0	BartonZwiebach	
7164	0:27:51	1/1/2019 	1665478	78.00	9.00	6.10	55.52	93566.48	1850	0	BartonZwiebach	
7165	0:27:52	1/1/2019 	1665856	83.00	10.00	6.20	55.52	93566.31	51776	0	BartonZwiebach	
7166	0:27:52	1/1/2019 	1665891	72.00	10.00	6.01	55.52	93566.31	1850	0	BartonZwiebach	
7167	0:27:52	1/1/2019 	1666130	76.00	10.00	6.07	55.52	93566.31	1849	0	BartonZwiebach	
7168	0:27:52	1/1/2019 	1666258	69.00	9.00	5.97	55.52	93566.31	1849	0	BartonZwiebach	
7169	0:27:52	1/1/2019 	1666375	300.00	13.00	11.21	55.52	93565.67	1848	0	BartonZwiebach	
7170	0:27:52	1/1/2019 	1666578	67.00	10.00	5.95	55.52	93565.67	49796	0	BartonZwiebach	
7171	0:27:52	1/1/2019 	1666618	72.00	10.00	6.01	55.52	93565.67	3834	0	BartonZwiebach	
7172	0:27:52	1/1/2019 	1666771	84.00	10.00	6.22	55.52	93565.67	1850	0	BartonZwiebach	
7173	0:27:53	1/1/2019 	1667084	503.00	14.00	13.36	55.52	93565.32	1850	0	BartonZwiebach	
7174	0:27:53	1/1/2019 	1667210	66.00	9.00	5.93	55.52	93565.32	1851	0	BartonZwiebach	
7175	0:27:53	1/1/2019 	1667269	67.00	9.00	5.94	55.52	93565.32	1849	0	BartonZwiebach	
7176	0:27:53	1/1/2019 	1667308	74.00	9.00	6.03	55.51	93564.80	1849	0	BartonZwiebach	
7177	0:27:53	1/1/2019 	1667500	98.00	9.00	6.54	55.51	93564.80	3888	0	BartonZwiebach	
7178	0:27:53	1/1/2019 	1667615	68.00	9.00	5.95	55.51	93564.80	49839	0	BartonZwiebach	
7179	0:27:53	1/1/2019 	1667664	446.00	13.00	12.80	55.51	93564.80	1849	0	BartonZwiebach	
7180	0:27:54	1/1/2019 	1668274	76.00	9.00	6.07	55.51	93563.95	1850	0	BartonZwiebach	
7181	0:27:54	1/1/2019 	1668384	67.00	9.00	5.94	55.51	93563.95	1849	0	BartonZwiebach	
7182	0:27:54	1/1/2019 	1668752	66.00	9.00	5.93	55.51	93563.95	49793	0	BartonZwiebach	
7183	0:27:55	1/1/2019 	1669182	67.00	9.00	5.94	55.51	93563.78	3832	0	BartonZwiebach	
7184	0:27:55	1/1/2019 	1669271	111.00	9.00	6.89	55.51	93563.08	1850	0	BartonZwiebach	
7185	0:27:55	1/1/2019 	1669368	65.00	9.00	5.92	55.51	93563.08	1849	0	BartonZwiebach	
7186	0:27:55	1/1/2019 	1669684	66.00	9.00	5.93	55.51	93563.08	49792	0	BartonZwiebach	
7187	0:27:56	1/1/2019 	1669900	297.00	13.00	11.16	55.51	93562.73	2799	0	BartonZwiebach	
7188	0:27:56	1/1/2019 	1670233	72.00	9.00	6.01	55.51	93562.21	1852	0	BartonZwiebach	
7189	0:27:56	1/1/2019 	1670280	71.00	9.00	5.99	55.51	93562.21	3916	0	BartonZwiebach	
7190	0:27:56	1/1/2019 	1670315	65.00	9.00	5.92	55.51	93562.21	1849	0	BartonZwiebach	
7191	0:27:56	1/1/2019 	1670322	69.00	9.00	5.97	55.51	93562.21	1849	0	BartonZwiebach	
7192	0:27:56	1/1/2019 	1670467	65.00	9.00	5.92	55.51	93562.21	1850	0	BartonZwiebach	
7193	0:27:56	1/1/2019 	1670482	65.00	9.00	5.92	55.51	93562.21	1850	0	BartonZwiebach	
7194	0:27:56	1/1/2019 	1670565	190.00	10.00	9.08	55.51	93562.21	54231	0	BartonZwiebach	
7195	0:27:57	1/1/2019 	1671198	64.00	9.00	5.92	55.50	93561.02	1851	0	BartonZwiebach	
7196	0:27:57	1/1/2019 	1671239	66.00	9.00	5.93	55.50	93561.02	1849	0	BartonZwiebach	
7197	0:27:57	1/1/2019 	1671370	65.00	10.00	5.93	55.50	93561.02	1849	0	BartonZwiebach	
7198	0:27:57	1/1/2019 	1671482	65.00	9.00	5.92	55.50	93561.02	1849	0	BartonZwiebach	
7199	0:27:57	1/1/2019 	1671549	84.00	9.00	6.22	55.50	93561.02	49792	0	BartonZwiebach	
7200	0:27:57	1/1/2019 	1671583	79.00	10.00	6.12	55.50	93561.02	3833	0	BartonZwiebach	
7201	0:27:57	1/1/2019 	1671646	70.00	9.00	5.98	55.50	93561.02	1849	0	BartonZwiebach	
7202	0:27:58	1/1/2019 	1671834	65.00	9.00	5.92	55.50	93560.67	1850	0	BartonZwiebach	
7203	0:27:58	1/1/2019 	1671865	68.00	9.00	5.95	55.50	93560.67	1850	0	BartonZwiebach	
7204	0:27:58	1/1/2019 	1671943	64.00	10.00	5.92	55.50	93560.67	1848	0	BartonZwiebach	
7205	0:27:58	1/1/2019 	1672162	904.00	57.00	23.38	55.50	93560.00	1848	0	BartonZwiebach	
7206	0:27:58	1/1/2019 	1672404	59.00	9.00	5.89	55.50	93560.00	3834	0	BartonZwiebach	
7207	0:27:58	1/1/2019 	1672406	66.00	9.00	5.93	55.50	93560.00	1850	0	BartonZwiebach	
7208	0:27:58	1/1/2019 	1672482	74.00	9.00	6.03	55.50	93560.00	1849	0	BartonZwiebach	
7209	0:27:58	1/1/2019 	1672560	65.00	9.00	5.92	55.50	93560.00	49793	0	BartonZwiebach	
7210	0:27:58	1/1/2019 	1672644	65.00	9.00	5.92	55.50	93559.83	1850	0	BartonZwiebach	
7211	0:27:59	1/1/2019 	1672792	68.00	9.00	5.95	55.50	93559.83	1850	0	BartonZwiebach	
7212	0:27:59	1/1/2019 	1672839	72.00	9.00	6.01	55.50	93559.83	3847	0	BartonZwiebach	
7213	0:27:59	1/1/2019 	1672849	68.00	9.00	5.95	55.50	93559.83	1849	0	BartonZwiebach	
7214	0:27:59	1/1/2019 	1672906	456.00	14.00	12.94	55.50	93559.83	1848	0	BartonZwiebach	
7215	0:27:59	1/1/2019 	1672991	65.00	9.00	5.92	55.50	93559.83	1850	0	BartonZwiebach	
7216	0:27:59	1/1/2019 	1673041	65.00	10.00	5.93	55.50	93559.83	1849	0	BartonZwiebach	
7217	0:27:59	1/1/2019 	1673698	74.00	9.00	6.03	55.50	93558.96	49793	0	BartonZwiebach	
7218	0:28:00	1/1/2019 	1673862	544.00	15.00	13.95	55.50	93558.96	3888	0	BartonZwiebach	
7219	0:28:00	1/1/2019 	1673905	80.00	12.00	6.14	55.50	93558.96	1851	0	BartonZwiebach	
7220	0:28:00	1/1/2019 	1673995	120.00	9.00	7.15	55.50	93558.96	1849	0	BartonZwiebach	
7221	0:28:00	1/1/2019 	1674266	66.00	9.00	5.93	55.50	93558.28	1848	0	BartonZwiebach	
7222	0:28:00	1/1/2019 	1674318	63.00	9.00	5.91	55.50	93558.28	1849	0	BartonZwiebach	
7223	0:28:00	1/1/2019 	1674474	66.00	9.00	5.93	55.50	93558.28	1848	0	BartonZwiebach	
7224	0:28:01	1/1/2019 	1674853	76.00	9.00	6.07	55.50	93558.11	51776	0	BartonZwiebach	
7225	0:28:01	1/1/2019 	1674936	148.00	10.00	7.97	55.50	93558.11	1851	0	BartonZwiebach	
7226	0:28:01	1/1/2019 	1675097	64.00	9.00	5.92	55.50	93557.77	1850	0	BartonZwiebach	
7227	0:28:01	1/1/2019 	1675247	66.00	9.00	5.93	55.50	93557.77	1847	0	BartonZwiebach	
7228	0:28:01	1/1/2019 	1675320	84.00	10.00	6.22	55.50	93557.77	1848	0	BartonZwiebach	
7229	0:28:01	1/1/2019 	1675455	470.00	15.00	13.12	55.50	93557.77	1849	0	BartonZwiebach	
7230	0:28:01	1/1/2019 	1675594	68.00	9.00	5.95	55.49	93557.24	51780	0	BartonZwiebach	
7231	0:28:02	1/1/2019 	1675789	71.00	9.00	5.99	55.49	93557.24	1850	0	BartonZwiebach	
7232	0:28:02	1/1/2019 	1675812	63.00	9.00	5.91	55.49	93557.24	1851	0	BartonZwiebach	
7233	0:28:02	1/1/2019 	1676359	66.00	9.00	5.93	55.49	93556.89	1849	0	BartonZwiebach	
7234	0:28:02	1/1/2019 	1676456	65.00	10.00	5.93	55.49	93556.89	1849	0	BartonZwiebach	
7235	0:28:03	1/1/2019 	1676824	67.00	9.00	5.94	55.49	93556.72	49793	0	BartonZwiebach	
7236	0:28:03	1/1/2019 	1676870	95.00	9.00	6.47	55.49	93556.72	3834	0	BartonZwiebach	
7237	0:28:03	1/1/2019 	1677029	99.00	9.00	6.57	55.49	93556.20	1850	0	BartonZwiebach	
7238	0:28:03	1/1/2019 	1677211	68.00	9.00	5.95	55.49	93556.20	1849	0	BartonZwiebach	
7239	0:28:03	1/1/2019 	1677378	64.00	9.00	5.92	55.49	93556.20	1849	0	BartonZwiebach	
7240	0:28:03	1/1/2019 	1677451	65.00	9.00	5.92	55.49	93556.20	1847	0	BartonZwiebach	
7241	0:28:03	1/1/2019 	1677556	65.00	9.00	5.92	55.49	93555.88	49796	0	BartonZwiebach	
7242	0:28:03	1/1/2019 	1677710	615.00	21.00	16.06	55.49	93555.88	3840	0	BartonZwiebach	
7243	0:28:03	1/1/2019 	1677718	65.00	9.00	5.92	55.49	93555.88	1857	0	BartonZwiebach	
7244	0:28:03	1/1/2019 	1677779	110.00	10.00	6.87	55.49	93555.88	1857	0	BartonZwiebach	
7245	0:28:04	1/1/2019 	1677871	66.00	9.00	5.93	55.49	93555.88	1856	0	BartonZwiebach	
7246	0:28:04	1/1/2019 	1677919	74.00	9.00	6.03	55.49	93555.88	1857	0	BartonZwiebach	
7247	0:28:04	1/1/2019 	1678160	71.00	10.00	5.99	55.49	93555.53	1853	0	BartonZwiebach	
7248	0:28:04	1/1/2019 	1678274	67.00	9.00	5.94	55.49	93555.53	3834	0	BartonZwiebach	
7249	0:28:04	1/1/2019 	1678686	64.00	10.00	5.92	55.49	93555.36	49794	0	BartonZwiebach	
7250	0:28:04	1/1/2019 	1678776	325.00	14.00	11.59	55.49	93555.36	1848	0	BartonZwiebach	
7251	0:28:05	1/1/2019 	1678826	72.00	9.00	6.01	55.49	93555.36	1851	0	BartonZwiebach	
7252	0:28:05	1/1/2019 	1678996	64.00	10.00	5.92	55.49	93554.69	1850	0	BartonZwiebach	
7253	0:28:05	1/1/2019 	1679008	241.00	11.00	10.19	55.49	93554.69	3833	0	BartonZwiebach	
7254	0:28:05	1/1/2019 	1679149	588.00	19.00	15.15	55.49	93554.69	1850	0	BartonZwiebach	
7255	0:28:05	1/1/2019 	1679228	76.00	10.00	6.07	55.49	93554.69	1849	0	BartonZwiebach	
7256	0:28:05	1/1/2019 	1679308	65.00	9.00	5.92	55.49	93554.69	1848	0	BartonZwiebach	
7257	0:28:05	1/1/2019 	1679465	348.00	16.00	11.95	55.49	93554.51	1849	0	BartonZwiebach	
7258	0:28:05	1/1/2019 	1679603	64.00	9.00	5.92	55.49	93554.51	49793	0	BartonZwiebach	
7259	0:28:05	1/1/2019 	1679664	80.00	9.00	6.14	55.49	93554.51	4733	0	BartonZwiebach	
7260	0:28:05	1/1/2019 	1679761	78.00	9.00	6.10	55.49	93554.51	1849	0	BartonZwiebach	
7261	0:28:05	1/1/2019 	1679773	65.00	10.00	5.93	55.49	93554.51	1849	0	BartonZwiebach	
7262	0:28:06	1/1/2019 	1679841	66.00	9.00	5.93	55.49	93554.51	1849	0	BartonZwiebach	
7263	0:28:06	1/1/2019 	1679875	64.00	9.00	5.92	55.49	93554.51	1851	0	BartonZwiebach	
7264	0:28:06	1/1/2019 	1680075	68.00	10.00	5.96	55.48	93554.02	1849	0	BartonZwiebach	
7265	0:28:06	1/1/2019 	1680159	69.00	10.00	5.97	55.48	93554.02	3834	0	BartonZwiebach	
7266	0:28:06	1/1/2019 	1680353	74.00	9.00	6.03	55.48	93554.02	1849	0	BartonZwiebach	
7267	0:28:07	1/1/2019 	1680876	323.00	14.00	11.56	55.48	93553.84	49794	0	BartonZwiebach	
7268	0:28:07	1/1/2019 	1680881	69.00	9.00	5.97	55.48	93553.84	1851	0	BartonZwiebach	
7269	0:28:07	1/1/2019 	1681371	68.00	10.00	5.96	55.48	93553.31	1849	0	BartonZwiebach	
7270	0:28:07	1/1/2019 	1681449	193.00	11.00	9.17	55.48	93553.31	1849	0	BartonZwiebach	
7271	0:28:08	1/1/2019 	1681806	79.00	9.00	6.12	55.48	93553.31	51776	0	BartonZwiebach	
7272	0:28:08	1/1/2019 	1681819	82.00	10.00	6.18	55.48	93553.31	1850	0	BartonZwiebach	
7273	0:28:08	1/1/2019 	1682005	76.00	9.00	6.07	55.48	93552.97	1849	0	BartonZwiebach	
7274	0:28:08	1/1/2019 	1682052	69.00	9.00	5.97	55.48	93552.97	1849	0	BartonZwiebach	
7275	0:28:08	1/1/2019 	1682239	685.00	29.00	19.05	55.48	93552.97	1850	0	BartonZwiebach	
7276	0:28:08	1/1/2019 	1682300	71.00	12.00	6.00	55.48	93552.97	1850	0	BartonZwiebach	
7277	0:28:08	1/1/2019 	1682387	67.00	10.00	5.95	55.48	93552.27	3833	0	BartonZwiebach	
7278	0:28:08	1/1/2019 	1682474	69.00	9.00	5.97	55.48	93552.27	1849	0	BartonZwiebach	
7279	0:28:08	1/1/2019 	1682492	102.00	10.00	6.65	55.48	93552.27	1850	0	BartonZwiebach	
7280	0:28:08	1/1/2019 	1682701	75.00	9.00	6.05	55.48	93552.27	49795	0	BartonZwiebach	
7281	0:28:08	1/1/2019 	1682716	70.00	9.00	5.98	55.48	93552.27	1849	0	BartonZwiebach	
7282	0:28:09	1/1/2019 	1682855	64.00	9.00	5.92	55.48	93551.77	1849	0	BartonZwiebach	
7283	0:28:09	1/1/2019 	1682914	65.00	9.00	5.92	55.48	93551.77	3833	0	BartonZwiebach	
7284	0:28:09	1/1/2019 	1682947	64.00	9.00	5.92	55.48	93551.77	1849	0	BartonZwiebach	
7285	0:28:09	1/1/2019 	1683205	71.00	10.00	5.99	55.48	93551.77	1848	0	BartonZwiebach	
7286	0:28:09	1/1/2019 	1683254	114.00	10.00	6.98	55.48	93551.77	1850	0	BartonZwiebach	
7287	0:28:09	1/1/2019 	1683453	72.00	9.00	6.01	55.48	93551.59	1849	0	BartonZwiebach	
7288	0:28:09	1/1/2019 	1683462	72.00	9.00	6.01	55.48	93551.59	1850	0	BartonZwiebach	
7289	0:28:10	1/1/2019 	1683837	89.00	9.00	6.32	55.48	93551.08	51779	0	BartonZwiebach	
7290	0:28:10	1/1/2019 	1683844	67.00	9.00	5.94	55.48	93551.08	1850	0	BartonZwiebach	
7291	0:28:10	1/1/2019 	1684048	80.00	13.00	6.14	55.48	93551.08	1849	0	BartonZwiebach	
7292	0:28:10	1/1/2019 	1684111	64.00	10.00	5.92	55.48	93551.08	1849	0	BartonZwiebach	
7293	0:28:10	1/1/2019 	1684274	66.00	9.00	5.93	55.48	93551.08	1847	0	BartonZwiebach	
7294	0:28:10	1/1/2019 	1684337	405.00	19.00	12.70	55.48	93550.91	1849	0	BartonZwiebach	
7295	0:28:10	1/1/2019 	1684679	85.00	9.00	6.24	55.48	93550.91	51779	0	BartonZwiebach	
7296	0:28:11	1/1/2019 	1684882	69.00	10.00	5.97	55.47	93550.41	1850	0	BartonZwiebach	
7297	0:28:11	1/1/2019 	1685323	64.00	9.00	5.92	55.47	93550.23	1850	0	BartonZwiebach	
7298	0:28:11	1/1/2019 	1685331	68.00	9.00	5.95	55.47	93550.23	1848	0	BartonZwiebach	
7299	0:28:11	1/1/2019 	1685390	84.00	9.00	6.22	55.47	93550.23	1849	0	BartonZwiebach	
7300	0:28:11	1/1/2019 	1685727	63.00	9.00	5.91	55.47	93550.23	49794	0	BartonZwiebach	
7301	0:28:12	1/1/2019 	1685862	64.00	9.00	5.92	55.47	93549.56	3888	0	BartonZwiebach	
7302	0:28:12	1/1/2019 	1685946	66.00	9.00	5.93	55.47	93549.56	1849	0	BartonZwiebach	
7303	0:28:12	1/1/2019 	1686268	453.00	12.00	12.79	55.47	93549.21	1850	0	BartonZwiebach	
7304	0:28:12	1/1/2019 	1686394	68.00	10.00	5.96	55.47	93549.21	1851	0	BartonZwiebach	
7305	0:28:12	1/1/2019 	1686562	62.00	9.00	5.90	55.47	93549.21	49795	0	BartonZwiebach	
7306	0:28:12	1/1/2019 	1686616	210.00	10.00	9.54	55.47	93549.21	1849	0	BartonZwiebach	
7307	0:28:12	1/1/2019 	1686689	71.00	9.00	5.99	55.47	93549.21	3835	0	BartonZwiebach	
7308	0:28:13	1/1/2019 	1686938	66.00	9.00	5.93	55.47	93548.52	1849	0	BartonZwiebach	
7309	0:28:13	1/1/2019 	1687233	67.00	9.00	5.94	55.47	93548.34	1850	0	BartonZwiebach	
7310	0:28:13	1/1/2019 	1687238	116.00	9.00	7.04	55.47	93548.34	1849	0	BartonZwiebach	
7311	0:28:13	1/1/2019 	1687332	65.00	9.00	5.92	55.47	93548.34	1849	0	BartonZwiebach	
7312	0:28:13	1/1/2019 	1687572	69.00	9.00	5.97	55.47	93548.34	51775	0	BartonZwiebach	
7313	0:28:13	1/1/2019 	1687583	71.00	9.00	5.99	55.47	93548.34	1849	0	BartonZwiebach	
7314	0:28:13	1/1/2019 	1687645	65.00	10.00	5.93	55.47	93548.34	1849	0	BartonZwiebach	
7315	0:28:13	1/1/2019 	1687690	65.00	9.00	5.92	55.47	93547.81	1849	0	BartonZwiebach	
7316	0:28:13	1/1/2019 	1687775	73.00	9.00	6.02	55.47	93547.81	1849	0	BartonZwiebach	
7317	0:28:14	1/1/2019 	1687976	66.00	10.00	5.94	55.47	93547.81	1848	0	BartonZwiebach	
7318	0:28:14	1/1/2019 	1687986	66.00	9.00	5.93	55.47	93547.81	3835	0	BartonZwiebach	
7319	0:28:14	1/1/2019 	1688306	66.00	9.00	5.93	55.47	93547.47	1849	0	BartonZwiebach	
7320	0:28:14	1/1/2019 	1688348	69.00	9.00	5.97	55.47	93547.47	1849	0	BartonZwiebach	
7321	0:28:14	1/1/2019 	1688697	72.00	9.00	6.01	55.46	93546.80	49794	0	BartonZwiebach	
7322	0:28:15	1/1/2019 	1688914	63.00	10.00	5.91	55.46	93546.80	1850	0	BartonZwiebach	
7323	0:28:15	1/1/2019 	1689127	69.00	9.00	5.97	55.46	93546.80	1850	0	BartonZwiebach	
7324	0:28:15	1/1/2019 	1689172	69.00	9.00	5.97	55.46	93546.45	3833	0	BartonZwiebach	
7325	0:28:15	1/1/2019 	1689261	273.00	12.00	10.76	55.46	93546.45	1849	0	BartonZwiebach	
7326	0:28:15	1/1/2019 	1689432	70.00	9.00	5.98	55.46	93546.45	1849	0	BartonZwiebach	
7327	0:28:16	1/1/2019 	1689976	69.00	8.00	5.97	55.46	93545.75	49793	0	BartonZwiebach	
7328	0:28:16	1/1/2019 	1690025	67.00	9.00	5.94	55.46	93545.75	2602	0	BartonZwiebach	
7329	0:28:16	1/1/2019 	1690047	64.00	9.00	5.92	55.46	93545.75	1849	0	BartonZwiebach	
7330	0:28:16	1/1/2019 	1690125	79.00	9.00	6.12	55.46	93545.58	3971	0	BartonZwiebach	
7331	0:28:16	1/1/2019 	1690246	64.00	9.00	5.92	55.46	93545.58	1848	0	BartonZwiebach	
7332	0:28:16	1/1/2019 	1690378	905.00	98.00	29.62	55.46	93545.58	1847	0	BartonZwiebach	
7333	0:28:16	1/1/2019 	1690414	66.00	9.00	5.93	55.46	93545.58	1850	0	BartonZwiebach	
7334	0:28:16	1/1/2019 	1690450	63.00	10.00	5.91	55.46	93545.58	1849	0	BartonZwiebach	
7335	0:28:16	1/1/2019 	1690699	74.00	8.00	6.03	55.46	93545.11	49793	0	BartonZwiebach	
7336	0:28:17	1/1/2019 	1690898	70.00	9.00	5.98	55.46	93545.11	3830	0	BartonZwiebach	
7337	0:28:17	1/1/2019 	1690966	66.00	9.00	5.93	55.46	93545.11	1849	0	BartonZwiebach	
7338	0:28:17	1/1/2019 	1691010	73.00	9.00	6.02	55.46	93545.11	1849	0	BartonZwiebach	
7339	0:28:17	1/1/2019 	1691125	74.00	9.00	6.03	55.46	93544.77	1848	0	BartonZwiebach	
7340	0:28:17	1/1/2019 	1691351	73.00	9.00	6.02	55.46	93544.77	1848	0	BartonZwiebach	
7341	0:28:17	1/1/2019 	1691370	71.00	10.00	5.99	55.46	93544.77	1848	0	BartonZwiebach	
7342	0:28:17	1/1/2019 	1691552	135.00	10.00	7.59	55.46	93544.77	51831	0	BartonZwiebach	
7343	0:28:17	1/1/2019 	1691733	446.00	13.00	12.80	55.46	93544.06	1850	0	BartonZwiebach	
7344	0:28:18	1/1/2019 	1691853	64.00	10.00	5.92	55.46	93544.06	1850	0	BartonZwiebach	
7345	0:28:18	1/1/2019 	1691863	73.00	9.00	6.02	55.46	93544.06	1848	0	BartonZwiebach	
7346	0:28:18	1/1/2019 	1692031	70.00	9.00	5.98	55.46	93544.06	1848	0	BartonZwiebach	
7347	0:28:18	1/1/2019 	1692129	69.00	10.00	5.97	55.46	93543.72	1849	0	BartonZwiebach	
7348	0:28:18	1/1/2019 	1692575	168.00	10.00	8.52	55.45	93543.02	51778	0	BartonZwiebach	
7349	0:28:19	1/1/2019 	1692787	151.00	10.00	8.06	55.45	93543.02	1849	0	BartonZwiebach	
7350	0:28:19	1/1/2019 	1692969	70.00	9.00	5.98	55.45	93543.02	1851	0	BartonZwiebach	
7351	0:28:19	1/1/2019 	1693219	78.00	9.00	6.10	55.45	93542.67	1848	0	BartonZwiebach	
7352	0:28:19	1/1/2019 	1693235	132.00	9.00	7.50	55.45	93542.67	1848	0	BartonZwiebach	
7353	0:28:19	1/1/2019 	1693300	273.00	12.00	10.76	55.45	93542.67	1850	0	BartonZwiebach	
7354	0:28:19	1/1/2019 	1693410	66.00	10.00	5.94	55.45	93542.67	3835	0	BartonZwiebach	
7355	0:28:19	1/1/2019 	1693436	67.00	9.00	5.94	55.45	93542.67	1849	0	BartonZwiebach	
7356	0:28:19	1/1/2019 	1693450	67.00	10.00	5.95	55.45	93542.67	1849	0	BartonZwiebach	
7357	0:28:19	1/1/2019 	1693478	105.00	10.00	6.73	55.45	93542.67	1849	0	BartonZwiebach	
7358	0:28:19	1/1/2019 	1693591	87.00	9.00	6.28	55.45	93542.00	49794	0	BartonZwiebach	
7359	0:28:19	1/1/2019 	1693746	983.00	386.00	72.13	55.45	93542.00	1849	0	BartonZwiebach	
7360	0:28:20	1/1/2019 	1693863	71.00	9.00	5.99	55.45	93542.00	3834	0	BartonZwiebach	
7361	0:28:20	1/1/2019 	1693903	64.00	9.00	5.92	55.45	93542.00	1850	0	BartonZwiebach	
7362	0:28:20	1/1/2019 	1693928	162.00	10.00	8.36	55.45	93542.00	1848	0	BartonZwiebach	
7363	0:28:20	1/1/2019 	1694076	111.00	9.00	6.89	55.45	93541.66	1850	0	BartonZwiebach	
7364	0:28:20	1/1/2019 	1694113	67.00	9.00	5.94	55.45	93541.66	1850	0	BartonZwiebach	
7365	0:28:20	1/1/2019 	1694260	65.00	9.00	5.92	55.45	93541.66	3834	0	BartonZwiebach	
7366	0:28:20	1/1/2019 	1694289	73.00	9.00	6.02	55.45	93541.66	1849	0	BartonZwiebach	
7367	0:28:20	1/1/2019 	1694293	63.00	10.00	5.91	55.45	93541.66	1850	0	BartonZwiebach	
7368	0:28:20	1/1/2019 	1694302	87.00	10.00	6.28	55.45	93541.66	1850	0	BartonZwiebach	
7369	0:28:20	1/1/2019 	1694409	70.00	9.00	5.98	55.45	93541.66	1849	0	BartonZwiebach	
7370	0:28:20	1/1/2019 	1694498	64.00	9.00	5.92	55.45	93540.95	1849	0	BartonZwiebach	
7371	0:28:20	1/1/2019 	1694600	86.00	9.00	6.26	55.45	93540.95	51776	0	BartonZwiebach	
7372	0:28:20	1/1/2019 	1694728	65.00	9.00	5.92	55.45	93540.95	1849	0	BartonZwiebach	
7373	0:28:21	1/1/2019 	1694852	457.00	13.00	12.89	55.45	93540.95	1849	0	BartonZwiebach	
7374	0:28:21	1/1/2019 	1694858	66.00	9.00	5.93	55.45	93540.95	1851	0	BartonZwiebach	
7375	0:28:21	1/1/2019 	1694916	64.00	10.00	5.92	55.45	93540.95	1850	0	BartonZwiebach	
7376	0:28:21	1/1/2019 	1694991	65.00	9.00	5.92	55.45	93540.78	1848	0	BartonZwiebach	
7377	0:28:21	1/1/2019 	1695094	66.00	10.00	5.94	55.45	93540.78	3834	0	BartonZwiebach	
7378	0:28:21	1/1/2019 	1695339	69.00	9.00	5.97	55.45	93540.78	1850	0	BartonZwiebach	
7379	0:28:21	1/1/2019 	1695399	83.00	10.00	6.20	55.45	93540.78	1850	0	BartonZwiebach	
7380	0:28:21	1/1/2019 	1695636	904.00	56.00	23.27	55.45	93540.27	49793	0	BartonZwiebach	
7381	0:28:21	1/1/2019 	1695658	234.00	11.00	10.05	55.45	93540.27	1850	0	BartonZwiebach	
7382	0:28:21	1/1/2019 	1695752	83.00	9.00	6.20	55.45	93540.27	1850	0	BartonZwiebach	
7383	0:28:22	1/1/2019 	1695793	67.00	9.00	5.94	55.45	93540.27	3834	0	BartonZwiebach	
7384	0:28:22	1/1/2019 	1695796	68.00	9.00	5.95	55.45	93540.27	1851	0	BartonZwiebach	
7385	0:28:22	1/1/2019 	1695991	75.00	9.00	6.05	55.45	93540.09	1849	0	BartonZwiebach	
7386	0:28:22	1/1/2019 	1696180	996.00	929.00	202.11	55.45	93540.09	1850	0	BartonZwiebach	
7387	0:28:22	1/1/2019 	1696497	71.00	9.00	5.99	55.44	93539.44	1852	0	BartonZwiebach	
7388	0:28:22	1/1/2019 	1696577	66.00	10.00	5.94	55.44	93539.44	49793	0	BartonZwiebach	
7389	0:28:23	1/1/2019 	1696925	322.00	11.00	11.45	55.44	93539.27	3834	0	BartonZwiebach	
7390	0:28:23	1/1/2019 	1697049	66.00	9.00	5.93	55.44	93539.27	1851	0	BartonZwiebach	
7391	0:28:23	1/1/2019 	1697078	65.00	9.00	5.92	55.44	93539.27	1849	0	BartonZwiebach	
7392	0:28:23	1/1/2019 	1697182	69.00	10.00	5.97	55.44	93539.27	1849	0	BartonZwiebach	
7393	0:28:23	1/1/2019 	1697318	230.00	14.00	10.01	55.44	93539.27	1850	0	BartonZwiebach	
7394	0:28:23	1/1/2019 	1697403	66.00	9.00	5.93	55.44	93538.40	1849	0	BartonZwiebach	
7395	0:28:23	1/1/2019 	1697711	64.00	9.00	5.92	55.44	93538.40	51831	0	BartonZwiebach	
7396	0:28:24	1/1/2019 	1697869	66.00	9.00	5.93	55.44	93538.05	1848	0	BartonZwiebach	
7397	0:28:24	1/1/2019 	1698480	65.00	9.00	5.92	55.44	93537.53	1849	0	BartonZwiebach	
7398	0:28:25	1/1/2019 	1698792	66.00	5.00	5.93	55.44	93537.53	49792	0	BartonZwiebach	
7399	0:28:25	1/1/2019 	1698923	78.00	9.00	6.10	55.44	93537.36	1849	0	BartonZwiebach	
7400	0:28:25	1/1/2019 	1698971	65.00	9.00	5.92	55.44	93537.36	1849	0	BartonZwiebach	
7401	0:28:25	1/1/2019 	1699025	66.00	9.00	5.93	55.44	93537.36	3833	0	BartonZwiebach	
7402	0:28:25	1/1/2019 	1699175	452.00	13.00	12.85	55.44	93537.36	1849	0	BartonZwiebach	
7403	0:28:25	1/1/2019 	1699197	64.00	9.00	5.92	55.44	93537.36	1851	0	BartonZwiebach	
7404	0:28:25	1/1/2019 	1699565	68.00	9.00	5.95	55.44	93536.86	49791	0	BartonZwiebach	
7405	0:28:25	1/1/2019 	1699720	69.00	9.00	5.97	55.44	93536.86	2799	0	BartonZwiebach	
7406	0:28:26	1/1/2019 	1699871	106.00	5.00	6.75	55.44	93536.69	1849	0	BartonZwiebach	
7407	0:28:26	1/1/2019 	1700052	65.00	9.00	5.92	55.44	93536.69	3973	0	BartonZwiebach	
7408	0:28:26	1/1/2019 	1700164	66.00	10.00	5.94	55.44	93536.69	1849	0	BartonZwiebach	
7409	0:28:26	1/1/2019 	1700271	66.00	9.00	5.93	55.44	93536.69	1849	0	BartonZwiebach	
7410	0:28:26	1/1/2019 	1700313	67.00	9.00	5.94	55.43	93536.16	1849	0	BartonZwiebach	
7411	0:28:26	1/1/2019 	1700727	72.00	9.00	6.01	55.43	93536.16	49793	0	BartonZwiebach	
7412	0:28:27	1/1/2019 	1701252	74.00	9.00	6.03	55.43	93535.98	1849	0	BartonZwiebach	
7413	0:28:27	1/1/2019 	1701301	943.00	72.00	25.26	55.43	93535.31	3835	0	BartonZwiebach	
7414	0:28:27	1/1/2019 	1701617	66.00	9.00	5.93	55.43	93535.31	49796	0	BartonZwiebach	
7415	0:28:27	1/1/2019 	1701620	67.00	9.00	5.94	55.43	93535.31	1849	0	BartonZwiebach	
7416	0:28:27	1/1/2019 	1701649	68.00	9.00	5.95	55.43	93535.31	1849	0	BartonZwiebach	
7417	0:28:28	1/1/2019 	1701949	64.00	9.00	5.92	55.43	93534.97	1849	0	BartonZwiebach	
7418	0:28:28	1/1/2019 	1702020	897.00	94.00	28.86	55.43	93534.97	1850	0	BartonZwiebach	
7419	0:28:28	1/1/2019 	1702075	70.00	10.00	5.98	55.43	93534.97	3834	0	BartonZwiebach	
7420	0:28:28	1/1/2019 	1702113	70.00	9.00	5.98	55.43	93534.97	1849	0	BartonZwiebach	
7421	0:28:28	1/1/2019 	1702151	70.00	9.00	5.98	55.43	93534.97	1848	0	BartonZwiebach	
7422	0:28:28	1/1/2019 	1702160	69.00	10.00	5.97	55.43	93534.97	1848	0	BartonZwiebach	
7423	0:28:28	1/1/2019 	1702354	66.00	12.00	5.94	55.43	93534.47	1849	0	BartonZwiebach	
7424	0:28:28	1/1/2019 	1702430	73.00	10.00	6.02	55.43	93534.47	3832	0	BartonZwiebach	
7425	0:28:28	1/1/2019 	1702448	69.00	9.00	5.97	55.43	93534.47	1849	0	BartonZwiebach	
7426	0:28:28	1/1/2019 	1702595	72.00	9.00	6.01	55.43	93534.47	49795	0	BartonZwiebach	
7427	0:28:28	1/1/2019 	1702635	65.00	10.00	5.93	55.43	93534.47	1849	0	BartonZwiebach	
7428	0:28:28	1/1/2019 	1702643	64.00	9.00	5.92	55.43	93534.47	1849	0	BartonZwiebach	
7429	0:28:28	1/1/2019 	1702657	70.00	9.00	5.98	55.43	93534.47	1847	0	BartonZwiebach	
7430	0:28:28	1/1/2019 	1702723	74.00	10.00	6.04	55.43	93533.95	3832	0	BartonZwiebach	
7431	0:28:29	1/1/2019 	1702782	122.00	9.00	7.21	55.43	93533.95	1849	0	BartonZwiebach	
7432	0:28:29	1/1/2019 	1703197	64.00	9.00	5.92	55.43	93533.77	1849	0	BartonZwiebach	
7433	0:28:29	1/1/2019 	1703253	69.00	9.00	5.97	55.43	93533.77	1848	0	BartonZwiebach	
7434	0:28:29	1/1/2019 	1703312	74.00	10.00	6.04	55.43	93533.77	1849	0	BartonZwiebach	
7435	0:28:29	1/1/2019 	1703460	83.00	9.00	6.20	55.43	93533.77	1849	0	BartonZwiebach	
7436	0:28:29	1/1/2019 	1703481	264.00	12.00	10.61	55.43	93533.77	3889	0	BartonZwiebach	
7437	0:28:29	1/1/2019 	1703586	65.00	9.00	5.92	55.43	93533.77	49795	0	BartonZwiebach	
7438	0:28:29	1/1/2019 	1703636	164.00	10.00	8.42	55.43	93533.77	1849	0	BartonZwiebach	
7439	0:28:30	1/1/2019 	1703964	64.00	9.00	5.92	55.43	93533.42	1850	0	BartonZwiebach	
7440	0:28:30	1/1/2019 	1704264	67.00	10.00	5.95	55.42	93532.75	1850	0	BartonZwiebach	
7441	0:28:30	1/1/2019 	1704467	78.00	9.00	6.10	55.42	93532.75	1849	0	BartonZwiebach	
7442	0:28:30	1/1/2019 	1704483	65.00	9.00	5.92	55.42	93532.75	3832	0	BartonZwiebach	
7443	0:28:30	1/1/2019 	1704488	92.00	10.00	6.40	55.42	93532.75	1848	0	BartonZwiebach	
7444	0:28:31	1/1/2019 	1704873	204.00	11.00	9.42	55.42	93532.58	49794	0	BartonZwiebach	
7445	0:28:31	1/1/2019 	1705122	65.00	9.00	5.92	55.42	93532.58	1851	0	BartonZwiebach	
7446	0:28:31	1/1/2019 	1705282	67.00	9.00	5.94	55.42	93532.06	1849	0	BartonZwiebach	
7447	0:28:31	1/1/2019 	1705305	67.00	9.00	5.94	55.42	93532.06	1848	0	BartonZwiebach	
7448	0:28:31	1/1/2019 	1705334	66.00	10.00	5.94	55.42	93532.06	3833	0	BartonZwiebach	
7449	0:28:31	1/1/2019 	1705643	67.00	9.00	5.94	55.42	93531.88	49793	0	BartonZwiebach	
7450	0:28:32	1/1/2019 	1705930	71.00	9.00	5.99	55.42	93531.88	1849	0	BartonZwiebach	
7451	0:28:32	1/1/2019 	1705961	66.00	9.00	5.93	55.42	93531.88	1851	0	BartonZwiebach	
7452	0:28:32	1/1/2019 	1706024	66.00	9.00	5.93	55.42	93531.88	1849	0	BartonZwiebach	
7453	0:28:32	1/1/2019 	1706330	66.00	9.00	5.93	55.42	93531.36	1850	0	BartonZwiebach	
7454	0:28:33	1/1/2019 	1706794	71.00	10.00	5.99	55.42	93531.19	51778	0	BartonZwiebach	
7455	0:28:33	1/1/2019 	1707013	64.00	9.00	5.92	55.42	93531.19	1850	0	BartonZwiebach	
7456	0:28:33	1/1/2019 	1707034	66.00	9.00	5.93	55.42	93531.19	1847	0	BartonZwiebach	
7457	0:28:33	1/1/2019 	1707559	68.00	9.00	5.95	55.42	93530.69	49792	0	BartonZwiebach	
7458	0:28:33	1/1/2019 	1707777	64.00	9.00	5.92	55.42	93530.34	1848	0	BartonZwiebach	
7459	0:28:34	1/1/2019 	1707847	68.00	9.00	5.95	55.42	93530.34	1848	0	BartonZwiebach	
7460	0:28:34	1/1/2019 	1707856	68.00	9.00	5.95	55.42	93530.34	3835	0	BartonZwiebach	
7461	0:28:34	1/1/2019 	1707894	72.00	9.00	6.01	55.42	93530.34	1849	0	BartonZwiebach	
7462	0:28:34	1/1/2019 	1707963	170.00	10.00	8.58	55.42	93530.34	1850	0	BartonZwiebach	
7463	0:28:34	1/1/2019 	1708035	67.00	9.00	5.94	55.42	93530.34	1850	0	BartonZwiebach	
7464	0:28:34	1/1/2019 	1708050	66.00	9.00	5.93	55.41	93529.67	1849	0	BartonZwiebach	
7465	0:28:34	1/1/2019 	1708116	64.00	9.00	5.92	55.41	93529.67	1849	0	BartonZwiebach	
7466	0:28:34	1/1/2019 	1708348	64.00	9.00	5.92	55.41	93529.67	3832	0	BartonZwiebach	
7467	0:28:34	1/1/2019 	1708368	66.00	9.00	5.93	55.41	93529.67	1847	0	BartonZwiebach	
7468	0:28:34	1/1/2019 	1708456	725.00	34.00	20.38	55.41	93529.67	1849	0	BartonZwiebach	
7469	0:28:35	1/1/2019 	1708825	64.00	9.00	5.92	55.41	93529.67	49797	0	BartonZwiebach	
7470	0:28:35	1/1/2019 	1708856	62.00	9.00	5.90	55.41	93529.67	1848	0	BartonZwiebach	
7471	0:28:35	1/1/2019 	1708927	65.00	8.00	5.92	55.41	93529.67	1850	0	BartonZwiebach	
7472	0:28:35	1/1/2019 	1709184	392.00	18.00	12.53	55.41	93528.97	3832	0	BartonZwiebach	
7473	0:28:35	1/1/2019 	1709243	67.00	9.00	5.94	55.41	93528.97	1850	0	BartonZwiebach	
7474	0:28:35	1/1/2019 	1709316	70.00	9.00	5.98	55.41	93528.97	1849	0	BartonZwiebach	
7475	0:28:35	1/1/2019 	1709464	78.00	9.00	6.10	55.41	93528.97	1849	0	BartonZwiebach	
7476	0:28:35	1/1/2019 	1709477	65.00	9.00	5.92	55.41	93528.97	1848	0	BartonZwiebach	
7477	0:28:35	1/1/2019 	1709688	108.00	10.00	6.81	55.41	93528.80	49794	0	BartonZwiebach	
7478	0:28:36	1/1/2019 	1709815	65.00	9.00	5.92	55.41	93528.80	4986	0	BartonZwiebach	
7479	0:28:36	1/1/2019 	1709947	66.00	9.00	5.93	55.41	93528.80	1850	0	BartonZwiebach	
7480	0:28:36	1/1/2019 	1710044	73.00	10.00	6.02	55.41	93528.62	1851	0	BartonZwiebach	
7481	0:28:36	1/1/2019 	1710320	66.00	9.00	5.93	55.41	93528.62	1856	0	BartonZwiebach	
7482	0:28:36	1/1/2019 	1710335	78.00	9.00	6.10	55.41	93528.62	1855	0	BartonZwiebach	
7483	0:28:36	1/1/2019 	1710568	88.00	10.00	6.30	55.41	93527.95	49798	0	BartonZwiebach	
7484	0:28:37	1/1/2019 	1710957	280.00	11.00	10.85	55.41	93527.78	3835	0	BartonZwiebach	
7485	0:28:37	1/1/2019 	1710991	69.00	10.00	5.97	55.41	93527.78	1852	0	BartonZwiebach	
7486	0:28:37	1/1/2019 	1711004	66.00	9.00	5.93	55.41	93527.78	1849	0	BartonZwiebach	
7487	0:28:37	1/1/2019 	1711042	67.00	9.00	5.94	55.41	93527.78	1849	0	BartonZwiebach	
7488	0:28:37	1/1/2019 	1711255	76.00	9.00	6.07	55.41	93527.78	1849	0	BartonZwiebach	
7489	0:28:37	1/1/2019 	1711291	65.00	9.00	5.92	55.41	93527.78	3833	0	BartonZwiebach	
7490	0:28:37	1/1/2019 	1711731	64.00	9.00	5.92	55.41	93527.08	49793	0	BartonZwiebach	
7491	0:28:37	1/1/2019 	1711745	338.00	14.00	11.76	55.41	93527.08	1849	0	BartonZwiebach	
7492	0:28:37	1/1/2019 	1711765	72.00	9.00	6.01	55.41	93527.08	1850	0	BartonZwiebach	
7493	0:28:38	1/1/2019 	1711836	65.00	9.00	5.92	55.41	93527.08	1848	0	BartonZwiebach	
7494	0:28:38	1/1/2019 	1712167	68.00	9.00	5.95	55.41	93526.73	1850	0	BartonZwiebach	
7495	0:28:38	1/1/2019 	1712288	64.00	9.00	5.92	55.41	93526.73	3832	0	BartonZwiebach	
7496	0:28:38	1/1/2019 	1712628	74.00	9.00	6.03	55.40	93526.23	49792	0	BartonZwiebach	
7497	0:28:38	1/1/2019 	1712641	66.00	9.00	5.93	55.40	93526.23	1849	0	BartonZwiebach	
7498	0:28:38	1/1/2019 	1712704	988.00	594.00	103.52	55.40	93526.23	1849	0	BartonZwiebach	
7499	0:28:39	1/1/2019 	1712835	186.00	10.00	8.99	55.40	93526.23	1851	0	BartonZwiebach	
7500	0:28:39	1/1/2019 	1712845	78.00	9.00	6.10	55.40	93526.23	1850	0	BartonZwiebach	
7501	0:28:39	1/1/2019 	1713248	72.00	9.00	6.01	55.40	93525.89	3833	0	BartonZwiebach	
7502	0:28:39	1/1/2019 	1713276	76.00	10.00	6.07	55.40	93525.89	1849	0	BartonZwiebach	
7503	0:28:39	1/1/2019 	1713457	774.00	41.00	21.52	55.40	93526.06	1850	0	BartonZwiebach	
7504	0:28:39	1/1/2019 	1713460	66.00	7.00	5.93	55.40	93526.06	1850	0	BartonZwiebach	
7505	0:28:39	1/1/2019 	1713594	66.00	9.00	5.93	55.40	93526.06	49794	0	BartonZwiebach	
7506	0:28:39	1/1/2019 	1713603	83.00	10.00	6.20	55.40	93526.06	1849	0	BartonZwiebach	
7507	0:28:40	1/1/2019 	1713805	69.00	10.00	5.97	55.40	93526.06	3835	0	BartonZwiebach	
7508	0:28:40	1/1/2019 	1714469	64.00	9.00	5.92	55.40	93525.20	1851	0	BartonZwiebach	
7509	0:28:40	1/1/2019 	1714623	902.00	69.00	24.84	55.40	93525.20	49793	0	BartonZwiebach	
7510	0:28:40	1/1/2019 	1714669	72.00	9.00	6.01	55.40	93525.20	1850	0	BartonZwiebach	
7511	0:28:41	1/1/2019 	1714871	64.00	9.00	5.92	55.40	93524.70	1848	0	BartonZwiebach	
7512	0:28:41	1/1/2019 	1715005	70.00	10.00	5.98	55.40	93524.70	1850	0	BartonZwiebach	
7513	0:28:41	1/1/2019 	1715127	254.00	11.00	10.42	55.40	93524.70	3833	0	BartonZwiebach	
7514	0:28:41	1/1/2019 	1715259	66.00	9.00	5.93	55.40	93524.70	1851	0	BartonZwiebach	
7515	0:28:41	1/1/2019 	1715328	68.00	9.00	5.95	55.40	93524.53	1849	0	BartonZwiebach	
7516	0:28:41	1/1/2019 	1715374	65.00	8.00	5.92	55.40	93524.53	1848	0	BartonZwiebach	
7517	0:28:41	1/1/2019 	1715549	65.00	9.00	5.92	55.40	93524.53	49790	0	BartonZwiebach	
7518	0:28:41	1/1/2019 	1715623	62.00	9.00	5.90	55.40	93524.53	1849	0	BartonZwiebach	
7519	0:28:41	1/1/2019 	1715642	68.00	9.00	5.95	55.40	93524.53	3833	0	BartonZwiebach	
7520	0:28:41	1/1/2019 	1715649	66.00	9.00	5.93	55.40	93524.53	1849	0	BartonZwiebach	
7521	0:28:42	1/1/2019 	1715851	514.00	16.00	13.62	55.40	93523.85	1850	0	BartonZwiebach	
7522	0:28:42	1/1/2019 	1715898	64.00	9.00	5.92	55.40	93523.85	1849	0	BartonZwiebach	
7523	0:28:42	1/1/2019 	1716092	424.00	13.00	12.62	55.40	93523.85	1849	0	BartonZwiebach	
7524	0:28:42	1/1/2019 	1716103	287.00	12.00	10.99	55.40	93523.85	1850	0	BartonZwiebach	
7525	0:28:42	1/1/2019 	1716128	64.00	9.00	5.92	55.40	93523.85	3833	0	BartonZwiebach	
7526	0:28:42	1/1/2019 	1716154	153.00	10.00	8.11	55.40	93523.85	1849	0	BartonZwiebach	
7527	0:28:42	1/1/2019 	1716283	64.00	9.00	5.92	55.40	93523.85	1849	0	BartonZwiebach	
7528	0:28:42	1/1/2019 	1716328	70.00	9.00	5.98	55.40	93523.68	1848	0	BartonZwiebach	
7529	0:28:42	1/1/2019 	1716595	78.00	9.00	6.10	55.40	93523.68	49794	0	BartonZwiebach	
7530	0:28:42	1/1/2019 	1716679	76.00	9.00	6.07	55.40	93523.68	1849	0	BartonZwiebach	
7531	0:28:42	1/1/2019 	1716715	70.00	9.00	5.98	55.40	93523.68	3887	0	BartonZwiebach	
7532	0:28:43	1/1/2019 	1717038	933.00	69.00	24.85	55.39	93523.16	1850	0	BartonZwiebach	
7533	0:28:43	1/1/2019 	1717057	64.00	11.00	5.92	55.39	93523.16	1852	0	BartonZwiebach	
7534	0:28:43	1/1/2019 	1717257	64.00	9.00	5.92	55.39	93523.16	1848	0	BartonZwiebach	
7535	0:28:43	1/1/2019 	1717343	143.00	10.00	7.83	55.39	93522.45	1848	0	BartonZwiebach	
7536	0:28:43	1/1/2019 	1717404	184.00	10.00	8.94	55.39	93522.45	1850	0	BartonZwiebach	
7537	0:28:43	1/1/2019 	1717429	66.00	9.00	5.93	55.39	93522.45	3833	0	BartonZwiebach	
7538	0:28:43	1/1/2019 	1717493	80.00	9.00	6.14	55.39	93522.45	1850	0	BartonZwiebach	
7539	0:28:43	1/1/2019 	1717630	66.00	9.00	5.93	55.39	93522.45	49793	0	BartonZwiebach	
7540	0:28:43	1/1/2019 	1717756	66.00	9.00	5.93	55.39	93522.28	1850	0	BartonZwiebach	
7541	0:28:44	1/1/2019 	1717846	252.00	10.00	10.37	55.39	93522.28	1849	0	BartonZwiebach	
7542	0:28:44	1/1/2019 	1717945	64.00	9.00	5.92	55.39	93522.28	3837	0	BartonZwiebach	
7543	0:28:44	1/1/2019 	1718006	320.00	12.00	11.46	55.39	93522.28	1848	0	BartonZwiebach	
7544	0:28:44	1/1/2019 	1718089	67.00	9.00	5.94	55.39	93522.28	1849	0	BartonZwiebach	
7545	0:28:44	1/1/2019 	1718677	65.00	9.00	5.92	55.39	93521.78	49794	0	BartonZwiebach	
7546	0:28:44	1/1/2019 	1718681	70.00	10.00	5.98	55.39	93521.78	1849	0	BartonZwiebach	
7547	0:28:45	1/1/2019 	1718850	987.00	573.00	98.92	55.39	93521.44	1850	0	BartonZwiebach	
7548	0:28:45	1/1/2019 	1718933	184.00	10.00	8.94	55.39	93521.44	3835	0	BartonZwiebach	
7549	0:28:45	1/1/2019 	1719053	948.00	82.00	26.80	55.39	93521.44	1849	0	BartonZwiebach	
7550	0:28:45	1/1/2019 	1719095	76.00	9.00	6.07	55.39	93521.44	1850	0	BartonZwiebach	
7551	0:28:45	1/1/2019 	1719147	74.00	9.00	6.03	55.39	93521.44	1850	0	BartonZwiebach	
7552	0:28:45	1/1/2019 	1719264	206.00	11.00	9.47	55.39	93520.91	1849	0	BartonZwiebach	
7553	0:28:45	1/1/2019 	1719309	69.00	9.00	5.97	55.39	93520.91	1851	0	BartonZwiebach	
7554	0:28:45	1/1/2019 	1719344	65.00	9.00	5.92	55.39	93520.91	3833	0	BartonZwiebach	
7555	0:28:45	1/1/2019 	1719636	64.00	9.00	5.92	55.39	93520.91	49794	0	BartonZwiebach	
7556	0:28:45	1/1/2019 	1719658	64.00	9.00	5.92	55.39	93520.91	2797	0	BartonZwiebach	
7557	0:28:46	1/1/2019 	1719814	226.00	10.00	9.88	55.39	93520.56	1847	0	BartonZwiebach	
7558	0:28:46	1/1/2019 	1720646	71.00	9.00	5.99	55.38	93520.07	49794	0	BartonZwiebach	
7559	0:28:46	1/1/2019 	1720680	65.00	9.00	5.92	55.38	93519.90	1848	0	BartonZwiebach	
7560	0:28:46	1/1/2019 	1720686	65.00	9.00	5.92	55.38	93519.90	3973	0	BartonZwiebach	
7561	0:28:46	1/1/2019 	1720752	68.00	9.00	5.95	55.38	93519.90	1848	0	BartonZwiebach	
7562	0:28:47	1/1/2019 	1720864	67.00	9.00	5.94	55.38	93519.90	1849	0	BartonZwiebach	
7563	0:28:47	1/1/2019 	1720884	62.00	9.00	5.90	55.38	93519.90	1849	0	BartonZwiebach	
7564	0:28:47	1/1/2019 	1720922	65.00	10.00	5.93	55.38	93519.90	1850	0	BartonZwiebach	
7565	0:28:47	1/1/2019 	1721291	65.00	9.00	5.92	55.38	93519.22	1849	0	BartonZwiebach	
7566	0:28:47	1/1/2019 	1721326	71.00	9.00	5.99	55.38	93519.22	3805	0	BartonZwiebach	
7567	0:28:47	1/1/2019 	1721360	68.00	9.00	5.95	55.38	93519.22	1849	0	BartonZwiebach	
7568	0:28:47	1/1/2019 	1721383	150.00	10.00	8.03	55.38	93519.22	1848	0	BartonZwiebach	
7569	0:28:47	1/1/2019 	1721434	953.00	141.00	37.80	55.38	93519.22	1850	0	BartonZwiebach	
7570	0:28:47	1/1/2019 	1721494	69.00	9.00	5.97	55.38	93519.22	1850	0	BartonZwiebach	
7571	0:28:47	1/1/2019 	1721575	66.00	9.00	5.93	55.38	93519.22	49792	0	BartonZwiebach	
7572	0:28:48	1/1/2019 	1722137	273.00	12.00	10.76	55.38	93518.88	6341	0	BartonZwiebach	
7573	0:28:48	1/1/2019 	1722268	75.00	10.00	6.05	55.38	93518.88	1850	0	BartonZwiebach	
7574	0:28:48	1/1/2019 	1722347	70.00	9.00	5.98	55.38	93518.88	1849	0	BartonZwiebach	
7575	0:28:48	1/1/2019 	1722370	99.00	9.00	6.57	55.38	93518.88	1848	0	BartonZwiebach	
7576	0:28:48	1/1/2019 	1722379	68.00	9.00	5.95	55.38	93518.88	1849	0	BartonZwiebach	
7577	0:28:48	1/1/2019 	1722389	67.00	9.00	5.94	55.38	93518.88	1850	0	BartonZwiebach	
7578	0:28:48	1/1/2019 	1722609	64.00	9.00	5.92	55.38	93518.35	51777	0	BartonZwiebach	
7579	0:28:48	1/1/2019 	1722614	187.00	9.00	9.00	55.38	93518.35	1848	0	BartonZwiebach	
7580	0:28:48	1/1/2019 	1722630	67.00	9.00	5.94	55.38	93518.35	1850	0	BartonZwiebach	
7581	0:28:48	1/1/2019 	1722720	69.00	13.00	5.97	55.38	93518.35	1850	0	BartonZwiebach	
7582	0:28:48	1/1/2019 	1722729	66.00	9.00	5.93	55.38	93518.35	1850	0	BartonZwiebach	
7583	0:28:49	1/1/2019 	1722845	65.00	9.00	5.92	55.38	93518.35	1850	0	BartonZwiebach	
7584	0:28:49	1/1/2019 	1722886	83.00	9.00	6.20	55.38	93518.35	3834	0	BartonZwiebach	
7585	0:28:49	1/1/2019 	1722905	69.00	9.00	5.97	55.38	93518.35	1849	0	BartonZwiebach	
7586	0:28:49	1/1/2019 	1722969	67.00	9.00	5.94	55.38	93518.35	1849	0	BartonZwiebach	
7587	0:28:49	1/1/2019 	1722986	66.00	9.00	5.93	55.38	93518.35	1850	0	BartonZwiebach	
7588	0:28:49	1/1/2019 	1723106	70.00	9.00	5.98	55.38	93518.02	1849	0	BartonZwiebach	
7589	0:28:49	1/1/2019 	1723160	70.00	9.00	5.98	55.38	93518.02	1848	0	BartonZwiebach	
7590	0:28:49	1/1/2019 	1723207	68.00	10.00	5.96	55.38	93518.02	3832	0	BartonZwiebach	
7591	0:28:49	1/1/2019 	1723458	71.00	9.00	5.99	55.38	93518.02	1849	0	BartonZwiebach	
7592	0:28:49	1/1/2019 	1723612	135.00	10.00	7.59	55.38	93517.31	49791	0	BartonZwiebach	
7593	0:28:50	1/1/2019 	1723937	65.00	9.00	5.92	55.38	93517.31	1851	0	BartonZwiebach	
7594	0:28:50	1/1/2019 	1724044	74.00	9.00	6.03	55.38	93517.31	1850	0	BartonZwiebach	
7595	0:28:50	1/1/2019 	1724335	128.00	9.00	7.39	55.38	93516.47	1848	0	BartonZwiebach	
7596	0:28:50	1/1/2019 	1724390	69.00	9.00	5.97	55.38	93516.47	3833	0	BartonZwiebach	
7597	0:28:50	1/1/2019 	1724569	253.00	12.00	10.42	55.38	93516.12	49796	0	BartonZwiebach	
7598	0:28:50	1/1/2019 	1724592	67.00	9.00	5.94	55.38	93516.12	1856	0	BartonZwiebach	
7599	0:28:51	1/1/2019 	1724853	74.00	9.00	6.03	55.38	93516.12	1856	0	BartonZwiebach	
7600	0:28:51	1/1/2019 	1724889	74.00	10.00	6.04	55.38	93516.12	1857	0	BartonZwiebach	
7601	0:28:51	1/1/2019 	1724952	74.00	10.00	6.04	55.38	93516.12	3841	0	BartonZwiebach	
7602	0:28:51	1/1/2019 	1724973	71.00	8.00	5.99	55.38	93516.12	1855	0	BartonZwiebach	
7603	0:28:51	1/1/2019 	1725039	66.00	9.00	5.93	55.38	93516.12	1855	0	BartonZwiebach	
7604	0:28:51	1/1/2019 	1725075	64.00	9.00	5.92	55.38	93516.12	1856	0	BartonZwiebach	
7605	0:28:51	1/1/2019 	1725363	877.00	52.00	22.83	55.38	93516.12	1855	0	BartonZwiebach	
7606	0:28:51	1/1/2019 	1725605	66.00	10.00	5.94	55.37	93515.42	49801	0	BartonZwiebach	
7607	0:28:51	1/1/2019 	1725627	67.00	9.00	5.94	55.37	93515.42	3835	0	BartonZwiebach	
7608	0:28:52	1/1/2019 	1725878	639.00	28.00	17.52	55.37	93515.42	1849	0	BartonZwiebach	
7609	0:28:52	1/1/2019 	1725910	67.00	9.00	5.94	55.37	93515.42	1851	0	BartonZwiebach	
7610	0:28:52	1/1/2019 	1726069	89.00	9.00	6.32	55.37	93514.91	1849	0	BartonZwiebach	
7611	0:28:52	1/1/2019 	1726090	66.00	10.00	5.94	55.37	93514.91	1849	0	BartonZwiebach	
7612	0:28:52	1/1/2019 	1726102	68.00	6.00	5.95	55.37	93514.91	1849	0	BartonZwiebach	
7613	0:28:52	1/1/2019 	1726407	65.00	9.00	5.92	55.37	93514.91	3833	0	BartonZwiebach	
7614	0:28:52	1/1/2019 	1726548	933.00	66.00	24.45	55.37	93514.55	49792	0	BartonZwiebach	
7615	0:28:52	1/1/2019 	1726699	70.00	9.00	5.98	55.37	93514.55	2043	0	BartonZwiebach	
7616	0:28:53	1/1/2019 	1726853	65.00	9.00	5.92	55.37	93514.55	1849	0	BartonZwiebach	
7617	0:28:53	1/1/2019 	1727022	78.00	9.00	6.10	55.37	93514.09	1850	0	BartonZwiebach	
7618	0:28:53	1/1/2019 	1727179	65.00	9.00	5.92	55.37	93514.09	1850	0	BartonZwiebach	
7619	0:28:53	1/1/2019 	1727226	78.00	10.00	6.10	55.37	93514.09	3833	0	BartonZwiebach	
7620	0:28:54	1/1/2019 	1727979	65.00	9.00	5.92	55.37	93513.05	49793	0	BartonZwiebach	
7621	0:28:54	1/1/2019 	1728002	67.00	10.00	5.95	55.37	93513.05	1849	0	BartonZwiebach	
7622	0:28:54	1/1/2019 	1728196	74.00	9.00	6.03	55.37	93513.05	1850	0	BartonZwiebach	
7623	0:28:54	1/1/2019 	1728419	71.00	9.00	5.99	55.37	93512.70	1849	0	BartonZwiebach	
7624	0:28:54	1/1/2019 	1728608	64.00	9.00	5.92	55.37	93512.70	49794	0	BartonZwiebach	
7625	0:28:55	1/1/2019 	1728789	68.00	9.00	5.95	55.37	93512.70	3886	0	BartonZwiebach	
7626	0:28:55	1/1/2019 	1728944	71.00	9.00	5.99	55.37	93511.83	1850	0	BartonZwiebach	
7627	0:28:55	1/1/2019 	1728975	74.00	9.00	6.03	55.37	93511.83	1849	0	BartonZwiebach	
7628	0:28:55	1/1/2019 	1729296	212.00	11.00	9.60	55.37	93511.83	1848	0	BartonZwiebach	
7629	0:28:55	1/1/2019 	1729684	74.00	9.00	6.03	55.37	93511.66	49794	0	BartonZwiebach	
7630	0:28:56	1/1/2019 	1729850	67.00	9.00	5.94	55.37	93511.66	2602	0	BartonZwiebach	
7631	0:28:56	1/1/2019 	1730032	71.00	10.00	5.99	55.36	93511.16	3974	0	BartonZwiebach	
7632	0:28:56	1/1/2019 	1730212	67.00	10.00	5.95	55.36	93511.16	1850	0	BartonZwiebach	
7633	0:28:56	1/1/2019 	1730218	70.00	9.00	5.98	55.36	93511.16	1849	0	BartonZwiebach	
7634	0:28:56	1/1/2019 	1730396	64.00	9.00	5.92	55.36	93510.66	1849	0	BartonZwiebach	
7635	0:28:56	1/1/2019 	1730632	75.00	9.00	6.05	55.36	93510.66	49792	0	BartonZwiebach	
7636	0:28:56	1/1/2019 	1730731	70.00	9.00	5.98	55.36	93510.66	1848	0	BartonZwiebach	
7637	0:28:57	1/1/2019 	1730975	64.00	9.00	5.92	55.36	93510.48	3834	0	BartonZwiebach	
7638	0:28:57	1/1/2019 	1731036	64.00	9.00	5.92	55.36	93510.48	1849	0	BartonZwiebach	
7639	0:28:57	1/1/2019 	1731196	66.00	9.00	5.93	55.36	93510.48	1848	0	BartonZwiebach	
7640	0:28:57	1/1/2019 	1731219	69.00	9.00	5.97	55.36	93510.48	1848	0	BartonZwiebach	
7641	0:28:57	1/1/2019 	1731497	69.00	9.00	5.97	55.36	93509.96	1849	0	BartonZwiebach	
7642	0:28:57	1/1/2019 	1731618	71.00	9.00	5.99	55.36	93509.96	49791	0	BartonZwiebach	
7643	0:28:57	1/1/2019 	1731667	69.00	9.00	5.97	55.36	93509.96	3833	0	BartonZwiebach	
7644	0:28:58	1/1/2019 	1731785	926.00	64.00	24.20	55.36	93509.96	1850	0	BartonZwiebach	
7645	0:28:58	1/1/2019 	1731938	69.00	9.00	5.97	55.36	93509.61	1849	0	BartonZwiebach	
7646	0:28:58	1/1/2019 	1731953	75.00	9.00	6.05	55.36	93509.61	1849	0	BartonZwiebach	
7647	0:28:58	1/1/2019 	1732057	65.00	9.00	5.92	55.36	93509.61	1850	0	BartonZwiebach	
7648	0:28:58	1/1/2019 	1732082	168.00	10.00	8.52	55.36	93509.61	1850	0	BartonZwiebach	
7649	0:28:58	1/1/2019 	1732130	242.00	12.00	10.22	55.36	93509.61	3835	0	BartonZwiebach	
7650	0:28:58	1/1/2019 	1732148	64.00	9.00	5.92	55.36	93509.61	1849	0	BartonZwiebach	
7651	0:28:58	1/1/2019 	1732153	95.00	9.00	6.47	55.36	93509.61	1848	0	BartonZwiebach	
7652	0:28:58	1/1/2019 	1732230	75.00	10.00	6.05	55.36	93509.61	1849	0	BartonZwiebach	
7653	0:28:58	1/1/2019 	1732278	67.00	9.00	5.94	55.36	93509.61	1849	0	BartonZwiebach	
7654	0:28:58	1/1/2019 	1732297	64.00	9.00	5.92	55.36	93509.61	1849	0	BartonZwiebach	
7655	0:28:58	1/1/2019 	1732572	66.00	9.00	5.93	55.36	93509.11	51830	0	BartonZwiebach	
7656	0:28:58	1/1/2019 	1732661	65.00	9.00	5.92	55.36	93509.11	1849	0	BartonZwiebach	
7657	0:28:58	1/1/2019 	1732690	66.00	9.00	5.93	55.36	93509.11	1849	0	BartonZwiebach	
7658	0:28:58	1/1/2019 	1732764	73.00	9.00	6.02	55.36	93509.11	1850	0	BartonZwiebach	
7659	0:28:59	1/1/2019 	1732856	67.00	10.00	5.95	55.36	93508.94	1850	0	BartonZwiebach	
7660	0:28:59	1/1/2019 	1732922	66.00	9.00	5.93	55.36	93508.94	1850	0	BartonZwiebach	
7661	0:28:59	1/1/2019 	1733204	460.00	12.00	12.85	55.36	93508.94	3833	0	BartonZwiebach	
7662	0:28:59	1/1/2019 	1733295	64.00	9.00	5.92	55.35	93508.41	1850	0	BartonZwiebach	
7663	0:28:59	1/1/2019 	1733304	65.00	9.00	5.92	55.35	93508.41	1849	0	BartonZwiebach	
7664	0:28:59	1/1/2019 	1733356	65.00	9.00	5.92	55.35	93508.41	1849	0	BartonZwiebach	
7665	0:28:59	1/1/2019 	1733708	943.00	90.00	28.17	55.35	93508.41	49794	0	BartonZwiebach	
7666	0:28:59	1/1/2019 	1733744	65.00	9.00	5.92	55.35	93508.41	3835	0	BartonZwiebach	
7667	0:29:00	1/1/2019 	1734017	973.00	304.00	57.72	55.35	93508.07	1850	0	BartonZwiebach	
7668	0:29:00	1/1/2019 	1734049	67.00	10.00	5.95	55.35	93508.07	1852	0	BartonZwiebach	
7669	0:29:00	1/1/2019 	1734088	64.00	10.00	5.92	55.35	93508.07	1850	0	BartonZwiebach	
7670	0:29:00	1/1/2019 	1734110	298.00	11.00	11.12	55.35	93508.07	1849	0	BartonZwiebach	
7671	0:29:00	1/1/2019 	1734182	116.00	10.00	7.04	55.35	93508.07	1851	0	BartonZwiebach	
7672	0:29:00	1/1/2019 	1734190	72.00	10.00	6.01	55.35	93508.07	3834	0	BartonZwiebach	
7673	0:29:00	1/1/2019 	1734250	61.00	9.00	5.90	55.35	93507.55	1849	0	BartonZwiebach	
7674	0:29:00	1/1/2019 	1734279	65.00	10.00	5.93	55.35	93507.55	1849	0	BartonZwiebach	
7675	0:29:00	1/1/2019 	1734563	65.00	12.00	5.93	55.35	93507.55	49793	0	BartonZwiebach	
7676	0:29:00	1/1/2019 	1734579	74.00	9.00	6.03	55.35	93507.55	1849	0	BartonZwiebach	
7677	0:29:01	1/1/2019 	1735051	74.00	9.00	6.03	55.35	93507.38	1850	0	BartonZwiebach	
7678	0:29:01	1/1/2019 	1735288	65.00	9.00	5.92	55.35	93507.20	3839	0	BartonZwiebach	
7679	0:29:01	1/1/2019 	1735590	66.00	9.00	5.93	55.35	93507.20	49795	0	BartonZwiebach	
7680	0:29:02	1/1/2019 	1735824	206.00	10.00	9.46	55.35	93506.53	1850	0	BartonZwiebach	
7681	0:29:02	1/1/2019 	1736170	97.00	10.00	6.52	55.35	93506.53	1851	0	BartonZwiebach	
7682	0:29:02	1/1/2019 	1736230	66.00	9.00	5.93	55.35	93506.19	1849	0	BartonZwiebach	
7683	0:29:02	1/1/2019 	1736648	75.00	9.00	6.05	55.35	93506.19	49794	0	BartonZwiebach	
7684	0:29:02	1/1/2019 	1736746	68.00	9.00	5.95	55.35	93505.48	3833	0	BartonZwiebach	
7685	0:29:03	1/1/2019 	1736826	65.00	9.00	5.92	55.35	93505.48	1849	0	BartonZwiebach	
7686	0:29:03	1/1/2019 	1736851	72.00	9.00	6.01	55.35	93505.48	1850	0	BartonZwiebach	
7687	0:29:03	1/1/2019 	1736886	123.00	10.00	7.24	55.35	93505.48	1850	0	BartonZwiebach	
7688	0:29:03	1/1/2019 	1736938	67.00	9.00	5.94	55.35	93505.48	1851	0	BartonZwiebach	
7689	0:29:03	1/1/2019 	1737076	74.00	9.00	6.03	55.35	93505.48	1849	0	BartonZwiebach	
7690	0:29:03	1/1/2019 	1737284	64.00	8.00	5.92	55.35	93505.31	3833	0	BartonZwiebach	
7691	0:29:03	1/1/2019 	1737745	64.00	9.00	5.92	55.34	93504.64	49791	0	BartonZwiebach	
7692	0:29:03	1/1/2019 	1737750	68.00	10.00	5.96	55.34	93504.64	1849	0	BartonZwiebach	
7693	0:29:04	1/1/2019 	1737842	70.00	9.00	5.98	55.34	93504.64	1849	0	BartonZwiebach	
7694	0:29:04	1/1/2019 	1737936	72.00	10.00	6.01	55.34	93504.64	1851	0	BartonZwiebach	
7695	0:29:04	1/1/2019 	1738633	78.00	9.00	6.10	55.34	93503.80	49793	0	BartonZwiebach	
7696	0:29:04	1/1/2019 	1738741	65.00	9.00	5.92	55.34	93503.80	3833	0	BartonZwiebach	
7697	0:29:05	1/1/2019 	1739038	916.00	78.00	26.15	55.34	93503.80	1850	0	BartonZwiebach	
7698	0:29:05	1/1/2019 	1739079	74.00	9.00	6.03	55.34	93503.80	1852	0	BartonZwiebach	
7699	0:29:05	1/1/2019 	1739598	442.00	22.00	13.18	55.34	93502.92	49795	0	BartonZwiebach	
7700	0:29:05	1/1/2019 	1739675	74.00	9.00	6.03	55.34	93502.92	2605	0	BartonZwiebach	
7701	0:29:05	1/1/2019 	1739702	76.00	10.00	6.07	55.34	93502.92	1849	0	BartonZwiebach	
7702	0:29:06	1/1/2019 	1739867	63.00	9.00	5.91	55.34	93502.92	3972	0	BartonZwiebach	
7703	0:29:06	1/1/2019 	1739924	72.00	9.00	6.01	55.34	93502.92	1849	0	BartonZwiebach	
7704	0:29:06	1/1/2019 	1740117	106.00	9.00	6.76	55.34	93502.25	1849	0	BartonZwiebach	
7705	0:29:06	1/1/2019 	1740373	66.00	9.00	5.93	55.34	93502.25	1850	0	BartonZwiebach	
7706	0:29:06	1/1/2019 	1740420	68.00	9.00	5.95	55.34	93502.25	1849	0	BartonZwiebach	
7707	0:29:06	1/1/2019 	1740455	62.00	9.00	5.90	55.34	93502.25	1848	0	BartonZwiebach	
7708	0:29:06	1/1/2019 	1740460	66.00	9.00	5.93	55.34	93502.25	3833	0	BartonZwiebach	
7709	0:29:06	1/1/2019 	1740599	119.00	9.00	7.12	55.34	93501.91	49793	0	BartonZwiebach	
7710	0:29:06	1/1/2019 	1740648	77.00	10.00	6.08	55.34	93501.91	1849	0	BartonZwiebach	
7711	0:29:06	1/1/2019 	1740689	188.00	10.00	9.04	55.34	93501.91	1850	0	BartonZwiebach	
7712	0:29:06	1/1/2019 	1740746	65.00	9.00	5.92	55.34	93501.91	1849	0	BartonZwiebach	
7713	0:29:07	1/1/2019 	1740787	67.00	9.00	5.94	55.34	93501.91	1850	0	BartonZwiebach	
7714	0:29:07	1/1/2019 	1740794	72.00	5.00	6.00	55.34	93501.91	3834	0	BartonZwiebach	
7715	0:29:07	1/1/2019 	1741015	64.00	9.00	5.92	55.34	93501.91	1850	0	BartonZwiebach	
7716	0:29:07	1/1/2019 	1741198	706.00	32.00	19.86	55.33	93501.21	1848	0	BartonZwiebach	
7717	0:29:07	1/1/2019 	1741414	73.00	9.00	6.02	55.33	93501.21	1849	0	BartonZwiebach	
7718	0:29:07	1/1/2019 	1741569	69.00	9.00	5.97	55.33	93501.21	49791	0	BartonZwiebach	
7719	0:29:08	1/1/2019 	1741825	68.00	9.00	5.95	55.33	93501.21	1849	0	BartonZwiebach	
7720	0:29:08	1/1/2019 	1741847	74.00	10.00	6.04	55.33	93501.21	3835	0	BartonZwiebach	
7721	0:29:08	1/1/2019 	1741861	69.00	9.00	5.97	55.33	93501.21	1850	0	BartonZwiebach	
7722	0:29:08	1/1/2019 	1741905	197.00	10.00	9.25	55.33	93501.21	1850	0	BartonZwiebach	
7723	0:29:08	1/1/2019 	1741961	344.00	11.00	11.73	55.33	93501.21	1850	0	BartonZwiebach	
7724	0:29:08	1/1/2019 	1741998	75.00	9.00	6.05	55.33	93501.21	1850	0	BartonZwiebach	
7725	0:29:08	1/1/2019 	1742063	65.00	9.00	5.92	55.33	93500.54	3834	0	BartonZwiebach	
7726	0:29:08	1/1/2019 	1742116	70.00	9.00	5.98	55.33	93500.54	1849	0	BartonZwiebach	
7727	0:29:08	1/1/2019 	1742134	66.00	9.00	5.93	55.33	93500.54	1848	0	BartonZwiebach	
7728	0:29:08	1/1/2019 	1742390	80.00	9.00	6.14	55.33	93500.54	1849	0	BartonZwiebach	
7729	0:29:08	1/1/2019 	1742425	80.00	10.00	6.14	55.33	93500.54	1848	0	BartonZwiebach	
7730	0:29:08	1/1/2019 	1742686	127.00	9.00	7.36	55.33	93500.36	49792	0	BartonZwiebach	
7731	0:29:08	1/1/2019 	1742752	83.00	10.00	6.20	55.33	93500.36	3833	0	BartonZwiebach	
7732	0:29:09	1/1/2019 	1743298	74.00	9.00	6.03	55.33	93499.87	1849	0	BartonZwiebach	
7733	0:29:09	1/1/2019 	1743312	68.00	9.00	5.95	55.33	93499.87	1850	0	BartonZwiebach	
7734	0:29:09	1/1/2019 	1743332	66.00	9.00	5.93	55.33	93499.87	1849	0	BartonZwiebach	
7735	0:29:09	1/1/2019 	1743775	107.00	10.00	6.79	55.33	93499.70	49792	0	BartonZwiebach	
7736	0:29:10	1/1/2019 	1743966	66.00	9.00	5.93	55.33	93499.00	1850	0	BartonZwiebach	
7737	0:29:10	1/1/2019 	1744310	329.00	14.00	11.64	55.33	93499.00	3835	0	BartonZwiebach	
7738	0:29:10	1/1/2019 	1744379	65.00	9.00	5.92	55.33	93499.00	1852	0	BartonZwiebach	
7739	0:29:10	1/1/2019 	1744619	66.00	9.00	5.93	55.33	93498.66	49792	0	BartonZwiebach	
7740	0:29:11	1/1/2019 	1744988	62.00	13.00	5.91	55.32	93498.12	1852	0	BartonZwiebach	
7741	0:29:11	1/1/2019 	1745264	70.00	9.00	5.98	55.32	93498.12	1857	0	BartonZwiebach	
7742	0:29:11	1/1/2019 	1745421	64.00	9.00	5.92	55.32	93497.95	1853	0	BartonZwiebach	
7743	0:29:11	1/1/2019 	1745434	65.00	9.00	5.92	55.32	93497.95	3832	0	BartonZwiebach	
7744	0:29:11	1/1/2019 	1745487	64.00	9.00	5.92	55.32	93497.95	1849	0	BartonZwiebach	
7745	0:29:11	1/1/2019 	1745666	66.00	9.00	5.93	55.32	93497.95	49790	0	BartonZwiebach	
7746	0:29:11	1/1/2019 	1745780	351.00	16.00	11.99	55.32	93497.95	1849	0	BartonZwiebach	
7747	0:29:12	1/1/2019 	1745806	76.00	9.00	6.07	55.32	93497.95	1848	0	BartonZwiebach	
7748	0:29:12	1/1/2019 	1746007	67.00	9.00	5.94	55.32	93497.45	1850	0	BartonZwiebach	
7749	0:29:12	1/1/2019 	1746228	216.00	10.00	9.67	55.32	93497.45	3889	0	BartonZwiebach	
7750	0:29:12	1/1/2019 	1746478	580.00	17.00	14.77	55.32	93497.11	1849	0	BartonZwiebach	
7751	0:29:12	1/1/2019 	1746644	326.00	11.00	11.50	55.32	93497.11	49797	0	BartonZwiebach	
7752	0:29:13	1/1/2019 	1746906	577.00	17.00	14.71	55.32	93496.76	1852	0	BartonZwiebach	
7753	0:29:13	1/1/2019 	1746991	77.00	9.00	6.08	55.32	93496.76	1851	0	BartonZwiebach	
7754	0:29:13	1/1/2019 	1747073	250.00	12.00	10.37	55.32	93496.76	1850	0	BartonZwiebach	
7755	0:29:13	1/1/2019 	1747262	720.00	35.00	20.43	55.32	93496.76	3833	0	BartonZwiebach	
7756	0:29:13	1/1/2019 	1747302	74.00	9.00	6.03	55.32	93496.76	1850	0	BartonZwiebach	
7757	0:29:13	1/1/2019 	1747424	69.00	9.00	5.97	55.32	93496.76	1850	0	BartonZwiebach	
7758	0:29:13	1/1/2019 	1747589	67.00	10.00	5.95	55.32	93496.76	49790	0	BartonZwiebach	
7759	0:29:14	1/1/2019 	1747873	64.00	9.00	5.92	55.32	93496.11	1850	0	BartonZwiebach	
7760	0:29:14	1/1/2019 	1747904	87.00	10.00	6.28	55.32	93496.11	1849	0	BartonZwiebach	
7761	0:29:14	1/1/2019 	1747943	68.00	9.00	5.95	55.32	93496.11	3833	0	BartonZwiebach	
7762	0:29:14	1/1/2019 	1748003	68.00	9.00	5.95	55.32	93496.11	1849	0	BartonZwiebach	
7763	0:29:14	1/1/2019 	1748067	78.00	9.00	6.10	55.32	93496.11	1849	0	BartonZwiebach	
7764	0:29:14	1/1/2019 	1748265	64.00	8.00	5.92	55.32	93496.11	1849	0	BartonZwiebach	
7765	0:29:14	1/1/2019 	1748274	70.00	9.00	5.98	55.32	93496.11	1845	0	BartonZwiebach	
7766	0:29:14	1/1/2019 	1748326	66.00	9.00	5.93	55.32	93495.94	1849	0	BartonZwiebach	
7767	0:29:14	1/1/2019 	1748351	70.00	9.00	5.98	55.32	93495.94	3832	0	BartonZwiebach	
7768	0:29:14	1/1/2019 	1748689	76.00	9.00	6.07	55.32	93495.94	49792	0	BartonZwiebach	
7769	0:29:15	1/1/2019 	1748939	73.00	10.00	6.02	55.31	93495.41	1849	0	BartonZwiebach	
7770	0:29:15	1/1/2019 	1749042	313.00	13.00	11.39	55.31	93495.41	1851	0	BartonZwiebach	
7771	0:29:15	1/1/2019 	1749075	64.00	9.00	5.92	55.31	93495.41	1851	0	BartonZwiebach	
7772	0:29:15	1/1/2019 	1749425	65.00	9.00	5.92	55.31	93495.23	1848	0	BartonZwiebach	
7773	0:29:15	1/1/2019 	1749457	70.00	13.00	5.98	55.31	93495.23	3832	0	BartonZwiebach	
7774	0:29:15	1/1/2019 	1749605	88.00	9.00	6.30	55.31	93495.23	49792	0	BartonZwiebach	
7775	0:29:15	1/1/2019 	1749608	65.00	9.00	5.92	55.31	93495.23	2798	0	BartonZwiebach	
7776	0:29:15	1/1/2019 	1749779	71.00	9.00	5.99	55.31	93494.55	1851	0	BartonZwiebach	
7777	0:29:16	1/1/2019 	1749800	987.00	700.00	126.66	55.31	93494.55	1850	0	BartonZwiebach	
7778	0:29:16	1/1/2019 	1750017	66.00	9.00	5.93	55.31	93494.55	3975	0	BartonZwiebach	
7779	0:29:16	1/1/2019 	1750025	65.00	10.00	5.93	55.31	93494.55	1848	0	BartonZwiebach	
7780	0:29:16	1/1/2019 	1750057	69.00	9.00	5.97	55.31	93494.55	1849	0	BartonZwiebach	
7781	0:29:16	1/1/2019 	1750115	70.00	9.00	5.98	55.31	93494.55	1849	0	BartonZwiebach	
7782	0:29:16	1/1/2019 	1750405	87.00	9.00	6.28	55.31	93494.55	1848	0	BartonZwiebach	
7783	0:29:16	1/1/2019 	1750681	83.00	8.00	6.19	55.31	93494.55	49791	0	BartonZwiebach	
7784	0:29:17	1/1/2019 	1750872	78.00	9.00	6.10	55.31	93494.05	3831	0	BartonZwiebach	
7785	0:29:17	1/1/2019 	1750913	68.00	9.00	5.95	55.31	93494.05	1849	0	BartonZwiebach	
7786	0:29:17	1/1/2019 	1751328	84.00	9.00	6.22	55.31	93494.05	1848	0	BartonZwiebach	
7787	0:29:17	1/1/2019 	1751491	73.00	10.00	6.02	55.31	93494.05	1849	0	BartonZwiebach	
7788	0:29:18	1/1/2019 	1751837	419.00	20.00	12.88	55.31	93493.34	49791	0	BartonZwiebach	
7789	0:29:18	1/1/2019 	1752057	69.00	10.00	5.97	55.31	93493.34	1852	0	BartonZwiebach	
7790	0:29:18	1/1/2019 	1752133	109.00	9.00	6.84	55.31	93493.34	3888	0	BartonZwiebach	
7791	0:29:18	1/1/2019 	1752167	978.00	120.00	33.93	55.31	93493.34	1849	0	BartonZwiebach	
7792	0:29:18	1/1/2019 	1752301	64.00	9.00	5.92	55.31	93493.00	1851	0	BartonZwiebach	
7793	0:29:18	1/1/2019 	1752732	78.00	9.00	6.10	55.31	93493.00	49791	0	BartonZwiebach	
7794	0:29:18	1/1/2019 	1752757	67.00	9.00	5.94	55.31	93493.00	1849	0	BartonZwiebach	
7795	0:29:19	1/1/2019 	1752963	69.00	10.00	5.97	55.31	93493.00	1850	0	BartonZwiebach	
7796	0:29:19	1/1/2019 	1753024	65.00	8.00	5.92	55.31	93493.00	3834	0	BartonZwiebach	
7797	0:29:19	1/1/2019 	1753117	70.00	9.00	5.98	55.31	93493.00	1847	0	BartonZwiebach	
7798	0:29:19	1/1/2019 	1753153	79.00	9.00	6.12	55.31	93493.00	1848	0	BartonZwiebach	
7799	0:29:19	1/1/2019 	1753165	69.00	9.00	5.97	55.30	93492.47	1850	0	BartonZwiebach	
7800	0:29:19	1/1/2019 	1753176	65.00	9.00	5.92	55.30	93492.47	1849	0	BartonZwiebach	
7801	0:29:19	1/1/2019 	1753319	74.00	9.00	6.03	55.30	93492.47	1849	0	BartonZwiebach	
7802	0:29:19	1/1/2019 	1753757	66.00	9.00	5.93	55.30	93491.83	51776	0	BartonZwiebach	
7803	0:29:20	1/1/2019 	1753808	65.00	9.00	5.92	55.30	93491.83	1848	0	BartonZwiebach	
7804	0:29:20	1/1/2019 	1753912	254.00	11.00	10.42	55.30	93491.83	1850	0	BartonZwiebach	
7805	0:29:20	1/1/2019 	1754117	315.00	11.00	11.36	55.30	93491.83	1851	0	BartonZwiebach	
7806	0:29:20	1/1/2019 	1754321	65.00	9.00	5.92	55.30	93491.66	1850	0	BartonZwiebach	
7807	0:29:20	1/1/2019 	1754719	672.00	27.00	18.47	55.30	93491.14	49794	0	BartonZwiebach	
7808	0:29:21	1/1/2019 	1754800	75.00	9.00	6.05	55.30	93491.14	3834	0	BartonZwiebach	
7809	0:29:21	1/1/2019 	1754848	65.00	9.00	5.92	55.30	93491.14	1850	0	BartonZwiebach	
7810	0:29:21	1/1/2019 	1754877	68.00	9.00	5.95	55.30	93491.14	1849	0	BartonZwiebach	
7811	0:29:21	1/1/2019 	1754880	96.00	9.00	6.49	55.30	93491.14	1848	0	BartonZwiebach	
7812	0:29:21	1/1/2019 	1754981	68.00	9.00	5.95	55.30	93491.14	1849	0	BartonZwiebach	
7813	0:29:21	1/1/2019 	1754990	75.00	9.00	6.05	55.30	93491.14	1850	0	BartonZwiebach	
7814	0:29:21	1/1/2019 	1755093	69.00	9.00	5.97	55.30	93491.14	3833	0	BartonZwiebach	
7815	0:29:21	1/1/2019 	1755206	80.00	9.00	6.14	55.30	93490.79	1848	0	BartonZwiebach	
7816	0:29:21	1/1/2019 	1755293	66.00	9.00	5.93	55.30	93490.79	1849	0	BartonZwiebach	
7817	0:29:21	1/1/2019 	1755657	69.00	9.00	5.97	55.30	93490.09	49792	0	BartonZwiebach	
7818	0:29:21	1/1/2019 	1755705	68.00	9.00	5.95	55.30	93490.09	1848	0	BartonZwiebach	
7819	0:29:22	1/1/2019 	1755921	65.00	9.00	5.92	55.30	93490.09	1850	0	BartonZwiebach	
7820	0:29:22	1/1/2019 	1756017	64.00	9.00	5.92	55.30	93490.09	3834	0	BartonZwiebach	
7821	0:29:22	1/1/2019 	1756136	68.00	9.00	5.95	55.30	93489.92	1848	0	BartonZwiebach	
7822	0:29:22	1/1/2019 	1756341	84.00	9.00	6.22	55.30	93489.92	1849	0	BartonZwiebach	
7823	0:29:22	1/1/2019 	1756638	67.00	9.00	5.94	55.29	93489.42	49793	0	BartonZwiebach	
7824	0:29:22	1/1/2019 	1756703	65.00	9.00	5.92	55.29	93489.42	1850	0	BartonZwiebach	
7825	0:29:23	1/1/2019 	1756847	64.00	9.00	5.92	55.29	93489.42	1849	0	BartonZwiebach	
7826	0:29:23	1/1/2019 	1756972	76.00	9.00	6.07	55.29	93489.42	3834	0	BartonZwiebach	
7827	0:29:23	1/1/2019 	1757144	63.00	9.00	5.91	55.29	93489.07	1848	0	BartonZwiebach	
7828	0:29:23	1/1/2019 	1757147	65.00	9.00	5.92	55.29	93489.07	1849	0	BartonZwiebach	
7829	0:29:23	1/1/2019 	1757287	106.00	9.00	6.76	55.29	93489.07	1849	0	BartonZwiebach	
7830	0:29:23	1/1/2019 	1757329	66.00	9.00	5.93	55.29	93489.07	1850	0	BartonZwiebach	
7831	0:29:23	1/1/2019 	1757472	78.00	9.00	6.10	55.29	93489.07	1849	0	BartonZwiebach	
7832	0:29:23	1/1/2019 	1757567	73.00	9.00	6.02	55.29	93488.55	51776	0	BartonZwiebach	
7833	0:29:23	1/1/2019 	1757602	70.00	9.00	5.98	55.29	93488.55	1849	0	BartonZwiebach	
7834	0:29:24	1/1/2019 	1757844	69.00	9.00	5.97	55.29	93488.55	1849	0	BartonZwiebach	
7835	0:29:24	1/1/2019 	1757977	66.00	9.00	5.93	55.29	93488.55	1850	0	BartonZwiebach	
7836	0:29:24	1/1/2019 	1758005	74.00	9.00	6.03	55.29	93488.55	1857	0	BartonZwiebach	
7837	0:29:24	1/1/2019 	1758180	66.00	9.00	5.93	55.29	93488.38	1852	0	BartonZwiebach	
7838	0:29:24	1/1/2019 	1758414	85.00	9.00	6.24	55.29	93488.38	3841	0	BartonZwiebach	
7839	0:29:24	1/1/2019 	1758476	67.00	9.00	5.94	55.29	93488.38	1855	0	BartonZwiebach	
7840	0:29:24	1/1/2019 	1758481	68.00	9.00	5.95	55.29	93488.38	1857	0	BartonZwiebach	
7841	0:29:24	1/1/2019 	1758740	65.00	9.00	5.92	55.29	93487.70	49797	0	BartonZwiebach	
7842	0:29:24	1/1/2019 	1758751	65.00	9.00	5.92	55.29	93487.70	1849	0	BartonZwiebach	
7843	0:29:25	1/1/2019 	1758874	64.00	9.00	5.92	55.29	93487.70	1849	0	BartonZwiebach	
7844	0:29:25	1/1/2019 	1759288	885.00	56.00	23.26	55.29	93487.53	3889	0	BartonZwiebach	
7845	0:29:25	1/1/2019 	1759426	71.00	9.00	5.99	55.29	93487.53	1851	0	BartonZwiebach	
7846	0:29:25	1/1/2019 	1759706	466.00	15.00	13.08	55.29	93487.03	49794	0	BartonZwiebach	
7847	0:29:26	1/1/2019 	1759808	63.00	9.00	5.91	55.29	93487.03	2800	0	BartonZwiebach	
7848	0:29:26	1/1/2019 	1759843	64.00	9.00	5.92	55.29	93487.03	1850	0	BartonZwiebach	
7849	0:29:26	1/1/2019 	1759870	885.00	60.00	23.70	55.29	93487.03	3972	0	BartonZwiebach	
7850	0:29:26	1/1/2019 	1759882	64.00	9.00	5.92	55.29	93487.03	1850	0	BartonZwiebach	
7851	0:29:26	1/1/2019 	1760121	71.00	9.00	5.99	55.29	93486.69	1847	0	BartonZwiebach	
7852	0:29:26	1/1/2019 	1760147	69.00	9.00	5.97	55.29	93486.69	1848	0	BartonZwiebach	
7853	0:29:26	1/1/2019 	1760155	67.00	10.00	5.95	55.29	93486.69	1849	0	BartonZwiebach	
7854	0:29:26	1/1/2019 	1760768	70.00	9.00	5.98	55.29	93486.34	49794	0	BartonZwiebach	
7855	0:29:27	1/1/2019 	1760967	77.00	10.00	6.08	55.29	93486.16	3834	0	BartonZwiebach	
7856	0:29:27	1/1/2019 	1760980	81.00	9.00	6.16	55.29	93486.16	1851	0	BartonZwiebach	
7857	0:29:27	1/1/2019 	1761003	70.00	9.00	5.98	55.29	93486.16	1849	0	BartonZwiebach	
7858	0:29:27	1/1/2019 	1761129	77.00	9.00	6.08	55.29	93486.16	1850	0	BartonZwiebach	
7859	0:29:27	1/1/2019 	1761590	65.00	9.00	5.92	55.28	93485.49	49793	0	BartonZwiebach	
7860	0:29:27	1/1/2019 	1761652	66.00	9.00	5.93	55.28	93485.49	1849	0	BartonZwiebach	
7861	0:29:28	1/1/2019 	1761798	74.00	9.00	6.03	55.28	93485.49	3832	0	BartonZwiebach	
7862	0:29:28	1/1/2019 	1761867	69.00	10.00	5.97	55.28	93485.49	1850	0	BartonZwiebach	
7863	0:29:28	1/1/2019 	1761917	76.00	9.00	6.07	55.28	93485.31	1849	0	BartonZwiebach	
7864	0:29:28	1/1/2019 	1761926	74.00	9.00	6.03	55.28	93485.31	1848	0	BartonZwiebach	
7865	0:29:28	1/1/2019 	1762342	74.00	9.00	6.03	55.28	93485.31	1848	0	BartonZwiebach	
7866	0:29:28	1/1/2019 	1762563	65.00	9.00	5.92	55.28	93484.80	49794	0	BartonZwiebach	
7867	0:29:29	1/1/2019 	1762856	68.00	9.00	5.95	55.28	93484.80	3832	0	BartonZwiebach	
7868	0:29:29	1/1/2019 	1762886	82.00	9.00	6.18	55.28	93484.80	1850	0	BartonZwiebach	
7869	0:29:29	1/1/2019 	1763145	70.00	9.00	5.98	55.28	93484.80	1849	0	BartonZwiebach	
7870	0:29:29	1/1/2019 	1763209	66.00	9.00	5.93	55.28	93484.80	1848	0	BartonZwiebach	
7871	0:29:29	1/1/2019 	1763304	66.00	9.00	5.93	55.28	93484.80	1849	0	BartonZwiebach	
7872	0:29:29	1/1/2019 	1763468	72.00	9.00	6.01	55.28	93484.27	1849	0	BartonZwiebach	
7873	0:29:29	1/1/2019 	1763477	67.00	9.00	5.94	55.28	93484.27	3833	0	BartonZwiebach	
7874	0:29:29	1/1/2019 	1763602	69.00	9.00	5.97	55.28	93484.27	49794	0	BartonZwiebach	
7875	0:29:29	1/1/2019 	1763613	68.00	9.00	5.95	55.28	93484.27	1850	0	BartonZwiebach	
7876	0:29:29	1/1/2019 	1763740	68.00	9.00	5.95	55.28	93484.27	1849	0	BartonZwiebach	
7877	0:29:30	1/1/2019 	1763830	64.00	10.00	5.92	55.28	93484.27	1849	0	BartonZwiebach	
7878	0:29:30	1/1/2019 	1763835	466.00	14.00	13.02	55.28	93483.59	1850	0	BartonZwiebach	
7879	0:29:30	1/1/2019 	1763849	152.00	9.00	8.08	55.28	93483.59	3836	0	BartonZwiebach	
7880	0:29:30	1/1/2019 	1763864	72.00	9.00	6.01	55.28	93483.59	1849	0	BartonZwiebach	
7881	0:29:30	1/1/2019 	1764682	70.00	9.00	5.98	55.28	93483.42	49794	0	BartonZwiebach	
7882	0:29:30	1/1/2019 	1764733	64.00	9.00	5.92	55.28	93483.42	1849	0	BartonZwiebach	
7883	0:29:31	1/1/2019 	1764930	68.00	9.00	5.95	55.27	93482.92	1847	0	BartonZwiebach	
7884	0:29:31	1/1/2019 	1765289	72.00	9.00	6.01	55.27	93482.58	1850	0	BartonZwiebach	
7885	0:29:31	1/1/2019 	1765337	64.00	10.00	5.92	55.27	93482.58	3887	0	BartonZwiebach	
7886	0:29:31	1/1/2019 	1765353	77.00	10.00	6.08	55.27	93482.58	1848	0	BartonZwiebach	
7887	0:29:31	1/1/2019 	1765655	73.00	9.00	6.02	55.27	93482.58	49794	0	BartonZwiebach	
7888	0:29:31	1/1/2019 	1765684	98.00	10.00	6.55	55.27	93482.58	1849	0	BartonZwiebach	
7889	0:29:32	1/1/2019 	1765875	78.00	9.00	6.10	55.27	93482.05	1850	0	BartonZwiebach	
7890	0:29:32	1/1/2019 	1765975	74.00	8.00	6.03	55.27	93482.05	1850	0	BartonZwiebach	
7891	0:29:32	1/1/2019 	1765997	816.00	60.00	23.56	55.27	93482.05	3832	0	BartonZwiebach	
7892	0:29:32	1/1/2019 	1766067	432.00	12.00	12.63	55.27	93482.05	1851	0	BartonZwiebach	
7893	0:29:32	1/1/2019 	1766092	156.00	9.00	8.19	55.27	93482.05	1849	0	BartonZwiebach	
7894	0:29:32	1/1/2019 	1766260	67.00	10.00	5.95	55.27	93481.88	1849	0	BartonZwiebach	
7895	0:29:32	1/1/2019 	1766268	65.00	9.00	5.92	55.27	93481.88	1849	0	BartonZwiebach	
7896	0:29:32	1/1/2019 	1766331	162.00	9.00	8.36	55.27	93481.88	1849	0	BartonZwiebach	
7897	0:29:32	1/1/2019 	1766395	66.00	9.00	5.93	55.27	93481.88	3833	0	BartonZwiebach	
7898	0:29:32	1/1/2019 	1766486	189.00	10.00	9.06	55.27	93481.88	1848	0	BartonZwiebach	
7899	0:29:32	1/1/2019 	1766683	88.00	9.00	6.30	55.27	93481.88	49794	0	BartonZwiebach	
7900	0:29:33	1/1/2019 	1766946	65.00	10.00	5.93	55.27	93481.38	1850	0	BartonZwiebach	
7901	0:29:33	1/1/2019 	1767208	66.00	9.00	5.93	55.27	93481.38	1851	0	BartonZwiebach	
7902	0:29:33	1/1/2019 	1767213	70.00	9.00	5.98	55.27	93481.38	1849	0	BartonZwiebach	
7903	0:29:33	1/1/2019 	1767302	67.00	9.00	5.94	55.27	93481.04	3833	0	BartonZwiebach	
7904	0:29:33	1/1/2019 	1767551	67.00	9.00	5.94	55.27	93481.04	49793	0	BartonZwiebach	
7905	0:29:33	1/1/2019 	1767624	65.00	9.00	5.92	55.27	93481.04	1849	0	BartonZwiebach	
7906	0:29:33	1/1/2019 	1767631	122.00	9.00	7.21	55.27	93481.04	1849	0	BartonZwiebach	
7907	0:29:33	1/1/2019 	1767692	107.00	9.00	6.78	55.27	93481.04	1850	0	BartonZwiebach	
7908	0:29:33	1/1/2019 	1767758	133.00	9.00	7.53	55.27	93480.70	1849	0	BartonZwiebach	
7909	0:29:34	1/1/2019 	1767907	68.00	10.00	5.96	55.27	93480.70	3833	0	BartonZwiebach	
7910	0:29:34	1/1/2019 	1768060	68.00	10.00	5.96	55.27	93480.70	1850	0	BartonZwiebach	
7911	0:29:34	1/1/2019 	1768082	66.00	9.00	5.93	55.27	93480.70	1848	0	BartonZwiebach	
7912	0:29:34	1/1/2019 	1768180	68.00	9.00	5.95	55.27	93480.70	1849	0	BartonZwiebach	
7913	0:29:34	1/1/2019 	1768216	65.00	9.00	5.92	55.27	93480.16	1849	0	BartonZwiebach	
7914	0:29:34	1/1/2019 	1768256	953.00	119.00	33.74	55.27	93480.16	3834	0	BartonZwiebach	
7915	0:29:34	1/1/2019 	1768326	71.00	9.00	5.99	55.27	93480.16	1850	0	BartonZwiebach	
7916	0:29:34	1/1/2019 	1768330	72.00	9.00	6.01	55.27	93480.16	1849	0	BartonZwiebach	
7917	0:29:34	1/1/2019 	1768429	65.00	9.00	5.92	55.27	93480.16	1848	0	BartonZwiebach	
7918	0:29:34	1/1/2019 	1768774	67.00	9.00	5.94	55.27	93479.83	49792	0	BartonZwiebach	
7919	0:29:35	1/1/2019 	1769060	66.00	10.00	5.94	55.27	93479.83	1850	0	BartonZwiebach	
7920	0:29:35	1/1/2019 	1769253	67.00	9.00	5.94	55.26	93479.15	3834	0	BartonZwiebach	
7921	0:29:35	1/1/2019 	1769575	66.00	9.00	5.93	55.26	93479.15	49794	0	BartonZwiebach	
7922	0:29:35	1/1/2019 	1769628	68.00	9.00	5.95	55.26	93479.15	2799	0	BartonZwiebach	
7923	0:29:35	1/1/2019 	1769675	66.00	8.00	5.93	55.26	93478.98	1849	0	BartonZwiebach	
7924	0:29:36	1/1/2019 	1769959	65.00	7.00	5.92	55.26	93478.98	1847	0	BartonZwiebach	
7925	0:29:36	1/1/2019 	1770026	70.00	9.00	5.98	55.26	93478.98	1851	0	BartonZwiebach	
7926	0:29:36	1/1/2019 	1770152	611.00	20.00	15.84	55.26	93478.28	4026	0	BartonZwiebach	
7927	0:29:36	1/1/2019 	1770186	64.00	9.00	5.92	55.26	93478.28	1851	0	BartonZwiebach	
7928	0:29:36	1/1/2019 	1770346	67.00	9.00	5.94	55.26	93478.28	1848	0	BartonZwiebach	
7929	0:29:36	1/1/2019 	1770418	66.00	9.00	5.93	55.26	93478.28	1849	0	BartonZwiebach	
7930	0:29:36	1/1/2019 	1770765	66.00	10.00	5.94	55.26	93478.11	49794	0	BartonZwiebach	
7931	0:29:37	1/1/2019 	1770783	981.00	405.00	75.08	55.26	93478.11	1849	0	BartonZwiebach	
7932	0:29:37	1/1/2019 	1770930	72.00	9.00	6.01	55.26	93478.11	3835	0	BartonZwiebach	
7933	0:29:37	1/1/2019 	1770947	66.00	9.00	5.93	55.26	93478.11	1848	0	BartonZwiebach	
7934	0:29:37	1/1/2019 	1770958	65.00	9.00	5.92	55.26	93478.11	1849	0	BartonZwiebach	
7935	0:29:37	1/1/2019 	1771184	72.00	10.00	6.01	55.26	93477.44	1848	0	BartonZwiebach	
7936	0:29:37	1/1/2019 	1771465	64.00	9.00	5.92	55.26	93477.44	1849	0	BartonZwiebach	
7937	0:29:37	1/1/2019 	1771695	82.00	9.00	6.18	55.26	93477.27	49791	0	BartonZwiebach	
7938	0:29:38	1/1/2019 	1771920	67.00	9.00	5.94	55.26	93477.27	3834	0	BartonZwiebach	
7939	0:29:38	1/1/2019 	1772003	68.00	9.00	5.95	55.26	93477.27	1850	0	BartonZwiebach	
7940	0:29:38	1/1/2019 	1772152	81.00	13.00	6.16	55.26	93476.59	1848	0	BartonZwiebach	
7941	0:29:38	1/1/2019 	1772160	75.00	9.00	6.05	55.26	93476.59	1849	0	BartonZwiebach	
7942	0:29:38	1/1/2019 	1772275	64.00	9.00	5.92	55.26	93476.59	1849	0	BartonZwiebach	
7943	0:29:38	1/1/2019 	1772421	121.00	9.00	7.18	55.26	93476.59	1847	0	BartonZwiebach	
7944	0:29:39	1/1/2019 	1772786	69.00	9.00	5.97	55.26	93476.42	51722	0	BartonZwiebach	
7945	0:29:39	1/1/2019 	1772895	64.00	9.00	5.92	55.26	93476.42	1850	0	BartonZwiebach	
7946	0:29:39	1/1/2019 	1772979	66.00	9.00	5.93	55.26	93476.42	1847	0	BartonZwiebach	
7947	0:29:39	1/1/2019 	1773033	73.00	11.00	6.02	55.26	93476.42	1850	0	BartonZwiebach	
7948	0:29:39	1/1/2019 	1773077	69.00	9.00	5.97	55.26	93476.25	1849	0	BartonZwiebach	
7949	0:29:39	1/1/2019 	1773109	74.00	9.00	6.03	55.26	93476.25	1849	0	BartonZwiebach	
7950	0:29:39	1/1/2019 	1773249	77.00	10.00	6.08	55.26	93476.25	6289	0	BartonZwiebach	
7951	0:29:40	1/1/2019 	1773876	73.00	9.00	6.02	55.25	93475.55	49794	0	BartonZwiebach	
7952	0:29:40	1/1/2019 	1774235	86.00	9.00	6.26	55.25	93475.20	1849	0	BartonZwiebach	
7953	0:29:40	1/1/2019 	1774426	65.00	9.00	5.92	55.25	93475.20	1848	0	BartonZwiebach	
7954	0:29:40	1/1/2019 	1774639	85.00	10.00	6.24	55.25	93474.50	49793	0	BartonZwiebach	
7955	0:29:40	1/1/2019 	1774774	64.00	9.00	5.92	55.25	93474.50	1849	0	BartonZwiebach	
7956	0:29:41	1/1/2019 	1774880	69.00	9.00	5.97	55.25	93474.50	3833	0	BartonZwiebach	
7957	0:29:41	1/1/2019 	1775039	64.00	9.00	5.92	55.25	93474.16	1850	0	BartonZwiebach	
7958	0:29:41	1/1/2019 	1775106	70.00	9.00	5.98	55.25	93474.16	1848	0	BartonZwiebach	
7959	0:29:41	1/1/2019 	1775216	69.00	9.00	5.97	55.25	93474.16	1848	0	BartonZwiebach	
7960	0:29:41	1/1/2019 	1775248	65.00	9.00	5.92	55.25	93474.16	1849	0	BartonZwiebach	
7961	0:29:41	1/1/2019 	1775746	126.00	9.00	7.33	55.25	93473.48	49793	0	BartonZwiebach	
7962	0:29:41	1/1/2019 	1775760	70.00	9.00	5.98	55.25	93473.48	3834	0	BartonZwiebach	
7963	0:29:42	1/1/2019 	1776295	129.00	9.00	7.41	55.25	93473.31	1849	0	BartonZwiebach	
7964	0:29:42	1/1/2019 	1776471	999.00	944.00	235.77	55.25	93472.79	1851	0	BartonZwiebach	
7965	0:29:42	1/1/2019 	1776692	70.00	9.00	5.98	55.25	93472.79	49822	0	BartonZwiebach	
7966	0:29:42	1/1/2019 	1776769	641.00	23.00	17.06	55.25	93472.79	1848	0	BartonZwiebach	
7967	0:29:43	1/1/2019 	1776822	65.00	9.00	5.92	55.25	93472.79	1850	0	BartonZwiebach	
7968	0:29:43	1/1/2019 	1777008	76.00	9.00	6.07	55.25	93472.62	3834	0	BartonZwiebach	
7969	0:29:43	1/1/2019 	1777028	66.00	5.00	5.93	55.25	93472.62	1850	0	BartonZwiebach	
7970	0:29:43	1/1/2019 	1777043	65.00	9.00	5.92	55.25	93472.62	1850	0	BartonZwiebach	
7971	0:29:43	1/1/2019 	1777078	66.00	9.00	5.93	55.25	93472.62	1849	0	BartonZwiebach	
7972	0:29:43	1/1/2019 	1777101	68.00	9.00	5.95	55.25	93472.62	1848	0	BartonZwiebach	
7973	0:29:43	1/1/2019 	1777122	69.00	9.00	5.97	55.25	93472.62	1849	0	BartonZwiebach	
7974	0:29:43	1/1/2019 	1777126	65.00	9.00	5.92	55.25	93472.62	3834	0	BartonZwiebach	
7975	0:29:43	1/1/2019 	1777232	74.00	9.00	6.03	55.25	93472.62	1849	0	BartonZwiebach	
7976	0:29:43	1/1/2019 	1777251	210.00	10.00	9.54	55.25	93472.62	1849	0	BartonZwiebach	
7977	0:29:43	1/1/2019 	1777387	69.00	9.00	5.97	55.25	93472.62	1850	0	BartonZwiebach	
7978	0:29:43	1/1/2019 	1777455	177.00	10.00	8.76	55.24	93471.95	1849	0	BartonZwiebach	
7979	0:29:43	1/1/2019 	1777686	69.00	9.00	5.97	55.24	93471.95	51833	0	BartonZwiebach	
7980	0:29:44	1/1/2019 	1777840	64.00	9.00	5.92	55.24	93471.95	1850	0	BartonZwiebach	
7981	0:29:44	1/1/2019 	1777862	78.00	9.00	6.10	55.24	93471.95	1849	0	BartonZwiebach	
7982	0:29:44	1/1/2019 	1778014	81.00	9.00	6.16	55.24	93471.59	1849	0	BartonZwiebach	
7983	0:29:44	1/1/2019 	1778097	64.00	9.00	5.92	55.24	93471.59	1848	0	BartonZwiebach	
7984	0:29:44	1/1/2019 	1778109	65.00	9.00	5.92	55.24	93471.59	1848	0	BartonZwiebach	
7985	0:29:44	1/1/2019 	1778464	70.00	9.00	5.98	55.24	93471.10	3833	0	BartonZwiebach	
7986	0:29:45	1/1/2019 	1778781	68.00	9.00	5.95	55.24	93471.10	49794	0	BartonZwiebach	
7987	0:29:45	1/1/2019 	1779083	63.00	9.00	5.91	55.24	93470.41	1849	0	BartonZwiebach	
7988	0:29:45	1/1/2019 	1779105	64.00	9.00	5.92	55.24	93470.41	1848	0	BartonZwiebach	
7989	0:29:45	1/1/2019 	1779116	175.00	10.00	8.71	55.24	93470.41	1847	0	BartonZwiebach	
7990	0:29:45	1/1/2019 	1779252	62.00	9.00	5.90	55.24	93470.41	1850	0	BartonZwiebach	
7991	0:29:45	1/1/2019 	1779779	64.00	9.00	5.92	55.24	93470.06	51778	0	BartonZwiebach	
7992	0:29:46	1/1/2019 	1779868	74.00	9.00	6.03	55.24	93469.39	2602	0	BartonZwiebach	
7993	0:29:46	1/1/2019 	1780141	74.00	9.00	6.03	55.24	93469.39	1871	0	BartonZwiebach	
7994	0:29:46	1/1/2019 	1780153	66.00	9.00	5.93	55.24	93469.39	1849	0	BartonZwiebach	
7995	0:29:46	1/1/2019 	1780626	78.00	9.00	6.10	55.24	93469.05	49793	0	BartonZwiebach	
7996	0:29:46	1/1/2019 	1780637	70.00	9.00	5.98	55.24	93469.05	1849	0	BartonZwiebach	
7997	0:29:46	1/1/2019 	1780684	64.00	9.00	5.92	55.24	93469.05	3973	0	BartonZwiebach	
7998	0:29:46	1/1/2019 	1780689	271.00	12.00	10.73	55.24	93469.05	1847	0	BartonZwiebach	
7999	0:29:46	1/1/2019 	1780692	154.00	9.00	8.13	55.24	93469.05	1849	0	BartonZwiebach	
8000	0:29:46	1/1/2019 	1780748	70.00	9.00	5.98	55.24	93469.05	1849	0	BartonZwiebach	
8001	0:29:47	1/1/2019 	1781389	71.00	8.00	5.99	55.23	93468.00	1848	0	BartonZwiebach	
8002	0:29:47	1/1/2019 	1781453	76.00	9.00	6.07	55.23	93468.00	1848	0	BartonZwiebach	
8003	0:29:47	1/1/2019 	1781651	72.00	9.00	6.01	55.23	93468.00	51777	0	BartonZwiebach	
8004	0:29:48	1/1/2019 	1781882	284.00	10.00	10.89	55.23	93467.30	1849	0	BartonZwiebach	
8005	0:29:48	1/1/2019 	1781980	65.00	9.00	5.92	55.23	93467.30	1851	0	BartonZwiebach	
8006	0:29:48	1/1/2019 	1782097	71.00	9.00	5.99	55.23	93467.30	1849	0	BartonZwiebach	
8007	0:29:48	1/1/2019 	1782164	66.00	9.00	5.93	55.23	93467.30	1849	0	BartonZwiebach	
8008	0:29:48	1/1/2019 	1782210	85.00	9.00	6.24	55.23	93467.30	1849	0	BartonZwiebach	
8009	0:29:48	1/1/2019 	1782267	259.00	11.00	10.51	55.23	93466.83	3888	0	BartonZwiebach	
8010	0:29:48	1/1/2019 	1782318	67.00	9.00	5.94	55.23	93466.83	1851	0	BartonZwiebach	
8011	0:29:48	1/1/2019 	1782379	74.00	10.00	6.04	55.23	93466.83	1849	0	BartonZwiebach	
8012	0:29:48	1/1/2019 	1782739	68.00	9.00	5.95	55.23	93466.83	49792	0	BartonZwiebach	
8013	0:29:49	1/1/2019 	1782783	65.00	9.00	5.92	55.23	93466.48	1849	0	BartonZwiebach	
8014	0:29:49	1/1/2019 	1782965	66.00	9.00	5.93	55.23	93466.48	1850	0	BartonZwiebach	
8015	0:29:49	1/1/2019 	1783033	73.00	9.00	6.02	55.23	93466.48	3833	0	BartonZwiebach	
8016	0:29:49	1/1/2019 	1783225	87.00	9.00	6.28	55.23	93466.48	1850	0	BartonZwiebach	
8017	0:29:49	1/1/2019 	1783263	73.00	9.00	6.02	55.23	93465.95	1850	0	BartonZwiebach	
8018	0:29:49	1/1/2019 	1783359	65.00	9.00	5.92	55.23	93465.95	1849	0	BartonZwiebach	
8019	0:29:50	1/1/2019 	1783895	65.00	9.00	5.92	55.23	93465.78	49793	0	BartonZwiebach	
8020	0:29:50	1/1/2019 	1784072	65.00	9.00	5.92	55.23	93465.78	1851	0	BartonZwiebach	
8021	0:29:50	1/1/2019 	1784076	64.00	10.00	5.92	55.23	93465.78	3834	0	BartonZwiebach	
8022	0:29:50	1/1/2019 	1784249	70.00	9.00	5.98	55.22	93465.27	1847	0	BartonZwiebach	
8023	0:29:50	1/1/2019 	1784577	79.00	10.00	6.12	55.22	93465.27	49793	0	BartonZwiebach	
8024	0:29:50	1/1/2019 	1784682	190.00	12.00	9.10	55.22	93465.27	1849	0	BartonZwiebach	
8025	0:29:51	1/1/2019 	1784791	63.00	9.00	5.91	55.22	93464.91	1849	0	BartonZwiebach	
8026	0:29:51	1/1/2019 	1785069	64.00	9.00	5.92	55.22	93464.91	1849	0	BartonZwiebach	
8027	0:29:51	1/1/2019 	1785196	64.00	9.00	5.92	55.22	93464.25	3832	0	BartonZwiebach	
8028	0:29:51	1/1/2019 	1785248	69.00	9.00	5.97	55.22	93464.25	1849	0	BartonZwiebach	
8029	0:29:51	1/1/2019 	1785439	200.00	10.00	9.32	55.22	93464.25	1848	0	BartonZwiebach	
8030	0:29:52	1/1/2019 	1785969	65.00	9.00	5.92	55.22	93463.90	49795	0	BartonZwiebach	
8031	0:29:52	1/1/2019 	1786166	77.00	9.00	6.08	55.22	93463.20	1850	0	BartonZwiebach	
8032	0:29:52	1/1/2019 	1786213	66.00	9.00	5.93	55.22	93463.20	1849	0	BartonZwiebach	
8033	0:29:52	1/1/2019 	1786269	589.00	18.00	15.07	55.22	93463.20	3855	0	BartonZwiebach	
8034	0:29:52	1/1/2019 	1786279	67.00	9.00	5.94	55.22	93463.20	1849	0	BartonZwiebach	
8035	0:29:52	1/1/2019 	1786339	91.00	4.00	6.36	55.22	93463.20	1849	0	BartonZwiebach	
8036	0:29:52	1/1/2019 	1786595	349.00	15.00	11.93	55.22	93463.20	49792	0	BartonZwiebach	
8037	0:29:52	1/1/2019 	1786603	73.00	10.00	6.02	55.22	93463.20	1851	0	BartonZwiebach	
8038	0:29:52	1/1/2019 	1786631	64.00	9.00	5.92	55.22	93462.50	1849	0	BartonZwiebach	
8039	0:29:52	1/1/2019 	1786760	185.00	5.00	8.92	55.22	93462.50	3852	0	BartonZwiebach	
8040	0:29:53	1/1/2019 	1786895	64.00	9.00	5.92	55.22	93462.50	1849	0	BartonZwiebach	
8041	0:29:53	1/1/2019 	1786914	65.00	9.00	5.92	55.22	93462.50	1848	0	BartonZwiebach	
8042	0:29:53	1/1/2019 	1787174	66.00	9.00	5.93	55.22	93462.16	1849	0	BartonZwiebach	
8043	0:29:53	1/1/2019 	1787312	66.00	9.00	5.93	55.22	93462.16	1848	0	BartonZwiebach	
8044	0:29:53	1/1/2019 	1787602	89.00	9.00	6.32	55.22	93461.81	49794	0	BartonZwiebach	
8045	0:29:53	1/1/2019 	1787705	64.00	9.00	5.92	55.22	93461.81	3853	0	BartonZwiebach	
8046	0:29:53	1/1/2019 	1787714	813.00	49.00	22.42	55.22	93461.81	1849	0	BartonZwiebach	
8047	0:29:54	1/1/2019 	1787828	74.00	9.00	6.03	55.22	93461.81	1849	0	BartonZwiebach	
8048	0:29:54	1/1/2019 	1787999	74.00	9.00	6.03	55.22	93461.81	1850	0	BartonZwiebach	
8049	0:29:54	1/1/2019 	1788074	65.00	9.00	5.92	55.22	93461.81	1849	0	BartonZwiebach	
8050	0:29:54	1/1/2019 	1788164	66.00	9.00	5.93	55.21	93461.16	3854	0	BartonZwiebach	
8051	0:29:54	1/1/2019 	1788217	398.00	12.00	12.33	55.21	93461.16	1850	0	BartonZwiebach	
8052	0:29:54	1/1/2019 	1788219	65.00	9.00	5.92	55.21	93461.16	1850	0	BartonZwiebach	
8053	0:29:54	1/1/2019 	1788296	67.00	9.00	5.94	55.21	93461.16	1849	0	BartonZwiebach	
8054	0:29:54	1/1/2019 	1788465	66.00	9.00	5.93	55.21	93461.16	1848	0	BartonZwiebach	
8055	0:29:54	1/1/2019 	1788551	82.00	9.00	6.18	55.21	93461.16	49794	0	BartonZwiebach	
8056	0:29:54	1/1/2019 	1788570	69.00	7.00	5.96	55.21	93460.99	3853	0	BartonZwiebach	
8057	0:29:55	1/1/2019 	1788922	64.00	8.00	5.92	55.21	93460.99	1849	0	BartonZwiebach	
8058	0:29:55	1/1/2019 	1789186	80.00	9.00	6.14	55.21	93460.30	1847	0	BartonZwiebach	
8059	0:29:55	1/1/2019 	1789318	66.00	9.00	5.93	55.21	93460.30	1849	0	BartonZwiebach	
8060	0:29:55	1/1/2019 	1789457	974.00	223.00	47.56	55.21	93460.30	1850	0	BartonZwiebach	
