###################################################################################################
### CosmicWatch: The Desktop Muon Detector
### Device ID: BartonZwiebach
### Launch time: 0:00:05 1/1/2019
### Questions? Email Spencer N. Axani (saxani@mit.edu)
### Event Time Date TimeStamp[ms] ADC1 ADC2 SiPM[mV] Temp[C] Pressure[Pa] DeadTime[us] Coincident ID
###################################################################################################
1	0:00:06	1/1/2019 	359	98.00	6.00	6.54	39.21	100753.15	47946	0	BartonZwiebach	
2	0:00:06	1/1/2019 	455	984.00	623.00	110.17	39.21	100753.15	5941	0	BartonZwiebach	
3	0:00:06	1/1/2019 	687	596.00	8.00	13.79	39.20	100753.39	49800	0	BartonZwiebach	
4	0:00:06	1/1/2019 	891	166.00	6.00	8.44	39.20	100753.39	1847	0	BartonZwiebach	
5	0:00:06	1/1/2019 	926	189.00	6.00	9.02	39.20	100753.39	1848	0	BartonZwiebach	
6	0:00:08	1/1/2019 	2001	270.00	6.00	10.57	39.18	100754.64	49783	0	BartonZwiebach	
7	0:00:09	1/1/2019 	3340	541.00	8.00	13.18	39.17	100755.48	49786	0	BartonZwiebach	
8	0:00:09	1/1/2019 	3443	167.00	6.00	8.47	39.16	100756.09	3893	0	BartonZwiebach	
9	0:00:10	1/1/2019 	4017	125.00	6.00	7.29	39.16	100756.30	49784	0	BartonZwiebach	
10	0:00:10	1/1/2019 	4061	207.00	6.00	9.43	39.16	100756.30	1849	0	BartonZwiebach	
11	0:00:11	1/1/2019 	5219	204.00	7.00	9.38	39.14	100756.92	49786	0	BartonZwiebach	
12	0:00:11	1/1/2019 	5418	178.00	6.00	8.75	39.14	100757.13	1851	0	BartonZwiebach	
13	0:00:11	1/1/2019 	5625	437.00	7.00	12.32	39.14	100757.13	49786	0	BartonZwiebach	
14	0:00:11	1/1/2019 	5971	783.00	36.00	21.00	39.13	100757.55	3840	0	BartonZwiebach	
15	0:00:12	1/1/2019 	6011	957.00	166.00	41.62	39.13	100757.55	1850	0	BartonZwiebach	
16	0:00:12	1/1/2019 	6212	170.00	6.00	8.55	39.13	100757.55	1850	0	BartonZwiebach	
17	0:00:12	1/1/2019 	6565	296.00	7.00	10.97	39.12	100757.57	49785	0	BartonZwiebach	
18	0:00:13	1/1/2019 	7829	153.00	6.00	8.09	39.10	100758.23	49787	0	BartonZwiebach	
19	0:00:14	1/1/2019 	8368	922.00	143.00	38.13	39.09	100758.09	1850	0	BartonZwiebach	
20	0:00:15	1/1/2019 	9558	325.00	7.00	11.34	39.07	100758.15	99724	0	BartonZwiebach	
21	0:00:15	1/1/2019 	9744	924.00	131.00	36.01	39.07	100758.15	2607	0	BartonZwiebach	
22	0:00:15	1/1/2019 	9916	62.00	6.00	5.90	39.06	100758.56	1849	0	BartonZwiebach	
23	0:00:18	1/1/2019 	12143	172.00	6.00	8.60	39.03	100759.17	97723	0	BartonZwiebach	
24	0:00:18	1/1/2019 	12238	634.00	9.00	14.40	39.02	100759.20	1850	0	BartonZwiebach	
25	0:00:19	1/1/2019 	13074	165.00	6.00	8.42	39.01	100759.58	49788	0	BartonZwiebach	
26	0:00:19	1/1/2019 	13646	618.00	8.00	14.02	39.00	100759.60	51916	0	BartonZwiebach	
27	0:00:19	1/1/2019 	13912	208.00	6.00	9.45	38.99	100759.81	1847	0	BartonZwiebach	
28	0:00:19	1/1/2019 	13970	93.00	6.00	6.41	38.99	100759.81	1848	0	BartonZwiebach	
29	0:00:22	1/1/2019 	16099	206.00	6.00	9.41	38.95	100759.78	97725	0	BartonZwiebach	
30	0:00:22	1/1/2019 	16358	205.00	6.00	9.38	38.95	100760.16	1849	0	BartonZwiebach	
31	0:00:22	1/1/2019 	16561	646.00	9.00	14.50	38.95	100760.16	49784	0	BartonZwiebach	
32	0:00:22	1/1/2019 	16637	127.00	6.00	7.35	38.94	100760.02	3838	0	BartonZwiebach	
33	0:00:23	1/1/2019 	17135	279.00	7.00	10.73	38.93	100760.39	1847	0	BartonZwiebach	
34	0:00:23	1/1/2019 	17160	218.00	7.00	9.67	38.93	100760.39	1850	0	BartonZwiebach	
35	0:00:24	1/1/2019 	18103	80.00	6.00	6.13	38.91	100760.27	49788	0	BartonZwiebach	
36	0:00:24	1/1/2019 	18791	213.00	5.00	9.54	38.90	100760.67	49787	0	BartonZwiebach	
37	0:00:27	1/1/2019 	21977	968.00	340.00	64.06	38.85	100760.84	145666	0	BartonZwiebach	
38	0:00:28	1/1/2019 	22235	304.00	7.00	11.08	38.84	100760.88	4800	0	BartonZwiebach	
39	0:00:29	1/1/2019 	23053	755.00	27.00	19.63	38.82	100760.92	49791	0	BartonZwiebach	
40	0:00:30	1/1/2019 	24619	269.00	6.00	10.55	38.80	100761.56	97728	0	BartonZwiebach	
41	0:00:30	1/1/2019 	24806	162.00	6.00	8.34	38.80	100761.56	1849	0	BartonZwiebach	
42	0:00:31	1/1/2019 	25796	186.00	6.00	8.95	38.78	100761.44	49785	0	BartonZwiebach	
43	0:00:31	1/1/2019 	25994	86.00	6.00	6.25	38.77	100761.29	1849	0	BartonZwiebach	
44	0:00:34	1/1/2019 	28733	222.00	6.00	9.74	38.72	100760.91	145659	0	BartonZwiebach	
45	0:00:34	1/1/2019 	28787	726.00	18.00	17.56	38.72	100760.91	3839	0	BartonZwiebach	
46	0:00:35	1/1/2019 	29712	108.00	6.00	6.80	38.70	100760.83	49789	0	BartonZwiebach	
47	0:00:36	1/1/2019 	30207	181.00	6.00	8.83	38.69	100760.48	2606	0	BartonZwiebach	
48	0:00:36	1/1/2019 	30406	977.00	342.00	64.42	38.69	100760.19	1848	0	BartonZwiebach	
49	0:00:36	1/1/2019 	30768	120.00	6.00	7.14	38.69	100760.19	49796	0	BartonZwiebach	
50	0:00:36	1/1/2019 	30993	64.00	6.00	5.91	38.68	100760.41	3978	0	BartonZwiebach	
51	0:00:37	1/1/2019 	31471	261.00	6.00	10.43	38.67	100760.59	1847	0	BartonZwiebach	
52	0:00:37	1/1/2019 	31889	298.00	6.00	10.96	38.66	100759.94	49789	0	BartonZwiebach	
53	0:00:38	1/1/2019 	32918	570.00	7.00	13.34	38.64	100759.48	49789	0	BartonZwiebach	
54	0:00:40	1/1/2019 	34226	212.00	6.00	9.53	38.62	100758.78	49791	0	BartonZwiebach	
55	0:00:40	1/1/2019 	34309	57.00	6.00	5.88	38.62	100758.78	1849	0	BartonZwiebach	
56	0:00:40	1/1/2019 	34312	383.00	6.00	11.85	38.62	100758.78	1848	0	BartonZwiebach	
57	0:00:40	1/1/2019 	34360	677.00	12.00	15.57	38.62	100758.78	3838	0	BartonZwiebach	
58	0:00:40	1/1/2019 	34952	123.00	6.00	7.23	38.61	100758.34	49788	0	BartonZwiebach	
59	0:00:41	1/1/2019 	35363	970.00	361.00	67.86	38.60	100756.64	1847	0	BartonZwiebach	
60	0:00:41	1/1/2019 	35427	916.00	117.00	33.33	38.60	100756.64	1850	0	BartonZwiebach	
61	0:00:41	1/1/2019 	35603	729.00	21.00	18.31	38.60	100756.64	49792	0	BartonZwiebach	
62	0:00:41	1/1/2019 	35751	592.00	8.00	13.74	38.59	100755.17	3840	0	BartonZwiebach	
63	0:00:42	1/1/2019 	36357	589.00	8.00	13.71	38.59	100755.09	1847	0	BartonZwiebach	
64	0:00:42	1/1/2019 	36487	966.00	186.00	44.01	38.59	100755.09	1849	0	BartonZwiebach	
65	0:00:42	1/1/2019 	36616	548.00	7.00	13.12	38.59	100755.09	49791	0	BartonZwiebach	
66	0:00:43	1/1/2019 	37220	782.00	37.00	21.11	38.57	100753.64	1849	0	BartonZwiebach	
67	0:00:44	1/1/2019 	38398	91.00	6.00	6.37	38.55	100751.67	49792	0	BartonZwiebach	
68	0:00:45	1/1/2019 	39003	274.00	6.00	10.63	38.54	100752.59	51776	0	BartonZwiebach	
69	0:00:45	1/1/2019 	39201	888.00	99.00	29.76	38.54	100754.15	1850	0	BartonZwiebach	
70	0:00:45	1/1/2019 	39481	957.00	170.00	42.15	38.54	100754.15	1849	0	BartonZwiebach	
71	0:00:45	1/1/2019 	39491	698.00	14.00	16.29	38.54	100754.15	1849	0	BartonZwiebach	
72	0:00:46	1/1/2019 	40019	649.00	10.00	14.80	38.53	100756.88	49792	0	BartonZwiebach	
73	0:00:46	1/1/2019 	40036	269.00	6.00	10.55	38.53	100756.88	2616	0	BartonZwiebach	
74	0:00:46	1/1/2019 	40450	282.00	6.00	10.74	38.52	100756.07	3982	0	BartonZwiebach	
75	0:00:46	1/1/2019 	40581	312.00	6.00	11.14	38.51	100757.29	49787	0	BartonZwiebach	
76	0:00:46	1/1/2019 	40600	717.00	17.00	17.25	38.51	100757.29	1848	0	BartonZwiebach	
77	0:00:47	1/1/2019 	41148	882.00	101.00	30.11	38.50	100758.38	1852	0	BartonZwiebach	
78	0:00:48	1/1/2019 	42164	809.00	50.00	22.51	38.49	100759.50	49798	0	BartonZwiebach	
79	0:00:49	1/1/2019 	43452	690.00	14.00	16.25	38.47	100764.97	49790	0	BartonZwiebach	
80	0:00:50	1/1/2019 	44103	713.00	18.00	17.49	38.46	100768.12	51778	0	BartonZwiebach	
81	0:00:51	1/1/2019 	45297	69.00	6.00	5.96	38.44	100771.80	49789	0	BartonZwiebach	
82	0:00:51	1/1/2019 	45969	763.00	30.00	20.14	38.43	100771.16	49787	0	BartonZwiebach	
83	0:00:52	1/1/2019 	46936	895.00	109.00	31.71	38.41	100767.03	49791	0	BartonZwiebach	
84	0:00:53	1/1/2019 	47099	662.00	11.00	15.18	38.41	100767.03	1851	0	BartonZwiebach	
85	0:00:53	1/1/2019 	47354	588.00	8.00	13.70	38.41	100767.03	1851	0	BartonZwiebach	
86	0:00:53	1/1/2019 	47818	125.00	6.00	7.29	38.40	100760.82	51776	0	BartonZwiebach	
87	0:00:54	1/1/2019 	48678	569.00	7.00	13.33	38.39	100754.86	49786	0	BartonZwiebach	
88	0:00:54	1/1/2019 	48839	156.00	6.00	8.17	38.39	100754.86	1850	0	BartonZwiebach	
89	0:00:56	1/1/2019 	50128	198.00	6.00	9.23	38.36	100753.78	49788	0	BartonZwiebach	
90	0:00:56	1/1/2019 	50178	625.00	9.00	14.32	38.36	100753.78	2605	0	BartonZwiebach	
91	0:00:56	1/1/2019 	50596	67.00	6.00	5.94	38.35	100753.16	49788	0	BartonZwiebach	
92	0:00:56	1/1/2019 	50903	133.00	6.00	7.52	38.35	100753.86	3978	0	BartonZwiebach	
93	0:00:57	1/1/2019 	51367	806.00	54.00	22.90	38.34	100754.41	1847	0	BartonZwiebach	
94	0:00:58	1/1/2019 	52183	805.00	45.00	22.01	38.33	100754.30	49792	0	BartonZwiebach	
95	0:00:59	1/1/2019 	53334	653.00	10.00	14.83	38.30	100756.59	49791	0	BartonZwiebach	
96	0:00:59	1/1/2019 	53494	155.00	6.00	8.15	38.30	100756.59	1850	0	BartonZwiebach	
97	0:00:59	1/1/2019 	53815	86.00	4.00	6.25	38.30	100755.81	49784	0	BartonZwiebach	
98	0:01:00	1/1/2019 	54387	152.00	6.00	8.06	38.29	100755.83	3836	0	BartonZwiebach	
99	0:01:00	1/1/2019 	54552	114.00	6.00	6.97	38.29	100755.83	49787	0	BartonZwiebach	
100	0:01:02	1/1/2019 	56040	81.00	6.00	6.15	38.26	100758.17	49786	0	BartonZwiebach	
101	0:01:02	1/1/2019 	56659	974.00	235.00	48.70	38.25	100759.01	49790	0	BartonZwiebach	
102	0:01:02	1/1/2019 	56675	227.00	6.00	9.83	38.25	100759.01	1850	0	BartonZwiebach	
103	0:01:03	1/1/2019 	57679	895.00	101.00	30.17	38.23	100760.86	49789	0	BartonZwiebach	
104	0:01:03	1/1/2019 	57708	120.00	6.00	7.14	38.23	100760.86	3840	0	BartonZwiebach	
105	0:01:04	1/1/2019 	58285	103.00	6.00	6.67	38.22	100761.91	1847	0	BartonZwiebach	
106	0:01:05	1/1/2019 	59088	338.00	7.00	11.48	38.22	100761.78	49789	0	BartonZwiebach	
107	0:01:05	1/1/2019 	59142	907.00	105.00	30.97	38.21	100761.66	1852	0	BartonZwiebach	
108	0:01:05	1/1/2019 	59397	561.00	7.00	13.25	38.21	100761.66	1850	0	BartonZwiebach	
109	0:01:06	1/1/2019 	60699	102.00	6.00	6.64	38.18	100760.91	97732	0	BartonZwiebach	
110	0:01:07	1/1/2019 	61293	963.00	190.00	44.43	38.17	100761.62	4746	0	BartonZwiebach	
111	0:01:07	1/1/2019 	61451	73.00	6.00	6.02	38.17	100761.62	1858	0	BartonZwiebach	
112	0:01:07	1/1/2019 	61479	396.00	7.00	12.02	38.17	100761.62	1855	0	BartonZwiebach	
113	0:01:08	1/1/2019 	62031	215.00	6.00	9.60	38.17	100762.20	49792	0	BartonZwiebach	
114	0:01:08	1/1/2019 	62079	158.00	6.00	8.23	38.16	100762.78	1849	0	BartonZwiebach	
115	0:01:08	1/1/2019 	62127	461.00	7.00	12.47	38.16	100762.78	1848	0	BartonZwiebach	
116	0:01:08	1/1/2019 	62604	198.00	6.00	9.23	38.15	100763.33	51777	0	BartonZwiebach	
117	0:01:08	1/1/2019 	62743	112.00	6.00	6.92	38.15	100763.33	1848	0	BartonZwiebach	
118	0:01:08	1/1/2019 	62754	858.00	76.00	25.73	38.15	100763.33	1848	0	BartonZwiebach	
119	0:01:09	1/1/2019 	63318	264.00	6.00	10.47	38.14	100763.17	1850	0	BartonZwiebach	
120	0:01:10	1/1/2019 	64696	975.00	543.00	93.22	38.12	100764.52	97726	0	BartonZwiebach	
121	0:01:11	1/1/2019 	65024	874.00	97.00	29.33	38.11	100763.86	1850	0	BartonZwiebach	
122	0:01:12	1/1/2019 	66076	430.00	6.00	12.19	38.10	100761.94	51780	0	BartonZwiebach	
123	0:01:12	1/1/2019 	66177	966.00	199.00	45.33	38.10	100761.94	1849	0	BartonZwiebach	
124	0:01:13	1/1/2019 	67001	873.00	87.00	27.54	38.08	100761.52	49795	0	BartonZwiebach	
125	0:01:13	1/1/2019 	67914	56.00	6.00	5.88	38.07	100761.39	49790	0	BartonZwiebach	
126	0:01:13	1/1/2019 	67985	995.00	796.00	141.32	38.06	100761.09	1848	0	BartonZwiebach	
127	0:01:14	1/1/2019 	68405	967.00	217.00	47.01	38.06	100761.09	1851	0	BartonZwiebach	
128	0:01:18	1/1/2019 	72144	674.00	12.00	15.55	38.01	100757.28	195614	0	BartonZwiebach	
129	0:01:18	1/1/2019 	72714	932.00	138.00	37.28	38.00	100754.48	50546	0	BartonZwiebach	
130	0:01:19	1/1/2019 	73023	101.00	6.00	6.62	37.99	100750.17	1850	0	BartonZwiebach	
131	0:01:20	1/1/2019 	74051	206.00	6.00	9.41	37.98	100738.81	49787	0	BartonZwiebach	
132	0:01:20	1/1/2019 	74111	448.00	7.00	12.39	37.98	100738.81	1849	0	BartonZwiebach	
133	0:01:20	1/1/2019 	74177	766.00	31.00	20.30	37.98	100738.81	1850	0	BartonZwiebach	
134	0:01:20	1/1/2019 	74321	98.00	6.00	6.54	37.97	100729.56	3980	0	BartonZwiebach	
135	0:01:20	1/1/2019 	74658	54.00	5.00	5.88	37.97	100729.56	49786	0	BartonZwiebach	
136	0:01:22	1/1/2019 	76619	170.00	6.00	8.55	37.94	100653.06	97724	0	BartonZwiebach	
137	0:01:23	1/1/2019 	77251	160.00	6.00	8.28	37.93	100587.05	1850	0	BartonZwiebach	
138	0:01:24	1/1/2019 	78583	93.00	6.00	6.41	37.92	100473.52	97724	0	BartonZwiebach	
139	0:01:24	1/1/2019 	78826	96.00	6.00	6.49	37.91	100377.42	1849	0	BartonZwiebach	
140	0:01:26	1/1/2019 	80115	175.00	6.00	8.68	37.89	100188.48	51831	0	BartonZwiebach	
141	0:01:26	1/1/2019 	80677	159.00	6.00	8.26	37.88	100055.23	50545	0	BartonZwiebach	
142	0:01:26	1/1/2019 	80947	102.00	6.00	6.64	37.88	100055.23	1849	0	BartonZwiebach	
143	0:01:27	1/1/2019 	80998	974.00	236.00	48.80	37.88	100055.23	1849	0	BartonZwiebach	
144	0:01:27	1/1/2019 	81085	141.00	6.00	7.75	37.88	100055.23	1850	0	BartonZwiebach	
145	0:01:27	1/1/2019 	81689	597.00	8.00	13.80	37.87	99955.58	49786	0	BartonZwiebach	
146	0:01:28	1/1/2019 	82459	926.00	97.00	29.46	37.86	99784.64	3977	0	BartonZwiebach	
147	0:01:29	1/1/2019 	83796	88.00	5.00	6.30	37.84	98665.67	97732	0	BartonZwiebach	
148	0:01:30	1/1/2019 	84918	64.00	6.00	5.91	37.83	97438.08	49787	0	BartonZwiebach	
149	0:01:34	1/1/2019 	88407	58.00	6.00	5.88	37.77	91346.09	145664	0	BartonZwiebach	
150	0:01:35	1/1/2019 	89034	976.00	453.00	81.31	37.76	90114.02	49788	0	BartonZwiebach	
151	0:01:35	1/1/2019 	89419	129.00	6.00	7.40	37.76	90114.02	1850	0	BartonZwiebach	
152	0:01:36	1/1/2019 	90023	137.00	6.00	7.64	37.74	89044.62	51783	0	BartonZwiebach	
153	0:01:36	1/1/2019 	90140	234.00	6.00	9.97	37.74	89044.62	2614	0	BartonZwiebach	
154	0:01:36	1/1/2019 	90358	657.00	10.00	14.85	37.74	89044.62	1855	0	BartonZwiebach	
155	0:01:36	1/1/2019 	90816	82.00	6.00	6.17	37.73	88563.81	49793	0	BartonZwiebach	
156	0:01:36	1/1/2019 	90963	601.00	8.00	13.84	37.73	88115.66	1847	0	BartonZwiebach	
157	0:01:37	1/1/2019 	91962	886.00	103.00	30.51	37.71	87307.92	49786	0	BartonZwiebach	
158	0:01:38	1/1/2019 	92968	74.00	6.00	6.03	37.69	86606.16	51928	0	BartonZwiebach	
159	0:01:39	1/1/2019 	93031	877.00	97.00	29.34	37.69	86606.16	1850	0	BartonZwiebach	
160	0:01:40	1/1/2019 	94332	965.00	190.00	44.43	37.67	85723.84	49791	0	BartonZwiebach	
161	0:01:41	1/1/2019 	95414	968.00	219.00	47.19	37.66	85238.05	49795	0	BartonZwiebach	
162	0:01:41	1/1/2019 	95753	84.00	5.00	6.21	37.66	85238.05	49794	0	BartonZwiebach	
163	0:01:41	1/1/2019 	95811	222.00	6.00	9.74	37.65	85020.25	1848	0	BartonZwiebach	
164	0:01:42	1/1/2019 	96807	204.00	6.00	9.36	37.63	84630.20	51781	0	BartonZwiebach	
165	0:01:43	1/1/2019 	97127	146.00	6.00	7.89	37.63	84630.20	1848	0	BartonZwiebach	
166	0:01:43	1/1/2019 	97307	821.00	55.00	23.04	37.63	84456.38	1851	0	BartonZwiebach	
167	0:01:44	1/1/2019 	98017	130.00	6.00	7.43	37.62	84298.38	49795	0	BartonZwiebach	
168	0:01:44	1/1/2019 	98750	653.00	12.00	15.36	37.61	84012.67	49787	0	BartonZwiebach	
169	0:01:45	1/1/2019 	99081	891.00	105.00	30.92	37.61	84012.67	1849	0	BartonZwiebach	
170	0:01:45	1/1/2019 	99267	71.00	6.00	5.99	37.60	83888.23	3898	0	BartonZwiebach	
171	0:01:46	1/1/2019 	100014	901.00	109.00	31.73	37.59	83775.87	49788	0	BartonZwiebach	
172	0:01:46	1/1/2019 	100555	693.00	15.00	16.55	37.58	83674.20	50551	0	BartonZwiebach	
173	0:01:47	1/1/2019 	101074	919.00	135.00	36.73	37.57	83587.97	1849	0	BartonZwiebach	
174	0:01:47	1/1/2019 	101603	88.00	6.00	6.30	37.57	83504.27	49791	0	BartonZwiebach	
175	0:01:47	1/1/2019 	101837	254.00	6.00	10.31	37.56	83422.73	1848	0	BartonZwiebach	
176	0:01:47	1/1/2019 	101963	261.00	6.00	10.43	37.56	83422.73	3985	0	BartonZwiebach	
177	0:01:48	1/1/2019 	102060	188.00	6.00	9.00	37.56	83422.73	1847	0	BartonZwiebach	
178	0:01:48	1/1/2019 	102836	634.00	13.00	15.31	37.55	83276.78	49787	0	BartonZwiebach	
179	0:01:48	1/1/2019 	102992	70.00	6.00	5.97	37.55	83276.78	1850	0	BartonZwiebach	
180	0:01:49	1/1/2019 	103406	189.00	6.00	9.02	37.54	83211.19	1848	0	BartonZwiebach	
181	0:01:49	1/1/2019 	103497	826.00	63.00	23.93	37.54	83211.19	1849	0	BartonZwiebach	
182	0:01:50	1/1/2019 	104584	960.00	193.00	44.74	37.53	83093.88	99729	0	BartonZwiebach	
183	0:01:51	1/1/2019 	105125	731.00	21.00	18.32	37.51	82991.69	1856	0	BartonZwiebach	
184	0:01:53	1/1/2019 	107081	58.00	6.00	5.88	37.48	82738.42	97729	0	BartonZwiebach	
185	0:01:53	1/1/2019 	107861	328.00	7.00	11.37	37.47	82629.12	49787	0	BartonZwiebach	
186	0:01:55	1/1/2019 	109652	115.00	6.00	7.00	37.45	82275.42	97728	0	BartonZwiebach	
187	0:01:55	1/1/2019 	109732	144.00	6.00	7.84	37.45	82275.42	2606	0	BartonZwiebach	
188	0:01:56	1/1/2019 	110310	611.00	8.00	13.95	37.44	82202.83	3984	0	BartonZwiebach	
189	0:01:57	1/1/2019 	111114	142.00	6.00	7.78	37.42	82076.42	49786	0	BartonZwiebach	
190	0:01:57	1/1/2019 	111131	659.00	11.00	15.15	37.42	82076.42	1848	0	BartonZwiebach	
191	0:01:57	1/1/2019 	111675	85.00	6.00	6.23	37.42	82018.59	49788	0	BartonZwiebach	
192	0:01:57	1/1/2019 	111885	965.00	186.00	44.01	37.42	82018.59	1847	0	BartonZwiebach	
193	0:01:58	1/1/2019 	112717	594.00	7.00	13.57	37.40	81918.50	51789	0	BartonZwiebach	
194	0:01:59	1/1/2019 	113218	921.00	132.00	36.19	37.40	81871.69	1850	0	BartonZwiebach	
195	0:02:00	1/1/2019 	114148	847.00	64.00	24.09	37.38	81784.16	49795	0	BartonZwiebach	
196	0:02:00	1/1/2019 	114166	610.00	8.00	13.94	37.38	81784.16	1850	0	BartonZwiebach	
197	0:02:00	1/1/2019 	114784	623.00	8.00	14.06	37.37	81746.75	49787	0	BartonZwiebach	
198	0:02:01	1/1/2019 	115053	953.00	164.00	41.35	37.37	81712.50	1846	0	BartonZwiebach	
199	0:02:01	1/1/2019 	115468	900.00	107.00	31.34	37.36	81681.95	3901	0	BartonZwiebach	
200	0:02:01	1/1/2019 	115675	167.00	6.00	8.47	37.36	81681.95	49791	0	BartonZwiebach	
201	0:02:01	1/1/2019 	115889	190.00	6.00	9.05	37.35	81653.61	1848	0	BartonZwiebach	
202	0:02:02	1/1/2019 	116352	798.00	50.00	22.49	37.35	81627.88	1850	0	BartonZwiebach	
203	0:02:02	1/1/2019 	116706	919.00	133.00	36.37	37.35	81627.88	49801	0	BartonZwiebach	
204	0:02:02	1/1/2019 	116974	180.00	6.00	8.80	37.34	81604.72	1854	0	BartonZwiebach	
205	0:02:03	1/1/2019 	117866	712.00	17.00	17.22	37.33	81564.88	51782	0	BartonZwiebach	
206	0:02:03	1/1/2019 	117928	766.00	29.00	20.00	37.33	81564.88	1850	0	BartonZwiebach	
207	0:02:04	1/1/2019 	118434	72.00	6.00	6.00	37.33	81548.05	1850	0	BartonZwiebach	
208	0:02:04	1/1/2019 	118928	175.00	9.00	8.70	37.32	81532.08	49789	0	BartonZwiebach	
209	0:02:05	1/1/2019 	119044	80.00	5.00	6.13	37.32	81532.08	1848	0	BartonZwiebach	
210	0:02:05	1/1/2019 	119411	120.00	6.00	7.14	37.31	81518.45	1850	0	BartonZwiebach	
211	0:02:05	1/1/2019 	119830	917.00	122.00	34.30	37.31	81505.98	51783	0	BartonZwiebach	
212	0:02:05	1/1/2019 	119853	193.00	6.00	9.12	37.31	81505.98	2804	0	BartonZwiebach	
213	0:02:06	1/1/2019 	120167	214.00	6.00	9.58	37.31	81505.98	1848	0	BartonZwiebach	
214	0:02:06	1/1/2019 	120350	860.00	70.00	24.89	37.30	81495.02	1849	0	BartonZwiebach	
215	0:02:06	1/1/2019 	120441	57.00	6.00	5.88	37.30	81495.02	1849	0	BartonZwiebach	
216	0:02:06	1/1/2019 	120460	221.00	6.00	9.72	37.30	81495.02	1848	0	BartonZwiebach	
217	0:02:06	1/1/2019 	120729	185.00	6.00	8.93	37.29	81484.92	51921	0	BartonZwiebach	
218	0:02:07	1/1/2019 	121258	186.00	6.00	8.95	37.29	81476.80	1848	0	BartonZwiebach	
219	0:02:07	1/1/2019 	121343	527.00	7.00	12.94	37.29	81476.80	1849	0	BartonZwiebach	
220	0:02:07	1/1/2019 	121810	243.00	6.00	10.13	37.28	81469.53	49788	0	BartonZwiebach	
221	0:02:08	1/1/2019 	122309	797.00	48.00	22.29	37.28	81464.56	1849	0	BartonZwiebach	
222	0:02:08	1/1/2019 	122590	533.00	6.00	12.86	37.28	81464.56	49791	0	BartonZwiebach	
223	0:02:10	1/1/2019 	124136	787.00	42.00	21.67	37.26	81455.29	51784	0	BartonZwiebach	
224	0:02:10	1/1/2019 	124298	564.00	7.00	13.28	37.25	81454.53	1850	0	BartonZwiebach	
225	0:02:10	1/1/2019 	124369	496.00	7.00	12.70	37.25	81454.53	1849	0	BartonZwiebach	
226	0:02:10	1/1/2019 	124652	262.00	6.00	10.44	37.25	81455.10	49790	0	BartonZwiebach	
227	0:02:11	1/1/2019 	125282	78.00	5.00	6.09	37.24	81455.03	1849	0	BartonZwiebach	
228	0:02:11	1/1/2019 	125360	449.00	7.00	12.39	37.24	81455.03	1850	0	BartonZwiebach	
229	0:02:11	1/1/2019 	125784	85.00	6.00	6.23	37.24	81455.95	51783	0	BartonZwiebach	
230	0:02:11	1/1/2019 	125841	253.00	6.00	10.30	37.24	81455.95	1849	0	BartonZwiebach	
231	0:02:12	1/1/2019 	126250	967.00	297.00	56.58	37.23	81454.68	1849	0	BartonZwiebach	
232	0:02:14	1/1/2019 	128582	91.00	6.00	6.37	37.20	81436.05	145685	0	BartonZwiebach	
233	0:02:14	1/1/2019 	128938	613.00	8.00	13.97	37.20	81436.05	1848	0	BartonZwiebach	
234	0:02:15	1/1/2019 	129871	214.00	6.00	9.58	37.19	81446.09	49789	0	BartonZwiebach	
235	0:02:16	1/1/2019 	130155	545.00	7.00	13.09	37.19	81470.29	4938	0	BartonZwiebach	
236	0:02:16	1/1/2019 	130242	89.00	6.00	6.32	37.19	81470.29	1850	0	BartonZwiebach	
237	0:02:17	1/1/2019 	131161	214.00	6.00	9.58	37.18	81548.91	49787	0	BartonZwiebach	
238	0:02:17	1/1/2019 	131200	110.00	6.00	6.86	37.18	81548.91	1849	0	BartonZwiebach	
239	0:02:18	1/1/2019 	132729	209.00	6.00	9.47	37.16	81700.27	97726	0	BartonZwiebach	
240	0:02:19	1/1/2019 	133927	696.00	15.00	16.57	37.15	81807.70	49790	0	BartonZwiebach	
241	0:02:19	1/1/2019 	133940	148.00	6.00	7.95	37.15	81860.11	3845	0	BartonZwiebach	
242	0:02:21	1/1/2019 	135329	173.00	6.00	8.63	37.14	81961.11	49787	0	BartonZwiebach	
243	0:02:21	1/1/2019 	135851	118.00	6.00	7.09	37.14	82009.53	49787	0	BartonZwiebach	
244	0:02:22	1/1/2019 	136224	856.00	68.00	24.61	37.14	82056.28	1849	0	BartonZwiebach	
245	0:02:22	1/1/2019 	136769	62.00	6.00	5.90	37.14	82101.67	49793	0	BartonZwiebach	
246	0:02:22	1/1/2019 	136774	270.00	6.00	10.57	37.14	82101.67	1847	0	BartonZwiebach	
247	0:02:23	1/1/2019 	137929	83.00	6.00	6.19	37.14	82235.56	51783	0	BartonZwiebach	
248	0:02:24	1/1/2019 	138114	159.00	6.00	8.26	37.14	82235.56	1849	0	BartonZwiebach	
249	0:02:27	1/1/2019 	141084	162.00	6.00	8.34	37.16	82485.08	145666	0	BartonZwiebach	
250	0:02:27	1/1/2019 	141383	677.00	13.00	15.87	37.16	82522.15	2804	0	BartonZwiebach	
251	0:02:28	1/1/2019 	142589	84.00	6.00	6.21	37.18	82592.80	97729	0	BartonZwiebach	
252	0:02:28	1/1/2019 	142896	545.00	7.00	13.09	37.19	82626.20	1849	0	BartonZwiebach	
253	0:02:29	1/1/2019 	143150	965.00	193.00	44.74	37.19	82626.20	3985	0	BartonZwiebach	
254	0:02:29	1/1/2019 	143767	235.00	6.00	9.98	37.20	82689.92	49795	0	BartonZwiebach	
255	0:02:30	1/1/2019 	144128	210.00	6.00	9.49	37.20	82689.92	1848	0	BartonZwiebach	
256	0:02:30	1/1/2019 	144305	929.00	140.00	37.62	37.21	82720.44	1849	0	BartonZwiebach	
257	0:02:30	1/1/2019 	144983	811.00	58.00	23.33	37.23	82750.27	49792	0	BartonZwiebach	
258	0:02:31	1/1/2019 	145131	335.00	6.00	11.40	37.23	82750.27	1850	0	BartonZwiebach	
259	0:02:31	1/1/2019 	145170	970.00	245.00	49.71	37.23	82750.27	3843	0	BartonZwiebach	
260	0:02:31	1/1/2019 	145685	130.00	6.00	7.43	37.25	82806.59	49794	0	BartonZwiebach	
261	0:02:32	1/1/2019 	146326	128.00	6.00	7.37	37.26	82834.06	1848	0	BartonZwiebach	
262	0:02:33	1/1/2019 	147221	309.00	6.00	11.10	37.29	82886.48	49787	0	BartonZwiebach	
263	0:02:33	1/1/2019 	147976	598.00	7.00	13.61	37.30	82911.75	49788	0	BartonZwiebach	
264	0:02:34	1/1/2019 	148330	90.00	6.00	6.34	37.32	82936.34	1849	0	BartonZwiebach	
265	0:02:34	1/1/2019 	148574	65.00	6.00	5.92	37.32	82936.34	51782	0	BartonZwiebach	
266	0:02:35	1/1/2019 	149010	160.00	6.00	8.28	37.33	82960.11	1847	0	BartonZwiebach	
267	0:02:35	1/1/2019 	149192	81.00	5.00	6.15	37.34	82983.03	1849	0	BartonZwiebach	
268	0:02:35	1/1/2019 	149894	199.00	6.00	9.25	37.36	83005.47	49788	0	BartonZwiebach	
269	0:02:36	1/1/2019 	150333	925.00	146.00	38.63	37.38	83027.38	2806	0	BartonZwiebach	
270	0:02:36	1/1/2019 	150373	142.00	6.00	7.78	37.38	83027.38	1857	0	BartonZwiebach	
271	0:02:36	1/1/2019 	150434	68.00	6.00	5.95	37.38	83027.38	3989	0	BartonZwiebach	
272	0:02:36	1/1/2019 	150776	136.00	6.00	7.61	37.39	83048.62	49794	0	BartonZwiebach	
273	0:02:36	1/1/2019 	150987	156.00	6.00	8.17	37.39	83048.62	1855	0	BartonZwiebach	
274	0:02:38	1/1/2019 	152464	173.00	6.00	8.63	37.44	83109.18	49790	0	BartonZwiebach	
275	0:02:39	1/1/2019 	153939	89.00	6.00	6.32	37.49	83165.48	97726	0	BartonZwiebach	
276	0:02:40	1/1/2019 	154001	58.00	6.00	5.88	37.51	83183.41	1849	0	BartonZwiebach	
277	0:02:42	1/1/2019 	156113	960.00	191.00	44.54	37.58	83251.70	99721	0	BartonZwiebach	
278	0:02:42	1/1/2019 	156165	239.00	6.00	10.06	37.58	83251.70	1851	0	BartonZwiebach	
279	0:02:42	1/1/2019 	156355	968.00	180.00	43.35	37.58	83251.70	1848	0	BartonZwiebach	
280	0:02:43	1/1/2019 	157278	86.00	6.00	6.25	37.62	83283.61	49794	0	BartonZwiebach	
281	0:02:43	1/1/2019 	157824	183.00	6.00	8.88	37.64	83299.00	49788	0	BartonZwiebach	
282	0:02:44	1/1/2019 	158329	115.00	6.00	7.00	37.65	83313.72	1847	0	BartonZwiebach	
283	0:02:44	1/1/2019 	158799	757.00	30.00	20.11	37.67	83328.39	51783	0	BartonZwiebach	
284	0:02:45	1/1/2019 	159037	929.00	152.00	39.60	37.69	83342.73	1851	0	BartonZwiebach	
285	0:02:45	1/1/2019 	159172	971.00	260.00	51.40	37.69	83342.73	1851	0	BartonZwiebach	
286	0:02:46	1/1/2019 	160488	270.00	6.00	10.57	37.75	83384.10	49796	0	BartonZwiebach	
287	0:02:47	1/1/2019 	161195	108.00	6.00	6.80	37.77	83397.32	50745	0	BartonZwiebach	
288	0:02:47	1/1/2019 	161482	199.00	6.00	9.25	37.79	83410.52	1849	0	BartonZwiebach	
289	0:02:47	1/1/2019 	161568	961.00	173.00	42.52	37.79	83410.52	51922	0	BartonZwiebach	
290	0:02:48	1/1/2019 	162154	119.00	6.00	7.11	37.80	83423.52	1849	0	BartonZwiebach	
291	0:02:48	1/1/2019 	162561	517.00	7.00	12.85	37.82	83435.90	49787	0	BartonZwiebach	
292	0:02:49	1/1/2019 	163123	62.00	6.00	5.90	37.84	83448.57	1849	0	BartonZwiebach	
293	0:02:49	1/1/2019 	163415	102.00	6.00	6.64	37.86	83460.91	1849	0	BartonZwiebach	
294	0:02:50	1/1/2019 	164435	142.00	6.00	7.78	37.90	83484.77	49788	0	BartonZwiebach	
295	0:02:50	1/1/2019 	164887	129.00	6.00	7.40	37.92	83496.93	51782	0	BartonZwiebach	
296	0:02:54	1/1/2019 	168625	93.00	5.00	6.41	38.04	83574.64	193609	0	BartonZwiebach	
297	0:02:54	1/1/2019 	168639	70.00	6.00	5.97	38.06	83585.16	1849	0	BartonZwiebach	
298	0:02:54	1/1/2019 	168834	385.00	6.00	11.87	38.06	83585.16	1848	0	BartonZwiebach	
299	0:02:55	1/1/2019 	169155	953.00	171.00	42.27	38.08	83595.70	1849	0	BartonZwiebach	
300	0:02:57	1/1/2019 	171723	194.00	6.00	9.14	38.16	83646.84	147735	0	BartonZwiebach	
301	0:02:59	1/1/2019 	173827	791.00	46.00	22.08	38.23	83686.81	98686	0	BartonZwiebach	
302	0:03:00	1/1/2019 	174472	975.00	328.00	61.89	38.25	83696.20	1851	0	BartonZwiebach	
303	0:03:00	1/1/2019 	174560	506.00	6.00	12.66	38.26	83706.05	49799	0	BartonZwiebach	
304	0:03:01	1/1/2019 	175567	907.00	78.00	26.15	38.30	83725.45	49791	0	BartonZwiebach	
305	0:03:02	1/1/2019 	176131	85.00	8.00	6.24	38.32	83734.98	1851	0	BartonZwiebach	
306	0:03:02	1/1/2019 	176495	611.00	8.00	13.95	38.33	83744.05	3982	0	BartonZwiebach	
307	0:03:02	1/1/2019 	176922	71.00	6.00	5.99	38.33	83744.05	49789	0	BartonZwiebach	
308	0:03:04	1/1/2019 	178368	179.00	5.00	8.77	38.38	83772.02	49787	0	BartonZwiebach	
309	0:03:05	1/1/2019 	179254	823.00	61.00	23.69	38.41	83790.43	49791	0	BartonZwiebach	
310	0:03:05	1/1/2019 	179861	987.00	602.00	105.42	38.43	83799.47	49796	0	BartonZwiebach	
311	0:03:06	1/1/2019 	180083	680.00	13.00	15.89	38.44	83808.38	2804	0	BartonZwiebach	
312	0:03:07	1/1/2019 	181414	570.00	9.00	13.64	38.49	83834.47	51924	0	BartonZwiebach	
313	0:03:07	1/1/2019 	181846	901.00	119.00	33.68	38.51	83843.34	49790	0	BartonZwiebach	
314	0:03:08	1/1/2019 	182084	70.00	6.00	5.97	38.51	83843.34	1850	0	BartonZwiebach	
315	0:03:08	1/1/2019 	182424	57.00	6.00	5.88	38.52	83851.92	1849	0	BartonZwiebach	
316	0:03:10	1/1/2019 	184464	617.00	9.00	14.23	38.59	83884.80	97726	0	BartonZwiebach	
317	0:03:10	1/1/2019 	184716	66.00	5.00	5.93	38.59	83884.80	49791	0	BartonZwiebach	
318	0:03:12	1/1/2019 	186669	96.00	5.00	6.48	38.65	83916.64	99721	0	BartonZwiebach	
319	0:03:13	1/1/2019 	187965	969.00	265.00	52.01	38.69	83939.83	49790	0	BartonZwiebach	
320	0:03:14	1/1/2019 	188019	585.00	8.00	13.66	38.69	83939.83	1850	0	BartonZwiebach	
321	0:03:14	1/1/2019 	188304	811.00	55.00	23.02	38.70	83947.55	1847	0	BartonZwiebach	
322	0:03:14	1/1/2019 	188331	401.00	6.00	11.99	38.70	83947.55	1849	0	BartonZwiebach	
323	0:03:14	1/1/2019 	188716	67.00	6.00	5.94	38.72	83955.27	49790	0	BartonZwiebach	
324	0:03:15	1/1/2019 	189813	168.00	6.00	8.50	38.75	83970.38	51785	0	BartonZwiebach	
325	0:03:16	1/1/2019 	190209	96.00	6.00	6.49	38.76	83977.93	2806	0	BartonZwiebach	
326	0:03:17	1/1/2019 	191719	61.00	5.00	5.89	38.81	84000.63	97729	0	BartonZwiebach	
327	0:03:18	1/1/2019 	192367	142.00	6.00	7.78	38.82	84008.55	1849	0	BartonZwiebach	
328	0:03:20	1/1/2019 	194495	59.00	6.00	5.88	38.88	84040.14	97729	0	BartonZwiebach	
329	0:03:21	1/1/2019 	195179	159.00	5.00	8.25	38.90	84055.96	49789	0	BartonZwiebach	
330	0:03:21	1/1/2019 	195635	406.00	6.00	12.03	38.92	84063.86	51945	0	BartonZwiebach	
331	0:03:22	1/1/2019 	196327	954.00	162.00	41.08	38.93	84071.59	1849	0	BartonZwiebach	
332	0:03:24	1/1/2019 	198772	133.00	6.00	7.52	39.00	84110.46	145685	0	BartonZwiebach	
333	0:03:25	1/1/2019 	199443	79.00	5.00	6.11	39.03	84125.77	1849	0	BartonZwiebach	
334	0:03:25	1/1/2019 	199635	721.00	19.00	17.79	39.03	84125.77	49792	0	BartonZwiebach	
335	0:03:26	1/1/2019 	200617	441.00	6.00	12.26	39.05	84140.93	50747	0	BartonZwiebach	
336	0:03:27	1/1/2019 	201311	66.00	6.00	5.93	39.07	84148.99	4005	0	BartonZwiebach	
337	0:03:28	1/1/2019 	202093	925.00	138.00	37.27	39.10	84164.78	49790	0	BartonZwiebach	
338	0:03:29	1/1/2019 	203366	975.00	460.00	82.12	39.14	84188.02	49796	0	BartonZwiebach	
339	0:03:29	1/1/2019 	203570	178.00	5.00	8.74	39.14	84188.02	49804	0	BartonZwiebach	
340	0:03:30	1/1/2019 	204309	139.00	6.00	7.69	39.17	84203.50	1848	0	BartonZwiebach	
341	0:03:32	1/1/2019 	206057	180.00	6.00	8.80	39.21	84226.67	97730	0	BartonZwiebach	
342	0:03:32	1/1/2019 	206147	79.00	5.00	6.11	39.21	84226.67	3863	0	BartonZwiebach	
343	0:03:33	1/1/2019 	207670	401.00	6.00	11.99	39.25	84249.91	97730	0	BartonZwiebach	
344	0:03:34	1/1/2019 	208203	169.00	5.00	8.51	39.27	84257.84	1849	0	BartonZwiebach	
345	0:03:34	1/1/2019 	208292	105.00	6.00	6.72	39.28	84265.42	1849	0	BartonZwiebach	
346	0:03:34	1/1/2019 	208500	975.00	271.00	52.78	39.28	84265.42	1848	0	BartonZwiebach	
347	0:03:37	1/1/2019 	211408	203.00	5.00	9.33	39.37	84312.23	145736	0	BartonZwiebach	
348	0:03:38	1/1/2019 	212275	237.00	6.00	10.02	39.40	84328.03	52929	0	BartonZwiebach	
349	0:03:38	1/1/2019 	212394	232.00	6.00	9.93	39.40	84328.03	1850	0	BartonZwiebach	
350	0:03:39	1/1/2019 	213344	222.00	6.00	9.74	39.43	84343.51	49788	0	BartonZwiebach	
351	0:03:39	1/1/2019 	213921	146.00	6.00	7.89	39.44	84351.41	49789	0	BartonZwiebach	
352	0:03:40	1/1/2019 	214841	65.00	5.00	5.92	39.47	84366.59	49789	0	BartonZwiebach	
353	0:03:40	1/1/2019 	214988	137.00	5.00	7.63	39.47	84366.59	1850	0	BartonZwiebach	
354	0:03:41	1/1/2019 	215633	925.00	146.00	38.63	39.50	84381.89	51779	0	BartonZwiebach	
355	0:03:41	1/1/2019 	215989	252.00	6.00	10.28	39.50	84381.89	1851	0	BartonZwiebach	
356	0:03:42	1/1/2019 	216836	199.00	6.00	9.25	39.53	84397.20	49791	0	BartonZwiebach	
357	0:03:43	1/1/2019 	217889	878.00	100.00	29.91	39.56	84412.70	49789	0	BartonZwiebach	
358	0:03:44	1/1/2019 	218451	897.00	117.00	33.27	39.57	84420.25	1852	0	BartonZwiebach	
359	0:03:45	1/1/2019 	219359	557.00	7.00	13.21	39.60	84435.56	49795	0	BartonZwiebach	
360	0:03:45	1/1/2019 	219649	805.00	50.00	22.50	39.61	84443.50	51784	0	BartonZwiebach	
361	0:03:45	1/1/2019 	219983	856.00	73.00	25.29	39.63	84451.58	2805	0	BartonZwiebach	
362	0:03:46	1/1/2019 	220319	699.00	16.00	16.87	39.63	84451.58	1849	0	BartonZwiebach	
363	0:03:47	1/1/2019 	221172	65.00	5.00	5.92	39.66	84467.73	49789	0	BartonZwiebach	
364	0:03:47	1/1/2019 	221444	189.00	6.00	9.02	39.67	84475.64	1849	0	BartonZwiebach	
365	0:03:47	1/1/2019 	221472	145.00	6.00	7.87	39.67	84475.64	1848	0	BartonZwiebach	
366	0:03:48	1/1/2019 	222304	433.00	7.00	12.29	39.69	84483.72	51921	0	BartonZwiebach	
367	0:03:48	1/1/2019 	222603	74.00	5.00	6.03	39.70	84491.46	49792	0	BartonZwiebach	
368	0:03:49	1/1/2019 	223071	294.00	6.00	10.91	39.72	84499.70	1848	0	BartonZwiebach	
369	0:03:49	1/1/2019 	223295	101.00	6.00	6.62	39.72	84499.70	1849	0	BartonZwiebach	
370	0:03:49	1/1/2019 	223689	149.00	6.00	7.98	39.73	84507.61	49788	0	BartonZwiebach	
371	0:03:49	1/1/2019 	223859	128.00	5.00	7.37	39.75	84515.67	1848	0	BartonZwiebach	
372	0:03:50	1/1/2019 	224224	124.00	5.00	7.26	39.75	84515.67	3841	0	BartonZwiebach	
373	0:03:51	1/1/2019 	225784	968.00	301.00	57.22	39.80	84539.23	97731	0	BartonZwiebach	
374	0:03:51	1/1/2019 	225968	422.00	6.00	12.14	39.81	84547.14	1850	0	BartonZwiebach	
375	0:03:52	1/1/2019 	226093	968.00	290.00	55.49	39.81	84547.14	1849	0	BartonZwiebach	
376	0:03:53	1/1/2019 	227500	973.00	489.00	85.50	39.86	84570.36	49798	0	BartonZwiebach	
377	0:03:54	1/1/2019 	228607	689.00	15.00	16.52	39.89	84586.15	97792	0	BartonZwiebach	
378	0:03:55	1/1/2019 	229191	78.00	5.00	6.09	39.91	84593.92	3789	0	BartonZwiebach	
379	0:03:55	1/1/2019 	229751	814.00	49.00	22.42	39.94	84609.54	49791	0	BartonZwiebach	
380	0:03:58	1/1/2019 	232120	210.00	6.00	9.49	40.00	84640.84	98495	0	BartonZwiebach	
381	0:03:58	1/1/2019 	232311	740.00	25.00	19.20	40.02	84648.59	1849	0	BartonZwiebach	
382	0:03:58	1/1/2019 	232389	69.00	5.00	5.96	40.02	84648.59	1850	0	BartonZwiebach	
383	0:04:00	1/1/2019 	234651	521.00	6.00	12.77	40.10	84687.95	149008	0	BartonZwiebach	
384	0:04:01	1/1/2019 	235988	982.00	749.00	134.03	40.13	84703.74	49794	0	BartonZwiebach	
385	0:04:03	1/1/2019 	237065	68.00	5.00	5.95	40.17	84727.16	49809	0	BartonZwiebach	
386	0:04:03	1/1/2019 	237222	58.00	5.00	5.88	40.17	84727.16	1849	0	BartonZwiebach	
387	0:04:05	1/1/2019 	239967	979.00	763.00	136.01	40.27	84775.40	145674	0	BartonZwiebach	
388	0:04:06	1/1/2019 	240016	232.00	6.00	9.93	40.27	84775.40	2608	0	BartonZwiebach	
389	0:04:07	1/1/2019 	241465	270.00	6.00	10.57	40.32	84799.31	51924	0	BartonZwiebach	
390	0:04:07	1/1/2019 	241899	56.00	5.00	5.88	40.32	84799.31	49793	0	BartonZwiebach	
391	0:04:08	1/1/2019 	242138	127.00	5.00	7.34	40.34	84807.53	1848	0	BartonZwiebach	
392	0:04:08	1/1/2019 	242238	524.00	7.00	12.91	40.34	84807.53	1850	0	BartonZwiebach	
393	0:04:08	1/1/2019 	242888	96.00	5.00	6.48	40.37	84823.49	49791	0	BartonZwiebach	
394	0:04:09	1/1/2019 	243019	954.00	168.00	41.89	40.37	84823.49	1848	0	BartonZwiebach	
395	0:04:10	1/1/2019 	244249	104.00	5.00	6.69	40.41	84839.66	51789	0	BartonZwiebach	
396	0:04:11	1/1/2019 	245070	319.00	6.00	11.22	40.44	84855.48	49790	0	BartonZwiebach	
397	0:04:11	1/1/2019 	245805	63.00	5.00	5.90	40.46	84863.71	49791	0	BartonZwiebach	
398	0:04:12	1/1/2019 	246457	665.00	12.00	15.48	40.49	84879.68	1849	0	BartonZwiebach	
399	0:04:13	1/1/2019 	247633	887.00	103.00	30.52	40.52	84895.35	97734	0	BartonZwiebach	
400	0:04:13	1/1/2019 	247709	977.00	388.00	72.47	40.52	84895.35	1850	0	BartonZwiebach	
401	0:04:14	1/1/2019 	248051	234.00	5.00	9.95	40.54	84903.43	3843	0	BartonZwiebach	
402	0:04:14	1/1/2019 	248979	77.00	6.00	6.08	40.58	84919.74	49790	0	BartonZwiebach	
403	0:04:14	1/1/2019 	248985	748.00	28.00	19.76	40.58	84919.74	1849	0	BartonZwiebach	
404	0:04:15	1/1/2019 	249372	824.00	64.00	24.04	40.59	84928.14	1850	0	BartonZwiebach	
405	0:04:16	1/1/2019 	250178	70.00	5.00	5.97	40.61	84936.56	49795	0	BartonZwiebach	
406	0:04:16	1/1/2019 	250767	206.00	5.00	9.39	40.64	84953.38	50551	0	BartonZwiebach	
407	0:04:17	1/1/2019 	251436	151.00	6.00	8.03	40.66	84961.62	3989	0	BartonZwiebach	
408	0:04:18	1/1/2019 	252241	825.00	63.00	23.93	40.69	84978.11	49793	0	BartonZwiebach	
409	0:04:18	1/1/2019 	252684	85.00	6.00	6.23	40.71	84986.51	49793	0	BartonZwiebach	
410	0:04:19	1/1/2019 	253479	178.00	5.00	8.74	40.73	84994.93	1847	0	BartonZwiebach	
411	0:04:19	1/1/2019 	253549	682.00	14.00	16.19	40.73	84994.93	49790	0	BartonZwiebach	
412	0:04:19	1/1/2019 	253992	857.00	73.00	25.29	40.75	85003.16	1850	0	BartonZwiebach	
413	0:04:21	1/1/2019 	255715	101.00	5.00	6.61	40.81	85035.82	99728	0	BartonZwiebach	
414	0:04:22	1/1/2019 	256930	281.00	6.00	10.73	40.85	85051.97	49789	0	BartonZwiebach	
415	0:04:23	1/1/2019 	257373	198.00	8.00	9.25	40.87	85060.04	1850	0	BartonZwiebach	
416	0:04:23	1/1/2019 	257492	126.00	5.00	7.31	40.87	85060.04	1847	0	BartonZwiebach	
417	0:04:24	1/1/2019 	258777	623.00	9.00	14.30	40.92	85084.62	97730	0	BartonZwiebach	
418	0:04:24	1/1/2019 	258974	800.00	48.00	22.30	40.92	85084.62	1857	0	BartonZwiebach	
419	0:04:27	1/1/2019 	261782	115.00	5.00	7.00	41.02	85132.39	147678	0	BartonZwiebach	
420	0:04:28	1/1/2019 	262908	920.00	141.00	37.79	41.08	85155.79	50550	0	BartonZwiebach	
421	0:04:29	1/1/2019 	263106	968.00	276.00	53.45	41.08	85155.79	1851	0	BartonZwiebach	
422	0:04:29	1/1/2019 	263587	956.00	168.00	41.89	41.10	85163.35	49799	0	BartonZwiebach	
423	0:04:29	1/1/2019 	263777	982.00	556.00	95.58	41.10	85163.35	1850	0	BartonZwiebach	
424	0:04:30	1/1/2019 	264265	171.00	5.00	8.57	41.11	85170.77	1850	0	BartonZwiebach	
425	0:04:30	1/1/2019 	264327	865.00	79.00	26.20	41.11	85170.77	3984	0	BartonZwiebach	
426	0:04:30	1/1/2019 	264835	242.00	5.00	10.09	41.13	85178.50	49793	0	BartonZwiebach	
427	0:04:31	1/1/2019 	265124	983.00	676.00	122.07	41.15	85185.92	1850	0	BartonZwiebach	
428	0:04:31	1/1/2019 	265908	786.00	44.00	21.86	41.18	85201.20	49809	0	BartonZwiebach	
429	0:04:32	1/1/2019 	266411	123.00	5.00	7.23	41.20	85208.46	1850	0	BartonZwiebach	
430	0:04:32	1/1/2019 	266921	578.00	7.00	13.42	41.22	85215.69	49791	0	BartonZwiebach	
431	0:04:34	1/1/2019 	268579	979.00	612.00	107.54	41.27	85237.41	99728	0	BartonZwiebach	
432	0:04:34	1/1/2019 	268820	562.00	7.00	13.26	41.29	85244.33	1851	0	BartonZwiebach	
433	0:04:35	1/1/2019 	269985	174.00	6.00	8.65	41.32	85258.30	49793	0	BartonZwiebach	
434	0:04:36	1/1/2019 	270997	109.00	5.00	6.83	41.36	85272.41	50547	0	BartonZwiebach	
435	0:04:37	1/1/2019 	271610	144.00	5.00	7.83	41.38	85278.99	49790	0	BartonZwiebach	
436	0:04:39	1/1/2019 	273180	68.00	5.00	5.95	41.45	85304.95	49790	0	BartonZwiebach	
437	0:04:39	1/1/2019 	273763	509.00	7.00	12.79	41.46	85311.34	51925	0	BartonZwiebach	
438	0:04:40	1/1/2019 	274409	129.00	5.00	7.40	41.48	85317.77	1849	0	BartonZwiebach	
439	0:04:40	1/1/2019 	274819	859.00	89.00	27.83	41.50	85324.15	49793	0	BartonZwiebach	
440	0:04:40	1/1/2019 	274964	414.00	6.00	12.08	41.50	85324.15	1849	0	BartonZwiebach	
441	0:04:40	1/1/2019 	274989	987.00	743.00	133.34	41.50	85324.15	1848	0	BartonZwiebach	
442	0:04:41	1/1/2019 	275712	89.00	5.00	6.32	41.53	85336.27	49808	0	BartonZwiebach	
443	0:04:41	1/1/2019 	275970	344.00	4.00	11.39	41.53	85336.27	3843	0	BartonZwiebach	
444	0:04:44	1/1/2019 	278808	528.00	10.00	13.28	41.63	85372.02	145674	0	BartonZwiebach	
445	0:04:45	1/1/2019 	279648	118.00	5.00	7.08	41.67	85383.47	49794	0	BartonZwiebach	
446	0:04:46	1/1/2019 	280459	122.00	5.00	7.20	41.68	85389.03	2606	0	BartonZwiebach	
447	0:04:46	1/1/2019 	280765	474.00	6.00	12.46	41.70	85394.80	49790	0	BartonZwiebach	
448	0:04:46	1/1/2019 	280834	118.00	5.00	7.08	41.70	85394.80	3981	0	BartonZwiebach	
449	0:04:47	1/1/2019 	281219	144.00	5.00	7.83	41.71	85400.22	1848	0	BartonZwiebach	
450	0:04:47	1/1/2019 	281875	210.00	5.00	9.48	41.73	85405.77	49789	0	BartonZwiebach	
451	0:04:47	1/1/2019 	281909	639.00	10.00	14.70	41.73	85405.77	1848	0	BartonZwiebach	
452	0:04:47	1/1/2019 	281922	72.00	5.00	6.00	41.73	85405.77	1849	0	BartonZwiebach	
453	0:04:48	1/1/2019 	282967	961.00	186.00	44.01	41.78	85422.48	49790	0	BartonZwiebach	
454	0:04:49	1/1/2019 	283608	85.00	9.00	6.24	41.79	85427.58	51789	0	BartonZwiebach	
455	0:04:50	1/1/2019 	284676	108.00	5.00	6.80	41.83	85437.88	49790	0	BartonZwiebach	
456	0:04:50	1/1/2019 	284791	104.00	5.00	6.69	41.83	85437.88	1857	0	BartonZwiebach	
457	0:04:51	1/1/2019 	285112	761.00	31.00	20.28	41.84	85442.78	1854	0	BartonZwiebach	
458	0:04:51	1/1/2019 	285141	90.00	5.00	6.34	41.84	85442.78	1850	0	BartonZwiebach	
459	0:04:51	1/1/2019 	285408	809.00	56.00	23.12	41.86	85448.33	1848	0	BartonZwiebach	
460	0:04:52	1/1/2019 	286364	961.00	193.00	44.74	41.89	85458.52	51786	0	BartonZwiebach	
461	0:04:53	1/1/2019 	287050	376.00	7.00	11.86	41.90	85463.77	49797	0	BartonZwiebach	
462	0:04:53	1/1/2019 	287186	880.00	96.00	29.17	41.90	85463.77	1851	0	BartonZwiebach	
463	0:04:53	1/1/2019 	287847	968.00	212.00	46.55	41.93	85474.47	49791	0	BartonZwiebach	
464	0:04:56	1/1/2019 	290308	197.00	6.00	9.21	42.00	85500.39	97743	0	BartonZwiebach	
465	0:04:57	1/1/2019 	291047	734.00	25.00	19.16	42.02	85505.61	50548	0	BartonZwiebach	
466	0:04:58	1/1/2019 	292930	535.00	7.00	13.00	42.07	85524.81	99866	0	BartonZwiebach	
467	0:04:59	1/1/2019 	293072	74.00	5.00	6.03	42.07	85524.81	1850	0	BartonZwiebach	
468	0:04:59	1/1/2019 	293257	656.00	11.00	15.13	42.09	85529.90	1850	0	BartonZwiebach	
469	0:05:00	1/1/2019 	294745	885.00	109.00	31.66	42.13	85544.01	97734	0	BartonZwiebach	
470	0:05:02	1/1/2019 	296204	910.00	132.00	36.16	42.17	85556.98	49796	0	BartonZwiebach	
471	0:05:02	1/1/2019 	296287	970.00	248.00	50.03	42.17	85556.98	1851	0	BartonZwiebach	
472	0:05:02	1/1/2019 	296752	147.00	5.00	7.92	42.18	85561.92	51788	0	BartonZwiebach	
473	0:05:06	1/1/2019 	299804	190.00	5.00	9.03	42.26	85588.46	145668	0	BartonZwiebach	
474	0:05:06	1/1/2019 	300726	617.00	9.00	14.23	42.28	85596.83	50548	0	BartonZwiebach	
475	0:05:07	1/1/2019 	301341	289.00	6.00	10.84	42.30	85601.12	1851	0	BartonZwiebach	
476	0:05:07	1/1/2019 	301477	61.00	5.00	5.89	42.31	85605.69	1854	0	BartonZwiebach	
477	0:05:08	1/1/2019 	302146	66.00	5.00	5.93	42.32	85609.96	49788	0	BartonZwiebach	
478	0:05:08	1/1/2019 	302168	67.00	5.00	5.94	42.32	85609.96	3983	0	BartonZwiebach	
479	0:05:09	1/1/2019 	302939	695.00	17.00	17.10	42.35	85618.33	49790	0	BartonZwiebach	
480	0:05:09	1/1/2019 	303326	126.00	5.00	7.31	42.35	85618.33	1850	0	BartonZwiebach	
481	0:05:09	1/1/2019 	303598	126.00	5.00	7.31	42.36	85622.41	49789	0	BartonZwiebach	
482	0:05:10	1/1/2019 	304091	883.00	101.00	30.12	42.37	85626.50	1850	0	BartonZwiebach	
483	0:05:11	1/1/2019 	305187	206.00	6.00	9.41	42.39	85634.23	49794	0	BartonZwiebach	
484	0:05:12	1/1/2019 	305885	436.00	6.00	12.23	42.42	85642.09	51782	0	BartonZwiebach	
485	0:05:12	1/1/2019 	305993	372.00	6.00	11.76	42.42	85642.09	1849	0	BartonZwiebach	
486	0:05:12	1/1/2019 	306062	256.00	5.00	10.32	42.42	85642.09	1848	0	BartonZwiebach	
487	0:05:12	1/1/2019 	306143	897.00	115.00	32.89	42.42	85642.09	1848	0	BartonZwiebach	
488	0:05:12	1/1/2019 	306222	79.00	5.00	6.11	42.42	85642.09	1850	0	BartonZwiebach	
489	0:05:12	1/1/2019 	306471	123.00	5.00	7.23	42.43	85645.90	1848	0	BartonZwiebach	
490	0:05:12	1/1/2019 	306635	68.00	5.00	5.95	42.43	85645.90	51781	0	BartonZwiebach	
491	0:05:14	1/1/2019 	308607	887.00	103.00	30.52	42.47	85661.80	97732	0	BartonZwiebach	
492	0:05:15	1/1/2019 	309238	938.00	157.00	40.36	42.48	85665.61	1850	0	BartonZwiebach	
493	0:05:15	1/1/2019 	309499	787.00	48.00	22.26	42.50	85669.53	1852	0	BartonZwiebach	
494	0:05:16	1/1/2019 	310403	874.00	85.00	27.20	42.52	85677.10	49839	0	BartonZwiebach	
495	0:05:17	1/1/2019 	310887	83.00	5.00	6.19	42.53	85680.85	50551	0	BartonZwiebach	
496	0:05:18	1/1/2019 	312556	636.00	10.00	14.67	42.56	85692.55	99863	0	BartonZwiebach	
497	0:05:19	1/1/2019 	313499	100.00	5.00	6.59	42.58	85700.08	1850	0	BartonZwiebach	
498	0:05:20	1/1/2019 	314477	56.00	5.00	5.88	42.60	85707.48	49841	0	BartonZwiebach	
499	0:05:20	1/1/2019 	314686	965.00	217.00	47.01	42.61	85710.96	49790	0	BartonZwiebach	
500	0:05:21	1/1/2019 	314874	192.00	5.00	9.08	42.61	85710.96	1850	0	BartonZwiebach	
501	0:05:21	1/1/2019 	315010	562.00	7.00	13.26	42.61	85710.96	1849	0	BartonZwiebach	
502	0:05:23	1/1/2019 	317397	215.00	6.00	9.60	42.66	85729.05	99725	0	BartonZwiebach	
503	0:05:23	1/1/2019 	317459	100.00	5.00	6.59	42.66	85729.05	1848	0	BartonZwiebach	
504	0:05:24	1/1/2019 	317933	450.00	6.00	12.31	42.67	85732.51	49789	0	BartonZwiebach	
505	0:05:26	1/1/2019 	320255	868.00	94.00	28.75	42.72	85750.27	97735	0	BartonZwiebach	
506	0:05:27	1/1/2019 	320924	57.00	5.00	5.88	42.73	85753.58	50552	0	BartonZwiebach	
507	0:05:28	1/1/2019 	321855	664.00	13.00	15.74	42.75	85760.66	49791	0	BartonZwiebach	
508	0:05:29	1/1/2019 	322928	426.00	6.00	12.16	42.77	85771.02	51926	0	BartonZwiebach	
509	0:05:30	1/1/2019 	324230	401.00	8.00	12.13	42.79	85778.30	49793	0	BartonZwiebach	
510	0:05:32	1/1/2019 	326464	87.00	5.00	6.27	42.83	85797.30	97735	0	BartonZwiebach	
511	0:05:33	1/1/2019 	326823	84.00	5.00	6.21	42.84	85800.78	49791	0	BartonZwiebach	
512	0:05:33	1/1/2019 	326887	566.00	7.00	13.30	42.84	85800.78	1850	0	BartonZwiebach	
513	0:05:33	1/1/2019 	326952	619.00	9.00	14.25	42.84	85800.78	1848	0	BartonZwiebach	
514	0:05:33	1/1/2019 	327136	115.00	5.00	7.00	42.84	85800.78	3840	0	BartonZwiebach	
515	0:05:33	1/1/2019 	327610	268.00	5.00	10.51	42.85	85804.55	49788	0	BartonZwiebach	
516	0:05:34	1/1/2019 	328010	97.00	5.00	6.51	42.86	85808.04	1849	0	BartonZwiebach	
517	0:05:34	1/1/2019 	328061	399.00	5.00	11.90	42.86	85808.04	1849	0	BartonZwiebach	
518	0:05:34	1/1/2019 	328117	756.00	30.00	20.11	42.86	85808.04	1848	0	BartonZwiebach	
519	0:05:34	1/1/2019 	328221	72.00	5.00	6.00	42.86	85808.04	1849	0	BartonZwiebach	
520	0:05:34	1/1/2019 	328461	157.00	5.00	8.19	42.87	85811.83	3840	0	BartonZwiebach	
521	0:05:34	1/1/2019 	328576	377.00	6.00	11.80	42.87	85811.83	49791	0	BartonZwiebach	
522	0:05:34	1/1/2019 	328679	538.00	7.00	13.03	42.87	85811.83	1848	0	BartonZwiebach	
523	0:05:35	1/1/2019 	329032	98.00	5.00	6.54	42.88	85815.62	1849	0	BartonZwiebach	
524	0:05:35	1/1/2019 	329258	67.00	5.00	5.94	42.88	85819.09	1850	0	BartonZwiebach	
525	0:05:35	1/1/2019 	329367	152.00	5.00	8.06	42.88	85819.09	1849	0	BartonZwiebach	
526	0:05:36	1/1/2019 	329819	66.00	5.00	5.93	42.89	85822.58	51838	0	BartonZwiebach	
527	0:05:36	1/1/2019 	329925	389.00	6.00	11.90	42.89	85822.58	2607	0	BartonZwiebach	
528	0:05:38	1/1/2019 	331892	968.00	301.00	57.22	42.93	85837.27	97730	0	BartonZwiebach	
529	0:05:38	1/1/2019 	332368	247.00	6.00	10.20	42.94	85840.76	1851	0	BartonZwiebach	
530	0:05:38	1/1/2019 	332649	56.00	5.00	5.88	42.94	85840.76	49789	0	BartonZwiebach	
531	0:05:41	1/1/2019 	335249	750.00	26.00	19.43	42.99	85862.38	97734	0	BartonZwiebach	
532	0:05:41	1/1/2019 	335381	727.00	24.00	18.92	42.99	85862.38	3990	0	BartonZwiebach	
533	0:05:43	1/1/2019 	337550	550.00	6.00	13.00	43.03	85879.91	145679	0	BartonZwiebach	
534	0:05:44	1/1/2019 	338117	965.00	281.00	54.16	43.04	85883.50	1849	0	BartonZwiebach	
535	0:05:44	1/1/2019 	338172	745.00	32.00	20.32	43.04	85883.50	1852	0	BartonZwiebach	
536	0:05:44	1/1/2019 	338587	212.00	5.00	9.52	43.05	85886.83	49790	0	BartonZwiebach	
537	0:05:44	1/1/2019 	338644	71.00	5.00	5.99	43.05	85886.83	3840	0	BartonZwiebach	
538	0:05:45	1/1/2019 	339004	202.00	5.00	9.31	43.05	85890.12	1850	0	BartonZwiebach	
539	0:05:46	1/1/2019 	340325	798.00	54.00	22.88	43.07	85896.73	49795	0	BartonZwiebach	
540	0:05:46	1/1/2019 	340800	642.00	10.00	14.73	43.08	85899.88	50556	0	BartonZwiebach	
541	0:05:48	1/1/2019 	342497	206.00	5.00	9.39	43.11	85912.57	49796	0	BartonZwiebach	
542	0:05:48	1/1/2019 	342614	97.00	5.00	6.51	43.11	85912.57	49790	0	BartonZwiebach	
543	0:05:49	1/1/2019 	343754	431.00	6.00	12.20	43.13	85919.02	51921	0	BartonZwiebach	
544	0:05:50	1/1/2019 	344123	182.00	5.00	8.84	43.13	85921.67	1849	0	BartonZwiebach	
545	0:05:51	1/1/2019 	345265	69.00	5.00	5.96	43.15	85927.91	49791	0	BartonZwiebach	
546	0:05:53	1/1/2019 	347106	548.00	7.00	13.12	43.18	85939.50	97731	0	BartonZwiebach	
547	0:05:55	1/1/2019 	348961	107.00	5.00	6.77	43.20	85951.39	97733	0	BartonZwiebach	
548	0:05:55	1/1/2019 	349619	981.00	548.00	94.15	43.21	85954.38	49793	0	BartonZwiebach	
549	0:05:57	1/1/2019 	351278	74.00	5.00	6.03	43.24	85966.23	52703	0	BartonZwiebach	
550	0:05:58	1/1/2019 	352493	84.00	5.00	6.21	43.26	85972.02	49790	0	BartonZwiebach	
551	0:05:59	1/1/2019 	353272	605.00	9.00	14.09	43.27	85977.82	49791	0	BartonZwiebach	
552	0:05:59	1/1/2019 	353558	512.00	6.00	12.70	43.27	85977.82	49791	0	BartonZwiebach	
553	0:06:01	1/1/2019 	355147	79.00	5.00	6.11	43.30	85989.55	49791	0	BartonZwiebach	
554	0:06:02	1/1/2019 	356321	132.00	5.00	7.49	43.31	85995.19	49791	0	BartonZwiebach	
555	0:06:04	1/1/2019 	358043	988.00	891.00	164.82	43.34	86006.25	99726	0	BartonZwiebach	
556	0:06:04	1/1/2019 	358713	177.00	5.00	8.72	43.34	86009.06	49816	0	BartonZwiebach	
557	0:06:07	1/1/2019 	361637	255.00	5.00	10.30	43.38	86026.31	145676	0	BartonZwiebach	
558	0:06:10	1/1/2019 	364030	71.00	5.00	5.99	43.41	86040.55	98493	0	BartonZwiebach	
559	0:06:10	1/1/2019 	364562	559.00	8.00	13.37	43.42	86043.70	49791	0	BartonZwiebach	
560	0:06:12	1/1/2019 	366318	116.00	5.00	7.03	43.44	86054.67	49790	0	BartonZwiebach	
561	0:06:12	1/1/2019 	366782	139.00	5.00	7.69	43.44	86054.67	51922	0	BartonZwiebach	
562	0:06:13	1/1/2019 	366973	176.00	5.00	8.69	43.45	86057.62	1851	0	BartonZwiebach	
563	0:06:13	1/1/2019 	367007	518.00	6.00	12.74	43.45	86057.62	1857	0	BartonZwiebach	
564	0:06:13	1/1/2019 	367110	277.00	5.00	10.64	43.45	86057.62	1855	0	BartonZwiebach	
565	0:06:14	1/1/2019 	368788	911.00	136.00	36.89	43.47	86068.59	97737	0	BartonZwiebach	
566	0:06:15	1/1/2019 	369249	520.00	6.00	12.76	43.47	86071.26	1851	0	BartonZwiebach	
567	0:06:17	1/1/2019 	371310	110.00	5.00	6.86	43.50	86081.55	99728	0	BartonZwiebach	
568	0:06:17	1/1/2019 	371373	783.00	45.00	21.95	43.50	86081.55	2804	0	BartonZwiebach	
569	0:06:18	1/1/2019 	371843	100.00	5.00	6.59	43.50	86084.34	49792	0	BartonZwiebach	
570	0:06:18	1/1/2019 	372151	364.00	6.00	11.69	43.50	86084.34	1849	0	BartonZwiebach	
571	0:06:18	1/1/2019 	372277	149.00	5.00	7.97	43.51	86086.83	1848	0	BartonZwiebach	
572	0:06:20	1/1/2019 	373916	62.00	5.00	5.90	43.52	86094.61	97728	0	BartonZwiebach	
573	0:06:21	1/1/2019 	374820	929.00	153.00	39.75	43.53	86099.42	51977	0	BartonZwiebach	
574	0:06:21	1/1/2019 	375475	171.00	5.00	8.57	43.54	86101.91	1851	0	BartonZwiebach	
575	0:06:21	1/1/2019 	375596	969.00	214.00	46.73	43.54	86104.23	49788	0	BartonZwiebach	
576	0:06:21	1/1/2019 	375758	277.00	6.00	10.67	43.54	86104.23	1850	0	BartonZwiebach	
577	0:06:23	1/1/2019 	376866	65.00	5.00	5.92	43.56	86109.03	49789	0	BartonZwiebach	
578	0:06:23	1/1/2019 	377739	90.00	4.00	6.34	43.57	86114.02	49787	0	BartonZwiebach	
579	0:06:24	1/1/2019 	378771	104.00	5.00	6.69	43.58	86118.79	51777	0	BartonZwiebach	
580	0:06:25	1/1/2019 	379055	138.00	5.00	7.66	43.58	86121.14	1850	0	BartonZwiebach	
581	0:06:26	1/1/2019 	380731	424.00	6.00	12.15	43.60	86128.41	97732	0	BartonZwiebach	
582	0:06:27	1/1/2019 	381372	84.00	5.00	6.21	43.60	86130.73	2803	0	BartonZwiebach	
583	0:06:28	1/1/2019 	382168	968.00	278.00	53.73	43.62	86135.36	49791	0	BartonZwiebach	
584	0:06:30	1/1/2019 	383877	72.00	5.00	6.00	43.64	86144.31	97748	0	BartonZwiebach	
585	0:06:31	1/1/2019 	385171	83.00	5.00	6.19	43.65	86148.92	51923	0	BartonZwiebach	
586	0:06:31	1/1/2019 	385684	163.00	5.00	8.36	43.65	86151.07	49793	0	BartonZwiebach	
587	0:06:32	1/1/2019 	386199	973.00	323.00	60.99	43.66	86153.39	1848	0	BartonZwiebach	
588	0:06:32	1/1/2019 	386246	961.00	180.00	43.35	43.66	86153.39	1851	0	BartonZwiebach	
589	0:06:33	1/1/2019 	387140	702.00	19.00	17.65	43.67	86157.70	49798	0	BartonZwiebach	
590	0:06:34	1/1/2019 	388189	273.00	5.00	10.58	43.68	86162.17	49793	0	BartonZwiebach	
591	0:06:34	1/1/2019 	388232	119.00	5.00	7.11	43.68	86162.17	3843	0	BartonZwiebach	
592	0:06:35	1/1/2019 	388838	242.00	5.00	10.09	43.69	86166.65	49788	0	BartonZwiebach	
593	0:06:35	1/1/2019 	389161	62.00	5.00	5.90	43.69	86166.65	1850	0	BartonZwiebach	
594	0:06:36	1/1/2019 	389861	332.00	6.00	11.37	43.70	86171.26	49791	0	BartonZwiebach	
595	0:06:36	1/1/2019 	390122	478.00	6.00	12.48	43.70	86171.26	2803	0	BartonZwiebach	
596	0:06:36	1/1/2019 	390339	96.00	5.00	6.48	43.70	86173.41	1848	0	BartonZwiebach	
597	0:06:39	1/1/2019 	392929	88.00	5.00	6.30	43.73	86184.22	147806	0	BartonZwiebach	
598	0:06:39	1/1/2019 	393316	268.00	5.00	10.51	43.73	86186.38	1851	0	BartonZwiebach	
599	0:06:40	1/1/2019 	393994	827.00	71.00	24.94	43.74	86188.89	49798	0	BartonZwiebach	
600	0:06:40	1/1/2019 	394038	133.00	5.00	7.52	43.74	86188.89	1850	0	BartonZwiebach	
601	0:06:40	1/1/2019 	394759	251.00	5.00	10.24	43.75	86193.34	49791	0	BartonZwiebach	
602	0:06:41	1/1/2019 	395411	75.00	5.00	6.04	43.75	86195.52	1849	0	BartonZwiebach	
603	0:06:42	1/1/2019 	396644	638.00	11.00	14.94	43.76	86201.82	99783	0	BartonZwiebach	
604	0:06:43	1/1/2019 	397260	979.00	569.00	98.10	43.77	86204.14	1850	0	BartonZwiebach	
605	0:06:46	1/1/2019 	400112	227.00	5.00	9.82	43.79	86217.26	145713	0	BartonZwiebach	
606	0:06:47	1/1/2019 	401256	98.00	5.00	6.54	43.80	86221.44	50746	0	BartonZwiebach	
607	0:06:47	1/1/2019 	401560	717.00	21.00	18.23	43.81	86223.61	49791	0	BartonZwiebach	
608	0:06:49	1/1/2019 	403378	464.00	6.00	12.40	43.82	86232.07	49793	0	BartonZwiebach	
609	0:06:49	1/1/2019 	403407	381.00	6.00	11.84	43.82	86232.07	3980	0	BartonZwiebach	
610	0:06:49	1/1/2019 	403463	221.00	5.00	9.70	43.82	86232.07	1848	0	BartonZwiebach	
611	0:06:49	1/1/2019 	403669	210.00	5.00	9.48	43.82	86232.07	49789	0	BartonZwiebach	
612	0:06:49	1/1/2019 	403685	645.00	11.00	15.02	43.82	86232.07	1850	0	BartonZwiebach	
613	0:06:50	1/1/2019 	404352	198.00	5.00	9.22	43.83	86236.08	1849	0	BartonZwiebach	
614	0:06:50	1/1/2019 	404420	60.00	5.00	5.89	43.83	86236.08	1850	0	BartonZwiebach	
615	0:06:51	1/1/2019 	405457	966.00	293.00	55.95	43.84	86240.06	51782	0	BartonZwiebach	
616	0:06:52	1/1/2019 	406285	980.00	442.00	79.99	43.84	86242.21	49799	0	BartonZwiebach	
617	0:06:52	1/1/2019 	406603	362.00	7.00	11.73	43.84	86244.23	49801	0	BartonZwiebach	
618	0:06:52	1/1/2019 	406721	266.00	6.00	10.51	43.84	86244.23	1850	0	BartonZwiebach	
619	0:06:52	1/1/2019 	406786	750.00	30.00	20.08	43.85	86246.56	1849	0	BartonZwiebach	
620	0:06:55	1/1/2019 	408905	808.00	47.00	22.22	43.86	86254.55	99729	0	BartonZwiebach	
621	0:06:55	1/1/2019 	409206	926.00	145.00	38.47	43.86	86254.55	1851	0	BartonZwiebach	
622	0:06:55	1/1/2019 	409271	519.00	6.00	12.75	43.87	86256.67	1850	0	BartonZwiebach	
623	0:06:58	1/1/2019 	412130	172.00	5.00	8.59	43.89	86266.31	145676	0	BartonZwiebach	
624	0:06:58	1/1/2019 	412699	602.00	9.00	14.05	43.90	86270.31	50747	0	BartonZwiebach	
625	0:06:59	1/1/2019 	413009	803.00	61.00	23.64	43.90	86270.31	1849	0	BartonZwiebach	
626	0:06:59	1/1/2019 	413717	140.00	5.00	7.72	43.91	86274.45	51927	0	BartonZwiebach	
627	0:07:03	1/1/2019 	416909	86.00	5.00	6.25	43.93	86286.62	145677	0	BartonZwiebach	
628	0:07:03	1/1/2019 	417368	648.00	11.00	15.05	43.93	86288.77	1855	0	BartonZwiebach	
629	0:07:04	1/1/2019 	417975	138.00	5.00	7.66	43.93	86290.61	49792	0	BartonZwiebach	
630	0:07:04	1/1/2019 	418134	429.00	6.00	12.18	43.94	86292.76	1849	0	BartonZwiebach	
631	0:07:05	1/1/2019 	418817	921.00	141.00	37.79	43.94	86294.58	49792	0	BartonZwiebach	
632	0:07:05	1/1/2019 	419323	158.00	5.00	8.22	43.95	86296.59	3896	0	BartonZwiebach	
633	0:07:05	1/1/2019 	419766	87.00	5.00	6.27	43.95	86298.92	49792	0	BartonZwiebach	
634	0:07:06	1/1/2019 	420094	198.00	5.00	9.22	43.95	86300.60	2801	0	BartonZwiebach	
635	0:07:07	1/1/2019 	420994	196.00	4.00	9.16	43.96	86304.56	49791	0	BartonZwiebach	
636	0:07:08	1/1/2019 	421874	110.00	5.00	6.86	43.97	86306.73	49788	0	BartonZwiebach	
637	0:07:08	1/1/2019 	421934	643.00	11.00	15.00	43.97	86308.56	1850	0	BartonZwiebach	
638	0:07:08	1/1/2019 	422200	158.00	5.00	8.22	43.97	86308.56	3981	0	BartonZwiebach	
639	0:07:08	1/1/2019 	422259	83.00	5.00	6.19	43.97	86308.56	1848	0	BartonZwiebach	
640	0:07:08	1/1/2019 	422271	922.00	144.00	38.30	43.97	86308.56	1849	0	BartonZwiebach	
641	0:07:09	1/1/2019 	422875	212.00	5.00	9.52	43.98	86312.41	49794	0	BartonZwiebach	
642	0:07:10	1/1/2019 	424268	911.00	130.00	35.80	43.98	86316.22	49788	0	BartonZwiebach	
643	0:07:10	1/1/2019 	424420	233.00	5.00	9.93	43.99	86318.07	1851	0	BartonZwiebach	
644	0:07:10	1/1/2019 	424693	69.00	5.00	5.96	43.99	86318.07	51779	0	BartonZwiebach	
645	0:07:11	1/1/2019 	425296	213.00	5.00	9.54	43.99	86320.06	1849	0	BartonZwiebach	
646	0:07:12	1/1/2019 	425986	969.00	330.00	62.25	44.00	86323.57	49791	0	BartonZwiebach	
647	0:07:12	1/1/2019 	426284	988.00	519.00	89.43	44.00	86325.72	1851	0	BartonZwiebach	
648	0:07:12	1/1/2019 	426490	310.00	6.00	11.11	44.00	86325.72	1849	0	BartonZwiebach	
649	0:07:12	1/1/2019 	426763	79.00	4.00	6.11	44.00	86325.72	49791	0	BartonZwiebach	
650	0:07:13	1/1/2019 	427231	137.00	5.00	7.63	44.00	86327.38	3840	0	BartonZwiebach	
651	0:07:13	1/1/2019 	427736	609.00	9.00	14.14	44.01	86329.56	49796	0	BartonZwiebach	
652	0:07:14	1/1/2019 	428123	914.00	125.00	34.87	44.01	86331.22	1849	0	BartonZwiebach	
653	0:07:15	1/1/2019 	429065	786.00	45.00	21.96	44.02	86335.03	49796	0	BartonZwiebach	
654	0:07:15	1/1/2019 	429258	969.00	245.00	49.71	44.02	86336.89	1851	0	BartonZwiebach	
655	0:07:16	1/1/2019 	429997	867.00	92.00	28.39	44.03	86338.88	49801	0	BartonZwiebach	
656	0:07:16	1/1/2019 	430329	69.00	5.00	5.96	44.03	86340.39	4939	0	BartonZwiebach	
657	0:07:16	1/1/2019 	430750	821.00	75.00	25.48	44.03	86342.21	49790	0	BartonZwiebach	
658	0:07:18	1/1/2019 	432250	676.00	15.00	16.39	44.04	86347.20	49793	0	BartonZwiebach	
659	0:07:18	1/1/2019 	432254	60.00	5.00	5.89	44.04	86347.20	1851	0	BartonZwiebach	
660	0:07:20	1/1/2019 	433875	809.00	57.00	23.22	44.05	86352.83	97731	0	BartonZwiebach	
661	0:07:20	1/1/2019 	434284	88.00	4.00	6.29	44.05	86354.69	1850	0	BartonZwiebach	
662	0:07:21	1/1/2019 	435380	270.00	5.00	10.54	44.06	86358.03	51832	0	BartonZwiebach	
663	0:07:21	1/1/2019 	435551	193.00	5.00	9.10	44.06	86360.19	49794	0	BartonZwiebach	
664	0:07:22	1/1/2019 	435962	980.00	665.00	119.69	44.06	86360.19	1849	0	BartonZwiebach	
665	0:07:25	1/1/2019 	439387	318.00	6.00	11.21	44.09	86374.20	145719	0	BartonZwiebach	
666	0:07:26	1/1/2019 	440365	133.00	5.00	7.52	44.09	86378.38	49794	0	BartonZwiebach	
667	0:07:26	1/1/2019 	440433	718.00	22.00	18.45	44.10	86380.39	2807	0	BartonZwiebach	
668	0:07:27	1/1/2019 	441798	297.00	5.00	10.91	44.10	86384.55	99866	0	BartonZwiebach	
669	0:07:28	1/1/2019 	442648	118.00	5.00	7.08	44.11	86388.73	49792	0	BartonZwiebach	
670	0:07:28	1/1/2019 	442749	73.00	4.00	6.01	44.11	86388.73	1850	0	BartonZwiebach	
671	0:07:29	1/1/2019 	442813	53.00	5.00	5.88	44.11	86388.73	1847	0	BartonZwiebach	
672	0:07:29	1/1/2019 	443271	180.00	5.00	8.79	44.11	86391.23	1849	0	BartonZwiebach	
673	0:07:29	1/1/2019 	443598	240.00	5.00	10.05	44.12	86393.42	49789	0	BartonZwiebach	
674	0:07:31	1/1/2019 	445291	64.00	5.00	5.91	44.13	86403.12	51785	0	BartonZwiebach	
675	0:07:32	1/1/2019 	446153	637.00	11.00	14.92	44.13	86405.79	49794	0	BartonZwiebach	
676	0:07:32	1/1/2019 	446796	106.00	7.00	6.75	44.14	86411.00	49793	0	BartonZwiebach	
677	0:07:33	1/1/2019 	447428	126.00	5.00	7.31	44.14	86413.83	1850	0	BartonZwiebach	
678	0:07:33	1/1/2019 	447694	897.00	116.00	33.08	44.14	86413.83	49791	0	BartonZwiebach	
679	0:07:34	1/1/2019 	447849	863.00	73.00	25.31	44.14	86416.34	1850	0	BartonZwiebach	
680	0:07:35	1/1/2019 	449058	61.00	5.00	5.89	44.15	86422.20	51785	0	BartonZwiebach	
681	0:07:35	1/1/2019 	449359	67.00	5.00	5.94	44.16	86424.70	1849	0	BartonZwiebach	
682	0:07:35	1/1/2019 	449701	941.00	162.00	41.08	44.16	86427.71	49791	0	BartonZwiebach	
683	0:07:36	1/1/2019 	450180	125.00	5.00	7.28	44.17	86430.55	2803	0	BartonZwiebach	
684	0:07:36	1/1/2019 	450262	183.00	5.00	8.87	44.17	86430.55	1849	0	BartonZwiebach	
685	0:07:36	1/1/2019 	450685	971.00	263.00	51.76	44.17	86433.41	49789	0	BartonZwiebach	
686	0:07:38	1/1/2019 	452391	973.00	378.00	70.81	44.18	86441.93	51931	0	BartonZwiebach	
687	0:07:38	1/1/2019 	452468	224.00	5.00	9.76	44.18	86441.93	1851	0	BartonZwiebach	
688	0:07:38	1/1/2019 	452689	134.00	5.00	7.54	44.19	86444.94	49789	0	BartonZwiebach	
689	0:07:38	1/1/2019 	452748	878.00	83.00	26.88	44.19	86444.94	1848	0	BartonZwiebach	
690	0:07:39	1/1/2019 	452899	76.00	5.00	6.06	44.19	86444.94	1850	0	BartonZwiebach	
691	0:07:40	1/1/2019 	454705	256.00	6.00	10.35	44.20	86456.48	97731	0	BartonZwiebach	
692	0:07:41	1/1/2019 	455067	82.00	4.00	6.17	44.21	86459.31	3894	0	BartonZwiebach	
693	0:07:42	1/1/2019 	456106	100.00	5.00	6.59	44.22	86465.30	49789	0	BartonZwiebach	
694	0:07:42	1/1/2019 	456601	357.00	5.00	11.57	44.22	86468.50	49790	0	BartonZwiebach	
695	0:07:43	1/1/2019 	457388	99.00	5.00	6.56	44.23	86471.50	1849	0	BartonZwiebach	
696	0:07:43	1/1/2019 	457616	110.00	5.00	6.86	44.23	86474.65	49789	0	BartonZwiebach	
697	0:07:45	1/1/2019 	459125	246.00	5.00	10.16	44.25	86484.37	49789	0	BartonZwiebach	
698	0:07:48	1/1/2019 	462700	183.00	5.00	8.87	44.28	86505.73	195612	0	BartonZwiebach	
699	0:07:49	1/1/2019 	463405	583.00	8.00	13.64	44.29	86511.38	2807	0	BartonZwiebach	
700	0:07:50	1/1/2019 	464659	99.00	5.00	6.56	44.31	86516.84	97737	0	BartonZwiebach	
701	0:07:51	1/1/2019 	465678	90.00	5.00	6.34	44.32	86521.86	49792	0	BartonZwiebach	
702	0:07:52	1/1/2019 	465932	970.00	352.00	66.24	44.32	86524.52	1850	0	BartonZwiebach	
703	0:07:52	1/1/2019 	466704	228.00	5.00	9.83	44.33	86527.00	51931	0	BartonZwiebach	
704	0:07:53	1/1/2019 	466923	193.00	5.00	9.10	44.33	86529.69	1848	0	BartonZwiebach	
705	0:07:53	1/1/2019 	467186	170.00	5.00	8.54	44.33	86529.69	1849	0	BartonZwiebach	
706	0:07:54	1/1/2019 	468044	154.00	5.00	8.11	44.34	86534.48	49789	0	BartonZwiebach	
707	0:07:54	1/1/2019 	468603	667.00	14.00	16.03	44.35	86537.14	49791	0	BartonZwiebach	
708	0:07:56	1/1/2019 	470156	114.00	5.00	6.97	44.37	86546.62	49796	0	BartonZwiebach	
709	0:07:57	1/1/2019 	471658	64.00	5.00	5.91	44.38	86554.09	100821	0	BartonZwiebach	
710	0:07:58	1/1/2019 	472160	969.00	361.00	67.86	44.39	86556.09	1849	0	BartonZwiebach	
711	0:08:00	1/1/2019 	474052	908.00	123.00	34.47	44.41	86564.89	97749	0	BartonZwiebach	
712	0:08:00	1/1/2019 	474315	136.00	5.00	7.60	44.41	86564.89	1851	0	BartonZwiebach	
713	0:08:01	1/1/2019 	475793	878.00	102.00	30.29	44.42	86571.53	97731	0	BartonZwiebach	
714	0:08:02	1/1/2019 	476169	211.00	5.00	9.50	44.43	86574.02	1851	0	BartonZwiebach	
715	0:08:03	1/1/2019 	476920	53.00	5.00	5.88	44.44	86576.15	51781	0	BartonZwiebach	
716	0:08:04	1/1/2019 	478328	537.00	6.00	12.89	44.45	86582.14	49789	0	BartonZwiebach	
717	0:08:05	1/1/2019 	478844	139.00	5.00	7.69	44.45	86584.27	49791	0	BartonZwiebach	
718	0:08:05	1/1/2019 	479249	203.00	5.00	9.33	44.46	86586.45	1849	0	BartonZwiebach	
719	0:08:06	1/1/2019 	479988	54.00	5.00	5.88	44.47	86590.58	49789	0	BartonZwiebach	
720	0:08:06	1/1/2019 	480263	601.00	9.00	14.04	44.47	86590.58	2803	0	BartonZwiebach	
721	0:08:06	1/1/2019 	480674	70.00	5.00	5.97	44.47	86592.73	51924	0	BartonZwiebach	
722	0:08:07	1/1/2019 	481237	58.00	5.00	5.88	44.48	86594.75	1848	0	BartonZwiebach	
723	0:08:07	1/1/2019 	481346	611.00	9.00	14.16	44.48	86594.75	1849	0	BartonZwiebach	
724	0:08:07	1/1/2019 	481494	687.00	16.00	16.76	44.48	86596.73	1848	0	BartonZwiebach	
725	0:08:08	1/1/2019 	482079	140.00	5.00	7.72	44.49	86598.53	49790	0	BartonZwiebach	
726	0:08:10	1/1/2019 	484413	517.00	6.00	12.74	44.51	86608.50	97734	0	BartonZwiebach	
727	0:08:11	1/1/2019 	485001	60.00	5.00	5.89	44.52	86610.62	51785	0	BartonZwiebach	
728	0:08:11	1/1/2019 	485588	470.00	6.00	12.43	44.52	86612.14	49796	0	BartonZwiebach	
729	0:08:11	1/1/2019 	485599	983.00	545.00	93.60	44.52	86612.14	1848	0	BartonZwiebach	
730	0:08:13	1/1/2019 	487012	214.00	5.00	9.56	44.54	86617.77	49804	0	BartonZwiebach	
731	0:08:14	1/1/2019 	487839	865.00	77.00	25.90	44.55	86621.38	49794	0	BartonZwiebach	
732	0:08:14	1/1/2019 	487912	64.00	4.00	5.91	44.55	86621.38	1857	0	BartonZwiebach	
733	0:08:14	1/1/2019 	488002	218.00	5.00	9.64	44.55	86621.38	3843	0	BartonZwiebach	
734	0:08:15	1/1/2019 	489583	572.00	8.00	13.51	44.56	86627.34	97737	0	BartonZwiebach	
735	0:08:16	1/1/2019 	490001	965.00	234.00	48.60	44.57	86629.36	2801	0	BartonZwiebach	
736	0:08:16	1/1/2019 	490147	74.00	5.00	6.03	44.57	86631.18	1851	0	BartonZwiebach	
737	0:08:17	1/1/2019 	490823	186.00	5.00	8.94	44.57	86632.67	49791	0	BartonZwiebach	
738	0:08:17	1/1/2019 	491429	176.00	5.00	8.69	44.58	86634.66	1850	0	BartonZwiebach	
739	0:08:17	1/1/2019 	491800	65.00	4.00	5.92	44.58	86636.82	51921	0	BartonZwiebach	
740	0:08:19	1/1/2019 	493731	83.00	5.00	6.19	44.60	86644.13	97729	0	BartonZwiebach	
741	0:08:22	1/1/2019 	495810	77.00	5.00	6.08	44.62	86651.25	97730	0	BartonZwiebach	
742	0:08:22	1/1/2019 	496060	279.00	5.00	10.67	44.62	86653.07	1850	0	BartonZwiebach	
743	0:08:22	1/1/2019 	496289	141.00	5.00	7.75	44.62	86653.07	1849	0	BartonZwiebach	
744	0:08:22	1/1/2019 	496417	182.00	5.00	8.84	44.62	86653.07	1848	0	BartonZwiebach	
745	0:08:25	1/1/2019 	498993	80.00	4.00	6.13	44.65	86663.86	147660	0	BartonZwiebach	
746	0:08:26	1/1/2019 	500127	115.00	5.00	7.00	44.66	86667.84	49790	0	BartonZwiebach	
747	0:08:26	1/1/2019 	500620	980.00	411.00	75.95	44.66	86669.70	50744	0	BartonZwiebach	
748	0:08:27	1/1/2019 	500882	58.00	5.00	5.88	44.66	86671.69	1849	0	BartonZwiebach	
749	0:08:27	1/1/2019 	500969	677.00	16.00	16.65	44.66	86671.69	1848	0	BartonZwiebach	
750	0:08:29	1/1/2019 	503579	72.00	5.00	6.00	44.68	86680.16	145672	0	BartonZwiebach	
751	0:08:30	1/1/2019 	503913	505.00	6.00	12.65	44.69	86681.81	3981	0	BartonZwiebach	
752	0:08:30	1/1/2019 	504613	67.00	6.00	5.94	44.69	86683.64	49791	0	BartonZwiebach	
753	0:08:31	1/1/2019 	505146	634.00	11.00	14.88	44.70	86685.45	1848	0	BartonZwiebach	
754	0:08:31	1/1/2019 	505406	956.00	171.00	42.27	44.70	86687.14	1851	0	BartonZwiebach	
755	0:08:32	1/1/2019 	506663	347.00	6.00	11.53	44.71	86690.45	97741	0	BartonZwiebach	
756	0:08:33	1/1/2019 	507033	97.00	5.00	6.51	44.71	86692.27	1849	0	BartonZwiebach	
757	0:08:34	1/1/2019 	507945	282.00	5.00	10.71	44.72	86695.28	51726	0	BartonZwiebach	
758	0:08:35	1/1/2019 	509010	62.00	4.00	5.90	44.72	86698.42	49791	0	BartonZwiebach	
759	0:08:35	1/1/2019 	509667	127.00	5.00	7.34	44.73	86701.59	49789	0	BartonZwiebach	
760	0:08:36	1/1/2019 	510139	92.00	5.00	6.39	44.74	86703.44	2605	0	BartonZwiebach	
761	0:08:37	1/1/2019 	510952	315.00	6.00	11.17	44.74	86704.76	49791	0	BartonZwiebach	
762	0:08:37	1/1/2019 	511164	609.00	9.00	14.14	44.74	86706.38	1850	0	BartonZwiebach	
763	0:08:37	1/1/2019 	511475	106.00	5.00	6.75	44.74	86706.38	5177	0	BartonZwiebach	
764	0:08:37	1/1/2019 	511688	136.00	5.00	7.60	44.75	86707.73	49788	0	BartonZwiebach	
765	0:08:37	1/1/2019 	511758	613.00	9.00	14.18	44.75	86707.73	1849	0	BartonZwiebach	
766	0:08:39	1/1/2019 	512944	70.00	5.00	5.97	44.75	86710.90	49790	0	BartonZwiebach	
767	0:08:40	1/1/2019 	514073	197.00	5.00	9.19	44.76	86715.72	49791	0	BartonZwiebach	
768	0:08:40	1/1/2019 	514426	983.00	564.00	97.14	44.76	86715.72	1850	0	BartonZwiebach	
769	0:08:40	1/1/2019 	514437	81.00	5.00	6.15	44.76	86715.72	3894	0	BartonZwiebach	
770	0:08:43	1/1/2019 	517167	95.00	5.00	6.46	44.78	86725.05	145671	0	BartonZwiebach	
771	0:08:43	1/1/2019 	517270	267.00	6.00	10.52	44.78	86725.05	1849	0	BartonZwiebach	
772	0:08:44	1/1/2019 	518422	143.00	5.00	7.80	44.79	86729.70	49789	0	BartonZwiebach	
773	0:08:44	1/1/2019 	518688	871.00	85.00	27.19	44.79	86729.70	49792	0	BartonZwiebach	
774	0:08:44	1/1/2019 	518748	170.00	5.00	8.54	44.79	86729.70	1850	0	BartonZwiebach	
775	0:08:45	1/1/2019 	518927	943.00	162.00	41.08	44.79	86731.02	3839	0	BartonZwiebach	
776	0:08:45	1/1/2019 	519036	184.00	5.00	8.89	44.79	86731.02	1851	0	BartonZwiebach	
777	0:08:46	1/1/2019 	520335	83.00	4.00	6.19	44.80	86734.02	49789	0	BartonZwiebach	
778	0:08:46	1/1/2019 	520741	232.00	5.00	9.91	44.80	86735.34	50544	0	BartonZwiebach	
779	0:08:47	1/1/2019 	521689	87.00	4.00	6.27	44.81	86738.34	49788	0	BartonZwiebach	
780	0:08:49	1/1/2019 	523250	61.00	5.00	5.89	44.82	86742.67	49788	0	BartonZwiebach	
781	0:08:51	1/1/2019 	524973	265.00	5.00	10.46	44.83	86748.14	99862	0	BartonZwiebach	
782	0:08:51	1/1/2019 	525294	980.00	314.00	59.41	44.83	86749.49	1851	0	BartonZwiebach	
783	0:08:51	1/1/2019 	525594	739.00	28.00	19.70	44.83	86749.49	49800	0	BartonZwiebach	
784	0:08:52	1/1/2019 	526039	973.00	284.00	54.59	44.84	86751.31	1850	0	BartonZwiebach	
785	0:08:53	1/1/2019 	526999	106.00	5.00	6.75	44.84	86754.52	49799	0	BartonZwiebach	
786	0:08:54	1/1/2019 	527822	71.00	5.00	5.99	44.85	86757.83	49789	0	BartonZwiebach	
787	0:08:54	1/1/2019 	527987	985.00	564.00	97.14	44.85	86757.83	3839	0	BartonZwiebach	
788	0:08:55	1/1/2019 	528951	76.00	5.00	6.06	44.86	86761.01	49801	0	BartonZwiebach	
789	0:08:55	1/1/2019 	529086	331.00	5.00	11.31	44.86	86761.01	1849	0	BartonZwiebach	
790	0:08:55	1/1/2019 	529104	181.00	5.00	8.82	44.86	86761.01	1848	0	BartonZwiebach	
791	0:08:57	1/1/2019 	530803	76.00	5.00	6.06	44.87	86767.84	97731	0	BartonZwiebach	
792	0:08:57	1/1/2019 	531221	564.00	7.00	13.28	44.87	86769.66	2606	0	BartonZwiebach	
793	0:08:58	1/1/2019 	532678	84.00	4.00	6.21	44.88	86774.48	99865	0	BartonZwiebach	
794	0:08:59	1/1/2019 	533190	354.00	7.00	11.65	44.88	86775.98	1848	0	BartonZwiebach	
795	0:09:00	1/1/2019 	533849	962.00	196.00	45.04	44.89	86777.50	49793	0	BartonZwiebach	
796	0:09:00	1/1/2019 	534199	475.00	6.00	12.46	44.89	86779.32	1851	0	BartonZwiebach	
797	0:09:00	1/1/2019 	534283	444.00	6.00	12.28	44.89	86779.32	1849	0	BartonZwiebach	
798	0:09:02	1/1/2019 	536246	150.00	5.00	8.00	44.90	86785.50	97733	0	BartonZwiebach	
799	0:09:02	1/1/2019 	536411	293.00	5.00	10.86	44.90	86785.50	3895	0	BartonZwiebach	
800	0:09:02	1/1/2019 	536427	118.00	4.00	7.08	44.90	86785.50	1848	0	BartonZwiebach	
801	0:09:02	1/1/2019 	536592	956.00	162.00	41.08	44.91	86786.98	49790	0	BartonZwiebach	
802	0:09:03	1/1/2019 	537677	337.00	6.00	11.42	44.91	86789.83	49796	0	BartonZwiebach	
803	0:09:03	1/1/2019 	537801	89.00	5.00	6.32	44.91	86789.83	1850	0	BartonZwiebach	
804	0:09:04	1/1/2019 	538349	140.00	5.00	7.72	44.91	86791.01	1849	0	BartonZwiebach	
805	0:09:04	1/1/2019 	538793	394.00	6.00	11.94	44.92	86792.63	51781	0	BartonZwiebach	
806	0:09:05	1/1/2019 	538914	95.00	5.00	6.46	44.92	86793.98	1848	0	BartonZwiebach	
807	0:09:05	1/1/2019 	539099	140.00	5.00	7.72	44.92	86793.98	1850	0	BartonZwiebach	
808	0:09:05	1/1/2019 	539682	110.00	5.00	6.86	44.92	86795.50	49792	0	BartonZwiebach	
809	0:09:06	1/1/2019 	540214	218.00	5.00	9.64	44.93	86796.81	2605	0	BartonZwiebach	
810	0:09:06	1/1/2019 	540284	356.00	6.00	11.61	44.93	86796.81	1850	0	BartonZwiebach	
811	0:09:07	1/1/2019 	540904	282.00	5.00	10.71	44.93	86799.34	51922	0	BartonZwiebach	
812	0:09:08	1/1/2019 	542627	255.00	5.00	10.30	44.94	86803.47	97733	0	BartonZwiebach	
813	0:09:09	1/1/2019 	543709	670.00	14.00	16.07	44.95	86805.80	49793	0	BartonZwiebach	
814	0:09:10	1/1/2019 	544150	76.00	5.00	6.06	44.95	86806.98	1851	0	BartonZwiebach	
815	0:09:10	1/1/2019 	544227	974.00	271.00	52.78	44.95	86806.98	1850	0	BartonZwiebach	
816	0:09:10	1/1/2019 	544365	60.00	4.00	5.88	44.95	86808.16	1850	0	BartonZwiebach	
817	0:09:11	1/1/2019 	545430	928.00	151.00	39.44	44.96	86810.63	51780	0	BartonZwiebach	
818	0:09:12	1/1/2019 	546738	961.00	196.00	45.04	44.97	86815.16	97742	0	BartonZwiebach	
819	0:09:15	1/1/2019 	548880	85.00	5.00	6.23	44.97	86820.33	97743	0	BartonZwiebach	
820	0:09:15	1/1/2019 	549306	879.00	89.00	27.90	44.97	86821.48	1850	0	BartonZwiebach	
821	0:09:15	1/1/2019 	549357	361.00	7.00	11.72	44.97	86821.48	1849	0	BartonZwiebach	
822	0:09:16	1/1/2019 	549911	138.00	5.00	7.66	44.98	86822.83	51781	0	BartonZwiebach	
823	0:09:16	1/1/2019 	550592	56.00	4.00	5.88	44.98	86825.33	50547	0	BartonZwiebach	
824	0:09:16	1/1/2019 	550773	90.00	5.00	6.34	44.98	86825.33	1846	0	BartonZwiebach	
825	0:09:17	1/1/2019 	551753	500.00	11.00	13.10	44.99	86828.00	49789	0	BartonZwiebach	
826	0:09:19	1/1/2019 	553270	159.00	5.00	8.25	44.99	86832.17	49794	0	BartonZwiebach	
827	0:09:19	1/1/2019 	553279	108.00	5.00	6.80	44.99	86832.17	1849	0	BartonZwiebach	
828	0:09:19	1/1/2019 	553317	307.00	6.00	11.08	44.99	86832.17	4033	0	BartonZwiebach	
829	0:09:19	1/1/2019 	553361	416.00	6.00	12.10	44.99	86832.17	1848	0	BartonZwiebach	
830	0:09:19	1/1/2019 	553585	108.00	5.00	6.80	45.00	86833.52	49791	0	BartonZwiebach	
831	0:09:21	1/1/2019 	555313	588.00	9.00	13.87	45.00	86837.53	49789	0	BartonZwiebach	
832	0:09:23	1/1/2019 	556867	59.00	5.00	5.88	45.01	86841.02	97733	0	BartonZwiebach	
833	0:09:24	1/1/2019 	558168	265.00	5.00	10.46	45.02	86844.53	49790	0	BartonZwiebach	
834	0:09:25	1/1/2019 	559149	576.00	8.00	13.56	45.02	86847.03	51784	0	BartonZwiebach	
835	0:09:26	1/1/2019 	559816	80.00	5.00	6.13	45.02	86848.38	49790	0	BartonZwiebach	
836	0:09:27	1/1/2019 	560803	910.00	86.00	27.46	45.03	86852.38	50550	0	BartonZwiebach	
837	0:09:27	1/1/2019 	561037	891.00	116.00	33.05	45.03	86852.38	1857	0	BartonZwiebach	
838	0:09:27	1/1/2019 	561569	91.00	5.00	6.36	45.03	86853.70	49798	0	BartonZwiebach	
839	0:09:30	1/1/2019 	563888	135.00	4.00	7.57	45.04	86859.55	97732	0	BartonZwiebach	
840	0:09:30	1/1/2019 	564223	542.00	7.00	13.07	45.05	86860.90	3979	0	BartonZwiebach	
841	0:09:31	1/1/2019 	565067	754.00	32.00	20.38	45.05	86862.05	49792	0	BartonZwiebach	
842	0:09:32	1/1/2019 	566235	104.00	5.00	6.69	45.05	86865.23	49794	0	BartonZwiebach	
843	0:09:32	1/1/2019 	566660	122.00	5.00	7.20	45.06	86866.58	49790	0	BartonZwiebach	
844	0:09:33	1/1/2019 	567756	341.00	6.00	11.47	45.06	86869.25	49789	0	BartonZwiebach	
845	0:09:34	1/1/2019 	568629	255.00	5.00	10.30	45.06	86871.42	49792	0	BartonZwiebach	
846	0:09:35	1/1/2019 	569277	92.00	4.00	6.39	45.07	86872.77	3841	0	BartonZwiebach	
847	0:09:36	1/1/2019 	570063	143.00	5.00	7.80	45.07	86875.27	49791	0	BartonZwiebach	
848	0:09:36	1/1/2019 	570149	627.00	10.00	14.57	45.07	86875.27	2607	0	BartonZwiebach	
849	0:09:36	1/1/2019 	570709	64.00	5.00	5.91	45.07	86876.28	49792	0	BartonZwiebach	
850	0:09:37	1/1/2019 	571465	712.00	23.00	18.59	45.07	86877.12	1850	0	BartonZwiebach	
851	0:09:38	1/1/2019 	572313	992.00	824.00	147.41	45.08	86879.62	49802	0	BartonZwiebach	
852	0:09:39	1/1/2019 	573458	649.00	13.00	15.55	45.08	86881.80	51948	0	BartonZwiebach	
853	0:09:40	1/1/2019 	573986	228.00	5.00	9.83	45.08	86884.30	49793	0	BartonZwiebach	
854	0:09:40	1/1/2019 	574249	400.00	6.00	11.98	45.08	86884.30	1850	0	BartonZwiebach	
855	0:09:40	1/1/2019 	574322	62.00	5.00	5.90	45.08	86884.30	1848	0	BartonZwiebach	
856	0:09:41	1/1/2019 	574821	708.00	21.00	18.15	45.09	86885.62	49793	0	BartonZwiebach	
857	0:09:41	1/1/2019 	574855	968.00	226.00	47.84	45.09	86885.62	1858	0	BartonZwiebach	
858	0:09:41	1/1/2019 	575156	922.00	148.00	38.96	45.09	86886.48	3900	0	BartonZwiebach	
859	0:09:41	1/1/2019 	575599	698.00	19.00	17.60	45.09	86887.83	49795	0	BartonZwiebach	
860	0:09:42	1/1/2019 	576130	971.00	284.00	54.59	45.09	86889.00	1851	0	BartonZwiebach	
861	0:09:43	1/1/2019 	577785	106.00	5.00	6.75	45.10	86892.16	97746	0	BartonZwiebach	
862	0:09:44	1/1/2019 	578218	139.00	5.00	7.69	45.10	86893.16	1849	0	BartonZwiebach	
863	0:09:46	1/1/2019 	580478	428.00	6.00	12.18	45.11	86899.02	97735	0	BartonZwiebach	
864	0:09:47	1/1/2019 	581179	550.00	7.00	13.14	45.11	86900.20	52688	0	BartonZwiebach	
865	0:09:48	1/1/2019 	582079	548.00	7.00	13.12	45.11	86902.54	49794	0	BartonZwiebach	
866	0:09:48	1/1/2019 	582420	188.00	5.00	8.99	45.12	86903.69	1850	0	BartonZwiebach	
867	0:09:49	1/1/2019 	582915	645.00	12.00	15.26	45.12	86904.70	49790	0	BartonZwiebach	
868	0:09:49	1/1/2019 	583380	142.00	5.00	7.77	45.12	86905.89	1849	0	BartonZwiebach	
869	0:09:49	1/1/2019 	583752	861.00	68.00	24.62	45.12	86907.05	49790	0	BartonZwiebach	
870	0:09:50	1/1/2019 	584285	57.00	5.00	5.88	45.12	86908.06	3841	0	BartonZwiebach	
871	0:09:50	1/1/2019 	584713	901.00	114.00	32.71	45.12	86909.24	49792	0	BartonZwiebach	
872	0:09:52	1/1/2019 	586057	977.00	422.00	77.47	45.13	86911.57	49796	0	BartonZwiebach	
873	0:09:52	1/1/2019 	586277	961.00	174.00	42.64	45.13	86912.59	1850	0	BartonZwiebach	
874	0:09:53	1/1/2019 	587193	91.00	4.00	6.36	45.13	86915.09	49797	0	BartonZwiebach	
875	0:09:53	1/1/2019 	587578	356.00	6.00	11.61	45.13	86915.09	49788	0	BartonZwiebach	
876	0:09:54	1/1/2019 	587844	68.00	5.00	5.95	45.13	86916.11	3839	0	BartonZwiebach	
877	0:09:54	1/1/2019 	587927	964.00	186.00	44.01	45.13	86916.11	1851	0	BartonZwiebach	
878	0:09:54	1/1/2019 	588580	87.00	4.00	6.27	45.14	86918.44	49794	0	BartonZwiebach	
879	0:09:55	1/1/2019 	588819	66.00	5.00	5.93	45.14	86918.44	1846	0	BartonZwiebach	
880	0:09:56	1/1/2019 	590634	892.00	116.00	33.06	45.14	86922.64	97734	0	BartonZwiebach	
881	0:09:57	1/1/2019 	590970	960.00	198.00	45.23	45.14	86922.64	2607	0	BartonZwiebach	
882	0:09:57	1/1/2019 	591061	154.00	5.00	8.11	45.15	86923.66	3982	0	BartonZwiebach	
883	0:09:57	1/1/2019 	591411	206.00	5.00	9.39	45.15	86923.66	1849	0	BartonZwiebach	
884	0:09:57	1/1/2019 	591481	167.00	5.00	8.46	45.15	86923.66	1848	0	BartonZwiebach	
885	0:09:57	1/1/2019 	591578	69.00	4.00	5.96	45.15	86924.67	49788	0	BartonZwiebach	
886	0:09:57	1/1/2019 	591676	881.00	106.00	31.07	45.15	86924.67	1847	0	BartonZwiebach	
887	0:09:58	1/1/2019 	592463	86.00	5.00	6.25	45.15	86925.83	1850	0	BartonZwiebach	
888	0:09:58	1/1/2019 	592489	226.00	5.00	9.80	45.15	86926.64	3895	0	BartonZwiebach	
889	0:09:59	1/1/2019 	592884	132.00	5.00	7.49	45.15	86926.64	49791	0	BartonZwiebach	
890	0:10:00	1/1/2019 	593914	903.00	99.00	29.81	45.15	86929.00	49791	0	BartonZwiebach	
891	0:10:01	1/1/2019 	595738	970.00	297.00	56.58	45.16	86933.53	97741	0	BartonZwiebach	
892	0:10:02	1/1/2019 	596003	412.00	6.00	12.07	45.16	86934.55	1850	0	BartonZwiebach	
893	0:10:02	1/1/2019 	596068	830.00	68.00	24.55	45.16	86934.55	1849	0	BartonZwiebach	
894	0:10:04	1/1/2019 	598316	845.00	69.00	24.72	45.17	86940.04	99730	0	BartonZwiebach	
895	0:10:05	1/1/2019 	598965	567.00	7.00	13.31	45.17	86941.22	49795	0	BartonZwiebach	
896	0:10:05	1/1/2019 	599680	137.00	5.00	7.63	45.17	86941.90	49794	0	BartonZwiebach	
897	0:10:06	1/1/2019 	599819	122.00	5.00	7.20	45.18	86943.22	2605	0	BartonZwiebach	
898	0:10:06	1/1/2019 	600353	122.00	5.00	7.20	45.18	86944.41	1849	0	BartonZwiebach	
899	0:10:07	1/1/2019 	600834	972.00	281.00	54.16	45.18	86945.25	51922	0	BartonZwiebach	
900	0:10:07	1/1/2019 	601687	64.00	4.00	5.91	45.18	86946.60	49800	0	BartonZwiebach	
901	0:10:08	1/1/2019 	602579	76.00	4.00	6.06	45.18	86948.61	49787	0	BartonZwiebach	
902	0:10:10	1/1/2019 	604630	329.00	5.00	11.29	45.19	86952.77	97728	0	BartonZwiebach	
903	0:10:11	1/1/2019 	605723	93.00	5.00	6.41	45.19	86956.12	49795	0	BartonZwiebach	
904	0:10:16	1/1/2019 	610581	110.00	5.00	6.86	45.21	86966.85	241560	0	BartonZwiebach	
905	0:10:17	1/1/2019 	611454	129.00	5.00	7.40	45.21	86967.53	4745	0	BartonZwiebach	
906	0:10:19	1/1/2019 	613006	257.00	5.00	10.34	45.22	86972.06	97732	0	BartonZwiebach	
907	0:10:19	1/1/2019 	613421	990.00	619.00	109.20	45.22	86973.08	1850	0	BartonZwiebach	
908	0:10:19	1/1/2019 	613641	984.00	558.00	95.93	45.22	86973.08	49805	0	BartonZwiebach	
909	0:10:20	1/1/2019 	614759	96.00	5.00	6.48	45.22	86975.41	49803	0	BartonZwiebach	
910	0:10:22	1/1/2019 	616569	611.00	10.00	14.36	45.23	86979.45	97732	0	BartonZwiebach	
911	0:10:23	1/1/2019 	617472	613.00	16.00	15.39	45.23	86981.45	3841	0	BartonZwiebach	
912	0:10:24	1/1/2019 	618127	86.00	5.00	6.25	45.23	86982.62	49792	0	BartonZwiebach	
913	0:10:25	1/1/2019 	618903	64.00	4.00	5.91	45.23	86984.48	49794	0	BartonZwiebach	
914	0:10:25	1/1/2019 	619257	634.00	11.00	14.88	45.23	86984.48	1846	0	BartonZwiebach	
915	0:10:25	1/1/2019 	619285	198.00	5.00	9.22	45.23	86985.34	1850	0	BartonZwiebach	
916	0:10:25	1/1/2019 	619310	652.00	13.00	15.59	45.23	86985.34	1848	0	BartonZwiebach	
917	0:10:26	1/1/2019 	620576	569.00	8.00	13.48	45.24	86987.34	99778	0	BartonZwiebach	
918	0:10:26	1/1/2019 	620619	422.00	6.00	12.14	45.24	86987.34	2604	0	BartonZwiebach	
919	0:10:28	1/1/2019 	622430	71.00	5.00	5.99	45.24	86991.71	49789	0	BartonZwiebach	
920	0:10:29	1/1/2019 	622881	132.00	4.00	7.48	45.24	86992.86	49790	0	BartonZwiebach	
921	0:10:29	1/1/2019 	623743	64.00	5.00	5.91	45.25	86995.06	49790	0	BartonZwiebach	
922	0:10:30	1/1/2019 	624161	969.00	308.00	58.39	45.25	86995.91	1847	0	BartonZwiebach	
923	0:10:30	1/1/2019 	624768	982.00	507.00	87.78	45.25	86997.26	51929	0	BartonZwiebach	
924	0:10:32	1/1/2019 	625939	584.00	8.00	13.65	45.25	86999.27	49803	0	BartonZwiebach	
925	0:10:32	1/1/2019 	625989	146.00	5.00	7.89	45.25	86999.27	1848	0	BartonZwiebach	
926	0:10:33	1/1/2019 	627405	929.00	123.00	34.51	45.25	87002.14	49791	0	BartonZwiebach	
927	0:10:34	1/1/2019 	627990	897.00	117.00	33.27	45.26	87003.30	49796	0	BartonZwiebach	
928	0:10:34	1/1/2019 	628236	886.00	105.00	30.90	45.26	87003.97	1850	0	BartonZwiebach	
929	0:10:35	1/1/2019 	629076	224.00	5.00	9.76	45.26	87005.80	51785	0	BartonZwiebach	
930	0:10:35	1/1/2019 	629167	144.00	5.00	7.83	45.26	87005.80	1850	0	BartonZwiebach	
931	0:10:36	1/1/2019 	630076	411.00	5.00	11.99	45.26	87007.83	49790	0	BartonZwiebach	
932	0:10:36	1/1/2019 	630130	260.00	5.00	10.38	45.26	87007.83	2607	0	BartonZwiebach	
933	0:10:37	1/1/2019 	630921	112.00	4.00	6.91	45.26	87008.81	49791	0	BartonZwiebach	
934	0:10:40	1/1/2019 	634121	103.00	5.00	6.67	45.27	87015.56	145669	0	BartonZwiebach	
935	0:10:43	1/1/2019 	636993	916.00	142.00	37.95	45.28	87021.08	147804	0	BartonZwiebach	
936	0:10:44	1/1/2019 	638160	607.00	13.00	14.82	45.28	87022.60	49795	0	BartonZwiebach	
937	0:10:45	1/1/2019 	639342	575.00	8.00	13.55	45.28	87025.28	49793	0	BartonZwiebach	
938	0:10:45	1/1/2019 	639625	776.00	42.00	21.63	45.28	87025.28	49791	0	BartonZwiebach	
939	0:10:45	1/1/2019 	639699	799.00	53.00	22.78	45.28	87025.28	2605	0	BartonZwiebach	
940	0:10:46	1/1/2019 	640260	929.00	147.00	38.80	45.28	87026.97	1850	0	BartonZwiebach	
941	0:10:47	1/1/2019 	641810	137.00	5.00	7.63	45.29	87029.81	99872	0	BartonZwiebach	
942	0:10:48	1/1/2019 	641963	62.00	5.00	5.90	45.29	87029.81	1850	0	BartonZwiebach	
943	0:10:50	1/1/2019 	644119	70.00	4.00	5.97	45.29	87034.53	97732	0	BartonZwiebach	
944	0:10:51	1/1/2019 	645211	192.00	5.00	9.08	45.30	87036.53	49790	0	BartonZwiebach	
945	0:10:52	1/1/2019 	646783	817.00	60.00	23.57	45.30	87039.23	97732	0	BartonZwiebach	
946	0:10:53	1/1/2019 	647127	182.00	4.00	8.83	45.30	87040.42	1850	0	BartonZwiebach	
947	0:10:53	1/1/2019 	647400	58.00	5.00	5.88	45.30	87040.42	3838	0	BartonZwiebach	
948	0:10:54	1/1/2019 	648339	103.00	4.00	6.66	45.30	87042.25	49790	0	BartonZwiebach	
949	0:10:54	1/1/2019 	648411	733.00	27.00	19.50	45.30	87042.25	1847	0	BartonZwiebach	
950	0:10:54	1/1/2019 	648421	282.00	5.00	10.71	45.30	87042.25	1849	0	BartonZwiebach	
951	0:10:55	1/1/2019 	648952	72.00	5.00	6.00	45.30	87042.93	49792	0	BartonZwiebach	
952	0:10:55	1/1/2019 	648982	263.00	5.00	10.43	45.30	87042.93	1850	0	BartonZwiebach	
953	0:10:55	1/1/2019 	649667	232.00	5.00	9.91	45.31	87044.79	51783	0	BartonZwiebach	
954	0:10:56	1/1/2019 	649935	98.00	5.00	6.54	45.31	87044.79	2801	0	BartonZwiebach	
955	0:10:56	1/1/2019 	650143	159.00	5.00	8.25	45.31	87045.47	1850	0	BartonZwiebach	
956	0:10:56	1/1/2019 	650409	170.00	5.00	8.54	45.31	87045.47	1848	0	BartonZwiebach	
957	0:10:56	1/1/2019 	650492	958.00	172.00	42.40	45.31	87046.31	1849	0	BartonZwiebach	
958	0:10:57	1/1/2019 	651346	58.00	4.00	5.88	45.31	87047.30	49796	0	BartonZwiebach	
959	0:10:57	1/1/2019 	651788	235.00	5.00	9.96	45.31	87048.16	51920	0	BartonZwiebach	
960	0:10:58	1/1/2019 	651973	673.00	16.00	16.59	45.31	87049.14	1850	0	BartonZwiebach	
961	0:10:59	1/1/2019 	653368	279.00	5.00	10.67	45.31	87051.00	49791	0	BartonZwiebach	
962	0:10:59	1/1/2019 	653392	871.00	86.00	27.36	45.31	87051.67	1851	0	BartonZwiebach	
963	0:11:01	1/1/2019 	655003	551.00	8.00	13.29	45.32	87054.36	97738	0	BartonZwiebach	
964	0:11:01	1/1/2019 	655454	133.00	5.00	7.52	45.32	87055.54	1848	0	BartonZwiebach	
965	0:11:02	1/1/2019 	656387	341.00	6.00	11.47	45.32	87056.90	51780	0	BartonZwiebach	
966	0:11:03	1/1/2019 	657484	299.00	5.00	10.94	45.32	87058.76	49792	0	BartonZwiebach	
967	0:11:03	1/1/2019 	657797	252.00	4.00	10.23	45.32	87059.73	49793	0	BartonZwiebach	
968	0:11:05	1/1/2019 	659376	774.00	42.00	21.62	45.33	87062.25	49791	0	BartonZwiebach	
969	0:11:05	1/1/2019 	659628	84.00	5.00	6.21	45.33	87062.25	49795	0	BartonZwiebach	
970	0:11:07	1/1/2019 	661381	216.00	5.00	9.60	45.33	87065.47	52872	0	BartonZwiebach	
971	0:11:07	1/1/2019 	661424	64.00	5.00	5.91	45.33	87065.47	1849	0	BartonZwiebach	
972	0:11:07	1/1/2019 	661805	195.00	5.00	9.15	45.33	87066.62	49789	0	BartonZwiebach	
973	0:11:08	1/1/2019 	662586	923.00	109.00	31.77	45.33	87067.30	49794	0	BartonZwiebach	
974	0:11:08	1/1/2019 	662768	173.00	5.00	8.62	45.33	87067.98	1851	0	BartonZwiebach	
975	0:11:09	1/1/2019 	662960	162.00	5.00	8.33	45.33	87067.98	1848	0	BartonZwiebach	
976	0:11:09	1/1/2019 	663297	96.00	4.00	6.48	45.33	87068.99	3841	0	BartonZwiebach	
977	0:11:10	1/1/2019 	663868	127.00	4.00	7.34	45.33	87069.67	49787	0	BartonZwiebach	
978	0:11:10	1/1/2019 	664212	275.00	5.00	10.61	45.34	87070.66	1848	0	BartonZwiebach	
979	0:11:10	1/1/2019 	664432	682.00	16.00	16.71	45.34	87070.66	1849	0	BartonZwiebach	
980	0:11:10	1/1/2019 	664553	856.00	94.00	28.70	45.34	87070.66	49790	0	BartonZwiebach	
981	0:11:10	1/1/2019 	664584	65.00	4.00	5.92	45.34	87071.34	1850	0	BartonZwiebach	
982	0:11:11	1/1/2019 	665109	66.00	5.00	5.93	45.34	87072.52	3836	0	BartonZwiebach	
983	0:11:11	1/1/2019 	665328	147.00	5.00	7.92	45.34	87072.52	1850	0	BartonZwiebach	
984	0:11:11	1/1/2019 	665624	745.00	31.00	20.19	45.34	87073.20	49789	0	BartonZwiebach	
985	0:11:11	1/1/2019 	665639	106.00	5.00	6.75	45.34	87073.20	1850	0	BartonZwiebach	
986	0:11:12	1/1/2019 	665882	118.00	4.00	7.08	45.34	87073.20	1849	0	BartonZwiebach	
987	0:11:13	1/1/2019 	666866	834.00	63.00	23.95	45.34	87074.72	49789	0	BartonZwiebach	
988	0:11:13	1/1/2019 	667047	85.00	5.00	6.23	45.34	87075.56	3841	0	BartonZwiebach	
989	0:11:13	1/1/2019 	667778	134.00	5.00	7.54	45.34	87076.25	49790	0	BartonZwiebach	
990	0:11:13	1/1/2019 	667793	235.00	4.00	9.94	45.34	87076.25	1849	0	BartonZwiebach	
991	0:11:16	1/1/2019 	669938	116.00	5.00	7.03	45.35	87079.91	97729	0	BartonZwiebach	
992	0:11:16	1/1/2019 	670431	563.00	9.00	13.56	45.35	87081.09	2802	0	BartonZwiebach	
993	0:11:18	1/1/2019 	672352	545.00	12.00	13.68	45.35	87082.79	97731	0	BartonZwiebach	
994	0:11:18	1/1/2019 	672401	83.00	4.00	6.19	45.35	87083.61	3981	0	BartonZwiebach	
995	0:11:18	1/1/2019 	672769	89.00	5.00	6.32	45.35	87083.61	49786	0	BartonZwiebach	
996	0:11:19	1/1/2019 	672918	143.00	5.00	7.80	45.35	87084.11	1848	0	BartonZwiebach	
997	0:11:19	1/1/2019 	673570	264.00	5.00	10.45	45.35	87084.97	49791	0	BartonZwiebach	
998	0:11:19	1/1/2019 	673674	342.00	6.00	11.48	45.35	87084.97	1849	0	BartonZwiebach	
999	0:11:20	1/1/2019 	673903	104.00	5.00	6.69	45.35	87085.80	1847	0	BartonZwiebach	
1000	0:11:20	1/1/2019 	674378	969.00	224.00	47.65	45.35	87086.48	3840	0	BartonZwiebach	
1001	0:11:21	1/1/2019 	674956	202.00	5.00	9.31	45.35	87086.99	49797	0	BartonZwiebach	
1002	0:11:21	1/1/2019 	675357	106.00	5.00	6.75	45.36	87088.00	1849	0	BartonZwiebach	
1003	0:11:22	1/1/2019 	675826	665.00	15.00	16.25	45.36	87088.52	49792	0	BartonZwiebach	
1004	0:11:22	1/1/2019 	675895	865.00	88.00	27.68	45.36	87088.52	1850	0	BartonZwiebach	
1005	0:11:22	1/1/2019 	675929	729.00	26.00	19.30	45.36	87088.52	1849	0	BartonZwiebach	
1006	0:11:23	1/1/2019 	677004	62.00	4.00	5.90	45.36	87090.52	51838	0	BartonZwiebach	
1007	0:11:23	1/1/2019 	677383	930.00	156.00	40.21	45.36	87091.20	1849	0	BartonZwiebach	
1008	0:11:24	1/1/2019 	678027	736.00	29.00	19.84	45.36	87091.88	49799	0	BartonZwiebach	
1009	0:11:24	1/1/2019 	678495	184.00	5.00	8.89	45.36	87092.72	1855	0	BartonZwiebach	
1010	0:11:27	1/1/2019 	681014	237.00	5.00	10.00	45.36	87096.25	145679	0	BartonZwiebach	
1011	0:11:27	1/1/2019 	681155	979.00	354.00	66.60	45.37	87097.23	2803	0	BartonZwiebach	
1012	0:11:27	1/1/2019 	681358	315.00	6.00	11.17	45.37	87097.23	3980	0	BartonZwiebach	
1013	0:11:28	1/1/2019 	682771	57.00	4.00	5.88	45.37	87099.43	97734	0	BartonZwiebach	
1014	0:11:29	1/1/2019 	683145	834.00	64.00	24.07	45.37	87099.94	1849	0	BartonZwiebach	
1015	0:11:29	1/1/2019 	683471	794.00	50.00	22.47	45.37	87099.94	1848	0	BartonZwiebach	
1016	0:11:30	1/1/2019 	683829	148.00	5.00	7.94	45.37	87100.62	49796	0	BartonZwiebach	
1017	0:11:31	1/1/2019 	685335	122.00	5.00	7.20	45.37	87102.95	49796	0	BartonZwiebach	
1018	0:11:34	1/1/2019 	688172	519.00	6.00	12.75	45.38	87107.16	147663	0	BartonZwiebach	
1019	0:11:35	1/1/2019 	688818	380.00	6.00	11.83	45.38	87108.01	49794	0	BartonZwiebach	
1020	0:11:36	1/1/2019 	690065	178.00	5.00	8.74	45.38	87110.35	49794	0	BartonZwiebach	
1021	0:11:36	1/1/2019 	690476	104.00	5.00	6.69	45.38	87111.36	2803	0	BartonZwiebach	
1022	0:11:36	1/1/2019 	690649	144.00	5.00	7.83	45.38	87111.36	49792	0	BartonZwiebach	
1023	0:11:37	1/1/2019 	690826	78.00	4.00	6.09	45.38	87111.36	1849	0	BartonZwiebach	
1024	0:11:37	1/1/2019 	690833	688.00	17.00	17.02	45.38	87111.36	3979	0	BartonZwiebach	
1025	0:11:37	1/1/2019 	691133	110.00	5.00	6.86	45.38	87111.87	1850	0	BartonZwiebach	
1026	0:11:37	1/1/2019 	691351	982.00	422.00	77.47	45.38	87111.87	1849	0	BartonZwiebach	
1027	0:11:37	1/1/2019 	691666	672.00	15.00	16.34	45.38	87112.86	49801	0	BartonZwiebach	
1028	0:11:38	1/1/2019 	691876	804.00	53.00	22.80	45.38	87113.36	1850	0	BartonZwiebach	
1029	0:11:38	1/1/2019 	692668	86.00	4.00	6.25	45.38	87113.88	49798	0	BartonZwiebach	
1030	0:11:39	1/1/2019 	693193	394.00	9.00	12.13	45.39	87115.05	3841	0	BartonZwiebach	
1031	0:11:39	1/1/2019 	693571	970.00	271.00	52.78	45.39	87115.91	49794	0	BartonZwiebach	
1032	0:11:41	1/1/2019 	694895	157.00	5.00	8.19	45.39	87118.59	49799	0	BartonZwiebach	
1033	0:11:42	1/1/2019 	696798	227.00	5.00	9.82	45.39	87122.98	97736	0	BartonZwiebach	
1034	0:11:43	1/1/2019 	697201	61.00	5.00	5.89	45.39	87122.98	1849	0	BartonZwiebach	
1035	0:11:43	1/1/2019 	697453	62.00	5.00	5.90	45.39	87124.00	3894	0	BartonZwiebach	
1036	0:11:44	1/1/2019 	698454	271.00	5.00	10.55	45.40	87126.01	49790	0	BartonZwiebach	
1037	0:11:44	1/1/2019 	698492	674.00	15.00	16.37	45.40	87126.01	1851	0	BartonZwiebach	
1038	0:11:44	1/1/2019 	698674	305.00	5.00	11.01	45.40	87127.03	49793	0	BartonZwiebach	
1039	0:11:44	1/1/2019 	698722	164.00	5.00	8.38	45.40	87127.03	1849	0	BartonZwiebach	
1040	0:11:46	1/1/2019 	700012	740.00	30.00	20.01	45.40	87129.54	49794	0	BartonZwiebach	
1041	0:11:46	1/1/2019 	700695	58.00	4.00	5.88	45.40	87131.74	52880	0	BartonZwiebach	
1042	0:11:47	1/1/2019 	700907	199.00	5.00	9.24	45.40	87131.74	1846	0	BartonZwiebach	
1043	0:11:47	1/1/2019 	701161	461.00	10.00	12.71	45.40	87132.93	1849	0	BartonZwiebach	
1044	0:11:47	1/1/2019 	701300	118.00	5.00	7.08	45.40	87132.93	1850	0	BartonZwiebach	
1045	0:11:47	1/1/2019 	701622	94.00	5.00	6.44	45.40	87133.95	49791	0	BartonZwiebach	
1046	0:11:47	1/1/2019 	701777	62.00	4.00	5.90	45.40	87133.95	1850	0	BartonZwiebach	
1047	0:11:47	1/1/2019 	701800	88.00	4.00	6.29	45.40	87133.95	3837	0	BartonZwiebach	
1048	0:11:48	1/1/2019 	701832	572.00	8.00	13.51	45.40	87133.95	1847	0	BartonZwiebach	
1049	0:11:48	1/1/2019 	702585	183.00	5.00	8.87	45.40	87136.47	49793	0	BartonZwiebach	
1050	0:11:49	1/1/2019 	703273	205.00	5.00	9.37	45.40	87137.48	1848	0	BartonZwiebach	
1051	0:11:51	1/1/2019 	705029	428.00	9.00	12.40	45.41	87142.91	97735	0	BartonZwiebach	
1052	0:11:51	1/1/2019 	705422	58.00	5.00	5.88	45.41	87142.91	1850	0	BartonZwiebach	
1053	0:11:55	1/1/2019 	709496	981.00	594.00	103.52	45.42	87155.35	195610	0	BartonZwiebach	
1054	0:11:57	1/1/2019 	711129	954.00	174.00	42.64	45.43	87159.72	97767	0	BartonZwiebach	
1055	0:11:57	1/1/2019 	711400	550.00	7.00	13.14	45.43	87160.91	2805	0	BartonZwiebach	
1056	0:11:59	1/1/2019 	713552	794.00	53.00	22.77	45.43	87166.61	145680	0	BartonZwiebach	
1057	0:11:59	1/1/2019 	713590	689.00	18.00	17.27	45.43	87166.61	1851	0	BartonZwiebach	
1058	0:12:01	1/1/2019 	714829	854.00	92.00	28.34	45.44	87170.81	49792	0	BartonZwiebach	
1059	0:12:01	1/1/2019 	714867	104.00	4.00	6.69	45.44	87170.81	3981	0	BartonZwiebach	
1060	0:12:01	1/1/2019 	715178	147.00	0.00	7.88	45.44	87170.81	1846	0	BartonZwiebach	
1061	0:12:01	1/1/2019 	715197	163.00	5.00	8.36	45.44	87170.81	1835	0	BartonZwiebach	
1062	0:12:03	1/1/2019 	716930	216.00	5.00	9.60	45.45	87175.86	97731	0	BartonZwiebach	
1063	0:12:03	1/1/2019 	717219	159.00	5.00	8.25	45.45	87177.38	1851	0	BartonZwiebach	
1064	0:12:03	1/1/2019 	717744	191.00	5.00	9.06	45.45	87178.53	49796	0	BartonZwiebach	
1065	0:12:03	1/1/2019 	717805	67.00	5.00	5.94	45.45	87178.53	3894	0	BartonZwiebach	
1066	0:12:05	1/1/2019 	718882	986.00	767.00	136.90	45.45	87181.05	49794	0	BartonZwiebach	
1067	0:12:05	1/1/2019 	719463	806.00	63.00	23.88	45.46	87182.57	1851	0	BartonZwiebach	
1068	0:12:05	1/1/2019 	719687	936.00	114.00	32.76	45.46	87183.89	49796	0	BartonZwiebach	
1069	0:12:06	1/1/2019 	719969	163.00	4.00	8.35	45.46	87183.89	2802	0	BartonZwiebach	
1070	0:12:06	1/1/2019 	720177	261.00	6.00	10.43	45.46	87185.41	1847	0	BartonZwiebach	
1071	0:12:07	1/1/2019 	720972	357.00	6.00	11.62	45.46	87186.27	51923	0	BartonZwiebach	
1072	0:12:08	1/1/2019 	721975	79.00	5.00	6.11	45.47	87189.11	49792	0	BartonZwiebach	
1073	0:12:08	1/1/2019 	722195	124.00	4.00	7.25	45.47	87190.62	1851	0	BartonZwiebach	
1074	0:12:09	1/1/2019 	723042	680.00	17.00	16.92	45.47	87193.17	49795	0	BartonZwiebach	
1075	0:12:10	1/1/2019 	724132	131.00	5.00	7.46	45.48	87195.48	49795	0	BartonZwiebach	
1076	0:12:10	1/1/2019 	724385	138.00	1.00	7.64	45.48	87195.48	1849	0	BartonZwiebach	
1077	0:12:10	1/1/2019 	724687	174.00	5.00	8.64	45.48	87196.97	51769	0	BartonZwiebach	
1078	0:12:11	1/1/2019 	725246	458.00	6.00	12.36	45.48	87197.82	1848	0	BartonZwiebach	
1079	0:12:12	1/1/2019 	726569	427.00	6.00	12.17	45.49	87201.51	97738	0	BartonZwiebach	
1080	0:12:13	1/1/2019 	727758	224.00	5.00	9.76	45.49	87203.68	49793	0	BartonZwiebach	
1081	0:12:15	1/1/2019 	729430	184.00	5.00	8.89	45.49	87208.05	49794	0	BartonZwiebach	
1082	0:12:15	1/1/2019 	729480	161.00	5.00	8.30	45.49	87208.05	3839	0	BartonZwiebach	
1083	0:12:16	1/1/2019 	730093	964.00	180.00	43.35	45.50	87209.40	49792	0	BartonZwiebach	
1084	0:12:16	1/1/2019 	730753	609.00	10.00	14.33	45.50	87210.55	50753	0	BartonZwiebach	
1085	0:12:17	1/1/2019 	731340	858.00	89.00	27.83	45.50	87212.41	1849	0	BartonZwiebach	
1086	0:12:18	1/1/2019 	732422	124.00	5.00	7.26	45.51	87214.55	49796	0	BartonZwiebach	
1087	0:12:20	1/1/2019 	734663	976.00	350.00	65.88	45.51	87218.92	145678	0	BartonZwiebach	
1088	0:12:20	1/1/2019 	734752	219.00	4.00	9.64	45.52	87220.09	3982	0	BartonZwiebach	
1089	0:12:22	1/1/2019 	735825	70.00	5.00	5.97	45.52	87222.23	49790	0	BartonZwiebach	
1090	0:12:23	1/1/2019 	736865	132.00	5.00	7.49	45.53	87224.23	49793	0	BartonZwiebach	
1091	0:12:23	1/1/2019 	737640	94.00	5.00	6.44	45.53	87225.08	49793	0	BartonZwiebach	
1092	0:12:23	1/1/2019 	737717	72.00	4.00	6.00	45.53	87225.92	1848	0	BartonZwiebach	
1093	0:12:24	1/1/2019 	738729	514.00	6.00	12.72	45.53	87227.91	49790	0	BartonZwiebach	
1094	0:12:24	1/1/2019 	738769	203.00	5.00	9.33	45.53	87227.91	3894	0	BartonZwiebach	
1095	0:12:25	1/1/2019 	739365	603.00	10.00	14.25	45.53	87228.59	1848	0	BartonZwiebach	
1096	0:12:26	1/1/2019 	740377	387.00	6.00	11.89	45.54	87230.42	49795	0	BartonZwiebach	
1097	0:12:27	1/1/2019 	740838	99.00	4.00	6.56	45.54	87231.41	50747	0	BartonZwiebach	
1098	0:12:27	1/1/2019 	740970	151.00	5.00	8.03	45.54	87231.41	1847	0	BartonZwiebach	
1099	0:12:27	1/1/2019 	741058	521.00	7.00	12.89	45.54	87232.42	1849	0	BartonZwiebach	
1100	0:12:27	1/1/2019 	741798	125.00	5.00	7.28	45.54	87233.09	51923	0	BartonZwiebach	
1101	0:12:28	1/1/2019 	742317	969.00	294.00	56.10	45.55	87233.91	1849	0	BartonZwiebach	
1102	0:12:28	1/1/2019 	742345	91.00	5.00	6.36	45.55	87233.91	1851	0	BartonZwiebach	
1103	0:12:28	1/1/2019 	742475	99.00	5.00	6.56	45.55	87233.91	1848	0	BartonZwiebach	
1104	0:12:32	1/1/2019 	745933	656.00	13.00	15.65	45.56	87240.75	193616	0	BartonZwiebach	
1105	0:12:32	1/1/2019 	746002	55.00	4.00	5.88	45.56	87240.75	1851	0	BartonZwiebach	
1106	0:12:33	1/1/2019 	747579	723.00	24.00	18.89	45.57	87243.08	99722	0	BartonZwiebach	
1107	0:12:33	1/1/2019 	747625	252.00	5.00	10.26	45.57	87243.08	1849	0	BartonZwiebach	
1108	0:12:34	1/1/2019 	747925	198.00	5.00	9.22	45.57	87244.09	1848	0	BartonZwiebach	
1109	0:12:36	1/1/2019 	749832	152.00	5.00	8.06	45.58	87247.41	97736	0	BartonZwiebach	
1110	0:12:36	1/1/2019 	749990	682.00	17.00	16.95	45.58	87247.41	2804	0	BartonZwiebach	
1111	0:12:36	1/1/2019 	750293	361.00	5.00	11.60	45.58	87247.41	1850	0	BartonZwiebach	
1112	0:12:38	1/1/2019 	752744	114.00	5.00	6.97	45.59	87252.11	147807	0	BartonZwiebach	
1113	0:12:39	1/1/2019 	753437	122.00	5.00	7.20	45.59	87252.80	1850	0	BartonZwiebach	
1114	0:12:40	1/1/2019 	754217	72.00	5.00	6.00	45.59	87254.28	49791	0	BartonZwiebach	
1115	0:12:40	1/1/2019 	754786	282.00	5.00	10.71	45.59	87255.30	49792	0	BartonZwiebach	
1116	0:12:42	1/1/2019 	756278	684.00	18.00	17.20	45.59	87257.95	49793	0	BartonZwiebach	
1117	0:12:43	1/1/2019 	757239	98.00	5.00	6.54	45.60	87259.60	49793	0	BartonZwiebach	
1118	0:12:47	1/1/2019 	761735	83.00	5.00	6.19	45.61	87266.81	243548	0	BartonZwiebach	
1119	0:12:48	1/1/2019 	762330	68.00	5.00	5.95	45.61	87267.49	2802	0	BartonZwiebach	
1120	0:12:48	1/1/2019 	762648	930.00	156.00	40.21	45.61	87268.14	49792	0	BartonZwiebach	
1121	0:12:49	1/1/2019 	762929	131.00	5.00	7.46	45.61	87268.14	1850	0	BartonZwiebach	
1122	0:12:49	1/1/2019 	763381	363.00	7.00	11.74	45.61	87268.65	1849	0	BartonZwiebach	
1123	0:12:51	1/1/2019 	765184	249.00	5.00	10.21	45.62	87271.50	97734	0	BartonZwiebach	
1124	0:12:51	1/1/2019 	765567	643.00	12.00	15.23	45.62	87272.50	51924	0	BartonZwiebach	
1125	0:12:52	1/1/2019 	766141	94.00	4.00	6.43	45.62	87273.34	1849	0	BartonZwiebach	
1126	0:12:52	1/1/2019 	766272	96.00	5.00	6.48	45.62	87273.34	1847	0	BartonZwiebach	
1127	0:12:52	1/1/2019 	766394	94.00	4.00	6.43	45.62	87273.86	1848	0	BartonZwiebach	
1128	0:12:52	1/1/2019 	766797	78.00	4.00	6.09	45.62	87273.86	49789	0	BartonZwiebach	
1129	0:12:53	1/1/2019 	767133	376.00	6.00	11.79	45.62	87274.37	3836	0	BartonZwiebach	
1130	0:12:53	1/1/2019 	767667	98.00	5.00	6.54	45.63	87275.18	49793	0	BartonZwiebach	
1131	0:12:54	1/1/2019 	767879	581.00	7.00	13.45	45.63	87275.52	1848	0	BartonZwiebach	
1132	0:12:54	1/1/2019 	768400	92.00	5.00	6.39	45.63	87276.34	1849	0	BartonZwiebach	
1133	0:12:56	1/1/2019 	769888	156.00	5.00	8.17	45.63	87278.37	97735	0	BartonZwiebach	
1134	0:12:56	1/1/2019 	770109	64.00	4.00	5.91	45.63	87278.37	2804	0	BartonZwiebach	
1135	0:12:59	1/1/2019 	773488	949.00	167.00	41.76	45.64	87283.41	147767	0	BartonZwiebach	
1136	0:13:00	1/1/2019 	774170	60.00	5.00	5.89	45.64	87283.89	49799	0	BartonZwiebach	
1137	0:13:00	1/1/2019 	774414	978.00	402.00	74.63	45.64	87284.56	1850	0	BartonZwiebach	
1138	0:13:00	1/1/2019 	774619	101.00	4.00	6.61	45.64	87284.56	49801	0	BartonZwiebach	
1139	0:13:01	1/1/2019 	775121	265.00	5.00	10.46	45.64	87285.41	1847	0	BartonZwiebach	
1140	0:13:03	1/1/2019 	777164	246.00	5.00	10.16	45.65	87288.74	97737	0	BartonZwiebach	
1141	0:13:04	1/1/2019 	778380	150.00	5.00	8.00	45.65	87289.77	54267	0	BartonZwiebach	
1142	0:13:04	1/1/2019 	778610	102.00	5.00	6.64	45.65	87290.77	49792	0	BartonZwiebach	
1143	0:13:04	1/1/2019 	778767	544.00	7.00	13.08	45.65	87290.77	1848	0	BartonZwiebach	
1144	0:13:05	1/1/2019 	779558	89.00	5.00	6.32	45.65	87292.27	49794	0	BartonZwiebach	
1145	0:13:06	1/1/2019 	780016	945.00	132.00	36.20	45.65	87292.27	2607	0	BartonZwiebach	
1146	0:13:07	1/1/2019 	780821	106.00	5.00	6.75	45.65	87293.45	49797	0	BartonZwiebach	
1147	0:13:07	1/1/2019 	780989	125.00	5.00	7.28	45.65	87293.45	68152	0	BartonZwiebach	
1148	0:13:08	1/1/2019 	781906	89.00	5.00	6.32	45.66	87294.98	49789	0	BartonZwiebach	
1149	0:13:10	1/1/2019 	783981	256.00	5.00	10.32	45.66	87298.16	97733	0	BartonZwiebach	
1150	0:13:11	1/1/2019 	784936	92.00	5.00	6.39	45.66	87299.35	49792	0	BartonZwiebach	
1151	0:13:11	1/1/2019 	785620	60.00	5.00	5.89	45.66	87300.34	49793	0	BartonZwiebach	
1152	0:13:12	1/1/2019 	786005	142.00	5.00	7.77	45.66	87300.84	1848	0	BartonZwiebach	
1153	0:13:12	1/1/2019 	786023	332.00	5.00	11.32	45.66	87300.84	3892	0	BartonZwiebach	
1154	0:13:12	1/1/2019 	786237	77.00	5.00	6.08	45.66	87300.84	1848	0	BartonZwiebach	
1155	0:13:12	1/1/2019 	786553	690.00	18.00	17.28	45.67	87301.69	49791	0	BartonZwiebach	
1156	0:13:14	1/1/2019 	787870	119.00	5.00	7.11	45.67	87303.53	49792	0	BartonZwiebach	
1157	0:13:14	1/1/2019 	788772	132.00	5.00	7.49	45.67	87304.03	49793	0	BartonZwiebach	
1158	0:13:15	1/1/2019 	789439	360.00	6.00	11.65	45.67	87305.38	1848	0	BartonZwiebach	
1159	0:13:15	1/1/2019 	789717	69.00	4.00	5.96	45.67	87305.38	51783	0	BartonZwiebach	
1160	0:13:17	1/1/2019 	791412	313.00	5.00	11.11	45.67	87307.91	50544	0	BartonZwiebach	
1161	0:13:17	1/1/2019 	791453	87.00	5.00	6.27	45.67	87307.91	1849	0	BartonZwiebach	
1162	0:13:18	1/1/2019 	791918	661.00	14.00	15.95	45.67	87308.41	49790	0	BartonZwiebach	
1163	0:13:18	1/1/2019 	792582	600.00	9.00	14.02	45.68	87309.25	49793	0	BartonZwiebach	
1164	0:13:18	1/1/2019 	792685	210.00	5.00	9.48	45.68	87309.94	1849	0	BartonZwiebach	
1165	0:13:19	1/1/2019 	792957	144.00	4.00	7.83	45.68	87309.94	3978	0	BartonZwiebach	
1166	0:13:19	1/1/2019 	793251	542.00	13.00	13.74	45.68	87310.44	1847	0	BartonZwiebach	
1167	0:13:21	1/1/2019 	795150	363.00	6.00	11.68	45.68	87313.28	97735	0	BartonZwiebach	
1168	0:13:22	1/1/2019 	796079	979.00	459.00	82.00	45.68	87313.80	49793	0	BartonZwiebach	
1169	0:13:23	1/1/2019 	796960	492.00	6.00	12.57	45.68	87314.82	49804	0	BartonZwiebach	
1170	0:13:23	1/1/2019 	797248	368.00	6.00	11.73	45.68	87315.63	1849	0	BartonZwiebach	
1171	0:13:23	1/1/2019 	797569	269.00	5.00	10.52	45.68	87316.14	51780	0	BartonZwiebach	
1172	0:13:24	1/1/2019 	798097	118.00	5.00	7.08	45.68	87316.66	1850	0	BartonZwiebach	
1173	0:13:25	1/1/2019 	799582	623.00	11.00	14.73	45.69	87318.69	97733	0	BartonZwiebach	
1174	0:13:25	1/1/2019 	799701	64.00	5.00	5.91	45.69	87318.69	2607	0	BartonZwiebach	
1175	0:13:28	1/1/2019 	802407	81.00	5.00	6.15	45.69	87321.71	97732	0	BartonZwiebach	
1176	0:13:28	1/1/2019 	802604	964.00	191.00	44.54	45.69	87322.55	49792	0	BartonZwiebach	
1177	0:13:29	1/1/2019 	802861	975.00	439.00	79.63	45.69	87322.55	3979	0	BartonZwiebach	
1178	0:13:30	1/1/2019 	804351	714.00	24.00	18.80	45.69	87324.58	49800	0	BartonZwiebach	
1179	0:13:31	1/1/2019 	805699	419.00	6.00	12.12	45.70	87326.59	97735	0	BartonZwiebach	
1180	0:13:32	1/1/2019 	806405	516.00	7.00	12.85	45.70	87328.09	1849	0	BartonZwiebach	
1181	0:13:32	1/1/2019 	806640	68.00	5.00	5.95	45.70	87328.09	49794	0	BartonZwiebach	
1182	0:13:35	1/1/2019 	808817	946.00	165.00	41.49	45.70	87330.77	99776	0	BartonZwiebach	
1183	0:13:35	1/1/2019 	809012	994.00	851.00	153.12	45.70	87330.77	1852	0	BartonZwiebach	
1184	0:13:35	1/1/2019 	809020	882.00	94.00	28.81	45.70	87330.77	1850	0	BartonZwiebach	
1185	0:13:35	1/1/2019 	809108	109.00	5.00	6.83	45.70	87330.77	1850	0	BartonZwiebach	
1186	0:13:36	1/1/2019 	810316	175.00	5.00	8.67	45.70	87332.62	49794	0	BartonZwiebach	
1187	0:13:36	1/1/2019 	810491	60.00	4.00	5.88	45.70	87332.62	2614	0	BartonZwiebach	
1188	0:13:37	1/1/2019 	810954	63.00	4.00	5.90	45.70	87333.14	51923	0	BartonZwiebach	
1189	0:13:39	1/1/2019 	812836	844.00	75.00	25.54	45.70	87335.52	97731	0	BartonZwiebach	
1190	0:13:39	1/1/2019 	812974	57.00	4.00	5.88	45.70	87335.52	1851	0	BartonZwiebach	
1191	0:13:41	1/1/2019 	815386	105.00	5.00	6.72	45.71	87338.37	97732	0	BartonZwiebach	
1192	0:13:41	1/1/2019 	815686	994.00	732.00	131.39	45.71	87338.88	49794	0	BartonZwiebach	
1193	0:13:42	1/1/2019 	816038	629.00	11.00	14.82	45.71	87338.88	1857	0	BartonZwiebach	
1194	0:13:42	1/1/2019 	816556	977.00	307.00	58.22	45.71	87340.40	51789	0	BartonZwiebach	
1195	0:13:43	1/1/2019 	816843	756.00	35.00	20.77	45.71	87340.40	1851	0	BartonZwiebach	
1196	0:13:43	1/1/2019 	817646	235.00	5.00	9.96	45.71	87341.75	49794	0	BartonZwiebach	
1197	0:13:44	1/1/2019 	817950	710.00	23.00	18.57	45.71	87341.75	1848	0	BartonZwiebach	
1198	0:13:44	1/1/2019 	818089	584.00	8.00	13.65	45.71	87342.26	1850	0	BartonZwiebach	
1199	0:13:44	1/1/2019 	818276	84.00	4.00	6.21	45.71	87342.26	1846	0	BartonZwiebach	
1200	0:13:45	1/1/2019 	818947	83.00	5.00	6.19	45.71	87342.77	51779	0	BartonZwiebach	
1201	0:13:45	1/1/2019 	819427	613.00	10.00	14.39	45.71	87343.28	1850	0	BartonZwiebach	
1202	0:13:46	1/1/2019 	819826	135.00	5.00	7.57	45.71	87343.79	49795	0	BartonZwiebach	
1203	0:13:47	1/1/2019 	821042	595.00	15.00	14.87	45.71	87345.80	50549	0	BartonZwiebach	
1204	0:13:47	1/1/2019 	821370	284.00	5.00	10.74	45.71	87345.80	1851	0	BartonZwiebach	
1205	0:13:48	1/1/2019 	822353	244.00	5.00	10.12	45.71	87346.64	49793	0	BartonZwiebach	
1206	0:13:48	1/1/2019 	822655	892.00	116.00	33.06	45.71	87347.16	51923	0	BartonZwiebach	
1207	0:13:49	1/1/2019 	823045	722.00	24.00	18.88	45.72	87347.80	1850	0	BartonZwiebach	
1208	0:13:50	1/1/2019 	824185	64.00	5.00	5.91	45.72	87348.82	49794	0	BartonZwiebach	
1209	0:13:51	1/1/2019 	825117	807.00	65.00	24.12	45.72	87349.67	49791	0	BartonZwiebach	
1210	0:13:51	1/1/2019 	825649	56.00	4.00	5.88	45.72	87350.68	49796	0	BartonZwiebach	
1211	0:13:51	1/1/2019 	825799	118.00	5.00	7.08	45.72	87350.68	1847	0	BartonZwiebach	
1212	0:13:52	1/1/2019 	826125	223.00	5.00	9.74	45.72	87351.19	3893	0	BartonZwiebach	
1213	0:13:52	1/1/2019 	826437	216.00	5.00	9.60	45.72	87351.70	1849	0	BartonZwiebach	
1214	0:13:52	1/1/2019 	826613	334.00	6.00	11.39	45.72	87351.70	49791	0	BartonZwiebach	
1215	0:13:55	1/1/2019 	829026	97.00	5.00	6.51	45.72	87354.05	97734	0	BartonZwiebach	
1216	0:13:55	1/1/2019 	829173	533.00	7.00	12.99	45.72	87354.05	1849	0	BartonZwiebach	
1217	0:13:56	1/1/2019 	830735	61.00	4.00	5.89	45.72	87356.08	99726	0	BartonZwiebach	
1218	0:13:57	1/1/2019 	830864	132.00	5.00	7.49	45.72	87356.08	2603	0	BartonZwiebach	
1219	0:13:57	1/1/2019 	831082	178.00	5.00	8.74	45.72	87356.08	1849	0	BartonZwiebach	
1220	0:13:57	1/1/2019 	831120	65.00	5.00	5.92	45.72	87356.08	1848	0	BartonZwiebach	
1221	0:13:58	1/1/2019 	831888	97.00	5.00	6.51	45.72	87356.76	49791	0	BartonZwiebach	
1222	0:13:58	1/1/2019 	832071	131.00	5.00	7.46	45.72	87356.76	1849	0	BartonZwiebach	
1223	0:13:59	1/1/2019 	833754	626.00	11.00	14.77	45.73	87358.42	99866	0	BartonZwiebach	
1224	0:14:02	1/1/2019 	836757	66.00	6.00	5.93	45.73	87361.48	145683	0	BartonZwiebach	
1225	0:14:03	1/1/2019 	837040	283.00	6.00	10.76	45.73	87361.98	1849	0	BartonZwiebach	
1226	0:14:05	1/1/2019 	838887	277.00	5.00	10.64	45.73	87363.52	97737	0	BartonZwiebach	
1227	0:14:06	1/1/2019 	839905	774.00	41.00	21.52	45.73	87365.03	49795	0	BartonZwiebach	
1228	0:14:06	1/1/2019 	840018	133.00	5.00	7.52	45.73	87365.72	2607	0	BartonZwiebach	
1229	0:14:06	1/1/2019 	840240	980.00	358.00	67.32	45.73	87365.72	3979	0	BartonZwiebach	
1230	0:14:07	1/1/2019 	841358	797.00	50.00	22.48	45.73	87367.08	49799	0	BartonZwiebach	
1231	0:14:08	1/1/2019 	842173	54.00	5.00	5.88	45.73	87368.61	49795	0	BartonZwiebach	
1232	0:14:09	1/1/2019 	843118	728.00	26.00	19.29	45.73	87370.44	49792	0	BartonZwiebach	
1233	0:14:09	1/1/2019 	843705	267.00	5.00	10.49	45.73	87371.47	49795	0	BartonZwiebach	
1234	0:14:10	1/1/2019 	844553	978.00	361.00	67.86	45.73	87373.34	49794	0	BartonZwiebach	
1235	0:14:11	1/1/2019 	844863	182.00	5.00	8.84	45.73	87374.36	3840	0	BartonZwiebach	
1236	0:14:11	1/1/2019 	845598	350.00	5.00	11.50	45.74	87375.85	49793	0	BartonZwiebach	
1237	0:14:12	1/1/2019 	846098	138.00	5.00	7.66	45.74	87376.70	1849	0	BartonZwiebach	
1238	0:14:12	1/1/2019 	846367	71.00	5.00	5.99	45.74	87377.89	1849	0	BartonZwiebach	
1239	0:14:12	1/1/2019 	846439	108.00	5.00	6.80	45.74	87377.89	1848	0	BartonZwiebach	
1240	0:14:13	1/1/2019 	847406	185.00	5.00	8.92	45.74	87380.77	49791	0	BartonZwiebach	
1241	0:14:14	1/1/2019 	848135	70.00	5.00	5.97	45.74	87382.13	51836	0	BartonZwiebach	
1242	0:14:15	1/1/2019 	848820	158.00	5.00	8.22	45.74	87384.84	49793	0	BartonZwiebach	
1243	0:14:15	1/1/2019 	849672	225.00	5.00	9.78	45.74	87388.22	49793	0	BartonZwiebach	
1244	0:14:16	1/1/2019 	849970	759.00	35.00	20.79	45.74	87388.22	2605	0	BartonZwiebach	
1245	0:14:16	1/1/2019 	850381	68.00	4.00	5.95	45.74	87389.58	1850	0	BartonZwiebach	
1246	0:14:16	1/1/2019 	850570	182.00	5.00	8.84	45.74	87389.58	49788	0	BartonZwiebach	
1247	0:14:17	1/1/2019 	850920	94.00	4.00	6.43	45.74	87391.11	3978	0	BartonZwiebach	
1248	0:14:17	1/1/2019 	851549	57.00	4.00	5.88	45.74	87392.97	49788	0	BartonZwiebach	
1249	0:14:17	1/1/2019 	851554	428.00	6.00	12.18	45.74	87392.97	1846	0	BartonZwiebach	
1250	0:14:19	1/1/2019 	853079	545.00	8.00	13.22	45.75	87398.91	49791	0	BartonZwiebach	
1251	0:14:20	1/1/2019 	854009	115.00	5.00	7.00	45.75	87400.58	49791	0	BartonZwiebach	
1252	0:14:20	1/1/2019 	854334	915.00	94.00	28.89	45.75	87401.94	1849	0	BartonZwiebach	
1253	0:14:20	1/1/2019 	854395	91.00	5.00	6.36	45.75	87401.94	3840	0	BartonZwiebach	
1254	0:14:20	1/1/2019 	854428	187.00	0.00	8.90	45.75	87401.94	1847	0	BartonZwiebach	
1255	0:14:20	1/1/2019 	854652	616.00	10.00	14.43	45.75	87403.30	49776	0	BartonZwiebach	
1256	0:14:21	1/1/2019 	855362	184.00	4.00	8.88	45.75	87404.80	1850	0	BartonZwiebach	
1257	0:14:21	1/1/2019 	855802	122.00	5.00	7.20	45.75	87406.33	49790	0	BartonZwiebach	
1258	0:14:22	1/1/2019 	856263	77.00	4.00	6.08	45.75	87407.67	1848	0	BartonZwiebach	
1259	0:14:22	1/1/2019 	856679	197.00	5.00	9.19	45.75	87408.86	51780	0	BartonZwiebach	
1260	0:14:23	1/1/2019 	856975	962.00	185.00	43.91	45.76	87410.36	1849	0	BartonZwiebach	
1261	0:14:24	1/1/2019 	858779	972.00	271.00	52.78	45.76	87413.92	97745	0	BartonZwiebach	
1262	0:14:25	1/1/2019 	859268	84.00	5.00	6.21	45.76	87415.25	1851	0	BartonZwiebach	
1263	0:14:25	1/1/2019 	859601	920.00	139.00	37.44	45.76	87416.27	49793	0	BartonZwiebach	
1264	0:14:26	1/1/2019 	860743	516.00	7.00	12.85	45.77	87418.97	50553	0	BartonZwiebach	
1265	0:14:29	1/1/2019 	862850	910.00	120.00	33.90	45.77	87424.50	99868	0	BartonZwiebach	
1266	0:14:29	1/1/2019 	863079	194.00	5.00	9.13	45.77	87424.50	1851	0	BartonZwiebach	
1267	0:14:29	1/1/2019 	863195	390.00	8.00	12.04	45.77	87424.50	1848	0	BartonZwiebach	
1268	0:14:29	1/1/2019 	863594	843.00	74.00	25.40	45.77	87425.36	49790	0	BartonZwiebach	
1269	0:14:29	1/1/2019 	863618	128.00	5.00	7.37	45.77	87425.36	1850	0	BartonZwiebach	
1270	0:14:29	1/1/2019 	863645	146.00	5.00	7.89	45.77	87425.36	3892	0	BartonZwiebach	
1271	0:14:29	1/1/2019 	863703	197.00	5.00	9.19	45.77	87425.36	1848	0	BartonZwiebach	
1272	0:14:30	1/1/2019 	864762	617.00	10.00	14.44	45.78	87427.69	49790	0	BartonZwiebach	
1273	0:14:32	1/1/2019 	866403	66.00	5.00	5.93	45.78	87431.39	49794	0	BartonZwiebach	
1274	0:14:33	1/1/2019 	866893	546.00	7.00	13.10	45.79	87432.57	49792	0	BartonZwiebach	
1275	0:14:33	1/1/2019 	867686	159.00	5.00	8.25	45.79	87433.42	49793	0	BartonZwiebach	
1276	0:14:34	1/1/2019 	868278	173.00	5.00	8.62	45.79	87435.09	3838	0	BartonZwiebach	
1277	0:14:35	1/1/2019 	869023	378.00	8.00	11.93	45.79	87436.41	49791	0	BartonZwiebach	
1278	0:14:37	1/1/2019 	871498	615.00	10.00	14.41	45.80	87441.28	97737	0	BartonZwiebach	
1279	0:14:37	1/1/2019 	871563	167.00	4.00	8.45	45.80	87441.28	50549	0	BartonZwiebach	
1280	0:14:40	1/1/2019 	874373	588.00	9.00	13.87	45.81	87446.95	97730	0	BartonZwiebach	
1281	0:14:42	1/1/2019 	875835	136.00	5.00	7.60	45.82	87449.45	97738	0	BartonZwiebach	
1282	0:14:42	1/1/2019 	876724	976.00	300.00	57.06	45.82	87451.14	51921	0	BartonZwiebach	
1283	0:14:43	1/1/2019 	877414	535.00	12.00	13.55	45.82	87452.12	1853	0	BartonZwiebach	
1284	0:14:43	1/1/2019 	877657	65.00	5.00	5.92	45.82	87452.64	49796	0	BartonZwiebach	
1285	0:14:44	1/1/2019 	878367	55.00	5.00	5.88	45.82	87453.45	1849	0	BartonZwiebach	
1286	0:14:46	1/1/2019 	880216	565.00	8.00	13.44	45.83	87456.47	97734	0	BartonZwiebach	
1287	0:14:47	1/1/2019 	881023	80.00	4.00	6.13	45.83	87457.82	50548	0	BartonZwiebach	
1288	0:14:47	1/1/2019 	881071	980.00	398.00	74.03	45.83	87457.82	3979	0	BartonZwiebach	
1289	0:14:50	1/1/2019 	883982	164.00	5.00	8.38	45.84	87462.30	145706	0	BartonZwiebach	
1290	0:14:50	1/1/2019 	884096	269.00	5.00	10.52	45.84	87462.30	1850	0	BartonZwiebach	
1291	0:14:50	1/1/2019 	884422	181.00	5.00	8.82	45.85	87463.31	1848	0	BartonZwiebach	
1292	0:14:51	1/1/2019 	884960	150.00	5.00	8.00	45.85	87463.82	49790	0	BartonZwiebach	
1293	0:14:51	1/1/2019 	885322	203.00	5.00	9.33	45.85	87464.64	1850	0	BartonZwiebach	
1294	0:14:51	1/1/2019 	885473	965.00	195.00	44.94	45.85	87464.64	3838	0	BartonZwiebach	
1295	0:14:51	1/1/2019 	885657	81.00	4.00	6.15	45.85	87464.64	49798	0	BartonZwiebach	
1296	0:14:53	1/1/2019 	887457	568.00	8.00	13.47	45.85	87467.52	49790	0	BartonZwiebach	
1297	0:14:54	1/1/2019 	887933	959.00	182.00	43.58	45.85	87468.19	49792	0	BartonZwiebach	
1298	0:14:55	1/1/2019 	889451	169.00	5.00	8.51	45.86	87470.33	49799	0	BartonZwiebach	
1299	0:14:57	1/1/2019 	891549	265.00	5.00	10.46	45.86	87473.18	145681	0	BartonZwiebach	
1300	0:14:57	1/1/2019 	891674	932.00	156.00	40.21	45.87	87474.02	4765	0	BartonZwiebach	
1301	0:15:00	1/1/2019 	894031	281.00	6.00	10.73	45.87	87477.55	97748	0	BartonZwiebach	
1302	0:15:00	1/1/2019 	894253	61.00	4.00	5.89	45.87	87477.55	1849	0	BartonZwiebach	
1303	0:15:01	1/1/2019 	894960	824.00	59.00	23.47	45.87	87477.89	49789	0	BartonZwiebach	
1304	0:15:01	1/1/2019 	895196	117.00	5.00	7.05	45.87	87478.88	1853	0	BartonZwiebach	
1305	0:15:01	1/1/2019 	895390	64.00	5.00	5.91	45.87	87478.88	1855	0	BartonZwiebach	
1306	0:15:01	1/1/2019 	895590	252.00	5.00	10.26	45.87	87479.22	51784	0	BartonZwiebach	
1307	0:15:02	1/1/2019 	895856	821.00	58.00	23.36	45.87	87479.22	1849	0	BartonZwiebach	
1308	0:15:03	1/1/2019 	896879	600.00	9.00	14.02	45.88	87480.89	49795	0	BartonZwiebach	
1309	0:15:03	1/1/2019 	897633	259.00	5.00	10.37	45.88	87482.41	49795	0	BartonZwiebach	
1310	0:15:03	1/1/2019 	897694	926.00	144.00	38.30	45.88	87482.41	1849	0	BartonZwiebach	
1311	0:15:05	1/1/2019 	899031	847.00	84.00	26.94	45.88	87484.44	51786	0	BartonZwiebach	
1312	0:15:05	1/1/2019 	899038	620.00	11.00	14.69	45.88	87484.44	1852	0	BartonZwiebach	
1313	0:15:05	1/1/2019 	899287	130.00	5.00	7.43	45.88	87484.44	1849	0	BartonZwiebach	
1314	0:15:05	1/1/2019 	899686	205.00	5.00	9.37	45.88	87485.25	49791	0	BartonZwiebach	
1315	0:15:06	1/1/2019 	900104	195.00	5.00	9.15	45.88	87485.94	2604	0	BartonZwiebach	
1316	0:15:07	1/1/2019 	901776	972.00	319.00	60.28	45.89	87488.30	97735	0	BartonZwiebach	
1317	0:15:07	1/1/2019 	901926	685.00	18.00	17.22	45.89	87488.98	3981	0	BartonZwiebach	
1318	0:15:08	1/1/2019 	902950	256.00	5.00	10.32	45.89	87490.13	49793	0	BartonZwiebach	
1319	0:15:09	1/1/2019 	903490	660.00	13.00	15.70	45.89	87490.64	1849	0	BartonZwiebach	
1320	0:15:10	1/1/2019 	904445	64.00	4.00	5.91	45.89	87491.80	49794	0	BartonZwiebach	
1321	0:15:11	1/1/2019 	905892	78.00	5.00	6.09	45.90	87493.47	97733	0	BartonZwiebach	
1322	0:15:11	1/1/2019 	906030	148.00	5.00	7.94	45.90	87493.47	1849	0	BartonZwiebach	
1323	0:15:12	1/1/2019 	907026	612.00	16.00	15.37	45.90	87494.65	51782	0	BartonZwiebach	
1324	0:15:14	1/1/2019 	908910	94.00	5.00	6.44	45.90	87496.98	97735	0	BartonZwiebach	
1325	0:15:15	1/1/2019 	909143	232.00	5.00	9.91	45.90	87497.50	1849	0	BartonZwiebach	
1326	0:15:15	1/1/2019 	909236	143.00	5.00	7.80	45.90	87497.50	1849	0	BartonZwiebach	
1327	0:15:15	1/1/2019 	909398	965.00	182.00	43.58	45.90	87497.50	1849	0	BartonZwiebach	
1328	0:15:16	1/1/2019 	910455	137.00	5.00	7.63	45.91	87498.85	49798	0	BartonZwiebach	
1329	0:15:16	1/1/2019 	910937	60.00	5.00	5.89	45.91	87499.02	52875	0	BartonZwiebach	
1330	0:15:17	1/1/2019 	911856	930.00	118.00	33.54	45.91	87500.03	49791	0	BartonZwiebach	
1331	0:15:17	1/1/2019 	911975	324.00	6.00	11.28	45.91	87500.03	1851	0	BartonZwiebach	
1332	0:15:18	1/1/2019 	912140	784.00	43.00	21.76	45.91	87500.38	1851	0	BartonZwiebach	
1333	0:15:18	1/1/2019 	912776	272.00	5.00	10.57	45.91	87500.72	49799	0	BartonZwiebach	
1334	0:15:18	1/1/2019 	912980	150.00	5.00	8.00	45.91	87500.72	1849	0	BartonZwiebach	
1335	0:15:20	1/1/2019 	914112	180.00	4.00	8.78	45.91	87502.86	51780	0	BartonZwiebach	
1336	0:15:20	1/1/2019 	914256	141.00	5.00	7.75	45.91	87502.86	1847	0	BartonZwiebach	
1337	0:15:21	1/1/2019 	915491	968.00	216.00	46.92	45.91	87504.72	49791	0	BartonZwiebach	
1338	0:15:21	1/1/2019 	915496	680.00	17.00	16.92	45.91	87504.72	1851	0	BartonZwiebach	
1339	0:15:21	1/1/2019 	915833	87.00	4.00	6.27	45.91	87504.72	49792	0	BartonZwiebach	
1340	0:15:21	1/1/2019 	915973	232.00	5.00	9.91	45.91	87505.23	1846	0	BartonZwiebach	
1341	0:15:21	1/1/2019 	916055	121.00	4.00	7.17	45.91	87505.23	3838	0	BartonZwiebach	
1342	0:15:22	1/1/2019 	916152	270.00	5.00	10.54	45.91	87505.23	1848	0	BartonZwiebach	
1343	0:15:23	1/1/2019 	917488	118.00	5.00	7.08	45.92	87506.89	49794	0	BartonZwiebach	
1344	0:15:23	1/1/2019 	917980	73.00	4.00	6.01	45.92	87507.41	49791	0	BartonZwiebach	
1345	0:15:24	1/1/2019 	918877	911.00	134.00	36.53	45.92	87508.59	49789	0	BartonZwiebach	
1346	0:15:28	1/1/2019 	922198	83.00	5.00	6.19	45.92	87511.47	145690	0	BartonZwiebach	
1347	0:15:28	1/1/2019 	922444	88.00	5.00	6.30	45.92	87512.28	4943	0	BartonZwiebach	
1348	0:15:28	1/1/2019 	922609	96.00	5.00	6.48	45.92	87512.28	49792	0	BartonZwiebach	
1349	0:15:29	1/1/2019 	924099	971.00	293.00	55.95	45.93	87513.95	49792	0	BartonZwiebach	
1350	0:15:30	1/1/2019 	924663	239.00	5.00	10.03	45.93	87514.47	49800	0	BartonZwiebach	
1351	0:15:32	1/1/2019 	926672	104.00	5.00	6.69	45.93	87516.81	97740	0	BartonZwiebach	
1352	0:15:33	1/1/2019 	927407	171.00	4.00	8.56	45.93	87517.48	3839	0	BartonZwiebach	
1353	0:15:34	1/1/2019 	928128	613.00	11.00	14.58	45.93	87518.50	49792	0	BartonZwiebach	
1354	0:15:35	1/1/2019 	929209	538.00	7.00	13.03	45.93	87519.36	49795	0	BartonZwiebach	
1355	0:15:35	1/1/2019 	929487	173.00	5.00	8.62	45.93	87519.36	1850	0	BartonZwiebach	
1356	0:15:35	1/1/2019 	930027	58.00	5.00	5.88	45.93	87519.69	49792	0	BartonZwiebach	
1357	0:15:36	1/1/2019 	930593	139.00	5.00	7.69	45.93	87520.88	50748	0	BartonZwiebach	
1358	0:15:37	1/1/2019 	932024	102.00	5.00	6.64	45.94	87522.38	51929	0	BartonZwiebach	
1359	0:15:38	1/1/2019 	932986	933.00	159.00	40.65	45.94	87523.39	49798	0	BartonZwiebach	
1360	0:15:39	1/1/2019 	933499	59.00	4.00	5.88	45.94	87523.91	1851	0	BartonZwiebach	
1361	0:15:39	1/1/2019 	933860	173.00	0.00	8.57	45.94	87523.91	49839	0	BartonZwiebach	
1362	0:15:40	1/1/2019 	934108	112.00	4.00	6.91	45.94	87524.24	1835	0	BartonZwiebach	
1363	0:15:40	1/1/2019 	934741	122.00	5.00	7.20	45.94	87525.08	49790	0	BartonZwiebach	
1364	0:15:41	1/1/2019 	936096	91.00	4.00	6.36	45.94	87526.61	51782	0	BartonZwiebach	
1365	0:15:42	1/1/2019 	936392	275.00	5.00	10.61	45.94	87527.45	1848	0	BartonZwiebach	
1366	0:15:42	1/1/2019 	936658	159.00	5.00	8.25	45.94	87527.45	49795	0	BartonZwiebach	
1367	0:15:43	1/1/2019 	937480	190.00	5.00	9.03	45.94	87528.65	1849	0	BartonZwiebach	
1368	0:15:45	1/1/2019 	939344	204.00	5.00	9.35	45.94	87530.99	97734	0	BartonZwiebach	
1369	0:15:46	1/1/2019 	940718	58.00	5.00	5.88	45.94	87532.02	97736	0	BartonZwiebach	
1370	0:15:46	1/1/2019 	940896	241.00	5.00	10.07	45.94	87532.53	4932	0	BartonZwiebach	
1371	0:15:47	1/1/2019 	941149	63.00	5.00	5.90	45.94	87532.53	1848	0	BartonZwiebach	
1372	0:15:47	1/1/2019 	941205	350.00	7.00	11.61	45.94	87532.53	1850	0	BartonZwiebach	
1373	0:15:47	1/1/2019 	941921	98.00	4.00	6.53	45.95	87533.51	49793	0	BartonZwiebach	
1374	0:15:48	1/1/2019 	942417	197.00	0.00	9.12	45.95	87533.85	1846	0	BartonZwiebach	
1375	0:15:48	1/1/2019 	942428	836.00	67.00	24.44	45.95	87533.85	1837	0	BartonZwiebach	
1376	0:15:49	1/1/2019 	943346	237.00	5.00	10.00	45.95	87534.53	51785	0	BartonZwiebach	
1377	0:15:49	1/1/2019 	943613	277.00	5.00	10.64	45.95	87534.53	49791	0	BartonZwiebach	
1378	0:15:50	1/1/2019 	944189	91.00	5.00	6.36	45.95	87535.72	1849	0	BartonZwiebach	
1379	0:15:50	1/1/2019 	944553	88.00	4.00	6.29	45.95	87535.72	49791	0	BartonZwiebach	
1380	0:15:50	1/1/2019 	944730	87.00	5.00	6.27	45.95	87536.05	1847	0	BartonZwiebach	
1381	0:15:51	1/1/2019 	945952	830.00	69.00	24.68	45.95	87536.91	49791	0	BartonZwiebach	
1382	0:15:52	1/1/2019 	946805	203.00	5.00	9.33	45.95	87538.06	51787	0	BartonZwiebach	
1383	0:15:54	1/1/2019 	948384	69.00	4.00	5.96	45.95	87539.08	49791	0	BartonZwiebach	
1384	0:15:55	1/1/2019 	949341	216.00	5.00	9.60	45.95	87539.77	49790	0	BartonZwiebach	
1385	0:15:56	1/1/2019 	950909	65.00	5.00	5.92	45.95	87540.95	97736	0	BartonZwiebach	
1386	0:15:57	1/1/2019 	951426	983.00	661.00	118.77	45.95	87541.47	2803	0	BartonZwiebach	
1387	0:15:58	1/1/2019 	952206	114.00	5.00	6.97	45.95	87542.64	49808	0	BartonZwiebach	
1388	0:15:58	1/1/2019 	952786	528.00	7.00	12.94	45.95	87543.33	51923	0	BartonZwiebach	
1389	0:15:58	1/1/2019 	952887	621.00	11.00	14.70	45.95	87543.33	1850	0	BartonZwiebach	
1390	0:15:58	1/1/2019 	952984	292.00	6.00	10.88	45.95	87543.84	1849	0	BartonZwiebach	
1391	0:15:59	1/1/2019 	953684	293.00	5.00	10.86	45.95	87544.18	49792	0	BartonZwiebach	
1392	0:15:59	1/1/2019 	954067	389.00	6.00	11.90	45.95	87544.34	1851	0	BartonZwiebach	
1393	0:16:00	1/1/2019 	954170	966.00	204.00	45.81	45.95	87544.34	1849	0	BartonZwiebach	
1394	0:16:00	1/1/2019 	954740	85.00	5.00	6.23	45.95	87544.86	51789	0	BartonZwiebach	
1395	0:16:00	1/1/2019 	954752	90.00	4.00	6.34	45.95	87544.86	1849	0	BartonZwiebach	
1396	0:16:02	1/1/2019 	956826	440.00	7.00	12.34	45.96	87546.36	97732	0	BartonZwiebach	
1397	0:16:02	1/1/2019 	956983	73.00	4.00	6.01	45.96	87546.70	1850	0	BartonZwiebach	
1398	0:16:03	1/1/2019 	957335	75.00	4.00	6.04	45.96	87547.03	1846	0	BartonZwiebach	
1399	0:16:03	1/1/2019 	957803	178.00	5.00	8.74	45.96	87547.20	49791	0	BartonZwiebach	
1400	0:16:03	1/1/2019 	957925	126.00	4.00	7.31	45.96	87547.20	3839	0	BartonZwiebach	
1401	0:16:06	1/1/2019 	960895	982.00	466.00	82.81	45.96	87549.91	145678	0	BartonZwiebach	
1402	0:16:07	1/1/2019 	961877	82.00	4.00	6.17	45.96	87550.77	50754	0	BartonZwiebach	
1403	0:16:10	1/1/2019 	964717	947.00	140.00	37.63	45.96	87553.11	145674	0	BartonZwiebach	
1404	0:16:13	1/1/2019 	967374	238.00	5.00	10.02	45.96	87554.98	97746	0	BartonZwiebach	
1405	0:16:13	1/1/2019 	967485	114.00	5.00	6.97	45.96	87554.98	3980	0	BartonZwiebach	
1406	0:16:14	1/1/2019 	968820	799.00	47.00	22.20	45.96	87556.52	97733	0	BartonZwiebach	
1407	0:16:14	1/1/2019 	968912	158.00	5.00	8.22	45.96	87556.52	1851	0	BartonZwiebach	
1408	0:16:15	1/1/2019 	969900	773.00	39.00	21.30	45.96	87557.37	49793	0	BartonZwiebach	
1409	0:16:15	1/1/2019 	969982	94.00	5.00	6.44	45.96	87557.88	2805	0	BartonZwiebach	
1410	0:16:16	1/1/2019 	970427	213.00	5.00	9.54	45.96	87557.88	1856	0	BartonZwiebach	
1411	0:16:17	1/1/2019 	971159	150.00	5.00	8.00	45.96	87558.73	51925	0	BartonZwiebach	
1412	0:16:17	1/1/2019 	972059	183.00	5.00	8.87	45.96	87559.41	49789	0	BartonZwiebach	
1413	0:16:18	1/1/2019 	972384	92.00	5.00	6.39	45.96	87559.41	1848	0	BartonZwiebach	
1414	0:16:18	1/1/2019 	972485	96.00	5.00	6.48	45.96	87559.92	1849	0	BartonZwiebach	
1415	0:16:18	1/1/2019 	973099	972.00	188.00	44.23	45.96	87560.73	49790	0	BartonZwiebach	
1416	0:16:19	1/1/2019 	973845	219.00	5.00	9.66	45.96	87561.08	49796	0	BartonZwiebach	
1417	0:16:20	1/1/2019 	974366	182.00	5.00	8.84	45.96	87561.76	3840	0	BartonZwiebach	
1418	0:16:21	1/1/2019 	975125	249.00	5.00	10.21	45.96	87562.27	49791	0	BartonZwiebach	
1419	0:16:21	1/1/2019 	975418	592.00	9.00	13.92	45.96	87562.61	1850	0	BartonZwiebach	
1420	0:16:21	1/1/2019 	975639	861.00	86.00	27.32	45.96	87562.61	49791	0	BartonZwiebach	
1421	0:16:21	1/1/2019 	975695	977.00	327.00	61.71	45.96	87562.61	1850	0	BartonZwiebach	
1422	0:16:21	1/1/2019 	976057	74.00	4.00	6.03	45.96	87563.12	1849	0	BartonZwiebach	
1423	0:16:23	1/1/2019 	977264	71.00	5.00	5.99	45.96	87563.80	51778	0	BartonZwiebach	
1424	0:16:23	1/1/2019 	977620	110.00	5.00	6.86	45.96	87564.30	49791	0	BartonZwiebach	
1425	0:16:24	1/1/2019 	978148	70.00	4.00	5.97	45.96	87564.65	1849	0	BartonZwiebach	
1426	0:16:24	1/1/2019 	979038	852.00	64.00	24.10	45.96	87565.67	49790	0	BartonZwiebach	
1427	0:16:25	1/1/2019 	979115	382.00	9.00	12.03	45.96	87565.67	1848	0	BartonZwiebach	
1428	0:16:25	1/1/2019 	979397	125.00	5.00	7.28	45.96	87566.01	1849	0	BartonZwiebach	
1429	0:16:26	1/1/2019 	980356	136.00	5.00	7.60	45.96	87567.03	51781	0	BartonZwiebach	
1430	0:16:26	1/1/2019 	980457	268.00	5.00	10.51	45.96	87567.03	2803	0	BartonZwiebach	
1431	0:16:28	1/1/2019 	982299	103.00	5.00	6.67	45.97	87569.23	97736	0	BartonZwiebach	
1432	0:16:30	1/1/2019 	984396	60.00	5.00	5.89	45.97	87570.77	97734	0	BartonZwiebach	
1433	0:16:32	1/1/2019 	986350	274.00	6.00	10.63	45.97	87572.12	97737	0	BartonZwiebach	
1434	0:16:32	1/1/2019 	987082	206.00	5.00	9.39	45.97	87572.80	49797	0	BartonZwiebach	
1435	0:16:33	1/1/2019 	987282	893.00	110.00	31.90	45.97	87572.80	3979	0	BartonZwiebach	
1436	0:16:33	1/1/2019 	987585	233.00	5.00	9.93	45.97	87573.14	49797	0	BartonZwiebach	
1437	0:16:33	1/1/2019 	987689	331.00	7.00	11.40	45.97	87573.14	1848	0	BartonZwiebach	
1438	0:16:33	1/1/2019 	987870	136.00	5.00	7.60	45.97	87573.14	1849	0	BartonZwiebach	
1439	0:16:34	1/1/2019 	988298	931.00	156.00	40.21	45.97	87573.66	1849	0	BartonZwiebach	
1440	0:16:34	1/1/2019 	988972	58.00	5.00	5.88	45.97	87573.99	49800	0	BartonZwiebach	
1441	0:16:35	1/1/2019 	989746	271.00	5.00	10.55	45.97	87574.84	51783	0	BartonZwiebach	
1442	0:16:36	1/1/2019 	990439	240.00	5.00	10.05	45.97	87575.86	2802	0	BartonZwiebach	
1443	0:16:36	1/1/2019 	990733	594.00	9.00	13.95	45.97	87575.86	49794	0	BartonZwiebach	
1444	0:16:36	1/1/2019 	991030	131.00	5.00	7.46	45.97	87576.38	1852	0	BartonZwiebach	
1445	0:16:37	1/1/2019 	991162	189.00	5.00	9.01	45.97	87576.38	1855	0	BartonZwiebach	
1446	0:16:37	1/1/2019 	991242	74.00	5.00	6.03	45.97	87576.38	1857	0	BartonZwiebach	
1447	0:16:37	1/1/2019 	991393	125.00	5.00	7.28	45.97	87576.38	3985	0	BartonZwiebach	
1448	0:16:37	1/1/2019 	992028	82.00	5.00	6.17	45.97	87577.40	49794	0	BartonZwiebach	
1449	0:16:39	1/1/2019 	993581	760.00	37.00	21.02	45.97	87578.92	97735	0	BartonZwiebach	
1450	0:16:39	1/1/2019 	994037	119.00	4.00	7.11	45.97	87579.44	1850	0	BartonZwiebach	
1451	0:16:40	1/1/2019 	994328	904.00	122.00	34.27	45.97	87579.44	1847	0	BartonZwiebach	
1452	0:16:42	1/1/2019 	996128	62.00	5.00	5.90	45.97	87581.98	97744	0	BartonZwiebach	
1453	0:16:43	1/1/2019 	997289	836.00	69.00	24.70	45.97	87583.85	51783	0	BartonZwiebach	
1454	0:16:43	1/1/2019 	997334	591.00	10.00	14.08	45.97	87583.85	1850	0	BartonZwiebach	
1455	0:16:43	1/1/2019 	997973	150.00	4.00	7.99	45.97	87584.70	49794	0	BartonZwiebach	
1456	0:16:43	1/1/2019 	998067	661.00	15.00	16.19	45.97	87584.70	1848	0	BartonZwiebach	
1457	0:16:45	1/1/2019 	999356	131.00	8.00	7.47	45.97	87587.08	49793	0	BartonZwiebach	
1458	0:16:46	1/1/2019 	1000705	966.00	263.00	51.76	45.97	87589.30	99724	0	BartonZwiebach	
1459	0:16:47	1/1/2019 	1002048	339.00	5.00	11.39	45.97	87591.30	50755	0	BartonZwiebach	
1460	0:16:48	1/1/2019 	1002292	150.00	5.00	8.00	45.97	87591.98	1850	0	BartonZwiebach	
1461	0:16:48	1/1/2019 	1002854	142.00	5.00	7.77	45.97	87592.83	49793	0	BartonZwiebach	
1462	0:16:48	1/1/2019 	1003006	116.00	5.00	7.03	45.97	87592.83	1849	0	BartonZwiebach	
1463	0:16:49	1/1/2019 	1003631	125.00	7.00	7.29	45.97	87594.88	49794	0	BartonZwiebach	
1464	0:16:49	1/1/2019 	1003870	98.00	4.00	6.53	45.97	87594.88	3987	0	BartonZwiebach	
1465	0:16:50	1/1/2019 	1004788	96.00	5.00	6.48	45.97	87596.91	49794	0	BartonZwiebach	
1466	0:16:52	1/1/2019 	1006351	107.00	4.00	6.77	45.98	87599.96	49794	0	BartonZwiebach	
1467	0:16:52	1/1/2019 	1006963	98.00	5.00	6.54	45.98	87600.81	49791	0	BartonZwiebach	
1468	0:16:53	1/1/2019 	1008052	951.00	170.00	42.14	45.98	87603.53	49790	0	BartonZwiebach	
1469	0:16:53	1/1/2019 	1008080	224.00	5.00	9.76	45.98	87603.53	1851	0	BartonZwiebach	
1470	0:16:54	1/1/2019 	1008200	155.00	5.00	8.14	45.98	87603.53	3838	0	BartonZwiebach	
1471	0:16:54	1/1/2019 	1008804	82.00	5.00	6.17	45.98	87604.52	49793	0	BartonZwiebach	
1472	0:16:55	1/1/2019 	1009979	965.00	189.00	44.33	45.98	87607.55	49791	0	BartonZwiebach	
1473	0:16:56	1/1/2019 	1010936	188.00	4.00	8.98	45.98	87609.25	50752	0	BartonZwiebach	
1474	0:16:56	1/1/2019 	1010975	982.00	362.00	68.04	45.98	87609.25	1848	0	BartonZwiebach	
1475	0:16:57	1/1/2019 	1011129	246.00	5.00	10.16	45.98	87609.25	1851	0	BartonZwiebach	
1476	0:16:57	1/1/2019 	1011361	897.00	111.00	32.11	45.98	87609.25	3980	0	BartonZwiebach	
1477	0:16:57	1/1/2019 	1011493	90.00	4.00	6.34	45.98	87610.27	1849	0	BartonZwiebach	
1478	0:16:58	1/1/2019 	1012762	225.00	5.00	9.78	45.98	87612.45	97728	0	BartonZwiebach	
1479	0:17:00	1/1/2019 	1014561	109.00	4.00	6.83	45.99	87616.02	97735	0	BartonZwiebach	
1480	0:17:00	1/1/2019 	1014725	65.00	5.00	5.92	45.99	87616.02	1848	0	BartonZwiebach	
1481	0:17:01	1/1/2019 	1016056	305.00	6.00	11.05	45.99	87618.86	49793	0	BartonZwiebach	
1482	0:17:02	1/1/2019 	1016330	756.00	33.00	20.52	45.99	87619.54	3840	0	BartonZwiebach	
1483	0:17:02	1/1/2019 	1016700	75.00	5.00	6.04	45.99	87619.54	49796	0	BartonZwiebach	
1484	0:17:02	1/1/2019 	1016973	105.00	5.00	6.72	45.99	87620.22	1849	0	BartonZwiebach	
1485	0:17:03	1/1/2019 	1017821	177.00	5.00	8.72	45.99	87621.91	49791	0	BartonZwiebach	
1486	0:17:04	1/1/2019 	1018125	63.00	4.00	5.90	45.99	87621.91	1849	0	BartonZwiebach	
1487	0:17:04	1/1/2019 	1018170	222.00	5.00	9.72	45.99	87621.91	3838	0	BartonZwiebach	
1488	0:17:05	1/1/2019 	1019816	352.00	7.00	11.63	46.00	87625.27	97735	0	BartonZwiebach	
1489	0:17:06	1/1/2019 	1020132	969.00	224.00	47.65	46.00	87625.27	2804	0	BartonZwiebach	
1490	0:17:06	1/1/2019 	1020460	165.00	5.00	8.41	46.00	87625.78	1851	0	BartonZwiebach	
1491	0:17:06	1/1/2019 	1020781	106.00	5.00	6.75	46.00	87626.60	49791	0	BartonZwiebach	
1492	0:17:11	1/1/2019 	1025307	282.00	6.00	10.74	46.01	87631.80	193615	0	BartonZwiebach	
1493	0:17:11	1/1/2019 	1025569	67.00	5.00	5.94	46.01	87632.30	51924	0	BartonZwiebach	
1494	0:17:11	1/1/2019 	1025596	72.00	4.00	6.00	46.01	87632.30	1849	0	BartonZwiebach	
1495	0:17:12	1/1/2019 	1026107	156.00	5.00	8.17	46.01	87632.64	1847	0	BartonZwiebach	
1496	0:17:12	1/1/2019 	1026660	59.00	5.00	5.88	46.01	87633.66	49793	0	BartonZwiebach	
1497	0:17:12	1/1/2019 	1026816	105.00	4.00	6.72	46.01	87633.66	1848	0	BartonZwiebach	
1498	0:17:12	1/1/2019 	1026926	57.00	5.00	5.88	46.01	87633.66	1847	0	BartonZwiebach	
1499	0:17:13	1/1/2019 	1027768	903.00	116.00	33.10	46.01	87634.67	51781	0	BartonZwiebach	
1500	0:17:13	1/1/2019 	1028030	120.00	5.00	7.14	46.01	87635.48	1851	0	BartonZwiebach	
1501	0:17:14	1/1/2019 	1028551	226.00	5.00	9.80	46.01	87635.83	49792	0	BartonZwiebach	
1502	0:17:14	1/1/2019 	1028826	67.00	4.00	5.94	46.01	87635.83	1849	0	BartonZwiebach	
1503	0:17:14	1/1/2019 	1028954	105.00	5.00	6.72	46.01	87636.52	1846	0	BartonZwiebach	
1504	0:17:14	1/1/2019 	1028976	124.00	5.00	7.26	46.01	87636.52	1848	0	BartonZwiebach	
1505	0:17:14	1/1/2019 	1029063	484.00	6.00	12.52	46.01	87636.52	3893	0	BartonZwiebach	
1506	0:17:14	1/1/2019 	1029080	141.00	5.00	7.75	46.01	87636.52	1848	0	BartonZwiebach	
1507	0:17:15	1/1/2019 	1029185	945.00	161.00	40.94	46.01	87636.52	1849	0	BartonZwiebach	
1508	0:17:15	1/1/2019 	1029639	80.00	5.00	6.13	46.02	87637.16	49799	0	BartonZwiebach	
1509	0:17:15	1/1/2019 	1029840	130.00	5.00	7.43	46.02	87637.16	2801	0	BartonZwiebach	
1510	0:17:17	1/1/2019 	1031369	615.00	11.00	14.61	46.02	87639.70	49792	0	BartonZwiebach	
1511	0:17:18	1/1/2019 	1032115	73.00	4.00	6.01	46.02	87640.55	51869	0	BartonZwiebach	
1512	0:17:18	1/1/2019 	1032184	106.00	5.00	6.75	46.02	87640.55	1847	0	BartonZwiebach	
1513	0:17:18	1/1/2019 	1032619	401.00	6.00	11.99	46.02	87640.88	49790	0	BartonZwiebach	
1514	0:17:18	1/1/2019 	1032990	382.00	6.00	11.84	46.02	87641.70	1850	0	BartonZwiebach	
1515	0:17:19	1/1/2019 	1033463	982.00	504.00	87.36	46.02	87642.04	1848	0	BartonZwiebach	
1516	0:17:19	1/1/2019 	1033716	141.00	5.00	7.75	46.02	87642.04	49804	0	BartonZwiebach	
1517	0:17:21	1/1/2019 	1035436	277.00	5.00	10.64	46.03	87644.06	54242	0	BartonZwiebach	
1518	0:17:22	1/1/2019 	1036997	97.00	5.00	6.51	46.03	87645.39	97736	0	BartonZwiebach	
1519	0:17:25	1/1/2019 	1039240	195.00	5.00	9.15	46.03	87647.57	97731	0	BartonZwiebach	
1520	0:17:25	1/1/2019 	1039435	990.00	766.00	136.24	46.03	87647.57	1851	0	BartonZwiebach	
1521	0:17:26	1/1/2019 	1040362	110.00	4.00	6.85	46.04	87648.56	49812	0	BartonZwiebach	
1522	0:17:26	1/1/2019 	1040646	91.00	5.00	6.36	46.04	87649.06	52740	0	BartonZwiebach	
1523	0:17:26	1/1/2019 	1041017	69.00	5.00	5.96	46.04	87649.06	1848	0	BartonZwiebach	
1524	0:17:29	1/1/2019 	1043170	70.00	4.00	5.97	46.04	87651.44	97734	0	BartonZwiebach	
1525	0:17:29	1/1/2019 	1043771	576.00	9.00	13.72	46.04	87652.28	49791	0	BartonZwiebach	
1526	0:17:29	1/1/2019 	1044048	203.00	5.00	9.33	46.04	87652.80	1849	0	BartonZwiebach	
1527	0:17:31	1/1/2019 	1045241	971.00	216.00	46.92	46.04	87653.64	49793	0	BartonZwiebach	
1528	0:17:32	1/1/2019 	1046907	90.00	4.00	6.34	46.04	87655.31	99736	0	BartonZwiebach	
1529	0:17:33	1/1/2019 	1047395	76.00	5.00	6.06	46.04	87655.83	1848	0	BartonZwiebach	
1530	0:17:33	1/1/2019 	1047726	108.00	5.00	6.80	46.05	87656.66	49792	0	BartonZwiebach	
1531	0:17:34	1/1/2019 	1048367	309.00	6.00	11.10	46.05	87657.01	1849	0	BartonZwiebach	
1532	0:17:34	1/1/2019 	1048559	143.00	5.00	7.80	46.05	87657.69	49793	0	BartonZwiebach	
1533	0:17:34	1/1/2019 	1048653	313.00	5.00	11.11	46.05	87657.69	1849	0	BartonZwiebach	
1534	0:17:34	1/1/2019 	1048676	78.00	5.00	6.09	46.05	87657.69	3839	0	BartonZwiebach	
1535	0:17:35	1/1/2019 	1049340	112.00	4.00	6.91	46.05	87658.33	1848	0	BartonZwiebach	
1536	0:17:35	1/1/2019 	1049384	445.00	6.00	12.28	46.05	87658.84	1848	0	BartonZwiebach	
1537	0:17:37	1/1/2019 	1051942	90.00	4.00	6.34	46.05	87661.53	145682	0	BartonZwiebach	
1538	0:17:37	1/1/2019 	1051958	61.00	5.00	5.89	46.05	87661.53	2604	0	BartonZwiebach	
1539	0:17:38	1/1/2019 	1052397	56.00	4.00	5.88	46.05	87662.38	1851	0	BartonZwiebach	
1540	0:17:38	1/1/2019 	1052470	895.00	102.00	30.36	46.05	87662.38	3986	0	BartonZwiebach	
1541	0:17:38	1/1/2019 	1052962	171.00	5.00	8.57	46.05	87662.89	49801	0	BartonZwiebach	
1542	0:17:40	1/1/2019 	1054275	920.00	140.00	37.61	46.06	87664.23	49791	0	BartonZwiebach	
1543	0:17:41	1/1/2019 	1055464	337.00	5.00	11.37	46.06	87665.09	49798	0	BartonZwiebach	
1544	0:17:42	1/1/2019 	1056431	148.00	5.00	7.94	46.06	87666.25	49794	0	BartonZwiebach	
1545	0:17:42	1/1/2019 	1056823	78.00	5.00	6.09	46.06	87666.59	49792	0	BartonZwiebach	
1546	0:17:43	1/1/2019 	1057980	210.00	5.00	9.48	46.06	87667.44	51781	0	BartonZwiebach	
1547	0:17:44	1/1/2019 	1058171	453.00	6.00	12.33	46.06	87668.28	1851	0	BartonZwiebach	
1548	0:17:44	1/1/2019 	1058317	122.00	5.00	7.20	46.06	87668.28	1849	0	BartonZwiebach	
1549	0:17:44	1/1/2019 	1058391	194.00	5.00	9.13	46.06	87668.28	1848	0	BartonZwiebach	
1550	0:17:45	1/1/2019 	1059830	69.00	4.00	5.96	46.06	87669.47	97734	0	BartonZwiebach	
1551	0:17:46	1/1/2019 	1060708	54.00	5.00	5.88	46.06	87670.32	50546	0	BartonZwiebach	
1552	0:17:48	1/1/2019 	1062609	864.00	84.00	27.00	46.06	87672.33	99920	0	BartonZwiebach	
1553	0:17:49	1/1/2019 	1063691	96.00	4.00	6.48	46.07	87673.34	49795	0	BartonZwiebach	
1554	0:17:49	1/1/2019 	1063728	101.00	5.00	6.61	46.07	87673.34	1847	0	BartonZwiebach	
1555	0:17:49	1/1/2019 	1063907	327.00	6.00	11.31	46.07	87673.34	1850	0	BartonZwiebach	
1556	0:17:51	1/1/2019 	1065355	122.00	5.00	7.20	46.07	87674.88	49793	0	BartonZwiebach	
1557	0:17:51	1/1/2019 	1066000	661.00	15.00	16.19	46.07	87676.06	51787	0	BartonZwiebach	
1558	0:17:52	1/1/2019 	1066870	315.00	6.00	11.17	46.07	87676.91	49793	0	BartonZwiebach	
1559	0:17:52	1/1/2019 	1066967	216.00	5.00	9.60	46.07	87677.42	1850	0	BartonZwiebach	
1560	0:17:54	1/1/2019 	1069087	84.00	4.00	6.21	46.07	87680.97	97732	0	BartonZwiebach	
1561	0:17:55	1/1/2019 	1069705	177.00	5.00	8.72	46.07	87681.64	49791	0	BartonZwiebach	
1562	0:17:57	1/1/2019 	1071135	898.00	85.00	27.27	46.07	87684.37	50550	0	BartonZwiebach	
1563	0:17:57	1/1/2019 	1071762	151.00	5.00	8.03	46.07	87685.22	51926	0	BartonZwiebach	
1564	0:17:57	1/1/2019 	1071792	72.00	4.00	6.00	46.07	87686.23	1848	0	BartonZwiebach	
1565	0:17:57	1/1/2019 	1071828	88.00	4.00	6.29	46.07	87686.23	1847	0	BartonZwiebach	
1566	0:17:58	1/1/2019 	1072142	136.00	5.00	7.60	46.07	87686.23	1846	0	BartonZwiebach	
1567	0:17:58	1/1/2019 	1073056	970.00	232.00	48.41	46.07	87688.41	49793	0	BartonZwiebach	
1568	0:18:00	1/1/2019 	1074641	97.00	5.00	6.51	46.07	87691.98	97745	0	BartonZwiebach	
1569	0:18:00	1/1/2019 	1074764	534.00	7.00	12.99	46.07	87693.00	3839	0	BartonZwiebach	
1570	0:18:01	1/1/2019 	1075856	274.00	5.00	10.60	46.07	87695.38	49794	0	BartonZwiebach	
1571	0:18:01	1/1/2019 	1075869	705.00	21.00	18.12	46.07	87695.38	1851	0	BartonZwiebach	
1572	0:18:02	1/1/2019 	1076619	72.00	5.00	6.00	46.08	87697.08	49793	0	BartonZwiebach	
1573	0:18:03	1/1/2019 	1077125	553.00	8.00	13.31	46.08	87698.44	1849	0	BartonZwiebach	
1574	0:18:03	1/1/2019 	1077377	194.00	5.00	9.13	46.08	87699.97	1848	0	BartonZwiebach	
1575	0:18:03	1/1/2019 	1078018	493.00	6.00	12.57	46.08	87701.80	51781	0	BartonZwiebach	
1576	0:18:03	1/1/2019 	1078048	818.00	61.00	23.68	46.08	87701.80	1849	0	BartonZwiebach	
1577	0:18:04	1/1/2019 	1078104	165.00	5.00	8.41	46.08	87701.80	1850	0	BartonZwiebach	
1578	0:18:04	1/1/2019 	1078243	252.00	5.00	10.26	46.08	87703.34	1849	0	BartonZwiebach	
1579	0:18:04	1/1/2019 	1078253	207.00	5.00	9.41	46.08	87703.34	1850	0	BartonZwiebach	
1580	0:18:04	1/1/2019 	1078988	765.00	38.00	21.16	46.08	87705.55	49792	0	BartonZwiebach	
1581	0:18:05	1/1/2019 	1079655	102.00	4.00	6.64	46.08	87708.95	51786	0	BartonZwiebach	
1582	0:18:06	1/1/2019 	1080716	633.00	12.00	15.09	46.08	87712.84	50547	0	BartonZwiebach	
1583	0:18:06	1/1/2019 	1080900	593.00	9.00	13.93	46.08	87712.84	1850	0	BartonZwiebach	
1584	0:18:08	1/1/2019 	1082218	56.00	5.00	5.88	46.09	87719.08	49793	0	BartonZwiebach	
1585	0:18:08	1/1/2019 	1082430	91.00	5.00	6.36	46.09	87719.08	1849	0	BartonZwiebach	
1586	0:18:08	1/1/2019 	1082611	480.00	12.00	13.01	46.09	87721.45	51923	0	BartonZwiebach	
1587	0:18:08	1/1/2019 	1082821	55.00	4.00	5.88	46.09	87721.45	1849	0	BartonZwiebach	
1588	0:18:09	1/1/2019 	1083311	98.00	5.00	6.54	46.09	87723.66	1846	0	BartonZwiebach	
1589	0:18:09	1/1/2019 	1083412	74.00	4.00	6.03	46.09	87723.66	1849	0	BartonZwiebach	
1590	0:18:11	1/1/2019 	1085821	114.00	5.00	6.97	46.10	87736.17	145676	0	BartonZwiebach	
1591	0:18:12	1/1/2019 	1086722	52.00	4.00	5.88	46.10	87740.91	49794	0	BartonZwiebach	
1592	0:18:12	1/1/2019 	1087093	113.00	5.00	6.94	46.11	87743.59	3837	0	BartonZwiebach	
1593	0:18:13	1/1/2019 	1088087	296.00	5.00	10.90	46.11	87749.19	49792	0	BartonZwiebach	
1594	0:18:14	1/1/2019 	1088181	181.00	5.00	8.82	46.11	87749.19	1850	0	BartonZwiebach	
1595	0:18:14	1/1/2019 	1088925	872.00	80.00	26.38	46.12	87755.09	49793	0	BartonZwiebach	
1596	0:18:15	1/1/2019 	1089151	113.00	4.00	6.94	46.12	87755.09	1850	0	BartonZwiebach	
1597	0:18:15	1/1/2019 	1089292	176.00	5.00	8.69	46.12	87755.09	1847	0	BartonZwiebach	
1598	0:18:15	1/1/2019 	1089654	63.00	5.00	5.90	46.12	87757.95	51782	0	BartonZwiebach	
1599	0:18:15	1/1/2019 	1089853	61.00	4.00	5.89	46.12	87761.12	2607	0	BartonZwiebach	
1600	0:18:15	1/1/2019 	1090027	59.00	5.00	5.88	46.12	87761.12	1853	0	BartonZwiebach	
1601	0:18:16	1/1/2019 	1090313	575.00	9.00	13.70	46.13	87764.17	1853	0	BartonZwiebach	
1602	0:18:17	1/1/2019 	1091433	980.00	412.00	76.09	46.13	87770.59	49795	0	BartonZwiebach	
1603	0:18:17	1/1/2019 	1091969	975.00	282.00	54.30	46.14	87773.92	49804	0	BartonZwiebach	
1604	0:18:18	1/1/2019 	1092187	197.00	5.00	9.19	46.14	87773.92	3979	0	BartonZwiebach	
1605	0:18:18	1/1/2019 	1092988	205.00	5.00	9.37	46.15	87780.86	49792	0	BartonZwiebach	
1606	0:18:19	1/1/2019 	1093927	962.00	181.00	43.46	46.16	87788.09	49793	0	BartonZwiebach	
1607	0:18:20	1/1/2019 	1094417	287.00	6.00	10.81	46.16	87791.46	1851	0	BartonZwiebach	
1608	0:18:21	1/1/2019 	1095251	454.00	7.00	12.42	46.17	87798.72	49794	0	BartonZwiebach	
1609	0:18:21	1/1/2019 	1095367	92.00	4.00	6.39	46.17	87798.72	1850	0	BartonZwiebach	
1610	0:18:21	1/1/2019 	1095384	180.00	5.00	8.79	46.17	87798.72	3836	0	BartonZwiebach	
1611	0:18:22	1/1/2019 	1096375	542.00	7.00	13.07	46.18	87806.10	49790	0	BartonZwiebach	
1612	0:18:22	1/1/2019 	1096618	72.00	5.00	6.00	46.18	87806.10	49794	0	BartonZwiebach	
1613	0:18:23	1/1/2019 	1097166	80.00	5.00	6.13	46.19	87813.38	1851	0	BartonZwiebach	
1614	0:18:23	1/1/2019 	1097267	231.00	6.00	9.91	46.19	87813.38	1857	0	BartonZwiebach	
1615	0:18:23	1/1/2019 	1097656	72.00	4.00	6.00	46.19	87816.91	49794	0	BartonZwiebach	
1616	0:18:24	1/1/2019 	1098881	168.00	5.00	8.49	46.20	87824.14	51780	0	BartonZwiebach	
1617	0:18:25	1/1/2019 	1099939	59.00	4.00	5.88	46.21	87831.85	49793	0	BartonZwiebach	
1618	0:18:26	1/1/2019 	1100273	877.00	107.00	31.24	46.22	87835.58	2605	0	BartonZwiebach	
1619	0:18:26	1/1/2019 	1100277	126.00	5.00	7.31	46.22	87835.58	1851	0	BartonZwiebach	
1620	0:18:26	1/1/2019 	1100314	70.00	4.00	5.97	46.22	87835.58	1848	0	BartonZwiebach	
1621	0:18:27	1/1/2019 	1101129	929.00	157.00	40.35	46.23	87842.96	49791	0	BartonZwiebach	
1622	0:18:27	1/1/2019 	1101140	594.00	12.00	14.43	46.23	87842.96	3980	0	BartonZwiebach	
1623	0:18:27	1/1/2019 	1101447	279.00	5.00	10.67	46.23	87842.96	1850	0	BartonZwiebach	
1624	0:18:27	1/1/2019 	1101808	881.00	82.00	26.73	46.23	87846.67	49793	0	BartonZwiebach	
1625	0:18:28	1/1/2019 	1102641	63.00	4.00	5.90	46.24	87854.58	49796	0	BartonZwiebach	
1626	0:18:28	1/1/2019 	1103006	77.00	5.00	6.08	46.25	87858.28	1848	0	BartonZwiebach	
1627	0:18:28	1/1/2019 	1103062	310.00	6.00	11.11	46.25	87858.28	3839	0	BartonZwiebach	
1628	0:18:29	1/1/2019 	1103139	405.00	6.00	12.02	46.25	87858.28	1848	0	BartonZwiebach	
1629	0:18:29	1/1/2019 	1103430	286.00	5.00	10.76	46.25	87858.28	1850	0	BartonZwiebach	
1630	0:18:30	1/1/2019 	1104392	984.00	554.00	95.21	46.26	87866.34	49795	0	BartonZwiebach	
1631	0:18:31	1/1/2019 	1105994	240.00	5.00	10.05	46.29	87882.46	97762	0	BartonZwiebach	
1632	0:18:34	1/1/2019 	1108148	722.00	27.00	19.40	46.31	87897.92	97739	0	BartonZwiebach	
1633	0:18:34	1/1/2019 	1108239	204.00	5.00	9.35	46.31	87897.92	3840	0	BartonZwiebach	
1634	0:18:34	1/1/2019 	1108270	232.00	5.00	9.91	46.31	87897.92	1850	0	BartonZwiebach	
1635	0:18:35	1/1/2019 	1109570	130.00	5.00	7.43	46.33	87910.31	97737	0	BartonZwiebach	
1636	0:18:35	1/1/2019 	1110061	95.00	4.00	6.46	46.34	87914.53	2606	0	BartonZwiebach	
1637	0:18:36	1/1/2019 	1110737	204.00	5.00	9.35	46.35	87918.70	49790	0	BartonZwiebach	
1638	0:18:36	1/1/2019 	1110851	249.00	5.00	10.21	46.36	87922.92	1850	0	BartonZwiebach	
1639	0:18:37	1/1/2019 	1111797	169.00	5.00	8.51	46.37	87931.31	51923	0	BartonZwiebach	
1640	0:18:38	1/1/2019 	1112893	542.00	7.00	13.07	46.39	87940.00	49795	0	BartonZwiebach	
1641	0:18:39	1/1/2019 	1113226	213.00	5.00	9.54	46.40	87944.38	1851	0	BartonZwiebach	
1642	0:18:42	1/1/2019 	1116839	160.00	4.00	8.27	46.45	87974.38	193622	0	BartonZwiebach	
1643	0:18:42	1/1/2019 	1116937	153.00	5.00	8.08	46.45	87974.38	1850	0	BartonZwiebach	
1644	0:18:45	1/1/2019 	1119232	970.00	306.00	58.05	46.50	87997.86	97737	0	BartonZwiebach	
1645	0:18:45	1/1/2019 	1119948	143.00	5.00	7.80	46.51	88002.55	51791	0	BartonZwiebach	
1646	0:18:45	1/1/2019 	1120086	131.00	5.00	7.46	46.51	88006.92	2605	0	BartonZwiebach	
1647	0:18:46	1/1/2019 	1120135	288.00	5.00	10.79	46.51	88006.92	1850	0	BartonZwiebach	
1648	0:18:46	1/1/2019 	1120577	945.00	163.00	41.22	46.52	88011.93	49794	0	BartonZwiebach	
1649	0:18:46	1/1/2019 	1120863	158.00	5.00	8.22	46.52	88011.93	1850	0	BartonZwiebach	
1650	0:18:46	1/1/2019 	1120938	199.00	5.00	9.24	46.52	88011.93	1848	0	BartonZwiebach	
1651	0:18:47	1/1/2019 	1121293	159.00	5.00	8.25	46.53	88016.98	3978	0	BartonZwiebach	
1652	0:18:48	1/1/2019 	1122610	151.00	5.00	8.03	46.56	88031.56	97735	0	BartonZwiebach	
1653	0:18:49	1/1/2019 	1124051	297.00	6.00	10.95	46.59	88047.12	49796	0	BartonZwiebach	
1654	0:18:50	1/1/2019 	1124860	985.00	787.00	140.50	46.60	88052.19	49800	0	BartonZwiebach	
1655	0:18:51	1/1/2019 	1125596	968.00	192.00	44.64	46.62	88062.08	49814	0	BartonZwiebach	
1656	0:18:52	1/1/2019 	1126245	532.00	8.00	13.10	46.63	88067.08	3840	0	BartonZwiebach	
1657	0:18:52	1/1/2019 	1127004	62.00	5.00	5.90	46.65	88076.83	49794	0	BartonZwiebach	
1658	0:18:52	1/1/2019 	1127078	116.00	4.00	7.02	46.65	88076.83	1848	0	BartonZwiebach	
1659	0:18:53	1/1/2019 	1127581	166.00	5.00	8.44	46.66	88082.16	49789	0	BartonZwiebach	
1660	0:18:53	1/1/2019 	1127900	83.00	4.00	6.19	46.67	88087.19	1850	0	BartonZwiebach	
1661	0:18:53	1/1/2019 	1127919	153.00	5.00	8.08	46.67	88087.19	1846	0	BartonZwiebach	
1662	0:18:54	1/1/2019 	1128377	972.00	258.00	51.16	46.68	88092.22	3838	0	BartonZwiebach	
1663	0:18:54	1/1/2019 	1128768	136.00	5.00	7.60	46.68	88092.22	49802	0	BartonZwiebach	
1664	0:18:54	1/1/2019 	1129056	960.00	153.00	39.76	46.69	88097.56	1850	0	BartonZwiebach	
1665	0:18:56	1/1/2019 	1130495	96.00	4.00	6.48	46.73	88112.81	49797	0	BartonZwiebach	
1666	0:18:57	1/1/2019 	1131589	65.00	4.00	5.92	46.75	88123.19	98488	0	BartonZwiebach	
1667	0:18:58	1/1/2019 	1132670	126.00	5.00	7.31	46.78	88139.09	49789	0	BartonZwiebach	
1668	0:18:58	1/1/2019 	1132982	70.00	5.00	5.97	46.78	88139.09	3980	0	BartonZwiebach	
1669	0:18:59	1/1/2019 	1133615	565.00	8.00	13.44	46.79	88144.45	49791	0	BartonZwiebach	
1670	0:19:00	1/1/2019 	1134905	965.00	222.00	47.47	46.83	88160.53	49792	0	BartonZwiebach	
1671	0:19:02	1/1/2019 	1136180	86.00	5.00	6.25	46.86	88176.78	49800	0	BartonZwiebach	
1672	0:19:02	1/1/2019 	1136230	624.00	12.00	14.95	46.86	88176.78	1849	0	BartonZwiebach	
1673	0:19:02	1/1/2019 	1136362	709.00	23.00	18.56	46.86	88176.78	1849	0	BartonZwiebach	
1674	0:19:02	1/1/2019 	1137047	258.00	5.00	10.35	46.89	88188.66	51784	0	BartonZwiebach	
1675	0:19:03	1/1/2019 	1137722	221.00	5.00	9.70	46.90	88194.37	49793	0	BartonZwiebach	
1676	0:19:03	1/1/2019 	1137896	314.00	6.00	11.16	46.90	88194.37	1850	0	BartonZwiebach	
1677	0:19:04	1/1/2019 	1138793	86.00	4.00	6.25	46.92	88206.09	49794	0	BartonZwiebach	
1678	0:19:04	1/1/2019 	1138945	495.00	6.00	12.59	46.92	88206.09	1849	0	BartonZwiebach	
1679	0:19:05	1/1/2019 	1140015	524.00	12.00	13.43	46.96	88223.54	49794	0	BartonZwiebach	
1680	0:19:06	1/1/2019 	1140194	925.00	148.00	38.96	46.96	88223.54	4768	0	BartonZwiebach	
1681	0:19:08	1/1/2019 	1142384	57.00	5.00	5.88	47.01	88246.81	97745	0	BartonZwiebach	
1682	0:19:10	1/1/2019 	1145080	441.00	7.00	12.34	47.08	88281.16	145676	0	BartonZwiebach	
1683	0:19:11	1/1/2019 	1145866	355.00	7.00	11.66	47.11	88292.19	49796	0	BartonZwiebach	
1684	0:19:12	1/1/2019 	1146187	82.00	5.00	6.17	47.11	88292.19	1850	0	BartonZwiebach	
1685	0:19:13	1/1/2019 	1148065	266.00	5.00	10.48	47.16	88314.80	99725	0	BartonZwiebach	
1686	0:19:14	1/1/2019 	1148575	106.00	5.00	6.75	47.17	88320.14	49795	0	BartonZwiebach	
1687	0:19:15	1/1/2019 	1149447	62.00	4.00	5.90	47.20	88331.53	1850	0	BartonZwiebach	
1688	0:19:15	1/1/2019 	1149563	637.00	13.00	15.36	47.20	88331.53	49791	0	BartonZwiebach	
1689	0:19:15	1/1/2019 	1150098	315.00	6.00	11.17	47.21	88337.05	2606	0	BartonZwiebach	
1690	0:19:18	1/1/2019 	1152143	209.00	5.00	9.46	47.28	88365.83	97736	0	BartonZwiebach	
1691	0:19:18	1/1/2019 	1152392	973.00	274.00	53.18	47.28	88365.83	3980	0	BartonZwiebach	
1692	0:19:18	1/1/2019 	1152630	249.00	5.00	10.21	47.30	88371.68	49799	0	BartonZwiebach	
1693	0:19:18	1/1/2019 	1152805	141.00	4.00	7.74	47.30	88371.68	1849	0	BartonZwiebach	
1694	0:19:18	1/1/2019 	1152842	92.00	5.00	6.39	47.30	88371.68	1847	0	BartonZwiebach	
1695	0:19:19	1/1/2019 	1153495	216.00	5.00	9.60	47.31	88377.34	1848	0	BartonZwiebach	
1696	0:19:22	1/1/2019 	1156463	539.00	8.00	13.16	47.39	88409.26	145677	0	BartonZwiebach	
1697	0:19:25	1/1/2019 	1159197	400.00	6.00	11.98	47.48	88440.69	147670	0	BartonZwiebach	
1698	0:19:25	1/1/2019 	1159213	137.00	5.00	7.63	47.48	88440.69	1849	0	BartonZwiebach	
1699	0:19:25	1/1/2019 	1160030	178.00	5.00	8.74	47.50	88450.36	49791	0	BartonZwiebach	
1700	0:19:25	1/1/2019 	1160076	78.00	5.00	6.09	47.50	88450.36	2801	0	BartonZwiebach	
1701	0:19:26	1/1/2019 	1160830	388.00	5.00	11.82	47.52	88455.19	49792	0	BartonZwiebach	
1702	0:19:27	1/1/2019 	1161126	152.00	5.00	8.06	47.53	88460.16	1850	0	BartonZwiebach	
1703	0:19:27	1/1/2019 	1161257	646.00	13.00	15.51	47.53	88460.16	3978	0	BartonZwiebach	
1704	0:19:27	1/1/2019 	1161866	183.00	5.00	8.87	47.55	88464.99	49793	0	BartonZwiebach	
1705	0:19:27	1/1/2019 	1161892	396.00	6.00	11.95	47.56	88469.69	1850	0	BartonZwiebach	
1706	0:19:28	1/1/2019 	1162687	80.00	4.00	6.13	47.57	88474.52	49792	0	BartonZwiebach	
1707	0:19:28	1/1/2019 	1162770	321.00	5.00	11.20	47.57	88474.52	1847	0	BartonZwiebach	
1708	0:19:30	1/1/2019 	1164465	83.00	5.00	6.19	47.63	88493.00	49792	0	BartonZwiebach	
1709	0:19:31	1/1/2019 	1165714	978.00	466.00	82.81	47.66	88501.84	99726	0	BartonZwiebach	
1710	0:19:31	1/1/2019 	1165841	107.00	5.00	6.77	47.67	88506.51	1851	0	BartonZwiebach	
1711	0:19:33	1/1/2019 	1167143	747.00	31.00	20.20	47.70	88515.49	49792	0	BartonZwiebach	
1712	0:19:33	1/1/2019 	1167733	70.00	4.00	5.97	47.73	88524.34	49794	0	BartonZwiebach	
1713	0:19:35	1/1/2019 	1169686	384.00	8.00	11.99	47.78	88541.33	97732	0	BartonZwiebach	
1714	0:19:36	1/1/2019 	1170381	169.00	5.00	8.51	47.79	88545.81	4927	0	BartonZwiebach	
1715	0:19:36	1/1/2019 	1170637	77.00	4.00	6.08	47.81	88549.80	49792	0	BartonZwiebach	
1716	0:19:36	1/1/2019 	1170860	76.00	5.00	6.06	47.81	88549.80	1846	0	BartonZwiebach	
1717	0:19:36	1/1/2019 	1171081	64.00	5.00	5.91	47.81	88549.80	1849	0	BartonZwiebach	
1718	0:19:37	1/1/2019 	1171255	83.00	5.00	6.19	47.82	88554.12	1849	0	BartonZwiebach	
1719	0:19:38	1/1/2019 	1172430	354.00	4.00	11.48	47.85	88562.12	49797	0	BartonZwiebach	
1720	0:19:38	1/1/2019 	1172478	979.00	411.00	75.95	47.85	88562.12	3845	0	BartonZwiebach	
1721	0:19:38	1/1/2019 	1172739	669.00	17.00	16.76	47.86	88565.94	49807	0	BartonZwiebach	
1722	0:19:40	1/1/2019 	1174682	153.00	5.00	8.08	47.91	88581.05	97735	0	BartonZwiebach	
1723	0:19:42	1/1/2019 	1176172	126.00	4.00	7.31	47.95	88591.98	49792	0	BartonZwiebach	
1724	0:19:42	1/1/2019 	1176654	59.00	3.00	5.88	47.96	88595.69	49790	0	BartonZwiebach	
1725	0:19:43	1/1/2019 	1177109	62.00	5.00	5.90	47.98	88599.64	1848	0	BartonZwiebach	
1726	0:19:44	1/1/2019 	1178269	733.00	30.00	19.96	48.00	88606.80	51780	0	BartonZwiebach	
1727	0:19:44	1/1/2019 	1179037	266.00	5.00	10.48	48.03	88613.43	49796	0	BartonZwiebach	
1728	0:19:45	1/1/2019 	1180033	109.00	4.00	6.83	48.05	88619.59	49794	0	BartonZwiebach	
1729	0:19:45	1/1/2019 	1180101	100.00	5.00	6.59	48.05	88619.59	2800	0	BartonZwiebach	
1730	0:19:47	1/1/2019 	1181803	936.00	153.00	39.76	48.08	88629.23	97733	0	BartonZwiebach	
1731	0:19:47	1/1/2019 	1181914	102.00	4.00	6.64	48.09	88632.36	1851	0	BartonZwiebach	
1732	0:19:47	1/1/2019 	1182020	987.00	545.00	93.60	48.09	88632.36	3976	0	BartonZwiebach	
1733	0:19:48	1/1/2019 	1182172	130.00	5.00	7.43	48.09	88632.36	1850	0	BartonZwiebach	
1734	0:19:49	1/1/2019 	1183122	235.00	5.00	9.96	48.12	88638.52	49791	0	BartonZwiebach	
1735	0:19:50	1/1/2019 	1184558	475.00	7.00	12.56	48.15	88648.12	97736	0	BartonZwiebach	
1736	0:19:51	1/1/2019 	1185611	133.00	5.00	7.52	48.17	88653.95	49798	0	BartonZwiebach	
1737	0:19:51	1/1/2019 	1185932	212.00	5.00	9.52	48.18	88657.27	1850	0	BartonZwiebach	
1738	0:19:52	1/1/2019 	1186335	961.00	192.00	44.64	48.19	88660.28	3838	0	BartonZwiebach	
1739	0:19:52	1/1/2019 	1186601	92.00	4.00	6.39	48.19	88660.28	49796	0	BartonZwiebach	
1740	0:19:53	1/1/2019 	1187903	58.00	5.00	5.88	48.22	88668.91	49787	0	BartonZwiebach	
1741	0:19:54	1/1/2019 	1188433	68.00	5.00	5.95	48.24	88672.05	1849	0	BartonZwiebach	
1742	0:19:54	1/1/2019 	1188766	263.00	5.00	10.43	48.25	88674.72	49791	0	BartonZwiebach	
1743	0:19:54	1/1/2019 	1189000	920.00	141.00	37.79	48.25	88674.72	3839	0	BartonZwiebach	
1744	0:19:55	1/1/2019 	1189892	182.00	5.00	8.84	48.26	88680.35	49795	0	BartonZwiebach	
1745	0:19:56	1/1/2019 	1190649	734.00	29.00	19.82	48.28	88685.84	50744	0	BartonZwiebach	
1746	0:19:56	1/1/2019 	1191005	838.00	59.00	23.50	48.28	88685.84	1851	0	BartonZwiebach	
1747	0:19:57	1/1/2019 	1191129	102.00	4.00	6.64	48.29	88688.66	1849	0	BartonZwiebach	
1748	0:19:57	1/1/2019 	1191278	129.00	4.00	7.40	48.29	88688.66	1848	0	BartonZwiebach	
1749	0:19:57	1/1/2019 	1192044	974.00	235.00	48.70	48.30	88691.49	51916	0	BartonZwiebach	
1750	0:19:58	1/1/2019 	1192832	204.00	4.00	9.33	48.32	88696.98	49796	0	BartonZwiebach	
1751	0:19:58	1/1/2019 	1192904	380.00	8.00	11.95	48.32	88696.98	1849	0	BartonZwiebach	
1752	0:19:59	1/1/2019 	1193283	897.00	83.00	26.93	48.33	88699.80	1848	0	BartonZwiebach	
1753	0:19:59	1/1/2019 	1193633	224.00	5.00	9.76	48.34	88702.29	49795	0	BartonZwiebach	
1754	0:19:59	1/1/2019 	1193743	108.00	5.00	6.80	48.34	88702.29	1849	0	BartonZwiebach	
1755	0:20:00	1/1/2019 	1194116	963.00	242.00	49.40	48.35	88704.95	3839	0	BartonZwiebach	
1756	0:20:00	1/1/2019 	1194609	546.00	8.00	13.23	48.36	88707.43	49797	0	BartonZwiebach	
1757	0:20:01	1/1/2019 	1195457	988.00	833.00	149.68	48.38	88712.61	1848	0	BartonZwiebach	
1758	0:20:01	1/1/2019 	1195686	90.00	5.00	6.34	48.38	88712.61	49811	0	BartonZwiebach	
1759	0:20:02	1/1/2019 	1197094	410.00	6.00	12.06	48.41	88720.41	49791	0	BartonZwiebach	
1760	0:20:03	1/1/2019 	1197295	144.00	5.00	7.83	48.41	88720.41	1850	0	BartonZwiebach	
1761	0:20:03	1/1/2019 	1197724	902.00	108.00	31.54	48.41	88722.76	51782	0	BartonZwiebach	
1762	0:20:04	1/1/2019 	1199039	194.00	5.00	9.13	48.44	88730.73	49795	0	BartonZwiebach	
1763	0:20:05	1/1/2019 	1199312	117.00	7.00	7.06	48.44	88730.73	1850	0	BartonZwiebach	
1764	0:20:06	1/1/2019 	1200294	143.00	5.00	7.80	48.46	88735.89	49793	0	BartonZwiebach	
1765	0:20:07	1/1/2019 	1202225	988.00	941.00	225.54	48.49	88745.70	98689	0	BartonZwiebach	
1766	0:20:08	1/1/2019 	1202417	55.00	4.00	5.88	48.50	88748.36	1851	0	BartonZwiebach	
1767	0:20:08	1/1/2019 	1202909	117.00	5.00	7.05	48.51	88751.05	51919	0	BartonZwiebach	
1768	0:20:10	1/1/2019 	1204315	893.00	113.00	32.48	48.53	88758.41	49792	0	BartonZwiebach	
1769	0:20:10	1/1/2019 	1204803	99.00	4.00	6.56	48.54	88760.88	49799	0	BartonZwiebach	
1770	0:20:10	1/1/2019 	1205252	284.00	6.00	10.77	48.55	88763.73	1852	0	BartonZwiebach	
1771	0:20:12	1/1/2019 	1207246	146.00	5.00	7.89	48.58	88773.90	97736	0	BartonZwiebach	
1772	0:20:15	1/1/2019 	1209337	530.00	10.00	13.30	48.61	88784.27	99722	0	BartonZwiebach	
1773	0:20:15	1/1/2019 	1210013	165.00	5.00	8.41	48.62	88786.75	49794	0	BartonZwiebach	
1774	0:20:16	1/1/2019 	1210400	112.00	5.00	6.91	48.62	88789.25	2801	0	BartonZwiebach	
1775	0:20:16	1/1/2019 	1210641	566.00	15.00	14.30	48.63	88791.73	49791	0	BartonZwiebach	
1776	0:20:17	1/1/2019 	1211918	79.00	4.00	6.11	48.65	88797.30	49793	0	BartonZwiebach	
1777	0:20:17	1/1/2019 	1212276	967.00	176.00	42.88	48.65	88799.78	1849	0	BartonZwiebach	
1778	0:20:18	1/1/2019 	1212982	108.00	4.00	6.80	48.67	88804.97	51926	0	BartonZwiebach	
1779	0:20:18	1/1/2019 	1213162	340.00	7.00	11.50	48.67	88804.97	1848	0	BartonZwiebach	
1780	0:20:18	1/1/2019 	1213256	259.00	5.00	10.37	48.67	88804.97	1849	0	BartonZwiebach	
1781	0:20:19	1/1/2019 	1213356	334.00	5.00	11.34	48.67	88804.97	1849	0	BartonZwiebach	
1782	0:20:19	1/1/2019 	1213396	64.00	4.00	5.91	48.67	88804.97	1850	0	BartonZwiebach	
1783	0:20:20	1/1/2019 	1214461	142.00	4.00	7.77	48.69	88813.36	49788	0	BartonZwiebach	
1784	0:20:22	1/1/2019 	1216677	306.00	5.00	11.02	48.72	88824.08	147666	0	BartonZwiebach	
1785	0:20:22	1/1/2019 	1217134	978.00	332.00	62.61	48.72	88826.43	1851	0	BartonZwiebach	
1786	0:20:22	1/1/2019 	1217216	305.00	6.00	11.05	48.72	88826.43	1849	0	BartonZwiebach	
1787	0:20:23	1/1/2019 	1217657	412.00	6.00	12.07	48.73	88829.12	49793	0	BartonZwiebach	
1788	0:20:23	1/1/2019 	1217711	692.00	21.00	17.95	48.73	88829.12	1851	0	BartonZwiebach	
1789	0:20:24	1/1/2019 	1219255	972.00	321.00	60.64	48.75	88836.81	49793	0	BartonZwiebach	
1790	0:20:25	1/1/2019 	1219496	886.00	96.00	29.19	48.76	88839.50	3840	0	BartonZwiebach	
1791	0:20:25	1/1/2019 	1220214	298.00	6.00	10.96	48.76	88842.16	49796	0	BartonZwiebach	
1792	0:20:26	1/1/2019 	1220354	985.00	688.00	124.27	48.77	88844.85	2801	0	BartonZwiebach	
1793	0:20:26	1/1/2019 	1220590	77.00	5.00	6.08	48.77	88844.85	49811	0	BartonZwiebach	
1794	0:20:26	1/1/2019 	1221162	862.00	82.00	26.67	48.77	88847.21	1849	0	BartonZwiebach	
1795	0:20:27	1/1/2019 	1221796	460.00	7.00	12.46	48.79	88852.06	51924	0	BartonZwiebach	
1796	0:20:27	1/1/2019 	1221848	411.00	6.00	12.06	48.79	88852.06	1850	0	BartonZwiebach	
1797	0:20:28	1/1/2019 	1222583	75.00	4.00	6.04	48.79	88854.92	49792	0	BartonZwiebach	
1798	0:20:28	1/1/2019 	1222639	75.00	4.00	6.04	48.79	88854.92	1848	0	BartonZwiebach	
1799	0:20:28	1/1/2019 	1222773	93.00	4.00	6.41	48.80	88857.41	1846	0	BartonZwiebach	
1800	0:20:28	1/1/2019 	1223186	269.00	5.00	10.52	48.80	88857.41	1848	0	BartonZwiebach	
1801	0:20:28	1/1/2019 	1223200	81.00	5.00	6.15	48.81	88859.94	3838	0	BartonZwiebach	
1802	0:20:29	1/1/2019 	1223343	929.00	140.00	37.62	48.81	88859.94	1849	0	BartonZwiebach	
1803	0:20:29	1/1/2019 	1223549	53.00	4.00	5.88	48.81	88859.94	49799	0	BartonZwiebach	
1804	0:20:29	1/1/2019 	1223554	496.00	12.00	13.15	48.81	88859.94	1847	0	BartonZwiebach	
1805	0:20:29	1/1/2019 	1224141	155.00	5.00	8.14	48.81	88862.61	1849	0	BartonZwiebach	
1806	0:20:29	1/1/2019 	1224148	145.00	5.00	7.86	48.81	88862.61	1848	0	BartonZwiebach	
1807	0:20:30	1/1/2019 	1225025	56.00	4.00	5.88	48.83	88867.83	51781	0	BartonZwiebach	
1808	0:20:30	1/1/2019 	1225050	69.00	4.00	5.96	48.83	88867.83	1848	0	BartonZwiebach	
1809	0:20:30	1/1/2019 	1225264	68.00	4.00	5.95	48.83	88870.18	1847	0	BartonZwiebach	
1810	0:20:31	1/1/2019 	1225971	217.00	5.00	9.62	48.84	88872.88	49794	0	BartonZwiebach	
1811	0:20:31	1/1/2019 	1226014	122.00	4.00	7.19	48.84	88872.88	1856	0	BartonZwiebach	
1812	0:20:32	1/1/2019 	1226904	600.00	16.00	15.10	48.85	88877.39	49795	0	BartonZwiebach	
1813	0:20:32	1/1/2019 	1226952	908.00	123.00	34.47	48.85	88877.39	3838	0	BartonZwiebach	
1814	0:20:35	1/1/2019 	1229317	398.00	6.00	11.97	48.88	88889.44	97744	0	BartonZwiebach	
1815	0:20:35	1/1/2019 	1230265	974.00	275.00	53.32	48.89	88894.62	49798	0	BartonZwiebach	
1816	0:20:36	1/1/2019 	1230977	164.00	5.00	8.38	48.90	88898.84	50758	0	BartonZwiebach	
1817	0:20:36	1/1/2019 	1231274	61.00	4.00	5.89	48.90	88898.84	1850	0	BartonZwiebach	
1818	0:20:37	1/1/2019 	1231468	61.00	4.00	5.89	48.91	88901.38	1849	0	BartonZwiebach	
1819	0:20:38	1/1/2019 	1233229	338.00	7.00	11.48	48.93	88908.04	99869	0	BartonZwiebach	
1820	0:20:39	1/1/2019 	1233316	251.00	5.00	10.24	48.93	88908.04	1850	0	BartonZwiebach	
1821	0:20:39	1/1/2019 	1233337	62.00	4.00	5.90	48.93	88908.04	1850	0	BartonZwiebach	
1822	0:20:39	1/1/2019 	1234021	568.00	9.00	13.62	48.94	88912.58	49792	0	BartonZwiebach	
1823	0:20:39	1/1/2019 	1234123	150.00	5.00	8.00	48.94	88912.58	1849	0	BartonZwiebach	
1824	0:20:40	1/1/2019 	1234627	296.00	5.00	10.90	48.95	88914.59	49792	0	BartonZwiebach	
1825	0:20:42	1/1/2019 	1236474	964.00	210.00	46.37	48.97	88923.47	51841	0	BartonZwiebach	
1826	0:20:42	1/1/2019 	1236694	320.00	6.00	11.23	48.97	88923.47	49801	0	BartonZwiebach	
1827	0:20:42	1/1/2019 	1236836	59.00	4.00	5.88	48.97	88925.48	1849	0	BartonZwiebach	
1828	0:20:42	1/1/2019 	1237119	875.00	86.00	27.37	48.97	88925.48	1847	0	BartonZwiebach	
1829	0:20:43	1/1/2019 	1237497	224.00	5.00	9.76	48.98	88927.32	1850	0	BartonZwiebach	
1830	0:20:43	1/1/2019 	1237663	110.00	4.00	6.85	48.98	88927.32	51783	0	BartonZwiebach	
1831	0:20:43	1/1/2019 	1238265	58.00	4.00	5.88	48.98	88929.16	1847	0	BartonZwiebach	
1832	0:20:47	1/1/2019 	1241410	154.00	4.00	8.11	49.02	88942.72	145678	0	BartonZwiebach	
1833	0:20:48	1/1/2019 	1242440	942.00	160.00	40.80	49.03	88946.91	50745	0	BartonZwiebach	
1834	0:20:49	1/1/2019 	1244277	77.00	4.00	6.08	49.05	88953.78	97750	0	BartonZwiebach	
1835	0:20:52	1/1/2019 	1246717	977.00	383.00	71.64	49.08	88963.66	145679	0	BartonZwiebach	
1836	0:20:52	1/1/2019 	1246814	744.00	34.00	20.57	49.08	88963.66	3979	0	BartonZwiebach	
1837	0:20:53	1/1/2019 	1247437	68.00	4.00	5.95	49.08	88965.19	1850	0	BartonZwiebach	
1838	0:20:55	1/1/2019 	1249339	113.00	5.00	6.94	49.10	88972.39	97733	0	BartonZwiebach	
1839	0:20:55	1/1/2019 	1249917	76.00	4.00	6.06	49.10	88974.41	49794	0	BartonZwiebach	
1840	0:20:57	1/1/2019 	1251703	305.00	6.00	11.05	49.12	88981.30	98688	0	BartonZwiebach	
1841	0:20:58	1/1/2019 	1252426	56.00	4.00	5.88	49.13	88984.80	1850	0	BartonZwiebach	
1842	0:20:58	1/1/2019 	1252897	253.00	5.00	10.27	49.14	88986.63	51919	0	BartonZwiebach	
1843	0:21:00	1/1/2019 	1254565	455.00	7.00	12.43	49.15	88991.86	97740	0	BartonZwiebach	
1844	0:21:01	1/1/2019 	1255854	888.00	123.00	34.38	49.16	88997.88	49797	0	BartonZwiebach	
1845	0:21:01	1/1/2019 	1255876	76.00	4.00	6.06	49.16	88997.88	1858	0	BartonZwiebach	
1846	0:21:05	1/1/2019 	1259732	939.00	136.00	36.93	49.20	89012.50	193623	0	BartonZwiebach	
1847	0:21:06	1/1/2019 	1260309	198.00	5.00	9.22	49.20	89014.54	2803	0	BartonZwiebach	
1848	0:21:06	1/1/2019 	1260658	86.00	5.00	6.25	49.21	89016.36	51921	0	BartonZwiebach	
1849	0:21:06	1/1/2019 	1260753	217.00	5.00	9.62	49.21	89016.36	1849	0	BartonZwiebach	
1850	0:21:08	1/1/2019 	1263065	134.00	5.00	7.54	49.22	89023.40	97735	0	BartonZwiebach	
1851	0:21:10	1/1/2019 	1264852	710.00	24.00	18.75	49.24	89030.16	97737	0	BartonZwiebach	
1852	0:21:10	1/1/2019 	1264983	70.00	5.00	5.97	49.24	89030.16	1849	0	BartonZwiebach	
1853	0:21:12	1/1/2019 	1266442	529.00	8.00	13.07	49.25	89035.34	49791	0	BartonZwiebach	
1854	0:21:12	1/1/2019 	1266680	139.00	5.00	7.69	49.26	89036.69	51781	0	BartonZwiebach	
1855	0:21:13	1/1/2019 	1267446	787.00	53.00	22.74	49.26	89038.36	1848	0	BartonZwiebach	
1856	0:21:13	1/1/2019 	1267967	283.00	5.00	10.72	49.27	89041.56	49798	0	BartonZwiebach	
1857	0:21:14	1/1/2019 	1268751	455.00	6.00	12.34	49.27	89043.38	49795	0	BartonZwiebach	
1858	0:21:14	1/1/2019 	1269143	140.00	5.00	7.72	49.28	89045.05	1849	0	BartonZwiebach	
1859	0:21:15	1/1/2019 	1270067	68.00	4.00	5.95	49.28	89047.78	51780	0	BartonZwiebach	
1860	0:21:18	1/1/2019 	1272572	921.00	153.00	39.74	49.30	89055.84	146628	0	BartonZwiebach	
1861	0:21:18	1/1/2019 	1272981	958.00	149.00	39.13	49.31	89057.49	1852	0	BartonZwiebach	
1862	0:21:19	1/1/2019 	1274286	786.00	46.00	22.06	49.32	89062.06	49796	0	BartonZwiebach	
1863	0:21:21	1/1/2019 	1275400	304.00	6.00	11.04	49.32	89065.22	49796	0	BartonZwiebach	
1864	0:21:21	1/1/2019 	1276073	88.00	5.00	6.30	49.33	89066.75	49794	0	BartonZwiebach	
1865	0:21:22	1/1/2019 	1276338	131.00	4.00	7.45	49.33	89068.77	3976	0	BartonZwiebach	
1866	0:21:23	1/1/2019 	1277298	558.00	8.00	13.36	49.34	89071.95	49791	0	BartonZwiebach	
1867	0:21:23	1/1/2019 	1277474	120.00	4.00	7.14	49.34	89071.95	1850	0	BartonZwiebach	
1868	0:21:23	1/1/2019 	1277754	56.00	4.00	5.88	49.34	89073.48	49789	0	BartonZwiebach	
1869	0:21:23	1/1/2019 	1277871	72.00	4.00	6.00	49.34	89073.48	1846	0	BartonZwiebach	
1870	0:21:24	1/1/2019 	1278992	57.00	4.00	5.88	49.35	89076.70	49790	0	BartonZwiebach	
1871	0:21:25	1/1/2019 	1279701	72.00	5.00	6.00	49.35	89079.72	51779	0	BartonZwiebach	
1872	0:21:27	1/1/2019 	1281377	229.00	5.00	9.85	49.36	89085.14	50745	0	BartonZwiebach	
1873	0:21:27	1/1/2019 	1281497	77.00	5.00	6.08	49.36	89085.14	1850	0	BartonZwiebach	
1874	0:21:27	1/1/2019 	1281860	758.00	37.00	21.01	49.37	89087.16	49791	0	BartonZwiebach	
1875	0:21:27	1/1/2019 	1281931	285.00	5.00	10.75	49.37	89087.16	1850	0	BartonZwiebach	
1876	0:21:28	1/1/2019 	1282429	490.00	7.00	12.66	49.37	89089.03	1849	0	BartonZwiebach	
1877	0:21:28	1/1/2019 	1282992	533.00	15.00	13.79	49.37	89091.03	51924	0	BartonZwiebach	
1878	0:21:30	1/1/2019 	1284411	83.00	4.00	6.19	49.38	89097.14	49792	0	BartonZwiebach	
1879	0:21:34	1/1/2019 	1288909	784.00	41.00	21.55	49.41	89118.62	241561	0	BartonZwiebach	
1880	0:21:35	1/1/2019 	1289703	105.00	4.00	6.72	49.42	89121.12	49799	0	BartonZwiebach	
1881	0:21:35	1/1/2019 	1290034	288.00	5.00	10.79	49.42	89123.00	2805	0	BartonZwiebach	
1882	0:21:36	1/1/2019 	1290452	106.00	4.00	6.74	49.42	89124.88	1851	0	BartonZwiebach	
1883	0:21:36	1/1/2019 	1290752	490.00	7.00	12.66	49.42	89124.88	51871	0	BartonZwiebach	
1884	0:21:36	1/1/2019 	1290982	64.00	4.00	5.91	49.43	89127.23	1853	0	BartonZwiebach	
1885	0:21:37	1/1/2019 	1291729	623.00	12.00	14.93	49.43	89129.28	49789	0	BartonZwiebach	
1886	0:21:37	1/1/2019 	1291832	94.00	4.00	6.43	49.43	89131.30	1850	0	BartonZwiebach	
1887	0:21:39	1/1/2019 	1293755	355.00	8.00	11.71	49.45	89139.23	97733	0	BartonZwiebach	
1888	0:21:40	1/1/2019 	1294703	125.00	4.00	7.28	49.45	89142.77	54241	0	BartonZwiebach	
1889	0:21:40	1/1/2019 	1294758	514.00	7.00	12.83	49.45	89142.77	1848	0	BartonZwiebach	
1890	0:21:41	1/1/2019 	1295296	92.00	4.00	6.39	49.46	89144.81	1849	0	BartonZwiebach	
1891	0:21:41	1/1/2019 	1296244	981.00	412.00	76.09	49.46	89148.66	49792	0	BartonZwiebach	
1892	0:21:44	1/1/2019 	1298311	54.00	4.00	5.88	49.48	89156.12	97756	0	BartonZwiebach	
1893	0:21:44	1/1/2019 	1298918	100.00	6.00	6.59	49.48	89157.81	49796	0	BartonZwiebach	
1894	0:21:44	1/1/2019 	1298991	810.00	52.00	22.71	49.48	89157.81	3838	0	BartonZwiebach	
1895	0:21:44	1/1/2019 	1299087	197.00	5.00	9.19	49.48	89160.00	1849	0	BartonZwiebach	
1896	0:21:45	1/1/2019 	1300138	96.00	4.00	6.48	49.49	89163.87	49792	0	BartonZwiebach	
1897	0:21:46	1/1/2019 	1301138	167.00	4.00	8.45	49.50	89167.73	50546	0	BartonZwiebach	
1898	0:21:47	1/1/2019 	1301757	589.00	10.00	14.05	49.50	89169.44	49790	0	BartonZwiebach	
1899	0:21:47	1/1/2019 	1302036	193.00	4.00	9.09	49.50	89171.15	1850	0	BartonZwiebach	
1900	0:21:48	1/1/2019 	1302724	605.00	11.00	14.46	49.51	89173.16	51918	0	BartonZwiebach	
1901	0:21:48	1/1/2019 	1302806	65.00	4.00	5.92	49.51	89173.16	1851	0	BartonZwiebach	
1902	0:21:49	1/1/2019 	1303378	158.00	5.00	8.22	49.51	89174.70	1847	0	BartonZwiebach	
1903	0:21:50	1/1/2019 	1304920	921.00	143.00	38.13	49.53	89181.92	97738	0	BartonZwiebach	
1904	0:21:51	1/1/2019 	1305482	121.00	4.00	7.17	49.53	89183.62	1853	0	BartonZwiebach	
1905	0:21:51	1/1/2019 	1305844	203.00	4.00	9.31	49.53	89183.62	49797	0	BartonZwiebach	
1906	0:21:53	1/1/2019 	1307881	242.00	5.00	10.09	49.55	89192.01	99726	0	BartonZwiebach	
1907	0:21:54	1/1/2019 	1308678	91.00	4.00	6.36	49.56	89193.69	49795	0	BartonZwiebach	
1908	0:21:55	1/1/2019 	1309299	168.00	4.00	8.48	49.56	89196.70	1847	0	BartonZwiebach	
1909	0:21:55	1/1/2019 	1309881	970.00	196.00	45.04	49.57	89198.23	49792	0	BartonZwiebach	
1910	0:21:55	1/1/2019 	1309992	149.00	5.00	7.97	49.57	89198.23	2605	0	BartonZwiebach	
1911	0:21:57	1/1/2019 	1311887	64.00	4.00	5.91	49.58	89204.28	97736	0	BartonZwiebach	
1912	0:21:57	1/1/2019 	1312244	971.00	207.00	46.09	49.58	89205.96	3996	0	BartonZwiebach	
1913	0:21:59	1/1/2019 	1314119	558.00	8.00	13.36	49.59	89210.34	97748	0	BartonZwiebach	
1914	0:21:59	1/1/2019 	1314268	67.00	4.00	5.94	49.60	89211.67	1848	0	BartonZwiebach	
1915	0:22:00	1/1/2019 	1314425	333.00	6.00	11.38	49.60	89211.67	1846	0	BartonZwiebach	
1916	0:22:00	1/1/2019 	1315243	62.00	4.00	5.90	49.60	89214.55	49795	0	BartonZwiebach	
1917	0:22:01	1/1/2019 	1316288	536.00	7.00	13.01	49.61	89217.59	49789	0	BartonZwiebach	
1918	0:22:02	1/1/2019 	1316817	951.00	154.00	39.91	49.61	89219.23	51804	0	BartonZwiebach	
1919	0:22:02	1/1/2019 	1317118	167.00	5.00	8.46	49.62	89220.26	1851	0	BartonZwiebach	
1920	0:22:02	1/1/2019 	1317214	879.00	69.00	24.80	49.62	89220.26	1848	0	BartonZwiebach	
1921	0:22:03	1/1/2019 	1317682	69.00	4.00	5.96	49.62	89221.80	49795	0	BartonZwiebach	
1922	0:22:04	1/1/2019 	1318311	117.00	4.00	7.05	49.62	89222.97	1847	0	BartonZwiebach	
1923	0:22:04	1/1/2019 	1318497	384.00	7.00	11.93	49.62	89222.97	3855	0	BartonZwiebach	
1924	0:22:05	1/1/2019 	1319976	540.00	8.00	13.17	49.63	89227.68	97736	0	BartonZwiebach	
1925	0:22:06	1/1/2019 	1320355	911.00	131.00	35.98	49.64	89229.19	2606	0	BartonZwiebach	
1926	0:22:07	1/1/2019 	1321839	63.00	4.00	5.90	49.65	89233.73	97746	0	BartonZwiebach	
1927	0:22:08	1/1/2019 	1322737	120.00	4.00	7.14	49.65	89236.78	49791	0	BartonZwiebach	
1928	0:22:09	1/1/2019 	1323324	923.00	111.00	32.16	49.66	89238.12	1849	0	BartonZwiebach	
1929	0:22:09	1/1/2019 	1323701	762.00	41.00	21.46	49.66	89239.48	51947	0	BartonZwiebach	
1930	0:22:10	1/1/2019 	1324942	916.00	100.00	30.02	49.67	89243.83	49797	0	BartonZwiebach	
1931	0:22:11	1/1/2019 	1325577	755.00	39.00	21.21	49.67	89245.02	49799	0	BartonZwiebach	
1932	0:22:11	1/1/2019 	1326064	465.00	12.00	12.89	49.67	89246.39	1851	0	BartonZwiebach	
1933	0:22:13	1/1/2019 	1327717	387.00	9.00	12.07	49.68	89250.57	97740	0	BartonZwiebach	
1934	0:22:14	1/1/2019 	1328318	63.00	4.00	5.90	49.69	89253.10	1851	0	BartonZwiebach	
1935	0:22:15	1/1/2019 	1329442	338.00	7.00	11.48	49.69	89255.48	51801	0	BartonZwiebach	
1936	0:22:15	1/1/2019 	1329977	178.00	5.00	8.74	49.69	89256.80	49795	0	BartonZwiebach	
1937	0:22:16	1/1/2019 	1331146	154.00	5.00	8.11	49.70	89259.36	50549	0	BartonZwiebach	
1938	0:22:18	1/1/2019 	1332871	456.00	7.00	12.44	49.71	89264.91	97735	0	BartonZwiebach	
1939	0:22:19	1/1/2019 	1333572	63.00	4.00	5.90	49.71	89266.24	49795	0	BartonZwiebach	
1940	0:22:20	1/1/2019 	1334462	604.00	14.00	14.91	49.72	89268.97	1847	0	BartonZwiebach	
1941	0:22:20	1/1/2019 	1334809	209.00	5.00	9.46	49.72	89270.31	51920	0	BartonZwiebach	
1942	0:22:21	1/1/2019 	1335481	94.00	4.00	6.43	49.72	89271.50	1849	0	BartonZwiebach	
1943	0:22:23	1/1/2019 	1338218	548.00	14.00	13.92	49.74	89279.95	145678	0	BartonZwiebach	
1944	0:22:23	1/1/2019 	1338255	144.00	4.00	7.83	49.74	89279.95	1851	0	BartonZwiebach	
1945	0:22:24	1/1/2019 	1338328	78.00	4.00	6.09	49.74	89279.95	1847	0	BartonZwiebach	
1946	0:22:24	1/1/2019 	1338377	253.00	5.00	10.27	49.74	89279.95	3832	0	BartonZwiebach	
1947	0:22:25	1/1/2019 	1339726	476.00	7.00	12.57	49.75	89283.83	97739	0	BartonZwiebach	
1948	0:22:25	1/1/2019 	1340127	130.00	4.00	7.42	49.75	89285.16	2606	0	BartonZwiebach	
1949	0:22:26	1/1/2019 	1340762	94.00	4.00	6.43	49.75	89286.53	49790	0	BartonZwiebach	
1950	0:22:26	1/1/2019 	1340908	409.00	6.00	12.05	49.75	89287.89	1848	0	BartonZwiebach	
1951	0:22:27	1/1/2019 	1341765	183.00	5.00	8.87	49.76	89289.06	49794	0	BartonZwiebach	
1952	0:22:27	1/1/2019 	1341814	111.00	4.00	6.88	49.76	89289.06	3978	0	BartonZwiebach	
1953	0:22:29	1/1/2019 	1343398	107.00	4.00	6.77	49.77	89294.46	49791	0	BartonZwiebach	
1954	0:22:29	1/1/2019 	1343741	70.00	4.00	5.97	49.77	89294.46	49793	0	BartonZwiebach	
1955	0:22:30	1/1/2019 	1344808	979.00	604.00	105.68	49.77	89297.83	49791	0	BartonZwiebach	
1956	0:22:32	1/1/2019 	1346359	242.00	5.00	10.09	49.78	89301.55	49810	0	BartonZwiebach	
1957	0:22:33	1/1/2019 	1347860	187.00	4.00	8.95	49.79	89305.28	97741	0	BartonZwiebach	
1958	0:22:33	1/1/2019 	1347930	696.00	26.00	18.87	49.79	89305.28	3837	0	BartonZwiebach	
1959	0:22:33	1/1/2019 	1348051	86.00	4.00	6.25	49.79	89305.28	1849	0	BartonZwiebach	
1960	0:22:34	1/1/2019 	1349184	138.00	4.00	7.66	49.79	89308.81	49790	0	BartonZwiebach	
1961	0:22:35	1/1/2019 	1350150	79.00	4.00	6.11	49.80	89311.00	49793	0	BartonZwiebach	
1962	0:22:35	1/1/2019 	1350262	251.00	5.00	10.24	49.80	89311.00	2603	0	BartonZwiebach	
1963	0:22:36	1/1/2019 	1350960	85.00	4.00	6.23	49.80	89312.19	49794	0	BartonZwiebach	
1964	0:22:36	1/1/2019 	1351249	62.00	4.00	5.90	49.80	89313.19	3975	0	BartonZwiebach	
1965	0:22:36	1/1/2019 	1351278	109.00	4.00	6.83	49.80	89313.19	1846	0	BartonZwiebach	
1966	0:22:37	1/1/2019 	1351917	188.00	5.00	8.99	49.80	89314.05	49791	0	BartonZwiebach	
1967	0:22:38	1/1/2019 	1352754	690.00	26.00	18.76	49.81	89316.92	49795	0	BartonZwiebach	
1968	0:22:41	1/1/2019 	1355292	119.00	4.00	7.11	49.82	89323.52	97740	0	BartonZwiebach	
1969	0:22:41	1/1/2019 	1355600	131.00	4.00	7.45	49.82	89325.03	49793	0	BartonZwiebach	
1970	0:22:41	1/1/2019 	1355880	588.00	11.00	14.19	49.82	89325.03	3835	0	BartonZwiebach	
1971	0:22:41	1/1/2019 	1356109	238.00	5.00	10.02	49.82	89326.41	1849	0	BartonZwiebach	
1972	0:22:41	1/1/2019 	1356116	625.00	13.00	15.15	49.82	89326.41	1849	0	BartonZwiebach	
1973	0:22:41	1/1/2019 	1356137	754.00	36.00	20.88	49.82	89326.41	1850	0	BartonZwiebach	
1974	0:22:42	1/1/2019 	1356434	186.00	5.00	8.94	49.82	89326.41	1849	0	BartonZwiebach	
1975	0:22:42	1/1/2019 	1357100	56.00	4.00	5.88	49.83	89329.45	49792	0	BartonZwiebach	
1976	0:22:43	1/1/2019 	1357944	938.00	165.00	41.49	49.83	89332.33	51779	0	BartonZwiebach	
1977	0:22:43	1/1/2019 	1358014	718.00	29.00	19.65	49.83	89332.33	1851	0	BartonZwiebach	
1978	0:22:44	1/1/2019 	1358444	57.00	4.00	5.88	49.83	89333.86	1849	0	BartonZwiebach	
1979	0:22:44	1/1/2019 	1359082	321.00	6.00	11.25	49.83	89335.40	49792	0	BartonZwiebach	
1980	0:22:47	1/1/2019 	1361362	519.00	15.00	13.61	49.84	89341.84	97739	0	BartonZwiebach	
1981	0:22:49	1/1/2019 	1363330	113.00	4.00	6.94	49.85	89346.59	100631	0	BartonZwiebach	
1982	0:22:49	1/1/2019 	1363993	929.00	154.00	39.91	49.85	89347.77	49790	0	BartonZwiebach	
1983	0:22:49	1/1/2019 	1364135	201.00	5.00	9.28	49.85	89347.77	1850	0	BartonZwiebach	
1984	0:22:50	1/1/2019 	1364755	63.00	4.00	5.90	49.86	89350.27	49791	0	BartonZwiebach	
1985	0:22:50	1/1/2019 	1365164	680.00	20.00	17.56	49.86	89350.27	1847	0	BartonZwiebach	
1986	0:22:50	1/1/2019 	1365221	168.00	5.00	8.49	49.86	89350.27	1850	0	BartonZwiebach	
1987	0:22:51	1/1/2019 	1366266	253.00	5.00	10.27	49.86	89353.52	51782	0	BartonZwiebach	
1988	0:22:52	1/1/2019 	1366888	60.00	4.00	5.88	49.86	89354.68	49795	0	BartonZwiebach	
1989	0:22:53	1/1/2019 	1367357	578.00	9.00	13.74	49.86	89355.54	1847	0	BartonZwiebach	
1990	0:22:53	1/1/2019 	1368171	60.00	4.00	5.88	49.87	89357.92	49796	0	BartonZwiebach	
1991	0:22:54	1/1/2019 	1369022	330.00	5.00	11.30	49.87	89358.78	49790	0	BartonZwiebach	
1992	0:22:54	1/1/2019 	1369118	462.00	9.00	12.64	49.87	89359.92	1852	0	BartonZwiebach	
1993	0:22:55	1/1/2019 	1369560	196.00	5.00	9.17	49.87	89359.92	51783	0	BartonZwiebach	
1994	0:22:57	1/1/2019 	1371973	131.00	5.00	7.46	49.88	89365.19	98492	0	BartonZwiebach	
1995	0:22:58	1/1/2019 	1372441	127.00	4.00	7.34	49.88	89366.52	1850	0	BartonZwiebach	
1996	0:22:58	1/1/2019 	1373263	76.00	4.00	6.06	49.88	89368.92	49792	0	BartonZwiebach	
1997	0:22:59	1/1/2019 	1373813	113.00	5.00	6.94	49.89	89370.11	49791	0	BartonZwiebach	
1998	0:22:59	1/1/2019 	1373904	425.00	11.00	12.51	49.89	89370.11	1850	0	BartonZwiebach	
1999	0:23:00	1/1/2019 	1374632	972.00	368.00	69.09	49.89	89372.45	51923	0	BartonZwiebach	
2000	0:23:01	1/1/2019 	1375449	158.00	4.00	8.21	49.89	89375.36	1851	0	BartonZwiebach	
2001	0:23:02	1/1/2019 	1376734	630.00	20.00	16.37	49.90	89378.06	97738	0	BartonZwiebach	
2002	0:23:02	1/1/2019 	1377250	578.00	9.00	13.74	49.90	89379.42	1851	0	BartonZwiebach	
2003	0:23:03	1/1/2019 	1377970	94.00	4.00	6.43	49.91	89382.45	49795	0	BartonZwiebach	
2004	0:23:03	1/1/2019 	1378128	630.00	14.00	15.43	49.91	89382.45	1848	0	BartonZwiebach	
2005	0:23:04	1/1/2019 	1378826	58.00	4.00	5.88	49.91	89383.95	51783	0	BartonZwiebach	
2006	0:23:05	1/1/2019 	1379293	178.00	0.00	8.69	49.91	89385.66	1846	0	BartonZwiebach	
2007	0:23:05	1/1/2019 	1379408	973.00	276.00	53.45	49.91	89387.20	1838	0	BartonZwiebach	
2008	0:23:05	1/1/2019 	1379828	102.00	4.00	6.64	49.91	89388.57	49802	0	BartonZwiebach	
2009	0:23:06	1/1/2019 	1380719	81.00	4.00	6.15	49.92	89390.25	50548	0	BartonZwiebach	
2010	0:23:06	1/1/2019 	1381253	953.00	160.00	40.80	49.92	89392.11	3975	0	BartonZwiebach	
2011	0:23:07	1/1/2019 	1382049	339.00	7.00	11.49	49.92	89395.33	49799	0	BartonZwiebach	
2012	0:23:08	1/1/2019 	1382747	173.00	4.00	8.61	49.93	89398.23	49795	0	BartonZwiebach	
2013	0:23:08	1/1/2019 	1382862	159.00	4.00	8.24	49.93	89398.23	1848	0	BartonZwiebach	
2014	0:23:09	1/1/2019 	1383491	210.00	5.00	9.48	49.93	89399.94	1847	0	BartonZwiebach	
2015	0:23:10	1/1/2019 	1384709	59.00	4.00	5.88	49.94	89404.84	97735	0	BartonZwiebach	
2016	0:23:11	1/1/2019 	1385752	970.00	225.00	47.75	49.94	89407.89	51780	0	BartonZwiebach	
2017	0:23:11	1/1/2019 	1385869	965.00	201.00	45.52	49.94	89407.89	1850	0	BartonZwiebach	
2018	0:23:13	1/1/2019 	1387393	298.00	6.00	10.96	49.95	89413.16	49799	0	BartonZwiebach	
2019	0:23:13	1/1/2019 	1388149	229.00	5.00	9.85	49.95	89416.55	49794	0	BartonZwiebach	
2020	0:23:13	1/1/2019 	1388175	148.00	4.00	7.94	49.95	89416.55	1849	0	BartonZwiebach	
2021	0:23:15	1/1/2019 	1389583	239.00	5.00	10.03	49.96	89421.80	97736	0	BartonZwiebach	
2022	0:23:15	1/1/2019 	1389833	916.00	121.00	34.11	49.96	89421.80	4743	0	BartonZwiebach	
2023	0:23:15	1/1/2019 	1390224	130.00	4.00	7.42	49.96	89423.67	1849	0	BartonZwiebach	
2024	0:23:16	1/1/2019 	1390317	113.00	4.00	6.94	49.96	89423.67	1847	0	BartonZwiebach	
2025	0:23:16	1/1/2019 	1391046	636.00	22.00	16.79	49.97	89426.72	49792	0	BartonZwiebach	
2026	0:23:17	1/1/2019 	1391474	718.00	28.00	19.51	49.97	89426.72	1849	0	BartonZwiebach	
2027	0:23:18	1/1/2019 	1393169	663.00	18.00	16.85	49.98	89433.81	97740	0	BartonZwiebach	
2028	0:23:18	1/1/2019 	1393238	293.00	5.00	10.86	49.98	89433.81	3839	0	BartonZwiebach	
2029	0:23:19	1/1/2019 	1394064	976.00	387.00	72.30	49.98	89437.20	49795	0	BartonZwiebach	
2030	0:23:21	1/1/2019 	1395653	312.00	6.00	11.14	49.99	89441.78	97755	0	BartonZwiebach	
2031	0:23:21	1/1/2019 	1395783	62.00	4.00	5.90	49.99	89441.78	1850	0	BartonZwiebach	
2032	0:23:21	1/1/2019 	1396236	74.00	5.00	6.03	49.99	89443.30	1846	0	BartonZwiebach	
2033	0:23:22	1/1/2019 	1396842	987.00	742.00	132.94	50.00	89446.17	49792	0	BartonZwiebach	
2034	0:23:23	1/1/2019 	1397316	661.00	17.00	16.61	50.00	89446.17	3839	0	BartonZwiebach	
2035	0:23:24	1/1/2019 	1398817	969.00	196.00	45.04	50.01	89452.44	97738	0	BartonZwiebach	
2036	0:23:25	1/1/2019 	1399841	660.00	18.00	16.79	50.01	89455.31	49800	0	BartonZwiebach	
2037	0:23:25	1/1/2019 	1399985	977.00	289.00	55.33	50.01	89455.31	2606	0	BartonZwiebach	
2038	0:23:27	1/1/2019 	1401557	54.00	4.00	5.88	50.02	89460.05	97750	0	BartonZwiebach	
2039	0:23:27	1/1/2019 	1401607	135.00	4.00	7.57	50.02	89460.05	3976	0	BartonZwiebach	
2040	0:23:28	1/1/2019 	1402479	240.00	5.00	10.05	50.03	89463.09	1848	0	BartonZwiebach	
2041	0:23:28	1/1/2019 	1402594	928.00	103.00	30.61	50.03	89463.09	49797	0	BartonZwiebach	
2042	0:23:29	1/1/2019 	1403948	952.00	146.00	38.64	50.03	89467.48	49797	0	BartonZwiebach	
2043	0:23:29	1/1/2019 	1404182	100.00	4.00	6.58	50.04	89469.16	1851	0	BartonZwiebach	
2044	0:23:30	1/1/2019 	1404345	811.00	65.00	24.13	50.04	89469.16	1847	0	BartonZwiebach	
2045	0:23:30	1/1/2019 	1404480	920.00	138.00	37.26	50.04	89469.16	3840	0	BartonZwiebach	
2046	0:23:31	1/1/2019 	1405595	60.00	4.00	5.88	50.05	89473.41	97746	0	BartonZwiebach	
2047	0:23:31	1/1/2019 	1405957	226.00	5.00	9.80	50.05	89473.41	1848	0	BartonZwiebach	
2048	0:23:32	1/1/2019 	1406872	177.00	4.00	8.71	50.05	89476.08	49792	0	BartonZwiebach	
2049	0:23:32	1/1/2019 	1406925	78.00	4.00	6.09	50.05	89476.08	1848	0	BartonZwiebach	
2050	0:23:33	1/1/2019 	1407336	89.00	4.00	6.32	50.05	89477.62	1847	0	BartonZwiebach	
2051	0:23:33	1/1/2019 	1407353	83.00	5.00	6.19	50.05	89477.62	3835	0	BartonZwiebach	
2052	0:23:33	1/1/2019 	1407845	312.00	6.00	11.14	50.06	89478.98	49793	0	BartonZwiebach	
2053	0:23:33	1/1/2019 	1408030	54.00	4.00	5.88	50.06	89480.33	1848	0	BartonZwiebach	
2054	0:23:34	1/1/2019 	1408576	63.00	4.00	5.90	50.06	89482.03	49792	0	BartonZwiebach	
2055	0:23:34	1/1/2019 	1408880	94.00	4.00	6.43	50.06	89482.03	1849	0	BartonZwiebach	
2056	0:23:35	1/1/2019 	1409965	71.00	4.00	5.98	50.07	89484.53	49791	0	BartonZwiebach	
2057	0:23:35	1/1/2019 	1409990	153.00	5.00	8.08	50.07	89485.73	4739	0	BartonZwiebach	
2058	0:23:35	1/1/2019 	1410046	576.00	10.00	13.86	50.07	89485.73	1848	0	BartonZwiebach	
2059	0:23:35	1/1/2019 	1410190	494.00	7.00	12.69	50.07	89485.73	1850	0	BartonZwiebach	
2060	0:23:36	1/1/2019 	1410948	334.00	7.00	11.44	50.07	89488.44	49796	0	BartonZwiebach	
2061	0:23:36	1/1/2019 	1411171	175.00	3.00	8.65	50.07	89488.44	1850	0	BartonZwiebach	
2062	0:23:37	1/1/2019 	1411798	960.00	186.00	44.01	50.08	89489.78	49791	0	BartonZwiebach	
2063	0:23:37	1/1/2019 	1412210	592.00	10.00	14.09	50.08	89491.12	3839	0	BartonZwiebach	
2064	0:23:38	1/1/2019 	1412496	138.00	5.00	7.66	50.08	89492.48	1849	0	BartonZwiebach	
2065	0:23:39	1/1/2019 	1413733	976.00	340.00	64.06	50.09	89494.84	97740	0	BartonZwiebach	
2066	0:23:39	1/1/2019 	1414031	698.00	25.00	18.75	50.09	89496.21	1851	0	BartonZwiebach	
2067	0:23:39	1/1/2019 	1414101	100.00	4.00	6.58	50.09	89496.21	1850	0	BartonZwiebach	
2068	0:23:40	1/1/2019 	1414327	148.00	4.00	7.94	50.09	89496.21	3834	0	BartonZwiebach	
2069	0:23:41	1/1/2019 	1416059	64.00	4.00	5.91	50.10	89501.08	97737	0	BartonZwiebach	
2070	0:23:42	1/1/2019 	1417124	989.00	700.00	126.66	50.10	89503.64	49792	0	BartonZwiebach	
2071	0:23:44	1/1/2019 	1418676	304.00	5.00	11.00	50.11	89507.17	97772	0	BartonZwiebach	
2072	0:23:44	1/1/2019 	1418767	329.00	6.00	11.34	50.11	89508.34	1851	0	BartonZwiebach	
2073	0:23:44	1/1/2019 	1418866	577.00	9.00	13.73	50.11	89508.34	1848	0	BartonZwiebach	
2074	0:23:45	1/1/2019 	1419317	221.00	5.00	9.70	50.12	89509.54	3892	0	BartonZwiebach	
2075	0:23:45	1/1/2019 	1419433	270.00	5.00	10.54	50.12	89509.54	1850	0	BartonZwiebach	
2076	0:23:45	1/1/2019 	1419651	825.00	63.00	23.93	50.12	89509.54	49795	0	BartonZwiebach	
2077	0:23:46	1/1/2019 	1420697	119.00	5.00	7.11	50.12	89512.75	50748	0	BartonZwiebach	
2078	0:23:47	1/1/2019 	1421563	334.00	7.00	11.44	50.13	89514.09	49793	0	BartonZwiebach	
2079	0:23:48	1/1/2019 	1422357	202.00	5.00	9.31	50.13	89516.28	1850	0	BartonZwiebach	
2080	0:23:48	1/1/2019 	1422824	66.00	4.00	5.93	50.13	89517.45	51921	0	BartonZwiebach	
2081	0:23:48	1/1/2019 	1423015	572.00	9.00	13.67	50.13	89517.45	1846	0	BartonZwiebach	
2082	0:23:49	1/1/2019 	1423373	63.00	4.00	5.90	50.14	89518.65	1849	0	BartonZwiebach	
2083	0:23:49	1/1/2019 	1424264	90.00	4.00	6.34	50.14	89521.02	49792	0	BartonZwiebach	
2084	0:23:50	1/1/2019 	1424469	978.00	397.00	73.88	50.14	89521.02	1847	0	BartonZwiebach	
2085	0:23:50	1/1/2019 	1425051	600.00	11.00	14.38	50.14	89522.87	49806	0	BartonZwiebach	
2086	0:23:51	1/1/2019 	1425635	105.00	4.00	6.72	50.15	89524.03	51783	0	BartonZwiebach	
2087	0:23:51	1/1/2019 	1425885	215.00	5.00	9.58	50.15	89524.03	1848	0	BartonZwiebach	
2088	0:23:53	1/1/2019 	1427340	65.00	4.00	5.92	50.15	89527.08	49792	0	BartonZwiebach	
2089	0:23:54	1/1/2019 	1428828	69.00	4.00	5.96	50.16	89530.44	97736	0	BartonZwiebach	
2090	0:23:54	1/1/2019 	1429257	120.00	4.00	7.14	50.16	89531.64	1848	0	BartonZwiebach	
2091	0:23:56	1/1/2019 	1430406	935.00	122.00	34.32	50.17	89534.86	49791	0	BartonZwiebach	
2092	0:23:57	1/1/2019 	1431335	957.00	173.00	42.52	50.17	89536.22	52889	0	BartonZwiebach	
2093	0:23:57	1/1/2019 	1431473	82.00	4.00	6.17	50.17	89537.39	1851	0	BartonZwiebach	
2094	0:23:58	1/1/2019 	1432412	57.00	4.00	5.88	50.18	89539.93	49789	0	BartonZwiebach	
2095	0:23:58	1/1/2019 	1432756	241.00	5.00	10.07	50.18	89539.93	49793	0	BartonZwiebach	
2096	0:23:59	1/1/2019 	1433870	971.00	315.00	59.59	50.18	89543.48	49796	0	BartonZwiebach	
2097	0:23:59	1/1/2019 	1433886	63.00	4.00	5.90	50.18	89543.48	3839	0	BartonZwiebach	
2098	0:23:59	1/1/2019 	1434199	464.00	7.00	12.49	50.18	89543.48	1847	0	BartonZwiebach	
2099	0:24:00	1/1/2019 	1434403	108.00	5.00	6.80	50.19	89544.66	1849	0	BartonZwiebach	
2100	0:24:00	1/1/2019 	1434423	957.00	158.00	40.51	50.19	89544.66	1849	0	BartonZwiebach	
2101	0:24:01	1/1/2019 	1435335	140.00	4.00	7.71	50.19	89546.54	49799	0	BartonZwiebach	
2102	0:24:01	1/1/2019 	1435428	542.00	8.00	13.19	50.19	89546.54	1849	0	BartonZwiebach	
2103	0:24:02	1/1/2019 	1436562	406.00	10.00	12.29	50.19	89548.70	99781	0	BartonZwiebach	
2104	0:24:04	1/1/2019 	1438419	60.00	4.00	5.88	50.20	89552.61	49796	0	BartonZwiebach	
2105	0:24:05	1/1/2019 	1439703	108.00	4.00	6.80	50.21	89555.62	97737	0	BartonZwiebach	
2106	0:24:05	1/1/2019 	1440184	76.00	5.00	6.06	50.21	89556.82	2804	0	BartonZwiebach	
2107	0:24:06	1/1/2019 	1440491	922.00	142.00	37.96	50.21	89556.82	1848	0	BartonZwiebach	
2108	0:24:06	1/1/2019 	1441186	556.00	9.00	13.47	50.21	89558.50	49799	0	BartonZwiebach	
2109	0:24:08	1/1/2019 	1442599	99.00	4.00	6.56	50.22	89561.21	99867	0	BartonZwiebach	
2110	0:24:08	1/1/2019 	1443026	443.00	6.00	12.27	50.22	89561.21	1848	0	BartonZwiebach	
2111	0:24:09	1/1/2019 	1444015	182.00	4.00	8.83	50.23	89564.23	49792	0	BartonZwiebach	
2112	0:24:09	1/1/2019 	1444265	114.00	4.00	6.97	50.23	89564.23	1849	0	BartonZwiebach	
2113	0:24:10	1/1/2019 	1444560	114.00	4.00	6.97	50.23	89564.91	49789	0	BartonZwiebach	
2114	0:24:10	1/1/2019 	1444861	69.00	4.00	5.96	50.23	89564.91	1848	0	BartonZwiebach	
2115	0:24:10	1/1/2019 	1444962	94.00	4.00	6.43	50.23	89564.91	3834	0	BartonZwiebach	
2116	0:24:10	1/1/2019 	1445094	247.00	5.00	10.17	50.23	89565.94	1846	0	BartonZwiebach	
2117	0:24:11	1/1/2019 	1445665	154.00	5.00	8.11	50.23	89567.13	49793	0	BartonZwiebach	
2118	0:24:12	1/1/2019 	1446375	58.00	0.00	5.87	50.23	89568.30	1850	0	BartonZwiebach	
2119	0:24:12	1/1/2019 	1446416	909.00	122.00	34.28	50.23	89568.30	1836	0	BartonZwiebach	
2120	0:24:13	1/1/2019 	1447367	201.00	4.00	9.27	50.24	89570.35	49797	0	BartonZwiebach	
2121	0:24:13	1/1/2019 	1447747	131.00	4.00	7.45	50.24	89571.55	51780	0	BartonZwiebach	
2122	0:24:13	1/1/2019 	1448053	92.00	4.00	6.39	50.24	89572.52	1847	0	BartonZwiebach	
2123	0:24:14	1/1/2019 	1448563	61.00	4.00	5.89	50.24	89572.69	49789	0	BartonZwiebach	
2124	0:24:16	1/1/2019 	1450793	199.00	5.00	9.24	50.25	89576.77	97733	0	BartonZwiebach	
2125	0:24:16	1/1/2019 	1450935	116.00	4.00	7.02	50.25	89577.62	2803	0	BartonZwiebach	
2126	0:24:17	1/1/2019 	1451460	967.00	256.00	50.93	50.25	89578.65	1851	0	BartonZwiebach	
2127	0:24:18	1/1/2019 	1452583	871.00	90.00	28.05	50.25	89580.50	99876	0	BartonZwiebach	
2128	0:24:18	1/1/2019 	1452784	993.00	840.00	151.71	50.26	89581.67	1851	0	BartonZwiebach	
2129	0:24:19	1/1/2019 	1453303	344.00	7.00	11.55	50.26	89582.53	1850	0	BartonZwiebach	
2130	0:24:20	1/1/2019 	1454551	72.00	4.00	6.00	50.26	89584.41	97738	0	BartonZwiebach	
2131	0:24:20	1/1/2019 	1455092	98.00	4.00	6.53	50.26	89585.41	1847	0	BartonZwiebach	
2132	0:24:20	1/1/2019 	1455168	403.00	6.00	12.01	50.26	89585.41	3889	0	BartonZwiebach	
2133	0:24:21	1/1/2019 	1456049	360.00	6.00	11.65	50.26	89587.45	49794	0	BartonZwiebach	
2134	0:24:22	1/1/2019 	1456322	164.00	4.00	8.38	50.27	89588.65	1851	0	BartonZwiebach	
2135	0:24:22	1/1/2019 	1456975	93.00	4.00	6.41	50.27	89589.51	49791	0	BartonZwiebach	
2136	0:24:23	1/1/2019 	1457330	915.00	133.00	36.36	50.27	89590.67	1847	0	BartonZwiebach	
2137	0:24:23	1/1/2019 	1458279	378.00	9.00	11.99	50.27	89592.36	49798	0	BartonZwiebach	
2138	0:24:24	1/1/2019 	1459151	101.00	8.00	6.62	50.27	89594.24	51782	0	BartonZwiebach	
2139	0:24:24	1/1/2019 	1459278	336.00	6.00	11.41	50.27	89594.24	1848	0	BartonZwiebach	
2140	0:24:26	1/1/2019 	1461210	152.00	5.00	8.06	50.28	89597.47	97738	0	BartonZwiebach	
2141	0:24:27	1/1/2019 	1461464	72.00	4.00	6.00	50.28	89597.47	2802	0	BartonZwiebach	
2142	0:24:27	1/1/2019 	1461755	661.00	17.00	16.61	50.28	89598.63	49790	0	BartonZwiebach	
2143	0:24:28	1/1/2019 	1462960	195.00	5.00	9.15	50.28	89600.34	49794	0	BartonZwiebach	
2144	0:24:29	1/1/2019 	1464229	218.00	4.00	9.62	50.29	89602.70	51922	0	BartonZwiebach	
2145	0:24:30	1/1/2019 	1464862	188.00	4.00	8.98	50.29	89603.70	49791	0	BartonZwiebach	
2146	0:24:30	1/1/2019 	1465028	54.00	4.00	5.88	50.29	89604.22	1848	0	BartonZwiebach	
2147	0:24:31	1/1/2019 	1466170	60.00	4.00	5.88	50.29	89605.76	49792	0	BartonZwiebach	
2148	0:24:32	1/1/2019 	1466849	972.00	284.00	54.59	50.29	89606.44	49791	0	BartonZwiebach	
2149	0:24:33	1/1/2019 	1468123	988.00	933.00	210.39	50.30	89609.15	49801	0	BartonZwiebach	
2150	0:24:33	1/1/2019 	1468259	166.00	5.00	8.44	50.30	89609.15	3839	0	BartonZwiebach	
2151	0:24:34	1/1/2019 	1468666	125.00	4.00	7.28	50.30	89610.00	49794	0	BartonZwiebach	
2152	0:24:35	1/1/2019 	1469565	83.00	4.00	6.19	50.30	89611.34	49791	0	BartonZwiebach	
2153	0:24:35	1/1/2019 	1470223	393.00	5.00	11.86	50.30	89611.86	2800	0	BartonZwiebach	
2154	0:24:35	1/1/2019 	1470246	189.00	4.00	9.00	50.30	89611.86	1849	0	BartonZwiebach	
2155	0:24:37	1/1/2019 	1472190	216.00	5.00	9.60	50.30	89614.73	97732	0	BartonZwiebach	
2156	0:24:38	1/1/2019 	1472306	69.00	4.00	5.96	50.31	89615.56	3977	0	BartonZwiebach	
2157	0:24:38	1/1/2019 	1472560	331.00	7.00	11.40	50.31	89615.56	49792	0	BartonZwiebach	
2158	0:24:38	1/1/2019 	1472761	909.00	90.00	28.16	50.31	89616.25	1849	0	BartonZwiebach	
2159	0:24:39	1/1/2019 	1474052	90.00	4.00	6.34	50.31	89617.96	49796	0	BartonZwiebach	
2160	0:24:39	1/1/2019 	1474224	666.00	18.00	16.91	50.31	89618.48	1847	0	BartonZwiebach	
2161	0:24:40	1/1/2019 	1474381	88.00	4.00	6.29	50.31	89618.48	3892	0	BartonZwiebach	
2162	0:24:40	1/1/2019 	1474469	162.00	4.00	8.32	50.31	89618.48	1848	0	BartonZwiebach	
2163	0:24:40	1/1/2019 	1474816	264.00	5.00	10.45	50.31	89619.67	49791	0	BartonZwiebach	
2164	0:24:40	1/1/2019 	1475250	77.00	4.00	6.08	50.31	89620.67	1849	0	BartonZwiebach	
2165	0:24:41	1/1/2019 	1475597	152.00	5.00	8.06	50.31	89620.67	49790	0	BartonZwiebach	
2166	0:24:41	1/1/2019 	1475758	336.00	5.00	11.36	50.31	89621.02	1850	0	BartonZwiebach	
2167	0:24:42	1/1/2019 	1476376	542.00	16.00	14.00	50.32	89622.03	3837	0	BartonZwiebach	
2168	0:24:42	1/1/2019 	1476406	852.00	78.00	26.01	50.32	89622.03	1850	0	BartonZwiebach	
2169	0:24:43	1/1/2019 	1477304	103.00	4.00	6.66	50.32	89623.55	49796	0	BartonZwiebach	
2170	0:24:43	1/1/2019 	1477461	100.00	4.00	6.58	50.32	89623.55	1848	0	BartonZwiebach	
2171	0:24:43	1/1/2019 	1478039	238.00	5.00	10.02	50.32	89624.41	49791	0	BartonZwiebach	
2172	0:24:44	1/1/2019 	1478837	258.00	5.00	10.35	50.32	89626.09	49793	0	BartonZwiebach	
2173	0:24:44	1/1/2019 	1478989	854.00	75.00	25.57	50.32	89626.09	3838	0	BartonZwiebach	
2174	0:24:45	1/1/2019 	1479965	962.00	208.00	46.18	50.32	89627.97	49797	0	BartonZwiebach	
2175	0:24:47	1/1/2019 	1481779	78.00	4.00	6.09	50.33	89632.08	98697	0	BartonZwiebach	
2176	0:24:47	1/1/2019 	1481977	959.00	156.00	40.21	50.33	89633.08	1847	0	BartonZwiebach	
2177	0:24:47	1/1/2019 	1482152	184.00	5.00	8.89	50.33	89633.08	1849	0	BartonZwiebach	
2178	0:24:47	1/1/2019 	1482193	281.00	5.00	10.70	50.33	89633.08	1848	0	BartonZwiebach	
2179	0:24:47	1/1/2019 	1482277	960.00	150.00	39.29	50.33	89633.08	3978	0	BartonZwiebach	
2180	0:24:48	1/1/2019 	1482889	116.00	5.00	7.03	50.33	89634.11	49796	0	BartonZwiebach	
2181	0:24:50	1/1/2019 	1484355	159.00	5.00	8.25	50.33	89636.67	49794	0	BartonZwiebach	
2182	0:24:50	1/1/2019 	1485238	346.00	8.00	11.62	50.33	89638.88	49794	0	BartonZwiebach	
2183	0:24:53	1/1/2019 	1487489	299.00	6.00	10.97	50.34	89644.15	97743	0	BartonZwiebach	
2184	0:24:53	1/1/2019 	1487929	190.00	5.00	9.03	50.34	89645.31	49795	0	BartonZwiebach	
2185	0:24:54	1/1/2019 	1488942	278.00	5.00	10.65	50.34	89647.55	51780	0	BartonZwiebach	
2186	0:24:54	1/1/2019 	1489062	988.00	673.00	121.52	50.34	89647.55	1851	0	BartonZwiebach	
2187	0:24:56	1/1/2019 	1490319	105.00	4.00	6.72	50.35	89650.97	49810	0	BartonZwiebach	
2188	0:24:56	1/1/2019 	1490495	390.00	10.00	12.15	50.35	89650.97	2800	0	BartonZwiebach	
2189	0:24:56	1/1/2019 	1490875	603.00	20.00	15.62	50.35	89651.83	49794	0	BartonZwiebach	
2190	0:24:56	1/1/2019 	1490952	116.00	4.00	7.02	50.35	89651.83	4031	0	BartonZwiebach	
2191	0:24:56	1/1/2019 	1491133	862.00	95.00	28.91	50.35	89651.83	1847	0	BartonZwiebach	
2192	0:24:57	1/1/2019 	1491294	831.00	60.00	23.60	50.35	89652.82	1850	0	BartonZwiebach	
2193	0:24:57	1/1/2019 	1491853	252.00	5.00	10.26	50.35	89653.68	49798	0	BartonZwiebach	
2194	0:24:58	1/1/2019 	1492644	622.00	14.00	15.28	50.35	89655.56	49794	0	BartonZwiebach	
2195	0:24:59	1/1/2019 	1494030	192.00	5.00	9.08	50.35	89657.59	49796	0	BartonZwiebach	
2196	0:25:01	1/1/2019 	1495617	929.00	125.00	34.89	50.36	89661.84	99722	0	BartonZwiebach	
2197	0:25:01	1/1/2019 	1495779	919.00	141.00	37.78	50.36	89661.84	1852	0	BartonZwiebach	
2198	0:25:01	1/1/2019 	1495926	976.00	323.00	60.99	50.36	89661.84	1850	0	BartonZwiebach	
2199	0:25:01	1/1/2019 	1496015	445.00	7.00	12.37	50.36	89661.84	1849	0	BartonZwiebach	
2200	0:25:02	1/1/2019 	1496489	104.00	4.00	6.69	50.36	89662.70	1849	0	BartonZwiebach	
2201	0:25:02	1/1/2019 	1496598	122.00	4.00	7.19	50.36	89663.69	49792	0	BartonZwiebach	
2202	0:25:02	1/1/2019 	1496917	138.00	4.00	7.66	50.36	89663.69	3835	0	BartonZwiebach	
2203	0:25:02	1/1/2019 	1497115	975.00	301.00	57.22	50.36	89664.89	1848	0	BartonZwiebach	
2204	0:25:03	1/1/2019 	1497347	78.00	4.00	6.09	50.36	89664.89	1850	0	BartonZwiebach	
2205	0:25:03	1/1/2019 	1497373	990.00	708.00	127.73	50.36	89664.89	1848	0	BartonZwiebach	
2206	0:25:03	1/1/2019 	1497662	312.00	7.00	11.18	50.36	89665.58	49812	0	BartonZwiebach	
2207	0:25:03	1/1/2019 	1497714	990.00	488.00	85.39	50.36	89665.58	1850	0	BartonZwiebach	
2208	0:25:03	1/1/2019 	1498011	164.00	5.00	8.38	50.36	89666.60	3839	0	BartonZwiebach	
2209	0:25:04	1/1/2019 	1498774	152.00	4.00	8.05	50.37	89667.45	49794	0	BartonZwiebach	
2210	0:25:05	1/1/2019 	1499448	124.00	5.00	7.26	50.37	89669.45	1849	0	BartonZwiebach	
2211	0:25:08	1/1/2019 	1501904	377.00	10.00	12.03	50.37	89674.05	145678	0	BartonZwiebach	
2212	0:25:08	1/1/2019 	1502812	948.00	169.00	42.02	50.37	89674.73	50745	0	BartonZwiebach	
2213	0:25:09	1/1/2019 	1502932	925.00	151.00	39.44	50.37	89675.41	3978	0	BartonZwiebach	
2214	0:25:09	1/1/2019 	1502981	110.00	4.00	6.85	50.37	89675.41	1851	0	BartonZwiebach	
2215	0:25:09	1/1/2019 	1503072	197.00	5.00	9.19	50.37	89675.41	1846	0	BartonZwiebach	
2216	0:25:09	1/1/2019 	1503166	119.00	8.00	7.12	50.37	89675.41	1849	0	BartonZwiebach	
2217	0:25:09	1/1/2019 	1503196	121.00	4.00	7.17	50.37	89675.41	1847	0	BartonZwiebach	
2218	0:25:09	1/1/2019 	1503902	264.00	5.00	10.45	50.38	89677.12	49791	0	BartonZwiebach	
2219	0:25:10	1/1/2019 	1503979	120.00	4.00	7.14	50.38	89677.12	3844	0	BartonZwiebach	
2220	0:25:10	1/1/2019 	1504469	84.00	4.00	6.21	50.38	89678.15	1852	0	BartonZwiebach	
2221	0:25:11	1/1/2019 	1504948	183.00	4.00	8.86	50.38	89679.01	49790	0	BartonZwiebach	
2222	0:25:11	1/1/2019 	1505159	589.00	11.00	14.20	50.38	89679.01	1848	0	BartonZwiebach	
2223	0:25:11	1/1/2019 	1505822	713.00	27.00	19.29	50.38	89680.66	49796	0	BartonZwiebach	
2224	0:25:12	1/1/2019 	1506098	124.00	4.00	7.25	50.38	89680.66	1850	0	BartonZwiebach	
2225	0:25:13	1/1/2019 	1507379	166.00	4.00	8.43	50.39	89683.38	51781	0	BartonZwiebach	
2226	0:25:13	1/1/2019 	1507560	63.00	5.00	5.90	50.39	89683.38	49798	0	BartonZwiebach	
2227	0:25:13	1/1/2019 	1507640	283.00	5.00	10.72	50.39	89683.38	1856	0	BartonZwiebach	
2228	0:25:13	1/1/2019 	1507890	554.00	9.00	13.45	50.39	89684.06	1854	0	BartonZwiebach	
2229	0:25:15	1/1/2019 	1509047	107.00	4.00	6.77	50.39	89686.11	49792	0	BartonZwiebach	
2230	0:25:15	1/1/2019 	1509097	140.00	4.00	7.71	50.39	89686.11	1848	0	BartonZwiebach	
2231	0:25:15	1/1/2019 	1509183	140.00	4.00	7.71	50.39	89686.80	3889	0	BartonZwiebach	
2232	0:25:15	1/1/2019 	1509228	196.00	5.00	9.17	50.39	89686.80	1846	0	BartonZwiebach	
2233	0:25:16	1/1/2019 	1510782	158.00	5.00	8.22	50.40	89688.98	97735	0	BartonZwiebach	
2234	0:25:17	1/1/2019 	1510907	63.00	4.00	5.90	50.40	89688.98	2801	0	BartonZwiebach	
2235	0:25:17	1/1/2019 	1510963	176.00	5.00	8.69	50.40	89688.98	1847	0	BartonZwiebach	
2236	0:25:17	1/1/2019 	1511591	113.00	4.00	6.94	50.40	89689.67	49791	0	BartonZwiebach	
2237	0:25:19	1/1/2019 	1513455	190.00	4.00	9.02	50.40	89692.87	51918	0	BartonZwiebach	
2238	0:25:21	1/1/2019 	1515360	118.00	4.00	7.08	50.41	89696.29	97735	0	BartonZwiebach	
2239	0:25:21	1/1/2019 	1515486	313.00	7.00	11.19	50.41	89697.46	1848	0	BartonZwiebach	
2240	0:25:21	1/1/2019 	1515570	81.00	4.00	6.15	50.41	89697.46	49794	0	BartonZwiebach	
2241	0:25:22	1/1/2019 	1516631	116.00	4.00	7.02	50.41	89699.00	49791	0	BartonZwiebach	
2242	0:25:25	1/1/2019 	1519225	167.00	4.00	8.45	50.41	89702.94	97733	0	BartonZwiebach	
2243	0:25:25	1/1/2019 	1519315	186.00	4.00	8.93	50.41	89702.94	3836	0	BartonZwiebach	
2244	0:25:27	1/1/2019 	1520913	91.00	4.00	6.36	50.42	89706.48	97735	0	BartonZwiebach	
2245	0:25:27	1/1/2019 	1521053	218.00	5.00	9.64	50.42	89706.48	2800	0	BartonZwiebach	
2246	0:25:28	1/1/2019 	1522142	70.00	4.00	5.97	50.42	89707.98	49793	0	BartonZwiebach	
2247	0:25:28	1/1/2019 	1522396	150.00	7.00	8.01	50.42	89708.67	1848	0	BartonZwiebach	
2248	0:25:28	1/1/2019 	1522679	128.00	4.00	7.37	50.42	89708.67	51920	0	BartonZwiebach	
2249	0:25:29	1/1/2019 	1523892	77.00	4.00	6.08	50.43	89710.73	49791	0	BartonZwiebach	
2250	0:25:30	1/1/2019 	1524153	75.00	4.00	6.04	50.43	89710.73	1847	0	BartonZwiebach	
2251	0:25:31	1/1/2019 	1524975	436.00	7.00	12.31	50.43	89712.06	49793	0	BartonZwiebach	
2252	0:25:31	1/1/2019 	1525703	261.00	5.00	10.40	50.43	89713.41	49797	0	BartonZwiebach	
2253	0:25:31	1/1/2019 	1525768	104.00	4.00	6.69	50.43	89713.41	1851	0	BartonZwiebach	
2254	0:25:32	1/1/2019 	1526297	56.00	4.00	5.88	50.43	89714.26	3807	0	BartonZwiebach	
2255	0:25:32	1/1/2019 	1526724	110.00	4.00	6.85	50.43	89714.77	49792	0	BartonZwiebach	
2256	0:25:32	1/1/2019 	1526735	81.00	4.00	6.15	50.43	89714.77	1848	0	BartonZwiebach	
2257	0:25:32	1/1/2019 	1526893	129.00	4.00	7.40	50.43	89714.77	1846	0	BartonZwiebach	
2258	0:25:33	1/1/2019 	1527668	189.00	5.00	9.01	50.44	89715.94	49790	0	BartonZwiebach	
2259	0:25:33	1/1/2019 	1527768	78.00	4.00	6.09	50.44	89715.94	1850	0	BartonZwiebach	
2260	0:25:34	1/1/2019 	1528135	282.00	6.00	10.74	50.44	89716.28	6347	0	BartonZwiebach	
2261	0:25:34	1/1/2019 	1528844	231.00	5.00	9.89	50.44	89717.14	49797	0	BartonZwiebach	
2262	0:25:35	1/1/2019 	1529300	973.00	233.00	48.51	50.44	89717.66	1850	0	BartonZwiebach	
2263	0:25:35	1/1/2019 	1529719	409.00	6.00	12.05	50.44	89718.51	49801	0	BartonZwiebach	
2264	0:25:36	1/1/2019 	1530854	164.00	4.00	8.38	50.44	89719.67	50551	0	BartonZwiebach	
2265	0:25:37	1/1/2019 	1531092	97.00	4.00	6.51	50.44	89720.02	1848	0	BartonZwiebach	
2266	0:25:37	1/1/2019 	1531201	132.00	5.00	7.49	50.44	89720.02	3975	0	BartonZwiebach	
2267	0:25:37	1/1/2019 	1531688	166.00	4.00	8.43	50.44	89720.53	49794	0	BartonZwiebach	
2268	0:25:40	1/1/2019 	1533971	255.00	5.00	10.30	50.45	89724.41	97736	0	BartonZwiebach	
2269	0:25:41	1/1/2019 	1535118	703.00	29.00	19.43	50.45	89725.61	49798	0	BartonZwiebach	
2270	0:25:41	1/1/2019 	1535402	102.00	4.00	6.64	50.45	89725.61	1851	0	BartonZwiebach	
2271	0:25:41	1/1/2019 	1535686	102.00	4.00	6.64	50.45	89726.47	49791	0	BartonZwiebach	
2272	0:25:42	1/1/2019 	1536646	229.00	5.00	9.85	50.46	89727.98	51778	0	BartonZwiebach	
2273	0:25:42	1/1/2019 	1536669	91.00	4.00	6.36	50.46	89727.98	1850	0	BartonZwiebach	
2274	0:25:43	1/1/2019 	1537284	66.00	4.00	5.93	50.46	89728.83	1846	0	BartonZwiebach	
2275	0:25:43	1/1/2019 	1537351	56.00	4.00	5.88	50.46	89728.83	1847	0	BartonZwiebach	
2276	0:25:43	1/1/2019 	1537476	709.00	25.00	18.92	50.46	89729.52	1846	0	BartonZwiebach	
2277	0:25:43	1/1/2019 	1537635	473.00	8.00	12.64	50.46	89729.52	49795	0	BartonZwiebach	
2278	0:25:44	1/1/2019 	1538629	82.00	4.00	6.17	50.46	89730.72	51781	0	BartonZwiebach	
2279	0:25:45	1/1/2019 	1539157	182.00	4.00	8.83	50.46	89731.57	1847	0	BartonZwiebach	
2280	0:25:45	1/1/2019 	1539277	354.00	6.00	11.60	50.46	89731.57	1848	0	BartonZwiebach	
2281	0:25:46	1/1/2019 	1539988	330.00	5.00	11.30	50.46	89732.77	49796	0	BartonZwiebach	
2282	0:25:46	1/1/2019 	1540601	90.00	4.00	6.34	50.46	89733.77	50551	0	BartonZwiebach	
2283	0:25:47	1/1/2019 	1541333	64.00	4.00	5.91	50.46	89734.97	3974	0	BartonZwiebach	
2284	0:25:48	1/1/2019 	1542846	58.00	4.00	5.88	50.46	89737.16	97735	0	BartonZwiebach	
2285	0:25:50	1/1/2019 	1544431	645.00	17.00	16.29	50.47	89739.19	49792	0	BartonZwiebach	
2286	0:25:50	1/1/2019 	1544785	726.00	31.00	20.02	50.47	89739.88	49799	0	BartonZwiebach	
2287	0:25:50	1/1/2019 	1544868	90.00	4.00	6.34	50.47	89739.88	1856	0	BartonZwiebach	
2288	0:25:51	1/1/2019 	1545453	420.00	6.00	12.12	50.47	89740.39	1852	0	BartonZwiebach	
2289	0:25:51	1/1/2019 	1545694	76.00	4.00	6.06	50.47	89741.24	51783	0	BartonZwiebach	
2290	0:25:51	1/1/2019 	1545708	163.00	5.00	8.36	50.47	89741.24	1846	0	BartonZwiebach	
2291	0:25:52	1/1/2019 	1546012	106.00	4.00	6.74	50.47	89741.24	1848	0	BartonZwiebach	
2292	0:25:52	1/1/2019 	1546372	57.00	4.00	5.88	50.47	89741.76	1848	0	BartonZwiebach	
2293	0:25:52	1/1/2019 	1546600	640.00	16.00	16.00	50.47	89742.27	49792	0	BartonZwiebach	
2294	0:25:52	1/1/2019 	1546844	136.00	4.00	7.60	50.47	89742.27	1847	0	BartonZwiebach	
2295	0:25:52	1/1/2019 	1546875	986.00	573.00	98.92	50.47	89742.27	3835	0	BartonZwiebach	
2296	0:25:53	1/1/2019 	1547457	967.00	201.00	45.52	50.47	89742.78	1850	0	BartonZwiebach	
2297	0:25:53	1/1/2019 	1547607	166.00	5.00	8.44	50.47	89743.78	49801	0	BartonZwiebach	
2298	0:25:54	1/1/2019 	1548091	985.00	576.00	99.58	50.47	89744.30	1849	0	BartonZwiebach	
2299	0:25:55	1/1/2019 	1549704	128.00	4.00	7.37	50.48	89746.52	97765	0	BartonZwiebach	
2300	0:25:56	1/1/2019 	1550589	199.00	5.00	9.24	50.48	89747.72	50547	0	BartonZwiebach	
2301	0:25:57	1/1/2019 	1551111	351.00	8.00	11.67	50.48	89748.55	3977	0	BartonZwiebach	
2302	0:25:57	1/1/2019 	1551135	250.00	5.00	10.22	50.48	89748.55	1849	0	BartonZwiebach	
2303	0:25:57	1/1/2019 	1551307	148.00	4.00	7.94	50.48	89748.55	1850	0	BartonZwiebach	
2304	0:25:59	1/1/2019 	1552960	99.00	4.00	6.56	50.48	89751.95	97736	0	BartonZwiebach	
2305	0:26:00	1/1/2019 	1554019	203.00	5.00	9.33	50.48	89753.49	49793	0	BartonZwiebach	
2306	0:26:00	1/1/2019 	1554258	256.00	5.00	10.32	50.48	89753.49	1849	0	BartonZwiebach	
2307	0:26:00	1/1/2019 	1554309	921.00	151.00	39.43	50.48	89753.49	3837	0	BartonZwiebach	
2308	0:26:00	1/1/2019 	1554390	201.00	5.00	9.28	50.48	89754.69	1849	0	BartonZwiebach	
2309	0:26:01	1/1/2019 	1554979	114.00	5.00	6.97	50.48	89755.72	49793	0	BartonZwiebach	
2310	0:26:01	1/1/2019 	1555076	169.00	4.00	8.51	50.48	89755.72	1850	0	BartonZwiebach	
2311	0:26:01	1/1/2019 	1555261	134.00	4.00	7.54	50.48	89755.72	1847	0	BartonZwiebach	
2312	0:26:01	1/1/2019 	1555452	54.00	4.00	5.88	50.48	89756.75	1846	0	BartonZwiebach	
2313	0:26:02	1/1/2019 	1555905	486.00	7.00	12.63	50.49	89757.94	51779	0	BartonZwiebach	
2314	0:26:03	1/1/2019 	1556966	602.00	12.00	14.57	50.49	89760.00	49796	0	BartonZwiebach	
2315	0:26:03	1/1/2019 	1557608	67.00	4.00	5.94	50.49	89761.52	49795	0	BartonZwiebach	
2316	0:26:03	1/1/2019 	1557869	150.00	5.00	8.00	50.49	89762.72	1847	0	BartonZwiebach	
2317	0:26:04	1/1/2019 	1558494	66.00	4.00	5.93	50.49	89763.74	1848	0	BartonZwiebach	
2318	0:26:05	1/1/2019 	1559025	105.00	4.00	6.72	50.49	89765.11	51834	0	BartonZwiebach	
2319	0:26:05	1/1/2019 	1559157	196.00	5.00	9.17	50.49	89765.11	1848	0	BartonZwiebach	
2320	0:26:05	1/1/2019 	1559312	106.00	4.00	6.74	50.49	89766.83	1848	0	BartonZwiebach	
2321	0:26:06	1/1/2019 	1560287	258.00	5.00	10.35	50.49	89769.88	49795	0	BartonZwiebach	
2322	0:26:07	1/1/2019 	1561110	57.00	4.00	5.88	50.49	89771.25	50555	0	BartonZwiebach	
2323	0:26:07	1/1/2019 	1561666	348.00	8.00	11.64	50.49	89772.62	49794	0	BartonZwiebach	
2324	0:26:08	1/1/2019 	1561921	336.00	5.00	11.36	50.50	89774.30	3979	0	BartonZwiebach	
2325	0:26:08	1/1/2019 	1562612	609.00	13.00	14.86	50.50	89775.51	49796	0	BartonZwiebach	
2326	0:26:09	1/1/2019 	1563343	59.00	4.00	5.88	50.50	89778.42	1849	0	BartonZwiebach	
2327	0:26:09	1/1/2019 	1563456	844.00	65.00	24.21	50.50	89778.42	1848	0	BartonZwiebach	
2328	0:26:11	1/1/2019 	1565368	289.00	6.00	10.84	50.50	89784.22	97743	0	BartonZwiebach	
2329	0:26:11	1/1/2019 	1565414	65.00	4.00	5.92	50.50	89784.22	1850	0	BartonZwiebach	
2330	0:26:11	1/1/2019 	1565604	145.00	5.00	7.86	50.50	89785.59	51778	0	BartonZwiebach	
2331	0:26:12	1/1/2019 	1566081	967.00	206.00	45.99	50.50	89786.78	1850	0	BartonZwiebach	
2332	0:26:12	1/1/2019 	1566171	66.00	5.00	5.93	50.50	89786.78	1851	0	BartonZwiebach	
2333	0:26:12	1/1/2019 	1566460	635.00	14.00	15.53	50.50	89786.78	1849	0	BartonZwiebach	
2334	0:26:13	1/1/2019 	1567189	84.00	4.00	6.21	50.51	89789.87	49795	0	BartonZwiebach	
2335	0:26:13	1/1/2019 	1567563	267.00	1.00	10.36	50.51	89791.38	49793	0	BartonZwiebach	
2336	0:26:14	1/1/2019 	1568392	61.00	4.00	5.89	50.51	89792.75	3830	0	BartonZwiebach	
2337	0:26:15	1/1/2019 	1569377	247.00	5.00	10.17	50.51	89795.66	49792	0	BartonZwiebach	
2338	0:26:17	1/1/2019 	1571855	84.00	4.00	6.21	50.52	89802.80	145684	0	BartonZwiebach	
2339	0:26:18	1/1/2019 	1572389	511.00	10.00	13.11	50.52	89805.54	2604	0	BartonZwiebach	
2340	0:26:20	1/1/2019 	1574006	350.00	6.00	11.56	50.53	89809.28	97741	0	BartonZwiebach	
2341	0:26:20	1/1/2019 	1574281	104.00	4.00	6.69	50.53	89809.28	1850	0	BartonZwiebach	
2342	0:26:21	1/1/2019 	1575569	396.00	6.00	11.95	50.53	89812.65	99859	0	BartonZwiebach	
2343	0:26:21	1/1/2019 	1575611	56.00	4.00	5.88	50.53	89812.65	1849	0	BartonZwiebach	
2344	0:26:21	1/1/2019 	1575617	58.00	4.00	5.88	50.53	89812.65	1846	0	BartonZwiebach	
2345	0:26:22	1/1/2019 	1575946	240.00	5.00	10.05	50.53	89813.84	1846	0	BartonZwiebach	
2346	0:26:22	1/1/2019 	1576000	97.00	4.00	6.51	50.53	89813.84	1848	0	BartonZwiebach	
2347	0:26:22	1/1/2019 	1576665	182.00	5.00	8.84	50.53	89814.53	49790	0	BartonZwiebach	
2348	0:26:23	1/1/2019 	1576929	980.00	562.00	96.71	50.54	89815.88	3894	0	BartonZwiebach	
2349	0:26:23	1/1/2019 	1576951	168.00	5.00	8.49	50.54	89815.88	1858	0	BartonZwiebach	
2350	0:26:23	1/1/2019 	1577179	978.00	256.00	50.93	50.54	89815.88	1855	0	BartonZwiebach	
2351	0:26:23	1/1/2019 	1577305	304.00	6.00	11.04	50.54	89817.07	1852	0	BartonZwiebach	
2352	0:26:24	1/1/2019 	1578475	544.00	9.00	13.34	50.54	89818.95	49792	0	BartonZwiebach	
2353	0:26:24	1/1/2019 	1578644	227.00	5.00	9.82	50.54	89818.95	51783	0	BartonZwiebach	
2354	0:26:25	1/1/2019 	1579115	816.00	71.00	24.91	50.54	89820.09	1850	0	BartonZwiebach	
2355	0:26:25	1/1/2019 	1579348	116.00	4.00	7.02	50.55	89821.30	1851	0	BartonZwiebach	
2356	0:26:26	1/1/2019 	1580031	82.00	4.00	6.17	50.55	89822.16	49791	0	BartonZwiebach	
2357	0:26:26	1/1/2019 	1580366	493.00	14.00	13.27	50.55	89823.34	2604	0	BartonZwiebach	
2358	0:26:26	1/1/2019 	1580413	153.00	4.00	8.08	50.55	89823.34	1849	0	BartonZwiebach	
2359	0:26:26	1/1/2019 	1580810	442.00	6.00	12.26	50.55	89824.34	51920	0	BartonZwiebach	
2360	0:26:27	1/1/2019 	1581029	296.00	7.00	10.97	50.55	89824.34	1849	0	BartonZwiebach	
2361	0:26:28	1/1/2019 	1582901	137.00	4.00	7.63	50.56	89828.73	97741	0	BartonZwiebach	
2362	0:26:29	1/1/2019 	1583080	466.00	14.00	13.02	50.56	89829.94	1848	0	BartonZwiebach	
2363	0:26:29	1/1/2019 	1583143	162.00	4.00	8.32	50.56	89829.94	1852	0	BartonZwiebach	
2364	0:26:29	1/1/2019 	1583388	60.00	4.00	5.88	50.56	89829.94	1847	0	BartonZwiebach	
2365	0:26:29	1/1/2019 	1583641	677.00	21.00	17.69	50.56	89830.62	51780	0	BartonZwiebach	
2366	0:26:30	1/1/2019 	1584271	226.00	5.00	9.80	50.56	89831.80	1854	0	BartonZwiebach	
2367	0:26:31	1/1/2019 	1584941	806.00	70.00	24.74	50.56	89832.82	49795	0	BartonZwiebach	
2368	0:26:31	1/1/2019 	1585085	403.00	11.00	12.33	50.56	89833.33	1851	0	BartonZwiebach	
2369	0:26:31	1/1/2019 	1585189	94.00	4.00	6.43	50.56	89833.33	1850	0	BartonZwiebach	
2370	0:26:33	1/1/2019 	1587078	94.00	4.00	6.43	50.57	89837.22	97734	0	BartonZwiebach	
2371	0:26:33	1/1/2019 	1587283	725.00	32.00	20.14	50.57	89837.22	3835	0	BartonZwiebach	
2372	0:26:34	1/1/2019 	1588618	306.00	6.00	11.06	50.58	89839.92	97739	0	BartonZwiebach	
2373	0:26:35	1/1/2019 	1589452	213.00	5.00	9.54	50.58	89841.80	1850	0	BartonZwiebach	
2374	0:26:35	1/1/2019 	1589693	65.00	4.00	5.92	50.58	89841.80	49794	0	BartonZwiebach	
2375	0:26:36	1/1/2019 	1590208	74.00	4.00	6.03	50.58	89842.80	2601	0	BartonZwiebach	
2376	0:26:36	1/1/2019 	1590478	124.00	4.00	7.25	50.59	89843.66	1848	0	BartonZwiebach	
2377	0:26:36	1/1/2019 	1590601	180.00	4.00	8.78	50.59	89843.66	51972	0	BartonZwiebach	
2378	0:26:36	1/1/2019 	1590693	756.00	37.00	21.00	50.59	89843.66	1848	0	BartonZwiebach	
2379	0:26:37	1/1/2019 	1591182	681.00	26.00	18.56	50.59	89844.66	1849	0	BartonZwiebach	
2380	0:26:37	1/1/2019 	1591674	156.00	4.00	8.16	50.59	89845.17	49796	0	BartonZwiebach	
2381	0:26:40	1/1/2019 	1594004	160.00	5.00	8.28	50.60	89849.39	97736	0	BartonZwiebach	
2382	0:26:41	1/1/2019 	1595141	65.00	4.00	5.92	50.60	89850.76	51781	0	BartonZwiebach	
2383	0:26:41	1/1/2019 	1595203	197.00	5.00	9.19	50.60	89850.76	1847	0	BartonZwiebach	
2384	0:26:41	1/1/2019 	1595281	128.00	4.00	7.37	50.60	89851.58	1848	0	BartonZwiebach	
2385	0:26:41	1/1/2019 	1595759	96.00	4.00	6.48	50.61	89852.41	49789	0	BartonZwiebach	
2386	0:26:41	1/1/2019 	1595845	170.00	5.00	8.54	50.61	89852.41	1847	0	BartonZwiebach	
2387	0:26:42	1/1/2019 	1596039	69.00	4.00	5.96	50.61	89852.41	1849	0	BartonZwiebach	
2388	0:26:42	1/1/2019 	1596263	750.00	38.00	21.07	50.61	89852.92	3836	0	BartonZwiebach	
2389	0:26:42	1/1/2019 	1596797	138.00	4.00	7.66	50.61	89853.78	49796	0	BartonZwiebach	
2390	0:26:43	1/1/2019 	1597071	83.00	4.00	6.19	50.61	89853.78	1846	0	BartonZwiebach	
2391	0:26:43	1/1/2019 	1597490	291.00	6.00	10.87	50.61	89854.78	1847	0	BartonZwiebach	
2392	0:26:44	1/1/2019 	1598306	297.00	6.00	10.95	50.61	89856.31	49792	0	BartonZwiebach	
2393	0:26:46	1/1/2019 	1600414	205.00	5.00	9.37	50.62	89859.20	97741	0	BartonZwiebach	
2394	0:26:47	1/1/2019 	1601275	142.00	4.00	7.77	50.62	89860.72	52685	0	BartonZwiebach	
2395	0:26:49	1/1/2019 	1603214	368.00	7.00	11.78	50.63	89863.59	97736	0	BartonZwiebach	
2396	0:26:49	1/1/2019 	1603248	916.00	100.00	30.02	50.63	89863.59	1850	0	BartonZwiebach	
2397	0:26:49	1/1/2019 	1603849	142.00	4.00	7.77	50.63	89864.11	49798	0	BartonZwiebach	
2398	0:26:49	1/1/2019 	1603888	736.00	33.00	20.38	50.63	89864.11	1847	0	BartonZwiebach	
2399	0:26:52	1/1/2019 	1606554	172.00	5.00	8.59	50.63	89868.36	145692	0	BartonZwiebach	
2400	0:26:52	1/1/2019 	1606711	763.00	45.00	21.86	50.63	89868.36	3838	0	BartonZwiebach	
2401	0:26:52	1/1/2019 	1606846	105.00	4.00	6.72	50.63	89868.36	1850	0	BartonZwiebach	
2402	0:26:53	1/1/2019 	1607226	288.00	6.00	10.83	50.63	89868.70	1846	0	BartonZwiebach	
2403	0:26:53	1/1/2019 	1607746	354.00	6.00	11.60	50.64	89869.56	49795	0	BartonZwiebach	
2404	0:26:54	1/1/2019 	1608496	256.00	5.00	10.32	50.64	89870.73	1849	0	BartonZwiebach	
2405	0:26:55	1/1/2019 	1608908	182.00	4.00	8.83	50.64	89871.07	49796	0	BartonZwiebach	
2406	0:26:55	1/1/2019 	1608936	87.00	4.00	6.27	50.64	89871.07	3836	0	BartonZwiebach	
2407	0:26:56	1/1/2019 	1610649	656.00	24.00	17.63	50.64	89872.90	97736	0	BartonZwiebach	
2408	0:26:56	1/1/2019 	1610842	879.00	90.00	28.08	50.64	89873.24	2606	0	BartonZwiebach	
2409	0:26:58	1/1/2019 	1612583	121.00	4.00	7.17	50.65	89874.78	97743	0	BartonZwiebach	
2410	0:26:59	1/1/2019 	1613134	210.00	5.00	9.48	50.65	89875.47	1848	0	BartonZwiebach	
2411	0:26:59	1/1/2019 	1613140	142.00	5.00	7.77	50.65	89875.47	1849	0	BartonZwiebach	
2412	0:26:59	1/1/2019 	1613565	70.00	4.00	5.97	50.65	89875.98	51920	0	BartonZwiebach	
2413	0:27:00	1/1/2019 	1614346	101.00	4.00	6.61	50.65	89877.32	1846	0	BartonZwiebach	
2414	0:27:00	1/1/2019 	1614715	743.00	36.00	20.80	50.65	89878.00	49791	0	BartonZwiebach	
2415	0:27:01	1/1/2019 	1615210	90.00	4.00	6.34	50.65	89878.52	1850	0	BartonZwiebach	
2416	0:27:02	1/1/2019 	1616330	62.00	4.00	5.90	50.65	89879.72	49791	0	BartonZwiebach	
2417	0:27:03	1/1/2019 	1617892	663.00	19.00	17.04	50.66	89881.41	99720	0	BartonZwiebach	
2418	0:27:06	1/1/2019 	1619926	79.00	4.00	6.11	50.66	89883.09	97737	0	BartonZwiebach	
2419	0:27:06	1/1/2019 	1620290	952.00	168.00	41.89	50.66	89883.94	2604	0	BartonZwiebach	
2420	0:27:07	1/1/2019 	1620973	55.00	4.00	5.88	50.66	89884.45	49797	0	BartonZwiebach	
2421	0:27:07	1/1/2019 	1621217	885.00	95.00	29.00	50.66	89884.97	1848	0	BartonZwiebach	
2422	0:27:07	1/1/2019 	1621308	56.00	4.00	5.88	50.66	89884.97	1849	0	BartonZwiebach	
2423	0:27:07	1/1/2019 	1621696	54.00	4.00	5.88	50.66	89885.83	51915	0	BartonZwiebach	
2424	0:27:07	1/1/2019 	1621853	993.00	817.00	145.39	50.66	89885.83	1848	0	BartonZwiebach	
2425	0:27:08	1/1/2019 	1621958	564.00	9.00	13.57	50.66	89886.17	1851	0	BartonZwiebach	
2426	0:27:08	1/1/2019 	1622249	586.00	19.00	15.10	50.66	89886.17	1851	0	BartonZwiebach	
2427	0:27:08	1/1/2019 	1622267	984.00	322.00	60.81	50.66	89886.17	1851	0	BartonZwiebach	
2428	0:27:08	1/1/2019 	1622643	647.00	21.00	16.97	50.66	89886.86	49800	0	BartonZwiebach	
2429	0:27:08	1/1/2019 	1622690	211.00	5.00	9.50	50.66	89886.86	3837	0	BartonZwiebach	
2430	0:27:08	1/1/2019 	1622843	212.00	5.00	9.52	50.66	89886.86	1848	0	BartonZwiebach	
2431	0:27:09	1/1/2019 	1623133	283.00	5.00	10.72	50.66	89887.52	1848	0	BartonZwiebach	
2432	0:27:09	1/1/2019 	1623296	143.00	4.00	7.80	50.66	89887.52	1851	0	BartonZwiebach	
2433	0:27:10	1/1/2019 	1624232	444.00	7.00	12.36	50.66	89888.37	49790	0	BartonZwiebach	
2434	0:27:10	1/1/2019 	1624261	294.00	5.00	10.87	50.66	89888.37	1850	0	BartonZwiebach	
2435	0:27:10	1/1/2019 	1624292	448.00	6.00	12.30	50.66	89888.37	3837	0	BartonZwiebach	
2436	0:27:13	1/1/2019 	1627171	117.00	4.00	7.05	50.67	89892.25	145681	0	BartonZwiebach	
2437	0:27:13	1/1/2019 	1627243	108.00	4.00	6.80	50.67	89892.25	1848	0	BartonZwiebach	
2438	0:27:14	1/1/2019 	1628483	74.00	4.00	6.03	50.67	89893.96	49789	0	BartonZwiebach	
2439	0:27:14	1/1/2019 	1628770	68.00	4.00	5.95	50.67	89894.66	49790	0	BartonZwiebach	
2440	0:27:16	1/1/2019 	1630326	414.00	9.00	12.30	50.67	89896.53	49790	0	BartonZwiebach	
2441	0:27:16	1/1/2019 	1630550	732.00	35.00	20.58	50.67	89896.53	52719	0	BartonZwiebach	
2442	0:27:16	1/1/2019 	1630697	703.00	27.00	19.14	50.67	89896.53	1849	0	BartonZwiebach	
2443	0:27:17	1/1/2019 	1630913	977.00	343.00	64.60	50.67	89896.88	1852	0	BartonZwiebach	
2444	0:27:17	1/1/2019 	1630954	75.00	4.00	6.04	50.67	89896.88	1858	0	BartonZwiebach	
2445	0:27:17	1/1/2019 	1631482	759.00	38.00	21.13	50.67	89897.22	1851	0	BartonZwiebach	
2446	0:27:18	1/1/2019 	1632130	333.00	5.00	11.33	50.68	89898.22	51783	0	BartonZwiebach	
2447	0:27:20	1/1/2019 	1634422	271.00	6.00	10.58	50.68	89900.79	97738	0	BartonZwiebach	
2448	0:27:20	1/1/2019 	1634785	178.00	5.00	8.74	50.68	89901.30	49794	0	BartonZwiebach	
2449	0:27:21	1/1/2019 	1635231	893.00	111.00	32.09	50.68	89901.81	1849	0	BartonZwiebach	
2450	0:27:22	1/1/2019 	1635922	57.00	4.00	5.88	50.68	89902.33	49798	0	BartonZwiebach	
2451	0:27:22	1/1/2019 	1635926	114.00	5.00	6.97	50.68	89902.33	1848	0	BartonZwiebach	
2452	0:27:22	1/1/2019 	1636499	118.00	4.00	7.08	50.68	89902.84	3836	0	BartonZwiebach	
2453	0:27:23	1/1/2019 	1637266	299.00	6.00	10.97	50.68	89903.88	49841	0	BartonZwiebach	
2454	0:27:24	1/1/2019 	1638112	60.00	4.00	5.88	50.68	89904.84	49799	0	BartonZwiebach	
2455	0:27:24	1/1/2019 	1638899	598.00	12.00	14.50	50.68	89905.36	49791	0	BartonZwiebach	
2456	0:27:26	1/1/2019 	1640124	81.00	4.00	6.15	50.69	89907.07	49794	0	BartonZwiebach	
2457	0:27:26	1/1/2019 	1640165	206.00	5.00	9.39	50.69	89907.07	2799	0	BartonZwiebach	
2458	0:27:27	1/1/2019 	1641701	82.00	4.00	6.17	50.69	89908.27	99860	0	BartonZwiebach	
2459	0:27:29	1/1/2019 	1643142	217.00	5.00	9.62	50.69	89909.64	49791	0	BartonZwiebach	
2460	0:27:29	1/1/2019 	1643868	200.00	5.00	9.26	50.69	89910.16	49793	0	BartonZwiebach	
2461	0:27:30	1/1/2019 	1644283	207.00	4.00	9.40	50.69	89910.16	1849	0	BartonZwiebach	
2462	0:27:31	1/1/2019 	1645305	902.00	94.00	28.87	50.69	89911.50	49791	0	BartonZwiebach	
2463	0:27:31	1/1/2019 	1645866	880.00	87.00	27.56	50.69	89911.84	49797	0	BartonZwiebach	
2464	0:27:32	1/1/2019 	1646835	974.00	324.00	61.17	50.69	89912.87	51784	0	BartonZwiebach	
2465	0:27:33	1/1/2019 	1647189	158.00	4.00	8.21	50.69	89912.87	1851	0	BartonZwiebach	
2466	0:27:34	1/1/2019 	1648271	53.00	4.00	5.88	50.69	89914.92	49790	0	BartonZwiebach	
2467	0:27:35	1/1/2019 	1648957	132.00	4.00	7.48	50.69	89915.44	49792	0	BartonZwiebach	
2468	0:27:35	1/1/2019 	1649177	565.00	18.00	14.56	50.69	89915.95	1849	0	BartonZwiebach	
2469	0:27:36	1/1/2019 	1649963	147.00	4.00	7.91	50.69	89916.81	49794	0	BartonZwiebach	
2470	0:27:36	1/1/2019 	1650051	247.00	5.00	10.17	50.69	89916.81	4937	0	BartonZwiebach	
2471	0:27:36	1/1/2019 	1650253	94.00	4.00	6.43	50.69	89917.50	1849	0	BartonZwiebach	
2472	0:27:36	1/1/2019 	1650394	977.00	233.00	48.51	50.69	89917.50	1847	0	BartonZwiebach	
2473	0:27:36	1/1/2019 	1650421	459.00	7.00	12.46	50.69	89917.50	1849	0	BartonZwiebach	
2474	0:27:36	1/1/2019 	1650770	62.00	4.00	5.90	50.70	89918.50	49794	0	BartonZwiebach	
2475	0:27:37	1/1/2019 	1651776	952.00	153.00	39.76	50.70	89919.52	51777	0	BartonZwiebach	
2476	0:27:38	1/1/2019 	1652278	779.00	49.00	22.32	50.70	89920.04	1850	0	BartonZwiebach	
2477	0:27:38	1/1/2019 	1652629	724.00	33.00	20.25	50.70	89920.89	49798	0	BartonZwiebach	
2478	0:27:39	1/1/2019 	1652937	110.00	4.00	6.85	50.70	89920.89	1850	0	BartonZwiebach	
2479	0:27:39	1/1/2019 	1653076	124.00	4.00	7.25	50.70	89921.89	1847	0	BartonZwiebach	
2480	0:27:39	1/1/2019 	1653723	80.00	5.00	6.13	50.70	89922.58	49791	0	BartonZwiebach	
2481	0:27:39	1/1/2019 	1653738	186.00	5.00	8.94	50.70	89922.58	3836	0	BartonZwiebach	
2482	0:27:41	1/1/2019 	1654924	76.00	4.00	6.06	50.70	89923.95	49792	0	BartonZwiebach	
2483	0:27:42	1/1/2019 	1655929	128.00	5.00	7.37	50.70	89925.84	49791	0	BartonZwiebach	
2484	0:27:43	1/1/2019 	1657390	111.00	4.00	6.88	50.70	89927.72	49794	0	BartonZwiebach	
2485	0:27:44	1/1/2019 	1658873	139.00	4.00	7.68	50.70	89929.78	97737	0	BartonZwiebach	
2486	0:27:46	1/1/2019 	1659920	864.00	77.00	25.89	50.70	89932.16	49792	0	BartonZwiebach	
2487	0:27:46	1/1/2019 	1660090	108.00	4.00	6.80	50.70	89932.16	4930	0	BartonZwiebach	
2488	0:27:46	1/1/2019 	1660801	69.00	4.00	5.96	50.70	89932.67	49791	0	BartonZwiebach	
2489	0:27:47	1/1/2019 	1661061	825.00	75.00	25.49	50.71	89933.52	1847	0	BartonZwiebach	
2490	0:27:47	1/1/2019 	1661817	942.00	163.00	41.22	50.71	89934.89	49797	0	BartonZwiebach	
2491	0:27:50	1/1/2019 	1663912	153.00	5.00	8.08	50.71	89937.81	97747	0	BartonZwiebach	
2492	0:27:50	1/1/2019 	1664367	74.00	4.00	6.03	50.71	89938.32	1850	0	BartonZwiebach	
2493	0:27:50	1/1/2019 	1664397	73.00	4.00	6.01	50.71	89938.32	3834	0	BartonZwiebach	
2494	0:27:50	1/1/2019 	1664404	125.00	4.00	7.28	50.71	89938.32	1847	0	BartonZwiebach	
2495	0:27:51	1/1/2019 	1664931	942.00	143.00	38.14	50.71	89939.00	49790	0	BartonZwiebach	
2496	0:27:51	1/1/2019 	1665046	374.00	5.00	11.71	50.71	89939.00	1852	0	BartonZwiebach	
2497	0:27:52	1/1/2019 	1666335	89.00	4.00	6.32	50.71	89941.03	49796	0	BartonZwiebach	
2498	0:27:52	1/1/2019 	1666901	218.00	5.00	9.64	50.71	89941.55	49791	0	BartonZwiebach	
2499	0:27:53	1/1/2019 	1667898	71.00	4.00	5.98	50.71	89942.75	51780	0	BartonZwiebach	
2500	0:27:54	1/1/2019 	1668209	252.00	5.00	10.26	50.71	89943.27	1848	0	BartonZwiebach	
2501	0:27:54	1/1/2019 	1668274	123.00	4.00	7.22	50.71	89943.27	1850	0	BartonZwiebach	
2502	0:27:55	1/1/2019 	1668907	115.00	4.00	6.99	50.71	89943.77	49791	0	BartonZwiebach	
2503	0:27:57	1/1/2019 	1671612	393.00	7.00	12.00	50.72	89947.03	145681	0	BartonZwiebach	
2504	0:27:58	1/1/2019 	1672170	112.00	4.00	6.91	50.72	89947.84	2803	0	BartonZwiebach	
2505	0:27:58	1/1/2019 	1672186	199.00	5.00	9.24	50.72	89947.84	3974	0	BartonZwiebach	
2506	0:28:00	1/1/2019 	1674498	126.00	4.00	7.31	50.72	89950.92	97736	0	BartonZwiebach	
2507	0:28:00	1/1/2019 	1674871	130.00	5.00	7.43	50.72	89950.92	49793	0	BartonZwiebach	
2508	0:28:02	1/1/2019 	1676842	972.00	292.00	55.79	50.72	89953.12	97736	0	BartonZwiebach	
2509	0:28:03	1/1/2019 	1677760	54.00	4.00	5.88	50.72	89954.15	49801	0	BartonZwiebach	
2510	0:28:04	1/1/2019 	1678052	721.00	30.00	19.83	50.72	89954.83	3836	0	BartonZwiebach	
2511	0:28:04	1/1/2019 	1678202	130.00	4.00	7.42	50.72	89954.83	1850	0	BartonZwiebach	
2512	0:28:04	1/1/2019 	1678654	737.00	36.00	20.74	50.73	89955.52	49789	0	BartonZwiebach	
2513	0:28:05	1/1/2019 	1679488	168.00	5.00	8.49	50.73	89956.38	1852	0	BartonZwiebach	
2514	0:28:06	1/1/2019 	1680008	853.00	89.00	27.81	50.73	89956.72	49797	0	BartonZwiebach	
2515	0:28:06	1/1/2019 	1680155	324.00	7.00	11.32	50.73	89956.72	2803	0	BartonZwiebach	
2516	0:28:08	1/1/2019 	1682269	96.00	4.00	6.48	50.73	89959.45	99865	0	BartonZwiebach	
2517	0:28:08	1/1/2019 	1682830	169.00	5.00	8.51	50.73	89959.97	49790	0	BartonZwiebach	
2518	0:28:09	1/1/2019 	1683651	410.00	6.00	12.06	50.73	89960.48	49792	0	BartonZwiebach	
2519	0:28:10	1/1/2019 	1683912	147.00	4.00	7.91	50.73	89961.31	1850	0	BartonZwiebach	
2520	0:28:10	1/1/2019 	1684204	57.00	4.00	5.88	50.73	89961.83	1847	0	BartonZwiebach	
2521	0:28:10	1/1/2019 	1684223	183.00	5.00	8.87	50.73	89961.83	1847	0	BartonZwiebach	
2522	0:28:10	1/1/2019 	1684844	152.00	5.00	8.06	50.73	89962.52	51779	0	BartonZwiebach	
2523	0:28:11	1/1/2019 	1685131	977.00	389.00	72.61	50.73	89962.52	1850	0	BartonZwiebach	
2524	0:28:11	1/1/2019 	1685144	112.00	4.00	6.91	50.73	89962.52	1851	0	BartonZwiebach	
2525	0:28:11	1/1/2019 	1685356	137.00	5.00	7.63	50.73	89963.03	1847	0	BartonZwiebach	
2526	0:28:11	1/1/2019 	1685743	277.00	5.00	10.64	50.73	89963.38	49794	0	BartonZwiebach	
2527	0:28:13	1/1/2019 	1687652	969.00	308.00	58.39	50.73	89965.58	97744	0	BartonZwiebach	
2528	0:28:14	1/1/2019 	1688160	54.00	4.00	5.88	50.73	89966.09	3838	0	BartonZwiebach	
2529	0:28:15	1/1/2019 	1689427	155.00	5.00	8.14	50.74	89967.28	49791	0	BartonZwiebach	
2530	0:28:15	1/1/2019 	1689584	162.00	4.00	8.32	50.74	89967.80	49796	0	BartonZwiebach	
2531	0:28:15	1/1/2019 	1689599	82.00	4.00	6.17	50.74	89967.80	2799	0	BartonZwiebach	
2532	0:28:16	1/1/2019 	1690474	167.00	4.00	8.45	50.74	89968.31	1847	0	BartonZwiebach	
2533	0:28:16	1/1/2019 	1690663	234.00	5.00	9.95	50.74	89969.14	49791	0	BartonZwiebach	
2534	0:28:16	1/1/2019 	1690782	69.00	4.00	5.96	50.74	89969.14	3976	0	BartonZwiebach	
2535	0:28:17	1/1/2019 	1691118	921.00	140.00	37.62	50.74	89969.66	1847	0	BartonZwiebach	
2536	0:28:17	1/1/2019 	1691711	384.00	6.00	11.86	50.74	89970.17	49799	0	BartonZwiebach	
2537	0:28:19	1/1/2019 	1693846	194.00	5.00	9.13	50.74	89972.23	97737	0	BartonZwiebach	
2538	0:28:19	1/1/2019 	1693901	437.00	7.00	12.32	50.74	89972.91	1851	0	BartonZwiebach	
2539	0:28:20	1/1/2019 	1694283	597.00	11.00	14.33	50.74	89972.91	3837	0	BartonZwiebach	
2540	0:28:20	1/1/2019 	1694323	975.00	229.00	48.12	50.74	89972.91	1851	0	BartonZwiebach	
2541	0:28:21	1/1/2019 	1695078	70.00	4.00	5.97	50.74	89973.94	49799	0	BartonZwiebach	
2542	0:28:21	1/1/2019 	1695420	69.00	4.00	5.96	50.74	89974.45	1847	0	BartonZwiebach	
2543	0:28:21	1/1/2019 	1695554	89.00	4.00	6.32	50.74	89974.45	49791	0	BartonZwiebach	
2544	0:28:22	1/1/2019 	1696277	187.00	5.00	8.96	50.74	89974.80	1847	0	BartonZwiebach	
2545	0:28:22	1/1/2019 	1696354	718.00	30.00	19.79	50.74	89975.31	3837	0	BartonZwiebach	
2546	0:28:24	1/1/2019 	1697994	60.00	4.00	5.88	50.74	89977.37	97741	0	BartonZwiebach	
2547	0:28:24	1/1/2019 	1698659	192.00	5.00	9.08	50.74	89977.88	49791	0	BartonZwiebach	
2548	0:28:24	1/1/2019 	1698706	665.00	19.00	17.08	50.74	89977.88	1850	0	BartonZwiebach	
2549	0:28:25	1/1/2019 	1699139	65.00	4.00	5.92	50.74	89978.40	1850	0	BartonZwiebach	
2550	0:28:25	1/1/2019 	1699578	143.00	5.00	7.80	50.74	89978.91	49790	0	BartonZwiebach	
2551	0:28:26	1/1/2019 	1700182	89.00	4.00	6.32	50.75	89979.74	4926	0	BartonZwiebach	
2552	0:28:26	1/1/2019 	1700739	736.00	32.00	20.25	50.75	89980.95	49792	0	BartonZwiebach	
2553	0:28:27	1/1/2019 	1700912	66.00	4.00	5.93	50.75	89980.95	1848	0	BartonZwiebach	
2554	0:28:27	1/1/2019 	1701854	979.00	266.00	52.14	50.75	89982.31	49791	0	BartonZwiebach	
2555	0:28:29	1/1/2019 	1702973	75.00	4.00	6.04	50.75	89983.69	49801	0	BartonZwiebach	
2556	0:28:29	1/1/2019 	1703471	59.00	4.00	5.88	50.75	89984.69	1848	0	BartonZwiebach	
2557	0:28:30	1/1/2019 	1703999	56.00	4.00	5.88	50.75	89985.20	51778	0	BartonZwiebach	
2558	0:28:30	1/1/2019 	1704121	241.00	5.00	10.07	50.75	89986.06	1847	0	BartonZwiebach	
2559	0:28:30	1/1/2019 	1704240	394.00	11.00	12.24	50.75	89986.06	1849	0	BartonZwiebach	
2560	0:28:32	1/1/2019 	1706655	85.00	4.00	6.23	50.75	89990.14	145686	0	BartonZwiebach	
2561	0:28:33	1/1/2019 	1706912	54.00	4.00	5.88	50.75	89990.14	1848	0	BartonZwiebach	
2562	0:28:33	1/1/2019 	1706983	340.00	8.00	11.55	50.75	89990.14	1848	0	BartonZwiebach	
2563	0:28:33	1/1/2019 	1707111	149.00	4.00	7.97	50.75	89990.83	3889	0	BartonZwiebach	
2564	0:28:35	1/1/2019 	1709036	81.00	4.00	6.15	50.76	89994.42	97735	0	BartonZwiebach	
2565	0:28:35	1/1/2019 	1709447	447.00	13.00	12.81	50.76	89994.42	1848	0	BartonZwiebach	
2566	0:28:35	1/1/2019 	1709786	89.00	4.00	6.32	50.76	89995.12	49795	0	BartonZwiebach	
2567	0:28:37	1/1/2019 	1711029	98.00	4.00	6.53	50.76	89997.48	50743	0	BartonZwiebach	
2568	0:28:38	1/1/2019 	1712136	64.00	4.00	5.91	50.76	89999.20	49791	0	BartonZwiebach	
2569	0:28:38	1/1/2019 	1712314	135.00	4.00	7.57	50.76	89999.20	3973	0	BartonZwiebach	
2570	0:28:39	1/1/2019 	1713807	166.00	5.00	8.44	50.76	90001.59	97736	0	BartonZwiebach	
2571	0:28:40	1/1/2019 	1714661	79.00	4.00	6.11	50.76	90002.62	49796	0	BartonZwiebach	
2572	0:28:42	1/1/2019 	1715918	234.00	5.00	9.95	50.76	90005.00	49797	0	BartonZwiebach	
2573	0:28:43	1/1/2019 	1717300	81.00	4.00	6.15	50.77	90007.02	49794	0	BartonZwiebach	
2574	0:28:43	1/1/2019 	1717567	405.00	11.00	12.34	50.77	90007.02	49790	0	BartonZwiebach	
2575	0:28:43	1/1/2019 	1717785	132.00	4.00	7.48	50.77	90007.71	3837	0	BartonZwiebach	
2576	0:28:45	1/1/2019 	1719730	115.00	5.00	7.00	50.77	90010.80	97733	0	BartonZwiebach	
2577	0:28:46	1/1/2019 	1719969	54.00	4.00	5.88	50.77	90010.80	2802	0	BartonZwiebach	
2578	0:28:46	1/1/2019 	1719975	184.00	5.00	8.89	50.77	90010.80	1847	0	BartonZwiebach	
2579	0:28:46	1/1/2019 	1720587	140.00	4.00	7.71	50.77	90011.31	49794	0	BartonZwiebach	
2580	0:28:47	1/1/2019 	1721808	191.00	5.00	9.06	50.77	90013.52	51917	0	BartonZwiebach	
2581	0:28:48	1/1/2019 	1722761	686.00	23.00	18.21	50.77	90015.05	49795	0	BartonZwiebach	
2582	0:28:49	1/1/2019 	1723148	419.00	7.00	12.19	50.77	90015.57	1852	0	BartonZwiebach	
2583	0:28:49	1/1/2019 	1723644	324.00	5.00	11.23	50.77	90016.08	49795	0	BartonZwiebach	
2584	0:28:51	1/1/2019 	1724941	92.00	4.00	6.39	50.78	90017.28	49795	0	BartonZwiebach	
2585	0:28:51	1/1/2019 	1725763	836.00	79.00	26.12	50.78	90018.14	49791	0	BartonZwiebach	
2586	0:28:52	1/1/2019 	1726663	97.00	4.00	6.51	50.78	90019.31	51782	0	BartonZwiebach	
2587	0:28:53	1/1/2019 	1727656	97.00	4.00	6.51	50.78	90020.00	49790	0	BartonZwiebach	
2588	0:28:55	1/1/2019 	1729662	899.00	105.00	30.95	50.78	90022.02	97732	0	BartonZwiebach	
2589	0:28:56	1/1/2019 	1730738	982.00	525.00	90.32	50.78	90022.70	50751	0	BartonZwiebach	
2590	0:28:57	1/1/2019 	1731556	65.00	4.00	5.92	50.78	90023.54	49806	0	BartonZwiebach	
2591	0:28:59	1/1/2019 	1733866	116.00	4.00	7.02	50.79	90025.94	97734	0	BartonZwiebach	
2592	0:29:00	1/1/2019 	1733938	459.00	8.00	12.54	50.79	90025.94	3975	0	BartonZwiebach	
2593	0:29:00	1/1/2019 	1734159	189.00	5.00	9.01	50.79	90025.94	1848	0	BartonZwiebach	
2594	0:29:00	1/1/2019 	1734180	79.00	4.00	6.11	50.79	90025.94	1850	0	BartonZwiebach	
2595	0:29:00	1/1/2019 	1734288	341.00	8.00	11.56	50.79	90026.28	1847	0	BartonZwiebach	
2596	0:29:00	1/1/2019 	1734385	437.00	13.00	12.72	50.79	90026.28	1847	0	BartonZwiebach	
2597	0:29:00	1/1/2019 	1734493	83.00	4.00	6.19	50.79	90026.28	1850	0	BartonZwiebach	
2598	0:29:01	1/1/2019 	1735089	184.00	5.00	8.89	50.79	90026.45	51777	0	BartonZwiebach	
2599	0:29:01	1/1/2019 	1735388	332.00	6.00	11.37	50.79	90026.80	1850	0	BartonZwiebach	
2600	0:29:01	1/1/2019 	1735426	602.00	12.00	14.57	50.79	90026.80	1848	0	BartonZwiebach	
2601	0:29:01	1/1/2019 	1735738	985.00	553.00	95.03	50.79	90026.97	49794	0	BartonZwiebach	
2602	0:29:01	1/1/2019 	1735790	72.00	4.00	6.00	50.79	90026.97	1850	0	BartonZwiebach	
2603	0:29:02	1/1/2019 	1736151	102.00	4.00	6.64	50.79	90026.97	1847	0	BartonZwiebach	
2604	0:29:02	1/1/2019 	1736367	141.00	4.00	7.74	50.79	90027.65	3835	0	BartonZwiebach	
2605	0:29:02	1/1/2019 	1736464	367.00	5.00	11.65	50.79	90027.65	1848	0	BartonZwiebach	
2606	0:29:02	1/1/2019 	1736747	287.00	6.00	10.81	50.79	90028.16	49794	0	BartonZwiebach	
2607	0:29:03	1/1/2019 	1737037	112.00	4.00	6.91	50.79	90028.16	1849	0	BartonZwiebach	
2608	0:29:03	1/1/2019 	1737180	151.00	8.00	8.05	50.79	90028.68	1848	0	BartonZwiebach	
2609	0:29:04	1/1/2019 	1737952	953.00	162.00	41.08	50.79	90029.19	51777	0	BartonZwiebach	
2610	0:29:04	1/1/2019 	1738858	237.00	5.00	10.00	50.79	90030.22	49800	0	BartonZwiebach	
2611	0:29:05	1/1/2019 	1739480	257.00	5.00	10.34	50.79	90030.91	1850	0	BartonZwiebach	
2612	0:29:05	1/1/2019 	1739645	200.00	5.00	9.26	50.79	90031.73	49794	0	BartonZwiebach	
2613	0:29:06	1/1/2019 	1740004	92.00	4.00	6.39	50.79	90031.73	2800	0	BartonZwiebach	
2614	0:29:07	1/1/2019 	1740955	238.00	5.00	10.02	50.79	90032.77	49790	0	BartonZwiebach	
2615	0:29:07	1/1/2019 	1740975	142.00	4.00	7.77	50.79	90032.77	3977	0	BartonZwiebach	
2616	0:29:07	1/1/2019 	1741813	202.00	5.00	9.31	50.79	90034.14	49789	0	BartonZwiebach	
2617	0:29:07	1/1/2019 	1741870	113.00	4.00	6.94	50.79	90034.14	1850	0	BartonZwiebach	
2618	0:29:08	1/1/2019 	1742431	198.00	4.00	9.20	50.79	90035.00	1847	0	BartonZwiebach	
2619	0:29:08	1/1/2019 	1742886	618.00	14.00	15.20	50.79	90035.85	49790	0	BartonZwiebach	
2620	0:29:10	1/1/2019 	1743913	953.00	170.00	42.15	50.79	90037.40	49796	0	BartonZwiebach	
2621	0:29:10	1/1/2019 	1744555	69.00	4.00	5.96	50.80	90039.25	51842	0	BartonZwiebach	
2622	0:29:11	1/1/2019 	1744994	426.00	7.00	12.24	50.80	90039.94	1846	0	BartonZwiebach	
2623	0:29:11	1/1/2019 	1745443	970.00	180.00	43.35	50.80	90040.80	1851	0	BartonZwiebach	
2624	0:29:11	1/1/2019 	1745834	264.00	6.00	10.47	50.80	90040.80	49800	0	BartonZwiebach	
2625	0:29:12	1/1/2019 	1746054	960.00	187.00	44.12	50.80	90041.66	1849	0	BartonZwiebach	
2626	0:29:12	1/1/2019 	1746201	142.00	4.00	7.77	50.80	90041.66	1851	0	BartonZwiebach	
2627	0:29:12	1/1/2019 	1746817	198.00	5.00	9.22	50.80	90042.52	51722	0	BartonZwiebach	
2628	0:29:13	1/1/2019 	1747375	168.00	5.00	8.49	50.80	90044.55	1849	0	BartonZwiebach	
2629	0:29:13	1/1/2019 	1747786	432.00	6.00	12.20	50.80	90044.55	49794	0	BartonZwiebach	
2630	0:29:15	1/1/2019 	1749799	752.00	42.00	21.49	50.80	90048.14	97741	0	BartonZwiebach	
2631	0:29:16	1/1/2019 	1750371	582.00	11.00	14.09	50.80	90050.03	2606	0	BartonZwiebach	
2632	0:29:16	1/1/2019 	1750882	153.00	4.00	8.08	50.80	90051.23	49795	0	BartonZwiebach	
2633	0:29:17	1/1/2019 	1751633	977.00	425.00	77.87	50.80	90052.09	53114	0	BartonZwiebach	
2634	0:29:17	1/1/2019 	1751839	194.00	4.00	9.11	50.81	90053.25	1851	0	BartonZwiebach	
2635	0:29:18	1/1/2019 	1751920	963.00	184.00	43.80	50.81	90053.25	1848	0	BartonZwiebach	
2636	0:29:19	1/1/2019 	1752963	66.00	4.00	5.93	50.81	90055.31	49800	0	BartonZwiebach	
2637	0:29:20	1/1/2019 	1754436	305.00	7.00	11.09	50.81	90058.00	49791	0	BartonZwiebach	
2638	0:29:20	1/1/2019 	1754823	963.00	182.00	43.58	50.81	90058.86	51781	0	BartonZwiebach	
2639	0:29:21	1/1/2019 	1755012	785.00	53.00	22.74	50.81	90058.86	1850	0	BartonZwiebach	
2640	0:29:22	1/1/2019 	1756248	68.00	4.00	5.95	50.82	90062.28	49797	0	BartonZwiebach	
2641	0:29:22	1/1/2019 	1756549	197.00	5.00	9.19	50.82	90062.28	49790	0	BartonZwiebach	
2642	0:29:22	1/1/2019 	1756596	68.00	4.00	5.95	50.82	90062.28	1849	0	BartonZwiebach	
2643	0:29:24	1/1/2019 	1757915	58.00	4.00	5.88	50.82	90065.00	49790	0	BartonZwiebach	
2644	0:29:24	1/1/2019 	1758581	114.00	5.00	6.97	50.82	90066.88	51777	0	BartonZwiebach	
2645	0:29:25	1/1/2019 	1759637	224.00	5.00	9.76	50.83	90068.91	49791	0	BartonZwiebach	
2646	0:29:27	1/1/2019 	1761331	140.00	5.00	7.72	50.83	90071.48	50548	0	BartonZwiebach	
2647	0:29:28	1/1/2019 	1762308	58.00	4.00	5.88	50.83	90073.34	49793	0	BartonZwiebach	
2648	0:29:28	1/1/2019 	1762369	118.00	5.00	7.08	50.83	90073.34	1847	0	BartonZwiebach	
2649	0:29:29	1/1/2019 	1763270	298.00	5.00	10.92	50.83	90075.20	49794	0	BartonZwiebach	
2650	0:29:29	1/1/2019 	1763576	211.00	5.00	9.50	50.84	90076.05	51923	0	BartonZwiebach	
2651	0:29:29	1/1/2019 	1763622	609.00	13.00	14.86	50.84	90076.05	1849	0	BartonZwiebach	
2652	0:29:32	1/1/2019 	1766737	630.00	15.00	15.61	50.84	90081.33	145685	0	BartonZwiebach	
2653	0:29:33	1/1/2019 	1767224	357.00	9.00	11.78	50.85	90082.48	1851	0	BartonZwiebach	
2654	0:29:36	1/1/2019 	1770605	158.00	5.00	8.22	50.86	90088.27	193632	0	BartonZwiebach	
2655	0:29:38	1/1/2019 	1772339	244.00	5.00	10.12	50.86	90091.64	50549	0	BartonZwiebach	
2656	0:29:39	1/1/2019 	1772946	212.00	5.00	9.52	50.86	90092.33	51922	0	BartonZwiebach	
2657	0:29:39	1/1/2019 	1773000	270.00	6.00	10.57	50.86	90092.33	1850	0	BartonZwiebach	
2658	0:29:39	1/1/2019 	1773005	167.00	4.00	8.45	50.86	90092.33	1849	0	BartonZwiebach	
2659	0:29:39	1/1/2019 	1773335	91.00	4.00	6.36	50.86	90092.84	1847	0	BartonZwiebach	
2660	0:29:40	1/1/2019 	1774192	210.00	5.00	9.48	50.86	90094.53	49792	0	BartonZwiebach	
2661	0:29:41	1/1/2019 	1775606	96.00	4.00	6.48	50.87	90097.09	97738	0	BartonZwiebach	
2662	0:29:42	1/1/2019 	1775919	123.00	4.00	7.22	50.87	90097.09	3834	0	BartonZwiebach	
2663	0:29:42	1/1/2019 	1776274	810.00	58.00	23.33	50.87	90097.61	1849	0	BartonZwiebach	
2664	0:29:43	1/1/2019 	1777261	991.00	803.00	143.54	50.87	90099.12	49799	0	BartonZwiebach	
2665	0:29:44	1/1/2019 	1777929	530.00	15.00	13.75	50.87	90099.95	49818	0	BartonZwiebach	
2666	0:29:44	1/1/2019 	1778373	222.00	5.00	9.72	50.87	90100.47	1851	0	BartonZwiebach	
2667	0:29:45	1/1/2019 	1779259	160.00	4.00	8.27	50.88	90101.67	51779	0	BartonZwiebach	
2668	0:29:46	1/1/2019 	1780083	78.00	4.00	6.09	50.88	90103.02	49793	0	BartonZwiebach	
2669	0:29:46	1/1/2019 	1780166	120.00	4.00	7.14	50.88	90103.02	2604	0	BartonZwiebach	
2670	0:29:47	1/1/2019 	1781720	936.00	163.00	41.21	50.88	90104.90	97736	0	BartonZwiebach	
2671	0:29:47	1/1/2019 	1781776	96.00	4.00	6.48	50.88	90104.90	1851	0	BartonZwiebach	
2672	0:29:48	1/1/2019 	1781949	61.00	4.00	5.89	50.88	90105.58	1847	0	BartonZwiebach	
2673	0:29:48	1/1/2019 	1782241	101.00	1.00	6.60	50.88	90105.58	3975	0	BartonZwiebach	
2674	0:29:49	1/1/2019 	1783247	965.00	188.00	44.23	50.89	90106.58	49781	0	BartonZwiebach	
2675	0:29:49	1/1/2019 	1783281	984.00	322.00	60.81	50.89	90106.58	1851	0	BartonZwiebach	
2676	0:29:49	1/1/2019 	1783313	108.00	4.00	6.80	50.89	90106.58	1850	0	BartonZwiebach	
2677	0:29:49	1/1/2019 	1783423	876.00	89.00	27.89	50.89	90106.92	1846	0	BartonZwiebach	
2678	0:29:50	1/1/2019 	1783966	58.00	4.00	5.88	50.89	90107.58	49796	0	BartonZwiebach	
2679	0:29:50	1/1/2019 	1784416	102.00	4.00	6.64	50.89	90107.92	3835	0	BartonZwiebach	
2680	0:29:50	1/1/2019 	1784484	976.00	244.00	49.61	50.89	90107.92	1847	0	BartonZwiebach	
2681	0:29:50	1/1/2019 	1784494	992.00	650.00	116.40	50.89	90107.92	1850	0	BartonZwiebach	
2682	0:29:50	1/1/2019 	1784788	872.00	76.00	25.77	50.89	90107.92	49808	0	BartonZwiebach	
2683	0:29:51	1/1/2019 	1785190	611.00	22.00	16.05	50.89	90108.58	1850	0	BartonZwiebach	
2684	0:29:51	1/1/2019 	1785454	55.00	4.00	5.88	50.89	90109.09	1850	0	BartonZwiebach	
2685	0:29:51	1/1/2019 	1785652	65.00	4.00	5.92	50.89	90109.09	51778	0	BartonZwiebach	
2686	0:29:53	1/1/2019 	1787580	163.00	4.00	8.35	50.89	90111.16	97734	0	BartonZwiebach	
2687	0:29:54	1/1/2019 	1788090	122.00	4.00	7.19	50.90	90112.01	1848	0	BartonZwiebach	
2688	0:29:54	1/1/2019 	1788190	83.00	4.00	6.19	50.90	90112.01	1847	0	BartonZwiebach	
2689	0:29:54	1/1/2019 	1788439	218.00	5.00	9.64	50.90	90112.52	1846	0	BartonZwiebach	
2690	0:29:54	1/1/2019 	1788565	62.00	4.00	5.90	50.90	90112.52	49793	0	BartonZwiebach	
2691	0:29:54	1/1/2019 	1788845	136.00	4.00	7.60	50.90	90113.52	3834	0	BartonZwiebach	
