###################################################################################################
### CosmicWatch: The Desktop Muon Detector
### Device ID: BartonZwiebach
### Launch time: 0:00:05 1/1/2019
### Questions? Email Spencer N. Axani (saxani@mit.edu)
### Event Time Date TimeStamp[ms] ADC1 ADC2 SiPM[mV] Temp[C] Pressure[Pa] DeadTime[us] Coincident ID
###################################################################################################
1	0:00:07	1/1/2019 	1310	523.00	10.00	13.23	9.55	78909.84	95882	0	BartonZwiebach	
2	0:00:08	1/1/2019 	2443	81.00	9.00	6.16	9.55	78906.78	53917	0	BartonZwiebach	
3	0:00:09	1/1/2019 	3384	920.00	115.00	32.95	9.56	78900.98	49786	0	BartonZwiebach	
4	0:00:11	1/1/2019 	5324	896.00	90.00	28.13	9.57	78896.05	97731	0	BartonZwiebach	
5	0:00:11	1/1/2019 	5448	134.00	9.00	7.56	9.57	78896.05	1850	0	BartonZwiebach	
6	0:00:12	1/1/2019 	6946	690.00	11.00	15.30	9.59	78898.33	97720	0	BartonZwiebach	
7	0:00:13	1/1/2019 	7291	954.00	177.00	43.00	9.59	78898.77	1849	0	BartonZwiebach	
8	0:00:15	1/1/2019 	9335	155.00	9.00	8.16	9.61	78899.43	99734	0	BartonZwiebach	
9	0:00:15	1/1/2019 	9568	821.00	56.00	23.14	9.61	78899.39	49785	0	BartonZwiebach	
10	0:00:16	1/1/2019 	10091	620.00	10.00	14.48	9.62	78899.05	2612	0	BartonZwiebach	
11	0:00:18	1/1/2019 	12458	158.00	9.00	8.25	9.64	78899.48	97728	0	BartonZwiebach	
12	0:00:18	1/1/2019 	12782	110.00	9.00	6.87	9.64	78899.48	49787	0	BartonZwiebach	
13	0:00:19	1/1/2019 	13382	87.00	9.00	6.28	9.64	78899.31	1849	0	BartonZwiebach	
14	0:00:19	1/1/2019 	13781	846.00	63.00	23.97	9.64	78899.89	51989	0	BartonZwiebach	
15	0:00:20	1/1/2019 	14693	566.00	10.00	13.73	9.65	78900.78	49787	0	BartonZwiebach	
16	0:00:21	1/1/2019 	15398	882.00	81.00	26.57	9.66	78901.52	1850	0	BartonZwiebach	
17	0:00:23	1/1/2019 	17348	704.00	12.00	15.66	9.67	78902.27	97729	0	BartonZwiebach	
18	0:00:25	1/1/2019 	19582	968.00	546.00	93.73	9.68	78903.74	145665	0	BartonZwiebach	
19	0:00:26	1/1/2019 	20376	706.00	12.00	15.66	9.69	78904.49	2612	0	BartonZwiebach	
20	0:00:30	1/1/2019 	24618	738.00	16.00	17.01	9.70	78905.66	243694	0	BartonZwiebach	
21	0:00:30	1/1/2019 	24843	801.00	44.00	21.90	9.70	78905.94	1847	0	BartonZwiebach	
22	0:00:31	1/1/2019 	25282	240.00	9.00	10.13	9.70	78905.62	1848	0	BartonZwiebach	
23	0:00:31	1/1/2019 	25467	924.00	121.00	34.12	9.70	78905.62	1850	0	BartonZwiebach	
24	0:00:33	1/1/2019 	27065	905.00	102.00	30.39	9.71	78907.52	97735	0	BartonZwiebach	
25	0:00:33	1/1/2019 	27574	294.00	9.00	11.01	9.71	78907.83	49792	0	BartonZwiebach	
26	0:00:34	1/1/2019 	28628	719.00	13.00	16.01	9.71	78908.11	49789	0	BartonZwiebach	
27	0:00:35	1/1/2019 	29576	103.00	9.00	6.67	9.71	78909.22	51795	0	BartonZwiebach	
28	0:00:35	1/1/2019 	29639	699.00	11.00	15.30	9.71	78909.22	2612	0	BartonZwiebach	
29	0:00:37	1/1/2019 	31077	960.00	279.00	53.87	9.71	78909.70	49789	0	BartonZwiebach	
30	0:00:37	1/1/2019 	31747	88.00	9.00	6.30	9.72	78910.17	49795	0	BartonZwiebach	
31	0:00:38	1/1/2019 	32596	958.00	307.00	58.22	9.72	78910.17	49787	0	BartonZwiebach	
32	0:00:39	1/1/2019 	33663	98.00	9.00	6.54	9.72	78910.66	49794	0	BartonZwiebach	
33	0:00:41	1/1/2019 	35271	158.00	9.00	8.25	9.72	78911.77	51935	0	BartonZwiebach	
34	0:00:41	1/1/2019 	35360	805.00	37.00	21.17	9.72	78911.77	1849	0	BartonZwiebach	
35	0:00:41	1/1/2019 	35744	402.00	10.00	12.26	9.72	78912.09	49789	0	BartonZwiebach	
36	0:00:41	1/1/2019 	35923	802.00	43.00	21.81	9.72	78912.09	1847	0	BartonZwiebach	
37	0:00:42	1/1/2019 	36288	397.00	9.00	12.16	9.72	78912.73	1848	0	BartonZwiebach	
38	0:00:42	1/1/2019 	36590	477.00	10.00	12.83	9.72	78912.73	49787	0	BartonZwiebach	
39	0:00:43	1/1/2019 	37006	158.00	9.00	8.25	9.72	78913.05	3853	0	BartonZwiebach	
40	0:00:43	1/1/2019 	37889	562.00	9.00	13.54	9.72	78913.69	49786	0	BartonZwiebach	
41	0:00:44	1/1/2019 	38559	609.00	10.00	14.33	9.72	78914.17	49787	0	BartonZwiebach	
42	0:00:44	1/1/2019 	38854	928.00	127.00	35.27	9.72	78914.33	1849	0	BartonZwiebach	
43	0:00:46	1/1/2019 	40034	92.00	8.00	6.39	9.72	78915.12	49793	0	BartonZwiebach	
44	0:00:46	1/1/2019 	40801	224.00	9.00	9.82	9.72	78916.25	50549	0	BartonZwiebach	
45	0:00:47	1/1/2019 	41338	367.00	9.00	11.88	9.71	78916.26	3997	0	BartonZwiebach	
46	0:00:47	1/1/2019 	41728	923.00	118.00	33.53	9.71	78916.42	49787	0	BartonZwiebach	
47	0:00:48	1/1/2019 	42125	62.00	9.00	5.90	9.71	78916.73	1849	0	BartonZwiebach	
48	0:00:48	1/1/2019 	42692	582.00	9.00	13.79	9.71	78917.22	49786	0	BartonZwiebach	
49	0:00:49	1/1/2019 	43239	121.00	9.00	7.18	9.71	78918.02	1849	0	BartonZwiebach	
50	0:00:49	1/1/2019 	43567	842.00	58.00	23.40	9.71	78918.02	49786	0	BartonZwiebach	
51	0:00:49	1/1/2019 	43617	147.00	8.00	7.93	9.71	78918.81	3853	0	BartonZwiebach	
52	0:00:50	1/1/2019 	44127	90.00	9.00	6.35	9.71	78919.94	1846	0	BartonZwiebach	
53	0:00:51	1/1/2019 	45124	909.00	105.00	30.97	9.71	78921.22	49785	0	BartonZwiebach	
54	0:00:51	1/1/2019 	45680	112.00	9.00	6.92	9.71	78921.39	49792	0	BartonZwiebach	
55	0:00:51	1/1/2019 	45968	944.00	133.00	36.38	9.71	78921.39	1848	0	BartonZwiebach	
56	0:00:53	1/1/2019 	47746	327.00	9.00	11.44	9.71	78923.34	97733	0	BartonZwiebach	
57	0:00:56	1/1/2019 	50571	790.00	32.00	20.50	9.71	78926.39	147671	0	BartonZwiebach	
58	0:00:56	1/1/2019 	50583	394.00	10.00	12.19	9.71	78926.39	2612	0	BartonZwiebach	
59	0:00:58	1/1/2019 	52413	95.00	9.00	6.47	9.71	78928.16	49787	0	BartonZwiebach	
60	0:00:59	1/1/2019 	53394	324.00	9.00	11.41	9.70	78929.12	49788	0	BartonZwiebach	
61	0:01:00	1/1/2019 	54989	590.00	10.00	14.06	9.70	78930.56	97733	0	BartonZwiebach	
62	0:01:02	1/1/2019 	56405	655.00	10.00	14.84	9.70	78931.68	49788	0	BartonZwiebach	
63	0:01:02	1/1/2019 	56931	90.00	9.00	6.35	9.70	78931.88	51938	0	BartonZwiebach	
64	0:01:03	1/1/2019 	57826	792.00	29.00	20.06	9.70	78933.28	49790	0	BartonZwiebach	
65	0:01:04	1/1/2019 	58234	786.00	27.00	19.71	9.70	78933.47	1851	0	BartonZwiebach	
66	0:01:04	1/1/2019 	58245	702.00	12.00	15.66	9.70	78933.47	1851	0	BartonZwiebach	
67	0:01:05	1/1/2019 	59003	961.00	432.00	78.77	9.70	78934.59	49788	0	BartonZwiebach	
68	0:01:05	1/1/2019 	59473	921.00	116.00	33.14	9.70	78935.07	1851	0	BartonZwiebach	
69	0:01:05	1/1/2019 	59682	814.00	40.00	21.52	9.70	78935.07	51797	0	BartonZwiebach	
70	0:01:05	1/1/2019 	59727	974.00	652.00	116.92	9.70	78935.07	2611	0	BartonZwiebach	
71	0:01:09	1/1/2019 	63157	451.00	9.00	12.57	9.70	78938.75	145701	0	BartonZwiebach	
72	0:01:09	1/1/2019 	63467	725.00	13.00	16.01	9.70	78939.23	1849	0	BartonZwiebach	
73	0:01:09	1/1/2019 	63874	265.00	9.00	10.57	9.70	78939.23	49785	0	BartonZwiebach	
74	0:01:10	1/1/2019 	64365	640.00	10.00	14.71	9.70	78939.88	1852	0	BartonZwiebach	
75	0:01:11	1/1/2019 	65798	156.00	9.00	8.19	9.70	78941.95	99877	0	BartonZwiebach	
76	0:01:11	1/1/2019 	65974	282.00	9.00	10.83	9.70	78942.59	1850	0	BartonZwiebach	
77	0:01:12	1/1/2019 	66172	412.00	9.00	12.28	9.70	78942.59	1848	0	BartonZwiebach	
78	0:01:12	1/1/2019 	66721	571.00	9.00	13.65	9.70	78943.06	49788	0	BartonZwiebach	
79	0:01:13	1/1/2019 	67028	437.00	9.00	12.47	9.70	78943.70	1849	0	BartonZwiebach	
80	0:01:16	1/1/2019 	70779	953.00	163.00	41.22	9.70	78947.51	193598	0	BartonZwiebach	
81	0:01:17	1/1/2019 	71258	162.00	9.00	8.36	9.70	78948.15	4769	0	BartonZwiebach	
82	0:01:18	1/1/2019 	72305	441.00	9.00	12.50	9.71	78949.58	49783	0	BartonZwiebach	
83	0:01:20	1/1/2019 	74215	732.00	15.00	16.69	9.71	78952.13	97723	0	BartonZwiebach	
84	0:01:22	1/1/2019 	76338	177.00	9.00	8.75	9.71	78955.48	97722	0	BartonZwiebach	
85	0:01:23	1/1/2019 	77315	962.00	379.00	70.98	9.71	78957.05	49786	0	BartonZwiebach	
86	0:01:24	1/1/2019 	78328	134.00	9.00	7.56	9.71	78958.48	49796	0	BartonZwiebach	
87	0:01:24	1/1/2019 	78991	615.00	9.00	14.21	9.71	78959.27	51791	0	BartonZwiebach	
88	0:01:25	1/1/2019 	79436	712.00	13.00	16.01	9.71	78960.06	1850	0	BartonZwiebach	
89	0:01:27	1/1/2019 	81652	971.00	676.00	122.07	9.72	78962.94	145664	0	BartonZwiebach	
90	0:01:27	1/1/2019 	81791	973.00	588.00	102.10	9.72	78963.41	2614	0	BartonZwiebach	
91	0:01:28	1/1/2019 	82296	68.00	9.00	5.95	9.72	78964.05	1850	0	BartonZwiebach	
92	0:01:28	1/1/2019 	82604	714.00	12.00	15.66	9.72	78964.05	49786	0	BartonZwiebach	
93	0:01:29	1/1/2019 	83702	620.00	9.00	14.26	9.72	78965.45	49784	0	BartonZwiebach	
94	0:01:30	1/1/2019 	84749	441.00	9.00	12.50	9.72	78967.20	51991	0	BartonZwiebach	
95	0:01:30	1/1/2019 	84798	513.00	9.00	13.03	9.72	78967.20	1851	0	BartonZwiebach	
96	0:01:32	1/1/2019 	86367	801.00	36.00	21.04	9.72	78968.95	49787	0	BartonZwiebach	
97	0:01:32	1/1/2019 	86452	722.00	13.00	16.01	9.72	78968.95	1850	0	BartonZwiebach	
98	0:01:33	1/1/2019 	87264	911.00	108.00	31.56	9.73	78970.36	49786	0	BartonZwiebach	
99	0:01:33	1/1/2019 	87428	473.00	9.00	12.72	9.73	78970.36	1851	0	BartonZwiebach	
100	0:01:33	1/1/2019 	87734	183.00	9.00	8.90	9.73	78970.84	51791	0	BartonZwiebach	
101	0:01:35	1/1/2019 	89161	971.00	621.00	109.75	9.73	78972.58	49787	0	BartonZwiebach	
102	0:01:35	1/1/2019 	89299	170.00	9.00	8.57	9.73	78973.22	1851	0	BartonZwiebach	
103	0:01:36	1/1/2019 	90408	111.00	8.00	6.89	9.73	78974.18	49788	0	BartonZwiebach	
104	0:01:39	1/1/2019 	93348	732.00	15.00	16.69	9.74	78978.41	146424	0	BartonZwiebach	
105	0:01:39	1/1/2019 	93592	200.00	9.00	9.31	9.74	78978.41	49790	0	BartonZwiebach	
106	0:01:39	1/1/2019 	93695	147.00	9.00	7.94	9.74	78979.05	3997	0	BartonZwiebach	
107	0:01:39	1/1/2019 	93773	962.00	202.00	45.62	9.74	78979.05	1849	0	BartonZwiebach	
108	0:01:40	1/1/2019 	94755	88.00	9.00	6.30	9.74	78980.14	49792	0	BartonZwiebach	
109	0:01:40	1/1/2019 	94859	677.00	10.00	14.94	9.74	78980.14	1850	0	BartonZwiebach	
110	0:01:41	1/1/2019 	95055	894.00	89.00	27.95	9.74	78980.14	1849	0	BartonZwiebach	
111	0:01:41	1/1/2019 	95822	85.00	9.00	6.24	9.74	78981.25	49790	0	BartonZwiebach	
112	0:01:42	1/1/2019 	96425	468.00	10.00	12.77	9.74	78981.89	3852	0	BartonZwiebach	
113	0:01:42	1/1/2019 	96769	341.00	9.00	11.61	9.74	78982.37	49789	0	BartonZwiebach	
114	0:01:43	1/1/2019 	97650	767.00	22.00	18.67	9.74	78983.95	49787	0	BartonZwiebach	
115	0:01:45	1/1/2019 	99305	961.00	402.00	74.63	9.75	78986.31	49788	0	BartonZwiebach	
116	0:01:45	1/1/2019 	99433	67.00	9.00	5.94	9.75	78986.31	1850	0	BartonZwiebach	
117	0:01:45	1/1/2019 	99493	245.00	9.00	10.22	9.75	78986.31	1850	0	BartonZwiebach	
118	0:01:46	1/1/2019 	100010	189.00	8.00	9.04	9.75	78987.11	51793	0	BartonZwiebach	
119	0:01:46	1/1/2019 	100719	971.00	551.00	94.68	9.75	78988.05	50548	0	BartonZwiebach	
120	0:01:47	1/1/2019 	101380	179.00	9.00	8.80	9.75	78988.69	1850	0	BartonZwiebach	
121	0:01:47	1/1/2019 	101595	168.00	9.00	8.52	9.75	78989.45	49786	0	BartonZwiebach	
122	0:01:47	1/1/2019 	101852	98.00	8.00	6.54	9.75	78989.45	1849	0	BartonZwiebach	
123	0:01:48	1/1/2019 	102011	73.00	8.00	6.02	9.75	78989.45	1847	0	BartonZwiebach	
124	0:01:50	1/1/2019 	104290	170.00	9.00	8.57	9.76	78992.12	99928	0	BartonZwiebach	
125	0:01:50	1/1/2019 	104322	727.00	14.00	16.36	9.76	78992.12	1858	0	BartonZwiebach	
126	0:01:50	1/1/2019 	104785	98.00	3.00	6.53	9.76	78992.61	49793	0	BartonZwiebach	
127	0:01:50	1/1/2019 	104902	182.00	9.00	8.88	9.76	78992.61	1847	0	BartonZwiebach	
128	0:01:51	1/1/2019 	105351	952.00	180.00	43.35	9.76	78993.39	1848	0	BartonZwiebach	
129	0:01:51	1/1/2019 	105367	627.00	9.00	14.34	9.76	78993.39	1851	0	BartonZwiebach	
130	0:01:51	1/1/2019 	105374	724.00	13.00	16.01	9.76	78993.39	3853	0	BartonZwiebach	
131	0:01:52	1/1/2019 	106957	698.00	11.00	15.30	9.76	78995.78	97730	0	BartonZwiebach	
132	0:01:53	1/1/2019 	107565	769.00	23.00	18.89	9.77	78997.19	49789	0	BartonZwiebach	
133	0:01:54	1/1/2019 	108849	83.00	9.00	6.20	9.77	78998.30	49790	0	BartonZwiebach	
134	0:01:56	1/1/2019 	110435	432.00	10.00	12.50	9.77	79000.04	49788	0	BartonZwiebach	
135	0:01:57	1/1/2019 	111389	78.00	9.00	6.10	9.77	79001.44	50553	0	BartonZwiebach	
136	0:01:58	1/1/2019 	112839	891.00	90.00	28.12	9.78	79003.35	99875	0	BartonZwiebach	
137	0:01:59	1/1/2019 	113320	603.00	9.00	14.06	9.78	79004.14	1852	0	BartonZwiebach	
138	0:01:59	1/1/2019 	113474	709.00	12.00	15.66	9.78	79004.45	1850	0	BartonZwiebach	
139	0:01:59	1/1/2019 	113555	403.00	9.00	12.21	9.78	79004.45	49788	0	BartonZwiebach	
140	0:02:00	1/1/2019 	114099	901.00	97.00	29.43	9.78	79005.22	1848	0	BartonZwiebach	
141	0:02:00	1/1/2019 	114737	922.00	116.00	33.14	9.78	79006.02	49792	0	BartonZwiebach	
142	0:02:02	1/1/2019 	116215	906.00	99.00	29.82	9.79	79007.92	51798	0	BartonZwiebach	
143	0:02:04	1/1/2019 	118341	315.00	9.00	11.29	9.79	79010.27	97734	0	BartonZwiebach	
144	0:02:04	1/1/2019 	118560	422.00	9.00	12.36	9.79	79010.91	49789	0	BartonZwiebach	
145	0:02:05	1/1/2019 	119362	255.00	9.00	10.40	9.79	79011.67	1849	0	BartonZwiebach	
146	0:02:06	1/1/2019 	120761	955.00	225.00	47.75	9.79	79012.78	97733	0	BartonZwiebach	
147	0:02:09	1/1/2019 	123390	787.00	28.00	19.88	9.80	79015.77	98502	0	BartonZwiebach	
148	0:02:10	1/1/2019 	124293	958.00	234.00	48.60	9.80	79016.08	51940	0	BartonZwiebach	
149	0:02:10	1/1/2019 	124459	170.00	9.00	8.57	9.80	79016.70	1850	0	BartonZwiebach	
150	0:02:11	1/1/2019 	125193	75.00	9.00	6.05	9.80	79017.03	49787	0	BartonZwiebach	
151	0:02:11	1/1/2019 	125730	146.00	9.00	7.91	9.81	79017.63	49789	0	BartonZwiebach	
152	0:02:11	1/1/2019 	125875	127.00	8.00	7.35	9.81	79017.95	1849	0	BartonZwiebach	
153	0:02:12	1/1/2019 	126555	359.00	9.00	11.80	9.81	79018.44	49787	0	BartonZwiebach	
154	0:02:13	1/1/2019 	127004	589.00	9.00	13.88	9.81	79018.91	3910	0	BartonZwiebach	
155	0:02:14	1/1/2019 	128593	762.00	21.00	18.42	9.81	79020.48	97731	0	BartonZwiebach	
156	0:02:14	1/1/2019 	128700	124.00	9.00	7.27	9.81	79020.48	1851	0	BartonZwiebach	
157	0:02:14	1/1/2019 	128888	76.00	8.00	6.07	9.81	79021.09	1849	0	BartonZwiebach	
158	0:02:16	1/1/2019 	130009	138.00	9.00	7.68	9.82	79022.02	49785	0	BartonZwiebach	
159	0:02:16	1/1/2019 	130263	162.00	8.00	8.35	9.82	79022.02	2612	0	BartonZwiebach	
160	0:02:16	1/1/2019 	130695	422.00	9.00	12.36	9.82	79022.50	182230	0	BartonZwiebach	
161	0:02:16	1/1/2019 	130713	277.00	9.00	10.76	9.82	79022.50	1850	0	BartonZwiebach	
162	0:02:17	1/1/2019 	131496	250.00	8.00	10.29	9.82	79023.74	1849	0	BartonZwiebach	
163	0:02:17	1/1/2019 	131869	811.00	40.00	21.51	9.82	79024.38	49791	0	BartonZwiebach	
164	0:02:18	1/1/2019 	132100	363.00	13.00	12.02	9.82	79024.38	1857	0	BartonZwiebach	
165	0:02:18	1/1/2019 	132283	529.00	9.00	13.18	9.82	79024.38	1857	0	BartonZwiebach	
166	0:02:19	1/1/2019 	133070	119.00	9.00	7.12	9.82	79025.31	51797	0	BartonZwiebach	
167	0:02:19	1/1/2019 	133293	967.00	369.00	69.27	9.83	79025.77	1851	0	BartonZwiebach	
168	0:02:19	1/1/2019 	133881	177.00	9.00	8.75	9.83	79026.24	49796	0	BartonZwiebach	
169	0:02:20	1/1/2019 	134107	272.00	9.00	10.68	9.83	79026.24	1849	0	BartonZwiebach	
170	0:02:20	1/1/2019 	134727	803.00	43.00	21.81	9.83	79027.03	49790	0	BartonZwiebach	
171	0:02:20	1/1/2019 	134893	776.00	25.00	19.32	9.83	79027.66	1850	0	BartonZwiebach	
172	0:02:21	1/1/2019 	135853	900.00	94.00	28.87	9.83	79028.74	51794	0	BartonZwiebach	
173	0:02:22	1/1/2019 	136084	356.00	9.00	11.77	9.83	79028.74	1851	0	BartonZwiebach	
174	0:02:22	1/1/2019 	136105	150.00	12.00	8.04	9.83	79028.74	1850	0	BartonZwiebach	
175	0:02:22	1/1/2019 	136135	759.00	20.00	18.17	9.83	79028.74	1849	0	BartonZwiebach	
176	0:02:22	1/1/2019 	136632	93.00	9.00	6.42	9.84	79029.38	49791	0	BartonZwiebach	
177	0:02:24	1/1/2019 	138411	393.00	9.00	12.12	9.84	79031.24	49792	0	BartonZwiebach	
178	0:02:24	1/1/2019 	138895	599.00	9.00	14.01	9.84	79031.88	51796	0	BartonZwiebach	
179	0:02:25	1/1/2019 	139110	913.00	107.00	31.37	9.84	79031.88	1857	0	BartonZwiebach	
180	0:02:27	1/1/2019 	141040	699.00	11.00	15.30	9.85	79033.74	97742	0	BartonZwiebach	
181	0:02:28	1/1/2019 	142491	402.00	9.00	12.20	9.85	79035.30	50554	0	BartonZwiebach	
182	0:02:29	1/1/2019 	143684	529.00	9.00	13.18	9.86	79037.19	97733	0	BartonZwiebach	
183	0:02:31	1/1/2019 	145559	569.00	9.00	13.63	9.86	79038.58	97735	0	BartonZwiebach	
184	0:02:31	1/1/2019 	145729	901.00	96.00	29.24	9.86	79039.06	4053	0	BartonZwiebach	
185	0:02:31	1/1/2019 	145743	847.00	65.00	24.21	9.86	79039.06	1847	0	BartonZwiebach	
186	0:02:33	1/1/2019 	147181	945.00	137.00	37.10	9.87	79040.61	49794	0	BartonZwiebach	
187	0:02:33	1/1/2019 	147637	426.00	9.00	12.39	9.87	79040.61	49797	0	BartonZwiebach	
188	0:02:34	1/1/2019 	148296	650.00	10.00	14.80	9.87	79041.41	1848	0	BartonZwiebach	
189	0:02:34	1/1/2019 	148310	501.00	10.00	13.03	9.87	79041.41	3855	0	BartonZwiebach	
190	0:02:36	1/1/2019 	150152	156.00	9.00	8.19	9.88	79043.27	97735	0	BartonZwiebach	
191	0:02:36	1/1/2019 	150685	572.00	10.00	13.81	9.88	79043.91	50751	0	BartonZwiebach	
192	0:02:36	1/1/2019 	150990	548.00	10.00	13.50	9.88	79043.91	1849	0	BartonZwiebach	
193	0:02:37	1/1/2019 	151726	148.00	9.00	7.97	9.88	79044.67	49791	0	BartonZwiebach	
194	0:02:37	1/1/2019 	151899	536.00	10.00	13.36	9.88	79044.67	1850	0	BartonZwiebach	
195	0:02:38	1/1/2019 	152309	198.00	9.00	9.26	9.88	79044.98	3997	0	BartonZwiebach	
196	0:02:38	1/1/2019 	152630	977.00	756.00	134.78	9.88	79045.62	49792	0	BartonZwiebach	
197	0:02:38	1/1/2019 	152811	222.00	9.00	9.78	9.88	79045.62	1850	0	BartonZwiebach	
198	0:02:38	1/1/2019 	152868	381.00	9.00	12.02	9.88	79045.62	1849	0	BartonZwiebach	
199	0:02:39	1/1/2019 	153146	67.00	9.00	5.94	9.88	79045.94	1849	0	BartonZwiebach	
200	0:02:39	1/1/2019 	153826	381.00	9.00	12.02	9.89	79046.56	49791	0	BartonZwiebach	
201	0:02:41	1/1/2019 	155107	873.00	77.00	25.92	9.89	79047.95	51797	0	BartonZwiebach	
202	0:02:41	1/1/2019 	155699	973.00	462.00	82.34	9.89	79048.58	49794	0	BartonZwiebach	
203	0:02:43	1/1/2019 	157874	182.00	9.00	8.88	9.90	79049.98	97756	0	BartonZwiebach	
204	0:02:46	1/1/2019 	160312	827.00	56.00	23.16	9.91	79052.73	97735	0	BartonZwiebach	
205	0:02:47	1/1/2019 	161026	948.00	146.00	38.64	9.91	79054.01	50756	0	BartonZwiebach	
206	0:02:48	1/1/2019 	162481	80.00	10.00	6.14	9.91	79055.11	49796	0	BartonZwiebach	
207	0:02:48	1/1/2019 	162944	809.00	44.00	21.92	9.91	79055.44	51940	0	BartonZwiebach	
208	0:02:49	1/1/2019 	163272	837.00	61.00	23.72	9.92	79055.88	1852	0	BartonZwiebach	
209	0:02:51	1/1/2019 	165381	72.00	9.00	6.01	9.92	79057.77	97743	0	BartonZwiebach	
210	0:02:52	1/1/2019 	166194	675.00	10.00	14.93	9.93	79059.01	49791	0	BartonZwiebach	
211	0:02:52	1/1/2019 	166299	800.00	37.00	21.16	9.93	79059.01	1851	0	BartonZwiebach	
212	0:02:52	1/1/2019 	166330	196.00	9.00	9.22	9.93	79059.01	1849	0	BartonZwiebach	
213	0:02:52	1/1/2019 	166372	62.00	9.00	5.90	9.93	79059.01	3908	0	BartonZwiebach	
214	0:02:54	1/1/2019 	168088	822.00	52.00	22.74	9.93	79061.04	97730	0	BartonZwiebach	
215	0:02:54	1/1/2019 	168590	166.00	9.00	8.46	9.93	79061.51	49795	0	BartonZwiebach	
216	0:02:54	1/1/2019 	168610	154.00	9.00	8.13	9.93	79061.51	1849	0	BartonZwiebach	
217	0:02:56	1/1/2019 	170050	938.00	133.00	36.38	9.94	79062.91	49789	0	BartonZwiebach	
218	0:02:56	1/1/2019 	170673	879.00	79.00	26.24	9.94	79063.22	50757	0	BartonZwiebach	
219	0:02:56	1/1/2019 	170848	960.00	238.00	49.00	9.94	79063.22	3998	0	BartonZwiebach	
220	0:02:56	1/1/2019 	170869	862.00	67.00	24.50	9.94	79063.22	1850	0	BartonZwiebach	
221	0:02:57	1/1/2019 	171695	182.00	9.00	8.88	9.94	79063.85	49793	0	BartonZwiebach	
222	0:02:57	1/1/2019 	171893	809.00	39.00	21.40	9.94	79063.85	1850	0	BartonZwiebach	
223	0:02:59	1/1/2019 	173675	951.00	151.00	39.45	9.95	79065.39	97738	0	BartonZwiebach	
224	0:03:03	1/1/2019 	177360	159.00	9.00	8.27	9.96	79067.70	145690	0	BartonZwiebach	
225	0:03:03	1/1/2019 	177642	956.00	156.00	40.21	9.96	79067.86	181058	0	BartonZwiebach	
226	0:03:04	1/1/2019 	178403	594.00	10.00	14.12	9.96	79068.64	1850	0	BartonZwiebach	
227	0:03:04	1/1/2019 	178405	785.00	29.00	20.04	9.96	79068.64	1851	0	BartonZwiebach	
228	0:03:05	1/1/2019 	179185	889.00	86.00	27.42	9.96	79069.41	49793	0	BartonZwiebach	
229	0:03:05	1/1/2019 	179198	144.00	9.00	7.85	9.96	79069.41	1851	0	BartonZwiebach	
230	0:03:06	1/1/2019 	180198	153.00	9.00	8.11	9.96	79070.20	49790	0	BartonZwiebach	
231	0:03:06	1/1/2019 	180721	158.00	9.00	8.25	9.97	79070.83	52898	0	BartonZwiebach	
232	0:03:06	1/1/2019 	180986	434.00	9.00	12.45	9.97	79070.98	1848	0	BartonZwiebach	
233	0:03:07	1/1/2019 	181678	607.00	9.00	14.11	9.97	79071.27	49792	0	BartonZwiebach	
234	0:03:08	1/1/2019 	182496	901.00	96.00	29.24	9.97	79072.22	1851	0	BartonZwiebach	
235	0:03:08	1/1/2019 	182723	956.00	174.00	42.64	9.97	79072.22	49795	0	BartonZwiebach	
236	0:03:10	1/1/2019 	184148	82.00	9.00	6.18	9.97	79073.97	49797	0	BartonZwiebach	
237	0:03:10	1/1/2019 	184957	962.00	262.00	51.64	9.98	79075.17	51798	0	BartonZwiebach	
238	0:03:10	1/1/2019 	184976	972.00	394.00	73.41	9.98	79075.17	1851	0	BartonZwiebach	
239	0:03:11	1/1/2019 	185722	917.00	114.00	32.75	9.98	79075.33	49803	0	BartonZwiebach	
240	0:03:12	1/1/2019 	186624	870.00	79.00	26.22	9.98	79076.28	49796	0	BartonZwiebach	
241	0:03:13	1/1/2019 	187964	98.00	8.00	6.54	9.99	79077.67	49793	0	BartonZwiebach	
242	0:03:15	1/1/2019 	189285	96.00	9.00	6.49	9.99	79079.06	49788	0	BartonZwiebach	
243	0:03:15	1/1/2019 	189459	112.00	9.00	6.92	9.99	79079.06	3908	0	BartonZwiebach	
244	0:03:15	1/1/2019 	189771	794.00	29.00	20.06	9.99	79079.38	49794	0	BartonZwiebach	
245	0:03:16	1/1/2019 	190438	159.00	9.00	8.27	9.99	79079.70	2814	0	BartonZwiebach	
246	0:03:16	1/1/2019 	190901	58.00	9.00	5.89	10.00	79080.14	49790	0	BartonZwiebach	
247	0:03:17	1/1/2019 	191423	952.00	173.00	42.52	10.00	79080.47	1849	0	BartonZwiebach	
248	0:03:19	1/1/2019 	193035	569.00	10.00	13.77	10.00	79082.04	97743	0	BartonZwiebach	
249	0:03:19	1/1/2019 	193934	106.00	8.00	6.75	10.00	79082.64	51943	0	BartonZwiebach	
250	0:03:22	1/1/2019 	196274	168.00	9.00	8.52	10.01	79085.47	97729	0	BartonZwiebach	
251	0:03:23	1/1/2019 	197024	962.00	275.00	53.32	10.01	79086.25	49793	0	BartonZwiebach	
252	0:03:26	1/1/2019 	200873	244.00	9.00	10.21	10.03	79089.98	193643	0	BartonZwiebach	
253	0:03:27	1/1/2019 	201695	66.00	9.00	5.93	10.03	79090.62	50753	0	BartonZwiebach	
254	0:03:28	1/1/2019 	202898	302.00	9.00	11.12	10.03	79091.54	49791	0	BartonZwiebach	
255	0:03:29	1/1/2019 	203043	914.00	109.00	31.76	10.03	79091.54	3998	0	BartonZwiebach	
256	0:03:29	1/1/2019 	203198	645.00	10.00	14.76	10.03	79092.01	1852	0	BartonZwiebach	
257	0:03:29	1/1/2019 	203236	63.00	9.00	5.91	10.03	79092.01	1850	0	BartonZwiebach	
258	0:03:31	1/1/2019 	205215	537.00	9.00	13.26	10.04	79093.41	97732	0	BartonZwiebach	
259	0:03:31	1/1/2019 	205332	381.00	9.00	12.02	10.04	79093.41	1851	0	BartonZwiebach	
260	0:03:31	1/1/2019 	205973	131.00	9.00	7.47	10.04	79093.72	49793	0	BartonZwiebach	
261	0:03:33	1/1/2019 	207833	316.00	9.00	11.31	10.05	79095.27	99735	0	BartonZwiebach	
262	0:03:34	1/1/2019 	208603	148.00	9.00	7.97	10.05	79096.05	49793	0	BartonZwiebach	
263	0:03:36	1/1/2019 	210074	694.00	15.00	16.56	10.05	79097.44	49793	0	BartonZwiebach	
264	0:03:37	1/1/2019 	211588	277.00	9.00	10.76	10.06	79098.66	98696	0	BartonZwiebach	
265	0:03:39	1/1/2019 	213206	610.00	10.00	14.35	10.06	79099.91	49791	0	BartonZwiebach	
266	0:03:39	1/1/2019 	213670	963.00	228.00	48.03	10.07	79100.52	49795	0	BartonZwiebach	
267	0:03:39	1/1/2019 	213885	109.00	9.00	6.84	10.07	79100.52	3999	0	BartonZwiebach	
268	0:03:40	1/1/2019 	214908	208.00	9.00	9.49	10.07	79101.30	49789	0	BartonZwiebach	
269	0:03:41	1/1/2019 	215612	961.00	377.00	70.63	10.07	79101.91	49793	0	BartonZwiebach	
270	0:03:41	1/1/2019 	215776	948.00	141.00	37.80	10.07	79101.91	1851	0	BartonZwiebach	
271	0:03:42	1/1/2019 	216275	949.00	150.00	39.29	10.07	79102.06	1850	0	BartonZwiebach	
272	0:03:42	1/1/2019 	216732	74.00	9.00	6.03	10.07	79102.38	49799	0	BartonZwiebach	
273	0:03:43	1/1/2019 	217113	134.00	9.00	7.56	10.08	79103.00	3858	0	BartonZwiebach	
274	0:03:43	1/1/2019 	217320	416.00	9.00	12.31	10.08	79103.00	1849	0	BartonZwiebach	
275	0:03:43	1/1/2019 	217653	750.00	17.00	17.33	10.08	79103.16	49792	0	BartonZwiebach	
276	0:03:44	1/1/2019 	218905	322.00	9.00	11.38	10.08	79103.61	49794	0	BartonZwiebach	
277	0:03:46	1/1/2019 	220180	780.00	27.00	19.70	10.08	79104.87	49795	0	BartonZwiebach	
278	0:03:46	1/1/2019 	220272	641.00	10.00	14.72	10.08	79104.87	2811	0	BartonZwiebach	
279	0:03:46	1/1/2019 	220419	132.00	9.00	7.50	10.08	79104.87	79357	0	BartonZwiebach	
280	0:03:47	1/1/2019 	221066	123.00	9.00	7.24	10.09	79105.47	49790	0	BartonZwiebach	
281	0:03:47	1/1/2019 	221227	653.00	10.00	14.83	10.09	79105.47	1851	0	BartonZwiebach	
282	0:03:47	1/1/2019 	221594	782.00	26.00	19.52	10.09	79106.10	49793	0	BartonZwiebach	
283	0:03:48	1/1/2019 	222982	712.00	13.00	16.01	10.09	79106.73	49795	0	BartonZwiebach	
284	0:03:51	1/1/2019 	225135	72.00	3.00	6.00	10.10	79108.12	130935	0	BartonZwiebach	
285	0:03:51	1/1/2019 	225420	682.00	11.00	15.28	10.10	79108.75	1855	0	BartonZwiebach	
286	0:03:53	1/1/2019 	227833	531.00	9.00	13.20	10.10	79109.98	145678	0	BartonZwiebach	
287	0:03:54	1/1/2019 	228494	157.00	9.00	8.22	10.11	79110.59	1851	0	BartonZwiebach	
288	0:03:54	1/1/2019 	228899	950.00	139.00	37.46	10.11	79111.22	49792	0	BartonZwiebach	
289	0:03:54	1/1/2019 	228903	884.00	77.00	25.95	10.11	79111.22	1850	0	BartonZwiebach	
290	0:03:56	1/1/2019 	230304	112.00	9.00	6.92	10.11	79111.84	82960	0	BartonZwiebach	
291	0:03:57	1/1/2019 	231974	928.00	130.00	35.83	10.12	79112.76	98694	0	BartonZwiebach	
292	0:03:59	1/1/2019 	233087	614.00	10.00	14.40	10.12	79113.06	49796	0	BartonZwiebach	
293	0:03:59	1/1/2019 	233474	529.00	9.00	13.18	10.12	79113.52	1851	0	BartonZwiebach	
294	0:04:00	1/1/2019 	234842	968.00	402.00	74.63	10.12	79114.14	97732	0	BartonZwiebach	
295	0:04:01	1/1/2019 	235032	630.00	9.00	14.37	10.12	79114.14	1851	0	BartonZwiebach	
296	0:04:01	1/1/2019 	235097	971.00	422.00	77.47	10.12	79114.14	35143	0	BartonZwiebach	
297	0:04:02	1/1/2019 	236460	90.00	8.00	6.35	10.13	79115.05	49801	0	BartonZwiebach	
298	0:04:02	1/1/2019 	236493	585.00	9.00	13.83	10.13	79115.05	1848	0	BartonZwiebach	
299	0:04:02	1/1/2019 	236743	899.00	94.00	28.86	10.13	79115.05	49793	0	BartonZwiebach	
300	0:04:04	1/1/2019 	238137	397.00	9.00	12.16	10.13	79116.77	49793	0	BartonZwiebach	
301	0:04:04	1/1/2019 	238945	72.00	9.00	6.01	10.13	79117.55	49793	0	BartonZwiebach	
302	0:04:08	1/1/2019 	242729	956.00	199.00	45.33	10.15	79120.14	226761	0	BartonZwiebach	
303	0:04:08	1/1/2019 	242885	969.00	371.00	69.61	10.15	79120.47	2811	0	BartonZwiebach	
304	0:04:09	1/1/2019 	243329	856.00	71.00	25.01	10.15	79120.94	1851	0	BartonZwiebach	
305	0:04:10	1/1/2019 	244764	166.00	9.00	8.46	10.15	79121.88	97738	0	BartonZwiebach	
306	0:04:11	1/1/2019 	245716	74.00	9.00	6.03	10.15	79122.33	49792	0	BartonZwiebach	
307	0:04:12	1/1/2019 	246684	82.00	9.00	6.18	10.16	79122.95	49791	0	BartonZwiebach	
308	0:04:13	1/1/2019 	247083	961.00	281.00	54.16	10.16	79123.12	35147	0	BartonZwiebach	
309	0:04:13	1/1/2019 	247149	276.00	9.00	10.74	10.16	79123.12	1851	0	BartonZwiebach	
310	0:04:15	1/1/2019 	249883	408.00	9.00	12.25	10.17	79125.27	145676	0	BartonZwiebach	
311	0:04:17	1/1/2019 	251873	837.00	64.00	24.07	10.17	79126.48	98693	0	BartonZwiebach	
312	0:04:18	1/1/2019 	252053	100.00	9.00	6.60	10.17	79126.48	1850	0	BartonZwiebach	
313	0:04:18	1/1/2019 	252280	157.00	9.00	8.22	10.17	79126.48	1850	0	BartonZwiebach	
314	0:04:18	1/1/2019 	252351	126.00	9.00	7.33	10.17	79126.48	3997	0	BartonZwiebach	
315	0:04:18	1/1/2019 	252682	886.00	81.00	26.58	10.18	79126.95	49789	0	BartonZwiebach	
316	0:04:19	1/1/2019 	253047	554.00	9.00	13.45	10.18	79126.95	1851	0	BartonZwiebach	
317	0:04:19	1/1/2019 	253659	675.00	10.00	14.93	10.18	79127.27	49790	0	BartonZwiebach	
318	0:04:22	1/1/2019 	256129	580.00	9.00	13.77	10.18	79128.02	97731	0	BartonZwiebach	
319	0:04:22	1/1/2019 	256184	704.00	12.00	15.66	10.19	79128.30	1851	0	BartonZwiebach	
320	0:04:23	1/1/2019 	257551	765.00	22.00	18.66	10.19	79128.93	99790	0	BartonZwiebach	
321	0:04:24	1/1/2019 	258095	976.00	698.00	125.88	10.19	79129.25	1852	0	BartonZwiebach	
322	0:04:25	1/1/2019 	259338	762.00	21.00	18.42	10.19	79130.32	49807	0	BartonZwiebach	
323	0:04:26	1/1/2019 	260614	106.00	8.00	6.75	10.20	79130.95	97734	0	BartonZwiebach	
324	0:04:28	1/1/2019 	262620	87.00	8.00	6.28	10.20	79132.19	98689	0	BartonZwiebach	
325	0:04:29	1/1/2019 	263657	149.00	9.00	7.99	10.20	79132.66	49789	0	BartonZwiebach	
326	0:04:31	1/1/2019 	265562	180.00	9.00	8.83	10.21	79133.72	99881	0	BartonZwiebach	
327	0:04:31	1/1/2019 	265670	834.00	58.00	23.38	10.21	79133.72	1851	0	BartonZwiebach	
328	0:04:31	1/1/2019 	265688	106.00	9.00	6.76	10.21	79133.72	1850	0	BartonZwiebach	
329	0:04:34	1/1/2019 	268030	690.00	11.00	15.30	10.22	79135.11	97731	0	BartonZwiebach	
330	0:04:34	1/1/2019 	268293	966.00	333.00	62.79	10.22	79135.11	1851	0	BartonZwiebach	
331	0:04:34	1/1/2019 	268613	762.00	20.00	18.17	10.22	79135.58	49800	0	BartonZwiebach	
332	0:04:35	1/1/2019 	269199	250.00	9.00	10.31	10.22	79135.58	3854	0	BartonZwiebach	
333	0:04:37	1/1/2019 	271073	438.00	9.00	12.47	10.22	79136.62	97738	0	BartonZwiebach	
334	0:04:38	1/1/2019 	272132	146.00	9.00	7.91	10.23	79137.09	50758	0	BartonZwiebach	
335	0:04:41	1/1/2019 	275346	741.00	16.00	17.02	10.23	79138.64	145673	0	BartonZwiebach	
336	0:04:41	1/1/2019 	275368	202.00	9.00	9.36	10.23	79138.64	1849	0	BartonZwiebach	
337	0:04:41	1/1/2019 	275833	880.00	82.00	26.72	10.24	79139.24	51940	0	BartonZwiebach	
338	0:04:42	1/1/2019 	276069	89.00	8.00	6.32	10.24	79139.24	1849	0	BartonZwiebach	
339	0:04:42	1/1/2019 	276782	340.00	9.00	11.60	10.24	79139.55	49790	0	BartonZwiebach	
340	0:04:43	1/1/2019 	277754	135.00	9.00	7.59	10.24	79140.00	49791	0	BartonZwiebach	
341	0:04:44	1/1/2019 	278095	84.00	9.00	6.22	10.24	79140.16	1850	0	BartonZwiebach	
342	0:04:45	1/1/2019 	279598	967.00	607.00	106.47	10.25	79140.94	97731	0	BartonZwiebach	
343	0:04:46	1/1/2019 	280264	953.00	155.00	40.06	10.25	79141.38	4962	0	BartonZwiebach	
344	0:04:46	1/1/2019 	280380	80.00	9.00	6.14	10.25	79141.38	1858	0	BartonZwiebach	
345	0:04:46	1/1/2019 	280779	764.00	22.00	18.66	10.25	79141.70	49796	0	BartonZwiebach	
346	0:04:46	1/1/2019 	280903	903.00	93.00	28.69	10.25	79142.33	1851	0	BartonZwiebach	
347	0:04:47	1/1/2019 	281343	95.00	8.00	6.47	10.25	79142.33	1849	0	BartonZwiebach	
348	0:04:47	1/1/2019 	281725	69.00	9.00	5.97	10.25	79142.33	49788	0	BartonZwiebach	
349	0:04:50	1/1/2019 	284030	109.00	8.00	6.84	10.26	79144.19	99738	0	BartonZwiebach	
350	0:04:50	1/1/2019 	284954	67.00	9.00	5.94	10.26	79144.50	49789	0	BartonZwiebach	
351	0:04:51	1/1/2019 	285821	895.00	92.00	28.49	10.26	79145.10	49792	0	BartonZwiebach	
352	0:04:53	1/1/2019 	287038	467.00	9.00	12.68	10.27	79145.73	49794	0	BartonZwiebach	
353	0:04:53	1/1/2019 	287148	476.00	9.00	12.74	10.27	79145.73	1851	0	BartonZwiebach	
354	0:04:54	1/1/2019 	288860	247.00	9.00	10.26	10.27	79146.97	97734	0	BartonZwiebach	
355	0:04:55	1/1/2019 	289161	331.00	9.00	11.49	10.27	79146.97	3856	0	BartonZwiebach	
356	0:04:55	1/1/2019 	289368	210.00	8.00	9.52	10.27	79147.27	1850	0	BartonZwiebach	
357	0:04:56	1/1/2019 	290830	803.00	54.00	22.90	10.28	79147.88	97735	0	BartonZwiebach	
358	0:04:57	1/1/2019 	291820	448.00	9.00	12.55	10.28	79148.67	50760	0	BartonZwiebach	
359	0:04:58	1/1/2019 	292206	841.00	64.00	24.08	10.28	79148.67	1850	0	BartonZwiebach	
360	0:04:59	1/1/2019 	293224	908.00	109.00	31.75	10.28	79149.45	49795	0	BartonZwiebach	
361	0:05:01	1/1/2019 	295256	478.00	9.00	12.76	10.28	79150.38	99895	0	BartonZwiebach	
362	0:05:01	1/1/2019 	295370	135.00	9.00	7.59	10.28	79150.53	1855	0	BartonZwiebach	
363	0:05:01	1/1/2019 	295879	955.00	151.00	39.45	10.29	79150.84	49792	0	BartonZwiebach	
364	0:05:02	1/1/2019 	296298	87.00	9.00	6.28	10.29	79151.00	1850	0	BartonZwiebach	
365	0:05:02	1/1/2019 	296314	951.00	141.00	37.80	10.29	79151.00	1849	0	BartonZwiebach	
366	0:05:02	1/1/2019 	296420	210.00	9.00	9.53	10.29	79151.00	1850	0	BartonZwiebach	
367	0:05:03	1/1/2019 	297354	425.00	9.00	12.38	10.29	79151.61	51797	0	BartonZwiebach	
368	0:05:03	1/1/2019 	297655	152.00	9.00	8.08	10.29	79151.61	49792	0	BartonZwiebach	
369	0:05:04	1/1/2019 	298019	88.00	9.00	6.30	10.29	79152.07	1849	0	BartonZwiebach	
370	0:05:05	1/1/2019 	299652	89.00	9.00	6.32	10.29	79152.54	97736	0	BartonZwiebach	
371	0:05:06	1/1/2019 	300327	968.00	575.00	99.36	10.30	79153.30	2810	0	BartonZwiebach	
372	0:05:06	1/1/2019 	300874	254.00	9.00	10.38	10.30	79153.47	49805	0	BartonZwiebach	
373	0:05:07	1/1/2019 	301125	197.00	9.00	9.24	10.30	79153.47	3997	0	BartonZwiebach	
374	0:05:08	1/1/2019 	302046	210.00	9.00	9.53	10.30	79153.91	49791	0	BartonZwiebach	
375	0:05:09	1/1/2019 	303886	490.00	9.00	12.85	10.30	79154.98	97733	0	BartonZwiebach	
376	0:05:10	1/1/2019 	304434	785.00	30.00	20.20	10.31	79155.45	1852	0	BartonZwiebach	
377	0:05:12	1/1/2019 	306460	733.00	15.00	16.69	10.31	79156.69	97737	0	BartonZwiebach	
378	0:05:13	1/1/2019 	307159	973.00	739.00	132.78	10.32	79157.60	49794	0	BartonZwiebach	
379	0:05:13	1/1/2019 	307853	256.00	9.00	10.42	10.32	79157.77	51758	0	BartonZwiebach	
380	0:05:14	1/1/2019 	308190	660.00	10.00	14.87	10.32	79157.92	1848	0	BartonZwiebach	
381	0:05:14	1/1/2019 	308376	949.00	138.00	37.28	10.32	79157.92	1852	0	BartonZwiebach	
382	0:05:14	1/1/2019 	308708	590.00	9.00	13.90	10.32	79158.39	49795	0	BartonZwiebach	
383	0:05:16	1/1/2019 	310053	654.00	10.00	14.83	10.32	79159.17	49793	0	BartonZwiebach	
384	0:05:16	1/1/2019 	310305	111.00	9.00	6.89	10.32	79159.47	2614	0	BartonZwiebach	
385	0:05:16	1/1/2019 	310492	239.00	9.00	10.11	10.32	79159.47	5210	0	BartonZwiebach	
386	0:05:17	1/1/2019 	311596	151.00	9.00	8.05	10.33	79160.25	97734	0	BartonZwiebach	
387	0:05:18	1/1/2019 	312386	73.00	9.00	6.02	10.33	79160.70	1851	0	BartonZwiebach	
388	0:05:18	1/1/2019 	312815	165.00	9.00	8.44	10.33	79160.86	49791	0	BartonZwiebach	
389	0:05:18	1/1/2019 	312866	661.00	10.00	14.88	10.33	79160.86	1849	0	BartonZwiebach	
390	0:05:19	1/1/2019 	313047	801.00	36.00	21.04	10.33	79160.86	1851	0	BartonZwiebach	
391	0:05:19	1/1/2019 	313250	744.00	16.00	17.02	10.33	79161.33	3855	0	BartonZwiebach	
392	0:05:19	1/1/2019 	313674	110.00	9.00	6.87	10.33	79161.48	49789	0	BartonZwiebach	
393	0:05:19	1/1/2019 	313779	824.00	58.00	23.36	10.33	79161.48	1849	0	BartonZwiebach	
394	0:05:20	1/1/2019 	314443	736.00	16.00	17.01	10.33	79161.64	1851	0	BartonZwiebach	
395	0:05:22	1/1/2019 	316888	370.00	9.00	11.91	10.34	79163.03	145675	0	BartonZwiebach	
396	0:05:23	1/1/2019 	317375	949.00	160.00	40.80	10.34	79163.19	1852	0	BartonZwiebach	
397	0:05:24	1/1/2019 	318432	141.00	9.00	7.76	10.34	79163.81	51857	0	BartonZwiebach	
398	0:05:24	1/1/2019 	318639	958.00	159.00	40.65	10.34	79164.27	49791	0	BartonZwiebach	
399	0:05:24	1/1/2019 	318672	897.00	91.00	28.31	10.34	79164.27	1851	0	BartonZwiebach	
400	0:05:24	1/1/2019 	318706	954.00	149.00	39.13	10.34	79164.27	1851	0	BartonZwiebach	
401	0:05:25	1/1/2019 	319273	542.00	9.00	13.32	10.34	79164.42	1850	0	BartonZwiebach	
402	0:05:25	1/1/2019 	319761	732.00	15.00	16.69	10.35	79164.73	51799	0	BartonZwiebach	
403	0:05:27	1/1/2019 	321198	104.00	9.00	6.70	10.35	79165.36	50556	0	BartonZwiebach	
404	0:05:27	1/1/2019 	321208	861.00	71.00	25.02	10.35	79165.36	1850	0	BartonZwiebach	
405	0:05:27	1/1/2019 	321213	519.00	10.00	13.19	10.35	79165.36	1851	0	BartonZwiebach	
406	0:05:27	1/1/2019 	321599	422.00	9.00	12.36	10.35	79165.52	49793	0	BartonZwiebach	
407	0:05:28	1/1/2019 	322401	948.00	148.00	38.97	10.35	79166.28	1850	0	BartonZwiebach	
408	0:05:28	1/1/2019 	322407	493.00	9.00	12.87	10.35	79166.28	4001	0	BartonZwiebach	
409	0:05:30	1/1/2019 	324423	181.00	9.00	8.85	10.35	79167.08	97736	0	BartonZwiebach	
410	0:05:32	1/1/2019 	326352	176.00	9.00	8.73	10.36	79168.62	97736	0	BartonZwiebach	
411	0:05:33	1/1/2019 	327072	974.00	810.00	144.84	10.36	79168.78	49798	0	BartonZwiebach	
412	0:05:33	1/1/2019 	327677	720.00	13.00	16.01	10.36	79169.09	49811	0	BartonZwiebach	
413	0:05:36	1/1/2019 	330340	271.00	9.00	10.66	10.37	79170.01	97735	0	BartonZwiebach	
414	0:05:37	1/1/2019 	331585	61.00	9.00	5.90	10.37	79170.48	100654	0	BartonZwiebach	
415	0:05:38	1/1/2019 	332294	155.00	9.00	8.16	10.37	79170.92	1850	0	BartonZwiebach	
416	0:05:38	1/1/2019 	332389	968.00	350.00	65.88	10.37	79170.92	1851	0	BartonZwiebach	
417	0:05:38	1/1/2019 	332445	454.00	9.00	12.59	10.37	79171.09	1849	0	BartonZwiebach	
418	0:05:38	1/1/2019 	332910	146.00	9.00	7.91	10.37	79171.09	49790	0	BartonZwiebach	
419	0:05:40	1/1/2019 	334122	142.00	9.00	7.79	10.37	79171.55	49791	0	BartonZwiebach	
420	0:05:40	1/1/2019 	334195	640.00	10.00	14.71	10.37	79171.55	3856	0	BartonZwiebach	
421	0:05:40	1/1/2019 	334896	197.00	9.00	9.24	10.38	79172.18	49793	0	BartonZwiebach	
422	0:05:40	1/1/2019 	334944	737.00	15.00	16.70	10.38	79172.18	1850	0	BartonZwiebach	
423	0:05:41	1/1/2019 	335065	950.00	159.00	40.65	10.38	79172.18	1851	0	BartonZwiebach	
424	0:05:41	1/1/2019 	335704	665.00	10.00	14.90	10.38	79172.62	49802	0	BartonZwiebach	
425	0:05:42	1/1/2019 	336216	219.00	9.00	9.72	10.38	79172.78	1854	0	BartonZwiebach	
426	0:05:42	1/1/2019 	336372	258.00	9.00	10.45	10.38	79172.78	3911	0	BartonZwiebach	
427	0:05:42	1/1/2019 	336441	167.00	9.00	8.49	10.38	79172.95	1849	0	BartonZwiebach	
428	0:05:42	1/1/2019 	336955	803.00	37.00	21.16	10.38	79173.41	49790	0	BartonZwiebach	
429	0:05:43	1/1/2019 	337213	494.00	4.00	12.35	10.38	79173.41	1850	0	BartonZwiebach	
430	0:05:43	1/1/2019 	337452	198.00	9.00	9.26	10.38	79173.73	1849	0	BartonZwiebach	
431	0:05:43	1/1/2019 	337626	582.00	9.00	13.79	10.38	79173.73	49790	0	BartonZwiebach	
432	0:05:44	1/1/2019 	338731	134.00	9.00	7.56	10.38	79174.16	51796	0	BartonZwiebach	
433	0:05:45	1/1/2019 	339591	154.00	9.00	8.13	10.39	79174.78	49793	0	BartonZwiebach	
434	0:05:46	1/1/2019 	340134	598.00	9.00	14.00	10.39	79175.11	2612	0	BartonZwiebach	
435	0:05:48	1/1/2019 	342250	185.00	9.00	8.95	10.39	79175.86	97735	0	BartonZwiebach	
436	0:05:48	1/1/2019 	342665	973.00	422.00	77.47	10.39	79175.86	49792	0	BartonZwiebach	
437	0:05:49	1/1/2019 	343241	81.00	9.00	6.16	10.39	79176.17	1850	0	BartonZwiebach	
438	0:05:49	1/1/2019 	343321	142.00	9.00	7.79	10.39	79176.17	3999	0	BartonZwiebach	
439	0:05:51	1/1/2019 	345067	111.00	9.00	6.89	10.40	79176.92	97731	0	BartonZwiebach	
440	0:05:51	1/1/2019 	345073	405.00	7.00	12.09	10.40	79176.92	1850	0	BartonZwiebach	
441	0:05:51	1/1/2019 	345202	765.00	20.00	18.18	10.40	79176.92	1849	0	BartonZwiebach	
442	0:05:53	1/1/2019 	348004	413.00	9.00	12.29	10.40	79178.02	145675	0	BartonZwiebach	
443	0:05:55	1/1/2019 	349068	82.00	8.00	6.17	10.40	79178.02	49794	0	BartonZwiebach	
444	0:05:55	1/1/2019 	349952	893.00	93.00	28.66	10.41	79178.47	51796	0	BartonZwiebach	
445	0:05:56	1/1/2019 	350049	332.00	9.00	11.50	10.41	79178.47	2613	0	BartonZwiebach	
446	0:05:57	1/1/2019 	351713	981.00	907.00	176.97	10.41	79179.09	97737	0	BartonZwiebach	
447	0:05:58	1/1/2019 	352370	121.00	9.00	7.18	10.41	79179.38	1853	0	BartonZwiebach	
448	0:05:58	1/1/2019 	352620	141.00	8.00	7.76	10.41	79179.38	49797	0	BartonZwiebach	
449	0:05:58	1/1/2019 	352756	438.00	9.00	12.47	10.41	79179.69	1852	0	BartonZwiebach	
450	0:06:01	1/1/2019 	355463	334.00	9.00	11.53	10.42	79180.16	99883	0	BartonZwiebach	
451	0:06:01	1/1/2019 	355998	609.00	9.00	14.14	10.42	79180.60	49794	0	BartonZwiebach	
452	0:06:03	1/1/2019 	357467	451.00	9.00	12.57	10.42	79181.07	49793	0	BartonZwiebach	
453	0:06:04	1/1/2019 	358225	352.00	9.00	11.73	10.42	79181.86	49794	0	BartonZwiebach	
454	0:06:04	1/1/2019 	358478	800.00	37.00	21.16	10.42	79181.86	1850	0	BartonZwiebach	
455	0:06:04	1/1/2019 	359013	362.00	4.00	11.55	10.42	79181.86	49795	0	BartonZwiebach	
456	0:06:06	1/1/2019 	360163	138.00	9.00	7.68	10.43	79182.30	51851	0	BartonZwiebach	
457	0:06:07	1/1/2019 	361092	342.00	9.00	11.62	10.43	79182.61	50555	0	BartonZwiebach	
458	0:06:07	1/1/2019 	361225	913.00	108.00	31.57	10.43	79182.93	1851	0	BartonZwiebach	
459	0:06:07	1/1/2019 	361850	272.00	9.00	10.68	10.43	79183.09	49795	0	BartonZwiebach	
460	0:06:08	1/1/2019 	362341	911.00	112.00	32.34	10.43	79183.72	1850	0	BartonZwiebach	
461	0:06:08	1/1/2019 	362615	227.00	9.00	9.88	10.43	79183.72	49797	0	BartonZwiebach	
462	0:06:10	1/1/2019 	364271	71.00	9.00	5.99	10.43	79184.16	51939	0	BartonZwiebach	
463	0:06:10	1/1/2019 	364422	225.00	9.00	9.84	10.43	79184.16	1849	0	BartonZwiebach	
464	0:06:11	1/1/2019 	365089	946.00	140.00	37.63	10.43	79184.16	49792	0	BartonZwiebach	
465	0:06:11	1/1/2019 	365830	127.00	9.00	7.36	10.44	79184.31	49798	0	BartonZwiebach	
466	0:06:12	1/1/2019 	366140	74.00	8.00	6.03	10.44	79184.62	1852	0	BartonZwiebach	
467	0:06:12	1/1/2019 	366556	230.00	9.00	9.94	10.44	79184.62	51801	0	BartonZwiebach	
468	0:06:12	1/1/2019 	366719	68.00	9.00	5.95	10.44	79184.62	1856	0	BartonZwiebach	
469	0:06:13	1/1/2019 	367890	484.00	9.00	12.80	10.44	79184.78	49794	0	BartonZwiebach	
470	0:06:14	1/1/2019 	368633	545.00	9.00	13.35	10.44	79185.23	49792	0	BartonZwiebach	
471	0:06:14	1/1/2019 	368948	258.00	9.00	10.45	10.44	79185.23	1851	0	BartonZwiebach	
472	0:06:15	1/1/2019 	369274	796.00	32.00	20.51	10.44	79185.23	1850	0	BartonZwiebach	
473	0:06:15	1/1/2019 	369770	804.00	39.00	21.39	10.44	79185.70	51798	0	BartonZwiebach	
474	0:06:15	1/1/2019 	369922	533.00	9.00	13.22	10.44	79185.70	2613	0	BartonZwiebach	
475	0:06:16	1/1/2019 	370101	128.00	8.00	7.38	10.44	79185.70	1849	0	BartonZwiebach	
476	0:06:16	1/1/2019 	370205	957.00	149.00	39.13	10.44	79185.70	1847	0	BartonZwiebach	
477	0:06:16	1/1/2019 	370781	656.00	10.00	14.85	10.44	79186.14	49795	0	BartonZwiebach	
478	0:06:16	1/1/2019 	370938	650.00	10.00	14.80	10.44	79186.14	1850	0	BartonZwiebach	
479	0:06:17	1/1/2019 	371076	963.00	305.00	57.88	10.44	79185.98	3998	0	BartonZwiebach	
480	0:06:17	1/1/2019 	371674	104.00	8.00	6.70	10.44	79186.14	49799	0	BartonZwiebach	
481	0:06:18	1/1/2019 	372859	811.00	41.00	21.62	10.45	79186.61	49789	0	BartonZwiebach	
482	0:06:21	1/1/2019 	375649	965.00	394.00	73.41	10.45	79187.84	145681	0	BartonZwiebach	
483	0:06:22	1/1/2019 	376080	181.00	9.00	8.85	10.45	79187.84	1852	0	BartonZwiebach	
484	0:06:22	1/1/2019 	376344	977.00	685.00	123.60	10.45	79187.84	1851	0	BartonZwiebach	
485	0:06:22	1/1/2019 	376555	186.00	9.00	8.98	10.45	79187.84	51867	0	BartonZwiebach	
486	0:06:24	1/1/2019 	378045	300.00	9.00	11.09	10.46	79188.72	49789	0	BartonZwiebach	
487	0:06:25	1/1/2019 	379813	808.00	37.00	21.17	10.46	79189.20	97734	0	BartonZwiebach	
488	0:06:25	1/1/2019 	379948	434.00	9.00	12.45	10.46	79189.20	2613	0	BartonZwiebach	
489	0:06:25	1/1/2019 	379982	803.00	36.00	21.04	10.46	79189.20	1849	0	BartonZwiebach	
490	0:06:27	1/1/2019 	381817	718.00	13.00	16.01	10.47	79190.27	97738	0	BartonZwiebach	
491	0:06:27	1/1/2019 	381837	139.00	9.00	7.71	10.47	79190.27	4000	0	BartonZwiebach	
492	0:06:27	1/1/2019 	381948	971.00	552.00	94.78	10.47	79190.27	1850	0	BartonZwiebach	
493	0:06:27	1/1/2019 	381973	97.00	9.00	6.52	10.47	79190.27	1849	0	BartonZwiebach	
494	0:06:28	1/1/2019 	382097	169.00	9.00	8.54	10.47	79190.27	1848	0	BartonZwiebach	
495	0:06:28	1/1/2019 	382390	623.00	9.00	14.30	10.47	79190.27	1850	0	BartonZwiebach	
496	0:06:29	1/1/2019 	383052	581.00	9.00	13.78	10.47	79190.42	49792	0	BartonZwiebach	
497	0:06:31	1/1/2019 	385684	511.00	9.00	13.02	10.47	79191.18	147683	0	BartonZwiebach	
498	0:06:32	1/1/2019 	386356	917.00	114.00	32.75	10.47	79191.48	1852	0	BartonZwiebach	
499	0:06:33	1/1/2019 	387590	553.00	9.00	13.44	10.48	79192.28	97742	0	BartonZwiebach	
500	0:06:34	1/1/2019 	388796	812.00	48.00	22.32	10.48	79192.44	49794	0	BartonZwiebach	
501	0:06:34	1/1/2019 	388928	802.00	36.00	21.04	10.48	79192.56	1850	0	BartonZwiebach	
502	0:06:35	1/1/2019 	389494	242.00	9.00	10.17	10.48	79192.72	1850	0	BartonZwiebach	
503	0:06:35	1/1/2019 	389846	95.00	8.00	6.47	10.48	79192.72	51798	0	BartonZwiebach	
504	0:06:35	1/1/2019 	389951	183.00	9.00	8.90	10.48	79192.88	2609	0	BartonZwiebach	
505	0:06:36	1/1/2019 	390154	427.00	9.00	12.39	10.48	79192.88	1848	0	BartonZwiebach	
506	0:06:36	1/1/2019 	390963	904.00	101.00	30.19	10.48	79193.35	49794	0	BartonZwiebach	
507	0:06:37	1/1/2019 	391198	258.00	9.00	10.45	10.48	79193.35	1850	0	BartonZwiebach	
508	0:06:37	1/1/2019 	391200	868.00	74.00	25.46	10.48	79193.35	1850	0	BartonZwiebach	
509	0:06:42	1/1/2019 	396982	188.00	9.00	9.03	10.49	79195.81	291669	0	BartonZwiebach	
510	0:06:43	1/1/2019 	397790	562.00	13.00	14.03	10.49	79195.97	49792	0	BartonZwiebach	
511	0:06:44	1/1/2019 	398783	65.00	9.00	5.92	10.50	79196.59	49795	0	BartonZwiebach	
512	0:06:45	1/1/2019 	399134	591.00	9.00	13.91	10.50	79196.59	1850	0	BartonZwiebach	
513	0:06:45	1/1/2019 	399145	898.00	95.00	29.05	10.50	79196.59	1851	0	BartonZwiebach	
514	0:06:48	1/1/2019 	402337	531.00	9.00	13.20	10.50	79197.99	145682	0	BartonZwiebach	
515	0:06:48	1/1/2019 	402640	690.00	11.00	15.30	10.50	79197.99	52735	0	BartonZwiebach	
516	0:06:48	1/1/2019 	403010	873.00	76.00	25.77	10.50	79198.16	1851	0	BartonZwiebach	
517	0:06:50	1/1/2019 	404751	887.00	85.00	27.24	10.50	79199.42	97738	0	BartonZwiebach	
518	0:06:50	1/1/2019 	404842	86.00	9.00	6.26	10.50	79199.42	1851	0	BartonZwiebach	
519	0:06:50	1/1/2019 	404933	966.00	231.00	48.31	10.50	79199.42	1849	0	BartonZwiebach	
520	0:06:51	1/1/2019 	405393	106.00	9.00	6.76	10.51	79199.87	1850	0	BartonZwiebach	
521	0:06:51	1/1/2019 	405781	644.00	10.00	14.75	10.51	79199.87	51797	0	BartonZwiebach	
522	0:06:56	1/1/2019 	410650	110.00	9.00	6.87	10.51	79201.12	241568	0	BartonZwiebach	
523	0:06:57	1/1/2019 	411045	62.00	7.00	5.90	10.51	79201.41	2617	0	BartonZwiebach	
524	0:06:57	1/1/2019 	411428	540.00	9.00	13.29	10.51	79201.57	1849	0	BartonZwiebach	
525	0:06:57	1/1/2019 	411847	127.00	8.00	7.35	10.51	79201.57	49792	0	BartonZwiebach	
526	0:06:58	1/1/2019 	412485	519.00	9.00	13.09	10.51	79201.73	1847	0	BartonZwiebach	
527	0:07:00	1/1/2019 	414454	290.00	9.00	10.95	10.52	79202.34	99886	0	BartonZwiebach	
528	0:07:01	1/1/2019 	415641	213.00	9.00	9.60	10.52	79202.63	97737	0	BartonZwiebach	
529	0:07:02	1/1/2019 	416343	465.00	9.00	12.67	10.52	79202.80	1850	0	BartonZwiebach	
530	0:07:02	1/1/2019 	416367	416.00	9.00	12.31	10.52	79202.80	1850	0	BartonZwiebach	
531	0:07:03	1/1/2019 	417364	783.00	27.00	19.70	10.52	79203.10	49795	0	BartonZwiebach	
532	0:07:04	1/1/2019 	418493	915.00	117.00	33.33	10.52	79203.27	51800	0	BartonZwiebach	
533	0:07:04	1/1/2019 	418750	649.00	10.00	14.80	10.53	79203.70	49797	0	BartonZwiebach	
534	0:07:04	1/1/2019 	418912	925.00	123.00	34.50	10.53	79203.70	1850	0	BartonZwiebach	
535	0:07:07	1/1/2019 	421366	108.00	9.00	6.81	10.53	79204.34	97741	0	BartonZwiebach	
536	0:07:08	1/1/2019 	422026	796.00	32.00	20.51	10.53	79204.80	50554	0	BartonZwiebach	
537	0:07:08	1/1/2019 	423013	963.00	191.00	44.54	10.53	79205.12	49796	0	BartonZwiebach	
538	0:07:09	1/1/2019 	423243	972.00	665.00	119.69	10.53	79205.12	4006	0	BartonZwiebach	
539	0:07:09	1/1/2019 	423309	88.00	9.00	6.30	10.53	79205.12	1859	0	BartonZwiebach	
540	0:07:09	1/1/2019 	423997	982.00	730.00	131.18	10.53	79205.25	49794	0	BartonZwiebach	
541	0:07:10	1/1/2019 	424031	679.00	10.00	14.94	10.53	79205.25	1849	0	BartonZwiebach	
542	0:07:10	1/1/2019 	424121	74.00	9.00	6.03	10.53	79205.25	1850	0	BartonZwiebach	
543	0:07:12	1/1/2019 	426309	174.00	9.00	8.68	10.54	79206.20	97731	0	BartonZwiebach	
544	0:07:12	1/1/2019 	426398	602.00	9.00	14.05	10.54	79206.20	3855	0	BartonZwiebach	
545	0:07:12	1/1/2019 	426827	598.00	9.00	14.00	10.54	79206.67	49791	0	BartonZwiebach	
546	0:07:13	1/1/2019 	427595	672.00	10.00	14.92	10.54	79206.83	49792	0	BartonZwiebach	
547	0:07:14	1/1/2019 	428777	902.00	101.00	30.19	10.54	79207.25	49793	0	BartonZwiebach	
548	0:07:14	1/1/2019 	428939	790.00	32.00	20.50	10.54	79207.25	1851	0	BartonZwiebach	
549	0:07:17	1/1/2019 	431169	64.00	9.00	5.92	10.54	79207.40	97736	0	BartonZwiebach	
550	0:07:17	1/1/2019 	431329	892.00	84.00	27.09	10.54	79207.40	4770	0	BartonZwiebach	
551	0:07:17	1/1/2019 	431337	813.00	52.00	22.72	10.54	79207.40	1851	0	BartonZwiebach	
552	0:07:17	1/1/2019 	431733	116.00	8.00	7.03	10.55	79207.87	49791	0	BartonZwiebach	
553	0:07:17	1/1/2019 	431903	405.00	9.00	12.22	10.55	79207.87	1847	0	BartonZwiebach	
554	0:07:19	1/1/2019 	433425	586.00	9.00	13.84	10.55	79208.31	49791	0	BartonZwiebach	
555	0:07:22	1/1/2019 	436790	952.00	153.00	39.76	10.55	79209.10	193618	0	BartonZwiebach	
556	0:07:22	1/1/2019 	436865	522.00	10.00	13.22	10.55	79209.10	3857	0	BartonZwiebach	
557	0:07:23	1/1/2019 	437313	943.00	136.00	36.93	10.55	79209.39	1850	0	BartonZwiebach	
558	0:07:23	1/1/2019 	437355	980.00	605.00	105.99	10.55	79209.39	1852	0	BartonZwiebach	
559	0:07:23	1/1/2019 	437378	695.00	11.00	15.30	10.55	79209.39	1851	0	BartonZwiebach	
560	0:07:25	1/1/2019 	439183	957.00	240.00	49.20	10.56	79210.17	97733	0	BartonZwiebach	
561	0:07:26	1/1/2019 	440315	561.00	9.00	13.53	10.56	79210.64	49799	0	BartonZwiebach	
562	0:07:27	1/1/2019 	442011	889.00	91.00	28.29	10.56	79211.09	100723	0	BartonZwiebach	
563	0:07:28	1/1/2019 	442971	966.00	474.00	83.74	10.56	79211.55	49796	0	BartonZwiebach	
564	0:07:29	1/1/2019 	443855	958.00	206.00	45.99	10.56	79211.55	49805	0	BartonZwiebach	
565	0:07:31	1/1/2019 	445870	72.00	9.00	6.01	10.57	79212.34	97745	0	BartonZwiebach	
566	0:07:32	1/1/2019 	446150	105.00	8.00	6.73	10.57	79212.34	1850	0	BartonZwiebach	
567	0:07:32	1/1/2019 	446889	181.00	9.00	8.85	10.57	79212.79	49790	0	BartonZwiebach	
568	0:07:32	1/1/2019 	446994	905.00	102.00	30.39	10.57	79212.79	3853	0	BartonZwiebach	
569	0:07:33	1/1/2019 	447822	174.00	9.00	8.68	10.57	79213.11	49795	0	BartonZwiebach	
570	0:07:35	1/1/2019 	449217	640.00	10.00	14.71	10.57	79214.06	49793	0	BartonZwiebach	
571	0:07:35	1/1/2019 	449628	544.00	9.00	13.34	10.57	79214.22	49794	0	BartonZwiebach	
572	0:07:36	1/1/2019 	450957	769.00	24.00	19.10	10.57	79215.02	50750	0	BartonZwiebach	
573	0:07:37	1/1/2019 	451064	453.00	9.00	12.58	10.57	79215.02	1850	0	BartonZwiebach	
574	0:07:37	1/1/2019 	451670	721.00	13.00	16.01	10.57	79215.17	51941	0	BartonZwiebach	
575	0:07:40	1/1/2019 	454109	533.00	10.00	13.33	10.58	79216.25	97735	0	BartonZwiebach	
576	0:07:41	1/1/2019 	455435	118.00	9.00	7.09	10.58	79216.85	49794	0	BartonZwiebach	
577	0:07:42	1/1/2019 	456856	556.00	10.00	13.60	10.58	79217.02	97732	0	BartonZwiebach	
578	0:07:43	1/1/2019 	457056	804.00	37.00	21.16	10.58	79217.02	1851	0	BartonZwiebach	
579	0:07:43	1/1/2019 	457348	916.00	110.00	31.96	10.58	79217.32	3856	0	BartonZwiebach	
580	0:07:44	1/1/2019 	458117	256.00	9.00	10.42	10.58	79217.16	49795	0	BartonZwiebach	
581	0:07:46	1/1/2019 	460107	692.00	11.00	15.30	10.59	79217.15	97737	0	BartonZwiebach	
582	0:07:46	1/1/2019 	460349	870.00	77.00	25.91	10.59	79217.43	2811	0	BartonZwiebach	
583	0:07:46	1/1/2019 	460594	199.00	9.00	9.29	10.59	79217.43	49796	0	BartonZwiebach	
584	0:07:46	1/1/2019 	460714	924.00	121.00	34.12	10.59	79217.43	1850	0	BartonZwiebach	
585	0:07:46	1/1/2019 	460839	398.00	9.00	12.17	10.59	79217.43	3998	0	BartonZwiebach	
586	0:07:47	1/1/2019 	461230	435.00	9.00	12.45	10.59	79217.43	1849	0	BartonZwiebach	
587	0:07:49	1/1/2019 	463195	970.00	638.00	113.65	10.59	79217.58	97736	0	BartonZwiebach	
588	0:07:51	1/1/2019 	465728	530.00	9.00	13.19	10.60	79218.34	145720	0	BartonZwiebach	
589	0:07:52	1/1/2019 	466134	84.00	8.00	6.21	10.60	79218.34	1852	0	BartonZwiebach	
590	0:07:52	1/1/2019 	466417	953.00	146.00	38.64	10.60	79218.50	1849	0	BartonZwiebach	
591	0:07:55	1/1/2019 	469029	965.00	383.00	71.64	10.60	79218.48	147748	0	BartonZwiebach	
592	0:07:55	1/1/2019 	469155	957.00	156.00	40.21	10.60	79218.48	1851	0	BartonZwiebach	
593	0:07:55	1/1/2019 	469181	970.00	349.00	65.70	10.60	79218.48	1851	0	BartonZwiebach	
594	0:07:56	1/1/2019 	470388	436.00	9.00	12.46	10.60	79218.64	49801	0	BartonZwiebach	
595	0:07:56	1/1/2019 	470883	769.00	23.00	18.89	10.60	79219.11	50754	0	BartonZwiebach	
596	0:07:57	1/1/2019 	471617	147.00	8.00	7.93	10.60	79219.27	49792	0	BartonZwiebach	
597	0:07:59	1/1/2019 	473815	189.00	9.00	9.05	10.60	79219.88	99882	0	BartonZwiebach	
598	0:08:02	1/1/2019 	476176	309.00	9.00	11.21	10.61	79220.98	97737	0	BartonZwiebach	
599	0:08:03	1/1/2019 	477077	556.00	10.00	13.60	10.61	79221.45	49795	0	BartonZwiebach	
600	0:08:03	1/1/2019 	477346	80.00	8.00	6.14	10.61	79221.45	1851	0	BartonZwiebach	
601	0:08:03	1/1/2019 	477880	565.00	9.00	13.58	10.61	79221.62	49790	0	BartonZwiebach	
602	0:08:04	1/1/2019 	478737	959.00	242.00	49.40	10.61	79221.62	49792	0	BartonZwiebach	
603	0:08:06	1/1/2019 	480790	898.00	99.00	29.79	10.61	79221.73	99751	0	BartonZwiebach	
604	0:08:07	1/1/2019 	481373	109.00	9.00	6.84	10.61	79221.89	2811	0	BartonZwiebach	
605	0:08:08	1/1/2019 	482842	887.00	83.00	26.91	10.61	79222.31	97733	0	BartonZwiebach	
606	0:08:10	1/1/2019 	484231	963.00	438.00	79.52	10.61	79222.47	49797	0	BartonZwiebach	
607	0:08:11	1/1/2019 	485096	954.00	166.00	41.62	10.62	79223.27	49803	0	BartonZwiebach	
608	0:08:11	1/1/2019 	485297	452.00	9.00	12.57	10.62	79223.27	1852	0	BartonZwiebach	
609	0:08:11	1/1/2019 	485358	409.00	9.00	12.26	10.62	79223.27	3998	0	BartonZwiebach	
610	0:08:12	1/1/2019 	486632	805.00	52.00	22.70	10.62	79223.57	97737	0	BartonZwiebach	
611	0:08:14	1/1/2019 	488569	371.00	9.00	11.92	10.62	79224.17	97738	0	BartonZwiebach	
612	0:08:16	1/1/2019 	490058	561.00	13.00	14.01	10.62	79224.16	49794	0	BartonZwiebach	
613	0:08:16	1/1/2019 	490555	557.00	9.00	13.48	10.62	79224.00	50754	0	BartonZwiebach	
614	0:08:16	1/1/2019 	490781	72.00	9.00	6.01	10.62	79224.00	1850	0	BartonZwiebach	
615	0:08:17	1/1/2019 	491291	964.00	293.00	55.95	10.62	79224.00	3998	0	BartonZwiebach	
616	0:08:18	1/1/2019 	492125	139.00	9.00	7.71	10.63	79224.16	49799	0	BartonZwiebach	
617	0:08:21	1/1/2019 	495432	917.00	120.00	33.91	10.63	79224.91	145670	0	BartonZwiebach	
618	0:08:22	1/1/2019 	496852	498.00	9.00	12.91	10.63	79224.91	97739	0	BartonZwiebach	
619	0:08:23	1/1/2019 	497858	430.00	9.00	12.42	10.63	79225.70	49792	0	BartonZwiebach	
620	0:08:25	1/1/2019 	499258	963.00	279.00	53.87	10.64	79226.30	51799	0	BartonZwiebach	
621	0:08:27	1/1/2019 	501566	585.00	9.00	13.83	10.64	79226.93	145699	0	BartonZwiebach	
622	0:08:27	1/1/2019 	501912	976.00	528.00	90.75	10.64	79226.93	2812	0	BartonZwiebach	
623	0:08:30	1/1/2019 	504062	74.00	8.00	6.03	10.64	79227.05	97761	0	BartonZwiebach	
624	0:08:30	1/1/2019 	504306	98.00	9.00	6.54	10.64	79227.22	1848	0	BartonZwiebach	
625	0:08:31	1/1/2019 	505033	218.00	9.00	9.70	10.64	79227.38	49792	0	BartonZwiebach	
626	0:08:31	1/1/2019 	505857	812.00	46.00	22.13	10.64	79227.53	51946	0	BartonZwiebach	
627	0:08:32	1/1/2019 	506621	884.00	87.00	27.57	10.64	79227.53	49795	0	BartonZwiebach	
628	0:08:32	1/1/2019 	506709	603.00	9.00	14.06	10.64	79227.53	1851	0	BartonZwiebach	
629	0:08:33	1/1/2019 	507132	302.00	9.00	11.12	10.64	79227.84	1851	0	BartonZwiebach	
630	0:08:33	1/1/2019 	507267	681.00	10.00	14.94	10.64	79228.00	1851	0	BartonZwiebach	
631	0:08:34	1/1/2019 	508057	748.00	18.00	17.62	10.64	79228.00	49794	0	BartonZwiebach	
632	0:08:34	1/1/2019 	508199	391.00	9.00	12.11	10.64	79228.00	3856	0	BartonZwiebach	
633	0:08:34	1/1/2019 	508310	967.00	380.00	71.14	10.65	79228.48	1850	0	BartonZwiebach	
634	0:08:34	1/1/2019 	508848	544.00	9.00	13.34	10.65	79228.63	49800	0	BartonZwiebach	
635	0:08:35	1/1/2019 	509340	916.00	112.00	32.35	10.65	79228.80	1850	0	BartonZwiebach	
636	0:08:35	1/1/2019 	509597	479.00	10.00	12.85	10.65	79228.80	49798	0	BartonZwiebach	
637	0:08:35	1/1/2019 	509912	162.00	9.00	8.36	10.65	79228.80	2812	0	BartonZwiebach	
638	0:08:36	1/1/2019 	510050	64.00	9.00	5.92	10.65	79228.80	4053	0	BartonZwiebach	
639	0:08:37	1/1/2019 	511119	100.00	9.00	6.60	10.65	79229.23	49790	0	BartonZwiebach	
640	0:08:37	1/1/2019 	511388	710.00	12.00	15.66	10.65	79229.23	1850	0	BartonZwiebach	
641	0:08:37	1/1/2019 	511706	90.00	8.00	6.35	10.65	79229.23	49791	0	BartonZwiebach	
642	0:08:42	1/1/2019 	516018	627.00	9.00	14.34	10.65	79230.17	193609	0	BartonZwiebach	
643	0:08:42	1/1/2019 	516669	880.00	81.00	26.56	10.65	79230.34	49794	0	BartonZwiebach	
644	0:08:42	1/1/2019 	516764	606.00	9.00	14.10	10.65	79230.34	3855	0	BartonZwiebach	
645	0:08:43	1/1/2019 	517569	964.00	406.00	75.23	10.66	79230.95	49791	0	BartonZwiebach	
646	0:08:43	1/1/2019 	517824	85.00	9.00	6.24	10.66	79230.95	1851	0	BartonZwiebach	
647	0:08:44	1/1/2019 	518294	961.00	310.00	58.73	10.66	79230.62	1852	0	BartonZwiebach	
648	0:08:44	1/1/2019 	518380	608.00	10.00	14.32	10.66	79230.62	1859	0	BartonZwiebach	
649	0:08:45	1/1/2019 	519674	158.00	9.00	8.25	10.66	79231.09	97742	0	BartonZwiebach	
650	0:08:46	1/1/2019 	520828	781.00	27.00	19.70	10.66	79231.09	52901	0	BartonZwiebach	
651	0:08:47	1/1/2019 	521388	772.00	25.00	19.31	10.66	79231.25	1851	0	BartonZwiebach	
652	0:08:48	1/1/2019 	522468	121.00	5.00	7.17	10.66	79231.72	49793	0	BartonZwiebach	
653	0:08:48	1/1/2019 	522897	715.00	13.00	16.01	10.66	79231.88	49792	0	BartonZwiebach	
654	0:08:48	1/1/2019 	522922	449.00	8.00	12.48	10.66	79231.88	1850	0	BartonZwiebach	
655	0:08:49	1/1/2019 	523255	879.00	78.00	26.09	10.66	79232.04	1848	0	BartonZwiebach	
656	0:08:50	1/1/2019 	524159	90.00	8.00	6.35	10.66	79232.33	51800	0	BartonZwiebach	
657	0:08:50	1/1/2019 	524439	222.00	9.00	9.78	10.66	79232.33	1848	0	BartonZwiebach	
658	0:08:51	1/1/2019 	525929	154.00	9.00	8.13	10.67	79232.64	97732	0	BartonZwiebach	
659	0:08:54	1/1/2019 	528189	974.00	862.00	156.96	10.67	79233.72	97733	0	BartonZwiebach	
660	0:08:56	1/1/2019 	530179	776.00	24.00	19.12	10.67	79234.66	97775	0	BartonZwiebach	
661	0:08:57	1/1/2019 	531934	390.00	9.00	12.10	10.68	79235.11	98696	0	BartonZwiebach	
662	0:08:58	1/1/2019 	532223	157.00	9.00	8.22	10.68	79235.11	3999	0	BartonZwiebach	
663	0:08:58	1/1/2019 	532471	911.00	105.00	30.98	10.68	79235.11	1851	0	BartonZwiebach	
664	0:08:58	1/1/2019 	532852	112.00	9.00	6.92	10.68	79235.27	49793	0	BartonZwiebach	
665	0:09:00	1/1/2019 	534179	866.00	71.00	25.04	10.68	79235.58	49790	0	BartonZwiebach	
666	0:09:01	1/1/2019 	535046	944.00	137.00	37.10	10.68	79235.58	49794	0	BartonZwiebach	
667	0:09:03	1/1/2019 	537017	782.00	27.00	19.70	10.68	79236.05	97742	0	BartonZwiebach	
668	0:09:03	1/1/2019 	537212	637.00	10.00	14.68	10.68	79236.05	3913	0	BartonZwiebach	
669	0:09:04	1/1/2019 	538321	618.00	9.00	14.24	10.68	79236.33	49791	0	BartonZwiebach	
670	0:09:05	1/1/2019 	539083	450.00	9.00	12.56	10.68	79236.17	49793	0	BartonZwiebach	
671	0:09:05	1/1/2019 	539875	965.00	313.00	59.24	10.68	79236.17	49796	0	BartonZwiebach	
672	0:09:06	1/1/2019 	540806	465.00	9.00	12.67	10.69	79236.48	50758	0	BartonZwiebach	
673	0:09:08	1/1/2019 	542116	115.00	8.00	7.01	10.69	79236.64	51942	0	BartonZwiebach	
674	0:09:08	1/1/2019 	542259	717.00	13.00	16.01	10.69	79236.64	1847	0	BartonZwiebach	
675	0:09:09	1/1/2019 	543172	100.00	9.00	6.60	10.69	79236.77	49792	0	BartonZwiebach	
676	0:09:09	1/1/2019 	543429	373.00	9.00	11.94	10.69	79236.77	1850	0	BartonZwiebach	
677	0:09:09	1/1/2019 	543820	178.00	9.00	8.78	10.69	79236.77	49792	0	BartonZwiebach	
678	0:09:12	1/1/2019 	546044	79.00	9.00	6.12	10.69	79237.53	97731	0	BartonZwiebach	
679	0:09:12	1/1/2019 	546289	438.00	9.00	12.47	10.69	79237.53	3855	0	BartonZwiebach	
680	0:09:12	1/1/2019 	546955	133.00	9.00	7.53	10.69	79238.00	49791	0	BartonZwiebach	
681	0:09:13	1/1/2019 	547257	101.00	8.00	6.62	10.69	79238.00	1849	0	BartonZwiebach	
682	0:09:13	1/1/2019 	547831	343.00	9.00	11.63	10.69	79238.31	49789	0	BartonZwiebach	
683	0:09:13	1/1/2019 	547875	64.00	9.00	5.92	10.69	79238.31	1850	0	BartonZwiebach	
684	0:09:14	1/1/2019 	548865	696.00	11.00	15.30	10.70	79238.77	49790	0	BartonZwiebach	
685	0:09:16	1/1/2019 	550104	961.00	271.00	52.78	10.70	79238.92	51801	0	BartonZwiebach	
686	0:09:16	1/1/2019 	550285	513.00	9.00	13.03	10.70	79238.92	2812	0	BartonZwiebach	
687	0:09:16	1/1/2019 	550934	113.00	8.00	6.95	10.70	79239.08	49793	0	BartonZwiebach	
688	0:09:16	1/1/2019 	551007	69.00	9.00	5.97	10.70	79239.08	1847	0	BartonZwiebach	
689	0:09:17	1/1/2019 	551271	97.00	9.00	6.52	10.70	79239.08	1849	0	BartonZwiebach	
690	0:09:17	1/1/2019 	551590	66.00	8.00	5.93	10.70	79239.55	49790	0	BartonZwiebach	
691	0:09:18	1/1/2019 	552935	973.00	771.00	137.84	10.70	79239.71	51937	0	BartonZwiebach	
692	0:09:19	1/1/2019 	553964	329.00	9.00	11.47	10.70	79240.34	49810	0	BartonZwiebach	
693	0:09:20	1/1/2019 	554115	347.00	9.00	11.67	10.70	79240.34	1850	0	BartonZwiebach	
694	0:09:21	1/1/2019 	555103	959.00	210.00	46.37	10.70	79240.18	49794	0	BartonZwiebach	
695	0:09:21	1/1/2019 	555147	927.00	124.00	34.70	10.70	79240.18	1851	0	BartonZwiebach	
696	0:09:21	1/1/2019 	555475	122.00	9.00	7.21	10.70	79240.50	1850	0	BartonZwiebach	
697	0:09:22	1/1/2019 	556455	131.00	9.00	7.47	10.70	79241.27	51851	0	BartonZwiebach	
698	0:09:22	1/1/2019 	556666	96.00	9.00	6.49	10.70	79241.27	49789	0	BartonZwiebach	
699	0:09:22	1/1/2019 	556929	298.00	9.00	11.06	10.70	79241.27	1848	0	BartonZwiebach	
700	0:09:23	1/1/2019 	557228	102.00	9.00	6.65	10.70	79241.27	1849	0	BartonZwiebach	
701	0:09:23	1/1/2019 	557959	953.00	143.00	38.14	10.71	79241.41	49790	0	BartonZwiebach	
702	0:09:24	1/1/2019 	558144	756.00	18.00	17.63	10.71	79241.41	1852	0	BartonZwiebach	
703	0:09:24	1/1/2019 	558578	353.00	9.00	11.74	10.71	79241.41	51798	0	BartonZwiebach	
704	0:09:28	1/1/2019 	562159	959.00	206.00	45.99	10.71	79241.88	145680	0	BartonZwiebach	
705	0:09:28	1/1/2019 	562389	103.00	8.00	6.67	10.71	79241.88	2812	0	BartonZwiebach	
706	0:09:29	1/1/2019 	563748	482.00	10.00	12.87	10.71	79242.33	97731	0	BartonZwiebach	
707	0:09:29	1/1/2019 	563968	558.00	9.00	13.50	10.71	79242.33	1851	0	BartonZwiebach	
708	0:09:30	1/1/2019 	565004	884.00	79.00	26.26	10.71	79242.64	49791	0	BartonZwiebach	
709	0:09:32	1/1/2019 	566301	102.00	8.00	6.65	10.71	79242.64	51945	0	BartonZwiebach	
710	0:09:32	1/1/2019 	566445	178.00	9.00	8.78	10.71	79242.64	1848	0	BartonZwiebach	
711	0:09:32	1/1/2019 	566872	584.00	10.00	13.98	10.71	79242.80	49790	0	BartonZwiebach	
712	0:09:34	1/1/2019 	568087	663.00	10.00	14.89	10.72	79243.27	49792	0	BartonZwiebach	
713	0:09:34	1/1/2019 	568270	876.00	78.00	26.08	10.72	79243.42	1851	0	BartonZwiebach	
714	0:09:34	1/1/2019 	568323	140.00	9.00	7.74	10.72	79243.42	1849	0	BartonZwiebach	
715	0:09:35	1/1/2019 	569248	444.00	9.00	12.52	10.72	79243.75	51795	0	BartonZwiebach	
716	0:09:36	1/1/2019 	570189	302.00	9.00	11.12	10.72	79244.36	49793	0	BartonZwiebach	
717	0:09:36	1/1/2019 	570664	804.00	42.00	21.71	10.72	79244.36	50754	0	BartonZwiebach	
718	0:09:37	1/1/2019 	571038	161.00	9.00	8.33	10.72	79244.36	1850	0	BartonZwiebach	
719	0:09:37	1/1/2019 	571698	438.00	10.00	12.55	10.72	79244.66	49791	0	BartonZwiebach	
720	0:09:40	1/1/2019 	574105	420.00	9.00	12.34	10.72	79244.34	97735	0	BartonZwiebach	
721	0:09:40	1/1/2019 	574356	960.00	175.00	42.76	10.72	79244.50	4000	0	BartonZwiebach	
722	0:09:41	1/1/2019 	575109	972.00	793.00	141.58	10.72	79244.50	49797	0	BartonZwiebach	
723	0:09:42	1/1/2019 	576890	150.00	9.00	8.02	10.72	79244.62	97773	0	BartonZwiebach	
724	0:09:43	1/1/2019 	577090	958.00	226.00	47.84	10.72	79244.62	1857	0	BartonZwiebach	
725	0:09:44	1/1/2019 	578915	551.00	9.00	13.41	10.73	79245.25	97749	0	BartonZwiebach	
726	0:09:45	1/1/2019 	579258	918.00	120.00	33.92	10.73	79245.25	1850	0	BartonZwiebach	
727	0:09:45	1/1/2019 	579629	821.00	52.00	22.74	10.73	79245.73	51856	0	BartonZwiebach	
728	0:09:45	1/1/2019 	579789	326.00	9.00	11.43	10.73	79245.73	2811	0	BartonZwiebach	
729	0:09:45	1/1/2019 	579943	62.00	9.00	5.90	10.73	79245.73	1850	0	BartonZwiebach	
730	0:09:46	1/1/2019 	580323	745.00	17.00	17.32	10.73	79245.88	1849	0	BartonZwiebach	
731	0:09:49	1/1/2019 	583691	203.00	9.00	9.38	10.73	79246.49	193619	0	BartonZwiebach	
732	0:09:50	1/1/2019 	584120	432.00	9.00	12.43	10.73	79246.65	1850	0	BartonZwiebach	
733	0:09:50	1/1/2019 	584946	169.00	8.00	8.54	10.73	79246.65	51940	0	BartonZwiebach	
734	0:09:51	1/1/2019 	585273	909.00	108.00	31.56	10.73	79246.96	1848	0	BartonZwiebach	
735	0:09:51	1/1/2019 	585287	703.00	11.00	15.30	10.73	79246.96	1851	0	BartonZwiebach	
736	0:09:52	1/1/2019 	586164	62.00	8.00	5.90	10.73	79246.96	49792	0	BartonZwiebach	
737	0:09:52	1/1/2019 	586449	280.00	9.00	10.80	10.73	79246.96	1848	0	BartonZwiebach	
738	0:09:54	1/1/2019 	588825	394.00	9.00	12.13	10.74	79247.11	147680	0	BartonZwiebach	
739	0:09:54	1/1/2019 	588872	695.00	11.00	15.30	10.74	79247.11	1851	0	BartonZwiebach	
740	0:09:56	1/1/2019 	590166	914.00	117.00	33.33	10.74	79246.95	49794	0	BartonZwiebach	
741	0:09:57	1/1/2019 	591622	905.00	104.00	30.77	10.74	79247.39	98701	0	BartonZwiebach	
742	0:09:57	1/1/2019 	591678	982.00	793.00	141.58	10.74	79247.39	1852	0	BartonZwiebach	
743	0:09:58	1/1/2019 	592412	722.00	14.00	16.36	10.74	79247.55	1851	0	BartonZwiebach	
744	0:09:58	1/1/2019 	592553	202.00	9.00	9.36	10.74	79247.39	51963	0	BartonZwiebach	
745	0:10:00	1/1/2019 	594945	950.00	154.00	39.91	10.74	79247.86	97731	0	BartonZwiebach	
746	0:10:00	1/1/2019 	594964	749.00	17.00	17.33	10.74	79247.86	1852	0	BartonZwiebach	
747	0:10:01	1/1/2019 	595356	958.00	263.00	51.76	10.74	79247.86	1850	0	BartonZwiebach	
748	0:10:01	1/1/2019 	595672	63.00	9.00	5.91	10.74	79247.86	49798	0	BartonZwiebach	
749	0:10:02	1/1/2019 	596153	106.00	9.00	6.76	10.74	79248.33	1849	0	BartonZwiebach	
750	0:10:02	1/1/2019 	596380	621.00	10.00	14.49	10.74	79248.33	3875	0	BartonZwiebach	
751	0:10:03	1/1/2019 	597162	819.00	50.00	22.53	10.74	79248.49	49793	0	BartonZwiebach	
752	0:10:03	1/1/2019 	597611	752.00	19.00	17.90	10.74	79248.66	49794	0	BartonZwiebach	
753	0:10:03	1/1/2019 	597884	496.00	9.00	12.89	10.74	79248.66	1850	0	BartonZwiebach	
754	0:10:06	1/1/2019 	599402	959.00	213.00	46.64	10.75	79249.58	49793	0	BartonZwiebach	
755	0:10:08	1/1/2019 	601577	134.00	9.00	7.56	10.75	79249.73	145692	0	BartonZwiebach	
756	0:10:08	1/1/2019 	601699	647.00	9.00	14.50	10.75	79249.73	4924	0	BartonZwiebach	
757	0:10:08	1/1/2019 	601777	924.00	126.00	35.07	10.75	79249.73	1850	0	BartonZwiebach	
758	0:10:10	1/1/2019 	604213	174.00	8.00	8.67	10.75	79250.84	97740	0	BartonZwiebach	
759	0:10:11	1/1/2019 	604463	138.00	9.00	7.68	10.75	79251.01	1848	0	BartonZwiebach	
760	0:10:11	1/1/2019 	605113	127.00	9.00	7.36	10.75	79251.17	49791	0	BartonZwiebach	
761	0:10:12	1/1/2019 	605651	135.00	9.00	7.59	10.75	79251.17	49790	0	BartonZwiebach	
762	0:10:12	1/1/2019 	605959	319.00	9.00	11.34	10.75	79251.30	6365	0	BartonZwiebach	
763	0:10:13	1/1/2019 	606747	905.00	103.00	30.58	10.75	79251.13	49790	0	BartonZwiebach	
764	0:10:13	1/1/2019 	606914	801.00	40.00	21.49	10.75	79251.30	1852	0	BartonZwiebach	
765	0:10:13	1/1/2019 	606992	169.00	9.00	8.54	10.75	79251.30	1850	0	BartonZwiebach	
766	0:10:13	1/1/2019 	607169	107.00	8.00	6.78	10.75	79251.30	1848	0	BartonZwiebach	
767	0:10:16	1/1/2019 	609467	803.00	37.00	21.16	10.75	79251.60	97726	0	BartonZwiebach	
768	0:10:16	1/1/2019 	609566	125.00	9.00	7.30	10.75	79251.60	51797	0	BartonZwiebach	
769	0:10:16	1/1/2019 	609977	73.00	9.00	6.02	10.75	79251.60	2611	0	BartonZwiebach	
770	0:10:18	1/1/2019 	611614	665.00	10.00	14.90	10.76	79252.55	97730	0	BartonZwiebach	
771	0:10:18	1/1/2019 	611758	294.00	9.00	11.01	10.76	79252.55	1852	0	BartonZwiebach	
772	0:10:18	1/1/2019 	611977	70.00	8.00	5.98	10.76	79252.39	1849	0	BartonZwiebach	
773	0:10:19	1/1/2019 	612574	625.00	10.00	14.55	10.76	79252.23	49786	0	BartonZwiebach	
774	0:10:20	1/1/2019 	613460	752.00	19.00	17.90	10.76	79252.23	4056	0	BartonZwiebach	
775	0:10:20	1/1/2019 	613692	402.00	9.00	12.20	10.76	79252.23	49791	0	BartonZwiebach	
776	0:10:20	1/1/2019 	614265	111.00	9.00	6.89	10.76	79252.08	1850	0	BartonZwiebach	
777	0:10:21	1/1/2019 	614855	957.00	195.00	44.94	10.76	79252.67	49790	0	BartonZwiebach	
778	0:10:22	1/1/2019 	616095	939.00	136.00	36.93	10.76	79252.67	49797	0	BartonZwiebach	
779	0:10:23	1/1/2019 	616726	103.00	9.00	6.67	10.76	79253.14	49795	0	BartonZwiebach	
780	0:10:25	1/1/2019 	618781	117.00	8.00	7.06	10.76	79253.45	99735	0	BartonZwiebach	
781	0:10:25	1/1/2019 	619391	104.00	9.00	6.70	10.76	79253.45	1848	0	BartonZwiebach	
782	0:10:26	1/1/2019 	620226	68.00	8.00	5.95	10.76	79253.61	49790	0	BartonZwiebach	
783	0:10:26	1/1/2019 	620295	802.00	38.00	21.28	10.76	79253.61	2610	0	BartonZwiebach	
784	0:10:27	1/1/2019 	620465	678.00	10.00	14.94	10.76	79253.61	1850	0	BartonZwiebach	
785	0:10:27	1/1/2019 	620634	93.00	9.00	6.42	10.76	79253.61	49794	0	BartonZwiebach	
786	0:10:28	1/1/2019 	621756	87.00	9.00	6.28	10.77	79254.06	51938	0	BartonZwiebach	
787	0:10:30	1/1/2019 	624118	186.00	9.00	8.98	10.77	79254.50	97730	0	BartonZwiebach	
788	0:10:30	1/1/2019 	624328	982.00	808.00	143.48	10.77	79254.66	1850	0	BartonZwiebach	
789	0:10:30	1/1/2019 	624348	603.00	9.00	14.06	10.77	79254.66	1850	0	BartonZwiebach	
790	0:10:31	1/1/2019 	624700	208.00	9.00	9.49	10.77	79254.66	49792	0	BartonZwiebach	
791	0:10:32	1/1/2019 	625732	82.00	9.00	6.18	10.77	79254.66	49791	0	BartonZwiebach	
792	0:10:32	1/1/2019 	626065	556.00	9.00	13.47	10.77	79254.66	3856	0	BartonZwiebach	
793	0:10:33	1/1/2019 	626578	288.00	9.00	10.92	10.77	79254.83	49792	0	BartonZwiebach	
794	0:10:33	1/1/2019 	626860	185.00	9.00	8.95	10.77	79254.83	1850	0	BartonZwiebach	
795	0:10:33	1/1/2019 	627046	807.00	41.00	21.61	10.77	79254.83	1849	0	BartonZwiebach	
796	0:10:33	1/1/2019 	627104	84.00	9.00	6.22	10.77	79254.83	1850	0	BartonZwiebach	
797	0:10:33	1/1/2019 	627352	964.00	306.00	58.05	10.77	79255.30	1849	0	BartonZwiebach	
798	0:10:34	1/1/2019 	627675	952.00	171.00	42.27	10.77	79255.30	51802	0	BartonZwiebach	
799	0:10:34	1/1/2019 	627759	710.00	12.00	15.66	10.77	79255.30	1852	0	BartonZwiebach	
800	0:10:35	1/1/2019 	628400	195.00	9.00	9.19	10.77	79255.30	1848	0	BartonZwiebach	
801	0:10:35	1/1/2019 	628563	981.00	800.00	142.66	10.77	79255.30	49792	0	BartonZwiebach	
802	0:10:35	1/1/2019 	629196	442.00	9.00	12.50	10.77	79255.30	1850	0	BartonZwiebach	
803	0:10:36	1/1/2019 	629643	606.00	10.00	14.29	10.77	79255.13	51799	0	BartonZwiebach	
804	0:10:36	1/1/2019 	629905	580.00	9.00	13.77	10.77	79255.13	2615	0	BartonZwiebach	
805	0:10:38	1/1/2019 	631451	774.00	25.00	19.31	10.77	79255.26	49793	0	BartonZwiebach	
806	0:10:39	1/1/2019 	633364	313.00	9.00	11.27	10.77	79255.26	97735	0	BartonZwiebach	
807	0:10:40	1/1/2019 	633852	570.00	9.00	13.64	10.77	79255.42	49794	0	BartonZwiebach	
808	0:10:40	1/1/2019 	634105	202.00	9.00	9.36	10.77	79255.57	1850	0	BartonZwiebach	
809	0:10:41	1/1/2019 	635205	130.00	9.00	7.44	10.77	79255.57	51940	0	BartonZwiebach	
810	0:10:42	1/1/2019 	635582	883.00	83.00	26.90	10.77	79255.57	49792	0	BartonZwiebach	
811	0:10:42	1/1/2019 	636221	331.00	9.00	11.49	10.77	79255.41	1851	0	BartonZwiebach	
812	0:10:43	1/1/2019 	636694	867.00	74.00	25.46	10.77	79255.41	49791	0	BartonZwiebach	
813	0:10:43	1/1/2019 	636949	806.00	49.00	22.41	10.77	79255.41	1852	0	BartonZwiebach	
814	0:10:46	1/1/2019 	640252	116.00	9.00	7.04	10.78	79256.64	145679	0	BartonZwiebach	
815	0:10:48	1/1/2019 	641490	554.00	9.00	13.45	10.78	79256.97	52709	0	BartonZwiebach	
816	0:10:48	1/1/2019 	642045	879.00	80.00	26.40	10.78	79256.97	49794	0	BartonZwiebach	
817	0:10:48	1/1/2019 	642117	280.00	9.00	10.80	10.78	79256.97	1851	0	BartonZwiebach	
818	0:10:48	1/1/2019 	642356	982.00	770.00	137.49	10.78	79256.97	1850	0	BartonZwiebach	
819	0:10:49	1/1/2019 	642422	791.00	31.00	20.36	10.78	79256.97	1851	0	BartonZwiebach	
820	0:10:49	1/1/2019 	642783	927.00	131.00	36.01	10.78	79257.43	49792	0	BartonZwiebach	
821	0:10:49	1/1/2019 	642811	927.00	122.00	34.31	10.78	79257.43	3856	0	BartonZwiebach	
822	0:10:50	1/1/2019 	643918	620.00	10.00	14.48	10.78	79257.59	49794	0	BartonZwiebach	
823	0:10:50	1/1/2019 	644232	918.00	115.00	32.94	10.78	79257.43	1852	0	BartonZwiebach	
824	0:10:51	1/1/2019 	645073	572.00	9.00	13.67	10.78	79257.59	49796	0	BartonZwiebach	
825	0:10:52	1/1/2019 	646039	686.00	11.00	15.29	10.78	79257.55	49793	0	BartonZwiebach	
826	0:10:52	1/1/2019 	646294	651.00	10.00	14.81	10.78	79257.55	1851	0	BartonZwiebach	
827	0:10:53	1/1/2019 	646921	456.00	9.00	12.60	10.78	79257.55	51797	0	BartonZwiebach	
828	0:10:55	1/1/2019 	649121	935.00	132.00	36.20	10.79	79258.34	97733	0	BartonZwiebach	
829	0:10:56	1/1/2019 	650123	615.00	10.00	14.41	10.79	79258.34	49797	0	BartonZwiebach	
830	0:10:57	1/1/2019 	650417	962.00	288.00	55.18	10.79	79258.51	2614	0	BartonZwiebach	
831	0:10:57	1/1/2019 	650426	406.00	9.00	12.23	10.79	79258.51	1851	0	BartonZwiebach	
832	0:10:58	1/1/2019 	651909	439.00	10.00	12.55	10.79	79258.34	97733	0	BartonZwiebach	
833	0:10:58	1/1/2019 	652361	917.00	116.00	33.14	10.79	79258.34	4056	0	BartonZwiebach	
834	0:10:59	1/1/2019 	653011	637.00	10.00	14.68	10.79	79258.34	49795	0	BartonZwiebach	
835	0:10:59	1/1/2019 	653292	117.00	9.00	7.07	10.79	79258.34	1851	0	BartonZwiebach	
836	0:11:00	1/1/2019 	653582	143.00	9.00	7.82	10.79	79258.50	49788	0	BartonZwiebach	
837	0:11:00	1/1/2019 	654305	642.00	10.00	14.73	10.79	79258.34	1850	0	BartonZwiebach	
838	0:11:01	1/1/2019 	654600	108.00	9.00	6.81	10.79	79258.50	49792	0	BartonZwiebach	
839	0:11:01	1/1/2019 	654668	423.00	10.00	12.43	10.79	79258.50	3855	0	BartonZwiebach	
840	0:11:01	1/1/2019 	654928	963.00	275.00	53.32	10.79	79258.66	1851	0	BartonZwiebach	
841	0:11:02	1/1/2019 	655689	725.00	14.00	16.36	10.79	79258.66	49798	0	BartonZwiebach	
842	0:11:03	1/1/2019 	657277	678.00	10.00	14.94	10.79	79258.66	49794	0	BartonZwiebach	
843	0:11:03	1/1/2019 	657313	922.00	119.00	33.73	10.79	79258.66	1851	0	BartonZwiebach	
844	0:11:03	1/1/2019 	657392	170.00	9.00	8.57	10.79	79258.66	3856	0	BartonZwiebach	
845	0:11:04	1/1/2019 	657642	947.00	139.00	37.46	10.79	79258.66	49790	0	BartonZwiebach	
846	0:11:08	1/1/2019 	661875	66.00	9.00	5.93	10.79	79259.10	193631	0	BartonZwiebach	
847	0:11:08	1/1/2019 	661931	388.00	9.00	12.08	10.79	79259.10	2612	0	BartonZwiebach	
848	0:11:08	1/1/2019 	662041	400.00	9.00	12.18	10.79	79259.10	1850	0	BartonZwiebach	
849	0:11:09	1/1/2019 	662729	462.00	9.00	12.64	10.79	79259.10	49791	0	BartonZwiebach	
850	0:11:09	1/1/2019 	663118	158.00	9.00	8.25	10.79	79258.94	3999	0	BartonZwiebach	
851	0:11:10	1/1/2019 	664314	429.00	9.00	12.41	10.79	79259.41	49790	0	BartonZwiebach	
852	0:11:11	1/1/2019 	664916	951.00	168.00	41.89	10.79	79259.73	49793	0	BartonZwiebach	
853	0:11:11	1/1/2019 	665016	918.00	113.00	32.55	10.79	79259.73	1851	0	BartonZwiebach	
854	0:11:13	1/1/2019 	666986	961.00	348.00	65.52	10.79	79260.21	97739	0	BartonZwiebach	
855	0:11:13	1/1/2019 	667355	577.00	9.00	13.73	10.80	79260.68	1851	0	BartonZwiebach	
856	0:11:14	1/1/2019 	667706	799.00	34.00	20.79	10.80	79260.68	51796	0	BartonZwiebach	
857	0:11:15	1/1/2019 	669370	693.00	11.00	15.30	10.80	79260.68	49796	0	BartonZwiebach	
858	0:11:16	1/1/2019 	669657	71.00	9.00	5.99	10.80	79260.68	49794	0	BartonZwiebach	
859	0:11:18	1/1/2019 	671603	198.00	9.00	9.26	10.80	79261.61	98491	0	BartonZwiebach	
860	0:11:18	1/1/2019 	671739	616.00	10.00	14.43	10.80	79261.77	1851	0	BartonZwiebach	
861	0:11:18	1/1/2019 	671792	80.00	9.00	6.14	10.80	79261.77	1850	0	BartonZwiebach	
862	0:11:18	1/1/2019 	671983	173.00	9.00	8.65	10.80	79261.77	4052	0	BartonZwiebach	
863	0:11:19	1/1/2019 	672908	759.00	21.00	18.42	10.80	79261.61	49788	0	BartonZwiebach	
864	0:11:20	1/1/2019 	673685	597.00	10.00	14.16	10.80	79262.08	49792	0	BartonZwiebach	
865	0:11:20	1/1/2019 	673711	322.00	9.00	11.38	10.80	79262.08	1851	0	BartonZwiebach	
866	0:11:20	1/1/2019 	674040	953.00	151.00	39.45	10.80	79262.08	1851	0	BartonZwiebach	
867	0:11:21	1/1/2019 	674415	112.00	9.00	6.92	10.80	79262.08	1850	0	BartonZwiebach	
868	0:11:21	1/1/2019 	675215	592.00	9.00	13.92	10.80	79262.08	51794	0	BartonZwiebach	
869	0:11:22	1/1/2019 	676030	537.00	9.00	13.26	10.80	79262.08	49790	0	BartonZwiebach	
870	0:11:23	1/1/2019 	676926	940.00	137.00	37.10	10.80	79262.06	49793	0	BartonZwiebach	
871	0:11:23	1/1/2019 	677043	473.00	9.00	12.72	10.80	79262.06	1851	0	BartonZwiebach	
872	0:11:24	1/1/2019 	678116	120.00	9.00	7.15	10.80	79261.91	49789	0	BartonZwiebach	
873	0:11:24	1/1/2019 	678171	528.00	9.00	13.17	10.81	79262.19	1850	0	BartonZwiebach	
874	0:11:24	1/1/2019 	678187	910.00	103.00	30.59	10.81	79262.19	3854	0	BartonZwiebach	
875	0:11:25	1/1/2019 	678672	624.00	12.00	14.95	10.81	79262.03	49795	0	BartonZwiebach	
876	0:11:27	1/1/2019 	680474	961.00	312.00	59.07	10.81	79262.34	49793	0	BartonZwiebach	
877	0:11:28	1/1/2019 	682387	961.00	256.00	50.93	10.81	79262.98	98507	0	BartonZwiebach	
878	0:11:29	1/1/2019 	682927	460.00	3.00	12.07	10.81	79263.14	49796	0	BartonZwiebach	
879	0:11:30	1/1/2019 	683851	331.00	9.00	11.49	10.81	79263.30	49791	0	BartonZwiebach	
880	0:11:30	1/1/2019 	683949	805.00	39.00	21.39	10.81	79263.30	4000	0	BartonZwiebach	
881	0:11:31	1/1/2019 	684642	955.00	183.00	43.69	10.81	79263.74	49795	0	BartonZwiebach	
882	0:11:31	1/1/2019 	685048	958.00	159.00	40.65	10.81	79263.74	1851	0	BartonZwiebach	
883	0:11:32	1/1/2019 	685802	78.00	9.00	6.10	10.81	79263.74	49796	0	BartonZwiebach	
884	0:11:33	1/1/2019 	686669	206.00	9.00	9.44	10.81	79264.05	49791	0	BartonZwiebach	
885	0:11:33	1/1/2019 	686717	116.00	8.00	7.03	10.81	79264.05	1849	0	BartonZwiebach	
886	0:11:33	1/1/2019 	686786	391.00	9.00	12.11	10.81	79264.05	3852	0	BartonZwiebach	
887	0:11:33	1/1/2019 	687061	945.00	136.00	36.93	10.81	79264.22	1850	0	BartonZwiebach	
888	0:11:33	1/1/2019 	687119	332.00	9.00	11.50	10.81	79264.22	1851	0	BartonZwiebach	
889	0:11:34	1/1/2019 	687593	689.00	11.00	15.30	10.81	79264.22	49792	0	BartonZwiebach	
890	0:11:34	1/1/2019 	688262	452.00	9.00	12.57	10.81	79264.22	1851	0	BartonZwiebach	
891	0:11:35	1/1/2019 	688616	642.00	10.00	14.73	10.81	79264.38	49794	0	BartonZwiebach	
892	0:11:36	1/1/2019 	689878	146.00	8.00	7.90	10.82	79264.84	51802	0	BartonZwiebach	
893	0:11:36	1/1/2019 	690173	89.00	9.00	6.32	10.82	79265.00	2610	0	BartonZwiebach	
894	0:11:36	1/1/2019 	690199	71.00	9.00	5.99	10.82	79265.00	1848	0	BartonZwiebach	
895	0:11:37	1/1/2019 	690417	170.00	7.00	8.56	10.82	79265.00	1848	0	BartonZwiebach	
896	0:11:37	1/1/2019 	691267	128.00	9.00	7.39	10.82	79265.33	49790	0	BartonZwiebach	
897	0:11:39	1/1/2019 	693184	889.00	88.00	27.76	10.82	79266.09	97730	0	BartonZwiebach	
898	0:11:39	1/1/2019 	693362	973.00	511.00	88.35	10.82	79266.09	4000	0	BartonZwiebach	
899	0:11:40	1/1/2019 	693935	581.00	9.00	13.78	10.82	79266.09	49801	0	BartonZwiebach	
900	0:11:40	1/1/2019 	694220	352.00	9.00	11.73	10.82	79266.25	1850	0	BartonZwiebach	
901	0:11:41	1/1/2019 	694868	533.00	9.00	13.22	10.82	79266.25	49792	0	BartonZwiebach	
902	0:11:41	1/1/2019 	694898	69.00	9.00	5.97	10.82	79266.25	1850	0	BartonZwiebach	
903	0:11:41	1/1/2019 	694933	742.00	16.00	17.02	10.82	79266.25	1848	0	BartonZwiebach	
904	0:11:41	1/1/2019 	694951	522.00	9.00	13.12	10.82	79266.25	3852	0	BartonZwiebach	
905	0:11:42	1/1/2019 	695403	147.00	9.00	7.94	10.82	79266.09	1849	0	BartonZwiebach	
906	0:11:42	1/1/2019 	696368	961.00	264.00	51.88	10.82	79266.40	49791	0	BartonZwiebach	
907	0:11:43	1/1/2019 	696698	146.00	9.00	7.91	10.82	79266.40	49797	0	BartonZwiebach	
908	0:11:43	1/1/2019 	697164	578.00	9.00	13.74	10.82	79266.23	1849	0	BartonZwiebach	
909	0:11:45	1/1/2019 	698646	782.00	26.00	19.52	10.82	79266.23	99740	0	BartonZwiebach	
910	0:11:45	1/1/2019 	699250	112.00	8.00	6.92	10.82	79266.87	1851	0	BartonZwiebach	
911	0:11:45	1/1/2019 	699376	131.00	9.00	7.47	10.82	79266.87	1846	0	BartonZwiebach	
912	0:11:46	1/1/2019 	699426	609.00	9.00	14.14	10.82	79266.87	1848	0	BartonZwiebach	
913	0:11:48	1/1/2019 	701433	68.00	9.00	5.95	10.82	79267.98	97733	0	BartonZwiebach	
914	0:11:48	1/1/2019 	701916	704.00	12.00	15.66	10.82	79268.15	50552	0	BartonZwiebach	
915	0:11:50	1/1/2019 	703834	864.00	72.00	25.17	10.83	79268.91	99879	0	BartonZwiebach	
916	0:11:50	1/1/2019 	704019	641.00	10.00	14.72	10.83	79268.75	1852	0	BartonZwiebach	
917	0:11:51	1/1/2019 	704453	698.00	11.00	15.30	10.83	79268.59	1849	0	BartonZwiebach	
918	0:11:51	1/1/2019 	705291	535.00	9.00	13.24	10.83	79268.44	49791	0	BartonZwiebach	
919	0:11:52	1/1/2019 	706097	685.00	11.00	15.29	10.83	79268.74	49790	0	BartonZwiebach	
920	0:11:52	1/1/2019 	706158	939.00	134.00	36.57	10.83	79268.74	1851	0	BartonZwiebach	
921	0:11:52	1/1/2019 	706390	71.00	8.00	5.99	10.83	79268.58	3855	0	BartonZwiebach	
922	0:11:53	1/1/2019 	706461	177.00	9.00	8.75	10.83	79268.58	1847	0	BartonZwiebach	
923	0:11:53	1/1/2019 	707001	975.00	642.00	114.56	10.83	79268.58	49791	0	BartonZwiebach	
924	0:11:55	1/1/2019 	709030	677.00	10.00	14.94	10.83	79268.58	97761	0	BartonZwiebach	
925	0:11:56	1/1/2019 	709801	653.00	10.00	14.83	10.83	79269.05	49794	0	BartonZwiebach	
926	0:11:57	1/1/2019 	710489	151.00	9.00	8.05	10.83	79269.21	2613	0	BartonZwiebach	
927	0:11:57	1/1/2019 	711030	78.00	8.00	6.10	10.83	79269.21	51939	0	BartonZwiebach	
928	0:11:58	1/1/2019 	711859	919.00	122.00	34.30	10.83	79269.38	49789	0	BartonZwiebach	
929	0:11:59	1/1/2019 	712679	214.00	9.00	9.62	10.83	79269.21	49801	0	BartonZwiebach	
930	0:12:00	1/1/2019 	713599	90.00	8.00	6.35	10.83	79269.82	49790	0	BartonZwiebach	
931	0:12:00	1/1/2019 	713730	921.00	122.00	34.31	10.83	79269.82	1849	0	BartonZwiebach	
932	0:12:00	1/1/2019 	713927	319.00	9.00	11.34	10.83	79269.82	1849	0	BartonZwiebach	
933	0:12:00	1/1/2019 	714008	640.00	10.00	14.71	10.83	79269.82	3853	0	BartonZwiebach	
934	0:12:00	1/1/2019 	714238	910.00	101.00	30.20	10.83	79269.82	1850	0	BartonZwiebach	
935	0:12:01	1/1/2019 	714958	394.00	9.00	12.13	10.83	79269.82	49795	0	BartonZwiebach	
936	0:12:01	1/1/2019 	715335	560.00	9.00	13.52	10.83	79269.82	1850	0	BartonZwiebach	
937	0:12:02	1/1/2019 	716103	694.00	11.00	15.30	10.83	79269.98	49791	0	BartonZwiebach	
938	0:12:03	1/1/2019 	716739	177.00	9.00	8.75	10.84	79270.28	49791	0	BartonZwiebach	
939	0:12:03	1/1/2019 	717252	641.00	10.00	14.72	10.84	79270.45	3855	0	BartonZwiebach	
940	0:12:04	1/1/2019 	717767	135.00	9.00	7.59	10.84	79270.45	49791	0	BartonZwiebach	
941	0:12:05	1/1/2019 	719175	95.00	9.00	6.47	10.84	79270.77	49790	0	BartonZwiebach	
942	0:12:07	1/1/2019 	720593	421.00	9.00	12.35	10.84	79271.22	97731	0	BartonZwiebach	
943	0:12:09	1/1/2019 	722898	624.00	9.00	14.31	10.84	79271.38	98499	0	BartonZwiebach	
944	0:12:09	1/1/2019 	722935	966.00	311.00	58.90	10.84	79271.38	1858	0	BartonZwiebach	
945	0:12:11	1/1/2019 	724606	645.00	9.00	14.49	10.84	79272.30	99898	0	BartonZwiebach	
946	0:12:12	1/1/2019 	725679	408.00	9.00	12.25	10.84	79272.14	49793	0	BartonZwiebach	
947	0:12:12	1/1/2019 	725807	477.00	9.00	12.75	10.84	79272.14	1850	0	BartonZwiebach	
948	0:12:12	1/1/2019 	726223	970.00	367.00	68.92	10.84	79272.46	1850	0	BartonZwiebach	
949	0:12:13	1/1/2019 	726633	561.00	9.00	13.53	10.84	79272.46	49798	0	BartonZwiebach	
950	0:12:14	1/1/2019 	727834	454.00	9.00	12.59	10.84	79273.57	49792	0	BartonZwiebach	
951	0:12:15	1/1/2019 	728833	68.00	8.00	5.95	10.84	79273.41	51798	0	BartonZwiebach	
952	0:12:16	1/1/2019 	729934	954.00	156.00	40.21	10.84	79273.73	49789	0	BartonZwiebach	
953	0:12:16	1/1/2019 	730184	207.00	9.00	9.47	10.84	79273.89	2811	0	BartonZwiebach	
954	0:12:18	1/1/2019 	731553	946.00	145.00	38.48	10.85	79274.34	97729	0	BartonZwiebach	
955	0:12:18	1/1/2019 	731659	72.00	9.00	6.01	10.85	79274.50	1851	0	BartonZwiebach	
956	0:12:21	1/1/2019 	734403	102.00	9.00	6.65	10.85	79275.30	97729	0	BartonZwiebach	
957	0:12:22	1/1/2019 	735889	977.00	728.00	130.55	10.85	79274.97	99880	0	BartonZwiebach	
958	0:12:23	1/1/2019 	737361	965.00	324.00	61.17	10.85	79274.97	49811	0	BartonZwiebach	
959	0:12:24	1/1/2019 	737890	154.00	9.00	8.13	10.85	79274.80	49801	0	BartonZwiebach	
960	0:12:25	1/1/2019 	738447	795.00	34.00	20.78	10.85	79275.44	1850	0	BartonZwiebach	
961	0:12:25	1/1/2019 	739216	791.00	30.00	20.21	10.85	79275.44	49795	0	BartonZwiebach	
962	0:12:25	1/1/2019 	739240	262.00	9.00	10.52	10.85	79275.44	3854	0	BartonZwiebach	
963	0:12:26	1/1/2019 	739554	84.00	9.00	6.22	10.85	79275.27	49790	0	BartonZwiebach	
964	0:12:27	1/1/2019 	740646	782.00	28.00	19.87	10.85	79275.27	50751	0	BartonZwiebach	
965	0:12:27	1/1/2019 	740719	528.00	10.00	13.28	10.85	79275.27	1851	0	BartonZwiebach	
966	0:12:27	1/1/2019 	741175	108.00	9.00	6.81	10.85	79275.27	1850	0	BartonZwiebach	
967	0:12:27	1/1/2019 	741268	421.00	9.00	12.35	10.85	79275.27	1849	0	BartonZwiebach	
968	0:12:28	1/1/2019 	742260	107.00	9.00	6.78	10.85	79275.56	51938	0	BartonZwiebach	
969	0:12:30	1/1/2019 	744085	651.00	10.00	14.81	10.85	79276.20	97732	0	BartonZwiebach	
970	0:12:30	1/1/2019 	744222	170.00	9.00	8.57	10.85	79276.20	1850	0	BartonZwiebach	
971	0:12:31	1/1/2019 	745239	580.00	10.00	13.92	10.85	79276.84	49789	0	BartonZwiebach	
972	0:12:32	1/1/2019 	745569	978.00	834.00	149.74	10.85	79277.00	49793	0	BartonZwiebach	
973	0:12:32	1/1/2019 	745683	968.00	335.00	63.15	10.85	79277.00	1852	0	BartonZwiebach	
974	0:12:32	1/1/2019 	745844	261.00	9.00	10.50	10.85	79277.00	3856	0	BartonZwiebach	
975	0:12:32	1/1/2019 	746020	685.00	11.00	15.29	10.85	79277.16	1849	0	BartonZwiebach	
976	0:12:33	1/1/2019 	746765	64.00	9.00	5.92	10.85	79277.33	49791	0	BartonZwiebach	
977	0:12:34	1/1/2019 	748255	770.00	24.00	19.11	10.86	79277.79	49790	0	BartonZwiebach	
978	0:12:35	1/1/2019 	748915	545.00	9.00	13.35	10.86	79277.95	49789	0	BartonZwiebach	
979	0:12:35	1/1/2019 	749157	86.00	8.00	6.26	10.86	79277.95	1850	0	BartonZwiebach	
980	0:12:38	1/1/2019 	751927	139.00	8.00	7.70	10.86	79279.06	147671	0	BartonZwiebach	
981	0:12:38	1/1/2019 	752320	971.00	540.00	92.72	10.86	79279.06	2809	0	BartonZwiebach	
982	0:12:39	1/1/2019 	752624	535.00	9.00	13.24	10.86	79279.38	49805	0	BartonZwiebach	
983	0:12:39	1/1/2019 	752703	520.00	9.00	13.10	10.86	79279.38	1856	0	BartonZwiebach	
984	0:12:39	1/1/2019 	752823	451.00	9.00	12.57	10.86	79279.38	1857	0	BartonZwiebach	
985	0:12:39	1/1/2019 	753354	952.00	141.00	37.80	10.86	79279.22	1854	0	BartonZwiebach	
986	0:12:40	1/1/2019 	753827	877.00	80.00	26.40	10.86	79279.22	51943	0	BartonZwiebach	
987	0:12:40	1/1/2019 	753843	962.00	225.00	47.75	10.86	79279.22	1852	0	BartonZwiebach	
988	0:12:40	1/1/2019 	754219	713.00	12.00	15.66	10.86	79279.22	1850	0	BartonZwiebach	
989	0:12:40	1/1/2019 	754228	137.00	9.00	7.65	10.86	79279.22	1848	0	BartonZwiebach	
990	0:12:41	1/1/2019 	754660	965.00	339.00	63.88	10.86	79279.22	49791	0	BartonZwiebach	
991	0:12:41	1/1/2019 	754929	406.00	9.00	12.23	10.86	79279.34	1851	0	BartonZwiebach	
992	0:12:43	1/1/2019 	756442	630.00	10.00	14.61	10.86	79279.02	51795	0	BartonZwiebach	
993	0:12:45	1/1/2019 	759268	643.00	10.00	14.74	10.86	79278.70	145677	0	BartonZwiebach	
994	0:12:46	1/1/2019 	759824	915.00	116.00	33.13	10.86	79278.70	49795	0	BartonZwiebach	
995	0:12:46	1/1/2019 	760372	148.00	8.00	7.96	10.86	79278.38	2812	0	BartonZwiebach	
996	0:12:48	1/1/2019 	761450	411.00	10.00	12.34	10.86	79279.02	49788	0	BartonZwiebach	
997	0:12:48	1/1/2019 	762356	440.00	9.00	12.49	10.86	79278.86	49793	0	BartonZwiebach	
998	0:12:49	1/1/2019 	762635	910.00	109.00	31.76	10.86	79278.86	51940	0	BartonZwiebach	
999	0:12:49	1/1/2019 	762775	129.00	8.00	7.41	10.86	79278.86	1851	0	BartonZwiebach	
1000	0:12:49	1/1/2019 	762833	520.00	9.00	13.10	10.86	79278.70	1847	0	BartonZwiebach	
1001	0:12:50	1/1/2019 	763573	80.00	9.00	6.14	10.86	79278.53	49794	0	BartonZwiebach	
1002	0:12:50	1/1/2019 	763768	106.00	9.00	6.76	10.86	79278.53	1850	0	BartonZwiebach	
1003	0:12:51	1/1/2019 	765252	95.00	9.00	6.47	10.86	79278.86	49792	0	BartonZwiebach	
1004	0:12:51	1/1/2019 	765275	165.00	9.00	8.44	10.86	79278.86	3855	0	BartonZwiebach	
1005	0:12:53	1/1/2019 	766579	82.00	9.00	6.18	10.87	79279.78	97734	0	BartonZwiebach	
1006	0:12:54	1/1/2019 	768092	276.00	9.00	10.74	10.87	79279.94	49793	0	BartonZwiebach	
1007	0:12:55	1/1/2019 	768808	802.00	47.00	22.20	10.87	79279.78	49797	0	BartonZwiebach	
1008	0:12:56	1/1/2019 	769626	159.00	9.00	8.27	10.87	79280.25	49798	0	BartonZwiebach	
1009	0:12:57	1/1/2019 	770925	715.00	13.00	16.01	10.87	79280.57	50755	0	BartonZwiebach	
1010	0:12:58	1/1/2019 	771474	413.00	9.00	12.29	10.87	79280.73	4054	0	BartonZwiebach	
1011	0:12:58	1/1/2019 	772360	125.00	8.00	7.29	10.87	79280.89	49794	0	BartonZwiebach	
1012	0:12:59	1/1/2019 	772780	615.00	10.00	14.41	10.87	79281.05	49791	0	BartonZwiebach	
1013	0:13:00	1/1/2019 	773587	734.00	15.00	16.69	10.87	79281.20	49796	0	BartonZwiebach	
1014	0:13:00	1/1/2019 	774149	819.00	58.00	23.35	10.87	79281.20	1851	0	BartonZwiebach	
1015	0:13:01	1/1/2019 	774791	122.00	9.00	7.21	10.87	79281.03	51802	0	BartonZwiebach	
1016	0:13:02	1/1/2019 	775908	850.00	64.00	24.10	10.87	79281.20	49794	0	BartonZwiebach	
1017	0:13:02	1/1/2019 	776219	197.00	9.00	9.24	10.87	79281.52	1849	0	BartonZwiebach	
1018	0:13:03	1/1/2019 	776805	115.00	9.00	7.01	10.87	79281.67	49792	0	BartonZwiebach	
1019	0:13:04	1/1/2019 	778137	967.00	384.00	71.80	10.87	79282.00	49794	0	BartonZwiebach	
1020	0:13:05	1/1/2019 	779218	970.00	598.00	104.34	10.87	79282.00	49804	0	BartonZwiebach	
1021	0:13:05	1/1/2019 	779241	465.00	10.00	12.74	10.87	79282.00	3857	0	BartonZwiebach	
1022	0:13:06	1/1/2019 	779430	518.00	10.00	13.18	10.87	79282.00	1850	0	BartonZwiebach	
1023	0:13:06	1/1/2019 	779620	967.00	262.00	51.64	10.87	79282.00	49798	0	BartonZwiebach	
1024	0:13:07	1/1/2019 	781117	243.00	9.00	10.19	10.87	79282.16	50762	0	BartonZwiebach	
1025	0:13:08	1/1/2019 	781694	121.00	9.00	7.18	10.87	79282.61	49794	0	BartonZwiebach	
1026	0:13:08	1/1/2019 	781793	132.00	12.00	7.51	10.87	79282.61	1849	0	BartonZwiebach	
1027	0:13:08	1/1/2019 	781854	75.00	9.00	6.05	10.87	79282.61	3997	0	BartonZwiebach	
1028	0:13:08	1/1/2019 	782139	914.00	108.00	31.57	10.87	79282.61	1849	0	BartonZwiebach	
1029	0:13:09	1/1/2019 	782984	151.00	9.00	8.05	10.87	79282.77	49798	0	BartonZwiebach	
1030	0:13:09	1/1/2019 	783335	83.00	8.00	6.19	10.87	79282.61	1850	0	BartonZwiebach	
1031	0:13:11	1/1/2019 	785270	470.00	9.00	12.70	10.87	79283.25	97733	0	BartonZwiebach	
1032	0:13:14	1/1/2019 	787672	251.00	9.00	10.33	10.88	79283.56	145682	0	BartonZwiebach	
1033	0:13:15	1/1/2019 	788716	171.00	9.00	8.60	10.88	79283.39	51800	0	BartonZwiebach	
1034	0:13:16	1/1/2019 	789994	117.00	8.00	7.06	10.88	79283.23	49794	0	BartonZwiebach	
1035	0:13:17	1/1/2019 	790434	129.00	9.00	7.41	10.88	79283.39	2808	0	BartonZwiebach	
1036	0:13:17	1/1/2019 	791092	128.00	9.00	7.39	10.88	79283.56	49793	0	BartonZwiebach	
1037	0:13:18	1/1/2019 	791451	156.00	9.00	8.19	10.88	79283.56	1847	0	BartonZwiebach	
1038	0:13:18	1/1/2019 	791630	963.00	272.00	52.91	10.88	79283.56	49792	0	BartonZwiebach	
1039	0:13:18	1/1/2019 	791849	366.00	9.00	11.87	10.88	79283.56	4055	0	BartonZwiebach	
1040	0:13:19	1/1/2019 	792412	963.00	318.00	60.11	10.88	79283.56	1850	0	BartonZwiebach	
1041	0:13:19	1/1/2019 	792553	186.00	9.00	8.98	10.88	79283.56	49802	0	BartonZwiebach	
1042	0:13:19	1/1/2019 	792589	176.00	8.00	8.72	10.88	79283.56	1850	0	BartonZwiebach	
1043	0:13:19	1/1/2019 	793353	890.00	89.00	27.94	10.88	79283.39	1848	0	BartonZwiebach	
1044	0:13:22	1/1/2019 	795989	352.00	9.00	11.73	10.88	79284.66	145685	0	BartonZwiebach	
1045	0:13:23	1/1/2019 	796702	333.00	9.00	11.51	10.88	79284.98	51799	0	BartonZwiebach	
1046	0:13:24	1/1/2019 	797558	890.00	89.00	27.94	10.88	79285.44	49795	0	BartonZwiebach	
1047	0:13:24	1/1/2019 	798044	221.00	9.00	9.76	10.88	79285.59	1850	0	BartonZwiebach	
1048	0:13:27	1/1/2019 	801072	662.00	10.00	14.88	10.88	79285.91	145676	0	BartonZwiebach	
1049	0:13:27	1/1/2019 	801240	609.00	10.00	14.33	10.88	79285.91	2813	0	BartonZwiebach	
1050	0:13:27	1/1/2019 	801387	131.00	9.00	7.47	10.88	79285.91	3998	0	BartonZwiebach	
1051	0:13:29	1/1/2019 	803121	105.00	9.00	6.73	10.88	79286.54	97735	0	BartonZwiebach	
1052	0:13:30	1/1/2019 	804392	125.00	9.00	7.30	10.88	79286.54	49793	0	BartonZwiebach	
1053	0:13:32	1/1/2019 	806386	190.00	8.00	9.07	10.89	79287.33	97735	0	BartonZwiebach	
1054	0:13:33	1/1/2019 	807256	89.00	9.00	6.32	10.89	79287.02	49791	0	BartonZwiebach	
1055	0:13:34	1/1/2019 	808048	81.00	8.00	6.15	10.89	79287.49	49794	0	BartonZwiebach	
1056	0:13:35	1/1/2019 	808620	961.00	361.00	67.86	10.89	79287.66	51798	0	BartonZwiebach	
1057	0:13:35	1/1/2019 	808684	574.00	9.00	13.69	10.89	79287.66	1851	0	BartonZwiebach	
1058	0:13:35	1/1/2019 	809095	429.00	9.00	12.41	10.89	79287.66	1849	0	BartonZwiebach	
1059	0:13:37	1/1/2019 	810406	569.00	9.00	13.63	10.89	79288.09	49795	0	BartonZwiebach	
1060	0:13:37	1/1/2019 	810974	938.00	132.00	36.20	10.89	79288.09	50757	0	BartonZwiebach	
1061	0:13:38	1/1/2019 	812128	325.00	9.00	11.42	10.89	79288.26	49797	0	BartonZwiebach	
1062	0:13:39	1/1/2019 	812837	458.00	9.00	12.62	10.89	79288.42	51944	0	BartonZwiebach	
1063	0:13:41	1/1/2019 	814837	325.00	9.00	11.42	10.89	79289.20	97740	0	BartonZwiebach	
1064	0:13:41	1/1/2019 	815329	610.00	9.00	14.15	10.89	79289.53	1850	0	BartonZwiebach	
1065	0:13:42	1/1/2019 	815685	809.00	56.00	23.12	10.89	79289.53	49793	0	BartonZwiebach	
1066	0:13:42	1/1/2019 	816355	412.00	9.00	12.28	10.89	79289.53	1851	0	BartonZwiebach	
1067	0:13:44	1/1/2019 	817793	384.00	9.00	12.04	10.89	79289.69	97738	0	BartonZwiebach	
1068	0:13:44	1/1/2019 	818368	154.00	9.00	8.13	10.89	79289.53	3911	0	BartonZwiebach	
1069	0:13:45	1/1/2019 	818645	602.00	9.00	14.05	10.89	79289.53	49793	0	BartonZwiebach	
1070	0:13:47	1/1/2019 	820601	395.00	9.00	12.14	10.89	79289.84	97738	0	BartonZwiebach	
1071	0:13:48	1/1/2019 	821619	610.00	10.00	14.35	10.89	79289.53	50754	0	BartonZwiebach	
1072	0:13:48	1/1/2019 	821865	953.00	155.00	40.06	10.89	79290.13	1851	0	BartonZwiebach	
1073	0:13:48	1/1/2019 	822312	118.00	9.00	7.09	10.89	79290.30	1850	0	BartonZwiebach	
1074	0:13:49	1/1/2019 	822446	337.00	9.00	11.56	10.89	79290.30	3997	0	BartonZwiebach	
1075	0:13:49	1/1/2019 	822631	557.00	10.00	13.61	10.89	79290.30	49793	0	BartonZwiebach	
1076	0:13:49	1/1/2019 	822896	580.00	10.00	13.92	10.89	79290.13	1850	0	BartonZwiebach	
1077	0:13:49	1/1/2019 	823190	78.00	9.00	6.10	10.89	79290.13	1850	0	BartonZwiebach	
1078	0:13:50	1/1/2019 	824234	128.00	9.00	7.39	10.89	79290.30	49790	0	BartonZwiebach	
1079	0:13:52	1/1/2019 	825928	257.00	9.00	10.43	10.89	79290.30	97732	0	BartonZwiebach	
1080	0:13:52	1/1/2019 	826308	901.00	94.00	28.87	10.89	79290.30	3855	0	BartonZwiebach	
1081	0:13:53	1/1/2019 	826429	542.00	10.00	13.43	10.89	79290.30	1851	0	BartonZwiebach	
1082	0:13:53	1/1/2019 	826672	705.00	12.00	15.66	10.89	79290.30	49795	0	BartonZwiebach	
1083	0:13:53	1/1/2019 	826843	968.00	428.00	78.25	10.89	79290.45	1850	0	BartonZwiebach	
1084	0:13:54	1/1/2019 	827679	958.00	211.00	46.46	10.89	79290.61	49804	0	BartonZwiebach	
1085	0:13:55	1/1/2019 	828889	972.00	691.00	124.89	10.89	79290.61	51805	0	BartonZwiebach	
1086	0:13:55	1/1/2019 	829264	172.00	9.00	8.62	10.89	79290.77	1851	0	BartonZwiebach	
1087	0:13:56	1/1/2019 	829769	389.00	9.00	12.09	10.89	79290.94	49795	0	BartonZwiebach	
1088	0:13:57	1/1/2019 	831329	894.00	92.00	28.49	10.89	79290.94	50756	0	BartonZwiebach	
1089	0:13:58	1/1/2019 	832182	865.00	75.00	25.60	10.90	79291.24	49797	0	BartonZwiebach	
1090	0:13:58	1/1/2019 	832226	196.00	9.00	9.22	10.90	79291.24	1852	0	BartonZwiebach	
1091	0:13:59	1/1/2019 	833143	795.00	36.00	21.03	10.90	79291.41	51943	0	BartonZwiebach	
1092	0:13:59	1/1/2019 	833276	443.00	9.00	12.51	10.90	79291.41	1851	0	BartonZwiebach	
1093	0:14:00	1/1/2019 	834061	388.00	9.00	12.08	10.90	79291.24	49793	0	BartonZwiebach	
1094	0:14:01	1/1/2019 	835136	132.00	9.00	7.50	10.90	79291.09	49795	0	BartonZwiebach	
1095	0:14:02	1/1/2019 	835762	841.00	62.00	23.84	10.90	79291.09	49794	0	BartonZwiebach	
1096	0:14:02	1/1/2019 	836195	385.00	9.00	12.05	10.90	79291.39	1851	0	BartonZwiebach	
1097	0:14:03	1/1/2019 	836962	275.00	8.00	10.70	10.90	79291.55	51854	0	BartonZwiebach	
1098	0:14:04	1/1/2019 	837586	62.00	9.00	5.90	10.90	79291.55	49791	0	BartonZwiebach	
1099	0:14:04	1/1/2019 	838313	64.00	9.00	5.92	10.90	79291.23	1850	0	BartonZwiebach	
1100	0:14:05	1/1/2019 	838553	101.00	9.00	6.62	10.90	79291.23	49792	0	BartonZwiebach	
1101	0:14:05	1/1/2019 	838705	973.00	531.00	91.25	10.90	79291.23	1851	0	BartonZwiebach	
1102	0:14:06	1/1/2019 	839708	120.00	9.00	7.15	10.90	79291.23	49806	0	BartonZwiebach	
1103	0:14:06	1/1/2019 	839980	970.00	352.00	66.24	10.90	79291.23	4958	0	BartonZwiebach	
1104	0:14:06	1/1/2019 	840212	750.00	18.00	17.62	10.90	79291.23	1850	0	BartonZwiebach	
1105	0:14:07	1/1/2019 	840578	958.00	184.00	43.80	10.90	79291.23	49795	0	BartonZwiebach	
1106	0:14:10	1/1/2019 	843922	794.00	34.00	20.78	10.90	79291.67	145696	0	BartonZwiebach	
1107	0:14:11	1/1/2019 	845125	123.00	9.00	7.24	10.90	79292.31	49796	0	BartonZwiebach	
1108	0:14:13	1/1/2019 	846748	913.00	113.00	32.54	10.90	79292.62	97736	0	BartonZwiebach	
1109	0:14:14	1/1/2019 	847472	80.00	9.00	6.14	10.90	79292.78	3861	0	BartonZwiebach	
1110	0:14:14	1/1/2019 	847630	383.00	8.00	11.98	10.90	79292.78	49792	0	BartonZwiebach	
1111	0:14:16	1/1/2019 	849496	921.00	121.00	34.11	10.91	79292.94	49792	0	BartonZwiebach	
1112	0:14:17	1/1/2019 	850408	108.00	9.00	6.81	10.91	79292.94	49796	0	BartonZwiebach	
1113	0:14:17	1/1/2019 	850957	738.00	15.00	16.70	10.91	79293.09	50751	0	BartonZwiebach	
1114	0:14:19	1/1/2019 	852992	70.00	9.00	5.98	10.91	79293.41	97733	0	BartonZwiebach	
1115	0:14:20	1/1/2019 	853708	345.00	9.00	11.65	10.91	79293.41	51938	0	BartonZwiebach	
1116	0:14:20	1/1/2019 	854323	641.00	10.00	14.72	10.91	79293.54	1851	0	BartonZwiebach	
1117	0:14:23	1/1/2019 	856589	424.00	9.00	12.37	10.91	79293.38	145674	0	BartonZwiebach	
1118	0:14:24	1/1/2019 	857455	422.00	9.00	12.36	10.91	79293.54	1851	0	BartonZwiebach	
1119	0:14:25	1/1/2019 	858993	432.00	9.00	12.43	10.91	79293.86	97734	0	BartonZwiebach	
1120	0:14:25	1/1/2019 	859185	952.00	142.00	37.97	10.91	79293.86	3856	0	BartonZwiebach	
1121	0:14:26	1/1/2019 	859627	668.00	10.00	14.91	10.91	79294.02	49794	0	BartonZwiebach	
1122	0:14:26	1/1/2019 	860064	910.00	101.00	30.20	10.91	79294.02	2812	0	BartonZwiebach	
1123	0:14:27	1/1/2019 	860884	824.00	60.00	23.58	10.91	79294.19	49795	0	BartonZwiebach	
1124	0:14:28	1/1/2019 	861857	176.00	9.00	8.73	10.91	79294.66	49793	0	BartonZwiebach	
1125	0:14:29	1/1/2019 	863075	72.00	9.00	6.01	10.91	79294.66	49791	0	BartonZwiebach	
1126	0:14:29	1/1/2019 	863328	70.00	9.00	5.98	10.91	79294.66	3997	0	BartonZwiebach	
1127	0:14:30	1/1/2019 	863753	152.00	8.00	8.07	10.91	79294.66	49789	0	BartonZwiebach	
1128	0:14:32	1/1/2019 	866105	76.00	9.00	6.07	10.91	79294.97	97729	0	BartonZwiebach	
1129	0:14:32	1/1/2019 	866187	264.00	9.00	10.55	10.91	79294.97	1849	0	BartonZwiebach	
1130	0:14:33	1/1/2019 	866410	916.00	122.00	34.30	10.91	79294.81	1850	0	BartonZwiebach	
1131	0:14:33	1/1/2019 	867299	694.00	11.00	15.30	10.91	79294.49	49798	0	BartonZwiebach	
1132	0:14:34	1/1/2019 	867843	75.00	9.00	6.05	10.91	79294.81	51740	0	BartonZwiebach	
1133	0:14:34	1/1/2019 	868190	550.00	9.00	13.40	10.91	79294.81	1850	0	BartonZwiebach	
1134	0:14:35	1/1/2019 	869048	707.00	12.00	15.66	10.91	79294.81	49793	0	BartonZwiebach	
1135	0:14:38	1/1/2019 	871417	149.00	9.00	7.99	10.91	79295.12	97740	0	BartonZwiebach	
1136	0:14:42	1/1/2019 	875650	357.00	9.00	11.78	10.92	79295.41	242324	0	BartonZwiebach	
1137	0:14:42	1/1/2019 	876055	287.00	8.00	10.88	10.92	79295.56	1852	0	BartonZwiebach	
1138	0:14:47	1/1/2019 	880766	96.00	9.00	6.49	10.92	79296.14	244922	0	BartonZwiebach	
1139	0:14:48	1/1/2019 	881918	88.00	9.00	6.30	10.92	79296.14	50554	0	BartonZwiebach	
1140	0:14:49	1/1/2019 	882779	963.00	341.00	64.24	10.92	79296.14	49792	0	BartonZwiebach	
1141	0:14:50	1/1/2019 	883809	829.00	60.00	23.59	10.92	79295.98	49803	0	BartonZwiebach	
1142	0:14:50	1/1/2019 	884211	537.00	9.00	13.26	10.92	79295.98	1851	0	BartonZwiebach	
1143	0:14:50	1/1/2019 	884385	930.00	132.00	36.20	10.92	79295.98	1848	0	BartonZwiebach	
1144	0:14:51	1/1/2019 	884818	966.00	537.00	92.19	10.92	79295.82	51944	0	BartonZwiebach	
1145	0:14:51	1/1/2019 	885308	534.00	9.00	13.23	10.92	79295.98	1852	0	BartonZwiebach	
1146	0:14:51	1/1/2019 	885390	977.00	630.00	111.89	10.92	79295.98	1850	0	BartonZwiebach	
1147	0:14:53	1/1/2019 	886902	524.00	9.00	13.13	10.92	79296.45	97764	0	BartonZwiebach	
1148	0:14:54	1/1/2019 	887721	449.00	9.00	12.55	10.92	79296.61	49794	0	BartonZwiebach	
1149	0:14:54	1/1/2019 	888210	118.00	9.00	7.09	10.92	79296.61	1850	0	BartonZwiebach	
1150	0:14:57	1/1/2019 	891249	78.00	9.00	6.10	10.92	79297.09	147682	0	BartonZwiebach	
1151	0:14:58	1/1/2019 	891671	301.00	9.00	11.11	10.92	79297.25	50556	0	BartonZwiebach	
1152	0:14:58	1/1/2019 	891813	714.00	12.00	15.66	10.92	79297.25	1850	0	BartonZwiebach	
1153	0:15:01	1/1/2019 	894673	127.00	9.00	7.36	10.93	79297.56	145679	0	BartonZwiebach	
1154	0:15:02	1/1/2019 	896338	176.00	8.00	8.72	10.93	79297.56	49793	0	BartonZwiebach	
1155	0:15:03	1/1/2019 	897118	156.00	9.00	8.19	10.93	79297.72	51938	0	BartonZwiebach	
1156	0:15:05	1/1/2019 	899122	65.00	9.00	5.92	10.93	79297.72	97736	0	BartonZwiebach	
1157	0:15:05	1/1/2019 	899246	915.00	113.00	32.55	10.93	79297.72	1851	0	BartonZwiebach	
1158	0:15:06	1/1/2019 	899629	807.00	54.00	22.91	10.93	79297.88	49801	0	BartonZwiebach	
1159	0:15:06	1/1/2019 	900198	208.00	9.00	9.49	10.93	79298.20	2618	0	BartonZwiebach	
1160	0:15:06	1/1/2019 	900216	108.00	9.00	6.81	10.93	79298.20	1849	0	BartonZwiebach	
1161	0:15:06	1/1/2019 	900472	955.00	154.00	39.91	10.93	79298.20	4053	0	BartonZwiebach	
1162	0:15:07	1/1/2019 	900677	66.00	8.00	5.93	10.93	79298.33	49797	0	BartonZwiebach	
1163	0:15:07	1/1/2019 	900832	545.00	10.00	13.47	10.93	79298.33	1848	0	BartonZwiebach	
1164	0:15:08	1/1/2019 	901948	221.00	9.00	9.76	10.93	79298.48	49794	0	BartonZwiebach	
1165	0:15:09	1/1/2019 	902734	84.00	8.00	6.21	10.93	79298.48	49792	0	BartonZwiebach	
1166	0:15:09	1/1/2019 	902802	167.00	9.00	8.49	10.93	79298.48	1848	0	BartonZwiebach	
1167	0:15:09	1/1/2019 	902830	747.00	15.00	16.70	10.93	79298.48	3855	0	BartonZwiebach	
1168	0:15:11	1/1/2019 	905563	685.00	10.00	14.94	10.93	79298.16	145683	0	BartonZwiebach	
1169	0:15:11	1/1/2019 	905573	545.00	9.00	13.35	10.93	79298.16	1851	0	BartonZwiebach	
1170	0:15:12	1/1/2019 	906043	963.00	355.00	66.78	10.93	79298.33	1850	0	BartonZwiebach	
1171	0:15:12	1/1/2019 	906196	337.00	9.00	11.56	10.93	79298.33	1852	0	BartonZwiebach	
1172	0:15:12	1/1/2019 	906417	651.00	10.00	14.81	10.93	79298.33	1850	0	BartonZwiebach	
1173	0:15:13	1/1/2019 	906894	609.00	10.00	14.33	10.93	79298.16	51799	0	BartonZwiebach	
1174	0:15:14	1/1/2019 	907954	90.00	9.00	6.35	10.93	79298.63	49794	0	BartonZwiebach	
1175	0:15:15	1/1/2019 	908636	394.00	9.00	12.13	10.93	79298.47	49792	0	BartonZwiebach	
1176	0:15:17	1/1/2019 	911389	242.00	9.00	10.17	10.93	79298.47	97740	0	BartonZwiebach	
1177	0:15:18	1/1/2019 	912027	116.00	9.00	7.04	10.93	79298.79	50556	0	BartonZwiebach	
1178	0:15:18	1/1/2019 	912551	946.00	140.00	37.63	10.93	79298.63	49792	0	BartonZwiebach	
1179	0:15:19	1/1/2019 	912674	914.00	117.00	33.33	10.93	79298.63	3999	0	BartonZwiebach	
1180	0:15:19	1/1/2019 	912928	89.00	9.00	6.32	10.93	79298.94	1851	0	BartonZwiebach	
1181	0:15:19	1/1/2019 	913179	147.00	9.00	7.94	10.93	79298.94	1848	0	BartonZwiebach	
1182	0:15:20	1/1/2019 	913969	514.00	9.00	13.04	10.93	79298.63	49790	0	BartonZwiebach	
1183	0:15:20	1/1/2019 	914594	657.00	10.00	14.85	10.93	79298.63	49795	0	BartonZwiebach	
1184	0:15:21	1/1/2019 	914721	126.00	9.00	7.33	10.93	79298.63	1850	0	BartonZwiebach	
1185	0:15:21	1/1/2019 	915250	656.00	10.00	14.85	10.93	79298.63	3855	0	BartonZwiebach	
1186	0:15:21	1/1/2019 	915347	386.00	9.00	12.06	10.93	79298.63	1849	0	BartonZwiebach	
1187	0:15:22	1/1/2019 	915978	59.00	9.00	5.89	10.93	79299.10	49793	0	BartonZwiebach	
1188	0:15:23	1/1/2019 	917060	936.00	134.00	36.56	10.93	79299.27	49793	0	BartonZwiebach	
1189	0:15:23	1/1/2019 	917584	183.00	9.00	8.90	10.93	79299.42	49797	0	BartonZwiebach	
1190	0:15:24	1/1/2019 	918232	468.00	9.00	12.69	10.93	79299.42	1848	0	BartonZwiebach	
1191	0:15:26	1/1/2019 	920248	391.00	9.00	12.11	10.93	79299.58	99744	0	BartonZwiebach	
1192	0:15:27	1/1/2019 	921141	178.00	9.00	8.78	10.93	79299.74	50557	0	BartonZwiebach	
1193	0:15:28	1/1/2019 	922492	610.00	9.00	14.15	10.93	79300.22	49792	0	BartonZwiebach	
1194	0:15:29	1/1/2019 	922686	138.00	9.00	7.68	10.93	79300.22	49794	0	BartonZwiebach	
1195	0:15:29	1/1/2019 	922876	333.00	9.00	11.51	10.93	79300.38	1849	0	BartonZwiebach	
1196	0:15:30	1/1/2019 	923696	75.00	9.00	6.05	10.93	79300.38	51941	0	BartonZwiebach	
1197	0:15:30	1/1/2019 	924478	473.00	9.00	12.72	10.93	79300.38	1850	0	BartonZwiebach	
1198	0:15:31	1/1/2019 	924984	969.00	443.00	80.13	10.93	79300.55	49794	0	BartonZwiebach	
1199	0:15:32	1/1/2019 	925773	131.00	9.00	7.47	10.93	79300.55	49805	0	BartonZwiebach	
1200	0:15:32	1/1/2019 	925814	696.00	11.00	15.30	10.93	79300.83	1850	0	BartonZwiebach	
1201	0:15:33	1/1/2019 	926845	130.00	9.00	7.44	10.93	79300.67	49795	0	BartonZwiebach	
1202	0:15:33	1/1/2019 	927187	967.00	293.00	55.95	10.93	79300.67	3854	0	BartonZwiebach	
1203	0:15:35	1/1/2019 	929384	644.00	10.00	14.75	10.93	79300.67	97752	0	BartonZwiebach	
1204	0:15:39	1/1/2019 	932845	215.00	9.00	9.64	10.94	79301.94	193631	0	BartonZwiebach	
1205	0:15:40	1/1/2019 	934431	69.00	8.00	5.97	10.94	79302.09	50557	0	BartonZwiebach	
1206	0:15:40	1/1/2019 	934436	637.00	10.00	14.68	10.94	79302.09	1848	0	BartonZwiebach	
1207	0:15:41	1/1/2019 	935045	703.00	11.00	15.30	10.94	79302.09	49796	0	BartonZwiebach	
1208	0:15:43	1/1/2019 	937387	596.00	9.00	13.97	10.94	79301.94	99891	0	BartonZwiebach	
1209	0:15:44	1/1/2019 	938466	225.00	9.00	9.84	10.94	79301.94	49795	0	BartonZwiebach	
1210	0:15:50	1/1/2019 	944009	220.00	9.00	9.74	10.94	79302.73	289511	0	BartonZwiebach	
1211	0:15:50	1/1/2019 	944061	134.00	9.00	7.56	10.94	79302.73	2614	0	BartonZwiebach	
1212	0:15:50	1/1/2019 	944156	741.00	16.00	17.02	10.94	79302.73	1850	0	BartonZwiebach	
1213	0:15:50	1/1/2019 	944569	833.00	60.00	23.60	10.94	79302.73	49793	0	BartonZwiebach	
1214	0:15:51	1/1/2019 	944884	76.00	8.00	6.07	10.94	79302.73	3999	0	BartonZwiebach	
1215	0:15:51	1/1/2019 	945157	204.00	9.00	9.40	10.94	79302.57	1848	0	BartonZwiebach	
1216	0:15:51	1/1/2019 	945240	64.00	8.00	5.92	10.94	79302.57	1850	0	BartonZwiebach	
1217	0:15:52	1/1/2019 	946017	202.00	9.00	9.36	10.94	79302.73	49789	0	BartonZwiebach	
1218	0:15:52	1/1/2019 	946279	337.00	9.00	11.56	10.94	79302.89	1849	0	BartonZwiebach	
1219	0:15:53	1/1/2019 	947189	548.00	10.00	13.50	10.94	79303.05	49794	0	BartonZwiebach	
1220	0:15:54	1/1/2019 	948091	429.00	9.00	12.41	10.94	79303.38	51858	0	BartonZwiebach	
1221	0:15:54	1/1/2019 	948263	139.00	9.00	7.71	10.94	79303.38	1858	0	BartonZwiebach	
1222	0:15:55	1/1/2019 	949580	415.00	9.00	12.30	10.94	79304.14	97740	0	BartonZwiebach	
1223	0:15:57	1/1/2019 	951574	133.00	9.00	7.53	10.94	79304.77	98503	0	BartonZwiebach	
1224	0:15:59	1/1/2019 	952648	967.00	377.00	70.63	10.94	79304.62	49794	0	BartonZwiebach	
1225	0:15:59	1/1/2019 	953306	295.00	8.00	10.99	10.94	79304.77	1851	0	BartonZwiebach	
1226	0:15:59	1/1/2019 	953491	83.00	8.00	6.19	10.94	79304.77	3995	0	BartonZwiebach	
1227	0:16:00	1/1/2019 	953728	924.00	127.00	35.26	10.94	79304.77	49792	0	BartonZwiebach	
1228	0:16:00	1/1/2019 	953840	350.00	9.00	11.71	10.94	79304.77	1852	0	BartonZwiebach	
1229	0:16:00	1/1/2019 	954083	128.00	9.00	7.39	10.94	79304.77	1849	0	BartonZwiebach	
1230	0:16:00	1/1/2019 	954375	126.00	9.00	7.33	10.94	79304.77	1849	0	BartonZwiebach	
1231	0:16:01	1/1/2019 	955074	871.00	77.00	25.91	10.94	79305.25	49794	0	BartonZwiebach	
1232	0:16:01	1/1/2019 	955378	816.00	55.00	23.03	10.94	79305.25	3856	0	BartonZwiebach	
1233	0:16:02	1/1/2019 	956391	521.00	9.00	13.11	10.94	79305.25	49796	0	BartonZwiebach	
1234	0:16:03	1/1/2019 	956667	601.00	9.00	14.04	10.94	79305.25	49796	0	BartonZwiebach	
1235	0:16:03	1/1/2019 	957359	113.00	9.00	6.95	10.94	79305.41	1850	0	BartonZwiebach	
1236	0:16:06	1/1/2019 	960417	405.00	10.00	12.29	10.95	79305.88	145682	0	BartonZwiebach	
1237	0:16:07	1/1/2019 	960859	227.00	9.00	9.88	10.95	79306.03	52716	0	BartonZwiebach	
1238	0:16:07	1/1/2019 	961159	164.00	9.00	8.41	10.95	79306.03	1850	0	BartonZwiebach	
1239	0:16:07	1/1/2019 	961259	123.00	8.00	7.24	10.95	79306.03	1849	0	BartonZwiebach	
1240	0:16:08	1/1/2019 	961853	950.00	151.00	39.45	10.95	79305.88	49793	0	BartonZwiebach	
1241	0:16:09	1/1/2019 	962832	540.00	9.00	13.29	10.95	79306.32	49804	0	BartonZwiebach	
1242	0:16:09	1/1/2019 	962848	121.00	9.00	7.18	10.95	79306.32	1851	0	BartonZwiebach	
1243	0:16:10	1/1/2019 	964011	146.00	9.00	7.91	10.95	79306.16	51796	0	BartonZwiebach	
1244	0:16:13	1/1/2019 	966916	304.00	9.00	11.15	10.95	79306.79	145679	0	BartonZwiebach	
1245	0:16:14	1/1/2019 	968287	114.00	9.00	6.98	10.95	79306.95	49795	0	BartonZwiebach	
1246	0:16:14	1/1/2019 	968465	770.00	24.00	19.11	10.95	79306.95	1850	0	BartonZwiebach	
1247	0:16:15	1/1/2019 	968672	963.00	277.00	53.59	10.95	79306.95	49794	0	BartonZwiebach	
1248	0:16:15	1/1/2019 	968908	96.00	9.00	6.49	10.95	79307.11	1851	0	BartonZwiebach	
1249	0:16:15	1/1/2019 	969250	258.00	9.00	10.45	10.95	79307.11	3908	0	BartonZwiebach	
1250	0:16:16	1/1/2019 	970586	889.00	93.00	28.65	10.95	79307.11	97740	0	BartonZwiebach	
1251	0:16:16	1/1/2019 	970623	172.00	9.00	8.62	10.95	79307.11	2613	0	BartonZwiebach	
1252	0:16:17	1/1/2019 	970711	727.00	14.00	16.36	10.95	79307.11	1848	0	BartonZwiebach	
1253	0:16:17	1/1/2019 	971225	814.00	53.00	22.82	10.95	79307.27	1851	0	BartonZwiebach	
1254	0:16:18	1/1/2019 	971879	975.00	826.00	148.17	10.95	79306.95	49796	0	BartonZwiebach	
1255	0:16:18	1/1/2019 	972246	314.00	9.00	11.28	10.95	79306.95	4000	0	BartonZwiebach	
1256	0:16:19	1/1/2019 	972843	954.00	175.00	42.76	10.95	79307.39	49794	0	BartonZwiebach	
1257	0:16:19	1/1/2019 	973566	927.00	123.00	34.50	10.95	79307.23	49801	0	BartonZwiebach	
1258	0:16:20	1/1/2019 	973937	964.00	354.00	66.60	10.95	79307.39	1851	0	BartonZwiebach	
1259	0:16:20	1/1/2019 	974108	174.00	9.00	8.68	10.95	79307.39	1851	0	BartonZwiebach	
1260	0:16:23	1/1/2019 	976930	126.00	9.00	7.33	10.95	79306.91	145679	0	BartonZwiebach	
1261	0:16:23	1/1/2019 	977255	871.00	80.00	26.38	10.95	79306.91	3856	0	BartonZwiebach	
1262	0:16:24	1/1/2019 	977639	67.00	9.00	5.94	10.95	79306.91	49794	0	BartonZwiebach	
1263	0:16:24	1/1/2019 	977908	64.00	8.00	5.92	10.95	79306.91	1849	0	BartonZwiebach	
1264	0:16:24	1/1/2019 	978577	127.00	9.00	7.36	10.95	79306.91	49789	0	BartonZwiebach	
1265	0:16:25	1/1/2019 	979129	455.00	9.00	12.59	10.95	79306.75	1849	0	BartonZwiebach	
1266	0:16:26	1/1/2019 	979739	398.00	9.00	12.17	10.95	79306.75	49794	0	BartonZwiebach	
1267	0:16:26	1/1/2019 	980353	320.00	9.00	11.36	10.96	79306.74	4794	0	BartonZwiebach	
1268	0:16:29	1/1/2019 	983164	83.00	8.00	6.19	10.96	79306.42	145681	0	BartonZwiebach	
1269	0:16:29	1/1/2019 	983316	176.00	9.00	8.73	10.96	79306.27	1848	0	BartonZwiebach	
1270	0:16:30	1/1/2019 	984400	801.00	36.00	21.04	10.96	79306.27	49794	0	BartonZwiebach	
1271	0:16:31	1/1/2019 	985072	956.00	185.00	43.91	10.96	79306.10	49796	0	BartonZwiebach	
1272	0:16:31	1/1/2019 	985480	798.00	30.00	20.22	10.96	79306.27	3856	0	BartonZwiebach	
1273	0:16:33	1/1/2019 	987281	391.00	9.00	12.11	10.96	79306.27	97741	0	BartonZwiebach	
1274	0:16:33	1/1/2019 	987444	171.00	9.00	8.60	10.96	79306.27	1851	0	BartonZwiebach	
1275	0:16:35	1/1/2019 	989135	768.00	22.00	18.67	10.96	79306.73	97735	0	BartonZwiebach	
1276	0:16:35	1/1/2019 	989390	138.00	9.00	7.68	10.96	79306.73	1851	0	BartonZwiebach	
1277	0:16:35	1/1/2019 	989438	268.00	9.00	10.62	10.96	79306.73	1849	0	BartonZwiebach	
1278	0:16:37	1/1/2019 	990658	699.00	11.00	15.30	10.96	79307.05	99798	0	BartonZwiebach	
1279	0:16:37	1/1/2019 	991082	717.00	13.00	16.01	10.96	79307.05	2614	0	BartonZwiebach	
1280	0:16:37	1/1/2019 	991443	667.00	10.00	14.91	10.96	79307.34	1850	0	BartonZwiebach	
1281	0:16:38	1/1/2019 	991635	605.00	10.00	14.28	10.96	79307.34	49793	0	BartonZwiebach	
1282	0:16:38	1/1/2019 	992354	728.00	14.00	16.36	10.96	79307.50	1852	0	BartonZwiebach	
1283	0:16:41	1/1/2019 	994898	122.00	9.00	7.21	10.96	79307.50	145683	0	BartonZwiebach	
1284	0:16:43	1/1/2019 	997122	963.00	332.00	62.61	10.96	79308.14	99887	0	BartonZwiebach	
1285	0:16:45	1/1/2019 	998845	154.00	8.00	8.13	10.96	79308.14	97754	0	BartonZwiebach	
1286	0:16:45	1/1/2019 	999367	605.00	9.00	14.09	10.96	79308.14	1848	0	BartonZwiebach	
1287	0:16:46	1/1/2019 	999778	562.00	9.00	13.54	10.96	79308.61	49795	0	BartonZwiebach	
1288	0:16:47	1/1/2019 	1001268	577.00	10.00	13.88	10.96	79308.61	50558	0	BartonZwiebach	
1289	0:16:48	1/1/2019 	1002074	631.00	10.00	14.62	10.96	79308.61	49797	0	BartonZwiebach	
1290	0:16:48	1/1/2019 	1002157	971.00	654.00	117.22	10.96	79308.61	4000	0	BartonZwiebach	
1291	0:16:48	1/1/2019 	1002159	62.00	9.00	5.90	10.96	79308.61	1850	0	BartonZwiebach	
1292	0:16:50	1/1/2019 	1004289	68.00	8.00	5.95	10.96	79308.61	97735	0	BartonZwiebach	
1293	0:16:50	1/1/2019 	1004484	458.00	9.00	12.62	10.96	79308.61	1849	0	BartonZwiebach	
1294	0:16:50	1/1/2019 	1004609	198.00	9.00	9.26	10.96	79308.45	49793	0	BartonZwiebach	
1295	0:16:51	1/1/2019 	1005484	908.00	109.00	31.75	10.97	79308.91	1850	0	BartonZwiebach	
1296	0:16:53	1/1/2019 	1006654	797.00	33.00	20.65	10.97	79309.08	99754	0	BartonZwiebach	
1297	0:16:53	1/1/2019 	1007231	423.00	9.00	12.37	10.97	79309.08	1850	0	BartonZwiebach	
1298	0:16:54	1/1/2019 	1007647	88.00	9.00	6.30	10.97	79309.08	49794	0	BartonZwiebach	
1299	0:16:54	1/1/2019 	1008234	533.00	10.00	13.33	10.97	79309.08	1851	0	BartonZwiebach	
1300	0:16:54	1/1/2019 	1008331	767.00	23.00	18.89	10.97	79309.08	1850	0	BartonZwiebach	
1301	0:16:54	1/1/2019 	1008493	408.00	9.00	12.25	10.97	79308.91	3855	0	BartonZwiebach	
1302	0:16:55	1/1/2019 	1008725	789.00	29.00	20.05	10.97	79308.91	49796	0	BartonZwiebach	
1303	0:16:55	1/1/2019 	1009007	63.00	9.00	5.91	10.97	79308.91	1851	0	BartonZwiebach	
1304	0:16:55	1/1/2019 	1009343	253.00	9.00	10.37	10.97	79308.91	1850	0	BartonZwiebach	
1305	0:16:56	1/1/2019 	1010413	969.00	422.00	77.47	10.97	79308.76	49797	0	BartonZwiebach	
1306	0:16:58	1/1/2019 	1011771	962.00	313.00	59.24	10.97	79308.59	98521	0	BartonZwiebach	
1307	0:16:58	1/1/2019 	1011994	267.00	9.00	10.60	10.97	79309.05	3999	0	BartonZwiebach	
1308	0:16:58	1/1/2019 	1012245	657.00	10.00	14.85	10.97	79309.05	1851	0	BartonZwiebach	
1309	0:16:58	1/1/2019 	1012572	414.00	9.00	12.30	10.97	79309.05	49797	0	BartonZwiebach	
1310	0:16:59	1/1/2019 	1013061	84.00	8.00	6.21	10.97	79309.05	1851	0	BartonZwiebach	
1311	0:16:59	1/1/2019 	1013446	840.00	64.00	24.08	10.97	79309.05	1849	0	BartonZwiebach	
1312	0:17:00	1/1/2019 	1013984	194.00	9.00	9.17	10.97	79309.20	49793	0	BartonZwiebach	
1313	0:17:00	1/1/2019 	1014342	160.00	9.00	8.30	10.97	79309.20	3855	0	BartonZwiebach	
1314	0:17:01	1/1/2019 	1015063	549.00	9.00	13.39	10.97	79309.36	49791	0	BartonZwiebach	
1315	0:17:01	1/1/2019 	1015360	757.00	20.00	18.17	10.97	79309.36	1851	0	BartonZwiebach	
1316	0:17:05	1/1/2019 	1019284	456.00	9.00	12.60	10.97	79309.83	193627	0	BartonZwiebach	
1317	0:17:07	1/1/2019 	1021399	693.00	11.00	15.30	10.97	79310.00	97740	0	BartonZwiebach	
1318	0:17:08	1/1/2019 	1021753	431.00	9.00	12.42	10.97	79310.00	50556	0	BartonZwiebach	
1319	0:17:09	1/1/2019 	1023147	83.00	8.00	6.19	10.97	79310.16	51942	0	BartonZwiebach	
1320	0:17:09	1/1/2019 	1023187	260.00	9.00	10.48	10.97	79310.16	1849	0	BartonZwiebach	
1321	0:17:09	1/1/2019 	1023592	912.00	106.00	31.17	10.97	79310.16	49795	0	BartonZwiebach	
1322	0:17:10	1/1/2019 	1024238	901.00	99.00	29.80	10.97	79310.16	1851	0	BartonZwiebach	
1323	0:17:10	1/1/2019 	1024375	136.00	9.00	7.62	10.97	79310.31	1851	0	BartonZwiebach	
1324	0:17:11	1/1/2019 	1025016	363.00	9.00	11.84	10.97	79310.16	51795	0	BartonZwiebach	
1325	0:17:11	1/1/2019 	1025555	967.00	340.00	64.06	10.97	79310.16	49793	0	BartonZwiebach	
1326	0:17:13	1/1/2019 	1027214	116.00	9.00	7.04	10.97	79310.30	49800	0	BartonZwiebach	
1327	0:17:14	1/1/2019 	1028014	123.00	8.00	7.24	10.97	79310.30	49792	0	BartonZwiebach	
1328	0:17:14	1/1/2019 	1028396	835.00	65.00	24.19	10.97	79309.83	1848	0	BartonZwiebach	
1329	0:17:16	1/1/2019 	1029894	405.00	9.00	12.22	10.97	79310.14	97742	0	BartonZwiebach	
1330	0:17:16	1/1/2019 	1029947	69.00	9.00	5.97	10.97	79310.14	4959	0	BartonZwiebach	
1331	0:17:17	1/1/2019 	1031169	333.00	9.00	11.51	10.97	79310.30	49791	0	BartonZwiebach	
1332	0:17:18	1/1/2019 	1032354	652.00	10.00	14.82	10.97	79310.30	49794	0	BartonZwiebach	
1333	0:17:19	1/1/2019 	1033404	106.00	8.00	6.75	10.97	79310.14	49794	0	BartonZwiebach	
1334	0:17:21	1/1/2019 	1034991	94.00	9.00	6.44	10.97	79310.46	97731	0	BartonZwiebach	
1335	0:17:22	1/1/2019 	1036152	162.00	9.00	8.36	10.98	79310.59	49792	0	BartonZwiebach	
1336	0:17:23	1/1/2019 	1036796	400.00	9.00	12.18	10.97	79310.46	51797	0	BartonZwiebach	
1337	0:17:24	1/1/2019 	1038163	948.00	146.00	38.64	10.98	79310.91	49795	0	BartonZwiebach	
1338	0:17:24	1/1/2019 	1038282	72.00	11.00	6.01	10.98	79310.91	1852	0	BartonZwiebach	
1339	0:17:24	1/1/2019 	1038440	372.00	9.00	11.93	10.98	79310.91	1849	0	BartonZwiebach	
1340	0:17:25	1/1/2019 	1039068	142.00	9.00	7.79	10.98	79311.07	49795	0	BartonZwiebach	
1341	0:17:25	1/1/2019 	1039332	963.00	192.00	44.64	10.98	79311.07	1851	0	BartonZwiebach	
1342	0:17:26	1/1/2019 	1040108	920.00	126.00	35.07	10.98	79311.23	51803	0	BartonZwiebach	
1343	0:17:27	1/1/2019 	1040945	136.00	9.00	7.62	10.98	79311.23	50758	0	BartonZwiebach	
1344	0:17:28	1/1/2019 	1041988	78.00	9.00	6.10	10.98	79311.23	49793	0	BartonZwiebach	
1345	0:17:28	1/1/2019 	1042063	410.00	9.00	12.26	10.98	79311.23	1849	0	BartonZwiebach	
1346	0:17:28	1/1/2019 	1042280	713.00	12.00	15.66	10.98	79311.07	1850	0	BartonZwiebach	
1347	0:17:29	1/1/2019 	1043057	115.00	9.00	7.01	10.98	79311.23	49792	0	BartonZwiebach	
1348	0:17:30	1/1/2019 	1043743	122.00	8.00	7.21	10.98	79311.86	51940	0	BartonZwiebach	
1349	0:17:30	1/1/2019 	1043793	969.00	382.00	71.48	10.98	79311.86	1849	0	BartonZwiebach	
1350	0:17:30	1/1/2019 	1044060	455.00	9.00	12.59	10.98	79311.86	1849	0	BartonZwiebach	
1351	0:17:30	1/1/2019 	1044590	101.00	9.00	6.62	10.98	79311.86	49793	0	BartonZwiebach	
1352	0:17:31	1/1/2019 	1045375	946.00	143.00	38.14	10.98	79311.86	1849	0	BartonZwiebach	
1353	0:17:32	1/1/2019 	1046167	975.00	856.00	153.94	10.98	79311.70	51804	0	BartonZwiebach	
1354	0:17:32	1/1/2019 	1046223	618.00	10.00	14.46	10.98	79311.70	1852	0	BartonZwiebach	
1355	0:17:33	1/1/2019 	1047139	104.00	9.00	6.70	10.98	79311.86	49794	0	BartonZwiebach	
1356	0:17:33	1/1/2019 	1047370	96.00	8.00	6.49	10.98	79311.86	1851	0	BartonZwiebach	
1357	0:17:33	1/1/2019 	1047386	74.00	9.00	6.03	10.98	79311.86	1848	0	BartonZwiebach	
1358	0:17:37	1/1/2019 	1051292	962.00	354.00	66.60	10.98	79311.83	193616	0	BartonZwiebach	
1359	0:17:37	1/1/2019 	1051424	405.00	10.00	12.29	10.98	79311.83	4960	0	BartonZwiebach	
1360	0:17:38	1/1/2019 	1051748	606.00	10.00	14.29	10.98	79311.83	49793	0	BartonZwiebach	
1361	0:17:38	1/1/2019 	1052563	144.00	9.00	7.85	10.98	79311.83	49795	0	BartonZwiebach	
1362	0:17:39	1/1/2019 	1053485	154.00	9.00	8.13	10.98	79311.66	1849	0	BartonZwiebach	
1363	0:17:42	1/1/2019 	1055803	519.00	9.00	13.09	10.98	79312.13	145678	0	BartonZwiebach	
1364	0:17:42	1/1/2019 	1056154	957.00	178.00	43.12	10.98	79312.13	1852	0	BartonZwiebach	
1365	0:17:42	1/1/2019 	1056598	107.00	8.00	6.78	10.98	79312.13	51802	0	BartonZwiebach	
1366	0:17:44	1/1/2019 	1058092	108.00	9.00	6.81	10.98	79312.29	49790	0	BartonZwiebach	
1367	0:17:45	1/1/2019 	1059496	664.00	10.00	14.89	10.98	79312.45	49793	0	BartonZwiebach	
1368	0:17:46	1/1/2019 	1060024	67.00	8.00	5.94	10.98	79312.45	49797	0	BartonZwiebach	
1369	0:17:47	1/1/2019 	1060823	352.00	9.00	11.73	10.98	79312.45	50752	0	BartonZwiebach	
1370	0:17:47	1/1/2019 	1061277	484.00	9.00	12.80	10.98	79312.61	1850	0	BartonZwiebach	
1371	0:17:47	1/1/2019 	1061362	913.00	108.00	31.57	10.98	79312.61	3998	0	BartonZwiebach	
1372	0:17:48	1/1/2019 	1061941	435.00	9.00	12.45	10.98	79312.61	49795	0	BartonZwiebach	
1373	0:17:48	1/1/2019 	1062197	506.00	9.00	12.98	10.98	79312.77	1852	0	BartonZwiebach	
1374	0:17:48	1/1/2019 	1062243	129.00	9.00	7.41	10.98	79312.77	1849	0	BartonZwiebach	
1375	0:17:51	1/1/2019 	1065409	105.00	8.00	6.73	10.99	79312.77	145675	0	BartonZwiebach	
1376	0:17:52	1/1/2019 	1065977	874.00	79.00	26.23	10.99	79312.60	51795	0	BartonZwiebach	
1377	0:17:52	1/1/2019 	1066085	442.00	9.00	12.50	10.99	79312.60	1851	0	BartonZwiebach	
1378	0:17:52	1/1/2019 	1066612	609.00	9.00	14.14	10.99	79312.92	49791	0	BartonZwiebach	
1379	0:17:54	1/1/2019 	1067704	189.00	9.00	9.05	10.99	79313.08	49791	0	BartonZwiebach	
1380	0:17:54	1/1/2019 	1068322	422.00	9.00	12.36	10.99	79313.24	1851	0	BartonZwiebach	
1381	0:17:55	1/1/2019 	1069102	208.00	8.00	9.48	10.99	79313.56	49793	0	BartonZwiebach	
1382	0:17:55	1/1/2019 	1069486	62.00	9.00	5.90	10.99	79313.56	3854	0	BartonZwiebach	
1383	0:17:56	1/1/2019 	1069725	135.00	9.00	7.59	10.99	79313.56	49793	0	BartonZwiebach	
1384	0:17:56	1/1/2019 	1070073	813.00	50.00	22.52	10.99	79313.41	2812	0	BartonZwiebach	
1385	0:17:56	1/1/2019 	1070413	170.00	9.00	8.57	10.99	79313.56	1851	0	BartonZwiebach	
1386	0:17:57	1/1/2019 	1071469	690.00	11.00	15.30	10.99	79313.56	49793	0	BartonZwiebach	
1387	0:17:58	1/1/2019 	1071654	321.00	9.00	11.37	10.99	79313.56	49794	0	BartonZwiebach	
1388	0:17:58	1/1/2019 	1071939	607.00	9.00	14.11	10.99	79313.84	3999	0	BartonZwiebach	
1389	0:17:58	1/1/2019 	1072324	576.00	9.00	13.72	10.99	79313.84	1851	0	BartonZwiebach	
1390	0:17:59	1/1/2019 	1072728	438.00	9.00	12.47	10.99	79313.84	49793	0	BartonZwiebach	
1391	0:18:01	1/1/2019 	1074662	763.00	21.00	18.42	10.99	79314.33	97739	0	BartonZwiebach	
1392	0:18:02	1/1/2019 	1075648	528.00	9.00	13.17	10.99	79314.33	49796	0	BartonZwiebach	
1393	0:18:02	1/1/2019 	1075819	544.00	9.00	13.34	10.99	79314.33	1852	0	BartonZwiebach	
1394	0:18:04	1/1/2019 	1078249	149.00	9.00	7.99	10.99	79314.17	99743	0	BartonZwiebach	
1395	0:18:05	1/1/2019 	1078786	189.00	9.00	9.05	10.99	79314.17	49793	0	BartonZwiebach	
1396	0:18:06	1/1/2019 	1080272	231.00	9.00	9.96	10.99	79314.17	49794	0	BartonZwiebach	
1397	0:18:07	1/1/2019 	1081150	685.00	11.00	15.29	10.99	79314.17	50756	0	BartonZwiebach	
1398	0:18:10	1/1/2019 	1083859	134.00	8.00	7.56	10.99	79314.95	145684	0	BartonZwiebach	
1399	0:18:10	1/1/2019 	1083953	93.00	9.00	6.42	10.99	79314.95	1848	0	BartonZwiebach	
1400	0:18:10	1/1/2019 	1084460	304.00	9.00	11.15	10.99	79315.12	3997	0	BartonZwiebach	
1401	0:18:11	1/1/2019 	1084737	694.00	11.00	15.30	10.99	79315.12	49795	0	BartonZwiebach	
1402	0:18:11	1/1/2019 	1084795	617.00	10.00	14.44	10.99	79315.12	1852	0	BartonZwiebach	
1403	0:18:11	1/1/2019 	1085600	957.00	176.00	42.88	10.99	79315.44	49794	0	BartonZwiebach	
1404	0:18:13	1/1/2019 	1086956	927.00	131.00	36.01	10.99	79315.44	49798	0	BartonZwiebach	
1405	0:18:13	1/1/2019 	1086978	68.00	9.00	5.95	10.99	79315.44	3857	0	BartonZwiebach	
1406	0:18:13	1/1/2019 	1087485	154.00	9.00	8.13	10.99	79315.28	1850	0	BartonZwiebach	
1407	0:18:14	1/1/2019 	1088178	400.00	9.00	12.18	10.99	79315.12	49793	0	BartonZwiebach	
1408	0:18:14	1/1/2019 	1088181	717.00	13.00	16.01	10.99	79315.12	1850	0	BartonZwiebach	
1409	0:18:14	1/1/2019 	1088229	82.00	9.00	6.18	10.99	79314.95	1850	0	BartonZwiebach	
1410	0:18:14	1/1/2019 	1088579	114.00	9.00	6.98	10.99	79314.95	49791	0	BartonZwiebach	
1411	0:18:15	1/1/2019 	1089346	888.00	91.00	28.29	10.99	79315.24	3855	0	BartonZwiebach	
1412	0:18:16	1/1/2019 	1089783	961.00	351.00	66.06	10.99	79315.41	49797	0	BartonZwiebach	
1413	0:18:16	1/1/2019 	1090200	77.00	9.00	6.08	10.99	79315.41	2811	0	BartonZwiebach	
1414	0:18:17	1/1/2019 	1091136	959.00	272.00	52.91	10.99	79315.12	49792	0	BartonZwiebach	
1415	0:18:17	1/1/2019 	1091593	658.00	10.00	14.86	10.99	79315.12	49800	0	BartonZwiebach	
1416	0:18:18	1/1/2019 	1092406	974.00	752.00	134.39	10.99	79315.28	1851	0	BartonZwiebach	
1417	0:18:20	1/1/2019 	1094073	563.00	9.00	13.56	10.99	79315.59	99922	0	BartonZwiebach	
1418	0:18:21	1/1/2019 	1095489	581.00	9.00	13.78	10.99	79316.05	49794	0	BartonZwiebach	
1419	0:18:24	1/1/2019 	1097830	470.00	9.00	12.70	10.99	79316.20	145681	0	BartonZwiebach	
1420	0:18:25	1/1/2019 	1098898	912.00	110.00	31.95	10.99	79315.72	49795	0	BartonZwiebach	
1421	0:18:25	1/1/2019 	1099079	131.00	9.00	7.47	10.99	79315.72	1851	0	BartonZwiebach	
1422	0:18:26	1/1/2019 	1100315	118.00	8.00	7.09	10.99	79316.05	49792	0	BartonZwiebach	
1423	0:18:27	1/1/2019 	1100860	579.00	9.00	13.75	10.99	79316.05	52910	0	BartonZwiebach	
1424	0:18:27	1/1/2019 	1100935	92.00	8.00	6.39	10.99	79316.05	1852	0	BartonZwiebach	
1425	0:18:27	1/1/2019 	1101584	680.00	11.00	15.27	10.99	79316.05	49791	0	BartonZwiebach	
1426	0:18:29	1/1/2019 	1103585	68.00	9.00	5.95	10.99	79315.72	97740	0	BartonZwiebach	
1427	0:18:30	1/1/2019 	1103994	175.00	9.00	8.70	10.99	79315.72	1851	0	BartonZwiebach	
1428	0:18:31	1/1/2019 	1105183	962.00	371.00	69.61	10.99	79315.56	51799	0	BartonZwiebach	
1429	0:18:31	1/1/2019 	1105276	959.00	185.00	43.91	10.99	79315.56	1852	0	BartonZwiebach	
1430	0:18:32	1/1/2019 	1106461	121.00	9.00	7.18	10.99	79315.72	49798	0	BartonZwiebach	
1431	0:18:33	1/1/2019 	1106688	67.00	9.00	5.94	10.99	79315.88	49795	0	BartonZwiebach	
1432	0:18:33	1/1/2019 	1107203	933.00	133.00	36.38	10.99	79316.05	1851	0	BartonZwiebach	
1433	0:18:34	1/1/2019 	1107960	914.00	117.00	33.33	10.99	79316.20	49796	0	BartonZwiebach	
1434	0:18:37	1/1/2019 	1110732	815.00	57.00	23.24	10.99	79316.36	147698	0	BartonZwiebach	
1435	0:18:37	1/1/2019 	1111170	90.00	9.00	6.35	10.99	79316.52	2812	0	BartonZwiebach	
1436	0:18:37	1/1/2019 	1111573	160.00	9.00	8.30	10.99	79316.69	49791	0	BartonZwiebach	
1437	0:18:38	1/1/2019 	1111721	148.00	9.00	7.97	10.99	79316.69	1849	0	BartonZwiebach	
1438	0:18:39	1/1/2019 	1112805	971.00	617.00	108.76	11.00	79317.45	49794	0	BartonZwiebach	
1439	0:18:40	1/1/2019 	1113773	147.00	9.00	7.94	11.00	79317.45	49808	0	BartonZwiebach	
1440	0:18:40	1/1/2019 	1114046	171.00	9.00	8.60	10.99	79317.16	4055	0	BartonZwiebach	
1441	0:18:40	1/1/2019 	1114370	968.00	329.00	62.07	10.99	79317.16	1850	0	BartonZwiebach	
1442	0:18:41	1/1/2019 	1114736	167.00	8.00	8.48	11.00	79317.45	49801	0	BartonZwiebach	
1443	0:18:42	1/1/2019 	1115863	518.00	10.00	13.18	11.00	79317.29	49793	0	BartonZwiebach	
1444	0:18:42	1/1/2019 	1116486	391.00	9.00	12.11	11.00	79317.29	1851	0	BartonZwiebach	
1445	0:18:42	1/1/2019 	1116624	804.00	37.00	21.16	11.00	79317.29	49794	0	BartonZwiebach	
1446	0:18:43	1/1/2019 	1117209	94.00	9.00	6.44	11.00	79317.29	3855	0	BartonZwiebach	
1447	0:18:44	1/1/2019 	1118401	189.00	9.00	9.05	11.00	79317.29	49792	0	BartonZwiebach	
1448	0:18:45	1/1/2019 	1118710	212.00	9.00	9.58	11.00	79317.45	49793	0	BartonZwiebach	
1449	0:18:45	1/1/2019 	1118965	549.00	9.00	13.39	11.00	79317.61	1850	0	BartonZwiebach	
1450	0:18:45	1/1/2019 	1119048	549.00	9.00	13.39	11.00	79317.61	1850	0	BartonZwiebach	
1451	0:18:46	1/1/2019 	1119719	603.00	9.00	14.06	11.00	79317.61	49796	0	BartonZwiebach	
1452	0:18:46	1/1/2019 	1120461	735.00	15.00	16.70	11.00	79317.94	4971	0	BartonZwiebach	
1453	0:18:47	1/1/2019 	1120679	852.00	64.00	24.10	11.00	79317.94	49795	0	BartonZwiebach	
1454	0:18:47	1/1/2019 	1120867	598.00	9.00	14.00	11.00	79317.94	1849	0	BartonZwiebach	
1455	0:18:47	1/1/2019 	1121319	698.00	11.00	15.30	11.00	79317.77	1849	0	BartonZwiebach	
1456	0:18:47	1/1/2019 	1121598	75.00	9.00	6.05	11.00	79317.77	49794	0	BartonZwiebach	
1457	0:18:48	1/1/2019 	1121730	104.00	9.00	6.70	11.00	79317.77	3853	0	BartonZwiebach	
1458	0:18:49	1/1/2019 	1123280	196.00	9.00	9.22	11.00	79318.41	49794	0	BartonZwiebach	
1459	0:18:49	1/1/2019 	1123477	221.00	9.00	9.76	11.00	79318.41	1850	0	BartonZwiebach	
1460	0:18:50	1/1/2019 	1124554	514.00	10.00	13.14	11.00	79318.41	97736	0	BartonZwiebach	
1461	0:18:53	1/1/2019 	1127194	567.00	10.00	13.74	11.00	79318.08	97742	0	BartonZwiebach	
1462	0:18:53	1/1/2019 	1127268	104.00	8.00	6.70	11.00	79318.08	1851	0	BartonZwiebach	
1463	0:18:53	1/1/2019 	1127591	692.00	11.00	15.30	11.00	79318.08	51795	0	BartonZwiebach	
1464	0:18:54	1/1/2019 	1127996	804.00	41.00	21.60	11.00	79318.08	1852	0	BartonZwiebach	
1465	0:18:55	1/1/2019 	1128852	896.00	94.00	28.86	11.00	79317.92	49797	0	BartonZwiebach	
1466	0:18:55	1/1/2019 	1129621	573.00	9.00	13.68	11.00	79317.92	49797	0	BartonZwiebach	
1467	0:18:57	1/1/2019 	1131056	142.00	9.00	7.79	11.00	79318.07	50755	0	BartonZwiebach	
1468	0:18:57	1/1/2019 	1131251	435.00	9.00	12.45	11.00	79318.07	1851	0	BartonZwiebach	
1469	0:18:57	1/1/2019 	1131624	120.00	9.00	7.15	11.00	79318.07	51998	0	BartonZwiebach	
1470	0:18:59	1/1/2019 	1132812	153.00	9.00	8.11	11.00	79318.07	49792	0	BartonZwiebach	
1471	0:18:59	1/1/2019 	1133089	674.00	11.00	15.25	11.00	79318.07	1852	0	BartonZwiebach	
1472	0:19:00	1/1/2019 	1133892	336.00	9.00	11.55	11.00	79318.23	49794	0	BartonZwiebach	
1473	0:19:00	1/1/2019 	1134325	76.00	8.00	6.07	11.00	79318.23	1851	0	BartonZwiebach	
1474	0:19:02	1/1/2019 	1135768	364.00	9.00	11.85	11.00	79318.07	97731	0	BartonZwiebach	
1475	0:19:02	1/1/2019 	1136066	268.00	9.00	10.62	11.00	79318.07	3857	0	BartonZwiebach	
1476	0:19:02	1/1/2019 	1136120	230.00	8.00	9.93	11.00	79318.07	1850	0	BartonZwiebach	
1477	0:19:03	1/1/2019 	1137486	156.00	9.00	8.19	11.00	79318.36	49790	0	BartonZwiebach	
1478	0:19:09	1/1/2019 	1143091	153.00	9.00	8.11	11.00	79318.52	289505	0	BartonZwiebach	
1479	0:19:09	1/1/2019 	1143578	418.00	9.00	12.33	11.00	79318.36	50754	0	BartonZwiebach	
1480	0:19:11	1/1/2019 	1145221	164.00	9.00	8.41	11.01	79318.34	49795	0	BartonZwiebach	
1481	0:19:11	1/1/2019 	1145243	572.00	9.00	13.67	11.01	79318.34	3999	0	BartonZwiebach	
1482	0:19:14	1/1/2019 	1148427	369.00	9.00	11.90	11.01	79318.34	145683	0	BartonZwiebach	
1483	0:19:15	1/1/2019 	1149218	710.00	12.00	15.66	11.01	79318.66	49797	0	BartonZwiebach	
1484	0:19:15	1/1/2019 	1149376	186.00	9.00	8.98	11.01	79318.66	1850	0	BartonZwiebach	
1485	0:19:16	1/1/2019 	1149813	975.00	906.00	175.97	11.01	79318.66	49792	0	BartonZwiebach	
1486	0:19:16	1/1/2019 	1150267	867.00	77.00	25.90	11.01	79318.98	4959	0	BartonZwiebach	
1487	0:19:17	1/1/2019 	1151089	168.00	9.00	8.52	11.00	79318.67	49795	0	BartonZwiebach	
1488	0:19:17	1/1/2019 	1151302	467.00	9.00	12.68	11.01	79319.14	1852	0	BartonZwiebach	
1489	0:19:17	1/1/2019 	1151445	117.00	9.00	7.07	11.01	79319.14	1849	0	BartonZwiebach	
1490	0:19:18	1/1/2019 	1151975	95.00	9.00	6.47	11.01	79319.31	49792	0	BartonZwiebach	
1491	0:19:18	1/1/2019 	1152119	182.00	9.00	8.88	11.01	79319.47	1850	0	BartonZwiebach	
1492	0:19:18	1/1/2019 	1152554	974.00	599.00	104.70	11.01	79319.47	51796	0	BartonZwiebach	
1493	0:19:19	1/1/2019 	1153451	876.00	80.00	26.39	11.01	79319.78	1851	0	BartonZwiebach	
1494	0:19:20	1/1/2019 	1154201	88.00	9.00	6.30	11.01	79319.78	49797	0	BartonZwiebach	
1495	0:19:20	1/1/2019 	1154402	715.00	12.00	15.66	11.01	79319.78	1850	0	BartonZwiebach	
1496	0:19:21	1/1/2019 	1155126	80.00	8.00	6.14	11.01	79320.08	49793	0	BartonZwiebach	
1497	0:19:23	1/1/2019 	1156666	172.00	9.00	8.62	11.01	79320.08	97733	0	BartonZwiebach	
1498	0:19:24	1/1/2019 	1157877	558.00	9.00	13.50	11.01	79320.08	51854	0	BartonZwiebach	
1499	0:19:24	1/1/2019 	1158269	77.00	9.00	6.08	11.01	79320.08	1851	0	BartonZwiebach	
1500	0:19:25	1/1/2019 	1158985	604.00	9.00	14.07	11.01	79320.08	49792	0	BartonZwiebach	
1501	0:19:25	1/1/2019 	1159488	146.00	9.00	7.91	11.01	79320.08	1851	0	BartonZwiebach	
1502	0:19:26	1/1/2019 	1160264	76.00	9.00	6.07	11.01	79320.08	49793	0	BartonZwiebach	
1503	0:19:27	1/1/2019 	1160713	404.00	9.00	12.22	11.01	79320.08	50754	0	BartonZwiebach	
1504	0:19:27	1/1/2019 	1161067	701.00	12.00	15.66	11.01	79320.08	3943	0	BartonZwiebach	
1505	0:19:28	1/1/2019 	1162324	65.00	9.00	5.92	11.01	79320.23	49794	0	BartonZwiebach	
1506	0:19:28	1/1/2019 	1162614	382.00	9.00	12.03	11.01	79320.23	49795	0	BartonZwiebach	
1507	0:19:29	1/1/2019 	1163375	166.00	9.00	8.46	11.01	79320.23	1851	0	BartonZwiebach	
1508	0:19:30	1/1/2019 	1163715	259.00	9.00	10.47	11.01	79320.23	49795	0	BartonZwiebach	
1509	0:19:30	1/1/2019 	1163860	445.00	9.00	12.52	11.01	79320.23	1852	0	BartonZwiebach	
1510	0:19:30	1/1/2019 	1164081	965.00	282.00	54.30	11.01	79320.23	6345	0	BartonZwiebach	
1511	0:19:30	1/1/2019 	1164114	345.00	9.00	11.65	11.01	79320.23	1850	0	BartonZwiebach	
1512	0:19:30	1/1/2019 	1164392	966.00	269.00	52.52	11.01	79320.23	1850	0	BartonZwiebach	
1513	0:19:31	1/1/2019 	1164719	269.00	9.00	10.63	11.01	79320.23	49800	0	BartonZwiebach	
1514	0:19:31	1/1/2019 	1164816	661.00	10.00	14.88	11.01	79320.23	1852	0	BartonZwiebach	
1515	0:19:31	1/1/2019 	1164836	969.00	382.00	71.48	11.01	79320.23	3855	0	BartonZwiebach	
1516	0:19:32	1/1/2019 	1165715	573.00	10.00	13.82	11.01	79320.39	49803	0	BartonZwiebach	
1517	0:19:32	1/1/2019 	1166595	965.00	246.00	49.82	11.01	79320.23	49796	0	BartonZwiebach	
1518	0:19:33	1/1/2019 	1166772	719.00	14.00	16.35	11.01	79320.23	1850	0	BartonZwiebach	
1519	0:19:34	1/1/2019 	1168128	388.00	9.00	12.08	11.01	79320.08	49794	0	BartonZwiebach	
1520	0:19:35	1/1/2019 	1169368	416.00	9.00	12.31	11.01	79320.08	49796	0	BartonZwiebach	
1521	0:19:37	1/1/2019 	1171069	782.00	27.00	19.70	11.01	79320.08	99749	0	BartonZwiebach	
1522	0:19:37	1/1/2019 	1171474	188.00	9.00	9.03	11.01	79320.08	2614	0	BartonZwiebach	
1523	0:19:38	1/1/2019 	1172050	67.00	9.00	5.94	11.01	79320.23	49792	0	BartonZwiebach	
1524	0:19:38	1/1/2019 	1172213	63.00	8.00	5.91	11.01	79320.23	1850	0	BartonZwiebach	
1525	0:19:38	1/1/2019 	1172228	961.00	181.00	43.46	11.01	79320.23	1847	0	BartonZwiebach	
1526	0:19:39	1/1/2019 	1173338	136.00	9.00	7.62	11.01	79320.23	49798	0	BartonZwiebach	
1527	0:19:40	1/1/2019 	1174375	721.00	13.00	16.01	11.01	79320.23	51962	0	BartonZwiebach	
1528	0:19:41	1/1/2019 	1175163	184.00	9.00	8.93	11.01	79320.08	49795	0	BartonZwiebach	
1529	0:19:42	1/1/2019 	1176183	627.00	10.00	14.57	11.01	79320.54	49795	0	BartonZwiebach	
1530	0:19:43	1/1/2019 	1176917	324.00	9.00	11.41	11.01	79320.38	49797	0	BartonZwiebach	
1531	0:19:43	1/1/2019 	1177006	412.00	9.00	12.28	11.01	79320.38	1858	0	BartonZwiebach	
1532	0:19:43	1/1/2019 	1177410	91.00	9.00	6.37	11.01	79320.38	1856	0	BartonZwiebach	
1533	0:19:43	1/1/2019 	1177579	342.00	9.00	11.62	11.01	79320.38	51821	0	BartonZwiebach	
1534	0:19:45	1/1/2019 	1179580	764.00	22.00	18.66	11.01	79320.70	97743	0	BartonZwiebach	
1535	0:19:47	1/1/2019 	1180901	960.00	276.00	53.45	11.01	79320.70	50557	0	BartonZwiebach	
1536	0:19:48	1/1/2019 	1181650	420.00	9.00	12.34	11.01	79320.86	49801	0	BartonZwiebach	
1537	0:19:48	1/1/2019 	1182299	881.00	80.00	26.41	11.01	79320.70	1852	0	BartonZwiebach	
1538	0:19:49	1/1/2019 	1182687	771.00	23.00	18.90	11.01	79320.54	51966	0	BartonZwiebach	
1539	0:19:51	1/1/2019 	1185101	349.00	9.00	11.70	11.01	79320.54	97740	0	BartonZwiebach	
1540	0:19:51	1/1/2019 	1185285	144.00	9.00	7.85	11.01	79320.54	1852	0	BartonZwiebach	
1541	0:19:51	1/1/2019 	1185486	312.00	9.00	11.25	11.01	79320.54	1850	0	BartonZwiebach	
1542	0:19:52	1/1/2019 	1186386	892.00	92.00	28.48	11.01	79320.70	49795	0	BartonZwiebach	
1543	0:19:52	1/1/2019 	1186564	72.00	8.00	6.00	11.01	79320.70	49797	0	BartonZwiebach	
1544	0:19:53	1/1/2019 	1187580	469.00	9.00	12.69	11.01	79320.85	51816	0	BartonZwiebach	
1545	0:19:54	1/1/2019 	1187803	138.00	9.00	7.68	11.01	79321.01	1851	0	BartonZwiebach	
1546	0:19:54	1/1/2019 	1188390	168.00	8.00	8.51	11.01	79321.17	1850	0	BartonZwiebach	
1547	0:19:55	1/1/2019 	1189007	356.00	9.00	11.77	11.01	79321.01	49791	0	BartonZwiebach	
1548	0:19:57	1/1/2019 	1190795	937.00	134.00	36.56	11.01	79321.17	97740	0	BartonZwiebach	
1549	0:19:57	1/1/2019 	1191073	77.00	9.00	6.08	11.01	79321.17	2614	0	BartonZwiebach	
1550	0:19:58	1/1/2019 	1191865	911.00	109.00	31.76	11.01	79321.49	51938	0	BartonZwiebach	
1551	0:20:00	1/1/2019 	1193670	216.00	9.00	9.66	11.01	79321.33	97748	0	BartonZwiebach	
1552	0:20:00	1/1/2019 	1194164	530.00	9.00	13.19	11.02	79321.77	1850	0	BartonZwiebach	
1553	0:20:01	1/1/2019 	1195575	965.00	288.00	55.18	11.02	79321.62	97742	0	BartonZwiebach	
1554	0:20:04	1/1/2019 	1197699	966.00	527.00	90.64	11.02	79321.30	97753	0	BartonZwiebach	
1555	0:20:04	1/1/2019 	1197834	648.00	9.00	14.51	11.02	79321.30	1852	0	BartonZwiebach	
1556	0:20:04	1/1/2019 	1197973	413.00	9.00	12.29	11.02	79321.30	3851	0	BartonZwiebach	
1557	0:20:05	1/1/2019 	1199365	604.00	9.00	14.07	11.02	79321.62	49796	0	BartonZwiebach	
1558	0:20:06	1/1/2019 	1199788	914.00	117.00	33.33	11.02	79321.92	49798	0	BartonZwiebach	
1559	0:20:07	1/1/2019 	1200856	351.00	9.00	11.72	11.02	79321.92	50563	0	BartonZwiebach	
1560	0:20:07	1/1/2019 	1201281	588.00	9.00	13.87	11.02	79322.09	1852	0	BartonZwiebach	
1561	0:20:08	1/1/2019 	1202636	545.00	9.00	13.35	11.02	79321.77	99890	0	BartonZwiebach	
1562	0:20:10	1/1/2019 	1203871	133.00	9.00	7.53	11.02	79322.09	49796	0	BartonZwiebach	
1563	0:20:10	1/1/2019 	1204621	76.00	9.00	6.07	11.02	79321.92	49794	0	BartonZwiebach	
1564	0:20:11	1/1/2019 	1205116	973.00	781.00	138.99	11.02	79321.92	1849	0	BartonZwiebach	
1565	0:20:11	1/1/2019 	1205230	376.00	9.00	11.97	11.02	79321.92	1852	0	BartonZwiebach	
1566	0:20:11	1/1/2019 	1205777	579.00	9.00	13.75	11.02	79321.77	49797	0	BartonZwiebach	
1567	0:20:12	1/1/2019 	1206239	926.00	127.00	35.26	11.02	79321.92	3855	0	BartonZwiebach	
1568	0:20:13	1/1/2019 	1206843	954.00	162.00	41.08	11.02	79321.92	49800	0	BartonZwiebach	
1569	0:20:13	1/1/2019 	1207328	518.00	9.00	13.08	11.02	79322.23	1852	0	BartonZwiebach	
1570	0:20:13	1/1/2019 	1207445	965.00	252.00	50.47	11.02	79322.23	1851	0	BartonZwiebach	
1571	0:20:14	1/1/2019 	1207959	225.00	9.00	9.84	11.02	79322.08	49801	0	BartonZwiebach	
1572	0:20:14	1/1/2019 	1208405	825.00	61.00	23.70	11.02	79322.23	1851	0	BartonZwiebach	
1573	0:20:15	1/1/2019 	1209575	445.00	9.00	12.52	11.02	79322.23	99747	0	BartonZwiebach	
1574	0:20:15	1/1/2019 	1209725	686.00	10.00	14.94	11.02	79322.23	2614	0	BartonZwiebach	
1575	0:20:16	1/1/2019 	1209802	960.00	279.00	53.87	11.02	79322.23	1851	0	BartonZwiebach	
1576	0:20:17	1/1/2019 	1211116	594.00	9.00	13.95	11.02	79322.25	49801	0	BartonZwiebach	
1577	0:20:17	1/1/2019 	1211225	665.00	10.00	14.90	11.02	79322.25	1852	0	BartonZwiebach	
1578	0:20:19	1/1/2019 	1212975	125.00	9.00	7.30	11.02	79322.25	97737	0	BartonZwiebach	
1579	0:20:19	1/1/2019 	1213113	351.00	9.00	11.72	11.02	79322.25	3998	0	BartonZwiebach	
1580	0:20:21	1/1/2019 	1215034	118.00	9.00	7.09	11.02	79322.88	97740	0	BartonZwiebach	
1581	0:20:22	1/1/2019 	1215851	145.00	9.00	7.88	11.02	79322.88	49802	0	BartonZwiebach	
1582	0:20:22	1/1/2019 	1216182	136.00	9.00	7.62	11.02	79323.03	1855	0	BartonZwiebach	
1583	0:20:22	1/1/2019 	1216784	725.00	14.00	16.36	11.02	79323.03	49793	0	BartonZwiebach	
1584	0:20:23	1/1/2019 	1217454	570.00	9.00	13.64	11.02	79323.36	3854	0	BartonZwiebach	
1585	0:20:24	1/1/2019 	1218176	958.00	216.00	46.92	11.02	79323.36	49796	0	BartonZwiebach	
1586	0:20:24	1/1/2019 	1218240	184.00	8.00	8.92	11.02	79323.36	1852	0	BartonZwiebach	
1587	0:20:24	1/1/2019 	1218421	110.00	8.00	6.86	11.02	79323.36	1847	0	BartonZwiebach	
1588	0:20:26	1/1/2019 	1220774	719.00	13.00	16.01	11.02	79323.68	145678	0	BartonZwiebach	
1589	0:20:27	1/1/2019 	1220993	227.00	9.00	9.88	11.02	79323.68	2613	0	BartonZwiebach	
1590	0:20:27	1/1/2019 	1221154	981.00	666.00	119.96	11.02	79323.68	3999	0	BartonZwiebach	
1591	0:20:27	1/1/2019 	1221758	303.00	9.00	11.13	11.02	79323.84	49808	0	BartonZwiebach	
1592	0:20:28	1/1/2019 	1222096	967.00	385.00	71.97	11.02	79323.84	1851	0	BartonZwiebach	
1593	0:20:28	1/1/2019 	1222138	232.00	9.00	9.98	11.02	79323.84	1851	0	BartonZwiebach	
1594	0:20:28	1/1/2019 	1222483	285.00	8.00	10.85	11.02	79323.84	1848	0	BartonZwiebach	
1595	0:20:30	1/1/2019 	1223912	297.00	9.00	11.05	11.02	79323.84	97738	0	BartonZwiebach	
1596	0:20:31	1/1/2019 	1225388	687.00	11.00	15.29	11.02	79323.68	51802	0	BartonZwiebach	
1597	0:20:31	1/1/2019 	1225765	139.00	9.00	7.71	11.02	79323.52	49796	0	BartonZwiebach	
1598	0:20:33	1/1/2019 	1226910	849.00	68.00	24.60	11.02	79324.12	49797	0	BartonZwiebach	
1599	0:20:33	1/1/2019 	1227028	969.00	270.00	52.65	11.02	79324.12	1858	0	BartonZwiebach	
1600	0:20:33	1/1/2019 	1227260	152.00	9.00	8.08	11.02	79324.12	1856	0	BartonZwiebach	
1601	0:20:33	1/1/2019 	1227482	445.00	9.00	12.52	11.02	79324.28	1855	0	BartonZwiebach	
1602	0:20:33	1/1/2019 	1227493	964.00	288.00	55.18	11.02	79324.28	3855	0	BartonZwiebach	
1603	0:20:33	1/1/2019 	1227758	152.00	8.00	8.07	11.02	79324.28	49800	0	BartonZwiebach	
1604	0:20:35	1/1/2019 	1228789	644.00	10.00	14.75	11.02	79323.68	49792	0	BartonZwiebach	
1605	0:20:35	1/1/2019 	1229192	204.00	9.00	9.40	11.02	79323.68	1851	0	BartonZwiebach	
1606	0:20:36	1/1/2019 	1230165	922.00	127.00	35.26	11.02	79323.80	49793	0	BartonZwiebach	
1607	0:20:38	1/1/2019 	1232738	150.00	9.00	8.02	11.02	79323.68	148613	0	BartonZwiebach	
1608	0:20:39	1/1/2019 	1233212	68.00	8.00	5.95	11.02	79323.68	1851	0	BartonZwiebach	
1609	0:20:39	1/1/2019 	1233648	208.00	9.00	9.49	11.02	79323.68	49790	0	BartonZwiebach	
1610	0:20:41	1/1/2019 	1235057	164.00	9.00	8.41	11.02	79323.68	49794	0	BartonZwiebach	
1611	0:20:41	1/1/2019 	1235384	902.00	101.00	30.19	11.02	79323.96	1851	0	BartonZwiebach	
1612	0:20:43	1/1/2019 	1237467	690.00	11.00	15.30	11.02	79324.12	97747	0	BartonZwiebach	
1613	0:20:43	1/1/2019 	1237481	198.00	9.00	9.26	11.02	79324.12	3863	0	BartonZwiebach	
1614	0:20:44	1/1/2019 	1238350	416.00	9.00	12.31	11.02	79324.12	49798	0	BartonZwiebach	
1615	0:20:44	1/1/2019 	1238594	74.00	9.00	6.03	11.02	79324.12	49802	0	BartonZwiebach	
1616	0:20:46	1/1/2019 	1240563	978.00	804.00	143.54	11.02	79323.80	97741	0	BartonZwiebach	
1617	0:20:47	1/1/2019 	1240870	593.00	9.00	13.93	11.02	79323.96	2614	0	BartonZwiebach	
1618	0:20:48	1/1/2019 	1242683	533.00	10.00	13.33	11.03	79324.44	97739	0	BartonZwiebach	
1619	0:20:49	1/1/2019 	1243249	84.00	9.00	6.22	11.03	79324.27	4000	0	BartonZwiebach	
1620	0:20:49	1/1/2019 	1243341	904.00	97.00	29.43	11.03	79324.27	1851	0	BartonZwiebach	
1621	0:20:49	1/1/2019 	1243452	460.00	13.00	12.91	11.03	79324.27	1850	0	BartonZwiebach	
1622	0:20:50	1/1/2019 	1243900	195.00	8.00	9.18	11.03	79324.27	49795	0	BartonZwiebach	
1623	0:20:50	1/1/2019 	1244026	882.00	79.00	26.25	11.03	79324.27	1849	0	BartonZwiebach	
1624	0:20:50	1/1/2019 	1244396	101.00	9.00	6.62	11.03	79324.44	1850	0	BartonZwiebach	
1625	0:20:53	1/1/2019 	1247148	242.00	9.00	10.17	11.03	79323.95	147683	0	BartonZwiebach	
1626	0:20:54	1/1/2019 	1248552	108.00	9.00	6.81	11.03	79323.95	97740	0	BartonZwiebach	
1627	0:20:55	1/1/2019 	1248862	729.00	14.00	16.36	11.03	79323.95	1852	0	BartonZwiebach	
1628	0:20:55	1/1/2019 	1249178	893.00	83.00	26.92	11.03	79323.95	1851	0	BartonZwiebach	
1629	0:20:55	1/1/2019 	1249617	783.00	29.00	20.04	11.03	79323.95	49796	0	BartonZwiebach	
1630	0:20:56	1/1/2019 	1249842	971.00	729.00	131.27	11.03	79323.95	2613	0	BartonZwiebach	
1631	0:20:56	1/1/2019 	1250407	258.00	9.00	10.45	11.03	79323.79	4054	0	BartonZwiebach	
1632	0:20:57	1/1/2019 	1251368	678.00	11.00	15.27	11.03	79323.62	49796	0	BartonZwiebach	
1633	0:21:00	1/1/2019 	1254110	310.00	9.00	11.23	11.03	79324.10	145688	0	BartonZwiebach	
1634	0:21:00	1/1/2019 	1254774	63.00	9.00	5.91	11.03	79324.10	49795	0	BartonZwiebach	
1635	0:21:01	1/1/2019 	1255004	154.00	9.00	8.13	11.03	79324.10	1848	0	BartonZwiebach	
1636	0:21:01	1/1/2019 	1255080	716.00	13.00	16.01	11.03	79324.10	3855	0	BartonZwiebach	
1637	0:21:01	1/1/2019 	1255413	782.00	26.00	19.52	11.03	79324.26	1851	0	BartonZwiebach	
1638	0:21:01	1/1/2019 	1255439	583.00	9.00	13.81	11.03	79324.26	1851	0	BartonZwiebach	
1639	0:21:02	1/1/2019 	1255824	549.00	9.00	13.39	11.03	79324.26	49796	0	BartonZwiebach	
1640	0:21:02	1/1/2019 	1256312	168.00	9.00	8.52	11.03	79324.26	1851	0	BartonZwiebach	
1641	0:21:04	1/1/2019 	1258137	100.00	9.00	6.60	11.03	79324.42	97735	0	BartonZwiebach	
1642	0:21:06	1/1/2019 	1260150	416.00	9.00	12.31	11.03	79324.74	99742	0	BartonZwiebach	
1643	0:21:06	1/1/2019 	1260645	604.00	9.00	14.07	11.03	79324.90	50559	0	BartonZwiebach	
1644	0:21:07	1/1/2019 	1261192	633.00	10.00	14.64	11.03	79324.90	1849	0	BartonZwiebach	
1645	0:21:08	1/1/2019 	1262785	84.00	8.00	6.21	11.03	79325.06	97736	0	BartonZwiebach	
1646	0:21:09	1/1/2019 	1263151	966.00	334.00	62.97	11.03	79325.06	1848	0	BartonZwiebach	
1647	0:21:10	1/1/2019 	1263945	908.00	105.00	30.97	11.03	79325.06	49802	0	BartonZwiebach	
1648	0:21:10	1/1/2019 	1264023	695.00	11.00	15.30	11.03	79325.06	4000	0	BartonZwiebach	
1649	0:21:10	1/1/2019 	1264120	739.00	15.00	16.70	11.03	79325.06	1849	0	BartonZwiebach	
1650	0:21:10	1/1/2019 	1264286	119.00	9.00	7.12	11.03	79325.06	1850	0	BartonZwiebach	
1651	0:21:10	1/1/2019 	1264439	170.00	9.00	8.57	11.03	79325.06	1849	0	BartonZwiebach	
1652	0:21:12	1/1/2019 	1266573	346.00	9.00	11.66	11.03	79325.06	145676	0	BartonZwiebach	
1653	0:21:13	1/1/2019 	1267095	515.00	9.00	13.05	11.03	79325.06	1851	0	BartonZwiebach	
1654	0:21:13	1/1/2019 	1267672	158.00	9.00	8.25	11.03	79325.22	51800	0	BartonZwiebach	
1655	0:21:14	1/1/2019 	1268249	962.00	245.00	49.71	11.03	79325.22	1850	0	BartonZwiebach	
1656	0:21:15	1/1/2019 	1268786	437.00	9.00	12.47	11.03	79325.38	49801	0	BartonZwiebach	
1657	0:21:15	1/1/2019 	1269635	968.00	269.00	52.52	11.03	79325.54	49795	0	BartonZwiebach	
1658	0:21:16	1/1/2019 	1270320	863.00	74.00	25.45	11.03	79325.70	2613	0	BartonZwiebach	
1659	0:21:18	1/1/2019 	1272237	128.00	9.00	7.39	11.03	79325.83	99942	0	BartonZwiebach	
1660	0:21:18	1/1/2019 	1272548	949.00	140.00	37.63	11.03	79325.66	49793	0	BartonZwiebach	
1661	0:21:19	1/1/2019 	1272789	956.00	184.00	43.80	11.03	79325.66	1851	0	BartonZwiebach	
1662	0:21:21	1/1/2019 	1274955	770.00	23.00	18.89	11.03	79325.98	97746	0	BartonZwiebach	
1663	0:21:21	1/1/2019 	1275341	144.00	9.00	7.85	11.03	79325.98	1851	0	BartonZwiebach	
1664	0:21:22	1/1/2019 	1276474	536.00	10.00	13.36	11.03	79325.98	49792	0	BartonZwiebach	
1665	0:21:22	1/1/2019 	1276574	449.00	9.00	12.55	11.03	79325.98	51799	0	BartonZwiebach	
1666	0:21:22	1/1/2019 	1276605	82.00	9.00	6.18	11.03	79325.98	1850	0	BartonZwiebach	
1667	0:21:23	1/1/2019 	1277466	73.00	9.00	6.02	11.03	79326.14	1848	0	BartonZwiebach	
1668	0:21:24	1/1/2019 	1278435	141.00	9.00	7.76	11.03	79326.30	49791	0	BartonZwiebach	
1669	0:21:24	1/1/2019 	1278491	102.00	9.00	6.65	11.03	79326.30	1850	0	BartonZwiebach	
1670	0:21:24	1/1/2019 	1278602	102.00	8.00	6.65	11.03	79326.30	49791	0	BartonZwiebach	
1671	0:21:24	1/1/2019 	1278611	276.00	9.00	10.74	11.03	79326.30	3852	0	BartonZwiebach	
1672	0:21:25	1/1/2019 	1279004	586.00	9.00	13.84	11.03	79326.30	1850	0	BartonZwiebach	
1673	0:21:28	1/1/2019 	1282372	964.00	371.00	69.61	11.03	79326.14	145681	0	BartonZwiebach	
1674	0:21:28	1/1/2019 	1282775	70.00	9.00	5.98	11.03	79326.14	50566	0	BartonZwiebach	
1675	0:21:30	1/1/2019 	1284670	391.00	9.00	12.11	11.03	79326.45	97734	0	BartonZwiebach	
1676	0:21:31	1/1/2019 	1285165	970.00	581.00	100.66	11.03	79326.30	1852	0	BartonZwiebach	
1677	0:21:31	1/1/2019 	1285376	721.00	13.00	16.01	11.03	79326.30	3999	0	BartonZwiebach	
1678	0:21:32	1/1/2019 	1285793	798.00	41.00	21.59	11.03	79326.30	49795	0	BartonZwiebach	
1679	0:21:32	1/1/2019 	1285867	445.00	9.00	12.52	11.03	79326.30	1852	0	BartonZwiebach	
1680	0:21:32	1/1/2019 	1286408	139.00	9.00	7.71	11.03	79326.30	1850	0	BartonZwiebach	
1681	0:21:33	1/1/2019 	1286816	629.00	9.00	14.36	11.03	79326.30	49791	0	BartonZwiebach	
1682	0:21:33	1/1/2019 	1286875	118.00	8.00	7.09	11.03	79326.30	1851	0	BartonZwiebach	
1683	0:21:33	1/1/2019 	1287613	406.00	9.00	12.23	11.03	79326.45	51794	0	BartonZwiebach	
1684	0:21:33	1/1/2019 	1287702	424.00	9.00	12.37	11.03	79326.45	1849	0	BartonZwiebach	
1685	0:21:35	1/1/2019 	1289081	898.00	95.00	29.05	11.03	79326.62	49793	0	BartonZwiebach	
1686	0:21:35	1/1/2019 	1289777	90.00	8.00	6.35	11.03	79326.62	49796	0	BartonZwiebach	
1687	0:21:37	1/1/2019 	1291468	74.00	9.00	6.03	11.03	79326.62	50553	0	BartonZwiebach	
1688	0:21:38	1/1/2019 	1292364	604.00	9.00	14.07	11.03	79326.78	51996	0	BartonZwiebach	
1689	0:21:39	1/1/2019 	1293097	913.00	110.00	31.96	11.03	79326.94	49795	0	BartonZwiebach	
1690	0:21:39	1/1/2019 	1293756	146.00	8.00	7.90	11.03	79326.78	49798	0	BartonZwiebach	
1691	0:21:41	1/1/2019 	1294884	736.00	15.00	16.70	11.03	79326.78	49791	0	BartonZwiebach	
1692	0:21:46	1/1/2019 	1300244	68.00	9.00	5.95	11.03	79326.78	241569	0	BartonZwiebach	
1693	0:21:46	1/1/2019 	1300298	110.00	9.00	6.87	11.03	79326.78	2811	0	BartonZwiebach	
1694	0:21:46	1/1/2019 	1300647	541.00	9.00	13.31	11.03	79326.78	51940	0	BartonZwiebach	
1695	0:21:47	1/1/2019 	1301146	973.00	605.00	105.99	11.04	79327.06	1850	0	BartonZwiebach	
1696	0:21:48	1/1/2019 	1302183	194.00	9.00	9.17	11.04	79326.91	49808	0	BartonZwiebach	
1697	0:21:48	1/1/2019 	1302756	384.00	9.00	12.04	11.04	79327.06	49793	0	BartonZwiebach	
1698	0:21:50	1/1/2019 	1303795	560.00	9.00	13.52	11.04	79327.38	49793	0	BartonZwiebach	
1699	0:21:50	1/1/2019 	1304219	83.00	9.00	6.20	11.04	79327.55	1850	0	BartonZwiebach	
1700	0:21:50	1/1/2019 	1304699	678.00	10.00	14.94	11.04	79327.70	51796	0	BartonZwiebach	
1701	0:21:52	1/1/2019 	1306225	903.00	100.00	30.00	11.04	79328.02	49795	0	BartonZwiebach	
1702	0:21:52	1/1/2019 	1306233	63.00	9.00	5.91	11.04	79328.02	1852	0	BartonZwiebach	
1703	0:21:53	1/1/2019 	1307639	451.00	10.00	12.64	11.04	79327.86	97735	0	BartonZwiebach	
1704	0:21:55	1/1/2019 	1308863	775.00	28.00	19.86	11.04	79327.86	49795	0	BartonZwiebach	
1705	0:21:55	1/1/2019 	1309119	266.00	9.00	10.58	11.04	79328.02	1851	0	BartonZwiebach	
1706	0:21:55	1/1/2019 	1309289	591.00	9.00	13.91	11.04	79328.02	3855	0	BartonZwiebach	
1707	0:21:56	1/1/2019 	1310253	290.00	9.00	10.95	11.04	79328.50	49794	0	BartonZwiebach	
1708	0:21:56	1/1/2019 	1310458	150.00	8.00	8.02	11.04	79328.50	2811	0	BartonZwiebach	
1709	0:21:56	1/1/2019 	1310781	122.00	9.00	7.21	11.04	79328.34	49790	0	BartonZwiebach	
1710	0:21:57	1/1/2019 	1310871	634.00	10.00	14.65	11.04	79328.34	1851	0	BartonZwiebach	
1711	0:21:57	1/1/2019 	1311180	130.00	9.00	7.44	11.04	79328.19	3999	0	BartonZwiebach	
1712	0:21:57	1/1/2019 	1311386	86.00	9.00	6.26	11.04	79328.19	1848	0	BartonZwiebach	
1713	0:21:58	1/1/2019 	1311803	141.00	9.00	7.76	11.04	79328.19	49790	0	BartonZwiebach	
1714	0:21:58	1/1/2019 	1312044	131.00	9.00	7.47	11.04	79328.19	1850	0	BartonZwiebach	
1715	0:21:58	1/1/2019 	1312119	468.00	9.00	12.69	11.04	79327.86	1848	0	BartonZwiebach	
1716	0:21:58	1/1/2019 	1312668	65.00	9.00	5.92	11.04	79327.70	49792	0	BartonZwiebach	
1717	0:21:59	1/1/2019 	1313058	863.00	75.00	25.59	11.04	79327.55	3909	0	BartonZwiebach	
1718	0:22:00	1/1/2019 	1314356	119.00	8.00	7.12	11.04	79327.06	49797	0	BartonZwiebach	
1719	0:22:01	1/1/2019 	1315008	776.00	26.00	19.51	11.04	79327.06	49791	0	BartonZwiebach	
1720	0:22:01	1/1/2019 	1315246	658.00	10.00	14.86	11.04	79326.91	1851	0	BartonZwiebach	
1721	0:22:01	1/1/2019 	1315421	152.00	9.00	8.08	11.04	79326.91	1850	0	BartonZwiebach	
1722	0:22:01	1/1/2019 	1315710	407.00	9.00	12.24	11.04	79326.58	49792	0	BartonZwiebach	
1723	0:22:02	1/1/2019 	1316133	128.00	9.00	7.39	11.04	79326.27	3855	0	BartonZwiebach	
1724	0:22:03	1/1/2019 	1317013	168.00	9.00	8.52	11.03	79325.50	49792	0	BartonZwiebach	
1725	0:22:04	1/1/2019 	1318450	152.00	9.00	8.08	11.03	79325.17	49792	0	BartonZwiebach	
1726	0:22:04	1/1/2019 	1318621	641.00	10.00	14.72	11.03	79324.70	49795	0	BartonZwiebach	
1727	0:22:06	1/1/2019 	1319907	628.00	10.00	14.58	11.03	79324.53	49795	0	BartonZwiebach	
1728	0:22:06	1/1/2019 	1320354	94.00	8.00	6.44	11.03	79324.38	2813	0	BartonZwiebach	
1729	0:22:10	1/1/2019 	1323903	563.00	10.00	13.69	11.03	79323.15	195771	0	BartonZwiebach	
1730	0:22:10	1/1/2019 	1324017	91.00	9.00	6.37	11.03	79323.15	1851	0	BartonZwiebach	
1731	0:22:10	1/1/2019 	1324653	626.00	10.00	14.56	11.03	79323.31	49792	0	BartonZwiebach	
1732	0:22:11	1/1/2019 	1324838	528.00	9.00	13.17	11.03	79323.31	1850	0	BartonZwiebach	
1733	0:22:11	1/1/2019 	1325585	552.00	9.00	13.43	11.02	79323.00	49794	0	BartonZwiebach	
1734	0:22:12	1/1/2019 	1326240	431.00	9.00	12.42	11.02	79322.39	1851	0	BartonZwiebach	
1735	0:22:14	1/1/2019 	1328481	361.00	9.00	11.82	11.02	79320.98	99742	0	BartonZwiebach	
1736	0:22:15	1/1/2019 	1329116	704.00	12.00	15.66	11.02	79320.98	49794	0	BartonZwiebach	
1737	0:22:15	1/1/2019 	1329230	172.00	9.00	8.62	11.02	79320.98	1850	0	BartonZwiebach	
1738	0:22:16	1/1/2019 	1330676	109.00	9.00	6.84	11.01	79320.53	97732	0	BartonZwiebach	
1739	0:22:17	1/1/2019 	1330800	72.00	9.00	6.01	11.01	79320.53	2811	0	BartonZwiebach	
1740	0:22:18	1/1/2019 	1331971	131.00	9.00	7.47	11.01	79319.59	51938	0	BartonZwiebach	
1741	0:22:24	1/1/2019 	1338672	881.00	82.00	26.73	10.99	79323.77	337444	0	BartonZwiebach	
1742	0:22:28	1/1/2019 	1342255	90.00	9.00	6.35	10.98	79330.12	145690	0	BartonZwiebach	
1743	0:22:30	1/1/2019 	1344108	919.00	116.00	33.14	10.97	79332.89	98701	0	BartonZwiebach	
1744	0:22:30	1/1/2019 	1344395	576.00	9.00	13.72	10.97	79333.06	1852	0	BartonZwiebach	
1745	0:22:31	1/1/2019 	1345342	199.00	9.00	9.29	10.97	79334.03	49794	0	BartonZwiebach	
1746	0:22:32	1/1/2019 	1345791	83.00	8.00	6.19	10.97	79333.72	51942	0	BartonZwiebach	
1747	0:22:34	1/1/2019 	1347857	100.00	9.00	6.60	10.96	79342.58	97734	0	BartonZwiebach	
1748	0:22:35	1/1/2019 	1349591	982.00	952.00	261.71	10.96	79348.69	97737	0	BartonZwiebach	
1749	0:22:37	1/1/2019 	1351284	352.00	9.00	11.73	10.96	79354.48	50783	0	BartonZwiebach	
1750	0:22:37	1/1/2019 	1351484	692.00	11.00	15.30	10.96	79354.48	1852	0	BartonZwiebach	
1751	0:22:38	1/1/2019 	1352110	969.00	448.00	80.73	10.96	79355.30	49796	0	BartonZwiebach	
1752	0:22:38	1/1/2019 	1352492	837.00	63.00	23.95	10.96	79355.45	4000	0	BartonZwiebach	
1753	0:22:39	1/1/2019 	1353742	350.00	9.00	11.71	10.95	79356.91	97744	0	BartonZwiebach	
1754	0:22:40	1/1/2019 	1353851	181.00	9.00	8.85	10.95	79356.91	1851	0	BartonZwiebach	
1755	0:22:41	1/1/2019 	1355146	829.00	57.00	23.27	10.95	79357.59	49794	0	BartonZwiebach	
1756	0:22:42	1/1/2019 	1356409	91.00	9.00	6.37	10.95	79356.16	49797	0	BartonZwiebach	
1757	0:22:44	1/1/2019 	1357871	961.00	266.00	52.14	10.95	79352.02	97737	0	BartonZwiebach	
1758	0:22:44	1/1/2019 	1358315	406.00	9.00	12.23	10.95	79351.70	3857	0	BartonZwiebach	
1759	0:22:45	1/1/2019 	1358956	135.00	9.00	7.59	10.94	79351.39	49795	0	BartonZwiebach	
1760	0:22:46	1/1/2019 	1359861	800.00	34.00	20.79	10.94	79351.23	49794	0	BartonZwiebach	
1761	0:22:46	1/1/2019 	1360437	296.00	9.00	11.04	10.94	79351.56	2812	0	BartonZwiebach	
1762	0:22:46	1/1/2019 	1360458	79.00	13.00	6.12	10.94	79351.56	1849	0	BartonZwiebach	
1763	0:22:47	1/1/2019 	1361007	966.00	546.00	93.73	10.94	79351.41	49794	0	BartonZwiebach	
1764	0:22:48	1/1/2019 	1361796	144.00	9.00	7.85	10.94	79351.89	52009	0	BartonZwiebach	
1765	0:22:48	1/1/2019 	1362232	852.00	64.00	24.10	10.94	79351.92	1852	0	BartonZwiebach	
1766	0:22:48	1/1/2019 	1362255	111.00	9.00	6.89	10.94	79351.92	1848	0	BartonZwiebach	
1767	0:22:48	1/1/2019 	1362306	968.00	381.00	71.31	10.94	79351.92	1849	0	BartonZwiebach	
1768	0:22:48	1/1/2019 	1362391	783.00	26.00	19.52	10.94	79351.92	1851	0	BartonZwiebach	
1769	0:22:48	1/1/2019 	1362476	667.00	10.00	14.91	10.94	79351.92	3855	0	BartonZwiebach	
1770	0:22:50	1/1/2019 	1363997	149.00	9.00	7.99	10.94	79353.06	97739	0	BartonZwiebach	
1771	0:22:50	1/1/2019 	1364068	576.00	9.00	13.72	10.94	79353.70	1851	0	BartonZwiebach	
1772	0:22:52	1/1/2019 	1365963	136.00	2.00	7.59	10.93	79355.15	97735	0	BartonZwiebach	
1773	0:22:53	1/1/2019 	1366936	186.00	9.00	8.98	10.93	79356.11	49790	0	BartonZwiebach	
1774	0:22:54	1/1/2019 	1368656	95.00	8.00	6.47	10.93	79357.43	97735	0	BartonZwiebach	
1775	0:22:56	1/1/2019 	1370135	238.00	9.00	10.10	10.93	79358.40	51796	0	BartonZwiebach	
1776	0:22:56	1/1/2019 	1370385	829.00	50.00	22.55	10.93	79358.40	2812	0	BartonZwiebach	
1777	0:22:56	1/1/2019 	1370742	768.00	21.00	18.43	10.93	79358.72	49797	0	BartonZwiebach	
1778	0:22:58	1/1/2019 	1371923	80.00	8.00	6.14	10.93	79360.00	49794	0	BartonZwiebach	
1779	0:23:02	1/1/2019 	1375954	967.00	403.00	74.78	10.93	79364.38	193624	0	BartonZwiebach	
1780	0:23:03	1/1/2019 	1376849	899.00	99.00	29.80	10.93	79364.70	49809	0	BartonZwiebach	
1781	0:23:03	1/1/2019 	1377352	499.00	9.00	12.92	10.93	79365.18	3999	0	BartonZwiebach	
1782	0:23:04	1/1/2019 	1378439	812.00	51.00	22.62	10.92	79365.67	49794	0	BartonZwiebach	
1783	0:23:07	1/1/2019 	1381712	800.00	45.00	22.00	10.92	79367.12	193640	0	BartonZwiebach	
1784	0:23:08	1/1/2019 	1382458	947.00	138.00	37.28	10.92	79367.92	2817	0	BartonZwiebach	
1785	0:23:09	1/1/2019 	1383327	550.00	13.00	13.85	10.92	79368.09	49799	0	BartonZwiebach	
1786	0:23:11	1/1/2019 	1385024	899.00	98.00	29.61	10.92	79368.95	97742	0	BartonZwiebach	
1787	0:23:12	1/1/2019 	1386304	506.00	9.00	12.98	10.92	79369.42	51946	0	BartonZwiebach	
1788	0:23:13	1/1/2019 	1387150	538.00	9.00	13.27	10.92	79369.59	49796	0	BartonZwiebach	
1789	0:23:14	1/1/2019 	1388375	326.00	9.00	11.43	10.92	79370.06	49796	0	BartonZwiebach	
1790	0:23:16	1/1/2019 	1390040	883.00	81.00	26.57	10.92	79370.55	97741	0	BartonZwiebach	
1791	0:23:16	1/1/2019 	1390437	902.00	97.00	29.43	10.92	79370.87	2812	0	BartonZwiebach	
1792	0:23:16	1/1/2019 	1390584	468.00	9.00	12.69	10.92	79370.87	51944	0	BartonZwiebach	
1793	0:23:17	1/1/2019 	1390868	637.00	10.00	14.68	10.92	79370.87	1851	0	BartonZwiebach	
1794	0:23:17	1/1/2019 	1390926	957.00	177.00	43.00	10.92	79370.87	1852	0	BartonZwiebach	
1795	0:23:19	1/1/2019 	1393633	900.00	96.00	29.24	10.92	79371.66	145693	0	BartonZwiebach	
1796	0:23:21	1/1/2019 	1395302	827.00	60.00	23.59	10.92	79372.47	49795	0	BartonZwiebach	
1797	0:23:23	1/1/2019 	1397234	500.00	9.00	12.93	10.92	79373.43	97742	0	BartonZwiebach	
1798	0:23:26	1/1/2019 	1400073	530.00	10.00	13.30	10.92	79373.91	147687	0	BartonZwiebach	
1799	0:23:26	1/1/2019 	1400247	625.00	10.00	14.55	10.92	79374.07	2812	0	BartonZwiebach	
1800	0:23:27	1/1/2019 	1401436	159.00	9.00	8.27	10.92	79374.39	49795	0	BartonZwiebach	
1801	0:23:27	1/1/2019 	1401579	829.00	54.00	22.95	10.92	79374.39	49796	0	BartonZwiebach	
1802	0:23:27	1/1/2019 	1401704	625.00	9.00	14.32	10.92	79374.81	1850	0	BartonZwiebach	
1803	0:23:28	1/1/2019 	1402378	620.00	10.00	14.48	10.92	79375.13	1850	0	BartonZwiebach	
1804	0:23:29	1/1/2019 	1403128	679.00	11.00	15.27	10.92	79375.30	51946	0	BartonZwiebach	
1805	0:23:30	1/1/2019 	1404603	81.00	8.00	6.15	10.92	79375.61	97743	0	BartonZwiebach	
1806	0:23:31	1/1/2019 	1405559	919.00	117.00	33.33	10.92	79375.77	49794	0	BartonZwiebach	
1807	0:23:33	1/1/2019 	1406908	68.00	9.00	5.95	10.92	79376.24	49800	0	BartonZwiebach	
1808	0:23:33	1/1/2019 	1407563	126.00	9.00	7.33	10.92	79376.24	49794	0	BartonZwiebach	
1809	0:23:34	1/1/2019 	1408102	374.00	9.00	11.95	10.92	79376.41	3854	0	BartonZwiebach	
1810	0:23:34	1/1/2019 	1408440	195.00	9.00	9.19	10.92	79376.56	1851	0	BartonZwiebach	
1811	0:23:35	1/1/2019 	1409186	532.00	9.00	13.21	10.93	79377.52	49793	0	BartonZwiebach	
1812	0:23:37	1/1/2019 	1410940	75.00	8.00	6.05	10.93	79378.48	97741	0	BartonZwiebach	
1813	0:23:37	1/1/2019 	1411276	908.00	102.00	30.39	10.93	79378.80	2810	0	BartonZwiebach	
1814	0:23:38	1/1/2019 	1412280	202.00	8.00	9.34	10.93	79379.28	49797	0	BartonZwiebach	
1815	0:23:38	1/1/2019 	1412497	110.00	9.00	6.87	10.93	79379.28	3997	0	BartonZwiebach	
1816	0:23:39	1/1/2019 	1413117	97.00	9.00	6.52	10.93	79380.56	49792	0	BartonZwiebach	
1817	0:23:39	1/1/2019 	1413424	148.00	9.00	7.97	10.93	79380.56	1850	0	BartonZwiebach	
1818	0:23:40	1/1/2019 	1414671	948.00	147.00	38.81	10.93	79382.93	97734	0	BartonZwiebach	
1819	0:23:43	1/1/2019 	1417492	676.00	10.00	14.93	10.93	79387.88	97748	0	BartonZwiebach	
1820	0:23:44	1/1/2019 	1418258	93.00	9.00	6.42	10.93	79390.28	49797	0	BartonZwiebach	
1821	0:23:44	1/1/2019 	1418448	818.00	44.00	21.94	10.93	79390.28	3855	0	BartonZwiebach	
1822	0:23:46	1/1/2019 	1420559	132.00	9.00	7.50	10.93	79397.30	145689	0	BartonZwiebach	
1823	0:23:47	1/1/2019 	1421119	494.00	9.00	12.88	10.93	79398.58	2811	0	BartonZwiebach	
1824	0:23:49	1/1/2019 	1423227	970.00	612.00	107.54	10.94	79405.41	97741	0	BartonZwiebach	
1825	0:23:50	1/1/2019 	1424010	965.00	404.00	74.93	10.94	79408.92	49810	0	BartonZwiebach	
1826	0:23:52	1/1/2019 	1425803	799.00	40.00	21.49	10.95	79415.12	97759	0	BartonZwiebach	
1827	0:23:52	1/1/2019 	1426232	193.00	9.00	9.15	10.95	79417.16	4000	0	BartonZwiebach	
1828	0:23:52	1/1/2019 	1426486	90.00	9.00	6.35	10.96	79419.23	1849	0	BartonZwiebach	
1829	0:23:52	1/1/2019 	1426559	164.00	9.00	8.41	10.96	79419.23	49792	0	BartonZwiebach	
1830	0:23:53	1/1/2019 	1427117	700.00	12.00	15.65	10.96	79421.15	1850	0	BartonZwiebach	
1831	0:23:56	1/1/2019 	1430057	452.00	9.00	12.57	10.98	79434.78	145686	0	BartonZwiebach	
1832	0:23:58	1/1/2019 	1432236	74.00	9.00	6.03	10.99	79443.50	98701	0	BartonZwiebach	
1833	0:23:58	1/1/2019 	1432614	451.00	10.00	12.64	10.99	79445.41	51942	0	BartonZwiebach	
1834	0:24:02	1/1/2019 	1435997	80.00	8.00	6.14	11.02	79461.02	145684	0	BartonZwiebach	
1835	0:24:03	1/1/2019 	1436813	844.00	63.00	23.97	11.03	79463.22	49791	0	BartonZwiebach	
1836	0:24:07	1/1/2019 	1440852	347.00	9.00	11.67	11.07	79479.86	193636	0	BartonZwiebach	
1837	0:24:10	1/1/2019 	1443913	923.00	126.00	35.07	11.10	79490.67	146644	0	BartonZwiebach	
1838	0:24:10	1/1/2019 	1444288	169.00	9.00	8.54	11.10	79492.25	4001	0	BartonZwiebach	
1839	0:24:11	1/1/2019 	1445698	194.00	9.00	9.17	11.11	79495.69	97734	0	BartonZwiebach	
1840	0:24:12	1/1/2019 	1446341	106.00	9.00	6.76	11.12	79498.98	1850	0	BartonZwiebach	
1841	0:24:12	1/1/2019 	1446384	703.00	12.00	15.66	11.12	79498.98	1851	0	BartonZwiebach	
1842	0:24:13	1/1/2019 	1446830	757.00	21.00	18.41	11.13	79501.03	49793	0	BartonZwiebach	
1843	0:24:14	1/1/2019 	1447808	519.00	9.00	13.09	11.14	79504.81	49794	0	BartonZwiebach	
1844	0:24:14	1/1/2019 	1447905	445.00	9.00	12.52	11.14	79504.81	3856	0	BartonZwiebach	
1845	0:24:14	1/1/2019 	1448667	230.00	9.00	9.94	11.14	79506.66	49794	0	BartonZwiebach	
1846	0:24:15	1/1/2019 	1449769	97.00	9.00	6.52	11.16	79512.48	49792	0	BartonZwiebach	
1847	0:24:16	1/1/2019 	1450754	123.00	9.00	7.24	11.17	79516.71	50752	0	BartonZwiebach	
1848	0:24:18	1/1/2019 	1452131	66.00	9.00	5.93	11.18	79520.78	49792	0	BartonZwiebach	
1849	0:24:21	1/1/2019 	1455258	976.00	763.00	136.01	11.22	79537.31	145678	0	BartonZwiebach	
1850	0:24:23	1/1/2019 	1457059	785.00	28.00	19.88	11.24	79545.18	99921	0	BartonZwiebach	
1851	0:24:25	1/1/2019 	1459450	385.00	9.00	12.05	11.27	79559.19	97740	0	BartonZwiebach	
1852	0:24:25	1/1/2019 	1459665	70.00	9.00	5.98	11.27	79561.73	49794	0	BartonZwiebach	
1853	0:24:26	1/1/2019 	1460483	123.00	9.00	7.24	11.28	79564.86	2809	0	BartonZwiebach	
1854	0:24:27	1/1/2019 	1461175	916.00	114.00	32.74	11.29	79570.85	49794	0	BartonZwiebach	
1855	0:24:27	1/1/2019 	1461214	689.00	11.00	15.30	11.29	79570.85	1852	0	BartonZwiebach	
1856	0:24:28	1/1/2019 	1461873	97.00	9.00	6.52	11.30	79573.69	51996	0	BartonZwiebach	
1857	0:24:28	1/1/2019 	1462415	319.00	9.00	11.34	11.31	79576.67	1850	0	BartonZwiebach	
1858	0:24:30	1/1/2019 	1464450	962.00	323.00	60.99	11.33	79588.48	97737	0	BartonZwiebach	
1859	0:24:31	1/1/2019 	1465128	806.00	45.00	22.02	11.35	79594.61	49802	0	BartonZwiebach	
1860	0:24:32	1/1/2019 	1465978	317.00	9.00	11.32	11.36	79597.60	49797	0	BartonZwiebach	
1861	0:24:33	1/1/2019 	1466864	155.00	9.00	8.16	11.37	79603.56	51798	0	BartonZwiebach	
1862	0:24:36	1/1/2019 	1470655	508.00	9.00	12.99	11.44	79626.91	193620	0	BartonZwiebach	
1863	0:24:37	1/1/2019 	1471183	289.00	9.00	10.94	11.45	79629.73	2812	0	BartonZwiebach	
1864	0:24:38	1/1/2019 	1471816	202.00	9.00	9.36	11.45	79632.56	49795	0	BartonZwiebach	
1865	0:24:41	1/1/2019 	1475279	877.00	80.00	26.40	11.52	79651.92	145681	0	BartonZwiebach	
1866	0:24:42	1/1/2019 	1476306	378.00	9.00	11.99	11.54	79656.94	49797	0	BartonZwiebach	
1867	0:24:42	1/1/2019 	1476776	188.00	9.00	9.03	11.54	79659.12	51946	0	BartonZwiebach	
1868	0:24:43	1/1/2019 	1477184	69.00	9.00	5.97	11.55	79662.08	1854	0	BartonZwiebach	
1869	0:24:44	1/1/2019 	1478102	963.00	275.00	53.32	11.57	79667.23	49794	0	BartonZwiebach	
1870	0:24:44	1/1/2019 	1478114	149.00	9.00	7.99	11.57	79667.23	1851	0	BartonZwiebach	
1871	0:24:45	1/1/2019 	1478911	806.00	42.00	21.71	11.58	79670.03	49791	0	BartonZwiebach	
1872	0:24:46	1/1/2019 	1480667	628.00	10.00	14.58	11.61	79680.23	97742	0	BartonZwiebach	
1873	0:24:47	1/1/2019 	1481448	612.00	10.00	14.37	11.63	79685.38	4904	0	BartonZwiebach	
1874	0:24:48	1/1/2019 	1482753	754.00	19.00	17.90	11.65	79691.13	97743	0	BartonZwiebach	
1875	0:24:52	1/1/2019 	1485808	99.00	9.00	6.57	11.70	79707.76	145682	0	BartonZwiebach	
1876	0:24:52	1/1/2019 	1486252	633.00	10.00	14.64	11.71	79710.41	1851	0	BartonZwiebach	
1877	0:24:52	1/1/2019 	1486466	978.00	766.00	136.24	11.72	79713.22	1851	0	BartonZwiebach	
1878	0:24:53	1/1/2019 	1487166	136.00	9.00	7.62	11.73	79716.20	49809	0	BartonZwiebach	
1879	0:24:53	1/1/2019 	1487365	426.00	9.00	12.39	11.73	79718.88	6346	0	BartonZwiebach	
1880	0:24:54	1/1/2019 	1487889	543.00	10.00	13.44	11.74	79721.99	49798	0	BartonZwiebach	
1881	0:24:54	1/1/2019 	1488090	958.00	164.00	41.35	11.74	79721.99	1852	0	BartonZwiebach	
1882	0:24:54	1/1/2019 	1488560	76.00	9.00	6.07	11.75	79725.30	49798	0	BartonZwiebach	
1883	0:24:57	1/1/2019 	1491721	935.00	133.00	36.38	11.80	79743.48	145679	0	BartonZwiebach	
1884	0:25:01	1/1/2019 	1495656	127.00	9.00	7.36	11.88	79769.72	196561	0	BartonZwiebach	
1885	0:25:02	1/1/2019 	1495839	295.00	8.00	10.99	11.89	79773.16	1851	0	BartonZwiebach	
1886	0:25:02	1/1/2019 	1496479	369.00	9.00	11.90	11.90	79776.78	1848	0	BartonZwiebach	
1887	0:25:02	1/1/2019 	1496562	150.00	9.00	8.02	11.90	79776.78	49794	0	BartonZwiebach	
1888	0:25:03	1/1/2019 	1497751	960.00	284.00	54.59	11.93	79787.44	49792	0	BartonZwiebach	
1889	0:25:05	1/1/2019 	1499151	887.00	91.00	28.28	11.95	79794.34	49803	0	BartonZwiebach	
1890	0:25:05	1/1/2019 	1499425	716.00	13.00	16.01	11.96	79797.97	3856	0	BartonZwiebach	
1891	0:25:05	1/1/2019 	1499475	961.00	225.00	47.75	11.96	79797.97	1851	0	BartonZwiebach	
1892	0:25:07	1/1/2019 	1500948	101.00	8.00	6.62	11.99	79808.77	97748	0	BartonZwiebach	
1893	0:25:08	1/1/2019 	1502652	426.00	9.00	12.39	12.02	79818.67	98498	0	BartonZwiebach	
1894	0:25:08	1/1/2019 	1502779	908.00	103.00	30.58	12.03	79822.27	1851	0	BartonZwiebach	
1895	0:25:08	1/1/2019 	1502911	254.00	9.00	10.38	12.03	79822.27	1852	0	BartonZwiebach	
1896	0:25:09	1/1/2019 	1502978	955.00	160.00	40.80	12.03	79822.27	3998	0	BartonZwiebach	
1897	0:25:11	1/1/2019 	1505314	180.00	9.00	8.83	12.08	79839.97	97750	0	BartonZwiebach	
1898	0:25:13	1/1/2019 	1507196	688.00	11.00	15.29	12.13	79852.62	97741	0	BartonZwiebach	
1899	0:25:14	1/1/2019 	1508092	654.00	10.00	14.83	12.14	79856.23	49802	0	BartonZwiebach	
1900	0:25:16	1/1/2019 	1510395	820.00	59.00	23.46	12.20	79871.37	97743	0	BartonZwiebach	
1901	0:25:16	1/1/2019 	1510754	72.00	9.00	6.01	12.21	79874.32	50560	0	BartonZwiebach	
1902	0:25:17	1/1/2019 	1511616	98.00	9.00	6.54	12.23	79880.09	51939	0	BartonZwiebach	
1903	0:25:18	1/1/2019 	1512921	167.00	9.00	8.49	12.25	79885.70	49796	0	BartonZwiebach	
1904	0:25:19	1/1/2019 	1513144	966.00	412.00	76.09	12.26	79888.34	1851	0	BartonZwiebach	
1905	0:25:20	1/1/2019 	1514291	554.00	9.00	13.45	12.28	79894.12	49806	0	BartonZwiebach	
1906	0:25:20	1/1/2019 	1514579	145.00	9.00	7.88	12.29	79896.77	49797	0	BartonZwiebach	
1907	0:25:23	1/1/2019 	1517054	159.00	9.00	8.27	12.35	79911.11	99741	0	BartonZwiebach	
1908	0:25:23	1/1/2019 	1517341	101.00	9.00	6.62	12.35	79911.11	1850	0	BartonZwiebach	
1909	0:25:23	1/1/2019 	1517353	371.00	9.00	11.92	12.35	79911.11	1849	0	BartonZwiebach	
1910	0:25:25	1/1/2019 	1519554	394.00	9.00	12.13	12.40	79925.48	145685	0	BartonZwiebach	
1911	0:25:25	1/1/2019 	1519797	677.00	10.00	14.94	12.40	79925.48	2613	0	BartonZwiebach	
1912	0:25:26	1/1/2019 	1520654	972.00	547.00	93.88	12.42	79931.40	49795	0	BartonZwiebach	
1913	0:25:27	1/1/2019 	1521092	300.00	9.00	11.09	12.43	79934.23	3999	0	BartonZwiebach	
1914	0:25:27	1/1/2019 	1521479	224.00	9.00	9.82	12.44	79937.66	1851	0	BartonZwiebach	
1915	0:25:28	1/1/2019 	1522848	790.00	30.00	20.21	12.47	79943.91	97737	0	BartonZwiebach	
1916	0:25:29	1/1/2019 	1523363	81.00	8.00	6.15	12.48	79947.54	1851	0	BartonZwiebach	
1917	0:25:30	1/1/2019 	1524806	976.00	860.00	156.51	12.51	79958.38	97739	0	BartonZwiebach	
1918	0:25:31	1/1/2019 	1525672	414.00	9.00	12.30	12.53	79965.27	49820	0	BartonZwiebach	
1919	0:25:33	1/1/2019 	1527455	295.00	9.00	11.02	12.57	79979.39	51800	0	BartonZwiebach	
1920	0:25:33	1/1/2019 	1527644	137.00	9.00	7.65	12.57	79979.39	49795	0	BartonZwiebach	
1921	0:25:34	1/1/2019 	1527955	568.00	10.00	13.75	12.58	79983.31	1849	0	BartonZwiebach	
1922	0:25:36	1/1/2019 	1530230	312.00	10.00	11.29	12.63	79998.07	97741	0	BartonZwiebach	
1923	0:25:36	1/1/2019 	1530596	696.00	11.00	15.30	12.64	80001.99	50560	0	BartonZwiebach	
1924	0:25:37	1/1/2019 	1531223	433.00	9.00	12.44	12.65	80005.73	1851	0	BartonZwiebach	
1925	0:25:37	1/1/2019 	1531784	949.00	144.00	38.31	12.66	80009.20	51943	0	BartonZwiebach	
1926	0:25:38	1/1/2019 	1532632	909.00	103.00	30.59	12.69	80017.20	49801	0	BartonZwiebach	
1927	0:25:39	1/1/2019 	1533455	81.00	8.00	6.15	12.71	80024.73	1851	0	BartonZwiebach	
1928	0:25:39	1/1/2019 	1533938	63.00	8.00	5.91	12.72	80028.64	49791	0	BartonZwiebach	
1929	0:25:40	1/1/2019 	1534825	537.00	9.00	13.26	12.74	80032.56	49791	0	BartonZwiebach	
1930	0:25:41	1/1/2019 	1535154	957.00	243.00	49.50	12.75	80036.81	3854	0	BartonZwiebach	
1931	0:25:41	1/1/2019 	1535219	732.00	14.00	16.36	12.75	80036.81	1852	0	BartonZwiebach	
1932	0:25:42	1/1/2019 	1536802	68.00	9.00	5.95	12.78	80048.91	97742	0	BartonZwiebach	
1933	0:25:43	1/1/2019 	1537424	301.00	9.00	11.11	12.81	80056.62	1851	0	BartonZwiebach	
1934	0:25:44	1/1/2019 	1538312	968.00	413.00	76.23	12.83	80064.46	49797	0	BartonZwiebach	
1935	0:25:44	1/1/2019 	1538695	104.00	9.00	6.70	12.83	80064.46	49805	0	BartonZwiebach	
1936	0:25:44	1/1/2019 	1538929	205.00	8.00	9.41	12.84	80068.20	3852	0	BartonZwiebach	
1937	0:25:46	1/1/2019 	1540020	672.00	10.00	14.92	12.87	80075.59	49792	0	BartonZwiebach	
1938	0:25:46	1/1/2019 	1540427	130.00	9.00	7.44	12.88	80079.03	2613	0	BartonZwiebach	
1939	0:25:47	1/1/2019 	1541929	472.00	9.00	12.71	12.92	80089.48	97738	0	BartonZwiebach	
1940	0:25:48	1/1/2019 	1542040	82.00	8.00	6.17	12.92	80089.48	1851	0	BartonZwiebach	
1941	0:25:49	1/1/2019 	1543244	494.00	9.00	12.88	12.94	80096.39	49793	0	BartonZwiebach	
1942	0:25:49	1/1/2019 	1543307	122.00	9.00	7.21	12.96	80099.84	3998	0	BartonZwiebach	
1943	0:25:50	1/1/2019 	1544557	870.00	79.00	26.22	12.98	80106.69	97737	0	BartonZwiebach	
1944	0:25:50	1/1/2019 	1544764	308.00	9.00	11.20	12.99	80109.98	1852	0	BartonZwiebach	
1945	0:25:51	1/1/2019 	1545157	123.00	9.00	7.24	12.99	80109.98	1849	0	BartonZwiebach	
1946	0:25:52	1/1/2019 	1546419	66.00	9.00	5.93	13.03	80119.34	49795	0	BartonZwiebach	
1947	0:25:53	1/1/2019 	1547480	433.00	9.00	12.44	13.05	80125.61	49794	0	BartonZwiebach	
1948	0:25:53	1/1/2019 	1547734	201.00	9.00	9.33	13.06	80128.56	51798	0	BartonZwiebach	
1949	0:25:56	1/1/2019 	1550091	106.00	8.00	6.75	13.11	80141.53	97736	0	BartonZwiebach	
1950	0:25:56	1/1/2019 	1550259	968.00	415.00	76.51	13.13	80144.81	2611	0	BartonZwiebach	
1951	0:25:57	1/1/2019 	1551479	152.00	9.00	8.08	13.15	80151.19	49804	0	BartonZwiebach	
1952	0:25:57	1/1/2019 	1551935	383.00	9.00	12.04	13.16	80154.31	49792	0	BartonZwiebach	
1953	0:26:00	1/1/2019 	1554589	340.00	9.00	11.60	13.22	80170.59	145686	0	BartonZwiebach	
1954	0:26:02	1/1/2019 	1555990	949.00	145.00	38.48	13.26	80180.31	51944	0	BartonZwiebach	
1955	0:26:02	1/1/2019 	1556656	203.00	9.00	9.38	13.28	80187.02	49799	0	BartonZwiebach	
1956	0:26:03	1/1/2019 	1557671	151.00	9.00	8.05	13.30	80194.39	49794	0	BartonZwiebach	
1957	0:26:03	1/1/2019 	1557690	315.00	9.00	11.29	13.30	80194.39	1850	0	BartonZwiebach	
1958	0:26:03	1/1/2019 	1557765	972.00	450.00	80.96	13.30	80194.39	1851	0	BartonZwiebach	
1959	0:26:06	1/1/2019 	1560047	976.00	657.00	117.82	13.35	80209.94	99765	0	BartonZwiebach	
1960	0:26:06	1/1/2019 	1560892	129.00	8.00	7.41	13.38	80217.98	50574	0	BartonZwiebach	
1961	0:26:07	1/1/2019 	1561169	638.00	10.00	14.69	13.39	80222.06	1847	0	BartonZwiebach	
1962	0:26:07	1/1/2019 	1561801	969.00	303.00	57.55	13.40	80225.81	49796	0	BartonZwiebach	
1963	0:26:10	1/1/2019 	1564089	364.00	9.00	11.85	13.47	80246.08	97752	0	BartonZwiebach	
1964	0:26:10	1/1/2019 	1564284	236.00	9.00	10.06	13.47	80246.08	1851	0	BartonZwiebach	
1965	0:26:10	1/1/2019 	1564582	106.00	8.00	6.75	13.48	80250.33	51941	0	BartonZwiebach	
1966	0:26:10	1/1/2019 	1564623	392.00	9.00	12.12	13.48	80250.33	1847	0	BartonZwiebach	
1967	0:26:10	1/1/2019 	1564668	535.00	9.00	13.24	13.48	80250.33	1851	0	BartonZwiebach	
1968	0:26:11	1/1/2019 	1565675	807.00	50.00	22.51	13.50	80258.67	49794	0	BartonZwiebach	
1969	0:26:12	1/1/2019 	1566008	960.00	236.00	48.80	13.52	80262.92	1852	0	BartonZwiebach	
1970	0:26:12	1/1/2019 	1566257	368.00	9.00	11.89	13.52	80262.92	1851	0	BartonZwiebach	
1971	0:26:12	1/1/2019 	1566413	191.00	9.00	9.10	13.52	80262.92	3853	0	BartonZwiebach	
1972	0:26:13	1/1/2019 	1567094	972.00	648.00	115.89	13.54	80271.27	49792	0	BartonZwiebach	
1973	0:26:14	1/1/2019 	1568077	780.00	29.00	20.03	13.57	80279.92	49811	0	BartonZwiebach	
1974	0:26:16	1/1/2019 	1570231	105.00	9.00	6.73	13.62	80296.25	97745	0	BartonZwiebach	
1975	0:26:16	1/1/2019 	1570558	969.00	368.00	69.09	13.63	80300.37	50555	0	BartonZwiebach	
1976	0:26:19	1/1/2019 	1573641	313.00	9.00	11.27	13.71	80325.33	145704	0	BartonZwiebach	
1977	0:26:20	1/1/2019 	1574121	322.00	9.00	11.38	13.72	80329.25	4054	0	BartonZwiebach	
1978	0:26:20	1/1/2019 	1574193	87.00	9.00	6.28	13.72	80329.25	1851	0	BartonZwiebach	
1979	0:26:21	1/1/2019 	1575109	310.00	6.00	11.11	13.75	80336.80	49791	0	BartonZwiebach	
1980	0:26:23	1/1/2019 	1577250	889.00	89.00	27.94	13.80	80351.83	97740	0	BartonZwiebach	
1981	0:26:25	1/1/2019 	1579572	105.00	9.00	6.73	13.87	80369.38	145690	0	BartonZwiebach	
1982	0:26:25	1/1/2019 	1579676	925.00	123.00	34.50	13.87	80369.38	4767	0	BartonZwiebach	
1983	0:26:25	1/1/2019 	1579849	142.00	9.00	7.79	13.88	80373.12	1853	0	BartonZwiebach	
1984	0:26:26	1/1/2019 	1580078	557.00	10.00	13.61	13.88	80373.12	1856	0	BartonZwiebach	
1985	0:26:26	1/1/2019 	1580441	282.00	9.00	10.83	13.89	80376.41	1856	0	BartonZwiebach	
1986	0:26:26	1/1/2019 	1580452	166.00	9.00	8.46	13.89	80376.41	1849	0	BartonZwiebach	
1987	0:26:26	1/1/2019 	1580790	653.00	10.00	14.83	13.89	80376.41	49796	0	BartonZwiebach	
1988	0:26:27	1/1/2019 	1581427	581.00	10.00	13.93	13.92	80383.46	3853	0	BartonZwiebach	
1989	0:26:28	1/1/2019 	1582098	578.00	9.00	13.74	13.93	80386.88	49797	0	BartonZwiebach	
1990	0:26:28	1/1/2019 	1582891	922.00	121.00	34.11	13.96	80393.77	49796	0	BartonZwiebach	
1991	0:26:28	1/1/2019 	1582937	171.00	8.00	8.59	13.96	80393.77	1851	0	BartonZwiebach	
1992	0:26:29	1/1/2019 	1583248	98.00	8.00	6.54	13.96	80393.77	1847	0	BartonZwiebach	
1993	0:26:29	1/1/2019 	1583674	86.00	9.00	6.26	13.97	80397.22	49792	0	BartonZwiebach	
1994	0:26:30	1/1/2019 	1584385	176.00	9.00	8.73	14.00	80403.45	3851	0	BartonZwiebach	
1995	0:26:30	1/1/2019 	1584634	665.00	10.00	14.90	14.00	80403.45	49795	0	BartonZwiebach	
1996	0:26:31	1/1/2019 	1585049	976.00	749.00	134.03	14.01	80407.05	1851	0	BartonZwiebach	
1997	0:26:31	1/1/2019 	1585178	188.00	12.00	9.05	14.01	80407.05	1852	0	BartonZwiebach	
1998	0:26:31	1/1/2019 	1585255	949.00	156.00	40.21	14.01	80407.05	1850	0	BartonZwiebach	
1999	0:26:31	1/1/2019 	1585429	264.00	9.00	10.55	14.03	80410.34	1851	0	BartonZwiebach	
2000	0:26:31	1/1/2019 	1585466	168.00	9.00	8.52	14.03	80410.34	3853	0	BartonZwiebach	
2001	0:26:32	1/1/2019 	1586481	165.00	9.00	8.44	14.05	80416.59	49795	0	BartonZwiebach	
2002	0:26:33	1/1/2019 	1587254	761.00	23.00	18.88	14.06	80420.05	49795	0	BartonZwiebach	
2003	0:26:34	1/1/2019 	1588100	968.00	363.00	68.21	14.09	80427.09	49797	0	BartonZwiebach	
2004	0:26:34	1/1/2019 	1588343	194.00	9.00	9.17	14.10	80430.38	1851	0	BartonZwiebach	
2005	0:26:35	1/1/2019 	1589146	648.00	10.00	14.79	14.11	80433.81	49795	0	BartonZwiebach	
2006	0:26:35	1/1/2019 	1589400	611.00	3.00	12.69	14.13	80437.58	3853	0	BartonZwiebach	
2007	0:26:36	1/1/2019 	1590300	955.00	163.00	41.22	14.15	80444.80	49797	0	BartonZwiebach	
2008	0:26:37	1/1/2019 	1591344	961.00	273.00	53.05	14.18	80452.19	50564	0	BartonZwiebach	
2009	0:26:37	1/1/2019 	1591355	981.00	715.00	129.05	14.18	80452.19	1852	0	BartonZwiebach	
2010	0:26:37	1/1/2019 	1591419	586.00	9.00	13.84	14.18	80452.19	1850	0	BartonZwiebach	
2011	0:26:37	1/1/2019 	1591682	968.00	357.00	67.14	14.18	80452.19	51940	0	BartonZwiebach	
2012	0:26:37	1/1/2019 	1591706	608.00	9.00	14.12	14.18	80452.19	1851	0	BartonZwiebach	
2013	0:26:38	1/1/2019 	1592425	948.00	149.00	39.13	14.20	80459.56	1850	0	BartonZwiebach	
2014	0:26:40	1/1/2019 	1594758	968.00	408.00	75.53	14.26	80478.59	145698	0	BartonZwiebach	
2015	0:26:40	1/1/2019 	1594765	68.00	8.00	5.95	14.26	80478.59	1853	0	BartonZwiebach	
2016	0:26:41	1/1/2019 	1595843	195.00	9.00	9.19	14.29	80486.76	49791	0	BartonZwiebach	
2017	0:26:43	1/1/2019 	1597378	64.00	9.00	5.92	14.33	80499.88	51799	0	BartonZwiebach	
2018	0:26:43	1/1/2019 	1597890	791.00	31.00	20.36	14.34	80504.11	49797	0	BartonZwiebach	
2019	0:26:46	1/1/2019 	1600344	659.00	10.00	14.87	14.40	80526.34	97746	0	BartonZwiebach	
2020	0:26:47	1/1/2019 	1601366	681.00	10.00	14.94	14.43	80535.37	50558	0	BartonZwiebach	
2021	0:26:47	1/1/2019 	1601624	520.00	9.00	13.10	14.44	80539.94	49798	0	BartonZwiebach	
2022	0:26:48	1/1/2019 	1602592	116.00	8.00	7.03	14.47	80548.59	49796	0	BartonZwiebach	
2023	0:26:51	1/1/2019 	1605180	569.00	9.00	13.63	14.53	80570.66	99883	0	BartonZwiebach	
2024	0:26:53	1/1/2019 	1607201	158.00	9.00	8.25	14.59	80587.82	97743	0	BartonZwiebach	
2025	0:26:53	1/1/2019 	1607309	466.00	9.00	12.67	14.59	80587.82	1852	0	BartonZwiebach	
2026	0:26:55	1/1/2019 	1608971	66.00	8.00	5.93	14.63	80600.89	97742	0	BartonZwiebach	
2027	0:26:55	1/1/2019 	1609630	77.00	8.00	6.08	14.66	80609.23	49792	0	BartonZwiebach	
2028	0:26:55	1/1/2019 	1609793	280.00	9.00	10.80	14.66	80609.23	2609	0	BartonZwiebach	
2029	0:26:56	1/1/2019 	1610600	705.00	12.00	15.66	14.69	80617.56	51943	0	BartonZwiebach	
2030	0:26:56	1/1/2019 	1610716	973.00	387.00	72.30	14.69	80617.56	1851	0	BartonZwiebach	
2031	0:26:56	1/1/2019 	1610800	309.00	9.00	11.21	14.69	80617.56	1851	0	BartonZwiebach	
2032	0:26:56	1/1/2019 	1610883	805.00	41.00	21.61	14.69	80617.56	1850	0	BartonZwiebach	
2033	0:26:58	1/1/2019 	1612895	571.00	9.00	13.65	14.74	80633.77	97745	0	BartonZwiebach	
2034	0:26:59	1/1/2019 	1612972	176.00	8.00	8.72	14.74	80637.69	3908	0	BartonZwiebach	
2035	0:27:00	1/1/2019 	1614670	960.00	266.00	52.14	14.80	80649.28	97739	0	BartonZwiebach	
2036	0:27:00	1/1/2019 	1614792	85.00	9.00	6.24	14.80	80649.28	1852	0	BartonZwiebach	
2037	0:27:01	1/1/2019 	1614997	202.00	9.00	9.36	14.81	80653.22	1849	0	BartonZwiebach	
2038	0:27:02	1/1/2019 	1615982	302.00	9.00	11.12	14.84	80660.42	49796	0	BartonZwiebach	
2039	0:27:03	1/1/2019 	1617072	230.00	9.00	9.94	14.87	80667.48	49798	0	BartonZwiebach	
2040	0:27:05	1/1/2019 	1619284	339.00	9.00	11.58	14.92	80681.58	99744	0	BartonZwiebach	
2041	0:27:07	1/1/2019 	1621571	899.00	100.00	29.99	14.99	80699.62	145690	0	BartonZwiebach	
2042	0:27:10	1/1/2019 	1624259	392.00	10.00	12.17	15.06	80717.81	98510	0	BartonZwiebach	
2043	0:27:10	1/1/2019 	1624633	149.00	8.00	7.99	15.07	80721.75	49796	0	BartonZwiebach	
2044	0:27:10	1/1/2019 	1624669	92.00	9.00	6.39	15.07	80721.75	1847	0	BartonZwiebach	
2045	0:27:11	1/1/2019 	1625921	361.00	8.00	11.77	15.11	80732.73	49793	0	BartonZwiebach	
2046	0:27:13	1/1/2019 	1627284	227.00	8.00	9.87	15.14	80740.78	51940	0	BartonZwiebach	
2047	0:27:15	1/1/2019 	1629078	88.00	8.00	6.30	15.20	80757.14	97737	0	BartonZwiebach	
2048	0:27:15	1/1/2019 	1629160	748.00	18.00	17.62	15.20	80757.14	1849	0	BartonZwiebach	
2049	0:27:15	1/1/2019 	1629693	165.00	9.00	8.44	15.21	80761.73	49797	0	BartonZwiebach	
2050	0:27:17	1/1/2019 	1631114	402.00	9.00	12.20	15.25	80775.11	50555	0	BartonZwiebach	
2051	0:27:20	1/1/2019 	1634199	361.00	9.00	11.82	15.34	80802.56	145688	0	BartonZwiebach	
2052	0:27:20	1/1/2019 	1634364	616.00	9.00	14.22	15.35	80807.14	3996	0	BartonZwiebach	
2053	0:27:21	1/1/2019 	1634983	965.00	379.00	70.98	15.37	80811.70	49795	0	BartonZwiebach	
2054	0:27:21	1/1/2019 	1635274	252.00	9.00	10.35	15.38	80816.12	1853	0	BartonZwiebach	
2055	0:27:24	1/1/2019 	1638082	805.00	48.00	22.31	15.45	80839.48	145690	0	BartonZwiebach	
2056	0:27:24	1/1/2019 	1638598	922.00	125.00	34.88	15.47	80844.08	49798	0	BartonZwiebach	
2057	0:27:25	1/1/2019 	1639118	93.00	9.00	6.42	15.48	80848.95	3852	0	BartonZwiebach	
2058	0:27:26	1/1/2019 	1640734	70.00	9.00	5.98	15.54	80867.41	97737	0	BartonZwiebach	
2059	0:27:29	1/1/2019 	1643584	960.00	275.00	53.32	15.61	80890.16	146643	0	BartonZwiebach	
2060	0:27:30	1/1/2019 	1643976	873.00	80.00	26.38	15.63	80894.55	1851	0	BartonZwiebach	
2061	0:27:31	1/1/2019 	1645121	787.00	34.00	20.76	15.67	80907.48	49800	0	BartonZwiebach	
2062	0:27:31	1/1/2019 	1645828	713.00	13.00	16.01	15.69	80911.58	49799	0	BartonZwiebach	
2063	0:27:32	1/1/2019 	1646605	843.00	66.00	24.33	15.72	80919.57	51943	0	BartonZwiebach	
2064	0:27:35	1/1/2019 	1649674	837.00	65.00	24.19	15.80	80943.46	145691	0	BartonZwiebach	
2065	0:27:37	1/1/2019 	1651601	182.00	9.00	8.88	15.86	80958.55	98700	0	BartonZwiebach	
2066	0:27:37	1/1/2019 	1651662	82.00	9.00	6.18	15.86	80958.55	1851	0	BartonZwiebach	
2067	0:27:37	1/1/2019 	1651851	793.00	32.00	20.51	15.86	80958.55	1849	0	BartonZwiebach	
2068	0:27:37	1/1/2019 	1651858	862.00	71.00	25.03	15.86	80958.55	1849	0	BartonZwiebach	
2069	0:27:38	1/1/2019 	1651993	139.00	9.00	7.71	15.86	80958.55	3995	0	BartonZwiebach	
2070	0:27:39	1/1/2019 	1653206	972.00	638.00	113.65	15.91	80970.33	49794	0	BartonZwiebach	
2071	0:27:39	1/1/2019 	1653481	974.00	404.00	74.93	15.91	80970.33	1852	0	BartonZwiebach	
2072	0:27:40	1/1/2019 	1654364	198.00	8.00	9.25	15.93	80977.58	49803	0	BartonZwiebach	
2073	0:27:40	1/1/2019 	1654838	964.00	242.00	49.40	15.95	80981.49	49792	0	BartonZwiebach	
2074	0:27:43	1/1/2019 	1657598	816.00	59.00	23.45	16.04	81004.61	145696	0	BartonZwiebach	
2075	0:27:44	1/1/2019 	1658800	872.00	78.00	26.07	16.06	81012.48	51798	0	BartonZwiebach	
2076	0:27:46	1/1/2019 	1660627	163.00	8.00	8.38	16.12	81027.92	97744	0	BartonZwiebach	
2077	0:27:47	1/1/2019 	1661208	80.00	4.00	6.13	16.14	81031.84	2807	0	BartonZwiebach	
2078	0:27:49	1/1/2019 	1663217	905.00	109.00	31.74	16.19	81048.08	97733	0	BartonZwiebach	
2079	0:27:50	1/1/2019 	1663972	387.00	9.00	12.07	16.22	81056.59	49800	0	BartonZwiebach	
2080	0:27:51	1/1/2019 	1665324	963.00	392.00	73.10	16.25	81064.95	51996	0	BartonZwiebach	
2081	0:27:53	1/1/2019 	1667394	973.00	689.00	124.36	16.32	81087.38	97759	0	BartonZwiebach	
2082	0:27:53	1/1/2019 	1667590	960.00	192.00	44.64	16.32	81087.38	49811	0	BartonZwiebach	
2083	0:27:54	1/1/2019 	1668294	222.00	9.00	9.78	16.34	81091.97	1850	0	BartonZwiebach	
2084	0:27:54	1/1/2019 	1668700	71.00	8.00	5.99	16.35	81096.70	49794	0	BartonZwiebach	
2085	0:27:57	1/1/2019 	1671047	191.00	9.00	9.10	16.42	81120.27	97736	0	BartonZwiebach	
2086	0:27:57	1/1/2019 	1671884	979.00	800.00	142.66	16.46	81130.20	52897	0	BartonZwiebach	
2087	0:27:58	1/1/2019 	1672324	646.00	10.00	14.77	16.47	81135.12	1853	0	BartonZwiebach	
2088	0:27:58	1/1/2019 	1672662	926.00	128.00	35.45	16.47	81135.12	49803	0	BartonZwiebach	
2089	0:27:59	1/1/2019 	1673090	749.00	20.00	18.15	16.49	81139.88	1856	0	BartonZwiebach	
2090	0:28:02	1/1/2019 	1676083	382.00	9.00	12.03	16.58	81169.15	145692	0	BartonZwiebach	
2091	0:28:02	1/1/2019 	1676485	961.00	237.00	48.90	16.59	81174.17	1851	0	BartonZwiebach	
2092	0:28:02	1/1/2019 	1676843	78.00	8.00	6.10	16.61	81178.77	51801	0	BartonZwiebach	
2093	0:28:03	1/1/2019 	1677104	575.00	9.00	13.70	16.61	81178.77	1846	0	BartonZwiebach	
2094	0:28:04	1/1/2019 	1678700	798.00	52.00	22.68	16.67	81197.09	97742	0	BartonZwiebach	
2095	0:28:05	1/1/2019 	1679690	622.00	9.00	14.29	16.70	81206.23	49799	0	BartonZwiebach	
2096	0:28:05	1/1/2019 	1679709	81.00	8.00	6.15	16.70	81206.23	2809	0	BartonZwiebach	
2097	0:28:05	1/1/2019 	1679784	392.00	9.00	12.12	16.70	81206.23	1848	0	BartonZwiebach	
2098	0:28:08	1/1/2019 	1681997	368.00	9.00	11.89	16.76	81223.59	99885	0	BartonZwiebach	
2099	0:28:10	1/1/2019 	1684072	226.00	8.00	9.85	16.82	81240.30	97744	0	BartonZwiebach	
2100	0:28:10	1/1/2019 	1684828	126.00	8.00	7.32	16.86	81248.80	49792	0	BartonZwiebach	
2101	0:28:11	1/1/2019 	1685071	957.00	246.00	49.82	16.86	81248.80	1848	0	BartonZwiebach	
2102	0:28:11	1/1/2019 	1685719	177.00	9.00	8.75	16.89	81256.53	49800	0	BartonZwiebach	
2103	0:28:12	1/1/2019 	1686438	222.00	9.00	9.78	16.90	81260.75	3851	0	BartonZwiebach	
2104	0:28:13	1/1/2019 	1687600	167.00	8.00	8.48	16.95	81272.09	97738	0	BartonZwiebach	
2105	0:28:15	1/1/2019 	1689272	260.00	9.00	10.48	16.99	81284.21	49792	0	BartonZwiebach	
2106	0:28:15	1/1/2019 	1689474	178.00	8.00	8.77	16.99	81284.21	1851	0	BartonZwiebach	
2107	0:28:15	1/1/2019 	1689568	468.00	9.00	12.69	17.01	81288.00	49791	0	BartonZwiebach	
2108	0:28:16	1/1/2019 	1690108	976.00	916.00	185.82	17.02	81291.79	2810	0	BartonZwiebach	
2109	0:28:18	1/1/2019 	1692068	83.00	8.00	6.19	17.08	81307.69	99932	0	BartonZwiebach	
2110	0:28:18	1/1/2019 	1692306	82.00	8.00	6.17	17.08	81307.69	1849	0	BartonZwiebach	
2111	0:28:19	1/1/2019 	1693799	168.00	9.00	8.52	17.13	81319.81	97733	0	BartonZwiebach	
2112	0:28:20	1/1/2019 	1694050	204.00	9.00	9.40	17.14	81323.77	1850	0	BartonZwiebach	
2113	0:28:20	1/1/2019 	1694136	954.00	155.00	40.06	17.14	81323.77	1850	0	BartonZwiebach	
2114	0:28:20	1/1/2019 	1694905	765.00	22.00	18.66	17.16	81327.88	49800	0	BartonZwiebach	
2115	0:28:22	1/1/2019 	1695947	571.00	9.00	13.65	17.19	81336.22	51799	0	BartonZwiebach	
2116	0:28:22	1/1/2019 	1696232	671.00	10.00	14.92	17.20	81340.66	1852	0	BartonZwiebach	
2117	0:28:23	1/1/2019 	1696952	958.00	242.00	49.40	17.23	81349.67	49794	0	BartonZwiebach	
2118	0:28:24	1/1/2019 	1698464	86.00	8.00	6.26	17.28	81363.59	49798	0	BartonZwiebach	
2119	0:28:24	1/1/2019 	1698739	75.00	9.00	6.05	17.28	81363.59	49790	0	BartonZwiebach	
2120	0:28:24	1/1/2019 	1698892	789.00	30.00	20.21	17.28	81363.59	1848	0	BartonZwiebach	
2121	0:28:26	1/1/2019 	1700404	217.00	8.00	9.67	17.33	81382.15	51797	0	BartonZwiebach	
2122	0:28:26	1/1/2019 	1700469	116.00	9.00	7.04	17.33	81382.15	2807	0	BartonZwiebach	
2123	0:28:27	1/1/2019 	1701346	166.00	9.00	8.46	17.35	81387.08	49792	0	BartonZwiebach	
2124	0:28:30	1/1/2019 	1704916	785.00	29.00	20.04	17.46	81425.11	193627	0	BartonZwiebach	
2125	0:28:31	1/1/2019 	1705851	458.00	9.00	12.62	17.49	81434.95	49798	0	BartonZwiebach	
2126	0:28:32	1/1/2019 	1706083	161.00	9.00	8.33	17.49	81434.95	3994	0	BartonZwiebach	
2127	0:28:32	1/1/2019 	1706565	442.00	9.00	12.50	17.51	81439.84	49795	0	BartonZwiebach	
2128	0:28:33	1/1/2019 	1707638	359.00	5.00	11.58	17.54	81450.03	49794	0	BartonZwiebach	
2129	0:28:33	1/1/2019 	1707719	151.00	9.00	8.05	17.54	81450.03	1851	0	BartonZwiebach	
2130	0:28:33	1/1/2019 	1707760	559.00	9.00	13.51	17.54	81450.03	1850	0	BartonZwiebach	
2131	0:28:35	1/1/2019 	1709602	69.00	8.00	5.97	17.60	81469.84	97739	0	BartonZwiebach	
2132	0:28:38	1/1/2019 	1711998	264.00	9.00	10.55	17.68	81495.23	100836	0	BartonZwiebach	
2133	0:28:39	1/1/2019 	1713363	638.00	10.00	14.69	17.72	81509.48	49797	0	BartonZwiebach	
2134	0:28:39	1/1/2019 	1713924	203.00	9.00	9.38	17.74	81514.52	49796	0	BartonZwiebach	
2135	0:28:42	1/1/2019 	1716601	348.00	9.00	11.69	17.82	81538.28	145678	0	BartonZwiebach	
2136	0:28:43	1/1/2019 	1716964	82.00	8.00	6.17	17.83	81542.70	1851	0	BartonZwiebach	
2137	0:28:43	1/1/2019 	1717371	328.00	9.00	11.45	17.85	81546.81	1849	0	BartonZwiebach	
2138	0:28:44	1/1/2019 	1718254	208.00	9.00	9.49	17.88	81555.66	51795	0	BartonZwiebach	
2139	0:28:44	1/1/2019 	1718353	963.00	289.00	55.33	17.88	81555.66	1851	0	BartonZwiebach	
2140	0:28:47	1/1/2019 	1721222	909.00	108.00	31.56	17.97	81581.25	145703	0	BartonZwiebach	
2141	0:28:47	1/1/2019 	1721363	669.00	10.00	14.91	17.97	81581.25	2811	0	BartonZwiebach	
2142	0:28:49	1/1/2019 	1723686	577.00	9.00	13.73	18.05	81601.61	145684	0	BartonZwiebach	
2143	0:28:50	1/1/2019 	1724248	794.00	40.00	21.48	18.07	81605.58	1851	0	BartonZwiebach	
2144	0:28:50	1/1/2019 	1724448	963.00	269.00	52.52	18.07	81605.58	3995	0	BartonZwiebach	
2145	0:28:50	1/1/2019 	1724669	139.00	9.00	7.71	18.08	81609.52	49800	0	BartonZwiebach	
2146	0:28:52	1/1/2019 	1726493	447.00	9.00	12.54	18.13	81621.53	49793	0	BartonZwiebach	
2147	0:28:52	1/1/2019 	1726829	868.00	78.00	26.06	18.14	81625.44	49796	0	BartonZwiebach	
2148	0:28:53	1/1/2019 	1727736	788.00	35.00	20.89	18.17	81633.69	49797	0	BartonZwiebach	
2149	0:28:55	1/1/2019 	1729148	95.00	9.00	6.47	18.22	81646.82	49798	0	BartonZwiebach	
2150	0:28:55	1/1/2019 	1729214	920.00	120.00	33.92	18.22	81646.82	3851	0	BartonZwiebach	
2151	0:28:56	1/1/2019 	1730207	144.00	8.00	7.85	18.25	81655.70	49799	0	BartonZwiebach	
2152	0:28:56	1/1/2019 	1730745	74.00	9.00	6.03	18.26	81659.98	50751	0	BartonZwiebach	
2153	0:28:59	1/1/2019 	1733640	641.00	10.00	14.72	18.36	81687.23	145683	0	BartonZwiebach	
2154	0:29:01	1/1/2019 	1735049	966.00	330.00	62.25	18.40	81700.86	49799	0	BartonZwiebach	
2155	0:29:01	1/1/2019 	1735296	99.00	8.00	6.57	18.40	81700.86	4050	0	BartonZwiebach	
2156	0:29:02	1/1/2019 	1736629	917.00	120.00	33.91	18.45	81714.67	97737	0	BartonZwiebach	
2157	0:29:03	1/1/2019 	1737442	65.00	8.00	5.92	18.48	81724.34	1851	0	BartonZwiebach	
2158	0:29:03	1/1/2019 	1737576	794.00	32.00	20.51	18.48	81724.34	49792	0	BartonZwiebach	
2159	0:29:03	1/1/2019 	1737684	65.00	8.00	5.92	18.48	81724.34	1849	0	BartonZwiebach	
2160	0:29:04	1/1/2019 	1738632	425.00	9.00	12.38	18.51	81733.86	49793	0	BartonZwiebach	
2161	0:29:06	1/1/2019 	1740028	710.00	13.00	16.01	18.55	81748.30	51799	0	BartonZwiebach	
2162	0:29:07	1/1/2019 	1740986	417.00	8.00	12.25	18.58	81757.70	50755	0	BartonZwiebach	
2163	0:29:08	1/1/2019 	1741987	972.00	508.00	87.87	18.61	81767.84	49795	0	BartonZwiebach	
2164	0:29:08	1/1/2019 	1741999	967.00	354.00	66.60	18.61	81767.84	1852	0	BartonZwiebach	
2165	0:29:08	1/1/2019 	1742171	598.00	9.00	14.00	18.61	81767.84	1850	0	BartonZwiebach	
2166	0:29:08	1/1/2019 	1742923	890.00	90.00	28.12	18.64	81777.70	49796	0	BartonZwiebach	
2167	0:29:09	1/1/2019 	1743390	121.00	8.00	7.18	18.66	81782.48	3994	0	BartonZwiebach	
2168	0:29:09	1/1/2019 	1743566	957.00	155.00	40.06	18.66	81782.48	49792	0	BartonZwiebach	
2169	0:29:10	1/1/2019 	1744019	82.00	8.00	6.17	18.68	81787.53	1852	0	BartonZwiebach	
2170	0:29:12	1/1/2019 	1746188	113.00	8.00	6.95	18.74	81807.09	97736	0	BartonZwiebach	
2171	0:29:13	1/1/2019 	1747208	92.00	8.00	6.39	18.77	81816.91	49793	0	BartonZwiebach	
2172	0:29:13	1/1/2019 	1747726	247.00	8.00	10.24	18.78	81821.70	49792	0	BartonZwiebach	
2173	0:29:15	1/1/2019 	1749373	690.00	12.00	15.63	18.85	81840.89	51794	0	BartonZwiebach	
2174	0:29:15	1/1/2019 	1749907	924.00	127.00	35.26	18.86	81845.80	49796	0	BartonZwiebach	
2175	0:29:17	1/1/2019 	1751321	92.00	8.00	6.39	18.91	81859.77	50756	0	BartonZwiebach	
2176	0:29:18	1/1/2019 	1752635	103.00	8.00	6.67	18.95	81869.27	97733	0	BartonZwiebach	
2177	0:29:19	1/1/2019 	1753579	114.00	8.00	6.98	18.98	81878.31	49792	0	BartonZwiebach	
2178	0:29:20	1/1/2019 	1754576	84.00	8.00	6.21	19.01	81887.52	51933	0	BartonZwiebach	
2179	0:29:21	1/1/2019 	1755913	100.00	8.00	6.59	19.06	81900.80	49791	0	BartonZwiebach	
2180	0:29:24	1/1/2019 	1757969	179.00	8.00	8.80	19.12	81918.23	97733	0	BartonZwiebach	
2181	0:29:24	1/1/2019 	1758578	82.00	8.00	6.17	19.14	81922.84	49791	0	BartonZwiebach	
2182	0:29:24	1/1/2019 	1758636	624.00	9.00	14.31	19.15	81927.25	1848	0	BartonZwiebach	
2183	0:29:26	1/1/2019 	1760643	792.00	36.00	21.02	19.22	81945.35	97740	0	BartonZwiebach	
2184	0:29:27	1/1/2019 	1761836	613.00	8.00	13.97	19.25	81953.92	52897	0	BartonZwiebach	
2185	0:29:30	1/1/2019 	1764604	138.00	8.00	7.67	19.34	81980.73	145686	0	BartonZwiebach	
2186	0:29:30	1/1/2019 	1764677	65.00	8.00	5.92	19.34	81980.73	1849	0	BartonZwiebach	
2187	0:29:31	1/1/2019 	1765424	555.00	9.00	13.46	19.36	81985.17	1847	0	BartonZwiebach	
2188	0:29:31	1/1/2019 	1765635	207.00	8.00	9.45	19.37	81989.63	49798	0	BartonZwiebach	
2189	0:29:35	1/1/2019 	1769208	112.00	8.00	6.92	19.48	82021.90	145681	0	BartonZwiebach	
2190	0:29:36	1/1/2019 	1770010	516.00	9.00	13.06	19.51	82031.42	51793	0	BartonZwiebach	
2191	0:29:36	1/1/2019 	1770807	964.00	205.00	45.90	19.52	82036.02	50756	0	BartonZwiebach	
2192	0:29:37	1/1/2019 	1770959	99.00	8.00	6.57	19.54	82040.80	1851	0	BartonZwiebach	
2193	0:29:37	1/1/2019 	1771176	316.00	8.00	11.27	19.54	82040.80	1848	0	BartonZwiebach	
2194	0:29:39	1/1/2019 	1773131	116.00	8.00	7.03	19.60	82060.06	97738	0	BartonZwiebach	
2195	0:29:40	1/1/2019 	1774346	565.00	9.00	13.58	19.63	82070.08	49793	0	BartonZwiebach	
2196	0:29:41	1/1/2019 	1775197	959.00	236.00	48.80	19.66	82079.95	51940	0	BartonZwiebach	
2197	0:29:41	1/1/2019 	1775318	321.00	9.00	11.37	19.66	82079.95	1851	0	BartonZwiebach	
2198	0:29:42	1/1/2019 	1776758	603.00	9.00	14.06	19.71	82094.77	97739	0	BartonZwiebach	
2199	0:29:43	1/1/2019 	1776975	282.00	8.00	10.80	19.72	82099.72	1850	0	BartonZwiebach	
2200	0:29:44	1/1/2019 	1778155	665.00	9.00	14.58	19.75	82110.05	49795	0	BartonZwiebach	
2201	0:29:44	1/1/2019 	1778489	129.00	8.00	7.41	19.77	82114.98	1851	0	BartonZwiebach	
2202	0:29:45	1/1/2019 	1778987	114.00	9.00	6.98	19.78	82120.09	51793	0	BartonZwiebach	
2203	0:29:45	1/1/2019 	1779157	77.00	8.00	6.08	19.78	82120.09	1850	0	BartonZwiebach	
