###################################################################################################
### CosmicWatch: The Desktop Muon Detector
### Device ID: BartonZwiebach
### Launch time: 0:08:19 1/1/2019
### Questions? Email Spencer N. Axani (saxani@mit.edu)
### Event Time Date TimeStamp[ms] ADC1 ADC2 SiPM[mV] Temp[C] Pressure[Pa] DeadTime[us] Coincident ID
###################################################################################################
1	0:08:20	1/1/2019 	50	408.00	8.00	12.18	29.58	100748.09	47946	0	BartonZwiebach	
2	0:08:20	1/1/2019 	236	86.00	7.00	6.26	29.58	100748.45	5948	0	BartonZwiebach	
3	0:08:20	1/1/2019 	763	570.00	7.00	13.34	29.58	100748.52	49784	0	BartonZwiebach	
4	0:08:21	1/1/2019 	1593	77.00	7.00	6.08	29.58	100748.41	49784	0	BartonZwiebach	
5	0:08:23	1/1/2019 	3139	965.00	286.00	54.88	29.59	100748.90	49784	0	BartonZwiebach	
6	0:08:23	1/1/2019 	3818	68.00	7.00	5.95	29.60	100749.02	49791	0	BartonZwiebach	
7	0:08:24	1/1/2019 	4081	225.00	7.00	9.81	29.60	100749.02	1850	0	BartonZwiebach	
8	0:08:24	1/1/2019 	4806	203.00	7.00	9.35	29.60	100748.95	51779	0	BartonZwiebach	
9	0:08:26	1/1/2019 	6102	970.00	330.00	62.25	29.61	100749.27	49785	0	BartonZwiebach	
10	0:08:26	1/1/2019 	6134	627.00	8.00	14.09	29.61	100749.27	1850	0	BartonZwiebach	
11	0:08:26	1/1/2019 	6194	102.00	7.00	6.64	29.61	100749.27	1847	0	BartonZwiebach	
12	0:08:26	1/1/2019 	6677	167.00	7.00	8.48	29.61	100749.30	49785	0	BartonZwiebach	
13	0:08:26	1/1/2019 	6703	193.00	7.00	9.13	29.61	100749.30	1849	0	BartonZwiebach	
14	0:08:26	1/1/2019 	6860	891.00	97.00	29.40	29.62	100749.55	3843	0	BartonZwiebach	
15	0:08:27	1/1/2019 	7138	967.00	253.00	50.58	29.62	100749.55	1850	0	BartonZwiebach	
16	0:08:27	1/1/2019 	7660	76.00	6.00	6.06	29.62	100749.75	49793	0	BartonZwiebach	
17	0:08:27	1/1/2019 	7799	929.00	135.00	36.74	29.62	100749.75	1848	0	BartonZwiebach	
18	0:08:28	1/1/2019 	8056	747.00	21.00	18.39	29.62	100749.81	1849	0	BartonZwiebach	
19	0:08:28	1/1/2019 	8209	542.00	7.00	13.07	29.62	100749.81	1850	0	BartonZwiebach	
20	0:08:28	1/1/2019 	8743	132.00	7.00	7.49	29.63	100750.41	51782	0	BartonZwiebach	
21	0:08:31	1/1/2019 	11339	634.00	9.00	14.40	29.64	100751.68	97728	0	BartonZwiebach	
22	0:08:31	1/1/2019 	11384	935.00	143.00	38.14	29.64	100751.68	2609	0	BartonZwiebach	
23	0:08:31	1/1/2019 	11623	695.00	12.00	15.65	29.64	100751.58	49791	0	BartonZwiebach	
24	0:08:33	1/1/2019 	13801	83.00	7.00	6.19	29.66	100751.98	97725	0	BartonZwiebach	
25	0:08:34	1/1/2019 	14038	104.00	6.00	6.70	29.66	100751.98	1850	0	BartonZwiebach	
26	0:08:34	1/1/2019 	14242	150.00	7.00	8.01	29.66	100751.85	3984	0	BartonZwiebach	
27	0:08:34	1/1/2019 	14783	145.00	7.00	7.87	29.66	100751.91	49785	0	BartonZwiebach	
28	0:08:36	1/1/2019 	16055	478.00	7.00	12.58	29.67	100752.23	49787	0	BartonZwiebach	
29	0:08:37	1/1/2019 	17375	960.00	172.00	42.40	29.68	100751.86	49790	0	BartonZwiebach	
30	0:08:37	1/1/2019 	17629	666.00	9.00	14.58	29.68	100751.86	49793	0	BartonZwiebach	
31	0:08:38	1/1/2019 	18661	811.00	53.00	22.82	29.68	100751.78	49787	0	BartonZwiebach	
32	0:08:39	1/1/2019 	19011	670.00	10.00	14.92	29.68	100751.84	3900	0	BartonZwiebach	
33	0:08:40	1/1/2019 	20560	766.00	29.00	20.00	29.69	100752.16	97729	0	BartonZwiebach	
34	0:08:42	1/1/2019 	22305	164.00	7.00	8.40	29.70	100752.45	50548	0	BartonZwiebach	
35	0:08:43	1/1/2019 	23278	674.00	11.00	15.25	29.70	100753.05	49789	0	BartonZwiebach	
36	0:08:44	1/1/2019 	24258	962.00	179.00	43.24	29.71	100753.30	49789	0	BartonZwiebach	
37	0:08:44	1/1/2019 	24681	613.00	8.00	13.97	29.71	100753.53	49795	0	BartonZwiebach	
38	0:08:44	1/1/2019 	24690	730.00	17.00	17.30	29.71	100753.53	3982	0	BartonZwiebach	
39	0:08:45	1/1/2019 	25039	605.00	8.00	13.89	29.71	100753.56	1849	0	BartonZwiebach	
40	0:08:46	1/1/2019 	26696	928.00	145.00	38.47	29.72	100754.55	97726	0	BartonZwiebach	
41	0:08:46	1/1/2019 	26803	978.00	532.00	91.42	29.72	100754.55	1851	0	BartonZwiebach	
42	0:08:46	1/1/2019 	26896	263.00	7.00	10.49	29.72	100754.55	1849	0	BartonZwiebach	
43	0:08:47	1/1/2019 	27236	334.00	8.00	11.48	29.72	100754.94	1849	0	BartonZwiebach	
44	0:08:47	1/1/2019 	27309	826.00	52.00	22.75	29.72	100754.94	3842	0	BartonZwiebach	
45	0:08:47	1/1/2019 	27403	159.00	7.00	8.26	29.72	100754.94	1848	0	BartonZwiebach	
46	0:08:48	1/1/2019 	28444	923.00	136.00	36.92	29.73	100755.00	49786	0	BartonZwiebach	
47	0:08:49	1/1/2019 	29952	103.00	7.00	6.67	29.74	100755.66	97735	0	BartonZwiebach	
48	0:08:50	1/1/2019 	30209	62.00	7.00	5.90	29.74	100755.88	2612	0	BartonZwiebach	
49	0:08:51	1/1/2019 	31992	139.00	7.00	7.70	29.75	100756.37	97732	0	BartonZwiebach	
50	0:08:53	1/1/2019 	33025	614.00	9.00	14.20	29.75	100756.77	51923	0	BartonZwiebach	
51	0:08:53	1/1/2019 	33246	363.00	7.00	11.74	29.75	100756.77	1850	0	BartonZwiebach	
52	0:08:54	1/1/2019 	34295	966.00	291.00	55.64	29.75	100757.02	49789	0	BartonZwiebach	
53	0:08:55	1/1/2019 	35751	68.00	7.00	5.95	29.76	100757.51	97742	0	BartonZwiebach	
54	0:08:56	1/1/2019 	36055	981.00	744.00	133.15	29.76	100757.73	1851	0	BartonZwiebach	
55	0:08:56	1/1/2019 	36339	908.00	104.00	30.78	29.76	100757.73	1851	0	BartonZwiebach	
56	0:08:56	1/1/2019 	36967	915.00	118.00	33.52	29.77	100757.83	51787	0	BartonZwiebach	
57	0:08:57	1/1/2019 	37081	396.00	7.00	12.02	29.77	100757.83	1851	0	BartonZwiebach	
58	0:08:57	1/1/2019 	37263	973.00	294.00	56.10	29.77	100757.83	1851	0	BartonZwiebach	
59	0:08:57	1/1/2019 	37583	162.00	7.00	8.34	29.77	100757.89	49794	0	BartonZwiebach	
60	0:08:58	1/1/2019 	38488	116.00	7.00	7.03	29.78	100758.14	1848	0	BartonZwiebach	
61	0:08:58	1/1/2019 	38551	968.00	184.00	43.80	29.78	100758.14	49789	0	BartonZwiebach	
62	0:08:59	1/1/2019 	39174	697.00	13.00	15.98	29.78	100757.51	3898	0	BartonZwiebach	
63	0:08:59	1/1/2019 	39953	801.00	40.00	21.49	29.78	100757.88	49794	0	BartonZwiebach	
64	0:09:00	1/1/2019 	40151	247.00	7.00	10.22	29.78	100758.10	2613	0	BartonZwiebach	
65	0:09:00	1/1/2019 	40216	816.00	55.00	23.03	29.78	100758.10	1851	0	BartonZwiebach	
66	0:09:00	1/1/2019 	40568	227.00	7.00	9.85	29.78	100757.77	49791	0	BartonZwiebach	
67	0:09:01	1/1/2019 	41070	670.00	10.00	14.92	29.79	100757.83	1850	0	BartonZwiebach	
68	0:09:01	1/1/2019 	41382	932.00	145.00	38.48	29.79	100757.83	3987	0	BartonZwiebach	
69	0:09:02	1/1/2019 	42423	166.00	7.00	8.45	29.79	100757.59	49791	0	BartonZwiebach	
70	0:09:02	1/1/2019 	42755	592.00	8.00	13.74	29.79	100757.98	49788	0	BartonZwiebach	
71	0:09:02	1/1/2019 	42993	100.00	7.00	6.59	29.79	100757.98	1847	0	BartonZwiebach	
72	0:09:03	1/1/2019 	43130	293.00	7.00	10.93	29.79	100757.98	1849	0	BartonZwiebach	
73	0:09:04	1/1/2019 	44236	851.00	59.00	23.52	29.80	100757.08	49789	0	BartonZwiebach	
74	0:09:04	1/1/2019 	44478	710.00	14.00	16.34	29.80	100757.08	3846	0	BartonZwiebach	
75	0:09:04	1/1/2019 	44864	816.00	61.00	23.68	29.80	100756.77	49788	0	BartonZwiebach	
76	0:09:05	1/1/2019 	45086	105.00	7.00	6.72	29.80	100756.77	1850	0	BartonZwiebach	
77	0:09:05	1/1/2019 	45721	931.00	134.00	36.56	29.80	100757.00	49789	0	BartonZwiebach	
78	0:09:05	1/1/2019 	45913	706.00	13.00	16.00	29.81	100756.89	1850	0	BartonZwiebach	
79	0:09:07	1/1/2019 	47596	153.00	7.00	8.10	29.81	100756.62	97729	0	BartonZwiebach	
80	0:09:08	1/1/2019 	48011	930.00	143.00	38.14	29.81	100756.69	3848	0	BartonZwiebach	
81	0:09:08	1/1/2019 	48294	857.00	72.00	25.15	29.81	100756.69	1852	0	BartonZwiebach	
82	0:09:08	1/1/2019 	48371	108.00	7.00	6.81	29.82	100756.88	1851	0	BartonZwiebach	
83	0:09:09	1/1/2019 	49408	668.00	10.00	14.91	29.82	100757.45	49786	0	BartonZwiebach	
84	0:09:10	1/1/2019 	50773	605.00	8.00	13.89	29.82	100758.37	97728	0	BartonZwiebach	
85	0:09:11	1/1/2019 	51356	101.00	7.00	6.62	29.82	100758.37	2606	0	BartonZwiebach	
86	0:09:11	1/1/2019 	51478	67.00	7.00	5.94	29.83	100758.59	3986	0	BartonZwiebach	
87	0:09:12	1/1/2019 	52281	63.00	7.00	5.91	29.83	100758.62	49789	0	BartonZwiebach	
88	0:09:12	1/1/2019 	52287	880.00	92.00	28.44	29.83	100758.62	1857	0	BartonZwiebach	
89	0:09:13	1/1/2019 	53117	564.00	8.00	13.43	29.83	100759.02	49796	0	BartonZwiebach	
90	0:09:13	1/1/2019 	53200	150.00	6.00	8.01	29.83	100759.02	1848	0	BartonZwiebach	
91	0:09:14	1/1/2019 	54137	681.00	11.00	15.28	29.84	100759.58	49785	0	BartonZwiebach	
92	0:09:14	1/1/2019 	54927	67.00	6.00	5.94	29.84	100759.41	51837	0	BartonZwiebach	
93	0:09:15	1/1/2019 	55036	100.00	7.00	6.59	29.84	100759.41	1849	0	BartonZwiebach	
94	0:09:15	1/1/2019 	55323	98.00	7.00	6.54	29.84	100759.80	1851	0	BartonZwiebach	
95	0:09:15	1/1/2019 	55977	971.00	237.00	48.90	29.84	100759.88	49789	0	BartonZwiebach	
96	0:09:16	1/1/2019 	56009	256.00	7.00	10.37	29.84	100759.88	1859	0	BartonZwiebach	
97	0:09:17	1/1/2019 	57290	77.00	7.00	6.08	29.85	100761.80	49794	0	BartonZwiebach	
98	0:09:17	1/1/2019 	57897	132.00	7.00	7.49	29.85	100761.52	51779	0	BartonZwiebach	
99	0:09:17	1/1/2019 	57963	104.00	6.00	6.70	29.85	100761.52	1849	0	BartonZwiebach	
100	0:09:18	1/1/2019 	58260	127.00	7.00	7.35	29.85	100761.36	1849	0	BartonZwiebach	
101	0:09:20	1/1/2019 	60012	929.00	144.00	38.31	29.85	100762.61	97730	0	BartonZwiebach	
102	0:09:20	1/1/2019 	60767	620.00	9.00	14.26	29.86	100763.81	50550	0	BartonZwiebach	
103	0:09:20	1/1/2019 	60846	190.00	7.00	9.06	29.86	100764.01	1849	0	BartonZwiebach	
104	0:09:20	1/1/2019 	60962	614.00	8.00	13.98	29.86	100764.01	3985	0	BartonZwiebach	
105	0:09:21	1/1/2019 	61015	112.00	7.00	6.92	29.86	100764.01	1848	0	BartonZwiebach	
106	0:09:21	1/1/2019 	61151	964.00	175.00	42.76	29.86	100764.01	1850	0	BartonZwiebach	
107	0:09:22	1/1/2019 	62127	67.00	7.00	5.94	29.86	100764.90	49792	0	BartonZwiebach	
108	0:09:23	1/1/2019 	63381	442.00	7.00	12.35	29.87	100765.66	49789	0	BartonZwiebach	
109	0:09:23	1/1/2019 	63485	66.00	7.00	5.93	29.87	100765.66	1850	0	BartonZwiebach	
110	0:09:24	1/1/2019 	64881	789.00	32.00	20.50	29.87	100764.66	99717	0	BartonZwiebach	
111	0:09:24	1/1/2019 	64931	150.00	7.00	8.01	29.87	100766.72	1849	0	BartonZwiebach	
112	0:09:24	1/1/2019 	64956	845.00	68.00	24.59	29.87	100766.72	1849	0	BartonZwiebach	
113	0:09:25	1/1/2019 	65132	128.00	7.00	7.38	29.87	100766.72	1850	0	BartonZwiebach	
114	0:09:25	1/1/2019 	65495	90.00	7.00	6.34	29.87	100772.88	1852	0	BartonZwiebach	
115	0:09:25	1/1/2019 	65751	166.00	7.00	8.45	29.87	100772.88	49794	0	BartonZwiebach	
116	0:09:25	1/1/2019 	65945	661.00	10.00	14.88	29.87	100772.88	3850	0	BartonZwiebach	
117	0:09:26	1/1/2019 	66667	871.00	65.00	24.27	29.87	100774.80	49794	0	BartonZwiebach	
118	0:09:26	1/1/2019 	66910	86.00	7.00	6.26	29.87	100774.80	1851	0	BartonZwiebach	
119	0:09:27	1/1/2019 	67372	94.00	7.00	6.44	29.87	100774.63	1849	0	BartonZwiebach	
120	0:09:28	1/1/2019 	68107	965.00	266.00	52.14	29.88	100773.53	49788	0	BartonZwiebach	
121	0:09:29	1/1/2019 	69157	313.00	7.00	11.19	29.88	100774.23	49798	0	BartonZwiebach	
122	0:09:29	1/1/2019 	69427	111.00	7.00	6.89	29.88	100774.23	3844	0	BartonZwiebach	
123	0:09:29	1/1/2019 	69487	920.00	130.00	35.82	29.88	100774.23	1850	0	BartonZwiebach	
124	0:09:30	1/1/2019 	70296	921.00	133.00	36.37	29.88	100774.28	49795	0	BartonZwiebach	
125	0:09:31	1/1/2019 	71590	66.00	7.00	5.93	29.88	100773.32	98494	0	BartonZwiebach	
126	0:09:32	1/1/2019 	72096	149.00	7.00	7.98	29.88	100773.32	1850	0	BartonZwiebach	
127	0:09:33	1/1/2019 	73478	625.00	9.00	14.32	29.88	100778.88	49791	0	BartonZwiebach	
128	0:09:36	1/1/2019 	76031	792.00	38.00	21.25	29.89	100792.42	147805	0	BartonZwiebach	
129	0:09:36	1/1/2019 	76062	105.00	7.00	6.72	29.89	100792.42	1851	0	BartonZwiebach	
130	0:09:36	1/1/2019 	76249	937.00	145.00	38.48	29.89	100792.42	1849	0	BartonZwiebach	
131	0:09:36	1/1/2019 	76612	747.00	22.00	18.62	29.89	100790.16	49792	0	BartonZwiebach	
132	0:09:37	1/1/2019 	77925	97.00	7.00	6.51	29.89	100782.55	49788	0	BartonZwiebach	
133	0:09:39	1/1/2019 	79797	886.00	99.00	29.75	29.90	100774.59	97726	0	BartonZwiebach	
134	0:09:39	1/1/2019 	79960	528.00	7.00	12.94	29.90	100772.16	4773	0	BartonZwiebach	
135	0:09:40	1/1/2019 	80136	973.00	394.00	73.41	29.90	100772.16	1850	0	BartonZwiebach	
136	0:09:41	1/1/2019 	81070	107.00	7.00	6.78	29.90	100764.16	49800	0	BartonZwiebach	
137	0:09:41	1/1/2019 	81169	169.00	7.00	8.53	29.90	100764.16	1850	0	BartonZwiebach	
138	0:09:41	1/1/2019 	81273	806.00	40.00	21.50	29.90	100764.16	1850	0	BartonZwiebach	
139	0:09:42	1/1/2019 	82580	61.00	6.00	5.89	29.90	100753.09	97732	0	BartonZwiebach	
140	0:09:43	1/1/2019 	83168	96.00	7.00	6.49	29.90	100750.59	3843	0	BartonZwiebach	
141	0:09:43	1/1/2019 	83492	415.00	7.00	12.17	29.90	100750.59	1850	0	BartonZwiebach	
142	0:09:43	1/1/2019 	83578	93.00	7.00	6.42	29.90	100750.59	49788	0	BartonZwiebach	
143	0:09:45	1/1/2019 	85779	664.00	10.00	14.89	29.91	100742.56	97723	0	BartonZwiebach	
144	0:09:45	1/1/2019 	85956	186.00	7.00	8.96	29.91	100742.56	1851	0	BartonZwiebach	
145	0:09:46	1/1/2019 	86423	824.00	61.00	23.69	29.91	100741.06	1849	0	BartonZwiebach	
146	0:09:46	1/1/2019 	86740	135.00	6.00	7.58	29.91	100741.92	51786	0	BartonZwiebach	
147	0:09:47	1/1/2019 	87257	764.00	28.00	19.83	29.91	100742.09	1848	0	BartonZwiebach	
148	0:09:47	1/1/2019 	87647	968.00	253.00	50.58	29.91	100742.09	49790	0	BartonZwiebach	
149	0:09:47	1/1/2019 	87744	912.00	118.00	33.52	29.91	100746.59	1850	0	BartonZwiebach	
150	0:09:48	1/1/2019 	88708	196.00	7.00	9.20	29.91	100748.98	49792	0	BartonZwiebach	
151	0:09:49	1/1/2019 	89193	66.00	7.00	5.93	29.91	100750.98	3844	0	BartonZwiebach	
152	0:09:49	1/1/2019 	89314	727.00	16.00	17.00	29.91	100752.31	1851	0	BartonZwiebach	
153	0:09:49	1/1/2019 	89632	534.00	8.00	13.12	29.91	100752.31	49788	0	BartonZwiebach	
154	0:09:50	1/1/2019 	90379	301.00	7.00	11.04	29.92	100759.98	2606	0	BartonZwiebach	
155	0:09:51	1/1/2019 	91796	224.00	7.00	9.79	29.92	100770.19	97728	0	BartonZwiebach	
156	0:09:52	1/1/2019 	92114	964.00	187.00	44.12	29.92	100769.53	1851	0	BartonZwiebach	
157	0:09:53	1/1/2019 	93550	918.00	125.00	34.88	29.92	100792.23	99874	0	BartonZwiebach	
158	0:09:53	1/1/2019 	93742	978.00	413.00	76.23	29.92	100792.23	1852	0	BartonZwiebach	
159	0:09:54	1/1/2019 	94148	67.00	7.00	5.94	29.92	100795.93	1849	0	BartonZwiebach	
160	0:09:54	1/1/2019 	94463	630.00	9.00	14.37	29.92	100795.93	1849	0	BartonZwiebach	
161	0:09:54	1/1/2019 	94595	291.00	7.00	10.90	29.92	100804.25	49788	0	BartonZwiebach	
162	0:09:54	1/1/2019 	94731	946.00	149.00	39.13	29.92	100804.25	1851	0	BartonZwiebach	
163	0:09:54	1/1/2019 	94983	61.00	6.00	5.89	29.92	100804.25	3844	0	BartonZwiebach	
164	0:09:55	1/1/2019 	95442	561.00	7.00	13.25	29.92	100811.25	1848	0	BartonZwiebach	
165	0:09:55	1/1/2019 	95927	109.00	6.00	6.83	29.93	100813.31	49787	0	BartonZwiebach	
166	0:09:55	1/1/2019 	95967	956.00	156.00	40.21	29.93	100813.31	1849	0	BartonZwiebach	
167	0:09:57	1/1/2019 	97025	790.00	37.00	21.14	29.93	100815.38	49796	0	BartonZwiebach	
168	0:09:57	1/1/2019 	97195	672.00	6.00	13.46	29.93	100813.88	1858	0	BartonZwiebach	
169	0:09:57	1/1/2019 	97202	171.00	7.00	8.58	29.93	100813.88	3850	0	BartonZwiebach	
170	0:09:58	1/1/2019 	98175	181.00	7.00	8.84	29.93	100809.73	49791	0	BartonZwiebach	
171	0:09:58	1/1/2019 	98481	672.00	10.00	14.92	29.93	100809.73	1851	0	BartonZwiebach	
172	0:09:58	1/1/2019 	98983	186.00	7.00	8.96	29.93	100806.24	49789	0	BartonZwiebach	
173	0:09:59	1/1/2019 	99058	64.00	7.00	5.91	29.93	100806.24	1850	0	BartonZwiebach	
174	0:09:59	1/1/2019 	99347	77.00	7.00	6.08	29.93	100802.97	1850	0	BartonZwiebach	
175	0:09:59	1/1/2019 	99805	122.00	7.00	7.20	29.93	100799.31	51782	0	BartonZwiebach	
176	0:10:00	1/1/2019 	100108	549.00	8.00	13.26	29.93	100799.31	2608	0	BartonZwiebach	
177	0:10:00	1/1/2019 	100365	928.00	137.00	37.10	29.94	100795.70	1850	0	BartonZwiebach	
178	0:10:01	1/1/2019 	101182	902.00	107.00	31.34	29.94	100791.21	49793	0	BartonZwiebach	
179	0:10:01	1/1/2019 	101218	184.00	7.00	8.91	29.94	100787.41	1851	0	BartonZwiebach	
180	0:10:01	1/1/2019 	101893	858.00	69.00	24.75	29.94	100783.41	49787	0	BartonZwiebach	
181	0:10:02	1/1/2019 	102056	98.00	6.00	6.54	29.94	100783.41	3985	0	BartonZwiebach	
182	0:10:02	1/1/2019 	102576	66.00	7.00	5.93	29.94	100779.95	49787	0	BartonZwiebach	
183	0:10:02	1/1/2019 	102706	565.00	8.00	13.44	29.94	100779.95	1848	0	BartonZwiebach	
184	0:10:03	1/1/2019 	103839	141.00	7.00	7.76	29.95	100775.38	49791	0	BartonZwiebach	
185	0:10:03	1/1/2019 	103901	77.00	7.00	6.08	29.95	100775.38	1858	0	BartonZwiebach	
186	0:10:04	1/1/2019 	104102	715.00	15.00	16.66	29.95	100775.38	1858	0	BartonZwiebach	
187	0:10:05	1/1/2019 	105561	409.00	7.00	12.12	29.95	100776.27	99729	0	BartonZwiebach	
188	0:10:07	1/1/2019 	107733	513.00	7.00	12.82	29.96	100772.92	97730	0	BartonZwiebach	
189	0:10:07	1/1/2019 	107906	76.00	7.00	6.06	29.96	100772.92	1851	0	BartonZwiebach	
190	0:10:08	1/1/2019 	108701	163.00	7.00	8.37	29.96	100771.79	49789	0	BartonZwiebach	
191	0:10:09	1/1/2019 	109788	822.00	54.00	22.94	29.96	100767.52	49790	0	BartonZwiebach	
192	0:10:10	1/1/2019 	110444	274.00	7.00	10.66	29.96	100766.19	2806	0	BartonZwiebach	
193	0:10:10	1/1/2019 	110455	318.00	7.00	11.25	29.96	100766.19	3985	0	BartonZwiebach	
194	0:10:10	1/1/2019 	110572	777.00	33.00	20.61	29.96	100765.25	49790	0	BartonZwiebach	
195	0:10:11	1/1/2019 	111361	929.00	147.00	38.80	29.96	100763.92	1851	0	BartonZwiebach	
196	0:10:12	1/1/2019 	112342	180.00	7.00	8.81	29.97	100762.45	49796	0	BartonZwiebach	
197	0:10:12	1/1/2019 	112368	979.00	550.00	94.45	29.97	100762.45	1850	0	BartonZwiebach	
198	0:10:13	1/1/2019 	113942	67.00	7.00	5.94	29.97	100759.17	97751	0	BartonZwiebach	
199	0:10:14	1/1/2019 	114097	784.00	33.00	20.63	29.97	100759.17	3843	0	BartonZwiebach	
200	0:10:14	1/1/2019 	114594	70.00	7.00	5.98	29.97	100760.73	49793	0	BartonZwiebach	
201	0:10:16	1/1/2019 	116382	908.00	117.00	33.31	29.98	100772.98	49790	0	BartonZwiebach	
202	0:10:16	1/1/2019 	116928	973.00	352.00	66.24	29.98	100774.32	49795	0	BartonZwiebach	
203	0:10:17	1/1/2019 	117152	448.00	7.00	12.39	29.98	100774.32	1851	0	BartonZwiebach	
204	0:10:17	1/1/2019 	117459	98.00	7.00	6.54	29.98	100778.05	3844	0	BartonZwiebach	
205	0:10:18	1/1/2019 	118054	581.00	8.00	13.62	29.98	100780.70	49789	0	BartonZwiebach	
206	0:10:18	1/1/2019 	118197	87.00	7.00	6.28	29.98	100780.70	1848	0	BartonZwiebach	
207	0:10:21	1/1/2019 	121928	170.00	7.00	8.56	29.99	100817.84	193609	0	BartonZwiebach	
208	0:10:22	1/1/2019 	122334	163.00	7.00	8.37	29.99	100813.73	2806	0	BartonZwiebach	
209	0:10:22	1/1/2019 	122395	384.00	7.00	11.93	29.99	100813.73	1849	0	BartonZwiebach	
210	0:10:22	1/1/2019 	122655	634.00	9.00	14.40	29.99	100808.58	51927	0	BartonZwiebach	
211	0:10:23	1/1/2019 	123796	88.00	7.00	6.30	29.99	100801.61	49789	0	BartonZwiebach	
212	0:10:23	1/1/2019 	123844	233.00	6.00	9.95	29.99	100801.61	1850	0	BartonZwiebach	
213	0:10:24	1/1/2019 	124405	514.00	7.00	12.83	29.99	100799.47	1848	0	BartonZwiebach	
214	0:10:24	1/1/2019 	124619	109.00	7.00	6.83	29.99	100798.30	49791	0	BartonZwiebach	
215	0:10:26	1/1/2019 	126281	157.00	7.00	8.21	30.00	100797.90	49788	0	BartonZwiebach	
216	0:10:26	1/1/2019 	126328	706.00	14.00	16.32	30.00	100797.90	3844	0	BartonZwiebach	
217	0:10:26	1/1/2019 	126412	676.00	11.00	15.26	30.00	100797.90	1850	0	BartonZwiebach	
218	0:10:26	1/1/2019 	126432	936.00	149.00	39.13	30.00	100797.90	1850	0	BartonZwiebach	
219	0:10:26	1/1/2019 	126481	199.00	7.00	9.26	30.00	100797.90	1850	0	BartonZwiebach	
220	0:10:26	1/1/2019 	126878	688.00	11.00	15.29	30.00	100797.95	49789	0	BartonZwiebach	
221	0:10:29	1/1/2019 	129296	934.00	150.00	39.29	30.01	100790.06	97734	0	BartonZwiebach	
222	0:10:30	1/1/2019 	130136	796.00	45.00	21.99	30.01	100784.79	51846	0	BartonZwiebach	
223	0:10:31	1/1/2019 	131825	328.00	7.00	11.37	30.01	100758.73	98690	0	BartonZwiebach	
224	0:10:31	1/1/2019 	131966	972.00	285.00	54.73	30.01	100758.73	1852	0	BartonZwiebach	
225	0:10:32	1/1/2019 	132767	61.00	6.00	5.89	30.01	100751.91	49795	0	BartonZwiebach	
226	0:10:33	1/1/2019 	133134	66.00	6.00	5.93	30.02	100744.47	1849	0	BartonZwiebach	
227	0:10:35	1/1/2019 	135450	192.00	7.00	9.10	30.02	100680.10	97726	0	BartonZwiebach	
228	0:10:36	1/1/2019 	136285	170.00	7.00	8.56	30.02	100647.80	51922	0	BartonZwiebach	
229	0:10:36	1/1/2019 	136459	921.00	130.00	35.82	30.02	100647.80	1851	0	BartonZwiebach	
230	0:10:37	1/1/2019 	137428	773.00	29.00	20.02	30.03	100545.42	49794	0	BartonZwiebach	
231	0:10:39	1/1/2019 	139036	111.00	7.00	6.89	30.03	100246.55	97733	0	BartonZwiebach	
232	0:10:39	1/1/2019 	139062	807.00	47.00	22.21	30.03	100246.55	1850	0	BartonZwiebach	
233	0:10:40	1/1/2019 	140207	61.00	7.00	5.89	30.03	100022.84	49792	0	BartonZwiebach	
234	0:10:40	1/1/2019 	140468	818.00	61.00	23.68	30.03	100022.84	4948	0	BartonZwiebach	
235	0:10:40	1/1/2019 	140875	804.00	46.00	22.11	30.03	99962.55	49792	0	BartonZwiebach	
236	0:10:41	1/1/2019 	141163	59.00	6.00	5.88	30.04	99907.50	1849	0	BartonZwiebach	
237	0:10:42	1/1/2019 	142496	958.00	190.00	44.43	30.04	99742.35	49788	0	BartonZwiebach	
238	0:10:42	1/1/2019 	142886	954.00	155.00	40.06	30.04	99579.91	49796	0	BartonZwiebach	
239	0:10:43	1/1/2019 	143400	587.00	8.00	13.69	30.04	99308.37	1851	0	BartonZwiebach	
240	0:10:44	1/1/2019 	144557	784.00	36.00	21.00	30.04	98551.21	99723	0	BartonZwiebach	
241	0:10:44	1/1/2019 	144789	182.00	7.00	8.86	30.04	98059.27	1851	0	BartonZwiebach	
242	0:10:45	1/1/2019 	145716	737.00	20.00	18.11	30.04	97623.16	49788	0	BartonZwiebach	
243	0:10:45	1/1/2019 	145809	176.00	7.00	8.71	30.05	97249.00	1851	0	BartonZwiebach	
244	0:10:47	1/1/2019 	147352	568.00	8.00	13.47	30.05	96612.42	49788	0	BartonZwiebach	
245	0:10:48	1/1/2019 	148120	190.00	6.00	9.05	30.05	96126.81	49788	0	BartonZwiebach	
246	0:10:48	1/1/2019 	148165	255.00	7.00	10.36	30.05	96126.81	3843	0	BartonZwiebach	
247	0:10:48	1/1/2019 	148570	584.00	8.00	13.65	30.05	95914.50	49789	0	BartonZwiebach	
248	0:10:49	1/1/2019 	149919	73.00	7.00	6.02	30.06	95537.59	49787	0	BartonZwiebach	
249	0:10:51	1/1/2019 	151762	192.00	6.00	9.09	30.06	94955.10	98684	0	BartonZwiebach	
250	0:10:51	1/1/2019 	151951	84.00	7.00	6.21	30.06	94955.10	1849	0	BartonZwiebach	
251	0:10:51	1/1/2019 	151976	150.00	7.00	8.01	30.06	94955.10	3983	0	BartonZwiebach	
252	0:10:53	1/1/2019 	153000	834.00	59.00	23.49	30.06	94734.72	49788	0	BartonZwiebach	
253	0:10:53	1/1/2019 	153036	191.00	7.00	9.08	30.06	94734.72	1851	0	BartonZwiebach	
254	0:10:53	1/1/2019 	153099	78.00	7.00	6.10	30.07	94636.66	1848	0	BartonZwiebach	
255	0:10:54	1/1/2019 	154694	84.00	7.00	6.21	30.07	94387.72	97727	0	BartonZwiebach	
256	0:10:55	1/1/2019 	155081	162.00	7.00	8.34	30.07	94387.72	1850	0	BartonZwiebach	
257	0:10:58	1/1/2019 	158205	500.00	7.00	12.73	30.08	94013.20	147661	0	BartonZwiebach	
258	0:10:59	1/1/2019 	159381	597.00	8.00	13.80	30.08	93882.12	49791	0	BartonZwiebach	
259	0:10:59	1/1/2019 	159402	238.00	7.00	10.06	30.08	93882.12	1848	0	BartonZwiebach	
260	0:10:59	1/1/2019 	159584	978.00	322.00	60.81	30.08	93882.12	49792	0	BartonZwiebach	
261	0:10:59	1/1/2019 	159664	249.00	7.00	10.25	30.08	93882.12	2806	0	BartonZwiebach	
262	0:11:00	1/1/2019 	160080	963.00	220.00	47.28	30.09	93855.03	1850	0	BartonZwiebach	
263	0:11:01	1/1/2019 	161862	974.00	573.00	98.92	30.09	93833.30	99875	0	BartonZwiebach	
264	0:11:01	1/1/2019 	161879	180.00	7.00	8.81	30.09	93817.71	1851	0	BartonZwiebach	
265	0:11:02	1/1/2019 	162007	133.00	6.00	7.52	30.09	93817.71	1849	0	BartonZwiebach	
266	0:11:02	1/1/2019 	162697	175.00	7.00	8.69	30.09	93827.69	49789	0	BartonZwiebach	
267	0:11:03	1/1/2019 	163057	961.00	209.00	46.27	30.09	93815.39	1850	0	BartonZwiebach	
268	0:11:03	1/1/2019 	163071	357.00	8.00	11.73	30.09	93815.39	1851	0	BartonZwiebach	
269	0:11:03	1/1/2019 	163468	726.00	17.00	17.28	30.10	93797.97	3841	0	BartonZwiebach	
270	0:11:04	1/1/2019 	164125	964.00	234.00	48.60	30.10	93784.68	49791	0	BartonZwiebach	
271	0:11:04	1/1/2019 	164137	971.00	281.00	54.16	30.10	93784.68	1853	0	BartonZwiebach	
272	0:11:04	1/1/2019 	164341	138.00	7.00	7.67	30.10	93784.68	1850	0	BartonZwiebach	
273	0:11:06	1/1/2019 	166172	62.00	6.00	5.90	30.10	93737.69	97726	0	BartonZwiebach	
274	0:11:08	1/1/2019 	168852	443.00	8.00	12.43	30.11	93703.16	145665	0	BartonZwiebach	
275	0:11:08	1/1/2019 	168969	716.00	15.00	16.66	30.11	93703.16	3843	0	BartonZwiebach	
276	0:11:09	1/1/2019 	169022	463.00	8.00	12.57	30.11	93703.16	1850	0	BartonZwiebach	
277	0:11:09	1/1/2019 	169698	126.00	6.00	7.32	30.11	93695.38	49788	0	BartonZwiebach	
278	0:11:09	1/1/2019 	169925	203.00	7.00	9.35	30.11	93695.38	2802	0	BartonZwiebach	
279	0:11:11	1/1/2019 	171793	853.00	73.00	25.28	30.12	93687.27	97726	0	BartonZwiebach	
280	0:11:13	1/1/2019 	173343	926.00	136.00	36.92	30.12	93693.12	49797	0	BartonZwiebach	
281	0:11:13	1/1/2019 	173586	574.00	8.00	13.54	30.12	93693.12	51938	0	BartonZwiebach	
282	0:11:14	1/1/2019 	174156	622.00	9.00	14.29	30.12	93706.92	1852	0	BartonZwiebach	
283	0:11:18	1/1/2019 	178176	562.00	7.00	13.26	30.13	93881.81	193615	0	BartonZwiebach	
284	0:11:19	1/1/2019 	179621	222.00	7.00	9.75	30.13	94084.61	97738	0	BartonZwiebach	
285	0:11:20	1/1/2019 	180610	768.00	28.00	19.84	30.13	94251.16	50747	0	BartonZwiebach	
286	0:11:21	1/1/2019 	181703	975.00	465.00	82.69	30.14	94420.56	49794	0	BartonZwiebach	
287	0:11:23	1/1/2019 	183136	115.00	7.00	7.00	30.15	94627.44	51939	0	BartonZwiebach	
288	0:11:24	1/1/2019 	184139	136.00	7.00	7.61	30.15	94708.13	49791	0	BartonZwiebach	
289	0:11:25	1/1/2019 	185316	359.00	7.00	11.70	30.16	94946.63	49790	0	BartonZwiebach	
290	0:11:25	1/1/2019 	185379	452.00	7.00	12.41	30.16	94946.63	1851	0	BartonZwiebach	
291	0:11:26	1/1/2019 	186628	248.00	7.00	10.24	30.18	95091.91	97736	0	BartonZwiebach	
292	0:11:28	1/1/2019 	188334	119.00	7.00	7.12	30.21	95352.13	49792	0	BartonZwiebach	
293	0:11:28	1/1/2019 	188723	207.00	7.00	9.44	30.21	95352.13	51785	0	BartonZwiebach	
294	0:11:29	1/1/2019 	189432	877.00	93.00	28.61	30.23	95468.73	1848	0	BartonZwiebach	
295	0:11:30	1/1/2019 	190032	781.00	34.00	20.75	30.24	95524.05	49796	0	BartonZwiebach	
296	0:11:30	1/1/2019 	190123	60.00	7.00	5.89	30.24	95524.05	2806	0	BartonZwiebach	
297	0:11:30	1/1/2019 	190719	90.00	7.00	6.34	30.25	95581.73	49791	0	BartonZwiebach	
298	0:11:31	1/1/2019 	191641	100.00	6.00	6.59	30.28	95709.10	49788	0	BartonZwiebach	
299	0:11:31	1/1/2019 	191730	78.00	7.00	6.10	30.28	95709.10	4039	0	BartonZwiebach	
300	0:11:32	1/1/2019 	192385	490.00	8.00	12.76	30.29	95769.43	1848	0	BartonZwiebach	
301	0:11:33	1/1/2019 	193778	571.00	7.00	13.35	30.34	95936.32	97733	0	BartonZwiebach	
302	0:11:34	1/1/2019 	194429	584.00	8.00	13.65	30.35	95987.76	1850	0	BartonZwiebach	
303	0:11:34	1/1/2019 	194742	276.00	7.00	10.69	30.37	96037.04	49791	0	BartonZwiebach	
304	0:11:37	1/1/2019 	197023	906.00	114.00	32.72	30.44	96216.23	97734	0	BartonZwiebach	
305	0:11:37	1/1/2019 	197683	84.00	6.00	6.21	30.48	96296.39	51791	0	BartonZwiebach	
306	0:11:38	1/1/2019 	198223	80.00	7.00	6.13	30.50	96335.30	1848	0	BartonZwiebach	
307	0:11:40	1/1/2019 	200987	644.00	9.00	14.48	30.61	96508.16	145677	0	BartonZwiebach	
308	0:11:41	1/1/2019 	201134	729.00	18.00	17.57	30.61	96508.16	2807	0	BartonZwiebach	
309	0:11:41	1/1/2019 	201197	79.00	7.00	6.12	30.61	96508.16	1851	0	BartonZwiebach	
310	0:11:41	1/1/2019 	201746	221.00	7.00	9.73	30.63	96539.43	49789	0	BartonZwiebach	
311	0:11:42	1/1/2019 	202638	72.00	7.00	6.00	30.68	96599.59	51924	0	BartonZwiebach	
312	0:11:42	1/1/2019 	202848	462.00	8.00	12.56	30.70	96628.30	1850	0	BartonZwiebach	
313	0:11:44	1/1/2019 	204230	185.00	7.00	8.94	30.75	96684.85	49789	0	BartonZwiebach	
314	0:11:44	1/1/2019 	204451	240.00	7.00	10.09	30.77	96711.27	1850	0	BartonZwiebach	
315	0:11:45	1/1/2019 	205564	739.00	21.00	18.36	30.82	96763.36	97732	0	BartonZwiebach	
316	0:11:46	1/1/2019 	206080	101.00	6.00	6.62	30.85	96788.16	1851	0	BartonZwiebach	
317	0:11:47	1/1/2019 	207021	920.00	127.00	35.26	30.90	96835.91	51784	0	BartonZwiebach	
318	0:11:47	1/1/2019 	207642	983.00	695.00	125.44	30.92	96859.05	49795	0	BartonZwiebach	
319	0:11:48	1/1/2019 	208155	980.00	585.00	101.51	30.95	96881.70	1851	0	BartonZwiebach	
320	0:11:50	1/1/2019 	210781	860.00	79.00	26.19	31.07	96987.22	145717	0	BartonZwiebach	
321	0:11:51	1/1/2019 	211436	971.00	426.00	78.00	31.10	97006.88	2810	0	BartonZwiebach	
322	0:11:51	1/1/2019 	211874	929.00	146.00	38.64	31.12	97026.55	51942	0	BartonZwiebach	
323	0:11:54	1/1/2019 	214593	553.00	8.00	13.31	31.25	97119.28	145687	0	BartonZwiebach	
324	0:11:55	1/1/2019 	215003	629.00	9.00	14.36	31.27	97136.95	1850	0	BartonZwiebach	
325	0:11:55	1/1/2019 	215428	321.00	7.00	11.29	31.30	97154.25	1850	0	BartonZwiebach	
326	0:11:55	1/1/2019 	215593	275.00	7.00	10.67	31.30	97154.25	49793	0	BartonZwiebach	
327	0:11:57	1/1/2019 	217128	543.00	8.00	13.20	31.37	97204.53	49792	0	BartonZwiebach	
328	0:11:57	1/1/2019 	217706	438.00	7.00	12.32	31.40	97221.22	51842	0	BartonZwiebach	
329	0:11:57	1/1/2019 	217989	975.00	340.00	64.06	31.42	97237.23	1850	0	BartonZwiebach	
330	0:11:58	1/1/2019 	218938	856.00	82.00	26.65	31.47	97268.85	49802	0	BartonZwiebach	
331	0:11:59	1/1/2019 	219893	131.00	7.00	7.47	31.50	97284.19	49797	0	BartonZwiebach	
332	0:12:04	1/1/2019 	224993	285.00	6.00	10.79	31.73	97428.15	242508	0	BartonZwiebach	
333	0:12:06	1/1/2019 	226962	840.00	65.00	24.20	31.82	97481.21	97738	0	BartonZwiebach	
334	0:12:07	1/1/2019 	227739	926.00	143.00	38.14	31.86	97507.16	51930	0	BartonZwiebach	
335	0:12:09	1/1/2019 	229430	229.00	7.00	9.89	31.93	97545.21	49797	0	BartonZwiebach	
336	0:12:12	1/1/2019 	232737	512.00	8.00	12.92	32.05	97617.81	193618	0	BartonZwiebach	
337	0:12:14	1/1/2019 	234227	654.00	10.00	14.83	32.11	97652.16	50745	0	BartonZwiebach	
338	0:12:14	1/1/2019 	234883	168.00	7.00	8.50	32.13	97663.43	49793	0	BartonZwiebach	
339	0:12:15	1/1/2019 	235039	302.00	7.00	11.05	32.15	97674.73	1848	0	BartonZwiebach	
340	0:12:19	1/1/2019 	239888	675.00	11.00	15.26	32.32	97769.03	243698	0	BartonZwiebach	
341	0:12:22	1/1/2019 	242908	969.00	386.00	72.13	32.43	97825.39	146632	0	BartonZwiebach	
342	0:12:24	1/1/2019 	244395	92.00	7.00	6.39	32.48	97851.94	49801	0	BartonZwiebach	
343	0:12:25	1/1/2019 	245286	646.00	9.00	14.50	32.50	97860.89	49789	0	BartonZwiebach	
344	0:12:25	1/1/2019 	245795	276.00	7.00	10.69	32.51	97869.09	49792	0	BartonZwiebach	
345	0:12:25	1/1/2019 	245859	780.00	34.00	20.75	32.53	97878.16	1849	0	BartonZwiebach	
346	0:12:26	1/1/2019 	246195	974.00	387.00	72.30	32.53	97878.16	4039	0	BartonZwiebach	
347	0:12:26	1/1/2019 	246273	199.00	7.00	9.26	32.53	97878.16	1851	0	BartonZwiebach	
348	0:12:26	1/1/2019 	246854	228.00	7.00	9.87	32.55	97887.12	49793	0	BartonZwiebach	
349	0:12:26	1/1/2019 	246911	77.00	6.00	6.08	32.56	97895.63	1853	0	BartonZwiebach	
350	0:12:26	1/1/2019 	246927	72.00	7.00	6.00	32.56	97895.63	1847	0	BartonZwiebach	
351	0:12:27	1/1/2019 	247049	650.00	9.00	14.52	32.56	97895.63	1849	0	BartonZwiebach	
352	0:12:28	1/1/2019 	248017	167.00	7.00	8.48	32.59	97912.47	51786	0	BartonZwiebach	
353	0:12:28	1/1/2019 	248785	460.00	7.00	12.46	32.61	97920.86	49792	0	BartonZwiebach	
354	0:12:28	1/1/2019 	248843	619.00	8.00	14.03	32.61	97920.86	1849	0	BartonZwiebach	
355	0:12:29	1/1/2019 	249391	168.00	7.00	8.50	32.62	97928.77	1847	0	BartonZwiebach	
356	0:12:31	1/1/2019 	251924	968.00	320.00	60.46	32.70	97967.75	145676	0	BartonZwiebach	
357	0:12:33	1/1/2019 	253420	215.00	7.00	9.61	32.74	97989.88	50755	0	BartonZwiebach	
358	0:12:33	1/1/2019 	253680	863.00	74.00	25.45	32.76	97996.93	51925	0	BartonZwiebach	
359	0:12:33	1/1/2019 	253759	961.00	181.00	43.46	32.76	97996.93	1851	0	BartonZwiebach	
360	0:12:34	1/1/2019 	254406	226.00	7.00	9.83	32.77	98003.83	1849	0	BartonZwiebach	
361	0:12:35	1/1/2019 	255079	973.00	531.00	91.25	32.79	98010.88	49792	0	BartonZwiebach	
362	0:12:35	1/1/2019 	255665	637.00	9.00	14.43	32.80	98017.76	49809	0	BartonZwiebach	
363	0:12:38	1/1/2019 	258823	967.00	343.00	64.60	32.90	98064.21	145673	0	BartonZwiebach	
364	0:12:40	1/1/2019 	260297	75.00	6.00	6.05	32.93	98076.78	51792	0	BartonZwiebach	
365	0:12:40	1/1/2019 	260376	974.00	343.00	64.60	32.94	98082.81	2803	0	BartonZwiebach	
366	0:12:41	1/1/2019 	261261	831.00	68.00	24.55	32.95	98089.03	49799	0	BartonZwiebach	
367	0:12:42	1/1/2019 	262273	596.00	8.00	13.79	32.98	98101.08	49794	0	BartonZwiebach	
368	0:12:42	1/1/2019 	262473	640.00	9.00	14.45	32.99	98106.95	1848	0	BartonZwiebach	
369	0:12:42	1/1/2019 	262609	185.00	7.00	8.94	32.99	98106.95	51923	0	BartonZwiebach	
370	0:12:42	1/1/2019 	262885	158.00	6.00	8.23	32.99	98106.95	1849	0	BartonZwiebach	
371	0:12:43	1/1/2019 	263405	240.00	7.00	10.09	33.00	98112.95	1848	0	BartonZwiebach	
372	0:12:44	1/1/2019 	264683	639.00	9.00	14.45	33.04	98130.17	97730	0	BartonZwiebach	
373	0:12:46	1/1/2019 	266575	865.00	92.00	28.38	33.09	98152.58	97733	0	BartonZwiebach	
374	0:12:49	1/1/2019 	269786	545.00	8.00	13.22	33.16	98183.30	145681	0	BartonZwiebach	
375	0:12:50	1/1/2019 	270117	896.00	101.00	30.17	33.16	98183.30	4882	0	BartonZwiebach	
376	0:12:52	1/1/2019 	272902	78.00	6.00	6.10	33.23	98213.34	145685	0	BartonZwiebach	
377	0:12:53	1/1/2019 	273170	451.00	6.00	12.32	33.23	98213.34	1848	0	BartonZwiebach	
378	0:12:53	1/1/2019 	273393	422.00	7.00	12.21	33.24	98218.02	1850	0	BartonZwiebach	
379	0:12:54	1/1/2019 	274486	878.00	97.00	29.35	33.26	98227.48	49791	0	BartonZwiebach	
380	0:12:55	1/1/2019 	275091	151.00	6.00	8.03	33.27	98231.97	49793	0	BartonZwiebach	
381	0:12:56	1/1/2019 	276013	611.00	8.00	13.95	33.29	98241.01	54254	0	BartonZwiebach	
382	0:12:56	1/1/2019 	276163	737.00	20.00	18.11	33.29	98241.01	1849	0	BartonZwiebach	
383	0:12:58	1/1/2019 	278877	96.00	6.00	6.49	33.34	98263.08	145675	0	BartonZwiebach	
384	0:12:59	1/1/2019 	279335	452.00	7.00	12.41	33.35	98267.39	1848	0	BartonZwiebach	
385	0:12:59	1/1/2019 	279442	440.00	7.00	12.34	33.35	98267.39	1850	0	BartonZwiebach	
386	0:13:03	1/1/2019 	283410	78.00	7.00	6.10	33.42	98301.41	193617	0	BartonZwiebach	
387	0:13:03	1/1/2019 	283698	330.00	7.00	11.39	33.43	98305.36	52690	0	BartonZwiebach	
388	0:13:03	1/1/2019 	283816	116.00	6.00	7.03	33.43	98305.36	1849	0	BartonZwiebach	
389	0:13:05	1/1/2019 	285416	114.00	6.00	6.97	33.46	98317.11	49787	0	BartonZwiebach	
390	0:13:06	1/1/2019 	286632	91.00	6.00	6.37	33.48	98324.41	97729	0	BartonZwiebach	
391	0:13:07	1/1/2019 	287190	816.00	61.00	23.68	33.49	98328.20	1850	0	BartonZwiebach	
392	0:13:07	1/1/2019 	287357	149.00	6.00	7.98	33.50	98331.66	1850	0	BartonZwiebach	
393	0:13:07	1/1/2019 	287871	783.00	36.00	21.00	33.51	98335.67	51837	0	BartonZwiebach	
394	0:13:08	1/1/2019 	288179	207.00	7.00	9.44	33.51	98335.67	1850	0	BartonZwiebach	
395	0:13:10	1/1/2019 	290449	846.00	68.00	24.59	33.55	98353.70	97733	0	BartonZwiebach	
396	0:13:11	1/1/2019 	291669	138.00	6.00	7.66	33.57	98360.79	98497	0	BartonZwiebach	
397	0:13:12	1/1/2019 	292391	118.00	6.00	7.09	33.58	98364.08	1849	0	BartonZwiebach	
398	0:13:13	1/1/2019 	293221	81.00	6.00	6.15	33.59	98370.69	49790	0	BartonZwiebach	
399	0:13:13	1/1/2019 	293743	568.00	7.00	13.32	33.60	98373.98	51923	0	BartonZwiebach	
400	0:13:20	1/1/2019 	300743	145.00	6.00	7.87	33.71	98417.38	337445	0	BartonZwiebach	
401	0:13:21	1/1/2019 	302038	68.00	6.00	5.95	33.73	98423.43	50554	0	BartonZwiebach	
402	0:13:21	1/1/2019 	302065	116.00	7.00	7.03	33.73	98423.43	1849	0	BartonZwiebach	
403	0:13:21	1/1/2019 	302382	229.00	6.00	9.87	33.74	98426.22	1849	0	BartonZwiebach	
404	0:13:21	1/1/2019 	302687	892.00	101.00	30.15	33.74	98426.22	49790	0	BartonZwiebach	
405	0:13:22	1/1/2019 	303096	160.00	6.00	8.28	33.74	98429.02	3983	0	BartonZwiebach	
406	0:13:22	1/1/2019 	303414	292.00	6.00	10.88	33.75	98431.91	1849	0	BartonZwiebach	
407	0:13:23	1/1/2019 	304210	73.00	6.00	6.02	33.75	98434.35	49791	0	BartonZwiebach	
408	0:13:23	1/1/2019 	304439	959.00	172.00	42.40	33.76	98437.15	1848	0	BartonZwiebach	
409	0:13:23	1/1/2019 	304655	185.00	6.00	8.93	33.76	98437.15	49796	0	BartonZwiebach	
410	0:13:24	1/1/2019 	305252	570.00	7.00	13.34	33.77	98439.94	1848	0	BartonZwiebach	
411	0:13:25	1/1/2019 	306151	105.00	6.00	6.72	33.78	98445.63	51785	0	BartonZwiebach	
412	0:13:26	1/1/2019 	307297	852.00	70.00	24.87	33.80	98451.19	49789	0	BartonZwiebach	
413	0:13:27	1/1/2019 	308206	966.00	264.00	51.88	33.81	98456.56	49794	0	BartonZwiebach	
414	0:13:29	1/1/2019 	310441	217.00	6.00	9.64	33.84	98467.20	97748	0	BartonZwiebach	
415	0:13:30	1/1/2019 	310804	188.00	6.00	9.00	33.85	98469.62	50550	0	BartonZwiebach	
416	0:13:30	1/1/2019 	311049	969.00	206.00	45.99	33.85	98469.62	1856	0	BartonZwiebach	
417	0:13:31	1/1/2019 	311808	83.00	6.00	6.19	33.86	98474.33	51932	0	BartonZwiebach	
418	0:13:32	1/1/2019 	313027	648.00	9.00	14.51	33.87	98479.72	49788	0	BartonZwiebach	
419	0:13:33	1/1/2019 	313785	119.00	6.00	7.11	33.89	98484.59	49794	0	BartonZwiebach	
420	0:13:33	1/1/2019 	314038	73.00	6.00	6.02	33.89	98484.59	1849	0	BartonZwiebach	
421	0:13:34	1/1/2019 	315087	635.00	12.00	15.12	33.90	98489.42	49789	0	BartonZwiebach	
422	0:13:36	1/1/2019 	316872	520.00	7.00	12.88	33.93	98499.34	97735	0	BartonZwiebach	
423	0:13:37	1/1/2019 	317835	345.00	7.00	11.56	33.94	98503.88	51784	0	BartonZwiebach	
424	0:13:37	1/1/2019 	318306	856.00	76.00	25.72	33.94	98503.88	1850	0	BartonZwiebach	
425	0:13:38	1/1/2019 	319179	74.00	6.00	6.03	33.95	98508.58	49794	0	BartonZwiebach	
426	0:13:38	1/1/2019 	319653	811.00	51.00	22.62	33.96	98511.38	49794	0	BartonZwiebach	
427	0:13:39	1/1/2019 	320454	910.00	123.00	34.48	33.97	98515.72	2612	0	BartonZwiebach	
428	0:13:40	1/1/2019 	321089	477.00	7.00	12.57	33.98	98517.62	49798	0	BartonZwiebach	
429	0:13:40	1/1/2019 	321273	61.00	6.00	5.89	33.98	98517.62	3990	0	BartonZwiebach	
430	0:13:43	1/1/2019 	324639	118.00	7.00	7.09	34.02	98533.61	193617	0	BartonZwiebach	
431	0:13:45	1/1/2019 	326559	118.00	6.00	7.09	34.04	98540.41	97734	0	BartonZwiebach	
432	0:13:46	1/1/2019 	327448	713.00	17.00	17.23	34.05	98544.09	1848	0	BartonZwiebach	
433	0:13:46	1/1/2019 	327661	585.00	6.00	13.30	34.05	98544.09	49794	0	BartonZwiebach	
434	0:13:47	1/1/2019 	328304	910.00	122.00	34.28	34.06	98548.29	1850	0	BartonZwiebach	
435	0:13:48	1/1/2019 	328799	363.00	7.00	11.74	34.06	98550.00	51788	0	BartonZwiebach	
436	0:13:48	1/1/2019 	329044	91.00	6.00	6.37	34.06	98550.00	1850	0	BartonZwiebach	
437	0:13:48	1/1/2019 	329712	551.00	8.00	13.29	34.07	98552.30	49790	0	BartonZwiebach	
438	0:13:50	1/1/2019 	330817	690.00	13.00	15.95	34.09	98558.03	50546	0	BartonZwiebach	
439	0:13:51	1/1/2019 	332068	76.00	6.00	6.06	34.10	98562.27	49793	0	BartonZwiebach	
440	0:13:52	1/1/2019 	333107	285.00	6.00	10.79	34.11	98565.55	49791	0	BartonZwiebach	
441	0:13:53	1/1/2019 	333935	86.00	6.00	6.25	34.12	98569.59	51981	0	BartonZwiebach	
442	0:13:53	1/1/2019 	334273	957.00	161.00	40.94	34.12	98569.59	1849	0	BartonZwiebach	
443	0:13:54	1/1/2019 	335014	64.00	7.00	5.91	34.13	98573.29	49796	0	BartonZwiebach	
444	0:13:55	1/1/2019 	336682	177.00	6.00	8.73	34.15	98579.06	97730	0	BartonZwiebach	
445	0:13:57	1/1/2019 	337973	980.00	773.00	137.88	34.16	98582.55	49790	0	BartonZwiebach	
446	0:13:58	1/1/2019 	339188	892.00	108.00	31.50	34.18	98588.30	51804	0	BartonZwiebach	
447	0:14:01	1/1/2019 	341815	110.00	6.00	6.86	34.21	98597.55	145688	0	BartonZwiebach	
448	0:14:01	1/1/2019 	342655	962.00	193.00	44.74	34.21	98599.12	50550	0	BartonZwiebach	
449	0:14:03	1/1/2019 	343951	960.00	192.00	44.64	34.23	98604.06	49802	0	BartonZwiebach	
450	0:14:03	1/1/2019 	344607	570.00	8.00	13.49	34.23	98605.64	49796	0	BartonZwiebach	
451	0:14:04	1/1/2019 	345012	636.00	9.00	14.42	34.24	98607.21	1847	0	BartonZwiebach	
452	0:14:05	1/1/2019 	345990	200.00	6.00	9.27	34.25	98610.36	51927	0	BartonZwiebach	
453	0:14:05	1/1/2019 	346379	748.00	24.00	19.04	34.25	98612.11	1849	0	BartonZwiebach	
454	0:14:05	1/1/2019 	346651	201.00	7.00	9.31	34.25	98612.11	49792	0	BartonZwiebach	
455	0:14:05	1/1/2019 	346698	80.00	6.00	6.13	34.25	98612.11	1849	0	BartonZwiebach	
456	0:14:06	1/1/2019 	347142	715.00	17.00	17.24	34.26	98613.84	1848	0	BartonZwiebach	
457	0:14:07	1/1/2019 	347980	110.00	6.00	6.86	34.27	98617.58	49793	0	BartonZwiebach	
458	0:14:08	1/1/2019 	348755	156.00	6.00	8.17	34.27	98619.29	51783	0	BartonZwiebach	
459	0:14:09	1/1/2019 	350085	190.00	7.00	9.06	34.29	98624.38	49794	0	BartonZwiebach	
460	0:14:09	1/1/2019 	350297	212.00	7.00	9.55	34.29	98624.38	2614	0	BartonZwiebach	
461	0:14:10	1/1/2019 	350795	140.00	6.00	7.72	34.29	98625.95	49797	0	BartonZwiebach	
462	0:14:10	1/1/2019 	350843	121.00	6.00	7.17	34.29	98625.95	1849	0	BartonZwiebach	
463	0:14:10	1/1/2019 	351279	677.00	11.00	15.26	34.30	98627.50	1849	0	BartonZwiebach	
464	0:14:10	1/1/2019 	351350	969.00	287.00	55.03	34.30	98627.50	3984	0	BartonZwiebach	
465	0:14:10	1/1/2019 	351464	715.00	16.00	16.96	34.30	98627.50	1850	0	BartonZwiebach	
466	0:14:10	1/1/2019 	351567	515.00	7.00	12.84	34.30	98629.27	49791	0	BartonZwiebach	
467	0:14:10	1/1/2019 	351663	454.00	7.00	12.42	34.30	98629.27	1850	0	BartonZwiebach	
468	0:14:11	1/1/2019 	352048	962.00	221.00	47.38	34.31	98631.18	1849	0	BartonZwiebach	
469	0:14:11	1/1/2019 	352099	254.00	6.00	10.31	34.31	98631.18	1851	0	BartonZwiebach	
470	0:14:12	1/1/2019 	353214	395.00	7.00	12.02	34.32	98634.83	51838	0	BartonZwiebach	
471	0:14:12	1/1/2019 	353694	844.00	71.00	24.98	34.32	98636.74	49795	0	BartonZwiebach	
472	0:14:14	1/1/2019 	354958	108.00	6.00	6.80	34.33	98640.39	49793	0	BartonZwiebach	
473	0:14:15	1/1/2019 	355821	974.00	541.00	92.84	34.34	98643.91	49792	0	BartonZwiebach	
474	0:14:15	1/1/2019 	356141	149.00	6.00	7.98	34.34	98645.23	1851	0	BartonZwiebach	
475	0:14:17	1/1/2019 	358139	461.00	7.00	12.47	34.36	98650.83	97728	0	BartonZwiebach	
476	0:14:17	1/1/2019 	358153	986.00	685.00	123.60	34.36	98650.83	3843	0	BartonZwiebach	
477	0:14:18	1/1/2019 	359097	143.00	7.00	7.81	34.37	98654.48	49808	0	BartonZwiebach	
478	0:14:19	1/1/2019 	360449	790.00	41.00	21.57	34.38	98659.36	49791	0	BartonZwiebach	
479	0:14:20	1/1/2019 	361048	169.00	7.00	8.53	34.39	98661.27	50553	0	BartonZwiebach	
480	0:14:20	1/1/2019 	361139	225.00	6.00	9.80	34.39	98661.27	1849	0	BartonZwiebach	
481	0:14:21	1/1/2019 	361788	84.00	6.00	6.21	34.39	98663.15	49789	0	BartonZwiebach	
482	0:14:21	1/1/2019 	362218	745.00	23.00	18.82	34.40	98664.92	3983	0	BartonZwiebach	
483	0:14:21	1/1/2019 	362426	644.00	9.00	14.48	34.40	98666.66	1849	0	BartonZwiebach	
484	0:14:21	1/1/2019 	362654	170.00	6.00	8.55	34.40	98666.66	49791	0	BartonZwiebach	
485	0:14:22	1/1/2019 	363096	165.00	6.00	8.42	34.41	98668.41	1847	0	BartonZwiebach	
486	0:14:22	1/1/2019 	363396	974.00	391.00	72.94	34.41	98669.80	1848	0	BartonZwiebach	
487	0:14:23	1/1/2019 	364035	799.00	47.00	22.20	34.41	98671.34	49802	0	BartonZwiebach	
488	0:14:23	1/1/2019 	364368	874.00	92.00	28.42	34.41	98671.34	3843	0	BartonZwiebach	
489	0:14:23	1/1/2019 	364642	98.00	6.00	6.54	34.42	98672.95	49792	0	BartonZwiebach	
490	0:14:24	1/1/2019 	364768	149.00	6.00	7.98	34.42	98672.95	1848	0	BartonZwiebach	
491	0:14:24	1/1/2019 	365153	62.00	6.00	5.90	34.42	98674.52	1849	0	BartonZwiebach	
492	0:14:24	1/1/2019 	365231	60.00	6.00	5.89	34.42	98674.52	1848	0	BartonZwiebach	
493	0:14:26	1/1/2019 	367414	723.00	18.00	17.55	34.44	98680.94	97730	0	BartonZwiebach	
494	0:14:27	1/1/2019 	367830	830.00	61.00	23.71	34.44	98682.33	51783	0	BartonZwiebach	
495	0:14:28	1/1/2019 	369664	518.00	7.00	12.86	34.46	98688.95	97739	0	BartonZwiebach	
496	0:14:29	1/1/2019 	369860	971.00	400.00	74.33	34.46	98688.95	2609	0	BartonZwiebach	
497	0:14:29	1/1/2019 	369968	132.00	6.00	7.49	34.46	98688.95	1852	0	BartonZwiebach	
498	0:14:29	1/1/2019 	370137	968.00	214.00	46.73	34.46	98690.69	1849	0	BartonZwiebach	
499	0:14:29	1/1/2019 	370426	801.00	43.00	21.80	34.46	98690.69	1851	0	BartonZwiebach	
500	0:14:30	1/1/2019 	371288	378.00	7.00	11.87	34.47	98693.98	51980	0	BartonZwiebach	
501	0:14:30	1/1/2019 	371738	985.00	618.00	109.03	34.48	98695.56	49793	0	BartonZwiebach	
502	0:14:31	1/1/2019 	372470	58.00	6.00	5.88	34.48	98697.11	1849	0	BartonZwiebach	
503	0:14:32	1/1/2019 	372947	84.00	6.00	6.21	34.49	98698.84	49792	0	BartonZwiebach	
504	0:14:32	1/1/2019 	373294	513.00	7.00	12.82	34.49	98700.24	1849	0	BartonZwiebach	
505	0:14:33	1/1/2019 	374093	929.00	149.00	39.13	34.49	98701.81	49793	0	BartonZwiebach	
506	0:14:35	1/1/2019 	376167	970.00	345.00	64.97	34.51	98708.09	99733	0	BartonZwiebach	
507	0:14:35	1/1/2019 	376341	245.00	6.00	10.16	34.52	98709.67	1852	0	BartonZwiebach	
508	0:14:35	1/1/2019 	376424	961.00	180.00	43.35	34.52	98709.67	1849	0	BartonZwiebach	
509	0:14:36	1/1/2019 	376875	644.00	9.00	14.48	34.52	98711.41	49798	0	BartonZwiebach	
510	0:14:36	1/1/2019 	376998	159.00	6.00	8.26	34.52	98711.41	1851	0	BartonZwiebach	
511	0:14:40	1/1/2019 	381016	408.00	7.00	12.12	34.56	98724.12	195605	0	BartonZwiebach	
512	0:14:41	1/1/2019 	382019	964.00	193.00	44.74	34.56	98725.51	50553	0	BartonZwiebach	
513	0:14:42	1/1/2019 	382845	888.00	107.00	31.29	34.57	98728.50	49796	0	BartonZwiebach	
514	0:14:42	1/1/2019 	383388	148.00	7.00	7.96	34.57	98729.88	1851	0	BartonZwiebach	
515	0:14:44	1/1/2019 	385701	701.00	14.00	16.31	34.59	98737.03	145672	0	BartonZwiebach	
516	0:14:45	1/1/2019 	386480	165.00	6.00	8.42	34.59	98738.59	1851	0	BartonZwiebach	
517	0:14:46	1/1/2019 	386833	414.00	7.00	12.16	34.60	98740.02	51943	0	BartonZwiebach	
518	0:14:46	1/1/2019 	387021	66.00	6.00	5.93	34.60	98740.02	1850	0	BartonZwiebach	
519	0:14:47	1/1/2019 	387807	534.00	8.00	13.12	34.61	98742.47	49790	0	BartonZwiebach	
520	0:14:47	1/1/2019 	388022	92.00	6.00	6.39	34.61	98742.47	1848	0	BartonZwiebach	
521	0:14:48	1/1/2019 	389386	193.00	9.00	9.15	34.62	98746.68	49790	0	BartonZwiebach	
522	0:14:48	1/1/2019 	389407	95.00	6.00	6.46	34.62	98746.68	1849	0	BartonZwiebach	
523	0:14:49	1/1/2019 	390094	205.00	6.00	9.38	34.62	98747.70	51802	0	BartonZwiebach	
524	0:14:49	1/1/2019 	390658	858.00	65.00	24.24	34.63	98749.11	50548	0	BartonZwiebach	
525	0:14:51	1/1/2019 	391870	954.00	171.00	42.27	34.64	98752.98	49794	0	BartonZwiebach	
526	0:14:51	1/1/2019 	392099	65.00	6.00	5.92	34.64	98752.98	1851	0	BartonZwiebach	
527	0:14:51	1/1/2019 	392686	178.00	6.00	8.75	34.64	98754.03	49789	0	BartonZwiebach	
528	0:14:52	1/1/2019 	393369	810.00	51.00	22.61	34.65	98755.44	1850	0	BartonZwiebach	
529	0:14:52	1/1/2019 	393568	149.00	6.00	7.98	34.65	98756.44	52003	0	BartonZwiebach	
530	0:14:53	1/1/2019 	393967	425.00	7.00	12.24	34.65	98757.88	1849	0	BartonZwiebach	
531	0:14:53	1/1/2019 	394038	128.00	6.00	7.37	34.65	98757.88	1858	0	BartonZwiebach	
532	0:14:53	1/1/2019 	394448	866.00	76.00	25.75	34.65	98757.88	1854	0	BartonZwiebach	
533	0:14:54	1/1/2019 	394838	677.00	11.00	15.26	34.66	98759.06	49799	0	BartonZwiebach	
534	0:14:54	1/1/2019 	395228	73.00	6.00	6.02	34.66	98760.67	1850	0	BartonZwiebach	
535	0:14:54	1/1/2019 	395577	69.00	6.00	5.96	34.66	98761.70	51803	0	BartonZwiebach	
536	0:14:55	1/1/2019 	395874	66.00	10.00	5.94	34.66	98761.70	1848	0	BartonZwiebach	
537	0:14:55	1/1/2019 	395878	695.00	13.00	15.97	34.66	98761.70	1850	0	BartonZwiebach	
538	0:14:55	1/1/2019 	396226	827.00	60.00	23.59	34.67	98763.27	1850	0	BartonZwiebach	
539	0:14:56	1/1/2019 	397072	568.00	8.00	13.47	34.67	98765.69	49794	0	BartonZwiebach	
540	0:14:56	1/1/2019 	397491	315.00	6.00	11.17	34.67	98765.69	1847	0	BartonZwiebach	
541	0:14:57	1/1/2019 	398297	521.00	8.00	13.00	34.68	98768.32	51803	0	BartonZwiebach	
542	0:14:57	1/1/2019 	398343	130.00	6.00	7.43	34.68	98768.32	1849	0	BartonZwiebach	
543	0:14:58	1/1/2019 	398921	534.00	7.00	12.99	34.69	98769.73	49790	0	BartonZwiebach	
544	0:14:58	1/1/2019 	399010	202.00	6.00	9.32	34.69	98769.73	1851	0	BartonZwiebach	
545	0:14:59	1/1/2019 	399904	617.00	8.00	14.01	34.69	98771.98	49790	0	BartonZwiebach	
546	0:15:00	1/1/2019 	400862	644.00	9.00	14.48	34.70	98774.41	50547	0	BartonZwiebach	
547	0:15:00	1/1/2019 	401320	207.00	6.00	9.43	34.70	98775.81	3983	0	BartonZwiebach	
548	0:15:01	1/1/2019 	401937	585.00	8.00	13.66	34.70	98777.04	49788	0	BartonZwiebach	
549	0:15:02	1/1/2019 	402994	925.00	145.00	38.47	34.71	98779.67	49791	0	BartonZwiebach	
550	0:15:02	1/1/2019 	403440	88.00	6.00	6.30	34.71	98780.72	1852	0	BartonZwiebach	
551	0:15:02	1/1/2019 	403448	189.00	7.00	9.03	34.71	98780.72	1849	0	BartonZwiebach	
552	0:15:06	1/1/2019 	406818	189.00	6.00	9.02	34.74	98788.05	193611	0	BartonZwiebach	
553	0:15:06	1/1/2019 	406875	988.00	633.00	112.50	34.74	98789.11	3840	0	BartonZwiebach	
554	0:15:07	1/1/2019 	407909	125.00	6.00	7.29	34.75	98791.38	49808	0	BartonZwiebach	
555	0:15:07	1/1/2019 	408567	893.00	106.00	31.12	34.75	98792.42	49795	0	BartonZwiebach	
556	0:15:07	1/1/2019 	408606	204.00	6.00	9.36	34.75	98792.42	1850	0	BartonZwiebach	
557	0:15:08	1/1/2019 	409696	67.00	6.00	5.94	34.76	98795.06	49790	0	BartonZwiebach	
558	0:15:11	1/1/2019 	411891	654.00	10.00	14.83	34.77	98799.57	98488	0	BartonZwiebach	
559	0:15:11	1/1/2019 	412175	138.00	6.00	7.66	34.77	98800.98	3982	0	BartonZwiebach	
560	0:15:14	1/1/2019 	414788	804.00	47.00	22.21	34.79	98806.90	145676	0	BartonZwiebach	
561	0:15:14	1/1/2019 	415014	444.00	7.00	12.36	34.79	98806.90	1852	0	BartonZwiebach	
562	0:15:14	1/1/2019 	415605	73.00	6.00	6.02	34.79	98807.95	49792	0	BartonZwiebach	
563	0:15:15	1/1/2019 	416175	167.00	6.00	8.47	34.80	98809.36	1847	0	BartonZwiebach	
564	0:15:18	1/1/2019 	419184	100.00	6.00	6.59	34.82	98817.34	145672	0	BartonZwiebach	
565	0:15:18	1/1/2019 	419236	128.00	6.00	7.37	34.82	98817.34	3895	0	BartonZwiebach	
566	0:15:18	1/1/2019 	419598	210.00	6.00	9.49	34.82	98818.57	49790	0	BartonZwiebach	
567	0:15:19	1/1/2019 	419873	66.00	6.00	5.93	34.82	98819.80	2802	0	BartonZwiebach	
568	0:15:20	1/1/2019 	421668	102.00	5.00	6.64	34.83	98823.97	97730	0	BartonZwiebach	
569	0:15:21	1/1/2019 	421910	95.00	6.00	6.46	34.84	98825.02	1850	0	BartonZwiebach	
570	0:15:21	1/1/2019 	422682	770.00	32.00	20.45	34.84	98826.44	49789	0	BartonZwiebach	
571	0:15:22	1/1/2019 	423401	136.00	7.00	7.61	34.84	98827.62	3983	0	BartonZwiebach	
572	0:15:23	1/1/2019 	424648	946.00	159.00	40.65	34.86	98831.50	97734	0	BartonZwiebach	
573	0:15:25	1/1/2019 	426188	614.00	9.00	14.20	34.87	98835.16	49796	0	BartonZwiebach	
574	0:15:25	1/1/2019 	426389	88.00	6.00	6.30	34.87	98835.16	1851	0	BartonZwiebach	
575	0:15:25	1/1/2019 	426727	990.00	686.00	124.01	34.87	98836.21	49789	0	BartonZwiebach	
576	0:15:26	1/1/2019 	427323	791.00	42.00	21.68	34.87	98837.62	1851	0	BartonZwiebach	
577	0:15:28	1/1/2019 	429595	296.00	6.00	10.94	34.89	98842.64	147673	0	BartonZwiebach	
578	0:15:29	1/1/2019 	430259	973.00	391.00	72.94	34.89	98845.10	2804	0	BartonZwiebach	
579	0:15:30	1/1/2019 	430757	920.00	141.00	37.79	34.90	98846.16	49800	0	BartonZwiebach	
580	0:15:30	1/1/2019 	431206	199.00	6.00	9.25	34.90	98847.56	1851	0	BartonZwiebach	
581	0:15:31	1/1/2019 	431901	606.00	8.00	13.90	34.90	98848.76	49789	0	BartonZwiebach	
582	0:15:31	1/1/2019 	432146	128.00	6.00	7.37	34.90	98848.76	1848	0	BartonZwiebach	
583	0:15:32	1/1/2019 	433555	689.00	13.00	15.94	34.91	98852.08	99859	0	BartonZwiebach	
584	0:15:33	1/1/2019 	434472	613.00	8.00	13.97	34.92	98854.71	1851	0	BartonZwiebach	
585	0:15:34	1/1/2019 	435495	833.00	70.00	24.82	34.93	98856.62	49791	0	BartonZwiebach	
586	0:15:36	1/1/2019 	437428	197.00	6.00	9.21	34.94	98861.69	97742	0	BartonZwiebach	
587	0:15:37	1/1/2019 	438687	166.00	6.00	8.44	34.94	98863.80	97731	0	BartonZwiebach	
588	0:15:38	1/1/2019 	439305	197.00	6.00	9.21	34.95	98865.17	3840	0	BartonZwiebach	
589	0:15:38	1/1/2019 	439390	498.00	7.00	12.71	34.95	98865.17	1848	0	BartonZwiebach	
590	0:15:39	1/1/2019 	440074	394.00	8.00	12.07	34.96	98867.48	49792	0	BartonZwiebach	
591	0:15:39	1/1/2019 	440186	156.00	6.00	8.17	34.96	98867.48	2803	0	BartonZwiebach	
592	0:15:39	1/1/2019 	440259	142.00	7.00	7.78	34.96	98867.48	1847	0	BartonZwiebach	
593	0:15:40	1/1/2019 	440906	968.00	316.00	59.76	34.96	98868.33	49791	0	BartonZwiebach	
594	0:15:41	1/1/2019 	441894	166.00	7.00	8.45	34.97	98870.62	51931	0	BartonZwiebach	
595	0:15:41	1/1/2019 	442389	603.00	8.00	13.87	34.97	98871.52	1854	0	BartonZwiebach	
596	0:15:41	1/1/2019 	442652	590.00	8.00	13.72	34.97	98872.55	49790	0	BartonZwiebach	
597	0:15:41	1/1/2019 	442729	61.00	6.00	5.89	34.97	98872.55	1847	0	BartonZwiebach	
598	0:15:43	1/1/2019 	444207	796.00	45.00	21.99	34.98	98875.70	49788	0	BartonZwiebach	
599	0:15:43	1/1/2019 	444430	921.00	134.00	36.55	34.98	98875.70	1852	0	BartonZwiebach	
600	0:15:45	1/1/2019 	445910	826.00	61.00	23.70	34.99	98879.05	99732	0	BartonZwiebach	
601	0:15:47	1/1/2019 	447966	213.00	7.00	9.57	35.00	98883.06	97741	0	BartonZwiebach	
602	0:15:47	1/1/2019 	447975	449.00	7.00	12.39	35.00	98883.06	1850	0	BartonZwiebach	
603	0:15:47	1/1/2019 	448057	71.00	6.00	5.99	35.00	98883.06	1848	0	BartonZwiebach	
604	0:15:47	1/1/2019 	448155	152.00	6.00	8.06	35.00	98883.06	1847	0	BartonZwiebach	
605	0:15:50	1/1/2019 	450951	782.00	39.00	21.34	35.02	98888.70	145673	0	BartonZwiebach	
606	0:15:50	1/1/2019 	451137	141.00	6.00	7.75	35.02	98888.70	4936	0	BartonZwiebach	
607	0:15:50	1/1/2019 	451147	973.00	334.00	62.97	35.02	98888.70	1849	0	BartonZwiebach	
608	0:15:50	1/1/2019 	451197	129.00	6.00	7.40	35.02	98888.70	1849	0	BartonZwiebach	
609	0:15:52	1/1/2019 	453073	733.00	21.00	18.33	35.04	98893.24	97731	0	BartonZwiebach	
610	0:15:52	1/1/2019 	453321	698.00	14.00	16.29	35.04	98893.24	1852	0	BartonZwiebach	
611	0:15:52	1/1/2019 	453706	192.00	6.00	9.09	35.04	98893.96	49791	0	BartonZwiebach	
612	0:15:53	1/1/2019 	454156	140.00	6.00	7.72	35.04	98894.80	3942	0	BartonZwiebach	
613	0:15:53	1/1/2019 	454648	212.00	6.00	9.53	35.04	98896.06	49789	0	BartonZwiebach	
614	0:15:54	1/1/2019 	455484	925.00	138.00	37.27	35.05	98896.58	1849	0	BartonZwiebach	
615	0:15:54	1/1/2019 	455489	248.00	6.00	10.21	35.05	98896.58	1851	0	BartonZwiebach	
616	0:15:54	1/1/2019 	455559	72.00	6.00	6.00	35.05	98897.47	49790	0	BartonZwiebach	
617	0:15:55	1/1/2019 	455812	610.00	8.00	13.94	35.05	98897.47	1847	0	BartonZwiebach	
618	0:15:56	1/1/2019 	456886	144.00	6.00	7.84	35.05	98899.05	51781	0	BartonZwiebach	
619	0:15:57	1/1/2019 	458139	78.00	6.00	6.10	35.06	98902.38	49791	0	BartonZwiebach	
620	0:15:58	1/1/2019 	459093	659.00	11.00	15.15	35.07	98903.23	49795	0	BartonZwiebach	
621	0:15:58	1/1/2019 	459693	979.00	557.00	95.78	35.07	98905.52	49795	0	BartonZwiebach	
622	0:15:59	1/1/2019 	460734	759.00	28.00	19.81	35.08	98907.30	50754	0	BartonZwiebach	
623	0:16:01	1/1/2019 	461870	166.00	6.00	8.44	35.08	98909.21	49793	0	BartonZwiebach	
624	0:16:01	1/1/2019 	462328	361.00	6.00	11.66	35.09	98910.42	3981	0	BartonZwiebach	
625	0:16:02	1/1/2019 	462904	315.00	7.00	11.22	35.09	98911.48	49790	0	BartonZwiebach	
626	0:16:02	1/1/2019 	463442	278.00	6.00	10.69	35.09	98912.70	1851	0	BartonZwiebach	
627	0:16:03	1/1/2019 	464559	769.00	32.00	20.45	35.10	98914.61	97733	0	BartonZwiebach	
628	0:16:03	1/1/2019 	464600	108.00	6.00	6.80	35.10	98914.61	1849	0	BartonZwiebach	
629	0:16:04	1/1/2019 	464883	426.00	7.00	12.24	35.10	98915.47	1849	0	BartonZwiebach	
630	0:16:04	1/1/2019 	464980	755.00	25.00	19.26	35.10	98915.47	3842	0	BartonZwiebach	
631	0:16:05	1/1/2019 	466035	147.00	7.00	7.93	35.11	98917.58	49792	0	BartonZwiebach	
632	0:16:05	1/1/2019 	466272	93.00	6.00	6.41	35.11	98917.58	1850	0	BartonZwiebach	
633	0:16:05	1/1/2019 	466293	535.00	7.00	13.00	35.11	98917.58	1848	0	BartonZwiebach	
634	0:16:05	1/1/2019 	466360	68.00	6.00	5.95	35.11	98917.58	1849	0	BartonZwiebach	
635	0:16:05	1/1/2019 	466422	146.00	6.00	7.89	35.11	98918.62	1849	0	BartonZwiebach	
636	0:16:06	1/1/2019 	467352	180.00	6.00	8.80	35.11	98919.34	51786	0	BartonZwiebach	
637	0:16:06	1/1/2019 	467663	966.00	210.00	46.37	35.12	98920.04	49791	0	BartonZwiebach	
638	0:16:06	1/1/2019 	467718	148.00	6.00	7.95	35.12	98920.04	1850	0	BartonZwiebach	
639	0:16:07	1/1/2019 	468012	968.00	331.00	62.43	35.12	98920.92	1849	0	BartonZwiebach	
640	0:16:08	1/1/2019 	469125	63.00	6.00	5.91	35.13	98922.89	49799	0	BartonZwiebach	
641	0:16:09	1/1/2019 	470310	153.00	6.00	8.09	35.13	98924.80	49791	0	BartonZwiebach	
642	0:16:09	1/1/2019 	470704	512.00	7.00	12.82	35.13	98925.66	52875	0	BartonZwiebach	
643	0:16:10	1/1/2019 	471457	727.00	20.00	18.07	35.14	98926.69	1849	0	BartonZwiebach	
644	0:16:10	1/1/2019 	471599	105.00	6.00	6.72	35.14	98927.95	49791	0	BartonZwiebach	
645	0:16:11	1/1/2019 	471772	189.00	6.00	9.02	35.14	98927.95	1848	0	BartonZwiebach	
646	0:16:11	1/1/2019 	471915	142.00	6.00	7.78	35.14	98927.95	1849	0	BartonZwiebach	
647	0:16:11	1/1/2019 	471929	95.00	6.00	6.46	35.14	98927.95	1848	0	BartonZwiebach	
648	0:16:12	1/1/2019 	473096	178.00	6.00	8.75	35.15	98929.70	51780	0	BartonZwiebach	
649	0:16:12	1/1/2019 	473693	260.00	6.00	10.41	35.15	98931.83	49790	0	BartonZwiebach	
650	0:16:13	1/1/2019 	474047	141.00	6.00	7.75	35.15	98931.83	1849	0	BartonZwiebach	
651	0:16:14	1/1/2019 	475412	906.00	118.00	33.50	35.16	98934.60	49791	0	BartonZwiebach	
652	0:16:15	1/1/2019 	476318	536.00	7.00	13.01	35.17	98936.73	49796	0	BartonZwiebach	
653	0:16:17	1/1/2019 	477796	433.00	7.00	12.29	35.17	98939.20	97736	0	BartonZwiebach	
654	0:16:18	1/1/2019 	479128	87.00	6.00	6.28	35.18	98941.10	51840	0	BartonZwiebach	
655	0:16:18	1/1/2019 	479362	57.00	6.00	5.88	35.18	98941.98	1848	0	BartonZwiebach	
656	0:16:19	1/1/2019 	480639	925.00	146.00	38.63	35.19	98943.73	97734	0	BartonZwiebach	
657	0:16:20	1/1/2019 	480922	69.00	6.00	5.96	35.19	98944.79	2805	0	BartonZwiebach	
658	0:16:20	1/1/2019 	481445	601.00	8.00	13.84	35.19	98945.67	1850	0	BartonZwiebach	
659	0:16:20	1/1/2019 	481593	85.00	6.00	6.23	35.19	98945.67	49790	0	BartonZwiebach	
660	0:16:21	1/1/2019 	482568	205.00	6.00	9.38	35.20	98947.42	51922	0	BartonZwiebach	
661	0:16:24	1/1/2019 	485069	97.00	6.00	6.51	35.21	98951.77	97732	0	BartonZwiebach	
662	0:16:24	1/1/2019 	485585	200.00	6.00	9.27	35.22	98953.02	49791	0	BartonZwiebach	
663	0:16:25	1/1/2019 	486102	962.00	208.00	46.18	35.22	98953.90	1848	0	BartonZwiebach	
664	0:16:26	1/1/2019 	486931	453.00	6.00	12.33	35.22	98954.78	49798	0	BartonZwiebach	
665	0:16:27	1/1/2019 	487746	774.00	37.00	21.09	35.23	98956.34	49793	0	BartonZwiebach	
666	0:16:27	1/1/2019 	487829	568.00	7.00	13.32	35.23	98956.34	3844	0	BartonZwiebach	
667	0:16:29	1/1/2019 	489899	722.00	18.00	17.54	35.24	98960.19	97736	0	BartonZwiebach	
668	0:16:29	1/1/2019 	490714	845.00	66.00	24.33	35.24	98961.05	50749	0	BartonZwiebach	
669	0:16:30	1/1/2019 	491573	651.00	10.00	14.81	35.24	98962.62	49797	0	BartonZwiebach	
670	0:16:31	1/1/2019 	491992	958.00	177.00	43.00	35.25	98963.32	1856	0	BartonZwiebach	
671	0:16:32	1/1/2019 	493422	411.00	7.00	12.14	35.25	98966.12	51929	0	BartonZwiebach	
672	0:16:33	1/1/2019 	494265	447.00	7.00	12.38	35.26	98967.01	49792	0	BartonZwiebach	
673	0:16:34	1/1/2019 	495427	187.00	6.00	8.97	35.26	98969.64	49794	0	BartonZwiebach	
674	0:16:35	1/1/2019 	496138	726.00	20.00	18.06	35.27	98970.50	49791	0	BartonZwiebach	
675	0:16:35	1/1/2019 	496652	107.00	6.00	6.78	35.27	98971.39	49794	0	BartonZwiebach	
676	0:16:36	1/1/2019 	496790	94.00	6.00	6.44	35.27	98971.39	1848	0	BartonZwiebach	
677	0:16:36	1/1/2019 	496927	141.00	6.00	7.75	35.27	98971.39	3842	0	BartonZwiebach	
678	0:16:36	1/1/2019 	497289	947.00	158.00	40.51	35.27	98971.88	1851	0	BartonZwiebach	
679	0:16:36	1/1/2019 	497465	168.00	6.00	8.50	35.27	98972.77	1854	0	BartonZwiebach	
680	0:16:37	1/1/2019 	498010	440.00	6.00	12.25	35.28	98973.48	49789	0	BartonZwiebach	
681	0:16:38	1/1/2019 	499003	60.00	6.00	5.89	35.28	98974.17	49793	0	BartonZwiebach	
682	0:16:39	1/1/2019 	499826	143.00	6.00	7.81	35.28	98975.57	49790	0	BartonZwiebach	
683	0:16:40	1/1/2019 	501645	213.00	6.00	9.55	35.29	98978.92	100816	0	BartonZwiebach	
684	0:16:43	1/1/2019 	504412	966.00	302.00	57.39	35.30	98982.77	97733	0	BartonZwiebach	
685	0:16:43	1/1/2019 	504575	684.00	12.00	15.61	35.30	98982.77	49801	0	BartonZwiebach	
686	0:16:44	1/1/2019 	504795	880.00	98.00	29.54	35.30	98983.80	1849	0	BartonZwiebach	
687	0:16:44	1/1/2019 	505284	785.00	38.00	21.24	35.30	98984.13	1851	0	BartonZwiebach	
688	0:16:44	1/1/2019 	505715	824.00	59.00	23.47	35.30	98984.13	49796	0	BartonZwiebach	
689	0:16:46	1/1/2019 	506994	651.00	9.00	14.53	35.31	98986.59	51786	0	BartonZwiebach	
690	0:16:46	1/1/2019 	507282	962.00	181.00	43.46	35.31	98986.59	1850	0	BartonZwiebach	
691	0:16:46	1/1/2019 	507414	630.00	9.00	14.37	35.31	98987.45	1850	0	BartonZwiebach	
692	0:16:46	1/1/2019 	507642	105.00	6.00	6.72	35.31	98987.45	49791	0	BartonZwiebach	
693	0:16:47	1/1/2019 	507953	974.00	361.00	67.86	35.32	98988.52	1849	0	BartonZwiebach	
694	0:16:47	1/1/2019 	508358	63.00	6.00	5.91	35.32	98989.37	1851	0	BartonZwiebach	
695	0:16:48	1/1/2019 	508891	778.00	36.00	20.99	35.32	98990.26	51783	0	BartonZwiebach	
696	0:16:50	1/1/2019 	511044	80.00	5.00	6.13	35.33	98993.41	97740	0	BartonZwiebach	
697	0:16:50	1/1/2019 	511270	142.00	6.00	7.78	35.33	98993.41	2804	0	BartonZwiebach	
698	0:16:52	1/1/2019 	513010	221.00	6.00	9.72	35.34	98996.41	97729	0	BartonZwiebach	
699	0:16:52	1/1/2019 	513193	975.00	341.00	64.24	35.34	98996.41	1850	0	BartonZwiebach	
700	0:16:52	1/1/2019 	513489	94.00	6.00	6.44	35.34	98996.41	1850	0	BartonZwiebach	
701	0:16:52	1/1/2019 	513642	619.00	8.00	14.03	35.34	98997.29	51920	0	BartonZwiebach	
702	0:16:53	1/1/2019 	514020	961.00	204.00	45.81	35.34	98997.80	1848	0	BartonZwiebach	
703	0:16:53	1/1/2019 	514081	66.00	6.00	5.93	35.34	98997.80	1851	0	BartonZwiebach	
704	0:16:53	1/1/2019 	514286	139.00	6.00	7.69	35.34	98997.80	1848	0	BartonZwiebach	
705	0:16:54	1/1/2019 	515015	637.00	9.00	14.43	35.35	98998.66	49788	0	BartonZwiebach	
706	0:16:57	1/1/2019 	518282	114.00	5.00	6.97	35.36	99003.77	145679	0	BartonZwiebach	
707	0:16:59	1/1/2019 	519864	635.00	9.00	14.41	35.37	99005.52	99725	0	BartonZwiebach	
708	0:16:59	1/1/2019 	520234	66.00	6.00	5.93	35.37	99006.07	2805	0	BartonZwiebach	
709	0:17:00	1/1/2019 	521110	182.00	6.00	8.85	35.37	99006.76	49791	0	BartonZwiebach	
710	0:17:00	1/1/2019 	521149	140.00	6.00	7.72	35.37	99006.76	1849	0	BartonZwiebach	
711	0:17:01	1/1/2019 	521959	98.00	6.00	6.54	35.38	99008.17	49787	0	BartonZwiebach	
712	0:17:01	1/1/2019 	522362	126.00	6.00	7.32	35.38	99009.06	1848	0	BartonZwiebach	
713	0:17:02	1/1/2019 	523427	198.00	6.00	9.23	35.38	99010.61	51921	0	BartonZwiebach	
714	0:17:02	1/1/2019 	523691	69.00	5.00	5.96	35.38	99010.61	49790	0	BartonZwiebach	
715	0:17:04	1/1/2019 	524840	332.00	7.00	11.42	35.39	99012.22	49788	0	BartonZwiebach	
716	0:17:05	1/1/2019 	526474	114.00	6.00	6.97	35.40	99015.03	49793	0	BartonZwiebach	
717	0:17:07	1/1/2019 	527747	425.00	8.00	12.31	35.40	99016.31	97732	0	BartonZwiebach	
718	0:17:07	1/1/2019 	527801	977.00	385.00	71.97	35.40	99016.31	1848	0	BartonZwiebach	
719	0:17:07	1/1/2019 	528118	80.00	6.00	6.13	35.41	99016.97	3842	0	BartonZwiebach	
720	0:17:08	1/1/2019 	529177	716.00	17.00	17.24	35.41	99018.38	49790	0	BartonZwiebach	
721	0:17:09	1/1/2019 	530606	906.00	122.00	34.27	35.42	99020.52	97739	0	BartonZwiebach	
722	0:17:09	1/1/2019 	530698	426.00	7.00	12.24	35.42	99020.52	2804	0	BartonZwiebach	
723	0:17:10	1/1/2019 	531617	906.00	119.00	33.69	35.42	99021.23	49791	0	BartonZwiebach	
724	0:17:11	1/1/2019 	531765	85.00	6.00	6.23	35.42	99022.12	1851	0	BartonZwiebach	
725	0:17:11	1/1/2019 	532416	772.00	33.00	20.59	35.43	99022.64	3981	0	BartonZwiebach	
726	0:17:12	1/1/2019 	533287	139.00	6.00	7.69	35.43	99023.70	49795	0	BartonZwiebach	
727	0:17:15	1/1/2019 	536122	921.00	141.00	37.79	35.44	99026.38	145675	0	BartonZwiebach	
728	0:17:15	1/1/2019 	536737	606.00	8.00	13.90	35.44	99027.09	49801	0	BartonZwiebach	
729	0:17:16	1/1/2019 	537249	96.00	6.00	6.49	35.45	99027.61	1847	0	BartonZwiebach	
730	0:17:17	1/1/2019 	538105	531.00	7.00	12.97	35.45	99028.67	49789	0	BartonZwiebach	
731	0:17:18	1/1/2019 	539006	140.00	6.00	7.72	35.45	99029.88	51785	0	BartonZwiebach	
732	0:17:18	1/1/2019 	539409	616.00	8.00	14.00	35.46	99030.60	1849	0	BartonZwiebach	
733	0:17:19	1/1/2019 	540720	80.00	6.00	6.13	35.46	99031.84	97732	0	BartonZwiebach	
734	0:17:22	1/1/2019 	543084	71.00	6.00	5.99	35.47	99035.22	98683	0	BartonZwiebach	
735	0:17:22	1/1/2019 	543427	534.00	7.00	12.99	35.47	99035.22	1848	0	BartonZwiebach	
736	0:17:24	1/1/2019 	545120	226.00	6.00	9.81	35.48	99037.70	97735	0	BartonZwiebach	
737	0:17:24	1/1/2019 	545576	973.00	242.00	49.40	35.48	99037.70	51925	0	BartonZwiebach	
738	0:17:25	1/1/2019 	546663	68.00	6.00	5.95	35.49	99039.50	49796	0	BartonZwiebach	
739	0:17:25	1/1/2019 	546717	308.00	6.00	11.09	35.49	99039.50	1849	0	BartonZwiebach	
740	0:17:26	1/1/2019 	547143	970.00	315.00	59.59	35.49	99039.50	1850	0	BartonZwiebach	
741	0:17:26	1/1/2019 	547444	74.00	6.00	6.03	35.49	99040.19	1851	0	BartonZwiebach	
742	0:17:27	1/1/2019 	547997	669.00	11.00	15.22	35.50	99040.91	49789	0	BartonZwiebach	
743	0:17:28	1/1/2019 	549497	214.00	6.00	9.58	35.50	99042.84	51785	0	BartonZwiebach	
744	0:17:28	1/1/2019 	549693	984.00	420.00	77.20	35.50	99042.84	49791	0	BartonZwiebach	
745	0:17:31	1/1/2019 	552332	106.00	9.00	6.76	35.51	99046.22	98702	0	BartonZwiebach	
746	0:17:32	1/1/2019 	553447	562.00	8.00	13.40	35.52	99047.27	49790	0	BartonZwiebach	
747	0:17:33	1/1/2019 	554415	272.00	7.00	10.63	35.52	99048.66	49790	0	BartonZwiebach	
748	0:17:34	1/1/2019 	554797	241.00	7.00	10.11	35.52	99048.66	49793	0	BartonZwiebach	
749	0:17:34	1/1/2019 	555069	693.00	13.00	15.96	35.52	99049.38	3986	0	BartonZwiebach	
750	0:17:34	1/1/2019 	555735	111.00	6.00	6.89	35.53	99050.06	49796	0	BartonZwiebach	
751	0:17:35	1/1/2019 	556166	953.00	163.00	41.22	35.53	99050.62	1849	0	BartonZwiebach	
752	0:17:37	1/1/2019 	558096	392.00	7.00	11.99	35.54	99053.08	97741	0	BartonZwiebach	
753	0:17:37	1/1/2019 	558132	118.00	6.00	7.09	35.54	99053.08	1850	0	BartonZwiebach	
754	0:17:38	1/1/2019 	559038	386.00	7.00	11.94	35.54	99053.64	51724	0	BartonZwiebach	
755	0:17:39	1/1/2019 	560392	143.00	6.00	7.81	35.54	99055.19	49794	0	BartonZwiebach	
756	0:17:40	1/1/2019 	560807	828.00	59.00	23.48	35.55	99055.88	50550	0	BartonZwiebach	
757	0:17:40	1/1/2019 	561038	82.00	6.00	6.17	35.55	99055.88	1857	0	BartonZwiebach	
758	0:17:41	1/1/2019 	562162	77.00	6.00	6.08	35.55	99057.67	49792	0	BartonZwiebach	
759	0:17:42	1/1/2019 	562748	106.00	6.00	6.75	35.55	99058.17	49791	0	BartonZwiebach	
760	0:17:44	1/1/2019 	564756	768.00	32.00	20.44	35.56	99060.69	101064	0	BartonZwiebach	
761	0:17:45	1/1/2019 	566219	727.00	20.00	18.07	35.57	99061.75	49793	0	BartonZwiebach	
762	0:17:45	1/1/2019 	566351	674.00	11.00	15.25	35.57	99062.41	1851	0	BartonZwiebach	
763	0:17:45	1/1/2019 	566560	238.00	6.00	10.04	35.57	99062.41	49790	0	BartonZwiebach	
764	0:17:46	1/1/2019 	567190	222.00	6.00	9.74	35.57	99062.96	1849	0	BartonZwiebach	
765	0:17:46	1/1/2019 	567218	130.00	6.00	7.43	35.57	99062.96	1849	0	BartonZwiebach	
766	0:17:46	1/1/2019 	567350	129.00	6.00	7.40	35.57	99063.34	3839	0	BartonZwiebach	
767	0:17:47	1/1/2019 	568018	196.00	6.00	9.18	35.58	99064.03	49789	0	BartonZwiebach	
768	0:17:48	1/1/2019 	568971	104.00	6.00	6.70	35.58	99064.75	49789	0	BartonZwiebach	
769	0:17:49	1/1/2019 	570009	513.00	7.00	12.82	35.58	99065.83	49790	0	BartonZwiebach	
770	0:17:49	1/1/2019 	570082	895.00	109.00	31.71	35.58	99065.83	2608	0	BartonZwiebach	
771	0:17:49	1/1/2019 	570714	958.00	174.00	42.64	35.58	99066.00	49796	0	BartonZwiebach	
772	0:17:51	1/1/2019 	571757	347.00	7.00	11.58	35.59	99067.22	51927	0	BartonZwiebach	
773	0:17:51	1/1/2019 	572498	916.00	123.00	34.49	35.59	99067.77	1851	0	BartonZwiebach	
774	0:17:52	1/1/2019 	572929	756.00	30.00	20.11	35.59	99068.15	49794	0	BartonZwiebach	
775	0:17:52	1/1/2019 	573244	696.00	13.00	15.97	35.60	99068.67	1850	0	BartonZwiebach	
776	0:17:53	1/1/2019 	573875	173.00	6.00	8.63	35.60	99069.01	49791	0	BartonZwiebach	
777	0:17:55	1/1/2019 	576157	405.00	7.00	12.09	35.61	99071.69	97728	0	BartonZwiebach	
778	0:17:55	1/1/2019 	576372	370.00	6.00	11.74	35.61	99071.69	3843	0	BartonZwiebach	
779	0:17:56	1/1/2019 	577100	726.00	19.00	17.82	35.61	99072.38	49790	0	BartonZwiebach	
780	0:17:56	1/1/2019 	577382	146.00	6.00	7.89	35.61	99073.11	1851	0	BartonZwiebach	
781	0:17:56	1/1/2019 	577448	214.00	6.00	9.58	35.61	99073.11	1848	0	BartonZwiebach	
782	0:17:57	1/1/2019 	578338	79.00	6.00	6.11	35.61	99073.96	49787	0	BartonZwiebach	
783	0:17:57	1/1/2019 	578342	207.00	9.00	9.47	35.61	99073.96	1849	0	BartonZwiebach	
784	0:17:57	1/1/2019 	578622	348.00	6.00	11.54	35.61	99073.96	51780	0	BartonZwiebach	
785	0:17:58	1/1/2019 	579663	62.00	6.00	5.90	35.62	99075.20	49792	0	BartonZwiebach	
786	0:18:00	1/1/2019 	581063	102.00	6.00	6.64	35.62	99076.95	50547	0	BartonZwiebach	
787	0:18:00	1/1/2019 	581091	425.00	6.00	12.16	35.62	99076.95	1850	0	BartonZwiebach	
788	0:18:01	1/1/2019 	582631	181.00	6.00	8.83	35.63	99078.90	97731	0	BartonZwiebach	
789	0:18:02	1/1/2019 	582787	620.00	8.00	14.03	35.63	99078.90	1850	0	BartonZwiebach	
790	0:18:02	1/1/2019 	582987	710.00	15.00	16.64	35.63	99079.59	3981	0	BartonZwiebach	
791	0:18:03	1/1/2019 	583742	101.00	6.00	6.62	35.63	99079.94	49792	0	BartonZwiebach	
792	0:18:03	1/1/2019 	584027	985.00	564.00	97.14	35.63	99080.11	1849	0	BartonZwiebach	
793	0:18:04	1/1/2019 	585239	238.00	6.00	10.04	35.64	99081.69	49803	0	BartonZwiebach	
794	0:18:04	1/1/2019 	585557	858.00	81.00	26.49	35.64	99082.02	49792	0	BartonZwiebach	
795	0:18:05	1/1/2019 	586065	162.00	6.00	8.34	35.64	99082.58	1851	0	BartonZwiebach	
796	0:18:08	1/1/2019 	588746	678.00	12.00	15.58	35.65	99085.05	147664	0	BartonZwiebach	
797	0:18:08	1/1/2019 	589700	151.00	6.00	8.03	35.65	99086.45	49794	0	BartonZwiebach	
798	0:18:09	1/1/2019 	590237	648.00	8.00	14.21	35.65	99086.62	2608	0	BartonZwiebach	
799	0:18:12	1/1/2019 	592924	766.00	29.00	20.00	35.66	99089.59	145681	0	BartonZwiebach	
800	0:18:12	1/1/2019 	593074	162.00	6.00	8.34	35.66	99089.59	1851	0	BartonZwiebach	
801	0:18:16	1/1/2019 	597621	982.00	752.00	134.39	35.67	99094.17	241558	0	BartonZwiebach	
802	0:18:17	1/1/2019 	597916	66.00	6.00	5.93	35.68	99094.69	3985	0	BartonZwiebach	
803	0:18:18	1/1/2019 	599677	724.00	21.00	18.28	35.68	99096.44	97734	0	BartonZwiebach	
804	0:18:21	1/1/2019 	600960	653.00	10.00	14.83	35.68	99097.62	50554	0	BartonZwiebach	
805	0:18:21	1/1/2019 	601557	69.00	6.00	5.96	35.69	99098.86	49798	0	BartonZwiebach	
806	0:18:22	1/1/2019 	602448	58.00	6.00	5.88	35.69	99099.19	1848	0	BartonZwiebach	
807	0:18:22	1/1/2019 	602726	153.00	6.00	8.09	35.69	99100.05	49790	0	BartonZwiebach	
808	0:18:24	1/1/2019 	604338	64.00	6.00	5.91	35.69	99101.83	51976	0	BartonZwiebach	
809	0:18:24	1/1/2019 	604428	96.00	6.00	6.49	35.69	99101.83	1848	0	BartonZwiebach	
810	0:18:24	1/1/2019 	604629	162.00	6.00	8.34	35.69	99102.33	49789	0	BartonZwiebach	
811	0:18:25	1/1/2019 	605870	85.00	6.00	6.23	35.70	99104.41	49789	0	BartonZwiebach	
812	0:18:26	1/1/2019 	606248	140.00	6.00	7.72	35.70	99104.75	1850	0	BartonZwiebach	
813	0:18:26	1/1/2019 	606804	293.00	7.00	10.93	35.70	99105.27	49789	0	BartonZwiebach	
814	0:18:27	1/1/2019 	607005	530.00	7.00	12.96	35.70	99105.27	3841	0	BartonZwiebach	
815	0:18:27	1/1/2019 	607127	117.00	6.00	7.06	35.70	99105.27	1850	0	BartonZwiebach	
816	0:18:27	1/1/2019 	607746	621.00	8.00	14.04	35.70	99106.13	49788	0	BartonZwiebach	
817	0:18:27	1/1/2019 	607931	784.00	39.00	21.34	35.70	99106.13	1849	0	BartonZwiebach	
818	0:18:28	1/1/2019 	608821	442.00	5.00	12.17	35.71	99107.19	49793	0	BartonZwiebach	
819	0:18:29	1/1/2019 	609409	94.00	6.00	6.44	35.71	99107.91	1850	0	BartonZwiebach	
820	0:18:29	1/1/2019 	609668	160.00	5.00	8.28	35.71	99107.91	51782	0	BartonZwiebach	
821	0:18:29	1/1/2019 	609849	227.00	6.00	9.83	35.71	99108.25	2606	0	BartonZwiebach	
822	0:18:30	1/1/2019 	610066	104.00	6.00	6.70	35.71	99108.25	1848	0	BartonZwiebach	
823	0:18:30	1/1/2019 	610138	81.00	6.00	6.15	35.71	99108.25	1849	0	BartonZwiebach	
824	0:18:30	1/1/2019 	610219	982.00	530.00	91.08	35.71	99108.25	1849	0	BartonZwiebach	
825	0:18:31	1/1/2019 	611380	428.00	6.00	12.18	35.71	99109.66	49804	0	BartonZwiebach	
826	0:18:31	1/1/2019 	611714	128.00	6.00	7.37	35.71	99109.66	51924	0	BartonZwiebach	
827	0:18:31	1/1/2019 	611848	529.00	7.00	12.95	35.72	99110.52	1848	0	BartonZwiebach	
828	0:18:32	1/1/2019 	612838	73.00	6.00	6.02	35.72	99110.69	49791	0	BartonZwiebach	
829	0:18:32	1/1/2019 	612852	203.00	6.00	9.34	35.72	99110.69	1848	0	BartonZwiebach	
830	0:18:33	1/1/2019 	613097	154.00	6.00	8.12	35.72	99111.41	1848	0	BartonZwiebach	
831	0:18:34	1/1/2019 	614212	960.00	187.00	44.12	35.72	99112.46	49791	0	BartonZwiebach	
832	0:18:34	1/1/2019 	614343	579.00	8.00	13.59	35.72	99112.46	3842	0	BartonZwiebach	
833	0:18:34	1/1/2019 	614648	556.00	7.00	13.20	35.72	99113.16	49789	0	BartonZwiebach	
834	0:18:36	1/1/2019 	616743	578.00	7.00	13.42	35.73	99115.23	97733	0	BartonZwiebach	
835	0:18:37	1/1/2019 	617011	196.00	6.00	9.18	35.73	99115.23	1850	0	BartonZwiebach	
836	0:18:37	1/1/2019 	617395	247.00	6.00	10.20	35.73	99115.92	1850	0	BartonZwiebach	
837	0:18:37	1/1/2019 	617878	981.00	466.00	82.81	35.73	99116.48	51782	0	BartonZwiebach	
838	0:18:38	1/1/2019 	617977	973.00	360.00	67.68	35.73	99116.48	1851	0	BartonZwiebach	
839	0:18:40	1/1/2019 	620094	75.00	6.00	6.05	35.74	99118.61	97750	0	BartonZwiebach	
840	0:18:40	1/1/2019 	620122	815.00	69.00	24.64	35.74	99118.61	2606	0	BartonZwiebach	
841	0:18:40	1/1/2019 	620846	733.00	20.00	18.10	35.74	99119.50	49793	0	BartonZwiebach	
842	0:18:40	1/1/2019 	620951	413.00	7.00	12.15	35.74	99119.50	1850	0	BartonZwiebach	
843	0:18:40	1/1/2019 	620956	984.00	614.00	108.08	35.74	99119.50	3982	0	BartonZwiebach	
844	0:18:42	1/1/2019 	622393	971.00	340.00	64.06	35.75	99121.25	49806	0	BartonZwiebach	
845	0:18:44	1/1/2019 	624055	622.00	9.00	14.29	35.75	99122.62	97754	0	BartonZwiebach	
846	0:18:45	1/1/2019 	625062	652.00	10.00	14.82	35.75	99123.52	49797	0	BartonZwiebach	
847	0:18:45	1/1/2019 	625256	186.00	6.00	8.95	35.75	99123.52	1851	0	BartonZwiebach	
848	0:18:46	1/1/2019 	626180	234.00	6.00	9.97	35.76	99124.59	49788	0	BartonZwiebach	
849	0:18:46	1/1/2019 	626191	106.00	6.00	6.75	35.76	99124.59	3842	0	BartonZwiebach	
850	0:18:46	1/1/2019 	626864	128.00	6.00	7.37	35.76	99125.48	49788	0	BartonZwiebach	
851	0:18:48	1/1/2019 	628753	109.00	6.00	6.83	35.77	99126.89	97728	0	BartonZwiebach	
852	0:18:49	1/1/2019 	629847	536.00	7.00	13.01	35.77	99127.94	49792	0	BartonZwiebach	
853	0:18:50	1/1/2019 	630442	128.00	6.00	7.37	35.77	99128.49	2607	0	BartonZwiebach	
854	0:18:51	1/1/2019 	631617	276.00	7.00	10.69	35.78	99129.91	97731	0	BartonZwiebach	
855	0:18:52	1/1/2019 	631990	545.00	7.00	13.09	35.78	99129.91	3982	0	BartonZwiebach	
856	0:18:52	1/1/2019 	632468	135.00	6.00	7.58	35.78	99130.45	1849	0	BartonZwiebach	
857	0:18:52	1/1/2019 	632479	98.00	6.00	6.54	35.78	99130.45	1848	0	BartonZwiebach	
858	0:18:52	1/1/2019 	632617	832.00	62.00	23.83	35.78	99130.98	49788	0	BartonZwiebach	
859	0:18:56	1/1/2019 	636667	674.00	12.00	15.55	35.80	99135.05	193628	0	BartonZwiebach	
860	0:18:57	1/1/2019 	637066	961.00	207.00	46.09	35.80	99135.59	1851	0	BartonZwiebach	
861	0:18:57	1/1/2019 	637335	985.00	635.00	112.96	35.80	99136.12	3843	0	BartonZwiebach	
862	0:18:59	1/1/2019 	639148	968.00	303.00	57.55	35.81	99138.09	97761	0	BartonZwiebach	
863	0:18:59	1/1/2019 	639299	284.00	5.00	10.74	35.81	99138.61	1851	0	BartonZwiebach	
864	0:18:59	1/1/2019 	639360	294.00	6.00	10.91	35.81	99138.61	1849	0	BartonZwiebach	
865	0:18:59	1/1/2019 	639782	88.00	6.00	6.30	35.81	99138.61	49792	0	BartonZwiebach	
866	0:19:00	1/1/2019 	640843	840.00	72.00	25.11	35.82	99139.85	50548	0	BartonZwiebach	
867	0:19:02	1/1/2019 	642272	177.00	6.00	8.73	35.82	99141.29	51982	0	BartonZwiebach	
868	0:19:02	1/1/2019 	642377	317.00	6.00	11.20	35.82	99141.46	1849	0	BartonZwiebach	
869	0:19:04	1/1/2019 	644589	550.00	7.00	13.14	35.83	99144.62	145677	0	BartonZwiebach	
870	0:19:05	1/1/2019 	645594	437.00	7.00	12.32	35.84	99145.67	49797	0	BartonZwiebach	
871	0:19:06	1/1/2019 	646169	935.00	150.00	39.29	35.84	99146.51	1852	0	BartonZwiebach	
872	0:19:06	1/1/2019 	646340	137.00	5.00	7.63	35.84	99146.51	1852	0	BartonZwiebach	
873	0:19:07	1/1/2019 	647379	64.00	6.00	5.91	35.84	99147.95	51780	0	BartonZwiebach	
874	0:19:07	1/1/2019 	647387	218.00	6.00	9.66	35.84	99147.95	1848	0	BartonZwiebach	
875	0:19:08	1/1/2019 	648487	692.00	13.00	15.96	35.85	99148.80	49787	0	BartonZwiebach	
876	0:19:08	1/1/2019 	648774	98.00	9.00	6.54	35.85	99149.53	49794	0	BartonZwiebach	
877	0:19:10	1/1/2019 	650164	989.00	958.00	285.60	35.85	99151.78	49790	0	BartonZwiebach	
878	0:19:11	1/1/2019 	651176	204.00	6.00	9.36	35.86	99153.19	50575	0	BartonZwiebach	
879	0:19:11	1/1/2019 	651450	558.00	7.00	13.22	35.86	99153.19	3982	0	BartonZwiebach	
880	0:19:13	1/1/2019 	653219	450.00	7.00	12.40	35.86	99154.94	97732	0	BartonZwiebach	
881	0:19:13	1/1/2019 	653650	79.00	6.00	6.11	35.86	99155.30	49794	0	BartonZwiebach	
882	0:19:13	1/1/2019 	653691	877.00	98.00	29.53	35.86	99155.30	1848	0	BartonZwiebach	
883	0:19:14	1/1/2019 	654435	202.00	6.00	9.32	35.87	99156.19	1850	0	BartonZwiebach	
884	0:19:14	1/1/2019 	654450	836.00	65.00	24.19	35.87	99156.19	1849	0	BartonZwiebach	
885	0:19:15	1/1/2019 	655111	420.00	7.00	12.20	35.87	99156.91	51785	0	BartonZwiebach	
886	0:19:15	1/1/2019 	655265	875.00	80.00	26.39	35.87	99156.91	1851	0	BartonZwiebach	
887	0:19:15	1/1/2019 	655268	458.00	7.00	12.45	35.87	99156.91	1850	0	BartonZwiebach	
888	0:19:15	1/1/2019 	655619	348.00	6.00	11.54	35.87	99157.77	49792	0	BartonZwiebach	
889	0:19:17	1/1/2019 	657583	61.00	6.00	5.89	35.88	99160.40	97735	0	BartonZwiebach	
890	0:19:17	1/1/2019 	657873	931.00	146.00	38.64	35.88	99160.40	1850	0	BartonZwiebach	
891	0:19:18	1/1/2019 	658012	108.00	6.00	6.80	35.88	99160.91	3841	0	BartonZwiebach	
892	0:19:19	1/1/2019 	659334	916.00	131.00	36.00	35.88	99162.12	49790	0	BartonZwiebach	
893	0:19:19	1/1/2019 	659603	470.00	7.00	12.53	35.88	99162.62	49800	0	BartonZwiebach	
894	0:19:19	1/1/2019 	659865	798.00	45.00	22.00	35.88	99162.62	2613	0	BartonZwiebach	
895	0:19:20	1/1/2019 	660005	154.00	6.00	8.12	35.89	99163.52	1854	0	BartonZwiebach	
896	0:19:20	1/1/2019 	660783	73.00	6.00	6.02	35.89	99164.23	49789	0	BartonZwiebach	
897	0:19:20	1/1/2019 	660859	230.00	6.00	9.89	35.89	99164.23	4034	0	BartonZwiebach	
898	0:19:21	1/1/2019 	661347	977.00	430.00	78.51	35.89	99164.40	1849	0	BartonZwiebach	
899	0:19:21	1/1/2019 	661635	974.00	330.00	62.25	35.89	99165.09	49800	0	BartonZwiebach	
900	0:19:23	1/1/2019 	662975	926.00	149.00	39.12	35.90	99166.70	49800	0	BartonZwiebach	
901	0:19:23	1/1/2019 	663765	93.00	6.00	6.41	35.90	99167.73	49797	0	BartonZwiebach	
902	0:19:24	1/1/2019 	663996	146.00	6.00	7.89	35.90	99167.73	3839	0	BartonZwiebach	
903	0:19:24	1/1/2019 	664478	169.00	6.00	8.52	35.90	99168.45	1849	0	BartonZwiebach	
904	0:19:26	1/1/2019 	666230	837.00	60.00	23.61	35.91	99170.00	97731	0	BartonZwiebach	
905	0:19:27	1/1/2019 	667572	68.00	6.00	5.95	35.91	99171.61	97737	0	BartonZwiebach	
906	0:19:28	1/1/2019 	668063	130.00	6.00	7.43	35.91	99171.78	1849	0	BartonZwiebach	
907	0:19:28	1/1/2019 	668313	823.00	75.00	25.48	35.91	99172.30	1849	0	BartonZwiebach	
908	0:19:28	1/1/2019 	668922	290.00	6.00	10.85	35.92	99172.85	51783	0	BartonZwiebach	
909	0:19:30	1/1/2019 	670081	964.00	183.00	43.69	35.92	99173.55	49793	0	BartonZwiebach	
910	0:19:30	1/1/2019 	670301	992.00	713.00	128.42	35.92	99173.55	2609	0	BartonZwiebach	
911	0:19:31	1/1/2019 	671886	895.00	109.00	31.71	35.93	99175.14	97762	0	BartonZwiebach	
912	0:19:32	1/1/2019 	672649	385.00	6.00	11.87	35.93	99175.31	49793	0	BartonZwiebach	
913	0:19:34	1/1/2019 	674388	59.00	6.00	5.88	35.93	99177.09	49790	0	BartonZwiebach	
914	0:19:34	1/1/2019 	674398	138.00	6.00	7.66	35.93	99177.09	3981	0	BartonZwiebach	
915	0:19:34	1/1/2019 	674581	750.00	25.00	19.24	35.93	99177.78	49787	0	BartonZwiebach	
916	0:19:36	1/1/2019 	676259	150.00	6.00	8.01	35.94	99179.00	49791	0	BartonZwiebach	
917	0:19:36	1/1/2019 	676943	196.00	6.00	9.18	35.94	99179.73	49787	0	BartonZwiebach	
918	0:19:37	1/1/2019 	677130	901.00	113.00	32.51	35.94	99180.06	1849	0	BartonZwiebach	
919	0:19:38	1/1/2019 	678153	72.00	6.00	6.00	35.94	99180.92	49794	0	BartonZwiebach	
920	0:19:38	1/1/2019 	678704	927.00	142.00	37.97	35.94	99181.64	51780	0	BartonZwiebach	
921	0:19:39	1/1/2019 	679222	605.00	7.00	13.67	35.94	99181.81	1850	0	BartonZwiebach	
922	0:19:39	1/1/2019 	679831	955.00	163.00	41.22	35.95	99182.50	49792	0	BartonZwiebach	
923	0:19:42	1/1/2019 	682725	453.00	7.00	12.42	35.95	99185.28	146444	0	BartonZwiebach	
924	0:19:43	1/1/2019 	683489	964.00	245.00	49.71	35.96	99186.33	1851	0	BartonZwiebach	
925	0:19:44	1/1/2019 	684110	132.00	6.00	7.49	35.96	99187.05	49796	0	BartonZwiebach	
926	0:19:45	1/1/2019 	685105	255.00	6.00	10.33	35.96	99187.74	51975	0	BartonZwiebach	
927	0:19:45	1/1/2019 	685392	433.00	7.00	12.29	35.96	99187.91	1850	0	BartonZwiebach	
928	0:19:46	1/1/2019 	686462	358.00	7.00	11.69	35.97	99189.19	49790	0	BartonZwiebach	
929	0:19:46	1/1/2019 	686554	619.00	8.00	14.03	35.97	99189.19	49792	0	BartonZwiebach	
930	0:19:46	1/1/2019 	686577	268.00	6.00	10.54	35.97	99189.19	1847	0	BartonZwiebach	
931	0:19:47	1/1/2019 	687187	741.00	21.00	18.37	35.97	99189.69	1849	0	BartonZwiebach	
932	0:19:47	1/1/2019 	687251	557.00	7.00	13.21	35.97	99189.69	3842	0	BartonZwiebach	
933	0:19:47	1/1/2019 	687289	136.00	6.00	7.61	35.97	99189.69	1848	0	BartonZwiebach	
934	0:19:47	1/1/2019 	687876	398.00	6.00	11.97	35.97	99190.38	49791	0	BartonZwiebach	
935	0:19:48	1/1/2019 	688125	70.00	6.00	5.97	35.97	99190.55	1853	0	BartonZwiebach	
936	0:19:49	1/1/2019 	689832	767.00	32.00	20.44	35.97	99192.12	97732	0	BartonZwiebach	
937	0:19:50	1/1/2019 	690438	74.00	6.00	6.03	35.97	99192.83	2611	0	BartonZwiebach	
938	0:19:50	1/1/2019 	690737	779.00	38.00	21.22	35.97	99192.98	51921	0	BartonZwiebach	
939	0:19:51	1/1/2019 	691085	67.00	6.00	5.94	35.98	99193.71	1849	0	BartonZwiebach	
940	0:19:52	1/1/2019 	692094	131.00	6.00	7.46	35.98	99194.41	49787	0	BartonZwiebach	
941	0:19:53	1/1/2019 	693449	164.00	5.00	8.38	35.98	99195.46	49790	0	BartonZwiebach	
942	0:19:53	1/1/2019 	693853	110.00	6.00	6.86	35.98	99196.02	49789	0	BartonZwiebach	
943	0:19:54	1/1/2019 	694261	533.00	7.00	12.99	35.98	99196.19	1847	0	BartonZwiebach	
944	0:19:54	1/1/2019 	694577	70.00	6.00	5.97	35.98	99196.19	51781	0	BartonZwiebach	
945	0:19:54	1/1/2019 	694678	298.00	6.00	10.96	35.99	99196.88	1850	0	BartonZwiebach	
946	0:19:56	1/1/2019 	696429	93.00	6.00	6.41	35.99	99198.09	49795	0	BartonZwiebach	
947	0:19:56	1/1/2019 	696682	425.00	6.00	12.16	35.99	99198.09	49789	0	BartonZwiebach	
948	0:19:57	1/1/2019 	697378	605.00	8.00	13.89	35.99	99198.98	1848	0	BartonZwiebach	
949	0:19:58	1/1/2019 	698023	978.00	624.00	110.38	35.99	99199.65	49790	0	BartonZwiebach	
950	0:19:58	1/1/2019 	698306	164.00	6.00	8.39	35.99	99200.16	3843	0	BartonZwiebach	
951	0:19:59	1/1/2019 	698970	63.00	6.00	5.91	36.00	99200.70	49789	0	BartonZwiebach	
952	0:19:59	1/1/2019 	699287	198.00	6.00	9.23	36.00	99200.70	1849	0	BartonZwiebach	
953	0:20:00	1/1/2019 	700379	860.00	82.00	26.66	36.00	99202.41	49790	0	BartonZwiebach	
954	0:20:00	1/1/2019 	700606	376.00	6.00	11.79	36.00	99202.41	50747	0	BartonZwiebach	
955	0:20:00	1/1/2019 	700845	184.00	6.00	8.90	36.00	99202.95	1850	0	BartonZwiebach	
956	0:20:01	1/1/2019 	701282	225.00	6.00	9.80	36.00	99202.95	4035	0	BartonZwiebach	
957	0:20:03	1/1/2019 	703032	660.00	11.00	15.16	36.01	99205.05	97730	0	BartonZwiebach	
958	0:20:03	1/1/2019 	703737	756.00	25.00	19.27	36.01	99205.38	49794	0	BartonZwiebach	
959	0:20:04	1/1/2019 	704171	182.00	7.00	8.86	36.01	99206.09	1856	0	BartonZwiebach	
960	0:20:05	1/1/2019 	705550	874.00	90.00	28.06	36.01	99207.83	97731	0	BartonZwiebach	
961	0:20:06	1/1/2019 	706125	66.00	6.00	5.93	36.01	99208.52	1851	0	BartonZwiebach	
962	0:20:07	1/1/2019 	707087	878.00	97.00	29.35	36.02	99209.74	51779	0	BartonZwiebach	
963	0:20:07	1/1/2019 	707195	74.00	6.00	6.03	36.02	99209.74	1851	0	BartonZwiebach	
964	0:20:07	1/1/2019 	707948	384.00	6.00	11.86	36.02	99210.08	49789	0	BartonZwiebach	
965	0:20:08	1/1/2019 	708074	88.00	6.00	6.30	36.02	99210.08	1848	0	BartonZwiebach	
966	0:20:09	1/1/2019 	709935	891.00	101.00	30.15	36.02	99212.47	97731	0	BartonZwiebach	
967	0:20:10	1/1/2019 	710064	127.00	6.00	7.35	36.02	99212.47	2806	0	BartonZwiebach	
968	0:20:10	1/1/2019 	710069	515.00	7.00	12.84	36.02	99212.47	3980	0	BartonZwiebach	
969	0:20:10	1/1/2019 	710819	105.00	6.00	6.72	36.02	99213.53	49792	0	BartonZwiebach	
970	0:20:11	1/1/2019 	711093	208.00	6.00	9.45	36.02	99213.53	1848	0	BartonZwiebach	
971	0:20:11	1/1/2019 	711146	208.00	6.00	9.45	36.02	99213.53	1850	0	BartonZwiebach	
972	0:20:12	1/1/2019 	712872	732.00	22.00	18.55	36.03	99216.12	97727	0	BartonZwiebach	
973	0:20:13	1/1/2019 	713648	889.00	104.00	30.72	36.03	99216.84	49793	0	BartonZwiebach	
974	0:20:15	1/1/2019 	715084	148.00	6.00	7.95	36.03	99218.38	51787	0	BartonZwiebach	
975	0:20:15	1/1/2019 	715099	605.00	8.00	13.89	36.03	99218.38	1855	0	BartonZwiebach	
976	0:20:15	1/1/2019 	715339	900.00	108.00	31.53	36.04	99219.09	1852	0	BartonZwiebach	
977	0:20:16	1/1/2019 	716083	118.00	5.00	7.08	36.04	99219.42	49793	0	BartonZwiebach	
978	0:20:16	1/1/2019 	716614	106.00	6.00	6.75	36.04	99220.12	49789	0	BartonZwiebach	
979	0:20:17	1/1/2019 	717200	397.00	6.00	11.96	36.04	99220.45	3844	0	BartonZwiebach	
980	0:20:18	1/1/2019 	718643	61.00	6.00	5.89	36.04	99222.03	97731	0	BartonZwiebach	
981	0:20:19	1/1/2019 	719126	689.00	14.00	16.24	36.04	99222.20	1849	0	BartonZwiebach	
982	0:20:19	1/1/2019 	719434	246.00	6.00	10.18	36.04	99222.20	1851	0	BartonZwiebach	
983	0:20:20	1/1/2019 	720282	107.00	6.00	6.78	36.05	99223.43	49791	0	BartonZwiebach	
984	0:20:21	1/1/2019 	721883	67.00	6.00	5.94	36.05	99225.02	98684	0	BartonZwiebach	
985	0:20:23	1/1/2019 	723374	427.00	7.00	12.25	36.05	99226.71	51976	0	BartonZwiebach	
986	0:20:23	1/1/2019 	723618	644.00	9.00	14.48	36.05	99227.05	49794	0	BartonZwiebach	
987	0:20:24	1/1/2019 	724632	971.00	272.00	52.91	36.06	99227.77	49792	0	BartonZwiebach	
988	0:20:24	1/1/2019 	724815	975.00	320.00	60.46	36.06	99228.10	1852	0	BartonZwiebach	
989	0:20:25	1/1/2019 	725389	136.00	6.00	7.61	36.06	99228.83	1850	0	BartonZwiebach	
990	0:20:26	1/1/2019 	725965	117.00	6.00	7.06	36.06	99229.16	49790	0	BartonZwiebach	
991	0:20:26	1/1/2019 	726416	625.00	8.00	14.08	36.06	99229.85	3840	0	BartonZwiebach	
992	0:20:27	1/1/2019 	727268	412.00	6.00	12.07	36.06	99230.88	49790	0	BartonZwiebach	
993	0:20:29	1/1/2019 	729382	982.00	573.00	98.92	36.07	99232.97	97740	0	BartonZwiebach	
994	0:20:29	1/1/2019 	729624	913.00	123.00	34.48	36.07	99232.97	49805	0	BartonZwiebach	
995	0:20:30	1/1/2019 	729971	304.00	6.00	11.04	36.07	99233.52	2804	0	BartonZwiebach	
996	0:20:31	1/1/2019 	731714	368.00	7.00	11.78	36.07	99234.74	97733	0	BartonZwiebach	
997	0:20:32	1/1/2019 	732883	123.00	6.00	7.23	36.08	99236.11	51924	0	BartonZwiebach	
998	0:20:33	1/1/2019 	733012	168.00	6.00	8.50	36.08	99236.83	1850	0	BartonZwiebach	
999	0:20:33	1/1/2019 	733487	144.00	6.00	7.84	36.08	99237.33	1850	0	BartonZwiebach	
1000	0:20:34	1/1/2019 	734488	137.00	6.00	7.64	36.08	99238.58	49789	0	BartonZwiebach	
1001	0:20:35	1/1/2019 	735131	902.00	105.00	30.96	36.08	99238.91	49794	0	BartonZwiebach	
1002	0:20:35	1/1/2019 	735583	174.00	6.00	8.65	36.09	99239.64	49798	0	BartonZwiebach	
1003	0:20:35	1/1/2019 	735684	233.00	6.00	9.95	36.09	99239.64	3840	0	BartonZwiebach	
1004	0:20:36	1/1/2019 	736082	76.00	6.00	6.06	36.09	99239.97	1848	0	BartonZwiebach	
1005	0:20:36	1/1/2019 	736758	108.00	6.00	6.80	36.09	99240.80	49792	0	BartonZwiebach	
1006	0:20:37	1/1/2019 	737307	287.00	7.00	10.85	36.09	99241.14	1849	0	BartonZwiebach	
1007	0:20:38	1/1/2019 	738197	905.00	113.00	32.52	36.09	99242.03	49793	0	BartonZwiebach	
1008	0:20:38	1/1/2019 	738418	972.00	270.00	52.65	36.09	99242.03	1852	0	BartonZwiebach	
1009	0:20:42	1/1/2019 	742075	537.00	7.00	13.02	36.10	99245.17	195643	0	BartonZwiebach	
1010	0:20:42	1/1/2019 	742263	218.00	6.00	9.66	36.10	99245.89	2805	0	BartonZwiebach	
1011	0:20:42	1/1/2019 	742720	968.00	196.00	45.04	36.10	99245.89	49791	0	BartonZwiebach	
1012	0:20:43	1/1/2019 	743490	967.00	291.00	55.64	36.10	99246.39	1851	0	BartonZwiebach	
1013	0:20:43	1/1/2019 	743832	322.00	6.00	11.26	36.10	99246.92	49800	0	BartonZwiebach	
1014	0:20:44	1/1/2019 	743990	91.00	6.00	6.37	36.10	99246.92	1848	0	BartonZwiebach	
1015	0:20:44	1/1/2019 	744585	98.00	6.00	6.54	36.10	99247.25	51978	0	BartonZwiebach	
1016	0:20:45	1/1/2019 	745584	61.00	6.00	5.89	36.10	99248.14	49790	0	BartonZwiebach	
1017	0:20:46	1/1/2019 	746311	904.00	120.00	33.88	36.11	99248.67	1850	0	BartonZwiebach	
1018	0:20:46	1/1/2019 	746365	150.00	6.00	8.01	36.11	99248.67	1851	0	BartonZwiebach	
1019	0:20:46	1/1/2019 	746443	184.00	6.00	8.90	36.11	99249.17	1848	0	BartonZwiebach	
1020	0:20:46	1/1/2019 	746770	173.00	6.00	8.63	36.11	99249.17	49791	0	BartonZwiebach	
1021	0:20:46	1/1/2019 	746873	103.00	5.00	6.67	36.11	99249.17	3839	0	BartonZwiebach	
1022	0:20:47	1/1/2019 	747398	525.00	7.00	12.92	36.11	99249.34	1849	0	BartonZwiebach	
1023	0:20:51	1/1/2019 	751046	302.00	6.00	11.01	36.12	99253.17	193628	0	BartonZwiebach	
1024	0:20:52	1/1/2019 	752350	849.00	77.00	25.85	36.12	99254.06	50748	0	BartonZwiebach	
1025	0:20:52	1/1/2019 	752474	82.00	6.00	6.17	36.12	99254.06	1851	0	BartonZwiebach	
1026	0:20:54	1/1/2019 	754140	404.00	7.00	12.09	36.12	99254.92	97735	0	BartonZwiebach	
1027	0:20:54	1/1/2019 	754942	213.00	6.00	9.55	36.12	99255.81	51927	0	BartonZwiebach	
1028	0:20:54	1/1/2019 	754948	116.00	6.00	7.03	36.12	99255.81	1849	0	BartonZwiebach	
1029	0:20:55	1/1/2019 	755321	69.00	6.00	5.96	36.13	99256.20	1848	0	BartonZwiebach	
1030	0:20:55	1/1/2019 	755479	397.00	6.00	11.96	36.13	99256.20	1849	0	BartonZwiebach	
1031	0:20:56	1/1/2019 	756874	813.00	58.00	23.34	36.13	99257.23	97738	0	BartonZwiebach	
1032	0:20:57	1/1/2019 	757001	463.00	7.00	12.48	36.13	99257.23	3842	0	BartonZwiebach	
1033	0:20:57	1/1/2019 	757254	107.00	6.00	6.78	36.13	99257.58	1850	0	BartonZwiebach	
1034	0:20:57	1/1/2019 	757439	198.00	6.00	9.23	36.13	99257.58	1848	0	BartonZwiebach	
1035	0:20:57	1/1/2019 	757668	132.00	6.00	7.49	36.13	99257.58	49790	0	BartonZwiebach	
1036	0:20:59	1/1/2019 	759831	193.00	6.00	9.12	36.14	99258.99	97736	0	BartonZwiebach	
1037	0:21:00	1/1/2019 	760416	98.00	6.00	6.54	36.14	99259.71	2803	0	BartonZwiebach	
1038	0:21:01	1/1/2019 	761853	878.00	81.00	26.56	36.14	99260.41	99865	0	BartonZwiebach	
1039	0:21:02	1/1/2019 	762014	652.00	10.00	14.82	36.14	99260.41	1851	0	BartonZwiebach	
1040	0:21:03	1/1/2019 	763135	766.00	30.00	20.15	36.14	99261.30	49796	0	BartonZwiebach	
1041	0:21:04	1/1/2019 	764331	148.00	6.00	7.95	36.15	99261.84	49797	0	BartonZwiebach	
1042	0:21:06	1/1/2019 	766151	450.00	7.00	12.40	36.15	99262.37	97734	0	BartonZwiebach	
1043	0:21:08	1/1/2019 	768378	968.00	288.00	55.18	36.15	99263.61	97739	0	BartonZwiebach	
1044	0:21:08	1/1/2019 	768643	127.00	6.00	7.35	36.15	99263.78	51848	0	BartonZwiebach	
1045	0:21:08	1/1/2019 	768712	231.00	6.00	9.91	36.15	99263.78	1848	0	BartonZwiebach	
1046	0:21:08	1/1/2019 	768872	76.00	6.00	6.06	36.15	99263.78	1849	0	BartonZwiebach	
1047	0:21:09	1/1/2019 	769112	184.00	6.00	8.90	36.15	99263.78	1848	0	BartonZwiebach	
1048	0:21:09	1/1/2019 	769488	72.00	6.00	6.00	36.16	99264.31	1849	0	BartonZwiebach	
1049	0:21:09	1/1/2019 	769623	158.00	6.00	8.23	36.16	99264.31	49792	0	BartonZwiebach	
1050	0:21:10	1/1/2019 	770908	400.00	7.00	12.05	36.16	99265.03	52876	0	BartonZwiebach	
1051	0:21:11	1/1/2019 	771799	173.00	6.00	8.63	36.16	99265.70	49795	0	BartonZwiebach	
1052	0:21:12	1/1/2019 	772572	876.00	92.00	28.42	36.16	99266.42	49793	0	BartonZwiebach	
1053	0:21:12	1/1/2019 	772609	90.00	6.00	6.34	36.16	99266.42	1850	0	BartonZwiebach	
1054	0:21:12	1/1/2019 	772734	160.00	6.00	8.28	36.16	99266.42	1848	0	BartonZwiebach	
1055	0:21:13	1/1/2019 	772994	845.00	70.00	24.85	36.16	99266.59	1848	0	BartonZwiebach	
1056	0:21:13	1/1/2019 	773327	712.00	17.00	17.22	36.16	99267.11	3843	0	BartonZwiebach	
1057	0:21:13	1/1/2019 	773411	906.00	116.00	33.11	36.16	99267.11	1851	0	BartonZwiebach	
1058	0:21:15	1/1/2019 	775291	491.00	7.00	12.66	36.17	99268.50	97745	0	BartonZwiebach	
1059	0:21:15	1/1/2019 	775655	967.00	202.00	45.62	36.17	99268.67	49795	0	BartonZwiebach	
1060	0:21:18	1/1/2019 	778828	64.00	6.00	5.91	36.17	99271.27	145694	0	BartonZwiebach	
1061	0:21:18	1/1/2019 	778831	131.00	6.00	7.46	36.17	99271.27	1848	0	BartonZwiebach	
1062	0:21:19	1/1/2019 	779583	341.00	6.00	11.47	36.17	99272.32	51781	0	BartonZwiebach	
1063	0:21:19	1/1/2019 	779785	232.00	6.00	9.93	36.17	99272.32	2803	0	BartonZwiebach	
1064	0:21:20	1/1/2019 	780097	213.00	6.00	9.55	36.17	99272.83	1848	0	BartonZwiebach	
1065	0:21:20	1/1/2019 	780862	520.00	7.00	12.88	36.17	99273.16	49790	0	BartonZwiebach	
1066	0:21:21	1/1/2019 	781917	145.00	6.00	7.87	36.18	99273.99	49792	0	BartonZwiebach	
1067	0:21:23	1/1/2019 	783269	188.00	6.00	9.00	36.18	99275.39	49791	0	BartonZwiebach	
1068	0:21:23	1/1/2019 	783554	158.00	6.00	8.23	36.18	99275.39	51922	0	BartonZwiebach	
1069	0:21:25	1/1/2019 	785491	500.00	7.00	12.73	36.18	99276.97	49791	0	BartonZwiebach	
1070	0:21:25	1/1/2019 	785649	192.00	6.00	9.09	36.18	99276.97	49795	0	BartonZwiebach	
1071	0:21:25	1/1/2019 	785797	240.00	6.00	10.07	36.18	99277.30	1848	0	BartonZwiebach	
1072	0:21:25	1/1/2019 	785953	945.00	158.00	40.51	36.18	99277.30	1848	0	BartonZwiebach	
1073	0:21:26	1/1/2019 	786349	919.00	139.00	37.44	36.19	99277.86	1851	0	BartonZwiebach	
1074	0:21:26	1/1/2019 	786481	695.00	14.00	16.28	36.19	99277.86	3896	0	BartonZwiebach	
1075	0:21:26	1/1/2019 	786911	974.00	305.00	57.88	36.19	99277.86	49794	0	BartonZwiebach	
1076	0:21:27	1/1/2019 	787116	96.00	6.00	6.49	36.19	99277.86	1850	0	BartonZwiebach	
1077	0:21:27	1/1/2019 	787175	72.00	6.00	6.00	36.19	99277.86	1848	0	BartonZwiebach	
1078	0:21:29	1/1/2019 	789075	723.00	19.00	17.80	36.19	99279.08	97731	0	BartonZwiebach	
1079	0:21:29	1/1/2019 	789101	72.00	6.00	6.00	36.19	99279.08	3842	0	BartonZwiebach	
1080	0:21:29	1/1/2019 	789481	323.00	6.00	11.27	36.19	99279.78	1848	0	BartonZwiebach	
1081	0:21:30	1/1/2019 	790459	109.00	6.00	6.83	36.19	99280.11	49793	0	BartonZwiebach	
1082	0:21:31	1/1/2019 	791563	148.00	6.00	7.95	36.19	99281.17	98685	0	BartonZwiebach	
1083	0:21:31	1/1/2019 	791913	666.00	11.00	15.21	36.19	99281.17	1849	0	BartonZwiebach	
1084	0:21:32	1/1/2019 	792700	228.00	6.00	9.85	36.19	99282.00	49794	0	BartonZwiebach	
1085	0:21:33	1/1/2019 	793199	593.00	7.00	13.56	36.19	99282.34	3981	0	BartonZwiebach	
1086	0:21:34	1/1/2019 	794254	445.00	6.00	12.28	36.19	99282.84	49794	0	BartonZwiebach	
1087	0:21:35	1/1/2019 	795235	179.00	6.00	8.78	36.20	99283.73	49793	0	BartonZwiebach	
1088	0:21:36	1/1/2019 	796882	227.00	6.00	9.83	36.20	99285.30	97734	0	BartonZwiebach	
1089	0:21:37	1/1/2019 	797113	154.00	6.00	8.12	36.20	99285.62	1852	0	BartonZwiebach	
1090	0:21:39	1/1/2019 	799018	118.00	6.00	7.09	36.20	99287.50	97737	0	BartonZwiebach	
1091	0:21:39	1/1/2019 	799679	100.00	6.00	6.59	36.20	99288.22	51785	0	BartonZwiebach	
1092	0:21:40	1/1/2019 	800781	190.00	6.00	9.05	36.21	99289.78	50744	0	BartonZwiebach	
1093	0:21:42	1/1/2019 	802885	460.00	7.00	12.46	36.21	99291.65	97736	0	BartonZwiebach	
1094	0:21:43	1/1/2019 	803688	552.00	8.00	13.30	36.21	99292.53	49794	0	BartonZwiebach	
1095	0:21:45	1/1/2019 	805122	464.00	7.00	12.49	36.21	99293.93	49793	0	BartonZwiebach	
1096	0:21:45	1/1/2019 	805858	986.00	676.00	122.07	36.21	99294.27	49797	0	BartonZwiebach	
1097	0:21:46	1/1/2019 	806803	64.00	6.00	5.91	36.22	99295.30	51942	0	BartonZwiebach	
1098	0:21:47	1/1/2019 	807191	100.00	6.00	6.59	36.22	99296.16	1848	0	BartonZwiebach	
1099	0:21:47	1/1/2019 	807360	186.00	6.00	8.95	36.22	99296.16	1849	0	BartonZwiebach	
1100	0:21:50	1/1/2019 	810220	154.00	6.00	8.12	36.22	99298.91	145678	0	BartonZwiebach	
1101	0:21:51	1/1/2019 	811071	184.00	6.00	8.90	36.23	99299.80	50746	0	BartonZwiebach	
1102	0:21:52	1/1/2019 	812932	64.00	6.00	5.91	36.23	99301.72	97732	0	BartonZwiebach	
1103	0:21:53	1/1/2019 	813149	467.00	7.00	12.51	36.23	99302.06	3979	0	BartonZwiebach	
1104	0:21:53	1/1/2019 	813164	980.00	484.00	84.90	36.23	99302.06	1851	0	BartonZwiebach	
1105	0:21:55	1/1/2019 	815166	584.00	8.00	13.65	36.23	99303.45	97755	0	BartonZwiebach	
1106	0:21:56	1/1/2019 	816289	142.00	6.00	7.78	36.24	99305.37	49791	0	BartonZwiebach	
1107	0:21:56	1/1/2019 	816638	226.00	6.00	9.81	36.24	99305.37	49790	0	BartonZwiebach	
1108	0:22:00	1/1/2019 	820166	975.00	556.00	95.58	36.25	99308.48	145675	0	BartonZwiebach	
1109	0:22:00	1/1/2019 	820780	180.00	6.00	8.80	36.25	99308.81	52899	0	BartonZwiebach	
1110	0:22:01	1/1/2019 	821150	72.00	6.00	6.00	36.25	99309.38	1852	0	BartonZwiebach	
1111	0:22:01	1/1/2019 	821694	73.00	6.00	6.02	36.25	99309.54	49794	0	BartonZwiebach	
1112	0:22:01	1/1/2019 	821744	136.00	6.00	7.61	36.25	99309.54	1848	0	BartonZwiebach	
1113	0:22:02	1/1/2019 	822721	100.00	6.00	6.59	36.25	99310.40	49790	0	BartonZwiebach	
1114	0:22:04	1/1/2019 	824187	140.00	6.00	7.72	36.25	99311.29	49790	0	BartonZwiebach	
1115	0:22:08	1/1/2019 	828014	749.00	25.00	19.24	36.26	99313.77	195604	0	BartonZwiebach	
1116	0:22:09	1/1/2019 	829251	781.00	36.00	20.99	36.26	99314.59	49795	0	BartonZwiebach	
1117	0:22:10	1/1/2019 	830012	90.00	6.00	6.34	36.27	99315.14	49796	0	BartonZwiebach	
1118	0:22:12	1/1/2019 	832484	413.00	6.00	12.08	36.27	99317.23	98685	0	BartonZwiebach	
1119	0:22:13	1/1/2019 	833351	694.00	14.00	16.27	36.27	99318.12	49794	0	BartonZwiebach	
1120	0:22:13	1/1/2019 	833487	541.00	7.00	13.06	36.27	99318.12	4037	0	BartonZwiebach	
1121	0:22:13	1/1/2019 	833642	62.00	6.00	5.90	36.27	99318.12	49793	0	BartonZwiebach	
1122	0:22:14	1/1/2019 	834211	203.00	6.00	9.34	36.27	99318.29	1848	0	BartonZwiebach	
1123	0:22:15	1/1/2019 	835027	971.00	340.00	64.06	36.28	99319.18	49791	0	BartonZwiebach	
1124	0:22:17	1/1/2019 	837042	389.00	7.00	11.97	36.28	99320.20	97752	0	BartonZwiebach	
1125	0:22:18	1/1/2019 	838580	583.00	8.00	13.64	36.28	99321.42	97737	0	BartonZwiebach	
1126	0:22:20	1/1/2019 	840053	650.00	10.00	14.80	36.29	99322.14	51785	0	BartonZwiebach	
1127	0:22:20	1/1/2019 	840740	736.00	21.00	18.35	36.29	99322.48	50747	0	BartonZwiebach	
1128	0:22:21	1/1/2019 	841152	170.00	6.00	8.55	36.29	99322.64	1849	0	BartonZwiebach	
1129	0:22:21	1/1/2019 	841284	168.00	6.00	8.50	36.29	99322.64	1849	0	BartonZwiebach	
1130	0:22:21	1/1/2019 	841596	158.00	6.00	8.23	36.29	99322.64	49790	0	BartonZwiebach	
1131	0:22:24	1/1/2019 	844394	602.00	8.00	13.85	36.29	99325.45	97731	0	BartonZwiebach	
1132	0:22:25	1/1/2019 	845951	326.00	6.00	11.30	36.30	99326.84	99809	0	BartonZwiebach	
1133	0:22:27	1/1/2019 	847008	114.00	6.00	6.97	36.30	99327.36	49794	0	BartonZwiebach	
1134	0:22:27	1/1/2019 	847681	168.00	6.00	8.50	36.30	99327.88	49794	0	BartonZwiebach	
1135	0:22:28	1/1/2019 	848821	64.00	6.00	5.91	36.30	99328.38	49794	0	BartonZwiebach	
1136	0:22:29	1/1/2019 	849400	202.00	6.00	9.32	36.30	99329.11	1848	0	BartonZwiebach	
1137	0:22:31	1/1/2019 	851000	800.00	54.00	22.89	36.30	99330.50	97734	0	BartonZwiebach	
1138	0:22:31	1/1/2019 	851497	974.00	302.00	57.39	36.30	99330.83	6004	0	BartonZwiebach	
1139	0:22:32	1/1/2019 	852348	324.00	6.00	11.28	36.31	99331.53	49800	0	BartonZwiebach	
1140	0:22:32	1/1/2019 	852550	80.00	6.00	6.13	36.31	99331.53	49793	0	BartonZwiebach	
1141	0:22:33	1/1/2019 	853129	76.00	6.00	6.06	36.31	99332.22	1848	0	BartonZwiebach	
1142	0:22:34	1/1/2019 	854290	670.00	11.00	15.23	36.31	99332.72	49790	0	BartonZwiebach	
1143	0:22:34	1/1/2019 	854401	106.00	6.00	6.75	36.31	99332.72	1851	0	BartonZwiebach	
1144	0:22:37	1/1/2019 	857084	252.00	5.00	10.26	36.31	99334.30	147665	0	BartonZwiebach	
1145	0:22:37	1/1/2019 	857493	236.00	6.00	10.00	36.31	99334.81	1851	0	BartonZwiebach	
1146	0:22:38	1/1/2019 	857968	621.00	8.00	14.04	36.32	99335.36	49790	0	BartonZwiebach	
1147	0:22:38	1/1/2019 	858003	614.00	8.00	13.98	36.32	99335.36	1848	0	BartonZwiebach	
1148	0:22:38	1/1/2019 	858764	96.00	6.00	6.49	36.32	99336.05	49789	0	BartonZwiebach	
1149	0:22:40	1/1/2019 	860613	270.00	6.00	10.57	36.32	99336.39	97734	0	BartonZwiebach	
1150	0:22:41	1/1/2019 	861171	622.00	9.00	14.29	36.32	99336.94	4765	0	BartonZwiebach	
1151	0:22:41	1/1/2019 	861857	89.00	6.00	6.32	36.32	99337.45	49793	0	BartonZwiebach	
1152	0:22:42	1/1/2019 	862224	157.00	6.00	8.20	36.32	99337.45	1847	0	BartonZwiebach	
1153	0:22:42	1/1/2019 	862425	128.00	6.00	7.37	36.32	99338.00	1849	0	BartonZwiebach	
1154	0:22:42	1/1/2019 	862575	976.00	377.00	70.63	36.32	99338.00	49790	0	BartonZwiebach	
1155	0:22:43	1/1/2019 	863125	122.00	6.00	7.20	36.32	99338.17	1850	0	BartonZwiebach	
1156	0:22:46	1/1/2019 	866694	964.00	195.00	44.94	36.33	99341.09	195610	0	BartonZwiebach	
1157	0:22:46	1/1/2019 	866893	97.00	6.00	6.51	36.33	99341.09	1853	0	BartonZwiebach	
1158	0:22:47	1/1/2019 	867498	73.00	6.00	6.02	36.33	99341.82	1849	0	BartonZwiebach	
1159	0:22:47	1/1/2019 	867889	136.00	6.00	7.61	36.33	99341.82	49790	0	BartonZwiebach	
1160	0:22:48	1/1/2019 	868716	577.00	7.00	13.41	36.33	99342.33	49790	0	BartonZwiebach	
1161	0:22:49	1/1/2019 	869282	343.00	7.00	11.54	36.33	99342.98	3843	0	BartonZwiebach	
1162	0:22:49	1/1/2019 	869915	175.00	6.00	8.68	36.33	99342.98	49793	0	BartonZwiebach	
1163	0:22:50	1/1/2019 	870783	91.00	6.00	6.37	36.33	99343.66	50546	0	BartonZwiebach	
1164	0:22:52	1/1/2019 	872201	899.00	120.00	33.86	36.33	99344.38	49793	0	BartonZwiebach	
1165	0:22:53	1/1/2019 	873771	154.00	6.00	8.12	36.34	99345.23	97746	0	BartonZwiebach	
1166	0:22:53	1/1/2019 	873838	146.00	6.00	7.89	36.34	99345.23	1849	0	BartonZwiebach	
1167	0:22:53	1/1/2019 	873847	684.00	13.00	15.92	36.34	99345.23	4035	0	BartonZwiebach	
1168	0:22:55	1/1/2019 	875144	132.00	6.00	7.49	36.34	99346.30	49793	0	BartonZwiebach	
1169	0:22:56	1/1/2019 	876794	102.00	6.00	6.64	36.34	99347.86	97733	0	BartonZwiebach	
1170	0:22:57	1/1/2019 	877260	129.00	6.00	7.40	36.34	99347.86	1849	0	BartonZwiebach	
1171	0:22:57	1/1/2019 	877337	775.00	33.00	20.60	36.34	99348.03	1849	0	BartonZwiebach	
1172	0:22:58	1/1/2019 	878183	96.00	6.00	6.49	36.34	99348.72	49792	0	BartonZwiebach	
1173	0:22:58	1/1/2019 	878895	76.00	6.00	6.06	36.34	99349.05	51780	0	BartonZwiebach	
1174	0:23:00	1/1/2019 	880354	254.00	6.00	10.31	36.35	99349.61	49788	0	BartonZwiebach	
1175	0:23:00	1/1/2019 	880579	730.00	20.00	18.08	36.35	99349.61	50550	0	BartonZwiebach	
1176	0:23:03	1/1/2019 	883248	93.00	6.00	6.41	36.35	99351.33	97734	0	BartonZwiebach	
1177	0:23:03	1/1/2019 	883470	971.00	274.00	53.18	36.35	99351.33	1850	0	BartonZwiebach	
1178	0:23:04	1/1/2019 	883983	878.00	102.00	30.29	36.35	99351.50	49797	0	BartonZwiebach	
1179	0:23:04	1/1/2019 	884171	224.00	6.00	9.78	36.35	99351.66	3984	0	BartonZwiebach	
1180	0:23:04	1/1/2019 	884240	110.00	6.00	6.86	36.35	99351.66	1848	0	BartonZwiebach	
1181	0:23:04	1/1/2019 	884373	79.00	6.00	6.11	36.35	99351.66	1848	0	BartonZwiebach	
1182	0:23:04	1/1/2019 	884457	109.00	6.00	6.83	36.35	99351.66	1847	0	BartonZwiebach	
1183	0:23:06	1/1/2019 	886026	138.00	6.00	7.66	36.35	99352.72	97730	0	BartonZwiebach	
1184	0:23:08	1/1/2019 	888915	469.00	7.00	12.52	36.36	99353.95	145675	0	BartonZwiebach	
1185	0:23:10	1/1/2019 	890731	721.00	19.00	17.79	36.36	99355.15	99730	0	BartonZwiebach	
1186	0:23:12	1/1/2019 	892088	939.00	156.00	40.21	36.36	99356.04	50551	0	BartonZwiebach	
1187	0:23:14	1/1/2019 	894450	90.00	6.00	6.34	36.36	99357.57	97747	0	BartonZwiebach	
1188	0:23:14	1/1/2019 	894664	174.00	6.00	8.65	36.36	99357.57	49791	0	BartonZwiebach	
1189	0:23:15	1/1/2019 	895411	688.00	13.00	15.94	36.36	99358.08	1849	0	BartonZwiebach	
1190	0:23:17	1/1/2019 	897389	794.00	46.00	22.08	36.37	99359.12	97740	0	BartonZwiebach	
1191	0:23:17	1/1/2019 	897404	356.00	6.00	11.61	36.37	99359.12	3990	0	BartonZwiebach	
1192	0:23:17	1/1/2019 	897653	84.00	6.00	6.21	36.37	99359.69	49795	0	BartonZwiebach	
1193	0:23:18	1/1/2019 	898200	851.00	72.00	25.14	36.37	99359.69	1848	0	BartonZwiebach	
1194	0:23:18	1/1/2019 	898425	950.00	160.00	40.80	36.37	99359.69	1851	0	BartonZwiebach	
1195	0:23:18	1/1/2019 	898815	550.00	7.00	13.14	36.37	99359.85	49798	0	BartonZwiebach	
1196	0:23:19	1/1/2019 	899423	870.00	78.00	26.06	36.37	99360.02	1850	0	BartonZwiebach	
1197	0:23:20	1/1/2019 	900247	239.00	6.00	10.06	36.37	99360.55	51841	0	BartonZwiebach	
1198	0:23:21	1/1/2019 	901251	106.00	6.00	6.75	36.37	99361.09	50550	0	BartonZwiebach	
1199	0:23:21	1/1/2019 	901324	283.00	6.00	10.76	36.37	99361.09	1849	0	BartonZwiebach	
1200	0:23:22	1/1/2019 	902733	207.00	6.00	9.43	36.37	99361.44	97737	0	BartonZwiebach	
1201	0:23:23	1/1/2019 	903615	93.00	6.00	6.41	36.38	99361.96	49792	0	BartonZwiebach	
1202	0:23:24	1/1/2019 	904566	142.00	6.00	7.78	36.38	99362.47	51923	0	BartonZwiebach	
1203	0:23:25	1/1/2019 	905615	988.00	786.00	140.23	36.38	99362.63	49794	0	BartonZwiebach	
1204	0:23:25	1/1/2019 	905870	206.00	6.00	9.41	36.38	99363.16	1851	0	BartonZwiebach	
1205	0:23:25	1/1/2019 	905952	122.00	6.00	7.20	36.38	99363.16	1848	0	BartonZwiebach	
1206	0:23:27	1/1/2019 	907709	81.00	9.00	6.16	36.38	99363.66	97736	0	BartonZwiebach	
1207	0:23:32	1/1/2019 	912794	474.00	8.00	12.64	36.38	99366.62	241569	0	BartonZwiebach	
1208	0:23:32	1/1/2019 	912809	535.00	7.00	13.00	36.38	99366.62	4765	0	BartonZwiebach	
1209	0:23:33	1/1/2019 	913408	61.00	6.00	5.89	36.39	99367.14	1849	0	BartonZwiebach	
1210	0:23:33	1/1/2019 	914176	379.00	6.00	11.82	36.39	99367.64	49791	0	BartonZwiebach	
1211	0:23:34	1/1/2019 	914595	845.00	60.00	23.62	36.39	99367.81	49793	0	BartonZwiebach	
1212	0:23:35	1/1/2019 	916164	970.00	356.00	66.96	36.39	99369.04	49796	0	BartonZwiebach	
1213	0:23:36	1/1/2019 	916359	302.00	6.00	11.01	36.39	99369.04	1851	0	BartonZwiebach	
1214	0:23:36	1/1/2019 	916666	829.00	68.00	24.55	36.39	99369.38	51806	0	BartonZwiebach	
1215	0:23:36	1/1/2019 	917057	591.00	8.00	13.73	36.39	99369.38	1857	0	BartonZwiebach	
1216	0:23:37	1/1/2019 	917945	452.00	7.00	12.41	36.39	99370.23	49794	0	BartonZwiebach	
1217	0:23:41	1/1/2019 	921369	107.00	6.00	6.78	36.40	99372.48	145682	0	BartonZwiebach	
1218	0:23:42	1/1/2019 	922375	848.00	74.00	25.41	36.40	99372.99	50549	0	BartonZwiebach	
1219	0:23:42	1/1/2019 	922747	77.00	6.00	6.08	36.40	99372.99	49797	0	BartonZwiebach	
1220	0:23:42	1/1/2019 	922776	897.00	95.00	29.04	36.40	99372.99	4001	0	BartonZwiebach	
1221	0:23:42	1/1/2019 	922869	214.00	6.00	9.58	36.40	99373.16	1850	0	BartonZwiebach	
1222	0:23:43	1/1/2019 	923845	202.00	6.00	9.32	36.40	99373.69	49792	0	BartonZwiebach	
1223	0:23:44	1/1/2019 	924469	367.00	6.00	11.72	36.40	99374.36	1849	0	BartonZwiebach	
1224	0:23:44	1/1/2019 	925001	218.00	6.00	9.66	36.40	99375.08	49794	0	BartonZwiebach	
1225	0:23:45	1/1/2019 	925879	365.00	6.00	11.70	36.40	99375.08	49791	0	BartonZwiebach	
1226	0:23:45	1/1/2019 	926047	380.00	6.00	11.83	36.40	99375.25	3862	0	BartonZwiebach	
1227	0:23:46	1/1/2019 	927138	124.00	6.00	7.26	36.40	99375.80	49793	0	BartonZwiebach	
1228	0:23:47	1/1/2019 	927839	774.00	35.00	20.85	36.40	99376.14	49793	0	BartonZwiebach	
1229	0:23:48	1/1/2019 	928495	929.00	145.00	38.47	36.40	99376.31	1852	0	BartonZwiebach	
1230	0:23:48	1/1/2019 	928570	894.00	102.00	30.35	36.40	99376.48	49800	0	BartonZwiebach	
1231	0:23:48	1/1/2019 	928805	674.00	12.00	15.55	36.40	99376.48	1851	0	BartonZwiebach	
1232	0:23:49	1/1/2019 	929765	793.00	41.00	21.58	36.41	99377.17	51806	0	BartonZwiebach	
1233	0:23:49	1/1/2019 	930085	896.00	95.00	29.04	36.41	99377.17	2607	0	BartonZwiebach	
1234	0:23:49	1/1/2019 	930089	700.00	14.00	16.30	36.41	99377.17	1851	0	BartonZwiebach	
1235	0:23:49	1/1/2019 	930248	965.00	183.00	43.69	36.41	99377.17	1850	0	BartonZwiebach	
1236	0:23:50	1/1/2019 	930331	657.00	11.00	15.14	36.41	99377.17	1851	0	BartonZwiebach	
1237	0:23:50	1/1/2019 	930373	68.00	6.00	5.95	36.41	99377.17	3979	0	BartonZwiebach	
1238	0:23:50	1/1/2019 	931135	965.00	180.00	43.35	36.41	99377.89	49791	0	BartonZwiebach	
1239	0:23:51	1/1/2019 	932021	732.00	22.00	18.55	36.41	99378.06	49800	0	BartonZwiebach	
1240	0:23:52	1/1/2019 	933241	134.00	6.00	7.55	36.41	99379.12	49797	0	BartonZwiebach	
1241	0:23:53	1/1/2019 	933566	718.00	18.00	17.52	36.41	99379.12	49793	0	BartonZwiebach	
1242	0:23:54	1/1/2019 	935164	147.00	6.00	7.92	36.41	99380.31	49795	0	BartonZwiebach	
1243	0:23:55	1/1/2019 	935435	85.00	6.00	6.23	36.41	99380.48	3836	0	BartonZwiebach	
1244	0:23:56	1/1/2019 	936257	972.00	353.00	66.42	36.41	99380.82	49794	0	BartonZwiebach	
1245	0:23:56	1/1/2019 	936477	662.00	10.00	14.88	36.41	99381.33	1852	0	BartonZwiebach	
1246	0:23:57	1/1/2019 	937253	95.00	6.00	6.46	36.42	99382.22	49794	0	BartonZwiebach	
1247	0:23:58	1/1/2019 	938601	894.00	104.00	30.74	36.42	99383.61	97735	0	BartonZwiebach	
1248	0:23:58	1/1/2019 	938610	125.00	6.00	7.29	36.42	99383.61	1851	0	BartonZwiebach	
1249	0:24:00	1/1/2019 	940757	102.00	6.00	6.64	36.42	99385.78	99727	0	BartonZwiebach	
1250	0:24:00	1/1/2019 	940907	222.00	6.00	9.74	36.42	99385.78	2606	0	BartonZwiebach	
1251	0:24:00	1/1/2019 	941126	672.00	11.00	15.24	36.42	99386.51	1848	0	BartonZwiebach	
1252	0:24:01	1/1/2019 	941260	68.00	6.00	5.95	36.42	99386.51	1850	0	BartonZwiebach	
1253	0:24:02	1/1/2019 	942551	744.00	23.00	18.82	36.43	99387.88	97738	0	BartonZwiebach	
1254	0:24:02	1/1/2019 	942626	603.00	8.00	13.87	36.43	99387.88	1858	0	BartonZwiebach	
1255	0:24:03	1/1/2019 	943639	574.00	10.00	13.84	36.43	99388.71	51929	0	BartonZwiebach	
1256	0:24:03	1/1/2019 	944218	209.00	6.00	9.47	36.43	99389.05	1853	0	BartonZwiebach	
1257	0:24:04	1/1/2019 	944710	138.00	6.00	7.66	36.43	99389.77	49791	0	BartonZwiebach	
1258	0:24:05	1/1/2019 	945426	574.00	7.00	13.38	36.43	99390.28	1849	0	BartonZwiebach	
1259	0:24:05	1/1/2019 	946161	558.00	7.00	13.22	36.43	99391.50	49795	0	BartonZwiebach	
1260	0:24:06	1/1/2019 	946478	104.00	6.00	6.70	36.43	99391.50	1849	0	BartonZwiebach	
1261	0:24:07	1/1/2019 	947862	515.00	7.00	12.84	36.43	99393.20	99729	0	BartonZwiebach	
1262	0:24:08	1/1/2019 	949057	84.00	6.00	6.21	36.43	99394.43	49795	0	BartonZwiebach	
1263	0:24:08	1/1/2019 	949113	116.00	6.00	7.03	36.43	99394.43	1849	0	BartonZwiebach	
1264	0:24:09	1/1/2019 	949442	867.00	79.00	26.21	36.44	99395.32	1849	0	BartonZwiebach	
1265	0:24:10	1/1/2019 	950287	913.00	128.00	35.43	36.44	99396.48	49798	0	BartonZwiebach	
1266	0:24:11	1/1/2019 	952236	180.00	6.00	8.80	36.44	99398.22	98501	0	BartonZwiebach	
1267	0:24:13	1/1/2019 	953650	908.00	123.00	34.47	36.44	99399.27	99868	0	BartonZwiebach	
1268	0:24:14	1/1/2019 	955131	969.00	304.00	57.72	36.45	99400.47	49799	0	BartonZwiebach	
1269	0:24:15	1/1/2019 	955422	869.00	84.00	27.02	36.45	99400.47	1852	0	BartonZwiebach	
1270	0:24:17	1/1/2019 	958023	675.00	12.00	15.56	36.45	99402.39	145691	0	BartonZwiebach	
1271	0:24:17	1/1/2019 	958146	673.00	12.00	15.55	36.45	99402.94	1851	0	BartonZwiebach	
1272	0:24:19	1/1/2019 	960148	104.00	6.00	6.70	36.46	99404.51	97737	0	BartonZwiebach	
1273	0:24:20	1/1/2019 	960955	87.00	6.00	6.28	36.46	99405.03	52766	0	BartonZwiebach	
1274	0:24:21	1/1/2019 	961473	959.00	178.00	43.12	36.46	99405.37	1850	0	BartonZwiebach	
1275	0:24:22	1/1/2019 	962262	111.00	6.00	6.89	36.46	99406.42	49799	0	BartonZwiebach	
1276	0:24:22	1/1/2019 	962681	898.00	109.00	31.72	36.46	99406.42	49792	0	BartonZwiebach	
1277	0:24:23	1/1/2019 	963312	435.00	7.00	12.30	36.46	99407.45	1850	0	BartonZwiebach	
1278	0:24:24	1/1/2019 	965006	941.00	155.00	40.06	36.47	99408.48	99727	0	BartonZwiebach	
1279	0:24:24	1/1/2019 	965016	114.00	6.00	6.97	36.47	99408.48	1850	0	BartonZwiebach	
1280	0:24:28	1/1/2019 	968720	698.00	15.00	16.59	36.48	99411.34	193615	0	BartonZwiebach	
1281	0:24:30	1/1/2019 	970580	73.00	6.00	6.02	36.48	99412.54	97741	0	BartonZwiebach	
1282	0:24:31	1/1/2019 	971792	62.00	5.00	5.90	36.48	99413.09	50547	0	BartonZwiebach	
1283	0:24:31	1/1/2019 	972001	70.00	5.00	5.97	36.48	99413.09	1850	0	BartonZwiebach	
1284	0:24:33	1/1/2019 	973414	85.00	6.00	6.23	36.49	99413.97	51924	0	BartonZwiebach	
1285	0:24:35	1/1/2019 	975823	880.00	95.00	28.98	36.49	99415.08	145679	0	BartonZwiebach	
1286	0:24:35	1/1/2019 	976044	161.00	6.00	8.31	36.49	99415.08	1851	0	BartonZwiebach	
1287	0:24:36	1/1/2019 	976367	123.00	6.00	7.23	36.49	99415.25	1848	0	BartonZwiebach	
1288	0:24:37	1/1/2019 	977419	955.00	170.00	42.15	36.49	99415.77	49793	0	BartonZwiebach	
1289	0:24:40	1/1/2019 	980846	116.00	6.00	7.03	36.50	99418.24	193647	0	BartonZwiebach	
1290	0:24:40	1/1/2019 	980868	109.00	6.00	6.83	36.50	99418.24	4746	0	BartonZwiebach	
1291	0:24:41	1/1/2019 	982208	530.00	7.00	12.96	36.50	99418.80	49791	0	BartonZwiebach	
1292	0:24:44	1/1/2019 	984659	962.00	213.00	46.64	36.51	99419.84	145684	0	BartonZwiebach	
1293	0:24:46	1/1/2019 	986300	212.00	6.00	9.53	36.51	99420.56	49801	0	BartonZwiebach	
1294	0:24:46	1/1/2019 	986572	99.00	5.00	6.56	36.51	99421.09	49792	0	BartonZwiebach	
1295	0:24:46	1/1/2019 	987190	99.00	6.00	6.56	36.51	99421.09	1849	0	BartonZwiebach	
1296	0:24:47	1/1/2019 	987274	120.00	6.00	7.14	36.51	99421.09	3838	0	BartonZwiebach	
1297	0:24:47	1/1/2019 	987608	84.00	5.00	6.21	36.51	99421.26	49792	0	BartonZwiebach	
1298	0:24:50	1/1/2019 	990351	860.00	78.00	26.03	36.52	99422.70	97738	0	BartonZwiebach	
1299	0:24:50	1/1/2019 	990914	628.00	9.00	14.35	36.52	99423.06	50553	0	BartonZwiebach	
1300	0:24:51	1/1/2019 	991949	860.00	83.00	26.82	36.52	99423.78	49795	0	BartonZwiebach	
1301	0:24:53	1/1/2019 	993657	911.00	123.00	34.48	36.53	99424.67	97744	0	BartonZwiebach	
1302	0:24:54	1/1/2019 	994389	113.00	6.00	6.94	36.53	99425.17	3982	0	BartonZwiebach	
1303	0:24:54	1/1/2019 	995108	666.00	11.00	15.21	36.53	99425.84	49792	0	BartonZwiebach	
1304	0:24:55	1/1/2019 	995569	900.00	110.00	31.92	36.53	99425.67	49795	0	BartonZwiebach	
1305	0:24:55	1/1/2019 	996168	851.00	80.00	26.32	36.53	99425.67	1851	0	BartonZwiebach	
1306	0:24:57	1/1/2019 	997471	461.00	7.00	12.47	36.53	99426.22	49796	0	BartonZwiebach	
1307	0:24:57	1/1/2019 	997754	359.00	6.00	11.64	36.53	99426.22	49796	0	BartonZwiebach	
1308	0:24:58	1/1/2019 	998303	468.00	7.00	12.51	36.53	99426.92	3839	0	BartonZwiebach	
1309	0:24:58	1/1/2019 	999030	79.00	6.00	6.11	36.54	99427.14	49796	0	BartonZwiebach	
1310	0:24:59	1/1/2019 	1000088	65.00	5.00	5.92	36.54	99427.14	49793	0	BartonZwiebach	
1311	0:25:02	1/1/2019 	1002734	134.00	6.00	7.55	36.54	99428.21	146435	0	BartonZwiebach	
1312	0:25:06	1/1/2019 	1006266	143.00	6.00	7.81	36.55	99430.33	145673	0	BartonZwiebach	
1313	0:25:06	1/1/2019 	1006560	969.00	226.00	47.84	36.55	99430.33	51924	0	BartonZwiebach	
1314	0:25:06	1/1/2019 	1006601	983.00	465.00	82.69	36.55	99430.33	1852	0	BartonZwiebach	
1315	0:25:06	1/1/2019 	1006739	800.00	44.00	21.90	36.55	99430.33	1851	0	BartonZwiebach	
1316	0:25:06	1/1/2019 	1006994	128.00	6.00	7.37	36.55	99430.33	1850	0	BartonZwiebach	
1317	0:25:06	1/1/2019 	1007219	185.00	6.00	8.93	36.55	99430.85	1847	0	BartonZwiebach	
1318	0:25:07	1/1/2019 	1007694	969.00	284.00	54.59	36.55	99430.85	49789	0	BartonZwiebach	
1319	0:25:07	1/1/2019 	1008150	136.00	6.00	7.61	36.55	99431.02	3842	0	BartonZwiebach	
1320	0:25:08	1/1/2019 	1008595	800.00	49.00	22.39	36.55	99431.02	49791	0	BartonZwiebach	
1321	0:25:10	1/1/2019 	1010987	90.00	6.00	6.34	36.55	99432.44	97745	0	BartonZwiebach	
1322	0:25:11	1/1/2019 	1011912	577.00	7.00	13.41	36.55	99432.77	50745	0	BartonZwiebach	
1323	0:25:12	1/1/2019 	1012426	229.00	6.00	9.87	36.55	99433.30	1852	0	BartonZwiebach	
1324	0:25:12	1/1/2019 	1012806	107.00	6.00	6.78	36.55	99433.30	49792	0	BartonZwiebach	
1325	0:25:12	1/1/2019 	1013042	730.00	20.00	18.08	36.55	99433.30	3981	0	BartonZwiebach	
1326	0:25:14	1/1/2019 	1014565	641.00	9.00	14.46	36.56	99434.19	97740	0	BartonZwiebach	
1327	0:25:16	1/1/2019 	1016643	152.00	6.00	8.06	36.56	99435.22	97739	0	BartonZwiebach	
1328	0:25:18	1/1/2019 	1019221	513.00	7.00	12.82	36.56	99436.66	97735	0	BartonZwiebach	
1329	0:25:19	1/1/2019 	1020012	961.00	194.00	44.84	36.56	99437.00	49797	0	BartonZwiebach	
1330	0:25:20	1/1/2019 	1020472	969.00	273.00	53.05	36.56	99437.16	2806	0	BartonZwiebach	
1331	0:25:20	1/1/2019 	1021073	103.00	6.00	6.67	36.56	99437.33	51933	0	BartonZwiebach	
1332	0:25:21	1/1/2019 	1021350	656.00	10.00	14.85	36.57	99438.02	1849	0	BartonZwiebach	
1333	0:25:21	1/1/2019 	1021570	178.00	6.00	8.75	36.57	99438.02	49794	0	BartonZwiebach	
1334	0:25:23	1/1/2019 	1023652	689.00	14.00	16.24	36.57	99439.25	97734	0	BartonZwiebach	
1335	0:25:23	1/1/2019 	1023796	294.00	6.00	10.91	36.57	99439.42	1852	0	BartonZwiebach	
1336	0:25:23	1/1/2019 	1023977	978.00	383.00	71.64	36.57	99439.42	3840	0	BartonZwiebach	
1337	0:25:24	1/1/2019 	1024637	544.00	7.00	13.08	36.57	99439.42	49802	0	BartonZwiebach	
1338	0:25:25	1/1/2019 	1026050	363.00	6.00	11.68	36.57	99439.94	49794	0	BartonZwiebach	
1339	0:25:26	1/1/2019 	1026399	615.00	8.00	13.99	36.57	99440.11	1850	0	BartonZwiebach	
1340	0:25:26	1/1/2019 	1026567	66.00	5.00	5.93	36.57	99440.11	49791	0	BartonZwiebach	
1341	0:25:28	1/1/2019 	1028590	149.00	6.00	7.98	36.57	99440.80	97732	0	BartonZwiebach	
1342	0:25:28	1/1/2019 	1029205	145.00	6.00	7.87	36.57	99441.14	3840	0	BartonZwiebach	
1343	0:25:29	1/1/2019 	1029353	98.00	6.00	6.54	36.57	99441.14	1848	0	BartonZwiebach	
1344	0:25:29	1/1/2019 	1029869	91.00	6.00	6.37	36.58	99441.52	49793	0	BartonZwiebach	
1345	0:25:32	1/1/2019 	1032276	91.00	6.00	6.37	36.58	99442.58	98682	0	BartonZwiebach	
1346	0:25:32	1/1/2019 	1032370	194.00	6.00	9.14	36.58	99442.58	1849	0	BartonZwiebach	
1347	0:25:34	1/1/2019 	1034657	175.00	6.00	8.68	36.58	99444.11	145671	0	BartonZwiebach	
1348	0:25:35	1/1/2019 	1035697	332.00	6.00	11.37	36.58	99444.79	51975	0	BartonZwiebach	
1349	0:25:36	1/1/2019 	1036450	281.00	6.00	10.73	36.58	99445.34	1850	0	BartonZwiebach	
1350	0:25:38	1/1/2019 	1039076	59.00	6.00	5.88	36.59	99446.91	145678	0	BartonZwiebach	
1351	0:25:40	1/1/2019 	1040301	274.00	6.00	10.63	36.59	99447.58	49794	0	BartonZwiebach	
1352	0:25:41	1/1/2019 	1041325	84.00	6.00	6.21	36.59	99447.92	50747	0	BartonZwiebach	
1353	0:25:41	1/1/2019 	1041693	342.00	6.00	11.48	36.59	99448.44	49791	0	BartonZwiebach	
1354	0:25:42	1/1/2019 	1042791	88.00	6.00	6.30	36.59	99448.77	51925	0	BartonZwiebach	
1355	0:25:43	1/1/2019 	1043612	436.00	6.00	12.23	36.59	99449.50	49791	0	BartonZwiebach	
1356	0:25:44	1/1/2019 	1044908	633.00	9.00	14.40	36.59	99449.84	49794	0	BartonZwiebach	
1357	0:25:45	1/1/2019 	1045732	122.00	6.00	7.20	36.59	99450.36	49795	0	BartonZwiebach	
1358	0:25:45	1/1/2019 	1046019	120.00	6.00	7.14	36.59	99450.86	1849	0	BartonZwiebach	
1359	0:25:46	1/1/2019 	1046602	966.00	206.00	45.99	36.59	99451.03	49792	0	BartonZwiebach	
1360	0:25:47	1/1/2019 	1047304	91.00	6.00	6.37	36.59	99451.20	3842	0	BartonZwiebach	
1361	0:25:47	1/1/2019 	1047804	121.00	6.00	7.17	36.60	99451.89	49790	0	BartonZwiebach	
1362	0:25:47	1/1/2019 	1047892	69.00	6.00	5.96	36.60	99451.89	1849	0	BartonZwiebach	
1363	0:25:48	1/1/2019 	1048921	105.00	6.00	6.72	36.60	99452.56	49791	0	BartonZwiebach	
1364	0:25:49	1/1/2019 	1049413	211.00	6.00	9.51	36.60	99452.91	1851	0	BartonZwiebach	
1365	0:25:51	1/1/2019 	1051353	966.00	194.00	44.84	36.60	99453.80	97735	0	BartonZwiebach	
1366	0:25:51	1/1/2019 	1051838	268.00	6.00	10.54	36.60	99453.80	52893	0	BartonZwiebach	
1367	0:25:52	1/1/2019 	1052384	183.00	6.00	8.88	36.60	99453.96	1850	0	BartonZwiebach	
1368	0:25:52	1/1/2019 	1052443	196.00	6.00	9.18	36.60	99453.96	1849	0	BartonZwiebach	
1369	0:25:52	1/1/2019 	1053193	114.00	7.00	6.97	36.60	99454.12	49792	0	BartonZwiebach	
1370	0:25:53	1/1/2019 	1053837	195.00	6.00	9.16	36.60	99454.83	49795	0	BartonZwiebach	
1371	0:25:54	1/1/2019 	1054362	617.00	8.00	14.01	36.60	99454.99	3840	0	BartonZwiebach	
1372	0:25:54	1/1/2019 	1054663	621.00	8.00	14.04	36.60	99454.99	49790	0	BartonZwiebach	
1373	0:25:54	1/1/2019 	1054995	385.00	6.00	11.87	36.60	99455.16	1849	0	BartonZwiebach	
1374	0:25:56	1/1/2019 	1056698	485.00	9.00	12.81	36.60	99456.00	97732	0	BartonZwiebach	
1375	0:25:57	1/1/2019 	1057741	790.00	43.00	21.78	36.60	99456.34	49794	0	BartonZwiebach	
1376	0:25:57	1/1/2019 	1058217	976.00	314.00	59.41	36.60	99456.72	1851	0	BartonZwiebach	
1377	0:25:58	1/1/2019 	1059177	967.00	318.00	60.11	36.60	99457.23	51845	0	BartonZwiebach	
1378	0:25:59	1/1/2019 	1059373	152.00	6.00	8.06	36.60	99457.23	1851	0	BartonZwiebach	
1379	0:26:00	1/1/2019 	1060400	972.00	389.00	72.61	36.60	99457.56	49792	0	BartonZwiebach	
1380	0:26:01	1/1/2019 	1061442	890.00	100.00	29.96	36.61	99458.12	50757	0	BartonZwiebach	
1381	0:26:02	1/1/2019 	1062326	688.00	14.00	16.23	36.61	99458.79	49796	0	BartonZwiebach	
1382	0:26:03	1/1/2019 	1063417	871.00	77.00	25.91	36.61	99459.30	49795	0	BartonZwiebach	
1383	0:26:03	1/1/2019 	1063800	131.00	6.00	7.46	36.61	99459.30	51929	0	BartonZwiebach	
1384	0:26:04	1/1/2019 	1064730	674.00	12.00	15.55	36.61	99459.80	49790	0	BartonZwiebach	
1385	0:26:05	1/1/2019 	1065659	61.00	6.00	5.89	36.61	99460.49	49794	0	BartonZwiebach	
1386	0:26:05	1/1/2019 	1065784	595.00	7.00	13.58	36.61	99460.66	1850	0	BartonZwiebach	
1387	0:26:06	1/1/2019 	1067012	69.00	6.00	5.96	36.61	99461.16	49793	0	BartonZwiebach	
1388	0:26:06	1/1/2019 	1067204	343.00	6.00	11.49	36.61	99461.16	1849	0	BartonZwiebach	
1389	0:26:07	1/1/2019 	1068014	626.00	8.00	14.09	36.61	99461.67	51784	0	BartonZwiebach	
1390	0:26:07	1/1/2019 	1068215	587.00	8.00	13.69	36.61	99461.67	1848	0	BartonZwiebach	
1391	0:26:08	1/1/2019 	1068590	60.00	6.00	5.89	36.61	99462.01	49790	0	BartonZwiebach	
1392	0:26:09	1/1/2019 	1069961	971.00	288.00	55.18	36.61	99463.06	49792	0	BartonZwiebach	
1393	0:26:09	1/1/2019 	1069975	226.00	6.00	9.81	36.61	99463.06	2806	0	BartonZwiebach	
1394	0:26:10	1/1/2019 	1071065	979.00	461.00	82.24	36.61	99463.41	51922	0	BartonZwiebach	
1395	0:26:11	1/1/2019 	1071551	210.00	6.00	9.49	36.61	99463.41	49804	0	BartonZwiebach	
1396	0:26:12	1/1/2019 	1072437	97.00	6.00	6.51	36.61	99463.73	1850	0	BartonZwiebach	
1397	0:26:13	1/1/2019 	1074146	75.00	6.00	6.05	36.61	99464.80	97734	0	BartonZwiebach	
1398	0:26:15	1/1/2019 	1075775	972.00	408.00	75.53	36.61	99465.81	97734	0	BartonZwiebach	
1399	0:26:15	1/1/2019 	1075855	221.00	5.00	9.70	36.61	99465.81	1852	0	BartonZwiebach	
1400	0:26:16	1/1/2019 	1076367	541.00	7.00	13.06	36.61	99465.97	3839	0	BartonZwiebach	
1401	0:26:16	1/1/2019 	1076447	977.00	363.00	68.21	36.61	99465.97	1851	0	BartonZwiebach	
1402	0:26:16	1/1/2019 	1076597	396.00	6.00	11.95	36.61	99466.48	49800	0	BartonZwiebach	
1403	0:26:16	1/1/2019 	1076977	834.00	67.00	24.43	36.61	99466.48	1849	0	BartonZwiebach	
1404	0:26:17	1/1/2019 	1077267	68.00	6.00	5.95	36.61	99466.64	1850	0	BartonZwiebach	
1405	0:26:17	1/1/2019 	1077905	128.00	6.00	7.37	36.61	99466.81	49791	0	BartonZwiebach	
1406	0:26:17	1/1/2019 	1078057	74.00	6.00	6.03	36.61	99466.81	3893	0	BartonZwiebach	
1407	0:26:21	1/1/2019 	1081745	974.00	467.00	82.94	36.62	99469.33	193618	0	BartonZwiebach	
1408	0:26:22	1/1/2019 	1082988	125.00	6.00	7.29	36.62	99470.56	50757	0	BartonZwiebach	
1409	0:26:23	1/1/2019 	1083370	812.00	58.00	23.34	36.62	99470.73	1849	0	BartonZwiebach	
1410	0:26:23	1/1/2019 	1083976	100.00	6.00	6.59	36.62	99471.06	49796	0	BartonZwiebach	
1411	0:26:24	1/1/2019 	1084647	535.00	7.00	13.00	36.62	99471.23	49791	0	BartonZwiebach	
1412	0:26:24	1/1/2019 	1084934	143.00	6.00	7.81	36.62	99471.56	3982	0	BartonZwiebach	
1413	0:26:25	1/1/2019 	1086030	669.00	11.00	15.22	36.62	99472.08	49791	0	BartonZwiebach	
1414	0:26:25	1/1/2019 	1086137	96.00	6.00	6.49	36.62	99472.08	1851	0	BartonZwiebach	
1415	0:26:26	1/1/2019 	1086419	980.00	680.00	122.70	36.62	99472.23	1848	0	BartonZwiebach	
1416	0:26:26	1/1/2019 	1086591	73.00	6.00	6.02	36.62	99472.23	49810	0	BartonZwiebach	
1417	0:26:27	1/1/2019 	1087390	741.00	23.00	18.81	36.62	99472.77	1849	0	BartonZwiebach	
1418	0:26:27	1/1/2019 	1087607	971.00	287.00	55.03	36.62	99472.93	51784	0	BartonZwiebach	
1419	0:26:28	1/1/2019 	1088322	166.00	7.00	8.45	36.62	99473.27	1851	0	BartonZwiebach	
1420	0:26:29	1/1/2019 	1090150	676.00	12.00	15.57	36.62	99474.62	97735	0	BartonZwiebach	
1421	0:26:30	1/1/2019 	1091217	93.00	6.00	6.41	36.62	99475.50	50749	0	BartonZwiebach	
1422	0:26:31	1/1/2019 	1091284	222.00	6.00	9.74	36.62	99475.50	1850	0	BartonZwiebach	
1423	0:26:32	1/1/2019 	1092905	405.00	6.00	12.02	36.62	99476.34	99865	0	BartonZwiebach	
1424	0:26:33	1/1/2019 	1093280	599.00	8.00	13.82	36.62	99476.68	1850	0	BartonZwiebach	
1425	0:26:35	1/1/2019 	1095846	612.00	8.00	13.96	36.63	99478.58	145680	0	BartonZwiebach	
1426	0:26:37	1/1/2019 	1097366	989.00	860.00	156.51	36.63	99480.11	49794	0	BartonZwiebach	
1427	0:26:37	1/1/2019 	1097931	178.00	6.00	8.75	36.63	99480.62	49814	0	BartonZwiebach	
1428	0:26:40	1/1/2019 	1100684	92.00	2.00	6.38	36.63	99482.69	145678	0	BartonZwiebach	
1429	0:26:41	1/1/2019 	1101641	188.00	6.00	9.00	36.63	99483.20	52875	0	BartonZwiebach	
1430	0:26:43	1/1/2019 	1103363	292.00	6.00	10.88	36.63	99485.09	49793	0	BartonZwiebach	
1431	0:26:43	1/1/2019 	1103657	696.00	15.00	16.57	36.63	99485.59	49796	0	BartonZwiebach	
1432	0:26:43	1/1/2019 	1103880	130.00	6.00	7.43	36.63	99485.59	1851	0	BartonZwiebach	
1433	0:26:43	1/1/2019 	1103972	589.00	8.00	13.71	36.63	99486.11	1849	0	BartonZwiebach	
1434	0:26:43	1/1/2019 	1104117	438.00	6.00	12.24	36.63	99486.11	1848	0	BartonZwiebach	
1435	0:26:45	1/1/2019 	1105832	147.00	6.00	7.92	36.63	99487.11	99728	0	BartonZwiebach	
1436	0:26:45	1/1/2019 	1105872	483.00	7.00	12.61	36.63	99487.11	1850	0	BartonZwiebach	
1437	0:26:45	1/1/2019 	1105954	437.00	6.00	12.23	36.63	99487.11	1851	0	BartonZwiebach	
1438	0:26:46	1/1/2019 	1106267	166.00	6.00	8.44	36.64	99487.81	1849	0	BartonZwiebach	
1439	0:26:46	1/1/2019 	1106623	123.00	6.00	7.23	36.64	99488.14	49794	0	BartonZwiebach	
1440	0:26:46	1/1/2019 	1107110	442.00	6.00	12.26	36.64	99488.31	1848	0	BartonZwiebach	
1441	0:26:46	1/1/2019 	1107206	974.00	287.00	55.03	36.64	99488.31	3839	0	BartonZwiebach	
1442	0:26:47	1/1/2019 	1108016	285.00	6.00	10.79	36.64	99488.64	49799	0	BartonZwiebach	
1443	0:26:48	1/1/2019 	1109224	961.00	173.00	42.52	36.64	99489.48	49794	0	BartonZwiebach	
1444	0:26:49	1/1/2019 	1109691	970.00	349.00	65.70	36.64	99490.05	49801	0	BartonZwiebach	
1445	0:26:49	1/1/2019 	1109704	201.00	6.00	9.30	36.64	99490.05	2804	0	BartonZwiebach	
1446	0:26:49	1/1/2019 	1110152	468.00	7.00	12.51	36.64	99490.05	3980	0	BartonZwiebach	
1447	0:26:50	1/1/2019 	1110796	535.00	7.00	13.00	36.64	99490.72	49795	0	BartonZwiebach	
1448	0:26:51	1/1/2019 	1111658	965.00	269.00	52.52	36.64	99490.72	49794	0	BartonZwiebach	
1449	0:26:54	1/1/2019 	1115230	73.00	5.00	6.01	36.64	99489.73	145697	0	BartonZwiebach	
1450	0:26:55	1/1/2019 	1115887	132.00	6.00	7.49	36.64	99488.72	49793	0	BartonZwiebach	
1451	0:26:55	1/1/2019 	1116223	177.00	6.00	8.73	36.64	99488.72	1849	0	BartonZwiebach	
1452	0:26:56	1/1/2019 	1116372	70.00	6.00	5.97	36.64	99488.72	3838	0	BartonZwiebach	
1453	0:26:56	1/1/2019 	1116779	664.00	11.00	15.19	36.64	99488.05	49792	0	BartonZwiebach	
1454	0:26:56	1/1/2019 	1117245	66.00	6.00	5.93	36.64	99487.73	1849	0	BartonZwiebach	
1455	0:26:57	1/1/2019 	1117690	63.00	6.00	5.91	36.64	99486.72	49789	0	BartonZwiebach	
1456	0:26:59	1/1/2019 	1120202	79.00	6.00	6.11	36.64	99482.84	97737	0	BartonZwiebach	
1457	0:27:00	1/1/2019 	1120783	184.00	6.00	8.90	36.64	99482.00	50747	0	BartonZwiebach	
1458	0:27:00	1/1/2019 	1120973	967.00	164.00	41.35	36.64	99482.00	3980	0	BartonZwiebach	
1459	0:27:00	1/1/2019 	1120977	934.00	147.00	38.81	36.64	99482.00	1850	0	BartonZwiebach	
1460	0:27:00	1/1/2019 	1121175	710.00	16.00	16.94	36.65	99482.22	1851	0	BartonZwiebach	
1461	0:27:01	1/1/2019 	1121250	976.00	303.00	57.55	36.65	99482.22	1849	0	BartonZwiebach	
1462	0:27:01	1/1/2019 	1122091	94.00	6.00	6.44	36.65	99481.21	49800	0	BartonZwiebach	
1463	0:27:02	1/1/2019 	1122554	615.00	8.00	13.99	36.65	99481.21	49792	0	BartonZwiebach	
1464	0:27:03	1/1/2019 	1123277	161.00	5.00	8.30	36.65	99480.70	3840	0	BartonZwiebach	
1465	0:27:03	1/1/2019 	1124160	76.00	0.00	6.05	36.65	99480.54	49791	0	BartonZwiebach	
1466	0:27:04	1/1/2019 	1125164	250.00	6.00	10.25	36.65	99480.90	49779	0	BartonZwiebach	
1467	0:27:05	1/1/2019 	1125336	660.00	11.00	15.16	36.65	99480.73	1851	0	BartonZwiebach	
1468	0:27:05	1/1/2019 	1125858	553.00	7.00	13.17	36.65	99480.90	49796	0	BartonZwiebach	
1469	0:27:05	1/1/2019 	1125877	544.00	7.00	13.08	36.65	99480.90	1850	0	BartonZwiebach	
1470	0:27:07	1/1/2019 	1127832	61.00	6.00	5.89	36.65	99481.73	99729	0	BartonZwiebach	
1471	0:27:09	1/1/2019 	1129316	237.00	5.00	10.00	36.65	99482.91	49792	0	BartonZwiebach	
1472	0:27:09	1/1/2019 	1129846	542.00	7.00	13.07	36.65	99484.31	49794	0	BartonZwiebach	
1473	0:27:10	1/1/2019 	1130962	60.00	6.00	5.89	36.65	99485.66	50747	0	BartonZwiebach	
1474	0:27:11	1/1/2019 	1131470	562.00	7.00	13.26	36.65	99486.33	1849	0	BartonZwiebach	
1475	0:27:12	1/1/2019 	1132402	234.00	6.00	9.97	36.65	99487.17	49794	0	BartonZwiebach	
1476	0:27:12	1/1/2019 	1132779	552.00	7.00	13.16	36.65	99488.39	51925	0	BartonZwiebach	
1477	0:27:12	1/1/2019 	1133075	87.00	6.00	6.28	36.65	99489.23	1849	0	BartonZwiebach	
1478	0:27:13	1/1/2019 	1133993	598.00	8.00	13.81	36.65	99491.26	49789	0	BartonZwiebach	
1479	0:27:14	1/1/2019 	1134556	77.00	6.00	6.08	36.66	99492.45	49793	0	BartonZwiebach	
1480	0:27:14	1/1/2019 	1134787	252.00	6.00	10.28	36.66	99492.45	1850	0	BartonZwiebach	
1481	0:27:15	1/1/2019 	1135328	165.00	10.00	8.44	36.66	99493.63	3839	0	BartonZwiebach	
1482	0:27:15	1/1/2019 	1135557	698.00	15.00	16.59	36.66	99494.64	49794	0	BartonZwiebach	
1483	0:27:15	1/1/2019 	1135590	400.00	6.00	11.98	36.66	99494.64	1851	0	BartonZwiebach	
1484	0:27:15	1/1/2019 	1135649	529.00	7.00	12.95	36.66	99494.64	1848	0	BartonZwiebach	
1485	0:27:17	1/1/2019 	1137988	86.00	5.00	6.25	36.66	99500.44	97738	0	BartonZwiebach	
1486	0:27:17	1/1/2019 	1138186	922.00	136.00	36.91	36.66	99501.97	1850	0	BartonZwiebach	
1487	0:27:19	1/1/2019 	1140001	975.00	412.00	76.09	36.66	99506.22	99738	0	BartonZwiebach	
1488	0:27:20	1/1/2019 	1140382	671.00	12.00	15.53	36.67	99508.12	2806	0	BartonZwiebach	
1489	0:27:21	1/1/2019 	1141725	208.00	5.00	9.43	36.67	99511.00	97743	0	BartonZwiebach	
1490	0:27:21	1/1/2019 	1141826	223.00	6.00	9.76	36.67	99512.91	1851	0	BartonZwiebach	
1491	0:27:21	1/1/2019 	1141954	123.00	6.00	7.23	36.67	99512.91	1848	0	BartonZwiebach	
1492	0:27:24	1/1/2019 	1144413	523.00	7.00	12.90	36.68	99521.45	97731	0	BartonZwiebach	
1493	0:27:24	1/1/2019 	1144475	961.00	178.00	43.12	36.68	99521.45	3983	0	BartonZwiebach	
1494	0:27:25	1/1/2019 	1145657	104.00	6.00	6.70	36.68	99524.84	97747	0	BartonZwiebach	
1495	0:27:27	1/1/2019 	1147838	102.00	6.00	6.64	36.69	99532.41	97735	0	BartonZwiebach	
1496	0:27:28	1/1/2019 	1148427	112.00	6.00	6.92	36.70	99534.28	1849	0	BartonZwiebach	
1497	0:27:28	1/1/2019 	1148554	386.00	6.00	11.88	36.70	99536.19	49793	0	BartonZwiebach	
1498	0:27:28	1/1/2019 	1148758	690.00	13.00	15.95	36.70	99536.19	1850	0	BartonZwiebach	
1499	0:27:28	1/1/2019 	1148925	104.00	6.00	6.70	36.70	99536.19	3841	0	BartonZwiebach	
1500	0:27:28	1/1/2019 	1149120	75.00	6.00	6.05	36.70	99538.22	1848	0	BartonZwiebach	
1501	0:27:31	1/1/2019 	1151726	158.00	6.00	8.23	36.72	99548.53	145679	0	BartonZwiebach	
1502	0:27:34	1/1/2019 	1154438	115.00	6.00	7.00	36.73	99559.05	98687	0	BartonZwiebach	
1503	0:27:35	1/1/2019 	1155374	94.00	6.00	6.44	36.74	99563.73	49791	0	BartonZwiebach	
1504	0:27:35	1/1/2019 	1156108	604.00	8.00	13.88	36.75	99565.63	49793	0	BartonZwiebach	
1505	0:27:37	1/1/2019 	1157753	967.00	249.00	50.14	36.76	99572.91	99812	0	BartonZwiebach	
1506	0:27:38	1/1/2019 	1158281	60.00	6.00	5.89	36.76	99574.95	1851	0	BartonZwiebach	
1507	0:27:38	1/1/2019 	1158951	63.00	6.00	5.91	36.77	99579.62	49795	0	BartonZwiebach	
1508	0:27:39	1/1/2019 	1159743	193.00	6.00	9.12	36.78	99581.89	49796	0	BartonZwiebach	
1509	0:27:39	1/1/2019 	1159942	146.00	6.00	7.89	36.78	99584.01	2607	0	BartonZwiebach	
1510	0:27:41	1/1/2019 	1161868	150.00	6.00	8.01	36.80	99590.75	101066	0	BartonZwiebach	
1511	0:27:42	1/1/2019 	1163082	639.00	9.00	14.45	36.81	99597.38	49796	0	BartonZwiebach	
1512	0:27:43	1/1/2019 	1163253	264.00	6.00	10.47	36.81	99597.38	1859	0	BartonZwiebach	
1513	0:27:45	1/1/2019 	1165265	70.00	6.00	5.97	36.83	99605.95	97743	0	BartonZwiebach	
1514	0:27:45	1/1/2019 	1165839	201.00	6.00	9.30	36.84	99608.41	49792	0	BartonZwiebach	
1515	0:27:46	1/1/2019 	1166784	770.00	35.00	20.84	36.85	99612.41	49792	0	BartonZwiebach	
1516	0:27:48	1/1/2019 	1168575	634.00	9.00	14.40	36.87	99619.42	99734	0	BartonZwiebach	
1517	0:27:49	1/1/2019 	1169270	805.00	52.00	22.70	36.88	99624.16	1852	0	BartonZwiebach	
1518	0:27:49	1/1/2019 	1169733	154.00	6.00	8.12	36.89	99626.08	49798	0	BartonZwiebach	
1519	0:27:49	1/1/2019 	1170095	513.00	7.00	12.82	36.89	99626.08	2605	0	BartonZwiebach	
1520	0:27:50	1/1/2019 	1171068	681.00	13.00	15.90	36.90	99630.86	49795	0	BartonZwiebach	
1521	0:27:50	1/1/2019 	1171172	206.00	6.00	9.41	36.90	99630.86	1850	0	BartonZwiebach	
1522	0:27:53	1/1/2019 	1173689	869.00	98.00	29.49	36.94	99641.11	147806	0	BartonZwiebach	
1523	0:27:55	1/1/2019 	1175500	974.00	364.00	68.39	36.97	99649.09	49797	0	BartonZwiebach	
1524	0:27:55	1/1/2019 	1175682	146.00	6.00	7.89	36.97	99649.09	49840	0	BartonZwiebach	
1525	0:27:55	1/1/2019 	1176079	144.00	6.00	7.84	36.97	99651.21	1849	0	BartonZwiebach	
1526	0:27:56	1/1/2019 	1176994	177.00	5.00	8.72	36.99	99655.70	49791	0	BartonZwiebach	
1527	0:27:56	1/1/2019 	1177005	144.00	6.00	7.84	36.99	99655.70	1850	0	BartonZwiebach	
1528	0:27:58	1/1/2019 	1178659	888.00	103.00	30.52	37.01	99662.08	99724	0	BartonZwiebach	
1529	0:27:59	1/1/2019 	1179332	248.00	5.00	10.19	37.02	99663.88	1851	0	BartonZwiebach	
1530	0:27:59	1/1/2019 	1179418	170.00	6.00	8.55	37.02	99663.88	1851	0	BartonZwiebach	
1531	0:27:59	1/1/2019 	1179429	180.00	6.00	8.80	37.02	99663.88	1848	0	BartonZwiebach	
1532	0:27:59	1/1/2019 	1179634	170.00	6.00	8.55	37.03	99665.86	49791	0	BartonZwiebach	
1533	0:27:59	1/1/2019 	1180194	84.00	6.00	6.21	37.04	99668.16	2606	0	BartonZwiebach	
1534	0:28:00	1/1/2019 	1180288	66.00	6.00	5.93	37.04	99668.16	3979	0	BartonZwiebach	
1535	0:28:00	1/1/2019 	1180838	461.00	6.00	12.38	37.05	99670.30	49791	0	BartonZwiebach	
1536	0:28:02	1/1/2019 	1182427	208.00	6.00	9.45	37.07	99677.42	49794	0	BartonZwiebach	
1537	0:28:02	1/1/2019 	1182791	978.00	332.00	62.61	37.08	99679.53	49794	0	BartonZwiebach	
1538	0:28:02	1/1/2019 	1182939	636.00	9.00	14.42	37.08	99679.53	1850	0	BartonZwiebach	
1539	0:28:02	1/1/2019 	1183083	154.00	6.00	8.12	37.08	99679.53	3841	0	BartonZwiebach	
1540	0:28:06	1/1/2019 	1186732	899.00	114.00	32.70	37.14	99695.12	193623	0	BartonZwiebach	
1541	0:28:07	1/1/2019 	1187282	108.00	5.00	6.80	37.16	99699.42	1851	0	BartonZwiebach	
1542	0:28:07	1/1/2019 	1188137	745.00	24.00	19.03	37.17	99701.91	49792	0	BartonZwiebach	
1543	0:28:08	1/1/2019 	1188740	531.00	7.00	12.97	37.18	99704.23	49795	0	BartonZwiebach	
1544	0:28:09	1/1/2019 	1190001	178.00	5.00	8.74	37.21	99711.23	49796	0	BartonZwiebach	
1545	0:28:09	1/1/2019 	1190124	68.00	6.00	5.95	37.21	99711.23	4747	0	BartonZwiebach	
1546	0:28:10	1/1/2019 	1190902	707.00	16.00	16.92	37.23	99715.74	49792	0	BartonZwiebach	
1547	0:28:13	1/1/2019 	1193555	368.00	6.00	11.73	37.28	99727.09	145684	0	BartonZwiebach	
1548	0:28:13	1/1/2019 	1193787	119.00	6.00	7.11	37.28	99727.09	1850	0	BartonZwiebach	
1549	0:28:13	1/1/2019 	1194138	926.00	138.00	37.27	37.29	99729.64	1849	0	BartonZwiebach	
1550	0:28:14	1/1/2019 	1195043	78.00	1.00	6.09	37.32	99734.16	49798	0	BartonZwiebach	
1551	0:28:18	1/1/2019 	1198390	448.00	7.00	12.39	37.38	99746.08	147661	0	BartonZwiebach	
1552	0:28:18	1/1/2019 	1198619	542.00	7.00	13.07	37.38	99746.08	49796	0	BartonZwiebach	
1553	0:28:18	1/1/2019 	1198749	94.00	6.00	6.44	37.39	99747.70	1850	0	BartonZwiebach	
1554	0:28:18	1/1/2019 	1198978	82.00	6.00	6.17	37.39	99747.70	1848	0	BartonZwiebach	
1555	0:28:19	1/1/2019 	1199969	551.00	7.00	13.15	37.42	99751.95	49793	0	BartonZwiebach	
1556	0:28:20	1/1/2019 	1200682	137.00	6.00	7.64	37.43	99753.58	50554	0	BartonZwiebach	
1557	0:28:22	1/1/2019 	1202258	955.00	177.00	43.00	37.46	99759.15	51980	0	BartonZwiebach	
1558	0:28:22	1/1/2019 	1202267	310.00	6.00	11.11	37.46	99759.15	1852	0	BartonZwiebach	
1559	0:28:22	1/1/2019 	1202335	58.00	5.00	5.88	37.47	99761.00	1849	0	BartonZwiebach	
1560	0:28:22	1/1/2019 	1202560	397.00	6.00	11.96	37.47	99761.00	49793	0	BartonZwiebach	
1561	0:28:22	1/1/2019 	1203087	621.00	8.00	14.04	37.48	99763.06	1849	0	BartonZwiebach	
1562	0:28:23	1/1/2019 	1203447	741.00	23.00	18.81	37.49	99764.69	3837	0	BartonZwiebach	
1563	0:28:24	1/1/2019 	1205038	801.00	56.00	23.10	37.53	99770.45	97743	0	BartonZwiebach	
1564	0:28:26	1/1/2019 	1207180	82.00	5.00	6.17	37.58	99777.20	97745	0	BartonZwiebach	
1565	0:28:26	1/1/2019 	1207245	804.00	41.00	21.60	37.58	99777.20	1851	0	BartonZwiebach	
1566	0:28:28	1/1/2019 	1208780	220.00	6.00	9.70	37.62	99781.81	97745	0	BartonZwiebach	
1567	0:28:29	1/1/2019 	1209821	91.00	6.00	6.37	37.64	99784.83	49793	0	BartonZwiebach	
1568	0:28:30	1/1/2019 	1211089	87.00	6.00	6.28	37.68	99788.55	52689	0	BartonZwiebach	
1569	0:28:31	1/1/2019 	1211297	515.00	7.00	12.84	37.68	99788.55	1850	0	BartonZwiebach	
1570	0:28:33	1/1/2019 	1213748	986.00	779.00	138.61	37.74	99795.66	145685	0	BartonZwiebach	
1571	0:28:35	1/1/2019 	1215805	565.00	7.00	13.29	37.79	99801.27	97775	0	BartonZwiebach	
1572	0:28:35	1/1/2019 	1216189	374.00	7.00	11.84	37.79	99801.27	1850	0	BartonZwiebach	
1573	0:28:36	1/1/2019 	1216358	566.00	7.00	13.30	37.80	99802.77	1851	0	BartonZwiebach	
1574	0:28:36	1/1/2019 	1216456	107.00	6.00	6.78	37.80	99802.77	3842	0	BartonZwiebach	
1575	0:28:36	1/1/2019 	1216677	110.00	6.00	6.86	37.80	99802.77	49791	0	BartonZwiebach	
1576	0:28:36	1/1/2019 	1216966	202.00	6.00	9.32	37.81	99804.27	1849	0	BartonZwiebach	
1577	0:28:37	1/1/2019 	1217925	133.00	10.00	7.53	37.83	99806.82	49791	0	BartonZwiebach	
1578	0:28:38	1/1/2019 	1218258	169.00	6.00	8.52	37.83	99806.82	1850	0	BartonZwiebach	
1579	0:28:38	1/1/2019 	1218393	72.00	5.00	6.00	37.85	99808.55	1849	0	BartonZwiebach	
1580	0:28:40	1/1/2019 	1220427	516.00	7.00	12.85	37.90	99814.15	99726	0	BartonZwiebach	
1581	0:28:41	1/1/2019 	1221425	969.00	325.00	61.35	37.92	99817.34	50554	0	BartonZwiebach	
1582	0:28:41	1/1/2019 	1221435	140.00	6.00	7.72	37.92	99817.34	1851	0	BartonZwiebach	
1583	0:28:41	1/1/2019 	1221778	229.00	5.00	9.85	37.92	99817.34	49791	0	BartonZwiebach	
1584	0:28:41	1/1/2019 	1221952	892.00	89.00	27.95	37.93	99818.87	1849	0	BartonZwiebach	
1585	0:28:43	1/1/2019 	1223627	241.00	6.00	10.09	37.97	99823.06	97745	0	BartonZwiebach	
1586	0:28:43	1/1/2019 	1224244	69.00	5.00	5.96	37.98	99824.77	4034	0	BartonZwiebach	
1587	0:28:45	1/1/2019 	1225326	165.00	6.00	8.42	38.00	99828.31	49793	0	BartonZwiebach	
1588	0:28:45	1/1/2019 	1225469	132.00	6.00	7.49	38.00	99828.31	1849	0	BartonZwiebach	
1589	0:28:46	1/1/2019 	1226420	799.00	46.00	22.10	38.02	99831.13	49793	0	BartonZwiebach	
1590	0:28:46	1/1/2019 	1226766	201.00	6.00	9.30	38.04	99832.87	49798	0	BartonZwiebach	
1591	0:28:46	1/1/2019 	1226931	134.00	6.00	7.55	38.04	99832.87	1848	0	BartonZwiebach	
1592	0:28:47	1/1/2019 	1227359	803.00	52.00	22.70	38.05	99834.38	3841	0	BartonZwiebach	
1593	0:28:47	1/1/2019 	1227568	64.00	6.00	5.91	38.05	99834.38	49806	0	BartonZwiebach	
1594	0:28:49	1/1/2019 	1230031	98.00	6.00	6.54	38.11	99841.28	97740	0	BartonZwiebach	
1595	0:28:51	1/1/2019 	1231579	72.00	6.00	6.00	38.14	99845.66	98493	0	BartonZwiebach	
1596	0:28:51	1/1/2019 	1232137	200.00	6.00	9.27	38.15	99847.17	1850	0	BartonZwiebach	
1597	0:28:52	1/1/2019 	1232616	852.00	80.00	26.32	38.16	99848.52	51923	0	BartonZwiebach	
1598	0:28:53	1/1/2019 	1233276	551.00	7.00	13.15	38.18	99850.02	1851	0	BartonZwiebach	
1599	0:28:53	1/1/2019 	1233981	182.00	6.00	8.85	38.20	99852.89	49797	0	BartonZwiebach	
1600	0:28:54	1/1/2019 	1234341	176.00	6.00	8.70	38.20	99852.89	1849	0	BartonZwiebach	
1601	0:28:54	1/1/2019 	1235220	701.00	15.00	16.60	38.22	99855.58	49795	0	BartonZwiebach	
1602	0:28:56	1/1/2019 	1236823	196.00	6.00	9.18	38.26	99859.27	97741	0	BartonZwiebach	
1603	0:28:58	1/1/2019 	1238382	118.00	5.00	7.08	38.29	99862.97	51784	0	BartonZwiebach	
1604	0:28:59	1/1/2019 	1240053	209.00	6.00	9.47	38.34	99868.00	97737	0	BartonZwiebach	
1605	0:29:00	1/1/2019 	1241201	446.00	6.00	12.29	38.36	99870.20	50551	0	BartonZwiebach	
1606	0:29:01	1/1/2019 	1241366	920.00	137.00	37.09	38.36	99870.20	1851	0	BartonZwiebach	
1607	0:29:01	1/1/2019 	1241866	459.00	6.00	12.37	38.37	99871.38	49801	0	BartonZwiebach	
1608	0:29:02	1/1/2019 	1242873	932.00	154.00	39.91	38.39	99873.38	49799	0	BartonZwiebach	
1609	0:29:03	1/1/2019 	1243371	210.00	6.00	9.49	38.40	99874.33	3983	0	BartonZwiebach	
1610	0:29:04	1/1/2019 	1244420	105.00	6.00	6.72	38.43	99876.34	49793	0	BartonZwiebach	
1611	0:29:04	1/1/2019 	1244930	105.00	5.00	6.72	38.44	99877.37	49792	0	BartonZwiebach	
1612	0:29:04	1/1/2019 	1245119	568.00	7.00	13.32	38.44	99877.37	1850	0	BartonZwiebach	
1613	0:29:06	1/1/2019 	1246705	707.00	17.00	17.19	38.47	99880.19	97739	0	BartonZwiebach	
1614	0:29:06	1/1/2019 	1246788	98.00	2.00	6.53	38.48	99881.39	1852	0	BartonZwiebach	
1615	0:29:06	1/1/2019 	1246844	78.00	6.00	6.10	38.48	99881.39	3891	0	BartonZwiebach	
1616	0:29:06	1/1/2019 	1246850	895.00	113.00	32.49	38.48	99881.39	1848	0	BartonZwiebach	
1617	0:29:06	1/1/2019 	1247078	67.00	6.00	5.94	38.48	99881.39	1850	0	BartonZwiebach	
1618	0:29:07	1/1/2019 	1247273	272.00	6.00	10.60	38.48	99881.39	1850	0	BartonZwiebach	
1619	0:29:07	1/1/2019 	1247435	770.00	32.00	20.45	38.49	99882.73	1851	0	BartonZwiebach	
1620	0:29:08	1/1/2019 	1248440	187.00	6.00	8.97	38.52	99884.73	49793	0	BartonZwiebach	
1621	0:29:08	1/1/2019 	1248716	958.00	169.00	42.02	38.52	99884.73	51782	0	BartonZwiebach	
1622	0:29:12	1/1/2019 	1252781	93.00	5.00	6.41	38.60	99893.08	193646	0	BartonZwiebach	
1623	0:29:13	1/1/2019 	1253415	810.00	61.00	23.66	38.62	99894.42	2609	0	BartonZwiebach	
1624	0:29:13	1/1/2019 	1254074	666.00	11.00	15.21	38.64	99896.04	49798	0	BartonZwiebach	
1625	0:29:14	1/1/2019 	1254336	229.00	5.00	9.85	38.64	99896.04	1849	0	BartonZwiebach	
1626	0:29:15	1/1/2019 	1255777	339.00	6.00	11.44	38.67	99899.03	99868	0	BartonZwiebach	
1627	0:29:15	1/1/2019 	1256068	138.00	5.00	7.66	38.68	99899.84	1850	0	BartonZwiebach	
1628	0:29:16	1/1/2019 	1256718	205.00	1.00	9.31	38.69	99901.03	49793	0	BartonZwiebach	
1629	0:29:17	1/1/2019 	1257977	116.00	6.00	7.03	38.71	99902.66	49782	0	BartonZwiebach	
1630	0:29:18	1/1/2019 	1258258	849.00	72.00	25.13	38.72	99903.64	1850	0	BartonZwiebach	
1631	0:29:18	1/1/2019 	1259208	109.00	5.00	6.83	38.74	99905.43	49798	0	BartonZwiebach	
1632	0:29:20	1/1/2019 	1260468	926.00	140.00	37.62	38.76	99907.39	51784	0	BartonZwiebach	
1633	0:29:20	1/1/2019 	1260482	891.00	89.00	27.94	38.76	99907.39	2609	0	BartonZwiebach	
1634	0:29:20	1/1/2019 	1260550	961.00	174.00	42.64	38.76	99907.39	49796	0	BartonZwiebach	
1635	0:29:21	1/1/2019 	1261634	165.00	6.00	8.42	38.78	99909.18	49798	0	BartonZwiebach	
1636	0:29:21	1/1/2019 	1261646	381.00	6.00	11.84	38.78	99909.18	1849	0	BartonZwiebach	
1637	0:29:21	1/1/2019 	1261815	220.00	6.00	9.70	38.79	99909.99	1849	0	BartonZwiebach	
1638	0:29:21	1/1/2019 	1262205	753.00	27.00	19.62	38.79	99909.99	3979	0	BartonZwiebach	
1639	0:29:21	1/1/2019 	1262228	130.00	6.00	7.43	38.79	99909.99	1850	0	BartonZwiebach	
1640	0:29:23	1/1/2019 	1263263	253.00	6.00	10.30	38.81	99911.98	49791	0	BartonZwiebach	
1641	0:29:24	1/1/2019 	1265070	129.00	5.00	7.40	38.85	99915.39	97740	0	BartonZwiebach	
1642	0:29:25	1/1/2019 	1266201	77.00	5.00	6.08	38.87	99916.84	49793	0	BartonZwiebach	
1643	0:29:28	1/1/2019 	1268329	574.00	7.00	13.38	38.90	99920.07	97735	0	BartonZwiebach	
1644	0:29:28	1/1/2019 	1268435	88.00	5.00	6.30	38.90	99920.07	3895	0	BartonZwiebach	
1645	0:29:28	1/1/2019 	1269039	785.00	40.00	21.45	38.92	99921.34	49792	0	BartonZwiebach	
1646	0:29:29	1/1/2019 	1270062	570.00	7.00	13.34	38.94	99922.95	49797	0	BartonZwiebach	
1647	0:29:31	1/1/2019 	1271282	920.00	137.00	37.09	38.96	99924.19	50553	0	BartonZwiebach	
1648	0:29:32	1/1/2019 	1273176	166.00	6.00	8.44	38.99	99926.52	97743	0	BartonZwiebach	
1649	0:29:34	1/1/2019 	1274704	965.00	221.00	47.38	39.02	99927.91	99865	0	BartonZwiebach	
1650	0:29:34	1/1/2019 	1275038	206.00	6.00	9.41	39.02	99927.91	1852	0	BartonZwiebach	
1651	0:29:35	1/1/2019 	1275347	423.00	7.00	12.22	39.03	99928.55	1849	0	BartonZwiebach	
1652	0:29:36	1/1/2019 	1276288	78.00	5.00	6.09	39.04	99929.08	49794	0	BartonZwiebach	
1653	0:29:37	1/1/2019 	1277864	64.00	6.00	5.91	39.06	99930.44	97735	0	BartonZwiebach	
1654	0:29:38	1/1/2019 	1278549	886.00	72.00	25.22	39.07	99931.41	49792	0	BartonZwiebach	
1655	0:29:39	1/1/2019 	1279479	191.00	6.00	9.07	39.09	99932.51	3841	0	BartonZwiebach	
1656	0:29:39	1/1/2019 	1279820	443.00	6.00	12.27	39.09	99932.51	49793	0	BartonZwiebach	
1657	0:29:39	1/1/2019 	1279935	101.00	6.00	6.62	39.10	99932.77	2606	0	BartonZwiebach	
1658	0:29:42	1/1/2019 	1282694	965.00	298.00	56.74	39.14	99935.87	145678	0	BartonZwiebach	
1659	0:29:42	1/1/2019 	1282848	68.00	5.00	5.95	39.14	99935.87	1851	0	BartonZwiebach	
1660	0:29:42	1/1/2019 	1283221	633.00	9.00	14.40	39.15	99936.33	1850	0	BartonZwiebach	
1661	0:29:43	1/1/2019 	1283682	183.00	6.00	8.88	39.15	99936.72	51924	0	BartonZwiebach	
1662	0:29:43	1/1/2019 	1283690	88.00	5.00	6.30	39.15	99936.72	1850	0	BartonZwiebach	
1663	0:29:43	1/1/2019 	1284107	592.00	8.00	13.74	39.16	99937.73	1850	0	BartonZwiebach	
1664	0:29:44	1/1/2019 	1284366	967.00	288.00	55.18	39.16	99937.73	1847	0	BartonZwiebach	
1665	0:29:44	1/1/2019 	1284679	712.00	17.00	17.22	39.17	99938.52	49802	0	BartonZwiebach	
1666	0:29:44	1/1/2019 	1285072	400.00	6.00	11.98	39.18	99938.94	1851	0	BartonZwiebach	
1667	0:29:45	1/1/2019 	1285431	201.00	6.00	9.30	39.18	99938.94	3838	0	BartonZwiebach	
1668	0:29:45	1/1/2019 	1285858	970.00	234.00	48.60	39.18	99939.56	49792	0	BartonZwiebach	
1669	0:29:48	1/1/2019 	1288325	539.00	6.00	12.91	39.22	99943.14	97748	0	BartonZwiebach	
