Model,MDO4054-3
Firmware Version,2.20

Waveform Type,ANALOG,
Point Format,Y,
Horizontal Units,s,
Horizontal Scale,0.01,
Horizontal Delay,0.03977,
Sample Interval,1e-05,
Record Length,10000,
Gating,0.0% to 100.0%,
Probe Attenuation,1,
Vertical Units,V,
Vertical Offset,0,
Vertical Scale,1,
Vertical Position,0.02,
,,
,,
,,
Label,,
TIME,CH1,CH2
-1.0230e-02,-0.0473438,0.00052125
-1.0220e-02,-0.0482812,-1.46875e-05
-1.0210e-02,-0.0476562,-9.375e-07
-1.0200e-02,-0.0451563,-2.34375e-05
-1.0190e-02,-0.0485938,0.000240313
-1.0180e-02,-0.048125,0.000473125
-1.0170e-02,-0.04125,0.000154063
-1.0160e-02,-0.0417187,-0.000269375
-1.0150e-02,-0.0489062,1e-05
-1.0140e-02,-0.0629688,2.875e-05
-1.0130e-02,-0.0478125,-0.000216875
-1.0120e-02,-0.054375,-0.000496875
-1.0110e-02,-0.0590625,-0.00024125
-1.0100e-02,-0.043125,-0.000779063
-1.0090e-02,-0.0475,-0.000160625
-1.0080e-02,-0.0584375,1.9375e-05
-1.0070e-02,-0.0517188,-0.000448125
-1.0060e-02,-0.0384375,4.75e-05
-1.0050e-02,-0.0485938,-0.000130313
-1.0040e-02,-0.05375,0.000226875
-1.0030e-02,-0.0482812,0.000436875
-1.0020e-02,-0.048125,7.40625e-05
-1.0010e-02,-0.0335937,-9.28125e-05
-1.0000e-02,-0.0514063,-0.000605938
-9.9900e-03,-0.0496875,-0.000295938
-9.9800e-03,-0.040625,0.000435313
-9.9700e-03,-0.0485938,-0.00046125
-9.9600e-03,-0.0510938,-0.000411875
-9.9500e-03,-0.0440625,-0.000225938
-9.9400e-03,-0.0525,0.000121875
-9.9300e-03,-0.0503125,-0.000754375
-9.9200e-03,-0.0501562,0.0001425
-9.9100e-03,-0.0496875,-7.96875e-05
-9.9000e-03,-0.0565625,9.5e-05
-9.8900e-03,-0.0439063,-0.000416563
-9.8800e-03,-0.0364063,-0.000203125
-9.8700e-03,-0.045625,-0.000249375
-9.8600e-03,-0.0390625,-0.000545938
-9.8500e-03,-0.0532813,-0.000141563
-9.8400e-03,-0.0617188,-0.000675938
-9.8300e-03,-0.0526563,-0.000429375
-9.8200e-03,-0.04875,-0.000396875
-9.8100e-03,-0.0415625,-0.000150625
-9.8000e-03,-0.0478125,0.000198125
-9.7900e-03,-0.03875,0.00030625
-9.7800e-03,-0.0575,-0.000267188
-9.7700e-03,-0.0498438,-0.000344063
-9.7600e-03,-0.06125,-8.875e-05
-9.7500e-03,-0.0457813,-0.000385938
-9.7400e-03,-0.0439063,-0.000302813
-9.7300e-03,-0.0459375,-0.000130313
-9.7200e-03,-0.0435938,7.09375e-05
-9.7100e-03,-0.0492188,-0.000101875
-9.7000e-03,-0.0539063,5.15625e-05
-9.6900e-03,-0.04125,-0.000812813
-9.6800e-03,-0.0520313,9.9375e-05
-9.6700e-03,-0.0495312,-0.000994375
-9.6600e-03,-0.0635938,-0.000262187
-9.6500e-03,-0.0467188,-0.00015375
-9.6400e-03,-0.0490625,-0.000821563
-9.6300e-03,-0.0385937,-0.000360938
-9.6200e-03,-0.0595313,-0.000364375
-9.6100e-03,-0.0459375,-0.000800313
-9.6000e-03,-0.0553125,-0.000105313
-9.5900e-03,-0.0548437,-9.15625e-05
-9.5800e-03,-0.0559375,-1.34375e-05
-9.5700e-03,-0.0459375,0.000101875
-9.5600e-03,-0.0515625,0.000246563
-9.5500e-03,-0.0459375,-0.000394063
-9.5400e-03,-0.0409375,-0.000150938
-9.5300e-03,-0.0442188,0.000330625
-9.5200e-03,-0.04,-0.000393125
-9.5100e-03,-0.043125,-0.00087375
-9.5000e-03,-0.051875,-0.000700625
-9.4900e-03,-0.0496875,-0.00046375
-9.4800e-03,-0.0453125,-0.000260313
-9.4700e-03,-0.050625,-0.0001
-9.4600e-03,-0.0489062,-0.000212188
-9.4500e-03,-0.055,0.000380313
-9.4400e-03,-0.0515625,-0.000210938
-9.4300e-03,-0.0557813,0.000299688
-9.4200e-03,-0.0471875,0.000127813
-9.4100e-03,-0.0420312,-0.000637188
-9.4000e-03,-0.0398437,-0.00049625
-9.3900e-03,-0.0564063,-0.000456563
-9.3800e-03,-0.053125,-0.000505625
-9.3700e-03,-0.0554687,3.75e-05
-9.3600e-03,-0.0517188,-1.875e-05
-9.3500e-03,-0.03375,0.000347813
-9.3400e-03,-0.0510938,7.21875e-05
-9.3300e-03,-0.0514063,-0.000727813
-9.3200e-03,-0.0598438,-0.000555938
-9.3100e-03,-0.0407813,-8.34375e-05
-9.3000e-03,-0.046875,-7.125e-05
-9.2900e-03,-0.04375,-0.000509063
-9.2800e-03,-0.0520313,-0.000332813
-9.2700e-03,-0.058125,3.09375e-05
-9.2600e-03,-0.0528125,-0.000605625
-9.2500e-03,-0.0498438,3.125e-07
-9.2400e-03,-0.0573437,-0.000497188
-9.2300e-03,-0.0545313,-0.000387188
-9.2200e-03,-0.0429688,-5.625e-05
-9.2100e-03,-0.0425,-0.000228125
-9.2000e-03,-0.0554687,-4.21875e-05
-9.1900e-03,-0.0489062,-4.65625e-05
-9.1800e-03,-0.0603125,-0.00031625
-9.1700e-03,-0.0492188,-0.000520938
-9.1600e-03,-0.0579687,0.000170938
-9.1500e-03,-0.0532813,-4.5625e-05
-9.1400e-03,-0.0479688,-0.000161875
-9.1300e-03,-0.0507812,0.000112188
-9.1200e-03,-0.04125,-0.0005725
-9.1100e-03,-0.0534375,-0.000277813
-9.1000e-03,-0.0548437,-0.0003625
-9.0900e-03,-0.0390625,0.000213125
-9.0800e-03,-0.0382813,-0.000473438
-9.0700e-03,-0.0460938,-0.000184063
-9.0600e-03,-0.053125,-3.78125e-05
-9.0500e-03,-0.0445313,-0.000115313
-9.0400e-03,-0.0421875,-0.00016375
-9.0300e-03,-0.0523437,-0.000365
-9.0200e-03,-0.0454688,7.34375e-05
-9.0100e-03,-0.0484375,-0.000305938
-9.0000e-03,-0.0560937,3.53125e-05
-8.9900e-03,-0.0521875,-6.46875e-05
-8.9800e-03,-0.0410937,-0.0011375
-8.9700e-03,-0.0515625,-0.00057
-8.9600e-03,-0.0432813,-0.000418438
-8.9500e-03,-0.0526563,-0.00038875
-8.9400e-03,-0.05625,-0.000635938
-8.9300e-03,-0.05,0.000225625
-8.9200e-03,-0.0540625,-0.000446563
-8.9100e-03,-0.0496875,-6.0625e-05
-8.9000e-03,-0.0415625,0.000218125
-8.8900e-03,-0.0473438,0.000329375
-8.8800e-03,-0.0482812,-0.000304687
-8.8700e-03,-0.0432813,7.1875e-06
-8.8600e-03,-0.0629688,-0.000120313
-8.8500e-03,-0.0410937,-0.000151875
-8.8400e-03,-0.0439063,-0.000174375
-8.8300e-03,-0.0534375,0.000142813
-8.8200e-03,-0.046875,-0.000215938
-8.8100e-03,-0.0440625,-0.000371563
-8.8000e-03,-0.04625,0.000135313
-8.7900e-03,-0.0470312,0.000559063
-8.7800e-03,-0.0542187,0.00049125
-8.7700e-03,-0.0557813,-0.000881563
-8.7600e-03,-0.0492188,-0.000228125
-8.7500e-03,-0.0425,-0.00031375
-8.7400e-03,-0.0482812,-0.000287813
-8.7300e-03,-0.0603125,-0.000101563
-8.7200e-03,-0.0434375,7.6875e-05
-8.7100e-03,-0.0467188,-6.59375e-05
-8.7000e-03,-0.048125,0.000260625
-8.6900e-03,-0.0542187,0.000190625
-8.6800e-03,-0.0475,0.000319375
-8.6700e-03,-0.050625,-0.000393125
-8.6600e-03,-0.0415625,-1.46875e-05
-8.6500e-03,-0.0379688,0.000191563
-8.6400e-03,-0.0421875,0.000133125
-8.6300e-03,-0.0442188,0.000252812
-8.6200e-03,-0.0571875,7e-05
-8.6100e-03,-0.0365625,-0.000406875
-8.6000e-03,-0.0529687,0.000465938
-8.5900e-03,-0.0398437,0.000321875
-8.5800e-03,-0.0529687,-0.000294688
-8.5700e-03,-0.04125,0.00016375
-8.5600e-03,-0.0507812,-0.0006975
-8.5500e-03,-0.0425,-0.000300313
-8.5400e-03,-0.0321875,-8.28125e-05
-8.5300e-03,-0.0495312,0.000133438
-8.5200e-03,-0.0603125,0.000124063
-8.5100e-03,-0.0459375,-0.00024375
-8.5000e-03,-0.0501562,-0.000437188
-8.4900e-03,-0.05625,0.00043875
-8.4800e-03,-0.0376563,-0.000369063
-8.4700e-03,-0.0528125,0.00043625
-8.4600e-03,-0.0446875,8.125e-06
-8.4500e-03,-0.05125,-0.000190313
-8.4400e-03,-0.0503125,-0.000340938
-8.4300e-03,-0.05375,0.000134375
-8.4200e-03,-0.0454688,0.000214688
-8.4100e-03,-0.031875,-0.000100625
-8.4000e-03,-0.0514063,-0.0002575
-8.3900e-03,-0.04875,-4.0625e-06
-8.3800e-03,-0.0485938,-0.000166875
-8.3700e-03,-0.0440625,0.000179688
-8.3600e-03,-0.0457813,-0.0001825
-8.3500e-03,-0.050625,-0.000374063
-8.3400e-03,-0.0403125,-0.000453125
-8.3300e-03,-0.05,-0.000603125
-8.3200e-03,-0.0475,3.78125e-05
-8.3100e-03,-0.0520313,-0.000402188
-8.3000e-03,-0.0514063,-0.00030125
-8.2900e-03,-0.0484375,-0.000458125
-8.2800e-03,-0.0503125,4.3125e-05
-8.2700e-03,-0.0389063,7.1875e-05
-8.2600e-03,-0.0507812,-3.34375e-05
-8.2500e-03,-0.04375,-2.46875e-05
-8.2400e-03,-0.0473438,3.75e-06
-8.2300e-03,-0.0478125,-0.0001775
-8.2200e-03,-0.0482812,6.625e-05
-8.2100e-03,-0.0526563,3.46875e-05
-8.2000e-03,-0.05,0.000397188
-8.1900e-03,-0.0539063,-0.0007425
-8.1800e-03,-0.060625,0.000111563
-8.1700e-03,-0.0478125,-0.000284688
-8.1600e-03,-0.045,-0.000669688
-8.1500e-03,-0.0504687,-0.000225
-8.1400e-03,-0.045625,-0.000331563
-8.1300e-03,-0.0421875,-0.000503125
-8.1200e-03,-0.046875,-0.000540625
-8.1100e-03,-0.055625,-0.000583438
-8.1000e-03,-0.0492188,-0.000614375
-8.0900e-03,-0.0523437,-0.000857188
-8.0800e-03,-0.0595313,0.000304687
-8.0700e-03,-0.0473438,0.000275313
-8.0600e-03,-0.0546875,-0.000601563
-8.0500e-03,-0.0582813,0.000307188
-8.0400e-03,-0.0540625,0.000151563
-8.0300e-03,-0.0510938,-4.6875e-05
-8.0200e-03,-0.0465625,-0.000245938
-8.0100e-03,-0.0545313,0.000100313
-8.0000e-03,-0.0535937,-0.000420313
-7.9900e-03,-0.0459375,-0.000119063
-7.9800e-03,-0.0495312,1.875e-05
-7.9700e-03,-0.059375,-0.000438438
-7.9600e-03,-0.0615625,-0.000220938
-7.9500e-03,-0.0426562,-0.000279688
-7.9400e-03,-0.044375,-0.000485938
-7.9300e-03,-0.05,-0.00048
-7.9200e-03,-0.058125,-0.000449063
-7.9100e-03,-0.054375,-0.000187188
-7.9000e-03,-0.0532813,0.000730938
-7.8900e-03,-0.0409375,-0.00010125
-7.8800e-03,-0.0509375,-0.000819688
-7.8700e-03,-0.05625,-1.25e-05
-7.8600e-03,-0.0557813,-0.00042625
-7.8500e-03,-0.0557813,-0.000377813
-7.8400e-03,-0.0540625,-0.000280938
-7.8300e-03,-0.0490625,-0.000219688
-7.8200e-03,-0.0523437,-0.000346563
-7.8100e-03,-0.0520313,-0.000119688
-7.8000e-03,-0.0485938,-0.00068125
-7.7900e-03,-0.0503125,0.000746563
-7.7800e-03,-0.0460938,-0.00049375
-7.7700e-03,-0.0529687,-0.000889063
-7.7600e-03,-0.0434375,2.65625e-05
-7.7500e-03,-0.0382813,-0.000268438
-7.7400e-03,-0.049375,-0.000301563
-7.7300e-03,-0.0484375,-0.0002825
-7.7200e-03,-0.044375,-0.00069375
-7.7100e-03,-0.0389063,-0.000314063
-7.7000e-03,-0.0423437,0.00074625
-7.6900e-03,-0.0539063,4.78125e-05
-7.6800e-03,-0.0485938,-0.000240625
-7.6700e-03,-0.0414063,-0.00042875
-7.6600e-03,-0.0434375,-0.000679375
-7.6500e-03,-0.0526563,7.1875e-05
-7.6400e-03,-0.0445313,-0.0003725
-7.6300e-03,-0.0395313,-0.000500312
-7.6200e-03,-0.0514063,-0.000264063
-7.6100e-03,-0.0398437,-0.0008425
-7.6000e-03,-0.0432813,-0.000649063
-7.5900e-03,-0.0645312,-0.000646563
-7.5800e-03,-0.05625,-0.000614063
-7.5700e-03,-0.0453125,-0.000673438
-7.5600e-03,-0.0420312,-0.000228438
-7.5500e-03,-0.0592188,-0.000207813
-7.5400e-03,-0.034375,-0.000412813
-7.5300e-03,-0.0521875,-0.000249375
-7.5200e-03,-0.04125,6.8125e-05
-7.5100e-03,-0.05125,-7.6875e-05
-7.5000e-03,-0.050625,0.000460938
-7.4900e-03,-0.0559375,-0.000155938
-7.4800e-03,-0.03125,-0.000150938
-7.4700e-03,-0.0554687,-0.0002275
-7.4600e-03,-0.0478125,-0.0004825
-7.4500e-03,-0.045625,-0.00028
-7.4400e-03,-0.0484375,-0.000193438
-7.4300e-03,-0.0517188,-5.6875e-05
-7.4200e-03,-0.05,-7.65625e-05
-7.4100e-03,-0.04625,-0.000442188
-7.4000e-03,-0.058125,-0.000364375
-7.3900e-03,-0.041875,4.25e-05
-7.3800e-03,-0.0529687,8.65625e-05
-7.3700e-03,-0.0426562,0.00012875
-7.3600e-03,-0.0548437,-0.000445625
-7.3500e-03,-0.049375,-0.000154063
-7.3400e-03,-0.0492188,-0.000286875
-7.3300e-03,-0.0353125,-0.00025
-7.3200e-03,-0.0473438,-0.000411875
-7.3100e-03,-0.0485938,-0.00116344
-7.3000e-03,-0.045,-0.000754063
-7.2900e-03,-0.0442188,-0.00059875
-7.2800e-03,-0.0514063,0.00016375
-7.2700e-03,-0.0576563,-0.000147188
-7.2600e-03,-0.0435938,0.000352813
-7.2500e-03,-0.0575,-0.000339375
-7.2400e-03,-0.05625,7.25e-05
-7.2300e-03,-0.0445313,0.000317188
-7.2200e-03,-0.0396875,0.000391563
-7.2100e-03,-0.0484375,0.000277188
-7.2000e-03,-0.0575,-0.00012875
-7.1900e-03,-0.0384375,-9.34375e-05
-7.1800e-03,-0.0484375,0.00036
-7.1700e-03,-0.0407813,-2.46875e-05
-7.1600e-03,-0.0460938,-0.0001825
-7.1500e-03,-0.0421875,-8.21875e-05
-7.1400e-03,-0.0540625,5e-05
-7.1300e-03,-0.0392187,-0.000121563
-7.1200e-03,-0.0504687,0.000390625
-7.1100e-03,-0.0523437,0.00033625
-7.1000e-03,-0.0439063,-0.00025625
-7.0900e-03,-0.0359375,4.375e-05
-7.0800e-03,-0.0520313,0.000260625
-7.0700e-03,-0.0473438,0.000157813
-7.0600e-03,-0.039375,-0.000343438
-7.0500e-03,-0.0535937,-0.00041625
-7.0400e-03,-0.0379688,-0.000382188
-7.0300e-03,-0.0375,2.125e-05
-7.0200e-03,-0.0492188,2.5e-05
-7.0100e-03,-0.0551563,0.000175938
-7.0000e-03,-0.0428125,-0.00085625
-6.9900e-03,-0.0534375,0.000402188
-6.9800e-03,-0.039375,9.625e-05
-6.9700e-03,-0.050625,-0.00043875
-6.9600e-03,-0.0454688,-0.000390625
-6.9500e-03,-0.0521875,-0.000735
-6.9400e-03,-0.0410937,0.000141563
-6.9300e-03,-0.0609375,-5.1875e-05
-6.9200e-03,-0.0514063,-0.000213125
-6.9100e-03,-0.0515625,-0.000346563
-6.9000e-03,-0.0495312,2.5e-06
-6.8900e-03,-0.0423437,-0.00025625
-6.8800e-03,-0.0410937,-0.000162813
-6.8700e-03,-0.0567187,0.000435625
-6.8600e-03,-0.044375,-0.000458125
-6.8500e-03,-0.0454688,2.15625e-05
-6.8400e-03,-0.0407813,-0.00026625
-6.8300e-03,-0.0514063,-0.000364375
-6.8200e-03,-0.0453125,-0.000729375
-6.8100e-03,-0.0434375,-0.000314688
-6.8000e-03,-0.0439063,-0.000523125
-6.7900e-03,-0.0557813,-0.000180938
-6.7800e-03,-0.0382813,-0.00043
-6.7700e-03,-0.0510938,0.000370938
-6.7600e-03,-0.04875,0.00021
-6.7500e-03,-0.0434375,-2.1875e-06
-6.7400e-03,-0.0465625,-0.000320625
-6.7300e-03,-0.0470312,0.00026
-6.7200e-03,-0.0454688,-0.000311875
-6.7100e-03,-0.0546875,-0.00050125
-6.7000e-03,-0.0373438,2.8125e-05
-6.6900e-03,-0.045625,0.000185313
-6.6800e-03,-0.0585938,-1.53125e-05
-6.6700e-03,-0.0465625,-0.000459688
-6.6600e-03,-0.0310937,0.000187188
-6.6500e-03,-0.055,-4.28125e-05
-6.6400e-03,-0.0482812,0.000273125
-6.6300e-03,-0.0559375,0.000206563
-6.6200e-03,-0.0373438,-0.000614687
-6.6100e-03,-0.0453125,-8.875e-05
-6.6000e-03,-0.0332812,-0.000310625
-6.5900e-03,-0.0446875,0.00016875
-6.5800e-03,-0.0353125,-0.000236563
-6.5700e-03,-0.0607812,-0.000244688
-6.5600e-03,-0.0515625,-0.000144688
-6.5500e-03,-0.0479688,0.000300625
-6.5400e-03,-0.0415625,-0.000452188
-6.5300e-03,-0.0503125,-0.000250938
-6.5200e-03,-0.051875,-0.00021375
-6.5100e-03,-0.0528125,7.5e-05
-6.5000e-03,-0.0490625,-0.00039375
-6.4900e-03,-0.05,-8.25e-05
-6.4800e-03,-0.0523437,8.59375e-05
-6.4700e-03,-0.0415625,-0.000719063
-6.4600e-03,-0.0526563,-0.000261563
-6.4500e-03,-0.0678125,-0.000224688
-6.4400e-03,-0.0470312,0.000445
-6.4300e-03,-0.040625,-0.000187813
-6.4200e-03,-0.0510938,-0.000451563
-6.4100e-03,-0.0526563,-0.000482813
-6.4000e-03,-0.0528125,0.000160625
-6.3900e-03,-0.0459375,-0.0006425
-6.3800e-03,-0.0579687,-9.625e-05
-6.3700e-03,-0.04125,0.000244688
-6.3600e-03,-0.0589063,-7.75e-05
-6.3500e-03,-0.0385937,-3.125e-06
-6.3400e-03,-0.050625,-6.96875e-05
-6.3300e-03,-0.045625,0.00021125
-6.3200e-03,-0.0540625,1.78125e-05
-6.3100e-03,-0.0395313,-0.000379375
-6.3000e-03,-0.0396875,-0.000124688
-6.2900e-03,-0.0439063,-0.00047625
-6.2800e-03,-0.0532813,0.000115
-6.2700e-03,-0.0573437,-0.000232188
-6.2600e-03,-0.0504687,-0.000510937
-6.2500e-03,-0.0460938,-0.000283437
-6.2400e-03,-0.0482812,-0.000268125
-6.2300e-03,-0.0545313,-9.125e-05
-6.2200e-03,-0.0445313,0.000331875
-6.2100e-03,-0.0482812,-3.375e-05
-6.2000e-03,-0.04375,-0.000490625
-6.1900e-03,-0.0546875,-0.000713438
-6.1800e-03,-0.0432813,-0.000361563
-6.1700e-03,-0.0342187,-0.00035
-6.1600e-03,-0.0498438,-0.000655625
-6.1500e-03,-0.0489062,-0.000719688
-6.1400e-03,-0.0448438,-0.000965313
-6.1300e-03,-0.049375,-0.000663438
-6.1200e-03,-0.0514063,-0.000310938
-6.1100e-03,-0.0423437,-0.000594688
-6.1000e-03,-0.045625,-0.000342188
-6.0900e-03,-0.0560937,-0.000174375
-6.0800e-03,-0.0446875,-0.000647813
-6.0700e-03,-0.0525,-0.0003525
-6.0600e-03,-0.0415625,-0.000260625
-6.0500e-03,-0.0542187,-0.00017
-6.0400e-03,-0.050625,0.000286875
-6.0300e-03,-0.0457813,-0.000264375
-6.0200e-03,-0.0510938,-9.375e-06
-6.0100e-03,-0.0496875,-0.000252188
-6.0000e-03,-0.046875,-0.000131875
-5.9900e-03,-0.0467188,0.000111875
-5.9800e-03,-0.0478125,-0.000822813
-5.9700e-03,-0.0504687,-0.00021625
-5.9600e-03,-0.0384375,-0.000534375
-5.9500e-03,-0.0470312,-0.000536563
-5.9400e-03,-0.0421875,-0.0001875
-5.9300e-03,-0.046875,-0.000235
-5.9200e-03,-0.0382813,-0.00016
-5.9100e-03,-0.048125,-0.000315938
-5.9000e-03,-0.055625,-0.000541563
-5.8900e-03,-0.0546875,-0.000160938
-5.8800e-03,-0.05625,-0.0002875
-5.8700e-03,-0.0409375,9.75e-05
-5.8600e-03,-0.0535937,-0.000182813
-5.8500e-03,-0.0492188,-0.00047875
-5.8400e-03,-0.0498438,-9.375e-07
-5.8300e-03,-0.0545313,-0.000179375
-5.8200e-03,-0.0492188,-0.000152813
-5.8100e-03,-0.04625,0.000217188
-5.8000e-03,-0.03625,0.00019125
-5.7900e-03,-0.04375,0.000109688
-5.7800e-03,-0.0545313,-2.53125e-05
-5.7700e-03,-0.0553125,-9.96875e-05
-5.7600e-03,-0.0560937,-0.00039875
-5.7500e-03,-0.0576563,-0.000219063
-5.7400e-03,-0.0467188,-0.000607813
-5.7300e-03,-0.0364063,-0.000347188
-5.7200e-03,-0.054375,-0.000230625
-5.7100e-03,-0.0473438,-0.000566875
-5.7000e-03,-0.0389063,-0.000724063
-5.6900e-03,-0.048125,-8.96875e-05
-5.6800e-03,-0.04,0.000312188
-5.6700e-03,-0.0553125,0.000287813
-5.6600e-03,-0.046875,5.8125e-05
-5.6500e-03,-0.03375,-0.000222813
-5.6400e-03,-0.0414063,-1.125e-05
-5.6300e-03,-0.0459375,1.25e-06
-5.6200e-03,-0.038125,-0.000275938
-5.6100e-03,-0.0454688,-0.00037
-5.6000e-03,-0.0596875,-4.3125e-05
-5.5900e-03,-0.0475,-6.3125e-05
-5.5800e-03,-0.053125,-0.000391563
-5.5700e-03,-0.05625,-0.00052125
-5.5600e-03,-0.0471875,-5.25e-05
-5.5500e-03,-0.0453125,-0.00012375
-5.5400e-03,-0.05875,-0.000474375
-5.5300e-03,-0.0421875,-0.000808438
-5.5200e-03,-0.0573437,-0.000282188
-5.5100e-03,-0.0446875,-0.00026125
-5.5000e-03,-0.0454688,-0.000714375
-5.4900e-03,-0.0465625,-0.000463438
-5.4800e-03,-0.0435938,0.000255625
-5.4700e-03,-0.0534375,0.00028875
-5.4600e-03,-0.0590625,0.00017375
-5.4500e-03,-0.0484375,-0.00022875
-5.4400e-03,-0.0498438,-0.000630313
-5.4300e-03,-0.03625,-0.000515313
-5.4200e-03,-0.05125,-0.000196563
-5.4100e-03,-0.0532813,-0.00025
-5.4000e-03,-0.04,-0.000260938
-5.3900e-03,-0.0526563,-0.000657188
-5.3800e-03,-0.0542187,0.00020875
-5.3700e-03,-0.0609375,-0.000200938
-5.3600e-03,-0.0428125,-0.000210313
-5.3500e-03,-0.0448438,-0.000330625
-5.3400e-03,-0.0429688,-1.4375e-05
-5.3300e-03,-0.0454688,-0.00017875
-5.3200e-03,-0.0495312,0.000219063
-5.3100e-03,-0.0585938,9.90625e-05
-5.3000e-03,-0.0467188,0.000394688
-5.2900e-03,-0.0653125,-0.000189688
-5.2800e-03,-0.0332812,-0.000315313
-5.2700e-03,-0.0570313,3.09375e-05
-5.2600e-03,-0.0510938,-9.4375e-05
-5.2500e-03,-0.0520313,0.000422188
-5.2400e-03,-0.0348437,-0.000339688
-5.2300e-03,-0.0484375,-0.000224375
-5.2200e-03,-0.0479688,0.0001975
-5.2100e-03,-0.0425,-0.000439375
-5.2000e-03,-0.0492188,9.5625e-05
-5.1900e-03,-0.0501562,0.000738125
-5.1800e-03,-0.0457813,-3.375e-05
-5.1700e-03,-0.0440625,0.000232813
-5.1600e-03,-0.0614062,-0.00056625
-5.1500e-03,-0.0471875,-4.625e-05
-5.1400e-03,-0.0398437,-3.21875e-05
-5.1300e-03,-0.0445313,-0.000341563
-5.1200e-03,-0.0559375,-0.0005425
-5.1100e-03,-0.055,-0.000739688
-5.1000e-03,-0.0507812,-0.00049375
-5.0900e-03,-0.048125,-0.000587188
-5.0800e-03,-0.0560937,-0.00016125
-5.0700e-03,-0.0559375,3.75e-05
-5.0600e-03,-0.0503125,0.000108438
-5.0500e-03,-0.043125,0.000339688
-5.0400e-03,-0.0473438,-0.000122188
-5.0300e-03,-0.041875,3.125e-06
-5.0200e-03,-0.041875,-0.000139375
-5.0100e-03,-0.0540625,-0.000144688
-5.0000e-03,-0.053125,-0.000582188
-4.9900e-03,-0.0523437,-0.000204063
-4.9800e-03,-0.0517188,-0.000588125
-4.9700e-03,-0.0545313,-0.000134063
-4.9600e-03,-0.05375,-0.000425625
-4.9500e-03,-0.0429688,-0.00018875
-4.9400e-03,-0.0521875,1.28125e-05
-4.9300e-03,-0.0571875,8.78125e-05
-4.9200e-03,-0.0540625,-0.000425938
-4.9100e-03,-0.048125,-0.000505938
-4.9000e-03,-0.05,-2.28125e-05
-4.8900e-03,-0.0464062,-0.0004775
-4.8800e-03,-0.0540625,-0.000460313
-4.8700e-03,-0.0510938,-0.0002975
-4.8600e-03,-0.045,-0.000173438
-4.8500e-03,-0.05,-0.000275625
-4.8400e-03,-0.0532813,3.15625e-05
-4.8300e-03,-0.0559375,-0.000187188
-4.8200e-03,-0.0446875,0.0002225
-4.8100e-03,-0.0501562,-0.000240938
-4.8000e-03,-0.051875,-0.000362188
-4.7900e-03,-0.0478125,-0.00033
-4.7800e-03,-0.045,-0.00051875
-4.7700e-03,-0.0453125,-0.000484063
-4.7600e-03,-0.0470312,-0.000410938
-4.7500e-03,-0.0614062,-4.34375e-05
-4.7400e-03,-0.0445313,-0.000245313
-4.7300e-03,-0.045,-8.5e-05
-4.7200e-03,-0.0514063,9.5625e-05
-4.7100e-03,-0.0451563,-0.000561562
-4.7000e-03,-0.0598438,-0.000460625
-4.6900e-03,-0.0359375,-3.96875e-05
-4.6800e-03,-0.0554687,-0.000244063
-4.6700e-03,-0.0498438,-0.000247813
-4.6600e-03,-0.0589063,0.00012
-4.6500e-03,-0.0554687,9.15625e-05
-4.6400e-03,-0.0434375,0.000136563
-4.6300e-03,-0.0470312,-0.000254688
-4.6200e-03,-0.0428125,-0.000131875
-4.6100e-03,-0.05,8.6875e-05
-4.6000e-03,-0.045,-0.000467188
-4.5900e-03,-0.0510938,9.75e-05
-4.5800e-03,-0.050625,-0.000491563
-4.5700e-03,-0.0573437,-0.00131125
-4.5600e-03,-0.051875,-0.000587813
-4.5500e-03,-0.0526563,0.00013125
-4.5400e-03,-0.0576563,0.000155625
-4.5300e-03,-0.0529687,-0.000498125
-4.5200e-03,-0.0476562,-0.00056
-4.5100e-03,-0.0526563,-0.000345625
-4.5000e-03,-0.05,-5.46875e-05
-4.4900e-03,-0.0473438,0.000417813
-4.4800e-03,-0.0376563,1.8125e-05
-4.4700e-03,-0.043125,-4.78125e-05
-4.4600e-03,-0.041875,0.0001575
-4.4500e-03,-0.05,-0.000441563
-4.4400e-03,-0.05625,-0.000393438
-4.4300e-03,-0.0451563,-0.000134063
-4.4200e-03,-0.0414063,-0.000419688
-4.4100e-03,-0.0432813,-4.3125e-05
-4.4000e-03,-0.0414063,-0.000395
-4.3900e-03,-0.0335937,-0.000754375
-4.3800e-03,-0.0473438,-0.000964375
-4.3700e-03,-0.0367188,-0.000414688
-4.3600e-03,-0.0479688,-0.000334688
-4.3500e-03,-0.0542187,-0.0004825
-4.3400e-03,-0.041875,-0.000789063
-4.3300e-03,-0.0404687,-0.000796563
-4.3200e-03,-0.0426562,-0.000413125
-4.3100e-03,-0.0460938,0.000162188
-4.3000e-03,-0.046875,-0.000187813
-4.2900e-03,-0.044375,-0.000134688
-4.2800e-03,-0.05375,-0.000154688
-4.2700e-03,-0.049375,-0.000243125
-4.2600e-03,-0.0357813,-4.0625e-05
-4.2500e-03,-0.0414063,-0.000425625
-4.2400e-03,-0.0367188,-0.000928438
-4.2300e-03,-0.0515625,-0.000475313
-4.2200e-03,-0.0429688,-0.00036625
-4.2100e-03,-0.0545313,-0.00057625
-4.2000e-03,-0.0478125,-0.000262813
-4.1900e-03,-0.0385937,-0.000588438
-4.1800e-03,-0.0503125,-0.000264063
-4.1700e-03,-0.0384375,-7.03125e-05
-4.1600e-03,-0.0396875,-8.09375e-05
-4.1500e-03,-0.0465625,0.000287188
-4.1400e-03,-0.0629688,-3.875e-05
-4.1300e-03,-0.0495312,0.000136875
-4.1200e-03,-0.0464062,-0.00019625
-4.1100e-03,-0.0442188,0.000170938
-4.1000e-03,-0.0439063,-0.000419375
-4.0900e-03,-0.0378125,-0.00025625
-4.0800e-03,-0.0448438,0.000115313
-4.0700e-03,-0.0498438,-0.00058875
-4.0600e-03,-0.0396875,0.000149375
-4.0500e-03,-0.0479688,-0.000250938
-4.0400e-03,-0.0395313,-0.000145938
-4.0300e-03,-0.055,-0.000619375
-4.0200e-03,-0.0473438,-0.000228125
-4.0100e-03,-0.04375,-5.46875e-05
-4.0000e-03,-0.0501562,-0.000105625
-3.9900e-03,-0.0321875,-9.5625e-05
-3.9800e-03,-0.0473438,-0.000272812
-3.9700e-03,-0.051875,-0.000634063
-3.9600e-03,-0.0440625,-0.000345938
-3.9500e-03,-0.055,-3.28125e-05
-3.9400e-03,-0.0526563,3.75e-06
-3.9300e-03,-0.0532813,5.03125e-05
-3.9200e-03,-0.0476562,0.000174063
-3.9100e-03,-0.0520313,-4.125e-05
-3.9000e-03,-0.0525,6.21875e-05
-3.8900e-03,-0.0448438,-0.000246875
-3.8800e-03,-0.04625,-0.000268438
-3.8700e-03,-0.0485938,0.0001525
-3.8600e-03,-0.0459375,0.000309688
-3.8500e-03,-0.0490625,0.00026875
-3.8400e-03,-0.0414063,-0.000551563
-3.8300e-03,-0.0467188,-0.000182188
-3.8200e-03,-0.0453125,-0.000349063
-3.8100e-03,-0.0403125,-0.000195
-3.8000e-03,-0.0498438,-0.000337813
-3.7900e-03,-0.0432813,-0.000486563
-3.7800e-03,-0.0425,-0.000177188
-3.7700e-03,-0.05375,0.000517813
-3.7600e-03,-0.0417187,-0.000484375
-3.7500e-03,-0.0460938,-0.00046125
-3.7400e-03,-0.05125,0.000295313
-3.7300e-03,-0.0515625,9.375e-07
-3.7200e-03,-0.0567187,2.5e-05
-3.7100e-03,-0.0446875,-8.0625e-05
-3.7000e-03,-0.0467188,-0.000415
-3.6900e-03,-0.0425,-0.000885
-3.6800e-03,-0.0417187,-0.000149375
-3.6700e-03,-0.0535937,-0.000662188
-3.6600e-03,-0.0504687,-0.00106969
-3.6500e-03,-0.059375,-0.000679688
-3.6400e-03,-0.0532813,-9.75e-05
-3.6300e-03,-0.0453125,-4.4375e-05
-3.6200e-03,-0.0440625,-0.000550937
-3.6100e-03,-0.049375,-0.000517188
-3.6000e-03,-0.036875,-0.000225938
-3.5900e-03,-0.0526563,6.25e-07
-3.5800e-03,-0.0457813,-3.90625e-05
-3.5700e-03,-0.0478125,0.0004425
-3.5600e-03,-0.0507812,-0.000318438
-3.5500e-03,-0.0407813,-0.000155625
-3.5400e-03,-0.0390625,-0.000769063
-3.5300e-03,-0.0403125,-2.5e-05
-3.5200e-03,-0.0484375,4.65625e-05
-3.5100e-03,-0.0417187,-0.000149687
-3.5000e-03,-0.0479688,0.00036875
-3.4900e-03,-0.0428125,4.53125e-05
-3.4800e-03,-0.0570313,-0.000133438
-3.4700e-03,-0.054375,-0.000202188
-3.4600e-03,-0.05125,6.0625e-05
-3.4500e-03,-0.0595313,-0.000508125
-3.4400e-03,-0.0495312,-0.000517188
-3.4300e-03,-0.0514063,-0.000574375
-3.4200e-03,-0.0559375,-0.000724063
-3.4100e-03,-0.0414063,-3.5625e-05
-3.4000e-03,-0.0559375,-0.000213438
-3.3900e-03,-0.0546875,0.0002
-3.3800e-03,-0.0585938,-0.00026
-3.3700e-03,-0.0470312,-0.000246563
-3.3600e-03,-0.051875,-0.000337188
-3.3500e-03,-0.055,-6.34375e-05
-3.3400e-03,-0.045625,0.000334375
-3.3300e-03,-0.0509375,0.000524375
-3.3200e-03,-0.0428125,0.000401875
-3.3100e-03,-0.0446875,0.000339375
-3.3000e-03,-0.0489062,-2.46875e-05
-3.2900e-03,-0.0510938,4.78125e-05
-3.2800e-03,-0.0545313,-0.0001225
-3.2700e-03,-0.0440625,-9.84375e-05
-3.2600e-03,-0.05375,-0.000145938
-3.2500e-03,-0.0442188,-0.000252188
-3.2400e-03,-0.05875,-0.000513125
-3.2300e-03,-0.0503125,-0.000709688
-3.2200e-03,-0.046875,-0.000125625
-3.2100e-03,-0.0476562,-0.000365625
-3.2000e-03,-0.04375,0.000289063
-3.1900e-03,-0.05875,-0.000129375
-3.1800e-03,-0.0498438,-8.1875e-05
-3.1700e-03,-0.044375,0.000282813
-3.1600e-03,-0.0423437,-9.71875e-05
-3.1500e-03,-0.0371875,0.000365313
-3.1400e-03,-0.05,-0.00053625
-3.1300e-03,-0.0489062,-0.000234375
-3.1200e-03,-0.0440625,0.000558438
-3.1100e-03,-0.0464062,-0.000270625
-3.1000e-03,-0.055625,-0.00060875
-3.0900e-03,-0.0467188,0.00026625
-3.0800e-03,-0.0420312,0.00024625
-3.0700e-03,-0.0557813,-0.000480625
-3.0600e-03,-0.0615625,-0.0002175
-3.0500e-03,-0.04875,-0.00108156
-3.0400e-03,-0.0423437,-0.000601875
-3.0300e-03,-0.05125,-0.000788125
-3.0200e-03,-0.0525,-0.000651875
-3.0100e-03,-0.046875,-6.59375e-05
-3.0000e-03,-0.05375,-4.25e-05
-2.9900e-03,-0.0404687,-1.625e-05
-2.9800e-03,-0.0571875,-0.00045125
-2.9700e-03,-0.0435938,0.000300938
-2.9600e-03,-0.0635938,0.000395
-2.9500e-03,-0.0467188,-0.000371875
-2.9400e-03,-0.0490625,-1.78125e-05
-2.9300e-03,-0.0473438,-0.000473125
-2.9200e-03,-0.0492188,0.00021375
-2.9100e-03,-0.0604688,0.000415313
-2.9000e-03,-0.0501562,3.5e-05
-2.8900e-03,-0.0451563,-0.000624375
-2.8800e-03,-0.0539063,-0.000323125
-2.8700e-03,-0.0520313,-0.000569688
-2.8600e-03,-0.0539063,-0.000151875
-2.8500e-03,-0.0529687,0.000156563
-2.8400e-03,-0.0414063,-0.0005325
-2.8300e-03,-0.0384375,-0.000466875
-2.8200e-03,-0.0560937,-0.000384375
-2.8100e-03,-0.0475,-0.000245625
-2.8000e-03,-0.046875,-0.00050875
-2.7900e-03,-0.049375,0.00013
-2.7800e-03,-0.06375,-0.0001
-2.7700e-03,-0.0451563,0.000685313
-2.7600e-03,-0.0529687,0.000219688
-2.7500e-03,-0.0401563,0.000203125
-2.7400e-03,-0.0579687,9.84375e-05
-2.7300e-03,-0.0454688,0.000658438
-2.7200e-03,-0.0470312,0.000343125
-2.7100e-03,-0.0592188,0.000552813
-2.7000e-03,-0.0440625,0.0001625
-2.6900e-03,-0.0421875,9.4375e-05
-2.6800e-03,-0.0540625,-0.000182188
-2.6700e-03,-0.045,-0.00025625
-2.6600e-03,-0.05375,-0.000334063
-2.6500e-03,-0.0503125,-0.000132813
-2.6400e-03,-0.0551563,-8.625e-05
-2.6300e-03,-0.0523437,0.000242188
-2.6200e-03,-0.0548437,0.000209688
-2.6100e-03,-0.0579687,-0.000188125
-2.6000e-03,-0.0529687,-0.000625
-2.5900e-03,-0.0489062,-0.0005925
-2.5800e-03,-0.04875,-0.000124688
-2.5700e-03,-0.039375,4.0625e-06
-2.5600e-03,-0.051875,3.1875e-05
-2.5500e-03,-0.0409375,-0.000179063
-2.5400e-03,-0.0525,0.000333125
-2.5300e-03,-0.0495312,-0.000139062
-2.5200e-03,-0.0579687,0.00017875
-2.5100e-03,-0.0445313,-0.000379688
-2.5000e-03,-0.0473438,0.000116563
-2.4900e-03,-0.0501562,0.000138438
-2.4800e-03,-0.0514063,-0.000102188
-2.4700e-03,-0.0528125,5.90625e-05
-2.4600e-03,-0.0440625,-0.000487188
-2.4500e-03,-0.05125,-3.8125e-05
-2.4400e-03,-0.0598438,-0.000420313
-2.4300e-03,-0.0509375,8.125e-06
-2.4200e-03,-0.0523437,-0.000518125
-2.4100e-03,-0.0534375,-0.0003525
-2.4000e-03,-0.0421875,-0.000395313
-2.3900e-03,-0.0596875,-0.000150625
-2.3800e-03,-0.068125,-0.000475938
-2.3700e-03,-0.0446875,0.000265313
-2.3600e-03,-0.0428125,0.00066125
-2.3500e-03,-0.054375,-6.71875e-05
-2.3400e-03,-0.0409375,-0.000538125
-2.3300e-03,-0.0528125,-0.000318438
-2.3200e-03,-0.0567187,-0.0006925
-2.3100e-03,-0.0439063,-3.34375e-05
-2.3000e-03,-0.0532813,3.09375e-05
-2.2900e-03,-0.056875,-0.0002275
-2.2800e-03,-0.0545313,-0.00020375
-2.2700e-03,-0.0532813,-0.0006725
-2.2600e-03,-0.0448438,-0.000339063
-2.2500e-03,-0.0423437,8.125e-06
-2.2400e-03,-0.051875,-0.000364375
-2.2300e-03,-0.0542187,-0.000271563
-2.2200e-03,-0.038125,-0.000524063
-2.2100e-03,-0.0532813,2.1875e-05
-2.2000e-03,-0.0525,0.00040875
-2.1900e-03,-0.0526563,-0.000164688
-2.1800e-03,-0.0517188,-0.000510937
-2.1700e-03,-0.0389063,0.00015
-2.1600e-03,-0.0557813,0.0003275
-2.1500e-03,-0.051875,9.0625e-05
-2.1400e-03,-0.0520313,-9.78125e-05
-2.1300e-03,-0.0473438,0.000265625
-2.1200e-03,-0.0510938,0.00031
-2.1100e-03,-0.0465625,-0.00057125
-2.1000e-03,-0.0445313,-0.00022
-2.0900e-03,-0.045,-0.000401563
-2.0800e-03,-0.0465625,-0.0003775
-2.0700e-03,-0.0509375,-0.000109375
-2.0600e-03,-0.0426562,-2e-05
-2.0500e-03,-0.0454688,-0.000558125
-2.0400e-03,-0.0625,-0.0005225
-2.0300e-03,-0.0464062,-0.00045
-2.0200e-03,-0.0495312,-0.000527188
-2.0100e-03,-0.0510938,0.000238125
-2.0000e-03,-0.0460938,-0.000172188
-1.9900e-03,-0.0514063,-0.000549375
-1.9800e-03,-0.0498438,-0.000524063
-1.9700e-03,-0.045625,-0.00059625
-1.9600e-03,-0.0429688,-0.000172188
-1.9500e-03,-0.0521875,0.000220625
-1.9400e-03,-0.0485938,0.000401563
-1.9300e-03,-0.0482812,-0.000524688
-1.9200e-03,-0.0396875,-0.000385625
-1.9100e-03,-0.041875,0
-1.9000e-03,-0.051875,-0.000326563
-1.8900e-03,-0.0392187,-0.000650938
-1.8800e-03,-0.0465625,0.000250938
-1.8700e-03,-0.0409375,0.000185938
-1.8600e-03,-0.0615625,-0.000168125
-1.8500e-03,-0.0542187,4.875e-05
-1.8400e-03,-0.0576563,-0.000214375
-1.8300e-03,-0.0567187,-0.000181563
-1.8200e-03,-0.0467188,-7.75e-05
-1.8100e-03,-0.0520313,0.000388125
-1.8000e-03,-0.0507812,0.000446875
-1.7900e-03,-0.0495312,0.00024
-1.7800e-03,-0.0482812,0.000412813
-1.7700e-03,-0.0492188,-1.3125e-05
-1.7600e-03,-0.0540625,-0.000569688
-1.7500e-03,-0.0446875,-0.000552188
-1.7400e-03,-0.0420312,-0.000581875
-1.7300e-03,-0.0525,1.84375e-05
-1.7200e-03,-0.0515625,-0.000163438
-1.7100e-03,-0.0453125,-0.00026375
-1.7000e-03,-0.0525,5e-05
-1.6900e-03,-0.0623438,0.000185938
-1.6800e-03,-0.0514063,-0.00022375
-1.6700e-03,-0.0445313,0.000295
-1.6600e-03,-0.0520313,-0.000375938
-1.6500e-03,-0.0476562,-5.25e-05
-1.6400e-03,-0.0592188,-0.0003925
-1.6300e-03,-0.0448438,-0.000442813
-1.6200e-03,-0.0565625,-0.00016625
-1.6100e-03,-0.0520313,8.46875e-05
-1.6000e-03,-0.0501562,0.00031875
-1.5900e-03,-0.044375,-8.84375e-05
-1.5800e-03,-0.0453125,0.00018625
-1.5700e-03,-0.050625,0.0002325
-1.5600e-03,-0.0567187,0.00028
-1.5500e-03,-0.0389063,2.8125e-06
-1.5400e-03,-0.0570313,2.96875e-05
-1.5300e-03,-0.035625,4.03125e-05
-1.5200e-03,-0.043125,-0.000262813
-1.5100e-03,-0.0514063,-0.00036875
-1.5000e-03,-0.0515625,-0.000735313
-1.4900e-03,-0.0457813,0.000238125
-1.4800e-03,-0.0532813,1.8125e-05
-1.4700e-03,-0.05,-0.000674063
-1.4600e-03,-0.054375,0.000102813
-1.4500e-03,-0.048125,0.0002775
-1.4400e-03,-0.0526563,4.375e-06
-1.4300e-03,-0.0459375,-3.3125e-05
-1.4200e-03,-0.0373438,-0.00027375
-1.4100e-03,-0.0320312,-0.000347188
-1.4000e-03,-0.0545313,5.34375e-05
-1.3900e-03,-0.04375,-6.96875e-05
-1.3800e-03,-0.054375,-0.0002875
-1.3700e-03,-0.0454688,0.000127188
-1.3600e-03,-0.0554687,7.15625e-05
-1.3500e-03,-0.0429688,-0.000254063
-1.3400e-03,-0.0592188,-0.000472188
-1.3300e-03,-0.05,-0.0008075
-1.3200e-03,-0.0348437,-0.0007625
-1.3100e-03,-0.0504687,-0.000260938
-1.3000e-03,-0.051875,-0.000415313
-1.2900e-03,-0.0551563,8.625e-05
-1.2800e-03,-0.0492188,-0.000558438
-1.2700e-03,-0.0440625,0.000115313
-1.2600e-03,-0.05625,1.34375e-05
-1.2500e-03,-0.0451563,2.5e-05
-1.2400e-03,-0.056875,-0.000186563
-1.2300e-03,-0.0439063,2.5e-05
-1.2200e-03,-0.044375,-0.000154063
-1.2100e-03,-0.049375,2.5e-06
-1.2000e-03,-0.0534375,-0.000237813
-1.1900e-03,-0.046875,-0.00037
-1.1800e-03,-0.0484375,-0.000214063
-1.1700e-03,-0.0542187,-8.28125e-05
-1.1600e-03,-0.0542187,-0.000541875
-1.1500e-03,-0.0442188,-0.000750938
-1.1400e-03,-0.0410937,-0.0001025
-1.1300e-03,-0.0451563,-0.000210938
-1.1200e-03,-0.0401563,7.875e-05
-1.1100e-03,-0.051875,0.00025625
-1.1000e-03,-0.0571875,0.000234063
-1.0900e-03,-0.0445313,-0.000299063
-1.0800e-03,-0.0470312,-0.000257813
-1.0700e-03,-0.0515625,-0.000485313
-1.0600e-03,-0.0421875,-0.000370313
-1.0500e-03,-0.046875,-0.00035625
-1.0400e-03,-0.04625,0.000135625
-1.0300e-03,-0.0529687,-0.000399688
-1.0200e-03,-0.0354688,-0.000250313
-1.0100e-03,-0.0345312,0.000161563
-1.0000e-03,-0.0498438,0.000186875
-9.9000e-04,-0.0503125,1.53125e-05
-9.8000e-04,-0.0579687,-0.000267188
-9.7000e-04,-0.0526563,-0.000278125
-9.6000e-04,-0.0520313,-0.00025
-9.5000e-04,-0.0560937,-0.000559688
-9.4000e-04,-0.0476562,-5.59375e-05
-9.3000e-04,-0.0417187,-0.000197188
-9.2000e-04,-0.0384375,-0.000381875
-9.1000e-04,-0.0426562,-0.000367188
-9.0000e-04,-0.059375,5.46875e-05
-8.9000e-04,-0.0465625,0.0002475
-8.8000e-04,-0.03625,-0.000222813
-8.7000e-04,-0.0498438,0.000135625
-8.6000e-04,-0.0492188,1.65625e-05
-8.5000e-04,-0.038125,-0.000671875
-8.4000e-04,-0.0440625,-0.000651563
-8.3000e-04,-0.0495312,6.6875e-05
-8.2000e-04,-0.05125,-0.000305313
-8.1000e-04,-0.046875,-3.75e-05
-8.0000e-04,-0.056875,0.000213438
-7.9000e-04,-0.0560937,-0.00033375
-7.8000e-04,-0.0529687,0.000163438
-7.7000e-04,-0.0428125,-0.000754375
-7.6000e-04,-0.0434375,-0.000343125
-7.5000e-04,-0.0498438,0.00021125
-7.4000e-04,-0.051875,-0.00041125
-7.3000e-04,-0.0353125,-0.000758438
-7.2000e-04,-0.0453125,-0.000519375
-7.1000e-04,-0.0509375,-0.000164063
-7.0000e-04,-0.0459375,-0.000335313
-6.9000e-04,-0.0467188,4.875e-05
-6.8000e-04,-0.038125,0.000312188
-6.7000e-04,-0.0428125,-0.000297188
-6.6000e-04,-0.0401563,-0.000894688
-6.5000e-04,-0.0579687,-0.000220938
-6.4000e-04,-0.04875,-0.000431563
-6.3000e-04,-0.060625,-0.000200625
-6.2000e-04,-0.04875,0.000179375
-6.1000e-04,-0.0448438,0.000215313
-6.0000e-04,-0.0420312,-0.000171875
-5.9000e-04,-0.045,-0.000235
-5.8000e-04,-0.05,-0.000119063
-5.7000e-04,-0.0615625,0.000290313
-5.6000e-04,-0.0571875,0.000192813
-5.5000e-04,-0.0570313,-7.125e-05
-5.4000e-04,-0.0540625,-0.000729375
-5.3000e-04,-0.044375,-0.000158438
-5.2000e-04,-0.0545313,5.65625e-05
-5.1000e-04,-0.0403125,-0.000373125
-5.0000e-04,-0.0442188,-0.000293125
-4.9000e-04,-0.0529687,-0.000486563
-4.8000e-04,-0.046875,-0.000135938
-4.7000e-04,-0.0475,-8.34375e-05
-4.6000e-04,-0.055625,-0.00028625
-4.5000e-04,-0.0457813,-0.000627188
-4.4000e-04,-0.0648438,-0.0006825
-4.3000e-04,-0.046875,-0.000109063
-4.2000e-04,-0.036875,-3.03125e-05
-4.1000e-04,-0.0485938,-0.000172813
-4.0000e-04,-0.0557813,-0.000160938
-3.9000e-04,-0.0420312,-0.0005475
-3.8000e-04,-0.0578125,-0.000249063
-3.7000e-04,-0.048125,0.000372188
-3.6000e-04,-0.0546875,0.000129375
-3.5000e-04,-0.0423437,-8.59375e-05
-3.4000e-04,-0.0442188,-0.000520313
-3.3000e-04,-0.0479688,-0.000328438
-3.2000e-04,-0.0379688,-0.000574688
-3.1000e-04,-0.0551563,-0.000157188
-3.0000e-04,-0.0435938,-0.000291563
-2.9000e-04,-0.045625,0.00013125
-2.8000e-04,-0.0435938,-6.90625e-05
-2.7000e-04,-0.0409375,-0.000243125
-2.6000e-04,-0.0534375,6.375e-05
-2.5000e-04,-0.0528125,-0.000551875
-2.4000e-04,-0.0498438,-0.000509375
-2.3000e-04,-0.050625,4.40625e-05
-2.2000e-04,-0.0420312,5.625e-05
-2.1000e-04,-0.0470312,-0.000468125
-2.0000e-04,-0.051875,-0.000315625
-1.9000e-04,-0.048125,-0.000187188
-1.8000e-04,-0.0478125,0.000375938
-1.7000e-04,-0.051875,9.40625e-05
-1.6000e-04,-0.0459375,8.9375e-05
-1.5000e-04,-0.053125,-0.000370938
-1.4000e-04,-0.0459375,-0.000618438
-1.3000e-04,-0.0529687,-0.00032
-1.2000e-04,-0.048125,-0.000621563
-1.1000e-04,-0.0459375,0.000127188
-1.0000e-04,-0.0603125,0.000355625
-9.0000e-05,-0.0526563,-8.96875e-05
-8.0000e-05,-0.0548437,-0.000131875
-7.0000e-05,-0.0514063,-0.0001475
-6.0000e-05,-0.0484375,0.000126875
-5.0000e-05,-0.0498438,8.4375e-05
-4.0000e-05,-0.0445313,-0.00069375
-3.0000e-05,-0.0470312,0.000504688
-2.0000e-05,-0.0482812,0.000149687
-1.0000e-05,-0.0521875,-0.000325313
-0.0000e+00,-0.045,-0.000555313
1.0000e-05,-0.0614062,-0.000954688
2.0000e-05,-0.0460938,-0.000677813
3.0000e-05,-0.048125,-0.000805625
4.0000e-05,-0.0570313,-8.9375e-05
5.0000e-05,-0.05375,-0.000335313
6.0000e-05,-0.04875,9.40625e-05
7.0000e-05,-0.0546875,-5.03125e-05
8.0000e-05,-0.0557813,-5.625e-06
9.0000e-05,-0.0554687,-7.46875e-05
1.0000e-04,-0.0385937,-6.21875e-05
1.1000e-04,-0.0492188,-3.90625e-05
1.2000e-04,-0.05625,-0.000209063
1.3000e-04,-0.0510938,0.000184375
1.4000e-04,-0.0446875,-0.00077
1.5000e-04,-0.0453125,-7.65625e-05
1.6000e-04,-0.046875,-7e-05
1.7000e-04,-0.04625,-0.000406875
1.8000e-04,-0.0423437,0.000177813
1.9000e-04,-0.0592188,0.0001975
2.0000e-04,-0.050625,0.00012375
2.1000e-04,-0.0414063,-3.03125e-05
2.2000e-04,-0.061875,0.000237813
2.3000e-04,-0.0564063,0.000164375
2.4000e-04,-0.0601562,0.000159688
2.5000e-04,-0.0395313,-0.000429688
2.6000e-04,-0.0567187,-0.000285
2.7000e-04,-0.0625,0.000428125
2.8000e-04,-0.0479688,0.0002125
2.9000e-04,-0.0484375,0.000158438
3.0000e-04,-0.0457813,-2.25e-05
3.1000e-04,-0.0546875,-2.03125e-05
3.2000e-04,-0.0479688,-8.34375e-05
3.3000e-04,-0.0534375,7.21875e-05
3.4000e-04,-0.0564063,9.96875e-05
3.5000e-04,-0.0407813,-0.000647813
3.6000e-04,-0.044375,-0.000700625
3.7000e-04,-0.0528125,-0.000959688
3.8000e-04,-0.0603125,-0.00042375
3.9000e-04,-0.0464062,-0.00017875
4.0000e-04,-0.04625,-0.00032125
4.1000e-04,-0.0384375,-0.000228438
4.2000e-04,-0.0476562,-0.00015625
4.3000e-04,-0.0557813,-0.000365938
4.4000e-04,-0.0307813,-0.0002525
4.5000e-04,-0.0521875,-0.000260625
4.6000e-04,-0.05125,-0.000176563
4.7000e-04,0.04125,-0.00012125
4.8000e-04,0.668281,-0.00233219
4.9000e-04,0.289844,-0.00561313
5.0000e-04,0.06625,-0.00629344
5.1000e-04,0.107656,-0.00619
5.2000e-04,0.0907812,-0.00601313
5.3000e-04,0.0903125,-0.00618563
5.4000e-04,0.0698437,-0.00610094
5.5000e-04,0.0701563,-0.00598344
5.6000e-04,0.0609375,-0.00610625
5.7000e-04,0.055625,-0.00603438
5.8000e-04,0.0392187,-0.00616188
5.9000e-04,0.0479688,-0.00609031
6.0000e-04,0.0348438,-0.00611813
6.1000e-04,0.0403125,-0.00611281
6.2000e-04,0.0328125,-0.00605781
6.3000e-04,0.0228125,-0.00593656
6.4000e-04,0.0278125,-0.00601781
6.5000e-04,0.0239063,-0.00606406
6.6000e-04,0.0201562,-0.00612719
6.7000e-04,0.02625,-0.00590531
6.8000e-04,0.0192188,-0.00611313
6.9000e-04,0.0215625,-0.00599188
7.0000e-04,0.0204687,-0.00592
7.1000e-04,0.02125,-0.00706375
7.2000e-04,0.0215625,-0.000102813
7.3000e-04,0.0096875,0.00970281
7.4000e-04,0.0165625,0.009815
7.5000e-04,0.016875,0.00612094
7.6000e-04,0.00828125,-0.00703719
7.7000e-04,0.0253125,-0.0098525
7.8000e-04,0.0090625,-0.0073675
7.9000e-04,0.0059375,0.00360969
8.0000e-04,0.0134375,0.00960906
8.1000e-04,0.00703125,0.00765688
8.2000e-04,0.00625,-0.00248094
8.3000e-04,0.018125,-0.009585
8.4000e-04,0.014375,-0.00893313
8.5000e-04,0.000625,-0.000850313
8.6000e-04,0.0096875,0.00766719
8.7000e-04,0.0025,0.00831625
8.8000e-04,-0.003125,0.00163469
8.9000e-04,0.00421875,-0.00648125
9.0000e-04,0.00109375,-0.00905437
9.1000e-04,-0.00140625,-0.00392938
9.2000e-04,0.00421875,0.00418406
9.3000e-04,0.00125,0.00804219
9.4000e-04,0.000625,0.00493313
9.5000e-04,0.0090625,-0.00226531
9.6000e-04,0.00578125,-0.00683125
9.7000e-04,0.00515625,-0.00599719
9.8000e-04,0.00296875,-0.00059625
9.9000e-04,-0.00578125,0.0054275
1.0000e-03,-0.0009375,0.00564719
1.0100e-03,0.001875,0.000950938
1.0200e-03,-0.0028125,-0.00438
1.0300e-03,-0.00515625,-0.00641313
1.0400e-03,-0.00578125,-0.00334156
1.0500e-03,-0.00890625,0.0015725
1.0600e-03,-0.00390625,0.00489656
1.0700e-03,-0.0021875,0.00313094
1.0800e-03,-0.0121875,-0.000665
1.0900e-03,0.00390625,-0.00404688
1.1000e-03,-0.0025,-0.00424906
1.1100e-03,0.00046875,-0.000595
1.1200e-03,0.00375,0.00277344
1.1300e-03,0.0021875,0.00342719
1.1400e-03,-0.0134375,0.00110063
1.1500e-03,-0.00484375,-0.00228781
1.1600e-03,-0.0107813,-0.00345094
1.1700e-03,-0.015625,-0.00243281
1.1800e-03,-0.0034375,0.001085
1.1900e-03,-0.0185937,0.00261281
1.2000e-03,0.00296875,0.0021525
1.2100e-03,-0.00734375,0.000122188
1.2200e-03,0.00203125,-0.00194313
1.2300e-03,-0.0128125,-0.00322281
1.2400e-03,0.003125,-0.000954375
1.2500e-03,-0.0128125,0.00160125
1.2600e-03,-0.024375,0.00210344
1.2700e-03,-0.01125,0.00131094
1.2800e-03,-0.00234375,-0.00121156
1.2900e-03,-0.0115625,-0.00264344
1.3000e-03,-0.0126563,-0.00227031
1.3100e-03,-0.0110937,-0.000243125
1.3200e-03,-0.01125,0.00129531
1.3300e-03,-0.011875,0.00173469
1.3400e-03,-0.0025,0.000553438
1.3500e-03,-0.0173438,-0.00142031
1.3600e-03,-0.0178125,-0.00260188
1.3700e-03,-0.0209375,-0.00130688
1.3800e-03,-0.0123438,0.0001
1.3900e-03,-0.00125,0.00151125
1.4000e-03,-0.0195312,0.00139938
1.4100e-03,-0.00578125,-0.000512188
1.4200e-03,-0.01875,-0.00146125
1.4300e-03,-0.00859375,-0.00203969
1.4400e-03,-0.0059375,-0.000998437
1.4500e-03,-0.00515625,0.0006125
1.4600e-03,-0.0128125,0.0011675
1.4700e-03,-0.0115625,0.000196563
1.4800e-03,-0.0040625,-0.00079875
1.4900e-03,-0.005,-0.00194969
1.5000e-03,-0.0184375,-0.00190375
1.5100e-03,-0.0065625,1.3125e-05
1.5200e-03,-0.019375,0.000672188
1.5300e-03,-0.0159375,0.00150063
1.5400e-03,-0.0167188,0.000973125
1.5500e-03,-0.0254688,-0.00124156
1.5600e-03,-0.0189062,-0.00182563
1.5700e-03,-0.0154687,-0.0011525
1.5800e-03,-0.0128125,-8.90625e-05
1.5900e-03,-0.0110937,0.00110688
1.6000e-03,-0.0140625,0.000900625
1.6100e-03,-0.011875,-0.000279375
1.6200e-03,-0.0132813,-0.00137156
1.6300e-03,-0.019375,-0.00136844
1.6400e-03,-0.0101563,-0.000315
1.6500e-03,-0.018125,0.000861875
1.6600e-03,-0.0134375,0.00125469
1.6700e-03,-0.0071875,0.000360625
1.6800e-03,-0.0228125,-0.000535625
1.6900e-03,-0.013125,-0.00182719
1.7000e-03,-0.0167188,-0.00138063
1.7100e-03,-0.020625,-0.000333438
1.7200e-03,-0.028125,0.000359375
1.7300e-03,-0.0109375,0.000705
1.7400e-03,-0.02,-2.8125e-05
1.7500e-03,-0.01625,-0.00132
1.7600e-03,-0.0240625,-0.001915
1.7700e-03,-0.01375,-0.00114219
1.7800e-03,-0.0217188,0.000327188
1.7900e-03,-0.0260937,0.00128625
1.8000e-03,-0.0221875,0.000319688
1.8100e-03,-0.0257812,-0.000436875
1.8200e-03,-0.01875,-0.00191906
1.8300e-03,-0.0129688,-0.00113344
1.8400e-03,-0.0209375,-0.000610313
1.8500e-03,-0.0139063,0.0009775
1.8600e-03,-0.0184375,0.00127656
1.8700e-03,-0.0101563,0.0006075
1.8800e-03,-0.0228125,-0.000493438
1.8900e-03,-0.0190625,-0.00145469
1.9000e-03,-0.0265625,-0.00122344
1.9100e-03,-0.0240625,-0.00020875
1.9200e-03,-0.0271875,0.00052875
1.9300e-03,-0.0204688,0.000529375
1.9400e-03,-0.0334375,-0.00048125
1.9500e-03,-0.0275,-0.00110063
1.9600e-03,-0.0201563,-0.00099375
1.9700e-03,-0.0221875,-0.00065
1.9800e-03,-0.0267187,0.000475938
1.9900e-03,-0.0271875,0.00120219
2.0000e-03,-0.0240625,0.00052875
2.0100e-03,-0.0253125,-0.000431875
2.0200e-03,-0.0009375,-0.00126781
2.0300e-03,-0.0179687,-0.00119906
2.0400e-03,-0.019375,-0.000146563
2.0500e-03,-0.0192187,0.0009775
2.0600e-03,-0.0228125,0.0011775
2.0700e-03,-0.0340625,-4.59375e-05
2.0800e-03,-0.0192187,-0.000884375
2.0900e-03,-0.0165625,-0.00071375
2.1000e-03,-0.025,-0.000498438
2.1100e-03,-0.0210938,0.00091625
2.1200e-03,-0.0242188,0.000840625
2.1300e-03,-0.00828125,-0.000130313
2.1400e-03,-0.0128125,-0.000709688
2.1500e-03,-0.0270312,-0.00109156
2.1600e-03,-0.0245313,-0.000606563
2.1700e-03,-0.008125,-0.000216563
2.1800e-03,-0.0203125,0.0006675
2.1900e-03,-0.0242188,0.000544688
2.2000e-03,-0.0203125,-0.000568438
2.2100e-03,-0.0121875,-0.000934063
2.2200e-03,-0.0309375,-0.00035375
2.2300e-03,-0.015,-0.000147188
2.2400e-03,-0.0232812,0.000532813
2.2500e-03,-0.0228125,0.00113438
2.2600e-03,-0.0214063,-0.000377188
2.2700e-03,-0.02,-0.000651875
2.2800e-03,-0.0320312,-0.000102188
2.2900e-03,-0.0273438,-0.000268438
2.3000e-03,-0.03,-0.000276875
2.3100e-03,-0.0301563,-0.000124688
2.3200e-03,-0.0234375,0.000133125
2.3300e-03,-0.024375,-0.000180625
2.3400e-03,-0.0189062,-0.000471875
2.3500e-03,-0.0201563,-0.000840938
2.3600e-03,-0.0178125,-0.000447188
2.3700e-03,-0.0276563,-0.000108125
2.3800e-03,-0.0207813,-0.000402188
2.3900e-03,-0.0084375,-9.6875e-06
2.4000e-03,-0.0351562,-0.00049625
2.4100e-03,-0.0201563,-0.00010125
2.4200e-03,-0.0225,-0.000468125
2.4300e-03,-0.0367188,-0.000274375
2.4400e-03,-0.0270312,-0.0001875
2.4500e-03,-0.01875,8.15625e-05
2.4600e-03,-0.0153125,0.000775938
2.4700e-03,-0.0209375,0.000250938
2.4800e-03,-0.034375,-0.000582188
2.4900e-03,-0.0278125,-0.000258125
2.5000e-03,-0.016875,0.0004325
2.5100e-03,-0.0125,6.65625e-05
2.5200e-03,-0.0185937,0.000189063
2.5300e-03,-0.0178125,0.000409688
2.5400e-03,-0.0170313,0.000367188
2.5500e-03,-0.026875,-0.000658125
2.5600e-03,-0.0235938,5.75e-05
2.5700e-03,-0.0270312,6.53125e-05
2.5800e-03,-0.0323438,0.000366563
2.5900e-03,-0.0248438,-4.375e-05
2.6000e-03,-0.0392187,0.000393125
2.6100e-03,-0.0223437,-0.000179063
2.6200e-03,-0.0157813,-0.00051375
2.6300e-03,-0.029375,-7.6875e-05
2.6400e-03,-0.021875,5.125e-05
2.6500e-03,-0.0271875,-0.00037
2.6600e-03,-0.0289063,0.000421875
2.6700e-03,-0.0278125,9.90625e-05
2.6800e-03,-0.0440625,-0.000225625
2.6900e-03,-0.0284375,-0.000134063
2.7000e-03,-0.0220313,-0.000487813
2.7100e-03,-0.0221875,0.000236875
2.7200e-03,-0.0254688,-0.000197813
2.7300e-03,-0.0379688,-0.000450938
2.7400e-03,-0.024375,-0.0006325
2.7500e-03,-0.0167188,-0.00118219
2.7600e-03,-0.0275,-0.00112563
2.7700e-03,-0.0328125,-4.53125e-05
2.7800e-03,-0.0282813,-0.00044
2.7900e-03,-0.0365625,-0.00032125
2.8000e-03,-0.0248438,-0.00046625
2.8100e-03,-0.0232812,-0.000247813
2.8200e-03,-0.018125,-0.00033625
2.8300e-03,-0.0359375,-0.000148438
2.8400e-03,-0.02625,1.46875e-05
2.8500e-03,-0.0245313,0.000607813
2.8600e-03,-0.0353125,0.000215625
2.8700e-03,-0.0382813,-0.000386875
2.8800e-03,-0.0270312,-0.000232188
2.8900e-03,-0.0279688,-0.000192188
2.9000e-03,-0.03375,0.00048625
2.9100e-03,-0.0278125,0.000213125
2.9200e-03,-0.0273438,0.000322188
2.9300e-03,-0.023125,-0.000224063
2.9400e-03,-0.0304688,-0.000236875
2.9500e-03,-0.02875,-0.000661875
2.9600e-03,-0.02,-0.000344688
2.9700e-03,-0.0326562,0.000196875
2.9800e-03,-0.0328125,-0.00019125
2.9900e-03,-0.0203125,-0.000249375
3.0000e-03,-0.029375,-0.0006525
3.0100e-03,-0.0204688,-0.000677813
3.0200e-03,-0.0153125,-0.000159375
3.0300e-03,-0.0253125,-0.000500625
3.0400e-03,-0.0357813,0.00016625
3.0500e-03,-0.0320312,-0.000234688
3.0600e-03,-0.040625,-0.000257188
3.0700e-03,-0.0267187,-0.000335625
3.0800e-03,-0.0307813,-0.000569063
3.0900e-03,-0.0351562,-0.000178438
3.1000e-03,-0.0275,-0.00021125
3.1100e-03,-0.0285938,0.000190313
3.1200e-03,-0.0232812,-0.000160625
3.1300e-03,-0.0296875,-0.00069
3.1400e-03,-0.0385937,-0.00142813
3.1500e-03,-0.0323438,-0.00129031
3.1600e-03,-0.0228125,-0.000106875
3.1700e-03,-0.0301563,0.00012125
3.1800e-03,-0.0254688,0.000297813
3.1900e-03,-0.0378125,0.0004225
3.2000e-03,-0.0310937,-0.00056125
3.2100e-03,-0.0210938,-0.000383125
3.2200e-03,-0.014375,-0.000364375
3.2300e-03,-0.0240625,-0.000689688
3.2400e-03,-0.0360938,-0.000609688
3.2500e-03,-0.0325,-3.65625e-05
3.2600e-03,-0.0398437,-0.000375
3.2700e-03,-0.03125,-0.00050875
3.2800e-03,-0.0410937,-0.0007425
3.2900e-03,-0.025,-0.000171563
3.3000e-03,-0.02625,0.000183438
3.3100e-03,-0.03875,-0.000115938
3.3200e-03,-0.0182812,3.5e-05
3.3300e-03,-0.028125,-6.8125e-05
3.3400e-03,-0.020625,-0.000470313
3.3500e-03,-0.0223437,-0.000604375
3.3600e-03,-0.0328125,-0.000110625
3.3700e-03,-0.0246875,-0.000229688
3.3800e-03,-0.0453125,-0.000242188
3.3900e-03,-0.0323438,-0.000491875
3.4000e-03,-0.039375,-7.875e-05
3.4100e-03,-0.0175,0.000247188
3.4200e-03,-0.0296875,-0.0004575
3.4300e-03,-0.028125,-0.000196875
3.4400e-03,-0.0304688,0.00037375
3.4500e-03,-0.0334375,0.000342188
3.4600e-03,-0.0310937,-0.000402813
3.4700e-03,-0.0267187,-0.000600625
3.4800e-03,-0.03,-0.000790313
3.4900e-03,-0.02375,-0.000335
3.5000e-03,-0.0375,-0.000316875
3.5100e-03,-0.031875,5.65625e-05
3.5200e-03,-0.0325,-0.000114375
3.5300e-03,-0.0270312,-0.000151875
3.5400e-03,-0.0348437,-0.00013875
3.5500e-03,-0.0276563,-0.00024875
3.5600e-03,-0.0451563,-0.000629688
3.5700e-03,-0.0398437,0.000254688
3.5800e-03,-0.0301563,0.000291563
3.5900e-03,-0.024375,-0.000615938
3.6000e-03,-0.0270312,-0.00066875
3.6100e-03,-0.0284375,-0.000987812
3.6200e-03,-0.03625,-0.000554063
3.6300e-03,-0.0285938,0.00076
3.6400e-03,-0.0295313,0.000405
3.6500e-03,-0.039375,-9.53125e-05
3.6600e-03,-0.033125,8.3125e-05
3.6700e-03,-0.0210938,-0.000400938
3.6800e-03,-0.0389063,-0.000470625
3.6900e-03,-0.035625,0.000366563
3.7000e-03,-0.029375,0.0002225
3.7100e-03,-0.0353125,-3.15625e-05
3.7200e-03,-0.0276563,-2.8125e-05
3.7300e-03,-0.0301563,-0.000184688
3.7400e-03,-0.031875,-0.00027375
3.7500e-03,-0.0398437,-0.000373438
3.7600e-03,-0.02625,-0.000103438
3.7700e-03,-0.0265625,0.000105313
3.7800e-03,-0.0367188,-0.000149687
3.7900e-03,-0.03,-0.000295
3.8000e-03,-0.0325,-0.00100594
3.8100e-03,-0.0370313,-0.0008375
3.8200e-03,-0.02125,0.000125625
3.8300e-03,-0.0423437,-2e-05
3.8400e-03,-0.025,0.000420625
3.8500e-03,-0.0379688,0.000130938
3.8600e-03,-0.0409375,-0.000206563
3.8700e-03,-0.0210938,-4.3125e-05
3.8800e-03,-0.0245313,-6.25e-07
3.8900e-03,-0.0259375,0.00012375
3.9000e-03,-0.0314062,0.000391875
3.9100e-03,-0.0334375,0.000319063
3.9200e-03,-0.034375,-0.00014625
3.9300e-03,-0.0335937,-8.375e-05
3.9400e-03,-0.0276563,-0.000457188
3.9500e-03,-0.0303125,-0.000206875
3.9600e-03,-0.038125,0.000162813
3.9700e-03,-0.0276563,-0.000217813
3.9800e-03,-0.0332812,-2.90625e-05
3.9900e-03,-0.0278125,-0.0001375
4.0000e-03,-0.0340625,-0.000331875
4.0100e-03,-0.0332812,-2.15625e-05
4.0200e-03,-0.02875,0.000135
4.0300e-03,-0.0290625,-0.000121875
4.0400e-03,-0.0329688,-6.6875e-05
4.0500e-03,-0.0303125,-0.000161875
4.0600e-03,-0.0340625,-3.84375e-05
4.0700e-03,-0.02625,-0.000185938
4.0800e-03,-0.04,0.000571875
4.0900e-03,-0.0198438,0.000275
4.1000e-03,-0.0395313,-0.000103125
4.1100e-03,-0.0375,-0.000418125
4.1200e-03,-0.0298438,-0.000230625
4.1300e-03,-0.036875,-0.00016125
4.1400e-03,-0.0304688,0.000231875
4.1500e-03,-0.0373438,0.000254688
4.1600e-03,-0.048125,-0.000575625
4.1700e-03,-0.0370313,-0.000313438
4.1800e-03,-0.0382813,-3.1875e-05
4.1900e-03,-0.0351562,-6.375e-05
4.2000e-03,-0.039375,0.000330938
4.2100e-03,-0.0484375,0.000647813
4.2200e-03,-0.0278125,0.000136875
4.2300e-03,-0.0348437,-0.000437188
4.2400e-03,-0.0409375,-0.000650313
4.2500e-03,-0.0304688,-0.000369688
4.2600e-03,-0.0364063,0.000284063
4.2700e-03,-0.0365625,0.000731875
4.2800e-03,-0.02875,0.000193125
4.2900e-03,-0.0357813,0.000181875
4.3000e-03,-0.0375,-0.000727188
4.3100e-03,-0.0367188,-0.000865625
4.3200e-03,-0.0375,2.5625e-05
4.3300e-03,-0.0373438,0.00035875
4.3400e-03,-0.0296875,0.000713125
4.3500e-03,-0.033125,-0.000361563
4.3600e-03,-0.0225,-0.00105219
4.3700e-03,-0.0334375,-0.00128063
4.3800e-03,-0.04875,-0.000734375
4.3900e-03,-0.0354688,-0.000137188
4.4000e-03,-0.0253125,0.00046
4.4100e-03,-0.048125,0.000635625
4.4200e-03,-0.0334375,0.000560313
4.4300e-03,-0.0215625,0.000499688
4.4400e-03,-0.0382813,0.000452188
4.4500e-03,-0.0276563,0.000414375
4.4600e-03,-0.0414063,0.00053375
4.4700e-03,0.0985937,0.000572813
4.4800e-03,0.655625,-0.00143344
4.4900e-03,0.352969,-0.00501594
4.5000e-03,0.682656,-0.00680594
4.5100e-03,0.312812,-0.00775813
4.5200e-03,-0.223281,-0.00778281
4.5300e-03,0.124219,-0.00802281
4.5400e-03,0.104063,-0.00804063
4.5500e-03,0.076875,-0.00782156
4.5600e-03,0.070625,-0.00788687
4.5700e-03,0.0721875,-0.0078025
4.5800e-03,0.0717187,-0.00807563
4.5900e-03,0.0571875,-0.00787312
4.6000e-03,0.05875,-0.00785125
4.6100e-03,0.0457812,-0.00776094
4.6200e-03,0.0265625,-0.00782156
4.6300e-03,0.028125,-0.0077875
4.6400e-03,0.0421875,-0.00771188
4.6500e-03,0.0345312,-0.00788719
4.6600e-03,0.0284375,-0.00775094
4.6700e-03,0.0253125,-0.00782188
4.6800e-03,0.0232812,-0.00783156
4.6900e-03,0.0176563,-0.007715
4.7000e-03,0.01375,-0.00768281
4.7100e-03,0.0307812,-0.00761688
4.7200e-03,0.0453125,-0.00765344
4.7300e-03,0.0078125,-0.0070475
4.7400e-03,0.0179688,-0.000258438
4.7500e-03,0.0151562,0.00199313
4.7600e-03,0.0246875,0.000551563
4.7700e-03,0.0195313,-0.00288375
4.7800e-03,0.0145312,-0.00342719
4.7900e-03,-0.0003125,-0.00216313
4.8000e-03,0.0134375,0.000912188
4.8100e-03,0.020625,0.00278156
4.8200e-03,0.00421875,0.00166063
4.8300e-03,0.0132812,-0.000957188
4.8400e-03,0.00265625,-0.00251625
4.8500e-03,0.0146875,-0.0026475
4.8600e-03,0.0125,-0.000553438
4.8700e-03,0,0.00205906
4.8800e-03,0.008125,0.00190156
4.8900e-03,0.0096875,-0.000529063
4.9000e-03,-0.00375,-0.00198281
4.9100e-03,0.00359375,-0.00230344
4.9200e-03,0.00609375,-0.00119625
4.9300e-03,0.00265625,0.000489687
4.9400e-03,0.00453125,0.00148719
4.9500e-03,0.003125,0.000564688
4.9600e-03,0.000625,-0.000514375
4.9700e-03,0.0139062,-0.00184469
4.9800e-03,0.0021875,-0.00143781
4.9900e-03,-0.000625,-0.00067125
5.0000e-03,-0.0003125,0.00127813
5.0100e-03,-0.00734375,0.000969063
5.0200e-03,-0.00953125,6.9375e-05
5.0300e-03,-0.0101563,-0.000870625
5.0400e-03,-0.0114062,-0.00142969
5.0500e-03,0.0154687,-0.00016625
5.0600e-03,-0.0115625,3.46875e-05
5.0700e-03,-0.0117188,0.00103719
5.0800e-03,-0.001875,0.00049625
5.0900e-03,-0.0128125,-5.375e-05
5.1000e-03,-0.018125,-0.00130938
5.1100e-03,0.00828125,-0.000345
5.1200e-03,-0.0075,-0.000251875
5.1300e-03,-0.009375,0.000675
5.1400e-03,-0.008125,0.000500312
5.1500e-03,-0.00015625,-6.25e-07
5.1600e-03,-0.0117188,-0.000612188
5.1700e-03,-0.0145312,-0.00147219
5.1800e-03,-0.00515625,-0.000585938
5.1900e-03,-0.008125,0.000260313
5.2000e-03,-0.0123438,0.000810938
5.2100e-03,-0.0090625,0.0009625
5.2200e-03,-0.0123438,0.0002225
5.2300e-03,-0.01,-6.34375e-05
5.2400e-03,-0.00765625,-0.000515
5.2500e-03,-0.00140625,-0.00096125
5.2600e-03,-0.0114062,-0.00068125
5.2700e-03,-0.0065625,0.000475
5.2800e-03,-0.005625,-6.09375e-05
5.2900e-03,-0.0160938,-0.000496563
5.3000e-03,-0.0084375,-0.000510625
5.3100e-03,-0.004375,-0.000509375
5.3200e-03,-0.00984375,-0.00058375
5.3300e-03,-0.015,-0.00011125
5.3400e-03,-0.0040625,0.000566563
5.3500e-03,-0.00765625,0.000548125
5.3600e-03,-0.011875,3.34375e-05
5.3700e-03,-0.00890625,0.0002625
5.3800e-03,-0.0151562,-0.000255313
5.3900e-03,-0.0101563,-0.000255313
5.4000e-03,-0.0126563,0.000361875
5.4100e-03,-0.0165625,0.000358125
5.4200e-03,-0.00890625,0.000162188
5.4300e-03,-0.0192187,-0.000668125
5.4400e-03,-0.01,-0.000889375
5.4500e-03,-0.0120313,-0.000377813
5.4600e-03,-0.013125,0.000248438
5.4700e-03,-0.0126563,-5.9375e-06
5.4800e-03,-0.0204688,0.0002325
5.4900e-03,-0.00796875,0.000364688
5.5000e-03,-0.0146875,-0.000419375
5.5100e-03,-0.0192187,-0.000943125
5.5200e-03,-0.0196875,-0.000278125
5.5300e-03,-0.0164063,-2.8125e-06
5.5400e-03,-0.0153125,0.0004875
5.5500e-03,-0.0196875,0.000486875
5.5600e-03,-0.0151562,3.0625e-05
5.5700e-03,-0.01375,-0.00051375
5.5800e-03,-0.0204688,-0.000305938
5.5900e-03,-0.010625,-0.000375313
5.6000e-03,-0.0192187,-0.00039
5.6100e-03,-0.0229687,0.000383125
5.6200e-03,-0.010625,0.000410313
5.6300e-03,-0.016875,-0.000758438
5.6400e-03,-0.023125,-0.000572187
5.6500e-03,-0.0223437,-0.00024
5.6600e-03,-0.0232812,-0.000254375
5.6700e-03,-0.015625,-0.000283437
5.6800e-03,-0.015625,-0.000171563
5.6900e-03,-0.00625,0.000128125
5.7000e-03,-0.0173438,-0.000327188
5.7100e-03,-0.0198438,-0.00033
5.7200e-03,-0.0165625,-0.000421875
5.7300e-03,-0.011875,9.9375e-05
5.7400e-03,-0.0104688,0.00036875
5.7500e-03,-0.0134375,0.000243438
5.7600e-03,-0.00984375,5.625e-06
5.7700e-03,-0.0215625,0.000360625
5.7800e-03,-0.0134375,3e-05
5.7900e-03,-0.0253125,0.000385938
5.8000e-03,-0.025625,0.000517188
5.8100e-03,-0.0121875,0.000213438
5.8200e-03,-0.02,-0.000221875
5.8300e-03,-0.0290625,-0.000875313
5.8400e-03,-0.02125,-0.000653125
5.8500e-03,-0.0225,-0.00062625
5.8600e-03,-0.0190625,-0.000211563
5.8700e-03,-0.0160938,0.00019
5.8800e-03,-0.0157813,0.000142188
5.8900e-03,-0.018125,0.000618125
5.9000e-03,-0.0209375,0.00029125
5.9100e-03,-0.01375,-0.00045
5.9200e-03,-0.02125,9.65625e-05
5.9300e-03,-0.0215625,0.000254375
5.9400e-03,-0.01875,3.59375e-05
5.9500e-03,-0.01125,0.000165625
5.9600e-03,-0.0217188,4.5625e-05
5.9700e-03,-0.020625,0.00017
5.9800e-03,-0.0279688,8.5625e-05
5.9900e-03,-0.0167188,0.000177813
6.0000e-03,-0.0217188,-0.00016375
6.0100e-03,-0.0223437,0.00023375
6.0200e-03,-0.03375,-1.65625e-05
6.0300e-03,-0.019375,-0.000356875
6.0400e-03,-0.0140625,-0.000737188
6.0500e-03,-0.0301563,-0.00034625
6.0600e-03,-0.0332812,0.00019375
6.0700e-03,-0.0339062,-0.0002425
6.0800e-03,-0.0229687,-5.5625e-05
6.0900e-03,-0.0173438,-0.000591875
6.1000e-03,-0.0317188,0.00018625
6.1100e-03,-0.0253125,-0.000384688
6.1200e-03,-0.0209375,-0.000213125
6.1300e-03,-0.0234375,-0.000136563
6.1400e-03,-0.0223437,1.5e-05
6.1500e-03,-0.0246875,0.000168438
6.1600e-03,-0.0246875,-0.000115
6.1700e-03,-0.0198438,-0.00050125
6.1800e-03,-0.0207813,-8.59375e-05
6.1900e-03,-0.0270312,-0.000219375
6.2000e-03,-0.0154687,-0.000225938
6.2100e-03,-0.0217188,0.000157813
6.2200e-03,-0.025,3.1875e-05
6.2300e-03,-0.0209375,-0.000209375
6.2400e-03,-0.0273438,-7.28125e-05
6.2500e-03,-0.0278125,3.4375e-06
6.2600e-03,-0.0228125,0.000248125
6.2700e-03,-0.0346875,-5.5e-05
6.2800e-03,-0.0285938,0.000549063
6.2900e-03,-0.0309375,2.34375e-05
6.3000e-03,-0.0251563,-0.00033625
6.3100e-03,-0.0173438,-0.000485313
6.3200e-03,-0.02,-0.000224063
6.3300e-03,-0.0275,0.000132813
6.3400e-03,-0.0232812,5.09375e-05
6.3500e-03,-0.0114062,-3.3125e-05
6.3600e-03,-0.0110937,0.000179688
6.3700e-03,-0.0310937,0.000226875
6.3800e-03,-0.0309375,0.00057625
6.3900e-03,-0.0292188,0.0001775
6.4000e-03,-0.0203125,0.000307188
6.4100e-03,-0.0235938,2.625e-05
6.4200e-03,-0.0298438,0.000168125
6.4300e-03,-0.0298438,-0.00076
6.4400e-03,-0.026875,-0.000410313
6.4500e-03,-0.0226562,-0.000207188
6.4600e-03,-0.02875,-1.375e-05
6.4700e-03,-0.0346875,-3.25e-05
6.4800e-03,-0.035,0.000370938
6.4900e-03,-0.0253125,-0.0003275
6.5000e-03,-0.0342187,-0.000340313
6.5100e-03,-0.0267187,-0.000594375
6.5200e-03,-0.0303125,-0.000535313
6.5300e-03,-0.0301563,-0.000515
6.5400e-03,-0.0189062,6.4375e-05
6.5500e-03,-0.0228125,0.000175313
6.5600e-03,-0.0251563,0.000104375
6.5700e-03,-0.0289063,-0.000108125
6.5800e-03,-0.025,0.000278438
6.5900e-03,-0.0321875,0.000162188
6.6000e-03,-0.0334375,-3.90625e-05
6.6100e-03,-0.0217188,0.00025125
6.6200e-03,-0.0229687,-0.000124688
6.6300e-03,-0.0215625,-0.000284063
6.6400e-03,-0.0334375,-0.000303125
6.6500e-03,-0.0204688,8.34375e-05
6.6600e-03,-0.023125,4.1875e-05
6.6700e-03,-0.0260937,-0.000760938
6.6800e-03,-0.0214063,-0.000279063
6.6900e-03,-0.0353125,-0.000103125
6.7000e-03,-0.0264062,-0.000326563
6.7100e-03,-0.0320312,-0.000340625
6.7200e-03,-0.034375,3.53125e-05
6.7300e-03,-0.0309375,0.000354375
6.7400e-03,-0.0371875,0.000100313
6.7500e-03,-0.0209375,-0.0002625
6.7600e-03,-0.0245313,-0.000180313
6.7700e-03,-0.0204688,-0.00041125
6.7800e-03,-0.0184375,0.000139375
6.7900e-03,-0.0275,-6.90625e-05
6.8000e-03,-0.0323438,0.000307188
6.8100e-03,-0.023125,-0.000253438
6.8200e-03,-0.0339062,-0.000454375
6.8300e-03,-0.023125,-0.000593125
6.8400e-03,-0.0171875,0.000264688
6.8500e-03,-0.0214063,8.75e-05
6.8600e-03,-0.0192187,0.00028375
6.8700e-03,-0.0279688,0.00017375
6.8800e-03,-0.026875,-0.000389063
6.8900e-03,-0.0253125,-7.125e-05
6.9000e-03,-0.0398437,-0.000604375
6.9100e-03,-0.0317188,7.5e-05
6.9200e-03,-0.031875,8.375e-05
6.9300e-03,-0.03375,0.000270625
6.9400e-03,-0.0229687,0.000252812
6.9500e-03,-0.02625,0.000164688
6.9600e-03,-0.0240625,3.90625e-05
6.9700e-03,-0.025625,7.3125e-05
6.9800e-03,-0.0373438,7.75e-05
6.9900e-03,-0.0340625,9.15625e-05
7.0000e-03,-0.035625,7.28125e-05
7.0100e-03,-0.028125,-3.90625e-05
7.0200e-03,-0.038125,-2.9375e-05
7.0300e-03,-0.0303125,-0.000185313
7.0400e-03,-0.0285938,-0.000782188
7.0500e-03,-0.035,-0.000920938
7.0600e-03,-0.0270312,-0.00062625
7.0700e-03,-0.025,-0.00029375
7.0800e-03,-0.0260937,0.000155625
7.0900e-03,-0.0273438,4.875e-05
7.1000e-03,-0.0229687,-0.000820938
7.1100e-03,-0.0196875,-0.000321875
7.1200e-03,-0.0271875,-0.00023625
7.1300e-03,-0.030625,0.000345313
7.1400e-03,-0.029375,0.000546563
7.1500e-03,-0.029375,-0.000232188
7.1600e-03,-0.0232812,-0.000281875
7.1700e-03,-0.0265625,-0.0009725
7.1800e-03,-0.0226562,0.00010125
7.1900e-03,-0.0271875,-0.000143125
7.2000e-03,-0.0453125,-0.00024
7.2100e-03,-0.0345312,-0.000110625
7.2200e-03,-0.034375,0.000579688
7.2300e-03,-0.0253125,0.000444688
7.2400e-03,-0.0332812,-1.5625e-05
7.2500e-03,-0.0342187,0.000633125
7.2600e-03,-0.0289063,0.000462813
7.2700e-03,-0.0289063,0.000208125
7.2800e-03,-0.0354688,0.000494688
7.2900e-03,-0.0315625,0.00063875
7.3000e-03,-0.0351562,0.0002625
7.3100e-03,-0.0304688,-2.96875e-05
7.3200e-03,-0.0253125,0.000251875
7.3300e-03,-0.0220313,-1.9375e-05
7.3400e-03,-0.0310937,0.000188125
7.3500e-03,-0.0307813,-7.78125e-05
7.3600e-03,-0.0196875,-0.000121563
7.3700e-03,-0.0301563,-0.000756875
7.3800e-03,-0.0396875,-0.000135
7.3900e-03,-0.030625,4.09375e-05
7.4000e-03,-0.0254688,-0.000366563
7.4100e-03,-0.0265625,-0.000273125
7.4200e-03,-0.03125,5.5e-05
7.4300e-03,-0.03875,-0.0002
7.4400e-03,-0.0265625,0.0001225
7.4500e-03,-0.0340625,-0.000491563
7.4600e-03,-0.0265625,0.000176875
7.4700e-03,-0.034375,-0.000169063
7.4800e-03,-0.0335937,0.00064875
7.4900e-03,-0.0460938,0.000305625
7.5000e-03,-0.0345312,-0.000100313
7.5100e-03,-0.0215625,-0.000241563
7.5200e-03,-0.0360938,-0.00078
7.5300e-03,-0.0257812,-7.875e-05
7.5400e-03,-0.0365625,-0.000197188
7.5500e-03,-0.0342187,-0.000397188
7.5600e-03,-0.0240625,-0.000264688
7.5700e-03,-0.0301563,-0.000719375
7.5800e-03,-0.0326562,-0.000310625
7.5900e-03,-0.0421875,-0.000100313
7.6000e-03,-0.0295313,-0.000246563
7.6100e-03,-0.0282813,0.000580938
7.6200e-03,-0.04375,3.625e-05
7.6300e-03,-0.0225,-0.000423125
7.6400e-03,-0.0376563,-0.000706563
7.6500e-03,-0.0184375,-0.00027375
7.6600e-03,-0.0253125,-0.000209688
7.6700e-03,-0.0253125,-0.000483125
7.6800e-03,-0.0367188,0.000145
7.6900e-03,-0.0223437,-0.000110313
7.7000e-03,-0.0325,0.000248438
7.7100e-03,-0.0335937,-0.000292813
7.7200e-03,-0.0282813,0.000216875
7.7300e-03,-0.026875,-0.000193438
7.7400e-03,-0.0278125,0.000304063
7.7500e-03,-0.0284375,0.00017875
7.7600e-03,-0.0309375,-0.000175938
7.7700e-03,-0.0346875,0.000305938
7.7800e-03,-0.033125,-0.00047
7.7900e-03,-0.0409375,0.000105313
7.8000e-03,-0.031875,0.00038125
7.8100e-03,-0.0407813,6.1875e-05
7.8200e-03,-0.0328125,0.000329063
7.8300e-03,-0.026875,-5.53125e-05
7.8400e-03,-0.0379688,-0.000520625
7.8500e-03,-0.030625,-0.000691563
7.8600e-03,-0.0179687,-0.000282813
7.8700e-03,-0.0360938,-0.000222188
7.8800e-03,-0.0342187,-0.0002125
7.8900e-03,-0.0339062,-0.00014375
7.9000e-03,-0.0323438,-0.00069125
7.9100e-03,-0.0229687,-0.00011125
7.9200e-03,-0.0373438,-0.0004125
7.9300e-03,-0.0267187,-5e-06
7.9400e-03,-0.0307813,-9.75e-05
7.9500e-03,-0.0376563,0.0004825
7.9600e-03,-0.0276563,4.71875e-05
7.9700e-03,-0.0259375,-0.000725938
7.9800e-03,-0.0459375,-0.00104281
7.9900e-03,-0.0357813,-0.000516563
8.0000e-03,-0.0339062,0.000130625
8.0100e-03,-0.0425,0.00035
8.0200e-03,-0.0457813,5.25e-05
8.0300e-03,-0.0360938,-0.000296563
8.0400e-03,-0.029375,-0.000455313
8.0500e-03,-0.035,-0.000250625
8.0600e-03,-0.0332812,-0.000328438
8.0700e-03,-0.0275,-0.000197813
8.0800e-03,-0.0392187,-6.90625e-05
8.0900e-03,-0.04,6.875e-06
8.1000e-03,-0.0395313,-0.001105
8.1100e-03,-0.026875,-0.001195
8.1200e-03,-0.0332812,-0.000732813
8.1300e-03,-0.0473438,-8.125e-05
8.1400e-03,-0.0428125,0.000568125
8.1500e-03,-0.03,0.000985938
8.1600e-03,-0.0465625,-1.125e-05
8.1700e-03,-0.0440625,-0.000165
8.1800e-03,-0.0284375,-0.000462813
8.1900e-03,-0.03125,3.1875e-05
8.2000e-03,-0.0457813,-0.00031875
8.2100e-03,-0.0296875,0.000974375
8.2200e-03,-0.0315625,0.000590938
8.2300e-03,-0.0351562,-0.0006025
8.2400e-03,-0.0290625,-0.001175
8.2500e-03,-0.0334375,-0.00112656
8.2600e-03,-0.0339062,-5.28125e-05
8.2700e-03,-0.02,0.0009825
8.2800e-03,-0.045,0.000588125
8.2900e-03,-0.0370313,-0.00110094
8.3000e-03,-0.0335937,-0.00105125
8.3100e-03,-0.0348437,-0.00149156
8.3200e-03,-0.0409375,-5.40625e-05
8.3300e-03,-0.0326562,0.00112969
8.3400e-03,-0.033125,0.001675
8.3500e-03,-0.0360938,0.00127563
8.3600e-03,-0.0357813,-3.25e-05
8.3700e-03,-0.03125,-0.00149563
8.3800e-03,-0.0328125,-0.000520938
8.3900e-03,-0.03,0.00104281
8.4000e-03,-0.0210938,0.00254656
8.4100e-03,-0.030625,0.00180156
8.4200e-03,-0.0301563,6.84375e-05
8.4300e-03,-0.0325,-0.00156344
8.4400e-03,-0.038125,-0.00228281
8.4500e-03,-0.0407813,-0.00104875
8.4600e-03,-0.0365625,0.000758438
8.4700e-03,-0.0296875,0.00228781
8.4800e-03,-0.0303125,0.00127344
8.4900e-03,-0.0251563,-0.00150406
8.5000e-03,-0.0282813,-0.00312969
8.5100e-03,-0.0207813,-0.00274781
8.5200e-03,-0.0442188,-0.000194688
8.5300e-03,-0.0246875,0.00182469
8.5400e-03,-0.0317188,0.00265688
8.5500e-03,-0.044375,0.00108875
8.5600e-03,-0.0346875,-0.000949063
8.5700e-03,-0.0251563,-0.00214562
8.5800e-03,-0.0364063,-0.00176781
8.5900e-03,-0.034375,0.000239688
8.6000e-03,-0.040625,0.00239406
8.6100e-03,-0.0314062,0.00170531
8.6200e-03,-0.040625,0.000241875
8.6300e-03,-0.0478125,-0.00168375
8.6400e-03,-0.0328125,-0.00249313
8.6500e-03,-0.0401563,-0.000872813
8.6600e-03,-0.0317188,0.000791875
8.6700e-03,-0.0295313,0.0012275
8.6800e-03,-0.0429688,0.000859063
8.6900e-03,-0.0289063,-0.00012625
8.7000e-03,-0.0265625,-0.00189344
8.7100e-03,-0.039375,-0.00143844
8.7200e-03,-0.0267187,-0.000281875
8.7300e-03,-0.0246875,0.000840938
8.7400e-03,-0.043125,0.00111031
8.7500e-03,-0.0259375,0.000609063
8.7600e-03,-0.030625,-0.0006075
8.7700e-03,-0.0521875,-0.00110813
8.7800e-03,-0.038125,-0.000205938
8.7900e-03,-0.0279688,0.00035625
8.8000e-03,-0.0409375,0.001065
8.8100e-03,-0.045625,0.000678125
8.8200e-03,-0.0382813,0.000560625
8.8300e-03,-0.0414063,-0.00108219
8.8400e-03,-0.0425,-0.000635938
8.8500e-03,-0.036875,0.0002825
8.8600e-03,-0.0334375,0.0010325
8.8700e-03,-0.034375,0.000724375
8.8800e-03,-0.0365625,-0.000259063
8.8900e-03,-0.0389063,-0.000805938
8.9000e-03,-0.03625,-0.000660625
8.9100e-03,-0.0332812,-0.000290625
8.9200e-03,-0.0290625,0.000306875
8.9300e-03,-0.0371875,0.000769375
8.9400e-03,-0.0404687,0.00031
8.9500e-03,-0.0354688,-0.000266563
8.9600e-03,-0.0371875,-0.000439063
8.9700e-03,-0.0365625,0.000130313
8.9800e-03,-0.038125,8.25e-05
8.9900e-03,-0.0335937,0.00129594
9.0000e-03,-0.038125,0.000536875
9.0100e-03,-0.0282813,-0.000344375
9.0200e-03,-0.0367188,-0.000599375
9.0300e-03,-0.0475,-0.000787813
9.0400e-03,-0.0398437,-0.000708438
9.0500e-03,-0.0370313,5.3125e-05
9.0600e-03,-0.0301563,0.000374063
9.0700e-03,-0.036875,0.000112813
9.0800e-03,-0.0353125,-0.000670313
9.0900e-03,-0.0304688,-0.00128906
9.1000e-03,-0.0376563,-0.0007675
9.1100e-03,-0.03375,-1.1875e-05
9.1200e-03,-0.033125,0.000327188
9.1300e-03,-0.0392187,0.000124688
9.1400e-03,-0.0323438,-0.000120938
9.1500e-03,-0.0404687,-2e-05
9.1600e-03,-0.0476562,-0.000635
9.1700e-03,-0.0342187,-0.000276563
9.1800e-03,-0.0351562,-2.5625e-05
9.1900e-03,-0.0360938,0.00108531
9.2000e-03,-0.04125,0.00069
9.2100e-03,-0.0410937,0.000130938
9.2200e-03,-0.0371875,-0.000285938
9.2300e-03,-0.043125,-0.000284688
9.2400e-03,-0.0439063,-0.000182188
9.2500e-03,-0.0510938,0.000351875
9.2600e-03,-0.0453125,-0.000112813
9.2700e-03,-0.0453125,-0.000172188
9.2800e-03,-0.0184375,-0.000362813
9.2900e-03,-0.0339062,-0.000333125
9.3000e-03,-0.0317188,-0.00027625
9.3100e-03,-0.0357813,-0.000576563
9.3200e-03,-0.039375,0.000726563
9.3300e-03,-0.0448438,-0.000205625
9.3400e-03,-0.0351562,-0.000441875
9.3500e-03,-0.0407813,-0.000114375
9.3600e-03,-0.0214063,-0.000364063
9.3700e-03,-0.033125,-0.000397813
9.3800e-03,-0.0195312,-0.000921875
9.3900e-03,-0.0353125,-0.0001775
9.4000e-03,-0.0235938,-0.000147188
9.4100e-03,-0.0464062,0.00014
9.4200e-03,-0.0321875,4.6875e-05
9.4300e-03,-0.0426562,-0.00033625
9.4400e-03,-0.0375,0.00013
9.4500e-03,-0.0390625,0.000143438
9.4600e-03,-0.0426562,0.000201875
9.4700e-03,-0.0473438,-0.000240313
9.4800e-03,-0.0417187,1.15625e-05
9.4900e-03,-0.0360938,-0.00025625
9.5000e-03,-0.04,7.1875e-06
9.5100e-03,-0.0404687,0.000104688
9.5200e-03,-0.03375,0.000174375
9.5300e-03,-0.0314062,0.000181875
9.5400e-03,-0.0467188,-6.03125e-05
9.5500e-03,-0.0332812,-0.000684375
9.5600e-03,-0.050625,-0.000250313
9.5700e-03,-0.0329688,0.000346563
9.5800e-03,-0.0348437,0.00022
9.5900e-03,-0.0339062,0.00063625
9.6000e-03,-0.039375,-0.00057
9.6100e-03,-0.045,-0.0004975
9.6200e-03,-0.0348437,0.000152188
9.6300e-03,-0.0496875,-0.000264063
9.6400e-03,-0.0351562,-0.000141563
9.6500e-03,-0.0417187,-0.000152813
9.6600e-03,-0.0325,8.4375e-05
9.6700e-03,-0.0434375,-0.000264063
9.6800e-03,-0.03,-0.000836563
9.6900e-03,-0.0435938,-0.000689375
9.7000e-03,-0.03375,-0.000102188
9.7100e-03,-0.0423437,-0.000415938
9.7200e-03,-0.0364063,0.00024375
9.7300e-03,-0.051875,0.000406875
9.7400e-03,-0.0220313,1.75e-05
9.7500e-03,-0.0390625,-0.000107188
9.7600e-03,-0.0392187,-0.000142188
9.7700e-03,-0.0371875,-3.96875e-05
9.7800e-03,-0.0426562,-0.00013375
9.7900e-03,-0.0498438,8.125e-05
9.8000e-03,-0.0415625,-0.00041125
9.8100e-03,-0.0326562,0.000499375
9.8200e-03,-0.0329688,-0.000468125
9.8300e-03,-0.0351562,0.000831875
9.8400e-03,-0.04,0.000292813
9.8500e-03,-0.0476562,0.000220313
9.8600e-03,-0.0298438,-0.00026125
9.8700e-03,-0.0453125,0.000242813
9.8800e-03,-0.0365625,0.00026125
9.8900e-03,-0.0346875,-0.000175938
9.9000e-03,-0.0351562,7.6875e-05
9.9100e-03,-0.0448438,-0.000233125
9.9200e-03,-0.0367188,-3.75e-05
9.9300e-03,-0.0309375,-0.000417813
9.9400e-03,-0.0453125,-0.000536875
9.9500e-03,-0.0371875,-0.000336563
9.9600e-03,-0.0404687,-0.000435625
9.9700e-03,-0.029375,-7.03125e-05
9.9800e-03,-0.0378125,-9.46875e-05
9.9900e-03,-0.0309375,-0.000238438
1.0000e-02,-0.0303125,-0.000100313
1.0010e-02,-0.0407813,-0.00023875
1.0020e-02,-0.0373438,0.000280313
1.0030e-02,-0.0289063,0.000295625
1.0040e-02,-0.046875,-0.000237188
1.0050e-02,-0.0303125,2.875e-05
1.0060e-02,-0.040625,3.875e-05
1.0070e-02,-0.035,-0.000405625
1.0080e-02,-0.0346875,0.000359063
1.0090e-02,-0.0479688,0.00011125
1.0100e-02,-0.0517188,-0.000155
1.0110e-02,-0.0385937,-0.000535
1.0120e-02,-0.0284375,-0.000101875
1.0130e-02,-0.0332812,-0.000458125
1.0140e-02,-0.03375,-0.000383125
1.0150e-02,-0.0407813,-7e-05
1.0160e-02,-0.0404687,-0.000131563
1.0170e-02,-0.0457813,0.000531563
1.0180e-02,-0.05125,-0.000118438
1.0190e-02,-0.0379688,0.0001525
1.0200e-02,-0.0364063,0.000105
1.0210e-02,-0.04125,-0.000102188
1.0220e-02,-0.0414063,-0.000615625
1.0230e-02,-0.0384375,-0.000658438
1.0240e-02,-0.0320312,-0.00025625
1.0250e-02,-0.02875,6.8125e-05
1.0260e-02,-0.0490625,-0.000165625
1.0270e-02,-0.0398437,0.000135
1.0280e-02,-0.0389063,-0.000259688
1.0290e-02,-0.0217188,-0.000199375
1.0300e-02,-0.0346875,0.00011375
1.0310e-02,-0.0314062,0.00024125
1.0320e-02,-0.034375,0.000406563
1.0330e-02,-0.0320312,-0.000294688
1.0340e-02,-0.0425,0.000155
1.0350e-02,-0.0482812,-1.25e-06
1.0360e-02,-0.0239063,0.000207813
1.0370e-02,-0.0364063,2.8125e-06
1.0380e-02,-0.0442188,-0.000350938
1.0390e-02,-0.0404687,-0.000721875
1.0400e-02,-0.0440625,0.000305313
1.0410e-02,-0.0375,-9.6875e-06
1.0420e-02,-0.0359375,-0.00048
1.0430e-02,-0.0385937,-0.000601563
1.0440e-02,-0.0426562,0.00047625
1.0450e-02,-0.0351562,0.000102188
1.0460e-02,-0.04,-0.000342188
1.0470e-02,-0.0448438,-0.000208125
1.0480e-02,-0.0470312,0.000478438
1.0490e-02,-0.0328125,-0.0004275
1.0500e-02,-0.0401563,0.00012625
1.0510e-02,-0.0448438,0.000125938
1.0520e-02,-0.0351562,-0.000161563
1.0530e-02,-0.0301563,1.71875e-05
1.0540e-02,-0.0371875,-6.25e-05
1.0550e-02,-0.046875,-0.000465938
1.0560e-02,-0.0342187,0.000111563
1.0570e-02,-0.0353125,0.000298125
1.0580e-02,-0.0428125,-0.000184375
1.0590e-02,-0.0389063,-6.75e-05
1.0600e-02,-0.046875,-0.000417813
1.0610e-02,-0.0407813,-0.000737188
1.0620e-02,-0.0479688,-0.0002575
1.0630e-02,-0.0434375,0.000419375
1.0640e-02,-0.034375,0.000140938
1.0650e-02,-0.0467188,0.000156875
1.0660e-02,-0.0248438,-0.000282188
1.0670e-02,-0.0373438,-0.000198125
1.0680e-02,-0.0384375,0.000376875
1.0690e-02,-0.0351562,0.000667188
1.0700e-02,-0.0351562,0.000814375
1.0710e-02,-0.0364063,0.000145
1.0720e-02,-0.0490625,-4.4375e-05
1.0730e-02,-0.0439063,-3.5625e-05
1.0740e-02,-0.0415625,-0.000365313
1.0750e-02,-0.035625,-0.000130313
1.0760e-02,-0.0314062,-0.000143438
1.0770e-02,-0.039375,-0.000179063
1.0780e-02,-0.0389063,-0.000265938
1.0790e-02,-0.0384375,-0.000319375
1.0800e-02,-0.03375,0.000184688
1.0810e-02,-0.0410937,-0.000553438
1.0820e-02,-0.0376563,-0.000266875
1.0830e-02,-0.0464062,6.03125e-05
1.0840e-02,-0.0460938,-5.1875e-05
1.0850e-02,-0.0482812,-0.000656563
1.0860e-02,-0.0370313,-0.000675625
1.0870e-02,-0.0435938,-0.000456875
1.0880e-02,-0.0370313,-0.000248438
1.0890e-02,-0.0315625,-0.000259063
1.0900e-02,-0.0301563,3.78125e-05
1.0910e-02,-0.0509375,0.0007825
1.0920e-02,-0.0429688,-0.000185313
1.0930e-02,-0.0410937,-0.000522188
1.0940e-02,-0.0403125,-0.000406563
1.0950e-02,-0.04,6.5625e-05
1.0960e-02,-0.0454688,-0.000297813
1.0970e-02,-0.0342187,7.25e-05
1.0980e-02,-0.0265625,0.000372813
1.0990e-02,-0.04875,0.000645313
1.1000e-02,-0.0325,-5e-06
1.1010e-02,-0.0442188,0.000295
1.1020e-02,-0.0254688,-1.8125e-05
1.1030e-02,-0.0442188,-2.6875e-05
1.1040e-02,-0.0354688,0.00027375
1.1050e-02,-0.0440625,-0.000301563
1.1060e-02,-0.053125,-0.000194375
1.1070e-02,-0.0510938,-0.000355
1.1080e-02,-0.0340625,-0.000110938
1.1090e-02,-0.0395313,0.000170313
1.1100e-02,-0.0359375,-0.000296563
1.1110e-02,-0.0434375,0.000123125
1.1120e-02,-0.0479688,-0.000306563
1.1130e-02,-0.025625,4.25e-05
1.1140e-02,-0.034375,-0.000121563
1.1150e-02,-0.0385937,2.8125e-06
1.1160e-02,-0.0398437,0.000335
1.1170e-02,-0.0282813,1.0625e-05
1.1180e-02,-0.0451563,0.000268438
1.1190e-02,-0.0357813,0.000266875
1.1200e-02,-0.0339062,0.000164688
1.1210e-02,-0.0310937,-0.000273125
1.1220e-02,-0.0403125,-1.75e-05
1.1230e-02,-0.053125,-9.78125e-05
1.1240e-02,-0.0445313,6.1875e-05
1.1250e-02,-0.0410937,-4.40625e-05
1.1260e-02,-0.0346875,-0.000384063
1.1270e-02,-0.045,-0.00044625
1.1280e-02,-0.04875,-0.000150938
1.1290e-02,-0.0410937,8.34375e-05
1.1300e-02,-0.04,2.59375e-05
1.1310e-02,-0.0321875,0.000344688
1.1320e-02,-0.0326562,0.00024
1.1330e-02,-0.0321875,0.000250313
1.1340e-02,-0.0610938,0.000414375
1.1350e-02,-0.0482812,0.000143438
1.1360e-02,-0.0429688,0.000113125
1.1370e-02,-0.0396875,0.000282813
1.1380e-02,-0.0239063,-8.8125e-05
1.1390e-02,-0.0523437,-0.000491875
1.1400e-02,-0.0446875,0.000209688
1.1410e-02,-0.04,5e-06
1.1420e-02,-0.03875,0.000465
1.1430e-02,-0.048125,4.46875e-05
1.1440e-02,-0.0323438,0.00027625
1.1450e-02,-0.039375,0.000538438
1.1460e-02,-0.0496875,0.000168438
1.1470e-02,-0.0482812,-0.00011625
1.1480e-02,-0.0489062,-0.000295313
1.1490e-02,-0.0301563,-0.000145313
1.1500e-02,-0.043125,-4.46875e-05
1.1510e-02,-0.0517188,-6.71875e-05
1.1520e-02,-0.0367188,0.000114375
1.1530e-02,-0.03875,-0.000173438
1.1540e-02,-0.0339062,-0.000111563
1.1550e-02,-0.0304688,0.000304687
1.1560e-02,-0.0479688,0.000389688
1.1570e-02,-0.0442188,-0.000149375
1.1580e-02,-0.0457813,0.000102813
1.1590e-02,-0.0232812,0.000122813
1.1600e-02,-0.0373438,0.000431563
1.1610e-02,-0.0295313,-0.0002625
1.1620e-02,-0.0426562,-0.000121875
1.1630e-02,-0.0385937,-0.000375625
1.1640e-02,-0.0367188,-0.000325313
1.1650e-02,-0.045,-0.000517813
1.1660e-02,-0.0420312,-0.000262813
1.1670e-02,-0.0401563,-0.00012125
1.1680e-02,-0.0298438,-0.000420625
1.1690e-02,-0.0498438,-0.000447813
1.1700e-02,-0.03125,-0.00035625
1.1710e-02,-0.03375,2.875e-05
1.1720e-02,-0.0378125,-0.000205
1.1730e-02,-0.0535937,0.000112188
1.1740e-02,-0.0365625,7.5e-06
1.1750e-02,-0.0346875,-6.6875e-05
1.1760e-02,-0.0504687,-0.000413438
1.1770e-02,-0.0348437,-0.000414688
1.1780e-02,-0.0459375,-0.000149687
1.1790e-02,-0.0445313,-0.000387813
1.1800e-02,-0.0346875,-2.4375e-05
1.1810e-02,-0.0529687,-0.000173438
1.1820e-02,-0.0514063,0.00018875
1.1830e-02,-0.0376563,-0.000144688
1.1840e-02,-0.0459375,0.0005175
1.1850e-02,-0.0421875,-0.000539063
1.1860e-02,-0.0367188,-0.00045375
1.1870e-02,-0.0339062,0.000226875
1.1880e-02,-0.041875,-0.000144063
1.1890e-02,-0.044375,-0.000199063
1.1900e-02,-0.0442188,-0.000575625
1.1910e-02,-0.0435938,-0.000136563
1.1920e-02,-0.0517188,-0.000869688
1.1930e-02,-0.0378125,-0.000149375
1.1940e-02,-0.0367188,7.125e-05
1.1950e-02,-0.0485938,-0.000216875
1.1960e-02,-0.0464062,-6.59375e-05
1.1970e-02,-0.0375,6.46875e-05
1.1980e-02,-0.0335937,0.00016125
1.1990e-02,-0.0246875,-0.000353438
1.2000e-02,-0.0428125,-5.3125e-06
1.2010e-02,-0.0434375,-3.03125e-05
1.2020e-02,-0.0357813,-1.25e-06
1.2030e-02,-0.04875,-0.00014375
1.2040e-02,-0.0389063,-0.000117813
1.2050e-02,-0.0420312,-3.59375e-05
1.2060e-02,-0.0432813,7.40625e-05
1.2070e-02,-0.041875,0.000314375
1.2080e-02,-0.0434375,6.125e-05
1.2090e-02,-0.0470312,-0.000352813
1.2100e-02,-0.0454688,-0.0002725
1.2110e-02,-0.0446875,-0.000107188
1.2120e-02,-0.0390625,6.25e-05
1.2130e-02,-0.0310937,-0.000271563
1.2140e-02,-0.0376563,-4.78125e-05
1.2150e-02,-0.04125,0.000321563
1.2160e-02,-0.045,0.000674063
1.2170e-02,-0.043125,0.000199375
1.2180e-02,-0.0492188,-0.000390313
1.2190e-02,-0.0435938,-9.625e-05
1.2200e-02,-0.0439063,-9.28125e-05
1.2210e-02,-0.0429688,0.000432813
1.2220e-02,-0.0340625,-0.000297188
1.2230e-02,-0.0432813,-0.000594063
1.2240e-02,-0.046875,-0.000539688
1.2250e-02,-0.0415625,-0.000494063
1.2260e-02,-0.0515625,0.000162188
1.2270e-02,-0.0465625,0.000235938
1.2280e-02,-0.0392187,7.84375e-05
1.2290e-02,-0.0548437,0.000491875
1.2300e-02,-0.0428125,-0.000537188
1.2310e-02,-0.05875,-0.000296875
1.2320e-02,-0.0454688,-7.875e-05
1.2330e-02,-0.0304688,8.15625e-05
1.2340e-02,-0.0503125,0.000545313
1.2350e-02,-0.0317188,0.0002675
1.2360e-02,-0.0440625,-0.000255
1.2370e-02,-0.0515625,-0.000686875
1.2380e-02,-0.0382813,-0.000135625
1.2390e-02,-0.0401563,-5.34375e-05
1.2400e-02,-0.0460938,0.00032625
1.2410e-02,-0.0289063,0.000464063
1.2420e-02,-0.0379688,0.000283437
1.2430e-02,-0.0409375,0.000424375
1.2440e-02,-0.0432813,0.000431875
1.2450e-02,-0.0345312,0.000449375
1.2460e-02,-0.05,0.000270313
1.2470e-02,-0.0340625,0.000290938
1.2480e-02,-0.075,-0.000194688
1.2490e-02,1.02719,-0.004355
1.2500e-02,0.736719,-0.00676469
1.2510e-02,0.283438,-0.00771875
1.2520e-02,0.51125,-0.00828563
1.2530e-02,0.11625,-0.00786219
1.2540e-02,0.0867187,-0.00775656
1.2550e-02,0.09375,-0.00773844
1.2560e-02,0.0826563,-0.00796531
1.2570e-02,0.0642187,-0.00790437
1.2580e-02,0.056875,-0.00794438
1.2590e-02,0.0642187,-0.00777406
1.2600e-02,0.0532813,-0.00775594
1.2610e-02,0.0395313,-0.007865
1.2620e-02,0.03875,-0.00778844
1.2630e-02,0.0285937,-0.00780906
1.2640e-02,0.0265625,-0.00783563
1.2650e-02,0.0326562,-0.00770438
1.2660e-02,0.0335938,-0.00778656
1.2670e-02,0.0303125,-0.00764063
1.2680e-02,0.0378125,-0.00772313
1.2690e-02,0.0326562,-0.00776938
1.2700e-02,0.02875,-0.00767063
1.2710e-02,0.0192188,-0.00783312
1.2720e-02,0.015,-0.00751938
1.2730e-02,0.0390625,-0.00746344
1.2740e-02,0.0339062,-0.00202063
1.2750e-02,0.0220312,0.00156625
1.2760e-02,0.0140625,0.000256563
1.2770e-02,0.009375,-0.00245469
1.2780e-02,0.015,-0.00377875
1.2790e-02,0.0175,-0.00246906
1.2800e-02,0.0157813,7.03125e-05
1.2810e-02,0.0220312,0.00232938
1.2820e-02,-0.00375,0.00113594
1.2830e-02,0.0271875,-0.000777813
1.2840e-02,0.0115625,-0.00206
1.2850e-02,0.001875,-0.00200687
1.2860e-02,0.0129687,-6.40625e-05
1.2870e-02,0.00453125,0.00196313
1.2880e-02,-0.00890625,0.00217125
1.2890e-02,0.0207812,0.000450938
1.2900e-02,0.0120312,-0.000590313
1.2910e-02,0.00828125,-0.00206094
1.2920e-02,0.0046875,-0.0008125
1.2930e-02,-0.00609375,0.000895938
1.2940e-02,-0.00140625,0.00134688
1.2950e-02,0.0129687,0.000991875
1.2960e-02,-0.004375,-0.0006825
1.2970e-02,-0.0053125,-0.000988125
1.2980e-02,-0.0075,-0.00136531
1.2990e-02,0.00125,-0.000304375
1.3000e-02,-0.0040625,0.00132563
1.3010e-02,0.00234375,0.00131563
1.3020e-02,-0.0021875,6.90625e-05
1.3030e-02,-0.00125,-0.00126844
1.3040e-02,-0.00515625,-0.00161281
1.3050e-02,-0.00453125,-0.000628125
1.3060e-02,-0.00234375,-0.000256563
1.3070e-02,-0.00125,0.000657813
1.3080e-02,0.004375,0.000376875
1.3090e-02,0.0003125,-0.000629063
1.3100e-02,-0.0148437,-0.000959063
1.3110e-02,0.00890625,-0.000800938
1.3120e-02,0.00296875,-0.0002
1.3130e-02,-0.00640625,0.000311563
1.3140e-02,-0.00046875,0.000844688
1.3150e-02,-0.0065625,-0.000262187
1.3160e-02,-0.003125,-0.000289688
1.3170e-02,0.00171875,-0.000488438
1.3180e-02,-0.01125,-0.000579375
1.3190e-02,-0.0126563,0.000199375
1.3200e-02,-0.0075,0.000410313
1.3210e-02,-0.00546875,0.000435625
1.3220e-02,-0.0195312,-0.000373438
1.3230e-02,-0.00125,-0.000316563
1.3240e-02,-0.0171875,-0.000349375
1.3250e-02,-0.00265625,-0.00070875
1.3260e-02,-0.0071875,-0.000338438
1.3270e-02,-0.0101563,-0.000201875
1.3280e-02,-0.004375,-0.000148438
1.3290e-02,-0.010625,-0.000463125
1.3300e-02,-0.0121875,-0.000571563
1.3310e-02,0.00015625,3.125e-07
1.3320e-02,0.0003125,0.000102188
1.3330e-02,-0.00625,0.000331875
1.3340e-02,-0.0171875,3.46875e-05
1.3350e-02,-0.008125,-0.00015125
1.3360e-02,-0.0151562,-8.125e-05
1.3370e-02,-0.0134375,-0.0003475
1.3380e-02,-0.00671875,-8.75e-06
1.3390e-02,-0.0184375,0.000341563
1.3400e-02,-0.0078125,0.00027375
1.3410e-02,-0.00875,-0.000182188
1.3420e-02,-0.0096875,0.000435938
1.3430e-02,-0.0229687,4.15625e-05
1.3440e-02,-0.0160938,-0.000295
1.3450e-02,-0.0059375,-0.000485
1.3460e-02,-0.01625,-9.1875e-05
1.3470e-02,-0.0189062,0.00010125
1.3480e-02,-0.025,0.000363438
1.3490e-02,-0.0145312,0.0004
1.3500e-02,-0.0121875,5.84375e-05
1.3510e-02,-0.0151562,-2.96875e-05
1.3520e-02,-0.0128125,9.1875e-05
1.3530e-02,-0.010625,-0.00057
1.3540e-02,-0.0189062,0.00018625
1.3550e-02,-0.0209375,0.000420625
1.3560e-02,-0.0254688,-4.90625e-05
1.3570e-02,0.00453125,-0.000716875
1.3580e-02,-0.0078125,-0.000418125
1.3590e-02,-0.0151562,-9.375e-06
1.3600e-02,-0.0182812,9.8125e-05
1.3610e-02,-0.0121875,-4.6875e-06
1.3620e-02,-0.018125,0.000274063
1.3630e-02,-0.0065625,0.000793438
1.3640e-02,-0.0134375,0.00018875
1.3650e-02,-0.0229687,-0.000175625
1.3660e-02,-0.01875,1.46875e-05
1.3670e-02,-0.005625,0.000131875
1.3680e-02,-0.0159375,0.00022125
1.3690e-02,-0.021875,0.000350625
1.3700e-02,-0.0229687,-2.1875e-06
1.3710e-02,-0.0221875,-0.000319375
1.3720e-02,-0.0190625,4.6875e-05
1.3730e-02,-0.02375,-3.1875e-05
1.3740e-02,-0.0009375,-0.000195938
1.3750e-02,-0.0110937,8.6875e-05
1.3760e-02,-0.0128125,-0.000169375
1.3770e-02,-0.0164063,-0.00011125
1.3780e-02,-0.0214063,-0.000589375
1.3790e-02,-0.00828125,-0.000527188
1.3800e-02,-0.0167188,-0.000112813
1.3810e-02,-0.00796875,0.000495625
1.3820e-02,-0.0201563,-0.0003975
1.3830e-02,-0.0207813,7.09375e-05
1.3840e-02,-0.018125,-0.000160313
1.3850e-02,-0.0189062,-0.00021875
1.3860e-02,-0.0146875,0.00038625
1.3870e-02,-0.0176563,0.00057375
1.3880e-02,-0.0207813,0.000144063
1.3890e-02,-0.00375,-3.53125e-05
1.3900e-02,-0.0179687,-0.000106563
1.3910e-02,-0.0103125,0.000351563
1.3920e-02,-0.0239063,-1.5e-05
1.3930e-02,-0.0209375,-0.000278438
1.3940e-02,-0.01875,0.000469063
1.3950e-02,-0.0120313,-0.000282813
1.3960e-02,-0.0170313,-0.000660938
1.3970e-02,-0.0225,-0.000746563
1.3980e-02,-0.024375,-0.000550313
1.3990e-02,-0.0298438,-0.000373125
1.4000e-02,-0.0192187,-0.000154375
1.4010e-02,-0.0207813,-0.000126563
1.4020e-02,-0.02875,-0.000730313
1.4030e-02,-0.019375,7.9375e-05
1.4040e-02,-0.0246875,-0.000485938
1.4050e-02,-0.025,4.3125e-05
1.4060e-02,-0.0139063,0.000242813
1.4070e-02,-0.0248438,0.000199688
1.4080e-02,-0.0290625,0.000420313
1.4090e-02,-0.0264062,-0.000179063
1.4100e-02,-0.0217188,-0.000530313
1.4110e-02,-0.02125,-3.0625e-05
1.4120e-02,-0.01375,0.000157813
1.4130e-02,-0.0214063,-4.84375e-05
1.4140e-02,-0.0164063,-0.000564375
1.4150e-02,-0.014375,-0.00047
1.4160e-02,-0.0339062,0.000209688
1.4170e-02,-0.02625,0.0004325
1.4180e-02,-0.0275,-4.4375e-05
1.4190e-02,-0.025,-6.46875e-05
1.4200e-02,-0.0123438,-0.000187188
1.4210e-02,-0.016875,-0.000311875
1.4220e-02,-0.0165625,0.000283125
1.4230e-02,-0.0248438,-1.75e-05
1.4240e-02,-0.0215625,-0.000507188
1.4250e-02,-0.0267187,0.000353125
1.4260e-02,-0.0248438,0.000280938
1.4270e-02,-0.0279688,-5.90625e-05
1.4280e-02,-0.02,0.000214688
1.4290e-02,-0.0303125,-3.9375e-05
1.4300e-02,-0.023125,0.000359688
1.4310e-02,-0.0173438,0.000205
1.4320e-02,-0.02125,0.000648438
1.4330e-02,-0.0232812,0.00100438
1.4340e-02,-0.0254688,-0.000155313
1.4350e-02,-0.0198438,0.00011625
1.4360e-02,-0.0176563,-9.53125e-05
1.4370e-02,-0.0170313,-0.000190625
1.4380e-02,-0.0173438,0.000154063
1.4390e-02,-0.0176563,-0.000196875
1.4400e-02,-0.0317188,-0.00024625
1.4410e-02,-0.0232812,-0.0001275
1.4420e-02,-0.03375,-0.000352188
1.4430e-02,-0.019375,-0.000214375
1.4440e-02,-0.0170313,0.000125938
1.4450e-02,-0.0378125,0.00034375
1.4460e-02,-0.0326562,-0.000325625
1.4470e-02,-0.0254688,-0.000196875
1.4480e-02,-0.0217188,-0.000148125
1.4490e-02,-0.02125,0.000389063
1.4500e-02,-0.0239063,0.000393125
1.4510e-02,-0.03875,-0.000195938
1.4520e-02,-0.0254688,-0.000159688
1.4530e-02,-0.01625,-1.59375e-05
1.4540e-02,-0.02,-0.00067625
1.4550e-02,-0.0226562,-0.0008075
1.4560e-02,-0.0195312,-0.000427188
1.4570e-02,-0.0323438,-0.000248438
1.4580e-02,-0.011875,-0.000519062
1.4590e-02,-0.0290625,-0.000705313
1.4600e-02,-0.0273438,-0.000246563
1.4610e-02,-0.0245313,1.21875e-05
1.4620e-02,-0.0284375,-1.1875e-05
1.4630e-02,-0.0340625,-0.00030875
1.4640e-02,-0.0221875,-0.000574375
1.4650e-02,-0.0214063,-0.000664375
1.4660e-02,-0.0221875,-1.5e-05
1.4670e-02,-0.0257812,0.000155313
1.4680e-02,-0.0273438,0.00011375
1.4690e-02,-0.0267187,0.000744063
1.4700e-02,-0.0251563,0.000118438
1.4710e-02,-0.0259375,0.000599375
1.4720e-02,-0.0235938,0.000275313
1.4730e-02,-0.0314062,0.000318125
1.4740e-02,-0.0279688,-0.00028375
1.4750e-02,-0.0235938,0.00048375
1.4760e-02,-0.02875,7.75e-05
1.4770e-02,-0.0367188,-0.00011375
1.4780e-02,-0.0225,5.21875e-05
1.4790e-02,-0.0259375,0.000212813
1.4800e-02,-0.0385937,9.53125e-05
1.4810e-02,-0.0382813,0.000495313
1.4820e-02,-0.0229687,0.000291563
1.4830e-02,-0.0275,-0.000237813
1.4840e-02,-0.0284375,0.0003225
1.4850e-02,-0.0278125,0.000176563
1.4860e-02,-0.034375,0.000236563
1.4870e-02,-0.033125,-0.000153125
1.4880e-02,-0.0257812,0.00013125
1.4890e-02,-0.023125,0.000130313
1.4900e-02,-0.0335937,0.000124688
1.4910e-02,-0.0232812,4.375e-05
1.4920e-02,-0.0253125,8.875e-05
1.4930e-02,-0.0235938,-0.000261875
1.4940e-02,-0.0301563,0.000109688
1.4950e-02,-0.0160938,-3.21875e-05
1.4960e-02,-0.0328125,0.0001725
1.4970e-02,-0.0270312,0.000375625
1.4980e-02,-0.034375,-4.875e-05
1.4990e-02,-0.0246875,0.0002475
1.5000e-02,-0.02625,-0.0001625
1.5010e-02,-0.0232812,-4.125e-05
1.5020e-02,-0.0251563,-0.00011625
1.5030e-02,-0.0210938,0.000360313
1.5040e-02,-0.0317188,0.000457813
1.5050e-02,-0.0270312,-0.000251875
1.5060e-02,-0.0354688,0.000150313
1.5070e-02,-0.0285938,-1.25e-05
1.5080e-02,-0.0196875,-4.375e-06
1.5090e-02,-0.024375,0.000195
1.5100e-02,-0.035,0.000214375
1.5110e-02,-0.0295313,0.000115938
1.5120e-02,-0.0278125,4.9375e-05
1.5130e-02,-0.0273438,-0.000161563
1.5140e-02,-0.0304688,-0.0005425
1.5150e-02,-0.0314062,-0.000799375
1.5160e-02,-0.0296875,-0.000350938
1.5170e-02,-0.035625,-4.53125e-05
1.5180e-02,-0.0342187,-0.000144688
1.5190e-02,-0.0267187,-0.000801875
1.5200e-02,-0.0245313,-0.000775938
1.5210e-02,-0.0289063,-0.000454063
1.5220e-02,-0.0339062,0.00059375
1.5230e-02,-0.030625,-0.000185313
1.5240e-02,-0.035,-0.0002475
1.5250e-02,-0.0401563,-0.000290938
1.5260e-02,-0.0520313,-0.000330313
1.5270e-02,-0.0273438,-2.8125e-06
1.5280e-02,-0.0304688,-0.000295313
1.5290e-02,-0.0332812,0.00029375
1.5300e-02,-0.0304688,0.000674063
1.5310e-02,-0.034375,0.000745625
1.5320e-02,-0.0298438,-0.000507188
1.5330e-02,-0.0332812,-0.000400625
1.5340e-02,-0.0409375,-0.000186875
1.5350e-02,-0.0396875,-0.000499375
1.5360e-02,-0.0264062,-0.000218125
1.5370e-02,-0.031875,-0.000356875
1.5380e-02,-0.036875,-0.000380938
1.5390e-02,-0.0254688,-0.000620625
1.5400e-02,-0.0334375,-0.000304687
1.5410e-02,-0.031875,0.000288438
1.5420e-02,-0.0210938,0.000613438
1.5430e-02,-0.0339062,0.000165
1.5440e-02,-0.0339062,-5.71875e-05
1.5450e-02,-0.0384375,0.000685625
1.5460e-02,-0.0367188,-8.75e-06
1.5470e-02,-0.044375,-3.78125e-05
1.5480e-02,-0.0276563,0.000609688
1.5490e-02,-0.0323438,0.000719375
1.5500e-02,-0.0270312,0.000713438
1.5510e-02,-0.0370313,9e-05
1.5520e-02,-0.0260937,-0.000162813
1.5530e-02,-0.024375,-9.96875e-05
1.5540e-02,-0.04125,-0.000364063
1.5550e-02,-0.0296875,0.000209063
1.5560e-02,-0.0346875,-4.96875e-05
1.5570e-02,-0.024375,-0.000339375
1.5580e-02,-0.0376563,-0.00041125
1.5590e-02,-0.0273438,-0.00077
1.5600e-02,-0.0359375,-0.000476875
1.5610e-02,-0.0273438,7.78125e-05
1.5620e-02,-0.03125,-0.000195313
1.5630e-02,-0.03,0.000825625
1.5640e-02,-0.0429688,0.00022875
1.5650e-02,-0.0325,0.000386875
1.5660e-02,-0.0259375,0.00053875
1.5670e-02,-0.0304688,4.15625e-05
1.5680e-02,-0.0407813,0.000174688
1.5690e-02,-0.0157813,0.000410625
1.5700e-02,-0.0328125,0.00034875
1.5710e-02,-0.0303125,0.0003775
1.5720e-02,-0.0296875,0.000120313
1.5730e-02,-0.0292188,-0.000771563
1.5740e-02,-0.0326562,-0.000510937
1.5750e-02,-0.030625,0.000171563
1.5760e-02,-0.0289063,-5.40625e-05
1.5770e-02,-0.0246875,-0.000174063
1.5780e-02,-0.0203125,-0.0006425
1.5790e-02,-0.0332812,-0.000675313
1.5800e-02,-0.0309375,-0.000263125
1.5810e-02,-0.025,0.000393125
1.5820e-02,-0.0404687,0.0008275
1.5830e-02,-0.033125,0.00079125
1.5840e-02,-0.0254688,0.000500312
1.5850e-02,-0.0323438,-0.00026875
1.5860e-02,-0.035625,-0.000269375
1.5870e-02,-0.025625,9.375e-06
1.5880e-02,-0.0260937,0.00040625
1.5890e-02,-0.0278125,0.000754688
1.5900e-02,-0.040625,0.000342813
1.5910e-02,-0.0332812,-0.0001375
1.5920e-02,-0.0396875,-0.00114656
1.5930e-02,-0.01875,-0.00100875
1.5940e-02,-0.0334375,-0.000158125
1.5950e-02,-0.0220313,0.000479688
1.5960e-02,-0.0395313,0.000879688
1.5970e-02,-0.0295313,2.5e-05
1.5980e-02,-0.0421875,-0.00014625
1.5990e-02,-0.0296875,-0.000909688
1.6000e-02,-0.0342187,-0.000505313
1.6010e-02,-0.03375,0.00017625
1.6020e-02,-0.038125,0.000674063
1.6030e-02,-0.0376563,0.000659375
1.6040e-02,-0.0264062,0.00032
1.6050e-02,-0.0329688,-0.00135625
1.6060e-02,-0.0328125,-0.00111406
1.6070e-02,-0.0285938,0.000315
1.6080e-02,-0.0373438,0.0017725
1.6090e-02,-0.0284375,0.00133656
1.6100e-02,-0.0184375,0.000185938
1.6110e-02,-0.0378125,-0.00141094
1.6120e-02,-0.0367188,-0.00110719
1.6130e-02,-0.0364063,-0.000480625
1.6140e-02,-0.0339062,0.000290625
1.6150e-02,-0.0417187,0.00177313
1.6160e-02,-0.0314062,0.00117688
1.6170e-02,-0.0234375,-0.0006875
1.6180e-02,-0.0296875,-0.00203344
1.6190e-02,-0.0370313,-0.00141
1.6200e-02,-0.0329688,0.000350313
1.6210e-02,-0.036875,0.00246313
1.6220e-02,-0.0326562,0.0016275
1.6230e-02,-0.026875,-0.000395313
1.6240e-02,-0.0396875,-0.00284281
1.6250e-02,-0.0460938,-0.002075
1.6260e-02,-0.0265625,-0.000195625
1.6270e-02,-0.0270312,0.0018075
1.6280e-02,-0.02625,0.00266406
1.6290e-02,-0.0253125,0.00125688
1.6300e-02,-0.0364063,-0.00197562
1.6310e-02,-0.0259375,-0.00411313
1.6320e-02,-0.0271875,-0.00181656
1.6330e-02,-0.0270312,0.00155688
1.6340e-02,-0.0496875,0.00325656
1.6350e-02,-0.0354688,0.00277906
1.6360e-02,-0.0401563,-0.000824063
1.6370e-02,-0.0234375,-0.00356281
1.6380e-02,-0.0270312,-0.00388688
1.6390e-02,-0.0228125,-0.000982187
1.6400e-02,-0.0190625,0.00309281
1.6410e-02,-0.0384375,0.00436594
1.6420e-02,-0.0310937,0.00286875
1.6430e-02,-0.0317188,-0.0012875
1.6440e-02,-0.0453125,-0.00493375
1.6450e-02,-0.0304688,-0.00356719
1.6460e-02,-0.0275,0.000869375
1.6470e-02,-0.03875,0.00472094
1.6480e-02,-0.0376563,0.00492531
1.6490e-02,-0.0242188,0.000714063
1.6500e-02,-0.0309375,-0.00370594
1.6510e-02,-0.02875,-0.00502
1.6520e-02,-0.0339062,-0.00236656
1.6530e-02,-0.031875,0.00179438
1.6540e-02,-0.0451563,0.00542219
1.6550e-02,-0.0390625,0.00348375
1.6560e-02,-0.0365625,-0.00088875
1.6570e-02,-0.03125,-0.00428469
1.6580e-02,-0.0295313,-0.00495688
1.6590e-02,-0.0346875,-0.0009325
1.6600e-02,-0.0375,0.00304563
1.6610e-02,-0.0432813,0.00418938
1.6620e-02,-0.0296875,0.00189875
1.6630e-02,-0.0284375,-0.00189844
1.6640e-02,-0.0401563,-0.00468531
1.6650e-02,-0.034375,-0.00289656
1.6660e-02,-0.034375,0.000617813
1.6670e-02,-0.041875,0.00335625
1.6680e-02,-0.020625,0.00321438
1.6690e-02,-0.0345312,9.53125e-05
1.6700e-02,-0.0395313,-0.00275375
1.6710e-02,-0.0340625,-0.004045
1.6720e-02,-0.0373438,-0.00113656
1.6730e-02,-0.0317188,0.00120469
1.6740e-02,-0.05125,0.00290938
1.6750e-02,-0.0451563,0.00193188
1.6760e-02,-0.043125,-0.00126063
1.6770e-02,-0.0298438,-0.00234563
1.6780e-02,-0.03,-0.00194656
1.6790e-02,-0.0421875,-0.000294688
1.6800e-02,-0.043125,0.00204781
1.6810e-02,-0.0370313,0.00157531
1.6820e-02,-0.028125,-0.000254063
1.6830e-02,-0.0546875,-0.00226375
1.6840e-02,-0.0346875,-0.00172156
1.6850e-02,-0.029375,7.53125e-05
1.6860e-02,-0.0314062,0.00122969
1.6870e-02,-0.0351562,0.00143344
1.6880e-02,-0.031875,0.000309688
1.6890e-02,-0.0265625,-0.00126125
1.6900e-02,-0.0367188,-0.00158719
1.6910e-02,-0.0357813,-0.000154375
1.6920e-02,-0.0365625,0.000822813
1.6930e-02,-0.0384375,0.00138156
1.6940e-02,-0.0395313,0.00106281
1.6950e-02,-0.0460938,-0.00039125
1.6960e-02,-0.0401563,-0.00170719
1.6970e-02,-0.043125,-0.00135281
1.6980e-02,-0.0329688,-0.000534688
1.6990e-02,-0.0414063,0.00141313
1.7000e-02,-0.0307813,0.000759063
1.7010e-02,-0.0370313,0.00021
1.7020e-02,-0.0346875,-0.000706563
1.7030e-02,-0.038125,-0.00160063
1.7040e-02,-0.0329688,-0.000485938
1.7050e-02,-0.0448438,0.000164688
1.7060e-02,-0.0303125,0.00144188
1.7070e-02,-0.0475,0.00055
1.7080e-02,-0.0359375,-0.0005425
1.7090e-02,-0.0285938,-0.000744375
1.7100e-02,-0.02375,-0.000988438
1.7110e-02,-0.03875,-5.5e-05
1.7120e-02,-0.0401563,0.00091125
1.7130e-02,-0.0354688,0.000423125
1.7140e-02,-0.0289063,0.000105
1.7150e-02,-0.0342187,-0.000910313
1.7160e-02,-0.039375,-0.00117313
1.7170e-02,-0.03625,-0.0005175
1.7180e-02,-0.0339062,0.000518438
1.7190e-02,-0.0301563,0.000889375
1.7200e-02,-0.0382813,0.00104813
1.7210e-02,-0.0326562,0.0001675
1.7220e-02,-0.0407813,-0.0004125
1.7230e-02,-0.0414063,-0.000529375
1.7240e-02,-0.035,0.000225625
1.7250e-02,-0.03875,0.000407188
1.7260e-02,-0.0382813,0.000409688
1.7270e-02,-0.0342187,0.000164063
1.7280e-02,-0.0303125,7.71875e-05
1.7290e-02,-0.038125,-0.000466875
1.7300e-02,-0.0364063,-0.00083875
1.7310e-02,-0.0375,0.000253125
1.7320e-02,-0.0320312,-0.000229375
1.7330e-02,-0.0339062,8.25e-05
1.7340e-02,-0.0267187,0.000119688
1.7350e-02,-0.0434375,9.0625e-05
1.7360e-02,-0.0348437,-0.000768438
1.7370e-02,-0.03875,-0.000194375
1.7380e-02,-0.0357813,-0.000158125
1.7390e-02,-0.0434375,0.00017875
1.7400e-02,-0.02875,0.000528125
1.7410e-02,-0.0496875,-0.000198125
1.7420e-02,-0.0289063,0.000163438
1.7430e-02,-0.0428125,-0.000298125
1.7440e-02,-0.0365625,-0.000122813
1.7450e-02,-0.0328125,-0.00042375
1.7460e-02,-0.0398437,0.000390313
1.7470e-02,-0.0373438,0.0002925
1.7480e-02,-0.0384375,-0.000193125
1.7490e-02,-0.0285938,-0.000423125
1.7500e-02,-0.0332812,-0.000190313
1.7510e-02,-0.0340625,0.00023
1.7520e-02,-0.025625,0.000415938
1.7530e-02,-0.0360938,0.000119375
1.7540e-02,-0.03375,-0.000357813
1.7550e-02,-0.0346875,-0.000852188
1.7560e-02,-0.0376563,-0.00141219
1.7570e-02,-0.040625,-0.00054875
1.7580e-02,-0.0409375,-0.000627188
1.7590e-02,-0.040625,-0.000290625
1.7600e-02,-0.0471875,-2.40625e-05
1.7610e-02,-0.0364063,0.000308438
1.7620e-02,-0.0425,-0.0003075
1.7630e-02,-0.05375,-0.000393438
1.7640e-02,-0.0429688,-0.000144063
1.7650e-02,-0.038125,3.0625e-05
1.7660e-02,-0.0278125,0.000483125
1.7670e-02,-0.03625,-7.28125e-05
1.7680e-02,-0.0323438,-0.000263437
1.7690e-02,-0.0342187,-0.000312188
1.7700e-02,-0.0378125,4.71875e-05
1.7710e-02,-0.0317188,0.000136875
1.7720e-02,-0.0465625,0.000537813
1.7730e-02,-0.0407813,0.000483438
1.7740e-02,-0.0353125,0.000409063
1.7750e-02,-0.034375,0.00028125
1.7760e-02,-0.0334375,-0.0002275
1.7770e-02,-0.0384375,-0.000381875
1.7780e-02,-0.04375,-0.000123438
1.7790e-02,-0.0465625,0.000136875
1.7800e-02,-0.033125,0.000277813
1.7810e-02,-0.035,8.9375e-05
1.7820e-02,-0.0375,-0.000369063
1.7830e-02,-0.0414063,-0.000251875
1.7840e-02,-0.050625,-0.000385938
1.7850e-02,-0.0396875,0.000114688
1.7860e-02,-0.0376563,0.000272812
1.7870e-02,-0.0292188,5.34375e-05
1.7880e-02,-0.0242188,0.000199375
1.7890e-02,-0.0328125,-0.000548125
1.7900e-02,-0.0235938,-0.000196563
1.7910e-02,-0.0315625,0.0004275
1.7920e-02,-0.04625,0.00027625
1.7930e-02,-0.0378125,0.000435625
1.7940e-02,-0.0248438,-0.000224375
1.7950e-02,-0.04125,-0.000970625
1.7960e-02,-0.0409375,-0.000509688
1.7970e-02,-0.036875,6.78125e-05
1.7980e-02,-0.0320312,6.875e-06
1.7990e-02,-0.0376563,0.000172813
1.8000e-02,-0.048125,-0.000268125
1.8010e-02,-0.0346875,-0.000254375
1.8020e-02,-0.038125,-0.000130625
1.8030e-02,-0.049375,-0.00030125
1.8040e-02,-0.0295313,0.000330938
1.8050e-02,-0.035,0.000228438
1.8060e-02,-0.0321875,0.00027125
1.8070e-02,-0.0354688,-3.84375e-05
1.8080e-02,-0.0396875,-8.6875e-05
1.8090e-02,-0.0332812,-0.000250625
1.8100e-02,-0.0375,-0.000163438
1.8110e-02,-0.0307813,0.000259063
1.8120e-02,-0.0332812,3.46875e-05
1.8130e-02,-0.033125,-0.000379688
1.8140e-02,-0.0339062,-0.001195
1.8150e-02,-0.0378125,-0.000627813
1.8160e-02,-0.0346875,-0.000735625
1.8170e-02,-0.0353125,-0.000206563
1.8180e-02,-0.0540625,-3.5625e-05
1.8190e-02,-0.0375,9.53125e-05
1.8200e-02,-0.0254688,0.000355938
1.8210e-02,-0.0442188,0.000153125
1.8220e-02,-0.0485938,-0.00041875
1.8230e-02,-0.0371875,-4.4375e-05
1.8240e-02,-0.035,0.00010125
1.8250e-02,-0.0434375,5.71875e-05
1.8260e-02,-0.0329688,0.000211563
1.8270e-02,-0.0378125,-0.00074875
1.8280e-02,-0.0282813,-0.00014125
1.8290e-02,-0.0389063,-0.000380938
1.8300e-02,-0.0470312,-0.000542813
1.8310e-02,-0.0378125,-0.000193438
1.8320e-02,-0.054375,-8.53125e-05
1.8330e-02,-0.0370313,-0.000712813
1.8340e-02,-0.0345312,-0.00019375
1.8350e-02,-0.02875,0.000178125
1.8360e-02,-0.04,3.90625e-05
1.8370e-02,-0.0409375,0.000309375
1.8380e-02,-0.0417187,0.0002975
1.8390e-02,-0.0467188,-0.00011
1.8400e-02,-0.0460938,9.90625e-05
1.8410e-02,-0.0320312,-1.5e-05
1.8420e-02,-0.04625,-0.000356563
1.8430e-02,-0.04375,0.000215938
1.8440e-02,-0.0348437,5.71875e-05
1.8450e-02,-0.0432813,-0.000334688
1.8460e-02,-0.0310937,-0.000488125
1.8470e-02,-0.04375,-0.00101781
1.8480e-02,-0.0260937,-0.00014125
1.8490e-02,-0.0525,-0.00028875
1.8500e-02,-0.0292188,0.000120625
1.8510e-02,-0.050625,-0.0002875
1.8520e-02,-0.0385937,0.000142813
1.8530e-02,-0.0485938,-0.000399375
1.8540e-02,-0.03625,-0.000473438
1.8550e-02,-0.0303125,8.75e-05
1.8560e-02,-0.039375,0.000190625
1.8570e-02,-0.0440625,-1.78125e-05
1.8580e-02,-0.0382813,-0.000136563
1.8590e-02,-0.0417187,0.000332813
1.8600e-02,-0.0448438,0.000163438
1.8610e-02,-0.0398437,0.0002725
1.8620e-02,-0.0415625,0.000799063
1.8630e-02,-0.0409375,0.0003525
1.8640e-02,-0.0526563,0.000173125
1.8650e-02,-0.0571875,-0.00071375
1.8660e-02,-0.03125,-0.000552188
1.8670e-02,-0.045625,0.000269688
1.8680e-02,-0.0367188,5.9375e-06
1.8690e-02,-0.0428125,-0.00010875
1.8700e-02,-0.0339062,-0.000128437
1.8710e-02,-0.0421875,-0.000228438
1.8720e-02,-0.0465625,-7.40625e-05
1.8730e-02,-0.0440625,-0.000173438
1.8740e-02,-0.0357813,-0.000205938
1.8750e-02,-0.0426562,-0.000457188
1.8760e-02,-0.0389063,0.000175
1.8770e-02,-0.0485938,-0.000604375
1.8780e-02,-0.0404687,0.000110625
1.8790e-02,-0.0326562,2.875e-05
1.8800e-02,-0.0467188,0.0001925
1.8810e-02,-0.043125,-0.000258438
1.8820e-02,-0.0445313,0.00013625
1.8830e-02,-0.0439063,-2.28125e-05
1.8840e-02,-0.0407813,0.000522188
1.8850e-02,-0.0446875,0.0001825
1.8860e-02,-0.033125,6.84375e-05
1.8870e-02,-0.0304688,0.000358438
1.8880e-02,-0.0357813,0.000638438
1.8890e-02,-0.0340625,8.125e-05
1.8900e-02,-0.0423437,0.000210313
1.8910e-02,-0.04125,-0.000219063
1.8920e-02,-0.0414063,-0.000510313
1.8930e-02,-0.0371875,-0.000478438
1.8940e-02,-0.0490625,-0.000614687
1.8950e-02,-0.05375,0.000241875
1.8960e-02,-0.0482812,-0.000420625
1.8970e-02,-0.0464062,0.000109688
1.8980e-02,-0.0290625,2.21875e-05
1.8990e-02,-0.044375,5.3125e-06
1.9000e-02,-0.0353125,-5.71875e-05
1.9010e-02,-0.0196875,-2.28125e-05
1.9020e-02,-0.0414063,-0.000326875
1.9030e-02,-0.0401563,-0.000282188
1.9040e-02,-0.04375,0.000199688
1.9050e-02,-0.04125,-0.000432188
1.9060e-02,-0.04125,0.0001925
1.9070e-02,-0.0378125,0.00027625
1.9080e-02,-0.0421875,-0.0003725
1.9090e-02,-0.04,-3e-05
1.9100e-02,-0.0484375,0.000356875
1.9110e-02,-0.049375,1.96875e-05
1.9120e-02,-0.0296875,0.00014
1.9130e-02,-0.033125,-0.000527188
1.9140e-02,-0.0307813,-1.09375e-05
1.9150e-02,-0.0451563,0.000161563
1.9160e-02,-0.0415625,-0.0001425
1.9170e-02,-0.040625,-0.000425313
1.9180e-02,-0.0485938,-0.000101875
1.9190e-02,-0.0520313,-7.09375e-05
1.9200e-02,-0.0410937,0.00012875
1.9210e-02,-0.025625,-0.000109375
1.9220e-02,-0.0384375,-0.000171563
1.9230e-02,-0.0414063,-0.000669375
1.9240e-02,-0.040625,0.0001675
1.9250e-02,-0.0395313,-0.000284375
1.9260e-02,-0.0398437,-5.625e-06
1.9270e-02,-0.0334375,0.00021375
1.9280e-02,-0.0409375,0.000109375
1.9290e-02,-0.0392187,0.000519688
1.9300e-02,-0.0384375,-0.000113125
1.9310e-02,-0.0364063,0.000168438
1.9320e-02,-0.036875,-0.000324063
1.9330e-02,-0.04625,8.34375e-05
1.9340e-02,-0.050625,-0.000435625
1.9350e-02,-0.03375,5.375e-05
1.9360e-02,-0.0354688,-0.000344688
1.9370e-02,-0.0525,0.000152813
1.9380e-02,-0.0573437,-0.00035625
1.9390e-02,-0.0454688,-0.000402813
1.9400e-02,-0.028125,6.96875e-05
1.9410e-02,-0.0428125,-0.000330313
1.9420e-02,-0.0357813,0.000100625
1.9430e-02,-0.0442188,-0.000340938
1.9440e-02,-0.0404687,-0.000614375
1.9450e-02,-0.0454688,9.84375e-05
1.9460e-02,-0.038125,0.000199063
1.9470e-02,-0.045,0.000566563
1.9480e-02,-0.0490625,0.000165625
1.9490e-02,-0.0334375,-3.4375e-06
1.9500e-02,-0.043125,0.00021125
1.9510e-02,-0.036875,0.000213125
1.9520e-02,-0.0364063,-0.000135938
1.9530e-02,-0.0340625,-0.000315
1.9540e-02,-0.0442188,-0.000455313
1.9550e-02,-0.0509375,-0.00053875
1.9560e-02,-0.0478125,0.000140313
1.9570e-02,-0.0354688,-0.000353125
1.9580e-02,-0.0415625,9.59375e-05
1.9590e-02,-0.0515625,-6.875e-05
1.9600e-02,-0.0415625,2.6875e-05
1.9610e-02,-0.036875,0.000246875
1.9620e-02,-0.0451563,0.000307813
1.9630e-02,-0.055625,9.625e-05
1.9640e-02,-0.0378125,0.000404063
1.9650e-02,-0.0407813,0.000122188
1.9660e-02,-0.0389063,0.00010875
1.9670e-02,-0.0346875,0.00035875
1.9680e-02,-0.0448438,-0.000109375
1.9690e-02,-0.03625,-0.00019125
1.9700e-02,-0.0315625,0.000254688
1.9710e-02,-0.0520313,-7.78125e-05
1.9720e-02,-0.0434375,-0.000160938
1.9730e-02,-0.0457813,-7.25e-05
1.9740e-02,-0.0460938,-0.000336563
1.9750e-02,-0.0382813,0.000276563
1.9760e-02,-0.03625,-9.875e-05
1.9770e-02,-0.03875,0.00024625
1.9780e-02,-0.0389063,-0.00032
1.9790e-02,-0.0429688,-1.6875e-05
1.9800e-02,-0.034375,-7.34375e-05
1.9810e-02,-0.0351562,0.00045
1.9820e-02,-0.0390625,0.0005275
1.9830e-02,-0.0385937,0.0003925
1.9840e-02,-0.0407813,-0.000246563
1.9850e-02,-0.0384375,0.000620938
1.9860e-02,-0.0273438,-0.000395938
1.9870e-02,-0.049375,0.000541563
1.9880e-02,-0.034375,0.000153125
1.9890e-02,-0.0348437,-7.5e-05
1.9900e-02,-0.0390625,0.000120313
1.9910e-02,-0.0382813,-0.000153125
1.9920e-02,-0.0335937,-0.000285625
1.9930e-02,-0.029375,0.00012875
1.9940e-02,-0.04875,0.000430938
1.9950e-02,-0.0423437,0.000720625
1.9960e-02,-0.0460938,0.000544688
1.9970e-02,-0.0421875,-0.000194688
1.9980e-02,-0.0348437,-0.000316563
1.9990e-02,-0.04125,-0.000267188
2.0000e-02,-0.0445313,-0.000314063
2.0010e-02,-0.0323438,-9.65625e-05
2.0020e-02,-0.0415625,-0.0006675
2.0030e-02,-0.0470312,-1.25e-05
2.0040e-02,-0.0559375,-0.0001925
2.0050e-02,-0.0339062,-0.000266875
2.0060e-02,-0.0423437,-0.00011
2.0070e-02,-0.0348437,4.75e-05
2.0080e-02,-0.0534375,-0.000213125
2.0090e-02,-0.0392187,0.000214063
2.0100e-02,-0.0328125,0.000322813
2.0110e-02,-0.04125,-0.000430313
2.0120e-02,-0.0460938,-0.0005525
2.0130e-02,-0.0257812,0.000205625
2.0140e-02,-0.0351562,0.00024375
2.0150e-02,-0.055,0.000650313
2.0160e-02,-0.0309375,0.00010125
2.0170e-02,-0.0490625,-0.000745313
2.0180e-02,-0.0303125,-8.21875e-05
2.0190e-02,-0.0410937,2.34375e-05
2.0200e-02,-0.0517188,0.000677188
2.0210e-02,-0.043125,3.5625e-05
2.0220e-02,-0.0510938,-0.000430313
2.0230e-02,-0.0334375,-0.00112406
2.0240e-02,-0.0357813,-0.000887813
2.0250e-02,-0.0439063,-0.00103344
2.0260e-02,-0.0376563,0.000453125
2.0270e-02,-0.03875,0.000934375
2.0280e-02,-0.0264062,0.000580625
2.0290e-02,-0.0234375,0.000110938
2.0300e-02,-0.0414063,-0.00075
2.0310e-02,-0.0392187,-0.000523125
2.0320e-02,-0.036875,0.000569063
2.0330e-02,-0.0296875,0.00064
2.0340e-02,-0.0407813,0.000844063
2.0350e-02,-0.0401563,-0.0001225
2.0360e-02,-0.0426562,-0.000735
2.0370e-02,-0.03875,-0.00080625
2.0380e-02,-0.051875,-0.000590313
2.0390e-02,-0.0420312,0.000455625
2.0400e-02,-0.0514063,0.000970313
2.0410e-02,-0.03,0.00119563
2.0420e-02,-0.0373438,0.00110125
2.0430e-02,-0.0382813,0.00109594
2.0440e-02,-0.03375,0.00102719
2.0450e-02,-0.0282813,0.00107281
2.0460e-02,-0.0396875,0.00092375
2.0470e-02,-0.0421875,0.000848438
2.0480e-02,-0.637656,0.000654375
2.0490e-02,0.204219,-0.00369313
2.0500e-02,0.350156,-0.00634375
2.0510e-02,0.12125,-0.00772656
2.0520e-02,-0.419063,-0.00815156
2.0530e-02,0.0920312,-0.00789531
2.0540e-02,0.0953125,-0.00780563
2.0550e-02,0.104375,-0.00777656
2.0560e-02,0.0789062,-0.00784906
2.0570e-02,0.07125,-0.00778313
2.0580e-02,0.0435938,-0.00795625
2.0590e-02,0.0653125,-0.007715
2.0600e-02,0.05,-0.00765938
2.0610e-02,0.035625,-0.00768875
2.0620e-02,0.0365625,-0.00763844
2.0630e-02,0.0382813,-0.00761
2.0640e-02,0.0364063,-0.00764281
2.0650e-02,0.0325,-0.00771906
2.0660e-02,0.0348438,-0.00764094
2.0670e-02,0.0464062,-0.00757688
2.0680e-02,0.035,-0.00776438
2.0690e-02,0.0239063,-0.00766906
2.0700e-02,0.023125,-0.00757563
2.0710e-02,0.0292187,-0.00749969
2.0720e-02,0.00859375,-0.00766344
2.0730e-02,0.0265625,-0.00748781
2.0740e-02,0.0190625,-0.00270813
2.0750e-02,0.0175,0.000650625
2.0760e-02,0.0148437,0.000398438
2.0770e-02,0.0182813,-0.00215875
2.0780e-02,0.0184375,-0.0031875
2.0790e-02,0.011875,-0.00240344
2.0800e-02,0.0298437,0.000472813
2.0810e-02,0.00875,0.00177688
2.0820e-02,0.00875,0.00195844
2.0830e-02,0.00921875,-0.000282188
2.0840e-02,0.0065625,-0.00206875
2.0850e-02,0.008125,-0.00197719
2.0860e-02,0.0220312,0.000289063
2.0870e-02,0.0028125,0.00198594
2.0880e-02,0.00765625,0.00209938
2.0890e-02,0.00546875,0.00081875
2.0900e-02,0.0025,-0.00117094
2.0910e-02,0.0129687,-0.00158063
2.0920e-02,0.00078125,-0.000531875
2.0930e-02,0.0154687,0.0010025
2.0940e-02,-0.00375,0.00164531
2.0950e-02,0.00171875,0.000947813
2.0960e-02,-0.00171875,-0.000554375
2.0970e-02,-0.00046875,-0.00142469
2.0980e-02,0.0040625,-0.00135156
2.0990e-02,0.0114063,4.25e-05
2.1000e-02,-0.0021875,0.00079625
2.1010e-02,0.00125,0.000643125
2.1020e-02,-0.00203125,-0.000167188
2.1030e-02,-0.00203125,-0.000629688
2.1040e-02,-0.0065625,-0.000657188
2.1050e-02,-0.00453125,-0.000615
2.1060e-02,-0.00984375,0.000574688
2.1070e-02,0.0034375,0.00143594
2.1080e-02,-0.00875,0.000475
2.1090e-02,-0.0040625,-0.00059875
2.1100e-02,-0.00640625,-0.000600625
2.1110e-02,0.0025,-0.000318125
2.1120e-02,0.000625,2.03125e-05
2.1130e-02,0.00078125,0.000326875
2.1140e-02,0.00046875,0.000483125
2.1150e-02,0.00078125,4.78125e-05
2.1160e-02,-0.0114062,-0.0003
2.1170e-02,-0.00875,-0.000717813
2.1180e-02,-0.0146875,-0.000480313
2.1190e-02,-0.004375,0.000105313
2.1200e-02,-0.00625,-4.3125e-05
2.1210e-02,-0.010625,0.000170938
2.1220e-02,0.0009375,0.000222188
2.1230e-02,-0.015625,-0.0002375
2.1240e-02,0.00015625,0.000351563
2.1250e-02,-0.0084375,-1.96875e-05
2.1260e-02,-0.00015625,-2.40625e-05
2.1270e-02,-0.00515625,0.000828125
2.1280e-02,-0.0182812,0.0002275
2.1290e-02,-0.0132813,-0.000379063
2.1300e-02,-0.0120313,0.00024875
2.1310e-02,-0.00375,-0.000464688
2.1320e-02,-0.0198438,-0.000419688
2.1330e-02,-0.00296875,1.8125e-05
2.1340e-02,-0.0040625,0.000174375
2.1350e-02,-0.0126563,5.15625e-05
2.1360e-02,-0.00328125,-3.75e-06
2.1370e-02,-0.00921875,-0.000589688
2.1380e-02,-0.00921875,-0.000475313
2.1390e-02,-0.00859375,-0.0005525
2.1400e-02,-0.0132813,0.000137813
2.1410e-02,-0.00859375,0.0001925
2.1420e-02,-0.0220313,0.000134688
2.1430e-02,-0.0114062,0.00017125
2.1440e-02,-0.010625,-2.9375e-05
2.1450e-02,-0.0025,-0.0004525
2.1460e-02,-0.00859375,0.000388438
2.1470e-02,-0.0160938,0.000332188
2.1480e-02,-0.0203125,4.71875e-05
2.1490e-02,-0.019375,-0.000215938
2.1500e-02,-0.0110937,-0.000635625
2.1510e-02,-0.00296875,-0.00038875
2.1520e-02,-0.00328125,-0.000150313
2.1530e-02,-0.0128125,0.000219063
2.1540e-02,-0.0196875,0.0001625
2.1550e-02,-0.0153125,0.000328438
2.1560e-02,-0.0140625,-8.5e-05
2.1570e-02,-0.0179687,-0.000443438
2.1580e-02,-0.0229687,-7.53125e-05
2.1590e-02,-0.00609375,7.9375e-05
2.1600e-02,-0.0154687,0.000407813
2.1610e-02,-0.0126563,0.000211875
2.1620e-02,-0.0151562,0.00035875
2.1630e-02,-0.0203125,0.000487813
2.1640e-02,-0.0209375,0.00034
2.1650e-02,-0.0157813,0.000327813
2.1660e-02,-0.0185937,0.000672813
2.1670e-02,-0.0214063,0.000657813
2.1680e-02,-0.0146875,0.00029875
2.1690e-02,-0.0185937,6.65625e-05
2.1700e-02,-0.0153125,0.000411563
2.1710e-02,-0.008125,-3.125e-06
2.1720e-02,-0.0129688,-2.25e-05
2.1730e-02,-0.013125,-0.000301563
2.1740e-02,-0.0217188,-0.000164063
2.1750e-02,-0.0220313,-0.000743125
2.1760e-02,-0.0225,-0.000544375
2.1770e-02,-0.0253125,-0.00069375
2.1780e-02,-0.0164063,-0.000264375
2.1790e-02,-0.01375,-0.00019
2.1800e-02,-0.018125,2.34375e-05
2.1810e-02,-0.0225,0.0003725
2.1820e-02,-0.0145312,0.00013375
2.1830e-02,-0.0151562,-0.00024125
2.1840e-02,-0.0126563,0.0003725
2.1850e-02,-0.0153125,0.000208125
2.1860e-02,-0.0114062,0.00040375
2.1870e-02,-0.0142188,0.000470313
2.1880e-02,-0.0184375,-1.03125e-05
2.1890e-02,-0.0084375,-0.00054375
2.1900e-02,-0.0278125,-0.000189688
2.1910e-02,-0.0134375,-0.000705
2.1920e-02,-0.0153125,0.000262187
2.1930e-02,-0.0210938,0.00029875
2.1940e-02,-0.008125,-0.000293438
2.1950e-02,-0.0209375,-0.000430938
2.1960e-02,-0.0275,-0.000480313
2.1970e-02,-0.0217188,4.34375e-05
2.1980e-02,-0.0132813,0.0002275
2.1990e-02,-0.0178125,0.000145313
2.2000e-02,-0.0121875,0.000187813
2.2010e-02,-0.0232812,-0.000578125
2.2020e-02,-0.0201563,-0.000192813
2.2030e-02,-0.025,8.4375e-06
2.2040e-02,-0.0232812,-0.000505313
2.2050e-02,-0.024375,0.000548125
2.2060e-02,-0.0228125,0.000238438
2.2070e-02,-0.016875,0.000557188
2.2080e-02,-0.0257812,0.000135
2.2090e-02,-0.025,-0.00038625
2.2100e-02,-0.0153125,-0.000359375
2.2110e-02,-0.0189062,0.00016
2.2120e-02,-0.025625,0.0004075
2.2130e-02,-0.0203125,0.000174063
2.2140e-02,-0.02625,-0.000693438
2.2150e-02,-0.0126563,-0.000440625
2.2160e-02,-0.0284375,-0.000657813
2.2170e-02,-0.0164063,-0.000523438
2.2180e-02,-0.0215625,-0.000206875
2.2190e-02,-0.0232812,-9.4375e-05
2.2200e-02,-0.0254688,-0.000214063
2.2210e-02,-0.014375,-0.000215
2.2220e-02,-0.023125,-0.0003075
2.2230e-02,-0.0254688,-0.000310313
2.2240e-02,-0.0214063,0.000415313
2.2250e-02,-0.02375,0.000520313
2.2260e-02,-0.0226562,3.34375e-05
2.2270e-02,-0.0260937,0.000422188
2.2280e-02,-0.02,-0.000251875
2.2290e-02,-0.0220313,0.000389688
2.2300e-02,-0.0292188,0.000403438
2.2310e-02,-0.030625,0.000458125
2.2320e-02,-0.0245313,0.000540625
2.2330e-02,-0.02375,-0.000380313
2.2340e-02,-0.0217188,-9.59375e-05
2.2350e-02,-0.0175,-0.00034
2.2360e-02,-0.0260937,-0.00026125
2.2370e-02,-0.0264062,0.00014625
2.2380e-02,-0.0273438,-0.000987188
2.2390e-02,-0.0248438,-0.000314063
2.2400e-02,-0.0175,2.78125e-05
2.2410e-02,-0.0353125,-8.53125e-05
2.2420e-02,-0.0271875,-0.000384375
2.2430e-02,-0.0254688,0.0002525
2.2440e-02,-0.0215625,0.000287188
2.2450e-02,-0.0234375,-0.000240625
2.2460e-02,-0.0359375,-2.5e-05
2.2470e-02,-0.0367188,-0.00036875
2.2480e-02,-0.02125,3.1875e-05
2.2490e-02,-0.0271875,0.000520313
2.2500e-02,-0.0153125,-0.00021125
2.2510e-02,-0.0204688,-7.8125e-06
2.2520e-02,-0.0296875,-0.000220313
2.2530e-02,-0.0303125,1.3125e-05
2.2540e-02,-0.0229687,0.00026875
2.2550e-02,-0.0225,9.46875e-05
2.2560e-02,-0.0204688,-0.00031625
2.2570e-02,-0.0326562,6.125e-05
2.2580e-02,-0.0298438,9.375e-06
2.2590e-02,-0.0351562,-0.000216563
2.2600e-02,-0.0210938,-9.0625e-06
2.2610e-02,-0.031875,-8.125e-05
2.2620e-02,-0.0207813,-1.9375e-05
2.2630e-02,-0.0332812,0.000819375
2.2640e-02,-0.0190625,0.000541563
2.2650e-02,-0.0276563,4.625e-05
2.2660e-02,-0.0346875,-0.00032875
2.2670e-02,-0.0179687,-3.5625e-05
2.2680e-02,-0.0265625,-3.65625e-05
2.2690e-02,-0.0364063,-5.625e-06
2.2700e-02,-0.0279688,3.15625e-05
2.2710e-02,-0.0275,0.00055625
2.2720e-02,-0.0240625,-0.000177188
2.2730e-02,-0.0275,-0.00018
2.2740e-02,-0.02875,-0.000270938
2.2750e-02,-0.0110937,0.000387813
2.2760e-02,-0.0246875,0.000376563
2.2770e-02,-0.0378125,0.000570625
2.2780e-02,-0.021875,-7.03125e-05
2.2790e-02,-0.0298438,-0.000365
2.2800e-02,-0.02375,-0.000194375
2.2810e-02,-0.0303125,-0.00029125
2.2820e-02,-0.0354688,-0.000390625
2.2830e-02,-0.0292188,0.000305
2.2840e-02,-0.0465625,-0.000425
2.2850e-02,-0.020625,-4.59375e-05
2.2860e-02,-0.03875,-0.000327188
2.2870e-02,-0.0309375,-0.000229063
2.2880e-02,-0.0382813,-0.00012375
2.2890e-02,-0.026875,0.000102813
2.2900e-02,-0.0320312,0.0005075
2.2910e-02,-0.0284375,0.000227813
2.2920e-02,-0.0295313,-0.000267813
2.2930e-02,-0.031875,-0.000401563
2.2940e-02,-0.0221875,-0.00045625
2.2950e-02,-0.020625,-0.000215
2.2960e-02,-0.0290625,0.000505938
2.2970e-02,-0.0367188,0.000351875
2.2980e-02,-0.0407813,0.000278438
2.2990e-02,-0.0260937,-0.000241875
2.3000e-02,-0.0234375,-0.00054875
2.3010e-02,-0.0432813,5.0625e-05
2.3020e-02,-0.0373438,-0.000158125
2.3030e-02,-0.0290625,0.000515
2.3040e-02,-0.0290625,0.000638125
2.3050e-02,-0.0265625,0.000384688
2.3060e-02,-0.0314062,-0.000374688
2.3070e-02,-0.0304688,-0.000456563
2.3080e-02,-0.023125,-3.9375e-05
2.3090e-02,-0.0289063,0.000492188
2.3100e-02,-0.031875,0.000510313
2.3110e-02,-0.0332812,-0.000102813
2.3120e-02,-0.0275,-0.000319063
2.3130e-02,-0.0320312,-0.000405938
2.3140e-02,-0.0317188,-6.40625e-05
2.3150e-02,-0.0209375,0.000310625
2.3160e-02,-0.0282813,0.000420625
2.3170e-02,-0.0264062,0.00115688
2.3180e-02,-0.0198438,0.000249063
2.3190e-02,-0.0185937,-0.000267188
2.3200e-02,-0.0357813,-0.00022125
2.3210e-02,-0.0215625,0.000221563
2.3220e-02,-0.0303125,6.3125e-05
2.3230e-02,-0.0251563,0.0002975
2.3240e-02,-0.02375,0.000514375
2.3250e-02,-0.03625,0.000225313
2.3260e-02,-0.0253125,-9.6875e-06
2.3270e-02,-0.0167188,-0.00019875
2.3280e-02,-0.0239063,-6.125e-05
2.3290e-02,-0.0296875,-0.00030375
2.3300e-02,-0.031875,0.000650625
2.3310e-02,-0.03125,-0.000135
2.3320e-02,-0.0396875,-6.5625e-05
2.3330e-02,-0.0254688,-0.00042125
2.3340e-02,-0.0245313,-8.59375e-05
2.3350e-02,-0.025,-9.40625e-05
2.3360e-02,-0.03625,0.000437813
2.3370e-02,-0.0365625,-0.0004925
2.3380e-02,-0.0309375,-0.000711875
2.3390e-02,-0.0392187,-0.00127344
2.3400e-02,-0.0220313,-0.000818125
2.3410e-02,-0.0273438,0.000708125
2.3420e-02,-0.0223437,8.15625e-05
2.3430e-02,-0.0375,-8.46875e-05
2.3440e-02,-0.0351562,0.000145313
2.3450e-02,-0.0296875,-1.65625e-05
2.3460e-02,-0.02375,-0.000258438
2.3470e-02,-0.0360938,-0.000205625
2.3480e-02,-0.0334375,0.000515313
2.3490e-02,-0.036875,-0.000150625
2.3500e-02,-0.0378125,0.000170313
2.3510e-02,-0.031875,0.000155625
2.3520e-02,-0.0239063,-0.000804375
2.3530e-02,-0.0292188,-6.625e-05
2.3540e-02,-0.0198438,-0.000199063
2.3550e-02,-0.0340625,-2.59375e-05
2.3560e-02,-0.0175,0.000368438
2.3570e-02,-0.0390625,-9.46875e-05
2.3580e-02,-0.0314062,4.75e-05
2.3590e-02,-0.0351562,-0.000209063
2.3600e-02,-0.0353125,-0.000141875
2.3610e-02,-0.03125,7.9375e-05
2.3620e-02,-0.0221875,0.000415938
2.3630e-02,-0.0310937,0.000754688
2.3640e-02,-0.0367188,0.000212813
2.3650e-02,-0.0235938,0.000535625
2.3660e-02,-0.0240625,-0.0008825
2.3670e-02,-0.0264062,-4.65625e-05
2.3680e-02,-0.02875,0.00069875
2.3690e-02,-0.0351562,0.000610938
2.3700e-02,-0.0334375,0.000284063
2.3710e-02,-0.0314062,2.78125e-05
2.3720e-02,-0.0246875,-0.000449688
2.3730e-02,-0.0375,-0.00018125
2.3740e-02,-0.0332812,-0.000265938
2.3750e-02,-0.0185937,0.000310313
2.3760e-02,-0.030625,0.000811563
2.3770e-02,-0.03125,0.00026125
2.3780e-02,-0.0432813,-0.000514375
2.3790e-02,-0.0354688,-0.000508437
2.3800e-02,-0.0271875,-0.00124031
2.3810e-02,-0.0392187,-6.21875e-05
2.3820e-02,-0.0315625,0.000351563
2.3830e-02,-0.0392187,0.000867813
2.3840e-02,-0.0329688,0.000610625
2.3850e-02,-0.02375,-0.000605313
2.3860e-02,-0.0221875,-0.000805938
2.3870e-02,-0.0217188,-0.000415313
2.3880e-02,-0.0301563,0.00106719
2.3890e-02,-0.0335937,0.00110187
2.3900e-02,-0.0446875,0.000791563
2.3910e-02,-0.0259375,-0.000281875
2.3920e-02,-0.0332812,-0.00124219
2.3930e-02,-0.0403125,-0.00142969
2.3940e-02,-0.0379688,-0.000122813
2.3950e-02,-0.0332812,0.00062875
2.3960e-02,-0.0317188,0.00184031
2.3970e-02,-0.03625,0.000125625
2.3980e-02,-0.0384375,-0.00050125
2.3990e-02,-0.0459375,-0.0008125
2.4000e-02,-0.0214063,-0.000848438
2.4010e-02,-0.0325,0.000175313
2.4020e-02,-0.03625,0.00153844
2.4030e-02,-0.0351562,0.00101906
2.4040e-02,-0.0340625,-0.000623438
2.4050e-02,-0.0315625,-0.00164656
2.4060e-02,-0.0370313,-0.00198938
2.4070e-02,-0.0345312,-0.000160313
2.4080e-02,-0.0307813,0.000866563
2.4090e-02,-0.0378125,0.00210969
2.4100e-02,-0.03375,0.000515625
2.4110e-02,-0.0264062,-0.00166625
2.4120e-02,-0.0340625,-0.00208781
2.4130e-02,-0.0295313,-0.00103188
2.4140e-02,-0.0271875,0.0011725
2.4150e-02,-0.0351562,0.00322875
2.4160e-02,-0.0340625,0.00181219
2.4170e-02,-0.0245313,-4.8125e-05
2.4180e-02,-0.0321875,-0.00246563
2.4190e-02,-0.04,-0.00165094
2.4200e-02,-0.0423437,0.000102188
2.4210e-02,-0.046875,0.0019675
2.4220e-02,-0.03375,0.00259094
2.4230e-02,-0.0309375,0.000960625
2.4240e-02,-0.0340625,-0.00209406
2.4250e-02,-0.0371875,-0.00353906
2.4260e-02,-0.0267187,-0.00136594
2.4270e-02,-0.0385937,0.00202625
2.4280e-02,-0.0248438,0.00425719
2.4290e-02,-0.03,0.0023675
2.4300e-02,-0.0448438,-0.00105563
2.4310e-02,-0.0267187,-0.00338188
2.4320e-02,-0.035625,-0.00267656
2.4330e-02,-0.04375,0.000465
2.4340e-02,-0.0284375,0.0042325
2.4350e-02,-0.0357813,0.00411688
2.4360e-02,-0.035625,0.000657188
2.4370e-02,-0.0378125,-0.00369813
2.4380e-02,-0.0454688,-0.00535219
2.4390e-02,-0.0284375,-0.00169375
2.4400e-02,-0.0242188,0.00301344
2.4410e-02,-0.0348437,0.00549781
2.4420e-02,-0.0346875,0.00382063
2.4430e-02,-0.0210938,-0.00151438
2.4440e-02,-0.043125,-0.00549719
2.4450e-02,-0.030625,-0.00516563
2.4460e-02,-0.0367188,-0.00103875
2.4470e-02,-0.0335937,0.00455406
2.4480e-02,-0.0442188,0.00620094
2.4490e-02,-0.0364063,0.00180313
2.4500e-02,-0.0321875,-0.00368
2.4510e-02,-0.035,-0.00669125
2.4520e-02,-0.0390625,-0.00429969
2.4530e-02,-0.0265625,0.00168906
2.4540e-02,-0.0396875,0.00575344
2.4550e-02,-0.0357813,0.00498188
2.4560e-02,-0.03125,0.00127469
2.4570e-02,-0.04,-0.00454688
2.4580e-02,-0.029375,-0.00588906
2.4590e-02,-0.0360938,-0.00240094
2.4600e-02,-0.0328125,0.00314719
2.4610e-02,-0.0310937,0.0055325
2.4620e-02,-0.0267187,0.00341313
2.4630e-02,-0.0342187,-0.0020125
2.4640e-02,-0.0396875,-0.00542625
2.4650e-02,-0.0353125,-0.00439281
2.4660e-02,-0.0382813,-0.000282188
2.4670e-02,-0.0285938,0.0035475
2.4680e-02,-0.0309375,0.00348531
2.4690e-02,-0.041875,0.000613125
2.4700e-02,-0.0253125,-0.00298938
2.4710e-02,-0.041875,-0.00382563
2.4720e-02,-0.0367188,-0.00182438
2.4730e-02,-0.0332812,0.00184
2.4740e-02,-0.0429688,0.00350438
2.4750e-02,-0.0304688,0.00242875
2.4760e-02,-0.035,-0.00108625
2.4770e-02,-0.0296875,-0.00311469
2.4780e-02,-0.0325,-0.00253281
2.4790e-02,-0.0448438,0.000545
2.4800e-02,-0.026875,0.00238531
2.4810e-02,-0.0384375,0.00204344
2.4820e-02,-0.0440625,0.000530625
2.4830e-02,-0.0375,-0.00200313
2.4840e-02,-0.0404687,-0.00255313
2.4850e-02,-0.035,-0.00101687
2.4860e-02,-0.0373438,0.00128844
2.4870e-02,-0.0404687,0.00227312
2.4880e-02,-0.0332812,0.000326875
2.4890e-02,-0.036875,-0.00139063
2.4900e-02,-0.0360938,-0.00201875
2.4910e-02,-0.0371875,-0.00132906
2.4920e-02,-0.03625,0.000399063
2.4930e-02,-0.0410937,0.00232844
2.4940e-02,-0.0348437,0.00173625
2.4950e-02,-0.0410937,-4.25e-05
2.4960e-02,-0.03875,-0.00198063
2.4970e-02,-0.03,-0.00127625
2.4980e-02,-0.0560937,-0.00061
2.4990e-02,-0.0479688,0.00103625
2.5000e-02,-0.0509375,0.00114375
2.5010e-02,-0.0226562,0.000549688
2.5020e-02,-0.0478125,-0.00108531
2.5030e-02,-0.0367188,-0.00162469
2.5040e-02,-0.0375,-0.00141594
2.5050e-02,-0.0351562,6.78125e-05
2.5060e-02,-0.0410937,0.00107313
2.5070e-02,-0.0425,0.000781563
2.5080e-02,-0.0251563,-8.90625e-05
2.5090e-02,-0.039375,-0.000816563
2.5100e-02,-0.0501562,-0.000793438
2.5110e-02,-0.0301563,-0.000184688
2.5120e-02,-0.0373438,0.000304375
2.5130e-02,-0.0326562,0.000899375
2.5140e-02,-0.0407813,0.000939688
2.5150e-02,-0.03125,0.000335
2.5160e-02,-0.034375,-0.00068875
2.5170e-02,-0.03,-0.000942188
2.5180e-02,-0.039375,-0.000423125
2.5190e-02,-0.0373438,0.00100969
2.5200e-02,-0.0407813,0.00113219
2.5210e-02,-0.0223437,0.000195625
2.5220e-02,-0.0492188,-0.00018125
2.5230e-02,-0.0376563,-0.000672188
2.5240e-02,-0.030625,-0.000740313
2.5250e-02,-0.0478125,0.000587188
2.5260e-02,-0.0329688,0.000796875
2.5270e-02,-0.0370313,0.00129625
2.5280e-02,-0.0342187,0.000371875
2.5290e-02,-0.034375,-0.00030625
2.5300e-02,-0.0565625,-0.000867188
2.5310e-02,-0.033125,0.000304687
2.5320e-02,-0.0275,0.000684063
2.5330e-02,-0.036875,0.00103219
2.5340e-02,-0.0328125,0.00035375
2.5350e-02,-0.0367188,-0.000346563
2.5360e-02,-0.0270312,-0.000753438
2.5370e-02,-0.0375,-0.000425313
2.5380e-02,-0.0404687,-0.000158125
2.5390e-02,-0.0334375,0.000325625
2.5400e-02,-0.0440625,0.000628438
2.5410e-02,-0.02625,0.000400313
2.5420e-02,-0.0403125,-0.000224688
2.5430e-02,-0.0435938,-0.000590313
2.5440e-02,-0.0317188,-0.00013875
2.5450e-02,-0.0348437,0.000484063
2.5460e-02,-0.0429688,0.00024875
2.5470e-02,-0.03375,0.00077125
2.5480e-02,-0.043125,-0.00020375
2.5490e-02,-0.0403125,0.0001975
2.5500e-02,-0.0432813,-1.125e-05
2.5510e-02,-0.0367188,0.000182188
2.5520e-02,-0.034375,0.00032875
2.5530e-02,-0.0340625,-0.000262813
2.5540e-02,-0.0178125,0.0001575
2.5550e-02,-0.0359375,-0.00046625
2.5560e-02,-0.0285938,0.000167188
2.5570e-02,-0.0373438,0.0002025
2.5580e-02,-0.0382813,3.4375e-06
2.5590e-02,-0.0407813,0.000561875
2.5600e-02,-0.0390625,0.000188125
2.5610e-02,-0.0398437,-0.000192188
2.5620e-02,-0.0292188,-0.000684375
2.5630e-02,-0.0395313,-0.000594688
2.5640e-02,-0.0385937,-0.000264063
2.5650e-02,-0.03375,-4.84375e-05
2.5660e-02,-0.0592188,0.000621563
2.5670e-02,-0.0423437,0.000655938
2.5680e-02,-0.0359375,-0.00036875
2.5690e-02,-0.035625,-0.000540312
2.5700e-02,-0.04,-0.000675625
2.5710e-02,-0.0354688,1.9375e-05
2.5720e-02,-0.05375,0.0004625
2.5730e-02,-0.0439063,1.1875e-05
2.5740e-02,-0.03,0.000283125
2.5750e-02,-0.034375,0.000248125
2.5760e-02,-0.0314062,-0.000273438
2.5770e-02,-0.0415625,-0.000135625
2.5780e-02,-0.044375,2e-05
2.5790e-02,-0.0409375,0.000294688
2.5800e-02,-0.0515625,0.000190313
2.5810e-02,-0.030625,-2.15625e-05
2.5820e-02,-0.039375,0.000444063
2.5830e-02,-0.0384375,0.00036125
2.5840e-02,-0.0426562,0.000455938
2.5850e-02,-0.0357813,0.000418125
2.5860e-02,-0.040625,0.00030875
2.5870e-02,-0.04125,0.000153125
2.5880e-02,-0.046875,0.000437188
2.5890e-02,-0.0326562,-0.000138438
2.5900e-02,-0.0457813,-0.000416563
2.5910e-02,-0.0389063,0.000199063
2.5920e-02,-0.0445313,-6.75e-05
2.5930e-02,-0.0490625,-0.000109063
2.5940e-02,-0.0270312,-2.78125e-05
2.5950e-02,-0.04375,0.000165313
2.5960e-02,-0.0315625,-0.000372188
2.5970e-02,-0.0389063,-0.000296875
2.5980e-02,-0.0278125,0.000750938
2.5990e-02,-0.035625,0.000880938
2.6000e-02,-0.0467188,0.00060625
2.6010e-02,-0.03,0.00053125
2.6020e-02,-0.0423437,-0.0001525
2.6030e-02,-0.0495312,-0.000496563
2.6040e-02,-0.0271875,0.000709063
2.6050e-02,-0.0278125,0.000521875
2.6060e-02,-0.0376563,0.000354063
2.6070e-02,-0.0446875,0.000210625
2.6080e-02,-0.0390625,-0.000355625
2.6090e-02,-0.054375,-0.000249063
2.6100e-02,-0.0432813,0.000236563
2.6110e-02,-0.038125,0.000473125
2.6120e-02,-0.044375,0.000229063
2.6130e-02,-0.0432813,3.4375e-05
2.6140e-02,-0.0340625,0.000421563
2.6150e-02,-0.0421875,-0.000481875
2.6160e-02,-0.049375,-0.000465938
2.6170e-02,-0.0517188,-0.0002725
2.6180e-02,-0.0453125,0.000240313
2.6190e-02,-0.0353125,0.000705625
2.6200e-02,-0.0510938,0.00145344
2.6210e-02,-0.036875,-0.00014375
2.6220e-02,-0.04,-0.000389375
2.6230e-02,-0.0382813,-3.21875e-05
2.6240e-02,-0.0285938,-0.000157188
2.6250e-02,-0.0323438,0.00022625
2.6260e-02,-0.0285938,0.000357188
2.6270e-02,-0.048125,0.00013375
2.6280e-02,-0.0242188,2.1875e-05
2.6290e-02,-0.0364063,-0.000371875
2.6300e-02,-0.0420312,0.000859375
2.6310e-02,-0.0417187,1.8125e-05
2.6320e-02,-0.0389063,0.000290938
2.6330e-02,-0.03375,0.0003225
2.6340e-02,-0.0451563,-0.000394688
2.6350e-02,-0.029375,-0.000312188
2.6360e-02,-0.0475,0.000185938
2.6370e-02,-0.0342187,-0.000552813
2.6380e-02,-0.03625,0.000177813
2.6390e-02,-0.0314062,0.000538125
2.6400e-02,-0.0335937,6.125e-05
2.6410e-02,-0.0379688,-0.000242188
2.6420e-02,-0.0376563,-7.8125e-06
2.6430e-02,-0.0453125,7.90625e-05
2.6440e-02,-0.0376563,0.000364375
2.6450e-02,-0.04375,0.000120313
2.6460e-02,-0.0470312,-0.000629688
2.6470e-02,-0.0332812,-2.125e-05
2.6480e-02,-0.0398437,-0.000414688
2.6490e-02,-0.0423437,-0.000592188
2.6500e-02,-0.0440625,-0.0005625
2.6510e-02,-0.0440625,-0.000145625
2.6520e-02,-0.0417187,-0.000125
2.6530e-02,-0.0384375,-0.000277188
2.6540e-02,-0.0439063,-7.75e-05
2.6550e-02,-0.0335937,-9.625e-05
2.6560e-02,-0.0332812,-0.00017625
2.6570e-02,-0.0432813,9.1875e-05
2.6580e-02,-0.0339062,-0.000306875
2.6590e-02,-0.0382813,-0.000163125
2.6600e-02,-0.0395313,0.00015
2.6610e-02,-0.0415625,-0.000308438
2.6620e-02,-0.0285938,-0.000115625
2.6630e-02,-0.03375,0.000556875
2.6640e-02,-0.0379688,0.000550625
2.6650e-02,-0.0348437,-7.84375e-05
2.6660e-02,-0.035,0.00029625
2.6670e-02,-0.0403125,0.000112188
2.6680e-02,-0.0389063,-0.000159375
2.6690e-02,-0.0378125,-0.00014375
2.6700e-02,-0.0307813,-0.000552813
2.6710e-02,-0.0359375,-4.53125e-05
2.6720e-02,-0.0379688,-0.000565938
2.6730e-02,-0.0325,-0.00062375
2.6740e-02,-0.0339062,-0.000771875
2.6750e-02,-0.0448438,-6.3125e-05
2.6760e-02,-0.041875,5.71875e-05
2.6770e-02,-0.041875,-9.75e-05
2.6780e-02,-0.0367188,-0.000510625
2.6790e-02,-0.0353125,0.00045875
2.6800e-02,-0.0351562,0.000225625
2.6810e-02,-0.0453125,-0.000252188
2.6820e-02,-0.0484375,-0.000245313
2.6830e-02,-0.038125,-0.000126875
2.6840e-02,-0.038125,0.000267813
2.6850e-02,-0.025625,0.000135938
2.6860e-02,-0.0376563,-0.000156875
2.6870e-02,-0.0535937,-8.25e-05
2.6880e-02,-0.0475,5.5625e-05
2.6890e-02,-0.0475,-0.000399063
2.6900e-02,-0.0479688,-0.000285938
2.6910e-02,-0.0301563,-0.000509063
2.6920e-02,-0.049375,0.000344375
2.6930e-02,-0.0504687,-0.000495625
2.6940e-02,-0.0353125,0.000100938
2.6950e-02,-0.0476562,0.0002025
2.6960e-02,-0.03375,7.09375e-05
2.6970e-02,-0.0426562,-0.000117813
2.6980e-02,-0.050625,0.000521875
2.6990e-02,-0.04375,-0.00029375
2.7000e-02,-0.0398437,-9.5e-05
2.7010e-02,-0.0457813,-0.00029875
2.7020e-02,-0.0259375,-0.000229688
2.7030e-02,-0.0523437,0.000158438
2.7040e-02,-0.0371875,0.000133438
2.7050e-02,-0.0340625,0.000409688
2.7060e-02,-0.044375,0.000295
2.7070e-02,-0.0376563,0.000164688
2.7080e-02,-0.0459375,-7.1875e-05
2.7090e-02,-0.0425,-0.000644688
2.7100e-02,-0.04125,-0.00052375
2.7110e-02,-0.0396875,-0.000130313
2.7120e-02,-0.0354688,-0.000637813
2.7130e-02,-0.0340625,-0.000390938
2.7140e-02,-0.0354688,-0.000256875
2.7150e-02,-0.0367188,0.000477813
2.7160e-02,-0.046875,-8.09375e-05
2.7170e-02,-0.0382813,-5.75e-05
2.7180e-02,-0.0434375,-0.000449375
2.7190e-02,-0.036875,-0.000286563
2.7200e-02,-0.0384375,3.25e-05
2.7210e-02,-0.043125,-0.000148438
2.7220e-02,-0.03625,-0.00019875
2.7230e-02,-0.036875,-7.21875e-05
2.7240e-02,-0.03375,-2.34375e-05
2.7250e-02,-0.0339062,0.000139062
2.7260e-02,-0.0365625,-0.000178438
2.7270e-02,-0.0414063,0.000269063
2.7280e-02,-0.0409375,-0.000394375
2.7290e-02,-0.0446875,0.000486563
2.7300e-02,-0.0378125,0.000247188
2.7310e-02,-0.04625,-0.000360313
2.7320e-02,-0.04375,-0.000418438
2.7330e-02,-0.0435938,-0.000170625
2.7340e-02,-0.0379688,-0.00044
2.7350e-02,-0.044375,-0.000253125
2.7360e-02,-0.0409375,-0.000281563
2.7370e-02,-0.0373438,-0.00022375
2.7380e-02,-0.0365625,3.71875e-05
2.7390e-02,-0.0329688,-0.000200938
2.7400e-02,-0.0470312,-9.15625e-05
2.7410e-02,-0.0323438,0.000116563
2.7420e-02,-0.0442188,-2.25e-05
2.7430e-02,-0.0357813,-0.000138125
2.7440e-02,-0.0375,-0.00049625
2.7450e-02,-0.0346875,-0.000644688
2.7460e-02,-0.0321875,0.000265313
2.7470e-02,-0.0426562,-0.00010875
2.7480e-02,-0.0464062,-8.1875e-05
2.7490e-02,-0.04375,0.000313125
2.7500e-02,-0.0310937,-0.000238438
2.7510e-02,-0.0476562,0.000135625
2.7520e-02,-0.0532813,7.46875e-05
2.7530e-02,-0.0339062,0.00056
2.7540e-02,-0.0426562,0.000275
2.7550e-02,-0.0407813,-0.0001575
2.7560e-02,-0.0401563,0.000171563
2.7570e-02,-0.0367188,-0.000244688
2.7580e-02,-0.0504687,-0.00105594
2.7590e-02,-0.0390625,-0.000219375
2.7600e-02,-0.038125,-0.000153125
2.7610e-02,-0.0404687,7.5e-06
2.7620e-02,-0.0321875,0.000252812
2.7630e-02,-0.0396875,-0.000159688
2.7640e-02,-0.0410937,-0.000426563
2.7650e-02,-0.0467188,1.84375e-05
2.7660e-02,-0.045625,0.000534063
2.7670e-02,-0.0239063,0.000546875
2.7680e-02,-0.04125,-0.000142813
2.7690e-02,-0.0426562,-0.000300313
2.7700e-02,-0.0379688,-0.00049
2.7710e-02,-0.046875,-0.000389063
2.7720e-02,-0.0385937,-0.000408125
2.7730e-02,-0.0385937,-4.3125e-05
2.7740e-02,-0.0335937,-4.84375e-05
2.7750e-02,-0.0326562,-0.000189375
2.7760e-02,-0.0496875,0.000426563
2.7770e-02,-0.0310937,0.000151875
2.7780e-02,-0.0375,-0.000495
2.7790e-02,-0.0534375,-0.000320313
2.7800e-02,-0.0420312,0.000350938
2.7810e-02,-0.038125,0.000242188
2.7820e-02,-0.0445313,0.000407813
2.7830e-02,-0.031875,0.000320625
2.7840e-02,-0.0435938,-0.000419063
2.7850e-02,-0.0445313,-0.000720625
2.7860e-02,-0.043125,0.000202188
2.7870e-02,-0.0389063,0.00014875
2.7880e-02,-0.0445313,0.000177813
2.7890e-02,-0.0420312,-0.0002
2.7900e-02,-0.0379688,-0.000639375
2.7910e-02,-0.0434375,-0.000235938
2.7920e-02,-0.0376563,-0.000296875
2.7930e-02,-0.0417187,0.000110313
2.7940e-02,-0.0365625,-1.375e-05
2.7950e-02,-0.030625,0.000277813
2.7960e-02,-0.0460938,0.00037875
2.7970e-02,-0.041875,0.000175313
2.7980e-02,-0.04,0.00034625
2.7990e-02,-0.0314062,-1.21875e-05
2.8000e-02,-0.0442188,0.000386563
2.8010e-02,-0.0320312,0.000312813
2.8020e-02,-0.0454688,0.000322813
2.8030e-02,-0.0320312,0.000224375
2.8040e-02,-0.0376563,2.9375e-05
2.8050e-02,-0.0523437,-0.000398125
2.8060e-02,-0.0371875,-0.000482813
2.8070e-02,-0.03875,0.000122813
2.8080e-02,-0.04375,0.00044125
2.8090e-02,-0.0440625,0.000240625
2.8100e-02,-0.0392187,0.0001125
2.8110e-02,-0.0432813,-0.000398438
2.8120e-02,-0.0429688,-0.000990625
2.8130e-02,-0.053125,0.0007875
2.8140e-02,-0.0451563,0.000888125
2.8150e-02,-0.0478125,0.000769375
2.8160e-02,-0.0373438,-0.00045
2.8170e-02,-0.04125,-0.000607188
2.8180e-02,-0.041875,-0.00044
2.8190e-02,-0.0425,-0.000119375
2.8200e-02,-0.0389063,0.00101938
2.8210e-02,-0.05,0.000634063
2.8220e-02,-0.03625,0.000640625
2.8230e-02,-0.0417187,-0.000682813
2.8240e-02,-0.03,-0.00123375
2.8250e-02,-0.039375,-0.000565625
2.8260e-02,-0.0398437,0.000496875
2.8270e-02,-0.0410937,0.00122844
2.8280e-02,-0.0489062,0.00084625
2.8290e-02,-0.0464062,-0.000327813
2.8300e-02,-0.0364063,-0.000915625
2.8310e-02,-0.0348437,-0.00122
2.8320e-02,-0.0490625,-0.000174688
2.8330e-02,-0.0321875,0.00106938
2.8340e-02,-0.046875,0.00133969
2.8350e-02,-0.038125,0.000625938
2.8360e-02,-0.0335937,-0.000685938
2.8370e-02,-0.0403125,-0.00166625
2.8380e-02,-0.03125,-0.00069125
2.8390e-02,-0.0378125,0.00146344
2.8400e-02,-0.0464062,0.0021425
2.8410e-02,-0.0404687,0.00190031
2.8420e-02,-0.0532813,0.00195844
2.8430e-02,-0.0398437,0.00199656
2.8440e-02,-0.0353125,0.00194031
2.8450e-02,-0.0482812,0.00196875
2.8460e-02,-0.0384375,0.00208781
2.8470e-02,-0.0409375,0.0019975
2.8480e-02,-0.796094,0.00164
2.8490e-02,-1.02406,-0.00254375
2.8500e-02,-0.647656,-0.00567281
2.8510e-02,-0.648125,-0.007525
2.8520e-02,-0.517031,-0.00825313
2.8530e-02,0.0957812,-0.00767906
2.8540e-02,0.117969,-0.00745563
2.8550e-02,0.108594,-0.00751
2.8560e-02,0.0767188,-0.007465
2.8570e-02,0.0790625,-0.00772469
2.8580e-02,0.0660937,-0.00768219
2.8590e-02,0.0667187,-0.00749625
2.8600e-02,0.0596875,-0.0076225
2.8610e-02,0.0523437,-0.00767063
2.8620e-02,0.0448438,-0.00756094
2.8630e-02,0.04375,-0.00764063
2.8640e-02,0.0396875,-0.00770156
2.8650e-02,0.0346875,-0.00740188
2.8660e-02,0.0382813,-0.00754563
2.8670e-02,0.0292187,-0.0075275
2.8680e-02,0.02375,-0.00747219
2.8690e-02,0.0295312,-0.00752844
2.8700e-02,0.028125,-0.00739531
2.8710e-02,0.0282812,-0.00733063
2.8720e-02,0.0345312,-0.00753563
2.8730e-02,0.0209375,-0.00743938
2.8740e-02,0.0240625,-0.00381875
2.8750e-02,0.0170313,-4.21875e-05
2.8760e-02,0.0171875,0.00015
2.8770e-02,0.0146875,-0.00180719
2.8780e-02,0.0120312,-0.00259875
2.8790e-02,0.0203125,-0.00191031
2.8800e-02,0.0059375,0.000566563
2.8810e-02,0.0129687,0.00210938
2.8820e-02,0.0109375,0.00226031
2.8830e-02,0.00078125,0.000375938
2.8840e-02,0.0021875,-0.001625
2.8850e-02,0.0114063,-0.001985
2.8860e-02,0.0101562,-0.0008575
2.8870e-02,0.0078125,0.00153031
2.8880e-02,0.00015625,0.00161156
2.8890e-02,-0.0015625,0.000915938
2.8900e-02,0.006875,-0.00078
2.8910e-02,0.0242188,-0.00179125
2.8920e-02,0.00171875,-0.00115625
2.8930e-02,0,0.000398125
2.8940e-02,0.000625,0.00146313
2.8950e-02,-0.00390625,0.00124688
2.8960e-02,-0.00953125,5.90625e-05
2.8970e-02,0.0129687,-0.000505625
2.8980e-02,-0.00109375,-0.00106531
2.8990e-02,0.00171875,0.000500625
2.9000e-02,0.00140625,0.00139875
2.9010e-02,0.0059375,0.000764063
2.9020e-02,-0.00859375,-0.000107188
2.9030e-02,-0.0096875,-0.0007775
2.9040e-02,0.00125,-0.000868438
2.9050e-02,0.00015625,-0.000860938
2.9060e-02,-0.00375,8.65625e-05
2.9070e-02,-0.0121875,0.000465938
2.9080e-02,-0.00078125,0.000805938
2.9090e-02,0.00578125,0.000416563
2.9100e-02,0.00015625,-0.000340313
2.9110e-02,-0.00046875,-0.000640625
2.9120e-02,0.001875,-0.00044
2.9130e-02,0.00203125,-0.00041875
2.9140e-02,-0.00515625,0.000461875
2.9150e-02,0.0078125,0.000485938
2.9160e-02,-0.008125,0.00015125
2.9170e-02,-0.0034375,3.625e-05
2.9180e-02,-0.0120313,0.00011875
2.9190e-02,-0.00921875,0.000525
2.9200e-02,0.0053125,0.000885313
2.9210e-02,-0.0028125,0.000665313
2.9220e-02,-0.00859375,-9.0625e-06
2.9230e-02,-0.0025,6.8125e-05
2.9240e-02,-0.0114062,-0.000285938
2.9250e-02,-0.0104688,-0.000133438
2.9260e-02,-0.0167188,-0.000332188
2.9270e-02,-0.0104688,0.000214688
2.9280e-02,-0.00875,0.000105938
2.9290e-02,-0.005625,0.000364375
2.9300e-02,-0.0184375,-0.000131563
2.9310e-02,-0.0175,-0.000358125
2.9320e-02,-0.00234375,0.000173125
2.9330e-02,0,0.000174375
2.9340e-02,-0.0142188,2.6875e-05
2.9350e-02,-0.00859375,0.000368125
2.9360e-02,-0.015,0.000445625
2.9370e-02,-0.0084375,0.000338438
2.9380e-02,-0.0146875,0.0002075
2.9390e-02,-0.00859375,0.000512813
2.9400e-02,-0.0157813,0.000474063
2.9410e-02,-0.0096875,-0.000529063
2.9420e-02,-0.0053125,2.3125e-05
2.9430e-02,-0.0075,-0.000123438
2.9440e-02,-0.011875,-0.000297188
2.9450e-02,-0.0075,-0.000227188
2.9460e-02,-0.0270312,2.34375e-05
2.9470e-02,-0.0103125,0.000783125
2.9480e-02,-0.0217188,1.8125e-05
2.9490e-02,-0.0170313,-6.25e-07
2.9500e-02,-0.00984375,-0.000466875
2.9510e-02,-0.0140625,0.00011375
2.9520e-02,-0.00609375,4.84375e-05
2.9530e-02,-0.00359375,0.000199375
2.9540e-02,-0.0103125,0.00039875
2.9550e-02,-0.0173438,0.000274375
2.9560e-02,-0.0170313,0.000465313
2.9570e-02,-0.01125,0.000758125
2.9580e-02,-0.0160938,-0.000561875
2.9590e-02,-0.00734375,-0.000272812
2.9600e-02,-0.00609375,-1.25e-05
2.9610e-02,-0.0142188,-0.000284063
2.9620e-02,-0.005,-0.000456875
2.9630e-02,-0.00890625,-0.000357813
2.9640e-02,-0.011875,-0.000265
2.9650e-02,-0.0182812,-2.40625e-05
2.9660e-02,-0.0167188,-6.71875e-05
2.9670e-02,-0.0171875,0.000461875
2.9680e-02,-0.0090625,0.00038625
2.9690e-02,-0.0135937,0.0004025
2.9700e-02,-0.0157813,-6.125e-05
2.9710e-02,-0.0125,0.000404063
2.9720e-02,-0.0114062,0.000375625
2.9730e-02,-0.019375,-8.4375e-06
2.9740e-02,-0.0253125,7.34375e-05
2.9750e-02,-0.0182812,0.000361875
2.9760e-02,-0.0273438,0.00032625
2.9770e-02,-0.0153125,-4.84375e-05
2.9780e-02,-0.0128125,-0.000372813
2.9790e-02,-0.0184375,-0.000102188
2.9800e-02,-0.0125,-8.90625e-05
2.9810e-02,-0.026875,0.000189375
2.9820e-02,-0.0298438,-6.1875e-05
2.9830e-02,-0.0145312,-0.000335938
2.9840e-02,-0.0167188,4.15625e-05
2.9850e-02,-0.00890625,-0.0001375
2.9860e-02,-0.008125,0.000110313
2.9870e-02,-0.0104688,0.000506563
2.9880e-02,-0.0110937,0.0004
2.9890e-02,-0.01,0.000433125
2.9900e-02,-0.0120313,-0.000152188
2.9910e-02,-0.00875,0.000342813
2.9920e-02,-0.0203125,0.000335
2.9930e-02,-0.0135937,4.1875e-05
2.9940e-02,-0.0217188,0.000362188
2.9950e-02,-0.0115625,0.00017
2.9960e-02,-0.0265625,-0.00039625
2.9970e-02,-0.0176563,-0.000269375
2.9980e-02,-0.0175,6.15625e-05
2.9990e-02,-0.01125,-0.00013
3.0000e-02,-0.0115625,-0.000264688
3.0010e-02,-0.0146875,0.00014125
3.0020e-02,-0.024375,0.000384375
3.0030e-02,-0.0321875,0.000224063
3.0040e-02,-0.014375,0.00033375
3.0050e-02,-0.0254688,0.000906563
3.0060e-02,-0.00265625,0.000330625
3.0070e-02,-0.0390625,5.3125e-06
3.0080e-02,-0.02625,-3.9375e-05
3.0090e-02,-0.0160938,0.00100906
3.0100e-02,-0.0232812,0.000731563
3.0110e-02,-0.0248438,0.000850313
3.0120e-02,-0.01625,0.000374063
3.0130e-02,-0.025,0.00014125
3.0140e-02,-0.0129688,-0.000447188
3.0150e-02,-0.0145312,-0.000240313
3.0160e-02,-0.0167188,-0.000379375
3.0170e-02,-0.0171875,-0.000314375
3.0180e-02,-0.0314062,-0.0002225
3.0190e-02,-0.0232812,-0.0003
3.0200e-02,-0.0178125,0.00029625
3.0210e-02,-0.0171875,-0.00047875
3.0220e-02,-0.0154687,-2.28125e-05
3.0230e-02,-0.0329688,-0.000153438
3.0240e-02,-0.0109375,-0.0003425
3.0250e-02,-0.015,-0.000148438
3.0260e-02,-0.0273438,-0.000122188
3.0270e-02,-0.024375,0.000569688
3.0280e-02,-0.0173438,-0.000322813
3.0290e-02,-0.0226562,0.000519375
3.0300e-02,-0.02,0.000325
3.0310e-02,-0.0217188,0.000443125
3.0320e-02,-0.0192187,-0.0002325
3.0330e-02,-0.0329688,5.6875e-05
3.0340e-02,-0.0235938,2.6875e-05
3.0350e-02,-0.01625,-0.000427813
3.0360e-02,-0.028125,-0.00016375
3.0370e-02,-0.0179687,-0.000125
3.0380e-02,-0.0392187,5.15625e-05
3.0390e-02,-0.0204688,-0.000211875
3.0400e-02,-0.033125,0.000264375
3.0410e-02,-0.029375,-7.125e-05
3.0420e-02,-0.0207813,6.53125e-05
3.0430e-02,-0.0215625,9.1875e-05
3.0440e-02,-0.0170313,-0.000190625
3.0450e-02,-0.0265625,0.000195313
3.0460e-02,-0.0210938,0.000206875
3.0470e-02,-0.0295313,0.0003975
3.0480e-02,-0.0339062,0.000474688
3.0490e-02,-0.0234375,0.000105938
3.0500e-02,-0.0198438,0.000687188
3.0510e-02,-0.0254688,0.000817813
3.0520e-02,-0.0192187,-3.90625e-05
3.0530e-02,-0.0267187,-0.000133125
3.0540e-02,-0.026875,-0.000535313
3.0550e-02,-0.0278125,-0.000287188
3.0560e-02,-0.0309375,-0.000299375
3.0570e-02,-0.0267187,0.000204375
3.0580e-02,-0.024375,-0.000266563
3.0590e-02,-0.0196875,-0.000164688
3.0600e-02,-0.0178125,0.000112188
3.0610e-02,-0.0259375,0.000471563
3.0620e-02,-0.0139063,-3.03125e-05
3.0630e-02,-0.016875,0.000319375
3.0640e-02,-0.0271875,0.00034
3.0650e-02,-0.0260937,0.000236563
3.0660e-02,-0.0290625,0.00043375
3.0670e-02,-0.0278125,-0.000167188
3.0680e-02,-0.0285938,6.625e-05
3.0690e-02,-0.0217188,5.375e-05
3.0700e-02,-0.03,-0.000395938
3.0710e-02,-0.0173438,0.000413125
3.0720e-02,-0.0257812,-0.00028
3.0730e-02,-0.029375,-0.000246563
3.0740e-02,-0.0217188,-0.000181563
3.0750e-02,-0.020625,-0.000311875
3.0760e-02,-0.0332812,-0.000750313
3.0770e-02,-0.0309375,-0.000255625
3.0780e-02,-0.0190625,-0.000356875
3.0790e-02,-0.0346875,-0.00033875
3.0800e-02,-0.0321875,-0.000741563
3.0810e-02,-0.0234375,-0.000400625
3.0820e-02,-0.0270312,5.21875e-05
3.0830e-02,-0.021875,-2.5e-05
3.0840e-02,-0.0196875,0.00015875
3.0850e-02,-0.0246875,-3.59375e-05
3.0860e-02,-0.0329688,0.000407813
3.0870e-02,-0.015625,0.000315938
3.0880e-02,-0.0284375,-1.96875e-05
3.0890e-02,-0.024375,0.000514063
3.0900e-02,-0.0242188,0.000737188
3.0910e-02,-0.0253125,0.000613125
3.0920e-02,-0.0348437,0.000151875
3.0930e-02,-0.0284375,-0.000585938
3.0940e-02,-0.0251563,-0.000156875
3.0950e-02,-0.0289063,-0.000431875
3.0960e-02,-0.0189062,-5.625e-05
3.0970e-02,-0.0209375,0.000295313
3.0980e-02,-0.0284375,0.0004025
3.0990e-02,-0.0267187,7.78125e-05
3.1000e-02,-0.0271875,-0.00040625
3.1010e-02,-0.02625,-0.000883438
3.1020e-02,-0.0303125,0.000415313
3.1030e-02,-0.0207813,0.00031375
3.1040e-02,-0.0257812,0.000207188
3.1050e-02,-0.0296875,0.000125
3.1060e-02,-0.0189062,0.000215625
3.1070e-02,-0.0190625,-0.000175
3.1080e-02,-0.0175,-0.000284688
3.1090e-02,-0.0359375,0.000500938
3.1100e-02,-0.0234375,0.00080875
3.1110e-02,-0.0278125,-0.000158438
3.1120e-02,-0.030625,-1e-05
3.1130e-02,-0.0382813,-0.000699688
3.1140e-02,-0.0284375,-0.00033
3.1150e-02,-0.0275,0.000269688
3.1160e-02,-0.0235938,-0.000114688
3.1170e-02,-0.0176563,-0.00061125
3.1180e-02,-0.0235938,-0.00053125
3.1190e-02,-0.035625,-0.000881875
3.1200e-02,-0.0325,-0.000504063
3.1210e-02,-0.036875,-0.000719688
3.1220e-02,-0.0329688,0.000206875
3.1230e-02,-0.0290625,9.65625e-05
3.1240e-02,-0.025,0.000324063
3.1250e-02,-0.0326562,-3.84375e-05
3.1260e-02,-0.0392187,-0.00103656
3.1270e-02,-0.0342187,-0.000526875
3.1280e-02,-0.035,-5.125e-05
3.1290e-02,-0.0232812,-0.000440938
3.1300e-02,-0.0290625,-0.000294062
3.1310e-02,-0.0276563,-8.125e-06
3.1320e-02,-0.0248438,-0.000822813
3.1330e-02,-0.030625,-0.00017875
3.1340e-02,-0.0301563,-0.00010625
3.1350e-02,-0.0329688,0.000302188
3.1360e-02,-0.0365625,0.00088375
3.1370e-02,-0.031875,0.000196875
3.1380e-02,-0.025625,-0.000765
3.1390e-02,-0.030625,-0.00131656
3.1400e-02,-0.0246875,-0.000482188
3.1410e-02,-0.0282813,-8.90625e-05
3.1420e-02,-0.0298438,-0.000165938
3.1430e-02,-0.0301563,0.000772188
3.1440e-02,-0.0310937,0.000100625
3.1450e-02,-0.0415625,-4.90625e-05
3.1460e-02,-0.0332812,-0.00063
3.1470e-02,-0.0346875,-0.000498438
3.1480e-02,-0.038125,0.000265625
3.1490e-02,-0.0323438,0.00100062
3.1500e-02,-0.02875,0.000653125
3.1510e-02,-0.024375,-7.34375e-05
3.1520e-02,-0.034375,-0.000875
3.1530e-02,-0.0323438,-0.00045625
3.1540e-02,-0.0390625,-0.00024375
3.1550e-02,-0.03125,0.0002275
3.1560e-02,-0.0442188,0.000460625
3.1570e-02,-0.0376563,-2.875e-05
3.1580e-02,-0.034375,-0.000502813
3.1590e-02,-0.0323438,-0.000679688
3.1600e-02,-0.0298438,6.25e-05
3.1610e-02,-0.0295313,0.000477188
3.1620e-02,-0.029375,0.000550313
3.1630e-02,-0.0432813,0.0006125
3.1640e-02,-0.0334375,0.000345313
3.1650e-02,-0.038125,-0.000185313
3.1660e-02,-0.0140625,-0.000371563
3.1670e-02,-0.03125,-0.000394375
3.1680e-02,-0.0485938,0.000289375
3.1690e-02,-0.0253125,0.000499063
3.1700e-02,-0.0320312,0.000599063
3.1710e-02,-0.03375,-0.000168438
3.1720e-02,-0.0285938,-0.000703438
3.1730e-02,-0.0309375,-0.000717188
3.1740e-02,-0.0317188,-0.00048375
3.1750e-02,-0.03,0.00024625
3.1760e-02,-0.0289063,0.00090625
3.1770e-02,-0.0323438,0.000905313
3.1780e-02,-0.04,0.000296875
3.1790e-02,-0.0451563,-0.00105656
3.1800e-02,-0.0321875,-0.000995313
3.1810e-02,-0.0345312,0.000151875
3.1820e-02,-0.0446875,0.00086125
3.1830e-02,-0.0403125,0.000527813
3.1840e-02,-0.0417187,0.0001125
3.1850e-02,-0.0307813,-0.000726875
3.1860e-02,-0.0234375,-0.000768438
3.1870e-02,-0.0414063,-0.000644688
3.1880e-02,-0.0382813,0.000250625
3.1890e-02,-0.0353125,0.00137625
3.1900e-02,-0.0245313,0.00116781
3.1910e-02,-0.0317188,0.000453125
3.1920e-02,-0.0410937,-0.00100438
3.1930e-02,-0.0428125,-0.0012
3.1940e-02,-0.040625,-0.000528125
3.1950e-02,-0.0260937,0.000889688
3.1960e-02,-0.03125,0.00166438
3.1970e-02,-0.033125,0.00117406
3.1980e-02,-0.0404687,-0.000447813
3.1990e-02,-0.0371875,-0.00141125
3.2000e-02,-0.029375,-0.00152844
3.2010e-02,-0.0310937,0.00021375
3.2020e-02,-0.0345312,0.0014875
3.2030e-02,-0.0385937,0.00164469
3.2040e-02,-0.0421875,0.0003775
3.2050e-02,-0.0396875,-0.00168125
3.2060e-02,-0.035,-0.00214656
3.2070e-02,-0.0309375,-0.000740625
3.2080e-02,-0.0398437,0.00112563
3.2090e-02,-0.0417187,0.00285094
3.2100e-02,-0.0345312,0.00143875
3.2110e-02,-0.045,-0.000837813
3.2120e-02,-0.0307813,-0.00221656
3.2130e-02,-0.0382813,-0.00201438
3.2140e-02,-0.0334375,0.000617813
3.2150e-02,-0.0384375,0.00256875
3.2160e-02,-0.0275,0.00279719
3.2170e-02,-0.030625,6.46875e-05
3.2180e-02,-0.0260937,-0.00161031
3.2190e-02,-0.0389063,-0.00289469
3.2200e-02,-0.0448438,-0.0012775
3.2210e-02,-0.0296875,0.00259656
3.2220e-02,-0.0284375,0.00332219
3.2230e-02,-0.0373438,0.000955
3.2240e-02,-0.0303125,-0.0023575
3.2250e-02,-0.0425,-0.00398594
3.2260e-02,-0.0396875,-0.00272094
3.2270e-02,-0.0310937,0.0016775
3.2280e-02,-0.031875,0.00377281
3.2290e-02,-0.0298438,0.00325969
3.2300e-02,-0.0373438,-0.00127063
3.2310e-02,-0.0317188,-0.00457125
3.2320e-02,-0.0298438,-0.00469313
3.2330e-02,-0.0384375,-0.0005775
3.2340e-02,-0.0496875,0.0037625
3.2350e-02,-0.0335937,0.00472563
3.2360e-02,-0.035,0.00189563
3.2370e-02,-0.028125,-0.0027975
3.2380e-02,-0.0301563,-0.00565656
3.2390e-02,-0.0376563,-0.00357063
3.2400e-02,-0.0378125,0.00167563
3.2410e-02,-0.0332812,0.00588375
3.2420e-02,-0.02875,0.00567313
3.2430e-02,-0.0282813,-7.96875e-05
3.2440e-02,-0.0264062,-0.00550438
3.2450e-02,-0.035625,-0.00651688
3.2460e-02,-0.0367188,-0.00193469
3.2470e-02,-0.0375,0.00429344
3.2480e-02,-0.0275,0.00626531
3.2490e-02,-0.024375,0.00426844
3.2500e-02,-0.03625,-0.00242406
3.2510e-02,-0.0345312,-0.00694156
3.2520e-02,-0.0232812,-0.00520906
3.2530e-02,-0.0335937,0.00034875
3.2540e-02,-0.045625,0.00549375
3.2550e-02,-0.0398437,0.00654469
3.2560e-02,-0.0414063,0.0021325
3.2570e-02,-0.05125,-0.00384188
3.2580e-02,-0.0464062,-0.00638313
3.2590e-02,-0.03,-0.00352344
3.2600e-02,-0.0378125,0.00246375
3.2610e-02,-0.029375,0.00608438
3.2620e-02,-0.0382813,0.00493156
3.2630e-02,-0.0357813,-0.000495938
3.2640e-02,-0.0371875,-0.00484594
3.2650e-02,-0.0273438,-0.00476094
3.2660e-02,-0.0432813,-0.00104813
3.2670e-02,-0.03375,0.00375781
3.2680e-02,-0.0434375,0.004505
3.2690e-02,-0.0389063,0.00169313
3.2700e-02,-0.0328125,-0.00165344
3.2710e-02,-0.0317188,-0.00411938
3.2720e-02,-0.0310937,-0.00232063
3.2730e-02,-0.0295313,0.0016975
3.2740e-02,-0.0404687,0.00368406
3.2750e-02,-0.0190625,0.00292094
3.2760e-02,-0.0439063,-8.875e-05
3.2770e-02,-0.035625,-0.00309969
3.2780e-02,-0.0434375,-0.002785
3.2790e-02,-0.0332812,0.000151875
3.2800e-02,-0.03625,0.00173094
3.2810e-02,-0.0378125,0.00242688
3.2820e-02,-0.026875,0.000877813
3.2830e-02,-0.0335937,-0.00173906
3.2840e-02,-0.0407813,-0.00262
3.2850e-02,-0.0292188,-0.00133531
3.2860e-02,-0.035625,0.00097375
3.2870e-02,-0.0321875,0.00218469
3.2880e-02,-0.0385937,0.0015775
3.2890e-02,-0.0307813,-0.000300313
3.2900e-02,-0.0439063,-0.00235938
3.2910e-02,-0.036875,-0.00172469
3.2920e-02,-0.0240625,0.000194688
3.2930e-02,-0.0292188,0.00227031
3.2940e-02,-0.0282813,0.00165375
3.2950e-02,-0.0453125,1.875e-05
3.2960e-02,-0.0326562,-0.00166375
3.2970e-02,-0.0328125,-0.00201344
3.2980e-02,-0.0421875,-0.000439688
3.2990e-02,-0.0359375,0.00115969
3.3000e-02,-0.0285938,0.00226781
3.3010e-02,-0.0426562,0.00111094
3.3020e-02,-0.034375,-0.000472813
3.3030e-02,-0.0464062,-0.00197656
3.3040e-02,-0.0339062,-0.000855313
3.3050e-02,-0.0346875,-5.3125e-05
3.3060e-02,-0.03125,0.00123938
3.3070e-02,-0.0254688,0.00166219
3.3080e-02,-0.0251563,4.875e-05
3.3090e-02,-0.0340625,-0.000845313
3.3100e-02,-0.0385937,-0.00140406
3.3110e-02,-0.0246875,-0.000651563
3.3120e-02,-0.0392187,0.000768438
3.3130e-02,-0.0428125,0.00128531
3.3140e-02,-0.03,0.00109219
3.3150e-02,-0.0415625,2.25e-05
3.3160e-02,-0.0371875,-0.00058625
3.3170e-02,-0.0239063,-0.000216563
3.3180e-02,-0.0376563,7.5e-05
3.3190e-02,-0.0417187,0.00035625
3.3200e-02,-0.030625,0.000335313
3.3210e-02,-0.0282813,-8.0625e-05
3.3220e-02,-0.04125,-0.00074
3.3230e-02,-0.030625,-0.000654063
3.3240e-02,-0.04625,-0.000175625
3.3250e-02,-0.0389063,-4.8125e-05
3.3260e-02,-0.0289063,0.0005575
3.3270e-02,-0.0385937,0.000327188
3.3280e-02,-0.0364063,-9.40625e-05
3.3290e-02,-0.03875,-0.000700625
3.3300e-02,-0.0334375,-0.00116344
3.3310e-02,-0.0389063,-0.000121563
3.3320e-02,-0.0392187,-2.875e-05
3.3330e-02,-0.031875,0.000575313
3.3340e-02,-0.0384375,0.00087375
3.3350e-02,-0.03375,0.000251875
3.3360e-02,-0.02375,-0.000562813
3.3370e-02,-0.0314062,-0.00043375
3.3380e-02,-0.0334375,-1.5625e-05
3.3390e-02,-0.0370313,9.28125e-05
3.3400e-02,-0.0434375,0.00076125
3.3410e-02,-0.0392187,-4.25e-05
3.3420e-02,-0.03625,-0.000379375
3.3430e-02,-0.030625,-0.000784063
3.3440e-02,-0.0475,-0.000492188
3.3450e-02,-0.0421875,-2.71875e-05
3.3460e-02,-0.0303125,0.00026625
3.3470e-02,-0.0339062,7.125e-05
3.3480e-02,-0.0334375,0.000145625
3.3490e-02,-0.0265625,-0.000405
3.3500e-02,-0.0304688,-0.00144313
3.3510e-02,-0.0265625,-0.000106563
3.3520e-02,-0.0432813,0.00061125
3.3530e-02,-0.0484375,0.000902188
3.3540e-02,-0.0315625,0.000607188
3.3550e-02,-0.048125,4.34375e-05
3.3560e-02,-0.0390625,-0.000953438
3.3570e-02,-0.0353125,-0.000980938
3.3580e-02,-0.0376563,-0.0001375
3.3590e-02,-0.04,0.000123438
3.3600e-02,-0.0304688,0.000820938
3.3610e-02,-0.0360938,-0.000253438
3.3620e-02,-0.03625,5.375e-05
3.3630e-02,-0.0351562,-0.000190313
3.3640e-02,-0.0379688,-0.000969375
3.3650e-02,-0.0296875,0.000160625
3.3660e-02,-0.0448438,1.96875e-05
3.3670e-02,-0.0323438,-4.3125e-05
3.3680e-02,-0.03625,0.00011125
3.3690e-02,-0.0464062,-0.00068
3.3700e-02,-0.0345312,-0.000372188
3.3710e-02,-0.0364063,-0.000390625
3.3720e-02,-0.0435938,6.0625e-05
3.3730e-02,-0.0326562,-0.00071125
3.3740e-02,-0.050625,-0.000105
3.3750e-02,-0.0257812,-0.000359375
3.3760e-02,-0.0314062,-0.0001975
3.3770e-02,-0.039375,0.000259688
3.3780e-02,-0.0301563,0.000544375
3.3790e-02,-0.0375,-7.96875e-05
3.3800e-02,-0.0423437,2.46875e-05
3.3810e-02,-0.0359375,-4.875e-05
3.3820e-02,-0.0378125,-0.000462188
3.3830e-02,-0.0367188,-0.000635625
3.3840e-02,-0.0345312,-0.0001125
3.3850e-02,-0.0465625,0.000449063
3.3860e-02,-0.033125,0.000477813
3.3870e-02,-0.0442188,-0.000251875
3.3880e-02,-0.0401563,0.00019
3.3890e-02,-0.0385937,-0.000726563
3.3900e-02,-0.0365625,-0.000217813
3.3910e-02,-0.0348437,-0.000119063
3.3920e-02,-0.035625,-0.000344688
3.3930e-02,-0.044375,0.000246875
3.3940e-02,-0.0260937,0.000211563
3.3950e-02,-0.04375,-0.000334375
3.3960e-02,-0.0375,-0.000325
3.3970e-02,-0.038125,-0.000463438
3.3980e-02,-0.0420312,-0.00040875
3.3990e-02,-0.0346875,0.00019625
3.4000e-02,-0.0339062,8.4375e-06
3.4010e-02,-0.0434375,0.000332188
3.4020e-02,-0.035,0.000217813
3.4030e-02,-0.0395313,0.000315313
3.4040e-02,-0.0298438,0.00035375
3.4050e-02,-0.0373438,9.53125e-05
3.4060e-02,-0.03,0.000305938
3.4070e-02,-0.0339062,0.000124375
3.4080e-02,-0.046875,-0.000310313
3.4090e-02,-0.0409375,-0.00026875
3.4100e-02,-0.03875,-5.71875e-05
3.4110e-02,-0.0321875,-0.000160938
3.4120e-02,-0.0325,0.000563438
3.4130e-02,-0.0404687,0.000340625
3.4140e-02,-0.03625,-0.000295938
3.4150e-02,-0.0328125,6.5e-05
3.4160e-02,-0.045,-0.000531875
3.4170e-02,-0.0432813,-1.875e-06
3.4180e-02,-0.0307813,0.000240938
3.4190e-02,-0.0220313,0.000146875
3.4200e-02,-0.044375,0.000276875
3.4210e-02,-0.0360938,0.000191875
3.4220e-02,-0.0279688,0.000440625
3.4230e-02,-0.0301563,-0.000148125
3.4240e-02,-0.0314062,7.40625e-05
3.4250e-02,-0.0464062,0.000277188
3.4260e-02,-0.0384375,0.000468125
3.4270e-02,-0.0370313,-0.000334688
3.4280e-02,-0.03625,7.75e-05
3.4290e-02,-0.041875,0.00014
3.4300e-02,-0.0432813,0.000311875
3.4310e-02,-0.0432813,0.000820625
3.4320e-02,-0.0353125,9.34375e-05
3.4330e-02,-0.035625,-0.0004175
3.4340e-02,-0.0357813,0.000475
3.4350e-02,-0.0351562,-0.000290313
3.4360e-02,-0.0392187,0.0002075
3.4370e-02,-0.0398437,-0.00026875
3.4380e-02,-0.0417187,0.00022375
3.4390e-02,-0.0384375,0.000275
3.4400e-02,-0.0348437,-0.000651563
3.4410e-02,-0.0257812,-0.000207813
3.4420e-02,-0.0457813,-0.000321563
3.4430e-02,-0.0351562,-0.000121875
3.4440e-02,-0.0467188,0.00039
3.4450e-02,-0.03875,0.00016875
3.4460e-02,-0.0478125,4.40625e-05
3.4470e-02,-0.0385937,-0.000110625
3.4480e-02,-0.0382813,-0.000254063
3.4490e-02,-0.0384375,0.00034375
3.4500e-02,-0.0442188,-0.0001975
3.4510e-02,-0.0415625,0.000275938
3.4520e-02,-0.0321875,0.000589688
3.4530e-02,-0.0426562,-6.03125e-05
3.4540e-02,-0.0409375,-0.000271875
3.4550e-02,-0.0446875,1.71875e-05
3.4560e-02,-0.0414063,-3.59375e-05
3.4570e-02,-0.0490625,-0.00011875
3.4580e-02,-0.0360938,0.000219375
3.4590e-02,-0.0371875,0.000291563
3.4600e-02,-0.0375,0.000122188
3.4610e-02,-0.0515625,0.000237813
3.4620e-02,-0.036875,0.000214063
3.4630e-02,-0.04125,-0.000216875
3.4640e-02,-0.036875,0.000118438
3.4650e-02,-0.0417187,0.0003725
3.4660e-02,-0.0475,0.000375625
3.4670e-02,-0.0323438,0.000513125
3.4680e-02,-0.0401563,-0.0002
3.4690e-02,-0.0446875,0.000145
3.4700e-02,-0.0384375,9.15625e-05
3.4710e-02,-0.0453125,0.000307188
3.4720e-02,-0.04375,-0.000179688
3.4730e-02,-0.0428125,5.28125e-05
3.4740e-02,-0.0384375,-0.000229688
3.4750e-02,-0.0432813,-0.000179375
3.4760e-02,-0.0303125,0.000163438
3.4770e-02,-0.04,0.000108438
3.4780e-02,-0.0353125,0.000317188
3.4790e-02,-0.04,-0.000235938
3.4800e-02,-0.0378125,-0.000286563
3.4810e-02,-0.0440625,7.84375e-05
3.4820e-02,-0.0370313,0.000305625
3.4830e-02,-0.03875,0.000378125
3.4840e-02,-0.0434375,3.4375e-05
3.4850e-02,-0.0373438,0.000539063
3.4860e-02,-0.0396875,0.000220625
3.4870e-02,-0.044375,3.6875e-05
3.4880e-02,-0.0257812,3.3125e-05
3.4890e-02,-0.0357813,0.00023125
3.4900e-02,-0.04625,-7.125e-05
3.4910e-02,-0.0373438,5.0625e-05
3.4920e-02,-0.0354688,-0.000665625
3.4930e-02,-0.0490625,-0.000422813
3.4940e-02,-0.0415625,-0.000655625
3.4950e-02,-0.0482812,-0.000280938
3.4960e-02,-0.0371875,-0.00029
3.4970e-02,-0.0195312,-0.000396563
3.4980e-02,-0.04125,0.000245313
3.4990e-02,-0.0275,-0.000332188
3.5000e-02,-0.04625,-0.0001775
3.5010e-02,-0.045625,-0.000558438
3.5020e-02,-0.0351562,0.000297813
3.5030e-02,-0.0478125,0.000794063
3.5040e-02,-0.028125,0.000160625
3.5050e-02,-0.0382813,0.000134063
3.5060e-02,-0.0420312,0.000240938
3.5070e-02,-0.0504687,6.28125e-05
3.5080e-02,-0.0470312,7.34375e-05
3.5090e-02,-0.034375,3.21875e-05
3.5100e-02,-0.0314062,0.000593125
3.5110e-02,-0.0495312,-0.000183125
3.5120e-02,-0.044375,-0.000505
3.5130e-02,-0.0382813,-0.000353125
3.5140e-02,-0.0453125,-0.000252812
3.5150e-02,-0.036875,-6.53125e-05
3.5160e-02,-0.0476562,3.75e-05
3.5170e-02,-0.0403125,-0.000417188
3.5180e-02,-0.0423437,-0.000436563
3.5190e-02,-0.0351562,-0.000315625
3.5200e-02,-0.045,-9.40625e-05
3.5210e-02,-0.0495312,-0.000512813
3.5220e-02,-0.040625,-0.000231563
3.5230e-02,-0.0309375,0.000127188
3.5240e-02,-0.0378125,-0.00038875
3.5250e-02,-0.0301563,-0.000135625
3.5260e-02,-0.0382813,3.84375e-05
3.5270e-02,-0.0403125,0.000276875
3.5280e-02,-0.0420312,0.000227188
3.5290e-02,-0.039375,0.000473125
3.5300e-02,-0.0428125,3.0625e-05
3.5310e-02,-0.0403125,-0.000329688
3.5320e-02,-0.0335937,3.1875e-05
3.5330e-02,-0.0384375,7.28125e-05
3.5340e-02,-0.0451563,0.000286563
3.5350e-02,-0.0459375,-6.6875e-05
3.5360e-02,-0.0476562,-1.25e-05
3.5370e-02,-0.0417187,-0.000343438
3.5380e-02,-0.0407813,6.71875e-05
3.5390e-02,-0.0471875,0.000265625
3.5400e-02,-0.0309375,-0.000226875
3.5410e-02,-0.0496875,-3.5e-05
3.5420e-02,-0.0235938,0.000151875
3.5430e-02,-0.0403125,0.000327813
3.5440e-02,-0.0382813,0.0002725
3.5450e-02,-0.0389063,9.625e-05
3.5460e-02,-0.0325,0.000104063
3.5470e-02,-0.0378125,0.000281563
3.5480e-02,-0.0392187,0.000596563
3.5490e-02,-0.030625,-0.00015125
3.5500e-02,-0.0448438,-7.0625e-05
3.5510e-02,-0.03125,0.00019125
3.5520e-02,-0.0451563,0.000167188
3.5530e-02,-0.0428125,3.3125e-05
3.5540e-02,-0.03375,2.53125e-05
3.5550e-02,-0.0435938,0.000105313
3.5560e-02,-0.0415625,-0.000369375
3.5570e-02,-0.0420312,-0.00028875
3.5580e-02,-0.0446875,-0.000632813
3.5590e-02,-0.0345312,-0.000798438
3.5600e-02,-0.043125,-0.000625625
3.5610e-02,-0.0509375,4.15625e-05
3.5620e-02,-0.0398437,0.00041
3.5630e-02,-0.0434375,0.000114688
3.5640e-02,-0.050625,1.1875e-05
3.5650e-02,-0.0426562,-0.000457188
3.5660e-02,-0.0414063,-0.000151875
3.5670e-02,-0.0498438,0.00011
3.5680e-02,-0.03375,0.000136563
3.5690e-02,-0.0421875,0.00067125
3.5700e-02,-0.0485938,0.000523438
3.5710e-02,-0.0323438,-3.9375e-05
3.5720e-02,-0.0342187,-0.000164688
3.5730e-02,-0.0360938,-0.000557813
3.5740e-02,-0.0484375,6.40625e-05
3.5750e-02,-0.0429688,-0.000158438
3.5760e-02,-0.0382813,0.000246563
3.5770e-02,-0.0578125,0.00029875
3.5780e-02,-0.046875,0.000265938
3.5790e-02,-0.0332812,1.71875e-05
3.5800e-02,-0.045,0.000613438
3.5810e-02,-0.043125,0.000514688
3.5820e-02,-0.0340625,0.000557188
3.5830e-02,-0.0375,0.0003025
3.5840e-02,-0.0485938,-0.000104375
3.5850e-02,-0.0359375,-5.03125e-05
3.5860e-02,-0.0484375,-0.000333125
3.5870e-02,-0.0421875,0.000456563
3.5880e-02,-0.0421875,0.00046125
3.5890e-02,-0.0371875,0.000495625
3.5900e-02,-0.0289063,-0.000455313
3.5910e-02,-0.0326562,-0.00044375
3.5920e-02,-0.0370313,-0.00037375
3.5930e-02,-0.0407813,-0.00026875
3.5940e-02,-0.0342187,-0.000134375
3.5950e-02,-0.0398437,-0.0003675
3.5960e-02,-0.05,0.000259063
3.5970e-02,-0.0246875,-0.00042625
3.5980e-02,-0.0510938,-0.000475625
3.5990e-02,-0.0414063,-0.000725938
3.6000e-02,-0.0396875,-0.000466563
3.6010e-02,-0.0429688,0.00066
3.6020e-02,-0.0420312,3.65625e-05
3.6030e-02,-0.0396875,-0.000329063
3.6040e-02,-0.044375,-0.000983125
3.6050e-02,-0.04375,-0.00096625
3.6060e-02,-0.0382813,-0.000468438
3.6070e-02,-0.0376563,0.00014625
3.6080e-02,-0.0440625,0.000706875
3.6090e-02,-0.0325,0.000501563
3.6100e-02,-0.0309375,-0.000504688
3.6110e-02,-0.0309375,-0.00132906
3.6120e-02,-0.049375,-0.00136688
3.6130e-02,-0.0385937,8.21875e-05
3.6140e-02,-0.0329688,0.00136063
3.6150e-02,-0.0507812,0.000774375
3.6160e-02,-0.0304688,0.000490313
3.6170e-02,-0.0354688,-0.00058125
3.6180e-02,-0.05,-0.00161531
3.6190e-02,-0.03625,-0.000193125
3.6200e-02,-0.0421875,0.000771563
3.6210e-02,-0.0432813,0.00210375
3.6220e-02,-0.0592188,0.00124813
3.6230e-02,-0.0379688,-0.000430625
3.6240e-02,-0.0421875,-0.002015
3.6250e-02,-0.0432813,-0.00119469
3.6260e-02,-0.0371875,9.71875e-05
3.6270e-02,-0.04,0.00167781
3.6280e-02,-0.0553125,0.00147531
3.6290e-02,-0.0490625,0.000221563
3.6300e-02,-0.0384375,-0.00191688
3.6310e-02,-0.0440625,-0.00209156
3.6320e-02,-0.0485938,-0.00033875
3.6330e-02,-0.0334375,0.00112
3.6340e-02,-0.0417187,0.00214188
3.6350e-02,-0.04375,0.000958125
3.6360e-02,-0.036875,-0.00139094
3.6370e-02,-0.0425,-0.00257281
3.6380e-02,-0.05125,-0.00188875
3.6390e-02,-0.0492188,0.0005275
3.6400e-02,-0.0409375,0.00245813
3.6410e-02,-0.0407813,0.00270969
3.6420e-02,-0.0392187,0.00256156
3.6430e-02,-0.0284375,0.00257438
3.6440e-02,-0.0478125,0.00257094
3.6450e-02,-0.0410937,0.00270813
3.6460e-02,-0.029375,0.00271656
3.6470e-02,-0.0435938,0.00265
3.6480e-02,-0.244375,0.00238281
3.6490e-02,-1.08203,-0.00152344
3.6500e-02,-0.639219,-0.00479844
3.6510e-02,-0.994688,-0.00659344
3.6520e-02,-1.09609,-0.00762219
3.6530e-02,0.0610938,-0.00782313
3.6540e-02,0.112188,-0.00748625
3.6550e-02,0.102344,-0.00748344
3.6560e-02,0.0959375,-0.00761031
3.6570e-02,0.0828125,-0.00759438
3.6580e-02,0.0570312,-0.00757156
3.6590e-02,0.0767188,-0.00758844
3.6600e-02,0.04375,-0.00751063
3.6610e-02,0.048125,-0.00746719
3.6620e-02,0.0473438,-0.00748625
3.6630e-02,0.0498437,-0.00748188
3.6640e-02,0.0417187,-0.00766531
3.6650e-02,0.0279688,-0.00758031
3.6660e-02,0.0410937,-0.00750375
3.6670e-02,0.0329688,-0.00743813
3.6680e-02,0.0165625,-0.00736656
3.6690e-02,0.0259375,-0.00734063
3.6700e-02,0.0260938,-0.00731125
3.6710e-02,0.0267188,-0.00734406
3.6720e-02,0.0025,-0.00747344
3.6730e-02,0.0189063,-0.00733313
3.6740e-02,0.0270313,-0.00476563
3.6750e-02,0.01875,-0.00103969
3.6760e-02,0.0379687,0.000130625
3.6770e-02,0.0153125,-0.00121063
3.6780e-02,0.0179688,-0.00206813
3.6790e-02,0.03375,-0.00168938
3.6800e-02,0.0115625,-0.000102813
3.6810e-02,0.0145312,0.00191563
3.6820e-02,0.0075,0.00164094
3.6830e-02,-0.00265625,0.000498438
3.6840e-02,-0.00796875,-0.00121875
3.6850e-02,0.0179688,-0.00176094
3.6860e-02,-0.0053125,-0.000883125
3.6870e-02,-0.0028125,0.000688438
3.6880e-02,-0.00078125,0.00117781
3.6890e-02,0.00359375,0.000923438
3.6900e-02,0.015,-0.00106938
3.6910e-02,0.003125,-0.00187188
3.6920e-02,0.00953125,-0.00106031
3.6930e-02,0.0040625,0.000216563
3.6940e-02,0.010625,0.00110813
3.6950e-02,-0.0103125,0.00108469
3.6960e-02,0.005625,-0.000109688
3.6970e-02,-0.00375,-0.000695625
3.6980e-02,-0.0028125,-0.000789688
3.6990e-02,0.0096875,-0.0001825
3.7000e-02,-0.00015625,0.0004375
3.7010e-02,0.00265625,0.0007475
3.7020e-02,-0.0059375,0.00052875
3.7030e-02,-0.0003125,-0.000180313
3.7040e-02,-0.0090625,-0.000339375
3.7050e-02,-0.00265625,-0.000244375
3.7060e-02,-0.0053125,-1.90625e-05
3.7070e-02,-0.0153125,0.000139062
3.7080e-02,0.0021875,0.000126563
3.7090e-02,-0.00859375,-0.000252812
3.7100e-02,-0.00046875,-0.000459063
3.7110e-02,0.0046875,-0.00024375
3.7120e-02,-0.00953125,-0.000365
3.7130e-02,0.0025,0.000554688
3.7140e-02,-0.0167188,0.000527188
3.7150e-02,0,0.000295313
3.7160e-02,-0.0078125,-3.65625e-05
3.7170e-02,-0.0145312,-0.000261875
3.7180e-02,-0.008125,0.00054375
3.7190e-02,-0.0090625,0.00016
3.7200e-02,-0.0115625,0.000200625
3.7210e-02,-0.011875,2.5e-05
3.7220e-02,-0.00359375,0.000813125
3.7230e-02,-0.015625,0.000522188
3.7240e-02,-0.00984375,-0.000545938
3.7250e-02,-0.0126563,0.000455625
3.7260e-02,-0.000625,0.000259375
3.7270e-02,-0.018125,0.000296875
3.7280e-02,-0.0053125,5.21875e-05
3.7290e-02,-0.0046875,9.96875e-05
3.7300e-02,-0.0078125,-0.00017125
3.7310e-02,-0.0103125,-0.000670313
3.7320e-02,-0.00703125,-0.000237813
3.7330e-02,-0.0151562,0.000179688
3.7340e-02,-0.0228125,0.000329375
3.7350e-02,-0.0065625,8.90625e-05
3.7360e-02,-0.0196875,0.000375625
3.7370e-02,-0.00203125,-0.000339063
3.7380e-02,-0.0101563,3.125e-05
3.7390e-02,-0.00140625,0.000125938
3.7400e-02,-0.0109375,0.00035375
3.7410e-02,-0.0114062,0.00116469
3.7420e-02,-0.00109375,-5.75e-05
3.7430e-02,-0.0046875,7.25e-05
3.7440e-02,-0.0203125,-0.00037
3.7450e-02,-0.0167188,-0.000673438
3.7460e-02,-0.0148437,0.00022125
3.7470e-02,-0.0145312,0.000371875
3.7480e-02,-0.0128125,0.0001525
3.7490e-02,-0.00890625,-0.000250625
3.7500e-02,-0.0176563,-2.15625e-05
3.7510e-02,-0.0015625,0.000147813
3.7520e-02,-0.0215625,0.000439063
3.7530e-02,-0.0170313,-0.000224375
3.7540e-02,-0.0142188,-3.875e-05
3.7550e-02,-0.0226562,0.00050125
3.7560e-02,-0.0128125,0.000129688
3.7570e-02,-0.0123438,-0.00012
3.7580e-02,-0.0221875,0.000129688
3.7590e-02,-0.00859375,0.00036625
3.7600e-02,-0.0142188,0.0004675
3.7610e-02,-0.028125,0.000576563
3.7620e-02,-0.0145312,0.000145938
3.7630e-02,-0.0165625,5.78125e-05
3.7640e-02,-0.01375,-4.21875e-05
3.7650e-02,-0.00765625,-1.5625e-05
3.7660e-02,-0.0246875,0.00048
3.7670e-02,-0.0234375,0.000199063
3.7680e-02,-0.0245313,-9.75e-05
3.7690e-02,-0.01375,1.75e-05
3.7700e-02,-0.0190625,-3.21875e-05
3.7710e-02,-0.0207813,-0.000129062
3.7720e-02,-0.01625,0.000235313
3.7730e-02,-0.0207813,0.000465313
3.7740e-02,-0.0109375,0.000851875
3.7750e-02,-0.0235938,0.000431563
3.7760e-02,-0.0179687,0.000162813
3.7770e-02,-0.00828125,0.000164688
3.7780e-02,-0.01625,0.000315313
3.7790e-02,-0.020625,0.0002925
3.7800e-02,-0.0265625,0.000505313
3.7810e-02,-0.0195312,0.000421875
3.7820e-02,-0.021875,1.75e-05
3.7830e-02,-0.0234375,-0.00019125
3.7840e-02,-0.019375,0.000165
3.7850e-02,-0.013125,0.000112188
3.7860e-02,-0.015,0.000825938
3.7870e-02,-0.019375,0.000329063
3.7880e-02,-0.0101563,0.000126875
3.7890e-02,-0.01125,-0.000607813
3.7900e-02,-0.0160938,-0.000110625
3.7910e-02,-0.015625,0.000164375
3.7920e-02,-0.030625,0.000361563
3.7930e-02,-0.0128125,0.000412813
3.7940e-02,-0.0278125,-0.000155938
3.7950e-02,-0.0245313,-0.000275
3.7960e-02,-0.025625,0.00013375
3.7970e-02,-0.023125,0.000145
3.7980e-02,-0.0279688,-0.000269688
3.7990e-02,-0.0178125,0.000375625
3.8000e-02,-0.0242188,0.000356875
3.8010e-02,-0.0192187,0.000277813
3.8020e-02,-0.0335937,0.000254688
3.8030e-02,-0.0251563,0.000877813
3.8040e-02,-0.0171875,0.000144063
3.8050e-02,-0.0195312,0.000420313
3.8060e-02,-0.0259375,-4.1875e-05
3.8070e-02,-0.035625,0.000355938
3.8080e-02,-0.03,-3.90625e-05
3.8090e-02,-0.02625,-0.000352188
3.8100e-02,-0.009375,-3.1875e-05
3.8110e-02,-0.028125,1.84375e-05
3.8120e-02,-0.0257812,-7.65625e-05
3.8130e-02,-0.01625,0.000555
3.8140e-02,-0.0189062,0.000256875
3.8150e-02,-0.0132813,0.00021125
3.8160e-02,-0.0234375,0.000185938
3.8170e-02,-0.0282813,2.5625e-05
3.8180e-02,-0.0242188,0.000141875
3.8190e-02,-0.0153125,0.000225
3.8200e-02,-0.0117188,-0.00018
3.8210e-02,-0.0195312,-0.00040625
3.8220e-02,-0.0217188,-5.625e-05
3.8230e-02,-0.0223437,-0.0003275
3.8240e-02,-0.0164063,0.000643438
3.8250e-02,-0.03125,0.000549688
3.8260e-02,-0.0170313,0.0003325
3.8270e-02,-0.0239063,-0.00032125
3.8280e-02,-0.033125,-8.21875e-05
3.8290e-02,-0.0253125,-0.000279375
3.8300e-02,-0.023125,-7.96875e-05
3.8310e-02,-0.0185937,-1.875e-06
3.8320e-02,-0.0307813,0.000697813
3.8330e-02,-0.0328125,-1.53125e-05
3.8340e-02,-0.031875,-0.000713438
3.8350e-02,-0.025,-0.000278438
3.8360e-02,-0.0114062,0.000506563
3.8370e-02,-0.00828125,0.000198125
3.8380e-02,-0.0317188,0.000440938
3.8390e-02,-0.0239063,0.000496563
3.8400e-02,-0.0235938,0.000439063
3.8410e-02,-0.0134375,0.000528438
3.8420e-02,-0.0225,0.000204063
3.8430e-02,-0.0364063,0.000219688
3.8440e-02,-0.0228125,0.000753438
3.8450e-02,-0.0292188,0.00057125
3.8460e-02,-0.0223437,0.000260625
3.8470e-02,-0.0129688,-0.000351875
3.8480e-02,-0.0220313,-3.40625e-05
3.8490e-02,-0.0265625,-0.000199375
3.8500e-02,-0.0234375,-0.000104688
3.8510e-02,-0.0167188,0.000113438
3.8520e-02,-0.0225,-0.000619375
3.8530e-02,-0.0248438,0.000354063
3.8540e-02,-0.0275,0.000693438
3.8550e-02,-0.0392187,-0.000138438
3.8560e-02,-0.0267187,0.000102813
3.8570e-02,-0.024375,-9.6875e-06
3.8580e-02,-0.0225,0.000264375
3.8590e-02,-0.0245313,0.000185625
3.8600e-02,-0.025,0.000277188
3.8610e-02,-0.0309375,-5.96875e-05
3.8620e-02,-0.0235938,-0.000297813
3.8630e-02,-0.03125,2.5625e-05
3.8640e-02,-0.0128125,0.000180938
3.8650e-02,-0.02125,0.000108125
3.8660e-02,-0.0310937,0.000172813
3.8670e-02,-0.02,-0.000721563
3.8680e-02,-0.0240625,5.8125e-05
3.8690e-02,-0.0239063,4.46875e-05
3.8700e-02,-0.0189062,-0.000129375
3.8710e-02,-0.03125,-5e-05
3.8720e-02,-0.0403125,-2.28125e-05
3.8730e-02,-0.0335937,7.96875e-05
3.8740e-02,-0.0154687,0.000468438
3.8750e-02,-0.0282813,0.00061
3.8760e-02,-0.0396875,0.000496563
3.8770e-02,-0.0320312,0.000974063
3.8780e-02,-0.0295313,0.00073625
3.8790e-02,-0.0201563,0.000367813
3.8800e-02,-0.0284375,4.9375e-05
3.8810e-02,-0.0303125,5.84375e-05
3.8820e-02,-0.0451563,-0.000785938
3.8830e-02,-0.0264062,0.000608438
3.8840e-02,-0.0179687,0.000290625
3.8850e-02,-0.02125,-0.000408438
3.8860e-02,-0.0225,-7.90625e-05
3.8870e-02,-0.0329688,-6.84375e-05
3.8880e-02,-0.0260937,-0.000339063
3.8890e-02,-0.0292188,-0.000126563
3.8900e-02,-0.023125,-0.000185313
3.8910e-02,-0.0321875,-0.000163125
3.8920e-02,-0.0264062,-0.000834688
3.8930e-02,-0.0207813,-0.000180625
3.8940e-02,-0.0203125,-0.000473125
3.8950e-02,-0.02875,-0.000251562
3.8960e-02,-0.0275,0.000633438
3.8970e-02,-0.03,0.000552813
3.8980e-02,-0.0265625,5.28125e-05
3.8990e-02,-0.0328125,0.000261563
3.9000e-02,-0.0207813,-0.000237813
3.9010e-02,-0.025625,0.000445938
3.9020e-02,-0.0398437,0.000532813
3.9030e-02,-0.0335937,0.000214375
3.9040e-02,-0.0289063,0.000580313
3.9050e-02,-0.0257812,0.000717813
3.9060e-02,-0.0221875,-0.000223438
3.9070e-02,-0.0290625,-0.000492188
3.9080e-02,-0.0210938,0
3.9090e-02,-0.0348437,0.0001825
3.9100e-02,-0.0229687,9.6875e-05
3.9110e-02,-0.0214063,0.000613438
3.9120e-02,-0.0270312,0.000754688
3.9130e-02,-0.0214063,0.000105625
3.9140e-02,-0.0201563,0.00039375
3.9150e-02,-0.0221875,-0.00060625
3.9160e-02,-0.0315625,0.000359375
3.9170e-02,-0.0342187,0.00022
3.9180e-02,-0.0229687,0.000171875
3.9190e-02,-0.0289063,-0.00023625
3.9200e-02,-0.0317188,-0.000620625
3.9210e-02,-0.0304688,-0.000279375
3.9220e-02,-0.026875,2.5e-05
3.9230e-02,-0.0220313,2.75e-05
3.9240e-02,-0.0429688,0.000473125
3.9250e-02,-0.0396875,0.000685313
3.9260e-02,-0.0276563,-0.000532187
3.9270e-02,-0.0351562,-0.000370938
3.9280e-02,-0.0289063,-0.000143125
3.9290e-02,-0.028125,0.000355313
3.9300e-02,-0.0192187,0.000250938
3.9310e-02,-0.0317188,0.000159375
3.9320e-02,-0.0395313,0.00012625
3.9330e-02,-0.0332812,-0.000436563
3.9340e-02,-0.0310937,-0.000155938
3.9350e-02,-0.0264062,2.625e-05
3.9360e-02,-0.0279688,0.000458125
3.9370e-02,-0.0160938,0.000585313
3.9380e-02,-0.0328125,0.000342188
3.9390e-02,-0.0271875,-6.84375e-05
3.9400e-02,-0.0215625,-3.21875e-05
3.9410e-02,-0.0282813,-0.000422188
3.9420e-02,-0.03375,0.000820625
3.9430e-02,-0.038125,0.000329063
3.9440e-02,-0.026875,0.000545625
3.9450e-02,-0.0428125,-0.000297813
3.9460e-02,-0.0259375,-0.00057
3.9470e-02,-0.0153125,-0.00106719
3.9480e-02,-0.0225,-0.000130625
3.9490e-02,-0.0323438,0.000325625
3.9500e-02,-0.0340625,0.000474375
3.9510e-02,-0.0279688,0.000257188
3.9520e-02,-0.0376563,-0.00027875
3.9530e-02,-0.036875,-0.000780938
3.9540e-02,-0.028125,-0.000474688
3.9550e-02,-0.0384375,1.71875e-05
3.9560e-02,-0.0292188,0.000349063
3.9570e-02,-0.029375,0.000870938
3.9580e-02,-0.0360938,8.28125e-05
3.9590e-02,-0.0346875,-0.000206875
3.9600e-02,-0.035625,6.53125e-05
3.9610e-02,-0.0301563,0.000118438
3.9620e-02,-0.0289063,0.000557813
3.9630e-02,-0.0228125,0.0005525
3.9640e-02,-0.0423437,0.000432188
3.9650e-02,-0.035625,-0.00102344
3.9660e-02,-0.0310937,-0.001095
3.9670e-02,-0.0339062,-0.00110187
3.9680e-02,-0.0346875,-0.00053625
3.9690e-02,-0.0251563,0.000520625
3.9700e-02,-0.0384375,0.000600938
3.9710e-02,-0.0245313,0.000445625
3.9720e-02,-0.0365625,-8.4375e-06
3.9730e-02,-0.0214063,-0.000423438
3.9740e-02,-0.0303125,-0.000875625
3.9750e-02,-0.0290625,-5.03125e-05
3.9760e-02,-0.0364063,0.000668438
3.9770e-02,-0.0373438,0.000486875
3.9780e-02,-0.0384375,0.000261563
3.9790e-02,-0.03125,-0.000411875
3.9800e-02,-0.0323438,-0.000654375
3.9810e-02,-0.0360938,-0.000661563
3.9820e-02,-0.0239063,0.000114063
3.9830e-02,-0.026875,0.000540938
3.9840e-02,-0.0364063,0.000339063
3.9850e-02,-0.035625,-0.000575
3.9860e-02,-0.039375,-0.00125375
3.9870e-02,-0.0285938,-0.00102969
3.9880e-02,-0.0364063,0.000175625
3.9890e-02,-0.02375,0.000924688
3.9900e-02,-0.0367188,0.00129313
3.9910e-02,-0.0345312,0.000450938
3.9920e-02,-0.0342187,-0.000334375
3.9930e-02,-0.033125,-0.00112906
3.9940e-02,-0.0346875,-0.000259375
3.9950e-02,-0.0351562,0.00057375
3.9960e-02,-0.0360938,0.00129281
3.9970e-02,-0.028125,0.000893125
3.9980e-02,-0.0364063,0.000196875
3.9990e-02,-0.0353125,-0.00172594
4.0000e-02,-0.0282813,-0.00167094
4.0010e-02,-0.0310937,0.000116875
4.0020e-02,-0.0382813,0.000945
4.0030e-02,-0.03,0.00162094
4.0040e-02,-0.0325,0.000424375
4.0050e-02,-0.028125,-0.00162469
4.0060e-02,-0.0209375,-0.00217563
4.0070e-02,-0.0148437,-0.00134156
4.0080e-02,-0.0328125,0.000904688
4.0090e-02,-0.0354688,0.00208219
4.0100e-02,-0.0353125,0.00173563
4.0110e-02,-0.0385937,-4.46875e-05
4.0120e-02,-0.03125,-0.00217906
4.0130e-02,-0.026875,-0.00184625
4.0140e-02,-0.0321875,2.9375e-05
4.0150e-02,-0.0464062,0.00222563
4.0160e-02,-0.0342187,0.00239969
4.0170e-02,-0.0339062,0.000735938
4.0180e-02,-0.0482812,-0.00211938
4.0190e-02,-0.0335937,-0.0027975
4.0200e-02,-0.0246875,-0.00117625
4.0210e-02,-0.0421875,0.00150125
4.0220e-02,-0.0426562,0.00336375
4.0230e-02,-0.02875,0.00273906
4.0240e-02,-0.0278125,-0.00100313
4.0250e-02,-0.0317188,-0.00339344
4.0260e-02,-0.0228125,-0.00299063
4.0270e-02,-0.0425,0.00139344
4.0280e-02,-0.0282813,0.0035125
4.0290e-02,-0.0364063,0.00359781
4.0300e-02,-0.0439063,0.000173438
4.0310e-02,-0.0353125,-0.00383469
4.0320e-02,-0.0346875,-0.00480281
4.0330e-02,-0.0404687,-0.00126094
4.0340e-02,-0.0314062,0.00332625
4.0350e-02,-0.0340625,0.00465
4.0360e-02,-0.0364063,0.00226156
4.0370e-02,-0.0404687,-0.00264156
4.0380e-02,-0.0279688,-0.00572938
4.0390e-02,-0.04125,-0.00486688
4.0400e-02,-0.0320312,0.0001325
4.0410e-02,-0.0325,0.00506
4.0420e-02,-0.0373438,0.00499219
4.0430e-02,-0.03125,0.000844063
4.0440e-02,-0.0401563,-0.00440969
4.0450e-02,-0.0304688,-0.00694875
4.0460e-02,-0.0282813,-0.00353813
4.0470e-02,-0.0432813,0.002415
4.0480e-02,-0.0275,0.00648625
4.0490e-02,-0.0390625,0.00509156
4.0500e-02,-0.0284375,-0.000623125
4.0510e-02,-0.0290625,-0.00646844
4.0520e-02,-0.0309375,-0.00574594
4.0530e-02,-0.035625,-0.000674688
4.0540e-02,-0.0367188,0.00513625
4.0550e-02,-0.0371875,0.00694906
4.0560e-02,-0.0351562,0.00267313
4.0570e-02,-0.0314062,-0.00302094
4.0580e-02,-0.0317188,-0.00638938
4.0590e-02,-0.0392187,-0.0045625
4.0600e-02,-0.0164063,0.0011275
4.0610e-02,-0.0296875,0.00495781
4.0620e-02,-0.0259375,0.00459531
4.0630e-02,-0.0353125,0.000894688
4.0640e-02,-0.0209375,-0.00421281
4.0650e-02,-0.0292188,-0.00507531
4.0660e-02,-0.0489062,-0.002075
4.0670e-02,-0.046875,0.00313688
4.0680e-02,-0.0385937,0.00495313
4.0690e-02,-0.0353125,0.00286
4.0700e-02,-0.0407813,-0.00116375
4.0710e-02,-0.0423437,-0.00395844
4.0720e-02,-0.03125,-0.00305656
4.0730e-02,-0.0429688,0.000277813
4.0740e-02,-0.0370313,0.00339281
4.0750e-02,-0.04125,0.00287656
4.0760e-02,-0.0345312,0.000379063
4.0770e-02,-0.0426562,-0.00209094
4.0780e-02,-0.0323438,-0.00338656
4.0790e-02,-0.0290625,-0.00100875
4.0800e-02,-0.0276563,0.0018825
4.0810e-02,-0.0390625,0.00264406
4.0820e-02,-0.0403125,0.000855625
4.0830e-02,-0.03125,-0.00141125
4.0840e-02,-0.0392187,-0.00319938
4.0850e-02,-0.0304688,-0.00176938
4.0860e-02,-0.0415625,0.000544063
4.0870e-02,-0.0360938,0.00194
4.0880e-02,-0.0379688,0.00153594
4.0890e-02,-0.0395313,-0.00011375
4.0900e-02,-0.0420312,-0.00185719
4.0910e-02,-0.0278125,-0.00147375
4.0920e-02,-0.04,0.000155625
4.0930e-02,-0.0235938,0.00146313
4.0940e-02,-0.0370313,0.00236219
4.0950e-02,-0.0314062,0.000834063
4.0960e-02,-0.0354688,-0.000775625
4.0970e-02,-0.0307813,-0.00238
4.0980e-02,-0.0439063,-0.000759375
4.0990e-02,-0.0298438,0.000934063
4.1000e-02,-0.03125,0.00128875
4.1010e-02,-0.0323438,0.00129969
4.1020e-02,-0.0390625,-0.000340938
4.1030e-02,-0.0348437,-0.00188
4.1040e-02,-0.039375,-0.0018875
4.1050e-02,-0.030625,-0.000386563
4.1060e-02,-0.0370313,0.000765938
4.1070e-02,-0.0314062,0.00130281
4.1080e-02,-0.0246875,0.000555625
4.1090e-02,-0.0339062,-0.00066625
4.1100e-02,-0.0296875,-0.00107125
4.1110e-02,-0.0328125,-0.000501875
4.1120e-02,-0.0423437,0.000599063
4.1130e-02,-0.0321875,0.0011925
4.1140e-02,-0.0375,0.000221875
4.1150e-02,-0.0225,-0.000324688
4.1160e-02,-0.0315625,-0.0009475
4.1170e-02,-0.0348437,-0.000598125
4.1180e-02,-0.0289063,-0.000357188
4.1190e-02,-0.0348437,0.00116156
4.1200e-02,-0.028125,0.00103125
4.1210e-02,-0.0410937,0.000569688
4.1220e-02,-0.0457813,-0.000122188
4.1230e-02,-0.0226562,-0.000994375
4.1240e-02,-0.0289063,-0.00143563
4.1250e-02,-0.0348437,-0.000380938
4.1260e-02,-0.0357813,0.00132438
4.1270e-02,-0.0209375,0.000765938
4.1280e-02,-0.0332812,0.000494375
4.1290e-02,-0.041875,-0.000330938
4.1300e-02,-0.0440625,-0.000553438
4.1310e-02,-0.0354688,-0.000252812
4.1320e-02,-0.0346875,6.125e-05
4.1330e-02,-0.0457813,0.00049625
4.1340e-02,-0.0307813,0.000678438
4.1350e-02,-0.0453125,-0.000680625
4.1360e-02,-0.0367188,-0.000262813
4.1370e-02,-0.0348437,0.00011375
4.1380e-02,-0.04375,-0.000289688
4.1390e-02,-0.0326562,0.000315
4.1400e-02,-0.0228125,0.000475313
4.1410e-02,-0.0384375,0.00035
4.1420e-02,-0.0326562,-9.25e-05
4.1430e-02,-0.0345312,-0.00020375
4.1440e-02,-0.0398437,-0.000527188
4.1450e-02,-0.0379688,0.000150313
4.1460e-02,-0.024375,-0.000192188
4.1470e-02,-0.0459375,0.000506875
4.1480e-02,-0.0423437,0.00023375
4.1490e-02,-0.0334375,-0.000214063
4.1500e-02,-0.0307813,-0.000158438
4.1510e-02,-0.0517188,-0.0006175
4.1520e-02,-0.0426562,0.000223125
4.1530e-02,-0.0379688,0.000696875
4.1540e-02,-0.0273438,0.000355
4.1550e-02,-0.0417187,-4.6875e-06
4.1560e-02,-0.0409375,-0.000411875
4.1570e-02,-0.0321875,-9.75e-05
4.1580e-02,-0.0339062,0.000234063
4.1590e-02,-0.0385937,0.000304375
4.1600e-02,-0.0389063,0.000449375
4.1610e-02,-0.0428125,0.000531875
4.1620e-02,-0.0496875,-0.000507188
4.1630e-02,-0.0420312,-0.00016875
4.1640e-02,-0.0473438,0.000347813
4.1650e-02,-0.0359375,0.00130406
4.1660e-02,-0.0439063,0.00146
4.1670e-02,-0.040625,0.000217188
4.1680e-02,-0.0423437,-0.00028875
4.1690e-02,-0.0426562,-0.000766563
4.1700e-02,-0.0275,-0.000805625
4.1710e-02,-0.0345312,-8.40625e-05
4.1720e-02,-0.045,0.000150313
4.1730e-02,-0.041875,-0.000222813
4.1740e-02,-0.0265625,-0.000401875
4.1750e-02,-0.0301563,-0.000224375
4.1760e-02,-0.03375,-0.000410313
4.1770e-02,-0.0226562,-0.000730625
4.1780e-02,-0.0217188,8.75e-06
4.1790e-02,-0.0353125,0.000108438
4.1800e-02,-0.0385937,0.000391875
4.1810e-02,-0.0410937,7.84375e-05
4.1820e-02,-0.036875,-0.000258125
4.1830e-02,-0.0345312,-0.0002925
4.1840e-02,-0.0315625,0.00036875
4.1850e-02,-0.0242188,0.000503125
4.1860e-02,-0.035625,0.00101781
4.1870e-02,-0.0278125,0.000695625
4.1880e-02,-0.043125,-0.000286563
4.1890e-02,-0.0489062,-0.000515
4.1900e-02,-0.0489062,-9.1875e-05
4.1910e-02,-0.04375,0.000495625
4.1920e-02,-0.0421875,-0.000107813
4.1930e-02,-0.0439063,0.000502188
4.1940e-02,-0.0476562,-0.000227813
4.1950e-02,-0.046875,-0.00072375
4.1960e-02,-0.0348437,-0.00139406
4.1970e-02,-0.040625,-9.0625e-06
4.1980e-02,-0.0339062,0.000493125
4.1990e-02,-0.0354688,0.000336875
4.2000e-02,-0.0470312,0.000314375
4.2010e-02,-0.0398437,-0.000156563
4.2020e-02,-0.0379688,0.000128437
4.2030e-02,-0.0346875,0.000478438
4.2040e-02,-0.0389063,-0.000112188
4.2050e-02,-0.0485938,0.000278125
4.2060e-02,-0.059375,0.000426875
4.2070e-02,-0.0384375,0.000169375
4.2080e-02,-0.0335937,-0.0001475
4.2090e-02,-0.026875,-0.000700625
4.2100e-02,-0.039375,-0.000294688
4.2110e-02,-0.0325,0.000444688
4.2120e-02,-0.0579687,-0.0001375
4.2130e-02,-0.0289063,-0.000108438
4.2140e-02,-0.048125,-0.000232188
4.2150e-02,-0.034375,-0.000135
4.2160e-02,-0.0332812,5.34375e-05
4.2170e-02,-0.0410937,-1.53125e-05
4.2180e-02,-0.0421875,0.000310938
4.2190e-02,-0.0310937,9.21875e-05
4.2200e-02,-0.0321875,-4.125e-05
4.2210e-02,-0.0257812,0.000421875
4.2220e-02,-0.048125,0.00027125
4.2230e-02,-0.0442188,-2.3125e-05
4.2240e-02,-0.0290625,0.00018
4.2250e-02,-0.0346875,-0.00026125
4.2260e-02,-0.0459375,-0.00026875
4.2270e-02,-0.026875,-0.000235313
4.2280e-02,-0.0401563,-0.000362813
4.2290e-02,-0.0370313,-0.000349375
4.2300e-02,-0.0373438,-0.000293438
4.2310e-02,-0.0396875,0.000270938
4.2320e-02,-0.0329688,-0.0003225
4.2330e-02,-0.02,-0.000143438
4.2340e-02,-0.0401563,-0.000333125
4.2350e-02,-0.0529687,0.000381563
4.2360e-02,-0.0370313,0.000413125
4.2370e-02,-0.035,0.000189688
4.2380e-02,-0.0289063,6.5e-05
4.2390e-02,-0.04,-0.00016125
4.2400e-02,-0.046875,5.625e-05
4.2410e-02,-0.0379688,0.000481563
4.2420e-02,-0.0490625,0.00035625
4.2430e-02,-0.0270312,-1.84375e-05
4.2440e-02,-0.0335937,0.00020625
4.2450e-02,-0.0303125,-0.00016
4.2460e-02,-0.0467188,-0.00021875
4.2470e-02,-0.0442188,-0.000623438
4.2480e-02,-0.02875,-0.000860313
4.2490e-02,-0.0389063,-7e-05
4.2500e-02,-0.0260937,-0.000371875
4.2510e-02,-0.0373438,1.71875e-05
4.2520e-02,-0.040625,-0.00016
4.2530e-02,-0.0475,-8.125e-05
4.2540e-02,-0.0410937,2.625e-05
4.2550e-02,-0.0446875,0.000372813
4.2560e-02,-0.0425,0.000176563
4.2570e-02,-0.0425,0.000426875
4.2580e-02,-0.0395313,-1.96875e-05
4.2590e-02,-0.0365625,0.00035125
4.2600e-02,-0.0409375,0.000571875
4.2610e-02,-0.0448438,0.000227813
4.2620e-02,-0.0470312,0.000434063
4.2630e-02,-0.0309375,-0.000306875
4.2640e-02,-0.0339062,-0.000209688
4.2650e-02,-0.0384375,-0.000876875
4.2660e-02,-0.0382813,-0.000666875
4.2670e-02,-0.050625,-0.000266875
4.2680e-02,-0.0409375,-0.000808438
4.2690e-02,-0.0448438,-0.000652188
4.2700e-02,-0.0359375,-0.00025875
4.2710e-02,-0.0440625,0.000203125
4.2720e-02,-0.0304688,0.000398125
4.2730e-02,-0.043125,-0.000130625
4.2740e-02,-0.0398437,0.000382813
4.2750e-02,-0.04,0.00018625
4.2760e-02,-0.0432813,0.000394688
4.2770e-02,-0.0353125,0.000131563
4.2780e-02,-0.0315625,-0.000140625
4.2790e-02,-0.0371875,0.0001475
4.2800e-02,-0.0428125,-3.9375e-05
4.2810e-02,-0.0398437,-0.000241563
4.2820e-02,-0.0420312,0.00016875
4.2830e-02,-0.0332812,-0.00025125
4.2840e-02,-0.04,0.0005425
4.2850e-02,-0.0348437,0.00014875
4.2860e-02,-0.0426562,-5.21875e-05
4.2870e-02,-0.0351562,0.000208125
4.2880e-02,-0.041875,-0.000595625
4.2890e-02,-0.0504687,-4.65625e-05
4.2900e-02,-0.0403125,1.71875e-05
4.2910e-02,-0.0289063,-0.000599375
4.2920e-02,-0.0359375,-0.000690625
4.2930e-02,-0.0342187,-0.000351875
4.2940e-02,-0.0509375,-0.000115313
4.2950e-02,-0.0271875,-5.6875e-05
4.2960e-02,-0.023125,-0.000299375
4.2970e-02,-0.0451563,-0.00018
4.2980e-02,-0.0415625,-0.00034125
4.2990e-02,-0.0415625,-0.000225
4.3000e-02,-0.0325,-0.0003275
4.3010e-02,-0.04125,-0.000121563
4.3020e-02,-0.044375,6.53125e-05
4.3030e-02,-0.0440625,0.000136875
4.3040e-02,-0.0329688,1.78125e-05
4.3050e-02,-0.0351562,-0.000340313
4.3060e-02,-0.0454688,-9.25e-05
4.3070e-02,-0.0557813,0.00015875
4.3080e-02,-0.0470312,0.00010875
4.3090e-02,-0.0385937,6.3125e-05
4.3100e-02,-0.0379688,0.000225625
4.3110e-02,-0.0328125,5.9375e-06
4.3120e-02,-0.0435938,-0.000605625
4.3130e-02,-0.040625,0.000188438
4.3140e-02,-0.0378125,-0.00047125
4.3150e-02,-0.0414063,4.0625e-06
4.3160e-02,-0.051875,-0.000364688
4.3170e-02,-0.0409375,2.375e-05
4.3180e-02,-0.04,-0.00034875
4.3190e-02,-0.0385937,-0.000143125
4.3200e-02,-0.0260937,0.000210938
4.3210e-02,-0.03875,1.5e-05
4.3220e-02,-0.0446875,0.00049125
4.3230e-02,-0.0390625,-0.00018625
4.3240e-02,-0.0365625,-0.000395
4.3250e-02,-0.0404687,0.00018125
4.3260e-02,-0.03375,-0.000220625
4.3270e-02,-0.0434375,-0.000734063
4.3280e-02,-0.0440625,-1.875e-05
4.3290e-02,-0.026875,3.53125e-05
4.3300e-02,-0.0432813,-0.000118125
4.3310e-02,-0.0454688,-0.00035875
4.3320e-02,-0.0432813,-0.000181875
4.3330e-02,-0.0335937,-0.000282813
4.3340e-02,-0.0457813,-0.000524688
4.3350e-02,-0.0620312,0.000147813
4.3360e-02,-0.039375,0.00012875
4.3370e-02,-0.0409375,-0.000359375
4.3380e-02,-0.0417187,0.00018875
4.3390e-02,-0.0385937,-0.000232188
4.3400e-02,-0.0407813,-0.000122813
4.3410e-02,-0.0445313,0.00056875
4.3420e-02,-0.0359375,5.46875e-05
4.3430e-02,-0.04625,-0.00055
4.3440e-02,-0.048125,-0.00022875
4.3450e-02,-0.0409375,0.000555
4.3460e-02,-0.0348437,-0.000343125
4.3470e-02,-0.0379688,-0.00022125
4.3480e-02,-0.0370313,-0.000323125
4.3490e-02,-0.034375,-0.000714063
4.3500e-02,-0.045,-0.000732813
4.3510e-02,-0.0410937,-0.000529375
4.3520e-02,-0.0382813,-0.00032625
4.3530e-02,-0.0453125,-0.000189375
4.3540e-02,-0.0392187,-0.000369063
4.3550e-02,-0.0326562,0.000475
4.3560e-02,-0.0434375,-0.000114375
4.3570e-02,-0.041875,0.000140625
4.3580e-02,-0.0379688,-0.00018875
4.3590e-02,-0.0495312,-0.000834375
4.3600e-02,-0.0520313,-0.00060625
4.3610e-02,-0.0517188,-0.00029125
4.3620e-02,-0.0371875,2.875e-05
4.3630e-02,-0.0448438,0.000144063
4.3640e-02,-0.0464062,0.000301563
4.3650e-02,-0.0378125,0.000257813
4.3660e-02,-0.0290625,0.000137813
4.3670e-02,-0.0317188,0.000622813
4.3680e-02,-0.038125,9.59375e-05
4.3690e-02,-0.0417187,-0.000280625
4.3700e-02,-0.0398437,0.000314688
4.3710e-02,-0.0298438,-0.000384688
4.3720e-02,-0.0501562,-3.0625e-05
4.3730e-02,-0.0367188,-0.000258438
4.3740e-02,-0.0525,-0.00064
4.3750e-02,-0.0409375,-3.75e-06
4.3760e-02,-0.0328125,-0.0007
4.3770e-02,-0.0398437,-0.000632813
4.3780e-02,-0.0421875,0.000195
4.3790e-02,-0.0432813,-0.000379063
4.3800e-02,-0.0420312,0.000101875
4.3810e-02,-0.0428125,7.96875e-05
4.3820e-02,-0.04625,0.00055375
4.3830e-02,-0.0467188,0.000356563
4.3840e-02,-0.0335937,0.000141875
4.3850e-02,-0.0415625,-0.000214688
4.3860e-02,-0.0517188,-0.0005575
4.3870e-02,-0.0445313,-0.000214688
4.3880e-02,-0.0457813,0.00025375
4.3890e-02,-0.0604688,0.000445938
4.3900e-02,-0.0446875,0.000652813
4.3910e-02,-0.0429688,-0.00024125
4.3920e-02,-0.0220313,-0.000637188
4.3930e-02,-0.0385937,-0.0008675
4.3940e-02,-0.0478125,0.00019125
4.3950e-02,-0.045,0.000680938
4.3960e-02,-0.0440625,0.00101094
4.3970e-02,-0.0482812,-0.000242813
4.3980e-02,-0.0475,-0.00034375
4.3990e-02,-0.0339062,-0.000839688
4.4000e-02,-0.0410937,-0.000257188
4.4010e-02,-0.0479688,0.000441563
4.4020e-02,-0.0442188,0.000989688
4.4030e-02,-0.0354688,0.000368438
4.4040e-02,-0.0409375,-0.000131563
4.4050e-02,-0.0528125,-0.00137313
4.4060e-02,-0.0389063,-0.000312813
4.4070e-02,-0.0320312,0.000240625
4.4080e-02,-0.0435938,0.000830625
4.4090e-02,-0.0378125,0.000448438
4.4100e-02,-0.053125,9.875e-05
4.4110e-02,-0.0365625,-0.00109188
4.4120e-02,-0.044375,-0.00114875
4.4130e-02,-0.0509375,-0.000685313
4.4140e-02,-0.0448438,0.00042
4.4150e-02,-0.0376563,0.00153969
4.4160e-02,-0.0454688,0.000485313
4.4170e-02,-0.03375,-0.00130625
4.4180e-02,-0.0523437,-0.0009475
4.4190e-02,-0.0517188,-0.000494688
4.4200e-02,-0.035625,0.0013025
4.4210e-02,-0.031875,0.0022725
4.4220e-02,-0.04,0.00117219
4.4230e-02,-0.035,-0.00023375
4.4240e-02,-0.0392187,-0.00213406
4.4250e-02,-0.0409375,-0.001345
4.4260e-02,-0.0404687,-0.0001425
4.4270e-02,-0.0471875,0.0008475
4.4280e-02,-0.0367188,0.00175531
4.4290e-02,-0.0535937,0.000390313
4.4300e-02,-0.0434375,-0.0017275
4.4310e-02,-0.0357813,-0.00219313
4.4320e-02,-0.0273438,-0.00122219
4.4330e-02,-0.04875,0.00123313
4.4340e-02,-0.0371875,0.00271375
4.4350e-02,-0.0442188,0.00197531
4.4360e-02,-0.0446875,-0.000183125
4.4370e-02,-0.0407813,-0.00264531
4.4380e-02,-0.0348437,-0.00215531
4.4390e-02,-0.0467188,1.21875e-05
4.4400e-02,-0.0284375,0.00231625
4.4410e-02,-0.0339062,0.0030125
4.4420e-02,-0.048125,0.00333406
4.4430e-02,-0.0514063,0.00310875
4.4440e-02,-0.045625,0.00303281
4.4450e-02,-0.0576563,0.00321875
4.4460e-02,-0.0326562,0.00316188
4.4470e-02,-0.0498438,0.00303344
4.4480e-02,0.133594,0.00292469
4.4490e-02,0.786563,-0.000409688
4.4500e-02,0.521094,-0.00393344
4.4510e-02,-0.520313,-0.00673844
4.4520e-02,-0.470781,-0.00767281
4.4530e-02,0.0567187,-0.00768875
4.4540e-02,0.114062,-0.00769938
4.4550e-02,0.0995313,-0.00759938
4.4560e-02,0.0839063,-0.00765656
4.4570e-02,0.0778125,-0.00766094
4.4580e-02,0.074375,-0.00759313
4.4590e-02,0.0542187,-0.00761
4.4600e-02,0.0534375,-0.0075
4.4610e-02,0.0554687,-0.00758656
4.4620e-02,0.0482812,-0.00751063
4.4630e-02,0.0329688,-0.00744031
4.4640e-02,0.039375,-0.00731563
4.4650e-02,0.059375,-0.00763594
4.4660e-02,0.0365625,-0.007375
4.4670e-02,0.0367187,-0.00748188
4.4680e-02,0.0215625,-0.00754094
4.4690e-02,0.0270313,-0.00743906
4.4700e-02,0.039375,-0.00720031
4.4710e-02,0.0173438,-0.00731688
4.4720e-02,0.030625,-0.007495
4.4730e-02,0.01625,-0.00756094
4.4740e-02,0.0309375,-0.00569406
4.4750e-02,0.041875,-0.00101
4.4760e-02,0.0195313,0.000209375
4.4770e-02,0.0298437,-0.00169656
4.4780e-02,0.0217187,-0.00325219
4.4790e-02,0.0090625,-0.0026325
4.4800e-02,0.00359375,-0.0007225
4.4810e-02,0.00765625,0.0013025
4.4820e-02,0.0120312,0.00168031
4.4830e-02,-0.005,0.000700625
4.4840e-02,0.016875,-0.00107094
4.4850e-02,-0.0040625,-0.00148125
4.4860e-02,-0.0040625,-0.000350938
4.4870e-02,-0.00203125,0.00085875
4.4880e-02,0.0123437,0.00181188
4.4890e-02,0.001875,0.000865
4.4900e-02,0.01375,-0.00052125
4.4910e-02,-0.0046875,-0.00103188
4.4920e-02,-0.00359375,-0.000446875
4.4930e-02,0.01875,0.00042875
4.4940e-02,0.0103125,0.000828438
4.4950e-02,0.0121875,0.0014075
4.4960e-02,-0.0071875,0.0002825
4.4970e-02,-0.00546875,-0.000676563
4.4980e-02,0.00125,-0.000791563
4.4990e-02,-0.00375,-0.0005525
4.5000e-02,0.0028125,0.000659688
4.5010e-02,-0.00125,0.00130844
4.5020e-02,-0.008125,0.000675938
4.5030e-02,0.00203125,-0.00013875
4.5040e-02,-0.0129688,-0.00042125
4.5050e-02,-0.00375,-0.000588438
4.5060e-02,-0.00515625,-0.00011125
4.5070e-02,0.00796875,0.00109063
4.5080e-02,-0.00984375,0.000807813
4.5090e-02,-0.0009375,-8.84375e-05
4.5100e-02,0.0121875,-0.000733438
4.5110e-02,0.00140625,-0.000162813
4.5120e-02,-0.0021875,-0.000525938
4.5130e-02,-0.0075,-0.0001175
4.5140e-02,-0.005,0.000199375
4.5150e-02,-0.00046875,0.0007225
4.5160e-02,-0.0096875,-0.000404375
4.5170e-02,-0.001875,-0.00114688
4.5180e-02,-0.00875,-8.25e-05
4.5190e-02,-0.00703125,0.000180938
4.5200e-02,-0.00984375,0.0002375
4.5210e-02,-0.0146875,0.000515313
4.5220e-02,-0.00890625,0.000125
4.5230e-02,-0.0115625,0.00017
4.5240e-02,-0.0121875,0.000193438
4.5250e-02,-0.0096875,0.0003725
4.5260e-02,-0.0159375,0.000929375
4.5270e-02,-0.01125,0.000412188
4.5280e-02,-0.0096875,3.8125e-05
4.5290e-02,-0.00234375,-0.000176875
4.5300e-02,-0.0132813,-0.000480938
4.5310e-02,-0.0117188,-0.000179063
4.5320e-02,-0.003125,-0.000251875
4.5330e-02,-0.0179687,0.000289688
4.5340e-02,-0.013125,-0.000354688
4.5350e-02,-0.0125,0.000443438
4.5360e-02,-0.0123438,-0.000376563
4.5370e-02,-0.009375,-0.000409375
4.5380e-02,-0.0151562,-0.0002625
4.5390e-02,-0.0121875,-1.6875e-05
4.5400e-02,-0.0090625,0.000195625
4.5410e-02,-0.0084375,4.21875e-05
4.5420e-02,-0.01,-5.28125e-05
4.5430e-02,-0.00875,-8.625e-05
4.5440e-02,-0.0229687,-0.000212188
4.5450e-02,-0.0165625,-0.000389688
4.5460e-02,-0.00703125,-0.000358125
4.5470e-02,-0.00921875,-0.000119063
4.5480e-02,-0.00078125,0.00040125
4.5490e-02,-0.0132813,-0.000350625
4.5500e-02,-0.0204688,-0.000600625
4.5510e-02,-0.0182812,-0.000644688
4.5520e-02,-0.00828125,-0.00023625
4.5530e-02,-0.02125,6.15625e-05
4.5540e-02,-0.018125,-1.875e-06
4.5550e-02,-0.0190625,-0.000265313
4.5560e-02,-0.00453125,-0.000291563
4.5570e-02,-0.0173438,0.000120938
4.5580e-02,-0.011875,-3.96875e-05
4.5590e-02,-0.01,-0.000373438
4.5600e-02,-0.0176563,0.000168125
4.5610e-02,-0.0201563,0.000265938
4.5620e-02,-0.006875,0.000115938
4.5630e-02,-0.0151562,-0.000286563
4.5640e-02,-0.011875,-0.000170938
4.5650e-02,-0.015625,-0.000534375
4.5660e-02,-0.0195312,-0.000360313
4.5670e-02,-0.0253125,-0.000348438
4.5680e-02,-0.00859375,0.000849063
4.5690e-02,-0.0142188,0.00033625
4.5700e-02,-0.0139063,0.000141563
4.5710e-02,-0.00890625,0.000680625
4.5720e-02,-0.0128125,-0.000195313
4.5730e-02,-0.0151562,-0.000119375
4.5740e-02,-0.0145312,-0.000163125
4.5750e-02,-0.00953125,-0.000445313
4.5760e-02,-0.0090625,-7.25e-05
4.5770e-02,-0.01,4.09375e-05
4.5780e-02,-0.0125,0.000750313
4.5790e-02,-0.0234375,-0.000405938
4.5800e-02,-0.01,0.000316563
4.5810e-02,-0.00890625,8.46875e-05
4.5820e-02,-0.0160938,-0.000190938
4.5830e-02,-0.0176563,-0.00028875
4.5840e-02,-0.0203125,0.000244688
4.5850e-02,-0.0203125,-0.000235938
4.5860e-02,-0.0246875,5.9375e-06
4.5870e-02,-0.02375,0.000165625
4.5880e-02,-0.0145312,0.000164688
4.5890e-02,-0.0220313,5.3125e-06
4.5900e-02,-0.0179687,0.000262187
4.5910e-02,-0.015625,9.375e-05
4.5920e-02,-0.0240625,1.46875e-05
4.5930e-02,-0.0275,0.0003575
4.5940e-02,-0.0226562,2.46875e-05
4.5950e-02,-0.00796875,0.000114063
4.5960e-02,-0.01875,-0.000269063
4.5970e-02,-0.019375,-2.65625e-05
4.5980e-02,-0.00140625,0.000185625
4.5990e-02,-0.0125,0.000163438
4.6000e-02,-0.0145312,-0.000203125
4.6010e-02,-0.0159375,9.65625e-05
4.6020e-02,-0.0226562,-0.0005175
4.6030e-02,-0.0221875,-7.84375e-05
4.6040e-02,-0.0279688,0.0001125
4.6050e-02,-0.0259375,0.000181875
4.6060e-02,-0.0192187,0.000537188
4.6070e-02,-0.0160938,0.000365938
4.6080e-02,-0.0223437,-5.71875e-05
4.6090e-02,-0.029375,0.000397813
4.6100e-02,-0.0173438,-0.00019125
4.6110e-02,-0.0275,0.000185625
4.6120e-02,-0.0214063,0.000176563
4.6130e-02,-0.0173438,0.000414688
4.6140e-02,-0.0303125,-4.1875e-05
4.6150e-02,-0.02125,-0.000117188
4.6160e-02,-0.0240625,-0.0003275
4.6170e-02,-0.0229687,-0.000325
4.6180e-02,-0.0185937,-0.000251875
4.6190e-02,-0.0326562,-0.000297813
4.6200e-02,-0.0282813,-0.000317813
4.6210e-02,-0.0284375,-0.000568438
4.6220e-02,-0.0151562,-0.000215
4.6230e-02,-0.0315625,0.000155938
4.6240e-02,-0.01625,0.000275
4.6250e-02,-0.026875,0.000564688
4.6260e-02,-0.0267187,0.000777188
4.6270e-02,-0.0159375,-3.90625e-05
4.6280e-02,-0.02125,0.0002925
4.6290e-02,-0.0253125,-6.03125e-05
4.6300e-02,-0.024375,-0.00015375
4.6310e-02,-0.0209375,4.09375e-05
4.6320e-02,-0.00859375,0.000431563
4.6330e-02,-0.0235938,-0.00032875
4.6340e-02,-0.0328125,-0.000288125
4.6350e-02,-0.0239063,0.00010375
4.6360e-02,-0.0284375,-0.000138438
4.6370e-02,-0.00109375,0.000658125
4.6380e-02,-0.018125,-0.000393125
4.6390e-02,-0.0142188,-1.40625e-05
4.6400e-02,-0.0335937,-0.000129688
4.6410e-02,-0.0309375,-4.6875e-05
4.6420e-02,-0.0214063,-0.00024375
4.6430e-02,-0.0275,-0.000150625
4.6440e-02,-0.0353125,-0.000406563
4.6450e-02,-0.0360938,-0.000347813
4.6460e-02,-0.0170313,-0.000634375
4.6470e-02,-0.0223437,6.25e-07
4.6480e-02,-0.0235938,-0.000636875
4.6490e-02,-0.023125,-0.000436875
4.6500e-02,-0.0296875,0.000629688
4.6510e-02,-0.0235938,0.000103438
4.6520e-02,-0.0271875,3.75e-05
4.6530e-02,-0.0260937,-0.000275938
4.6540e-02,-0.03375,-0.000314375
4.6550e-02,-0.03,-9.21875e-05
4.6560e-02,-0.023125,-0.000499063
4.6570e-02,-0.02375,0.000197188
4.6580e-02,-0.0321875,7.34375e-05
4.6590e-02,-0.0315625,0.000340938
4.6600e-02,-0.0228125,-8.75e-05
4.6610e-02,-0.0223437,0.000170938
4.6620e-02,-0.0309375,0.000279063
4.6630e-02,-0.023125,0.00040375
4.6640e-02,-0.023125,0.000302813
4.6650e-02,-0.03625,0.000250938
4.6660e-02,-0.0195312,-0.000352813
4.6670e-02,-0.025625,-8.34375e-05
4.6680e-02,-0.0275,-0.0004275
4.6690e-02,-0.0326562,5.84375e-05
4.6700e-02,-0.039375,6.78125e-05
4.6710e-02,-0.02125,3.625e-05
4.6720e-02,-0.0342187,0.000111563
4.6730e-02,-0.0304688,0.0001
4.6740e-02,-0.0242188,-0.00024
4.6750e-02,-0.0235938,-0.00022375
4.6760e-02,-0.0207813,-2.21875e-05
4.6770e-02,-0.0301563,-1.3125e-05
4.6780e-02,-0.021875,0.000288438
4.6790e-02,-0.0260937,0.00057375
4.6800e-02,-0.0270312,0.000280313
4.6810e-02,-0.0184375,0.000248438
4.6820e-02,-0.0292188,-9.0625e-06
4.6830e-02,-0.0334375,0.00016
4.6840e-02,-0.0198438,0.000149687
4.6850e-02,-0.0145312,0.000405625
4.6860e-02,-0.025,0.000385313
4.6870e-02,-0.0282813,-1.03125e-05
4.6880e-02,-0.0276563,-0.00104969
4.6890e-02,-0.025,0.000490938
4.6900e-02,-0.0217188,0.000124375
4.6910e-02,-0.0307813,0.00025375
4.6920e-02,-0.0171875,0.000226875
4.6930e-02,-0.0339062,3.15625e-05
4.6940e-02,-0.0228125,-0.000524688
4.6950e-02,-0.0260937,-0.0002125
4.6960e-02,-0.0248438,0.0001325
4.6970e-02,-0.028125,-0.000275625
4.6980e-02,-0.0296875,0.000189688
4.6990e-02,-0.0332812,0.000243438
4.7000e-02,-0.0404687,-0.000196875
4.7010e-02,-0.0265625,-6.46875e-05
4.7020e-02,-0.0285938,0.00034875
4.7030e-02,-0.0421875,-3.125e-07
4.7040e-02,-0.025625,0.00043125
4.7050e-02,-0.0378125,6.8125e-05
4.7060e-02,-0.0301563,5.9375e-05
4.7070e-02,-0.0253125,-0.0005375
4.7080e-02,-0.0473438,0.000638438
4.7090e-02,-0.021875,-0.000164063
4.7100e-02,-0.034375,-7.40625e-05
4.7110e-02,-0.033125,0.000210938
4.7120e-02,-0.0384375,0.000458438
4.7130e-02,-0.0384375,-4.21875e-05
4.7140e-02,-0.0340625,0.000510313
4.7150e-02,-0.0320312,-0.000134375
4.7160e-02,-0.0359375,0.00036
4.7170e-02,-0.030625,0.000109375
4.7180e-02,-0.02,0.00016125
4.7190e-02,-0.0428125,0.000354375
4.7200e-02,-0.0303125,-0.000184063
4.7210e-02,-0.0325,4.3125e-05
4.7220e-02,-0.0226562,0.000532187
4.7230e-02,-0.03,0.000643125
4.7240e-02,-0.0259375,0.000385
4.7250e-02,-0.0234375,0.000813438
4.7260e-02,-0.031875,0.00027375
4.7270e-02,-0.0309375,-0.0001975
4.7280e-02,-0.036875,0.00033
4.7290e-02,-0.0335937,0.00048125
4.7300e-02,-0.0229687,0.000268125
4.7310e-02,-0.0323438,0.000364688
4.7320e-02,-0.0275,-0.000427813
4.7330e-02,-0.0328125,-0.000292188
4.7340e-02,-0.0317188,-3.3125e-05
4.7350e-02,-0.0335937,3.4375e-05
4.7360e-02,-0.0271875,0.000588438
4.7370e-02,-0.0207813,0.000172188
4.7380e-02,-0.0275,0.000936875
4.7390e-02,-0.0271875,-0.000497812
4.7400e-02,-0.0351562,-0.0008475
4.7410e-02,-0.031875,-0.000121875
4.7420e-02,-0.0346875,2.84375e-05
4.7430e-02,-0.0359375,0.00083375
4.7440e-02,-0.033125,0.00082375
4.7450e-02,-0.0307813,0.000446563
4.7460e-02,-0.0165625,-0.000213438
4.7470e-02,-0.0246875,-0.000304687
4.7480e-02,-0.020625,0.00022
4.7490e-02,-0.0428125,-1.5625e-05
4.7500e-02,-0.0346875,0.000423125
4.7510e-02,-0.0375,-0.000175313
4.7520e-02,-0.0271875,-0.00049
4.7530e-02,-0.0248438,-0.000791875
4.7540e-02,-0.04,-0.000487188
4.7550e-02,-0.02875,0.000212813
4.7560e-02,-0.031875,0.000220313
4.7570e-02,-0.0342187,0.000375313
4.7580e-02,-0.0423437,-0.000142813
4.7590e-02,-0.0328125,0.00015875
4.7600e-02,-0.0371875,0.000246563
4.7610e-02,-0.030625,1.125e-05
4.7620e-02,-0.0371875,0.000109688
4.7630e-02,-0.0415625,0.00062625
4.7640e-02,-0.0240625,0.000546563
4.7650e-02,-0.0298438,-2.625e-05
4.7660e-02,-0.0335937,-0.000342188
4.7670e-02,-0.0379688,-0.000520313
4.7680e-02,-0.0421875,-0.000399688
4.7690e-02,-0.0370313,0.0005625
4.7700e-02,-0.0370313,0.000845625
4.7710e-02,-0.0370313,9.84375e-05
4.7720e-02,-0.0346875,-0.000477188
4.7730e-02,-0.0242188,-0.000767813
4.7740e-02,-0.0410937,-0.00040375
4.7750e-02,-0.025625,-4.59375e-05
4.7760e-02,-0.03,0.000540625
4.7770e-02,-0.040625,0.00111875
4.7780e-02,-0.0323438,0.000569063
4.7790e-02,-0.0425,0.000176875
4.7800e-02,-0.0384375,-0.0005325
4.7810e-02,-0.0335937,0.000246875
4.7820e-02,-0.0373438,0.000305625
4.7830e-02,-0.0340625,0.000979688
4.7840e-02,-0.0376563,0.000905313
4.7850e-02,-0.0254688,-0.000154375
4.7860e-02,-0.0284375,-0.00114938
4.7870e-02,-0.0334375,-0.00109188
4.7880e-02,-0.0220313,-0.000246563
4.7890e-02,-0.0428125,0.0003225
4.7900e-02,-0.0260937,0.000736563
4.7910e-02,-0.0209375,0.000442813
4.7920e-02,-0.0234375,-0.000839375
4.7930e-02,-0.0246875,-0.00128625
4.7940e-02,-0.03125,-0.0005775
4.7950e-02,-0.0292188,0.000539688
4.7960e-02,-0.0409375,0.001205
4.7970e-02,-0.038125,0.00178531
4.7980e-02,-0.021875,0.000833125
4.7990e-02,-0.0376563,-0.0010625
4.8000e-02,-0.02375,-0.00139406
4.8010e-02,-0.0290625,-0.00037
4.8020e-02,-0.0335937,0.00101031
4.8030e-02,-0.0296875,0.00182875
4.8040e-02,-0.0359375,0.0013475
4.8050e-02,-0.0489062,-0.0004875
4.8060e-02,-0.0240625,-0.00213813
4.8070e-02,-0.0323438,-0.00167125
4.8080e-02,-0.0398437,-4.34375e-05
4.8090e-02,-0.024375,0.0016225
4.8100e-02,-0.0326562,0.00169
4.8110e-02,-0.0359375,0.000250625
4.8120e-02,-0.0392187,-0.00201969
4.8130e-02,-0.0370313,-0.00199063
4.8140e-02,-0.0367188,-0.000513125
4.8150e-02,-0.0354688,0.00196375
4.8160e-02,-0.02375,0.00312031
4.8170e-02,-0.0340625,0.00193719
4.8180e-02,-0.0342187,-0.00150563
4.8190e-02,-0.0384375,-0.00282063
4.8200e-02,-0.0340625,-0.00172125
4.8210e-02,-0.036875,0.00135656
4.8220e-02,-0.0267187,0.00287344
4.8230e-02,-0.0310937,0.00236938
4.8240e-02,-0.0335937,-0.00060125
4.8250e-02,-0.0271875,-0.00313031
4.8260e-02,-0.0410937,-0.00335031
4.8270e-02,-0.0373438,-0.000522813
4.8280e-02,-0.0353125,0.00259188
4.8290e-02,-0.0404687,0.0038925
4.8300e-02,-0.0239063,0.00108719
4.8310e-02,-0.0229687,-0.00220844
4.8320e-02,-0.0384375,-0.00393813
4.8330e-02,-0.0182812,-0.00267781
4.8340e-02,-0.0382813,0.001985
4.8350e-02,-0.0417187,0.00487594
4.8360e-02,-0.031875,0.00424531
4.8370e-02,-0.0440625,8.125e-06
4.8380e-02,-0.0315625,-0.00491938
4.8390e-02,-0.0339062,-0.00452906
4.8400e-02,-0.0315625,-0.000892813
4.8410e-02,-0.0446875,0.00460969
4.8420e-02,-0.0432813,0.00645156
4.8430e-02,-0.0307813,0.00275563
4.8440e-02,-0.02875,-0.00283719
4.8450e-02,-0.043125,-0.00638938
4.8460e-02,-0.02125,-0.00423156
4.8470e-02,-0.0389063,0.00184375
4.8480e-02,-0.0348437,0.00568625
4.8490e-02,-0.0303125,0.00492781
4.8500e-02,-0.04375,-0.000120625
4.8510e-02,-0.0385937,-0.00528
4.8520e-02,-0.0320312,-0.00633688
4.8530e-02,-0.0332812,-0.00176813
4.8540e-02,-0.0371875,0.00370219
4.8550e-02,-0.0375,0.00645406
4.8560e-02,-0.0314062,0.004015
4.8570e-02,-0.0390625,-0.00157531
4.8580e-02,-0.0340625,-0.00566031
4.8590e-02,-0.0470312,-0.00470563
4.8600e-02,-0.0359375,0.000137813
4.8610e-02,-0.0423437,0.00502094
4.8620e-02,-0.0435938,0.00490438
4.8630e-02,-0.0382813,0.00157063
4.8640e-02,-0.040625,-0.00357875
4.8650e-02,-0.0389063,-0.00554688
4.8660e-02,-0.0384375,-0.00290656
4.8670e-02,-0.0404687,0.00146563
4.8680e-02,-0.0332812,0.00422094
4.8690e-02,-0.0379688,0.00283438
4.8700e-02,-0.0382813,-0.000761563
4.8710e-02,-0.0378125,-0.00377563
4.8720e-02,-0.03125,-0.00345656
4.8730e-02,-0.0275,1.96875e-05
4.8740e-02,-0.034375,0.002885
4.8750e-02,-0.0385937,0.0034275
4.8760e-02,-0.0320312,0.00120781
4.8770e-02,-0.03125,-0.00157281
4.8780e-02,-0.0498438,-0.00322031
4.8790e-02,-0.03375,-0.00170844
4.8800e-02,-0.0317188,0.00138875
4.8810e-02,-0.046875,0.00289344
4.8820e-02,-0.0282813,0.00184031
4.8830e-02,-0.0396875,-0.000535
4.8840e-02,-0.0367188,-0.00298469
4.8850e-02,-0.0329688,-0.00214313
4.8860e-02,-0.04375,0.00044625
4.8870e-02,-0.0382813,0.0023625
4.8880e-02,-0.041875,0.00233281
4.8890e-02,-0.0289063,0.000979063
4.8900e-02,-0.0403125,-0.00172938
4.8910e-02,-0.0314062,-0.00174688
4.8920e-02,-0.0435938,-0.000504688
4.8930e-02,-0.036875,0.00126281
4.8940e-02,-0.0359375,0.00216938
4.8950e-02,-0.0325,0.00107781
4.8960e-02,-0.036875,-0.000773438
4.8970e-02,-0.0470312,-0.000958438
4.8980e-02,-0.0376563,-0.000114063
4.8990e-02,-0.0257812,0.000428438
4.9000e-02,-0.0348437,0.00163188
4.9010e-02,-0.04375,0.00115281
4.9020e-02,-0.0392187,0.000299375
4.9030e-02,-0.0410937,-0.00142344
4.9040e-02,-0.031875,-0.00189688
4.9050e-02,-0.0392187,-0.0004675
4.9060e-02,-0.03125,0.0006675
4.9070e-02,-0.0373438,0.00108156
4.9080e-02,-0.02875,0.000781875
4.9090e-02,-0.04125,-0.000435938
4.9100e-02,-0.0317188,-0.000782813
4.9110e-02,-0.0392187,-0.00111438
4.9120e-02,-0.0170313,-0.000305
4.9130e-02,-0.034375,0.000818438
4.9140e-02,-0.0339062,0.00112375
4.9150e-02,-0.02375,-0.000147188
4.9160e-02,-0.0423437,-0.00102344
4.9170e-02,-0.0270312,-0.000900313
4.9180e-02,-0.0478125,-0.000367813
4.9190e-02,-0.0317188,0.000940313
4.9200e-02,-0.03,0.000705313
4.9210e-02,-0.0345312,0.000948125
4.9220e-02,-0.0323438,-0.00028
4.9230e-02,-0.0403125,-0.00079375
4.9240e-02,-0.0359375,-0.00061875
4.9250e-02,-0.0307813,-0.000548125
4.9260e-02,-0.0273438,-0.000205938
4.9270e-02,-0.0328125,0.00031125
4.9280e-02,-0.045,-2.1875e-05
4.9290e-02,-0.034375,-0.000583125
4.9300e-02,-0.040625,-0.000426875
4.9310e-02,-0.0395313,1.25e-06
4.9320e-02,-0.0482812,0.000180938
4.9330e-02,-0.031875,0.000595625
4.9340e-02,-0.0453125,0.000553438
4.9350e-02,-0.0382813,-0.000418125
4.9360e-02,-0.0414063,-0.00052625
4.9370e-02,-0.0473438,-0.000410313
4.9380e-02,-0.0265625,-0.000433125
4.9390e-02,-0.0304688,2.875e-05
4.9400e-02,-0.0396875,0.000257813
4.9410e-02,-0.0396875,0.000482188
4.9420e-02,-0.0432813,-0.000182813
4.9430e-02,-0.040625,-0.00102375
4.9440e-02,-0.0323438,-0.000280625
4.9450e-02,-0.0278125,-0.000254063
4.9460e-02,-0.03875,0.000155625
4.9470e-02,-0.02875,0.000208438
4.9480e-02,-0.0340625,7e-05
4.9490e-02,-0.0378125,-0.000763125
4.9500e-02,-0.0398437,-0.000951563
4.9510e-02,-0.0407813,-0.000618438
4.9520e-02,-0.0382813,-0.000379375
4.9530e-02,-0.0423437,0.00014875
4.9540e-02,-0.0420312,0.000524375
4.9550e-02,-0.0359375,0.000137188
4.9560e-02,-0.0439063,6.75e-05
4.9570e-02,-0.0407813,0.000415625
4.9580e-02,-0.0548437,0.000226563
4.9590e-02,-0.0379688,0.000119688
4.9600e-02,-0.035625,0.0001825
4.9610e-02,-0.035625,0.0004375
4.9620e-02,-0.0403125,0.000187188
4.9630e-02,-0.043125,-0.000565313
4.9640e-02,-0.0292188,-0.000200938
4.9650e-02,-0.0476562,0.000572813
4.9660e-02,-0.0401563,0.000801875
4.9670e-02,-0.0371875,0.000358125
4.9680e-02,-0.0401563,0.000123438
4.9690e-02,-0.0395313,-5.40625e-05
4.9700e-02,-0.0385937,-0.000660938
4.9710e-02,-0.0423437,-0.00100719
4.9720e-02,-0.0390625,0.00018375
4.9730e-02,-0.03625,2.90625e-05
4.9740e-02,-0.0426562,0.00031125
4.9750e-02,-0.0409375,-0.000431875
4.9760e-02,-0.035625,7.78125e-05
4.9770e-02,-0.0396875,4.34375e-05
4.9780e-02,-0.0329688,-0.000428438
4.9790e-02,-0.0470312,0.0005725
4.9800e-02,-0.0354688,-0.0001375
4.9810e-02,-0.0496875,-2.875e-05
4.9820e-02,-0.0432813,-0.000114375
4.9830e-02,-0.0440625,-0.000216875
4.9840e-02,-0.036875,0.000169375
4.9850e-02,-0.0429688,0.000510625
4.9860e-02,-0.0459375,0.0001875
4.9870e-02,-0.05,-0.000108125
4.9880e-02,-0.0357813,0.000365938
4.9890e-02,-0.0348437,0.000228125
4.9900e-02,-0.0278125,-0.0006725
4.9910e-02,-0.0382813,0.000190625
4.9920e-02,-0.043125,0.000239688
4.9930e-02,-0.0454688,0.00022875
4.9940e-02,-0.0360938,-2.8125e-06
4.9950e-02,-0.045,-0.000293125
4.9960e-02,-0.0375,3.15625e-05
4.9970e-02,-0.0329688,-0.000156875
4.9980e-02,-0.0459375,0.000228125
4.9990e-02,-0.0289063,0.000182813
5.0000e-02,-0.0464062,-0.000534063
5.0010e-02,-0.0376563,-0.000407813
5.0020e-02,-0.041875,0.000180313
5.0030e-02,-0.0234375,-0.000523125
5.0040e-02,-0.0303125,-0.000405
5.0050e-02,-0.04625,7.90625e-05
5.0060e-02,-0.0371875,6.75e-05
5.0070e-02,-0.03625,-4.28125e-05
5.0080e-02,-0.030625,-7.40625e-05
5.0090e-02,-0.0398437,-0.000885
5.0100e-02,-0.04125,-0.00034125
5.0110e-02,-0.038125,-0.000163438
5.0120e-02,-0.0464062,5.9375e-06
5.0130e-02,-0.0417187,-0.000380938
5.0140e-02,-0.0295313,0.00048375
5.0150e-02,-0.050625,-0.000124375
5.0160e-02,-0.0326562,0.000190313
5.0170e-02,-0.035625,0.000493125
5.0180e-02,-0.0476562,0.000187813
5.0190e-02,-0.0421875,0.000218125
5.0200e-02,-0.0451563,-1.875e-06
5.0210e-02,-0.0410937,0.000225
5.0220e-02,-0.0385937,-0.000344688
5.0230e-02,-0.0378125,-0.000388125
5.0240e-02,-0.0335937,-0.00014
5.0250e-02,-0.0390625,0.000189375
5.0260e-02,-0.03375,0.000203125
5.0270e-02,-0.0389063,-0.000148125
5.0280e-02,-0.0367188,-0.00101219
5.0290e-02,-0.0429688,-6.78125e-05
5.0300e-02,-0.0371875,-0.000553125
5.0310e-02,-0.0501562,-0.000105313
5.0320e-02,-0.040625,-0.000855
5.0330e-02,-0.0382813,1.25e-06
5.0340e-02,-0.045625,0.000484688
5.0350e-02,-0.041875,0.000145625
5.0360e-02,-0.0345312,0.00048375
5.0370e-02,-0.0417187,0.000875
5.0380e-02,-0.0342187,0.000785938
5.0390e-02,-0.0421875,0.000889375
5.0400e-02,-0.0379688,0.000723125
5.0410e-02,-0.0353125,0.00090625
5.0420e-02,-0.0421875,-7.71875e-05
5.0430e-02,-0.0521875,0.000322813
5.0440e-02,-0.04625,9e-05
5.0450e-02,-0.0464062,-0.000144375
5.0460e-02,-0.0359375,-9.875e-05
5.0470e-02,-0.029375,-6.125e-05
5.0480e-02,-0.044375,-0.000149375
5.0490e-02,-0.0465625,-0.000293438
5.0500e-02,-0.0310937,0.00023125
5.0510e-02,-0.038125,-0.000464375
5.0520e-02,-0.034375,0.000345938
5.0530e-02,-0.0453125,0.000449375
5.0540e-02,-0.0365625,0.0002675
5.0550e-02,-0.050625,-5.875e-05
5.0560e-02,-0.0528125,-0.000175313
5.0570e-02,-0.030625,-0.000214063
5.0580e-02,-0.0389063,-0.000428125
5.0590e-02,-0.04,-0.000254063
5.0600e-02,-0.0375,0.000284375
5.0610e-02,-0.0390625,0.000319688
5.0620e-02,-0.0523437,-0.000100313
5.0630e-02,-0.0321875,0.000146563
5.0640e-02,-0.0334375,0.000507813
5.0650e-02,-0.040625,-0.000221875
5.0660e-02,-0.0334375,1.875e-06
5.0670e-02,-0.035625,-0.000310625
5.0680e-02,-0.0321875,-0.000380938
5.0690e-02,-0.0242188,0.000270313
5.0700e-02,-0.0351562,-0.000215
5.0710e-02,-0.0384375,0.000199063
5.0720e-02,-0.0485938,-0.000256875
5.0730e-02,-0.0429688,-0.00033
5.0740e-02,-0.0473438,-0.000145625
5.0750e-02,-0.0584375,2.40625e-05
5.0760e-02,-0.035625,-0.000416875
5.0770e-02,-0.04,-0.000199375
5.0780e-02,-0.0323438,-0.0001575
5.0790e-02,-0.0367188,0.000165
5.0800e-02,-0.0428125,-0.000230625
5.0810e-02,-0.0454688,-0.000575938
5.0820e-02,-0.0429688,-0.000219688
5.0830e-02,-0.0417187,-0.000794688
5.0840e-02,-0.0321875,-0.000761563
5.0850e-02,-0.0290625,1.28125e-05
5.0860e-02,-0.0540625,-0.000224688
5.0870e-02,-0.0403125,-0.000218438
5.0880e-02,-0.05125,-0.000145
5.0890e-02,-0.0303125,0.000377188
5.0900e-02,-0.040625,0.000676563
5.0910e-02,-0.0339062,0.000908125
5.0920e-02,-0.051875,0.00027
5.0930e-02,-0.0378125,-7.40625e-05
5.0940e-02,-0.0476562,-0.000600625
5.0950e-02,-0.0171875,1.09375e-05
5.0960e-02,-0.03875,-0.000139062
5.0970e-02,-0.0371875,0.000485938
5.0980e-02,-0.035625,0.000217813
5.0990e-02,-0.0384375,0.0002775
5.1000e-02,-0.0398437,4.40625e-05
5.1010e-02,-0.033125,-0.000145938
5.1020e-02,-0.049375,-0.000693438
5.1030e-02,-0.0379688,-4.75e-05
5.1040e-02,-0.0454688,-0.000644688
5.1050e-02,-0.0323438,-0.000420938
5.1060e-02,-0.0398437,-0.000312813
5.1070e-02,-0.0395313,-0.000240313
5.1080e-02,-0.0315625,0.000310625
5.1090e-02,-0.0334375,0.000137813
5.1100e-02,-0.0392187,0.000198125
5.1110e-02,-0.035625,-0.000235
5.1120e-02,-0.0473438,0.000505
5.1130e-02,-0.043125,0.000161563
5.1140e-02,-0.0365625,0.00040875
5.1150e-02,-0.0379688,0.000416563
5.1160e-02,-0.0420312,0.000234688
5.1170e-02,-0.0329688,4.71875e-05
5.1180e-02,-0.0496875,-0.00060875
5.1190e-02,-0.05,-0.000502813
5.1200e-02,-0.0539063,-0.000213125
5.1210e-02,-0.0389063,-0.000166875
5.1220e-02,-0.0360938,-4.78125e-05
5.1230e-02,-0.0378125,1.25e-05
5.1240e-02,-0.0428125,0.0001575
5.1250e-02,-0.05,0.000144375
5.1260e-02,-0.040625,-0.000251562
5.1270e-02,-0.03875,0.000366563
5.1280e-02,-0.0304688,0.000355313
5.1290e-02,-0.03875,5.96875e-05
5.1300e-02,-0.0304688,-6.21875e-05
5.1310e-02,-0.0417187,-0.000548438
5.1320e-02,-0.0379688,-0.0007625
5.1330e-02,-0.0410937,1.28125e-05
5.1340e-02,-0.04875,0.000108438
5.1350e-02,-0.0434375,-3.9375e-05
5.1360e-02,-0.0345312,0.00014875
5.1370e-02,-0.0323438,0.0001075
5.1380e-02,-0.040625,-0.000591875
5.1390e-02,-0.0425,-0.000139375
5.1400e-02,-0.0435938,-0.000255625
5.1410e-02,-0.04625,0.000483438
5.1420e-02,-0.036875,-0.000215313
5.1430e-02,-0.0446875,-6.5625e-05
5.1440e-02,-0.0403125,-3.78125e-05
5.1450e-02,-0.0501562,0.00011625
5.1460e-02,-0.0417187,0.000231875
5.1470e-02,-0.0484375,0.000606875
5.1480e-02,-0.0367188,7.9375e-05
5.1490e-02,-0.0326562,0.000670625
5.1500e-02,-0.040625,-0.000185313
5.1510e-02,-0.0464062,3.875e-05
5.1520e-02,-0.0423437,-0.000284375
5.1530e-02,-0.0298438,-0.000160938
5.1540e-02,-0.0467188,0.000194375
5.1550e-02,-0.0432813,0.000171875
5.1560e-02,-0.0434375,0.000445625
5.1570e-02,-0.0304688,-0.0004225
5.1580e-02,-0.0351562,-0.000266875
5.1590e-02,-0.0334375,-7e-05
5.1600e-02,-0.04625,4.34375e-05
5.1610e-02,-0.0395313,-0.000143125
5.1620e-02,-0.0457813,0.000371563
5.1630e-02,-0.040625,-0.000100625
5.1640e-02,-0.0425,-2.90625e-05
5.1650e-02,-0.0434375,-0.000403125
5.1660e-02,-0.0365625,-0.000339375
5.1670e-02,-0.0375,-3.75e-06
5.1680e-02,-0.0545313,0.000445625
5.1690e-02,-0.0354688,0.000154688
5.1700e-02,-0.046875,-4.6875e-05
5.1710e-02,-0.0534375,0.000194375
5.1720e-02,-0.0320312,-5.90625e-05
5.1730e-02,-0.0415625,0.000289375
5.1740e-02,-0.04875,-0.000661875
5.1750e-02,-0.0532813,0.0004525
5.1760e-02,-0.0385937,0.000182813
5.1770e-02,-0.0434375,0.0003875
5.1780e-02,-0.0390625,0.000137813
5.1790e-02,-0.0473438,-0.000691875
5.1800e-02,-0.0425,-0.00043625
5.1810e-02,-0.03625,0.00019
5.1820e-02,-0.0320312,0.000271563
5.1830e-02,-0.0384375,-2.34375e-05
5.1840e-02,-0.0560937,0.000349375
5.1850e-02,-0.0426562,-0.000140625
5.1860e-02,-0.0378125,0.000140625
5.1870e-02,-0.0434375,4.15625e-05
5.1880e-02,-0.0478125,3.28125e-05
5.1890e-02,-0.0442188,-0.000205938
5.1900e-02,-0.0465625,0.00086375
5.1910e-02,-0.0384375,-0.000296875
5.1920e-02,-0.0396875,-0.000549375
5.1930e-02,-0.0428125,-0.000939375
5.1940e-02,-0.039375,1.21875e-05
5.1950e-02,-0.0390625,0.000363125
5.1960e-02,-0.0273438,0.000774688
5.1970e-02,-0.0507812,0.0007525
5.1980e-02,-0.0476562,-0.00060375
5.1990e-02,-0.0495312,-0.000713438
5.2000e-02,-0.0267187,-0.000481875
5.2010e-02,-0.0304688,-0.000475
5.2020e-02,-0.0379688,0.0004525
5.2030e-02,-0.0434375,0.000320938
5.2040e-02,-0.0495312,-0.00044875
5.2050e-02,-0.0364063,-0.00150469
5.2060e-02,-0.0446875,-0.000779375
5.2070e-02,-0.0504687,7.03125e-05
5.2080e-02,-0.0507812,0.00115469
5.2090e-02,-0.0492188,0.00124031
5.2100e-02,-0.03625,0.000133125
5.2110e-02,-0.04,-0.00090625
5.2120e-02,-0.0259375,-0.00120719
5.2130e-02,-0.0335937,-0.000501875
5.2140e-02,-0.0329688,0.0009875
5.2150e-02,-0.0317188,0.00109063
5.2160e-02,-0.0415625,0.000868125
5.2170e-02,-0.0404687,-0.000707188
5.2180e-02,-0.0529687,-0.0018
5.2190e-02,-0.0360938,-0.00129344
5.2200e-02,-0.0426562,0.00015375
5.2210e-02,-0.056875,0.00152594
5.2220e-02,-0.0445313,0.00224906
5.2230e-02,-0.0339062,-0.00019
5.2240e-02,-0.0446875,-0.00177219
5.2250e-02,-0.04375,-0.00182469
5.2260e-02,-0.0473438,-0.000277813
5.2270e-02,-0.0478125,0.00188625
5.2280e-02,-0.0329688,0.00256125
5.2290e-02,-0.03375,0.0012325
5.2300e-02,-0.0378125,-0.000809063
5.2310e-02,-0.0526563,-0.00259969
5.2320e-02,-0.0440625,-0.00152781
5.2330e-02,-0.0385937,0.000755
5.2340e-02,-0.0392187,0.00253656
5.2350e-02,-0.0446875,0.00216781
5.2360e-02,-0.045,-0.000365625
5.2370e-02,-0.0442188,-0.00270563
5.2380e-02,-0.0457813,-0.00291844
5.2390e-02,-0.0385937,-0.000963125
5.2400e-02,-0.0334375,0.00203125
5.2410e-02,-0.0421875,0.00326188
5.2420e-02,-0.0304688,0.00328375
5.2430e-02,-0.0365625,0.00323781
5.2440e-02,-0.0428125,0.00336938
5.2450e-02,-0.0385937,0.00322156
5.2460e-02,-0.0354688,0.00322844
5.2470e-02,-0.0392187,0.00315531
5.2480e-02,-0.045,0.00322
5.2490e-02,0.932969,0.0001725
5.2500e-02,1.4925,-0.00384
5.2510e-02,1.27922,-0.00657875
5.2520e-02,-0.0689063,-0.00772688
5.2530e-02,0.0470312,-0.00780688
5.2540e-02,0.108125,-0.00752563
5.2550e-02,0.0871875,-0.00766438
5.2560e-02,0.0864063,-0.00781313
5.2570e-02,0.08125,-0.00757375
5.2580e-02,0.0776562,-0.00753313
5.2590e-02,0.05,-0.00766594
5.2600e-02,0.0573437,-0.00757656
5.2610e-02,0.0414063,-0.00731563
5.2620e-02,0.0317188,-0.00753156
5.2630e-02,0.0457812,-0.00754563
5.2640e-02,0.0339062,-0.00744625
5.2650e-02,0.0301562,-0.00747094
5.2660e-02,0.038125,-0.00745844
5.2670e-02,0.0278125,-0.00748594
5.2680e-02,0.0270313,-0.00766281
5.2690e-02,0.0317188,-0.00747188
5.2700e-02,0.0289062,-0.00731094
5.2710e-02,0.0239063,-0.00741281
5.2720e-02,0.01375,-0.00728969
5.2730e-02,0.00859375,-0.0075425
5.2740e-02,0.021875,-0.00678531
5.2750e-02,0.01625,-0.00107969
5.2760e-02,0.011875,0.000510313
5.2770e-02,0.02125,-0.000382188
5.2780e-02,0.015,-0.00204063
5.2790e-02,0.0228125,-0.00263719
5.2800e-02,0.0040625,-0.000834688
5.2810e-02,0.00859375,0.000882813
5.2820e-02,0.0164063,0.00158188
5.2830e-02,0.0201562,0.00063
5.2840e-02,0.00234375,-0.000682188
5.2850e-02,0.0228125,-0.00153125
5.2860e-02,0.0134375,-0.00144438
5.2870e-02,0.00359375,0.000274375
5.2880e-02,0.0075,0.00124531
5.2890e-02,0.0101562,0.00113656
5.2900e-02,0.00921875,-0.0006875
5.2910e-02,0.014375,-0.000954063
5.2920e-02,-0.0059375,-0.00134313
5.2930e-02,0.0164063,-4.90625e-05
5.2940e-02,0.00140625,0.000535
5.2950e-02,-0.005625,0.00127188
5.2960e-02,0.00125,0.000241875
5.2970e-02,0.00234375,-0.000786563
5.2980e-02,0.00140625,-0.00117875
5.2990e-02,0.00234375,-0.000381563
5.3000e-02,0.00125,0.00104656
5.3010e-02,0.00546875,0.00120875
5.3020e-02,-0.0046875,0.000313125
5.3030e-02,0.0028125,-0.000529375
5.3040e-02,0.0025,-0.000888125
5.3050e-02,0.0132812,-0.000334063
5.3060e-02,-0.0115625,-0.000252188
5.3070e-02,0.00078125,0.0009475
5.3080e-02,-0.003125,0.000939375
5.3090e-02,-0.00171875,0.00071875
5.3100e-02,-0.00328125,-0.000865938
5.3110e-02,0.000625,-0.000870313
5.3120e-02,0.00546875,-0.000704375
5.3130e-02,-0.00859375,0.000232188
5.3140e-02,-0.006875,0.0001625
5.3150e-02,-0.006875,0.000425938
5.3160e-02,-0.00046875,-0.000164063
5.3170e-02,-0.0025,-0.00020375
5.3180e-02,-0.014375,-0.0004425
5.3190e-02,-0.00796875,-0.000288125
5.3200e-02,-0.0123438,-0.000201875
5.3210e-02,-0.0123438,-6.8125e-05
5.3220e-02,-0.011875,0.0004075
5.3230e-02,-0.00390625,-0.000217813
5.3240e-02,-0.011875,0.000304063
5.3250e-02,-0.0028125,0.000191563
5.3260e-02,-0.00578125,0.000326875
5.3270e-02,-0.0096875,-0.000145625
5.3280e-02,-0.0021875,-5.875e-05
5.3290e-02,-0.016875,4.9375e-05
5.3300e-02,-0.0084375,0.000130938
5.3310e-02,-0.0148437,-0.000468438
5.3320e-02,-0.0154687,8.71875e-05
5.3330e-02,-0.00453125,0.000281563
5.3340e-02,-0.020625,0.00029
5.3350e-02,0.00390625,0.000390625
5.3360e-02,-0.0025,0.000122188
5.3370e-02,-0.0125,0.000259375
5.3380e-02,-0.00765625,-1.3125e-05
5.3390e-02,-0.020625,0.000129688
5.3400e-02,-0.0121875,-0.000302188
5.3410e-02,-0.0204688,-0.000416875
5.3420e-02,-0.0104688,0.00049
5.3430e-02,-0.0160938,2.75e-05
5.3440e-02,-0.009375,-4.25e-05
5.3450e-02,-0.0235938,-0.000101563
5.3460e-02,-0.0179687,-0.000139375
5.3470e-02,-0.018125,-0.000848438
5.3480e-02,0.001875,0.000320313
5.3490e-02,-0.021875,0.000586875
5.3500e-02,-0.0146875,0.00013125
5.3510e-02,-0.01,-0.000454688
5.3520e-02,-0.0140625,-0.000204375
5.3530e-02,-0.0171875,-0.000113125
5.3540e-02,-0.0173438,0.000413438
5.3550e-02,-0.02125,0.000302813
5.3560e-02,-0.0251563,0.00020625
5.3570e-02,-0.0126563,0.000237188
5.3580e-02,-0.00796875,0.000189375
5.3590e-02,-0.02,1.34375e-05
5.3600e-02,-0.013125,6.25e-06
5.3610e-02,-0.00578125,0.00010625
5.3620e-02,-0.014375,0.000153125
5.3630e-02,-0.0101563,0.000220938
5.3640e-02,-0.0157813,-0.00027375
5.3650e-02,-0.00828125,-0.000646563
5.3660e-02,-0.00546875,-0.00034625
5.3670e-02,-0.0114062,0.00014375
5.3680e-02,-0.00234375,-0.0003625
5.3690e-02,-0.0278125,-0.000309063
5.3700e-02,-0.0171875,-0.000409063
5.3710e-02,-0.0215625,-0.000506875
5.3720e-02,-0.01625,-0.00021625
5.3730e-02,-0.0134375,8.46875e-05
5.3740e-02,-0.0164063,-0.000330625
5.3750e-02,-0.0210938,-8.75e-06
5.3760e-02,-0.0165625,0.000316875
5.3770e-02,-0.0260937,-8.59375e-05
5.3780e-02,-0.0121875,-0.000231563
5.3790e-02,-0.0170313,-0.00035
5.3800e-02,-0.016875,4.15625e-05
5.3810e-02,-0.0176563,0.000186563
5.3820e-02,-0.0203125,0.000339688
5.3830e-02,-0.016875,0.00032375
5.3840e-02,-0.019375,0.000499688
5.3850e-02,-0.0253125,6.5e-05
5.3860e-02,-0.0121875,0.000363125
5.3870e-02,-0.0228125,0.000869375
5.3880e-02,-0.0228125,4.15625e-05
5.3890e-02,-0.0132813,0.000160313
5.3900e-02,-0.0260937,3.5e-05
5.3910e-02,-0.023125,-0.000200938
5.3920e-02,-0.0301563,0.000484375
5.3930e-02,-0.0203125,0.000467813
5.3940e-02,-0.0215625,0.000319063
5.3950e-02,-0.0221875,-0.0002525
5.3960e-02,-0.0253125,-3.90625e-05
5.3970e-02,-0.0254688,-0.00036375
5.3980e-02,-0.014375,-0.000474063
5.3990e-02,-0.02625,6.75e-05
5.4000e-02,-0.00609375,-6.03125e-05
5.4010e-02,-0.0123438,0.000126563
5.4020e-02,-0.0251563,-0.000395625
5.4030e-02,-0.0139063,0.000342188
5.4040e-02,-0.0125,5.8125e-05
5.4050e-02,-0.0470312,-0.000197813
5.4060e-02,-0.0209375,-1.8125e-05
5.4070e-02,-0.01875,0.00011625
5.4080e-02,-0.0303125,7.96875e-05
5.4090e-02,-0.0126563,2.0625e-05
5.4100e-02,-0.0242188,-0.000134375
5.4110e-02,-0.0165625,-0.00023625
5.4120e-02,-0.0179687,-0.000186875
5.4130e-02,-0.011875,0.000135
5.4140e-02,-0.0229687,-0.000111563
5.4150e-02,-0.0251563,0.000180313
5.4160e-02,-0.0382813,-0.000170625
5.4170e-02,-0.0157813,-4.6875e-06
5.4180e-02,-0.0196875,0.00010125
5.4190e-02,-0.01875,0.000221875
5.4200e-02,-0.0153125,0.00023125
5.4210e-02,-0.0103125,0.000434688
5.4220e-02,-0.0217188,0.00054125
5.4230e-02,-0.0271875,0.000478125
5.4240e-02,-0.0182812,0.000346875
5.4250e-02,-0.02875,-3.3125e-05
5.4260e-02,-0.019375,-0.000266875
5.4270e-02,-0.0223437,-0.000404688
5.4280e-02,-0.016875,-0.00060375
5.4290e-02,-0.0185937,-0.00038875
5.4300e-02,-0.03125,-0.000455938
5.4310e-02,-0.0153125,0.000259063
5.4320e-02,-0.021875,0.000590938
5.4330e-02,-0.0270312,0.00027125
5.4340e-02,-0.0178125,-0.000196563
5.4350e-02,-0.0221875,-0.000413125
5.4360e-02,-0.029375,-2.875e-05
5.4370e-02,-0.0242188,0.000818125
5.4380e-02,-0.02625,0.000385
5.4390e-02,-0.024375,0.0001875
5.4400e-02,-0.0223437,0.000295938
5.4410e-02,-0.0271875,3.28125e-05
5.4420e-02,-0.0292188,0.000240938
5.4430e-02,-0.0273438,-0.000131875
5.4440e-02,-0.0228125,0.000250938
5.4450e-02,-0.0251563,2.59375e-05
5.4460e-02,-0.02375,-0.000290313
5.4470e-02,-0.0242188,-0.00016375
5.4480e-02,-0.0385937,-0.000407188
5.4490e-02,-0.02875,-2.09375e-05
5.4500e-02,-0.026875,0.000398438
5.4510e-02,-0.0125,2.46875e-05
5.4520e-02,-0.0176563,0.000297813
5.4530e-02,-0.0234375,0.000442813
5.4540e-02,-0.0275,0.000110938
5.4550e-02,-0.0289063,3.78125e-05
5.4560e-02,-0.02875,-0.000164375
5.4570e-02,-0.0196875,0.00021625
5.4580e-02,-0.02625,3.4375e-06
5.4590e-02,-0.0367188,9.875e-05
5.4600e-02,-0.0217188,0.000682813
5.4610e-02,-0.0254688,-0.000253125
5.4620e-02,-0.0345312,2.90625e-05
5.4630e-02,-0.0310937,-0.000140625
5.4640e-02,-0.0234375,-0.000722188
5.4650e-02,-0.025,3.46875e-05
5.4660e-02,-0.0373438,7.125e-05
5.4670e-02,-0.023125,-7.96875e-05
5.4680e-02,-0.0260937,-9.78125e-05
5.4690e-02,-0.0240625,-0.00071125
5.4700e-02,-0.0165625,0.00019375
5.4710e-02,-0.0314062,0.000351875
5.4720e-02,-0.025625,0.000299063
5.4730e-02,-0.0295313,0.000669375
5.4740e-02,-0.0239063,0.00025375
5.4750e-02,-0.005625,5.90625e-05
5.4760e-02,-0.0240625,0.000169375
5.4770e-02,-0.0296875,0.000164688
5.4780e-02,-0.0221875,0.000696875
5.4790e-02,-0.0246875,0.000334063
5.4800e-02,-0.023125,0.000515938
5.4810e-02,-0.0276563,0.000425938
5.4820e-02,-0.0259375,-2.875e-05
5.4830e-02,-0.0384375,-6.84375e-05
5.4840e-02,-0.0270312,0.000265938
5.4850e-02,-0.0264062,0.00025625
5.4860e-02,-0.0292188,-0.000219375
5.4870e-02,-0.01875,-0.000751563
5.4880e-02,-0.034375,-0.000494063
5.4890e-02,-0.0276563,-0.000305625
5.4900e-02,-0.024375,0.000137188
5.4910e-02,-0.036875,0.000279375
5.4920e-02,-0.0348437,0.000411875
5.4930e-02,-0.0298438,0.00013
5.4940e-02,-0.0146875,7.59375e-05
5.4950e-02,-0.0251563,0.000111563
5.4960e-02,-0.0353125,-9.34375e-05
5.4970e-02,-0.0379688,4.59375e-05
5.4980e-02,-0.024375,0.00056875
5.4990e-02,-0.0285938,4.65625e-05
5.5000e-02,-0.0292188,-0.000327188
5.5010e-02,-0.0157813,-0.000253438
5.5020e-02,-0.026875,-0.000456563
5.5030e-02,-0.0332812,-2.96875e-05
5.5040e-02,-0.03375,0.000296563
5.5050e-02,-0.0273438,-0.000214375
5.5060e-02,-0.0321875,-0.000295313
5.5070e-02,-0.0353125,6.25e-06
5.5080e-02,-0.0278125,-0.00019875
5.5090e-02,-0.031875,0.000385938
5.5100e-02,-0.0276563,0.000121875
5.5110e-02,-0.0273438,0.000905
5.5120e-02,-0.0251563,0.000432188
5.5130e-02,-0.026875,-0.000383438
5.5140e-02,-0.0289063,0.00025875
5.5150e-02,-0.0225,-0.000168125
5.5160e-02,-0.0403125,0.000400313
5.5170e-02,-0.02375,0.000769375
5.5180e-02,-0.0209375,0.0004025
5.5190e-02,-0.030625,6.09375e-05
5.5200e-02,-0.0217188,-0.000652188
5.5210e-02,-0.0132813,-0.00106031
5.5220e-02,-0.0220313,-0.00040875
5.5230e-02,-0.0175,-0.000322188
5.5240e-02,-0.0415625,-0.000736563
5.5250e-02,-0.0135937,-0.000223438
5.5260e-02,-0.0320312,-0.00059375
5.5270e-02,-0.0315625,-0.00070125
5.5280e-02,-0.0259375,-0.000495
5.5290e-02,-0.029375,-0.0002825
5.5300e-02,-0.0345312,0.00108031
5.5310e-02,-0.0371875,0.000146563
5.5320e-02,-0.0323438,-0.0001675
5.5330e-02,-0.0210938,-0.000367188
5.5340e-02,-0.03375,5.34375e-05
5.5350e-02,-0.0273438,-0.000418125
5.5360e-02,-0.028125,1.9375e-05
5.5370e-02,-0.03125,0.000118125
5.5380e-02,-0.0279688,0.0003675
5.5390e-02,-0.023125,0.000211563
5.5400e-02,-0.0396875,-9.125e-05
5.5410e-02,-0.0307813,-0.000470625
5.5420e-02,-0.0235938,5.40625e-05
5.5430e-02,-0.0264062,0.000548438
5.5440e-02,-0.0284375,0.00073625
5.5450e-02,-0.0329688,9.40625e-05
5.5460e-02,-0.02625,-0.000310313
5.5470e-02,-0.0384375,-0.00037625
5.5480e-02,-0.0279688,-0.000201563
5.5490e-02,-0.038125,-0.000168125
5.5500e-02,-0.0314062,0.00102563
5.5510e-02,-0.0345312,0.00057625
5.5520e-02,-0.0276563,0.000165313
5.5530e-02,-0.0228125,-0.000689375
5.5540e-02,-0.0209375,-0.0007225
5.5550e-02,-0.01875,-0.000245625
5.5560e-02,-0.0364063,3.625e-05
5.5570e-02,-0.0284375,0.000231875
5.5580e-02,-0.0210938,0.00013
5.5590e-02,-0.0420312,-0.0005625
5.5600e-02,-0.0226562,-6.21875e-05
5.5610e-02,-0.0378125,-1.46875e-05
5.5620e-02,-0.0285938,-3.875e-05
5.5630e-02,-0.034375,0.000574688
5.5640e-02,-0.028125,0.000454063
5.5650e-02,-0.0309375,0.000329688
5.5660e-02,-0.0307813,-0.000330938
5.5670e-02,-0.0314062,-0.000583125
5.5680e-02,-0.0264062,7.75e-05
5.5690e-02,-0.0507812,-7.84375e-05
5.5700e-02,-0.0435938,0.000887188
5.5710e-02,-0.0273438,0.000760313
5.5720e-02,-0.034375,-7.71875e-05
5.5730e-02,-0.02375,-0.000222188
5.5740e-02,-0.0232812,-0.00067875
5.5750e-02,-0.04375,0.0001
5.5760e-02,-0.0357813,0.000454688
5.5770e-02,-0.0229687,0.000901563
5.5780e-02,-0.0289063,0.000411875
5.5790e-02,-0.0225,-0.000309375
5.5800e-02,-0.0339062,-0.00131125
5.5810e-02,-0.0317188,-0.000506563
5.5820e-02,-0.0414063,-0.0009725
5.5830e-02,-0.0309375,0.000129375
5.5840e-02,-0.0325,0.000998125
5.5850e-02,-0.0367188,0.000343125
5.5860e-02,-0.0251563,-0.000310313
5.5870e-02,-0.044375,-0.000310625
5.5880e-02,-0.036875,-0.000402188
5.5890e-02,-0.0439063,0.000610625
5.5900e-02,-0.033125,0.00127656
5.5910e-02,-0.036875,0.0013375
5.5920e-02,-0.0335937,-0.000121563
5.5930e-02,-0.0360938,-0.000670938
5.5940e-02,-0.03,-0.00135188
5.5950e-02,-0.0315625,-3.90625e-05
5.5960e-02,-0.0395313,0.00113219
5.5970e-02,-0.03,0.00113813
5.5980e-02,-0.0359375,0.000167188
5.5990e-02,-0.026875,-0.00167
5.6000e-02,-0.0375,-0.00222938
5.6010e-02,-0.0360938,-0.00134406
5.6020e-02,-0.0342187,0.00103469
5.6030e-02,-0.0229687,0.00179031
5.6040e-02,-0.0353125,0.00180938
5.6050e-02,-0.033125,-0.00025875
5.6060e-02,-0.0379688,-0.00139688
5.6070e-02,-0.0228125,-0.00188969
5.6080e-02,-0.0282813,-0.000274688
5.6090e-02,-0.0265625,0.00203188
5.6100e-02,-0.0321875,0.00226094
5.6110e-02,-0.0385937,0.000249375
5.6120e-02,-0.0257812,-0.00174563
5.6130e-02,-0.0340625,-0.00224625
5.6140e-02,-0.0392187,-0.00113719
5.6150e-02,-0.0415625,0.000995625
5.6160e-02,-0.0395313,0.00226656
5.6170e-02,-0.0282813,0.000842813
5.6180e-02,-0.02,-0.000971875
5.6190e-02,-0.0348437,-0.00255688
5.6200e-02,-0.0323438,-0.00209594
5.6210e-02,-0.0275,0.000450313
5.6220e-02,-0.039375,0.00192469
5.6230e-02,-0.0309375,0.00281938
5.6240e-02,-0.0276563,0.000506563
5.6250e-02,-0.0403125,-0.00229219
5.6260e-02,-0.0346875,-0.003325
5.6270e-02,-0.04,-0.00129938
5.6280e-02,-0.0204688,0.00225906
5.6290e-02,-0.02,0.00356844
5.6300e-02,-0.0339062,0.00164344
5.6310e-02,-0.029375,-0.00153719
5.6320e-02,-0.0273438,-0.00418938
5.6330e-02,-0.03,-0.00318156
5.6340e-02,-0.0410937,0.000675313
5.6350e-02,-0.036875,0.00408844
5.6360e-02,-0.035,0.00415531
5.6370e-02,-0.0446875,6.78125e-05
5.6380e-02,-0.0282813,-0.00420688
5.6390e-02,-0.02625,-0.00480656
5.6400e-02,-0.0284375,-0.00161813
5.6410e-02,-0.0335937,0.00356688
5.6420e-02,-0.0378125,0.00599188
5.6430e-02,-0.0421875,0.00387563
5.6440e-02,-0.0351562,-0.0018775
5.6450e-02,-0.0403125,-0.00517938
5.6460e-02,-0.0317188,-0.0049125
5.6470e-02,-0.0351562,0.000579375
5.6480e-02,-0.034375,0.00514063
5.6490e-02,-0.0310937,0.00553375
5.6500e-02,-0.0371875,0.00125906
5.6510e-02,-0.05,-0.00483438
5.6520e-02,-0.0404687,-0.00585344
5.6530e-02,-0.0254688,-0.00281313
5.6540e-02,-0.0275,0.0033
5.6550e-02,-0.039375,0.006235
5.6560e-02,-0.0304688,0.00486844
5.6570e-02,-0.048125,-0.0002825
5.6580e-02,-0.0390625,-0.00471938
5.6590e-02,-0.0417187,-0.00505625
5.6600e-02,-0.0190625,-0.000728125
5.6610e-02,-0.0354688,0.00451719
5.6620e-02,-0.0320312,0.00520656
5.6630e-02,-0.0314062,0.00194031
5.6640e-02,-0.0360938,-0.00290656
5.6650e-02,-0.0345312,-0.00464188
5.6660e-02,-0.03375,-0.00334063
5.6670e-02,-0.029375,0.000925938
5.6680e-02,-0.0434375,0.0037125
5.6690e-02,-0.0320312,0.00331813
5.6700e-02,-0.0359375,0.000149375
5.6710e-02,-0.0354688,-0.00355313
5.6720e-02,-0.0264062,-0.00378813
5.6730e-02,-0.0307813,-0.00126531
5.6740e-02,-0.0223437,0.00193313
5.6750e-02,-0.0417187,0.00318031
5.6760e-02,-0.0373438,0.000675625
5.6770e-02,-0.04,-0.00219063
5.6780e-02,-0.0392187,-0.00319125
5.6790e-02,-0.0410937,-0.00182313
5.6800e-02,-0.0359375,0.000791563
5.6810e-02,-0.0284375,0.00268063
5.6820e-02,-0.0348437,0.00201656
5.6830e-02,-0.0304688,0.000485
5.6840e-02,-0.0309375,-0.00198719
5.6850e-02,-0.02625,-0.00184563
5.6860e-02,-0.034375,8.84375e-05
5.6870e-02,-0.0265625,0.00203719
5.6880e-02,-0.0384375,0.00208719
5.6890e-02,-0.0310937,0.000482188
5.6900e-02,-0.0260937,-0.00156188
5.6910e-02,-0.0364063,-0.00237531
5.6920e-02,-0.0332812,-0.00107125
5.6930e-02,-0.0235938,0.00111406
5.6940e-02,-0.0360938,0.00181969
5.6950e-02,-0.0407813,0.00154594
5.6960e-02,-0.0309375,-0.000160313
5.6970e-02,-0.036875,-0.00149125
5.6980e-02,-0.0325,-0.00162656
5.6990e-02,-0.0325,-0.0004175
5.7000e-02,-0.0259375,0.000997813
5.7010e-02,-0.0365625,0.001195
5.7020e-02,-0.0385937,0.000509375
5.7030e-02,-0.0282813,-0.00118813
5.7040e-02,-0.0365625,-0.00179094
5.7050e-02,-0.038125,-0.000430313
5.7060e-02,-0.049375,0.000674063
5.7070e-02,-0.0279688,0.00192688
5.7080e-02,-0.0315625,0.000623125
5.7090e-02,-0.0382813,3.3125e-05
5.7100e-02,-0.0421875,-0.00145438
5.7110e-02,-0.0414063,-0.00122469
5.7120e-02,-0.0429688,-0.000534063
5.7130e-02,-0.0426562,0.000670938
5.7140e-02,-0.0292188,0.000790625
5.7150e-02,-0.033125,-4.40625e-05
5.7160e-02,-0.0420312,-0.000326563
5.7170e-02,-0.0376563,-0.00101313
5.7180e-02,-0.0425,-0.000582812
5.7190e-02,-0.0420312,0.0001775
5.7200e-02,-0.0410937,0.000715938
5.7210e-02,-0.05625,0.000267813
5.7220e-02,-0.0415625,0.000451563
5.7230e-02,-0.0410937,-0.00043875
5.7240e-02,-0.0367188,-0.000335
5.7250e-02,-0.0379688,0.000688125
5.7260e-02,-0.02625,0.000437188
5.7270e-02,-0.0317188,0.000391875
5.7280e-02,-0.0401563,0.000140625
5.7290e-02,-0.0342187,-9.21875e-05
5.7300e-02,-0.0364063,0.000156563
5.7310e-02,-0.025,-0.000129688
5.7320e-02,-0.0401563,0.000112813
5.7330e-02,-0.0384375,0.000918438
5.7340e-02,-0.0421875,0.000832813
5.7350e-02,-0.038125,0.00045125
5.7360e-02,-0.0453125,-0.000105938
5.7370e-02,-0.0342187,-0.000364688
5.7380e-02,-0.0357813,-0.000185
5.7390e-02,-0.0415625,0.000449375
5.7400e-02,-0.0401563,0.000355938
5.7410e-02,-0.038125,0.00072875
5.7420e-02,-0.0373438,0.000534375
5.7430e-02,-0.031875,-9.40625e-05
5.7440e-02,-0.0357813,-0.00019375
5.7450e-02,-0.0382813,-0.000355313
5.7460e-02,-0.0360938,0.00027
5.7470e-02,-0.035,0.000126875
5.7480e-02,-0.0407813,-0.000204688
5.7490e-02,-0.0404687,-1.6875e-05
5.7500e-02,-0.0340625,-0.000185938
5.7510e-02,-0.0385937,-0.000902188
5.7520e-02,-0.0389063,-8.625e-05
5.7530e-02,-0.031875,0.000305313
5.7540e-02,-0.0414063,0.00104094
5.7550e-02,-0.0321875,0.00059125
5.7560e-02,-0.0354688,-0.000418438
5.7570e-02,-0.0357813,-0.00043375
5.7580e-02,-0.0392187,-0.000220625
5.7590e-02,-0.0328125,-9.8125e-05
5.7600e-02,-0.0315625,0.000205313
5.7610e-02,-0.0409375,-0.000290625
5.7620e-02,-0.0398437,0.000101563
5.7630e-02,-0.0346875,0.000140625
5.7640e-02,-0.043125,-0.000379063
5.7650e-02,-0.0376563,-0.000595313
5.7660e-02,-0.0232812,-0.00026375
5.7670e-02,-0.0323438,0.000656563
5.7680e-02,-0.039375,0.000687188
5.7690e-02,-0.03875,7.625e-05
5.7700e-02,-0.0296875,-0.0006875
5.7710e-02,-0.0282813,-0.000131563
5.7720e-02,-0.0421875,0.0003325
5.7730e-02,-0.0439063,-0.00010625
5.7740e-02,-0.0314062,2.5e-06
5.7750e-02,-0.0345312,5.34375e-05
5.7760e-02,-0.0453125,-0.000193438
5.7770e-02,-0.0339062,-0.000157813
5.7780e-02,-0.0320312,5.90625e-05
5.7790e-02,-0.0315625,-5.84375e-05
5.7800e-02,-0.0439063,-2.90625e-05
5.7810e-02,-0.0382813,-0.000115625
5.7820e-02,-0.0420312,0.000229063
5.7830e-02,-0.0385937,0.000410938
5.7840e-02,-0.0435938,6.09375e-05
5.7850e-02,-0.0398437,-4.8125e-05
5.7860e-02,-0.0328125,-0.000113438
5.7870e-02,-0.0432813,0.000609375
5.7880e-02,-0.0420312,0.000435
5.7890e-02,-0.0346875,-0.000259063
5.7900e-02,-0.0392187,3.75e-06
5.7910e-02,-0.0339062,-2.75e-05
5.7920e-02,-0.0279688,-4.5e-05
5.7930e-02,-0.0382813,0.000824063
5.7940e-02,-0.0417187,-0.000291875
5.7950e-02,-0.0423437,-0.00046375
5.7960e-02,-0.0425,-0.000128437
5.7970e-02,-0.0279688,-0.000265938
5.7980e-02,-0.0446875,-3.53125e-05
5.7990e-02,-0.04125,7.40625e-05
5.8000e-02,-0.0423437,0.00031125
5.8010e-02,-0.02625,0.000265625
5.8020e-02,-0.04375,6.625e-05
5.8030e-02,-0.0257812,6.25e-06
5.8040e-02,-0.0479688,0.000109375
5.8050e-02,-0.0396875,2.75e-05
5.8060e-02,-0.0323438,0.00017875
5.8070e-02,-0.0326562,-9.875e-05
5.8080e-02,-0.0276563,-0.000610938
5.8090e-02,-0.048125,-0.0004
5.8100e-02,-0.0426562,-0.000511563
5.8110e-02,-0.0385937,-6.4375e-05
5.8120e-02,-0.0454688,0.000204063
5.8130e-02,-0.0375,0.000148125
5.8140e-02,-0.0435938,0.000349063
5.8150e-02,-0.03125,-0.0007975
5.8160e-02,-0.028125,-0.000399375
5.8170e-02,-0.0328125,-0.000289688
5.8180e-02,-0.04,-0.000144063
5.8190e-02,-0.04,0.00027625
5.8200e-02,-0.0467188,7.71875e-05
5.8210e-02,-0.0354688,-0.000236875
5.8220e-02,-0.0353125,-0.000114063
5.8230e-02,-0.0382813,0.000245938
5.8240e-02,-0.0420312,-0.000217813
5.8250e-02,-0.040625,-0.000333438
5.8260e-02,-0.0415625,-0.00027125
5.8270e-02,-0.0339062,-0.000455
5.8280e-02,-0.0454688,3.125e-05
5.8290e-02,-0.0385937,-0.000173125
5.8300e-02,-0.0351562,-0.000237813
5.8310e-02,-0.0398437,0.000308125
5.8320e-02,-0.039375,-0.000142188
5.8330e-02,-0.03875,-0.000495
5.8340e-02,-0.0509375,-0.00042
5.8350e-02,-0.045,-0.000594063
5.8360e-02,-0.0339062,-8.1875e-05
5.8370e-02,-0.0414063,1.5625e-05
5.8380e-02,-0.0464062,-3.21875e-05
5.8390e-02,-0.0384375,7.5e-06
5.8400e-02,-0.0421875,1.375e-05
5.8410e-02,-0.0548437,-0.000302813
5.8420e-02,-0.0367188,-8.28125e-05
5.8430e-02,-0.0423437,8.84375e-05
5.8440e-02,-0.0371875,0.000355313
5.8450e-02,-0.0342187,-0.000515
5.8460e-02,-0.0526563,-4.0625e-05
5.8470e-02,-0.03375,3.46875e-05
5.8480e-02,-0.028125,-0.000420313
5.8490e-02,-0.0404687,-0.000503438
5.8500e-02,-0.02625,-6.90625e-05
5.8510e-02,-0.0429688,-0.000335
5.8520e-02,-0.0414063,-0.000743125
5.8530e-02,-0.038125,-0.000189688
5.8540e-02,-0.0278125,0.000114375
5.8550e-02,-0.034375,-0.000225313
5.8560e-02,-0.0370313,-8.375e-05
5.8570e-02,-0.0414063,-6.8125e-05
5.8580e-02,-0.044375,0.000310625
5.8590e-02,-0.0301563,-0.000160625
5.8600e-02,-0.0395313,-0.000406875
5.8610e-02,-0.0371875,-0.000207813
5.8620e-02,-0.0446875,7.09375e-05
5.8630e-02,-0.0479688,-2.375e-05
5.8640e-02,-0.0367188,0.000466563
5.8650e-02,-0.039375,-0.000175313
5.8660e-02,-0.0367188,0.000104688
5.8670e-02,-0.0320312,0.00062625
5.8680e-02,-0.031875,0.000211875
5.8690e-02,-0.035,0.000184375
5.8700e-02,-0.0371875,0.000194375
5.8710e-02,-0.0351562,-0.000232813
5.8720e-02,-0.0332812,4.0625e-05
5.8730e-02,-0.0451563,-0.000144063
5.8740e-02,-0.0364063,0.000144375
5.8750e-02,-0.038125,0.000267813
5.8760e-02,-0.043125,0.000261875
5.8770e-02,-0.0323438,-0.000119688
5.8780e-02,-0.0334375,-0.000185313
5.8790e-02,-0.0404687,4e-05
5.8800e-02,-0.0407813,-0.000155938
5.8810e-02,-0.0403125,-0.000457188
5.8820e-02,-0.0284375,0.000388125
5.8830e-02,-0.0289063,-0.000323125
5.8840e-02,-0.0351562,-0.000186875
5.8850e-02,-0.0354688,-0.000146875
5.8860e-02,-0.0459375,-7.25e-05
5.8870e-02,-0.0378125,0.000211875
5.8880e-02,-0.0360938,0.00035
5.8890e-02,-0.0265625,-0.0001025
5.8900e-02,-0.0432813,0.00017375
5.8910e-02,-0.0384375,0.000432188
5.8920e-02,-0.04375,0.000141563
5.8930e-02,-0.0439063,-0.000293125
5.8940e-02,-0.0470312,-4.90625e-05
5.8950e-02,-0.0335937,-0.000153125
5.8960e-02,-0.045625,0.000362188
5.8970e-02,-0.0448438,0.000375938
5.8980e-02,-0.0473438,0.000171875
5.8990e-02,-0.0371875,0.000494375
5.9000e-02,-0.0384375,0.000219375
5.9010e-02,-0.0354688,0.000159375
5.9020e-02,-0.0464062,-0.000306875
5.9030e-02,-0.036875,-0.000343438
5.9040e-02,-0.0376563,7.8125e-05
5.9050e-02,-0.038125,0.000335
5.9060e-02,-0.0401563,0.000546875
5.9070e-02,-0.0410937,0.000190938
5.9080e-02,-0.0478125,0.00011
5.9090e-02,-0.0398437,-0.000470625
5.9100e-02,-0.0490625,-2.8125e-06
5.9110e-02,-0.0446875,-0.000110625
5.9120e-02,-0.0351562,-0.0004125
5.9130e-02,-0.0448438,0.000224375
5.9140e-02,-0.0371875,-0.000341563
5.9150e-02,-0.04625,-7.0625e-05
5.9160e-02,-0.0435938,0.0004725
5.9170e-02,-0.0351562,0.000411875
5.9180e-02,-0.0446875,-0.000180938
5.9190e-02,-0.0340625,1.90625e-05
5.9200e-02,-0.048125,-0.000428125
5.9210e-02,-0.0345312,-0.000508125
5.9220e-02,-0.0485938,0.000178438
5.9230e-02,-0.0510938,0.000127188
5.9240e-02,-0.0457813,2.96875e-05
5.9250e-02,-0.0376563,5.5e-05
5.9260e-02,-0.0398437,0.000210938
5.9270e-02,-0.029375,1.5e-05
5.9280e-02,-0.0376563,-7.15625e-05
5.9290e-02,-0.0407813,0.000170625
5.9300e-02,-0.0554687,-0.000182813
5.9310e-02,-0.0582813,-0.000165313
5.9320e-02,-0.036875,-0.000105
5.9330e-02,-0.0504687,-0.000396875
5.9340e-02,-0.045625,0.0002625
5.9350e-02,-0.0295313,-8.09375e-05
5.9360e-02,-0.0370313,4.84375e-05
5.9370e-02,-0.03,0.000228438
5.9380e-02,-0.040625,0.0001
5.9390e-02,-0.0457813,-0.000255938
5.9400e-02,-0.0426562,-0.00052625
5.9410e-02,-0.0457813,0.000381875
5.9420e-02,-0.0346875,0.0003375
5.9430e-02,-0.039375,0.0004675
5.9440e-02,-0.051875,0.00015375
5.9450e-02,-0.04625,3.96875e-05
5.9460e-02,-0.0365625,-5.46875e-05
5.9470e-02,-0.0290625,-3.25e-05
5.9480e-02,-0.0334375,-0.000309375
5.9490e-02,-0.023125,-0.000718125
5.9500e-02,-0.0346875,-0.000159063
5.9510e-02,-0.0371875,1.1875e-05
5.9520e-02,-0.03875,-3.4375e-05
5.9530e-02,-0.0465625,0.000235
5.9540e-02,-0.048125,-3.84375e-05
5.9550e-02,-0.036875,-4.0625e-06
5.9560e-02,-0.0348437,-0.00036
5.9570e-02,-0.0460938,0.00015375
5.9580e-02,-0.0225,0.000179688
5.9590e-02,-0.0365625,-6.625e-05
5.9600e-02,-0.0415625,0
5.9610e-02,-0.0403125,-1.625e-05
5.9620e-02,-0.05,0.000783125
5.9630e-02,-0.038125,1.8125e-05
5.9640e-02,-0.0507812,0.0001875
5.9650e-02,-0.0329688,0.000145313
5.9660e-02,-0.060625,-0.000228125
5.9670e-02,-0.0420312,-0.00024375
5.9680e-02,-0.044375,-0.00027375
5.9690e-02,-0.0354688,-0.000378125
5.9700e-02,-0.0317188,0.00068625
5.9710e-02,-0.0378125,-0.000517813
5.9720e-02,-0.0470312,-0.00105719
5.9730e-02,-0.0545313,-0.0004125
5.9740e-02,-0.0423437,-0.000810625
5.9750e-02,-0.0423437,0.000198125
5.9760e-02,-0.0470312,0.000169688
5.9770e-02,-0.0357813,-0.000216875
5.9780e-02,-0.0429688,5.5e-05
5.9790e-02,-0.040625,-0.000119688
5.9800e-02,-0.0376563,2.78125e-05
5.9810e-02,-0.0292188,0.000245313
5.9820e-02,-0.0429688,0.000105625
5.9830e-02,-0.0345312,0.000574375
5.9840e-02,-0.0340625,5.84375e-05
5.9850e-02,-0.0501562,-0.000549688
5.9860e-02,-0.0459375,-0.000782813
5.9870e-02,-0.0404687,-0.000323125
5.9880e-02,-0.0421875,-6.4375e-05
5.9890e-02,-0.045,3.65625e-05
5.9900e-02,-0.040625,0.00036875
5.9910e-02,-0.0490625,-0.0003975
5.9920e-02,-0.0348437,-0.000265625
5.9930e-02,-0.0390625,-0.000965625
5.9940e-02,-0.039375,0.000125
5.9950e-02,-0.0446875,0.0004775
5.9960e-02,-0.04375,0.000901875
5.9970e-02,-0.0210938,0.00017875
5.9980e-02,-0.0464062,-0.000265625
5.9990e-02,-0.0385937,-0.000730313
6.0000e-02,-0.033125,-0.00028125
6.0010e-02,-0.0421875,0.000478125
6.0020e-02,-0.0467188,0.00128031
6.0030e-02,-0.0396875,0.00115625
6.0040e-02,-0.0467188,-0.000725938
6.0050e-02,-0.0376563,-0.00106938
6.0060e-02,-0.03375,-0.000933125
6.0070e-02,-0.0407813,-0.000267813
6.0080e-02,-0.044375,0.000690625
6.0090e-02,-0.0421875,0.00091375
6.0100e-02,-0.0346875,0.00068875
6.0110e-02,-0.0334375,-0.000654688
6.0120e-02,-0.0359375,-0.000856563
6.0130e-02,-0.0451563,-0.000272812
6.0140e-02,-0.0376563,0.000170625
6.0150e-02,-0.0359375,0.00109844
6.0160e-02,-0.0375,0.000835313
6.0170e-02,-0.0448438,-0.000823125
6.0180e-02,-0.0470312,-0.00153281
6.0190e-02,-0.0529687,-0.00137125
6.0200e-02,-0.0428125,0.000591563
6.0210e-02,-0.0398437,0.0018375
6.0220e-02,-0.0375,0.00153125
6.0230e-02,-0.04875,0.00013875
6.0240e-02,-0.03625,-0.00225031
6.0250e-02,-0.0415625,-0.00160563
6.0260e-02,-0.0448438,-0.00140063
6.0270e-02,-0.0429688,0.00172125
6.0280e-02,-0.0370313,0.00257031
6.0290e-02,-0.0428125,0.00135125
6.0300e-02,-0.0432813,-0.00107656
6.0310e-02,-0.0535937,-0.00296688
6.0320e-02,-0.043125,-0.00232625
6.0330e-02,-0.04375,0.000714375
6.0340e-02,-0.0365625,0.00183688
6.0350e-02,-0.0409375,0.00267219
6.0360e-02,-0.0376563,1.03125e-05
6.0370e-02,-0.0421875,-0.00318375
6.0380e-02,-0.0490625,-0.00325813
6.0390e-02,-0.0467188,-0.00100594
6.0400e-02,-0.0553125,0.00190938
6.0410e-02,-0.0328125,0.00344906
6.0420e-02,-0.0445313,0.00353531
6.0430e-02,-0.0484375,0.00315188
6.0440e-02,-0.0364063,0.00335625
6.0450e-02,-0.0370313,0.00326531
6.0460e-02,-0.0409375,0.0032825
6.0470e-02,-0.0359375,0.00323875
6.0480e-02,-0.1775,0.00330375
6.0490e-02,0.301875,0.00148469
6.0500e-02,0.122813,-0.00329531
6.0510e-02,2.01375,-0.00608406
6.0520e-02,0.0954688,-0.00718688
6.0530e-02,-0.0414063,-0.00810562
6.0540e-02,0.0996875,-0.00763531
6.0550e-02,0.113594,-0.00747406
6.0560e-02,0.07625,-0.00751969
6.0570e-02,0.0701563,-0.0074375
6.0580e-02,0.06375,-0.0074375
6.0590e-02,0.0610938,-0.00751438
6.0600e-02,0.041875,-0.00736844
6.0610e-02,0.063125,-0.00748375
6.0620e-02,0.0371875,-0.00744844
6.0630e-02,0.055,-0.00741344
6.0640e-02,0.0396875,-0.00765063
6.0650e-02,0.0420313,-0.00747844
6.0660e-02,0.0270313,-0.00754125
6.0670e-02,0.0285937,-0.00735875
6.0680e-02,0.0245313,-0.00747031
6.0690e-02,0.0514063,-0.00728906
6.0700e-02,0.005625,-0.00726375
6.0710e-02,0.01875,-0.0073175
6.0720e-02,0.0279688,-0.00737563
6.0730e-02,0.018125,-0.00732813
6.0740e-02,0.0190625,-0.00692719
6.0750e-02,0.0254688,-0.00160188
6.0760e-02,0.02625,0.00148344
6.0770e-02,0.019375,-0.000112188
6.0780e-02,0.0278125,-0.002435
6.0790e-02,0.018125,-0.00280281
6.0800e-02,0.0196875,-0.00197031
6.0810e-02,0.0196875,0.000526875
6.0820e-02,0.0053125,0.00162281
6.0830e-02,0.0145312,0.0014375
6.0840e-02,0.005,-0.000528438
6.0850e-02,-0.00046875,-0.00257938
6.0860e-02,0.0021875,-0.00161219
6.0870e-02,0.00828125,-0.000635938
6.0880e-02,0.00578125,0.00135063
6.0890e-02,0.005,0.00220531
6.0900e-02,0.0028125,0.000657188
6.0910e-02,0.0128125,-0.00123938
6.0920e-02,-0.0009375,-0.00131375
6.0930e-02,0.00078125,0.00038125
6.0940e-02,0.00375,0.00161625
6.0950e-02,0.004375,0.00200188
6.0960e-02,0.00109375,0.00116031
6.0970e-02,0.0003125,-0.0004425
6.0980e-02,0.0065625,-0.00096625
6.0990e-02,0.005,-0.000792813
6.1000e-02,0.00109375,0.000334375
6.1010e-02,0.003125,0.00054125
6.1020e-02,-0.005625,0.00083
6.1030e-02,0.00359375,3.5e-05
6.1040e-02,0.0034375,-0.000938125
6.1050e-02,-0.00625,-0.00128688
6.1060e-02,0.00734375,-0.00070375
6.1070e-02,0.00140625,0.00050125
6.1080e-02,-0.0114062,0.00101125
6.1090e-02,0.001875,9.78125e-05
6.1100e-02,0.0173438,-0.000189375
6.1110e-02,-0.00703125,-0.000157188
6.1120e-02,-0.00609375,-5.46875e-05
6.1130e-02,-0.00265625,0.00019625
6.1140e-02,-0.00421875,0.00103438
6.1150e-02,0.0025,0.00139813
6.1160e-02,-0.0003125,-0.000266563
6.1170e-02,0.00078125,-0.0001675
6.1180e-02,-0.00234375,-0.000307188
6.1190e-02,-0.0034375,-0.000418438
6.1200e-02,-0.0173438,-6.90625e-05
6.1210e-02,-0.0109375,-2.71875e-05
6.1220e-02,-0.00046875,1.96875e-05
6.1230e-02,-0.00140625,-0.0003775
6.1240e-02,-0.0015625,-0.00041125
6.1250e-02,-0.00703125,-0.000325938
6.1260e-02,0.00984375,-0.0003675
6.1270e-02,-0.0126563,0.00035875
6.1280e-02,-0.000625,0.000273125
6.1290e-02,-0.0003125,0.000166563
6.1300e-02,-0.00546875,2.15625e-05
6.1310e-02,-0.0021875,1.4375e-05
6.1320e-02,-0.0104688,-7.90625e-05
6.1330e-02,-0.0120313,0.000361563
6.1340e-02,-0.0185937,0.000439063
6.1350e-02,-0.0065625,-5.90625e-05
6.1360e-02,-0.0025,-0.000645938
6.1370e-02,-0.00546875,-0.000750625
6.1380e-02,-0.00671875,-0.000265313
6.1390e-02,-0.0084375,-0.000131563
6.1400e-02,-0.00578125,0.000129375
6.1410e-02,-0.0059375,-1.6875e-05
6.1420e-02,-0.00859375,-0.000193438
6.1430e-02,0.00015625,-0.000226875
6.1440e-02,-0.0209375,0.000337813
6.1450e-02,-0.01625,-0.000144688
6.1460e-02,-0.0182812,0.000125625
6.1470e-02,-0.00828125,-1.4375e-05
6.1480e-02,-0.00875,0.000205938
6.1490e-02,-0.0101563,-4.5e-05
6.1500e-02,-0.0176563,-0.000645313
6.1510e-02,-0.0154687,-6.625e-05
6.1520e-02,-0.0025,0.000413438
6.1530e-02,-0.024375,0.000749375
6.1540e-02,-0.0173438,0.000358438
6.1550e-02,-0.01875,0.000164063
6.1560e-02,-0.0189062,0.000351563
6.1570e-02,-0.0159375,0.000153125
6.1580e-02,-0.0126563,-0.00052125
6.1590e-02,-0.0153125,-0.000205938
6.1600e-02,-0.02,-0.000310938
6.1610e-02,-0.0165625,0.000149063
6.1620e-02,0.0071875,-0.000527188
6.1630e-02,-0.00953125,-0.00089875
6.1640e-02,-0.0204688,-0.000202188
6.1650e-02,-0.0164063,0.000325
6.1660e-02,-0.0217188,0.000176563
6.1670e-02,-0.0121875,8.125e-05
6.1680e-02,-0.0196875,0.000864063
6.1690e-02,-0.0170313,0.000269375
6.1700e-02,-0.0189062,7.5625e-05
6.1710e-02,-0.0154687,0.000310625
6.1720e-02,-0.0151562,-0.000234063
6.1730e-02,-0.0257812,-0.000422813
6.1740e-02,-0.02375,0.000111875
6.1750e-02,-0.0128125,-0.0003375
6.1760e-02,-0.02,-3.125e-05
6.1770e-02,-0.0139063,-0.000112188
6.1780e-02,-0.0128125,-0.000778438
6.1790e-02,-0.008125,-0.000867188
6.1800e-02,-0.0298438,-5.59375e-05
6.1810e-02,-0.00734375,0.000384375
6.1820e-02,-0.0195312,0.000210625
6.1830e-02,-0.02375,0.000433125
6.1840e-02,-0.0257812,-0.000225313
6.1850e-02,-0.0121875,-2.3125e-05
6.1860e-02,-0.0275,-0.0003675
6.1870e-02,-0.01125,-0.000227813
6.1880e-02,-0.0273438,0.000584688
6.1890e-02,-0.018125,0.000477813
6.1900e-02,-0.0201563,-0.000176875
6.1910e-02,-0.02375,-0.000207813
6.1920e-02,-0.0167188,-0.000155625
6.1930e-02,-0.0120313,-0.000546563
6.1940e-02,-0.0146875,-0.000175
6.1950e-02,-0.0204688,0.000112188
6.1960e-02,-0.0225,0.000400313
6.1970e-02,-0.0270312,-0.00034
6.1980e-02,-0.02125,-0.000404063
6.1990e-02,-0.0196875,7.0625e-05
6.2000e-02,-0.0167188,3.4375e-06
6.2010e-02,-0.0220313,1.9375e-05
6.2020e-02,-0.011875,-0.000227188
6.2030e-02,-0.035625,-0.000255625
6.2040e-02,-0.026875,-0.000397188
6.2050e-02,-0.0223437,-0.0007025
6.2060e-02,-0.021875,-0.000184688
6.2070e-02,-0.02625,0.000185625
6.2080e-02,-0.0129688,-0.000382813
6.2090e-02,-0.0304688,-5.4375e-05
6.2100e-02,-0.0220313,0.000251562
6.2110e-02,-0.0290625,-3.4375e-05
6.2120e-02,-0.0232812,0.000309063
6.2130e-02,-0.02875,3.4375e-06
6.2140e-02,-0.0271875,-0.000442188
6.2150e-02,-0.016875,0.00039125
6.2160e-02,-0.0379688,0.000220625
6.2170e-02,-0.0220313,-0.000549688
6.2180e-02,-0.0342187,-0.00031875
6.2190e-02,-0.0304688,-0.00015375
6.2200e-02,-0.0251563,0.000252812
6.2210e-02,-0.0228125,-0.00042875
6.2220e-02,-0.0215625,0.0001475
6.2230e-02,-0.0229687,-0.000328125
6.2240e-02,-0.0276563,-6.875e-06
6.2250e-02,-0.0123438,0.000126875
6.2260e-02,-0.0275,-0.000124375
6.2270e-02,-0.0189062,-9.6875e-05
6.2280e-02,-0.0242188,0.000241875
6.2290e-02,-0.0175,0.000100625
6.2300e-02,-0.0182812,0.000162813
6.2310e-02,-0.0282813,0.000140313
6.2320e-02,-0.0223437,0.0003
6.2330e-02,-0.0245313,-0.00026625
6.2340e-02,-0.0221875,-0.0002025
6.2350e-02,-0.0351562,0.000305
6.2360e-02,-0.02,-0.000288438
6.2370e-02,-0.036875,0.000111563
6.2380e-02,-0.0248438,-0.0001425
6.2390e-02,-0.0185937,-0.000155313
6.2400e-02,-0.0245313,0.00042875
6.2410e-02,-0.0321875,-0.000143125
6.2420e-02,-0.0215625,0.000103438
6.2430e-02,-0.0248438,0.000435313
6.2440e-02,-0.0329688,0.000296563
6.2450e-02,-0.0084375,-0.000536875
6.2460e-02,-0.0148437,-0.000653125
6.2470e-02,-0.0340625,0.000522188
6.2480e-02,-0.0284375,0.000131875
6.2490e-02,-0.0285938,0.0001925
6.2500e-02,-0.03375,-3.8125e-05
6.2510e-02,-0.0232812,-7.71875e-05
6.2520e-02,-0.0259375,5.5625e-05
6.2530e-02,-0.0267187,0.00068
6.2540e-02,-0.0201563,-0.000192813
6.2550e-02,-0.03125,-0.000671563
6.2560e-02,-0.0389063,-0.00023375
6.2570e-02,-0.0292188,-0.000225938
6.2580e-02,-0.0279688,-0.000215313
6.2590e-02,-0.0225,8.0625e-05
6.2600e-02,-0.0295313,9.875e-05
6.2610e-02,-0.0175,0.000120938
6.2620e-02,-0.0345312,0.000123125
6.2630e-02,-0.0384375,0.000508125
6.2640e-02,-0.0234375,0.0004275
6.2650e-02,-0.02625,0.000273125
6.2660e-02,-0.0223437,-0.000104375
6.2670e-02,-0.0278125,0.000196875
6.2680e-02,-0.0290625,1.3125e-05
6.2690e-02,-0.0267187,-6.375e-05
6.2700e-02,-0.030625,-0.0004525
6.2710e-02,-0.038125,-0.00031625
6.2720e-02,-0.0257812,-4.09375e-05
6.2730e-02,-0.0329688,-0.000189063
6.2740e-02,-0.031875,-0.000721875
6.2750e-02,-0.0295313,-0.000265938
6.2760e-02,-0.0270312,-0.00029
6.2770e-02,-0.0354688,0.000248438
6.2780e-02,-0.0360938,-0.000100313
6.2790e-02,-0.0290625,0.00018375
6.2800e-02,-0.0426562,-0.000184375
6.2810e-02,-0.030625,0.000334063
6.2820e-02,-0.0328125,-0.000354063
6.2830e-02,-0.0101563,-0.000509063
6.2840e-02,-0.0335937,-0.000344063
6.2850e-02,-0.0209375,7.1875e-06
6.2860e-02,-0.0245313,0.000246875
6.2870e-02,-0.0232812,-0.000479375
6.2880e-02,-0.0264062,0.00016375
6.2890e-02,-0.0167188,-0.000224375
6.2900e-02,-0.0240625,-6.65625e-05
6.2910e-02,-0.0242188,7.84375e-05
6.2920e-02,-0.0267187,4.625e-05
6.2930e-02,-0.0320312,5.71875e-05
6.2940e-02,-0.0307813,5e-06
6.2950e-02,-0.0307813,5.625e-06
6.2960e-02,-0.024375,0.000246563
6.2970e-02,-0.0239063,-0.00016625
6.2980e-02,-0.0365625,-8.84375e-05
6.2990e-02,-0.0309375,-3.21875e-05
6.3000e-02,-0.0334375,-2.375e-05
6.3010e-02,-0.0246875,-0.000308438
6.3020e-02,-0.0339062,-0.000173438
6.3030e-02,-0.0296875,-0.000260313
6.3040e-02,-0.0260937,-4.28125e-05
6.3050e-02,-0.0234375,0.000174063
6.3060e-02,-0.0201563,-2.65625e-05
6.3070e-02,-0.0173438,-0.000349688
6.3080e-02,-0.025625,0.000173438
6.3090e-02,-0.026875,0.00042625
6.3100e-02,-0.0259375,0.000139375
6.3110e-02,-0.0317188,0.000662188
6.3120e-02,-0.0328125,0.00053
6.3130e-02,-0.0303125,9.6875e-05
6.3140e-02,-0.0309375,-0.000759688
6.3150e-02,-0.0240625,-0.000945
6.3160e-02,-0.0189062,-0.000189688
6.3170e-02,-0.034375,-5.6875e-05
6.3180e-02,-0.02,-6.5625e-06
6.3190e-02,-0.0407813,-9.375e-05
6.3200e-02,-0.033125,-0.000536875
6.3210e-02,-0.0329688,-0.000902813
6.3220e-02,-0.0282813,-0.00044625
6.3230e-02,-0.0389063,0.0002275
6.3240e-02,-0.026875,0.00024625
6.3250e-02,-0.0310937,-5.3125e-06
6.3260e-02,-0.0215625,-7e-05
6.3270e-02,-0.0353125,-0.000177188
6.3280e-02,-0.035625,-0.000345
6.3290e-02,-0.0340625,-0.000144375
6.3300e-02,-0.023125,-4e-05
6.3310e-02,-0.0235938,-0.00018625
6.3320e-02,-0.0284375,0.000152813
6.3330e-02,-0.0198438,-0.000626563
6.3340e-02,-0.0221875,-0.000807813
6.3350e-02,-0.0270312,0.000435313
6.3360e-02,-0.0309375,0.000918125
6.3370e-02,-0.04125,0.000598125
6.3380e-02,-0.0328125,5.53125e-05
6.3390e-02,-0.0284375,-0.0002775
6.3400e-02,-0.0317188,-0.000364375
6.3410e-02,-0.033125,-0.000119688
6.3420e-02,-0.0210938,0.000535
6.3430e-02,-0.0282813,0.000863125
6.3440e-02,-0.0417187,0.000305625
6.3450e-02,-0.0321875,-0.000119063
6.3460e-02,-0.024375,8.03125e-05
6.3470e-02,-0.0246875,-0.000342813
6.3480e-02,-0.029375,0.000281875
6.3490e-02,-0.0257812,0.000191875
6.3500e-02,-0.0260937,0.000710938
6.3510e-02,-0.0279688,3.65625e-05
6.3520e-02,-0.0325,-0.000259063
6.3530e-02,-0.0404687,-0.0006475
6.3540e-02,-0.0257812,-0.000674375
6.3550e-02,-0.035,-0.000200625
6.3560e-02,-0.0276563,0.000565313
6.3570e-02,-0.0354688,0.00046
6.3580e-02,-0.0273438,-8.96875e-05
6.3590e-02,-0.0407813,-6.5625e-05
6.3600e-02,-0.0353125,-0.000141875
6.3610e-02,-0.0390625,-6.3125e-05
6.3620e-02,-0.0295313,0.000329063
6.3630e-02,-0.030625,0.000403125
6.3640e-02,-0.0295313,0.000481875
6.3650e-02,-0.0323438,-0.000118438
6.3660e-02,-0.0335937,-0.000747188
6.3670e-02,-0.025,-0.000479063
6.3680e-02,-0.04375,-9.96875e-05
6.3690e-02,-0.0296875,-0.000256563
6.3700e-02,-0.0248438,0.000627813
6.3710e-02,-0.029375,0.00116469
6.3720e-02,-0.0426562,0.000401563
6.3730e-02,-0.03125,-0.00042
6.3740e-02,-0.0392187,-0.000142813
6.3750e-02,-0.03875,1.5625e-05
6.3760e-02,-0.0401563,0.000826875
6.3770e-02,-0.0290625,0.00108438
6.3780e-02,-0.0351562,0.000691563
6.3790e-02,-0.040625,-0.000224688
6.3800e-02,-0.0360938,-0.000753438
6.3810e-02,-0.0401563,-0.000884375
6.3820e-02,-0.0259375,-0.000160938
6.3830e-02,-0.0473438,0.000757813
6.3840e-02,-0.026875,0.000814375
6.3850e-02,-0.0282813,0.000340938
6.3860e-02,-0.0309375,-0.000136875
6.3870e-02,-0.036875,-0.000691563
6.3880e-02,-0.0307813,-0.00107719
6.3890e-02,-0.0346875,0.000187813
6.3900e-02,-0.033125,0.00127469
6.3910e-02,-0.0346875,0.000952813
6.3920e-02,-0.0364063,-0.000191563
6.3930e-02,-0.0370313,-0.00140188
6.3940e-02,-0.0346875,-0.000965
6.3950e-02,-0.0395313,-0.00023375
6.3960e-02,-0.0379688,0.000769375
6.3970e-02,-0.0240625,0.00123563
6.3980e-02,-0.05625,0.000667188
6.3990e-02,-0.0309375,-0.000165313
6.4000e-02,-0.0440625,-0.00133406
6.4010e-02,-0.0292188,-0.00071875
6.4020e-02,-0.0370313,0.000339688
6.4030e-02,-0.0353125,0.00142094
6.4040e-02,-0.0235938,0.00131469
6.4050e-02,-0.030625,0.000247188
6.4060e-02,-0.0282813,-0.00185875
6.4070e-02,-0.0254688,-0.00161813
6.4080e-02,-0.0321875,-0.000893438
6.4090e-02,-0.0309375,0.0016475
6.4100e-02,-0.0282813,0.0020225
6.4110e-02,-0.0423437,0.000896875
6.4120e-02,-0.0342187,-0.000844375
6.4130e-02,-0.0320312,-0.0021525
6.4140e-02,-0.0259375,-0.00117688
6.4150e-02,-0.0245313,0.000548125
6.4160e-02,-0.0325,0.0019325
6.4170e-02,-0.0267187,0.00177281
6.4180e-02,-0.0346875,-0.000894063
6.4190e-02,-0.0367188,-0.00203094
6.4200e-02,-0.0351562,-0.00183313
6.4210e-02,-0.0396875,0.0004475
6.4220e-02,-0.0453125,0.00254406
6.4230e-02,-0.0329688,0.00239219
6.4240e-02,-0.0321875,0.000510937
6.4250e-02,-0.0321875,-0.00208625
6.4260e-02,-0.026875,-0.00327094
6.4270e-02,-0.0226562,-0.00155469
6.4280e-02,-0.0260937,0.00169469
6.4290e-02,-0.0270312,0.00320375
6.4300e-02,-0.029375,0.00200531
6.4310e-02,-0.034375,-0.00109125
6.4320e-02,-0.0329688,-0.00307813
6.4330e-02,-0.0425,-0.00336656
6.4340e-02,-0.0335937,-6.65625e-05
6.4350e-02,-0.03125,0.00390438
6.4360e-02,-0.0417187,0.00340688
6.4370e-02,-0.0453125,0.000330938
6.4380e-02,-0.02375,-0.00312688
6.4390e-02,-0.0301563,-0.00456406
6.4400e-02,-0.0315625,-0.00189219
6.4410e-02,-0.0375,0.00258031
6.4420e-02,-0.0364063,0.00493438
6.4430e-02,-0.026875,0.00302406
6.4440e-02,-0.0360938,-0.00105219
6.4450e-02,-0.0290625,-0.00460844
6.4460e-02,-0.0314062,-0.0046875
6.4470e-02,-0.0354688,0.000334688
6.4480e-02,-0.0314062,0.00393906
6.4490e-02,-0.035625,0.00602906
6.4500e-02,-0.0364063,0.00204438
6.4510e-02,-0.034375,-0.00312938
6.4520e-02,-0.0357813,-0.00563625
6.4530e-02,-0.03625,-0.00361
6.4540e-02,-0.0323438,0.001235
6.4550e-02,-0.034375,0.00514094
6.4560e-02,-0.0332812,0.00405656
6.4570e-02,-0.03625,0.000425313
6.4580e-02,-0.0335937,-0.00450188
6.4590e-02,-0.0310937,-0.005795
6.4600e-02,-0.0492188,-0.00163969
6.4610e-02,-0.0329688,0.0031025
6.4620e-02,-0.0403125,0.00476344
6.4630e-02,-0.02375,0.00282469
6.4640e-02,-0.0367188,-0.00203781
6.4650e-02,-0.0384375,-0.00471
6.4660e-02,-0.03875,-0.00308656
6.4670e-02,-0.0426562,-4.34375e-05
6.4680e-02,-0.041875,0.00362875
6.4690e-02,-0.0354688,0.00357813
6.4700e-02,-0.0340625,0.000909688
6.4710e-02,-0.038125,-0.00208969
6.4720e-02,-0.029375,-0.00387594
6.4730e-02,-0.0317188,-0.00096875
6.4740e-02,-0.0407813,0.00170469
6.4750e-02,-0.0378125,0.00377531
6.4760e-02,-0.026875,0.00225094
6.4770e-02,-0.0317188,-0.00102438
6.4780e-02,-0.0342187,-0.00277063
6.4790e-02,-0.035,-0.00235313
6.4800e-02,-0.025,0.0006475
6.4810e-02,-0.0364063,0.00244438
6.4820e-02,-0.0342187,0.00178469
6.4830e-02,-0.0385937,-0.000151563
6.4840e-02,-0.0354688,-0.00192
6.4850e-02,-0.035625,-0.00159406
6.4860e-02,-0.0398437,-0.00107906
6.4870e-02,-0.0295313,0.00108563
6.4880e-02,-0.0425,0.00204594
6.4890e-02,-0.0385937,0.00053375
6.4900e-02,-0.0353125,-0.0006325
6.4910e-02,-0.0379688,-0.00189406
6.4920e-02,-0.043125,-0.00131313
6.4930e-02,-0.0389063,0.00044125
6.4940e-02,-0.0448438,0.00133063
6.4950e-02,-0.0414063,0.0007225
6.4960e-02,-0.031875,-0.00061375
6.4970e-02,-0.0485938,-0.0019675
6.4980e-02,-0.0425,-0.001425
6.4990e-02,-0.0360938,-0.000176875
6.5000e-02,-0.025,0.00102344
6.5010e-02,-0.02625,0.00149438
6.5020e-02,-0.0359375,0.000435313
6.5030e-02,-0.0446875,-0.000559063
6.5040e-02,-0.0467188,-0.00160781
6.5050e-02,-0.045625,-0.000632813
6.5060e-02,-0.0273438,0.000655938
6.5070e-02,-0.0271875,0.00112813
6.5080e-02,-0.0298438,0.00168406
6.5090e-02,-0.04125,-0.000100625
6.5100e-02,-0.0278125,-0.00093625
6.5110e-02,-0.0401563,-0.000768125
6.5120e-02,-0.0403125,0.000106563
6.5130e-02,-0.03125,0.000844688
6.5140e-02,-0.03,0.000750313
6.5150e-02,-0.0448438,0.000494688
6.5160e-02,-0.0284375,-0.00052125
6.5170e-02,-0.0257812,-0.000306563
6.5180e-02,-0.048125,-0.00019875
6.5190e-02,-0.0459375,0.000317813
6.5200e-02,-0.0373438,0.000336875
6.5210e-02,-0.0317188,0.000466875
6.5220e-02,-0.036875,0.000197813
6.5230e-02,-0.0276563,-0.000441563
6.5240e-02,-0.0384375,-0.000313125
6.5250e-02,-0.0407813,-0.000180938
6.5260e-02,-0.0410937,0.000813438
6.5270e-02,-0.0429688,0.000585938
6.5280e-02,-0.033125,2.90625e-05
6.5290e-02,-0.0378125,-0.000334375
6.5300e-02,-0.0289063,-6.21875e-05
6.5310e-02,-0.0360938,-3.40625e-05
6.5320e-02,-0.0403125,0.000405625
6.5330e-02,-0.0257812,0.00026875
6.5340e-02,-0.0304688,0.000359375
6.5350e-02,-0.0345312,0.0005725
6.5360e-02,-0.050625,-0.000159375
6.5370e-02,-0.03625,-0.0003825
6.5380e-02,-0.04375,-0.000835625
6.5390e-02,-0.0371875,-2.03125e-05
6.5400e-02,-0.0439063,0.000577813
6.5410e-02,-0.0371875,0.00012375
6.5420e-02,-0.0310937,0.000357188
6.5430e-02,-0.0354688,-0.000265
6.5440e-02,-0.0307813,-0.000436875
6.5450e-02,-0.0273438,-0.000136563
6.5460e-02,-0.0365625,-9.3125e-05
6.5470e-02,-0.0417187,0.000502813
6.5480e-02,-0.0371875,-9.9375e-05
6.5490e-02,-0.0357813,-0.000430625
6.5500e-02,-0.0401563,-0.000309375
6.5510e-02,-0.03875,-0.00013625
6.5520e-02,-0.0451563,0.000235625
6.5530e-02,-0.0510938,7.1875e-05
6.5540e-02,-0.0370313,-0.000101875
6.5550e-02,-0.0396875,0.000136563
6.5560e-02,-0.0310937,-0.000345
6.5570e-02,-0.0329688,-0.000865938
6.5580e-02,-0.0370313,-8.875e-05
6.5590e-02,-0.0342187,0.000435
6.5600e-02,-0.0428125,0.000444688
6.5610e-02,-0.03375,0.000924688
6.5620e-02,-0.0479688,0.000269375
6.5630e-02,-0.0484375,-0.000270938
6.5640e-02,-0.039375,-0.000299688
6.5650e-02,-0.0425,-0.000171875
6.5660e-02,-0.0376563,-0.0003825
6.5670e-02,-0.0475,-0.000517188
6.5680e-02,-0.04375,-4.375e-06
6.5690e-02,-0.0290625,5.8125e-05
6.5700e-02,-0.0446875,-0.00052125
6.5710e-02,-0.0360938,-0.000265313
6.5720e-02,-0.0403125,-0.000376875
6.5730e-02,-0.0345312,8.46875e-05
6.5740e-02,-0.0332812,-6.25e-06
6.5750e-02,-0.0370313,-0.000104375
6.5760e-02,-0.04125,-0.000305625
6.5770e-02,-0.0409375,-0.000290313
6.5780e-02,-0.0339062,4.3125e-05
6.5790e-02,-0.0396875,0.00014875
6.5800e-02,-0.03375,-3.1875e-05
6.5810e-02,-0.0485938,0.000285938
6.5820e-02,-0.0310937,-0.000180938
6.5830e-02,-0.0385937,-0.00015375
6.5840e-02,-0.0364063,0.000187188
6.5850e-02,-0.0448438,0.000260313
6.5860e-02,-0.0439063,0.000523125
6.5870e-02,-0.0426562,0.000225938
6.5880e-02,-0.0384375,-6.1875e-05
6.5890e-02,-0.0353125,-0.00014625
6.5900e-02,-0.0370313,2.09375e-05
6.5910e-02,-0.03375,0.0001925
6.5920e-02,-0.0375,-4.65625e-05
6.5930e-02,-0.0325,-2.875e-05
6.5940e-02,-0.0396875,7.90625e-05
6.5950e-02,-0.040625,-0.000255
6.5960e-02,-0.0282813,-0.000686563
6.5970e-02,-0.031875,-0.000323438
6.5980e-02,-0.0357813,-0.000102813
6.5990e-02,-0.0248438,0.000119063
6.6000e-02,-0.0257812,-0.00026625
6.6010e-02,-0.0329688,-0.000190938
6.6020e-02,-0.0454688,-0.000259688
6.6030e-02,-0.0354688,7.40625e-05
6.6040e-02,-0.0329688,8.4375e-06
6.6050e-02,-0.0446875,-5.9375e-05
6.6060e-02,-0.0423437,2.8125e-05
6.6070e-02,-0.0334375,-0.000375313
6.6080e-02,-0.0395313,-0.000672813
6.6090e-02,-0.0289063,-0.000619063
6.6100e-02,-0.0354688,1.75e-05
6.6110e-02,-0.044375,0.000189375
6.6120e-02,-0.0335937,0.00024
6.6130e-02,-0.044375,3.59375e-05
6.6140e-02,-0.0335937,-0.000364688
6.6150e-02,-0.0396875,-0.000225313
6.6160e-02,-0.0451563,-0.000331875
6.6170e-02,-0.03,0.000133125
6.6180e-02,-0.0342187,-3.15625e-05
6.6190e-02,-0.0396875,0.000445625
6.6200e-02,-0.0275,0.000264063
6.6210e-02,-0.0417187,-0.000234063
6.6220e-02,-0.0357813,-2.5e-06
6.6230e-02,-0.0410937,2.53125e-05
6.6240e-02,-0.03625,-5.46875e-05
6.6250e-02,-0.0448438,-4.3125e-05
6.6260e-02,-0.0375,0.000124688
6.6270e-02,-0.0276563,-0.000320938
6.6280e-02,-0.041875,-0.0003125
6.6290e-02,-0.0409375,-0.000499063
6.6300e-02,-0.038125,-0.000385313
6.6310e-02,-0.0410937,-0.000163438
6.6320e-02,-0.0414063,3.03125e-05
6.6330e-02,-0.031875,-0.000466875
6.6340e-02,-0.0370313,-1.71875e-05
6.6350e-02,-0.0329688,0.000318438
6.6360e-02,-0.0371875,1.15625e-05
6.6370e-02,-0.045625,0.000389063
6.6380e-02,-0.0509375,-0.000128125
6.6390e-02,-0.0345312,-0.000274688
6.6400e-02,-0.0439063,-2.4375e-05
6.6410e-02,-0.039375,-0.000219063
6.6420e-02,-0.048125,-0.000376875
6.6430e-02,-0.0440625,0.000166563
6.6440e-02,-0.039375,0.000197813
6.6450e-02,-0.033125,0.000150625
6.6460e-02,-0.0432813,-0.000124688
6.6470e-02,-0.0323438,0.000478438
6.6480e-02,-0.0423437,5.65625e-05
6.6490e-02,-0.029375,-0.000115625
6.6500e-02,-0.0439063,-0.00035
6.6510e-02,-0.0392187,-2.46875e-05
6.6520e-02,-0.0392187,4.09375e-05
6.6530e-02,-0.0410937,-7.28125e-05
6.6540e-02,-0.0409375,-0.000190625
6.6550e-02,-0.0395313,0.000259688
6.6560e-02,-0.0282813,5.0625e-05
6.6570e-02,-0.0376563,0.000213438
6.6580e-02,-0.0379688,-0.000142188
6.6590e-02,-0.039375,-7.90625e-05
6.6600e-02,-0.0478125,8.4375e-05
6.6610e-02,-0.0448438,0.00047125
6.6620e-02,-0.0495312,6.8125e-05
6.6630e-02,-0.03375,-0.000140313
6.6640e-02,-0.0425,-6.28125e-05
6.6650e-02,-0.0264062,0.000100938
6.6660e-02,-0.0432813,9.03125e-05
6.6670e-02,-0.0378125,-0.00020125
6.6680e-02,-0.0371875,-0.000457813
6.6690e-02,-0.0334375,-0.000603125
6.6700e-02,-0.0351562,-0.000738125
6.6710e-02,-0.0428125,-0.000252812
6.6720e-02,-0.0470312,7.1875e-05
6.6730e-02,-0.03125,0.000144688
6.6740e-02,-0.0360938,-0.000295313
6.6750e-02,-0.0448438,-0.000376875
6.6760e-02,-0.043125,-0.0003575
6.6770e-02,-0.0401563,0.000535313
6.6780e-02,-0.0378125,0.000105313
6.6790e-02,-0.0384375,0.000365
6.6800e-02,-0.0451563,0.000414063
6.6810e-02,-0.0423437,0.000405938
6.6820e-02,-0.03,0.000151875
6.6830e-02,-0.035,1.4375e-05
6.6840e-02,-0.0376563,-0.000148125
6.6850e-02,-0.0453125,-0.000575625
6.6860e-02,-0.03375,-0.00039375
6.6870e-02,-0.0370313,-0.000331563
6.6880e-02,-0.0385937,-0.00040375
6.6890e-02,-0.0339062,-0.000708438
6.6900e-02,-0.0467188,0.000274688
6.6910e-02,-0.040625,0.000323438
6.6920e-02,-0.0226562,0.000322188
6.6930e-02,-0.0410937,0.00011125
6.6940e-02,-0.041875,-0.00024875
6.6950e-02,-0.0492188,-4.34375e-05
6.6960e-02,-0.0503125,6.78125e-05
6.6970e-02,-0.0392187,2.59375e-05
6.6980e-02,-0.04125,-0.000307813
6.6990e-02,-0.060625,-0.000254375
6.7000e-02,-0.046875,0.000105938
6.7010e-02,-0.0529687,-8.03125e-05
6.7020e-02,-0.041875,-0.00018875
6.7030e-02,-0.0409375,-0.000349688
6.7040e-02,-0.0432813,0.000263125
6.7050e-02,-0.0290625,0.000102188
6.7060e-02,-0.045625,3.78125e-05
6.7070e-02,-0.0425,-0.0002075
6.7080e-02,-0.0392187,-0.000333125
6.7090e-02,-0.0439063,-0.000400625
6.7100e-02,-0.0357813,0.000469375
6.7110e-02,-0.0467188,-0.000270625
6.7120e-02,-0.0323438,-1e-05
6.7130e-02,-0.0354688,0.000498125
6.7140e-02,-0.0534375,-0.000117188
6.7150e-02,-0.048125,0.000390313
6.7160e-02,-0.0459375,0.000378438
6.7170e-02,-0.0265625,0.00116844
6.7180e-02,-0.0364063,0.000368438
6.7190e-02,-0.0326562,0.000425313
6.7200e-02,-0.02875,0.00047875
6.7210e-02,-0.0228125,6.71875e-05
6.7220e-02,-0.04,0.000463438
6.7230e-02,-0.03,9.09375e-05
6.7240e-02,-0.0240625,0.000555625
6.7250e-02,-0.0451563,-0.000129375
6.7260e-02,-0.0403125,9.65625e-05
6.7270e-02,-0.0465625,0.000214063
6.7280e-02,-0.0423437,-5.84375e-05
6.7290e-02,-0.0414063,0.000693438
6.7300e-02,-0.0448438,0.000234063
6.7310e-02,-0.0459375,4.1875e-05
6.7320e-02,-0.0339062,9.6875e-06
6.7330e-02,-0.0460938,-0.000165938
6.7340e-02,-0.0457813,0.000251562
6.7350e-02,-0.0495312,0.000160625
6.7360e-02,-0.0264062,0.000275
6.7370e-02,-0.0509375,-0.000481875
6.7380e-02,-0.044375,-0.000235938
6.7390e-02,-0.0395313,0.0002325
6.7400e-02,-0.0392187,0.000786875
6.7410e-02,-0.0370313,-0.000477813
6.7420e-02,-0.0459375,-0.000220625
6.7430e-02,-0.0421875,0.00036625
6.7440e-02,-0.038125,1.5625e-06
6.7450e-02,-0.035625,-0.000404688
6.7460e-02,-0.0440625,-0.000604375
6.7470e-02,-0.038125,-0.0003725
6.7480e-02,-0.03625,-8.5625e-05
6.7490e-02,-0.0353125,-0.000350313
6.7500e-02,-0.0432813,0.000254375
6.7510e-02,-0.0409375,0.000160313
6.7520e-02,-0.0428125,-6.34375e-05
6.7530e-02,-0.0470312,-0.000458438
6.7540e-02,-0.0428125,-0.000696563
6.7550e-02,-0.0382813,0.000113125
6.7560e-02,-0.0404687,0.000116563
6.7570e-02,-0.0415625,-0.000201875
6.7580e-02,-0.0354688,-2e-05
6.7590e-02,-0.0417187,0.000380313
6.7600e-02,-0.0385937,-5.90625e-05
6.7610e-02,-0.0445313,9.1875e-05
6.7620e-02,-0.0423437,0.000343125
6.7630e-02,-0.0384375,8.1875e-05
6.7640e-02,-0.0414063,-0.0002
6.7650e-02,-0.041875,1.78125e-05
6.7660e-02,-0.0514063,0.000429063
6.7670e-02,-0.0448438,-0.0004675
6.7680e-02,-0.043125,-0.000598438
6.7690e-02,-0.0304688,-0.000189063
6.7700e-02,-0.0414063,8.40625e-05
6.7710e-02,-0.0389063,-0.000455313
6.7720e-02,-0.0415625,-0.000617188
6.7730e-02,-0.0384375,-0.000379063
6.7740e-02,-0.0417187,-0.000560625
6.7750e-02,-0.0370313,0.000220313
6.7760e-02,-0.0445313,-1.6875e-05
6.7770e-02,-0.0445313,0.000135313
6.7780e-02,-0.0454688,0.000591875
6.7790e-02,-0.034375,0.000383438
6.7800e-02,-0.0217188,-0.000367813
6.7810e-02,-0.0459375,-0.000176563
6.7820e-02,-0.036875,-0.000262187
6.7830e-02,-0.0385937,0.000729375
6.7840e-02,-0.0435938,-0.000185313
6.7850e-02,-0.0453125,-7.03125e-05
6.7860e-02,-0.0535937,-0.000739375
6.7870e-02,-0.0351562,-0.000684375
6.7880e-02,-0.04,-0.0003475
6.7890e-02,-0.0396875,0.0001325
6.7900e-02,-0.03875,0.00057625
6.7910e-02,-0.0279688,0.000260313
6.7920e-02,-0.0484375,-0.000605938
6.7930e-02,-0.045,-0.000810625
6.7940e-02,-0.0398437,-0.000224063
6.7950e-02,-0.0396875,-0.000328438
6.7960e-02,-0.04125,0.000725625
6.7970e-02,-0.04875,0.00066375
6.7980e-02,-0.0423437,7.34375e-05
6.7990e-02,-0.0385937,-0.000234688
6.8000e-02,-0.0432813,-0.000311563
6.8010e-02,-0.0420312,0.000689375
6.8020e-02,-0.0351562,0.000845625
6.8030e-02,-0.0370313,0.000350313
6.8040e-02,-0.023125,-0.000739063
6.8050e-02,-0.0398437,-0.000533125
6.8060e-02,-0.0329688,-0.0011825
6.8070e-02,-0.0417187,-0.000412813
6.8080e-02,-0.043125,0.000819688
6.8090e-02,-0.0421875,0.00134406
6.8100e-02,-0.0367188,5e-05
6.8110e-02,-0.035,-0.000463125
6.8120e-02,-0.0429688,-0.00106656
6.8130e-02,-0.0345312,-0.000763438
6.8140e-02,-0.0348437,8.90625e-05
6.8150e-02,-0.02125,0.00125844
6.8160e-02,-0.04625,0.00165094
6.8170e-02,-0.0510938,0.000275938
6.8180e-02,-0.0426562,-0.00144219
6.8190e-02,-0.0442188,-0.00115
6.8200e-02,-0.0345312,-0.000351563
6.8210e-02,-0.0421875,0.00100062
6.8220e-02,-0.0496875,0.00178594
6.8230e-02,-0.0353125,0.00059125
6.8240e-02,-0.0446875,-0.00156906
6.8250e-02,-0.0389063,-0.00189563
6.8260e-02,-0.0382813,-0.00111969
6.8270e-02,-0.0385937,0.00142469
6.8280e-02,-0.0435938,0.00210406
6.8290e-02,-0.045,0.00149125
6.8300e-02,-0.0464062,-0.0007425
6.8310e-02,-0.0440625,-0.00249156
6.8320e-02,-0.0435938,-0.00268844
6.8330e-02,-0.0485938,0.00028875
6.8340e-02,-0.0470312,0.00180313
6.8350e-02,-0.0484375,0.00238375
6.8360e-02,-0.0509375,0.00043875
6.8370e-02,-0.0567187,-0.00227281
6.8380e-02,-0.04125,-0.00291813
6.8390e-02,-0.0464062,-0.00151969
6.8400e-02,-0.0498438,0.00166125
6.8410e-02,-0.0392187,0.00380406
6.8420e-02,-0.0471875,0.00351938
6.8430e-02,-0.0442188,0.00338719
6.8440e-02,-0.0315625,0.00332531
6.8450e-02,-0.038125,0.00339469
6.8460e-02,-0.040625,0.00344688
6.8470e-02,-0.043125,0.00333906
6.8480e-02,-0.0429688,0.00336688
6.8490e-02,-0.667969,0.00247844
6.8500e-02,-0.0292188,-0.00308531
6.8510e-02,-0.693438,-0.00542094
6.8520e-02,-0.00453125,-0.00720563
6.8530e-02,0.601094,-0.00788375
6.8540e-02,0.125156,-0.00745281
6.8550e-02,0.102188,-0.0076725
6.8560e-02,0.09375,-0.00759938
6.8570e-02,0.0834375,-0.00754063
6.8580e-02,0.0598438,-0.00736063
6.8590e-02,0.0701563,-0.00748875
6.8600e-02,0.05375,-0.00758719
6.8610e-02,0.0585938,-0.00728
6.8620e-02,0.0467188,-0.00741938
6.8630e-02,0.0465625,-0.00742906
6.8640e-02,0.0496875,-0.00749406
6.8650e-02,0.035,-0.00735438
6.8660e-02,0.0421875,-0.00739438
6.8670e-02,0.0451562,-0.00720344
6.8680e-02,0.04625,-0.00737531
6.8690e-02,0.0301562,-0.0074575
6.8700e-02,0.0378125,-0.007495
6.8710e-02,0.023125,-0.00722781
6.8720e-02,0.0282812,-0.00738656
6.8730e-02,0.02375,-0.00724719
6.8740e-02,0.0207812,-0.00687375
6.8750e-02,0.0192188,-0.00196969
6.8760e-02,0.0078125,0.0007725
6.8770e-02,0.0264063,0.00046875
6.8780e-02,0.0229687,-0.00210063
6.8790e-02,-0.009375,-0.00341
6.8800e-02,0.0129687,-0.00220937
6.8810e-02,0.015,0.000750625
6.8820e-02,0.0075,0.00224656
6.8830e-02,0.008125,0.00142313
6.8840e-02,0.00984375,-0.000616563
6.8850e-02,0.0123437,-0.00237531
6.8860e-02,0.0101562,-0.00242594
6.8870e-02,0.00578125,-0.00128375
6.8880e-02,0.0123437,0.00130781
6.8890e-02,0.0065625,0.00184125
6.8900e-02,0.00921875,0.000110625
6.8910e-02,0.00609375,-0.00144
6.8920e-02,0.00859375,-0.00145219
6.8930e-02,-0.00078125,-0.000852188
6.8940e-02,-0.00671875,0.00086625
6.8950e-02,0.0171875,0.00184438
6.8960e-02,0.0028125,0.00142
6.8970e-02,0.018125,-6.9375e-05
6.8980e-02,0.0021875,-0.00114094
6.8990e-02,0.00796875,-0.00176563
6.9000e-02,0.0084375,-0.000744688
6.9010e-02,-0.00359375,0.000499688
6.9020e-02,0.000625,0.0009925
6.9030e-02,0.0121875,-1.0625e-05
6.9040e-02,0.006875,-0.00070375
6.9050e-02,0.0140625,-0.000810625
6.9060e-02,-0.0134375,-0.000365313
6.9070e-02,0.00078125,0.000494063
6.9080e-02,0.00171875,0.000425313
6.9090e-02,-0.00390625,0.000355313
6.9100e-02,0.00140625,-0.000604688
6.9110e-02,0.010625,-0.00112688
6.9120e-02,-0.0025,-0.00040375
6.9130e-02,-0.001875,0.000108438
6.9140e-02,-0.00875,0.00076
6.9150e-02,0.00421875,0.00069625
6.9160e-02,0.0025,0.000437188
6.9170e-02,-0.00765625,-0.000441875
6.9180e-02,-0.00734375,-0.000297813
6.9190e-02,-0.0126563,-0.000469688
6.9200e-02,-0.0132813,0.00091
6.9210e-02,-0.009375,0.000335625
6.9220e-02,0.00140625,0.000233125
6.9230e-02,-0.0103125,-1.71875e-05
6.9240e-02,0.0021875,-0.000417188
6.9250e-02,-0.011875,-0.000423125
6.9260e-02,-0.0109375,-0.000618438
6.9270e-02,-0.0139063,-0.000521875
6.9280e-02,0.00078125,-5.21875e-05
6.9290e-02,-0.0117188,0.000730625
6.9300e-02,-0.01375,0.000684688
6.9310e-02,-0.00703125,-0.000258125
6.9320e-02,0.0171875,-0.000208438
6.9330e-02,-0.01,0.000351875
6.9340e-02,-0.0145312,0.000708438
6.9350e-02,-0.00203125,0.000360938
6.9360e-02,-0.013125,0.000200313
6.9370e-02,-0.0110937,-0.000127813
6.9380e-02,-0.0167188,-0.00051
6.9390e-02,-0.0109375,0.000367188
6.9400e-02,-0.01625,-0.000132188
6.9410e-02,-0.00671875,0.000430313
6.9420e-02,-0.0221875,0.0004425
6.9430e-02,-0.0214063,0.000146875
6.9440e-02,-0.0134375,-0.000183125
6.9450e-02,-0.0167188,-0.000352813
6.9460e-02,-0.02,2.3125e-05
6.9470e-02,-0.00984375,-5.15625e-05
6.9480e-02,-0.0176563,0.000569688
6.9490e-02,-0.0059375,0.000521875
6.9500e-02,-0.0157813,-0.0002125
6.9510e-02,-0.0192187,0.000164688
6.9520e-02,-0.00828125,-0.0002275
6.9530e-02,-0.0117188,-1.8125e-05
6.9540e-02,-0.0176563,4.09375e-05
6.9550e-02,-0.0129688,0.000585625
6.9560e-02,-0.021875,0.000310938
6.9570e-02,-0.00703125,0.000387813
6.9580e-02,-0.0121875,-0.000262187
6.9590e-02,-0.0185937,-0.000165625
6.9600e-02,-0.0182812,1.78125e-05
6.9610e-02,-0.0190625,1.5625e-06
6.9620e-02,-0.0192187,-0.0001175
6.9630e-02,-0.0189062,0.000188125
6.9640e-02,-0.005625,-0.00039375
6.9650e-02,-0.0145312,-0.000390938
6.9660e-02,-0.0171875,-8.28125e-05
6.9670e-02,-0.0234375,-0.000169688
6.9680e-02,-0.00625,0.000613125
6.9690e-02,-0.0114062,0.000309063
6.9700e-02,-0.0175,0.00011
6.9710e-02,-0.0135937,-0.0002725
6.9720e-02,-0.01875,-0.000297813
6.9730e-02,-0.0134375,8.28125e-05
6.9740e-02,-0.0217188,0.000410625
6.9750e-02,-0.0217188,0.00057625
6.9760e-02,-0.0115625,0.000559688
6.9770e-02,-0.0123438,-0.000516875
6.9780e-02,-0.023125,-0.000208125
6.9790e-02,-0.0232812,-0.000386563
6.9800e-02,-0.0171875,-0.000579063
6.9810e-02,-0.0304688,0.000211563
6.9820e-02,-0.0129688,0.000689375
6.9830e-02,-0.0235938,-0.000125313
6.9840e-02,-0.0198438,0.000130938
6.9850e-02,-0.005,-0.000339375
6.9860e-02,-0.0184375,0.000167188
6.9870e-02,-0.0265625,0.000707813
6.9880e-02,-0.0176563,0.000191563
6.9890e-02,-0.0251563,0.000101563
6.9900e-02,-0.0245313,0.000393125
6.9910e-02,-0.0178125,2.5e-05
6.9920e-02,-0.0304688,0.00052375
6.9930e-02,-0.0126563,-4.375e-06
6.9940e-02,-0.0196875,0.000132813
6.9950e-02,-0.0182812,0.00015875
6.9960e-02,-0.015625,-0.00027375
6.9970e-02,-0.00328125,-0.00022125
6.9980e-02,-0.0103125,-0.000298125
6.9990e-02,-0.0170313,0.000140313
7.0000e-02,-0.0220313,-1.71875e-05
7.0010e-02,-0.0204688,0.000601563
7.0020e-02,-0.0179687,0.000225938
7.0030e-02,-0.0267187,0.00019875
7.0040e-02,-0.0242188,0.00023125
7.0050e-02,-0.0276563,-0.000505938
7.0060e-02,-0.0257812,-0.0001625
7.0070e-02,-0.0209375,-0.000152813
7.0080e-02,-0.0140625,-0.000472188
7.0090e-02,-0.024375,-0.000810313
7.0100e-02,-0.0221875,-0.000186563
7.0110e-02,-0.0215625,-0.000590938
7.0120e-02,-0.0228125,3.59375e-05
7.0130e-02,-0.0185937,-0.00012625
7.0140e-02,-0.011875,0.000251875
7.0150e-02,-0.0173438,0.000291875
7.0160e-02,-0.0248438,0.000249375
7.0170e-02,-0.0185937,-4.8125e-05
7.0180e-02,-0.0267187,0.000131563
7.0190e-02,-0.0209375,-0.000545625
7.0200e-02,-0.0170313,0.000190625
7.0210e-02,-0.0175,-0.000705625
7.0220e-02,-0.0196875,0.000515938
7.0230e-02,-0.0220313,-0.000262187
7.0240e-02,-0.0201563,-0.00045625
7.0250e-02,-0.026875,-0.000338125
7.0260e-02,-0.0210938,0.000104688
7.0270e-02,-0.0225,0.000457813
7.0280e-02,-0.0276563,0.000959375
7.0290e-02,-0.0239063,-5.8125e-05
7.0300e-02,-0.028125,0.00029875
7.0310e-02,-0.0103125,-0.000330938
7.0320e-02,-0.0254688,0.000135313
7.0330e-02,-0.0207813,7.65625e-05
7.0340e-02,-0.0204688,-0.000110313
7.0350e-02,-0.028125,0.000162188
7.0360e-02,-0.0189062,0.000111563
7.0370e-02,-0.016875,-5.03125e-05
7.0380e-02,-0.0290625,0.00048125
7.0390e-02,-0.0203125,0.000304375
7.0400e-02,-0.02625,1.34375e-05
7.0410e-02,-0.0235938,-0.000263125
7.0420e-02,-0.0385937,-0.00038625
7.0430e-02,-0.0184375,-0.000236563
7.0440e-02,-0.0353125,-0.0003375
7.0450e-02,-0.020625,-0.00012625
7.0460e-02,-0.0314062,-0.000225938
7.0470e-02,-0.0265625,-0.000546875
7.0480e-02,-0.0290625,-0.000140938
7.0490e-02,-0.0175,0.000130313
7.0500e-02,-0.0314062,-0.000128437
7.0510e-02,-0.0360938,0.000360938
7.0520e-02,-0.0176563,7.5e-05
7.0530e-02,-0.0235938,-0.000100313
7.0540e-02,-0.03375,-4.65625e-05
7.0550e-02,-0.03625,0.000199688
7.0560e-02,-0.0114062,-2e-05
7.0570e-02,-0.0278125,3.125e-07
7.0580e-02,-0.03,0.0006625
7.0590e-02,-0.0276563,-0.000227188
7.0600e-02,-0.0307813,0.000595938
7.0610e-02,-0.0396875,9.6875e-05
7.0620e-02,-0.035,-0.000544688
7.0630e-02,-0.0323438,-0.0003
7.0640e-02,-0.0210938,-0.000338438
7.0650e-02,-0.0195312,-0.00013375
7.0660e-02,-0.0265625,-0.000102188
7.0670e-02,-0.0165625,-0.00018125
7.0680e-02,-0.0242188,0.000209688
7.0690e-02,-0.0196875,-0.000253438
7.0700e-02,-0.01875,-7.90625e-05
7.0710e-02,-0.0179687,-0.000416563
7.0720e-02,-0.0225,0.000170938
7.0730e-02,-0.0279688,0.000195938
7.0740e-02,-0.0154687,0.000231563
7.0750e-02,-0.0198438,-0.000239688
7.0760e-02,-0.030625,-0.000151563
7.0770e-02,-0.0317188,1e-05
7.0780e-02,-0.0273438,0.000645
7.0790e-02,-0.0223437,-0.0003525
7.0800e-02,-0.02125,-2.21875e-05
7.0810e-02,-0.0303125,0.00016375
7.0820e-02,-0.025625,7.1875e-05
7.0830e-02,-0.0223437,-0.000409688
7.0840e-02,-0.0253125,-0.000225313
7.0850e-02,-0.031875,0.000201875
7.0860e-02,-0.018125,9.96875e-05
7.0870e-02,-0.0123438,7.28125e-05
7.0880e-02,-0.0204688,-8.4375e-05
7.0890e-02,-0.0334375,-2.8125e-06
7.0900e-02,-0.0264062,-5.15625e-05
7.0910e-02,-0.0195312,0.000495313
7.0920e-02,-0.0154687,2.21875e-05
7.0930e-02,-0.0329688,0.000519688
7.0940e-02,-0.0276563,0.000229063
7.0950e-02,-0.0354688,-0.00016125
7.0960e-02,-0.0325,-0.000398438
7.0970e-02,-0.0348437,0.000200625
7.0980e-02,-0.0329688,-0.00032875
7.0990e-02,-0.0223437,-0.000192813
7.1000e-02,-0.0253125,-0.000344688
7.1010e-02,-0.03375,-0.000403438
7.1020e-02,-0.018125,0.000182188
7.1030e-02,-0.0292188,0.00015
7.1040e-02,-0.0285938,9.34375e-05
7.1050e-02,-0.0325,0.000239375
7.1060e-02,-0.0235938,0.000129062
7.1070e-02,-0.0321875,0.000335
7.1080e-02,-0.0275,2.3125e-05
7.1090e-02,-0.031875,0.000474688
7.1100e-02,-0.0195312,0.000109688
7.1110e-02,-0.0271875,0.000435
7.1120e-02,-0.033125,0.000341563
7.1130e-02,-0.0275,0.000754375
7.1140e-02,-0.0276563,0.000140938
7.1150e-02,-0.0270312,3.40625e-05
7.1160e-02,-0.0196875,6.03125e-05
7.1170e-02,-0.0234375,0.000400625
7.1180e-02,-0.0321875,0.000171875
7.1190e-02,-0.0225,0.000810313
7.1200e-02,-0.0309375,0.00018875
7.1210e-02,-0.0235938,-0.000318125
7.1220e-02,-0.0242188,0.000287813
7.1230e-02,-0.030625,0.00024
7.1240e-02,-0.0171875,0.000245938
7.1250e-02,-0.0326562,5.71875e-05
7.1260e-02,-0.02,-0.000455313
7.1270e-02,-0.020625,-0.000463438
7.1280e-02,-0.0278125,-0.00082125
7.1290e-02,-0.0326562,-4.0625e-05
7.1300e-02,-0.0292188,0.00064375
7.1310e-02,-0.0282813,0.00015375
7.1320e-02,-0.0289063,0.00034625
7.1330e-02,-0.0282813,-3.90625e-05
7.1340e-02,-0.0414063,-0.000105625
7.1350e-02,-0.0307813,-8.8125e-05
7.1360e-02,-0.0339062,0.00059375
7.1370e-02,-0.0354688,0.0004325
7.1380e-02,-0.0373438,0.000420313
7.1390e-02,-0.0304688,0.00030375
7.1400e-02,-0.0267187,8.375e-05
7.1410e-02,-0.0342187,-0.000506563
7.1420e-02,-0.0345312,-8.34375e-05
7.1430e-02,-0.025,0.000414375
7.1440e-02,-0.0259375,0.000113438
7.1450e-02,-0.02625,-0.00021625
7.1460e-02,-0.0378125,-0.000311563
7.1470e-02,-0.030625,-0.00066625
7.1480e-02,-0.0404687,-0.000819688
7.1490e-02,-0.033125,-0.000405313
7.1500e-02,-0.02375,3.0625e-05
7.1510e-02,-0.0342187,0.0006475
7.1520e-02,-0.0265625,0.000370938
7.1530e-02,-0.0360938,1.78125e-05
7.1540e-02,-0.0301563,-0.0006225
7.1550e-02,-0.0214063,-4.65625e-05
7.1560e-02,-0.0278125,0.000345938
7.1570e-02,-0.0270312,0.0004775
7.1580e-02,-0.0340625,0.000117188
7.1590e-02,-0.0234375,-0.000454063
7.1600e-02,-0.0314062,-0.000305938
7.1610e-02,-0.041875,-0.000512813
7.1620e-02,-0.028125,0.000175313
7.1630e-02,-0.033125,9.65625e-05
7.1640e-02,-0.030625,0.000186563
7.1650e-02,-0.0354688,0.000358438
7.1660e-02,-0.0375,-0.000534063
7.1670e-02,-0.03375,-0.000575625
7.1680e-02,-0.0403125,-0.00099625
7.1690e-02,-0.0326562,-0.000240938
7.1700e-02,-0.0271875,0.000241875
7.1710e-02,-0.0307813,-0.000217188
7.1720e-02,-0.0335937,0.0003075
7.1730e-02,-0.035625,1.4375e-05
7.1740e-02,-0.0253125,-0.000485625
7.1750e-02,-0.0279688,3.15625e-05
7.1760e-02,-0.02375,0.000120313
7.1770e-02,-0.0346875,0.0003275
7.1780e-02,-0.0284375,0.000335
7.1790e-02,-0.0310937,2.25e-05
7.1800e-02,-0.0409375,0.00011375
7.1810e-02,-0.0404687,-0.000999688
7.1820e-02,-0.0267187,-0.000509063
7.1830e-02,-0.0320312,0.00051875
7.1840e-02,-0.025,0.000430625
7.1850e-02,-0.0301563,-0.000211875
7.1860e-02,-0.0435938,-5e-05
7.1870e-02,-0.0323438,-0.000768125
7.1880e-02,-0.0234375,-0.00099
7.1890e-02,-0.0421875,0.00050125
7.1900e-02,-0.0346875,0.000870625
7.1910e-02,-0.0292188,0.00074875
7.1920e-02,-0.0357813,0.000515938
7.1930e-02,-0.0348437,-0.00106281
7.1940e-02,-0.025,-0.00108531
7.1950e-02,-0.0310937,-0.000329375
7.1960e-02,-0.015625,0.000385
7.1970e-02,-0.0303125,0.000885
7.1980e-02,-0.0270312,0.00046625
7.1990e-02,-0.0245313,-0.000788438
7.2000e-02,-0.0454688,-0.00145688
7.2010e-02,-0.0303125,-0.000755625
7.2020e-02,-0.0309375,-0.000271875
7.2030e-02,-0.0345312,0.00169469
7.2040e-02,-0.0273438,0.00181875
7.2050e-02,-0.033125,0.000442813
7.2060e-02,-0.0389063,-0.00132844
7.2070e-02,-0.0314062,-0.00168594
7.2080e-02,-0.0375,-0.000395313
7.2090e-02,-0.0314062,0.000400938
7.2100e-02,-0.0303125,0.00133594
7.2110e-02,-0.0310937,0.00151594
7.2120e-02,-0.0407813,-1.59375e-05
7.2130e-02,-0.031875,-0.00235438
7.2140e-02,-0.0325,-0.00150375
7.2150e-02,-0.0410937,0.000382813
7.2160e-02,-0.0284375,0.0019025
7.2170e-02,-0.029375,0.00161406
7.2180e-02,-0.048125,-0.00021
7.2190e-02,-0.0414063,-0.00167719
7.2200e-02,-0.039375,-0.00244906
7.2210e-02,-0.0303125,-0.000361563
7.2220e-02,-0.0370313,0.0021925
7.2230e-02,-0.0326562,0.00185313
7.2240e-02,-0.0328125,0.00127344
7.2250e-02,-0.0251563,-0.00178344
7.2260e-02,-0.040625,-0.00321938
7.2270e-02,-0.0365625,-0.00159813
7.2280e-02,-0.0354688,0.00151344
7.2290e-02,-0.0364063,0.00267094
7.2300e-02,-0.034375,0.00223719
7.2310e-02,-0.0340625,-0.000884063
7.2320e-02,-0.0395313,-0.00323906
7.2330e-02,-0.0321875,-0.0032825
7.2340e-02,-0.0267187,-6.6875e-05
7.2350e-02,-0.0351562,0.00294406
7.2360e-02,-0.024375,0.00308719
7.2370e-02,-0.0385937,0.00100656
7.2380e-02,-0.0321875,-0.00252938
7.2390e-02,-0.0351562,-0.00385438
7.2400e-02,-0.0315625,-0.00181063
7.2410e-02,-0.025,0.00234969
7.2420e-02,-0.0342187,0.00496781
7.2430e-02,-0.0220313,0.00374406
7.2440e-02,-0.0326562,-0.00053375
7.2450e-02,-0.0339062,-0.00423844
7.2460e-02,-0.039375,-0.00475031
7.2470e-02,-0.0226562,-0.000695313
7.2480e-02,-0.0253125,0.00347625
7.2490e-02,-0.033125,0.00459188
7.2500e-02,-0.0260937,0.00224344
7.2510e-02,-0.0451563,-0.00238969
7.2520e-02,-0.035625,-0.00514531
7.2530e-02,-0.0335937,-0.003515
7.2540e-02,-0.0375,0.00111375
7.2550e-02,-0.03375,0.00467688
7.2560e-02,-0.0370313,0.00400594
7.2570e-02,-0.0276563,0.000488438
7.2580e-02,-0.04,-0.00348188
7.2590e-02,-0.0271875,-0.00438688
7.2600e-02,-0.040625,-0.0011725
7.2610e-02,-0.0415625,0.00241719
7.2620e-02,-0.0445313,0.00483406
7.2630e-02,-0.0353125,0.00354844
7.2640e-02,-0.0426562,-0.000909063
7.2650e-02,-0.0315625,-0.00402031
7.2660e-02,-0.0314062,-0.00403156
7.2670e-02,-0.0234375,-0.00058125
7.2680e-02,-0.045625,0.00314063
7.2690e-02,-0.0257812,0.00404062
7.2700e-02,-0.0379688,0.000512813
7.2710e-02,-0.03375,-0.00222469
7.2720e-02,-0.0340625,-0.00355469
7.2730e-02,-0.046875,-0.00123469
7.2740e-02,-0.025625,0.00160125
7.2750e-02,-0.028125,0.00345219
7.2760e-02,-0.04125,0.00209625
7.2770e-02,-0.0245313,-0.000516875
7.2780e-02,-0.0335937,-0.00245625
7.2790e-02,-0.02875,-0.00210844
7.2800e-02,-0.0310937,0.000352188
7.2810e-02,-0.03375,0.00282375
7.2820e-02,-0.0290625,0.00270125
7.2830e-02,-0.0326562,0.000665625
7.2840e-02,-0.036875,-0.00127063
7.2850e-02,-0.0345312,-0.00262031
7.2860e-02,-0.0378125,-0.00121438
7.2870e-02,-0.0385937,0.000840625
7.2880e-02,-0.041875,0.0017275
7.2890e-02,-0.0345312,0.00127719
7.2900e-02,-0.0265625,-0.000968438
7.2910e-02,-0.0240625,-0.00215344
7.2920e-02,-0.0315625,-0.00153344
7.2930e-02,-0.03125,0.000406563
7.2940e-02,-0.0464062,0.00223406
7.2950e-02,-0.0320312,0.00107656
7.2960e-02,-0.045625,0.000162813
7.2970e-02,-0.0378125,-0.00168844
7.2980e-02,-0.046875,-0.00180969
7.2990e-02,-0.0359375,-0.000771563
7.3000e-02,-0.0245313,0.00121031
7.3010e-02,-0.0398437,0.00152469
7.3020e-02,-0.0329688,0.00079
7.3030e-02,-0.03,-4.40625e-05
7.3040e-02,-0.0203125,-0.00130563
7.3050e-02,-0.0371875,-0.00106063
7.3060e-02,-0.0328125,0.000265
7.3070e-02,-0.0379688,0.00053125
7.3080e-02,-0.0364063,0.000474063
7.3090e-02,-0.0429688,0.000198438
7.3100e-02,-0.0435938,-0.00109875
7.3110e-02,-0.0457813,-0.00123656
7.3120e-02,-0.040625,-0.000173125
7.3130e-02,-0.034375,0.000268125
7.3140e-02,-0.0254688,0.00051375
7.3150e-02,-0.0365625,0.000339375
7.3160e-02,-0.036875,-0.000274688
7.3170e-02,-0.0414063,-0.000803438
7.3180e-02,-0.0504687,-0.000748125
7.3190e-02,-0.0342187,0.000121875
7.3200e-02,-0.04125,0.000274688
7.3210e-02,-0.0353125,0.000928125
7.3220e-02,-0.0489062,0.000644688
7.3230e-02,-0.040625,-0.000346563
7.3240e-02,-0.0301563,-0.000475938
7.3250e-02,-0.0392187,-0.000262187
7.3260e-02,-0.0390625,0.000227813
7.3270e-02,-0.0421875,0.0008775
7.3280e-02,-0.03625,0.00053375
7.3290e-02,-0.0442188,-0.000121563
7.3300e-02,-0.0475,-0.000280625
7.3310e-02,-0.0365625,-9.21875e-05
7.3320e-02,-0.0398437,-0.000804375
7.3330e-02,-0.0326562,0.000268438
7.3340e-02,-0.0409375,-0.000209688
7.3350e-02,-0.02125,0.00010125
7.3360e-02,-0.0414063,-0.000179688
7.3370e-02,-0.0196875,-0.00021
7.3380e-02,-0.0492188,-0.000879375
7.3390e-02,-0.0285938,-0.00051125
7.3400e-02,-0.0407813,0.000596875
7.3410e-02,-0.0365625,0.000461875
7.3420e-02,-0.044375,0.000446875
7.3430e-02,-0.0314062,-8.5e-05
7.3440e-02,-0.0414063,-0.000222813
7.3450e-02,-0.035625,0.000305313
7.3460e-02,-0.0392187,-0.000110625
7.3470e-02,-0.049375,0.00059
7.3480e-02,-0.040625,-0.000179063
7.3490e-02,-0.0429688,-0.000374688
7.3500e-02,-0.0484375,0.000109688
7.3510e-02,-0.0414063,-0.000184375
7.3520e-02,-0.04125,0.00023875
7.3530e-02,-0.0395313,0.000303125
7.3540e-02,-0.0329688,-0.000295313
7.3550e-02,-0.0448438,-6.875e-06
7.3560e-02,-0.0329688,-0.00020375
7.3570e-02,-0.0404687,-0.000404375
7.3580e-02,-0.0354688,-0.000524063
7.3590e-02,-0.035,0.000769688
7.3600e-02,-0.031875,0.000953125
7.3610e-02,-0.0270312,0.000921875
7.3620e-02,-0.0328125,0.000955625
7.3630e-02,-0.0309375,-0.000394375
7.3640e-02,-0.0365625,-0.000547813
7.3650e-02,-0.0460938,-0.000439375
7.3660e-02,-0.0345312,0.000235313
7.3670e-02,-0.0464062,3.4375e-05
7.3680e-02,-0.0510938,8.46875e-05
7.3690e-02,-0.0503125,5e-06
7.3700e-02,-0.0282813,-5.40625e-05
7.3710e-02,-0.0357813,-0.000337188
7.3720e-02,-0.0339062,-0.000631875
7.3730e-02,-0.0407813,0.000503438
7.3740e-02,-0.04,0.000501563
7.3750e-02,-0.0334375,0.000185313
7.3760e-02,-0.028125,0.000245313
7.3770e-02,-0.0371875,-8.6875e-05
7.3780e-02,-0.0398437,-9.6875e-05
7.3790e-02,-0.0334375,0.000225938
7.3800e-02,-0.034375,0.000209688
7.3810e-02,-0.0240625,0.000551563
7.3820e-02,-0.0346875,-0.000778125
7.3830e-02,-0.0270312,-0.000669063
7.3840e-02,-0.0435938,-2.28125e-05
7.3850e-02,-0.0460938,0.000155938
7.3860e-02,-0.0404687,0.0001075
7.3870e-02,-0.0354688,0.00012125
7.3880e-02,-0.039375,7.75e-05
7.3890e-02,-0.0396875,0.000200313
7.3900e-02,-0.0403125,-0.000593125
7.3910e-02,-0.0460938,-0.00099625
7.3920e-02,-0.039375,4.4375e-05
7.3930e-02,-0.0495312,0.0002825
7.3940e-02,-0.048125,6.09375e-05
7.3950e-02,-0.0409375,-0.000375313
7.3960e-02,-0.036875,-0.00036375
7.3970e-02,-0.0523437,-0.000387813
7.3980e-02,-0.0353125,-0.000540312
7.3990e-02,-0.0476562,-0.000265313
7.4000e-02,-0.0334375,0.000925313
7.4010e-02,-0.0320312,5.25e-05
7.4020e-02,-0.0357813,0.00013375
7.4030e-02,-0.0334375,0.000319688
7.4040e-02,-0.0390625,0.000111563
7.4050e-02,-0.0459375,-9.5625e-05
7.4060e-02,-0.0535937,-0.000384688
7.4070e-02,-0.0448438,0.000340313
7.4080e-02,-0.035,-0.000634063
7.4090e-02,-0.0367188,-0.00032875
7.4100e-02,-0.0515625,-0.000322188
7.4110e-02,-0.046875,-0.00042125
7.4120e-02,-0.0439063,0.000495938
7.4130e-02,-0.0357813,0.00011
7.4140e-02,-0.03875,8.4375e-06
7.4150e-02,-0.0421875,-0.000168438
7.4160e-02,-0.0448438,0.000147188
7.4170e-02,-0.043125,8.78125e-05
7.4180e-02,-0.0304688,0.0005725
7.4190e-02,-0.0375,-0.00024375
7.4200e-02,-0.0345312,-0.000613125
7.4210e-02,-0.0298438,-0.000171875
7.4220e-02,-0.035625,-3e-05
7.4230e-02,-0.0303125,0.000264688
7.4240e-02,-0.0346875,0.00058875
7.4250e-02,-0.0321875,0.000268125
7.4260e-02,-0.0215625,0.000252188
7.4270e-02,-0.0440625,0.00059
7.4280e-02,-0.025625,-0.00015375
7.4290e-02,-0.0385937,-0.000505313
7.4300e-02,-0.0478125,-0.000275938
7.4310e-02,-0.0301563,-0.000148125
7.4320e-02,-0.0354688,-0.0003975
7.4330e-02,-0.0375,0.000426875
7.4340e-02,-0.05,-5.21875e-05
7.4350e-02,-0.0357813,-0.000251562
7.4360e-02,-0.0365625,7.875e-05
7.4370e-02,-0.0260937,0.0005225
7.4380e-02,-0.041875,0.000429688
7.4390e-02,-0.0278125,0.000431875
7.4400e-02,-0.0329688,0.000340313
7.4410e-02,-0.0328125,9.4375e-05
7.4420e-02,-0.0401563,0.000699063
7.4430e-02,-0.034375,-0.000333125
7.4440e-02,-0.0421875,0.000145
7.4450e-02,-0.03125,8.78125e-05
7.4460e-02,-0.0325,4.875e-05
7.4470e-02,-0.0442188,9.21875e-05
7.4480e-02,-0.0354688,0.000241563
7.4490e-02,-0.0353125,-0.000158125
7.4500e-02,-0.0328125,1.46875e-05
7.4510e-02,-0.0379688,0.000137813
7.4520e-02,-0.0454688,4.6875e-05
7.4530e-02,-0.041875,8.75e-05
7.4540e-02,-0.0559375,-8e-05
7.4550e-02,-0.0464062,-4.3125e-05
7.4560e-02,-0.0310937,-3.90625e-05
7.4570e-02,-0.049375,0.000329688
7.4580e-02,-0.0390625,2.34375e-05
7.4590e-02,-0.0435938,-0.000126875
7.4600e-02,-0.034375,0.000318125
7.4610e-02,-0.0410937,-5.75e-05
7.4620e-02,-0.043125,-3.25e-05
7.4630e-02,-0.0403125,3.46875e-05
7.4640e-02,-0.0370313,-6.875e-06
7.4650e-02,-0.0326562,0.000319063
7.4660e-02,-0.0440625,0.000113125
7.4670e-02,-0.0409375,-0.000398125
7.4680e-02,-0.0390625,-0.000462813
7.4690e-02,-0.0501562,-0.000269375
7.4700e-02,-0.0389063,-0.000112813
7.4710e-02,-0.0340625,0.000156563
7.4720e-02,-0.0439063,0.000364375
7.4730e-02,-0.035,0.00018625
7.4740e-02,-0.0339062,-0.000221875
7.4750e-02,-0.0496875,3.46875e-05
7.4760e-02,-0.0467188,-0.000155625
7.4770e-02,-0.0475,0.000380938
7.4780e-02,-0.0435938,0.000272188
7.4790e-02,-0.0396875,-0.00025625
7.4800e-02,-0.0334375,0.00033375
7.4810e-02,-0.0496875,0.000583438
7.4820e-02,-0.0401563,0.000179688
7.4830e-02,-0.0415625,0.000409688
7.4840e-02,-0.04,-0.000208125
7.4850e-02,-0.029375,0.000564063
7.4860e-02,-0.0292188,0.000282813
7.4870e-02,-0.0382813,-0.000209688
7.4880e-02,-0.0421875,0.00031
7.4890e-02,-0.0384375,0.000259063
7.4900e-02,-0.04,-0.000155
7.4910e-02,-0.038125,0.000707813
7.4920e-02,-0.0467188,0.00048
7.4930e-02,-0.0520313,0.000593125
7.4940e-02,-0.0448438,4.9375e-05
7.4950e-02,-0.0415625,-0.00073625
7.4960e-02,-0.04375,1.875e-05
7.4970e-02,-0.0484375,-7.9375e-05
7.4980e-02,-0.0504687,-0.000126563
7.4990e-02,-0.0403125,0.000627188
7.5000e-02,-0.0453125,0.000400938
7.5010e-02,-0.046875,8.6875e-05
7.5020e-02,-0.0507812,-0.0002375
7.5030e-02,-0.024375,5.65625e-05
7.5040e-02,-0.0301563,5.0625e-05
7.5050e-02,-0.0385937,-0.00031125
7.5060e-02,-0.04625,-0.000219375
7.5070e-02,-0.0371875,-0.00021
7.5080e-02,-0.0420312,-0.000507813
7.5090e-02,-0.0457813,-0.000160313
7.5100e-02,-0.0484375,0.000642813
7.5110e-02,-0.0479688,0.000298125
7.5120e-02,-0.0478125,0.000175625
7.5130e-02,-0.0446875,0.000276563
7.5140e-02,-0.046875,9.0625e-06
7.5150e-02,-0.0317188,0.00016875
7.5160e-02,-0.0407813,0.000553438
7.5170e-02,-0.033125,0.000263125
7.5180e-02,-0.0367188,-0.000331563
7.5190e-02,-0.0295313,-0.000252188
7.5200e-02,-0.0321875,-0.000430313
7.5210e-02,-0.029375,-0.000183438
7.5220e-02,-0.04125,4.875e-05
7.5230e-02,-0.0442188,-0.000210938
7.5240e-02,-0.0401563,0.000436875
7.5250e-02,-0.0353125,-0.000337813
7.5260e-02,-0.0385937,-0.000175938
7.5270e-02,-0.03375,0.00012125
7.5280e-02,-0.039375,7.375e-05
7.5290e-02,-0.04375,-4.75e-05
7.5300e-02,-0.0440625,-0.000104375
7.5310e-02,-0.0375,-0.000375938
7.5320e-02,-0.0404687,-0.000493125
7.5330e-02,-0.0407813,-0.00108031
7.5340e-02,-0.0504687,-0.000106563
7.5350e-02,-0.048125,0.000377188
7.5360e-02,-0.0367188,0.0008125
7.5370e-02,-0.0260937,0.000361563
7.5380e-02,-0.0357813,1.1875e-05
7.5390e-02,-0.0385937,6.5e-05
7.5400e-02,-0.0328125,-2.34375e-05
7.5410e-02,-0.0267187,-0.000631875
7.5420e-02,-0.0379688,-8.375e-05
7.5430e-02,-0.0307813,-0.000315938
7.5440e-02,-0.0509375,-9.96875e-05
7.5450e-02,-0.0278125,-0.000210313
7.5460e-02,-0.0467188,-0.000305938
7.5470e-02,-0.0479688,-7.40625e-05
7.5480e-02,-0.0284375,-3.9375e-05
7.5490e-02,-0.0389063,6.90625e-05
7.5500e-02,-0.04125,-0.000156563
7.5510e-02,-0.0445313,-0.000518438
7.5520e-02,-0.045,-0.000315
7.5530e-02,-0.0289063,-0.000100625
7.5540e-02,-0.0403125,6.25e-05
7.5550e-02,-0.0329688,9.6875e-05
7.5560e-02,-0.0325,-0.000318438
7.5570e-02,-0.0465625,0.000345313
7.5580e-02,-0.04125,-0.000318438
7.5590e-02,-0.0396875,-0.000104375
7.5600e-02,-0.039375,-4.90625e-05
7.5610e-02,-0.0389063,0.000484688
7.5620e-02,-0.0248438,-3.875e-05
7.5630e-02,-0.0390625,0.000131875
7.5640e-02,-0.0382813,-0.000216563
7.5650e-02,-0.0370313,-0.000418125
7.5660e-02,-0.0376563,-0.0003025
7.5670e-02,-0.0510938,5.09375e-05
7.5680e-02,-0.0354688,7.71875e-05
7.5690e-02,-0.0335937,0.00066
7.5700e-02,-0.050625,0.000517813
7.5710e-02,-0.0395313,0.000145625
7.5720e-02,-0.0451563,-0.000160625
7.5730e-02,-0.039375,-4.71875e-05
7.5740e-02,-0.05125,-0.000247813
7.5750e-02,-0.0360938,0.000283437
7.5760e-02,-0.0339062,0.000435625
7.5770e-02,-0.043125,0.000139688
7.5780e-02,-0.0285938,-0.0001825
7.5790e-02,-0.0426562,-0.000175938
7.5800e-02,-0.0365625,-0.000717188
7.5810e-02,-0.0404687,-0.000500625
7.5820e-02,-0.0396875,-0.000232188
7.5830e-02,-0.0445313,0.000299063
7.5840e-02,-0.0282813,0.000164688
7.5850e-02,-0.0395313,-0.000139688
7.5860e-02,-0.0475,-0.00039375
7.5870e-02,-0.0423437,-0.000311875
7.5880e-02,-0.0484375,-0.000381875
7.5890e-02,-0.0426562,0.000510937
7.5900e-02,-0.0484375,0.000646563
7.5910e-02,-0.0473438,-0.000583125
7.5920e-02,-0.0421875,-0.000595313
7.5930e-02,-0.0539063,-0.001075
7.5940e-02,-0.0389063,-0.000395
7.5950e-02,-0.0414063,-0.00021
7.5960e-02,-0.0426562,0.00095875
7.5970e-02,-0.044375,0.000562188
7.5980e-02,-0.0370313,-0.000400625
7.5990e-02,-0.0434375,-0.000977813
7.6000e-02,-0.0459375,2.28125e-05
7.6010e-02,-0.0310937,-0.000182188
7.6020e-02,-0.0401563,0.000853438
7.6030e-02,-0.03125,0.000368438
7.6040e-02,-0.038125,0.000713438
7.6050e-02,-0.0267187,-0.000325938
7.6060e-02,-0.0317188,-0.00078125
7.6070e-02,-0.0354688,-0.000327188
7.6080e-02,-0.0507812,0.000453438
7.6090e-02,-0.04875,0.00169
7.6100e-02,-0.0404687,0.000679063
7.6110e-02,-0.0410937,-0.00045625
7.6120e-02,-0.0382813,-0.00113594
7.6130e-02,-0.036875,-0.00032
7.6140e-02,-0.0440625,-7.65625e-05
7.6150e-02,-0.0478125,0.00137063
7.6160e-02,-0.0440625,0.00123188
7.6170e-02,-0.0389063,-2.96875e-05
7.6180e-02,-0.046875,-0.00117344
7.6190e-02,-0.055,-0.00151781
7.6200e-02,-0.0404687,-0.000324375
7.6210e-02,-0.044375,0.00123531
7.6220e-02,-0.0354688,0.00201406
7.6230e-02,-0.04125,0.000644375
7.6240e-02,-0.0359375,-0.000887813
7.6250e-02,-0.0390625,-0.00163875
7.6260e-02,-0.0378125,-0.00096875
7.6270e-02,-0.0490625,0.000661563
7.6280e-02,-0.0470312,0.00228406
7.6290e-02,-0.0435938,0.00162094
7.6300e-02,-0.0332812,-0.00044375
7.6310e-02,-0.0479688,-0.00219469
7.6320e-02,-0.05125,-0.00216813
7.6330e-02,-0.0460938,-0.0006925
7.6340e-02,-0.046875,0.00165188
7.6350e-02,-0.0379688,0.00192188
7.6360e-02,-0.039375,0.00070625
7.6370e-02,-0.059375,-0.002015
7.6380e-02,-0.0496875,-0.00289219
7.6390e-02,-0.0298438,-0.00171375
7.6400e-02,-0.0359375,0.00102656
7.6410e-02,-0.0454688,0.0029275
7.6420e-02,-0.0520313,0.0032475
7.6430e-02,-0.04125,0.00292469
7.6440e-02,-0.0348437,0.00315188
7.6450e-02,-0.0340625,0.00285094
7.6460e-02,-0.0421875,0.00298969
7.6470e-02,-0.034375,0.00287969
7.6480e-02,-0.0371875,0.00296969
7.6490e-02,-0.612187,0.00299344
7.6500e-02,-0.200781,-0.00222719
7.6510e-02,-1.35859,-0.00500375
7.6520e-02,-1.56844,-0.00699594
7.6530e-02,-0.146875,-0.00805344
7.6540e-02,0.101094,-0.00763625
7.6550e-02,0.112969,-0.00753969
7.6560e-02,0.0834375,-0.00769469
7.6570e-02,0.0653125,-0.00749781
7.6580e-02,0.0789062,-0.00746125
7.6590e-02,0.0590625,-0.00760625
7.6600e-02,0.0610938,-0.00757656
7.6610e-02,0.049375,-0.0074425
7.6620e-02,0.0557813,-0.00748594
7.6630e-02,0.06,-0.00774469
7.6640e-02,0.034375,-0.00747406
7.6650e-02,0.0290625,-0.00757938
7.6660e-02,0.0467188,-0.00743969
7.6670e-02,0.0298437,-0.00747344
7.6680e-02,0.0289062,-0.00765188
7.6690e-02,0.0209375,-0.00747625
7.6700e-02,0.02625,-0.00750344
7.6710e-02,0.031875,-0.0073475
7.6720e-02,0.039375,-0.00737531
7.6730e-02,0.0242188,-0.00739688
7.6740e-02,0.0148437,-0.0074625
7.6750e-02,0.0282812,-0.003245
7.6760e-02,0.00796875,0.00135469
7.6770e-02,0.0173438,0.000720625
7.6780e-02,0.0153125,-0.00150031
7.6790e-02,0.0134375,-0.00338688
7.6800e-02,0.01125,-0.00253719
7.6810e-02,0.0053125,0.0004675
7.6820e-02,0.036875,0.00234406
7.6830e-02,0.015,0.00207969
7.6840e-02,0.0117188,0.000279688
7.6850e-02,0.019375,-0.00229031
7.6860e-02,0.006875,-0.00264
7.6870e-02,0.00703125,-0.00086625
7.6880e-02,0.003125,0.00119156
7.6890e-02,0.00640625,0.0024275
7.6900e-02,0.00953125,0.00133719
7.6910e-02,0.0184375,-0.000981563
7.6920e-02,0.010625,-0.0018575
7.6930e-02,0.0109375,-0.000847188
7.6940e-02,0.0028125,0.00028125
7.6950e-02,0.008125,0.00154781
7.6960e-02,-0.00125,0.00164438
7.6970e-02,0.014375,5.6875e-05
7.6980e-02,0.0134375,-0.00128844
7.6990e-02,0.00140625,-0.00135375
7.7000e-02,-0.00359375,0.000145
7.7010e-02,-0.01375,0.00126594
7.7020e-02,0.010625,0.000885938
7.7030e-02,-0.0040625,0.000410938
7.7040e-02,0.015625,-0.000551563
7.7050e-02,-0.0104688,-0.000709375
7.7060e-02,-0.00796875,-0.000705625
7.7070e-02,-0.00578125,0.000725
7.7080e-02,-0.0121875,0.00113219
7.7090e-02,-0.004375,0.000157188
7.7100e-02,0.00328125,0.000116563
7.7110e-02,0.00109375,-0.000629688
7.7120e-02,-0.010625,-0.000274063
7.7130e-02,-0.00140625,-8.34375e-05
7.7140e-02,-0.00921875,0.000195938
7.7150e-02,-0.00265625,0.00093
7.7160e-02,-0.00734375,0.0003225
7.7170e-02,-0.0078125,-0.000523125
7.7180e-02,-0.00875,-0.000438125
7.7190e-02,-0.00359375,-0.000675938
7.7200e-02,-0.00578125,0.000485625
7.7210e-02,-0.01,0.00079875
7.7220e-02,-0.00828125,0.000380313
7.7230e-02,-0.0160938,1.8125e-05
7.7240e-02,-0.0075,0.000233125
7.7250e-02,-0.0114062,-0.000217188
7.7260e-02,0.000625,-3.125e-07
7.7270e-02,-0.00609375,0.000146875
7.7280e-02,0.0009375,0.000405938
7.7290e-02,-0.0125,0.000543125
7.7300e-02,-0.0065625,-5.71875e-05
7.7310e-02,-0.00453125,6.65625e-05
7.7320e-02,-0.0126563,-0.000500938
7.7330e-02,-0.01,-0.000344375
7.7340e-02,-0.0215625,-0.000465
7.7350e-02,-0.0207813,9.375e-06
7.7360e-02,-0.0160938,0.00058875
7.7370e-02,-0.0134375,8.125e-05
7.7380e-02,-0.00609375,-0.000185938
7.7390e-02,-0.0140625,-0.000148438
7.7400e-02,-0.01125,0.000352188
7.7410e-02,-0.014375,0.00036125
7.7420e-02,-0.0142188,0.000758438
7.7430e-02,-0.0184375,0.000393125
7.7440e-02,-0.0151562,0.000253125
7.7450e-02,-0.01375,0.000194063
7.7460e-02,-0.014375,0.00012125
7.7470e-02,-0.0139063,-0.000174375
7.7480e-02,-0.015625,0.000470938
7.7490e-02,-0.0176563,0.000540625
7.7500e-02,-0.00234375,-0.0001275
7.7510e-02,-0.0229687,-0.000353125
7.7520e-02,-0.0176563,-0.000220938
7.7530e-02,-0.0175,-0.000313125
7.7540e-02,-0.0148437,-0.000203438
7.7550e-02,-0.0165625,-1.375e-05
7.7560e-02,-0.0175,4.125e-05
7.7570e-02,-0.0146875,-0.00039875
7.7580e-02,-0.0123438,-1.34375e-05
7.7590e-02,-0.0117188,-0.000830313
7.7600e-02,-0.00578125,-0.00036125
7.7610e-02,-0.00796875,-1.375e-05
7.7620e-02,-0.0157813,0.000416563
7.7630e-02,-0.0170313,-8.53125e-05
7.7640e-02,-0.0314062,0.000313125
7.7650e-02,-0.0201563,0.000204375
7.7660e-02,-0.0225,-1.53125e-05
7.7670e-02,-0.0170313,0.000304063
7.7680e-02,-0.0201563,0.000347813
7.7690e-02,-0.019375,7.875e-05
7.7700e-02,-0.0170313,1.375e-05
7.7710e-02,-0.00625,-0.000426563
7.7720e-02,-0.0228125,-0.000293438
7.7730e-02,-0.0126563,-0.000445
7.7740e-02,-0.020625,0.000549375
7.7750e-02,-0.015625,-0.00015
7.7760e-02,-0.01,-0.000439375
7.7770e-02,-0.016875,-0.000340313
7.7780e-02,-0.0226562,-0.000444063
7.7790e-02,-0.0198438,-0.00049375
7.7800e-02,-0.0225,-0.000265313
7.7810e-02,-0.0165625,-0.0001625
7.7820e-02,-0.0175,0.000204688
7.7830e-02,-0.0239063,0.000110313
7.7840e-02,-0.024375,0.00016625
7.7850e-02,-0.0226562,-0.000349688
7.7860e-02,-0.0084375,-0.000372813
7.7870e-02,-0.013125,0.000131563
7.7880e-02,-0.0190625,0.000209375
7.7890e-02,-0.016875,0.00041125
7.7900e-02,-0.016875,0.000234375
7.7910e-02,-0.020625,-0.000477813
7.7920e-02,-0.0146875,-8.09375e-05
7.7930e-02,-0.0209375,0.000390625
7.7940e-02,-0.0196875,0.0003325
7.7950e-02,-0.0164063,0.000615938
7.7960e-02,-0.0215625,-5.15625e-05
7.7970e-02,-0.02,-0.000365938
7.7980e-02,-0.018125,0.000100625
7.7990e-02,-0.030625,-0.00012125
7.8000e-02,-0.0140625,0.000165625
7.8010e-02,-0.0309375,0.000148438
7.8020e-02,-0.0232812,0.00051125
7.8030e-02,-0.0239063,0.000318438
7.8040e-02,-0.0223437,-0.000495313
7.8050e-02,-0.0271875,-0.000146563
7.8060e-02,-0.0182812,-0.00055375
7.8070e-02,-0.0232812,0.000464063
7.8080e-02,-0.0190625,-0.000120625
7.8090e-02,-0.0071875,-0.000303438
7.8100e-02,-0.010625,2.5e-05
7.8110e-02,-0.0253125,-0.000354688
7.8120e-02,-0.0298438,0.000545625
7.8130e-02,-0.029375,0.000147188
7.8140e-02,-0.03,0.000406875
7.8150e-02,-0.0320312,6.875e-06
7.8160e-02,-0.0229687,-0.000268438
7.8170e-02,-0.0226562,-0.000239063
7.8180e-02,-0.0278125,-0.000184063
7.8190e-02,-0.0198438,0.00016875
7.8200e-02,-0.0275,0.000102813
7.8210e-02,-0.031875,0.0004425
7.8220e-02,-0.0204688,0.000177813
7.8230e-02,-0.0225,2.21875e-05
7.8240e-02,-0.0278125,0.000870938
7.8250e-02,-0.0310937,0.000245938
7.8260e-02,-0.029375,0.000140625
7.8270e-02,-0.0303125,-0.0001925
7.8280e-02,-0.0196875,0.000219688
7.8290e-02,-0.0140625,0.000477188
7.8300e-02,-0.02875,-0.000309063
7.8310e-02,-0.0207813,0.000184688
7.8320e-02,-0.0260937,-0.000267813
7.8330e-02,-0.0348437,0.00048625
7.8340e-02,-0.0225,6.125e-05
7.8350e-02,-0.0279688,-9.625e-05
7.8360e-02,-0.0184375,0.000155
7.8370e-02,-0.0232812,-0.000488125
7.8380e-02,-0.0275,-9.90625e-05
7.8390e-02,-0.00796875,0.000467813
7.8400e-02,-0.0415625,0.000125313
7.8410e-02,-0.0214063,0.000517188
7.8420e-02,-0.0207813,0.000343438
7.8430e-02,-0.02125,0.000127188
7.8440e-02,-0.0248438,0.000934375
7.8450e-02,-0.0320312,0.000313125
7.8460e-02,-0.0278125,-3.71875e-05
7.8470e-02,-0.0125,-0.000163125
7.8480e-02,-0.0242188,1.78125e-05
7.8490e-02,-0.03,-0.000159688
7.8500e-02,-0.0260937,0.00026875
7.8510e-02,-0.0296875,7.34375e-05
7.8520e-02,-0.0321875,-0.000212188
7.8530e-02,-0.028125,0.000257188
7.8540e-02,-0.028125,5.125e-05
7.8550e-02,-0.0340625,-0.0002425
7.8560e-02,-0.025,-8.125e-05
7.8570e-02,-0.029375,0.000192188
7.8580e-02,-0.0320312,-5.40625e-05
7.8590e-02,-0.025,-8.03125e-05
7.8600e-02,-0.0182812,2.15625e-05
7.8610e-02,-0.02,0.00030875
7.8620e-02,-0.0275,-0.00016125
7.8630e-02,-0.024375,-9.625e-05
7.8640e-02,-0.0195312,0.000270313
7.8650e-02,-0.03375,0.000264375
7.8660e-02,-0.0232812,0.000434063
7.8670e-02,-0.0239063,0.000231875
7.8680e-02,-0.0201563,1.25e-05
7.8690e-02,-0.0295313,0.000345313
7.8700e-02,-0.0240625,0.000374375
7.8710e-02,-0.0171875,2.34375e-05
7.8720e-02,-0.029375,-0.00023
7.8730e-02,-0.0223437,-0.0003575
7.8740e-02,-0.03,-0.000191875
7.8750e-02,-0.0260937,7.4375e-05
7.8760e-02,-0.034375,-0.000369375
7.8770e-02,-0.0257812,4.375e-05
7.8780e-02,-0.0240625,7.21875e-05
7.8790e-02,-0.0332812,0.000151875
7.8800e-02,-0.0275,-0.00048375
7.8810e-02,-0.0289063,7.8125e-06
7.8820e-02,-0.0273438,0.0005125
7.8830e-02,-0.0242188,2.65625e-05
7.8840e-02,-0.0334375,0.00061875
7.8850e-02,-0.0332812,0.0003075
7.8860e-02,-0.0351562,0.000171875
7.8870e-02,-0.0292188,1.125e-05
7.8880e-02,-0.0359375,-0.000329063
7.8890e-02,-0.0292188,-0.000197188
7.8900e-02,-0.0335937,-0.0003125
7.8910e-02,-0.0239063,-0.000497812
7.8920e-02,-0.0195312,-0.000423125
7.8930e-02,-0.0414063,-0.0002475
7.8940e-02,-0.0284375,0.000178438
7.8950e-02,-0.0210938,-0.000481563
7.8960e-02,-0.0439063,-0.000419063
7.8970e-02,-0.0228125,-0.000260313
7.8980e-02,-0.0315625,-1.03125e-05
7.8990e-02,-0.0321875,0.000251875
7.9000e-02,-0.0225,-0.000166875
7.9010e-02,-0.0192187,-0.000629063
7.9020e-02,-0.018125,0.000468125
7.9030e-02,-0.0375,4.84375e-05
7.9040e-02,-0.034375,0.000641563
7.9050e-02,-0.0354688,0.000819375
7.9060e-02,-0.0195312,0.000454375
7.9070e-02,-0.0342187,4.65625e-05
7.9080e-02,-0.02625,-0.000480313
7.9090e-02,-0.0310937,-1.875e-06
7.9100e-02,-0.0359375,-0.0002775
7.9110e-02,-0.0321875,-0.00023875
7.9120e-02,-0.0290625,0.000258438
7.9130e-02,-0.0415625,-0.000135938
7.9140e-02,-0.0296875,-6.3125e-05
7.9150e-02,-0.031875,0.000333125
7.9160e-02,-0.0185937,-4.0625e-06
7.9170e-02,-0.0340625,-3.15625e-05
7.9180e-02,-0.03875,-3.28125e-05
7.9190e-02,-0.0221875,0.000475625
7.9200e-02,-0.0329688,0.000450625
7.9210e-02,-0.028125,-0.000444063
7.9220e-02,-0.0401563,0.000221563
7.9230e-02,-0.0309375,0.000284375
7.9240e-02,-0.0109375,0.00018
7.9250e-02,-0.0229687,-0.000206875
7.9260e-02,-0.0365625,0.000222813
7.9270e-02,-0.0307813,0.00020625
7.9280e-02,-0.0375,-0.000252188
7.9290e-02,-0.0257812,-0.000195938
7.9300e-02,-0.0428125,-0.00013375
7.9310e-02,-0.0315625,7.9375e-05
7.9320e-02,-0.0403125,-8.03125e-05
7.9330e-02,-0.0328125,-0.000452813
7.9340e-02,-0.02625,-0.000466875
7.9350e-02,-0.0385937,-0.000401563
7.9360e-02,-0.020625,5.96875e-05
7.9370e-02,-0.0265625,0.000254688
7.9380e-02,-0.03375,-2.71875e-05
7.9390e-02,-0.0376563,0.000249375
7.9400e-02,-0.0189062,0.000213125
7.9410e-02,-0.038125,-0.000257813
7.9420e-02,-0.0421875,-0.000305
7.9430e-02,-0.0414063,0.000848438
7.9440e-02,-0.0279688,0.000395
7.9450e-02,-0.0265625,-0.000209688
7.9460e-02,-0.03,0.000236563
7.9470e-02,-0.0278125,-0.000396875
7.9480e-02,-0.0270312,5.40625e-05
7.9490e-02,-0.03625,-0.000359688
7.9500e-02,-0.0267187,-0.00011125
7.9510e-02,-0.0295313,0.000352188
7.9520e-02,-0.0348437,-0.000233125
7.9530e-02,-0.0253125,0.000141875
7.9540e-02,-0.038125,-0.000400938
7.9550e-02,-0.026875,-7.8125e-06
7.9560e-02,-0.0365625,2.1875e-05
7.9570e-02,-0.0348437,7.9375e-05
7.9580e-02,-0.0348437,0.000416563
7.9590e-02,-0.0265625,-7.25e-05
7.9600e-02,-0.0273438,-0.00019125
7.9610e-02,-0.0364063,-1.8125e-05
7.9620e-02,-0.025,6.09375e-05
7.9630e-02,-0.0292188,0.000361875
7.9640e-02,-0.0282813,0.0004825
7.9650e-02,-0.0332812,0.000445625
7.9660e-02,-0.0270312,-0.00016375
7.9670e-02,-0.0292188,-0.000278438
7.9680e-02,-0.0189062,-0.00016625
7.9690e-02,-0.0353125,-0.000128437
7.9700e-02,-0.0384375,0.000156875
7.9710e-02,-0.0325,0.000132188
7.9720e-02,-0.0267187,0.0001425
7.9730e-02,-0.0284375,0.000181875
7.9740e-02,-0.0160938,-0.000169375
7.9750e-02,-0.0503125,-0.0002175
7.9760e-02,-0.0398437,-7.0625e-05
7.9770e-02,-0.02875,0.000489687
7.9780e-02,-0.03625,0.000534063
7.9790e-02,-0.0351562,0.000306875
7.9800e-02,-0.0375,8.15625e-05
7.9810e-02,-0.0342187,-0.000181875
7.9820e-02,-0.034375,-0.000451563
7.9830e-02,-0.0434375,0.000491875
7.9840e-02,-0.0367188,8.78125e-05
7.9850e-02,-0.02375,9.71875e-05
7.9860e-02,-0.026875,-0.000519375
7.9870e-02,-0.0404687,-0.000680625
7.9880e-02,-0.0421875,-0.000774688
7.9890e-02,-0.0292188,0.000474063
7.9900e-02,-0.0340625,0.000305
7.9910e-02,-0.0467188,0.00130594
7.9920e-02,-0.0323438,-0.000137188
7.9930e-02,-0.036875,-0.000703125
7.9940e-02,-0.0267187,-0.00072
7.9950e-02,-0.0315625,-0.000424688
7.9960e-02,-0.046875,-0.000126563
7.9970e-02,-0.0303125,0.000880625
7.9980e-02,-0.0323438,0.000818125
7.9990e-02,-0.0278125,5.25e-05
8.0000e-02,-0.0292188,-0.00134281
8.0010e-02,-0.0364063,-0.00138781
8.0020e-02,-0.0317188,0.0003425
8.0030e-02,-0.0340625,0.00101844
8.0040e-02,-0.029375,0.00173875
8.0050e-02,-0.0332812,0.000651563
8.0060e-02,-0.03625,-0.00113031
8.0070e-02,-0.02875,-0.00173938
8.0080e-02,-0.04,-0.00107
8.0090e-02,-0.0335937,0.000255625
8.0100e-02,-0.0265625,0.00183
8.0110e-02,-0.0321875,0.000896875
8.0120e-02,-0.03375,6e-05
8.0130e-02,-0.035,-0.00170406
8.0140e-02,-0.035,-0.000724375
8.0150e-02,-0.033125,0.00047
8.0160e-02,-0.0384375,0.0022425
8.0170e-02,-0.0415625,0.00179594
8.0180e-02,-0.0334375,0.0001425
8.0190e-02,-0.0310937,-0.00169031
8.0200e-02,-0.0465625,-0.00199188
8.0210e-02,-0.0339062,-0.0008325
8.0220e-02,-0.03375,0.00117031
8.0230e-02,-0.0254688,0.00278219
8.0240e-02,-0.0315625,0.00169344
8.0250e-02,-0.0303125,-0.00107344
8.0260e-02,-0.0398437,-0.00306875
8.0270e-02,-0.0475,-0.00213625
8.0280e-02,-0.0482812,0.000721563
8.0290e-02,-0.0226562,0.00280469
8.0300e-02,-0.0360938,0.00264969
8.0310e-02,-0.0323438,-0.000265313
8.0320e-02,-0.0289063,-0.00289375
8.0330e-02,-0.035625,-0.0032975
8.0340e-02,-0.0357813,-0.000951875
8.0350e-02,-0.0228125,0.00272719
8.0360e-02,-0.0326562,0.00380781
8.0370e-02,-0.035625,0.00132063
8.0380e-02,-0.0342187,-0.00222813
8.0390e-02,-0.0257812,-0.00475531
8.0400e-02,-0.0271875,-0.00304531
8.0410e-02,-0.0378125,0.000819688
8.0420e-02,-0.0340625,0.00442188
8.0430e-02,-0.033125,0.00343813
8.0440e-02,-0.0404687,0.000160625
8.0450e-02,-0.0407813,-0.0034225
8.0460e-02,-0.0315625,-0.0046875
8.0470e-02,-0.0307813,-0.00128188
8.0480e-02,-0.0353125,0.00343594
8.0490e-02,-0.0307813,0.00537813
8.0500e-02,-0.033125,0.00278594
8.0510e-02,-0.0289063,-0.00168219
8.0520e-02,-0.0346875,-0.00534313
8.0530e-02,-0.0292188,-0.00420344
8.0540e-02,-0.0296875,0.000244688
8.0550e-02,-0.026875,0.00466719
8.0560e-02,-0.0307813,0.0048975
8.0570e-02,-0.028125,0.00182875
8.0580e-02,-0.0426562,-0.00297906
8.0590e-02,-0.0353125,-0.00517125
8.0600e-02,-0.0223437,-0.00248625
8.0610e-02,-0.03375,0.00201125
8.0620e-02,-0.0275,0.00448719
8.0630e-02,-0.0364063,0.00286281
8.0640e-02,-0.0376563,-0.000615938
8.0650e-02,-0.0398437,-0.00438531
8.0660e-02,-0.03125,-0.00367
8.0670e-02,-0.0354688,-0.000726563
8.0680e-02,-0.0279688,0.00278375
8.0690e-02,-0.03625,0.00424375
8.0700e-02,-0.0467188,0.0015475
8.0710e-02,-0.048125,-0.00147313
8.0720e-02,-0.028125,-0.00371313
8.0730e-02,-0.0434375,-0.00159875
8.0740e-02,-0.0445313,0.000980313
8.0750e-02,-0.0439063,0.00328938
8.0760e-02,-0.01875,0.00275063
8.0770e-02,-0.035625,-0.000495938
8.0780e-02,-0.0334375,-0.002565
8.0790e-02,-0.0360938,-0.00282844
8.0800e-02,-0.031875,-0.000640938
8.0810e-02,-0.0321875,0.0015875
8.0820e-02,-0.0232812,0.00197875
8.0830e-02,-0.033125,0.000532813
8.0840e-02,-0.0367188,-0.00136594
8.0850e-02,-0.0348437,-0.00246625
8.0860e-02,-0.0489062,-0.00126969
8.0870e-02,-0.0390625,0.00108281
8.0880e-02,-0.0459375,0.00209344
8.0890e-02,-0.0379688,0.00138469
8.0900e-02,-0.0410937,-0.000602813
8.0910e-02,-0.03875,-0.00174031
8.0920e-02,-0.0276563,-0.00143656
8.0930e-02,-0.035,-0.0002675
8.0940e-02,-0.0335937,0.000949375
8.0950e-02,-0.034375,0.00169125
8.0960e-02,-0.0376563,-0.000394375
8.0970e-02,-0.0451563,-0.00112625
8.0980e-02,-0.034375,-0.00210469
8.0990e-02,-0.0226562,-0.000736563
8.1000e-02,-0.0351562,0.00020125
8.1010e-02,-0.0375,0.00077375
8.1020e-02,-0.028125,0.000684063
8.1030e-02,-0.0335937,-0.000316875
8.1040e-02,-0.0382813,-0.00154969
8.1050e-02,-0.0317188,-0.00082625
8.1060e-02,-0.0351562,0.000325625
8.1070e-02,-0.0390625,0.000936875
8.1080e-02,-0.0395313,0.0008625
8.1090e-02,-0.0321875,0.000915
8.1100e-02,-0.0353125,-0.00030875
8.1110e-02,-0.048125,-0.000510313
8.1120e-02,-0.0301563,0.000266563
8.1130e-02,-0.0407813,0.00118656
8.1140e-02,-0.043125,0.00139469
8.1150e-02,-0.0314062,0.0007825
8.1160e-02,-0.0375,-0.000313438
8.1170e-02,-0.0429688,-0.000184063
8.1180e-02,-0.0334375,-0.000624375
8.1190e-02,-0.0267187,-0.00010125
8.1200e-02,-0.0409375,0.000435938
8.1210e-02,-0.0396875,0.000669375
8.1220e-02,-0.041875,0.000459375
8.1230e-02,-0.0390625,-0.00046625
8.1240e-02,-0.02625,-0.000818125
8.1250e-02,-0.04875,-0.000324063
8.1260e-02,-0.0432813,0.000454063
8.1270e-02,-0.0298438,0.000737813
8.1280e-02,-0.025625,0.000605313
8.1290e-02,-0.043125,1.71875e-05
8.1300e-02,-0.0282813,-0.000326563
8.1310e-02,-0.0371875,-0.000195625
8.1320e-02,-0.0453125,-6.875e-05
8.1330e-02,-0.045,0.000699688
8.1340e-02,-0.0425,0.000528438
8.1350e-02,-0.03,0.000149375
8.1360e-02,-0.0382813,-0.0004275
8.1370e-02,-0.0340625,0.000241875
8.1380e-02,-0.044375,-0.000201875
8.1390e-02,-0.02375,-3.84375e-05
8.1400e-02,-0.024375,0.000634375
8.1410e-02,-0.0425,0.000485
8.1420e-02,-0.0384375,-9.5e-05
8.1430e-02,-0.0423437,-0.000678438
8.1440e-02,-0.021875,-0.000550313
8.1450e-02,-0.0271875,-0.000492188
8.1460e-02,-0.0357813,0.000385625
8.1470e-02,-0.0289063,0.000593125
8.1480e-02,-0.0326562,0.000445625
8.1490e-02,-0.04,3.4375e-05
8.1500e-02,-0.0273438,0.000274688
8.1510e-02,-0.04875,-0.000279063
8.1520e-02,-0.033125,-0.000513125
8.1530e-02,-0.033125,0.000287188
8.1540e-02,-0.0309375,0.000429688
8.1550e-02,-0.025,8.3125e-05
8.1560e-02,-0.04,9.90625e-05
8.1570e-02,-0.0221875,-0.00101969
8.1580e-02,-0.0304688,-0.000522188
8.1590e-02,-0.0459375,0.000102813
8.1600e-02,-0.0414063,0.000352188
8.1610e-02,-0.0409375,0.000397188
8.1620e-02,-0.0348437,-0.000100313
8.1630e-02,-0.0253125,-0.000671563
8.1640e-02,-0.031875,-0.000589375
8.1650e-02,-0.045,-0.00021625
8.1660e-02,-0.0354688,-0.000372188
8.1670e-02,-0.05,0.00011
8.1680e-02,-0.04375,0.000842813
8.1690e-02,-0.0296875,0.00026
8.1700e-02,-0.0323438,-0.000400625
8.1710e-02,-0.0510938,-0.000374063
8.1720e-02,-0.0273438,-9.75e-05
8.1730e-02,-0.0395313,0.000169688
8.1740e-02,-0.0382813,2.4375e-05
8.1750e-02,-0.036875,-3.75e-06
8.1760e-02,-0.04375,-0.000359688
8.1770e-02,-0.0453125,-0.000517188
8.1780e-02,-0.0460938,-0.000189688
8.1790e-02,-0.0470312,-3.03125e-05
8.1800e-02,-0.02875,7.40625e-05
8.1810e-02,-0.0426562,0.000552188
8.1820e-02,-0.0396875,-0.000579375
8.1830e-02,-0.0359375,-0.000315938
8.1840e-02,-0.0364063,0.000166875
8.1850e-02,-0.0289063,-0.000294375
8.1860e-02,-0.0404687,-0.00025875
8.1870e-02,-0.0348437,0.00066625
8.1880e-02,-0.0376563,0.000905938
8.1890e-02,-0.0428125,-0.000576563
8.1900e-02,-0.036875,-0.000467813
8.1910e-02,-0.0395313,1.21875e-05
8.1920e-02,-0.0389063,-7.375e-05
8.1930e-02,-0.0348437,-0.00068125
8.1940e-02,-0.0417187,-0.000241563
8.1950e-02,-0.0429688,-5.78125e-05
8.1960e-02,-0.02875,-0.000139688
8.1970e-02,-0.0421875,0.000338438
8.1980e-02,-0.0289063,4.75e-05
8.1990e-02,-0.0321875,3.1875e-05
8.2000e-02,-0.0378125,0.000140313
8.2010e-02,-0.038125,8.125e-06
8.2020e-02,-0.0440625,0.000171875
8.2030e-02,-0.0390625,-0.000454375
8.2040e-02,-0.0426562,1.21875e-05
8.2050e-02,-0.0476562,-0.000979063
8.2060e-02,-0.0510938,0.00018625
8.2070e-02,-0.030625,0.000280938
8.2080e-02,-0.0420312,0.000128437
8.2090e-02,-0.045625,0.000168438
8.2100e-02,-0.040625,0.000390313
8.2110e-02,-0.035625,0.000455938
8.2120e-02,-0.039375,0.000390938
8.2130e-02,-0.04375,0.000296875
8.2140e-02,-0.0345312,-8.15625e-05
8.2150e-02,-0.040625,-0.00058375
8.2160e-02,-0.0417187,-0.00071875
8.2170e-02,-0.0351562,-0.000219375
8.2180e-02,-0.0454688,-9.28125e-05
8.2190e-02,-0.0259375,-0.00017875
8.2200e-02,-0.0395313,-0.000245
8.2210e-02,-0.035,4.375e-05
8.2220e-02,-0.0467188,-2.40625e-05
8.2230e-02,-0.035625,0.0003675
8.2240e-02,-0.0359375,-5.59375e-05
8.2250e-02,-0.0554687,0.000276563
8.2260e-02,-0.024375,0.00049375
8.2270e-02,-0.0390625,0.000498125
8.2280e-02,-0.0404687,3.3125e-05
8.2290e-02,-0.0504687,-7.4375e-05
8.2300e-02,-0.0390625,-0.000535625
8.2310e-02,-0.049375,-0.000188125
8.2320e-02,-0.0478125,0.000238438
8.2330e-02,-0.04125,-0.000134063
8.2340e-02,-0.0401563,0.000162813
8.2350e-02,-0.0395313,-0.000779375
8.2360e-02,-0.0376563,-4.3125e-05
8.2370e-02,-0.035,0.000156875
8.2380e-02,-0.0401563,-0.00053125
8.2390e-02,-0.0426562,-0.00019625
8.2400e-02,-0.0398437,0.000341563
8.2410e-02,-0.0326562,-6.375e-05
8.2420e-02,-0.0407813,-0.000504688
8.2430e-02,-0.0339062,-0.000142813
8.2440e-02,-0.04,7.65625e-05
8.2450e-02,-0.0460938,-0.0001825
8.2460e-02,-0.04625,0.0003075
8.2470e-02,-0.03875,0.000669375
8.2480e-02,-0.0415625,0.000158125
8.2490e-02,-0.0334375,-0.00048125
8.2500e-02,-0.0451563,-6.25e-07
8.2510e-02,-0.035,-0.000236563
8.2520e-02,-0.0317188,-0.00029375
8.2530e-02,-0.0403125,0.000174688
8.2540e-02,-0.0453125,-0.000143125
8.2550e-02,-0.0407813,-0.000191563
8.2560e-02,-0.0370313,9.96875e-05
8.2570e-02,-0.0395313,4e-05
8.2580e-02,-0.0495312,-0.000145938
8.2590e-02,-0.0385937,0.00020625
8.2600e-02,-0.0440625,-0.000323125
8.2610e-02,-0.0309375,-0.000111563
8.2620e-02,-0.0339062,-0.000143125
8.2630e-02,-0.035,-0.000893125
8.2640e-02,-0.0409375,-0.000558438
8.2650e-02,-0.055625,-0.000101875
8.2660e-02,-0.038125,0.000261563
8.2670e-02,-0.0464062,0.000155625
8.2680e-02,-0.0348437,0.0004675
8.2690e-02,-0.03875,0.000204375
8.2700e-02,-0.0420312,0.000268125
8.2710e-02,-0.0354688,-9.46875e-05
8.2720e-02,-0.0445313,3.875e-05
8.2730e-02,-0.0410937,0.000519375
8.2740e-02,-0.038125,1.71875e-05
8.2750e-02,-0.0553125,0.0001
8.2760e-02,-0.0339062,-0.000384688
8.2770e-02,-0.0401563,-4.4375e-05
8.2780e-02,-0.0478125,-0.000240625
8.2790e-02,-0.0440625,0.000251875
8.2800e-02,-0.046875,0.000453438
8.2810e-02,-0.0360938,0.000501875
8.2820e-02,-0.0267187,0.000137813
8.2830e-02,-0.0453125,-0.0006375
8.2840e-02,-0.0490625,-0.000286875
8.2850e-02,-0.0360938,5.09375e-05
8.2860e-02,-0.0348437,-0.000548125
8.2870e-02,-0.03375,-0.000604688
8.2880e-02,-0.0326562,-0.000310313
8.2890e-02,-0.039375,-0.000233125
8.2900e-02,-0.0328125,0.00035375
8.2910e-02,-0.0364063,0.00059125
8.2920e-02,-0.0328125,0.0003225
8.2930e-02,-0.053125,0.000106563
8.2940e-02,-0.0420312,-0.000292813
8.2950e-02,-0.0439063,-4.875e-05
8.2960e-02,-0.0403125,-0.000181875
8.2970e-02,-0.02875,-0.000986875
8.2980e-02,-0.03625,-7.0625e-05
8.2990e-02,-0.03875,-6.4375e-05
8.3000e-02,-0.040625,8.03125e-05
8.3010e-02,-0.0351562,0.000383438
8.3020e-02,-0.04125,0.000576563
8.3030e-02,-0.0376563,0.000120313
8.3040e-02,-0.040625,0.000167813
8.3050e-02,-0.053125,-0.000195
8.3060e-02,-0.048125,-0.00013
8.3070e-02,-0.0289063,-0.00035625
8.3080e-02,-0.0329688,4.375e-05
8.3090e-02,-0.0429688,-8.59375e-05
8.3100e-02,-0.025,8.625e-05
8.3110e-02,-0.035,-0.000151563
8.3120e-02,-0.043125,-9.8125e-05
8.3130e-02,-0.0504687,-0.000130313
8.3140e-02,-0.0379688,-0.00043125
8.3150e-02,-0.0365625,0.000266563
8.3160e-02,-0.0379688,-0.00015
8.3170e-02,-0.0434375,-0.000317188
8.3180e-02,-0.0470312,0.000136875
8.3190e-02,-0.0242188,-0.000442813
8.3200e-02,-0.045625,-8.21875e-05
8.3210e-02,-0.0428125,0.000635625
8.3220e-02,-0.0434375,0.00034875
8.3230e-02,-0.0410937,0.000558438
8.3240e-02,-0.0429688,0.000472188
8.3250e-02,-0.0410937,0.00041625
8.3260e-02,-0.0415625,-0.000183438
8.3270e-02,-0.04375,0.000468438
8.3280e-02,-0.0446875,-0.000706875
8.3290e-02,-0.0390625,-1.0625e-05
8.3300e-02,-0.034375,-0.000120938
8.3310e-02,-0.035,-1.5e-05
8.3320e-02,-0.048125,-0.000337188
8.3330e-02,-0.0407813,-0.000645
8.3340e-02,-0.0290625,-0.00017125
8.3350e-02,-0.0515625,3.03125e-05
8.3360e-02,-0.0559375,0.00044
8.3370e-02,-0.044375,0.000119375
8.3380e-02,-0.0301563,0.000367813
8.3390e-02,-0.0392187,-0.000183125
8.3400e-02,-0.0465625,-0.000249688
8.3410e-02,-0.0425,-5.9375e-05
8.3420e-02,-0.0404687,3.375e-05
8.3430e-02,-0.0407813,0.00031125
8.3440e-02,-0.0379688,0.000518125
8.3450e-02,-0.039375,5.125e-05
8.3460e-02,-0.0353125,9.78125e-05
8.3470e-02,-0.0459375,-7.15625e-05
8.3480e-02,-0.036875,0.000320313
8.3490e-02,-0.0301563,0.000524688
8.3500e-02,-0.0439063,0.000623438
8.3510e-02,-0.0373438,-0.000104063
8.3520e-02,-0.0364063,-0.000646563
8.3530e-02,-0.0407813,-3.6875e-05
8.3540e-02,-0.0426562,-0.000292188
8.3550e-02,-0.0417187,0.000287188
8.3560e-02,-0.0390625,0.000139688
8.3570e-02,-0.0404687,0.000275
8.3580e-02,-0.0339062,-0.00034125
8.3590e-02,-0.030625,-0.000480313
8.3600e-02,-0.04625,-0.000263125
8.3610e-02,-0.0357813,-0.0003825
8.3620e-02,-0.033125,0.000224688
8.3630e-02,-0.0559375,0.000410938
8.3640e-02,-0.0385937,0.00057875
8.3650e-02,-0.035,0.000290313
8.3660e-02,-0.0415625,3.03125e-05
8.3670e-02,-0.0482812,0.000219688
8.3680e-02,-0.0465625,0.000122813
8.3690e-02,-0.03875,0.000135313
8.3700e-02,-0.0332812,5.96875e-05
8.3710e-02,-0.0395313,0.0004
8.3720e-02,-0.0467188,-0.000256875
8.3730e-02,-0.0326562,-0.000335625
8.3740e-02,-0.0492188,0.000439063
8.3750e-02,-0.0392187,-0.000347188
8.3760e-02,-0.03875,6.9375e-05
8.3770e-02,-0.03875,0.00017375
8.3780e-02,-0.0475,-0.000197188
8.3790e-02,-0.0271875,0.00016
8.3800e-02,-0.0289063,-0.000145313
8.3810e-02,-0.0514063,-0.00011625
8.3820e-02,-0.0254688,-6.71875e-05
8.3830e-02,-0.0392187,0.0004825
8.3840e-02,-0.0446875,2.5e-05
8.3850e-02,-0.03875,-0.000758125
8.3860e-02,-0.0334375,-0.00044125
8.3870e-02,-0.0340625,-0.0001575
8.3880e-02,-0.038125,0.000521875
8.3890e-02,-0.03625,0.000495313
8.3900e-02,-0.0489062,0.000289375
8.3910e-02,-0.054375,-0.0001275
8.3920e-02,-0.0428125,-0.000369063
8.3930e-02,-0.046875,-0.000579063
8.3940e-02,-0.0395313,-0.000612813
8.3950e-02,-0.04375,0.00035
8.3960e-02,-0.0421875,0.000169063
8.3970e-02,-0.0517188,3.28125e-05
8.3980e-02,-0.034375,-0.0005525
8.3990e-02,-0.03375,-0.000386875
8.4000e-02,-0.0396875,-0.000684063
8.4010e-02,-0.0420312,-0.000379688
8.4020e-02,-0.04,0.000968438
8.4030e-02,-0.035,-5.9375e-06
8.4040e-02,-0.0426562,1.40625e-05
8.4050e-02,-0.0385937,0.000143438
8.4060e-02,-0.0471875,6.84375e-05
8.4070e-02,-0.0429688,-0.0003025
8.4080e-02,-0.0403125,0.000235313
8.4090e-02,-0.03125,0.000648438
8.4100e-02,-0.0417187,0.000605938
8.4110e-02,-0.04375,-0.000478125
8.4120e-02,-0.0323438,-0.0010025
8.4130e-02,-0.0384375,-0.000905938
8.4140e-02,-0.0504687,0.0001625
8.4150e-02,-0.0273438,0.000950313
8.4160e-02,-0.0403125,0.00148594
8.4170e-02,-0.0476562,0.000505
8.4180e-02,-0.0559375,-0.00183313
8.4190e-02,-0.0414063,-0.00188563
8.4200e-02,-0.0421875,-0.000749688
8.4210e-02,-0.0317188,0.00144594
8.4220e-02,-0.0435938,0.00166813
8.4230e-02,-0.0342187,0.00104688
8.4240e-02,-0.04625,-0.000993125
8.4250e-02,-0.0426562,-0.0018425
8.4260e-02,-0.0496875,-0.00163406
8.4270e-02,-0.0546875,0.00108344
8.4280e-02,-0.0484375,0.00268375
8.4290e-02,-0.0384375,0.00225313
8.4300e-02,-0.0428125,-5.625e-05
8.4310e-02,-0.0421875,-0.00183344
8.4320e-02,-0.0453125,-0.00283969
8.4330e-02,-0.04875,-0.00108719
8.4340e-02,-0.043125,0.0012875
8.4350e-02,-0.03125,0.00246125
8.4360e-02,-0.045,0.00133469
8.4370e-02,-0.0470312,-0.00139813
8.4380e-02,-0.0367188,-0.00330313
8.4390e-02,-0.0454688,-0.00158063
8.4400e-02,-0.0420312,0.000835
8.4410e-02,-0.0426562,0.002575
8.4420e-02,-0.04625,0.00316844
8.4430e-02,-0.0439063,0.00301625
8.4440e-02,-0.0407813,0.00294531
8.4450e-02,-0.0484375,0.00291563
8.4460e-02,-0.0445313,0.00289938
8.4470e-02,-0.0529687,0.00293875
8.4480e-02,-0.0264062,0.00316219
8.4490e-02,0.228438,0.00281688
8.4500e-02,-0.267031,-0.00177594
8.4510e-02,-0.0603125,-0.00505063
8.4520e-02,-1.45625,-0.00705469
8.4530e-02,-1.53094,-0.00819469
8.4540e-02,0.0826563,-0.00756813
8.4550e-02,0.109219,-0.00762875
8.4560e-02,0.0904688,-0.00763531
8.4570e-02,0.0754688,-0.00749375
8.4580e-02,0.075625,-0.00765219
8.4590e-02,0.065625,-0.00752375
8.4600e-02,0.0692187,-0.00746063
8.4610e-02,0.053125,-0.00754438
8.4620e-02,0.065,-0.00754469
8.4630e-02,0.0296875,-0.00759375
8.4640e-02,0.0535937,-0.0073525
8.4650e-02,0.0321875,-0.00754625
8.4660e-02,0.0307812,-0.00755625
8.4670e-02,0.0298437,-0.0074675
8.4680e-02,0.0307812,-0.0074475
8.4690e-02,0.015625,-0.00767656
8.4700e-02,0.03625,-0.00746656
8.4710e-02,0.0251563,-0.00742938
8.4720e-02,0.0234375,-0.00731563
8.4730e-02,0.0207812,-0.00731656
8.4740e-02,0.0214062,-0.00735469
8.4750e-02,0.0242188,-0.00402969
8.4760e-02,0.0135937,0.000775625
8.4770e-02,0.0139062,0.000685625
8.4780e-02,0.00890625,-0.00138906
8.4790e-02,0.0096875,-0.003575
8.4800e-02,0.0167188,-0.00279094
8.4810e-02,0.0146875,-4.15625e-05
8.4820e-02,0.029375,0.00247344
8.4830e-02,-0.00046875,0.00225938
8.4840e-02,0.0065625,0.000333125
8.4850e-02,0.0120312,-0.00205094
8.4860e-02,0.015,-0.00259781
8.4870e-02,-0.00046875,-0.00102344
8.4880e-02,0.011875,0.000885938
8.4890e-02,0.0028125,0.00223031
8.4900e-02,0.006875,0.001365
8.4910e-02,0.0075,-0.000519062
8.4920e-02,0.024375,-0.0019525
8.4930e-02,0.0132812,-0.00163906
8.4940e-02,0.00140625,0.000531875
8.4950e-02,0.0126562,0.0016925
8.4960e-02,0.0104687,0.00157406
8.4970e-02,-0.0025,-9.46875e-05
8.4980e-02,-0.00875,-0.00132875
8.4990e-02,0.00609375,-0.00152969
8.5000e-02,0.008125,-0.000285313
8.5010e-02,0.00015625,0.00113156
8.5020e-02,0.0003125,0.00154031
8.5030e-02,0.004375,0.000675
8.5040e-02,0.0090625,-0.000720313
8.5050e-02,-0.00953125,-0.0011175
8.5060e-02,0.00203125,-0.00046875
8.5070e-02,0.00640625,0.000549375
8.5080e-02,-0.0040625,0.00106281
8.5090e-02,-0.0028125,0.000795313
8.5100e-02,0.00578125,0.000135625
8.5110e-02,-0.00359375,-0.000989688
8.5120e-02,0.00453125,-0.000498438
8.5130e-02,-0.006875,-0.0003675
8.5140e-02,-0.00125,0.000972188
8.5150e-02,-0.00828125,0.000263437
8.5160e-02,0.0114063,0.000491875
8.5170e-02,-0.009375,-0.00051625
8.5180e-02,-0.00734375,-0.00114156
8.5190e-02,-0.0101563,-3.0625e-05
8.5200e-02,0.00328125,-7.3125e-05
8.5210e-02,-0.010625,0.000629063
8.5220e-02,-0.00421875,0.000475313
8.5230e-02,-0.0107813,-9.71875e-05
8.5240e-02,-0.0101563,-0.000168125
8.5250e-02,-0.0140625,-0.00059125
8.5260e-02,-0.0242188,-0.000502813
8.5270e-02,-0.005,-0.000122188
8.5280e-02,-0.00515625,0.000229688
8.5290e-02,-0.0153125,0.000276563
8.5300e-02,-0.003125,0.000145625
8.5310e-02,-0.015,-2.4375e-05
8.5320e-02,-0.0109375,-0.000538125
8.5330e-02,-0.00734375,-0.000367188
8.5340e-02,-0.0096875,0.00042625
8.5350e-02,-0.0075,0.000148125
8.5360e-02,-0.0107813,0.000769063
8.5370e-02,-0.01375,0.000260938
8.5380e-02,-0.0265625,-0.000111563
8.5390e-02,-0.00328125,-0.00027375
8.5400e-02,-0.0120313,4.40625e-05
8.5410e-02,-0.005,0.0001175
8.5420e-02,-0.0128125,2.90625e-05
8.5430e-02,-0.0135937,-1.25e-05
8.5440e-02,-0.014375,-0.0002375
8.5450e-02,-0.00890625,-8.71875e-05
8.5460e-02,-0.0134375,4.78125e-05
8.5470e-02,-0.0090625,-6.78125e-05
8.5480e-02,-0.0170313,-2.8125e-05
8.5490e-02,-0.0195312,5.34375e-05
8.5500e-02,-0.0210938,-0.000545938
8.5510e-02,-0.011875,-0.00017125
8.5520e-02,-0.0154687,-0.0004425
8.5530e-02,-0.0139063,-2.90625e-05
8.5540e-02,-0.016875,-0.000488125
8.5550e-02,-0.0154687,0.000125
8.5560e-02,-0.00953125,-0.000349688
8.5570e-02,-0.0114062,0.0006325
8.5580e-02,-0.02,0.000346875
8.5590e-02,-0.0189062,0.000224375
8.5600e-02,-0.005625,0.000234688
8.5610e-02,-0.00796875,0.000581875
8.5620e-02,-0.0179687,0.000648438
8.5630e-02,-0.0198438,0.000373438
8.5640e-02,-0.0117188,-6.84375e-05
8.5650e-02,-0.015,-0.000411875
8.5660e-02,-0.0176563,2.9375e-05
8.5670e-02,-0.00921875,-0.00024
8.5680e-02,-0.024375,0.000684063
8.5690e-02,-0.0120313,-0.0001475
8.5700e-02,-0.014375,0.000306875
8.5710e-02,-0.0195312,-0.00019
8.5720e-02,-0.0235938,-0.000526875
8.5730e-02,-0.02375,-0.0004875
8.5740e-02,-0.0192187,-0.000270938
8.5750e-02,-0.01875,-0.000224063
8.5760e-02,-0.0278125,-0.000125
8.5770e-02,-0.029375,-2.90625e-05
8.5780e-02,-0.0198438,-0.000442813
8.5790e-02,-0.02375,-0.000159375
8.5800e-02,-0.01625,-0.000152813
8.5810e-02,-0.0259375,0.000435625
8.5820e-02,-0.0134375,0.000512813
8.5830e-02,-0.0120313,-0.000215625
8.5840e-02,-0.0107813,3.125e-07
8.5850e-02,-0.0303125,0.00010875
8.5860e-02,-0.0184375,0.000361875
8.5870e-02,-0.0235938,-0.000605313
8.5880e-02,-0.0225,0.00038875
8.5890e-02,-0.0246875,0.00095125
8.5900e-02,-0.0228125,-3.65625e-05
8.5910e-02,-0.0126563,-0.000345625
8.5920e-02,-0.0225,-0.000296563
8.5930e-02,-0.031875,0.000335625
8.5940e-02,-0.03375,-0.00041625
8.5950e-02,-0.0103125,0.000619688
8.5960e-02,-0.01,-7.375e-05
8.5970e-02,-0.0179687,1.8125e-05
8.5980e-02,-0.0175,-0.000582812
8.5990e-02,-0.0251563,-0.000375625
8.6000e-02,-0.0145312,0.000380625
8.6010e-02,-0.0317188,0.000187188
8.6020e-02,-0.0159375,0.000174375
8.6030e-02,-0.015,0.000468125
8.6040e-02,-0.02,0.000292813
8.6050e-02,-0.0189062,-0.000162813
8.6060e-02,-0.0276563,0.000235313
8.6070e-02,-0.0123438,0.000158438
8.6080e-02,-0.0107813,0.00023375
8.6090e-02,-0.0142188,6.96875e-05
8.6100e-02,-0.019375,0.000182813
8.6110e-02,-0.0207813,0.000213438
8.6120e-02,-0.0245313,1.65625e-05
8.6130e-02,-0.003125,4.90625e-05
8.6140e-02,-0.0245313,7.9375e-05
8.6150e-02,-0.0239063,0.00012
8.6160e-02,-0.0267187,-0.000302188
8.6170e-02,-0.0203125,0.000149687
8.6180e-02,-0.0228125,9.0625e-05
8.6190e-02,-0.0260937,-0.000178125
8.6200e-02,-0.0173438,0.000239688
8.6210e-02,-0.0154687,5.21875e-05
8.6220e-02,-0.0282813,8.9375e-05
8.6230e-02,-0.0195312,0.0003325
8.6240e-02,-0.0246875,-6.1875e-05
8.6250e-02,-0.0132813,0.00042
8.6260e-02,-0.0226562,0.0006825
8.6270e-02,-0.0248438,-1.53125e-05
8.6280e-02,-0.0201563,0.000515313
8.6290e-02,-0.0182812,-0.000333125
8.6300e-02,-0.0351562,7.125e-05
8.6310e-02,-0.0115625,0.000140625
8.6320e-02,-0.0248438,-0.000168438
8.6330e-02,-0.028125,3.875e-05
8.6340e-02,-0.028125,-6.875e-05
8.6350e-02,-0.0235938,7.3125e-05
8.6360e-02,-0.0240625,-0.000355313
8.6370e-02,-0.0229687,-0.000196875
8.6380e-02,-0.020625,0.000204063
8.6390e-02,-0.0190625,-4.59375e-05
8.6400e-02,-0.0184375,0.000194375
8.6410e-02,-0.0251563,0.000187813
8.6420e-02,-0.0334375,-0.000467813
8.6430e-02,-0.0228125,-0.000112813
8.6440e-02,-0.0239063,-0.000924375
8.6450e-02,-0.0226562,0.000514375
8.6460e-02,-0.02375,-0.000322813
8.6470e-02,-0.03,0.000104688
8.6480e-02,-0.0196875,-0.000150938
8.6490e-02,-0.02375,-0.000205625
8.6500e-02,-0.0115625,-0.000300938
8.6510e-02,-0.0320312,6.625e-05
8.6520e-02,-0.0229687,0.000293125
8.6530e-02,-0.0220313,0.00045625
8.6540e-02,-0.0279688,0.000332813
8.6550e-02,-0.0176563,-8.09375e-05
8.6560e-02,-0.0326562,0.000143438
8.6570e-02,-0.0340625,0.000100313
8.6580e-02,-0.023125,-0.00015875
8.6590e-02,-0.0220313,0.000191563
8.6600e-02,-0.0385937,0.000385313
8.6610e-02,-0.0340625,-7.25e-05
8.6620e-02,-0.0260937,0.000225938
8.6630e-02,-0.029375,-0.000116563
8.6640e-02,-0.0173438,-0.000117188
8.6650e-02,-0.0103125,9.40625e-05
8.6660e-02,-0.0260937,0.00035125
8.6670e-02,-0.02875,-0.000709063
8.6680e-02,-0.0259375,0.000439375
8.6690e-02,-0.0292188,-0.000385313
8.6700e-02,-0.0334375,-0.000394688
8.6710e-02,-0.029375,2.5e-05
8.6720e-02,-0.04,-0.00049125
8.6730e-02,-0.0290625,0.000200938
8.6740e-02,-0.023125,8.75e-06
8.6750e-02,-0.0270312,7.375e-05
8.6760e-02,-0.0360938,-0.000373125
8.6770e-02,-0.0270312,0.000500938
8.6780e-02,-0.0259375,4.0625e-05
8.6790e-02,-0.0209375,0.000170313
8.6800e-02,-0.0195312,0.0006325
8.6810e-02,-0.0346875,0.00011875
8.6820e-02,-0.0276563,0.000353125
8.6830e-02,-0.0303125,-0.000159063
8.6840e-02,-0.0253125,0.000187188
8.6850e-02,-0.0298438,0.0005075
8.6860e-02,-0.0323438,9.8125e-05
8.6870e-02,-0.0240625,0.000275313
8.6880e-02,-0.0196875,-0.000196563
8.6890e-02,-0.0279688,-0.000574063
8.6900e-02,-0.0409375,-0.000144063
8.6910e-02,-0.02625,-0.000350938
8.6920e-02,-0.0273438,0.000379063
8.6930e-02,-0.0139063,0.000869688
8.6940e-02,-0.0310937,0.000310938
8.6950e-02,-0.0290625,1.25e-06
8.6960e-02,-0.0295313,0.000529063
8.6970e-02,-0.0329688,0.000315313
8.6980e-02,-0.0292188,0.000338438
8.6990e-02,-0.0270312,0.000299063
8.7000e-02,-0.0298438,0.000133125
8.7010e-02,-0.0346875,3.75e-05
8.7020e-02,-0.0292188,0.0002175
8.7030e-02,-0.0309375,-1.3125e-05
8.7040e-02,-0.0309375,0.0005675
8.7050e-02,-0.0278125,-0.00076875
8.7060e-02,-0.0232812,-0.000104063
8.7070e-02,-0.0289063,-0.000144688
8.7080e-02,-0.0385937,-0.000257813
8.7090e-02,-0.0225,0.000810625
8.7100e-02,-0.019375,0.000874375
8.7110e-02,-0.0235938,-6.71875e-05
8.7120e-02,-0.0298438,0.000258438
8.7130e-02,-0.0364063,0.000209063
8.7140e-02,-0.0367188,-0.000395938
8.7150e-02,-0.0282813,-0.00028375
8.7160e-02,-0.035625,-1.5625e-06
8.7170e-02,-0.029375,0.00044125
8.7180e-02,-0.0232812,0.000265938
8.7190e-02,-0.0264062,-0.000510937
8.7200e-02,-0.0303125,-9.34375e-05
8.7210e-02,-0.0348437,-0.000174063
8.7220e-02,-0.0345312,0.000323438
8.7230e-02,-0.0376563,0.000526563
8.7240e-02,-0.0353125,9.3125e-05
8.7250e-02,-0.030625,0.00021625
8.7260e-02,-0.0360938,8.3125e-05
8.7270e-02,-0.0253125,-0.000285938
8.7280e-02,-0.02875,6.25e-07
8.7290e-02,-0.0179687,-8.71875e-05
8.7300e-02,-0.03375,0.000321875
8.7310e-02,-0.0303125,3.28125e-05
8.7320e-02,-0.02125,0.000524063
8.7330e-02,-0.0203125,0.00042875
8.7340e-02,-0.034375,-0.000114688
8.7350e-02,-0.033125,5.4375e-05
8.7360e-02,-0.0303125,-0.000213438
8.7370e-02,-0.03625,0.000134375
8.7380e-02,-0.0214063,0.000518125
8.7390e-02,-0.031875,0.00014125
8.7400e-02,-0.0334375,-0.000660625
8.7410e-02,-0.0370313,-0.000401875
8.7420e-02,-0.0260937,0.000229688
8.7430e-02,-0.035,0.00070625
8.7440e-02,-0.0321875,0.00035875
8.7450e-02,-0.0320312,0.000564375
8.7460e-02,-0.02625,-0.0001075
8.7470e-02,-0.0260937,-0.000500938
8.7480e-02,-0.0248438,0.000369063
8.7490e-02,-0.0370313,8.46875e-05
8.7500e-02,-0.0410937,0.000225
8.7510e-02,-0.0301563,0.00041
8.7520e-02,-0.025625,-6.5625e-06
8.7530e-02,-0.0259375,-5.03125e-05
8.7540e-02,-0.0295313,-3.71875e-05
8.7550e-02,-0.0265625,3e-05
8.7560e-02,-0.0315625,0.000309375
8.7570e-02,-0.030625,0.000419063
8.7580e-02,-0.0248438,0.000863438
8.7590e-02,-0.0267187,-6.65625e-05
8.7600e-02,-0.03875,2.53125e-05
8.7610e-02,-0.0232812,-4.375e-06
8.7620e-02,-0.0304688,0.000335
8.7630e-02,-0.0217188,0.000215
8.7640e-02,-0.0239063,0.000531563
8.7650e-02,-0.03125,0.000452813
8.7660e-02,-0.0329688,-0.000480313
8.7670e-02,-0.0303125,8.1875e-05
8.7680e-02,-0.0310937,-0.00073875
8.7690e-02,-0.0289063,5.9375e-05
8.7700e-02,-0.0289063,5.0625e-05
8.7710e-02,-0.0195312,0.000472813
8.7720e-02,-0.03125,-0.000160313
8.7730e-02,-0.0204688,-0.000674688
8.7740e-02,-0.034375,-0.00035375
8.7750e-02,-0.0359375,-0.000319063
8.7760e-02,-0.04125,0.000292813
8.7770e-02,-0.024375,0.000797813
8.7780e-02,-0.0421875,0.000185
8.7790e-02,-0.0385937,-0.0001175
8.7800e-02,-0.0328125,-0.000500938
8.7810e-02,-0.033125,-0.00063375
8.7820e-02,-0.0296875,-0.000467188
8.7830e-02,-0.0454688,0.000403125
8.7840e-02,-0.0265625,0.000893125
8.7850e-02,-0.0307813,0.000292188
8.7860e-02,-0.0340625,-0.000155938
8.7870e-02,-0.0329688,-0.0006475
8.7880e-02,-0.0271875,-0.000391563
8.7890e-02,-0.04,0.00021875
8.7900e-02,-0.0265625,0.0004275
8.7910e-02,-0.040625,0.00121125
8.7920e-02,-0.0515625,0.000235938
8.7930e-02,-0.0310937,-0.000285938
8.7940e-02,-0.0332812,-0.000477188
8.7950e-02,-0.0298438,-2.09375e-05
8.7960e-02,-0.0401563,0.00050875
8.7970e-02,-0.0339062,0.00121906
8.7980e-02,-0.0364063,0.000972813
8.7990e-02,-0.0439063,-0.000343438
8.8000e-02,-0.028125,-0.00146969
8.8010e-02,-0.0296875,-0.00103781
8.8020e-02,-0.0259375,-0.00062875
8.8030e-02,-0.0325,0.000638125
8.8040e-02,-0.03375,0.00126969
8.8050e-02,-0.0290625,0.000718125
8.8060e-02,-0.033125,-0.000350625
8.8070e-02,-0.0384375,-0.00122906
8.8080e-02,-0.0382813,-0.000586875
8.8090e-02,-0.0371875,0.000565625
8.8100e-02,-0.0484375,0.00209875
8.8110e-02,-0.0409375,0.00136688
8.8120e-02,-0.0417187,-0.000176875
8.8130e-02,-0.0235938,-0.00118031
8.8140e-02,-0.0226562,-0.000833125
8.8150e-02,-0.0382813,2.65625e-05
8.8160e-02,-0.0348437,0.0015
8.8170e-02,-0.0414063,0.00194719
8.8180e-02,-0.0382813,0.000369375
8.8190e-02,-0.0321875,-0.00132563
8.8200e-02,-0.04875,-0.00233719
8.8210e-02,-0.034375,-0.00139875
8.8220e-02,-0.0435938,0.00153
8.8230e-02,-0.0251563,0.00283594
8.8240e-02,-0.02375,0.00171781
8.8250e-02,-0.03875,-0.000589688
8.8260e-02,-0.026875,-0.00228219
8.8270e-02,-0.0273438,-0.00166438
8.8280e-02,-0.0390625,0.000749688
8.8290e-02,-0.0320312,0.00267531
8.8300e-02,-0.04,0.00247719
8.8310e-02,-0.0326562,-0.000220938
8.8320e-02,-0.030625,-0.0026375
8.8330e-02,-0.0382813,-0.00297063
8.8340e-02,-0.0354688,-0.00142719
8.8350e-02,-0.0445313,0.00231094
8.8360e-02,-0.0357813,0.00357344
8.8370e-02,-0.0282813,0.00177188
8.8380e-02,-0.0317188,-0.00160781
8.8390e-02,-0.0279688,-0.004075
8.8400e-02,-0.0271875,-0.00361531
8.8410e-02,-0.0298438,0.000795938
8.8420e-02,-0.0439063,0.0042975
8.8430e-02,-0.0276563,0.00402438
8.8440e-02,-0.0303125,0.00063
8.8450e-02,-0.0298438,-0.00346094
8.8460e-02,-0.0345312,-0.00500125
8.8470e-02,-0.0365625,-0.00195844
8.8480e-02,-0.0379688,0.00237875
8.8490e-02,-0.0257812,0.00485063
8.8500e-02,-0.0409375,0.00364656
8.8510e-02,-0.0284375,-0.00117906
8.8520e-02,-0.03375,-0.00495438
8.8530e-02,-0.0389063,-0.00433406
8.8540e-02,-0.0476562,-0.000789688
8.8550e-02,-0.0460938,0.0034475
8.8560e-02,-0.0335937,0.00479344
8.8570e-02,-0.03375,0.00211563
8.8580e-02,-0.0290625,-0.00242594
8.8590e-02,-0.0285938,-0.0047975
8.8600e-02,-0.0398437,-0.00301125
8.8610e-02,-0.0278125,0.00162688
8.8620e-02,-0.03125,0.00454844
8.8630e-02,-0.0335937,0.003935
8.8640e-02,-0.0370313,-0.0003275
8.8650e-02,-0.03875,-0.00353469
8.8660e-02,-0.0442188,-0.00370531
8.8670e-02,-0.033125,-0.000599375
8.8680e-02,-0.0392187,0.00225
8.8690e-02,-0.0279688,0.00371625
8.8700e-02,-0.0184375,0.00217969
8.8710e-02,-0.0379688,-0.00107469
8.8720e-02,-0.0329688,-0.00374781
8.8730e-02,-0.0196875,-0.00260906
8.8740e-02,-0.0401563,0.0006225
8.8750e-02,-0.0445313,0.00290594
8.8760e-02,-0.0332812,0.00249219
8.8770e-02,-0.043125,0.00032
8.8780e-02,-0.0403125,-0.00262125
8.8790e-02,-0.0339062,-0.00262375
8.8800e-02,-0.030625,-0.000795313
8.8810e-02,-0.0379688,0.00123781
8.8820e-02,-0.0360938,0.002185
8.8830e-02,-0.0320312,0.00122
8.8840e-02,-0.03375,-0.00118906
8.8850e-02,-0.0396875,-0.00272375
8.8860e-02,-0.0304688,-0.00116656
8.8870e-02,-0.0364063,0.000732813
8.8880e-02,-0.0284375,0.00179969
8.8890e-02,-0.02375,0.00236594
8.8900e-02,-0.0484375,-0.00013625
8.8910e-02,-0.0259375,-0.00144156
8.8920e-02,-0.030625,-0.00135344
8.8930e-02,-0.0345312,-0.000236875
8.8940e-02,-0.0370313,0.00151688
8.8950e-02,-0.025,0.00161469
8.8960e-02,-0.02,0.000416875
8.8970e-02,-0.0364063,-0.000398438
8.8980e-02,-0.0371875,-0.00160063
8.8990e-02,-0.046875,-0.00044625
8.9000e-02,-0.0325,0.000950938
8.9010e-02,-0.0376563,0.00127594
8.9020e-02,-0.033125,0.000749688
8.9030e-02,-0.0457813,-3.125e-05
8.9040e-02,-0.0465625,-0.00135188
8.9050e-02,-0.031875,-0.000715
8.9060e-02,-0.0195312,-0.000136875
8.9070e-02,-0.0265625,0.000868438
8.9080e-02,-0.0210938,0.000904375
8.9090e-02,-0.0320312,0.000777188
8.9100e-02,-0.0260937,-0.00128344
8.9110e-02,-0.0392187,-0.000667188
8.9120e-02,-0.0425,-0.000574688
8.9130e-02,-0.0340625,-0.000149063
8.9140e-02,-0.03375,0.000894375
8.9150e-02,-0.036875,0.000375313
8.9160e-02,-0.0489062,-0.0001175
8.9170e-02,-0.0328125,-0.00102344
8.9180e-02,-0.0285938,-0.000749375
8.9190e-02,-0.0340625,-0.0001125
8.9200e-02,-0.0429688,0.000777188
8.9210e-02,-0.0345312,0.00073
8.9220e-02,-0.0425,0.000258438
8.9230e-02,-0.04125,-0.000272188
8.9240e-02,-0.0378125,-6.75e-05
8.9250e-02,-0.0414063,-0.00027125
8.9260e-02,-0.0351562,-6.0625e-05
8.9270e-02,-0.0296875,0.000427188
8.9280e-02,-0.030625,0.000213438
8.9290e-02,-0.0409375,-9.8125e-05
8.9300e-02,-0.0364063,-0.000250938
8.9310e-02,-0.0396875,-0.000561875
8.9320e-02,-0.0429688,-0.00028125
8.9330e-02,-0.0365625,0.000703438
8.9340e-02,-0.035625,0.000697813
8.9350e-02,-0.0304688,0.000990938
8.9360e-02,-0.02,-0.000217813
8.9370e-02,-0.0375,-0.000243438
8.9380e-02,-0.025625,-0.000342813
8.9390e-02,-0.0376563,4.6875e-06
8.9400e-02,-0.0365625,-0.0001825
8.9410e-02,-0.0453125,0.000449688
8.9420e-02,-0.0390625,-0.000242188
8.9430e-02,-0.0407813,-0.000459688
8.9440e-02,-0.026875,-0.0007725
8.9450e-02,-0.0409375,0.000203438
8.9460e-02,-0.0528125,0.000301875
8.9470e-02,-0.0375,0.000823125
8.9480e-02,-0.0509375,0.000369063
8.9490e-02,-0.029375,0.000243438
8.9500e-02,-0.0445313,-0.000211563
8.9510e-02,-0.0401563,-0.000408438
8.9520e-02,-0.0420312,-0.000407188
8.9530e-02,-0.03,-7.625e-05
8.9540e-02,-0.02875,0.000135625
8.9550e-02,-0.0379688,0.000191563
8.9560e-02,-0.03625,-0.000371875
8.9570e-02,-0.0395313,-0.000688125
8.9580e-02,-0.0351562,-2.875e-05
8.9590e-02,-0.0373438,6.46875e-05
8.9600e-02,-0.0345312,0.00027125
8.9610e-02,-0.041875,0.000550313
8.9620e-02,-0.0421875,0.000351875
8.9630e-02,-0.0409375,-0.000193125
8.9640e-02,-0.0420312,-0.00011875
8.9650e-02,-0.041875,-0.000120313
8.9660e-02,-0.0270312,0.000714063
8.9670e-02,-0.0384375,0.000455938
8.9680e-02,-0.0304688,0.000445938
8.9690e-02,-0.0357813,-0.000485938
8.9700e-02,-0.0290625,-0.000710938
8.9710e-02,-0.0289063,0.0001075
8.9720e-02,-0.0403125,-5.09375e-05
8.9730e-02,-0.035,0.000230313
8.9740e-02,-0.0571875,0.00044125
8.9750e-02,-0.0246875,0.000170938
8.9760e-02,-0.0409375,-3.34375e-05

