Model,MDO4054-3
Firmware Version,2.20

Waveform Type,ANALOG,
Point Format,Y,
Horizontal Units,s,
Horizontal Scale,0.01,
Horizontal Delay,0.03977,
Sample Interval,1e-05,
Record Length,10000,
Gating,0.0% to 100.0%,
Probe Attenuation,1,
Vertical Units,V,
Vertical Offset,0,
Vertical Scale,1,
Vertical Position,0.02,
,,
,,
,,
Label,,
TIME,CH1,CH2
-1.0230e-02,-0.0451563,-0.00190469
-1.0220e-02,-0.055625,-0.00192969
-1.0210e-02,-0.0495312,-0.00186875
-1.0200e-02,-0.039375,-0.00215875
-1.0190e-02,-0.0560937,-0.00200656
-1.0180e-02,-0.0492188,-0.00208656
-1.0170e-02,-0.0585938,-0.00169313
-1.0160e-02,-0.0451563,-0.00192625
-1.0150e-02,-0.0459375,-0.00175125
-1.0140e-02,-0.0459375,-0.00198125
-1.0130e-02,-0.05375,-0.00229437
-1.0120e-02,-0.0392187,-0.00151594
-1.0110e-02,-0.055625,-0.00186
-1.0100e-02,-0.0445313,-0.00194625
-1.0090e-02,-0.0504687,-0.00241906
-1.0080e-02,-0.0365625,-0.00185344
-1.0070e-02,-0.0385937,-0.00189313
-1.0060e-02,-0.0560937,-0.002225
-1.0050e-02,-0.054375,-0.00207594
-1.0040e-02,-0.0440625,-0.00186563
-1.0030e-02,-0.0504687,-0.0022175
-1.0020e-02,-0.046875,-0.001845
-1.0010e-02,-0.0514063,-0.00211781
-1.0000e-02,-0.061875,-0.00134531
-9.9900e-03,-0.0560937,-0.00178281
-9.9800e-03,-0.051875,-0.00201281
-9.9700e-03,-0.055625,-0.00188969
-9.9600e-03,-0.0521875,-0.0023625
-9.9500e-03,-0.0365625,-0.00160531
-9.9400e-03,-0.04625,-0.00179938
-9.9300e-03,-0.0464062,-0.00224844
-9.9200e-03,-0.0484375,-0.00171094
-9.9100e-03,-0.05,-0.0021675
-9.9000e-03,-0.0409375,-0.002375
-9.8900e-03,-0.0507812,-0.00195344
-9.8800e-03,-0.0410937,-0.00219375
-9.8700e-03,-0.0403125,-0.00162813
-9.8600e-03,-0.043125,-0.00217938
-9.8500e-03,-0.0528125,-0.00224688
-9.8400e-03,-0.0521875,-0.00258156
-9.8300e-03,-0.0517188,-0.00182031
-9.8200e-03,-0.0403125,-0.00200719
-9.8100e-03,-0.0457813,-0.00222781
-9.8000e-03,-0.0484375,-0.00200531
-9.7900e-03,-0.0373438,-0.00230219
-9.7800e-03,-0.0415625,-0.0020925
-9.7700e-03,-0.0420312,-0.00199031
-9.7600e-03,-0.0617188,-0.00210813
-9.7500e-03,-0.0564063,-0.0019475
-9.7400e-03,-0.0515625,-0.00145469
-9.7300e-03,-0.0525,-0.00222656
-9.7200e-03,-0.06375,-0.00227094
-9.7100e-03,-0.0457813,-0.00183906
-9.7000e-03,-0.0514063,-0.0022425
-9.6900e-03,-0.049375,-0.00213125
-9.6800e-03,-0.0482812,-0.00171219
-9.6700e-03,-0.0425,-0.00150063
-9.6600e-03,-0.0501562,-0.00241063
-9.6500e-03,-0.0434375,-0.0016025
-9.6400e-03,-0.0514063,-0.00137344
-9.6300e-03,-0.0553125,-0.00178031
-9.6200e-03,-0.0426562,-0.00162063
-9.6100e-03,-0.0428125,-0.00192813
-9.6000e-03,-0.0573437,-0.00171063
-9.5900e-03,-0.0471875,-0.00198031
-9.5800e-03,-0.0523437,-0.00205688
-9.5700e-03,-0.0467188,-0.00193094
-9.5600e-03,-0.046875,-0.0013525
-9.5500e-03,-0.0520313,-0.001975
-9.5400e-03,-0.0528125,-0.00135844
-9.5300e-03,-0.045625,-0.00218938
-9.5200e-03,-0.0501562,-0.00242219
-9.5100e-03,-0.0567187,-0.00210125
-9.5000e-03,-0.0464062,-0.00207875
-9.4900e-03,-0.0653125,-0.00159969
-9.4800e-03,-0.0542187,-0.00220469
-9.4700e-03,-0.0567187,-0.00160094
-9.4600e-03,-0.051875,-0.00143188
-9.4500e-03,-0.0460938,-0.00176719
-9.4400e-03,-0.0528125,-0.00203313
-9.4300e-03,-0.0476562,-0.00210031
-9.4200e-03,-0.0532813,-0.00184719
-9.4100e-03,-0.046875,-0.00180469
-9.4000e-03,-0.0478125,-0.0015925
-9.3900e-03,-0.0525,-0.00192375
-9.3800e-03,-0.0510938,-0.00173406
-9.3700e-03,-0.05125,-0.00142938
-9.3600e-03,-0.0360938,-0.00174406
-9.3500e-03,-0.04625,-0.00188594
-9.3400e-03,-0.0485938,-0.00196094
-9.3300e-03,-0.051875,-0.00223656
-9.3200e-03,-0.0390625,-0.002035
-9.3100e-03,-0.0426562,-0.00188594
-9.3000e-03,-0.045,-0.00159969
-9.2900e-03,-0.0475,-0.00204813
-9.2800e-03,-0.0485938,-0.00191313
-9.2700e-03,-0.0425,-0.00159313
-9.2600e-03,-0.044375,-0.00195531
-9.2500e-03,-0.0415625,-0.00217906
-9.2400e-03,-0.0445313,-0.00202188
-9.2300e-03,-0.0434375,-0.0019625
-9.2200e-03,-0.045,-0.00207688
-9.2100e-03,-0.0473438,-0.00213094
-9.2000e-03,-0.0504687,-0.00157875
-9.1900e-03,-0.0457813,-0.00252219
-9.1800e-03,-0.0448438,-0.00185938
-9.1700e-03,-0.0529687,-0.00207156
-9.1600e-03,-0.0515625,-0.00226031
-9.1500e-03,-0.054375,-0.00220781
-9.1400e-03,-0.0514063,-0.0020525
-9.1300e-03,-0.0525,-0.00194469
-9.1200e-03,-0.0523437,-0.0016825
-9.1100e-03,-0.0407813,-0.00196594
-9.1000e-03,-0.04125,-0.0022725
-9.0900e-03,-0.0504687,-0.00231531
-9.0800e-03,-0.050625,-0.00163281
-9.0700e-03,-0.0464062,-0.00185875
-9.0600e-03,-0.0434375,-0.00216687
-9.0500e-03,-0.0489062,-0.00217563
-9.0400e-03,-0.036875,-0.00229844
-9.0300e-03,-0.0471875,-0.00176188
-9.0200e-03,-0.0479688,-0.00175969
-9.0100e-03,-0.0542187,-0.00211594
-9.0000e-03,-0.0479688,-0.00176125
-8.9900e-03,-0.0510938,-0.0020925
-8.9800e-03,-0.044375,-0.00149188
-8.9700e-03,-0.04125,-0.00200344
-8.9600e-03,-0.044375,-0.00202812
-8.9500e-03,-0.0389063,-0.00199219
-8.9400e-03,-0.0545313,-0.00205813
-8.9300e-03,-0.0329688,-0.00215938
-8.9200e-03,-0.058125,-0.00170219
-8.9100e-03,-0.0603125,-0.00176219
-8.9000e-03,-0.0404687,-0.00240563
-8.8900e-03,-0.051875,-0.00227063
-8.8800e-03,-0.051875,-0.00228156
-8.8700e-03,-0.0546875,-0.00282844
-8.8600e-03,-0.0546875,-0.00206375
-8.8500e-03,-0.0523437,-0.00174438
-8.8400e-03,-0.0503125,-0.00224563
-8.8300e-03,-0.053125,-0.00155438
-8.8200e-03,-0.054375,-0.00219625
-8.8100e-03,-0.0446875,-0.00205969
-8.8000e-03,-0.039375,-0.00206719
-8.7900e-03,-0.0401563,-0.00171188
-8.7800e-03,-0.0557813,-0.00195844
-8.7700e-03,-0.0629688,-0.0019
-8.7600e-03,-0.0460938,-0.00227031
-8.7500e-03,-0.0415625,-0.0023025
-8.7400e-03,-0.0451563,-0.00170281
-8.7300e-03,-0.0490625,-0.00212375
-8.7200e-03,-0.058125,-0.00205906
-8.7100e-03,-0.0392187,-0.0018225
-8.7000e-03,-0.0426562,-0.00215969
-8.6900e-03,-0.0425,-0.0018125
-8.6800e-03,-0.0534375,-0.00217375
-8.6700e-03,-0.0540625,-0.0021475
-8.6600e-03,-0.0546875,-0.00248625
-8.6500e-03,-0.0517188,-0.002255
-8.6400e-03,-0.05375,-0.0019325
-8.6300e-03,-0.04125,-0.00177469
-8.6200e-03,-0.05,-0.00237188
-8.6100e-03,-0.05,-0.00163875
-8.6000e-03,-0.0551563,-0.00188188
-8.5900e-03,-0.0428125,-0.0019575
-8.5800e-03,-0.0589063,-0.00205844
-8.5700e-03,-0.0496875,-0.00221937
-8.5600e-03,-0.053125,-0.00216719
-8.5500e-03,-0.0414063,-0.00177
-8.5400e-03,-0.0565625,-0.00182063
-8.5300e-03,-0.0495312,-0.00206062
-8.5200e-03,-0.0578125,-0.00188188
-8.5100e-03,-0.0490625,-0.00238063
-8.5000e-03,-0.0515625,-0.00253531
-8.4900e-03,-0.051875,-0.00205594
-8.4800e-03,-0.0432813,-0.00201719
-8.4700e-03,-0.0395313,-0.00268938
-8.4600e-03,-0.0428125,-0.00224688
-8.4500e-03,-0.0420312,-0.00164156
-8.4400e-03,-0.0582813,-0.00157281
-8.4300e-03,-0.0446875,-0.00200438
-8.4200e-03,-0.05625,-0.00169406
-8.4100e-03,-0.0464062,-0.0019625
-8.4000e-03,-0.045,-0.00219438
-8.3900e-03,-0.0451563,-0.00204313
-8.3800e-03,-0.0451563,-0.00194438
-8.3700e-03,-0.03875,-0.00158125
-8.3600e-03,-0.0576563,-0.00132094
-8.3500e-03,-0.04125,-0.00120406
-8.3400e-03,-0.0485938,-0.00190375
-8.3300e-03,-0.0503125,-0.00167438
-8.3200e-03,-0.0514063,-0.00199719
-8.3100e-03,-0.0525,-0.00200875
-8.3000e-03,-0.0576563,-0.00203281
-8.2900e-03,-0.0523437,-0.00230625
-8.2800e-03,-0.0501562,-0.00224875
-8.2700e-03,-0.0479688,-0.00215531
-8.2600e-03,-0.0473438,-0.00243781
-8.2500e-03,-0.0539063,-0.00233844
-8.2400e-03,-0.0398437,-0.0019525
-8.2300e-03,-0.0420312,-0.00189813
-8.2200e-03,-0.0520313,-0.002165
-8.2100e-03,-0.0451563,-0.00213437
-8.2000e-03,-0.060625,-0.00220219
-8.1900e-03,-0.0498438,-0.00174875
-8.1800e-03,-0.03875,-0.0021375
-8.1700e-03,-0.0579687,-0.002265
-8.1600e-03,-0.0453125,-0.00217656
-8.1500e-03,-0.0514063,-0.0021575
-8.1400e-03,-0.04625,-0.00219219
-8.1300e-03,-0.04375,-0.00231219
-8.1200e-03,-0.0451563,-0.0017225
-8.1100e-03,-0.0417187,-0.00172094
-8.1000e-03,-0.0551563,-0.00170719
-8.0900e-03,-0.0432813,-0.00146969
-8.0800e-03,-0.0489062,-0.00186313
-8.0700e-03,-0.059375,-0.00228219
-8.0600e-03,-0.0503125,-0.0021275
-8.0500e-03,-0.0464062,-0.00178281
-8.0400e-03,-0.0490625,-0.0019475
-8.0300e-03,-0.0565625,-0.0013925
-8.0200e-03,-0.0465625,-0.00182094
-8.0100e-03,-0.050625,-0.00169188
-8.0000e-03,-0.0415625,-0.00193938
-7.9900e-03,-0.0454688,-0.00173219
-7.9800e-03,-0.0639062,-0.00204
-7.9700e-03,-0.0521875,-0.00219969
-7.9600e-03,-0.0432813,-0.00190875
-7.9500e-03,-0.049375,-0.00214938
-7.9400e-03,-0.0348437,-0.00167344
-7.9300e-03,-0.0553125,-0.00231438
-7.9200e-03,-0.05125,-0.00244563
-7.9100e-03,-0.0448438,-0.00207062
-7.9000e-03,-0.0434375,-0.00206813
-7.8900e-03,-0.053125,-0.00185875
-7.8800e-03,-0.0371875,-0.0019075
-7.8700e-03,-0.0395313,-0.00193844
-7.8600e-03,-0.0560937,-0.00189031
-7.8500e-03,-0.0559375,-0.00210156
-7.8400e-03,-0.0535937,-0.0020525
-7.8300e-03,-0.048125,-0.00188875
-7.8200e-03,-0.046875,-0.00174406
-7.8100e-03,-0.0492188,-0.00206313
-7.8000e-03,-0.0435938,-0.00213281
-7.7900e-03,-0.0484375,-0.00234125
-7.7800e-03,-0.0464062,-0.00196125
-7.7700e-03,-0.05625,-0.00237844
-7.7600e-03,-0.0435938,-0.00233563
-7.7500e-03,-0.0471875,-0.00196156
-7.7400e-03,-0.0440625,-0.0017575
-7.7300e-03,-0.0546875,-0.0015025
-7.7200e-03,-0.0529687,-0.00207406
-7.7100e-03,-0.0503125,-0.00194938
-7.7000e-03,-0.0298438,-0.00161844
-7.6900e-03,-0.05,-0.00223094
-7.6800e-03,-0.0415625,-0.00227875
-7.6700e-03,-0.0545313,-0.00245219
-7.6600e-03,-0.0539063,-0.00255969
-7.6500e-03,-0.0434375,-0.00197375
-7.6400e-03,-0.0335937,-0.00219156
-7.6300e-03,-0.0470312,-0.00157938
-7.6200e-03,-0.0476562,-0.00173188
-7.6100e-03,-0.0484375,-0.00112031
-7.6000e-03,-0.0432813,-0.00179313
-7.5900e-03,-0.045625,-0.001875
-7.5800e-03,-0.0523437,-0.00190281
-7.5700e-03,-0.0414063,-0.0019975
-7.5600e-03,-0.0514063,-0.00150219
-7.5500e-03,-0.0528125,-0.00194281
-7.5400e-03,-0.0501562,-0.00207875
-7.5300e-03,-0.0479688,-0.00192906
-7.5200e-03,-0.0445313,-0.0019575
-7.5100e-03,-0.0535937,-0.00241625
-7.5000e-03,-0.0525,-0.00203281
-7.4900e-03,-0.0553125,-0.00192781
-7.4800e-03,-0.035625,-0.001775
-7.4700e-03,-0.0520313,-0.00198406
-7.4600e-03,-0.0446875,-0.00122063
-7.4500e-03,-0.0510938,-0.00202219
-7.4400e-03,-0.0521875,-0.00151156
-7.4300e-03,-0.0585938,-0.00212563
-7.4200e-03,-0.0467188,-0.00236344
-7.4100e-03,-0.0476562,-0.00176563
-7.4000e-03,-0.0417187,-0.00135813
-7.3900e-03,-0.046875,-0.00192031
-7.3800e-03,-0.0446875,-0.00169563
-7.3700e-03,-0.0475,-0.00165469
-7.3600e-03,-0.0534375,-0.00183375
-7.3500e-03,-0.0448438,-0.00191625
-7.3400e-03,-0.0520313,-0.00172375
-7.3300e-03,-0.0421875,-0.00228031
-7.3200e-03,-0.049375,-0.00125469
-7.3100e-03,-0.045,-0.00186188
-7.3000e-03,-0.0365625,-0.00165125
-7.2900e-03,-0.0446875,-0.00211344
-7.2800e-03,-0.058125,-0.00210375
-7.2700e-03,-0.055,-0.00231219
-7.2600e-03,-0.04625,-0.001545
-7.2500e-03,-0.043125,-0.00265406
-7.2400e-03,-0.0523437,-0.00220125
-7.2300e-03,-0.049375,-0.0020425
-7.2200e-03,-0.0495312,-0.00237937
-7.2100e-03,-0.0448438,-0.00155094
-7.2000e-03,-0.0351562,-0.00216969
-7.1900e-03,-0.05125,-0.00205781
-7.1800e-03,-0.053125,-0.00235031
-7.1700e-03,-0.0473438,-0.00198406
-7.1600e-03,-0.0457813,-0.00214844
-7.1500e-03,-0.0526563,-0.00186469
-7.1400e-03,-0.0378125,-0.0015825
-7.1300e-03,-0.0521875,-0.00181063
-7.1200e-03,-0.0523437,-0.00207125
-7.1100e-03,-0.035,-0.00162469
-7.1000e-03,-0.041875,-0.00204875
-7.0900e-03,-0.0510938,-0.00213625
-7.0800e-03,-0.03625,-0.0018775
-7.0700e-03,-0.0489062,-0.00162563
-7.0600e-03,-0.0517188,-0.00230594
-7.0500e-03,-0.053125,-0.00236844
-7.0400e-03,-0.0528125,-0.00227406
-7.0300e-03,-0.04625,-0.00230563
-7.0200e-03,-0.0467188,-0.00212375
-7.0100e-03,-0.05,-0.00221219
-7.0000e-03,-0.0479688,-0.0022
-6.9900e-03,-0.0342187,-0.00205781
-6.9800e-03,-0.0532813,-0.00185063
-6.9700e-03,-0.0548437,-0.00163438
-6.9600e-03,-0.0370313,-0.00208969
-6.9500e-03,-0.0425,-0.00204156
-6.9400e-03,-0.0395313,-0.00200531
-6.9300e-03,-0.048125,-0.00156531
-6.9200e-03,-0.0428125,-0.00205
-6.9100e-03,-0.0589063,-0.00162563
-6.9000e-03,-0.0503125,-0.00183656
-6.8900e-03,-0.0457813,-0.00169781
-6.8800e-03,-0.040625,-0.00201844
-6.8700e-03,-0.05,-0.00179781
-6.8600e-03,-0.04875,-0.00119625
-6.8500e-03,-0.048125,-0.00207719
-6.8400e-03,-0.0448438,-0.0022125
-6.8300e-03,-0.05375,-0.00241031
-6.8200e-03,-0.053125,-0.001825
-6.8100e-03,-0.0496875,-0.00183906
-6.8000e-03,-0.0453125,-0.00126656
-6.7900e-03,-0.04625,-0.00179844
-6.7800e-03,-0.045,-0.00199469
-6.7700e-03,-0.0379688,-0.00162625
-6.7600e-03,-0.0359375,-0.00203344
-6.7500e-03,-0.0545313,-0.00164688
-6.7400e-03,-0.0471875,-0.0020975
-6.7300e-03,-0.048125,-0.00192094
-6.7200e-03,-0.04875,-0.002085
-6.7100e-03,-0.04875,-0.0021075
-6.7000e-03,-0.0435938,-0.001275
-6.6900e-03,-0.048125,-0.00187656
-6.6800e-03,-0.0410937,-0.00158531
-6.6700e-03,-0.0564063,-0.00164188
-6.6600e-03,-0.0409375,-0.00217031
-6.6500e-03,-0.0357813,-0.00164219
-6.6400e-03,-0.0534375,-0.00186875
-6.6300e-03,-0.0579687,-0.00222344
-6.6200e-03,-0.0484375,-0.00214313
-6.6100e-03,-0.0621875,-0.00216969
-6.6000e-03,-0.0476562,-0.00143563
-6.5900e-03,-0.0515625,-0.00183094
-6.5800e-03,-0.048125,-0.00161969
-6.5700e-03,-0.04375,-0.00186031
-6.5600e-03,-0.0560937,-0.00199625
-6.5500e-03,-0.0484375,-0.00238219
-6.5400e-03,-0.0521875,-0.00206062
-6.5300e-03,-0.0490625,-0.00222625
-6.5200e-03,-0.0510938,-0.00194344
-6.5100e-03,-0.0485938,-0.00149906
-6.5000e-03,-0.0478125,-0.00196781
-6.4900e-03,-0.0473438,-0.00238656
-6.4800e-03,-0.0559375,-0.00196938
-6.4700e-03,-0.0442188,-0.001825
-6.4600e-03,-0.0373438,-0.00220594
-6.4500e-03,-0.0375,-0.00202375
-6.4400e-03,-0.0479688,-0.00217813
-6.4300e-03,-0.0521875,-0.00237219
-6.4200e-03,-0.0560937,-0.00230531
-6.4100e-03,-0.0423437,-0.0017175
-6.4000e-03,-0.0442188,-0.00209688
-6.3900e-03,-0.060625,-0.00190469
-6.3800e-03,-0.0529687,-0.00139281
-6.3700e-03,-0.0360938,-0.00195063
-6.3600e-03,-0.0532813,-0.00209219
-6.3500e-03,-0.0501562,-0.00197156
-6.3400e-03,-0.0495312,-0.00174375
-6.3300e-03,-0.043125,-0.00220438
-6.3200e-03,-0.0454688,-0.00215219
-6.3100e-03,-0.0478125,-0.00227969
-6.3000e-03,-0.0492188,-0.00214813
-6.2900e-03,-0.0525,-0.00219
-6.2800e-03,-0.0465625,-0.00236188
-6.2700e-03,-0.0459375,-0.00163438
-6.2600e-03,-0.038125,-0.00163125
-6.2500e-03,-0.0479688,-0.00206719
-6.2400e-03,-0.0498438,-0.00167375
-6.2300e-03,-0.0485938,-0.0022825
-6.2200e-03,-0.0485938,-0.00208844
-6.2100e-03,-0.0582813,-0.0021575
-6.2000e-03,-0.0607812,-0.00206406
-6.1900e-03,-0.0354688,-0.00198219
-6.1800e-03,-0.0432813,-0.0022125
-6.1700e-03,-0.055,-0.00189344
-6.1600e-03,-0.0515625,-0.00198719
-6.1500e-03,-0.0551563,-0.00194719
-6.1400e-03,-0.0398437,-0.0016275
-6.1300e-03,-0.0625,-0.00227563
-6.1200e-03,-0.04875,-0.00186125
-6.1100e-03,-0.0485938,-0.00181531
-6.1000e-03,-0.0528125,-0.00246063
-6.0900e-03,-0.0565625,-0.00199344
-6.0800e-03,-0.0473438,-0.0021725
-6.0700e-03,-0.0570313,-0.00220063
-6.0600e-03,-0.0479688,-0.00186219
-6.0500e-03,-0.0435938,-0.00150531
-6.0400e-03,-0.0401563,-0.00132438
-6.0300e-03,-0.044375,-0.0015575
-6.0200e-03,-0.0442188,-0.00137125
-6.0100e-03,-0.0478125,-0.00205531
-6.0000e-03,-0.0414063,-0.00224656
-5.9900e-03,-0.0423437,-0.00197688
-5.9800e-03,-0.049375,-0.00205688
-5.9700e-03,-0.0453125,-0.00190063
-5.9600e-03,-0.0496875,-0.0017225
-5.9500e-03,-0.0504687,-0.00248188
-5.9400e-03,-0.0526563,-0.00211219
-5.9300e-03,-0.0553125,-0.00170719
-5.9200e-03,-0.04625,-0.0025575
-5.9100e-03,-0.04875,-0.00221156
-5.9000e-03,-0.0495312,-0.00176594
-5.8900e-03,-0.0420312,-0.00207906
-5.8800e-03,-0.043125,-0.0019275
-5.8700e-03,-0.048125,-0.0018125
-5.8600e-03,-0.0526563,-0.00149438
-5.8500e-03,-0.0507812,-0.00188344
-5.8400e-03,-0.0539063,-0.00207875
-5.8300e-03,-0.058125,-0.00214906
-5.8200e-03,-0.0475,-0.00213625
-5.8100e-03,-0.0465625,-0.00226375
-5.8000e-03,-0.0379688,-0.00181188
-5.7900e-03,-0.0484375,-0.00194813
-5.7800e-03,-0.0490625,-0.00188844
-5.7700e-03,-0.0507812,-0.00211844
-5.7600e-03,-0.0548437,-0.00183469
-5.7500e-03,-0.0565625,-0.00193594
-5.7400e-03,-0.054375,-0.00223344
-5.7300e-03,-0.0457813,-0.00245188
-5.7200e-03,-0.04625,-0.00173344
-5.7100e-03,-0.04625,-0.00185344
-5.7000e-03,-0.0595313,-0.00179656
-5.6900e-03,-0.060625,-0.00194281
-5.6800e-03,-0.0340625,-0.00161313
-5.6700e-03,-0.049375,-0.00139156
-5.6600e-03,-0.0507812,-0.00206813
-5.6500e-03,-0.0375,-0.00224344
-5.6400e-03,-0.0623438,-0.00204
-5.6300e-03,-0.0523437,-0.00187469
-5.6200e-03,-0.0428125,-0.0020975
-5.6100e-03,-0.05625,-0.00220094
-5.6000e-03,-0.0451563,-0.0018075
-5.5900e-03,-0.0448438,-0.00233625
-5.5800e-03,-0.0471875,-0.00197656
-5.5700e-03,-0.0515625,-0.00221719
-5.5600e-03,-0.0423437,-0.00228906
-5.5500e-03,-0.0485938,-0.00209719
-5.5400e-03,-0.0448438,-0.00211563
-5.5300e-03,-0.0489062,-0.00202125
-5.5200e-03,-0.0473438,-0.00201375
-5.5100e-03,-0.055,-0.00187688
-5.5000e-03,-0.0532813,-0.00180813
-5.4900e-03,-0.0476562,-0.00211031
-5.4800e-03,-0.0404687,-0.00175375
-5.4700e-03,-0.0320312,-0.00183313
-5.4600e-03,-0.0476562,-0.00196031
-5.4500e-03,-0.0521875,-0.00184188
-5.4400e-03,-0.0342187,-0.00166563
-5.4300e-03,-0.0479688,-0.001675
-5.4200e-03,-0.0425,-0.00187219
-5.4100e-03,-0.0528125,-0.00181688
-5.4000e-03,-0.0392187,-0.00197531
-5.3900e-03,-0.0501562,-0.00184938
-5.3800e-03,-0.0478125,-0.00207781
-5.3700e-03,-0.04875,-0.00168063
-5.3600e-03,-0.0428125,-0.00212656
-5.3500e-03,-0.0423437,-0.00137719
-5.3400e-03,-0.05375,-0.00166031
-5.3300e-03,-0.055,-0.00188594
-5.3200e-03,-0.0517188,-0.00201438
-5.3100e-03,-0.044375,-0.0022775
-5.3000e-03,-0.0473438,-0.00187406
-5.2900e-03,-0.0542187,-0.00208813
-5.2800e-03,-0.0564063,-0.00184656
-5.2700e-03,-0.0551563,-0.00194469
-5.2600e-03,-0.0457813,-0.00247031
-5.2500e-03,-0.0554687,-0.00186625
-5.2400e-03,-0.043125,-0.00198313
-5.2300e-03,-0.0496875,-0.00172531
-5.2200e-03,-0.0520313,-0.00143313
-5.2100e-03,-0.0390625,-0.00150031
-5.2000e-03,-0.0485938,-0.00237313
-5.1900e-03,-0.0565625,-0.00176094
-5.1800e-03,-0.0454688,-0.00181813
-5.1700e-03,-0.0392187,-0.00225094
-5.1600e-03,-0.0501562,-0.00155594
-5.1500e-03,-0.026875,-0.0018375
-5.1400e-03,-0.041875,-0.00187813
-5.1300e-03,-0.0570313,-0.00220313
-5.1200e-03,-0.05875,-0.0018725
-5.1100e-03,-0.049375,-0.00172688
-5.1000e-03,-0.0596875,-0.00231594
-5.0900e-03,-0.0370313,-0.00193281
-5.0800e-03,-0.0432813,-0.00177344
-5.0700e-03,-0.0503125,-0.00167719
-5.0600e-03,-0.0435938,-0.002095
-5.0500e-03,-0.0503125,-0.00209063
-5.0400e-03,-0.0459375,-0.00216906
-5.0300e-03,-0.0432813,-0.0020325
-5.0200e-03,-0.0479688,-0.00252125
-5.0100e-03,-0.0409375,-0.00197375
-5.0000e-03,-0.0432813,-0.002225
-4.9900e-03,-0.0525,-0.00182656
-4.9800e-03,-0.0460938,-0.00215656
-4.9700e-03,-0.0559375,-0.002005
-4.9600e-03,-0.0540625,-0.00149844
-4.9500e-03,-0.0592188,-0.00161313
-4.9400e-03,-0.051875,-0.00242156
-4.9300e-03,-0.0510938,-0.00199063
-4.9200e-03,-0.044375,-0.00198781
-4.9100e-03,-0.0492188,-0.00161344
-4.9000e-03,-0.0417187,-0.00250469
-4.8900e-03,-0.0539063,-0.00136
-4.8800e-03,-0.0520313,-0.00152688
-4.8700e-03,-0.0446875,-0.00190438
-4.8600e-03,-0.0510938,-0.00184344
-4.8500e-03,-0.0484375,-0.00190438
-4.8400e-03,-0.0525,-0.00153719
-4.8300e-03,-0.0459375,-0.00185
-4.8200e-03,-0.05125,-0.00186156
-4.8100e-03,-0.0557813,-0.0020175
-4.8000e-03,-0.0520313,-0.00212594
-4.7900e-03,-0.0526563,-0.00205
-4.7800e-03,-0.0485938,-0.00200719
-4.7700e-03,-0.0446875,-0.00228344
-4.7600e-03,-0.0520313,-0.00221344
-4.7500e-03,-0.0554687,-0.00178219
-4.7400e-03,-0.0445313,-0.00173469
-4.7300e-03,-0.0510938,-0.00201656
-4.7200e-03,-0.0415625,-0.00222938
-4.7100e-03,-0.0473438,-0.00226875
-4.7000e-03,-0.0453125,-0.00145063
-4.6900e-03,-0.0421875,-0.00145219
-4.6800e-03,-0.0382813,-0.00262219
-4.6700e-03,-0.0365625,-0.0020475
-4.6600e-03,-0.0485938,-0.00169438
-4.6500e-03,-0.0529687,-0.002335
-4.6400e-03,-0.04875,-0.002395
-4.6300e-03,-0.0379688,-0.00188125
-4.6200e-03,-0.0414063,-0.00228594
-4.6100e-03,-0.05,-0.00171094
-4.6000e-03,-0.0521875,-0.00232125
-4.5900e-03,-0.049375,-0.00149281
-4.5800e-03,-0.04375,-0.00233875
-4.5700e-03,-0.0426562,-0.00212156
-4.5600e-03,-0.0448438,-0.00234563
-4.5500e-03,-0.0435938,-0.00197813
-4.5400e-03,-0.045625,-0.00248844
-4.5300e-03,-0.060625,-0.00210875
-4.5200e-03,-0.0414063,-0.00213656
-4.5100e-03,-0.0453125,-0.00199625
-4.5000e-03,-0.0498438,-0.00217563
-4.4900e-03,-0.0454688,-0.00168875
-4.4800e-03,-0.0470312,-0.00230219
-4.4700e-03,-0.049375,-0.00175813
-4.4600e-03,-0.0459375,-0.00187906
-4.4500e-03,-0.0465625,-0.00155938
-4.4400e-03,-0.0428125,-0.00152531
-4.4300e-03,-0.0528125,-0.00187344
-4.4200e-03,-0.0470312,-0.00203156
-4.4100e-03,-0.0479688,-0.00208875
-4.4000e-03,-0.050625,-0.00196781
-4.3900e-03,-0.046875,-0.0019525
-4.3800e-03,-0.0446875,-0.0018
-4.3700e-03,-0.0420312,-0.00229156
-4.3600e-03,-0.0514063,-0.00169844
-4.3500e-03,-0.0421875,-0.00199875
-4.3400e-03,-0.0395313,-0.00236438
-4.3300e-03,-0.0489062,-0.00175969
-4.3200e-03,-0.044375,-0.00231031
-4.3100e-03,-0.0507812,-0.00210875
-4.3000e-03,-0.0521875,-0.00179563
-4.2900e-03,-0.05125,-0.00167188
-4.2800e-03,-0.0473438,-0.0020825
-4.2700e-03,-0.05625,-0.00212313
-4.2600e-03,-0.0603125,-0.00215719
-4.2500e-03,-0.0546875,-0.00228906
-4.2400e-03,-0.0576563,-0.002085
-4.2300e-03,-0.039375,-0.00158906
-4.2200e-03,-0.0329688,-0.0019
-4.2100e-03,-0.0398437,-0.00224219
-4.2000e-03,-0.0442188,-0.00181406
-4.1900e-03,-0.0567187,-0.00165625
-4.1800e-03,-0.0489062,-0.00189438
-4.1700e-03,-0.0428125,-0.00220313
-4.1600e-03,-0.03875,-0.00234313
-4.1500e-03,-0.0454688,-0.00201781
-4.1400e-03,-0.0560937,-0.00198875
-4.1300e-03,-0.0448438,-0.00202375
-4.1200e-03,-0.0546875,-0.00159781
-4.1100e-03,-0.0471875,-0.00164813
-4.1000e-03,-0.04625,-0.00191844
-4.0900e-03,-0.0553125,-0.00209813
-4.0800e-03,-0.0557813,-0.00179469
-4.0700e-03,-0.0471875,-0.00189656
-4.0600e-03,-0.0496875,-0.00214094
-4.0500e-03,-0.0426562,-0.00220469
-4.0400e-03,-0.0484375,-0.00221438
-4.0300e-03,-0.0340625,-0.00234656
-4.0200e-03,-0.0554687,-0.00186719
-4.0100e-03,-0.0517188,-0.00188563
-4.0000e-03,-0.03875,-0.00245125
-3.9900e-03,-0.0420312,-0.00159094
-3.9800e-03,-0.0545313,-0.00130531
-3.9700e-03,-0.051875,-0.00213844
-3.9600e-03,-0.0428125,-0.00205594
-3.9500e-03,-0.0426562,-0.00175188
-3.9400e-03,-0.045625,-0.00236844
-3.9300e-03,-0.039375,-0.00156375
-3.9200e-03,-0.0442188,-0.00208531
-3.9100e-03,-0.0495312,-0.00217344
-3.9000e-03,-0.043125,-0.00196781
-3.8900e-03,-0.0459375,-0.00161063
-3.8800e-03,-0.0482812,-0.00202844
-3.8700e-03,-0.05125,-0.00195125
-3.8600e-03,-0.0428125,-0.00232031
-3.8500e-03,-0.0453125,-0.00232906
-3.8400e-03,-0.0396875,-0.00214094
-3.8300e-03,-0.0395313,-0.00168375
-3.8200e-03,-0.0490625,-0.00222
-3.8100e-03,-0.058125,-0.00169188
-3.8000e-03,-0.0445313,-0.001905
-3.7900e-03,-0.0417187,-0.0020375
-3.7800e-03,-0.055625,-0.00198969
-3.7700e-03,-0.0489062,-0.00203344
-3.7600e-03,-0.05,-0.00210469
-3.7500e-03,-0.0521875,-0.002045
-3.7400e-03,-0.0560937,-0.0024075
-3.7300e-03,-0.05125,-0.00212813
-3.7200e-03,-0.045625,-0.00154781
-3.7100e-03,-0.0475,-0.00156531
-3.7000e-03,-0.0520313,-0.00143188
-3.6900e-03,-0.0520313,-0.001815
-3.6800e-03,-0.0626562,-0.00203844
-3.6700e-03,-0.050625,-0.00210875
-3.6600e-03,-0.0507812,-0.00223875
-3.6500e-03,-0.0484375,-0.00190188
-3.6400e-03,-0.0539063,-0.00190531
-3.6300e-03,-0.0429688,-0.00191656
-3.6200e-03,-0.0475,-0.00207
-3.6100e-03,-0.0454688,-0.00179625
-3.6000e-03,-0.056875,-0.00210781
-3.5900e-03,-0.0520313,-0.00221375
-3.5800e-03,-0.0321875,-0.00184563
-3.5700e-03,-0.049375,-0.00192625
-3.5600e-03,-0.0454688,-0.00190406
-3.5500e-03,-0.038125,-0.00210063
-3.5400e-03,-0.03875,-0.00206594
-3.5300e-03,-0.0614062,-0.00168094
-3.5200e-03,-0.0423437,-0.00142469
-3.5100e-03,-0.0517188,-0.00184594
-3.5000e-03,-0.0540625,-0.00198156
-3.4900e-03,-0.0473438,-0.00173125
-3.4800e-03,-0.0385937,-0.00209406
-3.4700e-03,-0.0489062,-0.00237406
-3.4600e-03,-0.0585938,-0.0022575
-3.4500e-03,-0.0565625,-0.0017625
-3.4400e-03,-0.0490625,-0.00191
-3.4300e-03,-0.0440625,-0.00198844
-3.4200e-03,-0.0446875,-0.00165438
-3.4100e-03,-0.0479688,-0.00178969
-3.4000e-03,-0.0373438,-0.001875
-3.3900e-03,-0.0471875,-0.00164469
-3.3800e-03,-0.04875,-0.00183219
-3.3700e-03,-0.0457813,-0.00226219
-3.3600e-03,-0.0507812,-0.00184219
-3.3500e-03,-0.0571875,-0.00193063
-3.3400e-03,-0.0351562,-0.00240469
-3.3300e-03,-0.0528125,-0.00200625
-3.3200e-03,-0.0484375,-0.001965
-3.3100e-03,-0.0467188,-0.00209563
-3.3000e-03,-0.0578125,-0.00179375
-3.2900e-03,-0.045625,-0.002155
-3.2800e-03,-0.04375,-0.0016
-3.2700e-03,-0.05125,-0.00244375
-3.2600e-03,-0.03875,-0.00198125
-3.2500e-03,-0.0546875,-0.00209938
-3.2400e-03,-0.0579687,-0.00203594
-3.2300e-03,-0.0435938,-0.00180813
-3.2200e-03,-0.0457813,-0.00199906
-3.2100e-03,-0.046875,-0.00230094
-3.2000e-03,-0.0565625,-0.00188344
-3.1900e-03,-0.0446875,-0.00235344
-3.1800e-03,-0.0342187,-0.00242781
-3.1700e-03,-0.0415625,-0.00214375
-3.1600e-03,-0.0589063,-0.0021475
-3.1500e-03,-0.0504687,-0.00178219
-3.1400e-03,-0.0415625,-0.00236406
-3.1300e-03,-0.05125,-0.00222875
-3.1200e-03,-0.050625,-0.00151
-3.1100e-03,-0.0467188,-0.00203594
-3.1000e-03,-0.0614062,-0.00160469
-3.0900e-03,-0.0501562,-0.00188719
-3.0800e-03,-0.0485938,-0.00190875
-3.0700e-03,-0.0490625,-0.00194063
-3.0600e-03,-0.0467188,-0.00192125
-3.0500e-03,-0.0451563,-0.00215656
-3.0400e-03,-0.05375,-0.0023025
-3.0300e-03,-0.031875,-0.001755
-3.0200e-03,-0.04875,-0.00172719
-3.0100e-03,-0.041875,-0.00210031
-3.0000e-03,-0.0534375,-0.001985
-2.9900e-03,-0.0534375,-0.00213125
-2.9800e-03,-0.0445313,-0.00218594
-2.9700e-03,-0.0428125,-0.00164781
-2.9600e-03,-0.0440625,-0.00218438
-2.9500e-03,-0.0354688,-0.0022325
-2.9400e-03,-0.0390625,-0.00216
-2.9300e-03,-0.0421875,-0.00188688
-2.9200e-03,-0.0601562,-0.00233594
-2.9100e-03,-0.04125,-0.00208938
-2.9000e-03,-0.045,-0.0018425
-2.8900e-03,-0.0515625,-0.00236313
-2.8800e-03,-0.049375,-0.00212156
-2.8700e-03,-0.0484375,-0.00228594
-2.8600e-03,-0.0440625,-0.00209625
-2.8500e-03,-0.0396875,-0.00253531
-2.8400e-03,-0.0445313,-0.00177656
-2.8300e-03,-0.063125,-0.00202125
-2.8200e-03,-0.0420312,-0.001725
-2.8100e-03,-0.051875,-0.00218812
-2.8000e-03,-0.0426562,-0.00243625
-2.7900e-03,-0.0464062,-0.00167094
-2.7800e-03,-0.0421875,-0.00214594
-2.7700e-03,-0.036875,-0.00192875
-2.7600e-03,-0.0560937,-0.00191719
-2.7500e-03,-0.04875,-0.00214313
-2.7400e-03,-0.050625,-0.00167688
-2.7300e-03,-0.0346875,-0.00228156
-2.7200e-03,-0.0520313,-0.00179188
-2.7100e-03,-0.0423437,-0.00187938
-2.7000e-03,-0.0470312,-0.00185219
-2.6900e-03,-0.0457813,-0.00167844
-2.6800e-03,-0.03625,-0.00222156
-2.6700e-03,-0.056875,-0.00214219
-2.6600e-03,-0.0492188,-0.00242438
-2.6500e-03,-0.0446875,-0.00226969
-2.6400e-03,-0.0521875,-0.0015475
-2.6300e-03,-0.0515625,-0.00272156
-2.6200e-03,-0.0425,-0.00209531
-2.6100e-03,-0.0446875,-0.0015825
-2.6000e-03,-0.050625,-0.0015925
-2.5900e-03,-0.0357813,-0.00225875
-2.5800e-03,-0.0514063,-0.00183344
-2.5700e-03,-0.0595313,-0.00227438
-2.5600e-03,-0.0439063,-0.00155188
-2.5500e-03,-0.0328125,-0.00267938
-2.5400e-03,-0.0410937,-0.00221781
-2.5300e-03,-0.0523437,-0.0017825
-2.5200e-03,-0.0498438,-0.00211406
-2.5100e-03,-0.04,-0.00217031
-2.5000e-03,-0.05875,-0.00210938
-2.4900e-03,-0.0478125,-0.002015
-2.4800e-03,-0.0307813,-0.0016
-2.4700e-03,-0.0579687,-0.00221531
-2.4600e-03,-0.05,-0.00213813
-2.4500e-03,-0.0457813,-0.00210844
-2.4400e-03,-0.0535937,-0.00219
-2.4300e-03,-0.0432813,-0.00213469
-2.4200e-03,-0.0478125,-0.00229094
-2.4100e-03,-0.0453125,-0.00239688
-2.4000e-03,-0.0423437,-0.00216281
-2.3900e-03,-0.0476562,-0.00180313
-2.3800e-03,-0.0440625,-0.00203688
-2.3700e-03,-0.0509375,-0.00199063
-2.3600e-03,-0.049375,-0.0018125
-2.3500e-03,-0.0526563,-0.001365
-2.3400e-03,-0.0407813,-0.00183375
-2.3300e-03,-0.0560937,-0.00178563
-2.3200e-03,-0.0525,-0.00198375
-2.3100e-03,-0.0603125,-0.00183125
-2.3000e-03,-0.050625,-0.00176313
-2.2900e-03,-0.0495312,-0.00203906
-2.2800e-03,-0.0476562,-0.00207406
-2.2700e-03,-0.0459375,-0.00165938
-2.2600e-03,-0.0457813,-0.00197313
-2.2500e-03,-0.0340625,-0.0016425
-2.2400e-03,-0.0498438,-0.00189375
-2.2300e-03,-0.04625,-0.00215813
-2.2200e-03,-0.0454688,-0.00212188
-2.2100e-03,-0.0489062,-0.00206313
-2.2000e-03,-0.05875,-0.00222531
-2.1900e-03,-0.0564063,-0.00226125
-2.1800e-03,-0.0528125,-0.002605
-2.1700e-03,-0.0510938,-0.00165844
-2.1600e-03,-0.0523437,-0.00227938
-2.1500e-03,-0.0346875,-0.00198781
-2.1400e-03,-0.0514063,-0.00226063
-2.1300e-03,-0.0504687,-0.00182406
-2.1200e-03,-0.053125,-0.002055
-2.1100e-03,-0.0482812,-0.00169875
-2.1000e-03,-0.0482812,-0.00184813
-2.0900e-03,-0.0395313,-0.00187906
-2.0800e-03,-0.0489062,-0.00228438
-2.0700e-03,-0.0365625,-0.00227281
-2.0600e-03,-0.04125,-0.00179469
-2.0500e-03,-0.0517188,-0.00195781
-2.0400e-03,-0.0353125,-0.00182719
-2.0300e-03,-0.048125,-0.00263469
-2.0200e-03,-0.0342187,-0.00235563
-2.0100e-03,-0.0407813,-0.00253031
-2.0000e-03,-0.0482812,-0.00209187
-1.9900e-03,-0.0467188,-0.00177719
-1.9800e-03,-0.0590625,-0.00164688
-1.9700e-03,-0.0557813,-0.00201625
-1.9600e-03,-0.064375,-0.00162344
-1.9500e-03,-0.0453125,-0.00136344
-1.9400e-03,-0.0559375,-0.00182156
-1.9300e-03,-0.0510938,-0.00168531
-1.9200e-03,-0.0473438,-0.00260063
-1.9100e-03,-0.0535937,-0.00210875
-1.9000e-03,-0.04625,-0.00236813
-1.8900e-03,-0.0451563,-0.00219406
-1.8800e-03,-0.0590625,-0.00203344
-1.8700e-03,-0.0370313,-0.00210781
-1.8600e-03,-0.0485938,-0.0015625
-1.8500e-03,-0.0425,-0.00175156
-1.8400e-03,-0.0484375,-0.00228094
-1.8300e-03,-0.043125,-0.00233781
-1.8200e-03,-0.055625,-0.00208656
-1.8100e-03,-0.0528125,-0.00211969
-1.8000e-03,-0.0428125,-0.00181844
-1.7900e-03,-0.0570313,-0.00194813
-1.7800e-03,-0.04375,-0.00174781
-1.7700e-03,-0.060625,-0.00158813
-1.7600e-03,-0.0446875,-0.00209375
-1.7500e-03,-0.0478125,-0.00221906
-1.7400e-03,-0.0473438,-0.00210031
-1.7300e-03,-0.0428125,-0.00195719
-1.7200e-03,-0.0484375,-0.00201344
-1.7100e-03,-0.0434375,-0.00178031
-1.7000e-03,-0.0445313,-0.00203156
-1.6900e-03,-0.0465625,-0.00195437
-1.6800e-03,-0.044375,-0.00184719
-1.6700e-03,-0.0626562,-0.00200906
-1.6600e-03,-0.043125,-0.00244406
-1.6500e-03,-0.0532813,-0.00225563
-1.6400e-03,-0.0540625,-0.00207188
-1.6300e-03,-0.0476562,-0.00213969
-1.6200e-03,-0.0576563,-0.00155
-1.6100e-03,-0.0475,-0.00212219
-1.6000e-03,-0.039375,-0.00178406
-1.5900e-03,-0.05125,-0.00235688
-1.5800e-03,-0.0514063,-0.00211
-1.5700e-03,-0.0523437,-0.00235
-1.5600e-03,-0.0507812,-0.00204656
-1.5500e-03,-0.0503125,-0.00173688
-1.5400e-03,-0.059375,-0.00204063
-1.5300e-03,-0.0534375,-0.00230437
-1.5200e-03,-0.0495312,-0.00148344
-1.5100e-03,-0.0470312,-0.00232719
-1.5000e-03,-0.0392187,-0.0018875
-1.4900e-03,-0.0459375,-0.00240219
-1.4800e-03,-0.0457813,-0.00177313
-1.4700e-03,-0.0489062,-0.00172656
-1.4600e-03,-0.038125,-0.00202219
-1.4500e-03,-0.0509375,-0.00191125
-1.4400e-03,-0.0415625,-0.00184438
-1.4300e-03,-0.0573437,-0.00163688
-1.4200e-03,-0.0446875,-0.00170844
-1.4100e-03,-0.0489062,-0.00218438
-1.4000e-03,-0.05,-0.00175156
-1.3900e-03,-0.054375,-0.0021075
-1.3800e-03,-0.0395313,-0.00190813
-1.3700e-03,-0.0517188,-0.00233531
-1.3600e-03,-0.0554687,-0.00206375
-1.3500e-03,-0.0601562,-0.00223906
-1.3400e-03,-0.0404687,-0.00190781
-1.3300e-03,-0.0489062,-0.00185094
-1.3200e-03,-0.0479688,-0.00179531
-1.3100e-03,-0.0548437,-0.00257781
-1.3000e-03,-0.043125,-0.00209281
-1.2900e-03,-0.038125,-0.00172563
-1.2800e-03,-0.0560937,-0.00209125
-1.2700e-03,-0.0490625,-0.00232906
-1.2600e-03,-0.0501562,-0.00193094
-1.2500e-03,-0.0498438,-0.00212938
-1.2400e-03,-0.046875,-0.00179813
-1.2300e-03,-0.0454688,-0.00217469
-1.2200e-03,-0.0435938,-0.00191938
-1.2100e-03,-0.0564063,-0.00187719
-1.2000e-03,-0.0432813,-0.00183375
-1.1900e-03,-0.059375,-0.00188438
-1.1800e-03,-0.05125,-0.002
-1.1700e-03,-0.0473438,-0.002165
-1.1600e-03,-0.0385937,-0.00227844
-1.1500e-03,-0.0446875,-0.00216094
-1.1400e-03,-0.0534375,-0.00204031
-1.1300e-03,-0.0442188,-0.00200469
-1.1200e-03,-0.0475,-0.00190219
-1.1100e-03,-0.0460938,-0.00164156
-1.1000e-03,-0.0535937,-0.00193406
-1.0900e-03,-0.0514063,-0.00223625
-1.0800e-03,-0.051875,-0.00160531
-1.0700e-03,-0.039375,-0.00219125
-1.0600e-03,-0.0534375,-0.00231
-1.0500e-03,-0.0498438,-0.00218188
-1.0400e-03,-0.0454688,-0.00167656
-1.0300e-03,-0.0414063,-0.002495
-1.0200e-03,-0.0515625,-0.00200594
-1.0100e-03,-0.0432813,-0.00188875
-1.0000e-03,-0.0426562,-0.00181813
-9.9000e-04,-0.049375,-0.0018575
-9.8000e-04,-0.0526563,-0.00182188
-9.7000e-04,-0.0564063,-0.00205094
-9.6000e-04,-0.0442188,-0.00201
-9.5000e-04,-0.0382813,-0.00207031
-9.4000e-04,-0.05,-0.00193469
-9.3000e-04,-0.0478125,-0.00202688
-9.2000e-04,-0.04125,-0.00198063
-9.1000e-04,-0.0573437,-0.00178188
-9.0000e-04,-0.0414063,-0.00217719
-8.9000e-04,-0.03875,-0.00178563
-8.8000e-04,-0.0423437,-0.00206188
-8.7000e-04,-0.0484375,-0.00221375
-8.6000e-04,-0.0528125,-0.00145063
-8.5000e-04,-0.0596875,-0.00184438
-8.4000e-04,-0.0290625,-0.00185844
-8.3000e-04,-0.0551563,-0.00154969
-8.2000e-04,-0.0492188,-0.0021375
-8.1000e-04,-0.0492188,-0.00214688
-8.0000e-04,-0.0482812,-0.00175188
-7.9000e-04,-0.0528125,-0.00222031
-7.8000e-04,-0.0445313,-0.00183531
-7.7000e-04,-0.054375,-0.00225
-7.6000e-04,-0.04875,-0.00176156
-7.5000e-04,-0.0529687,-0.00217813
-7.4000e-04,-0.0514063,-0.00178688
-7.3000e-04,-0.05,-0.00235688
-7.2000e-04,-0.0526563,-0.00223375
-7.1000e-04,-0.0479688,-0.00204281
-7.0000e-04,-0.05,-0.00185281
-6.9000e-04,-0.0465625,-0.00146563
-6.8000e-04,-0.0414063,-0.00185188
-6.7000e-04,-0.0448438,-0.00217875
-6.6000e-04,-0.0504687,-0.00235438
-6.5000e-04,-0.0548437,-0.00212031
-6.4000e-04,-0.0473438,-0.00204
-6.3000e-04,-0.0570313,-0.00182969
-6.2000e-04,-0.0496875,-0.00225531
-6.1000e-04,-0.0565625,-0.00223625
-6.0000e-04,-0.0548437,-0.00211938
-5.9000e-04,-0.0564063,-0.00205313
-5.8000e-04,-0.0526563,-0.00198906
-5.7000e-04,-0.06,-0.0020325
-5.6000e-04,-0.0465625,-0.00202438
-5.5000e-04,-0.0503125,-0.00206188
-5.4000e-04,-0.0504687,-0.00190156
-5.3000e-04,-0.05,-0.00205281
-5.2000e-04,-0.0379688,-0.00186344
-5.1000e-04,-0.0578125,-0.00230594
-5.0000e-04,-0.0446875,-0.00176344
-4.9000e-04,-0.0464062,-0.00244438
-4.8000e-04,-0.0554687,-0.00232719
-4.7000e-04,-0.0526563,-0.00198469
-4.6000e-04,-0.0421875,-0.00198719
-4.5000e-04,-0.0329688,-0.00193969
-4.4000e-04,-0.04875,-0.00210906
-4.3000e-04,-0.04375,-0.0018325
-4.2000e-04,-0.0515625,-0.00253063
-4.1000e-04,-0.0504687,-0.0020625
-4.0000e-04,-0.05,-0.00179219
-3.9000e-04,-0.0323438,-0.00184063
-3.8000e-04,-0.0498438,-0.00243781
-3.7000e-04,-0.0454688,-0.00172438
-3.6000e-04,-0.03625,-0.00213938
-3.5000e-04,-0.0534375,-0.00210813
-3.4000e-04,-0.0467188,-0.00156125
-3.3000e-04,-0.0501562,-0.00191906
-3.2000e-04,-0.0392187,-0.00183281
-3.1000e-04,-0.04,-0.00140375
-3.0000e-04,-0.0328125,-0.00181563
-2.9000e-04,-0.0482812,-0.00228094
-2.8000e-04,-0.0401563,-0.00198969
-2.7000e-04,-0.0429688,-0.00219031
-2.6000e-04,-0.0421875,-0.00203406
-2.5000e-04,-0.0470312,-0.00206188
-2.4000e-04,-0.0525,-0.00197906
-2.3000e-04,-0.0473438,-0.00186625
-2.2000e-04,-0.0298438,-0.00202688
-2.1000e-04,-0.0515625,-0.00231281
-2.0000e-04,-0.0428125,-0.00202438
-1.9000e-04,-0.0560937,-0.00176906
-1.8000e-04,-0.0517188,-0.00225719
-1.7000e-04,-0.0451563,-0.00219688
-1.6000e-04,-0.0457813,-0.00149969
-1.5000e-04,-0.0539063,-0.00236031
-1.4000e-04,-0.0429688,-0.00196
-1.3000e-04,-0.0440625,-0.00176125
-1.2000e-04,-0.0473438,-0.00222719
-1.1000e-04,-0.0546875,-0.00237313
-1.0000e-04,-0.0478125,-0.00208031
-9.0000e-05,-0.05875,-0.00171594
-8.0000e-05,-0.0470312,-0.0014475
-7.0000e-05,-0.0403125,-0.00199719
-6.0000e-05,-0.0451563,-0.00217375
-5.0000e-05,-0.05375,-0.00190906
-4.0000e-05,-0.045,-0.00221719
-3.0000e-05,-0.0510938,-0.00238313
-2.0000e-05,-0.0465625,-0.00211125
-1.0000e-05,-0.04,-0.00174969
-0.0000e+00,-0.0510938,-0.00188625
1.0000e-05,-0.049375,-0.00189219
2.0000e-05,-0.0564063,-0.0015975
3.0000e-05,-0.0501562,-0.001205
4.0000e-05,-0.0453125,-0.00226219
5.0000e-05,-0.0529687,-0.00219781
6.0000e-05,-0.0514063,-0.00190281
7.0000e-05,-0.0476562,-0.0024325
8.0000e-05,-0.0534375,-0.00215813
9.0000e-05,-0.0414063,-0.00231031
1.0000e-04,-0.04375,-0.00197156
1.1000e-04,-0.0590625,-0.00211156
1.2000e-04,-0.041875,-0.00180875
1.3000e-04,-0.0492188,-0.00149156
1.4000e-04,-0.050625,-0.00138063
1.5000e-04,-0.0453125,-0.00173688
1.6000e-04,-0.053125,-0.00185031
1.7000e-04,-0.0425,-0.00242781
1.8000e-04,-0.05375,-0.00228781
1.9000e-04,-0.0540625,-0.00172188
2.0000e-04,-0.05125,-0.00281281
2.1000e-04,-0.0421875,-0.00222313
2.2000e-04,-0.041875,-0.00200344
2.3000e-04,-0.0526563,-0.00119781
2.4000e-04,-0.0329688,-0.00179875
2.5000e-04,-0.04625,-0.00205125
2.6000e-04,-0.0540625,-0.00174188
2.7000e-04,-0.03625,-0.00182594
2.8000e-04,-0.0409375,-0.00194219
2.9000e-04,-0.045,-0.00250594
3.0000e-04,-0.0573437,-0.00206375
3.1000e-04,-0.0459375,-0.00186375
3.2000e-04,-0.0439063,-0.00220063
3.3000e-04,-0.0425,-0.00222688
3.4000e-04,-0.0570313,-0.00220781
3.5000e-04,-0.0482812,-0.00182563
3.6000e-04,-0.0415625,-0.0023625
3.7000e-04,-0.044375,-0.00193375
3.8000e-04,-0.0440625,-0.00191313
3.9000e-04,-0.0575,-0.00239156
4.0000e-04,-0.055625,-0.00210312
4.1000e-04,-0.0484375,-0.00197031
4.2000e-04,-0.0503125,-0.00193719
4.3000e-04,-0.0510938,-0.00195094
4.4000e-04,-0.0473438,-0.0020325
4.5000e-04,-0.0434375,-0.00213313
4.6000e-04,-0.0523437,-0.00203125
4.7000e-04,-0.381406,-0.00205563
4.8000e-04,-1.41422,-0.000599375
4.9000e-04,-2.2425,0.000522188
5.0000e-04,0.0735937,0.000783125
5.1000e-04,0.136094,0.000799063
5.2000e-04,0.105938,0.000813125
5.3000e-04,0.0845313,0.00089
5.4000e-04,0.0815625,0.000812188
5.5000e-04,0.0760938,0.000848125
5.6000e-04,0.0676563,0.000586875
5.7000e-04,0.0648437,0.000808438
5.8000e-04,0.05875,0.000640938
5.9000e-04,0.0517187,0.000922188
6.0000e-04,0.0351562,0.000915938
6.1000e-04,0.04,0.00089125
6.2000e-04,0.0376563,0.00066375
6.3000e-04,0.0401563,0.000754375
6.4000e-04,0.03625,0.000698438
6.5000e-04,0.0165625,0.000766563
6.6000e-04,0.05,0.00071625
6.7000e-04,0.0440625,0.00084625
6.8000e-04,0.025,0.000885938
6.9000e-04,0.0242188,0.0006125
7.0000e-04,0.0375,0.000451875
7.1000e-04,0.0234375,5.46875e-05
7.2000e-04,0.035,-0.000984688
7.3000e-04,0.0253125,-0.00134063
7.4000e-04,0.0120312,-0.00172156
7.5000e-04,0.0154687,-0.00243406
7.6000e-04,0.01375,-0.00267188
7.7000e-04,0.0179688,-0.00252219
7.8000e-04,0.0215625,-0.00167781
7.9000e-04,0.00859375,-0.00168938
8.0000e-04,0.0195313,-0.002345
8.1000e-04,0.00578125,-0.00217125
8.2000e-04,0.015625,-0.00177656
8.3000e-04,0.00078125,-0.00254844
8.4000e-04,0.0195313,-0.00203375
8.5000e-04,0.0209375,-0.00224938
8.6000e-04,0.00921875,-0.00200906
8.7000e-04,0.000625,-0.00209375
8.8000e-04,0.00296875,-0.00236188
8.9000e-04,0.00015625,-0.0022675
9.0000e-04,0.0040625,-0.00196125
9.1000e-04,-0.0059375,-0.00228125
9.2000e-04,0.00265625,-0.00257281
9.3000e-04,-0.00296875,-0.00262125
9.4000e-04,0.0165625,-0.00207156
9.5000e-04,0.003125,-0.00178281
9.6000e-04,-0.00890625,-0.00220844
9.7000e-04,-0.00109375,-0.00227938
9.8000e-04,0.00484375,-0.00206531
9.9000e-04,0.0090625,-0.00242656
1.0000e-03,-0.00328125,-0.0022675
1.0100e-03,-0.00953125,-0.00242313
1.0200e-03,0.005,-0.00236656
1.0300e-03,-0.0034375,-0.00211188
1.0400e-03,-0.00734375,-0.00203031
1.0500e-03,0.0139062,-0.00206469
1.0600e-03,-0.00453125,-0.00223125
1.0700e-03,-0.00625,-0.00211813
1.0800e-03,-0.00421875,-0.00204781
1.0900e-03,-0.0115625,-0.00242719
1.1000e-03,-0.013125,-0.00196406
1.1100e-03,-0.001875,-0.00224344
1.1200e-03,-0.0071875,-0.00202281
1.1300e-03,-0.000625,-0.00171438
1.1400e-03,-0.0025,-0.00206625
1.1500e-03,-0.0104688,-0.00204594
1.1600e-03,0.00046875,-0.00228688
1.1700e-03,0.00390625,-0.00207719
1.1800e-03,-0.0115625,-0.00184844
1.1900e-03,-0.0059375,-0.00248844
1.2000e-03,-0.00765625,-0.00246844
1.2100e-03,-0.0025,-0.00179875
1.2200e-03,0.00921875,-0.00198281
1.2300e-03,-0.019375,-0.00188375
1.2400e-03,-0.020625,-0.0023325
1.2500e-03,-0.00390625,-0.00206656
1.2600e-03,-0.009375,-0.00201
1.2700e-03,-0.01875,-0.00204625
1.2800e-03,-0.00890625,-0.00185469
1.2900e-03,-0.0139063,-0.00232906
1.3000e-03,-0.0078125,-0.00196406
1.3100e-03,-0.0179687,-0.00188188
1.3200e-03,-0.00515625,-0.00183563
1.3300e-03,-0.0182812,-0.00240594
1.3400e-03,-0.0151562,-0.00204656
1.3500e-03,-0.00671875,-0.00204563
1.3600e-03,-0.00546875,-0.002165
1.3700e-03,-0.0184375,-0.0025425
1.3800e-03,-0.00078125,-0.00211312
1.3900e-03,-0.0028125,-0.00203156
1.4000e-03,-0.0129688,-0.00148531
1.4100e-03,-0.0040625,-0.00183625
1.4200e-03,-0.016875,-0.00188156
1.4300e-03,-0.0123438,-0.00209344
1.4400e-03,-0.0201563,-0.00223938
1.4500e-03,-0.0160938,-0.00234688
1.4600e-03,-0.00625,-0.00251781
1.4700e-03,-0.0140625,-0.00226625
1.4800e-03,-0.0220313,-0.00157938
1.4900e-03,0.00359375,-0.00209813
1.5000e-03,-0.00453125,-0.00189031
1.5100e-03,0.0025,-0.00207906
1.5200e-03,-0.0123438,-0.00209906
1.5300e-03,-0.0240625,-0.00173875
1.5400e-03,-0.00921875,-0.00201375
1.5500e-03,-0.0115625,-0.0026975
1.5600e-03,-0.00625,-0.00200125
1.5700e-03,-0.0121875,-0.00236094
1.5800e-03,0.00234375,-0.00175906
1.5900e-03,-0.023125,-0.00255156
1.6000e-03,-0.00953125,-0.00206406
1.6100e-03,0.00140625,-0.00179594
1.6200e-03,-0.00859375,-0.00212406
1.6300e-03,-0.0367188,-0.00231063
1.6400e-03,-0.009375,-0.00263469
1.6500e-03,-0.00921875,-0.00212281
1.6600e-03,0.0040625,-0.00162688
1.6700e-03,-0.0184375,-0.001945
1.6800e-03,-0.0125,-0.00190656
1.6900e-03,-0.00296875,-0.00178844
1.7000e-03,-0.0159375,-0.0019925
1.7100e-03,-0.0210938,-0.00218812
1.7200e-03,-0.01875,-0.00237469
1.7300e-03,-0.006875,-0.00173031
1.7400e-03,-0.0165625,-0.00199313
1.7500e-03,-0.0221875,-0.00245063
1.7600e-03,-0.0189062,-0.00185938
1.7700e-03,-0.0123438,-0.00243219
1.7800e-03,-0.0128125,-0.00200531
1.7900e-03,-0.009375,-0.00186063
1.8000e-03,-0.013125,-0.00209281
1.8100e-03,-0.0235938,-0.0018575
1.8200e-03,-0.0114062,-0.00138063
1.8300e-03,-0.0210938,-0.00223156
1.8400e-03,-0.0203125,-0.00216031
1.8500e-03,-0.0221875,-0.00215969
1.8600e-03,-0.0145312,-0.00179219
1.8700e-03,-0.02625,-0.00196469
1.8800e-03,-0.0123438,-0.00239
1.8900e-03,-0.019375,-0.00190594
1.9000e-03,-0.0184375,-0.0019675
1.9100e-03,-0.01375,-0.00197344
1.9200e-03,-0.0117188,-0.00207813
1.9300e-03,-0.01375,-0.00205031
1.9400e-03,-0.0178125,-0.00201031
1.9500e-03,-0.0207813,-0.00201875
1.9600e-03,-0.0184375,-0.00177938
1.9700e-03,-0.0165625,-0.00216687
1.9800e-03,-0.015,-0.00198625
1.9900e-03,-0.025625,-0.00193719
2.0000e-03,-0.0173438,-0.00214813
2.0100e-03,-0.0278125,-0.00224656
2.0200e-03,-0.0240625,-0.00173063
2.0300e-03,-0.02875,-0.00247969
2.0400e-03,-0.0139063,-0.00197625
2.0500e-03,-0.0203125,-0.00227094
2.0600e-03,-0.0126563,-0.00216
2.0700e-03,-0.0278125,-0.002545
2.0800e-03,-0.0239063,-0.00219656
2.0900e-03,-0.0215625,-0.00254531
2.1000e-03,-0.02125,-0.00207062
2.1100e-03,-0.0217188,-0.00207344
2.1200e-03,-0.0239063,-0.00221281
2.1300e-03,-0.0140625,-0.0018575
2.1400e-03,-0.0253125,-0.00212375
2.1500e-03,-0.0182812,-0.00181188
2.1600e-03,-0.01125,-0.00192531
2.1700e-03,-0.0154687,-0.00184094
2.1800e-03,-0.0210938,-0.00224531
2.1900e-03,-0.0215625,-0.00166625
2.2000e-03,-0.0235938,-0.00211844
2.2100e-03,-0.0404687,-0.00223719
2.2200e-03,-0.0229687,-0.00223938
2.2300e-03,-0.0259375,-0.00191813
2.2400e-03,-0.0290625,-0.00166219
2.2500e-03,-0.0153125,-0.00207031
2.2600e-03,-0.0160938,-0.00186125
2.2700e-03,-0.0121875,-0.00209594
2.2800e-03,-0.0160938,-0.00235969
2.2900e-03,-0.0173438,-0.00190313
2.3000e-03,-0.0254688,-0.00170469
2.3100e-03,-0.0284375,-0.001985
2.3200e-03,-0.0301563,-0.00219938
2.3300e-03,-0.0267187,-0.00205563
2.3400e-03,-0.0160938,-0.00163063
2.3500e-03,-0.0196875,-0.00205156
2.3600e-03,-0.0223437,-0.00174531
2.3700e-03,-0.0273438,-0.00186969
2.3800e-03,-0.0229687,-0.0025125
2.3900e-03,-0.0315625,-0.00266875
2.4000e-03,-0.0159375,-0.00208781
2.4100e-03,-0.0284375,-0.00255344
2.4200e-03,-0.0240625,-0.00224313
2.4300e-03,-0.020625,-0.00136844
2.4400e-03,-0.0125,-0.00218281
2.4500e-03,-0.0278125,-0.00194656
2.4600e-03,-0.0217188,-0.00170469
2.4700e-03,-0.0325,-0.00213188
2.4800e-03,-0.0232812,-0.00195563
2.4900e-03,-0.0239063,-0.00190531
2.5000e-03,-0.0310937,-0.00214813
2.5100e-03,-0.0184375,-0.00174313
2.5200e-03,-0.0257812,-0.00176219
2.5300e-03,-0.0325,-0.00267938
2.5400e-03,-0.023125,-0.00215156
2.5500e-03,-0.0203125,-0.00189438
2.5600e-03,-0.0265625,-0.0017425
2.5700e-03,-0.0309375,-0.00218344
2.5800e-03,-0.01375,-0.00172656
2.5900e-03,-0.031875,-0.00201125
2.6000e-03,-0.0325,-0.00175906
2.6100e-03,-0.0170313,-0.00174875
2.6200e-03,-0.0301563,-0.00189125
2.6300e-03,-0.0295313,-0.00157188
2.6400e-03,-0.0234375,-0.00170594
2.6500e-03,-0.0257812,-0.00202188
2.6600e-03,-0.0151562,-0.00193281
2.6700e-03,-0.0257812,-0.00158094
2.6800e-03,-0.0325,-0.00226531
2.6900e-03,-0.0339062,-0.00229719
2.7000e-03,-0.0159375,-0.00252812
2.7100e-03,-0.013125,-0.00195938
2.7200e-03,-0.025,-0.00201812
2.7300e-03,-0.0260937,-0.00212781
2.7400e-03,-0.0207813,-0.00198219
2.7500e-03,-0.0259375,-0.00133969
2.7600e-03,-0.0240625,-0.00208844
2.7700e-03,-0.039375,-0.00219844
2.7800e-03,-0.0185937,-0.00192188
2.7900e-03,-0.0257812,-0.00242969
2.8000e-03,-0.0303125,-0.00190156
2.8100e-03,-0.0295313,-0.00208906
2.8200e-03,-0.0301563,-0.00224094
2.8300e-03,-0.0396875,-0.0021475
2.8400e-03,-0.0342187,-0.00183656
2.8500e-03,-0.0270312,-0.00197969
2.8600e-03,-0.0270312,-0.00168781
2.8700e-03,-0.0342187,-0.00175094
2.8800e-03,-0.0215625,-0.00188219
2.8900e-03,-0.0326562,-0.00210031
2.9000e-03,-0.0284375,-0.00250875
2.9100e-03,-0.0273438,-0.00202781
2.9200e-03,-0.0296875,-0.0021925
2.9300e-03,-0.0196875,-0.00237375
2.9400e-03,-0.0148437,-0.001925
2.9500e-03,-0.025,-0.00211281
2.9600e-03,-0.02625,-0.00228719
2.9700e-03,-0.020625,-0.00204
2.9800e-03,-0.0253125,-0.00229906
2.9900e-03,-0.0192187,-0.00181531
3.0000e-03,-0.0260937,-0.00186188
3.0100e-03,-0.0242188,-0.0021775
3.0200e-03,-0.0309375,-0.00227719
3.0300e-03,-0.02875,-0.00233063
3.0400e-03,-0.0234375,-0.002005
3.0500e-03,-0.0189062,-0.00205781
3.0600e-03,-0.0253125,-0.00220969
3.0700e-03,-0.0348437,-0.00234
3.0800e-03,-0.0265625,-0.00211344
3.0900e-03,-0.0417187,-0.00214063
3.1000e-03,-0.0265625,-0.00225813
3.1100e-03,-0.04,-0.00186094
3.1200e-03,-0.02375,-0.00218688
3.1300e-03,-0.0365625,-0.00194219
3.1400e-03,-0.0304688,-0.00164781
3.1500e-03,-0.0210938,-0.00155531
3.1600e-03,-0.0340625,-0.00204875
3.1700e-03,-0.0232812,-0.00206313
3.1800e-03,-0.0257812,-0.00194844
3.1900e-03,-0.040625,-0.00166656
3.2000e-03,-0.0292188,-0.00158031
3.2100e-03,-0.0282813,-0.00199969
3.2200e-03,-0.024375,-0.0021725
3.2300e-03,-0.024375,-0.00197313
3.2400e-03,-0.0321875,-0.001735
3.2500e-03,-0.0265625,-0.00199844
3.2600e-03,-0.0284375,-0.00210438
3.2700e-03,-0.0326562,-0.00182813
3.2800e-03,-0.026875,-0.00183469
3.2900e-03,-0.0278125,-0.00179438
3.3000e-03,-0.0270312,-0.00176656
3.3100e-03,-0.028125,-0.00173906
3.3200e-03,-0.0315625,-0.0022375
3.3300e-03,-0.0271875,-0.00210781
3.3400e-03,-0.0310937,-0.00215688
3.3500e-03,-0.0242188,-0.00218563
3.3600e-03,-0.0296875,-0.00194094
3.3700e-03,-0.0364063,-0.00207
3.3800e-03,-0.028125,-0.0014975
3.3900e-03,-0.0223437,-0.00199438
3.4000e-03,-0.02875,-0.00211063
3.4100e-03,-0.0278125,-0.001965
3.4200e-03,-0.0328125,-0.00218875
3.4300e-03,-0.0317188,-0.00228094
3.4400e-03,-0.0309375,-0.00194813
3.4500e-03,-0.0284375,-0.00194188
3.4600e-03,-0.0414063,-0.00225969
3.4700e-03,-0.0335937,-0.00197562
3.4800e-03,-0.0423437,-0.00193469
3.4900e-03,-0.0375,-0.00194594
3.5000e-03,-0.0245313,-0.00210156
3.5100e-03,-0.0360938,-0.00212
3.5200e-03,-0.0384375,-0.00214844
3.5300e-03,-0.0407813,-0.00223406
3.5400e-03,-0.0410937,-0.00227406
3.5500e-03,-0.0345312,-0.00204344
3.5600e-03,-0.0284375,-0.00210531
3.5700e-03,-0.024375,-0.00220656
3.5800e-03,-0.0370313,-0.00206563
3.5900e-03,-0.0253125,-0.00144969
3.6000e-03,-0.0190625,-0.00189094
3.6100e-03,-0.0373438,-0.00165313
3.6200e-03,-0.034375,-0.00170438
3.6300e-03,-0.024375,-0.00185281
3.6400e-03,-0.0251563,-0.00145625
3.6500e-03,-0.0370313,-0.00211344
3.6600e-03,-0.02125,-0.00246188
3.6700e-03,-0.038125,-0.00227094
3.6800e-03,-0.0384375,-0.00188281
3.6900e-03,-0.0301563,-0.00159938
3.7000e-03,-0.0242188,-0.00172281
3.7100e-03,-0.0260937,-0.00169281
3.7200e-03,-0.0310937,-0.00184563
3.7300e-03,-0.0428125,-0.00197781
3.7400e-03,-0.0265625,-0.00187344
3.7500e-03,-0.0120313,-0.00182313
3.7600e-03,-0.034375,-0.00202719
3.7700e-03,-0.0310937,-0.00234594
3.7800e-03,-0.04,-0.00208406
3.7900e-03,-0.04,-0.00201656
3.8000e-03,-0.034375,-0.00176938
3.8100e-03,-0.0315625,-0.00218875
3.8200e-03,-0.0198438,-0.00170625
3.8300e-03,-0.0326562,-0.00163906
3.8400e-03,-0.0334375,-0.00170719
3.8500e-03,-0.0304688,-0.0019725
3.8600e-03,-0.0245313,-0.00196094
3.8700e-03,-0.023125,-0.0018175
3.8800e-03,-0.0296875,-0.00201563
3.8900e-03,-0.0392187,-0.00206875
3.9000e-03,-0.0257812,-0.00209844
3.9100e-03,-0.0292188,-0.0019275
3.9200e-03,-0.0298438,-0.00194531
3.9300e-03,-0.0429688,-0.00219125
3.9400e-03,-0.0215625,-0.00151813
3.9500e-03,-0.0354688,-0.00216719
3.9600e-03,-0.0365625,-0.00207531
3.9700e-03,-0.0335937,-0.00190094
3.9800e-03,-0.0295313,-0.00228906
3.9900e-03,-0.0339062,-0.002535
4.0000e-03,-0.0325,-0.00181031
4.0100e-03,-0.03,-0.00267344
4.0200e-03,-0.0271875,-0.00160313
4.0300e-03,-0.0307813,-0.00143594
4.0400e-03,-0.03,-0.00191656
4.0500e-03,-0.0284375,-0.00176125
4.0600e-03,-0.0245313,-0.00185563
4.0700e-03,-0.0215625,-0.00214188
4.0800e-03,-0.0271875,-0.00186438
4.0900e-03,-0.0304688,-0.00228281
4.1000e-03,-0.029375,-0.0019375
4.1100e-03,-0.0275,-0.00217656
4.1200e-03,-0.0270312,-0.00237156
4.1300e-03,-0.03625,-0.00227344
4.1400e-03,-0.045625,-0.00209063
4.1500e-03,-0.0223437,-0.00205938
4.1600e-03,-0.029375,-0.0017125
4.1700e-03,-0.0328125,-0.00190906
4.1800e-03,-0.02375,-0.00165438
4.1900e-03,-0.025,-0.00210312
4.2000e-03,-0.0253125,-0.00208969
4.2100e-03,-0.0332812,-0.0024925
4.2200e-03,-0.0359375,-0.00225125
4.2300e-03,-0.0275,-0.00177219
4.2400e-03,-0.0225,-0.00230531
4.2500e-03,-0.0242188,-0.00165688
4.2600e-03,-0.03,-0.00204594
4.2700e-03,-0.0253125,-0.00226563
4.2800e-03,-0.0325,-0.00184
4.2900e-03,-0.0314062,-0.00155938
4.3000e-03,-0.0410937,-0.00209531
4.3100e-03,-0.0440625,-0.00159375
4.3200e-03,-0.0264062,-0.0024775
4.3300e-03,-0.026875,-0.00196344
4.3400e-03,-0.0345312,-0.00184
4.3500e-03,-0.0296875,-0.00195281
4.3600e-03,-0.0301563,-0.00201656
4.3700e-03,-0.0225,-0.00224875
4.3800e-03,-0.0334375,-0.00219875
4.3900e-03,-0.0328125,-0.0017875
4.4000e-03,-0.03875,-0.00156375
4.4100e-03,-0.0320312,-0.002065
4.4200e-03,-0.0378125,-0.00200906
4.4300e-03,-0.0382813,-0.00206781
4.4400e-03,-0.0254688,-0.00209563
4.4500e-03,-0.0254688,-0.00192719
4.4600e-03,-0.0345312,-0.00208594
4.4700e-03,0.076875,-0.00198844
4.4800e-03,0.781719,-0.000416875
4.4900e-03,-0.817656,0.000419688
4.5000e-03,-1.58656,0.000790938
4.5100e-03,-2.12672,0.000910313
4.5200e-03,0.440312,0.00119469
4.5300e-03,0.131563,0.001255
4.5400e-03,0.121563,0.00109938
4.5500e-03,0.0996875,0.000962813
4.5600e-03,0.09125,0.00107125
4.5700e-03,0.0726562,0.00100688
4.5800e-03,0.0734375,0.00103219
4.5900e-03,0.0670313,0.000985313
4.6000e-03,0.0539063,0.000990625
4.6100e-03,0.0554687,0.00102563
4.6200e-03,0.05125,0.00107031
4.6300e-03,0.0523437,0.00104344
4.6400e-03,0.02875,0.000854688
4.6500e-03,0.025,0.00119688
4.6600e-03,0.0351562,0.00115844
4.6700e-03,0.0246875,0.000999688
4.6800e-03,0.041875,0.00120938
4.6900e-03,0.0354688,0.00107375
4.7000e-03,0.0248438,0.00108125
4.7100e-03,0.0245313,0.00122375
4.7200e-03,0.0209375,0.00109313
4.7300e-03,0.0165625,0.000869063
4.7400e-03,0.0328125,-0.000942813
4.7500e-03,0.0275,-0.00107156
4.7600e-03,0.013125,-0.00190094
4.7700e-03,0.013125,-0.00213375
4.7800e-03,0.00890625,-0.0022275
4.7900e-03,0.0201562,-0.00231875
4.8000e-03,0.0335938,-0.00277875
4.8100e-03,0.010625,-0.00231688
4.8200e-03,0.0210937,-0.0019925
4.8300e-03,0.00765625,-0.00197625
4.8400e-03,-0.0021875,-0.00204094
4.8500e-03,0.016875,-0.00243594
4.8600e-03,0.0175,-0.00183625
4.8700e-03,-0.00125,-0.00230375
4.8800e-03,-0.00125,-0.00244094
4.8900e-03,0.008125,-0.00211031
4.9000e-03,0.00828125,-0.00222969
4.9100e-03,0.00953125,-0.00218063
4.9200e-03,0.0159375,-0.00142469
4.9300e-03,0,-0.00135594
4.9400e-03,0.0246875,-0.00209313
4.9500e-03,0.0021875,-0.00203281
4.9600e-03,-0.0009375,-0.00209938
4.9700e-03,-0.0015625,-0.00225187
4.9800e-03,0.00421875,-0.00251375
4.9900e-03,0.00015625,-0.00207062
5.0000e-03,0.00890625,-0.00206844
5.0100e-03,-0.0139063,-0.00260719
5.0200e-03,0.00015625,-0.00192594
5.0300e-03,-0.0084375,-0.00211719
5.0400e-03,-0.00921875,-0.00211938
5.0500e-03,-0.003125,-0.00192188
5.0600e-03,-0.000625,-0.001685
5.0700e-03,-0.00984375,-0.00200563
5.0800e-03,0.0034375,-0.00204438
5.0900e-03,-0.0107813,-0.00194219
5.1000e-03,-0.005625,-0.0015925
5.1100e-03,-0.00234375,-0.00195406
5.1200e-03,-0.00546875,-0.00213094
5.1300e-03,0.0114063,-0.00248094
5.1400e-03,-0.0065625,-0.00238625
5.1500e-03,-0.00140625,-0.00212063
5.1600e-03,-0.0145312,-0.00227281
5.1700e-03,-0.00421875,-0.00153125
5.1800e-03,-0.00640625,-0.00195406
5.1900e-03,-0.009375,-0.00197281
5.2000e-03,-0.00625,-0.00168063
5.2100e-03,-0.0179687,-0.00210594
5.2200e-03,-0.00609375,-0.00207719
5.2300e-03,0.00515625,-0.00242094
5.2400e-03,-0.00765625,-0.00206156
5.2500e-03,-0.0123438,-0.00225938
5.2600e-03,0.0009375,-0.00191406
5.2700e-03,-0.00171875,-0.00181563
5.2800e-03,-0.0154687,-0.00202625
5.2900e-03,-0.0034375,-0.00210063
5.3000e-03,-0.00453125,-0.00242469
5.3100e-03,0.0003125,-0.00224906
5.3200e-03,-0.00875,-0.00222188
5.3300e-03,-0.0028125,-0.00241781
5.3400e-03,-0.019375,-0.00237719
5.3500e-03,-0.0120313,-0.002245
5.3600e-03,-0.0120313,-0.00212625
5.3700e-03,-0.020625,-0.00154125
5.3800e-03,-0.0157813,-0.00207375
5.3900e-03,-0.00625,-0.00199094
5.4000e-03,-0.0117188,-0.0014575
5.4100e-03,-0.00421875,-0.00172781
5.4200e-03,-0.0096875,-0.0019725
5.4300e-03,-0.0128125,-0.00203
5.4400e-03,-0.00375,-0.0020075
5.4500e-03,-0.0170313,-0.00211219
5.4600e-03,-0.019375,-0.00230031
5.4700e-03,-0.0148437,-0.00212344
5.4800e-03,-0.00328125,-0.00167469
5.4900e-03,0.00234375,-0.00240813
5.5000e-03,-0.0065625,-0.00216844
5.5100e-03,-0.0134375,-0.0023325
5.5200e-03,-0.0132813,-0.00231813
5.5300e-03,-0.010625,-0.00140531
5.5400e-03,-0.0114062,-0.00233906
5.5500e-03,-0.0128125,-0.00187438
5.5600e-03,-0.0084375,-0.00218625
5.5700e-03,-0.00125,-0.00217438
5.5800e-03,-0.0196875,-0.00190719
5.5900e-03,-0.0179687,-0.00185344
5.6000e-03,-0.0179687,-0.00172719
5.6100e-03,-0.00953125,-0.00220156
5.6200e-03,-0.0151562,-0.00178344
5.6300e-03,-0.0123438,-0.0018625
5.6400e-03,-0.01375,-0.00180625
5.6500e-03,0.0103125,-0.00204281
5.6600e-03,-0.01125,-0.0021875
5.6700e-03,-0.011875,-0.00195906
5.6800e-03,-0.0240625,-0.00196031
5.6900e-03,-0.0140625,-0.00162813
5.7000e-03,-0.0145312,-0.00168406
5.7100e-03,-0.0096875,-0.00213875
5.7200e-03,-0.0117188,-0.002245
5.7300e-03,-0.015625,-0.00195938
5.7400e-03,-0.0176563,-0.0020575
5.7500e-03,-0.0254688,-0.00194313
5.7600e-03,-0.0264062,-0.00218625
5.7700e-03,-0.0165625,-0.00208625
5.7800e-03,-0.0157813,-0.00216563
5.7900e-03,-0.00890625,-0.00190906
5.8000e-03,-0.0176563,-0.00183781
5.8100e-03,-0.0115625,-0.0021375
5.8200e-03,-0.0170313,-0.00188813
5.8300e-03,-0.01375,-0.00234656
5.8400e-03,-0.0182812,-0.00206438
5.8500e-03,-0.0146875,-0.00203563
5.8600e-03,-0.0165625,-0.00178969
5.8700e-03,-0.016875,-0.00233
5.8800e-03,-0.010625,-0.00221469
5.8900e-03,-0.0245313,-0.00225906
5.9000e-03,-0.0215625,-0.0020175
5.9100e-03,-0.0178125,-0.00235688
5.9200e-03,-0.0235938,-0.00163688
5.9300e-03,-0.024375,-0.00150781
5.9400e-03,-0.0260937,-0.00198188
5.9500e-03,-0.0182812,-0.00240656
5.9600e-03,-0.0151562,-0.00205281
5.9700e-03,-0.010625,-0.00176594
5.9800e-03,-0.0307813,-0.00174781
5.9900e-03,-0.0123438,-0.00212625
6.0000e-03,-0.018125,-0.00210438
6.0100e-03,-0.024375,-0.00249719
6.0200e-03,-0.0270312,-0.00196437
6.0300e-03,-0.031875,-0.00198844
6.0400e-03,-0.0182812,-0.00201812
6.0500e-03,-0.0303125,-0.00165594
6.0600e-03,-0.0242188,-0.00194656
6.0700e-03,-0.0239063,-0.00188969
6.0800e-03,-0.0126563,-0.00220156
6.0900e-03,-0.0196875,-0.00225438
6.1000e-03,-0.0173438,-0.0023275
6.1100e-03,-0.024375,-0.00224094
6.1200e-03,-0.0176563,-0.00204094
6.1300e-03,-0.0204688,-0.00248875
6.1400e-03,-0.0040625,-0.00213656
6.1500e-03,-0.0240625,-0.00256344
6.1600e-03,-0.0259375,-0.002325
6.1700e-03,-0.0192187,-0.00190094
6.1800e-03,-0.0221875,-0.00226
6.1900e-03,-0.0225,-0.00223313
6.2000e-03,-0.0146875,-0.00191594
6.2100e-03,-0.0257812,-0.00155875
6.2200e-03,-0.015625,-0.00202938
6.2300e-03,-0.0154687,-0.00204719
6.2400e-03,-0.0225,-0.00199
6.2500e-03,-0.02,-0.00177531
6.2600e-03,-0.0204688,-0.00175531
6.2700e-03,-0.0101563,-0.00172844
6.2800e-03,-0.0235938,-0.00163781
6.2900e-03,-0.023125,-0.00163156
6.3000e-03,-0.0115625,-0.00181125
6.3100e-03,-0.0153125,-0.00229281
6.3200e-03,-0.0223437,-0.00191594
6.3300e-03,-0.018125,-0.00224688
6.3400e-03,-0.0132813,-0.00197063
6.3500e-03,-0.025625,-0.00232
6.3600e-03,-0.026875,-0.00238313
6.3700e-03,-0.0134375,-0.00189188
6.3800e-03,-0.034375,-0.001635
6.3900e-03,-0.0198438,-0.00178469
6.4000e-03,-0.0257812,-0.00207344
6.4100e-03,-0.0146875,-0.00183875
6.4200e-03,-0.028125,-0.0022575
6.4300e-03,-0.0196875,-0.00234031
6.4400e-03,-0.0273438,-0.002125
6.4500e-03,-0.0307813,-0.00242875
6.4600e-03,-0.0239063,-0.00221594
6.4700e-03,-0.0225,-0.00190938
6.4800e-03,-0.0234375,-0.00185031
6.4900e-03,-0.02125,-0.00218719
6.5000e-03,-0.0354688,-0.00173469
6.5100e-03,-0.0278125,-0.00233531
6.5200e-03,-0.011875,-0.00210813
6.5300e-03,-0.0240625,-0.00205781
6.5400e-03,-0.0271875,-0.00158469
6.5500e-03,-0.02375,-0.00233219
6.5600e-03,-0.015625,-0.00226281
6.5700e-03,-0.0234375,-0.00169219
6.5800e-03,-0.0332812,-0.00176625
6.5900e-03,-0.016875,-0.00245531
6.6000e-03,-0.0296875,-0.00203
6.6100e-03,-0.0192187,-0.00217188
6.6200e-03,-0.0214063,-0.00192344
6.6300e-03,-0.0153125,-0.00198406
6.6400e-03,-0.0292188,-0.00226469
6.6500e-03,-0.0229687,-0.00242875
6.6600e-03,-0.025,-0.00170188
6.6700e-03,-0.0229687,-0.00154875
6.6800e-03,-0.00984375,-0.00214594
6.6900e-03,-0.0301563,-0.00212188
6.7000e-03,-0.0196875,-0.00218531
6.7100e-03,-0.0225,-0.00217844
6.7200e-03,-0.025,-0.00136406
6.7300e-03,-0.0307813,-0.00164156
6.7400e-03,-0.0384375,-0.00176688
6.7500e-03,-0.0176563,-0.00149938
6.7600e-03,-0.0179687,-0.00175844
6.7700e-03,-0.0229687,-0.00208313
6.7800e-03,-0.0271875,-0.00233
6.7900e-03,-0.0215625,-0.00221813
6.8000e-03,-0.025,-0.00200594
6.8100e-03,-0.0264062,-0.00238469
6.8200e-03,-0.0204688,-0.00206125
6.8300e-03,-0.0273438,-0.00246031
6.8400e-03,-0.0189062,-0.00241219
6.8500e-03,-0.0160938,-0.00218563
6.8600e-03,-0.0170313,-0.00186281
6.8700e-03,-0.0215625,-0.00159
6.8800e-03,-0.0265625,-0.00172125
6.8900e-03,-0.0190625,-0.00155031
6.9000e-03,-0.0354688,-0.001785
6.9100e-03,-0.0239063,-0.0016625
6.9200e-03,-0.02,-0.00194188
6.9300e-03,-0.0234375,-0.00240125
6.9400e-03,-0.0385937,-0.0019975
6.9500e-03,-0.0340625,-0.00126844
6.9600e-03,-0.0392187,-0.00201219
6.9700e-03,-0.0154687,-0.00142406
6.9800e-03,-0.0260937,-0.00155781
6.9900e-03,-0.0271875,-0.00193344
7.0000e-03,-0.0257812,-0.00182688
7.0100e-03,-0.0332812,-0.00184969
7.0200e-03,-0.0184375,-0.00205031
7.0300e-03,-0.0220313,-0.00177125
7.0400e-03,-0.028125,-0.00218688
7.0500e-03,-0.0246875,-0.00190406
7.0600e-03,-0.0289063,-0.001855
7.0700e-03,-0.0203125,-0.00178969
7.0800e-03,-0.0215625,-0.0023325
7.0900e-03,-0.0248438,-0.00206281
7.1000e-03,-0.0248438,-0.00178031
7.1100e-03,-0.0270312,-0.00152313
7.1200e-03,-0.0359375,-0.00166625
7.1300e-03,-0.0289063,-0.00169344
7.1400e-03,-0.03625,-0.00189313
7.1500e-03,-0.0279688,-0.00190188
7.1600e-03,-0.0198438,-0.00211719
7.1700e-03,-0.02,-0.00195969
7.1800e-03,-0.0221875,-0.00224062
7.1900e-03,-0.0309375,-0.00209313
7.2000e-03,-0.0298438,-0.00182281
7.2100e-03,-0.0310937,-0.00175188
7.2200e-03,-0.036875,-0.002015
7.2300e-03,-0.0296875,-0.00185406
7.2400e-03,-0.0323438,-0.00164281
7.2500e-03,-0.0342187,-0.00148219
7.2600e-03,-0.04,-0.002
7.2700e-03,-0.0384375,-0.00219531
7.2800e-03,-0.0278125,-0.002
7.2900e-03,-0.0267187,-0.00228563
7.3000e-03,-0.0207813,-0.00218719
7.3100e-03,-0.0257812,-0.0020625
7.3200e-03,-0.0353125,-0.00198313
7.3300e-03,-0.0376563,-0.00181563
7.3400e-03,-0.0315625,-0.00246969
7.3500e-03,-0.0259375,-0.00235719
7.3600e-03,-0.02625,-0.00218938
7.3700e-03,-0.03,-0.00224281
7.3800e-03,-0.0257812,-0.00196813
7.3900e-03,-0.0315625,-0.00238031
7.4000e-03,-0.0190625,-0.00199781
7.4100e-03,-0.036875,-0.00187281
7.4200e-03,-0.024375,-0.00170406
7.4300e-03,-0.039375,-0.00173
7.4400e-03,-0.0376563,-0.00194125
7.4500e-03,-0.0210938,-0.00212781
7.4600e-03,-0.0314062,-0.0014725
7.4700e-03,-0.0307813,-0.001495
7.4800e-03,-0.0273438,-0.00163094
7.4900e-03,-0.0301563,-0.00202313
7.5000e-03,-0.025,-0.00195781
7.5100e-03,-0.0334375,-0.0017525
7.5200e-03,-0.0304688,-0.00233188
7.5300e-03,-0.023125,-0.00234219
7.5400e-03,-0.0384375,-0.00186063
7.5500e-03,-0.0225,-0.00225094
7.5600e-03,-0.021875,-0.00195625
7.5700e-03,-0.0360938,-0.00197438
7.5800e-03,-0.0217188,-0.00195625
7.5900e-03,-0.0326562,-0.00197688
7.6000e-03,-0.0325,-0.00221125
7.6100e-03,-0.0234375,-0.00219094
7.6200e-03,-0.033125,-0.00207313
7.6300e-03,-0.0342187,-0.00202344
7.6400e-03,-0.0301563,-0.00186438
7.6500e-03,-0.028125,-0.00240906
7.6600e-03,-0.0290625,-0.00158188
7.6700e-03,-0.0232812,-0.00186438
7.6800e-03,-0.0273438,-0.00221937
7.6900e-03,-0.0304688,-0.00248094
7.7000e-03,-0.0304688,-0.00202656
7.7100e-03,-0.029375,-0.00194031
7.7200e-03,-0.0317188,-0.00224188
7.7300e-03,-0.024375,-0.00162063
7.7400e-03,-0.025625,-0.00196625
7.7500e-03,-0.0415625,-0.00206469
7.7600e-03,-0.03,-0.00256031
7.7700e-03,-0.0126563,-0.00152781
7.7800e-03,-0.0375,-0.00175063
7.7900e-03,-0.0257812,-0.00241188
7.8000e-03,-0.0257812,-0.0023275
7.8100e-03,-0.0376563,-0.00242469
7.8200e-03,-0.0310937,-0.00226
7.8300e-03,-0.0385937,-0.002165
7.8400e-03,-0.0339062,-0.00199563
7.8500e-03,-0.0342187,-0.00172219
7.8600e-03,-0.0403125,-0.00226219
7.8700e-03,-0.030625,-0.00244469
7.8800e-03,-0.026875,-0.00216063
7.8900e-03,-0.0315625,-0.00163313
7.9000e-03,-0.029375,-0.00258125
7.9100e-03,-0.0373438,-0.0022075
7.9200e-03,-0.0351562,-0.00224469
7.9300e-03,-0.045,-0.00186438
7.9400e-03,-0.0339062,-0.00206594
7.9500e-03,-0.0346875,-0.00188094
7.9600e-03,-0.03,-0.00163906
7.9700e-03,-0.0207813,-0.00203906
7.9800e-03,-0.0360938,-0.00224094
7.9900e-03,-0.035625,-0.00175563
8.0000e-03,-0.0253125,-0.00151625
8.0100e-03,-0.0365625,-0.00152625
8.0200e-03,-0.0370313,-0.00138719
8.0300e-03,-0.0267187,-0.00185156
8.0400e-03,-0.0254688,-0.00215281
8.0500e-03,-0.0209375,-0.00171813
8.0600e-03,-0.0421875,-0.0022025
8.0700e-03,-0.0378125,-0.0021875
8.0800e-03,-0.0210938,-0.00224
8.0900e-03,-0.0396875,-0.00223438
8.1000e-03,-0.0248438,-0.001865
8.1100e-03,-0.0245313,-0.00204781
8.1200e-03,-0.0435938,-0.00200531
8.1300e-03,-0.03375,-0.00245344
8.1400e-03,-0.0370313,-0.00166781
8.1500e-03,-0.0320312,-0.00245031
8.1600e-03,-0.0248438,-0.00178188
8.1700e-03,-0.046875,-0.00139125
8.1800e-03,-0.0254688,-0.00175188
8.1900e-03,-0.0357813,-0.00194938
8.2000e-03,-0.0290625,-0.00156188
8.2100e-03,-0.035625,-0.00201219
8.2200e-03,-0.035,-0.00157625
8.2300e-03,-0.023125,-0.00173125
8.2400e-03,-0.0295313,-0.00183531
8.2500e-03,-0.0282813,-0.00216813
8.2600e-03,-0.0264062,-0.00227375
8.2700e-03,-0.030625,-0.00220906
8.2800e-03,-0.04125,-0.00214438
8.2900e-03,-0.0135937,-0.00177719
8.3000e-03,-0.0285938,-0.00198562
8.3100e-03,-0.0271875,-0.00154563
8.3200e-03,-0.0304688,-0.00175688
8.3300e-03,-0.0403125,-0.00210656
8.3400e-03,-0.0425,-0.00199188
8.3500e-03,-0.0396875,-0.00212375
8.3600e-03,-0.028125,-0.00214063
8.3700e-03,-0.0440625,-0.00176531
8.3800e-03,-0.0335937,-0.00131531
8.3900e-03,-0.0459375,-0.00195719
8.4000e-03,-0.023125,-0.00206531
8.4100e-03,-0.0423437,-0.00173781
8.4200e-03,-0.0207813,-0.00222813
8.4300e-03,-0.0304688,-0.002215
8.4400e-03,-0.0307813,-0.00251438
8.4500e-03,-0.0353125,-0.00256594
8.4600e-03,-0.0384375,-0.00216219
8.4700e-03,-0.0360938,-0.00224688
8.4800e-03,-0.0290625,-0.00219156
8.4900e-03,-0.0284375,-0.00196688
8.5000e-03,-0.026875,-0.00206625
8.5100e-03,-0.0428125,-0.00196
8.5200e-03,-0.0404687,-0.00222156
8.5300e-03,-0.0403125,-0.00253125
8.5400e-03,-0.0335937,-0.00199563
8.5500e-03,-0.0254688,-0.00203125
8.5600e-03,-0.02875,-0.00236719
8.5700e-03,-0.0279688,-0.00178188
8.5800e-03,-0.0309375,-0.00234906
8.5900e-03,-0.0326562,-0.0018975
8.6000e-03,-0.0275,-0.0023425
8.6100e-03,-0.0370313,-0.00179188
8.6200e-03,-0.049375,-0.00204906
8.6300e-03,-0.0326562,-0.0013325
8.6400e-03,-0.0267187,-0.00174813
8.6500e-03,-0.0425,-0.00227469
8.6600e-03,-0.0467188,-0.00164156
8.6700e-03,-0.0375,-0.001475
8.6800e-03,-0.0290625,-0.00185281
8.6900e-03,-0.0276563,-0.00230563
8.7000e-03,-0.0310937,-0.00210438
8.7100e-03,-0.0225,-0.00210438
8.7200e-03,-0.0503125,-0.00219625
8.7300e-03,-0.0282813,-0.00206719
8.7400e-03,-0.026875,-0.00196719
8.7500e-03,-0.02625,-0.00235531
8.7600e-03,-0.0320312,-0.00214469
8.7700e-03,-0.0282813,-0.00172406
8.7800e-03,-0.0417187,-0.00203969
8.7900e-03,-0.0278125,-0.00214188
8.8000e-03,-0.0301563,-0.00163656
8.8100e-03,-0.0275,-0.00204281
8.8200e-03,-0.0423437,-0.002485
8.8300e-03,-0.0335937,-0.00232969
8.8400e-03,-0.0264062,-0.00231125
8.8500e-03,-0.0439063,-0.00207938
8.8600e-03,-0.0429688,-0.00225969
8.8700e-03,-0.0189062,-0.00216281
8.8800e-03,-0.0384375,-0.00229156
8.8900e-03,-0.02875,-0.00232969
8.9000e-03,-0.0345312,-0.00188438
8.9100e-03,-0.0375,-0.001995
8.9200e-03,-0.02625,-0.00196125
8.9300e-03,-0.0420312,-0.00213719
8.9400e-03,-0.0414063,-0.0022575
8.9500e-03,-0.034375,-0.00241781
8.9600e-03,-0.0485938,-0.00106688
8.9700e-03,-0.0328125,-0.00183906
8.9800e-03,-0.0253125,-0.00200656
8.9900e-03,-0.0375,-0.00192469
9.0000e-03,-0.0292188,-0.0018875
9.0100e-03,-0.0264062,-0.00175063
9.0200e-03,-0.0271875,-0.00179531
9.0300e-03,-0.0185937,-0.00162688
9.0400e-03,-0.0348437,-0.00201094
9.0500e-03,-0.0264062,-0.00240938
9.0600e-03,-0.0325,-0.00228719
9.0700e-03,-0.030625,-0.00243375
9.0800e-03,-0.0245313,-0.00213219
9.0900e-03,-0.0376563,-0.00174688
9.1000e-03,-0.0282813,-0.00211906
9.1100e-03,-0.0298438,-0.00199031
9.1200e-03,-0.0323438,-0.00174344
9.1300e-03,-0.039375,-0.00218812
9.1400e-03,-0.0442188,-0.0021575
9.1500e-03,-0.039375,-0.0016325
9.1600e-03,-0.021875,-0.00131375
9.1700e-03,-0.0329688,-0.00199656
9.1800e-03,-0.0475,-0.00203375
9.1900e-03,-0.0382813,-0.001665
9.2000e-03,-0.0395313,-0.00156531
9.2100e-03,-0.0385937,-0.00164688
9.2200e-03,-0.0307813,-0.00200031
9.2300e-03,-0.0414063,-0.00172906
9.2400e-03,-0.0357813,-0.001655
9.2500e-03,-0.0334375,-0.00178563
9.2600e-03,-0.0421875,-0.00169188
9.2700e-03,-0.0470312,-0.0027575
9.2800e-03,-0.0273438,-0.00162938
9.2900e-03,-0.0340625,-0.0019875
9.3000e-03,-0.0307813,-0.00165438
9.3100e-03,-0.03,-0.00217438
9.3200e-03,-0.03125,-0.00160125
9.3300e-03,-0.0339062,-0.00220563
9.3400e-03,-0.0409375,-0.00202156
9.3500e-03,-0.03375,-0.00166313
9.3600e-03,-0.043125,-0.00200156
9.3700e-03,-0.0425,-0.00216781
9.3800e-03,-0.049375,-0.00141844
9.3900e-03,-0.03375,-0.00255344
9.4000e-03,-0.0285938,-0.00157531
9.4100e-03,-0.0520313,-0.00209094
9.4200e-03,-0.0335937,-0.00203219
9.4300e-03,-0.0364063,-0.00214031
9.4400e-03,-0.0378125,-0.00178719
9.4500e-03,-0.034375,-0.00195469
9.4600e-03,-0.03125,-0.0023825
9.4700e-03,-0.0375,-0.00203563
9.4800e-03,-0.0357813,-0.00189406
9.4900e-03,-0.0428125,-0.00217781
9.5000e-03,-0.0353125,-0.0020875
9.5100e-03,-0.0360938,-0.00197375
9.5200e-03,-0.018125,-0.00161875
9.5300e-03,-0.0289063,-0.00199844
9.5400e-03,-0.0371875,-0.0017875
9.5500e-03,-0.0435938,-0.00229125
9.5600e-03,-0.0410937,-0.00247
9.5700e-03,-0.0385937,-0.00157
9.5800e-03,-0.041875,-0.00159781
9.5900e-03,-0.0367188,-0.0016775
9.6000e-03,-0.0425,-0.00212531
9.6100e-03,-0.044375,-0.00197156
9.6200e-03,-0.0451563,-0.00192875
9.6300e-03,-0.0445313,-0.00234969
9.6400e-03,-0.0370313,-0.00195688
9.6500e-03,-0.0382813,-0.00196969
9.6600e-03,-0.04,-0.00208406
9.6700e-03,-0.0426562,-0.00205375
9.6800e-03,-0.03375,-0.00177625
9.6900e-03,-0.0403125,-0.00196188
9.7000e-03,-0.031875,-0.00185219
9.7100e-03,-0.0375,-0.0020275
9.7200e-03,-0.02625,-0.00185625
9.7300e-03,-0.0385937,-0.00185969
9.7400e-03,-0.0457813,-0.00197
9.7500e-03,-0.0359375,-0.00211688
9.7600e-03,-0.033125,-0.00154125
9.7700e-03,-0.0217188,-0.00188219
9.7800e-03,-0.0365625,-0.00220875
9.7900e-03,-0.0389063,-0.00190281
9.8000e-03,-0.0359375,-0.00224719
9.8100e-03,-0.0289063,-0.00220844
9.8200e-03,-0.0446875,-0.00202781
9.8300e-03,-0.0490625,-0.00183906
9.8400e-03,-0.0471875,-0.00226938
9.8500e-03,-0.0317188,-0.00177281
9.8600e-03,-0.0428125,-0.00196313
9.8700e-03,-0.0353125,-0.00205781
9.8800e-03,-0.0371875,-0.00234125
9.8900e-03,-0.038125,-0.00226531
9.9000e-03,-0.0370313,-0.00236188
9.9100e-03,-0.0514063,-0.00151813
9.9200e-03,-0.0254688,-0.00261094
9.9300e-03,-0.0423437,-0.00183375
9.9400e-03,-0.0314062,-0.00205156
9.9500e-03,-0.0359375,-0.00227375
9.9600e-03,-0.0423437,-0.00192375
9.9700e-03,-0.035625,-0.00248594
9.9800e-03,-0.03875,-0.00223656
9.9900e-03,-0.039375,-0.00213969
1.0000e-02,-0.0459375,-0.00244094
1.0010e-02,-0.0414063,-0.00179906
1.0020e-02,-0.0392187,-0.00143688
1.0030e-02,-0.0398437,-0.00140031
1.0040e-02,-0.0367188,-0.00179625
1.0050e-02,-0.02625,-0.0021975
1.0060e-02,-0.0301563,-0.00208625
1.0070e-02,-0.0417187,-0.0017275
1.0080e-02,-0.0292188,-0.00208406
1.0090e-02,-0.048125,-0.00172219
1.0100e-02,-0.04,-0.00164656
1.0110e-02,-0.0420312,-0.00189031
1.0120e-02,-0.0404687,-0.00160688
1.0130e-02,-0.0446875,-0.00248094
1.0140e-02,-0.0439063,-0.00201375
1.0150e-02,-0.0359375,-0.00191156
1.0160e-02,-0.039375,-0.00175
1.0170e-02,-0.0410937,-0.00219063
1.0180e-02,-0.0382813,-0.00216938
1.0190e-02,-0.0575,-0.00223531
1.0200e-02,-0.0367188,-0.00205
1.0210e-02,-0.038125,-0.00219188
1.0220e-02,-0.0359375,-0.00232625
1.0230e-02,-0.0365625,-0.00137719
1.0240e-02,-0.0390625,-0.00156844
1.0250e-02,-0.0329688,-0.00156375
1.0260e-02,-0.0264062,-0.00193156
1.0270e-02,-0.0539063,-0.0018325
1.0280e-02,-0.03625,-0.00197969
1.0290e-02,-0.0457813,-0.0019275
1.0300e-02,-0.0420312,-0.00207438
1.0310e-02,-0.0309375,-0.00201094
1.0320e-02,-0.0376563,-0.00195125
1.0330e-02,-0.0403125,-0.00178063
1.0340e-02,-0.0384375,-0.00203344
1.0350e-02,-0.0328125,-0.0020225
1.0360e-02,-0.0410937,-0.00161344
1.0370e-02,-0.030625,-0.002165
1.0380e-02,-0.04375,-0.00194938
1.0390e-02,-0.0326562,-0.00128344
1.0400e-02,-0.0295313,-0.00206469
1.0410e-02,-0.0335937,-0.00201094
1.0420e-02,-0.0364063,-0.00200781
1.0430e-02,-0.0398437,-0.00193125
1.0440e-02,-0.0390625,-0.00191438
1.0450e-02,-0.0421875,-0.00230094
1.0460e-02,-0.0353125,-0.00233281
1.0470e-02,-0.0284375,-0.00171438
1.0480e-02,-0.0321875,-0.001605
1.0490e-02,-0.0376563,-0.00224875
1.0500e-02,-0.030625,-0.00206031
1.0510e-02,-0.04125,-0.00166844
1.0520e-02,-0.0514063,-0.00151156
1.0530e-02,-0.0326562,-0.00150375
1.0540e-02,-0.04125,-0.00217
1.0550e-02,-0.045,-0.00164563
1.0560e-02,-0.0478125,-0.00207781
1.0570e-02,-0.040625,-0.00222781
1.0580e-02,-0.03625,-0.00184438
1.0590e-02,-0.0451563,-0.0025025
1.0600e-02,-0.0389063,-0.00212938
1.0610e-02,-0.0359375,-0.00231313
1.0620e-02,-0.0290625,-0.00234938
1.0630e-02,-0.0489062,-0.00194656
1.0640e-02,-0.0415625,-0.00205594
1.0650e-02,-0.0332812,-0.00162563
1.0660e-02,-0.0475,-0.0017725
1.0670e-02,-0.0339062,-0.00220375
1.0680e-02,-0.0309375,-0.00185844
1.0690e-02,-0.0342187,-0.00223344
1.0700e-02,-0.0329688,-0.00209187
1.0710e-02,-0.0396875,-0.00224969
1.0720e-02,-0.046875,-0.00220188
1.0730e-02,-0.0340625,-0.00234219
1.0740e-02,-0.0354688,-0.002325
1.0750e-02,-0.0420312,-0.00217469
1.0760e-02,-0.0429688,-0.00170875
1.0770e-02,-0.0473438,-0.00184094
1.0780e-02,-0.0317188,-0.00205094
1.0790e-02,-0.0267187,-0.0019275
1.0800e-02,-0.0354688,-0.00184219
1.0810e-02,-0.0460938,-0.00209
1.0820e-02,-0.0410937,-0.00255906
1.0830e-02,-0.0285938,-0.0020775
1.0840e-02,-0.0457813,-0.00178906
1.0850e-02,-0.0467188,-0.00139813
1.0860e-02,-0.0448438,-0.00220969
1.0870e-02,-0.0339062,-0.00170313
1.0880e-02,-0.0364063,-0.00168688
1.0890e-02,-0.0317188,-0.00182875
1.0900e-02,-0.0225,-0.00201781
1.0910e-02,-0.0421875,-0.00219781
1.0920e-02,-0.0307813,-0.00200375
1.0930e-02,-0.0428125,-0.00160094
1.0940e-02,-0.0365625,-0.00172938
1.0950e-02,-0.041875,-0.00217188
1.0960e-02,-0.0310937,-0.00186813
1.0970e-02,-0.0346875,-0.00188688
1.0980e-02,-0.0420312,-0.00242125
1.0990e-02,-0.0417187,-0.0024575
1.1000e-02,-0.0409375,-0.00187313
1.1010e-02,-0.0392187,-0.00209438
1.1020e-02,-0.0382813,-0.00242688
1.1030e-02,-0.0345312,-0.00206125
1.1040e-02,-0.0395313,-0.00173563
1.1050e-02,-0.0354688,-0.0021275
1.1060e-02,-0.0415625,-0.00192656
1.1070e-02,-0.0401563,-0.00216375
1.1080e-02,-0.05,-0.00234125
1.1090e-02,-0.0404687,-0.00202
1.1100e-02,-0.045,-0.00194063
1.1110e-02,-0.0335937,-0.0020625
1.1120e-02,-0.0440625,-0.00191563
1.1130e-02,-0.038125,-0.00195344
1.1140e-02,-0.029375,-0.0020375
1.1150e-02,-0.0264062,-0.00257063
1.1160e-02,-0.04125,-0.00239375
1.1170e-02,-0.0189062,-0.00154969
1.1180e-02,-0.03375,-0.00180156
1.1190e-02,-0.0414063,-0.00179938
1.1200e-02,-0.0371875,-0.00187656
1.1210e-02,-0.0446875,-0.00171625
1.1220e-02,-0.0304688,-0.00204
1.1230e-02,-0.0365625,-0.00208719
1.1240e-02,-0.0342187,-0.00185938
1.1250e-02,-0.0476562,-0.00178719
1.1260e-02,-0.0425,-0.00196969
1.1270e-02,-0.0398437,-0.00230469
1.1280e-02,-0.0385937,-0.00208406
1.1290e-02,-0.0401563,-0.00236375
1.1300e-02,-0.0367188,-0.00173813
1.1310e-02,-0.0346875,-0.00210125
1.1320e-02,-0.0342187,-0.00191969
1.1330e-02,-0.0278125,-0.00201375
1.1340e-02,-0.0345312,-0.00200375
1.1350e-02,-0.0490625,-0.00240062
1.1360e-02,-0.0454688,-0.0019825
1.1370e-02,-0.0421875,-0.00194375
1.1380e-02,-0.0332812,-0.00215969
1.1390e-02,-0.0439063,-0.00187313
1.1400e-02,-0.0459375,-0.00226
1.1410e-02,-0.0360938,-0.00170063
1.1420e-02,-0.0370313,-0.00199094
1.1430e-02,-0.04625,-0.002095
1.1440e-02,-0.039375,-0.00208969
1.1450e-02,-0.031875,-0.00235563
1.1460e-02,-0.0329688,-0.00174875
1.1470e-02,-0.0439063,-0.00168844
1.1480e-02,-0.0395313,-0.00218406
1.1490e-02,-0.0423437,-0.00194656
1.1500e-02,-0.0351562,-0.00183125
1.1510e-02,-0.0440625,-0.00208031
1.1520e-02,-0.0364063,-0.0018325
1.1530e-02,-0.0323438,-0.00241406
1.1540e-02,-0.034375,-0.00198938
1.1550e-02,-0.0498438,-0.00212594
1.1560e-02,-0.0351562,-0.00169969
1.1570e-02,-0.0320312,-0.00187969
1.1580e-02,-0.03375,-0.00193531
1.1590e-02,-0.048125,-0.00177063
1.1600e-02,-0.02875,-0.00210344
1.1610e-02,-0.031875,-0.00197469
1.1620e-02,-0.0326562,-0.00238625
1.1630e-02,-0.0353125,-0.00203937
1.1640e-02,-0.039375,-0.00188688
1.1650e-02,-0.040625,-0.00206406
1.1660e-02,-0.038125,-0.00198469
1.1670e-02,-0.044375,-0.00188219
1.1680e-02,-0.041875,-0.00246719
1.1690e-02,-0.03875,-0.00188063
1.1700e-02,-0.049375,-0.0018975
1.1710e-02,-0.0365625,-0.00181844
1.1720e-02,-0.0359375,-0.00202625
1.1730e-02,-0.0440625,-0.00192969
1.1740e-02,-0.0470312,-0.00195844
1.1750e-02,-0.0434375,-0.00159375
1.1760e-02,-0.0448438,-0.0019225
1.1770e-02,-0.043125,-0.00184688
1.1780e-02,-0.0360938,-0.00199
1.1790e-02,-0.0384375,-0.0024675
1.1800e-02,-0.0471875,-0.00191
1.1810e-02,-0.0323438,-0.0022425
1.1820e-02,-0.053125,-0.002035
1.1830e-02,-0.05,-0.00231063
1.1840e-02,-0.0434375,-0.00189688
1.1850e-02,-0.043125,-0.00247156
1.1860e-02,-0.0525,-0.00203563
1.1870e-02,-0.0378125,-0.001855
1.1880e-02,-0.0323438,-0.00188594
1.1890e-02,-0.0435938,-0.00205469
1.1900e-02,-0.0384375,-0.002315
1.1910e-02,-0.031875,-0.001755
1.1920e-02,-0.050625,-0.00175406
1.1930e-02,-0.04125,-0.00196156
1.1940e-02,-0.0434375,-0.00208906
1.1950e-02,-0.0307813,-0.00187563
1.1960e-02,-0.0432813,-0.00217906
1.1970e-02,-0.0340625,-0.00199969
1.1980e-02,-0.0260937,-0.00221781
1.1990e-02,-0.04875,-0.00180469
1.2000e-02,-0.0423437,-0.00233594
1.2010e-02,-0.048125,-0.00177281
1.2020e-02,-0.0364063,-0.00211875
1.2030e-02,-0.031875,-0.00164125
1.2040e-02,-0.0465625,-0.00198906
1.2050e-02,-0.043125,-0.00193438
1.2060e-02,-0.0417187,-0.00176063
1.2070e-02,-0.034375,-0.00225094
1.2080e-02,-0.0292188,-0.00247969
1.2090e-02,-0.0279688,-0.00227719
1.2100e-02,-0.02625,-0.00182063
1.2110e-02,-0.0410937,-0.00211312
1.2120e-02,-0.0439063,-0.00201469
1.2130e-02,-0.0365625,-0.00154406
1.2140e-02,-0.0364063,-0.00183438
1.2150e-02,-0.035625,-0.0013725
1.2160e-02,-0.0475,-0.00171031
1.2170e-02,-0.0509375,-0.00174188
1.2180e-02,-0.0367188,-0.002155
1.2190e-02,-0.03875,-0.00234156
1.2200e-02,-0.0475,-0.00224719
1.2210e-02,-0.0409375,-0.0021575
1.2220e-02,-0.0370313,-0.00170219
1.2230e-02,-0.0423437,-0.00167969
1.2240e-02,-0.03125,-0.0017225
1.2250e-02,-0.03875,-0.00146938
1.2260e-02,-0.039375,-0.00222094
1.2270e-02,-0.0504687,-0.00234438
1.2280e-02,-0.0490625,-0.0022175
1.2290e-02,-0.0410937,-0.00185125
1.2300e-02,-0.0348437,-0.00226375
1.2310e-02,-0.0484375,-0.00211875
1.2320e-02,-0.0326562,-0.0018175
1.2330e-02,-0.0371875,-0.00202594
1.2340e-02,-0.0242188,-0.00155313
1.2350e-02,-0.0471875,-0.00187344
1.2360e-02,-0.0403125,-0.00194188
1.2370e-02,-0.035625,-0.00175313
1.2380e-02,-0.041875,-0.00213719
1.2390e-02,-0.0476562,-0.00217563
1.2400e-02,-0.0389063,-0.00184969
1.2410e-02,-0.04375,-0.00186813
1.2420e-02,-0.0375,-0.00182656
1.2430e-02,-0.028125,-0.00183656
1.2440e-02,-0.0432813,-0.00187094
1.2450e-02,-0.0465625,-0.00179344
1.2460e-02,-0.038125,-0.00190281
1.2470e-02,-0.0420312,-0.00169063
1.2480e-02,0.662969,-0.000793438
1.2490e-02,-0.177969,0.000134063
1.2500e-02,-1.09547,0.00105719
1.2510e-02,0.434219,0.00112875
1.2520e-02,0.584688,0.00109938
1.2530e-02,0.124531,0.000956875
1.2540e-02,0.124063,0.00111594
1.2550e-02,0.104844,0.0010125
1.2560e-02,0.0751562,0.00096125
1.2570e-02,0.0845313,0.000975313
1.2580e-02,0.0798438,0.00108375
1.2590e-02,0.06125,0.00104625
1.2600e-02,0.0501562,0.00107969
1.2610e-02,0.06125,0.000982187
1.2620e-02,0.05625,0.0009725
1.2630e-02,0.0671875,0.00107188
1.2640e-02,0.0403125,0.000957813
1.2650e-02,0.0446875,0.000995938
1.2660e-02,0.0479688,0.00102031
1.2670e-02,0.0246875,0.00109625
1.2680e-02,0.03375,0.00116844
1.2690e-02,0.0334375,0.00096
1.2700e-02,0.0296875,0.00123406
1.2710e-02,0.0365625,0.000925
1.2720e-02,0.0214062,0.00108313
1.2730e-02,0.0307812,0.000872188
1.2740e-02,0.028125,-0.000588438
1.2750e-02,0.0148437,-0.0013825
1.2760e-02,0.025625,-0.00153281
1.2770e-02,0.00703125,-0.00189281
1.2780e-02,0.0221875,-0.00212875
1.2790e-02,0.0107812,-0.00180469
1.2800e-02,0.00125,-0.00181875
1.2810e-02,0.0164063,-0.00177469
1.2820e-02,0.0114063,-0.00225344
1.2830e-02,0.0285937,-0.00212094
1.2840e-02,0.015,-0.00207719
1.2850e-02,0.00578125,-0.0023125
1.2860e-02,0.00859375,-0.00145469
1.2870e-02,0.0267188,-0.00195375
1.2880e-02,0.011875,-0.00193813
1.2890e-02,0.00671875,-0.00203344
1.2900e-02,0.00546875,-0.00166344
1.2910e-02,0.0025,-0.00208219
1.2920e-02,0.0142187,-0.00223813
1.2930e-02,0.0148437,-0.00241031
1.2940e-02,0.0164063,-0.00171125
1.2950e-02,0.0075,-0.00213344
1.2960e-02,0.00546875,-0.00260656
1.2970e-02,0.0040625,-0.00215188
1.2980e-02,0.0034375,-0.00211719
1.2990e-02,-0.00359375,-0.00150594
1.3000e-02,-0.00453125,-0.00151656
1.3010e-02,-0.003125,-0.00211969
1.3020e-02,0.00171875,-0.00235563
1.3030e-02,0.005,-0.00200687
1.3040e-02,0.00109375,-0.001655
1.3050e-02,-0.01,-0.002065
1.3060e-02,-0.00375,-0.00230906
1.3070e-02,0.0139062,-0.00244281
1.3080e-02,-0.000625,-0.00217844
1.3090e-02,0.015,-0.00204625
1.3100e-02,-0.005625,-0.00179906
1.3110e-02,-0.00296875,-0.001895
1.3120e-02,0.00078125,-0.00192188
1.3130e-02,-0.00890625,-0.00194594
1.3140e-02,-0.00296875,-0.00227344
1.3150e-02,-0.00265625,-0.00206
1.3160e-02,-0.0040625,-0.00217625
1.3170e-02,-0.001875,-0.00198938
1.3180e-02,-0.0078125,-0.00148063
1.3190e-02,-0.00703125,-0.00237844
1.3200e-02,-0.00296875,-0.00211344
1.3210e-02,-0.00875,-0.00181719
1.3220e-02,-0.0003125,-0.00171281
1.3230e-02,-0.0071875,-0.00220844
1.3240e-02,-0.011875,-0.00238969
1.3250e-02,-0.019375,-0.00174906
1.3260e-02,-0.0151562,-0.00166625
1.3270e-02,0.0003125,-0.0022725
1.3280e-02,-0.0142188,-0.00181531
1.3290e-02,-0.0065625,-0.00183
1.3300e-02,-0.0151562,-0.00180563
1.3310e-02,-0.0021875,-0.00206313
1.3320e-02,-0.0145312,-0.00223938
1.3330e-02,-0.0003125,-0.00221313
1.3340e-02,-0.0059375,-0.00170219
1.3350e-02,-0.008125,-0.001375
1.3360e-02,-0.0009375,-0.00252
1.3370e-02,-0.0034375,-0.00258
1.3380e-02,-0.0153125,-0.00239875
1.3390e-02,-0.00625,-0.00216531
1.3400e-02,0.00140625,-0.00201344
1.3410e-02,-0.01625,-0.00227406
1.3420e-02,-0.0157813,-0.00169094
1.3430e-02,-0.0182812,-0.00232406
1.3440e-02,-0.00515625,-0.00204156
1.3450e-02,-0.0217188,-0.00188406
1.3460e-02,-0.00640625,-0.00253688
1.3470e-02,-0.00890625,-0.00211938
1.3480e-02,0.00296875,-0.00287344
1.3490e-02,-0.005625,-0.00227625
1.3500e-02,-0.0115625,-0.00214094
1.3510e-02,-0.0084375,-0.00207594
1.3520e-02,-0.0109375,-0.0015775
1.3530e-02,-0.0195312,-0.00197156
1.3540e-02,-0.0132813,-0.00203656
1.3550e-02,-0.0117188,-0.00197969
1.3560e-02,-0.0159375,-0.002455
1.3570e-02,-0.0117188,-0.00196969
1.3580e-02,-0.0129688,-0.00209469
1.3590e-02,-0.0217188,-0.00195938
1.3600e-02,-0.0198438,-0.00183188
1.3610e-02,-0.0148437,-0.00203406
1.3620e-02,-0.0196875,-0.0018325
1.3630e-02,-0.0246875,-0.0022475
1.3640e-02,-0.0276563,-0.00186219
1.3650e-02,-0.00859375,-0.00238594
1.3660e-02,-0.0125,-0.00182656
1.3670e-02,-0.0059375,-0.00253563
1.3680e-02,-0.005,-0.00232469
1.3690e-02,-0.00546875,-0.0018525
1.3700e-02,-0.00078125,-0.00152063
1.3710e-02,-0.0120313,-0.00203438
1.3720e-02,-0.0275,-0.00188781
1.3730e-02,-0.0201563,-0.00181094
1.3740e-02,-0.0210938,-0.00177406
1.3750e-02,-0.0215625,-0.00177906
1.3760e-02,-0.018125,-0.00218594
1.3770e-02,-0.0164063,-0.00177344
1.3780e-02,-0.0185937,-0.00241719
1.3790e-02,-0.0075,-0.00206062
1.3800e-02,-0.019375,-0.00218188
1.3810e-02,-0.0065625,-0.00185375
1.3820e-02,-0.01625,-0.00176406
1.3830e-02,-0.0182812,-0.00167531
1.3840e-02,-0.02125,-0.00211188
1.3850e-02,-0.0190625,-0.00175094
1.3860e-02,-0.01375,-0.00219594
1.3870e-02,-0.011875,-0.00195875
1.3880e-02,-0.0175,-0.00183375
1.3890e-02,-0.0195312,-0.00281219
1.3900e-02,-0.011875,-0.00201063
1.3910e-02,-0.00578125,-0.00192344
1.3920e-02,-0.0126563,-0.00160313
1.3930e-02,-0.0265625,-0.00159531
1.3940e-02,-0.0242188,-0.00189938
1.3950e-02,-0.0192187,-0.00160969
1.3960e-02,-0.025,-0.00175969
1.3970e-02,-0.03,-0.00188781
1.3980e-02,-0.0109375,-0.00147438
1.3990e-02,-0.0164063,-0.00225344
1.4000e-02,-0.00078125,-0.00235719
1.4010e-02,-0.0271875,-0.00193844
1.4020e-02,-0.0215625,-0.00203063
1.4030e-02,-0.020625,-0.00233906
1.4040e-02,-0.0176563,-0.00226313
1.4050e-02,-0.0251563,-0.00182719
1.4060e-02,-0.0125,-0.00182875
1.4070e-02,-0.014375,-0.00180281
1.4080e-02,-0.0173438,-0.00172594
1.4090e-02,-0.0195312,-0.00193219
1.4100e-02,-0.0167188,-0.00239313
1.4110e-02,-0.0242188,-0.00203375
1.4120e-02,-0.0198438,-0.00249844
1.4130e-02,-0.0132813,-0.00204875
1.4140e-02,-0.0173438,-0.00218969
1.4150e-02,-0.02,-0.00190063
1.4160e-02,-0.013125,-0.00278219
1.4170e-02,-0.0198438,-0.00218875
1.4180e-02,-0.0203125,-0.00168531
1.4190e-02,-0.0090625,-0.002335
1.4200e-02,-0.0157813,-0.00185688
1.4210e-02,-0.0239063,-0.0024575
1.4220e-02,-0.0217188,-0.001875
1.4230e-02,-0.0182812,-0.00219844
1.4240e-02,-0.0282813,-0.0022425
1.4250e-02,-0.0276563,-0.00239781
1.4260e-02,-0.018125,-0.00164688
1.4270e-02,-0.0242188,-0.00177313
1.4280e-02,-0.0096875,-0.00177313
1.4290e-02,-0.024375,-0.00196625
1.4300e-02,-0.0210938,-0.00190344
1.4310e-02,-0.0207813,-0.00220219
1.4320e-02,-0.0204688,-0.00236313
1.4330e-02,-0.01375,-0.00221469
1.4340e-02,-0.01125,-0.00184063
1.4350e-02,-0.0265625,-0.002105
1.4360e-02,-0.0354688,-0.00205719
1.4370e-02,-0.015625,-0.00223531
1.4380e-02,-0.0267187,-0.00227906
1.4390e-02,-0.0239063,-0.00211156
1.4400e-02,-0.0210938,-0.00200656
1.4410e-02,-0.0142188,-0.00188156
1.4420e-02,-0.0185937,-0.00166125
1.4430e-02,-0.0253125,-0.00225406
1.4440e-02,-0.0184375,-0.00186281
1.4450e-02,-0.0257812,-0.00215313
1.4460e-02,-0.02625,-0.00273031
1.4470e-02,-0.023125,-0.00240188
1.4480e-02,-0.0215625,-0.00248063
1.4490e-02,-0.0254688,-0.00224688
1.4500e-02,-0.0192187,-0.00261063
1.4510e-02,-0.0251563,-0.00218156
1.4520e-02,-0.0215625,-0.00210063
1.4530e-02,-0.0259375,-0.00238813
1.4540e-02,-0.0340625,-0.00217344
1.4550e-02,-0.0189062,-0.00220594
1.4560e-02,-0.0192187,-0.00227312
1.4570e-02,-0.0242188,-0.00217063
1.4580e-02,-0.0254688,-0.00217313
1.4590e-02,-0.0196875,-0.0021625
1.4600e-02,-0.0273438,-0.00246719
1.4610e-02,-0.0270312,-0.00203406
1.4620e-02,-0.02625,-0.00188656
1.4630e-02,-0.0165625,-0.002495
1.4640e-02,-0.0259375,-0.00190438
1.4650e-02,-0.0145312,-0.0018125
1.4660e-02,-0.0145312,-0.0020725
1.4670e-02,-0.0164063,-0.00207219
1.4680e-02,-0.0198438,-0.00238656
1.4690e-02,-0.0275,-0.00215688
1.4700e-02,-0.00875,-0.00175719
1.4710e-02,-0.0296875,-0.00164781
1.4720e-02,-0.0226562,-0.00216438
1.4730e-02,-0.02125,-0.00177531
1.4740e-02,-0.0178125,-0.00245781
1.4750e-02,-0.0160938,-0.00211344
1.4760e-02,-0.0278125,-0.0017675
1.4770e-02,-0.0228125,-0.00185
1.4780e-02,-0.0215625,-0.00206844
1.4790e-02,-0.0267187,-0.00148906
1.4800e-02,-0.0325,-0.00177438
1.4810e-02,-0.02375,-0.00206844
1.4820e-02,-0.02875,-0.0021525
1.4830e-02,-0.0195312,-0.00207344
1.4840e-02,-0.0279688,-0.00214438
1.4850e-02,-0.0360938,-0.00181563
1.4860e-02,-0.0260937,-0.002355
1.4870e-02,-0.0295313,-0.00236719
1.4880e-02,-0.0217188,-0.002495
1.4890e-02,-0.02625,-0.00234625
1.4900e-02,-0.0295313,-0.00209656
1.4910e-02,-0.0121875,-0.00185125
1.4920e-02,-0.0434375,-0.00181344
1.4930e-02,-0.043125,-0.00230844
1.4940e-02,-0.0282813,-0.00190063
1.4950e-02,-0.019375,-0.00271406
1.4960e-02,-0.019375,-0.00239094
1.4970e-02,-0.01875,-0.00211156
1.4980e-02,-0.03125,-0.00181938
1.4990e-02,-0.0157813,-0.00180906
1.5000e-02,-0.0279688,-0.00206844
1.5010e-02,-0.0257812,-0.00248031
1.5020e-02,-0.0382813,-0.00190688
1.5030e-02,-0.0271875,-0.00234094
1.5040e-02,-0.0215625,-0.00248156
1.5050e-02,-0.0301563,-0.00194156
1.5060e-02,-0.0292188,-0.00175781
1.5070e-02,-0.02875,-0.00190531
1.5080e-02,-0.0190625,-0.00189438
1.5090e-02,-0.0309375,-0.00168156
1.5100e-02,-0.025625,-0.00215781
1.5110e-02,-0.0271875,-0.00217906
1.5120e-02,-0.025625,-0.00190719
1.5130e-02,-0.0329688,-0.00141531
1.5140e-02,-0.0223437,-0.00149688
1.5150e-02,-0.0126563,-0.00184125
1.5160e-02,-0.0278125,-0.00152813
1.5170e-02,-0.0334375,-0.00218719
1.5180e-02,-0.0315625,-0.00231875
1.5190e-02,-0.0254688,-0.00190531
1.5200e-02,-0.0192187,-0.0022875
1.5210e-02,-0.0245313,-0.0019825
1.5220e-02,-0.024375,-0.00216438
1.5230e-02,-0.0279688,-0.00246063
1.5240e-02,-0.0196875,-0.00249156
1.5250e-02,-0.0275,-0.00160875
1.5260e-02,-0.0295313,-0.00227719
1.5270e-02,-0.0289063,-0.0017775
1.5280e-02,-0.02625,-0.00239813
1.5290e-02,-0.0457813,-0.00191031
1.5300e-02,-0.0285938,-0.00158313
1.5310e-02,-0.0304688,-0.00173938
1.5320e-02,-0.0290625,-0.00183313
1.5330e-02,-0.0309375,-0.00215219
1.5340e-02,-0.0357813,-0.00201906
1.5350e-02,-0.0226562,-0.00190813
1.5360e-02,-0.0196875,-0.00150906
1.5370e-02,-0.029375,-0.00243875
1.5380e-02,-0.0357813,-0.00165469
1.5390e-02,-0.0267187,-0.00190188
1.5400e-02,-0.0276563,-0.00183719
1.5410e-02,-0.03,-0.00188375
1.5420e-02,-0.0234375,-0.00220688
1.5430e-02,-0.0364063,-0.00199344
1.5440e-02,-0.028125,-0.00180063
1.5450e-02,-0.02125,-0.00215469
1.5460e-02,-0.0201563,-0.00219281
1.5470e-02,-0.0435938,-0.0023875
1.5480e-02,-0.0284375,-0.00167625
1.5490e-02,-0.0239063,-0.00228938
1.5500e-02,-0.0232812,-0.00175031
1.5510e-02,-0.0357813,-0.00223375
1.5520e-02,-0.0440625,-0.00214562
1.5530e-02,-0.0378125,-0.00128438
1.5540e-02,-0.040625,-0.00194156
1.5550e-02,-0.038125,-0.00153813
1.5560e-02,-0.025625,-0.001565
1.5570e-02,-0.0282813,-0.00202625
1.5580e-02,-0.031875,-0.00192563
1.5590e-02,-0.0314062,-0.00228563
1.5600e-02,-0.0220313,-0.00175531
1.5610e-02,-0.021875,-0.00211438
1.5620e-02,-0.0398437,-0.0018875
1.5630e-02,-0.0245313,-0.00176063
1.5640e-02,-0.013125,-0.00247719
1.5650e-02,-0.0254688,-0.00160438
1.5660e-02,-0.0385937,-0.00187531
1.5670e-02,-0.0295313,-0.00187156
1.5680e-02,-0.0229687,-0.00196406
1.5690e-02,-0.0246875,-0.00219094
1.5700e-02,-0.0267187,-0.00224438
1.5710e-02,-0.0198438,-0.00189469
1.5720e-02,-0.0367188,-0.00212063
1.5730e-02,-0.0284375,-0.00213563
1.5740e-02,-0.0359375,-0.00178813
1.5750e-02,-0.0201563,-0.00215281
1.5760e-02,-0.0339062,-0.00164531
1.5770e-02,-0.01875,-0.00218188
1.5780e-02,-0.04,-0.00249469
1.5790e-02,-0.0273438,-0.00250813
1.5800e-02,-0.039375,-0.00201906
1.5810e-02,-0.0284375,-0.00217094
1.5820e-02,-0.0360938,-0.00234813
1.5830e-02,-0.0307813,-0.001795
1.5840e-02,-0.030625,-0.00188875
1.5850e-02,-0.0267187,-0.00221438
1.5860e-02,-0.0342187,-0.00241563
1.5870e-02,-0.03625,-0.00191813
1.5880e-02,-0.0215625,-0.00198469
1.5890e-02,-0.025,-0.00221031
1.5900e-02,-0.0367188,-0.00201219
1.5910e-02,-0.0295313,-0.00196094
1.5920e-02,-0.039375,-0.00224719
1.5930e-02,-0.0290625,-0.00205938
1.5940e-02,-0.025625,-0.00212313
1.5950e-02,-0.0292188,-0.00173688
1.5960e-02,-0.0317188,-0.00202281
1.5970e-02,-0.0239063,-0.00204219
1.5980e-02,-0.0314062,-0.00227844
1.5990e-02,-0.030625,-0.00166625
1.6000e-02,-0.0259375,-0.00183063
1.6010e-02,-0.0353125,-0.00214781
1.6020e-02,-0.0376563,-0.00186219
1.6030e-02,-0.0326562,-0.00192344
1.6040e-02,-0.03375,-0.00252812
1.6050e-02,-0.0364063,-0.00241313
1.6060e-02,-0.0271875,-0.00223219
1.6070e-02,-0.0328125,-0.00237937
1.6080e-02,-0.0260937,-0.00194344
1.6090e-02,-0.0385937,-0.00212031
1.6100e-02,-0.04,-0.00221281
1.6110e-02,-0.0325,-0.00212219
1.6120e-02,-0.0278125,-0.00257375
1.6130e-02,-0.031875,-0.00206438
1.6140e-02,-0.0415625,-0.00205594
1.6150e-02,-0.0353125,-0.00206438
1.6160e-02,-0.0382813,-0.00167594
1.6170e-02,-0.0392187,-0.00184531
1.6180e-02,-0.029375,-0.0017525
1.6190e-02,-0.0339062,-0.00179406
1.6200e-02,-0.0309375,-0.00246875
1.6210e-02,-0.0376563,-0.00206813
1.6220e-02,-0.0373438,-0.00133438
1.6230e-02,-0.0259375,-0.00230656
1.6240e-02,-0.0326562,-0.0020425
1.6250e-02,-0.0384375,-0.00163969
1.6260e-02,-0.0390625,-0.002325
1.6270e-02,-0.0328125,-0.00238844
1.6280e-02,-0.04375,-0.00154125
1.6290e-02,-0.0470312,-0.00177094
1.6300e-02,-0.0248438,-0.00194156
1.6310e-02,-0.0457813,-0.00244875
1.6320e-02,-0.0309375,-0.0017775
1.6330e-02,-0.0409375,-0.00179531
1.6340e-02,-0.0315625,-0.00208469
1.6350e-02,-0.0326562,-0.00216344
1.6360e-02,-0.0467188,-0.00228031
1.6370e-02,-0.036875,-0.00234094
1.6380e-02,-0.0309375,-0.00202063
1.6390e-02,-0.03375,-0.00195406
1.6400e-02,-0.02875,-0.00149188
1.6410e-02,-0.033125,-0.0015
1.6420e-02,-0.0420312,-0.00187875
1.6430e-02,-0.0353125,-0.00205688
1.6440e-02,-0.045625,-0.00219969
1.6450e-02,-0.035,-0.0019125
1.6460e-02,-0.041875,-0.0020875
1.6470e-02,-0.0396875,-0.00233094
1.6480e-02,-0.0307813,-0.00185031
1.6490e-02,-0.0190625,-0.00199813
1.6500e-02,-0.0475,-0.00212844
1.6510e-02,-0.0357813,-0.00193344
1.6520e-02,-0.0321875,-0.00186094
1.6530e-02,-0.0220313,-0.00203375
1.6540e-02,-0.0365625,-0.00145906
1.6550e-02,-0.0396875,-0.001845
1.6560e-02,-0.0384375,-0.00201375
1.6570e-02,-0.0303125,-0.00200375
1.6580e-02,-0.0321875,-0.00255063
1.6590e-02,-0.0326562,-0.00212531
1.6600e-02,-0.039375,-0.00208938
1.6610e-02,-0.0342187,-0.0017475
1.6620e-02,-0.033125,-0.00178469
1.6630e-02,-0.0345312,-0.00239969
1.6640e-02,-0.02,-0.00153094
1.6650e-02,-0.0270312,-0.00216813
1.6660e-02,-0.0309375,-0.00188219
1.6670e-02,-0.04,-0.00246437
1.6680e-02,-0.0442188,-0.00204469
1.6690e-02,-0.051875,-0.00239438
1.6700e-02,-0.0245313,-0.00260063
1.6710e-02,-0.0484375,-0.00203937
1.6720e-02,-0.0295313,-0.00245531
1.6730e-02,-0.0345312,-0.00194313
1.6740e-02,-0.0345312,-0.00206344
1.6750e-02,-0.0476562,-0.00194
1.6760e-02,-0.0292188,-0.00182906
1.6770e-02,-0.029375,-0.00195938
1.6780e-02,-0.0348437,-0.00179094
1.6790e-02,-0.0335937,-0.00207094
1.6800e-02,-0.0353125,-0.00164719
1.6810e-02,-0.0307813,-0.002365
1.6820e-02,-0.030625,-0.00171719
1.6830e-02,-0.0351562,-0.00215125
1.6840e-02,-0.0309375,-0.00195656
1.6850e-02,-0.044375,-0.00230125
1.6860e-02,-0.0401563,-0.00193344
1.6870e-02,-0.03875,-0.00213031
1.6880e-02,-0.025,-0.00214281
1.6890e-02,-0.0239063,-0.00191281
1.6900e-02,-0.0409375,-0.00257
1.6910e-02,-0.0373438,-0.00188719
1.6920e-02,-0.0314062,-0.00253281
1.6930e-02,-0.0453125,-0.00151594
1.6940e-02,-0.0378125,-0.00206375
1.6950e-02,-0.0335937,-0.00186156
1.6960e-02,-0.0328125,-0.00241313
1.6970e-02,-0.0273438,-0.00210969
1.6980e-02,-0.0351562,-0.00221063
1.6990e-02,-0.03125,-0.00179438
1.7000e-02,-0.0325,-0.00207469
1.7010e-02,-0.036875,-0.00216094
1.7020e-02,-0.0495312,-0.00203594
1.7030e-02,-0.0303125,-0.00243844
1.7040e-02,-0.0346875,-0.00238594
1.7050e-02,-0.035625,-0.0018125
1.7060e-02,-0.0296875,-0.00216781
1.7070e-02,-0.034375,-0.00189594
1.7080e-02,-0.0345312,-0.00202469
1.7090e-02,-0.0365625,-0.00214688
1.7100e-02,-0.0465625,-0.002505
1.7110e-02,-0.0296875,-0.00207906
1.7120e-02,-0.0320312,-0.001825
1.7130e-02,-0.03375,-0.00154469
1.7140e-02,-0.0273438,-0.00210563
1.7150e-02,-0.0335937,-0.00190594
1.7160e-02,-0.0410937,-0.0022975
1.7170e-02,-0.041875,-0.00148531
1.7180e-02,-0.0276563,-0.00230656
1.7190e-02,-0.0345312,-0.00207313
1.7200e-02,-0.0348437,-0.00206125
1.7210e-02,-0.040625,-0.00178469
1.7220e-02,-0.0340625,-0.00233
1.7230e-02,-0.0357813,-0.0018775
1.7240e-02,-0.034375,-0.00180563
1.7250e-02,-0.0378125,-0.00206406
1.7260e-02,-0.0384375,-0.00187563
1.7270e-02,-0.0315625,-0.00179344
1.7280e-02,-0.02875,-0.00205375
1.7290e-02,-0.03625,-0.00227594
1.7300e-02,-0.05,-0.00160031
1.7310e-02,-0.0465625,-0.00209469
1.7320e-02,-0.03875,-0.001875
1.7330e-02,-0.0378125,-0.00234594
1.7340e-02,-0.0432813,-0.00204563
1.7350e-02,-0.035625,-0.00220906
1.7360e-02,-0.0404687,-0.00190375
1.7370e-02,-0.0239063,-0.00256781
1.7380e-02,-0.0342187,-0.00204969
1.7390e-02,-0.0404687,-0.0024025
1.7400e-02,-0.0265625,-0.00214781
1.7410e-02,-0.0509375,-0.00219031
1.7420e-02,-0.0421875,-0.00186031
1.7430e-02,-0.0446875,-0.00171813
1.7440e-02,-0.0365625,-0.00165563
1.7450e-02,-0.0321875,-0.00201688
1.7460e-02,-0.0414063,-0.00179719
1.7470e-02,-0.0382813,-0.00172438
1.7480e-02,-0.0345312,-0.00218469
1.7490e-02,-0.0396875,-0.00212781
1.7500e-02,-0.0421875,-0.002275
1.7510e-02,-0.0307813,-0.00209281
1.7520e-02,-0.0245313,-0.00175969
1.7530e-02,-0.0407813,-0.00173406
1.7540e-02,-0.0365625,-0.00222313
1.7550e-02,-0.0360938,-0.00227563
1.7560e-02,-0.0504687,-0.00179375
1.7570e-02,-0.0396875,-0.00185906
1.7580e-02,-0.0346875,-0.00241719
1.7590e-02,-0.0317188,-0.00195437
1.7600e-02,-0.033125,-0.001945
1.7610e-02,-0.0304688,-0.00235156
1.7620e-02,-0.0403125,-0.00253594
1.7630e-02,-0.0326562,-0.00212531
1.7640e-02,-0.0357813,-0.00166875
1.7650e-02,-0.0384375,-0.00223281
1.7660e-02,-0.0278125,-0.00218531
1.7670e-02,-0.0348437,-0.00225156
1.7680e-02,-0.0384375,-0.00196188
1.7690e-02,-0.0379688,-0.00188656
1.7700e-02,-0.0307813,-0.00191313
1.7710e-02,-0.0390625,-0.00204625
1.7720e-02,-0.0259375,-0.00211125
1.7730e-02,-0.0310937,-0.002005
1.7740e-02,-0.0357813,-0.00209031
1.7750e-02,-0.026875,-0.002015
1.7760e-02,-0.0476562,-0.00205781
1.7770e-02,-0.0298438,-0.002035
1.7780e-02,-0.0484375,-0.00180969
1.7790e-02,-0.0334375,-0.00176781
1.7800e-02,-0.03125,-0.00186625
1.7810e-02,-0.0265625,-0.00208375
1.7820e-02,-0.0370313,-0.00239625
1.7830e-02,-0.0378125,-0.00202281
1.7840e-02,-0.0298438,-0.00174719
1.7850e-02,-0.0345312,-0.00191281
1.7860e-02,-0.0475,-0.00214875
1.7870e-02,-0.0476562,-0.00217531
1.7880e-02,-0.03625,-0.00227094
1.7890e-02,-0.0370313,-0.00236438
1.7900e-02,-0.0404687,-0.00148281
1.7910e-02,-0.0315625,-0.00201188
1.7920e-02,-0.0289063,-0.00182281
1.7930e-02,-0.02625,-0.00165406
1.7940e-02,-0.02875,-0.00181469
1.7950e-02,-0.0390625,-0.00180906
1.7960e-02,-0.0278125,-0.00190625
1.7970e-02,-0.04,-0.0016125
1.7980e-02,-0.0401563,-0.00197313
1.7990e-02,-0.0320312,-0.0023725
1.8000e-02,-0.0398437,-0.00210312
1.8010e-02,-0.0360938,-0.00181844
1.8020e-02,-0.0323438,-0.00219281
1.8030e-02,-0.0420312,-0.00190094
1.8040e-02,-0.0417187,-0.00200375
1.8050e-02,-0.0460938,-0.00201375
1.8060e-02,-0.0321875,-0.00216031
1.8070e-02,-0.0360938,-0.00233438
1.8080e-02,-0.0392187,-0.00181156
1.8090e-02,-0.0392187,-0.00208563
1.8100e-02,-0.0351562,-0.00233656
1.8110e-02,-0.0415625,-0.00179438
1.8120e-02,-0.045,-0.00249031
1.8130e-02,-0.0279688,-0.00201219
1.8140e-02,-0.04125,-0.00211156
1.8150e-02,-0.0453125,-0.00225813
1.8160e-02,-0.03875,-0.00222094
1.8170e-02,-0.0460938,-0.00171563
1.8180e-02,-0.03875,-0.00195281
1.8190e-02,-0.0448438,-0.00149469
1.8200e-02,-0.0384375,-0.002045
1.8210e-02,-0.0409375,-0.0012475
1.8220e-02,-0.0448438,-0.00202281
1.8230e-02,-0.0532813,-0.00170063
1.8240e-02,-0.034375,-0.00188188
1.8250e-02,-0.05,-0.00204031
1.8260e-02,-0.0370313,-0.00180094
1.8270e-02,-0.0426562,-0.00152438
1.8280e-02,-0.0460938,-0.00237406
1.8290e-02,-0.0373438,-0.00222688
1.8300e-02,-0.0448438,-0.00156375
1.8310e-02,-0.0421875,-0.00139719
1.8320e-02,-0.04,-0.00208719
1.8330e-02,-0.0359375,-0.0017
1.8340e-02,-0.0382813,-0.00131344
1.8350e-02,-0.0432813,-0.00229625
1.8360e-02,-0.0446875,-0.00205219
1.8370e-02,-0.0304688,-0.00212031
1.8380e-02,-0.0457813,-0.00197063
1.8390e-02,-0.0317188,-0.00184844
1.8400e-02,-0.0340625,-0.00224406
1.8410e-02,-0.0426562,-0.00199687
1.8420e-02,-0.0420312,-0.00213781
1.8430e-02,-0.029375,-0.0026275
1.8440e-02,-0.0407813,-0.0022975
1.8450e-02,-0.0460938,-0.00201219
1.8460e-02,-0.0323438,-0.00213781
1.8470e-02,-0.055,-0.00165188
1.8480e-02,-0.0390625,-0.00257906
1.8490e-02,-0.0360938,-0.00188906
1.8500e-02,-0.03625,-0.00178875
1.8510e-02,-0.026875,-0.00208781
1.8520e-02,-0.0307813,-0.00229656
1.8530e-02,-0.045625,-0.00218688
1.8540e-02,-0.0404687,-0.00201438
1.8550e-02,-0.0354688,-0.00184969
1.8560e-02,-0.0484375,-0.00221781
1.8570e-02,-0.0385937,-0.00221406
1.8580e-02,-0.0403125,-0.0016875
1.8590e-02,-0.03625,-0.00178
1.8600e-02,-0.043125,-0.00240625
1.8610e-02,-0.0370313,-0.00233438
1.8620e-02,-0.0357813,-0.00171375
1.8630e-02,-0.0475,-0.0019125
1.8640e-02,-0.0428125,-0.00199469
1.8650e-02,-0.0425,-0.00213375
1.8660e-02,-0.036875,-0.00210031
1.8670e-02,-0.0495312,-0.0014325
1.8680e-02,-0.0270312,-0.00184906
1.8690e-02,-0.04375,-0.00199188
1.8700e-02,-0.0373438,-0.00175
1.8710e-02,-0.0492188,-0.00187625
1.8720e-02,-0.0315625,-0.00202094
1.8730e-02,-0.030625,-0.00173281
1.8740e-02,-0.0357813,-0.00190344
1.8750e-02,-0.036875,-0.00204063
1.8760e-02,-0.0379688,-0.00204031
1.8770e-02,-0.0378125,-0.00230969
1.8780e-02,-0.0409375,-0.00204719
1.8790e-02,-0.03625,-0.00172406
1.8800e-02,-0.0496875,-0.00238313
1.8810e-02,-0.0476562,-0.00222875
1.8820e-02,-0.0510938,-0.00186656
1.8830e-02,-0.0339062,-0.00237937
1.8840e-02,-0.0454688,-0.00245156
1.8850e-02,-0.0410937,-0.00183531
1.8860e-02,-0.0329688,-0.00190906
1.8870e-02,-0.0346875,-0.00216687
1.8880e-02,-0.0345312,-0.00218938
1.8890e-02,-0.0414063,-0.00176938
1.8900e-02,-0.0323438,-0.00163469
1.8910e-02,-0.04625,-0.00164406
1.8920e-02,-0.0348437,-0.00208219
1.8930e-02,-0.04,-0.00234094
1.8940e-02,-0.0378125,-0.00219281
1.8950e-02,-0.0557813,-0.00213906
1.8960e-02,-0.0245313,-0.00233469
1.8970e-02,-0.0407813,-0.00226625
1.8980e-02,-0.0409375,-0.00237719
1.8990e-02,-0.044375,-0.00186938
1.9000e-02,-0.0375,-0.00170656
1.9010e-02,-0.0353125,-0.00186656
1.9020e-02,-0.0315625,-0.0020975
1.9030e-02,-0.0465625,-0.00223344
1.9040e-02,-0.0342187,-0.00215469
1.9050e-02,-0.0420312,-0.00180406
1.9060e-02,-0.04,-0.00210531
1.9070e-02,-0.0376563,-0.0021975
1.9080e-02,-0.030625,-0.002395
1.9090e-02,-0.0407813,-0.00224656
1.9100e-02,-0.048125,-0.00182156
1.9110e-02,-0.0496875,-0.00193344
1.9120e-02,-0.0340625,-0.00178625
1.9130e-02,-0.0417187,-0.00224469
1.9140e-02,-0.0314062,-0.00205781
1.9150e-02,-0.0559375,-0.00216969
1.9160e-02,-0.0371875,-0.00156625
1.9170e-02,-0.0303125,-0.00178844
1.9180e-02,-0.0492188,-0.00203
1.9190e-02,-0.0385937,-0.00203469
1.9200e-02,-0.0304688,-0.00179156
1.9210e-02,-0.0346875,-0.00224531
1.9220e-02,-0.0348437,-0.00177688
1.9230e-02,-0.0354688,-0.00177469
1.9240e-02,-0.038125,-0.00208563
1.9250e-02,-0.0348437,-0.00226906
1.9260e-02,-0.0395313,-0.00217406
1.9270e-02,-0.0371875,-0.00200594
1.9280e-02,-0.03625,-0.00205281
1.9290e-02,-0.0375,-0.00201375
1.9300e-02,-0.0448438,-0.00177688
1.9310e-02,-0.0276563,-0.00169688
1.9320e-02,-0.0289063,-0.00195406
1.9330e-02,-0.04125,-0.00168969
1.9340e-02,-0.0195312,-0.00182656
1.9350e-02,-0.0384375,-0.00201938
1.9360e-02,-0.054375,-0.00197188
1.9370e-02,-0.0396875,-0.00178375
1.9380e-02,-0.04125,-0.00192
1.9390e-02,-0.0414063,-0.00200594
1.9400e-02,-0.0325,-0.00209531
1.9410e-02,-0.0510938,-0.00178594
1.9420e-02,-0.0460938,-0.00203344
1.9430e-02,-0.0610938,-0.00193938
1.9440e-02,-0.0451563,-0.00231094
1.9450e-02,-0.0414063,-0.00189063
1.9460e-02,-0.0296875,-0.00251844
1.9470e-02,-0.0510938,-0.00198813
1.9480e-02,-0.031875,-0.00231094
1.9490e-02,-0.0365625,-0.00212344
1.9500e-02,-0.0464062,-0.00192375
1.9510e-02,-0.0271875,-0.00210438
1.9520e-02,-0.0310937,-0.00226187
1.9530e-02,-0.0346875,-0.00215688
1.9540e-02,-0.0371875,-0.00201156
1.9550e-02,-0.0429688,-0.00215531
1.9560e-02,-0.0457813,-0.00178094
1.9570e-02,-0.0390625,-0.00198781
1.9580e-02,-0.03375,-0.00186938
1.9590e-02,-0.0485938,-0.00205438
1.9600e-02,-0.0417187,-0.00202063
1.9610e-02,-0.0421875,-0.00246781
1.9620e-02,-0.0415625,-0.0022175
1.9630e-02,-0.0482812,-0.002455
1.9640e-02,-0.03625,-0.00172969
1.9650e-02,-0.0342187,-0.00206656
1.9660e-02,-0.0403125,-0.00213125
1.9670e-02,-0.0382813,-0.00165344
1.9680e-02,-0.0384375,-0.00227
1.9690e-02,-0.0440625,-0.00184063
1.9700e-02,-0.0348437,-0.00173594
1.9710e-02,-0.0351562,-0.00220406
1.9720e-02,-0.0373438,-0.00138531
1.9730e-02,-0.0370313,-0.00242438
1.9740e-02,-0.0367188,-0.00225031
1.9750e-02,-0.0403125,-0.00240406
1.9760e-02,-0.0326562,-0.0022675
1.9770e-02,-0.0495312,-0.00165563
1.9780e-02,-0.039375,-0.00237781
1.9790e-02,-0.0446875,-0.00211406
1.9800e-02,-0.0410937,-0.00198688
1.9810e-02,-0.0364063,-0.00221219
1.9820e-02,-0.0504687,-0.00170781
1.9830e-02,-0.0440625,-0.00215875
1.9840e-02,-0.0296875,-0.00158438
1.9850e-02,-0.0378125,-0.00165531
1.9860e-02,-0.0440625,-0.00172125
1.9870e-02,-0.0426562,-0.00170219
1.9880e-02,-0.0476562,-0.00207156
1.9890e-02,-0.0396875,-0.00224281
1.9900e-02,-0.0335937,-0.00185281
1.9910e-02,-0.0442188,-0.00225187
1.9920e-02,-0.039375,-0.00197219
1.9930e-02,-0.0407813,-0.0024925
1.9940e-02,-0.0279688,-0.00210594
1.9950e-02,-0.0307813,-0.00229281
1.9960e-02,-0.03625,-0.00176188
1.9970e-02,-0.0384375,-0.00193688
1.9980e-02,-0.0501562,-0.0017175
1.9990e-02,-0.041875,-0.00209813
2.0000e-02,-0.0367188,-0.00176563
2.0010e-02,-0.0479688,-0.00230063
2.0020e-02,-0.0476562,-0.00192969
2.0030e-02,-0.0426562,-0.00236813
2.0040e-02,-0.0426562,-0.00157656
2.0050e-02,-0.0270312,-0.00183844
2.0060e-02,-0.0432813,-0.0019225
2.0070e-02,-0.0315625,-0.00182219
2.0080e-02,-0.0328125,-0.002085
2.0090e-02,-0.034375,-0.00193281
2.0100e-02,-0.03375,-0.00184688
2.0110e-02,-0.0509375,-0.00228719
2.0120e-02,-0.0339062,-0.00210813
2.0130e-02,-0.0410937,-0.00184969
2.0140e-02,-0.0409375,-0.00238906
2.0150e-02,-0.0434375,-0.00242313
2.0160e-02,-0.028125,-0.00200594
2.0170e-02,-0.0339062,-0.00197781
2.0180e-02,-0.039375,-0.00198625
2.0190e-02,-0.0417187,-0.00239656
2.0200e-02,-0.0267187,-0.00211469
2.0210e-02,-0.039375,-0.00208594
2.0220e-02,-0.035,-0.0019625
2.0230e-02,-0.0429688,-0.00183813
2.0240e-02,-0.0385937,-0.00216
2.0250e-02,-0.0446875,-0.00182563
2.0260e-02,-0.0373438,-0.00208031
2.0270e-02,-0.0446875,-0.00235781
2.0280e-02,-0.0459375,-0.00208813
2.0290e-02,-0.0510938,-0.00192938
2.0300e-02,-0.0367188,-0.00220125
2.0310e-02,-0.0457813,-0.002385
2.0320e-02,-0.0310937,-0.00236344
2.0330e-02,-0.0359375,-0.00202344
2.0340e-02,-0.0432813,-0.00185125
2.0350e-02,-0.0384375,-0.00206344
2.0360e-02,-0.0290625,-0.00178719
2.0370e-02,-0.04625,-0.00148531
2.0380e-02,-0.0404687,-0.00198375
2.0390e-02,-0.0470312,-0.00187125
2.0400e-02,-0.033125,-0.00201906
2.0410e-02,-0.0315625,-0.00199281
2.0420e-02,-0.0376563,-0.00174781
2.0430e-02,-0.02875,-0.00186031
2.0440e-02,-0.03875,-0.00186313
2.0450e-02,-0.0454688,-0.00197438
2.0460e-02,-0.0434375,-0.00177656
2.0470e-02,-0.0459375,-0.00193031
2.0480e-02,0.536562,-0.00132375
2.0490e-02,1.46938,0.000302813
2.0500e-02,0.315625,0.000721563
2.0510e-02,1.3025,0.000989375
2.0520e-02,0.908906,0.00098375
2.0530e-02,0.119063,0.00136625
2.0540e-02,0.110781,0.00112969
2.0550e-02,0.108281,0.00103969
2.0560e-02,0.09375,0.00109625
2.0570e-02,0.075,0.000885938
2.0580e-02,0.0692187,0.00117219
2.0590e-02,0.0657812,0.00117688
2.0600e-02,0.0503125,0.00106625
2.0610e-02,0.045,0.00104156
2.0620e-02,0.05375,0.00101969
2.0630e-02,0.05,0.00105156
2.0640e-02,0.0314062,0.00101969
2.0650e-02,0.025625,0.00115125
2.0660e-02,0.0398437,0.000991875
2.0670e-02,0.03125,0.0009625
2.0680e-02,0.0326562,0.000983438
2.0690e-02,0.0364063,0.00120406
2.0700e-02,0.0390625,0.00107719
2.0710e-02,0.02625,0.000972813
2.0720e-02,0.02875,0.000944375
2.0730e-02,0.0328125,0.000875938
2.0740e-02,0.0189063,-0.000294375
2.0750e-02,0.005,-0.00107375
2.0760e-02,0.030625,-0.00195156
2.0770e-02,0.0220312,-0.00199313
2.0780e-02,0.0132812,-0.00191813
2.0790e-02,0.0284375,-0.00239344
2.0800e-02,0.0203125,-0.00209063
2.0810e-02,0.00671875,-0.00159969
2.0820e-02,0.00953125,-0.00216281
2.0830e-02,0.0192188,-0.00218812
2.0840e-02,0.00484375,-0.00240062
2.0850e-02,0.0123437,-0.00257125
2.0860e-02,0.0075,-0.00215469
2.0870e-02,-0.0025,-0.00226031
2.0880e-02,0.00640625,-0.00204969
2.0890e-02,0.00140625,-0.00212531
2.0900e-02,0.0164063,-0.00218656
2.0910e-02,0.0232812,-0.00199375
2.0920e-02,0.0132812,-0.00222781
2.0930e-02,0.00734375,-0.00202438
2.0940e-02,0.0167188,-0.00245
2.0950e-02,-0.0110937,-0.002285
2.0960e-02,0.00890625,-0.0017375
2.0970e-02,-0.00875,-0.002195
2.0980e-02,0.00203125,-0.00186094
2.0990e-02,-0.00140625,-0.00285344
2.1000e-02,-0.00734375,-0.00213188
2.1010e-02,-0.00859375,-0.00193344
2.1020e-02,-0.0109375,-0.002185
2.1030e-02,-0.00515625,-0.00165719
2.1040e-02,0.0009375,-0.00199063
2.1050e-02,-0.0084375,-0.00219625
2.1060e-02,-0.0065625,-0.00188438
2.1070e-02,0.0071875,-0.00204063
2.1080e-02,0.0084375,-0.00204719
2.1090e-02,0.00546875,-0.00189938
2.1100e-02,-0.00328125,-0.00199969
2.1110e-02,0.00234375,-0.00197188
2.1120e-02,0.0164063,-0.00216531
2.1130e-02,0.0034375,-0.00162469
2.1140e-02,-0.0003125,-0.00179781
2.1150e-02,0.00421875,-0.00234125
2.1160e-02,0.0028125,-0.0022075
2.1170e-02,-0.0003125,-0.0021
2.1180e-02,-0.00421875,-0.00211969
2.1190e-02,-0.0084375,-0.0019825
2.1200e-02,-0.005,-0.002345
2.1210e-02,-0.0146875,-0.00170344
2.1220e-02,-0.0025,-0.00209031
2.1230e-02,-0.010625,-0.00220094
2.1240e-02,-0.0107813,-0.00233875
2.1250e-02,-0.00171875,-0.00175031
2.1260e-02,-0.0129688,-0.002115
2.1270e-02,-0.0107813,-0.00197562
2.1280e-02,-0.0040625,-0.00219969
2.1290e-02,-0.00875,-0.00243969
2.1300e-02,-0.0145312,-0.00226719
2.1310e-02,-0.0164063,-0.00227719
2.1320e-02,-0.00328125,-0.00252094
2.1330e-02,-0.00796875,-0.00204375
2.1340e-02,-0.013125,-0.00202812
2.1350e-02,-0.0123438,-0.00206344
2.1360e-02,-0.01125,-0.00208813
2.1370e-02,-0.0207813,-0.00200781
2.1380e-02,-0.00609375,-0.00223563
2.1390e-02,-0.025,-0.00206594
2.1400e-02,-0.0192187,-0.00214094
2.1410e-02,-0.0084375,-0.00154625
2.1420e-02,-0.00140625,-0.00224594
2.1430e-02,-0.011875,-0.00167
2.1440e-02,-0.015,-0.00223656
2.1450e-02,-0.0189062,-0.00209031
2.1460e-02,-0.00890625,-0.00185031
2.1470e-02,-0.0220313,-0.00209219
2.1480e-02,-0.0117188,-0.00183063
2.1490e-02,-0.0171875,-0.00193688
2.1500e-02,-0.016875,-0.00230844
2.1510e-02,-0.0065625,-0.002515
2.1520e-02,-0.0125,-0.00223219
2.1530e-02,-0.00703125,-0.00224781
2.1540e-02,-0.0245313,-0.00232156
2.1550e-02,-0.0109375,-0.00203937
2.1560e-02,-0.011875,-0.00227656
2.1570e-02,-0.0175,-0.00209344
2.1580e-02,-0.0154687,-0.0014675
2.1590e-02,-0.0148437,-0.00210969
2.1600e-02,-0.0114062,-0.00166094
2.1610e-02,-0.0176563,-0.00198844
2.1620e-02,-0.0121875,-0.0023225
2.1630e-02,-0.018125,-0.00199594
2.1640e-02,-0.0164063,-0.00182219
2.1650e-02,-0.00640625,-0.00249125
2.1660e-02,-0.00328125,-0.0019925
2.1670e-02,-0.0171875,-0.00249438
2.1680e-02,-0.0123438,-0.00221281
2.1690e-02,-0.00140625,-0.00172906
2.1700e-02,-0.0176563,-0.00180219
2.1710e-02,-0.0159375,-0.00177969
2.1720e-02,-0.00828125,-0.00227938
2.1730e-02,-0.0104688,-0.00177406
2.1740e-02,-0.015,-0.00198875
2.1750e-02,-0.0248438,-0.0019675
2.1760e-02,-0.0151562,-0.00209281
2.1770e-02,-0.0046875,-0.00164469
2.1780e-02,-0.0179687,-0.00167438
2.1790e-02,-0.0228125,-0.00239156
2.1800e-02,-0.004375,-0.00185781
2.1810e-02,-0.020625,-0.00224313
2.1820e-02,-0.009375,-0.00141656
2.1830e-02,-0.0223437,-0.00194031
2.1840e-02,-0.0153125,-0.00237188
2.1850e-02,-0.019375,-0.00192438
2.1860e-02,-0.0190625,-0.00168813
2.1870e-02,-0.0276563,-0.00225031
2.1880e-02,-0.0176563,-0.00205344
2.1890e-02,-0.0109375,-0.00220563
2.1900e-02,-0.0190625,-0.00226031
2.1910e-02,-0.01875,-0.0017425
2.1920e-02,-0.0173438,-0.00227688
2.1930e-02,-0.0170313,-0.00206656
2.1940e-02,-0.0190625,-0.00177094
2.1950e-02,-0.0053125,-0.00209187
2.1960e-02,-0.0109375,-0.00228875
2.1970e-02,-0.0228125,-0.002075
2.1980e-02,-0.0209375,-0.00211625
2.1990e-02,-0.0260937,-0.00183594
2.2000e-02,-0.0142188,-0.00208969
2.2010e-02,-0.010625,-0.00249219
2.2020e-02,-0.0229687,-0.00206313
2.2030e-02,-0.0320312,-0.00221438
2.2040e-02,-0.020625,-0.00208125
2.2050e-02,-0.0259375,-0.00166781
2.2060e-02,-0.019375,-0.00181094
2.2070e-02,-0.0320312,-0.00225875
2.2080e-02,-0.0234375,-0.00223313
2.2090e-02,-0.0242188,-0.00203688
2.2100e-02,-0.02375,-0.00207688
2.2110e-02,-0.0267187,-0.00233281
2.2120e-02,-0.0203125,-0.00208656
2.2130e-02,-0.025625,-0.00223938
2.2140e-02,-0.019375,-0.00180813
2.2150e-02,-0.0110937,-0.00211406
2.2160e-02,-0.0320312,-0.00191719
2.2170e-02,-0.0151562,-0.001985
2.2180e-02,-0.0254688,-0.001965
2.2190e-02,-0.0314062,-0.00169313
2.2200e-02,-0.0240625,-0.00218125
2.2210e-02,-0.0246875,-0.00234906
2.2220e-02,-0.0304688,-0.0019425
2.2230e-02,-0.0254688,-0.00218531
2.2240e-02,-0.01625,-0.00179656
2.2250e-02,-0.0190625,-0.00198594
2.2260e-02,-0.035,-0.00191906
2.2270e-02,-0.0160938,-0.00182125
2.2280e-02,-0.0198438,-0.00204875
2.2290e-02,-0.0228125,-0.001885
2.2300e-02,-0.0190625,-0.0015225
2.2310e-02,-0.0240625,-0.00203969
2.2320e-02,-0.0296875,-0.00190469
2.2330e-02,-0.0246875,-0.00175438
2.2340e-02,-0.0226562,-0.00187375
2.2350e-02,-0.02625,-0.00208063
2.2360e-02,-0.020625,-0.00248688
2.2370e-02,-0.0139063,-0.00219469
2.2380e-02,-0.0189062,-0.00187344
2.2390e-02,-0.018125,-0.00260313
2.2400e-02,-0.0176563,-0.00168469
2.2410e-02,-0.0178125,-0.00206969
2.2420e-02,-0.0282813,-0.00241781
2.2430e-02,-0.0273438,-0.00235188
2.2440e-02,-0.0226562,-0.00208187
2.2450e-02,-0.0167188,-0.0024275
2.2460e-02,-0.0153125,-0.00244469
2.2470e-02,-0.02,-0.00173656
2.2480e-02,-0.0210938,-0.00204688
2.2490e-02,-0.0245313,-0.00217469
2.2500e-02,-0.0239063,-0.00169094
2.2510e-02,-0.00640625,-0.00179
2.2520e-02,-0.0226562,-0.00226969
2.2530e-02,-0.01875,-0.00206313
2.2540e-02,-0.0242188,-0.00191813
2.2550e-02,-0.0226562,-0.00221281
2.2560e-02,-0.0203125,-0.00227375
2.2570e-02,-0.04125,-0.00247344
2.2580e-02,-0.0265625,-0.00237906
2.2590e-02,-0.0265625,-0.00227312
2.2600e-02,-0.0217188,-0.00208469
2.2610e-02,-0.0245313,-0.00172094
2.2620e-02,-0.0207813,-0.00200313
2.2630e-02,-0.0134375,-0.00236781
2.2640e-02,-0.0225,-0.00204563
2.2650e-02,-0.02875,-0.00210906
2.2660e-02,-0.0176563,-0.00149594
2.2670e-02,-0.0245313,-0.00199031
2.2680e-02,-0.024375,-0.001825
2.2690e-02,-0.0323438,-0.00206375
2.2700e-02,-0.023125,-0.00170125
2.2710e-02,-0.0296875,-0.0022825
2.2720e-02,-0.0071875,-0.00201281
2.2730e-02,-0.0240625,-0.00228406
2.2740e-02,-0.0276563,-0.00196844
2.2750e-02,-0.024375,-0.00244312
2.2760e-02,-0.031875,-0.00214531
2.2770e-02,-0.0175,-0.00216094
2.2780e-02,-0.0145312,-0.00191969
2.2790e-02,-0.0329688,-0.00172219
2.2800e-02,-0.0139063,-0.00152063
2.2810e-02,-0.026875,-0.00211969
2.2820e-02,-0.0285938,-0.00214375
2.2830e-02,-0.0190625,-0.00134219
2.2840e-02,-0.0203125,-0.00207563
2.2850e-02,-0.015625,-0.00184688
2.2860e-02,-0.0279688,-0.00192063
2.2870e-02,-0.0215625,-0.00184688
2.2880e-02,-0.0195312,-0.0019025
2.2890e-02,-0.0164063,-0.00220594
2.2900e-02,-0.0171875,-0.00194
2.2910e-02,-0.0242188,-0.0019725
2.2920e-02,-0.02875,-0.00187156
2.2930e-02,-0.0270312,-0.00261344
2.2940e-02,-0.030625,-0.00168281
2.2950e-02,-0.020625,-0.00193281
2.2960e-02,-0.0332812,-0.00216687
2.2970e-02,-0.02375,-0.00218188
2.2980e-02,-0.0335937,-0.00174781
2.2990e-02,-0.024375,-0.00166063
2.3000e-02,-0.024375,-0.00254844
2.3010e-02,-0.0390625,-0.0020775
2.3020e-02,-0.0303125,-0.00238719
2.3030e-02,-0.015625,-0.00258563
2.3040e-02,-0.0292188,-0.00185688
2.3050e-02,-0.035625,-0.00206375
2.3060e-02,-0.0284375,-0.00212531
2.3070e-02,-0.0240625,-0.00198562
2.3080e-02,-0.0267187,-0.00213344
2.3090e-02,-0.0335937,-0.00189813
2.3100e-02,-0.0285938,-0.00201938
2.3110e-02,-0.0453125,-0.00182344
2.3120e-02,-0.039375,-0.00231469
2.3130e-02,-0.0234375,-0.00189844
2.3140e-02,-0.0242188,-0.00197531
2.3150e-02,-0.025,-0.00179844
2.3160e-02,-0.0273438,-0.00128625
2.3170e-02,-0.0417187,-0.00215562
2.3180e-02,-0.0379688,-0.00126125
2.3190e-02,-0.0229687,-0.00235
2.3200e-02,-0.02625,-0.0018675
2.3210e-02,-0.029375,-0.00172219
2.3220e-02,-0.0175,-0.00193344
2.3230e-02,-0.0323438,-0.00209719
2.3240e-02,-0.0321875,-0.00193156
2.3250e-02,-0.0384375,-0.00194344
2.3260e-02,-0.0201563,-0.00173156
2.3270e-02,-0.0235938,-0.00211875
2.3280e-02,-0.0321875,-0.00226125
2.3290e-02,-0.0353125,-0.00233125
2.3300e-02,-0.0278125,-0.00205406
2.3310e-02,-0.0334375,-0.00216813
2.3320e-02,-0.0317188,-0.00178594
2.3330e-02,-0.0317188,-0.00131469
2.3340e-02,-0.0320312,-0.00204563
2.3350e-02,-0.02375,-0.00222031
2.3360e-02,-0.0273438,-0.00200875
2.3370e-02,-0.0276563,-0.00166469
2.3380e-02,-0.024375,-0.00158656
2.3390e-02,-0.0360938,-0.00199656
2.3400e-02,-0.0220313,-0.00217469
2.3410e-02,-0.0359375,-0.00159125
2.3420e-02,-0.0359375,-0.00209063
2.3430e-02,-0.0273438,-0.00219594
2.3440e-02,-0.0296875,-0.00208938
2.3450e-02,-0.0282813,-0.001735
2.3460e-02,-0.0342187,-0.00218594
2.3470e-02,-0.0315625,-0.00158469
2.3480e-02,-0.0359375,-0.00233594
2.3490e-02,-0.0209375,-0.00202563
2.3500e-02,-0.0342187,-0.00181719
2.3510e-02,-0.0257812,-0.00166781
2.3520e-02,-0.0285938,-0.00165063
2.3530e-02,-0.024375,-0.00178406
2.3540e-02,-0.023125,-0.00160594
2.3550e-02,-0.0335937,-0.00211281
2.3560e-02,-0.0357813,-0.00210625
2.3570e-02,-0.045,-0.00226281
2.3580e-02,-0.02125,-0.0022725
2.3590e-02,-0.029375,-0.00157094
2.3600e-02,-0.0348437,-0.00165563
2.3610e-02,-0.0240625,-0.00214719
2.3620e-02,-0.0346875,-0.00187344
2.3630e-02,-0.0301563,-0.001955
2.3640e-02,-0.0296875,-0.00215938
2.3650e-02,-0.0239063,-0.00193625
2.3660e-02,-0.0270312,-0.00182219
2.3670e-02,-0.0376563,-0.00212688
2.3680e-02,-0.0282813,-0.00192125
2.3690e-02,-0.0170313,-0.00181938
2.3700e-02,-0.0439063,-0.001745
2.3710e-02,-0.0376563,-0.00237313
2.3720e-02,-0.0317188,-0.00209344
2.3730e-02,-0.0265625,-0.00185438
2.3740e-02,-0.03,-0.00219719
2.3750e-02,-0.0303125,-0.00218969
2.3760e-02,-0.00015625,-0.00197063
2.3770e-02,-0.0403125,-0.00214969
2.3780e-02,-0.0239063,-0.00241688
2.3790e-02,-0.0314062,-0.00226125
2.3800e-02,-0.0209375,-0.00220719
2.3810e-02,-0.0267187,-0.0019675
2.3820e-02,-0.0264062,-0.00183281
2.3830e-02,-0.033125,-0.00173219
2.3840e-02,-0.038125,-0.00206406
2.3850e-02,-0.0329688,-0.00244656
2.3860e-02,-0.026875,-0.00194438
2.3870e-02,-0.0235938,-0.00160281
2.3880e-02,-0.0301563,-0.00193375
2.3890e-02,-0.0345312,-0.002385
2.3900e-02,-0.035,-0.00192469
2.3910e-02,-0.034375,-0.00141125
2.3920e-02,-0.0176563,-0.00162219
2.3930e-02,-0.0375,-0.00171969
2.3940e-02,-0.0360938,-0.00199531
2.3950e-02,-0.0296875,-0.00221406
2.3960e-02,-0.0428125,-0.00152594
2.3970e-02,-0.0273438,-0.00197125
2.3980e-02,-0.0364063,-0.00203844
2.3990e-02,-0.03875,-0.00196469
2.4000e-02,-0.034375,-0.0025275
2.4010e-02,-0.0245313,-0.00173813
2.4020e-02,-0.023125,-0.00180219
2.4030e-02,-0.0323438,-0.00174094
2.4040e-02,-0.035625,-0.00169031
2.4050e-02,-0.0276563,-0.00195188
2.4060e-02,-0.0276563,-0.00200188
2.4070e-02,-0.0304688,-0.00149406
2.4080e-02,-0.0296875,-0.00185906
2.4090e-02,-0.0376563,-0.00155656
2.4100e-02,-0.0298438,-0.00219188
2.4110e-02,-0.0392187,-0.00178375
2.4120e-02,-0.0317188,-0.0021725
2.4130e-02,-0.0378125,-0.00189688
2.4140e-02,-0.035625,-0.00217313
2.4150e-02,-0.0270312,-0.00200125
2.4160e-02,-0.0392187,-0.00192938
2.4170e-02,-0.0375,-0.00223281
2.4180e-02,-0.02375,-0.00177344
2.4190e-02,-0.0328125,-0.00168906
2.4200e-02,-0.0360938,-0.00195781
2.4210e-02,-0.0329688,-0.00158313
2.4220e-02,-0.0220313,-0.00168
2.4230e-02,-0.0384375,-0.00182625
2.4240e-02,-0.0453125,-0.00222656
2.4250e-02,-0.031875,-0.00208031
2.4260e-02,-0.0409375,-0.00187906
2.4270e-02,-0.0275,-0.00196563
2.4280e-02,-0.0298438,-0.00213313
2.4290e-02,-0.024375,-0.00201031
2.4300e-02,-0.0332812,-0.00204937
2.4310e-02,-0.0296875,-0.00199438
2.4320e-02,-0.0517188,-0.00242531
2.4330e-02,-0.0279688,-0.00175438
2.4340e-02,-0.0278125,-0.00189063
2.4350e-02,-0.0370313,-0.00163375
2.4360e-02,-0.0346875,-0.00248531
2.4370e-02,-0.0395313,-0.00224344
2.4380e-02,-0.0359375,-0.00217
2.4390e-02,-0.0351562,-0.00192719
2.4400e-02,-0.0384375,-0.00197063
2.4410e-02,-0.0303125,-0.00236906
2.4420e-02,-0.03125,-0.00194625
2.4430e-02,-0.04125,-0.00189594
2.4440e-02,-0.034375,-0.00204094
2.4450e-02,-0.0264062,-0.00171406
2.4460e-02,-0.0367188,-0.00223281
2.4470e-02,-0.03125,-0.00199906
2.4480e-02,-0.0340625,-0.00201531
2.4490e-02,-0.0426562,-0.00213063
2.4500e-02,-0.0348437,-0.00217406
2.4510e-02,-0.0459375,-0.00187344
2.4520e-02,-0.029375,-0.0020925
2.4530e-02,-0.0346875,-0.0018
2.4540e-02,-0.0292188,-0.00201125
2.4550e-02,-0.0334375,-0.00203219
2.4560e-02,-0.0270312,-0.00207875
2.4570e-02,-0.0240625,-0.00208375
2.4580e-02,-0.0453125,-0.00227969
2.4590e-02,-0.0370313,-0.00185938
2.4600e-02,-0.0314062,-0.00177344
2.4610e-02,-0.0275,-0.00198281
2.4620e-02,-0.0403125,-0.00181906
2.4630e-02,-0.0271875,-0.00166625
2.4640e-02,-0.0279688,-0.00199344
2.4650e-02,-0.0378125,-0.00182656
2.4660e-02,-0.0367188,-0.00163625
2.4670e-02,-0.0323438,-0.00219031
2.4680e-02,-0.0467188,-0.002155
2.4690e-02,-0.0429688,-0.00175125
2.4700e-02,-0.03,-0.00233219
2.4710e-02,-0.0346875,-0.00196188
2.4720e-02,-0.0429688,-0.00166031
2.4730e-02,-0.0417187,-0.0018175
2.4740e-02,-0.0423437,-0.002335
2.4750e-02,-0.0325,-0.00240219
2.4760e-02,-0.038125,-0.00177094
2.4770e-02,-0.0371875,-0.00205625
2.4780e-02,-0.0357813,-0.00212531
2.4790e-02,-0.0414063,-0.00197656
2.4800e-02,-0.0279688,-0.00189344
2.4810e-02,-0.033125,-0.00201031
2.4820e-02,-0.0364063,-0.00212313
2.4830e-02,-0.0425,-0.00230969
2.4840e-02,-0.03125,-0.00234969
2.4850e-02,-0.0340625,-0.002435
2.4860e-02,-0.0235938,-0.00228563
2.4870e-02,-0.0232812,-0.00257625
2.4880e-02,-0.0342187,-0.00205906
2.4890e-02,-0.0321875,-0.00228781
2.4900e-02,-0.0323438,-0.00243969
2.4910e-02,-0.044375,-0.00198219
2.4920e-02,-0.035625,-0.00162531
2.4930e-02,-0.0429688,-0.00178875
2.4940e-02,-0.035625,-0.00182563
2.4950e-02,-0.0225,-0.00200594
2.4960e-02,-0.0353125,-0.00182375
2.4970e-02,-0.030625,-0.00184063
2.4980e-02,-0.040625,-0.00196
2.4990e-02,-0.0398437,-0.00201969
2.5000e-02,-0.034375,-0.00232063
2.5010e-02,-0.044375,-0.002605
2.5020e-02,-0.0289063,-0.00173531
2.5030e-02,-0.03125,-0.00223656
2.5040e-02,-0.0445313,-0.00211531
2.5050e-02,-0.0292188,-0.00182344
2.5060e-02,-0.0328125,-0.0019375
2.5070e-02,-0.030625,-0.00200188
2.5080e-02,-0.0239063,-0.00201531
2.5090e-02,-0.0371875,-0.00175844
2.5100e-02,-0.0373438,-0.00177406
2.5110e-02,-0.0326562,-0.0019025
2.5120e-02,-0.0279688,-0.0017925
2.5130e-02,-0.0271875,-0.00210563
2.5140e-02,-0.0298438,-0.00189875
2.5150e-02,-0.0221875,-0.00188344
2.5160e-02,-0.0317188,-0.00201688
2.5170e-02,-0.0235938,-0.00193594
2.5180e-02,-0.0428125,-0.00218688
2.5190e-02,-0.0332812,-0.00208313
2.5200e-02,-0.028125,-0.00147938
2.5210e-02,-0.0459375,-0.00187719
2.5220e-02,-0.0271875,-0.00206344
2.5230e-02,-0.0370313,-0.00163156
2.5240e-02,-0.0314062,-0.00179469
2.5250e-02,-0.0425,-0.00164719
2.5260e-02,-0.0404687,-0.00190031
2.5270e-02,-0.0307813,-0.00206188
2.5280e-02,-0.0353125,-0.00224188
2.5290e-02,-0.0325,-0.00199469
2.5300e-02,-0.0257812,-0.00226313
2.5310e-02,-0.0378125,-0.00187594
2.5320e-02,-0.0332812,-0.00173188
2.5330e-02,-0.0295313,-0.00180563
2.5340e-02,-0.0425,-0.00231469
2.5350e-02,-0.0342187,-0.00183438
2.5360e-02,-0.0248438,-0.001745
2.5370e-02,-0.0378125,-0.00176813
2.5380e-02,-0.0373438,-0.00162188
2.5390e-02,-0.0367188,-0.00212031
2.5400e-02,-0.0296875,-0.00176875
2.5410e-02,-0.0390625,-0.00162281
2.5420e-02,-0.0309375,-0.00163844
2.5430e-02,-0.0304688,-0.00198063
2.5440e-02,-0.0376563,-0.00246594
2.5450e-02,-0.0390625,-0.00186156
2.5460e-02,-0.0332812,-0.00215344
2.5470e-02,-0.0439063,-0.0020325
2.5480e-02,-0.0351562,-0.00203594
2.5490e-02,-0.0315625,-0.00174406
2.5500e-02,-0.0459375,-0.00158188
2.5510e-02,-0.0425,-0.00188531
2.5520e-02,-0.0310937,-0.00186563
2.5530e-02,-0.026875,-0.00150719
2.5540e-02,-0.0248438,-0.00176375
2.5550e-02,-0.0346875,-0.00210781
2.5560e-02,-0.0375,-0.00176969
2.5570e-02,-0.0404687,-0.00236813
2.5580e-02,-0.0365625,-0.00198406
2.5590e-02,-0.0332812,-0.00216813
2.5600e-02,-0.034375,-0.00196813
2.5610e-02,-0.0367188,-0.00204156
2.5620e-02,-0.0314062,-0.00199531
2.5630e-02,-0.0289063,-0.00204406
2.5640e-02,-0.0367188,-0.00148313
2.5650e-02,-0.0432813,-0.00195781
2.5660e-02,-0.043125,-0.00189
2.5670e-02,-0.0309375,-0.00200781
2.5680e-02,-0.0328125,-0.00163125
2.5690e-02,-0.0439063,-0.00229156
2.5700e-02,-0.0289063,-0.00247875
2.5710e-02,-0.0239063,-0.00189906
2.5720e-02,-0.0459375,-0.00199625
2.5730e-02,-0.0373438,-0.00204188
2.5740e-02,-0.0326562,-0.00230406
2.5750e-02,-0.0390625,-0.002135
2.5760e-02,-0.035,-0.00210813
2.5770e-02,-0.0517188,-0.00227656
2.5780e-02,-0.0414063,-0.00195844
2.5790e-02,-0.0479688,-0.0023775
2.5800e-02,-0.0395313,-0.00203063
2.5810e-02,-0.0398437,-0.00203031
2.5820e-02,-0.0339062,-0.00249531
2.5830e-02,-0.0270312,-0.00218656
2.5840e-02,-0.0471875,-0.00215031
2.5850e-02,-0.0304688,-0.00192063
2.5860e-02,-0.0414063,-0.00193844
2.5870e-02,-0.0365625,-0.00218844
2.5880e-02,-0.0273438,-0.00247813
2.5890e-02,-0.034375,-0.00199281
2.5900e-02,-0.044375,-0.00162531
2.5910e-02,-0.0495312,-0.0019075
2.5920e-02,-0.0240625,-0.00196625
2.5930e-02,-0.0384375,-0.00158563
2.5940e-02,-0.034375,-0.00181344
2.5950e-02,-0.0359375,-0.00197688
2.5960e-02,-0.0295313,-0.00168313
2.5970e-02,-0.0239063,-0.00212219
2.5980e-02,-0.0389063,-0.00228438
2.5990e-02,-0.0457813,-0.00193813
2.6000e-02,-0.0334375,-0.00238531
2.6010e-02,-0.0248438,-0.00279563
2.6020e-02,-0.0398437,-0.00210125
2.6030e-02,-0.0325,-0.00206875
2.6040e-02,-0.0298438,-0.00183375
2.6050e-02,-0.0510938,-0.00184094
2.6060e-02,-0.039375,-0.00242844
2.6070e-02,-0.0353125,-0.00202563
2.6080e-02,-0.03875,-0.00206531
2.6090e-02,-0.0396875,-0.00182156
2.6100e-02,-0.0420312,-0.00236375
2.6110e-02,-0.0379688,-0.00211312
2.6120e-02,-0.0271875,-0.00236063
2.6130e-02,-0.0376563,-0.00223188
2.6140e-02,-0.0509375,-0.0023075
2.6150e-02,-0.0335937,-0.00207188
2.6160e-02,-0.034375,-0.00172469
2.6170e-02,-0.0504687,-0.00215188
2.6180e-02,-0.04625,-0.00208125
2.6190e-02,-0.0453125,-0.00201156
2.6200e-02,-0.0426562,-0.00174188
2.6210e-02,-0.0425,-0.00213125
2.6220e-02,-0.0442188,-0.00199906
2.6230e-02,-0.0345312,-0.00216563
2.6240e-02,-0.04125,-0.00185938
2.6250e-02,-0.03625,-0.00223219
2.6260e-02,-0.0348437,-0.00181188
2.6270e-02,-0.0421875,-0.00160094
2.6280e-02,-0.0410937,-0.00239063
2.6290e-02,-0.0435938,-0.00197594
2.6300e-02,-0.045,-0.00208875
2.6310e-02,-0.0370313,-0.00185688
2.6320e-02,-0.0471875,-0.00218625
2.6330e-02,-0.0384375,-0.00226375
2.6340e-02,-0.0390625,-0.00183656
2.6350e-02,-0.0384375,-0.00190281
2.6360e-02,-0.045625,-0.00218156
2.6370e-02,-0.0396875,-0.00193156
2.6380e-02,-0.0404687,-0.00232
2.6390e-02,-0.0332812,-0.00204781
2.6400e-02,-0.0473438,-0.00187688
2.6410e-02,-0.0473438,-0.0013125
2.6420e-02,-0.0385937,-0.00194063
2.6430e-02,-0.0351562,-0.00195719
2.6440e-02,-0.0357813,-0.00202625
2.6450e-02,-0.0392187,-0.001835
2.6460e-02,-0.0379688,-0.00182688
2.6470e-02,-0.0470312,-0.001855
2.6480e-02,-0.041875,-0.00142594
2.6490e-02,-0.0451563,-0.00107563
2.6500e-02,-0.0376563,-0.00216406
2.6510e-02,-0.0364063,-0.00164063
2.6520e-02,-0.0414063,-0.00207219
2.6530e-02,-0.0489062,-0.00184
2.6540e-02,-0.0346875,-0.00168938
2.6550e-02,-0.0320312,-0.00220125
2.6560e-02,-0.0285938,-0.00220969
2.6570e-02,-0.0351562,-0.00241938
2.6580e-02,-0.026875,-0.002185
2.6590e-02,-0.0398437,-0.00220531
2.6600e-02,-0.0367188,-0.00189688
2.6610e-02,-0.0421875,-0.00243313
2.6620e-02,-0.0426562,-0.00152188
2.6630e-02,-0.0465625,-0.001855
2.6640e-02,-0.045625,-0.00211625
2.6650e-02,-0.0403125,-0.00210688
2.6660e-02,-0.0417187,-0.00159906
2.6670e-02,-0.0429688,-0.00175125
2.6680e-02,-0.0328125,-0.00183063
2.6690e-02,-0.03625,-0.00200438
2.6700e-02,-0.0334375,-0.00191844
2.6710e-02,-0.029375,-0.00237219
2.6720e-02,-0.0407813,-0.00152906
2.6730e-02,-0.0459375,-0.0022925
2.6740e-02,-0.028125,-0.00221031
2.6750e-02,-0.0364063,-0.00217656
2.6760e-02,-0.0342187,-0.00183094
2.6770e-02,-0.0295313,-0.00190594
2.6780e-02,-0.03625,-0.00225594
2.6790e-02,-0.02875,-0.00240156
2.6800e-02,-0.0384375,-0.00189719
2.6810e-02,-0.0285938,-0.00197688
2.6820e-02,-0.0490625,-0.00284375
2.6830e-02,-0.0482812,-0.00220594
2.6840e-02,-0.0454688,-0.00218219
2.6850e-02,-0.0317188,-0.00128156
2.6860e-02,-0.0273438,-0.00141
2.6870e-02,-0.0421875,-0.00149406
2.6880e-02,-0.0546875,-0.00203688
2.6890e-02,-0.0348437,-0.0019575
2.6900e-02,-0.0378125,-0.00190719
2.6910e-02,-0.031875,-0.00156813
2.6920e-02,-0.035,-0.00208063
2.6930e-02,-0.0425,-0.00210656
2.6940e-02,-0.0285938,-0.000804063
2.6950e-02,-0.04,-0.00167844
2.6960e-02,-0.0379688,-0.00189313
2.6970e-02,-0.030625,-0.00173813
2.6980e-02,-0.029375,-0.00193094
2.6990e-02,-0.0375,-0.00172531
2.7000e-02,-0.04375,-0.00195094
2.7010e-02,-0.04,-0.0019575
2.7020e-02,-0.038125,-0.00195688
2.7030e-02,-0.0420312,-0.00162531
2.7040e-02,-0.0321875,-0.001805
2.7050e-02,-0.0373438,-0.00169469
2.7060e-02,-0.0454688,-0.00203781
2.7070e-02,-0.044375,-0.00178656
2.7080e-02,-0.0378125,-0.002
2.7090e-02,-0.0415625,-0.00174031
2.7100e-02,-0.03875,-0.00191438
2.7110e-02,-0.0526563,-0.00182813
2.7120e-02,-0.0375,-0.00141219
2.7130e-02,-0.0342187,-0.00154781
2.7140e-02,-0.0526563,-0.00226406
2.7150e-02,-0.0320312,-0.00235313
2.7160e-02,-0.0379688,-0.00223625
2.7170e-02,-0.0260937,-0.002205
2.7180e-02,-0.043125,-0.00161125
2.7190e-02,-0.04625,-0.00182125
2.7200e-02,-0.0351562,-0.00180313
2.7210e-02,-0.0395313,-0.00224375
2.7220e-02,-0.0371875,-0.00235781
2.7230e-02,-0.0321875,-0.00210875
2.7240e-02,-0.0395313,-0.00179
2.7250e-02,-0.0303125,-0.00227469
2.7260e-02,-0.0453125,-0.00209
2.7270e-02,-0.034375,-0.00171688
2.7280e-02,-0.0473438,-0.00205719
2.7290e-02,-0.0270312,-0.00210375
2.7300e-02,-0.0289063,-0.00188906
2.7310e-02,-0.0396875,-0.00165063
2.7320e-02,-0.0410937,-0.001975
2.7330e-02,-0.0260937,-0.00229563
2.7340e-02,-0.0484375,-0.00199031
2.7350e-02,-0.03125,-0.00200844
2.7360e-02,-0.0314062,-0.0021375
2.7370e-02,-0.035,-0.00216781
2.7380e-02,-0.0395313,-0.00168031
2.7390e-02,-0.045625,-0.00214
2.7400e-02,-0.046875,-0.00158219
2.7410e-02,-0.0390625,-0.00233375
2.7420e-02,-0.0390625,-0.00181813
2.7430e-02,-0.0503125,-0.00160781
2.7440e-02,-0.0457813,-0.00228219
2.7450e-02,-0.0346875,-0.00171656
2.7460e-02,-0.041875,-0.00196375
2.7470e-02,-0.0285938,-0.00219906
2.7480e-02,-0.0364063,-0.001815
2.7490e-02,-0.0360938,-0.00209625
2.7500e-02,-0.0448438,-0.00196469
2.7510e-02,-0.045,-0.00261
2.7520e-02,-0.0409375,-0.00243906
2.7530e-02,-0.045,-0.00190219
2.7540e-02,-0.0382813,-0.00162625
2.7550e-02,-0.048125,-0.00242594
2.7560e-02,-0.0295313,-0.00200844
2.7570e-02,-0.0426562,-0.00171313
2.7580e-02,-0.0396875,-0.00234656
2.7590e-02,-0.045625,-0.00216438
2.7600e-02,-0.0446875,-0.00206094
2.7610e-02,-0.0345312,-0.00200625
2.7620e-02,-0.0410937,-0.00225187
2.7630e-02,-0.041875,-0.00187844
2.7640e-02,-0.0409375,-0.00221094
2.7650e-02,-0.0417187,-0.00199938
2.7660e-02,-0.03125,-0.0015725
2.7670e-02,-0.0378125,-0.00203594
2.7680e-02,-0.0398437,-0.00205219
2.7690e-02,-0.0425,-0.00188719
2.7700e-02,-0.05,-0.00188406
2.7710e-02,-0.0403125,-0.00216438
2.7720e-02,-0.02,-0.00258531
2.7730e-02,-0.0432813,-0.00230875
2.7740e-02,-0.0335937,-0.00209469
2.7750e-02,-0.0346875,-0.00209406
2.7760e-02,-0.0273438,-0.00220281
2.7770e-02,-0.04875,-0.00224719
2.7780e-02,-0.0378125,-0.00163438
2.7790e-02,-0.04375,-0.00174125
2.7800e-02,-0.0507812,-0.00200969
2.7810e-02,-0.0539063,-0.00204156
2.7820e-02,-0.0346875,-0.00168438
2.7830e-02,-0.0392187,-0.00212938
2.7840e-02,-0.0326562,-0.00241219
2.7850e-02,-0.0376563,-0.00152219
2.7860e-02,-0.0309375,-0.00217344
2.7870e-02,-0.0384375,-0.00200281
2.7880e-02,-0.0465625,-0.00157281
2.7890e-02,-0.044375,-0.00201125
2.7900e-02,-0.0464062,-0.00165
2.7910e-02,-0.0340625,-0.00181438
2.7920e-02,-0.0342187,-0.00177531
2.7930e-02,-0.0376563,-0.00155969
2.7940e-02,-0.0479688,-0.00232313
2.7950e-02,-0.0332812,-0.0016925
2.7960e-02,-0.0296875,-0.0021875
2.7970e-02,-0.043125,-0.00214344
2.7980e-02,-0.045,-0.00186219
2.7990e-02,-0.0475,-0.00203844
2.8000e-02,-0.0367188,-0.00165625
2.8010e-02,-0.0353125,-0.0021075
2.8020e-02,-0.041875,-0.00228344
2.8030e-02,-0.0460938,-0.00218906
2.8040e-02,-0.05,-0.00165469
2.8050e-02,-0.0432813,-0.00181281
2.8060e-02,-0.0403125,-0.00189563
2.8070e-02,-0.0395313,-0.00213094
2.8080e-02,-0.02875,-0.00220719
2.8090e-02,-0.0425,-0.00254844
2.8100e-02,-0.0346875,-0.00175406
2.8110e-02,-0.0525,-0.00158438
2.8120e-02,-0.039375,-0.00195344
2.8130e-02,-0.03875,-0.00165469
2.8140e-02,-0.0389063,-0.00140781
2.8150e-02,-0.0567187,-0.001635
2.8160e-02,-0.0390625,-0.00167844
2.8170e-02,-0.0367188,-0.00200125
2.8180e-02,-0.04125,-0.00179344
2.8190e-02,-0.0479688,-0.00234531
2.8200e-02,-0.0342187,-0.00218125
2.8210e-02,-0.0601562,-0.00173438
2.8220e-02,-0.05,-0.00209938
2.8230e-02,-0.0309375,-0.00200594
2.8240e-02,-0.045,-0.00189219
2.8250e-02,-0.0546875,-0.00195344
2.8260e-02,-0.0348437,-0.00194
2.8270e-02,-0.0346875,-0.00204188
2.8280e-02,-0.0321875,-0.00197813
2.8290e-02,-0.0365625,-0.00190688
2.8300e-02,-0.0470312,-0.00218063
2.8310e-02,-0.0370313,-0.00228312
2.8320e-02,-0.0365625,-0.0021225
2.8330e-02,-0.0440625,-0.00210844
2.8340e-02,-0.0460938,-0.00222875
2.8350e-02,-0.0473438,-0.00162813
2.8360e-02,-0.0446875,-0.00159563
2.8370e-02,-0.0434375,-0.00177063
2.8380e-02,-0.05625,-0.00212656
2.8390e-02,-0.0354688,-0.001855
2.8400e-02,-0.0532813,-0.00163469
2.8410e-02,-0.0346875,-0.00198
2.8420e-02,-0.0410937,-0.00209375
2.8430e-02,-0.0415625,-0.0020725
2.8440e-02,-0.040625,-0.00195594
2.8450e-02,-0.0495312,-0.00202781
2.8460e-02,-0.03375,-0.00211188
2.8470e-02,-0.036875,-0.001985
2.8480e-02,-0.468281,-0.00188063
2.8490e-02,-0.622969,0.00010875
2.8500e-02,-1.19063,0.0006975
2.8510e-02,1.46078,0.00083125
2.8520e-02,1.91172,0.00124969
2.8530e-02,0.101406,0.00104188
2.8540e-02,0.110938,0.00101563
2.8550e-02,0.105469,0.00105688
2.8560e-02,0.07625,0.00119563
2.8570e-02,0.07125,0.00113719
2.8580e-02,0.0676563,0.00102031
2.8590e-02,0.0546875,0.000981875
2.8600e-02,0.0507812,0.000932188
2.8610e-02,0.0478125,0.00132406
2.8620e-02,0.0528125,0.00107
2.8630e-02,0.0570312,0.00114813
2.8640e-02,0.0521875,0.00103438
2.8650e-02,0.0439062,0.000985
2.8660e-02,0.0384375,0.000897813
2.8670e-02,0.0292187,0.00113781
2.8680e-02,0.0475,0.000894063
2.8690e-02,0.033125,0.000893438
2.8700e-02,0.02,0.00101063
2.8710e-02,0.0171875,0.001165
2.8720e-02,0.0276563,0.000928438
2.8730e-02,0.0426562,0.000915
2.8740e-02,0.0129687,0.000335313
2.8750e-02,0.0220312,-0.00066625
2.8760e-02,0.0195313,-0.00168563
2.8770e-02,0.0146875,-0.00196094
2.8780e-02,0.0126562,-0.00213781
2.8790e-02,0.00921875,-0.00238781
2.8800e-02,0.024375,-0.00188844
2.8810e-02,0.0151562,-0.00195688
2.8820e-02,0.00171875,-0.00170188
2.8830e-02,0.0204687,-0.0024525
2.8840e-02,0.0046875,-0.00189781
2.8850e-02,0.0170313,-0.00186625
2.8860e-02,0.001875,-0.00146531
2.8870e-02,0.0207812,-0.00202938
2.8880e-02,0.010625,-0.00189156
2.8890e-02,0.02,-0.00214531
2.8900e-02,0.00984375,-0.00226938
2.8910e-02,0.0065625,-0.00193688
2.8920e-02,-0.0025,-0.00208813
2.8930e-02,0.0040625,-0.00207844
2.8940e-02,0.00359375,-0.00195281
2.8950e-02,0.0134375,-0.00219844
2.8960e-02,0.008125,-0.00214469
2.8970e-02,-0.00015625,-0.00178844
2.8980e-02,-0.00234375,-0.00195188
2.8990e-02,-0.00765625,-0.00164438
2.9000e-02,0.00765625,-0.00201063
2.9010e-02,0.000625,-0.00225844
2.9020e-02,0.00078125,-0.00180656
2.9030e-02,-0.00109375,-0.00270813
2.9040e-02,-0.0003125,-0.00230063
2.9050e-02,-0.0145312,-0.00165781
2.9060e-02,-0.0195312,-0.00188625
2.9070e-02,-0.004375,-0.00217531
2.9080e-02,-0.0109375,-0.00208938
2.9090e-02,0.00015625,-0.00223469
2.9100e-02,-0.00140625,-0.0025475
2.9110e-02,0.00328125,-0.00155219
2.9120e-02,-0.01125,-0.00237781
2.9130e-02,0.0015625,-0.00222969
2.9140e-02,0.0040625,-0.00207781
2.9150e-02,0.004375,-0.00174469
2.9160e-02,0.00203125,-0.00242906
2.9170e-02,-0.0065625,-0.00206375
2.9180e-02,-0.00203125,-0.00183156
2.9190e-02,0.0151562,-0.00182469
2.9200e-02,-0.0134375,-0.00214313
2.9210e-02,-0.00265625,-0.00212781
2.9220e-02,0.00109375,-0.0023025
2.9230e-02,-0.0176563,-0.00222688
2.9240e-02,-0.00453125,-0.00216469
2.9250e-02,-0.00671875,-0.00215469
2.9260e-02,-0.006875,-0.00218656
2.9270e-02,-0.0192187,-0.00222969
2.9280e-02,-0.0154687,-0.00190375
2.9290e-02,-0.0053125,-0.00240594
2.9300e-02,-0.00640625,-0.00227375
2.9310e-02,-0.0071875,-0.00208813
2.9320e-02,-0.0090625,-0.00200656
2.9330e-02,-0.0117188,-0.00169938
2.9340e-02,-0.00328125,-0.0022575
2.9350e-02,-0.00828125,-0.00213656
2.9360e-02,-0.0053125,-0.00197406
2.9370e-02,-0.0090625,-0.00262125
2.9380e-02,-0.0134375,-0.00209469
2.9390e-02,-0.0142188,-0.00202969
2.9400e-02,-0.0101563,-0.00222188
2.9410e-02,-0.0159375,-0.00161094
2.9420e-02,-0.010625,-0.00223594
2.9430e-02,-0.0075,-0.00185594
2.9440e-02,-0.01,-0.0013825
2.9450e-02,-0.0103125,-0.00147438
2.9460e-02,-0.025,-0.00224438
2.9470e-02,-0.0096875,-0.00211438
2.9480e-02,-0.01625,-0.00228406
2.9490e-02,-0.0090625,-0.00231719
2.9500e-02,-0.00828125,-0.00185094
2.9510e-02,-0.006875,-0.00199219
2.9520e-02,-0.0167188,-0.00194969
2.9530e-02,-0.0123438,-0.00208094
2.9540e-02,-0.0214063,-0.0019425
2.9550e-02,-0.0154687,-0.00167906
2.9560e-02,-0.0204688,-0.00208187
2.9570e-02,-0.0071875,-0.00205344
2.9580e-02,-0.0184375,-0.00222531
2.9590e-02,-0.00796875,-0.00278719
2.9600e-02,-0.019375,-0.00186188
2.9610e-02,-0.0210938,-0.00141281
2.9620e-02,-0.0234375,-0.00217656
2.9630e-02,-0.0173438,-0.00177594
2.9640e-02,-0.0217188,-0.00205969
2.9650e-02,-0.0189062,-0.00181625
2.9660e-02,-0.0275,-0.00217938
2.9670e-02,-0.010625,-0.00240406
2.9680e-02,-0.0270312,-0.00185188
2.9690e-02,-0.020625,-0.00208375
2.9700e-02,-0.0307813,-0.00255156
2.9710e-02,-0.0220313,-0.00164031
2.9720e-02,-0.0239063,-0.00184688
2.9730e-02,-0.0135937,-0.00211656
2.9740e-02,-0.0170313,-0.00205031
2.9750e-02,-0.015625,-0.00237656
2.9760e-02,-0.0201563,-0.00190719
2.9770e-02,-0.015625,-0.00220844
2.9780e-02,-0.0246875,-0.00218938
2.9790e-02,-0.00953125,-0.00215438
2.9800e-02,-0.02125,-0.00172469
2.9810e-02,-0.01,-0.00191031
2.9820e-02,-0.00625,-0.00196813
2.9830e-02,-0.01375,-0.00179344
2.9840e-02,-0.0239063,-0.00145469
2.9850e-02,-0.0176563,-0.00181875
2.9860e-02,-0.0173438,-0.00187375
2.9870e-02,-0.0234375,-0.00179531
2.9880e-02,-0.0220313,-0.00178
2.9890e-02,-0.0215625,-0.00221063
2.9900e-02,-0.0239063,-0.00224969
2.9910e-02,-0.0326562,-0.0016825
2.9920e-02,-0.016875,-0.00186531
2.9930e-02,-0.0185937,-0.00225469
2.9940e-02,-0.0182812,-0.00177063
2.9950e-02,-0.0189062,-0.00189094
2.9960e-02,-0.02375,-0.00139906
2.9970e-02,-0.00921875,-0.00210219
2.9980e-02,-0.0179687,-0.00182313
2.9990e-02,-0.0217188,-0.00177313
3.0000e-02,-0.0295313,-0.00204813
3.0010e-02,-0.0173438,-0.00230688
3.0020e-02,-0.0171875,-0.00227625
3.0030e-02,-0.0198438,-0.00195219
3.0040e-02,-0.0284375,-0.00202063
3.0050e-02,-0.0182812,-0.00243031
3.0060e-02,-0.0292188,-0.002095
3.0070e-02,-0.0126563,-0.00182781
3.0080e-02,-0.0159375,-0.00164125
3.0090e-02,-0.0201563,-0.00248
3.0100e-02,-0.0189062,-0.00158
3.0110e-02,-0.0204688,-0.00248938
3.0120e-02,-0.0140625,-0.00188125
3.0130e-02,-0.0151562,-0.00246313
3.0140e-02,-0.0176563,-0.00237844
3.0150e-02,-0.0270312,-0.00165375
3.0160e-02,-0.0228125,-0.00181656
3.0170e-02,-0.0185937,-0.00197969
3.0180e-02,-0.0275,-0.00222156
3.0190e-02,-0.0214063,-0.00201875
3.0200e-02,-0.0182812,-0.00175219
3.0210e-02,-0.0189062,-0.00188125
3.0220e-02,-0.0207813,-0.00208438
3.0230e-02,-0.0153125,-0.00237688
3.0240e-02,-0.0267187,-0.00267688
3.0250e-02,-0.0201563,-0.00208406
3.0260e-02,-0.024375,-0.00209938
3.0270e-02,-0.0275,-0.0019975
3.0280e-02,-0.0217188,-0.00193656
3.0290e-02,-0.0273438,-0.00243906
3.0300e-02,-0.0292188,-0.00211344
3.0310e-02,-0.0059375,-0.00167625
3.0320e-02,-0.0259375,-0.00177594
3.0330e-02,-0.023125,-0.00252875
3.0340e-02,-0.0307813,-0.00203469
3.0350e-02,-0.0267187,-0.00228469
3.0360e-02,-0.0223437,-0.00249063
3.0370e-02,-0.02125,-0.00221656
3.0380e-02,-0.0271875,-0.00219344
3.0390e-02,-0.0325,-0.00173313
3.0400e-02,-0.018125,-0.0023225
3.0410e-02,-0.0198438,-0.00209031
3.0420e-02,-0.0176563,-0.00196594
3.0430e-02,-0.0276563,-0.00188125
3.0440e-02,-0.0320312,-0.00221188
3.0450e-02,-0.0215625,-0.00172938
3.0460e-02,-0.0182812,-0.0023025
3.0470e-02,-0.0232812,-0.00229719
3.0480e-02,-0.0214063,-0.00198906
3.0490e-02,-0.0265625,-0.00217625
3.0500e-02,-0.0125,-0.00179969
3.0510e-02,-0.0348437,-0.00174875
3.0520e-02,-0.0275,-0.00192469
3.0530e-02,-0.025,-0.0018
3.0540e-02,-0.0246875,-0.00182375
3.0550e-02,-0.0176563,-0.00210344
3.0560e-02,-0.0207813,-0.00223
3.0570e-02,-0.0320312,-0.0016425
3.0580e-02,-0.023125,-0.00229406
3.0590e-02,-0.026875,-0.00184563
3.0600e-02,-0.021875,-0.00162906
3.0610e-02,-0.0320312,-0.00214
3.0620e-02,-0.016875,-0.00127875
3.0630e-02,-0.0198438,-0.00198906
3.0640e-02,-0.0314062,-0.00263344
3.0650e-02,-0.0232812,-0.00205438
3.0660e-02,-0.0196875,-0.00198719
3.0670e-02,-0.0240625,-0.00220781
3.0680e-02,-0.0246875,-0.00221875
3.0690e-02,-0.0165625,-0.00215969
3.0700e-02,-0.0389063,-0.00203313
3.0710e-02,-0.0215625,-0.00186188
3.0720e-02,-0.0307813,-0.00201969
3.0730e-02,-0.0226562,-0.00238781
3.0740e-02,-0.0217188,-0.00210875
3.0750e-02,-0.0292188,-0.00226969
3.0760e-02,-0.031875,-0.00197344
3.0770e-02,-0.0282813,-0.00257188
3.0780e-02,-0.0259375,-0.00266625
3.0790e-02,-0.0257812,-0.00209469
3.0800e-02,-0.0182812,-0.00244406
3.0810e-02,-0.015,-0.00183594
3.0820e-02,-0.0339062,-0.00176563
3.0830e-02,-0.0267187,-0.00159531
3.0840e-02,-0.03125,-0.00189781
3.0850e-02,-0.0265625,-0.00190281
3.0860e-02,-0.0217188,-0.00174625
3.0870e-02,-0.033125,-0.00247656
3.0880e-02,-0.0270312,-0.00192844
3.0890e-02,-0.02625,-0.00264625
3.0900e-02,-0.0225,-0.00212125
3.0910e-02,-0.0240625,-0.002005
3.0920e-02,-0.02625,-0.00241188
3.0930e-02,-0.0254688,-0.0022325
3.0940e-02,-0.0242188,-0.00215156
3.0950e-02,-0.0154687,-0.00199406
3.0960e-02,-0.0229687,-0.00224688
3.0970e-02,-0.0359375,-0.00232375
3.0980e-02,-0.0167188,-0.00194688
3.0990e-02,-0.0278125,-0.00134219
3.1000e-02,-0.0315625,-0.00236875
3.1010e-02,-0.0323438,-0.00181906
3.1020e-02,-0.0234375,-0.00207813
3.1030e-02,-0.0259375,-0.00230781
3.1040e-02,-0.0234375,-0.00199344
3.1050e-02,-0.0292188,-0.00209469
3.1060e-02,-0.0253125,-0.00199875
3.1070e-02,-0.0253125,-0.00183156
3.1080e-02,-0.0264062,-0.00196406
3.1090e-02,-0.0414063,-0.00224688
3.1100e-02,-0.0245313,-0.00160969
3.1110e-02,-0.0226562,-0.00202094
3.1120e-02,-0.0173438,-0.00215844
3.1130e-02,-0.0295313,-0.00195156
3.1140e-02,-0.030625,-0.00233687
3.1150e-02,-0.0334375,-0.00123813
3.1160e-02,-0.0295313,-0.00203031
3.1170e-02,-0.0310937,-0.00255813
3.1180e-02,-0.0382813,-0.0017725
3.1190e-02,-0.0309375,-0.00201375
3.1200e-02,-0.0175,-0.00207656
3.1210e-02,-0.0159375,-0.00218406
3.1220e-02,-0.0228125,-0.00234938
3.1230e-02,-0.0217188,-0.00183406
3.1240e-02,-0.02625,-0.00232344
3.1250e-02,-0.0329688,-0.00229906
3.1260e-02,-0.0314062,-0.00174938
3.1270e-02,-0.0376563,-0.00158969
3.1280e-02,-0.0345312,-0.00211781
3.1290e-02,-0.0242188,-0.00226938
3.1300e-02,-0.038125,-0.00176594
3.1310e-02,-0.0314062,-0.00236781
3.1320e-02,-0.0245313,-0.00166188
3.1330e-02,-0.0271875,-0.00213563
3.1340e-02,-0.0273438,-0.001605
3.1350e-02,-0.0376563,-0.00168969
3.1360e-02,-0.0303125,-0.0020625
3.1370e-02,-0.0309375,-0.00258156
3.1380e-02,-0.0321875,-0.00217375
3.1390e-02,-0.0271875,-0.00216625
3.1400e-02,-0.0345312,-0.00166188
3.1410e-02,-0.0279688,-0.0021625
3.1420e-02,-0.0326562,-0.00199656
3.1430e-02,-0.041875,-0.00183688
3.1440e-02,-0.026875,-0.00198156
3.1450e-02,-0.0348437,-0.00180219
3.1460e-02,-0.0232812,-0.00205125
3.1470e-02,-0.0251563,-0.0022125
3.1480e-02,-0.025,-0.00265156
3.1490e-02,-0.0190625,-0.00146125
3.1500e-02,-0.0254688,-0.00251313
3.1510e-02,-0.0284375,-0.00223781
3.1520e-02,-0.0257812,-0.00232531
3.1530e-02,-0.0240625,-0.00206688
3.1540e-02,-0.0357813,-0.00156906
3.1550e-02,-0.0267187,-0.00189719
3.1560e-02,-0.03125,-0.00198656
3.1570e-02,-0.03125,-0.00177781
3.1580e-02,-0.0309375,-0.00155438
3.1590e-02,-0.025625,-0.00135781
3.1600e-02,-0.0267187,-0.00210281
3.1610e-02,-0.0317188,-0.00246906
3.1620e-02,-0.0317188,-0.00223313
3.1630e-02,-0.0307813,-0.00235375
3.1640e-02,-0.0278125,-0.00224563
3.1650e-02,-0.0414063,-0.00192625
3.1660e-02,-0.0371875,-0.00224031
3.1670e-02,-0.0273438,-0.00239625
3.1680e-02,-0.0317188,-0.00167031
3.1690e-02,-0.0248438,-0.00198281
3.1700e-02,-0.0298438,-0.00181938
3.1710e-02,-0.0153125,-0.00187594
3.1720e-02,-0.0325,-0.00193344
3.1730e-02,-0.0239063,-0.00196531
3.1740e-02,-0.0278125,-0.00217531
3.1750e-02,-0.0245313,-0.00258188
3.1760e-02,-0.0384375,-0.00205844
3.1770e-02,-0.0207813,-0.00190969
3.1780e-02,-0.0357813,-0.0019025
3.1790e-02,-0.0254688,-0.00217406
3.1800e-02,-0.0278125,-0.00202688
3.1810e-02,-0.045625,-0.00192813
3.1820e-02,-0.03375,-0.00211563
3.1830e-02,-0.0420312,-0.00249281
3.1840e-02,-0.0325,-0.00177031
3.1850e-02,-0.03375,-0.00176625
3.1860e-02,-0.0321875,-0.00235344
3.1870e-02,-0.0259375,-0.00224531
3.1880e-02,-0.0396875,-0.00222781
3.1890e-02,-0.0378125,-0.00262219
3.1900e-02,-0.0285938,-0.00207375
3.1910e-02,-0.0296875,-0.00210281
3.1920e-02,-0.0275,-0.00193344
3.1930e-02,-0.033125,-0.00229688
3.1940e-02,-0.0248438,-0.00226406
3.1950e-02,-0.033125,-0.00206219
3.1960e-02,-0.0257812,-0.0017975
3.1970e-02,-0.033125,-0.0017975
3.1980e-02,-0.0390625,-0.00209438
3.1990e-02,-0.024375,-0.00195969
3.2000e-02,-0.0276563,-0.00209219
3.2010e-02,-0.0357813,-0.00187969
3.2020e-02,-0.0273438,-0.00209344
3.2030e-02,-0.0342187,-0.00181969
3.2040e-02,-0.0467188,-0.00243656
3.2050e-02,-0.0267187,-0.00206156
3.2060e-02,-0.0220313,-0.00227063
3.2070e-02,-0.0290625,-0.00176469
3.2080e-02,-0.0348437,-0.00198219
3.2090e-02,-0.0365625,-0.00181094
3.2100e-02,-0.0239063,-0.00178281
3.2110e-02,-0.0395313,-0.00234875
3.2120e-02,-0.0232812,-0.00206062
3.2130e-02,-0.0259375,-0.00191063
3.2140e-02,-0.0265625,-0.00207
3.2150e-02,-0.0282813,-0.00181563
3.2160e-02,-0.03375,-0.00218094
3.2170e-02,-0.028125,-0.00166031
3.2180e-02,-0.0270312,-0.00202
3.2190e-02,-0.0253125,-0.00207656
3.2200e-02,-0.0395313,-0.00188906
3.2210e-02,-0.0198438,-0.00143719
3.2220e-02,-0.0396875,-0.00197063
3.2230e-02,-0.0309375,-0.00186688
3.2240e-02,-0.0273438,-0.00170813
3.2250e-02,-0.026875,-0.00252906
3.2260e-02,-0.033125,-0.00198406
3.2270e-02,-0.0285938,-0.00251656
3.2280e-02,-0.0275,-0.00243969
3.2290e-02,-0.0332812,-0.00197656
3.2300e-02,-0.0317188,-0.00211563
3.2310e-02,-0.0420312,-0.00198688
3.2320e-02,-0.0315625,-0.00247438
3.2330e-02,-0.026875,-0.00207906
3.2340e-02,-0.028125,-0.00227188
3.2350e-02,-0.029375,-0.00210938
3.2360e-02,-0.0282813,-0.00187844
3.2370e-02,-0.0471875,-0.00223406
3.2380e-02,-0.0342187,-0.00212813
3.2390e-02,-0.0334375,-0.00229188
3.2400e-02,-0.0303125,-0.00209156
3.2410e-02,-0.0370313,-0.00234938
3.2420e-02,-0.040625,-0.00229188
3.2430e-02,-0.0407813,-0.00203688
3.2440e-02,-0.0390625,-0.00190094
3.2450e-02,-0.0373438,-0.001495
3.2460e-02,-0.02625,-0.00199031
3.2470e-02,-0.0298438,-0.00187
3.2480e-02,-0.0342187,-0.00178781
3.2490e-02,-0.0392187,-0.00205125
3.2500e-02,-0.038125,-0.00205313
3.2510e-02,-0.0315625,-0.00221313
3.2520e-02,-0.0348437,-0.00252594
3.2530e-02,-0.014375,-0.00237875
3.2540e-02,-0.0415625,-0.00244531
3.2550e-02,-0.0296875,-0.00227094
3.2560e-02,-0.0260937,-0.00171594
3.2570e-02,-0.02875,-0.00232094
3.2580e-02,-0.0390625,-0.00187625
3.2590e-02,-0.0360938,-0.00196406
3.2600e-02,-0.0370313,-0.00200906
3.2610e-02,-0.0275,-0.00163094
3.2620e-02,-0.036875,-0.0017025
3.2630e-02,-0.0354688,-0.00197406
3.2640e-02,-0.0375,-0.00200875
3.2650e-02,-0.0321875,-0.00151156
3.2660e-02,-0.0276563,-0.0023225
3.2670e-02,-0.03125,-0.0022475
3.2680e-02,-0.0359375,-0.00208656
3.2690e-02,-0.0346875,-0.00198406
3.2700e-02,-0.0409375,-0.00191219
3.2710e-02,-0.0335937,-0.0020825
3.2720e-02,-0.035625,-0.002305
3.2730e-02,-0.040625,-0.0019925
3.2740e-02,-0.044375,-0.00180063
3.2750e-02,-0.0232812,-0.00203688
3.2760e-02,-0.0285938,-0.00169
3.2770e-02,-0.026875,-0.00198969
3.2780e-02,-0.0365625,-0.00209406
3.2790e-02,-0.0379688,-0.00234625
3.2800e-02,-0.0428125,-0.00195969
3.2810e-02,-0.0464062,-0.00222063
3.2820e-02,-0.0385937,-0.00192063
3.2830e-02,-0.04875,-0.00224656
3.2840e-02,-0.03875,-0.00225313
3.2850e-02,-0.0320312,-0.00230844
3.2860e-02,-0.0442188,-0.00183469
3.2870e-02,-0.0303125,-0.00183531
3.2880e-02,-0.0442188,-0.00215469
3.2890e-02,-0.03875,-0.0016275
3.2900e-02,-0.0375,-0.00184969
3.2910e-02,-0.0489062,-0.00261469
3.2920e-02,-0.0340625,-0.0017175
3.2930e-02,-0.0460938,-0.00213406
3.2940e-02,-0.0357813,-0.00220719
3.2950e-02,-0.0315625,-0.00188188
3.2960e-02,-0.0342187,-0.00224062
3.2970e-02,-0.0339062,-0.00164781
3.2980e-02,-0.0398437,-0.00168313
3.2990e-02,-0.0375,-0.00227188
3.3000e-02,-0.0278125,-0.00194
3.3010e-02,-0.033125,-0.001985
3.3020e-02,-0.041875,-0.00188469
3.3030e-02,-0.0395313,-0.0019725
3.3040e-02,-0.05125,-0.00218313
3.3050e-02,-0.0282813,-0.00224938
3.3060e-02,-0.0348437,-0.00231938
3.3070e-02,-0.0348437,-0.00219344
3.3080e-02,-0.0332812,-0.00248656
3.3090e-02,-0.0382813,-0.00179313
3.3100e-02,-0.040625,-0.00242125
3.3110e-02,-0.0376563,-0.002695
3.3120e-02,-0.0292188,-0.00243531
3.3130e-02,-0.0279688,-0.0022125
3.3140e-02,-0.0439063,-0.0021875
3.3150e-02,-0.0409375,-0.00222469
3.3160e-02,-0.035625,-0.00165844
3.3170e-02,-0.0345312,-0.00166125
3.3180e-02,-0.0292188,-0.00182625
3.3190e-02,-0.041875,-0.00177
3.3200e-02,-0.0204688,-0.00195094
3.3210e-02,-0.035,-0.00224625
3.3220e-02,-0.0325,-0.002
3.3230e-02,-0.0214063,-0.00267156
3.3240e-02,-0.0321875,-0.00246031
3.3250e-02,-0.040625,-0.00224344
3.3260e-02,-0.0351562,-0.00162594
3.3270e-02,-0.0375,-0.00162781
3.3280e-02,-0.0315625,-0.00143813
3.3290e-02,-0.0325,-0.0018375
3.3300e-02,-0.0295313,-0.00225125
3.3310e-02,-0.0271875,-0.00244031
3.3320e-02,-0.0346875,-0.0016575
3.3330e-02,-0.0398437,-0.00242281
3.3340e-02,-0.0251563,-0.00254188
3.3350e-02,-0.0346875,-0.00140656
3.3360e-02,-0.0459375,-0.00233813
3.3370e-02,-0.0317188,-0.00210156
3.3380e-02,-0.0428125,-0.00173219
3.3390e-02,-0.0348437,-0.00159594
3.3400e-02,-0.0332812,-0.00192344
3.3410e-02,-0.03,-0.00220469
3.3420e-02,-0.0379688,-0.0018875
3.3430e-02,-0.0365625,-0.00219219
3.3440e-02,-0.039375,-0.00223031
3.3450e-02,-0.0395313,-0.00267688
3.3460e-02,-0.048125,-0.00178406
3.3470e-02,-0.0321875,-0.00206094
3.3480e-02,-0.044375,-0.00183594
3.3490e-02,-0.029375,-0.00207156
3.3500e-02,-0.0364063,-0.00190563
3.3510e-02,-0.030625,-0.00201969
3.3520e-02,-0.03375,-0.00177563
3.3530e-02,-0.0370313,-0.00203531
3.3540e-02,-0.0446875,-0.00240625
3.3550e-02,-0.0442188,-0.00232594
3.3560e-02,-0.0303125,-0.00173156
3.3570e-02,-0.02625,-0.00210219
3.3580e-02,-0.0345312,-0.002345
3.3590e-02,-0.0365625,-0.0017575
3.3600e-02,-0.0285938,-0.00204281
3.3610e-02,-0.0417187,-0.0021375
3.3620e-02,-0.0414063,-0.00184656
3.3630e-02,-0.0370313,-0.00212281
3.3640e-02,-0.0340625,-0.00154875
3.3650e-02,-0.0253125,-0.00185969
3.3660e-02,-0.0389063,-0.00238813
3.3670e-02,-0.0329688,-0.00215625
3.3680e-02,-0.0276563,-0.00218219
3.3690e-02,-0.0398437,-0.00261063
3.3700e-02,-0.0448438,-0.00205344
3.3710e-02,-0.0365625,-0.00157313
3.3720e-02,-0.0367188,-0.00222469
3.3730e-02,-0.029375,-0.00188375
3.3740e-02,-0.0429688,-0.00187219
3.3750e-02,-0.0379688,-0.00167781
3.3760e-02,-0.031875,-0.00160719
3.3770e-02,-0.0273438,-0.00156688
3.3780e-02,-0.0440625,-0.00173031
3.3790e-02,-0.0425,-0.00200687
3.3800e-02,-0.040625,-0.00215219
3.3810e-02,-0.02875,-0.00220688
3.3820e-02,-0.043125,-0.00189594
3.3830e-02,-0.0326562,-0.00226187
3.3840e-02,-0.0414063,-0.00226563
3.3850e-02,-0.0309375,-0.00192281
3.3860e-02,-0.0385937,-0.00220094
3.3870e-02,-0.0475,-0.0020625
3.3880e-02,-0.0373438,-0.00192094
3.3890e-02,-0.054375,-0.00196625
3.3900e-02,-0.03375,-0.00105
3.3910e-02,-0.0403125,-0.00212844
3.3920e-02,-0.0439063,-0.00197031
3.3930e-02,-0.0357813,-0.00195188
3.3940e-02,-0.033125,-0.001995
3.3950e-02,-0.0346875,-0.00246219
3.3960e-02,-0.0382813,-0.00224375
3.3970e-02,-0.0445313,-0.0018725
3.3980e-02,-0.0420312,-0.00187875
3.3990e-02,-0.0292188,-0.00208531
3.4000e-02,-0.0410937,-0.00195063
3.4010e-02,-0.034375,-0.00192156
3.4020e-02,-0.0321875,-0.00160938
3.4030e-02,-0.0220313,-0.00171188
3.4040e-02,-0.0317188,-0.00167125
3.4050e-02,-0.0475,-0.00221969
3.4060e-02,-0.0360938,-0.00246
3.4070e-02,-0.0479688,-0.00195437
3.4080e-02,-0.0389063,-0.00195688
3.4090e-02,-0.041875,-0.00176813
3.4100e-02,-0.02375,-0.00141031
3.4110e-02,-0.0384375,-0.00135125
3.4120e-02,-0.0389063,-0.00200625
3.4130e-02,-0.0342187,-0.00212219
3.4140e-02,-0.0448438,-0.00177969
3.4150e-02,-0.0370313,-0.00190969
3.4160e-02,-0.0367188,-0.00172594
3.4170e-02,-0.0351562,-0.00173344
3.4180e-02,-0.0403125,-0.00189188
3.4190e-02,-0.0396875,-0.00151313
3.4200e-02,-0.036875,-0.00195188
3.4210e-02,-0.0296875,-0.00219875
3.4220e-02,-0.0445313,-0.00279531
3.4230e-02,-0.045,-0.00226656
3.4240e-02,-0.0292188,-0.00211781
3.4250e-02,-0.039375,-0.00220469
3.4260e-02,-0.0454688,-0.00164406
3.4270e-02,-0.0414063,-0.00169656
3.4280e-02,-0.0389063,-0.00162625
3.4290e-02,-0.0257812,-0.00216656
3.4300e-02,-0.0332812,-0.00199469
3.4310e-02,-0.0420312,-0.00204875
3.4320e-02,-0.0364063,-0.00224
3.4330e-02,-0.03125,-0.00255969
3.4340e-02,-0.0310937,-0.00218375
3.4350e-02,-0.0385937,-0.00201563
3.4360e-02,-0.053125,-0.00178688
3.4370e-02,-0.0401563,-0.00236969
3.4380e-02,-0.0376563,-0.00206
3.4390e-02,-0.0357813,-0.0022275
3.4400e-02,-0.0214063,-0.00244344
3.4410e-02,-0.0432813,-0.00213156
3.4420e-02,-0.04,-0.00222688
3.4430e-02,-0.0340625,-0.00170125
3.4440e-02,-0.0484375,-0.00137188
3.4450e-02,-0.0264062,-0.00233719
3.4460e-02,-0.0470312,-0.00183094
3.4470e-02,-0.035,-0.00216469
3.4480e-02,-0.0273438,-0.00199375
3.4490e-02,-0.0376563,-0.00202375
3.4500e-02,-0.0367188,-0.00194031
3.4510e-02,-0.04375,-0.00227156
3.4520e-02,-0.04625,-0.0018625
3.4530e-02,-0.0234375,-0.00187344
3.4540e-02,-0.040625,-0.00192344
3.4550e-02,-0.0395313,-0.00177
3.4560e-02,-0.0315625,-0.00197031
3.4570e-02,-0.049375,-0.00199
3.4580e-02,-0.0401563,-0.00190406
3.4590e-02,-0.0432813,-0.0022325
3.4600e-02,-0.0346875,-0.00163438
3.4610e-02,-0.0446875,-0.00177344
3.4620e-02,-0.0409375,-0.00254
3.4630e-02,-0.041875,-0.00198781
3.4640e-02,-0.0214063,-0.00158344
3.4650e-02,-0.0353125,-0.00212344
3.4660e-02,-0.0457813,-0.00252375
3.4670e-02,-0.035625,-0.00194938
3.4680e-02,-0.0446875,-0.00181313
3.4690e-02,-0.0496875,-0.0017925
3.4700e-02,-0.0376563,-0.00169
3.4710e-02,-0.0473438,-0.00215906
3.4720e-02,-0.0332812,-0.00202531
3.4730e-02,-0.0317188,-0.00208
3.4740e-02,-0.0321875,-0.00204656
3.4750e-02,-0.0403125,-0.00188656
3.4760e-02,-0.0354688,-0.00214219
3.4770e-02,-0.0407813,-0.00201219
3.4780e-02,-0.0475,-0.00172781
3.4790e-02,-0.0204688,-0.00226313
3.4800e-02,-0.0475,-0.0017125
3.4810e-02,-0.0454688,-0.00230656
3.4820e-02,-0.0421875,-0.00172406
3.4830e-02,-0.045625,-0.00204406
3.4840e-02,-0.0410937,-0.00191063
3.4850e-02,-0.0470312,-0.00209469
3.4860e-02,-0.041875,-0.00178656
3.4870e-02,-0.0304688,-0.00212406
3.4880e-02,-0.0320312,-0.00156
3.4890e-02,-0.0453125,-0.00220563
3.4900e-02,-0.0459375,-0.00200063
3.4910e-02,-0.04375,-0.00188719
3.4920e-02,-0.041875,-0.00197562
3.4930e-02,-0.03375,-0.00211531
3.4940e-02,-0.0373438,-0.00190688
3.4950e-02,-0.045625,-0.00210125
3.4960e-02,-0.0389063,-0.00238656
3.4970e-02,-0.0457813,-0.00223844
3.4980e-02,-0.03875,-0.00222125
3.4990e-02,-0.0242188,-0.001855
3.5000e-02,-0.0510938,-0.00191438
3.5010e-02,-0.0329688,-0.00214375
3.5020e-02,-0.0445313,-0.00195375
3.5030e-02,-0.030625,-0.00200125
3.5040e-02,-0.036875,-0.00224656
3.5050e-02,-0.036875,-0.00184313
3.5060e-02,-0.0303125,-0.00222313
3.5070e-02,-0.045,-0.00245031
3.5080e-02,-0.0425,-0.00218531
3.5090e-02,-0.0432813,-0.00253563
3.5100e-02,-0.0351562,-0.00187156
3.5110e-02,-0.0482812,-0.002235
3.5120e-02,-0.0365625,-0.00172219
3.5130e-02,-0.04375,-0.00211
3.5140e-02,-0.0342187,-0.00254844
3.5150e-02,-0.0475,-0.00259281
3.5160e-02,-0.0432813,-0.00248156
3.5170e-02,-0.0279688,-0.00204875
3.5180e-02,-0.0457813,-0.00253219
3.5190e-02,-0.0389063,-0.00243719
3.5200e-02,-0.0395313,-0.00231531
3.5210e-02,-0.0465625,-0.00209281
3.5220e-02,-0.040625,-0.00238813
3.5230e-02,-0.03875,-0.00196938
3.5240e-02,-0.0498438,-0.00207844
3.5250e-02,-0.04125,-0.00197562
3.5260e-02,-0.0389063,-0.00188219
3.5270e-02,-0.04125,-0.00234063
3.5280e-02,-0.0401563,-0.00236313
3.5290e-02,-0.0398437,-0.00229375
3.5300e-02,-0.0428125,-0.00214313
3.5310e-02,-0.045625,-0.00178219
3.5320e-02,-0.03125,-0.00218625
3.5330e-02,-0.036875,-0.00182594
3.5340e-02,-0.0435938,-0.00171813
3.5350e-02,-0.0404687,-0.0020625
3.5360e-02,-0.021875,-0.00166594
3.5370e-02,-0.02125,-0.00172969
3.5380e-02,-0.0259375,-0.00207563
3.5390e-02,-0.0384375,-0.00204281
3.5400e-02,-0.0434375,-0.00203625
3.5410e-02,-0.0329688,-0.00177656
3.5420e-02,-0.0442188,-0.00183188
3.5430e-02,-0.024375,-0.00220125
3.5440e-02,-0.0464062,-0.00150313
3.5450e-02,-0.0375,-0.00175563
3.5460e-02,-0.0420312,-0.00169688
3.5470e-02,-0.0445313,-0.00135531
3.5480e-02,-0.0409375,-0.00172
3.5490e-02,-0.0354688,-0.00194781
3.5500e-02,-0.0432813,-0.00191969
3.5510e-02,-0.0301563,-0.00185313
3.5520e-02,-0.033125,-0.0020975
3.5530e-02,-0.0521875,-0.00218625
3.5540e-02,-0.0326562,-0.00203531
3.5550e-02,-0.0426562,-0.00218938
3.5560e-02,-0.0257812,-0.00151219
3.5570e-02,-0.043125,-0.00158469
3.5580e-02,-0.0384375,-0.00153625
3.5590e-02,-0.0415625,-0.00244
3.5600e-02,-0.0534375,-0.00198
3.5610e-02,-0.0367188,-0.00219938
3.5620e-02,-0.0442188,-0.00181719
3.5630e-02,-0.034375,-0.00203156
3.5640e-02,-0.0353125,-0.00200156
3.5650e-02,-0.0428125,-0.00142188
3.5660e-02,-0.0445313,-0.00164438
3.5670e-02,-0.0390625,-0.0018275
3.5680e-02,-0.0421875,-0.00174
3.5690e-02,-0.0490625,-0.00215688
3.5700e-02,-0.0434375,-0.00221969
3.5710e-02,-0.0304688,-0.00175688
3.5720e-02,-0.0303125,-0.00191594
3.5730e-02,-0.0410937,-0.00214562
3.5740e-02,-0.0414063,-0.00200406
3.5750e-02,-0.0379688,-0.00216687
3.5760e-02,-0.0357813,-0.00164719
3.5770e-02,-0.038125,-0.00170563
3.5780e-02,-0.0329688,-0.00181313
3.5790e-02,-0.0259375,-0.00192906
3.5800e-02,-0.0339062,-0.00197094
3.5810e-02,-0.0496875,-0.00206188
3.5820e-02,-0.0314062,-0.00171906
3.5830e-02,-0.034375,-0.00182125
3.5840e-02,-0.0370313,-0.00148625
3.5850e-02,-0.0490625,-0.00185969
3.5860e-02,-0.0379688,-0.00182906
3.5870e-02,-0.0378125,-0.00162375
3.5880e-02,-0.0454688,-0.00167188
3.5890e-02,-0.0409375,-0.00183375
3.5900e-02,-0.0382813,-0.00200563
3.5910e-02,-0.0382813,-0.00222531
3.5920e-02,-0.0289063,-0.00229188
3.5930e-02,-0.0426562,-0.00223156
3.5940e-02,-0.036875,-0.00241
3.5950e-02,-0.0364063,-0.00249406
3.5960e-02,-0.041875,-0.00209906
3.5970e-02,-0.0446875,-0.00186719
3.5980e-02,-0.0334375,-0.00172313
3.5990e-02,-0.0448438,-0.00181875
3.6000e-02,-0.0332812,-0.00239219
3.6010e-02,-0.0340625,-0.00240281
3.6020e-02,-0.0407813,-0.00220656
3.6030e-02,-0.0428125,-0.00221375
3.6040e-02,-0.0442188,-0.00190563
3.6050e-02,-0.0485938,-0.00214219
3.6060e-02,-0.0409375,-0.002035
3.6070e-02,-0.043125,-0.00173406
3.6080e-02,-0.0296875,-0.00200375
3.6090e-02,-0.0395313,-0.00202188
3.6100e-02,-0.0425,-0.00203188
3.6110e-02,-0.0425,-0.00195688
3.6120e-02,-0.0434375,-0.00200531
3.6130e-02,-0.0375,-0.00202219
3.6140e-02,-0.0440625,-0.00167813
3.6150e-02,-0.0398437,-0.00164375
3.6160e-02,-0.0301563,-0.00133375
3.6170e-02,-0.0425,-0.0020575
3.6180e-02,-0.043125,-0.00184313
3.6190e-02,-0.0539063,-0.00189625
3.6200e-02,-0.0375,-0.00220813
3.6210e-02,-0.03625,-0.0018675
3.6220e-02,-0.0492188,-0.00200031
3.6230e-02,-0.0489062,-0.002415
3.6240e-02,-0.03625,-0.00245469
3.6250e-02,-0.0504687,-0.00218812
3.6260e-02,-0.0370313,-0.00132313
3.6270e-02,-0.0420312,-0.00177438
3.6280e-02,-0.0465625,-0.00226656
3.6290e-02,-0.036875,-0.00237
3.6300e-02,-0.0270312,-0.00203719
3.6310e-02,-0.0440625,-0.00179281
3.6320e-02,-0.0392187,-0.00217844
3.6330e-02,-0.0459375,-0.00229688
3.6340e-02,-0.0371875,-0.00211406
3.6350e-02,-0.0385937,-0.00229469
3.6360e-02,-0.04875,-0.00221656
3.6370e-02,-0.0410937,-0.00137406
3.6380e-02,-0.038125,-0.00185969
3.6390e-02,-0.0345312,-0.00204375
3.6400e-02,-0.0398437,-0.00186906
3.6410e-02,-0.0396875,-0.00202188
3.6420e-02,-0.054375,-0.00202844
3.6430e-02,-0.0390625,-0.00205813
3.6440e-02,-0.0476562,-0.00210781
3.6450e-02,-0.035,-0.00192938
3.6460e-02,-0.0346875,-0.00188438
3.6470e-02,-0.0565625,-0.00201063
3.6480e-02,-0.370469,-0.00189125
3.6490e-02,-1.80984,-0.000256563
3.6500e-02,-0.7,0.000624375
3.6510e-02,0.952031,0.000940938
3.6520e-02,1.07891,0.00136594
3.6530e-02,0.0667187,0.00122156
3.6540e-02,0.133594,0.00114938
3.6550e-02,0.111875,0.00090625
3.6560e-02,0.0876563,0.00121781
3.6570e-02,0.0740625,0.00116719
3.6580e-02,0.0778125,0.00119625
3.6590e-02,0.0570312,0.0009425
3.6600e-02,0.0629688,0.000944375
3.6610e-02,0.06,0.00121688
3.6620e-02,0.0492187,0.000864375
3.6630e-02,0.03375,0.000925313
3.6640e-02,0.0428125,0.00119469
3.6650e-02,0.0428125,0.00103344
3.6660e-02,0.035,0.0011175
3.6670e-02,0.0432812,0.00106531
3.6680e-02,0.0325,0.00115563
3.6690e-02,0.0446875,0.000994063
3.6700e-02,0.0178125,0.00108875
3.6710e-02,0.0189063,0.00110625
3.6720e-02,0.033125,0.00104625
3.6730e-02,0.0145312,0.00108656
3.6740e-02,0.0153125,0.000455313
3.6750e-02,0.0278125,-0.00110563
3.6760e-02,0.01125,-0.00124844
3.6770e-02,0.0189063,-0.00205219
3.6780e-02,0.0165625,-0.00218281
3.6790e-02,0.00796875,-0.00251594
3.6800e-02,0.0126562,-0.00178031
3.6810e-02,0.0203125,-0.002155
3.6820e-02,0.0104687,-0.00220844
3.6830e-02,0.0190625,-0.00276344
3.6840e-02,0.00109375,-0.002195
3.6850e-02,0.025,-0.00216094
3.6860e-02,0.00359375,-0.00224219
3.6870e-02,0.01,-0.00213625
3.6880e-02,0.0129687,-0.00234
3.6890e-02,0.00125,-0.00186781
3.6900e-02,-0.00265625,-0.00241375
3.6910e-02,0.00921875,-0.0019625
3.6920e-02,0.00296875,-0.00236781
3.6930e-02,0.00265625,-0.00226313
3.6940e-02,0.00390625,-0.00198813
3.6950e-02,0.0121875,-0.00216563
3.6960e-02,0.0034375,-0.00251906
3.6970e-02,-0.000625,-0.00227312
3.6980e-02,0.00984375,-0.00229
3.6990e-02,0.004375,-0.00195406
3.7000e-02,0.00328125,-0.00245094
3.7010e-02,0.01,-0.00185063
3.7020e-02,0.013125,-0.00224531
3.7030e-02,-0.008125,-0.00194688
3.7040e-02,0.0104687,-0.00240125
3.7050e-02,-0.0003125,-0.00176469
3.7060e-02,-0.00921875,-0.00213594
3.7070e-02,-0.006875,-0.00178969
3.7080e-02,-0.00828125,-0.00205656
3.7090e-02,-0.0084375,-0.00195781
3.7100e-02,-0.0025,-0.00231094
3.7110e-02,-0.00953125,-0.00188875
3.7120e-02,-0.0071875,-0.001965
3.7130e-02,-0.000625,-0.00198281
3.7140e-02,-0.00046875,-0.00172844
3.7150e-02,-0.00390625,-0.00229688
3.7160e-02,-0.0104688,-0.00197094
3.7170e-02,0.0028125,-0.00177594
3.7180e-02,0.00765625,-0.00164063
3.7190e-02,-0.01625,-0.00172344
3.7200e-02,-0.00875,-0.00217469
3.7210e-02,-0.00875,-0.00185375
3.7220e-02,0.0096875,-0.00192719
3.7230e-02,-0.00046875,-0.00214688
3.7240e-02,0.00375,-0.00204344
3.7250e-02,-0.00640625,-0.00177656
3.7260e-02,-0.00421875,-0.00197344
3.7270e-02,-0.00125,-0.00192125
3.7280e-02,-0.0123438,-0.00179313
3.7290e-02,-0.0178125,-0.00171594
3.7300e-02,-0.0059375,-0.00191469
3.7310e-02,-0.00765625,-0.00251531
3.7320e-02,-0.0114062,-0.00260188
3.7330e-02,-0.00921875,-0.00197969
3.7340e-02,-0.0167188,-0.00261438
3.7350e-02,-0.00953125,-0.00245313
3.7360e-02,-0.0120313,-0.00179781
3.7370e-02,-0.0126563,-0.00212625
3.7380e-02,-0.00796875,-0.00225938
3.7390e-02,-0.0173438,-0.00194563
3.7400e-02,-0.01375,-0.00181219
3.7410e-02,-0.0114062,-0.00211969
3.7420e-02,-0.01,-0.00215781
3.7430e-02,-0.00859375,-0.00231625
3.7440e-02,-0.0189062,-0.00209125
3.7450e-02,-0.00828125,-0.0020175
3.7460e-02,-0.0254688,-0.00241719
3.7470e-02,-0.016875,-0.00155781
3.7480e-02,-0.0189062,-0.00216563
3.7490e-02,-0.00609375,-0.00249219
3.7500e-02,-0.0175,-0.00268156
3.7510e-02,-0.0139063,-0.00209688
3.7520e-02,-0.0210938,-0.00212906
3.7530e-02,-0.00984375,-0.00202031
3.7540e-02,-0.016875,-0.00185406
3.7550e-02,-0.01125,-0.00213219
3.7560e-02,-0.0015625,-0.00187938
3.7570e-02,-0.015625,-0.00223625
3.7580e-02,-0.0215625,-0.00189563
3.7590e-02,-0.01125,-0.00176344
3.7600e-02,-0.00875,-0.0023175
3.7610e-02,-0.0104688,-0.00262656
3.7620e-02,-0.0209375,-0.00184906
3.7630e-02,-0.00390625,-0.00174594
3.7640e-02,-0.00546875,-0.0023725
3.7650e-02,-0.0190625,-0.00238438
3.7660e-02,-0.0142188,-0.00238688
3.7670e-02,-0.00953125,-0.00190281
3.7680e-02,-0.01,-0.00225031
3.7690e-02,-0.016875,-0.00195688
3.7700e-02,-0.00875,-0.00228375
3.7710e-02,-0.0154687,-0.00188438
3.7720e-02,-0.0179687,-0.00203406
3.7730e-02,-0.0170313,-0.00179469
3.7740e-02,-0.01125,-0.00191594
3.7750e-02,-0.0190625,-0.00216563
3.7760e-02,-0.0132813,-0.00234969
3.7770e-02,-0.0173438,-0.0021225
3.7780e-02,-0.0204688,-0.001965
3.7790e-02,-0.0171875,-0.00225187
3.7800e-02,-0.0240625,-0.00220156
3.7810e-02,-0.0242188,-0.00229781
3.7820e-02,-0.0203125,-0.00210875
3.7830e-02,-0.0214063,-0.00229469
3.7840e-02,-0.0159375,-0.00199188
3.7850e-02,-0.0179687,-0.0022525
3.7860e-02,-0.0276563,-0.001945
3.7870e-02,-0.0140625,-0.00166188
3.7880e-02,-0.019375,-0.00190969
3.7890e-02,-0.00671875,-0.00175938
3.7900e-02,-0.0148437,-0.00229844
3.7910e-02,-0.00921875,-0.00173813
3.7920e-02,-0.0245313,-0.00247156
3.7930e-02,-0.013125,-0.00212906
3.7940e-02,-0.01,-0.00222281
3.7950e-02,-0.0284375,-0.00189219
3.7960e-02,-0.0279688,-0.00142813
3.7970e-02,-0.0090625,-0.00145375
3.7980e-02,-0.0198438,-0.00201469
3.7990e-02,-0.0165625,-0.0018675
3.8000e-02,-0.0192187,-0.00208375
3.8010e-02,-0.026875,-0.00193375
3.8020e-02,-0.0173438,-0.00196563
3.8030e-02,-0.0142188,-0.00211281
3.8040e-02,-0.0148437,-0.00188531
3.8050e-02,-0.0217188,-0.00192781
3.8060e-02,-0.0173438,-0.00200125
3.8070e-02,-0.0134375,-0.00235406
3.8080e-02,-0.0239063,-0.0022125
3.8090e-02,-0.0165625,-0.0024175
3.8100e-02,-0.02375,-0.00207094
3.8110e-02,-0.00953125,-0.00207531
3.8120e-02,-0.0128125,-0.00192188
3.8130e-02,-0.0259375,-0.00169938
3.8140e-02,-0.0171875,-0.00227938
3.8150e-02,-0.0126563,-0.0027125
3.8160e-02,-0.0259375,-0.00182531
3.8170e-02,-0.0284375,-0.00178531
3.8180e-02,-0.0209375,-0.00239
3.8190e-02,-0.0271875,-0.00220813
3.8200e-02,-0.0167188,-0.00202156
3.8210e-02,-0.0084375,-0.0018075
3.8220e-02,-0.0185937,-0.0016625
3.8230e-02,-0.031875,-0.00212969
3.8240e-02,-0.0278125,-0.00136906
3.8250e-02,-0.0229687,-0.00223594
3.8260e-02,-0.00828125,-0.00180844
3.8270e-02,-0.0284375,-0.00238281
3.8280e-02,-0.0173438,-0.00221375
3.8290e-02,-0.0125,-0.0017875
3.8300e-02,-0.0235938,-0.00184531
3.8310e-02,-0.0190625,-0.00210813
3.8320e-02,-0.0257812,-0.001855
3.8330e-02,-0.0245313,-0.00207406
3.8340e-02,-0.0234375,-0.00203031
3.8350e-02,-0.0203125,-0.00218063
3.8360e-02,-0.0253125,-0.0019425
3.8370e-02,-0.0167188,-0.00168656
3.8380e-02,-0.0117188,-0.00197688
3.8390e-02,-0.0245313,-0.00168
3.8400e-02,-0.0257812,-0.002215
3.8410e-02,-0.0275,-0.00222531
3.8420e-02,-0.02125,-0.00216563
3.8430e-02,-0.0309375,-0.00208656
3.8440e-02,-0.0240625,-0.00208313
3.8450e-02,-0.0198438,-0.00206531
3.8460e-02,-0.0323438,-0.00222375
3.8470e-02,-0.0321875,-0.00189375
3.8480e-02,-0.0234375,-0.00176313
3.8490e-02,-0.0228125,-0.00191625
3.8500e-02,-0.02,-0.00141531
3.8510e-02,-0.0360938,-0.00202844
3.8520e-02,-0.021875,-0.00219313
3.8530e-02,-0.0192187,-0.00213
3.8540e-02,-0.014375,-0.00228125
3.8550e-02,-0.0246875,-0.00193281
3.8560e-02,-0.0075,-0.00204469
3.8570e-02,-0.0159375,-0.00206313
3.8580e-02,-0.0365625,-0.00177344
3.8590e-02,-0.0170313,-0.00213375
3.8600e-02,-0.0146875,-0.00204969
3.8610e-02,-0.0173438,-0.00214125
3.8620e-02,-0.0292188,-0.00207656
3.8630e-02,-0.0110937,-0.00213219
3.8640e-02,-0.034375,-0.00236594
3.8650e-02,-0.0267187,-0.00225406
3.8660e-02,-0.0326562,-0.00206125
3.8670e-02,-0.02375,-0.00208438
3.8680e-02,-0.0232812,-0.00246125
3.8690e-02,-0.0345312,-0.00219938
3.8700e-02,-0.0214063,-0.00249469
3.8710e-02,-0.0354688,-0.00189875
3.8720e-02,-0.021875,-0.00184813
3.8730e-02,-0.0176563,-0.0019775
3.8740e-02,-0.02625,-0.00210438
3.8750e-02,-0.021875,-0.00206125
3.8760e-02,-0.0296875,-0.00222875
3.8770e-02,-0.0242188,-0.00199469
3.8780e-02,-0.0210938,-0.00228719
3.8790e-02,-0.0214063,-0.00199344
3.8800e-02,-0.025625,-0.00216969
3.8810e-02,-0.0234375,-0.00235031
3.8820e-02,-0.0160938,-0.00233969
3.8830e-02,-0.0353125,-0.00216687
3.8840e-02,-0.0215625,-0.00199406
3.8850e-02,-0.0290625,-0.00196906
3.8860e-02,-0.0271875,-0.00233469
3.8870e-02,-0.0279688,-0.00209313
3.8880e-02,-0.0210938,-0.00229844
3.8890e-02,-0.0159375,-0.00207813
3.8900e-02,-0.0295313,-0.00153063
3.8910e-02,-0.0335937,-0.00170406
3.8920e-02,-0.023125,-0.00137938
3.8930e-02,-0.029375,-0.00220188
3.8940e-02,-0.0225,-0.0017975
3.8950e-02,-0.0348437,-0.00227594
3.8960e-02,-0.0314062,-0.00216563
3.8970e-02,-0.0259375,-0.00158469
3.8980e-02,-0.0190625,-0.0019725
3.8990e-02,-0.0279688,-0.00218406
3.9000e-02,-0.0321875,-0.001815
3.9010e-02,-0.025,-0.00246375
3.9020e-02,-0.0178125,-0.00192875
3.9030e-02,-0.0248438,-0.00190344
3.9040e-02,-0.0329688,-0.00226313
3.9050e-02,-0.0170313,-0.00231875
3.9060e-02,-0.02125,-0.00201031
3.9070e-02,-0.0203125,-0.00191375
3.9080e-02,-0.0348437,-0.00244094
3.9090e-02,-0.04125,-0.00208813
3.9100e-02,-0.0239063,-0.00213281
3.9110e-02,-0.0129688,-0.00232219
3.9120e-02,-0.0246875,-0.00166031
3.9130e-02,-0.0253125,-0.00191219
3.9140e-02,-0.0351562,-0.00203688
3.9150e-02,-0.0290625,-0.00199938
3.9160e-02,-0.0276563,-0.00181375
3.9170e-02,-0.0304688,-0.00214656
3.9180e-02,-0.0246875,-0.00233625
3.9190e-02,-0.0221875,-0.00228688
3.9200e-02,-0.0325,-0.00206719
3.9210e-02,-0.0182812,-0.00238875
3.9220e-02,-0.0346875,-0.00210438
3.9230e-02,-0.0278125,-0.00181469
3.9240e-02,-0.0254688,-0.00200188
3.9250e-02,-0.0365625,-0.00200063
3.9260e-02,-0.0335937,-0.00221656
3.9270e-02,-0.0326562,-0.00198188
3.9280e-02,-0.02375,-0.00233469
3.9290e-02,-0.0378125,-0.00213344
3.9300e-02,-0.024375,-0.00256063
3.9310e-02,-0.0379688,-0.00219812
3.9320e-02,-0.0332812,-0.00220281
3.9330e-02,-0.028125,-0.002445
3.9340e-02,-0.0326562,-0.00217281
3.9350e-02,-0.0220313,-0.00194875
3.9360e-02,-0.01875,-0.00173469
3.9370e-02,-0.0159375,-0.00208313
3.9380e-02,-0.0259375,-0.00214188
3.9390e-02,-0.0304688,-0.00221875
3.9400e-02,-0.023125,-0.00212875
3.9410e-02,-0.041875,-0.00180156
3.9420e-02,-0.0298438,-0.00195094
3.9430e-02,-0.0225,-0.00245156
3.9440e-02,-0.0303125,-0.00191625
3.9450e-02,-0.0270312,-0.00166031
3.9460e-02,-0.0325,-0.00182406
3.9470e-02,-0.0215625,-0.00224781
3.9480e-02,-0.0325,-0.00165781
3.9490e-02,-0.0260937,-0.00179594
3.9500e-02,-0.034375,-0.00216
3.9510e-02,-0.0259375,-0.001895
3.9520e-02,-0.0117188,-0.0018975
3.9530e-02,-0.0371875,-0.00171188
3.9540e-02,-0.026875,-0.00238781
3.9550e-02,-0.0335937,-0.00205875
3.9560e-02,-0.0326562,-0.00248594
3.9570e-02,-0.0298438,-0.00205875
3.9580e-02,-0.0370313,-0.00183125
3.9590e-02,-0.03625,-0.00159438
3.9600e-02,-0.0295313,-0.00204719
3.9610e-02,-0.0323438,-0.00183188
3.9620e-02,-0.0326562,-0.00202563
3.9630e-02,-0.0278125,-0.002025
3.9640e-02,-0.0354688,-0.00207062
3.9650e-02,-0.0314062,-0.002125
3.9660e-02,-0.0378125,-0.00220594
3.9670e-02,-0.0376563,-0.00225656
3.9680e-02,-0.0310937,-0.00209938
3.9690e-02,-0.033125,-0.00229063
3.9700e-02,-0.043125,-0.00219812
3.9710e-02,-0.0401563,-0.00172688
3.9720e-02,-0.0332812,-0.00187344
3.9730e-02,-0.0289063,-0.00153344
3.9740e-02,-0.0228125,-0.00194188
3.9750e-02,-0.0254688,-0.00181813
3.9760e-02,-0.0301563,-0.00197531
3.9770e-02,-0.0384375,-0.00184156
3.9780e-02,-0.0403125,-0.00210469
3.9790e-02,-0.0292188,-0.00255938
3.9800e-02,-0.0289063,-0.00179906
3.9810e-02,-0.0321875,-0.00174969
3.9820e-02,-0.0421875,-0.00216125
3.9830e-02,-0.025625,-0.00205125
3.9840e-02,-0.0239063,-0.00169531
3.9850e-02,-0.0303125,-0.00183094
3.9860e-02,-0.026875,-0.00160344
3.9870e-02,-0.040625,-0.00178031
3.9880e-02,-0.0275,-0.00207563
3.9890e-02,-0.0342187,-0.00212344
3.9900e-02,-0.0354688,-0.00256313
3.9910e-02,-0.0209375,-0.00194344
3.9920e-02,-0.03,-0.00199531
3.9930e-02,-0.0351562,-0.00260719
3.9940e-02,-0.0201563,-0.00224906
3.9950e-02,-0.035,-0.00161969
3.9960e-02,-0.0359375,-0.00190719
3.9970e-02,-0.0270312,-0.00190813
3.9980e-02,-0.0284375,-0.00215562
3.9990e-02,-0.0446875,-0.00186781
4.0000e-02,-0.0325,-0.00221563
4.0010e-02,-0.0260937,-0.00171219
4.0020e-02,-0.0251563,-0.0012875
4.0030e-02,-0.030625,-0.00233156
4.0040e-02,-0.0326562,-0.0019975
4.0050e-02,-0.0389063,-0.00256938
4.0060e-02,-0.0310937,-0.0018725
4.0070e-02,-0.0460938,-0.00207844
4.0080e-02,-0.0446875,-0.00285
4.0090e-02,-0.0464062,-0.00233969
4.0100e-02,-0.034375,-0.00199844
4.0110e-02,-0.0234375,-0.00191063
4.0120e-02,-0.0415625,-0.00144656
4.0130e-02,-0.0282813,-0.00203156
4.0140e-02,-0.0440625,-0.00204625
4.0150e-02,-0.0317188,-0.00207219
4.0160e-02,-0.0251563,-0.00209656
4.0170e-02,-0.0376563,-0.00164969
4.0180e-02,-0.0303125,-0.00210844
4.0190e-02,-0.0360938,-0.00160031
4.0200e-02,-0.0448438,-0.00189844
4.0210e-02,-0.0270312,-0.00183969
4.0220e-02,-0.0290625,-0.00175844
4.0230e-02,-0.0328125,-0.00179469
4.0240e-02,-0.0345312,-0.00165281
4.0250e-02,-0.0284375,-0.00128188
4.0260e-02,-0.0364063,-0.00174813
4.0270e-02,-0.0242188,-0.00192938
4.0280e-02,-0.0314062,-0.00218594
4.0290e-02,-0.0378125,-0.00186375
4.0300e-02,-0.0317188,-0.00238719
4.0310e-02,-0.0403125,-0.00206906
4.0320e-02,-0.035625,-0.00201
4.0330e-02,-0.041875,-0.00191969
4.0340e-02,-0.0417187,-0.00181375
4.0350e-02,-0.0321875,-0.0020875
4.0360e-02,-0.0382813,-0.00190625
4.0370e-02,-0.0342187,-0.0017975
4.0380e-02,-0.0267187,-0.00181875
4.0390e-02,-0.03375,-0.00195938
4.0400e-02,-0.0346875,-0.00216938
4.0410e-02,-0.023125,-0.00217156
4.0420e-02,-0.0295313,-0.00174406
4.0430e-02,-0.0359375,-0.00243344
4.0440e-02,-0.0428125,-0.00223531
4.0450e-02,-0.033125,-0.00251656
4.0460e-02,-0.0207813,-0.00175531
4.0470e-02,-0.0378125,-0.00201938
4.0480e-02,-0.0204688,-0.00187344
4.0490e-02,-0.0292188,-0.00188938
4.0500e-02,-0.0301563,-0.00183
4.0510e-02,-0.0396875,-0.00168813
4.0520e-02,-0.0364063,-0.00215688
4.0530e-02,-0.0389063,-0.00216656
4.0540e-02,-0.02625,-0.00193344
4.0550e-02,-0.03375,-0.00230188
4.0560e-02,-0.0328125,-0.00258281
4.0570e-02,-0.03625,-0.00219031
4.0580e-02,-0.0329688,-0.00165781
4.0590e-02,-0.039375,-0.00223688
4.0600e-02,-0.02875,-0.00198594
4.0610e-02,-0.0375,-0.00211
4.0620e-02,-0.0395313,-0.00175938
4.0630e-02,-0.0264062,-0.00197938
4.0640e-02,-0.0303125,-0.00152969
4.0650e-02,-0.0359375,-0.00245
4.0660e-02,-0.038125,-0.00209875
4.0670e-02,-0.0292188,-0.00228875
4.0680e-02,-0.0348437,-0.00227844
4.0690e-02,-0.0340625,-0.0022275
4.0700e-02,-0.0376563,-0.00201844
4.0710e-02,-0.0273438,-0.00209813
4.0720e-02,-0.0390625,-0.00208719
4.0730e-02,-0.029375,-0.00255594
4.0740e-02,-0.0296875,-0.00223875
4.0750e-02,-0.0371875,-0.00232469
4.0760e-02,-0.0289063,-0.00262063
4.0770e-02,-0.0217188,-0.0022625
4.0780e-02,-0.0251563,-0.0023
4.0790e-02,-0.0425,-0.00270344
4.0800e-02,-0.0314062,-0.00207031
4.0810e-02,-0.0401563,-0.00180031
4.0820e-02,-0.0282813,-0.00177344
4.0830e-02,-0.0396875,-0.00198125
4.0840e-02,-0.0317188,-0.00166813
4.0850e-02,-0.0370313,-0.00216
4.0860e-02,-0.026875,-0.00176813
4.0870e-02,-0.0340625,-0.00155219
4.0880e-02,-0.0251563,-0.00180094
4.0890e-02,-0.02875,-0.00213563
4.0900e-02,-0.025,-0.00166813
4.0910e-02,-0.0367188,-0.00183594
4.0920e-02,-0.0332812,-0.00188
4.0930e-02,-0.0339062,-0.00233469
4.0940e-02,-0.0384375,-0.00237844
4.0950e-02,-0.0298438,-0.00231281
4.0960e-02,-0.0329688,-0.00198781
4.0970e-02,-0.0439063,-0.00174531
4.0980e-02,-0.0325,-0.00188094
4.0990e-02,-0.0390625,-0.00193063
4.1000e-02,-0.0359375,-0.00184844
4.1010e-02,-0.0415625,-0.00223344
4.1020e-02,-0.0346875,-0.00180281
4.1030e-02,-0.0382813,-0.00250406
4.1040e-02,-0.0373438,-0.00158563
4.1050e-02,-0.0417187,-0.00194031
4.1060e-02,-0.0353125,-0.00207156
4.1070e-02,-0.0345312,-0.00230063
4.1080e-02,-0.0367188,-0.00214125
4.1090e-02,-0.0425,-0.00178313
4.1100e-02,-0.0334375,-0.00192563
4.1110e-02,-0.0401563,-0.00258406
4.1120e-02,-0.0379688,-0.00138094
4.1130e-02,-0.0275,-0.00158438
4.1140e-02,-0.0298438,-0.00227406
4.1150e-02,-0.038125,-0.00156281
4.1160e-02,-0.04375,-0.00191406
4.1170e-02,-0.0285938,-0.0024725
4.1180e-02,-0.0328125,-0.00196875
4.1190e-02,-0.0345312,-0.00212156
4.1200e-02,-0.0317188,-0.00167469
4.1210e-02,-0.0382813,-0.00195375
4.1220e-02,-0.0389063,-0.00207188
4.1230e-02,-0.0314062,-0.0020125
4.1240e-02,-0.0439063,-0.00207938
4.1250e-02,-0.0440625,-0.00179125
4.1260e-02,-0.0340625,-0.00184344
4.1270e-02,-0.0285938,-0.00193625
4.1280e-02,-0.0321875,-0.00188688
4.1290e-02,-0.0410937,-0.00140813
4.1300e-02,-0.02375,-0.00222813
4.1310e-02,-0.0295313,-0.00136781
4.1320e-02,-0.0376563,-0.00213281
4.1330e-02,-0.0325,-0.0021375
4.1340e-02,-0.0204688,-0.00207125
4.1350e-02,-0.0304688,-0.00208906
4.1360e-02,-0.0435938,-0.00200656
4.1370e-02,-0.044375,-0.00241656
4.1380e-02,-0.0326562,-0.00188625
4.1390e-02,-0.04125,-0.00177094
4.1400e-02,-0.0395313,-0.00209344
4.1410e-02,-0.0296875,-0.0023025
4.1420e-02,-0.039375,-0.00201094
4.1430e-02,-0.0359375,-0.00194844
4.1440e-02,-0.0346875,-0.00224719
4.1450e-02,-0.0395313,-0.00173438
4.1460e-02,-0.0321875,-0.00199344
4.1470e-02,-0.0454688,-0.00173625
4.1480e-02,-0.0445313,-0.00242469
4.1490e-02,-0.0278125,-0.00202594
4.1500e-02,-0.0307813,-0.00262875
4.1510e-02,-0.04,-0.00199188
4.1520e-02,-0.0292188,-0.00238125
4.1530e-02,-0.0434375,-0.00165813
4.1540e-02,-0.0467188,-0.00216188
4.1550e-02,-0.0478125,-0.00208719
4.1560e-02,-0.0321875,-0.001655
4.1570e-02,-0.0290625,-0.00204594
4.1580e-02,-0.0351562,-0.00214313
4.1590e-02,-0.0442188,-0.00205563
4.1600e-02,-0.0378125,-0.00225406
4.1610e-02,-0.0376563,-0.00198063
4.1620e-02,-0.0425,-0.00228781
4.1630e-02,-0.026875,-0.00165594
4.1640e-02,-0.0414063,-0.00179344
4.1650e-02,-0.036875,-0.00197781
4.1660e-02,-0.0359375,-0.00170063
4.1670e-02,-0.0592188,-0.0019075
4.1680e-02,-0.0315625,-0.00213063
4.1690e-02,-0.0448438,-0.00196875
4.1700e-02,-0.0379688,-0.001885
4.1710e-02,-0.0385937,-0.00203156
4.1720e-02,-0.0509375,-0.00202406
4.1730e-02,-0.0479688,-0.00187156
4.1740e-02,-0.0329688,-0.00206906
4.1750e-02,-0.0315625,-0.00165594
4.1760e-02,-0.0403125,-0.00192281
4.1770e-02,-0.0389063,-0.00249813
4.1780e-02,-0.03375,-0.00234313
4.1790e-02,-0.0204688,-0.00236219
4.1800e-02,-0.03625,-0.00190031
4.1810e-02,-0.0364063,-0.0016725
4.1820e-02,-0.0373438,-0.00147875
4.1830e-02,-0.0395313,-0.00164438
4.1840e-02,-0.0303125,-0.00182469
4.1850e-02,-0.0340625,-0.00193875
4.1860e-02,-0.0471875,-0.00196688
4.1870e-02,-0.0448438,-0.00170781
4.1880e-02,-0.0373438,-0.00218406
4.1890e-02,-0.0245313,-0.00218969
4.1900e-02,-0.03,-0.00194938
4.1910e-02,-0.0257812,-0.00213063
4.1920e-02,-0.0410937,-0.00200469
4.1930e-02,-0.0365625,-0.00189031
4.1940e-02,-0.033125,-0.00195188
4.1950e-02,-0.0417187,-0.00195625
4.1960e-02,-0.04625,-0.00188719
4.1970e-02,-0.04125,-0.001835
4.1980e-02,-0.0415625,-0.00219812
4.1990e-02,-0.0407813,-0.00194219
4.2000e-02,-0.0335937,-0.00212563
4.2010e-02,-0.031875,-0.00204031
4.2020e-02,-0.0354688,-0.00223781
4.2030e-02,-0.0457813,-0.00190594
4.2040e-02,-0.0315625,-0.00209344
4.2050e-02,-0.0335937,-0.00204469
4.2060e-02,-0.0360938,-0.00187719
4.2070e-02,-0.0279688,-0.00189844
4.2080e-02,-0.0325,-0.00142781
4.2090e-02,-0.03625,-0.00166688
4.2100e-02,-0.0273438,-0.00225438
4.2110e-02,-0.0270312,-0.00154313
4.2120e-02,-0.0484375,-0.00203094
4.2130e-02,-0.0401563,-0.00190063
4.2140e-02,-0.043125,-0.00219
4.2150e-02,-0.0348437,-0.00209469
4.2160e-02,-0.0425,-0.00193063
4.2170e-02,-0.0303125,-0.00194
4.2180e-02,-0.0445313,-0.00208969
4.2190e-02,-0.0370313,-0.00186375
4.2200e-02,-0.0390625,-0.00137344
4.2210e-02,-0.0414063,-0.00189188
4.2220e-02,-0.0426562,-0.00190688
4.2230e-02,-0.04125,-0.00246531
4.2240e-02,-0.0429688,-0.00268906
4.2250e-02,-0.0410937,-0.00264469
4.2260e-02,-0.0342187,-0.0024525
4.2270e-02,-0.0371875,-0.00201313
4.2280e-02,-0.04625,-0.00217781
4.2290e-02,-0.0389063,-0.00147125
4.2300e-02,-0.0315625,-0.00212125
4.2310e-02,-0.0354688,-0.00237344
4.2320e-02,-0.0375,-0.00228063
4.2330e-02,-0.0403125,-0.00243906
4.2340e-02,-0.0434375,-0.00179563
4.2350e-02,-0.0407813,-0.00199438
4.2360e-02,-0.039375,-0.00185125
4.2370e-02,-0.0420312,-0.00186625
4.2380e-02,-0.028125,-0.00172063
4.2390e-02,-0.0357813,-0.00190469
4.2400e-02,-0.0357813,-0.00182313
4.2410e-02,-0.0279688,-0.00219344
4.2420e-02,-0.035,-0.00188375
4.2430e-02,-0.0440625,-0.00243531
4.2440e-02,-0.0389063,-0.00249594
4.2450e-02,-0.041875,-0.00206594
4.2460e-02,-0.0360938,-0.00213844
4.2470e-02,-0.0275,-0.00182
4.2480e-02,-0.036875,-0.00186344
4.2490e-02,-0.0410937,-0.00189625
4.2500e-02,-0.044375,-0.00253563
4.2510e-02,-0.036875,-0.00216281
4.2520e-02,-0.0370313,-0.00194969
4.2530e-02,-0.0278125,-0.00189094
4.2540e-02,-0.0425,-0.00227875
4.2550e-02,-0.0314062,-0.0019775
4.2560e-02,-0.0353125,-0.00149219
4.2570e-02,-0.0346875,-0.00166313
4.2580e-02,-0.03125,-0.00166156
4.2590e-02,-0.0401563,-0.00190031
4.2600e-02,-0.040625,-0.00148219
4.2610e-02,-0.034375,-0.00198594
4.2620e-02,-0.0429688,-0.00218313
4.2630e-02,-0.0434375,-0.00194656
4.2640e-02,-0.0310937,-0.00241625
4.2650e-02,-0.0314062,-0.002115
4.2660e-02,-0.043125,-0.00189469
4.2670e-02,-0.0385937,-0.00222938
4.2680e-02,-0.0551563,-0.00231188
4.2690e-02,-0.0440625,-0.00211938
4.2700e-02,-0.02625,-0.00242313
4.2710e-02,-0.0429688,-0.00147813
4.2720e-02,-0.0378125,-0.00191875
4.2730e-02,-0.0428125,-0.00169875
4.2740e-02,-0.04375,-0.00211813
4.2750e-02,-0.0365625,-0.00217
4.2760e-02,-0.0365625,-0.00213938
4.2770e-02,-0.0314062,-0.00199781
4.2780e-02,-0.0404687,-0.00227875
4.2790e-02,-0.0385937,-0.00251563
4.2800e-02,-0.033125,-0.00218969
4.2810e-02,-0.0432813,-0.00207625
4.2820e-02,-0.028125,-0.00168875
4.2830e-02,-0.03875,-0.00201719
4.2840e-02,-0.038125,-0.00175688
4.2850e-02,-0.0428125,-0.00181844
4.2860e-02,-0.04625,-0.00231844
4.2870e-02,-0.0448438,-0.00199313
4.2880e-02,-0.0451563,-0.00214125
4.2890e-02,-0.040625,-0.00230281
4.2900e-02,-0.0392187,-0.00197562
4.2910e-02,-0.0382813,-0.00218125
4.2920e-02,-0.0414063,-0.00234156
4.2930e-02,-0.0428125,-0.00173438
4.2940e-02,-0.0535937,-0.00162906
4.2950e-02,-0.045,-0.00171188
4.2960e-02,-0.0364063,-0.00187938
4.2970e-02,-0.0403125,-0.00166063
4.2980e-02,-0.0467188,-0.00187531
4.2990e-02,-0.0326562,-0.00208063
4.3000e-02,-0.0415625,-0.00187219
4.3010e-02,-0.0489062,-0.00176375
4.3020e-02,-0.0478125,-0.00166281
4.3030e-02,-0.0317188,-0.00215719
4.3040e-02,-0.0478125,-0.00206219
4.3050e-02,-0.0409375,-0.00199687
4.3060e-02,-0.0495312,-0.00229625
4.3070e-02,-0.0365625,-0.00178906
4.3080e-02,-0.0395313,-0.0019
4.3090e-02,-0.039375,-0.00213875
4.3100e-02,-0.0373438,-0.00164938
4.3110e-02,-0.0265625,-0.00169438
4.3120e-02,-0.0396875,-0.00200313
4.3130e-02,-0.0476562,-0.00185656
4.3140e-02,-0.038125,-0.00213188
4.3150e-02,-0.0346875,-0.00187
4.3160e-02,-0.0314062,-0.00238375
4.3170e-02,-0.0409375,-0.00192906
4.3180e-02,-0.04875,-0.00236469
4.3190e-02,-0.0301563,-0.00202
4.3200e-02,-0.0453125,-0.00169844
4.3210e-02,-0.0407813,-0.00190125
4.3220e-02,-0.03875,-0.00171094
4.3230e-02,-0.0426562,-0.00187313
4.3240e-02,-0.0334375,-0.00185125
4.3250e-02,-0.04375,-0.00201156
4.3260e-02,-0.0417187,-0.00192906
4.3270e-02,-0.041875,-0.00170156
4.3280e-02,-0.0348437,-0.001735
4.3290e-02,-0.0440625,-0.00165219
4.3300e-02,-0.0345312,-0.00214219
4.3310e-02,-0.0495312,-0.00187563
4.3320e-02,-0.0334375,-0.00187063
4.3330e-02,-0.0435938,-0.00252
4.3340e-02,-0.0415625,-0.00269375
4.3350e-02,-0.0464062,-0.00210094
4.3360e-02,-0.0390625,-0.00225594
4.3370e-02,-0.0365625,-0.00225031
4.3380e-02,-0.0551563,-0.00149563
4.3390e-02,-0.0470312,-0.00152688
4.3400e-02,-0.0353125,-0.00138031
4.3410e-02,-0.04625,-0.00160844
4.3420e-02,-0.0432813,-0.00234063
4.3430e-02,-0.0548437,-0.00192438
4.3440e-02,-0.0475,-0.00179719
4.3450e-02,-0.0403125,-0.00219094
4.3460e-02,-0.0390625,-0.00183625
4.3470e-02,-0.0409375,-0.00165656
4.3480e-02,-0.0354688,-0.00218656
4.3490e-02,-0.03,-0.00208469
4.3500e-02,-0.049375,-0.00200938
4.3510e-02,-0.048125,-0.00247813
4.3520e-02,-0.0457813,-0.00190375
4.3530e-02,-0.025625,-0.00227312
4.3540e-02,-0.0373438,-0.00210125
4.3550e-02,-0.0401563,-0.00213906
4.3560e-02,-0.0326562,-0.00217781
4.3570e-02,-0.0523437,-0.00180438
4.3580e-02,-0.0490625,-0.00196281
4.3590e-02,-0.0342187,-0.0017025
4.3600e-02,-0.0390625,-0.00190531
4.3610e-02,-0.0421875,-0.00198031
4.3620e-02,-0.036875,-0.00219125
4.3630e-02,-0.0378125,-0.00138844
4.3640e-02,-0.0432813,-0.00204281
4.3650e-02,-0.0439063,-0.00207844
4.3660e-02,-0.0367188,-0.00224594
4.3670e-02,-0.0371875,-0.00234344
4.3680e-02,-0.038125,-0.00214219
4.3690e-02,-0.0354688,-0.00182719
4.3700e-02,-0.0329688,-0.002625
4.3710e-02,-0.0453125,-0.00183781
4.3720e-02,-0.0367188,-0.00179844
4.3730e-02,-0.0267187,-0.00225531
4.3740e-02,-0.0320312,-0.00228031
4.3750e-02,-0.0501562,-0.002375
4.3760e-02,-0.0479688,-0.00225969
4.3770e-02,-0.0409375,-0.00218313
4.3780e-02,-0.051875,-0.00235438
4.3790e-02,-0.0321875,-0.001475
4.3800e-02,-0.049375,-0.00208563
4.3810e-02,-0.0457813,-0.00196313
4.3820e-02,-0.0321875,-0.00198031
4.3830e-02,-0.0407813,-0.00240594
4.3840e-02,-0.0470312,-0.00206344
4.3850e-02,-0.036875,-0.00192063
4.3860e-02,-0.0432813,-0.00163625
4.3870e-02,-0.0382813,-0.00169313
4.3880e-02,-0.045625,-0.00169875
4.3890e-02,-0.0404687,-0.00209375
4.3900e-02,-0.0482812,-0.00234844
4.3910e-02,-0.0373438,-0.00196406
4.3920e-02,-0.0334375,-0.00187844
4.3930e-02,-0.0365625,-0.0019875
4.3940e-02,-0.0428125,-0.00199219
4.3950e-02,-0.0470312,-0.0019875
4.3960e-02,-0.0465625,-0.00207313
4.3970e-02,-0.0479688,-0.00256531
4.3980e-02,-0.0473438,-0.00185344
4.3990e-02,-0.031875,-0.00213969
4.4000e-02,-0.0434375,-0.001895
4.4010e-02,-0.045,-0.00229969
4.4020e-02,-0.0425,-0.00194875
4.4030e-02,-0.0284375,-0.00213219
4.4040e-02,-0.0296875,-0.00187531
4.4050e-02,-0.0415625,-0.00223438
4.4060e-02,-0.0371875,-0.00223594
4.4070e-02,-0.0442188,-0.00177219
4.4080e-02,-0.0348437,-0.00176719
4.4090e-02,-0.034375,-0.0018575
4.4100e-02,-0.031875,-0.00184344
4.4110e-02,-0.04,-0.00203625
4.4120e-02,-0.0304688,-0.00208469
4.4130e-02,-0.0395313,-0.00200406
4.4140e-02,-0.0445313,-0.00229625
4.4150e-02,-0.0423437,-0.00190375
4.4160e-02,-0.0354688,-0.00143875
4.4170e-02,-0.0389063,-0.00210906
4.4180e-02,-0.0360938,-0.00186563
4.4190e-02,-0.0357813,-0.00181938
4.4200e-02,-0.0379688,-0.00123094
4.4210e-02,-0.0492188,-0.00196156
4.4220e-02,-0.030625,-0.0018075
4.4230e-02,-0.0520313,-0.00234906
4.4240e-02,-0.0357813,-0.00245656
4.4250e-02,-0.0476562,-0.00201844
4.4260e-02,-0.03625,-0.00176875
4.4270e-02,-0.0448438,-0.00202844
4.4280e-02,-0.0282813,-0.00251656
4.4290e-02,-0.026875,-0.00190688
4.4300e-02,-0.0375,-0.00186844
4.4310e-02,-0.0471875,-0.00205813
4.4320e-02,-0.0429688,-0.00177531
4.4330e-02,-0.0475,-0.00171469
4.4340e-02,-0.038125,-0.00195469
4.4350e-02,-0.040625,-0.00268906
4.4360e-02,-0.0457813,-0.00194125
4.4370e-02,-0.0398437,-0.00186344
4.4380e-02,-0.0267187,-0.00227344
4.4390e-02,-0.0325,-0.0017075
4.4400e-02,-0.039375,-0.00162
4.4410e-02,-0.0520313,-0.00204531
4.4420e-02,-0.0357813,-0.00202594
4.4430e-02,-0.051875,-0.00211156
4.4440e-02,-0.03875,-0.00202656
4.4450e-02,-0.0385937,-0.0019275
4.4460e-02,-0.0370313,-0.00208313
4.4470e-02,-0.0407813,-0.00219125
4.4480e-02,-0.327969,-0.00203844
4.4490e-02,-1.97078,-0.00085
4.4500e-02,-1.965,0.000424688
4.4510e-02,-1.14953,0.000494688
4.4520e-02,-0.655469,0.00101906
4.4530e-02,0.0246875,0.00121656
4.4540e-02,0.13875,0.000963125
4.4550e-02,0.118437,0.00111219
4.4560e-02,0.0823437,0.00108719
4.4570e-02,0.0845313,0.00111719
4.4580e-02,0.08625,0.0012025
4.4590e-02,0.0684375,0.00124031
4.4600e-02,0.0645312,0.00118094
4.4610e-02,0.0673437,0.00116781
4.4620e-02,0.0415625,0.00108219
4.4630e-02,0.0445312,0.00109656
4.4640e-02,0.0323438,0.00109219
4.4650e-02,0.050625,0.00114594
4.4660e-02,0.0460938,0.000941875
4.4670e-02,0.0285937,0.00118344
4.4680e-02,0.0496875,0.00106719
4.4690e-02,0.038125,0.00102094
4.4700e-02,0.03625,0.00109813
4.4710e-02,0.0207812,0.000912188
4.4720e-02,0.00609375,0.00111531
4.4730e-02,0.0245313,0.00130875
4.4740e-02,0.01875,0.00128281
4.4750e-02,0.0179688,-0.000677188
4.4760e-02,0.0215625,-0.00126969
4.4770e-02,0.0325,-0.00181813
4.4780e-02,0.02375,-0.00208469
4.4790e-02,0.0204687,-0.00229594
4.4800e-02,0.015625,-0.00169031
4.4810e-02,0.00953125,-0.00199813
4.4820e-02,0.00578125,-0.00224344
4.4830e-02,0.0084375,-0.00224719
4.4840e-02,0.0128125,-0.00281188
4.4850e-02,-0.0003125,-0.00232031
4.4860e-02,0.0153125,-0.00218719
4.4870e-02,0.006875,-0.00204813
4.4880e-02,0.00859375,-0.00228406
4.4890e-02,0.008125,-0.00209719
4.4900e-02,0.00078125,-0.00249469
4.4910e-02,0.0101562,-0.00233844
4.4920e-02,0.0221875,-0.00230531
4.4930e-02,0.0225,-0.00213156
4.4940e-02,-0.00109375,-0.00178188
4.4950e-02,-0.00125,-0.00224563
4.4960e-02,0.00640625,-0.00210188
4.4970e-02,0.0084375,-0.001705
4.4980e-02,-0.00421875,-0.00182844
4.4990e-02,0.006875,-0.00245438
4.5000e-02,-0.0084375,-0.00217469
4.5010e-02,-0.006875,-0.00223
4.5020e-02,-0.00265625,-0.00255125
4.5030e-02,-0.0090625,-0.00208031
4.5040e-02,-0.0090625,-0.00177875
4.5050e-02,0.006875,-0.00224125
4.5060e-02,-0.0021875,-0.00238844
4.5070e-02,-0.00046875,-0.00220156
4.5080e-02,0.0104687,-0.00201688
4.5090e-02,-0.00125,-0.00232156
4.5100e-02,-0.0065625,-0.00221344
4.5110e-02,0.00953125,-0.00202531
4.5120e-02,-0.010625,-0.00216906
4.5130e-02,-0.00328125,-0.00151906
4.5140e-02,-0.0107813,-0.00197688
4.5150e-02,-0.0115625,-0.00214031
4.5160e-02,0.00234375,-0.00197625
4.5170e-02,-0.00859375,-0.00237156
4.5180e-02,-0.0096875,-0.00190688
4.5190e-02,-0.00828125,-0.00195344
4.5200e-02,-0.00921875,-0.00191906
4.5210e-02,-0.00625,-0.00243938
4.5220e-02,-0.00828125,-0.00187469
4.5230e-02,-0.00390625,-0.00195688
4.5240e-02,-0.0123438,-0.00186531
4.5250e-02,-0.00890625,-0.00237219
4.5260e-02,-0.0115625,-0.00205844
4.5270e-02,-0.008125,-0.00217906
4.5280e-02,-0.005625,-0.00194188
4.5290e-02,0.0015625,-0.00181125
4.5300e-02,-0.0121875,-0.00206875
4.5310e-02,-0.0059375,-0.00166094
4.5320e-02,-0.00796875,-0.00167625
4.5330e-02,-0.0034375,-0.00233313
4.5340e-02,0.00375,-0.00243063
4.5350e-02,-0.018125,-0.00208469
4.5360e-02,-0.005,-0.00213656
4.5370e-02,-0.0065625,-0.00189906
4.5380e-02,-0.01125,-0.00207844
4.5390e-02,-0.003125,-0.00223062
4.5400e-02,-0.0021875,-0.00218812
4.5410e-02,0.00140625,-0.00220875
4.5420e-02,-0.00109375,-0.0019225
4.5430e-02,-0.0015625,-0.00230406
4.5440e-02,-0.0103125,-0.00205063
4.5450e-02,-0.0125,-0.00210906
4.5460e-02,-0.0101563,-0.00221813
4.5470e-02,-0.019375,-0.00220688
4.5480e-02,-0.01625,-0.00191781
4.5490e-02,-0.01375,-0.00197063
4.5500e-02,-0.02625,-0.00226719
4.5510e-02,-0.0046875,-0.00170188
4.5520e-02,-0.0310937,-0.00204344
4.5530e-02,-0.01875,-0.00251906
4.5540e-02,-0.0154687,-0.002125
4.5550e-02,-0.0189062,-0.00195531
4.5560e-02,-0.0139063,-0.00238563
4.5570e-02,-0.00796875,-0.00214562
4.5580e-02,-0.0123438,-0.00240313
4.5590e-02,-0.0201563,-0.00222344
4.5600e-02,-0.01,-0.00205688
4.5610e-02,-0.015,-0.00207625
4.5620e-02,-0.0195312,-0.002315
4.5630e-02,-0.006875,-0.00246531
4.5640e-02,-0.01125,-0.00257281
4.5650e-02,-0.00953125,-0.00217031
4.5660e-02,-0.0101563,-0.00214719
4.5670e-02,-0.0059375,-0.00277781
4.5680e-02,-0.00375,-0.00238094
4.5690e-02,-0.0120313,-0.00193219
4.5700e-02,-0.0151562,-0.00228094
4.5710e-02,-0.0173438,-0.00201188
4.5720e-02,-0.0134375,-0.00212469
4.5730e-02,-0.014375,-0.00221937
4.5740e-02,-0.009375,-0.00200469
4.5750e-02,-0.0148437,-0.00231969
4.5760e-02,-0.00890625,-0.00205375
4.5770e-02,-0.0135937,-0.0019575
4.5780e-02,-0.02,-0.00207906
4.5790e-02,-0.0185937,-0.002065
4.5800e-02,-0.015,-0.00164156
4.5810e-02,-0.0240625,-0.00213375
4.5820e-02,-0.023125,-0.00189313
4.5830e-02,-0.00359375,-0.001945
4.5840e-02,-0.0140625,-0.0017675
4.5850e-02,-0.0121875,-0.00192656
4.5860e-02,-0.018125,-0.00185969
4.5870e-02,-0.00875,-0.00204719
4.5880e-02,-0.015625,-0.00190406
4.5890e-02,-0.0153125,-0.00204
4.5900e-02,-0.0190625,-0.00260281
4.5910e-02,-0.01875,-0.00217719
4.5920e-02,-0.0171875,-0.00185375
4.5930e-02,-0.0207813,-0.00201156
4.5940e-02,-0.009375,-0.00221094
4.5950e-02,-0.01375,-0.00196719
4.5960e-02,-0.019375,-0.00214875
4.5970e-02,-0.0160938,-0.00182844
4.5980e-02,-0.0223437,-0.0022775
4.5990e-02,-0.0248438,-0.00213125
4.6000e-02,-0.0176563,-0.00207594
4.6010e-02,-0.0201563,-0.0021625
4.6020e-02,-0.01625,-0.00215
4.6030e-02,-0.0065625,-0.00206719
4.6040e-02,-0.0103125,-0.00185094
4.6050e-02,-0.0185937,-0.00179563
4.6060e-02,-0.01875,-0.00242406
4.6070e-02,-0.0139063,-0.00259563
4.6080e-02,-0.0246875,-0.00188125
4.6090e-02,-0.00859375,-0.0018875
4.6100e-02,-0.0270312,-0.00199938
4.6110e-02,-0.0257812,-0.00170406
4.6120e-02,-0.0154687,-0.00140094
4.6130e-02,-0.0273438,-0.00191719
4.6140e-02,-0.0123438,-0.0017775
4.6150e-02,-0.0171875,-0.00205438
4.6160e-02,-0.0134375,-0.00185031
4.6170e-02,-0.0234375,-0.00166469
4.6180e-02,-0.0221875,-0.00197344
4.6190e-02,-0.0160938,-0.00171219
4.6200e-02,-0.0271875,-0.00213469
4.6210e-02,-0.0217188,-0.00159094
4.6220e-02,-0.0176563,-0.002175
4.6230e-02,-0.0171875,-0.00217938
4.6240e-02,-0.0154687,-0.00147063
4.6250e-02,-0.0217188,-0.00225219
4.6260e-02,-0.0257812,-0.00210813
4.6270e-02,-0.0357813,-0.00211344
4.6280e-02,-0.030625,-0.00209625
4.6290e-02,-0.0246875,-0.00190906
4.6300e-02,-0.03125,-0.00244094
4.6310e-02,-0.0134375,-0.00217625
4.6320e-02,-0.0265625,-0.00249688
4.6330e-02,-0.0246875,-0.0018375
4.6340e-02,-0.028125,-0.00179844
4.6350e-02,-0.0203125,-0.00216031
4.6360e-02,-0.0345312,-0.002395
4.6370e-02,-0.0260937,-0.00207375
4.6380e-02,-0.0175,-0.00167688
4.6390e-02,-0.0279688,-0.00212781
4.6400e-02,-0.021875,-0.00162156
4.6410e-02,-0.0221875,-0.00199219
4.6420e-02,-0.0235938,-0.00131844
4.6430e-02,-0.0285938,-0.00172906
4.6440e-02,-0.021875,-0.00227188
4.6450e-02,-0.028125,-0.00123031
4.6460e-02,-0.0167188,-0.00169656
4.6470e-02,-0.0226562,-0.00146906
4.6480e-02,-0.02375,-0.00211031
4.6490e-02,-0.021875,-0.0018375
4.6500e-02,-0.0192187,-0.00163375
4.6510e-02,-0.0315625,-0.0017025
4.6520e-02,-0.034375,-0.00171938
4.6530e-02,-0.0270312,-0.00209844
4.6540e-02,-0.0242188,-0.00219563
4.6550e-02,-0.0242188,-0.00206031
4.6560e-02,-0.0320312,-0.00212063
4.6570e-02,-0.019375,-0.001825
4.6580e-02,-0.0221875,-0.00228125
4.6590e-02,-0.0326562,-0.00218812
4.6600e-02,-0.0292188,-0.00217781
4.6610e-02,-0.0239063,-0.00190438
4.6620e-02,-0.0248438,-0.00141625
4.6630e-02,-0.0314062,-0.00208406
4.6640e-02,-0.0254688,-0.00191031
4.6650e-02,-0.0298438,-0.00185688
4.6660e-02,-0.0365625,-0.00254688
4.6670e-02,-0.0275,-0.00217281
4.6680e-02,-0.0307813,-0.0018225
4.6690e-02,-0.0217188,-0.0020725
4.6700e-02,-0.0323438,-0.00202625
4.6710e-02,-0.0240625,-0.00215875
4.6720e-02,-0.00828125,-0.00193063
4.6730e-02,-0.0348437,-0.00221281
4.6740e-02,-0.0159375,-0.00213313
4.6750e-02,-0.0132813,-0.00208844
4.6760e-02,-0.0289063,-0.00175031
4.6770e-02,-0.0310937,-0.00142813
4.6780e-02,-0.0190625,-0.00178125
4.6790e-02,-0.0225,-0.00190125
4.6800e-02,-0.019375,-0.00146813
4.6810e-02,-0.03625,-0.00147219
4.6820e-02,-0.0289063,-0.00218313
4.6830e-02,-0.0145312,-0.00182875
4.6840e-02,-0.0204688,-0.00183125
4.6850e-02,-0.020625,-0.00186281
4.6860e-02,-0.01875,-0.00215188
4.6870e-02,-0.0298438,-0.00201469
4.6880e-02,-0.0346875,-0.00210656
4.6890e-02,-0.0185937,-0.00213844
4.6900e-02,-0.0276563,-0.00224813
4.6910e-02,-0.02125,-0.00218719
4.6920e-02,-0.0123438,-0.00179563
4.6930e-02,-0.0257812,-0.00197656
4.6940e-02,-0.02125,-0.00219688
4.6950e-02,-0.0448438,-0.00262688
4.6960e-02,-0.0282813,-0.00237469
4.6970e-02,-0.0290625,-0.00237188
4.6980e-02,-0.0164063,-0.00209438
4.6990e-02,-0.0303125,-0.0023425
4.7000e-02,-0.0245313,-0.00248594
4.7010e-02,-0.0226562,-0.00240625
4.7020e-02,-0.0228125,-0.00228875
4.7030e-02,-0.0257812,-0.00177531
4.7040e-02,-0.0279688,-0.00140594
4.7050e-02,-0.0251563,-0.00170094
4.7060e-02,-0.0303125,-0.00184594
4.7070e-02,-0.0265625,-0.002015
4.7080e-02,-0.025,-0.00181563
4.7090e-02,-0.0235938,-0.00147844
4.7100e-02,-0.035625,-0.00260531
4.7110e-02,-0.0171875,-0.00199156
4.7120e-02,-0.0314062,-0.00218031
4.7130e-02,-0.0326562,-0.0016075
4.7140e-02,-0.0292188,-0.00188938
4.7150e-02,-0.0335937,-0.0020825
4.7160e-02,-0.0225,-0.00176625
4.7170e-02,-0.0259375,-0.00159938
4.7180e-02,-0.0310937,-0.00171625
4.7190e-02,-0.0378125,-0.00219844
4.7200e-02,-0.0335937,-0.00150813
4.7210e-02,-0.0396875,-0.00235188
4.7220e-02,-0.024375,-0.00228375
4.7230e-02,-0.0304688,-0.00195531
4.7240e-02,-0.0271875,-0.00197969
4.7250e-02,-0.0217188,-0.00204688
4.7260e-02,-0.0320312,-0.00160125
4.7270e-02,-0.0376563,-0.00175656
4.7280e-02,-0.034375,-0.00185844
4.7290e-02,-0.039375,-0.0018475
4.7300e-02,-0.0348437,-0.00134594
4.7310e-02,-0.0289063,-0.00242656
4.7320e-02,-0.0207813,-0.00220656
4.7330e-02,-0.0310937,-0.00220656
4.7340e-02,-0.0321875,-0.00216906
4.7350e-02,-0.0307813,-0.00196281
4.7360e-02,-0.0253125,-0.00230437
4.7370e-02,-0.0367188,-0.00226719
4.7380e-02,-0.0270312,-0.00219656
4.7390e-02,-0.0232812,-0.00202594
4.7400e-02,-0.0246875,-0.00186969
4.7410e-02,-0.0204688,-0.00122406
4.7420e-02,-0.0210938,-0.00173031
4.7430e-02,-0.0215625,-0.00155031
4.7440e-02,-0.0359375,-0.00181094
4.7450e-02,-0.0384375,-0.00209063
4.7460e-02,-0.0182812,-0.00215844
4.7470e-02,-0.0315625,-0.00214562
4.7480e-02,-0.0339062,-0.00241125
4.7490e-02,-0.0385937,-0.0021225
4.7500e-02,-0.0251563,-0.00242063
4.7510e-02,-0.0251563,-0.00191156
4.7520e-02,-0.0217188,-0.001845
4.7530e-02,-0.0209375,-0.00171344
4.7540e-02,-0.0403125,-0.00212969
4.7550e-02,-0.0290625,-0.00147563
4.7560e-02,-0.0309375,-0.002
4.7570e-02,-0.0264062,-0.00225438
4.7580e-02,-0.0254688,-0.00243531
4.7590e-02,-0.0239063,-0.00209344
4.7600e-02,-0.0376563,-0.00241469
4.7610e-02,-0.0279688,-0.00216313
4.7620e-02,-0.0196875,-0.00157781
4.7630e-02,-0.0239063,-0.00211594
4.7640e-02,-0.0301563,-0.00196188
4.7650e-02,-0.023125,-0.00215156
4.7660e-02,-0.02875,-0.00182
4.7670e-02,-0.0365625,-0.00155031
4.7680e-02,-0.0317188,-0.00201563
4.7690e-02,-0.0232812,-0.00193813
4.7700e-02,-0.0253125,-0.00203094
4.7710e-02,-0.016875,-0.00268688
4.7720e-02,-0.03375,-0.00170594
4.7730e-02,-0.0395313,-0.00214438
4.7740e-02,-0.0298438,-0.00172438
4.7750e-02,-0.0309375,-0.00239344
4.7760e-02,-0.0325,-0.00210125
4.7770e-02,-0.029375,-0.00178219
4.7780e-02,-0.0371875,-0.00197031
4.7790e-02,-0.0254688,-0.001715
4.7800e-02,-0.0314062,-0.00178719
4.7810e-02,-0.028125,-0.002265
4.7820e-02,-0.0320312,-0.00192875
4.7830e-02,-0.0257812,-0.00224719
4.7840e-02,-0.0382813,-0.002375
4.7850e-02,-0.04625,-0.00191281
4.7860e-02,-0.021875,-0.00152875
4.7870e-02,-0.02125,-0.00217906
4.7880e-02,-0.03375,-0.00178063
4.7890e-02,-0.0339062,-0.00155219
4.7900e-02,-0.0298438,-0.00190156
4.7910e-02,-0.0326562,-0.00210469
4.7920e-02,-0.0376563,-0.0016275
4.7930e-02,-0.0375,-0.00194063
4.7940e-02,-0.0246875,-0.00228188
4.7950e-02,-0.02875,-0.0015575
4.7960e-02,-0.0385937,-0.00157063
4.7970e-02,-0.025625,-0.002305
4.7980e-02,-0.0328125,-0.00198188
4.7990e-02,-0.0475,-0.00216594
4.8000e-02,-0.0345312,-0.00188906
4.8010e-02,-0.0348437,-0.00212875
4.8020e-02,-0.0345312,-0.00129656
4.8030e-02,-0.0415625,-0.00206031
4.8040e-02,-0.0359375,-0.00175281
4.8050e-02,-0.0214063,-0.00200875
4.8060e-02,-0.0296875,-0.00234625
4.8070e-02,-0.0301563,-0.00181125
4.8080e-02,-0.0342187,-0.00185875
4.8090e-02,-0.040625,-0.00231438
4.8100e-02,-0.0270312,-0.00268625
4.8110e-02,-0.0321875,-0.00195844
4.8120e-02,-0.0189062,-0.00195188
4.8130e-02,-0.0392187,-0.00171125
4.8140e-02,-0.028125,-0.00218469
4.8150e-02,-0.0328125,-0.0018125
4.8160e-02,-0.036875,-0.00141219
4.8170e-02,-0.039375,-0.00161469
4.8180e-02,-0.0289063,-0.00197844
4.8190e-02,-0.0240625,-0.00181031
4.8200e-02,-0.0239063,-0.00256719
4.8210e-02,-0.0317188,-0.00201906
4.8220e-02,-0.0275,-0.00217094
4.8230e-02,-0.024375,-0.00239
4.8240e-02,-0.03,-0.0020325
4.8250e-02,-0.0304688,-0.00180656
4.8260e-02,-0.0265625,-0.00189531
4.8270e-02,-0.0225,-0.0014975
4.8280e-02,-0.0303125,-0.001725
4.8290e-02,-0.0232812,-0.00177719
4.8300e-02,-0.0276563,-0.00232875
4.8310e-02,-0.020625,-0.00188469
4.8320e-02,-0.0375,-0.00216875
4.8330e-02,-0.0307813,-0.00177
4.8340e-02,-0.0267187,-0.00275656
4.8350e-02,-0.0348437,-0.00178406
4.8360e-02,-0.0445313,-0.00150969
4.8370e-02,-0.029375,-0.00187188
4.8380e-02,-0.0345312,-0.00177938
4.8390e-02,-0.033125,-0.0014475
4.8400e-02,-0.043125,-0.00196219
4.8410e-02,-0.04,-0.00220688
4.8420e-02,-0.0321875,-0.00211
4.8430e-02,-0.0315625,-0.002005
4.8440e-02,-0.030625,-0.00196875
4.8450e-02,-0.0496875,-0.00187406
4.8460e-02,-0.040625,-0.00196
4.8470e-02,-0.030625,-0.001965
4.8480e-02,-0.046875,-0.00181781
4.8490e-02,-0.0284375,-0.00234813
4.8500e-02,-0.03625,-0.0014925
4.8510e-02,-0.0314062,-0.001995
4.8520e-02,-0.0375,-0.00191625
4.8530e-02,-0.0325,-0.00147625
4.8540e-02,-0.0273438,-0.00187094
4.8550e-02,-0.0351562,-0.00188156
4.8560e-02,-0.0360938,-0.00253094
4.8570e-02,-0.0367188,-0.00160125
4.8580e-02,-0.0335937,-0.00167531
4.8590e-02,-0.0323438,-0.00169
4.8600e-02,-0.0215625,-0.00251281
4.8610e-02,-0.0429688,-0.00228813
4.8620e-02,-0.0345312,-0.0022575
4.8630e-02,-0.0320312,-0.00207031
4.8640e-02,-0.043125,-0.00215188
4.8650e-02,-0.0348437,-0.00200313
4.8660e-02,-0.0370313,-0.00201594
4.8670e-02,-0.039375,-0.00226469
4.8680e-02,-0.0295313,-0.00217687
4.8690e-02,-0.04,-0.00176031
4.8700e-02,-0.0501562,-0.00218969
4.8710e-02,-0.0371875,-0.00194563
4.8720e-02,-0.0326562,-0.002245
4.8730e-02,-0.0285938,-0.00200875
4.8740e-02,-0.02625,-0.00225938
4.8750e-02,-0.0384375,-0.001615
4.8760e-02,-0.0379688,-0.0016625
4.8770e-02,-0.0492188,-0.00210156
4.8780e-02,-0.0354688,-0.00231594
4.8790e-02,-0.041875,-0.00209938
4.8800e-02,-0.0445313,-0.00191188
4.8810e-02,-0.0482812,-0.00201344
4.8820e-02,-0.0295313,-0.0017825
4.8830e-02,-0.0329688,-0.00187531
4.8840e-02,-0.025,-0.00190219
4.8850e-02,-0.0421875,-0.00170063
4.8860e-02,-0.0254688,-0.00209
4.8870e-02,-0.0298438,-0.00201625
4.8880e-02,-0.036875,-0.00175813
4.8890e-02,-0.0375,-0.0018725
4.8900e-02,-0.0360938,-0.00166531
4.8910e-02,-0.0367188,-0.00175
4.8920e-02,-0.0335937,-0.00213844
4.8930e-02,-0.0295313,-0.00156906
4.8940e-02,-0.0378125,-0.00202594
4.8950e-02,-0.0370313,-0.00176313
4.8960e-02,-0.0385937,-0.00227813
4.8970e-02,-0.0378125,-0.00183719
4.8980e-02,-0.03625,-0.00202344
4.8990e-02,-0.04125,-0.00176688
4.9000e-02,-0.035625,-0.00211688
4.9010e-02,-0.0359375,-0.00222156
4.9020e-02,-0.0295313,-0.00183781
4.9030e-02,-0.0348437,-0.002025
4.9040e-02,-0.0320312,-0.00226625
4.9050e-02,-0.038125,-0.00205281
4.9060e-02,-0.038125,-0.00209219
4.9070e-02,-0.0310937,-0.00154531
4.9080e-02,-0.0375,-0.00169844
4.9090e-02,-0.0298438,-0.00215719
4.9100e-02,-0.0409375,-0.00220063
4.9110e-02,-0.0292188,-0.00191125
4.9120e-02,-0.0410937,-0.00170219
4.9130e-02,-0.0359375,-0.00198063
4.9140e-02,-0.0357813,-0.00196625
4.9150e-02,-0.0339062,-0.00234719
4.9160e-02,-0.02,-0.00222844
4.9170e-02,-0.0345312,-0.00201625
4.9180e-02,-0.0207813,-0.00259406
4.9190e-02,-0.035,-0.00230781
4.9200e-02,-0.0389063,-0.00230594
4.9210e-02,-0.0376563,-0.00202031
4.9220e-02,-0.033125,-0.00200656
4.9230e-02,-0.0370313,-0.00190563
4.9240e-02,-0.0364063,-0.00197688
4.9250e-02,-0.0396875,-0.00238906
4.9260e-02,-0.0415625,-0.00194031
4.9270e-02,-0.0295313,-0.00219313
4.9280e-02,-0.026875,-0.00196656
4.9290e-02,-0.0326562,-0.0020125
4.9300e-02,-0.040625,-0.002025
4.9310e-02,-0.0389063,-0.00197344
4.9320e-02,-0.0460938,-0.00192531
4.9330e-02,-0.0426562,-0.00202781
4.9340e-02,-0.035,-0.00205531
4.9350e-02,-0.0428125,-0.00210719
4.9360e-02,-0.0367188,-0.00208406
4.9370e-02,-0.0490625,-0.00223844
4.9380e-02,-0.0375,-0.00166406
4.9390e-02,-0.0521875,-0.00182063
4.9400e-02,-0.0304688,-0.00138938
4.9410e-02,-0.0325,-0.00172188
4.9420e-02,-0.0279688,-0.00210906
4.9430e-02,-0.0201563,-0.00267813
4.9440e-02,-0.0385937,-0.00217031
4.9450e-02,-0.0425,-0.00244719
4.9460e-02,-0.0253125,-0.002695
4.9470e-02,-0.0425,-0.00207469
4.9480e-02,-0.0390625,-0.00193188
4.9490e-02,-0.045625,-0.00179344
4.9500e-02,-0.03375,-0.00198156
4.9510e-02,-0.0423437,-0.00158656
4.9520e-02,-0.0382813,-0.00166781
4.9530e-02,-0.0298438,-0.0019375
4.9540e-02,-0.0417187,-0.001865
4.9550e-02,-0.0429688,-0.00168656
4.9560e-02,-0.0390625,-0.00242
4.9570e-02,-0.0325,-0.00220594
4.9580e-02,-0.03,-0.00220969
4.9590e-02,-0.0334375,-0.00212531
4.9600e-02,-0.0278125,-0.00226656
4.9610e-02,-0.0470312,-0.00209781
4.9620e-02,-0.0375,-0.00190719
4.9630e-02,-0.0382813,-0.00150688
4.9640e-02,-0.02875,-0.00214
4.9650e-02,-0.0448438,-0.00173625
4.9660e-02,-0.0423437,-0.00157594
4.9670e-02,-0.03125,-0.00206656
4.9680e-02,-0.0357813,-0.00163969
4.9690e-02,-0.0335937,-0.00230219
4.9700e-02,-0.0445313,-0.00236719
4.9710e-02,-0.0465625,-0.00223969
4.9720e-02,-0.03,-0.00232438
4.9730e-02,-0.03625,-0.00194219
4.9740e-02,-0.0321875,-0.00173781
4.9750e-02,-0.0375,-0.00185813
4.9760e-02,-0.0392187,-0.00159344
4.9770e-02,-0.0351562,-0.00171563
4.9780e-02,-0.0467188,-0.00192375
4.9790e-02,-0.03625,-0.00189875
4.9800e-02,-0.0389063,-0.00151219
4.9810e-02,-0.0317188,-0.00202781
4.9820e-02,-0.04,-0.00198719
4.9830e-02,-0.0346875,-0.00185875
4.9840e-02,-0.0279688,-0.00210031
4.9850e-02,-0.0371875,-0.00204906
4.9860e-02,-0.0348437,-0.00242438
4.9870e-02,-0.0448438,-0.00213406
4.9880e-02,-0.0445313,-0.00216188
4.9890e-02,-0.0465625,-0.00193469
4.9900e-02,-0.0426562,-0.00229688
4.9910e-02,-0.0298438,-0.00211531
4.9920e-02,-0.02875,-0.00192281
4.9930e-02,-0.03625,-0.00209531
4.9940e-02,-0.0373438,-0.00208625
4.9950e-02,-0.0404687,-0.00177781
4.9960e-02,-0.0420312,-0.00203406
4.9970e-02,-0.0396875,-0.00257563
4.9980e-02,-0.0307813,-0.00179
4.9990e-02,-0.0395313,-0.00205031
5.0000e-02,-0.02875,-0.00231125
5.0010e-02,-0.0328125,-0.00228594
5.0020e-02,-0.0348437,-0.00210875
5.0030e-02,-0.039375,-0.00232625
5.0040e-02,-0.0267187,-0.00239313
5.0050e-02,-0.04125,-0.00201938
5.0060e-02,-0.0348437,-0.00235938
5.0070e-02,-0.0289063,-0.00213531
5.0080e-02,-0.0351562,-0.00227438
5.0090e-02,-0.0376563,-0.00197125
5.0100e-02,-0.0442188,-0.00143656
5.0110e-02,-0.0420312,-0.00191063
5.0120e-02,-0.0420312,-0.0020425
5.0130e-02,-0.02875,-0.00198031
5.0140e-02,-0.0301563,-0.00238313
5.0150e-02,-0.0309375,-0.00210719
5.0160e-02,-0.0342187,-0.00194031
5.0170e-02,-0.0346875,-0.00189563
5.0180e-02,-0.033125,-0.00190219
5.0190e-02,-0.0448438,-0.00200063
5.0200e-02,-0.0348437,-0.00199594
5.0210e-02,-0.0342187,-0.00194281
5.0220e-02,-0.0492188,-0.00218469
5.0230e-02,-0.0410937,-0.00169906
5.0240e-02,-0.0426562,-0.00184344
5.0250e-02,-0.0375,-0.00209063
5.0260e-02,-0.043125,-0.00149844
5.0270e-02,-0.034375,-0.00165469
5.0280e-02,-0.0373438,-0.00162219
5.0290e-02,-0.0446875,-0.00191625
5.0300e-02,-0.0423437,-0.00182406
5.0310e-02,-0.0385937,-0.00219688
5.0320e-02,-0.0295313,-0.0020025
5.0330e-02,-0.0429688,-0.00213813
5.0340e-02,-0.0375,-0.0022525
5.0350e-02,-0.0379688,-0.00225313
5.0360e-02,-0.0359375,-0.00197219
5.0370e-02,-0.038125,-0.00198531
5.0380e-02,-0.0259375,-0.00225031
5.0390e-02,-0.0382813,-0.00195844
5.0400e-02,-0.0315625,-0.00212531
5.0410e-02,-0.0496875,-0.00170781
5.0420e-02,-0.035625,-0.00218625
5.0430e-02,-0.039375,-0.00243156
5.0440e-02,-0.0414063,-0.00243313
5.0450e-02,-0.0296875,-0.00217156
5.0460e-02,-0.035,-0.00229188
5.0470e-02,-0.0359375,-0.00246156
5.0480e-02,-0.0340625,-0.00172781
5.0490e-02,-0.0465625,-0.00228063
5.0500e-02,-0.0428125,-0.00190438
5.0510e-02,-0.0370313,-0.0020025
5.0520e-02,-0.040625,-0.00197906
5.0530e-02,-0.0339062,-0.00182781
5.0540e-02,-0.0339062,-0.00190719
5.0550e-02,-0.0375,-0.00206719
5.0560e-02,-0.0370313,-0.0017475
5.0570e-02,-0.034375,-0.00217344
5.0580e-02,-0.0425,-0.00188438
5.0590e-02,-0.0378125,-0.00220313
5.0600e-02,-0.0428125,-0.00250469
5.0610e-02,-0.0404687,-0.00199313
5.0620e-02,-0.0439063,-0.002095
5.0630e-02,-0.0284375,-0.00229719
5.0640e-02,-0.0317188,-0.00236906
5.0650e-02,-0.0428125,-0.00270563
5.0660e-02,-0.039375,-0.00228969
5.0670e-02,-0.0360938,-0.00126281
5.0680e-02,-0.038125,-0.00243063
5.0690e-02,-0.038125,-0.00218
5.0700e-02,-0.0421875,-0.00231938
5.0710e-02,-0.0321875,-0.001765
5.0720e-02,-0.0392187,-0.00231031
5.0730e-02,-0.028125,-0.00186438
5.0740e-02,-0.0423437,-0.00175969
5.0750e-02,-0.0421875,-0.00191656
5.0760e-02,-0.0392187,-0.00258938
5.0770e-02,-0.0403125,-0.00189781
5.0780e-02,-0.03625,-0.00198344
5.0790e-02,-0.0321875,-0.0022675
5.0800e-02,-0.0303125,-0.00189406
5.0810e-02,-0.0403125,-0.00194719
5.0820e-02,-0.04125,-0.00198063
5.0830e-02,-0.0334375,-0.00233938
5.0840e-02,-0.0298438,-0.00207906
5.0850e-02,-0.043125,-0.00220281
5.0860e-02,-0.0470312,-0.00191156
5.0870e-02,-0.0395313,-0.00255344
5.0880e-02,-0.0335937,-0.00239594
5.0890e-02,-0.0253125,-0.00226656
5.0900e-02,-0.048125,-0.00150469
5.0910e-02,-0.0346875,-0.00189594
5.0920e-02,-0.0328125,-0.00188469
5.0930e-02,-0.0482812,-0.00225594
5.0940e-02,-0.0309375,-0.00190188
5.0950e-02,-0.0354688,-0.00175813
5.0960e-02,-0.0414063,-0.00168125
5.0970e-02,-0.0396875,-0.00246
5.0980e-02,-0.0384375,-0.00221313
5.0990e-02,-0.0334375,-0.00165406
5.1000e-02,-0.035625,-0.00234563
5.1010e-02,-0.0304688,-0.00172719
5.1020e-02,-0.0501562,-0.00194469
5.1030e-02,-0.0401563,-0.00195281
5.1040e-02,-0.0285938,-0.00256438
5.1050e-02,-0.0342187,-0.00196844
5.1060e-02,-0.0364063,-0.00180531
5.1070e-02,-0.0354688,-0.00174125
5.1080e-02,-0.0392187,-0.00174219
5.1090e-02,-0.04375,-0.00181188
5.1100e-02,-0.0334375,-0.00203031
5.1110e-02,-0.0398437,-0.00177
5.1120e-02,-0.0395313,-0.0015125
5.1130e-02,-0.0359375,-0.00185219
5.1140e-02,-0.0348437,-0.00176656
5.1150e-02,-0.0440625,-0.00168063
5.1160e-02,-0.044375,-0.00171688
5.1170e-02,-0.0465625,-0.00184281
5.1180e-02,-0.0376563,-0.00185156
5.1190e-02,-0.0453125,-0.00203937
5.1200e-02,-0.0432813,-0.00192719
5.1210e-02,-0.028125,-0.00239031
5.1220e-02,-0.0321875,-0.00210969
5.1230e-02,-0.0390625,-0.00180875
5.1240e-02,-0.0415625,-0.00179438
5.1250e-02,-0.0376563,-0.00167656
5.1260e-02,-0.0396875,-0.00248281
5.1270e-02,-0.0489062,-0.002275
5.1280e-02,-0.0403125,-0.00215844
5.1290e-02,-0.043125,-0.00187844
5.1300e-02,-0.04375,-0.002025
5.1310e-02,-0.0439063,-0.00199625
5.1320e-02,-0.0448438,-0.00256781
5.1330e-02,-0.0473438,-0.00213469
5.1340e-02,-0.0307813,-0.00222688
5.1350e-02,-0.0440625,-0.00240188
5.1360e-02,-0.0254688,-0.00178406
5.1370e-02,-0.043125,-0.00161156
5.1380e-02,-0.0485938,-0.00204313
5.1390e-02,-0.0334375,-0.0023025
5.1400e-02,-0.0428125,-0.00200438
5.1410e-02,-0.0359375,-0.00178438
5.1420e-02,-0.0365625,-0.00202938
5.1430e-02,-0.0425,-0.00191781
5.1440e-02,-0.0396875,-0.0019125
5.1450e-02,-0.0365625,-0.00194313
5.1460e-02,-0.0423437,-0.00177281
5.1470e-02,-0.036875,-0.00213875
5.1480e-02,-0.0279688,-0.00198281
5.1490e-02,-0.0415625,-0.00175063
5.1500e-02,-0.0429688,-0.00243969
5.1510e-02,-0.0435938,-0.00218
5.1520e-02,-0.0404687,-0.00198813
5.1530e-02,-0.0339062,-0.00195844
5.1540e-02,-0.038125,-0.0017425
5.1550e-02,-0.0390625,-0.00199969
5.1560e-02,-0.039375,-0.00184688
5.1570e-02,-0.0428125,-0.00246094
5.1580e-02,-0.0426562,-0.00154875
5.1590e-02,-0.0275,-0.00167094
5.1600e-02,-0.0395313,-0.00196625
5.1610e-02,-0.0223437,-0.0016775
5.1620e-02,-0.0446875,-0.0021975
5.1630e-02,-0.031875,-0.00167438
5.1640e-02,-0.0326562,-0.00182281
5.1650e-02,-0.03875,-0.00227719
5.1660e-02,-0.0496875,-0.00214938
5.1670e-02,-0.040625,-0.00138563
5.1680e-02,-0.03625,-0.00223906
5.1690e-02,-0.0404687,-0.00160875
5.1700e-02,-0.0423437,-0.00194313
5.1710e-02,-0.0496875,-0.00197156
5.1720e-02,-0.0428125,-0.00201063
5.1730e-02,-0.0451563,-0.00202625
5.1740e-02,-0.0229687,-0.00264
5.1750e-02,-0.0414063,-0.00234375
5.1760e-02,-0.0390625,-0.00217625
5.1770e-02,-0.0398437,-0.00197313
5.1780e-02,-0.0292188,-0.00199094
5.1790e-02,-0.0396875,-0.00209563
5.1800e-02,-0.0448438,-0.00174781
5.1810e-02,-0.0310937,-0.00171156
5.1820e-02,-0.046875,-0.00175281
5.1830e-02,-0.0503125,-0.0018475
5.1840e-02,-0.0421875,-0.00227375
5.1850e-02,-0.045625,-0.0015425
5.1860e-02,-0.0410937,-0.00220031
5.1870e-02,-0.0334375,-0.00219406
5.1880e-02,-0.0459375,-0.00196063
5.1890e-02,-0.0240625,-0.00154781
5.1900e-02,-0.0425,-0.00198625
5.1910e-02,-0.0375,-0.002085
5.1920e-02,-0.04875,-0.00200719
5.1930e-02,-0.0378125,-0.001515
5.1940e-02,-0.0432813,-0.0020975
5.1950e-02,-0.0315625,-0.0020375
5.1960e-02,-0.0378125,-0.00190781
5.1970e-02,-0.0401563,-0.00205375
5.1980e-02,-0.0382813,-0.00139813
5.1990e-02,-0.0379688,-0.00203719
5.2000e-02,-0.0379688,-0.00255813
5.2010e-02,-0.0457813,-0.00220094
5.2020e-02,-0.0454688,-0.0024925
5.2030e-02,-0.0432813,-0.00230844
5.2040e-02,-0.0379688,-0.00138125
5.2050e-02,-0.0442188,-0.00193625
5.2060e-02,-0.0475,-0.00171063
5.2070e-02,-0.04375,-0.00177469
5.2080e-02,-0.029375,-0.00190563
5.2090e-02,-0.03875,-0.0023775
5.2100e-02,-0.0414063,-0.00197031
5.2110e-02,-0.044375,-0.0017075
5.2120e-02,-0.0401563,-0.00220438
5.2130e-02,-0.051875,-0.00147
5.2140e-02,-0.0395313,-0.00207281
5.2150e-02,-0.0479688,-0.00172594
5.2160e-02,-0.03875,-0.00206844
5.2170e-02,-0.0415625,-0.00192219
5.2180e-02,-0.0448438,-0.00223188
5.2190e-02,-0.0410937,-0.00187719
5.2200e-02,-0.040625,-0.002175
5.2210e-02,-0.0351562,-0.00184844
5.2220e-02,-0.035,-0.00183656
5.2230e-02,-0.0428125,-0.00169031
5.2240e-02,-0.0304688,-0.0019725
5.2250e-02,-0.0378125,-0.00197531
5.2260e-02,-0.0384375,-0.00192313
5.2270e-02,-0.036875,-0.00201375
5.2280e-02,-0.0367188,-0.00231406
5.2290e-02,-0.0253125,-0.00235844
5.2300e-02,-0.0432813,-0.00219469
5.2310e-02,-0.0415625,-0.0017275
5.2320e-02,-0.0385937,-0.00176469
5.2330e-02,-0.0210938,-0.00206813
5.2340e-02,-0.0453125,-0.00174313
5.2350e-02,-0.0529687,-0.00200219
5.2360e-02,-0.0423437,-0.00248688
5.2370e-02,-0.040625,-0.0023975
5.2380e-02,-0.0485938,-0.00223688
5.2390e-02,-0.0489062,-0.0020825
5.2400e-02,-0.0351562,-0.00174844
5.2410e-02,-0.0407813,-0.00198281
5.2420e-02,-0.0453125,-0.00204719
5.2430e-02,-0.0417187,-0.00190375
5.2440e-02,-0.043125,-0.00194344
5.2450e-02,-0.0317188,-0.00192594
5.2460e-02,-0.0515625,-0.0019475
5.2470e-02,-0.0415625,-0.00201969
5.2480e-02,-0.120469,-0.00187281
5.2490e-02,-0.612812,-0.000480625
5.2500e-02,0.0575,0.00028
5.2510e-02,0.203281,0.00104844
5.2520e-02,-0.606875,0.00117406
5.2530e-02,-0.709375,0.00108094
5.2540e-02,0.138125,0.00101125
5.2550e-02,0.107031,0.00104344
5.2560e-02,0.0998437,0.00118625
5.2570e-02,0.0904688,0.00103
5.2580e-02,0.078125,0.00109094
5.2590e-02,0.0748438,0.00118531
5.2600e-02,0.0709375,0.00111375
5.2610e-02,0.0603125,0.00120531
5.2620e-02,0.0467188,0.000996563
5.2630e-02,0.0670313,0.000951563
5.2640e-02,0.0542187,0.00111344
5.2650e-02,0.0425,0.00106375
5.2660e-02,0.0398437,0.000932813
5.2670e-02,0.0373437,0.00127813
5.2680e-02,0.0282812,0.000929063
5.2690e-02,0.0354688,0.00108219
5.2700e-02,0.04625,0.00112031
5.2710e-02,0.0223437,0.000785313
5.2720e-02,0.029375,0.00105219
5.2730e-02,0.0296875,0.00109938
5.2740e-02,0.0223437,0.000885
5.2750e-02,0.0246875,-0.0005475
5.2760e-02,0.013125,-0.0015875
5.2770e-02,0.00828125,-0.00202406
5.2780e-02,0.0301562,-0.001925
5.2790e-02,0.019375,-0.00227813
5.2800e-02,0.01125,-0.00209344
5.2810e-02,0.0185938,-0.00186813
5.2820e-02,0.0135937,-0.00165719
5.2830e-02,0.003125,-0.00196313
5.2840e-02,0.0273438,-0.002785
5.2850e-02,0.014375,-0.00246656
5.2860e-02,0.00171875,-0.00197
5.2870e-02,-0.00546875,-0.00245438
5.2880e-02,0.00453125,-0.00170219
5.2890e-02,0.00578125,-0.00198219
5.2900e-02,-0.0040625,-0.00230437
5.2910e-02,0.00484375,-0.00194375
5.2920e-02,0.0053125,-0.00214719
5.2930e-02,0.0090625,-0.00232188
5.2940e-02,0.00203125,-0.00156375
5.2950e-02,0.0146875,-0.00199687
5.2960e-02,0.005625,-0.00228781
5.2970e-02,0.001875,-0.00187906
5.2980e-02,0.00703125,-0.0022
5.2990e-02,-0.00125,-0.00241281
5.3000e-02,-0.0104688,-0.00221031
5.3010e-02,0.0003125,-0.00242563
5.3020e-02,0.0040625,-0.00211
5.3030e-02,0.0034375,-0.00208844
5.3040e-02,0.001875,-0.00255375
5.3050e-02,-0.00609375,-0.00171938
5.3060e-02,0.0040625,-0.00161875
5.3070e-02,-0.01,-0.00179063
5.3080e-02,-0.0154687,-0.00211656
5.3090e-02,-0.00390625,-0.00200281
5.3100e-02,-0.00078125,-0.00205406
5.3110e-02,0.00140625,-0.00186
5.3120e-02,-0.0078125,-0.00198906
5.3130e-02,0.0015625,-0.00194469
5.3140e-02,-0.00515625,-0.00186531
5.3150e-02,-0.00265625,-0.00174875
5.3160e-02,-0.00453125,-0.00231844
5.3170e-02,-0.0184375,-0.00172813
5.3180e-02,0.00421875,-0.00179844
5.3190e-02,-0.00515625,-0.00224688
5.3200e-02,-0.00765625,-0.00227188
5.3210e-02,0.00078125,-0.00245813
5.3220e-02,-0.00859375,-0.00187781
5.3230e-02,-0.0164063,-0.00203563
5.3240e-02,-0.004375,-0.00212906
5.3250e-02,-0.0129688,-0.00215594
5.3260e-02,-0.00015625,-0.00209563
5.3270e-02,-0.0123438,-0.001815
5.3280e-02,-0.00609375,-0.00187031
5.3290e-02,0.00546875,-0.002385
5.3300e-02,0.00671875,-0.00182438
5.3310e-02,-0.005,-0.00242125
5.3320e-02,-0.00859375,-0.00220094
5.3330e-02,-0.0065625,-0.00205031
5.3340e-02,-0.0182812,-0.00226187
5.3350e-02,-0.0104688,-0.00263906
5.3360e-02,-0.0075,-0.00197188
5.3370e-02,-0.0159375,-0.00186188
5.3380e-02,-0.010625,-0.00180531
5.3390e-02,-0.0121875,-0.00196906
5.3400e-02,-0.0121875,-0.0020775
5.3410e-02,-0.01625,-0.00229437
5.3420e-02,-0.01,-0.00201281
5.3430e-02,-0.0117188,-0.00198719
5.3440e-02,-0.0139063,-0.00176813
5.3450e-02,-0.0125,-0.00222969
5.3460e-02,-0.010625,-0.00206375
5.3470e-02,-0.0065625,-0.00204031
5.3480e-02,-0.0148437,-0.00238031
5.3490e-02,-0.0115625,-0.00216188
5.3500e-02,-0.00171875,-0.00223094
5.3510e-02,-0.005625,-0.001895
5.3520e-02,-0.00578125,-0.00208594
5.3530e-02,-0.016875,-0.0021875
5.3540e-02,-0.013125,-0.00175719
5.3550e-02,-0.0078125,-0.00200656
5.3560e-02,-0.0159375,-0.00216594
5.3570e-02,-0.0140625,-0.00158375
5.3580e-02,-0.00609375,-0.00191625
5.3590e-02,-0.00921875,-0.00178719
5.3600e-02,-0.0179687,-0.00168219
5.3610e-02,-0.0128125,-0.00237531
5.3620e-02,-0.01125,-0.00144469
5.3630e-02,-0.00375,-0.00211813
5.3640e-02,-0.0075,-0.00192625
5.3650e-02,-0.0145312,-0.00223969
5.3660e-02,-0.0139063,-0.00201125
5.3670e-02,-0.00890625,-0.00219969
5.3680e-02,-0.0185937,-0.00239688
5.3690e-02,-0.0134375,-0.00231531
5.3700e-02,-0.0184375,-0.00173188
5.3710e-02,-0.01,-0.0021
5.3720e-02,-0.0176563,-0.00223344
5.3730e-02,-0.0110937,-0.00165844
5.3740e-02,-0.00546875,-0.00163313
5.3750e-02,-0.0159375,-0.00175563
5.3760e-02,-0.0164063,-0.00206406
5.3770e-02,-0.0103125,-0.00241875
5.3780e-02,-0.0207813,-0.00189813
5.3790e-02,-0.0075,-0.00174
5.3800e-02,-0.0128125,-0.0018325
5.3810e-02,-0.0171875,-0.00199375
5.3820e-02,-0.021875,-0.00192656
5.3830e-02,-0.0139063,-0.00204781
5.3840e-02,-0.015625,-0.00188344
5.3850e-02,-0.0154687,-0.00243469
5.3860e-02,-0.0259375,-0.00203844
5.3870e-02,-0.0223437,-0.00182813
5.3880e-02,-0.0123438,-0.00231938
5.3890e-02,-0.018125,-0.00195844
5.3900e-02,-0.0234375,-0.00198969
5.3910e-02,-0.0135937,-0.00225813
5.3920e-02,-0.0154687,-0.00180781
5.3930e-02,-0.024375,-0.00132625
5.3940e-02,-0.0182812,-0.00189938
5.3950e-02,-0.0160938,-0.00198781
5.3960e-02,-0.0220313,-0.00205375
5.3970e-02,-0.0282813,-0.00185719
5.3980e-02,-0.0154687,-0.00212875
5.3990e-02,-0.0209375,-0.00221813
5.4000e-02,-0.0170313,-0.00218406
5.4010e-02,-0.0182812,-0.00162688
5.4020e-02,-0.0271875,-0.00219719
5.4030e-02,-0.0234375,-0.00188313
5.4040e-02,-0.0217188,-0.00144875
5.4050e-02,-0.0235938,-0.00194469
5.4060e-02,-0.0101563,-0.00268906
5.4070e-02,-0.0028125,-0.00223406
5.4080e-02,-0.0270312,-0.00194531
5.4090e-02,-0.0239063,-0.00214
5.4100e-02,-0.0170313,-0.00195219
5.4110e-02,-0.023125,-0.00222219
5.4120e-02,-0.0235938,-0.0022925
5.4130e-02,-0.0178125,-0.00227
5.4140e-02,-0.0220313,-0.00195875
5.4150e-02,-0.013125,-0.00153719
5.4160e-02,-0.0196875,-0.00119938
5.4170e-02,-0.0239063,-0.00204094
5.4180e-02,-0.0273438,-0.00231031
5.4190e-02,-0.025,-0.00193406
5.4200e-02,-0.021875,-0.00186844
5.4210e-02,-0.0171875,-0.00224563
5.4220e-02,-0.0226562,-0.00159844
5.4230e-02,-0.015,-0.00196031
5.4240e-02,-0.0198438,-0.0020975
5.4250e-02,-0.0192187,-0.00191813
5.4260e-02,-0.018125,-0.00204406
5.4270e-02,-0.0214063,-0.0023775
5.4280e-02,-0.0246875,-0.00245344
5.4290e-02,-0.0225,-0.00234156
5.4300e-02,-0.0203125,-0.00190813
5.4310e-02,-0.0182812,-0.00205844
5.4320e-02,-0.0210938,-0.00151625
5.4330e-02,-0.0270312,-0.00201969
5.4340e-02,-0.0179687,-0.00158594
5.4350e-02,-0.01625,-0.00175094
5.4360e-02,-0.0203125,-0.0020475
5.4370e-02,-0.0129688,-0.00193
5.4380e-02,-0.034375,-0.00203156
5.4390e-02,-0.0189062,-0.00203375
5.4400e-02,-0.0235938,-0.00236969
5.4410e-02,-0.0142188,-0.002235
5.4420e-02,-0.0260937,-0.00206781
5.4430e-02,-0.0223437,-0.00217813
5.4440e-02,-0.0171875,-0.00205219
5.4450e-02,-0.0310937,-0.00204531
5.4460e-02,-0.0285938,-0.00214375
5.4470e-02,-0.0190625,-0.00172656
5.4480e-02,-0.016875,-0.00197031
5.4490e-02,-0.0223437,-0.00213781
5.4500e-02,-0.0278125,-0.00188625
5.4510e-02,-0.0220313,-0.0023175
5.4520e-02,-0.0290625,-0.00234031
5.4530e-02,-0.0176563,-0.00174781
5.4540e-02,-0.02,-0.00200594
5.4550e-02,-0.023125,-0.00210906
5.4560e-02,-0.0189062,-0.00203813
5.4570e-02,-0.025625,-0.00205813
5.4580e-02,-0.0226562,-0.00190375
5.4590e-02,-0.0285938,-0.00186531
5.4600e-02,-0.029375,-0.00239688
5.4610e-02,-0.0228125,-0.00222156
5.4620e-02,-0.0179687,-0.00215375
5.4630e-02,-0.024375,-0.00195563
5.4640e-02,-0.0251563,-0.00186813
5.4650e-02,-0.0203125,-0.00184125
5.4660e-02,-0.0279688,-0.00200844
5.4670e-02,-0.0140625,-0.00170313
5.4680e-02,-0.02,-0.00147469
5.4690e-02,-0.0364063,-0.00179094
5.4700e-02,-0.015,-0.00211375
5.4710e-02,-0.0260937,-0.00175188
5.4720e-02,-0.0273438,-0.00161281
5.4730e-02,-0.0179687,-0.00195594
5.4740e-02,-0.0289063,-0.0021375
5.4750e-02,-0.0370313,-0.002255
5.4760e-02,-0.0465625,-0.00183656
5.4770e-02,-0.0339062,-0.00190844
5.4780e-02,-0.0223437,-0.00161125
5.4790e-02,-0.0342187,-0.00231406
5.4800e-02,-0.01875,-0.00225594
5.4810e-02,-0.0265625,-0.00194344
5.4820e-02,-0.023125,-0.00153438
5.4830e-02,-0.0239063,-0.00169531
5.4840e-02,-0.0303125,-0.00182438
5.4850e-02,-0.0290625,-0.00194969
5.4860e-02,-0.0339062,-0.00212844
5.4870e-02,-0.025625,-0.00228594
5.4880e-02,-0.0176563,-0.00207844
5.4890e-02,-0.0245313,-0.0018825
5.4900e-02,-0.0226562,-0.00164781
5.4910e-02,-0.0214063,-0.00185219
5.4920e-02,-0.0160938,-0.0019275
5.4930e-02,-0.0385937,-0.00173781
5.4940e-02,-0.0179687,-0.00179938
5.4950e-02,-0.0235938,-0.0018775
5.4960e-02,-0.0240625,-0.00155156
5.4970e-02,-0.0253125,-0.00207875
5.4980e-02,-0.0273438,-0.00184594
5.4990e-02,-0.0253125,-0.00173188
5.5000e-02,-0.03125,-0.00216344
5.5010e-02,-0.0279688,-0.00228938
5.5020e-02,-0.0264062,-0.00259188
5.5030e-02,-0.0121875,-0.00238125
5.5040e-02,-0.021875,-0.00207781
5.5050e-02,-0.0267187,-0.00255375
5.5060e-02,-0.02375,-0.00207125
5.5070e-02,-0.0295313,-0.00189406
5.5080e-02,-0.0273438,-0.00207313
5.5090e-02,-0.0196875,-0.00152938
5.5100e-02,-0.0228125,-0.00185813
5.5110e-02,-0.033125,-0.00189344
5.5120e-02,-0.035,-0.00202281
5.5130e-02,-0.0370313,-0.00186938
5.5140e-02,-0.040625,-0.00191719
5.5150e-02,-0.02625,-0.00120969
5.5160e-02,-0.0346875,-0.00229344
5.5170e-02,-0.0251563,-0.00216563
5.5180e-02,-0.0290625,-0.00160938
5.5190e-02,-0.030625,-0.00194344
5.5200e-02,-0.0360938,-0.00196063
5.5210e-02,-0.030625,-0.00224844
5.5220e-02,-0.020625,-0.00220375
5.5230e-02,-0.0198438,-0.00179313
5.5240e-02,-0.0132813,-0.00187969
5.5250e-02,-0.0309375,-0.00186469
5.5260e-02,-0.0290625,-0.00194156
5.5270e-02,-0.0190625,-0.00228625
5.5280e-02,-0.0220313,-0.00164344
5.5290e-02,-0.0226562,-0.00174438
5.5300e-02,-0.0273438,-0.00217406
5.5310e-02,-0.0284375,-0.00177531
5.5320e-02,-0.0245313,-0.00223656
5.5330e-02,-0.0332812,-0.00203594
5.5340e-02,-0.0264062,-0.00249219
5.5350e-02,-0.0104688,-0.00256594
5.5360e-02,-0.0332812,-0.00222125
5.5370e-02,-0.0190625,-0.00192906
5.5380e-02,-0.0289063,-0.00219125
5.5390e-02,-0.0215625,-0.00218531
5.5400e-02,-0.023125,-0.00190156
5.5410e-02,-0.0309375,-0.00191406
5.5420e-02,-0.0326562,-0.00172031
5.5430e-02,-0.0329688,-0.00202688
5.5440e-02,-0.030625,-0.00183969
5.5450e-02,-0.0264062,-0.00256594
5.5460e-02,-0.0320312,-0.00238
5.5470e-02,-0.0392187,-0.00161844
5.5480e-02,-0.0371875,-0.00185406
5.5490e-02,-0.031875,-0.00190063
5.5500e-02,-0.0232812,-0.00218156
5.5510e-02,-0.0121875,-0.002085
5.5520e-02,-0.0184375,-0.0018825
5.5530e-02,-0.0335937,-0.002005
5.5540e-02,-0.0179687,-0.0019625
5.5550e-02,-0.0303125,-0.00204063
5.5560e-02,-0.0296875,-0.00180969
5.5570e-02,-0.024375,-0.00233719
5.5580e-02,-0.0346875,-0.0018775
5.5590e-02,-0.024375,-0.00223219
5.5600e-02,-0.0229687,-0.00189969
5.5610e-02,-0.0401563,-0.00196813
5.5620e-02,-0.0239063,-0.00196188
5.5630e-02,-0.0321875,-0.00154125
5.5640e-02,-0.0235938,-0.00196656
5.5650e-02,-0.026875,-0.00208187
5.5660e-02,-0.0289063,-0.00162969
5.5670e-02,-0.0285938,-0.00180781
5.5680e-02,-0.0264062,-0.00210281
5.5690e-02,-0.0354688,-0.00195688
5.5700e-02,-0.033125,-0.00229063
5.5710e-02,-0.0298438,-0.00202812
5.5720e-02,-0.0309375,-0.0019525
5.5730e-02,-0.0284375,-0.00195969
5.5740e-02,-0.0234375,-0.00208469
5.5750e-02,-0.0415625,-0.00217938
5.5760e-02,-0.03,-0.00217156
5.5770e-02,-0.0189062,-0.00233563
5.5780e-02,-0.0351562,-0.00244938
5.5790e-02,-0.0251563,-0.00208813
5.5800e-02,-0.0320312,-0.00200563
5.5810e-02,-0.0254688,-0.00190125
5.5820e-02,-0.0323438,-0.0019925
5.5830e-02,-0.0209375,-0.0017925
5.5840e-02,-0.0351562,-0.00244594
5.5850e-02,-0.036875,-0.0018725
5.5860e-02,-0.0353125,-0.00166031
5.5870e-02,-0.0364063,-0.00217
5.5880e-02,-0.0226562,-0.00241219
5.5890e-02,-0.0279688,-0.00271344
5.5900e-02,-0.0304688,-0.00172969
5.5910e-02,-0.0279688,-0.00200844
5.5920e-02,-0.025625,-0.0019925
5.5930e-02,-0.0326562,-0.00193719
5.5940e-02,-0.0201563,-0.00210281
5.5950e-02,-0.02375,-0.00193344
5.5960e-02,-0.0307813,-0.00229625
5.5970e-02,-0.0439063,-0.00167813
5.5980e-02,-0.0425,-0.002145
5.5990e-02,-0.0371875,-0.00212406
5.6000e-02,-0.02625,-0.00205375
5.6010e-02,-0.0453125,-0.00190094
5.6020e-02,-0.035,-0.00208844
5.6030e-02,-0.0303125,-0.00221875
5.6040e-02,-0.0282813,-0.00212469
5.6050e-02,-0.0326562,-0.00166969
5.6060e-02,-0.0371875,-0.00190156
5.6070e-02,-0.0332812,-0.00199813
5.6080e-02,-0.0271875,-0.00221625
5.6090e-02,-0.0360938,-0.00159719
5.6100e-02,-0.0326562,-0.00224844
5.6110e-02,-0.0307813,-0.00185125
5.6120e-02,-0.035,-0.00189313
5.6130e-02,-0.0370313,-0.00188344
5.6140e-02,-0.0409375,-0.00186719
5.6150e-02,-0.0296875,-0.0017475
5.6160e-02,-0.0254688,-0.00177375
5.6170e-02,-0.034375,-0.00238563
5.6180e-02,-0.0315625,-0.00164156
5.6190e-02,-0.033125,-0.00209469
5.6200e-02,-0.0307813,-0.00205875
5.6210e-02,-0.0310937,-0.00194156
5.6220e-02,-0.0265625,-0.00201031
5.6230e-02,-0.0328125,-0.00233125
5.6240e-02,-0.04,-0.00195563
5.6250e-02,-0.0329688,-0.00203937
5.6260e-02,-0.0398437,-0.00179188
5.6270e-02,-0.0248438,-0.00192844
5.6280e-02,-0.0301563,-0.00180688
5.6290e-02,-0.0435938,-0.00204469
5.6300e-02,-0.0329688,-0.00198781
5.6310e-02,-0.03375,-0.00196875
5.6320e-02,-0.0251563,-0.00217656
5.6330e-02,-0.0328125,-0.0021825
5.6340e-02,-0.0253125,-0.00188656
5.6350e-02,-0.04,-0.00209656
5.6360e-02,-0.0309375,-0.00175969
5.6370e-02,-0.0420312,-0.00205844
5.6380e-02,-0.03,-0.00192219
5.6390e-02,-0.0303125,-0.00218563
5.6400e-02,-0.0320312,-0.00191
5.6410e-02,-0.03625,-0.0019025
5.6420e-02,-0.0371875,-0.00171844
5.6430e-02,-0.031875,-0.00216906
5.6440e-02,-0.0314062,-0.00179656
5.6450e-02,-0.0360938,-0.00194313
5.6460e-02,-0.0403125,-0.00227469
5.6470e-02,-0.0345312,-0.0020175
5.6480e-02,-0.0401563,-0.00190281
5.6490e-02,-0.03625,-0.00174031
5.6500e-02,-0.0420312,-0.0025175
5.6510e-02,-0.0334375,-0.00203813
5.6520e-02,-0.0290625,-0.00151969
5.6530e-02,-0.0325,-0.00203188
5.6540e-02,-0.0321875,-0.00224469
5.6550e-02,-0.021875,-0.00177625
5.6560e-02,-0.019375,-0.00200875
5.6570e-02,-0.0407813,-0.00239156
5.6580e-02,-0.0325,-0.00203344
5.6590e-02,-0.0415625,-0.00186781
5.6600e-02,-0.0439063,-0.0019425
5.6610e-02,-0.0315625,-0.00195688
5.6620e-02,-0.0284375,-0.00199531
5.6630e-02,-0.025625,-0.00170125
5.6640e-02,-0.024375,-0.001695
5.6650e-02,-0.0392187,-0.00167313
5.6660e-02,-0.0334375,-0.00188313
5.6670e-02,-0.040625,-0.00166719
5.6680e-02,-0.031875,-0.0017675
5.6690e-02,-0.040625,-0.00216594
5.6700e-02,-0.034375,-0.00221594
5.6710e-02,-0.033125,-0.00226719
5.6720e-02,-0.0296875,-0.00177719
5.6730e-02,-0.0290625,-0.00189688
5.6740e-02,-0.0365625,-0.00168625
5.6750e-02,-0.0309375,-0.00151406
5.6760e-02,-0.0353125,-0.00230063
5.6770e-02,-0.043125,-0.00205
5.6780e-02,-0.0339062,-0.00200281
5.6790e-02,-0.035,-0.00202531
5.6800e-02,-0.0323438,-0.00228625
5.6810e-02,-0.03125,-0.00222531
5.6820e-02,-0.0334375,-0.00160344
5.6830e-02,-0.0215625,-0.00208469
5.6840e-02,-0.0334375,-0.00200781
5.6850e-02,-0.0196875,-0.00204094
5.6860e-02,-0.04,-0.00204438
5.6870e-02,-0.0348437,-0.00182188
5.6880e-02,-0.0304688,-0.00211781
5.6890e-02,-0.0332812,-0.00176219
5.6900e-02,-0.035625,-0.002065
5.6910e-02,-0.0379688,-0.00209938
5.6920e-02,-0.0248438,-0.00187781
5.6930e-02,-0.035,-0.00206313
5.6940e-02,-0.0225,-0.00234938
5.6950e-02,-0.0275,-0.00203344
5.6960e-02,-0.0273438,-0.00238469
5.6970e-02,-0.0346875,-0.00228219
5.6980e-02,-0.0446875,-0.00205281
5.6990e-02,-0.0284375,-0.00227375
5.7000e-02,-0.0309375,-0.00202625
5.7010e-02,-0.0357813,-0.00199406
5.7020e-02,-0.025625,-0.00206031
5.7030e-02,-0.0404687,-0.0020925
5.7040e-02,-0.036875,-0.0019375
5.7050e-02,-0.035625,-0.00194313
5.7060e-02,-0.03,-0.00217875
5.7070e-02,-0.0270312,-0.0022125
5.7080e-02,-0.0315625,-0.00159594
5.7090e-02,-0.0340625,-0.00237125
5.7100e-02,-0.0329688,-0.00258375
5.7110e-02,-0.025,-0.00194656
5.7120e-02,-0.0289063,-0.00211781
5.7130e-02,-0.04375,-0.002735
5.7140e-02,-0.0296875,-0.00232563
5.7150e-02,-0.0339062,-0.00203969
5.7160e-02,-0.0309375,-0.00166344
5.7170e-02,-0.0425,-0.00141969
5.7180e-02,-0.0375,-0.0019975
5.7190e-02,-0.0470312,-0.002
5.7200e-02,-0.0329688,-0.00206344
5.7210e-02,-0.0360938,-0.00198031
5.7220e-02,-0.0401563,-0.0024375
5.7230e-02,-0.0390625,-0.00213594
5.7240e-02,-0.0290625,-0.00187906
5.7250e-02,-0.0260937,-0.00215219
5.7260e-02,-0.025,-0.0019625
5.7270e-02,-0.0309375,-0.00213125
5.7280e-02,-0.0303125,-0.00213969
5.7290e-02,-0.0301563,-0.00166188
5.7300e-02,-0.035625,-0.00190469
5.7310e-02,-0.0353125,-0.00214594
5.7320e-02,-0.040625,-0.00182906
5.7330e-02,-0.0253125,-0.00152625
5.7340e-02,-0.03875,-0.00214188
5.7350e-02,-0.0440625,-0.00162625
5.7360e-02,-0.0390625,-0.00185344
5.7370e-02,-0.0367188,-0.00217063
5.7380e-02,-0.0490625,-0.0014725
5.7390e-02,-0.0382813,-0.00161344
5.7400e-02,-0.03625,-0.00191875
5.7410e-02,-0.0389063,-0.00203781
5.7420e-02,-0.0309375,-0.00206656
5.7430e-02,-0.0365625,-0.00182563
5.7440e-02,-0.0371875,-0.00172125
5.7450e-02,-0.0289063,-0.00180906
5.7460e-02,-0.0415625,-0.00198594
5.7470e-02,-0.0325,-0.00147063
5.7480e-02,-0.0340625,-0.00199687
5.7490e-02,-0.0379688,-0.00229563
5.7500e-02,-0.0420312,-0.00208406
5.7510e-02,-0.041875,-0.00192438
5.7520e-02,-0.0346875,-0.00191156
5.7530e-02,-0.0303125,-0.00189438
5.7540e-02,-0.0439063,-0.00224031
5.7550e-02,-0.0445313,-0.00199344
5.7560e-02,-0.048125,-0.00225438
5.7570e-02,-0.0301563,-0.00172563
5.7580e-02,-0.025625,-0.001765
5.7590e-02,-0.026875,-0.0020425
5.7600e-02,-0.0317188,-0.00206656
5.7610e-02,-0.0359375,-0.00193594
5.7620e-02,-0.043125,-0.00168625
5.7630e-02,-0.035625,-0.00237563
5.7640e-02,-0.0320312,-0.00175063
5.7650e-02,-0.0417187,-0.00205094
5.7660e-02,-0.0370313,-0.00194438
5.7670e-02,-0.0390625,-0.00198562
5.7680e-02,-0.0392187,-0.00226656
5.7690e-02,-0.0417187,-0.00177688
5.7700e-02,-0.0370313,-0.00212844
5.7710e-02,-0.0314062,-0.002225
5.7720e-02,-0.0335937,-0.00227875
5.7730e-02,-0.0392187,-0.00195125
5.7740e-02,-0.0307813,-0.00190531
5.7750e-02,-0.0464062,-0.00220031
5.7760e-02,-0.033125,-0.00212719
5.7770e-02,-0.031875,-0.00247
5.7780e-02,-0.0328125,-0.00213813
5.7790e-02,-0.0373438,-0.0021125
5.7800e-02,-0.0326562,-0.00180313
5.7810e-02,-0.0432813,-0.00205688
5.7820e-02,-0.028125,-0.00175281
5.7830e-02,-0.0384375,-0.00177094
5.7840e-02,-0.0295313,-0.00195813
5.7850e-02,-0.0396875,-0.00176125
5.7860e-02,-0.0398437,-0.00211219
5.7870e-02,-0.0420312,-0.00247313
5.7880e-02,-0.043125,-0.00193094
5.7890e-02,-0.0339062,-0.00166125
5.7900e-02,-0.0395313,-0.00214031
5.7910e-02,-0.04,-0.00221906
5.7920e-02,-0.0334375,-0.00190813
5.7930e-02,-0.0398437,-0.00180656
5.7940e-02,-0.0398437,-0.00199406
5.7950e-02,-0.0296875,-0.00168844
5.7960e-02,-0.03875,-0.00220219
5.7970e-02,-0.03125,-0.00168156
5.7980e-02,-0.0359375,-0.00181438
5.7990e-02,-0.0346875,-0.00169094
5.8000e-02,-0.0410937,-0.00184969
5.8010e-02,-0.0395313,-0.00208531
5.8020e-02,-0.0464062,-0.00208906
5.8030e-02,-0.0440625,-0.00219719
5.8040e-02,-0.0459375,-0.00226187
5.8050e-02,-0.0315625,-0.00167281
5.8060e-02,-0.0385937,-0.00170594
5.8070e-02,-0.033125,-0.00201031
5.8080e-02,-0.0348437,-0.0016725
5.8090e-02,-0.03375,-0.00200656
5.8100e-02,-0.043125,-0.00231656
5.8110e-02,-0.025625,-0.00267656
5.8120e-02,-0.0498438,-0.0020075
5.8130e-02,-0.0414063,-0.0023125
5.8140e-02,-0.02375,-0.00191188
5.8150e-02,-0.038125,-0.00194281
5.8160e-02,-0.0429688,-0.0014675
5.8170e-02,-0.0317188,-0.00235812
5.8180e-02,-0.031875,-0.0017625
5.8190e-02,-0.0498438,-0.00168375
5.8200e-02,-0.0425,-0.0015525
5.8210e-02,-0.0364063,-0.00235531
5.8220e-02,-0.0448438,-0.00241656
5.8230e-02,-0.040625,-0.001725
5.8240e-02,-0.031875,-0.00230188
5.8250e-02,-0.0342187,-0.00201688
5.8260e-02,-0.045625,-0.00203875
5.8270e-02,-0.02875,-0.00187438
5.8280e-02,-0.0309375,-0.00233188
5.8290e-02,-0.038125,-0.00216594
5.8300e-02,-0.0467188,-0.00183719
5.8310e-02,-0.03125,-0.0021
5.8320e-02,-0.0348437,-0.00178875
5.8330e-02,-0.040625,-0.00181688
5.8340e-02,-0.0407813,-0.00202406
5.8350e-02,-0.038125,-0.00220875
5.8360e-02,-0.0359375,-0.00205438
5.8370e-02,-0.0423437,-0.00194719
5.8380e-02,-0.025625,-0.00239563
5.8390e-02,-0.0407813,-0.00193531
5.8400e-02,-0.0364063,-0.00254094
5.8410e-02,-0.0376563,-0.00192281
5.8420e-02,-0.0384375,-0.00196406
5.8430e-02,-0.03625,-0.00178313
5.8440e-02,-0.0435938,-0.00203594
5.8450e-02,-0.016875,-0.00201531
5.8460e-02,-0.0451563,-0.00230406
5.8470e-02,-0.0320312,-0.00217438
5.8480e-02,-0.0354688,-0.00201969
5.8490e-02,-0.0420312,-0.00149031
5.8500e-02,-0.0323438,-0.00229688
5.8510e-02,-0.0475,-0.00229813
5.8520e-02,-0.0365625,-0.00190469
5.8530e-02,-0.0279688,-0.001755
5.8540e-02,-0.0404687,-0.00207219
5.8550e-02,-0.04375,-0.00175063
5.8560e-02,-0.0370313,-0.00172531
5.8570e-02,-0.0496875,-0.00179969
5.8580e-02,-0.0459375,-0.00185938
5.8590e-02,-0.0421875,-0.00192344
5.8600e-02,-0.0353125,-0.00196094
5.8610e-02,-0.0317188,-0.00153125
5.8620e-02,-0.0270312,-0.00199406
5.8630e-02,-0.0398437,-0.00229938
5.8640e-02,-0.0410937,-0.002275
5.8650e-02,-0.0340625,-0.00171813
5.8660e-02,-0.0457813,-0.00189313
5.8670e-02,-0.043125,-0.00227938
5.8680e-02,-0.0457813,-0.00189281
5.8690e-02,-0.0421875,-0.00198188
5.8700e-02,-0.0290625,-0.00158313
5.8710e-02,-0.0398437,-0.00166656
5.8720e-02,-0.0389063,-0.00143656
5.8730e-02,-0.0389063,-0.00218031
5.8740e-02,-0.034375,-0.00206969
5.8750e-02,-0.0479688,-0.00229844
5.8760e-02,-0.0442188,-0.00186156
5.8770e-02,-0.0357813,-0.00213188
5.8780e-02,-0.0398437,-0.00187844
5.8790e-02,-0.0376563,-0.00228688
5.8800e-02,-0.0435938,-0.00253844
5.8810e-02,-0.04125,-0.00270906
5.8820e-02,-0.02625,-0.00209969
5.8830e-02,-0.0392187,-0.00185625
5.8840e-02,-0.0389063,-0.00188031
5.8850e-02,-0.0326562,-0.00171594
5.8860e-02,-0.0407813,-0.00185563
5.8870e-02,-0.0401563,-0.00160469
5.8880e-02,-0.035625,-0.00144469
5.8890e-02,-0.0342187,-0.00213969
5.8900e-02,-0.0307813,-0.00201188
5.8910e-02,-0.0323438,-0.00211844
5.8920e-02,-0.0296875,-0.0021275
5.8930e-02,-0.0451563,-0.00250125
5.8940e-02,-0.04,-0.00226688
5.8950e-02,-0.04875,-0.00242875
5.8960e-02,-0.038125,-0.00230063
5.8970e-02,-0.0403125,-0.001925
5.8980e-02,-0.0370313,-0.00183219
5.8990e-02,-0.0464062,-0.001625
5.9000e-02,-0.0465625,-0.00221094
5.9010e-02,-0.0557813,-0.00157875
5.9020e-02,-0.0415625,-0.00203969
5.9030e-02,-0.03625,-0.00208656
5.9040e-02,-0.0295313,-0.00176563
5.9050e-02,-0.0457813,-0.00186094
5.9060e-02,-0.0421875,-0.00156594
5.9070e-02,-0.039375,-0.00175719
5.9080e-02,-0.0460938,-0.00222563
5.9090e-02,-0.0384375,-0.00186625
5.9100e-02,-0.0476562,-0.00250031
5.9110e-02,-0.0373438,-0.00260313
5.9120e-02,-0.03375,-0.00205938
5.9130e-02,-0.0529687,-0.00198125
5.9140e-02,-0.0414063,-0.00200594
5.9150e-02,-0.0326562,-0.00188813
5.9160e-02,-0.035,-0.00202969
5.9170e-02,-0.0367188,-0.0020875
5.9180e-02,-0.0459375,-0.00143906
5.9190e-02,-0.0420312,-0.00209469
5.9200e-02,-0.0365625,-0.00234031
5.9210e-02,-0.0309375,-0.00212938
5.9220e-02,-0.0451563,-0.0025125
5.9230e-02,-0.0454688,-0.00205094
5.9240e-02,-0.0351562,-0.00189344
5.9250e-02,-0.0379688,-0.00183063
5.9260e-02,-0.0378125,-0.00191219
5.9270e-02,-0.038125,-0.00210063
5.9280e-02,-0.0401563,-0.00183938
5.9290e-02,-0.0298438,-0.00200063
5.9300e-02,-0.0360938,-0.00202875
5.9310e-02,-0.0376563,-0.00168313
5.9320e-02,-0.0384375,-0.00178469
5.9330e-02,-0.0475,-0.00188625
5.9340e-02,-0.0453125,-0.00212563
5.9350e-02,-0.03375,-0.00236594
5.9360e-02,-0.0276563,-0.00170281
5.9370e-02,-0.0340625,-0.00169844
5.9380e-02,-0.0376563,-0.00239344
5.9390e-02,-0.0245313,-0.00213219
5.9400e-02,-0.045625,-0.00199969
5.9410e-02,-0.0401563,-0.00190719
5.9420e-02,-0.0357813,-0.00202
5.9430e-02,-0.0476562,-0.00206906
5.9440e-02,-0.0296875,-0.00154375
5.9450e-02,-0.0475,-0.00200063
5.9460e-02,-0.0295313,-0.00222094
5.9470e-02,-0.039375,-0.00195344
5.9480e-02,-0.0385937,-0.00306219
5.9490e-02,-0.04125,-0.0016425
5.9500e-02,-0.0445313,-0.00233563
5.9510e-02,-0.0464062,-0.00232969
5.9520e-02,-0.0351562,-0.00211906
5.9530e-02,-0.0467188,-0.00197781
5.9540e-02,-0.0326562,-0.00175656
5.9550e-02,-0.0417187,-0.00219125
5.9560e-02,-0.0409375,-0.00233313
5.9570e-02,-0.0384375,-0.00135563
5.9580e-02,-0.0434375,-0.00217438
5.9590e-02,-0.0221875,-0.0020125
5.9600e-02,-0.0428125,-0.00211656
5.9610e-02,-0.0451563,-0.00198344
5.9620e-02,-0.0464062,-0.00180313
5.9630e-02,-0.03625,-0.0021975
5.9640e-02,-0.0401563,-0.00199531
5.9650e-02,-0.0409375,-0.00228063
5.9660e-02,-0.0428125,-0.0023875
5.9670e-02,-0.034375,-0.00212031
5.9680e-02,-0.0382813,-0.00241125
5.9690e-02,-0.0323438,-0.00206906
5.9700e-02,-0.0604688,-0.00220063
5.9710e-02,-0.034375,-0.00214906
5.9720e-02,-0.0301563,-0.00163313
5.9730e-02,-0.04375,-0.00181406
5.9740e-02,-0.0445313,-0.00219094
5.9750e-02,-0.0321875,-0.00206188
5.9760e-02,-0.039375,-0.00224719
5.9770e-02,-0.0432813,-0.00188469
5.9780e-02,-0.0392187,-0.00191688
5.9790e-02,-0.0378125,-0.00166688
5.9800e-02,-0.045,-0.00132625
5.9810e-02,-0.0404687,-0.00266656
5.9820e-02,-0.0454688,-0.00219313
5.9830e-02,-0.05125,-0.00185719
5.9840e-02,-0.0451563,-0.00202625
5.9850e-02,-0.0271875,-0.00232625
5.9860e-02,-0.0390625,-0.00202406
5.9870e-02,-0.0421875,-0.00175406
5.9880e-02,-0.0284375,-0.00176281
5.9890e-02,-0.0451563,-0.00163563
5.9900e-02,-0.0439063,-0.00165625
5.9910e-02,-0.0475,-0.00196781
5.9920e-02,-0.0467188,-0.00245
5.9930e-02,-0.04125,-0.00228438
5.9940e-02,-0.0323438,-0.00187813
5.9950e-02,-0.0329688,-0.00168281
5.9960e-02,-0.0414063,-0.00147531
5.9970e-02,-0.03875,-0.001845
5.9980e-02,-0.0440625,-0.00163938
5.9990e-02,-0.04125,-0.00225656
6.0000e-02,-0.0435938,-0.00217844
6.0010e-02,-0.039375,-0.00221656
6.0020e-02,-0.045,-0.00171313
6.0030e-02,-0.0404687,-0.00221
6.0040e-02,-0.0328125,-0.00228156
6.0050e-02,-0.0389063,-0.00224344
6.0060e-02,-0.038125,-0.00199969
6.0070e-02,-0.0471875,-0.0016875
6.0080e-02,-0.0314062,-0.0014525
6.0090e-02,-0.0479688,-0.00209781
6.0100e-02,-0.051875,-0.00184469
6.0110e-02,-0.0448438,-0.00190781
6.0120e-02,-0.0426562,-0.00180063
6.0130e-02,-0.0464062,-0.00194719
6.0140e-02,-0.0401563,-0.00154281
6.0150e-02,-0.0528125,-0.00184594
6.0160e-02,-0.0421875,-0.00215969
6.0170e-02,-0.03625,-0.00169531
6.0180e-02,-0.0373438,-0.00205
6.0190e-02,-0.0367188,-0.001995
6.0200e-02,-0.0365625,-0.00199875
6.0210e-02,-0.035625,-0.00198031
6.0220e-02,-0.036875,-0.00191469
6.0230e-02,-0.0457813,-0.00243406
6.0240e-02,-0.0348437,-0.00189938
6.0250e-02,-0.0432813,-0.00236406
6.0260e-02,-0.04875,-0.0021625
6.0270e-02,-0.036875,-0.00252563
6.0280e-02,-0.0354688,-0.00221219
6.0290e-02,-0.0353125,-0.00181219
6.0300e-02,-0.0453125,-0.0018625
6.0310e-02,-0.0346875,-0.00190094
6.0320e-02,-0.0340625,-0.00222719
6.0330e-02,-0.0382813,-0.00178281
6.0340e-02,-0.0365625,-0.0020275
6.0350e-02,-0.0348437,-0.00191594
6.0360e-02,-0.0479688,-0.00190281
6.0370e-02,-0.0440625,-0.00152219
6.0380e-02,-0.0409375,-0.00211156
6.0390e-02,-0.0514063,-0.00222469
6.0400e-02,-0.0528125,-0.002075
6.0410e-02,-0.0453125,-0.00233687
6.0420e-02,-0.0429688,-0.00215688
6.0430e-02,-0.0442188,-0.00228875
6.0440e-02,-0.0440625,-0.00211625
6.0450e-02,-0.0428125,-0.00234906
6.0460e-02,-0.0442188,-0.00204156
6.0470e-02,-0.0348437,-0.00213938
6.0480e-02,-0.0376563,-0.0021275
6.0490e-02,1.72562,-0.00121
6.0500e-02,1.28438,0.000214063
6.0510e-02,2.00484,0.000804375
6.0520e-02,-0.211094,0.00105406
6.0530e-02,0.302656,0.00134
6.0540e-02,0.125469,0.00132688
6.0550e-02,0.112031,0.000960625
6.0560e-02,0.105469,0.00115938
6.0570e-02,0.0776562,0.0010925
6.0580e-02,0.0732812,0.00123031
6.0590e-02,0.071875,0.00117406
6.0600e-02,0.0601562,0.00118063
6.0610e-02,0.06125,0.000980313
6.0620e-02,0.0603125,0.00108906
6.0630e-02,0.0507812,0.00101094
6.0640e-02,0.0404687,0.00108313
6.0650e-02,0.0409375,0.0012825
6.0660e-02,0.0440625,0.00102
6.0670e-02,0.021875,0.00119813
6.0680e-02,0.0328125,0.00116562
6.0690e-02,0.0223437,0.00117438
6.0700e-02,0.02875,0.00122844
6.0710e-02,0.0378125,0.00113875
6.0720e-02,0.0276563,0.00106938
6.0730e-02,0.0326562,0.00116438
6.0740e-02,0.0145312,0.000965625
6.0750e-02,0.0146875,-0.000533438
6.0760e-02,0.0271875,-0.00124563
6.0770e-02,0.0332812,-0.00128531
6.0780e-02,0.0179688,-0.00201656
6.0790e-02,0.0239063,-0.00185594
6.0800e-02,0.001875,-0.00168656
6.0810e-02,0.0125,-0.00189625
6.0820e-02,0.0170313,-0.00200969
6.0830e-02,0.00390625,-0.00204813
6.0840e-02,0.0114063,-0.00146844
6.0850e-02,0.00734375,-0.00197125
6.0860e-02,0.0040625,-0.00235094
6.0870e-02,0.0120312,-0.00225187
6.0880e-02,0.00703125,-0.00243719
6.0890e-02,0.0203125,-0.00193625
6.0900e-02,0.010625,-0.00253781
6.0910e-02,-0.00390625,-0.00195906
6.0920e-02,0.0114063,-0.00243406
6.0930e-02,-0.00734375,-0.00210625
6.0940e-02,0.00921875,-0.00208469
6.0950e-02,0.004375,-0.00219125
6.0960e-02,0.0025,-0.00261688
6.0970e-02,0.00125,-0.0022425
6.0980e-02,0.0078125,-0.00183906
6.0990e-02,0.00453125,-0.00198688
6.1000e-02,0.00625,-0.00197344
6.1010e-02,0.0134375,-0.00248594
6.1020e-02,-0.0025,-0.00221469
6.1030e-02,0.0084375,-0.00192875
6.1040e-02,0.006875,-0.00236031
6.1050e-02,0.0096875,-0.00229688
6.1060e-02,-0.00453125,-0.00210156
6.1070e-02,-0.00140625,-0.00237219
6.1080e-02,-0.0053125,-0.001745
6.1090e-02,0.00203125,-0.00240938
6.1100e-02,-0.00890625,-0.00218281
6.1110e-02,-0.0148437,-0.00240406
6.1120e-02,0.00375,-0.00220031
6.1130e-02,-0.00078125,-0.002185
6.1140e-02,-0.00890625,-0.00211781
6.1150e-02,-0.00296875,-0.00197656
6.1160e-02,-0.003125,-0.00217344
6.1170e-02,0.00734375,-0.00197375
6.1180e-02,-0.0134375,-0.00217
6.1190e-02,-0.005,-0.00199687
6.1200e-02,-0.010625,-0.00223094
6.1210e-02,-0.0003125,-0.00184156
6.1220e-02,-0.00953125,-0.00229031
6.1230e-02,-0.013125,-0.00263594
6.1240e-02,-0.0109375,-0.00287344
6.1250e-02,-0.0117188,-0.00258938
6.1260e-02,0.00078125,-0.00193094
6.1270e-02,0.0025,-0.00231656
6.1280e-02,0.0046875,-0.00146969
6.1290e-02,-0.00234375,-0.0020975
6.1300e-02,-0.010625,-0.00220969
6.1310e-02,-0.0028125,-0.00215063
6.1320e-02,-0.00921875,-0.00230094
6.1330e-02,-0.0075,-0.00186156
6.1340e-02,-0.0071875,-0.00243969
6.1350e-02,-0.00953125,-0.00235719
6.1360e-02,0.0009375,-0.00206844
6.1370e-02,-0.0053125,-0.00232969
6.1380e-02,-0.0146875,-0.00187219
6.1390e-02,-0.0121875,-0.00214594
6.1400e-02,0.00390625,-0.00186313
6.1410e-02,-0.0059375,-0.001665
6.1420e-02,-0.0046875,-0.00150063
6.1430e-02,-0.0126563,-0.00192875
6.1440e-02,-0.0178125,-0.0017875
6.1450e-02,-0.00640625,-0.00236094
6.1460e-02,-0.005625,-0.00187125
6.1470e-02,-0.010625,-0.00205
6.1480e-02,-0.00953125,-0.00207219
6.1490e-02,-0.0046875,-0.00199625
6.1500e-02,-0.0075,-0.00211312
6.1510e-02,-0.0090625,-0.002555
6.1520e-02,-0.0123438,-0.00221563
6.1530e-02,-0.0248438,-0.00193531
6.1540e-02,-0.01,-0.00195875
6.1550e-02,-0.0148437,-0.00213813
6.1560e-02,-0.0190625,-0.00199719
6.1570e-02,-0.0146875,-0.00212938
6.1580e-02,-0.0215625,-0.00176719
6.1590e-02,-0.0040625,-0.00207844
6.1600e-02,-0.01375,-0.00148
6.1610e-02,-0.0139063,-0.0022675
6.1620e-02,-0.021875,-0.00196688
6.1630e-02,-0.0223437,-0.002015
6.1640e-02,-0.0071875,-0.00192313
6.1650e-02,-0.0129688,-0.00228594
6.1660e-02,-0.0245313,-0.00204781
6.1670e-02,-0.009375,-0.00186719
6.1680e-02,-0.0015625,-0.00167531
6.1690e-02,-0.0153125,-0.00162875
6.1700e-02,-0.0198438,-0.00209187
6.1710e-02,-0.0132813,-0.00204031
6.1720e-02,-0.0201563,-0.00246031
6.1730e-02,-0.0134375,-0.0021025
6.1740e-02,-0.0121875,-0.00189063
6.1750e-02,-0.0148437,-0.00205531
6.1760e-02,-0.0078125,-0.00214313
6.1770e-02,-0.0253125,-0.00180969
6.1780e-02,-0.00390625,-0.00207094
6.1790e-02,-0.0148437,-0.00265906
6.1800e-02,-0.0142188,-0.00240531
6.1810e-02,-0.0139063,-0.00268844
6.1820e-02,-0.0128125,-0.00258875
6.1830e-02,-0.0192187,-0.00186063
6.1840e-02,-0.0229687,-0.00161375
6.1850e-02,-0.0217188,-0.00226969
6.1860e-02,-0.019375,-0.00211344
6.1870e-02,-0.0235938,-0.00198
6.1880e-02,-0.0221875,-0.00205281
6.1890e-02,-0.0078125,-0.00235531
6.1900e-02,-0.0164063,-0.00193875
6.1910e-02,-0.0176563,-0.00221219
6.1920e-02,-0.0185937,-0.00184
6.1930e-02,-0.014375,-0.00247906
6.1940e-02,-0.0290625,-0.00190688
6.1950e-02,-0.0195312,-0.00198281
6.1960e-02,-0.0248438,-0.00160656
6.1970e-02,-0.014375,-0.00145813
6.1980e-02,-0.0217188,-0.00183156
6.1990e-02,-0.00578125,-0.00215281
6.2000e-02,-0.0148437,-0.0017725
6.2010e-02,-0.015625,-0.00200219
6.2020e-02,-0.0120313,-0.00216281
6.2030e-02,-0.020625,-0.0016925
6.2040e-02,-0.0192187,-0.00208594
6.2050e-02,-0.0267187,-0.002005
6.2060e-02,-0.0135937,-0.00240531
6.2070e-02,-0.0185937,-0.00177625
6.2080e-02,-0.0235938,-0.00191531
6.2090e-02,-0.0248438,-0.00181938
6.2100e-02,-0.023125,-0.00187188
6.2110e-02,-0.0171875,-0.00187094
6.2120e-02,-0.0248438,-0.00165719
6.2130e-02,-0.0265625,-0.00220625
6.2140e-02,-0.0170313,-0.00264844
6.2150e-02,-0.0248438,-0.00214719
6.2160e-02,-0.0217188,-0.00201281
6.2170e-02,-0.0225,-0.00168719
6.2180e-02,-0.02375,-0.00216313
6.2190e-02,-0.0209375,-0.00193125
6.2200e-02,-0.02125,-0.00202844
6.2210e-02,-0.025625,-0.00217438
6.2220e-02,-0.0192187,-0.00229219
6.2230e-02,-0.0209375,-0.00212969
6.2240e-02,-0.0225,-0.00174875
6.2250e-02,-0.0173438,-0.00220469
6.2260e-02,-0.0190625,-0.00194938
6.2270e-02,-0.0239063,-0.00206156
6.2280e-02,-0.0267187,-0.00215625
6.2290e-02,-0.0198438,-0.001695
6.2300e-02,-0.02125,-0.00213219
6.2310e-02,-0.0132813,-0.00226063
6.2320e-02,-0.0246875,-0.0017775
6.2330e-02,-0.0201563,-0.00222313
6.2340e-02,-0.02125,-0.00221156
6.2350e-02,-0.0242188,-0.00177781
6.2360e-02,-0.0165625,-0.00218938
6.2370e-02,-0.03,-0.00210219
6.2380e-02,-0.0201563,-0.00220031
6.2390e-02,-0.0298438,-0.00197406
6.2400e-02,-0.0148437,-0.001915
6.2410e-02,-0.0248438,-0.00188719
6.2420e-02,-0.0214063,-0.00192688
6.2430e-02,-0.0132813,-0.00189875
6.2440e-02,-0.0175,-0.00194438
6.2450e-02,-0.020625,-0.001745
6.2460e-02,-0.0170313,-0.00215531
6.2470e-02,-0.0167188,-0.00234844
6.2480e-02,-0.0301563,-0.00217906
6.2490e-02,-0.020625,-0.00197406
6.2500e-02,-0.0226562,-0.00200875
6.2510e-02,-0.0198438,-0.00213813
6.2520e-02,-0.0228125,-0.00177906
6.2530e-02,-0.0273438,-0.00215125
6.2540e-02,-0.01625,-0.00196875
6.2550e-02,-0.0239063,-0.00202531
6.2560e-02,-0.0192187,-0.00225531
6.2570e-02,-0.0276563,-0.00230469
6.2580e-02,-0.03125,-0.00188094
6.2590e-02,-0.0365625,-0.00180313
6.2600e-02,-0.0273438,-0.00208813
6.2610e-02,-0.02875,-0.00189969
6.2620e-02,-0.0214063,-0.00146438
6.2630e-02,-0.0289063,-0.00173813
6.2640e-02,-0.019375,-0.00194438
6.2650e-02,-0.0215625,-0.00192063
6.2660e-02,-0.026875,-0.00286531
6.2670e-02,-0.0217188,-0.00208313
6.2680e-02,-0.015625,-0.00166156
6.2690e-02,-0.0203125,-0.00216563
6.2700e-02,-0.0371875,-0.00177281
6.2710e-02,-0.0253125,-0.00209625
6.2720e-02,-0.0215625,-0.00216281
6.2730e-02,-0.020625,-0.00161469
6.2740e-02,-0.0232812,-0.00213375
6.2750e-02,-0.0145312,-0.00233156
6.2760e-02,-0.0304688,-0.00231344
6.2770e-02,-0.0334375,-0.002015
6.2780e-02,-0.039375,-0.00228156
6.2790e-02,-0.020625,-0.00156219
6.2800e-02,-0.0189062,-0.00232438
6.2810e-02,-0.0226562,-0.00203844
6.2820e-02,-0.0189062,-0.00198813
6.2830e-02,-0.0340625,-0.00227594
6.2840e-02,-0.0323438,-0.00204719
6.2850e-02,-0.0314062,-0.00220375
6.2860e-02,-0.025625,-0.00166969
6.2870e-02,-0.0320312,-0.00215031
6.2880e-02,-0.0253125,-0.00223719
6.2890e-02,-0.035625,-0.00160406
6.2900e-02,-0.0129688,-0.00200469
6.2910e-02,-0.0295313,-0.00191344
6.2920e-02,-0.0214063,-0.00217906
6.2930e-02,-0.0223437,-0.00154688
6.2940e-02,-0.03,-0.00195437
6.2950e-02,-0.028125,-0.00203125
6.2960e-02,-0.0326562,-0.00217938
6.2970e-02,-0.03375,-0.00243469
6.2980e-02,-0.0332812,-0.00213719
6.2990e-02,-0.0242188,-0.00198219
6.3000e-02,-0.0301563,-0.00188219
6.3010e-02,-0.0259375,-0.00201094
6.3020e-02,-0.0210938,-0.00182688
6.3030e-02,-0.0354688,-0.00244969
6.3040e-02,-0.0189062,-0.002545
6.3050e-02,-0.0192187,-0.00172719
6.3060e-02,-0.0232812,-0.00172594
6.3070e-02,-0.020625,-0.00125563
6.3080e-02,-0.0290625,-0.00176094
6.3090e-02,-0.0226562,-0.00231094
6.3100e-02,-0.0235938,-0.001905
6.3110e-02,-0.0245313,-0.00180125
6.3120e-02,-0.0364063,-0.00170906
6.3130e-02,-0.0185937,-0.00206094
6.3140e-02,-0.0292188,-0.00181969
6.3150e-02,-0.02375,-0.00196594
6.3160e-02,-0.02875,-0.00217063
6.3170e-02,-0.0229687,-0.00203688
6.3180e-02,-0.0278125,-0.00192813
6.3190e-02,-0.0221875,-0.00174063
6.3200e-02,-0.0317188,-0.00187469
6.3210e-02,-0.0451563,-0.00224906
6.3220e-02,-0.029375,-0.00216781
6.3230e-02,-0.0275,-0.00187906
6.3240e-02,-0.0207813,-0.00205094
6.3250e-02,-0.030625,-0.00201594
6.3260e-02,-0.0335937,-0.0023925
6.3270e-02,-0.0285938,-0.00211969
6.3280e-02,-0.03625,-0.00208375
6.3290e-02,-0.0360938,-0.00189844
6.3300e-02,-0.0345312,-0.00213375
6.3310e-02,-0.03,-0.00257594
6.3320e-02,-0.0207813,-0.00214531
6.3330e-02,-0.0315625,-0.00215125
6.3340e-02,-0.0290625,-0.00209688
6.3350e-02,-0.02,-0.00174844
6.3360e-02,-0.0298438,-0.00142344
6.3370e-02,-0.02625,-0.00194281
6.3380e-02,-0.02,-0.00193938
6.3390e-02,-0.01625,-0.00182938
6.3400e-02,-0.036875,-0.00213344
6.3410e-02,-0.0223437,-0.00199875
6.3420e-02,-0.03125,-0.00168781
6.3430e-02,-0.0320312,-0.00219313
6.3440e-02,-0.0417187,-0.00187688
6.3450e-02,-0.03,-0.00178625
6.3460e-02,-0.0185937,-0.002425
6.3470e-02,-0.0289063,-0.00209875
6.3480e-02,-0.0165625,-0.00203313
6.3490e-02,-0.03,-0.00215
6.3500e-02,-0.031875,-0.00174781
6.3510e-02,-0.0296875,-0.0020875
6.3520e-02,-0.0232812,-0.00205969
6.3530e-02,-0.0317188,-0.00203625
6.3540e-02,-0.0246875,-0.00246437
6.3550e-02,-0.03,-0.00209219
6.3560e-02,-0.0292188,-0.00212063
6.3570e-02,-0.0360938,-0.00202812
6.3580e-02,-0.0378125,-0.00219719
6.3590e-02,-0.0332812,-0.00175219
6.3600e-02,-0.0259375,-0.001835
6.3610e-02,-0.025,-0.00209969
6.3620e-02,-0.028125,-0.00170656
6.3630e-02,-0.0351562,-0.0022
6.3640e-02,-0.0360938,-0.00205469
6.3650e-02,-0.0254688,-0.00198562
6.3660e-02,-0.026875,-0.00258563
6.3670e-02,-0.0307813,-0.00261844
6.3680e-02,-0.0339062,-0.00232406
6.3690e-02,-0.024375,-0.00226219
6.3700e-02,-0.0298438,-0.00181875
6.3710e-02,-0.0282813,-0.00220656
6.3720e-02,-0.0278125,-0.00210594
6.3730e-02,-0.0309375,-0.00252656
6.3740e-02,-0.031875,-0.00214
6.3750e-02,-0.0273438,-0.00167531
6.3760e-02,-0.020625,-0.00211688
6.3770e-02,-0.0346875,-0.00182875
6.3780e-02,-0.0296875,-0.00202
6.3790e-02,-0.0309375,-0.00222813
6.3800e-02,-0.0403125,-0.00181
6.3810e-02,-0.0339062,-0.00235125
6.3820e-02,-0.0335937,-0.00214375
6.3830e-02,-0.0340625,-0.00202531
6.3840e-02,-0.0357813,-0.00171625
6.3850e-02,-0.0325,-0.00214406
6.3860e-02,-0.01875,-0.002165
6.3870e-02,-0.0320312,-0.00229219
6.3880e-02,-0.0267187,-0.00241406
6.3890e-02,-0.0417187,-0.00206719
6.3900e-02,-0.0226562,-0.00218438
6.3910e-02,-0.0217188,-0.00252344
6.3920e-02,-0.0207813,-0.00249313
6.3930e-02,-0.029375,-0.00184031
6.3940e-02,-0.0375,-0.00178625
6.3950e-02,-0.0442188,-0.00206438
6.3960e-02,-0.0320312,-0.0020825
6.3970e-02,-0.0379688,-0.00213219
6.3980e-02,-0.0390625,-0.00201375
6.3990e-02,-0.0310937,-0.00194719
6.4000e-02,-0.0292188,-0.00249094
6.4010e-02,-0.0276563,-0.00224344
6.4020e-02,-0.0317188,-0.00216625
6.4030e-02,-0.0273438,-0.00212313
6.4040e-02,-0.0276563,-0.00178031
6.4050e-02,-0.0245313,-0.00193313
6.4060e-02,-0.035,-0.00176313
6.4070e-02,-0.0315625,-0.00232469
6.4080e-02,-0.0329688,-0.00217687
6.4090e-02,-0.0260937,-0.00228094
6.4100e-02,-0.0325,-0.00229313
6.4110e-02,-0.03375,-0.001755
6.4120e-02,-0.0323438,-0.00229219
6.4130e-02,-0.034375,-0.00178156
6.4140e-02,-0.0345312,-0.00230969
6.4150e-02,-0.0325,-0.00190188
6.4160e-02,-0.0384375,-0.00197688
6.4170e-02,-0.03,-0.00215719
6.4180e-02,-0.0298438,-0.00204406
6.4190e-02,-0.0365625,-0.00182344
6.4200e-02,-0.0289063,-0.00197625
6.4210e-02,-0.0382813,-0.002365
6.4220e-02,-0.0376563,-0.00198219
6.4230e-02,-0.0364063,-0.00141438
6.4240e-02,-0.03125,-0.00158813
6.4250e-02,-0.030625,-0.00172063
6.4260e-02,-0.0385937,-0.00216031
6.4270e-02,-0.0364063,-0.00225719
6.4280e-02,-0.029375,-0.00181813
6.4290e-02,-0.0235938,-0.00234656
6.4300e-02,-0.0259375,-0.00159969
6.4310e-02,-0.0257812,-0.00206062
6.4320e-02,-0.0284375,-0.00174375
6.4330e-02,-0.0278125,-0.00205813
6.4340e-02,-0.0335937,-0.00178031
6.4350e-02,-0.0379688,-0.00206844
6.4360e-02,-0.0303125,-0.00194781
6.4370e-02,-0.0417187,-0.00197219
6.4380e-02,-0.0314062,-0.00199563
6.4390e-02,-0.0409375,-0.00164625
6.4400e-02,-0.034375,-0.001725
6.4410e-02,-0.0307813,-0.00191063
6.4420e-02,-0.0345312,-0.00157719
6.4430e-02,-0.0284375,-0.00186031
6.4440e-02,-0.0296875,-0.00173344
6.4450e-02,-0.03125,-0.00171344
6.4460e-02,-0.0296875,-0.00207
6.4470e-02,-0.030625,-0.00229094
6.4480e-02,-0.048125,-0.00179063
6.4490e-02,-0.0253125,-0.00220625
6.4500e-02,-0.030625,-0.00170313
6.4510e-02,-0.0301563,-0.00188188
6.4520e-02,-0.0390625,-0.00196531
6.4530e-02,-0.0198438,-0.00211844
6.4540e-02,-0.034375,-0.00215156
6.4550e-02,-0.0340625,-0.00197625
6.4560e-02,-0.035625,-0.00164031
6.4570e-02,-0.0379688,-0.00205219
6.4580e-02,-0.0284375,-0.00172688
6.4590e-02,-0.0429688,-0.00176531
6.4600e-02,-0.0364063,-0.00204188
6.4610e-02,-0.03875,-0.00215875
6.4620e-02,-0.0365625,-0.00192438
6.4630e-02,-0.0342187,-0.00203
6.4640e-02,-0.0326562,-0.00203063
6.4650e-02,-0.0189062,-0.00175875
6.4660e-02,-0.0275,-0.00165125
6.4670e-02,-0.0351562,-0.00125
6.4680e-02,-0.0307813,-0.00204031
6.4690e-02,-0.0229687,-0.00242094
6.4700e-02,-0.0317188,-0.00235531
6.4710e-02,-0.0367188,-0.00193469
6.4720e-02,-0.0292188,-0.00132063
6.4730e-02,-0.0257812,-0.00188094
6.4740e-02,-0.034375,-0.00177188
6.4750e-02,-0.0340625,-0.00213063
6.4760e-02,-0.0328125,-0.00213563
6.4770e-02,-0.0328125,-0.00224375
6.4780e-02,-0.0248438,-0.00210094
6.4790e-02,-0.0367188,-0.00224438
6.4800e-02,-0.0289063,-0.0023575
6.4810e-02,-0.0295313,-0.00224938
6.4820e-02,-0.0385937,-0.00195437
6.4830e-02,-0.0304688,-0.001965
6.4840e-02,-0.0279688,-0.00189125
6.4850e-02,-0.0321875,-0.00210781
6.4860e-02,-0.0401563,-0.00234625
6.4870e-02,-0.0454688,-0.00217
6.4880e-02,-0.03,-0.00217938
6.4890e-02,-0.0314062,-0.00256063
6.4900e-02,-0.031875,-0.00159031
6.4910e-02,-0.0329688,-0.00188313
6.4920e-02,-0.0335937,-0.00204937
6.4930e-02,-0.0354688,-0.00204875
6.4940e-02,-0.0267187,-0.00232406
6.4950e-02,-0.04,-0.00240313
6.4960e-02,-0.024375,-0.00207844
6.4970e-02,-0.0360938,-0.00225594
6.4980e-02,-0.0409375,-0.00216125
6.4990e-02,-0.0225,-0.00153844
6.5000e-02,-0.029375,-0.00209844
6.5010e-02,-0.0359375,-0.0015775
6.5020e-02,-0.0378125,-0.00184156
6.5030e-02,-0.0367188,-0.00185938
6.5040e-02,-0.0257812,-0.00178313
6.5050e-02,-0.028125,-0.00178313
6.5060e-02,-0.0373438,-0.00233563
6.5070e-02,-0.0334375,-0.00183594
6.5080e-02,-0.0459375,-0.00180875
6.5090e-02,-0.0289063,-0.00217094
6.5100e-02,-0.0392187,-0.00207813
6.5110e-02,-0.0339062,-0.00214375
6.5120e-02,-0.0273438,-0.00211438
6.5130e-02,-0.0251563,-0.00198594
6.5140e-02,-0.0378125,-0.00193094
6.5150e-02,-0.035625,-0.00187406
6.5160e-02,-0.03625,-0.00171406
6.5170e-02,-0.0304688,-0.00207906
6.5180e-02,-0.0339062,-0.00195344
6.5190e-02,-0.0384375,-0.0020125
6.5200e-02,-0.0410937,-0.00208906
6.5210e-02,-0.0396875,-0.00192625
6.5220e-02,-0.0275,-0.00203844
6.5230e-02,-0.0314062,-0.0021775
6.5240e-02,-0.0420312,-0.00164844
6.5250e-02,-0.0314062,-0.00217687
6.5260e-02,-0.0303125,-0.00213563
6.5270e-02,-0.0410937,-0.00206969
6.5280e-02,-0.035625,-0.00199531
6.5290e-02,-0.0376563,-0.00159938
6.5300e-02,-0.0376563,-0.00242406
6.5310e-02,-0.0346875,-0.00236438
6.5320e-02,-0.0451563,-0.00186438
6.5330e-02,-0.028125,-0.00188281
6.5340e-02,-0.029375,-0.00196063
6.5350e-02,-0.0364063,-0.00206594
6.5360e-02,-0.0254688,-0.00233219
6.5370e-02,-0.044375,-0.00235938
6.5380e-02,-0.0278125,-0.00195813
6.5390e-02,-0.0326562,-0.00212656
6.5400e-02,-0.0379688,-0.0022525
6.5410e-02,-0.0353125,-0.00185844
6.5420e-02,-0.0398437,-0.00171688
6.5430e-02,-0.0234375,-0.00176125
6.5440e-02,-0.039375,-0.001995
6.5450e-02,-0.0239063,-0.00186906
6.5460e-02,-0.033125,-0.00168969
6.5470e-02,-0.0323438,-0.00250594
6.5480e-02,-0.0251563,-0.00205656
6.5490e-02,-0.0385937,-0.00206656
6.5500e-02,-0.0371875,-0.00194719
6.5510e-02,-0.03625,-0.00211531
6.5520e-02,-0.036875,-0.00196781
6.5530e-02,-0.0285938,-0.00226375
6.5540e-02,-0.0314062,-0.00285656
6.5550e-02,-0.0382813,-0.00222406
6.5560e-02,-0.0332812,-0.00211469
6.5570e-02,-0.0392187,-0.0017525
6.5580e-02,-0.0385937,-0.00185563
6.5590e-02,-0.035625,-0.00226844
6.5600e-02,-0.0329688,-0.00195969
6.5610e-02,-0.0409375,-0.0023325
6.5620e-02,-0.0373438,-0.00201406
6.5630e-02,-0.0365625,-0.00191813
6.5640e-02,-0.034375,-0.00193719
6.5650e-02,-0.033125,-0.00207438
6.5660e-02,-0.0321875,-0.0017975
6.5670e-02,-0.0414063,-0.00192938
6.5680e-02,-0.0395313,-0.0021175
6.5690e-02,-0.0357813,-0.00192125
6.5700e-02,-0.0384375,-0.00254656
6.5710e-02,-0.0373438,-0.00272156
6.5720e-02,-0.0376563,-0.0025
6.5730e-02,-0.041875,-0.00185406
6.5740e-02,-0.044375,-0.00231938
6.5750e-02,-0.0340625,-0.00176625
6.5760e-02,-0.0379688,-0.00226781
6.5770e-02,-0.04,-0.00214344
6.5780e-02,-0.0335937,-0.00182313
6.5790e-02,-0.0364063,-0.00231813
6.5800e-02,-0.0389063,-0.00167563
6.5810e-02,-0.0390625,-0.00175563
6.5820e-02,-0.03125,-0.00201219
6.5830e-02,-0.02875,-0.00140531
6.5840e-02,-0.031875,-0.00193094
6.5850e-02,-0.0392187,-0.0023675
6.5860e-02,-0.0273438,-0.0018625
6.5870e-02,-0.0378125,-0.00159406
6.5880e-02,-0.0425,-0.00212531
6.5890e-02,-0.0340625,-0.00174875
6.5900e-02,-0.026875,-0.00147563
6.5910e-02,-0.0401563,-0.00168063
6.5920e-02,-0.0357813,-0.001765
6.5930e-02,-0.0229687,-0.00228219
6.5940e-02,-0.026875,-0.00192688
6.5950e-02,-0.0410937,-0.00176375
6.5960e-02,-0.0351562,-0.00185063
6.5970e-02,-0.034375,-0.00199156
6.5980e-02,-0.0290625,-0.00195875
6.5990e-02,-0.0345312,-0.00206688
6.6000e-02,-0.0351562,-0.0021275
6.6010e-02,-0.031875,-0.00196156
6.6020e-02,-0.0326562,-0.00208281
6.6030e-02,-0.031875,-0.00187188
6.6040e-02,-0.043125,-0.00179875
6.6050e-02,-0.0409375,-0.0014225
6.6060e-02,-0.0395313,-0.00192
6.6070e-02,-0.0479688,-0.00183938
6.6080e-02,-0.0445313,-0.00202875
6.6090e-02,-0.0385937,-0.00188281
6.6100e-02,-0.0423437,-0.00172125
6.6110e-02,-0.0292188,-0.00152188
6.6120e-02,-0.0379688,-0.00215938
6.6130e-02,-0.0332812,-0.00143969
6.6140e-02,-0.035625,-0.00226094
6.6150e-02,-0.0346875,-0.00196
6.6160e-02,-0.0373438,-0.00178563
6.6170e-02,-0.0484375,-0.00179531
6.6180e-02,-0.036875,-0.0020225
6.6190e-02,-0.048125,-0.00218156
6.6200e-02,-0.039375,-0.00154594
6.6210e-02,-0.0404687,-0.001965
6.6220e-02,-0.0429688,-0.002425
6.6230e-02,-0.0392187,-0.0019725
6.6240e-02,-0.0385937,-0.00167188
6.6250e-02,-0.0425,-0.00190844
6.6260e-02,-0.0398437,-0.00194375
6.6270e-02,-0.044375,-0.00229719
6.6280e-02,-0.0314062,-0.00193031
6.6290e-02,-0.0395313,-0.00233
6.6300e-02,-0.0409375,-0.00232688
6.6310e-02,-0.0439063,-0.00200094
6.6320e-02,-0.038125,-0.00187406
6.6330e-02,-0.0334375,-0.00175063
6.6340e-02,-0.033125,-0.00257438
6.6350e-02,-0.0442188,-0.00190594
6.6360e-02,-0.0357813,-0.00222719
6.6370e-02,-0.0248438,-0.001975
6.6380e-02,-0.0403125,-0.00230531
6.6390e-02,-0.0548437,-0.00220031
6.6400e-02,-0.0275,-0.00205313
6.6410e-02,-0.0304688,-0.00179406
6.6420e-02,-0.0465625,-0.00206219
6.6430e-02,-0.0503125,-0.00214562
6.6440e-02,-0.0348437,-0.00148063
6.6450e-02,-0.0451563,-0.00178531
6.6460e-02,-0.05125,-0.00215438
6.6470e-02,-0.0364063,-0.00174906
6.6480e-02,-0.0475,-0.00204188
6.6490e-02,-0.035625,-0.00208688
6.6500e-02,-0.044375,-0.00165813
6.6510e-02,-0.04,-0.00146938
6.6520e-02,-0.0392187,-0.00169188
6.6530e-02,-0.0457813,-0.00175938
6.6540e-02,-0.03125,-0.00155531
6.6550e-02,-0.0260937,-0.00193469
6.6560e-02,-0.0484375,-0.00230156
6.6570e-02,-0.0365625,-0.00204656
6.6580e-02,-0.0264062,-0.00201938
6.6590e-02,-0.038125,-0.00213531
6.6600e-02,-0.0348437,-0.00249656
6.6610e-02,-0.0317188,-0.00218688
6.6620e-02,-0.03,-0.00182156
6.6630e-02,-0.0326562,-0.00198156
6.6640e-02,-0.0365625,-0.001705
6.6650e-02,-0.03,-0.00173406
6.6660e-02,-0.040625,-0.00182313
6.6670e-02,-0.040625,-0.00181
6.6680e-02,-0.0445313,-0.00153719
6.6690e-02,-0.0315625,-0.00163563
6.6700e-02,-0.04,-0.00209969
6.6710e-02,-0.04125,-0.00209781
6.6720e-02,-0.0376563,-0.00175188
6.6730e-02,-0.0545313,-0.00228
6.6740e-02,-0.029375,-0.00162969
6.6750e-02,-0.0248438,-0.00203438
6.6760e-02,-0.0310937,-0.00215688
6.6770e-02,-0.0517188,-0.00213969
6.6780e-02,-0.03375,-0.00237781
6.6790e-02,-0.0370313,-0.00223125
6.6800e-02,-0.034375,-0.00194
6.6810e-02,-0.0376563,-0.00178188
6.6820e-02,-0.0335937,-0.00153844
6.6830e-02,-0.0346875,-0.00193281
6.6840e-02,-0.0340625,-0.00212344
6.6850e-02,-0.0467188,-0.00187156
6.6860e-02,-0.03,-0.00235844
6.6870e-02,-0.0295313,-0.00176281
6.6880e-02,-0.0384375,-0.00220063
6.6890e-02,-0.0439063,-0.00199063
6.6900e-02,-0.03375,-0.00157344
6.6910e-02,-0.0517188,-0.00171031
6.6920e-02,-0.0345312,-0.00193625
6.6930e-02,-0.04875,-0.00160156
6.6940e-02,-0.040625,-0.00221594
6.6950e-02,-0.0278125,-0.00203719
6.6960e-02,-0.0385937,-0.00171469
6.6970e-02,-0.0457813,-0.00184406
6.6980e-02,-0.0398437,-0.00209063
6.6990e-02,-0.0425,-0.00165969
6.7000e-02,-0.03125,-0.00147188
6.7010e-02,-0.0310937,-0.00196
6.7020e-02,-0.0395313,-0.0018425
6.7030e-02,-0.0429688,-0.00182
6.7040e-02,-0.0298438,-0.00227844
6.7050e-02,-0.0303125,-0.00235594
6.7060e-02,-0.0321875,-0.00200687
6.7070e-02,-0.0404687,-0.00218625
6.7080e-02,-0.0364063,-0.00195312
6.7090e-02,-0.0395313,-0.00172375
6.7100e-02,-0.0396875,-0.00239094
6.7110e-02,-0.031875,-0.00238719
6.7120e-02,-0.030625,-0.00210719
6.7130e-02,-0.04125,-0.00188313
6.7140e-02,-0.0501562,-0.00219875
6.7150e-02,-0.0425,-0.00194406
6.7160e-02,-0.0320312,-0.00192469
6.7170e-02,-0.0407813,-0.00217
6.7180e-02,-0.0370313,-0.00213938
6.7190e-02,-0.05125,-0.00172375
6.7200e-02,-0.0459375,-0.00191219
6.7210e-02,-0.030625,-0.00187156
6.7220e-02,-0.0389063,-0.00208781
6.7230e-02,-0.0323438,-0.00195969
6.7240e-02,-0.0321875,-0.00153813
6.7250e-02,-0.0392187,-0.00159531
6.7260e-02,-0.0392187,-0.00170875
6.7270e-02,-0.051875,-0.00197125
6.7280e-02,-0.0328125,-0.00228625
6.7290e-02,-0.0475,-0.00194094
6.7300e-02,-0.0485938,-0.001935
6.7310e-02,-0.0440625,-0.00235688
6.7320e-02,-0.0345312,-0.00185844
6.7330e-02,-0.0415625,-0.00228969
6.7340e-02,-0.0273438,-0.00187406
6.7350e-02,-0.0357813,-0.00283906
6.7360e-02,-0.049375,-0.00245531
6.7370e-02,-0.0451563,-0.00211219
6.7380e-02,-0.0509375,-0.0022
6.7390e-02,-0.0415625,-0.00207906
6.7400e-02,-0.0385937,-0.00163781
6.7410e-02,-0.0325,-0.00162875
6.7420e-02,-0.0442188,-0.00223844
6.7430e-02,-0.0370313,-0.00188906
6.7440e-02,-0.048125,-0.00186219
6.7450e-02,-0.0507812,-0.00193313
6.7460e-02,-0.0321875,-0.00234813
6.7470e-02,-0.0439063,-0.00179938
6.7480e-02,-0.0301563,-0.00161563
6.7490e-02,-0.0317188,-0.0014525
6.7500e-02,-0.0490625,-0.00186688
6.7510e-02,-0.0435938,-0.00218313
6.7520e-02,-0.0296875,-0.00250719
6.7530e-02,-0.0423437,-0.00247406
6.7540e-02,-0.0460938,-0.00243844
6.7550e-02,-0.0332812,-0.00234688
6.7560e-02,-0.0429688,-0.00210219
6.7570e-02,-0.0426562,-0.00185344
6.7580e-02,-0.0435938,-0.00182813
6.7590e-02,-0.0507812,-0.00193438
6.7600e-02,-0.0346875,-0.00207938
6.7610e-02,-0.0417187,-0.00144531
6.7620e-02,-0.0471875,-0.00222594
6.7630e-02,-0.0467188,-0.00196188
6.7640e-02,-0.038125,-0.00188281
6.7650e-02,-0.043125,-0.00205313
6.7660e-02,-0.0415625,-0.00176875
6.7670e-02,-0.0357813,-0.00196156
6.7680e-02,-0.03125,-0.00220781
6.7690e-02,-0.030625,-0.00225219
6.7700e-02,-0.0507812,-0.00213719
6.7710e-02,-0.036875,-0.00232313
6.7720e-02,-0.0392187,-0.00199813
6.7730e-02,-0.0476562,-0.00153313
6.7740e-02,-0.0340625,-0.00250469
6.7750e-02,-0.0389063,-0.00140375
6.7760e-02,-0.035,-0.00199156
6.7770e-02,-0.0290625,-0.00184813
6.7780e-02,-0.0465625,-0.00197688
6.7790e-02,-0.0357813,-0.0019075
6.7800e-02,-0.0407813,-0.00190938
6.7810e-02,-0.045625,-0.00192438
6.7820e-02,-0.0389063,-0.00201563
6.7830e-02,-0.0415625,-0.00192031
6.7840e-02,-0.0429688,-0.00230406
6.7850e-02,-0.0398437,-0.00218563
6.7860e-02,-0.026875,-0.00159938
6.7870e-02,-0.0371875,-0.00208344
6.7880e-02,-0.0390625,-0.00194313
6.7890e-02,-0.0528125,-0.00213406
6.7900e-02,-0.039375,-0.0019825
6.7910e-02,-0.04125,-0.00172313
6.7920e-02,-0.0340625,-0.00223813
6.7930e-02,-0.0385937,-0.00206062
6.7940e-02,-0.0334375,-0.00165781
6.7950e-02,-0.0351562,-0.00175813
6.7960e-02,-0.0434375,-0.00176
6.7970e-02,-0.029375,-0.00196781
6.7980e-02,-0.0357813,-0.00195938
6.7990e-02,-0.0375,-0.00207531
6.8000e-02,-0.0523437,-0.00187125
6.8010e-02,-0.0396875,-0.00176563
6.8020e-02,-0.0317188,-0.00124219
6.8030e-02,-0.036875,-0.00173531
6.8040e-02,-0.0378125,-0.00232469
6.8050e-02,-0.0396875,-0.00209
6.8060e-02,-0.0439063,-0.00172719
6.8070e-02,-0.0303125,-0.00187688
6.8080e-02,-0.0376563,-0.00185406
6.8090e-02,-0.0464062,-0.00163375
6.8100e-02,-0.050625,-0.00173063
6.8110e-02,-0.03875,-0.00154438
6.8120e-02,-0.0414063,-0.00191813
6.8130e-02,-0.0454688,-0.00244375
6.8140e-02,-0.0445313,-0.0014325
6.8150e-02,-0.0425,-0.00209938
6.8160e-02,-0.0359375,-0.00199594
6.8170e-02,-0.035,-0.0017475
6.8180e-02,-0.0360938,-0.00215313
6.8190e-02,-0.0414063,-0.00158719
6.8200e-02,-0.0460938,-0.00206781
6.8210e-02,-0.03375,-0.00204219
6.8220e-02,-0.034375,-0.001895
6.8230e-02,-0.0385937,-0.00234438
6.8240e-02,-0.0365625,-0.00225406
6.8250e-02,-0.0429688,-0.00174938
6.8260e-02,-0.0398437,-0.00195906
6.8270e-02,-0.041875,-0.001855
6.8280e-02,-0.035,-0.00178906
6.8290e-02,-0.03125,-0.00199719
6.8300e-02,-0.0423437,-0.00183406
6.8310e-02,-0.0410937,-0.00185313
6.8320e-02,-0.05,-0.00181188
6.8330e-02,-0.0396875,-0.00188813
6.8340e-02,-0.0457813,-0.00193406
6.8350e-02,-0.0323438,-0.00193313
6.8360e-02,-0.0314062,-0.00193375
6.8370e-02,-0.040625,-0.00177781
6.8380e-02,-0.0429688,-0.00216906
6.8390e-02,-0.0464062,-0.00156844
6.8400e-02,-0.0296875,-0.00191688
6.8410e-02,-0.0410937,-0.00216406
6.8420e-02,-0.043125,-0.00199375
6.8430e-02,-0.0396875,-0.00187469
6.8440e-02,-0.0309375,-0.00185063
6.8450e-02,-0.0426562,-0.00207
6.8460e-02,-0.0454688,-0.00214656
6.8470e-02,-0.0425,-0.00207969
6.8480e-02,-0.0389063,-0.00198938
6.8490e-02,-0.289062,-0.00149469
6.8500e-02,1.45109,0.000211875
6.8510e-02,1.48406,0.0004475
6.8520e-02,1.15125,0.00101
6.8530e-02,0.65,0.00114625
6.8540e-02,0.117031,0.00115844
6.8550e-02,0.122813,0.00112344
6.8560e-02,0.102344,0.00108188
6.8570e-02,0.0815625,0.00106844
6.8580e-02,0.0846875,0.00104813
6.8590e-02,0.06125,0.00107406
6.8600e-02,0.0578125,0.000830625
6.8610e-02,0.0784375,0.00111813
6.8620e-02,0.0553125,0.00105469
6.8630e-02,0.0610938,0.00117281
6.8640e-02,0.0454688,0.000944375
6.8650e-02,0.0309375,0.000986875
6.8660e-02,0.039375,0.00105125
6.8670e-02,0.0396875,0.000987188
6.8680e-02,0.0310937,0.00103125
6.8690e-02,0.031875,0.0010675
6.8700e-02,0.0164063,0.001015
6.8710e-02,0.0207812,0.00105344
6.8720e-02,0.0375,0.0010075
6.8730e-02,0.0309375,0.00112281
6.8740e-02,0.0207812,0.00102063
6.8750e-02,0.0260938,0.000337188
6.8760e-02,0.023125,-0.00107656
6.8770e-02,0.0210937,-0.00139156
6.8780e-02,0.0034375,-0.00193094
6.8790e-02,0.0182813,-0.00191969
6.8800e-02,0.0159375,-0.00205938
6.8810e-02,0.009375,-0.00173656
6.8820e-02,0.019375,-0.0021875
6.8830e-02,0.0223437,-0.00211844
6.8840e-02,0.0135937,-0.00201812
6.8850e-02,0.0182813,-0.00203031
6.8860e-02,0.0121875,-0.00236156
6.8870e-02,0.0145312,-0.0024375
6.8880e-02,0.005,-0.00175375
6.8890e-02,0.00265625,-0.00178344
6.8900e-02,-0.00265625,-0.00241781
6.8910e-02,0.00484375,-0.00211312
6.8920e-02,0.0129687,-0.00207
6.8930e-02,0.004375,-0.00221875
6.8940e-02,0.00984375,-0.00233563
6.8950e-02,0.00671875,-0.00192219
6.8960e-02,0.005625,-0.00234031
6.8970e-02,0.0145312,-0.00182281
6.8980e-02,0.00765625,-0.00225281
6.8990e-02,0.0009375,-0.00224438
6.9000e-02,0.00671875,-0.00243281
6.9010e-02,-0.00796875,-0.00169969
6.9020e-02,-0.00359375,-0.00212281
6.9030e-02,0.00359375,-0.00216313
6.9040e-02,-0.00828125,-0.00216781
6.9050e-02,-0.00109375,-0.00183094
6.9060e-02,-0.0075,-0.00194844
6.9070e-02,0.0003125,-0.00186094
6.9080e-02,-0.00109375,-0.00184313
6.9090e-02,-0.0021875,-0.00185719
6.9100e-02,-0.00328125,-0.00177219
6.9110e-02,0.00640625,-0.00225344
6.9120e-02,-0.00109375,-0.001415
6.9130e-02,-0.00484375,-0.00194844
6.9140e-02,-0.00203125,-0.00180188
6.9150e-02,-0.00734375,-0.00214813
6.9160e-02,0.00328125,-0.00218531
6.9170e-02,-0.0071875,-0.00242781
6.9180e-02,0.00140625,-0.00188
6.9190e-02,-0.00703125,-0.00203094
6.9200e-02,0.0015625,-0.00147563
6.9210e-02,-0.00765625,-0.002075
6.9220e-02,-0.00203125,-0.00194188
6.9230e-02,-0.00515625,-0.00248156
6.9240e-02,-0.0071875,-0.002035
6.9250e-02,-0.00890625,-0.00184344
6.9260e-02,-0.00375,-0.00174781
6.9270e-02,-0.0114062,-0.00230625
6.9280e-02,0.00328125,-0.00219938
6.9290e-02,-0.0159375,-0.00229406
6.9300e-02,-0.0148437,-0.00191906
6.9310e-02,-0.00296875,-0.00176625
6.9320e-02,-0.0028125,-0.00198719
6.9330e-02,-0.00859375,-0.00235781
6.9340e-02,-0.0157813,-0.00249875
6.9350e-02,-0.00484375,-0.0019
6.9360e-02,-0.0142188,-0.00185156
6.9370e-02,-0.0189062,-0.00196625
6.9380e-02,0.0015625,-0.00242125
6.9390e-02,-0.0009375,-0.00220781
6.9400e-02,-0.0107813,-0.00178313
6.9410e-02,-0.009375,-0.00171156
6.9420e-02,-0.00640625,-0.00236438
6.9430e-02,-0.000625,-0.00220031
6.9440e-02,-0.00703125,-0.00208906
6.9450e-02,-0.0109375,-0.00191594
6.9460e-02,-0.0128125,-0.00246875
6.9470e-02,-0.0146875,-0.00192344
6.9480e-02,-0.0114062,-0.00199875
6.9490e-02,-0.014375,-0.002135
6.9500e-02,-0.0046875,-0.00189563
6.9510e-02,-0.0075,-0.00217531
6.9520e-02,-0.00015625,-0.00171469
6.9530e-02,-0.01,-0.00205656
6.9540e-02,-0.0160938,-0.00212656
6.9550e-02,-0.006875,-0.00284375
6.9560e-02,-0.0134375,-0.002115
6.9570e-02,-0.0171875,-0.00204094
6.9580e-02,-0.00578125,-0.00176625
6.9590e-02,-0.0215625,-0.00199281
6.9600e-02,-0.0229687,-0.00174594
6.9610e-02,-0.0115625,-0.00213938
6.9620e-02,-0.01125,-0.00215562
6.9630e-02,-0.0125,-0.00186813
6.9640e-02,-0.0175,-0.00214438
6.9650e-02,-0.006875,-0.00204813
6.9660e-02,-0.0170313,-0.00221094
6.9670e-02,-0.0101563,-0.00232094
6.9680e-02,-0.00796875,-0.00203937
6.9690e-02,-0.0154687,-0.00230281
6.9700e-02,-0.0107813,-0.00201719
6.9710e-02,-0.0320312,-0.00199031
6.9720e-02,-0.0221875,-0.00188469
6.9730e-02,-0.0164063,-0.00188281
6.9740e-02,-0.021875,-0.00251563
6.9750e-02,-0.0179687,-0.00211813
6.9760e-02,-0.0210938,-0.00198063
6.9770e-02,-0.024375,-0.00249031
6.9780e-02,-0.0139063,-0.00211469
6.9790e-02,-0.0121875,-0.00194281
6.9800e-02,-0.0160938,-0.00193438
6.9810e-02,-0.01625,-0.00209
6.9820e-02,-0.0164063,-0.00202812
6.9830e-02,-0.0310937,-0.00195094
6.9840e-02,-0.0257812,-0.00185344
6.9850e-02,-0.0203125,-0.00210875
6.9860e-02,-0.0145312,-0.00165031
6.9870e-02,-0.00109375,-0.00217844
6.9880e-02,-0.021875,-0.00237125
6.9890e-02,-0.00515625,-0.00190375
6.9900e-02,-0.0203125,-0.00206844
6.9910e-02,-0.0254688,-0.00207625
6.9920e-02,-0.02,-0.00209281
6.9930e-02,-0.0128125,-0.00154406
6.9940e-02,-0.0160938,-0.00181219
6.9950e-02,-0.01875,-0.00163781
6.9960e-02,-0.0179687,-0.00222
6.9970e-02,-0.0226562,-0.00214844
6.9980e-02,-0.0145312,-0.00221156
6.9990e-02,-0.0146875,-0.00221031
7.0000e-02,-0.014375,-0.00221656
7.0010e-02,-0.0225,-0.00207
7.0020e-02,-0.0184375,-0.00202063
7.0030e-02,-0.0239063,-0.00219531
7.0040e-02,-0.0167188,-0.00167844
7.0050e-02,-0.01625,-0.002485
7.0060e-02,-0.0215625,-0.00184625
7.0070e-02,-0.0132813,-0.00186781
7.0080e-02,-0.0303125,-0.00186781
7.0090e-02,-0.0234375,-0.00210719
7.0100e-02,-0.01625,-0.00197438
7.0110e-02,-0.0084375,-0.00211469
7.0120e-02,-0.0196875,-0.00189813
7.0130e-02,-0.0240625,-0.00238688
7.0140e-02,-0.0214063,-0.00202375
7.0150e-02,-0.025625,-0.00210406
7.0160e-02,-0.02375,-0.00179813
7.0170e-02,-0.0139063,-0.00204031
7.0180e-02,-0.0242188,-0.0017025
7.0190e-02,-0.0226562,-0.00158313
7.0200e-02,-0.021875,-0.00206062
7.0210e-02,-0.0242188,-0.00187063
7.0220e-02,-0.024375,-0.00179313
7.0230e-02,-0.0185937,-0.00177594
7.0240e-02,-0.0125,-0.00173875
7.0250e-02,-0.025,-0.00212938
7.0260e-02,-0.0104688,-0.00238563
7.0270e-02,-0.0225,-0.00240094
7.0280e-02,-0.029375,-0.00233094
7.0290e-02,-0.021875,-0.00194313
7.0300e-02,-0.0225,-0.00167281
7.0310e-02,-0.0217188,-0.00223531
7.0320e-02,-0.0239063,-0.00225875
7.0330e-02,-0.0175,-0.00216906
7.0340e-02,-0.0242188,-0.00191469
7.0350e-02,-0.0132813,-0.002185
7.0360e-02,-0.0201563,-0.00189313
7.0370e-02,-0.0248438,-0.001925
7.0380e-02,-0.024375,-0.00246219
7.0390e-02,-0.0165625,-0.00213688
7.0400e-02,-0.0153125,-0.00230125
7.0410e-02,-0.0292188,-0.00208219
7.0420e-02,-0.0159375,-0.00238906
7.0430e-02,-0.0295313,-0.002235
7.0440e-02,-0.02625,-0.00161875
7.0450e-02,-0.025,-0.00242563
7.0460e-02,-0.011875,-0.0023775
7.0470e-02,-0.029375,-0.00151906
7.0480e-02,-0.0215625,-0.00190156
7.0490e-02,-0.0229687,-0.00145219
7.0500e-02,-0.02125,-0.00167719
7.0510e-02,-0.023125,-0.00181938
7.0520e-02,-0.0273438,-0.00162219
7.0530e-02,-0.02625,-0.00241031
7.0540e-02,-0.0314062,-0.00230156
7.0550e-02,-0.0139063,-0.00246125
7.0560e-02,-0.03125,-0.00214469
7.0570e-02,-0.0221875,-0.00168219
7.0580e-02,-0.0232812,-0.00226781
7.0590e-02,-0.0170313,-0.00231156
7.0600e-02,-0.025,-0.00176375
7.0610e-02,-0.0204688,-0.00178188
7.0620e-02,-0.0096875,-0.0022
7.0630e-02,-0.0296875,-0.00197156
7.0640e-02,-0.0178125,-0.00184875
7.0650e-02,-0.0264062,-0.0018775
7.0660e-02,-0.0234375,-0.00202875
7.0670e-02,-0.0229687,-0.00199531
7.0680e-02,-0.0190625,-0.00234938
7.0690e-02,-0.0257812,-0.0020175
7.0700e-02,-0.0259375,-0.00180625
7.0710e-02,-0.026875,-0.00221688
7.0720e-02,-0.0292188,-0.00230125
7.0730e-02,-0.0307813,-0.00134531
7.0740e-02,-0.0201563,-0.00179594
7.0750e-02,-0.0195312,-0.00191938
7.0760e-02,-0.0196875,-0.00143688
7.0770e-02,-0.0151562,-0.00180688
7.0780e-02,-0.02125,-0.00239094
7.0790e-02,-0.0298438,-0.00210188
7.0800e-02,-0.02875,-0.00153719
7.0810e-02,-0.0296875,-0.00237
7.0820e-02,-0.0225,-0.00223188
7.0830e-02,-0.0351562,-0.00241063
7.0840e-02,-0.0254688,-0.00211031
7.0850e-02,-0.0254688,-0.00215594
7.0860e-02,-0.02875,-0.00196219
7.0870e-02,-0.0271875,-0.00199375
7.0880e-02,-0.025625,-0.00167813
7.0890e-02,-0.0278125,-0.00205313
7.0900e-02,-0.0284375,-0.00199156
7.0910e-02,-0.0204688,-0.00205094
7.0920e-02,-0.0307813,-0.00217219
7.0930e-02,-0.0251563,-0.00189906
7.0940e-02,-0.0257812,-0.00202156
7.0950e-02,-0.0159375,-0.00200875
7.0960e-02,-0.028125,-0.00186375
7.0970e-02,-0.026875,-0.00210063
7.0980e-02,-0.0264062,-0.00202969
7.0990e-02,-0.0228125,-0.00210969
7.1000e-02,-0.0282813,-0.00225406
7.1010e-02,-0.0364063,-0.00202344
7.1020e-02,-0.0351562,-0.00165094
7.1030e-02,-0.035,-0.00218094
7.1040e-02,-0.0234375,-0.00193406
7.1050e-02,-0.0325,-0.00227094
7.1060e-02,-0.0242188,-0.00218906
7.1070e-02,-0.0329688,-0.00217469
7.1080e-02,-0.0223437,-0.00209906
7.1090e-02,-0.0310937,-0.00158
7.1100e-02,-0.0339062,-0.00138281
7.1110e-02,-0.0225,-0.00162219
7.1120e-02,-0.0248438,-0.00140125
7.1130e-02,-0.025625,-0.00175969
7.1140e-02,-0.0378125,-0.00204188
7.1150e-02,-0.0184375,-0.00213563
7.1160e-02,-0.0203125,-0.00204969
7.1170e-02,-0.0348437,-0.00195594
7.1180e-02,-0.0284375,-0.00214313
7.1190e-02,-0.034375,-0.00208844
7.1200e-02,-0.0298438,-0.00259
7.1210e-02,-0.0160938,-0.00182594
7.1220e-02,-0.0339062,-0.00194219
7.1230e-02,-0.0314062,-0.00192656
7.1240e-02,-0.0232812,-0.00170531
7.1250e-02,-0.0328125,-0.00205
7.1260e-02,-0.0278125,-0.00154688
7.1270e-02,-0.0351562,-0.0014375
7.1280e-02,-0.025625,-0.002145
7.1290e-02,-0.0171875,-0.00192625
7.1300e-02,-0.0309375,-0.00199813
7.1310e-02,-0.0290625,-0.00230313
7.1320e-02,-0.0398437,-0.00189469
7.1330e-02,-0.0285938,-0.00184313
7.1340e-02,-0.0296875,-0.00202938
7.1350e-02,-0.02875,-0.00193594
7.1360e-02,-0.0260937,-0.00222219
7.1370e-02,-0.0214063,-0.0021725
7.1380e-02,-0.0259375,-0.00228094
7.1390e-02,-0.0448438,-0.00222063
7.1400e-02,-0.0273438,-0.00251969
7.1410e-02,-0.0264062,-0.00243969
7.1420e-02,-0.0360938,-0.00219125
7.1430e-02,-0.0304688,-0.00259156
7.1440e-02,-0.0296875,-0.00188563
7.1450e-02,-0.0285938,-0.00197094
7.1460e-02,-0.0401563,-0.002405
7.1470e-02,-0.0323438,-0.00159813
7.1480e-02,-0.0401563,-0.00235
7.1490e-02,-0.0376563,-0.00168906
7.1500e-02,-0.035,-0.00191094
7.1510e-02,-0.0320312,-0.00173688
7.1520e-02,-0.0373438,-0.001545
7.1530e-02,-0.0417187,-0.00215719
7.1540e-02,-0.0295313,-0.00185156
7.1550e-02,-0.0240625,-0.00215281
7.1560e-02,-0.0326562,-0.00156938
7.1570e-02,-0.030625,-0.00212625
7.1580e-02,-0.0339062,-0.00183625
7.1590e-02,-0.0279688,-0.00188063
7.1600e-02,-0.0332812,-0.00203094
7.1610e-02,-0.0407813,-0.0017225
7.1620e-02,-0.0334375,-0.00183938
7.1630e-02,-0.0364063,-0.00232438
7.1640e-02,-0.025625,-0.002325
7.1650e-02,-0.03,-0.00239625
7.1660e-02,-0.0221875,-0.00212188
7.1670e-02,-0.0326562,-0.00195563
7.1680e-02,-0.0414063,-0.00167063
7.1690e-02,-0.036875,-0.00162969
7.1700e-02,-0.019375,-0.00227813
7.1710e-02,-0.0209375,-0.00207156
7.1720e-02,-0.0315625,-0.00181969
7.1730e-02,-0.0292188,-0.00176688
7.1740e-02,-0.0267187,-0.00178563
7.1750e-02,-0.03375,-0.00172844
7.1760e-02,-0.03875,-0.00151469
7.1770e-02,-0.0326562,-0.00196313
7.1780e-02,-0.0359375,-0.00208156
7.1790e-02,-0.0242188,-0.00208156
7.1800e-02,-0.0325,-0.00249594
7.1810e-02,-0.0310937,-0.00178063
7.1820e-02,-0.035,-0.0015075
7.1830e-02,-0.0389063,-0.00238469
7.1840e-02,-0.0221875,-0.00191438
7.1850e-02,-0.0307813,-0.00173469
7.1860e-02,-0.025625,-0.00134531
7.1870e-02,-0.0453125,-0.00184406
7.1880e-02,-0.0321875,-0.00189313
7.1890e-02,-0.0346875,-0.00211
7.1900e-02,-0.0389063,-0.00192063
7.1910e-02,-0.031875,-0.00248156
7.1920e-02,-0.0370313,-0.00228594
7.1930e-02,-0.0376563,-0.00191688
7.1940e-02,-0.024375,-0.00185438
7.1950e-02,-0.0328125,-0.00180531
7.1960e-02,-0.03,-0.00168719
7.1970e-02,-0.0348437,-0.00199219
7.1980e-02,-0.0248438,-0.00202188
7.1990e-02,-0.0251563,-0.00204937
7.2000e-02,-0.0389063,-0.00194781
7.2010e-02,-0.0371875,-0.00194938
7.2020e-02,-0.0360938,-0.00201531
7.2030e-02,-0.0270312,-0.00209594
7.2040e-02,-0.0353125,-0.00187875
7.2050e-02,-0.0371875,-0.00191313
7.2060e-02,-0.0325,-0.00211219
7.2070e-02,-0.0353125,-0.00226
7.2080e-02,-0.024375,-0.00186844
7.2090e-02,-0.0229687,-0.00164281
7.2100e-02,-0.0134375,-0.00237875
7.2110e-02,-0.0253125,-0.00192906
7.2120e-02,-0.0259375,-0.00174438
7.2130e-02,-0.0320312,-0.00175031
7.2140e-02,-0.0371875,-0.00194594
7.2150e-02,-0.0284375,-0.00234188
7.2160e-02,-0.0254688,-0.00184531
7.2170e-02,-0.0242188,-0.00182438
7.2180e-02,-0.0289063,-0.00160531
7.2190e-02,-0.0234375,-0.00257188
7.2200e-02,-0.0440625,-0.00195719
7.2210e-02,-0.0392187,-0.00231531
7.2220e-02,-0.036875,-0.00185594
7.2230e-02,-0.0345312,-0.00182094
7.2240e-02,-0.0326562,-0.00243156
7.2250e-02,-0.0251563,-0.00196156
7.2260e-02,-0.0290625,-0.00219094
7.2270e-02,-0.0271875,-0.00222438
7.2280e-02,-0.0376563,-0.00267906
7.2290e-02,-0.0304688,-0.00177969
7.2300e-02,-0.0290625,-0.00230094
7.2310e-02,-0.0329688,-0.00210625
7.2320e-02,-0.028125,-0.00208813
7.2330e-02,-0.0226562,-0.00194375
7.2340e-02,-0.0201563,-0.0019625
7.2350e-02,-0.025,-0.00221094
7.2360e-02,-0.03375,-0.0021725
7.2370e-02,-0.0217188,-0.00252031
7.2380e-02,-0.029375,-0.00150406
7.2390e-02,-0.0320312,-0.0020975
7.2400e-02,-0.0339062,-0.00212469
7.2410e-02,-0.04,-0.00206281
7.2420e-02,-0.021875,-0.00176188
7.2430e-02,-0.0335937,-0.00234844
7.2440e-02,-0.0360938,-0.00201844
7.2450e-02,-0.0414063,-0.00207625
7.2460e-02,-0.03,-0.0018725
7.2470e-02,-0.0360938,-0.0021625
7.2480e-02,-0.036875,-0.00199094
7.2490e-02,-0.0339062,-0.00214031
7.2500e-02,-0.0253125,-0.00203656
7.2510e-02,-0.0317188,-0.00231656
7.2520e-02,-0.0420312,-0.0021725
7.2530e-02,-0.03875,-0.00211312
7.2540e-02,-0.035,-0.001825
7.2550e-02,-0.0315625,-0.00174719
7.2560e-02,-0.0382813,-0.00217438
7.2570e-02,-0.0354688,-0.002135
7.2580e-02,-0.0414063,-0.00234094
7.2590e-02,-0.03875,-0.00192438
7.2600e-02,-0.0320312,-0.00207031
7.2610e-02,-0.0417187,-0.00174438
7.2620e-02,-0.036875,-0.00168469
7.2630e-02,-0.0273438,-0.0018325
7.2640e-02,-0.03375,-0.00162906
7.2650e-02,-0.0323438,-0.00203313
7.2660e-02,-0.026875,-0.00222906
7.2670e-02,-0.031875,-0.00225656
7.2680e-02,-0.0365625,-0.001595
7.2690e-02,-0.0403125,-0.00205063
7.2700e-02,-0.0298438,-0.00240594
7.2710e-02,-0.0342187,-0.00255156
7.2720e-02,-0.0301563,-0.00230625
7.2730e-02,-0.0285938,-0.00174031
7.2740e-02,-0.0376563,-0.00162875
7.2750e-02,-0.0325,-0.00217594
7.2760e-02,-0.0309375,-0.00236281
7.2770e-02,-0.0339062,-0.00189188
7.2780e-02,-0.0323438,-0.00211188
7.2790e-02,-0.0420312,-0.00196938
7.2800e-02,-0.0301563,-0.00183281
7.2810e-02,-0.025,-0.00199438
7.2820e-02,-0.0307813,-0.00227125
7.2830e-02,-0.03375,-0.00249781
7.2840e-02,-0.0321875,-0.0019825
7.2850e-02,-0.0451563,-0.00228688
7.2860e-02,-0.038125,-0.0018825
7.2870e-02,-0.029375,-0.00172813
7.2880e-02,-0.0339062,-0.00190719
7.2890e-02,-0.0328125,-0.00162375
7.2900e-02,-0.029375,-0.0023175
7.2910e-02,-0.04,-0.00205594
7.2920e-02,-0.0265625,-0.00197406
7.2930e-02,-0.0310937,-0.00152281
7.2940e-02,-0.038125,-0.00210094
7.2950e-02,-0.0314062,-0.00224219
7.2960e-02,-0.0454688,-0.00186344
7.2970e-02,-0.0460938,-0.00211625
7.2980e-02,-0.040625,-0.00223688
7.2990e-02,-0.0353125,-0.00164531
7.3000e-02,-0.0270312,-0.00213469
7.3010e-02,-0.0339062,-0.00203906
7.3020e-02,-0.0345312,-0.00216406
7.3030e-02,-0.0328125,-0.002055
7.3040e-02,-0.030625,-0.00212625
7.3050e-02,-0.035625,-0.00207906
7.3060e-02,-0.0282813,-0.00202531
7.3070e-02,-0.0326562,-0.00212875
7.3080e-02,-0.0351562,-0.00221406
7.3090e-02,-0.0404687,-0.00204375
7.3100e-02,-0.0276563,-0.0017975
7.3110e-02,-0.0435938,-0.00206781
7.3120e-02,-0.0257812,-0.00177219
7.3130e-02,-0.038125,-0.00190406
7.3140e-02,-0.0370313,-0.00149281
7.3150e-02,-0.0332812,-0.00206
7.3160e-02,-0.0375,-0.00150219
7.3170e-02,-0.0270312,-0.00180188
7.3180e-02,-0.0396875,-0.00179563
7.3190e-02,-0.0398437,-0.00242438
7.3200e-02,-0.0351562,-0.00167719
7.3210e-02,-0.0335937,-0.00146281
7.3220e-02,-0.034375,-0.00178344
7.3230e-02,-0.0373438,-0.00222375
7.3240e-02,-0.0303125,-0.00202219
7.3250e-02,-0.0351562,-0.00194031
7.3260e-02,-0.0220313,-0.00232469
7.3270e-02,-0.0360938,-0.00217281
7.3280e-02,-0.0267187,-0.00210906
7.3290e-02,-0.0392187,-0.00206094
7.3300e-02,-0.0282813,-0.00228312
7.3310e-02,-0.0417187,-0.00217406
7.3320e-02,-0.031875,-0.00215438
7.3330e-02,-0.034375,-0.00193188
7.3340e-02,-0.038125,-0.00203563
7.3350e-02,-0.0328125,-0.00181438
7.3360e-02,-0.038125,-0.00199125
7.3370e-02,-0.0420312,-0.00220906
7.3380e-02,-0.0367188,-0.00140281
7.3390e-02,-0.0434375,-0.00163344
7.3400e-02,-0.0301563,-0.00173
7.3410e-02,-0.0295313,-0.00182125
7.3420e-02,-0.035625,-0.00194344
7.3430e-02,-0.033125,-0.00225906
7.3440e-02,-0.0290625,-0.00176813
7.3450e-02,-0.0459375,-0.0019425
7.3460e-02,-0.0390625,-0.00241406
7.3470e-02,-0.0479688,-0.00178688
7.3480e-02,-0.0409375,-0.00202344
7.3490e-02,-0.0351562,-0.00214469
7.3500e-02,-0.0401563,-0.00211875
7.3510e-02,-0.0321875,-0.001855
7.3520e-02,-0.03375,-0.00209969
7.3530e-02,-0.0270312,-0.00184906
7.3540e-02,-0.02875,-0.00176969
7.3550e-02,-0.0326562,-0.00211375
7.3560e-02,-0.0309375,-0.00191906
7.3570e-02,-0.0332812,-0.00176
7.3580e-02,-0.0357813,-0.00185438
7.3590e-02,-0.0323438,-0.00188969
7.3600e-02,-0.030625,-0.00176688
7.3610e-02,-0.026875,-0.00179313
7.3620e-02,-0.0370313,-0.00195594
7.3630e-02,-0.0325,-0.00198938
7.3640e-02,-0.0303125,-0.00168656
7.3650e-02,-0.0501562,-0.00187656
7.3660e-02,-0.0428125,-0.00196219
7.3670e-02,-0.0370313,-0.00212625
7.3680e-02,-0.0407813,-0.00218875
7.3690e-02,-0.0403125,-0.00198281
7.3700e-02,-0.0339062,-0.00187969
7.3710e-02,-0.0373438,-0.00202688
7.3720e-02,-0.035,-0.00192344
7.3730e-02,-0.0315625,-0.00207656
7.3740e-02,-0.025625,-0.00199125
7.3750e-02,-0.0342187,-0.00182563
7.3760e-02,-0.0446875,-0.00165188
7.3770e-02,-0.0264062,-0.00163563
7.3780e-02,-0.03625,-0.00204937
7.3790e-02,-0.0309375,-0.00230938
7.3800e-02,-0.0395313,-0.00222844
7.3810e-02,-0.0479688,-0.00188688
7.3820e-02,-0.0375,-0.00202844
7.3830e-02,-0.0354688,-0.00166125
7.3840e-02,-0.0284375,-0.00170438
7.3850e-02,-0.036875,-0.0021525
7.3860e-02,-0.0351562,-0.00212031
7.3870e-02,-0.03,-0.00222531
7.3880e-02,-0.035625,-0.00182969
7.3890e-02,-0.0520313,-0.0024375
7.3900e-02,-0.03,-0.00217813
7.3910e-02,-0.0382813,-0.00223062
7.3920e-02,-0.0439063,-0.00200125
7.3930e-02,-0.0310937,-0.00230563
7.3940e-02,-0.0429688,-0.00227844
7.3950e-02,-0.0373438,-0.00176906
7.3960e-02,-0.0434375,-0.00207188
7.3970e-02,-0.0459375,-0.00198219
7.3980e-02,-0.0398437,-0.00277219
7.3990e-02,-0.0401563,-0.00197625
7.4000e-02,-0.040625,-0.00204719
7.4010e-02,-0.0439063,-0.00157469
7.4020e-02,-0.0376563,-0.00199
7.4030e-02,-0.0415625,-0.001975
7.4040e-02,-0.0278125,-0.00207719
7.4050e-02,-0.0501562,-0.00200844
7.4060e-02,-0.0376563,-0.00175156
7.4070e-02,-0.0382813,-0.00206406
7.4080e-02,-0.029375,-0.00219281
7.4090e-02,-0.0395313,-0.00227438
7.4100e-02,-0.045625,-0.00204719
7.4110e-02,-0.0209375,-0.00202812
7.4120e-02,-0.0429688,-0.00220844
7.4130e-02,-0.026875,-0.00214938
7.4140e-02,-0.0323438,-0.00198188
7.4150e-02,-0.0476562,-0.00147938
7.4160e-02,-0.0375,-0.00196156
7.4170e-02,-0.036875,-0.00249219
7.4180e-02,-0.0320312,-0.00193063
7.4190e-02,-0.0367188,-0.00192156
7.4200e-02,-0.0357813,-0.00213781
7.4210e-02,-0.0521875,-0.00187688
7.4220e-02,-0.0389063,-0.00200156
7.4230e-02,-0.0367188,-0.00188625
7.4240e-02,-0.0410937,-0.00187813
7.4250e-02,-0.0353125,-0.00208375
7.4260e-02,-0.0434375,-0.00182656
7.4270e-02,-0.0296875,-0.00218063
7.4280e-02,-0.0417187,-0.00144344
7.4290e-02,-0.0371875,-0.00214562
7.4300e-02,-0.0428125,-0.00235969
7.4310e-02,-0.0454688,-0.00162344
7.4320e-02,-0.0409375,-0.0021125
7.4330e-02,-0.0298438,-0.00179063
7.4340e-02,-0.0351562,-0.00138438
7.4350e-02,-0.0429688,-0.00205375
7.4360e-02,-0.025625,-0.00162719
7.4370e-02,-0.0304688,-0.00237156
7.4380e-02,-0.0317188,-0.00188
7.4390e-02,-0.0417187,-0.00206375
7.4400e-02,-0.0417187,-0.00191969
7.4410e-02,-0.0335937,-0.00150781
7.4420e-02,-0.034375,-0.00229188
7.4430e-02,-0.0345312,-0.00215813
7.4440e-02,-0.0532813,-0.00212875
7.4450e-02,-0.0385937,-0.00191188
7.4460e-02,-0.0415625,-0.00166031
7.4470e-02,-0.038125,-0.00192594
7.4480e-02,-0.0425,-0.00165281
7.4490e-02,-0.0334375,-0.00207156
7.4500e-02,-0.0401563,-0.00193688
7.4510e-02,-0.0353125,-0.00196063
7.4520e-02,-0.0328125,-0.00216687
7.4530e-02,-0.0417187,-0.00191281
7.4540e-02,-0.0360938,-0.00229156
7.4550e-02,-0.03375,-0.00197094
7.4560e-02,-0.0465625,-0.0023675
7.4570e-02,-0.0465625,-0.00161125
7.4580e-02,-0.0478125,-0.00242563
7.4590e-02,-0.0425,-0.00202
7.4600e-02,-0.0460938,-0.00163875
7.4610e-02,-0.0439063,-0.00161969
7.4620e-02,-0.03875,-0.00208344
7.4630e-02,-0.0360938,-0.00214063
7.4640e-02,-0.029375,-0.00164281
7.4650e-02,-0.0478125,-0.00175406
7.4660e-02,-0.0245313,-0.00195094
7.4670e-02,-0.0379688,-0.0018925
7.4680e-02,-0.0232812,-0.00259438
7.4690e-02,-0.0425,-0.00185563
7.4700e-02,-0.0478125,-0.00190438
7.4710e-02,-0.0470312,-0.00240406
7.4720e-02,-0.04,-0.00188563
7.4730e-02,-0.0378125,-0.00235156
7.4740e-02,-0.04375,-0.00235031
7.4750e-02,-0.041875,-0.00223719
7.4760e-02,-0.0395313,-0.00215719
7.4770e-02,-0.0278125,-0.00158906
7.4780e-02,-0.0378125,-0.00189938
7.4790e-02,-0.0309375,-0.00194563
7.4800e-02,-0.0260937,-0.00206375
7.4810e-02,-0.0496875,-0.00196344
7.4820e-02,-0.0375,-0.00218156
7.4830e-02,-0.0365625,-0.00181313
7.4840e-02,-0.0329688,-0.00241938
7.4850e-02,-0.048125,-0.00211906
7.4860e-02,-0.0385937,-0.00201656
7.4870e-02,-0.028125,-0.00195625
7.4880e-02,-0.0342187,-0.00209156
7.4890e-02,-0.0345312,-0.00209156
7.4900e-02,-0.0473438,-0.001625
7.4910e-02,-0.0378125,-0.0016775
7.4920e-02,-0.0354688,-0.00191313
7.4930e-02,-0.0389063,-0.00235938
7.4940e-02,-0.04125,-0.00207594
7.4950e-02,-0.0390625,-0.00182969
7.4960e-02,-0.035,-0.00223188
7.4970e-02,-0.0365625,-0.00227781
7.4980e-02,-0.0320312,-0.00237875
7.4990e-02,-0.040625,-0.00201812
7.5000e-02,-0.0448438,-0.00180094
7.5010e-02,-0.0434375,-0.00224313
7.5020e-02,-0.043125,-0.00210094
7.5030e-02,-0.0417187,-0.00186531
7.5040e-02,-0.048125,-0.00166281
7.5050e-02,-0.0417187,-0.00199906
7.5060e-02,-0.0270312,-0.00169688
7.5070e-02,-0.0329688,-0.00223563
7.5080e-02,-0.0442188,-0.00220156
7.5090e-02,-0.0354688,-0.00196625
7.5100e-02,-0.0389063,-0.00229156
7.5110e-02,-0.0332812,-0.00217938
7.5120e-02,-0.0325,-0.00257781
7.5130e-02,-0.0382813,-0.0019475
7.5140e-02,-0.0342187,-0.0028725
7.5150e-02,-0.0395313,-0.00213781
7.5160e-02,-0.0260937,-0.00236531
7.5170e-02,-0.0446875,-0.00192969
7.5180e-02,-0.0326562,-0.0019625
7.5190e-02,-0.0378125,-0.00224188
7.5200e-02,-0.0270312,-0.00220031
7.5210e-02,-0.0384375,-0.00216313
7.5220e-02,-0.0429688,-0.00254875
7.5230e-02,-0.0332812,-0.00198344
7.5240e-02,-0.0440625,-0.0021875
7.5250e-02,-0.0395313,-0.00212875
7.5260e-02,-0.0335937,-0.00176719
7.5270e-02,-0.0382813,-0.00184
7.5280e-02,-0.0310937,-0.00164313
7.5290e-02,-0.03875,-0.0018425
7.5300e-02,-0.0376563,-0.00221969
7.5310e-02,-0.0379688,-0.00201531
7.5320e-02,-0.0420312,-0.00218406
7.5330e-02,-0.0420312,-0.00196938
7.5340e-02,-0.0360938,-0.00190031
7.5350e-02,-0.0404687,-0.00149063
7.5360e-02,-0.0290625,-0.00173844
7.5370e-02,-0.0401563,-0.00215313
7.5380e-02,-0.0426562,-0.00255188
7.5390e-02,-0.039375,-0.0017925
7.5400e-02,-0.039375,-0.00212469
7.5410e-02,-0.031875,-0.00187719
7.5420e-02,-0.0329688,-0.00187156
7.5430e-02,-0.0439063,-0.00168813
7.5440e-02,-0.0440625,-0.00149344
7.5450e-02,-0.048125,-0.00145531
7.5460e-02,-0.0346875,-0.00210375
7.5470e-02,-0.0510938,-0.00190781
7.5480e-02,-0.0545313,-0.00211
7.5490e-02,-0.0304688,-0.00216188
7.5500e-02,-0.0404687,-0.00205969
7.5510e-02,-0.0359375,-0.001925
7.5520e-02,-0.0364063,-0.00241969
7.5530e-02,-0.0342187,-0.00199563
7.5540e-02,-0.0403125,-0.00175281
7.5550e-02,-0.0210938,-0.00176156
7.5560e-02,-0.0329688,-0.00170406
7.5570e-02,-0.0414063,-0.00187375
7.5580e-02,-0.040625,-0.00201063
7.5590e-02,-0.0332812,-0.00216625
7.5600e-02,-0.0335937,-0.00228438
7.5610e-02,-0.0504687,-0.00256875
7.5620e-02,-0.0417187,-0.0024825
7.5630e-02,-0.0378125,-0.00200781
7.5640e-02,-0.0323438,-0.00221594
7.5650e-02,-0.035625,-0.00151375
7.5660e-02,-0.0309375,-0.00219063
7.5670e-02,-0.0439063,-0.0020125
7.5680e-02,-0.0520313,-0.00243063
7.5690e-02,-0.0475,-0.00182125
7.5700e-02,-0.0484375,-0.00234719
7.5710e-02,-0.0451563,-0.00167
7.5720e-02,-0.0375,-0.00147344
7.5730e-02,-0.0440625,-0.00195063
7.5740e-02,-0.0332812,-0.00170906
7.5750e-02,-0.0503125,-0.00187188
7.5760e-02,-0.0335937,-0.00245875
7.5770e-02,-0.0435938,-0.00188313
7.5780e-02,-0.0304688,-0.00189313
7.5790e-02,-0.0432813,-0.00276844
7.5800e-02,-0.045,-0.00228813
7.5810e-02,-0.0351562,-0.00234
7.5820e-02,-0.038125,-0.00217313
7.5830e-02,-0.03875,-0.00211125
7.5840e-02,-0.0367188,-0.00231219
7.5850e-02,-0.0446875,-0.00224938
7.5860e-02,-0.0365625,-0.00193375
7.5870e-02,-0.0420312,-0.00163781
7.5880e-02,-0.0465625,-0.00212938
7.5890e-02,-0.0467188,-0.0016575
7.5900e-02,-0.0371875,-0.00159375
7.5910e-02,-0.0323438,-0.00203219
7.5920e-02,-0.04875,-0.00208656
7.5930e-02,-0.0457813,-0.00191219
7.5940e-02,-0.05125,-0.00216594
7.5950e-02,-0.0398437,-0.00184031
7.5960e-02,-0.0404687,-0.00160031
7.5970e-02,-0.0435938,-0.00157344
7.5980e-02,-0.0428125,-0.00220969
7.5990e-02,-0.0340625,-0.00251188
7.6000e-02,-0.0403125,-0.00235469
7.6010e-02,-0.0370313,-0.00223
7.6020e-02,-0.0434375,-0.0021625
7.6030e-02,-0.0523437,-0.00158656
7.6040e-02,-0.0479688,-0.00195969
7.6050e-02,-0.0432813,-0.00188625
7.6060e-02,-0.0403125,-0.001695
7.6070e-02,-0.026875,-0.00207875
7.6080e-02,-0.0296875,-0.00160344
7.6090e-02,-0.0410937,-0.00182563
7.6100e-02,-0.0351562,-0.00227875
7.6110e-02,-0.0254688,-0.00219469
7.6120e-02,-0.0432813,-0.00180625
7.6130e-02,-0.0476562,-0.00197969
7.6140e-02,-0.045,-0.002285
7.6150e-02,-0.0434375,-0.00206813
7.6160e-02,-0.0417187,-0.00168125
7.6170e-02,-0.0515625,-0.00209313
7.6180e-02,-0.0421875,-0.00217
7.6190e-02,-0.0365625,-0.00205063
7.6200e-02,-0.0390625,-0.00216156
7.6210e-02,-0.0359375,-0.00204406
7.6220e-02,-0.0432813,-0.00155156
7.6230e-02,-0.04,-0.00170344
7.6240e-02,-0.0440625,-0.00187
7.6250e-02,-0.0439063,-0.00202094
7.6260e-02,-0.0470312,-0.00159906
7.6270e-02,-0.0423437,-0.00217719
7.6280e-02,-0.0378125,-0.00247188
7.6290e-02,-0.04625,-0.00234969
7.6300e-02,-0.0457813,-0.00226563
7.6310e-02,-0.0351562,-0.00218719
7.6320e-02,-0.046875,-0.0021925
7.6330e-02,-0.0334375,-0.00186875
7.6340e-02,-0.0409375,-0.00154188
7.6350e-02,-0.03625,-0.00174656
7.6360e-02,-0.034375,-0.00199031
7.6370e-02,-0.0420312,-0.00187
7.6380e-02,-0.04625,-0.00205313
7.6390e-02,-0.0378125,-0.00188219
7.6400e-02,-0.0365625,-0.00155438
7.6410e-02,-0.0220313,-0.00178344
7.6420e-02,-0.0529687,-0.00162406
7.6430e-02,-0.039375,-0.00169219
7.6440e-02,-0.0520313,-0.00173531
7.6450e-02,-0.0359375,-0.00184063
7.6460e-02,-0.033125,-0.00182906
7.6470e-02,-0.0353125,-0.00193531
7.6480e-02,-0.0420312,-0.00194281
7.6490e-02,-0.151719,-0.00175281
7.6500e-02,0.667813,2.5625e-05
7.6510e-02,0.323125,0.000648125
7.6520e-02,-0.585781,0.000850625
7.6530e-02,-0.867969,0.00098125
7.6540e-02,0.121875,0.00106719
7.6550e-02,0.130781,0.00106406
7.6560e-02,0.125313,0.0010775
7.6570e-02,0.0829687,0.00101969
7.6580e-02,0.0917188,0.00103344
7.6590e-02,0.0803125,0.000765938
7.6600e-02,0.0757812,0.00115219
7.6610e-02,0.065,0.00101969
7.6620e-02,0.061875,0.00089875
7.6630e-02,0.0582812,0.000895
7.6640e-02,0.0435938,0.000961563
7.6650e-02,0.0301562,0.00107281
7.6660e-02,0.0415625,0.00108438
7.6670e-02,0.0482812,0.00118
7.6680e-02,0.0395313,0.000889063
7.6690e-02,0.01875,0.00114344
7.6700e-02,0.036875,0.00111281
7.6710e-02,0.0314062,0.000939375
7.6720e-02,0.020625,0.00121531
7.6730e-02,0.0284375,0.000981563
7.6740e-02,0.0323438,0.00109375
7.6750e-02,0.0139062,0.000206875
7.6760e-02,0.0303125,-0.000816563
7.6770e-02,0.0239063,-0.00124156
7.6780e-02,0.0178125,-0.00150656
7.6790e-02,0.0185938,-0.00248406
7.6800e-02,0.0285937,-0.00230344
7.6810e-02,0.0104687,-0.00252906
7.6820e-02,0.0264063,-0.00182781
7.6830e-02,0.0135937,-0.00217156
7.6840e-02,0.013125,-0.00250156
7.6850e-02,0.01125,-0.002095
7.6860e-02,0.00625,-0.00213969
7.6870e-02,0.0126562,-0.00203969
7.6880e-02,0.009375,-0.00244531
7.6890e-02,0.005625,-0.00183156
7.6900e-02,0.00578125,-0.00193875
7.6910e-02,0.0120312,-0.00201469
7.6920e-02,-0.00234375,-0.00232563
7.6930e-02,0.009375,-0.00208813
7.6940e-02,0.0028125,-0.0021475
7.6950e-02,0.00375,-0.00196
7.6960e-02,0.0046875,-0.00211469
7.6970e-02,0.00453125,-0.00192031
7.6980e-02,0.0103125,-0.00189781
7.6990e-02,0.0003125,-0.00204531
7.7000e-02,-0.00859375,-0.00214188
7.7010e-02,0.00359375,-0.00235594
7.7020e-02,-0.00671875,-0.00250969
7.7030e-02,0.0040625,-0.00241219
7.7040e-02,0.0154687,-0.00221469
7.7050e-02,-0.00421875,-0.00225688
7.7060e-02,-0.0075,-0.00249188
7.7070e-02,0.0046875,-0.002215
7.7080e-02,0,-0.00222094
7.7090e-02,-0.0015625,-0.00223656
7.7100e-02,-0.0154687,-0.00239844
7.7110e-02,-0.003125,-0.00233281
7.7120e-02,-0.0132813,-0.00220031
7.7130e-02,-0.00109375,-0.00211813
7.7140e-02,-0.00234375,-0.00251219
7.7150e-02,-0.0028125,-0.0022775
7.7160e-02,-0.00015625,-0.0021425
7.7170e-02,-0.00875,-0.00233656
7.7180e-02,-0.0078125,-0.00218625
7.7190e-02,0.00515625,-0.00220375
7.7200e-02,-0.0046875,-0.00242219
7.7210e-02,-0.00828125,-0.00222469
7.7220e-02,0.00703125,-0.00191594
7.7230e-02,-0.0142188,-0.00216906
7.7240e-02,-0.0084375,-0.00226625
7.7250e-02,-0.0153125,-0.00228938
7.7260e-02,-0.0084375,-0.00275594
7.7270e-02,0.0009375,-0.00261594
7.7280e-02,-0.0084375,-0.00218875
7.7290e-02,-0.0132813,-0.00208625
7.7300e-02,-0.00171875,-0.00209313
7.7310e-02,-0.0153125,-0.00204
7.7320e-02,-0.0117188,-0.00204281
7.7330e-02,-0.00015625,-0.00218406
7.7340e-02,0.00046875,-0.00184375
7.7350e-02,-0.010625,-0.00208156
7.7360e-02,-0.0159375,-0.00205969
7.7370e-02,-0.00890625,-0.00213
7.7380e-02,-0.01,-0.00197219
7.7390e-02,-0.016875,-0.00266438
7.7400e-02,-0.0040625,-0.00223219
7.7410e-02,-0.0034375,-0.00200031
7.7420e-02,-0.0171875,-0.00206313
7.7430e-02,0.00203125,-0.00204094
7.7440e-02,-0.0104688,-0.00221969
7.7450e-02,-0.0160938,-0.00223
7.7460e-02,-0.0184375,-0.00249438
7.7470e-02,-0.0110937,-0.00229188
7.7480e-02,-0.0220313,-0.00234063
7.7490e-02,-0.0154687,-0.00187281
7.7500e-02,-0.01875,-0.00212781
7.7510e-02,-0.0151562,-0.00175531
7.7520e-02,-0.01875,-0.00213188
7.7530e-02,-0.00453125,-0.00219313
7.7540e-02,-0.0157813,-0.00193625
7.7550e-02,-0.00578125,-0.00182219
7.7560e-02,-0.0198438,-0.00222219
7.7570e-02,-0.015625,-0.00164063
7.7580e-02,-0.02125,-0.00220313
7.7590e-02,-0.0173438,-0.001945
7.7600e-02,-0.0157813,-0.00181813
7.7610e-02,-0.0167188,-0.00160125
7.7620e-02,-0.0220313,-0.00199594
7.7630e-02,-0.0242188,-0.00200313
7.7640e-02,-0.00140625,-0.00212844
7.7650e-02,-0.02,-0.00180531
7.7660e-02,-0.0140625,-0.00176094
7.7670e-02,-0.01875,-0.00214156
7.7680e-02,-0.0123438,-0.00193438
7.7690e-02,-0.0253125,-0.00216406
7.7700e-02,-0.00515625,-0.00237656
7.7710e-02,-0.0125,-0.00211969
7.7720e-02,-0.0165625,-0.00251469
7.7730e-02,-0.0146875,-0.00234531
7.7740e-02,-0.0125,-0.00182625
7.7750e-02,-0.0148437,-0.00196344
7.7760e-02,-0.0257812,-0.00213219
7.7770e-02,-0.0217188,-0.00183438
7.7780e-02,-0.0132813,-0.00206656
7.7790e-02,-0.008125,-0.002015
7.7800e-02,-0.0195312,-0.00222656
7.7810e-02,0.0009375,-0.00206688
7.7820e-02,-0.001875,-0.00221844
7.7830e-02,-0.0214063,-0.00181875
7.7840e-02,-0.0189062,-0.00191469
7.7850e-02,-0.019375,-0.00187438
7.7860e-02,-0.0115625,-0.00185063
7.7870e-02,-0.0164063,-0.00209281
7.7880e-02,-0.0170313,-0.00221188
7.7890e-02,-0.02375,-0.00194063
7.7900e-02,-0.0164063,-0.00220156
7.7910e-02,-0.00984375,-0.00199188
7.7920e-02,-0.0242188,-0.00178219
7.7930e-02,-0.014375,-0.00218406
7.7940e-02,-0.013125,-0.00193938
7.7950e-02,-0.0279688,-0.00160156
7.7960e-02,-0.0173438,-0.00174156
7.7970e-02,-0.0235938,-0.00229094
7.7980e-02,-0.0142188,-0.00220531
7.7990e-02,-0.0146875,-0.00228438
7.8000e-02,-0.0179687,-0.00198781
7.8010e-02,-0.0164063,-0.002035
7.8020e-02,-0.0120313,-0.0025275
7.8030e-02,-0.020625,-0.00236375
7.8040e-02,-0.0271875,-0.00136875
7.8050e-02,-0.0207813,-0.00207531
7.8060e-02,-0.0157813,-0.00175031
7.8070e-02,-0.023125,-0.00244063
7.8080e-02,-0.0182812,-0.00222313
7.8090e-02,-0.0239063,-0.00201844
7.8100e-02,-0.0171875,-0.00193344
7.8110e-02,-0.0128125,-0.00190594
7.8120e-02,-0.0190625,-0.00223188
7.8130e-02,-0.0235938,-0.00175469
7.8140e-02,-0.0259375,-0.00202969
7.8150e-02,-0.02,-0.00174375
7.8160e-02,-0.0159375,-0.00150406
7.8170e-02,-0.0240625,-0.00207281
7.8180e-02,-0.02,-0.002585
7.8190e-02,-0.0215625,-0.00260844
7.8200e-02,-0.0176563,-0.00259938
7.8210e-02,-0.0228125,-0.00220719
7.8220e-02,-0.0295313,-0.0020225
7.8230e-02,-0.0157813,-0.00200719
7.8240e-02,-0.0153125,-0.00221344
7.8250e-02,-0.0245313,-0.0019975
7.8260e-02,-0.018125,-0.00234469
7.8270e-02,-0.0215625,-0.00191375
7.8280e-02,-0.0359375,-0.00202313
7.8290e-02,-0.0257812,-0.00226938
7.8300e-02,-0.023125,-0.00227875
7.8310e-02,-0.0125,-0.0023
7.8320e-02,-0.015,-0.00175313
7.8330e-02,-0.0232812,-0.00236625
7.8340e-02,-0.0248438,-0.00193531
7.8350e-02,-0.0171875,-0.0019475
7.8360e-02,-0.0198438,-0.00218188
7.8370e-02,-0.0290625,-0.00184094
7.8380e-02,-0.0140625,-0.00232813
7.8390e-02,-0.0154687,-0.00212063
7.8400e-02,-0.0242188,-0.00182188
7.8410e-02,-0.0207813,-0.00198969
7.8420e-02,-0.0314062,-0.00224656
7.8430e-02,-0.0204688,-0.00157219
7.8440e-02,-0.0125,-0.00178719
7.8450e-02,-0.0253125,-0.00189594
7.8460e-02,-0.0276563,-0.00207563
7.8470e-02,-0.0195312,-0.002225
7.8480e-02,-0.0210938,-0.0023325
7.8490e-02,-0.0282813,-0.00247625
7.8500e-02,-0.0354688,-0.00204063
7.8510e-02,-0.0276563,-0.00257938
7.8520e-02,-0.0265625,-0.00201844
7.8530e-02,-0.0315625,-0.00168219
7.8540e-02,-0.0220313,-0.00220219
7.8550e-02,-0.0209375,-0.00226625
7.8560e-02,-0.0223437,-0.00201531
7.8570e-02,-0.0267187,-0.00188344
7.8580e-02,-0.0259375,-0.00182094
7.8590e-02,-0.0242188,-0.00162438
7.8600e-02,-0.0229687,-0.0018325
7.8610e-02,-0.0154687,-0.00213469
7.8620e-02,-0.0220313,-0.00178313
7.8630e-02,-0.0265625,-0.00150281
7.8640e-02,-0.018125,-0.00129094
7.8650e-02,-0.02875,-0.00172375
7.8660e-02,-0.026875,-0.00204625
7.8670e-02,-0.0207813,-0.00207094
7.8680e-02,-0.025625,-0.00211563
7.8690e-02,-0.0284375,-0.00213469
7.8700e-02,-0.0271875,-0.00267969
7.8710e-02,-0.0160938,-0.00218063
7.8720e-02,-0.03,-0.00248031
7.8730e-02,-0.0173438,-0.00238719
7.8740e-02,-0.0182812,-0.00213188
7.8750e-02,-0.02,-0.00213344
7.8760e-02,-0.0298438,-0.00181063
7.8770e-02,-0.0251563,-0.00197906
7.8780e-02,-0.0190625,-0.00194688
7.8790e-02,-0.0229687,-0.002135
7.8800e-02,-0.0232812,-0.0022
7.8810e-02,-0.0234375,-0.00218313
7.8820e-02,-0.03875,-0.00175781
7.8830e-02,-0.024375,-0.00208375
7.8840e-02,-0.0260937,-0.00193344
7.8850e-02,-0.0240625,-0.002155
7.8860e-02,-0.0307813,-0.00190625
7.8870e-02,-0.0251563,-0.00217781
7.8880e-02,-0.0335937,-0.00188344
7.8890e-02,-0.0220313,-0.00242031
7.8900e-02,-0.0201563,-0.002225
7.8910e-02,-0.0215625,-0.00214094
7.8920e-02,-0.0328125,-0.00164219
7.8930e-02,-0.0290625,-0.0013625
7.8940e-02,-0.0270312,-0.00171938
7.8950e-02,-0.0303125,-0.00224125
7.8960e-02,-0.0401563,-0.00220375
7.8970e-02,-0.0304688,-0.002775
7.8980e-02,-0.025625,-0.00181
7.8990e-02,-0.0289063,-0.00213938
7.9000e-02,-0.0282813,-0.00221656
7.9010e-02,-0.028125,-0.00190531
7.9020e-02,-0.0354688,-0.00176188
7.9030e-02,-0.02,-0.00192719
7.9040e-02,-0.02375,-0.00218875
7.9050e-02,-0.0234375,-0.002105
7.9060e-02,-0.0190625,-0.00196
7.9070e-02,-0.0271875,-0.00228813
7.9080e-02,-0.03125,-0.00250063
7.9090e-02,-0.0328125,-0.00236125
7.9100e-02,-0.0226562,-0.00225906
7.9110e-02,-0.02375,-0.00172531
7.9120e-02,-0.0375,-0.00198625
7.9130e-02,-0.0198438,-0.00169219
7.9140e-02,-0.0273438,-0.00185719
7.9150e-02,-0.0248438,-0.00166094
7.9160e-02,-0.0304688,-0.00222281
7.9170e-02,-0.0245313,-0.00131219
7.9180e-02,-0.0309375,-0.00170688
7.9190e-02,-0.0392187,-0.00225938
7.9200e-02,-0.0335937,-0.00231781
7.9210e-02,-0.030625,-0.00236781
7.9220e-02,-0.0176563,-0.00176688
7.9230e-02,-0.0320312,-0.00189813
7.9240e-02,-0.0326562,-0.00179625
7.9250e-02,-0.0189062,-0.001965
7.9260e-02,-0.0179687,-0.00252812
7.9270e-02,-0.03875,-0.00199281
7.9280e-02,-0.0390625,-0.00271594
7.9290e-02,-0.035,-0.00198844
7.9300e-02,-0.0228125,-0.00181
7.9310e-02,-0.025625,-0.00153
7.9320e-02,-0.0292188,-0.00208688
7.9330e-02,-0.0304688,-0.00200656
7.9340e-02,-0.0360938,-0.00220656
7.9350e-02,-0.0210938,-0.00209969
7.9360e-02,-0.0357813,-0.00189438
7.9370e-02,-0.0270312,-0.00227844
7.9380e-02,-0.0228125,-0.00243313
7.9390e-02,-0.025,-0.00261313
7.9400e-02,-0.0384375,-0.00189938
7.9410e-02,-0.0375,-0.00196125
7.9420e-02,-0.0378125,-0.00207531
7.9430e-02,-0.035625,-0.00158094
7.9440e-02,-0.03,-0.00128813
7.9450e-02,-0.0214063,-0.00170563
7.9460e-02,-0.0321875,-0.00159531
7.9470e-02,-0.0232812,-0.00197375
7.9480e-02,-0.0404687,-0.00239625
7.9490e-02,-0.0373438,-0.0020625
7.9500e-02,-0.0339062,-0.00181625
7.9510e-02,-0.02875,-0.00191156
7.9520e-02,-0.0325,-0.00212313
7.9530e-02,-0.0354688,-0.00179906
7.9540e-02,-0.0321875,-0.00185938
7.9550e-02,-0.0392187,-0.00222969
7.9560e-02,-0.034375,-0.00188219
7.9570e-02,-0.035,-0.00218219
7.9580e-02,-0.01875,-0.00261375
7.9590e-02,-0.0353125,-0.00220563
7.9600e-02,-0.0289063,-0.00201281
7.9610e-02,-0.0279688,-0.00188281
7.9620e-02,-0.0335937,-0.00227094
7.9630e-02,-0.0273438,-0.00209531
7.9640e-02,-0.029375,-0.0022025
7.9650e-02,-0.0329688,-0.00205094
7.9660e-02,-0.029375,-0.00190281
7.9670e-02,-0.0275,-0.00192656
7.9680e-02,-0.031875,-0.00227375
7.9690e-02,-0.029375,-0.0022125
7.9700e-02,-0.0342187,-0.00208563
7.9710e-02,-0.0398437,-0.00200469
7.9720e-02,-0.02125,-0.00206125
7.9730e-02,-0.0335937,-0.0020375
7.9740e-02,-0.02875,-0.00251656
7.9750e-02,-0.0279688,-0.00132594
7.9760e-02,-0.0260937,-0.00215406
7.9770e-02,-0.0254688,-0.00202313
7.9780e-02,-0.03,-0.00180688
7.9790e-02,-0.0260937,-0.00213188
7.9800e-02,-0.0289063,-0.00211656
7.9810e-02,-0.035625,-0.00204094
7.9820e-02,-0.0335937,-0.00189125
7.9830e-02,-0.0264062,-0.00193063
7.9840e-02,-0.0314062,-0.00175938
7.9850e-02,-0.0303125,-0.00167719
7.9860e-02,-0.0304688,-0.00198875
7.9870e-02,-0.0354688,-0.00167219
7.9880e-02,-0.0190625,-0.00195969
7.9890e-02,-0.0310937,-0.00233625
7.9900e-02,-0.0275,-0.0019325
7.9910e-02,-0.0264062,-0.002075
7.9920e-02,-0.0357813,-0.00225688
7.9930e-02,-0.036875,-0.002
7.9940e-02,-0.0442188,-0.00136625
7.9950e-02,-0.0296875,-0.00145094
7.9960e-02,-0.0298438,-0.00203906
7.9970e-02,-0.0325,-0.00196594
7.9980e-02,-0.0310937,-0.00125313
7.9990e-02,-0.0315625,-0.00208875
8.0000e-02,-0.0282813,-0.00217
8.0010e-02,-0.015625,-0.00201656
8.0020e-02,-0.02875,-0.00223781
8.0030e-02,-0.0290625,-0.00189875
8.0040e-02,-0.0271875,-0.0018075
8.0050e-02,-0.0259375,-0.00229125
8.0060e-02,-0.0315625,-0.00209438
8.0070e-02,-0.0370313,-0.00183875
8.0080e-02,-0.0234375,-0.00198719
8.0090e-02,-0.0351562,-0.001975
8.0100e-02,-0.0370313,-0.00176188
8.0110e-02,-0.0304688,-0.0019925
8.0120e-02,-0.0329688,-0.00229594
8.0130e-02,-0.0395313,-0.00225281
8.0140e-02,-0.0301563,-0.00212063
8.0150e-02,-0.0359375,-0.00177188
8.0160e-02,-0.0282813,-0.00212688
8.0170e-02,-0.030625,-0.00175406
8.0180e-02,-0.0375,-0.00186875
8.0190e-02,-0.0410937,-0.00171219
8.0200e-02,-0.0167188,-0.00192594
8.0210e-02,-0.0298438,-0.00218844
8.0220e-02,-0.0264062,-0.00192
8.0230e-02,-0.0245313,-0.00247906
8.0240e-02,-0.021875,-0.00188219
8.0250e-02,-0.0207813,-0.00220469
8.0260e-02,-0.0342187,-0.00229406
8.0270e-02,-0.0334375,-0.00219031
8.0280e-02,-0.029375,-0.00184719
8.0290e-02,-0.0421875,-0.00209406
8.0300e-02,-0.0314062,-0.00198875
8.0310e-02,-0.0214063,-0.00213406
8.0320e-02,-0.0225,-0.0017725
8.0330e-02,-0.0384375,-0.00239844
8.0340e-02,-0.0379688,-0.00170875
8.0350e-02,-0.04,-0.00187719
8.0360e-02,-0.0325,-0.00216969
8.0370e-02,-0.02375,-0.00208625
8.0380e-02,-0.04,-0.00182875
8.0390e-02,-0.0365625,-0.00177469
8.0400e-02,-0.02875,-0.00151313
8.0410e-02,-0.0290625,-0.00165625
8.0420e-02,-0.029375,-0.00228219
8.0430e-02,-0.0285938,-0.00210125
8.0440e-02,-0.0334375,-0.00175781
8.0450e-02,-0.0417187,-0.00267531
8.0460e-02,-0.0214063,-0.00218313
8.0470e-02,-0.031875,-0.00243625
8.0480e-02,-0.0321875,-0.00193219
8.0490e-02,-0.0329688,-0.00172094
8.0500e-02,-0.0385937,-0.00182844
8.0510e-02,-0.0417187,-0.00190344
8.0520e-02,-0.0245313,-0.00195625
8.0530e-02,-0.0295313,-0.00222313
8.0540e-02,-0.031875,-0.00178969
8.0550e-02,-0.02,-0.00236188
8.0560e-02,-0.0345312,-0.00182813
8.0570e-02,-0.0384375,-0.00161719
8.0580e-02,-0.0373438,-0.0017
8.0590e-02,-0.035625,-0.00196813
8.0600e-02,-0.0257812,-0.00179969
8.0610e-02,-0.03125,-0.00226938
8.0620e-02,-0.033125,-0.00248469
8.0630e-02,-0.0292188,-0.00181656
8.0640e-02,-0.0423437,-0.00176281
8.0650e-02,-0.0470312,-0.00211719
8.0660e-02,-0.0334375,-0.00213
8.0670e-02,-0.0235938,-0.00239844
8.0680e-02,-0.0509375,-0.00212938
8.0690e-02,-0.03125,-0.00212688
8.0700e-02,-0.0325,-0.00167031
8.0710e-02,-0.0239063,-0.00204844
8.0720e-02,-0.0317188,-0.00196094
8.0730e-02,-0.0421875,-0.00181313
8.0740e-02,-0.023125,-0.00197813
8.0750e-02,-0.0307813,-0.00192813
8.0760e-02,-0.0415625,-0.00269906
8.0770e-02,-0.0303125,-0.00215094
8.0780e-02,-0.033125,-0.00209531
8.0790e-02,-0.0384375,-0.00206563
8.0800e-02,-0.0321875,-0.00240656
8.0810e-02,-0.0434375,-0.00250844
8.0820e-02,-0.0264062,-0.00234281
8.0830e-02,-0.0345312,-0.00234188
8.0840e-02,-0.0396875,-0.00213813
8.0850e-02,-0.036875,-0.00213906
8.0860e-02,-0.0465625,-0.00200219
8.0870e-02,-0.026875,-0.00258844
8.0880e-02,-0.0321875,-0.00193656
8.0890e-02,-0.0339062,-0.00171813
8.0900e-02,-0.0359375,-0.00225187
8.0910e-02,-0.0340625,-0.00211594
8.0920e-02,-0.03875,-0.00224531
8.0930e-02,-0.0353125,-0.00187594
8.0940e-02,-0.0339062,-0.00200844
8.0950e-02,-0.0351562,-0.00191438
8.0960e-02,-0.0389063,-0.00195125
8.0970e-02,-0.0314062,-0.002065
8.0980e-02,-0.041875,-0.00237406
8.0990e-02,-0.038125,-0.0019625
8.1000e-02,-0.0382813,-0.00231938
8.1010e-02,-0.0321875,-0.00180406
8.1020e-02,-0.0379688,-0.00223563
8.1030e-02,-0.034375,-0.00168375
8.1040e-02,-0.0259375,-0.00220125
8.1050e-02,-0.035625,-0.00227063
8.1060e-02,-0.038125,-0.00234813
8.1070e-02,-0.0246875,-0.00185813
8.1080e-02,-0.0353125,-0.0019675
8.1090e-02,-0.0390625,-0.00196781
8.1100e-02,-0.028125,-0.00208313
8.1110e-02,-0.0340625,-0.00198938
8.1120e-02,-0.036875,-0.00183188
8.1130e-02,-0.0270312,-0.00229969
8.1140e-02,-0.0309375,-0.00163219
8.1150e-02,-0.0253125,-0.0022325
8.1160e-02,-0.038125,-0.00165781
8.1170e-02,-0.02875,-0.00229938
8.1180e-02,-0.0353125,-0.00261625
8.1190e-02,-0.0326562,-0.00214531
8.1200e-02,-0.025625,-0.00179469
8.1210e-02,-0.0328125,-0.00219625
8.1220e-02,-0.03625,-0.00210969
8.1230e-02,-0.0334375,-0.00197406
8.1240e-02,-0.0254688,-0.00187469
8.1250e-02,-0.0364063,-0.00160219
8.1260e-02,-0.02625,-0.00209406
8.1270e-02,-0.035,-0.00250531
8.1280e-02,-0.02875,-0.00204969
8.1290e-02,-0.045,-0.00193125
8.1300e-02,-0.0378125,-0.00223469
8.1310e-02,-0.0354688,-0.00240469
8.1320e-02,-0.0396875,-0.00155688
8.1330e-02,-0.0409375,-0.00209656
8.1340e-02,-0.0384375,-0.001595
8.1350e-02,-0.043125,-0.00177781
8.1360e-02,-0.0310937,-0.00200375
8.1370e-02,-0.0345312,-0.0018975
8.1380e-02,-0.0429688,-0.0021275
8.1390e-02,-0.0329688,-0.00165813
8.1400e-02,-0.0245313,-0.00209125
8.1410e-02,-0.0385937,-0.0019175
8.1420e-02,-0.0440625,-0.00192125
8.1430e-02,-0.03875,-0.00174719
8.1440e-02,-0.0304688,-0.00189406
8.1450e-02,-0.0373438,-0.00173031
8.1460e-02,-0.0439063,-0.0020125
8.1470e-02,-0.03,-0.00212
8.1480e-02,-0.024375,-0.0020525
8.1490e-02,-0.0314062,-0.00208438
8.1500e-02,-0.035625,-0.00222469
8.1510e-02,-0.048125,-0.00178969
8.1520e-02,-0.0292188,-0.00202719
8.1530e-02,-0.0348437,-0.00175719
8.1540e-02,-0.0301563,-0.00205594
8.1550e-02,-0.0348437,-0.002115
8.1560e-02,-0.0398437,-0.002115
8.1570e-02,-0.04,-0.00220813
8.1580e-02,-0.033125,-0.00156844
8.1590e-02,-0.0390625,-0.00223
8.1600e-02,-0.038125,-0.00211438
8.1610e-02,-0.035625,-0.00161594
8.1620e-02,-0.0417187,-0.00214406
8.1630e-02,-0.0314062,-0.00219531
8.1640e-02,-0.036875,-0.0021025
8.1650e-02,-0.0390625,-0.0023425
8.1660e-02,-0.0442188,-0.00209094
8.1670e-02,-0.0329688,-0.00215719
8.1680e-02,-0.0310937,-0.00182656
8.1690e-02,-0.0346875,-0.00214594
8.1700e-02,-0.0409375,-0.00191938
8.1710e-02,-0.0434375,-0.0022625
8.1720e-02,-0.0328125,-0.00215
8.1730e-02,-0.0245313,-0.00208531
8.1740e-02,-0.0390625,-0.00237188
8.1750e-02,-0.0354688,-0.00227625
8.1760e-02,-0.0351562,-0.00206219
8.1770e-02,-0.0395313,-0.00239813
8.1780e-02,-0.0257812,-0.00190469
8.1790e-02,-0.0384375,-0.00166563
8.1800e-02,-0.0360938,-0.001905
8.1810e-02,-0.04125,-0.00180406
8.1820e-02,-0.0270312,-0.00238469
8.1830e-02,-0.0332812,-0.00220219
8.1840e-02,-0.0351562,-0.00244469
8.1850e-02,-0.0534375,-0.00247875
8.1860e-02,-0.031875,-0.00186781
8.1870e-02,-0.038125,-0.00185688
8.1880e-02,-0.039375,-0.00195875
8.1890e-02,-0.0421875,-0.00182375
8.1900e-02,-0.04125,-0.00182094
8.1910e-02,-0.0325,-0.00243563
8.1920e-02,-0.0339062,-0.00171563
8.1930e-02,-0.0359375,-0.00216094
8.1940e-02,-0.0407813,-0.00175094
8.1950e-02,-0.0604688,-0.00178906
8.1960e-02,-0.0309375,-0.00238
8.1970e-02,-0.0442188,-0.00199125
8.1980e-02,-0.035625,-0.00181938
8.1990e-02,-0.0414063,-0.00205406
8.2000e-02,-0.0353125,-0.00217719
8.2010e-02,-0.0226562,-0.00260531
8.2020e-02,-0.044375,-0.00180406
8.2030e-02,-0.0354688,-0.00246437
8.2040e-02,-0.0370313,-0.00175906
8.2050e-02,-0.045625,-0.00221594
8.2060e-02,-0.0373438,-0.00202906
8.2070e-02,-0.0384375,-0.00151188
8.2080e-02,-0.0365625,-0.00201719
8.2090e-02,-0.039375,-0.00195281
8.2100e-02,-0.0339062,-0.00186438
8.2110e-02,-0.0332812,-0.00219406
8.2120e-02,-0.0398437,-0.00215625
8.2130e-02,-0.03875,-0.00193219
8.2140e-02,-0.0389063,-0.00197813
8.2150e-02,-0.0475,-0.00242688
8.2160e-02,-0.0448438,-0.00164188
8.2170e-02,-0.0496875,-0.00235281
8.2180e-02,-0.0367188,-0.00207813
8.2190e-02,-0.038125,-0.0023575
8.2200e-02,-0.0404687,-0.00194656
8.2210e-02,-0.0239063,-0.00194156
8.2220e-02,-0.0315625,-0.00160969
8.2230e-02,-0.0320312,-0.00215906
8.2240e-02,-0.0392187,-0.00207219
8.2250e-02,-0.0440625,-0.00201094
8.2260e-02,-0.0420312,-0.00197031
8.2270e-02,-0.0367188,-0.00207313
8.2280e-02,-0.0301563,-0.00174469
8.2290e-02,-0.0420312,-0.00233656
8.2300e-02,-0.034375,-0.0020125
8.2310e-02,-0.0425,-0.00230688
8.2320e-02,-0.04,-0.00177656
8.2330e-02,-0.0454688,-0.00211969
8.2340e-02,-0.0359375,-0.00201563
8.2350e-02,-0.0404687,-0.00213031
8.2360e-02,-0.041875,-0.00203719
8.2370e-02,-0.04,-0.00225406
8.2380e-02,-0.0453125,-0.00168531
8.2390e-02,-0.0339062,-0.00195781
8.2400e-02,-0.035,-0.00178906
8.2410e-02,-0.028125,-0.00194531
8.2420e-02,-0.0476562,-0.00199594
8.2430e-02,-0.0471875,-0.00197188
8.2440e-02,-0.0401563,-0.00232375
8.2450e-02,-0.0292188,-0.00228406
8.2460e-02,-0.0378125,-0.00233094
8.2470e-02,-0.0310937,-0.00234156
8.2480e-02,-0.0371875,-0.00263281
8.2490e-02,-0.0446875,-0.00207906
8.2500e-02,-0.0382813,-0.00210406
8.2510e-02,-0.0346875,-0.00234438
8.2520e-02,-0.0340625,-0.002085
8.2530e-02,-0.0317188,-0.00174969
8.2540e-02,-0.0282813,-0.00192719
8.2550e-02,-0.0401563,-0.00193844
8.2560e-02,-0.0404687,-0.00155469
8.2570e-02,-0.0395313,-0.00189156
8.2580e-02,-0.0325,-0.0018075
8.2590e-02,-0.0404687,-0.00198656
8.2600e-02,-0.0414063,-0.00175594
8.2610e-02,-0.0451563,-0.00198969
8.2620e-02,-0.04125,-0.00209125
8.2630e-02,-0.0373438,-0.00182906
8.2640e-02,-0.0404687,-0.00189094
8.2650e-02,-0.043125,-0.00265531
8.2660e-02,-0.0203125,-0.00184563
8.2670e-02,-0.0517188,-0.00183469
8.2680e-02,-0.0434375,-0.00229938
8.2690e-02,-0.045,-0.00211125
8.2700e-02,-0.0392187,-0.00203469
8.2710e-02,-0.0414063,-0.00179656
8.2720e-02,-0.0496875,-0.00134563
8.2730e-02,-0.0359375,-0.00200594
8.2740e-02,-0.048125,-0.00206688
8.2750e-02,-0.0376563,-0.00180094
8.2760e-02,-0.0304688,-0.00199156
8.2770e-02,-0.0435938,-0.00218719
8.2780e-02,-0.0404687,-0.00215031
8.2790e-02,-0.0385937,-0.00233219
8.2800e-02,-0.0382813,-0.00224281
8.2810e-02,-0.0282813,-0.00214
8.2820e-02,-0.0348437,-0.00207375
8.2830e-02,-0.0475,-0.00203625
8.2840e-02,-0.034375,-0.00177813
8.2850e-02,-0.055,-0.00218656
8.2860e-02,-0.043125,-0.00183594
8.2870e-02,-0.046875,-0.00212938
8.2880e-02,-0.03625,-0.00176438
8.2890e-02,-0.0482812,-0.0019575
8.2900e-02,-0.05125,-0.00221406
8.2910e-02,-0.0314062,-0.00202406
8.2920e-02,-0.033125,-0.00219313
8.2930e-02,-0.0310937,-0.00212406
8.2940e-02,-0.0457813,-0.00217063
8.2950e-02,-0.0484375,-0.002015
8.2960e-02,-0.0404687,-0.00183469
8.2970e-02,-0.03125,-0.00204969
8.2980e-02,-0.041875,-0.00233188
8.2990e-02,-0.035625,-0.00194125
8.3000e-02,-0.0389063,-0.0019575
8.3010e-02,-0.0371875,-0.00223375
8.3020e-02,-0.0559375,-0.00230375
8.3030e-02,-0.0475,-0.00176156
8.3040e-02,-0.0407813,-0.00259719
8.3050e-02,-0.0334375,-0.00253219
8.3060e-02,-0.045,-0.00210438
8.3070e-02,-0.04,-0.00213063
8.3080e-02,-0.0398437,-0.0021875
8.3090e-02,-0.028125,-0.00228875
8.3100e-02,-0.0401563,-0.00240781
8.3110e-02,-0.0414063,-0.00189156
8.3120e-02,-0.0379688,-0.00223313
8.3130e-02,-0.040625,-0.00218438
8.3140e-02,-0.048125,-0.0017925
8.3150e-02,-0.0298438,-0.00191125
8.3160e-02,-0.0351562,-0.00205813
8.3170e-02,-0.0371875,-0.00194656
8.3180e-02,-0.0409375,-0.00199313
8.3190e-02,-0.034375,-0.0021
8.3200e-02,-0.0395313,-0.00214562
8.3210e-02,-0.03375,-0.00187781
8.3220e-02,-0.03125,-0.00165875
8.3230e-02,-0.0275,-0.00171188
8.3240e-02,-0.0276563,-0.00192531
8.3250e-02,-0.041875,-0.00202469
8.3260e-02,-0.0409375,-0.00161469
8.3270e-02,-0.046875,-0.00176063
8.3280e-02,-0.0396875,-0.00202625
8.3290e-02,-0.0429688,-0.00183844
8.3300e-02,-0.0460938,-0.00203875
8.3310e-02,-0.0385937,-0.00183
8.3320e-02,-0.043125,-0.00217313
8.3330e-02,-0.0360938,-0.00212938
8.3340e-02,-0.0467188,-0.00206906
8.3350e-02,-0.0332812,-0.00192094
8.3360e-02,-0.0371875,-0.00184125
8.3370e-02,-0.0317188,-0.00224813
8.3380e-02,-0.0445313,-0.00155
8.3390e-02,-0.038125,-0.00190125
8.3400e-02,-0.045,-0.00176344
8.3410e-02,-0.0409375,-0.00191781
8.3420e-02,-0.029375,-0.00173344
8.3430e-02,-0.034375,-0.00173406
8.3440e-02,-0.0453125,-0.00166156
8.3450e-02,-0.0429688,-0.00257063
8.3460e-02,-0.0320312,-0.00158375
8.3470e-02,-0.053125,-0.00150563
8.3480e-02,-0.0364063,-0.00200125
8.3490e-02,-0.0382813,-0.00178594
8.3500e-02,-0.0464062,-0.00225281
8.3510e-02,-0.0367188,-0.00190531
8.3520e-02,-0.051875,-0.001765
8.3530e-02,-0.0354688,-0.00224531
8.3540e-02,-0.049375,-0.00206625
8.3550e-02,-0.0378125,-0.00163094
8.3560e-02,-0.0340625,-0.00186344
8.3570e-02,-0.0432813,-0.00216344
8.3580e-02,-0.04,-0.00208281
8.3590e-02,-0.0334375,-0.00251438
8.3600e-02,-0.0389063,-0.00208844
8.3610e-02,-0.0346875,-0.00206938
8.3620e-02,-0.0353125,-0.0020925
8.3630e-02,-0.0415625,-0.00217
8.3640e-02,-0.0326562,-0.00215188
8.3650e-02,-0.0510938,-0.002385
8.3660e-02,-0.0434375,-0.00189063
8.3670e-02,-0.030625,-0.0019725
8.3680e-02,-0.049375,-0.00205344
8.3690e-02,-0.0415625,-0.00157969
8.3700e-02,-0.0395313,-0.00190938
8.3710e-02,-0.0470312,-0.00218313
8.3720e-02,-0.0434375,-0.00234281
8.3730e-02,-0.0465625,-0.00209281
8.3740e-02,-0.0376563,-0.00208344
8.3750e-02,-0.0439063,-0.00216125
8.3760e-02,-0.0439063,-0.00186875
8.3770e-02,-0.0371875,-0.00239375
8.3780e-02,-0.0407813,-0.0018725
8.3790e-02,-0.03,-0.00199469
8.3800e-02,-0.0382813,-0.00190438
8.3810e-02,-0.0378125,-0.00182594
8.3820e-02,-0.0403125,-0.00220375
8.3830e-02,-0.0432813,-0.00189531
8.3840e-02,-0.039375,-0.00185875
8.3850e-02,-0.0425,-0.00177813
8.3860e-02,-0.0351562,-0.00250563
8.3870e-02,-0.0407813,-0.00204375
8.3880e-02,-0.0351562,-0.00222594
8.3890e-02,-0.04375,-0.00280406
8.3900e-02,-0.0434375,-0.00216844
8.3910e-02,-0.0426562,-0.00197688
8.3920e-02,-0.0323438,-0.00194469
8.3930e-02,-0.0392187,-0.00209813
8.3940e-02,-0.0342187,-0.0021125
8.3950e-02,-0.0290625,-0.00209656
8.3960e-02,-0.0409375,-0.00187438
8.3970e-02,-0.0440625,-0.00189594
8.3980e-02,-0.0546875,-0.002795
8.3990e-02,-0.0467188,-0.00212063
8.4000e-02,-0.0459375,-0.00167875
8.4010e-02,-0.0429688,-0.00194969
8.4020e-02,-0.04,-0.001525
8.4030e-02,-0.0385937,-0.00168719
8.4040e-02,-0.0485938,-0.00138031
8.4050e-02,-0.049375,-0.00199563
8.4060e-02,-0.049375,-0.00179563
8.4070e-02,-0.0248438,-0.00223219
8.4080e-02,-0.0485938,-0.00227281
8.4090e-02,-0.034375,-0.00243031
8.4100e-02,-0.03,-0.00174
8.4110e-02,-0.045625,-0.00203937
8.4120e-02,-0.0376563,-0.00202812
8.4130e-02,-0.0453125,-0.0022575
8.4140e-02,-0.0535937,-0.00206875
8.4150e-02,-0.04625,-0.00225187
8.4160e-02,-0.0326562,-0.00226625
8.4170e-02,-0.041875,-0.00184875
8.4180e-02,-0.04125,-0.00214719
8.4190e-02,-0.030625,-0.00234781
8.4200e-02,-0.0296875,-0.00181813
8.4210e-02,-0.036875,-0.00203406
8.4220e-02,-0.0334375,-0.00211063
8.4230e-02,-0.0453125,-0.00236406
8.4240e-02,-0.0339062,-0.0018875
8.4250e-02,-0.0421875,-0.00243656
8.4260e-02,-0.0334375,-0.00180906
8.4270e-02,-0.0475,-0.001935
8.4280e-02,-0.0409375,-0.00158719
8.4290e-02,-0.050625,-0.00217531
8.4300e-02,-0.0439063,-0.00200125
8.4310e-02,-0.0528125,-0.00216063
8.4320e-02,-0.0414063,-0.00156125
8.4330e-02,-0.03125,-0.00201875
8.4340e-02,-0.0454688,-0.00203375
8.4350e-02,-0.0390625,-0.00211
8.4360e-02,-0.0429688,-0.0022425
8.4370e-02,-0.0334375,-0.00231969
8.4380e-02,-0.0529687,-0.00206688
8.4390e-02,-0.033125,-0.00212969
8.4400e-02,-0.035625,-0.00218375
8.4410e-02,-0.035625,-0.00178438
8.4420e-02,-0.0429688,-0.00204781
8.4430e-02,-0.0490625,-0.0019575
8.4440e-02,-0.0432813,-0.00200188
8.4450e-02,-0.0385937,-0.00207344
8.4460e-02,-0.0401563,-0.00204031
8.4470e-02,-0.038125,-0.00194781
8.4480e-02,-0.0392187,-0.00206094
8.4490e-02,-0.165469,-0.00201438
8.4500e-02,-0.778438,-0.000270625
8.4510e-02,-0.660313,0.000719375
8.4520e-02,-1.54906,0.000750625
8.4530e-02,-1.50578,0.00107
8.4540e-02,0.101094,0.00109156
8.4550e-02,0.12875,0.0009575
8.4560e-02,0.114219,0.00114656
8.4570e-02,0.09625,0.00113031
8.4580e-02,0.0728125,0.00106063
8.4590e-02,0.0728125,0.000962188
8.4600e-02,0.06875,0.00103188
8.4610e-02,0.059375,0.00126281
8.4620e-02,0.0565625,0.000995
8.4630e-02,0.0389063,0.00117063
8.4640e-02,0.0532813,0.00114406
8.4650e-02,0.0471875,0.00107688
8.4660e-02,0.0240625,0.00113781
8.4670e-02,0.0321875,0.00126844
8.4680e-02,0.0396875,0.00100406
8.4690e-02,0.033125,0.00098875
8.4700e-02,0.0146875,0.00105594
8.4710e-02,0.0273438,0.00109063
8.4720e-02,0.0292187,0.00095
8.4730e-02,0.0164063,0.00108594
8.4740e-02,0.033125,0.00109938
8.4750e-02,0.0232812,0.000490313
8.4760e-02,0.0151562,-0.000849688
8.4770e-02,0.006875,-0.00129094
8.4780e-02,0.0251563,-0.00198906
8.4790e-02,0.0164063,-0.002205
8.4800e-02,0.0232812,-0.00213437
8.4810e-02,0.00890625,-0.00243625
8.4820e-02,0.0109375,-0.002055
8.4830e-02,0.0040625,-0.00215344
8.4840e-02,0.005625,-0.00206625
8.4850e-02,0.0096875,-0.00216188
8.4860e-02,0.009375,-0.0023775
8.4870e-02,0.00703125,-0.0024925
8.4880e-02,0.0021875,-0.00251313
8.4890e-02,0.001875,-0.00252812
8.4900e-02,0.0090625,-0.00189156
8.4910e-02,0.0071875,-0.00190125
8.4920e-02,0.0164063,-0.00236
8.4930e-02,0.0025,-0.00186563
8.4940e-02,0.0096875,-0.00212437
8.4950e-02,-0.0003125,-0.00204719
8.4960e-02,0.0134375,-0.00172344
8.4970e-02,0.0025,-0.00254375
8.4980e-02,0.00296875,-0.00245344
8.4990e-02,-0.00765625,-0.00196688
8.5000e-02,0.00546875,-0.00216125
8.5010e-02,-0.00015625,-0.00237156
8.5020e-02,0.0021875,-0.00229875
8.5030e-02,-0.005,-0.00271563
8.5040e-02,-0.01125,-0.00185719
8.5050e-02,0.0170313,-0.00247813
8.5060e-02,-0.0196875,-0.0018625
8.5070e-02,0.00015625,-0.00244219
8.5080e-02,-0.00015625,-0.00212688
8.5090e-02,-0.00578125,-0.00199188
8.5100e-02,-0.0139063,-0.00195906
8.5110e-02,-0.001875,-0.00172625
8.5120e-02,0.00046875,-0.00225219
8.5130e-02,0.00015625,-0.00184375
8.5140e-02,0.0148437,-0.00201812
8.5150e-02,-0.00234375,-0.00226469
8.5160e-02,0.0009375,-0.00226656
8.5170e-02,0.00734375,-0.00207719
8.5180e-02,0.0034375,-0.00227219
8.5190e-02,-0.00546875,-0.00223344
8.5200e-02,-0.0075,-0.00238031
8.5210e-02,-0.009375,-0.00199031
8.5220e-02,0.00515625,-0.00156063
8.5230e-02,-0.0148437,-0.00232594
8.5240e-02,-0.00703125,-0.00236688
8.5250e-02,-0.0065625,-0.00230906
8.5260e-02,-0.0146875,-0.00248875
8.5270e-02,-0.00640625,-0.00218094
8.5280e-02,-0.00671875,-0.00206469
8.5290e-02,-0.0201563,-0.00167094
8.5300e-02,-0.0075,-0.00203
8.5310e-02,-0.0104688,-0.00244563
8.5320e-02,-0.0084375,-0.00223656
8.5330e-02,0.00046875,-0.00165188
8.5340e-02,-0.0123438,-0.00212969
8.5350e-02,-0.00890625,-0.00204094
8.5360e-02,-0.0148437,-0.00230969
8.5370e-02,-0.00390625,-0.00210781
8.5380e-02,-0.0139063,-0.00197938
8.5390e-02,-0.0151562,-0.00186875
8.5400e-02,-0.00421875,-0.00212813
8.5410e-02,-0.0084375,-0.00198031
8.5420e-02,-0.00953125,-0.001875
8.5430e-02,-0.0182812,-0.00206594
8.5440e-02,-0.013125,-0.00194813
8.5450e-02,-0.010625,-0.00204125
8.5460e-02,-0.00734375,-0.00185031
8.5470e-02,-0.00671875,-0.00176156
8.5480e-02,-0.00390625,-0.00177125
8.5490e-02,-0.01625,-0.0020925
8.5500e-02,-0.015,-0.00229969
8.5510e-02,-0.00625,-0.00206875
8.5520e-02,-0.010625,-0.00192781
8.5530e-02,-0.01125,-0.0017975
8.5540e-02,-0.00375,-0.00183
8.5550e-02,-0.0217188,-0.00165594
8.5560e-02,-0.00625,-0.00184969
8.5570e-02,-0.0159375,-0.00216781
8.5580e-02,-0.0125,-0.00236313
8.5590e-02,-0.0140625,-0.00262344
8.5600e-02,-0.0040625,-0.00199375
8.5610e-02,-0.0159375,-0.00212219
8.5620e-02,-0.00828125,-0.00198125
8.5630e-02,-0.0145312,-0.0023725
8.5640e-02,-0.006875,-0.00256219
8.5650e-02,-0.0145312,-0.00201625
8.5660e-02,-0.0225,-0.00220563
8.5670e-02,-0.0164063,-0.00214188
8.5680e-02,-0.0117188,-0.0015825
8.5690e-02,-0.0117188,-0.00186156
8.5700e-02,-0.015625,-0.00192844
8.5710e-02,-0.0203125,-0.00205344
8.5720e-02,-0.0110937,-0.00142469
8.5730e-02,-0.0164063,-0.00189719
8.5740e-02,-0.0176563,-0.0019275
8.5750e-02,-0.0204688,-0.00209313
8.5760e-02,-0.0248438,-0.00234625
8.5770e-02,-0.0175,-0.00228312
8.5780e-02,-0.016875,-0.0027875
8.5790e-02,-0.0107813,-0.00174094
8.5800e-02,-0.0148437,-0.00191
8.5810e-02,-0.010625,-0.00201438
8.5820e-02,-0.0190625,-0.00193969
8.5830e-02,-0.0128125,-0.00200188
8.5840e-02,-0.0264062,-0.00228125
8.5850e-02,-0.0151562,-0.00203781
8.5860e-02,-0.0184375,-0.00204813
8.5870e-02,-0.021875,-0.00190813
8.5880e-02,-0.0139063,-0.00254688
8.5890e-02,-0.0173438,-0.002185
8.5900e-02,-0.0175,-0.00184219
8.5910e-02,-0.0214063,-0.00202938
8.5920e-02,-0.0164063,-0.00246281
8.5930e-02,-0.0128125,-0.00225938
8.5940e-02,-0.0214063,-0.00200188
8.5950e-02,-0.0235938,-0.00205469
8.5960e-02,-0.011875,-0.00217469
8.5970e-02,-0.0259375,-0.00253875
8.5980e-02,-0.0264062,-0.002185
8.5990e-02,-0.0120313,-0.00210188
8.6000e-02,-0.0142188,-0.0021075
8.6010e-02,-0.0182812,-0.002035
8.6020e-02,-0.0114062,-0.00185719
8.6030e-02,-0.0165625,-0.00150313
8.6040e-02,-0.0182812,-0.00227781
8.6050e-02,-0.021875,-0.00204094
8.6060e-02,-0.0248438,-0.00210125
8.6070e-02,-0.0175,-0.00217625
8.6080e-02,-0.0246875,-0.00225594
8.6090e-02,-0.0196875,-0.00199687
8.6100e-02,-0.01875,-0.00203719
8.6110e-02,-0.03375,-0.00206062
8.6120e-02,-0.02375,-0.00236906
8.6130e-02,-0.0159375,-0.00225344
8.6140e-02,-0.0151562,-0.00200781
8.6150e-02,-0.0248438,-0.00204375
8.6160e-02,-0.029375,-0.002045
8.6170e-02,-0.013125,-0.00242094
8.6180e-02,-0.0196875,-0.00212063
8.6190e-02,-0.0195312,-0.00184656
8.6200e-02,-0.00515625,-0.00179188
8.6210e-02,-0.0175,-0.0021825
8.6220e-02,-0.016875,-0.00275406
8.6230e-02,-0.0159375,-0.00230594
8.6240e-02,-0.0153125,-0.00213156
8.6250e-02,-0.0232812,-0.00196469
8.6260e-02,-0.0154687,-0.00205969
8.6270e-02,-0.0215625,-0.00234719
8.6280e-02,-0.0285938,-0.0023275
8.6290e-02,-0.0221875,-0.00243625
8.6300e-02,-0.0209375,-0.00189656
8.6310e-02,-0.025625,-0.00160594
8.6320e-02,-0.0160938,-0.00174375
8.6330e-02,-0.0317188,-0.00144469
8.6340e-02,-0.0178125,-0.00218188
8.6350e-02,-0.0248438,-0.00135188
8.6360e-02,-0.00921875,-0.00204594
8.6370e-02,-0.0125,-0.00220813
8.6380e-02,-0.0229687,-0.00227469
8.6390e-02,-0.0157813,-0.00204031
8.6400e-02,-0.0207813,-0.00221125
8.6410e-02,-0.0298438,-0.00208187
8.6420e-02,-0.00828125,-0.00189781
8.6430e-02,-0.0339062,-0.00152375
8.6440e-02,-0.023125,-0.00152438
8.6450e-02,-0.0278125,-0.00255625
8.6460e-02,-0.0242188,-0.00208313
8.6470e-02,-0.0182812,-0.00176594
8.6480e-02,-0.0342187,-0.00212906
8.6490e-02,-0.0310937,-0.00251563
8.6500e-02,-0.0235938,-0.00182563
8.6510e-02,-0.0290625,-0.00217906
8.6520e-02,-0.0210938,-0.00178125
8.6530e-02,-0.0285938,-0.00208313
8.6540e-02,-0.0207813,-0.00169938
8.6550e-02,-0.0157813,-0.00233
8.6560e-02,-0.0185937,-0.00200656
8.6570e-02,-0.0204688,-0.00230125
8.6580e-02,-0.036875,-0.00150188
8.6590e-02,-0.020625,-0.0020425
8.6600e-02,-0.0134375,-0.00183313
8.6610e-02,-0.024375,-0.00221313
8.6620e-02,-0.0221875,-0.00201344
8.6630e-02,-0.0326562,-0.00209656
8.6640e-02,-0.0260937,-0.00183719
8.6650e-02,-0.0303125,-0.00192063
8.6660e-02,-0.0175,-0.00206813
8.6670e-02,-0.0123438,-0.00252219
8.6680e-02,-0.0217188,-0.0016375
8.6690e-02,-0.0339062,-0.00156656
8.6700e-02,-0.0232812,-0.00222094
8.6710e-02,-0.0278125,-0.00168125
8.6720e-02,-0.023125,-0.00193
8.6730e-02,-0.031875,-0.00208125
8.6740e-02,-0.0185937,-0.00161781
8.6750e-02,-0.0184375,-0.0022125
8.6760e-02,-0.0232812,-0.00253125
8.6770e-02,-0.0198438,-0.0021775
8.6780e-02,-0.03375,-0.00172594
8.6790e-02,-0.0310937,-0.00196938
8.6800e-02,-0.0164063,-0.00184844
8.6810e-02,-0.0179687,-0.00163
8.6820e-02,-0.03125,-0.00172969
8.6830e-02,-0.0264062,-0.00176531
8.6840e-02,-0.0335937,-0.00179219
8.6850e-02,-0.02875,-0.00188594
8.6860e-02,-0.0248438,-0.00229063
8.6870e-02,-0.0148437,-0.00185438
8.6880e-02,-0.0373438,-0.00198656
8.6890e-02,-0.0234375,-0.00219906
8.6900e-02,-0.0309375,-0.00249563
8.6910e-02,-0.0242188,-0.00258656
8.6920e-02,-0.034375,-0.00193625
8.6930e-02,-0.02375,-0.00207375
8.6940e-02,-0.0215625,-0.0023675
8.6950e-02,-0.0323438,-0.00135875
8.6960e-02,-0.0307813,-0.00188938
8.6970e-02,-0.0228125,-0.00165219
8.6980e-02,-0.0175,-0.00168031
8.6990e-02,-0.029375,-0.00207563
8.7000e-02,-0.0275,-0.00248938
8.7010e-02,-0.0407813,-0.00199188
8.7020e-02,-0.0265625,-0.00221031
8.7030e-02,-0.0285938,-0.00210656
8.7040e-02,-0.0323438,-0.00195281
8.7050e-02,-0.0278125,-0.00229719
8.7060e-02,-0.0204688,-0.00230875
8.7070e-02,-0.0229687,-0.00241406
8.7080e-02,-0.0276563,-0.00184906
8.7090e-02,-0.033125,-0.00179406
8.7100e-02,-0.0378125,-0.00181531
8.7110e-02,-0.020625,-0.00247031
8.7120e-02,-0.0276563,-0.00175313
8.7130e-02,-0.00734375,-0.00177938
8.7140e-02,-0.0292188,-0.00215375
8.7150e-02,-0.0245313,-0.002005
8.7160e-02,-0.03875,-0.00185031
8.7170e-02,-0.0232812,-0.00180188
8.7180e-02,-0.0220313,-0.00169875
8.7190e-02,-0.035625,-0.00191563
8.7200e-02,-0.0298438,-0.00161969
8.7210e-02,-0.0260937,-0.00187969
8.7220e-02,-0.025,-0.00247688
8.7230e-02,-0.0170313,-0.00222344
8.7240e-02,-0.0273438,-0.00246938
8.7250e-02,-0.0221875,-0.00204906
8.7260e-02,-0.0296875,-0.00235625
8.7270e-02,-0.0292188,-0.00218469
8.7280e-02,-0.0395313,-0.00191219
8.7290e-02,-0.0176563,-0.00129469
8.7300e-02,-0.0257812,-0.00201563
8.7310e-02,-0.0232812,-0.00207656
8.7320e-02,-0.0235938,-0.00170656
8.7330e-02,-0.0257812,-0.00210281
8.7340e-02,-0.0290625,-0.00211844
8.7350e-02,-0.02375,-0.00172844
8.7360e-02,-0.0267187,-0.00159563
8.7370e-02,-0.0215625,-0.00184188
8.7380e-02,-0.0198438,-0.00203
8.7390e-02,-0.0304688,-0.00200938
8.7400e-02,-0.030625,-0.00178969
8.7410e-02,-0.0317188,-0.00147219
8.7420e-02,-0.0304688,-0.00163094
8.7430e-02,-0.0310937,-0.00205656
8.7440e-02,-0.030625,-0.00232375
8.7450e-02,-0.028125,-0.00201375
8.7460e-02,-0.0282813,-0.00266625
8.7470e-02,-0.0254688,-0.00206844
8.7480e-02,-0.0284375,-0.00199687
8.7490e-02,-0.0290625,-0.00217406
8.7500e-02,-0.0285938,-0.00220031
8.7510e-02,-0.0240625,-0.00171156
8.7520e-02,-0.0282813,-0.00171844
8.7530e-02,-0.0285938,-0.00191781
8.7540e-02,-0.0354688,-0.00140219
8.7550e-02,-0.03,-0.00199563
8.7560e-02,-0.0354688,-0.002155
8.7570e-02,-0.0270312,-0.00241031
8.7580e-02,-0.0309375,-0.00206031
8.7590e-02,-0.0278125,-0.00245469
8.7600e-02,-0.0285938,-0.00239063
8.7610e-02,-0.025,-0.00232625
8.7620e-02,-0.0246875,-0.00202
8.7630e-02,-0.0421875,-0.00180594
8.7640e-02,-0.030625,-0.00169875
8.7650e-02,-0.0371875,-0.00174219
8.7660e-02,-0.0273438,-0.00231688
8.7670e-02,-0.0317188,-0.00189688
8.7680e-02,-0.0301563,-0.00224813
8.7690e-02,-0.0339062,-0.00240688
8.7700e-02,-0.0254688,-0.00194125
8.7710e-02,-0.0328125,-0.00209875
8.7720e-02,-0.0364063,-0.00192719
8.7730e-02,-0.033125,-0.00247344
8.7740e-02,-0.028125,-0.00217594
8.7750e-02,-0.03375,-0.00208594
8.7760e-02,-0.0335937,-0.00232625
8.7770e-02,-0.02,-0.00187938
8.7780e-02,-0.024375,-0.00163656
8.7790e-02,-0.0257812,-0.00244813
8.7800e-02,-0.0315625,-0.00241594
8.7810e-02,-0.0221875,-0.00217906
8.7820e-02,-0.0364063,-0.0020475
8.7830e-02,-0.0335937,-0.00219531
8.7840e-02,-0.048125,-0.00200188
8.7850e-02,-0.0240625,-0.00171219
8.7860e-02,-0.026875,-0.00177125
8.7870e-02,-0.038125,-0.00204813
8.7880e-02,-0.034375,-0.00209187
8.7890e-02,-0.035625,-0.001605
8.7900e-02,-0.0265625,-0.00193188
8.7910e-02,-0.0326562,-0.00241625
8.7920e-02,-0.0342187,-0.00184313
8.7930e-02,-0.03,-0.00209594
8.7940e-02,-0.0332812,-0.00221594
8.7950e-02,-0.0214063,-0.00211813
8.7960e-02,-0.0190625,-0.00182344
8.7970e-02,-0.0367188,-0.00153813
8.7980e-02,-0.0459375,-0.00239313
8.7990e-02,-0.0342187,-0.00163406
8.8000e-02,-0.0273438,-0.00193125
8.8010e-02,-0.039375,-0.00240688
8.8020e-02,-0.031875,-0.00174156
8.8030e-02,-0.0340625,-0.0021675
8.8040e-02,-0.025625,-0.00213719
8.8050e-02,-0.0428125,-0.00204281
8.8060e-02,-0.0296875,-0.00203219
8.8070e-02,-0.0323438,-0.00173875
8.8080e-02,-0.0254688,-0.0019325
8.8090e-02,-0.0273438,-0.00176375
8.8100e-02,-0.0420312,-0.00206
8.8110e-02,-0.0228125,-0.00204344
8.8120e-02,-0.0359375,-0.00250063
8.8130e-02,-0.0326562,-0.00280625
8.8140e-02,-0.0278125,-0.00268438
8.8150e-02,-0.0242188,-0.00206094
8.8160e-02,-0.0421875,-0.00240313
8.8170e-02,-0.0248438,-0.00229594
8.8180e-02,-0.0232812,-0.001675
8.8190e-02,-0.0364063,-0.00210469
8.8200e-02,-0.0251563,-0.00194875
8.8210e-02,-0.0334375,-0.00201344
8.8220e-02,-0.0376563,-0.00174
8.8230e-02,-0.0379688,-0.00167313
8.8240e-02,-0.0407813,-0.00190813
8.8250e-02,-0.0365625,-0.00189938
8.8260e-02,-0.0409375,-0.00176281
8.8270e-02,-0.0329688,-0.0016975
8.8280e-02,-0.0370313,-0.00140906
8.8290e-02,-0.0225,-0.00221313
8.8300e-02,-0.0354688,-0.00182969
8.8310e-02,-0.039375,-0.00183563
8.8320e-02,-0.0207813,-0.00210938
8.8330e-02,-0.0328125,-0.00205625
8.8340e-02,-0.0334375,-0.00177031
8.8350e-02,-0.0259375,-0.00217531
8.8360e-02,-0.0373438,-0.00226
8.8370e-02,-0.0264062,-0.00221719
8.8380e-02,-0.0303125,-0.00191406
8.8390e-02,-0.0348437,-0.00162938
8.8400e-02,-0.034375,-0.00216438
8.8410e-02,-0.041875,-0.00188344
8.8420e-02,-0.0314062,-0.00179656
8.8430e-02,-0.0314062,-0.00199969
8.8440e-02,-0.03875,-0.00197906
8.8450e-02,-0.025,-0.00150125
8.8460e-02,-0.0325,-0.00184656
8.8470e-02,-0.0328125,-0.00199656
8.8480e-02,-0.025,-0.00179781
8.8490e-02,-0.0323438,-0.00236969
8.8500e-02,-0.0342187,-0.002035
8.8510e-02,-0.0376563,-0.0025625
8.8520e-02,-0.0357813,-0.00208125
8.8530e-02,-0.0359375,-0.00219688
8.8540e-02,-0.0314062,-0.00191656
8.8550e-02,-0.0290625,-0.00184438
8.8560e-02,-0.038125,-0.00202594
8.8570e-02,-0.0226562,-0.00207344
8.8580e-02,-0.0328125,-0.00193781
8.8590e-02,-0.0320312,-0.00179063
8.8600e-02,-0.033125,-0.00201031
8.8610e-02,-0.025,-0.00212594
8.8620e-02,-0.0334375,-0.00250656
8.8630e-02,-0.0260937,-0.00254344
8.8640e-02,-0.0378125,-0.00241344
8.8650e-02,-0.0279688,-0.00231781
8.8660e-02,-0.0329688,-0.00196813
8.8670e-02,-0.0346875,-0.00261781
8.8680e-02,-0.0370313,-0.00255469
8.8690e-02,-0.0285938,-0.00217
8.8700e-02,-0.025,-0.00187188
8.8710e-02,-0.035,-0.00189156
8.8720e-02,-0.0335937,-0.00206938
8.8730e-02,-0.023125,-0.00242375
8.8740e-02,-0.0398437,-0.00237563
8.8750e-02,-0.0370313,-0.00254937
8.8760e-02,-0.0223437,-0.00201281
8.8770e-02,-0.0259375,-0.00169938
8.8780e-02,-0.0301563,-0.00243031
8.8790e-02,-0.0321875,-0.00201438
8.8800e-02,-0.03625,-0.00164281
8.8810e-02,-0.0226562,-0.00193094
8.8820e-02,-0.0346875,-0.00208813
8.8830e-02,-0.0314062,-0.00154094
8.8840e-02,-0.0326562,-0.00199063
8.8850e-02,-0.040625,-0.00222781
8.8860e-02,-0.03375,-0.001785
8.8870e-02,-0.048125,-0.00223062
8.8880e-02,-0.0298438,-0.00244
8.8890e-02,-0.025625,-0.0023725
8.8900e-02,-0.020625,-0.00199469
8.8910e-02,-0.0435938,-0.00200938
8.8920e-02,-0.0351562,-0.0023875
8.8930e-02,-0.0335937,-0.00190531
8.8940e-02,-0.030625,-0.00213563
8.8950e-02,-0.0348437,-0.00234
8.8960e-02,-0.0373438,-0.00224656
8.8970e-02,-0.034375,-0.00223062
8.8980e-02,-0.0428125,-0.00207219
8.8990e-02,-0.0307813,-0.00258625
8.9000e-02,-0.0364063,-0.00158313
8.9010e-02,-0.0373438,-0.0013725
8.9020e-02,-0.0410937,-0.0019925
8.9030e-02,-0.0278125,-0.00189625
8.9040e-02,-0.0420312,-0.00205969
8.9050e-02,-0.0365625,-0.00220156
8.9060e-02,-0.0289063,-0.00176594
8.9070e-02,-0.0273438,-0.00177719
8.9080e-02,-0.0309375,-0.00197344
8.9090e-02,-0.035,-0.00216813
8.9100e-02,-0.0321875,-0.00215562
8.9110e-02,-0.0342187,-0.00152125
8.9120e-02,-0.0378125,-0.00225531
8.9130e-02,-0.0364063,-0.00227469
8.9140e-02,-0.035625,-0.00213969
8.9150e-02,-0.0275,-0.00191563
8.9160e-02,-0.033125,-0.00220656
8.9170e-02,-0.025625,-0.00169125
8.9180e-02,-0.0445313,-0.00243563
8.9190e-02,-0.0385937,-0.00201969
8.9200e-02,-0.0365625,-0.00209156
8.9210e-02,-0.043125,-0.00203937
8.9220e-02,-0.0425,-0.00220094
8.9230e-02,-0.0439063,-0.00226375
8.9240e-02,-0.0342187,-0.00221625
8.9250e-02,-0.0389063,-0.00205344
8.9260e-02,-0.0445313,-0.00218938
8.9270e-02,-0.0373438,-0.00244531
8.9280e-02,-0.0410937,-0.00187188
8.9290e-02,-0.0235938,-0.00218375
8.9300e-02,-0.040625,-0.001845
8.9310e-02,-0.0235938,-0.00155781
8.9320e-02,-0.0270312,-0.00146813
8.9330e-02,-0.0378125,-0.00178094
8.9340e-02,-0.04125,-0.00226563
8.9350e-02,-0.0457813,-0.00175594
8.9360e-02,-0.0270312,-0.00205313
8.9370e-02,-0.029375,-0.00212
8.9380e-02,-0.0410937,-0.00230781
8.9390e-02,-0.0395313,-0.0017225
8.9400e-02,-0.0346875,-0.00215
8.9410e-02,-0.025,-0.00199438
8.9420e-02,-0.0301563,-0.00252344
8.9430e-02,-0.0367188,-0.00217625
8.9440e-02,-0.0298438,-0.00203469
8.9450e-02,-0.034375,-0.002055
8.9460e-02,-0.0478125,-0.00189781
8.9470e-02,-0.0364063,-0.00159906
8.9480e-02,-0.0379688,-0.00183188
8.9490e-02,-0.0432813,-0.00200594
8.9500e-02,-0.0365625,-0.00220688
8.9510e-02,-0.0353125,-0.001705
8.9520e-02,-0.0326562,-0.00239688
8.9530e-02,-0.0348437,-0.00179594
8.9540e-02,-0.0565625,-0.00170281
8.9550e-02,-0.0303125,-0.00219656
8.9560e-02,-0.034375,-0.001465
8.9570e-02,-0.0459375,-0.00171688
8.9580e-02,-0.0375,-0.00155469
8.9590e-02,-0.039375,-0.00219781
8.9600e-02,-0.0345312,-0.00202156
8.9610e-02,-0.0423437,-0.00216813
8.9620e-02,-0.0279688,-0.00235781
8.9630e-02,-0.0295313,-0.001925
8.9640e-02,-0.0345312,-0.00241875
8.9650e-02,-0.0265625,-0.00233406
8.9660e-02,-0.0265625,-0.00194563
8.9670e-02,-0.0401563,-0.00219219
8.9680e-02,-0.0415625,-0.00185188
8.9690e-02,-0.0390625,-0.00182188
8.9700e-02,-0.0339062,-0.00197938
8.9710e-02,-0.033125,-0.00202281
8.9720e-02,-0.0428125,-0.00172781
8.9730e-02,-0.0351562,-0.00212094
8.9740e-02,-0.0426562,-0.00172031
8.9750e-02,-0.0471875,-0.00201938
8.9760e-02,-0.0332812,-0.00168781

