Model,MDO4054-3
Firmware Version,2.20

Waveform Type,ANALOG,,
Point Format,Y,,
Horizontal Units,s,,
Horizontal Scale,0.01,,
Horizontal Delay,0.03977,,
Sample Interval,1e-05,,
Record Length,10000,,
Gating,0.0% to 100.0%,,
Probe Attenuation,1,,
Vertical Units,V,,
Vertical Offset,0,,
Vertical Scale,1,,
Vertical Position,0.02,,
,,,
,,,
,,,
Label,,,
TIME,CH1,CH2,CH3
-1.0230e-02,-0.0589063,0.00159406,-0.136038
-1.0220e-02,-0.0546875,0.00131063,-0.126663
-1.0210e-02,-0.0554687,0.00147406,-0.12385
-1.0200e-02,-0.0485938,0.000856563,-0.114788
-1.0190e-02,-0.0523437,0.00140531,-0.142288
-1.0180e-02,-0.0515625,0.00183781,-0.127912
-1.0170e-02,-0.0401563,0.00209594,-0.114475
-1.0160e-02,-0.0521875,0.00145375,-0.122287
-1.0150e-02,-0.0528125,0.00159156,-0.13135
-1.0140e-02,-0.0545313,0.00100688,-0.129475
-1.0130e-02,-0.0626562,0.00169844,-0.134475
-1.0120e-02,-0.0534375,0.000990625,-0.105725
-1.0110e-02,-0.0510938,0.00088125,-0.116663
-1.0100e-02,-0.0595313,0.00149281,-0.165725
-1.0090e-02,-0.0579687,0.001795,-0.146038
-1.0080e-02,-0.0457813,0.00146125,-0.103538
-1.0070e-02,-0.0495312,0.00158375,-0.144787
-1.0060e-02,-0.0517188,0.00134813,-0.100725
-1.0050e-02,-0.056875,0.00145594,-0.1376
-1.0040e-02,-0.0490625,0.00150656,-0.10635
-1.0030e-02,-0.050625,0.00215344,-0.135725
-1.0020e-02,-0.055,0.00155406,-0.1151
-1.0010e-02,-0.0545313,0.00113,-0.111975
-1.0000e-02,-0.053125,0.00144844,-0.115725
-9.9900e-03,-0.0535937,0.00195375,-0.108538
-9.9800e-03,-0.0596875,0.00175969,-0.119163
-9.9700e-03,-0.0448438,0.00218719,-0.110725
-9.9600e-03,-0.0484375,0.00169125,-0.11885
-9.9500e-03,-0.0426562,0.00245938,-0.148537
-9.9400e-03,-0.0553125,0.00154906,-0.12635
-9.9300e-03,-0.0515625,0.00225281,-0.15135
-9.9200e-03,-0.049375,0.00216875,-0.125413
-9.9100e-03,-0.0595313,0.00206563,-0.099475
-9.9000e-03,-0.0478125,0.00206219,-0.114163
-9.8900e-03,-0.05125,0.00133438,-0.1376
-9.8800e-03,-0.0498438,0.00186344,-0.123537
-9.8700e-03,-0.056875,0.00131031,-0.125725
-9.8600e-03,-0.0565625,0.00142344,-0.131975
-9.8500e-03,-0.0504687,0.00211406,-0.129475
-9.8400e-03,-0.055625,0.00132969,-0.106975
-9.8300e-03,-0.0467188,0.00122063,-0.108538
-9.8200e-03,-0.0579687,0.00137906,-0.132912
-9.8100e-03,-0.0634375,0.00137031,-0.123225
-9.8000e-03,-0.06125,0.00241094,-0.134788
-9.7900e-03,-0.054375,0.00145844,-0.109163
-9.7800e-03,-0.050625,0.00207281,-0.118225
-9.7700e-03,-0.051875,0.00157063,-0.105413
-9.7600e-03,-0.0614062,0.00169406,-0.111038
-9.7500e-03,-0.049375,0.00131281,-0.1201
-9.7400e-03,-0.0567187,0.00166438,-0.122287
-9.7300e-03,-0.05,0.00163969,-0.1251
-9.7200e-03,-0.0482812,0.00141875,-0.13385
-9.7100e-03,-0.0464062,0.00147063,-0.090725
-9.7000e-03,-0.0592188,0.00137781,-0.136663
-9.6900e-03,-0.054375,0.001575,-0.0966625
-9.6800e-03,-0.045625,0.00177969,-0.108538
-9.6700e-03,-0.0495312,0.00169938,-0.110725
-9.6600e-03,-0.050625,0.002245,-0.109475
-9.6500e-03,-0.0421875,0.00156406,-0.11885
-9.6400e-03,-0.0490625,0.00160094,-0.1476
-9.6300e-03,-0.0570313,0.00174219,-0.138537
-9.6200e-03,-0.0559375,0.00150844,-0.100413
-9.6100e-03,-0.0535937,0.00151406,-0.118537
-9.6000e-03,-0.0501562,0.00107594,-0.121975
-9.5900e-03,-0.053125,0.00144594,-0.12135
-9.5800e-03,-0.0446875,0.00144875,-0.132912
-9.5700e-03,-0.0520313,0.00180031,-0.136038
-9.5600e-03,-0.059375,0.00141375,-0.136975
-9.5500e-03,-0.060625,0.00171063,-0.1226
-9.5400e-03,-0.0470312,0.00188094,-0.107287
-9.5300e-03,-0.0482812,0.000706563,-0.107912
-9.5200e-03,-0.05375,0.00162844,-0.131663
-9.5100e-03,-0.0479688,0.00163531,-0.103538
-9.5000e-03,-0.0532813,0.00164188,-0.136975
-9.4900e-03,-0.0690625,0.00173,-0.135725
-9.4800e-03,-0.0548437,0.00152938,-0.119788
-9.4700e-03,-0.0542187,0.00175281,-0.12135
-9.4600e-03,-0.0454688,0.00135563,-0.126663
-9.4500e-03,-0.0571875,0.00162969,-0.124163
-9.4400e-03,-0.0465625,0.00194781,-0.119475
-9.4300e-03,-0.058125,0.00135844,-0.1101
-9.4200e-03,-0.0523437,0.00176844,-0.136663
-9.4100e-03,-0.0526563,0.00127813,-0.140413
-9.4000e-03,-0.0579687,0.0019875,-0.136663
-9.3900e-03,-0.053125,0.000917813,-0.125725
-9.3800e-03,-0.05125,0.00238688,-0.104475
-9.3700e-03,-0.0509375,0.0028475,-0.105725
-9.3600e-03,-0.0514063,0.00210031,-0.114788
-9.3500e-03,-0.05,0.00194313,-0.125725
-9.3400e-03,-0.055,0.00174563,-0.126038
-9.3300e-03,-0.045,0.00146719,-0.1226
-9.3200e-03,-0.0478125,0.00210813,-0.132912
-9.3100e-03,-0.0548437,0.00169813,-0.12385
-9.3000e-03,-0.0484375,0.00189094,-0.155413
-9.2900e-03,-0.06125,0.00194656,-0.115725
-9.2800e-03,-0.0510938,0.0007175,-0.136038
-9.2700e-03,-0.0445313,0.00175156,-0.12885
-9.2600e-03,-0.0604688,0.00113594,-0.108225
-9.2500e-03,-0.0490625,0.00187906,-0.0872875
-9.2400e-03,-0.058125,0.00201594,-0.12385
-9.2300e-03,-0.0509375,0.00134031,-0.131038
-9.2200e-03,-0.056875,0.00173781,-0.120413
-9.2100e-03,-0.05125,0.00170219,-0.114788
-9.2000e-03,-0.043125,0.00166219,-0.13135
-9.1900e-03,-0.0451563,0.00100281,-0.119788
-9.1800e-03,-0.055,0.001275,-0.120725
-9.1700e-03,-0.0448438,0.00171469,-0.116975
-9.1600e-03,-0.0453125,0.00112406,-0.0935375
-9.1500e-03,-0.0378125,0.0012375,-0.099475
-9.1400e-03,-0.0526563,0.00170031,-0.111662
-9.1300e-03,-0.0490625,0.00167156,-0.120725
-9.1200e-03,-0.0540625,0.00189375,-0.140413
-9.1100e-03,-0.05,0.00148875,-0.134788
-9.1000e-03,-0.044375,0.00182813,-0.127287
-9.0900e-03,-0.05625,0.00179281,-0.124163
-9.0800e-03,-0.0379688,0.00174563,-0.124788
-9.0700e-03,-0.0576563,0.00233313,-0.122912
-9.0600e-03,-0.0579687,0.00227781,-0.160725
-9.0500e-03,-0.0584375,0.00191531,-0.118225
-9.0400e-03,-0.0351562,0.00214562,-0.1326
-9.0300e-03,-0.0498438,0.00139344,-0.11635
-9.0200e-03,-0.0529687,0.00198531,-0.096975
-9.0100e-03,-0.045625,0.00218469,-0.121663
-9.0000e-03,-0.0401563,0.00121594,-0.093225
-8.9900e-03,-0.05625,0.00169031,-0.1151
-8.9800e-03,-0.0553125,0.00144594,-0.108538
-8.9700e-03,-0.0532813,0.0016275,-0.134475
-8.9600e-03,-0.0592188,0.000861563,-0.132288
-8.9500e-03,-0.05625,0.00139656,-0.119163
-8.9400e-03,-0.0392187,0.000733125,-0.121038
-8.9300e-03,-0.0435938,0.00105406,-0.119475
-8.9200e-03,-0.038125,0.00183188,-0.136975
-8.9100e-03,-0.0495312,0.0013125,-0.117912
-8.9000e-03,-0.0490625,0.000475,-0.1326
-8.8900e-03,-0.056875,0.00164438,-0.122912
-8.8800e-03,-0.0467188,0.00109781,-0.148225
-8.8700e-03,-0.0615625,0.00162625,-0.154787
-8.8600e-03,-0.0532813,0.00189813,-0.11885
-8.8500e-03,-0.061875,0.00215281,-0.108538
-8.8400e-03,-0.0435938,0.00142188,-0.130413
-8.8300e-03,-0.0621875,0.00239281,-0.144475
-8.8200e-03,-0.0476562,0.00154469,-0.134475
-8.8100e-03,-0.0514063,0.001995,-0.126038
-8.8000e-03,-0.0490625,0.00165094,-0.129788
-8.7900e-03,-0.0420312,0.00142625,-0.1126
-8.7800e-03,-0.0475,0.001165,-0.138225
-8.7700e-03,-0.0434375,0.00159188,-0.123225
-8.7600e-03,-0.0495312,0.00152719,-0.143225
-8.7500e-03,-0.0535937,0.00133281,-0.147913
-8.7400e-03,-0.0557813,0.00114594,-0.108225
-8.7300e-03,-0.0571875,0.00167969,-0.1076
-8.7200e-03,-0.0579687,0.00159688,-0.110413
-8.7100e-03,-0.04375,0.00166563,-0.1001
-8.7000e-03,-0.03875,0.00181719,-0.13135
-8.6900e-03,-0.0404687,0.00185563,-0.09635
-8.6800e-03,-0.0534375,0.00189969,-0.119163
-8.6700e-03,-0.0507812,0.00168688,-0.120725
-8.6600e-03,-0.055,0.00164063,-0.120413
-8.6500e-03,-0.0464062,0.0016275,-0.12635
-8.6400e-03,-0.0571875,0.0017925,-0.1026
-8.6300e-03,-0.0565625,0.00181375,-0.1301
-8.6200e-03,-0.0482812,0.00119688,-0.117287
-8.6100e-03,-0.063125,0.00115469,-0.123537
-8.6000e-03,-0.0371875,0.00174625,-0.1326
-8.5900e-03,-0.053125,0.00214438,-0.120725
-8.5800e-03,-0.0546875,0.00160313,-0.145725
-8.5700e-03,-0.0673438,0.00150031,-0.134788
-8.5600e-03,-0.0471875,0.00156406,-0.121975
-8.5500e-03,-0.0459375,0.00176344,-0.116038
-8.5400e-03,-0.0371875,0.00173844,-0.103538
-8.5300e-03,-0.0440625,0.00161625,-0.130413
-8.5200e-03,-0.044375,0.00149625,-0.142912
-8.5100e-03,-0.04875,0.00198594,-0.15135
-8.5000e-03,-0.0642188,0.00171594,-0.126975
-8.4900e-03,-0.0376563,0.00195625,-0.11635
-8.4800e-03,-0.0634375,0.00140469,-0.100725
-8.4700e-03,-0.0564063,0.00143313,-0.116975
-8.4600e-03,-0.0479688,0.002455,-0.131975
-8.4500e-03,-0.0545313,0.00225219,-0.1226
-8.4400e-03,-0.0517188,0.00146094,-0.124163
-8.4300e-03,-0.0520313,0.00206594,-0.118225
-8.4200e-03,-0.0504687,0.00143906,-0.124163
-8.4100e-03,-0.04625,0.00227531,-0.106038
-8.4000e-03,-0.0534375,0.00180875,-0.094475
-8.3900e-03,-0.0559375,0.00198969,-0.127287
-8.3800e-03,-0.04875,0.0016175,-0.10385
-8.3700e-03,-0.0539063,0.001225,-0.127912
-8.3600e-03,-0.06,0.00154344,-0.119163
-8.3500e-03,-0.04375,0.00154969,-0.1251
-8.3400e-03,-0.0609375,0.00140438,-0.127287
-8.3300e-03,-0.0509375,0.00161688,-0.1351
-8.3200e-03,-0.0667188,0.00160781,-0.102912
-8.3100e-03,-0.0535937,0.0017925,-0.111662
-8.3000e-03,-0.05625,0.0019375,-0.128537
-8.2900e-03,-0.029375,0.00159406,-0.136038
-8.2800e-03,-0.054375,0.00177063,-0.125725
-8.2700e-03,-0.0570313,0.00184156,-0.134162
-8.2600e-03,-0.0604688,0.00112125,-0.10385
-8.2500e-03,-0.071875,0.00178594,-0.127912
-8.2400e-03,-0.0445313,0.00177438,-0.117287
-8.2300e-03,-0.0540625,0.00152625,-0.133537
-8.2200e-03,-0.0525,0.001955,-0.126038
-8.2100e-03,-0.058125,0.00088375,-0.122912
-8.2000e-03,-0.0557813,0.000476563,-0.11135
-8.1900e-03,-0.0570313,0.00119406,-0.1426
-8.1800e-03,-0.0596875,0.00101938,-0.129475
-8.1700e-03,-0.0614062,0.00115531,-0.108538
-8.1600e-03,-0.0535937,0.00139281,-0.14135
-8.1500e-03,-0.0517188,0.00162594,-0.126038
-8.1400e-03,-0.0526563,0.00166813,-0.127912
-8.1300e-03,-0.0553125,0.00232938,-0.11885
-8.1200e-03,-0.0523437,0.00166531,-0.110413
-8.1100e-03,-0.053125,0.00166969,-0.126663
-8.1000e-03,-0.0445313,0.000979375,-0.128225
-8.0900e-03,-0.0440625,0.00196094,-0.125413
-8.0800e-03,-0.0523437,0.00209844,-0.1226
-8.0700e-03,-0.0425,0.00260469,-0.144162
-8.0600e-03,-0.0617188,0.00227531,-0.120725
-8.0500e-03,-0.0567187,0.00173406,-0.1126
-8.0400e-03,-0.0520313,0.00185656,-0.0891625
-8.0300e-03,-0.0548437,0.00187125,-0.123537
-8.0200e-03,-0.060625,0.00171438,-0.119475
-8.0100e-03,-0.0542187,0.00175063,-0.119163
-8.0000e-03,-0.0403125,0.001685,-0.125725
-7.9900e-03,-0.0460938,0.00231031,-0.125725
-7.9800e-03,-0.0478125,0.00173469,-0.113537
-7.9700e-03,-0.0467188,0.00173344,-0.14135
-7.9600e-03,-0.0484375,0.00160875,-0.104475
-7.9500e-03,-0.0453125,0.00184531,-0.115725
-7.9400e-03,-0.0529687,0.00193938,-0.139788
-7.9300e-03,-0.0354688,0.00169375,-0.114788
-7.9200e-03,-0.0470312,0.00135781,-0.13885
-7.9100e-03,-0.0475,0.00164688,-0.103538
-7.9000e-03,-0.059375,0.00175406,-0.09885
-7.8900e-03,-0.0454688,0.00182406,-0.131975
-7.8800e-03,-0.0392187,0.00121875,-0.09385
-7.8700e-03,-0.0439063,0.00141406,-0.136663
-7.8600e-03,-0.0542187,0.00150563,-0.118537
-7.8500e-03,-0.0504687,0.00184281,-0.131975
-7.8400e-03,-0.0507812,0.00121531,-0.134475
-7.8300e-03,-0.0454688,0.00210719,-0.111975
-7.8200e-03,-0.0467188,0.000984688,-0.141038
-7.8100e-03,-0.0528125,0.00210125,-0.123225
-7.8000e-03,-0.0489062,0.00141813,-0.1226
-7.7900e-03,-0.0492188,0.00120313,-0.111975
-7.7800e-03,-0.0457813,0.000866875,-0.134162
-7.7700e-03,-0.0475,0.00149969,-0.117287
-7.7600e-03,-0.0490625,0.00195531,-0.166975
-7.7500e-03,-0.0596875,0.00199125,-0.1251
-7.7400e-03,-0.0379688,0.00246469,-0.125413
-7.7300e-03,-0.0635938,0.0020525,-0.13885
-7.7200e-03,-0.0453125,0.00149344,-0.11885
-7.7100e-03,-0.0460938,0.00104594,-0.14385
-7.7000e-03,-0.048125,0.00133938,-0.108225
-7.6900e-03,-0.0460938,0.00118969,-0.143537
-7.6800e-03,-0.0567187,0.00180281,-0.151663
-7.6700e-03,-0.058125,0.00117656,-0.1176
-7.6600e-03,-0.056875,0.00161438,-0.114163
-7.6500e-03,-0.0475,0.00139188,-0.11135
-7.6400e-03,-0.0425,0.00117125,-0.119788
-7.6300e-03,-0.05,0.00114375,-0.098225
-7.6200e-03,-0.0507812,0.00211656,-0.12385
-7.6100e-03,-0.0475,0.00181781,-0.124475
-7.6000e-03,-0.0523437,0.00199094,-0.1401
-7.5900e-03,-0.0454688,0.00156719,-0.10885
-7.5800e-03,-0.0415625,0.00279188,-0.141038
-7.5700e-03,-0.0521875,0.00183156,-0.0979125
-7.5600e-03,-0.0507812,0.00166031,-0.11135
-7.5500e-03,-0.0609375,0.00239531,-0.141038
-7.5400e-03,-0.0473438,0.00183156,-0.136038
-7.5300e-03,-0.0520313,0.00180844,-0.11635
-7.5200e-03,-0.0553125,0.00149094,-0.123225
-7.5100e-03,-0.0467188,0.00159063,-0.116975
-7.5000e-03,-0.0592188,0.0010575,-0.0985375
-7.4900e-03,-0.0517188,0.000874063,-0.139475
-7.4800e-03,-0.053125,0.00182375,-0.124163
-7.4700e-03,-0.0364063,0.0015375,-0.142288
-7.4600e-03,-0.0603125,0.00163031,-0.1376
-7.4500e-03,-0.0423437,0.00136031,-0.117912
-7.4400e-03,-0.050625,0.00166813,-0.119475
-7.4300e-03,-0.0403125,0.00108844,-0.141038
-7.4200e-03,-0.064375,0.00216156,-0.105413
-7.4100e-03,-0.0434375,0.00192094,-0.119163
-7.4000e-03,-0.046875,0.00192656,-0.148225
-7.3900e-03,-0.0501562,0.000981563,-0.1401
-7.3800e-03,-0.0525,0.0008975,-0.146663
-7.3700e-03,-0.0384375,0.00179156,-0.13385
-7.3600e-03,-0.058125,0.00210688,-0.1101
-7.3500e-03,-0.0515625,0.00194188,-0.112912
-7.3400e-03,-0.0398437,0.00195469,-0.11135
-7.3300e-03,-0.0585938,0.00121031,-0.164787
-7.3200e-03,-0.0503125,0.00238156,-0.131663
-7.3100e-03,-0.0521875,0.00203188,-0.136975
-7.3000e-03,-0.0523437,0.00182625,-0.155413
-7.2900e-03,-0.0507812,0.00195813,-0.129788
-7.2800e-03,-0.0459375,0.00191531,-0.127912
-7.2700e-03,-0.0460938,0.00106281,-0.117287
-7.2600e-03,-0.0560937,0.00200219,-0.120413
-7.2500e-03,-0.046875,0.00169656,-0.1301
-7.2400e-03,-0.045,0.00100438,-0.127287
-7.2300e-03,-0.0453125,0.00123344,-0.135725
-7.2200e-03,-0.0660938,0.00127344,-0.124788
-7.2100e-03,-0.048125,0.00154813,-0.127912
-7.2000e-03,-0.0504687,0.00174,-0.116975
-7.1900e-03,-0.0545313,0.00215656,-0.129162
-7.1800e-03,-0.0542187,0.0018325,-0.13385
-7.1700e-03,-0.0557813,0.00116781,-0.1476
-7.1600e-03,-0.058125,0.00186594,-0.15885
-7.1500e-03,-0.053125,0.00159188,-0.142288
-7.1400e-03,-0.0525,0.00135219,-0.0826
-7.1300e-03,-0.0401563,0.00206062,-0.12635
-7.1200e-03,-0.049375,0.00168875,-0.118225
-7.1100e-03,-0.0459375,0.00105063,-0.129788
-7.1000e-03,-0.055625,0.00202,-0.101662
-7.0900e-03,-0.066875,0.00221094,-0.122287
-7.0800e-03,-0.05625,0.00120688,-0.1176
-7.0700e-03,-0.0548437,0.00116813,-0.138225
-7.0600e-03,-0.05,0.00117344,-0.095725
-7.0500e-03,-0.0546875,0.00157063,-0.108225
-7.0400e-03,-0.0510938,0.00141375,-0.0979125
-7.0300e-03,-0.0554687,0.00169281,-0.126663
-7.0200e-03,-0.0470312,0.00285719,-0.134162
-7.0100e-03,-0.0560937,0.00225125,-0.150413
-7.0000e-03,-0.055625,0.001665,-0.151038
-6.9900e-03,-0.0492188,0.00124,-0.1351
-6.9800e-03,-0.0709375,0.00139875,-0.12635
-6.9700e-03,-0.0457813,0.00164781,-0.122287
-6.9600e-03,-0.0582813,0.00184188,-0.106975
-6.9500e-03,-0.059375,0.00124281,-0.106975
-6.9400e-03,-0.0478125,0.00174063,-0.1176
-6.9300e-03,-0.0528125,0.000836563,-0.1376
-6.9200e-03,-0.04875,0.00151594,-0.127912
-6.9100e-03,-0.055,0.00105469,-0.109475
-6.9000e-03,-0.0476562,0.000886875,-0.103225
-6.8900e-03,-0.0514063,0.00124875,-0.132288
-6.8800e-03,-0.0514063,0.0015525,-0.1351
-6.8700e-03,-0.0573437,0.000855625,-0.120413
-6.8600e-03,-0.0540625,0.00169813,-0.123537
-6.8500e-03,-0.0498438,0.00124063,-0.128537
-6.8400e-03,-0.05625,0.00206938,-0.130725
-6.8300e-03,-0.0554687,0.00147063,-0.111975
-6.8200e-03,-0.0496875,0.00121563,-0.149475
-6.8100e-03,-0.0554687,0.00200625,-0.0935375
-6.8000e-03,-0.0479688,0.00199875,-0.134162
-6.7900e-03,-0.0425,0.00228281,-0.149787
-6.7800e-03,-0.054375,0.00188656,-0.124475
-6.7700e-03,-0.051875,0.00146625,-0.09885
-6.7600e-03,-0.0478125,0.0016825,-0.112912
-6.7500e-03,-0.054375,0.0017875,-0.122912
-6.7400e-03,-0.0528125,0.00154938,-0.106975
-6.7300e-03,-0.0501562,0.00183313,-0.117287
-6.7200e-03,-0.059375,0.00187219,-0.114788
-6.7100e-03,-0.0621875,0.00180844,-0.134788
-6.7000e-03,-0.0592188,0.00148969,-0.1076
-6.6900e-03,-0.0607812,0.00117781,-0.12635
-6.6800e-03,-0.0409375,0.00158063,-0.12635
-6.6700e-03,-0.0598438,0.00188813,-0.126038
-6.6600e-03,-0.0534375,0.00203219,-0.109788
-6.6500e-03,-0.0521875,0.00150063,-0.0926
-6.6400e-03,-0.05875,0.00108563,-0.160412
-6.6300e-03,-0.0526563,0.001435,-0.150413
-6.6200e-03,-0.0454688,0.00174719,-0.113537
-6.6100e-03,-0.0595313,0.00258469,-0.140413
-6.6000e-03,-0.0401563,0.00170313,-0.0916625
-6.5900e-03,-0.0470312,0.00200469,-0.137288
-6.5800e-03,-0.0495312,0.00190406,-0.111662
-6.5700e-03,-0.0545313,0.00165156,-0.108538
-6.5600e-03,-0.0560937,0.00171625,-0.12635
-6.5500e-03,-0.0615625,0.001585,-0.129788
-6.5400e-03,-0.0645312,0.00141531,-0.0926
-6.5300e-03,-0.05375,0.0018725,-0.111662
-6.5200e-03,-0.0564063,0.00129688,-0.127287
-6.5100e-03,-0.0514063,0.00160875,-0.1151
-6.5000e-03,-0.0648438,0.00162469,-0.1526
-6.4900e-03,-0.0442188,0.00185031,-0.134162
-6.4800e-03,-0.05625,0.00180813,-0.151975
-6.4700e-03,-0.0445313,0.00141656,-0.151975
-6.4600e-03,-0.0554687,0.00175594,-0.121663
-6.4500e-03,-0.0401563,0.00133563,-0.104788
-6.4400e-03,-0.0471875,0.00147688,-0.0985375
-6.4300e-03,-0.0539063,0.00211625,-0.0997875
-6.4200e-03,-0.0465625,0.00130938,-0.121038
-6.4100e-03,-0.0485938,0.00181156,-0.134162
-6.4000e-03,-0.055,0.00163688,-0.1401
-6.3900e-03,-0.0570313,0.00172563,-0.121663
-6.3800e-03,-0.0548437,0.0013275,-0.115725
-6.3700e-03,-0.051875,0.00181969,-0.162913
-6.3600e-03,-0.0495312,0.00231438,-0.135413
-6.3500e-03,-0.0551563,0.00198719,-0.1151
-6.3400e-03,-0.05,0.00177813,-0.121038
-6.3300e-03,-0.0554687,0.00172313,-0.12885
-6.3200e-03,-0.0471875,0.00150594,-0.116975
-6.3100e-03,-0.0584375,0.00170719,-0.119163
-6.3000e-03,-0.0517188,0.00167813,-0.133225
-6.2900e-03,-0.049375,0.00149813,-0.115725
-6.2800e-03,-0.048125,0.00191906,-0.13135
-6.2700e-03,-0.0625,0.0012025,-0.126975
-6.2600e-03,-0.05375,0.00109625,-0.106662
-6.2500e-03,-0.0529687,0.00151094,-0.124475
-6.2400e-03,-0.056875,0.00204937,-0.131975
-6.2300e-03,-0.0545313,0.00107688,-0.113225
-6.2200e-03,-0.0482812,0.00144063,-0.129162
-6.2100e-03,-0.0492188,0.00105188,-0.128537
-6.2000e-03,-0.0426562,0.000616563,-0.113537
-6.1900e-03,-0.0539063,0.00102656,-0.127912
-6.1800e-03,-0.0465625,0.000801875,-0.12635
-6.1700e-03,-0.0464062,0.00100156,-0.1226
-6.1600e-03,-0.0432813,0.00184313,-0.114788
-6.1500e-03,-0.0520313,0.00113688,-0.122912
-6.1400e-03,-0.0379688,0.00153031,-0.11885
-6.1300e-03,-0.0439063,0.00159219,-0.1326
-6.1200e-03,-0.056875,0.00211531,-0.132912
-6.1100e-03,-0.0607812,0.00205938,-0.119475
-6.1000e-03,-0.0429688,0.00167844,-0.149162
-6.0900e-03,-0.050625,0.00232438,-0.119788
-6.0800e-03,-0.0446875,0.00107031,-0.111662
-6.0700e-03,-0.0457813,0.00134156,-0.129475
-6.0600e-03,-0.0570313,0.00103313,-0.131038
-6.0500e-03,-0.043125,0.00116094,-0.1301
-6.0400e-03,-0.04125,0.00202094,-0.14135
-6.0300e-03,-0.0451563,0.00155875,-0.129788
-6.0200e-03,-0.0614062,0.00097,-0.15385
-6.0100e-03,-0.046875,0.00142438,-0.116975
-6.0000e-03,-0.0621875,0.00176031,-0.0897875
-5.9900e-03,-0.0548437,0.000886563,-0.12885
-5.9800e-03,-0.0470312,0.0011725,-0.136663
-5.9700e-03,-0.0579687,0.00158344,-0.1301
-5.9600e-03,-0.05875,0.00113344,-0.142912
-5.9500e-03,-0.0609375,0.00143219,-0.152288
-5.9400e-03,-0.055,0.00137469,-0.131975
-5.9300e-03,-0.0465625,0.00179656,-0.117287
-5.9200e-03,-0.0579687,0.00222406,-0.114788
-5.9100e-03,-0.0526563,0.00204813,-0.118225
-5.9000e-03,-0.0492188,0.00199875,-0.1051
-5.8900e-03,-0.0459375,0.00210594,-0.114475
-5.8800e-03,-0.046875,0.00187594,-0.143537
-5.8700e-03,-0.0665625,0.00193438,-0.14135
-5.8600e-03,-0.0417187,0.0016025,-0.137912
-5.8500e-03,-0.03625,0.00157875,-0.110413
-5.8400e-03,-0.049375,0.00120094,-0.120413
-5.8300e-03,-0.0417187,0.00169969,-0.11885
-5.8200e-03,-0.049375,0.00105125,-0.129162
-5.8100e-03,-0.0467188,0.00145156,-0.123225
-5.8000e-03,-0.0521875,0.00107969,-0.126975
-5.7900e-03,-0.0492188,0.00151,-0.114475
-5.7800e-03,-0.0573437,0.00212281,-0.10885
-5.7700e-03,-0.0484375,0.00185031,-0.1201
-5.7600e-03,-0.0575,0.00139313,-0.1376
-5.7500e-03,-0.0534375,0.00160938,-0.111038
-5.7400e-03,-0.0501562,0.00169688,-0.133537
-5.7300e-03,-0.0457813,0.00206438,-0.0816625
-5.7200e-03,-0.0465625,0.00248813,-0.132912
-5.7100e-03,-0.0517188,0.00199813,-0.139162
-5.7000e-03,-0.0557813,0.0020225,-0.119788
-5.6900e-03,-0.0451563,0.00197125,-0.119475
-5.6800e-03,-0.0459375,0.00136,-0.116663
-5.6700e-03,-0.0464062,0.00239656,-0.1001
-5.6600e-03,-0.0525,0.00167781,-0.132288
-5.6500e-03,-0.0529687,0.00214438,-0.1426
-5.6400e-03,-0.0439063,0.00167031,-0.112912
-5.6300e-03,-0.0501562,0.0012175,-0.113537
-5.6200e-03,-0.056875,0.000906563,-0.128537
-5.6100e-03,-0.0635938,0.00142375,-0.110413
-5.6000e-03,-0.0495312,0.00173156,-0.103225
-5.5900e-03,-0.0509375,0.00143031,-0.106975
-5.5800e-03,-0.0554687,0.00163563,-0.117287
-5.5700e-03,-0.035625,0.00251719,-0.158537
-5.5600e-03,-0.0495312,0.00186031,-0.111975
-5.5500e-03,-0.0510938,0.0013525,-0.119788
-5.5400e-03,-0.0582813,0.00231219,-0.104475
-5.5300e-03,-0.0489062,0.00172438,-0.134475
-5.5200e-03,-0.0434375,0.00170188,-0.133225
-5.5100e-03,-0.0515625,0.00198813,-0.1351
-5.5000e-03,-0.0454688,0.00081125,-0.112287
-5.4900e-03,-0.0382813,0.00136438,-0.102912
-5.4800e-03,-0.0415625,0.00163469,-0.138537
-5.4700e-03,-0.0492188,0.00194031,-0.132912
-5.4600e-03,-0.0409375,0.00184219,-0.144162
-5.4500e-03,-0.048125,0.00101094,-0.119475
-5.4400e-03,-0.04625,0.00164719,-0.149787
-5.4300e-03,-0.0573437,0.00152219,-0.139788
-5.4200e-03,-0.0489062,0.00130844,-0.133225
-5.4100e-03,-0.04625,0.00123969,-0.109163
-5.4000e-03,-0.0551563,0.00145656,-0.0997875
-5.3900e-03,-0.0485938,0.001205,-0.124788
-5.3800e-03,-0.044375,0.0011675,-0.101975
-5.3700e-03,-0.0445313,0.00118656,-0.151975
-5.3600e-03,-0.0459375,0.00130938,-0.140413
-5.3500e-03,-0.0509375,0.00195813,-0.1126
-5.3400e-03,-0.0598438,0.0018525,-0.122287
-5.3300e-03,-0.0529687,0.00102344,-0.106038
-5.3200e-03,-0.053125,0.00129781,-0.119788
-5.3100e-03,-0.0529687,0.000815313,-0.1026
-5.3000e-03,-0.0496875,0.00169094,-0.1351
-5.2900e-03,-0.0489062,0.00177688,-0.114163
-5.2800e-03,-0.0509375,0.00189875,-0.123537
-5.2700e-03,-0.045,0.00176281,-0.166663
-5.2600e-03,-0.054375,0.00139406,-0.118537
-5.2500e-03,-0.0571875,0.0016325,-0.124163
-5.2400e-03,-0.0498438,0.00159563,-0.12385
-5.2300e-03,-0.0501562,0.00148781,-0.134788
-5.2200e-03,-0.04625,0.00203188,-0.143225
-5.2100e-03,-0.0525,0.00199719,-0.0901
-5.2000e-03,-0.06,0.00194844,-0.122287
-5.1900e-03,-0.048125,0.00153781,-0.104163
-5.1800e-03,-0.05625,0.00139719,-0.095725
-5.1700e-03,-0.040625,0.00146656,-0.1376
-5.1600e-03,-0.0529687,0.00161,-0.110413
-5.1500e-03,-0.0598438,0.00182188,-0.1176
-5.1400e-03,-0.055625,0.00166625,-0.137288
-5.1300e-03,-0.0498438,0.00118156,-0.140725
-5.1200e-03,-0.0425,0.00127969,-0.0985375
-5.1100e-03,-0.0575,0.00155781,-0.119163
-5.1000e-03,-0.05375,0.00200875,-0.121975
-5.0900e-03,-0.0426562,0.00161094,-0.118225
-5.0800e-03,-0.0520313,0.00169844,-0.126975
-5.0700e-03,-0.0459375,0.00173969,-0.11635
-5.0600e-03,-0.049375,0.000970313,-0.135413
-5.0500e-03,-0.0495312,0.000801875,-0.112287
-5.0400e-03,-0.0515625,0.00168906,-0.14635
-5.0300e-03,-0.0464062,0.00126375,-0.104788
-5.0200e-03,-0.0460938,0.00131719,-0.106038
-5.0100e-03,-0.05,0.00190625,-0.134475
-5.0000e-03,-0.0457813,0.001475,-0.144162
-4.9900e-03,-0.0592188,0.00151531,-0.129788
-4.9800e-03,-0.0470312,0.00127813,-0.134475
-4.9700e-03,-0.0435938,0.000948125,-0.1251
-4.9600e-03,-0.0382813,0.00173375,-0.131663
-4.9500e-03,-0.0490625,0.00249688,-0.106975
-4.9400e-03,-0.0492188,0.00150906,-0.139788
-4.9300e-03,-0.0485938,0.00189219,-0.122287
-4.9200e-03,-0.0609375,0.00130625,-0.141038
-4.9100e-03,-0.043125,0.00212469,-0.133225
-4.9000e-03,-0.0560937,0.00166688,-0.130725
-4.8900e-03,-0.0557813,0.00124969,-0.144162
-4.8800e-03,-0.060625,0.00168,-0.115413
-4.8700e-03,-0.0514063,0.00155531,-0.1401
-4.8600e-03,-0.0448438,0.00150813,-0.115413
-4.8500e-03,-0.0495312,0.00184719,-0.10885
-4.8400e-03,-0.0553125,0.00169313,-0.128537
-4.8300e-03,-0.059375,0.00216063,-0.1176
-4.8200e-03,-0.050625,0.0013825,-0.133537
-4.8100e-03,-0.053125,0.00123844,-0.126975
-4.8000e-03,-0.04875,0.00192094,-0.09135
-4.7900e-03,-0.0496875,0.00241594,-0.144162
-4.7800e-03,-0.0451563,0.00143281,-0.1301
-4.7700e-03,-0.0614062,0.00142594,-0.1451
-4.7600e-03,-0.0546875,0.00179344,-0.162288
-4.7500e-03,-0.0565625,0.00129438,-0.1426
-4.7400e-03,-0.05,0.00156469,-0.128225
-4.7300e-03,-0.06375,0.00194938,-0.128225
-4.7200e-03,-0.049375,0.00204656,-0.137288
-4.7100e-03,-0.0492188,0.00204344,-0.13635
-4.7000e-03,-0.055,0.00234531,-0.106975
-4.6900e-03,-0.0615625,0.00116844,-0.113537
-4.6800e-03,-0.0604688,0.00204875,-0.135725
-4.6700e-03,-0.0453125,0.00188719,-0.142288
-4.6600e-03,-0.0529687,0.00124875,-0.133537
-4.6500e-03,-0.0464062,0.00181969,-0.110725
-4.6400e-03,-0.05,0.00161156,-0.123537
-4.6300e-03,-0.0520313,0.0019275,-0.0897875
-4.6200e-03,-0.0589063,0.00161625,-0.086975
-4.6100e-03,-0.045625,0.00123563,-0.141038
-4.6000e-03,-0.0454688,0.00113594,-0.089475
-4.5900e-03,-0.053125,0.00135344,-0.142288
-4.5800e-03,-0.0598438,0.000791875,-0.106038
-4.5700e-03,-0.055625,0.00212344,-0.09885
-4.5600e-03,-0.0496875,0.0013225,-0.118225
-4.5500e-03,-0.0496875,0.00172219,-0.129788
-4.5400e-03,-0.061875,0.00175906,-0.123537
-4.5300e-03,-0.058125,0.00126063,-0.121663
-4.5200e-03,-0.0589063,0.00145719,-0.148225
-4.5100e-03,-0.04875,0.00221094,-0.117287
-4.5000e-03,-0.04875,0.00145781,-0.1251
-4.4900e-03,-0.0475,0.00168781,-0.11385
-4.4800e-03,-0.0460938,0.000477813,-0.10635
-4.4700e-03,-0.0525,0.00129375,-0.155413
-4.4600e-03,-0.0428125,0.0007725,-0.107912
-4.4500e-03,-0.0575,0.00136531,-0.1201
-4.4400e-03,-0.056875,0.00162906,-0.109788
-4.4300e-03,-0.0464062,0.00146063,-0.141663
-4.4200e-03,-0.0529687,0.00159,-0.13135
-4.4100e-03,-0.0532813,0.001105,-0.127912
-4.4000e-03,-0.0523437,0.00118875,-0.121038
-4.3900e-03,-0.065,0.00167438,-0.129475
-4.3800e-03,-0.0589063,0.00123469,-0.148225
-4.3700e-03,-0.0471875,0.00126281,-0.129162
-4.3600e-03,-0.0490625,0.00202,-0.14135
-4.3500e-03,-0.0514063,0.000849375,-0.112287
-4.3400e-03,-0.0535937,0.00153625,-0.09135
-4.3300e-03,-0.0370313,0.00161031,-0.12885
-4.3200e-03,-0.0601562,0.0021275,-0.116975
-4.3100e-03,-0.05,0.00267094,-0.112287
-4.3000e-03,-0.0492188,0.00151969,-0.1376
-4.2900e-03,-0.05625,0.0017025,-0.111038
-4.2800e-03,-0.0476562,0.00177375,-0.123537
-4.2700e-03,-0.0592188,0.00223,-0.146038
-4.2600e-03,-0.0548437,0.00173531,-0.122912
-4.2500e-03,-0.0542187,0.00116531,-0.153537
-4.2400e-03,-0.050625,0.00187125,-0.11135
-4.2300e-03,-0.0573437,0.00206406,-0.128225
-4.2200e-03,-0.0551563,0.00213563,-0.13885
-4.2100e-03,-0.0471875,0.00173594,-0.120725
-4.2000e-03,-0.055625,0.00249938,-0.123225
-4.1900e-03,-0.0507812,0.000954688,-0.10885
-4.1800e-03,-0.065625,0.001875,-0.12385
-4.1700e-03,-0.0559375,0.000502188,-0.127287
-4.1600e-03,-0.0526563,0.000605,-0.110413
-4.1500e-03,-0.0526563,0.00156531,-0.12135
-4.1400e-03,-0.0567187,0.00142688,-0.1276
-4.1300e-03,-0.0559375,0.00135781,-0.112912
-4.1200e-03,-0.0614062,0.00196375,-0.114475
-4.1100e-03,-0.0532813,0.00146594,-0.135725
-4.1000e-03,-0.0442188,0.00160188,-0.1451
-4.0900e-03,-0.0504687,0.00129469,-0.11635
-4.0800e-03,-0.05125,0.00215469,-0.1401
-4.0700e-03,-0.0501562,0.0017875,-0.123225
-4.0600e-03,-0.0601562,0.00186125,-0.128225
-4.0500e-03,-0.0575,0.00161531,-0.125413
-4.0400e-03,-0.0528125,0.0018275,-0.118537
-4.0300e-03,-0.0534375,0.00204281,-0.119475
-4.0200e-03,-0.0440625,0.00220031,-0.0951
-4.0100e-03,-0.0478125,0.00140969,-0.126038
-4.0000e-03,-0.0610938,0.00146531,-0.125725
-3.9900e-03,-0.04375,0.00162469,-0.134788
-3.9800e-03,-0.048125,0.00218469,-0.128225
-3.9700e-03,-0.055,0.00198281,-0.111662
-3.9600e-03,-0.0509375,0.00133438,-0.12635
-3.9500e-03,-0.0528125,0.00155094,-0.137288
-3.9400e-03,-0.0445313,0.00139469,-0.134475
-3.9300e-03,-0.0592188,0.00185031,-0.1501
-3.9200e-03,-0.061875,0.00205563,-0.129475
-3.9100e-03,-0.0579687,0.00155969,-0.150413
-3.9000e-03,-0.053125,0.00158219,-0.155413
-3.8900e-03,-0.0579687,0.00179906,-0.106975
-3.8800e-03,-0.0592188,0.00162063,-0.13385
-3.8700e-03,-0.0576563,0.00166656,-0.105725
-3.8600e-03,-0.05,0.00202375,-0.126038
-3.8500e-03,-0.048125,0.00195531,-0.137912
-3.8400e-03,-0.0526563,0.00144219,-0.127912
-3.8300e-03,-0.0548437,0.00161375,-0.1451
-3.8200e-03,-0.0532813,0.0017625,-0.1451
-3.8100e-03,-0.0553125,0.00136,-0.124788
-3.8000e-03,-0.025,0.00130344,-0.139162
-3.7900e-03,-0.0535937,0.0005925,-0.11135
-3.7800e-03,-0.0314062,0.0013375,-0.115725
-3.7700e-03,-0.046875,0.00151031,-0.14385
-3.7600e-03,-0.0525,0.00152625,-0.110413
-3.7500e-03,-0.0465625,0.00125625,-0.10635
-3.7400e-03,-0.0509375,0.00153,-0.099475
-3.7300e-03,-0.05875,0.00177406,-0.1201
-3.7200e-03,-0.0614062,0.00233469,-0.127912
-3.7100e-03,-0.0529687,0.00111781,-0.155725
-3.7000e-03,-0.0620312,0.001535,-0.151663
-3.6900e-03,-0.0596875,0.00191781,-0.12135
-3.6800e-03,-0.0473438,0.00226906,-0.121663
-3.6700e-03,-0.0514063,0.00162813,-0.143537
-3.6600e-03,-0.0545313,0.002325,-0.121663
-3.6500e-03,-0.0565625,0.00125031,-0.15135
-3.6400e-03,-0.040625,0.00175219,-0.129475
-3.6300e-03,-0.0548437,0.00169344,-0.148537
-3.6200e-03,-0.0489062,0.0020475,-0.15385
-3.6100e-03,-0.0439063,0.00147469,-0.1301
-3.6000e-03,-0.0535937,0.00232875,-0.114163
-3.5900e-03,-0.0539063,0.00192938,-0.106662
-3.5800e-03,-0.0659375,0.00195031,-0.120725
-3.5700e-03,-0.05,0.00143688,-0.116038
-3.5600e-03,-0.0529687,0.00139406,-0.106662
-3.5500e-03,-0.05375,0.00175594,-0.126038
-3.5400e-03,-0.0634375,0.00138875,-0.137288
-3.5300e-03,-0.0470312,0.00185031,-0.146038
-3.5200e-03,-0.0454688,0.00167125,-0.1151
-3.5100e-03,-0.055625,0.00126094,-0.124475
-3.5000e-03,-0.0510938,0.0021175,-0.0997875
-3.4900e-03,-0.0542187,0.00139281,-0.110413
-3.4800e-03,-0.06,0.00124875,-0.126663
-3.4700e-03,-0.0585938,0.00180125,-0.12135
-3.4600e-03,-0.0557813,0.00147156,-0.120725
-3.4500e-03,-0.0529687,0.000413438,-0.120413
-3.4400e-03,-0.0404687,0.00183969,-0.129788
-3.4300e-03,-0.0545313,0.00186438,-0.124788
-3.4200e-03,-0.055,0.00174875,-0.118225
-3.4100e-03,-0.0507812,0.00085125,-0.1101
-3.4000e-03,-0.0421875,0.00106719,-0.1276
-3.3900e-03,-0.055625,0.00131875,-0.147913
-3.3800e-03,-0.038125,0.00216281,-0.141975
-3.3700e-03,-0.0534375,0.00185,-0.1051
-3.3600e-03,-0.05125,0.00157,-0.121038
-3.3500e-03,-0.05,0.00232688,-0.138537
-3.3400e-03,-0.0660938,0.00190531,-0.139788
-3.3300e-03,-0.0660938,0.000983125,-0.131975
-3.3200e-03,-0.0548437,0.00162375,-0.106038
-3.3100e-03,-0.0501562,0.00110844,-0.136038
-3.3000e-03,-0.0470312,0.0011875,-0.1351
-3.2900e-03,-0.0553125,0.000879688,-0.112287
-3.2800e-03,-0.051875,0.00131125,-0.078225
-3.2700e-03,-0.051875,0.000547813,-0.10635
-3.2600e-03,-0.0546875,0.000884063,-0.12885
-3.2500e-03,-0.0540625,0.00109344,-0.114475
-3.2400e-03,-0.0501562,0.00134156,-0.145725
-3.2300e-03,-0.0539063,0.0010725,-0.1001
-3.2200e-03,-0.0440625,0.00194438,-0.115725
-3.2100e-03,-0.0409375,0.00162563,-0.105413
-3.2000e-03,-0.0467188,0.00150781,-0.138225
-3.1900e-03,-0.04875,0.001475,-0.142288
-3.1800e-03,-0.0598438,0.00211469,-0.144162
-3.1700e-03,-0.059375,0.00194844,-0.125413
-3.1600e-03,-0.0429688,0.00173,-0.139788
-3.1500e-03,-0.0490625,0.00131875,-0.104788
-3.1400e-03,-0.0598438,0.000465625,-0.103225
-3.1300e-03,-0.0401563,0.00182813,-0.113537
-3.1200e-03,-0.0489062,0.00167844,-0.136975
-3.1100e-03,-0.0548437,0.00148219,-0.155725
-3.1000e-03,-0.046875,0.00154156,-0.136975
-3.0900e-03,-0.0632812,0.00188125,-0.124788
-3.0800e-03,-0.0448438,0.000500625,-0.149162
-3.0700e-03,-0.0559375,0.00149844,-0.131038
-3.0600e-03,-0.0578125,0.00066625,-0.145725
-3.0500e-03,-0.0539063,0.001145,-0.1551
-3.0400e-03,-0.0470312,0.00145156,-0.0972875
-3.0300e-03,-0.0629688,0.00125625,-0.138537
-3.0200e-03,-0.033125,0.001355,-0.119788
-3.0100e-03,-0.0523437,0.00116188,-0.121663
-3.0000e-03,-0.0579687,0.000951563,-0.11385
-2.9900e-03,-0.0623438,0.00195094,-0.088225
-2.9800e-03,-0.0471875,0.00242531,-0.128537
-2.9700e-03,-0.0604688,0.00186063,-0.111038
-2.9600e-03,-0.04625,0.00198875,-0.122912
-2.9500e-03,-0.0535937,0.00168625,-0.121975
-2.9400e-03,-0.0559375,0.00201469,-0.133225
-2.9300e-03,-0.0571875,0.00132938,-0.1401
-2.9200e-03,-0.0470312,0.00142031,-0.104475
-2.9100e-03,-0.0589063,0.00133906,-0.0954125
-2.9000e-03,-0.055,0.00101156,-0.0791625
-2.8900e-03,-0.05125,0.00153375,-0.131663
-2.8800e-03,-0.0426562,0.00162688,-0.113537
-2.8700e-03,-0.0489062,0.00157625,-0.1351
-2.8600e-03,-0.0539063,0.0011825,-0.1376
-2.8500e-03,-0.0440625,0.00180656,-0.107287
-2.8400e-03,-0.0515625,0.00189906,-0.1176
-2.8300e-03,-0.0517188,0.00155188,-0.142912
-2.8200e-03,-0.0545313,0.00215344,-0.102287
-2.8100e-03,-0.0529687,0.00247563,-0.1326
-2.8000e-03,-0.0576563,0.00115188,-0.104163
-2.7900e-03,-0.0592188,0.00108781,-0.11385
-2.7800e-03,-0.0496875,0.0009325,-0.104163
-2.7700e-03,-0.05375,0.001335,-0.111975
-2.7600e-03,-0.0534375,0.000873125,-0.11385
-2.7500e-03,-0.0473438,0.00103812,-0.12385
-2.7400e-03,-0.04375,0.00184531,-0.105413
-2.7300e-03,-0.0565625,0.0021425,-0.115725
-2.7200e-03,-0.04375,0.00219406,-0.161975
-2.7100e-03,-0.0498438,0.001885,-0.1026
-2.7000e-03,-0.0484375,0.00114594,-0.10885
-2.6900e-03,-0.0559375,0.00157594,-0.105413
-2.6800e-03,-0.048125,0.00223688,-0.142912
-2.6700e-03,-0.0498438,0.00106063,-0.129788
-2.6600e-03,-0.0440625,0.0017425,-0.134162
-2.6500e-03,-0.0592188,0.00159844,-0.138537
-2.6400e-03,-0.0514063,0.00126094,-0.11135
-2.6300e-03,-0.043125,0.00131813,-0.09385
-2.6200e-03,-0.0576563,0.00116781,-0.106975
-2.6100e-03,-0.0515625,0.00134719,-0.146975
-2.6000e-03,-0.0584375,0.00146813,-0.101038
-2.5900e-03,-0.0425,0.00158656,-0.105725
-2.5800e-03,-0.043125,0.00116281,-0.1301
-2.5700e-03,-0.051875,0.00116406,-0.116663
-2.5600e-03,-0.0446875,0.00094,-0.141663
-2.5500e-03,-0.0596875,0.00122719,-0.116663
-2.5400e-03,-0.05625,0.00118844,-0.135725
-2.5300e-03,-0.0503125,0.00137281,-0.129788
-2.5200e-03,-0.04625,0.00158906,-0.133225
-2.5100e-03,-0.0379688,0.00190063,-0.125413
-2.5000e-03,-0.05,0.00225563,-0.126975
-2.4900e-03,-0.0535937,0.00137406,-0.124475
-2.4800e-03,-0.05375,0.00217813,-0.129162
-2.4700e-03,-0.0426562,0.00225563,-0.106038
-2.4600e-03,-0.054375,0.00170313,-0.117287
-2.4500e-03,-0.0610938,0.000334688,-0.12885
-2.4400e-03,-0.0534375,0.00129656,-0.141038
-2.4300e-03,-0.0521875,0.00135188,-0.114163
-2.4200e-03,-0.0520313,0.00152188,-0.128537
-2.4100e-03,-0.0514063,0.0021025,-0.136975
-2.4000e-03,-0.0389063,0.00114875,-0.153537
-2.3900e-03,-0.0609375,0.000674375,-0.121975
-2.3800e-03,-0.0465625,0.00161875,-0.0910375
-2.3700e-03,-0.0525,0.000746875,-0.13885
-2.3600e-03,-0.0448438,0.000611875,-0.109788
-2.3500e-03,-0.0548437,0.001535,-0.136975
-2.3400e-03,-0.05,0.001755,-0.131038
-2.3300e-03,-0.0523437,0.00148406,-0.0922875
-2.3200e-03,-0.0528125,0.00178219,-0.102912
-2.3100e-03,-0.0459375,0.0013625,-0.094475
-2.3000e-03,-0.0596875,0.00146531,-0.12135
-2.2900e-03,-0.0548437,0.00178,-0.1151
-2.2800e-03,-0.0454688,0.0010025,-0.123225
-2.2700e-03,-0.05375,0.00166125,-0.141663
-2.2600e-03,-0.0539063,0.00169156,-0.1251
-2.2500e-03,-0.0582813,0.0015,-0.134788
-2.2400e-03,-0.048125,0.00123031,-0.132912
-2.2300e-03,-0.0560937,0.001655,-0.110725
-2.2200e-03,-0.05375,0.00175344,-0.13885
-2.2100e-03,-0.0409375,0.00182,-0.143537
-2.2000e-03,-0.0510938,0.00141094,-0.137912
-2.1900e-03,-0.066875,0.00159719,-0.124788
-2.1800e-03,-0.0632812,0.00184656,-0.136975
-2.1700e-03,-0.0632812,0.00170781,-0.125725
-2.1600e-03,-0.0464062,0.00206,-0.0922875
-2.1500e-03,-0.05625,0.0021525,-0.124788
-2.1400e-03,-0.05375,0.00200938,-0.1351
-2.1300e-03,-0.0460938,0.00145031,-0.138225
-2.1200e-03,-0.0428125,0.00110375,-0.135413
-2.1100e-03,-0.05375,0.00132438,-0.121038
-2.1000e-03,-0.0482812,0.00173094,-0.111038
-2.0900e-03,-0.0620312,0.00139469,-0.106038
-2.0800e-03,-0.05625,0.00136813,-0.118225
-2.0700e-03,-0.0540625,0.00140813,-0.114163
-2.0600e-03,-0.0576563,0.001245,-0.121975
-2.0500e-03,-0.0489062,0.00105781,-0.1101
-2.0400e-03,-0.0528125,0.00135438,-0.14385
-2.0300e-03,-0.0421875,0.00149031,-0.1501
-2.0200e-03,-0.0489062,0.00206188,-0.13135
-2.0100e-03,-0.04875,0.00185406,-0.098225
-2.0000e-03,-0.0585938,0.00155906,-0.145413
-1.9900e-03,-0.05375,0.00153906,-0.105413
-1.9800e-03,-0.04,0.00131313,-0.10885
-1.9700e-03,-0.06,0.00196188,-0.1351
-1.9600e-03,-0.0667188,0.00176781,-0.112287
-1.9500e-03,-0.05125,0.00189188,-0.1051
-1.9400e-03,-0.0503125,0.00261531,-0.0966625
-1.9300e-03,-0.048125,0.00202313,-0.122287
-1.9200e-03,-0.0473438,0.00187781,-0.111975
-1.9100e-03,-0.04875,0.001835,-0.100725
-1.9000e-03,-0.0484375,0.00125781,-0.114163
-1.8900e-03,-0.0496875,0.00112469,-0.1151
-1.8800e-03,-0.0495312,0.00145313,-0.128537
-1.8700e-03,-0.0417187,0.00126656,-0.13885
-1.8600e-03,-0.053125,0.00215438,-0.0916625
-1.8500e-03,-0.05375,0.00161031,-0.094475
-1.8400e-03,-0.0434375,0.00190344,-0.137912
-1.8300e-03,-0.0639062,0.00122438,-0.121975
-1.8200e-03,-0.0517188,0.000804063,-0.14135
-1.8100e-03,-0.05375,0.000703125,-0.112912
-1.8000e-03,-0.0614062,0.00117844,-0.109475
-1.7900e-03,-0.0554687,0.00113438,-0.130725
-1.7800e-03,-0.051875,0.00136688,-0.11385
-1.7700e-03,-0.050625,0.000930313,-0.1276
-1.7600e-03,-0.0514063,0.00116844,-0.10385
-1.7500e-03,-0.0425,0.000995313,-0.1251
-1.7400e-03,-0.0603125,0.00226375,-0.1251
-1.7300e-03,-0.0529687,0.00128094,-0.108225
-1.7200e-03,-0.0475,0.00160906,-0.123537
-1.7100e-03,-0.048125,0.00189531,-0.146038
-1.7000e-03,-0.0439063,0.00199375,-0.157288
-1.6900e-03,-0.05375,0.00119906,-0.146975
-1.6800e-03,-0.0428125,0.00149938,-0.1301
-1.6700e-03,-0.0582813,0.00124063,-0.14885
-1.6600e-03,-0.0510938,0.001175,-0.1626
-1.6500e-03,-0.046875,0.0018675,-0.129475
-1.6400e-03,-0.0510938,0.00172313,-0.122287
-1.6300e-03,-0.0457813,0.000959063,-0.130413
-1.6200e-03,-0.0551563,0.00174844,-0.104788
-1.6100e-03,-0.0435938,0.00176781,-0.111662
-1.6000e-03,-0.0528125,0.000831875,-0.124475
-1.5900e-03,-0.0373438,0.000895938,-0.124163
-1.5800e-03,-0.0546875,0.00105281,-0.119163
-1.5700e-03,-0.0546875,0.00162688,-0.105413
-1.5600e-03,-0.0379688,0.00131719,-0.107912
-1.5500e-03,-0.0407813,0.00188906,-0.12385
-1.5400e-03,-0.0473438,0.00167406,-0.107912
-1.5300e-03,-0.046875,0.000875313,-0.131975
-1.5200e-03,-0.050625,0.00163906,-0.103538
-1.5100e-03,-0.0489062,0.00132875,-0.139788
-1.5000e-03,-0.0504687,0.000949375,-0.107287
-1.4900e-03,-0.0382813,0.00151688,-0.109163
-1.4800e-03,-0.0489062,0.00145781,-0.154787
-1.4700e-03,-0.055,0.00163844,-0.123225
-1.4600e-03,-0.0559375,0.00117063,-0.121975
-1.4500e-03,-0.04875,0.00134313,-0.085725
-1.4400e-03,-0.056875,0.00153313,-0.134788
-1.4300e-03,-0.056875,0.00132688,-0.138225
-1.4200e-03,-0.0509375,0.0018525,-0.137288
-1.4100e-03,-0.056875,0.00127219,-0.117912
-1.4000e-03,-0.0557813,0.0013025,-0.119475
-1.3900e-03,-0.0510938,0.00206406,-0.111038
-1.3800e-03,-0.0495312,0.00133094,-0.11385
-1.3700e-03,-0.066875,0.00114938,-0.139475
-1.3600e-03,-0.0514063,0.00199938,-0.119788
-1.3500e-03,-0.0548437,0.00101156,-0.13635
-1.3400e-03,-0.0534375,0.0014,-0.105413
-1.3300e-03,-0.0578125,0.00110187,-0.104163
-1.3200e-03,-0.0640625,0.00128219,-0.107287
-1.3100e-03,-0.0489062,0.00141063,-0.119788
-1.3000e-03,-0.0525,0.00144438,-0.124475
-1.2900e-03,-0.049375,0.00183344,-0.131663
-1.2800e-03,-0.0496875,0.00149344,-0.11135
-1.2700e-03,-0.049375,0.00152719,-0.102287
-1.2600e-03,-0.0435938,0.00201688,-0.125413
-1.2500e-03,-0.0598438,0.00175125,-0.0885375
-1.2400e-03,-0.0542187,0.00210188,-0.117912
-1.2300e-03,-0.05125,0.00164625,-0.121038
-1.2200e-03,-0.0525,0.00170313,-0.119475
-1.2100e-03,-0.055,0.00181875,-0.151975
-1.2000e-03,-0.0475,0.00172281,-0.1426
-1.1900e-03,-0.0467188,0.00212094,-0.147913
-1.1800e-03,-0.0545313,0.000933125,-0.110413
-1.1700e-03,-0.0546875,0.00157063,-0.131663
-1.1600e-03,-0.0604688,0.002365,-0.1201
-1.1500e-03,-0.0553125,0.00183875,-0.120413
-1.1400e-03,-0.0492188,0.00202,-0.132912
-1.1300e-03,-0.0515625,0.00157781,-0.124475
-1.1200e-03,-0.056875,0.000968438,-0.09135
-1.1100e-03,-0.0535937,0.00192094,-0.138225
-1.1000e-03,-0.0448438,0.00169781,-0.108538
-1.0900e-03,-0.0521875,0.0022175,-0.121038
-1.0800e-03,-0.0484375,0.00165406,-0.118225
-1.0700e-03,-0.0523437,0.00161344,-0.145413
-1.0600e-03,-0.0501562,0.00142094,-0.153225
-1.0500e-03,-0.0514063,0.00125531,-0.1201
-1.0400e-03,-0.05,0.00141031,-0.117912
-1.0300e-03,-0.0529687,0.00157625,-0.123225
-1.0200e-03,-0.0467188,0.00114906,-0.135413
-1.0100e-03,-0.0525,0.00182688,-0.10635
-1.0000e-03,-0.0509375,0.00143813,-0.12135
-9.9000e-04,-0.0614062,0.00119156,-0.1376
-9.8000e-04,-0.0515625,0.00129063,-0.132288
-9.7000e-04,-0.046875,0.00125688,-0.116038
-9.6000e-04,-0.0529687,0.00149906,-0.119163
-9.5000e-04,-0.0495312,0.00205531,-0.131038
-9.4000e-04,-0.04375,0.00184688,-0.131975
-9.3000e-04,-0.0435938,0.0021375,-0.111038
-9.2000e-04,-0.04625,0.00205375,-0.13885
-9.1000e-04,-0.043125,0.00129188,-0.12135
-9.0000e-04,-0.0420312,0.00185219,-0.138225
-8.9000e-04,-0.0507812,0.00237031,-0.12635
-8.8000e-04,-0.0579687,0.00197438,-0.125725
-8.7000e-04,-0.0464062,0.0021025,-0.126038
-8.6000e-04,-0.0479688,0.00131031,-0.108225
-8.5000e-04,-0.0592188,0.001455,-0.119163
-8.4000e-04,-0.0489062,0.00187188,-0.141663
-8.3000e-04,-0.0629688,0.00101063,-0.1176
-8.2000e-04,-0.0517188,0.00145406,-0.1276
-8.1000e-04,-0.0575,0.00217031,-0.101038
-8.0000e-04,-0.048125,0.00148656,-0.0876
-7.9000e-04,-0.0603125,0.0012475,-0.14885
-7.8000e-04,-0.0507812,0.00195625,-0.116663
-7.7000e-04,-0.045625,0.00164813,-0.112287
-7.6000e-04,-0.0428125,0.00116938,-0.139788
-7.5000e-04,-0.0576563,0.00127188,-0.138537
-7.4000e-04,-0.0401563,0.00168156,-0.114475
-7.3000e-04,-0.045625,0.00188563,-0.12385
-7.2000e-04,-0.050625,0.00164938,-0.12385
-7.1000e-04,-0.0514063,0.00180375,-0.111975
-7.0000e-04,-0.0495312,0.00145625,-0.140413
-6.9000e-04,-0.04625,0.00137969,-0.10385
-6.8000e-04,-0.0539063,0.0013,-0.124788
-6.7000e-04,-0.0578125,0.00145625,-0.138225
-6.6000e-04,-0.058125,0.00159844,-0.125725
-6.5000e-04,-0.0490625,0.00148969,-0.135413
-6.4000e-04,-0.0617188,0.000847188,-0.128225
-6.3000e-04,-0.0535937,0.00184594,-0.134475
-6.2000e-04,-0.0467188,0.00113781,-0.124163
-6.1000e-04,-0.0514063,0.00168906,-0.103225
-6.0000e-04,-0.051875,0.000836875,-0.121975
-5.9000e-04,-0.0298438,0.00140094,-0.114788
-5.8000e-04,-0.0634375,0.00226594,-0.129788
-5.7000e-04,-0.0498438,0.00178188,-0.128537
-5.6000e-04,-0.0454688,0.00189531,-0.0929125
-5.5000e-04,-0.0614062,0.00157813,-0.109788
-5.4000e-04,-0.0479688,0.00113938,-0.1051
-5.3000e-04,-0.0440625,0.0018225,-0.147913
-5.2000e-04,-0.0395313,0.00167875,-0.119163
-5.1000e-04,-0.0515625,0.00215375,-0.138537
-5.0000e-04,-0.0451563,0.00181375,-0.1301
-4.9000e-04,-0.0407813,0.00178344,-0.1226
-4.8000e-04,-0.0526563,0.00173531,-0.109163
-4.7000e-04,-0.0489062,0.00139625,-0.12385
-4.6000e-04,-0.046875,0.00143281,-0.140413
-4.5000e-04,-0.0460938,0.000843125,-0.111662
-4.4000e-04,-0.0607812,0.00155281,-0.1476
-4.3000e-04,-0.0434375,0.00166219,-0.139162
-4.2000e-04,-0.0596875,0.00104063,-0.1401
-4.1000e-04,-0.06125,0.00168906,-0.15385
-4.0000e-04,-0.0476562,0.00198,-0.132288
-3.9000e-04,-0.0503125,0.00190281,-0.139788
-3.8000e-04,-0.0490625,0.00174906,-0.133537
-3.7000e-04,-0.0642188,0.00154344,-0.120725
-3.6000e-04,-0.0584375,0.00170719,-0.106975
-3.5000e-04,-0.05125,0.00186594,-0.111975
-3.4000e-04,-0.0584375,0.00275281,-0.109163
-3.3000e-04,-0.0560937,0.00222844,-0.11635
-3.2000e-04,-0.0532813,0.00166969,-0.160412
-3.1000e-04,-0.0509375,0.0019225,-0.14385
-3.0000e-04,-0.0515625,0.0021725,-0.121038
-2.9000e-04,-0.0490625,0.00150219,-0.120413
-2.8000e-04,-0.0603125,0.00134438,-0.0891625
-2.7000e-04,-0.0473438,0.00123469,-0.122287
-2.6000e-04,-0.0532813,0.00113563,-0.1201
-2.5000e-04,-0.0540625,0.00160281,-0.131038
-2.4000e-04,-0.0571875,0.00215031,-0.15635
-2.3000e-04,-0.064375,0.00163063,-0.1476
-2.2000e-04,-0.06,0.00176563,-0.141663
-2.1000e-04,-0.055625,0.00214406,-0.106038
-2.0000e-04,-0.0525,0.00182188,-0.105725
-1.9000e-04,-0.0546875,0.00164625,-0.09385
-1.8000e-04,-0.051875,0.00192031,-0.14385
-1.7000e-04,-0.0553125,0.00165313,-0.099475
-1.6000e-04,-0.0560937,0.00101094,-0.1076
-1.5000e-04,-0.0539063,0.000967813,-0.136975
-1.4000e-04,-0.0310937,0.00147531,-0.1101
-1.3000e-04,-0.0546875,0.00208469,-0.139788
-1.2000e-04,-0.05,0.00204563,-0.134162
-1.1000e-04,-0.0459375,0.00163719,-0.115413
-1.0000e-04,-0.0554687,0.00157969,-0.153537
-9.0000e-05,-0.0573437,0.001165,-0.135725
-8.0000e-05,-0.0517188,0.00168813,-0.142912
-7.0000e-05,-0.0498438,0.00104438,-0.128225
-6.0000e-05,-0.0523437,0.00148969,-0.0941625
-5.0000e-05,-0.053125,0.00179281,-0.122912
-4.0000e-05,-0.05375,0.00170969,-0.11635
-3.0000e-05,-0.0578125,0.00185563,-0.1151
-2.0000e-05,-0.055,0.00173531,-0.109475
-1.0000e-05,-0.0634375,0.00164094,-0.126975
-0.0000e+00,-0.0476562,0.00190344,4.87959
1.0000e-05,-0.049375,0.00157063,4.88646
2.0000e-05,-0.0420312,0.00121656,4.90803
3.0000e-05,-0.0573437,0.00185094,4.89396
4.0000e-05,-0.0464062,0.00158781,4.87865
5.0000e-05,-0.0514063,0.0017675,4.89084
6.0000e-05,-0.0478125,0.00176156,4.90178
7.0000e-05,-0.0507812,0.00183281,4.90459
8.0000e-05,-0.0529687,0.00156938,4.89646
9.0000e-05,-0.0510938,0.00096,4.91084
1.0000e-04,-0.050625,0.000396875,4.90021
1.1000e-04,-0.0565625,0.00109281,4.9024
1.2000e-04,-0.0496875,0.000591563,4.88678
1.3000e-04,-0.0510938,0.00160594,4.87896
1.4000e-04,-0.0570313,0.00169938,4.87584
1.5000e-04,-0.0603125,0.00213437,4.93271
1.6000e-04,-0.0564063,0.0021675,4.91365
1.7000e-04,-0.0429688,0.0022575,4.92553
1.8000e-04,-0.0440625,0.00184781,4.88302
1.9000e-04,-0.054375,0.00169906,4.88678
2.0000e-04,-0.0610938,0.00159063,4.86396
2.1000e-04,-0.0434375,0.0017525,4.90334
2.2000e-04,-0.0509375,0.00151188,4.89834
2.3000e-04,-0.0517188,0.00218906,4.90553
2.4000e-04,-0.0420312,0.00207875,4.89677
2.5000e-04,-0.05375,0.00186031,4.93709
2.6000e-04,-0.0479688,0.00132656,4.88396
2.7000e-04,-0.0485938,6.65625e-05,4.8924
2.8000e-04,-0.045625,0.001045,4.88678
2.9000e-04,-0.0526563,0.00145031,4.87709
3.0000e-04,-0.06,0.00127906,4.90084
3.1000e-04,-0.046875,0.00169906,4.91146
3.2000e-04,-0.0482812,0.00106969,4.90521
3.3000e-04,-0.0490625,0.00131313,4.91021
3.4000e-04,-0.0528125,0.00201625,4.92396
3.5000e-04,-0.069375,0.00145313,4.87771
3.6000e-04,-0.0496875,0.00108781,4.87834
3.7000e-04,-0.0432813,0.00142563,4.86646
3.8000e-04,-0.055,0.000752188,4.87521
3.9000e-04,-0.0542187,0.00214281,4.90459
4.0000e-04,-0.0470312,0.0016275,4.92178
4.1000e-04,-0.0575,0.00142969,4.94209
4.2000e-04,-0.0507812,0.00151844,4.90115
4.3000e-04,-0.05875,0.00158594,4.89896
4.4000e-04,-0.0521875,0.00150906,4.91052
4.5000e-04,-0.0584375,0.00157938,4.9049
4.6000e-04,-0.0578125,0.00151313,4.90584
4.7000e-04,0.950625,0.00144938,4.91209
4.8000e-04,1.49828,-0.000555,4.93303
4.9000e-04,1.56422,-0.00239313,4.92334
5.0000e-04,0.066875,-0.00247438,4.92709
5.1000e-04,0.0995313,-0.0025175,4.89771
5.2000e-04,0.0867187,-0.0026125,4.8749
5.3000e-04,0.0690625,-0.00242469,4.89709
5.4000e-04,0.0760938,-0.00243531,4.92334
5.5000e-04,0.060625,-0.00255906,4.91771
5.6000e-04,0.0584375,-0.00245969,4.91646
5.7000e-04,0.0504687,-0.00255438,4.87709
5.8000e-04,0.0429688,-0.00257719,4.88115
5.9000e-04,0.0453125,-0.00240531,4.88396
6.0000e-04,0.0478125,-0.00255688,4.90834
6.1000e-04,0.0379687,-0.00242719,4.90928
6.2000e-04,0.0446875,-0.00238375,4.93084
6.3000e-04,0.02375,-0.00259156,4.90053
6.4000e-04,0.038125,-0.00242719,4.92303
6.5000e-04,0.016875,-0.00249781,4.88615
6.6000e-04,0.01625,-0.00250219,4.88115
6.7000e-04,0.0251563,-0.00256563,4.91115
6.8000e-04,0.03875,-0.00247688,4.90677
6.9000e-04,0.0196875,-0.00233344,4.92334
7.0000e-04,0.0215625,-0.00260844,4.9224
7.1000e-04,0.0253125,-0.00122344,4.89521
7.2000e-04,0.010625,-0.00158063,4.90021
7.3000e-04,0.0159375,-0.00426969,4.87209
7.4000e-04,0.019375,-0.004865,4.89146
7.5000e-04,0.0176563,-0.00279844,4.88865
7.6000e-04,0.0282812,-0.000202188,4.90271
7.7000e-04,0.010625,0.00454844,4.9224
7.8000e-04,0.0129687,0.00578031,4.91084
7.9000e-04,0.00328125,0.00553938,4.91334
8.0000e-04,0.0109375,0.00213156,4.87053
8.1000e-04,-0.00125,-0.000403125,4.88709
8.2000e-04,0.0110937,-0.00141625,4.88771
8.3000e-04,0.00484375,-0.000663125,4.89959
8.4000e-04,0.00375,0.00114813,4.89178
8.5000e-04,0.018125,0.00323938,4.90834
8.6000e-04,0.0075,0.00488344,4.90396
8.7000e-04,0,0.00376844,4.8974
8.8000e-04,0.003125,0.00172313,4.87584
8.9000e-04,-0.0009375,-0.000525313,4.91771
9.0000e-04,0.00390625,-0.00180438,4.88927
9.1000e-04,-0.0090625,-0.00113563,4.89677
9.2000e-04,0.000625,0.0016775,4.89771
9.3000e-04,0.00296875,0.00424219,4.92365
9.4000e-04,0.004375,0.00500094,4.91084
9.5000e-04,0.00015625,0.00412969,4.88678
9.6000e-04,0.0096875,0.00212469,4.89146
9.7000e-04,0.00625,-0.00107781,4.88209
9.8000e-04,0.0034375,-0.00156875,4.86802
9.9000e-04,-0.001875,-0.00102313,4.94084
1.0000e-03,0.00046875,0.00202,4.92115
1.0100e-03,-0.00859375,0.004295,4.92584
1.0200e-03,-0.00015625,0.00465375,4.90115
1.0300e-03,-0.00125,0.00277563,4.89646
1.0400e-03,0.003125,0.00139688,4.9024
1.0500e-03,0.0009375,-0.00080875,4.88896
1.0600e-03,-0.0090625,-0.0017175,4.88927
1.0700e-03,-0.0009375,-0.000181563,4.92271
1.0800e-03,0.005,0.0027525,4.90428
1.0900e-03,-0.0134375,0.00464813,4.91677
1.1000e-03,-0.009375,0.00399531,4.89615
1.1100e-03,-0.019375,0.00243969,4.89021
1.1200e-03,0.00375,0.000721563,4.8874
1.1300e-03,-0.0053125,-0.00102375,4.90928
1.1400e-03,-0.01125,-0.00124313,4.91209
1.1500e-03,-0.0107813,0.000591875,4.90271
1.1600e-03,0.00125,0.00239875,4.89927
1.1700e-03,-0.0151562,0.00413906,4.89178
1.1800e-03,-0.00859375,0.00348594,4.90428
1.1900e-03,-0.01,0.00177656,4.8849
1.2000e-03,-0.00859375,0.000665,4.88959
1.2100e-03,-0.020625,-0.00119906,4.89834
1.2200e-03,-0.00546875,0.000326875,4.93178
1.2300e-03,-0.00984375,0.00136813,4.92334
1.2400e-03,-0.0151562,0.00354094,4.89646
1.2500e-03,-0.00921875,0.0037675,4.88615
1.2600e-03,-0.0198438,0.00348281,4.88115
1.2700e-03,-0.0259375,0.00131094,4.86303
1.2800e-03,-0.0110937,0.000215625,4.8899
1.2900e-03,-0.01375,-0.0008775,4.89053
1.3000e-03,-0.00859375,0.00022875,4.91178
1.3100e-03,0.0003125,0.00120219,4.89209
1.3200e-03,-0.0132813,0.0029475,4.91803
1.3300e-03,-0.0110937,0.00394,4.89521
1.3400e-03,-0.00875,0.00253563,4.8574
1.3500e-03,-0.015,0.00144438,4.88365
1.3600e-03,-0.0114062,0.00065625,4.88334
1.3700e-03,-0.0159375,0.000594063,4.89146
1.3800e-03,-0.0184375,0.000814375,4.90521
1.3900e-03,-0.0165625,0.00171438,4.90396
1.4000e-03,-0.0226562,0.0032175,4.89084
1.4100e-03,-0.00796875,0.00360719,4.86365
1.4200e-03,-0.00828125,0.00188531,4.86834
1.4300e-03,-0.0173438,0.00110187,4.88959
1.4400e-03,-0.0175,0.000308125,4.88646
1.4500e-03,-0.00578125,-0.000470625,4.90553
1.4600e-03,-0.0198438,0.0011575,4.91896
1.4700e-03,-0.0053125,0.00192563,4.91709
1.4800e-03,-0.01625,0.002645,4.89396
1.4900e-03,-0.0192187,0.00321781,4.89396
1.5000e-03,-0.0228125,0.00287813,4.88865
1.5100e-03,-0.0154687,0.00065625,4.88053
1.5200e-03,-0.0178125,0.000617813,4.89271
1.5300e-03,-0.0239063,8.5625e-05,4.92553
1.5400e-03,-0.00640625,0.000949688,4.90396
1.5500e-03,-0.00953125,0.00205906,4.9149
1.5600e-03,0.00125,0.00237,4.87365
1.5700e-03,-0.00484375,0.00257063,4.88021
1.5800e-03,-0.00234375,0.00298594,4.9324
1.5900e-03,-0.0248438,0.00112125,4.92271
1.6000e-03,-0.0185937,0.000815313,4.90834
1.6100e-03,-0.0154687,-0.000245938,4.88927
1.6200e-03,-0.0096875,0.000671875,4.87646
1.6300e-03,-0.0053125,0.00220781,4.87084
1.6400e-03,-0.015,0.00233156,4.88615
1.6500e-03,-0.0189062,0.00192031,4.87646
1.6600e-03,-0.00796875,0.00166938,4.90021
1.6700e-03,-0.0179687,0.00120906,4.87646
1.6800e-03,-0.00640625,0.000616563,4.9424
1.6900e-03,-0.0126563,0.00102187,4.89209
1.7000e-03,-0.0209375,0.00117094,4.90521
1.7100e-03,-0.0145312,0.0020375,4.90584
1.7200e-03,-0.0175,0.00243719,4.88271
1.7300e-03,-0.02,0.00239844,4.88927
1.7400e-03,-0.0346875,0.00179625,4.90834
1.7500e-03,-0.0229687,0.00133719,4.9199
1.7600e-03,-0.0260937,0.00101438,4.88865
1.7700e-03,-0.0125,0.00094,4.87365
1.7800e-03,-0.01875,0.000887188,4.88834
1.7900e-03,-0.028125,0.00180813,4.88177
1.8000e-03,-0.02125,0.00247906,4.88927
1.8100e-03,-0.0185937,0.00163531,4.88021
1.8200e-03,-0.02625,0.00101656,4.86646
1.8300e-03,-0.0101563,0.000632188,4.91521
1.8400e-03,-0.0078125,0.000377188,4.91834
1.8500e-03,-0.016875,0.00141281,4.9074
1.8600e-03,-0.0210938,0.0027425,4.84928
1.8700e-03,-0.0157813,0.00151625,4.87053
1.8800e-03,-0.0120313,0.00220281,4.88646
1.8900e-03,-0.01875,0.00221781,4.8799
1.9000e-03,-0.018125,0.000488438,4.89803
1.9100e-03,-0.018125,5.75e-05,4.9124
1.9200e-03,-0.025625,0.000438125,4.89834
1.9300e-03,-0.01125,0.00173938,4.90396
1.9400e-03,-0.009375,0.00194188,4.88115
1.9500e-03,-0.0135937,0.00229844,4.87428
1.9600e-03,-0.016875,0.00286219,4.88365
1.9700e-03,-0.025,0.00207062,4.90646
1.9800e-03,-0.0148437,0.000977813,4.94365
1.9900e-03,-0.0242188,0.000735938,4.89709
2.0000e-03,-0.0196875,0.00120375,4.91334
2.0100e-03,-0.0228125,0.00113344,4.88115
2.0200e-03,-0.0198438,0.001545,4.85553
2.0300e-03,-0.0239063,0.00217125,4.89959
2.0400e-03,-0.0232812,0.002355,4.87115
2.0500e-03,-0.0165625,0.0023625,4.89396
2.0600e-03,-0.0214063,0.000869063,4.8999
2.0700e-03,-0.0214063,4.6875e-06,4.87209
2.0800e-03,-0.02625,0.000162188,4.8799
2.0900e-03,-0.0192187,0.00207156,4.88084
2.1000e-03,-0.02,0.00173125,4.88177
2.1100e-03,-0.0173438,0.00263625,4.89209
2.1200e-03,-0.018125,0.00204531,4.89959
2.1300e-03,-0.0301563,0.00192313,4.91146
2.1400e-03,-0.0303125,0.001625,4.9099
2.1500e-03,-0.0167188,0.000405938,4.91146
2.1600e-03,-0.0296875,0.000637813,4.88053
2.1700e-03,-0.0159375,0.00189875,4.87959
2.1800e-03,-0.0254688,0.00235156,4.8799
2.1900e-03,-0.0198438,0.00260688,4.90553
2.2000e-03,-0.0351562,0.00343656,4.88771
2.2100e-03,-0.0235938,0.00201219,4.9074
2.2200e-03,-0.02,0.00120094,4.89053
2.2300e-03,-0.0225,0.00123594,4.90803
2.2400e-03,-0.024375,0.00178344,4.87177
2.2500e-03,-0.0173438,0.00134688,4.90146
2.2600e-03,-0.0185937,0.00132625,4.88803
2.2700e-03,-0.025,0.00177563,4.88959
2.2800e-03,-0.0179687,0.00178281,4.93678
2.2900e-03,-0.0307813,0.000896875,4.91865
2.3000e-03,-0.0332812,0.00144594,4.88771
2.3100e-03,-0.02125,0.00086625,4.89334
2.3200e-03,-0.0335937,0.00121438,4.8674
2.3300e-03,-0.0189062,0.00132531,4.86928
2.3400e-03,-0.0301563,0.00178438,4.88084
2.3500e-03,-0.0420312,0.00164594,4.92365
2.3600e-03,-0.0323438,0.00181125,4.91178
2.3700e-03,-0.0295313,0.0012375,4.90459
2.3800e-03,-0.0251563,0.00041625,4.88615
2.3900e-03,-0.0334375,0.000904375,4.90459
2.4000e-03,-0.0217188,0.00141906,4.87709
2.4100e-03,-0.0275,0.00191438,4.86771
2.4200e-03,-0.0260937,0.00222625,4.91615
2.4300e-03,-0.0225,0.00184063,4.90146
2.4400e-03,-0.0271875,0.0020825,4.92802
2.4500e-03,-0.0289063,0.00156438,4.89709
2.4600e-03,-0.0342187,0.00125906,4.89865
2.4700e-03,-0.0296875,0.00113438,4.89365
2.4800e-03,-0.02375,0.000902813,4.90959
2.4900e-03,-0.0314062,0.00171469,4.8674
2.5000e-03,-0.0167188,0.00259469,4.90334
2.5100e-03,-0.0265625,0.00277781,4.91865
2.5200e-03,-0.0239063,0.00186188,4.87927
2.5300e-03,-0.0253125,0.00102156,4.88771
2.5400e-03,-0.0203125,0.0009525,4.90553
2.5500e-03,-0.024375,0.00176531,4.88959
2.5600e-03,-0.0234375,0.00163844,4.87334
2.5700e-03,-0.0220313,0.00183344,4.92521
2.5800e-03,-0.03,0.00232594,4.90365
2.5900e-03,-0.026875,0.00247219,4.90834
2.6000e-03,-0.0375,0.00217813,4.91209
2.6100e-03,-0.0282813,0.00108125,4.86646
2.6200e-03,-0.0229687,0.000731563,4.87771
2.6300e-03,-0.0253125,0.00102,4.86427
2.6400e-03,-0.025625,0.00115875,4.8899
2.6500e-03,-0.029375,0.00165281,4.90834
2.6600e-03,-0.0173438,0.00175313,4.91615
2.6700e-03,-0.038125,0.000949063,4.93052
2.6800e-03,-0.0229687,0.00177156,4.89709
2.6900e-03,-0.035,0.000470313,4.87084
2.7000e-03,-0.021875,0.00091625,4.87396
2.7100e-03,-0.0285938,0.000824375,4.88927
2.7200e-03,-0.0242188,0.000867813,4.90615
2.7300e-03,-0.0273438,0.00194688,4.87584
2.7400e-03,-0.0223437,0.00291563,4.87865
2.7500e-03,-0.0196875,0.00156406,4.88865
2.7600e-03,-0.01875,0.00269313,4.8999
2.7700e-03,-0.0434375,0.00150406,4.91021
2.7800e-03,-0.0295313,0.000624688,4.87646
2.7900e-03,-0.0367188,0.00151875,4.89865
2.8000e-03,-0.0317188,0.00174625,4.90803
2.8100e-03,-0.0284375,0.0016375,4.90428
2.8200e-03,-0.0301563,0.00238281,4.91209
2.8300e-03,-0.0298438,0.00183875,4.90521
2.8400e-03,-0.0289063,0.00178594,4.84896
2.8500e-03,-0.0375,0.00137125,4.90521
2.8600e-03,-0.0232812,0.0016725,4.87521
2.8700e-03,-0.0185937,0.00101344,4.90146
2.8800e-03,-0.0251563,0.00189375,4.90896
2.8900e-03,-0.0278125,0.00215781,4.93334
2.9000e-03,-0.0309375,0.00257563,4.90896
2.9100e-03,-0.028125,0.00202063,4.87084
2.9200e-03,-0.016875,0.00209313,4.87615
2.9300e-03,-0.0129688,0.00136563,4.8774
2.9400e-03,-0.0273438,0.00112063,4.88615
2.9500e-03,-0.0351562,0.00175313,4.90709
2.9600e-03,-0.0215625,0.00203438,4.91928
2.9700e-03,-0.0198438,0.00288688,4.86552
2.9800e-03,-0.0276563,0.00201469,4.8949
2.9900e-03,-0.0292188,0.00199469,4.88646
3.0000e-03,-0.0404687,0.00115719,4.8674
3.0100e-03,-0.0298438,0.0010575,4.92303
3.0200e-03,-0.0357813,0.0006925,4.87865
3.0300e-03,-0.0209375,0.0011025,4.91084
3.0400e-03,-0.0278125,0.00114625,4.91865
3.0500e-03,-0.0385937,0.00200313,4.92584
3.0600e-03,-0.0245313,0.00192156,4.89927
3.0700e-03,-0.0370313,0.0015675,4.87927
3.0800e-03,-0.0275,0.00145938,4.88959
3.0900e-03,-0.04375,0.00105844,4.90053
3.1000e-03,-0.03375,0.000500938,4.89959
3.1100e-03,-0.0332812,0.00208781,4.89428
3.1200e-03,-0.0304688,0.00231656,4.91521
3.1300e-03,-0.0173438,0.00309719,4.86521
3.1400e-03,-0.0251563,0.00247625,4.86802
3.1500e-03,-0.0285938,0.00188688,4.88646
3.1600e-03,-0.0354688,0.00225063,4.89396
3.1700e-03,-0.0260937,0.00110594,4.90584
3.1800e-03,-0.01625,0.000665313,4.89271
3.1900e-03,-0.031875,0.00167531,4.93178
3.2000e-03,-0.0320312,0.00183469,4.89084
3.2100e-03,-0.0257812,0.00208625,4.90115
3.2200e-03,-0.0395313,0.00174344,4.86865
3.2300e-03,-0.031875,0.00147438,4.89084
3.2400e-03,-0.0335937,0.00184094,4.91553
3.2500e-03,-0.0276563,0.000295938,4.89396
3.2600e-03,-0.0214063,0.00157531,4.89709
3.2700e-03,-0.0234375,0.00133813,4.90803
3.2800e-03,-0.0421875,0.00195938,4.89428
3.2900e-03,-0.0401563,0.00216875,4.89959
3.3000e-03,-0.0214063,0.00174969,4.87834
3.3100e-03,-0.0351562,0.00212656,4.88615
3.3200e-03,-0.0385937,0.00068625,4.86802
3.3300e-03,-0.04,0.000862188,4.8774
3.3400e-03,-0.03875,0.00145969,4.92896
3.3500e-03,-0.0329688,0.00140281,4.8974
3.3600e-03,-0.0378125,0.00147938,4.89396
3.3700e-03,-0.03875,0.00206188,4.88209
3.3800e-03,-0.0242188,0.00114656,4.88302
3.3900e-03,-0.0370313,0.00132313,4.85928
3.4000e-03,-0.0326562,0.00160906,4.89803
3.4100e-03,-0.0326562,0.00107281,4.93365
3.4200e-03,-0.0325,0.000749688,4.92584
3.4300e-03,-0.0284375,0.00186125,4.89896
3.4400e-03,-0.0435938,0.00215375,4.87303
3.4500e-03,-0.025,0.00237531,4.87146
3.4600e-03,-0.038125,0.00150906,4.89334
3.4700e-03,-0.031875,0.00158906,4.89115
3.4800e-03,-0.0315625,0.00127813,4.91771
3.4900e-03,-0.0346875,0.000831875,4.93615
3.5000e-03,-0.03375,0.0011,4.94334
3.5100e-03,-0.0314062,0.00196531,4.89896
3.5200e-03,-0.0457813,0.0021475,4.86271
3.5300e-03,-0.0403125,0.00214125,4.90959
3.5400e-03,-0.03375,0.00195094,4.87771
3.5500e-03,-0.0404687,0.00198125,4.92303
3.5600e-03,-0.0310937,0.000916563,4.91459
3.5700e-03,-0.0348437,0.000260313,4.92396
3.5800e-03,-0.03375,0.00197313,4.87115
3.5900e-03,-0.035,0.00179281,4.87834
3.6000e-03,-0.025625,0.00200188,4.8774
3.6100e-03,-0.0440625,0.00216219,4.88334
3.6200e-03,-0.0503125,0.00143281,4.87053
3.6300e-03,-0.0248438,0.00149563,4.8899
3.6400e-03,-0.035625,0.001105,4.92334
3.6500e-03,-0.0325,0.00191875,4.89834
3.6600e-03,-0.0290625,0.00175031,4.89271
3.6700e-03,-0.0285938,0.00141156,4.8924
3.6800e-03,-0.0360938,0.00124563,4.87084
3.6900e-03,-0.0303125,0.00200875,4.86834
3.7000e-03,-0.026875,0.000576563,4.9024
3.7100e-03,-0.0182812,0.000984375,4.90834
3.7200e-03,-0.028125,0.00132844,4.90459
3.7300e-03,-0.0259375,0.000981563,4.88646
3.7400e-03,-0.0370313,0.00170469,4.8874
3.7500e-03,-0.0325,0.00237969,4.88053
3.7600e-03,-0.03625,0.00246281,4.88271
3.7700e-03,-0.0360938,0.00231,4.8799
3.7800e-03,-0.0378125,0.000692813,4.90709
3.7900e-03,-0.0376563,0.000765938,4.89803
3.8000e-03,-0.0371875,0.00103469,4.88396
3.8100e-03,-0.0329688,0.000536875,4.89209
3.8200e-03,-0.0335937,0.001555,4.87552
3.8300e-03,-0.0310937,0.00295031,4.89709
3.8400e-03,-0.031875,0.00254344,4.87834
3.8500e-03,-0.036875,0.00125688,4.91178
3.8600e-03,-0.0390625,0.000621875,4.92334
3.8700e-03,-0.0351562,0.000969063,4.92021
3.8800e-03,-0.034375,0.00108313,4.9049
3.8900e-03,-0.0467188,0.00126094,4.8924
3.9000e-03,-0.035,0.00218438,4.88209
3.9100e-03,-0.0378125,0.00179281,4.85896
3.9200e-03,-0.0348437,0.00234094,4.87146
3.9300e-03,-0.0454688,0.00215813,4.92209
3.9400e-03,-0.035625,0.00122906,4.91615
3.9500e-03,-0.030625,0.000910313,4.89865
3.9600e-03,-0.054375,0.00196813,4.89428
3.9700e-03,-0.0429688,0.00121594,4.87678
3.9800e-03,-0.029375,0.0021425,4.86896
3.9900e-03,-0.0329688,0.00211906,4.86834
4.0000e-03,-0.03,0.00214219,4.9024
4.0100e-03,-0.0365625,0.00134031,4.90896
4.0200e-03,-0.0407813,0.00154469,4.92178
4.0300e-03,-0.0360938,0.000921875,4.89209
4.0400e-03,-0.0245313,0.000469063,4.88959
4.0500e-03,-0.034375,0.00151844,4.86521
4.0600e-03,-0.0390625,0.00145156,4.92303
4.0700e-03,-0.0421875,0.00178344,4.8599
4.0800e-03,-0.041875,0.00143625,4.92427
4.0900e-03,-0.0429688,0.00146688,4.9249
4.1000e-03,-0.02625,0.00132219,4.93052
4.1100e-03,-0.0401563,0.000796875,4.90553
4.1200e-03,-0.0395313,0.00160938,4.91115
4.1300e-03,-0.045625,0.00153906,4.88896
4.1400e-03,-0.0489062,0.00188031,4.89959
4.1500e-03,-0.0259375,0.00166875,4.91865
4.1600e-03,-0.035625,0.00173813,4.92052
4.1700e-03,-0.0492188,0.00132031,4.88959
4.1800e-03,-0.0421875,0.00157938,4.90459
4.1900e-03,-0.0371875,0.00104094,4.87865
4.2000e-03,-0.0525,0.000818438,4.90677
4.2100e-03,-0.05,0.00141938,4.88428
4.2200e-03,-0.038125,0.00282063,4.9099
4.2300e-03,-0.0426562,0.00242156,4.85802
4.2400e-03,-0.03875,0.00237406,4.88396
4.2500e-03,-0.030625,0.00148375,4.89428
4.2600e-03,-0.0359375,0.00162063,4.91021
4.2700e-03,-0.0295313,0.000525313,4.92021
4.2800e-03,-0.0459375,0.0008525,4.88334
4.2900e-03,-0.0326562,0.00227406,4.86552
4.3000e-03,-0.0414063,0.00243938,4.9199
4.3100e-03,-0.045625,0.00256344,4.92178
4.3200e-03,-0.056875,0.00179094,4.90615
4.3300e-03,-0.04375,0.00132875,4.90084
4.3400e-03,-0.0332812,0.000853438,4.89209
4.3500e-03,-0.04,0.00073125,4.85146
4.3600e-03,-0.0395313,0.00133344,4.87927
4.3700e-03,-0.0360938,0.00199625,4.8824
4.3800e-03,-0.035,0.00213781,4.91803
4.3900e-03,-0.0529687,0.00241063,4.93178
4.4000e-03,-0.0370313,0.002365,4.94084
4.4100e-03,-0.035,0.00246094,4.88271
4.4200e-03,-0.0309375,0.00237281,4.92896
4.4300e-03,-0.0334375,0.00233188,4.89584
4.4400e-03,-0.0434375,0.00231125,4.8774
4.4500e-03,-0.0223437,0.002355,4.89865
4.4600e-03,-0.0395313,0.00235125,4.91084
4.4700e-03,0.279219,0.002215,4.91771
4.4800e-03,1.48266,0.000174063,4.90302
4.4900e-03,2.37391,-0.00167063,4.93865
4.5000e-03,1.63969,-0.00282469,4.88646
4.5100e-03,2.15016,-0.00368406,4.90053
4.5200e-03,0.514844,-0.00406844,4.90146
4.5300e-03,0.103906,-0.00392906,4.91959
4.5400e-03,0.0990625,-0.00385594,4.91084
4.5500e-03,0.084375,-0.00389313,4.93115
4.5600e-03,0.0660937,-0.003775,4.91115
4.5700e-03,0.07,-0.00386406,4.93052
4.5800e-03,0.056875,-0.00375719,4.89396
4.5900e-03,0.0565625,-0.00378969,4.8849
4.6000e-03,0.0428125,-0.00388688,4.86584
4.6100e-03,0.0475,-0.00380219,4.87865
4.6200e-03,0.04375,-0.00376063,4.89146
4.6300e-03,0.0482812,-0.00380844,4.93553
4.6400e-03,0.0267188,-0.00371438,4.91521
4.6500e-03,0.0370313,-0.00374219,4.89834
4.6600e-03,0.0389063,-0.00383781,4.86303
4.6700e-03,0.0415625,-0.00394688,4.88959
4.6800e-03,0.0270313,-0.00404031,4.89771
4.6900e-03,0.03,-0.0038,4.89459
4.7000e-03,0.029375,-0.00371063,4.93021
4.7100e-03,0.0214062,-0.00376438,4.93396
4.7200e-03,0.0182813,-0.00384438,4.88365
4.7300e-03,0.023125,-0.00346563,4.88615
4.7400e-03,0.0167188,-0.00216469,4.91584
4.7500e-03,0.0246875,-0.00153094,4.88271
4.7600e-03,0.015625,-0.000906563,4.89646
4.7700e-03,0.03,0.000469063,4.92365
4.7800e-03,0.015,0.001755,4.90146
4.7900e-03,0.014375,0.00304469,4.90834
4.8000e-03,-0.00328125,0.00221063,4.90459
4.8100e-03,0.005625,0.00159375,4.89927
4.8200e-03,0.0121875,0.000818125,4.87959
4.8300e-03,0.0139062,0.00038625,4.89365
4.8400e-03,0.0117188,0.0007225,4.9174
4.8500e-03,0.00671875,0.00262,4.91334
4.8600e-03,-0.000625,0.00300063,4.93584
4.8700e-03,0.00859375,0.0035225,4.87896
4.8800e-03,0.001875,0.00173219,4.88053
4.8900e-03,0.00140625,0.000945625,4.90115
4.9000e-03,-0.00015625,0.000390938,4.89209
4.9100e-03,0.0107812,0.00132344,4.89365
4.9200e-03,0.0028125,0.000814688,4.90896
4.9300e-03,0.00796875,0.00230063,4.92084
4.9400e-03,0.015,0.00168469,4.89584
4.9500e-03,-0.00515625,0.00222969,4.88271
4.9600e-03,0.00578125,0.00111375,4.84959
4.9700e-03,0.0103125,0.000914063,4.88084
4.9800e-03,0.00140625,3.4375e-06,4.8799
4.9900e-03,-0.005,-3.125e-05,4.91302
5.0000e-03,-0.00140625,0.000876563,4.89053
5.0100e-03,0.0109375,0.00238219,4.91615
5.0200e-03,0.0040625,0.00180063,4.87521
5.0300e-03,-0.0025,0.00225719,4.91271
5.0400e-03,-0.00125,0.00141781,4.86396
5.0500e-03,-0.00109375,0.00123125,4.92834
5.0600e-03,-0.00515625,0.000775,4.91146
5.0700e-03,-0.006875,0.000507813,4.8899
5.0800e-03,0.00421875,0.00083,4.92303
5.0900e-03,-0.0053125,0.00275406,4.9049
5.1000e-03,-0.003125,0.00198781,4.90053
5.1100e-03,-0.005,0.00205094,4.88334
5.1200e-03,0.005,0.000839688,4.90271
5.1300e-03,-0.0164063,0.000381875,4.91709
5.1400e-03,-0.0071875,0.000409063,4.9049
5.1500e-03,-0.01,0.000400313,4.91084
5.1600e-03,-0.0040625,0.000866875,4.90615
5.1700e-03,-0.0053125,0.00186781,4.90865
5.1800e-03,0.004375,0.0015825,4.90803
5.1900e-03,-0.008125,0.00156625,4.85396
5.2000e-03,-0.0140625,0.00181813,4.89365
5.2100e-03,-0.00890625,0.00111906,4.90021
5.2200e-03,-0.00359375,0.00140375,4.89396
5.2300e-03,-0.00125,0.00123031,4.9199
5.2400e-03,-0.005625,0.00233375,4.9224
5.2500e-03,-0.01,0.00226438,4.87896
5.2600e-03,-0.00546875,0.00142156,4.87115
5.2700e-03,-0.0117188,0.00146,4.89365
5.2800e-03,-0.016875,0.00128688,4.88115
5.2900e-03,-0.0034375,0.000189688,4.8924
5.3000e-03,-0.000625,0.000793438,4.90396
5.3100e-03,-0.0120313,0.00103094,4.90584
5.3200e-03,-0.00546875,0.00125438,4.89803
5.3300e-03,-0.0129688,0.00216,4.90271
5.3400e-03,-0.005,0.00173094,4.90396
5.3500e-03,-0.01125,0.00139188,4.87678
5.3600e-03,-0.019375,0.00136688,4.9024
5.3700e-03,-0.00828125,0.000879063,4.91334
5.3800e-03,-0.0179687,0.0006975,4.9249
5.3900e-03,-0.00984375,0.00164094,4.93084
5.4000e-03,-0.0160938,0.00167375,4.89365
5.4100e-03,-0.0075,0.00220406,4.88865
5.4200e-03,-0.011875,0.00220438,4.90302
5.4300e-03,-0.0104688,0.00139219,4.89178
5.4400e-03,-0.0189062,0.00085,4.89334
5.4500e-03,-0.00078125,0.00110219,4.90271
5.4600e-03,-0.02,0.00150875,4.90865
5.4700e-03,-0.0165625,0.00159656,4.88552
5.4800e-03,-0.01,0.00104813,4.87552
5.4900e-03,-0.0101563,0.00252656,4.86334
5.5000e-03,-0.0159375,0.00225219,4.88365
5.5100e-03,-0.00015625,0.000721875,4.88302
5.5200e-03,-0.0114062,0.000616875,4.88896
5.5300e-03,-0.0151562,0.0011975,4.90115
5.5400e-03,-0.00703125,0.00153,4.89302
5.5500e-03,-0.0129688,0.000708125,4.88146
5.5600e-03,-0.0176563,0.00262094,4.89053
5.5700e-03,-0.0182812,0.00150469,4.87271
5.5800e-03,-0.0203125,0.000738125,4.88271
5.5900e-03,-0.0135937,0.00114688,4.91396
5.6000e-03,-0.01375,0.00081625,4.92146
5.6100e-03,-0.02125,0.00120563,4.88959
5.6200e-03,-0.013125,0.0009775,4.90896
5.6300e-03,-0.0117188,0.00117938,4.8949
5.6400e-03,-0.0125,0.00181469,4.88146
5.6500e-03,-0.00484375,0.00180719,4.88803
5.6600e-03,-0.0207813,0.00153875,4.88646
5.6700e-03,-0.0096875,0.000755625,4.89146
5.6800e-03,-0.015,0.000960313,4.90615
5.6900e-03,-0.0096875,0.000822188,4.91271
5.7000e-03,-0.0159375,0.00147938,4.87459
5.7100e-03,-0.0171875,0.00147406,4.87271
5.7200e-03,-0.0153125,0.00144125,4.87521
5.7300e-03,-0.0234375,0.00215125,4.89896
5.7400e-03,-0.0139063,0.00172563,4.87834
5.7500e-03,-0.0185937,0.00186625,4.91084
5.7600e-03,-0.0178125,0.00111313,4.92178
5.7700e-03,-0.02,0.00077,4.92521
5.7800e-03,-0.0160938,0.00131656,4.92084
5.7900e-03,-0.0157813,0.00145813,4.91584
5.8000e-03,-0.0198438,0.00205281,4.89459
5.8100e-03,-0.0146875,0.00164844,4.92365
5.8200e-03,-0.0184375,0.00136188,4.91021
5.8300e-03,-0.0203125,0.00107125,4.92303
5.8400e-03,-0.0289063,0.00153969,4.91521
5.8500e-03,-0.020625,0.00153406,4.90428
5.8600e-03,-0.0157813,0.00203594,4.87053
5.8700e-03,-0.0195312,0.00128,4.86802
5.8800e-03,-0.0296875,0.00248562,4.8749
5.8900e-03,-0.0167188,0.00222344,4.92303
5.9000e-03,-0.0251563,0.00154156,4.92615
5.9100e-03,-0.0214063,0.00222219,4.92771
5.9200e-03,-0.0229687,0.0013825,4.89865
5.9300e-03,-0.0225,0.00150281,4.86646
5.9400e-03,-0.0214063,0.0015475,4.86552
5.9500e-03,-0.024375,0.0018875,4.89709
5.9600e-03,-0.0332812,0.00182969,4.87615
5.9700e-03,-0.0235938,0.00156375,4.9224
5.9800e-03,-0.0190625,0.00137906,4.90459
5.9900e-03,-0.0109375,0.00161969,4.90521
6.0000e-03,-0.0210938,0.00141844,4.88365
6.0100e-03,-0.0160938,0.00158813,4.88396
6.0200e-03,-0.0251563,0.00199906,4.86771
6.0300e-03,-0.0360938,0.00261469,4.88959
6.0400e-03,-0.0190625,0.00184438,4.93271
6.0500e-03,-0.0110937,0.0009675,4.90021
6.0600e-03,-0.0251563,0.0010175,4.90803
6.0700e-03,-0.025625,0.00119219,4.92271
6.0800e-03,-0.0239063,0.0022525,4.90178
6.0900e-03,-0.02125,0.00159813,4.87646
6.1000e-03,-0.02625,0.00157594,4.88646
6.1100e-03,-0.0245313,0.00204875,4.90646
6.1200e-03,-0.0220313,0.00183781,4.89584
6.1300e-03,-0.0234375,0.00142125,4.90146
6.1400e-03,-0.03125,0.00165125,4.93459
6.1500e-03,-0.01375,0.00157594,4.89334
6.1600e-03,-0.0204688,0.00133406,4.88896
6.1700e-03,-0.021875,0.00148125,4.87896
6.1800e-03,-0.0132813,0.00217375,4.90896
6.1900e-03,-0.0146875,0.00169531,4.89365
6.2000e-03,-0.0170313,0.00230656,4.88803
6.2100e-03,-0.0190625,0.00127531,4.91553
6.2200e-03,-0.0184375,0.00103688,4.9074
6.2300e-03,-0.0279688,0.00170094,4.88459
6.2400e-03,-0.00921875,0.00139156,4.88271
6.2500e-03,-0.0410937,0.0018875,4.85396
6.2600e-03,-0.0253125,0.00178906,4.90553
6.2700e-03,-0.0265625,0.00209,4.89771
6.2800e-03,-0.025625,0.00122344,4.90677
6.2900e-03,-0.024375,0.000615313,4.9274
6.3000e-03,-0.0278125,0.000920625,4.90646
6.3100e-03,-0.020625,0.00138563,4.88584
6.3200e-03,-0.0245313,0.00145625,4.87615
6.3300e-03,-0.0129688,0.00197281,4.90584
6.3400e-03,-0.0315625,0.00122969,4.89146
6.3500e-03,-0.0128125,0.001505,4.91084
6.3600e-03,-0.0140625,0.00094,4.90459
6.3700e-03,-0.0235938,0.00133875,4.92303
6.3800e-03,-0.00875,0.00111188,4.89615
6.3900e-03,-0.0270312,0.00089125,4.89396
6.4000e-03,-0.0178125,0.002195,4.8824
6.4100e-03,-0.02125,0.00161906,4.89677
6.4200e-03,-0.0253125,0.00155906,4.89209
6.4300e-03,-0.0325,0.00188313,4.9174
6.4400e-03,-0.0221875,0.00172031,4.89365
6.4500e-03,-0.0217188,0.00144813,4.92052
6.4600e-03,-0.0292188,0.000303438,4.89146
6.4700e-03,-0.0320312,0.000412188,4.88365
6.4800e-03,-0.0290625,0.000996875,4.87584
6.4900e-03,-0.0229687,0.00113875,4.90084
6.5000e-03,-0.0398437,0.000909063,4.93771
6.5100e-03,-0.0304688,0.0015,4.90677
6.5200e-03,-0.0164063,0.00133219,4.88459
6.5300e-03,-0.03,0.00166625,4.8799
6.5400e-03,-0.0326562,0.000653438,4.87646
6.5500e-03,-0.0301563,0.00133,4.88709
6.5600e-03,-0.0201563,0.00160438,4.88334
6.5700e-03,-0.0257812,0.001795,4.91396
6.5800e-03,-0.015,0.00111969,4.90428
6.5900e-03,-0.0203125,0.001865,4.93584
6.6000e-03,-0.0340625,0.00160938,4.90365
6.6100e-03,-0.0260937,0.00129156,4.88927
6.6200e-03,-0.035,0.000999063,4.86396
6.6300e-03,-0.025625,0.000868125,4.87615
6.6400e-03,-0.0365625,0.0018725,4.87834
6.6500e-03,-0.03125,0.00180531,4.9124
6.6600e-03,-0.0325,0.00140281,4.91803
6.6700e-03,-0.0285938,0.00153219,4.91709
6.6800e-03,-0.03375,0.00181188,4.90365
6.6900e-03,-0.0103125,0.000974688,4.87334
6.7000e-03,-0.031875,0.00124781,4.87834
6.7100e-03,-0.0242188,0.00106406,4.89552
6.7200e-03,-0.03875,0.00201125,4.86459
6.7300e-03,-0.0342187,0.00199844,4.93709
6.7400e-03,-0.026875,0.00228531,4.92521
6.7500e-03,-0.0414063,0.0012,4.90709
6.7600e-03,-0.0203125,0.00181969,4.89365
6.7700e-03,-0.0273438,0.00130563,4.88177
6.7800e-03,-0.0195312,0.00063125,4.89271
6.7900e-03,-0.0242188,0.00124625,4.9099
6.8000e-03,-0.0273438,0.00176031,4.90677
6.8100e-03,-0.02125,0.00184219,4.9299
6.8200e-03,-0.0321875,0.00229437,4.91334
6.8300e-03,-0.0340625,0.00155594,4.87709
6.8400e-03,-0.02875,0.000522813,4.8874
6.8500e-03,-0.0265625,0.000324688,4.89146
6.8600e-03,-0.0132813,0.00127188,4.89302
6.8700e-03,-0.0370313,0.000926875,4.91334
6.8800e-03,-0.024375,0.00218656,4.90396
6.8900e-03,-0.0259375,0.00243688,4.9099
6.9000e-03,-0.028125,0.00232531,4.89709
6.9100e-03,-0.0334375,0.00135344,4.91052
6.9200e-03,-0.0260937,0.00157063,4.87646
6.9300e-03,-0.0315625,0.000892188,4.89459
6.9400e-03,-0.0260937,0.00132406,4.91021
6.9500e-03,-0.0307813,0.00155875,4.91334
6.9600e-03,-0.0221875,0.00149688,4.91553
6.9700e-03,-0.016875,0.00132375,4.91928
6.9800e-03,-0.0320312,0.0010475,4.89927
6.9900e-03,-0.036875,0.00112344,4.87646
7.0000e-03,-0.0314062,0.00128063,4.87334
7.0100e-03,-0.0290625,0.00127594,4.89896
7.0200e-03,-0.0164063,0.00153156,4.92459
7.0300e-03,-0.0359375,0.00105813,4.92771
7.0400e-03,-0.0195312,0.00127719,4.92365
7.0500e-03,-0.0314062,0.00138406,4.90271
7.0600e-03,-0.04125,0.00199156,4.89021
7.0700e-03,-0.035625,0.00203313,4.8849
7.0800e-03,-0.0204688,0.00206625,4.89615
7.0900e-03,-0.0326562,0.00122063,4.88271
7.1000e-03,-0.0257812,0.00172094,4.90646
7.1100e-03,-0.04125,0.00116875,4.92802
7.1200e-03,-0.0367188,0.00224656,4.89396
7.1300e-03,-0.038125,0.00175969,4.88834
7.1400e-03,-0.0282813,0.00175,4.88459
7.1500e-03,-0.0332812,0.00189875,4.87303
7.1600e-03,-0.0160938,0.00103063,4.87428
7.1700e-03,-0.0314062,0.00103906,4.91959
7.1800e-03,-0.0264062,0.00071875,4.9174
7.1900e-03,-0.0340625,0.00127281,4.9149
7.2000e-03,-0.0351562,0.00117938,4.93459
7.2100e-03,-0.0307813,0.0009425,4.9099
7.2200e-03,-0.0321875,0.00156063,4.8899
7.2300e-03,-0.034375,0.00172531,4.90084
7.2400e-03,-0.0229687,0.00117375,4.89334
7.2500e-03,-0.0248438,0.00114813,4.90584
7.2600e-03,-0.0234375,0.00217219,4.91803
7.2700e-03,-0.0317188,0.00181375,4.90959
7.2800e-03,-0.0370313,0.00187563,4.88959
7.2900e-03,-0.0228125,0.00208406,4.88021
7.3000e-03,-0.0298438,0.00265969,4.87709
7.3100e-03,-0.0371875,0.00166,4.86959
7.3200e-03,-0.0301563,0.00149031,4.87771
7.3300e-03,-0.0353125,0.00118656,4.92334
7.3400e-03,-0.048125,0.0015725,4.92677
7.3500e-03,-0.03875,0.00150406,4.90677
7.3600e-03,-0.0340625,0.00179719,4.90334
7.3700e-03,-0.0409375,0.00200906,4.89584
7.3800e-03,-0.0342187,0.00184,4.86802
7.3900e-03,-0.0426562,0.00175438,4.87803
7.4000e-03,-0.0325,0.0004925,4.8849
7.4100e-03,-0.02875,0.00146406,4.91709
7.4200e-03,-0.023125,0.000700625,4.93646
7.4300e-03,-0.0321875,0.00127344,4.9199
7.4400e-03,-0.0360938,0.00159969,4.88053
7.4500e-03,-0.024375,0.0021575,4.87552
7.4600e-03,-0.030625,0.00185781,4.88521
7.4700e-03,-0.0325,0.00138906,4.90302
7.4800e-03,-0.0246875,0.00156813,4.91928
7.4900e-03,-0.0204688,0.00197344,4.9124
7.5000e-03,-0.0232812,0.00151969,4.90428
7.5100e-03,-0.0335937,0.00161625,4.8899
7.5200e-03,-0.033125,0.00259063,4.91334
7.5300e-03,-0.0420312,0.00114375,4.91334
7.5400e-03,-0.0239063,0.00192281,4.9074
7.5500e-03,-0.0285938,0.002105,4.9249
7.5600e-03,-0.0357813,0.00143656,4.9024
7.5700e-03,-0.0273438,0.000866563,4.94115
7.5800e-03,-0.0242188,0.00153656,4.91365
7.5900e-03,-0.0373438,0.00168313,4.89709
7.6000e-03,-0.0329688,0.00186188,4.88678
7.6100e-03,-0.0370313,0.00182344,4.87209
7.6200e-03,-0.0303125,0.00189313,4.86802
7.6300e-03,-0.0389063,0.00130469,4.90209
7.6400e-03,-0.04125,0.000349063,4.92052
7.6500e-03,-0.0396875,0.00139,4.92615
7.6600e-03,-0.0440625,0.00179781,4.89615
7.6700e-03,-0.0289063,0.00170156,4.90677
7.6800e-03,-0.0340625,0.00150563,4.89615
7.6900e-03,-0.0325,0.002245,4.91928
7.7000e-03,-0.0339062,0.001665,4.88771
7.7100e-03,-0.03375,0.00134469,4.94396
7.7200e-03,-0.0279688,0.00135688,4.93303
7.7300e-03,-0.040625,0.00146719,4.8999
7.7400e-03,-0.0360938,0.00121781,4.8899
7.7500e-03,-0.0470312,0.0022075,4.87552
7.7600e-03,-0.0334375,0.00188188,4.88709
7.7700e-03,-0.0379688,0.00163625,4.87084
7.7800e-03,-0.0378125,0.00117844,4.91865
7.7900e-03,-0.028125,0.000980313,4.93678
7.8000e-03,-0.0360938,0.000996563,4.88678
7.8100e-03,-0.0360938,0.00124813,4.89834
7.8200e-03,-0.0425,0.0014475,4.90428
7.8300e-03,-0.0390625,0.00227281,4.87959
7.8400e-03,-0.035,0.00243406,4.89428
7.8500e-03,-0.03,0.00189625,4.88927
7.8600e-03,-0.0371875,0.00113031,4.90959
7.8700e-03,-0.0351562,0.000491875,4.89302
7.8800e-03,-0.0260937,0.0010425,4.8999
7.8900e-03,-0.038125,0.00188625,4.89115
7.9000e-03,-0.0320312,0.00163781,4.88678
7.9100e-03,-0.0295313,0.00192375,4.86865
7.9200e-03,-0.0414063,0.00256438,4.87428
7.9300e-03,-0.0314062,0.00203313,4.90334
7.9400e-03,-0.0414063,0.00123,4.91146
7.9500e-03,-0.04375,0.00121906,4.91553
7.9600e-03,-0.0340625,0.00160063,4.90896
7.9700e-03,-0.0359375,0.00115094,4.88803
7.9800e-03,-0.0296875,0.00227219,4.87115
7.9900e-03,-0.0367188,0.00235125,4.91115
8.0000e-03,-0.0409375,0.00230469,4.88084
8.0100e-03,-0.0309375,0.00143594,4.9024
8.0200e-03,-0.0384375,0.000970625,4.89927
8.0300e-03,-0.0414063,0.000929063,4.88302
8.0400e-03,-0.0353125,0.000759375,4.87834
8.0500e-03,-0.0384375,0.00118406,4.8799
8.0600e-03,-0.0332812,0.00254563,4.86303
8.0700e-03,-0.0339062,0.00288531,4.8699
8.0800e-03,-0.0370313,0.00203469,4.92396
8.0900e-03,-0.0396875,0.00189906,4.88709
8.1000e-03,-0.0321875,0.000959688,4.89959
8.1100e-03,-0.0457813,0.001655,4.90584
8.1200e-03,-0.036875,0.00155625,4.90084
8.1300e-03,-0.029375,0.00174656,4.88177
8.1400e-03,-0.0471875,0.00218156,4.88615
8.1500e-03,-0.0296875,0.00267875,4.87927
8.1600e-03,-0.0442188,0.00255969,4.8824
8.1700e-03,-0.0471875,0.00190594,4.93896
8.1800e-03,-0.03625,0.0003925,4.89709
8.1900e-03,-0.04875,0.000749688,4.90428
8.2000e-03,-0.024375,0.000871875,4.88021
8.2100e-03,-0.0303125,0.00132094,4.88584
8.2200e-03,-0.041875,0.00226125,4.86771
8.2300e-03,-0.024375,0.00281063,4.92771
8.2400e-03,-0.0378125,0.00297781,4.90178
8.2500e-03,-0.0409375,0.00168219,4.93271
8.2600e-03,-0.0371875,0.000189375,4.88302
8.2700e-03,-0.0332812,0.000569063,4.90428
8.2800e-03,-0.036875,0.000931875,4.88678
8.2900e-03,-0.0323438,0.00239719,4.87646
8.3000e-03,-0.0339062,0.0028375,4.8824
8.3100e-03,-0.0392187,0.00268031,4.90428
8.3200e-03,-0.0246875,0.00204375,4.90146
8.3300e-03,-0.0329688,0.001645,4.92646
8.3400e-03,-0.016875,0.000599375,4.89021
8.3500e-03,-0.03375,4.25e-05,4.88552
8.3600e-03,-0.0485938,0.00162281,4.89771
8.3700e-03,-0.0403125,0.00269438,4.89584
8.3800e-03,-0.035625,0.00280406,4.89803
8.3900e-03,-0.0435938,0.00241281,4.90271
8.4000e-03,-0.0235938,0.000495,4.92365
8.4100e-03,-0.03125,-0.00158656,4.87959
8.4200e-03,-0.0346875,-0.00289688,4.85459
8.4300e-03,-0.018125,-0.000246563,4.90302
8.4400e-03,-0.0290625,0.00312688,4.87459
8.4500e-03,-0.0385937,0.0063725,4.88771
8.4600e-03,-0.0354688,0.00737281,4.89803
8.4700e-03,-0.0404687,0.00534875,4.91553
8.4800e-03,-0.0417187,0.000653125,4.89302
8.4900e-03,-0.0364063,-0.00390781,4.89334
8.5000e-03,-0.0314062,-0.00450719,4.8974
8.5100e-03,-0.0339062,-0.00386406,4.89115
8.5200e-03,-0.0396875,0.000613438,4.8924
8.5300e-03,-0.0248438,0.00469781,4.87334
8.5400e-03,-0.0360938,0.00684406,4.89115
8.5500e-03,-0.0320312,0.00675094,4.91271
8.5600e-03,-0.0264062,0.003045,4.9249
8.5700e-03,-0.0342187,-0.000639688,4.90178
8.5800e-03,-0.0501562,-0.003295,4.87865
8.5900e-03,-0.0309375,-0.00236781,4.84896
8.6000e-03,-0.0432813,-0.000370938,4.87177
8.6100e-03,-0.0315625,0.00263531,4.91334
8.6200e-03,-0.02875,0.00470938,4.92084
8.6300e-03,-0.0332812,0.00411813,4.90584
8.6400e-03,-0.0364063,0.00227813,4.8949
8.6500e-03,-0.0359375,0.00053125,4.88428
8.6600e-03,-0.0482812,-0.00040875,4.90803
8.6700e-03,-0.0435938,0.000757813,4.91334
8.6800e-03,-0.0457813,0.00190094,4.89021
8.6900e-03,-0.035625,0.00144656,4.91803
8.7000e-03,-0.0404687,0.00306969,4.91302
8.7100e-03,-0.0379688,0.00229031,4.91459
8.7200e-03,-0.0389063,0.00103719,4.89896
8.7300e-03,-0.0398437,0.000661875,4.86709
8.7400e-03,-0.0392187,0.000100625,4.88084
8.7500e-03,-0.0382813,0.00174344,4.91646
8.7600e-03,-0.0351562,0.00255281,4.92646
8.7700e-03,-0.03625,0.00323063,4.92365
8.7800e-03,-0.0373438,0.0027025,4.92146
8.7900e-03,-0.0284375,0.00194969,4.8724
8.8000e-03,-0.0389063,0.00143594,4.87865
8.8100e-03,-0.0365625,0.000849688,4.86021
8.8200e-03,-0.0332812,0.00111875,4.88021
8.8300e-03,-0.0375,0.00129156,4.89803
8.8400e-03,-0.0360938,0.00190656,4.89302
8.8500e-03,-0.0414063,0.00218,4.92334
8.8600e-03,-0.0354688,0.00210594,4.90646
8.8700e-03,-0.0428125,0.00149781,4.88396
8.8800e-03,-0.0485938,0.00131,4.8849
8.8900e-03,-0.0440625,0.0004275,4.87365
8.9000e-03,-0.0475,0.000149063,4.87678
8.9100e-03,-0.0323438,0.001075,4.89615
8.9200e-03,-0.031875,0.00237906,4.91646
8.9300e-03,-0.0340625,0.00259125,4.90365
8.9400e-03,-0.033125,0.00223,4.90771
8.9500e-03,-0.0423437,0.00219031,4.88271
8.9600e-03,-0.0432813,0.00129031,4.88709
8.9700e-03,-0.0375,0.0009225,4.86959
8.9800e-03,-0.0375,0.000484688,4.88646
8.9900e-03,-0.0414063,0.00054,4.91865
9.0000e-03,-0.0439063,0.00173969,4.91084
9.0100e-03,-0.0310937,0.00164156,4.90459
9.0200e-03,-0.045625,0.00215656,4.90396
9.0300e-03,-0.0395313,0.00176531,4.88146
9.0400e-03,-0.0485938,0.00156594,4.87771
9.0500e-03,-0.038125,0.00163844,4.90553
9.0600e-03,-0.0471875,0.00185156,4.90146
9.0700e-03,-0.0332812,0.00216563,4.92427
9.0800e-03,-0.0445313,0.00198281,4.91021
9.0900e-03,-0.0545313,0.00270156,4.91553
9.1000e-03,-0.0240625,0.00214625,4.9149
9.1100e-03,-0.0478125,0.00203125,4.89178
9.1200e-03,-0.0451563,0.000735,4.88865
9.1300e-03,-0.0345312,0.00148969,4.89365
9.1400e-03,-0.0384375,0.00231094,4.92802
9.1500e-03,-0.0365625,0.00171719,4.92052
9.1600e-03,-0.0364063,0.00181906,4.89927
9.1700e-03,-0.0289063,0.00216687,4.89146
9.1800e-03,-0.03625,0.0015875,4.90053
9.1900e-03,-0.0353125,0.00185094,4.85553
9.2000e-03,-0.0359375,0.00106938,4.88678
9.2100e-03,-0.0307813,0.000994375,4.89615
9.2200e-03,-0.03875,0.00129438,4.91896
9.2300e-03,-0.040625,0.00152656,4.91365
9.2400e-03,-0.0426562,0.00169813,4.89927
9.2500e-03,-0.0370313,0.00219875,4.87678
9.2600e-03,-0.043125,0.00161688,4.89084
9.2700e-03,-0.0303125,0.00130938,4.87552
9.2800e-03,-0.036875,0.000942188,4.88959
9.2900e-03,-0.0504687,0.00104906,4.90021
9.3000e-03,-0.0484375,0.00119094,4.91896
9.3100e-03,-0.0375,0.00140094,4.8899
9.3200e-03,-0.044375,0.00167281,4.88584
9.3300e-03,-0.0415625,0.00159188,4.87927
9.3400e-03,-0.0364063,0.00204781,4.88709
9.3500e-03,-0.0325,0.00102938,4.90396
9.3600e-03,-0.0354688,0.00118438,4.90428
9.3700e-03,-0.0421875,0.00091125,4.92021
9.3800e-03,-0.0517188,0.00123031,4.93521
9.3900e-03,-0.0407813,0.00146156,4.87834
9.4000e-03,-0.043125,0.001945,4.89084
9.4100e-03,-0.036875,0.00234281,4.89053
9.4200e-03,-0.0445313,0.00211625,4.89459
9.4300e-03,-0.0367188,0.00252438,4.8899
9.4400e-03,-0.0364063,0.0016025,4.91271
9.4500e-03,-0.0376563,0.00125156,4.91865
9.4600e-03,-0.0373438,0.00175656,4.89771
9.4700e-03,-0.0475,0.00128594,4.87271
9.4800e-03,-0.0414063,0.00217375,4.88896
9.4900e-03,-0.0251563,0.00158906,4.87584
9.5000e-03,-0.0439063,0.0020225,4.87771
9.5100e-03,-0.0403125,0.00129688,4.87771
9.5200e-03,-0.0429688,0.000915625,4.9324
9.5300e-03,-0.0426562,0.00145906,4.88709
9.5400e-03,-0.0415625,0.00161375,4.90553
9.5500e-03,-0.0421875,0.00205625,4.90396
9.5600e-03,-0.04,0.00198938,4.8849
9.5700e-03,-0.0409375,0.00181844,4.88959
9.5800e-03,-0.045,0.00173469,4.87834
9.5900e-03,-0.0398437,0.00131188,4.89646
9.6000e-03,-0.04,0.00100781,4.9149
9.6100e-03,-0.0479688,0.00154813,4.91646
9.6200e-03,-0.0389063,0.00119156,4.88615
9.6300e-03,-0.0459375,0.00183844,4.8799
9.6400e-03,-0.030625,0.00263969,4.88428
9.6500e-03,-0.0417187,0.00176281,4.89552
9.6600e-03,-0.0451563,0.001535,4.89115
9.6700e-03,-0.0292188,0.00104656,4.92021
9.6800e-03,-0.0421875,0.00180844,4.90271
9.6900e-03,-0.038125,0.00133031,4.91209
9.7000e-03,-0.0414063,0.00235563,4.88021
9.7100e-03,-0.0315625,0.001895,4.86396
9.7200e-03,-0.0345312,0.00114906,4.8574
9.7300e-03,-0.0354688,0.00103281,4.86459
9.7400e-03,-0.0398437,0.00119188,4.88803
9.7500e-03,-0.0267187,0.00198625,4.92084
9.7600e-03,-0.0342187,0.0014125,4.90771
9.7700e-03,-0.0371875,0.00201594,4.87709
9.7800e-03,-0.049375,0.0013725,4.89209
9.7900e-03,-0.0426562,0.00185031,4.87271
9.8000e-03,-0.0432813,0.00137,4.89021
9.8100e-03,-0.0398437,0.00125625,4.89302
9.8200e-03,-0.0325,0.00186188,4.90615
9.8300e-03,-0.0290625,0.000856875,4.91115
9.8400e-03,-0.0359375,0.00125313,4.91146
9.8500e-03,-0.0390625,0.00207062,4.89021
9.8600e-03,-0.0370313,0.00261719,4.87584
9.8700e-03,-0.0415625,0.00184219,4.8849
9.8800e-03,-0.0425,0.0019875,4.90021
9.8900e-03,-0.0325,0.00198594,4.90365
9.9000e-03,-0.0532813,0.00241906,4.90677
9.9100e-03,-0.035,0.00150188,4.91146
9.9200e-03,-0.04625,0.00212563,4.90584
9.9300e-03,-0.046875,0.00167844,4.88896
9.9400e-03,-0.0328125,0.00227125,4.86427
9.9500e-03,-0.0464062,0.00191219,4.90615
9.9600e-03,-0.0403125,0.00169219,4.9024
9.9700e-03,-0.0459375,0.0008525,4.88803
9.9800e-03,-0.0429688,0.00081125,4.92834
9.9900e-03,-0.0335937,0.00193531,4.89428
1.0000e-02,-0.0360938,0.00154125,4.89084
1.0010e-02,-0.0417187,0.00108313,4.88396
1.0020e-02,-0.0484375,0.00177156,4.8649
1.0030e-02,-0.033125,0.00182063,4.88459
1.0040e-02,-0.0409375,0.00110625,4.87771
1.0050e-02,-0.0440625,0.00162813,4.92178
1.0060e-02,-0.0457813,0.00175156,4.90553
1.0070e-02,-0.0360938,0.00162063,4.91584
1.0080e-02,-0.0382813,0.00190781,4.87646
1.0090e-02,-0.0359375,0.00182813,4.89271
1.0100e-02,-0.03875,0.00184125,4.88396
1.0110e-02,-0.0398437,0.00207938,4.89865
1.0120e-02,-0.0398437,0.001265,4.9274
1.0130e-02,-0.0501562,0.00180281,4.91709
1.0140e-02,-0.04125,0.00152156,4.9074
1.0150e-02,-0.0460938,0.00200938,4.8724
1.0160e-02,-0.0410937,0.00107781,4.86896
1.0170e-02,-0.0548437,0.00121188,4.86303
1.0180e-02,-0.0323438,0.00190438,4.88927
1.0190e-02,-0.0415625,0.00157531,4.90553
1.0200e-02,-0.0378125,0.00200656,4.89021
1.0210e-02,-0.03375,0.00147531,4.91146
1.0220e-02,-0.059375,0.0017125,4.88615
1.0230e-02,-0.0317188,0.00191063,4.90615
1.0240e-02,-0.0407813,0.000929063,4.8699
1.0250e-02,-0.0410937,0.00189375,4.88959
1.0260e-02,-0.0501562,0.00117031,4.91646
1.0270e-02,-0.0334375,0.00214531,4.90928
1.0280e-02,-0.040625,0.00068375,4.90459
1.0290e-02,-0.0529687,0.00129125,4.88334
1.0300e-02,-0.0345312,0.00195281,4.89209
1.0310e-02,-0.0392187,0.00229813,4.87615
1.0320e-02,-0.0382813,0.00238438,4.87615
1.0330e-02,-0.030625,0.00211063,4.87927
1.0340e-02,-0.0404687,0.00168438,4.91865
1.0350e-02,-0.0459375,0.00233563,4.9324
1.0360e-02,-0.0320312,0.00126344,4.92396
1.0370e-02,-0.0520313,0.00158719,4.8949
1.0380e-02,-0.0448438,0.00118938,4.87646
1.0390e-02,-0.0471875,0.000850938,4.91584
1.0400e-02,-0.050625,0.00107313,4.88552
1.0410e-02,-0.0520313,0.00183063,4.91334
1.0420e-02,-0.0401563,0.00139594,4.91271
1.0430e-02,-0.040625,0.00153063,4.89428
1.0440e-02,-0.039375,0.00155875,4.90803
1.0450e-02,-0.038125,0.00123656,4.85928
1.0460e-02,-0.0303125,0.00152281,4.88459
1.0470e-02,-0.0384375,0.00171969,4.89146
1.0480e-02,-0.0440625,0.00146844,4.87177
1.0490e-02,-0.0432813,0.00148781,4.92271
1.0500e-02,-0.04,0.00141656,4.88459
1.0510e-02,-0.0290625,0.0011975,4.89271
1.0520e-02,-0.0359375,0.000985625,4.91178
1.0530e-02,-0.03,0.00165531,4.89803
1.0540e-02,-0.04,0.00189031,4.86115
1.0550e-02,-0.0526563,0.00167125,4.90803
1.0560e-02,-0.0425,0.00218281,4.89521
1.0570e-02,-0.0421875,0.00238031,4.91771
1.0580e-02,-0.0378125,0.00206563,4.89302
1.0590e-02,-0.0409375,0.00133219,4.90709
1.0600e-02,-0.0451563,0.00131938,4.88803
1.0610e-02,-0.038125,0.00117813,4.89271
1.0620e-02,-0.0382813,0.00163906,4.8874
1.0630e-02,-0.0370313,0.00165531,4.85928
1.0640e-02,-0.0367188,0.00172563,4.92271
1.0650e-02,-0.04125,0.00153313,4.89803
1.0660e-02,-0.0467188,0.00124906,4.89677
1.0670e-02,-0.041875,0.00222469,4.90834
1.0680e-02,-0.045625,0.000315938,4.88646
1.0690e-02,-0.048125,0.00197313,4.87084
1.0700e-02,-0.0340625,0.00176281,4.89365
1.0710e-02,-0.0498438,0.00264031,4.89584
1.0720e-02,-0.0470312,0.00202781,4.8999
1.0730e-02,-0.0528125,0.00161625,4.92271
1.0740e-02,-0.0425,0.00193969,4.8874
1.0750e-02,-0.0257812,0.00191625,4.90584
1.0760e-02,-0.0398437,0.00124844,4.89302
1.0770e-02,-0.0517188,0.00185531,4.86053
1.0780e-02,-0.0335937,0.0015125,4.87334
1.0790e-02,-0.0345312,0.00162094,4.88552
1.0800e-02,-0.03375,0.00148313,4.93427
1.0810e-02,-0.0398437,0.00225688,4.91646
1.0820e-02,-0.0460938,0.00192188,4.90865
1.0830e-02,-0.0417187,0.00223156,4.89271
1.0840e-02,-0.0448438,0.00209875,4.8874
1.0850e-02,-0.050625,0.00160125,4.88584
1.0860e-02,-0.0428125,0.000982813,4.88053
1.0870e-02,-0.0515625,0.000867813,4.89771
1.0880e-02,-0.0414063,0.00154406,4.91584
1.0890e-02,-0.0376563,0.00143469,4.91553
1.0900e-02,-0.0415625,0.00151469,4.89084
1.0910e-02,-0.0340625,0.00168156,4.87803
1.0920e-02,-0.0354688,0.000943438,4.8974
1.0930e-02,-0.0307813,0.00156969,4.88959
1.0940e-02,-0.0490625,0.00150375,4.89115
1.0950e-02,-0.0389063,0.00131688,4.89584
1.0960e-02,-0.0521875,0.00153094,4.92521
1.0970e-02,-0.0464062,0.0023025,4.91209
1.0980e-02,-0.0509375,0.0016975,4.87709
1.0990e-02,-0.0446875,0.00119563,4.88678
1.1000e-02,-0.046875,0.00138781,4.88615
1.1010e-02,-0.0348437,0.00146813,4.89178
1.1020e-02,-0.04875,0.00166594,4.92865
1.1030e-02,-0.0465625,0.001745,4.93521
1.1040e-02,-0.0365625,0.00161594,4.90428
1.1050e-02,-0.0529687,0.00123875,4.91834
1.1060e-02,-0.0396875,0.001585,4.88209
1.1070e-02,-0.0409375,0.00119813,4.91459
1.1080e-02,-0.03125,0.00131125,4.91553
1.1090e-02,-0.041875,0.00131656,4.87803
1.1100e-02,-0.0470312,0.00259906,4.91021
1.1110e-02,-0.0509375,0.00277188,4.90615
1.1120e-02,-0.0276563,0.00138813,4.93209
1.1130e-02,-0.041875,0.00244438,4.90271
1.1140e-02,-0.049375,0.00129781,4.89146
1.1150e-02,-0.0353125,0.00126781,4.89959
1.1160e-02,-0.0365625,0.00129719,4.90209
1.1170e-02,-0.0403125,0.001865,4.88834
1.1180e-02,-0.0382813,0.00161188,4.90459
1.1190e-02,-0.0364063,0.00128875,4.92427
1.1200e-02,-0.0457813,0.00140313,4.92459
1.1210e-02,-0.04,0.00215,4.90459
1.1220e-02,-0.0454688,0.00232875,4.88459
1.1230e-02,-0.0371875,0.00184844,4.87552
1.1240e-02,-0.0446875,0.00193188,4.90865
1.1250e-02,-0.0409375,0.00136125,4.88927
1.1260e-02,-0.0425,0.00100906,4.92427
1.1270e-02,-0.029375,0.00143,4.9049
1.1280e-02,-0.04,0.001235,4.92021
1.1290e-02,-0.0404687,0.00164813,4.89178
1.1300e-02,-0.0503125,0.000215938,4.87521
1.1310e-02,-0.0357813,0.00192594,4.89552
1.1320e-02,-0.0339062,0.00128844,4.92115
1.1330e-02,-0.0396875,0.00160344,4.92709
1.1340e-02,-0.03625,0.00114625,4.90428
1.1350e-02,-0.05125,0.00170063,4.88678
1.1360e-02,-0.0526563,0.00139688,4.88771
1.1370e-02,-0.0379688,0.00180406,4.87709
1.1380e-02,-0.0429688,0.00207344,4.87552
1.1390e-02,-0.0335937,0.00147031,4.88803
1.1400e-02,-0.03125,0.00209969,4.8999
1.1410e-02,-0.0432813,0.00229531,4.90459
1.1420e-02,-0.0523437,0.00213625,4.91928
1.1430e-02,-0.0446875,0.00212531,4.90115
1.1440e-02,-0.0409375,0.00277625,4.90959
1.1450e-02,-0.0429688,0.00163125,4.86209
1.1460e-02,-0.0421875,0.00179781,4.87959
1.1470e-02,-0.04125,0.00207156,4.89459
1.1480e-02,-0.033125,0.00184969,4.92615
1.1490e-02,-0.0434375,0.001895,4.91928
1.1500e-02,-0.0426562,0.00148281,4.92896
1.1510e-02,-0.04625,0.00197,4.90209
1.1520e-02,-0.0410937,0.00210281,4.90053
1.1530e-02,-0.0459375,0.00134188,4.86177
1.1540e-02,-0.043125,0.00188406,4.8824
1.1550e-02,-0.0421875,0.00139563,4.88927
1.1560e-02,-0.0465625,0.0011075,4.91334
1.1570e-02,-0.0442188,0.00153906,4.92365
1.1580e-02,-0.039375,0.00250969,4.91302
1.1590e-02,-0.0401563,0.00246125,4.88459
1.1600e-02,-0.0482812,0.00194938,4.89271
1.1610e-02,-0.04875,0.00206281,4.89521
1.1620e-02,-0.0503125,0.00161906,4.85802
1.1630e-02,-0.0467188,0.00150781,4.91928
1.1640e-02,-0.0475,0.00153969,4.89834
1.1650e-02,-0.0478125,0.00195188,4.91928
1.1660e-02,-0.0314062,0.00130219,4.89084
1.1670e-02,-0.049375,0.0018575,4.8724
1.1680e-02,-0.0485938,0.00146625,4.85834
1.1690e-02,-0.0470312,0.00133469,4.89709
1.1700e-02,-0.0501562,0.00133375,4.88709
1.1710e-02,-0.0423437,0.000948125,4.92271
1.1720e-02,-0.0464062,0.00145719,4.89865
1.1730e-02,-0.038125,0.00212625,4.89521
1.1740e-02,-0.0321875,0.00151594,4.89365
1.1750e-02,-0.0492188,0.00175281,4.85177
1.1760e-02,-0.0398437,0.0014775,4.90865
1.1770e-02,-0.0432813,0.00157375,4.90021
1.1780e-02,-0.0417187,0.00105406,4.93521
1.1790e-02,-0.0407813,0.00149313,4.90521
1.1800e-02,-0.0496875,0.00147625,4.91084
1.1810e-02,-0.0492188,0.00189844,4.89302
1.1820e-02,-0.0496875,0.00181188,4.86209
1.1830e-02,-0.03875,0.00168375,4.86802
1.1840e-02,-0.0471875,0.00227,4.88896
1.1850e-02,-0.0451563,0.0011275,4.88803
1.1860e-02,-0.05125,0.00182063,4.92052
1.1870e-02,-0.0448438,0.00181031,4.92334
1.1880e-02,-0.0565625,0.00172375,4.89959
1.1890e-02,-0.049375,0.00174,4.90584
1.1900e-02,-0.0298438,0.00180969,4.87959
1.1910e-02,-0.04125,0.00255469,4.87365
1.1920e-02,-0.0367188,0.00227312,4.86896
1.1930e-02,-0.0464062,0.00144094,4.8999
1.1940e-02,-0.0378125,0.00156531,4.91896
1.1950e-02,-0.0321875,0.0018875,4.92271
1.1960e-02,-0.0354688,0.00191875,4.90271
1.1970e-02,-0.0314062,0.00157344,4.8624
1.1980e-02,-0.045,0.00178938,4.88834
1.1990e-02,-0.0389063,0.00175656,4.85021
1.2000e-02,-0.0451563,0.00240094,4.91646
1.2010e-02,-0.0434375,0.00194125,4.90896
1.2020e-02,-0.0564063,0.000879375,4.91646
1.2030e-02,-0.04125,0.00137406,4.90615
1.2040e-02,-0.0342187,0.00171969,4.89334
1.2050e-02,-0.0445313,0.00159406,4.8799
1.2060e-02,-0.0465625,0.00126406,4.89053
1.2070e-02,-0.0360938,0.00170125,4.8824
1.2080e-02,-0.05,0.000947813,4.90178
1.2090e-02,-0.0360938,0.00135156,4.91084
1.2100e-02,-0.0342187,0.00123719,4.88896
1.2110e-02,-0.0417187,0.00185656,4.89615
1.2120e-02,-0.04875,0.001965,4.85553
1.2130e-02,-0.0364063,0.0010825,4.87053
1.2140e-02,-0.0401563,0.00190031,4.8599
1.2150e-02,-0.0390625,0.00116156,4.90053
1.2160e-02,-0.050625,0.00142906,4.90365
1.2170e-02,-0.0453125,0.00142594,4.9249
1.2180e-02,-0.0454688,0.00156563,4.90709
1.2190e-02,-0.0378125,0.00113719,4.9049
1.2200e-02,-0.050625,0.00120031,4.87709
1.2210e-02,-0.0432813,0.00137281,4.91427
1.2220e-02,-0.041875,0.00156688,4.88646
1.2230e-02,-0.0446875,0.001775,4.90271
1.2240e-02,-0.03875,0.00122625,4.90365
1.2250e-02,-0.0317188,0.00134188,4.93678
1.2260e-02,-0.0510938,0.000758438,4.90928
1.2270e-02,-0.0442188,0.00117969,4.88428
1.2280e-02,-0.0442188,0.00159375,4.87521
1.2290e-02,-0.0346875,0.00162406,4.8849
1.2300e-02,-0.0523437,0.00266594,4.88678
1.2310e-02,-0.0379688,0.00198375,4.92865
1.2320e-02,-0.0545313,0.00182031,4.89865
1.2330e-02,-0.0517188,0.00127594,4.89896
1.2340e-02,-0.0421875,0.0014975,4.91334
1.2350e-02,-0.0345312,0.00162813,4.89959
1.2360e-02,-0.0473438,0.00190875,4.88302
1.2370e-02,-0.0420312,0.00250531,4.88084
1.2380e-02,-0.045,0.00203906,4.9024
1.2390e-02,-0.05375,0.00154781,4.92021
1.2400e-02,-0.05375,0.00147188,4.92459
1.2410e-02,-0.056875,0.00159813,4.9224
1.2420e-02,-0.0429688,0.00145906,4.92396
1.2430e-02,-0.0476562,0.00150063,4.87803
1.2440e-02,-0.0501562,0.00146719,4.89396
1.2450e-02,-0.0573437,0.0015625,4.8924
1.2460e-02,-0.0454688,0.00145656,4.8949
1.2470e-02,-0.0439063,0.00151156,4.93084
1.2480e-02,-0.930469,0.000246875,4.87803
1.2490e-02,-0.0065625,-0.00185313,4.89302
1.2500e-02,0.953125,-0.00339469,4.89771
1.2510e-02,1.83531,-0.00383063,4.89677
1.2520e-02,0.465,-0.00385281,4.89178
1.2530e-02,0.1225,-0.00403031,4.89302
1.2540e-02,0.0935938,-0.00389938,4.87334
1.2550e-02,0.0792188,-0.003885,4.93396
1.2560e-02,0.081875,-0.00385188,4.92052
1.2570e-02,0.0798438,-0.00396813,4.91959
1.2580e-02,0.0534375,-0.00400813,4.89115
1.2590e-02,0.05625,-0.00394313,4.87209
1.2600e-02,0.0634375,-0.00382344,4.89803
1.2610e-02,0.0590625,-0.00385594,4.91896
1.2620e-02,0.0425,-0.00374156,4.93209
1.2630e-02,0.0539063,-0.00392281,4.93365
1.2640e-02,0.0359375,-0.00388281,4.91677
1.2650e-02,0.0215625,-0.00392094,4.89271
1.2660e-02,0.0390625,-0.00383781,4.88396
1.2670e-02,0.03125,-0.00367375,4.90021
1.2680e-02,0.030625,-0.00383719,4.89584
1.2690e-02,0.0296875,-0.00371219,4.93178
1.2700e-02,0.0178125,-0.00389344,4.91178
1.2710e-02,0.0329688,-0.00366656,4.93365
1.2720e-02,0.0201562,-0.00378469,4.9099
1.2730e-02,0.0253125,-0.00346875,4.88396
1.2740e-02,0.035,-0.00158781,4.87959
1.2750e-02,0.0159375,-0.00125563,4.89271
1.2760e-02,0.0154687,-0.000380625,4.92084
1.2770e-02,0.00984375,0.00121313,4.8974
1.2780e-02,0.0157813,0.00241906,4.92334
1.2790e-02,0.0096875,0.00266094,4.90396
1.2800e-02,0.0229687,0.00248313,4.88959
1.2810e-02,0.00984375,0.00175594,4.87396
1.2820e-02,0.005,0.0002125,4.89927
1.2830e-02,0.0071875,0.00116938,4.90209
1.2840e-02,0.0075,0.00127781,4.90459
1.2850e-02,0.0154687,0.0020175,4.91084
1.2860e-02,0.014375,0.00228938,4.89615
1.2870e-02,0.0167188,0.00332125,4.89771
1.2880e-02,0.010625,0.00213656,4.86552
1.2890e-02,0.00578125,0.00138969,4.86928
1.2900e-02,0.011875,0.000930938,4.86896
1.2910e-02,0.0078125,-0.000134688,4.90928
1.2920e-02,0.00421875,0.0002775,4.89615
1.2930e-02,0.00015625,0.000889063,4.91084
1.2940e-02,0.00171875,0.00189531,4.89865
1.2950e-02,0.0065625,0.00209438,4.87709
1.2960e-02,0.00890625,0.0019225,4.90615
1.2970e-02,0.00375,0.000996875,4.86615
1.2980e-02,-0.00875,0.000319063,4.88521
1.2990e-02,0.00046875,0.000390938,4.92084
1.3000e-02,0.00703125,0.00111188,4.93553
1.3010e-02,-0.0090625,0.00247281,4.90115
1.3020e-02,-0.00953125,0.00212719,4.86865
1.3030e-02,-0.00375,0.001775,4.87428
1.3040e-02,-0.0075,0.00193219,4.85584
1.3050e-02,-0.00125,0.00112625,4.88521
1.3060e-02,-0.0053125,0.000101563,4.89209
1.3070e-02,0.00375,0.000540938,4.92677
1.3080e-02,-0.0096875,0.00148438,4.92303
1.3090e-02,0.00296875,0.00233,4.89084
1.3100e-02,-0.0107813,0.00220563,4.87428
1.3110e-02,-0.0148437,0.00272625,4.87053
1.3120e-02,0.00625,0.00141625,4.87021
1.3130e-02,-0.00390625,0.000390938,4.87084
1.3140e-02,-0.0101563,0.000245,4.90615
1.3150e-02,-0.0125,0.00102094,4.91865
1.3160e-02,0.000625,0.00155031,4.90178
1.3170e-02,-0.0110937,0.0014725,4.90209
1.3180e-02,-0.0034375,0.00259469,4.88771
1.3190e-02,-0.010625,0.00222,4.88834
1.3200e-02,-0.0173438,0.00176563,4.8549
1.3210e-02,-0.0201563,0.00059625,4.90053
1.3220e-02,-0.0096875,0.0009225,4.91615
1.3230e-02,0.0009375,0.000701875,4.93209
1.3240e-02,-0.00296875,0.00142969,4.90459
1.3250e-02,-0.0159375,0.001935,4.88396
1.3260e-02,-0.008125,0.0013475,4.86865
1.3270e-02,-0.0129688,0.00166625,4.87552
1.3280e-02,-0.00328125,0.00131125,4.8999
1.3290e-02,0.00125,0.00104719,4.92771
1.3300e-02,-0.0114062,0.00133219,4.9149
1.3310e-02,-0.00921875,0.000992188,4.89584
1.3320e-02,-0.0184375,0.00154781,4.90271
1.3330e-02,-0.0157813,0.00219406,4.8874
1.3340e-02,-0.0103125,0.00275313,4.89146
1.3350e-02,-0.0078125,0.00207844,4.89584
1.3360e-02,-0.0123438,0.00206094,4.89834
1.3370e-02,-0.005,0.00148313,4.89084
1.3380e-02,-0.0107813,0.00089375,4.92365
1.3390e-02,-0.00828125,0.00124938,4.89084
1.3400e-02,-0.0128125,0.00152313,4.89677
1.3410e-02,-0.00140625,0.0020275,4.87115
1.3420e-02,-0.00703125,0.00256,4.88115
1.3430e-02,-0.0189062,0.00208,4.87927
1.3440e-02,-0.00671875,0.0020425,4.91427
1.3450e-02,-0.0132813,0.00158531,4.8874
1.3460e-02,-0.0139063,0.00078875,4.9324
1.3470e-02,-0.00859375,0.00116875,4.89615
1.3480e-02,-0.015,0.00137156,4.88177
1.3490e-02,-0.008125,0.00134375,4.87959
1.3500e-02,-0.00953125,0.00153938,4.88834
1.3510e-02,-0.0075,0.00164063,4.8774
1.3520e-02,-0.0132813,0.00172188,4.88865
1.3530e-02,-0.0126563,0.00128125,4.91615
1.3540e-02,-0.0129688,0.00143969,4.91365
1.3550e-02,-0.0121875,0.00183656,4.88521
1.3560e-02,-0.0096875,0.00188938,4.86615
1.3570e-02,-0.0189062,0.00171625,4.86365
1.3580e-02,-0.015625,0.00194344,4.91146
1.3590e-02,-0.0125,0.001715,4.89927
1.3600e-02,-0.0125,0.00124594,4.89709
1.3610e-02,-0.016875,0.00097125,4.92052
1.3620e-02,-0.0167188,0.00152781,4.90365
1.3630e-02,-0.0117188,0.00256625,4.89053
1.3640e-02,-0.0240625,0.0019075,4.88021
1.3650e-02,-0.00890625,0.00238594,4.87803
1.3660e-02,-0.00625,0.00232281,4.88615
1.3670e-02,-0.0142188,0.00158406,4.89552
1.3680e-02,-0.015,0.00159188,4.9399
1.3690e-02,-0.0242188,0.00114188,4.9174
1.3700e-02,-0.0184375,0.00162594,4.8799
1.3710e-02,-0.0128125,0.00143,4.85615
1.3720e-02,-0.015625,0.00173406,4.85521
1.3730e-02,-0.013125,0.00157063,4.90334
1.3740e-02,-0.0210938,0.00169625,4.8874
1.3750e-02,-0.015625,0.00215375,4.92677
1.3760e-02,-0.0201563,0.00142563,4.90709
1.3770e-02,-0.0164063,0.00146031,4.89396
1.3780e-02,-0.0190625,0.00140469,4.88302
1.3790e-02,-0.0176563,0.00128188,4.87615
1.3800e-02,-0.011875,0.00144281,4.90146
1.3810e-02,-0.0314062,0.0016875,4.89927
1.3820e-02,-0.0239063,0.00158875,4.89896
1.3830e-02,-0.026875,0.00124781,4.92209
1.3840e-02,-0.00359375,0.00119969,4.92052
1.3850e-02,-0.0173438,0.0011125,4.8924
1.3860e-02,-0.00703125,0.00165531,4.86896
1.3870e-02,-0.026875,0.00213344,4.8899
1.3880e-02,-0.013125,0.00174406,4.8874
1.3890e-02,-0.0196875,0.00215969,4.8949
1.3900e-02,-0.0203125,0.00165125,4.90896
1.3910e-02,-0.028125,0.000630625,4.90677
1.3920e-02,-0.02125,0.000765625,4.89865
1.3930e-02,-0.0257812,0.001835,4.86896
1.3940e-02,-0.0229687,0.00164844,4.88302
1.3950e-02,-0.0184375,0.00177344,4.86427
1.3960e-02,-0.0142188,0.00192906,4.87334
1.3970e-02,-0.0170313,0.00200531,4.90021
1.3980e-02,-0.0240625,0.00119781,4.89428
1.3990e-02,-0.0165625,0.00146,4.91209
1.4000e-02,-0.0226562,0.00130625,4.88646
1.4010e-02,-0.019375,0.00151625,4.87459
1.4020e-02,-0.0210938,0.00180219,4.88271
1.4030e-02,-0.0217188,0.00256094,4.86115
1.4040e-02,-0.0184375,0.00212781,4.91021
1.4050e-02,-0.025625,0.0024825,4.92178
1.4060e-02,-0.020625,0.0009725,4.9149
1.4070e-02,-0.019375,0.00181625,4.89803
1.4080e-02,-0.028125,0.000966875,4.86928
1.4090e-02,-0.0223437,0.00127875,4.86459
1.4100e-02,-0.0265625,0.00162375,4.86834
1.4110e-02,-0.0201563,0.00172688,4.90365
1.4120e-02,-0.0167188,0.00157188,4.91115
1.4130e-02,-0.0225,0.00163313,4.91521
1.4140e-02,-0.0167188,0.00140406,4.91646
1.4150e-02,-0.0189062,0.000912813,4.89021
1.4160e-02,-0.0345312,0.00143844,4.89365
1.4170e-02,-0.0090625,0.00093125,4.88803
1.4180e-02,-0.0292188,0.00177156,4.8724
1.4190e-02,-0.0320312,0.00161344,4.88896
1.4200e-02,-0.0235938,0.00136969,4.89771
1.4210e-02,-0.0129688,0.00086,4.90115
1.4220e-02,-0.0307813,0.000959375,4.89396
1.4230e-02,-0.0223437,0.00120469,4.88521
1.4240e-02,-0.025,0.000644688,4.88209
1.4250e-02,-0.0259375,0.0007825,4.86896
1.4260e-02,-0.0289063,0.00198844,4.88334
1.4270e-02,-0.0340625,0.00261531,4.91584
1.4280e-02,-0.0251563,0.00197531,4.93115
1.4290e-02,-0.02375,0.00167594,4.90178
1.4300e-02,-0.0253125,0.001955,4.91928
1.4310e-02,-0.0275,0.00134031,4.91084
1.4320e-02,-0.020625,0.000855,4.85709
1.4330e-02,-0.0326562,0.00205656,4.86834
1.4340e-02,-0.025625,0.00211406,4.90834
1.4350e-02,-0.0264062,0.0032625,4.90584
1.4360e-02,-0.0296875,0.00239406,4.89428
1.4370e-02,-0.0160938,0.00194,4.90959
1.4380e-02,-0.033125,0.00146281,4.87146
1.4390e-02,-0.0246875,0.000994375,4.88927
1.4400e-02,-0.0254688,0.00136375,4.88615
1.4410e-02,-0.0301563,0.000905,4.89584
1.4420e-02,-0.0232812,0.00167594,4.90771
1.4430e-02,-0.0326562,0.000934063,4.93052
1.4440e-02,-0.0223437,0.00107406,4.90615
1.4450e-02,-0.0134375,0.00111875,4.90365
1.4460e-02,-0.0192187,0.000480313,4.88803
1.4470e-02,-0.0207813,0.00116406,4.88146
1.4480e-02,-0.0145312,0.00152406,4.88615
1.4490e-02,-0.0253125,0.00116125,4.91178
1.4500e-02,-0.035625,0.00214906,4.91959
1.4510e-02,-0.0242188,0.00213906,4.90178
1.4520e-02,-0.023125,0.00124906,4.92896
1.4530e-02,-0.0321875,0.00127813,4.88271
1.4540e-02,-0.0295313,0.00100188,4.87646
1.4550e-02,-0.0225,0.00106688,4.87927
1.4560e-02,-0.0276563,0.00122688,4.91271
1.4570e-02,-0.029375,0.00110688,4.89927
1.4580e-02,-0.024375,0.00262219,4.91115
1.4590e-02,-0.0198438,0.00206844,4.91302
1.4600e-02,-0.01625,0.00203937,4.9199
1.4610e-02,-0.0257812,0.00169594,4.90928
1.4620e-02,-0.0239063,0.00184063,4.89771
1.4630e-02,-0.035,0.00163656,4.85865
1.4640e-02,-0.023125,0.00193375,4.90521
1.4650e-02,-0.0257812,0.00199469,4.89865
1.4660e-02,-0.0410937,0.00171688,4.9024
1.4670e-02,-0.0376563,0.00234188,4.90521
1.4680e-02,-0.0198438,0.00208438,4.87365
1.4690e-02,-0.0171875,0.00128031,4.8549
1.4700e-02,-0.033125,0.000730938,4.88584
1.4710e-02,-0.0395313,0.00113563,4.86896
1.4720e-02,-0.026875,0.000997813,4.88834
1.4730e-02,-0.0182812,0.00119281,4.89115
1.4740e-02,-0.0278125,0.00174313,4.93271
1.4750e-02,-0.02875,0.0024075,4.9024
1.4760e-02,-0.0210938,0.00177031,4.85615
1.4770e-02,-0.0348437,0.000628125,4.85584
1.4780e-02,-0.02125,0.00180281,4.8699
1.4790e-02,-0.0246875,0.000855625,4.88459
1.4800e-02,-0.0278125,0.00110375,4.89677
1.4810e-02,-0.0285938,0.00133219,4.91052
1.4820e-02,-0.0310937,0.00211469,4.90646
1.4830e-02,-0.03,0.00143625,4.90209
1.4840e-02,-0.03,0.00161281,4.91646
1.4850e-02,-0.0235938,0.00162438,4.89334
1.4860e-02,-0.0289063,0.00141406,4.87552
1.4870e-02,-0.0278125,0.00133531,4.88334
1.4880e-02,-0.0257812,0.00144656,4.90615
1.4890e-02,-0.0225,0.00128781,4.90646
1.4900e-02,-0.024375,0.00156781,4.92052
1.4910e-02,-0.0298438,0.00246,4.90084
1.4920e-02,-0.034375,0.0016025,4.89646
1.4930e-02,-0.0282813,0.00196281,4.87303
1.4940e-02,-0.0339062,0.00194969,4.88834
1.4950e-02,-0.0189062,0.00104469,4.94584
1.4960e-02,-0.0289063,0.00109313,4.90365
1.4970e-02,-0.0271875,0.00118594,4.92427
1.4980e-02,-0.0328125,0.000938438,4.8924
1.4990e-02,-0.0242188,0.00227875,4.86615
1.5000e-02,-0.0282813,0.00232969,4.86771
1.5010e-02,-0.0214063,0.0019275,4.8749
1.5020e-02,-0.0173438,0.00102688,4.88678
1.5030e-02,-0.0246875,0.0006675,4.9024
1.5040e-02,-0.0359375,0.00115719,4.93427
1.5050e-02,-0.0307813,0.00164719,4.91584
1.5060e-02,-0.0301563,0.00270219,4.89584
1.5070e-02,-0.0271875,0.00171031,4.86053
1.5080e-02,-0.0285938,0.00112625,4.89053
1.5090e-02,-0.0295313,0.00133844,4.89584
1.5100e-02,-0.0365625,0.00133188,4.92115
1.5110e-02,-0.02625,0.0012225,4.90615
1.5120e-02,-0.0314062,0.00177188,4.89302
1.5130e-02,-0.02625,0.00116719,4.89615
1.5140e-02,-0.0295313,0.00216375,4.88803
1.5150e-02,-0.028125,0.00185,4.86709
1.5160e-02,-0.0279688,0.00167219,4.88271
1.5170e-02,-0.0265625,0.00121031,4.89834
1.5180e-02,-0.0295313,0.00186,4.90803
1.5190e-02,-0.0328125,0.00167938,4.92021
1.5200e-02,-0.0320312,0.00185313,4.90896
1.5210e-02,-0.0373438,0.00199438,4.88584
1.5220e-02,-0.0314062,0.00209563,4.87646
1.5230e-02,-0.031875,0.00168969,4.87959
1.5240e-02,-0.04,0.00161875,4.89021
1.5250e-02,-0.0275,0.00122,4.90865
1.5260e-02,-0.040625,0.0009675,4.93459
1.5270e-02,-0.0379688,0.000982813,4.93896
1.5280e-02,-0.0310937,0.00189844,4.89615
1.5290e-02,-0.0314062,0.0015975,4.9074
1.5300e-02,-0.0298438,0.002045,4.88334
1.5310e-02,-0.0275,0.00224094,4.88396
1.5320e-02,-0.0259375,0.00104625,4.89334
1.5330e-02,-0.03125,0.000645625,4.92146
1.5340e-02,-0.035625,0.00160375,4.92834
1.5350e-02,-0.0314062,0.00153531,4.92427
1.5360e-02,-0.0310937,0.0013775,4.88615
1.5370e-02,-0.0245313,0.00173156,4.89865
1.5380e-02,-0.016875,0.00211531,4.89927
1.5390e-02,-0.0342187,0.00153781,4.87146
1.5400e-02,-0.0203125,0.00103812,4.8924
1.5410e-02,-0.0323438,0.00129281,4.90365
1.5420e-02,-0.0378125,0.00166313,4.90959
1.5430e-02,-0.0395313,0.00190625,4.91865
1.5440e-02,-0.03625,0.00254813,4.90553
1.5450e-02,-0.031875,0.00243594,4.86053
1.5460e-02,-0.02375,0.00239906,4.87709
1.5470e-02,-0.0259375,0.00167094,4.86959
1.5480e-02,-0.02625,0.000960625,4.9299
1.5490e-02,-0.0357813,0.000627813,4.91771
1.5500e-02,-0.0314062,0.00120188,4.90709
1.5510e-02,-0.035625,0.0016825,4.89459
1.5520e-02,-0.036875,0.00175531,4.87834
1.5530e-02,-0.0290625,0.00209438,4.87927
1.5540e-02,-0.031875,0.00316469,4.88771
1.5550e-02,-0.0359375,0.00196469,4.93365
1.5560e-02,-0.026875,0.000848125,4.92178
1.5570e-02,-0.0332812,0.00141844,4.92646
1.5580e-02,-0.0270312,0.00121469,4.89428
1.5590e-02,-0.044375,0.00168031,4.9124
1.5600e-02,-0.0392187,0.0022975,4.88959
1.5610e-02,-0.0289063,0.00180688,4.91959
1.5620e-02,-0.0395313,0.00148656,4.90677
1.5630e-02,-0.0317188,0.001075,4.90677
1.5640e-02,-0.03125,0.00207656,4.9024
1.5650e-02,-0.0353125,0.000553125,4.90146
1.5660e-02,-0.0301563,0.001485,4.88803
1.5670e-02,-0.0354688,0.00178219,4.87646
1.5680e-02,-0.0385937,0.00232938,4.88365
1.5690e-02,-0.0359375,0.00211188,4.90396
1.5700e-02,-0.0260937,0.00204813,4.88053
1.5710e-02,-0.0403125,0.000941875,4.90865
1.5720e-02,-0.03625,0.000812188,4.92115
1.5730e-02,-0.0326562,0.00062,4.89459
1.5740e-02,-0.036875,0.0011825,4.90115
1.5750e-02,-0.0267187,0.00219531,4.8924
1.5760e-02,-0.030625,0.00287063,4.88615
1.5770e-02,-0.036875,0.00229031,4.90178
1.5780e-02,-0.0295313,0.00178188,4.87959
1.5790e-02,-0.0434375,0.00104063,4.92959
1.5800e-02,-0.0376563,0.000509375,4.91677
1.5810e-02,-0.033125,0.00109406,4.92052
1.5820e-02,-0.041875,0.00200563,4.88646
1.5830e-02,-0.03375,0.00264813,4.86709
1.5840e-02,-0.0345312,0.00256531,4.8649
1.5850e-02,-0.0310937,0.00173031,4.90584
1.5860e-02,-0.0321875,0.0015575,4.89896
1.5870e-02,-0.0309375,0.0009725,4.90428
1.5880e-02,-0.030625,0.000857813,4.91334
1.5890e-02,-0.0365625,0.00127,4.89771
1.5900e-02,-0.025,0.00190781,4.89084
1.5910e-02,-0.035625,0.00184938,4.87084
1.5920e-02,-0.0325,0.00227969,4.90396
1.5930e-02,-0.0345312,0.00232719,4.91896
1.5940e-02,-0.038125,0.00133281,4.92178
1.5950e-02,-0.0425,0.000715938,4.91677
1.5960e-02,-0.0345312,0.000525,4.87428
1.5970e-02,-0.0357813,0.00023125,4.8874
1.5980e-02,-0.0340625,0.00105375,4.88177
1.5990e-02,-0.0404687,0.00193906,4.87803
1.6000e-02,-0.0345312,0.00263125,4.88959
1.6010e-02,-0.0309375,0.00177719,4.87615
1.6020e-02,-0.0364063,0.00113969,4.90178
1.6030e-02,-0.0360938,0.00047875,4.90834
1.6040e-02,-0.0348437,0.000850938,4.89834
1.6050e-02,-0.0260937,0.00127438,4.86459
1.6060e-02,-0.0321875,0.00196281,4.90084
1.6070e-02,-0.0345312,0.00287031,4.9074
1.6080e-02,-0.0396875,0.00253281,4.89146
1.6090e-02,-0.0459375,0.00206156,4.90302
1.6100e-02,-0.0420312,0.00131563,4.91865
1.6110e-02,-0.0398437,-0.000199375,4.89896
1.6120e-02,-0.0325,-0.000732188,4.87115
1.6130e-02,-0.0357813,0.00136563,4.89365
1.6140e-02,-0.0507812,0.0026225,4.88084
1.6150e-02,-0.0357813,0.0032125,4.90959
1.6160e-02,-0.0373438,0.002935,4.91146
1.6170e-02,-0.0409375,0.00235531,4.8999
1.6180e-02,-0.0301563,0.00105,4.90459
1.6190e-02,-0.0434375,0.00087125,4.89959
1.6200e-02,-0.035625,0.000589375,4.88834
1.6210e-02,-0.0421875,0.00140406,4.87834
1.6220e-02,-0.02625,0.00180938,4.8874
1.6230e-02,-0.0396875,0.00336563,4.88021
1.6240e-02,-0.0290625,0.00289125,4.89709
1.6250e-02,-0.0326562,0.00143344,4.9374
1.6260e-02,-0.0378125,-0.000273125,4.91146
1.6270e-02,-0.0346875,-0.000522188,4.88959
1.6280e-02,-0.0378125,3.09375e-05,4.88209
1.6290e-02,-0.0209375,0.00135281,4.9074
1.6300e-02,-0.0379688,0.00262719,4.89084
1.6310e-02,-0.035,0.0041525,4.91396
1.6320e-02,-0.0289063,0.00392406,4.88584
1.6330e-02,-0.04,0.00121719,4.94084
1.6340e-02,-0.03625,-9.375e-05,4.90178
1.6350e-02,-0.0379688,-0.000901563,4.90428
1.6360e-02,-0.0415625,-4.5e-05,4.87771
1.6370e-02,-0.0423437,0.00286781,4.91771
1.6380e-02,-0.0401563,0.00598031,4.88334
1.6390e-02,-0.0329688,0.0059175,4.91302
1.6400e-02,-0.0460938,0.00285094,4.90865
1.6410e-02,-0.0351562,-0.00181969,4.90865
1.6420e-02,-0.0415625,-0.00484188,4.88896
1.6430e-02,-0.0382813,-0.00461594,4.8749
1.6440e-02,-0.0248438,-0.00054125,4.86709
1.6450e-02,-0.0304688,0.00594969,4.89677
1.6460e-02,-0.0357813,0.00945625,4.90771
1.6470e-02,-0.0270312,0.00920688,4.87709
1.6480e-02,-0.0334375,0.00529563,4.92834
1.6490e-02,-0.0353125,-0.00254438,4.90896
1.6500e-02,-0.0454688,-0.00740563,4.87584
1.6510e-02,-0.026875,-0.00706938,4.88365
1.6520e-02,-0.0434375,-0.00194594,4.87084
1.6530e-02,-0.035,0.00506313,4.8899
1.6540e-02,-0.0510938,0.00889375,4.89803
1.6550e-02,-0.0373438,0.00933594,4.89396
1.6560e-02,-0.0285938,0.00556531,4.88021
1.6570e-02,-0.0210938,-0.00043875,4.87896
1.6580e-02,-0.0448438,-0.00400844,4.87021
1.6590e-02,-0.0290625,-0.00509469,4.88271
1.6600e-02,-0.0446875,-0.00198719,4.90553
1.6610e-02,-0.044375,0.00309781,4.91302
1.6620e-02,-0.0296875,0.00650719,4.92646
1.6630e-02,-0.0429688,0.00644906,4.89552
1.6640e-02,-0.0332812,0.00293594,4.8874
1.6650e-02,-0.03625,-0.000433125,4.8949
1.6660e-02,-0.03875,-0.00155625,4.87177
1.6670e-02,-0.040625,-0.000885,4.87834
1.6680e-02,-0.036875,0.00146,4.91021
1.6690e-02,-0.0339062,0.00330625,4.92615
1.6700e-02,-0.031875,0.00455469,4.9049
1.6710e-02,-0.039375,0.00344844,4.91178
1.6720e-02,-0.0289063,0.0002075,4.8899
1.6730e-02,-0.0326562,-0.001325,4.87678
1.6740e-02,-0.0321875,-0.00198938,4.8824
1.6750e-02,-0.0264062,-0.000159063,4.88302
1.6760e-02,-0.0309375,0.0019875,4.8749
1.6770e-02,-0.0351562,0.0033875,4.92802
1.6780e-02,-0.0390625,0.0037575,4.89271
1.6790e-02,-0.0373438,0.00199906,4.90053
1.6800e-02,-0.0417187,0.000554688,4.89771
1.6810e-02,-0.0484375,0.000322188,4.86959
1.6820e-02,-0.0425,-7.5e-06,4.89302
1.6830e-02,-0.0357813,0.00116125,4.93303
1.6840e-02,-0.0414063,0.00221563,4.9024
1.6850e-02,-0.0429688,0.00299125,4.8924
1.6860e-02,-0.0371875,0.00279375,4.92052
1.6870e-02,-0.04125,0.00200625,4.88459
1.6880e-02,-0.0442188,0.00133781,4.85021
1.6890e-02,-0.0295313,0.00142469,4.86271
1.6900e-02,-0.040625,0.00123094,4.8849
1.6910e-02,-0.0435938,0.00129375,4.88459
1.6920e-02,-0.0540625,0.00237375,4.9199
1.6930e-02,-0.0459375,0.00279938,4.90459
1.6940e-02,-0.0354688,0.00155531,4.89459
1.6950e-02,-0.049375,0.00165156,4.89615
1.6960e-02,-0.0471875,0.00118594,4.90396
1.6970e-02,-0.0292188,0.0010975,4.8799
1.6980e-02,-0.0292188,0.0006675,4.89209
1.6990e-02,-0.0254688,0.00152656,4.91834
1.7000e-02,-0.0354688,0.00171938,4.90803
1.7010e-02,-0.034375,0.00304156,4.90771
1.7020e-02,-0.0320312,0.00280406,4.91959
1.7030e-02,-0.0403125,0.0016825,4.87646
1.7040e-02,-0.03875,0.000216563,4.87552
1.7050e-02,-0.0367188,0.000185625,4.90021
1.7060e-02,-0.0360938,0.000369375,4.89396
1.7070e-02,-0.0457813,0.0017475,4.91365
1.7080e-02,-0.0409375,0.00180281,4.93865
1.7090e-02,-0.0321875,0.0024725,4.88584
1.7100e-02,-0.0453125,0.00266188,4.87303
1.7110e-02,-0.0379688,0.00142313,4.87584
1.7120e-02,-0.0471875,0.00046625,4.90084
1.7130e-02,-0.0357813,0.00060375,4.88615
1.7140e-02,-0.038125,0.000464063,4.9124
1.7150e-02,-0.0285938,0.000819688,4.92521
1.7160e-02,-0.0471875,0.00153438,4.87271
1.7170e-02,-0.0390625,0.00250594,4.90865
1.7180e-02,-0.0276563,0.00190094,4.88146
1.7190e-02,-0.03875,0.00178531,4.87803
1.7200e-02,-0.025625,0.00087125,4.87803
1.7210e-02,-0.039375,0.00101687,4.90521
1.7220e-02,-0.0484375,0.00221438,4.91115
1.7230e-02,-0.041875,0.00133719,4.91209
1.7240e-02,-0.0446875,0.00235,4.90896
1.7250e-02,-0.0271875,0.00165906,4.87615
1.7260e-02,-0.0421875,0.00167938,4.88459
1.7270e-02,-0.0426562,0.00184375,4.88177
1.7280e-02,-0.04125,0.00123625,4.88521
1.7290e-02,-0.0476562,0.000790938,4.90553
1.7300e-02,-0.0314062,0.00124438,4.91271
1.7310e-02,-0.0401563,0.00145813,4.91302
1.7320e-02,-0.0417187,0.00206375,4.8899
1.7330e-02,-0.0428125,0.00247188,4.88552
1.7340e-02,-0.036875,0.0016475,4.89115
1.7350e-02,-0.0404687,0.00152219,4.89709
1.7360e-02,-0.0398437,0.000909375,4.90834
1.7370e-02,-0.04,0.00122844,4.89084
1.7380e-02,-0.026875,0.00157469,4.89709
1.7390e-02,-0.044375,0.001885,4.91396
1.7400e-02,-0.0364063,0.00222125,4.88709
1.7410e-02,-0.0428125,0.00259594,4.87552
1.7420e-02,-0.048125,0.00237719,4.88365
1.7430e-02,-0.050625,0.00182188,4.90771
1.7440e-02,-0.0476562,0.0006075,4.89021
1.7450e-02,-0.0375,0.00134063,4.91553
1.7460e-02,-0.0223437,0.00168813,4.88615
1.7470e-02,-0.044375,0.00197281,4.91209
1.7480e-02,-0.0440625,0.00238906,4.89677
1.7490e-02,-0.0340625,0.00189281,4.87428
1.7500e-02,-0.0525,0.00123906,4.90146
1.7510e-02,-0.0401563,0.0008275,4.91803
1.7520e-02,-0.0404687,-8.40625e-05,4.9099
1.7530e-02,-0.0465625,0.000951563,4.87803
1.7540e-02,-0.0407813,0.00183844,4.90021
1.7550e-02,-0.026875,0.0022675,4.88615
1.7560e-02,-0.0395313,0.00240625,4.87365
1.7570e-02,-0.0460938,0.00262969,4.89365
1.7580e-02,-0.031875,0.00244688,4.91209
1.7590e-02,-0.0282813,0.00141094,4.91052
1.7600e-02,-0.0360938,0.000819063,4.91459
1.7610e-02,-0.0292188,0.000895938,4.89552
1.7620e-02,-0.0517188,0.00148719,4.89959
1.7630e-02,-0.0446875,0.00175688,4.8699
1.7640e-02,-0.0292188,0.00204937,4.86021
1.7650e-02,-0.0464062,0.00208406,4.88115
1.7660e-02,-0.0420312,0.00232219,4.91178
1.7670e-02,-0.0292188,0.00140625,4.91084
1.7680e-02,-0.0479688,0.000830313,4.91615
1.7690e-02,-0.034375,0.00116875,4.91271
1.7700e-02,-0.03875,0.001665,4.88302
1.7710e-02,-0.0423437,0.00254281,4.86521
1.7720e-02,-0.0409375,0.00234281,4.88146
1.7730e-02,-0.0429688,0.00191656,4.88021
1.7740e-02,-0.0340625,0.00107344,4.90677
1.7750e-02,-0.0376563,0.000638438,4.9249
1.7760e-02,-0.0525,0.00121844,4.89646
1.7770e-02,-0.0360938,0.00156656,4.9074
1.7780e-02,-0.0328125,0.00181844,4.87334
1.7790e-02,-0.033125,0.00230313,4.8624
1.7800e-02,-0.0395313,0.00231125,4.8999
1.7810e-02,-0.0407813,0.00159375,4.87334
1.7820e-02,-0.03875,0.00117844,4.93178
1.7830e-02,-0.0404687,0.000803438,4.90771
1.7840e-02,-0.0442188,0.000964063,4.8949
1.7850e-02,-0.0329688,0.002415,4.90865
1.7860e-02,-0.0373438,0.0019125,4.84771
1.7870e-02,-0.03875,0.00181656,4.88865
1.7880e-02,-0.0476562,0.00187938,4.87646
1.7890e-02,-0.0382813,0.00236875,4.89709
1.7900e-02,-0.0439063,0.000873125,4.88927
1.7910e-02,-0.0504687,0.00111875,4.9174
1.7920e-02,-0.0454688,0.00064625,4.89584
1.7930e-02,-0.045625,0.00158938,4.89209
1.7940e-02,-0.033125,0.00287188,4.86709
1.7950e-02,-0.0429688,0.002065,4.87927
1.7960e-02,-0.050625,0.00224062,4.88584
1.7970e-02,-0.0440625,0.0019425,4.92365
1.7980e-02,-0.0410937,0.00131438,4.89709
1.7990e-02,-0.0434375,0.00157313,4.88584
1.8000e-02,-0.0359375,0.00092125,4.89053
1.8010e-02,-0.0357813,0.000911563,4.87365
1.8020e-02,-0.0504687,0.00233687,4.86615
1.8030e-02,-0.0575,0.00239156,4.89927
1.8040e-02,-0.0471875,0.00249219,4.91615
1.8050e-02,-0.0303125,0.00223781,4.90302
1.8060e-02,-0.0421875,0.00212219,4.91584
1.8070e-02,-0.0432813,0.00141906,4.89271
1.8080e-02,-0.0482812,0.0012725,4.85334
1.8090e-02,-0.0529687,0.00136188,4.87271
1.8100e-02,-0.044375,0.00199656,4.87803
1.8110e-02,-0.0484375,0.00231156,4.90302
1.8120e-02,-0.0478125,0.0018475,4.89896
1.8130e-02,-0.0379688,0.00160656,4.90521
1.8140e-02,-0.0292188,0.00144281,4.92084
1.8150e-02,-0.031875,0.00173469,4.8924
1.8160e-02,-0.04375,0.0011825,4.88834
1.8170e-02,-0.0503125,0.0018825,4.90896
1.8180e-02,-0.0492188,0.00196313,4.87927
1.8190e-02,-0.0339062,0.00159406,4.93427
1.8200e-02,-0.0360938,0.00137438,4.90771
1.8210e-02,-0.0517188,0.00145406,4.94084
1.8220e-02,-0.048125,0.000882188,4.89334
1.8230e-02,-0.038125,0.00153188,4.89334
1.8240e-02,-0.0332812,0.00194875,4.86959
1.8250e-02,-0.0498438,0.00262188,4.86802
1.8260e-02,-0.0503125,0.00219156,4.90146
1.8270e-02,-0.046875,0.00203906,4.90084
1.8280e-02,-0.0509375,0.00190938,4.90396
1.8290e-02,-0.0409375,0.00124063,4.92427
1.8300e-02,-0.0426562,0.00205188,4.91834
1.8310e-02,-0.0407813,0.00136469,4.87177
1.8320e-02,-0.0345312,0.00192594,4.87865
1.8330e-02,-0.0265625,0.00234156,4.8849
1.8340e-02,-0.045,0.002205,4.88552
1.8350e-02,-0.039375,0.000679375,4.91584
1.8360e-02,-0.0282813,0.001555,4.90615
1.8370e-02,-0.0514063,0.00142219,4.91521
1.8380e-02,-0.0507812,0.000875313,4.90928
1.8390e-02,-0.0326562,0.00107031,4.88584
1.8400e-02,-0.040625,0.00122438,4.86959
1.8410e-02,-0.0325,0.00157188,4.89615
1.8420e-02,-0.0392187,0.0023975,4.9149
1.8430e-02,-0.04,0.00185969,4.91365
1.8440e-02,-0.0442188,0.00193469,4.91052
1.8450e-02,-0.0421875,0.00169813,4.89615
1.8460e-02,-0.0501562,0.0020025,4.88365
1.8470e-02,-0.0357813,0.00125969,4.86678
1.8480e-02,-0.0446875,0.00258125,4.88834
1.8490e-02,-0.0317188,0.00197406,4.90428
1.8500e-02,-0.0285938,0.00232344,4.93209
1.8510e-02,-0.0495312,0.00131656,4.89459
1.8520e-02,-0.0354688,0.00123813,4.90615
1.8530e-02,-0.0448438,0.00163875,4.89459
1.8540e-02,-0.03125,0.00133813,4.87459
1.8550e-02,-0.0464062,0.00182094,4.86646
1.8560e-02,-0.0432813,0.00148625,4.89334
1.8570e-02,-0.0382813,0.00215344,4.93521
1.8580e-02,-0.0360938,0.0019,4.91084
1.8590e-02,-0.03875,0.00203438,4.9174
1.8600e-02,-0.0403125,0.002055,4.89178
1.8610e-02,-0.0396875,0.00168938,4.89115
1.8620e-02,-0.0395313,0.00121688,4.89021
1.8630e-02,-0.0442188,0.0013225,4.89115
1.8640e-02,-0.0510938,0.00169938,4.85834
1.8650e-02,-0.0401563,0.00180906,4.89428
1.8660e-02,-0.046875,0.00187125,4.90834
1.8670e-02,-0.0517188,0.000537188,4.90521
1.8680e-02,-0.04375,0.00105031,4.90584
1.8690e-02,-0.03875,0.000863438,4.90084
1.8700e-02,-0.04875,0.000912188,4.86334
1.8710e-02,-0.0375,0.00119625,4.89178
1.8720e-02,-0.0490625,0.00187438,4.90365
1.8730e-02,-0.033125,0.002125,4.9274
1.8740e-02,-0.0414063,0.00172781,4.89896
1.8750e-02,-0.0378125,0.00220906,4.9099
1.8760e-02,-0.050625,0.00193063,4.8749
1.8770e-02,-0.0473438,0.00165719,4.88115
1.8780e-02,-0.03875,0.00159969,4.87959
1.8790e-02,-0.0404687,0.00187219,4.89615
1.8800e-02,-0.046875,0.00160063,4.87709
1.8810e-02,-0.0445313,0.00142094,4.91459
1.8820e-02,-0.04625,0.00189719,4.90615
1.8830e-02,-0.0503125,0.00206531,4.90584
1.8840e-02,-0.0498438,0.00153656,4.89021
1.8850e-02,-0.0371875,0.000652188,4.87678
1.8860e-02,-0.0398437,0.00199,4.86146
1.8870e-02,-0.036875,0.001685,4.89021
1.8880e-02,-0.0451563,0.00215188,4.93928
1.8890e-02,-0.0496875,0.00191094,4.92646
1.8900e-02,-0.0440625,0.00183094,4.90553
1.8910e-02,-0.0459375,0.00129531,4.90365
1.8920e-02,-0.0415625,0.00187094,4.88959
1.8930e-02,-0.038125,0.00163938,4.88428
1.8940e-02,-0.039375,0.00150969,4.89396
1.8950e-02,-0.0476562,0.00123188,4.89334
1.8960e-02,-0.0310937,0.0014775,4.92584
1.8970e-02,-0.0304688,0.00137313,4.8974
1.8980e-02,-0.0371875,0.00194344,4.9074
1.8990e-02,-0.0425,0.00194156,4.86303
1.9000e-02,-0.0328125,0.00112281,4.89115
1.9010e-02,-0.0401563,0.00044125,4.88396
1.9020e-02,-0.04,0.00118281,4.90021
1.9030e-02,-0.04375,0.00147781,4.9124
1.9040e-02,-0.038125,0.00192438,4.91584
1.9050e-02,-0.0446875,0.00206375,4.91365
1.9060e-02,-0.0454688,0.00187,4.89178
1.9070e-02,-0.045,0.00171375,4.90615
1.9080e-02,-0.0364063,0.00103219,4.90928
1.9090e-02,-0.038125,0.00150656,4.88334
1.9100e-02,-0.0364063,0.00164156,4.87459
1.9110e-02,-0.035625,0.0018725,4.90677
1.9120e-02,-0.0407813,0.00175094,4.92052
1.9130e-02,-0.0251563,0.00177219,4.88396
1.9140e-02,-0.0423437,0.00264063,4.89302
1.9150e-02,-0.0520313,0.00148813,4.87303
1.9160e-02,-0.0407813,0.000921875,4.9274
1.9170e-02,-0.0520313,0.00123594,4.8874
1.9180e-02,-0.02875,0.000454063,4.90084
1.9190e-02,-0.0334375,0.00161188,4.87865
1.9200e-02,-0.0464062,0.00132375,4.90865
1.9210e-02,-0.0398437,0.00135375,4.86928
1.9220e-02,-0.05375,0.00143531,4.90677
1.9230e-02,-0.0385937,0.00154125,4.85584
1.9240e-02,-0.0395313,0.00156281,4.86959
1.9250e-02,-0.0307813,0.0012125,4.90709
1.9260e-02,-0.0346875,0.00190531,4.9199
1.9270e-02,-0.0371875,0.0017425,4.90396
1.9280e-02,-0.0395313,0.0021225,4.88615
1.9290e-02,-0.0384375,0.00212,4.90209
1.9300e-02,-0.04375,0.00173656,4.87803
1.9310e-02,-0.0409375,0.00141219,4.87865
1.9320e-02,-0.0432813,0.0014525,4.88115
1.9330e-02,-0.0323438,0.00156188,4.91427
1.9340e-02,-0.0346875,0.00111281,4.91334
1.9350e-02,-0.043125,0.00153375,4.89959
1.9360e-02,-0.041875,0.00257438,4.8799
1.9370e-02,-0.0404687,0.0013925,4.88709
1.9380e-02,-0.04875,0.00167125,4.89084
1.9390e-02,-0.034375,0.0010425,4.89803
1.9400e-02,-0.0398437,0.00130625,4.88896
1.9410e-02,-0.0409375,0.000838125,4.89896
1.9420e-02,-0.0371875,0.00157125,4.88927
1.9430e-02,-0.0375,0.00181375,4.91427
1.9440e-02,-0.049375,0.00245594,4.85928
1.9450e-02,-0.0432813,0.00146344,4.86802
1.9460e-02,-0.0378125,0.00168875,4.87365
1.9470e-02,-0.0553125,0.00133313,4.88302
1.9480e-02,-0.0409375,0.00194438,4.90428
1.9490e-02,-0.0364063,0.00159719,4.91553
1.9500e-02,-0.0417187,0.00200875,4.90615
1.9510e-02,-0.0529687,0.00243219,4.89709
1.9520e-02,-0.0345312,0.001495,4.88678
1.9530e-02,-0.0423437,0.00158438,4.88646
1.9540e-02,-0.0417187,0.00027,4.87428
1.9550e-02,-0.0375,0.00126563,4.93303
1.9560e-02,-0.040625,0.000850938,4.90615
1.9570e-02,-0.0382813,0.00185,4.91803
1.9580e-02,-0.0384375,0.0019275,4.89428
1.9590e-02,-0.0484375,0.00188313,4.8749
1.9600e-02,-0.0407813,0.00178719,4.88521
1.9610e-02,-0.0448438,0.00191313,4.85771
1.9620e-02,-0.0285938,0.00113438,4.89334
1.9630e-02,-0.041875,0.0012225,4.89084
1.9640e-02,-0.0515625,0.0019625,4.91178
1.9650e-02,-0.0420312,0.0012075,4.8849
1.9660e-02,-0.0560937,0.0016075,4.92115
1.9670e-02,-0.043125,0.00188188,4.88927
1.9680e-02,-0.0495312,0.00192125,4.87927
1.9690e-02,-0.0407813,0.0016825,4.89302
1.9700e-02,-0.04,0.00143531,4.90115
1.9710e-02,-0.0457813,0.0013225,4.90584
1.9720e-02,-0.0451563,0.00170688,4.91928
1.9730e-02,-0.0470312,0.00129344,4.88927
1.9740e-02,-0.0489062,0.00126063,4.89896
1.9750e-02,-0.039375,0.00164938,4.87177
1.9760e-02,-0.0396875,0.00209875,4.89053
1.9770e-02,-0.0460938,0.00181719,4.88334
1.9780e-02,-0.04,0.000886563,4.91302
1.9790e-02,-0.04625,0.00103594,4.93865
1.9800e-02,-0.043125,0.00124625,4.9124
1.9810e-02,-0.0348437,0.00211563,4.89677
1.9820e-02,-0.0425,0.00246,4.88084
1.9830e-02,-0.0442188,0.00199844,4.8599
1.9840e-02,-0.0460938,0.00240344,4.88552
1.9850e-02,-0.046875,0.00194531,4.92427
1.9860e-02,-0.044375,0.00133,4.90428
1.9870e-02,-0.0471875,0.00135094,4.91553
1.9880e-02,-0.0439063,0.00140781,4.91052
1.9890e-02,-0.0340625,0.00179188,4.8749
1.9900e-02,-0.0553125,0.00170406,4.9124
1.9910e-02,-0.0460938,0.00179125,4.89896
1.9920e-02,-0.0354688,0.00188625,4.88927
1.9930e-02,-0.0339062,0.00215969,4.90021
1.9940e-02,-0.0554687,0.00145625,4.91334
1.9950e-02,-0.0426562,0.00189375,4.89646
1.9960e-02,-0.048125,0.0012175,4.89271
1.9970e-02,-0.0532813,0.000514375,4.88959
1.9980e-02,-0.0346875,0.00110438,4.88552
1.9990e-02,-0.0307813,0.00189344,4.8649
2.0000e-02,-0.0490625,0.00252906,4.92865
2.0010e-02,-0.0389063,0.00160844,4.92021
2.0020e-02,-0.036875,0.00106406,4.89709
2.0030e-02,-0.0520313,0.00103563,4.89771
2.0040e-02,-0.048125,0.00137594,4.87771
2.0050e-02,-0.0498438,0.0011975,4.86802
2.0060e-02,-0.044375,0.00150094,4.89084
2.0070e-02,-0.04875,0.00224531,4.91896
2.0080e-02,-0.0353125,0.00104312,4.90521
2.0090e-02,-0.044375,0.00159625,4.92396
2.0100e-02,-0.0342187,0.00122719,4.91928
2.0110e-02,-0.040625,0.00100031,4.89084
2.0120e-02,-0.0415625,0.00178531,4.90896
2.0130e-02,-0.0370313,0.00104563,4.88396
2.0140e-02,-0.0375,0.00208656,4.8824
2.0150e-02,-0.0390625,0.00259938,4.89365
2.0160e-02,-0.0520313,0.00225219,4.9174
2.0170e-02,-0.0390625,0.00214063,4.90428
2.0180e-02,-0.0451563,0.00135469,4.90021
2.0190e-02,-0.0496875,0.00122594,4.92271
2.0200e-02,-0.05125,0.00243344,4.90115
2.0210e-02,-0.0535937,0.00256938,4.8824
2.0220e-02,-0.0521875,0.00260813,4.91178
2.0230e-02,-0.0453125,0.00193,4.89646
2.0240e-02,-0.0446875,0.00182563,4.89865
2.0250e-02,-0.0389063,0.00144625,4.89021
2.0260e-02,-0.05375,0.00153813,4.8799
2.0270e-02,-0.0601562,0.0012325,4.88552
2.0280e-02,-0.0435938,0.00189594,4.87646
2.0290e-02,-0.0448438,0.00239688,4.90021
2.0300e-02,-0.0490625,0.00296375,4.88927
2.0310e-02,-0.0396875,0.00215125,4.90178
2.0320e-02,-0.0507812,0.00121,4.91646
2.0330e-02,-0.0346875,0.00142094,4.9124
2.0340e-02,-0.0560937,0.000984375,4.90865
2.0350e-02,-0.05125,0.000579375,4.87365
2.0360e-02,-0.0401563,0.00127313,4.88959
2.0370e-02,-0.045,0.00239,4.89646
2.0380e-02,-0.040625,0.00328875,4.9124
2.0390e-02,-0.0357813,0.00185438,4.92677
2.0400e-02,-0.0485938,0.00145781,4.92084
2.0410e-02,-0.04375,0.00114,4.91052
2.0420e-02,-0.0475,0.00108375,4.92802
2.0430e-02,-0.0375,0.00112563,4.88115
2.0440e-02,-0.039375,0.00100875,4.86709
2.0450e-02,-0.0471875,0.00107219,4.87584
2.0460e-02,-0.04125,0.00105781,4.91584
2.0470e-02,-0.0342187,0.000993438,4.92303
2.0480e-02,-1.08344,0.00018875,4.8924
2.0490e-02,-2.32422,-0.00172875,4.90928
2.0500e-02,-1.56016,-0.00324969,4.88646
2.0510e-02,0.0921875,-0.00344469,4.89053
2.0520e-02,-0.154219,-0.00425406,4.88834
2.0530e-02,0.107031,-0.00402656,4.90834
2.0540e-02,0.111406,-0.00390156,4.90178
2.0550e-02,0.0940625,-0.00404188,4.92959
2.0560e-02,0.0748438,-0.00401656,4.90365
2.0570e-02,0.0753125,-0.0039625,4.88115
2.0580e-02,0.0745312,-0.00412375,4.8924
2.0590e-02,0.061875,-0.004025,4.88146
2.0600e-02,0.0439062,-0.00419094,4.8874
2.0610e-02,0.0548437,-0.00402156,4.9124
2.0620e-02,0.039375,-0.00389094,4.91052
2.0630e-02,0.0410937,-0.00395719,4.92115
2.0640e-02,0.04125,-0.00390563,4.90928
2.0650e-02,0.0334375,-0.00379375,4.91115
2.0660e-02,0.0335938,-0.00403531,4.89584
2.0670e-02,0.0401563,-0.00380656,4.8849
2.0680e-02,0.0310937,-0.00379125,4.90084
2.0690e-02,0.0334375,-0.0039875,4.93584
2.0700e-02,0.0204687,-0.00391875,4.87771
2.0710e-02,0.02375,-0.00373875,4.92834
2.0720e-02,0.0160938,-0.00377813,4.90896
2.0730e-02,0.0301562,-0.00370063,4.89365
2.0740e-02,0.0175,-0.00225,4.89209
2.0750e-02,0.0134375,-0.00173406,4.88896
2.0760e-02,0.0178125,-0.000250938,4.87021
2.0770e-02,0.0103125,0.0015025,4.89428
2.0780e-02,0.0175,0.0014475,4.90459
2.0790e-02,0.0125,0.00222375,4.89803
2.0800e-02,0.0171875,0.00188688,4.89302
2.0810e-02,0.00609375,0.000888125,4.85959
2.0820e-02,0.0115625,0.000728438,4.88396
2.0830e-02,0.0129687,0.000415938,4.88865
2.0840e-02,0.00421875,0.000750938,4.89865
2.0850e-02,0.01125,0.0010575,4.91646
2.0860e-02,0.00453125,0.00272719,4.89927
2.0870e-02,0.00234375,0.0020125,4.90396
2.0880e-02,0.0101562,0.00171531,4.90115
2.0890e-02,-0.00203125,0.000968438,4.89396
2.0900e-02,0.00109375,0.000966875,4.89178
2.0910e-02,0.0128125,0.0011025,4.8974
2.0920e-02,-0.003125,0.0011875,4.92771
2.0930e-02,0.0151562,0.00102063,4.90928
2.0940e-02,0.0059375,0.00164406,4.89115
2.0950e-02,0.00046875,0.00195094,4.87646
2.0960e-02,0.015625,0.00182938,4.86177
2.0970e-02,-0.00515625,0.000910313,4.89677
2.0980e-02,0.00875,0.000429688,4.87771
2.0990e-02,-0.0090625,0.000906563,4.89428
2.1000e-02,0.00078125,0.00166875,4.89834
2.1010e-02,-0.0046875,0.00178875,4.91084
2.1020e-02,0.00015625,0.00187375,4.87521
2.1030e-02,0.0190625,0.0019725,4.89209
2.1040e-02,0.00203125,0.00205719,4.85427
2.1050e-02,-0.00453125,0.000971875,4.87959
2.1060e-02,0,0.00012375,4.88678
2.1070e-02,-0.00171875,0.00145875,4.89927
2.1080e-02,0.00015625,0.00106938,4.92396
2.1090e-02,-0.00578125,0.0016075,4.90553
2.1100e-02,0.00625,0.00219031,4.8799
2.1110e-02,-0.00671875,0.00214438,4.86678
2.1120e-02,0.0021875,0.00144656,4.86209
2.1130e-02,-0.00609375,0.000656563,4.88896
2.1140e-02,-0.0075,0.000836563,4.92396
2.1150e-02,-0.0075,0.00120969,4.91427
2.1160e-02,0.00109375,0.00109906,4.89365
2.1170e-02,-0.00265625,0.00104156,4.90896
2.1180e-02,-0.0059375,0.00129594,4.86678
2.1190e-02,-0.00734375,0.00176406,4.89271
2.1200e-02,-0.010625,0.00147656,4.89053
2.1210e-02,0.00203125,0.00135531,4.88865
2.1220e-02,-0.0065625,0.00146594,4.89584
2.1230e-02,-0.0115625,0.00136688,4.89677
2.1240e-02,-0.00953125,0.00141875,4.91209
2.1250e-02,-0.0078125,0.00144656,4.88803
2.1260e-02,-0.0075,0.00219375,4.88146
2.1270e-02,-0.0192187,0.00194625,4.88146
2.1280e-02,-0.00640625,0.00225187,4.8599
2.1290e-02,-0.00921875,0.00109406,4.89803
2.1300e-02,-0.0151562,0.00104219,4.89302
2.1310e-02,-0.00109375,0.00165156,4.9299
2.1320e-02,-0.004375,0.00155406,4.88959
2.1330e-02,-0.00578125,0.00165906,4.90803
2.1340e-02,-0.0003125,0.000941875,4.8824
2.1350e-02,-0.0053125,0.00187875,4.87709
2.1360e-02,-0.00734375,0.00135188,4.88615
2.1370e-02,-0.00875,0.00074,4.89396
2.1380e-02,-0.013125,0.000329063,4.89396
2.1390e-02,-0.015,0.000635625,4.88615
2.1400e-02,-0.0142188,0.00142031,4.87584
2.1410e-02,-0.0157813,0.0009875,4.87709
2.1420e-02,-0.0215625,0.00179563,4.90302
2.1430e-02,0.0009375,0.0018575,4.89396
2.1440e-02,-0.005,0.00144063,4.90302
2.1450e-02,0.00203125,0.0007225,4.90553
2.1460e-02,-0.0245313,0.0011975,4.89709
2.1470e-02,-0.0134375,0.00109656,4.92709
2.1480e-02,-0.00953125,0.0016725,4.91084
2.1490e-02,-0.004375,0.00193656,4.86896
2.1500e-02,-0.0140625,0.002355,4.89552
2.1510e-02,-0.013125,0.00146031,4.89115
2.1520e-02,-0.0114062,0.00125344,4.8999
2.1530e-02,-0.0251563,0.00136719,4.87146
2.1540e-02,-0.0192187,0.000856875,4.89896
2.1550e-02,-0.0160938,0.00200906,4.90959
2.1560e-02,0.00140625,0.00180281,4.8749
2.1570e-02,-0.0107813,0.00203594,4.87303
2.1580e-02,-0.00859375,0.0010525,4.89365
2.1590e-02,-0.0123438,0.00185969,4.90646
2.1600e-02,-0.0190625,0.00130781,4.93396
2.1610e-02,-0.0129688,0.00118,4.91084
2.1620e-02,-0.00734375,0.000893125,4.89803
2.1630e-02,-0.026875,0.00132875,4.88053
2.1640e-02,-0.00703125,0.00124688,4.90209
2.1650e-02,-0.0190625,0.00205844,4.89896
2.1660e-02,-0.0176563,0.00170063,4.89803
2.1670e-02,-0.0115625,0.00192188,4.87084
2.1680e-02,-0.01125,0.00192188,4.8999
2.1690e-02,-0.0279688,0.000727813,4.92834
2.1700e-02,-0.0132813,0.00149781,4.89271
2.1710e-02,-0.0185937,0.00217938,4.9024
2.1720e-02,-0.0160938,0.00152344,4.88927
2.1730e-02,-0.00765625,0.00141813,4.87428
2.1740e-02,-0.0203125,0.00153688,4.90677
2.1750e-02,-0.023125,0.00201875,4.90084
2.1760e-02,-0.0176563,0.00173688,4.91615
2.1770e-02,-0.0373438,0.00120031,4.89927
2.1780e-02,-0.0295313,0.00135406,4.89302
2.1790e-02,-0.0265625,0.00165406,4.88459
2.1800e-02,-0.0204688,0.00179313,4.87271
2.1810e-02,-0.01875,0.00189375,4.8674
2.1820e-02,-0.0190625,0.00227938,4.88896
2.1830e-02,-0.0196875,0.0014675,4.92334
2.1840e-02,-0.0173438,0.00105094,4.8999
2.1850e-02,-0.02,0.000817188,4.88396
2.1860e-02,-0.0190625,0.00123219,4.88084
2.1870e-02,-0.00734375,0.00179719,4.89084
2.1880e-02,-0.0201563,0.00141,4.9024
2.1890e-02,-0.0135937,0.00194125,4.91771
2.1900e-02,-0.013125,0.00187438,4.91084
2.1910e-02,-0.0229687,0.00132031,4.93928
2.1920e-02,-0.0264062,0.000700625,4.88146
2.1930e-02,-0.0228125,0.000995,4.89459
2.1940e-02,-0.0189062,0.00157375,4.88709
2.1950e-02,-0.0242188,0.00157406,4.87865
2.1960e-02,-0.0167188,0.00187438,4.87927
2.1970e-02,-0.0310937,0.00253313,4.92178
2.1980e-02,-0.018125,0.00186688,4.89084
2.1990e-02,-0.0232812,0.00106813,4.90834
2.2000e-02,-0.0120313,0.00089125,4.92677
2.2010e-02,-0.015625,0.000924063,4.90459
2.2020e-02,-0.0345312,0.00149313,4.86646
2.2030e-02,-0.0239063,0.00143406,4.8624
2.2040e-02,-0.02375,0.00199719,4.88803
2.2050e-02,-0.0154687,0.00164125,4.9199
2.2060e-02,-0.0214063,0.0014925,4.90115
2.2070e-02,-0.03,0.00110094,4.91209
2.2080e-02,-0.02625,0.00110969,4.8749
2.2090e-02,-0.0264062,0.00153188,4.86959
2.2100e-02,-0.0251563,0.00185063,4.90178
2.2110e-02,-0.0148437,0.00193375,4.89927
2.2120e-02,-0.0148437,0.00218625,4.89552
2.2130e-02,-0.0276563,0.000930313,4.89615
2.2140e-02,-0.0304688,0.00101,4.89959
2.2150e-02,-0.02875,0.00094,4.90521
2.2160e-02,-0.0196875,0.00124281,4.87521
2.2170e-02,-0.0165625,0.00112719,4.88552
2.2180e-02,-0.0201563,0.00123844,4.90928
2.2190e-02,-0.02375,0.00143375,4.89459
2.2200e-02,-0.0134375,0.00149844,4.91396
2.2210e-02,-0.0151562,0.00132938,4.91365
2.2220e-02,-0.0104688,0.00162781,4.91709
2.2230e-02,-0.01875,0.00137781,4.89521
2.2240e-02,-0.0215625,0.00151719,4.88959
2.2250e-02,-0.0132813,0.00100625,4.8749
2.2260e-02,-0.0296875,0.00168281,4.89459
2.2270e-02,-0.0229687,0.00132375,4.90896
2.2280e-02,-0.0207813,0.00179531,4.91959
2.2290e-02,-0.02375,0.00213188,4.93084
2.2300e-02,-0.0234375,0.00194781,4.90834
2.2310e-02,-0.03625,0.0011625,4.8874
2.2320e-02,-0.013125,0.00175594,4.87303
2.2330e-02,-0.0273438,0.000945,4.89584
2.2340e-02,-0.0167188,0.00145625,4.9049
2.2350e-02,-0.0195312,0.00240094,4.91896
2.2360e-02,-0.0334375,0.00231562,4.88459
2.2370e-02,-0.0270312,0.00173188,4.88209
2.2380e-02,-0.0251563,0.00183031,4.8949
2.2390e-02,-0.0214063,0.00131313,4.88334
2.2400e-02,-0.03,0.000183125,4.88021
2.2410e-02,-0.0142188,0.000775625,4.88959
2.2420e-02,-0.0271875,0.000761875,4.90334
2.2430e-02,-0.028125,0.00172438,4.88615
2.2440e-02,-0.018125,0.00151,4.88959
2.2450e-02,-0.0292188,0.00122375,4.91584
2.2460e-02,-0.0153125,0.00194438,4.87771
2.2470e-02,-0.0375,0.0018825,4.86521
2.2480e-02,-0.0164063,0.00106156,4.8749
2.2490e-02,-0.0176563,0.0015,4.88084
2.2500e-02,-0.029375,0.00199844,4.9224
2.2510e-02,-0.0301563,0.00171406,4.93178
2.2520e-02,-0.0320312,0.00175781,4.92584
2.2530e-02,-0.0271875,0.00279063,4.88115
2.2540e-02,-0.0260937,0.00119656,4.8674
2.2550e-02,-0.0140625,0.00153438,4.89396
2.2560e-02,-0.0245313,0.000979688,4.87771
2.2570e-02,-0.0442188,0.0005175,4.92146
2.2580e-02,-0.03375,0.00210563,4.89615
2.2590e-02,-0.0126563,0.00239719,4.90865
2.2600e-02,-0.0184375,0.00197625,4.91209
2.2610e-02,-0.0342187,0.00116125,4.88584
2.2620e-02,-0.0189062,0.00149688,4.85427
2.2630e-02,-0.0239063,0.00091,4.8849
2.2640e-02,-0.0240625,0.000359375,4.90615
2.2650e-02,-0.0354688,0.00131563,4.93709
2.2660e-02,-0.0239063,0.00218969,4.92365
2.2670e-02,-0.028125,0.00193938,4.89584
2.2680e-02,-0.0276563,0.00175938,4.89615
2.2690e-02,-0.0229687,0.00198469,4.88896
2.2700e-02,-0.0284375,0.00124094,4.89365
2.2710e-02,-0.0221875,0.00133375,4.87709
2.2720e-02,-0.0221875,0.001325,4.91084
2.2730e-02,-0.0228125,0.00179406,4.91709
2.2740e-02,-0.0246875,0.00131938,4.91709
2.2750e-02,-0.0317188,0.00176594,4.9149
2.2760e-02,-0.0221875,0.00208563,4.89302
2.2770e-02,-0.0298438,0.00235219,4.87865
2.2780e-02,-0.02125,0.00128281,4.88428
2.2790e-02,-0.0201563,0.00102031,4.88459
2.2800e-02,-0.01625,0.00134844,4.92584
2.2810e-02,-0.0310937,0.0015175,4.8974
2.2820e-02,-0.0310937,0.00149781,4.92865
2.2830e-02,-0.0196875,0.00155594,4.89803
2.2840e-02,-0.0315625,0.00172969,4.88334
2.2850e-02,-0.0301563,0.000768438,4.86834
2.2860e-02,-0.0304688,0.000584375,4.88834
2.2870e-02,-0.029375,0.00110281,4.90865
2.2880e-02,-0.0210938,0.00164781,4.8999
2.2890e-02,-0.0275,0.00143156,4.91709
2.2900e-02,-0.035,0.00195188,4.94334
2.2910e-02,-0.0385937,0.00205031,4.8899
2.2920e-02,-0.015,0.00166625,4.8674
2.2930e-02,-0.0195312,0.0009425,4.87834
2.2940e-02,-0.030625,0.0007625,4.87021
2.2950e-02,-0.0275,0.00070875,4.90896
2.2960e-02,-0.0367188,0.00161031,4.94303
2.2970e-02,-0.0267187,0.001655,4.92365
2.2980e-02,-0.0139063,0.002025,4.90615
2.2990e-02,-0.0259375,0.00188781,4.8674
2.3000e-02,-0.0251563,0.00141375,4.88271
2.3010e-02,-0.0339062,0.0016975,4.88115
2.3020e-02,-0.0367188,0.000833125,4.91396
2.3030e-02,-0.0320312,0.000815,4.90646
2.3040e-02,-0.0140625,0.00156219,4.91584
2.3050e-02,-0.026875,0.00229688,4.92865
2.3060e-02,-0.0257812,0.00204281,4.89209
2.3070e-02,-0.0314062,0.00285938,4.88959
2.3080e-02,-0.0329688,0.00219812,4.87709
2.3090e-02,-0.0326562,0.0015375,4.88584
2.3100e-02,-0.0423437,0.000810625,4.91834
2.3110e-02,-0.0373438,0.000938125,4.90928
2.3120e-02,-0.0314062,0.00160781,4.9099
2.3130e-02,-0.035625,0.00186875,4.88053
2.3140e-02,-0.0292188,0.00243688,4.8649
2.3150e-02,-0.0357813,0.00247313,4.89396
2.3160e-02,-0.0185937,0.00205781,4.88959
2.3170e-02,-0.0517188,0.00186125,4.90553
2.3180e-02,-0.02,6.25e-05,4.90584
2.3190e-02,-0.03375,0.00133875,4.89084
2.3200e-02,-0.04375,0.00101,4.93115
2.3210e-02,-0.0278125,0.0011325,4.86959
2.3220e-02,-0.03125,0.00173906,4.86459
2.3230e-02,-0.0342187,0.00159344,4.86115
2.3240e-02,-0.01625,0.00186094,4.8824
2.3250e-02,-0.0196875,0.00189531,4.90084
2.3260e-02,-0.0370313,0.00128875,4.92115
2.3270e-02,-0.039375,0.00104156,4.91677
2.3280e-02,-0.0275,0.00162969,4.89021
2.3290e-02,-0.0246875,0.00291031,4.89896
2.3300e-02,-0.0310937,0.00248063,4.87552
2.3310e-02,-0.0359375,0.00166313,4.88428
2.3320e-02,-0.0392187,0.00185906,4.8924
2.3330e-02,-0.0382813,0.00103344,4.90396
2.3340e-02,-0.0267187,0.000763438,4.91553
2.3350e-02,-0.0323438,0.00253375,4.89428
2.3360e-02,-0.0242188,0.00201094,4.89959
2.3370e-02,-0.0298438,0.00280875,4.8949
2.3380e-02,-0.0334375,0.00201063,4.87521
2.3390e-02,-0.0292188,0.00204656,4.86865
2.3400e-02,-0.036875,0.00177031,4.9124
2.3410e-02,-0.0309375,0.00126344,4.90553
2.3420e-02,-0.025625,6.625e-05,4.90553
2.3430e-02,-0.0398437,0.000775938,4.90896
2.3440e-02,-0.0395313,0.00169031,4.87177
2.3450e-02,-0.0284375,0.00149594,4.93115
2.3460e-02,-0.0375,0.00142625,4.88084
2.3470e-02,-0.026875,0.00230281,4.8749
2.3480e-02,-0.0315625,0.00159563,4.90709
2.3490e-02,-0.026875,0.000820625,4.91021
2.3500e-02,-0.0357813,0.00101594,4.91771
2.3510e-02,-0.0301563,0.00120563,4.91115
2.3520e-02,-0.0479688,0.00213313,4.90053
2.3530e-02,-0.0373438,0.00309344,4.87865
2.3540e-02,-0.0403125,0.00142688,4.89428
2.3550e-02,-0.035,0.00122219,4.88428
2.3560e-02,-0.0359375,0.00142,4.9099
2.3570e-02,-0.0317188,5e-06,4.91365
2.3580e-02,-0.0409375,0.0003425,4.92178
2.3590e-02,-0.0307813,0.00129813,4.8949
2.3600e-02,-0.0307813,0.00192563,4.89927
2.3610e-02,-0.0210938,0.00276563,4.8974
2.3620e-02,-0.03,0.00192594,4.88615
2.3630e-02,-0.0282813,0.00128094,4.91021
2.3640e-02,-0.0242188,0.00101063,4.91615
2.3650e-02,-0.0339062,0.00114188,4.92146
2.3660e-02,-0.034375,0.00200063,4.88396
2.3670e-02,-0.0351562,0.00164688,4.87709
2.3680e-02,-0.038125,0.00176906,4.89334
2.3690e-02,-0.0303125,0.00191875,4.86396
2.3700e-02,-0.0217188,0.00246625,4.93427
2.3710e-02,-0.021875,0.00119656,4.89646
2.3720e-02,-0.0428125,0.00107344,4.88927
2.3730e-02,-0.0420312,-0.000253438,4.90459
2.3740e-02,-0.0403125,0.00063125,4.8949
2.3750e-02,-0.0332812,0.00183406,4.86928
2.3760e-02,-0.0396875,0.00202313,4.89552
2.3770e-02,-0.0371875,0.00220625,4.9099
2.3780e-02,-0.0471875,0.00166688,4.90396
2.3790e-02,-0.0301563,0.00148875,4.90834
2.3800e-02,-0.045625,0.0008375,4.88959
2.3810e-02,-0.0251563,0.000748125,4.88053
2.3820e-02,-0.0282813,0.000535,4.89521
2.3830e-02,-0.0178125,0.00202063,4.87678
2.3840e-02,-0.0304688,0.00245188,4.85678
2.3850e-02,-0.0335937,0.00266781,4.9074
2.3860e-02,-0.0421875,0.00187938,4.89302
2.3870e-02,-0.0323438,0.001325,4.89271
2.3880e-02,-0.0429688,0.000835625,4.8999
2.3890e-02,-0.0254688,0.000935938,4.90771
2.3900e-02,-0.0415625,0.00145594,4.85928
2.3910e-02,-0.0351562,0.00275563,4.87053
2.3920e-02,-0.0210938,0.00299656,4.8849
2.3930e-02,-0.0304688,0.00194344,4.90959
2.3940e-02,-0.033125,0.00184281,4.91209
2.3950e-02,-0.021875,0.00155125,4.92271
2.3960e-02,-0.031875,0.000725938,4.92865
2.3970e-02,-0.0359375,0.00100375,4.8899
2.3980e-02,-0.0360938,0.00161813,4.86802
2.3990e-02,-0.0348437,0.00280906,4.88146
2.4000e-02,-0.0276563,0.00297906,4.92615
2.4010e-02,-0.0432813,0.00254156,4.9149
2.4020e-02,-0.0382813,0.00205406,4.89178
2.4030e-02,-0.036875,0.000185313,4.91584
2.4040e-02,-0.02875,-0.00011125,4.89615
2.4050e-02,-0.0348437,0.000189688,4.87146
2.4060e-02,-0.044375,0.00185125,4.87084
2.4070e-02,-0.02875,0.00317031,4.90021
2.4080e-02,-0.0253125,0.00304906,4.8974
2.4090e-02,-0.0346875,0.00279625,4.89396
2.4100e-02,-0.0365625,0.00210656,4.91584
2.4110e-02,-0.0320312,0.000379375,4.89709
2.4120e-02,-0.0328125,-0.000445938,4.9099
2.4130e-02,-0.0357813,0.00045375,4.88678
2.4140e-02,-0.0321875,0.00201969,4.85584
2.4150e-02,-0.0417187,0.00311656,4.89584
2.4160e-02,-0.0351562,0.0032725,4.88615
2.4170e-02,-0.0328125,0.00311469,4.89428
2.4180e-02,-0.0284375,0.00134719,4.88865
2.4190e-02,-0.0340625,0.000173438,4.88459
2.4200e-02,-0.0475,2.125e-05,4.88521
2.4210e-02,-0.0295313,0.00095625,4.8824
2.4220e-02,-0.0265625,0.00179781,4.88709
2.4230e-02,-0.0378125,0.00308281,4.8699
2.4240e-02,-0.0282813,0.0037525,4.87771
2.4250e-02,-0.031875,0.00299969,4.91146
2.4260e-02,-0.0365625,0.00124063,4.88615
2.4270e-02,-0.0251563,-0.000613438,4.8974
2.4280e-02,-0.0365625,-0.00147469,4.89053
2.4290e-02,-0.0320312,0.0005925,4.88678
2.4300e-02,-0.0284375,0.00319344,4.89302
2.4310e-02,-0.041875,0.00475219,4.91427
2.4320e-02,-0.0425,0.00445813,4.91521
2.4330e-02,-0.0320312,0.00247438,4.88803
2.4340e-02,-0.0423437,-0.00032125,4.86177
2.4350e-02,-0.04125,-0.00181094,4.86396
2.4360e-02,-0.035625,-0.000568438,4.88709
2.4370e-02,-0.0303125,0.00221563,4.87927
2.4380e-02,-0.0332812,0.00548375,4.89646
2.4390e-02,-0.0259375,0.00758406,4.89521
2.4400e-02,-0.0375,0.00520375,4.92303
2.4410e-02,-0.0309375,0.000265313,4.89115
2.4420e-02,-0.038125,-0.00458813,4.88959
2.4430e-02,-0.0503125,-0.00665094,4.86896
2.4440e-02,-0.0321875,-0.00401156,4.8749
2.4450e-02,-0.0501562,0.00267,4.89646
2.4460e-02,-0.0307813,0.00894813,4.90365
2.4470e-02,-0.0253125,0.00958906,4.89302
2.4480e-02,-0.04375,0.00850094,4.90553
2.4490e-02,-0.0307813,0.00142375,4.89084
2.4500e-02,-0.0371875,-0.00570938,4.87615
2.4510e-02,-0.0339062,-0.00874031,4.87021
2.4520e-02,-0.0289063,-0.0057625,4.89271
2.4530e-02,-0.0260937,0.000846875,4.9249
2.4540e-02,-0.0326562,0.00765813,4.92209
2.4550e-02,-0.0376563,0.00970813,4.92615
2.4560e-02,-0.0390625,0.00745438,4.90959
2.4570e-02,-0.0303125,0.00232438,4.89584
2.4580e-02,-0.0410937,-0.00280781,4.87834
2.4590e-02,-0.0382813,-0.00422281,4.88115
2.4600e-02,-0.0345312,-0.00237688,4.86928
2.4610e-02,-0.03375,0.0020275,4.87146
2.4620e-02,-0.0401563,0.00527969,4.90428
2.4630e-02,-0.030625,0.00539344,4.88959
2.4640e-02,-0.0314062,0.00329844,4.89959
2.4650e-02,-0.031875,0.000699688,4.88177
2.4660e-02,-0.0276563,-0.00131219,4.88959
2.4670e-02,-0.0385937,-0.00112719,4.92209
2.4680e-02,-0.0315625,0.000805,4.87552
2.4690e-02,-0.0384375,0.00299188,4.92271
2.4700e-02,-0.0395313,0.00426906,4.9274
2.4710e-02,-0.0425,0.003345,4.90521
2.4720e-02,-0.0379688,0.00211438,4.86427
2.4730e-02,-0.0321875,0.000565,4.89584
2.4740e-02,-0.045,-0.00134781,4.90053
2.4750e-02,-0.04625,0.000105,4.88146
2.4760e-02,-0.0364063,0.000710938,4.90646
2.4770e-02,-0.0392187,0.00266438,4.92303
2.4780e-02,-0.0273438,0.003,4.91084
2.4790e-02,-0.0345312,0.00267625,4.88834
2.4800e-02,-0.0342187,0.00195844,4.88459
2.4810e-02,-0.0384375,0.00029,4.87771
2.4820e-02,-0.0323438,0.000454688,4.89646
2.4830e-02,-0.0414063,0.000695,4.92396
2.4840e-02,-0.0359375,0.00146094,4.8874
2.4850e-02,-0.0414063,0.00212781,4.91302
2.4860e-02,-0.0346875,0.00273969,4.91803
2.4870e-02,-0.0548437,0.002865,4.87146
2.4880e-02,-0.0253125,0.00170594,4.9024
2.4890e-02,-0.039375,0.000905938,4.87865
2.4900e-02,-0.0532813,0.000805,4.8874
2.4910e-02,-0.0321875,0.000866563,4.90646
2.4920e-02,-0.0253125,0.00192781,4.91646
2.4930e-02,-0.026875,0.00259531,4.94115
2.4940e-02,-0.0423437,0.00318156,4.89615
2.4950e-02,-0.028125,0.00224094,4.90428
2.4960e-02,-0.0340625,0.000479688,4.88365
2.4970e-02,-0.0398437,0.0003175,4.89615
2.4980e-02,-0.0373438,0.000525938,4.89053
2.4990e-02,-0.0426562,0.00160344,4.92115
2.5000e-02,-0.0378125,0.00205531,4.93615
2.5010e-02,-0.034375,0.00239219,4.89271
2.5020e-02,-0.0332812,0.00308438,4.8949
2.5030e-02,-0.0423437,0.00294938,4.86802
2.5040e-02,-0.043125,0.00145813,4.87177
2.5050e-02,-0.0396875,0.000730938,4.87646
2.5060e-02,-0.0298438,0.001115,4.90146
2.5070e-02,-0.0489062,0.000937188,4.91427
2.5080e-02,-0.0454688,0.00199563,4.8949
2.5090e-02,-0.040625,0.00290219,4.9049
2.5100e-02,-0.0234375,0.00213375,4.88834
2.5110e-02,-0.0395313,0.00187094,4.87552
2.5120e-02,-0.0376563,0.00138969,4.86802
2.5130e-02,-0.0423437,0.000306563,4.85865
2.5140e-02,-0.0303125,-0.000185625,4.91834
2.5150e-02,-0.0398437,0.000462188,4.93084
2.5160e-02,-0.0467188,0.00147031,4.90428
2.5170e-02,-0.0242188,0.00199313,4.86959
2.5180e-02,-0.03,0.00180531,4.87865
2.5190e-02,-0.0378125,0.00143031,4.88271
2.5200e-02,-0.0346875,0.00109625,4.8949
2.5210e-02,-0.0264062,8.96875e-05,4.89302
2.5220e-02,-0.0376563,0.00107938,4.91115
2.5230e-02,-0.040625,0.00154,4.92334
2.5240e-02,-0.0340625,0.00243656,4.8824
2.5250e-02,-0.0314062,0.00277781,4.87803
2.5260e-02,-0.0432813,0.00248906,4.88803
2.5270e-02,-0.043125,0.00182969,4.8649
2.5280e-02,-0.0292188,0.000903125,4.88959
2.5290e-02,-0.0307813,0.00149063,4.91021
2.5300e-02,-0.0420312,0.000916563,4.91115
2.5310e-02,-0.0314062,0.00194344,4.92928
2.5320e-02,-0.0309375,0.00234406,4.88209
2.5330e-02,-0.0426562,0.00276313,4.89615
2.5340e-02,-0.0376563,0.00268719,4.91084
2.5350e-02,-0.0276563,0.00193469,4.86584
2.5360e-02,-0.0401563,0.00111125,4.91553
2.5370e-02,-0.0334375,0.00216563,4.9149
2.5380e-02,-0.040625,0.00142219,4.90084
2.5390e-02,-0.0315625,0.00229031,4.88709
2.5400e-02,-0.03125,0.001775,4.87303
2.5410e-02,-0.038125,0.00248813,4.87084
2.5420e-02,-0.0403125,0.00181344,4.85553
2.5430e-02,-0.0334375,0.00136719,4.90896
2.5440e-02,-0.043125,0.00154344,4.89552
2.5450e-02,-0.0395313,0.000423125,4.93802
2.5460e-02,-0.0501562,0.000710938,4.88709
2.5470e-02,-0.0315625,0.001475,4.88552
2.5480e-02,-0.0301563,0.00102375,4.88552
2.5490e-02,-0.0414063,0.0016275,4.89959
2.5500e-02,-0.0382813,0.00196531,4.87146
2.5510e-02,-0.0467188,0.0016,4.88927
2.5520e-02,-0.043125,0.000968125,4.91146
2.5530e-02,-0.03125,0.00111875,4.93021
2.5540e-02,-0.0426562,0.00127094,4.90365
2.5550e-02,-0.043125,0.001635,4.90396
2.5560e-02,-0.036875,0.00235688,4.8774
2.5570e-02,-0.0345312,0.00209781,4.88428
2.5580e-02,-0.0290625,0.00186281,4.9074
2.5590e-02,-0.0434375,0.00124156,4.91553
2.5600e-02,-0.041875,0.00114063,4.90553
2.5610e-02,-0.0379688,0.00168125,4.92959
2.5620e-02,-0.035,0.00226938,4.90803
2.5630e-02,-0.03375,0.00163219,4.85928
2.5640e-02,-0.0428125,0.00257031,4.8824
2.5650e-02,-0.0384375,0.00204469,4.87209
2.5660e-02,-0.0257812,0.00125063,4.87615
2.5670e-02,-0.0276563,0.000419688,4.89803
2.5680e-02,-0.0446875,0.00153219,4.92209
2.5690e-02,-0.0379688,0.000265,4.89302
2.5700e-02,-0.0378125,0.000823438,4.88146
2.5710e-02,-0.03125,0.00201875,4.87615
2.5720e-02,-0.0403125,0.00259469,4.85365
2.5730e-02,-0.0425,0.001865,4.8999
2.5740e-02,-0.0265625,0.00222125,4.8974
2.5750e-02,-0.0435938,0.00159531,4.91334
2.5760e-02,-0.0404687,0.000691875,4.90677
2.5770e-02,-0.0357813,0.00177,4.91146
2.5780e-02,-0.0434375,0.0016275,4.87334
2.5790e-02,-0.0367188,0.001575,4.88084
2.5800e-02,-0.046875,0.00196437,4.86709
2.5810e-02,-0.0385937,0.00191531,4.9174
2.5820e-02,-0.0439063,0.00171563,4.91584
2.5830e-02,-0.0482812,0.00140875,4.9074
2.5840e-02,-0.049375,0.00105969,4.93771
2.5850e-02,-0.0320312,0.00125938,4.90084
2.5860e-02,-0.0328125,0.00151469,4.90146
2.5870e-02,-0.036875,0.00176375,4.88552
2.5880e-02,-0.0379688,0.0021825,4.88896
2.5890e-02,-0.0339062,0.00160469,4.89271
2.5900e-02,-0.050625,0.00179531,4.90146
2.5910e-02,-0.0389063,0.00130656,4.90209
2.5920e-02,-0.0401563,0.00086,4.8974
2.5930e-02,-0.0275,0.00205438,4.86271
2.5940e-02,-0.0507812,0.00220219,4.86959
2.5950e-02,-0.0459375,0.00218156,4.8749
2.5960e-02,-0.049375,0.00252188,4.90365
2.5970e-02,-0.0396875,0.00111594,4.90459
2.5980e-02,-0.035625,0.00123875,4.91928
2.5990e-02,-0.0340625,0.00150125,4.88709
2.6000e-02,-0.0357813,0.00183719,4.85928
2.6010e-02,-0.0396875,0.001705,4.90365
2.6020e-02,-0.0460938,0.00248906,4.85771
2.6030e-02,-0.0417187,0.00209344,4.86021
2.6040e-02,-0.03625,0.00179094,4.88709
2.6050e-02,-0.0321875,0.00216656,4.9074
2.6060e-02,-0.0373438,0.00138313,4.92677
2.6070e-02,-0.0478125,0.000337188,4.8949
2.6080e-02,-0.0345312,0.00134125,4.89521
2.6090e-02,-0.0446875,0.0022175,4.88428
2.6100e-02,-0.0303125,0.00262281,4.88396
2.6110e-02,-0.0490625,0.0024075,4.90021
2.6120e-02,-0.0507812,0.002495,4.91646
2.6130e-02,-0.0482812,0.00178469,4.90615
2.6140e-02,-0.0315625,0.00099875,4.87927
2.6150e-02,-0.0271875,0.00138781,4.89053
2.6160e-02,-0.0507812,0.00185563,4.90021
2.6170e-02,-0.0432813,0.00186438,4.86709
2.6180e-02,-0.0539063,0.00149313,4.88334
2.6190e-02,-0.0407813,0.00281344,4.8974
2.6200e-02,-0.0264062,0.00228469,4.91146
2.6210e-02,-0.0434375,0.00165938,4.94053
2.6220e-02,-0.0409375,0.00129,4.88865
2.6230e-02,-0.0476562,0.00139094,4.86678
2.6240e-02,-0.0310937,0.000726563,4.89584
2.6250e-02,-0.0410937,0.00149438,4.87896
2.6260e-02,-0.0376563,0.00202156,4.87896
2.6270e-02,-0.0379688,0.00247281,4.9199
2.6280e-02,-0.0409375,0.00203406,4.92802
2.6290e-02,-0.0465625,0.00146281,4.92021
2.6300e-02,-0.0420312,0.000775,4.8824
2.6310e-02,-0.0404687,0.000874375,4.90834
2.6320e-02,-0.0410937,0.00147938,4.8674
2.6330e-02,-0.0423437,0.00210844,4.8924
2.6340e-02,-0.046875,0.0018925,4.91302
2.6350e-02,-0.0459375,0.00170406,4.92303
2.6360e-02,-0.0357813,0.00112125,4.93865
2.6370e-02,-0.0484375,0.00205938,4.91052
2.6380e-02,-0.035625,0.00143031,4.88177
2.6390e-02,-0.0385937,0.00101219,4.9024
2.6400e-02,-0.03125,0.00117844,4.87552
2.6410e-02,-0.0396875,0.00139844,4.89615
2.6420e-02,-0.0445313,0.00162531,4.90646
2.6430e-02,-0.0307813,0.00161781,4.94053
2.6440e-02,-0.0432813,0.00193656,4.90677
2.6450e-02,-0.0398437,0.00116281,4.88053
2.6460e-02,-0.0382813,0.00115813,4.89959
2.6470e-02,-0.04375,0.000804063,4.89146
2.6480e-02,-0.0542187,0.00155094,4.8899
2.6490e-02,-0.0425,0.00135031,4.88709
2.6500e-02,-0.0357813,0.00187094,4.90271
2.6510e-02,-0.0359375,0.00226313,4.91365
2.6520e-02,-0.040625,0.00148188,4.88271
2.6530e-02,-0.0410937,0.00149625,4.89834
2.6540e-02,-0.0404687,0.00057125,4.86771
2.6550e-02,-0.05,0.00120906,4.88334
2.6560e-02,-0.0495312,0.000937813,4.89584
2.6570e-02,-0.0409375,0.00188,4.89927
2.6580e-02,-0.04375,0.00217906,4.89053
2.6590e-02,-0.0410937,0.00171938,4.92802
2.6600e-02,-0.03875,0.00193031,4.89959
2.6610e-02,-0.0389063,0.001295,4.87334
2.6620e-02,-0.0375,0.00102,4.88896
2.6630e-02,-0.0328125,0.0015175,4.90428
2.6640e-02,-0.0425,0.00172125,4.8949
2.6650e-02,-0.0496875,0.00175875,4.88959
2.6660e-02,-0.0451563,0.00195125,4.90209
2.6670e-02,-0.041875,0.00121406,4.93052
2.6680e-02,-0.0414063,0.0015475,4.8824
2.6690e-02,-0.0439063,0.00144094,4.8599
2.6700e-02,-0.0529687,0.00157813,4.87053
2.6710e-02,-0.036875,0.00133281,4.89615
2.6720e-02,-0.0335937,0.00132594,4.89615
2.6730e-02,-0.0271875,0.0017025,4.88896
2.6740e-02,-0.0432813,0.00193125,4.89646
2.6750e-02,-0.0371875,0.00216813,4.90834
2.6760e-02,-0.0551563,0.000818125,4.91677
2.6770e-02,-0.031875,0.00152875,4.84303
2.6780e-02,-0.043125,0.00142344,4.90771
2.6790e-02,-0.038125,0.00149125,4.87146
2.6800e-02,-0.0309375,0.00214188,4.89209
2.6810e-02,-0.0425,0.0021325,4.90053
2.6820e-02,-0.0426562,0.00191625,4.90178
2.6830e-02,-0.0484375,0.00164438,4.87834
2.6840e-02,-0.0409375,0.00116031,4.87396
2.6850e-02,-0.0460938,0.00127906,4.87459
2.6860e-02,-0.0385937,0.0016,4.85584
2.6870e-02,-0.051875,0.00181813,4.87459
2.6880e-02,-0.0457813,0.00255281,4.88584
2.6890e-02,-0.0279688,0.00201875,4.90709
2.6900e-02,-0.0415625,0.00205031,4.87521
2.6910e-02,-0.0509375,0.0022675,4.88521
2.6920e-02,-0.0375,0.0014175,4.89428
2.6930e-02,-0.0470312,0.000782188,4.89677
2.6940e-02,-0.0398437,0.000955938,4.89771
2.6950e-02,-0.0473438,0.000923125,4.89428
2.6960e-02,-0.0417187,0.001955,4.89334
2.6970e-02,-0.0454688,0.00208281,4.90178
2.6980e-02,-0.0454688,0.00201156,4.87365
2.6990e-02,-0.038125,0.00135906,4.88584
2.7000e-02,-0.04875,0.00173969,4.87428
2.7010e-02,-0.0445313,0.00196688,4.89834
2.7020e-02,-0.0378125,0.000948438,4.90459
2.7030e-02,-0.0379688,0.000919375,4.90896
2.7040e-02,-0.0492188,0.00146719,4.90365
2.7050e-02,-0.0495312,0.00155438,4.90928
2.7060e-02,-0.0314062,0.00188406,4.87959
2.7070e-02,-0.043125,0.00129531,4.87865
2.7080e-02,-0.0479688,0.00133,4.8974
2.7090e-02,-0.0471875,0.0014675,4.89834
2.7100e-02,-0.0384375,0.00108406,4.91615
2.7110e-02,-0.0353125,0.001275,4.92396
2.7120e-02,-0.0504687,0.00196094,4.8999
2.7130e-02,-0.0271875,0.00247219,4.86896
2.7140e-02,-0.0423437,0.00206219,4.88209
2.7150e-02,-0.0357813,0.00248156,4.88146
2.7160e-02,-0.040625,0.00169438,4.91052
2.7170e-02,-0.0367188,0.0008425,4.91209
2.7180e-02,-0.0425,0.00123219,4.90396
2.7190e-02,-0.0423437,0.00121063,4.89584
2.7200e-02,-0.0470312,0.00131406,4.90084
2.7210e-02,-0.0426562,0.00182188,4.87177
2.7220e-02,-0.04125,0.00271156,4.87303
2.7230e-02,-0.0496875,0.00182188,4.91271
2.7240e-02,-0.03,0.00188938,4.8774
2.7250e-02,-0.0401563,0.00125563,4.92021
2.7260e-02,-0.0432813,0.0006975,4.92052
2.7270e-02,-0.05,0.000620313,4.88521
2.7280e-02,-0.03375,0.00098875,4.8724
2.7290e-02,-0.0423437,0.0012425,4.89209
2.7300e-02,-0.0346875,0.00221844,4.87803
2.7310e-02,-0.0473438,0.00158188,4.88865
2.7320e-02,-0.0385937,0.00160344,4.88646
2.7330e-02,-0.0426562,0.00109031,4.9024
2.7340e-02,-0.0420312,0.00191406,4.91427
2.7350e-02,-0.0492188,0.00181875,4.93678
2.7360e-02,-0.0284375,0.00176375,4.90584
2.7370e-02,-0.0435938,0.00249938,4.88803
2.7380e-02,-0.0467188,0.00109719,4.89521
2.7390e-02,-0.0420312,0.00190594,4.89334
2.7400e-02,-0.0473438,0.00137313,4.93209
2.7410e-02,-0.0403125,0.000989688,4.90834
2.7420e-02,-0.0432813,0.00159469,4.91021
2.7430e-02,-0.039375,0.00196313,4.90271
2.7440e-02,-0.0404687,0.00196906,4.88146
2.7450e-02,-0.0514063,0.00209187,4.89302
2.7460e-02,-0.0382813,0.00142281,4.88334
2.7470e-02,-0.0360938,0.00165594,4.88927
2.7480e-02,-0.03625,0.00163344,4.9074
2.7490e-02,-0.0445313,0.00137656,4.9049
2.7500e-02,-0.0504687,0.00166969,4.92115
2.7510e-02,-0.0490625,0.00230125,4.89834
2.7520e-02,-0.0435938,0.00198094,4.88053
2.7530e-02,-0.04,0.00159,4.8549
2.7540e-02,-0.0473438,0.00221406,4.88584
2.7550e-02,-0.0434375,0.00154438,4.90896
2.7560e-02,-0.0329688,0.000963125,4.89271
2.7570e-02,-0.0478125,0.001855,4.9224
2.7580e-02,-0.0353125,0.00133875,4.89115
2.7590e-02,-0.0490625,0.000675625,4.88396
2.7600e-02,-0.0275,0.0016575,4.87552
2.7610e-02,-0.0423437,0.002065,4.89771
2.7620e-02,-0.0476562,0.00187938,4.8724
2.7630e-02,-0.0314062,0.00113156,4.89334
2.7640e-02,-0.0415625,0.00129625,4.90646
2.7650e-02,-0.0389063,0.00158344,4.91396
2.7660e-02,-0.0367188,0.00157531,4.88021
2.7670e-02,-0.0525,0.00213094,4.8824
2.7680e-02,-0.0457813,0.00189563,4.87927
2.7690e-02,-0.04875,0.00180219,4.89615
2.7700e-02,-0.0475,0.002375,4.89459
2.7710e-02,-0.0457813,0.000744688,4.91052
2.7720e-02,-0.0390625,0.00121844,4.89927
2.7730e-02,-0.039375,0.00220438,4.90396
2.7740e-02,-0.0484375,0.00252063,4.89115
2.7750e-02,-0.04625,0.00179469,4.87303
2.7760e-02,-0.03125,0.00163906,4.87021
2.7770e-02,-0.04625,0.00260219,4.9074
2.7780e-02,-0.051875,0.00181625,4.91115
2.7790e-02,-0.0503125,0.00105219,4.9149
2.7800e-02,-0.0459375,0.00118906,4.9074
2.7810e-02,-0.0379688,0.00110625,4.87615
2.7820e-02,-0.0335937,0.00186438,4.87146
2.7830e-02,-0.0378125,0.00214562,4.89146
2.7840e-02,-0.0315625,0.00239125,4.88521
2.7850e-02,-0.0485938,0.00216656,4.88896
2.7860e-02,-0.0504687,0.00125688,4.90053
2.7870e-02,-0.0335937,0.00135125,4.9124
2.7880e-02,-0.0446875,0.000932813,4.88053
2.7890e-02,-0.0498438,0.00150594,4.89302
2.7900e-02,-0.0370313,0.002125,4.87646
2.7910e-02,-0.0465625,0.002385,4.86303
2.7920e-02,-0.0385937,0.00237594,4.89053
2.7930e-02,-0.0459375,0.00165438,4.8999
2.7940e-02,-0.0395313,0.00125688,4.90865
2.7950e-02,-0.0354688,0.000709688,4.9049
2.7960e-02,-0.0490625,0.00137031,4.8849
2.7970e-02,-0.0360938,0.00111219,4.86646
2.7980e-02,-0.0473438,0.0024475,4.8774
2.7990e-02,-0.0364063,0.0023275,4.89334
2.8000e-02,-0.0498438,0.00122406,4.87927
2.8010e-02,-0.0379688,0.00182594,4.90084
2.8020e-02,-0.0501562,0.0017275,4.89302
2.8030e-02,-0.0445313,0.0004675,4.90553
2.8040e-02,-0.040625,0.00134844,4.89021
2.8050e-02,-0.0532813,0.001595,4.86834
2.8060e-02,-0.0509375,0.00146813,4.89646
2.8070e-02,-0.0451563,0.00200188,4.88834
2.8080e-02,-0.0525,0.00209281,4.91553
2.8090e-02,-0.04625,0.00194875,4.92146
2.8100e-02,-0.045,0.00110938,4.90302
2.8110e-02,-0.0495312,0.00140281,4.91521
2.8120e-02,-0.0464062,0.00161188,4.90053
2.8130e-02,-0.0425,0.00203937,4.87646
2.8140e-02,-0.040625,0.00246125,4.88896
2.8150e-02,-0.0503125,0.0029525,4.91146
2.8160e-02,-0.0417187,0.00183125,4.89178
2.8170e-02,-0.03875,0.00175125,4.88865
2.8180e-02,-0.0329688,0.0011225,4.89428
2.8190e-02,-0.048125,0.000959063,4.88396
2.8200e-02,-0.0564063,0.00135219,4.88146
2.8210e-02,-0.0525,0.00195312,4.8649
2.8220e-02,-0.0521875,0.00188438,4.87584
2.8230e-02,-0.05125,0.00206,4.90053
2.8240e-02,-0.0446875,0.00192094,4.89396
2.8250e-02,-0.0426562,0.000988438,4.91302
2.8260e-02,-0.0421875,0.00123719,4.91834
2.8270e-02,-0.0403125,0.000648125,4.88146
2.8280e-02,-0.0582813,0.00153125,4.87771
2.8290e-02,-0.0396875,0.00233531,4.89271
2.8300e-02,-0.038125,0.00298125,4.88771
2.8310e-02,-0.045625,0.00236719,4.86334
2.8320e-02,-0.0423437,0.00156656,4.89115
2.8330e-02,-0.0439063,0.000749375,4.91553
2.8340e-02,-0.053125,-0.000299063,4.88365
2.8350e-02,-0.0315625,0.000289688,4.87552
2.8360e-02,-0.0323438,0.00153938,4.88428
2.8370e-02,-0.0528125,0.00339,4.89053
2.8380e-02,-0.0379688,0.00390094,4.90646
2.8390e-02,-0.0485938,0.00280188,4.90459
2.8400e-02,-0.0442188,0.00173813,4.90677
2.8410e-02,-0.04875,0.0012775,4.9349
2.8420e-02,-0.0364063,0.00126969,4.88896
2.8430e-02,-0.0478125,0.00120469,4.87084
2.8440e-02,-0.0409375,0.00127188,4.88146
2.8450e-02,-0.05375,0.00136719,4.88615
2.8460e-02,-0.055625,0.00117344,4.91209
2.8470e-02,-0.0460938,0.00133469,4.93678
2.8480e-02,-0.974375,0.000906563,4.90271
2.8490e-02,-2.12625,-0.00160438,4.90302
2.8500e-02,-1.94156,-0.00273469,4.90396
2.8510e-02,-1.9725,-0.00365938,4.8974
2.8520e-02,-1.5175,-0.00429,4.87552
2.8530e-02,0.101875,-0.00385,4.89021
2.8540e-02,0.108594,-0.00380375,4.92615
2.8550e-02,0.090625,-0.00390969,4.92896
2.8560e-02,0.0835937,-0.00389781,4.89677
2.8570e-02,0.0565625,-0.0038375,4.87771
2.8580e-02,0.063125,-0.00387688,4.87865
2.8590e-02,0.063125,-0.003985,4.87521
2.8600e-02,0.0576562,-0.00389031,4.89428
2.8610e-02,0.0507812,-0.0038025,4.88396
2.8620e-02,0.0378125,-0.00388531,4.90271
2.8630e-02,0.0404687,-0.0039925,4.89771
2.8640e-02,0.0459375,-0.00385375,4.91834
2.8650e-02,0.038125,-0.00377875,4.91365
2.8660e-02,0.0445312,-0.00397875,4.8549
2.8670e-02,0.025,-0.00408656,4.89053
2.8680e-02,0.02125,-0.00391688,4.8949
2.8690e-02,0.008125,-0.00384219,4.92334
2.8700e-02,0.0179688,-0.00386969,4.91865
2.8710e-02,0.0232812,-0.00397938,4.91615
2.8720e-02,0.0339062,-0.00406563,4.92521
2.8730e-02,0.00875,-0.00354625,4.92334
2.8740e-02,0.016875,-0.00254469,4.89271
2.8750e-02,0.0059375,-0.00106188,4.87115
2.8760e-02,0.0271875,6.875e-05,4.89896
2.8770e-02,0.0229687,0.00151031,4.91803
2.8780e-02,0.0232812,0.00156781,4.91615
2.8790e-02,0.0134375,0.00193031,4.88803
2.8800e-02,0.0145312,0.00183875,4.88803
2.8810e-02,0.0182813,0.00166469,4.88302
2.8820e-02,0.009375,0.00126594,4.88771
2.8830e-02,0.00765625,0.000786875,4.8774
2.8840e-02,0.00234375,0.000139062,4.90334
2.8850e-02,0.0145312,0.00158125,4.90521
2.8860e-02,0.0151562,0.00177563,4.88896
2.8870e-02,0.0084375,0.00207062,4.92115
2.8880e-02,0.0185938,0.00159719,4.8874
2.8890e-02,-0.00328125,0.00113656,4.86865
2.8900e-02,0.00484375,0.000669688,4.88771
2.8910e-02,0.00375,0.0005,4.90209
2.8920e-02,0.009375,0.000952813,4.91834
2.8930e-02,-0.0053125,0.00165375,4.92146
2.8940e-02,-0.00484375,0.00285813,4.9049
2.8950e-02,0.01,0.001995,4.88552
2.8960e-02,-0.0003125,0.00204531,4.89146
2.8970e-02,0.00390625,0.00146125,4.90396
2.8980e-02,0.00796875,0.000418438,4.90178
2.8990e-02,-0.000625,0.000923125,4.89428
2.9000e-02,0.000625,0.00133656,4.91459
2.9010e-02,0.00703125,0.00143375,4.89334
2.9020e-02,-0.0146875,0.00208438,4.89803
2.9030e-02,-0.00265625,0.00217813,4.87615
2.9040e-02,-0.00140625,0.00200406,4.86396
2.9050e-02,-0.0003125,0.00031375,4.87115
2.9060e-02,-0.0103125,0.000955938,4.89428
2.9070e-02,-0.0117188,0.0008525,4.91209
2.9080e-02,-0.0021875,0.000509375,4.91615
2.9090e-02,-0.005625,0.001785,4.89615
2.9100e-02,-0.00359375,0.00219344,4.90584
2.9110e-02,-0.0071875,0.00212875,4.89053
2.9120e-02,-0.008125,0.00198125,4.89146
2.9130e-02,-0.0132813,0.00148625,4.90271
2.9140e-02,-0.0164063,0.00107844,4.90896
2.9150e-02,-0.0115625,0.00075375,4.90834
2.9160e-02,-0.00515625,0.00178313,4.9174
2.9170e-02,-0.0103125,0.00179125,4.89209
2.9180e-02,-0.009375,0.00231031,4.88021
2.9190e-02,-0.00546875,0.00258063,4.87209
2.9200e-02,-0.0140625,0.00227625,4.90146
2.9210e-02,-0.0009375,0.00117875,4.86896
2.9220e-02,0.0075,0.000934375,4.91959
2.9230e-02,-0.0151562,0.00160656,4.91115
2.9240e-02,-0.00296875,0.00188219,4.91646
2.9250e-02,-0.0059375,0.0019275,4.88146
2.9260e-02,-0.0090625,0.00199188,4.87209
2.9270e-02,-0.009375,0.00163125,4.89552
2.9280e-02,-0.005625,0.00143938,4.88334
2.9290e-02,-0.0171875,0.00150844,4.89396
2.9300e-02,-0.0139063,0.00137844,4.90178
2.9310e-02,-0.0132813,0.00143531,4.88709
2.9320e-02,-0.008125,0.00157281,4.89209
2.9330e-02,-0.0170313,0.00163906,4.88552
2.9340e-02,-0.00625,0.00156438,4.87271
2.9350e-02,-0.00171875,0.00150188,4.88896
2.9360e-02,-0.0132813,0.00176688,4.8774
2.9370e-02,0,0.00143938,4.90396
2.9380e-02,-0.0075,0.0014075,4.92021
2.9390e-02,-0.009375,0.00136781,4.90271
2.9400e-02,-0.0192187,0.00116531,4.87865
2.9410e-02,-0.0225,0.00256938,4.87678
2.9420e-02,-0.0117188,0.0022275,4.8824
2.9430e-02,-0.011875,0.00208688,4.89459
2.9440e-02,-0.0101563,0.00118594,4.90677
2.9450e-02,-0.00453125,0.00162063,4.92209
2.9460e-02,-0.0190625,0.000516875,4.93115
2.9470e-02,-0.015625,0.000988125,4.91709
2.9480e-02,-0.0145312,0.00138094,4.87552
2.9490e-02,-0.0129688,0.00134594,4.86552
2.9500e-02,-0.00265625,0.00214531,4.93553
2.9510e-02,-0.0164063,0.00101844,4.89677
2.9520e-02,-0.0209375,0.00150125,4.93834
2.9530e-02,-0.0176563,0.000875625,4.8974
2.9540e-02,-0.0207813,0.00111219,4.92615
2.9550e-02,-0.0109375,0.00115188,4.9074
2.9560e-02,-0.016875,0.00150375,4.86177
2.9570e-02,-0.0192187,0.00161594,4.86615
2.9580e-02,-0.00828125,0.00231531,4.86459
2.9590e-02,-0.0129688,0.00158719,4.90803
2.9600e-02,-0.0189062,0.00170406,4.91365
2.9610e-02,-0.01625,0.00162281,4.91302
2.9620e-02,-0.0125,0.00138219,4.89584
2.9630e-02,-0.0120313,0.00151969,4.88927
2.9640e-02,-0.0121875,0.00164813,4.8799
2.9650e-02,-0.0214063,0.000966875,4.90302
2.9660e-02,-0.00796875,0.00134375,4.88209
2.9670e-02,-0.015625,0.00170406,4.90334
2.9680e-02,-0.0175,0.00171531,4.91459
2.9690e-02,-0.0240625,0.00113406,4.88834
2.9700e-02,-0.0184375,0.0021875,4.88396
2.9710e-02,-0.0246875,0.00185688,4.87552
2.9720e-02,-0.0104688,0.0017175,4.87084
2.9730e-02,-0.0229687,0.00207625,4.9074
2.9740e-02,-0.0028125,0.00254438,4.8949
2.9750e-02,-0.0115625,0.00167,4.87521
2.9760e-02,-0.025,0.00102969,4.89459
2.9770e-02,-0.0195312,0.00045625,4.91803
2.9780e-02,-0.00703125,0.00110187,4.86209
2.9790e-02,-0.0253125,0.00158781,4.87177
2.9800e-02,-0.02625,0.00149844,4.88896
2.9810e-02,-0.0203125,0.00188875,4.89615
2.9820e-02,-0.0134375,0.00135719,4.89834
2.9830e-02,-0.0134375,0.00187313,4.91584
2.9840e-02,-0.0204688,0.0012875,4.90959
2.9850e-02,-0.01125,0.00128375,4.88771
2.9860e-02,-0.0184375,0.00147688,4.89552
2.9870e-02,-0.0164063,0.00174094,4.89271
2.9880e-02,-0.0273438,0.00155969,4.90459
2.9890e-02,-0.0228125,0.00115406,4.8824
2.9900e-02,-0.0160938,0.00200219,4.90302
2.9910e-02,-0.0189062,0.00148406,4.90584
2.9920e-02,-0.0242188,0.00151156,4.92615
2.9930e-02,-0.0246875,0.00197781,4.87896
2.9940e-02,-0.0275,0.00159281,4.85459
2.9950e-02,-0.0267187,0.00174156,4.8624
2.9960e-02,-0.0164063,0.00149469,4.88896
2.9970e-02,-0.0117188,0.00129813,4.89053
2.9980e-02,-0.0225,0.00122281,4.90209
2.9990e-02,-0.00328125,0.000700938,4.92115
3.0000e-02,-0.016875,0.000937813,4.89084
3.0010e-02,-0.0296875,0.000733438,4.88271
3.0020e-02,-0.0154687,0.00207969,4.88896
3.0030e-02,-0.0229687,0.00172688,4.88334
3.0040e-02,-0.0128125,0.00180406,4.88803
3.0050e-02,-0.0170313,0.00145469,4.92771
3.0060e-02,-0.0329688,0.00113844,4.91803
3.0070e-02,-0.0246875,0.00154594,4.9224
3.0080e-02,-0.0225,0.00141844,4.8974
3.0090e-02,-0.0159375,0.00130281,4.85928
3.0100e-02,-0.020625,0.00176688,4.90928
3.0110e-02,-0.0254688,0.00198031,4.87428
3.0120e-02,-0.014375,0.000962188,4.91865
3.0130e-02,-0.0134375,0.00196656,4.86084
3.0140e-02,-0.0295313,0.00161781,4.89927
3.0150e-02,-0.0290625,0.00145531,4.87334
3.0160e-02,-0.0309375,0.000249063,4.89459
3.0170e-02,-0.0248438,0.000848125,4.90021
3.0180e-02,-0.0189062,0.00141844,4.9074
3.0190e-02,-0.0140625,0.00177281,4.89927
3.0200e-02,-0.023125,0.0017825,4.90553
3.0210e-02,-0.0160938,0.00154625,4.88771
3.0220e-02,-0.026875,0.00206125,4.88834
3.0230e-02,-0.0240625,0.00184063,4.87865
3.0240e-02,-0.0217188,0.00136969,4.87803
3.0250e-02,-0.0110937,0.00146313,4.87365
3.0260e-02,-0.0221875,0.00046625,4.89334
3.0270e-02,-0.0278125,0.00177656,4.90178
3.0280e-02,-0.0165625,0.00169844,4.94021
3.0290e-02,-0.0245313,0.00185531,4.91084
3.0300e-02,-0.0215625,0.00149156,4.88927
3.0310e-02,-0.021875,0.00172969,4.8849
3.0320e-02,-0.0298438,0.000834688,4.88334
3.0330e-02,-0.0317188,0.00168719,4.86615
3.0340e-02,-0.02125,0.00174563,4.87771
3.0350e-02,-0.0190625,0.00179344,4.94303
3.0360e-02,-0.0267187,0.00141594,4.90959
3.0370e-02,-0.0292188,0.00160375,4.90021
3.0380e-02,-0.0332812,0.00234344,4.90021
3.0390e-02,-0.0229687,0.00112938,4.90365
3.0400e-02,-0.0259375,0.00127656,4.88646
3.0410e-02,-0.0271875,0.00109125,4.88146
3.0420e-02,-0.019375,0.00148188,4.90459
3.0430e-02,-0.0284375,0.00203188,4.91084
3.0440e-02,-0.030625,0.00245156,4.92709
3.0450e-02,-0.024375,0.00186875,4.87646
3.0460e-02,-0.0346875,0.00151688,4.87334
3.0470e-02,-0.0332812,0.00195656,4.88709
3.0480e-02,-0.0284375,0.00137063,4.89927
3.0490e-02,-0.0310937,0.00086875,4.86521
3.0500e-02,-0.0359375,0.00148313,4.92709
3.0510e-02,-0.0279688,0.00214219,4.90615
3.0520e-02,-0.018125,0.00167031,4.91959
3.0530e-02,-0.0182812,0.00198531,4.90365
3.0540e-02,-0.015625,0.00206,4.88552
3.0550e-02,-0.02625,0.00112312,4.91646
3.0560e-02,-0.0164063,0.00105937,4.88709
3.0570e-02,-0.0265625,0.00202344,4.88834
3.0580e-02,-0.0290625,0.00153375,4.92521
3.0590e-02,-0.0170313,0.00278656,4.93334
3.0600e-02,-0.0240625,0.00257594,4.90896
3.0610e-02,-0.0326562,0.001615,4.8999
3.0620e-02,-0.0275,0.00153406,4.88552
3.0630e-02,-0.0273438,0.00098625,4.88709
3.0640e-02,-0.0285938,0.00148219,4.88334
3.0650e-02,-0.0332812,0.00168563,4.92646
3.0660e-02,-0.0270312,0.00195469,4.91459
3.0670e-02,-0.0271875,0.00280375,4.93146
3.0680e-02,-0.0278125,0.00135406,4.91209
3.0690e-02,-0.0198438,0.000909063,4.87459
3.0700e-02,-0.0217188,0.00192781,4.89521
3.0710e-02,-0.0335937,0.00124906,4.90428
3.0720e-02,-0.0285938,0.000466875,4.9024
3.0730e-02,-0.0279688,0.00112,4.88771
3.0740e-02,-0.0346875,0.000996875,4.91677
3.0750e-02,-0.0351562,0.00249063,4.9249
3.0760e-02,-0.0315625,0.00140875,4.89053
3.0770e-02,-0.0401563,0.00153125,4.88334
3.0780e-02,-0.02125,0.00132219,4.89615
3.0790e-02,-0.0207813,0.00153063,4.8924
3.0800e-02,-0.0259375,0.00159344,4.88927
3.0810e-02,-0.0328125,0.00160719,4.91302
3.0820e-02,-0.0301563,0.00165594,4.92709
3.0830e-02,-0.0267187,0.00242688,4.89302
3.0840e-02,-0.0340625,0.00163281,4.8749
3.0850e-02,-0.0285938,0.00140094,4.90646
3.0860e-02,-0.0378125,0.00143531,4.90053
3.0870e-02,-0.02875,0.00126938,4.90302
3.0880e-02,-0.0285938,0.00158656,4.9049
3.0890e-02,-0.0276563,0.001405,4.9174
3.0900e-02,-0.0334375,0.00159063,4.89709
3.0910e-02,-0.0228125,0.00232875,4.90209
3.0920e-02,-0.0332812,0.00152188,4.86209
3.0930e-02,-0.0248438,0.00125219,4.89896
3.0940e-02,-0.0190625,0.000347188,4.90428
3.0950e-02,-0.0264062,0.00116344,4.9124
3.0960e-02,-0.036875,0.000810938,4.89146
3.0970e-02,-0.0353125,0.00117313,4.89271
3.0980e-02,-0.0353125,0.00139625,4.89709
3.0990e-02,-0.0315625,0.00140719,4.8774
3.1000e-02,-0.0221875,0.00166594,4.87552
3.1010e-02,-0.0309375,0.00111,4.90178
3.1020e-02,-0.0201563,0.00189594,4.91615
3.1030e-02,-0.0296875,0.000884375,4.91302
3.1040e-02,-0.0229687,0.00198688,4.91209
3.1050e-02,-0.0234375,0.001905,4.92646
3.1060e-02,-0.029375,0.00263875,4.89896
3.1070e-02,-0.0304688,0.0024275,4.87177
3.1080e-02,-0.0409375,0.0016375,4.87771
3.1090e-02,-0.0285938,0.00166563,4.89552
3.1100e-02,-0.0295313,0.001305,4.89428
3.1110e-02,-0.0232812,0.000682813,4.93615
3.1120e-02,-0.0279688,0.00141813,4.89709
3.1130e-02,-0.0314062,0.00141656,4.88927
3.1140e-02,-0.03125,0.00167844,4.89521
3.1150e-02,-0.0315625,0.00192031,4.88365
3.1160e-02,-0.0382813,0.00205563,4.86615
3.1170e-02,-0.01625,0.00122156,4.89584
3.1180e-02,-0.02625,0.000705938,4.89803
3.1190e-02,-0.033125,0.000742188,4.94584
3.1200e-02,-0.0303125,0.000648125,4.89053
3.1210e-02,-0.0340625,0.00183875,4.90396
3.1220e-02,-0.025625,0.00187844,4.87365
3.1230e-02,-0.0245313,0.00179438,4.88053
3.1240e-02,-0.0276563,0.00147969,4.89677
3.1250e-02,-0.0248438,0.00154063,4.90646
3.1260e-02,-0.0267187,0.00108062,4.93646
3.1270e-02,-0.0221875,0.00119938,4.9099
3.1280e-02,-0.0257812,0.0022875,4.91302
3.1290e-02,-0.0246875,0.00182688,4.9149
3.1300e-02,-0.0285938,0.00220688,4.91178
3.1310e-02,-0.0303125,0.00203969,4.8999
3.1320e-02,-0.0296875,0.0018125,4.89521
3.1330e-02,-0.0342187,0.00134844,4.89677
3.1340e-02,-0.043125,0.00152156,4.90584
3.1350e-02,-0.0265625,0.000828125,4.89803
3.1360e-02,-0.0395313,0.00136313,4.89209
3.1370e-02,-0.0264062,0.00133031,4.86865
3.1380e-02,-0.02625,0.00104188,4.88552
3.1390e-02,-0.0328125,0.00247,4.89334
3.1400e-02,-0.0232812,0.00151313,4.91521
3.1410e-02,-0.0221875,0.0017325,4.8874
3.1420e-02,-0.035625,0.000537813,4.91521
3.1430e-02,-0.034375,0.00104438,4.89771
3.1440e-02,-0.0321875,0.00182188,4.89334
3.1450e-02,-0.0379688,0.00257125,4.88428
3.1460e-02,-0.04125,0.0025525,4.8999
3.1470e-02,-0.0353125,0.00253281,4.89021
3.1480e-02,-0.03375,0.00221188,4.90021
3.1490e-02,-0.0296875,0.00108531,4.92115
3.1500e-02,-0.0354688,0.000726875,4.92178
3.1510e-02,-0.0351562,0.00152625,4.89396
3.1520e-02,-0.0423437,0.001195,4.87303
3.1530e-02,-0.0229687,0.00242156,4.88552
3.1540e-02,-0.015625,0.00314625,4.90896
3.1550e-02,-0.03125,0.00248031,4.90865
3.1560e-02,-0.03125,0.00218625,4.91209
3.1570e-02,-0.039375,0.00165063,4.91771
3.1580e-02,-0.035,0.00115063,4.88771
3.1590e-02,-0.043125,0.0012875,4.88334
3.1600e-02,-0.0326562,0.0023875,4.8949
3.1610e-02,-0.031875,0.00176125,4.88584
3.1620e-02,-0.024375,0.00197938,4.88709
3.1630e-02,-0.0228125,0.00198938,4.91677
3.1640e-02,-0.0292188,0.00145875,4.89459
3.1650e-02,-0.0323438,0.000883438,4.9074
3.1660e-02,-0.0175,0.000765313,4.87334
3.1670e-02,-0.0435938,0.00171125,4.88396
3.1680e-02,-0.0304688,0.001915,4.87146
3.1690e-02,-0.0346875,0.0031525,4.88771
3.1700e-02,-0.0259375,0.00275813,4.91271
3.1710e-02,-0.0259375,0.00212625,4.89677
3.1720e-02,-0.031875,0.001725,4.9199
3.1730e-02,-0.043125,0.000825625,4.91677
3.1740e-02,-0.023125,0.0011275,4.8924
3.1750e-02,-0.0440625,0.0011,4.88084
3.1760e-02,-0.0317188,0.00177063,4.87646
3.1770e-02,-0.0407813,0.00240125,4.89302
3.1780e-02,-0.0275,0.00244125,4.92178
3.1790e-02,-0.0203125,0.0016775,4.94303
3.1800e-02,-0.0271875,0.000957188,4.88584
3.1810e-02,-0.0348437,5.5e-05,4.8924
3.1820e-02,-0.0314062,0.000316563,4.88803
3.1830e-02,-0.0310937,0.000540938,4.86959
3.1840e-02,-0.0320312,0.00181031,4.89302
3.1850e-02,-0.0303125,0.00232906,4.90302
3.1860e-02,-0.0240625,0.00213313,4.96021
3.1870e-02,-0.021875,0.0013825,4.92677
3.1880e-02,-0.0451563,0.00147156,4.90334
3.1890e-02,-0.0379688,0.000606875,4.91834
3.1900e-02,-0.0371875,0.00110094,4.87646
3.1910e-02,-0.0382813,0.00196688,4.88053
3.1920e-02,-0.04,0.0026025,4.93459
3.1930e-02,-0.04375,0.00266281,4.91146
3.1940e-02,-0.036875,0.00233094,4.89646
3.1950e-02,-0.0207813,0.00150156,4.93521
3.1960e-02,-0.0426562,0.000210313,4.88896
3.1970e-02,-0.0439063,0.000765938,4.86709
3.1980e-02,-0.0315625,0.000901563,4.88834
3.1990e-02,-0.045,0.00192813,4.86896
3.2000e-02,-0.036875,0.00283438,4.88678
3.2010e-02,-0.0432813,0.00248469,4.91771
3.2020e-02,-0.0278125,0.00208781,4.94646
3.2030e-02,-0.05125,0.00131406,4.88053
3.2040e-02,-0.0370313,-0.00026,4.88302
3.2050e-02,-0.0226562,0.000183125,4.88803
3.2060e-02,-0.0271875,0.00146281,4.87709
3.2070e-02,-0.0289063,0.00223125,4.88803
3.2080e-02,-0.04125,0.00312969,4.88959
3.2090e-02,-0.0417187,0.00285188,4.91959
3.2100e-02,-0.0475,0.00230375,4.93427
3.2110e-02,-0.0173438,0.00051125,4.9074
3.2120e-02,-0.0353125,0.00078625,4.89428
3.2130e-02,-0.038125,0.000510625,4.85865
3.2140e-02,-0.040625,0.00122094,4.86896
3.2150e-02,-0.0339062,0.00227406,4.89084
3.2160e-02,-0.0335937,0.00294938,4.88521
3.2170e-02,-0.031875,0.00261813,4.91365
3.2180e-02,-0.03625,0.00184781,4.92459
3.2190e-02,-0.0354688,-1.15625e-05,4.8924
3.2200e-02,-0.0314062,-0.000198438,4.86959
3.2210e-02,-0.0354688,-0.0001625,4.87927
3.2220e-02,-0.0265625,0.00144719,4.88615
3.2230e-02,-0.0321875,0.00271375,4.92052
3.2240e-02,-0.034375,0.00320594,4.91677
3.2250e-02,-0.0348437,0.00335188,4.92584
3.2260e-02,-0.0257812,0.00241656,4.88927
3.2270e-02,-0.023125,-0.000165938,4.88865
3.2280e-02,-0.0432813,-0.00101063,4.88865
3.2290e-02,-0.0521875,-0.000707813,4.88428
3.2300e-02,-0.0296875,0.00131,4.90084
3.2310e-02,-0.0317188,0.00442719,4.89334
3.2320e-02,-0.04125,0.00465781,4.90584
3.2330e-02,-0.0223437,0.00369625,4.90615
3.2340e-02,-0.0289063,0.000845,4.89209
3.2350e-02,-0.03125,-0.00212531,4.87146
3.2360e-02,-0.0457813,-0.00326875,4.88771
3.2370e-02,-0.0182812,3.78125e-05,4.89834
3.2380e-02,-0.0328125,0.00372844,4.89209
3.2390e-02,-0.0529687,0.00692656,4.88709
3.2400e-02,-0.0340625,0.00631,4.90553
3.2410e-02,-0.0407813,0.00270531,4.90396
3.2420e-02,-0.043125,-0.002575,4.9124
3.2430e-02,-0.0353125,-0.00601063,4.88177
3.2440e-02,-0.0498438,-0.00536781,4.88678
3.2450e-02,-0.0401563,-0.000526875,4.92396
3.2460e-02,-0.0384375,0.00591906,4.88709
3.2470e-02,-0.0367188,0.00962625,4.9299
3.2480e-02,-0.02875,0.00933125,4.91896
3.2490e-02,-0.0504687,0.00373094,4.88209
3.2500e-02,-0.035,-0.00314906,4.89865
3.2510e-02,-0.0328125,-0.00741156,4.88521
3.2520e-02,-0.0314062,-0.00726375,4.87615
3.2530e-02,-0.0482812,-0.00208531,4.90459
3.2540e-02,-0.0323438,0.00558406,4.88615
3.2550e-02,-0.0384375,0.00906656,4.9099
3.2560e-02,-0.0439063,0.00911875,4.88396
3.2570e-02,-0.0404687,0.00430906,4.90334
3.2580e-02,-0.0309375,-0.0016375,4.87959
3.2590e-02,-0.040625,-0.00468406,4.91146
3.2600e-02,-0.0439063,-0.00428875,4.87771
3.2610e-02,-0.0385937,-0.000759375,4.88678
3.2620e-02,-0.0253125,0.0043675,4.90584
3.2630e-02,-0.0375,0.0064525,4.92271
3.2640e-02,-0.0375,0.00503344,4.89209
3.2650e-02,-0.0415625,0.00198531,4.87584
3.2660e-02,-0.0479688,-0.0002625,4.86084
3.2670e-02,-0.0442188,-0.00174375,4.88615
3.2680e-02,-0.0385937,6.5625e-06,4.90334
3.2690e-02,-0.0285938,0.00239688,4.92928
3.2700e-02,-0.043125,0.00332469,4.92146
3.2710e-02,-0.0242188,0.00303,4.91865
3.2720e-02,-0.0501562,0.00208063,4.89146
3.2730e-02,-0.0279688,-1.40625e-05,4.89178
3.2740e-02,-0.0354688,-0.0005975,4.88615
3.2750e-02,-0.0354688,-0.000130625,4.89302
3.2760e-02,-0.0367188,0.00105344,4.89803
3.2770e-02,-0.0409375,0.00225938,4.9224
3.2780e-02,-0.0357813,0.00351188,4.89459
3.2790e-02,-0.040625,0.003565,4.92427
3.2800e-02,-0.0389063,0.00266313,4.89334
3.2810e-02,-0.0339062,0.000855938,4.87396
3.2820e-02,-0.0432813,0.000577813,4.89865
3.2830e-02,-0.0464062,0.000273438,4.90084
3.2840e-02,-0.0523437,0.00150938,4.93553
3.2850e-02,-0.0448438,0.00177719,4.90584
3.2860e-02,-0.0428125,0.00348594,4.87834
3.2870e-02,-0.0570313,0.00251875,4.86802
3.2880e-02,-0.0310937,0.0023325,4.88115
3.2890e-02,-0.0359375,0.000861563,4.89459
3.2900e-02,-0.0379688,0.00057,4.9199
3.2910e-02,-0.04125,0.000804688,4.89677
3.2920e-02,-0.0410937,0.00163313,4.90865
3.2930e-02,-0.045,0.00208375,4.91271
3.2940e-02,-0.0310937,0.00272188,4.92677
3.2950e-02,-0.044375,0.00263375,4.89834
3.2960e-02,-0.0378125,0.0017525,4.86928
3.2970e-02,-0.0415625,0.0015425,4.89428
3.2980e-02,-0.0398437,-6.25e-07,4.88459
3.2990e-02,-0.04,0.000831563,4.91803
3.3000e-02,-0.0484375,0.00115719,4.92146
3.3010e-02,-0.0345312,0.00147969,4.90521
3.3020e-02,-0.0295313,0.00348,4.88271
3.3030e-02,-0.0435938,0.00327938,4.88334
3.3040e-02,-0.0464062,0.00187563,4.88803
3.3050e-02,-0.0439063,0.000550625,4.88521
3.3060e-02,-0.0503125,0.0001575,4.90302
3.3070e-02,-0.0329688,0.00048,4.90928
3.3080e-02,-0.0360938,0.001605,4.9174
3.3090e-02,-0.0354688,0.00233938,4.91865
3.3100e-02,-0.0376563,0.00179063,4.88552
3.3110e-02,-0.040625,0.00240625,4.89865
3.3120e-02,-0.0325,0.00132125,4.89365
3.3130e-02,-0.0373438,0.00130219,4.8874
3.3140e-02,-0.0321875,0.000510625,4.88803
3.3150e-02,-0.033125,0.00122406,4.92209
3.3160e-02,-0.0315625,0.00164844,4.92334
3.3170e-02,-0.0334375,0.00209094,4.91334
3.3180e-02,-0.0410937,0.00256031,4.87865
3.3190e-02,-0.0290625,0.00205,4.88209
3.3200e-02,-0.0414063,0.00136188,4.89053
3.3210e-02,-0.0429688,0.00111813,4.90803
3.3220e-02,-0.028125,0.000889688,4.8999
3.3230e-02,-0.0303125,0.00181938,4.92021
3.3240e-02,-0.0398437,0.00174406,4.88459
3.3250e-02,-0.033125,0.00217406,4.88803
3.3260e-02,-0.0439063,0.00220625,4.89302
3.3270e-02,-0.0426562,0.00180531,4.87428
3.3280e-02,-0.0371875,0.00183813,4.88646
3.3290e-02,-0.0389063,0.00102656,4.90865
3.3300e-02,-0.029375,0.00114,4.91178
3.3310e-02,-0.0353125,0.002005,4.90521
3.3320e-02,-0.0339062,0.00178094,4.89178
3.3330e-02,-0.0471875,0.00285719,4.8874
3.3340e-02,-0.038125,0.00158938,4.90646
3.3350e-02,-0.0357813,0.00154813,4.89552
3.3360e-02,-0.0334375,0.00138531,4.88678
3.3370e-02,-0.0409375,0.00105313,4.9099
3.3380e-02,-0.0315625,0.00122969,4.91521
3.3390e-02,-0.0332812,0.00158531,4.90053
3.3400e-02,-0.044375,0.00248406,4.90053
3.3410e-02,-0.0217188,0.00239406,4.87771
3.3420e-02,-0.04,0.00260313,4.88177
3.3430e-02,-0.0378125,0.00195688,4.87053
3.3440e-02,-0.0379688,0.00111844,4.91396
3.3450e-02,-0.038125,0.000864688,4.91834
3.3460e-02,-0.0398437,0.00171469,4.93615
3.3470e-02,-0.0276563,0.00259594,4.87584
3.3480e-02,-0.0423437,0.00217687,4.8724
3.3490e-02,-0.0414063,0.00212375,4.88771
3.3500e-02,-0.0317188,0.00190688,4.90084
3.3510e-02,-0.0439063,0.002145,4.90677
3.3520e-02,-0.044375,0.00157469,4.89146
3.3530e-02,-0.0367188,0.00118219,4.91178
3.3540e-02,-0.0365625,0.0015475,4.90834
3.3550e-02,-0.030625,0.00143406,4.88521
3.3560e-02,-0.0407813,0.00257688,4.89084
3.3570e-02,-0.0445313,0.00264281,4.90396
3.3580e-02,-0.0303125,0.00166,4.92178
3.3590e-02,-0.0359375,0.002125,4.90521
3.3600e-02,-0.0465625,0.00129438,4.89834
3.3610e-02,-0.0417187,0.000716563,4.90615
3.3620e-02,-0.0378125,0.00147469,4.9099
3.3630e-02,-0.0407813,0.00124188,4.87803
3.3640e-02,-0.0407813,0.00159375,4.88146
3.3650e-02,-0.0339062,0.00240375,4.88146
3.3660e-02,-0.0301563,0.00150156,4.90677
3.3670e-02,-0.0396875,0.00171844,4.89521
3.3680e-02,-0.0485938,0.000767813,4.92959
3.3690e-02,-0.0460938,0.00109375,4.93646
3.3700e-02,-0.0426562,0.00136938,4.88709
3.3710e-02,-0.0439063,0.00152156,4.88521
3.3720e-02,-0.0490625,0.00165656,4.89459
3.3730e-02,-0.0395313,0.00258969,4.89021
3.3740e-02,-0.0240625,0.000555313,4.88459
3.3750e-02,-0.0554687,0.00112813,4.89209
3.3760e-02,-0.031875,0.00094625,4.92365
3.3770e-02,-0.0335937,0.00099375,4.91271
3.3780e-02,-0.046875,0.000967813,4.86802
3.3790e-02,-0.045,0.00203375,4.86271
3.3800e-02,-0.0404687,0.00155,4.90334
3.3810e-02,-0.0335937,0.00184281,4.92584
3.3820e-02,-0.0442188,0.00196906,4.92396
3.3830e-02,-0.0373438,0.00141531,4.92615
3.3840e-02,-0.0346875,0.00135719,4.90271
3.3850e-02,-0.0284375,0.001015,4.9149
3.3860e-02,-0.0542187,0.00153813,4.87552
3.3870e-02,-0.0476562,0.00180719,4.86021
3.3880e-02,-0.0375,0.00213875,4.88209
3.3890e-02,-0.04375,0.00188188,4.91084
3.3900e-02,-0.0398437,0.00158531,4.92959
3.3910e-02,-0.0465625,0.00100813,4.90365
3.3920e-02,-0.0390625,0.00120438,4.90396
3.3930e-02,-0.046875,0.001335,4.87584
3.3940e-02,-0.0410937,0.00133063,4.89021
3.3950e-02,-0.0439063,0.00213781,4.91021
3.3960e-02,-0.0389063,0.002245,4.91178
3.3970e-02,-0.04125,0.0015575,4.9124
3.3980e-02,-0.0228125,0.00212719,4.91302
3.3990e-02,-0.0473438,0.00191219,4.92303
3.4000e-02,-0.0517188,0.00147344,4.85896
3.4010e-02,-0.0348437,0.00164281,4.8674
3.4020e-02,-0.0484375,0.00180781,4.8949
3.4030e-02,-0.0321875,0.00223156,4.88678
3.4040e-02,-0.0296875,0.00213469,4.84771
3.4050e-02,-0.0429688,0.0016675,4.8899
3.4060e-02,-0.0360938,0.00136438,4.91209
3.4070e-02,-0.0526563,0.00118531,4.89803
3.4080e-02,-0.0464062,0.000802188,4.89146
3.4090e-02,-0.0482812,0.00114813,4.87053
3.4100e-02,-0.0389063,0.00218656,4.88803
3.4110e-02,-0.0364063,0.00164,4.89677
3.4120e-02,-0.0329688,0.00239188,4.89459
3.4130e-02,-0.0392187,0.00242656,4.91896
3.4140e-02,-0.0415625,0.00083625,4.9174
3.4150e-02,-0.0373438,0.0013475,4.90365
3.4160e-02,-0.0534375,0.00167344,4.89646
3.4170e-02,-0.0417187,0.00163719,4.85771
3.4180e-02,-0.03625,0.0014575,4.90553
3.4190e-02,-0.0223437,0.00158969,4.87771
3.4200e-02,-0.033125,0.00180531,4.88709
3.4210e-02,-0.0446875,0.002115,4.90459
3.4220e-02,-0.0329688,0.0017625,4.8999
3.4230e-02,-0.031875,0.00162719,4.91146
3.4240e-02,-0.0467188,0.00168375,4.88428
3.4250e-02,-0.048125,0.00145594,4.8974
3.4260e-02,-0.0407813,0.0016,4.89146
3.4270e-02,-0.0314062,0.00146656,4.93521
3.4280e-02,-0.0404687,0.00154656,4.9249
3.4290e-02,-0.0403125,0.00230719,4.91396
3.4300e-02,-0.0417187,0.00136188,4.89459
3.4310e-02,-0.0453125,0.00063625,4.85709
3.4320e-02,-0.0571875,0.00124375,4.87771
3.4330e-02,-0.0415625,0.00168875,4.87021
3.4340e-02,-0.036875,0.00169531,4.87927
3.4350e-02,-0.0307813,0.00207719,4.89334
3.4360e-02,-0.0364063,0.00202563,4.91584
3.4370e-02,-0.046875,0.00166031,4.90396
3.4380e-02,-0.0435938,0.00072625,4.88084
3.4390e-02,-0.0415625,0.00179625,4.86646
3.4400e-02,-0.050625,0.000884375,4.88334
3.4410e-02,-0.0370313,0.00176438,4.8849
3.4420e-02,-0.0275,0.00242406,4.91865
3.4430e-02,-0.030625,0.00242438,4.9024
3.4440e-02,-0.0342187,0.00195063,4.91521
3.4450e-02,-0.035625,0.00144313,4.9049
3.4460e-02,-0.0442188,0.000677813,4.87678
3.4470e-02,-0.0460938,0.00128969,4.88053
3.4480e-02,-0.0389063,0.00137031,4.88678
3.4490e-02,-0.0515625,0.0014725,4.90334
3.4500e-02,-0.0351562,0.00223219,4.91803
3.4510e-02,-0.0376563,0.00251063,4.91146
3.4520e-02,-0.0342187,0.00163438,4.92396
3.4530e-02,-0.0526563,0.00126156,4.90459
3.4540e-02,-0.0425,0.000766875,4.87146
3.4550e-02,-0.035625,0.00175188,4.91115
3.4560e-02,-0.0434375,0.00169094,4.87521
3.4570e-02,-0.0364063,0.00152594,4.89584
3.4580e-02,-0.0440625,0.00213563,4.92865
3.4590e-02,-0.036875,0.00169063,4.9224
3.4600e-02,-0.0409375,0.00216719,4.89677
3.4610e-02,-0.0429688,0.00200094,4.88678
3.4620e-02,-0.0303125,0.000575938,4.8749
3.4630e-02,-0.02625,0.00159219,4.89271
3.4640e-02,-0.043125,0.00193469,4.88959
3.4650e-02,-0.0379688,0.00159469,4.88428
3.4660e-02,-0.0426562,0.00227281,4.92334
3.4670e-02,-0.0329688,0.00179719,4.90021
3.4680e-02,-0.036875,0.00160438,4.87834
3.4690e-02,-0.035625,0.00179438,4.86021
3.4700e-02,-0.0482812,0.00114125,4.88896
3.4710e-02,-0.0495312,0.00136813,4.87615
3.4720e-02,-0.04125,0.00157188,4.87959
3.4730e-02,-0.034375,0.00161219,4.90834
3.4740e-02,-0.0460938,0.00285531,4.92459
3.4750e-02,-0.0498438,0.00247625,4.8999
3.4760e-02,-0.0478125,0.00235625,4.89115
3.4770e-02,-0.044375,0.001775,4.87334
3.4780e-02,-0.0426562,0.00186531,4.89927
3.4790e-02,-0.050625,0.00203937,4.87771
3.4800e-02,-0.0392187,0.00159438,4.88646
3.4810e-02,-0.0396875,0.0010625,4.90428
3.4820e-02,-0.046875,0.00154594,4.91615
3.4830e-02,-0.0389063,0.00198281,4.86584
3.4840e-02,-0.0303125,0.00126938,4.88709
3.4850e-02,-0.0428125,0.001555,4.88302
3.4860e-02,-0.0428125,0.00103188,4.88209
3.4870e-02,-0.0351562,0.00161563,4.91459
3.4880e-02,-0.0326562,0.00157281,4.93553
3.4890e-02,-0.0379688,0.00236438,4.88709
3.4900e-02,-0.045625,0.00225156,4.8949
3.4910e-02,-0.0426562,0.0023525,4.88115
3.4920e-02,-0.0389063,0.00168656,4.85865
3.4930e-02,-0.0390625,0.00144594,4.89709
3.4940e-02,-0.041875,0.00125063,4.89021
3.4950e-02,-0.0273438,0.00188688,4.91553
3.4960e-02,-0.045,0.00130906,4.92271
3.4970e-02,-0.0479688,0.00197562,4.92427
3.4980e-02,-0.0485938,0.00193594,4.91459
3.4990e-02,-0.035,0.00187844,4.88803
3.5000e-02,-0.0479688,0.00179844,4.86802
3.5010e-02,-0.0320312,0.00177125,4.87459
3.5020e-02,-0.0384375,0.00142,4.8924
3.5030e-02,-0.0548437,0.00155875,4.89959
3.5040e-02,-0.0459375,0.00165375,4.92334
3.5050e-02,-0.0415625,0.00245469,4.91646
3.5060e-02,-0.0445313,0.00288125,4.8699
3.5070e-02,-0.0373438,0.002455,4.88177
3.5080e-02,-0.0478125,0.00209438,4.90428
3.5090e-02,-0.0459375,0.00165156,4.89334
3.5100e-02,-0.0315625,0.00128188,4.87803
3.5110e-02,-0.0375,0.001795,4.90615
3.5120e-02,-0.0357813,0.00220813,4.91115
3.5130e-02,-0.03625,0.00155313,4.87834
3.5140e-02,-0.0414063,0.00150281,4.88084
3.5150e-02,-0.0523437,0.00176344,4.85521
3.5160e-02,-0.0479688,0.00110781,4.90302
3.5170e-02,-0.050625,0.000970625,4.87771
3.5180e-02,-0.0384375,0.00113031,4.91209
3.5190e-02,-0.0379688,0.00240563,4.92584
3.5200e-02,-0.0420312,0.00198781,4.87959
3.5210e-02,-0.0384375,0.00227063,4.91084
3.5220e-02,-0.0326562,0.00181531,4.88927
3.5230e-02,-0.0282813,0.00169219,4.86584
3.5240e-02,-0.033125,0.000740313,4.88615
3.5250e-02,-0.043125,0.00151813,4.92052
3.5260e-02,-0.045,0.00140219,4.91834
3.5270e-02,-0.04375,0.00167719,4.88865
3.5280e-02,-0.0448438,0.00208063,4.89115
3.5290e-02,-0.0501562,0.00193719,4.87771
3.5300e-02,-0.0523437,0.00178875,4.87584
3.5310e-02,-0.0428125,0.00121563,4.87584
3.5320e-02,-0.0392187,-0.000295625,4.89396
3.5330e-02,-0.0404687,0.000861563,4.91553
3.5340e-02,-0.0453125,0.0017375,4.9049
3.5350e-02,-0.035,0.00181688,4.9149
3.5360e-02,-0.0440625,0.00202812,4.89959
3.5370e-02,-0.0434375,0.00188188,4.8799
3.5380e-02,-0.035625,0.00161219,4.85115
3.5390e-02,-0.0470312,0.00193344,4.89302
3.5400e-02,-0.0398437,0.00170344,4.89709
3.5410e-02,-0.0523437,0.000854375,4.9249
3.5420e-02,-0.043125,0.00184406,4.93553
3.5430e-02,-0.0390625,0.00221094,4.90646
3.5440e-02,-0.0365625,0.00229437,4.87459
3.5450e-02,-0.0445313,0.00243563,4.87615
3.5460e-02,-0.0370313,0.00245281,4.87209
3.5470e-02,-0.0445313,0.00183844,4.90334
3.5480e-02,-0.0426562,0.001655,4.90771
3.5490e-02,-0.0482812,0.00158594,4.89709
3.5500e-02,-0.0353125,0.00149156,4.91896
3.5510e-02,-0.0404687,0.00209156,4.88865
3.5520e-02,-0.0392187,0.00221219,4.88334
3.5530e-02,-0.053125,0.00190219,4.87146
3.5540e-02,-0.053125,0.0017725,4.89115
3.5550e-02,-0.045625,0.00174219,4.91928
3.5560e-02,-0.0540625,0.00173688,4.93084
3.5570e-02,-0.0359375,0.00164281,4.91584
3.5580e-02,-0.04375,0.00156875,4.90271
3.5590e-02,-0.0521875,0.00134313,4.85928
3.5600e-02,-0.04875,0.002345,4.88146
3.5610e-02,-0.039375,0.00239844,4.86865
3.5620e-02,-0.0429688,0.00213875,4.86271
3.5630e-02,-0.044375,0.0021375,4.8899
3.5640e-02,-0.04875,0.00150625,4.91865
3.5650e-02,-0.0325,0.00166813,4.89552
3.5660e-02,-0.0385937,0.00151875,4.89053
3.5670e-02,-0.0390625,0.00170594,4.88428
3.5680e-02,-0.0459375,0.00306625,4.90928
3.5690e-02,-0.0448438,0.00278031,4.89115
3.5700e-02,-0.0514063,0.00179438,4.90084
3.5710e-02,-0.044375,0.00112406,4.89396
3.5720e-02,-0.0545313,0.00107906,4.88552
3.5730e-02,-0.0476562,0.00125281,4.89053
3.5740e-02,-0.0382813,0.00174094,4.88834
3.5750e-02,-0.0401563,0.00212313,4.8999
3.5760e-02,-0.0514063,0.00244719,4.88646
3.5770e-02,-0.0478125,0.00200656,4.89021
3.5780e-02,-0.0475,0.00181688,4.8974
3.5790e-02,-0.040625,0.0010325,4.94521
3.5800e-02,-0.0309375,0.00116688,4.91834
3.5810e-02,-0.0464062,0.00121344,4.89053
3.5820e-02,-0.0448438,0.00100656,4.8874
3.5830e-02,-0.0323438,0.00181938,4.91021
3.5840e-02,-0.0440625,0.00221656,4.8874
3.5850e-02,-0.0403125,0.00219469,4.9074
3.5860e-02,-0.0396875,0.0016575,4.89677
3.5870e-02,-0.0396875,0.00183063,4.91396
3.5880e-02,-0.0459375,0.00170875,4.88177
3.5890e-02,-0.0340625,0.00178094,4.88428
3.5900e-02,-0.0395313,0.00230313,4.87615
3.5910e-02,-0.0442188,0.00247938,4.87084
3.5920e-02,-0.04625,0.00126781,4.91427
3.5930e-02,-0.0453125,0.00175156,4.89803
3.5940e-02,-0.045625,0.00099,4.93146
3.5950e-02,-0.0403125,0.00163125,4.91271
3.5960e-02,-0.0385937,0.00156313,4.91928
3.5970e-02,-0.0373438,0.00157656,4.8949
3.5980e-02,-0.0429688,0.00210938,4.87396
3.5990e-02,-0.0525,0.00270438,4.88521
3.6000e-02,-0.0454688,0.002735,4.89552
3.6010e-02,-0.041875,0.00257,4.91271
3.6020e-02,-0.0398437,0.00194094,4.92209
3.6030e-02,-0.04625,0.00115156,4.92928
3.6040e-02,-0.05,0.000478438,4.87209
3.6050e-02,-0.0432813,0.00185563,4.8599
3.6060e-02,-0.0454688,0.00222125,4.8749
3.6070e-02,-0.0351562,0.0028475,4.90428
3.6080e-02,-0.0553125,0.00199,4.91427
3.6090e-02,-0.0496875,0.00201875,4.90271
3.6100e-02,-0.038125,0.000865938,4.89209
3.6110e-02,-0.0429688,0.00134406,4.8799
3.6120e-02,-0.0528125,0.0006925,4.88678
3.6130e-02,-0.046875,0.00137844,4.89178
3.6140e-02,-0.03875,0.00160938,4.90302
3.6150e-02,-0.0423437,0.00145063,4.89084
3.6160e-02,-0.0407813,0.00234188,4.90896
3.6170e-02,-0.0448438,0.00147938,4.9074
3.6180e-02,-0.0373438,0.00165781,4.92178
3.6190e-02,-0.03625,0.00119219,4.8724
3.6200e-02,-0.03875,0.00178125,4.85865
3.6210e-02,-0.0428125,0.00187813,4.86021
3.6220e-02,-0.0573437,0.00198531,4.90021
3.6230e-02,-0.0542187,0.002345,4.89709
3.6240e-02,-0.0415625,0.00139656,4.90771
3.6250e-02,-0.043125,0.0014575,4.90646
3.6260e-02,-0.0385937,0.00113156,4.90021
3.6270e-02,-0.033125,0.00106656,4.88709
3.6280e-02,-0.04375,0.00115594,4.86802
3.6290e-02,-0.0479688,0.00207594,4.8899
3.6300e-02,-0.0467188,0.00318406,4.89677
3.6310e-02,-0.0346875,0.00288188,4.89709
3.6320e-02,-0.0307813,0.00228219,4.9124
3.6330e-02,-0.0498438,0.00136656,4.93584
3.6340e-02,-0.0446875,-3.9375e-05,4.87927
3.6350e-02,-0.0492188,-8.09375e-05,4.88053
3.6360e-02,-0.0451563,0.00115469,4.88053
3.6370e-02,-0.03875,0.00286781,4.87584
3.6380e-02,-0.0445313,0.00378688,4.91115
3.6390e-02,-0.043125,0.00334563,4.91021
3.6400e-02,-0.0453125,0.00168281,4.93052
3.6410e-02,-0.044375,0.00119688,4.91115
3.6420e-02,-0.0470312,0.000944375,4.90553
3.6430e-02,-0.0401563,0.000977813,4.89709
3.6440e-02,-0.0409375,0.00109938,4.8899
3.6450e-02,-0.0357813,0.00105781,4.87552
3.6460e-02,-0.0498438,0.00105281,4.92553
3.6470e-02,-0.0432813,0.00113563,4.91584
3.6480e-02,0.100781,0.000251562,4.90428
3.6490e-02,0.0139062,-0.00120469,4.89334
3.6500e-02,0.045,-0.00283375,4.89146
3.6510e-02,-0.678438,-0.00386969,4.86896
3.6520e-02,-0.654531,-0.00446219,4.89459
3.6530e-02,0.0828125,-0.00408469,4.91115
3.6540e-02,0.10375,-0.00394406,4.92271
3.6550e-02,0.0901562,-0.00397813,4.87303
3.6560e-02,0.08625,-0.00405781,4.92677
3.6570e-02,0.0584375,-0.00408312,4.9174
3.6580e-02,0.0646875,-0.00408219,4.90553
3.6590e-02,0.0601562,-0.00413781,4.88896
3.6600e-02,0.0525,-0.00396031,4.8899
3.6610e-02,0.0520313,-0.00405594,4.9024
3.6620e-02,0.04625,-0.00390563,4.90365
3.6630e-02,0.04125,-0.00390438,4.90178
3.6640e-02,0.0409375,-0.00408688,4.9149
3.6650e-02,0.044375,-0.00391312,4.8949
3.6660e-02,0.0371875,-0.00394125,4.8999
3.6670e-02,0.0228125,-0.00397938,4.89021
3.6680e-02,0.0340625,-0.00398313,4.91584
3.6690e-02,0.0182813,-0.003925,4.90178
3.6700e-02,0.0178125,-0.00409875,4.91271
3.6710e-02,0.0217187,-0.00397562,4.9424
3.6720e-02,0.025,-0.00378219,4.91084
3.6730e-02,0.021875,-0.00414688,4.9124
3.6740e-02,0.0228125,-0.00304281,4.8749
3.6750e-02,0.0232812,-0.00106406,4.91084
3.6760e-02,0.028125,-0.00032125,4.9149
3.6770e-02,0.00890625,0.000550937,4.92209
3.6780e-02,0.0276563,0.00124063,4.9024
3.6790e-02,0.0167188,0.00125813,4.89334
3.6800e-02,0.024375,0.00277531,4.88678
3.6810e-02,0.0142187,0.00166094,4.86959
3.6820e-02,0.0135937,0.00140781,4.87615
3.6830e-02,0.0210937,0.000619063,4.89209
3.6840e-02,0.019375,0.00077875,4.88646
3.6850e-02,0.0148437,0.00105156,4.8924
3.6860e-02,0.0129687,0.00153031,4.91365
3.6870e-02,0.011875,0.00173813,4.90053
3.6880e-02,0.0109375,0.00182844,4.84271
3.6890e-02,0.0225,0.0016875,4.86427
3.6900e-02,0.0176563,0.00156688,4.89115
3.6910e-02,-0.00890625,0.000993438,4.88021
3.6920e-02,-0.0028125,0.00106,4.87771
3.6930e-02,-0.00046875,0.001645,4.9374
3.6940e-02,-0.00265625,0.00179156,4.89771
3.6950e-02,0.00953125,0.00223156,4.88834
3.6960e-02,-0.00359375,0.00185219,4.87959
3.6970e-02,0.00046875,0.00161469,4.88646
3.6980e-02,0.01625,0.000941563,4.89677
3.6990e-02,-0.00046875,0.00127813,4.90146
3.7000e-02,-0.00734375,0.00102313,4.90584
3.7010e-02,0.00390625,0.00141156,4.89178
3.7020e-02,-0.00609375,0.00283031,4.86271
3.7030e-02,-0.0110937,0.0025525,4.91459
3.7040e-02,0.0034375,0.00327813,4.87896
3.7050e-02,0.0015625,0.001695,4.88927
3.7060e-02,0.004375,0.000699688,4.89302
3.7070e-02,0.00578125,0.000662813,4.93646
3.7080e-02,-0.0084375,0.00150781,4.9074
3.7090e-02,-0.00015625,0.0015875,4.92553
3.7100e-02,0.00609375,0.00229,4.88334
3.7110e-02,0.004375,0.00233,4.88584
3.7120e-02,-0.003125,0.00241219,4.8499
3.7130e-02,-0.0120313,0.00118656,4.89521
3.7140e-02,-0.0120313,0.000847813,4.8899
3.7150e-02,0,0.000711563,4.9099
3.7160e-02,-0.0101563,0.000989688,4.90646
3.7170e-02,0.0103125,0.00157656,4.90521
3.7180e-02,-0.015,0.00214469,4.87177
3.7190e-02,0.00453125,0.00223844,4.8599
3.7200e-02,-0.00171875,0.00213156,4.88177
3.7210e-02,-0.010625,0.00171219,4.88146
3.7220e-02,0.000625,0.00131125,4.9349
3.7230e-02,-0.0078125,0.00187063,4.90646
3.7240e-02,-0.015,0.00146844,4.90709
3.7250e-02,-0.010625,0.00163656,4.89615
3.7260e-02,-0.0101563,0.00145875,4.85928
3.7270e-02,0.000625,0.00164531,4.86865
3.7280e-02,-0.014375,0.00137438,4.88365
3.7290e-02,-0.00625,0.00127656,4.9099
3.7300e-02,-0.00234375,0.000726875,4.92303
3.7310e-02,-0.00953125,0.0010625,4.90928
3.7320e-02,-0.0215625,0.00153031,4.88021
3.7330e-02,-0.00875,0.00101375,4.87803
3.7340e-02,-0.0214063,0.00169375,4.8674
3.7350e-02,-0.0132813,0.00213406,4.88646
3.7360e-02,-0.0115625,0.00150063,4.89646
3.7370e-02,-0.0107813,0.00118344,4.90365
3.7380e-02,-0.0190625,0.00068625,4.92396
3.7390e-02,-0.0159375,0.00104438,4.90021
3.7400e-02,-0.0164063,0.00108781,4.88084
3.7410e-02,-0.015,0.00176688,4.86146
3.7420e-02,-0.015,0.00162094,4.89365
3.7430e-02,-0.0157813,0.00235281,4.88865
3.7440e-02,-0.0120313,0.00195594,4.87396
3.7450e-02,-0.0115625,0.000873125,4.93521
3.7460e-02,-0.00765625,0.00103938,4.9099
3.7470e-02,-0.00859375,0.000894688,4.9099
3.7480e-02,-0.0096875,0.00149969,4.87959
3.7490e-02,-0.0146875,0.00172313,4.89178
3.7500e-02,-0.0175,0.00186719,4.89646
3.7510e-02,0.001875,0.00200063,4.89209
3.7520e-02,-0.0178125,0.00111156,4.90646
3.7530e-02,-0.0239063,0.00114531,4.92677
3.7540e-02,-0.0159375,0.00079625,4.90584
3.7550e-02,-0.015,0.00132031,4.88084
3.7560e-02,-0.0160938,0.00131844,4.89146
3.7570e-02,-0.00984375,0.00192531,4.89584
3.7580e-02,-0.0126563,0.00216094,4.89927
3.7590e-02,-0.0204688,0.00190719,4.88115
3.7600e-02,-0.0129688,0.00134625,4.90553
3.7610e-02,-0.0195312,0.00159125,4.92209
3.7620e-02,-0.0159375,0.00108781,4.91521
3.7630e-02,-0.00921875,0.000852813,4.88021
3.7640e-02,-0.0167188,0.00213656,4.90709
3.7650e-02,-0.0114062,0.00201094,4.89271
3.7660e-02,-0.0132813,0.00255125,4.90146
3.7670e-02,-0.01375,0.00157813,4.91928
3.7680e-02,-0.015625,0.00140313,4.91803
3.7690e-02,-0.025,0.00106594,4.90115
3.7700e-02,-0.01875,0.00118,4.87646
3.7710e-02,-0.0198438,0.000841563,4.87271
3.7720e-02,-0.0145312,0.00172469,4.8874
3.7730e-02,-0.023125,0.00211094,4.9174
3.7740e-02,-0.01125,0.00160875,4.91146
3.7750e-02,-0.0314062,0.00199313,4.91553
3.7760e-02,-0.0248438,0.00110094,4.92615
3.7770e-02,-0.00875,0.00112406,4.8999
3.7780e-02,-0.0189062,0.00104938,4.89115
3.7790e-02,-0.020625,0.00154969,4.87303
3.7800e-02,-0.0192187,0.001975,4.86396
3.7810e-02,-0.0185937,0.00188188,4.89302
3.7820e-02,-0.00953125,0.00166563,4.91115
3.7830e-02,-0.00921875,0.00155844,4.88115
3.7840e-02,-0.0229687,0.00033625,4.91459
3.7850e-02,-0.0285938,0.00133781,4.86928
3.7860e-02,-0.0223437,0.00150781,4.8824
3.7870e-02,-0.0210938,0.00138375,4.90928
3.7880e-02,-0.019375,0.00113063,4.89146
3.7890e-02,-0.0184375,0.00168531,4.88771
3.7900e-02,-0.0129688,0.00188594,4.91146
3.7910e-02,-0.0179687,0.00200125,4.89677
3.7920e-02,-0.0235938,0.00194063,4.90615
3.7930e-02,-0.0175,0.0019575,4.8874
3.7940e-02,-0.0140625,0.00151656,4.87834
3.7950e-02,-0.0229687,0.00215781,4.88084
3.7960e-02,-0.020625,0.00191313,4.86865
3.7970e-02,-0.0223437,0.00223938,4.91115
3.7980e-02,-0.0190625,0.00174875,4.91771
3.7990e-02,-0.0171875,0.00171563,4.91959
3.8000e-02,-0.0235938,0.000485625,4.91271
3.8010e-02,-0.020625,0.00167344,4.89459
3.8020e-02,-0.0140625,0.00152469,4.87146
3.8030e-02,-0.0275,0.000780625,4.87896
3.8040e-02,-0.0270312,0.00122594,4.8824
3.8050e-02,-0.0176563,0.00247781,4.91271
3.8060e-02,-0.0285938,0.00191688,4.92334
3.8070e-02,-0.0228125,0.00145844,4.89396
3.8080e-02,-0.0229687,0.00141563,4.89865
3.8090e-02,-0.0165625,0.00134344,4.90021
3.8100e-02,-0.0114062,0.000945625,4.87927
3.8110e-02,-0.0120313,0.000839688,4.87146
3.8120e-02,-0.0232812,0.00197562,4.91865
3.8130e-02,-0.0154687,0.00173219,4.91178
3.8140e-02,-0.0320312,0.00166375,4.88615
3.8150e-02,-0.0167188,0.00118687,4.88865
3.8160e-02,-0.0220313,0.00173594,4.88678
3.8170e-02,-0.0209375,0.00065625,4.89302
3.8180e-02,-0.0259375,0.00111656,4.87834
3.8190e-02,-0.0240625,0.00143375,4.90271
3.8200e-02,-0.0179687,0.0014775,4.94146
3.8210e-02,-0.01,0.00212531,4.91365
3.8220e-02,-0.0110937,0.00217344,4.91646
3.8230e-02,-0.0260937,0.00132688,4.90428
3.8240e-02,-0.019375,0.00185281,4.87927
3.8250e-02,-0.0220313,0.00153813,4.87709
3.8260e-02,-0.0204688,0.000892813,4.8749
3.8270e-02,-0.0215625,0.00150656,4.89959
3.8280e-02,-0.0259375,0.00172656,4.9249
3.8290e-02,-0.0251563,0.00179844,4.92084
3.8300e-02,-0.0296875,0.00243094,4.89677
3.8310e-02,-0.0340625,0.00156656,4.8799
3.8320e-02,-0.0325,0.00103625,4.88709
3.8330e-02,-0.03375,0.00192875,4.87146
3.8340e-02,-0.0240625,0.000936875,4.89552
3.8350e-02,-0.0264062,0.00162906,4.8899
3.8360e-02,-0.0401563,0.00118656,4.92396
3.8370e-02,-0.0365625,0.00173063,4.9099
3.8380e-02,-0.0445313,0.00123938,4.8699
3.8390e-02,-0.0304688,0.00105125,4.8774
3.8400e-02,-0.0204688,0.000664375,4.87084
3.8410e-02,-0.0264062,0.000985938,4.89146
3.8420e-02,-0.0242188,0.00200156,4.88365
3.8430e-02,-0.0345312,0.00216875,4.90459
3.8440e-02,-0.0210938,0.00160188,4.90928
3.8450e-02,-0.0257812,0.00192406,4.89865
3.8460e-02,-0.0195312,0.00154906,4.88678
3.8470e-02,-0.0292188,0.00124094,4.89834
3.8480e-02,-0.0196875,0.00118438,4.8699
3.8490e-02,-0.0295313,0.00162969,4.88646
3.8500e-02,-0.03,0.00126969,4.90115
3.8510e-02,-0.0123438,0.00130844,4.92115
3.8520e-02,-0.0242188,0.00175906,4.90178
3.8530e-02,-0.0251563,0.00187375,4.8824
3.8540e-02,-0.028125,0.00124156,4.8949
3.8550e-02,-0.0203125,0.00115938,4.88615
3.8560e-02,-0.0254688,0.00124094,4.90053
3.8570e-02,-0.0298438,0.00151656,4.89428
3.8580e-02,-0.03125,0.00209313,4.91146
3.8590e-02,-0.0395313,0.00202531,4.90146
3.8600e-02,-0.0314062,0.00159406,4.91365
3.8610e-02,-0.005625,0.00227219,4.89771
3.8620e-02,-0.0228125,0.0014825,4.86115
3.8630e-02,-0.0376563,0.0008725,4.89927
3.8640e-02,-0.028125,0.000579688,4.89803
3.8650e-02,-0.0248438,0.000795625,4.9274
3.8660e-02,-0.0273438,0.00138531,4.91553
3.8670e-02,-0.040625,0.00182844,4.91396
3.8680e-02,-0.0321875,0.00144563,4.89084
3.8690e-02,-0.03375,0.00216313,4.8974
3.8700e-02,-0.0270312,0.00209187,4.87584
3.8710e-02,-0.0296875,0.000778438,4.89115
3.8720e-02,-0.0325,0.00132406,4.90302
3.8730e-02,-0.0353125,0.00181594,4.89803
3.8740e-02,-0.0264062,0.00195688,4.90771
3.8750e-02,-0.0267187,0.00174375,4.91209
3.8760e-02,-0.0271875,0.00260063,4.91115
3.8770e-02,-0.0267187,0.00116469,4.89771
3.8780e-02,-0.0354688,0.00129313,4.8799
3.8790e-02,-0.0290625,0.00106563,4.87896
3.8800e-02,-0.0242188,0.00105344,4.91459
3.8810e-02,-0.023125,0.000500625,4.89178
3.8820e-02,-0.025,0.00173063,4.91146
3.8830e-02,-0.0304688,0.000865938,4.91584
3.8840e-02,-0.02875,0.00178969,4.88021
3.8850e-02,-0.0298438,0.00133438,4.87678
3.8860e-02,-0.0284375,0.00131938,4.9124
3.8870e-02,-0.036875,0.00095,4.91146
3.8880e-02,-0.0278125,0.000714375,4.90084
3.8890e-02,-0.0184375,0.00126938,4.91521
3.8900e-02,-0.0303125,0.00231313,4.91115
3.8910e-02,-0.034375,0.00227156,4.87209
3.8920e-02,-0.0275,0.00219938,4.8924
3.8930e-02,-0.0323438,0.00205,4.88927
3.8940e-02,-0.0285938,0.002015,4.9149
3.8950e-02,-0.0495312,0.00189063,4.92553
3.8960e-02,-0.0332812,0.00055125,4.91209
3.8970e-02,-0.025625,0.00177438,4.93521
3.8980e-02,-0.0378125,0.00175875,4.91334
3.8990e-02,-0.0271875,0.00219125,4.87959
3.9000e-02,-0.02875,0.00190188,4.87927
3.9010e-02,-0.0307813,0.00133938,4.89959
3.9020e-02,-0.0271875,0.00125156,4.91834
3.9030e-02,-0.0260937,0.00105156,4.92834
3.9040e-02,-0.0396875,0.00138781,4.92427
3.9050e-02,-0.0370313,0.00141125,4.91865
3.9060e-02,-0.0385937,0.00155625,4.93678
3.9070e-02,-0.0370313,0.00204094,4.87678
3.9080e-02,-0.0270312,0.00181344,4.86896
3.9090e-02,-0.0371875,0.00179906,4.87365
3.9100e-02,-0.0275,0.00202219,4.91896
3.9110e-02,-0.035625,0.00141031,4.89396
3.9120e-02,-0.0470312,0.00151688,4.90803
3.9130e-02,-0.0326562,0.00167438,4.92459
3.9140e-02,-0.0339062,0.00245688,4.8749
3.9150e-02,-0.0307813,0.00225813,4.8574
3.9160e-02,-0.0289063,0.00151938,4.8824
3.9170e-02,-0.03375,0.00153625,4.91021
3.9180e-02,-0.0328125,0.00127313,4.90615
3.9190e-02,-0.025625,0.000895,4.9224
3.9200e-02,-0.0257812,0.0009,4.89896
3.9210e-02,-0.0315625,0.00186375,4.86834
3.9220e-02,-0.0189062,0.00165344,4.90084
3.9230e-02,-0.0276563,0.0015475,4.89584
3.9240e-02,-0.0178125,0.00118813,4.91771
3.9250e-02,-0.03625,0.000768438,4.89334
3.9260e-02,-0.029375,0.00171781,4.91803
3.9270e-02,-0.03625,0.00157375,4.91209
3.9280e-02,-0.0278125,0.00155906,4.89334
3.9290e-02,-0.023125,0.00169625,4.86896
3.9300e-02,-0.020625,0.00236406,4.88803
3.9310e-02,-0.0465625,0.00243375,4.89959
3.9320e-02,-0.0295313,0.00203094,4.90115
3.9330e-02,-0.0154687,0.000934688,4.92334
3.9340e-02,-0.023125,0.000868438,4.90865
3.9350e-02,-0.0434375,0.000665938,4.89115
3.9360e-02,-0.0271875,0.00122969,4.87177
3.9370e-02,-0.0210938,0.00206469,4.86959
3.9380e-02,-0.033125,0.00254594,4.87115
3.9390e-02,-0.0365625,0.00227,4.89521
3.9400e-02,-0.0375,0.00169406,4.90928
3.9410e-02,-0.021875,0.00135313,4.93615
3.9420e-02,-0.029375,0.00120313,4.91052
3.9430e-02,-0.0314062,0.0013375,4.91021
3.9440e-02,-0.0432813,0.00179344,4.90428
3.9450e-02,-0.029375,0.00205813,4.88678
3.9460e-02,-0.0295313,0.00207688,4.87303
3.9470e-02,-0.0196875,0.00127594,4.87552
3.9480e-02,-0.0346875,0.000910313,4.91427
3.9490e-02,-0.021875,0.000494688,4.90771
3.9500e-02,-0.0328125,0.00144531,4.9224
3.9510e-02,-0.0301563,0.000798125,4.90209
3.9520e-02,-0.0390625,0.00177719,4.89677
3.9530e-02,-0.0351562,0.00254906,4.88552
3.9540e-02,-0.0325,0.00231813,4.8624
3.9550e-02,-0.021875,0.002615,4.88709
3.9560e-02,-0.041875,0.001225,4.89803
3.9570e-02,-0.0314062,0.000987188,4.91021
3.9580e-02,-0.0323438,0.00109938,4.89459
3.9590e-02,-0.0373438,0.000867813,4.9049
3.9600e-02,-0.0354688,0.00193406,4.88271
3.9610e-02,-0.0265625,0.00177594,4.88459
3.9620e-02,-0.0301563,0.00247219,4.87615
3.9630e-02,-0.0335937,0.00260125,4.92802
3.9640e-02,-0.0292188,0.00116969,4.93084
3.9650e-02,-0.0329688,0.00175656,4.90021
3.9660e-02,-0.0364063,0.00129031,4.90146
3.9670e-02,-0.0326562,0.00111688,4.86584
3.9680e-02,-0.0365625,0.00150906,4.87771
3.9690e-02,-0.033125,0.00204656,4.86865
3.9700e-02,-0.0365625,0.00211219,4.89115
3.9710e-02,-0.035,0.00172219,4.89803
3.9720e-02,-0.038125,0.000772813,4.89584
3.9730e-02,-0.0407813,0.000678438,4.91959
3.9740e-02,-0.0301563,0.000260625,4.88459
3.9750e-02,-0.0309375,0.00108188,4.8774
3.9760e-02,-0.0457813,0.00246375,4.91302
3.9770e-02,-0.0353125,0.00300844,4.89334
3.9780e-02,-0.039375,0.00221031,4.87084
3.9790e-02,-0.0404687,0.00187781,4.92146
3.9800e-02,-0.0225,0.00101563,4.89834
3.9810e-02,-0.0329688,0.000735313,4.88115
3.9820e-02,-0.0273438,0.000807813,4.8724
3.9830e-02,-0.0335937,0.00112344,4.8949
3.9840e-02,-0.0245313,0.00164094,4.87396
3.9850e-02,-0.0423437,0.00203937,4.91302
3.9860e-02,-0.0389063,0.00182938,4.92677
3.9870e-02,-0.0270312,0.000765625,4.91459
3.9880e-02,-0.0457813,0.000940625,4.91115
3.9890e-02,-0.0275,0.00110656,4.87552
3.9900e-02,-0.04125,0.00121094,4.87084
3.9910e-02,-0.030625,0.00159,4.88271
3.9920e-02,-0.0296875,0.00228625,4.88334
3.9930e-02,-0.0365625,0.00249313,4.9149
3.9940e-02,-0.020625,0.00234531,4.90271
3.9950e-02,-0.0446875,0.00199313,4.90146
3.9960e-02,-0.0428125,0.000812813,4.89865
3.9970e-02,-0.0351562,0.00116063,4.88584
3.9980e-02,-0.0235938,0.000995625,4.88552
3.9990e-02,-0.0370313,0.00171719,4.8849
4.0000e-02,-0.0382813,0.00181719,4.89615
4.0010e-02,-0.0323438,0.00265156,4.91584
4.0020e-02,-0.0423437,0.0017225,4.92209
4.0030e-02,-0.029375,0.00177219,4.90302
4.0040e-02,-0.0417187,0.0007275,4.88834
4.0050e-02,-0.045,0.00057625,4.87646
4.0060e-02,-0.0392187,0.000850938,4.89302
4.0070e-02,-0.0195312,0.00251688,4.88271
4.0080e-02,-0.0410937,0.00299281,4.92521
4.0090e-02,-0.0396875,0.00316938,4.91365
4.0100e-02,-0.0257812,0.00271781,4.92178
4.0110e-02,-0.0398437,0.00127938,4.90334
4.0120e-02,-0.030625,0.000561875,4.87084
4.0130e-02,-0.0426562,0.000139062,4.87084
4.0140e-02,-0.031875,0.00125406,4.92709
4.0150e-02,-0.02125,0.00157219,4.90646
4.0160e-02,-0.035625,0.00286688,4.92896
4.0170e-02,-0.0371875,0.00372563,4.93021
4.0180e-02,-0.0329688,0.00167063,4.92209
4.0190e-02,-0.0439063,0.0010575,4.88771
4.0200e-02,-0.0376563,0.000633438,4.8624
4.0210e-02,-0.0376563,0.000200313,4.89053
4.0220e-02,-0.051875,0.00132156,4.8999
4.0230e-02,-0.0453125,0.00242813,4.89178
4.0240e-02,-0.0365625,0.00341531,4.91052
4.0250e-02,-0.0285938,0.00334406,4.91146
4.0260e-02,-0.0359375,0.0022975,4.88615
4.0270e-02,-0.036875,0.000779688,4.88771
4.0280e-02,-0.0317188,-0.00130656,4.87896
4.0290e-02,-0.0301563,-0.000485625,4.88834
4.0300e-02,-0.0276563,0.000809688,4.90428
4.0310e-02,-0.0390625,0.00209281,4.9024
4.0320e-02,-0.03625,0.00461063,4.91052
4.0330e-02,-0.0304688,0.00396219,4.90459
4.0340e-02,-0.0378125,0.00167469,4.89178
4.0350e-02,-0.0364063,-0.00145406,4.89178
4.0360e-02,-0.0353125,-0.00216125,4.89865
4.0370e-02,-0.0260937,-0.00151906,4.89053
4.0380e-02,-0.0353125,0.00175844,4.89396
4.0390e-02,-0.036875,0.00556719,4.91052
4.0400e-02,-0.0295313,0.00601094,4.91959
4.0410e-02,-0.0415625,0.00399313,4.92021
4.0420e-02,-0.021875,9.40625e-05,4.89396
4.0430e-02,-0.043125,-0.00437781,4.88771
4.0440e-02,-0.0423437,-0.00476125,4.89834
4.0450e-02,-0.0389063,-0.000549688,4.89209
4.0460e-02,-0.0357813,0.00489531,4.90803
4.0470e-02,-0.05,0.00921469,4.92709
4.0480e-02,-0.0354688,0.00890375,4.91178
4.0490e-02,-0.0259375,0.00441156,4.89084
4.0500e-02,-0.0434375,-0.00240688,4.89459
4.0510e-02,-0.0428125,-0.00702875,4.88678
4.0520e-02,-0.0354688,-0.00663563,4.91365
4.0530e-02,-0.0365625,-0.00142156,4.86896
4.0540e-02,-0.040625,0.00465,4.88709
4.0550e-02,-0.0376563,0.00917094,4.91427
4.0560e-02,-0.03375,0.00883031,4.89053
4.0570e-02,-0.0310937,0.00512,4.88865
4.0580e-02,-0.0385937,-0.000685938,4.88709
4.0590e-02,-0.03625,-0.00447094,4.8724
4.0600e-02,-0.0423437,-0.00471875,4.88334
4.0610e-02,-0.0435938,-0.0007225,4.90677
4.0620e-02,-0.0329688,0.00355188,4.92334
4.0630e-02,-0.0364063,0.00581875,4.87959
4.0640e-02,-0.0510938,0.00610594,4.88865
4.0650e-02,-0.0345312,0.0037,4.87115
4.0660e-02,-0.0373438,0.000290938,4.88428
4.0670e-02,-0.0260937,-0.00093875,4.87959
4.0680e-02,-0.0371875,-0.00047625,4.91021
4.0690e-02,-0.0479688,0.00167594,4.90115
4.0700e-02,-0.0353125,0.00294563,4.9049
4.0710e-02,-0.0345312,0.00386188,4.92834
4.0720e-02,-0.0353125,0.00254188,4.87334
4.0730e-02,-0.0340625,0.00154125,4.87396
4.0740e-02,-0.0390625,-0.0001775,4.88834
4.0750e-02,-0.048125,-0.000111875,4.90115
4.0760e-02,-0.041875,0.00091375,4.89552
4.0770e-02,-0.0403125,0.00262563,4.91584
4.0780e-02,-0.0310937,0.0028275,4.89334
4.0790e-02,-0.02375,0.00315906,4.88146
4.0800e-02,-0.0307813,0.00242813,4.91115
4.0810e-02,-0.0307813,0.00184344,4.88959
4.0820e-02,-0.0382813,0.000468438,4.89021
4.0830e-02,-0.0259375,0.0005925,4.92834
4.0840e-02,-0.0414063,0.000384375,4.91834
4.0850e-02,-0.0392187,0.00232438,4.90834
4.0860e-02,-0.0364063,0.0022475,4.91865
4.0870e-02,-0.0475,0.0028,4.90865
4.0880e-02,-0.0459375,0.00240313,4.84396
4.0890e-02,-0.0304688,0.000799063,4.87334
4.0900e-02,-0.041875,0.000899375,4.87896
4.0910e-02,-0.0479688,0.00143,4.8999
4.0920e-02,-0.0439063,0.00115188,4.91865
4.0930e-02,-0.039375,0.00189719,4.88302
4.0940e-02,-0.0510938,0.00279063,4.92771
4.0950e-02,-0.0421875,0.00239906,4.87552
4.0960e-02,-0.038125,0.00145969,4.8899
4.0970e-02,-0.0292188,0.000749688,4.88021
4.0980e-02,-0.0342187,0.000298438,4.91302
4.0990e-02,-0.03875,0.000580938,4.9099
4.1000e-02,-0.04125,0.00106,4.90959
4.1010e-02,-0.033125,0.00217344,4.91302
4.1020e-02,-0.0298438,0.00300688,4.8824
4.1030e-02,-0.0345312,0.00310563,4.8874
4.1040e-02,-0.039375,0.00143719,4.88428
4.1050e-02,-0.0442188,0.00110125,4.87959
4.1060e-02,-0.0376563,0.000892188,4.89865
4.1070e-02,-0.0270312,0.000907813,4.89428
4.1080e-02,-0.0421875,0.00195156,4.91584
4.1090e-02,-0.0385937,0.00254875,4.88771
4.1100e-02,-0.0401563,0.00289125,4.86209
4.1110e-02,-0.038125,0.00222719,4.8724
4.1120e-02,-0.0426562,0.00138281,4.89896
4.1130e-02,-0.0348437,0.00127656,4.90271
4.1140e-02,-0.0320312,0.00119156,4.92553
4.1150e-02,-0.0409375,0.000771563,4.92584
4.1160e-02,-0.0475,0.00202969,4.9299
4.1170e-02,-0.040625,0.00187688,4.91115
4.1180e-02,-0.0359375,0.00189531,4.88678
4.1190e-02,-0.0489062,0.00166344,4.85521
4.1200e-02,-0.0439063,0.00163719,4.90146
4.1210e-02,-0.0423437,0.000284688,4.92178
4.1220e-02,-0.043125,0.000679688,4.92365
4.1230e-02,-0.0440625,0.00183906,4.8999
4.1240e-02,-0.0370313,0.00161063,4.8874
4.1250e-02,-0.0325,0.00204469,4.90053
4.1260e-02,-0.0315625,0.00208563,4.86896
4.1270e-02,-0.0464062,0.00160656,4.89584
4.1280e-02,-0.0317188,0.00156031,4.88646
4.1290e-02,-0.0332812,0.00151688,4.89302
4.1300e-02,-0.0415625,0.000966563,4.90771
4.1310e-02,-0.0465625,0.00116156,4.9024
4.1320e-02,-0.0517188,0.00130781,4.88959
4.1330e-02,-0.0392187,0.00175938,4.88709
4.1340e-02,-0.0410937,0.00169469,4.88302
4.1350e-02,-0.0428125,0.00172969,4.89021
4.1360e-02,-0.0265625,0.00126031,4.91146
4.1370e-02,-0.0453125,0.000849688,4.91553
4.1380e-02,-0.0334375,0.000858125,4.91396
4.1390e-02,-0.0371875,0.00114531,4.91146
4.1400e-02,-0.050625,0.0020675,4.91052
4.1410e-02,-0.04625,0.00245844,4.87303
4.1420e-02,-0.0434375,0.00237844,4.88552
4.1430e-02,-0.0390625,0.0016025,4.86802
4.1440e-02,-0.0354688,0.00171375,4.90021
4.1450e-02,-0.0495312,0.00156906,4.87834
4.1460e-02,-0.040625,0.000353438,4.89146
4.1470e-02,-0.0267187,0.00186656,4.87365
4.1480e-02,-0.040625,0.00276281,4.88271
4.1490e-02,-0.0423437,0.00241625,4.89209
4.1500e-02,-0.0395313,0.00204094,4.90928
4.1510e-02,-0.0476562,0.00143219,4.91459
4.1520e-02,-0.0434375,0.000422813,4.91271
4.1530e-02,-0.0482812,0.00104719,4.93584
4.1540e-02,-0.0364063,0.00116938,4.9049
4.1550e-02,-0.0420312,0.00167188,4.88896
4.1560e-02,-0.0304688,0.00254813,4.87115
4.1570e-02,-0.0446875,0.00266938,4.88678
4.1580e-02,-0.0407813,0.00206031,4.89365
4.1590e-02,-0.0348437,0.00179219,4.88959
4.1600e-02,-0.0498438,0.00076625,4.91178
4.1610e-02,-0.0439063,0.00151156,4.91865
4.1620e-02,-0.0384375,0.00120031,4.89459
4.1630e-02,-0.0284375,0.00108281,4.89615
4.1640e-02,-0.0321875,0.00163594,4.90178
4.1650e-02,-0.035625,0.00234719,4.9174
4.1660e-02,-0.0376563,0.00292469,4.90959
4.1670e-02,-0.0334375,0.001685,4.90677
4.1680e-02,-0.03375,0.000660938,4.92521
4.1690e-02,-0.0365625,0.00122844,4.91021
4.1700e-02,-0.046875,0.00149469,4.85834
4.1710e-02,-0.0359375,0.00114219,4.8649
4.1720e-02,-0.0445313,0.00235812,4.88959
4.1730e-02,-0.0521875,0.00205031,4.86959
4.1740e-02,-0.0395313,0.00185688,4.89115
4.1750e-02,-0.0409375,0.00192594,4.9049
4.1760e-02,-0.0425,0.00108438,4.92865
4.1770e-02,-0.0345312,0.001215,4.93052
4.1780e-02,-0.0309375,0.00171094,4.85865
4.1790e-02,-0.0470312,0.00143344,4.88584
4.1800e-02,-0.05,0.00205875,4.89959
4.1810e-02,-0.039375,0.00134281,4.88084
4.1820e-02,-0.0398437,0.00129188,4.91178
4.1830e-02,-0.043125,0.00183563,4.90271
4.1840e-02,-0.0389063,0.000929375,4.89302
4.1850e-02,-0.0407813,0.0014325,4.90396
4.1860e-02,-0.0371875,0.00129094,4.8699
4.1870e-02,-0.0420312,0.00184813,4.85928
4.1880e-02,-0.0389063,0.00217719,4.92146
4.1890e-02,-0.0521875,0.00221469,4.90615
4.1900e-02,-0.0367188,0.00128281,4.91146
4.1910e-02,-0.03375,0.000713125,4.8699
4.1920e-02,-0.0432813,0.000984688,4.89771
4.1930e-02,-0.0328125,0.00122906,4.89084
4.1940e-02,-0.0325,0.001485,4.87584
4.1950e-02,-0.043125,0.00100531,4.88365
4.1960e-02,-0.0415625,0.00255688,4.90084
4.1970e-02,-0.0434375,0.00184156,4.93271
4.1980e-02,-0.0357813,0.00191906,4.92084
4.1990e-02,-0.0409375,0.000830625,4.91052
4.2000e-02,-0.043125,0.000958438,4.8924
4.2010e-02,-0.0434375,0.00102281,4.89803
4.2020e-02,-0.0467188,0.00139438,4.8949
4.2030e-02,-0.0382813,0.00225531,4.88678
4.2040e-02,-0.0314062,0.00223313,4.90178
4.2050e-02,-0.04375,0.00217563,4.92334
4.2060e-02,-0.0570313,0.0016725,4.8924
4.2070e-02,-0.0342187,0.00202219,4.90896
4.2080e-02,-0.0475,0.00126875,4.89396
4.2090e-02,-0.0325,0.00143563,4.85396
4.2100e-02,-0.045,0.00147969,4.87615
4.2110e-02,-0.029375,0.00195781,4.88927
4.2120e-02,-0.0520313,0.00213281,4.8724
4.2130e-02,-0.044375,0.00211219,4.93209
4.2140e-02,-0.0432813,0.00144219,4.9224
4.2150e-02,-0.0539063,0.00103438,4.88615
4.2160e-02,-0.04125,0.0012025,4.86334
4.2170e-02,-0.0417187,0.0002875,4.88396
4.2180e-02,-0.0314062,0.00181063,4.86802
4.2190e-02,-0.0482812,0.00146063,4.89459
4.2200e-02,-0.0304688,0.00236,4.90803
4.2210e-02,-0.034375,0.00267313,4.91459
4.2220e-02,-0.045,0.00262813,4.91615
4.2230e-02,-0.0426562,0.00167063,4.87552
4.2240e-02,-0.02875,0.000382813,4.87646
4.2250e-02,-0.0401563,0.0017675,4.89084
4.2260e-02,-0.0410937,0.0027025,4.88865
4.2270e-02,-0.0445313,0.00283719,4.91365
4.2280e-02,-0.0357813,0.00283156,4.9124
4.2290e-02,-0.0367188,0.00172875,4.91209
4.2300e-02,-0.0317188,0.00153844,4.9074
4.2310e-02,-0.036875,0.00180406,4.86928
4.2320e-02,-0.0340625,0.00163781,4.89178
4.2330e-02,-0.0420312,0.00193563,4.90209
4.2340e-02,-0.0489062,0.00177813,4.91959
4.2350e-02,-0.0471875,0.00177469,4.91146
4.2360e-02,-0.0360938,0.00172688,4.90928
4.2370e-02,-0.0442188,0.00110406,4.90334
4.2380e-02,-0.0520313,0.000904688,4.8699
4.2390e-02,-0.0446875,0.00144094,4.88365
4.2400e-02,-0.0325,0.00151875,4.87771
4.2410e-02,-0.0451563,0.00171844,4.91865
4.2420e-02,-0.0601562,0.00179,4.88521
4.2430e-02,-0.0390625,0.00190156,4.92115
4.2440e-02,-0.0353125,0.00184375,4.93021
4.2450e-02,-0.0423437,0.00160719,4.8899
4.2460e-02,-0.0346875,0.0010325,4.87084
4.2470e-02,-0.041875,-6.625e-05,4.87459
4.2480e-02,-0.0298438,0.0015,4.87521
4.2490e-02,-0.03375,0.00209344,4.9074
4.2500e-02,-0.0364063,0.00221844,4.91459
4.2510e-02,-0.03625,0.00183688,4.91178
4.2520e-02,-0.0385937,0.00143563,4.90271
4.2530e-02,-0.0454688,0.00155281,4.89209
4.2540e-02,-0.0329688,0.00107094,4.90396
4.2550e-02,-0.0364063,0.000674063,4.88771
4.2560e-02,-0.0514063,0.00150313,4.88646
4.2570e-02,-0.0384375,0.00132156,4.89803
4.2580e-02,-0.03125,0.0017175,4.90677
4.2590e-02,-0.0376563,0.00206969,4.89865
4.2600e-02,-0.031875,0.00260313,4.89584
4.2610e-02,-0.0434375,0.00164031,4.8849
4.2620e-02,-0.0489062,0.00169219,4.86959
4.2630e-02,-0.043125,0.0012425,4.90021
4.2640e-02,-0.0421875,0.002195,4.90865
4.2650e-02,-0.0401563,0.00221563,4.91615
4.2660e-02,-0.0498438,0.00191344,4.92084
4.2670e-02,-0.0476562,0.00201438,4.88552
4.2680e-02,-0.03375,0.0015125,4.87459
4.2690e-02,-0.05625,0.00109844,4.88146
4.2700e-02,-0.0429688,0.00113906,4.8699
4.2710e-02,-0.0373438,0.000995,4.8974
4.2720e-02,-0.034375,0.000938125,4.90803
4.2730e-02,-0.0473438,0.00112156,4.89896
4.2740e-02,-0.0417187,0.00155063,4.90365
4.2750e-02,-0.0298438,0.00169219,4.90396
4.2760e-02,-0.0409375,0.00231781,4.88428
4.2770e-02,-0.036875,0.00125688,4.88834
4.2780e-02,-0.0507812,0.0016075,4.89615
4.2790e-02,-0.0357813,0.00118844,4.90334
4.2800e-02,-0.05,0.00157938,4.91771
4.2810e-02,-0.0409375,0.00166625,4.90959
4.2820e-02,-0.0421875,0.00176656,4.91146
4.2830e-02,-0.0510938,0.00163094,4.89959
4.2840e-02,-0.0420312,0.00214156,4.86959
4.2850e-02,-0.0270312,0.00183969,4.89209
4.2860e-02,-0.0428125,0.000929688,4.89459
4.2870e-02,-0.0540625,0.00127719,4.91771
4.2880e-02,-0.0420312,0.00168031,4.89334
4.2890e-02,-0.0345312,0.00207219,4.90084
4.2900e-02,-0.038125,0.00225875,4.89834
4.2910e-02,-0.0440625,0.00207563,4.86271
4.2920e-02,-0.04625,0.00152719,4.8874
4.2930e-02,-0.0492188,0.00101687,4.91271
4.2940e-02,-0.041875,0.00038125,4.89896
4.2950e-02,-0.0309375,0.00116094,4.88396
4.2960e-02,-0.0432813,0.00126844,4.9274
4.2970e-02,-0.0385937,0.00162281,4.89459
4.2980e-02,-0.0378125,0.00164188,4.8949
4.2990e-02,-0.05375,0.00173469,4.90365
4.3000e-02,-0.04875,0.00180531,4.88646
4.3010e-02,-0.03875,0.00159813,4.88209
4.3020e-02,-0.0371875,0.000801875,4.90677
4.3030e-02,-0.0379688,0.000935313,4.91771
4.3040e-02,-0.0334375,0.000909063,4.90209
4.3050e-02,-0.0401563,0.00194406,4.89834
4.3060e-02,-0.0325,0.00119375,4.88271
4.3070e-02,-0.0379688,0.00149625,4.89428
4.3080e-02,-0.04625,0.001275,4.90553
4.3090e-02,-0.0335937,0.00122031,4.89271
4.3100e-02,-0.0329688,0.00136344,4.90334
4.3110e-02,-0.0403125,0.00156219,4.91052
4.3120e-02,-0.0490625,0.00154031,4.90428
4.3130e-02,-0.0484375,0.00185688,4.90084
4.3140e-02,-0.0504687,0.00203438,4.89584
4.3150e-02,-0.0471875,0.00161344,4.85865
4.3160e-02,-0.0440625,0.00137563,4.87053
4.3170e-02,-0.0515625,0.00127156,4.87365
4.3180e-02,-0.0409375,0.00206906,4.87646
4.3190e-02,-0.0410937,0.00166313,4.90021
4.3200e-02,-0.035,0.00155094,4.89615
4.3210e-02,-0.0351562,0.00190313,4.8999
4.3220e-02,-0.0439063,0.00237875,4.84959
4.3230e-02,-0.039375,0.00113656,4.89084
4.3240e-02,-0.04375,0.00158469,4.90209
4.3250e-02,-0.0396875,0.00109844,4.89084
4.3260e-02,-0.0396875,0.00157469,4.91021
4.3270e-02,-0.0392187,0.000549688,4.88771
4.3280e-02,-0.0371875,0.00180719,4.9074
4.3290e-02,-0.0545313,0.00212563,4.88146
4.3300e-02,-0.04125,0.00257125,4.88053
4.3310e-02,-0.0365625,0.00207969,4.87646
4.3320e-02,-0.0498438,0.00157875,4.91396
4.3330e-02,-0.0434375,0.00126156,4.92271
4.3340e-02,-0.0529687,0.000955,4.92115
4.3350e-02,-0.0392187,0.00133125,4.8749
4.3360e-02,-0.0476562,0.00117563,4.8974
4.3370e-02,-0.04125,0.00150344,4.88396
4.3380e-02,-0.0401563,0.00179438,4.90428
4.3390e-02,-0.0484375,0.00185438,4.89428
4.3400e-02,-0.0382813,0.00183813,4.91834
4.3410e-02,-0.0503125,0.00144719,4.90365
4.3420e-02,-0.0471875,0.00158469,4.92396
4.3430e-02,-0.0307813,0.0016,4.91271
4.3440e-02,-0.0346875,0.00143875,4.89709
4.3450e-02,-0.0414063,0.00231125,4.8849
4.3460e-02,-0.0446875,0.00186438,4.89646
4.3470e-02,-0.0332812,0.00203156,4.88865
4.3480e-02,-0.0484375,0.00139563,4.89615
4.3490e-02,-0.0448438,0.00112031,4.89584
4.3500e-02,-0.0371875,0.000692188,4.88959
4.3510e-02,-0.0373438,0.00118875,4.8824
4.3520e-02,-0.0445313,0.00179813,4.85959
4.3530e-02,-0.0479688,0.00206469,4.85646
4.3540e-02,-0.0382813,0.00201406,4.89146
4.3550e-02,-0.046875,0.00185938,4.8724
4.3560e-02,-0.0332812,0.00130594,4.92115
4.3570e-02,-0.0473438,0.000200625,4.91709
4.3580e-02,-0.0423437,0.000758438,4.90959
4.3590e-02,-0.0364063,0.00127281,4.86521
4.3600e-02,-0.0585938,0.0020975,4.8724
4.3610e-02,-0.0479688,0.00244,4.86615
4.3620e-02,-0.0471875,0.00183531,4.90334
4.3630e-02,-0.0396875,0.00221781,4.8974
4.3640e-02,-0.0335937,0.0016375,4.90115
4.3650e-02,-0.0451563,0.00110406,4.90834
4.3660e-02,-0.0495312,0.00169844,4.89834
4.3670e-02,-0.0359375,0.00188031,4.90584
4.3680e-02,-0.0490625,0.00213563,4.86552
4.3690e-02,-0.0473438,0.00269344,4.88209
4.3700e-02,-0.0354688,0.001485,4.91334
4.3710e-02,-0.0403125,0.00189063,4.90334
4.3720e-02,-0.0392187,0.00119938,4.90646
4.3730e-02,-0.0335937,0.00135625,4.90021
4.3740e-02,-0.0315625,0.00179156,4.90146
4.3750e-02,-0.044375,0.00115719,4.86552
4.3760e-02,-0.0373438,0.00213656,4.89365
4.3770e-02,-0.0560937,0.00202406,4.89646
4.3780e-02,-0.0395313,0.00239156,4.90334
4.3790e-02,-0.0325,0.001645,4.89396
4.3800e-02,-0.0467188,0.000810625,4.9049
4.3810e-02,-0.0335937,0.000836563,4.90146
4.3820e-02,-0.0451563,0.00196688,4.89053
4.3830e-02,-0.0501562,0.00177156,4.87709
4.3840e-02,-0.050625,0.00220813,4.90709
4.3850e-02,-0.035,0.00168813,4.89584
4.3860e-02,-0.0310937,0.00191531,4.89584
4.3870e-02,-0.0290625,0.00126375,4.92271
4.3880e-02,-0.0442188,0.000677188,4.89803
4.3890e-02,-0.0515625,0.00177094,4.88271
4.3900e-02,-0.0415625,0.00191656,4.89927
4.3910e-02,-0.0217188,0.00220125,4.88209
4.3920e-02,-0.0420312,0.00205188,4.88896
4.3930e-02,-0.0435938,0.00271844,4.90646
4.3940e-02,-0.046875,0.00218188,4.92365
4.3950e-02,-0.0323438,0.00140938,4.90709
4.3960e-02,-0.044375,0.00126875,4.89896
4.3970e-02,-0.0421875,0.00137219,4.87334
4.3980e-02,-0.0395313,0.00288813,4.88584
4.3990e-02,-0.0276563,0.00265094,4.86615
4.4000e-02,-0.04375,0.00240125,4.90115
4.4010e-02,-0.0342187,0.00201313,4.92271
4.4020e-02,-0.05125,0.00135688,4.90896
4.4030e-02,-0.0415625,0.0014375,4.92021
4.4040e-02,-0.0501562,0.00192844,4.89365
4.4050e-02,-0.0354688,0.00138375,4.91365
4.4060e-02,-0.049375,0.00208844,4.8924
4.4070e-02,-0.043125,0.00229437,4.87678
4.4080e-02,-0.0445313,0.00254594,4.91178
4.4090e-02,-0.0389063,0.00122844,4.93459
4.4100e-02,-0.0498438,0.000586563,4.89959
4.4110e-02,-0.0454688,0.00131469,4.88927
4.4120e-02,-0.0332812,0.00135844,4.89459
4.4130e-02,-0.0470312,0.00136594,4.86802
4.4140e-02,-0.0410937,0.00112781,4.88209
4.4150e-02,-0.0485938,0.00146344,4.89771
4.4160e-02,-0.0535937,0.00237469,4.87646
4.4170e-02,-0.0326562,0.00134219,4.90709
4.4180e-02,-0.0515625,0.00135938,4.87927
4.4190e-02,-0.0445313,0.00178469,4.8974
4.4200e-02,-0.0478125,0.0017025,4.8949
4.4210e-02,-0.045,0.00168781,4.87959
4.4220e-02,-0.0351562,0.00209781,4.90053
4.4230e-02,-0.0464062,0.00305469,4.87303
4.4240e-02,-0.034375,0.00218719,4.90178
4.4250e-02,-0.0479688,0.00123813,4.91084
4.4260e-02,-0.034375,0.000791563,4.92365
4.4270e-02,-0.048125,0.000509063,4.90271
4.4280e-02,-0.0442188,0.000545625,4.84896
4.4290e-02,-0.0464062,0.001155,4.85834
4.4300e-02,-0.045625,0.00225781,4.88334
4.4310e-02,-0.0484375,0.00294281,4.90803
4.4320e-02,-0.0398437,0.00217531,4.91865
4.4330e-02,-0.044375,0.000879375,4.92834
4.4340e-02,-0.0517188,0.000597188,4.89771
4.4350e-02,-0.0529687,-9.40625e-05,4.88209
4.4360e-02,-0.0471875,0.000255,4.88365
4.4370e-02,-0.0425,0.00277375,4.88334
4.4380e-02,-0.0307813,0.00410063,4.90584
4.4390e-02,-0.0496875,0.00367813,4.92896
4.4400e-02,-0.0478125,0.00259656,4.93584
4.4410e-02,-0.0309375,0.00160344,4.89334
4.4420e-02,-0.0496875,0.0015575,4.8949
4.4430e-02,-0.0335937,0.00147406,4.89302
4.4440e-02,-0.038125,0.00153188,4.87396
4.4450e-02,-0.050625,0.00161531,4.89334
4.4460e-02,-0.0448438,0.001455,4.92178
4.4470e-02,-0.0440625,0.00149031,4.93115
4.4480e-02,0.292969,0.00157,4.91271
4.4490e-02,2.29594,-0.000995,4.89271
4.4500e-02,1.90578,-0.0024575,4.8699
4.4510e-02,2.07437,-0.00339375,4.87365
4.4520e-02,0.321875,-0.00404219,4.90771
4.4530e-02,0.0795312,-0.00408219,4.91521
4.4540e-02,0.0971875,-0.00408594,4.92928
4.4550e-02,0.0954688,-0.00402688,4.93459
4.4560e-02,0.065,-0.00389,4.91959
4.4570e-02,0.075625,-0.00408281,4.9099
4.4580e-02,0.075,-0.00392781,4.89146
4.4590e-02,0.0604688,-0.00391813,4.90271
4.4600e-02,0.0496875,-0.00398,4.89959
4.4610e-02,0.0360937,-0.00385813,4.87803
4.4620e-02,0.0489062,-0.0040175,4.9374
4.4630e-02,0.0378125,-0.00394281,4.90553
4.4640e-02,0.0251563,-0.0040575,4.91115
4.4650e-02,0.0398437,-0.00406594,4.8649
4.4660e-02,0.0401563,-0.00389594,4.87771
4.4670e-02,0.0253125,-0.00387875,4.88209
4.4680e-02,0.0160938,-0.00388813,4.94084
4.4690e-02,0.023125,-0.00383531,4.91803
4.4700e-02,0.0257813,-0.00379688,4.90771
4.4710e-02,0.03875,-0.00389344,4.92865
4.4720e-02,0.0129687,-0.00392469,4.90959
4.4730e-02,0.0270313,-0.00396625,4.90178
4.4740e-02,0.0126562,-0.00306938,4.88271
4.4750e-02,0.018125,-0.00160469,4.88209
4.4760e-02,0.0196875,-0.00132375,4.89396
4.4770e-02,0.0170313,-8.4375e-05,4.9224
4.4780e-02,0.0046875,0.00120469,4.89927
4.4790e-02,0.0173438,0.00178781,4.89709
4.4800e-02,0.0196875,0.00279906,4.86427
4.4810e-02,-0.001875,0.00209531,4.87021
4.4820e-02,0.00828125,0.00157344,4.8799
4.4830e-02,0.0065625,0.000814688,4.8724
4.4840e-02,0.0084375,-0.000138438,4.90709
4.4850e-02,0.00875,0.00120656,4.90115
4.4860e-02,0.0209375,0.00231313,4.89334
4.4870e-02,0.00828125,0.00203969,4.90677
4.4880e-02,0.00921875,0.0023825,4.89615
4.4890e-02,0.00515625,0.00132406,4.88209
4.4900e-02,0.00828125,0.000702813,4.87365
4.4910e-02,0.009375,0.000570625,4.92303
4.4920e-02,0.009375,0.000640313,4.92615
4.4930e-02,-0.00453125,0.00150094,4.90271
4.4940e-02,0.00375,0.00200125,4.89115
4.4950e-02,0.014375,0.00274031,4.89271
4.4960e-02,-0.00203125,0.00281188,4.87927
4.4970e-02,-0.00859375,0.00147281,4.88709
4.4980e-02,0.00140625,0.000925938,4.87834
4.4990e-02,0.00046875,0.000940313,4.92615
4.5000e-02,0.00234375,0.00083125,4.90834
4.5010e-02,0.0040625,0.00121094,4.9024
4.5020e-02,-0.0126563,0.0015725,4.90209
4.5030e-02,-0.0009375,0.00236844,4.88584
4.5040e-02,0.003125,0.00149781,4.87021
4.5050e-02,-0.01375,0.00145031,4.86396
4.5060e-02,-0.00609375,0.00064125,4.8799
4.5070e-02,-0.00046875,0.00086375,4.91771
4.5080e-02,-0.004375,0.00133156,4.93865
4.5090e-02,0.0015625,0.00162906,4.90021
4.5100e-02,0.00734375,0.00271406,4.89146
4.5110e-02,0.00296875,0.0022175,4.87177
4.5120e-02,-0.0028125,0.00145438,4.91459
4.5130e-02,-0.00921875,0.00143844,4.88834
4.5140e-02,-0.0075,0.0005475,4.91365
4.5150e-02,-0.00125,0.000410625,4.9199
4.5160e-02,-0.0123438,0.00142563,4.91459
4.5170e-02,-0.0104688,0.00202469,4.89896
4.5180e-02,-0.0046875,0.00195656,4.9024
4.5190e-02,-0.00484375,0.00216594,4.86053
4.5200e-02,-0.00125,0.00222625,4.87959
4.5210e-02,-0.010625,0.00135625,4.90803
4.5220e-02,-0.0135937,0.00120031,4.9174
4.5230e-02,-0.00078125,0.000824375,4.90334
4.5240e-02,0.0065625,0.00101656,4.90334
4.5250e-02,-0.0139063,0.00172156,4.88021
4.5260e-02,-0.0034375,0.00220281,4.86021
4.5270e-02,-0.00265625,0.00254531,4.86865
4.5280e-02,-0.0114062,0.00199469,4.89552
4.5290e-02,-0.00125,0.00128875,4.93459
4.5300e-02,-0.0075,0.00147813,4.91302
4.5310e-02,-0.0128125,0.00130781,4.95021
4.5320e-02,-0.00875,0.0013425,4.88177
4.5330e-02,-0.00765625,0.00167875,4.88115
4.5340e-02,-0.02,0.00181719,4.89271
4.5350e-02,-0.0021875,0.0017775,4.89021
4.5360e-02,-0.0107813,0.00191938,4.90302
4.5370e-02,-0.00828125,0.00137156,4.88896
4.5380e-02,-0.01125,0.00103625,4.91459
4.5390e-02,-0.0117188,0.000726875,4.89396
4.5400e-02,-0.0126563,0.00155563,4.89396
4.5410e-02,-0.0179687,0.00157219,4.88584
4.5420e-02,-0.018125,0.00211156,4.86521
4.5430e-02,-0.0129688,0.00228906,4.86209
4.5440e-02,-0.013125,0.00182813,4.92646
4.5450e-02,-0.0173438,0.00152688,4.88302
4.5460e-02,-0.00640625,0.00150844,4.90646
4.5470e-02,-0.0176563,0.00177875,4.88959
4.5480e-02,-0.0209375,0.00137844,4.8774
4.5490e-02,-0.0142188,0.00169125,4.90271
4.5500e-02,-0.0096875,0.00256844,4.8874
4.5510e-02,-0.0107813,0.00172969,4.88865
4.5520e-02,-0.0145312,0.00220531,4.91771
4.5530e-02,-0.0210938,0.00135156,4.92553
4.5540e-02,-0.0139063,0.00154281,4.89927
4.5550e-02,-0.0103125,0.00200906,4.89521
4.5560e-02,-0.0107813,0.001525,4.86865
4.5570e-02,-0.0190625,0.00176531,4.89459
4.5580e-02,-0.0239063,0.00172125,4.89334
4.5590e-02,-0.00890625,0.00196344,4.91271
4.5600e-02,-0.0215625,0.00152281,4.90896
4.5610e-02,-0.0214063,0.0016475,4.9374
4.5620e-02,-0.0246875,0.00157531,4.88177
4.5630e-02,-0.00921875,0.00138844,4.89428
4.5640e-02,-0.0164063,0.00133156,4.89209
4.5650e-02,-0.0182812,0.00191781,4.8674
4.5660e-02,-0.0214063,0.00160594,4.89084
4.5670e-02,-0.0146875,0.00226438,4.90928
4.5680e-02,-0.0129688,0.00138969,4.92365
4.5690e-02,-0.0151562,0.00161188,4.89084
4.5700e-02,-0.0164063,0.00106531,4.86271
4.5710e-02,-0.010625,0.00153938,4.87615
4.5720e-02,-0.0125,0.00175469,4.87459
4.5730e-02,-0.0003125,0.00137875,4.8824
4.5740e-02,-0.001875,0.00213813,4.91771
4.5750e-02,-0.01625,0.00206,4.88927
4.5760e-02,-0.0229687,0.00214562,4.88271
4.5770e-02,-0.0140625,0.00198188,4.89365
4.5780e-02,-0.0132813,0.00178375,4.88927
4.5790e-02,-0.0164063,0.00153156,4.87271
4.5800e-02,-0.0245313,0.00212,4.88084
4.5810e-02,-0.0090625,0.00207031,4.88271
4.5820e-02,-0.01625,0.00189031,4.89584
4.5830e-02,-0.019375,0.00197813,4.91646
4.5840e-02,-0.0173438,0.00147688,4.90459
4.5850e-02,-0.0157813,0.00143875,4.90271
4.5860e-02,-0.0170313,0.00200281,4.88053
4.5870e-02,-0.0232812,0.00141219,4.88584
4.5880e-02,-0.0165625,0.00193656,4.86709
4.5890e-02,-0.0248438,0.00204438,4.88803
4.5900e-02,-0.0167188,0.00208969,4.90302
4.5910e-02,-0.0195312,0.00206563,4.91209
4.5920e-02,-0.0196875,0.00145531,4.92459
4.5930e-02,-0.0228125,0.00153938,4.89053
4.5940e-02,-0.0229687,0.00175188,4.89615
4.5950e-02,-0.0157813,0.00111969,4.86959
4.5960e-02,-0.0267187,0.00184406,4.89021
4.5970e-02,-0.0214063,0.00159813,4.89521
4.5980e-02,-0.015625,0.00180906,4.91271
4.5990e-02,-0.0167188,0.00206906,4.89646
4.6000e-02,-0.0240625,0.00054875,4.90271
4.6010e-02,-0.021875,0.00101344,4.87959
4.6020e-02,-0.0217188,0.00133031,4.89271
4.6030e-02,-0.024375,0.00168813,4.88803
4.6040e-02,-0.0239063,0.00209656,4.89084
4.6050e-02,-0.0175,0.00211063,4.9099
4.6060e-02,-0.0201563,0.00254563,4.9349
4.6070e-02,-0.026875,0.0010325,4.90209
4.6080e-02,-0.0175,0.000261563,4.89552
4.6090e-02,-0.0228125,0.00150531,4.8949
4.6100e-02,-0.0276563,0.000868125,4.90646
4.6110e-02,-0.0223437,0.00179469,4.85084
4.6120e-02,-0.0309375,0.00158313,4.91146
4.6130e-02,-0.0217188,0.002,4.93209
4.6140e-02,-0.00953125,0.00192844,4.90834
4.6150e-02,-0.009375,0.00155969,4.89053
4.6160e-02,-0.0175,0.00156906,4.8599
4.6170e-02,-0.02875,0.00101844,4.85959
4.6180e-02,-0.0210938,0.00140219,4.89834
4.6190e-02,-0.0185937,0.00104094,4.88209
4.6200e-02,-0.0115625,0.00119344,4.90178
4.6210e-02,-0.014375,0.00181156,4.91615
4.6220e-02,-0.0201563,0.00171438,4.90803
4.6230e-02,-0.0226562,0.00133719,4.89927
4.6240e-02,-0.0390625,0.000636563,4.86146
4.6250e-02,-0.0246875,0.00115844,4.87396
4.6260e-02,-0.0170313,0.00251,4.87115
4.6270e-02,-0.0329688,0.00203,4.93834
4.6280e-02,-0.01375,0.00195906,4.91146
4.6290e-02,-0.0245313,0.00258094,4.92802
4.6300e-02,-0.0207813,0.0021075,4.89677
4.6310e-02,-0.00578125,0.00157063,4.90459
4.6320e-02,-0.0265625,0.000936563,4.87146
4.6330e-02,-0.0178125,0.00134781,4.87865
4.6340e-02,-0.023125,0.0020375,4.90459
4.6350e-02,-0.0164063,0.00245094,4.92396
4.6360e-02,-0.0310937,0.00275875,4.89459
4.6370e-02,-0.0320312,0.00177719,4.89927
4.6380e-02,-0.0123438,0.00225656,4.90334
4.6390e-02,-0.0303125,0.00141531,4.86802
4.6400e-02,-0.0257812,0.0013375,4.87927
4.6410e-02,-0.0225,0.00139188,4.90146
4.6420e-02,-0.0320312,0.00110125,4.89302
4.6430e-02,-0.0254688,0.00189031,4.91709
4.6440e-02,-0.02375,0.0013975,4.92365
4.6450e-02,-0.0290625,0.00108844,4.89865
4.6460e-02,-0.025,0.00166938,4.86959
4.6470e-02,-0.0257812,0.00179688,4.90334
4.6480e-02,-0.0310937,0.00152906,4.88302
4.6490e-02,-0.023125,0.000555,4.91928
4.6500e-02,-0.0235938,0.00185,4.91084
4.6510e-02,-0.0217188,0.00229469,4.91803
4.6520e-02,-0.034375,0.00165188,4.9249
4.6530e-02,-0.0229687,0.00205219,4.89646
4.6540e-02,-0.020625,0.00248781,4.87084
4.6550e-02,-0.0171875,0.0013075,4.87584
4.6560e-02,-0.0267187,0.00157625,4.87303
4.6570e-02,-0.0345312,0.000872188,4.92334
4.6580e-02,-0.0190625,0.0021975,4.92396
4.6590e-02,-0.0198438,0.00152656,4.8999
4.6600e-02,-0.0265625,0.00168,4.87209
4.6610e-02,-0.0320312,0.00191063,4.87678
4.6620e-02,-0.0273438,0.00150656,4.86021
4.6630e-02,-0.02375,0.00177063,4.89615
4.6640e-02,-0.025,0.00175656,4.91584
4.6650e-02,-0.0203125,0.00191281,4.92709
4.6660e-02,-0.03125,0.00181656,4.89865
4.6670e-02,-0.0201563,0.00202688,4.89428
4.6680e-02,-0.0223437,0.00160219,4.8999
4.6690e-02,-0.0282813,0.00131875,4.87584
4.6700e-02,-0.0254688,0.00139688,4.8674
4.6710e-02,-0.0307813,0.0019125,4.87959
4.6720e-02,-0.0210938,0.000814688,4.91865
4.6730e-02,-0.0367188,0.0017325,4.87177
4.6740e-02,-0.035625,0.00180531,4.91834
4.6750e-02,-0.0221875,0.00161656,4.92802
4.6760e-02,-0.0414063,0.00202313,4.8699
4.6770e-02,-0.0378125,0.00125406,4.88896
4.6780e-02,-0.0270312,0.00131406,4.86427
4.6790e-02,-0.0267187,0.00157813,4.89459
4.6800e-02,-0.0321875,0.00121656,4.88146
4.6810e-02,-0.029375,0.00152,4.88209
4.6820e-02,-0.0265625,0.00195719,4.88521
4.6830e-02,-0.0285938,0.00137625,4.90459
4.6840e-02,-0.0196875,0.00133438,4.87678
4.6850e-02,-0.029375,0.00137656,4.88834
4.6860e-02,-0.033125,0.000818438,4.88459
4.6870e-02,-0.025625,0.000880938,4.89521
4.6880e-02,-0.0325,0.00118031,4.90334
4.6890e-02,-0.0185937,0.00225625,4.90771
4.6900e-02,-0.0295313,0.00203063,4.92334
4.6910e-02,-0.0354688,0.00190938,4.88021
4.6920e-02,-0.0275,0.00175563,4.88302
4.6930e-02,-0.0240625,0.00149438,4.87615
4.6940e-02,-0.0285938,0.000954375,4.90428
4.6950e-02,-0.0345312,0.000804688,4.92209
4.6960e-02,-0.0304688,0.00152375,4.92115
4.6970e-02,-0.0126563,0.00154563,4.90334
4.6980e-02,-0.0295313,0.00148875,4.89771
4.6990e-02,-0.0248438,0.00260906,4.86615
4.7000e-02,-0.0326562,0.00200375,4.87834
4.7010e-02,-0.0359375,0.00151469,4.89521
4.7020e-02,-0.0295313,0.00147063,4.90677
4.7030e-02,-0.02375,0.00145375,4.95584
4.7040e-02,-0.0214063,0.0008425,4.91365
4.7050e-02,-0.0290625,0.00147313,4.91115
4.7060e-02,-0.0334375,0.00144188,4.89896
4.7070e-02,-0.0215625,0.00210344,4.87896
4.7080e-02,-0.0351562,0.00192844,4.86959
4.7090e-02,-0.0264062,0.00239719,4.9074
4.7100e-02,-0.0282813,0.00151188,4.90021
4.7110e-02,-0.0217188,0.000756875,4.94115
4.7120e-02,-0.0385937,0.00150063,4.91709
4.7130e-02,-0.03,0.00117,4.9074
4.7140e-02,-0.0398437,0.00150625,4.89552
4.7150e-02,-0.0203125,0.00178375,4.90302
4.7160e-02,-0.0220313,0.00176625,4.87865
4.7170e-02,-0.035,0.00178906,4.89584
4.7180e-02,-0.0264062,9.0625e-06,4.92365
4.7190e-02,-0.0301563,-0.000203125,4.90959
4.7200e-02,-0.0223437,0.000818438,4.93553
4.7210e-02,-0.02375,0.00181313,4.8949
4.7220e-02,-0.0276563,0.00225688,4.86896
4.7230e-02,-0.0384375,0.00176469,4.88146
4.7240e-02,-0.0229687,0.00223875,4.88678
4.7250e-02,-0.0265625,0.00128313,4.89959
4.7260e-02,-0.0173438,0.000938125,4.91928
4.7270e-02,-0.0275,0.00179063,4.91302
4.7280e-02,-0.016875,0.00189688,4.88146
4.7290e-02,-0.0165625,0.00247656,4.8799
4.7300e-02,-0.0367188,0.00252,4.89146
4.7310e-02,-0.0298438,0.00229844,4.8699
4.7320e-02,-0.0345312,0.00171063,4.90334
4.7330e-02,-0.0357813,0.00116656,4.91302
4.7340e-02,-0.0321875,0.00100625,4.9199
4.7350e-02,-0.0454688,0.00019875,4.9074
4.7360e-02,-0.033125,0.00159813,4.8949
4.7370e-02,-0.0285938,0.00184281,4.84115
4.7380e-02,-0.0382813,0.00298406,4.87646
4.7390e-02,-0.02625,0.00248813,4.88209
4.7400e-02,-0.0325,0.00199531,4.89709
4.7410e-02,-0.0426562,0.00131531,4.91396
4.7420e-02,-0.0335937,0.0007925,4.91365
4.7430e-02,-0.0182812,0.0009175,4.92052
4.7440e-02,-0.0496875,0.000820938,4.89271
4.7450e-02,-0.0314062,0.0019275,4.87865
4.7460e-02,-0.029375,0.00175969,4.86584
4.7470e-02,-0.0315625,0.00275188,4.91834
4.7480e-02,-0.0310937,0.00154156,4.89552
4.7490e-02,-0.02875,0.00204781,4.92146
4.7500e-02,-0.0198438,0.00137906,4.9274
4.7510e-02,-0.0364063,0.00125156,4.88584
4.7520e-02,-0.0340625,0.00139844,4.88803
4.7530e-02,-0.0382813,0.00127438,4.87803
4.7540e-02,-0.0315625,0.00208031,4.89646
4.7550e-02,-0.020625,0.00217625,4.91146
4.7560e-02,-0.0354688,0.00174,4.91178
4.7570e-02,-0.018125,0.0012225,4.93553
4.7580e-02,-0.028125,0.00114469,4.88678
4.7590e-02,-0.0304688,0.00128,4.89521
4.7600e-02,-0.0248438,0.00214938,4.88771
4.7610e-02,-0.034375,0.00217094,4.91146
4.7620e-02,-0.02625,0.00209844,4.89146
4.7630e-02,-0.0323438,0.00277344,4.89959
4.7640e-02,-0.02625,0.00150688,4.92303
4.7650e-02,-0.0275,0.00124031,4.9149
4.7660e-02,-0.024375,0.00160406,4.89334
4.7670e-02,-0.034375,0.00146688,4.85865
4.7680e-02,-0.0334375,0.00170188,4.8674
4.7690e-02,-0.0257812,0.00174531,4.88396
4.7700e-02,-0.0340625,0.00159688,4.91052
4.7710e-02,-0.0364063,0.00189813,4.9249
4.7720e-02,-0.0279688,0.001325,4.90334
4.7730e-02,-0.0246875,0.00104656,4.89865
4.7740e-02,-0.02875,0.000730625,4.88084
4.7750e-02,-0.01625,0.00178406,4.86396
4.7760e-02,-0.0253125,0.00190031,4.88428
4.7770e-02,-0.0229687,0.00224344,4.90553
4.7780e-02,-0.0403125,0.00100813,4.91146
4.7790e-02,-0.0296875,0.00183313,4.93084
4.7800e-02,-0.041875,0.00112625,4.89646
4.7810e-02,-0.0404687,0.00079375,4.8999
4.7820e-02,-0.04875,0.00073625,4.89646
4.7830e-02,-0.0271875,0.000725625,4.86177
4.7840e-02,-0.0426562,0.002385,4.8924
4.7850e-02,-0.02125,0.003135,4.90834
4.7860e-02,-0.0295313,0.00238563,4.92584
4.7870e-02,-0.03625,0.00184781,4.89428
4.7880e-02,-0.0276563,0.00115719,4.89927
4.7890e-02,-0.031875,0.000680313,4.8699
4.7900e-02,-0.0370313,1.4375e-05,4.8949
4.7910e-02,-0.0379688,0.00174031,4.90115
4.7920e-02,-0.04,0.00185969,4.91459
4.7930e-02,-0.02875,0.00273219,4.92178
4.7940e-02,-0.0282813,0.00278031,4.9374
4.7950e-02,-0.035,0.00139375,4.91803
4.7960e-02,-0.031875,0.00147719,4.89552
4.7970e-02,-0.021875,0.000657813,4.85802
4.7980e-02,-0.0328125,0.00128594,4.88865
4.7990e-02,-0.0428125,0.0018025,4.90677
4.8000e-02,-0.0315625,0.0020625,4.88396
4.8010e-02,-0.0259375,0.00278156,4.90553
4.8020e-02,-0.0317188,0.00218469,4.90209
4.8030e-02,-0.0332812,0.00147813,4.9249
4.8040e-02,-0.0409375,0.000734063,4.89084
4.8050e-02,-0.03125,0.000644375,4.89178
4.8060e-02,-0.045625,0.00108906,4.89677
4.8070e-02,-0.0426562,0.00189031,4.88365
4.8080e-02,-0.0420312,0.0024675,4.90584
4.8090e-02,-0.0364063,0.00250781,4.9149
4.8100e-02,-0.0342187,0.00185594,4.92115
4.8110e-02,-0.0365625,0.001375,4.90459
4.8120e-02,-0.0259375,0.000894063,4.87365
4.8130e-02,-0.02875,0.000552813,4.89178
4.8140e-02,-0.03,0.00135438,4.89521
4.8150e-02,-0.0357813,0.00146875,4.90928
4.8160e-02,-0.0246875,0.00230875,4.92271
4.8170e-02,-0.028125,0.00277938,4.90428
4.8180e-02,-0.041875,0.00210938,4.90396
4.8190e-02,-0.0239063,0.00117219,4.88459
4.8200e-02,-0.0290625,0.000365938,4.88771
4.8210e-02,-0.0353125,-0.000263437,4.87209
4.8220e-02,-0.0196875,0.000413125,4.89552
4.8230e-02,-0.0385937,0.00176594,4.91834
4.8240e-02,-0.0464062,0.00222094,4.90896
4.8250e-02,-0.048125,0.00302656,4.90178
4.8260e-02,-0.0415625,0.00264094,4.89115
4.8270e-02,-0.0409375,0.00129313,4.9049
4.8280e-02,-0.0401563,0.000339688,4.85834
4.8290e-02,-0.0321875,8.375e-05,4.88334
4.8300e-02,-0.03125,0.000417813,4.88771
4.8310e-02,-0.0273438,0.00224813,4.90209
4.8320e-02,-0.0329688,0.00367063,4.89771
4.8330e-02,-0.031875,0.003565,4.92303
4.8340e-02,-0.040625,0.00200969,4.91709
4.8350e-02,-0.031875,0.000112188,4.86709
4.8360e-02,-0.0203125,-0.000640625,4.87303
4.8370e-02,-0.0284375,0.000323125,4.8799
4.8380e-02,-0.0271875,0.00170406,4.92834
4.8390e-02,-0.020625,0.00457875,4.89709
4.8400e-02,-0.0310937,0.00569031,4.92396
4.8410e-02,-0.0457813,0.00308813,4.91334
4.8420e-02,-0.0273438,-0.000538125,4.87084
4.8430e-02,-0.04,-0.00380938,4.89209
4.8440e-02,-0.0323438,-0.00369688,4.89334
4.8450e-02,-0.029375,-0.000721563,4.89459
4.8460e-02,-0.03375,0.00434188,4.90021
4.8470e-02,-0.0271875,0.00857094,4.90459
4.8480e-02,-0.0323438,0.00904438,4.90428
4.8490e-02,-0.0504687,0.00465281,4.90865
4.8500e-02,-0.0320312,-0.000455,4.87053
4.8510e-02,-0.0423437,-0.0061675,4.88396
4.8520e-02,-0.0245313,-0.00654406,4.90084
4.8530e-02,-0.03125,-0.00211031,4.91302
4.8540e-02,-0.039375,0.00433656,4.87709
4.8550e-02,-0.026875,0.00787938,4.91521
4.8560e-02,-0.0425,0.00854031,4.92178
4.8570e-02,-0.0332812,0.00521375,4.89584
4.8580e-02,-0.034375,-8.03125e-05,4.87396
4.8590e-02,-0.0403125,-0.00344688,4.8699
4.8600e-02,-0.0359375,-0.00502125,4.87678
4.8610e-02,-0.04,-0.00108719,4.9074
4.8620e-02,-0.0404687,0.00322094,4.90271
4.8630e-02,-0.0254688,0.00601438,4.88896
4.8640e-02,-0.0371875,0.00513938,4.89365
4.8650e-02,-0.03,0.00367719,4.89146
4.8660e-02,-0.0379688,0.000498125,4.88709
4.8670e-02,-0.0301563,-0.00134438,4.90334
4.8680e-02,-0.03,-0.000392813,4.91178
4.8690e-02,-0.0329688,0.0010725,4.9374
4.8700e-02,-0.0301563,0.00405125,4.91771
4.8710e-02,-0.0354688,0.00453,4.88302
4.8720e-02,-0.036875,0.00312031,4.91646
4.8730e-02,-0.0409375,0.00159125,4.85052
4.8740e-02,-0.0410937,-8.53125e-05,4.90584
4.8750e-02,-0.0395313,-0.00105188,4.90521
4.8760e-02,-0.036875,0.000917813,4.90959
4.8770e-02,-0.045625,0.00219281,4.90209
4.8780e-02,-0.0332812,0.002645,4.90834
4.8790e-02,-0.0276563,0.00349844,4.87021
4.8800e-02,-0.0415625,0.00270313,4.89865
4.8810e-02,-0.026875,0.00157313,4.8674
4.8820e-02,-0.0378125,0.00113688,4.91928
4.8830e-02,-0.033125,0.00089,4.90521
4.8840e-02,-0.0404687,0.000766563,4.89396
4.8850e-02,-0.0446875,0.0016625,4.89677
4.8860e-02,-0.0442188,0.00148469,4.90115
4.8870e-02,-0.0307813,0.00307281,4.89552
4.8880e-02,-0.0448438,0.00257594,4.8799
4.8890e-02,-0.03875,0.00189438,4.87615
4.8900e-02,-0.0340625,0.000189688,4.89927
4.8910e-02,-0.0245313,-5.09375e-05,4.92115
4.8920e-02,-0.0326562,0.00150719,4.90021
4.8930e-02,-0.0290625,0.00198438,4.91771
4.8940e-02,-0.0345312,0.00254156,4.91553
4.8950e-02,-0.0260937,0.00250719,4.89302
4.8960e-02,-0.0420312,0.00166938,4.87834
4.8970e-02,-0.0364063,0.000778438,4.90459
4.8980e-02,-0.0334375,0.000105625,4.89428
4.8990e-02,-0.0379688,0.0004225,4.9249
4.9000e-02,-0.0339062,0.00113281,4.92427
4.9010e-02,-0.031875,0.00256188,4.91615
4.9020e-02,-0.0409375,0.00238344,4.87552
4.9030e-02,-0.03875,0.00253313,4.88334
4.9040e-02,-0.03625,0.00188094,4.88896
4.9050e-02,-0.0354688,0.00067125,4.88771
4.9060e-02,-0.0335937,0.0006,4.88334
4.9070e-02,-0.0395313,0.00121938,4.90084
4.9080e-02,-0.0464062,0.00171,4.91553
4.9090e-02,-0.0345312,0.00153531,4.88584
4.9100e-02,-0.0420312,0.00218031,4.89709
4.9110e-02,-0.0278125,0.00175125,4.86115
4.9120e-02,-0.0439063,0.00142406,4.87428
4.9130e-02,-0.030625,0.0008875,4.88177
4.9140e-02,-0.0339062,0.00140813,4.89927
4.9150e-02,-0.0453125,0.00080875,4.91896
4.9160e-02,-0.0379688,0.00159188,4.90865
4.9170e-02,-0.035625,0.00167594,4.89115
4.9180e-02,-0.0446875,0.00164406,4.88678
4.9190e-02,-0.0432813,0.00229844,4.88428
4.9200e-02,-0.0309375,0.00164813,4.89959
4.9210e-02,-0.0353125,0.00104281,4.88615
4.9220e-02,-0.0426562,0.00126125,4.90646
4.9230e-02,-0.0410937,0.00137031,4.92115
4.9240e-02,-0.0254688,0.00149563,4.9074
4.9250e-02,-0.0385937,0.00193875,4.88209
4.9260e-02,-0.0384375,0.00170281,4.86896
4.9270e-02,-0.029375,0.00101469,4.87834
4.9280e-02,-0.0445313,0.000967813,4.87896
4.9290e-02,-0.0407813,0.000741875,4.91052
4.9300e-02,-0.0279688,0.00153406,4.88896
4.9310e-02,-0.0423437,0.00156281,4.92396
4.9320e-02,-0.0385937,0.00204094,4.89334
4.9330e-02,-0.0410937,0.00170406,4.86303
4.9340e-02,-0.045,0.00252969,4.88271
4.9350e-02,-0.0375,0.00166563,4.87521
4.9360e-02,-0.0301563,0.00100344,4.90209
4.9370e-02,-0.0475,0.00050875,4.91052
4.9380e-02,-0.0375,0.00111531,4.94053
4.9390e-02,-0.0396875,0.000904375,4.91396
4.9400e-02,-0.0385937,0.00199281,4.8874
4.9410e-02,-0.0264062,0.00242375,4.86896
4.9420e-02,-0.046875,0.00286813,4.85771
4.9430e-02,-0.0248438,0.00201313,4.87803
4.9440e-02,-0.0439063,0.00221594,4.94365
4.9450e-02,-0.0465625,0.00130563,4.91459
4.9460e-02,-0.0445313,0.00144656,4.91146
4.9470e-02,-0.0367188,0.00089625,4.90053
4.9480e-02,-0.0398437,0.00183219,4.88584
4.9490e-02,-0.0485938,0.00171125,4.87396
4.9500e-02,-0.0475,0.000770313,4.88302
4.9510e-02,-0.046875,0.00163094,4.91084
4.9520e-02,-0.0465625,0.00087125,4.92584
4.9530e-02,-0.03375,0.00107906,4.91146
4.9540e-02,-0.0429688,0.00124188,4.90459
4.9550e-02,-0.0401563,0.00134063,4.90084
4.9560e-02,-0.050625,0.00159313,4.89178
4.9570e-02,-0.0326562,0.00209906,4.89021
4.9580e-02,-0.0375,0.00243844,4.8949
4.9590e-02,-0.0370313,0.00231063,4.90302
4.9600e-02,-0.0378125,0.00163969,4.90428
4.9610e-02,-0.0465625,0.00166781,4.89552
4.9620e-02,-0.0259375,0.00127438,4.89521
4.9630e-02,-0.0434375,0.00129406,4.87615
4.9640e-02,-0.0390625,0.00145438,4.88927
4.9650e-02,-0.038125,0.00200438,4.87927
4.9660e-02,-0.0390625,0.0014875,4.89084
4.9670e-02,-0.0357813,0.001725,4.90646
4.9680e-02,-0.0475,0.00153625,4.90553
4.9690e-02,-0.0285938,0.00061625,4.89428
4.9700e-02,-0.0264062,0.00113094,4.89053
4.9710e-02,-0.04125,0.00226906,4.87646
4.9720e-02,-0.0390625,0.00201938,4.89646
4.9730e-02,-0.03375,0.00214344,4.86396
4.9740e-02,-0.049375,0.00170875,4.90896
4.9750e-02,-0.036875,0.000931563,4.89959
4.9760e-02,-0.049375,0.00107156,4.89146
4.9770e-02,-0.0440625,0.000972188,4.89021
4.9780e-02,-0.0489062,0.0005725,4.88209
4.9790e-02,-0.0321875,0.00150188,4.89459
4.9800e-02,-0.0435938,0.00206438,4.89709
4.9810e-02,-0.0410937,0.00250469,4.89896
4.9820e-02,-0.0509375,0.00200406,4.91271
4.9830e-02,-0.0429688,0.00168156,4.90709
4.9840e-02,-0.03,0.00111,4.90365
4.9850e-02,-0.0351562,0.00122625,4.90271
4.9860e-02,-0.0395313,0.00185,4.87146
4.9870e-02,-0.0423437,0.00146938,4.88678
4.9880e-02,-0.03875,0.00193938,4.88678
4.9890e-02,-0.0434375,0.00199344,4.90771
4.9900e-02,-0.04125,0.00189031,4.92834
4.9910e-02,-0.030625,0.00145688,4.93271
4.9920e-02,-0.0475,0.00153781,4.88459
4.9930e-02,-0.0420312,0.00072625,4.87552
4.9940e-02,-0.0442188,0.00162719,4.86177
4.9950e-02,-0.041875,0.00218188,4.88927
4.9960e-02,-0.0354688,0.00225469,4.89584
4.9970e-02,-0.0309375,0.0026,4.91271
4.9980e-02,-0.033125,0.00154844,4.90053
4.9990e-02,-0.0532813,0.00219875,4.90271
5.0000e-02,-0.0421875,0.00114969,4.8624
5.0010e-02,-0.03625,0.00133,4.8649
5.0020e-02,-0.0482812,0.00201531,4.88396
5.0030e-02,-0.0348437,0.002595,4.9099
5.0040e-02,-0.0453125,0.00164313,4.8949
5.0050e-02,-0.0353125,0.00215594,4.90302
5.0060e-02,-0.0442188,0.00213969,4.92334
5.0070e-02,-0.03625,0.00100875,4.91677
5.0080e-02,-0.0425,0.00166031,4.89146
5.0090e-02,-0.0471875,0.00179469,4.8724
5.0100e-02,-0.041875,0.00194781,4.8649
5.0110e-02,-0.0410937,0.00137125,4.89459
5.0120e-02,-0.0435938,0.00217469,4.91803
5.0130e-02,-0.059375,0.00153781,4.88428
5.0140e-02,-0.0451563,0.00089375,4.9099
5.0150e-02,-0.0390625,0.00130406,4.87896
5.0160e-02,-0.0357813,0.0012725,4.88209
5.0170e-02,-0.0429688,0.0013875,4.89865
5.0180e-02,-0.0323438,0.00145281,4.86209
5.0190e-02,-0.0476562,0.000961563,4.89053
5.0200e-02,-0.0454688,0.00192031,4.90459
5.0210e-02,-0.04875,0.00163281,4.90584
5.0220e-02,-0.0365625,0.00152375,4.90677
5.0230e-02,-0.040625,0.00108,4.92771
5.0240e-02,-0.0410937,0.00131344,4.85021
5.0250e-02,-0.0428125,0.00155938,4.87584
5.0260e-02,-0.0398437,0.00170844,4.90459
5.0270e-02,-0.0371875,0.00217906,4.91178
5.0280e-02,-0.0420312,0.00222125,4.91459
5.0290e-02,-0.0401563,0.00253406,4.88646
5.0300e-02,-0.0525,0.00122063,4.88771
5.0310e-02,-0.0323438,0.00137719,4.86271
5.0320e-02,-0.0401563,0.00121625,4.89021
5.0330e-02,-0.043125,0.00184563,4.88803
5.0340e-02,-0.038125,0.00232563,4.86053
5.0350e-02,-0.0467188,0.00194063,4.91677
5.0360e-02,-0.0467188,0.00213813,4.8999
5.0370e-02,-0.0442188,0.00167031,4.91427
5.0380e-02,-0.0396875,0.00188625,4.89115
5.0390e-02,-0.0409375,0.0021125,4.89365
5.0400e-02,-0.0404687,0.00134281,4.8874
5.0410e-02,-0.0442188,0.00139188,4.90271
5.0420e-02,-0.05,0.00228438,4.89834
5.0430e-02,-0.051875,0.00183375,4.91459
5.0440e-02,-0.0376563,0.00186219,4.89021
5.0450e-02,-0.0339062,0.00103563,4.88615
5.0460e-02,-0.0434375,0.00154594,4.87678
5.0470e-02,-0.0395313,0.00121469,4.86271
5.0480e-02,-0.0370313,0.00120156,4.88084
5.0490e-02,-0.0396875,0.00149375,4.91209
5.0500e-02,-0.048125,0.00188313,4.9174
5.0510e-02,-0.0334375,0.00230625,4.92959
5.0520e-02,-0.0421875,0.00211844,4.91553
5.0530e-02,-0.045,0.00213563,4.89615
5.0540e-02,-0.0267187,0.00232844,4.88053
5.0550e-02,-0.03375,0.00125813,4.88302
5.0560e-02,-0.039375,0.00174031,4.91209
5.0570e-02,-0.0353125,0.00139688,4.8974
5.0580e-02,-0.0467188,0.0013075,4.88803
5.0590e-02,-0.0396875,0.00215625,4.91427
5.0600e-02,-0.043125,0.00216313,4.89084
5.0610e-02,-0.0392187,0.00135188,4.87803
5.0620e-02,-0.0404687,0.00087375,4.86615
5.0630e-02,-0.0376563,-7.5625e-05,4.87803
5.0640e-02,-0.043125,0.00116875,4.92115
5.0650e-02,-0.053125,0.00112219,4.90428
5.0660e-02,-0.0435938,0.00169125,4.90271
5.0670e-02,-0.041875,0.00115375,4.9024
5.0680e-02,-0.0384375,0.00134094,4.91146
5.0690e-02,-0.0260937,0.000244063,4.87927
5.0700e-02,-0.0351562,0.000730938,4.85553
5.0710e-02,-0.053125,0.000701875,4.88334
5.0720e-02,-0.0403125,0.00172313,4.90115
5.0730e-02,-0.0378125,0.00176656,4.90865
5.0740e-02,-0.0403125,0.00170781,4.89896
5.0750e-02,-0.0457813,0.00240469,4.87646
5.0760e-02,-0.043125,0.00149188,4.88334
5.0770e-02,-0.0415625,0.00152969,4.88865
5.0780e-02,-0.0396875,0.00136156,4.88428
5.0790e-02,-0.0510938,0.0018575,4.88678
5.0800e-02,-0.04625,0.00151969,4.89709
5.0810e-02,-0.0446875,0.00193656,4.93865
5.0820e-02,-0.0365625,0.00132375,4.89959
5.0830e-02,-0.0340625,0.00197094,4.88552
5.0840e-02,-0.0314062,0.00185219,4.89428
5.0850e-02,-0.0382813,0.00200031,4.89271
5.0860e-02,-0.0375,0.00178344,4.8949
5.0870e-02,-0.0410937,0.00106469,4.9199
5.0880e-02,-0.0426562,0.00132969,4.91834
5.0890e-02,-0.0378125,0.00205844,4.93709
5.0900e-02,-0.0329688,0.00208031,4.89271
5.0910e-02,-0.0485938,0.00209438,4.89115
5.0920e-02,-0.0439063,0.00182438,4.8649
5.0930e-02,-0.03625,0.00127063,4.89927
5.0940e-02,-0.025,0.00122531,4.91084
5.0950e-02,-0.0503125,0.00146844,4.90709
5.0960e-02,-0.040625,0.00166313,4.93365
5.0970e-02,-0.0420312,0.000877813,4.90771
5.0980e-02,-0.0501562,0.00162563,4.8874
5.0990e-02,-0.0351562,0.00154219,4.87303
5.1000e-02,-0.0403125,0.00147031,4.87678
5.1010e-02,-0.0440625,0.00222656,4.88146
5.1020e-02,-0.03625,0.00114531,4.91709
5.1030e-02,-0.0495312,0.00159656,4.89896
5.1040e-02,-0.0407813,0.00127531,4.91896
5.1050e-02,-0.036875,0.00223375,4.93115
5.1060e-02,-0.0392187,0.00186688,4.90771
5.1070e-02,-0.0442188,0.00174594,4.8974
5.1080e-02,-0.0442188,0.00185563,4.89521
5.1090e-02,-0.0475,0.00183438,4.87771
5.1100e-02,-0.0310937,0.0018825,4.89209
5.1110e-02,-0.0392187,0.00093625,4.90209
5.1120e-02,-0.0453125,0.00157625,4.90803
5.1130e-02,-0.0446875,0.00168688,4.88177
5.1140e-02,-0.0432813,0.00170531,4.86834
5.1150e-02,-0.05125,0.00138094,4.87521
5.1160e-02,-0.0279688,0.00163375,4.90365
5.1170e-02,-0.0507812,0.000694375,4.87428
5.1180e-02,-0.03875,0.000832188,4.91803
5.1190e-02,-0.0396875,0.00157625,4.91209
5.1200e-02,-0.0485938,0.00158281,4.89709
5.1210e-02,-0.0453125,0.0016925,4.89115
5.1220e-02,-0.0390625,0.00181125,4.86678
5.1230e-02,-0.03625,0.00132938,4.88146
5.1240e-02,-0.0434375,0.00196406,4.90771
5.1250e-02,-0.0454688,0.00132719,4.9074
5.1260e-02,-0.0332812,0.00136656,4.91115
5.1270e-02,-0.0382813,0.00108188,4.93209
5.1280e-02,-0.0401563,0.00187531,4.9024
5.1290e-02,-0.0442188,0.00217125,4.86209
5.1300e-02,-0.0345312,0.00197,4.85146
5.1310e-02,-0.0360938,0.00237781,4.89084
5.1320e-02,-0.0298438,0.00219594,4.89428
5.1330e-02,-0.04,0.0018175,4.88584
5.1340e-02,-0.0445313,0.00117,4.90709
5.1350e-02,-0.0384375,0.00192938,4.91709
5.1360e-02,-0.03625,0.00144594,4.86396
5.1370e-02,-0.0409375,0.00274656,4.89084
5.1380e-02,-0.04625,0.00254563,4.90396
5.1390e-02,-0.03875,0.002335,4.90209
5.1400e-02,-0.0367188,0.00167,4.89521
5.1410e-02,-0.0365625,0.0010825,4.90428
5.1420e-02,-0.045,0.00111563,4.90928
5.1430e-02,-0.031875,0.0016825,4.89084
5.1440e-02,-0.0485938,0.0021875,4.88428
5.1450e-02,-0.0542187,0.0022725,4.85678
5.1460e-02,-0.0379688,0.00155094,4.88053
5.1470e-02,-0.0403125,0.00163031,4.87865
5.1480e-02,-0.05,0.0016875,4.90115
5.1490e-02,-0.0414063,0.00220094,4.92396
5.1500e-02,-0.0409375,0.00205531,4.90928
5.1510e-02,-0.0342187,0.00123906,4.8974
5.1520e-02,-0.0410937,0.00153063,4.86459
5.1530e-02,-0.0442188,0.00274531,4.87959
5.1540e-02,-0.0384375,0.00102031,4.8999
5.1550e-02,-0.0426562,0.00122813,4.91115
5.1560e-02,-0.028125,0.00140063,4.9324
5.1570e-02,-0.0384375,0.00120656,4.90178
5.1580e-02,-0.0453125,0.00157156,4.90803
5.1590e-02,-0.0335937,0.00215031,4.86959
5.1600e-02,-0.0464062,0.00215375,4.90084
5.1610e-02,-0.0382813,0.00270469,4.87209
5.1620e-02,-0.0448438,0.00164875,4.90146
5.1630e-02,-0.0526563,0.00232375,4.89896
5.1640e-02,-0.0332812,0.00205219,4.89302
5.1650e-02,-0.0453125,0.00127938,4.89428
5.1660e-02,-0.045625,0.000593437,4.87896
5.1670e-02,-0.0529687,0.00204219,4.8499
5.1680e-02,-0.0523437,0.00176938,4.86427
5.1690e-02,-0.0385937,0.00201625,4.88146
5.1700e-02,-0.04125,0.00119594,4.88584
5.1710e-02,-0.0375,0.000767188,4.92021
5.1720e-02,-0.0317188,0.000645313,4.89271
5.1730e-02,-0.043125,0.000722813,4.8924
5.1740e-02,-0.03,0.00152563,4.89146
5.1750e-02,-0.035,0.00202406,4.89677
5.1760e-02,-0.0460938,0.00174594,4.88115
5.1770e-02,-0.026875,0.00199031,4.90584
5.1780e-02,-0.0526563,0.00178688,4.91021
5.1790e-02,-0.0514063,0.000869688,4.92865
5.1800e-02,-0.0528125,0.0011425,4.90646
5.1810e-02,-0.0495312,0.00137875,4.90178
5.1820e-02,-0.045,0.00125063,4.87053
5.1830e-02,-0.03875,0.00151156,4.87115
5.1840e-02,-0.0589063,0.00180344,4.89865
5.1850e-02,-0.0465625,0.00207906,4.93021
5.1860e-02,-0.0295313,0.0015675,4.90521
5.1870e-02,-0.0432813,0.000533125,4.89365
5.1880e-02,-0.0434375,0.000784375,4.89615
5.1890e-02,-0.0379688,0.000915313,4.8949
5.1900e-02,-0.044375,0.00154438,4.88053
5.1910e-02,-0.0398437,0.00197656,4.88396
5.1920e-02,-0.0440625,0.00269688,4.89302
5.1930e-02,-0.0384375,0.00163031,4.91584
5.1940e-02,-0.0432813,0.00195844,4.89709
5.1950e-02,-0.045625,0.00119906,4.88334
5.1960e-02,-0.0471875,0.00101656,4.90396
5.1970e-02,-0.0376563,0.000275625,4.9124
5.1980e-02,-0.039375,0.00144875,4.86802
5.1990e-02,-0.0489062,0.00233281,4.87303
5.2000e-02,-0.0357813,0.002365,4.92365
5.2010e-02,-0.0490625,0.00229531,4.9099
5.2020e-02,-0.0392187,0.00181781,4.89959
5.2030e-02,-0.04375,0.00130031,4.9049
5.2040e-02,-0.0370313,0.00153531,4.8874
5.2050e-02,-0.0453125,0.00145969,4.85521
5.2060e-02,-0.0498438,0.00143031,4.88865
5.2070e-02,-0.0528125,0.00294625,4.91302
5.2080e-02,-0.0467188,0.00229625,4.90803
5.2090e-02,-0.0314062,0.00203,4.88803
5.2100e-02,-0.0454688,0.0018275,4.89552
5.2110e-02,-0.0489062,0.00129063,4.90646
5.2120e-02,-0.0351562,0.000960625,4.85021
5.2130e-02,-0.0279688,0.00175125,4.86115
5.2140e-02,-0.0375,0.00156531,4.90865
5.2150e-02,-0.0392187,0.0014775,4.89396
5.2160e-02,-0.0354688,0.00171031,4.90803
5.2170e-02,-0.0482812,0.00154281,4.88584
5.2180e-02,-0.0553125,0.00084375,4.90521
5.2190e-02,-0.0346875,0.000964375,4.90302
5.2200e-02,-0.03,0.00123313,4.88146
5.2210e-02,-0.04875,0.00118,4.8924
5.2220e-02,-0.0410937,0.00126125,4.87146
5.2230e-02,-0.0417187,0.00245781,4.89584
5.2240e-02,-0.0435938,0.00241219,4.89146
5.2250e-02,-0.0346875,0.0014225,4.89927
5.2260e-02,-0.0407813,0.00101188,4.8824
5.2270e-02,-0.0451563,0.0008375,4.90146
5.2280e-02,-0.035625,0.000760313,4.89615
5.2290e-02,-0.035,0.00179313,4.89896
5.2300e-02,-0.0428125,0.00260406,4.89302
5.2310e-02,-0.0320312,0.00198375,4.91021
5.2320e-02,-0.0446875,0.00349875,4.87521
5.2330e-02,-0.0379688,0.00199719,4.88584
5.2340e-02,-0.0475,0.00171906,4.89396
5.2350e-02,-0.0434375,0.000476875,4.89428
5.2360e-02,-0.043125,0.00047375,4.89865
5.2370e-02,-0.055625,0.00180281,4.8949
5.2380e-02,-0.0404687,0.00326406,4.90178
5.2390e-02,-0.0545313,0.0034775,4.89271
5.2400e-02,-0.0421875,0.00295094,4.90677
5.2410e-02,-0.0479688,0.00135719,4.90084
5.2420e-02,-0.0423437,0.00127094,4.88271
5.2430e-02,-0.039375,0.00124156,4.89677
5.2440e-02,-0.0423437,0.00129188,4.8774
5.2450e-02,-0.040625,0.00128594,4.86928
5.2460e-02,-0.0495312,0.00136219,4.91021
5.2470e-02,-0.0379688,0.00120625,4.8824
5.2480e-02,-0.593906,0.00148688,4.89709
5.2490e-02,0.988281,-0.000356563,4.88803
5.2500e-02,0.916094,-0.00242906,4.86959
5.2510e-02,1.40688,-0.00357125,4.88177
5.2520e-02,1.31266,-0.0039675,4.89146
5.2530e-02,0.139844,-0.00415281,4.91896
5.2540e-02,0.109531,-0.00381219,4.93928
5.2550e-02,0.0973437,-0.00384281,4.94709
5.2560e-02,0.0867187,-0.00392281,4.91928
5.2570e-02,0.0751562,-0.00393625,4.88927
5.2580e-02,0.0598438,-0.00396938,4.89709
5.2590e-02,0.0753125,-0.00403438,4.87678
5.2600e-02,0.064375,-0.00379781,4.91115
5.2610e-02,0.0525,-0.00385,4.93146
5.2620e-02,0.0539063,-0.00385344,4.90334
5.2630e-02,0.0396875,-0.00390656,4.91959
5.2640e-02,0.0364063,-0.00386531,4.90959
5.2650e-02,0.0404687,-0.00388781,4.89646
5.2660e-02,0.031875,-0.00384,4.85553
5.2670e-02,0.0360937,-0.00385063,4.89271
5.2680e-02,0.0314062,-0.00383688,4.90771
5.2690e-02,0.0264063,-0.00380344,4.92802
5.2700e-02,0.0246875,-0.00392469,4.93209
5.2710e-02,0.0375,-0.00376563,4.91334
5.2720e-02,0.0204687,-0.00391312,4.89428
5.2730e-02,0.0223437,-0.00379281,4.86959
5.2740e-02,0.0270313,-0.003325,4.8924
5.2750e-02,0.0090625,-0.00194313,4.88021
5.2760e-02,0.0217187,-0.00177469,4.90302
5.2770e-02,0.0107812,0.000553125,4.90459
5.2780e-02,0.008125,0.0013925,4.89428
5.2790e-02,0.0040625,0.00183781,4.90396
5.2800e-02,0.0146875,0.00235719,4.87615
5.2810e-02,0.0142187,0.00148313,4.90365
5.2820e-02,0.0040625,0.00093,4.88865
5.2830e-02,0.0075,-0.000258125,4.92615
5.2840e-02,0.0140625,0.000120625,4.91052
5.2850e-02,0.00375,0.00115813,4.91459
5.2860e-02,0.0189063,0.00223656,4.89709
5.2870e-02,0.005,0.00324469,4.86021
5.2880e-02,0.0125,0.00270656,4.86865
5.2890e-02,0.004375,0.00251906,4.85021
5.2900e-02,0.0114063,0.00167719,4.86177
5.2910e-02,0.0065625,0.00083875,4.90146
5.2920e-02,-0.0078125,0.00034,4.92334
5.2930e-02,0.0121875,0.00076125,4.91365
5.2940e-02,0.01,0.00142094,4.90834
5.2950e-02,0.00625,0.00194125,4.88615
5.2960e-02,0.004375,0.00193531,4.86896
5.2970e-02,0.006875,0.00226063,4.89396
5.2980e-02,0.0153125,0.00205844,4.8999
5.2990e-02,-0.00046875,0.000656875,4.90428
5.3000e-02,-0.003125,0.00110156,4.90521
5.3010e-02,-0.00046875,0.00161844,4.91584
5.3020e-02,-0.00375,0.00240594,4.89115
5.3030e-02,0.00359375,0.00227125,4.88521
5.3040e-02,-0.008125,0.00227156,4.88459
5.3050e-02,-0.00484375,0.00190906,4.8674
5.3060e-02,-0.00578125,0.00129375,4.89677
5.3070e-02,-0.006875,0.000955,4.92146
5.3080e-02,-0.0114062,0.000725313,4.91928
5.3090e-02,0.0028125,0.00214813,4.91615
5.3100e-02,-0.0090625,0.00209187,4.89146
5.3110e-02,0.0096875,0.00302438,4.86678
5.3120e-02,-0.0129688,0.00135438,4.89021
5.3130e-02,-0.00328125,0.00145281,4.90459
5.3140e-02,0.00625,0.00059375,4.90084
5.3150e-02,-0.0059375,0.00148,4.92928
5.3160e-02,-0.0142188,0.00169094,4.89365
5.3170e-02,-0.0009375,0.00183063,4.89084
5.3180e-02,-0.0140625,0.00179906,4.87334
5.3190e-02,-0.010625,0.00130281,4.88365
5.3200e-02,-0.0139063,0.00169781,4.87709
5.3210e-02,0.00640625,0.00176969,4.9049
5.3220e-02,-0.010625,0.00106625,4.88334
5.3230e-02,0.00609375,0.000530625,4.9099
5.3240e-02,-0.010625,0.00117813,4.92115
5.3250e-02,0.00484375,0.00188688,4.88584
5.3260e-02,-0.00359375,0.00260125,4.90646
5.3270e-02,-0.00734375,0.00230344,4.87959
5.3280e-02,-0.0110937,0.00218375,4.92052
5.3290e-02,-0.0165625,0.00110438,4.89178
5.3300e-02,0.0065625,0.000773438,4.92021
5.3310e-02,-0.01375,0.00113188,4.90959
5.3320e-02,-0.005,0.00093375,4.88678
5.3330e-02,-0.0157813,0.00175531,4.87865
5.3340e-02,-0.0071875,0.00214438,4.87209
5.3350e-02,-0.0104688,0.00172344,4.88053
5.3360e-02,-0.015625,0.00182844,4.89459
5.3370e-02,-0.00734375,0.00142156,4.92677
5.3380e-02,-0.01625,0.000546875,4.93021
5.3390e-02,-0.00828125,0.00146406,4.92396
5.3400e-02,-0.01625,0.00130469,4.91084
5.3410e-02,-0.0065625,0.0026925,4.89115
5.3420e-02,-0.0154687,0.00206344,4.88927
5.3430e-02,-0.003125,0.00259438,4.89115
5.3440e-02,-0.0128125,0.00156375,4.91521
5.3450e-02,-0.0176563,0.00158438,4.90553
5.3460e-02,-0.00390625,0.00135406,4.92334
5.3470e-02,-0.0198438,0.000875,4.91771
5.3480e-02,-0.0134375,0.0015,4.86646
5.3490e-02,-0.0178125,0.00185906,4.86146
5.3500e-02,-0.0132813,0.00163469,4.88803
5.3510e-02,-0.0140625,0.00175906,4.85834
5.3520e-02,-0.0090625,0.00215844,4.8949
5.3530e-02,-0.0140625,0.00107844,4.9124
5.3540e-02,-0.01375,0.00155844,4.90115
5.3550e-02,-0.01625,0.00106938,4.9174
5.3560e-02,-0.01,0.00172969,4.89584
5.3570e-02,-0.0175,0.00190625,4.87678
5.3580e-02,-0.0246875,0.00224688,4.87146
5.3590e-02,-0.0223437,0.00226875,4.89334
5.3600e-02,-0.0129688,0.0021625,4.86928
5.3610e-02,-0.0173438,0.00137625,4.91178
5.3620e-02,-0.0103125,0.00128281,4.89865
5.3630e-02,-0.0239063,0.000919688,4.90084
5.3640e-02,-0.0114062,0.00160031,4.87927
5.3650e-02,-0.02375,0.00190125,4.87396
5.3660e-02,-0.0203125,0.0015275,4.85928
5.3670e-02,-0.0159375,0.00142594,4.92646
5.3680e-02,-0.014375,0.00095375,4.91084
5.3690e-02,-0.0160938,0.000549375,4.9074
5.3700e-02,-0.00578125,0.00134531,4.90521
5.3710e-02,-0.0140625,0.00151969,4.8824
5.3720e-02,-0.0226562,0.00179313,4.89178
5.3730e-02,-0.014375,0.00186594,4.89803
5.3740e-02,-0.0176563,0.00151594,4.9049
5.3750e-02,-0.02625,0.00175344,4.90709
5.3760e-02,-0.0201563,0.00247625,4.91302
5.3770e-02,-0.0226562,0.00147469,4.89771
5.3780e-02,-0.00953125,0.00224125,4.87896
5.3790e-02,-0.01625,0.0017125,4.88646
5.3800e-02,-0.016875,0.001615,4.87303
5.3810e-02,-0.0214063,0.00189813,4.90459
5.3820e-02,-0.0053125,0.00213781,4.90553
5.3830e-02,-0.0196875,0.00120375,4.93459
5.3840e-02,-0.00796875,0.00175969,4.90677
5.3850e-02,-0.0235938,0.00179469,4.88615
5.3860e-02,-0.00703125,0.00140219,4.89615
5.3870e-02,-0.0179687,0.00110156,4.87521
5.3880e-02,-0.0145312,0.00089875,4.86834
5.3890e-02,-0.0103125,0.00249156,4.91084
5.3900e-02,-0.02625,0.00223469,4.90677
5.3910e-02,-0.0198438,0.00111063,4.89834
5.3920e-02,-0.0065625,0.00123625,4.8899
5.3930e-02,-0.0239063,0.00253219,4.86709
5.3940e-02,-0.0201563,0.00177656,4.88584
5.3950e-02,-0.01625,0.00163781,4.87803
5.3960e-02,-0.0198438,0.0018375,4.89584
5.3970e-02,-0.016875,0.00214969,4.88927
5.3980e-02,-0.02625,0.00162719,4.91615
5.3990e-02,-0.0214063,0.00131625,4.90677
5.4000e-02,-0.0253125,0.000766875,4.9124
5.4010e-02,-0.0232812,0.0010425,4.87834
5.4020e-02,-0.028125,0.00113813,4.8499
5.4030e-02,-0.015625,0.00219094,4.89521
5.4040e-02,-0.0242188,0.002855,4.89584
5.4050e-02,-0.0220313,0.00178656,4.9324
5.4060e-02,-0.0382813,0.00177469,4.90053
5.4070e-02,-0.02125,0.00122531,4.90428
5.4080e-02,-0.020625,0.00101094,4.87303
5.4090e-02,-0.0195312,0.00154313,4.88334
5.4100e-02,-0.0195312,0.000905,4.8749
5.4110e-02,-0.014375,0.00148094,4.90428
5.4120e-02,-0.0126563,0.00229437,4.89552
5.4130e-02,-0.0257812,0.00177438,4.91146
5.4140e-02,-0.0257812,0.00133844,4.91677
5.4150e-02,-0.015,0.00168219,4.92615
5.4160e-02,-0.021875,0.00103875,4.87084
5.4170e-02,-0.0310937,0.00110063,4.89209
5.4180e-02,-0.0235938,0.00189094,4.88709
5.4190e-02,-0.0221875,0.00168063,4.89771
5.4200e-02,-0.01625,0.00244094,4.90178
5.4210e-02,-0.0276563,0.00190406,4.90459
5.4220e-02,-0.0165625,0.0016175,4.91928
5.4230e-02,-0.0253125,0.0012125,4.88959
5.4240e-02,-0.0226562,0.00037,4.89521
5.4250e-02,-0.0182812,0.00101313,4.88115
5.4260e-02,-0.0179687,0.00160688,4.9074
5.4270e-02,-0.03,0.00181719,4.91209
5.4280e-02,-0.020625,0.00197938,4.92021
5.4290e-02,-0.0290625,0.00183125,4.89552
5.4300e-02,-0.0145312,0.00193625,4.8949
5.4310e-02,-0.00515625,0.00154375,4.90084
5.4320e-02,-0.0123438,0.00177406,4.86865
5.4330e-02,-0.0282813,0.00129219,4.88552
5.4340e-02,-0.025625,0.00138563,4.88552
5.4350e-02,-0.0284375,0.00138188,4.9049
5.4360e-02,-0.023125,0.0013225,4.88365
5.4370e-02,-0.0240625,0.00233844,4.91115
5.4380e-02,-0.023125,0.00094625,4.8674
5.4390e-02,-0.038125,0.00151156,4.88209
5.4400e-02,-0.023125,0.00090875,4.87803
5.4410e-02,-0.025,0.00104781,4.87271
5.4420e-02,-0.0259375,0.00131406,4.8874
5.4430e-02,-0.036875,0.00177438,4.92396
5.4440e-02,-0.033125,0.002215,4.88209
5.4450e-02,-0.0264062,0.00216094,4.86615
5.4460e-02,-0.0196875,0.00134125,4.89178
5.4470e-02,-0.034375,0.00150344,4.87834
5.4480e-02,-0.025625,0.00144938,4.88302
5.4490e-02,-0.03375,0.00181375,4.9099
5.4500e-02,-0.0235938,0.00206094,4.92334
5.4510e-02,-0.021875,0.00232469,4.92802
5.4520e-02,-0.0198438,0.00190094,4.89584
5.4530e-02,-0.0379688,0.00261406,4.89302
5.4540e-02,-0.02375,0.00103906,4.89396
5.4550e-02,-0.023125,0.00166531,4.9074
5.4560e-02,-0.0265625,0.00195688,4.8874
5.4570e-02,-0.0201563,0.00129781,4.90334
5.4580e-02,-0.02625,0.00200469,4.9149
5.4590e-02,-0.02375,0.00246469,4.93334
5.4600e-02,-0.0128125,0.00156719,4.90677
5.4610e-02,-0.033125,0.00221563,4.85615
5.4620e-02,-0.0298438,0.00114656,4.89459
5.4630e-02,-0.0265625,0.00187063,4.88177
5.4640e-02,-0.0223437,0.000921875,4.90209
5.4650e-02,-0.0240625,0.000919688,4.90521
5.4660e-02,-0.0298438,0.00190344,4.93271
5.4670e-02,-0.0296875,0.0017225,4.89896
5.4680e-02,-0.024375,0.00155938,4.88146
5.4690e-02,-0.0246875,0.00192125,4.89021
5.4700e-02,-0.016875,0.00099,4.88177
5.4710e-02,-0.028125,0.00104469,4.90146
5.4720e-02,-0.0325,0.00075625,4.89209
5.4730e-02,-0.0195312,0.000979688,4.92802
5.4740e-02,-0.0340625,0.00195781,4.89834
5.4750e-02,-0.0209375,0.00245094,4.91709
5.4760e-02,-0.0192187,0.00221469,4.86646
5.4770e-02,-0.02375,0.002015,4.9074
5.4780e-02,-0.0253125,0.00209875,4.87428
5.4790e-02,-0.03,0.00223094,4.8799
5.4800e-02,-0.025,0.00205875,4.9049
5.4810e-02,-0.0315625,0.00167,4.92959
5.4820e-02,-0.0373438,0.00169781,4.89865
5.4830e-02,-0.0332812,0.00149406,4.88803
5.4840e-02,-0.0289063,0.00116875,4.8949
5.4850e-02,-0.03625,0.00128188,4.88927
5.4860e-02,-0.0342187,0.00124469,4.90271
5.4870e-02,-0.0314062,0.000838125,4.88803
5.4880e-02,-0.0296875,0.00133375,4.90865
5.4890e-02,-0.0223437,0.00150344,4.91052
5.4900e-02,-0.0248438,0.00176188,4.90146
5.4910e-02,-0.0334375,0.00173781,4.87834
5.4920e-02,-0.021875,0.00215719,4.85802
5.4930e-02,-0.0301563,0.00265375,4.89865
5.4940e-02,-0.0310937,0.00248875,4.8949
5.4950e-02,-0.0223437,0.00143219,4.8799
5.4960e-02,-0.0309375,0.00180469,4.89771
5.4970e-02,-0.0234375,0.00177,4.88053
5.4980e-02,-0.0276563,0.00224094,4.90302
5.4990e-02,-0.0217188,0.002305,4.86834
5.5000e-02,-0.0229687,0.00226,4.8624
5.5010e-02,-0.023125,0.0023375,4.87865
5.5020e-02,-0.0335937,0.000809063,4.89615
5.5030e-02,-0.0271875,0.000427188,4.91427
5.5040e-02,-0.0301563,0.000455313,4.9224
5.5050e-02,-0.0260937,0.00180938,4.91209
5.5060e-02,-0.0259375,0.00217219,4.88771
5.5070e-02,-0.0275,0.00214438,4.88146
5.5080e-02,-0.0395313,0.00164063,4.8949
5.5090e-02,-0.0415625,0.00148813,4.87146
5.5100e-02,-0.0245313,0.00133781,4.89959
5.5110e-02,-0.020625,0.00136219,4.92084
5.5120e-02,-0.0260937,0.00169219,4.8949
5.5130e-02,-0.0373438,0.00201688,4.88146
5.5140e-02,-0.0298438,0.00259625,4.87084
5.5150e-02,-0.0217188,0.00228031,4.89677
5.5160e-02,-0.0364063,0.00213813,4.87615
5.5170e-02,-0.03625,0.00204188,4.90178
5.5180e-02,-0.0323438,0.00110313,4.90615
5.5190e-02,-0.024375,0.00138656,4.93928
5.5200e-02,-0.03,0.00207813,4.90459
5.5210e-02,-0.03375,0.0021125,4.89084
5.5220e-02,-0.0357813,0.00197344,4.8849
5.5230e-02,-0.0209375,0.00191344,4.87959
5.5240e-02,-0.0259375,0.00160844,4.88927
5.5250e-02,-0.0282813,0.00122563,4.89302
5.5260e-02,-0.0226562,0.00153813,4.89365
5.5270e-02,-0.020625,0.00143188,4.90834
5.5280e-02,-0.0178125,0.00165,4.88927
5.5290e-02,-0.0242188,0.00210438,4.88646
5.5300e-02,-0.0326562,0.00194656,4.87552
5.5310e-02,-0.043125,0.00157,4.88959
5.5320e-02,-0.035,0.00229594,4.90021
5.5330e-02,-0.0376563,0.00167969,4.93521
5.5340e-02,-0.0421875,0.00132281,4.91115
5.5350e-02,-0.0321875,0.00138906,4.90646
5.5360e-02,-0.0307813,0.00104594,4.87177
5.5370e-02,-0.02875,0.00197469,4.88084
5.5380e-02,-0.03875,0.00281563,4.89084
5.5390e-02,-0.0364063,0.00230688,4.90677
5.5400e-02,-0.0345312,0.00144594,4.91115
5.5410e-02,-0.0401563,0.00144844,4.93615
5.5420e-02,-0.0401563,0.00137063,4.90646
5.5430e-02,-0.0367188,0.00172906,4.90209
5.5440e-02,-0.0248438,0.00114625,4.87865
5.5450e-02,-0.03625,0.00248875,4.88177
5.5460e-02,-0.0284375,0.00227438,4.9124
5.5470e-02,-0.0378125,0.00212875,4.89302
5.5480e-02,-0.0321875,0.0017025,4.90021
5.5490e-02,-0.03375,0.00133313,4.91959
5.5500e-02,-0.0364063,0.00117406,4.92146
5.5510e-02,-0.02875,0.00159219,4.88021
5.5520e-02,-0.0415625,0.000931875,4.87678
5.5530e-02,-0.034375,0.00205125,4.89677
5.5540e-02,-0.031875,0.00230094,4.88396
5.5550e-02,-0.035,0.00159719,4.92271
5.5560e-02,-0.03,0.00131219,4.92271
5.5570e-02,-0.0304688,0.00112469,4.9199
5.5580e-02,-0.0335937,0.00151063,4.88271
5.5590e-02,-0.0176563,0.00170063,4.8849
5.5600e-02,-0.0407813,0.00251438,4.88209
5.5610e-02,-0.036875,0.00239344,4.88678
5.5620e-02,-0.0260937,0.00281281,4.8999
5.5630e-02,-0.0451563,0.00231469,4.88584
5.5640e-02,-0.0379688,0.00148969,4.89271
5.5650e-02,-0.02375,0.00118563,4.90896
5.5660e-02,-0.0429688,0.000892188,4.87115
5.5670e-02,-0.045,0.00132688,4.88615
5.5680e-02,-0.0317188,0.00156938,4.87896
5.5690e-02,-0.0354688,0.00144875,4.88552
5.5700e-02,-0.0310937,0.00247,4.92771
5.5710e-02,-0.0334375,0.00204094,4.93052
5.5720e-02,-0.0196875,0.00111,4.90615
5.5730e-02,-0.0154687,0.00070125,4.9049
5.5740e-02,-0.0289063,0.000671875,4.92209
5.5750e-02,-0.0273438,0.00119844,4.86521
5.5760e-02,-0.0414063,0.00186156,4.89834
5.5770e-02,-0.0239063,0.00184656,4.91396
5.5780e-02,-0.0346875,0.00202219,4.89428
5.5790e-02,-0.0370313,0.00139344,4.90334
5.5800e-02,-0.030625,0.00103781,4.89365
5.5810e-02,-0.0423437,0.00120625,4.90771
5.5820e-02,-0.0265625,0.00122063,4.86834
5.5830e-02,-0.0303125,0.00174625,4.89865
5.5840e-02,-0.0292188,0.00156063,4.90428
5.5850e-02,-0.0460938,0.00223906,4.90896
5.5860e-02,-0.0440625,0.00153563,4.94303
5.5870e-02,-0.0501562,0.001885,4.93178
5.5880e-02,-0.0390625,0.000515625,4.91365
5.5890e-02,-0.0339062,0.000618438,4.86802
5.5900e-02,-0.0373438,0.00142688,4.87927
5.5910e-02,-0.02875,0.00174531,4.87927
5.5920e-02,-0.0325,0.00273375,4.89896
5.5930e-02,-0.0248438,0.002945,4.8949
5.5940e-02,-0.04,0.00328063,4.89646
5.5950e-02,-0.0453125,0.00140406,4.9099
5.5960e-02,-0.0304688,0.000287188,4.8874
5.5970e-02,-0.0325,0.0004775,4.87615
5.5980e-02,-0.0304688,0.000968438,4.88177
5.5990e-02,-0.0282813,0.00144656,4.89428
5.6000e-02,-0.031875,0.00155344,4.8924
5.6010e-02,-0.0446875,0.00205188,4.92052
5.6020e-02,-0.0251563,0.00187719,4.91615
5.6030e-02,-0.03125,0.00125469,4.89771
5.6040e-02,-0.0304688,0.00185031,4.90459
5.6050e-02,-0.0370313,0.00109219,4.86959
5.6060e-02,-0.0225,0.000793438,4.89521
5.6070e-02,-0.0464062,0.001485,4.8974
5.6080e-02,-0.0295313,0.00239969,4.90771
5.6090e-02,-0.0390625,0.00202625,4.91896
5.6100e-02,-0.0379688,0.0017425,4.91865
5.6110e-02,-0.0382813,0.000941563,4.91959
5.6120e-02,-0.0332812,-0.00027,4.90865
5.6130e-02,-0.0334375,0.00039375,4.88146
5.6140e-02,-0.0389063,0.00194219,4.91146
5.6150e-02,-0.0401563,0.00214625,4.87271
5.6160e-02,-0.0471875,0.00241438,4.91459
5.6170e-02,-0.0364063,0.00259844,4.89146
5.6180e-02,-0.0335937,0.00164031,4.90709
5.6190e-02,-0.0301563,0.00124813,4.87959
5.6200e-02,-0.0490625,0.00076,4.8649
5.6210e-02,-0.0332812,0.000659063,4.89021
5.6220e-02,-0.0426562,0.00155688,4.8799
5.6230e-02,-0.039375,0.00276813,4.92834
5.6240e-02,-0.025,0.002725,4.91302
5.6250e-02,-0.04625,0.00303344,4.90584
5.6260e-02,-0.0240625,0.00108938,4.91365
5.6270e-02,-0.0315625,0.000705938,4.89459
5.6280e-02,-0.0451563,0.000204063,4.88803
5.6290e-02,-0.0309375,0.000152813,4.88521
5.6300e-02,-0.0351562,8.8125e-05,4.89552
5.6310e-02,-0.031875,0.00240344,4.88552
5.6320e-02,-0.03625,0.00371063,4.92646
5.6330e-02,-0.0340625,0.00402781,4.91209
5.6340e-02,-0.0410937,0.00205438,4.87865
5.6350e-02,-0.0496875,-0.000690938,4.90021
5.6360e-02,-0.0314062,-0.00119531,4.85865
5.6370e-02,-0.0378125,-0.000260938,4.89428
5.6380e-02,-0.0271875,0.00268563,4.91302
5.6390e-02,-0.0321875,0.00537938,4.90053
5.6400e-02,-0.0339062,0.00599219,4.92365
5.6410e-02,-0.029375,0.00395094,4.90396
5.6420e-02,-0.04875,-0.000955313,4.89053
5.6430e-02,-0.0295313,-0.00438281,4.87646
5.6440e-02,-0.0209375,-0.00438094,4.89209
5.6450e-02,-0.045,-0.000855625,4.90365
5.6460e-02,-0.0329688,0.00467125,4.90459
5.6470e-02,-0.02625,0.00792687,4.90896
5.6480e-02,-0.0370313,0.00889188,4.92928
5.6490e-02,-0.0465625,0.00519844,4.89334
5.6500e-02,-0.0296875,-0.00107531,4.87552
5.6510e-02,-0.0370313,-0.00541625,4.8674
5.6520e-02,-0.0357813,-0.00640563,4.9074
5.6530e-02,-0.0460938,-0.00155438,4.87927
5.6540e-02,-0.0198438,0.00328656,4.91928
5.6550e-02,-0.0359375,0.0074225,4.91396
5.6560e-02,-0.0310937,0.00862156,4.88271
5.6570e-02,-0.0392187,0.00539719,4.87709
5.6580e-02,-0.0420312,-0.000325313,4.88803
5.6590e-02,-0.02625,-0.00368156,4.8774
5.6600e-02,-0.03375,-0.00400969,4.9399
5.6610e-02,-0.0315625,-0.000701563,4.90896
5.6620e-02,-0.0403125,0.00316594,4.91084
5.6630e-02,-0.0328125,0.00553469,4.91615
5.6640e-02,-0.0390625,0.005325,4.90115
5.6650e-02,-0.0270312,0.00280438,4.88115
5.6660e-02,-0.0375,0.000222188,4.87209
5.6670e-02,-0.0323438,-0.00200656,4.90271
5.6680e-02,-0.0232812,-0.000470938,4.89927
5.6690e-02,-0.0384375,0.00125313,4.91178
5.6700e-02,-0.0382813,0.00303438,4.92084
5.6710e-02,-0.0289063,0.003665,4.92052
5.6720e-02,-0.0310937,0.00372094,4.8724
5.6730e-02,-0.039375,0.00157406,4.90396
5.6740e-02,-0.034375,0.000144063,4.89084
5.6750e-02,-0.0382813,-0.000498438,4.92209
5.6760e-02,-0.044375,0.000594688,4.89584
5.6770e-02,-0.0309375,0.00228469,4.94115
5.6780e-02,-0.0254688,0.00304625,4.9249
5.6790e-02,-0.02375,0.00371125,4.91896
5.6800e-02,-0.0378125,0.0025875,4.89959
5.6810e-02,-0.0445313,0.00178563,4.89021
5.6820e-02,-0.0409375,0.000637813,4.86678
5.6830e-02,-0.0382813,-0.000141875,4.9049
5.6840e-02,-0.0451563,0.00115344,4.8924
5.6850e-02,-0.0389063,0.0018475,4.93365
5.6860e-02,-0.0326562,0.00222781,4.91021
5.6870e-02,-0.0378125,0.00230188,4.87678
5.6880e-02,-0.0317188,0.00168094,4.88146
5.6890e-02,-0.036875,0.00103375,4.86303
5.6900e-02,-0.0429688,0.0007375,4.88521
5.6910e-02,-0.0382813,0.00140406,4.88365
5.6920e-02,-0.0314062,0.00122375,4.92959
5.6930e-02,-0.0389063,0.00103094,4.91021
5.6940e-02,-0.0248438,0.00159031,4.91615
5.6950e-02,-0.0285938,0.00198969,4.88834
5.6960e-02,-0.0365625,0.00117906,4.87615
5.6970e-02,-0.031875,0.00111094,4.87646
5.6980e-02,-0.0332812,0.000174688,4.88271
5.6990e-02,-0.0317188,5.28125e-05,4.90428
5.7000e-02,-0.043125,0.00118125,4.9399
5.7010e-02,-0.0410937,0.00120812,4.9049
5.7020e-02,-0.0454688,0.00208375,4.88459
5.7030e-02,-0.030625,0.002745,4.86865
5.7040e-02,-0.0371875,0.00235219,4.90459
5.7050e-02,-0.0339062,0.00145656,4.88521
5.7060e-02,-0.0434375,0.0009175,4.89677
5.7070e-02,-0.041875,0.000999063,4.91084
5.7080e-02,-0.0382813,0.00145281,4.91021
5.7090e-02,-0.0239063,0.00221344,4.88146
5.7100e-02,-0.0439063,0.00218875,4.87396
5.7110e-02,-0.0432813,0.00194469,4.88896
5.7120e-02,-0.0365625,0.00108156,4.86646
5.7130e-02,-0.0504687,9.96875e-05,4.88459
5.7140e-02,-0.0365625,0.0015725,4.88959
5.7150e-02,-0.0401563,0.00123375,4.91834
5.7160e-02,-0.0428125,0.00171656,4.91677
5.7170e-02,-0.0345312,0.00243125,4.8974
5.7180e-02,-0.0253125,0.00216125,4.86427
5.7190e-02,-0.0414063,0.00209281,4.88615
5.7200e-02,-0.0459375,0.00189125,4.8874
5.7210e-02,-0.0385937,0.000814688,4.89459
5.7220e-02,-0.0310937,0.000935313,4.91427
5.7230e-02,-0.0370313,0.000715625,4.93052
5.7240e-02,-0.0329688,0.0019225,4.89865
5.7250e-02,-0.0403125,0.00224969,4.89053
5.7260e-02,-0.0375,0.00255656,4.87428
5.7270e-02,-0.0340625,0.00215438,4.88927
5.7280e-02,-0.0351562,0.00112844,4.88428
5.7290e-02,-0.0367188,0.00184781,4.90615
5.7300e-02,-0.0417187,0.00140813,4.88959
5.7310e-02,-0.0317188,0.00141438,4.91553
5.7320e-02,-0.0365625,0.00172063,4.90521
5.7330e-02,-0.0357813,0.00173,4.87615
5.7340e-02,-0.0345312,0.00227625,4.8774
5.7350e-02,-0.0398437,0.00225,4.87803
5.7360e-02,-0.0423437,0.00122531,4.89584
5.7370e-02,-0.0440625,0.00107438,4.91084
5.7380e-02,-0.0195312,0.00137719,4.90584
5.7390e-02,-0.0389063,0.000405313,4.89771
5.7400e-02,-0.0401563,0.00185688,4.87271
5.7410e-02,-0.0475,0.00186531,4.8799
5.7420e-02,-0.0304688,0.00183,4.89459
5.7430e-02,-0.0395313,0.00151469,4.90553
5.7440e-02,-0.0390625,0.0011225,4.90865
5.7450e-02,-0.0464062,0.00115906,4.9224
5.7460e-02,-0.0360938,0.0004375,4.9274
5.7470e-02,-0.0342187,0.00136906,4.87803
5.7480e-02,-0.0273438,0.00199406,4.88177
5.7490e-02,-0.034375,0.00274156,4.88771
5.7500e-02,-0.0470312,0.00246063,4.89053
5.7510e-02,-0.043125,0.00128188,4.90428
5.7520e-02,-0.04125,0.000864063,4.91584
5.7530e-02,-0.0373438,0.00041,4.91334
5.7540e-02,-0.0345312,0.00163375,4.90584
5.7550e-02,-0.0370313,0.00167281,4.88834
5.7560e-02,-0.03125,0.00241031,4.87428
5.7570e-02,-0.0465625,0.00196594,4.89178
5.7580e-02,-0.0442188,0.00163438,4.88834
5.7590e-02,-0.0371875,0.00142813,4.89209
5.7600e-02,-0.033125,0.000929063,4.89803
5.7610e-02,-0.0278125,0.00115781,4.91928
5.7620e-02,-0.041875,0.00115344,4.91146
5.7630e-02,-0.0335937,0.00135,4.87865
5.7640e-02,-0.0376563,0.00155625,4.8349
5.7650e-02,-0.0357813,0.00260594,4.90115
5.7660e-02,-0.03875,0.00222406,4.90396
5.7670e-02,-0.035625,0.00160125,4.91302
5.7680e-02,-0.0373438,0.00084875,4.91302
5.7690e-02,-0.0354688,0.00165,4.89677
5.7700e-02,-0.04375,0.00161375,4.88927
5.7710e-02,-0.0428125,0.00138063,4.88678
5.7720e-02,-0.0429688,0.00146813,4.8824
5.7730e-02,-0.0439063,0.00161,4.88646
5.7740e-02,-0.0410937,0.00234656,4.88209
5.7750e-02,-0.0446875,0.00126906,4.90021
5.7760e-02,-0.0407813,0.0014525,4.91928
5.7770e-02,-0.0304688,0.000834688,4.89271
5.7780e-02,-0.033125,0.00156531,4.89365
5.7790e-02,-0.0392187,0.00148094,4.87615
5.7800e-02,-0.038125,0.0017425,4.91427
5.7810e-02,-0.0309375,0.00197375,4.92209
5.7820e-02,-0.0320312,0.00147469,4.90865
5.7830e-02,-0.0248438,0.00130781,4.90146
5.7840e-02,-0.0323438,0.0012875,4.90459
5.7850e-02,-0.0476562,0.000639063,4.8799
5.7860e-02,-0.0375,0.00169438,4.86021
5.7870e-02,-0.0414063,0.00182688,4.88834
5.7880e-02,-0.0389063,0.00130531,4.90209
5.7890e-02,-0.050625,0.00131625,4.89115
5.7900e-02,-0.03875,0.00146469,4.9274
5.7910e-02,-0.0296875,0.00167313,4.8924
5.7920e-02,-0.0435938,0.00100219,4.88365
5.7930e-02,-0.035,0.00126906,4.87646
5.7940e-02,-0.0395313,0.00119281,4.89365
5.7950e-02,-0.0321875,0.0012775,4.89178
5.7960e-02,-0.0484375,0.00201188,4.8599
5.7970e-02,-0.0364063,0.00244938,4.89959
5.7980e-02,-0.0364063,0.00206406,4.90302
5.7990e-02,-0.0296875,0.00150844,4.91959
5.8000e-02,-0.0492188,0.00119844,4.87084
5.8010e-02,-0.0370313,0.00173844,4.89646
5.8020e-02,-0.0453125,0.001335,4.86615
5.8030e-02,-0.0340625,0.00119875,4.87927
5.8040e-02,-0.0471875,0.00169813,4.89365
5.8050e-02,-0.049375,0.00260281,4.92115
5.8060e-02,-0.0460938,0.00208187,4.88896
5.8070e-02,-0.033125,0.00122563,4.8949
5.8080e-02,-0.0454688,0.00116875,4.89209
5.8090e-02,-0.043125,0.00106781,4.89053
5.8100e-02,-0.048125,0.00120375,4.88959
5.8110e-02,-0.0384375,0.00215094,4.88115
5.8120e-02,-0.031875,0.00166906,4.9174
5.8130e-02,-0.0492188,0.00200813,4.91615
5.8140e-02,-0.0425,0.000965313,4.91771
5.8150e-02,-0.046875,0.00142813,4.89053
5.8160e-02,-0.0453125,0.000461875,4.89146
5.8170e-02,-0.04125,0.00138813,4.87771
5.8180e-02,-0.0334375,0.00232781,4.90365
5.8190e-02,-0.0428125,0.00188188,4.89365
5.8200e-02,-0.0359375,0.00131375,4.88927
5.8210e-02,-0.031875,0.000904688,4.92146
5.8220e-02,-0.0367188,0.00154156,4.8999
5.8230e-02,-0.045,0.00108344,4.89709
5.8240e-02,-0.0429688,0.00178469,4.87771
5.8250e-02,-0.0417187,0.00148313,4.8699
5.8260e-02,-0.043125,0.00159281,4.91677
5.8270e-02,-0.0351562,0.00222469,4.9224
5.8280e-02,-0.0385937,0.00173031,4.90428
5.8290e-02,-0.0425,0.00185344,4.90271
5.8300e-02,-0.0310937,0.00173563,4.89021
5.8310e-02,-0.0470312,0.000555938,4.87678
5.8320e-02,-0.0307813,0.00122563,4.87365
5.8330e-02,-0.0365625,0.00088,4.89053
5.8340e-02,-0.0385937,0.00140156,4.90928
5.8350e-02,-0.0359375,0.00145844,4.91959
5.8360e-02,-0.0378125,0.002025,4.91302
5.8370e-02,-0.0317188,0.00114156,4.90365
5.8380e-02,-0.0357813,0.00182688,4.91146
5.8390e-02,-0.0507812,0.0017875,4.86928
5.8400e-02,-0.0370313,0.00174875,4.89927
5.8410e-02,-0.0445313,0.00167531,4.88177
5.8420e-02,-0.0423437,0.00184938,4.8874
5.8430e-02,-0.0357813,0.0012425,4.91771
5.8440e-02,-0.0390625,0.00192375,4.91677
5.8450e-02,-0.0484375,0.0014625,4.8974
5.8460e-02,-0.0526563,0.00127875,4.87552
5.8470e-02,-0.0532813,0.00142563,4.86709
5.8480e-02,-0.0426562,0.00119219,4.87146
5.8490e-02,-0.0389063,0.00162219,4.8949
5.8500e-02,-0.0521875,0.00203375,4.88615
5.8510e-02,-0.0375,0.00181938,4.91834
5.8520e-02,-0.04875,0.00167094,4.90459
5.8530e-02,-0.046875,0.00179469,4.88771
5.8540e-02,-0.0396875,0.00138406,4.87209
5.8550e-02,-0.0429688,0.00189,4.87896
5.8560e-02,-0.038125,0.0012375,4.89896
5.8570e-02,-0.0404687,0.00165531,4.91302
5.8580e-02,-0.0348437,0.00124531,4.90677
5.8590e-02,-0.0421875,0.00203,4.94709
5.8600e-02,-0.0320312,0.001465,4.87084
5.8610e-02,-0.0523437,0.00157156,4.87459
5.8620e-02,-0.0434375,0.0015875,4.86303
5.8630e-02,-0.0220313,0.00193469,4.8949
5.8640e-02,-0.0492188,0.00145406,4.89927
5.8650e-02,-0.0328125,0.00221313,4.91553
5.8660e-02,-0.0485938,0.00218438,4.91928
5.8670e-02,-0.0584375,0.00225125,4.89677
5.8680e-02,-0.0426562,0.00223656,4.88334
5.8690e-02,-0.041875,0.0021925,4.87209
5.8700e-02,-0.0298438,0.00147313,4.87334
5.8710e-02,-0.0370313,0.00112719,4.8949
5.8720e-02,-0.0410937,0.00190563,4.89552
5.8730e-02,-0.0410937,0.00151938,4.9099
5.8740e-02,-0.0390625,0.00154219,4.9174
5.8750e-02,-0.033125,0.00101406,4.9024
5.8760e-02,-0.0459375,0.00156031,4.86865
5.8770e-02,-0.0392187,0.00136906,4.87428
5.8780e-02,-0.0248438,0.00118219,4.88678
5.8790e-02,-0.0365625,0.00115125,4.90615
5.8800e-02,-0.0395313,0.00246563,4.91459
5.8810e-02,-0.0410937,0.00196656,4.93396
5.8820e-02,-0.0425,0.00247625,4.90459
5.8830e-02,-0.0439063,0.00215562,4.89053
5.8840e-02,-0.0473438,0.00162563,4.87334
5.8850e-02,-0.0398437,0.00149594,4.87428
5.8860e-02,-0.0404687,0.000919063,4.85928
5.8870e-02,-0.0457813,0.001615,4.90302
5.8880e-02,-0.0321875,0.0013775,4.92959
5.8890e-02,-0.0423437,0.00168844,4.91615
5.8900e-02,-0.0328125,0.0020675,4.88428
5.8910e-02,-0.045625,0.00149625,4.89021
5.8920e-02,-0.0392187,0.00206406,4.88959
5.8930e-02,-0.0376563,0.000699375,4.87771
5.8940e-02,-0.0335937,0.0008775,4.90053
5.8950e-02,-0.0539063,0.00146875,4.87334
5.8960e-02,-0.0440625,0.00174,4.90584
5.8970e-02,-0.0340625,0.00204625,4.92677
5.8980e-02,-0.0307813,0.00167,4.87678
5.8990e-02,-0.036875,0.00227969,4.87927
5.9000e-02,-0.0565625,0.00252531,4.8924
5.9010e-02,-0.0479688,0.00203406,4.86834
5.9020e-02,-0.039375,0.00128156,4.92677
5.9030e-02,-0.0482812,0.00151969,4.88146
5.9040e-02,-0.0417187,0.000910625,4.90115
5.9050e-02,-0.0385937,0.0016475,4.88959
5.9060e-02,-0.0423437,0.001125,4.89302
5.9070e-02,-0.0328125,0.00166031,4.87927
5.9080e-02,-0.0404687,0.001045,4.88302
5.9090e-02,-0.0390625,0.00188375,4.88365
5.9100e-02,-0.0392187,0.000720625,4.8949
5.9110e-02,-0.0460938,0.00108688,4.92896
5.9120e-02,-0.044375,0.00198156,4.91052
5.9130e-02,-0.0403125,0.0026725,4.88709
5.9140e-02,-0.034375,0.00280063,4.86959
5.9150e-02,-0.044375,0.00161719,4.88396
5.9160e-02,-0.0520313,0.00197594,4.90271
5.9170e-02,-0.0375,0.00132875,4.90302
5.9180e-02,-0.0509375,0.000999375,4.91271
5.9190e-02,-0.0426562,0.00139531,4.90865
5.9200e-02,-0.0395313,0.00244438,4.88865
5.9210e-02,-0.046875,0.00170375,4.89459
5.9220e-02,-0.0429688,0.00178844,4.88803
5.9230e-02,-0.0392187,0.0019875,4.90896
5.9240e-02,-0.0448438,0.00197188,4.88396
5.9250e-02,-0.05,0.00122438,4.92521
5.9260e-02,-0.0478125,0.00163313,4.91052
5.9270e-02,-0.0429688,0.00167688,4.93553
5.9280e-02,-0.0385937,0.00146094,4.91334
5.9290e-02,-0.0492188,0.00212281,4.88302
5.9300e-02,-0.0440625,0.00206813,4.86802
5.9310e-02,-0.0379688,0.00183469,4.88302
5.9320e-02,-0.0390625,0.00142844,4.90803
5.9330e-02,-0.0348437,0.00196688,4.90209
5.9340e-02,-0.046875,0.00204281,4.92146
5.9350e-02,-0.0407813,0.000642188,4.90709
5.9360e-02,-0.0434375,0.000958438,4.89209
5.9370e-02,-0.0428125,0.00138625,4.87084
5.9380e-02,-0.0428125,0.0019875,4.86615
5.9390e-02,-0.0478125,0.00227844,4.88896
5.9400e-02,-0.0534375,0.00196125,4.88334
5.9410e-02,-0.043125,0.00182188,4.90834
5.9420e-02,-0.029375,0.00147969,4.89302
5.9430e-02,-0.0275,0.00127156,4.88115
5.9440e-02,-0.0390625,0.00197031,4.8749
5.9450e-02,-0.0301563,0.00148844,4.85271
5.9460e-02,-0.0435938,0.00122625,4.88678
5.9470e-02,-0.0551563,0.00147406,4.89709
5.9480e-02,-0.0415625,0.000615625,4.9124
5.9490e-02,-0.0528125,0.00102281,4.90709
5.9500e-02,-0.0410937,0.00149906,4.9099
5.9510e-02,-0.0348437,0.00161938,4.89209
5.9520e-02,-0.0528125,0.00229094,4.8774
5.9530e-02,-0.0353125,0.00173781,4.85865
5.9540e-02,-0.0451563,0.00148656,4.87459
5.9550e-02,-0.0535937,0.00199188,4.91209
5.9560e-02,-0.0414063,0.00154563,4.8924
5.9570e-02,-0.0439063,0.000625,4.92928
5.9580e-02,-0.0401563,0.001085,4.90053
5.9590e-02,-0.0357813,0.00133875,4.90428
5.9600e-02,-0.0448438,0.00235219,4.86928
5.9610e-02,-0.0370313,0.00263125,4.91553
5.9620e-02,-0.036875,0.0020625,4.88271
5.9630e-02,-0.0310937,0.000884688,4.91521
5.9640e-02,-0.0434375,0.000992812,4.87646
5.9650e-02,-0.046875,0.000702188,4.91178
5.9660e-02,-0.0396875,0.00106844,4.89834
5.9670e-02,-0.0373438,0.00128219,4.89646
5.9680e-02,-0.0459375,0.00130281,4.89803
5.9690e-02,-0.0459375,0.00181281,4.91834
5.9700e-02,-0.0453125,0.002635,4.90771
5.9710e-02,-0.0384375,0.00143313,4.92427
5.9720e-02,-0.043125,0.0014275,4.90053
5.9730e-02,-0.0360938,0.00179625,4.91771
5.9740e-02,-0.0510938,0.001455,4.87146
5.9750e-02,-0.043125,0.00132719,4.89771
5.9760e-02,-0.0392187,0.00186188,4.85177
5.9770e-02,-0.040625,0.00178281,4.8874
5.9780e-02,-0.0459375,0.00153094,4.92021
5.9790e-02,-0.0457813,0.00123875,4.93021
5.9800e-02,-0.0325,0.000897188,4.8974
5.9810e-02,-0.0326562,0.00106,4.85896
5.9820e-02,-0.0489062,0.000794688,4.9049
5.9830e-02,-0.0479688,0.0012825,4.87803
5.9840e-02,-0.03875,0.00194531,4.89927
5.9850e-02,-0.0504687,0.00121063,4.91115
5.9860e-02,-0.0451563,0.00158813,4.90615
5.9870e-02,-0.0434375,0.000779063,4.90146
5.9880e-02,-0.045625,0.00100813,4.89646
5.9890e-02,-0.054375,0.000985313,4.91646
5.9900e-02,-0.0501562,0.00188063,4.8749
5.9910e-02,-0.04,0.00217375,4.9074
5.9920e-02,-0.0434375,0.00152344,4.88428
5.9930e-02,-0.04375,0.00139469,4.9099
5.9940e-02,-0.0409375,0.00202344,4.91959
5.9950e-02,-0.0454688,0.00162094,4.90615
5.9960e-02,-0.0371875,0.00143156,4.87646
5.9970e-02,-0.0478125,0.000942188,4.87084
5.9980e-02,-0.0425,0.000843125,4.85802
5.9990e-02,-0.0345312,0.00188875,4.89552
6.0000e-02,-0.046875,0.00219969,4.89927
6.0010e-02,-0.0417187,0.00196313,4.91865
6.0020e-02,-0.0448438,0.00120219,4.9074
6.0030e-02,-0.0392187,0.000549688,4.92334
6.0040e-02,-0.0415625,0.00105,4.88584
6.0050e-02,-0.0484375,0.00106625,4.86146
6.0060e-02,-0.0540625,0.0016725,4.88084
6.0070e-02,-0.0471875,0.00259813,4.91209
6.0080e-02,-0.0453125,0.00253281,4.91052
6.0090e-02,-0.0325,0.002015,4.91271
6.0100e-02,-0.0510938,0.00143719,4.89615
6.0110e-02,-0.059375,0.00112031,4.87177
6.0120e-02,-0.04625,0.00106625,4.87115
6.0130e-02,-0.04875,0.000892188,4.8999
6.0140e-02,-0.03,0.00160781,4.86177
6.0150e-02,-0.0376563,0.00313063,4.90959
6.0160e-02,-0.0507812,0.00203219,4.90459
6.0170e-02,-0.0440625,0.00190125,4.92021
6.0180e-02,-0.048125,0.00133719,4.88678
6.0190e-02,-0.045,0.000811875,4.91146
6.0200e-02,-0.0279688,0.00113625,4.88584
6.0210e-02,-0.0435938,0.001105,4.88959
6.0220e-02,-0.0434375,0.00166406,4.89459
6.0230e-02,-0.0432813,0.00165781,4.91459
6.0240e-02,-0.0482812,0.00188938,4.91959
6.0250e-02,-0.03875,0.00217375,4.89646
6.0260e-02,-0.0532813,0.000190313,4.8949
6.0270e-02,-0.0579687,0.00119438,4.89865
6.0280e-02,-0.0398437,0.000377188,4.85521
6.0290e-02,-0.04125,0.000898125,4.89021
6.0300e-02,-0.0360938,0.00166281,4.88803
6.0310e-02,-0.0357813,0.00191938,4.90084
6.0320e-02,-0.0448438,0.00160313,4.89178
6.0330e-02,-0.044375,0.0018025,4.91771
6.0340e-02,-0.0409375,0.000480625,4.88177
6.0350e-02,-0.0404687,0.000201875,4.88459
6.0360e-02,-0.0376563,0.00157938,4.87709
6.0370e-02,-0.0415625,0.00167406,4.86896
6.0380e-02,-0.0507812,0.00306469,4.90771
6.0390e-02,-0.0492188,0.00333281,4.90396
6.0400e-02,-0.0385937,0.00309344,4.90521
6.0410e-02,-0.0429688,0.00189375,4.89896
6.0420e-02,-0.0546875,0.00165438,4.8824
6.0430e-02,-0.0529687,0.00156875,4.87709
6.0440e-02,-0.0323438,0.00170875,4.88302
6.0450e-02,-0.0384375,0.00163156,4.89334
6.0460e-02,-0.0426562,0.00146844,4.88646
6.0470e-02,-0.0467188,0.00147875,4.92771
6.0480e-02,-0.648125,0.00169844,4.90928
6.0490e-02,-2.44687,0.000301875,4.91396
6.0500e-02,-1.65797,-0.00178563,4.87865
6.0510e-02,0.2225,-0.00326313,4.87365
6.0520e-02,-1.50172,-0.00391969,4.87552
6.0530e-02,-0.03125,-0.00376406,4.92115
6.0540e-02,0.109375,-0.00394375,4.90115
6.0550e-02,0.102656,-0.0038125,4.92896
6.0560e-02,0.0884375,-0.0038875,4.94115
6.0570e-02,0.0635938,-0.00380469,4.92084
6.0580e-02,0.0720312,-0.00384813,4.90865
6.0590e-02,0.0590625,-0.00392531,4.86459
6.0600e-02,0.0614062,-0.00390531,4.91459
6.0610e-02,0.0659375,-0.00382469,4.90709
6.0620e-02,0.05,-0.00372906,4.90021
6.0630e-02,0.0457812,-0.0038225,4.8749
6.0640e-02,0.0270313,-0.00391469,4.90896
6.0650e-02,0.0348438,-0.00392906,4.88084
6.0660e-02,0.0417187,-0.003835,4.87959
6.0670e-02,0.021875,-0.00388563,4.86928
6.0680e-02,0.0215625,-0.00395063,4.91646
6.0690e-02,0.028125,-0.00385281,4.91584
6.0700e-02,0.0215625,-0.00375969,4.91959
6.0710e-02,0.01375,-0.00392281,4.91834
6.0720e-02,0.01,-0.00383406,4.90615
6.0730e-02,0.02125,-0.00379594,4.88271
6.0740e-02,0.0284375,-0.00381219,4.86928
6.0750e-02,0.0140625,-0.00263313,4.91646
6.0760e-02,0.0114063,-0.00046125,4.91084
6.0770e-02,0.0173438,-6.09375e-05,4.9149
6.0780e-02,0.00296875,0.000364375,4.90365
6.0790e-02,0.0164063,0.00208719,4.89709
6.0800e-02,0.0240625,0.0022425,4.87209
6.0810e-02,0.0084375,0.00242375,4.86552
6.0820e-02,0.00453125,0.001725,4.85865
6.0830e-02,0.00703125,0.000776875,4.87803
6.0840e-02,-0.0034375,0.00085375,4.90365
6.0850e-02,0.00640625,0.000637813,4.9149
6.0860e-02,0.0171875,0.00165188,4.88803
6.0870e-02,0.00734375,0.00172969,4.88927
6.0880e-02,0.00578125,0.002025,4.87584
6.0890e-02,0.00984375,0.00122813,4.90021
6.0900e-02,0.0154687,0.00122031,4.8974
6.0910e-02,0.00046875,0.000354063,4.87803
6.0920e-02,0.0084375,0.000899375,4.90865
6.0930e-02,0.0125,0.0010825,4.8924
6.0940e-02,0.0120312,0.00154,4.90959
6.0950e-02,0.0117188,0.00210344,4.8949
6.0960e-02,-0.001875,0.00169094,4.88865
6.0970e-02,0.0075,0.00153688,4.86021
6.0980e-02,-0.004375,0.00120531,4.9174
6.0990e-02,0.004375,0.000574063,4.90677
6.1000e-02,0.00484375,0.00137438,4.89334
6.1010e-02,0.0034375,0.00126156,4.90209
6.1020e-02,0.0176563,0.00209344,4.87177
6.1030e-02,0.00765625,0.00292719,4.87271
6.1040e-02,-0.0065625,0.00254375,4.85678
6.1050e-02,0.00828125,0.00159281,4.90646
6.1060e-02,0.00328125,0.000869688,4.91459
6.1070e-02,0.00765625,0.00066375,4.88646
6.1080e-02,-0.0125,0.00101844,4.90834
6.1090e-02,-0.009375,0.00138781,4.90334
6.1100e-02,-0.005625,0.0018925,4.8824
6.1110e-02,-0.00203125,0.00268063,4.8949
6.1120e-02,-0.009375,0.00236125,4.87396
6.1130e-02,0.00109375,0.00165688,4.89552
6.1140e-02,-0.0059375,0.000409063,4.87709
6.1150e-02,-0.0028125,0.000519062,4.91302
6.1160e-02,-0.000625,0.00113375,4.90928
6.1170e-02,-0.0148437,0.00163188,4.87865
6.1180e-02,-0.00921875,0.00247781,4.84178
6.1190e-02,-0.0142188,0.0024775,4.88865
6.1200e-02,0.00234375,0.00175063,4.86053
6.1210e-02,-0.0090625,0.00226313,4.89803
6.1220e-02,-0.005625,0.00107688,4.91365
6.1230e-02,-0.0071875,0.00122406,4.91521
6.1240e-02,-0.0142188,0.00100938,4.9049
6.1250e-02,-0.0117188,0.000793125,4.90178
6.1260e-02,-0.006875,0.00189094,4.86834
6.1270e-02,-0.00234375,0.00195031,4.87771
6.1280e-02,-0.0109375,0.00116219,4.87615
6.1290e-02,-0.00140625,0.00163531,4.92334
6.1300e-02,-0.0140625,0.00086625,4.89834
6.1310e-02,-0.01125,0.000780938,4.90865
6.1320e-02,-0.004375,0.00115563,4.88459
6.1330e-02,-0.01125,0.00215906,4.87709
6.1340e-02,-0.0176563,0.00214438,4.8699
6.1350e-02,-0.0071875,0.00162719,4.87803
6.1360e-02,-0.016875,0.00144125,4.88646
6.1370e-02,-0.0167188,0.00136313,4.90209
6.1380e-02,-0.0215625,0.00130438,4.90209
6.1390e-02,-0.015625,0.00128031,4.91334
6.1400e-02,-0.0185937,0.00107438,4.8799
6.1410e-02,-0.00953125,0.00176719,4.87709
6.1420e-02,-0.0114062,0.00216406,4.86959
6.1430e-02,-0.020625,0.00178031,4.89584
6.1440e-02,-0.0104688,0.00138906,4.89771
6.1450e-02,-0.0190625,0.0019925,4.9049
6.1460e-02,-0.00453125,0.00110438,4.88834
6.1470e-02,-0.026875,0.000599063,4.89615
6.1480e-02,-0.00421875,0.00131031,4.8624
6.1490e-02,-0.01375,0.00141781,4.88678
6.1500e-02,-0.0176563,0.0022475,4.87428
6.1510e-02,-0.0278125,0.00204937,4.91709
6.1520e-02,-0.005625,0.00206031,4.89552
6.1530e-02,-0.0148437,0.00137531,4.92271
6.1540e-02,-0.0154687,0.00147313,4.9049
6.1550e-02,-0.00671875,0.00113375,4.87709
6.1560e-02,-0.0101563,0.00221375,4.88271
6.1570e-02,-0.00578125,0.00198625,4.85771
6.1580e-02,-0.00828125,0.00210844,4.8974
6.1590e-02,-0.0175,0.00250563,4.90115
6.1600e-02,-0.0196875,0.00134531,4.92021
6.1610e-02,-0.0139063,0.00086,4.91834
6.1620e-02,-0.0153125,0.00119406,4.90053
6.1630e-02,-0.0220313,0.000834063,4.88021
6.1640e-02,-0.0242188,0.00121406,4.86521
6.1650e-02,-0.0242188,0.0015475,4.86552
6.1660e-02,-0.014375,0.00180938,4.89178
6.1670e-02,-0.01875,0.00116344,4.89209
6.1680e-02,-0.0259375,0.00125,4.93209
6.1690e-02,-0.0239063,0.00102875,4.92303
6.1700e-02,-0.0198438,0.00094,4.90553
6.1710e-02,-0.0125,0.000895313,4.87771
6.1720e-02,-0.024375,0.00122125,4.89021
6.1730e-02,-0.0201563,0.00267906,4.87803
6.1740e-02,-0.0195312,0.00289313,4.88771
6.1750e-02,-0.0189062,0.00243469,4.91302
6.1760e-02,-0.0142188,0.00171281,4.91146
6.1770e-02,-0.0182812,0.00205938,4.92396
6.1780e-02,-0.013125,0.00106563,4.88115
6.1790e-02,-0.0129688,0.00182469,4.84334
6.1800e-02,-0.0142188,0.00216094,4.87834
6.1810e-02,-0.0228125,0.00224469,4.8774
6.1820e-02,-0.0184375,0.00230406,4.9099
6.1830e-02,-0.02125,0.0018075,4.93365
6.1840e-02,-0.0153125,0.00179844,4.91459
6.1850e-02,-0.0260937,0.0006275,4.89803
6.1860e-02,-0.0196875,0.000465313,4.87584
6.1870e-02,-0.020625,0.00158375,4.88084
6.1880e-02,-0.0295313,0.00176656,4.86802
6.1890e-02,-0.0239063,0.00196219,4.90646
6.1900e-02,-0.0234375,0.00225281,4.8974
6.1910e-02,-0.0207813,0.00208594,4.90709
6.1920e-02,-0.0164063,0.00159156,4.9074
6.1930e-02,-0.0189062,0.00163063,4.88271
6.1940e-02,-0.0221875,0.00148063,4.88678
6.1950e-02,-0.0220313,0.00199094,4.87365
6.1960e-02,-0.0232812,0.00208719,4.92178
6.1970e-02,-0.0210938,0.00115344,4.89428
6.1980e-02,-0.0209375,0.00114719,4.9124
6.1990e-02,-0.0139063,0.001665,4.90584
6.2000e-02,-0.0107813,0.00136188,4.90677
6.2010e-02,-0.0123438,0.00110031,4.8549
6.2020e-02,-0.020625,0.000939063,4.87927
6.2030e-02,-0.0220313,0.00153813,4.84802
6.2040e-02,-0.0323438,0.00145781,4.8849
6.2050e-02,-0.0189062,0.00172344,4.89302
6.2060e-02,-0.0279688,0.00221563,4.8949
6.2070e-02,-0.02375,0.00152188,4.89834
6.2080e-02,-0.0303125,0.001605,4.88615
6.2090e-02,-0.0178125,0.00121031,4.88959
6.2100e-02,-0.0225,0.001705,4.89646
6.2110e-02,-0.0084375,0.00169406,4.89115
6.2120e-02,-0.0245313,0.00232,4.89865
6.2130e-02,-0.0271875,0.00177281,4.90646
6.2140e-02,-0.0201563,0.00176813,4.91427
6.2150e-02,-0.0198438,0.00178875,4.91865
6.2160e-02,-0.0179687,0.000171563,4.86584
6.2170e-02,-0.0228125,0.000719063,4.85615
6.2180e-02,-0.0367188,0.00172938,4.87177
6.2190e-02,-0.01,0.00151188,4.89428
6.2200e-02,-0.025625,0.00139438,4.94021
6.2210e-02,-0.0173438,0.00155688,4.88959
6.2220e-02,-0.0235938,0.001045,4.90021
6.2230e-02,-0.024375,0.00168031,4.89521
6.2240e-02,-0.01875,0.00128969,4.86959
6.2250e-02,-0.02875,0.00119094,4.89084
6.2260e-02,-0.0314062,0.00172781,4.88115
6.2270e-02,-0.015625,0.00170375,4.88177
6.2280e-02,-0.0221875,0.002195,4.90459
6.2290e-02,-0.0223437,0.00147313,4.87303
6.2300e-02,-0.018125,0.00222906,4.91677
6.2310e-02,-0.0203125,0.00158563,4.87021
6.2320e-02,-0.0289063,0.00152656,4.8799
6.2330e-02,-0.0298438,0.00194781,4.88302
6.2340e-02,-0.0110937,0.00147188,4.89803
6.2350e-02,-0.0198438,0.00190219,4.90209
6.2360e-02,-0.0209375,0.00104781,4.93021
6.2370e-02,-0.0339062,0.00146563,4.88115
6.2380e-02,-0.0245313,0.00191906,4.89302
6.2390e-02,-0.02125,0.00132656,4.85928
6.2400e-02,-0.0229687,0.000756875,4.88146
6.2410e-02,-0.0210938,0.00178031,4.89053
6.2420e-02,-0.0265625,0.00156406,4.87646
6.2430e-02,-0.0265625,0.00195813,4.93052
6.2440e-02,-0.020625,0.00168719,4.90459
6.2450e-02,-0.0273438,0.00241656,4.88896
6.2460e-02,-0.0254688,0.00201812,4.87896
6.2470e-02,-0.0289063,0.001275,4.86896
6.2480e-02,-0.0198438,0.00207344,4.87615
6.2490e-02,-0.0264062,0.00135219,4.91928
6.2500e-02,-0.02625,0.00171969,4.93646
6.2510e-02,-0.0375,0.00142031,4.8999
6.2520e-02,-0.0259375,0.00156188,4.90053
6.2530e-02,-0.0320312,0.00175031,4.90115
6.2540e-02,-0.0198438,0.00189719,4.87271
6.2550e-02,-0.0290625,0.00139188,4.88334
6.2560e-02,-0.02875,0.000609688,4.89021
6.2570e-02,-0.02875,0.00144781,4.89271
6.2580e-02,-0.0345312,0.00193969,4.91553
6.2590e-02,-0.0220313,0.00174094,4.90553
6.2600e-02,-0.025625,0.000545938,4.8799
6.2610e-02,-0.026875,0.00066625,4.89053
6.2620e-02,-0.0257812,0.00131438,4.8749
6.2630e-02,-0.021875,0.00146469,4.86896
6.2640e-02,-0.0307813,0.00116125,4.8799
6.2650e-02,-0.021875,0.000616563,4.92052
6.2660e-02,-0.0165625,0.000946875,4.92553
6.2670e-02,-0.030625,0.00209563,4.91521
6.2680e-02,-0.01875,0.00202594,4.90365
6.2690e-02,-0.019375,0.00146063,4.89521
6.2700e-02,-0.031875,0.000705313,4.8924
6.2710e-02,-0.0285938,0.00130875,4.9149
6.2720e-02,-0.0348437,0.000620313,4.89115
6.2730e-02,-0.0346875,0.00073625,4.93021
6.2740e-02,-0.0221875,0.00116969,4.9174
6.2750e-02,-0.0146875,0.00204688,4.90803
6.2760e-02,-0.0246875,0.00101594,4.8824
6.2770e-02,-0.0282813,0.00151219,4.90365
6.2780e-02,-0.0242188,0.00225187,4.8574
6.2790e-02,-0.0254688,0.00132,4.89803
6.2800e-02,-0.0304688,0.00153438,4.91584
6.2810e-02,-0.0310937,0.000903438,4.91865
6.2820e-02,-0.0364063,0.00215594,4.91209
6.2830e-02,-0.0254688,0.00208969,4.89334
6.2840e-02,-0.0423437,0.00240188,4.8924
6.2850e-02,-0.0189062,0.00179969,4.86459
6.2860e-02,-0.0289063,0.000809063,4.89834
6.2870e-02,-0.0271875,0.00122937,4.90053
6.2880e-02,-0.0317188,0.00091125,4.9099
6.2890e-02,-0.0328125,0.00219531,4.90677
6.2900e-02,-0.0310937,0.00150438,4.8849
6.2910e-02,-0.0321875,0.0013925,4.88771
6.2920e-02,-0.0235938,0.00185094,4.89646
6.2930e-02,-0.02875,0.00127406,4.90084
6.2940e-02,-0.0295313,0.00181813,4.90209
6.2950e-02,-0.030625,0.00186594,4.90584
6.2960e-02,-0.0253125,0.000821875,4.93709
6.2970e-02,-0.0303125,0.00148688,4.91646
6.2980e-02,-0.0320312,0.00161906,4.90865
6.2990e-02,-0.0353125,0.002615,4.86896
6.3000e-02,-0.0301563,0.00185531,4.89084
6.3010e-02,-0.0248438,0.00249406,4.8674
6.3020e-02,-0.0253125,0.0016125,4.8899
6.3030e-02,-0.0282813,0.00149469,4.88396
6.3040e-02,-0.0296875,0.00196188,4.90521
6.3050e-02,-0.0270312,0.00106469,4.92802
6.3060e-02,-0.0304688,0.00173406,4.89053
6.3070e-02,-0.0296875,0.00120188,4.8699
6.3080e-02,-0.030625,0.00164469,4.8724
6.3090e-02,-0.0315625,0.00111063,4.91865
6.3100e-02,-0.0239063,0.00100406,4.92052
6.3110e-02,-0.0428125,0.000811875,4.9274
6.3120e-02,-0.03,0.00152281,4.91646
6.3130e-02,-0.0310937,0.00217906,4.91178
6.3140e-02,-0.0328125,0.00316563,4.88678
6.3150e-02,-0.03,0.00265125,4.8749
6.3160e-02,-0.0207813,0.002135,4.89552
6.3170e-02,-0.0296875,0.00200969,4.88709
6.3180e-02,-0.0339062,0.00160094,4.91302
6.3190e-02,-0.0290625,0.000937188,4.92052
6.3200e-02,-0.0264062,0.00132375,4.8974
6.3210e-02,-0.0289063,0.00212656,4.88428
6.3220e-02,-0.0309375,0.00261406,4.86928
6.3230e-02,-0.0242188,0.00192188,4.89334
6.3240e-02,-0.0385937,0.00190719,4.88053
6.3250e-02,-0.0310937,0.00125281,4.91334
6.3260e-02,-0.0314062,-3.125e-07,4.91146
6.3270e-02,-0.0404687,0.000440625,4.89896
6.3280e-02,-0.03,0.000372813,4.8949
6.3290e-02,-0.029375,0.00120094,4.8974
6.3300e-02,-0.0279688,0.00241281,4.88177
6.3310e-02,-0.0365625,0.00185656,4.90365
6.3320e-02,-0.0328125,0.00201156,4.91771
6.3330e-02,-0.0353125,0.00155063,4.88396
6.3340e-02,-0.0270312,0.00168719,4.93271
6.3350e-02,-0.023125,0.00123063,4.92771
6.3360e-02,-0.0345312,0.00181313,4.91521
6.3370e-02,-0.016875,0.00246781,4.8699
6.3380e-02,-0.040625,0.00185406,4.86834
6.3390e-02,-0.0223437,0.00156313,4.89865
6.3400e-02,-0.0384375,0.00206656,4.92802
6.3410e-02,-0.0214063,0.00101188,4.91709
6.3420e-02,-0.0370313,0.00103438,4.91584
6.3430e-02,-0.0315625,0.00135469,4.89334
6.3440e-02,-0.0329688,0.0013175,4.90302
6.3450e-02,-0.0345312,0.00237188,4.88334
6.3460e-02,-0.0357813,0.00232938,4.88271
6.3470e-02,-0.036875,0.00208688,4.91584
6.3480e-02,-0.0357813,0.000624688,4.89084
6.3490e-02,-0.0420312,0.0003975,4.93459
6.3500e-02,-0.039375,0.000950625,4.89365
6.3510e-02,-0.0328125,0.000448438,4.88709
6.3520e-02,-0.0420312,0.00158563,4.90459
6.3530e-02,-0.03875,0.00182438,4.89834
6.3540e-02,-0.0364063,0.00251906,4.90084
6.3550e-02,-0.0321875,0.00298375,4.90302
6.3560e-02,-0.044375,0.00211625,4.9249
6.3570e-02,-0.041875,0.00109688,4.94521
6.3580e-02,-0.0321875,0.000949375,4.89209
6.3590e-02,-0.035,0.00121719,4.91959
6.3600e-02,-0.0278125,0.00128969,4.89709
6.3610e-02,-0.039375,0.00212719,4.87428
6.3620e-02,-0.0295313,0.00238563,4.88365
6.3630e-02,-0.0310937,0.00150875,4.89834
6.3640e-02,-0.0346875,0.00142844,4.91959
6.3650e-02,-0.0325,0.00102719,4.91365
6.3660e-02,-0.0323438,0.0012275,4.86959
6.3670e-02,-0.0496875,0.00176125,4.87959
6.3680e-02,-0.044375,0.00179625,4.89209
6.3690e-02,-0.0289063,0.00242,4.89677
6.3700e-02,-0.0275,0.00269063,4.91115
6.3710e-02,-0.0360938,0.00218063,4.89053
6.3720e-02,-0.0421875,0.00181969,4.90646
6.3730e-02,-0.0320312,0.000690313,4.91459
6.3740e-02,-0.0265625,0.000645,4.89584
6.3750e-02,-0.0326562,0.00137875,4.85553
6.3760e-02,-0.0235938,0.00102625,4.8624
6.3770e-02,-0.0295313,0.00196188,4.90803
6.3780e-02,-0.0353125,0.00135,4.91396
6.3790e-02,-0.044375,0.00145813,4.9074
6.3800e-02,-0.031875,0.00078875,4.9224
6.3810e-02,-0.033125,0.00128063,4.91396
6.3820e-02,-0.0346875,0.00122969,4.88709
6.3830e-02,-0.0307813,0.000809063,4.87177
6.3840e-02,-0.0425,0.00195844,4.90396
6.3850e-02,-0.0307813,0.00254063,4.8974
6.3860e-02,-0.0395313,0.00276844,4.92334
6.3870e-02,-0.0465625,0.00223125,4.8974
6.3880e-02,-0.0376563,0.00099125,4.89021
6.3890e-02,-0.0321875,0.0004025,4.89178
6.3900e-02,-0.0354688,0.00148719,4.87084
6.3910e-02,-0.0395313,0.00172063,4.87177
6.3920e-02,-0.0334375,0.00306813,4.91146
6.3930e-02,-0.0289063,0.00267156,4.9124
6.3940e-02,-0.0259375,0.00173875,4.92021
6.3950e-02,-0.0285938,0.00181125,4.90803
6.3960e-02,-0.03375,0.000734063,4.91646
6.3970e-02,-0.04,-4.875e-05,4.87053
6.3980e-02,-0.0382813,0.001335,4.89084
6.3990e-02,-0.0289063,0.00116281,4.8599
6.4000e-02,-0.0440625,0.00206188,4.91959
6.4010e-02,-0.0334375,0.00251531,4.91459
6.4020e-02,-0.0384375,0.00219656,4.9199
6.4030e-02,-0.0228125,0.00166719,4.89178
6.4040e-02,-0.0340625,0.00101063,4.88896
6.4050e-02,-0.0310937,0.000167813,4.89021
6.4060e-02,-0.034375,0.00173313,4.89709
6.4070e-02,-0.0321875,0.00248438,4.8749
6.4080e-02,-0.0251563,0.00288125,4.93365
6.4090e-02,-0.035,0.00284313,4.90365
6.4100e-02,-0.0253125,0.00191531,4.9099
6.4110e-02,-0.04375,0.000374375,4.9124
6.4120e-02,-0.0345312,0.000477188,4.88927
6.4130e-02,-0.0407813,0.000141563,4.8924
6.4140e-02,-0.034375,0.000500312,4.87896
6.4150e-02,-0.0270312,0.0015375,4.8924
6.4160e-02,-0.0404687,0.00213688,4.9074
6.4170e-02,-0.0453125,0.00252281,4.9199
6.4180e-02,-0.03125,0.00187594,4.92115
6.4190e-02,-0.033125,0.000411875,4.87053
6.4200e-02,-0.036875,0.00040875,4.86709
6.4210e-02,-0.0415625,-0.000105938,4.87896
6.4220e-02,-0.0342187,0.00109906,4.91021
6.4230e-02,-0.0410937,0.00205688,4.9124
6.4240e-02,-0.0320312,0.00258281,4.90271
6.4250e-02,-0.0235938,0.00215531,4.91459
6.4260e-02,-0.0345312,0.00188344,4.90521
6.4270e-02,-0.0242188,0.000671563,4.88709
6.4280e-02,-0.0332812,-0.000140938,4.89709
6.4290e-02,-0.038125,0.000495,4.86053
6.4300e-02,-0.0242188,0.00122031,4.90521
6.4310e-02,-0.0510938,0.00347063,4.9024
6.4320e-02,-0.0376563,0.00451375,4.8999
6.4330e-02,-0.044375,0.00300531,4.90021
6.4340e-02,-0.03625,0.00201656,4.87709
6.4350e-02,-0.0442188,-6.09375e-05,4.9099
6.4360e-02,-0.0334375,-0.00207469,4.89209
6.4370e-02,-0.0320312,-0.000573125,4.87271
6.4380e-02,-0.040625,0.00203344,4.88365
6.4390e-02,-0.0453125,0.00579219,4.9074
6.4400e-02,-0.0459375,0.00586156,4.92052
6.4410e-02,-0.0303125,0.00416031,4.91709
6.4420e-02,-0.033125,-5.625e-06,4.86053
6.4430e-02,-0.0273438,-0.00326094,4.87271
6.4440e-02,-0.0432813,-0.00413219,4.90053
6.4450e-02,-0.0310937,-0.00186219,4.90459
6.4460e-02,-0.0301563,0.00335594,4.89927
6.4470e-02,-0.0348437,0.00728969,4.90834
6.4480e-02,-0.0435938,0.00873031,4.89302
6.4490e-02,-0.033125,0.00630188,4.89115
6.4500e-02,-0.0496875,0.00110906,4.87927
6.4510e-02,-0.0354688,-0.00449344,4.87771
6.4520e-02,-0.0325,-0.00604938,4.89677
6.4530e-02,-0.04375,-0.00286344,4.90709
6.4540e-02,-0.0473438,0.00280531,4.91365
6.4550e-02,-0.0379688,0.00714375,4.92834
6.4560e-02,-0.0345312,0.00811937,4.89428
6.4570e-02,-0.035625,0.00606031,4.89959
6.4580e-02,-0.0315625,0.00133875,4.87396
6.4590e-02,-0.0340625,-0.00220781,4.88146
6.4600e-02,-0.0278125,-0.00378156,4.88396
6.4610e-02,-0.0310937,-0.0015975,4.91396
6.4620e-02,-0.0264062,0.00163938,4.88646
6.4630e-02,-0.03625,0.00532,4.89084
6.4640e-02,-0.0351562,0.00441938,4.90803
6.4650e-02,-0.0332812,0.00289625,4.89302
6.4660e-02,-0.0342187,0.000696563,4.88584
6.4670e-02,-0.0417187,-0.00095375,4.87209
6.4680e-02,-0.0357813,-0.000358125,4.89803
6.4690e-02,-0.0429688,0.0018625,4.91427
6.4700e-02,-0.0370313,0.00374781,4.90834
6.4710e-02,-0.0357813,0.00330656,4.88302
6.4720e-02,-0.0407813,0.00234219,4.90834
6.4730e-02,-0.0289063,0.000897813,4.89428
6.4740e-02,-0.0514063,-0.000350625,4.88615
6.4750e-02,-0.0351562,-0.00114906,4.88678
6.4760e-02,-0.0482812,0.000548438,4.88053
6.4770e-02,-0.0296875,0.00189781,4.92553
6.4780e-02,-0.0353125,0.00235313,4.9024
6.4790e-02,-0.0384375,0.00295063,4.87896
6.4800e-02,-0.039375,0.00217594,4.8874
6.4810e-02,-0.049375,0.00175719,4.86427
6.4820e-02,-0.0190625,0.00027875,4.89115
6.4830e-02,-0.0310937,0.000784063,4.9049
6.4840e-02,-0.024375,0.000906875,4.88209
6.4850e-02,-0.044375,0.0019625,4.91834
6.4860e-02,-0.03875,0.00258875,4.90928
6.4870e-02,-0.0310937,0.00331969,4.90553
6.4880e-02,-0.0429688,0.00240563,4.88959
6.4890e-02,-0.0510938,0.00151969,4.89365
6.4900e-02,-0.0398437,0.00051625,4.87521
6.4910e-02,-0.0421875,0.000286563,4.91365
6.4920e-02,-0.0339062,0.00110813,4.90459
6.4930e-02,-0.036875,0.00177906,4.90865
6.4940e-02,-0.0434375,0.00220875,4.88709
6.4950e-02,-0.0378125,0.00261531,4.88959
6.4960e-02,-0.0367188,0.00224625,4.87834
6.4970e-02,-0.0442188,0.00129156,4.88428
6.4980e-02,-0.0426562,0.000497812,4.8799
6.4990e-02,-0.0329688,0.00033375,4.89146
6.5000e-02,-0.0359375,0.000799688,4.90615
6.5010e-02,-0.030625,0.00188031,4.90709
6.5020e-02,-0.0315625,0.00299156,4.89115
6.5030e-02,-0.0325,0.00256813,4.88302
6.5040e-02,-0.0370313,0.00219469,4.87678
6.5050e-02,-0.0290625,0.00103656,4.89834
6.5060e-02,-0.0264062,0.00046625,4.89552
6.5070e-02,-0.0425,0.0011025,4.94646
6.5080e-02,-0.040625,0.00092375,4.89334
6.5090e-02,-0.0340625,0.00138844,4.88396
6.5100e-02,-0.0451563,0.00214938,4.86552
6.5110e-02,-0.021875,0.00155531,4.86146
6.5120e-02,-0.0423437,0.001405,4.90021
6.5130e-02,-0.0328125,0.00138563,4.88459
6.5140e-02,-0.0339062,0.00113438,4.89271
6.5150e-02,-0.0345312,0.000578125,4.91365
6.5160e-02,-0.0426562,0.00112094,4.91677
6.5170e-02,-0.0298438,0.00210469,4.8999
6.5180e-02,-0.0389063,0.00292313,4.88803
6.5190e-02,-0.0253125,0.0017625,4.89021
6.5200e-02,-0.0339062,0.00167719,4.90146
6.5210e-02,-0.0332812,0.0010425,4.90521
6.5220e-02,-0.040625,0.000564375,4.89646
6.5230e-02,-0.0395313,0.000900313,4.8949
6.5240e-02,-0.0429688,0.00185031,4.90803
6.5250e-02,-0.0409375,0.00233438,4.87303
6.5260e-02,-0.0342187,0.00301844,4.85771
6.5270e-02,-0.0429688,0.0024275,4.87771
6.5280e-02,-0.0409375,0.00207906,4.91178
6.5290e-02,-0.04125,0.00113094,4.92209
6.5300e-02,-0.0385937,0.000809375,4.91365
6.5310e-02,-0.043125,0.00162281,4.92115
6.5320e-02,-0.0404687,0.00133656,4.88177
6.5330e-02,-0.0392187,0.00151406,4.8849
6.5340e-02,-0.0403125,0.00232219,4.87459
6.5350e-02,-0.0403125,0.00143938,4.8799
6.5360e-02,-0.0373438,0.001535,4.91209
6.5370e-02,-0.0342187,0.000739063,4.9124
6.5380e-02,-0.0392187,0.00127531,4.89053
6.5390e-02,-0.0226562,0.00103375,4.88209
6.5400e-02,-0.0320312,0.00157,4.87459
6.5410e-02,-0.0367188,0.00207094,4.88271
6.5420e-02,-0.0426562,0.00208625,4.88646
6.5430e-02,-0.0395313,0.00152719,4.89209
6.5440e-02,-0.0385937,0.00123813,4.8949
6.5450e-02,-0.0453125,0.00121719,4.91865
6.5460e-02,-0.03625,0.00107781,4.8999
6.5470e-02,-0.0339062,0.00235313,4.87021
6.5480e-02,-0.0359375,0.00155469,4.8824
6.5490e-02,-0.0479688,0.00273656,4.86802
6.5500e-02,-0.03875,0.00224281,4.90553
6.5510e-02,-0.0396875,0.00131813,4.90084
6.5520e-02,-0.031875,0.00055125,4.93678
6.5530e-02,-0.0429688,0.000869063,4.90834
6.5540e-02,-0.0573437,0.000194063,4.91084
6.5550e-02,-0.0429688,0.00177563,4.90178
6.5560e-02,-0.03625,0.00170219,4.86896
6.5570e-02,-0.0357813,0.00259063,4.87521
6.5580e-02,-0.0403125,0.00253844,4.92146
6.5590e-02,-0.0325,0.00205063,4.92334
6.5600e-02,-0.0453125,0.0010275,4.9174
6.5610e-02,-0.0282813,0.00164969,4.93553
6.5620e-02,-0.0375,0.00154406,4.9024
6.5630e-02,-0.0264062,0.00144625,4.85084
6.5640e-02,-0.0453125,0.00182313,4.87927
6.5650e-02,-0.0414063,0.00261469,4.91771
6.5660e-02,-0.03875,0.00176156,4.88177
6.5670e-02,-0.045,0.00197094,4.88646
6.5680e-02,-0.0417187,0.00188094,4.90428
6.5690e-02,-0.0317188,0.00116813,4.90896
6.5700e-02,-0.0365625,0.001415,4.91709
6.5710e-02,-0.040625,0.00158563,4.87396
6.5720e-02,-0.0365625,0.00190313,4.87053
6.5730e-02,-0.0478125,0.00151125,4.91803
6.5740e-02,-0.0348437,0.00123219,4.9274
6.5750e-02,-0.0473438,0.00110375,4.91115
6.5760e-02,-0.03875,0.00182844,4.90803
6.5770e-02,-0.0503125,0.00110656,4.8774
6.5780e-02,-0.0421875,0.000687188,4.89084
6.5790e-02,-0.0410937,0.00145938,4.90178
6.5800e-02,-0.0389063,0.00202938,4.87927
6.5810e-02,-0.033125,0.00241188,4.91209
6.5820e-02,-0.0457813,0.00222125,4.90615
6.5830e-02,-0.0382813,0.00152219,4.90146
6.5840e-02,-0.0398437,0.000840313,4.89927
6.5850e-02,-0.0425,0.000550313,4.90615
6.5860e-02,-0.045,0.00126156,4.89053
6.5870e-02,-0.04125,0.00143531,4.88552
6.5880e-02,-0.0548437,0.0018975,4.89396
6.5890e-02,-0.0382813,0.00166719,4.89365
6.5900e-02,-0.0371875,0.00182938,4.92459
6.5910e-02,-0.04625,0.001795,4.92802
6.5920e-02,-0.043125,0.00171438,4.89615
6.5930e-02,-0.0384375,0.000893125,4.86021
6.5940e-02,-0.0323438,0.00165719,4.87865
6.5950e-02,-0.0403125,0.00218844,4.88584
6.5960e-02,-0.0454688,0.0018275,4.91553
6.5970e-02,-0.0401563,0.0018,4.90896
6.5980e-02,-0.0407813,0.00179219,4.89709
6.5990e-02,-0.0385937,0.00139219,4.90459
6.6000e-02,-0.0464062,0.000974688,4.85459
6.6010e-02,-0.0309375,0.000755625,4.90053
6.6020e-02,-0.0376563,0.000935,4.89584
6.6030e-02,-0.0335937,0.00182938,4.90084
6.6040e-02,-0.0289063,0.001855,4.90459
6.6050e-02,-0.0428125,0.00120688,4.90271
6.6060e-02,-0.0425,0.00181813,4.91271
6.6070e-02,-0.044375,0.00115156,4.89677
6.6080e-02,-0.041875,0.00146406,4.87396
6.6090e-02,-0.0498438,0.00097375,4.8749
6.6100e-02,-0.0353125,0.00139406,4.89771
6.6110e-02,-0.0485938,0.00141469,4.90803
6.6120e-02,-0.0351562,0.00198656,4.92209
6.6130e-02,-0.0332812,0.00177031,4.91084
6.6140e-02,-0.0389063,0.00180031,4.89677
6.6150e-02,-0.044375,0.00102063,4.89334
6.6160e-02,-0.0323438,0.00116781,4.87803
6.6170e-02,-0.0432813,0.000689688,4.87709
6.6180e-02,-0.0440625,-2.96875e-05,4.88053
6.6190e-02,-0.0396875,0.00147406,4.92553
6.6200e-02,-0.0470312,0.00160344,4.91959
6.6210e-02,-0.05125,0.00195906,4.90053
6.6220e-02,-0.0459375,0.00231656,4.88615
6.6230e-02,-0.0359375,0.00089125,4.88053
6.6240e-02,-0.034375,0.00171563,4.87334
6.6250e-02,-0.0407813,0.00119344,4.87021
6.6260e-02,-0.028125,0.00147375,4.89459
6.6270e-02,-0.0404687,0.00249188,4.9299
6.6280e-02,-0.0467188,0.00197063,4.9274
6.6290e-02,-0.0498438,0.00209094,4.91459
6.6300e-02,-0.0351562,0.00144656,4.86053
6.6310e-02,-0.0382813,0.00140406,4.8724
6.6320e-02,-0.0529687,0.00119469,4.88302
6.6330e-02,-0.0471875,0.00082875,4.88021
6.6340e-02,-0.0359375,0.00108188,4.90553
6.6350e-02,-0.0223437,0.00226063,4.88927
6.6360e-02,-0.039375,0.00241281,4.91052
6.6370e-02,-0.0275,0.00138844,4.88834
6.6380e-02,-0.045625,0.00119875,4.84865
6.6390e-02,-0.0248438,0.000524063,4.90396
6.6400e-02,-0.0325,0.00175875,4.8724
6.6410e-02,-0.051875,0.00173625,4.91396
6.6420e-02,-0.0340625,0.0018325,4.91052
6.6430e-02,-0.0296875,0.0016425,4.89396
6.6440e-02,-0.035625,0.00189656,4.90209
6.6450e-02,-0.0334375,0.00209844,4.89271
6.6460e-02,-0.049375,0.00087125,4.87459
6.6470e-02,-0.0385937,0.00174063,4.89084
6.6480e-02,-0.0353125,0.00181438,4.86959
6.6490e-02,-0.0342187,0.00174156,4.90677
6.6500e-02,-0.0389063,0.00154094,4.91084
6.6510e-02,-0.0426562,0.00118687,4.9424
6.6520e-02,-0.0501562,0.00208313,4.91146
6.6530e-02,-0.0379688,0.00220688,4.87959
6.6540e-02,-0.0471875,0.00156156,4.87428
6.6550e-02,-0.0471875,0.000899688,4.88615
6.6560e-02,-0.0492188,0.00134281,4.89021
6.6570e-02,-0.04125,0.00170656,4.90084
6.6580e-02,-0.043125,0.00248125,4.93115
6.6590e-02,-0.0453125,0.00195688,4.90834
6.6600e-02,-0.0398437,0.00245813,4.90334
6.6610e-02,-0.0475,0.0018975,4.88678
6.6620e-02,-0.0501562,0.00131094,4.91052
6.6630e-02,-0.0370313,0.00101531,4.88334
6.6640e-02,-0.0446875,0.00159156,4.89459
6.6650e-02,-0.0392187,0.00207125,4.91271
6.6660e-02,-0.0365625,0.00272406,4.9349
6.6670e-02,-0.0465625,0.00213813,4.90334
6.6680e-02,-0.039375,0.00118281,4.89334
6.6690e-02,-0.045,0.00124438,4.8949
6.6700e-02,-0.0392187,0.000920938,4.88365
6.6710e-02,-0.039375,0.00152063,4.91803
6.6720e-02,-0.0376563,0.00130906,4.91459
6.6730e-02,-0.0403125,0.00140281,4.91521
6.6740e-02,-0.0409375,0.00129625,4.88771
6.6750e-02,-0.0478125,0.000698438,4.90896
6.6760e-02,-0.0307813,0.00253188,4.89959
6.6770e-02,-0.0378125,0.001695,4.89178
6.6780e-02,-0.0589063,0.00202625,4.84021
6.6790e-02,-0.0317188,0.00244688,4.89927
6.6800e-02,-0.0385937,0.00158531,4.88177
6.6810e-02,-0.0435938,0.00159688,4.91178
6.6820e-02,-0.0520313,0.001795,4.91334
6.6830e-02,-0.0401563,0.00185438,4.86678
6.6840e-02,-0.0396875,0.00183156,4.87927
6.6850e-02,-0.0554687,0.00153906,4.87615
6.6860e-02,-0.0309375,0.00186781,4.90584
6.6870e-02,-0.0507812,0.00165719,4.89677
6.6880e-02,-0.0485938,0.001005,4.91677
6.6890e-02,-0.0460938,0.00167094,4.9149
6.6900e-02,-0.0351562,0.00185906,4.8899
6.6910e-02,-0.0476562,0.00175531,4.87459
6.6920e-02,-0.04625,0.00160969,4.86771
6.6930e-02,-0.0434375,0.00198188,4.88021
6.6940e-02,-0.0415625,0.00155281,4.90209
6.6950e-02,-0.0354688,0.00215469,4.89896
6.6960e-02,-0.0414063,0.00188375,4.91803
6.6970e-02,-0.0528125,0.00255438,4.91115
6.6980e-02,-0.0554687,0.00217625,4.91271
6.6990e-02,-0.0390625,0.00150406,4.8899
6.7000e-02,-0.0409375,0.00138875,4.85959
6.7010e-02,-0.0314062,0.00187813,4.90271
6.7020e-02,-0.0385937,0.00104344,4.93115
6.7030e-02,-0.0498438,0.00101813,4.88927
6.7040e-02,-0.0479688,0.00166938,4.90521
6.7050e-02,-0.0403125,0.00133563,4.90053
6.7060e-02,-0.0375,0.00270031,4.86209
6.7070e-02,-0.0460938,0.00211813,4.85834
6.7080e-02,-0.0425,0.00183594,4.8874
6.7090e-02,-0.0376563,0.000829063,4.92271
6.7100e-02,-0.0384375,0.00100594,4.87865
6.7110e-02,-0.0370313,0.000743125,4.91427
6.7120e-02,-0.0485938,0.00129531,4.90459
6.7130e-02,-0.0532813,0.00180344,4.87271
6.7140e-02,-0.039375,0.00207188,4.87177
6.7150e-02,-0.036875,0.00165938,4.86021
6.7160e-02,-0.0460938,0.0019475,4.89646
6.7170e-02,-0.0459375,0.00167469,4.88146
6.7180e-02,-0.044375,0.000967813,4.8974
6.7190e-02,-0.051875,0.00159781,4.87803
6.7200e-02,-0.0439063,0.0009925,4.90053
6.7210e-02,-0.0414063,0.00211563,4.90771
6.7220e-02,-0.029375,0.00163281,4.87053
6.7230e-02,-0.0439063,0.00150906,4.89302
6.7240e-02,-0.0434375,0.00185156,4.90615
6.7250e-02,-0.0465625,0.0016525,4.8999
6.7260e-02,-0.0484375,0.0013225,4.90084
6.7270e-02,-0.035625,0.00154938,4.90209
6.7280e-02,-0.0451563,0.00199781,4.87678
6.7290e-02,-0.0510938,0.00179469,4.89271
6.7300e-02,-0.0465625,0.00243156,4.89053
6.7310e-02,-0.0475,0.0016825,4.9049
6.7320e-02,-0.04375,0.0010075,4.90021
6.7330e-02,-0.0484375,0.00118781,4.92303
6.7340e-02,-0.0396875,0.00130344,4.9174
6.7350e-02,-0.0453125,0.00238875,4.90959
6.7360e-02,-0.0279688,0.00217219,4.89803
6.7370e-02,-0.0453125,0.00224219,4.9174
6.7380e-02,-0.0445313,0.00127375,4.8974
6.7390e-02,-0.0376563,0.000987812,4.88365
6.7400e-02,-0.0501562,0.00221844,4.90615
6.7410e-02,-0.0434375,0.000917813,4.91553
6.7420e-02,-0.0525,0.000941875,4.90709
6.7430e-02,-0.044375,0.00181656,4.90834
6.7440e-02,-0.0471875,0.00201469,4.8849
6.7450e-02,-0.054375,0.00210375,4.88428
6.7460e-02,-0.0459375,0.00256281,4.90428
6.7470e-02,-0.04125,0.00172844,4.93615
6.7480e-02,-0.0439063,0.00152844,4.90521
6.7490e-02,-0.048125,0.00136781,4.88959
6.7500e-02,-0.0464062,0.00164,4.91959
6.7510e-02,-0.0264062,0.00131719,4.87459
6.7520e-02,-0.0392187,0.00170813,4.88678
6.7530e-02,-0.039375,0.00141281,4.88865
6.7540e-02,-0.0370313,0.0020875,4.88865
6.7550e-02,-0.0504687,0.00141375,4.89552
6.7560e-02,-0.0479688,0.00088375,4.90803
6.7570e-02,-0.0484375,0.000726875,4.90302
6.7580e-02,-0.0409375,0.00098125,4.87678
6.7590e-02,-0.0551563,0.00146906,4.92052
6.7600e-02,-0.053125,0.00182844,4.89959
6.7610e-02,-0.0382813,0.00158031,4.89646
6.7620e-02,-0.0359375,0.00200469,4.89552
6.7630e-02,-0.0470312,0.00202969,4.8774
6.7640e-02,-0.04875,0.000618438,4.87803
6.7650e-02,-0.0379688,0.001585,4.89834
6.7660e-02,-0.0440625,0.001635,4.92052
6.7670e-02,-0.0384375,0.00161094,4.89615
6.7680e-02,-0.0507812,0.00144094,4.91928
6.7690e-02,-0.0367188,0.00197594,4.89896
6.7700e-02,-0.0423437,0.00143594,4.90178
6.7710e-02,-0.0421875,0.00154406,4.8899
6.7720e-02,-0.0335937,0.000810938,4.91271
6.7730e-02,-0.0526563,0.00109094,4.9174
6.7740e-02,-0.0467188,0.00133,4.87678
6.7750e-02,-0.0521875,0.00172688,4.86396
6.7760e-02,-0.0396875,0.00137063,4.87584
6.7770e-02,-0.0445313,0.0016025,4.91365
6.7780e-02,-0.0495312,0.00172781,4.8749
6.7790e-02,-0.0404687,0.00123656,4.9224
6.7800e-02,-0.0464062,0.00101219,4.91084
6.7810e-02,-0.0375,0.00140188,4.93084
6.7820e-02,-0.0414063,0.00181313,4.88302
6.7830e-02,-0.0482812,0.00236938,4.87303
6.7840e-02,-0.04875,0.00217438,4.89646
6.7850e-02,-0.0404687,0.00180438,4.89709
6.7860e-02,-0.0464062,0.001875,4.91084
6.7870e-02,-0.0373438,0.00187063,4.90521
6.7880e-02,-0.0417187,0.00138094,4.8949
6.7890e-02,-0.0385937,0.00125406,4.8799
6.7900e-02,-0.0440625,0.00152906,4.88428
6.7910e-02,-0.0539063,0.00162188,4.89459
6.7920e-02,-0.0498438,0.00244281,4.88428
6.7930e-02,-0.0410937,0.00216313,4.90209
6.7940e-02,-0.0451563,0.00199906,4.90115
6.7950e-02,-0.0414063,0.0015575,4.90646
6.7960e-02,-0.055,0.000196563,4.88365
6.7970e-02,-0.048125,0.00125781,4.85834
6.7980e-02,-0.0514063,0.0012275,4.87334
6.7990e-02,-0.0407813,0.00181813,4.91084
6.8000e-02,-0.0448438,0.00216281,4.90396
6.8010e-02,-0.0373438,0.00153375,4.92928
6.8020e-02,-0.0251563,0.00158,4.91646
6.8030e-02,-0.0489062,0.00106656,4.91084
6.8040e-02,-0.0426562,0.000895313,4.89084
6.8050e-02,-0.0426562,0.00163281,4.87615
6.8060e-02,-0.0467188,0.00160313,4.85459
6.8070e-02,-0.0376563,0.00242281,4.88834
6.8080e-02,-0.045625,0.00276188,4.90834
6.8090e-02,-0.0284375,0.00260063,4.91615
6.8100e-02,-0.0464062,0.00109469,4.92553
6.8110e-02,-0.058125,0.000340625,4.90428
6.8120e-02,-0.0389063,-4.3125e-05,4.88334
6.8130e-02,-0.0420312,0.00100719,4.88459
6.8140e-02,-0.043125,0.00157063,4.90178
6.8150e-02,-0.0373438,0.00251563,4.88584
6.8160e-02,-0.0548437,0.00172219,4.88646
6.8170e-02,-0.0495312,0.00226656,4.8974
6.8180e-02,-0.0490625,0.00140875,4.89865
6.8190e-02,-0.0417187,0.00128813,4.89709
6.8200e-02,-0.0453125,0.00090125,4.88146
6.8210e-02,-0.0504687,0.00151125,4.87053
6.8220e-02,-0.0417187,0.00195312,4.89396
6.8230e-02,-0.0328125,0.00180906,4.89521
6.8240e-02,-0.043125,0.00201875,4.92146
6.8250e-02,-0.0520313,0.00222188,4.90803
6.8260e-02,-0.0465625,0.00145031,4.89459
6.8270e-02,-0.0467188,8.4375e-06,4.91615
6.8280e-02,-0.0503125,0.000925625,4.8974
6.8290e-02,-0.0373438,0.00154563,4.88271
6.8300e-02,-0.0440625,0.00206969,4.90115
6.8310e-02,-0.0378125,0.00234063,4.90084
6.8320e-02,-0.0359375,0.00315531,4.91521
6.8330e-02,-0.0564063,0.00151969,4.91615
6.8340e-02,-0.0482812,0.000480313,4.89146
6.8350e-02,-0.039375,-0.00010375,4.86865
6.8360e-02,-0.0404687,0.00055875,4.88053
6.8370e-02,-0.0421875,0.00192406,4.90428
6.8380e-02,-0.039375,0.0041,4.91302
6.8390e-02,-0.0446875,0.00433531,4.90677
6.8400e-02,-0.0439063,0.00283031,4.92584
6.8410e-02,-0.0440625,0.00208563,4.9074
6.8420e-02,-0.0473438,0.00163344,4.87771
6.8430e-02,-0.0379688,0.00162719,4.88021
6.8440e-02,-0.0435938,0.00146,4.87021
6.8450e-02,-0.0382813,0.00149688,4.87678
6.8460e-02,-0.0479688,0.00169375,4.8824
6.8470e-02,-0.03375,0.00163406,4.90959
6.8480e-02,-0.0534375,0.00167281,4.88834
6.8490e-02,-1.03969,0.000663125,4.92052
6.8500e-02,-1.89906,-0.00188594,4.87021
6.8510e-02,-2.43797,-0.00284375,4.86115
6.8520e-02,-1.94531,-0.00384594,4.8849
6.8530e-02,-1.49156,-0.00411344,4.91084
6.8540e-02,0.0976562,-0.00406563,4.92896
6.8550e-02,0.0998437,-0.00396219,4.96396
6.8560e-02,0.0770312,-0.00407094,4.94552
6.8570e-02,0.0742188,-0.00415406,4.90209
6.8580e-02,0.0660937,-0.00398063,4.88209
6.8590e-02,0.07,-0.00379094,4.88927
6.8600e-02,0.056875,-0.00400125,4.87803
6.8610e-02,0.0454688,-0.003845,4.92146
6.8620e-02,0.0546875,-0.00391469,4.94053
6.8630e-02,0.0371875,-0.00380469,4.91865
6.8640e-02,0.035,-0.00390813,4.91052
6.8650e-02,0.0295312,-0.00388188,4.8899
6.8660e-02,0.0335938,-0.00408094,4.89053
6.8670e-02,0.028125,-0.00371656,4.90709
6.8680e-02,0.0282812,-0.00406156,4.90865
6.8690e-02,0.0204687,-0.00394344,4.91803
6.8700e-02,0.0339062,-0.00401406,4.92396
6.8710e-02,0.0128125,-0.00385031,4.93553
6.8720e-02,0.0239063,-0.00392188,4.8999
6.8730e-02,0.0340625,-0.00396281,4.88646
6.8740e-02,0.0326562,-0.00342969,4.91115
6.8750e-02,0.00484375,-0.00202344,4.90521
6.8760e-02,0.0221875,-0.0012975,4.91084
6.8770e-02,0.0171875,-0.000162813,4.93553
6.8780e-02,0.00265625,0.0020075,4.90646
6.8790e-02,0.0207812,0.00237844,4.91834
6.8800e-02,0.0279688,0.00176375,4.87209
6.8810e-02,0.0170313,0.00207219,4.89428
6.8820e-02,0.0151562,0.00147313,4.8749
6.8830e-02,0.01875,0.000904688,4.89084
6.8840e-02,0.00765625,0.000670938,4.87803
6.8850e-02,0.01125,0.000397188,4.91271
6.8860e-02,0.0292187,0.00129625,4.8949
6.8870e-02,0.0059375,0.00166688,4.87771
6.8880e-02,0.00640625,0.00224156,4.89615
6.8890e-02,0.0075,0.00127781,4.89053
6.8900e-02,0.0090625,0.00168281,4.85521
6.8910e-02,0.00984375,0.00062,4.91677
6.8920e-02,0.00453125,0.000658438,4.8974
6.8930e-02,0.00625,0.00134938,4.93678
6.8940e-02,-0.004375,0.00179469,4.90553
6.8950e-02,0.0101562,0.0021075,4.87365
6.8960e-02,0.0142187,0.00356875,4.8549
6.8970e-02,0.0182813,0.00178188,4.8749
6.8980e-02,0.015,0.00125656,4.90365
6.8990e-02,-0.00484375,0.000103438,4.93365
6.9000e-02,-0.00859375,0.00112312,4.9099
6.9010e-02,0.00359375,0.000743438,4.91396
6.9020e-02,0.0078125,0.00161719,4.89584
6.9030e-02,0.0003125,0.00208906,4.85365
6.9040e-02,-0.00828125,0.00231063,4.89428
6.9050e-02,0.00203125,0.00192938,4.89271
6.9060e-02,-0.001875,0.00121438,4.90803
6.9070e-02,-0.000625,0.000594063,4.90677
6.9080e-02,0.0078125,0.00133688,4.88459
6.9090e-02,-0.003125,0.00108688,4.90459
6.9100e-02,-0.00328125,0.00153531,4.88615
6.9110e-02,-0.0123438,0.00181313,4.85396
6.9120e-02,-0.010625,0.00179125,4.8974
6.9130e-02,0.0028125,0.00199063,4.89834
6.9140e-02,-0.0146875,0.00116594,4.90115
6.9150e-02,-0.00046875,0.0006825,4.90865
6.9160e-02,-0.00140625,0.000615625,4.91709
6.9170e-02,0.0071875,0.000979375,4.89021
6.9180e-02,-0.0103125,0.00224094,4.85865
6.9190e-02,-0.0179687,0.00225281,4.8674
6.9200e-02,0.00203125,0.00245563,4.91396
6.9210e-02,-0.00640625,0.00149531,4.90646
6.9220e-02,-0.0053125,0.00176156,4.91365
6.9230e-02,-0.01125,0.00140531,4.92646
6.9240e-02,-0.0223437,0.00124344,4.88959
6.9250e-02,-0.0114062,0.00148438,4.89646
6.9260e-02,-0.016875,0.00158563,4.8649
6.9270e-02,-0.00828125,0.00255938,4.89271
6.9280e-02,-0.00421875,0.00191531,4.90459
6.9290e-02,-0.00453125,0.0010925,4.9174
6.9300e-02,-0.0204688,0.000731875,4.90302
6.9310e-02,-0.0117188,0.00087375,4.88834
6.9320e-02,-0.00765625,0.000766875,4.91928
6.9330e-02,-0.011875,0.00170313,4.8799
6.9340e-02,-0.0121875,0.00231938,4.89521
6.9350e-02,-0.0103125,0.00226156,4.87396
6.9360e-02,-0.016875,0.00245625,4.8824
6.9370e-02,-0.01125,0.00159281,4.9124
6.9380e-02,-0.0195312,0.00133281,4.90115
6.9390e-02,-0.0126563,0.00119375,4.88959
6.9400e-02,-0.00921875,0.00108469,4.89302
6.9410e-02,-0.01125,0.00178906,4.88521
6.9420e-02,-0.0101563,0.00224688,4.88271
6.9430e-02,-0.0135937,0.00128719,4.91178
6.9440e-02,-0.0132813,0.00189281,4.90021
6.9450e-02,-0.0198438,0.0014975,4.90084
6.9460e-02,-0.01625,0.000877188,4.91709
6.9470e-02,-0.005625,0.00136469,4.87459
6.9480e-02,-0.0151562,0.00126281,4.88271
6.9490e-02,-0.0154687,0.00164,4.88865
6.9500e-02,-0.0078125,0.00178844,4.87365
6.9510e-02,-0.0167188,0.0021275,4.88552
6.9520e-02,-0.0126563,0.00144813,4.9324
6.9530e-02,-0.0107813,0.00163938,4.91677
6.9540e-02,-0.02125,0.00172188,4.90178
6.9550e-02,-0.00515625,0.0014275,4.9024
6.9560e-02,-0.0160938,0.00102563,4.88302
6.9570e-02,-0.0125,0.00140094,4.88584
6.9580e-02,-0.00890625,0.002015,4.87959
6.9590e-02,-0.0145312,0.0028725,4.91553
6.9600e-02,-0.0251563,0.00275281,4.91865
6.9610e-02,-0.0220313,0.00190219,4.91365
6.9620e-02,-0.0142188,0.00156188,4.89459
6.9630e-02,-0.011875,0.000327813,4.90928
6.9640e-02,-0.0264062,0.00151438,4.87146
6.9650e-02,-0.0267187,0.00234594,4.89053
6.9660e-02,-0.0175,0.00193406,4.88209
6.9670e-02,-0.0242188,0.00187313,4.9149
6.9680e-02,-0.0160938,0.00128563,4.89959
6.9690e-02,-0.0167188,0.000573125,4.92052
6.9700e-02,-0.0139063,0.00108781,4.88053
6.9710e-02,-0.019375,0.00177906,4.87521
6.9720e-02,-0.0182812,0.00290656,4.88396
6.9730e-02,-0.0134375,0.0014325,4.87521
6.9740e-02,-0.020625,0.00220969,4.92052
6.9750e-02,-0.0189062,0.00196313,4.92709
6.9760e-02,-0.0210938,0.00135156,4.89927
6.9770e-02,-0.0239063,0.00127031,4.88959
6.9780e-02,-0.0145312,0.00112125,4.89302
6.9790e-02,-0.0192187,0.00157094,4.88552
6.9800e-02,-0.0276563,0.00169719,4.88115
6.9810e-02,-0.0223437,0.000765,4.90584
6.9820e-02,-0.01625,0.00253219,4.90803
6.9830e-02,-0.0154687,0.001855,4.91928
6.9840e-02,-0.0178125,0.00207031,4.91271
6.9850e-02,-0.00875,0.00199656,4.88865
6.9860e-02,-0.0128125,0.00163375,4.89865
6.9870e-02,-0.0175,0.00155,4.86584
6.9880e-02,-0.0209375,0.000969688,4.87927
6.9890e-02,-0.02125,0.00199125,4.88834
6.9900e-02,-0.02125,0.00261469,4.91771
6.9910e-02,-0.0160938,0.00206875,4.90896
6.9920e-02,-0.0221875,0.00151813,4.89396
6.9930e-02,-0.0148437,0.0004575,4.87803
6.9940e-02,-0.0171875,0.00107188,4.87834
6.9950e-02,-0.0214063,0.00176969,4.8849
6.9960e-02,-0.0148437,0.00220813,4.89615
6.9970e-02,-0.0254688,0.00236844,4.91084
6.9980e-02,-0.0321875,0.00171156,4.8974
6.9990e-02,-0.02,0.00170781,4.93521
7.0000e-02,-0.0195312,0.00134344,4.88709
7.0010e-02,-0.0264062,0.00100719,4.87709
7.0020e-02,-0.0165625,0.00159281,4.8899
7.0030e-02,-0.0128125,0.00213063,4.87646
7.0040e-02,-0.0185937,0.00218469,4.87428
7.0050e-02,-0.0232812,0.00194406,4.89803
7.0060e-02,-0.0154687,0.00203813,4.90709
7.0070e-02,-0.029375,0.00130156,4.89552
7.0080e-02,-0.0310937,0.00129938,4.87927
7.0090e-02,-0.015,0.00122063,4.87365
7.0100e-02,-0.018125,0.00159469,4.86896
7.0110e-02,-0.0251563,0.00109375,4.89459
7.0120e-02,-0.0165625,0.0026875,4.90334
7.0130e-02,-0.0240625,0.00150906,4.92021
7.0140e-02,-0.0285938,0.00174281,4.92146
7.0150e-02,-0.0242188,0.00133938,4.87834
7.0160e-02,-0.023125,0.000863125,4.87927
7.0170e-02,-0.0334375,0.000945625,4.88209
7.0180e-02,-0.0223437,0.00121156,4.89396
7.0190e-02,-0.0184375,0.00157438,4.91365
7.0200e-02,-0.0284375,0.00204469,4.92865
7.0210e-02,-0.023125,0.00192469,4.89927
7.0220e-02,-0.0242188,0.00213156,4.8874
7.0230e-02,-0.03375,0.00160563,4.90178
7.0240e-02,-0.0270312,0.00171094,4.86834
7.0250e-02,-0.0276563,0.00138875,4.88834
7.0260e-02,-0.0278125,0.00115656,4.89428
7.0270e-02,-0.0229687,0.00140469,4.91553
7.0280e-02,-0.0209375,0.0022,4.90271
7.0290e-02,-0.028125,0.00215688,4.92021
7.0300e-02,-0.0220313,0.00107906,4.90021
7.0310e-02,-0.0270312,0.00173625,4.90271
7.0320e-02,-0.0270312,0.00181156,4.89428
7.0330e-02,-0.0264062,0.00167188,4.89115
7.0340e-02,-0.03,0.00154406,4.91709
7.0350e-02,-0.0146875,0.00109938,4.91396
7.0360e-02,-0.0215625,0.00194688,4.91896
7.0370e-02,-0.0215625,0.00144938,4.91146
7.0380e-02,-0.0201563,0.00213219,4.89021
7.0390e-02,-0.0264062,0.00145813,4.86771
7.0400e-02,-0.0321875,0.00142656,4.8724
7.0410e-02,-0.0232812,0.00169406,4.8924
7.0420e-02,-0.0184375,0.0011625,4.89646
7.0430e-02,-0.016875,0.00144,4.92521
7.0440e-02,-0.0345312,0.00166281,4.91334
7.0450e-02,-0.0257812,0.00226375,4.90709
7.0460e-02,-0.0295313,0.00137188,4.89615
7.0470e-02,-0.0320312,0.00152063,4.85678
7.0480e-02,-0.0273438,0.00054375,4.88678
7.0490e-02,-0.0148437,0.00191156,4.93771
7.0500e-02,-0.0257812,0.00162438,4.91427
7.0510e-02,-0.0323438,0.00151781,4.91021
7.0520e-02,-0.0290625,0.00201656,4.90896
7.0530e-02,-0.0314062,0.00163469,4.87959
7.0540e-02,-0.0253125,0.00148719,4.88271
7.0550e-02,-0.0289063,0.00136,4.88302
7.0560e-02,-0.020625,0.00151469,4.88271
7.0570e-02,-0.03875,0.000647813,4.90115
7.0580e-02,-0.0282813,0.000277188,4.92052
7.0590e-02,-0.0282813,0.00125938,4.9199
7.0600e-02,-0.03375,0.00197594,4.90428
7.0610e-02,-0.0228125,0.00139469,4.91334
7.0620e-02,-0.0340625,0.00231844,4.86177
7.0630e-02,-0.0284375,0.00227844,4.87021
7.0640e-02,-0.0246875,0.00136781,4.87271
7.0650e-02,-0.0203125,0.00173719,4.90334
7.0660e-02,-0.0376563,0.00174281,4.91115
7.0670e-02,-0.0276563,0.00230156,4.91052
7.0680e-02,-0.0154687,0.00199625,4.9124
7.0690e-02,-0.02375,0.0021625,4.85115
7.0700e-02,-0.0301563,0.00197219,4.85553
7.0710e-02,-0.0296875,0.00144594,4.88927
7.0720e-02,-0.03,0.0009725,4.91709
7.0730e-02,-0.0298438,0.00154375,4.90771
7.0740e-02,-0.0376563,0.00159406,4.89865
7.0750e-02,-0.0271875,0.00156313,4.91178
7.0760e-02,-0.025,0.00128156,4.87053
7.0770e-02,-0.0246875,0.00117406,4.89521
7.0780e-02,-0.0378125,0.00097,4.86709
7.0790e-02,-0.0296875,0.00115438,4.90771
7.0800e-02,-0.0203125,0.000147188,4.89771
7.0810e-02,-0.0290625,0.0014425,4.89084
7.0820e-02,-0.0240625,0.00171188,4.87678
7.0830e-02,-0.0329688,0.00241438,4.90646
7.0840e-02,-0.0295313,0.00243625,4.88146
7.0850e-02,-0.0278125,0.00208219,4.8574
7.0860e-02,-0.0317188,0.00158563,4.9049
7.0870e-02,-0.0260937,0.00185313,4.89803
7.0880e-02,-0.0253125,0.00114844,4.91709
7.0890e-02,-0.02875,0.00165063,4.91115
7.0900e-02,-0.0473438,0.000967188,4.89584
7.0910e-02,-0.0365625,0.0026025,4.87865
7.0920e-02,-0.0226562,0.00185063,4.8699
7.0930e-02,-0.0323438,0.00163594,4.88552
7.0940e-02,-0.0429688,0.00199813,4.90615
7.0950e-02,-0.0223437,0.00170469,4.9224
7.0960e-02,-0.0251563,0.00121438,4.93021
7.0970e-02,-0.0335937,0.00166406,4.91052
7.0980e-02,-0.0289063,0.00107625,4.88584
7.0990e-02,-0.0271875,0.00248781,4.85834
7.1000e-02,-0.0375,0.00221906,4.86396
7.1010e-02,-0.0260937,0.00131844,4.88428
7.1020e-02,-0.0335937,0.00070875,4.87834
7.1030e-02,-0.0367188,0.00115344,4.89959
7.1040e-02,-0.0351562,0.00154375,4.9174
7.1050e-02,-0.0148437,0.000974063,4.89084
7.1060e-02,-0.0348437,0.00127156,4.87303
7.1070e-02,-0.040625,0.00148031,4.87365
7.1080e-02,-0.0239063,0.00107594,4.88896
7.1090e-02,-0.0309375,0.00119656,4.89771
7.1100e-02,-0.0276563,0.00093875,4.91615
7.1110e-02,-0.026875,0.00063375,4.91521
7.1120e-02,-0.0371875,0.00121094,4.92271
7.1130e-02,-0.030625,0.00181563,4.90178
7.1140e-02,-0.0296875,0.00234313,4.8924
7.1150e-02,-0.039375,0.00248625,4.88521
7.1160e-02,-0.0292188,0.0022975,4.88459
7.1170e-02,-0.0192187,0.00111313,4.89615
7.1180e-02,-0.0354688,0.00149063,4.91334
7.1190e-02,-0.0398437,0.000843438,4.90271
7.1200e-02,-0.0367188,0.00101031,4.89584
7.1210e-02,-0.0410937,0.001535,4.8874
7.1220e-02,-0.0292188,0.00245219,4.87584
7.1230e-02,-0.03625,0.00210875,4.88334
7.1240e-02,-0.0321875,0.00211688,4.90365
7.1250e-02,-0.0276563,0.00162,4.88959
7.1260e-02,-0.0279688,0.00122469,4.9149
7.1270e-02,-0.030625,0.00139938,4.88927
7.1280e-02,-0.031875,0.00153063,4.91146
7.1290e-02,-0.026875,0.00194531,4.90959
7.1300e-02,-0.0285938,0.00194313,4.88834
7.1310e-02,-0.039375,0.00201031,4.89334
7.1320e-02,-0.033125,0.0018425,4.8924
7.1330e-02,-0.034375,0.00164656,4.90209
7.1340e-02,-0.0378125,0.000975625,4.91896
7.1350e-02,-0.0348437,0.00157063,4.90677
7.1360e-02,-0.0239063,0.00171188,4.88334
7.1370e-02,-0.0421875,0.00109438,4.87053
7.1380e-02,-0.0257812,0.00231625,4.89146
7.1390e-02,-0.0257812,0.00232844,4.89209
7.1400e-02,-0.0342187,0.0014375,4.93459
7.1410e-02,-0.0379688,0.00130688,4.90896
7.1420e-02,-0.0220313,0.000985,4.93021
7.1430e-02,-0.0360938,0.000290625,4.89709
7.1440e-02,-0.0245313,0.00124469,4.8849
7.1450e-02,-0.034375,0.0017375,4.88803
7.1460e-02,-0.01875,0.00229406,4.86552
7.1470e-02,-0.0295313,0.00152594,4.89803
7.1480e-02,-0.0275,0.00200344,4.90959
7.1490e-02,-0.034375,0.00124688,4.9124
7.1500e-02,-0.031875,0.00164156,4.90709
7.1510e-02,-0.0348437,0.000776875,4.89146
7.1520e-02,-0.03375,0.000715313,4.90677
7.1530e-02,-0.0370313,0.00201375,4.87303
7.1540e-02,-0.0310937,0.00184,4.88209
7.1550e-02,-0.0332812,0.00147438,4.92303
7.1560e-02,-0.0321875,0.0021125,4.91427
7.1570e-02,-0.0285938,0.0012425,4.90677
7.1580e-02,-0.0320312,0.000897188,4.89646
7.1590e-02,-0.0282813,0.0005025,4.89584
7.1600e-02,-0.0445313,0.000837188,4.8849
7.1610e-02,-0.0132813,0.00175219,4.8849
7.1620e-02,-0.0315625,0.00255938,4.88896
7.1630e-02,-0.0364063,0.00229625,4.91334
7.1640e-02,-0.0329688,0.00139063,4.93084
7.1650e-02,-0.0329688,0.00149188,4.89521
7.1660e-02,-0.0259375,0.000805938,4.89428
7.1670e-02,-0.0332812,0.000786875,4.86459
7.1680e-02,-0.0354688,0.00154344,4.88709
7.1690e-02,-0.0409375,0.00221125,4.88896
7.1700e-02,-0.0378125,0.00233469,4.91677
7.1710e-02,-0.0328125,0.00186719,4.9199
7.1720e-02,-0.0448438,0.00174688,4.91052
7.1730e-02,-0.0370313,0.00139844,4.90053
7.1740e-02,-0.0160938,0.00076125,4.87803
7.1750e-02,-0.0303125,0.000894688,4.88302
7.1760e-02,-0.0226562,0.00126,4.8874
7.1770e-02,-0.04625,0.00135156,4.9024
7.1780e-02,-0.0340625,0.00241438,4.91615
7.1790e-02,-0.04,0.00213656,4.91803
7.1800e-02,-0.036875,0.002375,4.92396
7.1810e-02,-0.02625,0.00135188,4.88959
7.1820e-02,-0.0304688,0.0016475,4.87365
7.1830e-02,-0.0370313,0.00199594,4.87959
7.1840e-02,-0.0275,0.00223219,4.8949
7.1850e-02,-0.0315625,0.00181313,4.91427
7.1860e-02,-0.0378125,0.0024125,4.90146
7.1870e-02,-0.0315625,0.00268375,4.92459
7.1880e-02,-0.0346875,0.00178281,4.89271
7.1890e-02,-0.0357813,0.00148781,4.89803
7.1900e-02,-0.0260937,0.000380938,4.87115
7.1910e-02,-0.0321875,0.0014025,4.86334
7.1920e-02,-0.031875,0.00133375,4.88709
7.1930e-02,-0.0425,0.00216687,4.8949
7.1940e-02,-0.0357813,0.00250125,4.89428
7.1950e-02,-0.0410937,0.00193094,4.90896
7.1960e-02,-0.0440625,0.000752188,4.88271
7.1970e-02,-0.0360938,-0.000470625,4.89334
7.1980e-02,-0.0339062,0.0005625,4.86896
7.1990e-02,-0.035625,0.00113344,4.91052
7.2000e-02,-0.0285938,0.00221344,4.89646
7.2010e-02,-0.04375,0.00234875,4.91052
7.2020e-02,-0.03375,0.00242125,4.93396
7.2030e-02,-0.026875,0.000944375,4.9224
7.2040e-02,-0.0326562,0.000389063,4.88177
7.2050e-02,-0.0323438,0.0002025,4.86115
7.2060e-02,-0.034375,0.000616563,4.90709
7.2070e-02,-0.0214063,0.00153063,4.89896
7.2080e-02,-0.0289063,0.00246031,4.92334
7.2090e-02,-0.036875,0.00273063,4.9074
7.2100e-02,-0.0298438,0.002365,4.91021
7.2110e-02,-0.0307813,0.00173531,4.89271
7.2120e-02,-0.033125,0.000500312,4.88927
7.2130e-02,-0.02125,0.0005575,4.90334
7.2140e-02,-0.0370313,0.000800625,4.88053
7.2150e-02,-0.0264062,0.00164,4.90584
7.2160e-02,-0.0282813,0.00267563,4.8924
7.2170e-02,-0.0390625,0.00264594,4.9149
7.2180e-02,-0.0396875,0.00182125,4.90834
7.2190e-02,-0.0389063,0.00139969,4.89959
7.2200e-02,-0.0434375,0.000577188,4.88552
7.2210e-02,-0.03625,0.0006675,4.87146
7.2220e-02,-0.0301563,0.00070875,4.90428
7.2230e-02,-0.0435938,0.00187156,4.88521
7.2240e-02,-0.035625,0.0029775,4.92584
7.2250e-02,-0.0278125,0.00352063,4.9299
7.2260e-02,-0.04125,0.00252281,4.93115
7.2270e-02,-0.0448438,0.00107063,4.8699
7.2280e-02,-0.0451563,-0.000185,4.9049
7.2290e-02,-0.0357813,-0.000319063,4.86865
7.2300e-02,-0.0364063,-0.0004675,4.93209
7.2310e-02,-0.0414063,0.00174531,4.91646
7.2320e-02,-0.0360938,0.00331688,4.91302
7.2330e-02,-0.0403125,0.00404594,4.8974
7.2340e-02,-0.0401563,0.00250219,4.87146
7.2350e-02,-0.0345312,-0.000144375,4.88209
7.2360e-02,-0.033125,-0.00203063,4.86928
7.2370e-02,-0.0454688,-0.0007325,4.89053
7.2380e-02,-0.0384375,0.00191844,4.90053
7.2390e-02,-0.0279688,0.00476312,4.9199
7.2400e-02,-0.0184375,0.00602969,4.89865
7.2410e-02,-0.0410937,0.00495281,4.91021
7.2420e-02,-0.026875,0.00188906,4.89053
7.2430e-02,-0.0360938,-0.00211625,4.85928
7.2440e-02,-0.0339062,-0.00457875,4.88021
7.2450e-02,-0.0371875,-0.00285406,4.90459
7.2460e-02,-0.025,0.00250438,4.91365
7.2470e-02,-0.0348437,0.00695219,4.91365
7.2480e-02,-0.04,0.00903094,4.90178
7.2490e-02,-0.0365625,0.006245,4.8849
7.2500e-02,-0.0485938,0.00153156,4.87615
7.2510e-02,-0.0409375,-0.00427125,4.87865
7.2520e-02,-0.0410937,-0.00660875,4.88271
7.2530e-02,-0.04875,-0.00363656,4.91771
7.2540e-02,-0.0389063,0.00149813,4.91365
7.2550e-02,-0.0342187,0.0067775,4.92209
7.2560e-02,-0.0434375,0.00784594,4.92021
7.2570e-02,-0.0348437,0.00606656,4.8899
7.2580e-02,-0.0320312,0.00215375,4.85709
7.2590e-02,-0.035,-0.002045,4.9199
7.2600e-02,-0.0425,-0.00392938,4.89428
7.2610e-02,-0.025625,-0.00228875,4.93271
7.2620e-02,-0.0367188,0.00180188,4.90896
7.2630e-02,-0.0123438,0.00353656,4.90396
7.2640e-02,-0.043125,0.00535719,4.89615
7.2650e-02,-0.0348437,0.00334094,4.8749
7.2660e-02,-0.0254688,0.00085,4.8799
7.2670e-02,-0.0373438,-0.00083125,4.89677
7.2680e-02,-0.0425,-0.000388438,4.89959
7.2690e-02,-0.03,0.00035,4.9124
7.2700e-02,-0.0289063,0.00294844,4.91521
7.2710e-02,-0.0284375,0.0028875,4.90209
7.2720e-02,-0.0515625,0.00275094,4.87771
7.2730e-02,-0.0410937,0.00156906,4.89178
7.2740e-02,-0.0351562,0.000117188,4.8999
7.2750e-02,-0.0234375,4.28125e-05,4.89552
7.2760e-02,-0.0342187,0.000302813,4.93146
7.2770e-02,-0.041875,0.00220531,4.91115
7.2780e-02,-0.0351562,0.00306531,4.92928
7.2790e-02,-0.0395313,0.00349,4.90459
7.2800e-02,-0.0367188,0.00231094,4.87177
7.2810e-02,-0.03875,0.00176563,4.86928
7.2820e-02,-0.0378125,4.0625e-06,4.91021
7.2830e-02,-0.031875,0.000441875,4.91709
7.2840e-02,-0.0435938,0.000558125,4.91084
7.2850e-02,-0.0210938,0.00106875,4.8999
7.2860e-02,-0.0340625,0.00242906,4.90553
7.2870e-02,-0.039375,0.00205125,4.88302
7.2880e-02,-0.035,0.00168406,4.90553
7.2890e-02,-0.0375,0.00170813,4.90677
7.2900e-02,-0.0342187,0.00150719,4.89803
7.2910e-02,-0.0421875,0.001205,4.88584
7.2920e-02,-0.0417187,0.0012875,4.90646
7.2930e-02,-0.0465625,0.00220813,4.89834
7.2940e-02,-0.0476562,0.00257969,4.90896
7.2950e-02,-0.0342187,0.0026725,4.89365
7.2960e-02,-0.0240625,0.00205156,4.84021
7.2970e-02,-0.04125,0.00177094,4.8824
7.2980e-02,-0.0426562,0.00065125,4.9149
7.2990e-02,-0.0464062,0.000755,4.90209
7.3000e-02,-0.0351562,0.000834688,4.92584
7.3010e-02,-0.0298438,0.00178469,4.9249
7.3020e-02,-0.0375,0.00196625,4.89552
7.3030e-02,-0.0407813,0.00218656,4.85928
7.3040e-02,-0.0354688,0.00192813,4.88115
7.3050e-02,-0.0407813,0.00114188,4.86771
7.3060e-02,-0.0315625,0.000690625,4.88428
7.3070e-02,-0.0410937,0.000841563,4.93115
7.3080e-02,-0.0398437,0.00102813,4.90803
7.3090e-02,-0.0335937,0.00147531,4.90115
7.3100e-02,-0.0459375,0.00323156,4.89803
7.3110e-02,-0.039375,0.00297719,4.85865
7.3120e-02,-0.0373438,0.00137469,4.88021
7.3130e-02,-0.0495312,0.00102187,4.89459
7.3140e-02,-0.0382813,0.000655625,4.88334
7.3150e-02,-0.0375,0.000139688,4.92615
7.3160e-02,-0.0409375,0.00196219,4.91146
7.3170e-02,-0.0364063,0.00246656,4.91115
7.3180e-02,-0.038125,0.00238219,4.88209
7.3190e-02,-0.031875,0.00224125,4.87959
7.3200e-02,-0.0367188,0.00253406,4.88021
7.3210e-02,-0.0309375,0.00155344,4.9024
7.3220e-02,-0.0251563,0.000349688,4.90553
7.3230e-02,-0.0428125,0.00174313,4.92146
7.3240e-02,-0.03375,0.00177406,4.90428
7.3250e-02,-0.03,0.00220188,4.8774
7.3260e-02,-0.0442188,0.00180281,4.88177
7.3270e-02,-0.04875,0.00151844,4.89209
7.3280e-02,-0.0367188,0.00202625,4.89521
7.3290e-02,-0.0323438,0.00120781,4.91459
7.3300e-02,-0.0403125,0.00157969,4.92677
7.3310e-02,-0.0467188,0.000906563,4.91084
7.3320e-02,-0.0489062,0.00174094,4.89428
7.3330e-02,-0.0359375,0.00240469,4.89803
7.3340e-02,-0.0304688,0.00196563,4.89834
7.3350e-02,-0.035625,0.00255625,4.87709
7.3360e-02,-0.0409375,0.00159375,4.9024
7.3370e-02,-0.03375,0.00164719,4.90615
7.3380e-02,-0.0410937,0.000834375,4.93959
7.3390e-02,-0.0296875,0.00152188,4.89552
7.3400e-02,-0.0275,0.00111063,4.86802
7.3410e-02,-0.0425,0.0017625,4.88834
7.3420e-02,-0.0357813,0.00219375,4.86396
7.3430e-02,-0.0384375,0.00243594,4.87021
7.3440e-02,-0.0384375,0.000878438,4.92209
7.3450e-02,-0.0375,0.00103438,4.92334
7.3460e-02,-0.0409375,0.00181906,4.92271
7.3470e-02,-0.0234375,0.00131,4.92334
7.3480e-02,-0.041875,0.00207656,4.89178
7.3490e-02,-0.0253125,0.00289844,4.89053
7.3500e-02,-0.0292188,0.00175563,4.89584
7.3510e-02,-0.03625,0.00116406,4.88459
7.3520e-02,-0.0357813,0.0009125,4.9174
7.3530e-02,-0.03375,0.00106688,4.92084
7.3540e-02,-0.0396875,0.000741563,4.91896
7.3550e-02,-0.0357813,0.00113906,4.86584
7.3560e-02,-0.04375,0.0023025,4.87959
7.3570e-02,-0.030625,0.00226781,4.9224
7.3580e-02,-0.04,0.00203406,4.88834
7.3590e-02,-0.043125,0.00264875,4.89334
7.3600e-02,-0.0303125,0.00221625,4.90146
7.3610e-02,-0.0446875,0.000347188,4.9274
7.3620e-02,-0.0340625,0.00155781,4.88552
7.3630e-02,-0.0348437,0.00193688,4.85802
7.3640e-02,-0.043125,0.00256625,4.87209
7.3650e-02,-0.035,0.00288719,4.87428
7.3660e-02,-0.03625,0.00238063,4.90021
7.3670e-02,-0.04125,0.00148219,4.89428
7.3680e-02,-0.0498438,0.00120625,4.94209
7.3690e-02,-0.0290625,0.00189094,4.90834
7.3700e-02,-0.0351562,0.00189719,4.89021
7.3710e-02,-0.0240625,0.000960625,4.87396
7.3720e-02,-0.0385937,0.00239375,4.88021
7.3730e-02,-0.0425,0.00237344,4.88865
7.3740e-02,-0.0398437,0.00231469,4.90302
7.3750e-02,-0.038125,0.00102219,4.90084
7.3760e-02,-0.04625,0.00121656,4.93021
7.3770e-02,-0.0507812,0.000612813,4.91459
7.3780e-02,-0.035625,0.000662188,4.86896
7.3790e-02,-0.0407813,0.00205563,4.88771
7.3800e-02,-0.0321875,0.00192844,4.90146
7.3810e-02,-0.033125,0.00216156,4.93303
7.3820e-02,-0.0454688,0.00099625,4.9149
7.3830e-02,-0.0409375,0.00104188,4.90271
7.3840e-02,-0.0459375,0.00085625,4.91553
7.3850e-02,-0.043125,0.00109625,4.89584
7.3860e-02,-0.0389063,0.00150875,4.8674
7.3870e-02,-0.0420312,0.00189063,4.87428
7.3880e-02,-0.041875,0.00170563,4.87678
7.3890e-02,-0.038125,0.00167688,4.92178
7.3900e-02,-0.0425,0.00232625,4.91115
7.3910e-02,-0.04125,0.00175563,4.92646
7.3920e-02,-0.0371875,0.000840938,4.88865
7.3930e-02,-0.0410937,0.00146219,4.85052
7.3940e-02,-0.0420312,0.00126531,4.89053
7.3950e-02,-0.0279688,0.00201188,4.88771
7.3960e-02,-0.0354688,0.00144531,4.89084
7.3970e-02,-0.036875,0.00189,4.91709
7.3980e-02,-0.02875,0.00199438,4.89709
7.3990e-02,-0.0321875,0.00242719,4.91334
7.4000e-02,-0.0451563,0.00112031,4.88115
7.4010e-02,-0.0434375,0.00103781,4.89084
7.4020e-02,-0.0245313,0.00101844,4.86209
7.4030e-02,-0.0292188,0.00146781,4.90615
7.4040e-02,-0.0245313,0.00141938,4.92709
7.4050e-02,-0.0398437,0.00127563,4.90521
7.4060e-02,-0.0545313,0.00128156,4.94115
7.4070e-02,-0.0351562,0.00143844,4.89865
7.4080e-02,-0.0445313,0.00107406,4.88552
7.4090e-02,-0.0454688,0.00142875,4.8649
7.4100e-02,-0.0376563,0.00163844,4.8874
7.4110e-02,-0.0332812,0.001415,4.8674
7.4120e-02,-0.0385937,0.00238156,4.90771
7.4130e-02,-0.0385937,0.0017325,4.9074
7.4140e-02,-0.0445313,0.00164313,4.89584
7.4150e-02,-0.0453125,0.00136719,4.88115
7.4160e-02,-0.040625,0.0008275,4.87803
7.4170e-02,-0.0375,0.000642188,4.86928
7.4180e-02,-0.0439063,0.0013525,4.87834
7.4190e-02,-0.0329688,0.00271906,4.9049
7.4200e-02,-0.0365625,0.00309906,4.90709
7.4210e-02,-0.0325,0.00161406,4.90084
7.4220e-02,-0.0367188,0.000950625,4.91959
7.4230e-02,-0.0364063,0.00143313,4.88552
7.4240e-02,-0.0379688,0.001835,4.87927
7.4250e-02,-0.0342187,0.00159813,4.88803
7.4260e-02,-0.0392187,0.00150438,4.89927
7.4270e-02,-0.0271875,0.00190594,4.9199
7.4280e-02,-0.0376563,0.00156813,4.92709
7.4290e-02,-0.0282813,0.00193813,4.91146
7.4300e-02,-0.029375,0.00187156,4.87084
7.4310e-02,-0.0451563,0.00109063,4.86459
7.4320e-02,-0.029375,0.0007875,4.89552
7.4330e-02,-0.0370313,0.001645,4.88959
7.4340e-02,-0.03375,0.00170813,4.90365
7.4350e-02,-0.0415625,0.00185344,4.93209
7.4360e-02,-0.0409375,0.00210938,4.91584
7.4370e-02,-0.048125,0.00187688,4.92553
7.4380e-02,-0.0310937,0.00160719,4.86834
7.4390e-02,-0.040625,0.00112844,4.89302
7.4400e-02,-0.0520313,0.00100188,4.90928
7.4410e-02,-0.039375,0.00200313,4.89552
7.4420e-02,-0.03875,0.00178344,4.90084
7.4430e-02,-0.0404687,0.002125,4.92646
7.4440e-02,-0.043125,0.00167688,4.8974
7.4450e-02,-0.0414063,0.00167531,4.89896
7.4460e-02,-0.0271875,0.00114125,4.87896
7.4470e-02,-0.0420312,0.000969375,4.87709
7.4480e-02,-0.0346875,0.00117719,4.88927
7.4490e-02,-0.0351562,0.00141156,4.90928
7.4500e-02,-0.040625,0.00114219,4.90521
7.4510e-02,-0.0485938,0.0019975,4.92646
7.4520e-02,-0.0496875,0.0019475,4.91084
7.4530e-02,-0.0360938,0.00212406,4.89865
7.4540e-02,-0.0460938,0.00154219,4.89115
7.4550e-02,-0.0479688,0.0011725,4.89584
7.4560e-02,-0.0285938,0.00220875,4.88896
7.4570e-02,-0.0392187,0.00246313,4.88459
7.4580e-02,-0.0504687,0.00211469,4.91459
7.4590e-02,-0.0434375,0.00194875,4.88927
7.4600e-02,-0.0357813,0.0018325,4.87428
7.4610e-02,-0.0354688,0.00140563,4.8849
7.4620e-02,-0.0315625,0.00084,4.87521
7.4630e-02,-0.0370313,0.000689688,4.87771
7.4640e-02,-0.02625,0.00133813,4.90053
7.4650e-02,-0.0520313,0.00165156,4.91146
7.4660e-02,-0.0454688,0.00216687,4.92396
7.4670e-02,-0.051875,0.00229594,4.92427
7.4680e-02,-0.0389063,0.00137094,4.8874
7.4690e-02,-0.0492188,0.00165156,4.89646
7.4700e-02,-0.0460938,0.00195219,4.90396
7.4710e-02,-0.0423437,0.00122281,4.89521
7.4720e-02,-0.0471875,0.0012375,4.88771
7.4730e-02,-0.0292188,0.00169313,4.91896
7.4740e-02,-0.0353125,0.00192281,4.89896
7.4750e-02,-0.0478125,0.00178469,4.87271
7.4760e-02,-0.0473438,0.001625,4.8799
7.4770e-02,-0.04125,0.00212906,4.88927
7.4780e-02,-0.041875,0.00128938,4.89834
7.4790e-02,-0.0353125,0.000726563,4.8899
7.4800e-02,-0.0417187,0.00114063,4.90115
7.4810e-02,-0.036875,0.0009975,4.89396
7.4820e-02,-0.0375,0.000995625,4.91834
7.4830e-02,-0.0346875,0.00175719,4.9049
7.4840e-02,-0.031875,0.00151188,4.88615
7.4850e-02,-0.040625,0.00163375,4.8899
7.4860e-02,-0.0482812,0.00146531,4.90709
7.4870e-02,-0.0290625,0.00133063,4.90459
7.4880e-02,-0.04375,0.00153281,4.8949
7.4890e-02,-0.0490625,0.00152688,4.91896
7.4900e-02,-0.0389063,0.00184906,4.90834
7.4910e-02,-0.0404687,0.00223938,4.8749
7.4920e-02,-0.0315625,0.00185719,4.87803
7.4930e-02,-0.0398437,0.00181688,4.89803
7.4940e-02,-0.044375,0.00105625,4.90646
7.4950e-02,-0.0420312,0.00110438,4.89959
7.4960e-02,-0.04,0.00127375,4.92615
7.4970e-02,-0.0501562,0.00205906,4.88146
7.4980e-02,-0.043125,0.00181906,4.89803
7.4990e-02,-0.0501562,0.00159906,4.8774
7.5000e-02,-0.0340625,0.00177531,4.89115
7.5010e-02,-0.0345312,0.00174938,4.86271
7.5020e-02,-0.04875,0.001715,4.93115
7.5030e-02,-0.043125,0.00122656,4.89803
7.5040e-02,-0.048125,0.000778438,4.89615
7.5050e-02,-0.0453125,0.0024875,4.91928
7.5060e-02,-0.0464062,0.00215438,4.89178
7.5070e-02,-0.0459375,0.00256281,4.89396
7.5080e-02,-0.0521875,0.00224313,4.89615
7.5090e-02,-0.0403125,0.0021725,4.88428
7.5100e-02,-0.0471875,0.00104344,4.89803
7.5110e-02,-0.03625,0.00139688,4.91427
7.5120e-02,-0.0407813,0.000820625,4.89552
7.5130e-02,-0.0460938,0.00146531,4.86959
7.5140e-02,-0.0467188,0.00181125,4.86146
7.5150e-02,-0.056875,0.00213,4.88021
7.5160e-02,-0.0354688,0.00132156,4.86303
7.5170e-02,-0.0420312,0.000994063,4.90115
7.5180e-02,-0.0459375,0.00206406,4.91803
7.5190e-02,-0.035625,0.00152313,4.9224
7.5200e-02,-0.0432813,0.00238219,4.89334
7.5210e-02,-0.0403125,0.00186938,4.88959
7.5220e-02,-0.0317188,0.00215469,4.8824
7.5230e-02,-0.0482812,0.00174406,4.88459
7.5240e-02,-0.04125,0.001665,4.90584
7.5250e-02,-0.049375,0.00193563,4.89896
7.5260e-02,-0.0359375,0.0014325,4.90334
7.5270e-02,-0.0346875,0.00191281,4.8849
7.5280e-02,-0.035,0.00127625,4.87084
7.5290e-02,-0.0457813,0.00190063,4.89771
7.5300e-02,-0.0410937,0.00167938,4.86271
7.5310e-02,-0.0382813,0.00224813,4.91396
7.5320e-02,-0.0378125,0.00129406,4.87365
7.5330e-02,-0.028125,0.001185,4.91146
7.5340e-02,-0.0390625,0.00117344,4.9149
7.5350e-02,-0.0425,0.000986875,4.90178
7.5360e-02,-0.0401563,0.00119813,4.88959
7.5370e-02,-0.036875,0.00176594,4.87053
7.5380e-02,-0.0528125,0.00166938,4.88803
7.5390e-02,-0.0460938,0.00166,4.87177
7.5400e-02,-0.0390625,0.00155938,4.90521
7.5410e-02,-0.0496875,0.00166094,4.92365
7.5420e-02,-0.043125,0.00104156,4.93709
7.5430e-02,-0.0371875,0.00114063,4.89959
7.5440e-02,-0.0395313,0.002515,4.87521
7.5450e-02,-0.0346875,0.00215938,4.88365
7.5460e-02,-0.0489062,0.00225438,4.88021
7.5470e-02,-0.0504687,0.00186719,4.90834
7.5480e-02,-0.0459375,0.00146688,4.8874
7.5490e-02,-0.0421875,0.00181688,4.89521
7.5500e-02,-0.0404687,0.001465,4.88678
7.5510e-02,-0.0353125,0.00147625,4.86365
7.5520e-02,-0.0414063,0.00175031,4.89959
7.5530e-02,-0.04625,0.00158031,4.88428
7.5540e-02,-0.0415625,0.00133531,4.8874
7.5550e-02,-0.0507812,0.0016925,4.90271
7.5560e-02,-0.05,0.000951875,4.90053
7.5570e-02,-0.0457813,0.000564375,4.90584
7.5580e-02,-0.0367188,0.00120531,4.88709
7.5590e-02,-0.0432813,0.00127094,4.87084
7.5600e-02,-0.0382813,0.00182688,4.8724
7.5610e-02,-0.0490625,0.00160219,4.88146
7.5620e-02,-0.0367188,0.0022925,4.87615
7.5630e-02,-0.0385937,0.00203156,4.90553
7.5640e-02,-0.0348437,0.000244375,4.91865
7.5650e-02,-0.0403125,0.00121656,4.89302
7.5660e-02,-0.0373438,0.00107719,4.87646
7.5670e-02,-0.0378125,0.00182594,4.87177
7.5680e-02,-0.0417187,0.00171313,4.90615
7.5690e-02,-0.0375,0.00192156,4.91365
7.5700e-02,-0.04,0.00222375,4.8899
7.5710e-02,-0.036875,0.00184781,4.90959
7.5720e-02,-0.0442188,0.000749375,4.9074
7.5730e-02,-0.0421875,6.71875e-05,4.90396
7.5740e-02,-0.039375,0.00111406,4.88927
7.5750e-02,-0.0390625,0.00079,4.88365
7.5760e-02,-0.0459375,0.00199687,4.89084
7.5770e-02,-0.043125,0.00184813,4.88209
7.5780e-02,-0.0467188,0.00241906,4.92677
7.5790e-02,-0.0446875,0.00137438,4.90615
7.5800e-02,-0.0398437,0.00157875,4.9224
7.5810e-02,-0.049375,0.00121938,4.88678
7.5820e-02,-0.0396875,0.000849375,4.87146
7.5830e-02,-0.04875,0.00104906,4.89927
7.5840e-02,-0.0451563,0.00215344,4.89428
7.5850e-02,-0.0364063,0.00189563,4.89709
7.5860e-02,-0.0440625,0.00139,4.90428
7.5870e-02,-0.0425,0.0013725,4.94146
7.5880e-02,-0.0423437,0.00125469,4.91052
7.5890e-02,-0.0439063,0.000734688,4.89896
7.5900e-02,-0.0385937,0.00146813,4.89959
7.5910e-02,-0.043125,0.00193313,4.86834
7.5920e-02,-0.0448438,0.00214656,4.9174
7.5930e-02,-0.0434375,0.00240188,4.89709
7.5940e-02,-0.053125,0.00141,4.91553
7.5950e-02,-0.0496875,0.00175844,4.91959
7.5960e-02,-0.0445313,0.00111531,4.8874
7.5970e-02,-0.0515625,0.00100156,4.88803
7.5980e-02,-0.041875,0.00167313,4.85115
7.5990e-02,-0.0423437,0.00160938,4.89396
7.6000e-02,-0.0484375,0.00285063,4.9174
7.6010e-02,-0.0403125,0.00288938,4.92959
7.6020e-02,-0.0459375,0.00189781,4.89521
7.6030e-02,-0.0390625,0.00192594,4.90428
7.6040e-02,-0.0360938,0.00080125,4.90584
7.6050e-02,-0.0332812,0.0014625,4.89584
7.6060e-02,-0.0503125,0.00160813,4.88959
7.6070e-02,-0.043125,0.00169688,4.89521
7.6080e-02,-0.0535937,0.00165,4.90959
7.6090e-02,-0.0201563,0.00164844,4.89677
7.6100e-02,-0.0529687,0.00193063,4.90459
7.6110e-02,-0.0403125,0.00137563,4.90521
7.6120e-02,-0.0382813,0.00124688,4.89084
7.6130e-02,-0.029375,0.00138125,4.84709
7.6140e-02,-0.0546875,0.00194969,4.8699
7.6150e-02,-0.0385937,0.00239938,4.90615
7.6160e-02,-0.0346875,0.00251688,4.91459
7.6170e-02,-0.0485938,0.00221594,4.89459
7.6180e-02,-0.0389063,0.00106344,4.92334
7.6190e-02,-0.0496875,0.000599063,4.8574
7.6200e-02,-0.0367188,-7.90625e-05,4.85177
7.6210e-02,-0.04375,0.000472188,4.89677
7.6220e-02,-0.045625,0.00118875,4.90021
7.6230e-02,-0.0523437,0.00274688,4.9024
7.6240e-02,-0.0514063,0.00220344,4.90553
7.6250e-02,-0.0370313,0.00145344,4.89396
7.6260e-02,-0.0359375,0.00134781,4.89396
7.6270e-02,-0.04625,-0.000134375,4.90021
7.6280e-02,-0.0467188,0.00103438,4.88865
7.6290e-02,-0.0301563,0.00146531,4.87927
7.6300e-02,-0.0451563,0.00221656,4.91209
7.6310e-02,-0.0385937,0.00229063,4.94053
7.6320e-02,-0.0321875,0.00308094,4.91084
7.6330e-02,-0.0415625,0.00208281,4.89428
7.6340e-02,-0.0423437,0.00112406,4.89334
7.6350e-02,-0.0404687,-0.000165938,4.88584
7.6360e-02,-0.0485938,0.00031,4.87552
7.6370e-02,-0.0440625,0.00140844,4.8999
7.6380e-02,-0.043125,0.00296469,4.89959
7.6390e-02,-0.0489062,0.00359313,4.91803
7.6400e-02,-0.0426562,0.00343531,4.90615
7.6410e-02,-0.0492188,0.00158219,4.89552
7.6420e-02,-0.049375,0.000994688,4.88803
7.6430e-02,-0.0448438,0.000965938,4.89302
7.6440e-02,-0.0440625,0.00112,4.8724
7.6450e-02,-0.0484375,0.000989375,4.9024
7.6460e-02,-0.033125,0.000934063,4.91365
7.6470e-02,-0.0507812,0.00097125,4.91427
7.6480e-02,-0.0314062,0.001075,4.93427
7.6490e-02,-1.19656,0.00022375,4.89396
7.6500e-02,1.3375,-0.00134438,4.89365
7.6510e-02,-0.942813,-0.00328125,4.8924
7.6520e-02,-1.54922,-0.00448688,4.90053
7.6530e-02,-0.872344,-0.00396594,4.88428
7.6540e-02,0.094375,-0.00395938,4.90928
7.6550e-02,0.107812,-0.00409,4.91334
7.6560e-02,0.0876563,-0.004055,4.93178
7.6570e-02,0.0839063,-0.00411156,4.87771
7.6580e-02,0.0667187,-0.00394906,4.88177
7.6590e-02,0.0676563,-0.00387313,4.90646
7.6600e-02,0.0684375,-0.00390813,4.88428
7.6610e-02,0.0539063,-0.00380313,4.8924
7.6620e-02,0.0414063,-0.00397094,4.90553
7.6630e-02,0.04875,-0.00387531,4.90521
7.6640e-02,0.04125,-0.00408312,4.91334
7.6650e-02,0.04125,-0.00366813,4.88834
7.6660e-02,0.0376563,-0.00377156,4.92146
7.6670e-02,0.0335938,-0.00388781,4.8949
7.6680e-02,0.025,-0.00383281,4.87521
7.6690e-02,0.0334375,-0.00399719,4.9199
7.6700e-02,0.0279688,-0.00387344,4.91271
7.6710e-02,0.0357813,-0.00394063,4.90959
7.6720e-02,0.0304687,-0.00386313,4.87084
7.6730e-02,0.0234375,-0.00390875,4.89615
7.6740e-02,0.018125,-0.00381656,4.88927
7.6750e-02,0.016875,-0.00289563,4.90646
7.6760e-02,0.029375,-0.00173906,4.90709
7.6770e-02,0.0114063,-0.000545,4.89896
7.6780e-02,0.019375,0.000400938,4.90365
7.6790e-02,0.0142187,0.000912813,4.90709
7.6800e-02,0.0159375,0.00227,4.86552
7.6810e-02,0.0154687,0.00219594,4.8549
7.6820e-02,0.0090625,0.00123563,4.93146
7.6830e-02,0.019375,0.00125375,4.88053
7.6840e-02,0.0120312,0.000808438,4.89334
7.6850e-02,0.00546875,0.00149063,4.90677
7.6860e-02,0.00328125,0.00182563,4.88552
7.6870e-02,0.008125,0.00197656,4.89927
7.6880e-02,0.00578125,0.00197938,4.8874
7.6890e-02,0.004375,0.00238844,4.89552
7.6900e-02,0.010625,0.00187688,4.87865
7.6910e-02,0.0126562,0.000850313,4.87865
7.6920e-02,0.0134375,0.000434688,4.92865
7.6930e-02,0,9.5625e-05,4.88709
7.6940e-02,0.0040625,0.000861875,4.90209
7.6950e-02,0.00484375,0.00224188,4.90709
7.6960e-02,0.0059375,0.00319125,4.8749
7.6970e-02,0.00375,0.00274531,4.86303
7.6980e-02,0.00875,0.0011875,4.8799
7.6990e-02,-0.004375,0.00139781,4.91959
7.7000e-02,-0.00296875,0.000465938,4.8999
7.7010e-02,-0.0078125,0.00108313,4.9049
7.7020e-02,-0.00421875,0.00199063,4.91928
7.7030e-02,-0.0003125,0.00217469,4.8849
7.7040e-02,-0.0034375,0.00194531,4.84928
7.7050e-02,-0.00625,0.0020275,4.84146
7.7060e-02,-0.0021875,0.00181063,4.8949
7.7070e-02,0.00875,0.000789375,4.91896
7.7080e-02,-0.00890625,0.00110125,4.89865
7.7090e-02,-0.00390625,0.00175063,4.92709
7.7100e-02,-0.010625,0.00170375,4.88834
7.7110e-02,0.001875,0.00236094,4.86427
7.7120e-02,-0.0046875,0.00270688,4.87927
7.7130e-02,-0.0075,0.00217938,4.8999
7.7140e-02,-0.0132813,0.00125563,4.92709
7.7150e-02,-0.0142188,0.000885938,4.94209
7.7160e-02,-0.00921875,0.000720625,4.88396
7.7170e-02,-0.01,0.00172125,4.87521
7.7180e-02,-0.00234375,0.00174594,4.85115
7.7190e-02,-0.00640625,0.00207906,4.87896
7.7200e-02,0.0003125,0.00230625,4.89146
7.7210e-02,0.005,0.00152188,4.88865
7.7220e-02,-0.0028125,0.00133469,4.92021
7.7230e-02,-0.0171875,0.00158656,4.90865
7.7240e-02,-0.00640625,0.00129969,4.8999
7.7250e-02,-0.0117188,0.00114344,4.88053
7.7260e-02,-0.0078125,0.00212531,4.88709
7.7270e-02,-0.011875,0.00246906,4.86771
7.7280e-02,-0.00234375,0.00255156,4.92303
7.7290e-02,-0.0103125,0.00209688,4.91115
7.7300e-02,-0.00421875,0.00115406,4.91084
7.7310e-02,-0.0078125,0.000791875,4.92271
7.7320e-02,-0.0157813,0.000855,4.88271
7.7330e-02,-0.00421875,0.00130313,4.88146
7.7340e-02,-0.0209375,0.00114938,4.87021
7.7350e-02,-0.0140625,0.00132844,4.9324
7.7360e-02,-0.0170313,0.00193063,4.9099
7.7370e-02,-0.0140625,0.00147906,4.91021
7.7380e-02,-0.00703125,0.00155969,4.90834
7.7390e-02,-0.015625,0.00081625,4.88709
7.7400e-02,-0.01,0.00105875,4.89115
7.7410e-02,-0.0034375,0.00164719,4.88115
7.7420e-02,-0.00484375,0.00204906,4.8899
7.7430e-02,-0.0160938,0.00235219,4.88959
7.7440e-02,-0.014375,0.002065,4.90553
7.7450e-02,-0.0109375,0.00152563,4.90646
7.7460e-02,-0.0109375,0.00174281,4.9049
7.7470e-02,-0.011875,0.000724688,4.90584
7.7480e-02,-0.0159375,0.000680938,4.87021
7.7490e-02,-0.0146875,0.000988125,4.88771
7.7500e-02,-0.00515625,0.00206688,4.88678
7.7510e-02,-0.0146875,0.00157469,4.89428
7.7520e-02,-0.0151562,0.0010475,4.90209
7.7530e-02,-0.0132813,0.00102906,4.93802
7.7540e-02,-0.023125,0.00091875,4.93928
7.7550e-02,-0.0165625,0.000713438,4.89053
7.7560e-02,-0.0167188,0.00130688,4.90209
7.7570e-02,-0.0171875,0.00177938,4.89834
7.7580e-02,-0.0182812,0.00199938,4.8874
7.7590e-02,-0.00234375,0.00234938,4.9024
7.7600e-02,-0.00375,0.00188938,4.91084
7.7610e-02,-0.0207813,0.00198875,4.92334
7.7620e-02,-0.0171875,0.000805938,4.89584
7.7630e-02,-0.0104688,0.00211719,4.88865
7.7640e-02,-0.0209375,0.00173344,4.90084
7.7650e-02,-0.0128125,0.00213656,4.88959
7.7660e-02,-0.0178125,0.0022975,4.87927
7.7670e-02,-0.0175,0.00187406,4.92365
7.7680e-02,-0.015625,0.000555,4.92052
7.7690e-02,-0.030625,0.000816875,4.89803
7.7700e-02,-0.0142188,0.00075125,4.90365
7.7710e-02,-0.01875,0.00129688,4.86865
7.7720e-02,-0.0159375,0.00127125,4.87678
7.7730e-02,-0.0189062,0.0016,4.91021
7.7740e-02,-0.0245313,0.0015275,4.90553
7.7750e-02,-0.0254688,0.00122063,4.9249
7.7760e-02,-0.0184375,0.00113844,4.91584
7.7770e-02,-0.02375,0.000925625,4.92427
7.7780e-02,-0.0189062,0.000729688,4.86177
7.7790e-02,-0.0210938,0.0009525,4.90521
7.7800e-02,-0.0164063,0.00137344,4.87646
7.7810e-02,-0.0226562,0.00162469,4.87771
7.7820e-02,-0.0221875,0.0018875,4.91178
7.7830e-02,-0.0096875,0.00281406,4.9249
7.7840e-02,-0.0135937,0.00146656,4.8924
7.7850e-02,-0.02625,0.00105375,4.87459
7.7860e-02,-0.0248438,0.00143313,4.87396
7.7870e-02,-0.0190625,0.00145625,4.87646
7.7880e-02,-0.0157813,0.001445,4.87209
7.7890e-02,-0.014375,0.00157438,4.9149
7.7900e-02,-0.0185937,0.00209688,4.91615
7.7910e-02,-0.0292188,0.00175875,4.9149
7.7920e-02,-0.0303125,0.00139438,4.90396
7.7930e-02,-0.0159375,0.000459063,4.91052
7.7940e-02,-0.01125,0.0014775,4.86896
7.7950e-02,-0.0129688,0.00190938,4.89646
7.7960e-02,-0.0148437,0.00191125,4.9224
7.7970e-02,-0.0196875,0.00201781,4.89865
7.7980e-02,-0.0228125,0.00272531,4.89271
7.7990e-02,-0.016875,0.002055,4.89459
7.8000e-02,-0.015,0.002185,4.8874
7.8010e-02,-0.0203125,0.00147875,4.86021
7.8020e-02,-0.013125,0.000725938,4.87678
7.8030e-02,-0.01375,0.000844063,4.88521
7.8040e-02,-0.0203125,0.00141469,4.91271
7.8050e-02,-0.0179687,0.00133563,4.91928
7.8060e-02,-0.0257812,0.00122094,4.91646
7.8070e-02,-0.0217188,0.00137313,4.9149
7.8080e-02,-0.0209375,0.00171188,4.88959
7.8090e-02,-0.0273438,0.00109188,4.84459
7.8100e-02,-0.0215625,0.00117344,4.86365
7.8110e-02,-0.0315625,0.00168438,4.88396
7.8120e-02,-0.0210938,0.00180063,4.90115
7.8130e-02,-0.02125,0.0019725,4.9074
7.8140e-02,-0.0276563,0.00253063,4.90959
7.8150e-02,-0.0140625,0.00185563,4.87615
7.8160e-02,-0.0182812,0.00104438,4.87271
7.8170e-02,-0.0340625,0.000815625,4.85896
7.8180e-02,-0.0290625,0.00142594,4.89709
7.8190e-02,-0.0251563,0.00173344,4.9149
7.8200e-02,-0.0178125,0.00221406,4.91646
7.8210e-02,-0.01875,0.00197094,4.93271
7.8220e-02,-0.0179687,0.00222781,4.9174
7.8230e-02,-0.0120313,0.00110875,4.89959
7.8240e-02,-0.02375,0.00193219,4.86834
7.8250e-02,-0.0248438,0.00169156,4.8724
7.8260e-02,-0.02,0.00201875,4.89365
7.8270e-02,-0.01875,0.00156406,4.89959
7.8280e-02,-0.0295313,0.00189219,4.9099
7.8290e-02,-0.0176563,0.00190594,4.9099
7.8300e-02,-0.0248438,0.00185563,4.89834
7.8310e-02,-0.0260937,0.00169469,4.8599
7.8320e-02,-0.0153125,0.00158188,4.87146
7.8330e-02,-0.018125,0.00138625,4.88834
7.8340e-02,-0.0159375,0.00115594,4.88428
7.8350e-02,-0.0171875,0.00100406,4.91553
7.8360e-02,-0.0232812,0.00124094,4.8949
7.8370e-02,-0.0264062,0.00149875,4.89459
7.8380e-02,-0.0332812,0.00114719,4.88053
7.8390e-02,-0.01625,0.0017075,4.87271
7.8400e-02,-0.0304688,0.00127438,4.87521
7.8410e-02,-0.0101563,0.00156125,4.8724
7.8420e-02,-0.0135937,0.00111594,4.8899
7.8430e-02,-0.024375,0.00166625,4.92584
7.8440e-02,-0.0290625,0.00182125,4.91677
7.8450e-02,-0.0192187,0.00266625,4.89771
7.8460e-02,-0.0192187,0.0021625,4.86615
7.8470e-02,-0.0323438,0.00160531,4.88896
7.8480e-02,-0.0175,0.00117219,4.87303
7.8490e-02,-0.0285938,0.000660938,4.87459
7.8500e-02,-0.0198438,0.0007,4.92615
7.8510e-02,-0.021875,0.00116969,4.90959
7.8520e-02,-0.0298438,0.00173813,4.90146
7.8530e-02,-0.0290625,0.00162563,4.90115
7.8540e-02,-0.0278125,0.0017425,4.86615
7.8550e-02,-0.0257812,0.00045875,4.90115
7.8560e-02,-0.0307813,0.00160469,4.88396
7.8570e-02,-0.0271875,0.0010425,4.91928
7.8580e-02,-0.0245313,0.00107594,4.90865
7.8590e-02,-0.0301563,0.00167125,4.91115
7.8600e-02,-0.0270312,0.00201031,4.90396
7.8610e-02,-0.025625,0.00133625,4.85177
7.8620e-02,-0.028125,0.00114813,4.87146
7.8630e-02,-0.0242188,0.00237688,4.88865
7.8640e-02,-0.0201563,0.0022525,4.88834
7.8650e-02,-0.0228125,0.00144125,4.93021
7.8660e-02,-0.0198438,0.0017325,4.90584
7.8670e-02,-0.0170313,0.00205,4.88177
7.8680e-02,-0.0382813,0.00130688,4.87678
7.8690e-02,-0.0195312,0.00240188,4.89209
7.8700e-02,-0.0285938,0.00171344,4.88396
7.8710e-02,-0.0292188,0.00130438,4.8874
7.8720e-02,-0.0204688,0.0008675,4.90178
7.8730e-02,-0.0276563,0.000636875,4.91178
7.8740e-02,-0.0345312,0.0009375,4.93459
7.8750e-02,-0.025,0.00193406,4.9074
7.8760e-02,-0.025625,0.00107688,4.87146
7.8770e-02,-0.0242188,0.00151438,4.8799
7.8780e-02,-0.0303125,0.00134719,4.87615
7.8790e-02,-0.0351562,0.00129156,4.91146
7.8800e-02,-0.0265625,0.000430313,4.88115
7.8810e-02,-0.025625,0.00139969,4.92334
7.8820e-02,-0.0303125,0.0016075,4.88271
7.8830e-02,-0.0345312,0.00144875,4.87428
7.8840e-02,-0.0234375,0.00158031,4.92802
7.8850e-02,-0.0370313,0.00194844,4.88334
7.8860e-02,-0.02875,0.00145875,4.88646
7.8870e-02,-0.0282813,0.00100719,4.89896
7.8880e-02,-0.0346875,0.000881563,4.90771
7.8890e-02,-0.025625,0.00119313,4.94115
7.8900e-02,-0.029375,0.00147844,4.89053
7.8910e-02,-0.0290625,0.00114031,4.87053
7.8920e-02,-0.0303125,0.00188219,4.87959
7.8930e-02,-0.03125,0.00178781,4.88115
7.8940e-02,-0.0203125,0.00193281,4.86896
7.8950e-02,-0.0303125,0.00159656,4.9049
7.8960e-02,-0.03375,0.000902813,4.93584
7.8970e-02,-0.0242188,0.00146219,4.92084
7.8980e-02,-0.0245313,0.00160375,4.88803
7.8990e-02,-0.0270312,0.00200906,4.89615
7.9000e-02,-0.0328125,0.00185031,4.86365
7.9010e-02,-0.0257812,0.00220656,4.89646
7.9020e-02,-0.0234375,0.00151844,4.90053
7.9030e-02,-0.0323438,0.000979688,4.91271
7.9040e-02,-0.0340625,0.0008725,4.90803
7.9050e-02,-0.035625,0.00177656,4.89771
7.9060e-02,-0.026875,0.002525,4.88646
7.9070e-02,-0.0378125,0.00191563,4.88552
7.9080e-02,-0.0195312,0.0019375,4.8824
7.9090e-02,-0.0321875,0.00183406,4.91709
7.9100e-02,-0.0360938,0.00153156,4.88115
7.9110e-02,-0.02375,0.000909063,4.88927
7.9120e-02,-0.0342187,0.000576563,4.9099
7.9130e-02,-0.0360938,0.00112,4.87646
7.9140e-02,-0.018125,0.00215219,4.88646
7.9150e-02,-0.0342187,0.00177844,4.87959
7.9160e-02,-0.033125,0.00141469,4.88678
7.9170e-02,-0.0410937,0.00132531,4.89771
7.9180e-02,-0.0278125,0.00132531,4.88646
7.9190e-02,-0.0325,0.00120719,4.91271
7.9200e-02,-0.0220313,0.00117594,4.91709
7.9210e-02,-0.039375,0.00153781,4.86084
7.9220e-02,-0.0395313,0.00186031,4.86021
7.9230e-02,-0.0276563,0.00178219,4.88271
7.9240e-02,-0.0309375,0.00203313,4.89552
7.9250e-02,-0.0307813,0.000803438,4.88302
7.9260e-02,-0.03,0.00124813,4.91928
7.9270e-02,-0.0354688,0.00144469,4.91052
7.9280e-02,-0.033125,0.000809375,4.87865
7.9290e-02,-0.0415625,0.000935625,4.86896
7.9300e-02,-0.0379688,0.00153438,4.87115
7.9310e-02,-0.0282813,0.00222281,4.87584
7.9320e-02,-0.0335937,0.00191125,4.89865
7.9330e-02,-0.0364063,0.00257313,4.88927
7.9340e-02,-0.0395313,0.00124188,4.91896
7.9350e-02,-0.0410937,0.00105125,4.91677
7.9360e-02,-0.0392187,0.00123625,4.87865
7.9370e-02,-0.0260937,0.00146813,4.87177
7.9380e-02,-0.0251563,0.00258156,4.87896
7.9390e-02,-0.0178125,0.00164438,4.88834
7.9400e-02,-0.0375,0.00184469,4.89021
7.9410e-02,-0.0276563,0.00126406,4.89584
7.9420e-02,-0.0307813,0.00106844,4.91521
7.9430e-02,-0.0167188,0.001155,4.90553
7.9440e-02,-0.0357813,0.00117125,4.88646
7.9450e-02,-0.0248438,0.00149469,4.88521
7.9460e-02,-0.0326562,0.00212781,4.88959
7.9470e-02,-0.0304688,0.00204844,4.92615
7.9480e-02,-0.0335937,0.00169438,4.89896
7.9490e-02,-0.0315625,0.00185219,4.92646
7.9500e-02,-0.03,0.00137125,4.8899
7.9510e-02,-0.0235938,0.000954375,4.88115
7.9520e-02,-0.0442188,0.00109594,4.89552
7.9530e-02,-0.031875,0.00220344,4.88177
7.9540e-02,-0.0390625,0.00168125,4.86646
7.9550e-02,-0.040625,0.00201313,4.8999
7.9560e-02,-0.0279688,0.00165094,4.91459
7.9570e-02,-0.0385937,0.0007925,4.89896
7.9580e-02,-0.0382813,0.00127188,4.88896
7.9590e-02,-0.030625,0.00102031,4.85365
7.9600e-02,-0.029375,0.00145875,4.89803
7.9610e-02,-0.0392187,0.00157531,4.86209
7.9620e-02,-0.0217188,0.001955,4.90865
7.9630e-02,-0.0226562,0.00243875,4.9174
7.9640e-02,-0.0198438,0.0023225,4.90677
7.9650e-02,-0.0414063,0.00167094,4.90021
7.9660e-02,-0.0304688,0.0003825,4.88803
7.9670e-02,-0.0309375,0.00125156,4.8774
7.9680e-02,-0.034375,0.00129125,4.8799
7.9690e-02,-0.0271875,0.00161688,4.87115
7.9700e-02,-0.040625,0.00204438,4.87771
7.9710e-02,-0.0335937,0.00228312,4.91834
7.9720e-02,-0.0379688,0.00148969,4.92084
7.9730e-02,-0.0334375,0.00230437,4.8924
7.9740e-02,-0.0260937,0.00110531,4.8949
7.9750e-02,-0.030625,0.000910313,4.85615
7.9760e-02,-0.031875,0.001125,4.89709
7.9770e-02,-0.0442188,0.00157531,4.88959
7.9780e-02,-0.03375,0.00213281,4.89271
7.9790e-02,-0.0310937,0.00170844,4.87552
7.9800e-02,-0.0395313,0.00198313,4.93709
7.9810e-02,-0.0454688,0.00065875,4.89865
7.9820e-02,-0.0373438,0.000285,4.87521
7.9830e-02,-0.0265625,0.000971875,4.88084
7.9840e-02,-0.0325,0.00138688,4.88959
7.9850e-02,-0.0459375,0.00158625,4.91334
7.9860e-02,-0.0292188,0.00277656,4.88678
7.9870e-02,-0.0396875,0.00146125,4.9074
7.9880e-02,-0.034375,0.00071625,4.89709
7.9890e-02,-0.0365625,0.00103656,4.87709
7.9900e-02,-0.0278125,0.000995625,4.88459
7.9910e-02,-0.0476562,0.00121313,4.91677
7.9920e-02,-0.0246875,0.00197281,4.89834
7.9930e-02,-0.033125,0.00178875,4.9124
7.9940e-02,-0.0489062,0.00190406,4.92303
7.9950e-02,-0.0415625,0.00118594,4.90209
7.9960e-02,-0.03,0.00103219,4.89521
7.9970e-02,-0.033125,0.00055,4.88521
7.9980e-02,-0.043125,0.000794688,4.86427
7.9990e-02,-0.0279688,0.00115438,4.85427
8.0000e-02,-0.0192187,0.00212063,4.90646
8.0010e-02,-0.0317188,0.0027225,4.90271
8.0020e-02,-0.02875,0.00227938,4.91334
8.0030e-02,-0.0335937,0.0022775,4.9074
8.0040e-02,-0.0367188,0.00152906,4.90459
8.0050e-02,-0.0357813,0.000855313,4.8624
8.0060e-02,-0.0298438,0.000585625,4.87365
8.0070e-02,-0.0251563,0.00210156,4.87053
8.0080e-02,-0.03125,0.00127625,4.90084
8.0090e-02,-0.0365625,0.0033925,4.92271
8.0100e-02,-0.0389063,0.00268094,4.9249
8.0110e-02,-0.0384375,0.00214438,4.88365
8.0120e-02,-0.0270312,0.00091625,4.85646
8.0130e-02,-0.0367188,0.000624063,4.86303
8.0140e-02,-0.0442188,0.00119406,4.90428
8.0150e-02,-0.0376563,0.00156563,4.89834
8.0160e-02,-0.0220313,0.00293,4.9124
8.0170e-02,-0.0210938,0.002755,4.8949
8.0180e-02,-0.03625,0.00272,4.91959
8.0190e-02,-0.03,0.00209094,4.8849
8.0200e-02,-0.0325,0.00078625,4.87584
8.0210e-02,-0.0178125,-0.000623438,4.88177
8.0220e-02,-0.0479688,0.000354688,4.8949
8.0230e-02,-0.0379688,0.00195031,4.8999
8.0240e-02,-0.0214063,0.00290594,4.91146
8.0250e-02,-0.0276563,0.00352313,4.89865
8.0260e-02,-0.046875,0.00220219,4.89771
8.0270e-02,-0.035,0.00197844,4.88177
8.0280e-02,-0.0253125,0.000413438,4.87334
8.0290e-02,-0.0407813,-0.00019875,4.91396
8.0300e-02,-0.0354688,-0.000242813,4.90428
8.0310e-02,-0.0373438,0.00155188,4.93834
8.0320e-02,-0.0385937,0.00324031,4.92334
8.0330e-02,-0.039375,0.0042075,4.92646
8.0340e-02,-0.0203125,0.00222063,4.88084
8.0350e-02,-0.03125,0.000994688,4.87615
8.0360e-02,-0.0328125,-0.00172438,4.9049
8.0370e-02,-0.0451563,-0.00155344,4.88803
8.0380e-02,-0.0326562,0.000484688,4.91146
8.0390e-02,-0.040625,0.00376719,4.89115
8.0400e-02,-0.0364063,0.00582781,4.93178
8.0410e-02,-0.02875,0.00561313,4.91178
8.0420e-02,-0.0328125,0.0019125,4.88552
8.0430e-02,-0.036875,-0.00133313,4.88771
8.0440e-02,-0.0173438,-0.00364938,4.88271
8.0450e-02,-0.0353125,-0.00402281,4.89428
8.0460e-02,-0.0378125,0.00157219,4.9024
8.0470e-02,-0.0321875,0.00602063,4.88865
8.0480e-02,-0.0439063,0.00859375,4.90396
8.0490e-02,-0.025,0.00707094,4.8974
8.0500e-02,-0.0371875,0.00170469,4.90553
8.0510e-02,-0.0315625,-0.0023625,4.90771
8.0520e-02,-0.034375,-0.00571844,4.88896
8.0530e-02,-0.0365625,-0.00473656,4.89584
8.0540e-02,-0.0410937,0.000314063,4.93521
8.0550e-02,-0.0475,0.00544594,4.92146
8.0560e-02,-0.0417187,0.00855438,4.89146
8.0570e-02,-0.0334375,0.00693656,4.88771
8.0580e-02,-0.0445313,0.00266156,4.88146
8.0590e-02,-0.050625,-0.00160813,4.88428
8.0600e-02,-0.035625,-0.00386938,4.89115
8.0610e-02,-0.0415625,-0.00289344,4.91427
8.0620e-02,-0.02625,-0.000350625,4.90865
8.0630e-02,-0.0335937,0.0036125,4.8999
8.0640e-02,-0.025,0.00612188,4.91302
8.0650e-02,-0.025625,0.00339063,4.87521
8.0660e-02,-0.0367188,0.00192813,4.90677
8.0670e-02,-0.0351562,0.000212813,4.87709
8.0680e-02,-0.0323438,-0.0001775,4.92021
8.0690e-02,-0.0390625,0.00023125,4.90646
8.0700e-02,-0.0453125,0.00188281,4.91084
8.0710e-02,-0.0253125,0.00314031,4.88177
8.0720e-02,-0.0442188,0.00260813,4.88803
8.0730e-02,-0.0282813,0.002705,4.87552
8.0740e-02,-0.0435938,0.000725313,4.88365
8.0750e-02,-0.0360938,0.000162813,4.88771
8.0760e-02,-0.0514063,0.00019875,4.92178
8.0770e-02,-0.0484375,0.000885,4.91427
8.0780e-02,-0.0340625,0.00210656,4.90584
8.0790e-02,-0.0396875,0.00291406,4.89084
8.0800e-02,-0.0329688,0.00266875,4.86709
8.0810e-02,-0.02875,0.00199906,4.90115
8.0820e-02,-0.0310937,0.00114375,4.8774
8.0830e-02,-0.0195312,0.000660313,4.92084
8.0840e-02,-0.0310937,0.00110906,4.90178
8.0850e-02,-0.0398437,0.00161938,4.91709
8.0860e-02,-0.0342187,0.001915,4.90271
8.0870e-02,-0.0390625,0.00188156,4.87053
8.0880e-02,-0.0351562,0.00235344,4.88365
8.0890e-02,-0.0392187,0.00213188,4.87865
8.0900e-02,-0.0382813,0.000933125,4.88302
8.0910e-02,-0.0498438,0.000931875,4.91178
8.0920e-02,-0.0384375,0.00128938,4.91803
8.0930e-02,-0.031875,0.00149813,4.90646
8.0940e-02,-0.035625,0.00235156,4.8899
8.0950e-02,-0.0425,0.00239594,4.89646
8.0960e-02,-0.0351562,0.00230437,4.88803
8.0970e-02,-0.0360938,0.00134844,4.88396
8.0980e-02,-0.0310937,0.00117531,4.92178
8.0990e-02,-0.038125,0.000578438,4.87803
8.1000e-02,-0.0332812,0.000831875,4.92771
8.1010e-02,-0.0476562,0.00149469,4.92928
8.1020e-02,-0.0396875,0.00171094,4.8749
8.1030e-02,-0.0323438,0.00209906,4.89959
8.1040e-02,-0.0439063,0.00192344,4.88896
8.1050e-02,-0.0365625,0.00121594,4.91896
8.1060e-02,-0.0373438,0.000865938,4.92802
8.1070e-02,-0.0428125,0.00125,4.92802
8.1080e-02,-0.0504687,0.00160031,4.90396
8.1090e-02,-0.0260937,0.0026175,4.90084
8.1100e-02,-0.0429688,0.00270219,4.87865
8.1110e-02,-0.0453125,0.00289563,4.8799
8.1120e-02,-0.0367188,0.00183,4.9249
8.1130e-02,-0.0298438,0.00197906,4.91521
8.1140e-02,-0.0246875,0.00103812,4.91584
8.1150e-02,-0.0425,0.000570313,4.93365
8.1160e-02,-0.0357813,0.00160438,4.88771
8.1170e-02,-0.0534375,0.00255156,4.88865
8.1180e-02,-0.0420312,0.00174969,4.89771
8.1190e-02,-0.0376563,0.00175563,4.88334
8.1200e-02,-0.03,0.0015525,4.88396
8.1210e-02,-0.0398437,0.00138938,4.90771
8.1220e-02,-0.0448438,0.000816875,4.90428
8.1230e-02,-0.041875,0.00120594,4.90021
8.1240e-02,-0.0345312,0.0015975,4.8849
8.1250e-02,-0.0378125,0.00096,4.86021
8.1260e-02,-0.0435938,0.00209531,4.88177
8.1270e-02,-0.0301563,0.00245625,4.92084
8.1280e-02,-0.036875,0.00149375,4.8924
8.1290e-02,-0.0357813,0.000918438,4.90459
8.1300e-02,-0.0395313,0.00111438,4.92334
8.1310e-02,-0.0414063,0.00162438,4.88927
8.1320e-02,-0.0467188,0.001405,4.89865
8.1330e-02,-0.0359375,0.00259188,4.90115
8.1340e-02,-0.0451563,0.00213781,4.90302
8.1350e-02,-0.0339062,0.00154875,4.89646
8.1360e-02,-0.0346875,0.00225656,4.89209
8.1370e-02,-0.038125,0.00169906,4.93521
8.1380e-02,-0.0226562,0.00143625,4.9274
8.1390e-02,-0.0398437,0.00127375,4.91709
8.1400e-02,-0.03625,0.00180531,4.88459
8.1410e-02,-0.0429688,0.00239906,4.87771
8.1420e-02,-0.0448438,0.00326844,4.86615
8.1430e-02,-0.035,0.00179063,4.87615
8.1440e-02,-0.0353125,0.000922813,4.9099
8.1450e-02,-0.0421875,0.00123313,4.9249
8.1460e-02,-0.040625,0.00123469,4.90834
8.1470e-02,-0.0529687,0.00118063,4.88771
8.1480e-02,-0.0490625,0.00191219,4.84771
8.1490e-02,-0.0379688,0.0027925,4.88896
8.1500e-02,-0.0445313,0.00204906,4.87177
8.1510e-02,-0.0503125,0.00192594,4.89865
8.1520e-02,-0.0367188,0.00156313,4.90115
8.1530e-02,-0.038125,0.000985,4.92115
8.1540e-02,-0.0348437,0.000300625,4.91271
8.1550e-02,-0.0459375,0.00138906,4.88459
8.1560e-02,-0.0404687,0.00148594,4.87584
8.1570e-02,-0.04,0.0017075,4.87803
8.1580e-02,-0.0390625,0.00112625,4.88115
8.1590e-02,-0.043125,0.0014875,4.92459
8.1600e-02,-0.0321875,0.00151031,4.9449
8.1610e-02,-0.031875,0.000461875,4.91834
8.1620e-02,-0.0440625,0.000809688,4.90302
8.1630e-02,-0.030625,0.00105594,4.86709
8.1640e-02,-0.0332812,0.00176094,4.89521
8.1650e-02,-0.0339062,0.00218375,4.88177
8.1660e-02,-0.0384375,0.00185125,4.89334
8.1670e-02,-0.0429688,0.00236313,4.89834
8.1680e-02,-0.0426562,0.00162781,4.8949
8.1690e-02,-0.038125,0.00118656,4.90521
8.1700e-02,-0.03375,0.00119125,4.89428
8.1710e-02,-0.054375,0.00128531,4.88615
8.1720e-02,-0.0392187,0.002155,4.86834
8.1730e-02,-0.044375,0.00176531,4.8899
8.1740e-02,-0.02875,0.00180688,4.91427
8.1750e-02,-0.0459375,0.00202281,4.94584
8.1760e-02,-0.0276563,0.00098125,4.90084
8.1770e-02,-0.0376563,0.00153969,4.9049
8.1780e-02,-0.03625,0.00194844,4.86896
8.1790e-02,-0.0473438,0.00178375,4.8899
8.1800e-02,-0.0459375,0.00227563,4.88115
8.1810e-02,-0.0426562,0.00235688,4.8899
8.1820e-02,-0.0367188,0.00209281,4.89365
8.1830e-02,-0.0353125,0.00111219,4.92521
8.1840e-02,-0.0459375,0.00141844,4.91396
8.1850e-02,-0.0448438,0.00133281,4.90428
8.1860e-02,-0.0409375,0.000629375,4.8524
8.1870e-02,-0.04375,0.000988438,4.89771
8.1880e-02,-0.039375,0.0026125,4.89646
8.1890e-02,-0.0334375,0.00218438,4.87803
8.1900e-02,-0.0545313,0.00198781,4.89865
8.1910e-02,-0.0290625,0.00187875,4.90521
8.1920e-02,-0.0310937,0.00147406,4.88678
8.1930e-02,-0.0423437,0.00133906,4.87927
8.1940e-02,-0.0484375,0.00110906,4.87365
8.1950e-02,-0.0326562,0.00227781,4.88396
8.1960e-02,-0.0371875,0.00142219,4.86928
8.1970e-02,-0.045,0.0018625,4.89771
8.1980e-02,-0.0378125,0.00215375,4.92303
8.1990e-02,-0.0503125,0.00216844,4.89865
8.2000e-02,-0.0192187,0.000717813,4.90021
8.2010e-02,-0.0321875,0.00132563,4.86959
8.2020e-02,-0.0296875,0.00134719,4.86271
8.2030e-02,-0.034375,0.00126188,4.89771
8.2040e-02,-0.0359375,0.00173313,4.89834
8.2050e-02,-0.0460938,0.00222031,4.90553
8.2060e-02,-0.0479688,0.000960938,4.86865
8.2070e-02,-0.0409375,0.00146563,4.8974
8.2080e-02,-0.0501562,0.001405,4.89771
8.2090e-02,-0.0485938,0.00113219,4.87803
8.2100e-02,-0.0465625,0.00148875,4.89865
8.2110e-02,-0.039375,0.00173031,4.91928
8.2120e-02,-0.0373438,0.00204781,4.88552
8.2130e-02,-0.0467188,0.00189375,4.91271
8.2140e-02,-0.0410937,0.00258031,4.89428
8.2150e-02,-0.0379688,0.00179031,4.86678
8.2160e-02,-0.0446875,0.000969688,4.88177
8.2170e-02,-0.0479688,0.000945313,4.88302
8.2180e-02,-0.0476562,0.0024675,4.90428
8.2190e-02,-0.0510938,0.00174594,4.91553
8.2200e-02,-0.0407813,0.001445,4.9249
8.2210e-02,-0.0495312,0.00222156,4.93865
8.2220e-02,-0.0453125,0.00162313,4.89584
8.2230e-02,-0.0378125,0.00114125,4.89334
8.2240e-02,-0.0489062,0.00103812,4.89021
8.2250e-02,-0.0501562,0.00149281,4.90521
8.2260e-02,-0.0442188,0.0007,4.9099
8.2270e-02,-0.0529687,0.00166594,4.91084
8.2280e-02,-0.0320312,0.00165094,4.91334
8.2290e-02,-0.0476562,0.00156594,4.89771
8.2300e-02,-0.036875,0.00183906,4.89115
8.2310e-02,-0.0373438,0.00238313,4.89146
8.2320e-02,-0.0389063,0.00156688,4.8999
8.2330e-02,-0.0354688,0.00186,4.88552
8.2340e-02,-0.0398437,0.00192094,4.92146
8.2350e-02,-0.0432813,0.00137438,4.88615
8.2360e-02,-0.0396875,0.00117594,4.89584
8.2370e-02,-0.0498438,0.00174906,4.90834
8.2380e-02,-0.0521875,0.00135656,4.89146
8.2390e-02,-0.0345312,0.00149563,4.8674
8.2400e-02,-0.0504687,0.000678125,4.88834
8.2410e-02,-0.0434375,0.00123219,4.89334
8.2420e-02,-0.0435938,0.00120688,4.91427
8.2430e-02,-0.0315625,0.00212219,4.89771
8.2440e-02,-0.0373438,0.00186875,4.91334
8.2450e-02,-0.03375,0.00201844,4.88771
8.2460e-02,-0.035,0.000773125,4.8974
8.2470e-02,-0.041875,0.000540312,4.88365
8.2480e-02,-0.0290625,0.00122406,4.89709
8.2490e-02,-0.0410937,0.00146156,4.90021
8.2500e-02,-0.0421875,0.00175531,4.90396
8.2510e-02,-0.0379688,0.00171969,4.94053
8.2520e-02,-0.0264062,0.00153719,4.88521
8.2530e-02,-0.0478125,0.00125719,4.86802
8.2540e-02,-0.0285938,0.00132219,4.86053
8.2550e-02,-0.048125,0.000799375,4.8749
8.2560e-02,-0.0340625,0.00156594,4.90021
8.2570e-02,-0.0485938,0.00152656,4.90553
8.2580e-02,-0.036875,0.00134531,4.91365
8.2590e-02,-0.0348437,0.00188438,4.93334
8.2600e-02,-0.0173438,0.00169594,4.90553
8.2610e-02,-0.0348437,0.00183781,4.89302
8.2620e-02,-0.0504687,0.000777188,4.88209
8.2630e-02,-0.0490625,0.00140969,4.9099
8.2640e-02,-0.0490625,0.00192781,4.92146
8.2650e-02,-0.0404687,0.00233344,4.88865
8.2660e-02,-0.053125,0.002475,4.90365
8.2670e-02,-0.040625,0.00148625,4.93115
8.2680e-02,-0.0496875,0.00218875,4.85896
8.2690e-02,-0.0465625,0.00166313,4.86459
8.2700e-02,-0.0390625,0.00179594,4.85802
8.2710e-02,-0.0354688,0.0011775,4.90084
8.2720e-02,-0.0389063,0.00095,4.89865
8.2730e-02,-0.0570313,0.0012575,4.9424
8.2740e-02,-0.04875,0.00182,4.89709
8.2750e-02,-0.033125,0.00213031,4.8949
8.2760e-02,-0.0410937,0.00122094,4.88459
8.2770e-02,-0.0473438,0.001345,4.8724
8.2780e-02,-0.0442188,0.00139188,4.91521
8.2790e-02,-0.0604688,0.00140563,4.9199
8.2800e-02,-0.0457813,0.00178781,4.90584
8.2810e-02,-0.04375,0.00197344,4.92209
8.2820e-02,-0.0420312,0.00150563,4.92521
8.2830e-02,-0.0340625,0.001505,4.91521
8.2840e-02,-0.0273438,0.00168656,4.89302
8.2850e-02,-0.0432813,0.00144281,4.89896
8.2860e-02,-0.036875,0.000815625,4.88334
8.2870e-02,-0.0434375,0.00137594,4.91615
8.2880e-02,-0.0417187,0.00131281,4.9324
8.2890e-02,-0.035625,0.00138813,4.88209
8.2900e-02,-0.035,0.00130625,4.88084
8.2910e-02,-0.04125,0.00252938,4.89084
8.2920e-02,-0.044375,0.00209938,4.87303
8.2930e-02,-0.038125,0.00109688,4.88334
8.2940e-02,-0.0453125,0.00157188,4.90959
8.2950e-02,-0.0360938,0.00138188,4.93303
8.2960e-02,-0.044375,0.00098375,4.91084
8.2970e-02,-0.0504687,0.00130438,4.89709
8.2980e-02,-0.0542187,0.00233594,4.8999
8.2990e-02,-0.0295313,0.00213,4.87865
8.3000e-02,-0.0459375,0.001885,4.8974
8.3010e-02,-0.0445313,0.0014675,4.89584
8.3020e-02,-0.0465625,0.00122031,4.87959
8.3030e-02,-0.0428125,0.00175531,4.9099
8.3040e-02,-0.04375,0.00177313,4.89771
8.3050e-02,-0.0453125,0.00264563,4.91459
8.3060e-02,-0.0301563,0.0022375,4.87865
8.3070e-02,-0.031875,0.00111,4.86802
8.3080e-02,-0.0392187,0.00168906,4.89053
8.3090e-02,-0.0320312,0.000989375,4.89334
8.3100e-02,-0.03125,0.00147625,4.89959
8.3110e-02,-0.044375,0.00104219,4.90146
8.3120e-02,-0.0442188,0.00109563,4.90865
8.3130e-02,-0.0526563,0.0017925,4.89927
8.3140e-02,-0.0320312,0.00148031,4.90053
8.3150e-02,-0.0384375,0.00197656,4.89178
8.3160e-02,-0.0371875,0.00199375,4.86802
8.3170e-02,-0.0298438,0.00180438,4.89459
8.3180e-02,-0.0489062,0.00128531,4.89552
8.3190e-02,-0.0439063,0.00127,4.92334
8.3200e-02,-0.0376563,0.00163844,4.91334
8.3210e-02,-0.0509375,0.00265813,4.88396
8.3220e-02,-0.0470312,0.00205094,4.87396
8.3230e-02,-0.0434375,0.00178219,4.8799
8.3240e-02,-0.0459375,0.000666875,4.93084
8.3250e-02,-0.0453125,0.001205,4.92584
8.3260e-02,-0.033125,0.000604375,4.93427
8.3270e-02,-0.048125,0.00101469,4.94427
8.3280e-02,-0.0479688,0.00191281,4.90209
8.3290e-02,-0.049375,0.00187563,4.86678
8.3300e-02,-0.05375,0.00239,4.86146
8.3310e-02,-0.0414063,0.00192719,4.9049
8.3320e-02,-0.0392187,0.00169125,4.91427
8.3330e-02,-0.031875,0.00108875,4.93052
8.3340e-02,-0.0351562,0.00092375,4.91584
8.3350e-02,-0.0440625,0.00128563,4.89021
8.3360e-02,-0.0289063,0.00140438,4.8999
8.3370e-02,-0.036875,0.00149125,4.87303
8.3380e-02,-0.0510938,0.00208219,4.89552
8.3390e-02,-0.0482812,0.00208906,4.88428
8.3400e-02,-0.0414063,0.00103469,4.9074
8.3410e-02,-0.0435938,0.0008775,4.91427
8.3420e-02,-0.0432813,0.000679688,4.92615
8.3430e-02,-0.05,0.00105688,4.88428
8.3440e-02,-0.0501562,0.00210844,4.87396
8.3450e-02,-0.0410937,0.00198125,4.87334
8.3460e-02,-0.0495312,0.00160469,4.88771
8.3470e-02,-0.0565625,0.0017925,4.90959
8.3480e-02,-0.0426562,0.00230156,4.91146
8.3490e-02,-0.0478125,0.00132688,4.9324
8.3500e-02,-0.0389063,0.00150438,4.9124
8.3510e-02,-0.038125,0.00060125,4.87709
8.3520e-02,-0.0532813,0.00220469,4.8674
8.3530e-02,-0.0501562,0.00212625,4.89959
8.3540e-02,-0.0489062,0.00231594,4.89021
8.3550e-02,-0.0417187,0.00217031,4.90271
8.3560e-02,-0.035625,0.00160094,4.93365
8.3570e-02,-0.0515625,0.000985625,4.90302
8.3580e-02,-0.0321875,0.002095,4.90646
8.3590e-02,-0.0564063,0.00122937,4.86427
8.3600e-02,-0.0426562,0.000968125,4.8849
8.3610e-02,-0.0464062,0.00212344,4.90396
8.3620e-02,-0.0426562,0.00221156,4.90302
8.3630e-02,-0.0378125,0.00175594,4.8849
8.3640e-02,-0.041875,0.00115813,4.90928
8.3650e-02,-0.048125,0.00154906,4.91646
8.3660e-02,-0.0325,0.00164531,4.90178
8.3670e-02,-0.046875,0.00226938,4.88146
8.3680e-02,-0.0346875,0.00209094,4.88896
8.3690e-02,-0.0375,0.00213906,4.89115
8.3700e-02,-0.049375,0.00230875,4.89396
8.3710e-02,-0.0439063,0.00178156,4.88709
8.3720e-02,-0.0496875,0.00149875,4.93678
8.3730e-02,-0.0401563,0.00106844,4.88428
8.3740e-02,-0.045,0.000992812,4.90584
8.3750e-02,-0.0510938,0.00128406,4.86552
8.3760e-02,-0.05,0.00196906,4.8699
8.3770e-02,-0.0428125,0.00265531,4.89959
8.3780e-02,-0.038125,0.00209125,4.90271
8.3790e-02,-0.0392187,0.00191906,4.9349
8.3800e-02,-0.03875,0.00133969,4.91021
8.3810e-02,-0.0420312,0.00128,4.87209
8.3820e-02,-0.035625,0.001045,4.89084
8.3830e-02,-0.0429688,0.00174063,4.88552
8.3840e-02,-0.0379688,0.00200687,4.89146
8.3850e-02,-0.0471875,0.00172438,4.8749
8.3860e-02,-0.04,0.00195563,4.91615
8.3870e-02,-0.0403125,0.00177313,4.91396
8.3880e-02,-0.0370313,0.0016125,4.90084
8.3890e-02,-0.0265625,0.00142,4.88834
8.3900e-02,-0.0420312,0.000625313,4.8849
8.3910e-02,-0.0484375,0.00155813,4.87959
8.3920e-02,-0.0485938,0.00194656,4.88271
8.3930e-02,-0.0398437,0.00242938,4.9124
8.3940e-02,-0.0446875,0.00259844,4.91052
8.3950e-02,-0.0457813,0.00144313,4.91021
8.3960e-02,-0.041875,0.00062625,4.90615
8.3970e-02,-0.0389063,0.00087625,4.87271
8.3980e-02,-0.0410937,0.00111781,4.84553
8.3990e-02,-0.049375,0.00173844,4.88771
8.4000e-02,-0.0439063,0.00201563,4.90396
8.4010e-02,-0.05625,0.00244406,4.92396
8.4020e-02,-0.0304688,0.00163094,4.91646
8.4030e-02,-0.0407813,0.000908125,4.87865
8.4040e-02,-0.0414063,0.00112563,4.88709
8.4050e-02,-0.0567187,0.00069625,4.87771
8.4060e-02,-0.0454688,0.00142656,4.89803
8.4070e-02,-0.040625,0.00109125,4.87834
8.4080e-02,-0.043125,0.0022125,4.92865
8.4090e-02,-0.0334375,0.00224094,4.92115
8.4100e-02,-0.0423437,0.00190531,4.91521
8.4110e-02,-0.0475,0.00125,4.89396
8.4120e-02,-0.03625,0.00144531,4.86678
8.4130e-02,-0.0548437,0.000895313,4.88834
8.4140e-02,-0.0434375,0.00116469,4.87303
8.4150e-02,-0.0464062,0.00138031,4.90271
8.4160e-02,-0.0371875,0.00235719,4.9299
8.4170e-02,-0.0482812,0.00224313,4.90865
8.4180e-02,-0.0346875,0.00153406,4.8799
8.4190e-02,-0.044375,0.000604375,4.93052
8.4200e-02,-0.0389063,0.00099125,4.84709
8.4210e-02,-0.033125,0.000820313,4.90021
8.4220e-02,-0.0467188,0.00137125,4.89209
8.4230e-02,-0.0460938,0.00215781,4.91615
8.4240e-02,-0.0467188,0.00331156,4.91396
8.4250e-02,-0.0454688,0.00188031,4.92584
8.4260e-02,-0.0385937,0.00065,4.91302
8.4270e-02,-0.0584375,0.00089375,4.89834
8.4280e-02,-0.0475,0.00058625,4.8474
8.4290e-02,-0.0532813,0.000287188,4.90896
8.4300e-02,-0.03875,0.00165,4.87709
8.4310e-02,-0.04875,0.00236094,4.90365
8.4320e-02,-0.0417187,0.00248656,4.90865
8.4330e-02,-0.0498438,0.00217844,4.8699
8.4340e-02,-0.0498438,0.00064625,4.89334
8.4350e-02,-0.0440625,-0.000448125,4.88927
8.4360e-02,-0.055,5e-06,4.89178
8.4370e-02,-0.0428125,0.00167656,4.90334
8.4380e-02,-0.0507812,0.003105,4.91959
8.4390e-02,-0.0467188,0.00444406,4.91928
8.4400e-02,-0.0479688,0.00390063,4.90865
8.4410e-02,-0.0573437,0.00261406,4.91896
8.4420e-02,-0.0467188,0.00172563,4.90646
8.4430e-02,-0.0429688,0.00178031,4.88709
8.4440e-02,-0.0495312,0.00158313,4.87209
8.4450e-02,-0.0482812,0.00171469,4.93146
8.4460e-02,-0.0540625,0.00163781,4.8849
8.4470e-02,-0.0367188,0.001605,4.92396
8.4480e-02,-0.0523437,0.00165656,4.94177
8.4490e-02,0.825156,0.000994063,4.87209
8.4500e-02,1.73672,-0.00067375,4.87615
8.4510e-02,2.24562,-0.00251594,4.87709
8.4520e-02,1.88875,-0.00353406,4.92084
8.4530e-02,0.217031,-0.003775,4.90084
8.4540e-02,0.10125,-0.00401406,4.91677
8.4550e-02,0.101562,-0.0040275,4.94084
8.4560e-02,0.0940625,-0.003955,4.91771
8.4570e-02,0.075625,-0.00401688,4.92209
8.4580e-02,0.0704687,-0.00391188,4.87365
8.4590e-02,0.0664062,-0.00399219,4.90365
8.4600e-02,0.0590625,-0.00415344,4.9024
8.4610e-02,0.0479688,-0.00380719,4.92834
8.4620e-02,0.0498437,-0.00381219,4.92646
8.4630e-02,0.0425,-0.00390438,4.91115
8.4640e-02,0.0517187,-0.00399469,4.89677
8.4650e-02,0.0395313,-0.00382094,4.89959
8.4660e-02,0.04,-0.00393719,4.89521
8.4670e-02,0.0351562,-0.00383563,4.89709
8.4680e-02,0.0326562,-0.00377563,4.91709
8.4690e-02,0.038125,-0.00385,4.90334
8.4700e-02,0.036875,-0.00378281,4.93896
8.4710e-02,0.0273438,-0.00398344,4.91959
8.4720e-02,0.0179688,-0.00402937,4.9124
8.4730e-02,0.0154687,-0.00382375,4.88209
8.4740e-02,0.019375,-0.00386313,4.89865
8.4750e-02,0.0267188,-0.00202719,4.91334
8.4760e-02,0.014375,-0.0019375,4.90771
8.4770e-02,0.0242188,-0.000515313,4.91584
8.4780e-02,0.019375,-3.1875e-05,4.91677
8.4790e-02,0.00515625,0.00161438,4.88678
8.4800e-02,0.0084375,0.00222406,4.89396
8.4810e-02,0.006875,0.00214531,4.87084
8.4820e-02,0.0123437,0.00182406,4.8924
8.4830e-02,0.00171875,0.00126219,4.8874
8.4840e-02,0.0160938,0.000935625,4.88865
8.4850e-02,0.0192188,0.000267188,4.91271
8.4860e-02,0.00609375,0.000750625,4.91896
8.4870e-02,0.0025,0.00234531,4.89334
8.4880e-02,-0.0046875,0.00207844,4.89021
8.4890e-02,0.00921875,0.00196031,4.87584
8.4900e-02,0.014375,0.00190719,4.87552
8.4910e-02,-0.00125,0.00139188,4.90584
8.4920e-02,-0.00203125,0.000641875,4.92427
8.4930e-02,0.008125,0.00146,4.91896
8.4940e-02,0.00421875,0.00159781,4.90646
8.4950e-02,0.001875,0.00224719,4.8874
8.4960e-02,0.0028125,0.00251938,4.86959
8.4970e-02,-0.00859375,0.00290594,4.87709
8.4980e-02,-0.00453125,0.00249969,4.89896
8.4990e-02,0.0021875,0.00078375,4.91553
8.5000e-02,-0.00046875,0.0004475,4.90896
8.5010e-02,-0.00578125,0.00104188,4.88771
8.5020e-02,-0.0120313,0.00168156,4.90646
8.5030e-02,-0.00671875,0.00191094,4.87896
8.5040e-02,-0.008125,0.0025175,4.8799
8.5050e-02,0.0071875,0.00231375,4.8749
8.5060e-02,-0.0148437,0.00112938,4.89334
8.5070e-02,-0.00703125,0.00109906,4.91677
8.5080e-02,-0.0065625,0.00106594,4.89053
8.5090e-02,0.0139062,0.00206438,4.90677
8.5100e-02,-0.0117188,0.00181938,4.90709
8.5110e-02,-0.0117188,0.00154813,4.85584
8.5120e-02,0.00109375,0.00226781,4.88709
8.5130e-02,-0.015625,0.00189438,4.87334
8.5140e-02,-0.0084375,0.000605313,4.88927
8.5150e-02,-0.00359375,0.000339063,4.90677
8.5160e-02,-0.0190625,0.000679063,4.92271
8.5170e-02,0.00390625,0.00050375,4.91959
8.5180e-02,-0.0109375,0.00241906,4.88271
8.5190e-02,-0.015,0.00143563,4.9024
8.5200e-02,-0.0140625,0.00225063,4.87771
8.5210e-02,-0.0126563,0.0015025,4.8999
8.5220e-02,-0.00640625,0.00144313,4.91615
8.5230e-02,0.00453125,0.0004425,4.91427
8.5240e-02,-0.00328125,0.000315938,4.9149
8.5250e-02,-0.00859375,0.00185031,4.87271
8.5260e-02,-0.0115625,0.00230219,4.88209
8.5270e-02,0.0009375,0.00239844,4.89803
8.5280e-02,-0.020625,0.00163719,4.89178
8.5290e-02,-0.0110937,0.000414688,4.91021
8.5300e-02,-0.00375,0.001115,4.88834
8.5310e-02,-0.0132813,0.00129125,4.92303
8.5320e-02,-0.0126563,0.00121531,4.88115
8.5330e-02,-0.0251563,0.00114656,4.8749
8.5340e-02,-0.00890625,0.000961875,4.86928
8.5350e-02,-0.0145312,0.001745,4.90396
8.5360e-02,-0.0220313,0.00189313,4.91209
8.5370e-02,-0.0157813,0.000800938,4.93365
8.5380e-02,-0.00484375,0.000728438,4.89646
8.5390e-02,-0.0157813,0.00110938,4.90271
8.5400e-02,-0.0145312,0.00111344,4.88927
8.5410e-02,-0.0139063,0.00111375,4.87115
8.5420e-02,-0.0246875,0.001315,4.88053
8.5430e-02,-0.00328125,0.00178281,4.87365
8.5440e-02,-0.015,0.00177,4.88021
8.5450e-02,-0.0165625,0.00166594,4.91365
8.5460e-02,-0.0189062,0.00133938,4.89646
8.5470e-02,-0.00875,0.00128781,4.89302
8.5480e-02,-0.0184375,0.000520313,4.87865
8.5490e-02,-0.0120313,0.0011425,4.86552
8.5500e-02,-0.0110937,0.00138938,4.87709
8.5510e-02,-0.00734375,0.00198438,4.89053
8.5520e-02,-0.0134375,0.00192563,4.90053
8.5530e-02,-0.0189062,0.00129625,4.90771
8.5540e-02,-0.0065625,0.00130469,4.9074
8.5550e-02,-0.0159375,0.00126219,4.88365
8.5560e-02,-0.020625,0.00132,4.89334
8.5570e-02,-0.0175,0.00179813,4.88302
8.5580e-02,-0.0178125,0.00249,4.89115
8.5590e-02,-0.0071875,0.00233938,4.92271
8.5600e-02,-0.011875,0.00136844,4.90959
8.5610e-02,-0.0151562,0.001675,4.90834
8.5620e-02,-0.0226562,0.00153813,4.88459
8.5630e-02,0.00125,0.00107281,4.89803
8.5640e-02,-0.015625,0.00125031,4.88021
8.5650e-02,-0.0125,0.00179688,4.9049
8.5660e-02,-0.0115625,0.00150406,4.89271
8.5670e-02,-0.0148437,0.00203563,4.87552
8.5680e-02,-0.00703125,0.00200719,4.89646
8.5690e-02,-0.0223437,0.00144875,4.89615
8.5700e-02,-0.0123438,0.00131656,4.87865
8.5710e-02,-0.0253125,0.000905625,4.8724
8.5720e-02,-0.0265625,0.00108125,4.87584
8.5730e-02,-0.00078125,0.00162906,4.88615
8.5740e-02,-0.00859375,0.0020875,4.89927
8.5750e-02,-0.0146875,0.00184313,4.91928
8.5760e-02,-0.0175,0.00164656,4.90302
8.5770e-02,-0.0195312,0.00138844,4.90146
8.5780e-02,-0.0225,0.00176188,4.87896
8.5790e-02,-0.0135937,0.000741875,4.8849
8.5800e-02,-0.0157813,0.00131625,4.86771
8.5810e-02,-0.0284375,0.00160844,4.88302
8.5820e-02,-0.0264062,0.00150719,4.90209
8.5830e-02,-0.0285938,0.00278719,4.88115
8.5840e-02,-0.02625,0.0023525,4.90396
8.5850e-02,-0.033125,0.000846875,4.9099
8.5860e-02,-0.0303125,0.000786563,4.8849
8.5870e-02,-0.0151562,0.00164688,4.89521
8.5880e-02,-0.0167188,0.00109031,4.87115
8.5890e-02,-0.0184375,0.00234906,4.89021
8.5900e-02,-0.0292188,0.00189438,4.9274
8.5910e-02,-0.0198438,0.00196094,4.91521
8.5920e-02,-0.0175,0.00135063,4.89896
8.5930e-02,-0.0159375,0.00120688,4.86896
8.5940e-02,-0.020625,0.000956875,4.90084
8.5950e-02,-0.0170313,0.0015625,4.88552
8.5960e-02,-0.03125,0.00146563,4.89271
8.5970e-02,-0.02,0.00208375,4.89209
8.5980e-02,-0.0148437,0.00148125,4.90146
8.5990e-02,-0.0360938,0.00190344,4.91584
8.6000e-02,-0.0145312,0.00160375,4.91365
8.6010e-02,-0.018125,0.00155094,4.88552
8.6020e-02,-0.03375,0.00160375,4.87459
8.6030e-02,-0.0176563,0.00171125,4.89021
8.6040e-02,-0.02875,0.00197688,4.88959
8.6050e-02,-0.0109375,0.00157063,4.89834
8.6060e-02,-0.0267187,0.00213875,4.8999
8.6070e-02,-0.0265625,0.00226813,4.87834
8.6080e-02,-0.0129688,0.0008225,4.89834
8.6090e-02,-0.0245313,0.000822813,4.89771
8.6100e-02,-0.0234375,0.00160438,4.87678
8.6110e-02,-0.0179687,0.000893125,4.89959
8.6120e-02,-0.0251563,0.00131906,4.9274
8.6130e-02,-0.0271875,0.0013925,4.90615
8.6140e-02,-0.0117188,0.0017525,4.87021
8.6150e-02,-0.0215625,0.000885,4.88459
8.6160e-02,-0.0290625,0.00153875,4.89271
8.6170e-02,-0.0059375,0.00115031,4.8649
8.6180e-02,-0.0248438,0.001595,4.88053
8.6190e-02,-0.024375,0.000840313,4.90021
8.6200e-02,-0.03,0.0018225,4.95271
8.6210e-02,-0.0259375,0.00168375,4.94334
8.6220e-02,-0.0178125,0.00173219,4.91521
8.6230e-02,-0.020625,0.00128844,4.89552
8.6240e-02,-0.0192187,0.000848438,4.86521
8.6250e-02,-0.0360938,0.00108188,4.86709
8.6260e-02,-0.00953125,0.000781563,4.9149
8.6270e-02,-0.03125,0.00169313,4.90084
8.6280e-02,-0.0285938,0.0022925,4.89615
8.6290e-02,-0.0285938,0.0017925,4.90459
8.6300e-02,-0.0203125,0.00210719,4.91146
8.6310e-02,-0.028125,0.00233875,4.90115
8.6320e-02,-0.0254688,0.00132313,4.86521
8.6330e-02,-0.025625,0.000730938,4.86834
8.6340e-02,-0.0254688,0.000616875,4.87428
8.6350e-02,-0.033125,0.00133969,4.9174
8.6360e-02,-0.0279688,0.00162469,4.89959
8.6370e-02,-0.0275,0.0014575,4.91334
8.6380e-02,-0.0323438,0.0022975,4.88146
8.6390e-02,-0.0357813,0.00180781,4.88459
8.6400e-02,-0.0217188,0.00170875,4.87303
8.6410e-02,-0.0214063,0.00163,4.88084
8.6420e-02,-0.0195312,0.00141781,4.89146
8.6430e-02,-0.0296875,0.00217375,4.90084
8.6440e-02,-0.0204688,0.00272594,4.90365
8.6450e-02,-0.0278125,0.00259313,4.8674
8.6460e-02,-0.0196875,0.00203406,4.87615
8.6470e-02,-0.028125,0.00148531,4.86584
8.6480e-02,-0.0301563,0.00123031,4.89084
8.6490e-02,-0.0314062,0.00128781,4.91021
8.6500e-02,-0.0323438,0.000780938,4.91178
8.6510e-02,-0.0320312,0.00181469,4.90709
8.6520e-02,-0.0303125,0.001265,4.91646
8.6530e-02,-0.0310937,0.00189406,4.88678
8.6540e-02,-0.0295313,0.00150625,4.86396
8.6550e-02,-0.0351562,0.00113219,4.88896
8.6560e-02,-0.0267187,0.001575,4.90271
8.6570e-02,-0.0239063,0.00149531,4.9124
8.6580e-02,-0.03375,0.00251313,4.9074
8.6590e-02,-0.0214063,0.00188813,4.89646
8.6600e-02,-0.03625,0.00221438,4.88209
8.6610e-02,-0.0214063,0.00207406,4.87177
8.6620e-02,-0.02125,0.00192469,4.89334
8.6630e-02,-0.0214063,0.00195813,4.87396
8.6640e-02,-0.0129688,0.00133844,4.89178
8.6650e-02,-0.0217188,0.00108406,4.92396
8.6660e-02,-0.0296875,0.00172688,4.89209
8.6670e-02,-0.0384375,0.001755,4.88584
8.6680e-02,-0.0134375,0.00189375,4.88959
8.6690e-02,-0.0326562,0.00211813,4.87459
8.6700e-02,-0.0245313,0.00151031,4.85427
8.6710e-02,-0.0304688,0.00136781,4.86584
8.6720e-02,-0.0215625,0.00112188,4.89615
8.6730e-02,-0.028125,0.000736563,4.87896
8.6740e-02,-0.0210938,0.00126063,4.91302
8.6750e-02,-0.0260937,0.00169469,4.89428
8.6760e-02,-0.0301563,0.00212781,4.86084
8.6770e-02,-0.0265625,0.00235094,4.87396
8.6780e-02,-0.031875,0.00140031,4.86427
8.6790e-02,-0.0328125,0.000986875,4.89302
8.6800e-02,-0.0257812,0.00142,4.91803
8.6810e-02,-0.0335937,0.00115781,4.88521
8.6820e-02,-0.0271875,0.00164656,4.92209
8.6830e-02,-0.031875,0.00179438,4.88271
8.6840e-02,-0.020625,0.002405,4.87271
8.6850e-02,-0.0226562,0.00209375,4.89584
8.6860e-02,-0.04,0.00182781,4.91084
8.6870e-02,-0.03375,0.00102219,4.89552
8.6880e-02,-0.0276563,0.00142375,4.90521
8.6890e-02,-0.0320312,0.0017975,4.91396
8.6900e-02,-0.01625,0.00225344,4.91396
8.6910e-02,-0.02125,0.00221094,4.89521
8.6920e-02,-0.0320312,0.00216219,4.87771
8.6930e-02,-0.01875,0.00217531,4.88146
8.6940e-02,-0.0221875,0.00149938,4.93365
8.6950e-02,-0.0370313,0.00136406,4.90178
8.6960e-02,-0.0190625,0.000932188,4.89927
8.6970e-02,-0.0346875,0.00134344,4.90428
8.6980e-02,-0.02125,0.00101438,4.88521
8.6990e-02,-0.04125,0.00206813,4.89084
8.7000e-02,-0.033125,0.00250469,4.8624
8.7010e-02,-0.02875,0.00250969,4.87209
8.7020e-02,-0.023125,0.00227219,4.89803
8.7030e-02,-0.0254688,0.00164125,4.9224
8.7040e-02,-0.0195312,0.00169219,4.90615
8.7050e-02,-0.0203125,0.00175688,4.88209
8.7060e-02,-0.0345312,0.00190406,4.88334
8.7070e-02,-0.038125,0.00213406,4.8724
8.7080e-02,-0.02125,0.00186563,4.8749
8.7090e-02,-0.0246875,0.00212094,4.89552
8.7100e-02,-0.030625,0.00140188,4.9174
8.7110e-02,-0.0390625,0.00132219,4.93865
8.7120e-02,-0.0415625,0.00131438,4.92865
8.7130e-02,-0.045,0.00114594,4.89115
8.7140e-02,-0.0284375,0.00136906,4.87896
8.7150e-02,-0.0351562,0.00234156,4.87053
8.7160e-02,-0.0328125,0.002355,4.9174
8.7170e-02,-0.043125,0.00269063,4.89677
8.7180e-02,-0.0440625,0.00167688,4.89771
8.7190e-02,-0.0370313,0.0018475,4.91427
8.7200e-02,-0.0342187,0.000505313,4.90053
8.7210e-02,-0.0271875,0.00153094,4.88365
8.7220e-02,-0.03,0.00133375,4.87053
8.7230e-02,-0.0296875,0.00145313,4.86709
8.7240e-02,-0.0301563,0.00192563,4.88365
8.7250e-02,-0.0451563,0.00112125,4.90896
8.7260e-02,-0.0282813,0.000649375,4.91271
8.7270e-02,-0.029375,0.000142188,4.92396
8.7280e-02,-0.02625,0.000779375,4.90771
8.7290e-02,-0.02125,0.00198906,4.88896
8.7300e-02,-0.0240625,0.00177094,4.89459
8.7310e-02,-0.0285938,0.00185094,4.89021
8.7320e-02,-0.0290625,0.00198562,4.8849
8.7330e-02,-0.0264062,0.00193188,4.87521
8.7340e-02,-0.0364063,0.00105375,4.93834
8.7350e-02,-0.0298438,0.00130219,4.89709
8.7360e-02,-0.028125,0.00158438,4.87709
8.7370e-02,-0.028125,0.00222063,4.87428
8.7380e-02,-0.0284375,0.00282875,4.87552
8.7390e-02,-0.0234375,0.0022025,4.89053
8.7400e-02,-0.024375,0.00202688,4.91115
8.7410e-02,-0.0417187,0.0016925,4.92178
8.7420e-02,-0.0473438,0.000855625,4.91427
8.7430e-02,-0.0232812,0.000796563,4.89115
8.7440e-02,-0.034375,0.000806563,4.87521
8.7450e-02,-0.0410937,0.000914688,4.85959
8.7460e-02,-0.0329688,0.00192219,4.88709
8.7470e-02,-0.036875,0.00226094,4.89709
8.7480e-02,-0.033125,0.000971875,4.89615
8.7490e-02,-0.0185937,0.00135656,4.91709
8.7500e-02,-0.0271875,0.00110688,4.90584
8.7510e-02,-0.0326562,0.000684688,4.86709
8.7520e-02,-0.0485938,0.00079375,4.86021
8.7530e-02,-0.0221875,0.00116313,4.87896
8.7540e-02,-0.034375,0.00115969,4.88646
8.7550e-02,-0.0385937,0.00279188,4.92303
8.7560e-02,-0.0304688,0.00228063,4.9199
8.7570e-02,-0.0346875,0.002055,4.92271
8.7580e-02,-0.0345312,0.00109375,4.87584
8.7590e-02,-0.0404687,0.00122375,4.89521
8.7600e-02,-0.0310937,0.00116469,4.88959
8.7610e-02,-0.0359375,0.00179344,4.8749
8.7620e-02,-0.0335937,0.00201031,4.89803
8.7630e-02,-0.0345312,0.00264094,4.88021
8.7640e-02,-0.0392187,0.00241781,4.90771
8.7650e-02,-0.0285938,0.00216969,4.89521
8.7660e-02,-0.0457813,0.00109313,4.87334
8.7670e-02,-0.0328125,0.00126281,4.88428
8.7680e-02,-0.0296875,0.0012225,4.86365
8.7690e-02,-0.0353125,0.00202438,4.90834
8.7700e-02,-0.0401563,0.00192,4.90834
8.7710e-02,-0.0235938,0.0015025,4.90646
8.7720e-02,-0.0340625,0.00155469,4.91146
8.7730e-02,-0.0301563,0.00163094,4.88584
8.7740e-02,-0.0215625,0.001975,4.8849
8.7750e-02,-0.0265625,0.00221969,4.86021
8.7760e-02,-0.0284375,0.00121063,4.86334
8.7770e-02,-0.0321875,0.00225563,4.92115
8.7780e-02,-0.0346875,0.00245563,4.90646
8.7790e-02,-0.0351562,0.00232438,4.90803
8.7800e-02,-0.0464062,0.00183438,4.92802
8.7810e-02,-0.0264062,0.00161594,4.91365
8.7820e-02,-0.0395313,0.000608438,4.91178
8.7830e-02,-0.0346875,0.000621563,4.87365
8.7840e-02,-0.0328125,0.000945625,4.88271
8.7850e-02,-0.0335937,0.00264156,4.90521
8.7860e-02,-0.038125,0.00314781,4.89803
8.7870e-02,-0.0292188,0.0023725,4.91959
8.7880e-02,-0.0307813,0.00200781,4.89209
8.7890e-02,-0.0479688,0.00162031,4.8924
8.7900e-02,-0.0479688,0.000422813,4.88552
8.7910e-02,-0.0251563,0.000537188,4.88021
8.7920e-02,-0.0421875,0.000765938,4.89365
8.7930e-02,-0.01625,0.00189188,4.89396
8.7940e-02,-0.041875,0.00185594,4.91615
8.7950e-02,-0.0201563,0.00155281,4.89584
8.7960e-02,-0.0370313,0.00141406,4.90771
8.7970e-02,-0.034375,0.00088625,4.86896
8.7980e-02,-0.0360938,0.000714688,4.87803
8.7990e-02,-0.0292188,0.00083125,4.88271
8.8000e-02,-0.0442188,0.00187563,4.91021
8.8010e-02,-0.0403125,0.00271969,4.93834
8.8020e-02,-0.0275,0.00274875,4.92021
8.8030e-02,-0.0207813,0.00141188,4.88552
8.8040e-02,-0.029375,0.000369375,4.89146
8.8050e-02,-0.0395313,0.000380938,4.86177
8.8060e-02,-0.0310937,0.000295625,4.87115
8.8070e-02,-0.030625,0.00094125,4.88959
8.8080e-02,-0.0229687,0.00112125,4.89053
8.8090e-02,-0.0354688,0.00232906,4.91615
8.8100e-02,-0.040625,0.00207938,4.90615
8.8110e-02,-0.030625,0.00182594,4.92646
8.8120e-02,-0.03375,0.0020175,4.8724
8.8130e-02,-0.0345312,0.00050375,4.8699
8.8140e-02,-0.0378125,0.00041125,4.87646
8.8150e-02,-0.026875,0.00174375,4.91459
8.8160e-02,-0.0290625,0.00228312,4.92334
8.8170e-02,-0.0279688,0.00222469,4.89896
8.8180e-02,-0.0360938,0.00303813,4.89084
8.8190e-02,-0.0317188,0.00218844,4.88459
8.8200e-02,-0.0328125,0.00189031,4.88459
8.8210e-02,-0.0296875,0.00057375,4.89365
8.8220e-02,-0.0375,0.000349375,4.88927
8.8230e-02,-0.0395313,0.00105656,4.9024
8.8240e-02,-0.0284375,0.00243719,4.90615
8.8250e-02,-0.0348437,0.00285219,4.9149
8.8260e-02,-0.0378125,0.00280375,4.90146
8.8270e-02,-0.0315625,0.00271438,4.88552
8.8280e-02,-0.03,0.00116875,4.88459
8.8290e-02,-0.0310937,-0.000786875,4.87021
8.8300e-02,-0.04,0.0003125,4.89428
8.8310e-02,-0.0323438,0.00135531,4.90553
8.8320e-02,-0.0307813,0.00264844,4.90146
8.8330e-02,-0.035,0.00444875,4.90084
8.8340e-02,-0.0409375,0.00361969,4.92427
8.8350e-02,-0.0321875,0.00196313,4.86584
8.8360e-02,-0.0373438,-0.000421563,4.8749
8.8370e-02,-0.033125,-0.00106188,4.87927
8.8380e-02,-0.035,0.000283437,4.90021
8.8390e-02,-0.034375,0.003,4.92521
8.8400e-02,-0.0467188,0.005995,4.91677
8.8410e-02,-0.0439063,0.00566219,4.89334
8.8420e-02,-0.04125,0.00247313,4.87959
8.8430e-02,-0.0425,-0.000888438,4.89115
8.8440e-02,-0.04125,-0.00392969,4.9024
8.8450e-02,-0.0345312,-0.00349781,4.90553
8.8460e-02,-0.0496875,0.000398438,4.9049
8.8470e-02,-0.0339062,0.00421625,4.90928
8.8480e-02,-0.040625,0.00812812,4.93865
8.8490e-02,-0.0239063,0.00686031,4.89865
8.8500e-02,-0.0354688,0.00390156,4.86834
8.8510e-02,-0.0332812,-0.00214406,4.89084
8.8520e-02,-0.046875,-0.00498281,4.87521
8.8530e-02,-0.03375,-0.00469375,4.91615
8.8540e-02,-0.0371875,-0.000378125,4.92115
8.8550e-02,-0.040625,0.004885,4.91459
8.8560e-02,-0.0292188,0.00762313,4.91427
8.8570e-02,-0.0315625,0.00767813,4.87865
8.8580e-02,-0.0354688,0.00432344,4.8699
8.8590e-02,-0.04625,-0.0013275,4.90021
8.8600e-02,-0.0407813,-0.00315594,4.89552
8.8610e-02,-0.0448438,-0.00242719,4.91865
8.8620e-02,-0.0448438,0.000615,4.90146
8.8630e-02,-0.0445313,0.00360938,4.9024
8.8640e-02,-0.0459375,0.00527188,4.91052
8.8650e-02,-0.04375,0.0043225,4.88865
8.8660e-02,-0.035,0.00251438,4.90084
8.8670e-02,-0.0360938,-0.00055625,4.89896
8.8680e-02,-0.0364063,-0.00180844,4.88396
8.8690e-02,-0.0329688,4.09375e-05,4.91271
8.8700e-02,-0.0382813,0.00185094,4.90834
8.8710e-02,-0.0420312,0.00292813,4.93959
8.8720e-02,-0.0296875,0.00379063,4.87271
8.8730e-02,-0.0414063,0.00278688,4.87021
8.8740e-02,-0.0323438,0.00117469,4.91427
8.8750e-02,-0.0310937,-0.000379688,4.89428
8.8760e-02,-0.0371875,-0.00028125,4.91928
8.8770e-02,-0.0385937,0.000900938,4.92178
8.8780e-02,-0.039375,0.00185594,4.88177
8.8790e-02,-0.0423437,0.00275031,4.9274
8.8800e-02,-0.046875,0.00342969,4.88646
8.8810e-02,-0.0359375,0.00342313,4.89552
8.8820e-02,-0.0420312,0.00141063,4.89459
8.8830e-02,-0.0354688,0.00141625,4.90584
8.8840e-02,-0.0273438,0.00105625,4.91302
8.8850e-02,-0.0409375,0.000742813,4.89459
8.8860e-02,-0.0365625,0.00173625,4.91021
8.8870e-02,-0.0325,0.003285,4.86928
8.8880e-02,-0.0578125,0.00204531,4.86303
8.8890e-02,-0.0353125,0.00187813,4.91052
8.8900e-02,-0.0415625,0.0024575,4.88115
8.8910e-02,-0.0354688,0.000769063,4.91771
8.8920e-02,-0.0364063,0.00116063,4.88428
8.8930e-02,-0.0364063,0.000872188,4.91521
8.8940e-02,-0.035625,0.00206594,4.88896
8.8950e-02,-0.0307813,0.00237688,4.8574
8.8960e-02,-0.035,0.00216969,4.88396
8.8970e-02,-0.0342187,0.00193156,4.90334
8.8980e-02,-0.0360938,0.00115844,4.92459
8.8990e-02,-0.0234375,0.00132594,4.88865
8.9000e-02,-0.0371875,0.00108625,4.94177
8.9010e-02,-0.036875,0.0009825,4.94271
8.9020e-02,-0.0526563,0.00201406,4.92334
8.9030e-02,-0.0382813,0.0032125,4.86678
8.9040e-02,-0.0346875,0.00276,4.88084
8.9050e-02,-0.0371875,0.0022925,4.8974
8.9060e-02,-0.0292188,0.00056125,4.91459
8.9070e-02,-0.0373438,0.000755313,4.94552
8.9080e-02,-0.0342187,0.000866563,4.90584
8.9090e-02,-0.0454688,0.00141594,4.89084
8.9100e-02,-0.0376563,0.00272344,4.89115
8.9110e-02,-0.02875,0.00189813,4.86896
8.9120e-02,-0.0271875,0.00185219,4.88834
8.9130e-02,-0.0315625,0.00107781,4.89865
8.9140e-02,-0.0345312,0.00107781,4.8899
8.9150e-02,-0.0434375,0.00066375,4.91959
8.9160e-02,-0.0351562,0.00130188,4.9224
8.9170e-02,-0.0371875,0.00146813,4.85459
8.9180e-02,-0.0446875,0.00249375,4.88803
8.9190e-02,-0.0453125,0.00199,4.87053
8.9200e-02,-0.0290625,0.00221219,4.88584
8.9210e-02,-0.0448438,0.00151313,4.91396
8.9220e-02,-0.0459375,0.000730313,4.9099
8.9230e-02,-0.0315625,0.000959375,4.9149
8.9240e-02,-0.0398437,0.00112531,4.88365
8.9250e-02,-0.049375,0.00211312,4.85365
8.9260e-02,-0.0346875,0.0019225,4.88646
8.9270e-02,-0.0426562,0.00237719,4.90053
8.9280e-02,-0.0359375,0.00201594,4.90365
8.9290e-02,-0.0589063,0.00130688,4.90209
8.9300e-02,-0.0321875,0.00157375,4.91271
8.9310e-02,-0.0332812,0.00109531,4.90803
8.9320e-02,-0.0415625,0.00120281,4.87146
8.9330e-02,-0.0534375,0.00221438,4.86365
8.9340e-02,-0.0351562,0.00178219,4.87959
8.9350e-02,-0.0385937,0.00219375,4.90178
8.9360e-02,-0.0525,0.00163188,4.8924
8.9370e-02,-0.0454688,0.00130563,4.91865
8.9380e-02,-0.0285938,0.000985313,4.92771
8.9390e-02,-0.0359375,0.000816875,4.91646
8.9400e-02,-0.0375,0.00107813,4.87584
8.9410e-02,-0.0339062,0.00227063,4.88146
8.9420e-02,-0.02,0.00136375,4.90646
8.9430e-02,-0.0275,0.00243031,4.90865
8.9440e-02,-0.0296875,0.00179938,4.89396
8.9450e-02,-0.0470312,0.00105469,4.89552
8.9460e-02,-0.031875,0.00139344,4.90553
8.9470e-02,-0.0351562,0.000782813,4.89209
8.9480e-02,-0.0534375,0.00226031,4.88271
8.9490e-02,-0.0471875,0.001495,4.88959
8.9500e-02,-0.0257812,0.00125531,4.89146
8.9510e-02,-0.0365625,0.00200938,4.91021
8.9520e-02,-0.0417187,0.000577813,4.90021
8.9530e-02,-0.0270312,0.000546563,4.88646
8.9540e-02,-0.040625,0.000993125,4.8899
8.9550e-02,-0.0334375,0.001355,4.8899
8.9560e-02,-0.0335937,0.00161656,4.8699
8.9570e-02,-0.035625,0.00149188,4.86021
8.9580e-02,-0.0442188,0.00153781,4.89677
8.9590e-02,-0.0453125,0.00219438,4.93146
8.9600e-02,-0.020625,0.00191813,4.91834
8.9610e-02,-0.0464062,0.00148469,4.91803
8.9620e-02,-0.0376563,0.00189625,4.89677
8.9630e-02,-0.0471875,0.00156344,4.87084
8.9640e-02,-0.0457813,0.00198188,4.8824
8.9650e-02,-0.0367188,0.00201594,4.86427
8.9660e-02,-0.0345312,0.00187875,4.90553
8.9670e-02,-0.0365625,0.00134,4.93178
8.9680e-02,-0.0414063,0.001535,4.92584
8.9690e-02,-0.0339062,0.00047125,4.91084
8.9700e-02,-0.0479688,0.000945625,4.89771
8.9710e-02,-0.0282813,0.00140844,4.85802
8.9720e-02,-0.035,0.00230469,4.87177
8.9730e-02,-0.0520313,0.0021775,4.86427
8.9740e-02,-0.0385937,0.00192219,4.90615
8.9750e-02,-0.0295313,0.00180813,4.90553
8.9760e-02,-0.041875,0.00193,4.92084

