Model,MDO4054-3
Firmware Version,2.20

Waveform Type,ANALOG,
Point Format,Y,
Horizontal Units,s,
Horizontal Scale,0.01,
Horizontal Delay,0.03977,
Sample Interval,1e-05,
Record Length,10000,
Gating,0.0% to 100.0%,
Probe Attenuation,1,
Vertical Units,V,
Vertical Offset,0,
Vertical Scale,1,
Vertical Position,0.02,
,,
,,
,,
Label,,
TIME,CH1,CH2
-1.0230e-02,-0.0546875,0.000230313
-1.0220e-02,-0.0485938,0.000868125
-1.0210e-02,-0.0629688,0.000340938
-1.0200e-02,-0.0421875,0.000205313
-1.0190e-02,-0.0475,-0.000290938
-1.0180e-02,-0.0460938,5.09375e-05
-1.0170e-02,-0.0509375,-0.00028375
-1.0160e-02,-0.0548437,0.000370313
-1.0150e-02,-0.0454688,0.00011375
-1.0140e-02,-0.0390625,0.000254063
-1.0130e-02,-0.0492188,0.000165938
-1.0120e-02,-0.05125,-6.4375e-05
-1.0110e-02,-0.0640625,2.03125e-05
-1.0100e-02,-0.0704687,-0.000244688
-1.0090e-02,-0.048125,-0.000354063
-1.0080e-02,-0.0540625,-7.8125e-06
-1.0070e-02,-0.0548437,0.000205938
-1.0060e-02,-0.053125,-0.000208125
-1.0050e-02,-0.0584375,-0.000487813
-1.0040e-02,-0.05,2.59375e-05
-1.0030e-02,-0.0420312,-0.000673125
-1.0020e-02,-0.0557813,-0.000793125
-1.0010e-02,-0.0515625,-0.000574063
-1.0000e-02,-0.0542187,-0.000555313
-9.9900e-03,-0.053125,-0.000246563
-9.9800e-03,-0.0492188,-0.000511875
-9.9700e-03,-0.051875,-0.000696875
-9.9600e-03,-0.0520313,-0.000476875
-9.9500e-03,-0.0507812,-0.000358125
-9.9400e-03,-0.051875,0.000203125
-9.9300e-03,-0.0596875,0.000122813
-9.9200e-03,-0.043125,-0.000189688
-9.9100e-03,-0.04375,-6.25e-06
-9.9000e-03,-0.054375,-0.000396563
-9.8900e-03,-0.04875,-1.53125e-05
-9.8800e-03,-0.0573437,-0.000445313
-9.8700e-03,-0.050625,-0.000144375
-9.8600e-03,-0.0529687,-0.000379688
-9.8500e-03,-0.055625,0.000157813
-9.8400e-03,-0.054375,0.00011625
-9.8300e-03,-0.0557813,6.75e-05
-9.8200e-03,-0.0517188,-0.00057375
-9.8100e-03,-0.0495312,-0.000221563
-9.8000e-03,-0.034375,-0.000465938
-9.7900e-03,-0.0610938,7.21875e-05
-9.7800e-03,-0.0464062,-0.00052
-9.7700e-03,-0.0625,-0.000542813
-9.7600e-03,-0.0489062,-0.000106563
-9.7500e-03,-0.050625,3.4375e-06
-9.7400e-03,-0.0573437,0.000172188
-9.7300e-03,-0.0604688,-4.25e-05
-9.7200e-03,-0.0495312,-4.6875e-06
-9.7100e-03,-0.0465625,9.875e-05
-9.7000e-03,-0.061875,0.000626563
-9.6900e-03,-0.0646875,-0.00014
-9.6800e-03,-0.044375,-6.8125e-05
-9.6700e-03,-0.0475,-2.71875e-05
-9.6600e-03,-0.0464062,-0.000124063
-9.6500e-03,-0.059375,-0.000568438
-9.6400e-03,-0.0534375,-0.000254063
-9.6300e-03,-0.0578125,-0.0001
-9.6200e-03,-0.0425,-0.00030375
-9.6100e-03,-0.0492188,0.000270313
-9.6000e-03,-0.0517188,-0.000648438
-9.5900e-03,-0.0453125,-0.000535
-9.5800e-03,-0.0473438,-0.000233438
-9.5700e-03,-0.0454688,-0.000313125
-9.5600e-03,-0.0496875,8.53125e-05
-9.5500e-03,-0.0342187,-0.00013375
-9.5400e-03,-0.0510938,0.00022625
-9.5300e-03,-0.0464062,-4.4375e-05
-9.5200e-03,-0.0479688,-9.34375e-05
-9.5100e-03,-0.0609375,0.00098125
-9.5000e-03,-0.05875,-0.000520938
-9.4900e-03,-0.0590625,0.000365313
-9.4800e-03,-0.0473438,0.000177188
-9.4700e-03,-0.0484375,3.75e-05
-9.4600e-03,-0.0515625,0.000502188
-9.4500e-03,-0.0542187,-0.000110625
-9.4400e-03,-0.0490625,6.875e-06
-9.4300e-03,-0.0504687,-0.000103125
-9.4200e-03,-0.044375,-0.000699063
-9.4100e-03,-0.0495312,-0.000820938
-9.4000e-03,-0.0548437,-8.125e-06
-9.3900e-03,-0.0523437,-0.000531563
-9.3800e-03,-0.0542187,-0.000692813
-9.3700e-03,-0.0532813,-0.00041
-9.3600e-03,-0.0573437,-6.21875e-05
-9.3500e-03,-0.0442188,0.000426875
-9.3400e-03,-0.0534375,0.0001475
-9.3300e-03,-0.05,0.000366563
-9.3200e-03,-0.0467188,-0.000464063
-9.3100e-03,-0.0417187,-0.000100938
-9.3000e-03,-0.041875,-5.6875e-05
-9.2900e-03,-0.0528125,0.000135
-9.2800e-03,-0.0467188,-0.000533125
-9.2700e-03,-0.0403125,-0.000939375
-9.2600e-03,-0.0553125,-0.00059125
-9.2500e-03,-0.0435938,-7.5e-06
-9.2400e-03,-0.0578125,-0.000385625
-9.2300e-03,-0.0495312,-0.000260625
-9.2200e-03,-0.051875,0.00018375
-9.2100e-03,-0.0510938,2.5625e-05
-9.2000e-03,-0.0482812,-4.53125e-05
-9.1900e-03,-0.055625,-9e-05
-9.1800e-03,-0.055,-0.000100625
-9.1700e-03,-0.0548437,0.00017375
-9.1600e-03,-0.055625,-0.0001175
-9.1500e-03,-0.0595313,-0.000170625
-9.1400e-03,-0.04125,0.00034625
-9.1300e-03,-0.0457813,-0.00057875
-9.1200e-03,-0.0507812,-8.875e-05
-9.1100e-03,-0.0554687,-0.000498125
-9.1000e-03,-0.0559375,-0.00073625
-9.0900e-03,-0.05625,-0.000345938
-9.0800e-03,-0.0521875,-0.00014375
-9.0700e-03,-0.0567187,-0.000744688
-9.0600e-03,-0.0390625,-6.71875e-05
-9.0500e-03,-0.0567187,-0.000572813
-9.0400e-03,-0.055625,-0.00116906
-9.0300e-03,-0.0489062,-0.000847813
-9.0200e-03,-0.0585938,-0.000744375
-9.0100e-03,-0.0532813,-0.000575313
-9.0000e-03,-0.058125,-0.00014875
-8.9900e-03,-0.0403125,0.00011375
-8.9800e-03,-0.0584375,3.4375e-06
-8.9700e-03,-0.0546875,1.96875e-05
-8.9600e-03,-0.0525,0.000565
-8.9500e-03,-0.0475,-0.000196563
-8.9400e-03,-0.0557813,-4.6875e-05
-8.9300e-03,-0.0509375,-0.00020375
-8.9200e-03,-0.0507812,-0.000379375
-8.9100e-03,-0.0423437,-0.00055
-8.9000e-03,-0.0504687,-0.000519688
-8.8900e-03,-0.055625,-0.000575938
-8.8800e-03,-0.0442188,-0.000499688
-8.8700e-03,-0.0484375,-1.5625e-06
-8.8600e-03,-0.06,-0.000527188
-8.8500e-03,-0.0546875,-0.00041375
-8.8400e-03,-0.0471875,5.6875e-05
-8.8300e-03,-0.0464062,-0.000458438
-8.8200e-03,-0.04625,0.000398438
-8.8100e-03,-0.0557813,-0.000327188
-8.8000e-03,-0.058125,-4.6875e-06
-8.7900e-03,-0.0454688,-0.0001925
-8.7800e-03,-0.0560937,2.53125e-05
-8.7700e-03,-0.0546875,-0.0003925
-8.7600e-03,-0.0471875,-1.78125e-05
-8.7500e-03,-0.0560937,-0.000365313
-8.7400e-03,-0.0457813,1.15625e-05
-8.7300e-03,-0.0517188,-0.00082375
-8.7200e-03,-0.04875,-0.000130938
-8.7100e-03,-0.0540625,-0.000201563
-8.7000e-03,-0.0601562,-0.00020125
-8.6900e-03,-0.0525,-9.90625e-05
-8.6800e-03,-0.0467188,3.34375e-05
-8.6700e-03,-0.04375,0.00025
-8.6600e-03,-0.0490625,0.000100938
-8.6500e-03,-0.049375,-0.000625
-8.6400e-03,-0.059375,0.000395
-8.6300e-03,-0.0485938,-6.0625e-05
-8.6200e-03,-0.0554687,0.000149063
-8.6100e-03,-0.0457813,0.000281563
-8.6000e-03,-0.0490625,0.000217813
-8.5900e-03,-0.0654688,0.000483125
-8.5800e-03,-0.044375,9.15625e-05
-8.5700e-03,-0.0554687,0.000240625
-8.5600e-03,-0.0509375,0.00033
-8.5500e-03,-0.053125,5.9375e-05
-8.5400e-03,-0.0560937,-0.00018125
-8.5300e-03,-0.0559375,-0.00024875
-8.5200e-03,-0.0648438,-0.000211875
-8.5100e-03,-0.0389063,-0.00050875
-8.5000e-03,-0.0551563,-0.000316875
-8.4900e-03,-0.05375,-0.000181563
-8.4800e-03,-0.0476562,0.0001475
-8.4700e-03,-0.0457813,-7.375e-05
-8.4600e-03,-0.0545313,-0.000363125
-8.4500e-03,-0.0573437,0.000463438
-8.4400e-03,-0.0526563,0.000126875
-8.4300e-03,-0.050625,-0.000340313
-8.4200e-03,-0.0578125,-0.0004275
-8.4100e-03,-0.05125,-0.000269688
-8.4000e-03,-0.0542187,0.000155
-8.3900e-03,-0.0467188,3.75e-05
-8.3800e-03,-0.0484375,-0.000895313
-8.3700e-03,-0.0539063,-0.000210938
-8.3600e-03,-0.04875,-0.000225313
-8.3500e-03,-0.040625,9.6875e-06
-8.3400e-03,-0.0635938,-0.000315313
-8.3300e-03,-0.058125,-0.000266563
-8.3200e-03,-0.0498438,0.000610625
-8.3100e-03,-0.0573437,0.000263125
-8.3000e-03,-0.0570313,-0.000127813
-8.2900e-03,-0.0535937,0.000368125
-8.2800e-03,-0.041875,0.000120625
-8.2700e-03,-0.0545313,-0.000534688
-8.2600e-03,-0.044375,-7.875e-05
-8.2500e-03,-0.0570313,1.25e-05
-8.2400e-03,-0.0473438,-0.000373125
-8.2300e-03,-0.0620312,-0.000546563
-8.2200e-03,-0.0471875,-0.000548125
-8.2100e-03,-0.0540625,-0.0003625
-8.2000e-03,-0.0484375,0.000315
-8.1900e-03,-0.0590625,-0.00056375
-8.1800e-03,-0.0385937,-0.000609063
-8.1700e-03,-0.0526563,-5.4375e-05
-8.1600e-03,-0.0460938,-0.000190313
-8.1500e-03,-0.0596875,-0.000530313
-8.1400e-03,-0.0485938,-0.00069875
-8.1300e-03,-0.0495312,-8.40625e-05
-8.1200e-03,-0.0435938,0.000280313
-8.1100e-03,-0.046875,1.28125e-05
-8.1000e-03,-0.0475,-1.5625e-06
-8.0900e-03,-0.0354688,-0.000824375
-8.0800e-03,-0.0595313,-0.00070625
-8.0700e-03,-0.0382813,-0.000465313
-8.0600e-03,-0.0382813,-0.00016125
-8.0500e-03,-0.0507812,-0.000782813
-8.0400e-03,-0.0420312,-0.00020875
-8.0300e-03,-0.0514063,2.78125e-05
-8.0200e-03,-0.0510938,-0.000760625
-8.0100e-03,-0.061875,-0.000304063
-8.0000e-03,-0.0421875,-0.000303125
-7.9900e-03,-0.0523437,-0.00046625
-7.9800e-03,-0.0545313,3.125e-07
-7.9700e-03,-0.0532813,0.000108125
-7.9600e-03,-0.0384375,-0.000110313
-7.9500e-03,-0.0576563,0.000414688
-7.9400e-03,-0.0534375,-0.00124563
-7.9300e-03,-0.0542187,-3.8125e-05
-7.9200e-03,-0.0484375,-0.00035375
-7.9100e-03,-0.0473438,0.000252812
-7.9000e-03,-0.043125,0.000464688
-7.8900e-03,-0.0465625,0.000228438
-7.8800e-03,-0.0592188,-0.000275313
-7.8700e-03,-0.0457813,9.90625e-05
-7.8600e-03,-0.0590625,-0.000117813
-7.8500e-03,-0.0523437,0.000362188
-7.8400e-03,-0.0559375,1.75e-05
-7.8300e-03,-0.0526563,-0.000392188
-7.8200e-03,-0.0535937,-0.000228125
-7.8100e-03,-0.0520313,3.25e-05
-7.8000e-03,-0.0529687,-8e-05
-7.7900e-03,-0.06375,0.000580313
-7.7800e-03,-0.0579687,-0.000395625
-7.7700e-03,-0.0571875,2.4375e-05
-7.7600e-03,-0.059375,-1.125e-05
-7.7500e-03,-0.0459375,-0.000114688
-7.7400e-03,-0.0540625,0.000188438
-7.7300e-03,-0.0564063,0.000245938
-7.7200e-03,-0.0498438,0.000358125
-7.7100e-03,-0.0470312,-0.000337813
-7.7000e-03,-0.0521875,-0.000271563
-7.6900e-03,-0.0540625,-0.00041
-7.6800e-03,-0.0498438,-0.000618125
-7.6700e-03,-0.0564063,-0.000880938
-7.6600e-03,-0.0642188,-0.000109375
-7.6500e-03,-0.0492188,-0.000433438
-7.6400e-03,-0.0546875,-0.000375938
-7.6300e-03,-0.0545313,-0.000623438
-7.6200e-03,-0.0557813,-0.000466563
-7.6100e-03,-0.0498438,-9.53125e-05
-7.6000e-03,-0.0575,-7.5e-05
-7.5900e-03,-0.0521875,-0.000112188
-7.5800e-03,-0.0476562,0.0002675
-7.5700e-03,-0.0457813,0.000185
-7.5600e-03,-0.0453125,0.000119375
-7.5500e-03,-0.06125,-0.000327813
-7.5400e-03,-0.0526563,0.0001475
-7.5300e-03,-0.0548437,2.71875e-05
-7.5200e-03,-0.0492188,-2e-05
-7.5100e-03,-0.0665625,-0.00112
-7.5000e-03,-0.0421875,-0.000417813
-7.4900e-03,-0.0521875,-4.3125e-05
-7.4800e-03,-0.0521875,-0.000512813
-7.4700e-03,-0.0525,0.00011625
-7.4600e-03,-0.05,-0.000234375
-7.4500e-03,-0.0453125,-0.000105
-7.4400e-03,-0.0542187,0.000455625
-7.4300e-03,-0.0476562,-0.000529063
-7.4200e-03,-0.045625,-0.00054375
-7.4100e-03,-0.0421875,-0.000859375
-7.4000e-03,-0.0545313,-0.000287188
-7.3900e-03,-0.0420312,-0.000288125
-7.3800e-03,-0.0490625,-0.000529687
-7.3700e-03,-0.0576563,3.59375e-05
-7.3600e-03,-0.0396875,-0.000348125
-7.3500e-03,-0.05,-0.000790938
-7.3400e-03,-0.0442188,-0.000620313
-7.3300e-03,-0.0582813,-0.000270625
-7.3200e-03,-0.05125,-0.000405625
-7.3100e-03,-0.05,0.000157813
-7.3000e-03,-0.0521875,-0.000279375
-7.2900e-03,-0.0425,-0.00024375
-7.2800e-03,-0.0470312,-0.00080875
-7.2700e-03,-0.0575,-0.000250938
-7.2600e-03,-0.0479688,-0.000373438
-7.2500e-03,-0.0460938,-0.000116875
-7.2400e-03,-0.03125,-0.000856875
-7.2300e-03,-0.0465625,-6.46875e-05
-7.2200e-03,-0.0389063,0.00012875
-7.2100e-03,-0.0484375,4.65625e-05
-7.2000e-03,-0.0551563,-0.000244063
-7.1900e-03,-0.0510938,-0.00025375
-7.1800e-03,-0.0578125,0.0002175
-7.1700e-03,-0.051875,-0.000292813
-7.1600e-03,-0.0657812,0.000170938
-7.1500e-03,-0.0507812,-0.000585938
-7.1400e-03,-0.0415625,-0.000350625
-7.1300e-03,-0.0535937,-0.000394063
-7.1200e-03,-0.0454688,-0.000688125
-7.1100e-03,-0.0542187,-0.000255938
-7.1000e-03,-0.048125,0.000178125
-7.0900e-03,-0.0467188,-0.000215938
-7.0800e-03,-0.048125,-0.000309063
-7.0700e-03,-0.0582813,-0.000362813
-7.0600e-03,-0.0542187,-4.96875e-05
-7.0500e-03,-0.0648438,-0.000805
-7.0400e-03,-0.054375,-0.000453438
-7.0300e-03,-0.0482812,-0.000265313
-7.0200e-03,-0.046875,-0.000229063
-7.0100e-03,-0.0567187,-0.000268438
-7.0000e-03,-0.0525,0.000194688
-6.9900e-03,-0.0523437,7.28125e-05
-6.9800e-03,-0.050625,-0.000873125
-6.9700e-03,-0.0578125,-0.000367813
-6.9600e-03,-0.0423437,-0.000719063
-6.9500e-03,-0.0515625,-0.000658125
-6.9400e-03,-0.0517188,-0.0003775
-6.9300e-03,-0.0492188,-0.000588125
-6.9200e-03,-0.0504687,-6.25e-05
-6.9100e-03,-0.0479688,-0.00044
-6.9000e-03,-0.049375,0.000225313
-6.8900e-03,-0.0435938,0.00025375
-6.8800e-03,-0.0671875,4.03125e-05
-6.8700e-03,-0.053125,-0.000479375
-6.8600e-03,-0.0470312,-0.000599688
-6.8500e-03,-0.0545313,-0.000495313
-6.8400e-03,-0.0554687,-0.000470313
-6.8300e-03,-0.0503125,-0.000568438
-6.8200e-03,-0.0517188,-0.000670938
-6.8100e-03,-0.0484375,-0.000200938
-6.8000e-03,-0.0507812,-0.00041
-6.7900e-03,-0.0545313,-0.000309375
-6.7800e-03,-0.0548437,-0.000434688
-6.7700e-03,-0.0507812,-0.000143438
-6.7600e-03,-0.0621875,-0.000109063
-6.7500e-03,-0.05375,-0.000656563
-6.7400e-03,-0.0710937,-0.000425938
-6.7300e-03,-0.0520313,-0.00019125
-6.7200e-03,-0.0640625,-6.5625e-06
-6.7100e-03,-0.0582813,-0.00017625
-6.7000e-03,-0.0585938,-0.000394375
-6.6900e-03,-0.0548437,-0.000475625
-6.6800e-03,-0.0529687,-0.000204688
-6.6700e-03,-0.0523437,-0.000240938
-6.6600e-03,-0.064375,-0.0003925
-6.6500e-03,-0.0564063,9.375e-05
-6.6400e-03,-0.0601562,-0.000364375
-6.6300e-03,-0.0523437,-0.000464688
-6.6200e-03,-0.0426562,-0.000418125
-6.6100e-03,-0.0479688,-0.000148438
-6.6000e-03,-0.0525,4.21875e-05
-6.5900e-03,-0.0445313,0.000386563
-6.5800e-03,-0.0485938,-1.96875e-05
-6.5700e-03,-0.060625,4.03125e-05
-6.5600e-03,-0.0507812,0.000170313
-6.5500e-03,-0.0504687,-0.000274063
-6.5400e-03,-0.0484375,0.00017125
-6.5300e-03,-0.0501562,-0.000107188
-6.5200e-03,-0.0596875,-0.00074375
-6.5100e-03,-0.0592188,-5.5625e-05
-6.5000e-03,-0.0546875,-7.375e-05
-6.4900e-03,-0.0448438,-7.09375e-05
-6.4800e-03,-0.0528125,-0.000238125
-6.4700e-03,-0.0509375,0.000207188
-6.4600e-03,-0.056875,-0.00043375
-6.4500e-03,-0.0459375,-0.00051875
-6.4400e-03,-0.0373438,-7.8125e-05
-6.4300e-03,-0.0517188,-0.000107813
-6.4200e-03,-0.0620312,-9.53125e-05
-6.4100e-03,-0.0545313,-3.75e-05
-6.4000e-03,-0.0584375,-0.000683125
-6.3900e-03,-0.0585938,-2.5e-06
-6.3800e-03,-0.0501562,-0.000439375
-6.3700e-03,-0.0523437,-2.78125e-05
-6.3600e-03,-0.0551563,9.125e-05
-6.3500e-03,-0.0523437,-0.000755625
-6.3400e-03,-0.0475,-0.00033
-6.3300e-03,-0.0453125,-0.00041125
-6.3200e-03,-0.0382813,-0.000675
-6.3100e-03,-0.0540625,-0.000564063
-6.3000e-03,-0.0539063,-0.0010825
-6.2900e-03,-0.0554687,-0.0004525
-6.2800e-03,-0.0570313,0.000114063
-6.2700e-03,-0.0495312,-0.000328438
-6.2600e-03,-0.0659375,0.000124063
-6.2500e-03,-0.046875,-0.0001625
-6.2400e-03,-0.0507812,-0.000288438
-6.2300e-03,-0.0435938,-0.000437813
-6.2200e-03,-0.0576563,-0.0002825
-6.2100e-03,-0.0551563,-0.000187188
-6.2000e-03,-0.0520313,-0.000376563
-6.1900e-03,-0.0557813,-0.000716563
-6.1800e-03,-0.0567187,-0.000158438
-6.1700e-03,-0.0557813,-0.0005925
-6.1600e-03,-0.0590625,9.25e-05
-6.1500e-03,-0.0507812,-0.000469375
-6.1400e-03,-0.0535937,-0.000141875
-6.1300e-03,-0.0496875,0.000149687
-6.1200e-03,-0.0535937,0.000223438
-6.1100e-03,-0.0475,0.000792813
-6.1000e-03,-0.05375,0.000551875
-6.0900e-03,-0.0564063,0.0002925
-6.0800e-03,-0.0654688,4.21875e-05
-6.0700e-03,-0.0535937,0.0004775
-6.0600e-03,-0.0532813,-0.00034875
-6.0500e-03,-0.049375,0.000360313
-6.0400e-03,-0.0445313,0.00010625
-6.0300e-03,-0.0476562,6.46875e-05
-6.0200e-03,-0.0404687,-0.000319375
-6.0100e-03,-0.050625,-7.90625e-05
-6.0000e-03,-0.0559375,0.000157813
-5.9900e-03,-0.0460938,0.000240938
-5.9800e-03,-0.0498438,-0.000876563
-5.9700e-03,-0.0467188,-0.000141563
-5.9600e-03,-0.0414063,1.875e-05
-5.9500e-03,-0.0548437,-0.000694688
-5.9400e-03,-0.0526563,-0.000430625
-5.9300e-03,-0.046875,-0.000105313
-5.9200e-03,-0.04625,-2.1875e-05
-5.9100e-03,-0.0559375,0.000292813
-5.9000e-03,-0.0454688,-0.000284063
-5.8900e-03,-0.0478125,0.0001075
-5.8800e-03,-0.0579687,-0.00013125
-5.8700e-03,-0.0621875,-0.00047375
-5.8600e-03,-0.0510938,-0.0005625
-5.8500e-03,-0.0625,-0.000533438
-5.8400e-03,-0.0495312,-0.000193438
-5.8300e-03,-0.0623438,-4.3125e-05
-5.8200e-03,-0.0445313,-6.5e-05
-5.8100e-03,-0.0545313,0.000205938
-5.8000e-03,-0.0596875,-2.71875e-05
-5.7900e-03,-0.05625,-0.000571875
-5.7800e-03,-0.0529687,-0.000246875
-5.7700e-03,-0.04875,0.000427813
-5.7600e-03,-0.0471875,0.000285313
-5.7500e-03,-0.0542187,0.000133438
-5.7400e-03,-0.0482812,-0.0003175
-5.7300e-03,-0.0517188,-0.000438438
-5.7200e-03,-0.038125,-0.000814063
-5.7100e-03,-0.0565625,-0.000338438
-5.7000e-03,-0.0409375,7.71875e-05
-5.6900e-03,-0.035625,-3.90625e-05
-5.6800e-03,-0.0421875,5.875e-05
-5.6700e-03,-0.0396875,-0.000128125
-5.6600e-03,-0.0485938,-2.21875e-05
-5.6500e-03,-0.0539063,8.40625e-05
-5.6400e-03,-0.0526563,5.625e-06
-5.6300e-03,-0.0554687,-0.00051125
-5.6200e-03,-0.048125,0.000375625
-5.6100e-03,-0.0546875,-0.000134688
-5.6000e-03,-0.0535937,-0.000354688
-5.5900e-03,-0.058125,-0.00102344
-5.5800e-03,-0.0439063,-0.000465313
-5.5700e-03,-0.048125,0.0001125
-5.5600e-03,-0.0498438,-0.00014625
-5.5500e-03,-0.0560937,2.8125e-06
-5.5400e-03,-0.05375,-0.000125625
-5.5300e-03,-0.0484375,-4.6875e-05
-5.5200e-03,-0.0504687,0.00010125
-5.5100e-03,-0.0475,-0.000139375
-5.5000e-03,-0.0417187,-5.65625e-05
-5.4900e-03,-0.0570313,0.000354688
-5.4800e-03,-0.0470312,-0.000146875
-5.4700e-03,-0.0598438,-0.000176563
-5.4600e-03,-0.0553125,-0.000150625
-5.4500e-03,-0.0448438,-0.000251562
-5.4400e-03,-0.0582813,-0.000460313
-5.4300e-03,-0.04875,2.5e-06
-5.4200e-03,-0.0429688,-0.000169063
-5.4100e-03,-0.0526563,0.000237188
-5.4000e-03,-0.056875,1.5e-05
-5.3900e-03,-0.0575,0.00035875
-5.3800e-03,-0.0432813,2.6875e-05
-5.3700e-03,-0.0432813,-0.000480938
-5.3600e-03,-0.0529687,-0.00049375
-5.3500e-03,-0.05625,-0.000105938
-5.3400e-03,-0.0478125,-0.000637188
-5.3300e-03,-0.0514063,-0.000184688
-5.3200e-03,-0.0385937,-0.000556875
-5.3100e-03,-0.0589063,-0.000306563
-5.3000e-03,-0.0435938,-0.000210625
-5.2900e-03,-0.0526563,-0.000635
-5.2800e-03,-0.0559375,-0.000312813
-5.2700e-03,-0.0567187,-0.000124063
-5.2600e-03,-0.0445313,-0.000324063
-5.2500e-03,-0.0565625,0.000231875
-5.2400e-03,-0.0539063,-0.000494063
-5.2300e-03,-0.0526563,-0.000382188
-5.2200e-03,-0.0403125,-0.000529687
-5.2100e-03,-0.0540625,-0.000967188
-5.2000e-03,-0.0526563,-0.000482813
-5.1900e-03,-0.0559375,-0.000512188
-5.1800e-03,-0.05625,-0.00101406
-5.1700e-03,-0.0435938,-0.000923125
-5.1600e-03,-0.0428125,-0.000569375
-5.1500e-03,-0.0551563,-0.000359688
-5.1400e-03,-0.0625,-0.000129688
-5.1300e-03,-0.0509375,-0.000220313
-5.1200e-03,-0.0515625,-4.125e-05
-5.1100e-03,-0.0432813,-3.6875e-05
-5.1000e-03,-0.0523437,0.000392813
-5.0900e-03,-0.0571875,-0.000239688
-5.0800e-03,-0.050625,-0.000406563
-5.0700e-03,-0.0492188,-0.000394688
-5.0600e-03,-0.05125,-0.000405625
-5.0500e-03,-0.0484375,-0.00110969
-5.0400e-03,-0.0534375,-0.000620625
-5.0300e-03,-0.049375,-0.000217188
-5.0200e-03,-0.0495312,-0.000110938
-5.0100e-03,-0.040625,0.000691563
-5.0000e-03,-0.0434375,-0.00013
-4.9900e-03,-0.0473438,-3.09375e-05
-4.9800e-03,-0.0409375,0.000810313
-4.9700e-03,-0.0479688,-0.000300313
-4.9600e-03,-0.0529687,-0.000265938
-4.9500e-03,-0.0539063,-0.00018625
-4.9400e-03,-0.0546875,0.0001775
-4.9300e-03,-0.059375,0.00017125
-4.9200e-03,-0.0514063,0.0001875
-4.9100e-03,-0.0470312,-0.000733438
-4.9000e-03,-0.0546875,-0.0005125
-4.8900e-03,-0.058125,-0.00065625
-4.8800e-03,-0.0515625,2.9375e-05
-4.8700e-03,-0.0465625,6.78125e-05
-4.8600e-03,-0.05375,4.71875e-05
-4.8500e-03,-0.0540625,-0.000267188
-4.8400e-03,-0.0523437,-0.000547188
-4.8300e-03,-0.0495312,-0.000200313
-4.8200e-03,-0.044375,-0.000825938
-4.8100e-03,-0.035625,-0.00021125
-4.8000e-03,-0.0517188,0.00031
-4.7900e-03,-0.0534375,6.25e-07
-4.7800e-03,-0.04125,-0.00041375
-4.7700e-03,-0.0532813,3.9375e-05
-4.7600e-03,-0.0476562,-9.09375e-05
-4.7500e-03,-0.04375,0.000171875
-4.7400e-03,-0.0401563,-0.000137188
-4.7300e-03,-0.0579687,0.00047375
-4.7200e-03,-0.0526563,-0.00026375
-4.7100e-03,-0.0529687,-0.000651563
-4.7000e-03,-0.051875,0.00038625
-4.6900e-03,-0.0496875,-0.0002975
-4.6800e-03,-0.0517188,-0.000563125
-4.6700e-03,-0.05125,5.625e-06
-4.6600e-03,-0.0584375,-0.000535625
-4.6500e-03,-0.0514063,-0.000106875
-4.6400e-03,-0.050625,-0.00044875
-4.6300e-03,-0.0476562,-0.000539688
-4.6200e-03,-0.059375,-0.000440313
-4.6100e-03,-0.0484375,0.000115625
-4.6000e-03,-0.049375,0.00024625
-4.5900e-03,-0.0403125,-0.00058625
-4.5800e-03,-0.049375,-0.000635938
-4.5700e-03,-0.0596875,-0.000180938
-4.5600e-03,-0.0565625,-9.9375e-05
-4.5500e-03,-0.0540625,-1.96875e-05
-4.5400e-03,-0.0425,-9.0625e-05
-4.5300e-03,-0.0448438,-0.000165
-4.5200e-03,-0.0385937,-0.000372813
-4.5100e-03,-0.0401563,5.125e-05
-4.5000e-03,-0.049375,-1.78125e-05
-4.4900e-03,-0.0475,0.000252812
-4.4800e-03,-0.0396875,-0.000804688
-4.4700e-03,-0.0446875,-0.000441875
-4.4600e-03,-0.0521875,-0.000371875
-4.4500e-03,-0.04625,-0.000379375
-4.4400e-03,-0.0526563,-0.000885313
-4.4300e-03,-0.0545313,-0.000322813
-4.4200e-03,-0.04625,-0.000626875
-4.4100e-03,-0.0464062,-0.000156875
-4.4000e-03,-0.0535937,-0.000135
-4.3900e-03,-0.05,2.9375e-05
-4.3800e-03,-0.0539063,-0.000142188
-4.3700e-03,-0.0445313,-0.000267188
-4.3600e-03,-0.0453125,-0.000219063
-4.3500e-03,-0.0521875,-0.000722188
-4.3400e-03,-0.0476562,-0.000480313
-4.3300e-03,-0.0540625,0.000193438
-4.3200e-03,-0.0467188,-0.000675313
-4.3100e-03,-0.0403125,-6.875e-06
-4.3000e-03,-0.0610938,-5.96875e-05
-4.2900e-03,-0.06,-0.00046875
-4.2800e-03,-0.05,-0.000139062
-4.2700e-03,-0.0529687,3.5625e-05
-4.2600e-03,-0.0521875,0.000153438
-4.2500e-03,-0.0453125,-0.000137188
-4.2400e-03,-0.0590625,-0.000356875
-4.2300e-03,-0.0453125,0.000383438
-4.2200e-03,-0.0539063,-0.000444063
-4.2100e-03,-0.053125,-0.000154375
-4.2000e-03,-0.0298438,-0.000464688
-4.1900e-03,-0.0539063,-0.000579375
-4.1800e-03,-0.0492188,-0.00073
-4.1700e-03,-0.0442188,-0.00105188
-4.1600e-03,-0.0532813,-0.000422188
-4.1500e-03,-0.040625,-0.000580938
-4.1400e-03,-0.0548437,-0.000146875
-4.1300e-03,-0.0564063,-0.000104063
-4.1200e-03,-0.0565625,-0.000359063
-4.1100e-03,-0.0567187,0.00033
-4.1000e-03,-0.0514063,-0.000194688
-4.0900e-03,-0.04375,-5e-05
-4.0800e-03,-0.0496875,-0.000608438
-4.0700e-03,-0.0490625,-0.00036125
-4.0600e-03,-0.0645312,-5.65625e-05
-4.0500e-03,-0.0576563,-0.000355625
-4.0400e-03,-0.0535937,-0.00029125
-4.0300e-03,-0.0498438,-0.000765938
-4.0200e-03,-0.0425,-0.000211563
-4.0100e-03,-0.0498438,-0.000420313
-4.0000e-03,-0.0603125,-0.000239688
-3.9900e-03,-0.0625,-3.09375e-05
-3.9800e-03,-0.0528125,0.000236563
-3.9700e-03,-0.05375,-0.0002225
-3.9600e-03,-0.0584375,-0.000304375
-3.9500e-03,-0.046875,-0.000308125
-3.9400e-03,-0.0548437,3e-05
-3.9300e-03,-0.0504687,0.000268125
-3.9200e-03,-0.0420312,-0.000109688
-3.9100e-03,-0.044375,-0.000186875
-3.9000e-03,-0.046875,0.000158125
-3.8900e-03,-0.0551563,-0.000662813
-3.8800e-03,-0.0460938,0.000121563
-3.8700e-03,-0.0564063,-0.00113
-3.8600e-03,-0.0464062,-0.000494375
-3.8500e-03,-0.0453125,-0.000248125
-3.8400e-03,-0.0476562,-0.0001725
-3.8300e-03,-0.0507812,-0.000206563
-3.8200e-03,-0.0504687,-0.000435625
-3.8100e-03,-0.0510938,-0.000353438
-3.8000e-03,-0.0509375,-0.000648438
-3.7900e-03,-0.0582813,-0.000380313
-3.7800e-03,-0.0576563,-0.00059875
-3.7700e-03,-0.0490625,-0.00057
-3.7600e-03,-0.0345312,-0.00049125
-3.7500e-03,-0.0485938,-0.000156875
-3.7400e-03,-0.0425,0.000265
-3.7300e-03,-0.0514063,-0.0002375
-3.7200e-03,-0.0510938,0.000403125
-3.7100e-03,-0.0520313,-0.000115313
-3.7000e-03,-0.0451563,-0.000330625
-3.6900e-03,-0.0584375,7.1875e-06
-3.6800e-03,-0.0439063,-0.000699063
-3.6700e-03,-0.0507812,-0.000575625
-3.6600e-03,-0.0384375,-0.0003525
-3.6500e-03,-0.058125,-0.00026875
-3.6400e-03,-0.0385937,-1.4375e-05
-3.6300e-03,-0.0492188,-0.000335
-3.6200e-03,-0.0465625,-0.000277813
-3.6100e-03,-0.0628125,-0.000281563
-3.6000e-03,-0.0423437,-0.000112813
-3.5900e-03,-0.0507812,-0.000355313
-3.5800e-03,-0.0553125,-0.000595938
-3.5700e-03,-0.0520313,-0.000407813
-3.5600e-03,-0.0504687,-0.00036125
-3.5500e-03,-0.0476562,-0.000680625
-3.5400e-03,-0.0498438,-0.000530625
-3.5300e-03,-0.0617188,-0.000271563
-3.5200e-03,-0.0440625,-0.000658125
-3.5100e-03,-0.0521875,-0.0005275
-3.5000e-03,-0.0564063,-0.000400313
-3.4900e-03,-0.05,0.000230625
-3.4800e-03,-0.04875,7e-05
-3.4700e-03,-0.0454688,6.34375e-05
-3.4600e-03,-0.0442188,-0.000253125
-3.4500e-03,-0.0420312,6.8125e-05
-3.4400e-03,-0.0528125,-1.09375e-05
-3.4300e-03,-0.0507812,0.000125
-3.4200e-03,-0.0410937,-0.000129062
-3.4100e-03,-0.0571875,-8.125e-06
-3.4000e-03,-0.0617188,1.90625e-05
-3.3900e-03,-0.0620312,-0.0002625
-3.3800e-03,-0.0589063,-0.000124688
-3.3700e-03,-0.0451563,-0.00100344
-3.3600e-03,-0.0551563,-0.000385313
-3.3500e-03,-0.0423437,-0.000201875
-3.3400e-03,-0.0484375,-0.000322188
-3.3300e-03,-0.0589063,-0.000264688
-3.3200e-03,-0.0490625,-0.000330938
-3.3100e-03,-0.0571875,-2.3125e-05
-3.3000e-03,-0.051875,-0.00041
-3.2900e-03,-0.0576563,0.000594375
-3.2800e-03,-0.0414063,0.000119063
-3.2700e-03,-0.0564063,0.000349688
-3.2600e-03,-0.0492188,3.15625e-05
-3.2500e-03,-0.0535937,0.000169688
-3.2400e-03,-0.0439063,0.00024125
-3.2300e-03,-0.0478125,-0.000129062
-3.2200e-03,-0.04875,0.000385313
-3.2100e-03,-0.0503125,-2.75e-05
-3.2000e-03,-0.0414063,0.000412188
-3.1900e-03,-0.0540625,-0.000221563
-3.1800e-03,-0.053125,-0.000316563
-3.1700e-03,-0.0370313,-0.000791563
-3.1600e-03,-0.0439063,-0.000147188
-3.1500e-03,-0.0520313,0.00047375
-3.1400e-03,-0.0504687,-9.6875e-05
-3.1300e-03,-0.05125,-0.000326875
-3.1200e-03,-0.0442188,-0.000312188
-3.1100e-03,-0.0398437,7.15625e-05
-3.1000e-03,-0.0454688,-5.875e-05
-3.0900e-03,-0.0476562,-0.000425
-3.0800e-03,-0.0482812,-0.000617188
-3.0700e-03,-0.0504687,-0.000919375
-3.0600e-03,-0.050625,-3.3125e-05
-3.0500e-03,-0.0434375,-0.00069375
-3.0400e-03,-0.0471875,-0.000485938
-3.0300e-03,-0.0565625,0.000115313
-3.0200e-03,-0.0542187,-0.000178125
-3.0100e-03,-0.0534375,-0.000346563
-3.0000e-03,-0.04125,-0.00017
-2.9900e-03,-0.0564063,8.25e-05
-2.9800e-03,-0.0467188,0.000445313
-2.9700e-03,-0.0423437,-0.000204375
-2.9600e-03,-0.0523437,0.000113438
-2.9500e-03,-0.0585938,0.000231875
-2.9400e-03,-0.061875,-0.00057125
-2.9300e-03,-0.0475,0.000318125
-2.9200e-03,-0.0484375,-5.875e-05
-2.9100e-03,-0.0560937,0.000162813
-2.9000e-03,-0.0503125,-0.000125
-2.8900e-03,-0.0520313,-0.000975938
-2.8800e-03,-0.041875,-0.000693438
-2.8700e-03,-0.0520313,-0.00024625
-2.8600e-03,-0.0473438,-0.000223438
-2.8500e-03,-0.0476562,9.875e-05
-2.8400e-03,-0.0475,-0.000128437
-2.8300e-03,-0.049375,-0.000127813
-2.8200e-03,-0.053125,-0.000111875
-2.8100e-03,-0.0553125,-0.000135625
-2.8000e-03,-0.065,-0.00041625
-2.7900e-03,-0.0545313,-0.000216875
-2.7800e-03,-0.056875,-0.000484375
-2.7700e-03,-0.0525,-0.000220938
-2.7600e-03,-0.0546875,-0.00048125
-2.7500e-03,-0.049375,-0.000233438
-2.7400e-03,-0.0548437,-3.875e-05
-2.7300e-03,-0.055,0.000153438
-2.7200e-03,-0.0567187,-0.000646563
-2.7100e-03,-0.0532813,-0.000475938
-2.7000e-03,-0.056875,-0.000195313
-2.6900e-03,-0.0401563,-0.0005475
-2.6800e-03,-0.051875,0.000174688
-2.6700e-03,-0.0557813,-0.000429063
-2.6600e-03,-0.056875,-2.75e-05
-2.6500e-03,-0.0459375,0.000334063
-2.6400e-03,-0.0509375,0.0006925
-2.6300e-03,-0.0464062,0.000344688
-2.6200e-03,-0.0525,-6.875e-05
-2.6100e-03,-0.049375,8.65625e-05
-2.6000e-03,-0.045625,5.75e-05
-2.5900e-03,-0.0470312,-0.000494375
-2.5800e-03,-0.0596875,-0.00043625
-2.5700e-03,-0.0434375,-2.78125e-05
-2.5600e-03,-0.046875,0.000142813
-2.5500e-03,-0.0451563,-1.65625e-05
-2.5400e-03,-0.0509375,-8.15625e-05
-2.5300e-03,-0.0445313,0.000569375
-2.5200e-03,-0.0454688,-0.000314063
-2.5100e-03,-0.03875,-0.000370938
-2.5000e-03,-0.0475,-3.3125e-05
-2.4900e-03,-0.0589063,-0.000152813
-2.4800e-03,-0.0457813,-0.000587188
-2.4700e-03,-0.0451563,-0.00047625
-2.4600e-03,-0.0523437,-0.000529687
-2.4500e-03,-0.0415625,-0.00017375
-2.4400e-03,-0.0539063,-0.000341563
-2.4300e-03,-0.06,-4e-05
-2.4200e-03,-0.0517188,-0.000147813
-2.4100e-03,-0.0504687,0.000320625
-2.4000e-03,-0.0426562,7.03125e-05
-2.3900e-03,-0.04375,0.000287813
-2.3800e-03,-0.0490625,-0.000402813
-2.3700e-03,-0.0495312,-0.000675625
-2.3600e-03,-0.0517188,-0.000331875
-2.3500e-03,-0.0540625,-0.000414375
-2.3400e-03,-0.060625,-0.000182188
-2.3300e-03,-0.0532813,-0.00043125
-2.3200e-03,-0.04375,0.000115938
-2.3100e-03,-0.0570313,3.46875e-05
-2.3000e-03,-0.0459375,-0.000458125
-2.2900e-03,-0.051875,-0.000434063
-2.2800e-03,-0.0454688,-0.000380313
-2.2700e-03,-0.0432813,0.00043625
-2.2600e-03,-0.04125,-6.21875e-05
-2.2500e-03,-0.0503125,-0.000770938
-2.2400e-03,-0.0532813,-0.0004575
-2.2300e-03,-0.0460938,-0.000579063
-2.2200e-03,-0.04625,-0.00069875
-2.2100e-03,-0.0535937,-0.000382188
-2.2000e-03,-0.0448438,-0.000634688
-2.1900e-03,-0.0479688,-0.00027125
-2.1800e-03,-0.0557813,-2.125e-05
-2.1700e-03,-0.0476562,0.000359063
-2.1600e-03,-0.0460938,0.0001475
-2.1500e-03,-0.0365625,-0.000101875
-2.1400e-03,-0.0395313,-0.000450625
-2.1300e-03,-0.0564063,-0.000508437
-2.1200e-03,-0.0467188,-0.00051875
-2.1100e-03,-0.03875,0.000109688
-2.1000e-03,-0.0414063,-0.000339063
-2.0900e-03,-0.049375,-0.000207188
-2.0800e-03,-0.0489062,-8.15625e-05
-2.0700e-03,-0.0584375,0.000475313
-2.0600e-03,-0.0498438,0.000122188
-2.0500e-03,-0.0523437,-0.000231875
-2.0400e-03,-0.0514063,-0.000340313
-2.0300e-03,-0.0532813,0.000372813
-2.0200e-03,-0.045,0.00028
-2.0100e-03,-0.0546875,-0.000530938
-2.0000e-03,-0.049375,1.40625e-05
-1.9900e-03,-0.0496875,-0.000195938
-1.9800e-03,-0.0545313,-0.00095625
-1.9700e-03,-0.0382813,-0.0006325
-1.9600e-03,-0.0496875,-0.00059
-1.9500e-03,-0.0575,-0.000286563
-1.9400e-03,-0.0539063,-0.000735625
-1.9300e-03,-0.06125,-0.000525313
-1.9200e-03,-0.0620312,-0.00029625
-1.9100e-03,-0.0475,-0.000770625
-1.9000e-03,-0.053125,0.000253125
-1.8900e-03,-0.0440625,-0.000209063
-1.8800e-03,-0.064375,0.000116563
-1.8700e-03,-0.0454688,-7.1875e-05
-1.8600e-03,-0.0482812,-0.000284063
-1.8500e-03,-0.0496875,-0.000442813
-1.8400e-03,-0.054375,0.000230313
-1.8300e-03,-0.056875,-0.000219375
-1.8200e-03,-0.0496875,-0.000446875
-1.8100e-03,-0.0496875,-0.00062875
-1.8000e-03,-0.0496875,-0.0005025
-1.7900e-03,-0.0423437,6.15625e-05
-1.7800e-03,-0.0546875,0.000158125
-1.7700e-03,-0.0559375,-0.000131875
-1.7600e-03,-0.058125,0.000180938
-1.7500e-03,-0.0429688,-0.000311563
-1.7400e-03,-0.055,0.000489687
-1.7300e-03,-0.0590625,-0.000156875
-1.7200e-03,-0.0496875,-0.000624375
-1.7100e-03,-0.0551563,-0.000674688
-1.7000e-03,-0.0503125,-0.000355625
-1.6900e-03,-0.0420312,-0.00045
-1.6800e-03,-0.05625,-0.00052125
-1.6700e-03,-0.0560937,-9.28125e-05
-1.6600e-03,-0.0529687,-0.000536563
-1.6500e-03,-0.0560937,-0.000227813
-1.6400e-03,-0.0457813,-0.000457188
-1.6300e-03,-0.050625,-0.000163125
-1.6200e-03,-0.0471875,0.00012875
-1.6100e-03,-0.0465625,-7.15625e-05
-1.6000e-03,-0.0503125,-0.000593125
-1.5900e-03,-0.0525,0.0001275
-1.5800e-03,-0.051875,-9.1875e-05
-1.5700e-03,-0.0557813,-7.0625e-05
-1.5600e-03,-0.0379688,-0.000462188
-1.5500e-03,-0.0460938,-0.00030875
-1.5400e-03,-0.0603125,-0.00079625
-1.5300e-03,-0.050625,-0.000374375
-1.5200e-03,-0.0421875,-0.000169688
-1.5100e-03,-0.0484375,0.000396563
-1.5000e-03,-0.0571875,0.000324063
-1.4900e-03,-0.0573437,-0.000202813
-1.4800e-03,-0.04875,-0.000283125
-1.4700e-03,-0.049375,-5.78125e-05
-1.4600e-03,-0.05375,0.0001825
-1.4500e-03,-0.0509375,-0.000289375
-1.4400e-03,-0.0482812,-0.000211563
-1.4300e-03,-0.046875,-0.000517813
-1.4200e-03,-0.0446875,-8.125e-06
-1.4100e-03,-0.0459375,-0.000179375
-1.4000e-03,-0.0526563,-5.84375e-05
-1.3900e-03,-0.048125,0.000385938
-1.3800e-03,-0.0485938,-0.000288125
-1.3700e-03,-0.0404687,0.000209688
-1.3600e-03,-0.0528125,-0.000150313
-1.3500e-03,-0.0528125,-0.000494375
-1.3400e-03,-0.0525,-0.000394063
-1.3300e-03,-0.0428125,-0.000452188
-1.3200e-03,-0.0492188,-0.000130938
-1.3100e-03,-0.0460938,-0.000235
-1.3000e-03,-0.0421875,-0.000105625
-1.2900e-03,-0.059375,-0.000292188
-1.2800e-03,-0.046875,-0.0006925
-1.2700e-03,-0.05625,-0.000251875
-1.2600e-03,-0.0479688,-0.000135938
-1.2500e-03,-0.0492188,0.000149687
-1.2400e-03,-0.0495312,-4.96875e-05
-1.2300e-03,-0.046875,-0.00011125
-1.2200e-03,-0.0576563,-0.000129062
-1.2100e-03,-0.0501562,-0.00029625
-1.2000e-03,-0.049375,3.4375e-05
-1.1900e-03,-0.058125,-0.000146875
-1.1800e-03,-0.0621875,-0.000110313
-1.1700e-03,-0.0515625,-0.000116875
-1.1600e-03,-0.060625,-0.000839375
-1.1500e-03,-0.0476562,-0.000979375
-1.1400e-03,-0.05875,-0.000719063
-1.1300e-03,-0.0396875,-2.28125e-05
-1.1200e-03,-0.0448438,-0.000334688
-1.1100e-03,-0.055,-0.000890625
-1.1000e-03,-0.05625,-0.00063375
-1.0900e-03,-0.0476562,-0.00071625
-1.0800e-03,-0.0471875,0.000471563
-1.0700e-03,-0.0510938,0.000664688
-1.0600e-03,-0.0557813,0.00021
-1.0500e-03,-0.0607812,0.000130938
-1.0400e-03,-0.050625,-0.000539063
-1.0300e-03,-0.0485938,-0.000375938
-1.0200e-03,-0.05875,-0.000340938
-1.0100e-03,-0.0520313,-0.000365
-1.0000e-03,-0.0401563,-9.09375e-05
-9.9000e-04,-0.0426562,-0.000184375
-9.8000e-04,-0.0454688,-0.000342188
-9.7000e-04,-0.0421875,0.000168125
-9.6000e-04,-0.0525,-0.000229063
-9.5000e-04,-0.0520313,0.000135313
-9.4000e-04,-0.0470312,-0.00011125
-9.3000e-04,-0.0429688,-5.5625e-05
-9.2000e-04,-0.0473438,7.21875e-05
-9.1000e-04,-0.0607812,-8.5e-05
-9.0000e-04,-0.0559375,-0.000514375
-8.9000e-04,-0.0540625,-0.00049375
-8.8000e-04,-0.0471875,-0.000726563
-8.7000e-04,-0.038125,-6.78125e-05
-8.6000e-04,-0.0470312,-6.0625e-05
-8.5000e-04,-0.0470312,0.000266875
-8.4000e-04,-0.0551563,-0.00020875
-8.3000e-04,-0.0589063,0.000316563
-8.2000e-04,-0.0426562,-0.000195625
-8.1000e-04,-0.04125,-0.000791563
-8.0000e-04,-0.0482812,-0.000368438
-7.9000e-04,-0.04375,-0.00013375
-7.8000e-04,-0.0570313,-0.000429688
-7.7000e-04,-0.0553125,-0.000387813
-7.6000e-04,-0.0460938,0.0004675
-7.5000e-04,-0.04875,0.00015875
-7.4000e-04,-0.0614062,0.000258438
-7.3000e-04,-0.0534375,0.000184063
-7.2000e-04,-0.064375,-4.4375e-05
-7.1000e-04,-0.04875,-0.00013
-7.0000e-04,-0.0542187,-0.000114375
-6.9000e-04,-0.0573437,-0.000515625
-6.8000e-04,-0.0514063,-0.000348438
-6.7000e-04,-0.0467188,-0.000475625
-6.6000e-04,-0.0451563,-0.000217813
-6.5000e-04,-0.0473438,-0.000150938
-6.4000e-04,-0.0403125,-0.000693125
-6.3000e-04,-0.0617188,-0.000352813
-6.2000e-04,-0.0517188,-4.6875e-05
-6.1000e-04,-0.0571875,-0.000401563
-6.0000e-04,-0.0575,-0.000309688
-5.9000e-04,-0.0489062,-0.00056625
-5.8000e-04,-0.0564063,-0.000628438
-5.7000e-04,-0.0489062,0.00014375
-5.6000e-04,-0.0521875,-2.28125e-05
-5.5000e-04,-0.0567187,-0.00065375
-5.4000e-04,-0.0426562,-2.65625e-05
-5.3000e-04,-0.0528125,-0.000245938
-5.2000e-04,-0.060625,-0.00028375
-5.1000e-04,-0.0535937,-0.00051375
-5.0000e-04,-0.045625,-0.000385
-4.9000e-04,-0.0557813,-0.00026875
-4.8000e-04,-0.0529687,-1.34375e-05
-4.7000e-04,-0.0426562,0.000203438
-4.6000e-04,-0.0470312,6.25e-07
-4.5000e-04,-0.0420312,-0.000345313
-4.4000e-04,-0.0482812,-0.000149687
-4.3000e-04,-0.0504687,7.84375e-05
-4.2000e-04,-0.045625,-7.0625e-05
-4.1000e-04,-0.0485938,0.00041875
-4.0000e-04,-0.045,-0.000298438
-3.9000e-04,-0.055625,-0.000494688
-3.8000e-04,-0.0489062,-0.000552813
-3.7000e-04,-0.0346875,-0.000582188
-3.6000e-04,-0.05875,0.000180313
-3.5000e-04,-0.0442188,-0.000611563
-3.4000e-04,-0.0429688,-0.000167188
-3.3000e-04,-0.0415625,-0.000425313
-3.2000e-04,-0.0484375,-4.375e-05
-3.1000e-04,-0.0526563,7.59375e-05
-3.0000e-04,-0.0476562,9e-05
-2.9000e-04,-0.0421875,-0.000409375
-2.8000e-04,-0.05,-0.00031375
-2.7000e-04,-0.0435938,-0.0002275
-2.6000e-04,-0.0504687,-2.4375e-05
-2.5000e-04,-0.0498438,0.000289063
-2.4000e-04,-0.0485938,-0.00019375
-2.3000e-04,-0.0428125,-0.000173438
-2.2000e-04,-0.0448438,-0.00025375
-2.1000e-04,-0.0515625,-0.000866563
-2.0000e-04,-0.0560937,-7.21875e-05
-1.9000e-04,-0.046875,0.000134375
-1.8000e-04,-0.0514063,0.000245625
-1.7000e-04,-0.0573437,-5.25e-05
-1.6000e-04,-0.0398437,-0.000285313
-1.5000e-04,-0.04875,-0.000368125
-1.4000e-04,-0.043125,-0.0002725
-1.3000e-04,-0.0401563,-0.000168438
-1.2000e-04,-0.05,-0.000185
-1.1000e-04,-0.055,-0.000294062
-1.0000e-04,-0.0423437,-0.000728125
-9.0000e-05,-0.046875,-5.3125e-06
-8.0000e-05,-0.0490625,4.0625e-05
-7.0000e-05,-0.05375,0.00034
-6.0000e-05,-0.0353125,4.15625e-05
-5.0000e-05,-0.0496875,9.8125e-05
-4.0000e-05,-0.0523437,0.000142188
-3.0000e-05,-0.0553125,-0.0003075
-2.0000e-05,-0.04625,-0.000646563
-1.0000e-05,-0.0471875,-0.000159375
-0.0000e+00,-0.0396875,9.375e-06
1.0000e-05,-0.0515625,-0.000354688
2.0000e-05,-0.0440625,-0.000380625
3.0000e-05,-0.0575,-0.000121563
4.0000e-05,-0.0460938,4.375e-06
5.0000e-05,-0.044375,-0.000599375
6.0000e-05,-0.0546875,-0.000164063
7.0000e-05,-0.0575,0.000143438
8.0000e-05,-0.0498438,-0.0002325
9.0000e-05,-0.044375,-0.00041125
1.0000e-04,-0.060625,9.34375e-05
1.1000e-04,-0.0529687,-0.0003575
1.2000e-04,-0.0579687,-0.000239688
1.3000e-04,-0.0448438,-0.000227813
1.4000e-04,-0.0523437,-0.000404375
1.5000e-04,-0.05375,-0.000221875
1.6000e-04,-0.0528125,-0.000712188
1.7000e-04,-0.0567187,-0.000604062
1.8000e-04,-0.0523437,-0.000699375
1.9000e-04,-0.0601562,-0.00036875
2.0000e-04,-0.05625,-0.000417188
2.1000e-04,-0.055625,-0.00023875
2.2000e-04,-0.0523437,-6.34375e-05
2.3000e-04,-0.0560937,-7.71875e-05
2.4000e-04,-0.0460938,-0.000354688
2.5000e-04,-0.0423437,-0.000964375
2.6000e-04,-0.0459375,7.78125e-05
2.7000e-04,-0.0542187,-0.000315
2.8000e-04,-0.050625,-0.000336563
2.9000e-04,-0.0459375,-0.00033
3.0000e-04,-0.0490625,-0.000131563
3.1000e-04,-0.0529687,-5.53125e-05
3.2000e-04,-0.054375,-0.00058625
3.3000e-04,-0.0345312,-0.000412813
3.4000e-04,-0.0442188,-5.84375e-05
3.5000e-04,-0.0528125,-6.4375e-05
3.6000e-04,-0.0501562,-8.59375e-05
3.7000e-04,-0.0525,-0.000219063
3.8000e-04,-0.0484375,-0.000692813
3.9000e-04,-0.0467188,-0.000481875
4.0000e-04,-0.0484375,-0.000138125
4.1000e-04,-0.0485938,-0.000118438
4.2000e-04,-0.0473438,-0.000187813
4.3000e-04,-0.0415625,-0.00017375
4.4000e-04,-0.0460938,-0.000210938
4.5000e-04,-0.0460938,-0.000106563
4.6000e-04,-0.0532813,-0.000216875
4.7000e-04,-1.26984,-0.000243438
4.8000e-04,-1.80766,-0.00399094
4.9000e-04,-0.464063,-0.00649406
5.0000e-04,0.0942188,-0.00633844
5.1000e-04,0.0975,-0.00639344
5.2000e-04,0.0975,-0.00627813
5.3000e-04,0.0826563,-0.0061925
5.4000e-04,0.0751562,-0.0062275
5.5000e-04,0.0557813,-0.00626938
5.6000e-04,0.045625,-0.00630594
5.7000e-04,0.0692187,-0.00623031
5.8000e-04,0.0539063,-0.00612125
5.9000e-04,0.0390625,-0.00618281
6.0000e-04,0.0354688,-0.00620219
6.1000e-04,0.0275,-0.005995
6.2000e-04,0.02625,-0.0061375
6.3000e-04,0.0340625,-0.00615219
6.4000e-04,0.0389063,-0.00621906
6.5000e-04,0.0164063,-0.00630188
6.6000e-04,0.0225,-0.00613063
6.7000e-04,0.015625,-0.00612438
6.8000e-04,0.015625,-0.00594375
6.9000e-04,0.0235938,-0.00596625
7.0000e-04,0.0185938,-0.00593969
7.1000e-04,0.0217187,-0.00748344
7.2000e-04,0.0196875,-0.00034625
7.3000e-04,0.0129687,0.00800719
7.4000e-04,0.024375,0.00884281
7.5000e-04,0.0121875,0.0026675
7.6000e-04,0.0153125,-0.00574188
7.7000e-04,0.01,-0.00870281
7.8000e-04,0.0148437,-0.00471594
7.9000e-04,0.00359375,0.00308969
8.0000e-04,-0.000625,0.00807906
8.1000e-04,-0.00359375,0.00459031
8.2000e-04,0.00140625,-0.00204125
8.3000e-04,0.0132812,-0.00684938
8.4000e-04,-0.00125,-0.00631031
8.5000e-04,0.0165625,-0.000366875
8.6000e-04,0.01625,0.0053925
8.7000e-04,0.0126562,0.00594969
8.8000e-04,0.005,0.00102781
8.9000e-04,0.00234375,-0.00400375
9.0000e-04,-0.00046875,-0.00563344
9.1000e-04,-0.00546875,-0.00230938
9.2000e-04,0.00625,0.00285813
9.3000e-04,-0.00453125,0.00513938
9.4000e-04,0.00640625,0.00264313
9.5000e-04,0.00109375,-0.00239688
9.6000e-04,0.0125,-0.00499344
9.7000e-04,-0.00515625,-0.00479469
9.8000e-04,0.00296875,-0.00045875
9.9000e-04,0.0065625,0.00336156
1.0000e-03,-0.014375,0.00338656
1.0100e-03,-0.0134375,0.000998437
1.0200e-03,-0.00734375,-0.00276281
1.0300e-03,0,-0.00413781
1.0400e-03,-0.0003125,-0.00169125
1.0500e-03,0.00984375,0.00123594
1.0600e-03,-0.00953125,0.00292469
1.0700e-03,-0.0125,0.00193656
1.0800e-03,-0.005,-0.000875
1.0900e-03,-0.00578125,-0.00258844
1.1000e-03,-0.0109375,-0.00306469
1.1100e-03,-0.0107813,-0.00054375
1.1200e-03,-0.00578125,0.00195219
1.1300e-03,-0.00109375,0.00283344
1.1400e-03,-0.0028125,0.000956563
1.1500e-03,-0.0078125,-0.00175656
1.1600e-03,-0.0025,-0.00293094
1.1700e-03,-0.0135937,-0.00149406
1.1800e-03,-0.0065625,-0.00021625
1.1900e-03,-0.00875,0.00207438
1.2000e-03,-0.0148437,0.00155656
1.2100e-03,-0.0164063,-0.000407188
1.2200e-03,-0.00109375,-0.00202875
1.2300e-03,-0.004375,-0.00188406
1.2400e-03,0.006875,-0.000874375
1.2500e-03,-0.0125,0.000789375
1.2600e-03,-0.0084375,0.00225063
1.2700e-03,-0.00765625,0.00137063
1.2800e-03,-0.0173438,-0.00039
1.2900e-03,0.005,-0.00193563
1.3000e-03,-0.00921875,-0.000888125
1.3100e-03,-0.0114062,3.46875e-05
1.3200e-03,-0.0171875,0.00173125
1.3300e-03,-0.0167188,0.00161656
1.3400e-03,-0.00890625,7.5e-06
1.3500e-03,-0.0129688,-0.00109875
1.3600e-03,-0.0132813,-0.00160219
1.3700e-03,-0.0084375,-0.00100875
1.3800e-03,-0.0146875,0.000245313
1.3900e-03,-0.0176563,0.000579375
1.4000e-03,-0.019375,0.000670625
1.4100e-03,-0.0220313,-0.000195
1.4200e-03,-0.0101563,-0.00176719
1.4300e-03,-0.0096875,-0.00155313
1.4400e-03,-0.0207813,-0.000644063
1.4500e-03,-0.0184375,0.000485313
1.4600e-03,-0.0203125,0.00103812
1.4700e-03,-0.02125,0.000115625
1.4800e-03,-0.0298438,-0.000463125
1.4900e-03,-0.019375,-0.00162844
1.5000e-03,-0.0126563,-0.00117875
1.5100e-03,-0.0114062,-0.00039125
1.5200e-03,-0.01,0.000907813
1.5300e-03,-0.014375,0.00148844
1.5400e-03,-0.0185937,0.00021125
1.5500e-03,-0.0198438,-0.00101844
1.5600e-03,-0.0135937,-0.00179656
1.5700e-03,-0.0245313,-0.000304375
1.5800e-03,-0.020625,0.000795
1.5900e-03,-0.0134375,0.000748438
1.6000e-03,-0.025,0.000603438
1.6100e-03,-0.024375,-0.000579688
1.6200e-03,-0.0114062,-0.00101531
1.6300e-03,-0.00640625,-0.00156281
1.6400e-03,-0.0165625,-0.00112719
1.6500e-03,-0.0123438,0.000594688
1.6600e-03,-0.0260937,0.00104281
1.6700e-03,-0.0146875,0.000208438
1.6800e-03,-0.009375,-0.00065
1.6900e-03,-0.0215625,-0.000799063
1.7000e-03,-0.0210938,-0.000320938
1.7100e-03,-0.0228125,-0.000165
1.7200e-03,-0.0173438,0.000620313
1.7300e-03,-0.02125,0.000566875
1.7400e-03,-0.0090625,-0.000271563
1.7500e-03,-0.0025,-0.000975313
1.7600e-03,-0.0142188,-0.000785938
1.7700e-03,-0.0135937,-0.000674688
1.7800e-03,-0.011875,7.3125e-05
1.7900e-03,-0.0234375,0.00103219
1.8000e-03,-0.0167188,0.00052125
1.8100e-03,-0.01625,6.875e-06
1.8200e-03,-0.0195312,-0.000999063
1.8300e-03,-0.0148437,-0.00084375
1.8400e-03,-0.0210938,0.000294375
1.8500e-03,-0.0201563,0.000419688
1.8600e-03,-0.02375,0.000917188
1.8700e-03,-0.030625,0.000508437
1.8800e-03,-0.0270312,-0.00118
1.8900e-03,-0.0135937,-0.000906563
1.9000e-03,-0.00828125,-0.000900625
1.9100e-03,-0.0314062,-1.71875e-05
1.9200e-03,-0.0248438,0.00056375
1.9300e-03,-0.0145312,-2.1875e-05
1.9400e-03,-0.0170313,-0.000400938
1.9500e-03,-0.0284375,-0.000576563
1.9600e-03,-0.0165625,-0.000578125
1.9700e-03,-0.0239063,0.000264688
1.9800e-03,-0.0167188,0.000888125
1.9900e-03,-0.0176563,0.00100594
2.0000e-03,-0.0171875,0.000439375
2.0100e-03,-0.0290625,-0.000826875
2.0200e-03,-0.0190625,-0.000624688
2.0300e-03,-0.030625,-0.000665625
2.0400e-03,-0.0285938,-0.000295625
2.0500e-03,-0.021875,0.000466563
2.0600e-03,-0.0160938,-0.00021
2.0700e-03,-0.026875,-0.000256875
2.0800e-03,-0.0234375,-0.00104781
2.0900e-03,-0.0198438,-0.000820938
2.1000e-03,-0.0110937,-0.000289688
2.1100e-03,-0.029375,0.000205313
2.1200e-03,-0.0190625,0.000829688
2.1300e-03,-0.0217188,0.000259063
2.1400e-03,-0.0275,-0.0013225
2.1500e-03,-0.0125,-0.000235313
2.1600e-03,-0.033125,-0.000299375
2.1700e-03,-0.029375,-5.9375e-06
2.1800e-03,-0.0234375,-0.000294062
2.1900e-03,-0.0171875,-0.000583125
2.2000e-03,-0.0214063,2.8125e-06
2.2100e-03,-0.0226562,-0.001125
2.2200e-03,-0.0253125,-0.000854375
2.2300e-03,-0.015,5.625e-05
2.2400e-03,-0.0320312,0.000138438
2.2500e-03,-0.0273438,0.0008675
2.2600e-03,-0.0307813,0.0006675
2.2700e-03,-0.0284375,-0.000143438
2.2800e-03,-0.0301563,-0.000317188
2.2900e-03,-0.0159375,-8.75e-05
2.3000e-03,-0.0317188,-0.00026
2.3100e-03,-0.0142188,0.00047875
2.3200e-03,-0.0154687,0.000589375
2.3300e-03,-0.0321875,-0.000255
2.3400e-03,-0.0248438,-0.000108438
2.3500e-03,-0.0353125,-0.000383438
2.3600e-03,-0.0210938,0.00020125
2.3700e-03,-0.02375,-0.000377813
2.3800e-03,-0.024375,-0.00065625
2.3900e-03,-0.0303125,-0.000771875
2.4000e-03,-0.0295313,-0.000335938
2.4100e-03,-0.0173438,-0.00070375
2.4200e-03,-0.0339062,-0.000907188
2.4300e-03,-0.0235938,-0.000949688
2.4400e-03,-0.0401563,-0.000134063
2.4500e-03,-0.0265625,0.000295313
2.4600e-03,-0.025,-0.000121563
2.4700e-03,-0.0273438,-0.000323438
2.4800e-03,-0.0290625,-0.000346875
2.4900e-03,-0.0264062,-7.65625e-05
2.5000e-03,-0.0190625,0.000910938
2.5100e-03,-0.04375,-0.000460625
2.5200e-03,-0.0195312,0.000158125
2.5300e-03,-0.0278125,0.000510625
2.5400e-03,-0.0275,-0.000116563
2.5500e-03,-0.021875,4.875e-05
2.5600e-03,-0.0234375,3.4375e-05
2.5700e-03,-0.0342187,-0.000138438
2.5800e-03,-0.0334375,0.000463125
2.5900e-03,-0.0215625,0.00014875
2.6000e-03,-0.0190625,0.000233438
2.6100e-03,-0.0401563,-0.000825938
2.6200e-03,-0.0240625,-0.000530625
2.6300e-03,-0.0346875,-0.000265
2.6400e-03,-0.0321875,0.00036375
2.6500e-03,-0.015,0.000340625
2.6600e-03,-0.0179687,0.000334063
2.6700e-03,-0.0325,-0.000355938
2.6800e-03,-0.03125,-0.00055875
2.6900e-03,-0.0340625,0.0003125
2.7000e-03,-0.0182812,-2.5625e-05
2.7100e-03,-0.034375,0.000549375
2.7200e-03,-0.0328125,7.1875e-06
2.7300e-03,-0.02625,-0.00027625
2.7400e-03,-0.0201563,-0.000123438
2.7500e-03,-0.0342187,-0.00102313
2.7600e-03,-0.0390625,-0.00061375
2.7700e-03,-0.0359375,-0.00034875
2.7800e-03,-0.0345312,-9.78125e-05
2.7900e-03,-0.0357813,0.000339375
2.8000e-03,-0.0276563,-7.40625e-05
2.8100e-03,-0.0271875,-6.5625e-05
2.8200e-03,-0.0332812,0.000165
2.8300e-03,-0.0395313,-0.000223125
2.8400e-03,-0.0253125,0.00059125
2.8500e-03,-0.0392187,-1.96875e-05
2.8600e-03,-0.0304688,-0.000575625
2.8700e-03,-0.0301563,-0.0004725
2.8800e-03,-0.0315625,-0.000891563
2.8900e-03,-0.02875,-0.000901563
2.9000e-03,-0.0259375,0.000221563
2.9100e-03,-0.0264062,-0.00030625
2.9200e-03,-0.0423437,1.25e-06
2.9300e-03,-0.0309375,-0.00041125
2.9400e-03,-0.0328125,-0.000578438
2.9500e-03,-0.0285938,-0.00064375
2.9600e-03,-0.0326562,-0.00048125
2.9700e-03,-0.03375,-0.000333438
2.9800e-03,-0.034375,0.000280625
2.9900e-03,-0.02625,3.34375e-05
3.0000e-03,-0.0314062,-0.000299688
3.0100e-03,-0.0310937,-0.000567188
3.0200e-03,-0.0410937,-0.000844375
3.0300e-03,-0.0273438,-0.000391875
3.0400e-03,-0.0301563,-0.000799688
3.0500e-03,-0.0267187,-0.00013
3.0600e-03,-0.0359375,-0.000323438
3.0700e-03,-0.0321875,-0.000610938
3.0800e-03,-0.0364063,-0.000604375
3.0900e-03,-0.0473438,-0.00026375
3.1000e-03,-0.03,-6.34375e-05
3.1100e-03,-0.0253125,0.0002525
3.1200e-03,-0.0260937,0.0001025
3.1300e-03,-0.0225,-0.000500625
3.1400e-03,-0.0378125,3.34375e-05
3.1500e-03,-0.0346875,-7.8125e-05
3.1600e-03,-0.0378125,1.59375e-05
3.1700e-03,-0.0295313,-0.000219063
3.1800e-03,-0.0326562,-0.00031875
3.1900e-03,-0.0351562,0.000171875
3.2000e-03,-0.0351562,0.000351875
3.2100e-03,-0.0332812,0.000394688
3.2200e-03,-0.0323438,0.0001525
3.2300e-03,-0.0326562,-0.000358125
3.2400e-03,-0.0228125,3.0625e-05
3.2500e-03,-0.0354688,-0.000391875
3.2600e-03,-0.023125,-0.00023
3.2700e-03,-0.0385937,-0.00067125
3.2800e-03,-0.0251563,-0.000398438
3.2900e-03,-0.0267187,-0.000355
3.3000e-03,-0.035,-0.000383438
3.3100e-03,-0.0359375,0.000165
3.3200e-03,-0.0357813,0.000174375
3.3300e-03,-0.0323438,-0.00026375
3.3400e-03,-0.03375,-7.9375e-05
3.3500e-03,-0.0260937,-4.09375e-05
3.3600e-03,-0.0357813,0.000326563
3.3700e-03,-0.034375,0.00057125
3.3800e-03,-0.02625,0.000330313
3.3900e-03,-0.033125,-1.5625e-05
3.4000e-03,-0.0253125,-0.000118438
3.4100e-03,-0.0296875,0.000139062
3.4200e-03,-0.0251563,-2.59375e-05
3.4300e-03,-0.0267187,3.71875e-05
3.4400e-03,-0.0332812,-3.03125e-05
3.4500e-03,-0.0328125,0.000146563
3.4600e-03,-0.0278125,-9.6875e-05
3.4700e-03,-0.0328125,-0.000733125
3.4800e-03,-0.0296875,0.000188125
3.4900e-03,-0.016875,-0.000209063
3.5000e-03,-0.0395313,-0.0001
3.5100e-03,-0.0414063,-0.000593437
3.5200e-03,-0.0403125,-2.375e-05
3.5300e-03,-0.0389063,-0.000690938
3.5400e-03,-0.0279688,-0.000520625
3.5500e-03,-0.0284375,-0.00131594
3.5600e-03,-0.0389063,-0.000555313
3.5700e-03,-0.02625,-0.000653125
3.5800e-03,-0.0185937,-0.000145938
3.5900e-03,-0.02875,-0.000609375
3.6000e-03,-0.03375,-0.000560313
3.6100e-03,-0.0251563,-7.78125e-05
3.6200e-03,-0.0479688,0.000381875
3.6300e-03,-0.04375,-0.000118125
3.6400e-03,-0.0407813,5.9375e-05
3.6500e-03,-0.044375,0.000163438
3.6600e-03,-0.0229687,-0.000403438
3.6700e-03,-0.0367188,-0.000167813
3.6800e-03,-0.0353125,-0.000664688
3.6900e-03,-0.0292188,-0.000210313
3.7000e-03,-0.0395313,-0.00023
3.7100e-03,-0.0384375,-3.125e-07
3.7200e-03,-0.0373438,-0.0004625
3.7300e-03,-0.036875,-0.0006225
3.7400e-03,-0.028125,-0.000748438
3.7500e-03,-0.0315625,-0.0006325
3.7600e-03,-0.0289063,-0.0007225
3.7700e-03,-0.0301563,-0.000190625
3.7800e-03,-0.0414063,-0.000119688
3.7900e-03,-0.0360938,-0.000393438
3.8000e-03,-0.0271875,-0.000236563
3.8100e-03,-0.0325,-0.000223438
3.8200e-03,-0.035,-8.625e-05
3.8300e-03,-0.0278125,-0.000270625
3.8400e-03,-0.0354688,-7.5625e-05
3.8500e-03,-0.035625,-0.000121563
3.8600e-03,-0.0323438,-0.000239063
3.8700e-03,-0.0379688,-0.000585313
3.8800e-03,-0.04125,-0.0004825
3.8900e-03,-0.0334375,-0.000217188
3.9000e-03,-0.035,-0.000334063
3.9100e-03,-0.0382813,0.00022125
3.9200e-03,-0.038125,-0.000468125
3.9300e-03,-0.0320312,-0.00086375
3.9400e-03,-0.0329688,-4.9375e-05
3.9500e-03,-0.0467188,-0.000803125
3.9600e-03,-0.025625,-0.000143125
3.9700e-03,-0.045625,-0.000150938
3.9800e-03,-0.0323438,-0.000981875
3.9900e-03,-0.0389063,-0.00024875
4.0000e-03,-0.0332812,7.75e-05
4.0100e-03,-0.0392187,-0.000287188
4.0200e-03,-0.0348437,-0.000160625
4.0300e-03,-0.0546875,0.00016
4.0400e-03,-0.0254688,-4.3125e-05
4.0500e-03,-0.0371875,-0.000830313
4.0600e-03,-0.0404687,-0.000274688
4.0700e-03,-0.0371875,-2.625e-05
4.0800e-03,-0.0460938,0.000167813
4.0900e-03,-0.0428125,-0.000175938
4.1000e-03,-0.0303125,-0.0002175
4.1100e-03,-0.0315625,-0.000184688
4.1200e-03,-0.029375,-0.000964063
4.1300e-03,-0.04,0.000249688
4.1400e-03,-0.0282813,0.00021625
4.1500e-03,-0.039375,0.000390938
4.1600e-03,-0.031875,-0.000230938
4.1700e-03,-0.0457813,0.000175625
4.1800e-03,-0.0304688,0.000110938
4.1900e-03,-0.0348437,-0.000485313
4.2000e-03,-0.0428125,-4.25e-05
4.2100e-03,-0.0303125,-4.65625e-05
4.2200e-03,-0.0385937,4.25e-05
4.2300e-03,-0.033125,-0.000373438
4.2400e-03,-0.0315625,-0.000661875
4.2500e-03,-0.0414063,-0.00083375
4.2600e-03,-0.0389063,7.53125e-05
4.2700e-03,-0.0329688,-0.0002
4.2800e-03,-0.0476562,0.00038125
4.2900e-03,-0.0390625,-0.0001275
4.3000e-03,-0.0342187,-0.00104938
4.3100e-03,-0.0432813,-0.00032875
4.3200e-03,-0.0421875,0.000542188
4.3300e-03,-0.0417187,0.000143125
4.3400e-03,-0.0279688,0.000524688
4.3500e-03,-0.0415625,-5.03125e-05
4.3600e-03,-0.0423437,-0.000905313
4.3700e-03,-0.0376563,-0.000311875
4.3800e-03,-0.0367188,-0.000654063
4.3900e-03,-0.0370313,0.000507813
4.4000e-03,-0.025625,0.000615625
4.4100e-03,-0.0407813,0.000595313
4.4200e-03,-0.0389063,0.000324688
4.4300e-03,-0.0453125,0.000627188
4.4400e-03,-0.023125,0.00072375
4.4500e-03,-0.0339062,0.0005225
4.4600e-03,-0.034375,0.000517813
4.4700e-03,-0.513906,0.000598125
4.4800e-03,-1.36078,-0.00277969
4.4900e-03,-1.55469,-0.00605188
4.5000e-03,-1.89594,-0.00721188
4.5100e-03,-1.12125,-0.00827
4.5200e-03,0.139063,-0.00778719
4.5300e-03,0.13125,-0.00783531
4.5400e-03,0.102188,-0.007585
4.5500e-03,0.0953125,-0.00757063
4.5600e-03,0.064375,-0.00784594
4.5700e-03,0.0570312,-0.00758594
4.5800e-03,0.0742188,-0.00778844
4.5900e-03,0.0596875,-0.00772938
4.6000e-03,0.0557813,-0.00766031
4.6100e-03,0.04125,-0.00758313
4.6200e-03,0.0404687,-0.00769094
4.6300e-03,0.041875,-0.00759438
4.6400e-03,0.043125,-0.00757219
4.6500e-03,0.03125,-0.00737813
4.6600e-03,0.0192188,-0.00761969
4.6700e-03,0.0265625,-0.00756656
4.6800e-03,0.0207812,-0.00751781
4.6900e-03,0.0101562,-0.00728594
4.7000e-03,0.0310937,-0.00753031
4.7100e-03,0.0240625,-0.00745625
4.7200e-03,0.0203125,-0.0075775
4.7300e-03,0.0123437,-0.00463469
4.7400e-03,0.0242188,0.000708438
4.7500e-03,0.00578125,0.00236063
4.7600e-03,0.001875,0.00015625
4.7700e-03,0.0164063,-0.00248594
4.7800e-03,0.0110937,-0.00398687
4.7900e-03,0.00640625,-0.00124125
4.8000e-03,0.011875,0.00171469
4.8100e-03,-0.00203125,0.00300906
4.8200e-03,0.01625,0.00164406
4.8300e-03,0.0160938,-0.0010125
4.8400e-03,0.0121875,-0.00282188
4.8500e-03,0.0059375,-0.00207
4.8600e-03,-0.0084375,3.8125e-05
4.8700e-03,0.0164063,0.00193063
4.8800e-03,0.0139062,0.00219281
4.8900e-03,0.0059375,4.9375e-05
4.9000e-03,-0.00484375,-0.00218125
4.9100e-03,-0.005,-0.00246938
4.9200e-03,-0.00078125,-0.00109781
4.9300e-03,0.00015625,0.000978438
4.9400e-03,-0.0065625,0.00137844
4.9500e-03,0.00421875,0.000515313
4.9600e-03,0.001875,-0.000974688
4.9700e-03,0.013125,-0.00273594
4.9800e-03,-0.00828125,-0.00147563
4.9900e-03,0.0103125,0.000314375
5.0000e-03,0.00796875,0.000855938
5.0100e-03,-0.010625,0.0010125
5.0200e-03,-0.000625,-0.000719375
5.0300e-03,0.000625,-0.00204563
5.0400e-03,-0.0071875,-0.00200625
5.0500e-03,-0.0090625,-0.00048875
5.0600e-03,-0.003125,0.000211875
5.0700e-03,-0.0071875,0.000469375
5.0800e-03,0.00453125,0.0002475
5.0900e-03,-0.00109375,-0.000100938
5.1000e-03,-0.00921875,-0.000784688
5.1100e-03,-0.00671875,-0.000379688
5.1200e-03,-0.00359375,-0.00046375
5.1300e-03,-0.0154687,0.000815938
5.1400e-03,-0.00359375,0.0004375
5.1500e-03,-0.006875,0.000154063
5.1600e-03,-0.000625,-0.000608125
5.1700e-03,-0.003125,-0.000819063
5.1800e-03,0.0025,-0.000480625
5.1900e-03,-0.0107813,-0.000154063
5.2000e-03,-0.00453125,0.00063375
5.2100e-03,-0.0134375,-4.5e-05
5.2200e-03,-0.0075,6.875e-06
5.2300e-03,-0.01625,-0.00062625
5.2400e-03,-0.0153125,-0.000752813
5.2500e-03,-0.0115625,-0.000395313
5.2600e-03,-0.008125,0.000164375
5.2700e-03,-0.005625,0.000489687
5.2800e-03,-0.0096875,0.00052875
5.2900e-03,-0.01625,-0.000411875
5.3000e-03,-0.0160938,-0.00012625
5.3100e-03,-0.010625,-0.00105844
5.3200e-03,-0.00484375,-5.5e-05
5.3300e-03,-0.00109375,1e-05
5.3400e-03,-0.0135937,0.000222813
5.3500e-03,-0.00703125,-0.00056
5.3600e-03,-0.016875,-0.000644375
5.3700e-03,-0.0165625,-0.000882188
5.3800e-03,-0.0107813,-0.000217813
5.3900e-03,-0.00734375,-0.000125938
5.4000e-03,-0.0139063,-0.000173125
5.4100e-03,-0.020625,0.00016
5.4200e-03,-0.0232812,0
5.4300e-03,-0.0171875,-0.000647813
5.4400e-03,-0.0245313,-0.00024875
5.4500e-03,-0.0240625,0.000312188
5.4600e-03,-0.00984375,0.000614063
5.4700e-03,-0.01625,0.000554688
5.4800e-03,0.0003125,0.000768438
5.4900e-03,-0.023125,0.00046125
5.5000e-03,-0.0215625,-9.28125e-05
5.5100e-03,-0.0239063,-0.000559688
5.5200e-03,-0.0107813,-0.000365625
5.5300e-03,-0.0159375,-0.000153438
5.5400e-03,-0.0159375,0.0003025
5.5500e-03,-0.0128125,-5.46875e-05
5.5600e-03,-0.019375,5.9375e-05
5.5700e-03,-0.0146875,9.0625e-06
5.5800e-03,-0.00984375,-0.000577813
5.5900e-03,-0.0254688,-0.0003675
5.6000e-03,-0.0134375,0.000406563
5.6100e-03,-0.0123438,0.00024875
5.6200e-03,-0.0145312,-0.000313438
5.6300e-03,-0.0090625,-5.5625e-05
5.6400e-03,-0.0171875,-3.0625e-05
5.6500e-03,-0.00453125,-0.000174063
5.6600e-03,-0.0217188,-0.000252188
5.6700e-03,-0.0209375,0.000364375
5.6800e-03,-0.02,-0.000160313
5.6900e-03,-0.0240625,-0.00072375
5.7000e-03,-0.0226562,-0.000635313
5.7100e-03,-0.0107813,-0.000845625
5.7200e-03,-0.0209375,0.000270625
5.7300e-03,-0.020625,0.00017125
5.7400e-03,-0.0135937,8.65625e-05
5.7500e-03,-0.0040625,-0.000571563
5.7600e-03,-0.0178125,-0.000501563
5.7700e-03,-0.014375,-0.000519375
5.7800e-03,-0.02,-0.0006025
5.7900e-03,-0.015625,-0.00041625
5.8000e-03,-0.0103125,0.000365
5.8100e-03,-0.0204688,0.000699375
5.8200e-03,-0.0321875,0.000229688
5.8300e-03,-0.0223437,-0.000230313
5.8400e-03,-0.0232812,-0.000351563
5.8500e-03,-0.0245313,-0.000329063
5.8600e-03,-0.0240625,0.000102813
5.8700e-03,-0.028125,0.00036
5.8800e-03,-0.0151562,0.000264688
5.8900e-03,-0.0260937,0.000130313
5.9000e-03,-0.0270312,-0.00048125
5.9100e-03,-0.0248438,-0.000829375
5.9200e-03,-0.024375,-0.000334688
5.9300e-03,-0.0232812,0.000290625
5.9400e-03,-0.0196875,0.00047875
5.9500e-03,-0.0282813,-0.000214063
5.9600e-03,-0.0126563,-0.0004125
5.9700e-03,-0.025,-0.000534688
5.9800e-03,-0.0153125,-0.000755313
5.9900e-03,-0.0296875,-0.000316563
6.0000e-03,-0.0275,7.28125e-05
6.0100e-03,-0.0246875,-0.000244375
6.0200e-03,-0.0354688,4.875e-05
6.0300e-03,-0.0232812,-0.00010375
6.0400e-03,-0.0271875,-0.000485938
6.0500e-03,-0.0373438,-5.46875e-05
6.0600e-03,-0.0301563,4.21875e-05
6.0700e-03,-0.0248438,-0.000451875
6.0800e-03,-0.02125,0.000264688
6.0900e-03,-0.0207813,-0.000591875
6.1000e-03,-0.024375,-9.46875e-05
6.1100e-03,-0.0317188,-0.000549063
6.1200e-03,-0.0315625,-0.00043
6.1300e-03,-0.02,0.000200938
6.1400e-03,-0.0175,-0.000854688
6.1500e-03,-0.0265625,-0.00021875
6.1600e-03,-0.0251563,-0.000381563
6.1700e-03,-0.0176563,-0.00068875
6.1800e-03,-0.0228125,0.000364375
6.1900e-03,-0.0201563,-0.000526563
6.2000e-03,-0.0296875,-2.65625e-05
6.2100e-03,-0.0275,-0.000379688
6.2200e-03,-0.0148437,-0.000280625
6.2300e-03,-0.0189062,-0.000229375
6.2400e-03,-0.0304688,-0.000213438
6.2500e-03,-0.02625,-8.8125e-05
6.2600e-03,-0.0323438,-3.03125e-05
6.2700e-03,-0.020625,-0.000507188
6.2800e-03,-0.0276563,-0.000384688
6.2900e-03,-0.0326562,-0.00063875
6.3000e-03,-0.0220313,-0.000561875
6.3100e-03,-0.0220313,-0.000237188
6.3200e-03,-0.0223437,-4.75e-05
6.3300e-03,-0.011875,-0.000196563
6.3400e-03,-0.0139063,-6.78125e-05
6.3500e-03,-0.02125,7.875e-05
6.3600e-03,-0.02625,-0.00044
6.3700e-03,-0.03125,0.000186875
6.3800e-03,-0.0260937,0.000204688
6.3900e-03,-0.0240625,0.000144375
6.4000e-03,-0.0265625,2.6875e-05
6.4100e-03,-0.0198438,-0.000144375
6.4200e-03,-0.0182812,-0.000761875
6.4300e-03,-0.0270312,-0.0007625
6.4400e-03,-0.02875,-0.00049
6.4500e-03,-0.0234375,-0.000606563
6.4600e-03,-0.0279688,-0.000302813
6.4700e-03,-0.0339062,0.000200625
6.4800e-03,-0.0201563,-0.000529375
6.4900e-03,-0.0214063,-0.000431875
6.5000e-03,-0.0210938,-0.000362813
6.5100e-03,-0.0235938,-0.00113375
6.5200e-03,-0.0328125,0.000113438
6.5300e-03,-0.0207813,0.00067375
6.5400e-03,-0.0371875,0.000586563
6.5500e-03,-0.030625,-0.000328125
6.5600e-03,-0.0307813,-0.00106781
6.5700e-03,-0.026875,-0.000479375
6.5800e-03,-0.0323438,-0.000142188
6.5900e-03,-0.0248438,-0.0007425
6.6000e-03,-0.024375,-0.000515313
6.6100e-03,-0.03,-0.000247188
6.6200e-03,-0.0273438,-0.00071
6.6300e-03,-0.0240625,-0.00041
6.6400e-03,-0.0351562,-0.000625938
6.6500e-03,-0.0135937,-0.000386875
6.6600e-03,-0.0301563,0.000250625
6.6700e-03,-0.0284375,0.00010375
6.6800e-03,-0.0246875,0.000110313
6.6900e-03,-0.0214063,0.00045375
6.7000e-03,-0.0303125,-8.21875e-05
6.7100e-03,-0.0332812,-0.000117188
6.7200e-03,-0.023125,-7.375e-05
6.7300e-03,-0.0385937,0.000236563
6.7400e-03,-0.0215625,0.0008125
6.7500e-03,-0.0323438,-1.40625e-05
6.7600e-03,-0.0295313,0.000534688
6.7700e-03,-0.0245313,-0.000459688
6.7800e-03,-0.0285938,0.000350625
6.7900e-03,-0.033125,0.000838438
6.8000e-03,-0.0248438,0.000168125
6.8100e-03,-0.021875,0.000601875
6.8200e-03,-0.0290625,6.5625e-06
6.8300e-03,-0.0309375,1.1875e-05
6.8400e-03,-0.0215625,0.000207188
6.8500e-03,-0.0279688,-0.000189688
6.8600e-03,-0.0176563,-0.000486875
6.8700e-03,-0.0301563,-0.000236563
6.8800e-03,-0.0271875,-0.000456563
6.8900e-03,-0.0326562,-0.000420313
6.9000e-03,-0.0310937,-0.000423125
6.9100e-03,-0.03375,-0.0012025
6.9200e-03,-0.0176563,0.000177188
6.9300e-03,-0.0342187,-0.000273125
6.9400e-03,-0.0245313,5.8125e-05
6.9500e-03,-0.0290625,-0.000113125
6.9600e-03,-0.0365625,-9.375e-05
6.9700e-03,-0.0278125,-0.000638438
6.9800e-03,-0.0264062,-0.000414688
6.9900e-03,-0.0360938,-0.00048
7.0000e-03,-0.0335937,0.00053625
7.0100e-03,-0.0340625,0.000279375
7.0200e-03,-0.0221875,0.000319688
7.0300e-03,-0.0329688,0.00018375
7.0400e-03,-0.0301563,0.000325625
7.0500e-03,-0.018125,0.000136875
7.0600e-03,-0.0228125,-0.000337813
7.0700e-03,-0.0240625,-0.00018125
7.0800e-03,-0.036875,6.40625e-05
7.0900e-03,-0.0292188,7.625e-05
7.1000e-03,-0.0278125,-0.000156563
7.1100e-03,-0.0207813,-0.000394063
7.1200e-03,-0.0282813,-0.000128437
7.1300e-03,-0.0390625,2.15625e-05
7.1400e-03,-0.03625,4.1875e-05
7.1500e-03,-0.0351562,0.000534688
7.1600e-03,-0.0173438,0.000243125
7.1700e-03,-0.040625,0.000506875
7.1800e-03,-0.0301563,-0.000837813
7.1900e-03,-0.0273438,-0.000359375
7.2000e-03,-0.0309375,-1.96875e-05
7.2100e-03,-0.023125,0.000454063
7.2200e-03,-0.0265625,-0.000124063
7.2300e-03,-0.0339062,7.25e-05
7.2400e-03,-0.031875,-0.000229063
7.2500e-03,-0.03375,-0.0003775
7.2600e-03,-0.0234375,0.000257188
7.2700e-03,-0.0429688,0.000133125
7.2800e-03,-0.0270312,9.09375e-05
7.2900e-03,-0.0403125,0.000153125
7.3000e-03,-0.0403125,2.28125e-05
7.3100e-03,-0.0365625,-0.000290938
7.3200e-03,-0.0220313,-0.000172188
7.3300e-03,-0.0323438,-1.4375e-05
7.3400e-03,-0.0314062,0.00073
7.3500e-03,-0.02375,0.000409688
7.3600e-03,-0.0295313,0.00031625
7.3700e-03,-0.0257812,0.00057
7.3800e-03,-0.02625,0.0005925
7.3900e-03,-0.0354688,-0.000268438
7.4000e-03,-0.0259375,0.000134688
7.4100e-03,-0.03375,0.000286875
7.4200e-03,-0.031875,-0.000478438
7.4300e-03,-0.03375,-0.000492813
7.4400e-03,-0.0321875,-0.00077875
7.4500e-03,-0.0378125,-0.000824375
7.4600e-03,-0.0234375,-0.000585625
7.4700e-03,-0.0379688,-0.000760938
7.4800e-03,-0.0325,0.000125625
7.4900e-03,-0.0371875,-0.000596563
7.5000e-03,-0.0323438,-0.000624375
7.5100e-03,-0.0321875,-0.000186563
7.5200e-03,-0.0346875,-2.4375e-05
7.5300e-03,-0.0289063,9.375e-05
7.5400e-03,-0.0354688,-0.000219688
7.5500e-03,-0.0339062,-0.000316875
7.5600e-03,-0.0345312,0.000141563
7.5700e-03,-0.0321875,-0.000154375
7.5800e-03,-0.0432813,-0.00039
7.5900e-03,-0.0417187,-0.00021
7.6000e-03,-0.031875,-0.000180313
7.6100e-03,-0.0415625,-0.000443125
7.6200e-03,-0.026875,1.34375e-05
7.6300e-03,-0.0271875,-0.00011
7.6400e-03,-0.030625,3.125e-07
7.6500e-03,-0.0457813,-0.000376875
7.6600e-03,-0.02375,0.000142188
7.6700e-03,-0.0221875,0.000395
7.6800e-03,-0.0215625,0.00026625
7.6900e-03,-0.030625,-0.00012625
7.7000e-03,-0.03,-0.000313438
7.7100e-03,-0.0257812,8.125e-06
7.7200e-03,-0.0446875,0.000124375
7.7300e-03,-0.0390625,-0.0003775
7.7400e-03,-0.0348437,0.000194688
7.7500e-03,-0.038125,0.000793438
7.7600e-03,-0.0446875,-0.000430313
7.7700e-03,-0.051875,-0.000545625
7.7800e-03,-0.0328125,0.000560938
7.7900e-03,-0.0284375,-0.000413125
7.8000e-03,-0.0335937,-0.00016375
7.8100e-03,-0.0375,-0.000369375
7.8200e-03,-0.02625,-2.125e-05
7.8300e-03,-0.043125,-0.000243125
7.8400e-03,-0.0351562,-0.000614063
7.8500e-03,-0.0310937,-0.000111875
7.8600e-03,-0.0339062,6.125e-05
7.8700e-03,-0.039375,2.25e-05
7.8800e-03,-0.0270312,0.000355
7.8900e-03,-0.0425,-0.000276875
7.9000e-03,-0.0382813,0.000144688
7.9100e-03,-0.0379688,-0.00020625
7.9200e-03,-0.0478125,-0.000690625
7.9300e-03,-0.0335937,-0.0004
7.9400e-03,-0.0434375,-0.000332188
7.9500e-03,-0.0379688,-0.000135313
7.9600e-03,-0.028125,-0.00017875
7.9700e-03,-0.0321875,-0.000297188
7.9800e-03,-0.0328125,-0.000541875
7.9900e-03,-0.0370313,-6.5e-05
8.0000e-03,-0.033125,-0.000359375
8.0100e-03,-0.0367188,-0.0001875
8.0200e-03,-0.0307813,0.00018125
8.0300e-03,-0.0376563,0.0003575
8.0400e-03,-0.0421875,-9.28125e-05
8.0500e-03,-0.039375,-0.000662188
8.0600e-03,-0.0364063,-0.000325938
8.0700e-03,-0.0445313,0.000355313
8.0800e-03,-0.0459375,2.1875e-05
8.0900e-03,-0.0298438,-0.000214375
8.1000e-03,-0.0551563,-0.000717813
8.1100e-03,-0.0323438,-0.000602188
8.1200e-03,-0.0370313,0.000272188
8.1300e-03,-0.0467188,-0.000342813
8.1400e-03,-0.0317188,0.000150313
8.1500e-03,-0.0339062,0.000322188
8.1600e-03,-0.0378125,-0.000342813
8.1700e-03,-0.0332812,-0.000474688
8.1800e-03,-0.0357813,-0.00056125
8.1900e-03,-0.03875,-0.000791875
8.2000e-03,-0.036875,-5.78125e-05
8.2100e-03,-0.0359375,0.000800938
8.2200e-03,-0.0379688,0.000341875
8.2300e-03,-0.0376563,-0.000367188
8.2400e-03,-0.0353125,-0.000748125
8.2500e-03,-0.0467188,-0.00025375
8.2600e-03,-0.0285938,0.000593125
8.2700e-03,-0.0273438,0.000649063
8.2800e-03,-0.0403125,0.000741875
8.2900e-03,-0.0396875,-0.000978438
8.3000e-03,-0.0354688,-0.00148438
8.3100e-03,-0.0390625,-0.00114938
8.3200e-03,-0.0389063,-0.000189063
8.3300e-03,-0.0275,0.000780938
8.3400e-03,-0.0460938,0.00156406
8.3500e-03,-0.0457813,0.000639375
8.3600e-03,-0.0395313,-0.00111969
8.3700e-03,-0.030625,-0.00192219
8.3800e-03,-0.035625,-0.000784688
8.3900e-03,-0.0321875,0.000903438
8.4000e-03,-0.0507812,0.00123094
8.4100e-03,-0.0304688,0.00103656
8.4200e-03,-0.0267187,-0.000469063
8.4300e-03,-0.0395313,-0.00195437
8.4400e-03,-0.0353125,-0.00195469
8.4500e-03,-0.0339062,-9.5625e-05
8.4600e-03,-0.04,0.00130656
8.4700e-03,-0.02125,0.00220313
8.4800e-03,-0.0414063,0.00080125
8.4900e-03,-0.0296875,-0.000550625
8.5000e-03,-0.03375,-0.00223875
8.5100e-03,-0.0385937,-0.00224375
8.5200e-03,-0.0271875,-0.000165313
8.5300e-03,-0.0359375,0.00105125
8.5400e-03,-0.0239063,0.00210656
8.5500e-03,-0.0370313,0.000854375
8.5600e-03,-0.0276563,-0.00127656
8.5700e-03,-0.0323438,-0.00174531
8.5800e-03,-0.03625,-0.000984688
8.5900e-03,-0.048125,0.00040625
8.6000e-03,-0.0320312,0.00205906
8.6100e-03,-0.0251563,0.00163281
8.6200e-03,-0.03,0.000577813
8.6300e-03,-0.0440625,-0.00108406
8.6400e-03,-0.0425,-0.00161469
8.6500e-03,-0.0370313,-8.875e-05
8.6600e-03,-0.0485938,0.000299063
8.6700e-03,-0.010625,0.00131188
8.6800e-03,-0.0409375,0.000718438
8.6900e-03,-0.038125,-0.00114875
8.7000e-03,-0.0323438,-0.00146188
8.7100e-03,-0.0307813,-0.0007175
8.7200e-03,-0.0295313,-0.00069875
8.7300e-03,-0.035,0.000469375
8.7400e-03,-0.0353125,-0.000188125
8.7500e-03,-0.045625,-0.000757813
8.7600e-03,-0.0296875,-0.000645313
8.7700e-03,-0.0453125,-0.00101125
8.7800e-03,-0.028125,-0.000189063
8.7900e-03,-0.0309375,3.40625e-05
8.8000e-03,-0.0432813,0.000427188
8.8100e-03,-0.0442188,0.000209063
8.8200e-03,-0.035625,-0.00057625
8.8300e-03,-0.0323438,-0.000820313
8.8400e-03,-0.0446875,-0.0001675
8.8500e-03,-0.048125,0.000535
8.8600e-03,-0.0414063,0.000823125
8.8700e-03,-0.035625,0.00038625
8.8800e-03,-0.0239063,-7.8125e-05
8.8900e-03,-0.039375,-0.00021125
8.9000e-03,-0.03,-0.000683438
8.9100e-03,-0.0382813,-0.0007575
8.9200e-03,-0.04125,0.000641563
8.9300e-03,-0.0470312,0.000587813
8.9400e-03,-0.0279688,-7.375e-05
8.9500e-03,-0.0465625,-0.000385
8.9600e-03,-0.0479688,-0.00134313
8.9700e-03,-0.0501562,-0.000229063
8.9800e-03,-0.0482812,-0.000155313
8.9900e-03,-0.0470312,-9.125e-05
9.0000e-03,-0.0448438,0.000131563
9.0100e-03,-0.0425,-0.000345938
9.0200e-03,-0.0446875,-6.65625e-05
9.0300e-03,-0.048125,-0.000128125
9.0400e-03,-0.0376563,-0.0001975
9.0500e-03,-0.0339062,0.000667813
9.0600e-03,-0.026875,0.000501563
9.0700e-03,-0.0479688,-0.000143125
9.0800e-03,-0.0357813,-0.000123438
9.0900e-03,-0.0425,-0.000831563
9.1000e-03,-0.0428125,-0.000234375
9.1100e-03,-0.0307813,-4.9375e-05
9.1200e-03,-0.0273438,0.000305
9.1300e-03,-0.035625,0.000720313
9.1400e-03,-0.040625,0.000105
9.1500e-03,-0.045625,-0.000162813
9.1600e-03,-0.0445313,-0.000823438
9.1700e-03,-0.0301563,-0.000518125
9.1800e-03,-0.0370313,0.000484063
9.1900e-03,-0.0421875,0.000895938
9.2000e-03,-0.04125,-0.000172188
9.2100e-03,-0.0320312,-0.000694688
9.2200e-03,-0.0296875,-0.000426875
9.2300e-03,-0.0428125,-0.00025625
9.2400e-03,-0.0434375,-0.000658125
9.2500e-03,-0.0448438,3.125e-07
9.2600e-03,-0.0382813,0.000144375
9.2700e-03,-0.0335937,-0.000351563
9.2800e-03,-0.0304688,-0.000779375
9.2900e-03,-0.0317188,-0.000444375
9.3000e-03,-0.0401563,-0.000770313
9.3100e-03,-0.03,0.000225625
9.3200e-03,-0.0367188,0.000545938
9.3300e-03,-0.0370313,0.00018875
9.3400e-03,-0.0392187,-0.000255313
9.3500e-03,-0.0373438,-0.000804063
9.3600e-03,-0.0354688,-0.000665625
9.3700e-03,-0.0309375,-9.5e-05
9.3800e-03,-0.0296875,-0.000210625
9.3900e-03,-0.03125,0.000317188
9.4000e-03,-0.0360938,0.000129688
9.4100e-03,-0.0407813,-0.000811875
9.4200e-03,-0.0471875,-5.40625e-05
9.4300e-03,-0.0484375,9.03125e-05
9.4400e-03,-0.0371875,2e-05
9.4500e-03,-0.0432813,0.000299375
9.4600e-03,-0.0367188,-6.125e-05
9.4700e-03,-0.0370313,0.000274375
9.4800e-03,-0.0417187,-0.00010625
9.4900e-03,-0.0239063,-0.000233125
9.5000e-03,-0.0373438,0.000183438
9.5100e-03,-0.0301563,8.28125e-05
9.5200e-03,-0.03125,-0.000146563
9.5300e-03,-0.035,0.000460313
9.5400e-03,-0.0471875,-0.000611563
9.5500e-03,-0.0415625,-0.000420625
9.5600e-03,-0.0367188,0.00017
9.5700e-03,-0.048125,-0.000355313
9.5800e-03,-0.0345312,0.000169375
9.5900e-03,-0.0357813,0.000561562
9.6000e-03,-0.043125,-0.000564688
9.6100e-03,-0.0320312,0.000144375
9.6200e-03,-0.0296875,0.000345625
9.6300e-03,-0.0373438,0.000350313
9.6400e-03,-0.0229687,6.15625e-05
9.6500e-03,-0.0384375,0.000164688
9.6600e-03,-0.041875,0.000274688
9.6700e-03,-0.0240625,-0.00023
9.6800e-03,-0.04625,-0.000414063
9.6900e-03,-0.0432813,-0.000189375
9.7000e-03,-0.0375,0.000610313
9.7100e-03,-0.0421875,0.000263125
9.7200e-03,-0.0357813,0.00048375
9.7300e-03,-0.0526563,-4.5e-05
9.7400e-03,-0.0309375,-0.00041125
9.7500e-03,-0.0434375,-0.000761875
9.7600e-03,-0.0353125,-0.000317188
9.7700e-03,-0.0367188,-9.625e-05
9.7800e-03,-0.0271875,1.25e-06
9.7900e-03,-0.0504687,-0.000160938
9.8000e-03,-0.0279688,0.000100938
9.8100e-03,-0.039375,-0.000229063
9.8200e-03,-0.0373438,6.15625e-05
9.8300e-03,-0.0395313,0.000176875
9.8400e-03,-0.0454688,0.000364063
9.8500e-03,-0.0328125,-0.000207188
9.8600e-03,-0.03125,8.46875e-05
9.8700e-03,-0.0370313,3.46875e-05
9.8800e-03,-0.0404687,-0.000264063
9.8900e-03,-0.0339062,-0.000788438
9.9000e-03,-0.026875,0.00026375
9.9100e-03,-0.03375,-3.9375e-05
9.9200e-03,-0.0317188,-9.46875e-05
9.9300e-03,-0.0448438,0.000200938
9.9400e-03,-0.0357813,0.000485
9.9500e-03,-0.03625,0.000479063
9.9600e-03,-0.0496875,0.000188125
9.9700e-03,-0.0329688,-0.000176563
9.9800e-03,-0.0371875,0.0001975
9.9900e-03,-0.0482812,-4.125e-05
1.0000e-02,-0.0298438,0.000599688
1.0010e-02,-0.0273438,-0.000279063
1.0020e-02,-0.0404687,-3.5625e-05
1.0030e-02,-0.0382813,0.000359375
1.0040e-02,-0.0245313,-0.000210625
1.0050e-02,-0.040625,-0.000695938
1.0060e-02,-0.0346875,-0.0002625
1.0070e-02,-0.0484375,-7.28125e-05
1.0080e-02,-0.0328125,0.00020375
1.0090e-02,-0.0440625,0.000370313
1.0100e-02,-0.040625,0.000188438
1.0110e-02,-0.0342187,0.000535625
1.0120e-02,-0.055625,5.34375e-05
1.0130e-02,-0.0332812,-0.000143125
1.0140e-02,-0.034375,-0.000254688
1.0150e-02,-0.040625,-8.28125e-05
1.0160e-02,-0.035625,-0.00050125
1.0170e-02,-0.0357813,3.90625e-05
1.0180e-02,-0.0423437,-0.00051625
1.0190e-02,-0.0434375,0.000153438
1.0200e-02,-0.0334375,-0.000409063
1.0210e-02,-0.03875,-0.000499063
1.0220e-02,-0.03875,0.000209375
1.0230e-02,-0.0465625,-0.00010125
1.0240e-02,-0.0390625,0.000337188
1.0250e-02,-0.034375,-0.000184688
1.0260e-02,-0.039375,-0.000179375
1.0270e-02,-0.0421875,0.000159063
1.0280e-02,-0.0384375,0.000509375
1.0290e-02,-0.0510938,-0.00025375
1.0300e-02,-0.0465625,0.000373125
1.0310e-02,-0.0475,0.000169375
1.0320e-02,-0.0275,-0.000231563
1.0330e-02,-0.041875,0.000199375
1.0340e-02,-0.0315625,7.53125e-05
1.0350e-02,-0.0357813,0.000200313
1.0360e-02,-0.0423437,-0.000143125
1.0370e-02,-0.051875,-0.000415625
1.0380e-02,-0.0282813,6.28125e-05
1.0390e-02,-0.04,-0.000743438
1.0400e-02,-0.0385937,-2.25e-05
1.0410e-02,-0.024375,0.000346563
1.0420e-02,-0.033125,-0.000265938
1.0430e-02,-0.0498438,-0.000178438
1.0440e-02,-0.023125,-0.000169688
1.0450e-02,-0.0410937,-0.000649688
1.0460e-02,-0.0542187,-0.000294062
1.0470e-02,-0.040625,-0.000733125
1.0480e-02,-0.0340625,-0.0001475
1.0490e-02,-0.0301563,0.000862188
1.0500e-02,-0.046875,-0.000155625
1.0510e-02,-0.036875,0.0003525
1.0520e-02,-0.0423437,0.000435625
1.0530e-02,-0.0390625,4.375e-05
1.0540e-02,-0.0409375,0.000189063
1.0550e-02,-0.046875,-5.0625e-05
1.0560e-02,-0.036875,-0.00027
1.0570e-02,-0.038125,-0.000392813
1.0580e-02,-0.0367188,-0.000296563
1.0590e-02,-0.0378125,-0.000821875
1.0600e-02,-0.0451563,-0.00127313
1.0610e-02,-0.039375,-0.000730313
1.0620e-02,-0.0579687,-0.000208125
1.0630e-02,-0.03875,-0.0006625
1.0640e-02,-0.0489062,6.90625e-05
1.0650e-02,-0.0296875,0.000111875
1.0660e-02,-0.0465625,-0.000300313
1.0670e-02,-0.0432813,-0.000105938
1.0680e-02,-0.0378125,-0.000309063
1.0690e-02,-0.0392187,-0.000244063
1.0700e-02,-0.0392187,4.84375e-05
1.0710e-02,-0.0354688,-0.000437813
1.0720e-02,-0.046875,-0.000590313
1.0730e-02,-0.0465625,-0.00015625
1.0740e-02,-0.0404687,-0.0003825
1.0750e-02,-0.0389063,3.75e-06
1.0760e-02,-0.0340625,-0.000480938
1.0770e-02,-0.0421875,7.375e-05
1.0780e-02,-0.0420312,0.00045375
1.0790e-02,-0.0375,-0.000125938
1.0800e-02,-0.0514063,-5.84375e-05
1.0810e-02,-0.038125,0.000675313
1.0820e-02,-0.0353125,0.000410313
1.0830e-02,-0.0423437,0.000606875
1.0840e-02,-0.0370313,-0.000145
1.0850e-02,-0.0340625,4.90625e-05
1.0860e-02,-0.044375,0.000175938
1.0870e-02,-0.0353125,-0.000823438
1.0880e-02,-0.0398437,-1.8125e-05
1.0890e-02,-0.0548437,-0.00024
1.0900e-02,-0.0420312,-0.0013775
1.0910e-02,-0.0420312,-0.000569688
1.0920e-02,-0.0403125,-0.00016625
1.0930e-02,-0.03875,-0.000594688
1.0940e-02,-0.0373438,-7.28125e-05
1.0950e-02,-0.0439063,-0.000127188
1.0960e-02,-0.0459375,1.875e-06
1.0970e-02,-0.0360938,0.000209375
1.0980e-02,-0.036875,-0.000650313
1.0990e-02,-0.0410937,-0.0003125
1.1000e-02,-0.0289063,-0.000213125
1.1010e-02,-0.0457813,-0.000416875
1.1020e-02,-0.036875,8.6875e-05
1.1030e-02,-0.0396875,0.000223438
1.1040e-02,-0.0473438,5.5625e-05
1.1050e-02,-0.0417187,0.000694688
1.1060e-02,-0.0426562,6.34375e-05
1.1070e-02,-0.045,-8.21875e-05
1.1080e-02,-0.0328125,-2.1875e-05
1.1090e-02,-0.0407813,-0.000491563
1.1100e-02,-0.058125,0.000245
1.1110e-02,-0.0542187,0.000184688
1.1120e-02,-0.0440625,-0.000335
1.1130e-02,-0.040625,-0.000483438
1.1140e-02,-0.0379688,-0.00043375
1.1150e-02,-0.0482812,1.25e-05
1.1160e-02,-0.0423437,-2.78125e-05
1.1170e-02,-0.0484375,0.000104375
1.1180e-02,-0.0373438,0.000407813
1.1190e-02,-0.0410937,-2.8125e-05
1.1200e-02,-0.0503125,0.000449063
1.1210e-02,-0.0342187,0.000200625
1.1220e-02,-0.0489062,0.000388125
1.1230e-02,-0.0390625,-6.1875e-05
1.1240e-02,-0.0339062,-0.000237813
1.1250e-02,-0.0376563,-0.000845
1.1260e-02,-0.0245313,-2.21875e-05
1.1270e-02,-0.0425,-0.00048
1.1280e-02,-0.0435938,0.00018375
1.1290e-02,-0.0440625,0.00046125
1.1300e-02,-0.0445313,-8.0625e-05
1.1310e-02,-0.0290625,-5.9375e-06
1.1320e-02,-0.0465625,8.75e-05
1.1330e-02,-0.0428125,0.000462813
1.1340e-02,-0.0357813,0.00043
1.1350e-02,-0.0320312,-0.000228438
1.1360e-02,-0.0440625,-0.000242813
1.1370e-02,-0.0353125,-6.71875e-05
1.1380e-02,-0.0371875,-0.000864063
1.1390e-02,-0.0335937,-0.000493438
1.1400e-02,-0.044375,5.125e-05
1.1410e-02,-0.0359375,-0.000500312
1.1420e-02,-0.0351562,-0.00029375
1.1430e-02,-0.0514063,-0.000673438
1.1440e-02,-0.0504687,-5.25e-05
1.1450e-02,-0.0410937,0.000231563
1.1460e-02,-0.0490625,0.0002575
1.1470e-02,-0.0595313,-0.000645625
1.1480e-02,-0.0346875,-0.000505
1.1490e-02,-0.0467188,-0.000199375
1.1500e-02,-0.0323438,0.000411563
1.1510e-02,-0.0346875,-0.000274063
1.1520e-02,-0.044375,-0.000505625
1.1530e-02,-0.05625,-3.4375e-06
1.1540e-02,-0.05125,-0.000303438
1.1550e-02,-0.0384375,0.000355625
1.1560e-02,-0.0378125,5.21875e-05
1.1570e-02,-0.0396875,-0.000306563
1.1580e-02,-0.0354688,-0.000343125
1.1590e-02,-0.0453125,-0.000279375
1.1600e-02,-0.0453125,0.000309063
1.1610e-02,-0.0370313,0.00013375
1.1620e-02,-0.05375,-0.00060375
1.1630e-02,-0.0295313,0.000121563
1.1640e-02,-0.0271875,-0.000632813
1.1650e-02,-0.04375,-1.0625e-05
1.1660e-02,-0.0515625,2.46875e-05
1.1670e-02,-0.0392187,-0.000296875
1.1680e-02,-0.046875,-0.000451875
1.1690e-02,-0.035,-0.00025875
1.1700e-02,-0.0471875,-0.000297813
1.1710e-02,-0.0551563,0.00015375
1.1720e-02,-0.0346875,0.00044625
1.1730e-02,-0.0410937,-0.000701875
1.1740e-02,-0.0415625,-0.000150313
1.1750e-02,-0.0309375,-0.000230625
1.1760e-02,-0.0320312,-0.00106656
1.1770e-02,-0.0321875,3.1875e-05
1.1780e-02,-0.0509375,-0.000556563
1.1790e-02,-0.048125,-0.000645938
1.1800e-02,-0.0401563,-0.0003375
1.1810e-02,-0.0421875,-0.000160313
1.1820e-02,-0.0315625,-0.000143438
1.1830e-02,-0.0528125,0.000230938
1.1840e-02,-0.0521875,-0.000512813
1.1850e-02,-0.0276563,4.03125e-05
1.1860e-02,-0.0475,0.000256875
1.1870e-02,-0.0570313,-1.5e-05
1.1880e-02,-0.038125,-6.25e-06
1.1890e-02,-0.0314062,-0.000746875
1.1900e-02,-0.038125,1.625e-05
1.1910e-02,-0.0371875,-0.00023
1.1920e-02,-0.0490625,-0.000222813
1.1930e-02,-0.0385937,-0.000215625
1.1940e-02,-0.0448438,6.25e-05
1.1950e-02,-0.0551563,0.000447813
1.1960e-02,-0.0476562,0.00037875
1.1970e-02,-0.0376563,-0.000489687
1.1980e-02,-0.03875,-0.000125313
1.1990e-02,-0.0478125,-5e-06
1.2000e-02,-0.0409375,-2.1875e-05
1.2010e-02,-0.041875,0.000210625
1.2020e-02,-0.0448438,0.00027
1.2030e-02,-0.0479688,-0.000505625
1.2040e-02,-0.0385937,-9.34375e-05
1.2050e-02,-0.0342187,-0.000763125
1.2060e-02,-0.0359375,-0.000551875
1.2070e-02,-0.0484375,0.000337188
1.2080e-02,-0.0548437,-0.000221563
1.2090e-02,-0.0464062,-0.000368438
1.2100e-02,-0.0403125,-0.000603438
1.2110e-02,-0.046875,-0.000115
1.2120e-02,-0.0470312,0.000119375
1.2130e-02,-0.0529687,-0.000130625
1.2140e-02,-0.0446875,0.000515
1.2150e-02,-0.045625,0.000750938
1.2160e-02,-0.0448438,-9.0625e-06
1.2170e-02,-0.0514063,-0.000167188
1.2180e-02,-0.0420312,9.34375e-05
1.2190e-02,-0.0434375,0.00054875
1.2200e-02,-0.0421875,-0.000361563
1.2210e-02,-0.0357813,-0.000246875
1.2220e-02,-0.0385937,0.00018375
1.2230e-02,-0.04375,-6.875e-05
1.2240e-02,-0.0371875,-0.000514375
1.2250e-02,-0.0482812,-1.90625e-05
1.2260e-02,-0.0364063,0.000373438
1.2270e-02,-0.0420312,0.000135
1.2280e-02,-0.0426562,2.4375e-05
1.2290e-02,-0.0407813,-2e-05
1.2300e-02,-0.0507812,-0.000789375
1.2310e-02,-0.0309375,-0.00052375
1.2320e-02,-0.0478125,-0.000305313
1.2330e-02,-0.050625,0.000630938
1.2340e-02,-0.045625,0.000340313
1.2350e-02,-0.0460938,-1.28125e-05
1.2360e-02,-0.0448438,-0.000482813
1.2370e-02,-0.045625,-0.00156875
1.2380e-02,-0.0507812,-0.000663125
1.2390e-02,-0.0496875,0.000240938
1.2400e-02,-0.040625,0.000350625
1.2410e-02,-0.0396875,0.00022875
1.2420e-02,-0.0290625,9.3125e-05
1.2430e-02,-0.0453125,0.000134375
1.2440e-02,-0.0382813,0.000314063
1.2450e-02,-0.040625,0.000180938
1.2460e-02,-0.05375,0.000270625
1.2470e-02,-0.0445313,0.000124063
1.2480e-02,0.689375,-0.00218844
1.2490e-02,-1.18016,-0.00585313
1.2500e-02,-1.62406,-0.00727344
1.2510e-02,-0.73375,-0.00804188
1.2520e-02,-0.030625,-0.00811125
1.2530e-02,0.129844,-0.007795
1.2540e-02,0.1075,-0.00774969
1.2550e-02,0.08,-0.00772281
1.2560e-02,0.0779688,-0.007735
1.2570e-02,0.0645312,-0.00783312
1.2580e-02,0.0560937,-0.00783906
1.2590e-02,0.054375,-0.00772094
1.2600e-02,0.0507812,-0.00759656
1.2610e-02,0.0446875,-0.00773375
1.2620e-02,0.0353125,-0.00761094
1.2630e-02,0.04875,-0.00765219
1.2640e-02,0.0440625,-0.0076025
1.2650e-02,0.0145312,-0.00759031
1.2660e-02,0.0367187,-0.00767625
1.2670e-02,0.0239063,-0.00770031
1.2680e-02,0.0253125,-0.00753875
1.2690e-02,0.0254688,-0.00754563
1.2700e-02,0.03,-0.00777656
1.2710e-02,0.009375,-0.00763438
1.2720e-02,0.0196875,-0.00744625
1.2730e-02,0.0273438,-0.00597531
1.2740e-02,0.0075,-0.00076
1.2750e-02,0.0142187,0.00155281
1.2760e-02,0.009375,0.0004425
1.2770e-02,0.00453125,-0.00260406
1.2780e-02,0.00625,-0.0037475
1.2790e-02,0.0123437,-0.00186688
1.2800e-02,0.00515625,0.000703438
1.2810e-02,0.016875,0.00210281
1.2820e-02,0.0160938,0.00223656
1.2830e-02,-0.00109375,-0.000648438
1.2840e-02,0.00375,-0.00324281
1.2850e-02,0.00375,-0.00193125
1.2860e-02,-0.00265625,-0.00011125
1.2870e-02,0.0115625,0.00189906
1.2880e-02,0.0046875,0.00240344
1.2890e-02,-0.000625,0.000320313
1.2900e-02,0.008125,-0.00129563
1.2910e-02,-0.0021875,-0.0019725
1.2920e-02,0.0009375,-0.000999375
1.2930e-02,0.0009375,0.00128563
1.2940e-02,0.00171875,0.00182438
1.2950e-02,-0.00078125,0.000628125
1.2960e-02,0.013125,-0.00067
1.2970e-02,-0.0159375,-0.00175281
1.2980e-02,-0.00078125,-0.00115031
1.2990e-02,0.0053125,-0.00048875
1.3000e-02,-0.00734375,0.00137031
1.3010e-02,0.0003125,0.00106531
1.3020e-02,-0.0096875,-0.000627188
1.3030e-02,-0.0114062,-0.000767188
1.3040e-02,-0.0120313,-0.00136031
1.3050e-02,-0.00421875,-0.000453438
1.3060e-02,-0.00078125,0.000790313
1.3070e-02,-0.00484375,0.00097125
1.3080e-02,-0.0034375,0.000534375
1.3090e-02,0.00421875,0.000402813
1.3100e-02,0.00234375,-0.000758125
1.3110e-02,-0.00375,-0.000655
1.3120e-02,-0.0132813,0.000440938
1.3130e-02,-0.0114062,0.000607813
1.3140e-02,-0.0146875,0.000637813
1.3150e-02,-0.0103125,-0.0002375
1.3160e-02,-0.001875,-0.000425313
1.3170e-02,-0.01125,0.000209688
1.3180e-02,-0.008125,-0.000748438
1.3190e-02,0.00515625,0.000747188
1.3200e-02,-0.00703125,0.00106844
1.3210e-02,-0.0101563,-0.00036875
1.3220e-02,-0.0110937,0.000115938
1.3230e-02,-0.016875,-0.000328438
1.3240e-02,-0.0078125,-0.0005075
1.3250e-02,-0.00625,0.000375938
1.3260e-02,-0.01,3.53125e-05
1.3270e-02,-0.00640625,0.000213125
1.3280e-02,-0.0185937,-0.000158438
1.3290e-02,-0.0204688,-0.000643125
1.3300e-02,-0.0028125,-0.000465625
1.3310e-02,-0.0201563,-0.00035375
1.3320e-02,-0.0198438,-0.000406563
1.3330e-02,-0.0115625,0.000607188
1.3340e-02,-0.0046875,0.000521875
1.3350e-02,-0.0059375,0.000195313
1.3360e-02,-0.0214063,-0.000302188
1.3370e-02,-0.0164063,-7.5e-06
1.3380e-02,-0.0159375,-0.000166563
1.3390e-02,-0.0135937,3.9375e-05
1.3400e-02,-0.000625,0.000420625
1.3410e-02,-0.0134375,0.000906875
1.3420e-02,-0.0157813,0.000131875
1.3430e-02,-0.0278125,-0.000398125
1.3440e-02,-0.0115625,-0.000623125
1.3450e-02,-0.0171875,-0.00074625
1.3460e-02,-0.0109375,-0.000419063
1.3470e-02,-0.0159375,8.09375e-05
1.3480e-02,-0.02125,0.0002075
1.3490e-02,-0.00796875,1.125e-05
1.3500e-02,-0.00921875,-0.000243125
1.3510e-02,-0.0290625,-0.000100313
1.3520e-02,-0.0125,-0.000161563
1.3530e-02,-0.0185937,-0.000248125
1.3540e-02,-0.0245313,-0.000261875
1.3550e-02,-0.0276563,-0.000172813
1.3560e-02,-0.0154687,-0.000681563
1.3570e-02,-0.0179687,-0.000363125
1.3580e-02,0.0021875,-0.000914688
1.3590e-02,-0.0129688,-0.000273125
1.3600e-02,-0.0170313,5e-06
1.3610e-02,-0.00890625,-0.000115313
1.3620e-02,-0.0179687,0.000787188
1.3630e-02,-0.0159375,-0.000667188
1.3640e-02,-0.0203125,-0.000823438
1.3650e-02,-0.0253125,-0.000230313
1.3660e-02,-0.0146875,1.71875e-05
1.3670e-02,-0.0289063,0.000191563
1.3680e-02,-0.0234375,0.000390313
1.3690e-02,-0.010625,-0.0004975
1.3700e-02,-0.0190625,-0.0001625
1.3710e-02,-0.0040625,-0.000428125
1.3720e-02,-0.0103125,-0.000377188
1.3730e-02,-0.0170313,0.0002125
1.3740e-02,-0.0159375,-0.000214063
1.3750e-02,-0.0235938,0.00087
1.3760e-02,-0.00953125,0.000305625
1.3770e-02,-0.0125,-0.000464688
1.3780e-02,-0.0192187,0.000215313
1.3790e-02,-0.0235938,0.000811563
1.3800e-02,-0.0157813,0.000426875
1.3810e-02,-0.0153125,0.000478125
1.3820e-02,-0.035,-0.000395
1.3830e-02,-0.019375,-0.00047875
1.3840e-02,-0.0167188,-0.000148125
1.3850e-02,-0.020625,-0.000155
1.3860e-02,-0.023125,0.00074
1.3870e-02,-0.0176563,-0.000379375
1.3880e-02,-0.0154687,-0.000371563
1.3890e-02,-0.0273438,-7.03125e-05
1.3900e-02,-0.0251563,0.000241875
1.3910e-02,-0.0284375,0.000183438
1.3920e-02,-0.0228125,0.000140313
1.3930e-02,-0.0245313,0.000359063
1.3940e-02,-0.0203125,0.000655
1.3950e-02,-0.0209375,-0.000155938
1.3960e-02,-0.026875,-0.00012375
1.3970e-02,-0.0179687,-0.000458438
1.3980e-02,-0.0225,-0.000775625
1.3990e-02,-0.0139063,-3.34375e-05
1.4000e-02,-0.0342187,-0.000305313
1.4010e-02,-0.00859375,0.000515
1.4020e-02,-0.019375,-0.000127188
1.4030e-02,-0.0071875,-0.000396875
1.4040e-02,-0.0178125,-0.000171563
1.4050e-02,-0.0207813,0.000461875
1.4060e-02,-0.0151562,-0.000155625
1.4070e-02,-0.0271875,0.000384688
1.4080e-02,-0.0226562,-3.84375e-05
1.4090e-02,-0.03625,-0.000507188
1.4100e-02,-0.0275,-0.000234688
1.4110e-02,-0.0235938,0.000188125
1.4120e-02,-0.0259375,8.4375e-05
1.4130e-02,-0.0220313,0.000224063
1.4140e-02,-0.0335937,-3.3125e-05
1.4150e-02,-0.0370313,0.000731875
1.4160e-02,-0.018125,-0.000364688
1.4170e-02,-0.0339062,0.000502813
1.4180e-02,-0.0259375,0.000227188
1.4190e-02,-0.026875,0.000691875
1.4200e-02,-0.0267187,0.00061
1.4210e-02,-0.0210938,0.000671875
1.4220e-02,-0.0309375,-7.90625e-05
1.4230e-02,-0.030625,-0.000261875
1.4240e-02,-0.0146875,-0.000489063
1.4250e-02,-0.0290625,-0.0003575
1.4260e-02,-0.0179687,0.000196875
1.4270e-02,-0.028125,-0.000576563
1.4280e-02,-0.0221875,6.53125e-05
1.4290e-02,-0.0246875,-0.000197813
1.4300e-02,-0.036875,0.000116563
1.4310e-02,-0.00953125,4.15625e-05
1.4320e-02,-0.025,9.5e-05
1.4330e-02,-0.035625,3.40625e-05
1.4340e-02,-0.0275,0.0003725
1.4350e-02,-0.0201563,-0.000104063
1.4360e-02,-0.03625,0.000642813
1.4370e-02,-0.0289063,0.000483125
1.4380e-02,-0.024375,-0.000273125
1.4390e-02,-0.014375,8.78125e-05
1.4400e-02,-0.0284375,0.000299063
1.4410e-02,-0.029375,0.000201875
1.4420e-02,-0.0282813,-0.000226875
1.4430e-02,-0.0198438,0.000110625
1.4440e-02,-0.0292188,-1.53125e-05
1.4450e-02,-0.0090625,0.000125
1.4460e-02,-0.0260937,0.00041875
1.4470e-02,-0.018125,8.34375e-05
1.4480e-02,-0.020625,0.00042
1.4490e-02,-0.02375,8.84375e-05
1.4500e-02,-0.0259375,0.000159063
1.4510e-02,-0.0373438,-0.000404688
1.4520e-02,-0.0323438,0.00085375
1.4530e-02,-0.0323438,0.000585625
1.4540e-02,-0.0315625,-8.40625e-05
1.4550e-02,-0.0217188,0.000164063
1.4560e-02,-0.0221875,-5.46875e-05
1.4570e-02,-0.0204688,-0.000158125
1.4580e-02,-0.02375,0.00017
1.4590e-02,-0.026875,-0.000437813
1.4600e-02,-0.0332812,8.875e-05
1.4610e-02,-0.0164063,-0.000559688
1.4620e-02,-0.0217188,-0.000515
1.4630e-02,-0.0365625,0.000170625
1.4640e-02,-0.0339062,0.000155313
1.4650e-02,-0.0326562,0.00056125
1.4660e-02,-0.0178125,0.000542813
1.4670e-02,-0.0148437,3.0625e-05
1.4680e-02,-0.0257812,-6.84375e-05
1.4690e-02,-0.0209375,0.000335625
1.4700e-02,-0.01875,0.000477188
1.4710e-02,-0.0365625,0.000414688
1.4720e-02,-0.0248438,0.000225313
1.4730e-02,-0.02875,-0.00053625
1.4740e-02,-0.0309375,4e-05
1.4750e-02,-0.0304688,-0.00044
1.4760e-02,-0.0273438,0.000320313
1.4770e-02,-0.0420312,0.000228438
1.4780e-02,-0.0284375,-0.000204688
1.4790e-02,-0.0282813,-0.00021625
1.4800e-02,-0.035,-0.000270938
1.4810e-02,-0.028125,-0.000170625
1.4820e-02,-0.0242188,0.000176875
1.4830e-02,-0.0251563,-7.5e-06
1.4840e-02,-0.031875,8.75e-05
1.4850e-02,-0.0220313,0.000512188
1.4860e-02,-0.0271875,0.000534063
1.4870e-02,-0.0245313,0.000295313
1.4880e-02,-0.0259375,9.6875e-06
1.4890e-02,-0.0315625,4.78125e-05
1.4900e-02,-0.0446875,0.0004075
1.4910e-02,-0.0190625,-0.000234688
1.4920e-02,-0.0278125,0.000414375
1.4930e-02,-0.0264062,0.000127188
1.4940e-02,-0.0445313,-0.000253438
1.4950e-02,-0.03625,-0.000191875
1.4960e-02,-0.0232812,-0.000464375
1.4970e-02,-0.0309375,0.00019125
1.4980e-02,-0.0295313,0.000293438
1.4990e-02,-0.034375,6.5625e-05
1.5000e-02,-0.0209375,-0.000125
1.5010e-02,-0.030625,0.000328125
1.5020e-02,-0.0240625,0.000459063
1.5030e-02,-0.0320312,0.0003575
1.5040e-02,-0.0278125,5.78125e-05
1.5050e-02,-0.0267187,0.000758125
1.5060e-02,-0.0279688,8.09375e-05
1.5070e-02,-0.0325,-0.000885938
1.5080e-02,-0.0295313,-0.000111563
1.5090e-02,-0.0382813,-0.000137813
1.5100e-02,-0.0246875,-0.00048625
1.5110e-02,-0.0271875,-0.000184375
1.5120e-02,-0.0320312,-2.78125e-05
1.5130e-02,-0.0303125,9.21875e-05
1.5140e-02,-0.0323438,0.000152188
1.5150e-02,-0.0239063,-0.000331563
1.5160e-02,-0.0309375,5.625e-05
1.5170e-02,-0.029375,0.000117188
1.5180e-02,-0.0439063,0.000184375
1.5190e-02,-0.0307813,0.000312813
1.5200e-02,-0.0329688,-3.71875e-05
1.5210e-02,-0.020625,0.000243438
1.5220e-02,-0.0217188,-0.000653438
1.5230e-02,-0.0301563,-0.000273438
1.5240e-02,-0.045,0.000185313
1.5250e-02,-0.0303125,-0.000819063
1.5260e-02,-0.0423437,-0.000165938
1.5270e-02,-0.0210938,0.000334375
1.5280e-02,-0.0423437,0.000148438
1.5290e-02,-0.0317188,0.00033625
1.5300e-02,-0.0328125,0.000162813
1.5310e-02,-0.0396875,-2.625e-05
1.5320e-02,-0.0395313,-2.8125e-05
1.5330e-02,-0.0395313,7.65625e-05
1.5340e-02,-0.03625,0.00010875
1.5350e-02,-0.0242188,0.000810625
1.5360e-02,-0.0371875,0.000674688
1.5370e-02,-0.0339062,-7.09375e-05
1.5380e-02,-0.02,0.00018375
1.5390e-02,-0.0248438,-6.96875e-05
1.5400e-02,-0.029375,6.09375e-05
1.5410e-02,-0.0401563,0.0001425
1.5420e-02,-0.0335937,-0.000329375
1.5430e-02,-0.041875,0.000528125
1.5440e-02,-0.0379688,-0.000157813
1.5450e-02,-0.0284375,-0.000463438
1.5460e-02,-0.0276563,0.000199063
1.5470e-02,-0.0457813,-0.00052125
1.5480e-02,-0.0278125,-3.8125e-05
1.5490e-02,-0.0403125,0.000203438
1.5500e-02,-0.0321875,-0.00037
1.5510e-02,-0.036875,-8.5e-05
1.5520e-02,-0.0315625,-0.000215
1.5530e-02,-0.0276563,-3.8125e-05
1.5540e-02,-0.018125,-0.000256563
1.5550e-02,-0.031875,0.000285313
1.5560e-02,-0.0248438,-0.000581875
1.5570e-02,-0.0353125,0.0002725
1.5580e-02,-0.0342187,-6.75e-05
1.5590e-02,-0.0370313,2e-05
1.5600e-02,-0.0309375,0.000177188
1.5610e-02,-0.0365625,0.0007425
1.5620e-02,-0.02375,0.00071625
1.5630e-02,-0.0479688,0.00014875
1.5640e-02,-0.0371875,0.000326875
1.5650e-02,-0.028125,-0.000455313
1.5660e-02,-0.035,-0.000655938
1.5670e-02,-0.0307813,-7.09375e-05
1.5680e-02,-0.0428125,0.00011375
1.5690e-02,-0.03125,0.000622188
1.5700e-02,-0.0276563,0.000110313
1.5710e-02,-0.0332812,-0.0002775
1.5720e-02,-0.0321875,-0.000320313
1.5730e-02,-0.0392187,-0.000596563
1.5740e-02,-0.043125,-0.000370938
1.5750e-02,-0.03125,0.000684688
1.5760e-02,-0.0365625,-3.5e-05
1.5770e-02,-0.03875,0.000195625
1.5780e-02,-0.0389063,-0.000109063
1.5790e-02,-0.035625,-0.000864375
1.5800e-02,-0.0284375,0.000324375
1.5810e-02,-0.0332812,0.000529063
1.5820e-02,-0.0351562,-2.5625e-05
1.5830e-02,-0.0290625,-0.000110313
1.5840e-02,-0.0401563,-0.000164688
1.5850e-02,-0.0529687,-0.000248125
1.5860e-02,-0.0332812,-0.000420625
1.5870e-02,-0.04625,-0.000772813
1.5880e-02,-0.0403125,0.000474375
1.5890e-02,-0.0251563,-6.78125e-05
1.5900e-02,-0.0317188,-0.000125938
1.5910e-02,-0.0315625,-0.000313438
1.5920e-02,-0.0296875,-0.00148813
1.5930e-02,-0.0285938,-0.000272812
1.5940e-02,-0.0228125,-0.000180938
1.5950e-02,-0.035,0.00114125
1.5960e-02,-0.0365625,0.00117031
1.5970e-02,-0.0353125,-0.00019125
1.5980e-02,-0.0479688,-0.000451875
1.5990e-02,-0.0195312,-0.000961563
1.6000e-02,-0.0390625,-0.000904688
1.6010e-02,-0.0395313,0.001305
1.6020e-02,-0.02375,0.000589375
1.6030e-02,-0.0420312,0.000362188
1.6040e-02,-0.0410937,-0.000336563
1.6050e-02,-0.0314062,-0.00123875
1.6060e-02,-0.036875,-0.0014475
1.6070e-02,-0.0371875,-0.00024375
1.6080e-02,-0.0371875,0.00063625
1.6090e-02,-0.030625,0.00153719
1.6100e-02,-0.0328125,-0.0001975
1.6110e-02,-0.0414063,-0.00141938
1.6120e-02,-0.0296875,-0.00142844
1.6130e-02,-0.0334375,-0.000129375
1.6140e-02,-0.045625,0.00127625
1.6150e-02,-0.0365625,0.00130031
1.6160e-02,-0.035,0.000909063
1.6170e-02,-0.0267187,-0.000510937
1.6180e-02,-0.038125,-0.00140438
1.6190e-02,-0.0265625,-0.000670313
1.6200e-02,-0.0478125,0.00114437
1.6210e-02,-0.0334375,0.00202563
1.6220e-02,-0.0292188,0.00131219
1.6230e-02,-0.0509375,7.78125e-05
1.6240e-02,-0.0260937,-0.00167688
1.6250e-02,-0.0221875,-0.0012
1.6260e-02,-0.023125,0.000990625
1.6270e-02,-0.0390625,0.00151438
1.6280e-02,-0.0353125,0.00164625
1.6290e-02,-0.043125,0.000790938
1.6300e-02,-0.0370313,-0.00140125
1.6310e-02,-0.0445313,-0.00248688
1.6320e-02,-0.0323438,-0.00175375
1.6330e-02,-0.0253125,0.00136406
1.6340e-02,-0.029375,0.00279563
1.6350e-02,-0.0296875,0.00174094
1.6360e-02,-0.0364063,-0.00040125
1.6370e-02,-0.0445313,-0.00304094
1.6380e-02,-0.033125,-0.00265875
1.6390e-02,-0.0384375,0.000491875
1.6400e-02,-0.0239063,0.002335
1.6410e-02,-0.0285938,0.00404156
1.6420e-02,-0.0370313,0.0016125
1.6430e-02,-0.0451563,-0.0019675
1.6440e-02,-0.043125,-0.00329875
1.6450e-02,-0.0301563,-0.00147188
1.6460e-02,-0.0334375,0.00210656
1.6470e-02,-0.0398437,0.00412969
1.6480e-02,-0.0453125,0.00297406
1.6490e-02,-0.0254688,1.71875e-05
1.6500e-02,-0.0359375,-0.00329594
1.6510e-02,-0.031875,-0.00386594
1.6520e-02,-0.0326562,-0.001315
1.6530e-02,-0.0378125,0.00213594
1.6540e-02,-0.0351562,0.00447219
1.6550e-02,-0.0390625,0.00246031
1.6560e-02,-0.0317188,-0.00104875
1.6570e-02,-0.0284375,-0.00336875
1.6580e-02,-0.0351562,-0.00314469
1.6590e-02,-0.0482812,0.000364375
1.6600e-02,-0.0357813,0.00321219
1.6610e-02,-0.0226562,0.00333031
1.6620e-02,-0.0398437,0.00093125
1.6630e-02,-0.03625,-0.00161
1.6640e-02,-0.03375,-0.003355
1.6650e-02,-0.054375,-0.0022425
1.6660e-02,-0.0442188,0.000775
1.6670e-02,-0.0390625,0.00351625
1.6680e-02,-0.0284375,0.002465
1.6690e-02,-0.0403125,-0.000290625
1.6700e-02,-0.0435938,-0.00162563
1.6710e-02,-0.0382813,-0.00193906
1.6720e-02,-0.0348437,-0.000735313
1.6730e-02,-0.031875,0.00152719
1.6740e-02,-0.029375,0.00169094
1.6750e-02,-0.0390625,0.000996563
1.6760e-02,-0.0382813,-0.00132563
1.6770e-02,-0.0325,-0.00211188
1.6780e-02,-0.0407813,-0.00111594
1.6790e-02,-0.045,0.000618125
1.6800e-02,-0.0253125,0.00165906
1.6810e-02,-0.0242188,0.000949688
1.6820e-02,-0.0409375,-0.000639688
1.6830e-02,-0.0345312,-0.00121969
1.6840e-02,-0.0378125,-0.00121469
1.6850e-02,-0.0446875,-7.09375e-05
1.6860e-02,-0.031875,0.00127063
1.6870e-02,-0.0454688,0.000612813
1.6880e-02,-0.0414063,-0.000239375
1.6890e-02,-0.0326562,-0.00137063
1.6900e-02,-0.0454688,-0.00126656
1.6910e-02,-0.0378125,-0.000204688
1.6920e-02,-0.0354688,0.000287188
1.6930e-02,-0.0339062,0.00150469
1.6940e-02,-0.043125,0.00107469
1.6950e-02,-0.0384375,2.6875e-05
1.6960e-02,-0.04875,-0.00106781
1.6970e-02,-0.0403125,-0.00115781
1.6980e-02,-0.03875,-7.4375e-05
1.6990e-02,-0.0303125,0.000837813
1.7000e-02,-0.0385937,0.000515
1.7010e-02,-0.0371875,0.000334063
1.7020e-02,-0.034375,-0.000411875
1.7030e-02,-0.0470312,-0.000955625
1.7040e-02,-0.0367188,-0.0005925
1.7050e-02,-0.0267187,0.000130938
1.7060e-02,-0.0451563,7.375e-05
1.7070e-02,-0.0473438,0.0002525
1.7080e-02,-0.0384375,-0.000561875
1.7090e-02,-0.0376563,-0.00148094
1.7100e-02,-0.041875,-0.000761563
1.7110e-02,-0.0454688,-0.000183125
1.7120e-02,-0.0273438,0.000554063
1.7130e-02,-0.05,0.000768125
1.7140e-02,-0.0240625,0.000443438
1.7150e-02,-0.0514063,2.53125e-05
1.7160e-02,-0.0351562,-0.000546875
1.7170e-02,-0.0370313,-0.000299063
1.7180e-02,-0.03,0.000998437
1.7190e-02,-0.0392187,0.000745313
1.7200e-02,-0.0320312,0.000464063
1.7210e-02,-0.053125,0.0005425
1.7220e-02,-0.04625,-0.00072
1.7230e-02,-0.054375,-0.00017125
1.7240e-02,-0.0315625,0.000102813
1.7250e-02,-0.0432813,0.000507813
1.7260e-02,-0.0323438,0.000465625
1.7270e-02,-0.039375,-0.00053875
1.7280e-02,-0.0390625,-0.000803125
1.7290e-02,-0.0365625,-0.00072375
1.7300e-02,-0.0417187,-0.000558125
1.7310e-02,-0.0359375,-3.90625e-05
1.7320e-02,-0.03375,0.000309688
1.7330e-02,-0.0384375,-4.15625e-05
1.7340e-02,-0.0407813,0.000255313
1.7350e-02,-0.058125,-0.000545625
1.7360e-02,-0.0359375,3.28125e-05
1.7370e-02,-0.0309375,-6.25e-06
1.7380e-02,-0.048125,5.25e-05
1.7390e-02,-0.035,0.00030375
1.7400e-02,-0.0301563,0.000578438
1.7410e-02,-0.0484375,0.000438125
1.7420e-02,-0.0410937,0.000185625
1.7430e-02,-0.0325,-0.000164063
1.7440e-02,-0.0435938,3.125e-06
1.7450e-02,-0.0371875,-0.00026875
1.7460e-02,-0.0292188,-3.46875e-05
1.7470e-02,-0.0323438,-0.000245938
1.7480e-02,-0.0359375,-3.6875e-05
1.7490e-02,-0.0448438,-4.53125e-05
1.7500e-02,-0.0442188,-0.000248125
1.7510e-02,-0.039375,-0.000489687
1.7520e-02,-0.033125,3e-05
1.7530e-02,-0.038125,0.000355
1.7540e-02,-0.0398437,0.00016125
1.7550e-02,-0.0346875,-0.00019625
1.7560e-02,-0.0360938,0.00015625
1.7570e-02,-0.03875,-0.000793438
1.7580e-02,-0.04,0.0001075
1.7590e-02,-0.0370313,-0.00012
1.7600e-02,-0.04125,-5.0625e-05
1.7610e-02,-0.0457813,2.6875e-05
1.7620e-02,-0.04125,-0.000287813
1.7630e-02,-0.0415625,-0.000386563
1.7640e-02,-0.0314062,0.000568125
1.7650e-02,-0.0342187,0.00026875
1.7660e-02,-0.0528125,-0.000207813
1.7670e-02,-0.0310937,-0.000432188
1.7680e-02,-0.0420312,-0.0006025
1.7690e-02,-0.034375,8.59375e-05
1.7700e-02,-0.0451563,7.46875e-05
1.7710e-02,-0.0334375,0.000238438
1.7720e-02,-0.044375,-3.28125e-05
1.7730e-02,-0.0376563,-1.5625e-06
1.7740e-02,-0.044375,0.00032625
1.7750e-02,-0.0410937,6.875e-06
1.7760e-02,-0.0398437,0.000101563
1.7770e-02,-0.0453125,0.000726875
1.7780e-02,-0.0490625,0.000252812
1.7790e-02,-0.045625,0.00051625
1.7800e-02,-0.045,0.000734375
1.7810e-02,-0.0373438,-0.000525625
1.7820e-02,-0.0395313,-0.000630313
1.7830e-02,-0.0314062,-0.000507813
1.7840e-02,-0.0434375,-0.000272188
1.7850e-02,-0.043125,5.0625e-05
1.7860e-02,-0.0490625,-0.000205938
1.7870e-02,-0.044375,-0.000469688
1.7880e-02,-0.0484375,0.00035375
1.7890e-02,-0.0420312,-0.000285
1.7900e-02,-0.03375,-5.0625e-05
1.7910e-02,-0.046875,0.00010625
1.7920e-02,-0.0321875,-0.000163438
1.7930e-02,-0.041875,0.000205625
1.7940e-02,-0.041875,-0.00056
1.7950e-02,-0.0371875,-0.0002575
1.7960e-02,-0.034375,0.000609063
1.7970e-02,-0.045625,0.0003325
1.7980e-02,-0.0467188,0.000923125
1.7990e-02,-0.0378125,-6e-05
1.8000e-02,-0.0278125,-7.9375e-05
1.8010e-02,-0.0298438,0.000543125
1.8020e-02,-0.0471875,-0.00085625
1.8030e-02,-0.0390625,-0.000175938
1.8040e-02,-0.04125,-0.000172813
1.8050e-02,-0.0378125,0.000236875
1.8060e-02,-0.0329688,0.000388125
1.8070e-02,-0.0435938,-0.000506875
1.8080e-02,-0.0267187,-0.000221563
1.8090e-02,-0.0335937,-5e-05
1.8100e-02,-0.0246875,-0.00127406
1.8110e-02,-0.0351562,0.000139062
1.8120e-02,-0.0384375,1.34375e-05
1.8130e-02,-0.0417187,-0.000579375
1.8140e-02,-0.03875,-0.000179063
1.8150e-02,-0.0371875,-0.0005775
1.8160e-02,-0.043125,-0.000410938
1.8170e-02,-0.0423437,-0.000242813
1.8180e-02,-0.0434375,-8.625e-05
1.8190e-02,-0.051875,5.28125e-05
1.8200e-02,-0.0284375,-5.125e-05
1.8210e-02,-0.0446875,3.09375e-05
1.8220e-02,-0.0403125,0.00021125
1.8230e-02,-0.0459375,-0.0002275
1.8240e-02,-0.0367188,3.75e-05
1.8250e-02,-0.04625,0.000163125
1.8260e-02,-0.04375,0.000222813
1.8270e-02,-0.0459375,0.00041
1.8280e-02,-0.045,-0.000236875
1.8290e-02,-0.0470312,-0.000413125
1.8300e-02,-0.0367188,5.9375e-05
1.8310e-02,-0.0292188,-0.000140313
1.8320e-02,-0.0415625,-2.59375e-05
1.8330e-02,-0.0357813,-9.375e-05
1.8340e-02,-0.0384375,-0.000575313
1.8350e-02,-0.0425,-0.000145625
1.8360e-02,-0.0354688,-0.000864375
1.8370e-02,-0.0345312,2.15625e-05
1.8380e-02,-0.0353125,-7.5e-05
1.8390e-02,-0.0520313,0.000311875
1.8400e-02,-0.0382813,-0.000248125
1.8410e-02,-0.0501562,0.000275313
1.8420e-02,-0.0410937,5.3125e-05
1.8430e-02,-0.0410937,0.00030625
1.8440e-02,-0.04875,0.000303125
1.8450e-02,-0.0507812,-4.71875e-05
1.8460e-02,-0.0454688,0.000409063
1.8470e-02,-0.0478125,2.65625e-05
1.8480e-02,-0.04125,0.000309063
1.8490e-02,-0.0321875,1.25e-05
1.8500e-02,-0.0360938,-0.000799375
1.8510e-02,-0.0453125,0.000603438
1.8520e-02,-0.0403125,-0.00017375
1.8530e-02,-0.0407813,0.000286875
1.8540e-02,-0.0360938,0.000294375
1.8550e-02,-0.0478125,6e-05
1.8560e-02,-0.0404687,0.000314375
1.8570e-02,-0.0467188,0.000409688
1.8580e-02,-0.0325,-0.000272812
1.8590e-02,-0.0376563,-0.00055125
1.8600e-02,-0.0435938,-0.0008325
1.8610e-02,-0.0334375,-0.000554375
1.8620e-02,-0.035,-0.00031875
1.8630e-02,-0.04,-0.000429063
1.8640e-02,-0.0457813,-0.000188438
1.8650e-02,-0.03125,-0.000376563
1.8660e-02,-0.035625,-0.0003475
1.8670e-02,-0.0567187,-0.000181875
1.8680e-02,-0.0454688,0.000445625
1.8690e-02,-0.0446875,-0.00015125
1.8700e-02,-0.045,-5.875e-05
1.8710e-02,-0.0371875,-0.000100625
1.8720e-02,-0.04,-7.15625e-05
1.8730e-02,-0.0446875,0.000174063
1.8740e-02,-0.0404687,-0.000185
1.8750e-02,-0.0517188,5.625e-05
1.8760e-02,-0.0448438,-9.34375e-05
1.8770e-02,-0.04625,-7.9375e-05
1.8780e-02,-0.0440625,-0.00035125
1.8790e-02,-0.0398437,0.000324375
1.8800e-02,-0.0364063,-0.000197813
1.8810e-02,-0.035,-0.000273125
1.8820e-02,-0.0520313,-0.000354375
1.8830e-02,-0.0323438,0.000365938
1.8840e-02,-0.0425,-0.000166563
1.8850e-02,-0.0460938,-0.000133125
1.8860e-02,-0.0467188,0.000352188
1.8870e-02,-0.0595313,-6.25e-05
1.8880e-02,-0.0303125,0.00021875
1.8890e-02,-0.0501562,0.000245313
1.8900e-02,-0.044375,-0.000299063
1.8910e-02,-0.0507812,5e-05
1.8920e-02,-0.0354688,-0.000538125
1.8930e-02,-0.0428125,0.0001775
1.8940e-02,-0.040625,7.875e-05
1.8950e-02,-0.05375,0.000282188
1.8960e-02,-0.0457813,0.000785
1.8970e-02,-0.0332812,0.00035875
1.8980e-02,-0.0371875,-3.53125e-05
1.8990e-02,-0.0503125,0.000315938
1.9000e-02,-0.0439063,0.000657188
1.9010e-02,-0.0485938,0.000349375
1.9020e-02,-0.0542187,0.00113906
1.9030e-02,-0.0492188,-0.000473125
1.9040e-02,-0.0475,0.000518438
1.9050e-02,-0.0470312,0.000614375
1.9060e-02,-0.039375,-0.00021875
1.9070e-02,-0.0385937,-5.03125e-05
1.9080e-02,-0.0414063,-0.0004925
1.9090e-02,-0.040625,-0.000264688
1.9100e-02,-0.0382813,0.000165625
1.9110e-02,-0.038125,-0.000190313
1.9120e-02,-0.0501562,0.00024
1.9130e-02,-0.0465625,0.000167813
1.9140e-02,-0.0421875,-0.000258125
1.9150e-02,-0.0340625,3.125e-05
1.9160e-02,-0.04625,-2.5e-05
1.9170e-02,-0.0385937,-0.00021125
1.9180e-02,-0.0346875,0.00025375
1.9190e-02,-0.0310937,2.09375e-05
1.9200e-02,-0.0470312,0.000261563
1.9210e-02,-0.0314062,0.000339375
1.9220e-02,-0.0414063,-0.000105938
1.9230e-02,-0.04625,0.000179375
1.9240e-02,-0.0385937,-0.00022875
1.9250e-02,-0.0403125,0.00015
1.9260e-02,-0.0367188,4.96875e-05
1.9270e-02,-0.043125,-0.000262813
1.9280e-02,-0.0457813,-0.000311563
1.9290e-02,-0.03375,3.5625e-05
1.9300e-02,-0.0440625,-0.000167188
1.9310e-02,-0.0465625,6.875e-05
1.9320e-02,-0.04625,7.90625e-05
1.9330e-02,-0.041875,-0.000368125
1.9340e-02,-0.0467188,0.000119688
1.9350e-02,-0.041875,0.000161563
1.9360e-02,-0.039375,-0.000315938
1.9370e-02,-0.0465625,-8.625e-05
1.9380e-02,-0.0457813,-0.000442813
1.9390e-02,-0.0404687,-0.000105313
1.9400e-02,-0.0460938,6.46875e-05
1.9410e-02,-0.0370313,-3.34375e-05
1.9420e-02,-0.0432813,-6.96875e-05
1.9430e-02,-0.0459375,-0.000448125
1.9440e-02,-0.0376563,-0.000304375
1.9450e-02,-0.0551563,0.00031
1.9460e-02,-0.044375,-0.000260938
1.9470e-02,-0.0446875,-0.000184063
1.9480e-02,-0.0451563,-0.000240938
1.9490e-02,-0.0454688,-0.000587813
1.9500e-02,-0.0470312,0.000131875
1.9510e-02,-0.0351562,-0.000299688
1.9520e-02,-0.0510938,-0.000652188
1.9530e-02,-0.0321875,-0.0003625
1.9540e-02,-0.0467188,-0.000107188
1.9550e-02,-0.0421875,0.0004375
1.9560e-02,-0.05,-4.71875e-05
1.9570e-02,-0.0398437,-0.000215625
1.9580e-02,-0.0446875,-1.28125e-05
1.9590e-02,-0.0570313,6.53125e-05
1.9600e-02,-0.05,3.09375e-05
1.9610e-02,-0.0515625,-0.00021625
1.9620e-02,-0.0451563,0.000115
1.9630e-02,-0.0510938,-0.000147188
1.9640e-02,-0.0523437,0.00023375
1.9650e-02,-0.0398437,-7.53125e-05
1.9660e-02,-0.0354688,-0.000472188
1.9670e-02,-0.0426562,-0.000474063
1.9680e-02,-0.0454688,-0.000316563
1.9690e-02,-0.0321875,6.875e-06
1.9700e-02,-0.0517188,-0.000269688
1.9710e-02,-0.0465625,-0.000144375
1.9720e-02,-0.0335937,-0.00017125
1.9730e-02,-0.0314062,-0.000548125
1.9740e-02,-0.0359375,-0.000452813
1.9750e-02,-0.0457813,0.0001075
1.9760e-02,-0.0382813,0.0001225
1.9770e-02,-0.0478125,-0.000109063
1.9780e-02,-0.0370313,-0.000481563
1.9790e-02,-0.0615625,-0.000529687
1.9800e-02,-0.048125,0.000426875
1.9810e-02,-0.038125,0.0004275
1.9820e-02,-0.0514063,-8.0625e-05
1.9830e-02,-0.0303125,-0.00013375
1.9840e-02,-0.0409375,9.90625e-05
1.9850e-02,-0.0457813,0.000171875
1.9860e-02,-0.0367188,0.000251562
1.9870e-02,-0.0351562,0.0004075
1.9880e-02,-0.04375,0.000220938
1.9890e-02,-0.0576563,0.000172188
1.9900e-02,-0.0370313,0.000555
1.9910e-02,-0.05,0.000794063
1.9920e-02,-0.05125,0.000155625
1.9930e-02,-0.0490625,0.000500312
1.9940e-02,-0.03875,0.000478125
1.9950e-02,-0.0365625,-2.21875e-05
1.9960e-02,-0.0376563,-4.75e-05
1.9970e-02,-0.04625,-0.000524063
1.9980e-02,-0.04375,-0.000248125
1.9990e-02,-0.0475,-0.000438438
2.0000e-02,-0.041875,0.000166875
2.0010e-02,-0.0478125,0.000629063
2.0020e-02,-0.0417187,-2.1875e-06
2.0030e-02,-0.0367188,0.000311563
2.0040e-02,-0.04,-0.000380938
2.0050e-02,-0.0370313,-0.000564063
2.0060e-02,-0.0526563,0.000293125
2.0070e-02,-0.0467188,0.000245938
2.0080e-02,-0.0395313,-0.000284688
2.0090e-02,-0.036875,1.8125e-05
2.0100e-02,-0.0467188,-0.000445
2.0110e-02,-0.0540625,-0.00070125
2.0120e-02,-0.0323438,-8.09375e-05
2.0130e-02,-0.0390625,-7.25e-05
2.0140e-02,-0.0392187,0.000370313
2.0150e-02,-0.04625,0.000625625
2.0160e-02,-0.041875,-0.00014625
2.0170e-02,-0.0498438,-0.000668125
2.0180e-02,-0.0534375,-0.000477188
2.0190e-02,-0.0515625,5.5625e-05
2.0200e-02,-0.05125,0.000418438
2.0210e-02,-0.0425,0.000123438
2.0220e-02,-0.0365625,0.000217813
2.0230e-02,-0.0442188,-0.0005075
2.0240e-02,-0.0425,-0.00109
2.0250e-02,-0.0376563,-0.0005775
2.0260e-02,-0.035,0.000361875
2.0270e-02,-0.0295313,0.000409063
2.0280e-02,-0.0470312,0.00048625
2.0290e-02,-0.0342187,-0.000767813
2.0300e-02,-0.0260937,-0.000576563
2.0310e-02,-0.0525,-0.000830938
2.0320e-02,-0.0221875,-0.000200625
2.0330e-02,-0.034375,0.000880313
2.0340e-02,-0.05375,0.000617813
2.0350e-02,-0.0423437,-0.00041125
2.0360e-02,-0.0371875,-0.000736875
2.0370e-02,-0.04125,-0.000837188
2.0380e-02,-0.0304688,0.0005525
2.0390e-02,-0.0390625,0.00130031
2.0400e-02,-0.0476562,0.00094
2.0410e-02,-0.0403125,0.000957813
2.0420e-02,-0.0471875,0.000913125
2.0430e-02,-0.04375,0.000895
2.0440e-02,-0.0495312,0.000834063
2.0450e-02,-0.0390625,0.000927188
2.0460e-02,-0.04125,0.000874688
2.0470e-02,-0.0489062,0.00091625
2.0480e-02,2.19016,-0.00117781
2.0490e-02,0.483281,-0.00519125
2.0500e-02,0.627812,-0.00705906
2.0510e-02,1.60563,-0.00787031
2.0520e-02,-0.360938,-0.00770781
2.0530e-02,0.120625,-0.00774563
2.0540e-02,0.0801562,-0.00770844
2.0550e-02,0.1,-0.00764844
2.0560e-02,0.075,-0.00776281
2.0570e-02,0.0607812,-0.00779719
2.0580e-02,0.0634375,-0.00764625
2.0590e-02,0.0698437,-0.0076975
2.0600e-02,0.0520313,-0.00757125
2.0610e-02,0.0445312,-0.00761906
2.0620e-02,0.0421875,-0.00760313
2.0630e-02,0.03625,-0.00762531
2.0640e-02,0.0392187,-0.00765719
2.0650e-02,0.0334375,-0.00762625
2.0660e-02,0.0325,-0.00753
2.0670e-02,0.0276563,-0.00768906
2.0680e-02,0.023125,-0.00731906
2.0690e-02,0.0234375,-0.00740031
2.0700e-02,0.0192188,-0.00752875
2.0710e-02,0.0190625,-0.00753594
2.0720e-02,0.0260938,-0.00744281
2.0730e-02,0.0403125,-0.00629125
2.0740e-02,0.03625,-0.000860938
2.0750e-02,0.0159375,0.00123219
2.0760e-02,0.0170313,0.00053125
2.0770e-02,0.0142187,-0.000966563
2.0780e-02,0.0151562,-0.00237563
2.0790e-02,0.00390625,-0.00172125
2.0800e-02,0.0209375,0.000377188
2.0810e-02,0.0195313,0.00229406
2.0820e-02,0.0153125,0.00246063
2.0830e-02,0.005,-0.000162813
2.0840e-02,-0.00046875,-0.00188281
2.0850e-02,-0.00375,-0.00229156
2.0860e-02,0.020625,-0.000575313
2.0870e-02,0.00296875,0.00081
2.0880e-02,0.0121875,0.00122375
2.0890e-02,0.0065625,0.00064
2.0900e-02,0.00484375,-0.000254688
2.0910e-02,0.00375,-0.0014975
2.0920e-02,0.00109375,-0.000575
2.0930e-02,-0.0025,0.000761563
2.0940e-02,0.0171875,0.00148844
2.0950e-02,-0.00796875,0.000987812
2.0960e-02,0.00125,-4.09375e-05
2.0970e-02,0.0046875,-0.00105313
2.0980e-02,0.0065625,-0.00123438
2.0990e-02,0.00390625,-0.00015125
2.1000e-02,0.0090625,0.00088875
2.1010e-02,-0.009375,0.000296875
2.1020e-02,0.0090625,-0.00053125
2.1030e-02,-0.008125,-0.000730938
2.1040e-02,-0.00828125,-0.000640625
2.1050e-02,0.00390625,-0.000328125
2.1060e-02,-0.00328125,0.000341875
2.1070e-02,-0.0046875,0.000628125
2.1080e-02,-0.0059375,0.000460625
2.1090e-02,-0.0028125,-0.000393125
2.1100e-02,-0.00046875,-0.00123375
2.1110e-02,0.0015625,-0.000638438
2.1120e-02,-0.00515625,-0.00057125
2.1130e-02,-0.00890625,6.25e-06
2.1140e-02,-0.0107813,0.000983438
2.1150e-02,-0.0115625,0.00015375
2.1160e-02,0.0009375,-0.000504063
2.1170e-02,-0.00828125,-0.000144063
2.1180e-02,-0.0114062,-0.000436875
2.1190e-02,0.005,-9.09375e-05
2.1200e-02,-0.005625,0.000328125
2.1210e-02,-0.0123438,-0.000205313
2.1220e-02,-0.010625,-0.000250313
2.1230e-02,-0.0196875,-0.00100406
2.1240e-02,-0.01,-0.000463125
2.1250e-02,-0.0046875,-7.25e-05
2.1260e-02,-0.0167188,-0.000182813
2.1270e-02,0.0021875,-0.00025875
2.1280e-02,-0.0104688,0.000195625
2.1290e-02,-0.0128125,-0.000249375
2.1300e-02,-0.0103125,-0.000482813
2.1310e-02,-0.00640625,-0.000464688
2.1320e-02,-0.0165625,-0.000122813
2.1330e-02,-0.0170313,0.000260625
2.1340e-02,-0.00234375,0.000546563
2.1350e-02,-0.0040625,4.4375e-05
2.1360e-02,-0.0254688,-0.000640625
2.1370e-02,-0.00578125,-0.000700313
2.1380e-02,-0.00953125,0.000486875
2.1390e-02,-0.00984375,-8.25e-05
2.1400e-02,-0.0192187,0.00028125
2.1410e-02,-0.021875,0.000701563
2.1420e-02,-0.0175,-0.000321563
2.1430e-02,-0.0129688,-0.000234063
2.1440e-02,-0.0120313,-0.000274375
2.1450e-02,-0.0201563,0.000174375
2.1460e-02,-0.013125,0.000229375
2.1470e-02,-0.0096875,5.09375e-05
2.1480e-02,-0.00640625,0.000799688
2.1490e-02,-0.0109375,-0.00012125
2.1500e-02,-0.0134375,8.28125e-05
2.1510e-02,-0.016875,-0.0001925
2.1520e-02,-0.0210938,-0.000239375
2.1530e-02,-0.02125,-0.000128437
2.1540e-02,-0.0115625,0.000303438
2.1550e-02,-0.0270312,-0.000250313
2.1560e-02,-0.0140625,2.03125e-05
2.1570e-02,-0.020625,-0.000383125
2.1580e-02,-0.00671875,-0.00113438
2.1590e-02,-0.0190625,-3.71875e-05
2.1600e-02,-0.0075,-0.00019875
2.1610e-02,-0.0167188,0.000158125
2.1620e-02,-0.0009375,3.71875e-05
2.1630e-02,-0.02125,-0.000549063
2.1640e-02,-0.0107813,-0.000501563
2.1650e-02,-0.0189062,-0.000125313
2.1660e-02,-0.021875,-0.000728438
2.1670e-02,-0.0223437,3.25e-05
2.1680e-02,-0.014375,-0.000104688
2.1690e-02,-0.0229687,0.000175313
2.1700e-02,-0.00984375,-0.000231563
2.1710e-02,-0.0134375,-0.000434375
2.1720e-02,-0.035,0.000244688
2.1730e-02,-0.01875,-4.84375e-05
2.1740e-02,-0.0221875,-0.00058625
2.1750e-02,-0.0160938,-0.000186875
2.1760e-02,-0.0195312,-0.00111313
2.1770e-02,-0.015625,-0.00011125
2.1780e-02,-0.0129688,-0.000605938
2.1790e-02,-0.0279688,0.000337188
2.1800e-02,-0.0128125,0.000468125
2.1810e-02,-0.0309375,0.000153438
2.1820e-02,-0.0173438,0.000108125
2.1830e-02,-0.02,0.000164375
2.1840e-02,-0.0190625,-0.000530313
2.1850e-02,-0.01125,-0.000215
2.1860e-02,-0.0103125,-0.00035
2.1870e-02,-0.0264062,-0.000303125
2.1880e-02,-0.020625,-0.0006325
2.1890e-02,-0.0204688,0.000467813
2.1900e-02,-0.0292188,-0.000154063
2.1910e-02,-0.02375,0.000436563
2.1920e-02,-0.0221875,-0.0001025
2.1930e-02,-0.0257812,0.000244375
2.1940e-02,-0.0185937,-1.46875e-05
2.1950e-02,-0.014375,-0.000535938
2.1960e-02,-0.0226562,-0.0002125
2.1970e-02,-0.0217188,-0.000625625
2.1980e-02,-0.0271875,-3.4375e-05
2.1990e-02,-0.0245313,0.000103438
2.2000e-02,-0.024375,0.000237813
2.2010e-02,-0.0284375,-0.000304063
2.2020e-02,-0.0159375,2.40625e-05
2.2030e-02,-0.036875,-0.00104656
2.2040e-02,-0.0228125,-0.000180313
2.2050e-02,-0.019375,-9.125e-05
2.2060e-02,-0.020625,-0.00026375
2.2070e-02,-0.02125,0.000355625
2.2080e-02,-0.029375,-0.000406563
2.2090e-02,-0.0228125,0.000341875
2.2100e-02,-0.0345312,1.375e-05
2.2110e-02,-0.0304688,0.000300938
2.2120e-02,-0.025625,0.000221563
2.2130e-02,-0.03,-0.00055875
2.2140e-02,-0.015,6.28125e-05
2.2150e-02,-0.013125,0.000135625
2.2160e-02,-0.0220313,0.000292188
2.2170e-02,-0.0229687,0.000140625
2.2180e-02,-0.0190625,-0.00050625
2.2190e-02,-0.0215625,9.53125e-05
2.2200e-02,-0.029375,-0.00017875
2.2210e-02,-0.0235938,-0.0006675
2.2220e-02,-0.025625,-0.0005625
2.2230e-02,-0.03,0.00026
2.2240e-02,-0.0257812,9.34375e-05
2.2250e-02,-0.0217188,-0.000837188
2.2260e-02,-0.0278125,9e-05
2.2270e-02,-0.016875,-0.000485
2.2280e-02,-0.0246875,-0.000404063
2.2290e-02,-0.0348437,-0.000353438
2.2300e-02,-0.02125,-0.000453438
2.2310e-02,-0.0392187,0.000457188
2.2320e-02,-0.0264062,-9.1875e-05
2.2330e-02,-0.025,0.000204375
2.2340e-02,-0.01625,0.00028375
2.2350e-02,-0.0248438,2.5e-05
2.2360e-02,-0.0304688,0.000671563
2.2370e-02,-0.0254688,-6.4375e-05
2.2380e-02,-0.0335937,-6.625e-05
2.2390e-02,-0.029375,3.125e-05
2.2400e-02,-0.0315625,-0.000342813
2.2410e-02,-0.0260937,-0.0001725
2.2420e-02,-0.0317188,-0.000100938
2.2430e-02,-0.02875,-0.000262187
2.2440e-02,-0.0270312,0.000333125
2.2450e-02,-0.0176563,-0.000245
2.2460e-02,-0.0248438,-0.00031
2.2470e-02,-0.0292188,0.000277188
2.2480e-02,-0.02625,-0.000359688
2.2490e-02,-0.0259375,0.000205625
2.2500e-02,-0.0110937,0.000208125
2.2510e-02,-0.03375,-5.5625e-05
2.2520e-02,-0.0103125,0.000207813
2.2530e-02,-0.0335937,-0.000486875
2.2540e-02,-0.0373438,-0.000301875
2.2550e-02,-0.031875,-0.000242813
2.2560e-02,-0.035625,-0.000171875
2.2570e-02,-0.029375,-0.000208125
2.2580e-02,-0.00953125,0.000569688
2.2590e-02,-0.0207813,-0.00041
2.2600e-02,-0.026875,-2.34375e-05
2.2610e-02,-0.02625,6.875e-05
2.2620e-02,-0.0289063,-0.00042625
2.2630e-02,-0.0328125,-0.000544688
2.2640e-02,-0.0240625,-0.00086125
2.2650e-02,-0.0321875,-0.000397188
2.2660e-02,-0.028125,5.34375e-05
2.2670e-02,-0.03875,-0.000911875
2.2680e-02,-0.0282813,-0.000935313
2.2690e-02,-0.0246875,-0.000419063
2.2700e-02,-0.0345312,-0.000219375
2.2710e-02,-0.0320312,-0.000145938
2.2720e-02,-0.025625,-0.000236875
2.2730e-02,-0.03875,6.25e-06
2.2740e-02,-0.0329688,-1.3125e-05
2.2750e-02,-0.0282813,-0.000244063
2.2760e-02,-0.0320312,1.5625e-05
2.2770e-02,-0.0275,-0.000348125
2.2780e-02,-0.0279688,-0.000455313
2.2790e-02,-0.0323438,-0.000192813
2.2800e-02,-0.0354688,-0.000847188
2.2810e-02,-0.0110937,-0.000136875
2.2820e-02,-0.0273438,-0.000339375
2.2830e-02,-0.0267187,-0.00113313
2.2840e-02,-0.0423437,-0.000404375
2.2850e-02,-0.025,0.000478438
2.2860e-02,-0.0198438,-0.000692813
2.2870e-02,-0.0260937,0.000223125
2.2880e-02,-0.0348437,-0.000309375
2.2890e-02,-0.0267187,3.53125e-05
2.2900e-02,-0.0254688,-0.000154688
2.2910e-02,-0.01875,-0.00073625
2.2920e-02,-0.026875,-0.000552188
2.2930e-02,-0.0245313,-0.000113125
2.2940e-02,-0.015,-0.000277188
2.2950e-02,-0.0221875,0.000119063
2.2960e-02,-0.02875,-0.000210938
2.2970e-02,-0.0365625,0.000295
2.2980e-02,-0.026875,-0.00015625
2.2990e-02,-0.0320312,-0.000360938
2.3000e-02,-0.0426562,-0.00103156
2.3010e-02,-0.034375,-0.000566875
2.3020e-02,-0.0279688,-0.000135313
2.3030e-02,-0.0345312,-0.000118125
2.3040e-02,-0.0365625,-0.000994375
2.3050e-02,-0.0385937,-0.00125719
2.3060e-02,-0.0279688,-0.000955625
2.3070e-02,-0.036875,-0.000779688
2.3080e-02,-0.031875,0.000118438
2.3090e-02,-0.0296875,1.15625e-05
2.3100e-02,-0.0248438,0.000716875
2.3110e-02,-0.0332812,0.00050625
2.3120e-02,-0.029375,-0.000180625
2.3130e-02,-0.0282813,0.000319688
2.3140e-02,-0.034375,0.00017125
2.3150e-02,-0.0421875,-0.00011875
2.3160e-02,-0.0325,0.000469688
2.3170e-02,-0.0317188,0.00041125
2.3180e-02,-0.0315625,-0.000676875
2.3190e-02,-0.0214063,-0.000615625
2.3200e-02,-0.0217188,-0.000645938
2.3210e-02,-0.030625,-0.00017875
2.3220e-02,-0.0298438,-0.000833438
2.3230e-02,-0.0290625,-0.000635313
2.3240e-02,-0.0367188,3.4375e-06
2.3250e-02,-0.0457813,2.03125e-05
2.3260e-02,-0.0310937,-0.000526563
2.3270e-02,-0.0265625,-0.000701875
2.3280e-02,-0.0198438,-0.000227188
2.3290e-02,-0.0198438,0.00019375
2.3300e-02,-0.0425,-4.34375e-05
2.3310e-02,-0.0439063,0.000182813
2.3320e-02,-0.0276563,-7.5e-05
2.3330e-02,-0.0325,-5.71875e-05
2.3340e-02,-0.04125,0.000321563
2.3350e-02,-0.03625,0.000129375
2.3360e-02,-0.0378125,-0.000299375
2.3370e-02,-0.0323438,-0.000365938
2.3380e-02,-0.0414063,0.00012125
2.3390e-02,-0.0228125,-0.000649063
2.3400e-02,-0.0240625,0.00017875
2.3410e-02,-0.0284375,-0.000157813
2.3420e-02,-0.0173438,0.000975313
2.3430e-02,-0.0240625,0.000929063
2.3440e-02,-0.0351562,0.000160313
2.3450e-02,-0.0346875,-8.1875e-05
2.3460e-02,-0.0321875,-0.000446563
2.3470e-02,-0.025625,0.00026
2.3480e-02,-0.0371875,0.00011875
2.3490e-02,-0.0260937,0.000226563
2.3500e-02,-0.0329688,0.000331875
2.3510e-02,-0.0329688,7e-05
2.3520e-02,-0.036875,-0.000890625
2.3530e-02,-0.035,-0.000144688
2.3540e-02,-0.0320312,0.000131563
2.3550e-02,-0.0379688,-0.000124063
2.3560e-02,-0.0326562,0.000820938
2.3570e-02,-0.0345312,4.84375e-05
2.3580e-02,-0.0329688,-0.000194375
2.3590e-02,-0.0235938,0.000179375
2.3600e-02,-0.0273438,-0.000594688
2.3610e-02,-0.029375,-0.000242188
2.3620e-02,-0.0270312,0.000529687
2.3630e-02,-0.0310937,0.000115938
2.3640e-02,-0.0401563,-0.000188438
2.3650e-02,-0.0348437,-0.000646563
2.3660e-02,-0.0221875,-0.000554688
2.3670e-02,-0.0279688,-3.75e-05
2.3680e-02,-0.0423437,0.000466875
2.3690e-02,-0.0242188,0.000895938
2.3700e-02,-0.03875,0.000324688
2.3710e-02,-0.0353125,-0.000296563
2.3720e-02,-0.0326562,-8.5625e-05
2.3730e-02,-0.0392187,-0.000181875
2.3740e-02,-0.0242188,3.9375e-05
2.3750e-02,-0.0379688,-2e-05
2.3760e-02,-0.028125,0.000180313
2.3770e-02,-0.0384375,0.000585
2.3780e-02,-0.0390625,-0.000380625
2.3790e-02,-0.0398437,-0.00107
2.3800e-02,-0.0348437,-0.000554688
2.3810e-02,-0.035,0.000161563
2.3820e-02,-0.03,0.000373125
2.3830e-02,-0.0398437,0.000613438
2.3840e-02,-0.0439063,-0.000510937
2.3850e-02,-0.0398437,-0.0010675
2.3860e-02,-0.035625,-0.00120969
2.3870e-02,-0.0403125,-0.00030375
2.3880e-02,-0.0332812,0.000395313
2.3890e-02,-0.0415625,0.000938125
2.3900e-02,-0.0329688,0.000755938
2.3910e-02,-0.0342187,3.25e-05
2.3920e-02,-0.0339062,-0.00121625
2.3930e-02,-0.0445313,-0.0012275
2.3940e-02,-0.0332812,-0.000374688
2.3950e-02,-0.0426562,0.000204063
2.3960e-02,-0.0321875,0.000650938
2.3970e-02,-0.0432813,-0.000766563
2.3980e-02,-0.0440625,-0.000731875
2.3990e-02,-0.0310937,-0.00102781
2.4000e-02,-0.0490625,-0.000386563
2.4010e-02,-0.0310937,0.000859063
2.4020e-02,-0.039375,0.00142719
2.4030e-02,-0.0279688,0.00106094
2.4040e-02,-0.0304688,-4.53125e-05
2.4050e-02,-0.03,-0.00120063
2.4060e-02,-0.0359375,-0.00144625
2.4070e-02,-0.0398437,5.90625e-05
2.4080e-02,-0.0328125,0.00109469
2.4090e-02,-0.0353125,0.00171344
2.4100e-02,-0.04125,0.000476563
2.4110e-02,-0.0315625,-0.00137031
2.4120e-02,-0.035,-0.00180813
2.4130e-02,-0.0351562,-0.000805
2.4140e-02,-0.0357813,0.00100125
2.4150e-02,-0.0298438,0.00166469
2.4160e-02,-0.0420312,0.00110281
2.4170e-02,-0.0276563,2.84375e-05
2.4180e-02,-0.0307813,-0.00156375
2.4190e-02,-0.0315625,-0.00136188
2.4200e-02,-0.0334375,0.00065125
2.4210e-02,-0.0360938,0.00211031
2.4220e-02,-0.0284375,0.00187188
2.4230e-02,-0.0371875,0.000214375
2.4240e-02,-0.038125,-0.00218313
2.4250e-02,-0.035,-0.00266
2.4260e-02,-0.03875,-0.00131844
2.4270e-02,-0.0384375,0.00117375
2.4280e-02,-0.04375,0.00278656
2.4290e-02,-0.0453125,0.00101844
2.4300e-02,-0.0370313,-0.00128813
2.4310e-02,-0.0365625,-0.00341656
2.4320e-02,-0.05,-0.00254375
2.4330e-02,-0.0348437,0.00111219
2.4340e-02,-0.036875,0.00316563
2.4350e-02,-0.0289063,0.00265125
2.4360e-02,-0.0421875,0.000137188
2.4370e-02,-0.04375,-0.0038425
2.4380e-02,-0.0342187,-0.00401469
2.4390e-02,-0.0482812,-0.000707188
2.4400e-02,-0.0467188,0.00267844
2.4410e-02,-0.044375,0.00498156
2.4420e-02,-0.0325,0.00255781
2.4430e-02,-0.0214063,-0.00154938
2.4440e-02,-0.0321875,-0.00433812
2.4450e-02,-0.0403125,-0.00353563
2.4460e-02,-0.0425,0.000330625
2.4470e-02,-0.0385937,0.00412844
2.4480e-02,-0.0373438,0.00423625
2.4490e-02,-0.0435938,0.00189906
2.4500e-02,-0.0292188,-0.00381875
2.4510e-02,-0.0239063,-0.00449344
2.4520e-02,-0.0314062,-0.00252906
2.4530e-02,-0.0420312,0.00158625
2.4540e-02,-0.035,0.00505063
2.4550e-02,-0.0359375,0.00405219
2.4560e-02,-0.0321875,-0.000174375
2.4570e-02,-0.0375,-0.00349125
2.4580e-02,-0.039375,-0.00416375
2.4590e-02,-0.0367188,-0.001795
2.4600e-02,-0.0401563,0.00281156
2.4610e-02,-0.0384375,0.00331469
2.4620e-02,-0.0364063,0.00191063
2.4630e-02,-0.029375,-0.00139375
2.4640e-02,-0.0339062,-0.00403063
2.4650e-02,-0.0392187,-0.00282438
2.4660e-02,-0.034375,-0.000221875
2.4670e-02,-0.0375,0.00339375
2.4680e-02,-0.0285938,0.00259125
2.4690e-02,-0.0384375,0.000865313
2.4700e-02,-0.0298438,-0.00206719
2.4710e-02,-0.0353125,-0.00279281
2.4720e-02,-0.0373438,-0.0011475
2.4730e-02,-0.03125,0.00215594
2.4740e-02,-0.0270312,0.00297906
2.4750e-02,-0.0409375,0.00218156
2.4760e-02,-0.0329688,-0.00047
2.4770e-02,-0.048125,-0.00246281
2.4780e-02,-0.0173438,-0.00140281
2.4790e-02,-0.0476562,0.0005875
2.4800e-02,-0.0404687,0.00197625
2.4810e-02,-0.0410937,0.00216563
2.4820e-02,-0.0345312,-0.000250313
2.4830e-02,-0.0471875,-0.00171
2.4840e-02,-0.0364063,-0.00198438
2.4850e-02,-0.0325,-0.000642813
2.4860e-02,-0.039375,0.0013325
2.4870e-02,-0.04875,0.00181844
2.4880e-02,-0.0321875,0.000798438
2.4890e-02,-0.0439063,-0.00156
2.4900e-02,-0.03,-0.00187594
2.4910e-02,-0.0429688,-0.00156719
2.4920e-02,-0.0360938,0.000525313
2.4930e-02,-0.0420312,0.00107875
2.4940e-02,-0.0378125,0.00100781
2.4950e-02,-0.0415625,8.4375e-05
2.4960e-02,-0.0471875,-0.00194594
2.4970e-02,-0.0360938,-0.00136344
2.4980e-02,-0.0445313,-0.00075625
2.4990e-02,-0.02875,0.000789063
2.5000e-02,-0.0264062,0.000917813
2.5010e-02,-0.041875,5.75e-05
2.5020e-02,-0.0171875,-0.000543125
2.5030e-02,-0.0410937,-0.0012725
2.5040e-02,-0.0295313,-0.00132875
2.5050e-02,-0.0354688,0.000632188
2.5060e-02,-0.0332812,0.00101844
2.5070e-02,-0.0278125,0.00067875
2.5080e-02,-0.0392187,-0.000103438
2.5090e-02,-0.0410937,-0.000963125
2.5100e-02,-0.0321875,-0.000609063
2.5110e-02,-0.0328125,0.000247188
2.5120e-02,-0.041875,0.000790313
2.5130e-02,-0.0435938,0.00129219
2.5140e-02,-0.038125,3.875e-05
2.5150e-02,-0.0329688,-0.000893438
2.5160e-02,-0.0326562,-0.000723125
2.5170e-02,-0.050625,-0.00112156
2.5180e-02,-0.0376563,-3.6875e-05
2.5190e-02,-0.035,0.000184688
2.5200e-02,-0.0403125,0.000253438
2.5210e-02,-0.0546875,-0.000302813
2.5220e-02,-0.0401563,-0.001405
2.5230e-02,-0.0346875,-0.00118531
2.5240e-02,-0.0540625,-0.000613438
2.5250e-02,-0.0529687,-1.25e-05
2.5260e-02,-0.0546875,0.00107688
2.5270e-02,-0.0370313,0.000800313
2.5280e-02,-0.0446875,-8.9375e-05
2.5290e-02,-0.0321875,-0.000982187
2.5300e-02,-0.0389063,-0.000827188
2.5310e-02,-0.0392187,-0.000375313
2.5320e-02,-0.0359375,0.000131563
2.5330e-02,-0.0451563,8.5625e-05
2.5340e-02,-0.0371875,0.0002325
2.5350e-02,-0.03125,-0.000858125
2.5360e-02,-0.0421875,-0.00088375
2.5370e-02,-0.0425,0.000414375
2.5380e-02,-0.0401563,0.00044125
2.5390e-02,-0.033125,0.000580625
2.5400e-02,-0.0295313,0.000989688
2.5410e-02,-0.0403125,0.000162813
2.5420e-02,-0.0335937,-3.75e-05
2.5430e-02,-0.0328125,-0.00071125
2.5440e-02,-0.0367188,5.1875e-05
2.5450e-02,-0.0465625,0.000226875
2.5460e-02,-0.04,-9.8125e-05
2.5470e-02,-0.038125,0.000497188
2.5480e-02,-0.0375,-0.000360625
2.5490e-02,-0.0435938,-0.000474688
2.5500e-02,-0.0370313,0.000155938
2.5510e-02,-0.049375,-0.000545938
2.5520e-02,-0.0339062,0.000364688
2.5530e-02,-0.0385937,0.000629375
2.5540e-02,-0.039375,-0.000315313
2.5550e-02,-0.0342187,-0.00015125
2.5560e-02,-0.0467188,-0.000330625
2.5570e-02,-0.0420312,-0.000225938
2.5580e-02,-0.0370313,0.000166875
2.5590e-02,-0.0395313,-0.000137813
2.5600e-02,-0.0471875,-0.00016125
2.5610e-02,-0.0265625,3.125e-05
2.5620e-02,-0.0503125,-0.00018375
2.5630e-02,-0.0410937,-0.00108438
2.5640e-02,-0.0510938,-0.00020875
2.5650e-02,-0.0467188,-0.000128437
2.5660e-02,-0.0373438,0.000557813
2.5670e-02,-0.0454688,7.8125e-06
2.5680e-02,-0.0389063,-0.000132813
2.5690e-02,-0.0373438,0.000138438
2.5700e-02,-0.0382813,-8.5e-05
2.5710e-02,-0.0442188,0.000140625
2.5720e-02,-0.0404687,7.21875e-05
2.5730e-02,-0.0264062,0.000403125
2.5740e-02,-0.0407813,0.000591875
2.5750e-02,-0.04125,-4.0625e-05
2.5760e-02,-0.0364063,-0.000267813
2.5770e-02,-0.05625,-0.000265625
2.5780e-02,-0.04,-0.000164375
2.5790e-02,-0.0420312,3.09375e-05
2.5800e-02,-0.0425,-0.000461875
2.5810e-02,-0.0476562,-0.000449688
2.5820e-02,-0.0498438,4.40625e-05
2.5830e-02,-0.0440625,-0.0001975
2.5840e-02,-0.0439063,8.96875e-05
2.5850e-02,-0.0476562,0.000140625
2.5860e-02,-0.0395313,0.00019875
2.5870e-02,-0.035625,-7.65625e-05
2.5880e-02,-0.050625,-3.6875e-05
2.5890e-02,-0.0385937,-0.000269063
2.5900e-02,-0.0351562,7.03125e-05
2.5910e-02,-0.0365625,1.9375e-05
2.5920e-02,-0.0492188,0.000124375
2.5930e-02,-0.0417187,0.000306563
2.5940e-02,-0.04,9.75e-05
2.5950e-02,-0.0375,0.000325
2.5960e-02,-0.0395313,0.000555
2.5970e-02,-0.0410937,0.00011375
2.5980e-02,-0.045,0.000709688
2.5990e-02,-0.0176563,-0.000365
2.6000e-02,-0.0464062,0.000235
2.6010e-02,-0.0384375,0.00045375
2.6020e-02,-0.0307813,-0.000422188
2.6030e-02,-0.038125,0.000560625
2.6040e-02,-0.0446875,-7.1875e-05
2.6050e-02,-0.0376563,0.00010875
2.6060e-02,-0.0379688,0.00073
2.6070e-02,-0.0385937,0.000112188
2.6080e-02,-0.0260937,0.0001675
2.6090e-02,-0.0342187,0.00021125
2.6100e-02,-0.0351562,-0.00056125
2.6110e-02,-0.0384375,0.000434063
2.6120e-02,-0.0384375,-0.000440938
2.6130e-02,-0.0539063,-2.78125e-05
2.6140e-02,-0.0453125,0.000390313
2.6150e-02,-0.031875,-2.0625e-05
2.6160e-02,-0.05375,-0.000204688
2.6170e-02,-0.04875,0.000189063
2.6180e-02,-0.0435938,-0.000210313
2.6190e-02,-0.040625,0.00018875
2.6200e-02,-0.035625,6.96875e-05
2.6210e-02,-0.05,-0.000538438
2.6220e-02,-0.0479688,-0.000339063
2.6230e-02,-0.0415625,-0.000947813
2.6240e-02,-0.04375,0.00032375
2.6250e-02,-0.0376563,0.000510937
2.6260e-02,-0.0315625,-4.4375e-05
2.6270e-02,-0.023125,0.000119063
2.6280e-02,-0.05,0.000122813
2.6290e-02,-0.0376563,7.5e-05
2.6300e-02,-0.0440625,0.000185938
2.6310e-02,-0.033125,-0.000505
2.6320e-02,-0.0340625,0.000452813
2.6330e-02,-0.03625,-4.3125e-05
2.6340e-02,-0.0445313,-0.0002
2.6350e-02,-0.0410937,-5.96875e-05
2.6360e-02,-0.0507812,-0.000387188
2.6370e-02,-0.0314062,-0.00049875
2.6380e-02,-0.0310937,0.000559375
2.6390e-02,-0.0375,0.000123438
2.6400e-02,-0.0375,0.000710938
2.6410e-02,-0.0453125,0.000112813
2.6420e-02,-0.0328125,-0.00015125
2.6430e-02,-0.0498438,0.00040125
2.6440e-02,-0.0403125,0.000416875
2.6450e-02,-0.0445313,-0.000127188
2.6460e-02,-0.035625,0.00075
2.6470e-02,-0.0403125,-0.000211875
2.6480e-02,-0.0342187,0.00032375
2.6490e-02,-0.0389063,0.00047375
2.6500e-02,-0.0357813,-0.000484375
2.6510e-02,-0.0346875,5.875e-05
2.6520e-02,-0.033125,-0.000117188
2.6530e-02,-0.0403125,-0.000439688
2.6540e-02,-0.048125,-0.000360313
2.6550e-02,-0.0496875,-0.000669688
2.6560e-02,-0.0364063,0.000222813
2.6570e-02,-0.0367188,0.000172188
2.6580e-02,-0.04,-0.000284375
2.6590e-02,-0.0346875,1.15625e-05
2.6600e-02,-0.0360938,-0.000466563
2.6610e-02,-0.045,4.46875e-05
2.6620e-02,-0.0398437,-0.000330938
2.6630e-02,-0.0448438,-0.000495
2.6640e-02,-0.0429688,-0.000377813
2.6650e-02,-0.044375,-0.0003475
2.6660e-02,-0.041875,-0.000460313
2.6670e-02,-0.0307813,0.00010625
2.6680e-02,-0.0409375,-0.000341563
2.6690e-02,-0.0540625,-0.000384375
2.6700e-02,-0.0446875,-0.000543438
2.6710e-02,-0.0476562,-3.03125e-05
2.6720e-02,-0.0453125,-0.000275938
2.6730e-02,-0.0476562,-0.000768438
2.6740e-02,-0.0342187,-2.53125e-05
2.6750e-02,-0.0323438,0.000724375
2.6760e-02,-0.0407813,-0.000363438
2.6770e-02,-0.0423437,0.000282813
2.6780e-02,-0.041875,-0.000156875
2.6790e-02,-0.0451563,0.000363438
2.6800e-02,-0.0417187,-0.000222188
2.6810e-02,-0.0453125,2.03125e-05
2.6820e-02,-0.0364063,4e-05
2.6830e-02,-0.0421875,0.000150625
2.6840e-02,-0.0464062,-0.000100938
2.6850e-02,-0.0473438,-0.000562188
2.6860e-02,-0.0464062,-0.000765625
2.6870e-02,-0.0478125,-0.000782188
2.6880e-02,-0.0390625,-0.000387188
2.6890e-02,-0.0351562,-7.78125e-05
2.6900e-02,-0.0496875,-0.000177813
2.6910e-02,-0.0379688,8.65625e-05
2.6920e-02,-0.0485938,-0.000616563
2.6930e-02,-0.0479688,-0.000429063
2.6940e-02,-0.033125,0.000231563
2.6950e-02,-0.0454688,-4.0625e-05
2.6960e-02,-0.0382813,0.000333438
2.6970e-02,-0.0459375,0.000252188
2.6980e-02,-0.0378125,0.000315938
2.6990e-02,-0.04625,0.00025375
2.7000e-02,-0.0259375,-0.00032375
2.7010e-02,-0.0342187,-0.00037
2.7020e-02,-0.0435938,-0.0002475
2.7030e-02,-0.0476562,-0.000148125
2.7040e-02,-0.0570313,-0.00029625
2.7050e-02,-0.0409375,-0.00059875
2.7060e-02,-0.0323438,-0.000408125
2.7070e-02,-0.0495312,-5.6875e-05
2.7080e-02,-0.039375,-0.000410625
2.7090e-02,-0.0396875,0.000170313
2.7100e-02,-0.0376563,0.000207813
2.7110e-02,-0.0329688,-0.000336563
2.7120e-02,-0.0476562,0.0001025
2.7130e-02,-0.0389063,0.000117813
2.7140e-02,-0.0465625,0.000142813
2.7150e-02,-0.0401563,-0.000156875
2.7160e-02,-0.0378125,0.00029625
2.7170e-02,-0.0359375,-0.000506875
2.7180e-02,-0.0348437,0.000635938
2.7190e-02,-0.0476562,0.000101563
2.7200e-02,-0.0426562,-0.000207813
2.7210e-02,-0.0389063,0.000326875
2.7220e-02,-0.0357813,-0.000360625
2.7230e-02,-0.041875,-7.46875e-05
2.7240e-02,-0.0328125,-0.00054875
2.7250e-02,-0.0382813,-0.00086125
2.7260e-02,-0.0454688,2.8125e-05
2.7270e-02,-0.0421875,-0.0004425
2.7280e-02,-0.0354688,-0.000209688
2.7290e-02,-0.0490625,0.000411875
2.7300e-02,-0.0332812,0.00034
2.7310e-02,-0.0417187,0.0003175
2.7320e-02,-0.0401563,8.59375e-05
2.7330e-02,-0.0345312,2.75e-05
2.7340e-02,-0.048125,0.00047625
2.7350e-02,-0.0290625,5.46875e-05
2.7360e-02,-0.05,-0.000105
2.7370e-02,-0.04375,-0.000343438
2.7380e-02,-0.033125,-0.000866875
2.7390e-02,-0.0471875,-0.000116563
2.7400e-02,-0.0360938,0.0002175
2.7410e-02,-0.0367188,-0.000331875
2.7420e-02,-0.036875,0.0002475
2.7430e-02,-0.0532813,-0.000327813
2.7440e-02,-0.04875,-0.000433125
2.7450e-02,-0.0526563,-0.000351563
2.7460e-02,-0.048125,-0.000314063
2.7470e-02,-0.0325,0.000251562
2.7480e-02,-0.0467188,3.40625e-05
2.7490e-02,-0.0439063,-0.000666563
2.7500e-02,-0.0479688,0.00014625
2.7510e-02,-0.0464062,-0.000515938
2.7520e-02,-0.0317188,0.000129062
2.7530e-02,-0.0370313,0.00036875
2.7540e-02,-0.0465625,-0.000179063
2.7550e-02,-0.0446875,0.000308438
2.7560e-02,-0.046875,0.000130313
2.7570e-02,-0.0360938,-0.000151563
2.7580e-02,-0.0351562,0.000598438
2.7590e-02,-0.04125,8.1875e-05
2.7600e-02,-0.0475,-0.000366875
2.7610e-02,-0.0478125,0.000541563
2.7620e-02,-0.0423437,-0.000276563
2.7630e-02,-0.0425,-0.000176563
2.7640e-02,-0.056875,-0.000127813
2.7650e-02,-0.0414063,1.8125e-05
2.7660e-02,-0.044375,-7.65625e-05
2.7670e-02,-0.0409375,0.000155625
2.7680e-02,-0.0460938,0.000233438
2.7690e-02,-0.045625,0.000125625
2.7700e-02,-0.0421875,0.000508125
2.7710e-02,-0.0460938,0.000255313
2.7720e-02,-0.0359375,2.34375e-05
2.7730e-02,-0.0451563,-3.375e-05
2.7740e-02,-0.0410937,0.000266875
2.7750e-02,-0.035625,0.000109688
2.7760e-02,-0.0382813,-0.000199688
2.7770e-02,-0.0360938,0.000441563
2.7780e-02,-0.04375,-0.000384375
2.7790e-02,-0.048125,-6.625e-05
2.7800e-02,-0.041875,0.000149687
2.7810e-02,-0.0428125,-0.000303438
2.7820e-02,-0.0451563,-0.0003975
2.7830e-02,-0.0465625,0.00028625
2.7840e-02,-0.0392187,-0.000451875
2.7850e-02,-0.0414063,0.000161875
2.7860e-02,-0.0345312,-0.000395938
2.7870e-02,-0.0460938,0.000220938
2.7880e-02,-0.0517188,0.000652813
2.7890e-02,-0.0632812,0.000230625
2.7900e-02,-0.0465625,0.000775625
2.7910e-02,-0.0432813,-0.000175
2.7920e-02,-0.0440625,-0.000414063
2.7930e-02,-0.0529687,0.000235313
2.7940e-02,-0.0409375,0.000542188
2.7950e-02,-0.0464062,-0.000341875
2.7960e-02,-0.0409375,5.59375e-05
2.7970e-02,-0.0453125,-0.000938125
2.7980e-02,-0.0454688,-0.000414375
2.7990e-02,-0.0346875,-2.875e-05
2.8000e-02,-0.0420312,-0.00011625
2.8010e-02,-0.0328125,0.000139375
2.8020e-02,-0.0451563,0.000624688
2.8030e-02,-0.0457813,-0.00032125
2.8040e-02,-0.0451563,-0.000444688
2.8050e-02,-0.0410937,-0.00081875
2.8060e-02,-0.045625,-8.9375e-05
2.8070e-02,-0.0429688,0.000412813
2.8080e-02,-0.038125,0.000517813
2.8090e-02,-0.0465625,0.000459063
2.8100e-02,-0.0467188,7.65625e-05
2.8110e-02,-0.0465625,-0.000836875
2.8120e-02,-0.0354688,-0.000192188
2.8130e-02,-0.0457813,0.000299375
2.8140e-02,-0.0367188,0.0008875
2.8150e-02,-0.0440625,0.000547188
2.8160e-02,-0.0465625,-0.000587188
2.8170e-02,-0.0384375,-0.000717813
2.8180e-02,-0.0420312,-0.000192188
2.8190e-02,-0.0426562,-0.000215938
2.8200e-02,-0.045,0.00155375
2.8210e-02,-0.0389063,0.00163813
2.8220e-02,-0.0464062,0.000146563
2.8230e-02,-0.0420312,-0.000758125
2.8240e-02,-0.04,-0.00131969
2.8250e-02,-0.0439063,-0.000366875
2.8260e-02,-0.0457813,0.000535625
2.8270e-02,-0.0364063,0.00112031
2.8280e-02,-0.0490625,0.0008825
2.8290e-02,-0.0415625,-0.000258125
2.8300e-02,-0.0528125,-0.0006725
2.8310e-02,-0.0440625,0.00021625
2.8320e-02,-0.0440625,0.000420625
2.8330e-02,-0.0439063,0.00171313
2.8340e-02,-0.0414063,0.00176438
2.8350e-02,-0.0407813,0.000614063
2.8360e-02,-0.0365625,-0.0008125
2.8370e-02,-0.0475,-0.00163344
2.8380e-02,-0.043125,-0.00117844
2.8390e-02,-0.0378125,0.000668125
2.8400e-02,-0.04375,0.00128
2.8410e-02,-0.0398437,0.00168531
2.8420e-02,-0.0415625,0.00170281
2.8430e-02,-0.0425,0.00175063
2.8440e-02,-0.0354688,0.00173938
2.8450e-02,-0.0454688,0.00178563
2.8460e-02,-0.0457813,0.00168656
2.8470e-02,-0.0442188,0.00180094
2.8480e-02,0.572187,0.000118438
2.8490e-02,0.681094,-0.00427688
2.8500e-02,1.41234,-0.006715
2.8510e-02,1.49578,-0.00772
2.8520e-02,-0.391875,-0.00777125
2.8530e-02,0.107812,-0.0074925
2.8540e-02,0.09875,-0.00747719
2.8550e-02,0.0857813,-0.0073975
2.8560e-02,0.0757812,-0.00763813
2.8570e-02,0.0815625,-0.00749938
2.8580e-02,0.0634375,-0.00761875
2.8590e-02,0.0601562,-0.00747969
2.8600e-02,0.0642187,-0.007625
2.8610e-02,0.0364063,-0.00743625
2.8620e-02,0.0464062,-0.0075675
2.8630e-02,0.0545313,-0.00739531
2.8640e-02,0.0328125,-0.00753063
2.8650e-02,0.0496875,-0.00744156
2.8660e-02,0.0210937,-0.00758031
2.8670e-02,0.0328125,-0.00735281
2.8680e-02,0.03875,-0.00748969
2.8690e-02,0.0190625,-0.0072925
2.8700e-02,0.0289062,-0.00737
2.8710e-02,0.0357813,-0.0073325
2.8720e-02,0.015625,-0.00749563
2.8730e-02,0.0223437,-0.0070975
2.8740e-02,0.0189063,-0.00237406
2.8750e-02,0.021875,0.000741563
2.8760e-02,0.0189063,0.000589688
2.8770e-02,0.0117188,-0.00068625
2.8780e-02,0.0117188,-0.0024425
2.8790e-02,0.0003125,-0.00143313
2.8800e-02,0.026875,0.000349375
2.8810e-02,0.004375,0.00136156
2.8820e-02,0.01375,0.00166406
2.8830e-02,0,-0.000239688
2.8840e-02,0.0153125,-0.001165
2.8850e-02,0.0065625,-0.00173938
2.8860e-02,0.00890625,-0.0008225
2.8870e-02,0.0109375,0.00112594
2.8880e-02,0.0034375,0.000642188
2.8890e-02,0.00671875,0.0002675
2.8900e-02,-0.0034375,-0.00047625
2.8910e-02,-0.00171875,-0.00144375
2.8920e-02,0.00234375,-0.00117031
2.8930e-02,0.00609375,0.000428438
2.8940e-02,0.00515625,0.00115281
2.8950e-02,-0.0121875,0.000936563
2.8960e-02,-0.005,-0.000528438
2.8970e-02,0.00015625,-0.00163313
2.8980e-02,-0.0104688,-0.000640625
2.8990e-02,0.00671875,-0.000324375
2.9000e-02,0.00515625,0.000675
2.9010e-02,0.00875,0.000743438
2.9020e-02,-0.00546875,0.000411563
2.9030e-02,0.0028125,0.000271875
2.9040e-02,-0.0101563,-0.00077
2.9050e-02,-0.0125,-0.000626875
2.9060e-02,0.00484375,0.0003225
2.9070e-02,0.0059375,0.00060375
2.9080e-02,0.00484375,0.000518438
2.9090e-02,0.00484375,-0.000587813
2.9100e-02,-0.0015625,-0.000854063
2.9110e-02,-0.011875,1.78125e-05
2.9120e-02,-0.0015625,-0.000575938
2.9130e-02,-0.0114062,0.000564375
2.9140e-02,-0.0109375,0.000122813
2.9150e-02,-0.00734375,-0.000310625
2.9160e-02,-0.00640625,-0.000205625
2.9170e-02,-0.00578125,-0.00037875
2.9180e-02,-0.010625,-0.00040375
2.9190e-02,-0.0129688,-2.25e-05
2.9200e-02,-0.0110937,-0.00015125
2.9210e-02,-0.0065625,-0.000254688
2.9220e-02,-0.0009375,0.0002125
2.9230e-02,-0.0142188,-0.000715313
2.9240e-02,-0.00796875,-0.000428125
2.9250e-02,-0.00546875,-0.000348125
2.9260e-02,-0.0107813,-0.000304063
2.9270e-02,-0.00875,0.000335938
2.9280e-02,-0.0185937,9.6875e-05
2.9290e-02,-0.0046875,2.96875e-05
2.9300e-02,-0.0121875,0.000292813
2.9310e-02,-0.00921875,-1.4375e-05
2.9320e-02,-0.0128125,0.000417188
2.9330e-02,-0.01,1.25e-06
2.9340e-02,0.00046875,-0.000741563
2.9350e-02,-0.0153125,-0.000231875
2.9360e-02,-0.00515625,-0.000943125
2.9370e-02,-0.0109375,-0.00025
2.9380e-02,-0.00734375,-0.00011
2.9390e-02,-0.00984375,-8.09375e-05
2.9400e-02,-0.0164063,-1.25e-06
2.9410e-02,-0.0109375,-0.000306563
2.9420e-02,-0.0135937,-0.00044375
2.9430e-02,-0.010625,6.0625e-05
2.9440e-02,-0.005,0.00025875
2.9450e-02,-0.00203125,0.000315
2.9460e-02,-0.0121875,0.000729375
2.9470e-02,-0.0053125,0.000382813
2.9480e-02,-0.00765625,-6.53125e-05
2.9490e-02,-0.0034375,-3.03125e-05
2.9500e-02,-0.019375,-0.00053875
2.9510e-02,-0.0184375,0.000275625
2.9520e-02,-0.0171875,-5.625e-06
2.9530e-02,-0.0142188,6.53125e-05
2.9540e-02,-0.00625,-0.000198125
2.9550e-02,-0.0192187,-8.40625e-05
2.9560e-02,-0.025,6.6875e-05
2.9570e-02,-0.0114062,-0.000435625
2.9580e-02,-0.00859375,-0.000398438
2.9590e-02,-0.0167188,-4.46875e-05
2.9600e-02,-0.0259375,-0.001025
2.9610e-02,-0.0134375,0.00010375
2.9620e-02,-0.0132813,-0.00021125
2.9630e-02,-0.0203125,-0.0002125
2.9640e-02,-0.0178125,-0.000108125
2.9650e-02,-0.0123438,0.000504375
2.9660e-02,-0.0179687,-0.000415625
2.9670e-02,-0.0276563,0.000158438
2.9680e-02,-0.018125,-0.000349063
2.9690e-02,-0.0207813,-7.53125e-05
2.9700e-02,-0.0185937,0.000256875
2.9710e-02,-0.0184375,-0.000835
2.9720e-02,-0.0232812,-0.000338125
2.9730e-02,-0.0289063,-8.5625e-05
2.9740e-02,-0.0164063,-0.000340313
2.9750e-02,-0.025625,-0.000220938
2.9760e-02,-0.0173438,3.125e-06
2.9770e-02,-0.0207813,-0.000485938
2.9780e-02,-0.0235938,-6.75e-05
2.9790e-02,-0.0228125,-0.000490313
2.9800e-02,-0.0221875,0.00072
2.9810e-02,-0.0279688,0.000406875
2.9820e-02,-0.023125,-0.000549063
2.9830e-02,-0.0175,-0.000148125
2.9840e-02,-0.0160938,-4.59375e-05
2.9850e-02,-0.02375,0.000104375
2.9860e-02,-0.0223437,7.375e-05
2.9870e-02,-0.014375,0.000259063
2.9880e-02,-0.0253125,0.000136563
2.9890e-02,-0.029375,0.00022
2.9900e-02,-0.0195312,-0.000262187
2.9910e-02,-0.0153125,3.375e-05
2.9920e-02,-0.0115625,-0.000395625
2.9930e-02,-0.0334375,9.375e-05
2.9940e-02,-0.023125,-0.00017375
2.9950e-02,-0.0214063,-0.000469688
2.9960e-02,-0.0196875,4.84375e-05
2.9970e-02,-0.0203125,0.00022
2.9980e-02,-0.0228125,-0.000135
2.9990e-02,-0.0259375,0.000453125
3.0000e-02,-0.0192187,0.0004525
3.0010e-02,-0.0204688,0.000157813
3.0020e-02,-0.0246875,-0.000107188
3.0030e-02,-0.0307813,-0.000482813
3.0040e-02,-0.0160938,0.000601875
3.0050e-02,-0.0126563,0.000179063
3.0060e-02,-0.0251563,-0.000310938
3.0070e-02,-0.0146875,-0.000206563
3.0080e-02,-0.0215625,-0.000385
3.0090e-02,-0.016875,-0.000345313
3.0100e-02,-0.0223437,-0.00016125
3.0110e-02,-0.020625,-0.000532813
3.0120e-02,-0.0140625,-0.000183125
3.0130e-02,-0.0242188,-0.000756875
3.0140e-02,-0.0279688,-0.000495625
3.0150e-02,-0.0198438,-7.90625e-05
3.0160e-02,-0.0201563,-0.000326875
3.0170e-02,-0.0134375,-0.000291875
3.0180e-02,-0.0275,0.000392188
3.0190e-02,-0.015625,-0.000264375
3.0200e-02,-0.03125,0.000285313
3.0210e-02,-0.0142188,0.000567188
3.0220e-02,-0.0214063,-2.84375e-05
3.0230e-02,-0.0173438,0.000293438
3.0240e-02,-0.0353125,-0.00013875
3.0250e-02,-0.0234375,0.00025125
3.0260e-02,-0.0195312,-7.1875e-06
3.0270e-02,-0.0296875,-7.5625e-05
3.0280e-02,-0.0154687,-0.000467188
3.0290e-02,-0.028125,-8.1875e-05
3.0300e-02,-0.019375,-0.000430625
3.0310e-02,-0.01875,-0.00021875
3.0320e-02,-0.025625,-8.8125e-05
3.0330e-02,-0.0292188,6.4375e-05
3.0340e-02,-0.0284375,-0.000188125
3.0350e-02,-0.0232812,-0.000580938
3.0360e-02,-0.0215625,-0.000188438
3.0370e-02,-0.0132813,-5.5e-05
3.0380e-02,-0.018125,-0.000248125
3.0390e-02,-0.0290625,0.000355
3.0400e-02,-0.025,-0.000150938
3.0410e-02,-0.036875,0.000103125
3.0420e-02,-0.0251563,0.000108125
3.0430e-02,-0.0234375,0.000365
3.0440e-02,-0.0429688,0.000506563
3.0450e-02,-0.0364063,-0.000188438
3.0460e-02,-0.0084375,0.000502813
3.0470e-02,-0.0317188,0.000352813
3.0480e-02,-0.01875,0.000279688
3.0490e-02,-0.0235938,6.4375e-05
3.0500e-02,-0.0173438,0.00067125
3.0510e-02,-0.0214063,0.00032125
3.0520e-02,-0.02875,0.00049375
3.0530e-02,-0.0207813,-6.96875e-05
3.0540e-02,-0.0326562,-0.000308125
3.0550e-02,-0.026875,0.000825
3.0560e-02,-0.03375,-0.000690938
3.0570e-02,-0.0260937,0.000626563
3.0580e-02,-0.0296875,8.375e-05
3.0590e-02,-0.0204688,-0.000104688
3.0600e-02,-0.02625,0.000384375
3.0610e-02,-0.0209375,0.000464063
3.0620e-02,-0.034375,0.00016375
3.0630e-02,-0.020625,0.0004925
3.0640e-02,-0.026875,-9.0625e-05
3.0650e-02,-0.0264062,0.000704688
3.0660e-02,-0.0278125,8.8125e-05
3.0670e-02,-0.0285938,0.000393125
3.0680e-02,-0.015625,0.000270313
3.0690e-02,-0.029375,0.000140938
3.0700e-02,-0.0403125,0.00012
3.0710e-02,-0.0334375,0.000384063
3.0720e-02,-0.0384375,-0.000189063
3.0730e-02,-0.02125,-0.000182188
3.0740e-02,-0.021875,-9.03125e-05
3.0750e-02,-0.0340625,-0.000741875
3.0760e-02,-0.0257812,-0.000133125
3.0770e-02,-0.0246875,-0.00026875
3.0780e-02,-0.0295313,-1.8125e-05
3.0790e-02,-0.0109375,0.000405625
3.0800e-02,-0.0301563,-0.00030125
3.0810e-02,-0.0235938,-0.000232188
3.0820e-02,-0.0346875,8.8125e-05
3.0830e-02,-0.028125,0.00031125
3.0840e-02,-0.0264062,-0.000169688
3.0850e-02,-0.0225,-0.000279063
3.0860e-02,-0.0304688,-0.000442188
3.0870e-02,-0.0264062,0.000147813
3.0880e-02,-0.02,-0.000103438
3.0890e-02,-0.0284375,0.000803438
3.0900e-02,-0.0335937,0.000664688
3.0910e-02,-0.0184375,0.000110313
3.0920e-02,-0.0245313,4.6875e-05
3.0930e-02,-0.025,-0.0003
3.0940e-02,-0.0423437,-0.000402188
3.0950e-02,-0.0167188,0.000113125
3.0960e-02,-0.0278125,-0.000400625
3.0970e-02,-0.0340625,-8.875e-05
3.0980e-02,-0.026875,-3.46875e-05
3.0990e-02,-0.0375,-0.0005225
3.1000e-02,-0.016875,-0.000725625
3.1010e-02,-0.034375,-0.00085625
3.1020e-02,-0.025625,-0.000219688
3.1030e-02,-0.035625,0.000159375
3.1040e-02,-0.0267187,0.000609375
3.1050e-02,-0.0246875,0.000292188
3.1060e-02,-0.0275,0.000205625
3.1070e-02,-0.0303125,0.0001425
3.1080e-02,-0.0340625,0.0004525
3.1090e-02,-0.0259375,0.000110625
3.1100e-02,-0.0384375,0.000414688
3.1110e-02,-0.03,-0.000122813
3.1120e-02,-0.0348437,-0.000360313
3.1130e-02,-0.0289063,5.59375e-05
3.1140e-02,-0.0353125,-0.000264375
3.1150e-02,-0.028125,-0.000517188
3.1160e-02,-0.0307813,0.00012
3.1170e-02,-0.0323438,-0.000239688
3.1180e-02,-0.0203125,0.000540938
3.1190e-02,-0.038125,-0.000287188
3.1200e-02,-0.0265625,4.71875e-05
3.1210e-02,-0.0296875,0.000264375
3.1220e-02,-0.0204688,-0.0003625
3.1230e-02,-0.0326562,-0.000430313
3.1240e-02,-0.0357813,-0.000336875
3.1250e-02,-0.0285938,-0.00081875
3.1260e-02,-0.0210938,-0.000658438
3.1270e-02,-0.0185937,-0.00045
3.1280e-02,-0.0298438,8.03125e-05
3.1290e-02,-0.035625,0.000360313
3.1300e-02,-0.0326562,0.000165313
3.1310e-02,-0.0340625,-0.0004675
3.1320e-02,-0.0282813,3.65625e-05
3.1330e-02,-0.01875,-0.000530938
3.1340e-02,-0.03,-4.125e-05
3.1350e-02,-0.0254688,0.000234063
3.1360e-02,-0.021875,-3.46875e-05
3.1370e-02,-0.0335937,0.000291563
3.1380e-02,-0.0315625,0.000249688
3.1390e-02,-0.0303125,-0.000465625
3.1400e-02,-0.0182812,0.000305
3.1410e-02,-0.0248438,-0.000559375
3.1420e-02,-0.0253125,0.000269063
3.1430e-02,-0.045,0.000381563
3.1440e-02,-0.026875,-0.000507813
3.1450e-02,-0.0279688,-0.00022125
3.1460e-02,-0.0359375,-0.00078125
3.1470e-02,-0.0354688,-0.000486875
3.1480e-02,-0.0325,0.000323125
3.1490e-02,-0.0435938,-8.0625e-05
3.1500e-02,-0.0217188,-0.000148438
3.1510e-02,-0.028125,0.000144375
3.1520e-02,-0.0310937,-0.000187188
3.1530e-02,-0.028125,0.000375313
3.1540e-02,-0.0409375,0.0005525
3.1550e-02,-0.0326562,0.000668438
3.1560e-02,-0.0345312,0.00104781
3.1570e-02,-0.0415625,0.0007175
3.1580e-02,-0.0265625,-7.6875e-05
3.1590e-02,-0.0267187,0.000346563
3.1600e-02,-0.0317188,-0.000909688
3.1610e-02,-0.04125,-0.000547188
3.1620e-02,-0.0282813,-1.59375e-05
3.1630e-02,-0.0314062,-0.0004875
3.1640e-02,-0.0371875,0.00012
3.1650e-02,-0.0367188,-0.000854063
3.1660e-02,-0.0323438,-0.000573438
3.1670e-02,-0.0371875,-0.00066125
3.1680e-02,-0.036875,-0.000264688
3.1690e-02,-0.0325,0.00041
3.1700e-02,-0.0214063,0.000330938
3.1710e-02,-0.0426562,-0.000531875
3.1720e-02,-0.0371875,-0.000508125
3.1730e-02,-0.0315625,-0.000772188
3.1740e-02,-0.0360938,0.00017375
3.1750e-02,-0.0328125,0.00089875
3.1760e-02,-0.0407813,0.00101687
3.1770e-02,-0.0529687,0.000634688
3.1780e-02,-0.0215625,5.3125e-06
3.1790e-02,-0.0370313,-0.000585
3.1800e-02,-0.0395313,-0.00065
3.1810e-02,-0.035,7.09375e-05
3.1820e-02,-0.0285938,0.000347813
3.1830e-02,-0.0404687,0.000991563
3.1840e-02,-0.0279688,0.000405938
3.1850e-02,-0.035,-0.000195
3.1860e-02,-0.029375,-0.000986563
3.1870e-02,-0.0264062,-0.000166563
3.1880e-02,-0.0371875,0.000442813
3.1890e-02,-0.026875,0.000684375
3.1900e-02,-0.03875,0.000401875
3.1910e-02,-0.0334375,0.00033375
3.1920e-02,-0.0345312,-0.00119188
3.1930e-02,-0.039375,-0.000980938
3.1940e-02,-0.0351562,-0.000395938
3.1950e-02,-0.0467188,0.00148938
3.1960e-02,-0.0378125,0.00134781
3.1970e-02,-0.0579687,0.000438438
3.1980e-02,-0.0370313,-0.00032125
3.1990e-02,-0.03625,-0.000866875
3.2000e-02,-0.0307813,-0.00130344
3.2010e-02,-0.0264062,0.000179063
3.2020e-02,-0.0289063,0.00101625
3.2030e-02,-0.0253125,0.00141719
3.2040e-02,-0.02875,0.000650313
3.2050e-02,-0.0429688,-0.000979063
3.2060e-02,-0.035,-0.00134781
3.2070e-02,-0.0353125,0.000188125
3.2080e-02,-0.0310937,0.000955938
3.2090e-02,-0.0476562,0.00201
3.2100e-02,-0.025,0.000384688
3.2110e-02,-0.02375,-0.00104969
3.2120e-02,-0.0426562,-0.00196281
3.2130e-02,-0.0278125,-0.00203563
3.2140e-02,-0.0414063,0.000585938
3.2150e-02,-0.0335937,0.00157594
3.2160e-02,-0.0375,0.000764688
3.2170e-02,-0.0367188,-0.000216563
3.2180e-02,-0.036875,-0.00222375
3.2190e-02,-0.0385937,-0.00209125
3.2200e-02,-0.0470312,-9.5e-05
3.2210e-02,-0.0392187,0.00170969
3.2220e-02,-0.0253125,0.00211438
3.2230e-02,-0.0332812,0.000165938
3.2240e-02,-0.0407813,-0.00194875
3.2250e-02,-0.04875,-0.00359156
3.2260e-02,-0.039375,-0.00154469
3.2270e-02,-0.0401563,0.0016075
3.2280e-02,-0.0382813,0.00358781
3.2290e-02,-0.0332812,0.00186469
3.2300e-02,-0.035625,-0.00048625
3.2310e-02,-0.0451563,-0.00307906
3.2320e-02,-0.0279688,-0.00260563
3.2330e-02,-0.0245313,-1.5625e-06
3.2340e-02,-0.0326562,0.00347469
3.2350e-02,-0.035625,0.00360094
3.2360e-02,-0.0396875,0.00105656
3.2370e-02,-0.0404687,-0.00363594
3.2380e-02,-0.0284375,-0.00506969
3.2390e-02,-0.0385937,-0.00213406
3.2400e-02,-0.0309375,0.0019125
3.2410e-02,-0.0376563,0.00504313
3.2420e-02,-0.0325,0.00314063
3.2430e-02,-0.054375,-0.000853438
3.2440e-02,-0.0345312,-0.00431531
3.2450e-02,-0.0379688,-0.00522781
3.2460e-02,-0.0420312,-0.0003475
3.2470e-02,-0.024375,0.00390781
3.2480e-02,-0.03625,0.00453531
3.2490e-02,-0.043125,0.00305344
3.2500e-02,-0.0340625,-0.00275281
3.2510e-02,-0.035625,-0.00499719
3.2520e-02,-0.0373438,-0.00339563
3.2530e-02,-0.0342187,0.00101125
3.2540e-02,-0.0284375,0.00506344
3.2550e-02,-0.0385937,0.00455406
3.2560e-02,-0.0307813,0.000734688
3.2570e-02,-0.0435938,-0.00273719
3.2580e-02,-0.0348437,-0.00467063
3.2590e-02,-0.0403125,-0.00200156
3.2600e-02,-0.03,0.00250594
3.2610e-02,-0.0384375,0.00394813
3.2620e-02,-0.033125,0.0036625
3.2630e-02,-0.0303125,-0.0004
3.2640e-02,-0.0309375,-0.00374219
3.2650e-02,-0.0282813,-0.00318875
3.2660e-02,-0.0282813,-0.000439063
3.2670e-02,-0.0423437,0.00291625
3.2680e-02,-0.0375,0.00326094
3.2690e-02,-0.0385937,0.000906875
3.2700e-02,-0.0429688,-0.00216375
3.2710e-02,-0.0401563,-0.00280563
3.2720e-02,-0.0321875,-0.00136406
3.2730e-02,-0.0376563,0.00186094
3.2740e-02,-0.03375,0.00283344
3.2750e-02,-0.0259375,0.00181031
3.2760e-02,-0.0479688,-1.625e-05
3.2770e-02,-0.0426562,-0.0024275
3.2780e-02,-0.0426562,-0.00220969
3.2790e-02,-0.021875,-3.6875e-05
3.2800e-02,-0.043125,0.00171469
3.2810e-02,-0.0373438,0.00229938
3.2820e-02,-0.0328125,-0.000206875
3.2830e-02,-0.0398437,-0.00172656
3.2840e-02,-0.0310937,-0.00161188
3.2850e-02,-0.043125,-0.000866875
3.2860e-02,-0.0364063,0.001185
3.2870e-02,-0.0473438,0.00171656
3.2880e-02,-0.0315625,0.0014025
3.2890e-02,-0.0357813,-0.000312813
3.2900e-02,-0.0304688,-0.0015975
3.2910e-02,-0.0484375,-0.00137125
3.2920e-02,-0.044375,-9.4375e-05
3.2930e-02,-0.0417187,0.000984688
3.2940e-02,-0.0310937,0.000505313
3.2950e-02,-0.0395313,-7.15625e-05
3.2960e-02,-0.036875,-0.00132031
3.2970e-02,-0.0378125,-0.0013475
3.2980e-02,-0.0246875,-0.000416875
3.2990e-02,-0.0373438,0.00107594
3.3000e-02,-0.0425,0.00162625
3.3010e-02,-0.0359375,0.00118156
3.3020e-02,-0.0398437,-1.1875e-05
3.3030e-02,-0.0410937,-0.000802813
3.3040e-02,-0.035625,-0.000737188
3.3050e-02,-0.0421875,-2.78125e-05
3.3060e-02,-0.0307813,0.000732813
3.3070e-02,-0.0346875,0.00105125
3.3080e-02,-0.03625,0.00020875
3.3090e-02,-0.0320312,-0.00100938
3.3100e-02,-0.0328125,-0.00041375
3.3110e-02,-0.0335937,-0.000284375
3.3120e-02,-0.0370313,-8.5625e-05
3.3130e-02,-0.05125,0.000521875
3.3140e-02,-0.0379688,0.000139375
3.3150e-02,-0.0270312,-0.000245625
3.3160e-02,-0.0476562,-0.00045625
3.3170e-02,-0.031875,-0.00102813
3.3180e-02,-0.0423437,0.000122813
3.3190e-02,-0.0396875,0.00034875
3.3200e-02,-0.050625,0.000618438
3.3210e-02,-0.0523437,0.000800625
3.3220e-02,-0.0240625,-0.000759063
3.3230e-02,-0.04625,-0.000423125
3.3240e-02,-0.045625,-0.000584375
3.3250e-02,-0.040625,0.0005175
3.3260e-02,-0.0403125,0.000495313
3.3270e-02,-0.0378125,-6.3125e-05
3.3280e-02,-0.0417187,0.000155313
3.3290e-02,-0.0485938,-0.000139688
3.3300e-02,-0.0267187,-0.00055625
3.3310e-02,-0.0167188,4.6875e-06
3.3320e-02,-0.0409375,0.000165
3.3330e-02,-0.0415625,-0.000348125
3.3340e-02,-0.0439063,0.000587813
3.3350e-02,-0.0335937,-0.00021625
3.3360e-02,-0.0382813,0.000158438
3.3370e-02,-0.0376563,6.59375e-05
3.3380e-02,-0.0523437,-0.000232188
3.3390e-02,-0.0385937,0.000390313
3.3400e-02,-0.04125,0.000752188
3.3410e-02,-0.0428125,-0.000355313
3.3420e-02,-0.045625,0.000105625
3.3430e-02,-0.031875,-0.00041375
3.3440e-02,-0.04375,9.53125e-05
3.3450e-02,-0.0445313,0.000556563
3.3460e-02,-0.0326562,0.000483438
3.3470e-02,-0.0354688,0.000444063
3.3480e-02,-0.0389063,0.000233125
3.3490e-02,-0.0382813,-0.000729063
3.3500e-02,-0.0314062,-0.000550313
3.3510e-02,-0.0365625,-0.000259375
3.3520e-02,-0.0420312,0.000284688
3.3530e-02,-0.0351562,-0.000242813
3.3540e-02,-0.0460938,-0.000692188
3.3550e-02,-0.0398437,-0.00044875
3.3560e-02,-0.0410937,-0.000374063
3.3570e-02,-0.0404687,-9.8125e-05
3.3580e-02,-0.0403125,-6.78125e-05
3.3590e-02,-0.036875,0.000289375
3.3600e-02,-0.0423437,0.000467813
3.3610e-02,-0.0376563,0.000616563
3.3620e-02,-0.026875,-0.000205938
3.3630e-02,-0.0314062,1.875e-05
3.3640e-02,-0.0496875,0.000164063
3.3650e-02,-0.0403125,0.000353125
3.3660e-02,-0.0253125,0.000839688
3.3670e-02,-0.0517188,-0.000290938
3.3680e-02,-0.0334375,-0.00017625
3.3690e-02,-0.031875,-5.1875e-05
3.3700e-02,-0.0345312,-0.000799375
3.3710e-02,-0.0354688,-0.000199688
3.3720e-02,-0.0370313,-0.000563125
3.3730e-02,-0.0460938,-0.0004925
3.3740e-02,-0.0404687,8.125e-06
3.3750e-02,-0.0192187,8.34375e-05
3.3760e-02,-0.0378125,-0.00026125
3.3770e-02,-0.0332812,-0.00040625
3.3780e-02,-0.0395313,-0.000186875
3.3790e-02,-0.0367188,0.000288438
3.3800e-02,-0.0459375,0.000435313
3.3810e-02,-0.0475,0.000885313
3.3820e-02,-0.0453125,0.000606563
3.3830e-02,-0.0415625,-0.000517813
3.3840e-02,-0.0475,-0.000400313
3.3850e-02,-0.0445313,0.00033625
3.3860e-02,-0.0410937,-1.1875e-05
3.3870e-02,-0.025625,0.000608125
3.3880e-02,-0.036875,-0.000241875
3.3890e-02,-0.0421875,-0.000135625
3.3900e-02,-0.0285938,0.0006825
3.3910e-02,-0.038125,-0.000312188
3.3920e-02,-0.0460938,-0.0001725
3.3930e-02,-0.0465625,0.000391563
3.3940e-02,-0.0335937,0.000253125
3.3950e-02,-0.0525,2.90625e-05
3.3960e-02,-0.0342187,-0.00050625
3.3970e-02,-0.0384375,-0.00011875
3.3980e-02,-0.0365625,0.000326563
3.3990e-02,-0.0420312,0.000340938
3.4000e-02,-0.0398437,0.000641875
3.4010e-02,-0.0378125,0.00022125
3.4020e-02,-0.0515625,-2.1875e-05
3.4030e-02,-0.0292188,-1.5625e-05
3.4040e-02,-0.049375,-0.000131563
3.4050e-02,-0.0442188,0.000356563
3.4060e-02,-0.0296875,0.00036125
3.4070e-02,-0.048125,-0.000124063
3.4080e-02,-0.041875,-0.00034875
3.4090e-02,-0.0401563,-0.000394688
3.4100e-02,-0.0453125,0.00014125
3.4110e-02,-0.0432813,1.21875e-05
3.4120e-02,-0.0315625,-8e-05
3.4130e-02,-0.0404687,0.000313125
3.4140e-02,-0.0282813,0.000141563
3.4150e-02,-0.0210938,-0.000122188
3.4160e-02,-0.0432813,0.000462188
3.4170e-02,-0.0471875,0.000616875
3.4180e-02,-0.0507812,7e-05
3.4190e-02,-0.0465625,0.000619688
3.4200e-02,-0.0348437,0.000199063
3.4210e-02,-0.0396875,-0.000291563
3.4220e-02,-0.0301563,0.000207813
3.4230e-02,-0.0340625,-0.000232813
3.4240e-02,-0.050625,0.000367188
3.4250e-02,-0.0403125,7.8125e-05
3.4260e-02,-0.0346875,-7.8125e-06
3.4270e-02,-0.0379688,8.34375e-05
3.4280e-02,-0.0514063,-0.000102188
3.4290e-02,-0.0439063,0.00029625
3.4300e-02,-0.0385937,-0.000225
3.4310e-02,-0.035,-0.000641875
3.4320e-02,-0.040625,-0.000183125
3.4330e-02,-0.0434375,-0.000134063
3.4340e-02,-0.0417187,-0.000320938
3.4350e-02,-0.05375,-0.000317813
3.4360e-02,-0.0221875,-0.0001625
3.4370e-02,-0.0398437,0.000405625
3.4380e-02,-0.05125,0.000171563
3.4390e-02,-0.0426562,-0.00026125
3.4400e-02,-0.0371875,0.00036
3.4410e-02,-0.0259375,0.0003625
3.4420e-02,-0.0384375,-0.000235625
3.4430e-02,-0.0425,9.0625e-06
3.4440e-02,-0.034375,-2.5625e-05
3.4450e-02,-0.0525,0.000444375
3.4460e-02,-0.0359375,0.000389063
3.4470e-02,-0.0373438,3.34375e-05
3.4480e-02,-0.0398437,0.000305938
3.4490e-02,-0.0421875,9.125e-05
3.4500e-02,-0.0465625,-0.000100938
3.4510e-02,-0.0457813,0.000629688
3.4520e-02,-0.0403125,-0.000216875
3.4530e-02,-0.0376563,0.000272812
3.4540e-02,-0.0476562,0.000394375
3.4550e-02,-0.0439063,-0.0006475
3.4560e-02,-0.0460938,0.000542188
3.4570e-02,-0.03875,-0.000321875
3.4580e-02,-0.0557813,-0.000230625
3.4590e-02,-0.0420312,0.000177188
3.4600e-02,-0.0359375,-0.000277813
3.4610e-02,-0.0385937,0.00011
3.4620e-02,-0.0551563,0.000244063
3.4630e-02,-0.0454688,-0.000148438
3.4640e-02,-0.0526563,0.0002175
3.4650e-02,-0.0404687,0.000644688
3.4660e-02,-0.0410937,-9.4375e-05
3.4670e-02,-0.0373438,0.000349375
3.4680e-02,-0.0501562,2.8125e-06
3.4690e-02,-0.0435938,0.000803438
3.4700e-02,-0.0464062,0.000477188
3.4710e-02,-0.035625,-0.000350625
3.4720e-02,-0.0375,0.000180938
3.4730e-02,-0.0396875,-0.000258125
3.4740e-02,-0.039375,-0.000485313
3.4750e-02,-0.0467188,9.25e-05
3.4760e-02,-0.0457813,0.000187188
3.4770e-02,-0.044375,0.000428438
3.4780e-02,-0.0471875,0.0004
3.4790e-02,-0.0442188,-5.34375e-05
3.4800e-02,-0.039375,-0.00025875
3.4810e-02,-0.0476562,-0.000409375
3.4820e-02,-0.0432813,-0.000280938
3.4830e-02,-0.049375,-0.00034
3.4840e-02,-0.0453125,-0.0002825
3.4850e-02,-0.0401563,0.000194063
3.4860e-02,-0.0310937,-0.000270625
3.4870e-02,-0.0304688,-0.000371875
3.4880e-02,-0.048125,-9.28125e-05
3.4890e-02,-0.0464062,-0.000115313
3.4900e-02,-0.0479688,2.5e-06
3.4910e-02,-0.054375,0.00019875
3.4920e-02,-0.041875,-0.00078375
3.4930e-02,-0.0398437,-0.00019
3.4940e-02,-0.0442188,0.000201563
3.4950e-02,-0.040625,-0.000560625
3.4960e-02,-0.029375,0.000251562
3.4970e-02,-0.0367188,-9.6875e-06
3.4980e-02,-0.0390625,-0.00028625
3.4990e-02,-0.0390625,-0.000147813
3.5000e-02,-0.0464062,-0.000385625
3.5010e-02,-0.0534375,-0.0001725
3.5020e-02,-0.0467188,0.000168438
3.5030e-02,-0.041875,-6.15625e-05
3.5040e-02,-0.03625,-0.00025375
3.5050e-02,-0.0448438,-0.00029625
3.5060e-02,-0.0520313,7.5e-05
3.5070e-02,-0.0395313,0.00016625
3.5080e-02,-0.0328125,0.000605938
3.5090e-02,-0.0464062,-0.000391563
3.5100e-02,-0.0440625,-0.000126563
3.5110e-02,-0.040625,-0.000200625
3.5120e-02,-0.0414063,6.03125e-05
3.5130e-02,-0.0504687,0.000184063
3.5140e-02,-0.045,-0.0001725
3.5150e-02,-0.0420312,0.000257813
3.5160e-02,-0.0353125,-0.000169688
3.5170e-02,-0.0489062,-0.00063375
3.5180e-02,-0.043125,-6.03125e-05
3.5190e-02,-0.0453125,-0.000811563
3.5200e-02,-0.049375,-0.000346563
3.5210e-02,-0.0389063,-3.78125e-05
3.5220e-02,-0.0534375,-0.000875938
3.5230e-02,-0.0348437,-1.3125e-05
3.5240e-02,-0.0378125,0.000222813
3.5250e-02,-0.0407813,3.875e-05
3.5260e-02,-0.0476562,0.000529687
3.5270e-02,-0.0395313,3.96875e-05
3.5280e-02,-0.0392187,0.000404375
3.5290e-02,-0.0435938,0.000220625
3.5300e-02,-0.0478125,3.28125e-05
3.5310e-02,-0.0425,0.00029125
3.5320e-02,-0.0364063,-1.8125e-05
3.5330e-02,-0.0345312,-0.0004875
3.5340e-02,-0.0514063,-0.000299375
3.5350e-02,-0.03375,-0.000786875
3.5360e-02,-0.0476562,-0.000546875
3.5370e-02,-0.0571875,-0.0001725
3.5380e-02,-0.04625,-0.000535313
3.5390e-02,-0.043125,-0.000197813
3.5400e-02,-0.0421875,0.00025375
3.5410e-02,-0.0373438,1.4375e-05
3.5420e-02,-0.041875,-0.000385
3.5430e-02,-0.06125,-0.000196563
3.5440e-02,-0.045625,-0.00029125
3.5450e-02,-0.0389063,-0.000371875
3.5460e-02,-0.034375,-0.000375
3.5470e-02,-0.0376563,-0.000155313
3.5480e-02,-0.0434375,9.59375e-05
3.5490e-02,-0.038125,-0.000505
3.5500e-02,-0.0415625,0.000308125
3.5510e-02,-0.038125,8.4375e-05
3.5520e-02,-0.0446875,0.000179063
3.5530e-02,-0.0410937,0.00014875
3.5540e-02,-0.0420312,-0.000544688
3.5550e-02,-0.0275,-0.000201875
3.5560e-02,-0.0371875,-0.000130938
3.5570e-02,-0.0471875,-0.0002525
3.5580e-02,-0.0282813,0.000225
3.5590e-02,-0.0425,-0.000495938
3.5600e-02,-0.043125,-0.0004575
3.5610e-02,-0.0346875,-4.0625e-06
3.5620e-02,-0.0376563,-0.000325625
3.5630e-02,-0.0515625,0.000674063
3.5640e-02,-0.0445313,0.0003
3.5650e-02,-0.0507812,-0.000223438
3.5660e-02,-0.0371875,0.000515938
3.5670e-02,-0.0426562,-0.000206563
3.5680e-02,-0.0348437,0.00042125
3.5690e-02,-0.0434375,0.000298125
3.5700e-02,-0.0395313,-6.59375e-05
3.5710e-02,-0.0401563,-0.000187188
3.5720e-02,-0.0451563,-0.000295625
3.5730e-02,-0.045625,-0.000130938
3.5740e-02,-0.039375,0.000122813
3.5750e-02,-0.0407813,0.00038
3.5760e-02,-0.0365625,-0.000264688
3.5770e-02,-0.0453125,8.4375e-06
3.5780e-02,-0.0353125,-0.000723438
3.5790e-02,-0.033125,3.125e-07
3.5800e-02,-0.0465625,0.000879063
3.5810e-02,-0.0475,-0.00010625
3.5820e-02,-0.0435938,0.000481563
3.5830e-02,-0.0548437,0.000323125
3.5840e-02,-0.04,-0.000520938
3.5850e-02,-0.043125,-0.000898438
3.5860e-02,-0.0375,-0.000636875
3.5870e-02,-0.0498438,-0.00038125
3.5880e-02,-0.0415625,0.000180938
3.5890e-02,-0.035,0.000153125
3.5900e-02,-0.0440625,-0.000135
3.5910e-02,-0.0539063,-0.00072625
3.5920e-02,-0.0475,-0.000892188
3.5930e-02,-0.0528125,-0.0002325
3.5940e-02,-0.0375,0.0004275
3.5950e-02,-0.0423437,0.000639688
3.5960e-02,-0.046875,0.000694688
3.5970e-02,-0.0385937,-0.000311875
3.5980e-02,-0.0428125,-0.00048
3.5990e-02,-0.0484375,-0.000569063
3.6000e-02,-0.0310937,3.71875e-05
3.6010e-02,-0.0396875,0.00116844
3.6020e-02,-0.0375,0.000106875
3.6030e-02,-0.04625,0.000376875
3.6040e-02,-0.0470312,0.000200313
3.6050e-02,-0.053125,-0.00138969
3.6060e-02,-0.0498438,-0.000148438
3.6070e-02,-0.04375,2.40625e-05
3.6080e-02,-0.040625,0.00140656
3.6090e-02,-0.0434375,0.000518438
3.6100e-02,-0.0467188,-0.000715625
3.6110e-02,-0.0367188,-0.0009775
3.6120e-02,-0.049375,-0.000977187
3.6130e-02,-0.051875,0.000391875
3.6140e-02,-0.0434375,0.00154625
3.6150e-02,-0.0482812,0.00101687
3.6160e-02,-0.0376563,-0.000214063
3.6170e-02,-0.0392187,-0.000822188
3.6180e-02,-0.0417187,-0.00113188
3.6190e-02,-0.0421875,-0.000402813
3.6200e-02,-0.0446875,0.00138031
3.6210e-02,-0.035,0.00166781
3.6220e-02,-0.0446875,0.000520313
3.6230e-02,-0.03625,-0.000793438
3.6240e-02,-0.0417187,-0.00167625
3.6250e-02,-0.0507812,-0.000429375
3.6260e-02,-0.046875,0.000964063
3.6270e-02,-0.0328125,0.00139281
3.6280e-02,-0.050625,0.000932188
3.6290e-02,-0.0457813,-0.000363438
3.6300e-02,-0.0489062,-0.00217469
3.6310e-02,-0.0435938,-0.00259375
3.6320e-02,-0.0573437,-0.000800625
3.6330e-02,-0.0420312,0.00144656
3.6340e-02,-0.0376563,0.0018575
3.6350e-02,-0.0564063,0.000570313
3.6360e-02,-0.0446875,-0.00122625
3.6370e-02,-0.0460938,-0.00293875
3.6380e-02,-0.0321875,-0.00120281
3.6390e-02,-0.0404687,0.00134688
3.6400e-02,-0.0471875,0.00301594
3.6410e-02,-0.040625,0.00321719
3.6420e-02,-0.0432813,0.00304
3.6430e-02,-0.0554687,0.00308438
3.6440e-02,-0.045,0.00299719
3.6450e-02,-0.0510938,0.00292469
3.6460e-02,-0.0490625,0.002875
3.6470e-02,-0.041875,0.00288531
3.6480e-02,-1.67734,0.00210063
3.6490e-02,-1.95547,-0.00317156
3.6500e-02,0.576094,-0.00590563
3.6510e-02,1.46734,-0.00737438
3.6520e-02,0.157969,-0.00776719
3.6530e-02,0.0946875,-0.00762281
3.6540e-02,0.108281,-0.00742625
3.6550e-02,0.0910938,-0.00749375
3.6560e-02,0.0870313,-0.00759438
3.6570e-02,0.0682813,-0.007525
3.6580e-02,0.070625,-0.00747563
3.6590e-02,0.0421875,-0.0075375
3.6600e-02,0.04,-0.00755156
3.6610e-02,0.046875,-0.00748813
3.6620e-02,0.0320312,-0.00734531
3.6630e-02,0.0560937,-0.00734188
3.6640e-02,0.0459375,-0.00750813
3.6650e-02,0.0295312,-0.00742719
3.6660e-02,0.0476562,-0.00758875
3.6670e-02,0.0176563,-0.00748469
3.6680e-02,0.034375,-0.00730094
3.6690e-02,0.0203125,-0.00734031
3.6700e-02,0.0214062,-0.00737656
3.6710e-02,0.0198438,-0.00747594
3.6720e-02,0.01625,-0.00741531
3.6730e-02,0.0260938,-0.00723656
3.6740e-02,0.0248438,-0.00280375
3.6750e-02,0.030625,0.000155625
3.6760e-02,0.0285937,0.000306875
3.6770e-02,0.0246875,-0.00113031
3.6780e-02,0.01,-0.00213031
3.6790e-02,-0.00328125,-0.00175281
3.6800e-02,0.00796875,-0.000315313
3.6810e-02,0.021875,0.00125469
3.6820e-02,0.006875,0.0017
3.6830e-02,0.00484375,0.000863125
3.6840e-02,0.0121875,-0.00057
3.6850e-02,0.0009375,-0.0011075
3.6860e-02,0.00546875,-0.000314063
3.6870e-02,0.02125,0.00110656
3.6880e-02,0.00390625,0.0007475
3.6890e-02,0.009375,0.00053125
3.6900e-02,-0.00296875,-8.0625e-05
3.6910e-02,-0.005,-0.000892188
3.6920e-02,-0.003125,-0.000743438
3.6930e-02,0.00078125,-8.40625e-05
3.6940e-02,0.005625,0.000495625
3.6950e-02,0.0009375,0.000625
3.6960e-02,0.0021875,-0.00027
3.6970e-02,0.005625,-0.000464063
3.6980e-02,-0.005,-0.000316563
3.6990e-02,0.0021875,-0.000267813
3.7000e-02,-0.000625,0.00074875
3.7010e-02,0.00359375,0.00048875
3.7020e-02,0.00234375,-0.000184688
3.7030e-02,-0.00953125,-8.34375e-05
3.7040e-02,-0.00609375,-0.00103531
3.7050e-02,-0.00765625,-0.000240938
3.7060e-02,0.00703125,0.000365938
3.7070e-02,-0.0104688,0.00063
3.7080e-02,0.0065625,0.000961563
3.7090e-02,-0.00625,0.000496563
3.7100e-02,-0.00125,-0.000747188
3.7110e-02,-0.0139063,8.46875e-05
3.7120e-02,-0.0075,-0.000114063
3.7130e-02,-0.015,0.000435313
3.7140e-02,-0.0140625,0.000980313
3.7150e-02,0.00765625,0.000580313
3.7160e-02,-0.0075,0.000173125
3.7170e-02,-0.00609375,-0.000578438
3.7180e-02,-0.00796875,-0.000187813
3.7190e-02,-0.0229687,0.000445313
3.7200e-02,-0.0148437,0.000395938
3.7210e-02,-0.0134375,0.000406563
3.7220e-02,-0.00875,-0.000119688
3.7230e-02,-0.00671875,0.000355
3.7240e-02,0.00359375,0.000165625
3.7250e-02,-0.0121875,-0.000105938
3.7260e-02,-0.008125,9.96875e-05
3.7270e-02,0.00125,0.0005325
3.7280e-02,-0.00734375,-0.000192188
3.7290e-02,-0.00859375,0.000145
3.7300e-02,-0.0110937,0.000206875
3.7310e-02,0.001875,-1.0625e-05
3.7320e-02,-0.0140625,-8.78125e-05
3.7330e-02,-0.0157813,0.000151563
3.7340e-02,-0.0142188,0.000609688
3.7350e-02,0.0003125,7.65625e-05
3.7360e-02,-0.0159375,-0.000409375
3.7370e-02,-0.0164063,-0.0006825
3.7380e-02,-0.0201563,-2.875e-05
3.7390e-02,-0.0142188,-0.000360625
3.7400e-02,-0.0123438,0.000337813
3.7410e-02,-0.00734375,-0.000125625
3.7420e-02,-0.014375,6.21875e-05
3.7430e-02,-0.0148437,-0.000428125
3.7440e-02,-0.0157813,-0.000803438
3.7450e-02,-0.0145312,0.000444375
3.7460e-02,-0.00859375,7.6875e-05
3.7470e-02,-0.00796875,0.000398125
3.7480e-02,-0.0167188,0.000386875
3.7490e-02,-0.0178125,0.000202188
3.7500e-02,-0.0170313,0.0002125
3.7510e-02,-0.0167188,0.000477188
3.7520e-02,-0.01625,0.000292813
3.7530e-02,-0.0253125,-0.0003525
3.7540e-02,-0.0175,4.3125e-05
3.7550e-02,-0.0134375,3.0625e-05
3.7560e-02,-0.020625,0.000324688
3.7570e-02,-0.0134375,-7.71875e-05
3.7580e-02,-0.0084375,-0.000337813
3.7590e-02,-0.01125,0.000423125
3.7600e-02,-0.020625,-8.40625e-05
3.7610e-02,-0.006875,-7.3125e-05
3.7620e-02,-0.0232812,-0.000338125
3.7630e-02,-0.0201563,-0.000589688
3.7640e-02,-0.0126563,-0.000300625
3.7650e-02,-0.0090625,-1.34375e-05
3.7660e-02,-0.00984375,0.000247188
3.7670e-02,-0.0114062,0.000474063
3.7680e-02,-0.00890625,0.000582188
3.7690e-02,-0.0234375,-8.1875e-05
3.7700e-02,-0.0176563,-2.78125e-05
3.7710e-02,-0.005625,0.000217813
3.7720e-02,-0.0157813,-0.0003975
3.7730e-02,-0.01125,-0.000337188
3.7740e-02,-0.019375,-0.0007625
3.7750e-02,-0.0167188,-0.00014625
3.7760e-02,-0.0229687,-0.000115313
3.7770e-02,-0.0215625,7e-05
3.7780e-02,-0.0221875,-6.46875e-05
3.7790e-02,-0.013125,-4.6875e-06
3.7800e-02,-0.0253125,0.000241563
3.7810e-02,-0.0320312,-0.000275625
3.7820e-02,-0.0301563,-1.78125e-05
3.7830e-02,-0.0167188,0.000285938
3.7840e-02,-0.0214063,-0.00010625
3.7850e-02,-0.01625,0.000207188
3.7860e-02,-0.0242188,0.000291563
3.7870e-02,-0.0229687,-0.000315
3.7880e-02,-0.02,0.000405
3.7890e-02,-0.02125,-0.000405938
3.7900e-02,-0.0190625,0.000128125
3.7910e-02,-0.0165625,0.000729375
3.7920e-02,-0.020625,0.0010425
3.7930e-02,-0.0178125,0.000334375
3.7940e-02,-0.02125,0.000281563
3.7950e-02,-0.0125,-0.0001475
3.7960e-02,-0.0178125,0.000102188
3.7970e-02,-0.0276563,0.000156875
3.7980e-02,-0.0157813,0.000257813
3.7990e-02,-0.0282813,0.00037
3.8000e-02,-0.01875,0.000394063
3.8010e-02,-0.0185937,-0.00014375
3.8020e-02,-0.0207813,-6.4375e-05
3.8030e-02,-0.0240625,-0.000203125
3.8040e-02,-0.02125,9.65625e-05
3.8050e-02,-0.0170313,-0.000402188
3.8060e-02,-0.02875,3.125e-07
3.8070e-02,-0.015625,7.625e-05
3.8080e-02,-0.0235938,-0.000620313
3.8090e-02,-0.021875,0.000175313
3.8100e-02,-0.018125,0.00061625
3.8110e-02,-0.0267187,-0.000709063
3.8120e-02,-0.028125,0.000215
3.8130e-02,-0.00796875,0.000137813
3.8140e-02,-0.0240625,-0.000173438
3.8150e-02,-0.0301563,0.000183125
3.8160e-02,-0.0271875,-0.000484375
3.8170e-02,-0.0292188,0.00023375
3.8180e-02,-0.033125,0.000134063
3.8190e-02,-0.0132813,0.00014625
3.8200e-02,-0.024375,6e-05
3.8210e-02,-0.0357813,-0.000369688
3.8220e-02,-0.0179687,4.0625e-06
3.8230e-02,-0.0323438,0.00054
3.8240e-02,-0.02875,-1.71875e-05
3.8250e-02,-0.0276563,0.000135625
3.8260e-02,-0.0223437,0.000410938
3.8270e-02,-0.0295313,0.00043875
3.8280e-02,-0.0145312,0.000235625
3.8290e-02,-0.0379688,0.000199063
3.8300e-02,-0.0153125,0.000862188
3.8310e-02,-0.0203125,0.000404063
3.8320e-02,-0.02375,-0.0004
3.8330e-02,-0.021875,-0.00011375
3.8340e-02,-0.0271875,-0.000149375
3.8350e-02,-0.0346875,0.000425
3.8360e-02,-0.0332812,0.00070375
3.8370e-02,-0.0334375,0.000341563
3.8380e-02,-0.0159375,0.00028125
3.8390e-02,-0.0298438,0.000404063
3.8400e-02,-0.0371875,-0.000339688
3.8410e-02,-0.0379688,-0.000199063
3.8420e-02,-0.029375,0.000550313
3.8430e-02,-0.0253125,0.00018
3.8440e-02,-0.021875,0.000195313
3.8450e-02,-0.0267187,-0.000775313
3.8460e-02,-0.0253125,0.000180938
3.8470e-02,-0.0239063,3.0625e-05
3.8480e-02,-0.0223437,1.96875e-05
3.8490e-02,-0.0248438,0.000487813
3.8500e-02,-0.0207813,-0.000357188
3.8510e-02,-0.00796875,-0.0004975
3.8520e-02,-0.0328125,-0.000514063
3.8530e-02,-0.0282813,-0.000157188
3.8540e-02,-0.0259375,-0.000159063
3.8550e-02,-0.0242188,-8.25e-05
3.8560e-02,-0.0326562,0.000274063
3.8570e-02,-0.0326562,0.000269688
3.8580e-02,-0.0225,0.000334063
3.8590e-02,-0.026875,-0.000477188
3.8600e-02,-0.0189062,-0.00038125
3.8610e-02,-0.0271875,-0.000611563
3.8620e-02,-0.0315625,-0.000263437
3.8630e-02,-0.0248438,0.000120313
3.8640e-02,-0.0354688,-5.59375e-05
3.8650e-02,-0.02375,0.000350313
3.8660e-02,-0.0307813,-3.5e-05
3.8670e-02,-0.0373438,0.000400625
3.8680e-02,-0.035,-8.84375e-05
3.8690e-02,-0.026875,-0.000127188
3.8700e-02,-0.0226562,0.00013625
3.8710e-02,-0.0245313,-7.5e-05
3.8720e-02,-0.030625,0.00014875
3.8730e-02,-0.0257812,-0.000415
3.8740e-02,-0.0335937,-0.000464063
3.8750e-02,-0.0160938,-0.000420625
3.8760e-02,-0.0210938,0.00037125
3.8770e-02,-0.0225,-0.000246875
3.8780e-02,-0.0242188,0.000418125
3.8790e-02,-0.0389063,-0.0003325
3.8800e-02,-0.0123438,-0.000416875
3.8810e-02,-0.02875,-0.000287188
3.8820e-02,-0.0292188,0.000163438
3.8830e-02,-0.03125,-2.125e-05
3.8840e-02,-0.0348437,0.000295
3.8850e-02,-0.0326562,-0.000191875
3.8860e-02,-0.0367188,0.000615313
3.8870e-02,-0.0314062,1.46875e-05
3.8880e-02,-0.024375,-0.000282188
3.8890e-02,-0.0296875,-9.28125e-05
3.8900e-02,-0.0289063,0.000224688
3.8910e-02,-0.0271875,-0.000125625
3.8920e-02,-0.0207813,-0.00041
3.8930e-02,-0.0320312,-0.000690313
3.8940e-02,-0.0340625,0.000268125
3.8950e-02,-0.0215625,-0.000135625
3.8960e-02,-0.0282813,1.3125e-05
3.8970e-02,-0.0292188,0.000266875
3.8980e-02,-0.025,0.000436563
3.8990e-02,-0.0339062,-0.000274688
3.9000e-02,-0.033125,0.000108125
3.9010e-02,-0.0267187,-0.0002525
3.9020e-02,-0.0314062,-5.15625e-05
3.9030e-02,-0.0354688,0.000240625
3.9040e-02,-0.0365625,0.000229063
3.9050e-02,-0.0339062,6.5625e-05
3.9060e-02,-0.0378125,0.000182813
3.9070e-02,-0.0282813,-0.000424688
3.9080e-02,-0.0407813,0.000222188
3.9090e-02,-0.0315625,-6.34375e-05
3.9100e-02,-0.0310937,0.000815625
3.9110e-02,-0.03,0.000313438
3.9120e-02,-0.04125,-0.00052
3.9130e-02,-0.0317188,-6.40625e-05
3.9140e-02,-0.0292188,-0.000380625
3.9150e-02,-0.021875,-0.00149125
3.9160e-02,-0.0301563,0.000385938
3.9170e-02,-0.025,0.000199375
3.9180e-02,-0.0325,3.9375e-05
3.9190e-02,-0.0273438,-0.000284063
3.9200e-02,-0.02,-0.000625313
3.9210e-02,-0.0298438,-0.000421563
3.9220e-02,-0.0267187,-7.65625e-05
3.9230e-02,-0.0396875,-0.000567188
3.9240e-02,-0.03625,0.0002575
3.9250e-02,-0.0365625,0.000271563
3.9260e-02,-0.029375,0.000300313
3.9270e-02,-0.0392187,-0.000310313
3.9280e-02,-0.0357813,-0.000886875
3.9290e-02,-0.03125,8.75e-06
3.9300e-02,-0.029375,6.1875e-05
3.9310e-02,-0.0359375,-0.000119063
3.9320e-02,-0.0410937,0.000540312
3.9330e-02,-0.0314062,-0.000225
3.9340e-02,-0.0421875,7.40625e-05
3.9350e-02,-0.0265625,-0.000210938
3.9360e-02,-0.0271875,-0.00015125
3.9370e-02,-0.045,0.000524063
3.9380e-02,-0.0315625,-0.000463438
3.9390e-02,-0.0271875,-0.000723125
3.9400e-02,-0.0401563,-0.000379375
3.9410e-02,-0.0375,-0.0002825
3.9420e-02,-0.03375,-8.09375e-05
3.9430e-02,-0.0410937,0.000184688
3.9440e-02,-0.0314062,-0.000498438
3.9450e-02,-0.0304688,-0.000268438
3.9460e-02,-0.03125,-0.000455625
3.9470e-02,-0.0201563,-0.000285
3.9480e-02,-0.0310937,0.000123438
3.9490e-02,-0.0342187,0.00041875
3.9500e-02,-0.03375,0.000639063
3.9510e-02,-0.0320312,-0.000144063
3.9520e-02,-0.0351562,-0.000812813
3.9530e-02,-0.0342187,-8.75e-06
3.9540e-02,-0.0373438,-0.00029875
3.9550e-02,-0.0304688,-0.0001925
3.9560e-02,-0.0365625,-7.0625e-05
3.9570e-02,-0.03625,-0.000284688
3.9580e-02,-0.0235938,-0.000426563
3.9590e-02,-0.0378125,2.53125e-05
3.9600e-02,-0.0323438,-0.000540312
3.9610e-02,-0.0279688,-0.000419063
3.9620e-02,-0.0253125,-0.00018375
3.9630e-02,-0.028125,-0.000254063
3.9640e-02,-0.0290625,0.0003175
3.9650e-02,-0.02875,-0.000277813
3.9660e-02,-0.0282813,-0.000364375
3.9670e-02,-0.0296875,-0.000290313
3.9680e-02,-0.0220313,0.000305313
3.9690e-02,-0.0278125,0.000574688
3.9700e-02,-0.0295313,0.000212188
3.9710e-02,-0.0401563,-0.000205938
3.9720e-02,-0.0334375,-0.000486563
3.9730e-02,-0.0223437,-0.000681563
3.9740e-02,-0.0303125,-0.000288438
3.9750e-02,-0.0178125,-0.00036625
3.9760e-02,-0.0365625,0.0008475
3.9770e-02,-0.0215625,0.000626875
3.9780e-02,-0.0303125,0.000365
3.9790e-02,-0.0278125,-0.000703125
3.9800e-02,-0.0495312,-0.000335625
3.9810e-02,-0.0282813,-0.000479063
3.9820e-02,-0.0345312,0.000769063
3.9830e-02,-0.0428125,0.000471875
3.9840e-02,-0.035,5.1875e-05
3.9850e-02,-0.0253125,-7.25e-05
3.9860e-02,-0.0339062,-0.00133375
3.9870e-02,-0.0320312,-0.000105938
3.9880e-02,-0.0301563,9.59375e-05
3.9890e-02,-0.034375,0.000677813
3.9900e-02,-0.0389063,0.00115656
3.9910e-02,-0.0351562,0.000534688
3.9920e-02,-0.038125,-0.00100563
3.9930e-02,-0.0309375,-0.000461563
3.9940e-02,-0.0259375,-0.000575938
3.9950e-02,-0.03375,0.0003875
3.9960e-02,-0.0357813,0.0008225
3.9970e-02,-0.0348437,0.000278125
3.9980e-02,-0.03625,-0.00049
3.9990e-02,-0.0325,-0.00120438
4.0000e-02,-0.0290625,-0.000967813
4.0010e-02,-0.031875,0.000683438
4.0020e-02,-0.0429688,0.00161563
4.0030e-02,-0.03375,0.00107688
4.0040e-02,-0.03375,0.000676563
4.0050e-02,-0.0445313,-0.00100781
4.0060e-02,-0.028125,-0.001475
4.0070e-02,-0.0403125,-0.000651875
4.0080e-02,-0.034375,0.000715313
4.0090e-02,-0.0307813,0.00153625
4.0100e-02,-0.0309375,0.000860313
4.0110e-02,-0.0328125,-0.000335938
4.0120e-02,-0.0310937,-0.00189188
4.0130e-02,-0.0410937,-0.00206594
4.0140e-02,-0.0375,0.000172188
4.0150e-02,-0.035625,0.00228
4.0160e-02,-0.039375,0.00147
4.0170e-02,-0.038125,0.000220938
4.0180e-02,-0.0479688,-0.00160344
4.0190e-02,-0.0521875,-0.00214656
4.0200e-02,-0.0296875,-0.000772188
4.0210e-02,-0.0332812,0.00126
4.0220e-02,-0.0364063,0.00302875
4.0230e-02,-0.02875,0.00168625
4.0240e-02,-0.0404687,-0.00177563
4.0250e-02,-0.045,-0.00244906
4.0260e-02,-0.045,-0.00183406
4.0270e-02,-0.0289063,0.00058
4.0280e-02,-0.0235938,0.00213656
4.0290e-02,-0.028125,0.00244531
4.0300e-02,-0.023125,5.40625e-05
4.0310e-02,-0.0301563,-0.00283875
4.0320e-02,-0.0301563,-0.00378969
4.0330e-02,-0.0385937,-0.000604062
4.0340e-02,-0.0464062,0.00245625
4.0350e-02,-0.0384375,0.00383281
4.0360e-02,-0.0353125,0.00186563
4.0370e-02,-0.04,-0.00149813
4.0380e-02,-0.03,-0.00383438
4.0390e-02,-0.0342187,-0.00287563
4.0400e-02,-0.0414063,0.000865
4.0410e-02,-0.0440625,0.00418813
4.0420e-02,-0.0251563,0.00380188
4.0430e-02,-0.035625,0.000292813
4.0440e-02,-0.0445313,-0.0045175
4.0450e-02,-0.0267187,-0.0052075
4.0460e-02,-0.0365625,-0.00234969
4.0470e-02,-0.0360938,0.00226438
4.0480e-02,-0.0284375,0.00543813
4.0490e-02,-0.0315625,0.00423
4.0500e-02,-0.0398437,-0.000850938
4.0510e-02,-0.0334375,-0.00479625
4.0520e-02,-0.0410937,-0.00418688
4.0530e-02,-0.0446875,-0.000641563
4.0540e-02,-0.035625,0.00300906
4.0550e-02,-0.0298438,0.00397875
4.0560e-02,-0.0446875,0.00139094
4.0570e-02,-0.0360938,-0.00186219
4.0580e-02,-0.0345312,-0.0052225
4.0590e-02,-0.0348437,-0.00319844
4.0600e-02,-0.0460938,0.00133094
4.0610e-02,-0.0435938,0.00416812
4.0620e-02,-0.0267187,0.00347
4.0630e-02,-0.04875,0.00029875
4.0640e-02,-0.0398437,-0.00335469
4.0650e-02,-0.0384375,-0.00434031
4.0660e-02,-0.0354688,-0.00104344
4.0670e-02,-0.0325,0.00212969
4.0680e-02,-0.041875,0.00342813
4.0690e-02,-0.0415625,0.00173156
4.0700e-02,-0.0439063,-0.0009925
4.0710e-02,-0.0473438,-0.00311313
4.0720e-02,-0.0378125,-0.00250125
4.0730e-02,-0.0421875,0.000205938
4.0740e-02,-0.0370313,0.00196
4.0750e-02,-0.038125,0.00224469
4.0760e-02,-0.025625,0.000332813
4.0770e-02,-0.0471875,-0.00172219
4.0780e-02,-0.0340625,-0.00149344
4.0790e-02,-0.0403125,-0.000307813
4.0800e-02,-0.0335937,0.00147375
4.0810e-02,-0.0395313,0.00228938
4.0820e-02,-0.0407813,0.000507813
4.0830e-02,-0.0267187,-0.000895
4.0840e-02,-0.03375,-0.00200625
4.0850e-02,-0.0410937,-0.00076
4.0860e-02,-0.0385937,0.00081125
4.0870e-02,-0.0323438,0.001835
4.0880e-02,-0.033125,0.000915938
4.0890e-02,-0.0351562,-0.000677188
4.0900e-02,-0.0182812,-0.00164469
4.0910e-02,-0.0460938,-0.00156594
4.0920e-02,-0.035625,-9.65625e-05
4.0930e-02,-0.0259375,0.00168344
4.0940e-02,-0.0334375,0.00153469
4.0950e-02,-0.0392187,0.000815625
4.0960e-02,-0.035625,-0.000999063
4.0970e-02,-0.0276563,-0.00104531
4.0980e-02,-0.0240625,-0.000387813
4.0990e-02,-0.0376563,0.000741563
4.1000e-02,-0.0435938,0.00135469
4.1010e-02,-0.0357813,0.00079375
4.1020e-02,-0.0215625,-7.96875e-05
4.1030e-02,-0.0392187,-0.000820938
4.1040e-02,-0.04,-0.000813125
4.1050e-02,-0.0385937,-0.000108438
4.1060e-02,-0.0304688,0.000158125
4.1070e-02,-0.0360938,0.000931563
4.1080e-02,-0.041875,0.000838438
4.1090e-02,-0.035,-0.000788438
4.1100e-02,-0.0389063,-0.000314688
4.1110e-02,-0.0323438,-0.000103125
4.1120e-02,-0.0498438,0.0006075
4.1130e-02,-0.04125,0.000891875
4.1140e-02,-0.0442188,0.00089375
4.1150e-02,-0.0514063,0.000339375
4.1160e-02,-0.0396875,-9.625e-05
4.1170e-02,-0.0396875,-0.0006175
4.1180e-02,-0.0375,0.000475313
4.1190e-02,-0.0264062,0.00020375
4.1200e-02,-0.04375,0.00077875
4.1210e-02,-0.0353125,0.000341875
4.1220e-02,-0.036875,9.0625e-06
4.1230e-02,-0.038125,-0.000422188
4.1240e-02,-0.0346875,-0.00043125
4.1250e-02,-0.0367188,-0.00019125
4.1260e-02,-0.0345312,0.000801875
4.1270e-02,-0.0360938,0.000385
4.1280e-02,-0.0354688,-0.000324375
4.1290e-02,-0.0417187,0.000280938
4.1300e-02,-0.0485938,-0.000364688
4.1310e-02,-0.0385937,0.000151875
4.1320e-02,-0.0429688,-0.0002725
4.1330e-02,-0.0445313,0.000155625
4.1340e-02,-0.0328125,1.875e-05
4.1350e-02,-0.0398437,-0.000620313
4.1360e-02,-0.0448438,-0.000370313
4.1370e-02,-0.046875,0.000770938
4.1380e-02,-0.0440625,-0.000294375
4.1390e-02,-0.0421875,0.000292813
4.1400e-02,-0.0303125,0.00027
4.1410e-02,-0.0345312,-0.000143438
4.1420e-02,-0.0257812,-0.000246875
4.1430e-02,-0.0448438,-0.00062875
4.1440e-02,-0.0340625,0.000480938
4.1450e-02,-0.0329688,0.000505313
4.1460e-02,-0.0378125,0.00071625
4.1470e-02,-0.04875,0.00105094
4.1480e-02,-0.0328125,-0.000203125
4.1490e-02,-0.0465625,-0.000595313
4.1500e-02,-0.0448438,0.000130313
4.1510e-02,-0.0310937,-8.21875e-05
4.1520e-02,-0.0448438,0.000361563
4.1530e-02,-0.0395313,0.000695
4.1540e-02,-0.0215625,0.00011375
4.1550e-02,-0.0365625,-0.00024625
4.1560e-02,-0.0395313,-0.00103812
4.1570e-02,-0.0353125,-0.00080875
4.1580e-02,-0.0265625,0.000180313
4.1590e-02,-0.0460938,-0.000291875
4.1600e-02,-0.0373438,0.000708438
4.1610e-02,-0.0379688,0.000184063
4.1620e-02,-0.0454688,0.00017875
4.1630e-02,-0.0426562,-0.000494375
4.1640e-02,-0.0326562,-0.000534063
4.1650e-02,-0.0364063,-3.6875e-05
4.1660e-02,-0.033125,0.000282813
4.1670e-02,-0.0301563,-3.125e-05
4.1680e-02,-0.0376563,0.000430313
4.1690e-02,-0.0382813,-0.000349063
4.1700e-02,-0.03875,-0.00038
4.1710e-02,-0.0439063,6.25e-05
4.1720e-02,-0.02875,-0.000466563
4.1730e-02,-0.0373438,-0.000584688
4.1740e-02,-0.0390625,-0.000155625
4.1750e-02,-0.039375,-0.000695313
4.1760e-02,-0.0376563,-5.53125e-05
4.1770e-02,-0.04125,-0.000525938
4.1780e-02,-0.0440625,-0.000470313
4.1790e-02,-0.0326562,-5.96875e-05
4.1800e-02,-0.045,-0.000186875
4.1810e-02,-0.0320312,-0.000184063
4.1820e-02,-0.0421875,-0.000300313
4.1830e-02,-0.0371875,-0.0001825
4.1840e-02,-0.0326562,-0.000117188
4.1850e-02,-0.0378125,0.000157188
4.1860e-02,-0.041875,-0.000344375
4.1870e-02,-0.0364063,0.00021
4.1880e-02,-0.0379688,-0.00019
4.1890e-02,-0.0365625,-0.00055
4.1900e-02,-0.0370313,-3.21875e-05
4.1910e-02,-0.0409375,0.0001375
4.1920e-02,-0.040625,7.9375e-05
4.1930e-02,-0.043125,-0.000389063
4.1940e-02,-0.0298438,-0.000340313
4.1950e-02,-0.0335937,-0.00019625
4.1960e-02,-0.0329688,-0.000286875
4.1970e-02,-0.0367188,-7.125e-05
4.1980e-02,-0.03625,0.000310938
4.1990e-02,-0.044375,4.5625e-05
4.2000e-02,-0.04,0.000130313
4.2010e-02,-0.0459375,-9.90625e-05
4.2020e-02,-0.0515625,-0.000289375
4.2030e-02,-0.0348437,-0.00064875
4.2040e-02,-0.03375,0.0002825
4.2050e-02,-0.030625,-0.0003875
4.2060e-02,-0.0367188,0.00037875
4.2070e-02,-0.0378125,-6.65625e-05
4.2080e-02,-0.0525,0.000269375
4.2090e-02,-0.0314062,-5.96875e-05
4.2100e-02,-0.031875,-0.000549688
4.2110e-02,-0.0321875,0.000525625
4.2120e-02,-0.0265625,-0.00034125
4.2130e-02,-0.0521875,-0.000335
4.2140e-02,-0.04125,-0.000649375
4.2150e-02,-0.0296875,-0.000419688
4.2160e-02,-0.0373438,-0.000492813
4.2170e-02,-0.0367188,-0.000150938
4.2180e-02,-0.0392187,-0.00011875
4.2190e-02,-0.0334375,-0.000226563
4.2200e-02,-0.0415625,-0.000559688
4.2210e-02,-0.0360938,-0.000492188
4.2220e-02,-0.0382813,-0.000469063
4.2230e-02,-0.043125,-0.000536563
4.2240e-02,-0.0417187,-0.000540625
4.2250e-02,-0.0353125,5.1875e-05
4.2260e-02,-0.0365625,0.000242188
4.2270e-02,-0.0448438,0.000384688
4.2280e-02,-0.0492188,-9.84375e-05
4.2290e-02,-0.04,-5.3125e-06
4.2300e-02,-0.0473438,0.000165
4.2310e-02,-0.0510938,0.000116875
4.2320e-02,-0.0403125,0.000554375
4.2330e-02,-0.0489062,-2.875e-05
4.2340e-02,-0.0365625,-7.21875e-05
4.2350e-02,-0.0453125,0.0002375
4.2360e-02,-0.0420312,-0.000358125
4.2370e-02,-0.0385937,-0.000108125
4.2380e-02,-0.0403125,0.00044375
4.2390e-02,-0.0398437,-0.000537813
4.2400e-02,-0.0340625,0.000269375
4.2410e-02,-0.04,0.000270938
4.2420e-02,-0.0432813,5.78125e-05
4.2430e-02,-0.0485938,0.000275938
4.2440e-02,-0.0440625,-0.0006075
4.2450e-02,-0.0479688,0.000188125
4.2460e-02,-0.04,0.000390938
4.2470e-02,-0.0432813,3.15625e-05
4.2480e-02,-0.0475,0.000280625
4.2490e-02,-0.0445313,0.00022875
4.2500e-02,-0.0315625,-3.40625e-05
4.2510e-02,-0.0357813,0.000170313
4.2520e-02,-0.0445313,-0.000220313
4.2530e-02,-0.0370313,-0.000259375
4.2540e-02,-0.04,0.000125
4.2550e-02,-0.0340625,-0.000446563
4.2560e-02,-0.0396875,-0.00022125
4.2570e-02,-0.0384375,-0.0001125
4.2580e-02,-0.045625,0.000177813
4.2590e-02,-0.030625,0.000637813
4.2600e-02,-0.040625,-0.00019875
4.2610e-02,-0.0420312,0.000550937
4.2620e-02,-0.044375,6.90625e-05
4.2630e-02,-0.0329688,0.0002825
4.2640e-02,-0.030625,0.000289688
4.2650e-02,-0.0442188,-0.000265625
4.2660e-02,-0.025625,0.000261563
4.2670e-02,-0.0448438,-3.125e-07
4.2680e-02,-0.0460938,-0.000195313
4.2690e-02,-0.035625,0.000148438
4.2700e-02,-0.04,-0.000239063
4.2710e-02,-0.050625,-0.000158438
4.2720e-02,-0.0448438,-0.0002125
4.2730e-02,-0.0346875,0.000425
4.2740e-02,-0.04,0.000412188
4.2750e-02,-0.039375,0.000531563
4.2760e-02,-0.0490625,6.25e-05
4.2770e-02,-0.0373438,0.0002575
4.2780e-02,-0.0373438,0.000446875
4.2790e-02,-0.0520313,-0.000239688
4.2800e-02,-0.0359375,-0.000109063
4.2810e-02,-0.0298438,-0.000465
4.2820e-02,-0.0459375,-0.000253125
4.2830e-02,-0.045625,-0.000105313
4.2840e-02,-0.0279688,-0.000167188
4.2850e-02,-0.0429688,1.625e-05
4.2860e-02,-0.0420312,0.000151875
4.2870e-02,-0.0384375,-8e-05
4.2880e-02,-0.0375,0.00028875
4.2890e-02,-0.0454688,-0.000660625
4.2900e-02,-0.0401563,0.000102813
4.2910e-02,-0.0526563,-0.00013375
4.2920e-02,-0.0401563,-0.000563438
4.2930e-02,-0.0485938,-0.0001825
4.2940e-02,-0.0492188,0.000294688
4.2950e-02,-0.038125,-0.00061
4.2960e-02,-0.035625,6.1875e-05
4.2970e-02,-0.0351562,0.00042125
4.2980e-02,-0.0354688,-0.000965625
4.2990e-02,-0.04,0.000377813
4.3000e-02,-0.0475,-0.0005275
4.3010e-02,-0.0396875,-0.000778125
4.3020e-02,-0.0401563,0.000173438
4.3030e-02,-0.0442188,-0.000185938
4.3040e-02,-0.0501562,-0.00041375
4.3050e-02,-0.0390625,0.000195
4.3060e-02,-0.04375,-0.000495625
4.3070e-02,-0.0478125,0.000205313
4.3080e-02,-0.0454688,-0.000812188
4.3090e-02,-0.0426562,-8.46875e-05
4.3100e-02,-0.0414063,0.000264375
4.3110e-02,-0.054375,-0.000697813
4.3120e-02,-0.0367188,-9.875e-05
4.3130e-02,-0.035625,0.00057875
4.3140e-02,-0.0414063,1.8125e-05
4.3150e-02,-0.0417187,-0.00022
4.3160e-02,-0.0464062,-0.000616563
4.3170e-02,-0.0375,-0.000431875
4.3180e-02,-0.0382813,0.0002
4.3190e-02,-0.0459375,-0.00039625
4.3200e-02,-0.0540625,-0.000201875
4.3210e-02,-0.0398437,0.00069625
4.3220e-02,-0.0515625,0.000415938
4.3230e-02,-0.0384375,0.000240625
4.3240e-02,-0.025,-0.000126875
4.3250e-02,-0.046875,-0.00014625
4.3260e-02,-0.0375,0.000229688
4.3270e-02,-0.0439063,-0.000804063
4.3280e-02,-0.0348437,0.000379375
4.3290e-02,-0.0421875,1.25e-05
4.3300e-02,-0.0484375,-0.000665313
4.3310e-02,-0.0401563,0.000441563
4.3320e-02,-0.0379688,-0.00109438
4.3330e-02,-0.0310937,-0.00054875
4.3340e-02,-0.0370313,0.000543438
4.3350e-02,-0.0504687,3.3125e-05
4.3360e-02,-0.0385937,0.00031375
4.3370e-02,-0.0460938,6.84375e-05
4.3380e-02,-0.0384375,-0.000320313
4.3390e-02,-0.04625,-0.000109063
4.3400e-02,-0.0470312,-0.000250313
4.3410e-02,-0.0415625,-0.00023
4.3420e-02,-0.0432813,0.000628438
4.3430e-02,-0.05,-8.75e-06
4.3440e-02,-0.0407813,-0.00033875
4.3450e-02,-0.0407813,0.000182188
4.3460e-02,-0.0351562,2.5625e-05
4.3470e-02,-0.049375,0.000156563
4.3480e-02,-0.0425,0.00030625
4.3490e-02,-0.046875,7.53125e-05
4.3500e-02,-0.0451563,0.000527813
4.3510e-02,-0.04,7.78125e-05
4.3520e-02,-0.0357813,-0.000186875
4.3530e-02,-0.029375,0.000275
4.3540e-02,-0.0367188,-0.000617813
4.3550e-02,-0.0425,0.00016875
4.3560e-02,-0.053125,0.000252188
4.3570e-02,-0.0489062,-4.5e-05
4.3580e-02,-0.0323438,6.875e-05
4.3590e-02,-0.0446875,5.96875e-05
4.3600e-02,-0.04125,8.8125e-05
4.3610e-02,-0.035,5.03125e-05
4.3620e-02,-0.0423437,-1.125e-05
4.3630e-02,-0.0445313,0.00019875
4.3640e-02,-0.026875,0.000169688
4.3650e-02,-0.0384375,-0.00055125
4.3660e-02,-0.0492188,0.0001525
4.3670e-02,-0.0348437,0.00020875
4.3680e-02,-0.0421875,0.000370625
4.3690e-02,-0.0295313,5.625e-05
4.3700e-02,-0.038125,1.1875e-05
4.3710e-02,-0.0423437,0.000159063
4.3720e-02,-0.0484375,-0.000625938
4.3730e-02,-0.0560937,0.000139688
4.3740e-02,-0.0390625,0.000289063
4.3750e-02,-0.0410937,0.000151875
4.3760e-02,-0.0425,-0.0002825
4.3770e-02,-0.0425,0.000500312
4.3780e-02,-0.0451563,-7.8125e-05
4.3790e-02,-0.0507812,9.90625e-05
4.3800e-02,-0.0517188,-0.000195938
4.3810e-02,-0.0357813,-2.90625e-05
4.3820e-02,-0.0365625,0.0002825
4.3830e-02,-0.050625,1.46875e-05
4.3840e-02,-0.0415625,-0.00023875
4.3850e-02,-0.0492188,8.84375e-05
4.3860e-02,-0.0434375,-0.000357813
4.3870e-02,-0.0475,-0.000182188
4.3880e-02,-0.0321875,0.000225938
4.3890e-02,-0.038125,0.000628438
4.3900e-02,-0.0309375,0.000720625
4.3910e-02,-0.0445313,0.000771563
4.3920e-02,-0.0298438,-0.000825625
4.3930e-02,-0.044375,-0.000405
4.3940e-02,-0.0395313,0.00028375
4.3950e-02,-0.04625,0.000692188
4.3960e-02,-0.0375,0.000255938
4.3970e-02,-0.0270312,-0.00084375
4.3980e-02,-0.04625,-0.000379375
4.3990e-02,-0.0370313,-0.000665625
4.4000e-02,-0.0545313,3.8125e-05
4.4010e-02,-0.0454688,0.00109156
4.4020e-02,-0.0304688,0.000628438
4.4030e-02,-0.0415625,0.000462188
4.4040e-02,-0.0389063,-0.000475313
4.4050e-02,-0.0445313,-0.000712813
4.4060e-02,-0.0346875,0.000284063
4.4070e-02,-0.0360938,0.000183438
4.4080e-02,-0.04,0.000789375
4.4090e-02,-0.0459375,0.00111656
4.4100e-02,-0.0404687,-0.00018875
4.4110e-02,-0.0379688,-0.00119156
4.4120e-02,-0.0429688,-0.00086
4.4130e-02,-0.0446875,1.75e-05
4.4140e-02,-0.0460938,0.00103969
4.4150e-02,-0.0460938,0.000870625
4.4160e-02,-0.0446875,-1.5625e-06
4.4170e-02,-0.038125,-0.00155219
4.4180e-02,-0.04125,-0.00202938
4.4190e-02,-0.040625,-0.000725625
4.4200e-02,-0.0409375,0.000909063
4.4210e-02,-0.0420312,0.00139375
4.4220e-02,-0.0476562,0.00052125
4.4230e-02,-0.050625,-0.00175281
4.4240e-02,-0.0445313,-0.00234281
4.4250e-02,-0.0354688,-0.00149906
4.4260e-02,-0.053125,-0.000136563
4.4270e-02,-0.0471875,0.00139406
4.4280e-02,-0.0435938,0.00164875
4.4290e-02,-0.0425,8.9375e-05
4.4300e-02,-0.0325,-0.00232344
4.4310e-02,-0.0245313,-0.00254406
4.4320e-02,-0.0314062,-0.00129625
4.4330e-02,-0.0348437,0.00113563
4.4340e-02,-0.0385937,0.00206
4.4350e-02,-0.0384375,0.00101969
4.4360e-02,-0.0357813,-0.0006225
4.4370e-02,-0.0325,-0.00308281
4.4380e-02,-0.0467188,-0.00236313
4.4390e-02,-0.0425,0.000304063
4.4400e-02,-0.0407813,0.00266906
4.4410e-02,-0.0517188,0.00309688
4.4420e-02,-0.0353125,0.00299844
4.4430e-02,-0.045,0.00310688
4.4440e-02,-0.04625,0.00315969
4.4450e-02,-0.0479688,0.0033275
4.4460e-02,-0.0495312,0.00277125
4.4470e-02,-0.0453125,0.00315313
4.4480e-02,-1.59156,0.00281656
4.4490e-02,-1.91563,-0.00224594
4.4500e-02,-1.51687,-0.00562344
4.4510e-02,-0.443594,-0.00686781
4.4520e-02,-0.664531,-0.00774969
4.4530e-02,0.094375,-0.00762375
4.4540e-02,0.1325,-0.00752875
4.4550e-02,0.101406,-0.00776563
4.4560e-02,0.0770312,-0.00759875
4.4570e-02,0.0823437,-0.00758375
4.4580e-02,0.056875,-0.00748656
4.4590e-02,0.0621875,-0.00754813
4.4600e-02,0.0314062,-0.00761375
4.4610e-02,0.0523437,-0.00756906
4.4620e-02,0.041875,-0.00743875
4.4630e-02,0.0610938,-0.00729156
4.4640e-02,0.0426562,-0.00756594
4.4650e-02,0.043125,-0.00738688
4.4660e-02,0.0284375,-0.0075425
4.4670e-02,0.0320312,-0.00742219
4.4680e-02,0.0332812,-0.00737531
4.4690e-02,0.014375,-0.00746188
4.4700e-02,0.0207812,-0.00754125
4.4710e-02,0.0221875,-0.00755688
4.4720e-02,0.0153125,-0.00744969
4.4730e-02,0.0140625,-0.00747438
4.4740e-02,0.0059375,-0.00377438
4.4750e-02,0.00796875,-0.000815938
4.4760e-02,0.020625,0.000488125
4.4770e-02,0.0239063,-0.000364688
4.4780e-02,0.0117188,-0.00235188
4.4790e-02,0.0265625,-0.00180438
4.4800e-02,0.0234375,-0.000854063
4.4810e-02,0.00609375,0.00115969
4.4820e-02,0.0028125,0.00164375
4.4830e-02,-0.0009375,0.000909375
4.4840e-02,0.0028125,-0.000308125
4.4850e-02,-0.00125,-0.001145
4.4860e-02,0.00875,-0.00103688
4.4870e-02,0.010625,0.0004475
4.4880e-02,-0.0003125,0.00110125
4.4890e-02,0.0123437,0.00172469
4.4900e-02,0.0107812,0.000224375
4.4910e-02,0.01,-0.000902188
4.4920e-02,0.00234375,-0.00051375
4.4930e-02,0.010625,-0.00054125
4.4940e-02,-0.0025,0.00110844
4.4950e-02,0.005625,0.00128969
4.4960e-02,-0.0003125,-3.4375e-06
4.4970e-02,-0.00859375,-0.00142313
4.4980e-02,-0.0171875,-0.000760938
4.4990e-02,-0.003125,-0.000934688
4.5000e-02,-0.0009375,0.000571563
4.5010e-02,-0.001875,0.000369063
4.5020e-02,-0.00171875,0.0002275
4.5030e-02,-0.0021875,-0.000502188
4.5040e-02,-0.0015625,-0.00141063
4.5050e-02,-0.00390625,-0.000827188
4.5060e-02,0.00140625,0.000269063
4.5070e-02,0.00171875,0.000240938
4.5080e-02,0.00078125,8.65625e-05
4.5090e-02,-0.00359375,-0.000474688
4.5100e-02,0.0015625,-0.0005975
4.5110e-02,-0.00546875,-0.000398125
4.5120e-02,-0.004375,-0.000484688
4.5130e-02,-0.0078125,-4e-05
4.5140e-02,-0.0192187,-0.00027625
4.5150e-02,-0.0003125,-0.000155
4.5160e-02,-0.0123438,0.000230625
4.5170e-02,-0.00421875,-0.000177188
4.5180e-02,-0.0103125,-0.000790313
4.5190e-02,-0.006875,9.875e-05
4.5200e-02,-0.00890625,0.000316875
4.5210e-02,-0.0015625,0.000624688
4.5220e-02,-0.0170313,0.0002375
4.5230e-02,-0.0134375,2.65625e-05
4.5240e-02,-0.0132813,5.6875e-05
4.5250e-02,0.00421875,-0.00042
4.5260e-02,-0.0128125,-0.000363125
4.5270e-02,-0.0140625,0.000621563
4.5280e-02,-0.00140625,-0.000383438
4.5290e-02,-0.006875,-0.000305313
4.5300e-02,-0.00671875,-0.000424688
4.5310e-02,-0.0196875,-0.000439063
4.5320e-02,-0.015,0.000507813
4.5330e-02,-0.0170313,0.000670625
4.5340e-02,-0.0160938,0.000295938
4.5350e-02,-0.0140625,0.000442813
4.5360e-02,-0.0170313,-0.000114688
4.5370e-02,-0.00828125,-0.000545313
4.5380e-02,-0.0134375,-0.000459063
4.5390e-02,-0.013125,-0.0004125
4.5400e-02,-0.0164063,-0.0002
4.5410e-02,-0.023125,-1.65625e-05
4.5420e-02,-0.021875,-0.000101875
4.5430e-02,-0.0140625,2.96875e-05
4.5440e-02,-0.0142188,8e-05
4.5450e-02,-0.0145312,-1.71875e-05
4.5460e-02,-0.0154687,0.000414375
4.5470e-02,-0.0084375,-4.03125e-05
4.5480e-02,-0.0290625,0.0007825
4.5490e-02,-0.0171875,0.000237813
4.5500e-02,-0.0207813,-0.000316875
4.5510e-02,-0.0096875,0.00046
4.5520e-02,-0.008125,7.6875e-05
4.5530e-02,-0.0223437,-5.34375e-05
4.5540e-02,-0.0148437,-0.000560625
4.5550e-02,-0.0101563,-0.000594063
4.5560e-02,-0.0159375,-0.000114688
4.5570e-02,-0.0173438,0.000359375
4.5580e-02,-0.0134375,0.000318125
4.5590e-02,-0.00921875,0.000426875
4.5600e-02,-0.00859375,-0.000338438
4.5610e-02,-0.010625,7.53125e-05
4.5620e-02,-0.0165625,0.000176563
4.5630e-02,-0.0139063,-0.000582188
4.5640e-02,-0.00859375,3.28125e-05
4.5650e-02,-0.0103125,-4.375e-06
4.5660e-02,-0.018125,-0.000341875
4.5670e-02,-0.0215625,0.000240313
4.5680e-02,-0.0101563,-0.000127813
4.5690e-02,-0.0154687,-0.000702188
4.5700e-02,-0.0195312,-0.000990938
4.5710e-02,-0.0134375,-0.00109031
4.5720e-02,-0.0185937,-0.000365
4.5730e-02,-0.0196875,-0.000635625
4.5740e-02,-0.0232812,0.000151875
4.5750e-02,-0.0229687,0.00073125
4.5760e-02,-0.018125,9.0625e-06
4.5770e-02,-0.0217188,-0.000403125
4.5780e-02,-0.0157813,-0.000184375
4.5790e-02,-0.0128125,-3.75e-05
4.5800e-02,-0.0101563,-0.000180313
4.5810e-02,-0.0248438,-0.000285
4.5820e-02,-0.015625,0.000727188
4.5830e-02,-0.0120313,0.000243125
4.5840e-02,-0.0221875,-0.000351875
4.5850e-02,-0.0214063,-0.000161875
4.5860e-02,-0.0232812,0.000100313
4.5870e-02,-0.020625,2.0625e-05
4.5880e-02,-0.018125,0.0005475
4.5890e-02,-0.0182812,2.5e-05
4.5900e-02,-0.0229687,-0.000227188
4.5910e-02,-0.0245313,-0.00062875
4.5920e-02,-0.0198438,0.00019625
4.5930e-02,-0.0154687,0.00079125
4.5940e-02,-0.0217188,0.000134688
4.5950e-02,-0.0364063,-0.00039
4.5960e-02,-0.0220313,0.000533438
4.5970e-02,-0.0189062,-0.000725938
4.5980e-02,-0.01875,-0.000172813
4.5990e-02,-0.0040625,0.000145625
4.6000e-02,-0.0132813,0.000288438
4.6010e-02,-0.0245313,0.000186875
4.6020e-02,-0.0196875,0.000266875
4.6030e-02,-0.0271875,-0.000854688
4.6040e-02,-0.0167188,-6.03125e-05
4.6050e-02,-0.0378125,8.78125e-05
4.6060e-02,-0.0126563,0.000409375
4.6070e-02,-0.0253125,0.000888438
4.6080e-02,-0.01875,-0.000460625
4.6090e-02,-0.0267187,-0.000137813
4.6100e-02,-0.0117188,3.75e-06
4.6110e-02,-0.0210938,0.000282813
4.6120e-02,-0.024375,-9.8125e-05
4.6130e-02,-0.02,-0.000786563
4.6140e-02,-0.00703125,-0.00062125
4.6150e-02,-0.02875,-0.000249063
4.6160e-02,-0.0160938,-3.75e-05
4.6170e-02,-0.0259375,-0.000320938
4.6180e-02,-0.0265625,-0.000179688
4.6190e-02,-0.035,-0.000156875
4.6200e-02,-0.020625,-0.00031375
4.6210e-02,-0.0282813,-0.0003725
4.6220e-02,-0.00703125,-0.000509688
4.6230e-02,-0.0134375,0.000255313
4.6240e-02,-0.023125,-0.000220938
4.6250e-02,-0.030625,0.000172188
4.6260e-02,-0.0296875,-5.6875e-05
4.6270e-02,-0.0359375,-0.000273125
4.6280e-02,-0.0201563,0.000614687
4.6290e-02,-0.028125,-0.00029125
4.6300e-02,-0.0270312,0.000213438
4.6310e-02,-0.0154687,-2.4375e-05
4.6320e-02,-0.0167188,-0.00016625
4.6330e-02,-0.0321875,-0.00062375
4.6340e-02,-0.0295313,-0.000372188
4.6350e-02,-0.0295313,-0.000279688
4.6360e-02,-0.0214063,0.00020625
4.6370e-02,-0.0267187,-0.000905
4.6380e-02,-0.0179687,-2.8125e-06
4.6390e-02,-0.0279688,0.000272812
4.6400e-02,-0.0335937,-0.00024625
4.6410e-02,-0.018125,-0.000269688
4.6420e-02,-0.0257812,-0.000672813
4.6430e-02,-0.0173438,7.78125e-05
4.6440e-02,-0.0279688,-6.53125e-05
4.6450e-02,-0.0296875,0.00026
4.6460e-02,-0.0328125,0.000161875
4.6470e-02,-0.025625,-0.000282188
4.6480e-02,-0.028125,-0.000185313
4.6490e-02,-0.0145312,0.000458125
4.6500e-02,-0.0246875,0.000229063
4.6510e-02,-0.0232812,-0.000340625
4.6520e-02,-0.0315625,0.000464688
4.6530e-02,-0.02125,0.000383125
4.6540e-02,-0.0267187,-6.71875e-05
4.6550e-02,-0.0357813,0.000188125
4.6560e-02,-0.0215625,5e-06
4.6570e-02,-0.0221875,0.00060625
4.6580e-02,-0.0245313,0.000457188
4.6590e-02,-0.0176563,0.0003625
4.6600e-02,-0.0298438,9.625e-05
4.6610e-02,-0.0278125,0.000218438
4.6620e-02,-0.035,0.000217188
4.6630e-02,-0.0259375,0.00057125
4.6640e-02,-0.0228125,-0.000173125
4.6650e-02,-0.0270312,0.000200625
4.6660e-02,-0.0185937,6.75e-05
4.6670e-02,-0.0232812,-2.375e-05
4.6680e-02,-0.02125,0.000101563
4.6690e-02,-0.0390625,-0.000573125
4.6700e-02,-0.0329688,4.6875e-05
4.6710e-02,-0.0290625,0.000169063
4.6720e-02,-0.0325,-0.000403125
4.6730e-02,-0.0210938,1.9375e-05
4.6740e-02,-0.0253125,-0.000490313
4.6750e-02,-0.0295313,-0.000175
4.6760e-02,-0.0267187,0.00010875
4.6770e-02,-0.020625,7.0625e-05
4.6780e-02,-0.026875,1.65625e-05
4.6790e-02,-0.0234375,-0.000326563
4.6800e-02,-0.0140625,-0.000404375
4.6810e-02,-0.0334375,-3.875e-05
4.6820e-02,-0.04,-2.21875e-05
4.6830e-02,-0.0248438,-0.000314375
4.6840e-02,-0.0435938,0.000333438
4.6850e-02,-0.030625,6.46875e-05
4.6860e-02,-0.0301563,0.000572813
4.6870e-02,-0.0259375,-0.0002075
4.6880e-02,-0.0346875,-0.000169063
4.6890e-02,-0.0365625,-0.000339063
4.6900e-02,-0.0292188,0.000127188
4.6910e-02,-0.0325,-0.000561562
4.6920e-02,-0.03625,0.000619688
4.6930e-02,-0.0314062,-0.000142813
4.6940e-02,-0.028125,-0.000240625
4.6950e-02,-0.0364063,-0.000114375
4.6960e-02,-0.03625,-0.000716563
4.6970e-02,-0.0164063,-0.000417813
4.6980e-02,-0.0346875,0.000340938
4.6990e-02,-0.0232812,-0.0004125
4.7000e-02,-0.0284375,-0.000705625
4.7010e-02,-0.0325,-0.000357188
4.7020e-02,-0.0382813,0.00023625
4.7030e-02,-0.0267187,0.000145
4.7040e-02,-0.0201563,0.0001
4.7050e-02,-0.0279688,0.00072
4.7060e-02,-0.0276563,0.000554688
4.7070e-02,-0.0279688,-0.000675938
4.7080e-02,-0.0396875,-0.000383438
4.7090e-02,-0.0414063,0.000288438
4.7100e-02,-0.0301563,0.000595625
4.7110e-02,-0.0260937,0.00013625
4.7120e-02,-0.0257812,0.000266563
4.7130e-02,-0.0453125,0.000325625
4.7140e-02,-0.048125,-0.000234375
4.7150e-02,-0.0273438,-0.000441875
4.7160e-02,-0.0314062,0.000615938
4.7170e-02,-0.0257812,-0.000244375
4.7180e-02,-0.0332812,-0.000129062
4.7190e-02,-0.035625,-0.000598125
4.7200e-02,-0.0351562,-0.000861563
4.7210e-02,-0.0329688,6.25e-07
4.7220e-02,-0.0335937,0.00046875
4.7230e-02,-0.03375,0.000596875
4.7240e-02,-0.0275,0.00033
4.7250e-02,-0.0264062,-0.000450938
4.7260e-02,-0.035,-0.000974688
4.7270e-02,-0.0304688,-0.000280625
4.7280e-02,-0.0234375,4.84375e-05
4.7290e-02,-0.0260937,-3.4375e-06
4.7300e-02,-0.0342187,0.000138438
4.7310e-02,-0.0225,-2.46875e-05
4.7320e-02,-0.0421875,0.0002675
4.7330e-02,-0.0342187,-0.000816875
4.7340e-02,-0.0271875,-0.000531563
4.7350e-02,-0.0360938,0.000373438
4.7360e-02,-0.0228125,0.000527188
4.7370e-02,-0.035625,0.00044875
4.7380e-02,-0.0245313,0.000127188
4.7390e-02,-0.0310937,0.000283437
4.7400e-02,-0.02875,0.000333125
4.7410e-02,-0.03125,0.00041
4.7420e-02,-0.0367188,0.000449375
4.7430e-02,-0.0265625,0.000328438
4.7440e-02,-0.024375,0.000106563
4.7450e-02,-0.0307813,0.00022375
4.7460e-02,-0.0334375,-0.000197188
4.7470e-02,-0.0289063,-0.000535313
4.7480e-02,-0.0271875,0.00044375
4.7490e-02,-0.035,-3.125e-07
4.7500e-02,-0.0434375,0.000472813
4.7510e-02,-0.0389063,0.000834375
4.7520e-02,-0.0259375,7.78125e-05
4.7530e-02,-0.030625,0.0001925
4.7540e-02,-0.0253125,-0.000156875
4.7550e-02,-0.0314062,0.000571563
4.7560e-02,-0.0232812,0.000324688
4.7570e-02,-0.0326562,0.000276875
4.7580e-02,-0.0301563,-0.000181875
4.7590e-02,-0.0329688,-0.000458438
4.7600e-02,-0.0364063,-0.000396563
4.7610e-02,-0.0354688,-0.0007825
4.7620e-02,-0.0420312,0.000350625
4.7630e-02,-0.0267187,0.000127188
4.7640e-02,-0.0332812,0.000543125
4.7650e-02,-0.0426562,-0.0001575
4.7660e-02,-0.0309375,-0.000115938
4.7670e-02,-0.0328125,-0.000682188
4.7680e-02,-0.0425,-0.00101656
4.7690e-02,-0.038125,0.000160938
4.7700e-02,-0.0285938,0.000305625
4.7710e-02,-0.0345312,-0.00013125
4.7720e-02,-0.03375,0.000416875
4.7730e-02,-0.029375,-0.000393438
4.7740e-02,-0.0342187,-9.6875e-05
4.7750e-02,-0.0357813,-0.000181875
4.7760e-02,-0.0314062,0.000100625
4.7770e-02,-0.0220313,0.000883125
4.7780e-02,-0.03125,0.0003625
4.7790e-02,-0.0428125,-0.000153125
4.7800e-02,-0.0284375,-0.00085125
4.7810e-02,-0.0365625,-0.000552813
4.7820e-02,-0.0379688,0.000495625
4.7830e-02,-0.036875,0.000871563
4.7840e-02,-0.0403125,0.000465313
4.7850e-02,-0.0328125,8.96875e-05
4.7860e-02,-0.0348437,-0.00074125
4.7870e-02,-0.0404687,-0.000761875
4.7880e-02,-0.0439063,2.28125e-05
4.7890e-02,-0.0264062,0.0008325
4.7900e-02,-0.0401563,0.000769375
4.7910e-02,-0.044375,0.00012125
4.7920e-02,-0.043125,-0.000850625
4.7930e-02,-0.0451563,-0.000713438
4.7940e-02,-0.0320312,-0.00101281
4.7950e-02,-0.029375,0.000169063
4.7960e-02,-0.0346875,0.00138219
4.7970e-02,-0.025625,0.000564375
4.7980e-02,-0.0315625,-3.96875e-05
4.7990e-02,-0.046875,-0.000645313
4.8000e-02,-0.0376563,-0.00103781
4.8010e-02,-0.038125,0.000152188
4.8020e-02,-0.0304688,0.00136031
4.8030e-02,-0.0364063,0.001685
4.8040e-02,-0.0309375,0.00093375
4.8050e-02,-0.0382813,-0.000150625
4.8060e-02,-0.0326562,-0.00113938
4.8070e-02,-0.044375,-0.000801875
4.8080e-02,-0.0407813,9.0625e-06
4.8090e-02,-0.0351562,0.00163438
4.8100e-02,-0.0359375,0.000965625
4.8110e-02,-0.0342187,0.000344375
4.8120e-02,-0.0451563,-0.00151656
4.8130e-02,-0.0317188,-0.002055
4.8140e-02,-0.0379688,-0.00034375
4.8150e-02,-0.029375,0.001215
4.8160e-02,-0.0304688,0.00194469
4.8170e-02,-0.0282813,0.000511563
4.8180e-02,-0.035625,-0.00197188
4.8190e-02,-0.0296875,-0.00181906
4.8200e-02,-0.0296875,-0.00156031
4.8210e-02,-0.0378125,0.000305938
4.8220e-02,-0.0353125,0.0016275
4.8230e-02,-0.0342187,0.00114188
4.8240e-02,-0.0364063,-0.000860313
4.8250e-02,-0.0429688,-0.00235719
4.8260e-02,-0.0335937,-0.00241313
4.8270e-02,-0.0359375,0.000455
4.8280e-02,-0.0346875,0.00236469
4.8290e-02,-0.0421875,0.00298938
4.8300e-02,-0.0259375,0.00057625
4.8310e-02,-0.0385937,-0.00208531
4.8320e-02,-0.0404687,-0.00365406
4.8330e-02,-0.0448438,-0.00163906
4.8340e-02,-0.036875,0.00155719
4.8350e-02,-0.0396875,0.00343438
4.8360e-02,-0.0467188,0.00182938
4.8370e-02,-0.0303125,-0.0016625
4.8380e-02,-0.0390625,-0.00411
4.8390e-02,-0.0407813,-0.00382
4.8400e-02,-0.0329688,-0.000357188
4.8410e-02,-0.0246875,0.0032675
4.8420e-02,-0.0395313,0.00368844
4.8430e-02,-0.0315625,0.00172375
4.8440e-02,-0.0464062,-0.0020225
4.8450e-02,-0.029375,-0.00467563
4.8460e-02,-0.0379688,-0.00253844
4.8470e-02,-0.0310937,0.00164688
4.8480e-02,-0.0370313,0.00443437
4.8490e-02,-0.0429688,0.00406375
4.8500e-02,-0.0220313,-0.000291563
4.8510e-02,-0.029375,-0.00359156
4.8520e-02,-0.0292188,-0.00435313
4.8530e-02,-0.045625,-0.000911563
4.8540e-02,-0.0325,0.003785
4.8550e-02,-0.0276563,0.00486469
4.8560e-02,-0.0332812,0.00287781
4.8570e-02,-0.0409375,-0.00154344
4.8580e-02,-0.0370313,-0.00450313
4.8590e-02,-0.0420312,-0.00305344
4.8600e-02,-0.0323438,7.03125e-05
4.8610e-02,-0.0373438,0.00349938
4.8620e-02,-0.0353125,0.00351563
4.8630e-02,-0.0279688,0.000313438
4.8640e-02,-0.0339062,-0.00240281
4.8650e-02,-0.0484375,-0.00384719
4.8660e-02,-0.0371875,-0.00167625
4.8670e-02,-0.0282813,0.0013475
4.8680e-02,-0.0423437,0.00347125
4.8690e-02,-0.0353125,0.00216906
4.8700e-02,-0.0389063,-0.000312813
4.8710e-02,-0.0390625,-0.0029325
4.8720e-02,-0.0365625,-0.00196313
4.8730e-02,-0.0264062,-0.000141563
4.8740e-02,-0.031875,0.00162188
4.8750e-02,-0.0434375,0.00223313
4.8760e-02,-0.0370313,0.000519062
4.8770e-02,-0.03875,-0.00193375
4.8780e-02,-0.0309375,-0.00202031
4.8790e-02,-0.034375,-0.000895625
4.8800e-02,-0.0448438,0.000755625
4.8810e-02,-0.05625,0.00198188
4.8820e-02,-0.0478125,0.00117344
4.8830e-02,-0.0401563,-0.000485
4.8840e-02,-0.0517188,-0.00179688
4.8850e-02,-0.0385937,-0.00114406
4.8860e-02,-0.039375,0.000526563
4.8870e-02,-0.045625,0.00148813
4.8880e-02,-0.043125,0.00123125
4.8890e-02,-0.0328125,-0.000420625
4.8900e-02,-0.03375,-0.00132031
4.8910e-02,-0.0395313,-0.00110875
4.8920e-02,-0.0354688,0.000369688
4.8930e-02,-0.0348437,0.00199938
4.8940e-02,-0.05375,0.0019125
4.8950e-02,-0.04,0.000689688
4.8960e-02,-0.0435938,-0.000836875
4.8970e-02,-0.0492188,-0.00190375
4.8980e-02,-0.039375,-0.00120344
4.8990e-02,-0.048125,-0.000165313
4.9000e-02,-0.0332812,0.0006175
4.9010e-02,-0.0345312,-6.84375e-05
4.9020e-02,-0.0384375,0.00015375
4.9030e-02,-0.0396875,-0.00113219
4.9040e-02,-0.0442188,-0.00137281
4.9050e-02,-0.0378125,-0.000395
4.9060e-02,-0.0328125,0.000630938
4.9070e-02,-0.0392187,0.00105219
4.9080e-02,-0.0428125,0.00054875
4.9090e-02,-0.0417187,-0.000490313
4.9100e-02,-0.0454688,-0.00063
4.9110e-02,-0.0303125,-0.000910938
4.9120e-02,-0.04,0.000349063
4.9130e-02,-0.0551563,0.000931875
4.9140e-02,-0.0446875,0.000220625
4.9150e-02,-0.0428125,-0.000201563
4.9160e-02,-0.0417187,-0.000603125
4.9170e-02,-0.0423437,-0.000874688
4.9180e-02,-0.0465625,0.000392188
4.9190e-02,-0.0345312,0.000450625
4.9200e-02,-0.0378125,0.000438125
4.9210e-02,-0.0370313,-2.25e-05
4.9220e-02,-0.026875,-0.000449063
4.9230e-02,-0.0354688,-0.000329063
4.9240e-02,-0.0371875,-0.000789063
4.9250e-02,-0.0390625,0.000143125
4.9260e-02,-0.0329688,0.000576563
4.9270e-02,-0.0392187,-0.000149063
4.9280e-02,-0.0373438,-7.40625e-05
4.9290e-02,-0.0323438,-0.000909375
4.9300e-02,-0.03375,-0.000944063
4.9310e-02,-0.0375,-0.0004275
4.9320e-02,-0.0289063,-0.000349375
4.9330e-02,-0.0442188,-0.0003425
4.9340e-02,-0.0476562,0.0001175
4.9350e-02,-0.0514063,-0.000955
4.9360e-02,-0.0498438,-9.9375e-05
4.9370e-02,-0.048125,-0.0006775
4.9380e-02,-0.0428125,-0.000253125
4.9390e-02,-0.0307813,0.000679375
4.9400e-02,-0.0385937,0.000130313
4.9410e-02,-0.0421875,-0.0001525
4.9420e-02,-0.0301563,-0.00020375
4.9430e-02,-0.0303125,-0.000784375
4.9440e-02,-0.0389063,-0.000484375
4.9450e-02,-0.0421875,0.000589063
4.9460e-02,-0.0420312,6.875e-05
4.9470e-02,-0.05,0.000457188
4.9480e-02,-0.0376563,2.8125e-06
4.9490e-02,-0.0348437,-0.000184688
4.9500e-02,-0.0554687,-6.78125e-05
4.9510e-02,-0.0471875,-0.000570313
4.9520e-02,-0.043125,6.8125e-05
4.9530e-02,-0.0371875,0.000374688
4.9540e-02,-0.0417187,-0.000169688
4.9550e-02,-0.0304688,0.000151563
4.9560e-02,-0.0378125,-0.000474688
4.9570e-02,-0.0357813,-0.000869063
4.9580e-02,-0.0315625,-0.000659063
4.9590e-02,-0.0382813,-9e-05
4.9600e-02,-0.0429688,0.000180938
4.9610e-02,-0.0357813,3.21875e-05
4.9620e-02,-0.0340625,-0.000316563
4.9630e-02,-0.0401563,-0.000171875
4.9640e-02,-0.04375,-0.000234063
4.9650e-02,-0.0351562,-0.000153125
4.9660e-02,-0.04125,7e-05
4.9670e-02,-0.05,0.000484375
4.9680e-02,-0.0360938,0.000470625
4.9690e-02,-0.0390625,-0.000400938
4.9700e-02,-0.0301563,-0.000633125
4.9710e-02,-0.0445313,-0.000163438
4.9720e-02,-0.0392187,0.000248438
4.9730e-02,-0.0435938,0.000256875
4.9740e-02,-0.0360938,3.71875e-05
4.9750e-02,-0.0403125,-0.00054875
4.9760e-02,-0.0425,-0.000765313
4.9770e-02,-0.051875,-0.000651875
4.9780e-02,-0.0448438,-8.6875e-05
4.9790e-02,-0.0284375,0.000105313
4.9800e-02,-0.0207813,9.3125e-05
4.9810e-02,-0.0392187,-0.00021875
4.9820e-02,-0.0421875,8.4375e-05
4.9830e-02,-0.0435938,-0.000234688
4.9840e-02,-0.035625,-2.21875e-05
4.9850e-02,-0.0440625,0.000189375
4.9860e-02,-0.0371875,-5.875e-05
4.9870e-02,-0.0353125,0.000564688
4.9880e-02,-0.0392187,-0.000369063
4.9890e-02,-0.0478125,0.000334063
4.9900e-02,-0.0375,-0.000238125
4.9910e-02,-0.0410937,-0.000320625
4.9920e-02,-0.0295313,-2.75e-05
4.9930e-02,-0.0525,0.00012625
4.9940e-02,-0.0270312,0.000131563
4.9950e-02,-0.0407813,-0.000126875
4.9960e-02,-0.0470312,-0.00027875
4.9970e-02,-0.049375,-0.000691875
4.9980e-02,-0.033125,0.000209063
4.9990e-02,-0.0365625,0.00030125
5.0000e-02,-0.0351562,0.000438438
5.0010e-02,-0.0379688,0.0004675
5.0020e-02,-0.0342187,-0.000109375
5.0030e-02,-0.0414063,-3.375e-05
5.0040e-02,-0.0457813,-0.000414063
5.0050e-02,-0.0439063,5.3125e-05
5.0060e-02,-0.0420312,5e-06
5.0070e-02,-0.03,-0.00024
5.0080e-02,-0.0335937,-0.000224688
5.0090e-02,-0.04125,-0.00023125
5.0100e-02,-0.045,-0.000851563
5.0110e-02,-0.0434375,-0.000121563
5.0120e-02,-0.0492188,-0.000106875
5.0130e-02,-0.0359375,0.000332813
5.0140e-02,-0.0359375,0.00077375
5.0150e-02,-0.0467188,0.000151875
5.0160e-02,-0.0339062,0.0005825
5.0170e-02,-0.0332812,6.53125e-05
5.0180e-02,-0.0432813,-0.000175313
5.0190e-02,-0.040625,0.000529375
5.0200e-02,-0.0417187,-0.000163438
5.0210e-02,-0.0382813,-0.000476563
5.0220e-02,-0.0440625,-0.000119063
5.0230e-02,-0.0470312,-0.00021875
5.0240e-02,-0.0451563,0.00049
5.0250e-02,-0.0375,0.000125625
5.0260e-02,-0.0360938,0.000212813
5.0270e-02,-0.0420312,-0.000204063
5.0280e-02,-0.0545313,0.0002025
5.0290e-02,-0.030625,-0.000244063
5.0300e-02,-0.0326562,0.000410938
5.0310e-02,-0.0382813,-0.000154688
5.0320e-02,-0.0284375,1.25e-05
5.0330e-02,-0.0407813,-0.00053375
5.0340e-02,-0.0375,-0.000145625
5.0350e-02,-0.043125,-1.9375e-05
5.0360e-02,-0.029375,-0.000284375
5.0370e-02,-0.0357813,0.000320313
5.0380e-02,-0.03375,0.000320625
5.0390e-02,-0.045625,-0.000280313
5.0400e-02,-0.054375,0.0003925
5.0410e-02,-0.0482812,0.000389688
5.0420e-02,-0.0503125,-0.000150938
5.0430e-02,-0.0453125,0.000136563
5.0440e-02,-0.0440625,6.65625e-05
5.0450e-02,-0.0365625,-4.78125e-05
5.0460e-02,-0.0359375,0.000128437
5.0470e-02,-0.0335937,7.625e-05
5.0480e-02,-0.0409375,-0.000478125
5.0490e-02,-0.0385937,-0.000219688
5.0500e-02,-0.0404687,-0.000445938
5.0510e-02,-0.0470312,0.000151563
5.0520e-02,-0.0453125,0.000378438
5.0530e-02,-0.0314062,-8.90625e-05
5.0540e-02,-0.040625,-0.000624063
5.0550e-02,-0.038125,-9.4375e-05
5.0560e-02,-0.0514063,0.000934063
5.0570e-02,-0.0445313,-4.65625e-05
5.0580e-02,-0.0376563,-7.5e-06
5.0590e-02,-0.0379688,0.000785625
5.0600e-02,-0.039375,0.000285625
5.0610e-02,-0.0439063,6.28125e-05
5.0620e-02,-0.0460938,-0.000160625
5.0630e-02,-0.0351562,-0.00038625
5.0640e-02,-0.0410937,0.000195313
5.0650e-02,-0.0282813,-2.3125e-05
5.0660e-02,-0.035625,0.00016
5.0670e-02,-0.0415625,0.000281875
5.0680e-02,-0.041875,-0.000207813
5.0690e-02,-0.0510938,0.000364375
5.0700e-02,-0.0475,0.000393438
5.0710e-02,-0.0476562,3.125e-06
5.0720e-02,-0.0415625,0.00057125
5.0730e-02,-0.0453125,-0.000132813
5.0740e-02,-0.029375,3.40625e-05
5.0750e-02,-0.0401563,-0.000477188
5.0760e-02,-0.0475,-0.000545625
5.0770e-02,-0.0310937,-0.000279063
5.0780e-02,-0.0407813,-7.03125e-05
5.0790e-02,-0.0379688,-0.000748438
5.0800e-02,-0.0301563,-0.000139688
5.0810e-02,-0.0498438,-0.00054625
5.0820e-02,-0.0420312,-0.000123125
5.0830e-02,-0.0379688,0.000360313
5.0840e-02,-0.0354688,-9.1875e-05
5.0850e-02,-0.0385937,-0.0002725
5.0860e-02,-0.0460938,-0.000200313
5.0870e-02,-0.0478125,5e-05
5.0880e-02,-0.0357813,0.000439063
5.0890e-02,-0.0617188,0.000940938
5.0900e-02,-0.0429688,-0.000420313
5.0910e-02,-0.035,0.000600938
5.0920e-02,-0.0326562,0.00020125
5.0930e-02,-0.0478125,0.000423125
5.0940e-02,-0.0425,1.625e-05
5.0950e-02,-0.03625,-3.125e-06
5.0960e-02,-0.0401563,-0.000143125
5.0970e-02,-0.03625,5.46875e-05
5.0980e-02,-0.0514063,-0.00077
5.0990e-02,-0.0442188,0.000391563
5.1000e-02,-0.0404687,-6.90625e-05
5.1010e-02,-0.0407813,0.000625313
5.1020e-02,-0.0429688,0.000567188
5.1030e-02,-0.0453125,0.000294375
5.1040e-02,-0.0425,0.000695938
5.1050e-02,-0.026875,0.0004125
5.1060e-02,-0.0504687,0.000167188
5.1070e-02,-0.0385937,0.000223125
5.1080e-02,-0.044375,0.000139375
5.1090e-02,-0.031875,0.000639688
5.1100e-02,-0.0559375,8.25e-05
5.1110e-02,-0.0454688,0.0003925
5.1120e-02,-0.0398437,0.000460625
5.1130e-02,-0.0265625,-0.000351563
5.1140e-02,-0.0378125,7.21875e-05
5.1150e-02,-0.0440625,-0.000264063
5.1160e-02,-0.0529687,-0.000144688
5.1170e-02,-0.0396875,-0.000605
5.1180e-02,-0.0345312,5.78125e-05
5.1190e-02,-0.0360938,-0.000551563
5.1200e-02,-0.0390625,5.4375e-05
5.1210e-02,-0.0375,0.00042375
5.1220e-02,-0.0378125,0.0006225
5.1230e-02,-0.0292188,0.000290625
5.1240e-02,-0.0367188,7.75e-05
5.1250e-02,-0.03625,0.000132188
5.1260e-02,-0.0420312,-9.6875e-06
5.1270e-02,-0.0432813,-0.000149687
5.1280e-02,-0.0340625,0.00013875
5.1290e-02,-0.0414063,4.6875e-05
5.1300e-02,-0.0435938,-0.000195313
5.1310e-02,-0.0346875,-0.000323125
5.1320e-02,-0.0457813,-8.21875e-05
5.1330e-02,-0.0434375,-0.000514375
5.1340e-02,-0.0507812,5.59375e-05
5.1350e-02,-0.0414063,0.0002
5.1360e-02,-0.0417187,0.000545313
5.1370e-02,-0.0371875,6.1875e-05
5.1380e-02,-0.0451563,-0.000601563
5.1390e-02,-0.04375,0.000273438
5.1400e-02,-0.04625,3.28125e-05
5.1410e-02,-0.0398437,-0.000327188
5.1420e-02,-0.0478125,0.000999688
5.1430e-02,-0.0371875,0.000644375
5.1440e-02,-0.0426562,0.000276875
5.1450e-02,-0.0345312,-0.000298125
5.1460e-02,-0.03625,-0.000634688
5.1470e-02,-0.0285938,0.000340625
5.1480e-02,-0.04375,0.000314375
5.1490e-02,-0.0415625,0.000575
5.1500e-02,-0.0364063,-0.00018625
5.1510e-02,-0.0525,-0.00020875
5.1520e-02,-0.0321875,0.000331563
5.1530e-02,-0.0442188,0.000142188
5.1540e-02,-0.0470312,-0.000205
5.1550e-02,-0.0476562,0.00040625
5.1560e-02,-0.0426562,9.65625e-05
5.1570e-02,-0.04125,-0.000316875
5.1580e-02,-0.04,0.000430938
5.1590e-02,-0.0446875,-3.4375e-05
5.1600e-02,-0.0253125,-5.96875e-05
5.1610e-02,-0.0378125,0.00079
5.1620e-02,-0.0417187,0.000538125
5.1630e-02,-0.035,0.000406563
5.1640e-02,-0.03625,-0.000129688
5.1650e-02,-0.0471875,-0.000361875
5.1660e-02,-0.0515625,0.000174688
5.1670e-02,-0.0392187,-0.00028
5.1680e-02,-0.04375,-0.000322813
5.1690e-02,-0.0354688,-0.00012125
5.1700e-02,-0.0476562,-0.000218438
5.1710e-02,-0.0282813,-0.000480313
5.1720e-02,-0.043125,-6.90625e-05
5.1730e-02,-0.041875,-0.000506875
5.1740e-02,-0.0323438,0.000460625
5.1750e-02,-0.0426562,0.000754375
5.1760e-02,-0.0485938,0.00058625
5.1770e-02,-0.0421875,0.000671563
5.1780e-02,-0.03625,-0.000158125
5.1790e-02,-0.0384375,-0.000160313
5.1800e-02,-0.0435938,0.000344688
5.1810e-02,-0.0471875,0.00012625
5.1820e-02,-0.044375,0.000338438
5.1830e-02,-0.0425,0.000413438
5.1840e-02,-0.0401563,-4.59375e-05
5.1850e-02,-0.0426562,-9.375e-06
5.1860e-02,-0.0428125,-0.000586563
5.1870e-02,-0.0348437,-0.000219688
5.1880e-02,-0.0465625,0.000534375
5.1890e-02,-0.0445313,0.000520625
5.1900e-02,-0.035625,0.000345
5.1910e-02,-0.0376563,5.40625e-05
5.1920e-02,-0.0459375,-0.00105438
5.1930e-02,-0.0382813,-0.00046125
5.1940e-02,-0.0348437,-0.000168125
5.1950e-02,-0.043125,0.000499688
5.1960e-02,-0.0382813,0.00012125
5.1970e-02,-0.040625,0.000165313
5.1980e-02,-0.0398437,-0.000180313
5.1990e-02,-0.0484375,-0.00111625
5.2000e-02,-0.0479688,0.000230938
5.2010e-02,-0.0278125,0.00122469
5.2020e-02,-0.0442188,0.000945
5.2030e-02,-0.05125,0.000376563
5.2040e-02,-0.0476562,-0.00018125
5.2050e-02,-0.045625,-0.00119875
5.2060e-02,-0.050625,-0.000926875
5.2070e-02,-0.0404687,0.000380313
5.2080e-02,-0.048125,0.00130563
5.2090e-02,-0.03375,0.000821563
5.2100e-02,-0.0434375,-0.000406875
5.2110e-02,-0.0335937,-0.00110781
5.2120e-02,-0.046875,-0.00111031
5.2130e-02,-0.048125,-0.00093875
5.2140e-02,-0.0532813,0.000884375
5.2150e-02,-0.0557813,0.00111969
5.2160e-02,-0.03625,0.000139375
5.2170e-02,-0.04,-0.00118063
5.2180e-02,-0.0409375,-0.001745
5.2190e-02,-0.0367188,-0.000980625
5.2200e-02,-0.053125,0.000782813
5.2210e-02,-0.0557813,0.00200906
5.2220e-02,-0.0464062,0.00113313
5.2230e-02,-0.0348437,-0.00115344
5.2240e-02,-0.0492188,-0.00225656
5.2250e-02,-0.0407813,-0.00150438
5.2260e-02,-0.041875,-0.000426563
5.2270e-02,-0.0357813,0.00183375
5.2280e-02,-0.0257812,0.00198813
5.2290e-02,-0.05125,0.000158438
5.2300e-02,-0.0265625,-0.00151219
5.2310e-02,-0.0321875,-0.002265
5.2320e-02,-0.0429688,-0.00137719
5.2330e-02,-0.0492188,0.0013125
5.2340e-02,-0.0484375,0.00312844
5.2350e-02,-0.0382813,0.00160813
5.2360e-02,-0.0378125,-5.875e-05
5.2370e-02,-0.0442188,-0.00294031
5.2380e-02,-0.03375,-0.00270906
5.2390e-02,-0.0392187,-0.000231875
5.2400e-02,-0.0485938,0.00162094
5.2410e-02,-0.0434375,0.00308563
5.2420e-02,-0.0467188,0.00292219
5.2430e-02,-0.04375,0.00282188
5.2440e-02,-0.040625,0.00283656
5.2450e-02,-0.0445313,0.00277594
5.2460e-02,-0.0442188,0.0028875
5.2470e-02,-0.0460938,0.00285656
5.2480e-02,-0.129062,0.00258531
5.2490e-02,-1.5625,-0.00152
5.2500e-02,-0.41125,-0.00519031
5.2510e-02,-1.23984,-0.00690031
5.2520e-02,-1.79453,-0.00825406
5.2530e-02,-0.0104688,-0.00761406
5.2540e-02,0.125156,-0.00765781
5.2550e-02,0.109219,-0.0076875
5.2560e-02,0.0820312,-0.00757344
5.2570e-02,0.0785938,-0.0075525
5.2580e-02,0.0504687,-0.00743031
5.2590e-02,0.0615625,-0.00766875
5.2600e-02,0.0439062,-0.00756531
5.2610e-02,0.0496875,-0.00757375
5.2620e-02,0.03,-0.00752813
5.2630e-02,0.0425,-0.00751406
5.2640e-02,0.0417187,-0.00760281
5.2650e-02,0.025,-0.00756406
5.2660e-02,0.0357813,-0.00750813
5.2670e-02,0.0407813,-0.007545
5.2680e-02,0.0228125,-0.00735938
5.2690e-02,0.0260938,-0.00729
5.2700e-02,0.0354688,-0.00743813
5.2710e-02,0.0215625,-0.00755469
5.2720e-02,0.0135937,-0.00752719
5.2730e-02,0.0115625,-0.00737
5.2740e-02,0.0107812,-0.00508875
5.2750e-02,0.0234375,-0.0002025
5.2760e-02,0.0125,0.000968438
5.2770e-02,0.00859375,-0.000178438
5.2780e-02,0.0078125,-0.00212344
5.2790e-02,0.0125,-0.00217813
5.2800e-02,0.0142187,-0.0009275
5.2810e-02,0.00390625,0.00122438
5.2820e-02,0.0132812,0.00214938
5.2830e-02,0.00671875,0.000765
5.2840e-02,-0.006875,-0.000229063
5.2850e-02,0.0132812,-0.00164344
5.2860e-02,0.00546875,-0.0014
5.2870e-02,0.0046875,7.0625e-05
5.2880e-02,0.00890625,0.000612813
5.2890e-02,0.0028125,0.000595313
5.2900e-02,0.00796875,0.000264688
5.2910e-02,-0.00203125,-0.00131313
5.2920e-02,0.0046875,-0.00111969
5.2930e-02,-0.0003125,-0.0012175
5.2940e-02,0.0078125,0.000244063
5.2950e-02,0.0071875,0.001055
5.2960e-02,-0.0075,-0.000138438
5.2970e-02,0.0140625,-0.000390938
5.2980e-02,-0.0146875,-0.000450313
5.2990e-02,0.00296875,-0.000839688
5.3000e-02,-0.00515625,8.875e-05
5.3010e-02,0.0084375,0.00079875
5.3020e-02,0.00015625,0.000703125
5.3030e-02,-0.00375,0.000133125
5.3040e-02,-0.00390625,-0.000392813
5.3050e-02,-0.00359375,-0.000495313
5.3060e-02,-0.0046875,-0.000374375
5.3070e-02,-0.00453125,0.00039625
5.3080e-02,-0.0071875,0.0009925
5.3090e-02,-0.0034375,0.000677188
5.3100e-02,-0.00171875,0.000240313
5.3110e-02,-0.0132813,3.8125e-05
5.3120e-02,-0.00171875,-0.000322188
5.3130e-02,0.00078125,-0.000331563
5.3140e-02,-0.016875,0.000310938
5.3150e-02,0.00171875,-0.000301563
5.3160e-02,0.0021875,7.3125e-05
5.3170e-02,-0.0128125,-0.00020625
5.3180e-02,-0.0176563,-0.00068125
5.3190e-02,-0.005625,0.000134688
5.3200e-02,0.000625,8.84375e-05
5.3210e-02,-0.00359375,0.000179688
5.3220e-02,-0.0179687,0.000532187
5.3230e-02,-0.0009375,-0.000201875
5.3240e-02,-0.00875,0.000141563
5.3250e-02,-0.0101563,-6.375e-05
5.3260e-02,-0.00734375,0.000280625
5.3270e-02,-0.00890625,0.000479375
5.3280e-02,-0.009375,0.000132813
5.3290e-02,-0.013125,0.000284688
5.3300e-02,-0.00625,-0.000314375
5.3310e-02,-0.005625,-0.000269375
5.3320e-02,-0.0009375,-5.46875e-05
5.3330e-02,0.000625,0.000235938
5.3340e-02,0.0053125,-1.59375e-05
5.3350e-02,-0.008125,0.000128437
5.3360e-02,-0.008125,0.000176563
5.3370e-02,-0.0178125,0.000137813
5.3380e-02,-0.005,0.000215
5.3390e-02,-0.00359375,-0.000255938
5.3400e-02,-0.0120313,0.000487813
5.3410e-02,-0.0167188,-8.125e-05
5.3420e-02,-0.0201563,-0.00033
5.3430e-02,-0.0146875,5.15625e-05
5.3440e-02,-0.023125,-0.000152188
5.3450e-02,-0.0171875,-0.000290938
5.3460e-02,-0.0135937,0.00010875
5.3470e-02,-0.0203125,0.00042625
5.3480e-02,-0.0185937,-0.000107188
5.3490e-02,-0.0117188,-4.875e-05
5.3500e-02,-0.0134375,-5.40625e-05
5.3510e-02,-0.01625,0.000154688
5.3520e-02,-0.0065625,0.00012625
5.3530e-02,-0.0145312,0.000471875
5.3540e-02,-0.0257812,0.000529687
5.3550e-02,-0.0204688,-0.00030625
5.3560e-02,-0.01625,-0.000100625
5.3570e-02,-0.0171875,-1.625e-05
5.3580e-02,-0.0114062,-0.000119688
5.3590e-02,-0.0117188,3.125e-05
5.3600e-02,-0.01375,-0.00069375
5.3610e-02,-0.0090625,-0.000188125
5.3620e-02,-0.0221875,-0.000235625
5.3630e-02,-0.0170313,-0.000495938
5.3640e-02,-0.0220313,-0.000117813
5.3650e-02,-0.0157813,-0.000725
5.3660e-02,-0.0326562,-0.00062875
5.3670e-02,-0.01625,-8.4375e-05
5.3680e-02,-0.01875,6.28125e-05
5.3690e-02,-0.0221875,-0.000303125
5.3700e-02,-0.0114062,0.000113438
5.3710e-02,-0.01625,-0.00014875
5.3720e-02,-0.0182812,-5.9375e-06
5.3730e-02,-0.0153125,0.000188125
5.3740e-02,-0.023125,0.0002425
5.3750e-02,-0.0278125,0.000804063
5.3760e-02,-0.0232812,0.000210938
5.3770e-02,-0.0159375,-0.0006825
5.3780e-02,-0.0192187,-0.0003225
5.3790e-02,-0.0140625,-0.00083875
5.3800e-02,-0.0192187,4.5625e-05
5.3810e-02,-0.0225,-0.000132813
5.3820e-02,-0.0207813,-9.8125e-05
5.3830e-02,-0.0215625,0.000338438
5.3840e-02,-0.01875,0.000115938
5.3850e-02,-0.024375,0.000515938
5.3860e-02,-0.020625,0.000585
5.3870e-02,-0.00578125,0.000459063
5.3880e-02,-0.0178125,0.000286563
5.3890e-02,-0.029375,-0.000365625
5.3900e-02,-0.0135937,-0.000525625
5.3910e-02,-0.0210938,3.09375e-05
5.3920e-02,-0.0229687,-0.000558438
5.3930e-02,-0.0221875,-2.3125e-05
5.3940e-02,-0.020625,-5.15625e-05
5.3950e-02,-0.0292188,-0.0003925
5.3960e-02,-0.0223437,7.3125e-05
5.3970e-02,-0.0292188,-0.000195938
5.3980e-02,-0.035625,0.00023
5.3990e-02,-0.0254688,0.000655625
5.4000e-02,-0.021875,0.000235
5.4010e-02,-0.0271875,0.0005375
5.4020e-02,-0.025625,0.000305
5.4030e-02,-0.0235938,0.000175313
5.4040e-02,-0.0176563,5.84375e-05
5.4050e-02,-0.0239063,-0.00032
5.4060e-02,-0.0167188,-0.000314688
5.4070e-02,-0.0232812,0.000298125
5.4080e-02,-0.024375,2.65625e-05
5.4090e-02,-0.0220313,0.000248438
5.4100e-02,-0.025,0.00056
5.4110e-02,-0.0157813,-0.000535313
5.4120e-02,-0.0310937,-0.00027125
5.4130e-02,-0.0246875,-9.03125e-05
5.4140e-02,-0.0145312,0.000158125
5.4150e-02,-0.0179687,-0.000745938
5.4160e-02,-0.02125,-0.0005
5.4170e-02,-0.0296875,-6.03125e-05
5.4180e-02,-0.0210938,-0.000230625
5.4190e-02,-0.0160938,-0.0006275
5.4200e-02,-0.0157813,-3.4375e-05
5.4210e-02,-0.0226562,0.000404063
5.4220e-02,-0.0090625,-0.00051125
5.4230e-02,-0.0276563,-0.000601563
5.4240e-02,-0.02125,0.000334063
5.4250e-02,-0.0254688,-0.000175938
5.4260e-02,-0.0217188,-0.000406875
5.4270e-02,-0.0154687,-0.00081625
5.4280e-02,-0.0196875,-6.25e-06
5.4290e-02,-0.0159375,4.75e-05
5.4300e-02,-0.0225,-0.0001125
5.4310e-02,-0.026875,-0.000152188
5.4320e-02,-0.0217188,-0.00028625
5.4330e-02,-0.0114062,3.34375e-05
5.4340e-02,-0.0265625,7.125e-05
5.4350e-02,-0.0457813,-5.21875e-05
5.4360e-02,-0.0270312,0.000410938
5.4370e-02,-0.0321875,-4.96875e-05
5.4380e-02,-0.0159375,6.9375e-05
5.4390e-02,-0.025625,0.000105625
5.4400e-02,-0.0325,-0.000516875
5.4410e-02,-0.023125,-0.000169688
5.4420e-02,-0.0110937,-0.000493438
5.4430e-02,-0.021875,-0.000178438
5.4440e-02,-0.0201563,-0.000391563
5.4450e-02,-0.0251563,-0.000166875
5.4460e-02,-0.0201563,0.000367188
5.4470e-02,-0.0196875,-0.000365938
5.4480e-02,-0.0301563,-0.000639063
5.4490e-02,-0.0251563,0.00044
5.4500e-02,-0.024375,-0.000357188
5.4510e-02,-0.0270312,7.8125e-06
5.4520e-02,-0.0320312,0.000153438
5.4530e-02,-0.0221875,0.000490625
5.4540e-02,-0.0253125,0.000227813
5.4550e-02,-0.0354688,0.000678438
5.4560e-02,-0.0225,-0.000326563
5.4570e-02,-0.0203125,-3.4375e-06
5.4580e-02,-0.015,4.375e-05
5.4590e-02,-0.0270312,0.000585
5.4600e-02,-0.0317188,0.000761563
5.4610e-02,-0.0273438,0.0002125
5.4620e-02,-0.0303125,0.00057875
5.4630e-02,-0.019375,0.000261875
5.4640e-02,-0.0335937,0.000145313
5.4650e-02,-0.023125,0.000525625
5.4660e-02,-0.0332812,-0.00015625
5.4670e-02,-0.0323438,0.000223438
5.4680e-02,-0.0367188,0.000462188
5.4690e-02,-0.03,0.000609375
5.4700e-02,-0.0254688,0.000183438
5.4710e-02,-0.0239063,-0.000282188
5.4720e-02,-0.0320312,-3.875e-05
5.4730e-02,-0.0229687,-0.0004525
5.4740e-02,-0.0378125,-2.0625e-05
5.4750e-02,-0.030625,-0.000645
5.4760e-02,-0.030625,0.00033875
5.4770e-02,-0.0257812,-0.000300625
5.4780e-02,-0.033125,-0.000140313
5.4790e-02,-0.0228125,0.000224063
5.4800e-02,-0.028125,1.25e-05
5.4810e-02,-0.0248438,0.00021
5.4820e-02,-0.036875,0.000119063
5.4830e-02,-0.0335937,0.000498125
5.4840e-02,-0.0329688,-0.000198438
5.4850e-02,-0.0340625,-5.78125e-05
5.4860e-02,-0.0251563,-2.6875e-05
5.4870e-02,-0.0401563,2.3125e-05
5.4880e-02,-0.03625,-0.000590938
5.4890e-02,-0.0221875,0.00054875
5.4900e-02,-0.0223437,0.000535625
5.4910e-02,-0.0189062,-4.84375e-05
5.4920e-02,-0.0439063,0.000167188
5.4930e-02,-0.0332812,-0.000135625
5.4940e-02,-0.0364063,0.000399063
5.4950e-02,-0.0309375,0.000320625
5.4960e-02,-0.029375,0.000257813
5.4970e-02,-0.04375,-0.00037375
5.4980e-02,-0.019375,-0.000629063
5.4990e-02,-0.0259375,-0.000315625
5.5000e-02,-0.0214063,0.000339063
5.5010e-02,-0.0253125,-7.8125e-05
5.5020e-02,-0.00875,0.000184688
5.5030e-02,-0.035,8.96875e-05
5.5040e-02,-0.0365625,3.59375e-05
5.5050e-02,-0.0226562,-0.00018625
5.5060e-02,-0.03125,0.000159375
5.5070e-02,-0.0246875,-0.000105313
5.5080e-02,-0.0226562,-3.6875e-05
5.5090e-02,-0.0267187,-0.000282188
5.5100e-02,-0.029375,-0.000284688
5.5110e-02,-0.0365625,0.000553125
5.5120e-02,-0.0353125,0.00017625
5.5130e-02,-0.02375,2.84375e-05
5.5140e-02,-0.0320312,-0.000362188
5.5150e-02,-0.038125,0.000310938
5.5160e-02,-0.0253125,0.000175625
5.5170e-02,-0.038125,0.000445
5.5180e-02,-0.035,0.000279688
5.5190e-02,-0.0275,0.0003825
5.5200e-02,-0.0440625,-0.000666563
5.5210e-02,-0.03375,-0.000150938
5.5220e-02,-0.0354688,-0.000184375
5.5230e-02,-0.026875,3.46875e-05
5.5240e-02,-0.0320312,0.000100938
5.5250e-02,-0.0307813,0.000474688
5.5260e-02,-0.0304688,0.000165
5.5270e-02,-0.0217188,-0.000285938
5.5280e-02,-0.0329688,-0.00021
5.5290e-02,-0.0345312,-3.25e-05
5.5300e-02,-0.0276563,-0.000204688
5.5310e-02,-0.0314062,-0.000378438
5.5320e-02,-0.0317188,0.000203125
5.5330e-02,-0.029375,-0.0005925
5.5340e-02,-0.0340625,-0.000250938
5.5350e-02,-0.0335937,0.00041625
5.5360e-02,-0.0345312,0.000816563
5.5370e-02,-0.0378125,0.000844375
5.5380e-02,-0.0310937,0.000397188
5.5390e-02,-0.0295313,-0.000190938
5.5400e-02,-0.0251563,-9.84375e-05
5.5410e-02,-0.03,-0.000634688
5.5420e-02,-0.0270312,4.75e-05
5.5430e-02,-0.0301563,0.0002725
5.5440e-02,-0.045,0.000437188
5.5450e-02,-0.0348437,-9.625e-05
5.5460e-02,-0.0335937,-0.000290938
5.5470e-02,-0.0251563,-0.000231563
5.5480e-02,-0.026875,-0.000115938
5.5490e-02,-0.0334375,-0.000335313
5.5500e-02,-0.0360938,-0.000264375
5.5510e-02,-0.0232812,6.03125e-05
5.5520e-02,-0.0296875,-0.000435938
5.5530e-02,-0.0364063,0.000185
5.5540e-02,-0.0415625,-0.000307813
5.5550e-02,-0.0360938,-9.09375e-05
5.5560e-02,-0.0395313,7.625e-05
5.5570e-02,-0.0290625,0.000450313
5.5580e-02,-0.0445313,0.00024375
5.5590e-02,-0.0407813,-0.000794063
5.5600e-02,-0.0457813,-0.000120313
5.5610e-02,-0.0432813,0.000135313
5.5620e-02,-0.0425,6.96875e-05
5.5630e-02,-0.026875,2.28125e-05
5.5640e-02,-0.035,0.0001675
5.5650e-02,-0.04125,-0.000290625
5.5660e-02,-0.03625,-2.8125e-06
5.5670e-02,-0.0328125,-0.000478125
5.5680e-02,-0.0290625,-0.000445938
5.5690e-02,-0.04,7.625e-05
5.5700e-02,-0.025,-2.8125e-05
5.5710e-02,-0.0323438,0.00051125
5.5720e-02,-0.0398437,-0.000387813
5.5730e-02,-0.0359375,-0.000566563
5.5740e-02,-0.0385937,-0.000517813
5.5750e-02,-0.0292188,0.000191875
5.5760e-02,-0.0309375,5.78125e-05
5.5770e-02,-0.0298438,0.000767188
5.5780e-02,-0.0221875,0.000754688
5.5790e-02,-0.0415625,0.000531563
5.5800e-02,-0.0346875,0.000175625
5.5810e-02,-0.0367188,-0.000814375
5.5820e-02,-0.045625,0.0001275
5.5830e-02,-0.0254688,0.000802813
5.5840e-02,-0.034375,5.03125e-05
5.5850e-02,-0.0278125,0.000278438
5.5860e-02,-0.0282813,-0.000920313
5.5870e-02,-0.0354688,-0.00115031
5.5880e-02,-0.0345312,-0.0008225
5.5890e-02,-0.050625,8.09375e-05
5.5900e-02,-0.0457813,0.00034375
5.5910e-02,-0.03375,0.000107188
5.5920e-02,-0.0403125,-0.000929688
5.5930e-02,-0.023125,-0.00105563
5.5940e-02,-0.0420312,-0.00108031
5.5950e-02,-0.0346875,0.000151875
5.5960e-02,-0.03125,0.00181531
5.5970e-02,-0.0325,0.00133781
5.5980e-02,-0.0442188,6.21875e-05
5.5990e-02,-0.0335937,-0.000989688
5.6000e-02,-0.0278125,-0.00139688
5.6010e-02,-0.028125,-0.000605938
5.6020e-02,-0.0354688,0.000392188
5.6030e-02,-0.0310937,0.00133156
5.6040e-02,-0.0245313,0.000841563
5.6050e-02,-0.03125,-0.000149687
5.6060e-02,-0.0289063,-0.00113156
5.6070e-02,-0.0385937,-0.000885938
5.6080e-02,-0.0239063,0.000335938
5.6090e-02,-0.0276563,0.00127969
5.6100e-02,-0.0401563,0.00145313
5.6110e-02,-0.0321875,0.000470625
5.6120e-02,-0.0342187,-0.00135563
5.6130e-02,-0.0396875,-0.00214656
5.6140e-02,-0.0326562,-0.00114281
5.6150e-02,-0.0259375,0.00118063
5.6160e-02,-0.0273438,0.00148906
5.6170e-02,-0.0384375,0.000731563
5.6180e-02,-0.0357813,-0.000869063
5.6190e-02,-0.035625,-0.00201906
5.6200e-02,-0.0340625,-0.00145
5.6210e-02,-0.0392187,0.000718125
5.6220e-02,-0.0201563,0.00273125
5.6230e-02,-0.0259375,0.00205938
5.6240e-02,-0.044375,0.000633125
5.6250e-02,-0.0354688,-0.00155313
5.6260e-02,-0.0264062,-0.00249469
5.6270e-02,-0.0410937,0.000246563
5.6280e-02,-0.0439063,0.00174813
5.6290e-02,-0.0395313,0.002125
5.6300e-02,-0.0317188,0.00100281
5.6310e-02,-0.0273438,-0.00176813
5.6320e-02,-0.0267187,-0.00255969
5.6330e-02,-0.0364063,-0.00174656
5.6340e-02,-0.04125,0.0007625
5.6350e-02,-0.0285938,0.00322875
5.6360e-02,-0.0335937,0.00281781
5.6370e-02,-0.0335937,-0.000100938
5.6380e-02,-0.0464062,-0.00279313
5.6390e-02,-0.0315625,-0.00296469
5.6400e-02,-0.0425,-0.000963438
5.6410e-02,-0.0432813,0.00203406
5.6420e-02,-0.0296875,0.00302063
5.6430e-02,-0.0370313,0.00155406
5.6440e-02,-0.0292188,-0.0019125
5.6450e-02,-0.0284375,-0.00373813
5.6460e-02,-0.030625,-0.00339906
5.6470e-02,-0.0389063,0.000624375
5.6480e-02,-0.0371875,0.00426219
5.6490e-02,-0.0367188,0.00403938
5.6500e-02,-0.0276563,0.000600313
5.6510e-02,-0.0365625,-0.0032325
5.6520e-02,-0.0332812,-0.00472406
5.6530e-02,-0.0482812,-0.00216375
5.6540e-02,-0.0342187,0.00249375
5.6550e-02,-0.0525,0.00429938
5.6560e-02,-0.0354688,0.00330844
5.6570e-02,-0.0323438,-0.000357188
5.6580e-02,-0.04625,-0.00390719
5.6590e-02,-0.0357813,-0.0030625
5.6600e-02,-0.0407813,-0.000774688
5.6610e-02,-0.0360938,0.00285938
5.6620e-02,-0.0254688,0.00374031
5.6630e-02,-0.016875,0.00077
5.6640e-02,-0.0351562,-0.00139156
5.6650e-02,-0.04,-0.00349125
5.6660e-02,-0.0385937,-0.00234156
5.6670e-02,-0.0420312,0.00115813
5.6680e-02,-0.0398437,0.00337063
5.6690e-02,-0.0339062,0.00188625
5.6700e-02,-0.0303125,3.09375e-05
5.6710e-02,-0.02875,-0.00227875
5.6720e-02,-0.0384375,-0.00265313
5.6730e-02,-0.0414063,-0.000103438
5.6740e-02,-0.0378125,0.00142781
5.6750e-02,-0.0404687,0.00308844
5.6760e-02,-0.0325,0.00123281
5.6770e-02,-0.045,-0.00120781
5.6780e-02,-0.0435938,-0.00191
5.6790e-02,-0.0275,-0.00117125
5.6800e-02,-0.036875,0.0011075
5.6810e-02,-0.0403125,0.00192031
5.6820e-02,-0.0404687,0.000608438
5.6830e-02,-0.04375,-0.000742188
5.6840e-02,-0.0314062,-0.00181594
5.6850e-02,-0.0375,-0.00115938
5.6860e-02,-0.0351562,7.34375e-05
5.6870e-02,-0.0328125,0.00163094
5.6880e-02,-0.0417187,0.00183656
5.6890e-02,-0.0426562,0.000337813
5.6900e-02,-0.0357813,-0.00123531
5.6910e-02,-0.03,-0.00119563
5.6920e-02,-0.0275,-0.000399375
5.6930e-02,-0.0298438,0.00103063
5.6940e-02,-0.0317188,0.00096125
5.6950e-02,-0.05,0.000384063
5.6960e-02,-0.038125,-0.00104781
5.6970e-02,-0.0320312,-0.00185813
5.6980e-02,-0.0428125,-0.00110187
5.6990e-02,-0.036875,0.000480313
5.7000e-02,-0.0404687,0.000763125
5.7010e-02,-0.0309375,0.00120344
5.7020e-02,-0.0346875,0.000204063
5.7030e-02,-0.033125,-0.00103938
5.7040e-02,-0.040625,-0.00105281
5.7050e-02,-0.0342187,-0.00062875
5.7060e-02,-0.0301563,0.000164688
5.7070e-02,-0.0404687,0.000560938
5.7080e-02,-0.0453125,0.000604688
5.7090e-02,-0.0339062,-0.000359375
5.7100e-02,-0.0334375,-0.00055
5.7110e-02,-0.0421875,-0.000596875
5.7120e-02,-0.0446875,0.000185
5.7130e-02,-0.035625,0.000557188
5.7140e-02,-0.0395313,0.000429688
5.7150e-02,-0.0359375,0.000149687
5.7160e-02,-0.0342187,-0.000516875
5.7170e-02,-0.0509375,-0.00101406
5.7180e-02,-0.0353125,-0.000145
5.7190e-02,-0.034375,-0.000150313
5.7200e-02,-0.0484375,0.000163438
5.7210e-02,-0.0457813,0.000666563
5.7220e-02,-0.0389063,1.71875e-05
5.7230e-02,-0.036875,3.71875e-05
5.7240e-02,-0.0409375,-0.000523125
5.7250e-02,-0.0428125,-0.000750938
5.7260e-02,-0.0442188,0.000184688
5.7270e-02,-0.0571875,0.000396563
5.7280e-02,-0.0385937,0.0004975
5.7290e-02,-0.0335937,-5.875e-05
5.7300e-02,-0.0439063,-0.000461563
5.7310e-02,-0.038125,-0.00056625
5.7320e-02,-0.0421875,0.000164063
5.7330e-02,-0.0403125,0.0004425
5.7340e-02,-0.0448438,0.000170938
5.7350e-02,-0.0398437,-0.000305938
5.7360e-02,-0.0448438,-0.000830313
5.7370e-02,-0.0479688,-0.00054875
5.7380e-02,-0.0403125,0.000350625
5.7390e-02,-0.0307813,0.000197188
5.7400e-02,-0.02875,0.000321875
5.7410e-02,-0.0415625,0.000178125
5.7420e-02,-0.0479688,0.000213438
5.7430e-02,-0.0371875,-0.000557813
5.7440e-02,-0.0426562,-0.000819375
5.7450e-02,-0.0385937,-0.000280938
5.7460e-02,-0.03875,5.40625e-05
5.7470e-02,-0.0317188,0.000397188
5.7480e-02,-0.0401563,-0.00036125
5.7490e-02,-0.0398437,-0.000543438
5.7500e-02,-0.0384375,0.000263437
5.7510e-02,-0.0476562,-0.00041
5.7520e-02,-0.0451563,-5.71875e-05
5.7530e-02,-0.0325,0.000470938
5.7540e-02,-0.033125,0.000404688
5.7550e-02,-0.0426562,0.000600313
5.7560e-02,-0.04625,-0.000539375
5.7570e-02,-0.04875,-0.000397188
5.7580e-02,-0.0448438,-0.000191875
5.7590e-02,-0.0282813,0.000246875
5.7600e-02,-0.0404687,0.000359063
5.7610e-02,-0.0328125,0.000281875
5.7620e-02,-0.0396875,-0.000162188
5.7630e-02,-0.0476562,-0.000265938
5.7640e-02,-0.0404687,-0.000117813
5.7650e-02,-0.0457813,0.000274688
5.7660e-02,-0.0335937,0.000222813
5.7670e-02,-0.0470312,2.5625e-05
5.7680e-02,-0.0440625,0.000626875
5.7690e-02,-0.0328125,-6.59375e-05
5.7700e-02,-0.0323438,-0.000377188
5.7710e-02,-0.05125,0.000331875
5.7720e-02,-0.0470312,0.000206875
5.7730e-02,-0.0410937,0.000999375
5.7740e-02,-0.033125,0.000294062
5.7750e-02,-0.04125,8.5625e-05
5.7760e-02,-0.0410937,0.00041
5.7770e-02,-0.0529687,0.000139688
5.7780e-02,-0.0373438,-0.000140625
5.7790e-02,-0.0401563,-0.00023625
5.7800e-02,-0.0532813,-0.000254375
5.7810e-02,-0.0429688,-8.3125e-05
5.7820e-02,-0.0407813,-0.0005025
5.7830e-02,-0.0385937,-0.000512813
5.7840e-02,-0.0314062,-2.09375e-05
5.7850e-02,-0.0464062,-0.000153125
5.7860e-02,-0.0525,0.000210938
5.7870e-02,-0.03,0.000460938
5.7880e-02,-0.0270312,2.1875e-06
5.7890e-02,-0.0285938,-9.375e-05
5.7900e-02,-0.0320312,-0.000136563
5.7910e-02,-0.0342187,-2.34375e-05
5.7920e-02,-0.0414063,0.000164063
5.7930e-02,-0.0304688,5e-06
5.7940e-02,-0.0317188,-0.0007875
5.7950e-02,-0.0496875,-0.000505313
5.7960e-02,-0.0246875,-0.00059
5.7970e-02,-0.0378125,-3.6875e-05
5.7980e-02,-0.03375,0.00016875
5.7990e-02,-0.0453125,0.000175938
5.8000e-02,-0.0439063,0.000226563
5.8010e-02,-0.0446875,-8.625e-05
5.8020e-02,-0.035625,1.25e-06
5.8030e-02,-0.0278125,0.000280625
5.8040e-02,-0.0359375,-0.000180313
5.8050e-02,-0.041875,8.4375e-05
5.8060e-02,-0.0348437,0.000711875
5.8070e-02,-0.0446875,0.000443125
5.8080e-02,-0.0403125,0.000488438
5.8090e-02,-0.0390625,4.5625e-05
5.8100e-02,-0.0314062,-0.000114375
5.8110e-02,-0.0407813,0.000213438
5.8120e-02,-0.028125,-0.000130625
5.8130e-02,-0.0303125,-4.625e-05
5.8140e-02,-0.04,0.000558438
5.8150e-02,-0.0292188,0.000138125
5.8160e-02,-0.031875,-0.000356875
5.8170e-02,-0.0473438,0.000289063
5.8180e-02,-0.0492188,8.15625e-05
5.8190e-02,-0.0329688,0.000288125
5.8200e-02,-0.0365625,-0.000268125
5.8210e-02,-0.0434375,-0.0006825
5.8220e-02,-0.043125,2.3125e-05
5.8230e-02,-0.0328125,-9.59375e-05
5.8240e-02,-0.0325,0.0004275
5.8250e-02,-0.040625,-0.000100625
5.8260e-02,-0.045,0.000224375
5.8270e-02,-0.0379688,0.000571875
5.8280e-02,-0.0260937,0.00021375
5.8290e-02,-0.0303125,4.375e-05
5.8300e-02,-0.0415625,0.000189375
5.8310e-02,-0.0478125,-0.000246563
5.8320e-02,-0.0496875,-0.00032125
5.8330e-02,-0.02875,9.25e-05
5.8340e-02,-0.0326562,-0.000417813
5.8350e-02,-0.0382813,-0.0001275
5.8360e-02,-0.0453125,0.00048125
5.8370e-02,-0.0492188,0.000167813
5.8380e-02,-0.0353125,-0.000188438
5.8390e-02,-0.039375,-0.000373438
5.8400e-02,-0.0401563,-2.625e-05
5.8410e-02,-0.0470312,-0.000117188
5.8420e-02,-0.0340625,-0.000314063
5.8430e-02,-0.0267187,0.000249063
5.8440e-02,-0.0517188,-0.000736563
5.8450e-02,-0.0254688,-0.000381875
5.8460e-02,-0.0370313,0.00019125
5.8470e-02,-0.0348437,-0.0001325
5.8480e-02,-0.0440625,0.0004425
5.8490e-02,-0.0517188,0.000142813
5.8500e-02,-0.0310937,-0.000435313
5.8510e-02,-0.0378125,0.000265938
5.8520e-02,-0.0465625,-0.000511875
5.8530e-02,-0.0398437,-0.000174063
5.8540e-02,-0.0459375,-0.000149063
5.8550e-02,-0.0421875,-0.000450313
5.8560e-02,-0.0328125,6.75e-05
5.8570e-02,-0.044375,-0.00023375
5.8580e-02,-0.0414063,4.03125e-05
5.8590e-02,-0.0459375,-1.53125e-05
5.8600e-02,-0.0467188,-0.00042
5.8610e-02,-0.0367188,6.78125e-05
5.8620e-02,-0.035,-0.000405
5.8630e-02,-0.04,-0.000179375
5.8640e-02,-0.0509375,-0.00010125
5.8650e-02,-0.0435938,9.90625e-05
5.8660e-02,-0.0375,-0.000165625
5.8670e-02,-0.0432813,0.000145313
5.8680e-02,-0.0409375,-0.00037625
5.8690e-02,-0.0345312,5.90625e-05
5.8700e-02,-0.0453125,3.71875e-05
5.8710e-02,-0.038125,0.00014875
5.8720e-02,-0.0417187,0.000230313
5.8730e-02,-0.0379688,-0.00025375
5.8740e-02,-0.044375,-0.000573438
5.8750e-02,-0.039375,-5.3125e-05
5.8760e-02,-0.0485938,9.0625e-06
5.8770e-02,-0.0501562,-0.000330313
5.8780e-02,-0.0415625,-0.0001825
5.8790e-02,-0.0325,-0.000429063
5.8800e-02,-0.0498438,0.000270625
5.8810e-02,-0.035,7.3125e-05
5.8820e-02,-0.0409375,-5.25e-05
5.8830e-02,-0.0492188,7.71875e-05
5.8840e-02,-0.0460938,-0.000247813
5.8850e-02,-0.0579687,0.000275313
5.8860e-02,-0.0435938,-0.000439688
5.8870e-02,-0.0382813,0.000410938
5.8880e-02,-0.03625,-0.000185938
5.8890e-02,-0.040625,0.00067875
5.8900e-02,-0.0521875,0.000261875
5.8910e-02,-0.0448438,0.000564375
5.8920e-02,-0.0367188,-0.000331875
5.8930e-02,-0.0492188,-0.000151563
5.8940e-02,-0.0435938,-0.000299063
5.8950e-02,-0.0501562,-0.000421875
5.8960e-02,-0.043125,0.000729375
5.8970e-02,-0.05125,-0.000337813
5.8980e-02,-0.0398437,8.1875e-05
5.8990e-02,-0.028125,-7.5e-05
5.9000e-02,-0.0401563,-0.00068625
5.9010e-02,-0.0464062,0.000259688
5.9020e-02,-0.0385937,0.000587813
5.9030e-02,-0.0396875,-8.59375e-05
5.9040e-02,-0.0532813,0.000371563
5.9050e-02,-0.04375,0.000175625
5.9060e-02,-0.0453125,0.0005325
5.9070e-02,-0.0507812,0.00022
5.9080e-02,-0.0454688,-0.00038875
5.9090e-02,-0.0403125,3.375e-05
5.9100e-02,-0.0495312,0.000271875
5.9110e-02,-0.0439063,-0.00023
5.9120e-02,-0.0448438,-0.000364063
5.9130e-02,-0.0507812,-0.0004075
5.9140e-02,-0.0445313,-0.000302813
5.9150e-02,-0.0320312,-0.000283125
5.9160e-02,-0.044375,-0.000605938
5.9170e-02,-0.0340625,-2.28125e-05
5.9180e-02,-0.0435938,0.000108438
5.9190e-02,-0.0421875,-0.000443125
5.9200e-02,-0.046875,6.34375e-05
5.9210e-02,-0.0459375,0.000659688
5.9220e-02,-0.0482812,0.000665938
5.9230e-02,-0.0470312,0.000955313
5.9240e-02,-0.0396875,0.000298125
5.9250e-02,-0.03375,-9.125e-05
5.9260e-02,-0.05,-0.000442813
5.9270e-02,-0.035,-0.00058375
5.9280e-02,-0.0425,-0.000204688
5.9290e-02,-0.0392187,-0.000325938
5.9300e-02,-0.0428125,-0.000354063
5.9310e-02,-0.0373438,0.000105625
5.9320e-02,-0.0446875,-3.96875e-05
5.9330e-02,-0.0407813,-0.000735313
5.9340e-02,-0.0385937,-2.0625e-05
5.9350e-02,-0.051875,-2.625e-05
5.9360e-02,-0.0357813,0.000115313
5.9370e-02,-0.0320312,-0.000180938
5.9380e-02,-0.038125,0.000189688
5.9390e-02,-0.0482812,0.0001975
5.9400e-02,-0.049375,0.000509688
5.9410e-02,-0.043125,-0.000143125
5.9420e-02,-0.04625,0.000173438
5.9430e-02,-0.0489062,4.125e-05
5.9440e-02,-0.0403125,0.000250625
5.9450e-02,-0.0375,0.000235625
5.9460e-02,-0.0385937,-0.000515625
5.9470e-02,-0.0315625,-0.00017375
5.9480e-02,-0.05125,0.000221563
5.9490e-02,-0.0267187,0.000216875
5.9500e-02,-0.0385937,0.000427188
5.9510e-02,-0.0410937,2.84375e-05
5.9520e-02,-0.045625,0.000124375
5.9530e-02,-0.0278125,-1.75e-05
5.9540e-02,-0.0421875,-6.125e-05
5.9550e-02,-0.055,7.84375e-05
5.9560e-02,-0.0345312,0.00013375
5.9570e-02,-0.0510938,-0.000332188
5.9580e-02,-0.0384375,-0.000423438
5.9590e-02,-0.038125,-0.000214688
5.9600e-02,-0.0379688,-0.000381563
5.9610e-02,-0.0435938,0.000135313
5.9620e-02,-0.0473438,-0.000290938
5.9630e-02,-0.045625,8.6875e-05
5.9640e-02,-0.0442188,-0.00029875
5.9650e-02,-0.039375,-8.625e-05
5.9660e-02,-0.0357813,8.96875e-05
5.9670e-02,-0.0439063,-1.53125e-05
5.9680e-02,-0.0451563,9.59375e-05
5.9690e-02,-0.0459375,0.00060875
5.9700e-02,-0.0378125,0.000193438
5.9710e-02,-0.0407813,0.000225313
5.9720e-02,-0.0320312,-0.000205938
5.9730e-02,-0.0382813,-0.000353125
5.9740e-02,-0.0548437,-0.000114688
5.9750e-02,-0.0451563,0.000220313
5.9760e-02,-0.0417187,0.00073625
5.9770e-02,-0.02875,0.00078125
5.9780e-02,-0.0410937,-0.00069625
5.9790e-02,-0.0503125,-0.000739375
5.9800e-02,-0.0384375,-0.000745313
5.9810e-02,-0.0490625,0.000145625
5.9820e-02,-0.0440625,0.000759375
5.9830e-02,-0.0298438,0.00039
5.9840e-02,-0.0489062,-0.000446563
5.9850e-02,-0.0346875,-0.00099375
5.9860e-02,-0.0373438,-0.0005025
5.9870e-02,-0.0420312,-0.000672813
5.9880e-02,-0.0367188,-0.000313125
5.9890e-02,-0.0451563,6.375e-05
5.9900e-02,-0.0403125,-0.000130625
5.9910e-02,-0.0385937,-5.59375e-05
5.9920e-02,-0.0495312,-0.000504063
5.9930e-02,-0.05,-0.000889375
5.9940e-02,-0.045,-0.000259688
5.9950e-02,-0.0485938,0.000577813
5.9960e-02,-0.0504687,0.000626875
5.9970e-02,-0.0442188,0.000120313
5.9980e-02,-0.0564063,-0.000354688
5.9990e-02,-0.0501562,-0.00109688
6.0000e-02,-0.0465625,-0.000696875
6.0010e-02,-0.0351562,0.000454688
6.0020e-02,-0.0395313,0.000901875
6.0030e-02,-0.0415625,0.00083875
6.0040e-02,-0.0439063,-0.000541563
6.0050e-02,-0.0442188,-0.000868125
6.0060e-02,-0.0435938,-0.000809688
6.0070e-02,-0.0442188,0.000230625
6.0080e-02,-0.0367188,0.000713125
6.0090e-02,-0.0470312,0.000895938
6.0100e-02,-0.043125,-0.00024
6.0110e-02,-0.0417187,-0.000998437
6.0120e-02,-0.0392187,-0.00101625
6.0130e-02,-0.0504687,-0.00035625
6.0140e-02,-0.0446875,0.000678125
6.0150e-02,-0.0459375,0.000849063
6.0160e-02,-0.0504687,0.000847813
6.0170e-02,-0.0451563,-0.000417188
6.0180e-02,-0.0470312,-0.00100906
6.0190e-02,-0.0375,-0.000684063
6.0200e-02,-0.0440625,0.000975
6.0210e-02,-0.045,0.00175
6.0220e-02,-0.0440625,0.00163375
6.0230e-02,-0.0420312,0.000365625
6.0240e-02,-0.0453125,-0.00191031
6.0250e-02,-0.0448438,-0.0018425
6.0260e-02,-0.0417187,-0.00103469
6.0270e-02,-0.0303125,0.00172813
6.0280e-02,-0.053125,0.00241938
6.0290e-02,-0.0529687,0.00132594
6.0300e-02,-0.0432813,-0.000903125
6.0310e-02,-0.0503125,-0.00205969
6.0320e-02,-0.0479688,-0.00123531
6.0330e-02,-0.0442188,0.00133344
6.0340e-02,-0.0464062,0.00235313
6.0350e-02,-0.0478125,0.00125313
6.0360e-02,-0.0415625,-0.0004075
6.0370e-02,-0.03875,-0.00253156
6.0380e-02,-0.0507812,-0.00244094
6.0390e-02,-0.0371875,-0.00027125
6.0400e-02,-0.04,0.00209844
6.0410e-02,-0.0567187,0.00286
6.0420e-02,-0.0423437,0.00264688
6.0430e-02,-0.0453125,0.0028725
6.0440e-02,-0.044375,0.00283844
6.0450e-02,-0.0498438,0.00283969
6.0460e-02,-0.0457813,0.00271406
6.0470e-02,-0.0382813,0.00285531
6.0480e-02,0.297344,0.00278438
6.0490e-02,0.413125,-0.000791875
6.0500e-02,1.38094,-0.00490313
6.0510e-02,0.916406,-0.00708719
6.0520e-02,-1.39125,-0.00788063
6.0530e-02,-0.127812,-0.00778438
6.0540e-02,0.0978125,-0.00771281
6.0550e-02,0.099375,-0.00753
6.0560e-02,0.0804687,-0.00761875
6.0570e-02,0.0789062,-0.00772281
6.0580e-02,0.0590625,-0.0076075
6.0590e-02,0.0585938,-0.00737063
6.0600e-02,0.05625,-0.00768656
6.0610e-02,0.0604688,-0.0076175
6.0620e-02,0.05,-0.00760438
6.0630e-02,0.0579687,-0.0077775
6.0640e-02,0.0360937,-0.00750625
6.0650e-02,0.0470312,-0.00762094
6.0660e-02,0.0367187,-0.00749688
6.0670e-02,0.0209375,-0.00766125
6.0680e-02,0.0221875,-0.0074375
6.0690e-02,0.0278125,-0.00760813
6.0700e-02,0.0184375,-0.00737344
6.0710e-02,0.024375,-0.007505
6.0720e-02,0.0198438,-0.00751313
6.0730e-02,0.0134375,-0.00741594
6.0740e-02,0.015,-0.00540813
6.0750e-02,0.0196875,-0.00077625
6.0760e-02,0.0189063,0.00186188
6.0770e-02,0.0114063,0.00025375
6.0780e-02,0.00765625,-0.00191594
6.0790e-02,0.0134375,-0.00225719
6.0800e-02,0.00125,-0.00128
6.0810e-02,0.015,0.000250938
6.0820e-02,0.00203125,0.00147125
6.0830e-02,0.00265625,0.00148594
6.0840e-02,0.0203125,-2.03125e-05
6.0850e-02,0.00828125,-0.00171781
6.0860e-02,0.00265625,-0.00185094
6.0870e-02,0.0053125,0.000304687
6.0880e-02,0.00640625,0.00130406
6.0890e-02,0.00734375,0.00152719
6.0900e-02,0.004375,0.00071625
6.0910e-02,-0.00515625,-0.0002775
6.0920e-02,0.00546875,-0.00101094
6.0930e-02,0.00015625,-0.000705938
6.0940e-02,-0.00515625,0.00118813
6.0950e-02,0.0003125,0.0015125
6.0960e-02,0.005,0.000710313
6.0970e-02,0.00390625,-0.000461875
6.0980e-02,-0.00328125,-0.00138844
6.0990e-02,-0.00265625,-0.00107594
6.1000e-02,-0.008125,-6.625e-05
6.1010e-02,0.00015625,0.000960313
6.1020e-02,0.00234375,0.000325313
6.1030e-02,-0.00703125,0.000173125
6.1040e-02,0.0009375,-0.00033
6.1050e-02,0.0003125,-0.00136563
6.1060e-02,-0.0059375,-0.000444688
6.1070e-02,-0.00953125,-0.000568438
6.1080e-02,-0.00890625,0.000499688
6.1090e-02,0.0071875,0.0002425
6.1100e-02,-0.0025,-0.000294062
6.1110e-02,-0.00640625,-0.000358125
6.1120e-02,-0.0046875,-0.000364063
6.1130e-02,-0.00875,0.000454375
6.1140e-02,-0.01125,0.0010075
6.1150e-02,-0.0065625,0.000795938
6.1160e-02,-0.0201563,0.000215938
6.1170e-02,-0.00609375,-0.000521562
6.1180e-02,-0.0153125,-0.000867813
6.1190e-02,-0.006875,-7.4375e-05
6.1200e-02,-0.0134375,-0.000329375
6.1210e-02,0.0009375,1.4375e-05
6.1220e-02,0.0021875,0.000462188
6.1230e-02,-0.00234375,0.000164375
6.1240e-02,-0.00921875,-0.000149375
6.1250e-02,0.00296875,-0.000107813
6.1260e-02,-0.0153125,0.000120625
6.1270e-02,-0.015,0.00115094
6.1280e-02,-0.0090625,0.000865313
6.1290e-02,-0.00609375,0.000449375
6.1300e-02,-0.0189062,0.000530313
6.1310e-02,-0.01125,-0.0002875
6.1320e-02,-0.0207813,-9.0625e-05
6.1330e-02,-0.00609375,0.000121563
6.1340e-02,-0.0123438,0.000255938
6.1350e-02,-0.005625,-0.000347813
6.1360e-02,-0.016875,-0.000684063
6.1370e-02,-0.0276563,-0.000100625
6.1380e-02,-0.00953125,-0.00054875
6.1390e-02,-0.00859375,-0.000434375
6.1400e-02,-0.0115625,0.000360938
6.1410e-02,-0.0170313,-0.000309375
6.1420e-02,-0.0109375,-0.000227188
6.1430e-02,-0.0153125,-0.000231563
6.1440e-02,-0.016875,-0.000883438
6.1450e-02,-0.00640625,-0.000167813
6.1460e-02,-0.0139063,0.00023125
6.1470e-02,-0.00734375,-0.00049625
6.1480e-02,-0.0128125,0.000684375
6.1490e-02,-0.0129688,3.5625e-05
6.1500e-02,-0.0209375,0.0001475
6.1510e-02,-0.02375,0.000431563
6.1520e-02,-0.024375,4.5625e-05
6.1530e-02,-0.011875,0.000399063
6.1540e-02,-0.02,0.000578438
6.1550e-02,-0.0184375,0.000349375
6.1560e-02,-0.0229687,-0.000140938
6.1570e-02,-0.0178125,0.000201563
6.1580e-02,-0.0148437,-0.000288438
6.1590e-02,-0.0223437,-0.000101563
6.1600e-02,-0.0204688,4.5625e-05
6.1610e-02,-0.0115625,0.000819375
6.1620e-02,-0.0090625,7.53125e-05
6.1630e-02,-0.010625,-0.00011125
6.1640e-02,-0.0171875,0.000456563
6.1650e-02,-0.0234375,7.375e-05
6.1660e-02,-0.0151562,0.000169063
6.1670e-02,-0.0153125,-0.000181563
6.1680e-02,-0.02,0.0001125
6.1690e-02,-0.0209375,9.46875e-05
6.1700e-02,-0.0289063,-0.000391875
6.1710e-02,-0.00203125,-0.000378125
6.1720e-02,-0.00921875,-0.000516563
6.1730e-02,-0.0190625,-0.000265625
6.1740e-02,-0.00953125,-0.000230625
6.1750e-02,-0.0182812,-0.0003875
6.1760e-02,-0.019375,-0.000355625
6.1770e-02,-0.0229687,0.000704688
6.1780e-02,-0.015,0.000422813
6.1790e-02,-0.0170313,-4.09375e-05
6.1800e-02,-0.0235938,-5.9375e-05
6.1810e-02,-0.0320312,0.000305625
6.1820e-02,-0.0129688,0.000198438
6.1830e-02,-0.0273438,-0.000265313
6.1840e-02,-0.0179687,-0.000109063
6.1850e-02,-0.0110937,-3.5e-05
6.1860e-02,-0.020625,-0.000454375
6.1870e-02,-0.0270312,2.5e-06
6.1880e-02,-0.015625,0.000265625
6.1890e-02,-0.0204688,-0.000417188
6.1900e-02,-0.0190625,-0.000425938
6.1910e-02,-0.01875,-0.00016125
6.1920e-02,-0.0248438,1.21875e-05
6.1930e-02,-0.0096875,0.0002975
6.1940e-02,-0.0209375,-0.000627813
6.1950e-02,-0.0225,0.000205938
6.1960e-02,-0.0171875,0.00055375
6.1970e-02,-0.0114062,9.375e-06
6.1980e-02,-0.0360938,-0.00026375
6.1990e-02,-0.026875,8.75e-05
6.2000e-02,-0.014375,-0.000295625
6.2010e-02,-0.0221875,2.71875e-05
6.2020e-02,-0.00796875,3.4375e-05
6.2030e-02,-0.0225,-0.000261875
6.2040e-02,-0.0189062,0.00033875
6.2050e-02,-0.0134375,0.00024125
6.2060e-02,-0.0228125,0.000534375
6.2070e-02,-0.0246875,-5.625e-05
6.2080e-02,-0.0195312,-0.000730313
6.2090e-02,-0.011875,0.000239063
6.2100e-02,-0.0214063,0.000269375
6.2110e-02,-0.0264062,-0.0003775
6.2120e-02,-0.0339062,4.21875e-05
6.2130e-02,-0.0382813,-0.0001775
6.2140e-02,-0.0276563,-0.000484375
6.2150e-02,-0.020625,0.000133438
6.2160e-02,-0.0234375,-9.25e-05
6.2170e-02,-0.0223437,0.000336875
6.2180e-02,-0.0204688,-0.000269688
6.2190e-02,-0.021875,0.000201563
6.2200e-02,-0.0242188,0.000206875
6.2210e-02,-0.018125,0.000468438
6.2220e-02,-0.0196875,5.59375e-05
6.2230e-02,-0.0298438,0.000702188
6.2240e-02,-0.0334375,-3.125e-07
6.2250e-02,-0.0321875,-0.00063875
6.2260e-02,-0.02625,-0.000285938
6.2270e-02,-0.0185937,9.5625e-05
6.2280e-02,-0.0175,-4.84375e-05
6.2290e-02,-0.03125,-0.000349063
6.2300e-02,-0.0145312,-0.000113125
6.2310e-02,-0.0254688,0.000289688
6.2320e-02,-0.02375,-0.00029125
6.2330e-02,-0.0198438,-3.71875e-05
6.2340e-02,-0.0267187,5.25e-05
6.2350e-02,-0.0240625,0.000673438
6.2360e-02,-0.0282813,3.1875e-05
6.2370e-02,-0.0295313,0.000215625
6.2380e-02,-0.024375,0.00023375
6.2390e-02,-0.0198438,0.000633125
6.2400e-02,-0.0254688,0.000158438
6.2410e-02,-0.0221875,0.00011875
6.2420e-02,-0.026875,0.000132813
6.2430e-02,-0.0232812,-1.625e-05
6.2440e-02,-0.0196875,0.000167813
6.2450e-02,-0.0220313,-0.000537813
6.2460e-02,-0.0440625,0.000888438
6.2470e-02,-0.0242188,-0.00048625
6.2480e-02,-0.0225,-0.000380625
6.2490e-02,-0.0121875,0.000197188
6.2500e-02,-0.0210938,-0.000354063
6.2510e-02,-0.025625,-0.000285938
6.2520e-02,-0.0410937,0.000405938
6.2530e-02,-0.026875,-0.000256563
6.2540e-02,-0.0323438,0.000414688
6.2550e-02,-0.0265625,0.000148438
6.2560e-02,-0.0248438,-0.000188438
6.2570e-02,-0.0259375,-0.000135938
6.2580e-02,-0.0246875,0.00032125
6.2590e-02,-0.0273438,0.000528125
6.2600e-02,-0.0371875,-8.90625e-05
6.2610e-02,-0.0379688,-8.125e-05
6.2620e-02,-0.0170313,0.0002825
6.2630e-02,-0.0279688,-0.000304375
6.2640e-02,-0.0128125,-0.000239688
6.2650e-02,-0.020625,-0.000275938
6.2660e-02,-0.04125,-7.71875e-05
6.2670e-02,-0.0304688,-0.000543438
6.2680e-02,-0.0345312,0.000221563
6.2690e-02,-0.0303125,-0.000354375
6.2700e-02,-0.030625,-7.4375e-05
6.2710e-02,-0.036875,0.000164063
6.2720e-02,-0.02,-0.000138438
6.2730e-02,-0.0276563,0.000435938
6.2740e-02,-0.044375,0.000417188
6.2750e-02,-0.0317188,-9.5625e-05
6.2760e-02,-0.0296875,-0.000405625
6.2770e-02,-0.0259375,-0.000115313
6.2780e-02,-0.0340625,-6.75e-05
6.2790e-02,-0.04,0.000307188
6.2800e-02,-0.030625,9.625e-05
6.2810e-02,-0.0392187,0.000132188
6.2820e-02,-0.0339062,-0.00058125
6.2830e-02,-0.0189062,-9.625e-05
6.2840e-02,-0.03125,0.000799063
6.2850e-02,-0.0148437,-0.000188438
6.2860e-02,-0.0215625,0.000230938
6.2870e-02,-0.0123438,-0.000442813
6.2880e-02,-0.0295313,-0.000715938
6.2890e-02,-0.0315625,-0.0001325
6.2900e-02,-0.0310937,-0.000200313
6.2910e-02,-0.024375,0.000549688
6.2920e-02,-0.0278125,0.000452188
6.2930e-02,-0.0204688,0.000195938
6.2940e-02,-0.0346875,-0.00019875
6.2950e-02,-0.0260937,6.625e-05
6.2960e-02,-0.025,0.0004825
6.2970e-02,-0.02875,9.15625e-05
6.2980e-02,-0.03,5.28125e-05
6.2990e-02,-0.0317188,0.000199063
6.3000e-02,-0.025625,4.3125e-05
6.3010e-02,-0.03625,0.0001175
6.3020e-02,-0.0289063,0.000772813
6.3030e-02,-0.0203125,3.53125e-05
6.3040e-02,-0.0310937,-0.000369063
6.3050e-02,-0.03125,0.000335625
6.3060e-02,-0.0276563,-0.000245625
6.3070e-02,-0.016875,0.000156563
6.3080e-02,-0.0332812,0.000334063
6.3090e-02,-0.0153125,9.46875e-05
6.3100e-02,-0.0276563,0.000437813
6.3110e-02,-0.0345312,0.000726563
6.3120e-02,-0.0176563,1.03125e-05
6.3130e-02,-0.040625,0.00017875
6.3140e-02,-0.0329688,-0.000270938
6.3150e-02,-0.0448438,-0.000286875
6.3160e-02,-0.0348437,6.25e-06
6.3170e-02,-0.0460938,-0.000259688
6.3180e-02,-0.0346875,-0.000113125
6.3190e-02,-0.0295313,-0.000145
6.3200e-02,-0.019375,-0.00047875
6.3210e-02,-0.0323438,-0.000623125
6.3220e-02,-0.0334375,0.00066125
6.3230e-02,-0.03125,0.000201563
6.3240e-02,-0.0325,0.000530625
6.3250e-02,-0.0321875,-0.000237813
6.3260e-02,-0.0371875,-0.0004375
6.3270e-02,-0.045,0.000185313
6.3280e-02,-0.0396875,-0.000625313
6.3290e-02,-0.0353125,-8.46875e-05
6.3300e-02,-0.031875,-0.000465
6.3310e-02,-0.0289063,-2.15625e-05
6.3320e-02,-0.0267187,-0.000210625
6.3330e-02,-0.0257812,-0.000416563
6.3340e-02,-0.04,0.000420313
6.3350e-02,-0.0232812,5.75e-05
6.3360e-02,-0.030625,-0.00031125
6.3370e-02,-0.0342187,0.000236875
6.3380e-02,-0.04,0.000417188
6.3390e-02,-0.0379688,0.000368125
6.3400e-02,-0.0315625,-3.59375e-05
6.3410e-02,-0.0229687,-7.96875e-05
6.3420e-02,-0.0335937,0.000145625
6.3430e-02,-0.0410937,0.000141563
6.3440e-02,-0.029375,0.00031625
6.3450e-02,-0.05875,-1.78125e-05
6.3460e-02,-0.035625,-0.000593437
6.3470e-02,-0.0329688,-0.000273438
6.3480e-02,-0.0307813,-0.000403125
6.3490e-02,-0.0435938,-0.00011625
6.3500e-02,-0.0275,0.0007825
6.3510e-02,-0.0421875,0.000434688
6.3520e-02,-0.0475,0.000535
6.3530e-02,-0.0425,0.000452813
6.3540e-02,-0.03375,-0.000109063
6.3550e-02,-0.0370313,0.0004175
6.3560e-02,-0.0396875,0.000774688
6.3570e-02,-0.0264062,5.40625e-05
6.3580e-02,-0.0210938,-0.000124688
6.3590e-02,-0.0225,0.000106875
6.3600e-02,-0.0435938,2.3125e-05
6.3610e-02,-0.0290625,-0.000325313
6.3620e-02,-0.0301563,4.875e-05
6.3630e-02,-0.0171875,0.000206875
6.3640e-02,-0.0196875,0.000222188
6.3650e-02,-0.0251563,0.000316875
6.3660e-02,-0.0264062,0.0001275
6.3670e-02,-0.0239063,-0.000537813
6.3680e-02,-0.034375,-0.00045625
6.3690e-02,-0.0392187,0.000254688
6.3700e-02,-0.023125,0.000321875
6.3710e-02,-0.0457813,0.000615
6.3720e-02,-0.0371875,0.000503438
6.3730e-02,-0.0295313,-0.000496875
6.3740e-02,-0.0273438,0.000170625
6.3750e-02,-0.03125,5.65625e-05
6.3760e-02,-0.0314062,-4.125e-05
6.3770e-02,-0.0282813,0.000174375
6.3780e-02,-0.0310937,-0.000623125
6.3790e-02,-0.0304688,1.6875e-05
6.3800e-02,-0.0282813,-0.000372813
6.3810e-02,-0.0332812,-0.000482188
6.3820e-02,-0.03625,-0.000552188
6.3830e-02,-0.0232812,7.28125e-05
6.3840e-02,-0.033125,2e-05
6.3850e-02,-0.0339062,0.000595625
6.3860e-02,-0.0373438,-0.000154688
6.3870e-02,-0.0251563,-0.00106125
6.3880e-02,-0.0285938,-0.00015375
6.3890e-02,-0.0395313,1e-05
6.3900e-02,-0.0434375,0.000466563
6.3910e-02,-0.0325,4.28125e-05
6.3920e-02,-0.02625,-0.000478438
6.3930e-02,-0.0371875,-0.00118906
6.3940e-02,-0.0301563,-0.00102594
6.3950e-02,-0.0353125,-0.000639375
6.3960e-02,-0.0385937,0.00025
6.3970e-02,-0.0492188,9.5e-05
6.3980e-02,-0.0310937,2.09375e-05
6.3990e-02,-0.0464062,-0.000772188
6.4000e-02,-0.0221875,-0.00096125
6.4010e-02,-0.02875,4.53125e-05
6.4020e-02,-0.0378125,0.000690625
6.4030e-02,-0.03625,0.000833125
6.4040e-02,-0.0328125,0.00159656
6.4050e-02,-0.0275,0.000141563
6.4060e-02,-0.0359375,-0.00063375
6.4070e-02,-0.0371875,-0.00136313
6.4080e-02,-0.04,-0.000529687
6.4090e-02,-0.02375,0.00090125
6.4100e-02,-0.03875,0.00135156
6.4110e-02,-0.0329688,0.000241563
6.4120e-02,-0.0390625,-0.0008875
6.4130e-02,-0.043125,-0.00204875
6.4140e-02,-0.0353125,-0.000900938
6.4150e-02,-0.0364063,0.000465313
6.4160e-02,-0.0370313,0.00179594
6.4170e-02,-0.0314062,0.0014575
6.4180e-02,-0.0303125,0.000430313
6.4190e-02,-0.0485938,-0.00105438
6.4200e-02,-0.0267187,-0.000707813
6.4210e-02,-0.0398437,-0.000199063
6.4220e-02,-0.0323438,0.00168281
6.4230e-02,-0.0346875,0.00172375
6.4240e-02,-0.0435938,1.15625e-05
6.4250e-02,-0.0346875,-0.000988438
6.4260e-02,-0.03125,-0.00256344
6.4270e-02,-0.04375,-0.00122375
6.4280e-02,-0.029375,0.00109406
6.4290e-02,-0.0390625,0.00243094
6.4300e-02,-0.0351562,0.00151406
6.4310e-02,-0.0370313,-0.00130719
6.4320e-02,-0.0334375,-0.00294313
6.4330e-02,-0.0370313,-0.00214188
6.4340e-02,-0.0479688,-0.000160938
6.4350e-02,-0.0346875,0.00209844
6.4360e-02,-0.0401563,0.00254313
6.4370e-02,-0.0289063,-0.000305313
6.4380e-02,-0.0460938,-0.00255281
6.4390e-02,-0.0390625,-0.00324688
6.4400e-02,-0.0334375,-0.000887188
6.4410e-02,-0.0401563,0.00206688
6.4420e-02,-0.0478125,0.00373375
6.4430e-02,-0.0415625,0.00212063
6.4440e-02,-0.0279688,-0.00116406
6.4450e-02,-0.0340625,-0.00377656
6.4460e-02,-0.0278125,-0.00292656
6.4470e-02,-0.0296875,-1.84375e-05
6.4480e-02,-0.04625,0.00296
6.4490e-02,-0.0354688,0.00398438
6.4500e-02,-0.0459375,0.000936563
6.4510e-02,-0.04,-0.00271594
6.4520e-02,-0.02625,-0.00457625
6.4530e-02,-0.0320312,-0.00190719
6.4540e-02,-0.0229687,0.00194031
6.4550e-02,-0.0370313,0.00365188
6.4560e-02,-0.0334375,0.00341438
6.4570e-02,-0.0328125,0.000129062
6.4580e-02,-0.0448438,-0.00384313
6.4590e-02,-0.0371875,-0.00389219
6.4600e-02,-0.0379688,-0.0011125
6.4610e-02,-0.0395313,0.00260531
6.4620e-02,-0.0465625,0.00374156
6.4630e-02,-0.0384375,0.00150063
6.4640e-02,-0.0442188,-0.00158875
6.4650e-02,-0.0439063,-0.00366469
6.4660e-02,-0.0310937,-0.00261063
6.4670e-02,-0.0376563,0.000875313
6.4680e-02,-0.0414063,0.00309938
6.4690e-02,-0.0446875,0.00287219
6.4700e-02,-0.0351562,0.000569688
6.4710e-02,-0.0284375,-0.00189719
6.4720e-02,-0.0345312,-0.00237469
6.4730e-02,-0.0340625,-0.000496875
6.4740e-02,-0.0340625,0.001515
6.4750e-02,-0.0375,0.002595
6.4760e-02,-0.0339062,0.00142531
6.4770e-02,-0.0389063,-0.00083625
6.4780e-02,-0.0457813,-0.00159313
6.4790e-02,-0.0323438,-0.00143281
6.4800e-02,-0.0303125,-4.5e-05
6.4810e-02,-0.0465625,0.00191688
6.4820e-02,-0.0267187,0.00200875
6.4830e-02,-0.040625,0.000683125
6.4840e-02,-0.0284375,-0.00114688
6.4850e-02,-0.0414063,-0.00168781
6.4860e-02,-0.0334375,-0.000559063
6.4870e-02,-0.0454688,0.000989063
6.4880e-02,-0.04,0.00132125
6.4890e-02,-0.045625,0.000615
6.4900e-02,-0.0376563,-0.00112781
6.4910e-02,-0.0439063,-0.00185844
6.4920e-02,-0.0373438,-0.000544375
6.4930e-02,-0.030625,0.000429063
6.4940e-02,-0.039375,0.00133625
6.4950e-02,-0.0340625,0.000778125
6.4960e-02,-0.0457813,8.125e-05
6.4970e-02,-0.0410937,-0.00137656
6.4980e-02,-0.0375,-0.00115906
6.4990e-02,-0.041875,-8.96875e-05
6.5000e-02,-0.0485938,0.00118781
6.5010e-02,-0.0385937,0.00113094
6.5020e-02,-0.0276563,0.000280625
6.5030e-02,-0.0425,-0.00101594
6.5040e-02,-0.038125,-0.000480313
6.5050e-02,-0.0439063,-0.0004775
6.5060e-02,-0.031875,0.000303438
6.5070e-02,-0.0365625,0.000668438
6.5080e-02,-0.0260937,0.000642188
6.5090e-02,-0.043125,-0.000549688
6.5100e-02,-0.0471875,-0.000127813
6.5110e-02,-0.0414063,-0.000155625
6.5120e-02,-0.045,0.00048
6.5130e-02,-0.0415625,0.000618438
6.5140e-02,-0.0357813,0.0006025
6.5150e-02,-0.039375,0.000171563
6.5160e-02,-0.0359375,0.000213125
6.5170e-02,-0.03125,-0.000865938
6.5180e-02,-0.0395313,0.00054875
6.5190e-02,-0.0351562,0.00032125
6.5200e-02,-0.0409375,0.000608438
6.5210e-02,-0.0354688,0.000489375
6.5220e-02,-0.0440625,8.375e-05
6.5230e-02,-0.0398437,-0.000865
6.5240e-02,-0.0392187,-0.00123531
6.5250e-02,-0.036875,0.000224688
6.5260e-02,-0.0364063,0.00073125
6.5270e-02,-0.0426562,-0.000187188
6.5280e-02,-0.03625,-3.75e-06
6.5290e-02,-0.043125,-0.000406563
6.5300e-02,-0.0425,-0.000930625
6.5310e-02,-0.0340625,-0.00046125
6.5320e-02,-0.0579687,-5.125e-05
6.5330e-02,-0.0371875,0.000702813
6.5340e-02,-0.045,0.00045375
6.5350e-02,-0.0454688,3.90625e-05
6.5360e-02,-0.0415625,-0.000553125
6.5370e-02,-0.0482812,-0.000463438
6.5380e-02,-0.0476562,-0.000399375
6.5390e-02,-0.045625,-0.000105313
6.5400e-02,-0.0359375,0.000254375
6.5410e-02,-0.0478125,0.000417188
6.5420e-02,-0.0420312,0.0002175
6.5430e-02,-0.0396875,-0.000302188
6.5440e-02,-0.0317188,-0.000106563
6.5450e-02,-0.0465625,0.000197188
6.5460e-02,-0.0334375,0.000516875
6.5470e-02,-0.0342187,0.000575938
6.5480e-02,-0.0420312,-0.000450313
6.5490e-02,-0.0373438,-0.000336875
6.5500e-02,-0.0421875,-0.000100313
6.5510e-02,-0.044375,-0.000109688
6.5520e-02,-0.0417187,0.000225625
6.5530e-02,-0.03125,9.1875e-05
6.5540e-02,-0.0320312,0.000539063
6.5550e-02,-0.0346875,0.000331563
6.5560e-02,-0.038125,-1.21875e-05
6.5570e-02,-0.0429688,-0.000582188
6.5580e-02,-0.035625,-0.0004025
6.5590e-02,-0.0321875,-0.000191875
6.5600e-02,-0.0445313,9.96875e-05
6.5610e-02,-0.0417187,0.000399375
6.5620e-02,-0.0417187,0.000289688
6.5630e-02,-0.0439063,8.34375e-05
6.5640e-02,-0.0435938,-4.40625e-05
6.5650e-02,-0.0314062,-0.000154063
6.5660e-02,-0.0415625,0.000135
6.5670e-02,-0.0414063,0.000488125
6.5680e-02,-0.0354688,0.000614687
6.5690e-02,-0.0370313,0.000455938
6.5700e-02,-0.0323438,-0.000507188
6.5710e-02,-0.0378125,-0.000647188
6.5720e-02,-0.044375,9.71875e-05
6.5730e-02,-0.0296875,0.000137188
6.5740e-02,-0.0434375,0.00056625
6.5750e-02,-0.0421875,1.53125e-05
6.5760e-02,-0.045625,0.00021625
6.5770e-02,-0.0445313,-0.000239688
6.5780e-02,-0.0398437,-0.000140313
6.5790e-02,-0.0495312,0.000264688
6.5800e-02,-0.0298438,0.0004875
6.5810e-02,-0.0417187,2.90625e-05
6.5820e-02,-0.0348437,0.000235625
6.5830e-02,-0.0454688,-6.46875e-05
6.5840e-02,-0.0507812,-0.000105938
6.5850e-02,-0.0510938,-0.000226875
6.5860e-02,-0.0453125,-0.0003725
6.5870e-02,-0.0335937,-0.000720938
6.5880e-02,-0.0332812,-0.00037375
6.5890e-02,-0.0453125,-0.000446563
6.5900e-02,-0.035625,-0.000354688
6.5910e-02,-0.048125,-0.000356563
6.5920e-02,-0.0478125,0.000219063
6.5930e-02,-0.0446875,0.000113438
6.5940e-02,-0.0292188,-2.28125e-05
6.5950e-02,-0.0432813,0.0001325
6.5960e-02,-0.0421875,0.000143125
6.5970e-02,-0.0364063,0.00019875
6.5980e-02,-0.0360938,-1.09375e-05
6.5990e-02,-0.031875,-0.00016
6.6000e-02,-0.035,-7.96875e-05
6.6010e-02,-0.039375,-3.3125e-05
6.6020e-02,-0.0373438,-0.00029125
6.6030e-02,-0.046875,0.000585938
6.6040e-02,-0.034375,0.000389063
6.6050e-02,-0.04875,0.000267813
6.6060e-02,-0.0351562,0.0004375
6.6070e-02,-0.0371875,0.000223125
6.6080e-02,-0.0275,-0.000114063
6.6090e-02,-0.0435938,-0.000401875
6.6100e-02,-0.045,-0.000656875
6.6110e-02,-0.04375,-0.000351563
6.6120e-02,-0.028125,-0.000361875
6.6130e-02,-0.0414063,-0.000205938
6.6140e-02,-0.0273438,-0.00015375
6.6150e-02,-0.0453125,-0.000915313
6.6160e-02,-0.0478125,-0.000433125
6.6170e-02,-0.0421875,-0.000135
6.6180e-02,-0.0440625,0.000216875
6.6190e-02,-0.0423437,0.000241875
6.6200e-02,-0.0364063,0.000285313
6.6210e-02,-0.044375,3.53125e-05
6.6220e-02,-0.03375,-0.000165938
6.6230e-02,-0.0457813,-8.0625e-05
6.6240e-02,-0.0421875,-0.000286563
6.6250e-02,-0.0339062,0.00022
6.6260e-02,-0.0409375,0.000148125
6.6270e-02,-0.0445313,0.00026625
6.6280e-02,-0.04625,-0.000221875
6.6290e-02,-0.0342187,-0.000126563
6.6300e-02,-0.034375,1.375e-05
6.6310e-02,-0.0290625,0.000259688
6.6320e-02,-0.0414063,0.000681563
6.6330e-02,-0.0389063,0.000147188
6.6340e-02,-0.048125,-0.000156563
6.6350e-02,-0.0392187,0.000255313
6.6360e-02,-0.029375,-7.8125e-05
6.6370e-02,-0.0464062,-0.000224688
6.6380e-02,-0.038125,0.000235625
6.6390e-02,-0.0414063,-0.000342813
6.6400e-02,-0.04,0.000339375
6.6410e-02,-0.0459375,1.90625e-05
6.6420e-02,-0.033125,0.00013
6.6430e-02,-0.0428125,2.6875e-05
6.6440e-02,-0.0446875,4.5e-05
6.6450e-02,-0.04125,0.000564375
6.6460e-02,-0.0417187,0.000353438
6.6470e-02,-0.0423437,0.000177813
6.6480e-02,-0.026875,0.000111563
6.6490e-02,-0.0298438,0.000247813
6.6500e-02,-0.0396875,-0.000444688
6.6510e-02,-0.0475,-0.000237188
6.6520e-02,-0.0478125,0.000119688
6.6530e-02,-0.0503125,-6.09375e-05
6.6540e-02,-0.0392187,1.84375e-05
6.6550e-02,-0.0432813,0.000645
6.6560e-02,-0.041875,-7.1875e-06
6.6570e-02,-0.0373438,0.000235625
6.6580e-02,-0.0315625,0.000394063
6.6590e-02,-0.03875,0.000107813
6.6600e-02,-0.0385937,-9.46875e-05
6.6610e-02,-0.050625,0.000330938
6.6620e-02,-0.0429688,0.000393125
6.6630e-02,-0.0426562,-0.000254063
6.6640e-02,-0.0435938,0.00011875
6.6650e-02,-0.0379688,0.000199375
6.6660e-02,-0.04125,0.000560313
6.6670e-02,-0.0398437,0.000528438
6.6680e-02,-0.03875,-0.0007475
6.6690e-02,-0.0521875,2.09375e-05
6.6700e-02,-0.0396875,0.00034875
6.6710e-02,-0.0340625,0.000135625
6.6720e-02,-0.0420312,0.000111875
6.6730e-02,-0.0378125,9.46875e-05
6.6740e-02,-0.0473438,0.000169375
6.6750e-02,-0.0396875,0.000212813
6.6760e-02,-0.0439063,-0.00013
6.6770e-02,-0.0354688,0.000131875
6.6780e-02,-0.0464062,0.000166875
6.6790e-02,-0.0484375,-0.000105938
6.6800e-02,-0.0428125,-3.28125e-05
6.6810e-02,-0.0384375,-2.375e-05
6.6820e-02,-0.0417187,0.000152813
6.6830e-02,-0.0509375,8.75e-05
6.6840e-02,-0.0451563,0.0004025
6.6850e-02,-0.0451563,-5.25e-05
6.6860e-02,-0.0459375,0.000325313
6.6870e-02,-0.044375,-0.000375313
6.6880e-02,-0.0454688,-0.00117281
6.6890e-02,-0.0425,-0.000511875
6.6900e-02,-0.0332812,-0.000194688
6.6910e-02,-0.0417187,-0.000204688
6.6920e-02,-0.0348437,-0.000510313
6.6930e-02,-0.0398437,-0.000109688
6.6940e-02,-0.0417187,-3.0625e-05
6.6950e-02,-0.0434375,0.000264688
6.6960e-02,-0.0407813,0.000410625
6.6970e-02,-0.0354688,-0.000109375
6.6980e-02,-0.0398437,-0.000819375
6.6990e-02,-0.033125,0.000360625
6.7000e-02,-0.0240625,0.000268438
6.7010e-02,-0.0329688,-0.000430313
6.7020e-02,-0.044375,0.0002125
6.7030e-02,-0.0298438,-0.000104375
6.7040e-02,-0.0548437,-0.000662188
6.7050e-02,-0.043125,1.34375e-05
6.7060e-02,-0.0498438,-3.21875e-05
6.7070e-02,-0.0379688,0.000109375
6.7080e-02,-0.0421875,-0.000121563
6.7090e-02,-0.045,0.00012625
6.7100e-02,-0.0482812,-0.000328438
6.7110e-02,-0.0403125,-0.000100625
6.7120e-02,-0.0410937,0.000208438
6.7130e-02,-0.0410937,-0.000280313
6.7140e-02,-0.0496875,-0.000195625
6.7150e-02,-0.0489062,0.000338125
6.7160e-02,-0.0404687,8.4375e-06
6.7170e-02,-0.04375,0.00128625
6.7180e-02,-0.053125,0.0003475
6.7190e-02,-0.0420312,-0.00011875
6.7200e-02,-0.0357813,-0.000296875
6.7210e-02,-0.0253125,-0.00043875
6.7220e-02,-0.0346875,-0.000635938
6.7230e-02,-0.0460938,-0.000453438
6.7240e-02,-0.0354688,5.78125e-05
6.7250e-02,-0.0504687,3.75e-06
6.7260e-02,-0.04125,0.000338438
6.7270e-02,-0.041875,0.00092625
6.7280e-02,-0.0346875,0.000494375
6.7290e-02,-0.0339062,0.000299375
6.7300e-02,-0.0439063,0.00051
6.7310e-02,-0.0426562,0.00035125
6.7320e-02,-0.0404687,-0.000659063
6.7330e-02,-0.0392187,-0.000542813
6.7340e-02,-0.0410937,0.000230625
6.7350e-02,-0.045,0.00013375
6.7360e-02,-0.0395313,7.71875e-05
6.7370e-02,-0.051875,0.000499063
6.7380e-02,-0.043125,-0.000485938
6.7390e-02,-0.0389063,2.8125e-06
6.7400e-02,-0.0421875,0.00011875
6.7410e-02,-0.0528125,0.000233438
6.7420e-02,-0.033125,3e-05
6.7430e-02,-0.050625,-0.000145
6.7440e-02,-0.0320312,8.84375e-05
6.7450e-02,-0.0420312,0.000105
6.7460e-02,-0.0464062,2.5e-05
6.7470e-02,-0.06,-0.00047625
6.7480e-02,-0.0428125,-8.53125e-05
6.7490e-02,-0.039375,-0.00023875
6.7500e-02,-0.0445313,0.000182188
6.7510e-02,-0.046875,-0.000310313
6.7520e-02,-0.0376563,-0.00021625
6.7530e-02,-0.05,0.000133438
6.7540e-02,-0.0379688,-4.96875e-05
6.7550e-02,-0.0392187,0.000429063
6.7560e-02,-0.0396875,0.000527813
6.7570e-02,-0.0495312,0.000942813
6.7580e-02,-0.0557813,0.000450313
6.7590e-02,-0.0303125,-0.00023875
6.7600e-02,-0.0476562,-0.00016625
6.7610e-02,-0.040625,-0.000425938
6.7620e-02,-0.0459375,-0.000131563
6.7630e-02,-0.0579687,0.000158125
6.7640e-02,-0.0326562,0.000275625
6.7650e-02,-0.0489062,-0.00038875
6.7660e-02,-0.0342187,-0.000268438
6.7670e-02,-0.0382813,-1.0625e-05
6.7680e-02,-0.0307813,9.3125e-05
6.7690e-02,-0.0420312,5.625e-05
6.7700e-02,-0.0357813,0.000148438
6.7710e-02,-0.0479688,0.000230625
6.7720e-02,-0.043125,-0.0002475
6.7730e-02,-0.0389063,-0.000137188
6.7740e-02,-0.0445313,-0.000109688
6.7750e-02,-0.0390625,4.6875e-05
6.7760e-02,-0.03625,0.000189375
6.7770e-02,-0.0404687,0.000576875
6.7780e-02,-0.0448438,0.000578438
6.7790e-02,-0.0479688,0.000316563
6.7800e-02,-0.0442188,5.8125e-05
6.7810e-02,-0.0328125,-0.0001625
6.7820e-02,-0.0415625,0.000520625
6.7830e-02,-0.0478125,0.00105219
6.7840e-02,-0.0475,0.000234688
6.7850e-02,-0.0467188,-8.5625e-05
6.7860e-02,-0.0471875,-0.000356563
6.7870e-02,-0.04,-0.000203438
6.7880e-02,-0.03375,-0.000225625
6.7890e-02,-0.041875,-2.0625e-05
6.7900e-02,-0.0403125,0.000353125
6.7910e-02,-0.053125,-0.00063875
6.7920e-02,-0.0373438,-0.00096
6.7930e-02,-0.0382813,-0.00128313
6.7940e-02,-0.0440625,-0.000507813
6.7950e-02,-0.0459375,0.000460625
6.7960e-02,-0.0382813,0.000342188
6.7970e-02,-0.0320312,0.000390625
6.7980e-02,-0.0334375,-0.000690625
6.7990e-02,-0.04,-0.000653438
6.8000e-02,-0.0390625,-0.0006475
6.8010e-02,-0.0442188,0.000379063
6.8020e-02,-0.046875,0.00101375
6.8030e-02,-0.053125,0.00088375
6.8040e-02,-0.0389063,0.000404688
6.8050e-02,-0.0385937,-0.00049375
6.8060e-02,-0.0540625,-0.000245625
6.8070e-02,-0.0359375,-0.000298438
6.8080e-02,-0.0332812,0.000743125
6.8090e-02,-0.0525,0.00133906
6.8100e-02,-0.0484375,4.84375e-05
6.8110e-02,-0.0345312,-0.000492813
6.8120e-02,-0.041875,-0.00127
6.8130e-02,-0.04,-0.000805938
6.8140e-02,-0.0423437,0.000705313
6.8150e-02,-0.044375,0.00145563
6.8160e-02,-0.0410937,0.00100375
6.8170e-02,-0.043125,-0.000333125
6.8180e-02,-0.0348437,-0.0019075
6.8190e-02,-0.0510938,-0.00113969
6.8200e-02,-0.0304688,0.000588438
6.8210e-02,-0.04125,0.0015275
6.8220e-02,-0.0503125,0.00215281
6.8230e-02,-0.0451563,0.000858438
6.8240e-02,-0.0423437,-0.000374063
6.8250e-02,-0.0342187,-0.00123219
6.8260e-02,-0.0485938,-0.000468438
6.8270e-02,-0.0460938,0.00175469
6.8280e-02,-0.0432813,0.00274031
6.8290e-02,-0.045,0.00125688
6.8300e-02,-0.0360938,-0.0007325
6.8310e-02,-0.041875,-0.00137313
6.8320e-02,-0.04375,-0.0015325
6.8330e-02,-0.055,0.000465938
6.8340e-02,-0.0421875,0.00207375
6.8350e-02,-0.0548437,0.00261438
6.8360e-02,-0.038125,0.000529375
6.8370e-02,-0.0473438,-0.00251781
6.8380e-02,-0.0385937,-0.00236438
6.8390e-02,-0.0554687,-0.00147156
6.8400e-02,-0.0498438,0.00102
6.8410e-02,-0.0342187,0.0024675
6.8420e-02,-0.0540625,0.00262688
6.8430e-02,-0.0382813,0.00246781
6.8440e-02,-0.0503125,0.00260813
6.8450e-02,-0.04375,0.00274063
6.8460e-02,-0.0445313,0.00241094
6.8470e-02,-0.0453125,0.00242875
6.8480e-02,-0.0515625,0.00256906
6.8490e-02,1.29937,-0.000451563
6.8500e-02,1.95578,-0.00454688
6.8510e-02,2.06016,-0.00684188
6.8520e-02,1.40969,-0.00755531
6.8530e-02,-0.449063,-0.00776344
6.8540e-02,0.116562,-0.00787063
6.8550e-02,0.104219,-0.00767906
6.8560e-02,0.085,-0.0076775
6.8570e-02,0.075625,-0.00764344
6.8580e-02,0.0517187,-0.00754188
6.8590e-02,0.0670313,-0.00756594
6.8600e-02,0.061875,-0.00769375
6.8610e-02,0.0484375,-0.00756125
6.8620e-02,0.030625,-0.00762031
6.8630e-02,0.0339062,-0.0074425
6.8640e-02,0.039375,-0.007775
6.8650e-02,0.05,-0.00763719
6.8660e-02,0.0195313,-0.00769625
6.8670e-02,0.03625,-0.00757625
6.8680e-02,0.0328125,-0.00752031
6.8690e-02,0.028125,-0.00758844
6.8700e-02,0.0301562,-0.00744781
6.8710e-02,0.0240625,-0.00739313
6.8720e-02,0.019375,-0.00729344
6.8730e-02,0.0232812,-0.00738688
6.8740e-02,0.0164063,-0.00584313
6.8750e-02,0.00796875,-0.000726563
6.8760e-02,0.01625,0.000930313
6.8770e-02,0.0071875,0.000538438
6.8780e-02,0.0101562,-0.00175469
6.8790e-02,0.0204687,-0.00248656
6.8800e-02,0.0114063,-0.00224469
6.8810e-02,0.0223437,0.000217188
6.8820e-02,0.0145312,0.00171531
6.8830e-02,0.0251563,0.0016025
6.8840e-02,-0.00390625,0.00025125
6.8850e-02,0.0090625,-0.00132094
6.8860e-02,0.0065625,-0.00188719
6.8870e-02,0.00734375,8.0625e-05
6.8880e-02,0.00546875,0.00141844
6.8890e-02,0.0217187,0.00133313
6.8900e-02,-0.0028125,0.000283125
6.8910e-02,0.0140625,-0.00177156
6.8920e-02,-0.00328125,-0.00198594
6.8930e-02,-0.0003125,-0.000620625
6.8940e-02,0.0096875,0.000531875
6.8950e-02,-0.005625,0.00138469
6.8960e-02,-0.00015625,0.00074625
6.8970e-02,0.0034375,-0.0007675
6.8980e-02,0.0120312,-0.00092125
6.8990e-02,-0.0021875,-0.000729688
6.9000e-02,-0.00109375,8.15625e-05
6.9010e-02,0.005,0.000628125
6.9020e-02,-0.00265625,0.00108625
6.9030e-02,0.001875,0.000797813
6.9040e-02,0.004375,-0.000500625
6.9050e-02,-0.00421875,-0.000898125
6.9060e-02,-0.0120313,-0.000209375
6.9070e-02,-0.00328125,1.75e-05
6.9080e-02,0.00234375,0.000716563
6.9090e-02,-0.0078125,0.000573438
6.9100e-02,0.00046875,7.96875e-05
6.9110e-02,-0.00078125,-0.0008575
6.9120e-02,-0.00203125,-0.000719375
6.9130e-02,-0.008125,0.000122188
6.9140e-02,-0.001875,0.000435313
6.9150e-02,-0.015,0.000775313
6.9160e-02,-0.0142188,0.000362813
6.9170e-02,-0.0096875,-0.000305938
6.9180e-02,-0.00296875,-0.000510937
6.9190e-02,-0.00828125,-6.84375e-05
6.9200e-02,-0.0040625,-1.875e-05
6.9210e-02,-0.0110937,0.00126281
6.9220e-02,-0.00984375,0.000357188
6.9230e-02,-0.00765625,-0.00013375
6.9240e-02,-0.0128125,0.000165625
6.9250e-02,-0.0134375,0.00047375
6.9260e-02,-0.00359375,-0.000167813
6.9270e-02,-0.0103125,0.000474063
6.9280e-02,-0.0053125,0.000668125
6.9290e-02,-0.00875,0.000109375
6.9300e-02,-0.0065625,-0.000137813
6.9310e-02,-0.0203125,-0.00025875
6.9320e-02,-0.020625,-0.000111875
6.9330e-02,-0.00671875,0.0001325
6.9340e-02,-0.0157813,0.0004075
6.9350e-02,-0.0153125,0.000876563
6.9360e-02,-0.011875,0.000143125
6.9370e-02,-0.0107813,0.000400625
6.9380e-02,-0.0176563,-0.000293125
6.9390e-02,-0.0104688,-8.75e-06
6.9400e-02,-0.0084375,-0.000179688
6.9410e-02,-0.0189062,0.00017875
6.9420e-02,-0.0145312,0.000455313
6.9430e-02,-0.0132813,-9.9375e-05
6.9440e-02,-0.02125,-0.000227813
6.9450e-02,-0.00875,0.000241875
6.9460e-02,-0.0142188,-0.000239688
6.9470e-02,-0.0179687,-0.000464375
6.9480e-02,-0.0126563,0.000819063
6.9490e-02,-0.0175,0.00021125
6.9500e-02,-0.0246875,-0.00014875
6.9510e-02,-0.0142188,-5.53125e-05
6.9520e-02,-0.0242188,-0.000133438
6.9530e-02,-0.0223437,-3.875e-05
6.9540e-02,-0.0120313,0.000339688
6.9550e-02,-0.00640625,0.000486875
6.9560e-02,-0.0128125,0.000275313
6.9570e-02,-0.0220313,0.000197813
6.9580e-02,-0.001875,-0.000404063
6.9590e-02,-0.0125,0.000407813
6.9600e-02,-0.0175,-0.000265938
6.9610e-02,-0.0164063,-0.000110625
6.9620e-02,-0.0195312,0.000163125
6.9630e-02,-0.0192187,-0.000442188
6.9640e-02,-0.0228125,-0.00010625
6.9650e-02,-0.00953125,6.71875e-05
6.9660e-02,-0.0229687,0.000110625
6.9670e-02,-0.0107813,0.000245625
6.9680e-02,-0.0217188,9.3125e-05
6.9690e-02,-0.0146875,0.000490938
6.9700e-02,-0.015,-0.000429688
6.9710e-02,-0.0135937,0.0002525
6.9720e-02,-0.0178125,0.000232188
6.9730e-02,-0.010625,0.000450625
6.9740e-02,-0.0164063,0.000474375
6.9750e-02,-0.0176563,0.000757813
6.9760e-02,-0.00953125,0.000214688
6.9770e-02,-0.0298438,-0.000136875
6.9780e-02,-0.0232812,-0.000222188
6.9790e-02,-0.01875,-0.000443438
6.9800e-02,-0.0179687,-0.000634375
6.9810e-02,-0.03375,-9.375e-07
6.9820e-02,-0.013125,-4.25e-05
6.9830e-02,-0.029375,-3.6875e-05
6.9840e-02,-0.0282813,-0.000275
6.9850e-02,-0.0134375,0.000139688
6.9860e-02,-0.0164063,0.0002325
6.9870e-02,-0.0148437,0.000100625
6.9880e-02,-0.0146875,0.0005975
6.9890e-02,-0.0170313,0.000545625
6.9900e-02,-0.021875,0.000153438
6.9910e-02,-0.014375,0.000177813
6.9920e-02,-0.0223437,-5.875e-05
6.9930e-02,-0.019375,0.000429375
6.9940e-02,-0.0201563,0.000270313
6.9950e-02,-0.0228125,0.000404063
6.9960e-02,-0.0173438,0.000323125
6.9970e-02,-0.0264062,-0.000295313
6.9980e-02,-0.0232812,-0.000392813
6.9990e-02,-0.0176563,-0.000110625
7.0000e-02,-0.02,0.000211875
7.0010e-02,-0.0282813,-0.000177813
7.0020e-02,-0.0214063,-0.00011375
7.0030e-02,-0.0173438,-9.78125e-05
7.0040e-02,-0.024375,0.000234688
7.0050e-02,-0.0257812,2.375e-05
7.0060e-02,-0.0182812,0.000525313
7.0070e-02,-0.025,0.000428125
7.0080e-02,-0.021875,-0.000465313
7.0090e-02,-0.0164063,-0.00012125
7.0100e-02,-0.0239063,-0.00043125
7.0110e-02,-0.0204688,0.00052
7.0120e-02,-0.0325,0.00031125
7.0130e-02,-0.0225,0.000202813
7.0140e-02,-0.0178125,0.000180313
7.0150e-02,-0.0289063,-0.000380625
7.0160e-02,-0.0178125,-0.000400625
7.0170e-02,-0.0251563,-4.46875e-05
7.0180e-02,-0.019375,-0.0002875
7.0190e-02,-0.0267187,-0.000618438
7.0200e-02,-0.0134375,0.000297813
7.0210e-02,-0.0251563,-0.000273438
7.0220e-02,-0.0132813,-0.000335625
7.0230e-02,-0.0335937,-0.000707188
7.0240e-02,-0.0348437,-3.25e-05
7.0250e-02,-0.0267187,0.000184688
7.0260e-02,-0.0170313,-0.000691875
7.0270e-02,-0.02625,-0.000351563
7.0280e-02,-0.03,0.000374688
7.0290e-02,-0.0307813,-0.000109063
7.0300e-02,-0.02,-4.125e-05
7.0310e-02,-0.0353125,0.000149063
7.0320e-02,-0.0271875,0.000246875
7.0330e-02,-0.029375,-0.000205625
7.0340e-02,-0.0257812,-8.40625e-05
7.0350e-02,-0.0271875,-0.000189688
7.0360e-02,-0.0285938,4.21875e-05
7.0370e-02,-0.0235938,-0.0002675
7.0380e-02,-0.011875,-0.000671563
7.0390e-02,-0.0279688,-0.000200313
7.0400e-02,-0.0276563,-0.00018875
7.0410e-02,-0.0367188,-0.00027
7.0420e-02,-0.0267187,-0.000528438
7.0430e-02,-0.0323438,-3.875e-05
7.0440e-02,-0.0254688,-0.000152813
7.0450e-02,-0.0165625,-0.000308438
7.0460e-02,-0.0242188,0.000297813
7.0470e-02,-0.0204688,-0.000219688
7.0480e-02,-0.0190625,-0.000648125
7.0490e-02,-0.0314062,0.00039875
7.0500e-02,-0.0348437,-0.000257813
7.0510e-02,-0.0314062,-2.65625e-05
7.0520e-02,-0.0273438,0.00033
7.0530e-02,-0.0257812,0.000104375
7.0540e-02,-0.015,0.00034375
7.0550e-02,-0.0221875,-0.000222813
7.0560e-02,-0.0498438,-0.000112188
7.0570e-02,-0.0265625,0.000251562
7.0580e-02,-0.0403125,0.000220313
7.0590e-02,-0.0285938,-0.000606563
7.0600e-02,-0.031875,0.000120313
7.0610e-02,-0.0360938,8.25e-05
7.0620e-02,-0.0179687,0.000103125
7.0630e-02,-0.0289063,-0.000618125
7.0640e-02,-0.0365625,0.00014875
7.0650e-02,-0.0276563,0.000380313
7.0660e-02,-0.0334375,-0.000210313
7.0670e-02,-0.0234375,-0.000503438
7.0680e-02,-0.0304688,-2.71875e-05
7.0690e-02,-0.02625,-0.000225
7.0700e-02,-0.0275,0.0004525
7.0710e-02,-0.0335937,-0.000115938
7.0720e-02,-0.0285938,0.0006025
7.0730e-02,-0.0276563,0.000687813
7.0740e-02,-0.0273438,-0.000134688
7.0750e-02,-0.0273438,5.40625e-05
7.0760e-02,-0.0320312,-0.0004775
7.0770e-02,-0.0220313,-0.000104688
7.0780e-02,-0.0278125,4.9375e-05
7.0790e-02,-0.0279688,-0.000215
7.0800e-02,-0.025,-0.000344375
7.0810e-02,-0.0234375,-0.000194375
7.0820e-02,-0.040625,-0.000204063
7.0830e-02,-0.035625,-0.00024625
7.0840e-02,-0.0417187,-0.000479063
7.0850e-02,-0.0409375,-6.84375e-05
7.0860e-02,-0.0409375,-0.00011875
7.0870e-02,-0.038125,-0.000298438
7.0880e-02,-0.0304688,-0.000568438
7.0890e-02,-0.02625,-0.000345
7.0900e-02,-0.0392187,-0.00086
7.0910e-02,-0.034375,0.000135625
7.0920e-02,-0.0329688,0.000111563
7.0930e-02,-0.0267187,-0.000325
7.0940e-02,-0.0264062,-0.000265313
7.0950e-02,-0.035,5.375e-05
7.0960e-02,-0.0315625,-4.375e-05
7.0970e-02,-0.0435938,0.000545625
7.0980e-02,-0.0195312,1.75e-05
7.0990e-02,-0.0370313,8.78125e-05
7.1000e-02,-0.025,0.000447813
7.1010e-02,-0.0179687,1.0625e-05
7.1020e-02,-0.023125,-7.78125e-05
7.1030e-02,-0.0232812,-0.000735313
7.1040e-02,-0.040625,0.000111563
7.1050e-02,-0.0335937,0.000420938
7.1060e-02,-0.0228125,-0.000198438
7.1070e-02,-0.0323438,-1.5e-05
7.1080e-02,-0.0273438,-0.000150938
7.1090e-02,-0.0267187,-0.00031375
7.1100e-02,-0.0348437,0.00064
7.1110e-02,-0.0221875,-0.000262187
7.1120e-02,-0.0364063,-0.00021
7.1130e-02,-0.0307813,-0.000239375
7.1140e-02,-0.0379688,-0.000112813
7.1150e-02,-0.0304688,-0.00017
7.1160e-02,-0.0228125,0.0002775
7.1170e-02,-0.0367188,0.00025875
7.1180e-02,-0.0321875,0.000273438
7.1190e-02,-0.0365625,-0.000180625
7.1200e-02,-0.023125,0.000115313
7.1210e-02,-0.0348437,-0.000298438
7.1220e-02,-0.0340625,0.000135938
7.1230e-02,-0.0185937,-0.0004175
7.1240e-02,-0.0273438,0.000500938
7.1250e-02,-0.0334375,-0.00021
7.1260e-02,-0.04375,0.000156563
7.1270e-02,-0.03625,-0.0002375
7.1280e-02,-0.034375,-0.000104063
7.1290e-02,-0.0346875,0.000366875
7.1300e-02,-0.0310937,-0.000484063
7.1310e-02,-0.0335937,0.000163438
7.1320e-02,-0.03125,-0.000257813
7.1330e-02,-0.025,-0.00074875
7.1340e-02,-0.0248438,-0.000233125
7.1350e-02,-0.029375,-0.000314375
7.1360e-02,-0.025,-0.000104375
7.1370e-02,-0.0378125,7.53125e-05
7.1380e-02,-0.0348437,-0.000315
7.1390e-02,-0.038125,0.000335938
7.1400e-02,-0.0320312,-0.00046125
7.1410e-02,-0.034375,-8.71875e-05
7.1420e-02,-0.03125,-0.000334688
7.1430e-02,-0.034375,0.000545625
7.1440e-02,-0.0267187,0.0001425
7.1450e-02,-0.0390625,-0.000125
7.1460e-02,-0.0160938,-0.000226563
7.1470e-02,-0.0264062,-0.000195313
7.1480e-02,-0.0279688,0.000175625
7.1490e-02,-0.041875,-0.000129062
7.1500e-02,-0.040625,3.03125e-05
7.1510e-02,-0.0360938,0.0004075
7.1520e-02,-0.0198438,0.00080375
7.1530e-02,-0.0421875,0.000323438
7.1540e-02,-0.0292188,-0.000137813
7.1550e-02,-0.026875,0.000410938
7.1560e-02,-0.0390625,0.00044625
7.1570e-02,-0.0348437,0.000711875
7.1580e-02,-0.030625,0.000411563
7.1590e-02,-0.0246875,-0.000389063
7.1600e-02,-0.0348437,0.000253125
7.1610e-02,-0.0296875,0.000256875
7.1620e-02,-0.0404687,-0.0004775
7.1630e-02,-0.029375,0.000125313
7.1640e-02,-0.0421875,-9.1875e-05
7.1650e-02,-0.0279688,-0.000155
7.1660e-02,-0.0420312,-0.000184375
7.1670e-02,-0.0440625,-0.00026625
7.1680e-02,-0.0251563,-0.000352813
7.1690e-02,-0.0309375,-0.000210313
7.1700e-02,-0.0382813,-0.0002675
7.1710e-02,-0.03875,9.625e-05
7.1720e-02,-0.0282813,-6.875e-06
7.1730e-02,-0.0298438,-0.000621563
7.1740e-02,-0.0314062,-0.000433125
7.1750e-02,-0.0323438,8.96875e-05
7.1760e-02,-0.0329688,-3.40625e-05
7.1770e-02,-0.0342187,0.000913125
7.1780e-02,-0.0353125,0.00046125
7.1790e-02,-0.0276563,-0.000324375
7.1800e-02,-0.0378125,-0.000392188
7.1810e-02,-0.0332812,-0.000315625
7.1820e-02,-0.0414063,-0.000165
7.1830e-02,-0.0414063,-2.5e-05
7.1840e-02,-0.0334375,0.000679375
7.1850e-02,-0.035625,0.000595938
7.1860e-02,-0.044375,-0.00012
7.1870e-02,-0.0414063,-2.03125e-05
7.1880e-02,-0.0340625,8.8125e-05
7.1890e-02,-0.0332812,-7.34375e-05
7.1900e-02,-0.045,0.000921875
7.1910e-02,-0.0276563,0.000437188
7.1920e-02,-0.0404687,-3.59375e-05
7.1930e-02,-0.0373438,-0.000859375
7.1940e-02,-0.03375,-0.000647188
7.1950e-02,-0.0282813,-0.000257813
7.1960e-02,-0.0295313,0.000730938
7.1970e-02,-0.043125,0.000775938
7.1980e-02,-0.0367188,0.000134063
7.1990e-02,-0.0301563,-0.000638125
7.2000e-02,-0.0346875,-0.00062875
7.2010e-02,-0.0282813,-0.000315625
7.2020e-02,-0.035625,0.000604062
7.2030e-02,-0.0384375,0.00121906
7.2040e-02,-0.0340625,0.00118125
7.2050e-02,-0.05,-2.4375e-05
7.2060e-02,-0.0351562,-0.000250938
7.2070e-02,-0.0209375,-0.00145438
7.2080e-02,-0.0296875,-0.00076875
7.2090e-02,-0.045,0.000457188
7.2100e-02,-0.0328125,0.000834375
7.2110e-02,-0.0332812,-8.8125e-05
7.2120e-02,-0.0415625,-0.00133625
7.2130e-02,-0.0396875,-0.00200656
7.2140e-02,-0.038125,-0.00167094
7.2150e-02,-0.0423437,0.00021125
7.2160e-02,-0.0442188,0.00114813
7.2170e-02,-0.05,0.0011
7.2180e-02,-0.0310937,0.000149375
7.2190e-02,-0.0445313,-0.000451563
7.2200e-02,-0.0378125,-0.000639375
7.2210e-02,-0.0415625,0.000251562
7.2220e-02,-0.030625,0.00168344
7.2230e-02,-0.0304688,0.001745
7.2240e-02,-0.0371875,0.00014125
7.2250e-02,-0.035625,-0.0008875
7.2260e-02,-0.0429688,-0.00124875
7.2270e-02,-0.0473438,-0.000519062
7.2280e-02,-0.0507812,0.001125
7.2290e-02,-0.0320312,0.00225438
7.2300e-02,-0.0321875,0.00183156
7.2310e-02,-0.0459375,-0.00115375
7.2320e-02,-0.0470312,-0.00296719
7.2330e-02,-0.0275,-0.00225344
7.2340e-02,-0.0420312,0.000281563
7.2350e-02,-0.03125,0.00239875
7.2360e-02,-0.0340625,0.00268281
7.2370e-02,-0.0446875,0.000164063
7.2380e-02,-0.0332812,-0.00231656
7.2390e-02,-0.0342187,-0.00303281
7.2400e-02,-0.0364063,-0.00137469
7.2410e-02,-0.038125,0.00194656
7.2420e-02,-0.0390625,0.0034875
7.2430e-02,-0.0257812,0.00235156
7.2440e-02,-0.0345312,-0.000875
7.2450e-02,-0.0301563,-0.00330219
7.2460e-02,-0.0335937,-0.002945
7.2470e-02,-0.0365625,-0.000553438
7.2480e-02,-0.0345312,0.00293844
7.2490e-02,-0.030625,0.00360125
7.2500e-02,-0.0342187,0.00083125
7.2510e-02,-0.029375,-0.00214562
7.2520e-02,-0.0378125,-0.00395938
7.2530e-02,-0.0470312,-0.0032875
7.2540e-02,-0.0407813,0.000776563
7.2550e-02,-0.0514063,0.00365313
7.2560e-02,-0.03625,0.00338125
7.2570e-02,-0.0370313,0.000209375
7.2580e-02,-0.0335937,-0.00345938
7.2590e-02,-0.0239063,-0.00368156
7.2600e-02,-0.0217188,-0.00180813
7.2610e-02,-0.0359375,0.00190813
7.2620e-02,-0.0359375,0.00364438
7.2630e-02,-0.0334375,0.00165219
7.2640e-02,-0.0423437,-0.000998437
7.2650e-02,-0.0359375,-0.00357094
7.2660e-02,-0.0364063,-0.00301844
7.2670e-02,-0.0429688,-0.000414063
7.2680e-02,-0.0435938,0.00247313
7.2690e-02,-0.0345312,0.00279281
7.2700e-02,-0.0398437,0.000918125
7.2710e-02,-0.0329688,-0.00181094
7.2720e-02,-0.034375,-0.00232969
7.2730e-02,-0.0395313,-0.000963438
7.2740e-02,-0.0432813,0.000787188
7.2750e-02,-0.03875,0.00250938
7.2760e-02,-0.0326562,0.00134906
7.2770e-02,-0.0342187,-0.000935938
7.2780e-02,-0.041875,-0.00186219
7.2790e-02,-0.0376563,-0.00139344
7.2800e-02,-0.0425,0.000746875
7.2810e-02,-0.0423437,0.00217406
7.2820e-02,-0.0389063,0.00141219
7.2830e-02,-0.0353125,0.0003
7.2840e-02,-0.0448438,-0.00112031
7.2850e-02,-0.0382813,-0.00206469
7.2860e-02,-0.0351562,-0.000674375
7.2870e-02,-0.0359375,0.000926563
7.2880e-02,-0.0382813,0.0011025
7.2890e-02,-0.0398437,-0.00057625
7.2900e-02,-0.0390625,-0.0010425
7.2910e-02,-0.0345312,-0.00124531
7.2920e-02,-0.0425,-0.0010875
7.2930e-02,-0.0320312,0.0003375
7.2940e-02,-0.0248438,0.00147406
7.2950e-02,-0.0346875,0.00107219
7.2960e-02,-0.0290625,0.00034
7.2970e-02,-0.0451563,-0.00131781
7.2980e-02,-0.0448438,-0.00054375
7.2990e-02,-0.0360938,0.000437813
7.3000e-02,-0.039375,0.000626875
7.3010e-02,-0.033125,0.00156
7.3020e-02,-0.0460938,0.000339375
7.3030e-02,-0.0432813,-0.000936563
7.3040e-02,-0.0365625,-0.0009225
7.3050e-02,-0.0384375,-0.000488438
7.3060e-02,-0.0326562,-2.84375e-05
7.3070e-02,-0.0395313,0.00117875
7.3080e-02,-0.0385937,0.000533438
7.3090e-02,-0.0340625,-0.00021125
7.3100e-02,-0.0320312,-0.00105531
7.3110e-02,-0.026875,-0.000269375
7.3120e-02,-0.03375,-0.000378125
7.3130e-02,-0.0342187,0.000700313
7.3140e-02,-0.0464062,0.000569063
7.3150e-02,-0.033125,0.000320313
7.3160e-02,-0.0332812,0.000266563
7.3170e-02,-0.0359375,-0.000357813
7.3180e-02,-0.0417187,-0.0005325
7.3190e-02,-0.0475,-0.000664063
7.3200e-02,-0.045,5.53125e-05
7.3210e-02,-0.03375,0.000554375
7.3220e-02,-0.0434375,-0.000244688
7.3230e-02,-0.0521875,-0.000385
7.3240e-02,-0.0384375,-0.000346875
7.3250e-02,-0.0307813,-0.000412813
7.3260e-02,-0.035,-0.00012
7.3270e-02,-0.0482812,0.000415625
7.3280e-02,-0.0295313,0.000657188
7.3290e-02,-0.0464062,0.000304375
7.3300e-02,-0.0407813,-0.000317188
7.3310e-02,-0.0526563,-0.000215
7.3320e-02,-0.045,-0.000192813
7.3330e-02,-0.0357813,0.000185938
7.3340e-02,-0.0467188,-0.0001775
7.3350e-02,-0.0235938,0.000379063
7.3360e-02,-0.0409375,-1.40625e-05
7.3370e-02,-0.0426562,-0.00059375
7.3380e-02,-0.036875,-0.000195938
7.3390e-02,-0.0554687,0.000390313
7.3400e-02,-0.0370313,0.000469688
7.3410e-02,-0.0296875,5.84375e-05
7.3420e-02,-0.0385937,0.000375625
7.3430e-02,-0.0385937,3.90625e-05
7.3440e-02,-0.0371875,0.000585313
7.3450e-02,-0.0409375,-0.000153438
7.3460e-02,-0.0346875,-3.75e-05
7.3470e-02,-0.03375,0.000458125
7.3480e-02,-0.0371875,0.000160625
7.3490e-02,-0.035,0.000261563
7.3500e-02,-0.0465625,-0.000457188
7.3510e-02,-0.043125,-0.000418125
7.3520e-02,-0.0304688,-0.000214375
7.3530e-02,-0.0423437,0.000325
7.3540e-02,-0.0421875,0.000163438
7.3550e-02,-0.0329688,1.125e-05
7.3560e-02,-0.0407813,-0.00065125
7.3570e-02,-0.0492188,-0.000630625
7.3580e-02,-0.0421875,-0.000324063
7.3590e-02,-0.04,0.000166875
7.3600e-02,-0.0367188,0.0003525
7.3610e-02,-0.0195312,0.000405
7.3620e-02,-0.0510938,-4.15625e-05
7.3630e-02,-0.0507812,-4.84375e-05
7.3640e-02,-0.0315625,-0.000719688
7.3650e-02,-0.0382813,2.6875e-05
7.3660e-02,-0.033125,0.000236563
7.3670e-02,-0.0376563,-0.00013875
7.3680e-02,-0.034375,0.000265938
7.3690e-02,-0.030625,6.84375e-05
7.3700e-02,-0.03625,-0.000496875
7.3710e-02,-0.0357813,-0.000244063
7.3720e-02,-0.0423437,-0.000359063
7.3730e-02,-0.0495312,0.000282813
7.3740e-02,-0.0248438,0.000141563
7.3750e-02,-0.045,-0.000272812
7.3760e-02,-0.0232812,-0.0002425
7.3770e-02,-0.0357813,-0.000442813
7.3780e-02,-0.0459375,-0.00020875
7.3790e-02,-0.03375,7.21875e-05
7.3800e-02,-0.0446875,-0.000194688
7.3810e-02,-0.0329688,0.000125938
7.3820e-02,-0.0365625,0.000115
7.3830e-02,-0.039375,-0.000427188
7.3840e-02,-0.0423437,-0.000101563
7.3850e-02,-0.0370313,-2.125e-05
7.3860e-02,-0.0457813,0.000399063
7.3870e-02,-0.0395313,0.000716875
7.3880e-02,-0.0507812,-0.000105313
7.3890e-02,-0.0445313,0.000466875
7.3900e-02,-0.0434375,5.15625e-05
7.3910e-02,-0.0425,0.000461875
7.3920e-02,-0.0382813,4.6875e-06
7.3930e-02,-0.0421875,0.00017375
7.3940e-02,-0.0323438,4.9375e-05
7.3950e-02,-0.0290625,-0.000440625
7.3960e-02,-0.0445313,-0.000557188
7.3970e-02,-0.0392187,-8.4375e-05
7.3980e-02,-0.0329688,0.000330625
7.3990e-02,-0.04625,-0.0002275
7.4000e-02,-0.0403125,7.78125e-05
7.4010e-02,-0.036875,-0.000263437
7.4020e-02,-0.0432813,-0.000887188
7.4030e-02,-0.04,-0.000329063
7.4040e-02,-0.0392187,-0.000654063
7.4050e-02,-0.0451563,-2.46875e-05
7.4060e-02,-0.0489062,0.000334688
7.4070e-02,-0.030625,0.000269375
7.4080e-02,-0.039375,0.000485625
7.4090e-02,-0.0398437,0.000285938
7.4100e-02,-0.036875,0.000213125
7.4110e-02,-0.0320312,0.000525
7.4120e-02,-0.05625,1.3125e-05
7.4130e-02,-0.0426562,0.000556563
7.4140e-02,-0.0375,-0.000519062
7.4150e-02,-0.0320312,-0.000898125
7.4160e-02,-0.05375,-0.000514375
7.4170e-02,-0.046875,-0.000548438
7.4180e-02,-0.0539063,-7.03125e-05
7.4190e-02,-0.0420312,0.000139062
7.4200e-02,-0.0496875,-0.000370938
7.4210e-02,-0.0371875,-0.000496563
7.4220e-02,-0.0385937,0.000124063
7.4230e-02,-0.0476562,-0.0004425
7.4240e-02,-0.0496875,0.000477188
7.4250e-02,-0.0309375,0.000387188
7.4260e-02,-0.0515625,-0.000169063
7.4270e-02,-0.0426562,-0.000124688
7.4280e-02,-0.0276563,-0.0001775
7.4290e-02,-0.0385937,0.000484688
7.4300e-02,-0.038125,0.000729688
7.4310e-02,-0.0310937,0.000218438
7.4320e-02,-0.0382813,0.000546563
7.4330e-02,-0.0448438,0.000221563
7.4340e-02,-0.0360938,0.000176563
7.4350e-02,-0.05,3.28125e-05
7.4360e-02,-0.0440625,2.0625e-05
7.4370e-02,-0.0365625,0.000340938
7.4380e-02,-0.0357813,-0.00023
7.4390e-02,-0.0421875,-0.00035
7.4400e-02,-0.0448438,0.000105625
7.4410e-02,-0.0404687,-0.000848438
7.4420e-02,-0.0475,-0.000717813
7.4430e-02,-0.0495312,-0.000180313
7.4440e-02,-0.0475,0.000203125
7.4450e-02,-0.0282813,-0.000153125
7.4460e-02,-0.0534375,0.000112813
7.4470e-02,-0.041875,0.000214375
7.4480e-02,-0.0359375,-0.00012
7.4490e-02,-0.0407813,-0.000577813
7.4500e-02,-0.0385937,-0.000292813
7.4510e-02,-0.0451563,7.375e-05
7.4520e-02,-0.0525,-8.75e-06
7.4530e-02,-0.0459375,4.09375e-05
7.4540e-02,-0.0335937,1.40625e-05
7.4550e-02,-0.0326562,-0.000524063
7.4560e-02,-0.0375,-0.000407188
7.4570e-02,-0.041875,-0.000227813
7.4580e-02,-0.0535937,-0.000215938
7.4590e-02,-0.0473438,-0.0001725
7.4600e-02,-0.0464062,-0.000168125
7.4610e-02,-0.0353125,0.000255313
7.4620e-02,-0.048125,-0.00027625
7.4630e-02,-0.0378125,0.000502813
7.4640e-02,-0.0375,0.000464688
7.4650e-02,-0.0479688,0.000435313
7.4660e-02,-0.0439063,-5.90625e-05
7.4670e-02,-0.0467188,-0.000490938
7.4680e-02,-0.0457813,0.000281563
7.4690e-02,-0.0340625,-0.00010375
7.4700e-02,-0.0521875,-0.000499375
7.4710e-02,-0.03625,-0.000206875
7.4720e-02,-0.0423437,-3.3125e-05
7.4730e-02,-0.0371875,-0.00047
7.4740e-02,-0.0526563,-0.000164688
7.4750e-02,-0.05875,0.00030125
7.4760e-02,-0.0467188,-0.00048125
7.4770e-02,-0.0353125,-7.78125e-05
7.4780e-02,-0.033125,0.000167813
7.4790e-02,-0.0404687,-0.000399063
7.4800e-02,-0.0373438,-0.000135938
7.4810e-02,-0.0428125,0.000154375
7.4820e-02,-0.040625,7.34375e-05
7.4830e-02,-0.0467188,3.40625e-05
7.4840e-02,-0.0428125,0.0001525
7.4850e-02,-0.0420312,0.000238438
7.4860e-02,-0.0479688,8.21875e-05
7.4870e-02,-0.0439063,-0.000247813
7.4880e-02,-0.0348437,0.00017375
7.4890e-02,-0.0345312,-0.000165938
7.4900e-02,-0.0378125,-0.0001925
7.4910e-02,-0.039375,7.71875e-05
7.4920e-02,-0.0585938,-0.000586875
7.4930e-02,-0.0446875,-0.00035
7.4940e-02,-0.030625,-0.000272188
7.4950e-02,-0.0432813,-0.00032625
7.4960e-02,-0.0396875,0.00013125
7.4970e-02,-0.043125,-7.8125e-06
7.4980e-02,-0.0446875,3.75e-05
7.4990e-02,-0.0357813,0.00033625
7.5000e-02,-0.0453125,0.000101563
7.5010e-02,-0.0434375,0.000105
7.5020e-02,-0.046875,1.1875e-05
7.5030e-02,-0.0470312,0.000330625
7.5040e-02,-0.02625,0.000318125
7.5050e-02,-0.0498438,0.000149687
7.5060e-02,-0.0470312,-7.625e-05
7.5070e-02,-0.041875,0.000255625
7.5080e-02,-0.0546875,0.000238438
7.5090e-02,-0.0379688,-6.5625e-05
7.5100e-02,-0.0520313,-0.00073375
7.5110e-02,-0.0446875,-0.000255625
7.5120e-02,-0.0423437,0.00033125
7.5130e-02,-0.0396875,-4.3125e-05
7.5140e-02,-0.0442188,0.000178438
7.5150e-02,-0.0460938,0.000338125
7.5160e-02,-0.0357813,-0.000229375
7.5170e-02,-0.045,0.000395625
7.5180e-02,-0.03625,0.000597813
7.5190e-02,-0.045625,-7.3125e-05
7.5200e-02,-0.05,-0.000307813
7.5210e-02,-0.0525,-0.00036
7.5220e-02,-0.0340625,-0.00049625
7.5230e-02,-0.0360938,0.000453438
7.5240e-02,-0.0392187,-0.000265625
7.5250e-02,-0.0314062,5.21875e-05
7.5260e-02,-0.0384375,-0.000330625
7.5270e-02,-0.0407813,2.71875e-05
7.5280e-02,-0.0395313,0.000241875
7.5290e-02,-0.03875,-0.0002825
7.5300e-02,-0.0353125,0.00018125
7.5310e-02,-0.0365625,-0.000221875
7.5320e-02,-0.05375,0.000790625
7.5330e-02,-0.0323438,0.00013
7.5340e-02,-0.0435938,0.000493438
7.5350e-02,-0.040625,0.000281875
7.5360e-02,-0.0385937,0.000130938
7.5370e-02,-0.043125,0.000260625
7.5380e-02,-0.0420312,-0.000604062
7.5390e-02,-0.0359375,-0.000486875
7.5400e-02,-0.0515625,-0.000890625
7.5410e-02,-0.0542187,-9.875e-05
7.5420e-02,-0.0523437,-0.0004875
7.5430e-02,-0.048125,-0.000357813
7.5440e-02,-0.0496875,-0.000344688
7.5450e-02,-0.0470312,-0.0001325
7.5460e-02,-0.04375,-0.000975
7.5470e-02,-0.0485938,-0.000333438
7.5480e-02,-0.0432813,-0.00015875
7.5490e-02,-0.0542187,0.000123125
7.5500e-02,-0.0517188,7.6875e-05
7.5510e-02,-0.0384375,9.53125e-05
7.5520e-02,-0.0510938,-0.000264375
7.5530e-02,-0.051875,-4.5e-05
7.5540e-02,-0.0439063,-0.000398438
7.5550e-02,-0.0407813,0.000156563
7.5560e-02,-0.0445313,0.000180313
7.5570e-02,-0.0396875,0.0002875
7.5580e-02,-0.051875,0.00017
7.5590e-02,-0.0473438,-0.000776563
7.5600e-02,-0.0496875,-0.00099875
7.5610e-02,-0.0434375,-0.000533438
7.5620e-02,-0.0532813,4.6875e-06
7.5630e-02,-0.03875,0.000604688
7.5640e-02,-0.0425,0.00018875
7.5650e-02,-0.0423437,-0.000483125
7.5660e-02,-0.0404687,-0.000105625
7.5670e-02,-0.048125,0.000138125
7.5680e-02,-0.0415625,0.000129062
7.5690e-02,-0.0429688,0.000713125
7.5700e-02,-0.05375,0.000334063
7.5710e-02,-0.0498438,-3.875e-05
7.5720e-02,-0.0407813,2.3125e-05
7.5730e-02,-0.0432813,-6e-05
7.5740e-02,-0.04375,0.000280938
7.5750e-02,-0.0410937,0.000201875
7.5760e-02,-0.0359375,0.000718125
7.5770e-02,-0.0298438,0.000237813
7.5780e-02,-0.0367188,-2.0625e-05
7.5790e-02,-0.0376563,-0.000135
7.5800e-02,-0.0410937,-0.000177813
7.5810e-02,-0.0484375,-0.000487188
7.5820e-02,-0.050625,0.000279063
7.5830e-02,-0.0295313,0.000119063
7.5840e-02,-0.0414063,-0.000519062
7.5850e-02,-0.0428125,-0.000238438
7.5860e-02,-0.0453125,-0.000524375
7.5870e-02,-0.0378125,-0.000186563
7.5880e-02,-0.0476562,-0.000232813
7.5890e-02,-0.04625,0.00060875
7.5900e-02,-0.0478125,-0.000103438
7.5910e-02,-0.045,0.0001225
7.5920e-02,-0.0473438,-0.000498438
7.5930e-02,-0.0448438,-0.000257813
7.5940e-02,-0.03125,-0.000662813
7.5950e-02,-0.0510938,0.00063
7.5960e-02,-0.0353125,0.000368438
7.5970e-02,-0.0339062,-0.00019375
7.5980e-02,-0.0517188,-0.000575313
7.5990e-02,-0.0384375,-0.000419063
7.6000e-02,-0.041875,-0.000388438
7.6010e-02,-0.0489062,0.000352188
7.6020e-02,-0.050625,0.000633438
7.6030e-02,-0.0379688,0.00058875
7.6040e-02,-0.04,0.000567188
7.6050e-02,-0.0348437,-0.000760625
7.6060e-02,-0.0479688,-0.000536875
7.6070e-02,-0.0385937,-0.00051875
7.6080e-02,-0.0421875,0.00110594
7.6090e-02,-0.054375,0.00111063
7.6100e-02,-0.0423437,-0.000142813
7.6110e-02,-0.0409375,-0.00126031
7.6120e-02,-0.0429688,-0.00159781
7.6130e-02,-0.044375,-0.000516875
7.6140e-02,-0.0360938,-0.000221875
7.6150e-02,-0.0370313,0.00137813
7.6160e-02,-0.0414063,0.00104406
7.6170e-02,-0.0439063,-1.21875e-05
7.6180e-02,-0.0451563,-0.00110344
7.6190e-02,-0.0460938,-0.00106719
7.6200e-02,-0.0492188,0.000274063
7.6210e-02,-0.0453125,0.00149875
7.6220e-02,-0.043125,0.00177219
7.6230e-02,-0.041875,0.000384688
7.6240e-02,-0.0542187,-0.000504688
7.6250e-02,-0.0579687,-0.00142781
7.6260e-02,-0.045,-0.000771875
7.6270e-02,-0.0367188,0.000609063
7.6280e-02,-0.0354688,0.00142125
7.6290e-02,-0.0557813,0.00150969
7.6300e-02,-0.0342187,-0.0009075
7.6310e-02,-0.0360938,-0.00227563
7.6320e-02,-0.0501562,-0.00126906
7.6330e-02,-0.0392187,-4.9375e-05
7.6340e-02,-0.0360938,0.00165219
7.6350e-02,-0.0360938,0.00173969
7.6360e-02,-0.0451563,-0.000157188
7.6370e-02,-0.0303125,-0.00226219
7.6380e-02,-0.0417187,-0.00223688
7.6390e-02,-0.0390625,-0.000904688
7.6400e-02,-0.04125,0.00138125
7.6410e-02,-0.0414063,0.00290219
7.6420e-02,-0.0498438,0.00269281
7.6430e-02,-0.04625,0.00272781
7.6440e-02,-0.0425,0.00264188
7.6450e-02,-0.0367188,0.0027925
7.6460e-02,-0.0396875,0.00245719
7.6470e-02,-0.045625,0.00278094
7.6480e-02,-0.0348437,0.00275719
7.6490e-02,-1.1,0.000632188
7.6500e-02,1.73687,-0.00371281
7.6510e-02,1.10672,-0.00656594
7.6520e-02,0.245469,-0.00776188
7.6530e-02,-0.358906,-0.00776125
7.6540e-02,0.102188,-0.00776063
7.6550e-02,0.136094,-0.00766281
7.6560e-02,0.0995313,-0.00762594
7.6570e-02,0.0801562,-0.00752594
7.6580e-02,0.068125,-0.00754938
7.6590e-02,0.0621875,-0.00778719
7.6600e-02,0.0670313,-0.00770375
7.6610e-02,0.0434375,-0.007495
7.6620e-02,0.055,-0.00750281
7.6630e-02,0.0353125,-0.00763688
7.6640e-02,0.0328125,-0.00756875
7.6650e-02,0.0426562,-0.00744625
7.6660e-02,0.0259375,-0.00755125
7.6670e-02,0.021875,-0.00747969
7.6680e-02,0.031875,-0.00756281
7.6690e-02,0.0225,-0.00756
7.6700e-02,0.0242188,-0.00752031
7.6710e-02,0.033125,-0.0075575
7.6720e-02,0.0290625,-0.00736156
7.6730e-02,0.013125,-0.0074325
7.6740e-02,0.016875,-0.00668344
7.6750e-02,0.0154687,-0.00167625
7.6760e-02,0.0176563,0.0009875
7.6770e-02,0.0184375,0.00113844
7.6780e-02,0.016875,-0.000885313
7.6790e-02,0.00859375,-0.00271031
7.6800e-02,0.0296875,-0.00234156
7.6810e-02,0.0096875,0.000306875
7.6820e-02,-0.00078125,0.00221094
7.6830e-02,0.0109375,0.00141281
7.6840e-02,0.0075,0.000195313
7.6850e-02,0.0009375,-0.00194781
7.6860e-02,0.00671875,-0.00172719
7.6870e-02,0.00765625,-0.000152813
7.6880e-02,0.01125,0.000992812
7.6890e-02,0.0021875,0.00186813
7.6900e-02,0.00859375,0.00129781
7.6910e-02,-0.00109375,-0.000787188
7.6920e-02,0.00515625,-0.00193906
7.6930e-02,0.011875,-0.00163156
7.6940e-02,-0.00203125,-0.00016375
7.6950e-02,0.0175,0.00129813
7.6960e-02,-0.00609375,0.000973438
7.6970e-02,-0.0101563,-6.78125e-05
7.6980e-02,-0.00609375,-0.000865
7.6990e-02,0.00828125,-0.00117375
7.7000e-02,0.0146875,-0.000712188
7.7010e-02,-0.00328125,0.000591875
7.7020e-02,0.000625,0.00143813
7.7030e-02,0.005625,0.000455
7.7040e-02,-0.00796875,-0.000547188
7.7050e-02,-0.0040625,-0.000759375
7.7060e-02,-0.00296875,-0.000609688
7.7070e-02,0.00265625,0.000288438
7.7080e-02,-0.00484375,0.00128656
7.7090e-02,-0.008125,0.000286875
7.7100e-02,-0.00859375,0.00047375
7.7110e-02,-0.00546875,-0.000624375
7.7120e-02,-0.00765625,-0.000561562
7.7130e-02,-0.01,-0.000600938
7.7140e-02,-0.001875,0.000628438
7.7150e-02,-0.00328125,0.0008
7.7160e-02,-0.00546875,-0.00038375
7.7170e-02,-0.00796875,-2.65625e-05
7.7180e-02,-0.00625,-0.00034875
7.7190e-02,0.0025,-0.00100656
7.7200e-02,-0.011875,-0.00028125
7.7210e-02,-0.0084375,-2.875e-05
7.7220e-02,-0.005625,0.000548125
7.7230e-02,-0.00546875,-0.000326563
7.7240e-02,-0.01625,-0.000110625
7.7250e-02,-0.01,-0.000292188
7.7260e-02,-0.00890625,-0.000492188
7.7270e-02,-0.0046875,0.000469688
7.7280e-02,-0.0075,0.000577188
7.7290e-02,-0.0201563,2.21875e-05
7.7300e-02,-0.0084375,-0.000339063
7.7310e-02,0.0015625,-0.000439688
7.7320e-02,-0.0220313,-0.000240313
7.7330e-02,0.00140625,-0.000254063
7.7340e-02,-0.0110937,-2.25e-05
7.7350e-02,-0.0104688,1.90625e-05
7.7360e-02,-0.0101563,-0.000525313
7.7370e-02,-0.0117188,0.000372188
7.7380e-02,-0.00859375,9.71875e-05
7.7390e-02,-0.0103125,0.000121875
7.7400e-02,-0.0142188,0.000387188
7.7410e-02,-0.015625,0.00052375
7.7420e-02,-0.00890625,0.000234688
7.7430e-02,-0.0165625,-0.000358438
7.7440e-02,-0.00015625,-0.0003525
7.7450e-02,-0.0171875,-0.000453125
7.7460e-02,-0.0214063,-0.000641563
7.7470e-02,-0.006875,-0.000303438
7.7480e-02,-0.0239063,-0.000153125
7.7490e-02,-0.0135937,-0.000514375
7.7500e-02,-0.0178125,-0.0004825
7.7510e-02,-0.00828125,-8.25e-05
7.7520e-02,-0.00484375,-0.000230938
7.7530e-02,-0.0134375,0.00025875
7.7540e-02,-0.018125,0.000431875
7.7550e-02,-0.00734375,0.00015
7.7560e-02,-0.00359375,0.00039375
7.7570e-02,-0.0120313,-7.1875e-06
7.7580e-02,-0.0159375,5.25e-05
7.7590e-02,-0.0270312,-0.000522813
7.7600e-02,-0.0190625,0.000320938
7.7610e-02,-0.0071875,0.00033875
7.7620e-02,-0.0276563,0.000686875
7.7630e-02,-0.016875,-0.000114375
7.7640e-02,-0.0176563,0.000156875
7.7650e-02,-0.0289063,0.000490938
7.7660e-02,-0.018125,0.0003225
7.7670e-02,-0.001875,1.5625e-06
7.7680e-02,-0.0142188,0.000235938
7.7690e-02,-0.0176563,0.000377813
7.7700e-02,-0.0275,-0.000155
7.7710e-02,-0.00828125,-0.000106563
7.7720e-02,-0.0270312,0.000362188
7.7730e-02,-0.0226562,-0.000214688
7.7740e-02,-0.015,0.000972813
7.7750e-02,-0.0125,0.00086125
7.7760e-02,-0.02125,0.000341563
7.7770e-02,-0.0226562,-0.00030375
7.7780e-02,-0.0134375,-0.0002775
7.7790e-02,-0.024375,0.000140313
7.7800e-02,-0.0101563,0.000403438
7.7810e-02,-0.0175,0.000313438
7.7820e-02,-0.0160938,0.000273438
7.7830e-02,-0.0279688,0.000453125
7.7840e-02,-0.0251563,-0.000836563
7.7850e-02,-0.0125,-6.875e-05
7.7860e-02,-0.016875,-0.000673125
7.7870e-02,-0.0215625,-0.000389375
7.7880e-02,-0.0234375,9.4375e-05
7.7890e-02,-0.0265625,-0.000204688
7.7900e-02,-0.0225,-0.000230938
7.7910e-02,-0.0160938,-2.53125e-05
7.7920e-02,-0.0304688,0.000214375
7.7930e-02,-0.0217188,-0.000244063
7.7940e-02,-0.0239063,0.000359688
7.7950e-02,-0.0285938,-0.000324063
7.7960e-02,-0.0125,-0.000283437
7.7970e-02,-0.0142188,-0.0007
7.7980e-02,-0.018125,0.00034625
7.7990e-02,-0.0221875,0.000258438
7.8000e-02,-0.0275,0.000230313
7.8010e-02,-0.0173438,0.000535938
7.8020e-02,-0.031875,0.00015125
7.8030e-02,-0.0189062,0.000414375
7.8040e-02,-0.0259375,0.000506875
7.8050e-02,-0.0190625,0.000109688
7.8060e-02,-0.0189062,0.000522188
7.8070e-02,-0.0165625,-0.00015625
7.8080e-02,-0.0220313,3.4375e-06
7.8090e-02,-0.02,0.000210625
7.8100e-02,-0.0253125,-4.125e-05
7.8110e-02,-0.0284375,0.000300938
7.8120e-02,-0.0153125,-3.4375e-06
7.8130e-02,-0.0195312,0.000325938
7.8140e-02,-0.02,0.000734375
7.8150e-02,-0.0229687,0.0009325
7.8160e-02,-0.0270312,0.000196563
7.8170e-02,-0.0292188,1.40625e-05
7.8180e-02,-0.0242188,5.9375e-05
7.8190e-02,-0.0309375,0.000239063
7.8200e-02,-0.0270312,0.000303438
7.8210e-02,-0.0226562,0.000276875
7.8220e-02,-0.0201563,0.000306875
7.8230e-02,-0.0251563,0.000389375
7.8240e-02,-0.0235938,5.78125e-05
7.8250e-02,-0.0189062,7.6875e-05
7.8260e-02,-0.0234375,-6e-05
7.8270e-02,-0.0225,7.5e-05
7.8280e-02,-0.024375,0.000458438
7.8290e-02,-0.020625,-6.78125e-05
7.8300e-02,-0.02125,-0.00042125
7.8310e-02,-0.015625,0.000469063
7.8320e-02,-0.0290625,0.000519062
7.8330e-02,-0.0284375,-0.000291875
7.8340e-02,-0.0228125,0.000176875
7.8350e-02,-0.0320312,0.00045625
7.8360e-02,-0.0273438,0.00034875
7.8370e-02,-0.0242188,0.000274375
7.8380e-02,-0.0251563,-7.03125e-05
7.8390e-02,-0.0123438,-0.000312188
7.8400e-02,-0.0160938,-0.000366563
7.8410e-02,-0.0292188,-0.000629375
7.8420e-02,-0.0309375,-0.000342188
7.8430e-02,-0.0157813,-0.000108438
7.8440e-02,-0.0276563,0.000459688
7.8450e-02,-0.0334375,4.6875e-05
7.8460e-02,-0.025625,0.000431563
7.8470e-02,-0.0185937,-0.000202813
7.8480e-02,-0.02125,0.00014125
7.8490e-02,-0.025,0.000365
7.8500e-02,-0.0151562,-0.000180313
7.8510e-02,-0.0345312,0.000396563
7.8520e-02,-0.0404687,0.000110625
7.8530e-02,-0.03375,7.25e-05
7.8540e-02,-0.0248438,0.000760313
7.8550e-02,-0.0257812,0.000167813
7.8560e-02,-0.0232812,0.000461563
7.8570e-02,-0.026875,0.000306563
7.8580e-02,-0.0239063,-3.46875e-05
7.8590e-02,-0.0382813,0.000395313
7.8600e-02,-0.0276563,0.00033
7.8610e-02,-0.0289063,0.000280625
7.8620e-02,-0.0364063,-0.000237188
7.8630e-02,-0.0120313,-0.000471875
7.8640e-02,-0.02375,-0.000314688
7.8650e-02,-0.0309375,0.00022875
7.8660e-02,-0.0345312,0.0001175
7.8670e-02,-0.0242188,0.000349688
7.8680e-02,-0.0396875,0.00021875
7.8690e-02,-0.0170313,0.00027625
7.8700e-02,-0.0320312,-0.00019125
7.8710e-02,-0.0260937,-0.000268125
7.8720e-02,-0.0370313,0.00037125
7.8730e-02,-0.0310937,0.000126875
7.8740e-02,-0.0289063,0.000608125
7.8750e-02,-0.0270312,-0.000608125
7.8760e-02,-0.0248438,-3.21875e-05
7.8770e-02,-0.0275,-0.00066
7.8780e-02,-0.0382813,8.4375e-06
7.8790e-02,-0.03125,3.0625e-05
7.8800e-02,-0.025,0.000354375
7.8810e-02,-0.0410937,0.000264063
7.8820e-02,-0.0248438,-0.000105
7.8830e-02,-0.030625,0.000277188
7.8840e-02,-0.0376563,0.000264375
7.8850e-02,-0.026875,0.00025125
7.8860e-02,-0.0382813,0.000180625
7.8870e-02,-0.0389063,0.000297813
7.8880e-02,-0.0217188,-0.00029875
7.8890e-02,-0.0254688,0.0001
7.8900e-02,-0.0189062,0.000278125
7.8910e-02,-0.0260937,9.0625e-06
7.8920e-02,-0.0309375,0.000360938
7.8930e-02,-0.0303125,-5.03125e-05
7.8940e-02,-0.0251563,0.00051125
7.8950e-02,-0.0179687,-0.000345
7.8960e-02,-0.0325,-0.000474688
7.8970e-02,-0.0254688,-1.96875e-05
7.8980e-02,-0.0264062,-8.875e-05
7.8990e-02,-0.0307813,-0.00020625
7.9000e-02,-0.0229687,0.000212813
7.9010e-02,-0.0298438,3.96875e-05
7.9020e-02,-0.0240625,-8.46875e-05
7.9030e-02,-0.0304688,-0.000654063
7.9040e-02,-0.0345312,-7.15625e-05
7.9050e-02,-0.03875,-9e-05
7.9060e-02,-0.0235938,-0.00057
7.9070e-02,-0.0367188,-0.000381563
7.9080e-02,-0.0464062,-9.0625e-05
7.9090e-02,-0.0259375,0.000114375
7.9100e-02,-0.024375,0.000128125
7.9110e-02,-0.0326562,0.000252812
7.9120e-02,-0.0103125,-0.000314063
7.9130e-02,-0.0292188,-4.3125e-05
7.9140e-02,-0.023125,-0.000462813
7.9150e-02,-0.0270312,0.000176563
7.9160e-02,-0.0195312,-0.00010875
7.9170e-02,-0.0285938,-0.000228438
7.9180e-02,-0.0345312,9.6875e-05
7.9190e-02,-0.0284375,0.000437188
7.9200e-02,-0.0339062,0.000245625
7.9210e-02,-0.0323438,-0.000399688
7.9220e-02,-0.0264062,-0.000122188
7.9230e-02,-0.03625,8.65625e-05
7.9240e-02,-0.0315625,0.000448438
7.9250e-02,-0.0221875,0.0005175
7.9260e-02,-0.0303125,-0.000289063
7.9270e-02,-0.03625,2.875e-05
7.9280e-02,-0.0376563,-0.000681875
7.9290e-02,-0.035625,-0.000147188
7.9300e-02,-0.0323438,-8.96875e-05
7.9310e-02,-0.0159375,-0.000165313
7.9320e-02,-0.0304688,-0.00031125
7.9330e-02,-0.0384375,-0.000679688
7.9340e-02,-0.0265625,0.000424063
7.9350e-02,-0.0378125,-0.00101781
7.9360e-02,-0.0354688,0.000178438
7.9370e-02,-0.0421875,0.000159688
7.9380e-02,-0.0340625,-0.000258438
7.9390e-02,-0.0367188,4.59375e-05
7.9400e-02,-0.0192187,-0.000640938
7.9410e-02,-0.0179687,-0.00064
7.9420e-02,-0.040625,-0.000221563
7.9430e-02,-0.0310937,0.00022875
7.9440e-02,-0.0282813,4.71875e-05
7.9450e-02,-0.0160938,0.000246875
7.9460e-02,-0.0267187,-1.65625e-05
7.9470e-02,-0.031875,0.000204375
7.9480e-02,-0.0315625,-0.000421875
7.9490e-02,-0.0273438,6.25e-06
7.9500e-02,-0.0251563,0.000664063
7.9510e-02,-0.0271875,0.0007175
7.9520e-02,-0.0403125,1.6875e-05
7.9530e-02,-0.0223437,0.000325938
7.9540e-02,-0.0365625,-0.000186875
7.9550e-02,-0.0475,0.000224063
7.9560e-02,-0.0303125,-0.00011625
7.9570e-02,-0.0342187,0.000277188
7.9580e-02,-0.0320312,0.000264063
7.9590e-02,-0.0332812,-0.000100625
7.9600e-02,-0.0309375,-0.000163125
7.9610e-02,-0.0335937,0.000316563
7.9620e-02,-0.0370313,-0.000709063
7.9630e-02,-0.041875,-0.000171563
7.9640e-02,-0.0375,-0.000212188
7.9650e-02,-0.0351562,-0.000515625
7.9660e-02,-0.0229687,0.000121875
7.9670e-02,-0.0260937,-0.000464688
7.9680e-02,-0.0360938,-0.000595938
7.9690e-02,-0.0523437,5.78125e-05
7.9700e-02,-0.0371875,0.000195938
7.9710e-02,-0.0354688,0.000259375
7.9720e-02,-0.0289063,-0.000108125
7.9730e-02,-0.0295313,-0.000533125
7.9740e-02,-0.045625,-0.000246563
7.9750e-02,-0.0421875,-0.000530938
7.9760e-02,-0.0385937,0.000164375
7.9770e-02,-0.045625,0.000256563
7.9780e-02,-0.0339062,0.000324688
7.9790e-02,-0.0334375,-0.000265313
7.9800e-02,-0.0425,-0.00067125
7.9810e-02,-0.0296875,-7.15625e-05
7.9820e-02,-0.0342187,-9.375e-06
7.9830e-02,-0.0457813,-0.00049875
7.9840e-02,-0.0421875,0.0003625
7.9850e-02,-0.0279688,0.000760938
7.9860e-02,-0.0301563,-0.00041
7.9870e-02,-0.0420312,-0.000199688
7.9880e-02,-0.0365625,-0.000453125
7.9890e-02,-0.0320312,0.000357188
7.9900e-02,-0.0292188,0.00101156
7.9910e-02,-0.035625,0.000245938
7.9920e-02,-0.0459375,-0.000305
7.9930e-02,-0.0360938,-0.000355938
7.9940e-02,-0.0360938,-0.00102375
7.9950e-02,-0.03,-0.00089875
7.9960e-02,-0.0253125,0.0010725
7.9970e-02,-0.0415625,0.0010825
7.9980e-02,-0.0382813,0.000618438
7.9990e-02,-0.0359375,-0.0006325
8.0000e-02,-0.036875,-0.00114031
8.0010e-02,-0.0510938,-0.000408125
8.0020e-02,-0.0401563,0.000333125
8.0030e-02,-0.0404687,0.0009475
8.0040e-02,-0.0304688,0.000877813
8.0050e-02,-0.0382813,-0.000341875
8.0060e-02,-0.0242188,-0.000209375
8.0070e-02,-0.0285938,-0.000480313
8.0080e-02,-0.0410937,-0.00073625
8.0090e-02,-0.045,0.000326563
8.0100e-02,-0.03625,0.00112625
8.0110e-02,-0.0371875,0.000265
8.0120e-02,-0.0464062,-0.000589375
8.0130e-02,-0.0409375,-0.00142813
8.0140e-02,-0.0364063,-0.00102094
8.0150e-02,-0.023125,2.5e-06
8.0160e-02,-0.0323438,0.00145469
8.0170e-02,-0.0332812,0.00112344
8.0180e-02,-0.040625,-0.0005575
8.0190e-02,-0.03375,-0.00162594
8.0200e-02,-0.0303125,-0.00173906
8.0210e-02,-0.04375,-9.8125e-05
8.0220e-02,-0.0440625,0.000985938
8.0230e-02,-0.0360938,0.00141688
8.0240e-02,-0.0385937,0.0009225
8.0250e-02,-0.0310937,-0.00100219
8.0260e-02,-0.0385937,-0.00132313
8.0270e-02,-0.030625,-0.000532187
8.0280e-02,-0.02625,0.00107188
8.0290e-02,-0.0342187,0.00230031
8.0300e-02,-0.0359375,0.00194031
8.0310e-02,-0.040625,-0.000718125
8.0320e-02,-0.0323438,-0.00248063
8.0330e-02,-0.0440625,-0.00237656
8.0340e-02,-0.0421875,8.71875e-05
8.0350e-02,-0.0398437,0.00208
8.0360e-02,-0.0321875,0.002965
8.0370e-02,-0.0295313,0.00168406
8.0380e-02,-0.0376563,-0.00186656
8.0390e-02,-0.0407813,-0.00343281
8.0400e-02,-0.0289063,-0.00178188
8.0410e-02,-0.039375,0.00135625
8.0420e-02,-0.0307813,0.00306625
8.0430e-02,-0.0376563,0.00251969
8.0440e-02,-0.0314062,-0.000593437
8.0450e-02,-0.0404687,-0.00307219
8.0460e-02,-0.0378125,-0.00322375
8.0470e-02,-0.0292188,-0.00103656
8.0480e-02,-0.0335937,0.00212719
8.0490e-02,-0.0267187,0.00371281
8.0500e-02,-0.03125,0.00164031
8.0510e-02,-0.0365625,-0.00143188
8.0520e-02,-0.0354688,-0.00413344
8.0530e-02,-0.0345312,-0.00258063
8.0540e-02,-0.0332812,0.000743438
8.0550e-02,-0.0284375,0.00327375
8.0560e-02,-0.0353125,0.00318688
8.0570e-02,-0.0307813,-1.125e-05
8.0580e-02,-0.0340625,-0.00260125
8.0590e-02,-0.0367188,-0.00370719
8.0600e-02,-0.0428125,-0.00143656
8.0610e-02,-0.0375,0.00156531
8.0620e-02,-0.0359375,0.00327719
8.0630e-02,-0.03375,0.00218531
8.0640e-02,-0.0345312,-0.000633125
8.0650e-02,-0.0367188,-0.00328188
8.0660e-02,-0.0403125,-0.00268094
8.0670e-02,-0.0582813,-0.0007875
8.0680e-02,-0.0407813,0.00259031
8.0690e-02,-0.0379688,0.00277406
8.0700e-02,-0.0403125,0.00164063
8.0710e-02,-0.041875,-0.00148656
8.0720e-02,-0.048125,-0.00251406
8.0730e-02,-0.034375,-0.00134156
8.0740e-02,-0.0429688,0.00126125
8.0750e-02,-0.0357813,0.00209656
8.0760e-02,-0.0457813,0.00145531
8.0770e-02,-0.0384375,-0.00105563
8.0780e-02,-0.0364063,-0.00253781
8.0790e-02,-0.0373438,-0.00203313
8.0800e-02,-0.0351562,0.000392813
8.0810e-02,-0.0365625,0.00195406
8.0820e-02,-0.0401563,0.00173719
8.0830e-02,-0.0301563,0.000173438
8.0840e-02,-0.0392187,-0.0018825
8.0850e-02,-0.025,-0.00186
8.0860e-02,-0.0332812,-0.00125719
8.0870e-02,-0.0426562,0.000400938
8.0880e-02,-0.0289063,0.000819688
8.0890e-02,-0.0353125,0.000629688
8.0900e-02,-0.035,-0.000939688
8.0910e-02,-0.04875,-0.00127781
8.0920e-02,-0.02875,-0.000684063
8.0930e-02,-0.0370313,-9.34375e-05
8.0940e-02,-0.04375,0.00137219
8.0950e-02,-0.0320312,0.00122719
8.0960e-02,-0.0220313,-0.000319063
8.0970e-02,-0.0459375,-0.000561875
8.0980e-02,-0.0290625,-0.00129125
8.0990e-02,-0.0279688,-0.000561562
8.1000e-02,-0.0454688,0.000860313
8.1010e-02,-0.0425,0.00111625
8.1020e-02,-0.029375,0.0001025
8.1030e-02,-0.0420312,-0.0010175
8.1040e-02,-0.043125,-0.00123156
8.1050e-02,-0.0392187,-0.000325313
8.1060e-02,-0.0467188,0.000534375
8.1070e-02,-0.0484375,0.00101406
8.1080e-02,-0.0371875,0.000538438
8.1090e-02,-0.0420312,-0.000123438
8.1100e-02,-0.0559375,-0.000624375
8.1110e-02,-0.0389063,-0.00066875
8.1120e-02,-0.0414063,-0.000256563
8.1130e-02,-0.0409375,0.00011375
8.1140e-02,-0.033125,0.00101531
8.1150e-02,-0.038125,0.00123813
8.1160e-02,-0.0314062,5.40625e-05
8.1170e-02,-0.0354688,-0.000492813
8.1180e-02,-0.044375,-0.000237813
8.1190e-02,-0.0367188,0.00023375
8.1200e-02,-0.0301563,0.0009575
8.1210e-02,-0.0403125,0.000538438
8.1220e-02,-0.0292188,0.000145
8.1230e-02,-0.0396875,-0.0002275
8.1240e-02,-0.0378125,-0.000564688
8.1250e-02,-0.0414063,-0.000287813
8.1260e-02,-0.0315625,0.000480938
8.1270e-02,-0.0403125,0.000889375
8.1280e-02,-0.0353125,-0.0001525
8.1290e-02,-0.040625,6.15625e-05
8.1300e-02,-0.0457813,-0.000639063
8.1310e-02,-0.0257812,-0.000551875
8.1320e-02,-0.025,0.000304687
8.1330e-02,-0.02125,1.6875e-05
8.1340e-02,-0.0409375,0.000781875
8.1350e-02,-0.0328125,0.000544063
8.1360e-02,-0.0423437,-0.000502188
8.1370e-02,-0.0296875,-0.000259375
8.1380e-02,-0.026875,-0.000319688
8.1390e-02,-0.0320312,-0.000509375
8.1400e-02,-0.0376563,-3.59375e-05
8.1410e-02,-0.0453125,-0.00023
8.1420e-02,-0.038125,0.00027875
8.1430e-02,-0.0440625,-1.84375e-05
8.1440e-02,-0.0385937,-0.00061625
8.1450e-02,-0.044375,0.000845625
8.1460e-02,-0.0354688,0.000230625
8.1470e-02,-0.0276563,0.000565625
8.1480e-02,-0.0329688,0.000649375
8.1490e-02,-0.05375,0.000888438
8.1500e-02,-0.0435938,6.875e-05
8.1510e-02,-0.0403125,-1.625e-05
8.1520e-02,-0.0345312,-0.000458125
8.1530e-02,-0.0557813,0.000352188
8.1540e-02,-0.04125,0.000234688
8.1550e-02,-0.0360938,-0.000180938
8.1560e-02,-0.03625,0.000236563
8.1570e-02,-0.0375,-0.000400625
8.1580e-02,-0.04625,0.000112188
8.1590e-02,-0.0326562,1.5625e-05
8.1600e-02,-0.0357813,7.375e-05
8.1610e-02,-0.0407813,0.00035
8.1620e-02,-0.0435938,0.000322813
8.1630e-02,-0.0496875,0.000456875
8.1640e-02,-0.0420312,-0.000960313
8.1650e-02,-0.0407813,0.000164063
8.1660e-02,-0.0423437,-0.000164063
8.1670e-02,-0.0446875,-3.96875e-05
8.1680e-02,-0.0403125,-0.000401563
8.1690e-02,-0.0373438,-0.000628438
8.1700e-02,-0.0390625,-0.000534375
8.1710e-02,-0.0429688,-8.71875e-05
8.1720e-02,-0.0467188,-0.000180625
8.1730e-02,-0.0385937,0.000259375
8.1740e-02,-0.043125,0.000446563
8.1750e-02,-0.0290625,0.000238438
8.1760e-02,-0.039375,-0.000202813
8.1770e-02,-0.0328125,0.000317188
8.1780e-02,-0.0246875,0.000485938
8.1790e-02,-0.0360938,0.000140625
8.1800e-02,-0.03125,0.00025125
8.1810e-02,-0.0376563,0.000614063
8.1820e-02,-0.043125,-0.00021
8.1830e-02,-0.0376563,-4.0625e-06
8.1840e-02,-0.0378125,1.125e-05
8.1850e-02,-0.039375,0.000125938
8.1860e-02,-0.0475,0.000338438
8.1870e-02,-0.0420312,-8.03125e-05
8.1880e-02,-0.0420312,0.000333125
8.1890e-02,-0.0415625,-0.000504063
8.1900e-02,-0.0523437,-0.000330938
8.1910e-02,-0.0339062,-0.000263125
8.1920e-02,-0.0423437,-0.000304375
8.1930e-02,-0.0334375,0.000378438
8.1940e-02,-0.0465625,-0.000324375
8.1950e-02,-0.0420312,0.000390313
8.1960e-02,-0.0345312,-0.000638438
8.1970e-02,-0.0232812,-0.00050125
8.1980e-02,-0.04125,-0.000126875
8.1990e-02,-0.0428125,-4.9375e-05
8.2000e-02,-0.0285938,-0.000264063
8.2010e-02,-0.0335937,-3.65625e-05
8.2020e-02,-0.0395313,9.75e-05
8.2030e-02,-0.0410937,7.28125e-05
8.2040e-02,-0.0232812,6.8125e-05
8.2050e-02,-0.0598438,-4.6875e-06
8.2060e-02,-0.0434375,0.000189375
8.2070e-02,-0.0442188,-5.875e-05
8.2080e-02,-0.0428125,7.03125e-05
8.2090e-02,-0.0423437,0.00012875
8.2100e-02,-0.0489062,-0.000255
8.2110e-02,-0.0379688,0.000447188
8.2120e-02,-0.0476562,-0.000287813
8.2130e-02,-0.045,-0.000204375
8.2140e-02,-0.0428125,-0.00039625
8.2150e-02,-0.0403125,-0.000344063
8.2160e-02,-0.0328125,1.75e-05
8.2170e-02,-0.0354688,-0.0002875
8.2180e-02,-0.0307813,0.000129688
8.2190e-02,-0.0329688,0.000299063
8.2200e-02,-0.0348437,0.00063875
8.2210e-02,-0.0353125,-0.000132813
8.2220e-02,-0.0414063,-0.000285625
8.2230e-02,-0.0398437,-0.000821563
8.2240e-02,-0.0285938,-0.000350313
8.2250e-02,-0.0339062,-0.000679688
8.2260e-02,-0.046875,-0.000290938
8.2270e-02,-0.0428125,0.0007175
8.2280e-02,-0.0395313,8.75e-05
8.2290e-02,-0.0328125,0.000454063
8.2300e-02,-0.0414063,-9.6875e-06
8.2310e-02,-0.0260937,7.375e-05
8.2320e-02,-0.045,0.000818125
8.2330e-02,-0.0310937,0.000770313
8.2340e-02,-0.04625,0.000357188
8.2350e-02,-0.0451563,0.000410313
8.2360e-02,-0.0373438,-0.000419688
8.2370e-02,-0.035,0.00019875
8.2380e-02,-0.0417187,-0.000476875
8.2390e-02,-0.0540625,-0.000119375
8.2400e-02,-0.0357813,0.000383125
8.2410e-02,-0.0320312,-6.0625e-05
8.2420e-02,-0.0373438,-0.000386563
8.2430e-02,-0.0445313,0.000247813
8.2440e-02,-0.0460938,0.000252188
8.2450e-02,-0.0409375,0.000126875
8.2460e-02,-0.0457813,0.000394375
8.2470e-02,-0.0370313,0.000102188
8.2480e-02,-0.0325,0.000396875
8.2490e-02,-0.0429688,-0.0003625
8.2500e-02,-0.0289063,-0.000496875
8.2510e-02,-0.0476562,0.000324063
8.2520e-02,-0.0473438,0.00027
8.2530e-02,-0.0409375,0.000726875
8.2540e-02,-0.0357813,0.000693438
8.2550e-02,-0.038125,5.9375e-05
8.2560e-02,-0.0465625,0.000271875
8.2570e-02,-0.033125,0.000479063
8.2580e-02,-0.0417187,0.000131563
8.2590e-02,-0.036875,-0.000395938
8.2600e-02,-0.0367188,-5.9375e-05
8.2610e-02,-0.0395313,-0.000134063
8.2620e-02,-0.0464062,8.84375e-05
8.2630e-02,-0.04125,0.0005925
8.2640e-02,-0.03875,-2.8125e-05
8.2650e-02,-0.0398437,-0.000596563
8.2660e-02,-0.041875,-0.000626563
8.2670e-02,-0.0401563,4.3125e-05
8.2680e-02,-0.044375,1.03125e-05
8.2690e-02,-0.04375,3.75e-05
8.2700e-02,-0.036875,7.46875e-05
8.2710e-02,-0.03,0.000265
8.2720e-02,-0.0464062,0.000294062
8.2730e-02,-0.035625,-9.8125e-05
8.2740e-02,-0.0257812,-0.000208438
8.2750e-02,-0.05125,-6.15625e-05
8.2760e-02,-0.0482812,-0.000429063
8.2770e-02,-0.03375,-0.000188125
8.2780e-02,-0.0545313,6.71875e-05
8.2790e-02,-0.0503125,9.0625e-06
8.2800e-02,-0.0414063,-1.9375e-05
8.2810e-02,-0.0396875,-0.00021
8.2820e-02,-0.044375,-4.28125e-05
8.2830e-02,-0.0460938,2.8125e-05
8.2840e-02,-0.0457813,0.000402188
8.2850e-02,-0.0429688,0.00015125
8.2860e-02,-0.0340625,3.1875e-05
8.2870e-02,-0.0446875,0.0001
8.2880e-02,-0.034375,3.84375e-05
8.2890e-02,-0.03625,0.00021375
8.2900e-02,-0.0470312,-3.40625e-05
8.2910e-02,-0.0440625,0.000507813
8.2920e-02,-0.03875,0.000478125
8.2930e-02,-0.0409375,0.000709063
8.2940e-02,-0.0365625,0.000123438
8.2950e-02,-0.0425,-0.0002875
8.2960e-02,-0.0375,0.000419375
8.2970e-02,-0.0414063,0.00029375
8.2980e-02,-0.049375,-0.000273438
8.2990e-02,-0.0398437,8.71875e-05
8.3000e-02,-0.0473438,-0.000101875
8.3010e-02,-0.0426562,-0.000182188
8.3020e-02,-0.0339062,-0.000200625
8.3030e-02,-0.0426562,-0.00047
8.3040e-02,-0.0425,-0.000270625
8.3050e-02,-0.0476562,-0.000580313
8.3060e-02,-0.039375,-0.0003775
8.3070e-02,-0.0284375,-0.000325
8.3080e-02,-0.0371875,-9.65625e-05
8.3090e-02,-0.039375,-0.00026375
8.3100e-02,-0.049375,0.000207188
8.3110e-02,-0.041875,-0.000189688
8.3120e-02,-0.0259375,0.000255938
8.3130e-02,-0.0532813,-4.53125e-05
8.3140e-02,-0.0428125,3.6875e-05
8.3150e-02,-0.0334375,0.0003425
8.3160e-02,-0.0370313,9.75e-05
8.3170e-02,-0.0373438,0.000468125
8.3180e-02,-0.0303125,-2.78125e-05
8.3190e-02,-0.0432813,-0.000180938
8.3200e-02,-0.038125,0.000112188
8.3210e-02,-0.0546875,0.000275938
8.3220e-02,-0.0459375,-3.46875e-05
8.3230e-02,-0.0523437,0.000288125
8.3240e-02,-0.0382813,0.000253125
8.3250e-02,-0.0448438,-0.000199375
8.3260e-02,-0.0392187,-0.000354063
8.3270e-02,-0.0378125,-5.625e-06
8.3280e-02,-0.0440625,-8.375e-05
8.3290e-02,-0.038125,-0.000214375
8.3300e-02,-0.0485938,-4.5625e-05
8.3310e-02,-0.048125,-0.00052
8.3320e-02,-0.0470312,0.000219688
8.3330e-02,-0.0340625,-3.09375e-05
8.3340e-02,-0.0496875,-0.000228125
8.3350e-02,-0.0501562,0.000335
8.3360e-02,-0.0464062,0.000414375
8.3370e-02,-0.0434375,0.000168125
8.3380e-02,-0.0446875,0.00022375
8.3390e-02,-0.0376563,-7.4375e-05
8.3400e-02,-0.0326562,9.8125e-05
8.3410e-02,-0.0290625,7.5625e-05
8.3420e-02,-0.0525,-9.8125e-05
8.3430e-02,-0.0417187,-0.000462188
8.3440e-02,-0.0451563,0.000239688
8.3450e-02,-0.0507812,-0.0003675
8.3460e-02,-0.0473438,-0.000569063
8.3470e-02,-0.0370313,6.9375e-05
8.3480e-02,-0.038125,-0.000319063
8.3490e-02,-0.045625,-0.000327188
8.3500e-02,-0.043125,0.000454375
8.3510e-02,-0.045,-0.000703125
8.3520e-02,-0.045,-0.000415313
8.3530e-02,-0.0401563,-0.000368125
8.3540e-02,-0.0389063,-0.000112813
8.3550e-02,-0.04625,0.000324375
8.3560e-02,-0.0534375,0.000966875
8.3570e-02,-0.0296875,0.000400625
8.3580e-02,-0.0348437,0.000914688
8.3590e-02,-0.044375,3.75e-06
8.3600e-02,-0.0479688,-6.25e-05
8.3610e-02,-0.0375,-2.84375e-05
8.3620e-02,-0.0464062,-0.000125
8.3630e-02,-0.0457813,3.03125e-05
8.3640e-02,-0.0464062,-0.000111563
8.3650e-02,-0.0482812,-0.00038125
8.3660e-02,-0.0357813,-0.0001075
8.3670e-02,-0.0359375,-0.00019375
8.3680e-02,-0.036875,0.00015125
8.3690e-02,-0.0317188,0.000683438
8.3700e-02,-0.0310937,0.000212813
8.3710e-02,-0.0335937,0.000261875
8.3720e-02,-0.0304688,-0.000160313
8.3730e-02,-0.040625,0.000300313
8.3740e-02,-0.0367188,0.0003475
8.3750e-02,-0.054375,-0.000110938
8.3760e-02,-0.0498438,0.000377813
8.3770e-02,-0.0325,7.5e-05
8.3780e-02,-0.0371875,-0.000400313
8.3790e-02,-0.0485938,-0.000261563
8.3800e-02,-0.035625,-0.000108438
8.3810e-02,-0.0446875,0.000135625
8.3820e-02,-0.0475,0.000453125
8.3830e-02,-0.0446875,0.000497812
8.3840e-02,-0.0357813,0.000489687
8.3850e-02,-0.0470312,4.125e-05
8.3860e-02,-0.0471875,-0.000259688
8.3870e-02,-0.04125,0.000140938
8.3880e-02,-0.041875,0.000375
8.3890e-02,-0.0485938,0.000161875
8.3900e-02,-0.0354688,-0.000219688
8.3910e-02,-0.0485938,-0.000455625
8.3920e-02,-0.0445313,-0.000466563
8.3930e-02,-0.0457813,-0.000909375
8.3940e-02,-0.0521875,-0.000664688
8.3950e-02,-0.04875,0.000364063
8.3960e-02,-0.0417187,0.000239375
8.3970e-02,-0.0475,0.000244063
8.3980e-02,-0.0360938,-0.00054
8.3990e-02,-0.0401563,-0.000510625
8.4000e-02,-0.0510938,-0.000430625
8.4010e-02,-0.0304688,0.000810938
8.4020e-02,-0.0515625,0.000967188
8.4030e-02,-0.0501562,0.00123531
8.4040e-02,-0.045625,0.000307188
8.4050e-02,-0.0417187,-0.0005475
8.4060e-02,-0.0425,-0.000473438
8.4070e-02,-0.0423437,-0.00025625
8.4080e-02,-0.0415625,6.3125e-05
8.4090e-02,-0.0407813,0.00110656
8.4100e-02,-0.0471875,0.000872188
8.4110e-02,-0.0478125,-0.00021125
8.4120e-02,-0.0507812,-0.00114906
8.4130e-02,-0.0467188,-0.00112156
8.4140e-02,-0.0301563,0.00070125
8.4150e-02,-0.05,0.000855625
8.4160e-02,-0.0435938,0.00130563
8.4170e-02,-0.0498438,0.000814375
8.4180e-02,-0.0557813,-0.00109781
8.4190e-02,-0.0410937,-0.00160688
8.4200e-02,-0.0376563,-0.000420313
8.4210e-02,-0.0359375,0.000974688
8.4220e-02,-0.0473438,0.00109625
8.4230e-02,-0.04,0.000792188
8.4240e-02,-0.046875,-0.00137063
8.4250e-02,-0.0478125,-0.00155938
8.4260e-02,-0.038125,-0.000917188
8.4270e-02,-0.0523437,0.000685
8.4280e-02,-0.0525,0.00188844
8.4290e-02,-0.0407813,0.00162531
8.4300e-02,-0.0520313,-0.000490313
8.4310e-02,-0.0534375,-0.00179563
8.4320e-02,-0.048125,-0.00212969
8.4330e-02,-0.0478125,-0.000233125
8.4340e-02,-0.0376563,0.00185938
8.4350e-02,-0.048125,0.00147656
8.4360e-02,-0.0321875,0.000700313
8.4370e-02,-0.0429688,-0.00165594
8.4380e-02,-0.041875,-0.00294938
8.4390e-02,-0.0482812,-0.00189281
8.4400e-02,-0.0507812,0.00142906
8.4410e-02,-0.0453125,0.00280844
8.4420e-02,-0.0417187,0.00266
8.4430e-02,-0.041875,0.00266031
8.4440e-02,-0.0514063,0.00262281
8.4450e-02,-0.0351562,0.00266813
8.4460e-02,-0.05,0.00285938
8.4470e-02,-0.0454688,0.00271625
8.4480e-02,-0.0498438,0.00260406
8.4490e-02,-2.35047,0.001495
8.4500e-02,-1.27703,-0.00323563
8.4510e-02,-0.762656,-0.00658531
8.4520e-02,-1.61578,-0.00761313
8.4530e-02,-0.533594,-0.00781406
8.4540e-02,0.121094,-0.00749063
8.4550e-02,0.118281,-0.00787031
8.4560e-02,0.104844,-0.00771906
8.4570e-02,0.0896875,-0.00749375
8.4580e-02,0.0623438,-0.00767344
8.4590e-02,0.0628125,-0.00749688
8.4600e-02,0.0578125,-0.00759281
8.4610e-02,0.0326562,-0.00752906
8.4620e-02,0.03625,-0.00753469
8.4630e-02,0.03375,-0.00750031
8.4640e-02,0.0359375,-0.00737219
8.4650e-02,0.0454688,-0.00785969
8.4660e-02,0.0323438,-0.0073975
8.4670e-02,0.0351562,-0.00758094
8.4680e-02,0.0325,-0.00735875
8.4690e-02,0.0248438,-0.00745688
8.4700e-02,0.0240625,-0.00763875
8.4710e-02,0.0107812,-0.007505
8.4720e-02,0.0179688,-0.00729094
8.4730e-02,0.008125,-0.00746344
8.4740e-02,0.01375,-0.00733344
8.4750e-02,0.018125,-0.00277313
8.4760e-02,0.0223437,0.00129563
8.4770e-02,0.0110937,0.00129875
8.4780e-02,0.0170313,-0.00091375
8.4790e-02,0.0317188,-0.00283969
8.4800e-02,0.018125,-0.00266188
8.4810e-02,0.006875,-0.000267188
8.4820e-02,0.0153125,0.00180281
8.4830e-02,0.013125,0.00291375
8.4840e-02,0.0101562,0.000532813
8.4850e-02,-0.006875,-0.00167219
8.4860e-02,0.00046875,-0.00185188
8.4870e-02,-0.001875,-0.000258438
8.4880e-02,0.000625,0.00096125
8.4890e-02,0.016875,0.00184031
8.4900e-02,0.0192188,0.000571563
8.4910e-02,0.0090625,-0.000719375
8.4920e-02,-0.00484375,-0.00157844
8.4930e-02,0.00609375,-0.00105563
8.4940e-02,-0.0071875,0.00087375
8.4950e-02,0.0009375,0.00110187
8.4960e-02,0.008125,0.00147594
8.4970e-02,0.0071875,0.000660625
8.4980e-02,0.00265625,-0.00082
8.4990e-02,-0.0101563,-0.000475313
8.5000e-02,-0.00125,-0.00029
8.5010e-02,0.00421875,0.00131375
8.5020e-02,0.00125,0.00125875
8.5030e-02,-0.0015625,0.000700938
8.5040e-02,0.00515625,-2.8125e-05
8.5050e-02,0.0003125,-0.000664375
8.5060e-02,-0.0028125,-0.00029625
8.5070e-02,-0.0040625,-0.000115625
8.5080e-02,-0.0040625,0.00079375
8.5090e-02,-0.0114062,0.000660625
8.5100e-02,-0.0065625,0.0002075
8.5110e-02,0.0025,-0.000175938
8.5120e-02,-0.00484375,-0.000774375
8.5130e-02,0.0034375,5.28125e-05
8.5140e-02,-0.00140625,0.000751563
8.5150e-02,-0.0120313,0.00062875
8.5160e-02,-0.011875,-0.000260313
8.5170e-02,-0.0117188,-0.000564688
8.5180e-02,-0.0159375,-0.00112375
8.5190e-02,0.00296875,-0.00061
8.5200e-02,-0.00421875,-0.00014125
8.5210e-02,-0.000625,0.000462188
8.5220e-02,-0.0103125,0.000445313
8.5230e-02,-0.010625,5.75e-05
8.5240e-02,0.00203125,-0.000229688
8.5250e-02,-0.013125,-0.000448438
8.5260e-02,-0.0175,-0.000316875
8.5270e-02,-0.0090625,0.00042375
8.5280e-02,-0.0201563,-0.000121875
8.5290e-02,-0.00125,0.000553438
8.5300e-02,-0.0121875,0.000169688
8.5310e-02,-0.011875,-0.00027875
8.5320e-02,-0.0114062,7.78125e-05
8.5330e-02,-0.00390625,-7.6875e-05
8.5340e-02,-0.0126563,-0.000128437
8.5350e-02,-0.0139063,0.000258438
8.5360e-02,-0.00078125,-0.000115625
8.5370e-02,-0.0142188,-2.78125e-05
8.5380e-02,-0.0153125,-0.000297813
8.5390e-02,-0.0167188,-5.75e-05
8.5400e-02,-0.00421875,-0.000310625
8.5410e-02,-0.00875,-0.000148438
8.5420e-02,-0.0159375,0.000194688
8.5430e-02,-0.0171875,0.000456563
8.5440e-02,-0.0139063,0.00045875
8.5450e-02,-0.0182812,-3.75e-05
8.5460e-02,-0.0084375,0.000346563
8.5470e-02,-0.011875,0.000385625
8.5480e-02,-0.00890625,0.00023625
8.5490e-02,-0.0117188,9.90625e-05
8.5500e-02,-0.020625,0.000415
8.5510e-02,-0.0210938,0.000229375
8.5520e-02,-0.0182812,-0.000203438
8.5530e-02,-0.0192187,2.15625e-05
8.5540e-02,-0.02125,-0.00036375
8.5550e-02,-0.025625,0.000212188
8.5560e-02,-0.0146875,0.000365625
8.5570e-02,-0.015625,0.00031
8.5580e-02,-0.0096875,-1.28125e-05
8.5590e-02,-0.0232812,0.000104688
8.5600e-02,-0.008125,-0.000255938
8.5610e-02,-0.0246875,-0.000189688
8.5620e-02,-0.0173438,-0.00014875
8.5630e-02,-0.005625,-2.28125e-05
8.5640e-02,-0.0164063,8.4375e-06
8.5650e-02,-0.0151562,-0.000162813
8.5660e-02,-0.016875,-0.000437813
8.5670e-02,-0.00859375,-0.000270938
8.5680e-02,-0.0157813,-0.000177813
8.5690e-02,-0.014375,0.000727188
8.5700e-02,-0.0157813,0.000124375
8.5710e-02,-0.018125,-0.00043375
8.5720e-02,-0.0225,-0.000344688
8.5730e-02,-0.0189062,-0.000316875
8.5740e-02,-0.0207813,0.000313125
8.5750e-02,-0.0379688,0.000144063
8.5760e-02,-0.016875,-0.000111875
8.5770e-02,-0.0196875,0.000768125
8.5780e-02,-0.0170313,0.000359375
8.5790e-02,-0.016875,-0.000349688
8.5800e-02,-0.0253125,0.000410625
8.5810e-02,-0.0142188,0.000286563
8.5820e-02,-0.014375,3.75e-06
8.5830e-02,-0.00953125,-6.875e-05
8.5840e-02,-0.01625,-0.000324688
8.5850e-02,-0.0176563,-0.00017375
8.5860e-02,-0.0271875,-0.000175938
8.5870e-02,-0.015,-0.00021125
8.5880e-02,-0.0185937,-1.25e-06
8.5890e-02,-0.02625,0.000327188
8.5900e-02,-0.0078125,2.84375e-05
8.5910e-02,-0.0242188,-0.000238438
8.5920e-02,-0.028125,-0.000557188
8.5930e-02,-0.0189062,0.000200313
8.5940e-02,-0.0157813,-0.000238438
8.5950e-02,-0.0173438,-0.00017875
8.5960e-02,-0.0196875,-0.000413125
8.5970e-02,-0.0171875,-0.00144188
8.5980e-02,-0.0217188,-0.00059
8.5990e-02,-0.0196875,0.00012125
8.6000e-02,-0.0264062,-1.03125e-05
8.6010e-02,-0.006875,0.000185313
8.6020e-02,-0.0240625,0.000811563
8.6030e-02,-0.0289063,0.0002825
8.6040e-02,-0.0140625,-0.0002075
8.6050e-02,-0.025,-0.000599688
8.6060e-02,-0.0195312,0.000177813
8.6070e-02,-0.0140625,0.000231875
8.6080e-02,-0.0271875,-0.000398125
8.6090e-02,-0.0235938,-2.21875e-05
8.6100e-02,-0.0171875,-0.000254063
8.6110e-02,-0.0139063,-0.00023375
8.6120e-02,-0.0264062,-0.000708125
8.6130e-02,-0.0182812,2.5e-05
8.6140e-02,-0.01625,0.000189375
8.6150e-02,-0.0275,-0.000153438
8.6160e-02,-0.0176563,-0.0004075
8.6170e-02,-0.0203125,-0.000760313
8.6180e-02,-0.0226562,-0.000346563
8.6190e-02,-0.0220313,-0.000254375
8.6200e-02,-0.029375,-0.000205313
8.6210e-02,-0.0260937,0.00032
8.6220e-02,-0.0223437,0.000158125
8.6230e-02,-0.0203125,6.3125e-05
8.6240e-02,-0.0189062,0.000185313
8.6250e-02,-0.0235938,-0.0002675
8.6260e-02,-0.0185937,0.000143125
8.6270e-02,-0.02625,0.000631875
8.6280e-02,-0.0170313,0.000169063
8.6290e-02,-0.0317188,-0.00019625
8.6300e-02,-0.0242188,0.000605938
8.6310e-02,-0.0340625,-0.0001025
8.6320e-02,-0.0409375,-8.90625e-05
8.6330e-02,-0.0157813,4.3125e-05
8.6340e-02,-0.0310937,-1.375e-05
8.6350e-02,-0.0298438,0.000242813
8.6360e-02,-0.0276563,0.000431563
8.6370e-02,-0.0239063,-0.000681875
8.6380e-02,-0.0323438,-0.000274375
8.6390e-02,-0.0235938,-0.000190313
8.6400e-02,-0.018125,0.00024375
8.6410e-02,-0.0110937,0.0002725
8.6420e-02,-0.03125,-0.00015375
8.6430e-02,-0.0284375,0.000119375
8.6440e-02,-0.0425,0.000109375
8.6450e-02,-0.0259375,5.09375e-05
8.6460e-02,-0.03,1.375e-05
8.6470e-02,-0.0329688,-0.000266875
8.6480e-02,-0.0235938,-0.000302813
8.6490e-02,-0.0220313,8.65625e-05
8.6500e-02,-0.0289063,-0.000262813
8.6510e-02,-0.0232812,0.000339375
8.6520e-02,-0.0270312,0.000635938
8.6530e-02,-0.0259375,0.000474688
8.6540e-02,-0.0298438,0.000565625
8.6550e-02,-0.0321875,0.000114063
8.6560e-02,-0.0351562,8.75e-06
8.6570e-02,-0.0285938,0.000426563
8.6580e-02,-0.045,0.000215625
8.6590e-02,-0.03125,-0.00021125
8.6600e-02,-0.0270312,0.000452188
8.6610e-02,-0.0257812,-0.000203125
8.6620e-02,-0.0303125,7.25e-05
8.6630e-02,-0.0304688,0.000500625
8.6640e-02,-0.0303125,0.000197188
8.6650e-02,-0.0271875,0.000362813
8.6660e-02,-0.0275,-0.000301563
8.6670e-02,-0.0234375,-6.65625e-05
8.6680e-02,-0.029375,0.000216563
8.6690e-02,-0.0390625,0.000236875
8.6700e-02,-0.03375,0.000715625
8.6710e-02,-0.0278125,0.000320313
8.6720e-02,-0.0239063,0.000194063
8.6730e-02,-0.02125,-0.000219688
8.6740e-02,-0.025625,3.28125e-05
8.6750e-02,-0.0276563,3.46875e-05
8.6760e-02,-0.0228125,0.00043625
8.6770e-02,-0.0346875,-0.000598438
8.6780e-02,-0.0209375,-0.000149687
8.6790e-02,-0.0282813,-0.000579063
8.6800e-02,-0.025,-0.000145625
8.6810e-02,-0.031875,1.28125e-05
8.6820e-02,-0.0304688,0.000305625
8.6830e-02,-0.0404687,0.000288125
8.6840e-02,-0.0326562,0.000215313
8.6850e-02,-0.0270312,0.000195625
8.6860e-02,-0.0326562,0.000261875
8.6870e-02,-0.021875,0.000308438
8.6880e-02,-0.0251563,4.125e-05
8.6890e-02,-0.0348437,-3.8125e-05
8.6900e-02,-0.0351562,-0.000491875
8.6910e-02,-0.0303125,0.00103812
8.6920e-02,-0.0320312,-6.5e-05
8.6930e-02,-0.0184375,-5.25e-05
8.6940e-02,-0.014375,-0.000619063
8.6950e-02,-0.0342187,-0.000378438
8.6960e-02,-0.021875,-0.000721563
8.6970e-02,-0.023125,-0.00087375
8.6980e-02,-0.03375,-0.00026375
8.6990e-02,-0.0340625,-0.0004625
8.7000e-02,-0.0357813,-0.000563438
8.7010e-02,-0.0309375,-0.000635625
8.7020e-02,-0.024375,-6.375e-05
8.7030e-02,-0.0273438,-0.000166563
8.7040e-02,-0.03625,-0.000110313
8.7050e-02,-0.0239063,-2.4375e-05
8.7060e-02,-0.0328125,0.000169063
8.7070e-02,-0.0279688,-0.000262813
8.7080e-02,-0.02125,-0.000612813
8.7090e-02,-0.0378125,-0.00016875
8.7100e-02,-0.0278125,-0.000220625
8.7110e-02,-0.0432813,-0.000104688
8.7120e-02,-0.0239063,-6.96875e-05
8.7130e-02,-0.04625,0.000175
8.7140e-02,-0.0290625,-0.00010625
8.7150e-02,-0.0221875,-0.000406563
8.7160e-02,-0.019375,0.000395625
8.7170e-02,-0.0423437,0.000526563
8.7180e-02,-0.0376563,5.40625e-05
8.7190e-02,-0.0429688,3.5625e-05
8.7200e-02,-0.0357813,-2.40625e-05
8.7210e-02,-0.0484375,-0.000115938
8.7220e-02,-0.0242188,-0.000884688
8.7230e-02,-0.0271875,0.000237813
8.7240e-02,-0.0321875,5.90625e-05
8.7250e-02,-0.043125,0.00028
8.7260e-02,-0.0440625,0.000552813
8.7270e-02,-0.026875,-0.000149063
8.7280e-02,-0.0423437,-0.00030125
8.7290e-02,-0.0245313,-0.000251875
8.7300e-02,-0.0279688,0.000339688
8.7310e-02,-0.0371875,-0.000117188
8.7320e-02,-0.0390625,8.6875e-05
8.7330e-02,-0.0282813,-0.000264063
8.7340e-02,-0.0329688,8.21875e-05
8.7350e-02,-0.0371875,-0.00012625
8.7360e-02,-0.021875,-2.90625e-05
8.7370e-02,-0.0285938,-1.03125e-05
8.7380e-02,-0.035,0.000525313
8.7390e-02,-0.0365625,-0.00052
8.7400e-02,-0.0265625,-0.000238125
8.7410e-02,-0.0207813,-0.000449375
8.7420e-02,-0.0464062,0.000239063
8.7430e-02,-0.0467188,-0.00076625
8.7440e-02,-0.0453125,0.000230938
8.7450e-02,-0.03125,0.0005025
8.7460e-02,-0.0253125,0.0001925
8.7470e-02,-0.0417187,5.9375e-05
8.7480e-02,-0.0267187,-0.00023
8.7490e-02,-0.0309375,6.0625e-05
8.7500e-02,-0.0270312,0.00014
8.7510e-02,-0.0423437,4.75e-05
8.7520e-02,-0.0342187,-0.000244375
8.7530e-02,-0.029375,-2.40625e-05
8.7540e-02,-0.0346875,-0.000487188
8.7550e-02,-0.028125,-0.000224063
8.7560e-02,-0.0351562,0.000535313
8.7570e-02,-0.0217188,0.00048
8.7580e-02,-0.0329688,0.00092
8.7590e-02,-0.0396875,0.000668438
8.7600e-02,-0.03125,-0.000114375
8.7610e-02,-0.0254688,0.0005
8.7620e-02,-0.0373438,-0.000485938
8.7630e-02,-0.0448438,-0.000420313
8.7640e-02,-0.0417187,0.000751563
8.7650e-02,-0.0365625,0.000227813
8.7660e-02,-0.0445313,4.09375e-05
8.7670e-02,-0.0396875,-0.000784688
8.7680e-02,-0.02625,-0.000257188
8.7690e-02,-0.0403125,8.34375e-05
8.7700e-02,-0.0346875,0.000179063
8.7710e-02,-0.0409375,0.0004475
8.7720e-02,-0.0301563,-0.000185
8.7730e-02,-0.03,-0.00037875
8.7740e-02,-0.0398437,-0.000296563
8.7750e-02,-0.0289063,0.000265938
8.7760e-02,-0.039375,0.00030375
8.7770e-02,-0.030625,0.000624688
8.7780e-02,-0.0425,0.000221875
8.7790e-02,-0.0246875,0.000517188
8.7800e-02,-0.0301563,0.000119688
8.7810e-02,-0.0267187,2.5e-05
8.7820e-02,-0.0251563,-0.000220625
8.7830e-02,-0.0435938,0.000553125
8.7840e-02,-0.04375,0.000922813
8.7850e-02,-0.0401563,0.000465
8.7860e-02,-0.030625,-0.000504063
8.7870e-02,-0.030625,-0.00049625
8.7880e-02,-0.0240625,1.0625e-05
8.7890e-02,-0.0354688,2e-05
8.7900e-02,-0.03125,0.00090125
8.7910e-02,-0.0398437,0.0007375
8.7920e-02,-0.05375,0.000788125
8.7930e-02,-0.0334375,-0.000307813
8.7940e-02,-0.0348437,-0.000820625
8.7950e-02,-0.0332812,-0.00042875
8.7960e-02,-0.036875,0.000954688
8.7970e-02,-0.0270312,0.00119063
8.7980e-02,-0.0409375,0.000706563
8.7990e-02,-0.043125,-0.000310313
8.8000e-02,-0.0317188,-0.000931875
8.8010e-02,-0.0371875,-0.000260313
8.8020e-02,-0.0257812,0.000255625
8.8030e-02,-0.0279688,0.000740625
8.8040e-02,-0.0304688,0.000726875
8.8050e-02,-0.026875,-0.000115
8.8060e-02,-0.0426562,-0.000647813
8.8070e-02,-0.044375,-0.000824063
8.8080e-02,-0.0429688,-0.00100375
8.8090e-02,-0.0245313,0.00047
8.8100e-02,-0.0434375,0.00162719
8.8110e-02,-0.04375,0.000304375
8.8120e-02,-0.03125,-0.000535
8.8130e-02,-0.0240625,-0.00128
8.8140e-02,-0.0395313,-0.00066125
8.8150e-02,-0.035,0.000199063
8.8160e-02,-0.0470312,0.00130969
8.8170e-02,-0.0470312,0.00108406
8.8180e-02,-0.039375,-0.000233438
8.8190e-02,-0.040625,-0.00140031
8.8200e-02,-0.0246875,-0.00159906
8.8210e-02,-0.04375,0.0001625
8.8220e-02,-0.0335937,0.00150156
8.8230e-02,-0.0340625,0.00185781
8.8240e-02,-0.0332812,0.000897813
8.8250e-02,-0.039375,-0.000898125
8.8260e-02,-0.0365625,-0.00145469
8.8270e-02,-0.0371875,-0.00048
8.8280e-02,-0.0270312,0.00155625
8.8290e-02,-0.025,0.00214813
8.8300e-02,-0.0332812,0.00175625
8.8310e-02,-0.0389063,-0.000652813
8.8320e-02,-0.03625,-0.00218063
8.8330e-02,-0.035,-0.00226281
8.8340e-02,-0.0435938,-0.000109375
8.8350e-02,-0.0373438,0.00234469
8.8360e-02,-0.0210938,0.00300188
8.8370e-02,-0.0371875,0.00127844
8.8380e-02,-0.0373438,-0.00142531
8.8390e-02,-0.020625,-0.00329031
8.8400e-02,-0.0264062,-0.0020025
8.8410e-02,-0.0267187,0.00101719
8.8420e-02,-0.0328125,0.00286125
8.8430e-02,-0.0315625,0.00290875
8.8440e-02,-0.0328125,0.000165313
8.8450e-02,-0.0296875,-0.00272281
8.8460e-02,-0.0209375,-0.00325938
8.8470e-02,-0.0410937,-0.000926563
8.8480e-02,-0.0445313,0.00227625
8.8490e-02,-0.0417187,0.0036925
8.8500e-02,-0.0409375,0.00203094
8.8510e-02,-0.0240625,-0.000563125
8.8520e-02,-0.0334375,-0.00359125
8.8530e-02,-0.0382813,-0.00295281
8.8540e-02,-0.0379688,9.8125e-05
8.8550e-02,-0.0389063,0.00251188
8.8560e-02,-0.0246875,0.00387406
8.8570e-02,-0.03,0.00133875
8.8580e-02,-0.0304688,-0.00241406
8.8590e-02,-0.0395313,-0.00400281
8.8600e-02,-0.03375,-0.00215875
8.8610e-02,-0.034375,0.00129219
8.8620e-02,-0.0417187,0.00310219
8.8630e-02,-0.0296875,0.00228563
8.8640e-02,-0.034375,-0.000400625
8.8650e-02,-0.0401563,-0.00268344
8.8660e-02,-0.0434375,-0.00313094
8.8670e-02,-0.0428125,-0.000659063
8.8680e-02,-0.0389063,0.00218563
8.8690e-02,-0.0389063,0.00238375
8.8700e-02,-0.0276563,0.0014925
8.8710e-02,-0.0303125,-0.00151344
8.8720e-02,-0.0328125,-0.00268906
8.8730e-02,-0.0348437,-0.000600313
8.8740e-02,-0.0328125,0.0009875
8.8750e-02,-0.035,0.00220031
8.8760e-02,-0.03375,0.00161438
8.8770e-02,-0.0314062,-0.000149687
8.8780e-02,-0.026875,-0.001775
8.8790e-02,-0.0278125,-0.00206062
8.8800e-02,-0.0435938,-8.28125e-05
8.8810e-02,-0.0414063,0.00144188
8.8820e-02,-0.0442188,0.00113188
8.8830e-02,-0.0279688,0.00032125
8.8840e-02,-0.0396875,-0.00116219
8.8850e-02,-0.0453125,-0.00145938
8.8860e-02,-0.035625,-0.001185
8.8870e-02,-0.033125,0.00118313
8.8880e-02,-0.0328125,0.0013325
8.8890e-02,-0.0390625,0.000722813
8.8900e-02,-0.0364063,-0.000768438
8.8910e-02,-0.0373438,-0.00100563
8.8920e-02,-0.035,-0.00112938
8.8930e-02,-0.0429688,7e-05
8.8940e-02,-0.0323438,0.00122531
8.8950e-02,-0.0325,0.00123406
8.8960e-02,-0.03875,0.000855625
8.8970e-02,-0.0276563,-0.000848438
8.8980e-02,-0.0345312,-0.00116313
8.8990e-02,-0.0359375,3.28125e-05
8.9000e-02,-0.04,0.00088125
8.9010e-02,-0.0348437,0.00122625
8.9020e-02,-0.0434375,0.0006775
8.9030e-02,-0.0373438,-0.000707188
8.9040e-02,-0.043125,-0.00135938
8.9050e-02,-0.0389063,-0.00129156
8.9060e-02,-0.0346875,8.125e-05
8.9070e-02,-0.0307813,0.00101188
8.9080e-02,-0.0375,0.000525
8.9090e-02,-0.03625,0.00037375
8.9100e-02,-0.04125,-3.28125e-05
8.9110e-02,-0.0470312,-0.00038375
8.9120e-02,-0.03875,-0.000589688
8.9130e-02,-0.0401563,-0.000185938
8.9140e-02,-0.040625,0.00014125
8.9150e-02,-0.048125,0.000722188
8.9160e-02,-0.0517188,-0.000447813
8.9170e-02,-0.0379688,-0.000895
8.9180e-02,-0.04,-0.000337813
8.9190e-02,-0.036875,0.000117813
8.9200e-02,-0.0401563,0.00102219
8.9210e-02,-0.03375,0.00043125
8.9220e-02,-0.0295313,0.000465625
8.9230e-02,-0.0376563,0.0002875
8.9240e-02,-0.039375,-0.000475313
8.9250e-02,-0.0334375,-0.00015625
8.9260e-02,-0.035,0.000719375
8.9270e-02,-0.04375,0.000320938
8.9280e-02,-0.0467188,0.000217813
8.9290e-02,-0.0414063,0.0001875
8.9300e-02,-0.0464062,-0.000595625
8.9310e-02,-0.0540625,-0.00041
8.9320e-02,-0.039375,-0.000511563
8.9330e-02,-0.0389063,0.00012625
8.9340e-02,-0.040625,-3.4375e-06
8.9350e-02,-0.0314062,-7.5e-06
8.9360e-02,-0.0239063,-0.000865625
8.9370e-02,-0.0365625,-0.000636875
8.9380e-02,-0.0425,4.1875e-05
8.9390e-02,-0.0317188,-0.000459063
8.9400e-02,-0.0339062,0.000229688
8.9410e-02,-0.0404687,4.28125e-05
8.9420e-02,-0.0367188,8.375e-05
8.9430e-02,-0.035625,-0.00042
8.9440e-02,-0.0439063,-0.000454375
8.9450e-02,-0.03375,-0.000124063
8.9460e-02,-0.0365625,-0.00011375
8.9470e-02,-0.0385937,-0.000162188
8.9480e-02,-0.04375,0.000584688
8.9490e-02,-0.025625,-0.000294375
8.9500e-02,-0.0323438,-0.000183125
8.9510e-02,-0.04375,-0.000257813
8.9520e-02,-0.0434375,-0.000201875
8.9530e-02,-0.0371875,0.000226563
8.9540e-02,-0.0432813,0.000562188
8.9550e-02,-0.0364063,0.000710313
8.9560e-02,-0.0371875,-2.5625e-05
8.9570e-02,-0.0351562,-0.0006225
8.9580e-02,-0.0398437,-0.000290313
8.9590e-02,-0.0375,-0.000240625
8.9600e-02,-0.036875,-0.000155313
8.9610e-02,-0.04125,-0.00017
8.9620e-02,-0.0376563,0.000219375
8.9630e-02,-0.040625,-0.000444063
8.9640e-02,-0.04125,-0.000123125
8.9650e-02,-0.0357813,-8.25e-05
8.9660e-02,-0.045625,-0.0005675
8.9670e-02,-0.0425,0.000210938
8.9680e-02,-0.036875,0.000364375
8.9690e-02,-0.0359375,-0.00023375
8.9700e-02,-0.0395313,-0.000785
8.9710e-02,-0.0514063,-9.9375e-05
8.9720e-02,-0.0407813,-0.000131563
8.9730e-02,-0.0435938,0.000179375
8.9740e-02,-0.0439063,0.000338438
8.9750e-02,-0.0365625,0.000578438
8.9760e-02,-0.0476562,-0.0002175

