Model,MDO4054-3
Firmware Version,2.20

Waveform Type,ANALOG,
Point Format,Y,
Horizontal Units,s,
Horizontal Scale,0.01,
Horizontal Delay,0.03977,
Sample Interval,1e-05,
Record Length,10000,
Gating,0.0% to 100.0%,
Probe Attenuation,1,
Vertical Units,V,
Vertical Offset,0,
Vertical Scale,1,
Vertical Position,0.02,
,,
,,
,,
Label,,
TIME,CH1,CH2
-1.0230e-02,-0.0557813,-0.000750625
-1.0220e-02,-0.05125,-0.000151563
-1.0210e-02,-0.0490625,-0.00027875
-1.0200e-02,-0.045625,-0.000479063
-1.0190e-02,-0.060625,-0.00039125
-1.0180e-02,-0.0654688,-0.000994688
-1.0170e-02,-0.0548437,-0.000378125
-1.0160e-02,-0.0578125,-0.000548125
-1.0150e-02,-0.0446875,-0.00036625
-1.0140e-02,-0.0470312,0.000295
-1.0130e-02,-0.0648438,0.000296875
-1.0120e-02,-0.0526563,0.00014125
-1.0110e-02,-0.0501562,-0.000199063
-1.0100e-02,-0.0559375,9.5625e-05
-1.0090e-02,-0.044375,-0.000328125
-1.0080e-02,-0.0645312,-4.625e-05
-1.0070e-02,-0.0501562,-6.625e-05
-1.0060e-02,-0.0446875,-0.000665625
-1.0050e-02,-0.0546875,-0.000458438
-1.0040e-02,-0.056875,-0.000439375
-1.0030e-02,-0.0535937,-0.000405938
-1.0020e-02,-0.0517188,-0.000777813
-1.0010e-02,-0.0557813,-0.000183125
-1.0000e-02,-0.0521875,-2.8125e-05
-9.9900e-03,-0.0396875,-8.65625e-05
-9.9800e-03,-0.0584375,-0.000664375
-9.9700e-03,-0.0521875,-0.00027375
-9.9600e-03,-0.0535937,-0.000425
-9.9500e-03,-0.0557813,-0.00061
-9.9400e-03,-0.0417187,-0.000502813
-9.9300e-03,-0.0553125,-0.000815
-9.9200e-03,-0.0595313,-0.000327188
-9.9100e-03,-0.0595313,-0.000662188
-9.9000e-03,-0.0417187,-0.000379688
-9.8900e-03,-0.0539063,-0.000350625
-9.8800e-03,-0.0532813,0.000146875
-9.8700e-03,-0.0485938,0.000159375
-9.8600e-03,-0.04375,7.9375e-05
-9.8500e-03,-0.0529687,0.000348438
-9.8400e-03,-0.0557813,0.000719063
-9.8300e-03,-0.0509375,9.96875e-05
-9.8200e-03,-0.0457813,0.000120625
-9.8100e-03,-0.0554687,4.375e-06
-9.8000e-03,-0.0510938,-0.000426563
-9.7900e-03,-0.056875,-0.000540312
-9.7800e-03,-0.0485938,-5.9375e-05
-9.7700e-03,-0.065625,-0.000135
-9.7600e-03,-0.059375,-0.00041375
-9.7500e-03,-0.0435938,-0.00019625
-9.7400e-03,-0.0653125,0.000220938
-9.7300e-03,-0.0646875,-0.000395938
-9.7200e-03,-0.0610938,-0.000585313
-9.7100e-03,-0.0517188,-0.000517188
-9.7000e-03,-0.0584375,-0.000346875
-9.6900e-03,-0.059375,-0.000104375
-9.6800e-03,-0.05125,0.000280313
-9.6700e-03,-0.0514063,0.000465938
-9.6600e-03,-0.055,-0.000356875
-9.6500e-03,-0.0570313,-0.000142188
-9.6400e-03,-0.0515625,7.75e-05
-9.6300e-03,-0.0554687,-0.00034875
-9.6200e-03,-0.0423437,-0.000445938
-9.6100e-03,-0.0535937,-0.000740625
-9.6000e-03,-0.053125,-0.000992812
-9.5900e-03,-0.0476562,-0.000518438
-9.5800e-03,-0.0570313,-0.00139625
-9.5700e-03,-0.0526563,3.375e-05
-9.5600e-03,-0.05875,-0.000392813
-9.5500e-03,-0.05375,-0.000449063
-9.5400e-03,-0.0476562,-0.000436875
-9.5300e-03,-0.0554687,-0.000107813
-9.5200e-03,-0.0459375,-0.000356563
-9.5100e-03,-0.048125,-0.00027125
-9.5000e-03,-0.0573437,-0.000380625
-9.4900e-03,-0.0429688,-0.000186875
-9.4800e-03,-0.0534375,-8.3125e-05
-9.4700e-03,-0.0496875,-0.00026625
-9.4600e-03,-0.0573437,-0.00034125
-9.4500e-03,-0.0484375,-0.000644688
-9.4400e-03,-0.045,-0.000894375
-9.4300e-03,-0.0471875,-0.000517188
-9.4200e-03,-0.0489062,-0.000107188
-9.4100e-03,-0.0559375,2.9375e-05
-9.4000e-03,-0.0482812,-6.375e-05
-9.3900e-03,-0.0554687,-0.000530938
-9.3800e-03,-0.0553125,-0.00056875
-9.3700e-03,-0.0515625,-0.000575938
-9.3600e-03,-0.04875,0.000207188
-9.3500e-03,-0.05875,-6.6875e-05
-9.3400e-03,-0.0478125,5.78125e-05
-9.3300e-03,-0.048125,-0.00031
-9.3200e-03,-0.0509375,0.000597188
-9.3100e-03,-0.0460938,-0.00026875
-9.3000e-03,-0.0496875,-0.000407188
-9.2900e-03,-0.0585938,0.000495
-9.2800e-03,-0.0467188,-0.00028875
-9.2700e-03,-0.05,-7.4375e-05
-9.2600e-03,-0.0601562,-0.000270625
-9.2500e-03,-0.0520313,-0.00031375
-9.2400e-03,-0.0709375,-0.00037125
-9.2300e-03,-0.065,-0.000202813
-9.2200e-03,-0.05875,-0.000138438
-9.2100e-03,-0.0617188,-0.000295938
-9.2000e-03,-0.0496875,0.000120313
-9.1900e-03,-0.0364063,-0.00052625
-9.1800e-03,-0.041875,-0.000584063
-9.1700e-03,-0.0557813,0.00022375
-9.1600e-03,-0.0571875,-4.40625e-05
-9.1500e-03,-0.0564063,9.3125e-05
-9.1400e-03,-0.073125,0.000202813
-9.1300e-03,-0.046875,0.00028625
-9.1200e-03,-0.0525,5.0625e-05
-9.1100e-03,-0.0557813,-8.4375e-06
-9.1000e-03,-0.0560937,-0.000389063
-9.0900e-03,-0.050625,-0.000619375
-9.0800e-03,-0.055625,-8.4375e-06
-9.0700e-03,-0.0601562,-0.000429063
-9.0600e-03,-0.0365625,-0.00023625
-9.0500e-03,-0.0503125,0.000582812
-9.0400e-03,-0.0609375,-0.000395625
-9.0300e-03,-0.0567187,-0.000668125
-9.0200e-03,-0.0554687,-0.000309688
-9.0100e-03,-0.0632812,-0.000262187
-9.0000e-03,-0.0496875,-0.00017375
-8.9900e-03,-0.0517188,-0.00012125
-8.9800e-03,-0.0576563,-0.000390313
-8.9700e-03,-0.0489062,-0.000785313
-8.9600e-03,-0.0517188,-0.000405625
-8.9500e-03,-0.0521875,-0.000909375
-8.9400e-03,-0.0509375,-0.000771563
-8.9300e-03,-0.0576563,-0.00038875
-8.9200e-03,-0.0607812,0.000369063
-8.9100e-03,-0.0603125,7.8125e-06
-8.9000e-03,-0.0703125,0.000426875
-8.8900e-03,-0.0548437,-0.000447188
-8.8800e-03,-0.0485938,-0.000585
-8.8700e-03,-0.0535937,8.40625e-05
-8.8600e-03,-0.0485938,-0.000396563
-8.8500e-03,-0.0521875,6.59375e-05
-8.8400e-03,-0.0417187,0.000396563
-8.8300e-03,-0.0534375,1.9375e-05
-8.8200e-03,-0.0553125,-0.000285
-8.8100e-03,-0.0467188,-0.000666875
-8.8000e-03,-0.0575,-0.000322813
-8.7900e-03,-0.0426562,0.000714063
-8.7800e-03,-0.0710937,0.000185313
-8.7700e-03,-0.0596875,-0.00030875
-8.7600e-03,-0.0371875,-0.000727813
-8.7500e-03,-0.059375,-0.000345938
-8.7400e-03,-0.0545313,-0.000425938
-8.7300e-03,-0.0651562,-0.00033375
-8.7200e-03,-0.0520313,0.000154688
-8.7100e-03,-0.0579687,-8.65625e-05
-8.7000e-03,-0.0510938,0.000114375
-8.6900e-03,-0.0567187,-0.000645
-8.6800e-03,-0.0460938,-0.000611875
-8.6700e-03,-0.0503125,-1.71875e-05
-8.6600e-03,-0.0573437,-9.28125e-05
-8.6500e-03,-0.03625,3.75e-06
-8.6400e-03,-0.0592188,-0.000434063
-8.6300e-03,-0.049375,-0.000540938
-8.6200e-03,-0.0623438,-7.25e-05
-8.6100e-03,-0.0454688,-0.000612813
-8.6000e-03,-0.0475,0.000187813
-8.5900e-03,-0.05375,0.000122813
-8.5800e-03,-0.0420312,0.000160313
-8.5700e-03,-0.0598438,9.0625e-06
-8.5600e-03,-0.05,-0.000363125
-8.5500e-03,-0.0442188,-0.000474375
-8.5400e-03,-0.0454688,-0.000346875
-8.5300e-03,-0.0509375,-0.000574375
-8.5200e-03,-0.04875,-0.000231563
-8.5100e-03,-0.0503125,-0.0002575
-8.5000e-03,-0.04375,-0.000226875
-8.4900e-03,-0.0432813,-0.000257188
-8.4800e-03,-0.0553125,0.000237813
-8.4700e-03,-0.0573437,0.000619375
-8.4600e-03,-0.0498438,-0.000216563
-8.4500e-03,-0.053125,7.25e-05
-8.4400e-03,-0.0582813,0.000435313
-8.4300e-03,-0.0523437,-9.6875e-05
-8.4200e-03,-0.0560937,0.000141875
-8.4100e-03,-0.0546875,-0.000509688
-8.4000e-03,-0.0529687,-0.000412188
-8.3900e-03,-0.0507812,-4.1875e-05
-8.3800e-03,-0.049375,-0.000829063
-8.3700e-03,-0.0557813,-0.000416563
-8.3600e-03,-0.06,-0.000398438
-8.3500e-03,-0.0546875,-0.000248438
-8.3400e-03,-0.06375,0.000173438
-8.3300e-03,-0.06125,-0.000488438
-8.3200e-03,-0.0529687,-0.000873125
-8.3100e-03,-0.0415625,-0.00043125
-8.3000e-03,-0.0392187,-0.000134375
-8.2900e-03,-0.0523437,6.15625e-05
-8.2800e-03,-0.0514063,0.000283125
-8.2700e-03,-0.06,-0.000363125
-8.2600e-03,-0.045625,-0.000284688
-8.2500e-03,-0.0382813,-0.000556563
-8.2400e-03,-0.0467188,-0.000320625
-8.2300e-03,-0.0451563,0.000432813
-8.2200e-03,-0.0496875,-8.65625e-05
-8.2100e-03,-0.0485938,0.00039375
-8.2000e-03,-0.055625,7.28125e-05
-8.1900e-03,-0.0476562,-0.000367813
-8.1800e-03,-0.0479688,0.000685938
-8.1700e-03,-0.0485938,-0.000855625
-8.1600e-03,-0.0525,-0.000123125
-8.1500e-03,-0.0498438,0.000161563
-8.1400e-03,-0.055625,-0.000403125
-8.1300e-03,-0.0592188,-0.000825625
-8.1200e-03,-0.0642188,-0.00095125
-8.1100e-03,-0.0425,-0.000156563
-8.1000e-03,-0.0526563,-9.65625e-05
-8.0900e-03,-0.0515625,0.00011125
-8.0800e-03,-0.0464062,-0.000639063
-8.0700e-03,-0.04375,0.000128125
-8.0600e-03,-0.054375,-0.000741875
-8.0500e-03,-0.0565625,-0.000425313
-8.0400e-03,-0.0460938,-4.75e-05
-8.0300e-03,-0.0592188,0.0003425
-8.0200e-03,-0.0564063,-7.09375e-05
-8.0100e-03,-0.0384375,5.9375e-06
-8.0000e-03,-0.0535937,0.000113438
-7.9900e-03,-0.0445313,-0.000148125
-7.9800e-03,-0.0539063,-0.000355313
-7.9700e-03,-0.0523437,1.625e-05
-7.9600e-03,-0.056875,8e-05
-7.9500e-03,-0.0579687,-0.000726563
-7.9400e-03,-0.0517188,-0.000368438
-7.9300e-03,-0.0476562,-0.00018
-7.9200e-03,-0.036875,-0.000332188
-7.9100e-03,-0.0484375,0.000163125
-7.9000e-03,-0.0546875,0.000313438
-7.8900e-03,-0.0498438,-0.000616563
-7.8800e-03,-0.045,-0.000302188
-7.8700e-03,-0.0682813,-0.00028125
-7.8600e-03,-0.06125,-0.000265313
-7.8500e-03,-0.0514063,-0.00046375
-7.8400e-03,-0.056875,-6.8125e-05
-7.8300e-03,-0.0628125,-2.625e-05
-7.8200e-03,-0.058125,-0.000345313
-7.8100e-03,-0.0470312,-0.000570938
-7.8000e-03,-0.0471875,5.15625e-05
-7.7900e-03,-0.0445313,-0.0005575
-7.7800e-03,-0.0535937,-0.000256563
-7.7700e-03,-0.0575,9.875e-05
-7.7600e-03,-0.0571875,0.000330313
-7.7500e-03,-0.055,-0.00052875
-7.7400e-03,-0.0534375,0.000294062
-7.7300e-03,-0.04875,-0.000137813
-7.7200e-03,-0.0410937,4.3125e-05
-7.7100e-03,-0.0529687,0.000108438
-7.7000e-03,-0.0592188,0.000369688
-7.6900e-03,-0.0514063,-0.000207188
-7.6800e-03,-0.0501562,0.0001425
-7.6700e-03,-0.0470312,-0.00018875
-7.6600e-03,-0.0515625,-0.000563125
-7.6500e-03,-0.04375,-0.000461563
-7.6400e-03,-0.0482812,-0.000265625
-7.6300e-03,-0.0617188,-0.000133438
-7.6200e-03,-0.0415625,-0.000475938
-7.6100e-03,-0.0548437,-4.3125e-05
-7.6000e-03,-0.0567187,5.71875e-05
-7.5900e-03,-0.0596875,-9.84375e-05
-7.5800e-03,-0.0639062,-0.000265625
-7.5700e-03,-0.051875,0.000339063
-7.5600e-03,-0.051875,-0.00055
-7.5500e-03,-0.05125,-0.000242813
-7.5400e-03,-0.0440625,-0.00081375
-7.5300e-03,-0.0545313,-0.00057625
-7.5200e-03,-0.055,-0.000574063
-7.5100e-03,-0.0510938,-0.000347188
-7.5000e-03,-0.0575,-0.000531875
-7.4900e-03,-0.0540625,-0.000300938
-7.4800e-03,-0.0554687,-0.00077875
-7.4700e-03,-0.0523437,-8.09375e-05
-7.4600e-03,-0.0464062,-0.000463125
-7.4500e-03,-0.0515625,-0.000201875
-7.4400e-03,-0.0598438,0.00037875
-7.4300e-03,-0.0564063,0.00045
-7.4200e-03,-0.0667188,8.8125e-05
-7.4100e-03,-0.0478125,0.000469688
-7.4000e-03,-0.054375,-0.0004675
-7.3900e-03,-0.0567187,-0.000346563
-7.3800e-03,-0.045625,6.21875e-05
-7.3700e-03,-0.044375,-0.000185938
-7.3600e-03,-0.0459375,-6.90625e-05
-7.3500e-03,-0.055,-0.000264063
-7.3400e-03,-0.0526563,5e-05
-7.3300e-03,-0.0634375,-0.000500625
-7.3200e-03,-0.0646875,-0.000112813
-7.3100e-03,-0.0457813,0.00023
-7.3000e-03,-0.0496875,-0.000517813
-7.2900e-03,-0.0442188,-0.0003125
-7.2800e-03,-0.0525,-0.000702813
-7.2700e-03,-0.04875,-0.000767813
-7.2600e-03,-0.0484375,-0.000789063
-7.2500e-03,-0.064375,-0.000285625
-7.2400e-03,-0.0496875,-0.00103875
-7.2300e-03,-0.049375,-0.0003375
-7.2200e-03,-0.046875,-0.000190625
-7.2100e-03,-0.0514063,-9.34375e-05
-7.2000e-03,-0.0529687,7.5e-06
-7.1900e-03,-0.05125,-0.000300313
-7.1800e-03,-0.0559375,-0.000295938
-7.1700e-03,-0.0489062,-9.40625e-05
-7.1600e-03,-0.048125,-0.000170938
-7.1500e-03,-0.0576563,0.000164688
-7.1400e-03,-0.060625,0.000484688
-7.1300e-03,-0.050625,-0.000295
-7.1200e-03,-0.0503125,-0.000119063
-7.1100e-03,-0.0485938,4.0625e-06
-7.1000e-03,-0.06,-9.03125e-05
-7.0900e-03,-0.0554687,0.000185938
-7.0800e-03,-0.0509375,-2.125e-05
-7.0700e-03,-0.049375,0.000308125
-7.0600e-03,-0.04625,-0.00048625
-7.0500e-03,-0.0471875,-0.00020125
-7.0400e-03,-0.0484375,-5.875e-05
-7.0300e-03,-0.0532813,-0.000258438
-7.0200e-03,-0.05,0.00034
-7.0100e-03,-0.0445313,-0.00034875
-7.0000e-03,-0.0553125,-0.00038625
-6.9900e-03,-0.0520313,-0.000364688
-6.9800e-03,-0.0514063,-0.0003125
-6.9700e-03,-0.0484375,-0.000460938
-6.9600e-03,-0.0545313,-0.000295
-6.9500e-03,-0.0557813,0.000656875
-6.9400e-03,-0.05375,-0.000327188
-6.9300e-03,-0.0551563,-0.000458438
-6.9200e-03,-0.0414063,0.000125938
-6.9100e-03,-0.0659375,6.46875e-05
-6.9000e-03,-0.0523437,0.00060125
-6.8900e-03,-0.0657812,0.00041875
-6.8800e-03,-0.04125,-0.000410313
-6.8700e-03,-0.0557813,2.6875e-05
-6.8600e-03,-0.053125,0.000609688
-6.8500e-03,-0.0365625,-8.21875e-05
-6.8400e-03,-0.0539063,-0.000779375
-6.8300e-03,-0.0421875,0.000411875
-6.8200e-03,-0.0598438,0.000105313
-6.8100e-03,-0.0535937,-0.000645938
-6.8000e-03,-0.0525,-0.0004675
-6.7900e-03,-0.0390625,0.000287188
-6.7800e-03,-0.0578125,-1.34375e-05
-6.7700e-03,-0.0507812,-0.000229063
-6.7600e-03,-0.053125,0.000135
-6.7500e-03,-0.0484375,2.6875e-05
-6.7400e-03,-0.045625,-0.00017875
-6.7300e-03,-0.0504687,-0.000361875
-6.7200e-03,-0.06375,0.000355
-6.7100e-03,-0.0496875,-9.375e-05
-6.7000e-03,-0.0514063,-0.000168438
-6.6900e-03,-0.0453125,9e-05
-6.6800e-03,-0.0603125,0.00016625
-6.6700e-03,-0.0610938,-0.0001225
-6.6600e-03,-0.056875,-3.90625e-05
-6.6500e-03,-0.056875,-0.0002275
-6.6400e-03,-0.0517188,-0.000391875
-6.6300e-03,-0.0520313,-0.00060875
-6.6200e-03,-0.050625,-0.000209688
-6.6100e-03,-0.0607812,-0.00010875
-6.6000e-03,-0.0420312,3.03125e-05
-6.5900e-03,-0.0490625,3.96875e-05
-6.5800e-03,-0.0629688,3.4375e-05
-6.5700e-03,-0.0528125,0.000392188
-6.5600e-03,-0.0490625,-1.46875e-05
-6.5500e-03,-0.06,0.000253125
-6.5400e-03,-0.0573437,-2.71875e-05
-6.5300e-03,-0.0403125,3.125e-05
-6.5200e-03,-0.05,8.4375e-05
-6.5100e-03,-0.0546875,-0.000113438
-6.5000e-03,-0.04875,0.00026
-6.4900e-03,-0.0575,0.00015125
-6.4800e-03,-0.0554687,-0.000572813
-6.4700e-03,-0.0539063,-0.00019625
-6.4600e-03,-0.0571875,-0.000940313
-6.4500e-03,-0.0492188,-0.000645625
-6.4400e-03,-0.0467188,-0.000422188
-6.4300e-03,-0.0542187,0.000134375
-6.4200e-03,-0.06625,-0.000477813
-6.4100e-03,-0.0559375,3.53125e-05
-6.4000e-03,-0.0585938,-0.000104375
-6.3900e-03,-0.0476562,0.000548125
-6.3800e-03,-0.0482812,-0.000131563
-6.3700e-03,-0.0545313,-0.000121563
-6.3600e-03,-0.0534375,-0.0001875
-6.3500e-03,-0.0640625,-0.000606563
-6.3400e-03,-0.0473438,-0.000314063
-6.3300e-03,-0.0503125,-0.000704688
-6.3200e-03,-0.0573437,-0.000596875
-6.3100e-03,-0.060625,-0.00064875
-6.3000e-03,-0.0578125,-0.00109531
-6.2900e-03,-0.06875,-0.000599063
-6.2800e-03,-0.0557813,-0.000446563
-6.2700e-03,-0.0625,-0.0006175
-6.2600e-03,-0.0534375,8.875e-05
-6.2500e-03,-0.0657812,-0.000285625
-6.2400e-03,-0.0584375,-0.00107375
-6.2300e-03,-0.0545313,-0.000429375
-6.2200e-03,-0.0567187,0.0001025
-6.2100e-03,-0.034375,-0.00113719
-6.2000e-03,-0.0560937,-0.000381875
-6.1900e-03,-0.0504687,-0.000937188
-6.1800e-03,-0.0667188,-0.000435
-6.1700e-03,-0.0584375,-9.53125e-05
-6.1600e-03,-0.0507812,0.000455625
-6.1500e-03,-0.0564063,-0.00043125
-6.1400e-03,-0.0570313,0.00017
-6.1300e-03,-0.056875,-4.0625e-06
-6.1200e-03,-0.0575,-0.0002125
-6.1100e-03,-0.0589063,0.000295
-6.1000e-03,-0.05875,0.000252812
-6.0900e-03,-0.0401563,0.000317188
-6.0800e-03,-0.05875,0.0002775
-6.0700e-03,-0.0632812,0.000160625
-6.0600e-03,-0.0570313,-5.75e-05
-6.0500e-03,-0.0539063,0.000152188
-6.0400e-03,-0.0465625,0.000659063
-6.0300e-03,-0.0670313,-7.15625e-05
-6.0200e-03,-0.0504687,-0.000208125
-6.0100e-03,-0.0553125,-5.5e-05
-6.0000e-03,-0.0528125,0.000208125
-5.9900e-03,-0.0484375,-3.0625e-05
-5.9800e-03,-0.0553125,-0.000141875
-5.9700e-03,-0.0639062,-0.000714375
-5.9600e-03,-0.0471875,-0.000179688
-5.9500e-03,-0.0485938,0.000343438
-5.9400e-03,-0.0498438,0.000205938
-5.9300e-03,-0.0514063,-0.000309375
-5.9200e-03,-0.05625,5.75e-05
-5.9100e-03,-0.0548437,-0.000104063
-5.9000e-03,-0.0567187,-3.21875e-05
-5.8900e-03,-0.050625,0.000365313
-5.8800e-03,-0.0571875,-0.000131563
-5.8700e-03,-0.0523437,0.000384375
-5.8600e-03,-0.0592188,-0.000271563
-5.8500e-03,-0.058125,-0.000309063
-5.8400e-03,-0.0545313,0.000543125
-5.8300e-03,-0.0554687,0.000478438
-5.8200e-03,-0.0604688,-7.25e-05
-5.8100e-03,-0.0498438,-5.28125e-05
-5.8000e-03,-0.05375,-3.375e-05
-5.7900e-03,-0.0546875,-1.75e-05
-5.7800e-03,-0.0542187,0.000499375
-5.7700e-03,-0.05125,-0.000229688
-5.7600e-03,-0.0554687,-0.000659375
-5.7500e-03,-0.0565625,-0.00063
-5.7400e-03,-0.0529687,-0.0001525
-5.7300e-03,-0.0582813,-0.000718125
-5.7200e-03,-0.059375,-0.000585625
-5.7100e-03,-0.0525,-0.0002225
-5.7000e-03,-0.0507812,0.000102813
-5.6900e-03,-0.0482812,1.90625e-05
-5.6800e-03,-0.0551563,-0.000833438
-5.6700e-03,-0.0479688,-0.000331875
-5.6600e-03,-0.0464062,-0.00058875
-5.6500e-03,-0.0585938,-9.375e-06
-5.6400e-03,-0.05625,2.5e-06
-5.6300e-03,-0.0464062,0.000414688
-5.6200e-03,-0.0571875,0.000911875
-5.6100e-03,-0.0495312,0.000104688
-5.6000e-03,-0.0507812,0.00027125
-5.5900e-03,-0.0554687,-6.125e-05
-5.5800e-03,-0.0617188,-0.00013875
-5.5700e-03,-0.0589063,-0.0005975
-5.5600e-03,-0.0521875,-0.000526563
-5.5500e-03,-0.0571875,-9e-05
-5.5400e-03,-0.05625,-0.0004725
-5.5300e-03,-0.059375,-8.15625e-05
-5.5200e-03,-0.0496875,-0.0003775
-5.5100e-03,-0.0485938,-0.000398125
-5.5000e-03,-0.0496875,-0.000609063
-5.4900e-03,-0.0545313,-0.000194063
-5.4800e-03,-0.0545313,0.00033625
-5.4700e-03,-0.0460938,-0.000280625
-5.4600e-03,-0.0546875,-0.000254375
-5.4500e-03,-0.05375,3.78125e-05
-5.4400e-03,-0.0610938,-0.000218438
-5.4300e-03,-0.0603125,-0.000233125
-5.4200e-03,-0.0570313,-0.000158125
-5.4100e-03,-0.0523437,-3.125e-05
-5.4000e-03,-0.0507812,-0.000243438
-5.3900e-03,-0.0539063,-0.000358125
-5.3800e-03,-0.0514063,-0.000973125
-5.3700e-03,-0.049375,8.3125e-05
-5.3600e-03,-0.0460938,-0.000386875
-5.3500e-03,-0.0526563,-0.000104375
-5.3400e-03,-0.0564063,6.5625e-06
-5.3300e-03,-0.0485938,-0.00013875
-5.3200e-03,-0.04375,-0.000241563
-5.3100e-03,-0.04875,-0.000448125
-5.3000e-03,-0.0470312,3.78125e-05
-5.2900e-03,-0.0539063,-0.000112188
-5.2800e-03,-0.05375,-0.000125313
-5.2700e-03,-0.060625,-0.0003225
-5.2600e-03,-0.0684375,-0.000417188
-5.2500e-03,-0.0404687,-8.5625e-05
-5.2400e-03,-0.0632812,-0.000373125
-5.2300e-03,-0.0484375,-0.000357813
-5.2200e-03,-0.0578125,1.5e-05
-5.2100e-03,-0.048125,-0.000341875
-5.2000e-03,-0.0528125,6.6875e-05
-5.1900e-03,-0.0489062,-0.000183125
-5.1800e-03,-0.0446875,-0.000689688
-5.1700e-03,-0.0573437,-0.000189375
-5.1600e-03,-0.0567187,0.000269063
-5.1500e-03,-0.0507812,-0.000650938
-5.1400e-03,-0.0582813,-0.000345938
-5.1300e-03,-0.04625,-0.000120313
-5.1200e-03,-0.0403125,-0.000305938
-5.1100e-03,-0.04625,-0.000422188
-5.1000e-03,-0.0589063,-0.000736875
-5.0900e-03,-0.0515625,-0.00045625
-5.0800e-03,-0.02875,-0.0006575
-5.0700e-03,-0.0565625,-0.000364375
-5.0600e-03,-0.0498438,-0.000450938
-5.0500e-03,-0.05,-0.000266875
-5.0400e-03,-0.049375,9.625e-05
-5.0300e-03,-0.0509375,-0.0005625
-5.0200e-03,-0.0525,-0.000772188
-5.0100e-03,-0.05,-0.000498125
-5.0000e-03,-0.0503125,-0.000357188
-4.9900e-03,-0.053125,-8.34375e-05
-4.9800e-03,-0.0571875,-0.00039375
-4.9700e-03,-0.0526563,0.000395313
-4.9600e-03,-0.0534375,5.5625e-05
-4.9500e-03,-0.0601562,7.46875e-05
-4.9400e-03,-0.05625,-0.000148438
-4.9300e-03,-0.0496875,-0.000552188
-4.9200e-03,-0.07,-0.0001275
-4.9100e-03,-0.0482812,9.21875e-05
-4.9000e-03,-0.0584375,-1.8125e-05
-4.8900e-03,-0.0625,-0.000273438
-4.8800e-03,-0.055,-0.000279063
-4.8700e-03,-0.0610938,-0.000309063
-4.8600e-03,-0.0567187,-0.000600625
-4.8500e-03,-0.0582813,-0.00032375
-4.8400e-03,-0.05125,-0.000609063
-4.8300e-03,-0.0325,-4.6875e-06
-4.8200e-03,-0.04875,-0.000415
-4.8100e-03,-0.0559375,-0.000474063
-4.8000e-03,-0.0545313,-0.000175625
-4.7900e-03,-0.0598438,8.75e-05
-4.7800e-03,-0.0545313,0.000208438
-4.7700e-03,-0.0453125,-0.000280938
-4.7600e-03,-0.055,0.000190625
-4.7500e-03,-0.0560937,0.000410313
-4.7400e-03,-0.0490625,-0.000321875
-4.7300e-03,-0.043125,-0.000274063
-4.7200e-03,-0.0448438,-0.000404375
-4.7100e-03,-0.0520313,-0.000314375
-4.7000e-03,-0.0615625,-0.00028375
-4.6900e-03,-0.050625,-0.000255625
-4.6800e-03,-0.0540625,-0.000257188
-4.6700e-03,-0.0546875,-0.000279375
-4.6600e-03,-0.0548437,-0.00022125
-4.6500e-03,-0.0660938,-0.000129062
-4.6400e-03,-0.0440625,8.34375e-05
-4.6300e-03,-0.0498438,0.000296563
-4.6200e-03,-0.0557813,0.000232188
-4.6100e-03,-0.0484375,-0.000480625
-4.6000e-03,-0.0582813,0.000363125
-4.5900e-03,-0.0609375,0.000370625
-4.5800e-03,-0.0490625,-9.5625e-05
-4.5700e-03,-0.0596875,-0.000145625
-4.5600e-03,-0.0478125,-0.000355313
-4.5500e-03,-0.0554687,-0.000315313
-4.5400e-03,-0.055,0.000464375
-4.5300e-03,-0.044375,-0.000365625
-4.5200e-03,-0.0614062,-0.0005275
-4.5100e-03,-0.05875,-0.00052
-4.5000e-03,-0.0428125,9.5625e-05
-4.4900e-03,-0.0471875,-0.000381563
-4.4800e-03,-0.0482812,-0.000401563
-4.4700e-03,-0.0571875,0.00013875
-4.4600e-03,-0.0571875,0.000429375
-4.4500e-03,-0.0471875,5.125e-05
-4.4400e-03,-0.0496875,-7.8125e-05
-4.4300e-03,-0.0507812,-0.00022
-4.4200e-03,-0.0589063,-0.000180938
-4.4100e-03,-0.04,2.75e-05
-4.4000e-03,-0.0504687,4.9375e-05
-4.3900e-03,-0.0582813,7.40625e-05
-4.3800e-03,-0.0579687,-0.0004075
-4.3700e-03,-0.0582813,-0.000159063
-4.3600e-03,-0.0470312,-7.03125e-05
-4.3500e-03,-0.059375,-0.0001825
-4.3400e-03,-0.0625,-0.000329688
-4.3300e-03,-0.05,-0.000293125
-4.3200e-03,-0.0479688,-7.4375e-05
-4.3100e-03,-0.0470312,0.000365625
-4.3000e-03,-0.058125,-3.625e-05
-4.2900e-03,-0.0545313,-0.000435938
-4.2800e-03,-0.0551563,0.000246563
-4.2700e-03,-0.0503125,-4.65625e-05
-4.2600e-03,-0.04625,-0.000254375
-4.2500e-03,-0.046875,-0.0004775
-4.2400e-03,-0.0432813,-0.000381563
-4.2300e-03,-0.0498438,-0.000292813
-4.2200e-03,-0.0520313,-5.1875e-05
-4.2100e-03,-0.0615625,-0.000581875
-4.2000e-03,-0.0492188,-0.000294062
-4.1900e-03,-0.05625,-0.000600938
-4.1800e-03,-0.056875,-0.00057625
-4.1700e-03,-0.0539063,-0.000360313
-4.1600e-03,-0.0565625,-0.000801875
-4.1500e-03,-0.054375,-0.000781875
-4.1400e-03,-0.04625,-0.000685
-4.1300e-03,-0.0565625,-0.000164375
-4.1200e-03,-0.0576563,0.000150625
-4.1100e-03,-0.0498438,0.000529063
-4.1000e-03,-0.0514063,0.00025125
-4.0900e-03,-0.059375,0.00025
-4.0800e-03,-0.0389063,0.000232813
-4.0700e-03,-0.0557813,0.000326875
-4.0600e-03,-0.0590625,0.000486563
-4.0500e-03,-0.06375,0.000434688
-4.0400e-03,-0.043125,-3.78125e-05
-4.0300e-03,-0.06,-8.5625e-05
-4.0200e-03,-0.0501562,0.000491875
-4.0100e-03,-0.05875,8.375e-05
-4.0000e-03,-0.056875,-0.000678438
-3.9900e-03,-0.0585938,-0.00046375
-3.9800e-03,-0.0604688,-0.000415938
-3.9700e-03,-0.0517188,-0.00109375
-3.9600e-03,-0.0548437,-0.000392813
-3.9500e-03,-0.06125,-0.000340313
-3.9400e-03,-0.0467188,-0.000855
-3.9300e-03,-0.0440625,-0.000334688
-3.9200e-03,-0.043125,-3.28125e-05
-3.9100e-03,-0.0489062,-8.21875e-05
-3.9000e-03,-0.0501562,-0.000200313
-3.8900e-03,-0.056875,0.000161875
-3.8800e-03,-0.0617188,0.0003575
-3.8700e-03,-0.0476562,2.15625e-05
-3.8600e-03,-0.0521875,-0.000370938
-3.8500e-03,-0.05625,-0.000154063
-3.8400e-03,-0.038125,-0.000687813
-3.8300e-03,-0.05625,-0.000218125
-3.8200e-03,-0.0579687,-0.00023875
-3.8100e-03,-0.0579687,-0.000569375
-3.8000e-03,-0.058125,-0.000124375
-3.7900e-03,-0.034375,-0.000225625
-3.7800e-03,-0.0659375,-0.0006575
-3.7700e-03,-0.0535937,-0.0002475
-3.7600e-03,-0.0554687,-0.00024625
-3.7500e-03,-0.0576563,0.000216875
-3.7400e-03,-0.0473438,0.000190938
-3.7300e-03,-0.04375,0.000547188
-3.7200e-03,-0.050625,-0.000429688
-3.7100e-03,-0.056875,0.000371563
-3.7000e-03,-0.0509375,0.000206875
-3.6900e-03,-0.0515625,0.000430938
-3.6800e-03,-0.0492188,0.00071625
-3.6700e-03,-0.0459375,-0.000281875
-3.6600e-03,-0.0575,-7.4375e-05
-3.6500e-03,-0.0595313,6.375e-05
-3.6400e-03,-0.0501562,0.00013625
-3.6300e-03,-0.0529687,-0.000800313
-3.6200e-03,-0.0445313,5e-05
-3.6100e-03,-0.0557813,-0.000604375
-3.6000e-03,-0.0540625,-0.000425
-3.5900e-03,-0.04125,-0.000459063
-3.5800e-03,-0.0459375,0.000151563
-3.5700e-03,-0.0478125,-6.25e-07
-3.5600e-03,-0.0523437,0.000304063
-3.5500e-03,-0.0559375,0.000494688
-3.5400e-03,-0.0445313,0.0006075
-3.5300e-03,-0.06125,0.0003825
-3.5200e-03,-0.0476562,-4.875e-05
-3.5100e-03,-0.0579687,-0.000233438
-3.5000e-03,-0.0532813,7.21875e-05
-3.4900e-03,-0.0625,-3.6875e-05
-3.4800e-03,-0.0465625,0.000268125
-3.4700e-03,-0.0554687,8.34375e-05
-3.4600e-03,-0.0495312,-0.000230313
-3.4500e-03,-0.0551563,-0.00032625
-3.4400e-03,-0.050625,-0.000439375
-3.4300e-03,-0.0592188,-0.00040125
-3.4200e-03,-0.0545313,-0.000325625
-3.4100e-03,-0.0557813,-0.000494688
-3.4000e-03,-0.0453125,-0.000164688
-3.3900e-03,-0.0590625,-5.8125e-05
-3.3800e-03,-0.0423437,-2.8125e-06
-3.3700e-03,-0.0525,-0.000290313
-3.3600e-03,-0.0526563,7.84375e-05
-3.3500e-03,-0.0457813,-0.000585313
-3.3400e-03,-0.055,-0.000649063
-3.3300e-03,-0.0528125,-0.000723125
-3.3200e-03,-0.055625,9.6875e-06
-3.3100e-03,-0.0617188,-0.000107813
-3.3000e-03,-0.048125,-4.8125e-05
-3.2900e-03,-0.0609375,0.000248438
-3.2800e-03,-0.0454688,-7.625e-05
-3.2700e-03,-0.0634375,-0.000426875
-3.2600e-03,-0.0535937,0.000129375
-3.2500e-03,-0.0551563,9.375e-07
-3.2400e-03,-0.0582813,0.000124063
-3.2300e-03,-0.0509375,6.78125e-05
-3.2200e-03,-0.0517188,0.000229688
-3.2100e-03,-0.0514063,0.000525
-3.2000e-03,-0.0542187,-6.25e-06
-3.1900e-03,-0.0473438,0.000101875
-3.1800e-03,-0.0564063,-0.0001075
-3.1700e-03,-0.0595313,-0.000566875
-3.1600e-03,-0.0559375,-0.00069875
-3.1500e-03,-0.0595313,-0.000330313
-3.1400e-03,-0.0564063,-0.000815625
-3.1300e-03,-0.0451563,-0.000480625
-3.1200e-03,-0.0501562,-0.0005
-3.1100e-03,-0.0540625,-0.0001825
-3.1000e-03,-0.0567187,-0.0008625
-3.0900e-03,-0.0554687,-3.3125e-05
-3.0800e-03,-0.0560937,-3.03125e-05
-3.0700e-03,-0.0625,-0.000102188
-3.0600e-03,-0.0409375,0.000291563
-3.0500e-03,-0.0571875,0.000435313
-3.0400e-03,-0.0485938,0.00018125
-3.0300e-03,-0.0582813,0.000219063
-3.0200e-03,-0.06,-0.000103438
-3.0100e-03,-0.0492188,-0.000240625
-3.0000e-03,-0.0534375,-0.000560938
-2.9900e-03,-0.0651562,0.000329063
-2.9800e-03,-0.0629688,0.0003575
-2.9700e-03,-0.0490625,-0.000405938
-2.9600e-03,-0.046875,-0.000676875
-2.9500e-03,-0.0576563,-0.000208125
-2.9400e-03,-0.0564063,-0.000115
-2.9300e-03,-0.054375,0.000259063
-2.9200e-03,-0.0471875,-0.000201875
-2.9100e-03,-0.0453125,-0.000581563
-2.9000e-03,-0.0554687,-0.000359375
-2.8900e-03,-0.0525,-0.000249063
-2.8800e-03,-0.045625,-0.000492813
-2.8700e-03,-0.0473438,-8.90625e-05
-2.8600e-03,-0.0578125,0.000345938
-2.8500e-03,-0.038125,-0.000476875
-2.8400e-03,-0.0492188,-0.00035375
-2.8300e-03,-0.0503125,-0.000129062
-2.8200e-03,-0.0557813,1.6875e-05
-2.8100e-03,-0.0501562,-0.000196875
-2.8000e-03,-0.0540625,6.46875e-05
-2.7900e-03,-0.0564063,-0.00017625
-2.7800e-03,-0.0546875,0.000525938
-2.7700e-03,-0.0623438,0.000354688
-2.7600e-03,-0.0657812,0.000110625
-2.7500e-03,-0.05375,-0.00028
-2.7400e-03,-0.0579687,-0.00019
-2.7300e-03,-0.0578125,2.78125e-05
-2.7200e-03,-0.05125,-0.000337813
-2.7100e-03,-0.0601562,-0.000387188
-2.7000e-03,-0.050625,-0.000905625
-2.6900e-03,-0.0548437,-0.000456875
-2.6800e-03,-0.0473438,-0.000442188
-2.6700e-03,-0.03875,-0.000452188
-2.6600e-03,-0.0578125,0.000167813
-2.6500e-03,-0.0625,0.000530313
-2.6400e-03,-0.0551563,4.6875e-06
-2.6300e-03,-0.04625,0.00017625
-2.6200e-03,-0.0534375,0.000421875
-2.6100e-03,-0.0525,-4.15625e-05
-2.6000e-03,-0.0507812,-0.000310938
-2.5900e-03,-0.0532813,-6.65625e-05
-2.5800e-03,-0.0628125,0.000206563
-2.5700e-03,-0.0335937,-0.00033
-2.5600e-03,-0.0520313,0.000387188
-2.5500e-03,-0.0670313,0.000281875
-2.5400e-03,-0.0542187,0.000592188
-2.5300e-03,-0.05375,-0.000190313
-2.5200e-03,-0.05625,6.25e-05
-2.5100e-03,-0.0434375,6.4375e-05
-2.5000e-03,-0.0598438,-0.000182813
-2.4900e-03,-0.053125,0.000615625
-2.4800e-03,-0.0515625,0.000199063
-2.4700e-03,-0.0535937,-7.15625e-05
-2.4600e-03,-0.0409375,0.000649063
-2.4500e-03,-0.0457813,0.000622188
-2.4400e-03,-0.0476562,-1.4375e-05
-2.4300e-03,-0.0479688,-1.25e-06
-2.4200e-03,-0.0625,-0.000850938
-2.4100e-03,-0.06125,-4.34375e-05
-2.4000e-03,-0.0484375,-0.000959063
-2.3900e-03,-0.05875,-0.0005125
-2.3800e-03,-0.0584375,-0.000538438
-2.3700e-03,-0.0523437,-0.000171875
-2.3600e-03,-0.051875,-0.000778438
-2.3500e-03,-0.0585938,-6.5625e-05
-2.3400e-03,-0.05125,-3.75e-06
-2.3300e-03,-0.0482812,-0.000296875
-2.3200e-03,-0.0557813,-0.000255625
-2.3100e-03,-0.0454688,-0.000321875
-2.3000e-03,-0.0515625,0.000487188
-2.2900e-03,-0.0460938,0.000441563
-2.2800e-03,-0.05375,-0.000507813
-2.2700e-03,-0.055,-0.000464375
-2.2600e-03,-0.056875,-0.000569063
-2.2500e-03,-0.0525,-0.000725
-2.2400e-03,-0.05,-0.000172188
-2.2300e-03,-0.05125,-0.000160625
-2.2200e-03,-0.0523437,-0.000613438
-2.2100e-03,-0.0484375,-0.000544688
-2.2000e-03,-0.0457813,-0.000634688
-2.1900e-03,-0.0504687,-0.000189063
-2.1800e-03,-0.0515625,-9.34375e-05
-2.1700e-03,-0.0570313,-0.000251562
-2.1600e-03,-0.04625,0.000112813
-2.1500e-03,-0.0529687,-0.00045875
-2.1400e-03,-0.0467188,0.000237813
-2.1300e-03,-0.0539063,-0.0002125
-2.1200e-03,-0.0535937,-9.625e-05
-2.1100e-03,-0.0542187,9.375e-06
-2.1000e-03,-0.0589063,-0.00016875
-2.0900e-03,-0.063125,0.000132188
-2.0800e-03,-0.0496875,-0.00030375
-2.0700e-03,-0.0520313,-0.000360938
-2.0600e-03,-0.0614062,-0.000519375
-2.0500e-03,-0.0510938,-0.00047875
-2.0400e-03,-0.0596875,-0.000149687
-2.0300e-03,-0.0517188,0.000289063
-2.0200e-03,-0.0542187,-9.71875e-05
-2.0100e-03,-0.0564063,-0.000226875
-2.0000e-03,-0.0478125,2.46875e-05
-1.9900e-03,-0.0517188,0.000714063
-1.9800e-03,-0.0451563,0.000595938
-1.9700e-03,-0.0514063,0.000229375
-1.9600e-03,-0.0515625,0.000464375
-1.9500e-03,-0.05,0.0002625
-1.9400e-03,-0.0554687,0.000306875
-1.9300e-03,-0.0525,-0.000164375
-1.9200e-03,-0.0609375,0.00023375
-1.9100e-03,-0.0564063,-0.000149063
-1.9000e-03,-0.05375,0.000345625
-1.8900e-03,-0.0557813,0.00020375
-1.8800e-03,-0.0584375,-0.00014625
-1.8700e-03,-0.0520313,0.000176875
-1.8600e-03,-0.0465625,-0.000715313
-1.8500e-03,-0.051875,-0.0002525
-1.8400e-03,-0.0540625,0.000114375
-1.8300e-03,-0.0529687,2.71875e-05
-1.8200e-03,-0.0515625,-0.000253438
-1.8100e-03,-0.0615625,-0.000557813
-1.8000e-03,-0.0464062,-6.03125e-05
-1.7900e-03,-0.0570313,-0.000296875
-1.7800e-03,-0.055625,-0.0002775
-1.7700e-03,-0.0621875,-0.000145625
-1.7600e-03,-0.0567187,-0.000206875
-1.7500e-03,-0.054375,-0.000287813
-1.7400e-03,-0.0553125,-0.0005875
-1.7300e-03,-0.0653125,-0.00023375
-1.7200e-03,-0.054375,-0.000547188
-1.7100e-03,-0.0604688,-0.000500312
-1.7000e-03,-0.0560937,-0.00092125
-1.6900e-03,-0.0539063,-0.00044625
-1.6800e-03,-0.0642188,-8.96875e-05
-1.6700e-03,-0.0579687,0.00027875
-1.6600e-03,-0.0515625,-0.00045
-1.6500e-03,-0.0564063,-0.000660313
-1.6400e-03,-0.05375,-8.78125e-05
-1.6300e-03,-0.0435938,2.46875e-05
-1.6200e-03,-0.0514063,0.000450313
-1.6100e-03,-0.061875,-0.000163438
-1.6000e-03,-0.0570313,-0.000813438
-1.5900e-03,-0.0570313,-0.000273438
-1.5800e-03,-0.0482812,0.000107188
-1.5700e-03,-0.0528125,-0.000205313
-1.5600e-03,-0.0517188,1.59375e-05
-1.5500e-03,-0.0454688,-0.000655
-1.5400e-03,-0.0607812,-0.00058875
-1.5300e-03,-0.05625,-0.00053
-1.5200e-03,-0.0565625,-0.00075875
-1.5100e-03,-0.0521875,-0.000258125
-1.5000e-03,-0.0492188,-0.000540312
-1.4900e-03,-0.0504687,0.000132813
-1.4800e-03,-0.0579687,-0.000544063
-1.4700e-03,-0.0620312,0.00013
-1.4600e-03,-0.0560937,-9.0625e-06
-1.4500e-03,-0.05375,0.000164688
-1.4400e-03,-0.069375,-0.000499375
-1.4300e-03,-0.0575,-0.000724375
-1.4200e-03,-0.0576563,-0.000378125
-1.4100e-03,-0.0440625,-0.000255313
-1.4000e-03,-0.0517188,-0.0002375
-1.3900e-03,-0.0545313,-0.000322188
-1.3800e-03,-0.0635938,-0.000243438
-1.3700e-03,-0.0532813,-0.000435313
-1.3600e-03,-0.0567187,-0.000648125
-1.3500e-03,-0.0620312,-0.000784063
-1.3400e-03,-0.0601562,-0.000875625
-1.3300e-03,-0.0490625,0.000351563
-1.3200e-03,-0.04875,-0.000474063
-1.3100e-03,-0.05625,2.8125e-05
-1.3000e-03,-0.0520313,-0.000468438
-1.2900e-03,-0.0420312,-0.000767813
-1.2800e-03,-0.0567187,-9.4375e-05
-1.2700e-03,-0.0546875,0.0003325
-1.2600e-03,-0.0584375,-0.000125
-1.2500e-03,-0.0521875,-0.000164688
-1.2400e-03,-0.0546875,-0.000132813
-1.2300e-03,-0.0578125,-0.000634375
-1.2200e-03,-0.0489062,-1.5625e-05
-1.2100e-03,-0.0553125,-6.78125e-05
-1.2000e-03,-0.0635938,0.000314375
-1.1900e-03,-0.0596875,-0.000160625
-1.1800e-03,-0.0523437,0.000294375
-1.1700e-03,-0.0451563,-9.53125e-05
-1.1600e-03,-0.0403125,5.5625e-05
-1.1500e-03,-0.05875,7.96875e-05
-1.1400e-03,-0.0564063,-0.000536563
-1.1300e-03,-0.0664062,-9.875e-05
-1.1200e-03,-0.0495312,-0.000307188
-1.1100e-03,-0.0532813,-0.000506875
-1.1000e-03,-0.0545313,0.000206563
-1.0900e-03,-0.0654688,-0.00040375
-1.0800e-03,-0.0496875,-0.000405938
-1.0700e-03,-0.0603125,0.000273125
-1.0600e-03,-0.0534375,0.000797813
-1.0500e-03,-0.0440625,0.0002325
-1.0400e-03,-0.0529687,0.000439063
-1.0300e-03,-0.048125,0.00031625
-1.0200e-03,-0.05375,-0.00035375
-1.0100e-03,-0.049375,-2.9375e-05
-1.0000e-03,-0.0571875,-0.000393125
-9.9000e-04,-0.053125,0.000100625
-9.8000e-04,-0.0475,-0.000328438
-9.7000e-04,-0.0457813,-0.000308438
-9.6000e-04,-0.0475,-0.000588125
-9.5000e-04,-0.0571875,-3.03125e-05
-9.4000e-04,-0.04375,0.000310313
-9.3000e-04,-0.064375,-2.75e-05
-9.2000e-04,-0.0640625,-0.000326563
-9.1000e-04,-0.0473438,-3.125e-05
-9.0000e-04,-0.055,-0.000573438
-8.9000e-04,-0.0467188,0.00029625
-8.8000e-04,-0.0573437,-0.000387188
-8.7000e-04,-0.06125,-0.00037
-8.6000e-04,-0.0579687,0.000186563
-8.5000e-04,-0.0614062,1e-05
-8.4000e-04,-0.0615625,0.000403125
-8.3000e-04,-0.0628125,-1.65625e-05
-8.2000e-04,-0.0460938,-0.000491875
-8.1000e-04,-0.05125,1.40625e-05
-8.0000e-04,-0.0479688,-0.000237813
-7.9000e-04,-0.05,-0.000293125
-7.8000e-04,-0.0534375,9.375e-06
-7.7000e-04,-0.0553125,-1.8125e-05
-7.6000e-04,-0.0489062,3.0625e-05
-7.5000e-04,-0.0667188,-6.1875e-05
-7.4000e-04,-0.0492188,-6.25e-05
-7.3000e-04,-0.0546875,-0.000584063
-7.2000e-04,-0.0646875,0.000104688
-7.1000e-04,-0.0601562,-8.875e-05
-7.0000e-04,-0.0665625,0.000522813
-6.9000e-04,-0.0460938,-0.000490938
-6.8000e-04,-0.0454688,-0.000400625
-6.7000e-04,-0.0415625,-0.00110938
-6.6000e-04,-0.059375,-0.000612813
-6.5000e-04,-0.041875,3.09375e-05
-6.4000e-04,-0.0504687,-0.000650938
-6.3000e-04,-0.0509375,-4.71875e-05
-6.2000e-04,-0.0607812,0.000865625
-6.1000e-04,-0.0551563,-0.000163438
-6.0000e-04,-0.044375,-0.00025125
-5.9000e-04,-0.044375,0.00010875
-5.8000e-04,-0.0595313,1.8125e-05
-5.7000e-04,-0.0470312,-0.00032875
-5.6000e-04,-0.0592188,0.000155625
-5.5000e-04,-0.049375,-0.000283437
-5.4000e-04,-0.0434375,-7.71875e-05
-5.3000e-04,-0.055625,-0.000311875
-5.2000e-04,-0.0520313,-0.0007175
-5.1000e-04,-0.0460938,-0.000478438
-5.0000e-04,-0.0454688,-9.15625e-05
-4.9000e-04,-0.05625,-0.00043875
-4.8000e-04,-0.0507812,-0.00026875
-4.7000e-04,-0.0551563,0.000174375
-4.6000e-04,-0.0573437,-0.000213438
-4.5000e-04,-0.0428125,0.000274063
-4.4000e-04,-0.05125,3.71875e-05
-4.3000e-04,-0.0448438,6.40625e-05
-4.2000e-04,-0.0453125,-0.000167813
-4.1000e-04,-0.0534375,0.000208438
-4.0000e-04,-0.0554687,0.000272188
-3.9000e-04,-0.049375,3.625e-05
-3.8000e-04,-0.0485938,-0.000225313
-3.7000e-04,-0.0590625,-0.000184063
-3.6000e-04,-0.0520313,-0.000157813
-3.5000e-04,-0.0509375,0.000252812
-3.4000e-04,-0.0565625,-0.000321875
-3.3000e-04,-0.0554687,-0.000129062
-3.2000e-04,-0.0575,9.6875e-05
-3.1000e-04,-0.0528125,-0.00024375
-3.0000e-04,-0.0503125,5.21875e-05
-2.9000e-04,-0.0598438,0.00027125
-2.8000e-04,-0.0576563,0.000469688
-2.7000e-04,-0.0459375,-1.5625e-05
-2.6000e-04,-0.055625,-9.25e-05
-2.5000e-04,-0.0625,0.00024125
-2.4000e-04,-0.0526563,0.000110313
-2.3000e-04,-0.0571875,-0.000235625
-2.2000e-04,-0.050625,-0.000304375
-2.1000e-04,-0.0485938,-0.000225313
-2.0000e-04,-0.0489062,0.00058625
-1.9000e-04,-0.0603125,-0.000134063
-1.8000e-04,-0.0496875,-4.78125e-05
-1.7000e-04,-0.044375,-0.000184688
-1.6000e-04,-0.0626562,-0.000525313
-1.5000e-04,-0.0532813,-0.000574375
-1.4000e-04,-0.0565625,-0.000246563
-1.3000e-04,-0.0473438,-0.00095375
-1.2000e-04,-0.0584375,-0.000428438
-1.1000e-04,-0.0484375,0.000255313
-1.0000e-04,-0.0607812,-0.00100625
-9.0000e-05,-0.0526563,-0.000507188
-8.0000e-05,-0.0567187,0.00022375
-7.0000e-05,-0.0553125,-0.000266563
-6.0000e-05,-0.0534375,-6.65625e-05
-5.0000e-05,-0.0635938,-0.000112188
-4.0000e-05,-0.0454688,6e-05
-3.0000e-05,-0.0654688,9.90625e-05
-2.0000e-05,-0.065625,-4.09375e-05
-1.0000e-05,-0.0571875,-5.0625e-05
-0.0000e+00,-0.0548437,-0.000195
1.0000e-05,-0.0620312,6.28125e-05
2.0000e-05,-0.0584375,-0.000576875
3.0000e-05,-0.0567187,-0.000418125
4.0000e-05,-0.0659375,-0.00033375
5.0000e-05,-0.0465625,-0.000312188
6.0000e-05,-0.0567187,-0.000455313
7.0000e-05,-0.03875,-0.000579375
8.0000e-05,-0.0501562,-0.000430313
9.0000e-05,-0.0525,-0.000169063
1.0000e-04,-0.0442188,-0.00031875
1.1000e-04,-0.0564063,7.8125e-05
1.2000e-04,-0.0514063,0.000100313
1.3000e-04,-0.058125,3.03125e-05
1.4000e-04,-0.0548437,0.0006475
1.5000e-04,-0.0525,0.000360625
1.6000e-04,-0.060625,0.000150938
1.7000e-04,-0.0482812,-7.8125e-05
1.8000e-04,-0.0590625,0.00071625
1.9000e-04,-0.0503125,0.000894688
2.0000e-04,-0.0551563,0.00019125
2.1000e-04,-0.0520313,-6.875e-06
2.2000e-04,-0.0514063,-0.0005125
2.3000e-04,-0.055,-0.000545625
2.4000e-04,-0.0540625,-8.03125e-05
2.5000e-04,-0.0470312,-0.000628125
2.6000e-04,-0.0678125,-0.000311563
2.7000e-04,-0.0567187,-0.000174063
2.8000e-04,-0.0509375,-0.0003225
2.9000e-04,-0.0582813,0.000129375
3.0000e-04,-0.0479688,-0.000570938
3.1000e-04,-0.0551563,-9.375e-06
3.2000e-04,-0.0482812,7.6875e-05
3.3000e-04,-0.0421875,0.000291875
3.4000e-04,-0.06125,0.000224375
3.5000e-04,-0.0489062,-0.000555625
3.6000e-04,-0.054375,-0.000100938
3.7000e-04,-0.0509375,-8.9375e-05
3.8000e-04,-0.04,0.000432188
3.9000e-04,-0.0496875,0.00043375
4.0000e-04,-0.058125,0.000439375
4.1000e-04,-0.0578125,0.000420938
4.2000e-04,-0.0548437,0.000335
4.3000e-04,-0.0490625,0.000326875
4.4000e-04,-0.0564063,0.000455625
4.5000e-04,-0.0592188,0.000345625
4.6000e-04,-0.045,0.000350313
4.7000e-04,-0.312969,0.000353125
4.8000e-04,-1.27281,-0.00388625
4.9000e-04,-1.60547,-0.00645344
5.0000e-04,0.0942188,-0.00673156
5.1000e-04,0.115156,-0.006585
5.2000e-04,0.0903125,-0.00661906
5.3000e-04,0.073125,-0.00664156
5.4000e-04,0.0620312,-0.00661094
5.5000e-04,0.0679687,-0.00663031
5.6000e-04,0.0559375,-0.00664469
5.7000e-04,0.0521875,-0.00669125
5.8000e-04,0.0495312,-0.00648844
5.9000e-04,0.0353125,-0.00662375
6.0000e-04,0.0442188,-0.00641
6.1000e-04,0.0339062,-0.00627906
6.2000e-04,0.0442188,-0.00649281
6.3000e-04,0.02375,-0.00653063
6.4000e-04,0.015625,-0.00667344
6.5000e-04,0.0285937,-0.00649625
6.6000e-04,0.0075,-0.00653813
6.7000e-04,0.0221875,-0.00647094
6.8000e-04,0.0221875,-0.0065325
6.9000e-04,0.0071875,-0.00651156
7.0000e-04,0.0123437,-0.00656406
7.1000e-04,0.0129687,-0.00765281
7.2000e-04,0.00265625,-0.00126625
7.3000e-04,0.0196875,0.007915
7.4000e-04,0.0204687,0.00926031
7.5000e-04,0.0207812,0.00476594
7.6000e-04,0.00171875,-0.00556594
7.7000e-04,0.00765625,-0.00926344
7.8000e-04,0.00875,-0.00617813
7.9000e-04,0.0078125,0.00327125
8.0000e-04,0.0114063,0.00873813
8.1000e-04,0.00765625,0.00658188
8.2000e-04,-0.00359375,-0.000816563
8.3000e-04,-0.0021875,-0.00760781
8.4000e-04,-0.0059375,-0.00746625
8.5000e-04,0.0009375,-0.00141313
8.6000e-04,0.0009375,0.00533531
8.7000e-04,-0.0090625,0.0065925
8.8000e-04,-0.0151562,0.00163688
8.9000e-04,-0.00125,-0.00458719
9.0000e-04,0.01125,-0.00760188
9.1000e-04,0.0025,-0.00348938
9.2000e-04,0.0021875,0.00365906
9.3000e-04,-0.011875,0.00618406
9.4000e-04,-0.00984375,0.00407344
9.5000e-04,0.00296875,-0.00188313
9.6000e-04,0.005,-0.0062125
9.7000e-04,-0.005625,-0.00478656
9.8000e-04,-0.00640625,-0.000512188
9.9000e-04,0.0025,0.00361875
1.0000e-03,-0.0140625,0.00406094
1.0100e-03,0.011875,0.00144406
1.0200e-03,-0.00796875,-0.00323375
1.0300e-03,-0.00515625,-0.00456344
1.0400e-03,-0.00625,-0.00186906
1.0500e-03,0.00484375,0.00150844
1.0600e-03,-0.01,0.00374031
1.0700e-03,-0.0084375,0.002335
1.0800e-03,-0.00046875,-4.625e-05
1.0900e-03,-0.00890625,-0.0026225
1.1000e-03,-0.00421875,-0.00316344
1.1100e-03,-0.00765625,-0.000692813
1.1200e-03,-0.0125,0.00191938
1.1300e-03,-0.0196875,0.00268875
1.1400e-03,-0.0132813,0.000998437
1.1500e-03,-0.005625,-0.00100156
1.1600e-03,-0.0096875,-0.00303938
1.1700e-03,-0.00640625,-0.00179594
1.1800e-03,-0.0184375,0.000305313
1.1900e-03,-0.00796875,0.00225719
1.2000e-03,-0.0164063,0.00208688
1.2100e-03,-0.00609375,2.15625e-05
1.2200e-03,-0.0129688,-0.00139156
1.2300e-03,-0.0021875,-0.00200406
1.2400e-03,0.00078125,-0.0008675
1.2500e-03,-0.0235938,0.00065875
1.2600e-03,-0.0135937,0.00174469
1.2700e-03,-0.0059375,0.00105188
1.2800e-03,-0.0121875,-0.00044875
1.2900e-03,-0.015,-0.00257281
1.3000e-03,-0.0270312,-0.00220688
1.3100e-03,-0.0134375,-0.000646563
1.3200e-03,-0.00953125,0.00137969
1.3300e-03,-0.00234375,0.00163156
1.3400e-03,-0.0139063,0.0002425
1.3500e-03,-0.0195312,-0.000829688
1.3600e-03,-0.00765625,-0.00160125
1.3700e-03,-0.01875,-0.00134906
1.3800e-03,-0.0264062,-8.625e-05
1.3900e-03,-0.0260937,0.00131844
1.4000e-03,-0.0146875,0.00144125
1.4100e-03,-0.0192187,3.78125e-05
1.4200e-03,-0.0189062,-0.00104656
1.4300e-03,-0.0239063,-0.00229656
1.4400e-03,-0.00875,-5.09375e-05
1.4500e-03,-0.0221875,0.00122156
1.4600e-03,-0.025,0.00170969
1.4700e-03,-0.0204688,0.00138313
1.4800e-03,-0.0146875,-0.000625313
1.4900e-03,-0.0214063,-0.0014275
1.5000e-03,-0.0259375,-0.00139719
1.5100e-03,-0.0159375,-0.000388125
1.5200e-03,-0.0129688,0.000747813
1.5300e-03,-0.0264062,0.000779688
1.5400e-03,-0.0123438,0.000524063
1.5500e-03,-0.0126563,-0.000768125
1.5600e-03,-0.0210938,-0.00152688
1.5700e-03,-0.014375,-0.00156813
1.5800e-03,-0.00453125,0.0002325
1.5900e-03,-0.0134375,0.00181
1.6000e-03,-0.0290625,0.00136813
1.6100e-03,-0.0157813,-4.59375e-05
1.6200e-03,-0.0259375,-0.00179
1.6300e-03,-0.0210938,-0.002075
1.6400e-03,-0.0245313,-0.00104813
1.6500e-03,-0.0225,-0.000228438
1.6600e-03,-0.0167188,0.00124938
1.6700e-03,-0.0228125,0.0003425
1.6800e-03,-0.0242188,-0.00103406
1.6900e-03,-0.0145312,-0.00177875
1.7000e-03,-0.0184375,-0.00110563
1.7100e-03,-0.0203125,-0.000314063
1.7200e-03,-0.0226562,0.0008325
1.7300e-03,-0.0257812,0.000339063
1.7400e-03,-0.0167188,8.4375e-06
1.7500e-03,-0.0242188,-0.00106656
1.7600e-03,-0.0259375,-0.00139156
1.7700e-03,-0.0270312,-0.000348438
1.7800e-03,-0.029375,0.000735625
1.7900e-03,-0.0265625,0.00124813
1.8000e-03,-0.02375,0.000769063
1.8100e-03,-0.0235938,-0.000438125
1.8200e-03,-0.020625,-0.00104563
1.8300e-03,-0.0328125,-0.00124406
1.8400e-03,-0.0307813,-0.000343125
1.8500e-03,-0.0292188,0.000903438
1.8600e-03,-0.029375,0.00105094
1.8700e-03,-0.0201563,-0.0004425
1.8800e-03,-0.0126563,-0.000775625
1.8900e-03,-0.0253125,-0.00139188
1.9000e-03,-0.0214063,-0.000432188
1.9100e-03,-0.0326562,0.00101719
1.9200e-03,-0.0253125,0.00103812
1.9300e-03,-0.0317188,0.0002575
1.9400e-03,-0.0257812,-5.6875e-05
1.9500e-03,-0.0234375,-0.000517188
1.9600e-03,-0.0323438,-0.000777188
1.9700e-03,-0.028125,0.000384688
1.9800e-03,-0.0173438,0.00122156
1.9900e-03,-0.0192187,0.00124125
2.0000e-03,-0.02875,-0.000170313
2.0100e-03,-0.0248438,-0.000672813
2.0200e-03,-0.02125,-0.00096375
2.0300e-03,-0.0321875,-0.00081375
2.0400e-03,-0.0245313,0.0003875
2.0500e-03,-0.0271875,0.00061
2.0600e-03,-0.0203125,0.000205938
2.0700e-03,-0.0182812,-0.000736875
2.0800e-03,-0.0246875,-0.00175125
2.0900e-03,-0.0260937,-0.0004025
2.1000e-03,-0.0201563,-0.0001375
2.1100e-03,-0.0357813,0.000778438
2.1200e-03,-0.0284375,0.000400313
2.1300e-03,-0.0304688,0.00073
2.1400e-03,-0.02875,-0.000600938
2.1500e-03,-0.0340625,-0.000786563
2.1600e-03,-0.0196875,-0.000689063
2.1700e-03,-0.023125,0.000400313
2.1800e-03,-0.0175,0.00021875
2.1900e-03,-0.0254688,0.000275
2.2000e-03,-0.0198438,-0.00041875
2.2100e-03,-0.0214063,-0.00111375
2.2200e-03,-0.024375,-0.00120188
2.2300e-03,-0.0232812,-0.000614063
2.2400e-03,-0.020625,-8.34375e-05
2.2500e-03,-0.0301563,9.40625e-05
2.2600e-03,-0.0332812,4.375e-06
2.2700e-03,-0.0240625,-0.000124375
2.2800e-03,-0.0284375,-0.000409063
2.2900e-03,-0.0351562,-0.000165
2.3000e-03,-0.0195312,0.000261563
2.3100e-03,-0.0179687,0.000281563
2.3200e-03,-0.0432813,0.00035
2.3300e-03,-0.029375,0.000570938
2.3400e-03,-0.0225,-0.000323438
2.3500e-03,-0.0390625,-0.00028
2.3600e-03,-0.0292188,0.000127813
2.3700e-03,-0.029375,-0.00047125
2.3800e-03,-0.0204688,0.000667813
2.3900e-03,-0.0351562,0.000443125
2.4000e-03,-0.0298438,0.000303125
2.4100e-03,-0.0229687,0.00021125
2.4200e-03,-0.02875,-0.000209375
2.4300e-03,-0.0232812,-0.0005175
2.4400e-03,-0.03,-0.0004675
2.4500e-03,-0.0265625,-0.000233438
2.4600e-03,-0.0273438,-2.03125e-05
2.4700e-03,-0.0285938,-0.000389688
2.4800e-03,-0.036875,0.000113125
2.4900e-03,-0.0234375,-4.8125e-05
2.5000e-03,-0.0184375,-0.000148125
2.5100e-03,-0.0365625,0.0003175
2.5200e-03,-0.0220313,0.000359688
2.5300e-03,-0.0204688,0.000127813
2.5400e-03,-0.0239063,7.9375e-05
2.5500e-03,-0.03625,-0.000170625
2.5600e-03,-0.0223437,0.000116875
2.5700e-03,-0.0259375,-0.000175313
2.5800e-03,-0.030625,0.000584063
2.5900e-03,-0.02375,-0.000458125
2.6000e-03,-0.0326562,-0.000930313
2.6100e-03,-0.015625,-0.000598438
2.6200e-03,-0.0479688,-0.000780313
2.6300e-03,-0.0310937,-0.00015625
2.6400e-03,-0.0434375,-0.000148125
2.6500e-03,-0.0229687,0.000493125
2.6600e-03,-0.0289063,0.00031625
2.6700e-03,-0.0209375,-0.000153438
2.6800e-03,-0.0354688,-5.5e-05
2.6900e-03,-0.0332812,-0.000356563
2.7000e-03,-0.0282813,-8.9375e-05
2.7100e-03,-0.0407813,0.000155313
2.7200e-03,-0.0254688,0.000358125
2.7300e-03,-0.0321875,0.00086625
2.7400e-03,-0.0357813,-8.25e-05
2.7500e-03,-0.039375,-1.75e-05
2.7600e-03,-0.0379688,-0.00119
2.7700e-03,-0.0273438,-0.00069125
2.7800e-03,-0.0401563,-0.000499688
2.7900e-03,-0.0371875,-0.000405313
2.8000e-03,-0.0345312,-0.000600313
2.8100e-03,-0.0253125,-0.00103344
2.8200e-03,-0.0392187,-0.000353125
2.8300e-03,-0.0340625,2.375e-05
2.8400e-03,-0.0357813,0.000547813
2.8500e-03,-0.0448438,0.0001175
2.8600e-03,-0.024375,0.000255625
2.8700e-03,-0.0265625,-6.90625e-05
2.8800e-03,-0.0309375,-0.000490625
2.8900e-03,-0.0335937,-0.000100313
2.9000e-03,-0.0246875,0.00012125
2.9100e-03,-0.0298438,0.000496563
2.9200e-03,-0.0410937,0.00047125
2.9300e-03,-0.0323438,-0.000620625
2.9400e-03,-0.0332812,3.59375e-05
2.9500e-03,-0.03625,6.25e-07
2.9600e-03,-0.0398437,5.3125e-06
2.9700e-03,-0.030625,-5.53125e-05
2.9800e-03,-0.0339062,0.000730313
2.9900e-03,-0.0334375,0.000529063
3.0000e-03,-0.0226562,8.96875e-05
3.0100e-03,-0.0314062,-0.000842188
3.0200e-03,-0.033125,-0.000209375
3.0300e-03,-0.0364063,0.000585625
3.0400e-03,-0.0185937,0.000325313
3.0500e-03,-0.0365625,0.000435313
3.0600e-03,-0.034375,-0.000327188
3.0700e-03,-0.035625,-0.000380313
3.0800e-03,-0.0292188,-0.000504063
3.0900e-03,-0.0320312,-0.000426875
3.1000e-03,-0.0260937,4.59375e-05
3.1100e-03,-0.0215625,0.00068
3.1200e-03,-0.0434375,0.000565
3.1300e-03,-0.0332812,-0.00016875
3.1400e-03,-0.0409375,-0.000248125
3.1500e-03,-0.0346875,7.5625e-05
3.1600e-03,-0.03625,0.000291563
3.1700e-03,-0.0434375,0.00046
3.1800e-03,-0.0282813,1.4375e-05
3.1900e-03,-0.0445313,0.00027125
3.2000e-03,-0.025625,2.75e-05
3.2100e-03,-0.0328125,-0.000190313
3.2200e-03,-0.03625,-0.00031125
3.2300e-03,-0.0385937,-0.000204688
3.2400e-03,-0.0284375,0.000437813
3.2500e-03,-0.031875,0.000339375
3.2600e-03,-0.0367188,-0.000129375
3.2700e-03,-0.0290625,-0.000399375
3.2800e-03,-0.0404687,-0.000137188
3.2900e-03,-0.0335937,-0.000968125
3.3000e-03,-0.0421875,-0.000368438
3.3100e-03,-0.0384375,-0.0004575
3.3200e-03,-0.0339062,8.09375e-05
3.3300e-03,-0.043125,-0.000259688
3.3400e-03,-0.0384375,-0.000168438
3.3500e-03,-0.0403125,-0.000537188
3.3600e-03,-0.0315625,-0.000378125
3.3700e-03,-0.036875,-9.875e-05
3.3800e-03,-0.0323438,0.0003175
3.3900e-03,-0.0373438,-0.000428438
3.4000e-03,-0.0301563,-0.000560313
3.4100e-03,-0.0296875,-0.000501563
3.4200e-03,-0.0334375,0.000122188
3.4300e-03,-0.0275,0.000685313
3.4400e-03,-0.0354688,0.0003225
3.4500e-03,-0.0421875,-0.000156875
3.4600e-03,-0.03875,-0.000240938
3.4700e-03,-0.0375,-0.00017125
3.4800e-03,-0.040625,-5.375e-05
3.4900e-03,-0.0392187,-0.00038625
3.5000e-03,-0.0267187,-0.000279063
3.5100e-03,-0.0420312,0.000501875
3.5200e-03,-0.04125,-2.90625e-05
3.5300e-03,-0.0315625,-5e-05
3.5400e-03,-0.0371875,0.000130313
3.5500e-03,-0.0425,7.6875e-05
3.5600e-03,-0.0478125,-0.000235
3.5700e-03,-0.0364063,-0.000262187
3.5800e-03,-0.0403125,-0.000775938
3.5900e-03,-0.0409375,3.71875e-05
3.6000e-03,-0.02875,-0.000794375
3.6100e-03,-0.0317188,-0.0004575
3.6200e-03,-0.0257812,-0.000164063
3.6300e-03,-0.0353125,0.000155313
3.6400e-03,-0.0357813,-0.000188438
3.6500e-03,-0.0401563,0.000170313
3.6600e-03,-0.0353125,-0.000480938
3.6700e-03,-0.0457813,-0.0005725
3.6800e-03,-0.035,1.40625e-05
3.6900e-03,-0.0410937,9.5625e-05
3.7000e-03,-0.0378125,0.000472188
3.7100e-03,-0.0423437,5.5e-05
3.7200e-03,-0.0348437,-9.15625e-05
3.7300e-03,-0.0342187,0.000444375
3.7400e-03,-0.0445313,-0.0004275
3.7500e-03,-0.0295313,-0.00022875
3.7600e-03,-0.0404687,0.000390938
3.7700e-03,-0.034375,0.000373438
3.7800e-03,-0.0342187,-7.90625e-05
3.7900e-03,-0.036875,-0.000256875
3.8000e-03,-0.03375,-0.000575313
3.8100e-03,-0.033125,-0.000276875
3.8200e-03,-0.036875,-0.000479063
3.8300e-03,-0.04125,0.000300313
3.8400e-03,-0.04,-0.000109063
3.8500e-03,-0.0395313,-0.00042625
3.8600e-03,-0.035625,-0.000704688
3.8700e-03,-0.0396875,-0.000172813
3.8800e-03,-0.043125,8.09375e-05
3.8900e-03,-0.0392187,-0.000130938
3.9000e-03,-0.044375,-1.875e-05
3.9100e-03,-0.03625,-0.000162813
3.9200e-03,-0.0428125,-0.000718125
3.9300e-03,-0.039375,-0.000712188
3.9400e-03,-0.0384375,-0.000524063
3.9500e-03,-0.0434375,-0.000292813
3.9600e-03,-0.0476562,0.000845625
3.9700e-03,-0.0384375,-5.03125e-05
3.9800e-03,-0.036875,0.000170625
3.9900e-03,-0.0420312,-0.00081625
4.0000e-03,-0.045,-0.000340625
4.0100e-03,-0.0346875,-9.15625e-05
4.0200e-03,-0.0346875,0.000449063
4.0300e-03,-0.0485938,0.000212813
4.0400e-03,-0.0382813,0.00030625
4.0500e-03,-0.0426562,-0.000325313
4.0600e-03,-0.0345312,0.000150625
4.0700e-03,-0.038125,0.00010375
4.0800e-03,-0.0290625,0.000232813
4.0900e-03,-0.0298438,0.000682813
4.1000e-03,-0.050625,0.000259688
4.1100e-03,-0.035,-9.4375e-05
4.1200e-03,-0.0485938,-0.000331563
4.1300e-03,-0.0396875,-0.00030125
4.1400e-03,-0.040625,-0.00013375
4.1500e-03,-0.0484375,-0.0004825
4.1600e-03,-0.0378125,-0.000135938
4.1700e-03,-0.0434375,-0.000655625
4.1800e-03,-0.0454688,-0.000541875
4.1900e-03,-0.0471875,-0.000519688
4.2000e-03,-0.0460938,0.000100313
4.2100e-03,-0.041875,-0.000361875
4.2200e-03,-0.0415625,1.4375e-05
4.2300e-03,-0.03375,-0.000385938
4.2400e-03,-0.0492188,-0.000326875
4.2500e-03,-0.0423437,-0.00047875
4.2600e-03,-0.0282813,-0.000295625
4.2700e-03,-0.0375,0.000110313
4.2800e-03,-0.0379688,0.000470625
4.2900e-03,-0.0434375,0.000224063
4.3000e-03,-0.0407813,-0.000481563
4.3100e-03,-0.0365625,-0.00067
4.3200e-03,-0.03,-0.000326875
4.3300e-03,-0.0479688,0.00016375
4.3400e-03,-0.0557813,0.0001225
4.3500e-03,-0.0275,-0.000335
4.3600e-03,-0.04,-0.000734688
4.3700e-03,-0.0478125,-0.00122031
4.3800e-03,-0.0485938,-7.1875e-06
4.3900e-03,-0.036875,-1.625e-05
4.4000e-03,-0.0404687,0.000346875
4.4100e-03,-0.0514063,0.000305313
4.4200e-03,-0.031875,0.000420625
4.4300e-03,-0.045625,0.000418438
4.4400e-03,-0.0459375,0.000371875
4.4500e-03,-0.0417187,0.00048375
4.4600e-03,-0.0329688,0.00031125
4.4700e-03,0.506719,0.000575313
4.4800e-03,-0.548906,-0.00237906
4.4900e-03,-1.42766,-0.005895
4.5000e-03,-1.24797,-0.00779219
4.5100e-03,-0.702031,-0.00853719
4.5200e-03,-0.573125,-0.00830125
4.5300e-03,0.127031,-0.00831469
4.5400e-03,0.100781,-0.00819469
4.5500e-03,0.0853125,-0.00823781
4.5600e-03,0.0634375,-0.00798062
4.5700e-03,0.05375,-0.00818031
4.5800e-03,0.0535937,-0.00823469
4.5900e-03,0.0559375,-0.0080075
4.6000e-03,0.04125,-0.00808531
4.6100e-03,0.053125,-0.0079475
4.6200e-03,0.0335938,-0.00805875
4.6300e-03,0.0392187,-0.00811469
4.6400e-03,0.0364063,-0.00803875
4.6500e-03,0.0339062,-0.00824125
4.6600e-03,0.0164063,-0.00796563
4.6700e-03,0.0154687,-0.00799844
4.6800e-03,0.02875,-0.00788
4.6900e-03,0.0059375,-0.00792563
4.7000e-03,0.0210937,-0.00802313
4.7100e-03,0.014375,-0.00809687
4.7200e-03,0.0353125,-0.0079375
4.7300e-03,0.0226562,-0.00565688
4.7400e-03,0.0171875,0.000639375
4.7500e-03,0.00625,0.00323781
4.7600e-03,0.0221875,0.0009225
4.7700e-03,0.0104687,-0.00259438
4.7800e-03,0.0107812,-0.00456156
4.7900e-03,-0.00390625,-0.00209219
4.8000e-03,0.0025,0.0019075
4.8100e-03,0.0189063,0.00461563
4.8200e-03,0.010625,0.00357531
4.8300e-03,0.009375,-0.000220938
4.8400e-03,0.0148437,-0.00245594
4.8500e-03,0.00484375,-0.0021325
4.8600e-03,0.0160938,-0.00029625
4.8700e-03,0.0025,0.00212156
4.8800e-03,0.0110937,0.00246281
4.8900e-03,0.00390625,0.000559688
4.9000e-03,0.0053125,-0.00209594
4.9100e-03,0.001875,-0.00282625
4.9200e-03,-0.00234375,-0.00107625
4.9300e-03,-0.00890625,0.00113594
4.9400e-03,-0.0003125,0.002085
4.9500e-03,0.00203125,0.00165281
4.9600e-03,0.00609375,-0.000810625
4.9700e-03,-0.00828125,-0.00145344
4.9800e-03,0.00078125,-0.001445
4.9900e-03,-0.005,0.000320313
5.0000e-03,0.00453125,0.00148031
5.0100e-03,-0.00203125,0.00138875
5.0200e-03,-0.00140625,0.00058375
5.0300e-03,0.00234375,-0.00109844
5.0400e-03,-0.0125,-0.00120281
5.0500e-03,-0.00625,-0.000569375
5.0600e-03,-0.0040625,-0.000189375
5.0700e-03,-0.0114062,0.000360625
5.0800e-03,-0.0075,0.000562188
5.0900e-03,-0.00859375,-0.000230313
5.1000e-03,-0.005625,-0.00164281
5.1100e-03,-0.00296875,-0.000818125
5.1200e-03,-0.00828125,5.25e-05
5.1300e-03,-0.0114062,0.000743125
5.1400e-03,-0.0139063,0.00028375
5.1500e-03,-0.00546875,0.000425938
5.1600e-03,0.00046875,1.75e-05
5.1700e-03,-0.015625,-0.000285
5.1800e-03,-0.00640625,-0.000804063
5.1900e-03,-0.00984375,-0.000238438
5.2000e-03,-0.0040625,0.00071
5.2100e-03,-0.01,0.000726563
5.2200e-03,-0.0125,-0.000337813
5.2300e-03,-0.0117188,-0.000817188
5.2400e-03,-0.0115625,-0.00135969
5.2500e-03,-0.0025,-0.000586563
5.2600e-03,-0.0140625,-0.000221563
5.2700e-03,-0.0117188,0.000264063
5.2800e-03,-0.0121875,0.0004175
5.2900e-03,-0.0190625,-9.25e-05
5.3000e-03,-0.0134375,-0.00037625
5.3100e-03,-0.0189062,-0.000512813
5.3200e-03,-0.0182812,4.09375e-05
5.3300e-03,-0.0075,0.000329375
5.3400e-03,-0.0140625,0.0005575
5.3500e-03,-0.00625,-0.00012625
5.3600e-03,-0.0132813,-9.875e-05
5.3700e-03,-0.011875,-0.00114844
5.3800e-03,-0.0267187,-0.000886875
5.3900e-03,-0.0195312,-0.000610625
5.4000e-03,-0.0139063,-2.21875e-05
5.4100e-03,-0.0107813,0.000730625
5.4200e-03,-0.0184375,0.0003325
5.4300e-03,-0.0157813,0.000230313
5.4400e-03,-0.0182812,-0.00088625
5.4500e-03,-0.0109375,-0.000167188
5.4600e-03,-0.023125,-0.000126875
5.4700e-03,-0.0151562,0.000300938
5.4800e-03,-0.00671875,7.34375e-05
5.4900e-03,-0.0121875,2.375e-05
5.5000e-03,-0.0214063,-0.000386875
5.5100e-03,-0.0159375,-0.000390625
5.5200e-03,-0.0215625,-0.00069375
5.5300e-03,-0.0207813,0.000335938
5.5400e-03,-0.0254688,0.000335625
5.5500e-03,-0.0292188,-0.000239688
5.5600e-03,-0.0204688,-0.000782813
5.5700e-03,-0.023125,-0.00109813
5.5800e-03,-0.00921875,-0.00086625
5.5900e-03,-0.0271875,0.000239375
5.6000e-03,-0.008125,0.000645313
5.6100e-03,-0.0259375,0.00109875
5.6200e-03,-0.015625,0.000295
5.6300e-03,-0.0248438,-7.4375e-05
5.6400e-03,-0.029375,-0.000359063
5.6500e-03,-0.0135937,-0.0006375
5.6600e-03,-0.0159375,0.00016125
5.6700e-03,-0.0260937,0.000791563
5.6800e-03,-0.02,-6.9375e-05
5.6900e-03,-0.0198438,-0.000439063
5.7000e-03,-0.0210938,-0.000373438
5.7100e-03,-0.0226562,-0.000780625
5.7200e-03,-0.0320312,-0.000190938
5.7300e-03,-0.021875,0.000246875
5.7400e-03,-0.0153125,0.000607813
5.7500e-03,-0.028125,0.00034625
5.7600e-03,-0.014375,0.000135938
5.7700e-03,-0.0307813,-0.000594063
5.7800e-03,-0.0101563,0.000483125
5.7900e-03,-0.02625,0.000625625
5.8000e-03,-0.0173438,0.000487188
5.8100e-03,-0.0184375,0.000185313
5.8200e-03,-0.02125,-0.000530938
5.8300e-03,-0.0285938,-0.0003075
5.8400e-03,-0.0121875,-0.000391563
5.8500e-03,-0.01875,-0.000599688
5.8600e-03,-0.0223437,0.0002925
5.8700e-03,-0.0170313,0.000154375
5.8800e-03,-0.0171875,-0.000407813
5.8900e-03,-0.024375,-0.000490938
5.9000e-03,-0.030625,-0.000466563
5.9100e-03,-0.0175,-0.000610938
5.9200e-03,-0.0279688,0.000505938
5.9300e-03,-0.0190625,0.000210625
5.9400e-03,-0.0270312,-0.00013875
5.9500e-03,-0.0239063,0.000105938
5.9600e-03,-0.0273438,2.5625e-05
5.9700e-03,-0.0248438,-0.000456875
5.9800e-03,-0.0239063,-0.00022625
5.9900e-03,-0.026875,0.00023625
6.0000e-03,-0.0065625,0.000172813
6.0100e-03,-0.0234375,0.000435625
6.0200e-03,-0.0339062,-5.21875e-05
6.0300e-03,-0.0120313,-0.00087875
6.0400e-03,-0.0265625,7.5e-06
6.0500e-03,-0.0192187,6.25e-07
6.0600e-03,-0.0221875,0.000104375
6.0700e-03,-0.0342187,-0.000470625
6.0800e-03,-0.0264062,-0.000969375
6.0900e-03,-0.03625,-0.000497188
6.1000e-03,-0.0203125,-0.000607188
6.1100e-03,-0.0323438,-0.000732188
6.1200e-03,-0.0321875,0.000344063
6.1300e-03,-0.0271875,0.000605
6.1400e-03,-0.0182812,5.8125e-05
6.1500e-03,-0.0171875,3.46875e-05
6.1600e-03,-0.0215625,-0.000231563
6.1700e-03,-0.0217188,0.000819688
6.1800e-03,-0.030625,0.000830938
6.1900e-03,-0.0278125,0.000308438
6.2000e-03,-0.0271875,0.000350625
6.2100e-03,-0.0392187,0.00073
6.2200e-03,-0.0310937,-0.00032
6.2300e-03,-0.02375,-0.000401563
6.2400e-03,-0.02625,-0.000825313
6.2500e-03,-0.025625,-0.000596875
6.2600e-03,-0.0257812,-0.000113438
6.2700e-03,-0.0267187,-0.000715938
6.2800e-03,-0.0128125,-0.000405313
6.2900e-03,-0.01875,0.00016375
6.3000e-03,-0.0359375,0.000174688
6.3100e-03,-0.030625,0.00057
6.3200e-03,-0.0240625,0.000301875
6.3300e-03,-0.0304688,0.00019625
6.3400e-03,-0.0264062,-0.000146875
6.3500e-03,-0.04,0.000600625
6.3600e-03,-0.0292188,0.000594375
6.3700e-03,-0.01125,7.1875e-05
6.3800e-03,-0.0217188,0.000389063
6.3900e-03,-0.02625,0.000595313
6.4000e-03,-0.0225,-0.000300938
6.4100e-03,-0.0345312,0.00040375
6.4200e-03,-0.0385937,1.03125e-05
6.4300e-03,-0.034375,-0.000126875
6.4400e-03,-0.0134375,-8.4375e-05
6.4500e-03,-0.034375,0.000219375
6.4600e-03,-0.016875,4.96875e-05
6.4700e-03,-0.0292188,-0.000480938
6.4800e-03,-0.0289063,-0.0003475
6.4900e-03,-0.026875,-0.00042625
6.5000e-03,-0.0359375,-0.000284375
6.5100e-03,-0.0320312,0.00054875
6.5200e-03,-0.0240625,0.000125
6.5300e-03,-0.0315625,4.8125e-05
6.5400e-03,-0.0403125,-0.000125313
6.5500e-03,-0.0326562,0.000490625
6.5600e-03,-0.0303125,0.000368125
6.5700e-03,-0.0320312,-0.0004275
6.5800e-03,-0.0323438,-8.53125e-05
6.5900e-03,-0.0273438,-0.000199063
6.6000e-03,-0.01875,-0.000246875
6.6100e-03,-0.03375,0.0003875
6.6200e-03,-0.0189062,0.000108125
6.6300e-03,-0.0382813,-0.000689375
6.6400e-03,-0.028125,-0.000275938
6.6500e-03,-0.029375,-0.0001175
6.6600e-03,-0.029375,-4.125e-05
6.6700e-03,-0.026875,0.000539375
6.6800e-03,-0.035625,4.375e-05
6.6900e-03,-0.0317188,0.000389688
6.7000e-03,-0.0310937,-0.000215938
6.7100e-03,-0.0210938,-0.000216563
6.7200e-03,-0.0217188,-3.9375e-05
6.7300e-03,-0.0234375,0.000245938
6.7400e-03,-0.0340625,-0.000169063
6.7500e-03,-0.0375,0.000267188
6.7600e-03,-0.025625,-0.00028125
6.7700e-03,-0.0354688,0.000107813
6.7800e-03,-0.0328125,1.34375e-05
6.7900e-03,-0.04,-3.25e-05
6.8000e-03,-0.0359375,0.000215625
6.8100e-03,-0.0365625,1.875e-05
6.8200e-03,-0.0354688,-0.00023125
6.8300e-03,-0.0396875,-0.000414063
6.8400e-03,-0.0334375,-0.000369375
6.8500e-03,-0.0395313,-0.000574063
6.8600e-03,-0.0384375,-0.000449063
6.8700e-03,-0.0217188,-5.6875e-05
6.8800e-03,-0.0403125,-7.78125e-05
6.8900e-03,-0.0420312,-3.96875e-05
6.9000e-03,-0.02625,0.000384688
6.9100e-03,-0.029375,-0.000269688
6.9200e-03,-0.0396875,8.6875e-05
6.9300e-03,-0.0354688,0.0003675
6.9400e-03,-0.0315625,0.000668438
6.9500e-03,-0.0285938,-0.000195
6.9600e-03,-0.025625,-0.000707813
6.9700e-03,-0.0315625,-0.000194063
6.9800e-03,-0.0329688,-7.4375e-05
6.9900e-03,-0.0290625,-6.375e-05
7.0000e-03,-0.0401563,-0.00035375
7.0100e-03,-0.0460938,-0.000248125
7.0200e-03,-0.0392187,-7.8125e-05
7.0300e-03,-0.03375,9.5625e-05
7.0400e-03,-0.04125,0.00011125
7.0500e-03,-0.0360938,-0.000155313
7.0600e-03,-0.041875,-0.000309688
7.0700e-03,-0.0315625,-0.00036
7.0800e-03,-0.034375,-0.000520313
7.0900e-03,-0.0335937,-0.000720938
7.1000e-03,-0.0425,-0.000694063
7.1100e-03,-0.0464062,-0.000170313
7.1200e-03,-0.0329688,0.000264688
7.1300e-03,-0.036875,-0.00024875
7.1400e-03,-0.0290625,-0.000417813
7.1500e-03,-0.0334375,6.5e-05
7.1600e-03,-0.0346875,2.4375e-05
7.1700e-03,-0.03875,0.0004075
7.1800e-03,-0.0328125,0.000554063
7.1900e-03,-0.0396875,0.000104375
7.2000e-03,-0.0317188,0.00016625
7.2100e-03,-0.031875,0.000457813
7.2200e-03,-0.0301563,-0.00017875
7.2300e-03,-0.023125,0.000501563
7.2400e-03,-0.0354688,-0.000160313
7.2500e-03,-0.028125,-0.000148438
7.2600e-03,-0.0365625,-0.00047375
7.2700e-03,-0.0415625,-9.4375e-05
7.2800e-03,-0.0298438,0.000139375
7.2900e-03,-0.0340625,-0.00011625
7.3000e-03,-0.0345312,-0.000141875
7.3100e-03,-0.0301563,0.000499063
7.3200e-03,-0.0317188,-0.000576563
7.3300e-03,-0.03125,-0.000442188
7.3400e-03,-0.0304688,-0.000215625
7.3500e-03,-0.031875,-0.000701875
7.3600e-03,-0.033125,-0.00020125
7.3700e-03,-0.0379688,-0.000217188
7.3800e-03,-0.0235938,3.5625e-05
7.3900e-03,-0.0404687,0.000232813
7.4000e-03,-0.0475,-0.000354375
7.4100e-03,-0.0298438,3.75e-06
7.4200e-03,-0.0335937,7.8125e-06
7.4300e-03,-0.0439063,0.000224688
7.4400e-03,-0.03,-0.000215625
7.4500e-03,-0.034375,-2.65625e-05
7.4600e-03,-0.0451563,-3.8125e-05
7.4700e-03,-0.0365625,-0.00027625
7.4800e-03,-0.0329688,-0.000238125
7.4900e-03,-0.0304688,6.25e-07
7.5000e-03,-0.0351562,0.000457813
7.5100e-03,-0.038125,3.8125e-05
7.5200e-03,-0.0384375,0.000449688
7.5300e-03,-0.0265625,6.125e-05
7.5400e-03,-0.0434375,0.000415313
7.5500e-03,-0.0382813,0.000385938
7.5600e-03,-0.0370313,0.000105313
7.5700e-03,-0.0464062,-0.000362188
7.5800e-03,-0.0340625,8.4375e-06
7.5900e-03,-0.0482812,-0.000174688
7.6000e-03,-0.0317188,0.000139375
7.6100e-03,-0.0440625,3e-05
7.6200e-03,-0.0403125,-0.000179063
7.6300e-03,-0.0317188,-0.000693125
7.6400e-03,-0.0307813,-0.00046
7.6500e-03,-0.0479688,-0.000948125
7.6600e-03,-0.0348437,-0.000535313
7.6700e-03,-0.0409375,-0.000442188
7.6800e-03,-0.0335937,7.5e-06
7.6900e-03,-0.036875,-0.000285
7.7000e-03,-0.0373438,-0.000690938
7.7100e-03,-0.0473438,-0.00051375
7.7200e-03,-0.0475,-0.000798438
7.7300e-03,-0.0415625,-7.875e-05
7.7400e-03,-0.0345312,-0.000295938
7.7500e-03,-0.0451563,0.000204063
7.7600e-03,-0.035,-0.00036375
7.7700e-03,-0.0378125,-0.000191563
7.7800e-03,-0.0389063,-0.000161563
7.7900e-03,-0.0385937,-0.000728438
7.8000e-03,-0.0321875,-0.000600938
7.8100e-03,-0.0332812,-0.000205313
7.8200e-03,-0.0420312,-0.000753438
7.8300e-03,-0.0459375,-0.000476875
7.8400e-03,-0.0475,-8.28125e-05
7.8500e-03,-0.0328125,-6.65625e-05
7.8600e-03,-0.0351562,-0.000149375
7.8700e-03,-0.03125,-0.000669688
7.8800e-03,-0.04125,8.90625e-05
7.8900e-03,-0.0390625,0.000338125
7.9000e-03,-0.0440625,8.78125e-05
7.9100e-03,-0.04375,0.000777188
7.9200e-03,-0.0410937,0.000150625
7.9300e-03,-0.0514063,-0.000253438
7.9400e-03,-0.0339062,0.000365625
7.9500e-03,-0.0179687,0.000728438
7.9600e-03,-0.0448438,0.00023125
7.9700e-03,-0.045,6.21875e-05
7.9800e-03,-0.04,-0.000175938
7.9900e-03,-0.0335937,-0.000818438
8.0000e-03,-0.0401563,-0.000278125
8.0100e-03,-0.0414063,0.000678125
8.0200e-03,-0.051875,0.000695
8.0300e-03,-0.0421875,0.000309375
8.0400e-03,-0.034375,-0.00049625
8.0500e-03,-0.0275,-0.000980938
8.0600e-03,-0.0425,-0.00041125
8.0700e-03,-0.0360938,0.000192188
8.0800e-03,-0.0309375,0.00025625
8.0900e-03,-0.0240625,0.000524063
8.1000e-03,-0.0501562,0.000215
8.1100e-03,-0.0340625,-0.000323125
8.1200e-03,-0.0278125,-0.00056375
8.1300e-03,-0.0539063,-0.000966875
8.1400e-03,-0.030625,9.96875e-05
8.1500e-03,-0.0504687,0.000450625
8.1600e-03,-0.045625,-0.000216875
8.1700e-03,-0.035,-0.000550313
8.1800e-03,-0.0384375,-0.000759375
8.1900e-03,-0.046875,-0.000567813
8.2000e-03,-0.0359375,0.000519375
8.2100e-03,-0.036875,0.0006325
8.2200e-03,-0.0471875,0.000303438
8.2300e-03,-0.0454688,-0.000360938
8.2400e-03,-0.0257812,-0.000261875
8.2500e-03,-0.02875,-0.000358125
8.2600e-03,-0.0351562,0.000810625
8.2700e-03,-0.0329688,0.001005
8.2800e-03,-0.0353125,0.000594375
8.2900e-03,-0.04625,-0.000226563
8.3000e-03,-0.0285938,-0.0006825
8.3100e-03,-0.0401563,-0.00095875
8.3200e-03,-0.0475,-0.0001525
8.3300e-03,-0.0389063,0.00133969
8.3400e-03,-0.0364063,0.000970625
8.3500e-03,-0.0432813,0.000829375
8.3600e-03,-0.0564063,-0.00086
8.3700e-03,-0.035625,-0.00228281
8.3800e-03,-0.0392187,-0.00131313
8.3900e-03,-0.0409375,-0.0001775
8.4000e-03,-0.0396875,0.00136188
8.4100e-03,-0.0339062,0.00114969
8.4200e-03,-0.058125,0.000470313
8.4300e-03,-0.0346875,-0.00113344
8.4400e-03,-0.03875,-0.00187719
8.4500e-03,-0.0453125,-0.00116031
8.4600e-03,-0.0353125,0.000893125
8.4700e-03,-0.0417187,0.00131375
8.4800e-03,-0.03125,0.000625313
8.4900e-03,-0.0315625,-0.000279063
8.5000e-03,-0.0392187,-0.002205
8.5100e-03,-0.0378125,-0.00177188
8.5200e-03,-0.0479688,0.000781563
8.5300e-03,-0.0584375,0.00204906
8.5400e-03,-0.0548437,0.00186969
8.5500e-03,-0.0395313,0.00140469
8.5600e-03,-0.0567187,-0.000901563
8.5700e-03,-0.0492188,-0.00251719
8.5800e-03,-0.0334375,-0.000829688
8.5900e-03,-0.028125,-1.59375e-05
8.6000e-03,-0.0475,0.00208906
8.6100e-03,-0.0289063,0.00182469
8.6200e-03,-0.0440625,0.000632188
8.6300e-03,-0.0401563,-0.00120875
8.6400e-03,-0.0290625,-0.00203063
8.6500e-03,-0.0298438,-0.000661875
8.6600e-03,-0.0384375,0.000667813
8.6700e-03,-0.0521875,0.00134875
8.6800e-03,-0.048125,0.00168875
8.6900e-03,-0.0479688,-8.53125e-05
8.7000e-03,-0.0421875,-0.00102156
8.7100e-03,-0.040625,-0.00100469
8.7200e-03,-0.0385937,0.000440313
8.7300e-03,-0.0445313,0.000235938
8.7400e-03,-0.035,0.000585938
8.7500e-03,-0.0459375,-7.71875e-05
8.7600e-03,-0.0385937,-0.000782813
8.7700e-03,-0.0376563,-0.00173281
8.7800e-03,-0.0410937,-0.00143219
8.7900e-03,-0.0423437,0.000530938
8.8000e-03,-0.038125,0.000991875
8.8100e-03,-0.0367188,0.000492813
8.8200e-03,-0.0457813,-6.40625e-05
8.8300e-03,-0.0407813,-0.000752188
8.8400e-03,-0.0439063,-0.00023625
8.8500e-03,-0.0457813,0.000343438
8.8600e-03,-0.0459375,0.000661875
8.8700e-03,-0.0401563,0.000254688
8.8800e-03,-0.0445313,0.000150313
8.8900e-03,-0.0401563,-0.000530938
8.9000e-03,-0.0376563,-0.000814375
8.9100e-03,-0.0432813,-0.000629688
8.9200e-03,-0.0371875,0.00105
8.9300e-03,-0.0348437,0.000493438
8.9400e-03,-0.0323438,-3.96875e-05
8.9500e-03,-0.0420312,-6.875e-06
8.9600e-03,-0.0359375,-0.000627813
8.9700e-03,-0.040625,-0.000141875
8.9800e-03,-0.034375,0.000190625
8.9900e-03,-0.0373438,0.00034625
9.0000e-03,-0.0395313,0.000526875
9.0100e-03,-0.0428125,-0.000183438
9.0200e-03,-0.0409375,-0.000620625
9.0300e-03,-0.0364063,-0.000897813
9.0400e-03,-0.0459375,-0.000115
9.0500e-03,-0.0451563,-0.000124063
9.0600e-03,-0.051875,0.000279688
9.0700e-03,-0.0392187,0.000371875
9.0800e-03,-0.0482812,-0.000535313
9.0900e-03,-0.0382813,-0.000280313
9.1000e-03,-0.0409375,-0.0001275
9.1100e-03,-0.0482812,0.00083125
9.1200e-03,-0.0520313,1.25e-05
9.1300e-03,-0.0451563,0.000246563
9.1400e-03,-0.0439063,0.00050625
9.1500e-03,-0.0565625,-0.000145313
9.1600e-03,-0.0435938,0.000190938
9.1700e-03,-0.04375,0.000229375
9.1800e-03,-0.0521875,0.000350938
9.1900e-03,-0.035,0.000302188
9.2000e-03,-0.0417187,7.5e-05
9.2100e-03,-0.0434375,0.00015125
9.2200e-03,-0.0439063,-0.000782188
9.2300e-03,-0.0495312,-0.000360625
9.2400e-03,-0.0364063,-0.0001275
9.2500e-03,-0.0503125,-0.00029375
9.2600e-03,-0.03625,0.0004325
9.2700e-03,-0.0384375,0.000435938
9.2800e-03,-0.039375,-0.00048125
9.2900e-03,-0.0382813,-1.96875e-05
9.3000e-03,-0.0470312,0.000478125
9.3100e-03,-0.0317188,0.0002025
9.3200e-03,-0.03375,0.000209063
9.3300e-03,-0.0365625,-0.000649063
9.3400e-03,-0.0439063,-0.00045375
9.3500e-03,-0.0459375,-0.000601875
9.3600e-03,-0.051875,-0.000396563
9.3700e-03,-0.0492188,-0.000499375
9.3800e-03,-0.036875,-0.000475625
9.3900e-03,-0.035625,-0.000442813
9.4000e-03,-0.043125,-0.000815313
9.4100e-03,-0.0284375,-0.000230938
9.4200e-03,-0.045625,-0.000134063
9.4300e-03,-0.034375,0.000114375
9.4400e-03,-0.0389063,-0.00015875
9.4500e-03,-0.05375,0.0003225
9.4600e-03,-0.0370313,0.001015
9.4700e-03,-0.0348437,0.000287813
9.4800e-03,-0.0410937,-0.000284688
9.4900e-03,-0.0429688,1.5625e-06
9.5000e-03,-0.0345312,0.000136563
9.5100e-03,-0.0482812,0.000940313
9.5200e-03,-0.0490625,0.00030875
9.5300e-03,-0.0484375,-0.000581875
9.5400e-03,-0.043125,-0.000616563
9.5500e-03,-0.04,-0.000286875
9.5600e-03,-0.0403125,-0.000294375
9.5700e-03,-0.0429688,-0.000834688
9.5800e-03,-0.0304688,-0.000821875
9.5900e-03,-0.0335937,-5.3125e-06
9.6000e-03,-0.0428125,-0.00102438
9.6100e-03,-0.0435938,-0.00067875
9.6200e-03,-0.0475,8.84375e-05
9.6300e-03,-0.0373438,-0.000145625
9.6400e-03,-0.035625,-0.00018
9.6500e-03,-0.0446875,0.000794063
9.6600e-03,-0.0242188,0.00048
9.6700e-03,-0.0410937,9.34375e-05
9.6800e-03,-0.0453125,0.000549063
9.6900e-03,-0.0373438,0.00043875
9.7000e-03,-0.045,0.000488438
9.7100e-03,-0.0470312,0.000165625
9.7200e-03,-0.04,-6.5e-05
9.7300e-03,-0.048125,0.000104063
9.7400e-03,-0.0478125,-0.000223125
9.7500e-03,-0.0440625,-0.00066625
9.7600e-03,-0.0390625,-2.1875e-05
9.7700e-03,-0.0484375,3.125e-06
9.7800e-03,-0.0457813,0.00047625
9.7900e-03,-0.044375,-0.000553438
9.8000e-03,-0.045625,-0.000155
9.8100e-03,-0.0339062,-0.000315938
9.8200e-03,-0.0432813,-0.00022625
9.8300e-03,-0.0515625,-0.000170313
9.8400e-03,-0.0429688,1.6875e-05
9.8500e-03,-0.0495312,0.0001075
9.8600e-03,-0.0475,0.000605
9.8700e-03,-0.0482812,0.000388125
9.8800e-03,-0.0439063,0.000215938
9.8900e-03,-0.0446875,0.000546875
9.9000e-03,-0.0415625,-0.00053125
9.9100e-03,-0.0503125,-0.000470938
9.9200e-03,-0.045625,-0.000375625
9.9300e-03,-0.0514063,-0.00032625
9.9400e-03,-0.0448438,-0.000657188
9.9500e-03,-0.0471875,-0.000187813
9.9600e-03,-0.0460938,0.0001675
9.9700e-03,-0.0346875,0.000736875
9.9800e-03,-0.0414063,5e-06
9.9900e-03,-0.0501562,-0.000212813
1.0000e-02,-0.04,-0.000265
1.0010e-02,-0.0346875,0.000453438
1.0020e-02,-0.0457813,-7.9375e-05
1.0030e-02,-0.0401563,-0.000142813
1.0040e-02,-0.0415625,-0.000395
1.0050e-02,-0.0423437,0.000279688
1.0060e-02,-0.0454688,0.000200625
1.0070e-02,-0.0429688,-0.000394063
1.0080e-02,-0.0423437,5.25e-05
1.0090e-02,-0.0407813,4.9375e-05
1.0100e-02,-0.04,0.00028125
1.0110e-02,-0.045,0.00021
1.0120e-02,-0.0459375,-0.000119375
1.0130e-02,-0.0459375,-0.000524688
1.0140e-02,-0.0340625,-0.0005875
1.0150e-02,-0.0428125,-0.000153125
1.0160e-02,-0.0395313,0.000297813
1.0170e-02,-0.0428125,0.000381563
1.0180e-02,-0.0470312,-2.1875e-05
1.0190e-02,-0.0410937,-0.000348438
1.0200e-02,-0.039375,-7.5e-06
1.0210e-02,-0.0375,0.000214375
1.0220e-02,-0.0415625,0.000127813
1.0230e-02,-0.0425,-0.000509688
1.0240e-02,-0.043125,-0.00041625
1.0250e-02,-0.0489062,-0.0001625
1.0260e-02,-0.0407813,-0.000293438
1.0270e-02,-0.0442188,-0.000489375
1.0280e-02,-0.0470312,0.000149063
1.0290e-02,-0.04625,-9.6875e-05
1.0300e-02,-0.038125,-0.000224688
1.0310e-02,-0.05,6.375e-05
1.0320e-02,-0.0429688,0.0004425
1.0330e-02,-0.0396875,-0.000295938
1.0340e-02,-0.048125,-0.00020125
1.0350e-02,-0.0459375,-3.34375e-05
1.0360e-02,-0.0470312,-0.0003425
1.0370e-02,-0.0473438,0.000130625
1.0380e-02,-0.0515625,0.000245938
1.0390e-02,-0.0304688,3.34375e-05
1.0400e-02,-0.0475,-5.09375e-05
1.0410e-02,-0.0410937,-0.0003775
1.0420e-02,-0.0384375,-6.03125e-05
1.0430e-02,-0.050625,-0.000242188
1.0440e-02,-0.0464062,0.000117813
1.0450e-02,-0.0395313,0.00016
1.0460e-02,-0.0390625,-0.0003925
1.0470e-02,-0.0442188,-0.000410938
1.0480e-02,-0.0454688,-0.000365313
1.0490e-02,-0.0414063,-0.000255313
1.0500e-02,-0.0398437,-0.000265
1.0510e-02,-0.0478125,0.000398438
1.0520e-02,-0.0390625,-3.6875e-05
1.0530e-02,-0.0514063,-0.000405625
1.0540e-02,-0.0421875,-0.000265
1.0550e-02,-0.0475,-0.000338438
1.0560e-02,-0.0382813,0.000282813
1.0570e-02,-0.044375,0.000410938
1.0580e-02,-0.0435938,0.000432813
1.0590e-02,-0.0567187,6.96875e-05
1.0600e-02,-0.04875,-0.000516875
1.0610e-02,-0.0351562,-0.000244688
1.0620e-02,-0.0539063,-0.000260938
1.0630e-02,-0.035,-0.000130938
1.0640e-02,-0.04875,-0.000528438
1.0650e-02,-0.0476562,0.000217813
1.0660e-02,-0.0507812,4.90625e-05
1.0670e-02,-0.0448438,0.000959688
1.0680e-02,-0.0448438,0.00064
1.0690e-02,-0.03875,-3.4375e-06
1.0700e-02,-0.0520313,-0.00026125
1.0710e-02,-0.0459375,0.000296875
1.0720e-02,-0.0396875,-0.000155938
1.0730e-02,-0.0460938,-0.000288438
1.0740e-02,-0.045625,-0.00023
1.0750e-02,-0.0423437,-0.000400938
1.0760e-02,-0.0446875,-0.000155625
1.0770e-02,-0.0434375,3.6875e-05
1.0780e-02,-0.050625,-6.5625e-06
1.0790e-02,-0.03125,-0.000430313
1.0800e-02,-0.0573437,0.000143125
1.0810e-02,-0.0429688,-5.3125e-05
1.0820e-02,-0.0382813,-0.00024125
1.0830e-02,-0.0478125,-8.1875e-05
1.0840e-02,-0.045,9.75e-05
1.0850e-02,-0.03375,0.000349375
1.0860e-02,-0.0335937,0.000303438
1.0870e-02,-0.0432813,-0.000927188
1.0880e-02,-0.0321875,-0.000956563
1.0890e-02,-0.0615625,0.00010875
1.0900e-02,-0.0507812,-0.000124063
1.0910e-02,-0.0623438,-0.000180313
1.0920e-02,-0.0510938,-0.000574688
1.0930e-02,-0.0442188,0.000102813
1.0940e-02,-0.0457813,0.000317813
1.0950e-02,-0.0357813,1.90625e-05
1.0960e-02,-0.04,0.000402813
1.0970e-02,-0.04625,0.000597188
1.0980e-02,-0.0529687,1.25e-06
1.0990e-02,-0.0370313,-0.000535938
1.1000e-02,-0.0421875,-0.000349375
1.1010e-02,-0.0375,-0.00035
1.1020e-02,-0.0342187,-0.000805938
1.1030e-02,-0.0492188,-7.21875e-05
1.1040e-02,-0.0420312,-0.000540938
1.1050e-02,-0.0498438,0.00027375
1.1060e-02,-0.0396875,-0.000208438
1.1070e-02,-0.036875,0.000602813
1.1080e-02,-0.0359375,-8.59375e-05
1.1090e-02,-0.0421875,0.000126875
1.1100e-02,-0.04875,0.000245938
1.1110e-02,-0.0484375,-7.5e-05
1.1120e-02,-0.04,0.000128437
1.1130e-02,-0.0604688,-0.000566875
1.1140e-02,-0.060625,-3.875e-05
1.1150e-02,-0.0414063,-0.000145625
1.1160e-02,-0.0535937,0.00017875
1.1170e-02,-0.0407813,-0.000259063
1.1180e-02,-0.0517188,-0.0002225
1.1190e-02,-0.0485938,-0.00036375
1.1200e-02,-0.0453125,-0.000284688
1.1210e-02,-0.05125,0.000660625
1.1220e-02,-0.0451563,0.000625625
1.1230e-02,-0.038125,0.0002
1.1240e-02,-0.0392187,5.4375e-05
1.1250e-02,-0.0482812,-0.000755313
1.1260e-02,-0.0489062,-0.00047375
1.1270e-02,-0.0379688,-0.000555938
1.1280e-02,-0.0432813,-0.000242188
1.1290e-02,-0.036875,-0.000644375
1.1300e-02,-0.043125,-0.000419375
1.1310e-02,-0.0423437,-9.71875e-05
1.1320e-02,-0.0434375,-2.03125e-05
1.1330e-02,-0.0340625,-0.000145313
1.1340e-02,-0.0485938,-0.0002725
1.1350e-02,-0.0454688,0.000289375
1.1360e-02,-0.0539063,-0.00024125
1.1370e-02,-0.0498438,0.000279688
1.1380e-02,-0.0475,0.000256563
1.1390e-02,-0.04125,-0.000348125
1.1400e-02,-0.0525,0.000389688
1.1410e-02,-0.0382813,-0.000124688
1.1420e-02,-0.0517188,0.000102188
1.1430e-02,-0.0475,0.00026
1.1440e-02,-0.0542187,-0.000221563
1.1450e-02,-0.0454688,-0.000206875
1.1460e-02,-0.0407813,-0.000656563
1.1470e-02,-0.0426562,-0.00010125
1.1480e-02,-0.0407813,-8.53125e-05
1.1490e-02,-0.0489062,0.00041875
1.1500e-02,-0.045,-0.000474375
1.1510e-02,-0.046875,-0.000315625
1.1520e-02,-0.055625,0.000192188
1.1530e-02,-0.04125,-0.000166563
1.1540e-02,-0.0645312,0.000331563
1.1550e-02,-0.044375,0.000414688
1.1560e-02,-0.0507812,4.03125e-05
1.1570e-02,-0.0490625,3.9375e-05
1.1580e-02,-0.05125,0.000165
1.1590e-02,-0.0546875,0.000500312
1.1600e-02,-0.0485938,-0.000270625
1.1610e-02,-0.0390625,-3.34375e-05
1.1620e-02,-0.0348437,8.28125e-05
1.1630e-02,-0.0382813,6.125e-05
1.1640e-02,-0.0504687,-0.000416563
1.1650e-02,-0.0451563,-0.000491563
1.1660e-02,-0.0376563,-4.875e-05
1.1670e-02,-0.048125,-0.000176875
1.1680e-02,-0.0471875,-0.000100625
1.1690e-02,-0.0501562,-0.000877188
1.1700e-02,-0.045625,-0.00028125
1.1710e-02,-0.0389063,6.4375e-05
1.1720e-02,-0.0492188,1.53125e-05
1.1730e-02,-0.0439063,-0.000185938
1.1740e-02,-0.050625,0.0002325
1.1750e-02,-0.0440625,0.000372188
1.1760e-02,-0.0410937,0.000314063
1.1770e-02,-0.0403125,6.59375e-05
1.1780e-02,-0.0475,0.000185625
1.1790e-02,-0.0429688,8.5e-05
1.1800e-02,-0.045,0.000561562
1.1810e-02,-0.0514063,0.000148438
1.1820e-02,-0.0432813,-4.34375e-05
1.1830e-02,-0.0526563,-0.000300625
1.1840e-02,-0.0409375,-0.00083875
1.1850e-02,-0.056875,-0.000720313
1.1860e-02,-0.0529687,-0.000435313
1.1870e-02,-0.0475,-0.00054375
1.1880e-02,-0.040625,-0.000310625
1.1890e-02,-0.0564063,0.000110938
1.1900e-02,-0.0457813,-5.3125e-05
1.1910e-02,-0.0573437,0.00055
1.1920e-02,-0.0529687,0.000263125
1.1930e-02,-0.048125,0.00021625
1.1940e-02,-0.0514063,0.000196563
1.1950e-02,-0.0535937,0.000299688
1.1960e-02,-0.0507812,-4.8125e-05
1.1970e-02,-0.0609375,-0.000544688
1.1980e-02,-0.0504687,-0.000125
1.1990e-02,-0.0428125,0.000404063
1.2000e-02,-0.0460938,-0.000225
1.2010e-02,-0.0442188,-0.00096
1.2020e-02,-0.0453125,0.000292813
1.2030e-02,-0.0471875,-5.34375e-05
1.2040e-02,-0.0498438,-0.000943438
1.2050e-02,-0.0571875,-0.000110938
1.2060e-02,-0.0601562,-0.000372188
1.2070e-02,-0.0439063,-0.000149063
1.2080e-02,-0.0460938,0.000455625
1.2090e-02,-0.0470312,1.71875e-05
1.2100e-02,-0.0439063,-6.625e-05
1.2110e-02,-0.0471875,4.53125e-05
1.2120e-02,-0.046875,0.000164688
1.2130e-02,-0.0514063,0.000668438
1.2140e-02,-0.0523437,-0.000324063
1.2150e-02,-0.0510938,-0.00013625
1.2160e-02,-0.0484375,-0.000414688
1.2170e-02,-0.0440625,-0.00072375
1.2180e-02,-0.0475,-0.000537813
1.2190e-02,-0.0517188,-0.000506875
1.2200e-02,-0.0401563,-0.000167188
1.2210e-02,-0.0428125,-0.000514688
1.2220e-02,-0.0503125,-0.00062125
1.2230e-02,-0.0496875,-0.000264063
1.2240e-02,-0.0426562,-0.000254688
1.2250e-02,-0.0470312,1.34375e-05
1.2260e-02,-0.0460938,0.0004625
1.2270e-02,-0.0445313,0.000919375
1.2280e-02,-0.0523437,0.000514063
1.2290e-02,-0.0453125,0.000122813
1.2300e-02,-0.0521875,-0.000271875
1.2310e-02,-0.054375,-0.000224063
1.2320e-02,-0.0501562,-0.000211875
1.2330e-02,-0.0396875,-0.000423125
1.2340e-02,-0.0610938,0.000579688
1.2350e-02,-0.0526563,-0.000422188
1.2360e-02,-0.04875,-0.0003475
1.2370e-02,-0.0509375,-0.000602188
1.2380e-02,-0.0365625,4.375e-06
1.2390e-02,-0.0364063,0.000139062
1.2400e-02,-0.0490625,0.000665625
1.2410e-02,-0.0573437,0.000660938
1.2420e-02,-0.0395313,0.0006375
1.2430e-02,-0.0484375,0.000470938
1.2440e-02,-0.0476562,0.000515625
1.2450e-02,-0.0435938,0.000380625
1.2460e-02,-0.044375,0.000645625
1.2470e-02,-0.045625,0.000382188
1.2480e-02,0.0473438,-0.00166469
1.2490e-02,-0.439375,-0.00508406
1.2500e-02,1.0275,-0.00706063
1.2510e-02,-0.377344,-0.00862719
1.2520e-02,-0.498125,-0.00849125
1.2530e-02,0.100312,-0.00827375
1.2540e-02,0.10875,-0.008425
1.2550e-02,0.09125,-0.00842938
1.2560e-02,0.0753125,-0.00834688
1.2570e-02,0.0575,-0.00827281
1.2580e-02,0.0546875,-0.00839625
1.2590e-02,0.0604688,-0.0083975
1.2600e-02,0.0354688,-0.00838969
1.2610e-02,0.0409375,-0.0082525
1.2620e-02,0.056875,-0.00827562
1.2630e-02,0.033125,-0.00811188
1.2640e-02,0.035,-0.008295
1.2650e-02,0.0220312,-0.0083025
1.2660e-02,0.0220312,-0.0081475
1.2670e-02,0.0295312,-0.00807938
1.2680e-02,0.0196875,-0.00796469
1.2690e-02,0.00953125,-0.00803531
1.2700e-02,0.0278125,-0.00802719
1.2710e-02,0.01,-0.00804281
1.2720e-02,0.01625,-0.00798531
1.2730e-02,0.0159375,-0.00666531
1.2740e-02,0.0173438,-0.000645
1.2750e-02,0.0135937,0.00243344
1.2760e-02,0.0025,0.0010125
1.2770e-02,0.0040625,-0.00231906
1.2780e-02,0.00484375,-0.00422375
1.2790e-02,0.00375,-0.00250781
1.2800e-02,-0.00234375,0.000645625
1.2810e-02,-0.0065625,0.00302688
1.2820e-02,-0.0103125,0.0020775
1.2830e-02,0.00125,-0.00030375
1.2840e-02,0.0121875,-0.00285656
1.2850e-02,0.0078125,-0.0024625
1.2860e-02,0.00734375,-0.00069625
1.2870e-02,-0.00140625,0.00182563
1.2880e-02,-0.00703125,0.00209281
1.2890e-02,-0.0040625,0.0001975
1.2900e-02,0.00953125,-0.00244875
1.2910e-02,0.021875,-0.00224094
1.2920e-02,-0.001875,-0.00137313
1.2930e-02,0.0178125,0.00068375
1.2940e-02,-0.0040625,0.00210031
1.2950e-02,-0.0025,0.00126625
1.2960e-02,-0.00453125,-0.0005175
1.2970e-02,-0.0053125,-0.0016225
1.2980e-02,0.00140625,-0.0009
1.2990e-02,-0.00640625,-0.000239688
1.3000e-02,-0.0192187,0.00164969
1.3010e-02,-0.0009375,0.00161813
1.3020e-02,-0.0160938,0.000103125
1.3030e-02,0.008125,-0.000937813
1.3040e-02,-0.0215625,-0.00112094
1.3050e-02,-0.0142188,-0.000581875
1.3060e-02,-0.00515625,0.00082375
1.3070e-02,-0.00421875,0.00071375
1.3080e-02,-0.0009375,0.000126875
1.3090e-02,-0.00640625,-0.00144594
1.3100e-02,-0.0053125,-0.00106437
1.3110e-02,-0.00671875,-0.00136438
1.3120e-02,0.0015625,-0.00073
1.3130e-02,-0.0128125,0.0003325
1.3140e-02,-0.0101563,-6.125e-05
1.3150e-02,-0.0129688,-0.000156875
1.3160e-02,-0.0132813,-0.0004425
1.3170e-02,-0.0120313,-0.00047
1.3180e-02,-0.0142188,8.90625e-05
1.3190e-02,-0.0140625,0.000856875
1.3200e-02,-0.0101563,0.00042375
1.3210e-02,-0.00953125,0.000460313
1.3220e-02,-0.00578125,-0.000513438
1.3230e-02,-0.0159375,-0.000711875
1.3240e-02,-0.00515625,-0.000649375
1.3250e-02,-0.00109375,6.75e-05
1.3260e-02,-0.0153125,0.00017375
1.3270e-02,-0.00578125,0.000252188
1.3280e-02,-0.0179687,0.000437188
1.3290e-02,-0.0226562,3.25e-05
1.3300e-02,-0.00890625,-0.000242188
1.3310e-02,-0.0115625,-4.9375e-05
1.3320e-02,-0.0215625,0.000382188
1.3330e-02,-0.0192187,0.000740938
1.3340e-02,-0.0134375,0.000667188
1.3350e-02,-0.00828125,0.000533125
1.3360e-02,-0.0175,0.000159375
1.3370e-02,-0.0107813,8.40625e-05
1.3380e-02,-0.0125,-0.000402188
1.3390e-02,-0.0096875,-1.46875e-05
1.3400e-02,-0.02125,0.000155313
1.3410e-02,-0.009375,9.09375e-05
1.3420e-02,-0.01875,-0.0003275
1.3430e-02,-0.0164063,-0.000464063
1.3440e-02,-0.00875,-0.000563125
1.3450e-02,-0.0182812,-0.00024375
1.3460e-02,-0.0103125,0.000459688
1.3470e-02,-0.00875,9.6875e-06
1.3480e-02,-0.00859375,-2.6875e-05
1.3490e-02,-0.0179687,-0.000570625
1.3500e-02,-0.0128125,-0.00051625
1.3510e-02,-0.0248438,0.0001375
1.3520e-02,-0.0229687,7.59375e-05
1.3530e-02,-0.018125,8.03125e-05
1.3540e-02,-0.0071875,3.625e-05
1.3550e-02,0.003125,-0.000181563
1.3560e-02,-0.023125,-0.000131875
1.3570e-02,-0.0221875,-0.000674063
1.3580e-02,-0.0084375,-0.000245
1.3590e-02,-0.0285938,6.6875e-05
1.3600e-02,-0.0120313,0.000296563
1.3610e-02,-0.01375,0.000460625
1.3620e-02,-0.0223437,0.000265625
1.3630e-02,-0.0267187,-0.000428125
1.3640e-02,-0.0173438,-0.000395313
1.3650e-02,-0.02125,-0.000228438
1.3660e-02,-0.00796875,0.0001075
1.3670e-02,-0.0107813,0.000634063
1.3680e-02,-0.0171875,0.000225
1.3690e-02,-0.026875,0.000102813
1.3700e-02,-0.01875,0.00012125
1.3710e-02,-0.0175,0.000101563
1.3720e-02,-0.0189062,7.59375e-05
1.3730e-02,-0.0195312,-4.96875e-05
1.3740e-02,-0.018125,0.00049375
1.3750e-02,-0.0167188,-0.00028
1.3760e-02,-0.0145312,-7.28125e-05
1.3770e-02,-0.0171875,-0.000324375
1.3780e-02,-0.0173438,-0.000424688
1.3790e-02,-0.0135937,-1.40625e-05
1.3800e-02,-0.0284375,9.21875e-05
1.3810e-02,-0.01625,0.000553125
1.3820e-02,-0.00734375,0.00043625
1.3830e-02,-0.025,-0.0002725
1.3840e-02,-0.0235938,-0.000211563
1.3850e-02,-0.0185937,-0.000873125
1.3860e-02,-0.0248438,-5.9375e-06
1.3870e-02,-0.0279688,0.000597188
1.3880e-02,-0.0320312,0.000185
1.3890e-02,-0.02125,-0.000435938
1.3900e-02,-0.0160938,-0.000704375
1.3910e-02,-0.024375,0.000268438
1.3920e-02,-0.0154687,0.00038375
1.3930e-02,-0.0248438,0.000315
1.3940e-02,-0.0196875,0.000778438
1.3950e-02,-0.0264062,0.0004925
1.3960e-02,-0.021875,5.1875e-05
1.3970e-02,-0.02125,-0.000487813
1.3980e-02,-0.0248438,-0.000710625
1.3990e-02,-0.0295313,0.000289688
1.4000e-02,-0.0278125,0.000268125
1.4010e-02,-0.0239063,0.000655
1.4020e-02,-0.0121875,5.875e-05
1.4030e-02,-0.0307813,0.000173438
1.4040e-02,-0.0228125,0.0002275
1.4050e-02,-0.0295313,0.000339063
1.4060e-02,-0.0335937,-0.000335625
1.4070e-02,-0.0296875,6.75e-05
1.4080e-02,-0.0292188,0.000255313
1.4090e-02,-0.0209375,-0.000660313
1.4100e-02,-0.0214063,-0.000128437
1.4110e-02,-0.033125,-0.000425
1.4120e-02,-0.031875,0.000215313
1.4130e-02,-0.0257812,0.000730313
1.4140e-02,-0.03,0.000541875
1.4150e-02,-0.0253125,7.21875e-05
1.4160e-02,-0.0334375,0.000186563
1.4170e-02,-0.0284375,-0.000365625
1.4180e-02,-0.025625,0.000643438
1.4190e-02,-0.0401563,1.375e-05
1.4200e-02,-0.0239063,-0.000103125
1.4210e-02,-0.0275,4.65625e-05
1.4220e-02,-0.0248438,-0.00034875
1.4230e-02,-0.0270312,-4.5e-05
1.4240e-02,-0.0310937,-4.71875e-05
1.4250e-02,-0.0270312,0.000276563
1.4260e-02,-0.0317188,2.78125e-05
1.4270e-02,-0.0214063,0.000387188
1.4280e-02,-0.0160938,0.000296875
1.4290e-02,-0.0414063,-7.71875e-05
1.4300e-02,-0.0323438,-5.6875e-05
1.4310e-02,-0.0332812,-0.000155313
1.4320e-02,-0.0370313,-2.78125e-05
1.4330e-02,-0.02625,-0.000349688
1.4340e-02,-0.02375,0.0002425
1.4350e-02,-0.0326562,-0.000335313
1.4360e-02,-0.0289063,9e-05
1.4370e-02,-0.0309375,0.000310625
1.4380e-02,-0.0284375,-0.0001575
1.4390e-02,-0.0240625,0.000302813
1.4400e-02,-0.0321875,0.000812813
1.4410e-02,-0.0242188,-0.000206875
1.4420e-02,-0.0254688,-0.000375313
1.4430e-02,-0.0234375,4.03125e-05
1.4440e-02,-0.0278125,-0.000109063
1.4450e-02,-0.039375,-0.000369063
1.4460e-02,-0.0334375,0.000234063
1.4470e-02,-0.0323438,-0.000132813
1.4480e-02,-0.0364063,-0.000356875
1.4490e-02,-0.0171875,9.0625e-05
1.4500e-02,-0.0265625,0.00011875
1.4510e-02,-0.0253125,0.000616875
1.4520e-02,-0.0342187,0.000910625
1.4530e-02,-0.029375,0.000539688
1.4540e-02,-0.020625,7.4375e-05
1.4550e-02,-0.0429688,-0.000148438
1.4560e-02,-0.0360938,0.000143438
1.4570e-02,-0.0345312,-0.000311563
1.4580e-02,-0.0370313,2e-05
1.4590e-02,-0.0398437,-0.00029375
1.4600e-02,-0.033125,-0.000284063
1.4610e-02,-0.0239063,-4.8125e-05
1.4620e-02,-0.0335937,-0.0003025
1.4630e-02,-0.0279688,0.000375
1.4640e-02,-0.024375,0.000373438
1.4650e-02,-0.0359375,0.0005825
1.4660e-02,-0.0257812,0.000344688
1.4670e-02,-0.041875,-6.4375e-05
1.4680e-02,-0.0215625,4.0625e-06
1.4690e-02,-0.039375,-7.625e-05
1.4700e-02,-0.0279688,0.000347188
1.4710e-02,-0.019375,0.0004975
1.4720e-02,-0.0264062,0.000195313
1.4730e-02,-0.0234375,0.000282188
1.4740e-02,-0.0353125,0.000612813
1.4750e-02,-0.0332812,0.000665625
1.4760e-02,-0.0370313,0.00034
1.4770e-02,-0.0332812,0.000457813
1.4780e-02,-0.0304688,0.000588438
1.4790e-02,-0.0454688,-8.375e-05
1.4800e-02,-0.0271875,0.000394063
1.4810e-02,-0.0376563,-0.000533438
1.4820e-02,-0.0278125,0.000441875
1.4830e-02,-0.0342187,0.000116563
1.4840e-02,-0.033125,-9.03125e-05
1.4850e-02,-0.0226562,-1.8125e-05
1.4860e-02,-0.0254688,0.000516875
1.4870e-02,-0.0229687,-0.000183125
1.4880e-02,-0.0367188,0.000202188
1.4890e-02,-0.0389063,0.000465313
1.4900e-02,-0.0340625,0.000592188
1.4910e-02,-0.0375,0.000729375
1.4920e-02,-0.0310937,0.000581875
1.4930e-02,-0.0292188,-0.000349688
1.4940e-02,-0.0282813,-0.000318125
1.4950e-02,-0.0332812,-0.000669063
1.4960e-02,-0.030625,0.000796875
1.4970e-02,-0.0421875,0.000337813
1.4980e-02,-0.0289063,-7.5625e-05
1.4990e-02,-0.0284375,2.46875e-05
1.5000e-02,-0.033125,-0.000697188
1.5010e-02,-0.0339062,-0.00043
1.5020e-02,-0.0323438,-1.84375e-05
1.5030e-02,-0.036875,0.000140313
1.5040e-02,-0.0332812,0.000543125
1.5050e-02,-0.0373438,0.00011875
1.5060e-02,-0.0253125,-0.00041875
1.5070e-02,-0.0310937,-5.46875e-05
1.5080e-02,-0.0282813,3.03125e-05
1.5090e-02,-0.0389063,0.0008575
1.5100e-02,-0.0434375,6.1875e-05
1.5110e-02,-0.03375,-0.000199688
1.5120e-02,-0.0376563,-1.34375e-05
1.5130e-02,-0.0446875,-0.000750313
1.5140e-02,-0.0342187,-0.000500938
1.5150e-02,-0.0459375,-5.1875e-05
1.5160e-02,-0.025625,-0.000265313
1.5170e-02,-0.0278125,0.000365
1.5180e-02,-0.034375,0.0001975
1.5190e-02,-0.0373438,8.53125e-05
1.5200e-02,-0.0334375,-0.000539063
1.5210e-02,-0.0298438,-0.000231563
1.5220e-02,-0.0270312,-0.000119375
1.5230e-02,-0.0273438,0.000115313
1.5240e-02,-0.0315625,0.000256875
1.5250e-02,-0.0276563,0.000383438
1.5260e-02,-0.0290625,0.00046
1.5270e-02,-0.0326562,-0.000165625
1.5280e-02,-0.0317188,0.000645313
1.5290e-02,-0.04,0.000770313
1.5300e-02,-0.0284375,-7e-05
1.5310e-02,-0.0342187,-6.625e-05
1.5320e-02,-0.0282813,-0.000669063
1.5330e-02,-0.0351562,-0.0004875
1.5340e-02,-0.030625,-0.000396875
1.5350e-02,-0.028125,0.000850938
1.5360e-02,-0.0307813,0.00102281
1.5370e-02,-0.035625,0.000967813
1.5380e-02,-0.0357813,-0.000246563
1.5390e-02,-0.03625,-0.000790625
1.5400e-02,-0.036875,-0.000555313
1.5410e-02,-0.0314062,9.34375e-05
1.5420e-02,-0.044375,-0.00012875
1.5430e-02,-0.03375,0.000130938
1.5440e-02,-0.0317188,0.000473438
1.5450e-02,-0.0396875,-4.3125e-05
1.5460e-02,-0.03,-0.00100375
1.5470e-02,-0.0359375,-0.000429063
1.5480e-02,-0.0484375,0.000150625
1.5490e-02,-0.02875,-0.000132813
1.5500e-02,-0.02125,0.000110313
1.5510e-02,-0.0464062,-8.15625e-05
1.5520e-02,-0.03375,-0.000268125
1.5530e-02,-0.03,2.25e-05
1.5540e-02,-0.0329688,-0.000620313
1.5550e-02,-0.0246875,6.1875e-05
1.5560e-02,-0.0275,0.000300625
1.5570e-02,-0.0373438,-0.000141875
1.5580e-02,-0.0375,-0.000329688
1.5590e-02,-0.0396875,-9.53125e-05
1.5600e-02,-0.040625,-0.000165938
1.5610e-02,-0.0360938,-0.00016125
1.5620e-02,-0.0423437,0.000162813
1.5630e-02,-0.0346875,0.000709375
1.5640e-02,-0.0392187,0.0001625
1.5650e-02,-0.0367188,6.78125e-05
1.5660e-02,-0.0453125,-0.00083875
1.5670e-02,-0.035625,-0.000349688
1.5680e-02,-0.0423437,-0.000431875
1.5690e-02,-0.0389063,0.0006225
1.5700e-02,-0.0351562,0.00010125
1.5710e-02,-0.0460938,0.000189375
1.5720e-02,-0.0504687,-0.000170625
1.5730e-02,-0.0420312,-9.6875e-05
1.5740e-02,-0.0360938,5.9375e-06
1.5750e-02,-0.0476562,0.000425625
1.5760e-02,-0.0335937,8.15625e-05
1.5770e-02,-0.05,-7.1875e-05
1.5780e-02,-0.0496875,9.84375e-05
1.5790e-02,-0.0329688,-0.000606875
1.5800e-02,-0.03375,-0.00100688
1.5810e-02,-0.0392187,-0.00051625
1.5820e-02,-0.0403125,0.000167188
1.5830e-02,-0.0326562,0.000335
1.5840e-02,-0.0290625,-0.0005875
1.5850e-02,-0.0332812,-0.000434375
1.5860e-02,-0.034375,-0.000810313
1.5870e-02,-0.0304688,-0.000350625
1.5880e-02,-0.0357813,0.000205313
1.5890e-02,-0.0459375,6.21875e-05
1.5900e-02,-0.0453125,0.000454063
1.5910e-02,-0.0296875,-0.000295313
1.5920e-02,-0.0328125,-0.000883438
1.5930e-02,-0.04125,-0.00068625
1.5940e-02,-0.035625,0.000365
1.5950e-02,-0.0317188,0.00114125
1.5960e-02,-0.0284375,0.000888125
1.5970e-02,-0.0320312,6.90625e-05
1.5980e-02,-0.0525,-0.000201563
1.5990e-02,-0.040625,-0.000894375
1.6000e-02,-0.034375,-0.000526875
1.6010e-02,-0.0434375,-0.000156875
1.6020e-02,-0.0332812,0.000484063
1.6030e-02,-0.0285938,0.00051625
1.6040e-02,-0.0417187,-0.000231563
1.6050e-02,-0.0392187,-0.00122125
1.6060e-02,-0.0414063,-0.00133313
1.6070e-02,-0.0354688,-7.21875e-05
1.6080e-02,-0.04,0.00115563
1.6090e-02,-0.030625,0.00188531
1.6100e-02,-0.0323438,0.00012875
1.6110e-02,-0.0451563,-0.00117875
1.6120e-02,-0.0509375,-0.00114437
1.6130e-02,-0.025,-0.000812188
1.6140e-02,-0.0389063,0.000644063
1.6150e-02,-0.0273438,0.00141594
1.6160e-02,-0.0396875,0.000904063
1.6170e-02,-0.0440625,-0.000631875
1.6180e-02,-0.0332812,-0.00132344
1.6190e-02,-0.038125,-0.00177438
1.6200e-02,-0.0464062,-6.84375e-05
1.6210e-02,-0.03125,0.00105125
1.6220e-02,-0.040625,0.00145938
1.6230e-02,-0.0342187,-0.000858125
1.6240e-02,-0.039375,-0.0022025
1.6250e-02,-0.0426562,-0.00228906
1.6260e-02,-0.051875,-0.000365938
1.6270e-02,-0.029375,0.00179063
1.6280e-02,-0.0370313,0.00232344
1.6290e-02,-0.0448438,0.00118625
1.6300e-02,-0.031875,-0.00141563
1.6310e-02,-0.0345312,-0.00234563
1.6320e-02,-0.0425,-0.00110469
1.6330e-02,-0.0390625,0.000954063
1.6340e-02,-0.0317188,0.00310375
1.6350e-02,-0.0348437,0.0027075
1.6360e-02,-0.0457813,-0.0002925
1.6370e-02,-0.041875,-0.00311594
1.6380e-02,-0.0310937,-0.00366656
1.6390e-02,-0.0348437,-0.00102719
1.6400e-02,-0.0271875,0.00200719
1.6410e-02,-0.0339062,0.00363063
1.6420e-02,-0.04125,0.00165438
1.6430e-02,-0.0371875,-0.00166
1.6440e-02,-0.0439063,-0.00396625
1.6450e-02,-0.0410937,-0.00319094
1.6460e-02,-0.0407813,0.000565938
1.6470e-02,-0.0371875,0.00401594
1.6480e-02,-0.0460938,0.00368719
1.6490e-02,-0.036875,0.00118438
1.6500e-02,-0.0403125,-0.00275219
1.6510e-02,-0.0409375,-0.00439125
1.6520e-02,-0.034375,-0.00212656
1.6530e-02,-0.0471875,0.00137531
1.6540e-02,-0.043125,0.00372188
1.6550e-02,-0.0534375,0.00272406
1.6560e-02,-0.03375,-0.001145
1.6570e-02,-0.039375,-0.00401938
1.6580e-02,-0.0454688,-0.00318875
1.6590e-02,-0.0403125,-0.000469688
1.6600e-02,-0.0346875,0.00269031
1.6610e-02,-0.0426562,0.00381219
1.6620e-02,-0.0428125,0.00122094
1.6630e-02,-0.0267187,-0.00155719
1.6640e-02,-0.046875,-0.00326094
1.6650e-02,-0.0453125,-0.00202313
1.6660e-02,-0.0376563,0.000776563
1.6670e-02,-0.0396875,0.00256063
1.6680e-02,-0.034375,0.00232094
1.6690e-02,-0.0382813,0.000598438
1.6700e-02,-0.0426562,-0.00183406
1.6710e-02,-0.0476562,-0.002395
1.6720e-02,-0.0379688,-0.000824688
1.6730e-02,-0.0440625,0.00191094
1.6740e-02,-0.0404687,0.00188469
1.6750e-02,-0.0471875,0.000926563
1.6760e-02,-0.0510938,-0.000925938
1.6770e-02,-0.0478125,-0.00194094
1.6780e-02,-0.0451563,-0.00120156
1.6790e-02,-0.0420312,0.000925625
1.6800e-02,-0.0445313,0.00211719
1.6810e-02,-0.04,0.00136125
1.6820e-02,-0.0346875,-0.000149687
1.6830e-02,-0.040625,-0.00134656
1.6840e-02,-0.046875,-0.0018875
1.6850e-02,-0.0457813,-0.000630938
1.6860e-02,-0.0360938,0.00168938
1.6870e-02,-0.0346875,0.00145594
1.6880e-02,-0.0382813,0.000405625
1.6890e-02,-0.05125,-0.000618125
1.6900e-02,-0.0285938,-0.000835625
1.6910e-02,-0.0446875,-0.000885313
1.6920e-02,-0.0401563,0.000759375
1.6930e-02,-0.0435938,0.000461875
1.6940e-02,-0.0285938,0.000595625
1.6950e-02,-0.0432813,-0.000174688
1.6960e-02,-0.0417187,-0.00142469
1.6970e-02,-0.0503125,-0.00105594
1.6980e-02,-0.0429688,-0.000114688
1.6990e-02,-0.0484375,0.0009125
1.7000e-02,-0.055,0.000645938
1.7010e-02,-0.0446875,0.00027
1.7020e-02,-0.0376563,-0.0006
1.7030e-02,-0.0417187,-0.00138844
1.7040e-02,-0.041875,-0.000258438
1.7050e-02,-0.0395313,0.000325
1.7060e-02,-0.0342187,0.0007
1.7070e-02,-0.0409375,0.00138594
1.7080e-02,-0.0440625,0.00019375
1.7090e-02,-0.03625,-0.000525
1.7100e-02,-0.043125,-0.000757188
1.7110e-02,-0.046875,5.3125e-06
1.7120e-02,-0.0340625,0.00080375
1.7130e-02,-0.0335937,0.000809688
1.7140e-02,-0.036875,0.0005975
1.7150e-02,-0.046875,0.00015125
1.7160e-02,-0.0359375,1.5625e-06
1.7170e-02,-0.0364063,-0.000581875
1.7180e-02,-0.0571875,0.000606875
1.7190e-02,-0.0490625,0.000684375
1.7200e-02,-0.0442188,0.00076125
1.7210e-02,-0.0428125,-1.4375e-05
1.7220e-02,-0.0353125,-0.000839688
1.7230e-02,-0.040625,-0.00033125
1.7240e-02,-0.041875,0.000491875
1.7250e-02,-0.0339062,0.000985625
1.7260e-02,-0.0478125,6.03125e-05
1.7270e-02,-0.0334375,9.1875e-05
1.7280e-02,-0.0378125,-0.0002525
1.7290e-02,-0.0353125,-0.000790938
1.7300e-02,-0.0410937,-0.0005525
1.7310e-02,-0.0401563,-0.000121875
1.7320e-02,-0.0492188,-1e-05
1.7330e-02,-0.0246875,0.000820313
1.7340e-02,-0.0409375,0.000359688
1.7350e-02,-0.0346875,-0.000605625
1.7360e-02,-0.0434375,2.59375e-05
1.7370e-02,-0.0384375,-0.000105313
1.7380e-02,-0.0457813,-0.000266563
1.7390e-02,-0.0345312,0.000144063
1.7400e-02,-0.0523437,5.0625e-05
1.7410e-02,-0.039375,0.00061125
1.7420e-02,-0.0371875,-0.00116031
1.7430e-02,-0.0484375,-0.0004575
1.7440e-02,-0.0348437,7.8125e-05
1.7450e-02,-0.0514063,0.000357188
1.7460e-02,-0.0448438,0.000228125
1.7470e-02,-0.0485938,-0.000365938
1.7480e-02,-0.033125,-0.00029125
1.7490e-02,-0.0339062,-5.5e-05
1.7500e-02,-0.0490625,-0.000499375
1.7510e-02,-0.0446875,-0.000185625
1.7520e-02,-0.0410937,-0.000255313
1.7530e-02,-0.0492188,-0.000199688
1.7540e-02,-0.0434375,0.000727188
1.7550e-02,-0.04,-0.000136563
1.7560e-02,-0.0439063,0.000343438
1.7570e-02,-0.0371875,-0.000277813
1.7580e-02,-0.0425,3.5625e-05
1.7590e-02,-0.0503125,0.000583438
1.7600e-02,-0.0421875,0.000524063
1.7610e-02,-0.0404687,3.65625e-05
1.7620e-02,-0.0379688,-0.000244063
1.7630e-02,-0.0285938,-0.000400313
1.7640e-02,-0.0520313,0.000222813
1.7650e-02,-0.0376563,-0.0001025
1.7660e-02,-0.063125,0.000290938
1.7670e-02,-0.05,8.875e-05
1.7680e-02,-0.040625,3.75e-05
1.7690e-02,-0.0435938,-0.000599375
1.7700e-02,-0.0442188,-0.000295625
1.7710e-02,-0.0348437,-0.000101875
1.7720e-02,-0.0432813,-0.000138438
1.7730e-02,-0.0510938,-0.000118125
1.7740e-02,-0.0379688,-0.000556563
1.7750e-02,-0.0575,0.000438438
1.7760e-02,-0.0425,-0.000392813
1.7770e-02,-0.0429688,-0.00053375
1.7780e-02,-0.0421875,0.000174063
1.7790e-02,-0.0375,0.000442813
1.7800e-02,-0.040625,0.00045375
1.7810e-02,-0.0390625,2.0625e-05
1.7820e-02,-0.0517188,0.00016375
1.7830e-02,-0.0390625,-0.00087375
1.7840e-02,-0.0389063,-0.000167188
1.7850e-02,-0.044375,-0.0002525
1.7860e-02,-0.0553125,-2.78125e-05
1.7870e-02,-0.0479688,-1.4375e-05
1.7880e-02,-0.0439063,-0.000535625
1.7890e-02,-0.0471875,-0.00063375
1.7900e-02,-0.0440625,-0.000235625
1.7910e-02,-0.048125,-7.4375e-05
1.7920e-02,-0.0445313,0.000265938
1.7930e-02,-0.043125,6.125e-05
1.7940e-02,-0.0395313,2.5625e-05
1.7950e-02,-0.0492188,0.000272188
1.7960e-02,-0.040625,0.000258438
1.7970e-02,-0.0432813,0.000281875
1.7980e-02,-0.0364063,0.000342813
1.7990e-02,-0.0335937,0.000163125
1.8000e-02,-0.0507812,-0.000189688
1.8010e-02,-0.0375,5.28125e-05
1.8020e-02,-0.048125,0.00043
1.8030e-02,-0.0365625,0.000524375
1.8040e-02,-0.0359375,0.000476875
1.8050e-02,-0.0398437,0.000111875
1.8060e-02,-0.0440625,-0.000680625
1.8070e-02,-0.0451563,-3.125e-05
1.8080e-02,-0.045625,-0.000611563
1.8090e-02,-0.0378125,0.000190313
1.8100e-02,-0.0471875,3.125e-05
1.8110e-02,-0.0440625,-0.000155625
1.8120e-02,-0.050625,-0.00056125
1.8130e-02,-0.0564063,-0.000416875
1.8140e-02,-0.0490625,-0.000355625
1.8150e-02,-0.048125,-0.000169375
1.8160e-02,-0.045,0.000270313
1.8170e-02,-0.0417187,0.000585313
1.8180e-02,-0.04875,-2.375e-05
1.8190e-02,-0.0435938,-7.375e-05
1.8200e-02,-0.0439063,9.75e-05
1.8210e-02,-0.0534375,-0.000169063
1.8220e-02,-0.0521875,-1.25e-06
1.8230e-02,-0.0265625,-4e-05
1.8240e-02,-0.0382813,0.00017625
1.8250e-02,-0.0478125,-0.000581875
1.8260e-02,-0.030625,0.000158125
1.8270e-02,-0.045,-0.000330625
1.8280e-02,-0.0510938,-0.000237813
1.8290e-02,-0.036875,-7.8125e-06
1.8300e-02,-0.0465625,-0.000289375
1.8310e-02,-0.0554687,-5.03125e-05
1.8320e-02,-0.0389063,0.00062625
1.8330e-02,-0.044375,-0.000384063
1.8340e-02,-0.0342187,4.5e-05
1.8350e-02,-0.0429688,0.000425313
1.8360e-02,-0.0364063,5.53125e-05
1.8370e-02,-0.0346875,0.000580938
1.8380e-02,-0.0564063,-0.00011375
1.8390e-02,-0.0490625,-2.5e-06
1.8400e-02,-0.0346875,-0.000110625
1.8410e-02,-0.0473438,-4.375e-06
1.8420e-02,-0.0448438,-0.000373125
1.8430e-02,-0.0460938,0.0005675
1.8440e-02,-0.045625,-0.0002025
1.8450e-02,-0.0473438,-3.84375e-05
1.8460e-02,-0.0434375,3.09375e-05
1.8470e-02,-0.0332812,-0.000255313
1.8480e-02,-0.04375,-0.000405625
1.8490e-02,-0.0423437,-0.000382813
1.8500e-02,-0.041875,0.000127813
1.8510e-02,-0.040625,-0.000198125
1.8520e-02,-0.0460938,-0.000379688
1.8530e-02,-0.036875,6.3125e-05
1.8540e-02,-0.0435938,-0.000273438
1.8550e-02,-0.0373438,-0.000153125
1.8560e-02,-0.049375,0.000535313
1.8570e-02,-0.0578125,-0.00017625
1.8580e-02,-0.045,-0.000115938
1.8590e-02,-0.04125,0.0003775
1.8600e-02,-0.0323438,-0.000390625
1.8610e-02,-0.0425,-0.000775313
1.8620e-02,-0.0375,-0.000262813
1.8630e-02,-0.04625,-0.000825938
1.8640e-02,-0.03375,-0.000542188
1.8650e-02,-0.0485938,-5.75e-05
1.8660e-02,-0.0364063,-0.000332813
1.8670e-02,-0.0464062,-0.000191875
1.8680e-02,-0.0407813,0.000474063
1.8690e-02,-0.0421875,0.000809063
1.8700e-02,-0.05,5.9375e-05
1.8710e-02,-0.0501562,0.000548438
1.8720e-02,-0.0495312,0.000246875
1.8730e-02,-0.0521875,0.00062375
1.8740e-02,-0.0525,0.000124375
1.8750e-02,-0.0434375,0.000720938
1.8760e-02,-0.0453125,0.000190625
1.8770e-02,-0.04875,0.000295313
1.8780e-02,-0.0470312,0.000722813
1.8790e-02,-0.0496875,-7.8125e-06
1.8800e-02,-0.0360938,4.25e-05
1.8810e-02,-0.0495312,-0.000335313
1.8820e-02,-0.0332812,-0.000645313
1.8830e-02,-0.044375,-0.000193125
1.8840e-02,-0.035,-0.000169375
1.8850e-02,-0.055,-0.000227813
1.8860e-02,-0.0448438,0.000780313
1.8870e-02,-0.046875,0.000132813
1.8880e-02,-0.0501562,6.90625e-05
1.8890e-02,-0.0401563,0.000739375
1.8900e-02,-0.0359375,0.00043
1.8910e-02,-0.0426562,-0.000132813
1.8920e-02,-0.0496875,1.09375e-05
1.8930e-02,-0.0389063,0.000413438
1.8940e-02,-0.0575,-9e-05
1.8950e-02,-0.0435938,6.71875e-05
1.8960e-02,-0.0467188,0.000113125
1.8970e-02,-0.03625,-0.000617813
1.8980e-02,-0.0390625,-0.000278438
1.8990e-02,-0.050625,-0.00045375
1.9000e-02,-0.0454688,-0.0004475
1.9010e-02,-0.0423437,-0.000203438
1.9020e-02,-0.0571875,-0.000605938
1.9030e-02,-0.0579687,-0.000214063
1.9040e-02,-0.04625,-0.0002475
1.9050e-02,-0.0315625,-0.000675938
1.9060e-02,-0.0535937,-9.0625e-06
1.9070e-02,-0.0534375,-0.000372813
1.9080e-02,-0.0342187,0.00031125
1.9090e-02,-0.0498438,-3.375e-05
1.9100e-02,-0.0489062,7.96875e-05
1.9110e-02,-0.0459375,0.000415625
1.9120e-02,-0.0426562,0.000325
1.9130e-02,-0.0475,0.000670625
1.9140e-02,-0.053125,0.000140625
1.9150e-02,-0.0384375,-0.000103438
1.9160e-02,-0.0389063,-3.46875e-05
1.9170e-02,-0.0445313,-0.000222188
1.9180e-02,-0.0435938,-0.000323125
1.9190e-02,-0.0489062,-1.40625e-05
1.9200e-02,-0.0426562,0.000555
1.9210e-02,-0.0442188,-0.000135
1.9220e-02,-0.0517188,-0.000268125
1.9230e-02,-0.0425,0.000434688
1.9240e-02,-0.0435938,0.000505938
1.9250e-02,-0.0515625,0.00040375
1.9260e-02,-0.0504687,-0.000244063
1.9270e-02,-0.0454688,0.00023875
1.9280e-02,-0.03875,6.125e-05
1.9290e-02,-0.0598438,-0.000319688
1.9300e-02,-0.0473438,-2.78125e-05
1.9310e-02,-0.036875,-0.000267813
1.9320e-02,-0.0529687,-0.000749688
1.9330e-02,-0.0409375,-0.000537188
1.9340e-02,-0.036875,-0.00072
1.9350e-02,-0.0478125,-1.25e-06
1.9360e-02,-0.0465625,-0.000483438
1.9370e-02,-0.0378125,-0.000577188
1.9380e-02,-0.035,-0.000304063
1.9390e-02,-0.046875,-0.00072
1.9400e-02,-0.0384375,-0.000339063
1.9410e-02,-0.0476562,-0.000477813
1.9420e-02,-0.03125,0.0004375
1.9430e-02,-0.0375,0.000234063
1.9440e-02,-0.0370313,0.00017875
1.9450e-02,-0.0501562,0.000219688
1.9460e-02,-0.0334375,9.65625e-05
1.9470e-02,-0.04875,-6.21875e-05
1.9480e-02,-0.0592188,-0.000254375
1.9490e-02,-0.0470312,0.000234063
1.9500e-02,-0.0420312,0.00018125
1.9510e-02,-0.050625,0.0004825
1.9520e-02,-0.0407813,-0.000131563
1.9530e-02,-0.0525,-0.000293438
1.9540e-02,-0.0379688,0.00015625
1.9550e-02,-0.0475,0.0003075
1.9560e-02,-0.0404687,-0.00014625
1.9570e-02,-0.049375,0.000146875
1.9580e-02,-0.053125,0.00019125
1.9590e-02,-0.0482812,-0.000134375
1.9600e-02,-0.0442188,-0.000189063
1.9610e-02,-0.0559375,0.000175
1.9620e-02,-0.0351562,0.000351875
1.9630e-02,-0.0571875,5.6875e-05
1.9640e-02,-0.0439063,-0.000206875
1.9650e-02,-0.0432813,0.000230938
1.9660e-02,-0.0435938,-0.000196563
1.9670e-02,-0.0365625,-0.000167813
1.9680e-02,-0.0507812,0.000222813
1.9690e-02,-0.0526563,-0.000307188
1.9700e-02,-0.0439063,0.000170625
1.9710e-02,-0.0426562,-0.000226563
1.9720e-02,-0.0523437,0.000368125
1.9730e-02,-0.0476562,-2.09375e-05
1.9740e-02,-0.0489062,0.000455
1.9750e-02,-0.040625,-7.78125e-05
1.9760e-02,-0.0448438,-0.000295
1.9770e-02,-0.0539063,-0.000295625
1.9780e-02,-0.0496875,-0.000218125
1.9790e-02,-0.0465625,-0.000198125
1.9800e-02,-0.0489062,-0.000424375
1.9810e-02,-0.0590625,0.000211875
1.9820e-02,-0.0359375,-0.000144063
1.9830e-02,-0.0473438,-0.000168125
1.9840e-02,-0.04,-0.000842188
1.9850e-02,-0.0479688,5.59375e-05
1.9860e-02,-0.0473438,-0.000400313
1.9870e-02,-0.0553125,0.000288125
1.9880e-02,-0.043125,1.53125e-05
1.9890e-02,-0.046875,0.0005025
1.9900e-02,-0.0317188,0.00068375
1.9910e-02,-0.0503125,0.000331563
1.9920e-02,-0.0470312,0.000225938
1.9930e-02,-0.0514063,-0.000131875
1.9940e-02,-0.0525,-4.09375e-05
1.9950e-02,-0.0523437,0.000745938
1.9960e-02,-0.0426562,-3.46875e-05
1.9970e-02,-0.0526563,0.000224063
1.9980e-02,-0.0551563,-0.000265313
1.9990e-02,-0.0392187,-5.40625e-05
2.0000e-02,-0.0520313,0.000430938
2.0010e-02,-0.0439063,0.000295938
2.0020e-02,-0.035,0.000265313
2.0030e-02,-0.053125,-2.53125e-05
2.0040e-02,-0.0365625,-0.000742813
2.0050e-02,-0.0445313,-0.000287813
2.0060e-02,-0.0457813,-0.000240625
2.0070e-02,-0.0545313,5.90625e-05
2.0080e-02,-0.0457813,0.00100563
2.0090e-02,-0.0575,0.00027875
2.0100e-02,-0.046875,0.000172813
2.0110e-02,-0.048125,-0.000709063
2.0120e-02,-0.0432813,-9.96875e-05
2.0130e-02,-0.0471875,-0.000425625
2.0140e-02,-0.051875,0.000675313
2.0150e-02,-0.0425,0.000364375
2.0160e-02,-0.0446875,0.000290625
2.0170e-02,-0.048125,-0.000141563
2.0180e-02,-0.0496875,-0.0001325
2.0190e-02,-0.0426562,-0.000142188
2.0200e-02,-0.0395313,0.000736875
2.0210e-02,-0.0414063,0.00085875
2.0220e-02,-0.0334375,-2.5625e-05
2.0230e-02,-0.046875,-0.000631875
2.0240e-02,-0.0446875,-0.00104813
2.0250e-02,-0.0528125,-0.000994375
2.0260e-02,-0.0446875,0.000483438
2.0270e-02,-0.0520313,0.00106188
2.0280e-02,-0.0460938,0.000801875
2.0290e-02,-0.0440625,-0.000232813
2.0300e-02,-0.0365625,-0.00109188
2.0310e-02,-0.0376563,-0.000875
2.0320e-02,-0.0532813,-5.78125e-05
2.0330e-02,-0.05,0.000800625
2.0340e-02,-0.0482812,0.00078625
2.0350e-02,-0.0510938,-0.000120313
2.0360e-02,-0.05125,-0.000399688
2.0370e-02,-0.0573437,-0.00127531
2.0380e-02,-0.0492188,-0.0005575
2.0390e-02,-0.0526563,0.000840313
2.0400e-02,-0.0465625,0.00152844
2.0410e-02,-0.0459375,0.00131313
2.0420e-02,-0.0392187,0.00141313
2.0430e-02,-0.0471875,0.0015775
2.0440e-02,-0.0465625,0.00140563
2.0450e-02,-0.0484375,0.00136469
2.0460e-02,-0.0554687,0.00128594
2.0470e-02,-0.051875,0.00142438
2.0480e-02,0.515156,-0.000254688
2.0490e-02,0.178281,-0.00463344
2.0500e-02,0.372812,-0.00692625
2.0510e-02,1.30516,-0.00816531
2.0520e-02,-0.0915625,-0.00824844
2.0530e-02,0.110312,-0.00797906
2.0540e-02,0.0995313,-0.00806469
2.0550e-02,0.08125,-0.00807156
2.0560e-02,0.0703125,-0.00808188
2.0570e-02,0.0621875,-0.00810156
2.0580e-02,0.0679687,-0.00809031
2.0590e-02,0.0560937,-0.00801875
2.0600e-02,0.0475,-0.00804188
2.0610e-02,0.0314062,-0.00788594
2.0620e-02,0.04,-0.00795625
2.0630e-02,0.0475,-0.00789688
2.0640e-02,0.0257813,-0.00803813
2.0650e-02,0.035625,-0.00785188
2.0660e-02,0.020625,-0.00793219
2.0670e-02,0.0279688,-0.00782375
2.0680e-02,0.0248438,-0.00795906
2.0690e-02,0.0340625,-0.00788969
2.0700e-02,0.0253125,-0.00795938
2.0710e-02,0.0179688,-0.00787469
2.0720e-02,0.015,-0.00778
2.0730e-02,0.0164063,-0.00686781
2.0740e-02,0.00578125,-0.00160063
2.0750e-02,0.0153125,0.00163563
2.0760e-02,0.0215625,0.000619688
2.0770e-02,0.0114063,-0.00159094
2.0780e-02,0.0246875,-0.00269125
2.0790e-02,0.00875,-0.00255594
2.0800e-02,-0.001875,3.53125e-05
2.0810e-02,0.0120312,0.00255938
2.0820e-02,0.0101562,0.00225219
2.0830e-02,0.00375,0.000401563
2.0840e-02,-0.010625,-0.00237063
2.0850e-02,-0.00125,-0.00241156
2.0860e-02,-0.0003125,-0.00137656
2.0870e-02,0.0034375,0.001665
2.0880e-02,0.01625,0.00204438
2.0890e-02,-0.00625,0.00077125
2.0900e-02,0.00953125,-0.00140031
2.0910e-02,-0.0009375,-0.00193188
2.0920e-02,0.00203125,-0.00108156
2.0930e-02,0.00234375,0.000779063
2.0940e-02,0.00765625,0.00173281
2.0950e-02,0.00078125,0.00152344
2.0960e-02,-0.0059375,2.09375e-05
2.0970e-02,0.001875,-0.00102719
2.0980e-02,-0.001875,-0.0008325
2.0990e-02,0.00109375,0.000381875
2.1000e-02,-0.003125,0.00112938
2.1010e-02,-0.0009375,0.00128125
2.1020e-02,-0.0065625,-9.3125e-05
2.1030e-02,-0.00625,-0.000409063
2.1040e-02,-0.00375,-0.00121469
2.1050e-02,0.00390625,-0.000607813
2.1060e-02,-0.00625,0.00085
2.1070e-02,-0.0071875,0.00128469
2.1080e-02,-0.00546875,0.00102344
2.1090e-02,-0.005,9.375e-05
2.1100e-02,-0.0120313,-0.000793438
2.1110e-02,0.00078125,-0.000388125
2.1120e-02,-0.0142188,0.00025375
2.1130e-02,-0.014375,0.000366563
2.1140e-02,-0.0129688,0.000624688
2.1150e-02,-0.0157813,0.0004325
2.1160e-02,-0.0207813,-8.25e-05
2.1170e-02,-0.0203125,2.65625e-05
2.1180e-02,-0.00859375,-0.000838438
2.1190e-02,-0.0120313,0.0002475
2.1200e-02,-0.00109375,0.000202188
2.1210e-02,-0.0121875,0.00078
2.1220e-02,-0.0096875,-0.000201875
2.1230e-02,-0.009375,-0.000425625
2.1240e-02,-0.0154687,-0.000225
2.1250e-02,-0.00671875,-0.000560313
2.1260e-02,-0.0123438,-0.000377188
2.1270e-02,-0.004375,0.000850625
2.1280e-02,-0.0178125,0.000225625
2.1290e-02,-0.01875,-0.00056625
2.1300e-02,-0.0151562,-0.000615938
2.1310e-02,-0.00375,-0.000565938
2.1320e-02,-0.0275,-7.90625e-05
2.1330e-02,-0.0179687,-0.00031125
2.1340e-02,-0.021875,0.000270938
2.1350e-02,-0.015625,0.00053
2.1360e-02,-0.01,-0.000190313
2.1370e-02,-0.013125,-0.000324063
2.1380e-02,-0.0201563,-0.000133125
2.1390e-02,-0.0096875,-0.00073375
2.1400e-02,-0.0146875,0.0005075
2.1410e-02,-0.00828125,0.000218438
2.1420e-02,-0.0257812,0.000254375
2.1430e-02,-0.015625,-0.000290625
2.1440e-02,-0.00578125,1.46875e-05
2.1450e-02,-0.0128125,-0.000183438
2.1460e-02,-0.02375,0.000335313
2.1470e-02,-0.0184375,0.000882188
2.1480e-02,-0.0228125,0.0006575
2.1490e-02,-0.015,7.59375e-05
2.1500e-02,-0.0201563,-0.00083
2.1510e-02,-0.0132813,-0.000668125
2.1520e-02,-0.019375,-0.000474375
2.1530e-02,-0.0084375,-0.000432813
2.1540e-02,-0.0260937,2.375e-05
2.1550e-02,-0.0160938,0.00044
2.1560e-02,-0.00921875,0.000498438
2.1570e-02,-0.0123438,0.000140938
2.1580e-02,-0.0207813,0.000175938
2.1590e-02,-0.0196875,0.000680938
2.1600e-02,-0.025625,-3.71875e-05
2.1610e-02,-0.0235938,0.000575
2.1620e-02,-0.0170313,0.000242188
2.1630e-02,-0.0173438,6.25e-05
2.1640e-02,-0.0190625,-0.000368438
2.1650e-02,-0.0220313,-0.00039625
2.1660e-02,-0.03125,0.00013
2.1670e-02,-0.0148437,0.000866563
2.1680e-02,-0.0184375,-0.00034
2.1690e-02,-0.0182812,-0.00056375
2.1700e-02,-0.0229687,-0.000816875
2.1710e-02,-0.014375,-3.625e-05
2.1720e-02,-0.0125,-0.0002975
2.1730e-02,-0.0204688,0.000239688
2.1740e-02,-0.0201563,6.96875e-05
2.1750e-02,-0.0185937,0.00068625
2.1760e-02,-0.02625,0.0002775
2.1770e-02,-0.0229687,-0.000269063
2.1780e-02,-0.0151562,-7.375e-05
2.1790e-02,-0.0204688,0.000384063
2.1800e-02,-0.015,0.000397813
2.1810e-02,-0.0289063,6.15625e-05
2.1820e-02,-0.0264062,-3.96875e-05
2.1830e-02,-0.023125,-0.000113125
2.1840e-02,-0.0257812,-0.000175625
2.1850e-02,-0.0115625,-2.0625e-05
2.1860e-02,-0.0228125,-0.000166875
2.1870e-02,-0.0304688,0.000362813
2.1880e-02,-0.0217188,0.00022625
2.1890e-02,-0.0242188,2.3125e-05
2.1900e-02,-0.0265625,5.46875e-05
2.1910e-02,-0.0185937,-3.53125e-05
2.1920e-02,-0.018125,-0.000355625
2.1930e-02,-0.02625,0.000353125
2.1940e-02,-0.0226562,0.000215938
2.1950e-02,-0.0185937,0.000443438
2.1960e-02,-0.0279688,0.000170313
2.1970e-02,-0.035,9.34375e-05
2.1980e-02,-0.019375,6.59375e-05
2.1990e-02,-0.0289063,2.96875e-05
2.2000e-02,-0.0323438,0.000234688
2.2010e-02,-0.0198438,0.000135625
2.2020e-02,-0.0315625,0.0003875
2.2030e-02,-0.0246875,0.000429063
2.2040e-02,-0.0275,-3e-05
2.2050e-02,-0.0209375,-3e-05
2.2060e-02,-0.0235938,-0.000211563
2.2070e-02,-0.0184375,-0.000205313
2.2080e-02,-0.0220313,-0.000174688
2.2090e-02,-0.0204688,-0.000876875
2.2100e-02,-0.0242188,-0.000275
2.2110e-02,-0.0292188,-0.000196875
2.2120e-02,-0.0275,-0.000402813
2.2130e-02,-0.030625,-0.000499688
2.2140e-02,-0.0323438,-0.000244688
2.2150e-02,-0.0226562,-0.000194688
2.2160e-02,-0.019375,0.00061
2.2170e-02,-0.0270312,-0.000124063
2.2180e-02,-0.0214063,0.00037625
2.2190e-02,-0.025,0.000283437
2.2200e-02,-0.0135937,0.000229688
2.2210e-02,-0.0265625,0.000405938
2.2220e-02,-0.0351562,0.00049125
2.2230e-02,-0.0226562,-0.000446563
2.2240e-02,-0.03,7.8125e-05
2.2250e-02,-0.0323438,7.96875e-05
2.2260e-02,-0.0290625,8.625e-05
2.2270e-02,-0.0292188,7.96875e-05
2.2280e-02,-0.0253125,-0.000291875
2.2290e-02,-0.0257812,0.0002425
2.2300e-02,-0.015,-0.000499375
2.2310e-02,-0.0260937,-0.00016625
2.2320e-02,-0.0279688,-6.65625e-05
2.2330e-02,-0.0226562,0.000115625
2.2340e-02,-0.0210938,-0.000143125
2.2350e-02,-0.0270312,-9.3125e-05
2.2360e-02,-0.0365625,0.000252188
2.2370e-02,-0.0234375,0.000162813
2.2380e-02,-0.0273438,0.000270938
2.2390e-02,-0.0221875,0.000325
2.2400e-02,-0.033125,0.00084875
2.2410e-02,-0.0340625,0.000805
2.2420e-02,-0.0289063,0.00065875
2.2430e-02,-0.0351562,0.000330938
2.2440e-02,-0.0375,-0.000325313
2.2450e-02,-0.0235938,-0.000295313
2.2460e-02,-0.0246875,-0.000304375
2.2470e-02,-0.0429688,-0.00103875
2.2480e-02,-0.024375,-0.000598438
2.2490e-02,-0.0276563,-0.00095125
2.2500e-02,-0.0279688,-0.000220625
2.2510e-02,-0.0295313,-0.000213438
2.2520e-02,-0.0142188,0.000448438
2.2530e-02,-0.0370313,-0.000697813
2.2540e-02,-0.0232812,-0.000201875
2.2550e-02,-0.014375,0.000260938
2.2560e-02,-0.0315625,0.000201563
2.2570e-02,-0.036875,0.000375
2.2580e-02,-0.0278125,5.46875e-05
2.2590e-02,-0.0289063,0.000414688
2.2600e-02,-0.0185937,0.000722188
2.2610e-02,-0.03,0.000695313
2.2620e-02,-0.0353125,-0.0003425
2.2630e-02,-0.0357813,0.000699375
2.2640e-02,-0.02375,0.000367188
2.2650e-02,-0.0310937,0.000592188
2.2660e-02,-0.0303125,-0.00074875
2.2670e-02,-0.0410937,-0.000953125
2.2680e-02,-0.0301563,-0.000668125
2.2690e-02,-0.031875,-0.000423125
2.2700e-02,-0.03375,-0.00028875
2.2710e-02,-0.0351562,-9.25e-05
2.2720e-02,-0.034375,0.000128125
2.2730e-02,-0.0296875,0.000135625
2.2740e-02,-0.03125,-0.000209688
2.2750e-02,-0.0271875,0.000301875
2.2760e-02,-0.0304688,-9.65625e-05
2.2770e-02,-0.03625,0.00044875
2.2780e-02,-0.0284375,0.000239375
2.2790e-02,-0.0285938,0.000144688
2.2800e-02,-0.0290625,0.00052375
2.2810e-02,-0.038125,0.000166875
2.2820e-02,-0.0225,0.000268125
2.2830e-02,-0.0414063,0.000234063
2.2840e-02,-0.0271875,0.000149063
2.2850e-02,-0.0375,-8e-05
2.2860e-02,-0.0323438,-0.000575938
2.2870e-02,-0.0309375,-0.000236875
2.2880e-02,-0.0323438,8.1875e-05
2.2890e-02,-0.0420312,6.71875e-05
2.2900e-02,-0.0378125,-0.000244375
2.2910e-02,-0.029375,7.96875e-05
2.2920e-02,-0.0357813,-3.5e-05
2.2930e-02,-0.0271875,3.5e-05
2.2940e-02,-0.0253125,-0.0004
2.2950e-02,-0.0385937,0.00049375
2.2960e-02,-0.029375,0.0005325
2.2970e-02,-0.0323438,1.875e-06
2.2980e-02,-0.03875,0.000299688
2.2990e-02,-0.0339062,4.0625e-05
2.3000e-02,-0.0259375,-0.000570313
2.3010e-02,-0.0351562,-0.000351875
2.3020e-02,-0.0307813,-0.000465
2.3030e-02,-0.0245313,4.09375e-05
2.3040e-02,-0.0345312,-0.000830938
2.3050e-02,-0.028125,-0.000941875
2.3060e-02,-0.0351562,-0.000351563
2.3070e-02,-0.0382813,-0.000429375
2.3080e-02,-0.0326562,-0.000457188
2.3090e-02,-0.0390625,0.000220938
2.3100e-02,-0.0304688,0.000556563
2.3110e-02,-0.0415625,0.000617813
2.3120e-02,-0.0421875,0.00017875
2.3130e-02,-0.0410937,-0.000679063
2.3140e-02,-0.023125,8.375e-05
2.3150e-02,-0.0339062,0.000868438
2.3160e-02,-0.0370313,0.000265625
2.3170e-02,-0.0473438,-1.625e-05
2.3180e-02,-0.0339062,-0.000194688
2.3190e-02,-0.0404687,-0.000479375
2.3200e-02,-0.0370313,-0.00020375
2.3210e-02,-0.0310937,-0.000590313
2.3220e-02,-0.0339062,-0.000321875
2.3230e-02,-0.0371875,0.000324688
2.3240e-02,-0.0334375,0.000620313
2.3250e-02,-0.0326562,-9.15625e-05
2.3260e-02,-0.030625,0.000411563
2.3270e-02,-0.0373438,0.000245
2.3280e-02,-0.0432813,0.000300625
2.3290e-02,-0.030625,0.000277188
2.3300e-02,-0.0320312,0.000964688
2.3310e-02,-0.04125,0.000246875
2.3320e-02,-0.0364063,-0.000219063
2.3330e-02,-0.0257812,0.00020125
2.3340e-02,-0.0323438,0.000316875
2.3350e-02,-0.0323438,-0.000199063
2.3360e-02,-0.02875,0.0001925
2.3370e-02,-0.0339062,0.00113719
2.3380e-02,-0.02,0.000583125
2.3390e-02,-0.0478125,-0.000275938
2.3400e-02,-0.0392187,-0.000250625
2.3410e-02,-0.0309375,-0.00081
2.3420e-02,-0.0265625,8.15625e-05
2.3430e-02,-0.0373438,-4e-05
2.3440e-02,-0.0473438,-0.000627813
2.3450e-02,-0.0348437,-0.000564375
2.3460e-02,-0.029375,0.000320313
2.3470e-02,-0.0440625,0.000230625
2.3480e-02,-0.031875,-0.00017625
2.3490e-02,-0.03,0.000602813
2.3500e-02,-0.0465625,0.000326875
2.3510e-02,-0.0270312,0.00014625
2.3520e-02,-0.0415625,0.000193125
2.3530e-02,-0.0385937,-0.000354375
2.3540e-02,-0.03875,0.0004825
2.3550e-02,-0.0482812,0.000749063
2.3560e-02,-0.0357813,0.0005875
2.3570e-02,-0.0370313,-0.000239375
2.3580e-02,-0.025,-0.000148125
2.3590e-02,-0.0340625,-0.000465
2.3600e-02,-0.0373438,-0.000472188
2.3610e-02,-0.03625,-0.000334688
2.3620e-02,-0.0435938,-4.59375e-05
2.3630e-02,-0.0329688,0.00061875
2.3640e-02,-0.0367188,-0.000166875
2.3650e-02,-0.0342187,-0.0001325
2.3660e-02,-0.0403125,-0.000282813
2.3670e-02,-0.0467188,0.000154063
2.3680e-02,-0.044375,5e-05
2.3690e-02,-0.0317188,0.000473125
2.3700e-02,-0.0442188,0.00114531
2.3710e-02,-0.033125,0.0002675
2.3720e-02,-0.0428125,1.9375e-05
2.3730e-02,-0.033125,1.9375e-05
2.3740e-02,-0.0303125,-0.000298438
2.3750e-02,-0.0334375,0.00103719
2.3760e-02,-0.0332812,0.000442813
2.3770e-02,-0.0365625,0.00041125
2.3780e-02,-0.0509375,-5.5625e-05
2.3790e-02,-0.0225,-9.8125e-05
2.3800e-02,-0.0398437,-0.000149375
2.3810e-02,-0.0359375,-0.000186875
2.3820e-02,-0.0448438,0.000333438
2.3830e-02,-0.0360938,0.000669063
2.3840e-02,-0.0398437,1.25e-06
2.3850e-02,-0.0445313,-0.000750938
2.3860e-02,-0.0435938,-0.00107313
2.3870e-02,-0.0459375,-0.00108375
2.3880e-02,-0.0501562,0.0004175
2.3890e-02,-0.0389063,0.00099
2.3900e-02,-0.036875,0.00139344
2.3910e-02,-0.035625,-0.000107813
2.3920e-02,-0.044375,-0.000848125
2.3930e-02,-0.0376563,-0.000680313
2.3940e-02,-0.0410937,9.6875e-06
2.3950e-02,-0.03625,0.00121438
2.3960e-02,-0.0370313,0.00113469
2.3970e-02,-0.0371875,0.00069625
2.3980e-02,-0.0476562,6.84375e-05
2.3990e-02,-0.0309375,-0.00139969
2.4000e-02,-0.0446875,-0.00103031
2.4010e-02,-0.046875,0.000442813
2.4020e-02,-0.0451563,0.00225469
2.4030e-02,-0.0585938,0.00146594
2.4040e-02,-0.0254688,-0.000336563
2.4050e-02,-0.038125,-0.00152031
2.4060e-02,-0.0329688,-0.0017375
2.4070e-02,-0.0367188,-0.00139969
2.4080e-02,-0.0348437,0.00086125
2.4090e-02,-0.0409375,0.0017975
2.4100e-02,-0.0296875,0.00066875
2.4110e-02,-0.0398437,-0.00110688
2.4120e-02,-0.035625,-0.00116531
2.4130e-02,-0.0404687,-0.00081375
2.4140e-02,-0.0439063,0.000235313
2.4150e-02,-0.0426562,0.00155
2.4160e-02,-0.04,0.00151375
2.4170e-02,-0.0423437,-0.000182188
2.4180e-02,-0.0476562,-0.0017175
2.4190e-02,-0.045,-0.00213594
2.4200e-02,-0.0285938,0.000124063
2.4210e-02,-0.04625,0.00196063
2.4220e-02,-0.0334375,0.00263688
2.4230e-02,-0.0401563,0.000792813
2.4240e-02,-0.0414063,-0.00164719
2.4250e-02,-0.0428125,-0.00242781
2.4260e-02,-0.05,-0.00080875
2.4270e-02,-0.0345312,0.00169031
2.4280e-02,-0.0310937,0.00331938
2.4290e-02,-0.039375,0.00226094
2.4300e-02,-0.029375,-0.000849688
2.4310e-02,-0.04375,-0.00359781
2.4320e-02,-0.0314062,-0.00223281
2.4330e-02,-0.0398437,0.000820938
2.4340e-02,-0.0367188,0.00339063
2.4350e-02,-0.0321875,0.00351906
2.4360e-02,-0.0378125,0.0011525
2.4370e-02,-0.033125,-0.00304188
2.4380e-02,-0.0254688,-0.00454031
2.4390e-02,-0.0482812,-0.00145281
2.4400e-02,-0.043125,0.00250906
2.4410e-02,-0.0339062,0.00530406
2.4420e-02,-0.02875,0.00315781
2.4430e-02,-0.0392187,-0.00092
2.4440e-02,-0.0354688,-0.0047475
2.4450e-02,-0.0320312,-0.00490563
2.4460e-02,-0.0407813,-0.000976875
2.4470e-02,-0.0482812,0.00389469
2.4480e-02,-0.0360938,0.00542031
2.4490e-02,-0.0392187,0.00244094
2.4500e-02,-0.0385937,-0.00259406
2.4510e-02,-0.0384375,-0.00508688
2.4520e-02,-0.0401563,-0.00341063
2.4530e-02,-0.0392187,0.00122906
2.4540e-02,-0.0484375,0.00475375
2.4550e-02,-0.0284375,0.00464469
2.4560e-02,-0.0426562,0.000906563
2.4570e-02,-0.0334375,-0.00319844
2.4580e-02,-0.0404687,-0.00444813
2.4590e-02,-0.0364063,-0.00173719
2.4600e-02,-0.0460938,0.00309375
2.4610e-02,-0.0359375,0.00511094
2.4620e-02,-0.0234375,0.00253281
2.4630e-02,-0.0465625,-0.000989375
2.4640e-02,-0.0425,-0.00367719
2.4650e-02,-0.045,-0.00291875
2.4660e-02,-0.0385937,-6.6875e-05
2.4670e-02,-0.0365625,0.00325563
2.4680e-02,-0.0415625,0.0032
2.4690e-02,-0.0251563,0.000653125
2.4700e-02,-0.0410937,-0.002175
2.4710e-02,-0.043125,-0.0033325
2.4720e-02,-0.049375,-0.0011
2.4730e-02,-0.0475,0.00160594
2.4740e-02,-0.0385937,0.00235531
2.4750e-02,-0.0475,0.00186563
2.4760e-02,-0.0335937,-0.000454375
2.4770e-02,-0.03625,-0.00255688
2.4780e-02,-0.0354688,-0.00169188
2.4790e-02,-0.0367188,0.000615625
2.4800e-02,-0.0546875,0.0028725
2.4810e-02,-0.0532813,0.00185563
2.4820e-02,-0.0464062,0.00022375
2.4830e-02,-0.0323438,-0.00211656
2.4840e-02,-0.0428125,-0.00166188
2.4850e-02,-0.036875,-0.000250938
2.4860e-02,-0.0492188,0.000994063
2.4870e-02,-0.045,0.00158313
2.4880e-02,-0.0340625,0.00050125
2.4890e-02,-0.03875,-0.000892188
2.4900e-02,-0.05,-0.0021025
2.4910e-02,-0.0432813,-0.00186313
2.4920e-02,-0.0440625,0.000134063
2.4930e-02,-0.03625,0.00101063
2.4940e-02,-0.0420312,0.00117031
2.4950e-02,-0.0451563,-0.000417188
2.4960e-02,-0.0421875,-0.00124688
2.4970e-02,-0.0421875,-0.000850938
2.4980e-02,-0.0482812,0.00018
2.4990e-02,-0.041875,0.00156938
2.5000e-02,-0.049375,0.00158844
2.5010e-02,-0.0415625,0.000687813
2.5020e-02,-0.0417187,0.000329375
2.5030e-02,-0.048125,-0.000914063
2.5040e-02,-0.0314062,-0.00101
2.5050e-02,-0.0464062,-0.0001375
2.5060e-02,-0.0454688,0.0004
2.5070e-02,-0.0478125,0.000509375
2.5080e-02,-0.039375,-0.000365625
2.5090e-02,-0.0398437,-0.00089875
2.5100e-02,-0.049375,-0.00124281
2.5110e-02,-0.0303125,-0.000422813
2.5120e-02,-0.0407813,0.000575625
2.5130e-02,-0.0420312,0.000550625
2.5140e-02,-0.043125,0.000584688
2.5150e-02,-0.0473438,-0.000419688
2.5160e-02,-0.0423437,-0.000844375
2.5170e-02,-0.0320312,-0.000193125
2.5180e-02,-0.0489062,-0.000351875
2.5190e-02,-0.0553125,1.03125e-05
2.5200e-02,-0.038125,0.00139219
2.5210e-02,-0.0376563,0.000455313
2.5220e-02,-0.0392187,0.000271563
2.5230e-02,-0.03875,-0.000503125
2.5240e-02,-0.0429688,-0.000149063
2.5250e-02,-0.045625,0.000489063
2.5260e-02,-0.031875,-1.1875e-05
2.5270e-02,-0.0432813,0.000229375
2.5280e-02,-0.0357813,-0.000955938
2.5290e-02,-0.0442188,-0.00173813
2.5300e-02,-0.0475,-0.000520313
2.5310e-02,-0.0432813,-7.9375e-05
2.5320e-02,-0.0384375,0.000319063
2.5330e-02,-0.0489062,0.00032625
2.5340e-02,-0.0335937,-7.71875e-05
2.5350e-02,-0.0557813,4.84375e-05
2.5360e-02,-0.0414063,-0.000125625
2.5370e-02,-0.034375,-0.000442188
2.5380e-02,-0.0485938,-0.000265625
2.5390e-02,-0.0560937,0.000670625
2.5400e-02,-0.0534375,0.000675625
2.5410e-02,-0.0367188,0.000418125
2.5420e-02,-0.0429688,-9.875e-05
2.5430e-02,-0.0414063,-0.000250625
2.5440e-02,-0.0360938,0.000234688
2.5450e-02,-0.05,-8.09375e-05
2.5460e-02,-0.0407813,0.000555938
2.5470e-02,-0.0276563,9.0625e-05
2.5480e-02,-0.0403125,0.000276875
2.5490e-02,-0.0548437,-2.875e-05
2.5500e-02,-0.0471875,0.000216875
2.5510e-02,-0.0395313,0.000105
2.5520e-02,-0.04125,0.000572187
2.5530e-02,-0.0435938,0.000479063
2.5540e-02,-0.0459375,0.000815625
2.5550e-02,-0.0420312,-0.000248125
2.5560e-02,-0.0475,-0.000704688
2.5570e-02,-0.0465625,-0.000449063
2.5580e-02,-0.0417187,-8.625e-05
2.5590e-02,-0.0451563,0.000125
2.5600e-02,-0.0407813,0.000339688
2.5610e-02,-0.035,-0.000536563
2.5620e-02,-0.0345312,-0.000864688
2.5630e-02,-0.039375,-0.001115
2.5640e-02,-0.0398437,-0.000594688
2.5650e-02,-0.0504687,-0.000353438
2.5660e-02,-0.0440625,0.000211875
2.5670e-02,-0.045,0.000399063
2.5680e-02,-0.03875,8.21875e-05
2.5690e-02,-0.0476562,-0.000305
2.5700e-02,-0.0415625,-0.000297188
2.5710e-02,-0.0428125,-8.40625e-05
2.5720e-02,-0.0482812,0.000528438
2.5730e-02,-0.0498438,0.000380313
2.5740e-02,-0.0446875,-0.000130938
2.5750e-02,-0.035,-0.000144688
2.5760e-02,-0.045,-0.000652188
2.5770e-02,-0.0345312,-0.00039
2.5780e-02,-0.0485938,0.000114375
2.5790e-02,-0.0465625,-0.000134688
2.5800e-02,-0.0389063,-0.000445625
2.5810e-02,-0.0451563,-0.000541563
2.5820e-02,-0.049375,-0.000477813
2.5830e-02,-0.0526563,-0.000655313
2.5840e-02,-0.045,0.000230625
2.5850e-02,-0.0448438,0.000270625
2.5860e-02,-0.0342187,0.000540938
2.5870e-02,-0.04625,0.000292188
2.5880e-02,-0.0457813,-0.000654375
2.5890e-02,-0.0414063,-0.00038125
2.5900e-02,-0.0485938,0
2.5910e-02,-0.0434375,0.00024
2.5920e-02,-0.0382813,0.000631875
2.5930e-02,-0.0389063,-3.65625e-05
2.5940e-02,-0.0465625,0.000350938
2.5950e-02,-0.03625,-0.000400313
2.5960e-02,-0.0459375,-9.03125e-05
2.5970e-02,-0.03625,-0.00041125
2.5980e-02,-0.0359375,0.000298438
2.5990e-02,-0.04125,0.000235625
2.6000e-02,-0.0325,-0.0002375
2.6010e-02,-0.0270312,-0.000193438
2.6020e-02,-0.0414063,-0.000477188
2.6030e-02,-0.055,-0.000271563
2.6040e-02,-0.0348437,-0.0002825
2.6050e-02,-0.0401563,0.0002825
2.6060e-02,-0.0423437,-8.5625e-05
2.6070e-02,-0.050625,0.000344063
2.6080e-02,-0.0446875,0.000174688
2.6090e-02,-0.0375,-0.000408438
2.6100e-02,-0.0448438,-0.000565625
2.6110e-02,-0.0392187,9.71875e-05
2.6120e-02,-0.0420312,-9.65625e-05
2.6130e-02,-0.0353125,0.000408438
2.6140e-02,-0.0473438,-0.000368438
2.6150e-02,-0.0414063,-0.00052125
2.6160e-02,-0.0348437,-0.00097625
2.6170e-02,-0.0378125,-4.65625e-05
2.6180e-02,-0.0376563,6.125e-05
2.6190e-02,-0.0470312,0.00034875
2.6200e-02,-0.0471875,0.000554375
2.6210e-02,-0.0526563,0.00014125
2.6220e-02,-0.0459375,-0.000177813
2.6230e-02,-0.0390625,0.0003675
2.6240e-02,-0.0490625,0.000308438
2.6250e-02,-0.0496875,0.000676875
2.6260e-02,-0.0392187,0.00016875
2.6270e-02,-0.0426562,-0.000324688
2.6280e-02,-0.0489062,-0.0004725
2.6290e-02,-0.0476562,6.6875e-05
2.6300e-02,-0.0407813,0.00016375
2.6310e-02,-0.0423437,-0.000137188
2.6320e-02,-0.0498438,0.000240938
2.6330e-02,-0.0434375,-0.000536875
2.6340e-02,-0.0489062,-0.000225938
2.6350e-02,-0.0423437,0.000509063
2.6360e-02,-0.0403125,-0.000102813
2.6370e-02,-0.0395313,0.000639375
2.6380e-02,-0.0548437,-8.46875e-05
2.6390e-02,-0.0515625,0.000412813
2.6400e-02,-0.0421875,-0.00027
2.6410e-02,-0.0526563,9.75e-05
2.6420e-02,-0.0435938,0.000235625
2.6430e-02,-0.03875,5.0625e-05
2.6440e-02,-0.0489062,0.000195313
2.6450e-02,-0.0292188,0.000134063
2.6460e-02,-0.0426562,-0.00047125
2.6470e-02,-0.0303125,-0.00084125
2.6480e-02,-0.0453125,-0.000422813
2.6490e-02,-0.0289063,4.28125e-05
2.6500e-02,-0.0470312,-0.0003675
2.6510e-02,-0.0370313,-0.000287813
2.6520e-02,-0.0390625,-0.00032375
2.6530e-02,-0.046875,-6.59375e-05
2.6540e-02,-0.0351562,-0.000248438
2.6550e-02,-0.0378125,-0.000308438
2.6560e-02,-0.05375,0.00027
2.6570e-02,-0.0451563,-0.0001925
2.6580e-02,-0.0432813,-4.6875e-06
2.6590e-02,-0.055,-0.000355313
2.6600e-02,-0.0492188,-0.00017375
2.6610e-02,-0.0478125,-0.000201563
2.6620e-02,-0.03625,0.000329688
2.6630e-02,-0.0435938,-9.0625e-06
2.6640e-02,-0.0360938,-4.0625e-05
2.6650e-02,-0.0539063,-0.000600625
2.6660e-02,-0.0514063,0.000329375
2.6670e-02,-0.0420312,-0.00012
2.6680e-02,-0.0378125,5e-05
2.6690e-02,-0.053125,0.000365938
2.6700e-02,-0.0403125,0.00036
2.6710e-02,-0.0446875,-0.000105938
2.6720e-02,-0.0484375,-5.34375e-05
2.6730e-02,-0.0440625,-0.000259063
2.6740e-02,-0.05125,0.000200313
2.6750e-02,-0.0475,-0.000295938
2.6760e-02,-0.0403125,0.000147188
2.6770e-02,-0.0354688,5.09375e-05
2.6780e-02,-0.0440625,0.000374688
2.6790e-02,-0.0446875,0.000263437
2.6800e-02,-0.0403125,-0.00024375
2.6810e-02,-0.053125,-0.000852188
2.6820e-02,-0.0454688,-0.000727813
2.6830e-02,-0.04375,9.625e-05
2.6840e-02,-0.0398437,0.000334688
2.6850e-02,-0.0473438,-1.34375e-05
2.6860e-02,-0.046875,0.000429063
2.6870e-02,-0.0465625,0.000290625
2.6880e-02,-0.0440625,0.000435625
2.6890e-02,-0.0375,0.000418438
2.6900e-02,-0.0539063,0.00102688
2.6910e-02,-0.0407813,0.000133438
2.6920e-02,-0.0607812,0.000285625
2.6930e-02,-0.0360938,0.0001575
2.6940e-02,-0.043125,0.000513438
2.6950e-02,-0.0379688,0.000152813
2.6960e-02,-0.0559375,0.000349063
2.6970e-02,-0.0334375,-0.000326563
2.6980e-02,-0.04125,0.000401563
2.6990e-02,-0.0392187,-0.000207188
2.7000e-02,-0.0482812,-0.000740938
2.7010e-02,-0.0495312,-0.00033375
2.7020e-02,-0.0490625,-8.125e-06
2.7030e-02,-0.0448438,-0.000372188
2.7040e-02,-0.0476562,0.000245938
2.7050e-02,-0.0425,-5.34375e-05
2.7060e-02,-0.0425,-0.000381875
2.7070e-02,-0.0476562,0.000488438
2.7080e-02,-0.04375,0.000450938
2.7090e-02,-0.0407813,0.000930938
2.7100e-02,-0.0542187,0.000155625
2.7110e-02,-0.0479688,-0.000386875
2.7120e-02,-0.0276563,0.000199063
2.7130e-02,-0.053125,-0.000379375
2.7140e-02,-0.043125,-0.00012
2.7150e-02,-0.0540625,-0.000482188
2.7160e-02,-0.0440625,0.0005475
2.7170e-02,-0.0459375,-1.5625e-06
2.7180e-02,-0.04875,-0.000410938
2.7190e-02,-0.0504687,-0.000557188
2.7200e-02,-0.0365625,-0.0005
2.7210e-02,-0.0464062,-9.4375e-05
2.7220e-02,-0.0448438,-0.000195625
2.7230e-02,-0.0501562,0.000143438
2.7240e-02,-0.048125,-0.00046125
2.7250e-02,-0.0428125,-8.9375e-05
2.7260e-02,-0.03875,-0.000105
2.7270e-02,-0.04125,0.000422813
2.7280e-02,-0.0420312,-3.125e-07
2.7290e-02,-0.0565625,0.000526563
2.7300e-02,-0.0546875,8.46875e-05
2.7310e-02,-0.0409375,-0.000143438
2.7320e-02,-0.0434375,-0.000285313
2.7330e-02,-0.0464062,-7.78125e-05
2.7340e-02,-0.0440625,9e-05
2.7350e-02,-0.039375,0.000454063
2.7360e-02,-0.048125,0.000643438
2.7370e-02,-0.0382813,6.59375e-05
2.7380e-02,-0.0470312,1.625e-05
2.7390e-02,-0.0453125,-0.000165625
2.7400e-02,-0.0492188,-0.000164688
2.7410e-02,-0.0432813,0.00109375
2.7420e-02,-0.0471875,0.000305938
2.7430e-02,-0.0515625,0.000641563
2.7440e-02,-0.0521875,-0.000115313
2.7450e-02,-0.0420312,0.000264688
2.7460e-02,-0.0435938,-0.000359063
2.7470e-02,-0.0390625,-0.00041375
2.7480e-02,-0.0389063,6.8125e-05
2.7490e-02,-0.0409375,-0.00086125
2.7500e-02,-0.0504687,-0.00048
2.7510e-02,-0.0476562,-0.000325
2.7520e-02,-0.04375,-0.000370625
2.7530e-02,-0.0420312,-5.9375e-05
2.7540e-02,-0.0492188,0.000143125
2.7550e-02,-0.0440625,-0.000429375
2.7560e-02,-0.0464062,0.000304687
2.7570e-02,-0.0401563,0.000350938
2.7580e-02,-0.04875,-0.000203438
2.7590e-02,-0.0459375,0.000137188
2.7600e-02,-0.0467188,0.0004875
2.7610e-02,-0.0529687,-0.000252188
2.7620e-02,-0.055,0.000391875
2.7630e-02,-0.0489062,-4.375e-05
2.7640e-02,-0.0484375,-6.71875e-05
2.7650e-02,-0.041875,-0.000585625
2.7660e-02,-0.0446875,-0.000472813
2.7670e-02,-0.0532813,0.0003325
2.7680e-02,-0.0371875,-0.000204375
2.7690e-02,-0.058125,-0.000954063
2.7700e-02,-0.0404687,-9.53125e-05
2.7710e-02,-0.0498438,-0.000566875
2.7720e-02,-0.0296875,-0.000368438
2.7730e-02,-0.0375,-0.000155938
2.7740e-02,-0.0570313,0.000380313
2.7750e-02,-0.0526563,0.000646563
2.7760e-02,-0.0384375,-0.000113125
2.7770e-02,-0.0539063,-0.000112188
2.7780e-02,-0.034375,4.6875e-06
2.7790e-02,-0.0476562,-0.0001975
2.7800e-02,-0.0473438,0.000116563
2.7810e-02,-0.0365625,0.000125625
2.7820e-02,-0.0545313,0.0004075
2.7830e-02,-0.0521875,2.59375e-05
2.7840e-02,-0.0501562,-0.00078875
2.7850e-02,-0.0485938,-0.00100656
2.7860e-02,-0.0401563,-0.000869063
2.7870e-02,-0.040625,6.03125e-05
2.7880e-02,-0.0451563,-0.00018125
2.7890e-02,-0.0459375,0.000482188
2.7900e-02,-0.05125,-3.21875e-05
2.7910e-02,-0.0475,0.00031
2.7920e-02,-0.04375,-4.09375e-05
2.7930e-02,-0.0403125,0.000111563
2.7940e-02,-0.04,0.0004775
2.7950e-02,-0.0496875,0.00108531
2.7960e-02,-0.0429688,0.000809063
2.7970e-02,-0.055,-0.000122813
2.7980e-02,-0.0495312,-0.00119531
2.7990e-02,-0.05625,-0.0005025
2.8000e-02,-0.0471875,0.00018125
2.8010e-02,-0.0440625,0.000416563
2.8020e-02,-0.0526563,0.0002975
2.8030e-02,-0.0345312,-0.000349063
2.8040e-02,-0.0482812,-0.000949063
2.8050e-02,-0.05125,-0.00159094
2.8060e-02,-0.049375,-0.0005325
2.8070e-02,-0.0470312,0.000166563
2.8080e-02,-0.0385937,0.000964063
2.8090e-02,-0.0428125,0.000841875
2.8100e-02,-0.0495312,0.000155938
2.8110e-02,-0.0403125,-0.00108969
2.8120e-02,-0.0521875,-9.09375e-05
2.8130e-02,-0.040625,0.00067
2.8140e-02,-0.0373438,0.00102438
2.8150e-02,-0.061875,0.00121531
2.8160e-02,-0.0485938,-0.00016
2.8170e-02,-0.051875,-0.000209688
2.8180e-02,-0.0534375,-0.000533438
2.8190e-02,-0.0451563,-0.000341875
2.8200e-02,-0.055,4.0625e-05
2.8210e-02,-0.05375,0.000814375
2.8220e-02,-0.0425,0
2.8230e-02,-0.0345312,-0.000870313
2.8240e-02,-0.04,-0.00171156
2.8250e-02,-0.0426562,-0.000787813
2.8260e-02,-0.048125,0.000185313
2.8270e-02,-0.0335937,0.00214281
2.8280e-02,-0.0492188,0.000751875
2.8290e-02,-0.0445313,-0.000125313
2.8300e-02,-0.0578125,-0.00157344
2.8310e-02,-0.0435938,-0.00148813
2.8320e-02,-0.0365625,-0.0004675
2.8330e-02,-0.0415625,0.00126625
2.8340e-02,-0.0521875,0.00211406
2.8350e-02,-0.048125,0.000792813
2.8360e-02,-0.0453125,-0.000740313
2.8370e-02,-0.0542187,-0.00168531
2.8380e-02,-0.0432813,-0.00172125
2.8390e-02,-0.0523437,0.000345
2.8400e-02,-0.0495312,0.00216281
2.8410e-02,-0.035625,0.00227688
2.8420e-02,-0.0420312,0.00251281
2.8430e-02,-0.0395313,0.00236156
2.8440e-02,-0.0501562,0.00227594
2.8450e-02,-0.0392187,0.00248344
2.8460e-02,-0.0459375,0.00234625
2.8470e-02,-0.0509375,0.00246719
2.8480e-02,-0.316094,0.00129188
2.8490e-02,0.68375,-0.00375094
2.8500e-02,0.349531,-0.00657406
2.8510e-02,1.35828,-0.008
2.8520e-02,0.802344,-0.00828937
2.8530e-02,0.103125,-0.00822875
2.8540e-02,0.114531,-0.00833313
2.8550e-02,0.0929688,-0.00820156
2.8560e-02,0.0701563,-0.00827375
2.8570e-02,0.0796875,-0.00816313
2.8580e-02,0.0690625,-0.00803594
2.8590e-02,0.0485937,-0.00808656
2.8600e-02,0.0504687,-0.00812125
2.8610e-02,0.0332812,-0.00811281
2.8620e-02,0.0325,-0.00811
2.8630e-02,0.0385937,-0.00789844
2.8640e-02,0.0385937,-0.00814625
2.8650e-02,0.0442188,-0.00806688
2.8660e-02,0.015625,-0.00801438
2.8670e-02,0.0271875,-0.00789938
2.8680e-02,0.03,-0.00802344
2.8690e-02,0.0339062,-0.007945
2.8700e-02,0.02,-0.00789156
2.8710e-02,0.01875,-0.00798094
2.8720e-02,0.0165625,-0.00796219
2.8730e-02,0.015625,-0.00765313
2.8740e-02,0.0148437,-0.00290438
2.8750e-02,0.015,0.00066125
2.8760e-02,0.00515625,0.000567813
2.8770e-02,0.01875,-0.00117469
2.8780e-02,-0.00125,-0.00259813
2.8790e-02,0.0134375,-0.0015425
2.8800e-02,0.00421875,0.000575313
2.8810e-02,-0.00140625,0.0021825
2.8820e-02,0.0065625,0.00182344
2.8830e-02,-0.00609375,0.000267813
2.8840e-02,0.0121875,-0.0014525
2.8850e-02,0.0053125,-0.00256125
2.8860e-02,0.00078125,-0.00112813
2.8870e-02,0.0059375,0.00133563
2.8880e-02,-0.00265625,0.00143813
2.8890e-02,0,0.000595938
2.8900e-02,0.01125,-0.00173563
2.8910e-02,-0.000625,-0.00181406
2.8920e-02,-0.003125,-0.00154813
2.8930e-02,0.003125,0.000465
2.8940e-02,0.0090625,0.00112375
2.8950e-02,0.0021875,0.000842813
2.8960e-02,0.005625,0.000239063
2.8970e-02,-0.0146875,-0.000562188
2.8980e-02,0.00515625,-0.000436875
2.8990e-02,-0.0003125,2.65625e-05
2.9000e-02,-0.0009375,0.000848125
2.9010e-02,-0.01625,0.00053375
2.9020e-02,0.0021875,0.000149687
2.9030e-02,-0.00703125,-0.00104719
2.9040e-02,-0.0096875,-0.00113594
2.9050e-02,0.0078125,-0.000487188
2.9060e-02,-0.0034375,0.000526875
2.9070e-02,0.000625,0.000260313
2.9080e-02,-0.0021875,0.00021875
2.9090e-02,-0.00734375,-0.00084625
2.9100e-02,-0.008125,-0.000805625
2.9110e-02,0.001875,-0.000704688
2.9120e-02,-0.00703125,-7.4375e-05
2.9130e-02,-0.0053125,0.000730313
2.9140e-02,-0.003125,0.000540312
2.9150e-02,-0.0104688,0.0004975
2.9160e-02,-0.01625,-0.000564688
2.9170e-02,-0.005625,-0.00102281
2.9180e-02,-0.00421875,-0.000207813
2.9190e-02,-0.0159375,0.000355625
2.9200e-02,-0.0170313,1.875e-05
2.9210e-02,-0.0153125,0.00026875
2.9220e-02,-0.0179687,-0.000140938
2.9230e-02,-0.0232812,-0.0003175
2.9240e-02,0.00234375,-0.000220313
2.9250e-02,-0.00703125,0.000118438
2.9260e-02,0.00234375,-0.0004425
2.9270e-02,-0.00609375,0.000287188
2.9280e-02,-0.0109375,9.21875e-05
2.9290e-02,-0.0189062,0.000277813
2.9300e-02,-0.0140625,0.000202813
2.9310e-02,-0.00765625,-4.5625e-05
2.9320e-02,-0.0221875,-3.375e-05
2.9330e-02,-0.009375,-0.000430313
2.9340e-02,-0.0167188,9.6875e-05
2.9350e-02,-0.02375,0.000535313
2.9360e-02,-0.019375,0.00046125
2.9370e-02,-0.0185937,9.375e-07
2.9380e-02,-0.0028125,0.0003175
2.9390e-02,-0.00796875,0.000194688
2.9400e-02,-0.0120313,0.000234063
2.9410e-02,-0.02125,0.000481563
2.9420e-02,-0.00578125,0.00014875
2.9430e-02,-0.00484375,6.34375e-05
2.9440e-02,-0.00875,-0.000241875
2.9450e-02,-0.00359375,0.000165938
2.9460e-02,-0.0090625,-0.000255313
2.9470e-02,-0.0170313,0.00066
2.9480e-02,-0.0214063,0.000248438
2.9490e-02,-0.0175,0.000304687
2.9500e-02,-0.0242188,-0.0007375
2.9510e-02,-0.0171875,-0.000530938
2.9520e-02,-0.0201563,-0.000262187
2.9530e-02,-0.0189062,-0.000167813
2.9540e-02,-0.0296875,0.000394063
2.9550e-02,-0.026875,-0.000207813
2.9560e-02,-0.0173438,0.000460938
2.9570e-02,-0.0220313,-6.84375e-05
2.9580e-02,-0.0096875,-0.000154063
2.9590e-02,-0.0226562,0.000387188
2.9600e-02,-0.0196875,0.000520313
2.9610e-02,-0.0215625,8.53125e-05
2.9620e-02,-0.0264062,-4.34375e-05
2.9630e-02,-0.0146875,0.000112188
2.9640e-02,-0.0154687,0.000257188
2.9650e-02,-0.0229687,0.000171875
2.9660e-02,-0.0146875,0.000175938
2.9670e-02,-0.00765625,0.000814375
2.9680e-02,-0.0178125,0.000410313
2.9690e-02,-0.014375,0.00012375
2.9700e-02,-0.0235938,-0.0005525
2.9710e-02,-0.0171875,-0.00021
2.9720e-02,-0.0159375,7.0625e-05
2.9730e-02,-0.0229687,0.00014875
2.9740e-02,-0.0171875,0.000107188
2.9750e-02,-0.025,5.71875e-05
2.9760e-02,-0.019375,-0.00040375
2.9770e-02,-0.0253125,-0.000189688
2.9780e-02,-0.0303125,-0.000625313
2.9790e-02,-0.0289063,0.000291875
2.9800e-02,-0.0353125,0.000202813
2.9810e-02,-0.0129688,0.000410313
2.9820e-02,-0.0229687,0.000139688
2.9830e-02,-0.0251563,7.9375e-05
2.9840e-02,-0.0120313,0.000341875
2.9850e-02,-0.025,-9.53125e-05
2.9860e-02,-0.0257812,0.000183438
2.9870e-02,-0.0140625,0.00017125
2.9880e-02,-0.0273438,6.65625e-05
2.9890e-02,-0.01875,-0.000186563
2.9900e-02,-0.0259375,-0.00063375
2.9910e-02,-0.0170313,-0.000274375
2.9920e-02,-0.025,0.000194375
2.9930e-02,-0.0278125,-0.000363125
2.9940e-02,-0.0220313,0.000345313
2.9950e-02,-0.0242188,0.0004375
2.9960e-02,-0.0273438,0.000336563
2.9970e-02,-0.0178125,-0.000244063
2.9980e-02,-0.0290625,-0.000256875
2.9990e-02,-0.0225,4.0625e-05
3.0000e-02,-0.0165625,0.000364063
3.0010e-02,-0.0275,0.000312188
3.0020e-02,-0.0317188,-0.000375313
3.0030e-02,-0.0210938,-0.000493125
3.0040e-02,-0.0320312,-0.000474375
3.0050e-02,-0.0279688,0.00015375
3.0060e-02,-0.0176563,5.28125e-05
3.0070e-02,-0.0246875,0.000540312
3.0080e-02,-0.0201563,0.000484063
3.0090e-02,-0.0323438,-0.000274375
3.0100e-02,-0.0260937,3.03125e-05
3.0110e-02,-0.0196875,0.000676563
3.0120e-02,-0.02625,-0.000261875
3.0130e-02,-0.0320312,-6.40625e-05
3.0140e-02,-0.0298438,2.46875e-05
3.0150e-02,-0.025,0.000583125
3.0160e-02,-0.0335937,-0.000133438
3.0170e-02,-0.0135937,5.59375e-05
3.0180e-02,-0.0203125,-0.000140938
3.0190e-02,-0.0298438,-1.9375e-05
3.0200e-02,-0.0179687,8.15625e-05
3.0210e-02,-0.0315625,0.000291875
3.0220e-02,-0.0214063,-0.000270313
3.0230e-02,-0.0234375,-0.000124375
3.0240e-02,-0.0307813,0.000188438
3.0250e-02,-0.0226562,-0.00053625
3.0260e-02,-0.0270312,-6.0625e-05
3.0270e-02,-0.03,0.00043
3.0280e-02,-0.0267187,-0.000440625
3.0290e-02,-0.028125,-0.000659375
3.0300e-02,-0.0170313,0.000502188
3.0310e-02,-0.0303125,0.0002325
3.0320e-02,-0.0264062,0.000348125
3.0330e-02,-0.01875,0.00025625
3.0340e-02,-0.0267187,-0.000292188
3.0350e-02,-0.0285938,5.65625e-05
3.0360e-02,-0.016875,-0.000130313
3.0370e-02,-0.03875,0.000373438
3.0380e-02,-0.031875,0.000312813
3.0390e-02,-0.031875,0.000492188
3.0400e-02,-0.028125,-0.000205
3.0410e-02,-0.0367188,-0.000570938
3.0420e-02,-0.02,0.000115625
3.0430e-02,-0.0260937,-8.6875e-05
3.0440e-02,-0.023125,-0.000144063
3.0450e-02,-0.0364063,0.000455
3.0460e-02,-0.0321875,0.000142188
3.0470e-02,-0.0314062,0.000516563
3.0480e-02,-0.0239063,0.000168438
3.0490e-02,-0.0284375,0.000436563
3.0500e-02,-0.0271875,0.000524688
3.0510e-02,-0.0346875,0.000300313
3.0520e-02,-0.0292188,0.000669063
3.0530e-02,-0.0190625,-0.000245625
3.0540e-02,-0.0221875,-0.000540625
3.0550e-02,-0.0285938,-2.96875e-05
3.0560e-02,-0.0301563,0.000452188
3.0570e-02,-0.0321875,0.00055875
3.0580e-02,-0.026875,0.000564375
3.0590e-02,-0.0242188,0.000633438
3.0600e-02,-0.0342187,0.000330938
3.0610e-02,-0.0303125,0.000135625
3.0620e-02,-0.0307813,-0.00035125
3.0630e-02,-0.0284375,-0.00012625
3.0640e-02,-0.0314062,0.000182188
3.0650e-02,-0.02875,0.00033375
3.0660e-02,-0.0326562,0.00022375
3.0670e-02,-0.0303125,-0.000664063
3.0680e-02,-0.0292188,-0.000686875
3.0690e-02,-0.0371875,0.000496563
3.0700e-02,-0.0310937,-0.000149063
3.0710e-02,-0.0234375,0.000575313
3.0720e-02,-0.0210938,9.90625e-05
3.0730e-02,-0.0285938,0.000482813
3.0740e-02,-0.0359375,-0.000156563
3.0750e-02,-0.0359375,-0.000137188
3.0760e-02,-0.0257812,-0.000434688
3.0770e-02,-0.0289063,-4.25e-05
3.0780e-02,-0.0239063,0.000386875
3.0790e-02,-0.0414063,0.000193438
3.0800e-02,-0.0282813,-0.0003625
3.0810e-02,-0.0301563,-0.000488438
3.0820e-02,-0.0401563,-0.000412813
3.0830e-02,-0.0234375,-0.00015625
3.0840e-02,-0.0228125,0.000299688
3.0850e-02,-0.0245313,0.000135938
3.0860e-02,-0.0439063,0.000415938
3.0870e-02,-0.0414063,0.00059625
3.0880e-02,-0.0376563,0.000291563
3.0890e-02,-0.0234375,0.0002475
3.0900e-02,-0.0364063,0.000764063
3.0910e-02,-0.0329688,0.0002275
3.0920e-02,-0.0307813,0.000461875
3.0930e-02,-0.03625,0.00065
3.0940e-02,-0.0285938,0.000200625
3.0950e-02,-0.0382813,-0.000242188
3.0960e-02,-0.0482812,0.000304375
3.0970e-02,-0.0325,0.00032875
3.0980e-02,-0.0259375,0.00049875
3.0990e-02,-0.0442188,0.000183438
3.1000e-02,-0.0353125,-0.000740625
3.1010e-02,-0.0417187,-1.25e-06
3.1020e-02,-0.0303125,-9.59375e-05
3.1030e-02,-0.0228125,-0.00021875
3.1040e-02,-0.0295313,0.000155
3.1050e-02,-0.043125,-0.000145938
3.1060e-02,-0.0453125,-0.000259063
3.1070e-02,-0.02875,-0.000325938
3.1080e-02,-0.043125,-2.40625e-05
3.1090e-02,-0.0275,0.000189375
3.1100e-02,-0.0307813,0.00035375
3.1110e-02,-0.0471875,0.000341563
3.1120e-02,-0.0332812,-7.1875e-06
3.1130e-02,-0.02625,-3.53125e-05
3.1140e-02,-0.0270312,-0.000808438
3.1150e-02,-0.0467188,-0.000393438
3.1160e-02,-0.0329688,-0.0001
3.1170e-02,-0.0332812,0.000130313
3.1180e-02,-0.0340625,-0.000180313
3.1190e-02,-0.02375,-0.000737813
3.1200e-02,-0.03375,-0.0003625
3.1210e-02,-0.0367188,-0.00046
3.1220e-02,-0.0314062,4.71875e-05
3.1230e-02,-0.0320312,0.00055625
3.1240e-02,-0.0428125,0.00020375
3.1250e-02,-0.0392187,0.000465313
3.1260e-02,-0.0257812,-1.34375e-05
3.1270e-02,-0.0485938,5.21875e-05
3.1280e-02,-0.0254688,0.000560938
3.1290e-02,-0.033125,0.0011575
3.1300e-02,-0.0448438,0.0007175
3.1310e-02,-0.0370313,0.00032
3.1320e-02,-0.033125,-0.0005325
3.1330e-02,-0.02625,0.0004175
3.1340e-02,-0.0415625,0.000120313
3.1350e-02,-0.0392187,0.000594688
3.1360e-02,-0.0420312,0.000941875
3.1370e-02,-0.0320312,0.000462813
3.1380e-02,-0.03125,0.000525313
3.1390e-02,-0.0425,-0.000782188
3.1400e-02,-0.0314062,-0.000946875
3.1410e-02,-0.0214063,-0.000315625
3.1420e-02,-0.0335937,0.000343125
3.1430e-02,-0.02625,0.00061375
3.1440e-02,-0.0292188,0.000285313
3.1450e-02,-0.0460938,-6.84375e-05
3.1460e-02,-0.0332812,0.000289375
3.1470e-02,-0.033125,1.875e-05
3.1480e-02,-0.03375,0.000326563
3.1490e-02,-0.0370313,0.000541563
3.1500e-02,-0.0270312,0.00108469
3.1510e-02,-0.0376563,0.000379688
3.1520e-02,-0.0289063,0.000105
3.1530e-02,-0.0379688,-0.000169063
3.1540e-02,-0.0342187,7.125e-05
3.1550e-02,-0.0442188,8.03125e-05
3.1560e-02,-0.04125,0.000820625
3.1570e-02,-0.0346875,0.00023375
3.1580e-02,-0.02625,-0.000225625
3.1590e-02,-0.0304688,-4.6875e-05
3.1600e-02,-0.0304688,-0.000764063
3.1610e-02,-0.0373438,-5.5e-05
3.1620e-02,-0.035,-0.000234063
3.1630e-02,-0.033125,0.00080125
3.1640e-02,-0.034375,0.0003775
3.1650e-02,-0.0401563,0.00027875
3.1660e-02,-0.033125,-0.000745
3.1670e-02,-0.0440625,-0.000195
3.1680e-02,-0.03375,0.000564688
3.1690e-02,-0.0409375,0.000685625
3.1700e-02,-0.0309375,0.000557813
3.1710e-02,-0.040625,0.000466875
3.1720e-02,-0.04125,0.000212188
3.1730e-02,-0.04625,-0.000514688
3.1740e-02,-0.0345312,-0.000222813
3.1750e-02,-0.0378125,0.00103469
3.1760e-02,-0.0346875,0.000923438
3.1770e-02,-0.0376563,0.000804375
3.1780e-02,-0.035,-3e-05
3.1790e-02,-0.0384375,-7.71875e-05
3.1800e-02,-0.0335937,0.000145313
3.1810e-02,-0.038125,-0.000559063
3.1820e-02,-0.045,0.000489687
3.1830e-02,-0.0307813,0.000710625
3.1840e-02,-0.0254688,-1.6875e-05
3.1850e-02,-0.0445313,-0.000507813
3.1860e-02,-0.0398437,-0.00140375
3.1870e-02,-0.0295313,-0.00043875
3.1880e-02,-0.03625,2.28125e-05
3.1890e-02,-0.0451563,0.00013375
3.1900e-02,-0.0384375,0.000378125
3.1910e-02,-0.0309375,-1e-05
3.1920e-02,-0.0417187,-0.00110438
3.1930e-02,-0.0407813,-0.00099625
3.1940e-02,-0.0426562,-0.000360938
3.1950e-02,-0.0532813,0.00021375
3.1960e-02,-0.0392187,0.00099125
3.1970e-02,-0.0535937,0.0009925
3.1980e-02,-0.0382813,0.000373125
3.1990e-02,-0.030625,-0.000987188
3.2000e-02,-0.029375,-0.00154938
3.2010e-02,-0.0445313,0.000530313
3.2020e-02,-0.039375,0.00132625
3.2030e-02,-0.044375,0.00122
3.2040e-02,-0.0528125,0.000751563
3.2050e-02,-0.035,-0.000708438
3.2060e-02,-0.0410937,-0.00138906
3.2070e-02,-0.0473438,-0.000344063
3.2080e-02,-0.0392187,0.00092125
3.2090e-02,-0.0403125,0.00190281
3.2100e-02,-0.0345312,0.0013075
3.2110e-02,-0.0335937,-3.53125e-05
3.2120e-02,-0.0420312,-0.0017525
3.2130e-02,-0.0421875,-0.00173281
3.2140e-02,-0.0326562,-0.0001975
3.2150e-02,-0.0360938,0.002125
3.2160e-02,-0.0246875,0.00183406
3.2170e-02,-0.029375,0.000594688
3.2180e-02,-0.0279688,-0.0017125
3.2190e-02,-0.0375,-0.0017825
3.2200e-02,-0.0346875,-0.00119719
3.2210e-02,-0.0353125,0.00172031
3.2220e-02,-0.0284375,0.0025675
3.2230e-02,-0.0398437,0.00110219
3.2240e-02,-0.0389063,-0.00114437
3.2250e-02,-0.0295313,-0.00272688
3.2260e-02,-0.0485938,-0.00209875
3.2270e-02,-0.0432813,0.000730938
3.2280e-02,-0.0432813,0.00311781
3.2290e-02,-0.0429688,0.00282094
3.2300e-02,-0.038125,0.000174063
3.2310e-02,-0.0409375,-0.00278781
3.2320e-02,-0.0473438,-0.00449031
3.2330e-02,-0.023125,-0.00166063
3.2340e-02,-0.0348437,0.00269906
3.2350e-02,-0.0523437,0.00412031
3.2360e-02,-0.0395313,0.00164719
3.2370e-02,-0.0451563,-0.00221625
3.2380e-02,-0.041875,-0.00421719
3.2390e-02,-0.04375,-0.00327188
3.2400e-02,-0.05375,0.000632813
3.2410e-02,-0.044375,0.00367094
3.2420e-02,-0.0351562,0.00387063
3.2430e-02,-0.0345312,0.000523125
3.2440e-02,-0.0220313,-0.00371813
3.2450e-02,-0.0432813,-0.00524156
3.2460e-02,-0.0470312,-0.0020225
3.2470e-02,-0.03625,0.00240531
3.2480e-02,-0.0453125,0.00473625
3.2490e-02,-0.0423437,0.00328031
3.2500e-02,-0.0376563,-0.00158438
3.2510e-02,-0.0390625,-0.00467031
3.2520e-02,-0.0379688,-0.00452656
3.2530e-02,-0.0375,-0.000170313
3.2540e-02,-0.0548437,0.00424469
3.2550e-02,-0.0392187,0.00521906
3.2560e-02,-0.0529687,0.00147094
3.2570e-02,-0.0396875,-0.00230313
3.2580e-02,-0.0417187,-0.00477625
3.2590e-02,-0.0465625,-0.00288938
3.2600e-02,-0.0409375,0.00108625
3.2610e-02,-0.0340625,0.00470875
3.2620e-02,-0.04,0.00378
3.2630e-02,-0.0328125,0.000159375
3.2640e-02,-0.0565625,-0.00355625
3.2650e-02,-0.04625,-0.00382188
3.2660e-02,-0.0454688,-0.000734063
3.2670e-02,-0.0473438,0.00257906
3.2680e-02,-0.0382813,0.00443375
3.2690e-02,-0.0439063,0.00194313
3.2700e-02,-0.0439063,-0.00128563
3.2710e-02,-0.0357813,-0.00308406
3.2720e-02,-0.0409375,-0.00261906
3.2730e-02,-0.0404687,0.00138469
3.2740e-02,-0.0404687,0.00345063
3.2750e-02,-0.0382813,0.00252938
3.2760e-02,-0.0465625,-0.000590938
3.2770e-02,-0.0460938,-0.00232563
3.2780e-02,-0.0429688,-0.00226656
3.2790e-02,-0.0478125,-0.000449375
3.2800e-02,-0.0379688,0.00224969
3.2810e-02,-0.0439063,0.00235563
3.2820e-02,-0.0404687,0.000800938
3.2830e-02,-0.0339062,-0.00185906
3.2840e-02,-0.0467188,-0.00247125
3.2850e-02,-0.0389063,-0.00114844
3.2860e-02,-0.0426562,0.000505625
3.2870e-02,-0.0390625,0.00133281
3.2880e-02,-0.0434375,0.00089125
3.2890e-02,-0.0401563,-0.000355313
3.2900e-02,-0.0290625,-0.00162969
3.2910e-02,-0.0467188,-0.00111188
3.2920e-02,-0.0414063,0.000496875
3.2930e-02,-0.04,0.00214875
3.2940e-02,-0.0398437,0.00137156
3.2950e-02,-0.0415625,0.000190625
3.2960e-02,-0.0428125,-0.00106406
3.2970e-02,-0.0320312,-0.00197094
3.2980e-02,-0.038125,-0.000321875
3.2990e-02,-0.0504687,-0.000189375
3.3000e-02,-0.0310937,0.00187969
3.3010e-02,-0.035625,0.00101938
3.3020e-02,-0.04125,-0.0009
3.3030e-02,-0.0429688,-0.00154594
3.3040e-02,-0.0440625,-0.000503125
3.3050e-02,-0.0507812,-4.03125e-05
3.3060e-02,-0.0229687,0.00136281
3.3070e-02,-0.0417187,0.00102063
3.3080e-02,-0.0240625,-1.65625e-05
3.3090e-02,-0.038125,-0.000475313
3.3100e-02,-0.055,-0.001125
3.3110e-02,-0.0334375,-0.000468438
3.3120e-02,-0.0325,0.000149687
3.3130e-02,-0.0395313,0.000739688
3.3140e-02,-0.040625,0.000638125
3.3150e-02,-0.0353125,0.000150313
3.3160e-02,-0.03375,-0.000557813
3.3170e-02,-0.0507812,-0.000252188
3.3180e-02,-0.043125,0.000742188
3.3190e-02,-0.0379688,0.00133031
3.3200e-02,-0.0442188,0.00100656
3.3210e-02,-0.0354688,-0.000291875
3.3220e-02,-0.035625,-0.000611563
3.3230e-02,-0.0434375,-0.000961563
3.3240e-02,-0.03875,-0.000520313
3.3250e-02,-0.0492188,-0.00034
3.3260e-02,-0.0410937,-6.625e-05
3.3270e-02,-0.0370313,-0.000111563
3.3280e-02,-0.0389063,-2.71875e-05
3.3290e-02,-0.0457813,-0.000684375
3.3300e-02,-0.0407813,-0.0004225
3.3310e-02,-0.0401563,0.000666875
3.3320e-02,-0.044375,0.000744375
3.3330e-02,-0.0403125,0.0006675
3.3340e-02,-0.0364063,0.00034875
3.3350e-02,-0.0409375,-0.000301563
3.3360e-02,-0.039375,9.9375e-05
3.3370e-02,-0.0470312,0.000353438
3.3380e-02,-0.0454688,0.000257813
3.3390e-02,-0.0389063,0.000625
3.3400e-02,-0.0489062,0.00052875
3.3410e-02,-0.0342187,0.000400313
3.3420e-02,-0.0451563,-0.000306875
3.3430e-02,-0.0403125,-0.000257188
3.3440e-02,-0.0407813,-0.000659375
3.3450e-02,-0.0470312,0.000200625
3.3460e-02,-0.035625,0.000660625
3.3470e-02,-0.0384375,0.0006375
3.3480e-02,-0.0339062,-0.000583438
3.3490e-02,-0.0540625,-0.000825625
3.3500e-02,-0.044375,0.000450313
3.3510e-02,-0.0457813,4.1875e-05
3.3520e-02,-0.043125,0.000679375
3.3530e-02,-0.0384375,0.000585625
3.3540e-02,-0.0435938,0.000577188
3.3550e-02,-0.0578125,-1.46875e-05
3.3560e-02,-0.0470312,-2.09375e-05
3.3570e-02,-0.0428125,-0.000515
3.3580e-02,-0.0489062,0.000158438
3.3590e-02,-0.0348437,-0.00034125
3.3600e-02,-0.0501562,-0.000203125
3.3610e-02,-0.0395313,-0.0002275
3.3620e-02,-0.044375,-0.000334688
3.3630e-02,-0.0467188,8.625e-05
3.3640e-02,-0.0439063,-0.000260313
3.3650e-02,-0.0460938,-7.875e-05
3.3660e-02,-0.0315625,9.6875e-06
3.3670e-02,-0.0360938,0.00027625
3.3680e-02,-0.0546875,-9.875e-05
3.3690e-02,-0.0476562,-0.000108438
3.3700e-02,-0.0470312,0.000401563
3.3710e-02,-0.038125,0.000134688
3.3720e-02,-0.0417187,1.4375e-05
3.3730e-02,-0.0470312,0.00063625
3.3740e-02,-0.0425,-0.000506563
3.3750e-02,-0.0467188,-0.000492188
3.3760e-02,-0.0376563,-0.000664375
3.3770e-02,-0.0440625,0.0005425
3.3780e-02,-0.0479688,0.000159063
3.3790e-02,-0.048125,0.000409375
3.3800e-02,-0.0395313,-4.4375e-05
3.3810e-02,-0.0445313,-0.00023125
3.3820e-02,-0.0426562,-0.000255938
3.3830e-02,-0.0454688,0.000306875
3.3840e-02,-0.0420312,0.000149375
3.3850e-02,-0.0389063,-0.000122188
3.3860e-02,-0.0510938,0.000302813
3.3870e-02,-0.0515625,0.000304687
3.3880e-02,-0.0354688,-0.00028375
3.3890e-02,-0.0415625,-0.00023375
3.3900e-02,-0.0404687,0.000166563
3.3910e-02,-0.0501562,-6.25e-07
3.3920e-02,-0.0342187,-0.000272188
3.3930e-02,-0.033125,0.0001875
3.3940e-02,-0.0395313,-0.000213125
3.3950e-02,-0.0453125,-0.000918438
3.3960e-02,-0.0401563,-0.000319688
3.3970e-02,-0.0503125,-1.46875e-05
3.3980e-02,-0.053125,0.000485
3.3990e-02,-0.0346875,-0.000143125
3.4000e-02,-0.0434375,-0.000448438
3.4010e-02,-0.0448438,-0.000503125
3.4020e-02,-0.0464062,9.25e-05
3.4030e-02,-0.0492188,0.000138438
3.4040e-02,-0.0446875,0.000312813
3.4050e-02,-0.0348437,0.000616875
3.4060e-02,-0.030625,0.00055125
3.4070e-02,-0.0420312,0.000462188
3.4080e-02,-0.048125,-3.6875e-05
3.4090e-02,-0.0385937,-0.000373438
3.4100e-02,-0.0432813,0.000154063
3.4110e-02,-0.049375,0.000194063
3.4120e-02,-0.0476562,-0.000565625
3.4130e-02,-0.0526563,0.000175313
3.4140e-02,-0.0592188,0.000330313
3.4150e-02,-0.0496875,0.00052125
3.4160e-02,-0.0364063,-0.000130938
3.4170e-02,-0.0428125,0.00022625
3.4180e-02,-0.0459375,0.000581563
3.4190e-02,-0.0510938,0.00032875
3.4200e-02,-0.0434375,7.40625e-05
3.4210e-02,-0.0521875,0.00078
3.4220e-02,-0.0479688,0.00057875
3.4230e-02,-0.0340625,0.000371875
3.4240e-02,-0.0301563,-0.000219688
3.4250e-02,-0.0434375,-0.000366563
3.4260e-02,-0.0440625,-0.000363125
3.4270e-02,-0.0334375,-4.21875e-05
3.4280e-02,-0.0465625,-0.000513125
3.4290e-02,-0.0515625,-0.00064125
3.4300e-02,-0.0415625,-0.000559688
3.4310e-02,-0.0285938,-0.000224688
3.4320e-02,-0.0509375,-0.00025875
3.4330e-02,-0.0460938,0.000316563
3.4340e-02,-0.0432813,5.65625e-05
3.4350e-02,-0.0404687,0.000531563
3.4360e-02,-0.0540625,-8.40625e-05
3.4370e-02,-0.046875,-9.15625e-05
3.4380e-02,-0.0489062,-0.000116875
3.4390e-02,-0.0489062,0.000374375
3.4400e-02,-0.038125,-0.000334375
3.4410e-02,-0.0440625,-0.000405938
3.4420e-02,-0.0421875,1.84375e-05
3.4430e-02,-0.0304688,-0.000191563
3.4440e-02,-0.0454688,-0.000485
3.4450e-02,-0.0509375,-0.0007825
3.4460e-02,-0.0410937,-0.00047375
3.4470e-02,-0.0515625,-0.000404063
3.4480e-02,-0.0470312,-0.000317188
3.4490e-02,-0.0489062,-0.0002575
3.4500e-02,-0.0446875,-0.000473125
3.4510e-02,-0.0471875,0.000561562
3.4520e-02,-0.0440625,0.000113125
3.4530e-02,-0.04,0.000585938
3.4540e-02,-0.04,0.000475938
3.4550e-02,-0.0617188,-0.00019875
3.4560e-02,-0.0503125,0.000819688
3.4570e-02,-0.0459375,0.00100062
3.4580e-02,-0.0495312,0.000290625
3.4590e-02,-0.055625,0.000484375
3.4600e-02,-0.0448438,0.000139688
3.4610e-02,-0.0446875,1.28125e-05
3.4620e-02,-0.0382813,-0.000428125
3.4630e-02,-0.059375,-0.000476563
3.4640e-02,-0.0520313,-0.000194688
3.4650e-02,-0.04875,-0.000207813
3.4660e-02,-0.0378125,-0.000832188
3.4670e-02,-0.0426562,-0.000565313
3.4680e-02,-0.04125,-0.000563438
3.4690e-02,-0.0417187,-0.000188125
3.4700e-02,-0.0489062,0.000754063
3.4710e-02,-0.0479688,-6.75e-05
3.4720e-02,-0.0417187,0.000780313
3.4730e-02,-0.04375,0.0002525
3.4740e-02,-0.04625,-8.3125e-05
3.4750e-02,-0.0373438,0.000594688
3.4760e-02,-0.0434375,0.00013
3.4770e-02,-0.0515625,0.000402188
3.4780e-02,-0.0485938,-0.000378438
3.4790e-02,-0.048125,0.000585313
3.4800e-02,-0.04875,-9.6875e-05
3.4810e-02,-0.0532813,1.25e-06
3.4820e-02,-0.038125,-6.25e-05
3.4830e-02,-0.0451563,0.000531875
3.4840e-02,-0.046875,-9.46875e-05
3.4850e-02,-0.0364063,0.00072375
3.4860e-02,-0.0332812,-0.000147188
3.4870e-02,-0.0475,-0.00025
3.4880e-02,-0.0407813,0.00010875
3.4890e-02,-0.0492188,0.00026375
3.4900e-02,-0.053125,-0.000224063
3.4910e-02,-0.0310937,-0.000275313
3.4920e-02,-0.0489062,-0.000471563
3.4930e-02,-0.0295313,-0.000367188
3.4940e-02,-0.0420312,-0.00156188
3.4950e-02,-0.051875,-0.000434063
3.4960e-02,-0.0354688,-4.46875e-05
3.4970e-02,-0.0464062,-0.000312188
3.4980e-02,-0.0496875,-0.000498125
3.4990e-02,-0.04875,-0.000971563
3.5000e-02,-0.0404687,-0.0001425
3.5010e-02,-0.0496875,-0.00041875
3.5020e-02,-0.038125,0.000444063
3.5030e-02,-0.0490625,-0.000196563
3.5040e-02,-0.0376563,-0.000316875
3.5050e-02,-0.0471875,8.4375e-05
3.5060e-02,-0.0567187,-0.000114375
3.5070e-02,-0.0473438,-0.000454688
3.5080e-02,-0.0473438,-0.0009675
3.5090e-02,-0.0292188,-0.00022875
3.5100e-02,-0.0357813,0.000643125
3.5110e-02,-0.0510938,0.000255625
3.5120e-02,-0.0601562,6.875e-05
3.5130e-02,-0.0475,8.4375e-06
3.5140e-02,-0.0446875,-0.00043
3.5150e-02,-0.0460938,-9.59375e-05
3.5160e-02,-0.0260937,-7.78125e-05
3.5170e-02,-0.048125,-0.000655938
3.5180e-02,-0.0471875,1.71875e-05
3.5190e-02,-0.045625,-0.000165
3.5200e-02,-0.041875,-0.000388438
3.5210e-02,-0.0625,0.000124375
3.5220e-02,-0.0445313,-2.21875e-05
3.5230e-02,-0.0403125,0.0003525
3.5240e-02,-0.04875,-0.000411563
3.5250e-02,-0.0467188,-0.000965313
3.5260e-02,-0.0471875,-0.000444688
3.5270e-02,-0.0420312,-6.90625e-05
3.5280e-02,-0.0351562,0.000105
3.5290e-02,-0.0439063,0.000170625
3.5300e-02,-0.0375,0.000173125
3.5310e-02,-0.0389063,0.00015875
3.5320e-02,-0.0457813,-0.00037625
3.5330e-02,-0.0460938,-0.000513125
3.5340e-02,-0.0396875,0.000371563
3.5350e-02,-0.0475,0.000389688
3.5360e-02,-0.0471875,0.000672188
3.5370e-02,-0.02375,-3.4375e-06
3.5380e-02,-0.0523437,-0.00017625
3.5390e-02,-0.0370313,0.000141875
3.5400e-02,-0.0475,7.6875e-05
3.5410e-02,-0.0489062,0.000455313
3.5420e-02,-0.0465625,0.000485625
3.5430e-02,-0.041875,-0.000132813
3.5440e-02,-0.05,-0.000244063
3.5450e-02,-0.055,1.21875e-05
3.5460e-02,-0.0560937,5.25e-05
3.5470e-02,-0.036875,-0.000232813
3.5480e-02,-0.0482812,0.000162188
3.5490e-02,-0.0432813,-0.00012
3.5500e-02,-0.0521875,4.53125e-05
3.5510e-02,-0.0520313,-0.000972813
3.5520e-02,-0.0479688,-0.000800938
3.5530e-02,-0.0482812,0.000277188
3.5540e-02,-0.04875,0.000356875
3.5550e-02,-0.0492188,7.1875e-05
3.5560e-02,-0.0573437,0.000525625
3.5570e-02,-0.05375,0.000698125
3.5580e-02,-0.045625,-9.625e-05
3.5590e-02,-0.0396875,0.000108125
3.5600e-02,-0.0501562,0.000259688
3.5610e-02,-0.0471875,0.00038625
3.5620e-02,-0.054375,0.000361875
3.5630e-02,-0.0589063,-0.00051625
3.5640e-02,-0.0492188,-0.000313438
3.5650e-02,-0.0470312,-0.00100531
3.5660e-02,-0.0528125,-0.00077125
3.5670e-02,-0.0446875,-0.000521875
3.5680e-02,-0.04,-0.000165625
3.5690e-02,-0.0395313,0.000521562
3.5700e-02,-0.0501562,-0.00018625
3.5710e-02,-0.048125,3.125e-06
3.5720e-02,-0.0396875,-0.000312813
3.5730e-02,-0.0560937,3.84375e-05
3.5740e-02,-0.0475,0.0004725
3.5750e-02,-0.0367188,0.0004225
3.5760e-02,-0.0470312,0.00100813
3.5770e-02,-0.0521875,0.000689063
3.5780e-02,-0.0357813,0.000419375
3.5790e-02,-0.0398437,-0.000272188
3.5800e-02,-0.0420312,9.6875e-05
3.5810e-02,-0.0529687,0.000358125
3.5820e-02,-0.0479688,0.000374375
3.5830e-02,-0.0425,5e-06
3.5840e-02,-0.0446875,0.00021625
3.5850e-02,-0.05125,-0.000455
3.5860e-02,-0.0545313,-0.000676563
3.5870e-02,-0.0489062,-0.000630313
3.5880e-02,-0.033125,0.00016875
3.5890e-02,-0.0460938,0.000546563
3.5900e-02,-0.046875,-0.000712813
3.5910e-02,-0.051875,-0.0007425
3.5920e-02,-0.0553125,0.000308125
3.5930e-02,-0.0467188,-7.21875e-05
3.5940e-02,-0.0421875,0.00022
3.5950e-02,-0.0470312,0.000835313
3.5960e-02,-0.0526563,0.000514375
3.5970e-02,-0.041875,-0.000381875
3.5980e-02,-0.0478125,-0.00129813
3.5990e-02,-0.050625,-0.000596875
3.6000e-02,-0.0409375,0.00011375
3.6010e-02,-0.0414063,-7.53125e-05
3.6020e-02,-0.0504687,0.00046375
3.6030e-02,-0.053125,2.875e-05
3.6040e-02,-0.0428125,-0.000940313
3.6050e-02,-0.0529687,-0.00064125
3.6060e-02,-0.0415625,-0.000734688
3.6070e-02,-0.054375,0.00010125
3.6080e-02,-0.045625,0.000872813
3.6090e-02,-0.043125,0.000518125
3.6100e-02,-0.0495312,6.96875e-05
3.6110e-02,-0.0526563,-0.00094625
3.6120e-02,-0.0534375,-0.00100875
3.6130e-02,-0.0445313,0.000269063
3.6140e-02,-0.0425,0.00134
3.6150e-02,-0.0467188,0.00118781
3.6160e-02,-0.048125,0.000130938
3.6170e-02,-0.0435938,-0.00159375
3.6180e-02,-0.0528125,-0.001815
3.6190e-02,-0.0426562,-0.00050125
3.6200e-02,-0.0446875,0.000432188
3.6210e-02,-0.0548437,0.00129531
3.6220e-02,-0.053125,0.00052625
3.6230e-02,-0.0392187,-0.0010325
3.6240e-02,-0.0478125,-0.00123875
3.6250e-02,-0.0478125,-0.000831875
3.6260e-02,-0.0367188,-4.75e-05
3.6270e-02,-0.051875,0.00214063
3.6280e-02,-0.054375,0.00191875
3.6290e-02,-0.0453125,4.3125e-05
3.6300e-02,-0.05375,-0.0016125
3.6310e-02,-0.0542187,-0.00122906
3.6320e-02,-0.0465625,-7.78125e-05
3.6330e-02,-0.0467188,0.00144031
3.6340e-02,-0.0459375,0.00260344
3.6350e-02,-0.040625,0.00118
3.6360e-02,-0.0490625,-0.00086125
3.6370e-02,-0.0528125,-0.00268219
3.6380e-02,-0.0515625,-0.00225125
3.6390e-02,-0.0496875,0.000232813
3.6400e-02,-0.03,0.00245344
3.6410e-02,-0.04375,0.00333719
3.6420e-02,-0.0429688,0.00336406
3.6430e-02,-0.0417187,0.00318375
3.6440e-02,-0.041875,0.00328875
3.6450e-02,-0.0475,0.00322938
3.6460e-02,-0.0432813,0.00332188
3.6470e-02,-0.0520313,0.00308938
3.6480e-02,-0.364687,0.00273125
3.6490e-02,-0.640938,-0.00257563
3.6500e-02,0.453437,-0.005965
3.6510e-02,-1.10391,-0.00793281
3.6520e-02,1.00859,-0.00838563
3.6530e-02,0.0820312,-0.00804469
3.6540e-02,0.113438,-0.00800906
3.6550e-02,0.0914062,-0.00795906
3.6560e-02,0.0675,-0.00818531
3.6570e-02,0.0671875,-0.00791625
3.6580e-02,0.0626562,-0.00818844
3.6590e-02,0.0546875,-0.00799063
3.6600e-02,0.0389063,-0.00808344
3.6610e-02,0.0432812,-0.00797719
3.6620e-02,0.03375,-0.00786563
3.6630e-02,0.0421875,-0.00793219
3.6640e-02,0.0540625,-0.00811875
3.6650e-02,0.0267188,-0.00778625
3.6660e-02,0.0257813,-0.00781625
3.6670e-02,0.0245313,-0.00782906
3.6680e-02,0.0178125,-0.0077975
3.6690e-02,0.0298437,-0.00774281
3.6700e-02,0.01875,-0.00773719
3.6710e-02,0.0242188,-0.0079175
3.6720e-02,0.0114063,-0.00771906
3.6730e-02,0.0134375,-0.00765063
3.6740e-02,0.01375,-0.00433438
3.6750e-02,0.0157813,-0.000532187
3.6760e-02,0.0053125,0.000921875
3.6770e-02,0,-0.000645
3.6780e-02,0.01875,-0.00251344
3.6790e-02,0.00703125,-0.00215031
3.6800e-02,0.0117188,-0.00126688
3.6810e-02,-0.00109375,0.00154875
3.6820e-02,0.00546875,0.00216875
3.6830e-02,0.0151562,0.0009375
3.6840e-02,0.00390625,-0.000563125
3.6850e-02,0.0110937,-0.000731875
3.6860e-02,-0.0021875,-0.00046375
3.6870e-02,0.0025,0.000509688
3.6880e-02,-0.0040625,0.00158531
3.6890e-02,-0.00203125,0.000618125
3.6900e-02,0.01,-0.0004975
3.6910e-02,-0.00484375,-0.00142
3.6920e-02,0.000625,-0.00116406
3.6930e-02,0.0015625,-8.75e-06
3.6940e-02,-0.0028125,0.00113844
3.6950e-02,-0.00546875,0.000903125
3.6960e-02,-0.00109375,-4.90625e-05
3.6970e-02,-0.016875,-0.00078875
3.6980e-02,-0.0025,-0.00108875
3.6990e-02,0.00265625,0.000229688
3.7000e-02,-0.004375,0.0007125
3.7010e-02,-0.0140625,0.000774063
3.7020e-02,-0.010625,0.00034625
3.7030e-02,-0.00375,-0.0004925
3.7040e-02,-0.0201563,-0.0011825
3.7050e-02,-0.0078125,-0.000723438
3.7060e-02,-0.009375,0.000310625
3.7070e-02,0.0053125,0.000887188
3.7080e-02,-0.0120313,0.000529063
3.7090e-02,-0.0171875,-7.625e-05
3.7100e-02,-0.00390625,-0.00081125
3.7110e-02,-0.0104688,-0.000896875
3.7120e-02,-0.00703125,-0.000105313
3.7130e-02,-0.0167188,-6.46875e-05
3.7140e-02,-0.0015625,-7.8125e-06
3.7150e-02,-0.00671875,0.000312813
3.7160e-02,-0.00734375,0.0004275
3.7170e-02,-0.0167188,9.78125e-05
3.7180e-02,-0.0120313,-0.000433438
3.7190e-02,0.006875,0.000445625
3.7200e-02,-0.00390625,0.00044125
3.7210e-02,-0.00984375,-0.00042875
3.7220e-02,-0.00359375,-0.00024875
3.7230e-02,-0.0195312,0.000562813
3.7240e-02,-0.0125,6.1875e-05
3.7250e-02,-0.0204688,-0.000184688
3.7260e-02,-0.0115625,0.000114063
3.7270e-02,-0.0120313,0.000365313
3.7280e-02,-0.0220313,0.00114719
3.7290e-02,-0.00765625,0.000235938
3.7300e-02,-0.0248438,-0.000546563
3.7310e-02,-0.0157813,-0.0001475
3.7320e-02,-0.0159375,0.00115563
3.7330e-02,-0.0115625,0.00041625
3.7340e-02,-0.01125,0.000380625
3.7350e-02,-0.00953125,0.000765
3.7360e-02,-0.0196875,0.000297188
3.7370e-02,-0.00640625,6.40625e-05
3.7380e-02,-0.0154687,0.000126875
3.7390e-02,-0.0159375,-0.00050875
3.7400e-02,-0.0226562,0.000579688
3.7410e-02,-0.01875,0.000166875
3.7420e-02,-0.0182812,0.000405938
3.7430e-02,-0.0157813,0.000405938
3.7440e-02,-0.0165625,-0.0004625
3.7450e-02,-0.0246875,-0.000116875
3.7460e-02,-0.0175,0.000295625
3.7470e-02,-0.0245313,0.00054
3.7480e-02,-0.023125,0.000205625
3.7490e-02,-0.0157813,0.000120938
3.7500e-02,-0.0140625,-0.000198438
3.7510e-02,-0.0160938,-4.1875e-05
3.7520e-02,-0.0154687,0.000713125
3.7530e-02,-0.016875,1.125e-05
3.7540e-02,-0.0223437,0.000277188
3.7550e-02,-0.0278125,-0.0003525
3.7560e-02,-0.0282813,-0.00049875
3.7570e-02,-0.0279688,-0.00031875
3.7580e-02,-0.0225,-4.25e-05
3.7590e-02,-0.02375,-1.84375e-05
3.7600e-02,-0.0151562,0.000481563
3.7610e-02,-0.024375,0.000117813
3.7620e-02,-0.0217188,-1.25e-05
3.7630e-02,-0.0214063,-0.00010625
3.7640e-02,-0.0175,-0.000443125
3.7650e-02,-0.014375,4e-05
3.7660e-02,-0.0253125,0.00038375
3.7670e-02,-0.0204688,3.9375e-05
3.7680e-02,-0.0140625,0.000479375
3.7690e-02,-0.0201563,-7.875e-05
3.7700e-02,-0.0248438,0.00039125
3.7710e-02,-0.0209375,-0.000200625
3.7720e-02,-0.0239063,0.000281875
3.7730e-02,-0.0239063,0.000665625
3.7740e-02,-0.0203125,0.000418125
3.7750e-02,-0.0253125,0.000630625
3.7760e-02,-0.0310937,-0.00040625
3.7770e-02,-0.0229687,-4.5625e-05
3.7780e-02,-0.0103125,0.000429063
3.7790e-02,-0.0245313,0.000250313
3.7800e-02,-0.0110937,0.000503438
3.7810e-02,-0.0196875,-4.875e-05
3.7820e-02,-0.00953125,0.000245313
3.7830e-02,-0.0207813,0.000185938
3.7840e-02,-0.011875,0.000109063
3.7850e-02,-0.025,-6.9375e-05
3.7860e-02,-0.0053125,0.000327813
3.7870e-02,-0.0321875,0.000755625
3.7880e-02,-0.0323438,-0.000143438
3.7890e-02,-0.0146875,-2.59375e-05
3.7900e-02,-0.02875,0.000217188
3.7910e-02,-0.0360938,0.000191875
3.7920e-02,-0.0171875,0.000209688
3.7930e-02,-0.0229687,-0.000247813
3.7940e-02,-0.0276563,0.000264688
3.7950e-02,-0.018125,-0.000286875
3.7960e-02,-0.0175,0.000220938
3.7970e-02,-0.0245313,0.000329688
3.7980e-02,-0.0220313,8.28125e-05
3.7990e-02,-0.0285938,0.000605313
3.8000e-02,-0.0298438,0.000850313
3.8010e-02,-0.0251563,-0.000208125
3.8020e-02,-0.0198438,7.0625e-05
3.8030e-02,-0.0184375,-0.000285313
3.8040e-02,-0.0209375,-0.00042875
3.8050e-02,-0.0284375,-0.000345
3.8060e-02,-0.0235938,-8.3125e-05
3.8070e-02,-0.0253125,0.000108438
3.8080e-02,-0.0228125,-0.000299063
3.8090e-02,-0.02125,-0.000293125
3.8100e-02,-0.0301563,9.0625e-06
3.8110e-02,-0.0259375,-0.000194063
3.8120e-02,-0.0403125,-0.000530938
3.8130e-02,-0.0234375,-0.000370625
3.8140e-02,-0.0134375,-5.65625e-05
3.8150e-02,-0.0273438,0.000204375
3.8160e-02,-0.0209375,0.000548125
3.8170e-02,-0.023125,-0.000173438
3.8180e-02,-0.019375,0.00024
3.8190e-02,-0.0260937,0.000337188
3.8200e-02,-0.020625,4.6875e-05
3.8210e-02,-0.0265625,0.000214063
3.8220e-02,-0.0264062,-0.00042125
3.8230e-02,-0.0314062,-0.000368438
3.8240e-02,-0.0240625,0.000124063
3.8250e-02,-0.0209375,-0.000589688
3.8260e-02,-0.0390625,-0.000195313
3.8270e-02,-0.018125,-0.000189063
3.8280e-02,-0.0304688,-0.000403438
3.8290e-02,-0.029375,-0.000366563
3.8300e-02,-0.0270312,-0.000493438
3.8310e-02,-0.019375,0.000260313
3.8320e-02,-0.0090625,0.000199063
3.8330e-02,-0.019375,0.000245625
3.8340e-02,-0.0259375,0.000555938
3.8350e-02,-0.0185937,0.0005675
3.8360e-02,-0.0434375,0.000935625
3.8370e-02,-0.018125,0.000300938
3.8380e-02,-0.0215625,0.00014625
3.8390e-02,-0.03875,0.000375938
3.8400e-02,-0.0195312,0.000180625
3.8410e-02,-0.02625,8.4375e-05
3.8420e-02,-0.025,9.21875e-05
3.8430e-02,-0.0246875,2.15625e-05
3.8440e-02,-0.0207813,-2.78125e-05
3.8450e-02,-0.0265625,0.0002275
3.8460e-02,-0.03625,-0.000169063
3.8470e-02,-0.0304688,-0.000228438
3.8480e-02,-0.0260937,-1.5625e-05
3.8490e-02,-0.0321875,-2.84375e-05
3.8500e-02,-0.0273438,0.000148438
3.8510e-02,-0.0292188,5.21875e-05
3.8520e-02,-0.0353125,-9.375e-05
3.8530e-02,-0.0245313,0.000533438
3.8540e-02,-0.0145312,0.000302188
3.8550e-02,-0.0401563,-9.375e-06
3.8560e-02,-0.0296875,0.0003625
3.8570e-02,-0.0190625,0.000158125
3.8580e-02,-0.0307813,0.000184063
3.8590e-02,-0.0345312,-0.000359688
3.8600e-02,-0.0329688,-0.000115625
3.8610e-02,-0.03375,8.21875e-05
3.8620e-02,-0.0373438,-0.000355938
3.8630e-02,-0.0365625,-0.000377188
3.8640e-02,-0.0376563,-0.00045125
3.8650e-02,-0.0346875,-0.000280313
3.8660e-02,-0.0345312,3.875e-05
3.8670e-02,-0.0204688,-9.375e-06
3.8680e-02,-0.0392187,-0.000173438
3.8690e-02,-0.0251563,0.00022375
3.8700e-02,-0.03625,0.000449063
3.8710e-02,-0.0320312,0.000354688
3.8720e-02,-0.0396875,0.00031375
3.8730e-02,-0.025625,6e-05
3.8740e-02,-0.0279688,3.3125e-05
3.8750e-02,-0.0339062,-0.000485625
3.8760e-02,-0.034375,0.000313125
3.8770e-02,-0.0257812,0.000134688
3.8780e-02,-0.020625,0.000988125
3.8790e-02,-0.0342187,0.000289063
3.8800e-02,-0.0370313,0.000405938
3.8810e-02,-0.03,-0.00065625
3.8820e-02,-0.035,-0.000679063
3.8830e-02,-0.0373438,0.000468438
3.8840e-02,-0.0321875,-0.000368438
3.8850e-02,-0.035,-0.000379063
3.8860e-02,-0.02125,-0.0004275
3.8870e-02,-0.0384375,-0.000314063
3.8880e-02,-0.0315625,-0.000534688
3.8890e-02,-0.0346875,-0.000295
3.8900e-02,-0.0226562,0.000665938
3.8910e-02,-0.0471875,0.00101813
3.8920e-02,-0.0326562,0.00078125
3.8930e-02,-0.0279688,0.00023125
3.8940e-02,-0.0332812,5.28125e-05
3.8950e-02,-0.0442188,-0.000228125
3.8960e-02,-0.0359375,0.000637813
3.8970e-02,-0.0376563,0.000252812
3.8980e-02,-0.033125,0.0004225
3.8990e-02,-0.0270312,3.46875e-05
3.9000e-02,-0.025625,4.53125e-05
3.9010e-02,-0.0395313,-9.1875e-05
3.9020e-02,-0.039375,-8.4375e-05
3.9030e-02,-0.0389063,2.96875e-05
3.9040e-02,-0.0392187,0.000540312
3.9050e-02,-0.028125,0.000529687
3.9060e-02,-0.0340625,-3.375e-05
3.9070e-02,-0.0332812,-0.000454063
3.9080e-02,-0.031875,-0.000595938
3.9090e-02,-0.0301563,-0.00026
3.9100e-02,-0.0451563,-0.0006875
3.9110e-02,-0.0303125,-0.000187188
3.9120e-02,-0.0332812,0.000318125
3.9130e-02,-0.0378125,-0.000587813
3.9140e-02,-0.0321875,-0.000305313
3.9150e-02,-0.0409375,-0.0003825
3.9160e-02,-0.03375,0.000211875
3.9170e-02,-0.0265625,0.000483125
3.9180e-02,-0.033125,0.000656875
3.9190e-02,-0.0354688,-7.21875e-05
3.9200e-02,-0.0340625,8.4375e-06
3.9210e-02,-0.021875,-0.000510937
3.9220e-02,-0.0278125,-0.000251562
3.9230e-02,-0.0304688,0.00035375
3.9240e-02,-0.03875,0.000480938
3.9250e-02,-0.0317188,0.000145
3.9260e-02,-0.0260937,0.00023625
3.9270e-02,-0.0315625,-0.000978438
3.9280e-02,-0.0339062,-0.000310625
3.9290e-02,-0.0435938,-0.000246563
3.9300e-02,-0.0345312,-5.3125e-06
3.9310e-02,-0.0390625,-8.71875e-05
3.9320e-02,-0.024375,-0.000380313
3.9330e-02,-0.023125,-0.000155313
3.9340e-02,-0.046875,-0.000185625
3.9350e-02,-0.0309375,0.000374063
3.9360e-02,-0.0348437,0.00111188
3.9370e-02,-0.0323438,0.000431875
3.9380e-02,-0.036875,0.00017
3.9390e-02,-0.0428125,0.00035625
3.9400e-02,-0.0401563,-0.000634688
3.9410e-02,-0.0276563,0.000430938
3.9420e-02,-0.0382813,0.000695
3.9430e-02,-0.0276563,0.000252188
3.9440e-02,-0.0273438,0.000368438
3.9450e-02,-0.02875,0.000377813
3.9460e-02,-0.035625,-4.46875e-05
3.9470e-02,-0.0384375,-0.000135313
3.9480e-02,-0.0428125,-0.000120938
3.9490e-02,-0.0435938,1.96875e-05
3.9500e-02,-0.0310937,0.000466875
3.9510e-02,-0.0315625,0.000265938
3.9520e-02,-0.0339062,-0.000565
3.9530e-02,-0.0423437,-0.000442188
3.9540e-02,-0.043125,-0.00019375
3.9550e-02,-0.0235938,-0.000195313
3.9560e-02,-0.033125,0.00045125
3.9570e-02,-0.0360938,0.000614375
3.9580e-02,-0.03125,0.000549688
3.9590e-02,-0.0392187,-0.000373125
3.9600e-02,-0.0364063,-5.8125e-05
3.9610e-02,-0.0339062,9.8125e-05
3.9620e-02,-0.0432813,0.00011125
3.9630e-02,-0.0348437,0.000595
3.9640e-02,-0.039375,0.000724375
3.9650e-02,-0.0326562,0.000186875
3.9660e-02,-0.0351562,-0.00027875
3.9670e-02,-0.0384375,-0.000505625
3.9680e-02,-0.0421875,-0.000350625
3.9690e-02,-0.0373438,0.000175938
3.9700e-02,-0.039375,0.00019375
3.9710e-02,-0.03875,0.000210625
3.9720e-02,-0.0360938,-0.000246563
3.9730e-02,-0.0415625,-0.00054125
3.9740e-02,-0.0326562,0.000208125
3.9750e-02,-0.0217188,0.000238438
3.9760e-02,-0.0378125,0.000517813
3.9770e-02,-0.0489062,0.00139656
3.9780e-02,-0.046875,0.000409688
3.9790e-02,-0.0365625,0.000171563
3.9800e-02,-0.0235938,8.4375e-05
3.9810e-02,-0.043125,-0.000274375
3.9820e-02,-0.0389063,0.000335938
3.9830e-02,-0.0348437,0.000724375
3.9840e-02,-0.0465625,0.000461875
3.9850e-02,-0.0414063,0.000495313
3.9860e-02,-0.0292188,-0.000642188
3.9870e-02,-0.0303125,-0.000476875
3.9880e-02,-0.0314062,0.000517813
3.9890e-02,-0.0342187,0.00118313
3.9900e-02,-0.0392187,0.00137125
3.9910e-02,-0.041875,0.000235
3.9920e-02,-0.0375,-0.000231875
3.9930e-02,-0.035625,-0.000957813
3.9940e-02,-0.0375,-0.001245
3.9950e-02,-0.0292188,-7.09375e-05
3.9960e-02,-0.0371875,0.000895938
3.9970e-02,-0.040625,0.00120812
3.9980e-02,-0.0332812,0.000171875
3.9990e-02,-0.0396875,-0.00077625
4.0000e-02,-0.0298438,-0.00092
4.0010e-02,-0.0364063,-0.000416563
4.0020e-02,-0.033125,0.00153438
4.0030e-02,-0.03125,0.00213219
4.0040e-02,-0.0467188,0.00127375
4.0050e-02,-0.0265625,-0.000834063
4.0060e-02,-0.0371875,-0.00137438
4.0070e-02,-0.0359375,-0.00153125
4.0080e-02,-0.031875,0.000770938
4.0090e-02,-0.0395313,0.00147531
4.0100e-02,-0.0421875,0.00148969
4.0110e-02,-0.0376563,3.75e-05
4.0120e-02,-0.0459375,-0.00157813
4.0130e-02,-0.039375,-0.00148938
4.0140e-02,-0.0334375,-1.71875e-05
4.0150e-02,-0.041875,0.00150531
4.0160e-02,-0.0379688,0.0028675
4.0170e-02,-0.0320312,0.00101625
4.0180e-02,-0.0407813,-0.00177156
4.0190e-02,-0.0395313,-0.00175219
4.0200e-02,-0.0403125,-0.00145844
4.0210e-02,-0.0334375,0.00107406
4.0220e-02,-0.0270312,0.00267063
4.0230e-02,-0.0525,0.00163188
4.0240e-02,-0.0326562,-0.000160313
4.0250e-02,-0.0409375,-0.00220438
4.0260e-02,-0.0273438,-0.00191563
4.0270e-02,-0.0351562,-7.28125e-05
4.0280e-02,-0.048125,0.003055
4.0290e-02,-0.0392187,0.0037225
4.0300e-02,-0.0464062,0.00109156
4.0310e-02,-0.038125,-0.00286063
4.0320e-02,-0.0503125,-0.00371844
4.0330e-02,-0.0360938,-0.00173781
4.0340e-02,-0.0467188,0.00167563
4.0350e-02,-0.0376563,0.00376656
4.0360e-02,-0.0340625,0.00306813
4.0370e-02,-0.0471875,-0.001315
4.0380e-02,-0.0370313,-0.00489125
4.0390e-02,-0.0432813,-0.00393
4.0400e-02,-0.0414063,-0.000541563
4.0410e-02,-0.0389063,0.00416844
4.0420e-02,-0.04125,0.00462875
4.0430e-02,-0.0317188,0.00196094
4.0440e-02,-0.0279688,-0.00270844
4.0450e-02,-0.0340625,-0.00481938
4.0460e-02,-0.0442188,-0.00279
4.0470e-02,-0.02625,0.00131813
4.0480e-02,-0.0401563,0.00498406
4.0490e-02,-0.0398437,0.00426344
4.0500e-02,-0.034375,-0.000179375
4.0510e-02,-0.0439063,-0.00428125
4.0520e-02,-0.0389063,-0.00508594
4.0530e-02,-0.0454688,-0.00163
4.0540e-02,-0.0378125,0.00401563
4.0550e-02,-0.050625,0.0049025
4.0560e-02,-0.0370313,0.00297656
4.0570e-02,-0.0446875,-0.00186844
4.0580e-02,-0.0345312,-0.00467281
4.0590e-02,-0.0401563,-0.00367125
4.0600e-02,-0.0360938,0.000515313
4.0610e-02,-0.0342187,0.00421406
4.0620e-02,-0.0276563,0.0043925
4.0630e-02,-0.0271875,0.000845
4.0640e-02,-0.0459375,-0.00240844
4.0650e-02,-0.0403125,-0.00367906
4.0660e-02,-0.0439063,-0.00172531
4.0670e-02,-0.0340625,0.00123156
4.0680e-02,-0.0454688,0.00275469
4.0690e-02,-0.0395313,0.001855
4.0700e-02,-0.044375,-0.00191125
4.0710e-02,-0.0375,-0.00344938
4.0720e-02,-0.046875,-0.00261906
4.0730e-02,-0.0451563,0.000242188
4.0740e-02,-0.0323438,0.00257906
4.0750e-02,-0.0428125,0.00241813
4.0760e-02,-0.0428125,0.000529375
4.0770e-02,-0.0403125,-0.00193125
4.0780e-02,-0.0378125,-0.00218469
4.0790e-02,-0.050625,5.5625e-05
4.0800e-02,-0.0309375,0.00190781
4.0810e-02,-0.0370313,0.00253875
4.0820e-02,-0.041875,0.00110531
4.0830e-02,-0.035,-0.000836875
4.0840e-02,-0.0354688,-0.0014875
4.0850e-02,-0.0379688,-0.00159313
4.0860e-02,-0.04125,7.8125e-06
4.0870e-02,-0.0364063,0.00111938
4.0880e-02,-0.04875,0.00130719
4.0890e-02,-0.04,-5.9375e-05
4.0900e-02,-0.0445313,-0.00207281
4.0910e-02,-0.0426562,-0.00151813
4.0920e-02,-0.0351562,-0.000195625
4.0930e-02,-0.04875,0.00101687
4.0940e-02,-0.0471875,0.0014525
4.0950e-02,-0.0346875,0.000810313
4.0960e-02,-0.0385937,-0.00053625
4.0970e-02,-0.0392187,-0.0011825
4.0980e-02,-0.0525,-0.0005975
4.0990e-02,-0.0396875,0.00039875
4.1000e-02,-0.0370313,0.00162844
4.1010e-02,-0.0465625,0.00104
4.1020e-02,-0.0492188,-5.40625e-05
4.1030e-02,-0.0415625,-0.000549375
4.1040e-02,-0.0378125,-0.0006225
4.1050e-02,-0.0325,-7.1875e-05
4.1060e-02,-0.0514063,0.000805
4.1070e-02,-0.0509375,0.00064875
4.1080e-02,-0.0364063,0.000738438
4.1090e-02,-0.045,-0.00029375
4.1100e-02,-0.04625,-0.00110187
4.1110e-02,-0.0346875,-0.00085875
4.1120e-02,-0.04125,0.000258438
4.1130e-02,-0.0401563,0.000326563
4.1140e-02,-0.039375,-0.000274375
4.1150e-02,-0.035,-0.000229063
4.1160e-02,-0.0382813,-0.00126906
4.1170e-02,-0.0392187,-0.000622188
4.1180e-02,-0.0354688,-0.000374375
4.1190e-02,-0.0326562,0.000477813
4.1200e-02,-0.0453125,0.000540312
4.1210e-02,-0.0345312,0.000746563
4.1220e-02,-0.045,1.8125e-05
4.1230e-02,-0.038125,-0.000465625
4.1240e-02,-0.0525,-0.000285
4.1250e-02,-0.03375,0.000542188
4.1260e-02,-0.0446875,0.000855938
4.1270e-02,-0.0351562,0.000397188
4.1280e-02,-0.0376563,0.000265938
4.1290e-02,-0.0401563,-0.000157813
4.1300e-02,-0.0446875,-0.000356875
4.1310e-02,-0.0448438,-0.000595
4.1320e-02,-0.045625,0.00040625
4.1330e-02,-0.054375,0.000223438
4.1340e-02,-0.0446875,-5.3125e-06
4.1350e-02,-0.0590625,-0.000339688
4.1360e-02,-0.0485938,0.00047625
4.1370e-02,-0.0354688,-0.000662188
4.1380e-02,-0.0517188,-2.9375e-05
4.1390e-02,-0.03875,2.1875e-05
4.1400e-02,-0.0396875,0.00047375
4.1410e-02,-0.0446875,0.00035
4.1420e-02,-0.0364063,-0.00041
4.1430e-02,-0.0484375,-0.00037125
4.1440e-02,-0.0359375,-0.00074125
4.1450e-02,-0.0351562,7.1875e-05
4.1460e-02,-0.0434375,9.65625e-05
4.1470e-02,-0.0407813,4.6875e-05
4.1480e-02,-0.0420312,-4e-05
4.1490e-02,-0.0420312,0.00014375
4.1500e-02,-0.0439063,-0.000105625
4.1510e-02,-0.0404687,0.000329688
4.1520e-02,-0.0328125,-0.000269688
4.1530e-02,-0.0482812,-0.000201563
4.1540e-02,-0.0415625,4.0625e-05
4.1550e-02,-0.043125,0.00011625
4.1560e-02,-0.0373438,-5.21875e-05
4.1570e-02,-0.024375,0.00011125
4.1580e-02,-0.03875,-0.00032375
4.1590e-02,-0.0348437,0.000395625
4.1600e-02,-0.0357813,0.00083125
4.1610e-02,-0.04375,0.00013875
4.1620e-02,-0.038125,1.875e-05
4.1630e-02,-0.0539063,-0.000184375
4.1640e-02,-0.0498438,0.000568125
4.1650e-02,-0.0409375,-0.000380938
4.1660e-02,-0.048125,0.000669375
4.1670e-02,-0.0504687,0.000319375
4.1680e-02,-0.0365625,0.000417188
4.1690e-02,-0.0401563,-0.0005175
4.1700e-02,-0.0542187,5.9375e-06
4.1710e-02,-0.0428125,-2.53125e-05
4.1720e-02,-0.0423437,0.000624688
4.1730e-02,-0.043125,0.00054875
4.1740e-02,-0.036875,0.000133438
4.1750e-02,-0.0403125,0.0001075
4.1760e-02,-0.0473438,-0.000420313
4.1770e-02,-0.0414063,-0.000701563
4.1780e-02,-0.0415625,-0.0005075
4.1790e-02,-0.04375,0.000148438
4.1800e-02,-0.030625,0.000384375
4.1810e-02,-0.050625,0.00022125
4.1820e-02,-0.0559375,-0.000412188
4.1830e-02,-0.0360938,-3.59375e-05
4.1840e-02,-0.0503125,-0.000311563
4.1850e-02,-0.0453125,5.59375e-05
4.1860e-02,-0.0478125,0.000602813
4.1870e-02,-0.0392187,2.71875e-05
4.1880e-02,-0.0503125,0.000490313
4.1890e-02,-0.0510938,0.000694375
4.1900e-02,-0.0376563,9.75e-05
4.1910e-02,-0.046875,-3.75e-05
4.1920e-02,-0.0503125,0.000331563
4.1930e-02,-0.0395313,0.000255
4.1940e-02,-0.0364063,4.25e-05
4.1950e-02,-0.045625,-0.000734688
4.1960e-02,-0.0501562,-0.00037125
4.1970e-02,-0.0479688,-0.000399375
4.1980e-02,-0.051875,-2.125e-05
4.1990e-02,-0.0470312,0.000415
4.2000e-02,-0.0409375,0.0007175
4.2010e-02,-0.0415625,-0.000192188
4.2020e-02,-0.045625,9.75e-05
4.2030e-02,-0.039375,0.000233125
4.2040e-02,-0.036875,0.000223438
4.2050e-02,-0.0339062,-5.78125e-05
4.2060e-02,-0.0464062,0.000755313
4.2070e-02,-0.0382813,-0.0005225
4.2080e-02,-0.043125,-0.000573438
4.2090e-02,-0.0440625,-0.0006375
4.2100e-02,-0.0415625,0.000463438
4.2110e-02,-0.050625,0.000211875
4.2120e-02,-0.041875,0.000279063
4.2130e-02,-0.0495312,0.000126875
4.2140e-02,-0.04,-0.000228438
4.2150e-02,-0.0407813,-0.000416563
4.2160e-02,-0.0398437,0.000493125
4.2170e-02,-0.060625,0.000634063
4.2180e-02,-0.0542187,0.000500312
4.2190e-02,-0.0403125,0.00056375
4.2200e-02,-0.04,0.00019625
4.2210e-02,-0.0426562,-0.000387813
4.2220e-02,-0.0482812,0.000174375
4.2230e-02,-0.0384375,0.0003
4.2240e-02,-0.0428125,0.000295
4.2250e-02,-0.0392187,0.000834063
4.2260e-02,-0.048125,0.00051625
4.2270e-02,-0.031875,0.000571563
4.2280e-02,-0.039375,-5.15625e-05
4.2290e-02,-0.0459375,-0.000564063
4.2300e-02,-0.0415625,-0.000334375
4.2310e-02,-0.0407813,-0.000475313
4.2320e-02,-0.0510938,-0.000824063
4.2330e-02,-0.0317188,0.000110938
4.2340e-02,-0.0471875,-0.000410625
4.2350e-02,-0.0445313,-0.000591563
4.2360e-02,-0.04125,-0.000226875
4.2370e-02,-0.034375,-0.000175625
4.2380e-02,-0.0453125,0.000534688
4.2390e-02,-0.043125,0.00046375
4.2400e-02,-0.0464062,-3.25e-05
4.2410e-02,-0.0446875,2.375e-05
4.2420e-02,-0.0425,0.000178125
4.2430e-02,-0.0409375,0.000321563
4.2440e-02,-0.046875,0.000729375
4.2450e-02,-0.0454688,0.00087375
4.2460e-02,-0.0423437,-0.000397813
4.2470e-02,-0.05375,-0.0004475
4.2480e-02,-0.0440625,-0.000390625
4.2490e-02,-0.0473438,-0.000364375
4.2500e-02,-0.0446875,-3.21875e-05
4.2510e-02,-0.0539063,5.34375e-05
4.2520e-02,-0.0476562,4.78125e-05
4.2530e-02,-0.0445313,-2.03125e-05
4.2540e-02,-0.0392187,0.000255
4.2550e-02,-0.0496875,-5.03125e-05
4.2560e-02,-0.0370313,7.53125e-05
4.2570e-02,-0.03625,0.000305938
4.2580e-02,-0.043125,0.000488125
4.2590e-02,-0.0479688,0.000610313
4.2600e-02,-0.0421875,-3.1875e-05
4.2610e-02,-0.05,0.000754688
4.2620e-02,-0.0454688,0.000290938
4.2630e-02,-0.0634375,0.000299375
4.2640e-02,-0.0439063,0.00028
4.2650e-02,-0.0459375,8.65625e-05
4.2660e-02,-0.0442188,0.000255938
4.2670e-02,-0.0310937,0.000213125
4.2680e-02,-0.0507812,0.000235313
4.2690e-02,-0.03875,2.8125e-05
4.2700e-02,-0.0492188,0.000345
4.2710e-02,-0.0390625,-0.000535
4.2720e-02,-0.0389063,-0.000195625
4.2730e-02,-0.0446875,-0.00016125
4.2740e-02,-0.0403125,-0.000333125
4.2750e-02,-0.0403125,-0.000275
4.2760e-02,-0.0526563,-8.59375e-05
4.2770e-02,-0.0346875,-0.000231563
4.2780e-02,-0.0328125,0.000344063
4.2790e-02,-0.033125,-2.6875e-05
4.2800e-02,-0.0415625,8.78125e-05
4.2810e-02,-0.0459375,6.5625e-06
4.2820e-02,-0.0498438,-0.000345
4.2830e-02,-0.0417187,0.000201563
4.2840e-02,-0.0485938,8.59375e-05
4.2850e-02,-0.0473438,0.000164063
4.2860e-02,-0.0495312,0.000279688
4.2870e-02,-0.0446875,-0.000292813
4.2880e-02,-0.0478125,4.78125e-05
4.2890e-02,-0.0420312,-0.00033125
4.2900e-02,-0.0403125,-0.000187188
4.2910e-02,-0.0489062,0.000602813
4.2920e-02,-0.0385937,-0.000147813
4.2930e-02,-0.0515625,0.000241563
4.2940e-02,-0.04,0.00041625
4.2950e-02,-0.0328125,-0.00025125
4.2960e-02,-0.0476562,7.375e-05
4.2970e-02,-0.0298438,-5.65625e-05
4.2980e-02,-0.048125,-0.000352813
4.2990e-02,-0.0428125,-3.21875e-05
4.3000e-02,-0.060625,-0.000276875
4.3010e-02,-0.0401563,0.000148125
4.3020e-02,-0.0364063,-0.000206875
4.3030e-02,-0.0451563,0.00081
4.3040e-02,-0.0323438,0.000515
4.3050e-02,-0.0348437,0.000762188
4.3060e-02,-0.0407813,0.000714063
4.3070e-02,-0.0620312,-0.000278438
4.3080e-02,-0.0465625,0.000133125
4.3090e-02,-0.0542187,-0.0001025
4.3100e-02,-0.0404687,-0.00010375
4.3110e-02,-0.0470312,-0.000343438
4.3120e-02,-0.0434375,-0.000221563
4.3130e-02,-0.0507812,-0.000145
4.3140e-02,-0.0478125,3.90625e-05
4.3150e-02,-0.046875,-0.000102813
4.3160e-02,-0.0496875,0.000414375
4.3170e-02,-0.0509375,-0.000354688
4.3180e-02,-0.0396875,0.000248125
4.3190e-02,-0.0403125,-0.00014875
4.3200e-02,-0.0409375,-0.000652813
4.3210e-02,-0.04625,3.15625e-05
4.3220e-02,-0.040625,7.5625e-05
4.3230e-02,-0.0573437,-8.53125e-05
4.3240e-02,-0.0371875,-0.000172813
4.3250e-02,-0.0523437,-0.000569063
4.3260e-02,-0.0426562,0.000146563
4.3270e-02,-0.0473438,-0.00025125
4.3280e-02,-0.0467188,0.00047875
4.3290e-02,-0.05125,0.000175625
4.3300e-02,-0.054375,0.000454063
4.3310e-02,-0.0557813,5.65625e-05
4.3320e-02,-0.0548437,-9.375e-05
4.3330e-02,-0.0403125,-0.000540312
4.3340e-02,-0.0435938,-0.000497812
4.3350e-02,-0.04625,-0.000158438
4.3360e-02,-0.021875,-3.3125e-05
4.3370e-02,-0.0451563,-9.6875e-05
4.3380e-02,-0.0471875,-2.9375e-05
4.3390e-02,-0.04625,-2.28125e-05
4.3400e-02,-0.0545313,0.000409063
4.3410e-02,-0.0459375,0.00056375
4.3420e-02,-0.0509375,0.000720313
4.3430e-02,-0.0335937,0.000154688
4.3440e-02,-0.05,0.00033875
4.3450e-02,-0.0448438,-3.21875e-05
4.3460e-02,-0.0326562,0.000154688
4.3470e-02,-0.0403125,-0.0001525
4.3480e-02,-0.0501562,0.00038
4.3490e-02,-0.039375,0.000606875
4.3500e-02,-0.0467188,0.000405625
4.3510e-02,-0.0504687,0.000336875
4.3520e-02,-0.051875,4.125e-05
4.3530e-02,-0.0501562,-0.000350625
4.3540e-02,-0.053125,-0.000159063
4.3550e-02,-0.0359375,0.00044375
4.3560e-02,-0.0478125,-0.0001075
4.3570e-02,-0.0589063,0.000150313
4.3580e-02,-0.051875,-8.71875e-05
4.3590e-02,-0.0446875,-0.000916875
4.3600e-02,-0.0559375,-0.000295938
4.3610e-02,-0.035625,-0.000193438
4.3620e-02,-0.043125,0.000664688
4.3630e-02,-0.0296875,0.000112813
4.3640e-02,-0.0553125,-0.000710313
4.3650e-02,-0.0554687,-0.000621875
4.3660e-02,-0.0395313,-7.5625e-05
4.3670e-02,-0.050625,0.000505313
4.3680e-02,-0.051875,0.0007675
4.3690e-02,-0.0467188,0.000702188
4.3700e-02,-0.0554687,-0.000234375
4.3710e-02,-0.0385937,-0.00018
4.3720e-02,-0.0459375,-0.000329063
4.3730e-02,-0.0403125,-0.000345625
4.3740e-02,-0.0571875,-0.000169688
4.3750e-02,-0.0498438,-5.09375e-05
4.3760e-02,-0.051875,0.000364688
4.3770e-02,-0.0470312,-0.00038
4.3780e-02,-0.03625,-0.00046875
4.3790e-02,-0.0439063,-0.000367813
4.3800e-02,-0.0640625,0.00015625
4.3810e-02,-0.0457813,0.000148125
4.3820e-02,-0.0454688,0.000651563
4.3830e-02,-0.0540625,0.00062875
4.3840e-02,-0.045,0.000519375
4.3850e-02,-0.0504687,-0.000566875
4.3860e-02,-0.0482812,-0.000874063
4.3870e-02,-0.03875,0.000208125
4.3880e-02,-0.0514063,0.000585313
4.3890e-02,-0.0542187,0.000439063
4.3900e-02,-0.0364063,0.000615
4.3910e-02,-0.0489062,-0.000501875
4.3920e-02,-0.0407813,-0.00072875
4.3930e-02,-0.05125,-0.00126188
4.3940e-02,-0.0445313,0.000311875
4.3950e-02,-0.0415625,0.000707813
4.3960e-02,-0.0414063,2.28125e-05
4.3970e-02,-0.0514063,6.84375e-05
4.3980e-02,-0.0376563,-0.00056
4.3990e-02,-0.0489062,-0.000339375
4.4000e-02,-0.0510938,-7.9375e-05
4.4010e-02,-0.0517188,0.000536563
4.4020e-02,-0.065,0.00144188
4.4030e-02,-0.0539063,0.000930313
4.4040e-02,-0.0403125,-0.000284688
4.4050e-02,-0.0478125,-0.00110281
4.4060e-02,-0.0526563,-0.00115156
4.4070e-02,-0.0448438,-0.000174688
4.4080e-02,-0.0415625,0.00168938
4.4090e-02,-0.0432813,0.00143063
4.4100e-02,-0.0471875,0.000188438
4.4110e-02,-0.0484375,-0.00102563
4.4120e-02,-0.0364063,-0.0012
4.4130e-02,-0.0473438,9.6875e-05
4.4140e-02,-0.0545313,0.00110719
4.4150e-02,-0.0485938,0.00166844
4.4160e-02,-0.0446875,0.00102281
4.4170e-02,-0.0615625,-0.00077875
4.4180e-02,-0.0407813,-0.001455
4.4190e-02,-0.0460938,-0.000881875
4.4200e-02,-0.0495312,0.00111906
4.4210e-02,-0.0510938,0.00226094
4.4220e-02,-0.0545313,0.00190594
4.4230e-02,-0.0479688,-0.000156875
4.4240e-02,-0.05375,-0.00172594
4.4250e-02,-0.0425,-0.00135844
4.4260e-02,-0.0525,0.0002625
4.4270e-02,-0.0485938,0.00224719
4.4280e-02,-0.0428125,0.00224469
4.4290e-02,-0.056875,0.000580313
4.4300e-02,-0.0409375,-0.00114563
4.4310e-02,-0.050625,-0.00264031
4.4320e-02,-0.0514063,-0.00139625
4.4330e-02,-0.0496875,0.00180656
4.4340e-02,-0.0542187,0.00282125
4.4350e-02,-0.0390625,0.00172438
4.4360e-02,-0.0423437,-0.00123938
4.4370e-02,-0.04625,-0.00266906
4.4380e-02,-0.0440625,-0.0024475
4.4390e-02,-0.04625,-0.0004225
4.4400e-02,-0.0534375,0.00255031
4.4410e-02,-0.0460938,0.003065
4.4420e-02,-0.0415625,0.00326625
4.4430e-02,-0.0370313,0.00327719
4.4440e-02,-0.046875,0.00305969
4.4450e-02,-0.038125,0.00333344
4.4460e-02,-0.0453125,0.00309125
4.4470e-02,-0.0434375,0.00315281
4.4480e-02,-0.105313,0.00304063
4.4490e-02,-1.36266,-0.00161438
4.4500e-02,0.0329688,-0.00571344
4.4510e-02,-0.616563,-0.00740438
4.4520e-02,-1.11766,-0.00825031
4.4530e-02,0.0375,-0.00793844
4.4540e-02,0.112812,-0.00823438
4.4550e-02,0.0970312,-0.00807969
4.4560e-02,0.076875,-0.00792813
4.4570e-02,0.0860937,-0.00829656
4.4580e-02,0.0790625,-0.00801813
4.4590e-02,0.0576562,-0.00798719
4.4600e-02,0.0334375,-0.00811094
4.4610e-02,0.0590625,-0.00802656
4.4620e-02,0.0415625,-0.00810906
4.4630e-02,0.031875,-0.00806688
4.4640e-02,0.0265625,-0.00799844
4.4650e-02,0.02625,-0.00796406
4.4660e-02,0.0348438,-0.00817531
4.4670e-02,0.025,-0.00799813
4.4680e-02,0.0392187,-0.00788187
4.4690e-02,0.025,-0.007865
4.4700e-02,0.0298437,-0.00796563
4.4710e-02,0.0342188,-0.00805219
4.4720e-02,0.0221875,-0.00791906
4.4730e-02,0.0157813,-0.00793
4.4740e-02,0.0259375,-0.005585
4.4750e-02,0.005,-0.00046
4.4760e-02,0.0034375,0.00124563
4.4770e-02,0.00765625,-0.00050125
4.4780e-02,0.0175,-0.00236563
4.4790e-02,0.00375,-0.00240375
4.4800e-02,0.0251563,-0.00165875
4.4810e-02,0.0117188,0.000687813
4.4820e-02,0.014375,0.00173875
4.4830e-02,0.0078125,0.00096875
4.4840e-02,0.00890625,-0.00140563
4.4850e-02,0.00921875,-0.00142375
4.4860e-02,-0.0021875,-0.000890625
4.4870e-02,0.00578125,0.00027875
4.4880e-02,0.00078125,0.00113156
4.4890e-02,0.0107812,0.00079
4.4900e-02,-0.00203125,0.000340625
4.4910e-02,0.00171875,-0.000851875
4.4920e-02,0.00109375,-0.00111469
4.4930e-02,-0.0134375,0.000219375
4.4940e-02,-0.003125,0.00112219
4.4950e-02,-0.004375,0.000911875
4.4960e-02,-0.009375,-0.000605625
4.4970e-02,0.0121875,-0.00120156
4.4980e-02,-0.0115625,-0.00176781
4.4990e-02,-0.011875,5.8125e-05
4.5000e-02,-0.00859375,-3.75e-05
4.5010e-02,0.0046875,0.00072375
4.5020e-02,-0.0129688,0.00046125
4.5030e-02,0.0090625,-0.000122813
4.5040e-02,-0.00640625,-0.000655313
4.5050e-02,-0.0134375,-0.000135313
4.5060e-02,-0.00328125,-0.000527188
4.5070e-02,0.00046875,0.001155
4.5080e-02,-0.0184375,0.000738125
4.5090e-02,-0.0135937,-4.03125e-05
4.5100e-02,-0.00890625,-0.000529063
4.5110e-02,-0.00390625,0.000178438
4.5120e-02,-0.0159375,-0.000314375
4.5130e-02,-0.0034375,0.000577188
4.5140e-02,-0.01625,0.00057625
4.5150e-02,-0.0159375,0.000162188
4.5160e-02,-0.00078125,0.000230938
4.5170e-02,-0.0125,-0.000486563
4.5180e-02,-0.0121875,-0.0004175
4.5190e-02,-0.0115625,-0.000662188
4.5200e-02,-0.0178125,0.000261563
4.5210e-02,-0.0267187,0.0001125
4.5220e-02,-0.0071875,0.00085
4.5230e-02,0.00328125,0.000303438
4.5240e-02,-0.004375,-0.000230313
4.5250e-02,-0.00625,0.0001175
4.5260e-02,-0.01875,0.000244375
4.5270e-02,-0.01125,2.1875e-05
4.5280e-02,-0.0148437,0.00050375
4.5290e-02,-0.00375,0.000900625
4.5300e-02,-0.0126563,0.000150938
4.5310e-02,-0.00234375,-1.21875e-05
4.5320e-02,-0.0159375,0.000149687
4.5330e-02,-0.0203125,0.000144375
4.5340e-02,-0.0132813,3.34375e-05
4.5350e-02,-0.009375,0.000630938
4.5360e-02,-0.010625,0.000235938
4.5370e-02,-0.0157813,-0.000388438
4.5380e-02,-0.011875,-0.000146563
4.5390e-02,-0.00890625,-0.000447813
4.5400e-02,-0.0165625,-5.90625e-05
4.5410e-02,-0.0114062,3.15625e-05
4.5420e-02,-0.011875,0.000315625
4.5430e-02,-0.00484375,0.00018125
4.5440e-02,-0.0107813,-0.000297813
4.5450e-02,-0.0220313,-0.000307813
4.5460e-02,-0.01625,-0.00011625
4.5470e-02,-0.0145312,3.5e-05
4.5480e-02,-0.0146875,0.000239375
4.5490e-02,-0.0204688,-0.000123125
4.5500e-02,-0.025,-0.000120938
4.5510e-02,-0.0164063,-0.000475313
4.5520e-02,-0.018125,-0.0001325
4.5530e-02,-0.0145312,-4.21875e-05
4.5540e-02,-0.0142188,-5.9375e-05
4.5550e-02,-0.02,-0.000225625
4.5560e-02,-0.01875,-0.000199063
4.5570e-02,-0.0248438,7.1875e-06
4.5580e-02,-0.0182812,-0.000230938
4.5590e-02,-0.0310937,0.000680313
4.5600e-02,-0.0190625,0.000415313
4.5610e-02,-0.0257812,0.000254063
4.5620e-02,-0.0129688,4.8125e-05
4.5630e-02,-0.0285938,-0.000199688
4.5640e-02,-0.0151562,0.000145938
4.5650e-02,-0.0195312,0.00018875
4.5660e-02,-0.0196875,0.000209688
4.5670e-02,-0.0170313,0.000167188
4.5680e-02,-0.0192187,0.00051875
4.5690e-02,-0.0154687,1.21875e-05
4.5700e-02,-0.0282813,0.000286875
4.5710e-02,-0.0248438,-0.000101563
4.5720e-02,-0.0235938,-0.0004225
4.5730e-02,-0.0215625,0.000147188
4.5740e-02,-0.0210938,0.000285
4.5750e-02,-0.0279688,-0.00041125
4.5760e-02,-0.0175,-0.000564063
4.5770e-02,-0.0178125,-0.000388125
4.5780e-02,-0.0217188,-0.000416875
4.5790e-02,-0.0225,0.000232188
4.5800e-02,-0.015625,0.000530938
4.5810e-02,-0.0314062,0.0006325
4.5820e-02,-0.0284375,0.00041
4.5830e-02,-0.0165625,0.000114688
4.5840e-02,-0.020625,0.000196875
4.5850e-02,-0.02,0.00053875
4.5860e-02,-0.0176563,0.000956563
4.5870e-02,-0.0225,0.000632813
4.5880e-02,-0.02625,9.9375e-05
4.5890e-02,-0.0235938,-0.000394688
4.5900e-02,-0.0235938,-0.0003475
4.5910e-02,-0.0248438,-0.00062
4.5920e-02,-0.028125,5.84375e-05
4.5930e-02,-0.0245313,-0.00040875
4.5940e-02,-0.025625,-0.000591563
4.5950e-02,-0.02375,-0.000290313
4.5960e-02,-0.0154687,0.00017125
4.5970e-02,-0.0192187,-3.40625e-05
4.5980e-02,-0.0178125,-0.000234688
4.5990e-02,-0.0332812,-0.000298125
4.6000e-02,-0.0270312,0.000325
4.6010e-02,-0.0298438,-0.000345
4.6020e-02,-0.015625,-0.000137813
4.6030e-02,-0.0075,-2.03125e-05
4.6040e-02,-0.0139063,0.000140938
4.6050e-02,-0.0290625,0.000966563
4.6060e-02,-0.023125,0.0006475
4.6070e-02,-0.0210938,0.000224375
4.6080e-02,-0.0178125,0.000658125
4.6090e-02,-0.0240625,0.000374063
4.6100e-02,-0.0298438,-0.000482813
4.6110e-02,-0.026875,-0.000499375
4.6120e-02,-0.0290625,-0.000152188
4.6130e-02,-0.0251563,0.000408125
4.6140e-02,-0.0301563,-2.8125e-06
4.6150e-02,-0.0282813,-2.1875e-06
4.6160e-02,-0.0285938,-0.00055375
4.6170e-02,-0.0240625,-0.000306875
4.6180e-02,-0.033125,7.8125e-06
4.6190e-02,-0.0170313,8.0625e-05
4.6200e-02,-0.0110937,0.000158125
4.6210e-02,-0.0245313,0.000405313
4.6220e-02,-0.0289063,0.00010125
4.6230e-02,-0.0220313,-5.46875e-05
4.6240e-02,-0.0260937,0.000714688
4.6250e-02,-0.035625,5e-05
4.6260e-02,-0.0253125,0.0008675
4.6270e-02,-0.0390625,0.000258125
4.6280e-02,-0.0295313,0.000477188
4.6290e-02,-0.0176563,-0.00014625
4.6300e-02,-0.0257812,0.00021125
4.6310e-02,-0.0325,1.875e-05
4.6320e-02,-0.0371875,-2.03125e-05
4.6330e-02,-0.029375,4.4375e-05
4.6340e-02,-0.0171875,-0.000376563
4.6350e-02,-0.0335937,-0.000691875
4.6360e-02,-0.0192187,0.000149063
4.6370e-02,-0.0298438,-7.375e-05
4.6380e-02,-0.0209375,-0.000537813
4.6390e-02,-0.030625,-0.000420625
4.6400e-02,-0.0309375,-0.00063
4.6410e-02,-0.0251563,0.000122188
4.6420e-02,-0.0307813,-2.25e-05
4.6430e-02,-0.0335937,0.000435938
4.6440e-02,-0.0371875,0.000127813
4.6450e-02,-0.0226562,0.000285938
4.6460e-02,-0.0295313,-0.00017625
4.6470e-02,-0.0234375,0.000273125
4.6480e-02,-0.0295313,-0.00038375
4.6490e-02,-0.0226562,-0.00110938
4.6500e-02,-0.0342187,-0.000362188
4.6510e-02,-0.02875,-5.3125e-05
4.6520e-02,-0.0228125,-0.000254063
4.6530e-02,-0.0364063,-0.000240625
4.6540e-02,-0.0320312,0.0006375
4.6550e-02,-0.0225,-0.000404375
4.6560e-02,-0.03375,-0.000408125
4.6570e-02,-0.026875,-0.00052625
4.6580e-02,-0.0342187,-0.000621875
4.6590e-02,-0.0278125,0.00047625
4.6600e-02,-0.0198438,-0.000362813
4.6610e-02,-0.0257812,-7.75e-05
4.6620e-02,-0.0275,0.00043625
4.6630e-02,-0.0275,-7.03125e-05
4.6640e-02,-0.024375,-2.90625e-05
4.6650e-02,-0.0289063,0.000314375
4.6660e-02,-0.0320312,0.000998125
4.6670e-02,-0.0423437,0.00021875
4.6680e-02,-0.0146875,0.00035
4.6690e-02,-0.0326562,0.000297813
4.6700e-02,-0.0246875,0.00059875
4.6710e-02,-0.0260937,8.34375e-05
4.6720e-02,-0.0321875,6.5e-05
4.6730e-02,-0.0310937,0.00071125
4.6740e-02,-0.0304688,0.000408125
4.6750e-02,-0.038125,0.000192813
4.6760e-02,-0.0271875,-0.000225625
4.6770e-02,-0.0367188,-0.000428438
4.6780e-02,-0.04,0.00045125
4.6790e-02,-0.0223437,5.9375e-06
4.6800e-02,-0.0390625,-4.6875e-05
4.6810e-02,-0.0409375,0.0001325
4.6820e-02,-0.0396875,-0.000359688
4.6830e-02,-0.0353125,-0.000137813
4.6840e-02,-0.0226562,-0.00045125
4.6850e-02,-0.0265625,0.000116563
4.6860e-02,-0.0242188,0.000367188
4.6870e-02,-0.025,0.000257813
4.6880e-02,-0.0309375,-6.4375e-05
4.6890e-02,-0.0345312,0.000439375
4.6900e-02,-0.0282813,0.000211563
4.6910e-02,-0.028125,0.000805313
4.6920e-02,-0.03125,0.000585
4.6930e-02,-0.03375,0.000563125
4.6940e-02,-0.0401563,0.000525938
4.6950e-02,-0.0370313,-0.000168125
4.6960e-02,-0.0357813,-0.000455625
4.6970e-02,-0.0260937,-0.00014875
4.6980e-02,-0.0384375,-0.000155625
4.6990e-02,-0.0334375,-6.65625e-05
4.7000e-02,-0.0359375,-0.000345938
4.7010e-02,-0.0334375,-0.000100313
4.7020e-02,-0.0390625,-0.000129062
4.7030e-02,-0.0229687,-0.000164688
4.7040e-02,-0.0373438,0.000334688
4.7050e-02,-0.0426562,3.15625e-05
4.7060e-02,-0.0376563,-0.000395625
4.7070e-02,-0.0451563,-0.0003925
4.7080e-02,-0.044375,0.000280938
4.7090e-02,-0.0423437,0.000157813
4.7100e-02,-0.0346875,0.000230938
4.7110e-02,-0.0282813,0.000379375
4.7120e-02,-0.0320312,0.000577813
4.7130e-02,-0.0384375,9.46875e-05
4.7140e-02,-0.0310937,0.00045625
4.7150e-02,-0.0310937,-1.25e-05
4.7160e-02,-0.0460938,-0.00010875
4.7170e-02,-0.0364063,-0.000270938
4.7180e-02,-0.0245313,-0.000365313
4.7190e-02,-0.0290625,0.000165
4.7200e-02,-0.021875,-2.9375e-05
4.7210e-02,-0.0310937,-0.000384375
4.7220e-02,-0.026875,-0.000614375
4.7230e-02,-0.0278125,4.59375e-05
4.7240e-02,-0.0446875,-2.4375e-05
4.7250e-02,-0.0246875,0.00125031
4.7260e-02,-0.0278125,0.000254063
4.7270e-02,-0.038125,0.000425313
4.7280e-02,-0.0273438,0.000270313
4.7290e-02,-0.0365625,0.000546875
4.7300e-02,-0.036875,0.00100281
4.7310e-02,-0.04625,0.000249375
4.7320e-02,-0.0378125,0.000769375
4.7330e-02,-0.02625,9e-05
4.7340e-02,-0.02375,-0.00037375
4.7350e-02,-0.0351562,-0.000357813
4.7360e-02,-0.0340625,0.000378438
4.7370e-02,-0.0220313,4.15625e-05
4.7380e-02,-0.0389063,-0.000431563
4.7390e-02,-0.0328125,-0.000265625
4.7400e-02,-0.0421875,-0.000324688
4.7410e-02,-0.0304688,-0.00076
4.7420e-02,-0.0307813,0.000315625
4.7430e-02,-0.0357813,0.000476875
4.7440e-02,-0.0445313,0.000805313
4.7450e-02,-0.0354688,0.00090125
4.7460e-02,-0.0435938,-8.46875e-05
4.7470e-02,-0.0359375,0.000154375
4.7480e-02,-0.0301563,-3.21875e-05
4.7490e-02,-0.0426562,0.000391563
4.7500e-02,-0.03,-0.00012375
4.7510e-02,-0.04125,0.000181875
4.7520e-02,-0.0414063,-0.000258438
4.7530e-02,-0.0371875,-0.0005475
4.7540e-02,-0.0378125,-0.000363438
4.7550e-02,-0.040625,0.000379063
4.7560e-02,-0.0340625,-0.000154688
4.7570e-02,-0.0467188,0.000940313
4.7580e-02,-0.0376563,0.000300313
4.7590e-02,-0.0314062,0.00030875
4.7600e-02,-0.0334375,-0.000190938
4.7610e-02,-0.0323438,-0.0001975
4.7620e-02,-0.0423437,-0.000186875
4.7630e-02,-0.0379688,-9.28125e-05
4.7640e-02,-0.0421875,0.000647813
4.7650e-02,-0.0423437,-0.000476875
4.7660e-02,-0.02625,-0.00109156
4.7670e-02,-0.04625,-0.000780625
4.7680e-02,-0.0478125,3.28125e-05
4.7690e-02,-0.0192187,-0.000408438
4.7700e-02,-0.0370313,-1.15625e-05
4.7710e-02,-0.0295313,0.000809063
4.7720e-02,-0.0332812,0.0001375
4.7730e-02,-0.03125,-0.00033125
4.7740e-02,-0.0448438,-0.00035
4.7750e-02,-0.0420312,-0.000187813
4.7760e-02,-0.0301563,0.0008125
4.7770e-02,-0.033125,0.000635313
4.7780e-02,-0.0295313,7.71875e-05
4.7790e-02,-0.0382813,-0.000405938
4.7800e-02,-0.0360938,-0.000720625
4.7810e-02,-0.0253125,-0.000936875
4.7820e-02,-0.04125,-0.000159063
4.7830e-02,-0.0303125,0.00124875
4.7840e-02,-0.0376563,0.000519062
4.7850e-02,-0.0521875,0.000510937
4.7860e-02,-0.0423437,-0.0009675
4.7870e-02,-0.0395313,-0.000854375
4.7880e-02,-0.0445313,-0.000465
4.7890e-02,-0.0375,0.000277813
4.7900e-02,-0.0515625,0.00087125
4.7910e-02,-0.034375,0.00103375
4.7920e-02,-0.0439063,0.0003
4.7930e-02,-0.0223437,-0.000991563
4.7940e-02,-0.0390625,-0.000642188
4.7950e-02,-0.0510938,9.46875e-05
4.7960e-02,-0.0340625,0.00117094
4.7970e-02,-0.0403125,0.00074125
4.7980e-02,-0.0470312,0.000208125
4.7990e-02,-0.031875,-0.000330625
4.8000e-02,-0.0335937,-0.00174125
4.8010e-02,-0.0535937,-0.00107938
4.8020e-02,-0.0442188,0.000385
4.8030e-02,-0.0429688,0.00143656
4.8040e-02,-0.055,0.000551875
4.8050e-02,-0.0395313,-0.000720313
4.8060e-02,-0.035,-0.00179219
4.8070e-02,-0.0410937,-0.00181844
4.8080e-02,-0.0259375,-0.000188438
4.8090e-02,-0.045625,0.00176469
4.8100e-02,-0.03375,0.00157438
4.8110e-02,-0.0275,0.000182813
4.8120e-02,-0.0303125,-0.00122594
4.8130e-02,-0.0420312,-0.00160063
4.8140e-02,-0.0470312,-0.000397813
4.8150e-02,-0.0339062,0.00162531
4.8160e-02,-0.0517188,0.00257906
4.8170e-02,-0.038125,0.00145031
4.8180e-02,-0.0473438,-0.000347813
4.8190e-02,-0.0421875,-0.00230094
4.8200e-02,-0.0464062,-0.00135063
4.8210e-02,-0.03875,0.000604062
4.8220e-02,-0.0385937,0.00240313
4.8230e-02,-0.0576563,0.00219531
4.8240e-02,-0.0420312,-0.000225938
4.8250e-02,-0.0307813,-0.00212938
4.8260e-02,-0.0320312,-0.00263594
4.8270e-02,-0.0445313,-0.00134188
4.8280e-02,-0.0492188,0.00208125
4.8290e-02,-0.0479688,0.00332906
4.8300e-02,-0.039375,0.00166094
4.8310e-02,-0.0545313,-0.00141875
4.8320e-02,-0.04,-0.00389625
4.8330e-02,-0.0353125,-0.00195563
4.8340e-02,-0.0385937,0.000870313
4.8350e-02,-0.0298438,0.00392219
4.8360e-02,-0.0348437,0.00289219
4.8370e-02,-0.0446875,-0.000427813
4.8380e-02,-0.0453125,-0.00338125
4.8390e-02,-0.0229687,-0.00382563
4.8400e-02,-0.0360938,-0.00081125
4.8410e-02,-0.0370313,0.00274
4.8420e-02,-0.0415625,0.00463438
4.8430e-02,-0.028125,0.00227906
4.8440e-02,-0.0335937,-0.00220781
4.8450e-02,-0.051875,-0.00454781
4.8460e-02,-0.03625,-0.0034525
4.8470e-02,-0.0426562,0.000537188
4.8480e-02,-0.0479688,0.00465438
4.8490e-02,-0.0489062,0.00484219
4.8500e-02,-0.031875,0.0008325
4.8510e-02,-0.04125,-0.00368375
4.8520e-02,-0.0401563,-0.00510188
4.8530e-02,-0.0409375,-0.00203531
4.8540e-02,-0.0384375,0.00300406
4.8550e-02,-0.0376563,0.00489938
4.8560e-02,-0.0370313,0.00306531
4.8570e-02,-0.0453125,0.000422813
4.8580e-02,-0.03125,-0.00359813
4.8590e-02,-0.0285938,-0.00352188
4.8600e-02,-0.0478125,8.75e-06
4.8610e-02,-0.0457813,0.00290156
4.8620e-02,-0.0334375,0.00363938
4.8630e-02,-0.0421875,0.00102125
4.8640e-02,-0.0351562,-0.00252812
4.8650e-02,-0.0503125,-0.00397219
4.8660e-02,-0.0367188,-0.00172375
4.8670e-02,-0.044375,0.00107906
4.8680e-02,-0.0342187,0.00311469
4.8690e-02,-0.034375,0.00254531
4.8700e-02,-0.0357813,-0.000285625
4.8710e-02,-0.0334375,-0.00263031
4.8720e-02,-0.0407813,-0.00248344
4.8730e-02,-0.0421875,-4.75e-05
4.8740e-02,-0.04125,0.00272531
4.8750e-02,-0.0457813,0.00306063
4.8760e-02,-0.0296875,0.001375
4.8770e-02,-0.0465625,-0.001455
4.8780e-02,-0.0285938,-0.00223344
4.8790e-02,-0.0453125,-0.00119875
4.8800e-02,-0.0385937,0.000669063
4.8810e-02,-0.0567187,0.00182281
4.8820e-02,-0.0317188,0.00120125
4.8830e-02,-0.0309375,-0.000752188
4.8840e-02,-0.0409375,-0.0014275
4.8850e-02,-0.0440625,-0.00187844
4.8860e-02,-0.0521875,0.00018875
4.8870e-02,-0.0482812,0.00146031
4.8880e-02,-0.0510938,0.00144938
4.8890e-02,-0.040625,-0.00013625
4.8900e-02,-0.044375,-0.0013575
4.8910e-02,-0.0426562,-0.00221906
4.8920e-02,-0.0404687,-0.00100094
4.8930e-02,-0.0421875,0.000575938
4.8940e-02,-0.0375,0.000877188
4.8950e-02,-0.0448438,0.000793438
4.8960e-02,-0.0417187,-0.000930938
4.8970e-02,-0.0373438,-0.00190594
4.8980e-02,-0.0351562,-0.00134969
4.8990e-02,-0.0298438,-0.000398125
4.9000e-02,-0.0464062,0.000587813
4.9010e-02,-0.050625,0.000787188
4.9020e-02,-0.0457813,-0.000313125
4.9030e-02,-0.035,-0.0006075
4.9040e-02,-0.043125,-0.00121375
4.9050e-02,-0.0410937,-0.000474688
4.9060e-02,-0.044375,-0.000235625
4.9070e-02,-0.038125,0.000974688
4.9080e-02,-0.043125,0.000120938
4.9090e-02,-0.0423437,-0.000382188
4.9100e-02,-0.0476562,-0.000902813
4.9110e-02,-0.0467188,-0.000114063
4.9120e-02,-0.0410937,0.000514375
4.9130e-02,-0.0573437,0.000797188
4.9140e-02,-0.0379688,0.000991875
4.9150e-02,-0.0325,0.000400938
4.9160e-02,-0.036875,-0.000605625
4.9170e-02,-0.0410937,-0.00105063
4.9180e-02,-0.040625,-0.000720313
4.9190e-02,-0.0357813,0.0005025
4.9200e-02,-0.046875,0.000599688
4.9210e-02,-0.0465625,0.0005175
4.9220e-02,-0.04125,-0.00023375
4.9230e-02,-0.0354688,0.000390313
4.9240e-02,-0.039375,6.875e-06
4.9250e-02,-0.0364063,3.21875e-05
4.9260e-02,-0.0323438,0.000465938
4.9270e-02,-0.039375,0.000464375
4.9280e-02,-0.0498438,0.000265
4.9290e-02,-0.05375,-0.000205625
4.9300e-02,-0.0407813,-0.000303438
4.9310e-02,-0.0392187,0.000705625
4.9320e-02,-0.0501562,0.000124375
4.9330e-02,-0.0523437,0.000628125
4.9340e-02,-0.034375,0.000125313
4.9350e-02,-0.048125,0.000737813
4.9360e-02,-0.0420312,-0.000460625
4.9370e-02,-0.0496875,-0.000276875
4.9380e-02,-0.0439063,-0.00060625
4.9390e-02,-0.0353125,0.000191563
4.9400e-02,-0.0482812,0.000189375
4.9410e-02,-0.0504687,0.000118125
4.9420e-02,-0.036875,-0.000421563
4.9430e-02,-0.0392187,-0.000302813
4.9440e-02,-0.049375,0.000284063
4.9450e-02,-0.0409375,-0.000320938
4.9460e-02,-0.0510938,0.000696875
4.9470e-02,-0.0282813,0.000450938
4.9480e-02,-0.0296875,0.000182813
4.9490e-02,-0.0385937,0.000387813
4.9500e-02,-0.0364063,8.1875e-05
4.9510e-02,-0.0460938,0.000160625
4.9520e-02,-0.0398437,-6.875e-05
4.9530e-02,-0.029375,0.000165938
4.9540e-02,-0.0295313,0.000234375
4.9550e-02,-0.0342187,-0.000561875
4.9560e-02,-0.0526563,-0.000807188
4.9570e-02,-0.0409375,-0.00055875
4.9580e-02,-0.0360938,-0.000365
4.9590e-02,-0.043125,-0.000418125
4.9600e-02,-0.049375,0.00046375
4.9610e-02,-0.0407813,-0.000185938
4.9620e-02,-0.0389063,-0.000194688
4.9630e-02,-0.0414063,-0.000771875
4.9640e-02,-0.0451563,0.000388125
4.9650e-02,-0.0464062,0.000574375
4.9660e-02,-0.0523437,0.000558438
4.9670e-02,-0.0485938,0.000672188
4.9680e-02,-0.06125,0.00023375
4.9690e-02,-0.0342187,0.000169688
4.9700e-02,-0.0446875,-0.000170938
4.9710e-02,-0.02875,5.09375e-05
4.9720e-02,-0.0498438,1.21875e-05
4.9730e-02,-0.0359375,-0.000267813
4.9740e-02,-0.0448438,-0.000657813
4.9750e-02,-0.0342187,-0.000666875
4.9760e-02,-0.0442188,-0.000560938
4.9770e-02,-0.0504687,-0.00095375
4.9780e-02,-0.045,-0.000538125
4.9790e-02,-0.0403125,0.000243125
4.9800e-02,-0.0409375,0.000358438
4.9810e-02,-0.0425,-7.21875e-05
4.9820e-02,-0.048125,-0.000271563
4.9830e-02,-0.0435938,-0.000813125
4.9840e-02,-0.050625,0.00011
4.9850e-02,-0.0457813,0.000132813
4.9860e-02,-0.039375,0.00044625
4.9870e-02,-0.0410937,0.0002675
4.9880e-02,-0.0415625,-0.000688438
4.9890e-02,-0.0317188,-0.000108125
4.9900e-02,-0.0359375,-0.0002925
4.9910e-02,-0.0404687,7.75e-05
4.9920e-02,-0.0454688,-7.15625e-05
4.9930e-02,-0.0392187,-4.59375e-05
4.9940e-02,-0.0489062,-3.09375e-05
4.9950e-02,-0.040625,-4.53125e-05
4.9960e-02,-0.0442188,-0.000980938
4.9970e-02,-0.051875,-6.6875e-05
4.9980e-02,-0.0453125,2.34375e-05
4.9990e-02,-0.0492188,0.000459375
5.0000e-02,-0.0471875,0.000325625
5.0010e-02,-0.0396875,0.00063125
5.0020e-02,-0.0432813,0.000400938
5.0030e-02,-0.0540625,-0.000243125
5.0040e-02,-0.0428125,0.000143125
5.0050e-02,-0.04,-2.46875e-05
5.0060e-02,-0.039375,1.3125e-05
5.0070e-02,-0.036875,0.000812813
5.0080e-02,-0.0378125,-0.000502188
5.0090e-02,-0.0515625,-0.000775
5.0100e-02,-0.0457813,-0.000511563
5.0110e-02,-0.0507812,0.00018125
5.0120e-02,-0.0353125,0.000311563
5.0130e-02,-0.035,1.1875e-05
5.0140e-02,-0.04125,1.0625e-05
5.0150e-02,-0.0454688,-8.1875e-05
5.0160e-02,-0.035,0.00023375
5.0170e-02,-0.0367188,0.000324063
5.0180e-02,-0.048125,7.8125e-06
5.0190e-02,-0.0476562,0.000530625
5.0200e-02,-0.03125,0.000167813
5.0210e-02,-0.050625,0.00028625
5.0220e-02,-0.039375,-1.375e-05
5.0230e-02,-0.0485938,-1.0625e-05
5.0240e-02,-0.0345312,0.000143125
5.0250e-02,-0.0445313,-0.0002225
5.0260e-02,-0.0484375,9.375e-07
5.0270e-02,-0.0425,-0.00051875
5.0280e-02,-0.0382813,0.000116563
5.0290e-02,-0.0451563,-0.000542188
5.0300e-02,-0.03375,4.1875e-05
5.0310e-02,-0.0304688,-5.3125e-05
5.0320e-02,-0.0514063,0.0002675
5.0330e-02,-0.0496875,-0.000105938
5.0340e-02,-0.0434375,-0.000186563
5.0350e-02,-0.050625,0.000562188
5.0360e-02,-0.0434375,8e-05
5.0370e-02,-0.045625,9.6875e-06
5.0380e-02,-0.04,8.1875e-05
5.0390e-02,-0.0446875,0.000656563
5.0400e-02,-0.0409375,0.000516875
5.0410e-02,-0.0457813,0.000133125
5.0420e-02,-0.0425,0.000162813
5.0430e-02,-0.0351562,0.000468125
5.0440e-02,-0.0532813,0.00030375
5.0450e-02,-0.0510938,0.000154375
5.0460e-02,-0.0417187,0.000184688
5.0470e-02,-0.0439063,-0.000150313
5.0480e-02,-0.050625,-0.000349375
5.0490e-02,-0.0476562,-0.000445313
5.0500e-02,-0.0445313,0.000159375
5.0510e-02,-0.040625,-0.000286875
5.0520e-02,-0.0548437,-0.00045
5.0530e-02,-0.0484375,-8.375e-05
5.0540e-02,-0.0448438,-0.000284063
5.0550e-02,-0.0382813,0.000191875
5.0560e-02,-0.0576563,0.000624063
5.0570e-02,-0.0478125,0.000826563
5.0580e-02,-0.0451563,0.000261563
5.0590e-02,-0.044375,0.000141563
5.0600e-02,-0.0420312,-0.000506875
5.0610e-02,-0.04625,0.000380938
5.0620e-02,-0.0401563,-0.0006075
5.0630e-02,-0.0554687,2.75e-05
5.0640e-02,-0.046875,0.000167188
5.0650e-02,-0.040625,-3.75e-05
5.0660e-02,-0.04125,-0.0003925
5.0670e-02,-0.05,-0.00023375
5.0680e-02,-0.058125,-0.000177188
5.0690e-02,-0.0421875,-0.000293125
5.0700e-02,-0.0540625,0.000165625
5.0710e-02,-0.0401563,0.000166875
5.0720e-02,-0.0445313,-0.000428438
5.0730e-02,-0.0484375,-0.000425
5.0740e-02,-0.0473438,-8.59375e-05
5.0750e-02,-0.046875,-0.000309063
5.0760e-02,-0.0376563,-0.0002825
5.0770e-02,-0.0403125,0.000272812
5.0780e-02,-0.0471875,0.000466563
5.0790e-02,-0.04625,0.000125938
5.0800e-02,-0.0459375,-0.000203125
5.0810e-02,-0.041875,0.000173438
5.0820e-02,-0.044375,0.000379688
5.0830e-02,-0.0432813,0.000217188
5.0840e-02,-0.0409375,0.000459063
5.0850e-02,-0.035625,0.000453125
5.0860e-02,-0.06,-0.000194375
5.0870e-02,-0.0315625,-0.000177813
5.0880e-02,-0.0465625,-0.000666875
5.0890e-02,-0.044375,-0.000166875
5.0900e-02,-0.0457813,-0.000289375
5.0910e-02,-0.0482812,0.00048875
5.0920e-02,-0.0460938,-0.000290313
5.0930e-02,-0.0496875,-0.000422813
5.0940e-02,-0.0514063,-0.00035875
5.0950e-02,-0.0303125,1.6875e-05
5.0960e-02,-0.0417187,9.875e-05
5.0970e-02,-0.0515625,0.000543125
5.0980e-02,-0.03875,0.000595625
5.0990e-02,-0.0446875,0.000212813
5.1000e-02,-0.0326562,0.000356563
5.1010e-02,-0.0495312,0.00010875
5.1020e-02,-0.0367188,0.000102188
5.1030e-02,-0.0478125,0.000775
5.1040e-02,-0.0470312,0.000751875
5.1050e-02,-0.0410937,-0.000128125
5.1060e-02,-0.0407813,0.000586563
5.1070e-02,-0.0540625,2.78125e-05
5.1080e-02,-0.053125,9.78125e-05
5.1090e-02,-0.0464062,-0.000304063
5.1100e-02,-0.0423437,-0.000122188
5.1110e-02,-0.0445313,-0.000384688
5.1120e-02,-0.0410937,-0.000346875
5.1130e-02,-0.044375,-0.000725
5.1140e-02,-0.046875,-7.625e-05
5.1150e-02,-0.0373438,-0.000560625
5.1160e-02,-0.0510938,0.000384375
5.1170e-02,-0.0573437,-0.000182813
5.1180e-02,-0.0401563,0.000160625
5.1190e-02,-0.0439063,-6.84375e-05
5.1200e-02,-0.045625,-0.000254375
5.1210e-02,-0.0485938,-5.6875e-05
5.1220e-02,-0.0421875,0.000258438
5.1230e-02,-0.0507812,-0.000423125
5.1240e-02,-0.0365625,-0.000106875
5.1250e-02,-0.046875,-0.000486563
5.1260e-02,-0.03625,0.000170313
5.1270e-02,-0.0432813,-9.53125e-05
5.1280e-02,-0.0454688,-0.00046625
5.1290e-02,-0.0498438,0.000350625
5.1300e-02,-0.0507812,-0.000378438
5.1310e-02,-0.0453125,-0.00071125
5.1320e-02,-0.0482812,-0.000410938
5.1330e-02,-0.0457813,-0.000229688
5.1340e-02,-0.0520313,-0.00033875
5.1350e-02,-0.0470312,0.000571875
5.1360e-02,-0.05,0.000546563
5.1370e-02,-0.0417187,-0.000204375
5.1380e-02,-0.0376563,0.0001325
5.1390e-02,-0.0465625,2.75e-05
5.1400e-02,-0.0540625,0.00141594
5.1410e-02,-0.0526563,0.000195313
5.1420e-02,-0.043125,0.00049125
5.1430e-02,-0.0640625,0.000495313
5.1440e-02,-0.04375,-0.000179688
5.1450e-02,-0.044375,-0.000716563
5.1460e-02,-0.0523437,-0.000649375
5.1470e-02,-0.05125,-0.000476875
5.1480e-02,-0.0504687,-0.000630625
5.1490e-02,-0.05,2.40625e-05
5.1500e-02,-0.0403125,-0.00078375
5.1510e-02,-0.045625,-0.000207813
5.1520e-02,-0.0551563,-0.000596563
5.1530e-02,-0.0484375,-0.000773125
5.1540e-02,-0.0510938,-0.000275625
5.1550e-02,-0.05625,-0.00029375
5.1560e-02,-0.04,5.65625e-05
5.1570e-02,-0.0467188,6.25e-05
5.1580e-02,-0.043125,-0.000257188
5.1590e-02,-0.0490625,8.4375e-06
5.1600e-02,-0.04625,0.00023
5.1610e-02,-0.06,-0.000535313
5.1620e-02,-0.0365625,-0.0001425
5.1630e-02,-0.0417187,-3.8125e-05
5.1640e-02,-0.0446875,-6.84375e-05
5.1650e-02,-0.0515625,0.000265
5.1660e-02,-0.0348437,0.0004975
5.1670e-02,-0.04125,0.000921875
5.1680e-02,-0.0471875,0.000386563
5.1690e-02,-0.048125,0.000322188
5.1700e-02,-0.031875,0.000390313
5.1710e-02,-0.0464062,0.000130625
5.1720e-02,-0.0428125,-0.000159063
5.1730e-02,-0.0373438,8.65625e-05
5.1740e-02,-0.0490625,7.21875e-05
5.1750e-02,-0.0446875,-3.4375e-06
5.1760e-02,-0.0435938,0.000439688
5.1770e-02,-0.05375,7.34375e-05
5.1780e-02,-0.0485938,-0.000224375
5.1790e-02,-0.0385937,0.000179375
5.1800e-02,-0.0489062,0.000220625
5.1810e-02,-0.0423437,0.000184375
5.1820e-02,-0.054375,3.96875e-05
5.1830e-02,-0.0590625,0.000144063
5.1840e-02,-0.0390625,0.000315313
5.1850e-02,-0.0482812,-0.000305938
5.1860e-02,-0.0495312,-0.00050375
5.1870e-02,-0.0551563,-0.000529063
5.1880e-02,-0.055,-0.000370313
5.1890e-02,-0.0360938,0.000452813
5.1900e-02,-0.058125,0.000101875
5.1910e-02,-0.0535937,-0.00050375
5.1920e-02,-0.0439063,-0.000370313
5.1930e-02,-0.0465625,-0.000248125
5.1940e-02,-0.045,-0.000230625
5.1950e-02,-0.0476562,0.000564688
5.1960e-02,-0.0507812,0.000970938
5.1970e-02,-0.0382813,0.000820938
5.1980e-02,-0.0432813,-0.000430938
5.1990e-02,-0.0390625,-0.000128125
5.2000e-02,-0.0428125,-0.000483438
5.2010e-02,-0.0429688,0.000234688
5.2020e-02,-0.0471875,0.000647813
5.2030e-02,-0.0575,0.000615625
5.2040e-02,-0.0509375,-0.000610938
5.2050e-02,-0.0407813,-0.00064125
5.2060e-02,-0.0315625,-0.001375
5.2070e-02,-0.0384375,-0.000184688
5.2080e-02,-0.0496875,0.000827813
5.2090e-02,-0.0467188,0.000708438
5.2100e-02,-0.05375,0.0001875
5.2110e-02,-0.045625,-0.000915938
5.2120e-02,-0.0415625,-0.00158063
5.2130e-02,-0.0542187,-0.000644688
5.2140e-02,-0.0446875,0.000607188
5.2150e-02,-0.0423437,0.00146063
5.2160e-02,-0.045625,0.000678438
5.2170e-02,-0.0520313,-0.000632813
5.2180e-02,-0.049375,-0.00206156
5.2190e-02,-0.0539063,-0.00146938
5.2200e-02,-0.0414063,-0.00029375
5.2210e-02,-0.0504687,0.00203281
5.2220e-02,-0.0501562,0.00140281
5.2230e-02,-0.0573437,-1.65625e-05
5.2240e-02,-0.043125,-0.00184031
5.2250e-02,-0.045,-0.00217625
5.2260e-02,-0.0460938,-0.000500938
5.2270e-02,-0.0484375,0.00127406
5.2280e-02,-0.0435938,0.00197406
5.2290e-02,-0.0548437,0.000485625
5.2300e-02,-0.0453125,-0.00180344
5.2310e-02,-0.0370313,-0.00362188
5.2320e-02,-0.0435938,-0.00281438
5.2330e-02,-0.0529687,0.000778438
5.2340e-02,-0.0392187,0.00298375
5.2350e-02,-0.04125,0.00215906
5.2360e-02,-0.04875,-0.000179063
5.2370e-02,-0.0635938,-0.00237344
5.2380e-02,-0.0457813,-0.00308438
5.2390e-02,-0.05,-0.0010525
5.2400e-02,-0.0360938,0.00210906
5.2410e-02,-0.0473438,0.00306344
5.2420e-02,-0.0401563,0.00296344
5.2430e-02,-0.036875,0.00302719
5.2440e-02,-0.0528125,0.00314281
5.2450e-02,-0.0467188,0.00304938
5.2460e-02,-0.0414063,0.00301906
5.2470e-02,-0.0467188,0.00307906
5.2480e-02,1.12437,0.00321313
5.2490e-02,0.501719,-0.000964375
5.2500e-02,-0.96625,-0.00498687
5.2510e-02,-0.52875,-0.00714969
5.2520e-02,-1.14438,-0.00867094
5.2530e-02,-0.310625,-0.00810781
5.2540e-02,0.090625,-0.00811813
5.2550e-02,0.105781,-0.00812656
5.2560e-02,0.0757812,-0.00815906
5.2570e-02,0.0617188,-0.00807031
5.2580e-02,0.056875,-0.00799375
5.2590e-02,0.0507812,-0.007975
5.2600e-02,0.054375,-0.00806
5.2610e-02,0.0367187,-0.00805938
5.2620e-02,0.0442188,-0.00790938
5.2630e-02,0.0464062,-0.00784688
5.2640e-02,0.0315625,-0.00795844
5.2650e-02,0.040625,-0.00792094
5.2660e-02,0.0232812,-0.007825
5.2670e-02,0.021875,-0.00789063
5.2680e-02,0.0292187,-0.00797781
5.2690e-02,0.01875,-0.00794563
5.2700e-02,0.0289062,-0.00790031
5.2710e-02,0.0234375,-0.00805781
5.2720e-02,0.0185938,-0.00789
5.2730e-02,0.0173438,-0.00768063
5.2740e-02,0.00515625,-0.00622
5.2750e-02,0.0129687,-0.00111781
5.2760e-02,0.0114063,0.00116156
5.2770e-02,0.0148437,0.000643125
5.2780e-02,0.0276563,-0.00151188
5.2790e-02,0.02,-0.00199719
5.2800e-02,0.0025,-0.0001975
5.2810e-02,-0.0075,0.000918125
5.2820e-02,-0.00171875,0.001685
5.2830e-02,0.0135937,0.00126594
5.2840e-02,0.0148437,-0.000653438
5.2850e-02,0.00453125,-0.0016525
5.2860e-02,0.01125,-0.0017775
5.2870e-02,-0.00640625,-0.000356563
5.2880e-02,0.00359375,0.000770938
5.2890e-02,0.0110937,0.00119406
5.2900e-02,-0.0053125,0.000335313
5.2910e-02,-0.001875,-0.000966875
5.2920e-02,0.00609375,-0.00207719
5.2930e-02,-0.00875,-7.03125e-05
5.2940e-02,0.0129687,0.0004925
5.2950e-02,-0.00359375,0.0007925
5.2960e-02,-0.00546875,-0.000120313
5.2970e-02,-0.00765625,-0.00095375
5.2980e-02,0.0025,-0.00146344
5.2990e-02,-0.005,-0.00114875
5.3000e-02,0.0071875,0.000600313
5.3010e-02,-0.015625,0.00127594
5.3020e-02,-0.008125,0.000704375
5.3030e-02,-0.00921875,0.00014875
5.3040e-02,-0.000625,-0.000316563
5.3050e-02,-0.00828125,-0.000630625
5.3060e-02,-0.0167188,-0.000386875
5.3070e-02,-0.0115625,0.00062625
5.3080e-02,-0.008125,0.000707813
5.3090e-02,-0.0103125,0.000214688
5.3100e-02,-0.0015625,-0.000513438
5.3110e-02,-0.00171875,-0.000810313
5.3120e-02,-0.0110937,-0.000107813
5.3130e-02,-0.0140625,7.8125e-06
5.3140e-02,-0.0129688,-4.84375e-05
5.3150e-02,-0.0009375,0.000495
5.3160e-02,0.0046875,-0.000284063
5.3170e-02,-0.0165625,-0.000742813
5.3180e-02,-0.00359375,-0.000566875
5.3190e-02,-0.00796875,-7.875e-05
5.3200e-02,-0.0117188,0.000525313
5.3210e-02,-0.0151562,0.000953125
5.3220e-02,-0.0210938,0.000734063
5.3230e-02,-0.0117188,-0.000394063
5.3240e-02,-0.00640625,-0.000152188
5.3250e-02,-0.0107813,-8.25e-05
5.3260e-02,-0.00515625,-0.000261563
5.3270e-02,-0.0125,-0.000334688
5.3280e-02,0.0034375,0.0006325
5.3290e-02,-0.0129688,-0.000465
5.3300e-02,-0.00734375,-0.000383438
5.3310e-02,-0.025625,-0.00084625
5.3320e-02,0.0003125,-0.00050375
5.3330e-02,-0.01375,0.000214688
5.3340e-02,-0.0235938,0.000213125
5.3350e-02,-0.0240625,0.000355313
5.3360e-02,-0.0028125,0.000645
5.3370e-02,-0.00578125,0.000153438
5.3380e-02,-0.0220313,-0.00049625
5.3390e-02,-0.00953125,-0.000535313
5.3400e-02,-0.0146875,2.125e-05
5.3410e-02,-0.00515625,0.000687813
5.3420e-02,-0.0173438,-0.000180313
5.3430e-02,-0.0282813,0.000745625
5.3440e-02,-0.0245313,0.000301563
5.3450e-02,-0.010625,0.000367188
5.3460e-02,-0.0184375,-9.5e-05
5.3470e-02,-0.0173438,-1.4375e-05
5.3480e-02,-0.016875,0.000158438
5.3490e-02,-0.0221875,-0.000350938
5.3500e-02,-0.00796875,-0.00063875
5.3510e-02,-0.0171875,-0.000476875
5.3520e-02,-0.0204688,-0.000584375
5.3530e-02,-0.0304688,-0.000608438
5.3540e-02,-0.0254688,-0.000269375
5.3550e-02,-0.0296875,0.000154063
5.3560e-02,-0.0096875,0.000240625
5.3570e-02,-0.0184375,-0.000438438
5.3580e-02,-0.0103125,-0.000324375
5.3590e-02,-0.0267187,0.00103812
5.3600e-02,-0.0129688,0.000175938
5.3610e-02,-0.0279688,0.000160938
5.3620e-02,-0.0139063,0.000133438
5.3630e-02,-0.0225,0.000348125
5.3640e-02,-0.0245313,0.000689688
5.3650e-02,-0.0196875,-9.4375e-05
5.3660e-02,-0.0290625,-0.0005025
5.3670e-02,-0.0164063,6.4375e-05
5.3680e-02,-0.0107813,3.3125e-05
5.3690e-02,-0.0207813,-0.000319375
5.3700e-02,-0.0103125,6.625e-05
5.3710e-02,-0.02,-0.000140313
5.3720e-02,-0.0220313,0.000396563
5.3730e-02,-0.0146875,0.000770938
5.3740e-02,-0.0207813,0.000210313
5.3750e-02,-0.0303125,-0.0002575
5.3760e-02,-0.016875,-0.000113125
5.3770e-02,-0.0165625,3.0625e-05
5.3780e-02,-0.0145312,-0.000156563
5.3790e-02,-0.0140625,-4.25e-05
5.3800e-02,-0.0153125,0.000298438
5.3810e-02,-0.0321875,0.000422188
5.3820e-02,-0.0176563,-5.15625e-05
5.3830e-02,-0.0104688,3.53125e-05
5.3840e-02,-0.01375,-9.375e-05
5.3850e-02,-0.0239063,-0.000803125
5.3860e-02,-0.0196875,0.000470625
5.3870e-02,-0.0260937,0.000201563
5.3880e-02,-0.0198438,0.0001225
5.3890e-02,-0.029375,0.000565938
5.3900e-02,-0.0242188,0.0002675
5.3910e-02,-0.0198438,-0.000226875
5.3920e-02,-0.025,-0.000585625
5.3930e-02,-0.02625,0.00037
5.3940e-02,-0.0257812,0.000543438
5.3950e-02,-0.0314062,5.46875e-05
5.3960e-02,-0.0232812,-0.000409063
5.3970e-02,-0.0276563,-2.40625e-05
5.3980e-02,-0.0296875,-8.65625e-05
5.3990e-02,-0.024375,0.000158438
5.4000e-02,-0.0232812,0.000760313
5.4010e-02,-0.0279688,0.000100625
5.4020e-02,-0.033125,-8.09375e-05
5.4030e-02,-0.02875,-0.000524688
5.4040e-02,-0.0164063,-0.000365313
5.4050e-02,-0.0175,-0.000321563
5.4060e-02,-0.0142188,0.000390313
5.4070e-02,-0.0296875,0.000541563
5.4080e-02,-0.0295313,0.000622188
5.4090e-02,-0.0192187,-0.000625313
5.4100e-02,-0.03125,0.000430625
5.4110e-02,-0.0242188,-0.00019375
5.4120e-02,-0.0271875,-0.000124063
5.4130e-02,-0.0245313,0.00067625
5.4140e-02,-0.0289063,0.000600313
5.4150e-02,-0.0185937,0.000330313
5.4160e-02,-0.0198438,0.000192188
5.4170e-02,-0.0239063,-9.5e-05
5.4180e-02,-0.028125,-0.00015875
5.4190e-02,-0.0292188,0.000549063
5.4200e-02,-0.0434375,-7.34375e-05
5.4210e-02,-0.0229687,1.5625e-06
5.4220e-02,-0.0310937,-0.000110313
5.4230e-02,-0.0279688,-0.000238125
5.4240e-02,-0.0321875,0.000114063
5.4250e-02,-0.0317188,-0.000283125
5.4260e-02,-0.0175,0.000500312
5.4270e-02,-0.0390625,-0.000110625
5.4280e-02,-0.018125,5.84375e-05
5.4290e-02,-0.029375,-0.000295625
5.4300e-02,-0.03,6.65625e-05
5.4310e-02,-0.0373438,-0.000129062
5.4320e-02,-0.0290625,-0.00017625
5.4330e-02,-0.0125,0.000446875
5.4340e-02,-0.029375,0.000293438
5.4350e-02,-0.026875,-3.84375e-05
5.4360e-02,-0.0340625,0.000109063
5.4370e-02,-0.0225,0.000326875
5.4380e-02,-0.0334375,0.000357813
5.4390e-02,-0.0359375,0.000329063
5.4400e-02,-0.0351562,0.000298438
5.4410e-02,-0.0267187,-0.000141875
5.4420e-02,-0.0301563,-0.000125
5.4430e-02,-0.0354688,-0.0001475
5.4440e-02,-0.0354688,2.59375e-05
5.4450e-02,-0.0275,0.000225625
5.4460e-02,-0.0248438,-0.000658438
5.4470e-02,-0.0328125,-0.000257188
5.4480e-02,-0.0301563,-0.000290625
5.4490e-02,-0.0307813,0.000165
5.4500e-02,-0.0345312,0.000299063
5.4510e-02,-0.0235938,0.000696875
5.4520e-02,-0.0184375,-0.000639375
5.4530e-02,-0.04,0.000636563
5.4540e-02,-0.0348437,2.59375e-05
5.4550e-02,-0.0267187,0.000162813
5.4560e-02,-0.0321875,-0.000258125
5.4570e-02,-0.0351562,0.000175
5.4580e-02,-0.0289063,0.000570625
5.4590e-02,-0.0292188,0.00103469
5.4600e-02,-0.0203125,0.00111156
5.4610e-02,-0.0295313,2.59375e-05
5.4620e-02,-0.0310937,-0.00019625
5.4630e-02,-0.0395313,4.5e-05
5.4640e-02,-0.0273438,-0.000387813
5.4650e-02,-0.0146875,-5.59375e-05
5.4660e-02,-0.0195312,2.625e-05
5.4670e-02,-0.0142188,0.00046625
5.4680e-02,-0.0367188,-0.0006975
5.4690e-02,-0.0342187,-0.00055375
5.4700e-02,-0.03,-0.000536875
5.4710e-02,-0.0329688,-0.000336875
5.4720e-02,-0.0459375,-7.59375e-05
5.4730e-02,-0.013125,-0.00018
5.4740e-02,-0.0234375,-0.000114688
5.4750e-02,-0.0364063,0.000375938
5.4760e-02,-0.0275,0.0004475
5.4770e-02,-0.0440625,0.00041875
5.4780e-02,-0.03375,0.000702188
5.4790e-02,-0.0225,0.000479063
5.4800e-02,-0.0270312,0.000203438
5.4810e-02,-0.0426562,-0.000148125
5.4820e-02,-0.0415625,-0.000237188
5.4830e-02,-0.0389063,-6.5e-05
5.4840e-02,-0.0251563,-6.03125e-05
5.4850e-02,-0.0178125,-0.00033875
5.4860e-02,-0.0435938,-0.00102844
5.4870e-02,-0.030625,0.00017125
5.4880e-02,-0.03125,0.000525
5.4890e-02,-0.0351562,2.125e-05
5.4900e-02,-0.0309375,1.65625e-05
5.4910e-02,-0.0335937,0.000504063
5.4920e-02,-0.0303125,0.000354063
5.4930e-02,-0.0421875,0.0003975
5.4940e-02,-0.0257812,0.000145313
5.4950e-02,-0.0395313,-0.000304375
5.4960e-02,-0.0348437,0.00048625
5.4970e-02,-0.03625,0.000460625
5.4980e-02,-0.020625,0.000469688
5.4990e-02,-0.0367188,-0.00047375
5.5000e-02,-0.0257812,-6.03125e-05
5.5010e-02,-0.0320312,-0.000307813
5.5020e-02,-0.0376563,-0.000485938
5.5030e-02,-0.0448438,-0.00021625
5.5040e-02,-0.0415625,0.000184375
5.5050e-02,-0.025625,-5.28125e-05
5.5060e-02,-0.0340625,-0.000106563
5.5070e-02,-0.015625,7.25e-05
5.5080e-02,-0.0317188,5.96875e-05
5.5090e-02,-0.0310937,0.000316563
5.5100e-02,-0.03,-4.375e-06
5.5110e-02,-0.030625,-0.0001675
5.5120e-02,-0.0292188,0.000406875
5.5130e-02,-0.0335937,-0.000737813
5.5140e-02,-0.0284375,-0.00015
5.5150e-02,-0.02625,-0.000599375
5.5160e-02,-0.031875,9.375e-07
5.5170e-02,-0.0289063,0.000395313
5.5180e-02,-0.0378125,3.28125e-05
5.5190e-02,-0.031875,-9.15625e-05
5.5200e-02,-0.0359375,-0.000561562
5.5210e-02,-0.0267187,-0.000390938
5.5220e-02,-0.0264062,-0.000390625
5.5230e-02,-0.0346875,0.00055875
5.5240e-02,-0.03875,0.00052375
5.5250e-02,-0.0340625,0.000653125
5.5260e-02,-0.0239063,0.000280313
5.5270e-02,-0.0390625,9.28125e-05
5.5280e-02,-0.041875,-0.000115625
5.5290e-02,-0.0340625,0.000306563
5.5300e-02,-0.028125,0.000187188
5.5310e-02,-0.0360938,-6.65625e-05
5.5320e-02,-0.0465625,0.000410625
5.5330e-02,-0.0314062,-0.000169063
5.5340e-02,-0.0421875,-0.000222188
5.5350e-02,-0.03625,0.00026375
5.5360e-02,-0.0453125,0.00017375
5.5370e-02,-0.0453125,0.00066125
5.5380e-02,-0.0376563,0.000166563
5.5390e-02,-0.0326562,8.5625e-05
5.5400e-02,-0.0315625,-0.00034125
5.5410e-02,-0.0446875,-0.000494375
5.5420e-02,-0.0301563,0.000115938
5.5430e-02,-0.0271875,0.00016375
5.5440e-02,-0.029375,0.000349063
5.5450e-02,-0.0282813,0.000719688
5.5460e-02,-0.03125,0.000233438
5.5470e-02,-0.035625,2.8125e-06
5.5480e-02,-0.0326562,-0.000555313
5.5490e-02,-0.0429688,0.000211875
5.5500e-02,-0.0440625,0.00069
5.5510e-02,-0.036875,0.000949063
5.5520e-02,-0.0496875,-2.625e-05
5.5530e-02,-0.0278125,-0.000560938
5.5540e-02,-0.0426562,0.000182813
5.5550e-02,-0.0421875,0.000246875
5.5560e-02,-0.043125,0.00055
5.5570e-02,-0.041875,0.0005275
5.5580e-02,-0.0290625,0.000282188
5.5590e-02,-0.0370313,-8.375e-05
5.5600e-02,-0.0420312,0.00019125
5.5610e-02,-0.0265625,-0.000487813
5.5620e-02,-0.0417187,-0.00018375
5.5630e-02,-0.0279688,0.000579375
5.5640e-02,-0.0298438,0.000874375
5.5650e-02,-0.0423437,0.00066125
5.5660e-02,-0.0421875,0.00036875
5.5670e-02,-0.0429688,-4.09375e-05
5.5680e-02,-0.0501562,-0.000523438
5.5690e-02,-0.0473438,-3.125e-06
5.5700e-02,-0.0217188,0.000299375
5.5710e-02,-0.0317188,0.00069125
5.5720e-02,-0.0482812,8.875e-05
5.5730e-02,-0.0367188,-0.000666875
5.5740e-02,-0.0373438,-0.000385625
5.5750e-02,-0.0382813,0.000147188
5.5760e-02,-0.0396875,0.00089875
5.5770e-02,-0.0373438,0.00113563
5.5780e-02,-0.0196875,0.0004625
5.5790e-02,-0.0420312,0.000163125
5.5800e-02,-0.045,-0.000294688
5.5810e-02,-0.0396875,-0.000654063
5.5820e-02,-0.045,0.000128125
5.5830e-02,-0.0464062,0.00013625
5.5840e-02,-0.0434375,0.000782813
5.5850e-02,-0.0421875,-0.000104375
5.5860e-02,-0.0426562,-7.875e-05
5.5870e-02,-0.0376563,-0.000945625
5.5880e-02,-0.0403125,-0.000870938
5.5890e-02,-0.035,0.000239688
5.5900e-02,-0.0223437,0.00118687
5.5910e-02,-0.0378125,0.00074375
5.5920e-02,-0.0301563,-0.000441563
5.5930e-02,-0.0423437,-0.000580938
5.5940e-02,-0.0345312,-0.000765938
5.5950e-02,-0.0429688,0.000120938
5.5960e-02,-0.035625,0.00115938
5.5970e-02,-0.0478125,0.00172406
5.5980e-02,-0.0460938,0.00131906
5.5990e-02,-0.0375,-0.000521562
5.6000e-02,-0.0495312,-0.00133781
5.6010e-02,-0.0360938,-0.00111344
5.6020e-02,-0.0325,0.000789063
5.6030e-02,-0.035,0.0010825
5.6040e-02,-0.0357813,0.00138531
5.6050e-02,-0.0328125,-0.000101875
5.6060e-02,-0.0390625,-0.00102688
5.6070e-02,-0.0325,-0.00171375
5.6080e-02,-0.0432813,-0.00075625
5.6090e-02,-0.0392187,0.00106156
5.6100e-02,-0.0535937,0.00115906
5.6110e-02,-0.04375,0.000996563
5.6120e-02,-0.0395313,-0.000176563
5.6130e-02,-0.0342187,-0.00069375
5.6140e-02,-0.0360938,-0.000140313
5.6150e-02,-0.0353125,0.000789375
5.6160e-02,-0.0309375,0.00235906
5.6170e-02,-0.02875,0.00208125
5.6180e-02,-0.0264062,-0.0004
5.6190e-02,-0.0442188,-0.00200969
5.6200e-02,-0.0492188,-0.00209875
5.6210e-02,-0.0317188,-0.000348438
5.6220e-02,-0.0421875,0.00175406
5.6230e-02,-0.0307813,0.00208219
5.6240e-02,-0.041875,-6.46875e-05
5.6250e-02,-0.0479688,-0.00212125
5.6260e-02,-0.0360938,-0.002775
5.6270e-02,-0.0426562,-0.00160781
5.6280e-02,-0.0464062,0.00093875
5.6290e-02,-0.04,0.00219125
5.6300e-02,-0.0440625,0.00217063
5.6310e-02,-0.04375,-0.000799063
5.6320e-02,-0.0307813,-0.00304375
5.6330e-02,-0.0353125,-0.00221469
5.6340e-02,-0.0446875,-0.000164375
5.6350e-02,-0.043125,0.002845
5.6360e-02,-0.0417187,0.00320406
5.6370e-02,-0.0335937,0.00114063
5.6380e-02,-0.0440625,-0.0029725
5.6390e-02,-0.0434375,-0.00344156
5.6400e-02,-0.0371875,-0.00179625
5.6410e-02,-0.0364063,0.00192656
5.6420e-02,-0.0478125,0.00501719
5.6430e-02,-0.046875,0.00277
5.6440e-02,-0.03375,-0.000801875
5.6450e-02,-0.0439063,-0.00409156
5.6460e-02,-0.0226562,-0.00372313
5.6470e-02,-0.0490625,-0.000211875
5.6480e-02,-0.04125,0.00381781
5.6490e-02,-0.0432813,0.00472594
5.6500e-02,-0.0460938,0.00153906
5.6510e-02,-0.0409375,-0.00234656
5.6520e-02,-0.0379688,-0.00384781
5.6530e-02,-0.054375,-0.00281625
5.6540e-02,-0.0407813,0.00135188
5.6550e-02,-0.0432813,0.00479313
5.6560e-02,-0.0425,0.00442594
5.6570e-02,-0.0357813,0.000295313
5.6580e-02,-0.051875,-0.00371813
5.6590e-02,-0.0398437,-0.00388563
5.6600e-02,-0.0478125,-0.00122313
5.6610e-02,-0.0317188,0.00199906
5.6620e-02,-0.044375,0.00348
5.6630e-02,-0.04875,0.00169031
5.6640e-02,-0.0420312,-0.00201344
5.6650e-02,-0.0401563,-0.00420844
5.6660e-02,-0.0351562,-0.00312094
5.6670e-02,-0.0354688,0.000162188
5.6680e-02,-0.0521875,0.00344938
5.6690e-02,-0.0425,0.002385
5.6700e-02,-0.0285938,0.000153438
5.6710e-02,-0.0353125,-0.00209688
5.6720e-02,-0.03875,-0.00290406
5.6730e-02,-0.035,-0.00076875
5.6740e-02,-0.0454688,0.00191469
5.6750e-02,-0.040625,0.00290688
5.6760e-02,-0.0575,0.001595
5.6770e-02,-0.0378125,-0.000922188
5.6780e-02,-0.0345312,-0.00148781
5.6790e-02,-0.0420312,-0.00155844
5.6800e-02,-0.0554687,0.000106875
5.6810e-02,-0.03375,0.00195156
5.6820e-02,-0.0432813,0.00155469
5.6830e-02,-0.0409375,-9.5625e-05
5.6840e-02,-0.0259375,-0.00163188
5.6850e-02,-0.0376563,-0.00161344
5.6860e-02,-0.0403125,-0.000895313
5.6870e-02,-0.04625,0.000638438
5.6880e-02,-0.0489062,0.00178781
5.6890e-02,-0.0428125,0.000814688
5.6900e-02,-0.0464062,-0.000587188
5.6910e-02,-0.0467188,-0.00158375
5.6920e-02,-0.026875,-0.00110625
5.6930e-02,-0.0451563,0.00163813
5.6940e-02,-0.0417187,0.00168125
5.6950e-02,-0.0354688,0.00148469
5.6960e-02,-0.0425,-9.375e-05
5.6970e-02,-0.0395313,-0.00156094
5.6980e-02,-0.0420312,-0.00120188
5.6990e-02,-0.0421875,3.28125e-05
5.7000e-02,-0.0446875,0.00151719
5.7010e-02,-0.0478125,0.000825313
5.7020e-02,-0.0326562,-0.000234063
5.7030e-02,-0.0403125,-0.0003225
5.7040e-02,-0.040625,-0.00101313
5.7050e-02,-0.045,-0.000941875
5.7060e-02,-0.0326562,0.000780313
5.7070e-02,-0.0485938,0.000746875
5.7080e-02,-0.0404687,0.000239688
5.7090e-02,-0.0423437,-0.000210313
5.7100e-02,-0.050625,-0.000678125
5.7110e-02,-0.0501562,-0.00146063
5.7120e-02,-0.0398437,-0.000631875
5.7130e-02,-0.0579687,0.0010775
5.7140e-02,-0.0371875,0.00066875
5.7150e-02,-0.0417187,0.00031
5.7160e-02,-0.0339062,-0.000535313
5.7170e-02,-0.0484375,9.625e-05
5.7180e-02,-0.0453125,0.000189063
5.7190e-02,-0.0439063,0.000703125
5.7200e-02,-0.0389063,0.00067625
5.7210e-02,-0.0529687,0.000702813
5.7220e-02,-0.04,0.000194063
5.7230e-02,-0.0404687,-3.90625e-05
5.7240e-02,-0.0329688,-0.000783125
5.7250e-02,-0.0320312,5.15625e-05
5.7260e-02,-0.0479688,0.000829063
5.7270e-02,-0.0353125,0.000494063
5.7280e-02,-0.043125,0.000117188
5.7290e-02,-0.0523437,-0.000480625
5.7300e-02,-0.0489062,-0.000117813
5.7310e-02,-0.0375,-0.000351563
5.7320e-02,-0.0404687,2.84375e-05
5.7330e-02,-0.0414063,0.000522188
5.7340e-02,-0.0407813,0.000100938
5.7350e-02,-0.0339062,9.625e-05
5.7360e-02,-0.0395313,-0.000110313
5.7370e-02,-0.0525,0.000274375
5.7380e-02,-0.0417187,0.000681563
5.7390e-02,-0.0540625,-0.000134063
5.7400e-02,-0.0446875,0.000428438
5.7410e-02,-0.03375,0.000449688
5.7420e-02,-0.0520313,0.00031625
5.7430e-02,-0.0390625,-6.5625e-05
5.7440e-02,-0.0476562,3.34375e-05
5.7450e-02,-0.05,-5.40625e-05
5.7460e-02,-0.0348437,0.000531563
5.7470e-02,-0.043125,0.00070125
5.7480e-02,-0.0446875,0.000180625
5.7490e-02,-0.040625,-0.00026125
5.7500e-02,-0.0460938,-0.000335
5.7510e-02,-0.0376563,-0.000385
5.7520e-02,-0.0503125,0.00026875
5.7530e-02,-0.0376563,0.0005025
5.7540e-02,-0.0509375,0.000839063
5.7550e-02,-0.02875,0.000168438
5.7560e-02,-0.0465625,0.000106875
5.7570e-02,-0.0421875,0.0003625
5.7580e-02,-0.029375,0.000243438
5.7590e-02,-0.0371875,0.000315
5.7600e-02,-0.0420312,0.00061375
5.7610e-02,-0.0464062,0.000531563
5.7620e-02,-0.0517188,0.000132188
5.7630e-02,-0.055625,-7.1875e-06
5.7640e-02,-0.0471875,-0.000432813
5.7650e-02,-0.0403125,0.000268438
5.7660e-02,-0.0379688,-0.0002075
5.7670e-02,-0.0595313,1.4375e-05
5.7680e-02,-0.0434375,-0.00025125
5.7690e-02,-0.0435938,-0.0007975
5.7700e-02,-0.0395313,-0.00025
5.7710e-02,-0.0471875,-0.0001425
5.7720e-02,-0.0457813,0.000208125
5.7730e-02,-0.0403125,0.00053
5.7740e-02,-0.0415625,0.000522188
5.7750e-02,-0.039375,-4.75e-05
5.7760e-02,-0.0546875,-0.000139062
5.7770e-02,-0.04625,-0.000252188
5.7780e-02,-0.0432813,-0.00028125
5.7790e-02,-0.0479688,6.1875e-05
5.7800e-02,-0.0359375,0.000835625
5.7810e-02,-0.0478125,0.000219063
5.7820e-02,-0.04375,-9.84375e-05
5.7830e-02,-0.0490625,-0.000109063
5.7840e-02,-0.0326562,-0.00014875
5.7850e-02,-0.0426562,-0.000205313
5.7860e-02,-0.0460938,0.000116875
5.7870e-02,-0.0410937,-1.53125e-05
5.7880e-02,-0.03875,-0.000259688
5.7890e-02,-0.0435938,-0.00032625
5.7900e-02,-0.0503125,0.000139062
5.7910e-02,-0.0628125,0.000552188
5.7920e-02,-0.0373438,0.000285313
5.7930e-02,-0.033125,-0.000139062
5.7940e-02,-0.0425,-1.1875e-05
5.7950e-02,-0.056875,-0.000539375
5.7960e-02,-0.0453125,0.000207813
5.7970e-02,-0.045625,-0.000629688
5.7980e-02,-0.0409375,0.000235
5.7990e-02,-0.045,-0.000402188
5.8000e-02,-0.0532813,0.000137813
5.8010e-02,-0.0470312,-0.000350625
5.8020e-02,-0.0354688,0.000104688
5.8030e-02,-0.04875,0.000598125
5.8040e-02,-0.044375,0.0002375
5.8050e-02,-0.0415625,-8.71875e-05
5.8060e-02,-0.0471875,0.00081125
5.8070e-02,-0.0373438,-0.000288125
5.8080e-02,-0.0496875,-0.000326875
5.8090e-02,-0.0509375,-0.000149375
5.8100e-02,-0.0409375,0.000224375
5.8110e-02,-0.0521875,0.000170938
5.8120e-02,-0.04625,-0.000165938
5.8130e-02,-0.0404687,0.00019875
5.8140e-02,-0.0420312,6.71875e-05
5.8150e-02,-0.048125,-0.00055
5.8160e-02,-0.0557813,0.000136563
5.8170e-02,-0.045,-0.000454063
5.8180e-02,-0.0334375,-2.21875e-05
5.8190e-02,-0.035625,0.000209063
5.8200e-02,-0.0470312,0.000207813
5.8210e-02,-0.0435938,-0.000214063
5.8220e-02,-0.0392187,0.000249375
5.8230e-02,-0.0465625,0.000329688
5.8240e-02,-0.0354688,0.000171563
5.8250e-02,-0.0475,0.000288438
5.8260e-02,-0.0392187,0.000502188
5.8270e-02,-0.0360938,0.000552188
5.8280e-02,-0.0453125,-0.000110313
5.8290e-02,-0.0532813,3.09375e-05
5.8300e-02,-0.0382813,-0.000755625
5.8310e-02,-0.0340625,0.000390313
5.8320e-02,-0.04875,-8.375e-05
5.8330e-02,-0.0439063,-0.000324688
5.8340e-02,-0.055,-0.000585
5.8350e-02,-0.0542187,-0.0006975
5.8360e-02,-0.0378125,-0.000431563
5.8370e-02,-0.0375,-0.000345
5.8380e-02,-0.0460938,-0.000555
5.8390e-02,-0.0378125,-0.00047
5.8400e-02,-0.0459375,0.00012875
5.8410e-02,-0.0454688,-4.8125e-05
5.8420e-02,-0.054375,-0.000610313
5.8430e-02,-0.04875,0.000231563
5.8440e-02,-0.0320312,0.000105938
5.8450e-02,-0.0340625,0.0005825
5.8460e-02,-0.0482812,0.0004375
5.8470e-02,-0.0579687,-0.000237813
5.8480e-02,-0.0392187,-8.625e-05
5.8490e-02,-0.0365625,0.0002475
5.8500e-02,-0.0420312,-0.000138125
5.8510e-02,-0.0534375,0.000255
5.8520e-02,-0.0457813,0.000326563
5.8530e-02,-0.0389063,0.000164063
5.8540e-02,-0.0495312,-0.000208438
5.8550e-02,-0.038125,-0.00033625
5.8560e-02,-0.0457813,-0.000569375
5.8570e-02,-0.04375,-4.15625e-05
5.8580e-02,-0.0604688,0.000460313
5.8590e-02,-0.048125,-0.0008175
5.8600e-02,-0.059375,-0.00047875
5.8610e-02,-0.0395313,-0.000113438
5.8620e-02,-0.0482812,4.96875e-05
5.8630e-02,-0.0375,-0.000323125
5.8640e-02,-0.039375,-0.0004225
5.8650e-02,-0.0398437,-0.00011
5.8660e-02,-0.0401563,7.375e-05
5.8670e-02,-0.0460938,-0.000438438
5.8680e-02,-0.0540625,-0.00018625
5.8690e-02,-0.0415625,-0.000159688
5.8700e-02,-0.0415625,8.75e-06
5.8710e-02,-0.0384375,0.000428438
5.8720e-02,-0.053125,0.00025375
5.8730e-02,-0.0548437,5.25e-05
5.8740e-02,-0.0498438,-6.5625e-05
5.8750e-02,-0.04625,-0.00051375
5.8760e-02,-0.0432813,9.96875e-05
5.8770e-02,-0.0448438,0.0001625
5.8780e-02,-0.0396875,0.00020875
5.8790e-02,-0.05,-9.625e-05
5.8800e-02,-0.0554687,-7e-05
5.8810e-02,-0.0560937,-0.000217188
5.8820e-02,-0.0479688,0.000274375
5.8830e-02,-0.0323438,3.875e-05
5.8840e-02,-0.0542187,0.000504375
5.8850e-02,-0.05,-9.1875e-05
5.8860e-02,-0.04625,-7.4375e-05
5.8870e-02,-0.0489062,-0.000505313
5.8880e-02,-0.0421875,-5.5625e-05
5.8890e-02,-0.028125,-0.000419063
5.8900e-02,-0.0367188,-0.000289063
5.8910e-02,-0.0403125,-9.3125e-05
5.8920e-02,-0.045625,0.000632188
5.8930e-02,-0.0509375,-0.000399688
5.8940e-02,-0.0420312,-0.000188438
5.8950e-02,-0.033125,-7.8125e-06
5.8960e-02,-0.04375,0.0002425
5.8970e-02,-0.0459375,0.000608125
5.8980e-02,-0.0423437,0.00045875
5.8990e-02,-0.0367188,0.000308438
5.9000e-02,-0.0279688,0.00042625
5.9010e-02,-0.05125,0.000679063
5.9020e-02,-0.0435938,0.00084375
5.9030e-02,-0.0423437,-0.000240938
5.9040e-02,-0.0376563,9.34375e-05
5.9050e-02,-0.0542187,0.000174375
5.9060e-02,-0.0426562,-0.000403125
5.9070e-02,-0.0514063,0.0001575
5.9080e-02,-0.0429688,-0.00053375
5.9090e-02,-0.0432813,0.00038625
5.9100e-02,-0.0371875,0.000431875
5.9110e-02,-0.0525,2.4375e-05
5.9120e-02,-0.045,0.000370938
5.9130e-02,-0.04,0.000248125
5.9140e-02,-0.038125,0.00014625
5.9150e-02,-0.059375,-5.5625e-05
5.9160e-02,-0.0553125,-3.4375e-06
5.9170e-02,-0.0448438,0.00049
5.9180e-02,-0.04625,0.000182813
5.9190e-02,-0.0425,0.000119688
5.9200e-02,-0.0310937,-0.0005325
5.9210e-02,-0.04375,0.000227813
5.9220e-02,-0.0535937,0.000289688
5.9230e-02,-0.0407813,-0.000364063
5.9240e-02,-0.0426562,0.000148125
5.9250e-02,-0.0489062,-0.000255313
5.9260e-02,-0.0482812,-0.000339063
5.9270e-02,-0.0520313,-0.0001925
5.9280e-02,-0.036875,1.03125e-05
5.9290e-02,-0.0525,0.00052
5.9300e-02,-0.0485938,-5.65625e-05
5.9310e-02,-0.036875,-2.53125e-05
5.9320e-02,-0.0373438,6.78125e-05
5.9330e-02,-0.0504687,-0.000540312
5.9340e-02,-0.0303125,-8.78125e-05
5.9350e-02,-0.0398437,-0.000126563
5.9360e-02,-0.0470312,0.000719688
5.9370e-02,-0.0465625,0.000767813
5.9380e-02,-0.0446875,-8.71875e-05
5.9390e-02,-0.0504687,0.00041375
5.9400e-02,-0.0423437,-0.00013
5.9410e-02,-0.048125,9.375e-07
5.9420e-02,-0.0501562,0.000555625
5.9430e-02,-0.0415625,8.4375e-05
5.9440e-02,-0.0367188,4.875e-05
5.9450e-02,-0.0410937,-0.0004475
5.9460e-02,-0.0484375,-0.000706563
5.9470e-02,-0.055625,-0.000445625
5.9480e-02,-0.043125,-0.000395313
5.9490e-02,-0.0454688,0.00045125
5.9500e-02,-0.0420312,0.000164063
5.9510e-02,-0.041875,0.000208125
5.9520e-02,-0.0301563,0.000275
5.9530e-02,-0.0542187,-0.000615625
5.9540e-02,-0.0473438,0.000516563
5.9550e-02,-0.0620312,0.000891563
5.9560e-02,-0.0467188,0.00056625
5.9570e-02,-0.0407813,0.000190938
5.9580e-02,-0.0464062,-0.0002025
5.9590e-02,-0.0554687,-0.000550625
5.9600e-02,-0.0528125,1.625e-05
5.9610e-02,-0.039375,0.000232188
5.9620e-02,-0.0367188,0.000251562
5.9630e-02,-0.048125,0.000256875
5.9640e-02,-0.0432813,0.000419063
5.9650e-02,-0.0457813,0.000558125
5.9660e-02,-0.0573437,-0.000468438
5.9670e-02,-0.056875,-0.000462813
5.9680e-02,-0.0504687,0.000152813
5.9690e-02,-0.04375,-0.000363125
5.9700e-02,-0.0478125,-0.000368125
5.9710e-02,-0.0509375,-0.00018625
5.9720e-02,-0.0489062,-0.00029875
5.9730e-02,-0.045625,-0.00017375
5.9740e-02,-0.0532813,-0.000214063
5.9750e-02,-0.0504687,-8.5e-05
5.9760e-02,-0.0445313,0.000905
5.9770e-02,-0.0490625,-9.0625e-05
5.9780e-02,-0.0501562,0.000116563
5.9790e-02,-0.0520313,0.000655
5.9800e-02,-0.0520313,-0.000620625
5.9810e-02,-0.0539063,0.000248438
5.9820e-02,-0.05625,0.000478125
5.9830e-02,-0.0607812,-9.59375e-05
5.9840e-02,-0.0571875,-0.000682813
5.9850e-02,-0.0426562,-0.000484375
5.9860e-02,-0.0470312,-0.000689375
5.9870e-02,-0.043125,-0.00051375
5.9880e-02,-0.0414063,0.000137188
5.9890e-02,-0.0440625,0.00054125
5.9900e-02,-0.0385937,0.00041125
5.9910e-02,-0.0453125,-0.000481875
5.9920e-02,-0.0417187,-0.000692188
5.9930e-02,-0.0421875,-0.000829063
5.9940e-02,-0.0426562,-0.0002275
5.9950e-02,-0.0573437,0.000958125
5.9960e-02,-0.0357813,0.00057
5.9970e-02,-0.04875,0.000779688
5.9980e-02,-0.03875,-0.000529687
5.9990e-02,-0.0446875,-0.000729688
6.0000e-02,-0.0429688,-0.000382813
6.0010e-02,-0.0496875,0.0001975
6.0020e-02,-0.03625,0.00120969
6.0030e-02,-0.0390625,0.0008625
6.0040e-02,-0.0395313,-0.000434375
6.0050e-02,-0.0276563,-0.00121844
6.0060e-02,-0.0421875,-0.000970938
6.0070e-02,-0.04625,-0.000467188
6.0080e-02,-0.04625,0.00040125
6.0090e-02,-0.03875,0.00098625
6.0100e-02,-0.0579687,0.000423438
6.0110e-02,-0.0485938,-0.000523438
6.0120e-02,-0.0417187,-0.001695
6.0130e-02,-0.04,-0.0003625
6.0140e-02,-0.0529687,0.000733438
6.0150e-02,-0.0464062,0.00126719
6.0160e-02,-0.0328125,0.0015225
6.0170e-02,-0.0496875,-0.00030125
6.0180e-02,-0.0453125,-0.00185188
6.0190e-02,-0.0492188,-0.000912813
6.0200e-02,-0.0470312,0.000115938
6.0210e-02,-0.0523437,0.00154563
6.0220e-02,-0.0421875,0.00134469
6.0230e-02,-0.041875,-0.0001075
6.0240e-02,-0.0440625,-0.00207625
6.0250e-02,-0.0440625,-0.00232281
6.0260e-02,-0.06,-0.000659063
6.0270e-02,-0.0434375,0.00150156
6.0280e-02,-0.0304688,0.00201719
6.0290e-02,-0.0429688,0.00146969
6.0300e-02,-0.0503125,-0.00055
6.0310e-02,-0.0351562,-0.00218469
6.0320e-02,-0.0464062,-0.00144469
6.0330e-02,-0.0490625,0.000981563
6.0340e-02,-0.043125,0.00286313
6.0350e-02,-0.0503125,0.00289344
6.0360e-02,-0.0517188,0.0005775
6.0370e-02,-0.0475,-0.00238563
6.0380e-02,-0.0529687,-0.0025125
6.0390e-02,-0.0410937,-0.000726563
6.0400e-02,-0.0382813,0.00181844
6.0410e-02,-0.043125,0.00330188
6.0420e-02,-0.0453125,0.00314281
6.0430e-02,-0.04375,0.00327781
6.0440e-02,-0.0395313,0.00337938
6.0450e-02,-0.0523437,0.00326438
6.0460e-02,-0.054375,0.00322406
6.0470e-02,-0.0404687,0.00323344
6.0480e-02,-0.0698437,0.00330406
6.0490e-02,0.779844,3.96875e-05
6.0500e-02,0.639062,-0.00454531
6.0510e-02,-0.475938,-0.00710813
6.0520e-02,1.09141,-0.00836156
6.0530e-02,0.162813,-0.00793656
6.0540e-02,0.0998437,-0.00803125
6.0550e-02,0.085625,-0.00789031
6.0560e-02,0.0859375,-0.00783281
6.0570e-02,0.0759375,-0.00811906
6.0580e-02,0.0628125,-0.00795812
6.0590e-02,0.0657812,-0.00796844
6.0600e-02,0.075625,-0.00783813
6.0610e-02,0.0432812,-0.00801281
6.0620e-02,0.0464062,-0.00795688
6.0630e-02,0.0526563,-0.00798156
6.0640e-02,0.0440625,-0.00797313
6.0650e-02,0.0295312,-0.00791406
6.0660e-02,0.0126562,-0.00782844
6.0670e-02,0.0198438,-0.0077775
6.0680e-02,0.0257813,-0.00788125
6.0690e-02,0.0128125,-0.00773031
6.0700e-02,0.021875,-0.00796594
6.0710e-02,0.0329688,-0.00780531
6.0720e-02,0.02375,-0.00767
6.0730e-02,0.025,-0.00761594
6.0740e-02,0.0148437,-0.00637656
6.0750e-02,0.0110937,-0.000614375
6.0760e-02,0.018125,0.00158563
6.0770e-02,0.0135937,0.00054125
6.0780e-02,0.0232812,-0.00140906
6.0790e-02,-0.0003125,-0.00311656
6.0800e-02,0.0192188,-0.00169406
6.0810e-02,0.0204687,0.000696875
6.0820e-02,0.0170313,0.0023325
6.0830e-02,-0.004375,0.00162781
6.0840e-02,0.00859375,-0.000480938
6.0850e-02,0.0059375,-0.00157219
6.0860e-02,0.00578125,-0.00272563
6.0870e-02,-0.003125,-0.000763438
6.0880e-02,0.00390625,0.000786875
6.0890e-02,-0.00234375,0.00114219
6.0900e-02,0.00125,0.0005625
6.0910e-02,0.00671875,-0.000801875
6.0920e-02,-0.005625,-0.00138719
6.0930e-02,-0.00125,-0.000474063
6.0940e-02,-0.0103125,0.00103344
6.0950e-02,0.00546875,0.00180906
6.0960e-02,0.00734375,0.00131188
6.0970e-02,-0.0101563,8.75e-06
6.0980e-02,0.00984375,-0.00105156
6.0990e-02,-0.00203125,-0.00148281
6.1000e-02,-0.0028125,-0.000587188
6.1010e-02,-0.0110937,0.000528125
6.1020e-02,-0.00453125,0.00105125
6.1030e-02,0.00265625,-1.28125e-05
6.1040e-02,-0.00484375,-0.00151094
6.1050e-02,-0.0025,-0.00154688
6.1060e-02,-0.0109375,-0.000662813
6.1070e-02,-0.0223437,0.000884063
6.1080e-02,-0.00421875,0.000467188
6.1090e-02,-0.01625,-3.375e-05
6.1100e-02,-0.009375,0.000326875
6.1110e-02,-0.0104688,9.34375e-05
6.1120e-02,-0.00734375,-0.00072375
6.1130e-02,-0.01625,-8.75e-05
6.1140e-02,-0.0096875,0.000378438
6.1150e-02,-0.0129688,0.0011975
6.1160e-02,-0.00703125,0.000721875
6.1170e-02,-0.0115625,0.000274375
6.1180e-02,-0.00625,-0.00014125
6.1190e-02,-0.0173438,-5.65625e-05
6.1200e-02,-0.0084375,0.000501563
6.1210e-02,-0.00765625,0.000591563
6.1220e-02,-0.0120313,0.000570625
6.1230e-02,-0.001875,7.09375e-05
6.1240e-02,-0.00765625,-0.000836875
6.1250e-02,-0.0276563,-0.000381563
6.1260e-02,-0.0142188,-0.0004325
6.1270e-02,-0.0134375,0.0007025
6.1280e-02,-0.013125,0.000508125
6.1290e-02,-0.0115625,0.000329375
6.1300e-02,0.00171875,-0.000325313
6.1310e-02,-0.0123438,-0.00056625
6.1320e-02,-0.0078125,-0.00110344
6.1330e-02,-0.0103125,-0.0003
6.1340e-02,-0.0153125,-7.9375e-05
6.1350e-02,-0.0078125,0.000415
6.1360e-02,-0.0154687,9.21875e-05
6.1370e-02,-0.0171875,-0.000158438
6.1380e-02,-0.0178125,-0.000312188
6.1390e-02,-0.0125,-0.000342813
6.1400e-02,-0.0114062,0.000466563
6.1410e-02,-0.0223437,0.000419375
6.1420e-02,-0.020625,0.000279688
6.1430e-02,-0.0217188,-0.000517813
6.1440e-02,-0.00859375,-0.000463125
6.1450e-02,-0.019375,-0.000495625
6.1460e-02,-0.01625,0.00024875
6.1470e-02,-0.0139063,-3.4375e-05
6.1480e-02,-0.0103125,0.000410313
6.1490e-02,-0.0171875,0.000970938
6.1500e-02,-0.0275,9.6875e-06
6.1510e-02,-0.0276563,-0.000518125
6.1520e-02,-0.0248438,0.0002275
6.1530e-02,-0.0165625,0.00032125
6.1540e-02,-0.0195312,8.59375e-05
6.1550e-02,-0.0253125,0.0001275
6.1560e-02,-0.01625,4.375e-06
6.1570e-02,-0.0153125,-0.000100313
6.1580e-02,-0.0195312,-0.000404063
6.1590e-02,-0.0242188,-0.000360625
6.1600e-02,-0.019375,0.00040625
6.1610e-02,-0.0257812,0.000468438
6.1620e-02,-0.02375,0.0003525
6.1630e-02,-0.01125,9.375e-05
6.1640e-02,-0.025625,-0.0003075
6.1650e-02,-0.01125,-0.00022625
6.1660e-02,-0.0185937,0.0005825
6.1670e-02,-0.0240625,0.000806875
6.1680e-02,-0.02125,0.000248125
6.1690e-02,-0.0317188,-0.000186563
6.1700e-02,-0.020625,3.75e-05
6.1710e-02,-0.01875,-0.00014375
6.1720e-02,-0.0203125,-0.000685
6.1730e-02,-0.0223437,4.6875e-06
6.1740e-02,-0.0209375,9.90625e-05
6.1750e-02,-0.0120313,6.875e-05
6.1760e-02,-0.0304688,-1.40625e-05
6.1770e-02,-0.02,5.53125e-05
6.1780e-02,-0.0225,-0.0006825
6.1790e-02,-0.0259375,-0.000457813
6.1800e-02,-0.029375,-1.03125e-05
6.1810e-02,-0.0248438,0.000150313
6.1820e-02,-0.0170313,-0.0001525
6.1830e-02,-0.0178125,-0.000523125
6.1840e-02,-0.0310937,-8.34375e-05
6.1850e-02,-0.0310937,0.00041
6.1860e-02,-0.0239063,0.0004175
6.1870e-02,-0.0310937,0.000839375
6.1880e-02,-0.0192187,0.000789063
6.1890e-02,-0.0198438,2.875e-05
6.1900e-02,-0.0226562,-0.00039625
6.1910e-02,-0.0242188,-0.000124063
6.1920e-02,-0.0159375,-7.3125e-05
6.1930e-02,-0.0239063,-0.000992812
6.1940e-02,-0.0251563,-0.000955938
6.1950e-02,-0.0278125,-0.000681875
6.1960e-02,-0.0267187,-0.000263125
6.1970e-02,-0.0170313,-0.000565625
6.1980e-02,-0.0221875,-0.000139375
6.1990e-02,-0.0310937,-0.000185
6.2000e-02,-0.0171875,0.000508125
6.2010e-02,-0.0304688,0.000645625
6.2020e-02,-0.0173438,0.000627188
6.2030e-02,-0.0195312,0.00024
6.2040e-02,-0.0201563,0.00037875
6.2050e-02,-0.0239063,0.000505
6.2060e-02,-0.025,-0.000180625
6.2070e-02,-0.0239063,0.000114688
6.2080e-02,-0.0264062,0.000587813
6.2090e-02,-0.024375,0.000493125
6.2100e-02,-0.034375,-0.000481563
6.2110e-02,-0.0242188,-0.000202188
6.2120e-02,-0.0140625,0.000318438
6.2130e-02,-0.0135937,0.000591875
6.2140e-02,-0.025,0.00054
6.2150e-02,-0.0270312,-0.000221563
6.2160e-02,-0.0290625,-0.000143125
6.2170e-02,-0.0278125,-6.875e-05
6.2180e-02,-0.020625,-1.8125e-05
6.2190e-02,-0.03375,2.6875e-05
6.2200e-02,-0.0357813,-1.3125e-05
6.2210e-02,-0.0328125,-3.59375e-05
6.2220e-02,-0.0284375,-0.000281563
6.2230e-02,-0.0121875,-0.000147813
6.2240e-02,-0.02625,-0.00012
6.2250e-02,-0.0371875,0.000350938
6.2260e-02,-0.0245313,-2.53125e-05
6.2270e-02,-0.0228125,-7.34375e-05
6.2280e-02,-0.0257812,6.21875e-05
6.2290e-02,-0.0254688,0.00043
6.2300e-02,-0.0245313,0.000182813
6.2310e-02,-0.0307813,-6.53125e-05
6.2320e-02,-0.04,0.000631875
6.2330e-02,-0.0295313,3.34375e-05
6.2340e-02,-0.025625,-8.625e-05
6.2350e-02,-0.039375,0.000783125
6.2360e-02,-0.0240625,0.000755313
6.2370e-02,-0.0282813,0.000365938
6.2380e-02,-0.0384375,-0.000207188
6.2390e-02,-0.0217188,-0.00043
6.2400e-02,-0.0351562,-0.0002725
6.2410e-02,-0.0214063,3.53125e-05
6.2420e-02,-0.0273438,-0.0001175
6.2430e-02,-0.0282813,-0.000159688
6.2440e-02,-0.034375,-0.00039875
6.2450e-02,-0.0214063,-4.125e-05
6.2460e-02,-0.0289063,-0.000148125
6.2470e-02,-0.0351562,0.00037
6.2480e-02,-0.0360938,-0.00030875
6.2490e-02,-0.0217188,0.000852188
6.2500e-02,-0.0303125,5.875e-05
6.2510e-02,-0.0279688,-0.000256875
6.2520e-02,-0.0146875,7.40625e-05
6.2530e-02,-0.0384375,0.00019
6.2540e-02,-0.0409375,-0.000244375
6.2550e-02,-0.03875,-0.000210938
6.2560e-02,-0.023125,-0.000427813
6.2570e-02,-0.018125,6.3125e-05
6.2580e-02,-0.0365625,7.1875e-05
6.2590e-02,-0.0395313,0.000293438
6.2600e-02,-0.038125,0.0005275
6.2610e-02,-0.0304688,0.00034625
6.2620e-02,-0.03625,-0.000462813
6.2630e-02,-0.0351562,-0.000540938
6.2640e-02,-0.0304688,3.25e-05
6.2650e-02,-0.01875,0.000105
6.2660e-02,-0.040625,0.00010625
6.2670e-02,-0.0320312,8.25e-05
6.2680e-02,-0.039375,5.6875e-05
6.2690e-02,-0.0215625,0.000751875
6.2700e-02,-0.0389063,0.000678438
6.2710e-02,-0.0184375,0.00033875
6.2720e-02,-0.0357813,0.0001775
6.2730e-02,-0.0303125,0.000205938
6.2740e-02,-0.036875,-9.1875e-05
6.2750e-02,-0.0340625,0.000389063
6.2760e-02,-0.0367188,-0.000274375
6.2770e-02,-0.0365625,-0.000165313
6.2780e-02,-0.02,0.000601875
6.2790e-02,-0.0392187,-0.000139688
6.2800e-02,-0.0265625,0.000190938
6.2810e-02,-0.0265625,0.0001175
6.2820e-02,-0.025625,-9.9375e-05
6.2830e-02,-0.0321875,4.28125e-05
6.2840e-02,-0.0365625,0.000384375
6.2850e-02,-0.0345312,0.000328438
6.2860e-02,-0.0176563,-0.000393438
6.2870e-02,-0.0384375,-0.000180313
6.2880e-02,-0.0342187,1.96875e-05
6.2890e-02,-0.0351562,0.000280625
6.2900e-02,-0.02875,0.00042875
6.2910e-02,-0.031875,0.000648438
6.2920e-02,-0.0301563,0.000604375
6.2930e-02,-0.00859375,0.000591563
6.2940e-02,-0.0342187,1.625e-05
6.2950e-02,-0.0317188,-0.000557188
6.2960e-02,-0.0434375,-0.000764375
6.2970e-02,-0.0340625,-0.000318438
6.2980e-02,-0.0375,-0.000842813
6.2990e-02,-0.040625,-0.0003975
6.3000e-02,-0.0276563,-4.15625e-05
6.3010e-02,-0.04375,-7.90625e-05
6.3020e-02,-0.0403125,0.000118125
6.3030e-02,-0.0367188,0.0003875
6.3040e-02,-0.040625,0.000244063
6.3050e-02,-0.0351562,0.000145625
6.3060e-02,-0.0253125,0.000628438
6.3070e-02,-0.035625,-0.000171875
6.3080e-02,-0.0285938,-0.000171875
6.3090e-02,-0.0303125,0.000346875
6.3100e-02,-0.0326562,0.00010875
6.3110e-02,-0.0342187,3.4375e-06
6.3120e-02,-0.0367188,-0.000405313
6.3130e-02,-0.03125,-0.000484688
6.3140e-02,-0.0260937,-0.000633125
6.3150e-02,-0.0259375,-0.000168125
6.3160e-02,-0.0276563,3.4375e-05
6.3170e-02,-0.0440625,0.000160625
6.3180e-02,-0.043125,0.000735313
6.3190e-02,-0.025625,0.00017625
6.3200e-02,-0.0326562,0.00013625
6.3210e-02,-0.0251563,2.6875e-05
6.3220e-02,-0.0220313,-0.000191563
6.3230e-02,-0.0410937,9.4375e-05
6.3240e-02,-0.0284375,0.000310313
6.3250e-02,-0.0382813,0.000575313
6.3260e-02,-0.0303125,4.875e-05
6.3270e-02,-0.0290625,-0.000447188
6.3280e-02,-0.0407813,-0.000344688
6.3290e-02,-0.0304688,-0.0001325
6.3300e-02,-0.0429688,0.000552188
6.3310e-02,-0.045625,0.000174063
6.3320e-02,-0.045,0.000156875
6.3330e-02,-0.0351562,-0.000152813
6.3340e-02,-0.0382813,0.0002625
6.3350e-02,-0.0301563,-1.8125e-05
6.3360e-02,-0.02875,-0.000596875
6.3370e-02,-0.0384375,-0.000205938
6.3380e-02,-0.043125,-7.21875e-05
6.3390e-02,-0.0414063,0.000483438
6.3400e-02,-0.0309375,-0.0003475
6.3410e-02,-0.0254688,-0.000100625
6.3420e-02,-0.0373438,0.000788125
6.3430e-02,-0.029375,0.0005425
6.3440e-02,-0.0445313,0.000721875
6.3450e-02,-0.0423437,0.000145
6.3460e-02,-0.0390625,0.000148438
6.3470e-02,-0.033125,-0.000847813
6.3480e-02,-0.0317188,-0.00052875
6.3490e-02,-0.0359375,8.625e-05
6.3500e-02,-0.046875,-0.000100625
6.3510e-02,-0.0407813,-4.78125e-05
6.3520e-02,-0.0240625,-0.0001475
6.3530e-02,-0.0353125,-0.000120938
6.3540e-02,-0.0428125,-0.000231875
6.3550e-02,-0.0423437,-0.000149375
6.3560e-02,-0.0348437,0.000408125
6.3570e-02,-0.0426562,0.0007025
6.3580e-02,-0.0309375,0.000774688
6.3590e-02,-0.035,0.000826563
6.3600e-02,-0.0476562,4e-05
6.3610e-02,-0.035625,-5.9375e-05
6.3620e-02,-0.03125,-0.00035
6.3630e-02,-0.0367188,-0.000234063
6.3640e-02,-0.0348437,0.00012875
6.3650e-02,-0.0495312,0.000245625
6.3660e-02,-0.0421875,-0.000661563
6.3670e-02,-0.035625,-0.000773125
6.3680e-02,-0.0376563,-0.000330625
6.3690e-02,-0.0285938,0.000250313
6.3700e-02,-0.0292188,0.000209688
6.3710e-02,-0.0321875,0.000700313
6.3720e-02,-0.0310937,0.00086
6.3730e-02,-0.03625,0.000104063
6.3740e-02,-0.0298438,-0.000273125
6.3750e-02,-0.0353125,-0.000444063
6.3760e-02,-0.0389063,0.00014875
6.3770e-02,-0.02875,7.25e-05
6.3780e-02,-0.0359375,0.000221563
6.3790e-02,-0.0346875,-0.000578438
6.3800e-02,-0.0348437,-0.000496875
6.3810e-02,-0.025,-0.000670313
6.3820e-02,-0.038125,6.09375e-05
6.3830e-02,-0.029375,0.000525313
6.3840e-02,-0.0396875,0.000577813
6.3850e-02,-0.0364063,0.000112813
6.3860e-02,-0.026875,-0.00017
6.3870e-02,-0.044375,-0.000742813
6.3880e-02,-0.0357813,-0.00108188
6.3890e-02,-0.0303125,0.000265313
6.3900e-02,-0.0285938,0.00067
6.3910e-02,-0.0435938,0.000545
6.3920e-02,-0.0445313,0.000186875
6.3930e-02,-0.0329688,-0.000480938
6.3940e-02,-0.0339062,-0.000514375
6.3950e-02,-0.0432813,-0.0002875
6.3960e-02,-0.0414063,0.000827813
6.3970e-02,-0.0364063,0.00101656
6.3980e-02,-0.0346875,0.000315938
6.3990e-02,-0.038125,-0.00021
6.4000e-02,-0.0439063,-0.00108156
6.4010e-02,-0.043125,-0.000669375
6.4020e-02,-0.0414063,0.000572813
6.4030e-02,-0.0378125,0.000886875
6.4040e-02,-0.0385937,0.00112875
6.4050e-02,-0.044375,0.000219688
6.4060e-02,-0.02875,-0.000630313
6.4070e-02,-0.0410937,-0.00119469
6.4080e-02,-0.0426562,-0.000799375
6.4090e-02,-0.0448438,0.000837813
6.4100e-02,-0.02875,0.00143688
6.4110e-02,-0.0442188,0.00117656
6.4120e-02,-0.0454688,-0.000941875
6.4130e-02,-0.04625,-0.00213625
6.4140e-02,-0.0370313,-0.00131781
6.4150e-02,-0.0323438,-7.375e-05
6.4160e-02,-0.03875,0.00110063
6.4170e-02,-0.04375,0.0008525
6.4180e-02,-0.0434375,0.000398125
6.4190e-02,-0.0409375,-0.00147625
6.4200e-02,-0.0315625,-0.00121625
6.4210e-02,-0.0375,-0.000617188
6.4220e-02,-0.0429688,0.00166531
6.4230e-02,-0.0392187,0.00174531
6.4240e-02,-0.0323438,0.00065625
6.4250e-02,-0.0453125,-0.000904063
6.4260e-02,-0.04375,-0.00209656
6.4270e-02,-0.0398437,-0.000944688
6.4280e-02,-0.0359375,0.000924688
6.4290e-02,-0.0410937,0.00243813
6.4300e-02,-0.0296875,0.00106969
6.4310e-02,-0.0367188,-0.00122469
6.4320e-02,-0.0376563,-0.00337656
6.4330e-02,-0.0282813,-0.00278875
6.4340e-02,-0.0398437,-0.000300938
6.4350e-02,-0.040625,0.00202688
6.4360e-02,-0.0473438,0.00261813
6.4370e-02,-0.0367188,0.000365
6.4380e-02,-0.0346875,-0.00157281
6.4390e-02,-0.0390625,-0.0034575
6.4400e-02,-0.0404687,-0.00151031
6.4410e-02,-0.0389063,0.00173813
6.4420e-02,-0.0376563,0.00454906
6.4430e-02,-0.0409375,0.0027425
6.4440e-02,-0.0328125,-7.875e-05
6.4450e-02,-0.0365625,-0.00328313
6.4460e-02,-0.0426562,-0.00335813
6.4470e-02,-0.040625,-0.00109531
6.4480e-02,-0.045,0.00245719
6.4490e-02,-0.0410937,0.00386625
6.4500e-02,-0.038125,0.00266
6.4510e-02,-0.02375,-0.00208344
6.4520e-02,-0.0340625,-0.00408
6.4530e-02,-0.0496875,-0.00308188
6.4540e-02,-0.0390625,0.000634375
6.4550e-02,-0.0421875,0.00332219
6.4560e-02,-0.0423437,0.00276094
6.4570e-02,-0.0564063,0.000221563
6.4580e-02,-0.0540625,-0.00274594
6.4590e-02,-0.0434375,-0.00370063
6.4600e-02,-0.050625,-0.00120188
6.4610e-02,-0.0457813,0.00172656
6.4620e-02,-0.0248438,0.00435625
6.4630e-02,-0.0460938,0.0022925
6.4640e-02,-0.0528125,-0.00102344
6.4650e-02,-0.0404687,-0.00216563
6.4660e-02,-0.0454688,-0.00226906
6.4670e-02,-0.0479688,-0.000164688
6.4680e-02,-0.0478125,0.00251625
6.4690e-02,-0.0285938,0.00289219
6.4700e-02,-0.0365625,0.000290625
6.4710e-02,-0.0360938,-0.002225
6.4720e-02,-0.0460938,-0.00312281
6.4730e-02,-0.0301563,-0.00142406
6.4740e-02,-0.0521875,0.00121219
6.4750e-02,-0.0495312,0.00175
6.4760e-02,-0.0498438,0.00144813
6.4770e-02,-0.0525,-0.000294688
6.4780e-02,-0.0448438,-0.00237406
6.4790e-02,-0.04375,-0.00153875
6.4800e-02,-0.0340625,8.96875e-05
6.4810e-02,-0.0451563,0.00144844
6.4820e-02,-0.0373438,0.00205844
6.4830e-02,-0.0504687,-0.000383438
6.4840e-02,-0.0385937,-0.001605
6.4850e-02,-0.045,-0.00187656
6.4860e-02,-0.0385937,-0.000457188
6.4870e-02,-0.0410937,0.00103406
6.4880e-02,-0.0320312,0.00134656
6.4890e-02,-0.0414063,0.000457188
6.4900e-02,-0.03375,-0.000368125
6.4910e-02,-0.035,-0.00114688
6.4920e-02,-0.0496875,-0.0013
6.4930e-02,-0.0476562,-7.125e-05
6.4940e-02,-0.0345312,0.000871875
6.4950e-02,-0.0489062,0.000507813
6.4960e-02,-0.0553125,-0.0004975
6.4970e-02,-0.0451563,-0.00064125
6.4980e-02,-0.0453125,-0.000753438
6.4990e-02,-0.0435938,0.000371875
6.5000e-02,-0.0328125,0.00161719
6.5010e-02,-0.0501562,0.00111375
6.5020e-02,-0.036875,0.000383125
6.5030e-02,-0.0354688,-0.000208438
6.5040e-02,-0.0521875,-0.000997188
6.5050e-02,-0.0373438,-0.00050375
6.5060e-02,-0.0398437,0.000346563
6.5070e-02,-0.0428125,0.00131625
6.5080e-02,-0.043125,0.00048125
6.5090e-02,-0.0515625,-0.000145938
6.5100e-02,-0.0370313,-0.00112375
6.5110e-02,-0.0373438,-0.00120625
6.5120e-02,-0.035,-0.000732813
6.5130e-02,-0.0453125,-8.625e-05
6.5140e-02,-0.0509375,0.000704063
6.5150e-02,-0.0415625,-0.00024875
6.5160e-02,-0.0457813,-0.000722188
6.5170e-02,-0.0445313,5.15625e-05
6.5180e-02,-0.0384375,-0.000554375
6.5190e-02,-0.043125,0.000913438
6.5200e-02,-0.0346875,0.000412813
6.5210e-02,-0.0353125,0.000228125
6.5220e-02,-0.0459375,0.00051375
6.5230e-02,-0.0365625,0.000104375
6.5240e-02,-0.0470312,0.0001425
6.5250e-02,-0.0484375,-7.21875e-05
6.5260e-02,-0.0404687,0.000363438
6.5270e-02,-0.0467188,0.0006825
6.5280e-02,-0.05,0.000735313
6.5290e-02,-0.038125,-0.000291563
6.5300e-02,-0.036875,-6.9375e-05
6.5310e-02,-0.0414063,-0.000155625
6.5320e-02,-0.0360938,0.000343438
6.5330e-02,-0.0501562,0.000442188
6.5340e-02,-0.038125,0.000643125
6.5350e-02,-0.05,0.000322188
6.5360e-02,-0.0564063,-0.00036625
6.5370e-02,-0.05,-0.00123781
6.5380e-02,-0.0490625,-0.000734688
6.5390e-02,-0.0520313,-3.125e-07
6.5400e-02,-0.0478125,0.000379063
6.5410e-02,-0.0385937,0.000153125
6.5420e-02,-0.0485938,-0.000250625
6.5430e-02,-0.0309375,0.000280938
6.5440e-02,-0.0360938,-0.000309688
6.5450e-02,-0.04125,-0.000390313
6.5460e-02,-0.048125,-2.375e-05
6.5470e-02,-0.038125,0.000272188
6.5480e-02,-0.0464062,-0.000189063
6.5490e-02,-0.0479688,-0.000529687
6.5500e-02,-0.025625,-0.000463438
6.5510e-02,-0.041875,-0.000174063
6.5520e-02,-0.0539063,-0.0004575
6.5530e-02,-0.0439063,5.46875e-05
6.5540e-02,-0.0454688,0.000440938
6.5550e-02,-0.0432813,0.000557813
6.5560e-02,-0.051875,-0.000715625
6.5570e-02,-0.048125,-0.000265625
6.5580e-02,-0.0464062,-0.000392813
6.5590e-02,-0.0348437,0.000139062
6.5600e-02,-0.034375,0.000175938
6.5610e-02,-0.0501562,-0.00011125
6.5620e-02,-0.0428125,-0.00064625
6.5630e-02,-0.0473438,-0.0005975
6.5640e-02,-0.0454688,-0.000126563
6.5650e-02,-0.043125,-9.21875e-05
6.5660e-02,-0.0423437,0.000245625
6.5670e-02,-0.04,0.000606875
6.5680e-02,-0.0507812,6.96875e-05
6.5690e-02,-0.0364063,2.71875e-05
6.5700e-02,-0.04625,-0.000609063
6.5710e-02,-0.0440625,7.03125e-05
6.5720e-02,-0.0360938,-0.000146563
6.5730e-02,-0.0534375,0.00011125
6.5740e-02,-0.0414063,0.000415
6.5750e-02,-0.0526563,0.000144063
6.5760e-02,-0.0476562,-0.000455
6.5770e-02,-0.04125,-0.000775313
6.5780e-02,-0.0478125,-0.0005525
6.5790e-02,-0.0410937,0.000192188
6.5800e-02,-0.0528125,-0.000348125
6.5810e-02,-0.0440625,-1.15625e-05
6.5820e-02,-0.0425,-0.000357188
6.5830e-02,-0.0395313,9.21875e-05
6.5840e-02,-0.0404687,-0.00018375
6.5850e-02,-0.0453125,1.25e-06
6.5860e-02,-0.03875,0.000535938
6.5870e-02,-0.0346875,0.000143125
6.5880e-02,-0.0392187,-0.000180938
6.5890e-02,-0.044375,-0.000245938
6.5900e-02,-0.0496875,-0.00027625
6.5910e-02,-0.0404687,0.000459688
6.5920e-02,-0.038125,-0.000309375
6.5930e-02,-0.0373438,0.0003125
6.5940e-02,-0.04125,-0.000238125
6.5950e-02,-0.0442188,-0.000173125
6.5960e-02,-0.0553125,-0.0005575
6.5970e-02,-0.0451563,-0.000171875
6.5980e-02,-0.04625,8.71875e-05
6.5990e-02,-0.0403125,0.0008675
6.6000e-02,-0.04125,0.000308125
6.6010e-02,-0.0345312,0.000112188
6.6020e-02,-0.044375,0.00067125
6.6030e-02,-0.0315625,-0.000122188
6.6040e-02,-0.0495312,-7.21875e-05
6.6050e-02,-0.0548437,0.000515313
6.6060e-02,-0.046875,0.000369063
6.6070e-02,-0.0451563,0.00101281
6.6080e-02,-0.0382813,-0.000429375
6.6090e-02,-0.0370313,-0.000838438
6.6100e-02,-0.0534375,0.0006125
6.6110e-02,-0.0439063,0.000148438
6.6120e-02,-0.046875,-0.000515
6.6130e-02,-0.0359375,-0.000409063
6.6140e-02,-0.0428125,-0.0004775
6.6150e-02,-0.039375,-0.000458438
6.6160e-02,-0.034375,-5.75e-05
6.6170e-02,-0.05,-2.5625e-05
6.6180e-02,-0.05625,0.000193125
6.6190e-02,-0.0379688,-0.000322188
6.6200e-02,-0.0348437,0.00082125
6.6210e-02,-0.031875,0.000288125
6.6220e-02,-0.0489062,9.375e-06
6.6230e-02,-0.033125,-0.000419688
6.6240e-02,-0.0398437,0.000496563
6.6250e-02,-0.04,0.00100625
6.6260e-02,-0.051875,0.0002525
6.6270e-02,-0.0426562,-0.000434063
6.6280e-02,-0.0364063,6.0625e-05
6.6290e-02,-0.0451563,-0.000110625
6.6300e-02,-0.038125,0.000700625
6.6310e-02,-0.0351562,0.000791563
6.6320e-02,-0.0407813,-3.125e-07
6.6330e-02,-0.019375,-7.03125e-05
6.6340e-02,-0.0517188,-9.59375e-05
6.6350e-02,-0.0501562,-7.78125e-05
6.6360e-02,-0.0421875,-0.000419375
6.6370e-02,-0.0498438,-0.00025625
6.6380e-02,-0.0357813,0.000517813
6.6390e-02,-0.0367188,-1.25e-06
6.6400e-02,-0.0417187,0.000336563
6.6410e-02,-0.040625,0.000139375
6.6420e-02,-0.039375,-0.000372813
6.6430e-02,-0.0375,1.0625e-05
6.6440e-02,-0.0404687,0.00032375
6.6450e-02,-0.0425,3.71875e-05
6.6460e-02,-0.0609375,-0.000276875
6.6470e-02,-0.0335937,-2.5e-05
6.6480e-02,-0.0515625,0.000101563
6.6490e-02,-0.0495312,0.000187813
6.6500e-02,-0.0490625,0.000129375
6.6510e-02,-0.0496875,-7.65625e-05
6.6520e-02,-0.0439063,6.125e-05
6.6530e-02,-0.0426562,-0.000129375
6.6540e-02,-0.0453125,-0.000295313
6.6550e-02,-0.0520313,-0.000232188
6.6560e-02,-0.0390625,0.000395938
6.6570e-02,-0.0520313,0.000402188
6.6580e-02,-0.0423437,-0.000107188
6.6590e-02,-0.049375,-0.000224688
6.6600e-02,-0.055,-0.000293438
6.6610e-02,-0.0414063,-7.1875e-05
6.6620e-02,-0.0434375,0.000304687
6.6630e-02,-0.0525,-1.25e-06
6.6640e-02,-0.0604688,-0.000127813
6.6650e-02,-0.0573437,-0.000791563
6.6660e-02,-0.055,-0.0006225
6.6670e-02,-0.0476562,0.000391563
6.6680e-02,-0.0435938,-0.000312188
6.6690e-02,-0.0459375,-0.00034
6.6700e-02,-0.043125,-5.3125e-06
6.6710e-02,-0.0457813,-0.00015
6.6720e-02,-0.05125,0.000273438
6.6730e-02,-0.0410937,4.15625e-05
6.6740e-02,-0.0489062,-0.000285625
6.6750e-02,-0.0578125,0.000104375
6.6760e-02,-0.0501562,0.000250938
6.6770e-02,-0.0423437,-0.000278438
6.6780e-02,-0.0473438,-0.00017125
6.6790e-02,-0.0642188,1.59375e-05
6.6800e-02,-0.0471875,-9.84375e-05
6.6810e-02,-0.0365625,-0.00021
6.6820e-02,-0.0460938,-0.000664688
6.6830e-02,-0.046875,-3.59375e-05
6.6840e-02,-0.0420312,-0.000168438
6.6850e-02,-0.0329688,0.000234375
6.6860e-02,-0.0490625,-0.000285938
6.6870e-02,-0.0439063,-0.000152188
6.6880e-02,-0.0507812,0.000182188
6.6890e-02,-0.0445313,-5.8125e-05
6.6900e-02,-0.0479688,6e-05
6.6910e-02,-0.0409375,0.00091875
6.6920e-02,-0.0453125,0.000717813
6.6930e-02,-0.0401563,0.00037125
6.6940e-02,-0.0410937,0.000313125
6.6950e-02,-0.04625,-2.5e-05
6.6960e-02,-0.04,0.0004125
6.6970e-02,-0.0304688,-1.46875e-05
6.6980e-02,-0.046875,4.59375e-05
6.6990e-02,-0.0446875,0.000282188
6.7000e-02,-0.0554687,0.000149063
6.7010e-02,-0.03875,-0.000387813
6.7020e-02,-0.03875,-0.00016875
6.7030e-02,-0.0478125,-0.00015875
6.7040e-02,-0.0414063,5.21875e-05
6.7050e-02,-0.0373438,0.00038625
6.7060e-02,-0.0492188,-8.96875e-05
6.7070e-02,-0.04625,0.00057875
6.7080e-02,-0.051875,0.000544063
6.7090e-02,-0.0346875,-0.000490313
6.7100e-02,-0.0454688,-2.6875e-05
6.7110e-02,-0.03625,0.000476563
6.7120e-02,-0.0578125,0.000335938
6.7130e-02,-0.0464062,0.000300938
6.7140e-02,-0.0507812,0.000138125
6.7150e-02,-0.0317188,-0.0002625
6.7160e-02,-0.0473438,0.000644375
6.7170e-02,-0.0475,-0.0002925
6.7180e-02,-0.040625,-1.59375e-05
6.7190e-02,-0.03625,-0.000384063
6.7200e-02,-0.043125,-0.000518438
6.7210e-02,-0.0429688,4.25e-05
6.7220e-02,-0.0357813,-0.000201563
6.7230e-02,-0.05,-0.000226875
6.7240e-02,-0.0345312,-5.625e-06
6.7250e-02,-0.05,6.25e-06
6.7260e-02,-0.05,-0.000194688
6.7270e-02,-0.0453125,0.000378438
6.7280e-02,-0.046875,0.000719688
6.7290e-02,-0.0515625,0.000285625
6.7300e-02,-0.0334375,0.000200313
6.7310e-02,-0.04625,0.000660625
6.7320e-02,-0.0490625,0.000380625
6.7330e-02,-0.0432813,-0.000135938
6.7340e-02,-0.039375,8.4375e-05
6.7350e-02,-0.0503125,-0.000310313
6.7360e-02,-0.05125,0.00061375
6.7370e-02,-0.0415625,0.000505625
6.7380e-02,-0.0371875,-0.000611875
6.7390e-02,-0.0403125,-0.000799688
6.7400e-02,-0.0489062,-0.00013125
6.7410e-02,-0.0445313,0.000240938
6.7420e-02,-0.0504687,-2.84375e-05
6.7430e-02,-0.0564063,0.0005475
6.7440e-02,-0.05625,0.000635938
6.7450e-02,-0.04125,9.53125e-05
6.7460e-02,-0.0542187,8.5625e-05
6.7470e-02,-0.0421875,5.8125e-05
6.7480e-02,-0.0351562,0.00010125
6.7490e-02,-0.04375,0.000295
6.7500e-02,-0.0510938,0.000474375
6.7510e-02,-0.0401563,0.000309375
6.7520e-02,-0.0457813,-4.53125e-05
6.7530e-02,-0.0464062,-0.000310313
6.7540e-02,-0.0471875,0.000289063
6.7550e-02,-0.0442188,-3.875e-05
6.7560e-02,-0.0484375,-0.000230938
6.7570e-02,-0.0503125,0.000227813
6.7580e-02,-0.0385937,-0.000213438
6.7590e-02,-0.0510938,-1.34375e-05
6.7600e-02,-0.0398437,7.5625e-05
6.7610e-02,-0.05,-0.0009875
6.7620e-02,-0.0451563,-0.000150313
6.7630e-02,-0.039375,-0.000107188
6.7640e-02,-0.0446875,-0.000568438
6.7650e-02,-0.0428125,3.46875e-05
6.7660e-02,-0.0364063,-0.000584375
6.7670e-02,-0.0492188,-3.53125e-05
6.7680e-02,-0.0340625,0.000274063
6.7690e-02,-0.0459375,0.000219688
6.7700e-02,-0.0492188,0.000533125
6.7710e-02,-0.045,0.00010875
6.7720e-02,-0.0392187,-0.000219688
6.7730e-02,-0.0445313,6.25e-06
6.7740e-02,-0.0464062,5.25e-05
6.7750e-02,-0.0635938,0.000848125
6.7760e-02,-0.0360938,0.00139156
6.7770e-02,-0.053125,-0.000165625
6.7780e-02,-0.036875,0.000324688
6.7790e-02,-0.0525,-0.00111656
6.7800e-02,-0.0457813,-0.000684063
6.7810e-02,-0.0526563,-0.000734688
6.7820e-02,-0.0390625,-0.000475313
6.7830e-02,-0.0410937,0.000286875
6.7840e-02,-0.0489062,0.000418125
6.7850e-02,-0.04625,-0.000126875
6.7860e-02,-0.0348437,-0.000825938
6.7870e-02,-0.0382813,-0.000270938
6.7880e-02,-0.0432813,-0.000532187
6.7890e-02,-0.0378125,0.000615938
6.7900e-02,-0.0460938,0.000916875
6.7910e-02,-0.0515625,0.00020375
6.7920e-02,-0.0492188,-0.000503438
6.7930e-02,-0.0392187,-0.000564063
6.7940e-02,-0.045,-0.000433125
6.7950e-02,-0.0401563,0.000316875
6.7960e-02,-0.03875,0.00094875
6.7970e-02,-0.0392187,0.000109063
6.7980e-02,-0.0459375,-0.000472813
6.7990e-02,-0.0534375,-0.000660625
6.8000e-02,-0.0365625,-0.000639688
6.8010e-02,-0.048125,8.65625e-05
6.8020e-02,-0.0395313,0.001095
6.8030e-02,-0.0464062,0.00135813
6.8040e-02,-0.0409375,0.0003125
6.8050e-02,-0.0432813,-0.0007575
6.8060e-02,-0.043125,-0.000992188
6.8070e-02,-0.04375,-0.000949063
6.8080e-02,-0.0529687,0.000435625
6.8090e-02,-0.049375,0.0009175
6.8100e-02,-0.049375,0.000286563
6.8110e-02,-0.051875,-0.00112438
6.8120e-02,-0.0435938,-0.00107531
6.8130e-02,-0.04625,-0.0008625
6.8140e-02,-0.0485938,-4.0625e-05
6.8150e-02,-0.0401563,0.00107031
6.8160e-02,-0.049375,0.00130375
6.8170e-02,-0.0473438,-0.000590625
6.8180e-02,-0.0479688,-0.00183031
6.8190e-02,-0.0407813,-0.00119906
6.8200e-02,-0.0415625,-0.00130563
6.8210e-02,-0.0554687,0.00077
6.8220e-02,-0.058125,0.00175781
6.8230e-02,-0.0410937,0.00070875
6.8240e-02,-0.0498438,-0.000780313
6.8250e-02,-0.0460938,-0.00252938
6.8260e-02,-0.0379688,-0.00103625
6.8270e-02,-0.0475,0.00131438
6.8280e-02,-0.0471875,0.00226344
6.8290e-02,-0.0539063,0.00151781
6.8300e-02,-0.0495312,-0.000550313
6.8310e-02,-0.0525,-0.00242656
6.8320e-02,-0.04125,-0.00198562
6.8330e-02,-0.0432813,0.000265938
6.8340e-02,-0.0473438,0.00190719
6.8350e-02,-0.0559375,0.00249813
6.8360e-02,-0.0526563,0.000304375
6.8370e-02,-0.0548437,-0.00216813
6.8380e-02,-0.0542187,-0.00303375
6.8390e-02,-0.051875,-0.00198562
6.8400e-02,-0.0485938,0.00074875
6.8410e-02,-0.0589063,0.00277844
6.8420e-02,-0.0496875,0.00319813
6.8430e-02,-0.0453125,0.00304688
6.8440e-02,-0.0451563,0.00312625
6.8450e-02,-0.0567187,0.0029825
6.8460e-02,-0.050625,0.00308344
6.8470e-02,-0.0539063,0.00298531
6.8480e-02,-0.0390625,0.00294313
6.8490e-02,0.0714063,0.001055
6.8500e-02,1.34453,-0.00390781
6.8510e-02,0.405312,-0.00704594
6.8520e-02,0.323594,-0.00788031
6.8530e-02,0.844844,-0.0083325
6.8540e-02,0.114375,-0.00830094
6.8550e-02,0.0996875,-0.00798469
6.8560e-02,0.0809375,-0.0081075
6.8570e-02,0.0684375,-0.00798313
6.8580e-02,0.0603125,-0.00795781
6.8590e-02,0.0503125,-0.00808094
6.8600e-02,0.0507812,-0.00800031
6.8610e-02,0.0495312,-0.00790844
6.8620e-02,0.044375,-0.00805656
6.8630e-02,0.0478125,-0.00784781
6.8640e-02,0.0451562,-0.00792438
6.8650e-02,0.0307812,-0.00798156
6.8660e-02,0.0271875,-0.00793031
6.8670e-02,0.0225,-0.00777
6.8680e-02,0.024375,-0.00782063
6.8690e-02,0.0185938,-0.0078525
6.8700e-02,0.0126562,-0.00778406
6.8710e-02,0.0165625,-0.00773063
6.8720e-02,0.0223437,-0.00763281
6.8730e-02,0.0103125,-0.00789719
6.8740e-02,0.0053125,-0.00696875
6.8750e-02,0.0192188,-0.00253438
6.8760e-02,0.0046875,0.00125
6.8770e-02,0.009375,0.000783125
6.8780e-02,0.0195313,-0.00160594
6.8790e-02,0.0153125,-0.0034225
6.8800e-02,0.0115625,-0.00286188
6.8810e-02,0.0178125,-9.71875e-05
6.8820e-02,0.00625,0.0020325
6.8830e-02,0.0046875,0.002235
6.8840e-02,0.0084375,0.000223125
6.8850e-02,-0.0015625,-0.00105781
6.8860e-02,0.006875,-0.0018275
6.8870e-02,-0.0101563,-0.00104312
6.8880e-02,-0.0110937,0.00127906
6.8890e-02,0.005625,0.00155906
6.8900e-02,-0.006875,0.000500312
6.8910e-02,-0.0059375,-0.000704688
6.8920e-02,0.00609375,-0.0018175
6.8930e-02,0.00296875,-0.000831563
6.8940e-02,0.00109375,0.000204063
6.8950e-02,0.00265625,0.00128313
6.8960e-02,-0.00328125,0.00097
6.8970e-02,-0.009375,-0.000259063
6.8980e-02,-0.0120313,-0.0013275
6.8990e-02,-0.00796875,-0.00208
6.9000e-02,-0.0090625,-0.0008025
6.9010e-02,-0.0025,0.000977813
6.9020e-02,-0.00578125,0.0013875
6.9030e-02,-0.008125,0.000380938
6.9040e-02,0.00125,-9.875e-05
6.9050e-02,-0.0053125,-0.000638438
6.9060e-02,-0.0160938,-0.000381563
6.9070e-02,-0.000625,0.000468125
6.9080e-02,-0.00890625,0.00113094
6.9090e-02,-0.0078125,0.000869375
6.9100e-02,-0.0115625,0.000185625
6.9110e-02,-0.0196875,-0.000453438
6.9120e-02,-0.010625,-0.000899375
6.9130e-02,-0.0164063,-0.000109063
6.9140e-02,-0.00796875,0.000126875
6.9150e-02,-0.0167188,0.000264688
6.9160e-02,-0.0154687,0.000248438
6.9170e-02,-0.011875,-0.000194688
6.9180e-02,0.0025,-0.00066875
6.9190e-02,-0.00984375,-0.0002225
6.9200e-02,-0.0157813,-0.0002375
6.9210e-02,-0.0140625,0.000751563
6.9220e-02,-0.014375,0.000491875
6.9230e-02,-0.0179687,0.000412813
6.9240e-02,-0.0103125,-0.000374688
6.9250e-02,-0.0167188,-0.000582188
6.9260e-02,-0.0203125,-0.000370625
6.9270e-02,-0.01125,-0.000177813
6.9280e-02,-0.0110937,0.000917813
6.9290e-02,-0.0146875,0.0002525
6.9300e-02,-0.0173438,-0.000125625
6.9310e-02,-0.0189062,-0.000486875
6.9320e-02,-0.01375,-0.00029375
6.9330e-02,-0.0198438,0.000299688
6.9340e-02,-0.0184375,0.000112813
6.9350e-02,-0.0146875,0.000250938
6.9360e-02,-0.0225,0.000252188
6.9370e-02,-0.0129688,-0.000174375
6.9380e-02,-0.0257812,-0.000499063
6.9390e-02,-0.005,-0.000724688
6.9400e-02,-0.0217188,6.3125e-05
6.9410e-02,-0.0201563,0.000510937
6.9420e-02,-0.0178125,9.59375e-05
6.9430e-02,0.00015625,0.000499688
6.9440e-02,-0.0196875,-0.000478125
6.9450e-02,-0.0139063,-0.000690313
6.9460e-02,-0.02,-0.000362188
6.9470e-02,-0.0190625,-9.875e-05
6.9480e-02,-0.0217188,-3.1875e-05
6.9490e-02,-0.0178125,8.34375e-05
6.9500e-02,-0.0165625,-0.00079875
6.9510e-02,-0.0204688,-6.09375e-05
6.9520e-02,-0.014375,-0.000320313
6.9530e-02,-0.0184375,-0.000388125
6.9540e-02,-0.0248438,-0.000114063
6.9550e-02,-0.00484375,0.000356875
6.9560e-02,-0.0225,-0.000103125
6.9570e-02,-0.0157813,-0.000119375
6.9580e-02,-0.00921875,-0.00022375
6.9590e-02,-0.0307813,-0.0002425
6.9600e-02,-0.0214063,0.000364375
6.9610e-02,-0.025,0.000475313
6.9620e-02,-0.0201563,0.000428125
6.9630e-02,-0.0204688,0.000264375
6.9640e-02,-0.0178125,-0.000744063
6.9650e-02,-0.0151562,-0.000420625
6.9660e-02,-0.00796875,0.0002575
6.9670e-02,-0.0223437,0.000185313
6.9680e-02,-0.018125,0.000425625
6.9690e-02,-0.0253125,0.000598125
6.9700e-02,-0.023125,2.71875e-05
6.9710e-02,-0.02875,0.000395938
6.9720e-02,-0.0279688,-0.000181563
6.9730e-02,-0.0151562,9.3125e-05
6.9740e-02,-0.0275,0.00043375
6.9750e-02,-0.0217188,0.00023125
6.9760e-02,-0.0325,0.000415313
6.9770e-02,-0.0364063,0.000148125
6.9780e-02,-0.0225,-0.000365938
6.9790e-02,-0.0184375,-0.000100938
6.9800e-02,-0.0203125,4.21875e-05
6.9810e-02,-0.0214063,-1.28125e-05
6.9820e-02,-0.0228125,0.000385313
6.9830e-02,-0.0185937,8.21875e-05
6.9840e-02,-0.0248438,-0.000357813
6.9850e-02,-0.008125,-0.000344063
6.9860e-02,-0.034375,-7.40625e-05
6.9870e-02,-0.0228125,0.0001075
6.9880e-02,-0.0240625,0.000287188
6.9890e-02,-0.0278125,-0.000473438
6.9900e-02,-0.0229687,-0.000236875
6.9910e-02,-0.03125,-0.000629063
6.9920e-02,-0.0140625,-0.000161563
6.9930e-02,-0.0225,-4.375e-06
6.9940e-02,-0.011875,0.000396875
6.9950e-02,-0.0321875,0.00063625
6.9960e-02,-0.026875,0.000575313
6.9970e-02,-0.0214063,-0.000428438
6.9980e-02,-0.0207813,0.000213438
6.9990e-02,-0.0234375,-0.000307188
7.0000e-02,-0.01125,0.000534688
7.0010e-02,-0.026875,0.000829688
7.0020e-02,-0.0273438,0.000933438
7.0030e-02,-0.0229687,0.000544688
7.0040e-02,-0.0173438,-0.0001775
7.0050e-02,-0.026875,-0.00027625
7.0060e-02,-0.0307813,0.000132813
7.0070e-02,-0.02875,-0.00035125
7.0080e-02,-0.02875,-0.000175938
7.0090e-02,-0.0196875,-0.000438125
7.0100e-02,-0.0264062,-0.000273125
7.0110e-02,-0.0109375,0.00041875
7.0120e-02,-0.0375,0.000206563
7.0130e-02,-0.0225,0.000261563
7.0140e-02,-0.025,0.000435
7.0150e-02,-0.0285938,-0.000114688
7.0160e-02,-0.0295313,0.000117813
7.0170e-02,-0.0375,-3.125e-05
7.0180e-02,-0.0245313,-0.000100938
7.0190e-02,-0.0314062,0.000901875
7.0200e-02,-0.0171875,0.00083875
7.0210e-02,-0.0170313,0.0004025
7.0220e-02,-0.0295313,0.000297188
7.0230e-02,-0.0315625,-0.000509375
7.0240e-02,-0.0170313,-0.0002
7.0250e-02,-0.0276563,-1.15625e-05
7.0260e-02,-0.0325,-0.000592188
7.0270e-02,-0.0296875,0.000624688
7.0280e-02,-0.0375,-0.000534375
7.0290e-02,-0.0379688,0.0002775
7.0300e-02,-0.0275,-0.000532187
7.0310e-02,-0.030625,5.125e-05
7.0320e-02,-0.0170313,0.00013875
7.0330e-02,-0.0246875,-0.000120938
7.0340e-02,-0.026875,-0.000143438
7.0350e-02,-0.030625,3.90625e-05
7.0360e-02,-0.0320312,-0.000466875
7.0370e-02,-0.0242188,-0.000347813
7.0380e-02,-0.0215625,0.00115
7.0390e-02,-0.0298438,0.000178438
7.0400e-02,-0.0298438,3.90625e-05
7.0410e-02,-0.02875,0.000335313
7.0420e-02,-0.025625,-0.00026125
7.0430e-02,-0.0239063,-0.00056125
7.0440e-02,-0.0228125,0.000138438
7.0450e-02,-0.0239063,0.000285938
7.0460e-02,-0.0295313,0.00045625
7.0470e-02,-0.030625,-0.000462188
7.0480e-02,-0.035625,0.000304375
7.0490e-02,-0.024375,1.0625e-05
7.0500e-02,-0.0192187,-0.00033875
7.0510e-02,-0.0276563,-0.0001375
7.0520e-02,-0.0434375,-0.000126563
7.0530e-02,-0.03375,0.000656875
7.0540e-02,-0.0225,0.000287188
7.0550e-02,-0.03375,-0.000232188
7.0560e-02,-0.0360938,-0.00036625
7.0570e-02,-0.0446875,-0.000247188
7.0580e-02,-0.0325,-0.000212813
7.0590e-02,-0.0260937,-0.000170625
7.0600e-02,-0.036875,0.000837813
7.0610e-02,-0.0370313,0.000813125
7.0620e-02,-0.0189062,0.000645625
7.0630e-02,-0.0245313,0.000469063
7.0640e-02,-0.03125,0.000258125
7.0650e-02,-0.0307813,0.000301875
7.0660e-02,-0.0292188,2e-05
7.0670e-02,-0.0239063,-0.0004825
7.0680e-02,-0.038125,5.375e-05
7.0690e-02,-0.0279688,-0.000136563
7.0700e-02,-0.0317188,-3.53125e-05
7.0710e-02,-0.0340625,-0.000195313
7.0720e-02,-0.0310937,0.000354063
7.0730e-02,-0.0351562,9.375e-05
7.0740e-02,-0.0367188,-0.000306875
7.0750e-02,-0.0326562,0.000123438
7.0760e-02,-0.0298438,0.000341875
7.0770e-02,-0.0375,0.000141563
7.0780e-02,-0.02,0.000469375
7.0790e-02,-0.0273438,-0.000189688
7.0800e-02,-0.0460938,-0.000109375
7.0810e-02,-0.0321875,-0.00089375
7.0820e-02,-0.0303125,-0.000728438
7.0830e-02,-0.035625,0.000160313
7.0840e-02,-0.038125,-0.000198438
7.0850e-02,-0.0317188,-2.1875e-05
7.0860e-02,-0.0314062,0.00026375
7.0870e-02,-0.0460938,-7.96875e-05
7.0880e-02,-0.0421875,-0.00114563
7.0890e-02,-0.0304688,-0.00111719
7.0900e-02,-0.0275,-0.000304375
7.0910e-02,-0.0434375,0.000120313
7.0920e-02,-0.0454688,-0.000144063
7.0930e-02,-0.0414063,3.59375e-05
7.0940e-02,-0.028125,-0.000244688
7.0950e-02,-0.0351562,-0.000324375
7.0960e-02,-0.0403125,2.28125e-05
7.0970e-02,-0.04125,0.000318438
7.0980e-02,-0.0351562,0.000252188
7.0990e-02,-0.0295313,0.000712813
7.1000e-02,-0.045625,0.00102063
7.1010e-02,-0.0435938,0.000498438
7.1020e-02,-0.0246875,-0.000160938
7.1030e-02,-0.0289063,0.000357813
7.1040e-02,-0.0259375,0.000700938
7.1050e-02,-0.0328125,0.000166563
7.1060e-02,-0.0342187,-5.28125e-05
7.1070e-02,-0.0259375,-0.000259063
7.1080e-02,-0.0389063,-0.00069875
7.1090e-02,-0.04125,-0.000450938
7.1100e-02,-0.0295313,-0.000319688
7.1110e-02,-0.0328125,0.000319688
7.1120e-02,-0.0270312,-9.71875e-05
7.1130e-02,-0.0271875,0.000383438
7.1140e-02,-0.0429688,0.000134688
7.1150e-02,-0.0329688,0.00014
7.1160e-02,-0.0284375,8.375e-05
7.1170e-02,-0.02875,0.000139062
7.1180e-02,-0.03,0.000403125
7.1190e-02,-0.036875,0.000666563
7.1200e-02,-0.04125,0.000764063
7.1210e-02,-0.0428125,0.000544375
7.1220e-02,-0.0296875,1.96875e-05
7.1230e-02,-0.0421875,5.65625e-05
7.1240e-02,-0.0335937,7.96875e-05
7.1250e-02,-0.0273438,-3.125e-05
7.1260e-02,-0.0221875,-0.000840625
7.1270e-02,-0.0370313,-0.00102313
7.1280e-02,-0.0482812,-0.000514688
7.1290e-02,-0.0326562,-0.000106563
7.1300e-02,-0.0223437,3.5625e-05
7.1310e-02,-0.0276563,6.9375e-05
7.1320e-02,-0.0348437,0.000484063
7.1330e-02,-0.045625,0.000138125
7.1340e-02,-0.0260937,5.28125e-05
7.1350e-02,-0.0451563,-3.21875e-05
7.1360e-02,-0.0384375,1.0625e-05
7.1370e-02,-0.03625,0.00017625
7.1380e-02,-0.0278125,0.000547813
7.1390e-02,-0.0421875,5.5e-05
7.1400e-02,-0.0303125,0.000262187
7.1410e-02,-0.0304688,-0.000124375
7.1420e-02,-0.0323438,1.65625e-05
7.1430e-02,-0.034375,-0.000418125
7.1440e-02,-0.0404687,-0.000150625
7.1450e-02,-0.0385937,0.000419375
7.1460e-02,-0.0446875,-0.00023125
7.1470e-02,-0.0421875,-0.0004575
7.1480e-02,-0.035,-0.00019125
7.1490e-02,-0.048125,9.09375e-05
7.1500e-02,-0.0354688,0.000484688
7.1510e-02,-0.0378125,0.000146875
7.1520e-02,-0.0367188,6.1875e-05
7.1530e-02,-0.026875,0.000513125
7.1540e-02,-0.0398437,-9.78125e-05
7.1550e-02,-0.039375,0.000404063
7.1560e-02,-0.0407813,0.000510937
7.1570e-02,-0.0303125,0.000560625
7.1580e-02,-0.043125,0.00065625
7.1590e-02,-0.0315625,0.00054625
7.1600e-02,-0.023125,0.000309688
7.1610e-02,-0.0426562,-0.00027375
7.1620e-02,-0.030625,0.00050125
7.1630e-02,-0.0364063,0.000296875
7.1640e-02,-0.033125,0.000915313
7.1650e-02,-0.0457813,0.000629375
7.1660e-02,-0.0310937,-0.000634375
7.1670e-02,-0.0273438,-0.000587188
7.1680e-02,-0.045625,-0.0005025
7.1690e-02,-0.0323438,-0.000331563
7.1700e-02,-0.046875,-0.000361563
7.1710e-02,-0.0521875,-0.000164375
7.1720e-02,-0.039375,-0.0002275
7.1730e-02,-0.03625,-0.000312188
7.1740e-02,-0.0398437,-0.000411563
7.1750e-02,-0.049375,0.000158438
7.1760e-02,-0.0484375,0.0008925
7.1770e-02,-0.0409375,0.000879375
7.1780e-02,-0.0421875,0.00180719
7.1790e-02,-0.05375,0.000204375
7.1800e-02,-0.0396875,-0.000519375
7.1810e-02,-0.0421875,-0.00074875
7.1820e-02,-0.0454688,-0.00039625
7.1830e-02,-0.045,0.000777188
7.1840e-02,-0.050625,0.000358125
7.1850e-02,-0.0292188,0.000225313
7.1860e-02,-0.0420312,-0.000412188
7.1870e-02,-0.0410937,-0.000365313
7.1880e-02,-0.0317188,-0.00098875
7.1890e-02,-0.0454688,-0.000323438
7.1900e-02,-0.0429688,0.000125313
7.1910e-02,-0.0515625,0.000439688
7.1920e-02,-0.038125,-0.0001
7.1930e-02,-0.04,0.000389063
7.1940e-02,-0.0403125,-0.000668125
7.1950e-02,-0.0301563,-0.00036375
7.1960e-02,-0.0257812,0.000504688
7.1970e-02,-0.0328125,0.00131469
7.1980e-02,-0.031875,0.0012275
7.1990e-02,-0.0451563,0.0004925
7.2000e-02,-0.0435938,-0.000359375
7.2010e-02,-0.0426562,-6.65625e-05
7.2020e-02,-0.039375,0.0005925
7.2030e-02,-0.0304688,0.000894688
7.2040e-02,-0.0285938,0.000886875
7.2050e-02,-0.03875,-0.000250625
7.2060e-02,-0.055625,-0.00101813
7.2070e-02,-0.0415625,-0.00125594
7.2080e-02,-0.0354688,-0.000726875
7.2090e-02,-0.0364063,0.000301875
7.2100e-02,-0.04125,0.001255
7.2110e-02,-0.0359375,0.000828125
7.2120e-02,-0.0254688,-1.25e-05
7.2130e-02,-0.0407813,-0.0013325
7.2140e-02,-0.0270312,-0.00108094
7.2150e-02,-0.036875,-0.00022
7.2160e-02,-0.044375,0.00064125
7.2170e-02,-0.045,0.00118031
7.2180e-02,-0.0440625,-0.000207188
7.2190e-02,-0.0398437,-0.000838438
7.2200e-02,-0.035,-0.00114375
7.2210e-02,-0.0398437,-0.000534375
7.2220e-02,-0.04625,0.00069125
7.2230e-02,-0.0392187,0.002085
7.2240e-02,-0.0259375,0.0008775
7.2250e-02,-0.0435938,-0.00121281
7.2260e-02,-0.0451563,-0.00182656
7.2270e-02,-0.0370313,-0.00155313
7.2280e-02,-0.0373438,0.000650313
7.2290e-02,-0.0392187,0.00314125
7.2300e-02,-0.0334375,0.0020925
7.2310e-02,-0.0415625,0.000814688
7.2320e-02,-0.0453125,-0.00207344
7.2330e-02,-0.034375,-0.00284219
7.2340e-02,-0.048125,-0.000755
7.2350e-02,-0.0435938,0.00246063
7.2360e-02,-0.0373438,0.00367344
7.2370e-02,-0.029375,0.0017225
7.2380e-02,-0.0334375,-0.00176406
7.2390e-02,-0.04375,-0.00288344
7.2400e-02,-0.0351562,-0.00223781
7.2410e-02,-0.0404687,0.001335
7.2420e-02,-0.0465625,0.00346281
7.2430e-02,-0.0407813,0.00346063
7.2440e-02,-0.0464062,0.000786875
7.2450e-02,-0.0434375,-0.00286813
7.2460e-02,-0.0385937,-0.00374531
7.2470e-02,-0.041875,-0.000824063
7.2480e-02,-0.049375,0.00218125
7.2490e-02,-0.0470312,0.00441656
7.2500e-02,-0.0551563,0.00204563
7.2510e-02,-0.0479688,-0.00134969
7.2520e-02,-0.0417187,-0.00353031
7.2530e-02,-0.04125,-0.0027475
7.2540e-02,-0.0428125,0.000232813
7.2550e-02,-0.0378125,0.00274969
7.2560e-02,-0.0495312,0.00411688
7.2570e-02,-0.0421875,0.00143531
7.2580e-02,-0.0429688,-0.00266063
7.2590e-02,-0.045625,-0.00384938
7.2600e-02,-0.0478125,-0.00118156
7.2610e-02,-0.0421875,0.00107
7.2620e-02,-0.0317188,0.00343219
7.2630e-02,-0.0454688,0.00279969
7.2640e-02,-0.0370313,0.000154063
7.2650e-02,-0.0389063,-0.00178094
7.2660e-02,-0.0339062,-0.00229188
7.2670e-02,-0.0385937,-0.0005825
7.2680e-02,-0.041875,0.0017425
7.2690e-02,-0.0384375,0.00334313
7.2700e-02,-0.0357813,0.0010775
7.2710e-02,-0.0298438,-0.00144813
7.2720e-02,-0.0473438,-0.00232563
7.2730e-02,-0.053125,-0.00154875
7.2740e-02,-0.0484375,0.000678438
7.2750e-02,-0.0375,0.00224813
7.2760e-02,-0.0407813,0.00162563
7.2770e-02,-0.0421875,-0.000829375
7.2780e-02,-0.0445313,-0.0016825
7.2790e-02,-0.0471875,-0.00147313
7.2800e-02,-0.0317188,0.000449375
7.2810e-02,-0.0457813,0.00153063
7.2820e-02,-0.038125,0.00186938
7.2830e-02,-0.0367188,7.75e-05
7.2840e-02,-0.0375,-0.00139938
7.2850e-02,-0.0359375,-0.0020775
7.2860e-02,-0.0478125,-0.00114531
7.2870e-02,-0.0298438,0.000208438
7.2880e-02,-0.03375,0.00169938
7.2890e-02,-0.0557813,0.000898438
7.2900e-02,-0.03875,-0.000216563
7.2910e-02,-0.0434375,-0.00180688
7.2920e-02,-0.0548437,-0.00100688
7.2930e-02,-0.0478125,0.000439375
7.2940e-02,-0.0389063,0.00143906
7.2950e-02,-0.040625,0.00153344
7.2960e-02,-0.038125,-5.03125e-05
7.2970e-02,-0.0373438,-0.000641563
7.2980e-02,-0.049375,-0.000918125
7.2990e-02,-0.05,0.000222813
7.3000e-02,-0.0409375,0.000650625
7.3010e-02,-0.0460938,0.00105406
7.3020e-02,-0.0398437,-7.90625e-05
7.3030e-02,-0.0421875,-0.00102187
7.3040e-02,-0.0348437,-0.000865
7.3050e-02,-0.055,-0.000830625
7.3060e-02,-0.045,0.00037
7.3070e-02,-0.0323438,0.000923125
7.3080e-02,-0.039375,0.00107688
7.3090e-02,-0.0389063,0.0006425
7.3100e-02,-0.0448438,-0.000847813
7.3110e-02,-0.044375,-0.000855625
7.3120e-02,-0.0492188,0.000146875
7.3130e-02,-0.0325,0.000365
7.3140e-02,-0.0473438,0.00117031
7.3150e-02,-0.0464062,0.000435
7.3160e-02,-0.041875,-0.000190938
7.3170e-02,-0.0409375,-0.0008525
7.3180e-02,-0.0353125,-0.0007225
7.3190e-02,-0.0492188,0.000104688
7.3200e-02,-0.0451563,0.0007825
7.3210e-02,-0.0382813,0.000490938
7.3220e-02,-0.04875,-0.000142813
7.3230e-02,-0.0473438,-0.000300313
7.3240e-02,-0.039375,-0.000240313
7.3250e-02,-0.0465625,0.00014875
7.3260e-02,-0.0365625,0.000385938
7.3270e-02,-0.0575,0.00108688
7.3280e-02,-0.0439063,0.000501563
7.3290e-02,-0.0529687,9.1875e-05
7.3300e-02,-0.0470312,-0.000722188
7.3310e-02,-0.0395313,-0.000591563
7.3320e-02,-0.0373438,0.0001225
7.3330e-02,-0.029375,0.000697188
7.3340e-02,-0.0284375,0.00058625
7.3350e-02,-0.0484375,0.000601563
7.3360e-02,-0.0409375,-0.0002525
7.3370e-02,-0.0440625,-0.000444375
7.3380e-02,-0.0289063,-0.000215625
7.3390e-02,-0.0421875,0.000475
7.3400e-02,-0.040625,0.00105688
7.3410e-02,-0.0470312,0.000873438
7.3420e-02,-0.050625,9.15625e-05
7.3430e-02,-0.0545313,-7.4375e-05
7.3440e-02,-0.0310937,-0.000149063
7.3450e-02,-0.04625,-5.625e-06
7.3460e-02,-0.0415625,0.0005425
7.3470e-02,-0.0507812,0.000189688
7.3480e-02,-0.0367188,-0.0001275
7.3490e-02,-0.0384375,0.000326875
7.3500e-02,-0.0503125,-0.000191563
7.3510e-02,-0.0501562,-0.000168125
7.3520e-02,-0.0354688,-0.000312813
7.3530e-02,-0.0426562,-0.000585625
7.3540e-02,-0.0473438,0.000594375
7.3550e-02,-0.0403125,7.46875e-05
7.3560e-02,-0.0435938,7.40625e-05
7.3570e-02,-0.0392187,-0.000263437
7.3580e-02,-0.0473438,0.000203125
7.3590e-02,-0.049375,-0.000348438
7.3600e-02,-0.031875,-9.34375e-05
7.3610e-02,-0.0434375,0.000160313
7.3620e-02,-0.0434375,-0.000226563
7.3630e-02,-0.0359375,-0.000299375
7.3640e-02,-0.04125,0.000196875
7.3650e-02,-0.0395313,0.000291875
7.3660e-02,-0.033125,0.00015625
7.3670e-02,-0.0439063,0.000495
7.3680e-02,-0.039375,0.0006325
7.3690e-02,-0.0492188,0.000209688
7.3700e-02,-0.0459375,0.000351875
7.3710e-02,-0.03625,-0.00061375
7.3720e-02,-0.0470312,4.40625e-05
7.3730e-02,-0.0370313,-0.000597188
7.3740e-02,-0.0570313,-0.000654688
7.3750e-02,-0.048125,9.0625e-06
7.3760e-02,-0.0439063,-0.00051875
7.3770e-02,-0.0496875,6.71875e-05
7.3780e-02,-0.0389063,5.5625e-05
7.3790e-02,-0.0454688,0.00020625
7.3800e-02,-0.0415625,-0.000255625
7.3810e-02,-0.0370313,-0.000190313
7.3820e-02,-0.0435938,0.000487188
7.3830e-02,-0.0454688,-0.000159375
7.3840e-02,-0.04375,-0.000562188
7.3850e-02,-0.0392187,-0.0002575
7.3860e-02,-0.048125,-7.5e-05
7.3870e-02,-0.0332812,-0.000195
7.3880e-02,-0.0507812,6.25e-05
7.3890e-02,-0.0495312,-0.00086125
7.3900e-02,-0.0460938,0.000278438
7.3910e-02,-0.0464062,-8.5e-05
7.3920e-02,-0.041875,0.000237813
7.3930e-02,-0.0340625,0.000439375
7.3940e-02,-0.0389063,5.09375e-05
7.3950e-02,-0.0514063,-0.0002875
7.3960e-02,-0.04,-0.000311875
7.3970e-02,-0.04125,-0.000552188
7.3980e-02,-0.0440625,-0.000719063
7.3990e-02,-0.0425,6.90625e-05
7.4000e-02,-0.029375,0.000391875
7.4010e-02,-0.0517188,0.000730313
7.4020e-02,-0.0482812,-9e-05
7.4030e-02,-0.0495312,0.000881875
7.4040e-02,-0.05,0.00090875
7.4050e-02,-0.0490625,-7.21875e-05
7.4060e-02,-0.0434375,0.000969375
7.4070e-02,-0.0401563,0.0005725
7.4080e-02,-0.0503125,7.46875e-05
7.4090e-02,-0.0379688,0.000230625
7.4100e-02,-0.0298438,0.000150938
7.4110e-02,-0.0320312,0.000162813
7.4120e-02,-0.0470312,-0.00020125
7.4130e-02,-0.05375,0.00016625
7.4140e-02,-0.0517188,0.000272812
7.4150e-02,-0.043125,-3.84375e-05
7.4160e-02,-0.049375,8.15625e-05
7.4170e-02,-0.0440625,-9.28125e-05
7.4180e-02,-0.0546875,-2.5625e-05
7.4190e-02,-0.050625,8.21875e-05
7.4200e-02,-0.0489062,-0.000271875
7.4210e-02,-0.0459375,-0.000231563
7.4220e-02,-0.0301563,0.000504063
7.4230e-02,-0.0425,-0.000498438
7.4240e-02,-0.0428125,0.000193438
7.4250e-02,-0.0382813,0.00042375
7.4260e-02,-0.0448438,0.000794688
7.4270e-02,-0.05625,0.0003725
7.4280e-02,-0.0384375,3.125e-06
7.4290e-02,-0.0514063,0.0001175
7.4300e-02,-0.0414063,5.4375e-05
7.4310e-02,-0.04375,0.000175625
7.4320e-02,-0.0465625,0.00011125
7.4330e-02,-0.04875,0.000283437
7.4340e-02,-0.040625,-0.00026125
7.4350e-02,-0.0425,0.000424375
7.4360e-02,-0.0528125,6.625e-05
7.4370e-02,-0.0457813,-0.000249688
7.4380e-02,-0.0334375,3.28125e-05
7.4390e-02,-0.0414063,8.6875e-05
7.4400e-02,-0.04875,-8.125e-06
7.4410e-02,-0.0351562,0.000203438
7.4420e-02,-0.0440625,0.000257188
7.4430e-02,-0.0396875,-0.000235
7.4440e-02,-0.048125,-0.00086375
7.4450e-02,-0.0482812,-8.5625e-05
7.4460e-02,-0.0546875,0.000141563
7.4470e-02,-0.0434375,-0.000189063
7.4480e-02,-0.0457813,0.000189063
7.4490e-02,-0.0421875,0.000363125
7.4500e-02,-0.0489062,0.00016875
7.4510e-02,-0.051875,0.000266875
7.4520e-02,-0.0554687,0.00065875
7.4530e-02,-0.0453125,0.00055875
7.4540e-02,-0.0359375,0.000349375
7.4550e-02,-0.0464062,-0.000468125
7.4560e-02,-0.0435938,-0.00035375
7.4570e-02,-0.0445313,-0.0004275
7.4580e-02,-0.040625,6.65625e-05
7.4590e-02,-0.0465625,-7.84375e-05
7.4600e-02,-0.0553125,-0.000488438
7.4610e-02,-0.0535937,-0.000120938
7.4620e-02,-0.0390625,-9.15625e-05
7.4630e-02,-0.0407813,-0.000305625
7.4640e-02,-0.0390625,0.000293125
7.4650e-02,-0.0417187,0.000289063
7.4660e-02,-0.0504687,0.0010075
7.4670e-02,-0.04625,0.000404063
7.4680e-02,-0.05375,-3e-05
7.4690e-02,-0.0409375,6.875e-05
7.4700e-02,-0.0464062,0.00086875
7.4710e-02,-0.0520313,0.00087625
7.4720e-02,-0.0475,0.000263437
7.4730e-02,-0.0453125,0.000646563
7.4740e-02,-0.045625,0.000361563
7.4750e-02,-0.0490625,-3.15625e-05
7.4760e-02,-0.0460938,3.40625e-05
7.4770e-02,-0.0390625,0.0003125
7.4780e-02,-0.0439063,0.000535625
7.4790e-02,-0.0454688,0.000169688
7.4800e-02,-0.0426562,-0.000403438
7.4810e-02,-0.0571875,0.000118125
7.4820e-02,-0.0528125,2.34375e-05
7.4830e-02,-0.035625,0.00011
7.4840e-02,-0.0442188,-0.000345
7.4850e-02,-0.0434375,0.000294688
7.4860e-02,-0.0492188,-0.000261563
7.4870e-02,-0.0434375,-0.000544688
7.4880e-02,-0.0546875,-0.000295
7.4890e-02,-0.0564063,-0.00069
7.4900e-02,-0.0520313,0.000280313
7.4910e-02,-0.0404687,0.000318438
7.4920e-02,-0.0554687,0.000468125
7.4930e-02,-0.04375,6.25e-05
7.4940e-02,-0.0526563,-2.03125e-05
7.4950e-02,-0.0426562,-2.1875e-05
7.4960e-02,-0.0479688,2.03125e-05
7.4970e-02,-0.0478125,-0.000194688
7.4980e-02,-0.0503125,-2.8125e-06
7.4990e-02,-0.0484375,0.000141563
7.5000e-02,-0.0442188,-0.000457188
7.5010e-02,-0.0471875,-0.0005075
7.5020e-02,-0.0548437,-0.000742188
7.5030e-02,-0.0470312,5.8125e-05
7.5040e-02,-0.0315625,-0.000104063
7.5050e-02,-0.0489062,0.000520313
7.5060e-02,-0.0428125,0.000190938
7.5070e-02,-0.055,-0.000349375
7.5080e-02,-0.0532813,0.000551875
7.5090e-02,-0.050625,0.00062375
7.5100e-02,-0.0478125,0.000929688
7.5110e-02,-0.0573437,0.00161313
7.5120e-02,-0.0426562,0.00029375
7.5130e-02,-0.0473438,0.000417188
7.5140e-02,-0.0567187,-0.000245938
7.5150e-02,-0.045,-0.00013125
7.5160e-02,-0.0392187,0.000121875
7.5170e-02,-0.0559375,0.000445313
7.5180e-02,-0.05125,0.000346563
7.5190e-02,-0.0545313,-0.00061
7.5200e-02,-0.0435938,-0.000188438
7.5210e-02,-0.0490625,3.125e-07
7.5220e-02,-0.0446875,-0.0001
7.5230e-02,-0.0479688,0.000764375
7.5240e-02,-0.0460938,0.000465938
7.5250e-02,-0.0401563,1.78125e-05
7.5260e-02,-0.0410937,-0.000352813
7.5270e-02,-0.04625,-9.8125e-05
7.5280e-02,-0.048125,0.000355
7.5290e-02,-0.0442188,0.000710313
7.5300e-02,-0.0525,0.000731563
7.5310e-02,-0.0465625,0.000271875
7.5320e-02,-0.0446875,-0.00014625
7.5330e-02,-0.0503125,-0.000578125
7.5340e-02,-0.0525,-0.0003375
7.5350e-02,-0.050625,-8.8125e-05
7.5360e-02,-0.0510938,0.000209375
7.5370e-02,-0.0460938,-0.000290938
7.5380e-02,-0.0517188,-0.000353125
7.5390e-02,-0.0453125,-0.000716875
7.5400e-02,-0.0490625,-0.000420625
7.5410e-02,-0.0384375,7.8125e-05
7.5420e-02,-0.0545313,8.4375e-06
7.5430e-02,-0.0484375,0.000729688
7.5440e-02,-0.0484375,0.0005775
7.5450e-02,-0.0478125,0.000443438
7.5460e-02,-0.0392187,0.000269375
7.5470e-02,-0.0370313,0.000509063
7.5480e-02,-0.0434375,0.000301875
7.5490e-02,-0.05,0.000883438
7.5500e-02,-0.029375,2.96875e-05
7.5510e-02,-0.0484375,0.00016625
7.5520e-02,-0.0414063,-0.000490625
7.5530e-02,-0.0451563,-0.000567813
7.5540e-02,-0.0435938,0.000296875
7.5550e-02,-0.043125,-4.6875e-05
7.5560e-02,-0.050625,0.000197813
7.5570e-02,-0.04625,0.000519062
7.5580e-02,-0.0503125,0.000385625
7.5590e-02,-0.0396875,0.000100313
7.5600e-02,-0.0464062,0.00043125
7.5610e-02,-0.0489062,-0.000190313
7.5620e-02,-0.0535937,0.000195938
7.5630e-02,-0.044375,0.000393438
7.5640e-02,-0.0515625,-0.000114063
7.5650e-02,-0.055,0.000208438
7.5660e-02,-0.046875,0.000245625
7.5670e-02,-0.04875,-0.000224063
7.5680e-02,-0.0479688,0.0001025
7.5690e-02,-0.0451563,-0.00085125
7.5700e-02,-0.0457813,-0.000559688
7.5710e-02,-0.045,-0.000829375
7.5720e-02,-0.0496875,-0.000583125
7.5730e-02,-0.0607812,-0.00101531
7.5740e-02,-0.0484375,-0.0001775
7.5750e-02,-0.0448438,-0.0003175
7.5760e-02,-0.0529687,4.375e-05
7.5770e-02,-0.0459375,0.000226875
7.5780e-02,-0.0404687,0.000269063
7.5790e-02,-0.0375,9e-05
7.5800e-02,-0.0553125,0.00040875
7.5810e-02,-0.0476562,-0.000154063
7.5820e-02,-0.0496875,-6.25e-07
7.5830e-02,-0.03375,0.000678438
7.5840e-02,-0.0460938,-0.000109375
7.5850e-02,-0.0346875,-0.000113438
7.5860e-02,-0.0539063,-0.00062
7.5870e-02,-0.0470312,-0.000641563
7.5880e-02,-0.0509375,-0.0002725
7.5890e-02,-0.0545313,-0.000386875
7.5900e-02,-0.04375,0.00011625
7.5910e-02,-0.0473438,0.000154375
7.5920e-02,-0.0526563,-0.000558125
7.5930e-02,-0.0471875,-0.000487188
7.5940e-02,-0.0375,-0.000865
7.5950e-02,-0.05875,0.0001625
7.5960e-02,-0.0359375,0.00088625
7.5970e-02,-0.0495312,0.000439688
7.5980e-02,-0.041875,0.000580625
7.5990e-02,-0.04875,0.00010625
7.6000e-02,-0.0471875,-0.0004175
7.6010e-02,-0.048125,-0.000735313
7.6020e-02,-0.0404687,0.00047
7.6030e-02,-0.05,0.00035
7.6040e-02,-0.0470312,0.000108125
7.6050e-02,-0.0478125,-0.0006725
7.6060e-02,-0.0503125,-0.000944375
7.6070e-02,-0.0529687,-0.000535625
7.6080e-02,-0.0465625,0.0003525
7.6090e-02,-0.0446875,0.000481563
7.6100e-02,-0.0476562,0.000121563
7.6110e-02,-0.0445313,-0.000545625
7.6120e-02,-0.0473438,-0.00136531
7.6130e-02,-0.029375,-0.000480938
7.6140e-02,-0.0421875,-0.000160625
7.6150e-02,-0.0485938,0.0009675
7.6160e-02,-0.0476562,0.00114531
7.6170e-02,-0.0495312,0.000659688
7.6180e-02,-0.0460938,-0.00074
7.6190e-02,-0.043125,-0.00144938
7.6200e-02,-0.0492188,-0.000291563
7.6210e-02,-0.0489062,0.000896875
7.6220e-02,-0.0410937,0.00109281
7.6230e-02,-0.0576563,0.000575313
7.6240e-02,-0.0467188,-0.000813125
7.6250e-02,-0.0503125,-0.00134313
7.6260e-02,-0.051875,-0.00124313
7.6270e-02,-0.0434375,0.000345625
7.6280e-02,-0.0575,0.00251531
7.6290e-02,-0.0434375,0.00170094
7.6300e-02,-0.0435938,-6.28125e-05
7.6310e-02,-0.0426562,-0.00201594
7.6320e-02,-0.055,-0.00166281
7.6330e-02,-0.0489062,-0.00020625
7.6340e-02,-0.0457813,0.00154
7.6350e-02,-0.0429688,0.0023375
7.6360e-02,-0.0514063,0.00112969
7.6370e-02,-0.058125,-0.00143125
7.6380e-02,-0.0360938,-0.00277125
7.6390e-02,-0.0464062,-0.0020775
7.6400e-02,-0.0482812,0.000287813
7.6410e-02,-0.0398437,0.00331
7.6420e-02,-0.0526563,0.00359219
7.6430e-02,-0.0435938,0.00344313
7.6440e-02,-0.0432813,0.00358563
7.6450e-02,-0.0390625,0.00345969
7.6460e-02,-0.05125,0.00349563
7.6470e-02,-0.044375,0.00362906
7.6480e-02,-0.04875,0.00334969
7.6490e-02,0.0115625,0.00200656
7.6500e-02,-1.01438,-0.00339906
7.6510e-02,0.722031,-0.00643844
7.6520e-02,0.397969,-0.00777
7.6530e-02,0.746719,-0.00824063
7.6540e-02,0.0982813,-0.00812719
7.6550e-02,0.101094,-0.00783063
7.6560e-02,0.0953125,-0.00803688
7.6570e-02,0.0826563,-0.00806719
7.6580e-02,0.065,-0.00794875
7.6590e-02,0.0564062,-0.00793313
7.6600e-02,0.0548437,-0.00796125
7.6610e-02,0.0498437,-0.00791844
7.6620e-02,0.04,-0.00807313
7.6630e-02,0.026875,-0.00787594
7.6640e-02,0.0357813,-0.00800312
7.6650e-02,0.0320312,-0.00787156
7.6660e-02,0.033125,-0.00797125
7.6670e-02,0.0446875,-0.00795438
7.6680e-02,0.0264063,-0.00786313
7.6690e-02,0.0245313,-0.00780906
7.6700e-02,0.02375,-0.00781594
7.6710e-02,0.0215625,-0.00776094
7.6720e-02,0.01,-0.00783656
7.6730e-02,0.0190625,-0.00776125
7.6740e-02,0.0071875,-0.00768281
7.6750e-02,0.0129687,-0.00220875
7.6760e-02,0.00265625,0.00160063
7.6770e-02,-0.00890625,0.00112406
7.6780e-02,0.00828125,-0.000812813
7.6790e-02,0.0135937,-0.00267188
7.6800e-02,0.0129687,-0.0022275
7.6810e-02,-0.000625,1.78125e-05
7.6820e-02,0.0090625,0.00222406
7.6830e-02,0.00578125,0.00275656
7.6840e-02,0.0132812,0.000611563
7.6850e-02,0.00171875,-0.0018675
7.6860e-02,0.0090625,-0.0020175
7.6870e-02,0.0065625,-0.000682188
7.6880e-02,0.00328125,0.0009775
7.6890e-02,0.01125,0.00190969
7.6900e-02,0.0078125,0.001445
7.6910e-02,0.0028125,-0.000833438
7.6920e-02,-0.00671875,-0.00200281
7.6930e-02,0.0046875,-0.00177094
7.6940e-02,-0.00328125,0.0002825
7.6950e-02,-0.0003125,0.00160625
7.6960e-02,-0.00453125,0.0013725
7.6970e-02,-0.0117188,0.000399688
7.6980e-02,-0.0053125,-0.00103563
7.6990e-02,-0.00546875,-0.00104469
7.7000e-02,-0.00921875,-0.000360313
7.7010e-02,0.008125,0.000623125
7.7020e-02,-0.0110937,0.00168906
7.7030e-02,-0.0132813,0.000759063
7.7040e-02,-0.0109375,-0.000465938
7.7050e-02,-0.0120313,-0.0010775
7.7060e-02,-0.0107813,-0.00106813
7.7070e-02,-0.0242188,-0.000579688
7.7080e-02,-0.00359375,0.000756875
7.7090e-02,0.0003125,0.00093375
7.7100e-02,-0.0015625,-0.000334688
7.7110e-02,-0.0040625,-0.00120781
7.7120e-02,-0.0025,-0.00135281
7.7130e-02,-0.0040625,-7.875e-05
7.7140e-02,-0.00484375,0.000707813
7.7150e-02,-0.0146875,0.00107031
7.7160e-02,-0.018125,0.000300313
7.7170e-02,-0.0134375,0.000589063
7.7180e-02,-0.018125,-0.000200625
7.7190e-02,-0.0084375,-0.000580313
7.7200e-02,-0.00109375,0.000144688
7.7210e-02,-0.0115625,8.8125e-05
7.7220e-02,-0.0207813,0.000402188
7.7230e-02,0.001875,0.000365
7.7240e-02,-0.0071875,-0.000279688
7.7250e-02,-0.0142188,-0.000332188
7.7260e-02,-0.0142188,-0.000211563
7.7270e-02,-0.00765625,0.000545313
7.7280e-02,-0.0167188,0.00053625
7.7290e-02,-0.00578125,0.00012625
7.7300e-02,-0.0173438,-0.000324375
7.7310e-02,-0.0167188,-0.00098625
7.7320e-02,-0.0196875,-0.000400938
7.7330e-02,-0.00734375,-0.000844375
7.7340e-02,-0.0140625,-0.00040375
7.7350e-02,-0.00890625,-0.000182813
7.7360e-02,-0.0101563,-3.15625e-05
7.7370e-02,-0.018125,8.75e-05
7.7380e-02,-0.00796875,0.000425313
7.7390e-02,-0.0123438,0.00023875
7.7400e-02,-0.0253125,-0.000214375
7.7410e-02,-0.008125,8.21875e-05
7.7420e-02,-0.01375,0.000211875
7.7430e-02,-0.013125,-2.71875e-05
7.7440e-02,-0.0078125,-0.000135938
7.7450e-02,0.005,-0.000348438
7.7460e-02,-0.0065625,-3.125e-07
7.7470e-02,-0.02125,-0.000228125
7.7480e-02,-0.0117188,0.000222188
7.7490e-02,-0.0132813,0.000354688
7.7500e-02,-0.0157813,-0.000282188
7.7510e-02,-0.0132813,-0.000630313
7.7520e-02,-0.0128125,-0.000475313
7.7530e-02,-0.0260937,0.0002925
7.7540e-02,-0.0171875,0.000145625
7.7550e-02,-0.0201563,-0.000605313
7.7560e-02,-0.0270312,-6.3125e-05
7.7570e-02,-0.0259375,-0.00014625
7.7580e-02,-0.0148437,-0.000432813
7.7590e-02,-0.0304688,-0.000400938
7.7600e-02,-0.0157813,0.000625313
7.7610e-02,-0.0248438,0.000266875
7.7620e-02,-0.0153125,0.000365
7.7630e-02,-0.021875,-0.00021125
7.7640e-02,-0.0123438,-0.000319375
7.7650e-02,-0.021875,-0.000134063
7.7660e-02,-0.020625,0.000293125
7.7670e-02,-0.0253125,-4.375e-06
7.7680e-02,-0.029375,-3.875e-05
7.7690e-02,-0.019375,2.1875e-06
7.7700e-02,-0.0148437,-0.000375
7.7710e-02,-0.0265625,-0.000252812
7.7720e-02,-0.0228125,-0.000595
7.7730e-02,-0.0215625,-0.000159375
7.7740e-02,-0.01625,0.00015875
7.7750e-02,-0.0235938,6.375e-05
7.7760e-02,-0.0221875,0.000328125
7.7770e-02,-0.00875,-0.000199375
7.7780e-02,-0.0185937,-0.000531875
7.7790e-02,-0.0229687,-8e-05
7.7800e-02,-0.0215625,-0.00012125
7.7810e-02,-0.0245313,-0.000249688
7.7820e-02,-0.0223437,-0.00012625
7.7830e-02,-0.0242188,-0.000180313
7.7840e-02,-0.0203125,-0.000386563
7.7850e-02,-0.0203125,0.000118125
7.7860e-02,-0.013125,5.8125e-05
7.7870e-02,-0.0217188,0.000475938
7.7880e-02,-0.0185937,0.000825938
7.7890e-02,-0.014375,0.00105375
7.7900e-02,-0.0221875,0.000145313
7.7910e-02,-0.0189062,4.78125e-05
7.7920e-02,-0.0301563,-0.000123125
7.7930e-02,-0.0204688,-0.000143125
7.7940e-02,-0.0329688,0.000462813
7.7950e-02,-0.0298438,0.000355
7.7960e-02,-0.0301563,4e-05
7.7970e-02,-0.018125,0.00039625
7.7980e-02,-0.0365625,-0.000197188
7.7990e-02,-0.0234375,6.8125e-05
7.8000e-02,-0.0196875,0.000859375
7.8010e-02,-0.0195312,0.00135656
7.8020e-02,-0.0254688,0.000771875
7.8030e-02,-0.0254688,-0.000234688
7.8040e-02,-0.0332812,-0.00027375
7.8050e-02,-0.0154687,-0.000550625
7.8060e-02,-0.0189062,-0.000246875
7.8070e-02,-0.0148437,0.000189688
7.8080e-02,-0.0220313,0.0002125
7.8090e-02,-0.02625,0.00033
7.8100e-02,-0.0246875,0.000200313
7.8110e-02,-0.0260937,0.000403438
7.8120e-02,-0.0184375,0.000591563
7.8130e-02,-0.030625,0.000643125
7.8140e-02,-0.0221875,0.000576563
7.8150e-02,-0.0290625,0.000436563
7.8160e-02,-0.0335937,0.00080875
7.8170e-02,-0.0364063,-0.000175313
7.8180e-02,-0.0253125,0.000187813
7.8190e-02,-0.0365625,0.000884688
7.8200e-02,-0.0240625,2.9375e-05
7.8210e-02,-0.0110937,0.000925938
7.8220e-02,-0.0209375,0.000770313
7.8230e-02,-0.0325,3.125e-07
7.8240e-02,-0.0307813,0.000241563
7.8250e-02,-0.028125,-1.375e-05
7.8260e-02,-0.0217188,-0.000221563
7.8270e-02,-0.03125,0.000629688
7.8280e-02,-0.0178125,3.90625e-05
7.8290e-02,-0.0246875,-0.000269375
7.8300e-02,-0.0353125,-0.000302813
7.8310e-02,-0.0253125,0.000114688
7.8320e-02,-0.0229687,-4.375e-05
7.8330e-02,-0.0235938,0.000275
7.8340e-02,-0.0342187,0.000178438
7.8350e-02,-0.0171875,-0.000200313
7.8360e-02,-0.0276563,-0.000194375
7.8370e-02,-0.0260937,0.000118125
7.8380e-02,-0.0314062,-0.000154688
7.8390e-02,-0.0253125,1.25e-06
7.8400e-02,-0.0354688,-0.000230313
7.8410e-02,-0.0184375,-7.65625e-05
7.8420e-02,-0.0307813,-0.00019625
7.8430e-02,-0.028125,-6.375e-05
7.8440e-02,-0.0292188,-0.00048875
7.8450e-02,-0.0232812,0.000410938
7.8460e-02,-0.0325,0.000223438
7.8470e-02,-0.0260937,-5.71875e-05
7.8480e-02,-0.029375,0.000210625
7.8490e-02,-0.0315625,4.96875e-05
7.8500e-02,-0.0282813,-0.000181875
7.8510e-02,-0.0289063,-3.125e-06
7.8520e-02,-0.0226562,5.90625e-05
7.8530e-02,-0.0265625,-0.000436563
7.8540e-02,-0.03375,-0.000318125
7.8550e-02,-0.0353125,0.00052375
7.8560e-02,-0.0342187,0.000878438
7.8570e-02,-0.0245313,7e-05
7.8580e-02,-0.029375,0.000693438
7.8590e-02,-0.03375,0.000229375
7.8600e-02,-0.0382813,0.000510937
7.8610e-02,-0.0254688,4.6875e-06
7.8620e-02,-0.0340625,-0.000151563
7.8630e-02,-0.0203125,-0.000379688
7.8640e-02,-0.0228125,0.000314688
7.8650e-02,-0.0328125,2.09375e-05
7.8660e-02,-0.0320312,0.00100438
7.8670e-02,-0.03375,0.00048625
7.8680e-02,-0.0321875,0.0005825
7.8690e-02,-0.036875,2e-05
7.8700e-02,-0.0435938,-0.00043625
7.8710e-02,-0.0303125,0.000142813
7.8720e-02,-0.0379688,0.000114063
7.8730e-02,-0.0225,0.00017375
7.8740e-02,-0.0242188,0.000455313
7.8750e-02,-0.0282813,2.15625e-05
7.8760e-02,-0.0425,-0.000203125
7.8770e-02,-0.0273438,-0.000415
7.8780e-02,-0.0389063,-0.000188438
7.8790e-02,-0.0310937,-0.000314063
7.8800e-02,-0.0246875,-0.000445938
7.8810e-02,-0.0340625,-0.000123125
7.8820e-02,-0.0264062,7.5625e-05
7.8830e-02,-0.0342187,0.000177188
7.8840e-02,-0.0457813,0.000785313
7.8850e-02,-0.0254688,3.15625e-05
7.8860e-02,-0.0278125,0.000592813
7.8870e-02,-0.0328125,-3.125e-06
7.8880e-02,-0.0259375,0.000122813
7.8890e-02,-0.0246875,0.00015875
7.8900e-02,-0.0360938,-0.00055125
7.8910e-02,-0.0354688,-7.59375e-05
7.8920e-02,-0.0295313,0.000284375
7.8930e-02,-0.0354688,-2.53125e-05
7.8940e-02,-0.0146875,-0.0004275
7.8950e-02,-0.0260937,-0.000375625
7.8960e-02,-0.0321875,-0.000201563
7.8970e-02,-0.03875,2.0625e-05
7.8980e-02,-0.0290625,0.000459688
7.8990e-02,-0.020625,0.000395938
7.9000e-02,-0.0303125,0.000396563
7.9010e-02,-0.0323438,0.000578438
7.9020e-02,-0.0345312,0.00071125
7.9030e-02,-0.0370313,0.000297188
7.9040e-02,-0.0454688,0.000669688
7.9050e-02,-0.039375,0.000380625
7.9060e-02,-0.0315625,0.000735
7.9070e-02,-0.0246875,-8.84375e-05
7.9080e-02,-0.040625,-0.000472188
7.9090e-02,-0.0192187,-0.00103812
7.9100e-02,-0.0435938,-0.000362813
7.9110e-02,-0.0271875,-0.000545
7.9120e-02,-0.0365625,0.000160938
7.9130e-02,-0.0270312,-0.000624063
7.9140e-02,-0.0301563,-0.0002475
7.9150e-02,-0.0329688,0.000100938
7.9160e-02,-0.023125,-6.21875e-05
7.9170e-02,-0.035,-0.0003675
7.9180e-02,-0.0314062,0.000154375
7.9190e-02,-0.0301563,0.000333125
7.9200e-02,-0.0246875,0.000517813
7.9210e-02,-0.0379688,0.000366875
7.9220e-02,-0.0382813,0.000154063
7.9230e-02,-0.04625,-0.00018625
7.9240e-02,-0.04375,0.000405938
7.9250e-02,-0.0360938,0.000271563
7.9260e-02,-0.0432813,-0.00039875
7.9270e-02,-0.0326562,-0.000284063
7.9280e-02,-0.0359375,0.000166563
7.9290e-02,-0.0389063,0.00041125
7.9300e-02,-0.0246875,-0.000192813
7.9310e-02,-0.039375,-0.000374375
7.9320e-02,-0.0410937,-0.000120625
7.9330e-02,-0.04,0.0002325
7.9340e-02,-0.0373438,-0.000255625
7.9350e-02,-0.0282813,6.15625e-05
7.9360e-02,-0.0325,-6.59375e-05
7.9370e-02,-0.0265625,0.000655938
7.9380e-02,-0.0364063,0.000498438
7.9390e-02,-0.04375,0.000532187
7.9400e-02,-0.0315625,0.000233125
7.9410e-02,-0.04125,9.0625e-06
7.9420e-02,-0.0214063,-9.625e-05
7.9430e-02,-0.0425,0.000328438
7.9440e-02,-0.0414063,0.000243125
7.9450e-02,-0.0326562,1.375e-05
7.9460e-02,-0.0346875,0.00011875
7.9470e-02,-0.0292188,-0.000101875
7.9480e-02,-0.0326562,-0.000131875
7.9490e-02,-0.0403125,-0.000591563
7.9500e-02,-0.0371875,-9.6875e-05
7.9510e-02,-0.0304688,-0.000447188
7.9520e-02,-0.0414063,4.59375e-05
7.9530e-02,-0.0445313,5.1875e-05
7.9540e-02,-0.0325,-0.000268125
7.9550e-02,-0.0467188,-0.000731563
7.9560e-02,-0.0465625,0.000561562
7.9570e-02,-0.0367188,0.000235625
7.9580e-02,-0.0379688,-0.000236875
7.9590e-02,-0.0301563,0.00012875
7.9600e-02,-0.0453125,0.000834375
7.9610e-02,-0.0357813,0.0003325
7.9620e-02,-0.0310937,0.000337813
7.9630e-02,-0.03375,0.000116563
7.9640e-02,-0.0354688,0.000865938
7.9650e-02,-0.0314062,0.00025375
7.9660e-02,-0.0364063,0.0006225
7.9670e-02,-0.0414063,0.00018375
7.9680e-02,-0.0403125,-0.0004325
7.9690e-02,-0.0473438,-0.000595313
7.9700e-02,-0.0410937,2.59375e-05
7.9710e-02,-0.03,0.000162813
7.9720e-02,-0.0301563,0.00133031
7.9730e-02,-0.0323438,-0.000534375
7.9740e-02,-0.0404687,-0.000634688
7.9750e-02,-0.04875,0.000318125
7.9760e-02,-0.036875,0.000825
7.9770e-02,-0.0332812,0.00103906
7.9780e-02,-0.021875,0.000909375
7.9790e-02,-0.0642188,-0.000299375
7.9800e-02,-0.0375,0.000185938
7.9810e-02,-0.0346875,-0.000368438
7.9820e-02,-0.0467188,0.000274063
7.9830e-02,-0.0396875,0.000107813
7.9840e-02,-0.0295313,0.000567813
7.9850e-02,-0.0453125,0.000463438
7.9860e-02,-0.0348437,-0.000137188
7.9870e-02,-0.04125,-0.000476563
7.9880e-02,-0.0509375,-0.00041125
7.9890e-02,-0.0428125,4e-05
7.9900e-02,-0.035,0.000843438
7.9910e-02,-0.0342187,0.0010175
7.9920e-02,-0.0351562,0.000556875
7.9930e-02,-0.0234375,-0.000611563
7.9940e-02,-0.039375,-0.00022375
7.9950e-02,-0.0265625,-0.000139062
7.9960e-02,-0.0482812,0.0002025
7.9970e-02,-0.0382813,0.000768125
7.9980e-02,-0.0398437,0.000878438
7.9990e-02,-0.0346875,4.625e-05
8.0000e-02,-0.0410937,-0.00127406
8.0010e-02,-0.0375,-0.000289688
8.0020e-02,-0.035625,-6.84375e-05
8.0030e-02,-0.0371875,0.000643438
8.0040e-02,-0.0360938,0.00136781
8.0050e-02,-0.0457813,0.000290938
8.0060e-02,-0.0410937,-0.000368438
8.0070e-02,-0.0467188,-0.000846563
8.0080e-02,-0.0404687,-0.000669375
8.0090e-02,-0.035625,1.8125e-05
8.0100e-02,-0.049375,0.00102563
8.0110e-02,-0.03875,0.000504063
8.0120e-02,-0.0315625,-0.000102813
8.0130e-02,-0.0376563,-0.000557813
8.0140e-02,-0.03875,-0.00101063
8.0150e-02,-0.0395313,3.5625e-05
8.0160e-02,-0.0457813,0.000596563
8.0170e-02,-0.0315625,0.00117125
8.0180e-02,-0.0360938,0.000445625
8.0190e-02,-0.0401563,-0.000818438
8.0200e-02,-0.0404687,-0.00122719
8.0210e-02,-0.03,-0.000575
8.0220e-02,-0.0489062,0.000737813
8.0230e-02,-0.0364063,0.00127469
8.0240e-02,-0.0379688,0.00107875
8.0250e-02,-0.025625,-0.00106156
8.0260e-02,-0.0475,-0.00215031
8.0270e-02,-0.0328125,-0.0012425
8.0280e-02,-0.0457813,0.000403438
8.0290e-02,-0.0451563,0.00173344
8.0300e-02,-0.0364063,0.00249344
8.0310e-02,-0.0375,0.00028625
8.0320e-02,-0.0348437,-0.00246719
8.0330e-02,-0.050625,-0.00313344
8.0340e-02,-0.0515625,-0.00081125
8.0350e-02,-0.0440625,0.00132219
8.0360e-02,-0.0446875,0.00263594
8.0370e-02,-0.0434375,0.00143125
8.0380e-02,-0.0384375,-0.00101813
8.0390e-02,-0.0479688,-0.00311594
8.0400e-02,-0.0407813,-0.00203313
8.0410e-02,-0.0345312,0.000856875
8.0420e-02,-0.0196875,0.00311563
8.0430e-02,-0.0398437,0.00330125
8.0440e-02,-0.0429688,0.000543438
8.0450e-02,-0.0498438,-0.00246594
8.0460e-02,-0.0360938,-0.00305219
8.0470e-02,-0.0401563,-0.00116
8.0480e-02,-0.0367188,0.00246469
8.0490e-02,-0.0379688,0.00415563
8.0500e-02,-0.0282813,0.00267063
8.0510e-02,-0.0428125,-0.0005775
8.0520e-02,-0.0378125,-0.00275844
8.0530e-02,-0.049375,-0.00275156
8.0540e-02,-0.0409375,-0.0002775
8.0550e-02,-0.0328125,0.00332969
8.0560e-02,-0.0346875,0.00384969
8.0570e-02,-0.0335937,0.00180563
8.0580e-02,-0.038125,-0.00157938
8.0590e-02,-0.0435938,-0.00389969
8.0600e-02,-0.0326562,-0.00228563
8.0610e-02,-0.0360938,0.000734063
8.0620e-02,-0.0378125,0.00293313
8.0630e-02,-0.0495312,0.00332969
8.0640e-02,-0.0434375,0.000259688
8.0650e-02,-0.0389063,-0.00205094
8.0660e-02,-0.0275,-0.00251656
8.0670e-02,-0.0379688,-0.00104312
8.0680e-02,-0.0453125,0.00196281
8.0690e-02,-0.0539063,0.00323031
8.0700e-02,-0.04,0.00121344
8.0710e-02,-0.0579687,-0.000850938
8.0720e-02,-0.0482812,-0.00164875
8.0730e-02,-0.0521875,-0.00171094
8.0740e-02,-0.0489062,0.00014875
8.0750e-02,-0.0496875,0.00201969
8.0760e-02,-0.0540625,0.002225
8.0770e-02,-0.0371875,0.0001675
8.0780e-02,-0.0403125,-0.00148063
8.0790e-02,-0.0392187,-0.00185344
8.0800e-02,-0.0457813,-0.000680938
8.0810e-02,-0.045625,0.00164969
8.0820e-02,-0.0367188,0.00134094
8.0830e-02,-0.0395313,0.000659688
8.0840e-02,-0.0310937,-0.00118438
8.0850e-02,-0.0375,-0.00181438
8.0860e-02,-0.0428125,-0.000625938
8.0870e-02,-0.0375,0.000330313
8.0880e-02,-0.0354688,0.00167625
8.0890e-02,-0.04125,0.000833125
8.0900e-02,-0.0479688,0.00011625
8.0910e-02,-0.04,-0.000595625
8.0920e-02,-0.0453125,-0.000894688
8.0930e-02,-0.0392187,-0.000423438
8.0940e-02,-0.0398437,0.000702188
8.0950e-02,-0.0414063,0.000373125
8.0960e-02,-0.04,0.000356563
8.0970e-02,-0.0225,-0.001185
8.0980e-02,-0.0498438,-0.00180125
8.0990e-02,-0.0551563,-0.000980625
8.1000e-02,-0.044375,-0.000128437
8.1010e-02,-0.036875,0.000674688
8.1020e-02,-0.0503125,0.000815
8.1030e-02,-0.029375,0.00023625
8.1040e-02,-0.043125,-0.000436563
8.1050e-02,-0.0448438,7.4375e-05
8.1060e-02,-0.0417187,0.00120969
8.1070e-02,-0.04875,0.00106406
8.1080e-02,-0.0475,0.000610938
8.1090e-02,-0.045,4.53125e-05
8.1100e-02,-0.0404687,-0.000967188
8.1110e-02,-0.044375,-0.000469688
8.1120e-02,-0.045625,-0.000193438
8.1130e-02,-0.0345312,0.000194063
8.1140e-02,-0.0428125,0.000395938
8.1150e-02,-0.0295313,1.96875e-05
8.1160e-02,-0.0445313,-7.5e-06
8.1170e-02,-0.048125,-0.000428125
8.1180e-02,-0.044375,-0.00016
8.1190e-02,-0.0384375,0.000840938
8.1200e-02,-0.0417187,0.000595938
8.1210e-02,-0.0539063,0.000336563
8.1220e-02,-0.0457813,-0.000138438
8.1230e-02,-0.03375,-0.000767813
8.1240e-02,-0.0476562,6.84375e-05
8.1250e-02,-0.0525,-0.000145
8.1260e-02,-0.0429688,-0.000155625
8.1270e-02,-0.049375,0.0001725
8.1280e-02,-0.0410937,0.000429688
8.1290e-02,-0.0417187,1.3125e-05
8.1300e-02,-0.0498438,-0.000205313
8.1310e-02,-0.0382813,-0.000269688
8.1320e-02,-0.0340625,-0.000193438
8.1330e-02,-0.0435938,0.000564375
8.1340e-02,-0.0304688,0.000672813
8.1350e-02,-0.0410937,0.0001575
8.1360e-02,-0.0298438,0.000525313
8.1370e-02,-0.0473438,0.00016875
8.1380e-02,-0.0496875,0.0001525
8.1390e-02,-0.0479688,0.00023
8.1400e-02,-0.0467188,0.000253125
8.1410e-02,-0.038125,7.5e-05
8.1420e-02,-0.0514063,0.00083625
8.1430e-02,-0.0542187,5.3125e-05
8.1440e-02,-0.0451563,-0.000494688
8.1450e-02,-0.05,0.000155938
8.1460e-02,-0.0479688,0.000595938
8.1470e-02,-0.0351562,0.000439375
8.1480e-02,-0.0510938,0.000770313
8.1490e-02,-0.0509375,0.000226563
8.1500e-02,-0.0485938,-0.000320313
8.1510e-02,-0.0392187,-3.0625e-05
8.1520e-02,-0.0403125,-0.000125625
8.1530e-02,-0.0520313,-0.000330313
8.1540e-02,-0.0509375,0.00071125
8.1550e-02,-0.0446875,0.000323125
8.1560e-02,-0.0303125,-5.125e-05
8.1570e-02,-0.0532813,0.000505625
8.1580e-02,-0.0479688,-0.000245625
8.1590e-02,-0.0367188,3.4375e-05
8.1600e-02,-0.0470312,-0.000140313
8.1610e-02,-0.0401563,-0.000407188
8.1620e-02,-0.0421875,-0.00044875
8.1630e-02,-0.0471875,-0.000447188
8.1640e-02,-0.0521875,-0.000854375
8.1650e-02,-0.0503125,-8.78125e-05
8.1660e-02,-0.0404687,0.000322813
8.1670e-02,-0.04875,0.000356563
8.1680e-02,-0.04875,0.000507813
8.1690e-02,-0.0453125,-0.00055375
8.1700e-02,-0.0496875,1.15625e-05
8.1710e-02,-0.0425,0.00018125
8.1720e-02,-0.0371875,0.000100625
8.1730e-02,-0.040625,-0.000300313
8.1740e-02,-0.0446875,0.000268125
8.1750e-02,-0.0435938,-0.000574063
8.1760e-02,-0.0539063,-0.000437188
8.1770e-02,-0.0392187,-0.00105375
8.1780e-02,-0.04125,0.000132188
8.1790e-02,-0.045625,0.000295
8.1800e-02,-0.0515625,1.96875e-05
8.1810e-02,-0.04,0.000865625
8.1820e-02,-0.0509375,0.000270625
8.1830e-02,-0.0304688,-0.000123125
8.1840e-02,-0.0417187,-0.000230938
8.1850e-02,-0.0432813,0.000340625
8.1860e-02,-0.045625,0.000543438
8.1870e-02,-0.0489062,0.00116562
8.1880e-02,-0.0367188,-0.000310625
8.1890e-02,-0.039375,0.0001625
8.1900e-02,-0.0429688,0.000261563
8.1910e-02,-0.0495312,-0.00053
8.1920e-02,-0.0589063,0.000266875
8.1930e-02,-0.0425,-0.000202188
8.1940e-02,-0.0457813,-0.000324688
8.1950e-02,-0.0517188,-4.8125e-05
8.1960e-02,-0.0489062,-0.00025875
8.1970e-02,-0.0376563,-0.000973438
8.1980e-02,-0.040625,-0.000154063
8.1990e-02,-0.0485938,-0.00018875
8.2000e-02,-0.0510938,1.4375e-05
8.2010e-02,-0.0445313,0.00027375
8.2020e-02,-0.0451563,0.000472813
8.2030e-02,-0.0482812,-0.000278125
8.2040e-02,-0.0384375,-3.90625e-05
8.2050e-02,-0.040625,2e-05
8.2060e-02,-0.0448438,0.000224375
8.2070e-02,-0.0317188,-0.000301563
8.2080e-02,-0.0434375,-0.00013125
8.2090e-02,-0.03875,2.03125e-05
8.2100e-02,-0.0475,-0.00086625
8.2110e-02,-0.0278125,-0.00112219
8.2120e-02,-0.0346875,-0.000940938
8.2130e-02,-0.0526563,-0.00011
8.2140e-02,-0.0495312,-0.000143438
8.2150e-02,-0.0420312,-0.000324375
8.2160e-02,-0.0432813,-0.000401563
8.2170e-02,-0.0401563,0
8.2180e-02,-0.0489062,0.000269375
8.2190e-02,-0.0382813,0.000544688
8.2200e-02,-0.0482812,0.00042375
8.2210e-02,-0.0415625,0.000385938
8.2220e-02,-0.0396875,0.000571875
8.2230e-02,-0.0551563,-2.28125e-05
8.2240e-02,-0.0392187,0.000435
8.2250e-02,-0.0385937,0.000604688
8.2260e-02,-0.0409375,0.0002325
8.2270e-02,-0.0442188,0.000270313
8.2280e-02,-0.048125,0.0003075
8.2290e-02,-0.0404687,-0.000363438
8.2300e-02,-0.0390625,-0.000285938
8.2310e-02,-0.05,0.000139062
8.2320e-02,-0.053125,0.000144688
8.2330e-02,-0.0503125,1.75e-05
8.2340e-02,-0.0390625,-0.000100938
8.2350e-02,-0.0373438,9.03125e-05
8.2360e-02,-0.0585938,-0.000205938
8.2370e-02,-0.0473438,-0.000102813
8.2380e-02,-0.0395313,-1.40625e-05
8.2390e-02,-0.0446875,0.000447188
8.2400e-02,-0.0434375,-0.000216563
8.2410e-02,-0.046875,0.000394063
8.2420e-02,-0.0464062,-0.000617188
8.2430e-02,-0.05125,3.40625e-05
8.2440e-02,-0.0448438,-0.000154063
8.2450e-02,-0.0351562,-0.000614375
8.2460e-02,-0.0367188,-0.000734063
8.2470e-02,-0.04125,-9.90625e-05
8.2480e-02,-0.041875,4.78125e-05
8.2490e-02,-0.0403125,0.000586563
8.2500e-02,-0.0390625,0.00069375
8.2510e-02,-0.033125,-0.000385313
8.2520e-02,-0.0459375,0.000153438
8.2530e-02,-0.0601562,0.000181875
8.2540e-02,-0.0498438,0.000225625
8.2550e-02,-0.046875,-0.00043625
8.2560e-02,-0.0392187,0.000430938
8.2570e-02,-0.0409375,-5.6875e-05
8.2580e-02,-0.0415625,-0.00031625
8.2590e-02,-0.034375,-0.000399375
8.2600e-02,-0.0517188,-9.9375e-05
8.2610e-02,-0.0532813,0.000349063
8.2620e-02,-0.0528125,0.000333125
8.2630e-02,-0.0423437,0.000870625
8.2640e-02,-0.0476562,0.000316875
8.2650e-02,-0.0245313,0.000637813
8.2660e-02,-0.0521875,0.000144063
8.2670e-02,-0.040625,-0.000513125
8.2680e-02,-0.028125,-0.00032125
8.2690e-02,-0.0478125,-0.000712188
8.2700e-02,-0.04,0.000453438
8.2710e-02,-0.0445313,-0.000276563
8.2720e-02,-0.056875,0.000176563
8.2730e-02,-0.0553125,8.4375e-06
8.2740e-02,-0.0425,0.000300938
8.2750e-02,-0.0498438,0.000279375
8.2760e-02,-0.0321875,-0.00041875
8.2770e-02,-0.0360938,2.0625e-05
8.2780e-02,-0.045,0.000223438
8.2790e-02,-0.0578125,0.000152188
8.2800e-02,-0.0403125,-0.000154688
8.2810e-02,-0.0439063,0.000422188
8.2820e-02,-0.0478125,-0.000212188
8.2830e-02,-0.0423437,-0.000364688
8.2840e-02,-0.0440625,0.000214688
8.2850e-02,-0.0314062,3.3125e-05
8.2860e-02,-0.0520313,9e-05
8.2870e-02,-0.0439063,0.000395
8.2880e-02,-0.0404687,-2.90625e-05
8.2890e-02,-0.0440625,6.875e-05
8.2900e-02,-0.0510938,-9.0625e-05
8.2910e-02,-0.0435938,0.000534375
8.2920e-02,-0.05625,0.000425625
8.2930e-02,-0.045,0.000704063
8.2940e-02,-0.0585938,0.000627188
8.2950e-02,-0.0510938,7.46875e-05
8.2960e-02,-0.045625,-0.000171563
8.2970e-02,-0.0370313,0.0003775
8.2980e-02,-0.0560937,0.000604688
8.2990e-02,-0.0410937,9.21875e-05
8.3000e-02,-0.0584375,-0.000557188
8.3010e-02,-0.035625,-0.000416875
8.3020e-02,-0.0470312,0.000590313
8.3030e-02,-0.0484375,-0.000350313
8.3040e-02,-0.0364063,8.28125e-05
8.3050e-02,-0.0489062,0.000583438
8.3060e-02,-0.0540625,0.00022625
8.3070e-02,-0.04625,0.000228125
8.3080e-02,-0.055,-0.00033375
8.3090e-02,-0.0304688,-0.000470938
8.3100e-02,-0.0382813,-8.84375e-05
8.3110e-02,-0.0496875,-0.000325938
8.3120e-02,-0.0414063,-0.000238125
8.3130e-02,-0.0485938,-0.0003325
8.3140e-02,-0.0475,0.00015625
8.3150e-02,-0.0307813,0.00027375
8.3160e-02,-0.0459375,-0.000695938
8.3170e-02,-0.0428125,-0.0003025
8.3180e-02,-0.0295313,-0.00039875
8.3190e-02,-0.0440625,-5.71875e-05
8.3200e-02,-0.0364063,-0.0002325
8.3210e-02,-0.0426562,-0.00031875
8.3220e-02,-0.0525,-0.000200625
8.3230e-02,-0.0603125,0.000712813
8.3240e-02,-0.0425,0.000397813
8.3250e-02,-0.0528125,0.000284375
8.3260e-02,-0.0509375,0.000245313
8.3270e-02,-0.0507812,-0.000715313
8.3280e-02,-0.0475,0.000128437
8.3290e-02,-0.050625,0.00028375
8.3300e-02,-0.0503125,0.000664375
8.3310e-02,-0.0570313,1.0625e-05
8.3320e-02,-0.0470312,-8.8125e-05
8.3330e-02,-0.0403125,-0.00063875
8.3340e-02,-0.04875,-8.09375e-05
8.3350e-02,-0.0470312,-0.000432813
8.3360e-02,-0.0415625,0.000130938
8.3370e-02,-0.0435938,0.000415625
8.3380e-02,-0.05875,0.000153125
8.3390e-02,-0.0578125,2.4375e-05
8.3400e-02,-0.0448438,0.000292188
8.3410e-02,-0.0382813,1.78125e-05
8.3420e-02,-0.0346875,0.000775938
8.3430e-02,-0.055,4.5625e-05
8.3440e-02,-0.0540625,0.00035625
8.3450e-02,-0.0559375,0.000413125
8.3460e-02,-0.040625,0.000367813
8.3470e-02,-0.04,-6.15625e-05
8.3480e-02,-0.0517188,-0.000618438
8.3490e-02,-0.0398437,-0.00051875
8.3500e-02,-0.0392187,-2.625e-05
8.3510e-02,-0.0448438,-0.000390625
8.3520e-02,-0.0426562,-0.000121563
8.3530e-02,-0.0501562,-0.000194375
8.3540e-02,-0.0589063,-0.00015125
8.3550e-02,-0.0425,-0.000257188
8.3560e-02,-0.0484375,1.375e-05
8.3570e-02,-0.0389063,0.00021
8.3580e-02,-0.0442188,0.000389688
8.3590e-02,-0.0440625,-0.000244688
8.3600e-02,-0.0407813,0.000514375
8.3610e-02,-0.0521875,4.5625e-05
8.3620e-02,-0.049375,0.000536563
8.3630e-02,-0.0403125,0.00045875
8.3640e-02,-0.0548437,0.000781563
8.3650e-02,-0.0495312,-0.000382813
8.3660e-02,-0.051875,0.000173125
8.3670e-02,-0.04875,-0.00068625
8.3680e-02,-0.036875,-0.000232188
8.3690e-02,-0.0392187,1.71875e-05
8.3700e-02,-0.04875,-2.71875e-05
8.3710e-02,-0.0467188,-0.000769688
8.3720e-02,-0.0446875,-0.000703438
8.3730e-02,-0.0357813,-0.000535938
8.3740e-02,-0.045,-0.000938125
8.3750e-02,-0.0521875,0.000309688
8.3760e-02,-0.0451563,0.000694375
8.3770e-02,-0.0410937,0.000208125
8.3780e-02,-0.0445313,-0.000589375
8.3790e-02,-0.0501562,-0.0001725
8.3800e-02,-0.0398437,-0.000200938
8.3810e-02,-0.051875,-9.125e-05
8.3820e-02,-0.0428125,0.000368438
8.3830e-02,-0.0454688,0.000215625
8.3840e-02,-0.0559375,0.00059875
8.3850e-02,-0.0439063,0.0004625
8.3860e-02,-0.0470312,-0.000197813
8.3870e-02,-0.046875,-0.00012625
8.3880e-02,-0.0392187,-0.000476875
8.3890e-02,-0.040625,0.000329688
8.3900e-02,-0.0476562,0.000187188
8.3910e-02,-0.043125,0.000117188
8.3920e-02,-0.03875,-0.000994688
8.3930e-02,-0.0440625,-0.00103563
8.3940e-02,-0.0360938,0.000143125
8.3950e-02,-0.0601562,0.000721875
8.3960e-02,-0.0448438,0.00115125
8.3970e-02,-0.0479688,0.00106531
8.3980e-02,-0.045,0.000290313
8.3990e-02,-0.056875,-0.000476563
8.4000e-02,-0.0517188,-0.000336875
8.4010e-02,-0.0439063,-0.000156563
8.4020e-02,-0.0496875,0.00100531
8.4030e-02,-0.0490625,0.00150844
8.4040e-02,-0.0442188,0.000937813
8.4050e-02,-0.0484375,-0.000222188
8.4060e-02,-0.0426562,-0.0009925
8.4070e-02,-0.0557813,-0.000965
8.4080e-02,-0.035625,0.0007025
8.4090e-02,-0.0442188,0.00121281
8.4100e-02,-0.048125,0.00058875
8.4110e-02,-0.0370313,0.000261875
8.4120e-02,-0.049375,-0.00106406
8.4130e-02,-0.031875,-0.000995313
8.4140e-02,-0.0417187,-0.000500938
8.4150e-02,-0.0448438,0.000525313
8.4160e-02,-0.0415625,0.00173688
8.4170e-02,-0.0428125,0.000445313
8.4180e-02,-0.0403125,-0.000810313
8.4190e-02,-0.05,-0.00163844
8.4200e-02,-0.0445313,-0.000605625
8.4210e-02,-0.0410937,0.001095
8.4220e-02,-0.0451563,0.0013675
8.4230e-02,-0.05125,0.001265
8.4240e-02,-0.0575,-0.000733438
8.4250e-02,-0.050625,-0.00137438
8.4260e-02,-0.04625,-0.00131156
8.4270e-02,-0.0420312,0.000793125
8.4280e-02,-0.0453125,0.00212188
8.4290e-02,-0.051875,0.00191969
8.4300e-02,-0.04625,0.000352188
8.4310e-02,-0.0432813,-0.00154813
8.4320e-02,-0.0417187,-0.00176094
8.4330e-02,-0.0448438,-0.0005075
8.4340e-02,-0.0489062,0.001685
8.4350e-02,-0.0490625,0.00228625
8.4360e-02,-0.0407813,0.00139906
8.4370e-02,-0.0442188,-0.00104875
8.4380e-02,-0.0529687,-0.00268656
8.4390e-02,-0.0539063,-0.00208625
8.4400e-02,-0.0504687,0.00092625
8.4410e-02,-0.0570313,0.00238063
8.4420e-02,-0.0398437,0.0032175
8.4430e-02,-0.04875,0.0029975
8.4440e-02,-0.0323438,0.00312688
8.4450e-02,-0.0509375,0.00295
8.4460e-02,-0.03625,0.00309156
8.4470e-02,-0.0432813,0.00307219
8.4480e-02,-0.0525,0.00289563
8.4490e-02,0.0389063,0.00251031
8.4500e-02,-0.717813,-0.00270688
8.4510e-02,-1.46594,-0.00617469
8.4520e-02,-0.291094,-0.00784469
8.4530e-02,0.264844,-0.00842531
8.4540e-02,0.0925,-0.00815438
8.4550e-02,0.102656,-0.00804281
8.4560e-02,0.0939062,-0.00819875
8.4570e-02,0.0714063,-0.00822875
8.4580e-02,0.0832813,-0.008035
8.4590e-02,0.0707813,-0.00809313
8.4600e-02,0.054375,-0.00810688
8.4610e-02,0.044375,-0.00815688
8.4620e-02,0.0464062,-0.00804563
8.4630e-02,0.0379687,-0.00801125
8.4640e-02,0.049375,-0.00810781
8.4650e-02,0.0275,-0.00815188
8.4660e-02,0.0434375,-0.00805969
8.4670e-02,0.0275,-0.00816063
8.4680e-02,0.00546875,-0.00805719
8.4690e-02,0.0178125,-0.00809313
8.4700e-02,0.0189063,-0.00793688
8.4710e-02,0.0148437,-0.00790938
8.4720e-02,0.0207812,-0.00786313
8.4730e-02,0.0148437,-0.00788969
8.4740e-02,0.0264063,-0.00779531
8.4750e-02,0.0235938,-0.00368656
8.4760e-02,0.00859375,0.0009325
8.4770e-02,0.02125,0.00205031
8.4780e-02,0.0154687,-4.46875e-05
8.4790e-02,0.019375,-0.00193
8.4800e-02,0.0239063,-0.00219125
8.4810e-02,0.0126562,-7.8125e-05
8.4820e-02,0.020625,0.00236281
8.4830e-02,-0.0021875,0.00255094
8.4840e-02,0.011875,0.00109563
8.4850e-02,0.0179688,-0.00182594
8.4860e-02,0.0046875,-0.00260031
8.4870e-02,0.013125,-0.00168344
8.4880e-02,0.00734375,0.00038375
8.4890e-02,0.01375,0.00178938
8.4900e-02,0.0125,0.00141344
8.4910e-02,0.00203125,-0.00104094
8.4920e-02,0.00296875,-0.00220219
8.4930e-02,0.00046875,-0.000949375
8.4940e-02,0.00078125,-0.000123125
8.4950e-02,-0.0003125,0.00103406
8.4960e-02,-0.0009375,0.00177875
8.4970e-02,-0.00140625,0.000655
8.4980e-02,0.00109375,-0.000450625
8.4990e-02,0.0059375,-0.000852813
8.5000e-02,-0.0028125,9.84375e-05
8.5010e-02,0.005625,0.000815938
8.5020e-02,-0.0028125,0.00161031
8.5030e-02,-0.00375,0.000439375
8.5040e-02,-0.00734375,-0.000380313
8.5050e-02,-0.0178125,-0.00121406
8.5060e-02,0.004375,-0.00112094
8.5070e-02,-0.0126563,0.000485938
8.5080e-02,0.0090625,0.00085875
8.5090e-02,-0.011875,0.000642813
8.5100e-02,-0.011875,-4e-05
8.5110e-02,-0.0120313,-0.000675938
8.5120e-02,-0.0128125,-0.00105688
8.5130e-02,-0.0114062,-0.00079125
8.5140e-02,-0.0178125,0.000115625
8.5150e-02,-0.0182812,0.00054875
8.5160e-02,-0.0140625,0.000708125
8.5170e-02,-0.0164063,-0.000180938
8.5180e-02,-0.00265625,-0.000400938
8.5190e-02,-0.0117188,0.000360625
8.5200e-02,-0.0171875,0.000385938
8.5210e-02,-0.0271875,0.00045375
8.5220e-02,-0.00109375,0.00077125
8.5230e-02,-0.0126563,0.00159375
8.5240e-02,-0.00734375,3.75e-05
8.5250e-02,-0.0173438,-0.000558438
8.5260e-02,-0.00953125,-0.000571563
8.5270e-02,-0.0115625,0.000321875
8.5280e-02,-0.0140625,-7.5e-05
8.5290e-02,-0.016875,0.000352188
8.5300e-02,-0.0192187,-0.000386875
8.5310e-02,-0.0040625,-0.00106313
8.5320e-02,-0.0235938,-0.000764375
8.5330e-02,-0.0226562,-0.000182813
8.5340e-02,-0.00171875,0.00026125
8.5350e-02,-0.0104688,0.000788125
8.5360e-02,-0.0159375,0.000909688
8.5370e-02,-0.00734375,0.000168438
8.5380e-02,-0.0120313,-0.00062625
8.5390e-02,-0.0148437,-0.00074875
8.5400e-02,-0.019375,9.28125e-05
8.5410e-02,-0.02,0.000353125
8.5420e-02,-0.01625,0.000665313
8.5430e-02,-0.00578125,2.625e-05
8.5440e-02,-0.0104688,-2.78125e-05
8.5450e-02,-0.0248438,-0.000150938
8.5460e-02,-0.02625,-0.000331563
8.5470e-02,-0.0159375,0.000323438
8.5480e-02,-0.0228125,-5.96875e-05
8.5490e-02,-0.0229687,-0.000128125
8.5500e-02,-0.00796875,-2.25e-05
8.5510e-02,-0.0075,-1.78125e-05
8.5520e-02,-0.0178125,-0.000248438
8.5530e-02,-0.00671875,-0.000585938
8.5540e-02,-0.0290625,0.000717813
8.5550e-02,-0.0228125,0.00108563
8.5560e-02,-0.0164063,0.00013
8.5570e-02,-0.0195312,9.9375e-05
8.5580e-02,-0.016875,-0.000222813
8.5590e-02,-0.0021875,-0.000328438
8.5600e-02,-0.0176563,-0.00017375
8.5610e-02,-0.02,4.625e-05
8.5620e-02,-0.024375,0.000331563
8.5630e-02,-0.0151562,4.75e-05
8.5640e-02,-0.0195312,-0.000244688
8.5650e-02,-0.0239063,0.000143125
8.5660e-02,-0.0107813,0.000304375
8.5670e-02,-0.0165625,0.000381563
8.5680e-02,-0.0125,0.000558125
8.5690e-02,-0.0273438,-0.00010125
8.5700e-02,-0.0220313,-0.0002425
8.5710e-02,-0.02125,-0.000801875
8.5720e-02,-0.0135937,-0.0001875
8.5730e-02,-0.0196875,-0.000160313
8.5740e-02,-0.025,-0.000575625
8.5750e-02,-0.0254688,-0.000199375
8.5760e-02,-0.0210938,5.65625e-05
8.5770e-02,-0.0254688,-0.000735938
8.5780e-02,-0.0278125,-0.000770625
8.5790e-02,-0.0159375,-0.000787813
8.5800e-02,-0.0242188,0.000390625
8.5810e-02,-0.03125,0.000319375
8.5820e-02,-0.0182812,0.00049875
8.5830e-02,-0.018125,0.000155625
8.5840e-02,-0.0326562,-0.000675938
8.5850e-02,-0.0226562,-0.000654375
8.5860e-02,-0.0321875,-0.000239375
8.5870e-02,-0.0282813,0.000899688
8.5880e-02,-0.0254688,0.00021375
8.5890e-02,-0.0289063,0.000236875
8.5900e-02,-0.0195312,-0.000126875
8.5910e-02,-0.0276563,0.000154688
8.5920e-02,-0.0195312,-0.000244688
8.5930e-02,-0.025625,-0.000459688
8.5940e-02,-0.0140625,0.000102188
8.5950e-02,-0.02375,-0.000175625
8.5960e-02,-0.0403125,-0.0001975
8.5970e-02,-0.021875,-0.000422813
8.5980e-02,-0.0276563,-0.0011
8.5990e-02,-0.030625,-0.000165313
8.6000e-02,-0.0220313,6.8125e-05
8.6010e-02,-0.0303125,0.000306563
8.6020e-02,-0.0190625,0.000119688
8.6030e-02,-0.0323438,3.53125e-05
8.6040e-02,-0.02375,3.125e-06
8.6050e-02,-0.0289063,-0.000224063
8.6060e-02,-0.0282813,0.000350313
8.6070e-02,-0.0276563,0.000662188
8.6080e-02,-0.0223437,0.000301875
8.6090e-02,-0.034375,-0.000126875
8.6100e-02,-0.0354688,0.0003575
8.6110e-02,-0.02375,6.5625e-05
8.6120e-02,-0.02125,0.000265625
8.6130e-02,-0.0207813,0.000365625
8.6140e-02,-0.020625,0.000494688
8.6150e-02,-0.0265625,0.000175
8.6160e-02,-0.025625,-7.0625e-05
8.6170e-02,-0.0265625,-0.000224063
8.6180e-02,-0.0210938,0.000244375
8.6190e-02,-0.0295313,-0.0003725
8.6200e-02,-0.033125,7.34375e-05
8.6210e-02,-0.0290625,-0.000479063
8.6220e-02,-0.035,-0.000207813
8.6230e-02,-0.0373438,-0.000190938
8.6240e-02,-0.0260937,-0.000119688
8.6250e-02,-0.034375,0.000810625
8.6260e-02,-0.0320312,0.000466563
8.6270e-02,-0.028125,0.0003175
8.6280e-02,-0.0209375,0.0005875
8.6290e-02,-0.0367188,0.000429375
8.6300e-02,-0.0234375,0.000461875
8.6310e-02,-0.0267187,0.00027375
8.6320e-02,-0.026875,-0.000447188
8.6330e-02,-0.0292188,6.3125e-05
8.6340e-02,-0.0182812,4.375e-06
8.6350e-02,-0.02,-0.00025125
8.6360e-02,-0.0332812,-3.1875e-05
8.6370e-02,-0.0196875,-3.8125e-05
8.6380e-02,-0.0304688,7.9375e-05
8.6390e-02,-0.0201563,0.000164688
8.6400e-02,-0.0223437,-0.000595313
8.6410e-02,-0.0390625,-0.00032125
8.6420e-02,-0.038125,-0.000285
8.6430e-02,-0.0264062,-0.000134063
8.6440e-02,-0.0185937,-0.000206563
8.6450e-02,-0.0225,6.21875e-05
8.6460e-02,-0.0310937,7e-05
8.6470e-02,-0.0279688,-8.84375e-05
8.6480e-02,-0.0314062,-1.40625e-05
8.6490e-02,-0.0325,-0.000115
8.6500e-02,-0.039375,0.000156875
8.6510e-02,-0.0279688,-0.000222188
8.6520e-02,-0.0315625,0.000227188
8.6530e-02,-0.0328125,6.125e-05
8.6540e-02,-0.0420312,0.000252188
8.6550e-02,-0.029375,0.000301875
8.6560e-02,-0.0160938,0.000222813
8.6570e-02,-0.0223437,-0.000218125
8.6580e-02,-0.02,-1.6875e-05
8.6590e-02,-0.0339062,-0.000140625
8.6600e-02,-0.0248438,-0.000391875
8.6610e-02,-0.0421875,-3.125e-07
8.6620e-02,-0.0239063,0.000296563
8.6630e-02,-0.0320312,1.03125e-05
8.6640e-02,-0.0251563,0.000391875
8.6650e-02,-0.030625,0.000360938
8.6660e-02,-0.0298438,-7.34375e-05
8.6670e-02,-0.0179687,-7.09375e-05
8.6680e-02,-0.0340625,0.0003025
8.6690e-02,-0.0295313,0.000684688
8.6700e-02,-0.0271875,0.00041
8.6710e-02,-0.0385937,0.000419688
8.6720e-02,-0.0307813,0.000802813
8.6730e-02,-0.0279688,0.00107281
8.6740e-02,-0.0267187,-4.4375e-05
8.6750e-02,-0.0276563,-2.8125e-06
8.6760e-02,-0.0482812,0.000330625
8.6770e-02,-0.0304688,-0.000217188
8.6780e-02,-0.0282813,-0.000125938
8.6790e-02,-0.03375,9.71875e-05
8.6800e-02,-0.0275,0.000130938
8.6810e-02,-0.0278125,-0.00018375
8.6820e-02,-0.029375,-0.00078125
8.6830e-02,-0.020625,0.00019125
8.6840e-02,-0.03875,-0.000540625
8.6850e-02,-0.0410937,0.000281875
8.6860e-02,-0.038125,0.000278438
8.6870e-02,-0.0190625,0.0001125
8.6880e-02,-0.0196875,0.000509375
8.6890e-02,-0.0354688,0.00055625
8.6900e-02,-0.0290625,0.000214063
8.6910e-02,-0.0404687,5.15625e-05
8.6920e-02,-0.0278125,0.000331563
8.6930e-02,-0.0259375,0.000227188
8.6940e-02,-0.035625,0.00032625
8.6950e-02,-0.0320312,0.0003
8.6960e-02,-0.03625,0.000535
8.6970e-02,-0.026875,0.000267188
8.6980e-02,-0.0346875,0.00023125
8.6990e-02,-0.0351562,-0.000266563
8.7000e-02,-0.0326562,0.000136875
8.7010e-02,-0.040625,-0.00027
8.7020e-02,-0.0164063,-0.000175625
8.7030e-02,-0.0329688,0.0002825
8.7040e-02,-0.0365625,-0.000135313
8.7050e-02,-0.0371875,0.000553125
8.7060e-02,-0.02875,0.000129688
8.7070e-02,-0.0295313,0.000299375
8.7080e-02,-0.0379688,-0.000181563
8.7090e-02,-0.0184375,-0.000467813
8.7100e-02,-0.0367188,-1.625e-05
8.7110e-02,-0.0376563,0.000265313
8.7120e-02,-0.030625,0.000276875
8.7130e-02,-0.0371875,0.000535
8.7140e-02,-0.0257812,-0.000121875
8.7150e-02,-0.031875,-0.000431563
8.7160e-02,-0.0367188,-9.34375e-05
8.7170e-02,-0.035,2.03125e-05
8.7180e-02,-0.0271875,0.000551875
8.7190e-02,-0.0346875,0.000230313
8.7200e-02,-0.0404687,0.000585938
8.7210e-02,-0.0384375,-0.000225
8.7220e-02,-0.0342187,-0.000122188
8.7230e-02,-0.0370313,0.0006175
8.7240e-02,-0.0225,0.00015875
8.7250e-02,-0.031875,0.00029625
8.7260e-02,-0.0440625,0.000199375
8.7270e-02,-0.0429688,9.1875e-05
8.7280e-02,-0.0260937,-0.0008075
8.7290e-02,-0.0278125,-0.000620938
8.7300e-02,-0.0273438,8.0625e-05
8.7310e-02,-0.0326562,0.000141875
8.7320e-02,-0.0235938,0.000368125
8.7330e-02,-0.0421875,-0.000202813
8.7340e-02,-0.0229687,0.00015
8.7350e-02,-0.0409375,-0.000760625
8.7360e-02,-0.0307813,-0.000696875
8.7370e-02,-0.0354688,-0.000200938
8.7380e-02,-0.0384375,0.000343438
8.7390e-02,-0.04,0.000289063
8.7400e-02,-0.040625,2e-05
8.7410e-02,-0.0440625,0.00030375
8.7420e-02,-0.0264062,-0.000224375
8.7430e-02,-0.0332812,0.000489375
8.7440e-02,-0.0320312,0.000496875
8.7450e-02,-0.0417187,0.000278438
8.7460e-02,-0.0340625,0.000696563
8.7470e-02,-0.0360938,0.000509688
8.7480e-02,-0.0429688,-0.000366875
8.7490e-02,-0.0409375,3.03125e-05
8.7500e-02,-0.0340625,-0.000272188
8.7510e-02,-0.0385937,-0.00054875
8.7520e-02,-0.0295313,0.000325625
8.7530e-02,-0.03375,-0.00024625
8.7540e-02,-0.0259375,-0.00136594
8.7550e-02,-0.0325,-0.000757813
8.7560e-02,-0.0334375,-0.000663125
8.7570e-02,-0.0365625,0.000436563
8.7580e-02,-0.028125,0.000486563
8.7590e-02,-0.03375,5.1875e-05
8.7600e-02,-0.0282813,-0.000312188
8.7610e-02,-0.0460938,-0.000629375
8.7620e-02,-0.0265625,-0.000391875
8.7630e-02,-0.0301563,0.000304375
8.7640e-02,-0.031875,9.75e-05
8.7650e-02,-0.031875,0.000330625
8.7660e-02,-0.0507812,0.000109375
8.7670e-02,-0.026875,0.0003425
8.7680e-02,-0.0321875,-0.000355938
8.7690e-02,-0.0382813,0.000247188
8.7700e-02,-0.0342187,0.000510313
8.7710e-02,-0.0378125,0.00060125
8.7720e-02,-0.0482812,4.5e-05
8.7730e-02,-0.0440625,-0.000321875
8.7740e-02,-0.0301563,-0.000345938
8.7750e-02,-0.0404687,-0.000477813
8.7760e-02,-0.0465625,-0.0002975
8.7770e-02,-0.0359375,0.000144688
8.7780e-02,-0.0370313,0.000221875
8.7790e-02,-0.0359375,-0.000141875
8.7800e-02,-0.0328125,-0.000205313
8.7810e-02,-0.03875,-0.000652188
8.7820e-02,-0.0320312,-0.000245938
8.7830e-02,-0.0354688,0.000767188
8.7840e-02,-0.0442188,0.000723438
8.7850e-02,-0.030625,0.000535313
8.7860e-02,-0.0375,-0.000167813
8.7870e-02,-0.0378125,-0.00065625
8.7880e-02,-0.0332812,-0.000671875
8.7890e-02,-0.0359375,-0.0005125
8.7900e-02,-0.0359375,0.0005125
8.7910e-02,-0.039375,0.00070625
8.7920e-02,-0.0395313,0.000360313
8.7930e-02,-0.039375,-0.000295625
8.7940e-02,-0.05,-0.000175
8.7950e-02,-0.0329688,-4.46875e-05
8.7960e-02,-0.0435938,0.00029125
8.7970e-02,-0.0428125,0.00055875
8.7980e-02,-0.0445313,1.59375e-05
8.7990e-02,-0.0429688,0.000384063
8.8000e-02,-0.03,-0.000590938
8.8010e-02,-0.036875,-0.00031125
8.8020e-02,-0.0346875,-4.625e-05
8.8030e-02,-0.0384375,0.000587813
8.8040e-02,-0.0351562,0.000646563
8.8050e-02,-0.0317188,7.9375e-05
8.8060e-02,-0.0425,-0.000702188
8.8070e-02,-0.0342187,-0.00151906
8.8080e-02,-0.0473438,-0.00103625
8.8090e-02,-0.03375,-3.8125e-05
8.8100e-02,-0.0454688,0.000744063
8.8110e-02,-0.0360938,0.00079125
8.8120e-02,-0.0401563,3.34375e-05
8.8130e-02,-0.0507812,-0.000472813
8.8140e-02,-0.0329688,-0.000500938
8.8150e-02,-0.0428125,0.000455
8.8160e-02,-0.0414063,0.00133438
8.8170e-02,-0.040625,0.00123656
8.8180e-02,-0.0282813,0.000678438
8.8190e-02,-0.0365625,-0.000844688
8.8200e-02,-0.0407813,-0.00101438
8.8210e-02,-0.023125,-0.000407188
8.8220e-02,-0.0326562,0.00106
8.8230e-02,-0.0389063,0.00177813
8.8240e-02,-0.0470312,0.000910625
8.8250e-02,-0.0351562,-0.00129125
8.8260e-02,-0.0407813,-0.00171344
8.8270e-02,-0.040625,-0.00137375
8.8280e-02,-0.0329688,0.00022875
8.8290e-02,-0.0351562,0.00227938
8.8300e-02,-0.0317188,0.00200313
8.8310e-02,-0.0467188,0.00076
8.8320e-02,-0.0365625,-0.00157094
8.8330e-02,-0.044375,-0.00190781
8.8340e-02,-0.035625,-0.000544063
8.8350e-02,-0.0421875,0.00237156
8.8360e-02,-0.0385937,0.00349188
8.8370e-02,-0.0342187,0.00185406
8.8380e-02,-0.039375,-0.00102125
8.8390e-02,-0.0410937,-0.00294531
8.8400e-02,-0.0204688,-0.00244531
8.8410e-02,-0.0364063,0.0001425
8.8420e-02,-0.04125,0.00347375
8.8430e-02,-0.0440625,0.00388563
8.8440e-02,-0.0446875,0.00119875
8.8450e-02,-0.0457813,-0.00198438
8.8460e-02,-0.0398437,-0.00338
8.8470e-02,-0.0282813,-0.00163281
8.8480e-02,-0.0276563,0.00134719
8.8490e-02,-0.0525,0.00356813
8.8500e-02,-0.0404687,0.0026025
8.8510e-02,-0.0359375,-0.000161563
8.8520e-02,-0.0332812,-0.00279875
8.8530e-02,-0.043125,-0.00319438
8.8540e-02,-0.03625,3.78125e-05
8.8550e-02,-0.0364063,0.00315906
8.8560e-02,-0.039375,0.00317344
8.8570e-02,-0.0451563,0.00145688
8.8580e-02,-0.03,-0.00104406
8.8590e-02,-0.0484375,-0.00351656
8.8600e-02,-0.0482812,-0.00223375
8.8610e-02,-0.0373438,0.000554063
8.8620e-02,-0.031875,0.00248813
8.8630e-02,-0.0409375,0.00274719
8.8640e-02,-0.038125,0.000779688
8.8650e-02,-0.0345312,-0.0016625
8.8660e-02,-0.039375,-0.00171781
8.8670e-02,-0.035625,-0.000415313
8.8680e-02,-0.0446875,0.00210125
8.8690e-02,-0.0467188,0.00248719
8.8700e-02,-0.0471875,0.00177375
8.8710e-02,-0.04125,-0.000533125
8.8720e-02,-0.043125,-0.00258938
8.8730e-02,-0.045625,-0.00227469
8.8740e-02,-0.0415625,0.00059375
8.8750e-02,-0.0470312,0.00207125
8.8760e-02,-0.0370313,0.00215156
8.8770e-02,-0.03125,0.00064375
8.8780e-02,-0.0439063,-0.00113688
8.8790e-02,-0.0571875,-0.00113781
8.8800e-02,-0.0407813,-0.000536875
8.8810e-02,-0.0445313,0.0004725
8.8820e-02,-0.0457813,0.00110938
8.8830e-02,-0.0340625,0.000563438
8.8840e-02,-0.0365625,-0.000322188
8.8850e-02,-0.045,-0.00088125
8.8860e-02,-0.036875,-0.000863438
8.8870e-02,-0.0342187,0.00033625
8.8880e-02,-0.0314062,0.00128219
8.8890e-02,-0.0415625,0.00117688
8.8900e-02,-0.0404687,0.000142188
8.8910e-02,-0.04875,-0.000560625
8.8920e-02,-0.0535937,-0.000875313
8.8930e-02,-0.036875,2.9375e-05
8.8940e-02,-0.03125,0.00070375
8.8950e-02,-0.0446875,0.000180625
8.8960e-02,-0.0342187,0.000180625
8.8970e-02,-0.0489062,-0.000929063
8.8980e-02,-0.0409375,-0.000896563
8.8990e-02,-0.0451563,-0.000895938
8.9000e-02,-0.0515625,0.000665
8.9010e-02,-0.0453125,0.000564688
8.9020e-02,-0.0348437,0.00114
8.9030e-02,-0.0517188,-0.000314375
8.9040e-02,-0.0435938,-0.000545625
8.9050e-02,-0.0392187,-0.000344375
8.9060e-02,-0.0467188,0.000544688
8.9070e-02,-0.0464062,0.00141375
8.9080e-02,-0.0446875,0.00086375
8.9090e-02,-0.0470312,0.00021875
8.9100e-02,-0.0446875,-1.5625e-05
8.9110e-02,-0.0410937,-0.000318125
8.9120e-02,-0.0490625,-0.000339688
8.9130e-02,-0.0492188,0.000320938
8.9140e-02,-0.0335937,0.000396563
8.9150e-02,-0.0421875,0.00063
8.9160e-02,-0.0310937,5.46875e-05
8.9170e-02,-0.0385937,-0.00106563
8.9180e-02,-0.0473438,0.000214063
8.9190e-02,-0.0482812,0.000278438
8.9200e-02,-0.0421875,0.00102125
8.9210e-02,-0.0379688,0.000771875
8.9220e-02,-0.0475,0.000239375
8.9230e-02,-0.0414063,-0.000134375
8.9240e-02,-0.0392187,-0.000225313
8.9250e-02,-0.035625,-0.000260313
8.9260e-02,-0.0373438,0.000489687
8.9270e-02,-0.0628125,0.000429063
8.9280e-02,-0.0403125,-0.000121563
8.9290e-02,-0.05,-7.75e-05
8.9300e-02,-0.0334375,6.8125e-05
8.9310e-02,-0.0509375,0.000380625
8.9320e-02,-0.0360938,0.000214688
8.9330e-02,-0.0423437,0.000102813
8.9340e-02,-0.0417187,0.000203125
8.9350e-02,-0.0520313,0.000427813
8.9360e-02,-0.0373438,0.000425625
8.9370e-02,-0.044375,0.000213125
8.9380e-02,-0.0426562,6e-05
8.9390e-02,-0.0357813,2.78125e-05
8.9400e-02,-0.0353125,-9.375e-06
8.9410e-02,-0.0521875,0.000717813
8.9420e-02,-0.0389063,0.0006475
8.9430e-02,-0.0420312,0.000556563
8.9440e-02,-0.0345312,7.78125e-05
8.9450e-02,-0.0457813,-0.000324375
8.9460e-02,-0.041875,0.000104375
8.9470e-02,-0.05,-0.000262813
8.9480e-02,-0.0448438,-0.000767188
8.9490e-02,-0.0432813,0.000317813
8.9500e-02,-0.0479688,-0.000484375
8.9510e-02,-0.0395313,-0.000875
8.9520e-02,-0.0292188,-0.000244688
8.9530e-02,-0.0479688,0.000491875
8.9540e-02,-0.048125,0.000375625
8.9550e-02,-0.0403125,4.0625e-05
8.9560e-02,-0.0459375,-6.25e-06
8.9570e-02,-0.0451563,-0.00032375
8.9580e-02,-0.0359375,-0.000420313
8.9590e-02,-0.05,-0.00047625
8.9600e-02,-0.0507812,0.000425
8.9610e-02,-0.0414063,0.000452813
8.9620e-02,-0.0417187,0.000634375
8.9630e-02,-0.03625,-6.96875e-05
8.9640e-02,-0.030625,-0.000704063
8.9650e-02,-0.0560937,8.0625e-05
8.9660e-02,-0.0454688,0.000446563
8.9670e-02,-0.0448438,-0.000659063
8.9680e-02,-0.0385937,0.000125313
8.9690e-02,-0.0409375,0.000263125
8.9700e-02,-0.045625,-0.000550937
8.9710e-02,-0.049375,-0.000830625
8.9720e-02,-0.0498438,-0.000474063
8.9730e-02,-0.04375,0.0007475
8.9740e-02,-0.0475,-4.59375e-05
8.9750e-02,-0.0348437,-0.000485625
8.9760e-02,-0.0401563,0.000148125

