Model,MDO4054-3
Firmware Version,2.20

Waveform Type,ANALOG,
Point Format,Y,
Horizontal Units,s,
Horizontal Scale,0.01,
Horizontal Delay,0.03977,
Sample Interval,1e-05,
Record Length,10000,
Gating,0.0% to 100.0%,
Probe Attenuation,1,
Vertical Units,V,
Vertical Offset,0,
Vertical Scale,1,
Vertical Position,0.02,
,,
,,
,,
Label,,
TIME,CH1,CH2
-1.0230e-02,-0.0514063,-0.00125781
-1.0220e-02,-0.0578125,-0.00147906
-1.0210e-02,-0.0471875,-0.00226063
-1.0200e-02,-0.0521875,-0.00162594
-1.0190e-02,-0.05625,-0.00193188
-1.0180e-02,-0.0532813,-0.00175625
-1.0170e-02,-0.0620312,-0.0015525
-1.0160e-02,-0.05375,-0.00189531
-1.0150e-02,-0.049375,-0.00199031
-1.0140e-02,-0.0557813,-0.00148281
-1.0130e-02,-0.0629688,-0.0016
-1.0120e-02,-0.053125,-0.00170406
-1.0110e-02,-0.0384375,-0.0014825
-1.0100e-02,-0.055625,-0.00209531
-1.0090e-02,-0.0621875,-0.00191281
-1.0080e-02,-0.0551563,-0.00191906
-1.0070e-02,-0.0546875,-0.00102375
-1.0060e-02,-0.0445313,-0.00176563
-1.0050e-02,-0.050625,-0.00142531
-1.0040e-02,-0.0629688,-0.000719063
-1.0030e-02,-0.0390625,-0.00165125
-1.0020e-02,-0.0503125,-0.00216531
-1.0010e-02,-0.0610938,-0.00180281
-1.0000e-02,-0.0526563,-0.0027275
-9.9900e-03,-0.0509375,-0.00138594
-9.9800e-03,-0.0539063,-0.0009125
-9.9700e-03,-0.0628125,-0.00160563
-9.9600e-03,-0.0604688,-0.00118094
-9.9500e-03,-0.0440625,-0.00142031
-9.9400e-03,-0.0565625,-0.000479688
-9.9300e-03,-0.0545313,-0.00139281
-9.9200e-03,-0.0454688,-0.0016475
-9.9100e-03,-0.0589063,-0.00163031
-9.9000e-03,-0.0517188,-0.00155188
-9.8900e-03,-0.0489062,-0.00173844
-9.8800e-03,-0.0495312,-0.00174656
-9.8700e-03,-0.0590625,-0.001545
-9.8600e-03,-0.0385937,-0.00174281
-9.8500e-03,-0.0453125,-0.00148344
-9.8400e-03,-0.0495312,-0.00180625
-9.8300e-03,-0.0570313,-0.00145156
-9.8200e-03,-0.05,-0.000749063
-9.8100e-03,-0.058125,-0.00161656
-9.8000e-03,-0.06375,-0.00249531
-9.7900e-03,-0.0534375,-0.00154875
-9.7800e-03,-0.0435938,-0.00178
-9.7700e-03,-0.0535937,-0.00208688
-9.7600e-03,-0.0553125,-0.00183781
-9.7500e-03,-0.0589063,-0.00147219
-9.7400e-03,-0.0471875,-0.0018725
-9.7300e-03,-0.0473438,-0.0015275
-9.7200e-03,-0.0640625,-0.00108844
-9.7100e-03,-0.0620312,-0.00112594
-9.7000e-03,-0.0542187,-0.000891875
-9.6900e-03,-0.0503125,-0.00143906
-9.6800e-03,-0.051875,-0.00145875
-9.6700e-03,-0.0485938,-0.00154188
-9.6600e-03,-0.05,-0.00103563
-9.6500e-03,-0.0515625,-0.00173313
-9.6400e-03,-0.0514063,-0.00168656
-9.6300e-03,-0.0554687,-0.00147688
-9.6200e-03,-0.05875,-0.00101656
-9.6100e-03,-0.0604688,-0.00141844
-9.6000e-03,-0.0464062,-0.00152875
-9.5900e-03,-0.0535937,-0.00184594
-9.5800e-03,-0.0464062,-0.00160938
-9.5700e-03,-0.0570313,-0.0018125
-9.5600e-03,-0.0528125,-0.0016525
-9.5500e-03,-0.0517188,-0.00116531
-9.5400e-03,-0.0542187,-0.00145344
-9.5300e-03,-0.06,-0.00162531
-9.5200e-03,-0.051875,-0.00149406
-9.5100e-03,-0.050625,-0.00158969
-9.5000e-03,-0.0567187,-0.00181344
-9.4900e-03,-0.0646875,-0.00153906
-9.4800e-03,-0.0503125,-0.00154563
-9.4700e-03,-0.046875,-0.00117375
-9.4600e-03,-0.0546875,-0.00184406
-9.4500e-03,-0.0598438,-0.00158906
-9.4400e-03,-0.0407813,-0.00194375
-9.4300e-03,-0.0471875,-0.00105188
-9.4200e-03,-0.0515625,-0.00179563
-9.4100e-03,-0.055625,-0.00146656
-9.4000e-03,-0.056875,-0.00148906
-9.3900e-03,-0.0590625,-0.001325
-9.3800e-03,-0.0607812,-0.0018025
-9.3700e-03,-0.048125,-0.00190438
-9.3600e-03,-0.0567187,-0.00130344
-9.3500e-03,-0.0573437,-0.00116844
-9.3400e-03,-0.0582813,-0.00172125
-9.3300e-03,-0.04625,-0.000874375
-9.3200e-03,-0.05,-0.00147938
-9.3100e-03,-0.05375,-0.000957813
-9.3000e-03,-0.0548437,-0.00134688
-9.2900e-03,-0.0509375,-0.00087625
-9.2800e-03,-0.0290625,-0.00071125
-9.2700e-03,-0.0514063,-0.00096875
-9.2600e-03,-0.0557813,-0.00173531
-9.2500e-03,-0.040625,-0.00182781
-9.2400e-03,-0.0510938,-0.00138625
-9.2300e-03,-0.05,-0.00183344
-9.2200e-03,-0.0439063,-0.00134469
-9.2100e-03,-0.0582813,-0.0011075
-9.2000e-03,-0.0548437,-0.0017225
-9.1900e-03,-0.054375,-0.00169313
-9.1800e-03,-0.0559375,-0.00178531
-9.1700e-03,-0.05375,-0.00163219
-9.1600e-03,-0.04625,-0.00151688
-9.1500e-03,-0.055,-0.00107438
-9.1400e-03,-0.0585938,-0.00124875
-9.1300e-03,-0.0582813,-0.000724375
-9.1200e-03,-0.0590625,-0.00140219
-9.1100e-03,-0.0485938,-0.00125219
-9.1000e-03,-0.0673438,-0.00136563
-9.0900e-03,-0.0607812,-0.00204594
-9.0800e-03,-0.0542187,-0.00156813
-9.0700e-03,-0.0579687,-0.0015075
-9.0600e-03,-0.0573437,-0.000888125
-9.0500e-03,-0.0492188,-0.00146875
-9.0400e-03,-0.0565625,-0.00218375
-9.0300e-03,-0.0560937,-0.00174813
-9.0200e-03,-0.0501562,-0.00220219
-9.0100e-03,-0.0639062,-0.00135281
-9.0000e-03,-0.048125,-0.0015575
-8.9900e-03,-0.0503125,-0.000585625
-8.9800e-03,-0.0526563,-0.00135
-8.9700e-03,-0.0453125,-0.00170281
-8.9600e-03,-0.0548437,-0.0006925
-8.9500e-03,-0.0545313,-0.00169719
-8.9400e-03,-0.0545313,-0.00139344
-8.9300e-03,-0.0495312,-0.00145188
-8.9200e-03,-0.0571875,-0.00139438
-8.9100e-03,-0.0485938,-0.00138688
-8.9000e-03,-0.0440625,-0.00212719
-8.8900e-03,-0.0498438,-0.00135313
-8.8800e-03,-0.0476562,-0.00143375
-8.8700e-03,-0.05375,-0.00201719
-8.8600e-03,-0.0539063,-0.00183313
-8.8500e-03,-0.0607812,-0.00182156
-8.8400e-03,-0.0635938,-0.000605625
-8.8300e-03,-0.0560937,-0.00120188
-8.8200e-03,-0.0457813,-0.00103219
-8.8100e-03,-0.061875,-0.00154969
-8.8000e-03,-0.0501562,-0.000971563
-8.7900e-03,-0.0515625,-0.00151625
-8.7800e-03,-0.05625,-0.0021175
-8.7700e-03,-0.0584375,-0.0020075
-8.7600e-03,-0.0503125,-0.00126906
-8.7500e-03,-0.0496875,-0.00163438
-8.7400e-03,-0.0460938,-0.00138594
-8.7300e-03,-0.0517188,-0.00152938
-8.7200e-03,-0.05875,-0.00119656
-8.7100e-03,-0.0623438,-0.00177
-8.7000e-03,-0.0428125,-0.00251094
-8.6900e-03,-0.054375,-0.001915
-8.6800e-03,-0.0465625,-0.00128938
-8.6700e-03,-0.0542187,-0.00189156
-8.6600e-03,-0.0614062,-0.00183688
-8.6500e-03,-0.0545313,-0.00112656
-8.6400e-03,-0.05625,-0.00172344
-8.6300e-03,-0.0567187,-0.00155594
-8.6200e-03,-0.055,-0.00140313
-8.6100e-03,-0.05375,-0.00134875
-8.6000e-03,-0.0528125,-0.00166063
-8.5900e-03,-0.0570313,-0.00187719
-8.5800e-03,-0.0517188,-0.001175
-8.5700e-03,-0.0534375,-0.00138094
-8.5600e-03,-0.0440625,-0.00160156
-8.5500e-03,-0.0529687,-0.00214656
-8.5400e-03,-0.045,-0.0011325
-8.5300e-03,-0.0579687,-0.00156406
-8.5200e-03,-0.0509375,-0.00163781
-8.5100e-03,-0.0376563,-0.0015975
-8.5000e-03,-0.0610938,-0.00172188
-8.4900e-03,-0.0570313,-0.00186281
-8.4800e-03,-0.0589063,-0.00215125
-8.4700e-03,-0.0540625,-0.00143969
-8.4600e-03,-0.0564063,-0.00199469
-8.4500e-03,-0.0532813,-0.00168469
-8.4400e-03,-0.0634375,-0.00159219
-8.4300e-03,-0.056875,-0.0008275
-8.4200e-03,-0.0573437,-0.00105
-8.4100e-03,-0.04375,-0.00182344
-8.4000e-03,-0.0573437,-0.00129125
-8.3900e-03,-0.0615625,-0.00135
-8.3800e-03,-0.05375,-0.00195656
-8.3700e-03,-0.0604688,-0.00155313
-8.3600e-03,-0.0467188,-0.00144063
-8.3500e-03,-0.051875,-0.00201438
-8.3400e-03,-0.063125,-0.00186
-8.3300e-03,-0.0540625,-0.0017225
-8.3200e-03,-0.0620312,-0.00157906
-8.3100e-03,-0.0426562,-0.00115188
-8.3000e-03,-0.0548437,-0.00144281
-8.2900e-03,-0.0575,-0.00157563
-8.2800e-03,-0.0535937,-0.00116594
-8.2700e-03,-0.0634375,-0.00123438
-8.2600e-03,-0.0551563,-0.00199469
-8.2500e-03,-0.0453125,-0.00182906
-8.2400e-03,-0.0467188,-0.00162438
-8.2300e-03,-0.0573437,-0.0019375
-8.2200e-03,-0.0534375,-0.00180969
-8.2100e-03,-0.0517188,-0.00176531
-8.2000e-03,-0.0546875,-0.00147156
-8.1900e-03,-0.041875,-0.00171438
-8.1800e-03,-0.0535937,-0.0011425
-8.1700e-03,-0.0532813,-0.0015725
-8.1600e-03,-0.0582813,-0.00167375
-8.1500e-03,-0.0534375,-0.00200438
-8.1400e-03,-0.0592188,-0.00151125
-8.1300e-03,-0.0507812,-0.00214125
-8.1200e-03,-0.0442188,-0.001145
-8.1100e-03,-0.0609375,-0.00151594
-8.1000e-03,-0.0532813,-0.0014375
-8.0900e-03,-0.0503125,-0.00198094
-8.0800e-03,-0.05375,-0.00146938
-8.0700e-03,-0.0398437,-0.000684688
-8.0600e-03,-0.0515625,-0.0014975
-8.0500e-03,-0.0440625,-0.00137688
-8.0400e-03,-0.0515625,-0.00180281
-8.0300e-03,-0.0515625,-0.00135188
-8.0200e-03,-0.045625,-0.00186844
-8.0100e-03,-0.0604688,-0.00184625
-8.0000e-03,-0.050625,-0.000719688
-7.9900e-03,-0.0535937,-0.00104906
-7.9800e-03,-0.0440625,-0.00146938
-7.9700e-03,-0.0528125,-0.00190844
-7.9600e-03,-0.05875,-0.001755
-7.9500e-03,-0.0546875,-0.00111
-7.9400e-03,-0.0540625,-0.0020875
-7.9300e-03,-0.0539063,-0.00138031
-7.9200e-03,-0.0540625,-0.00196406
-7.9100e-03,-0.0557813,-0.000930313
-7.9000e-03,-0.05625,-0.001505
-7.8900e-03,-0.0584375,-0.00158719
-7.8800e-03,-0.04875,-0.00160094
-7.8700e-03,-0.0551563,-0.00172781
-7.8600e-03,-0.0542187,-0.000776563
-7.8500e-03,-0.0553125,-0.00129094
-7.8400e-03,-0.0534375,-0.00102156
-7.8300e-03,-0.044375,-0.00111438
-7.8200e-03,-0.0376563,-0.00201031
-7.8100e-03,-0.054375,-0.00138094
-7.8000e-03,-0.056875,-0.00170031
-7.7900e-03,-0.0454688,-0.00118625
-7.7800e-03,-0.055,-0.000741875
-7.7700e-03,-0.05,-0.00176875
-7.7600e-03,-0.0665625,-0.00171188
-7.7500e-03,-0.0540625,-0.00156344
-7.7400e-03,-0.0534375,-0.00136594
-7.7300e-03,-0.0496875,-0.00141563
-7.7200e-03,-0.0564063,-0.00221688
-7.7100e-03,-0.05625,-0.00192219
-7.7000e-03,-0.0465625,-0.00214813
-7.6900e-03,-0.0535937,-0.00134281
-7.6800e-03,-0.0540625,-0.0014025
-7.6700e-03,-0.0584375,-0.00214469
-7.6600e-03,-0.0553125,-0.000754063
-7.6500e-03,-0.0575,-0.00179656
-7.6400e-03,-0.0382813,-0.00128156
-7.6300e-03,-0.0457813,-0.00172625
-7.6200e-03,-0.0510938,-0.00213031
-7.6100e-03,-0.0567187,-0.00130656
-7.6000e-03,-0.0534375,-0.00224781
-7.5900e-03,-0.0448438,-0.00125531
-7.5800e-03,-0.059375,-0.00146156
-7.5700e-03,-0.0564063,-0.00212781
-7.5600e-03,-0.05625,-0.001075
-7.5500e-03,-0.0553125,-0.00185656
-7.5400e-03,-0.0551563,-0.00116188
-7.5300e-03,-0.0553125,-0.00150375
-7.5200e-03,-0.0407813,-0.00202594
-7.5100e-03,-0.0567187,-0.00157125
-7.5000e-03,-0.0557813,-0.0012225
-7.4900e-03,-0.0576563,-0.00126563
-7.4800e-03,-0.0484375,-0.00166031
-7.4700e-03,-0.0504687,-0.00176813
-7.4600e-03,-0.0478125,-0.0018625
-7.4500e-03,-0.0629688,-0.0009975
-7.4400e-03,-0.0604688,-0.00124094
-7.4300e-03,-0.0559375,-0.001975
-7.4200e-03,-0.0520313,-0.00189063
-7.4100e-03,-0.0414063,-0.00165156
-7.4000e-03,-0.0448438,-0.00194188
-7.3900e-03,-0.0478125,-0.00110313
-7.3800e-03,-0.0504687,-0.00147563
-7.3700e-03,-0.0604688,-0.000856875
-7.3600e-03,-0.0584375,-0.00171375
-7.3500e-03,-0.0578125,-0.00149688
-7.3400e-03,-0.0601562,-0.00188375
-7.3300e-03,-0.0529687,-0.00126156
-7.3200e-03,-0.0640625,-0.00136406
-7.3100e-03,-0.0525,-0.00155625
-7.3000e-03,-0.0492188,-0.00148719
-7.2900e-03,-0.0640625,-0.00130469
-7.2800e-03,-0.0546875,-0.00180219
-7.2700e-03,-0.0578125,-0.00157438
-7.2600e-03,-0.05375,-0.002045
-7.2500e-03,-0.065625,-0.00195563
-7.2400e-03,-0.0553125,-0.0024175
-7.2300e-03,-0.0515625,-0.000839688
-7.2200e-03,-0.0570313,-0.000502813
-7.2100e-03,-0.0570313,-0.00138563
-7.2000e-03,-0.0578125,-0.00149781
-7.1900e-03,-0.055,-0.0017275
-7.1800e-03,-0.0473438,-0.00146375
-7.1700e-03,-0.05375,-0.00144813
-7.1600e-03,-0.05625,-0.00179625
-7.1500e-03,-0.0559375,-0.00187594
-7.1400e-03,-0.0442188,-0.00184875
-7.1300e-03,-0.0514063,-0.00136906
-7.1200e-03,-0.055625,-0.00147625
-7.1100e-03,-0.0457813,-0.0014725
-7.1000e-03,-0.0645312,-0.00144031
-7.0900e-03,-0.0470312,-0.0011125
-7.0800e-03,-0.0490625,-0.00218812
-7.0700e-03,-0.0579687,-0.00161344
-7.0600e-03,-0.0484375,-0.000896563
-7.0500e-03,-0.065625,-0.00129969
-7.0400e-03,-0.0590625,-0.00151469
-7.0300e-03,-0.0589063,-0.00119219
-7.0200e-03,-0.0534375,-0.00122625
-7.0100e-03,-0.0551563,-0.00178188
-7.0000e-03,-0.0496875,-0.00129406
-6.9900e-03,-0.0390625,-0.00212094
-6.9800e-03,-0.0446875,-0.00167281
-6.9700e-03,-0.053125,-0.00224594
-6.9600e-03,-0.0540625,-0.00189938
-6.9500e-03,-0.0621875,-0.001445
-6.9400e-03,-0.0460938,-0.00171
-6.9300e-03,-0.0534375,-0.00109844
-6.9200e-03,-0.0515625,-0.00128844
-6.9100e-03,-0.0554687,-0.00165969
-6.9000e-03,-0.0475,-0.00154125
-6.8900e-03,-0.04625,-0.00213219
-6.8800e-03,-0.0471875,-0.00114031
-6.8700e-03,-0.060625,-0.00105031
-6.8600e-03,-0.0535937,-0.00216719
-6.8500e-03,-0.0476562,-0.00161438
-6.8400e-03,-0.0520313,-0.001975
-6.8300e-03,-0.0517188,-0.00137594
-6.8200e-03,-0.0421875,-0.0014775
-6.8100e-03,-0.0525,-0.00139125
-6.8000e-03,-0.0528125,-0.00197344
-6.7900e-03,-0.0492188,-0.00212813
-6.7800e-03,-0.0559375,-0.00130375
-6.7700e-03,-0.0476562,-0.00188094
-6.7600e-03,-0.0540625,-0.000581875
-6.7500e-03,-0.0682813,-0.0019
-6.7400e-03,-0.0507812,-0.00116906
-6.7300e-03,-0.0596875,-0.00102375
-6.7200e-03,-0.0478125,-0.00207656
-6.7100e-03,-0.0539063,-0.000832813
-6.7000e-03,-0.0479688,-0.00230969
-6.6900e-03,-0.0545313,-0.00196063
-6.6800e-03,-0.055,-0.00158531
-6.6700e-03,-0.0414063,-0.00172313
-6.6600e-03,-0.0603125,-0.00137219
-6.6500e-03,-0.0551563,-0.00221813
-6.6400e-03,-0.0459375,-0.000989688
-6.6300e-03,-0.0471875,-0.00154219
-6.6200e-03,-0.046875,-0.0008
-6.6100e-03,-0.0542187,-0.001995
-6.6000e-03,-0.0489062,-0.00199375
-6.5900e-03,-0.0645312,-0.000580938
-6.5800e-03,-0.0414063,-0.00203875
-6.5700e-03,-0.05625,-0.00189125
-6.5600e-03,-0.0532813,-0.00175688
-6.5500e-03,-0.0570313,-0.00189
-6.5400e-03,-0.0595313,-0.00171188
-6.5300e-03,-0.0492188,-0.00186656
-6.5200e-03,-0.06375,-0.00117781
-6.5100e-03,-0.036875,-0.00135875
-6.5000e-03,-0.060625,-0.00109688
-6.4900e-03,-0.0454688,-0.00204344
-6.4800e-03,-0.0567187,-0.00163563
-6.4700e-03,-0.050625,-0.00140625
-6.4600e-03,-0.0492188,-0.00197125
-6.4500e-03,-0.0554687,-0.00154781
-6.4400e-03,-0.046875,-0.00206344
-6.4300e-03,-0.0634375,-0.0016975
-6.4200e-03,-0.0417187,-0.000885625
-6.4100e-03,-0.0526563,-0.00162656
-6.4000e-03,-0.0598438,-0.00147156
-6.3900e-03,-0.053125,-0.00195594
-6.3800e-03,-0.049375,-0.00157031
-6.3700e-03,-0.0621875,-0.00168156
-6.3600e-03,-0.0532813,-0.00186906
-6.3500e-03,-0.0570313,-0.00180188
-6.3400e-03,-0.0529687,-0.00215469
-6.3300e-03,-0.0535937,-0.00116
-6.3200e-03,-0.0578125,-0.00177469
-6.3100e-03,-0.0521875,-0.00164625
-6.3000e-03,-0.0428125,-0.00184188
-6.2900e-03,-0.0289063,-0.0017825
-6.2800e-03,-0.0532813,-0.00123156
-6.2700e-03,-0.0546875,-0.00152031
-6.2600e-03,-0.0584375,-0.00150719
-6.2500e-03,-0.0607812,-0.00106906
-6.2400e-03,-0.0514063,-0.00171438
-6.2300e-03,-0.0546875,-0.00146313
-6.2200e-03,-0.055,-0.00185594
-6.2100e-03,-0.050625,-0.00241656
-6.2000e-03,-0.0567187,-0.00140938
-6.1900e-03,-0.0542187,-0.00115688
-6.1800e-03,-0.0534375,-0.00162594
-6.1700e-03,-0.050625,-0.00115781
-6.1600e-03,-0.0589063,-0.00183813
-6.1500e-03,-0.0607812,-0.00123781
-6.1400e-03,-0.0428125,-0.0016675
-6.1300e-03,-0.0509375,-0.00191063
-6.1200e-03,-0.0576563,-0.0019125
-6.1100e-03,-0.0626562,-0.00178563
-6.1000e-03,-0.0435938,-0.00195344
-6.0900e-03,-0.055,-0.00125969
-6.0800e-03,-0.0590625,-0.00204156
-6.0700e-03,-0.0476562,-0.00137469
-6.0600e-03,-0.0439063,-0.00196
-6.0500e-03,-0.0498438,-0.00148844
-6.0400e-03,-0.0514063,-0.00191813
-6.0300e-03,-0.05875,-0.00193344
-6.0200e-03,-0.0364063,-0.00201844
-6.0100e-03,-0.055625,-0.00150125
-6.0000e-03,-0.055,-0.00116594
-5.9900e-03,-0.0525,-0.00102844
-5.9800e-03,-0.0628125,-0.00113344
-5.9700e-03,-0.0492188,-0.00170719
-5.9600e-03,-0.0503125,-0.00150281
-5.9500e-03,-0.045,-0.00173688
-5.9400e-03,-0.0470312,-0.00152375
-5.9300e-03,-0.0498438,-0.000948125
-5.9200e-03,-0.0448438,-0.00146906
-5.9100e-03,-0.056875,-0.00107469
-5.9000e-03,-0.06125,-0.00224844
-5.8900e-03,-0.0629688,-0.00151156
-5.8800e-03,-0.0565625,-0.00106
-5.8700e-03,-0.038125,-0.00146906
-5.8600e-03,-0.0554687,-0.00127656
-5.8500e-03,-0.0515625,-0.00183906
-5.8400e-03,-0.0585938,-0.00152656
-5.8300e-03,-0.0501562,-0.00133188
-5.8200e-03,-0.0592188,-0.00178563
-5.8100e-03,-0.0492188,-0.000680313
-5.8000e-03,-0.0579687,-0.00175781
-5.7900e-03,-0.0585938,-0.00133844
-5.7800e-03,-0.0540625,-0.00186156
-5.7700e-03,-0.0529687,-0.00154281
-5.7600e-03,-0.0384375,-0.00126188
-5.7500e-03,-0.0503125,-0.00151906
-5.7400e-03,-0.0584375,-0.00173375
-5.7300e-03,-0.0520313,-0.00137906
-5.7200e-03,-0.05625,-0.00176688
-5.7100e-03,-0.05875,-0.00130188
-5.7000e-03,-0.0578125,-0.00099625
-5.6900e-03,-0.0559375,-0.00108406
-5.6800e-03,-0.05875,-0.000844688
-5.6700e-03,-0.050625,-0.00141969
-5.6600e-03,-0.065,-0.00119531
-5.6500e-03,-0.0607812,-0.00119406
-5.6400e-03,-0.0473438,-0.00141281
-5.6300e-03,-0.0579687,-0.00202969
-5.6200e-03,-0.039375,-0.0013875
-5.6100e-03,-0.0565625,-0.00163031
-5.6000e-03,-0.0445313,-0.002175
-5.5900e-03,-0.0478125,-0.00124969
-5.5800e-03,-0.0620312,-0.00125344
-5.5700e-03,-0.0542187,-0.00101
-5.5600e-03,-0.0532813,-0.00190813
-5.5500e-03,-0.050625,-0.00130281
-5.5400e-03,-0.0520313,-0.00127156
-5.5300e-03,-0.0495312,-0.00183
-5.5200e-03,-0.0523437,-0.00138375
-5.5100e-03,-0.0571875,-0.00139906
-5.5000e-03,-0.0596875,-0.001855
-5.4900e-03,-0.0529687,-0.00110813
-5.4800e-03,-0.0545313,-0.00180063
-5.4700e-03,-0.0475,-0.00142063
-5.4600e-03,-0.0620312,-0.00146375
-5.4500e-03,-0.0639062,-0.00102031
-5.4400e-03,-0.045625,-0.0015625
-5.4300e-03,-0.053125,-0.00207188
-5.4200e-03,-0.05375,-0.00152188
-5.4100e-03,-0.0525,-0.00133438
-5.4000e-03,-0.0576563,-0.00187719
-5.3900e-03,-0.0665625,-0.00092125
-5.3800e-03,-0.0520313,-0.00188844
-5.3700e-03,-0.0548437,-0.00215438
-5.3600e-03,-0.0685937,-0.00124
-5.3500e-03,-0.0545313,-0.00164344
-5.3400e-03,-0.0598438,-0.00146875
-5.3300e-03,-0.0648438,-0.00136875
-5.3200e-03,-0.0598438,-0.00141656
-5.3100e-03,-0.0517188,-0.00114375
-5.3000e-03,-0.0525,-0.00176813
-5.2900e-03,-0.0489062,-0.00188969
-5.2800e-03,-0.0545313,-0.00206813
-5.2700e-03,-0.0609375,-0.00200438
-5.2600e-03,-0.0595313,-0.00196969
-5.2500e-03,-0.0579687,-0.00120969
-5.2400e-03,-0.0595313,-0.00126313
-5.2300e-03,-0.0545313,-0.00143625
-5.2200e-03,-0.04625,-0.00146156
-5.2100e-03,-0.0523437,-0.00159938
-5.2000e-03,-0.06125,-0.00139719
-5.1900e-03,-0.0442188,-0.00178406
-5.1800e-03,-0.0448438,-0.00207719
-5.1700e-03,-0.0523437,-0.00107344
-5.1600e-03,-0.055625,-0.00182531
-5.1500e-03,-0.0592188,-0.0011025
-5.1400e-03,-0.0664062,-0.00134469
-5.1300e-03,-0.0495312,-0.00122063
-5.1200e-03,-0.053125,-0.00145156
-5.1100e-03,-0.0617188,-0.00145844
-5.1000e-03,-0.0528125,-0.00163563
-5.0900e-03,-0.0667188,-0.00126844
-5.0800e-03,-0.0629688,-0.00169125
-5.0700e-03,-0.0626562,-0.00137156
-5.0600e-03,-0.0634375,-0.00167406
-5.0500e-03,-0.0623438,-0.00151375
-5.0400e-03,-0.0545313,-0.00134813
-5.0300e-03,-0.05,-0.00152813
-5.0200e-03,-0.0476562,-0.00194844
-5.0100e-03,-0.0554687,-0.00141438
-5.0000e-03,-0.0584375,-0.00182219
-4.9900e-03,-0.0476562,-0.00134656
-4.9800e-03,-0.0573437,-0.00177438
-4.9700e-03,-0.0489062,-0.00150594
-4.9600e-03,-0.0573437,-0.00136719
-4.9500e-03,-0.0521875,-0.0012275
-4.9400e-03,-0.0565625,-0.00224094
-4.9300e-03,-0.0579687,-0.00185469
-4.9200e-03,-0.0575,-0.00185656
-4.9100e-03,-0.0590625,-0.00197375
-4.9000e-03,-0.05625,-0.00192375
-4.8900e-03,-0.0485938,-0.00169188
-4.8800e-03,-0.0429688,-0.00137438
-4.8700e-03,-0.0559375,-0.00192563
-4.8600e-03,-0.0617188,-0.00187844
-4.8500e-03,-0.0635938,-0.000875
-4.8400e-03,-0.045625,-0.00201313
-4.8300e-03,-0.0520313,-0.00209844
-4.8200e-03,-0.056875,-0.00148188
-4.8100e-03,-0.0598438,-0.0015675
-4.8000e-03,-0.0521875,-0.00119125
-4.7900e-03,-0.0448438,-0.00139063
-4.7800e-03,-0.0689063,-0.00151469
-4.7700e-03,-0.0515625,-0.00158313
-4.7600e-03,-0.0573437,-0.00216969
-4.7500e-03,-0.0507812,-0.00148063
-4.7400e-03,-0.051875,-0.00157656
-4.7300e-03,-0.0559375,-0.00163938
-4.7200e-03,-0.0525,-0.00149969
-4.7100e-03,-0.0510938,-0.00139313
-4.7000e-03,-0.055625,-0.0011725
-4.6900e-03,-0.0457813,-0.001945
-4.6800e-03,-0.055625,-0.0016975
-4.6700e-03,-0.0478125,-0.0014525
-4.6600e-03,-0.0542187,-0.00132688
-4.6500e-03,-0.045,-0.00201688
-4.6400e-03,-0.0467188,-0.00168094
-4.6300e-03,-0.0570313,-0.00155781
-4.6200e-03,-0.0635938,-0.00136375
-4.6100e-03,-0.049375,-0.00154844
-4.6000e-03,-0.05375,-0.00115781
-4.5900e-03,-0.0670313,-0.00127313
-4.5800e-03,-0.05375,-0.00178219
-4.5700e-03,-0.0540625,-0.00107969
-4.5600e-03,-0.0501562,-0.000965
-4.5500e-03,-0.0614062,-0.00123563
-4.5400e-03,-0.0521875,-0.00177563
-4.5300e-03,-0.055625,-0.00163938
-4.5200e-03,-0.054375,-0.00228188
-4.5100e-03,-0.0676563,-0.00182406
-4.5000e-03,-0.054375,-0.00217969
-4.4900e-03,-0.0557813,-0.00260625
-4.4800e-03,-0.04625,-0.00211719
-4.4700e-03,-0.0584375,-0.00119906
-4.4600e-03,-0.0532813,-0.00163313
-4.4500e-03,-0.0590625,-0.00164406
-4.4400e-03,-0.0542187,-0.00169594
-4.4300e-03,-0.0601562,-0.00165656
-4.4200e-03,-0.055625,-0.00189656
-4.4100e-03,-0.045625,-0.001285
-4.4000e-03,-0.056875,-0.00147344
-4.3900e-03,-0.0535937,-0.00161156
-4.3800e-03,-0.0578125,-0.00177469
-4.3700e-03,-0.055625,-0.00123469
-4.3600e-03,-0.0525,-0.00193688
-4.3500e-03,-0.050625,-0.00153625
-4.3400e-03,-0.0417187,-0.0012675
-4.3300e-03,-0.0584375,-0.001315
-4.3200e-03,-0.0520313,-0.00126344
-4.3100e-03,-0.0545313,-0.00120625
-4.3000e-03,-0.0584375,-0.00117813
-4.2900e-03,-0.053125,-0.00141719
-4.2800e-03,-0.050625,-0.00158125
-4.2700e-03,-0.0504687,-0.00106813
-4.2600e-03,-0.0501562,-0.00154406
-4.2500e-03,-0.05,-0.00185813
-4.2400e-03,-0.0476562,-0.00131563
-4.2300e-03,-0.0460938,-0.00172938
-4.2200e-03,-0.05625,-0.00092375
-4.2100e-03,-0.0479688,-0.00113281
-4.2000e-03,-0.0485938,-0.00251938
-4.1900e-03,-0.0496875,-0.00151094
-4.1800e-03,-0.0551563,-0.000731563
-4.1700e-03,-0.0571875,-0.00151938
-4.1600e-03,-0.0625,-0.00132906
-4.1500e-03,-0.041875,-0.00139063
-4.1400e-03,-0.0489062,-0.00196938
-4.1300e-03,-0.0429688,-0.00179906
-4.1200e-03,-0.0534375,-0.00151063
-4.1100e-03,-0.0523437,-0.000890938
-4.1000e-03,-0.0571875,-0.0019975
-4.0900e-03,-0.0429688,-0.0014575
-4.0800e-03,-0.0509375,-0.00116562
-4.0700e-03,-0.05125,-0.00207781
-4.0600e-03,-0.051875,-0.00173469
-4.0500e-03,-0.0539063,-0.00149219
-4.0400e-03,-0.0482812,-0.002275
-4.0300e-03,-0.05625,-0.00148125
-4.0200e-03,-0.0534375,-0.00219375
-4.0100e-03,-0.0457813,-0.00171844
-4.0000e-03,-0.0571875,-0.00196594
-3.9900e-03,-0.0509375,-0.00163844
-3.9800e-03,-0.0542187,-0.00211938
-3.9700e-03,-0.0510938,-0.00178375
-3.9600e-03,-0.0390625,-0.00198219
-3.9500e-03,-0.0539063,-0.00136531
-3.9400e-03,-0.0476562,-0.00148438
-3.9300e-03,-0.050625,-0.001455
-3.9200e-03,-0.0426562,-0.000891875
-3.9100e-03,-0.0510938,-0.00179844
-3.9000e-03,-0.0529687,-0.00128313
-3.8900e-03,-0.0603125,-0.00141531
-3.8800e-03,-0.0498438,-0.00160063
-3.8700e-03,-0.0540625,-0.001915
-3.8600e-03,-0.0540625,-0.00151688
-3.8500e-03,-0.0501562,-0.00124344
-3.8400e-03,-0.0554687,-0.00126969
-3.8300e-03,-0.0432813,-0.00151469
-3.8200e-03,-0.05875,-0.00106188
-3.8100e-03,-0.0348437,-0.00144781
-3.8000e-03,-0.051875,-0.00194406
-3.7900e-03,-0.0673438,-0.00172844
-3.7800e-03,-0.065625,-0.000641875
-3.7700e-03,-0.0559375,-0.00172906
-3.7600e-03,-0.0564063,-0.00173656
-3.7500e-03,-0.0421875,-0.00136063
-3.7400e-03,-0.0503125,-0.00243813
-3.7300e-03,-0.05875,-0.00148531
-3.7200e-03,-0.0445313,-0.00143156
-3.7100e-03,-0.0621875,-0.00228
-3.7000e-03,-0.0592188,-0.00179844
-3.6900e-03,-0.0578125,-0.0024125
-3.6800e-03,-0.045,-0.00120719
-3.6700e-03,-0.049375,-0.0009825
-3.6600e-03,-0.060625,-0.00139875
-3.6500e-03,-0.049375,-0.000941563
-3.6400e-03,-0.04625,-0.000765938
-3.6300e-03,-0.0559375,-0.00116562
-3.6200e-03,-0.050625,-0.001735
-3.6100e-03,-0.0470312,-0.00215688
-3.6000e-03,-0.0565625,-0.00132875
-3.5900e-03,-0.0557813,-0.00147281
-3.5800e-03,-0.0584375,-0.00130875
-3.5700e-03,-0.0528125,-0.000700938
-3.5600e-03,-0.0517188,-0.00152844
-3.5500e-03,-0.0517188,-0.00169438
-3.5400e-03,-0.05125,-0.00112625
-3.5300e-03,-0.0532813,-0.00161625
-3.5200e-03,-0.0584375,-0.00177781
-3.5100e-03,-0.0610938,-0.00209281
-3.5000e-03,-0.059375,-0.00186188
-3.4900e-03,-0.0548437,-0.00204156
-3.4800e-03,-0.0529687,-0.00106031
-3.4700e-03,-0.0526563,-0.00191844
-3.4600e-03,-0.0448438,-0.00163938
-3.4500e-03,-0.0479688,-0.00204125
-3.4400e-03,-0.0621875,-0.00183906
-3.4300e-03,-0.0551563,-0.00155688
-3.4200e-03,-0.0535937,-0.00154313
-3.4100e-03,-0.0470312,-0.00135813
-3.4000e-03,-0.0495312,-0.00150156
-3.3900e-03,-0.0614062,-0.00135656
-3.3800e-03,-0.0484375,-0.00128594
-3.3700e-03,-0.0545313,-0.00210875
-3.3600e-03,-0.0557813,-0.00155375
-3.3500e-03,-0.0515625,-0.00192531
-3.3400e-03,-0.0529687,-0.00187406
-3.3300e-03,-0.0446875,-0.00151
-3.3200e-03,-0.0525,-0.00110625
-3.3100e-03,-0.06,-0.00123
-3.3000e-03,-0.0465625,-0.00144375
-3.2900e-03,-0.0590625,-0.00187406
-3.2800e-03,-0.0653125,-0.000930313
-3.2700e-03,-0.0498438,-0.00190875
-3.2600e-03,-0.045625,-0.00181094
-3.2500e-03,-0.0534375,-0.000913438
-3.2400e-03,-0.0578125,-0.00144656
-3.2300e-03,-0.0610938,-0.00115219
-3.2200e-03,-0.0571875,-0.00150156
-3.2100e-03,-0.0526563,-0.00160438
-3.2000e-03,-0.049375,-0.00146563
-3.1900e-03,-0.0515625,-0.00161563
-3.1800e-03,-0.053125,-0.000955625
-3.1700e-03,-0.0479688,-0.00143063
-3.1600e-03,-0.04375,-0.00192406
-3.1500e-03,-0.05,-0.00169344
-3.1400e-03,-0.0554687,-0.00174719
-3.1300e-03,-0.0554687,-0.00198469
-3.1200e-03,-0.04125,-0.00161188
-3.1100e-03,-0.050625,-0.001695
-3.1000e-03,-0.05375,-0.000835625
-3.0900e-03,-0.0573437,-0.00137438
-3.0800e-03,-0.0564063,-0.002055
-3.0700e-03,-0.0723437,-0.00142125
-3.0600e-03,-0.065,-0.00227594
-3.0500e-03,-0.051875,-0.000997188
-3.0400e-03,-0.0557813,-0.00117563
-3.0300e-03,-0.0498438,-0.00179219
-3.0200e-03,-0.0584375,-0.00146781
-3.0100e-03,-0.04125,-0.00172781
-3.0000e-03,-0.0509375,-0.00195063
-2.9900e-03,-0.059375,-0.00202344
-2.9800e-03,-0.050625,-0.00214438
-2.9700e-03,-0.0625,-0.00152063
-2.9600e-03,-0.0564063,-0.00143156
-2.9500e-03,-0.06375,-0.00138875
-2.9400e-03,-0.0603125,-0.00186313
-2.9300e-03,-0.0595313,-0.00207656
-2.9200e-03,-0.0551563,-0.00185344
-2.9100e-03,-0.0482812,-0.00132313
-2.9000e-03,-0.0553125,-0.00130344
-2.8900e-03,-0.053125,-0.00130375
-2.8800e-03,-0.0579687,-0.00101563
-2.8700e-03,-0.0596875,-0.001575
-2.8600e-03,-0.0582813,-0.00229
-2.8500e-03,-0.0582813,-0.00102187
-2.8400e-03,-0.0492188,-0.00133281
-2.8300e-03,-0.0475,-0.00124094
-2.8200e-03,-0.0434375,-0.00167031
-2.8100e-03,-0.055625,-0.00118719
-2.8000e-03,-0.0598438,-0.00125625
-2.7900e-03,-0.0515625,-0.00182781
-2.7800e-03,-0.04875,-0.00111156
-2.7700e-03,-0.0445313,-0.00230313
-2.7600e-03,-0.0501562,-0.00162844
-2.7500e-03,-0.0448438,-0.00170844
-2.7400e-03,-0.043125,-0.00166938
-2.7300e-03,-0.0598438,-0.00138563
-2.7200e-03,-0.0578125,-0.000972188
-2.7100e-03,-0.0529687,-0.00195125
-2.7000e-03,-0.0429688,-0.00127156
-2.6900e-03,-0.0476562,-0.00205938
-2.6800e-03,-0.0609375,-0.00134625
-2.6700e-03,-0.0573437,-0.00193313
-2.6600e-03,-0.0482812,-0.00171188
-2.6500e-03,-0.06125,-0.00171125
-2.6400e-03,-0.0507812,-0.00168813
-2.6300e-03,-0.0421875,-0.0015
-2.6200e-03,-0.05125,-0.00155438
-2.6100e-03,-0.0534375,-0.00151813
-2.6000e-03,-0.0532813,-0.00221438
-2.5900e-03,-0.041875,-0.001995
-2.5800e-03,-0.0560937,-0.00149156
-2.5700e-03,-0.0567187,-0.00180219
-2.5600e-03,-0.0490625,-0.000646563
-2.5500e-03,-0.0575,-0.00141344
-2.5400e-03,-0.0509375,-0.00168281
-2.5300e-03,-0.0620312,-0.0006425
-2.5200e-03,-0.0609375,-0.00188656
-2.5100e-03,-0.0421875,-0.00131375
-2.5000e-03,-0.05375,-0.00221344
-2.4900e-03,-0.0554687,-0.00181469
-2.4800e-03,-0.0575,-0.00188406
-2.4700e-03,-0.0642188,-0.00171156
-2.4600e-03,-0.0525,-0.00192875
-2.4500e-03,-0.0539063,-0.00113656
-2.4400e-03,-0.0596875,-0.00174625
-2.4300e-03,-0.053125,-0.00111188
-2.4200e-03,-0.0523437,-0.00155063
-2.4100e-03,-0.0520313,-0.00155438
-2.4000e-03,-0.0504687,-0.00173906
-2.3900e-03,-0.0523437,-0.00135813
-2.3800e-03,-0.0465625,-0.00185469
-2.3700e-03,-0.049375,-0.000956563
-2.3600e-03,-0.0548437,-0.0018
-2.3500e-03,-0.0526563,-0.00195656
-2.3400e-03,-0.0545313,-0.00102438
-2.3300e-03,-0.0573437,-0.00208063
-2.3200e-03,-0.0501562,-0.00124969
-2.3100e-03,-0.0540625,-0.00130438
-2.3000e-03,-0.0492188,-0.001335
-2.2900e-03,-0.0517188,-0.000909063
-2.2800e-03,-0.0329688,-0.00142156
-2.2700e-03,-0.0485938,-0.00133875
-2.2600e-03,-0.0673438,-0.00164875
-2.2500e-03,-0.0601562,-0.00219
-2.2400e-03,-0.0514063,-0.0011825
-2.2300e-03,-0.0525,-0.00252875
-2.2200e-03,-0.0496875,-0.0014125
-2.2100e-03,-0.0553125,-0.00189156
-2.2000e-03,-0.0545313,-0.001955
-2.1900e-03,-0.054375,-0.00136563
-2.1800e-03,-0.0485938,-0.00197344
-2.1700e-03,-0.0573437,-0.00126406
-2.1600e-03,-0.0560937,-0.000949375
-2.1500e-03,-0.0575,-0.00174063
-2.1400e-03,-0.065625,-0.00174531
-2.1300e-03,-0.0571875,-0.00204937
-2.1200e-03,-0.0604688,-0.00186156
-2.1100e-03,-0.046875,-0.00120031
-2.1000e-03,-0.0475,-0.00190844
-2.0900e-03,-0.0610938,-0.00101969
-2.0800e-03,-0.0553125,-0.00175406
-2.0700e-03,-0.0525,-0.00124375
-2.0600e-03,-0.05875,-0.002205
-2.0500e-03,-0.0457813,-0.00114688
-2.0400e-03,-0.0521875,-0.00106406
-2.0300e-03,-0.045,-0.00166969
-2.0200e-03,-0.054375,-0.00184031
-2.0100e-03,-0.0484375,-0.00187375
-2.0000e-03,-0.0507812,-0.0012575
-1.9900e-03,-0.0423437,-0.00159656
-1.9800e-03,-0.0571875,-0.00109469
-1.9700e-03,-0.0560937,-0.000927813
-1.9600e-03,-0.0529687,-0.00244594
-1.9500e-03,-0.0453125,-0.00145656
-1.9400e-03,-0.0560937,-0.00120375
-1.9300e-03,-0.0584375,-0.00156906
-1.9200e-03,-0.05125,-0.00215562
-1.9100e-03,-0.065625,-0.00182156
-1.9000e-03,-0.0490625,-0.00131594
-1.8900e-03,-0.064375,-0.00155375
-1.8800e-03,-0.0460938,-0.00145469
-1.8700e-03,-0.0548437,-0.00112656
-1.8600e-03,-0.049375,-0.00143281
-1.8500e-03,-0.0548437,-0.00122125
-1.8400e-03,-0.058125,-0.001335
-1.8300e-03,-0.0598438,-0.00114031
-1.8200e-03,-0.0503125,-0.00177531
-1.8100e-03,-0.0332812,-0.00179375
-1.8000e-03,-0.05625,-0.00139438
-1.7900e-03,-0.0435938,-0.00190406
-1.7800e-03,-0.0528125,-0.00111469
-1.7700e-03,-0.0565625,-0.00139688
-1.7600e-03,-0.0546875,-0.00165469
-1.7500e-03,-0.0489062,-0.00087
-1.7400e-03,-0.0589063,-0.00177906
-1.7300e-03,-0.0621875,-0.00120812
-1.7200e-03,-0.0526563,-0.00161531
-1.7100e-03,-0.060625,-0.00166969
-1.7000e-03,-0.0595313,-0.00124438
-1.6900e-03,-0.0510938,-0.00130031
-1.6800e-03,-0.043125,-0.000959063
-1.6700e-03,-0.0565625,-0.000860938
-1.6600e-03,-0.0484375,-0.00160719
-1.6500e-03,-0.06,-0.00161469
-1.6400e-03,-0.0478125,-0.00176969
-1.6300e-03,-0.0571875,-0.00118625
-1.6200e-03,-0.0435938,-0.00191219
-1.6100e-03,-0.0548437,-0.000513438
-1.6000e-03,-0.0545313,-0.00143313
-1.5900e-03,-0.0540625,-0.00103375
-1.5800e-03,-0.0535937,-0.00197906
-1.5700e-03,-0.0407813,-0.00133938
-1.5600e-03,-0.0492188,-0.00124094
-1.5500e-03,-0.0360938,-0.00136313
-1.5400e-03,-0.05,-0.00128375
-1.5300e-03,-0.051875,-0.00160688
-1.5200e-03,-0.0542187,-0.00210625
-1.5100e-03,-0.0601562,-0.00108344
-1.5000e-03,-0.060625,-0.00172313
-1.4900e-03,-0.0514063,-0.00169344
-1.4800e-03,-0.0642188,-0.00144594
-1.4700e-03,-0.0460938,-0.00159281
-1.4600e-03,-0.0464062,-0.00154313
-1.4500e-03,-0.0464062,-0.00198844
-1.4400e-03,-0.0509375,-0.00180906
-1.4300e-03,-0.0490625,-0.000930625
-1.4200e-03,-0.0428125,-0.0015575
-1.4100e-03,-0.0632812,-0.00169656
-1.4000e-03,-0.0501562,-0.00236781
-1.3900e-03,-0.0570313,-0.00140344
-1.3800e-03,-0.0571875,-0.00184281
-1.3700e-03,-0.0595313,-0.00175188
-1.3600e-03,-0.0585938,-0.00174594
-1.3500e-03,-0.0510938,-0.00175688
-1.3400e-03,-0.0535937,-0.000780313
-1.3300e-03,-0.0532813,-0.00146469
-1.3200e-03,-0.0679688,-0.00129625
-1.3100e-03,-0.0532813,-0.00145469
-1.3000e-03,-0.0507812,-0.00167406
-1.2900e-03,-0.0501562,-0.00198688
-1.2800e-03,-0.053125,-0.00193656
-1.2700e-03,-0.0590625,-0.00124594
-1.2600e-03,-0.0607812,-0.00141688
-1.2500e-03,-0.055625,-0.00164281
-1.2400e-03,-0.0501562,-0.00119281
-1.2300e-03,-0.0598438,-0.0020275
-1.2200e-03,-0.0520313,-0.00157531
-1.2100e-03,-0.0476562,-0.00142063
-1.2000e-03,-0.0451563,-0.00182906
-1.1900e-03,-0.0514063,-0.00121469
-1.1800e-03,-0.0490625,-0.00147531
-1.1700e-03,-0.03375,-0.00161656
-1.1600e-03,-0.0515625,-0.00160688
-1.1500e-03,-0.0482812,-0.00136438
-1.1400e-03,-0.0607812,-0.001595
-1.1300e-03,-0.04875,-0.00173469
-1.1200e-03,-0.0420312,-0.00113594
-1.1100e-03,-0.0595313,-0.001335
-1.1000e-03,-0.04875,-0.00170375
-1.0900e-03,-0.0515625,-0.00180969
-1.0800e-03,-0.0675,-0.0022075
-1.0700e-03,-0.0595313,-0.00175469
-1.0600e-03,-0.0645312,-0.0013
-1.0500e-03,-0.0551563,-0.0015875
-1.0400e-03,-0.04375,-0.00226219
-1.0300e-03,-0.0551563,-0.00102906
-1.0200e-03,-0.0540625,-0.0014175
-1.0100e-03,-0.0451563,-0.00121094
-1.0000e-03,-0.05125,-0.00137344
-9.9000e-04,-0.0435938,-0.00148781
-9.8000e-04,-0.0523437,-0.00171844
-9.7000e-04,-0.0539063,-0.00106969
-9.6000e-04,-0.0528125,-0.0020025
-9.5000e-04,-0.0465625,-0.00176125
-9.4000e-04,-0.0525,-0.0014075
-9.3000e-04,-0.056875,-0.00182219
-9.2000e-04,-0.0392187,-0.00142625
-9.1000e-04,-0.0532813,-0.0012425
-9.0000e-04,-0.05125,-0.00154719
-8.9000e-04,-0.050625,-0.000854063
-8.8000e-04,-0.0485938,-0.00154031
-8.7000e-04,-0.055,-0.000575313
-8.6000e-04,-0.0557813,-0.00134531
-8.5000e-04,-0.0495312,-0.00159
-8.4000e-04,-0.0460938,-0.00188156
-8.3000e-04,-0.0535937,-0.00158156
-8.2000e-04,-0.03875,-0.000684063
-8.1000e-04,-0.0578125,-0.00178563
-8.0000e-04,-0.0496875,-0.00178406
-7.9000e-04,-0.050625,-0.00108156
-7.8000e-04,-0.0520313,-0.0014675
-7.7000e-04,-0.038125,-0.00156969
-7.6000e-04,-0.0525,-0.00223313
-7.5000e-04,-0.0560937,-0.0003625
-7.4000e-04,-0.0521875,-0.00193
-7.3000e-04,-0.0565625,-0.0020425
-7.2000e-04,-0.0535937,-0.00130781
-7.1000e-04,-0.0434375,-0.000922188
-7.0000e-04,-0.05125,-0.001665
-6.9000e-04,-0.0521875,-0.00107375
-6.8000e-04,-0.0573437,-0.00171625
-6.7000e-04,-0.0373438,-0.00143813
-6.6000e-04,-0.0510938,-0.00196281
-6.5000e-04,-0.0420312,-0.00179781
-6.4000e-04,-0.0551563,-0.001385
-6.3000e-04,-0.0579687,-0.0011425
-6.2000e-04,-0.0496875,-0.00149906
-6.1000e-04,-0.04875,-0.00202031
-6.0000e-04,-0.0596875,-0.00119469
-5.9000e-04,-0.0582813,-0.00196156
-5.8000e-04,-0.0635938,-0.00174844
-5.7000e-04,-0.0559375,-0.00155969
-5.6000e-04,-0.0610938,-0.00228375
-5.5000e-04,-0.0532813,-0.00164813
-5.4000e-04,-0.0675,-0.00111094
-5.3000e-04,-0.0542187,-0.00196469
-5.2000e-04,-0.0565625,-0.00122906
-5.1000e-04,-0.054375,-0.00139063
-5.0000e-04,-0.058125,-0.00175188
-4.9000e-04,-0.0604688,-0.00126125
-4.8000e-04,-0.0457813,-0.00207844
-4.7000e-04,-0.05625,-0.00197063
-4.6000e-04,-0.051875,-0.0019675
-4.5000e-04,-0.0414063,-0.00181781
-4.4000e-04,-0.0571875,-0.00191188
-4.3000e-04,-0.0428125,-0.0021225
-4.2000e-04,-0.0595313,-0.00129125
-4.1000e-04,-0.0459375,-0.00212437
-4.0000e-04,-0.049375,-0.00240594
-3.9000e-04,-0.0526563,-0.00152656
-3.8000e-04,-0.0548437,-0.00253531
-3.7000e-04,-0.0498438,-0.00195844
-3.6000e-04,-0.055,-0.00135594
-3.5000e-04,-0.0490625,-0.00129313
-3.4000e-04,-0.0520313,-0.000881563
-3.3000e-04,-0.0528125,-0.00213969
-3.2000e-04,-0.0634375,-0.00124344
-3.1000e-04,-0.0660938,-0.00086125
-3.0000e-04,-0.0464062,-0.00182844
-2.9000e-04,-0.0503125,-0.00168938
-2.8000e-04,-0.0548437,-0.00190469
-2.7000e-04,-0.0570313,-0.00093125
-2.6000e-04,-0.0554687,-0.00209219
-2.5000e-04,-0.0626562,-0.00207656
-2.4000e-04,-0.050625,-0.0021225
-2.3000e-04,-0.0528125,-0.00203219
-2.2000e-04,-0.0489062,-0.00112281
-2.1000e-04,-0.0553125,-0.00185094
-2.0000e-04,-0.058125,-0.00179313
-1.9000e-04,-0.0471875,-0.0017575
-1.8000e-04,-0.053125,-0.00230875
-1.7000e-04,-0.056875,-0.00197
-1.6000e-04,-0.0576563,-0.00111281
-1.5000e-04,-0.0560937,-0.00164594
-1.4000e-04,-0.0529687,-0.00182031
-1.3000e-04,-0.0464062,-0.00214406
-1.2000e-04,-0.0560937,-0.00190063
-1.1000e-04,-0.0425,-0.00158219
-1.0000e-04,-0.0553125,-0.00109656
-9.0000e-05,-0.0560937,-0.0011375
-8.0000e-05,-0.0559375,-0.00135656
-7.0000e-05,-0.0573437,-0.00221438
-6.0000e-05,-0.053125,-0.00173844
-5.0000e-05,-0.0567187,-0.00123906
-4.0000e-05,-0.0579687,-0.00189469
-3.0000e-05,-0.0476562,-0.00131313
-2.0000e-05,-0.0570313,-0.00123094
-1.0000e-05,-0.055,-0.00188813
-0.0000e+00,-0.0503125,-0.00142344
1.0000e-05,-0.0448438,-0.00180188
2.0000e-05,-0.0570313,-0.00224563
3.0000e-05,-0.0490625,-0.0014325
4.0000e-05,-0.0504687,-0.00124031
5.0000e-05,-0.0514063,-0.0008425
6.0000e-05,-0.0490625,-0.00205063
7.0000e-05,-0.048125,-0.00198469
8.0000e-05,-0.0457813,-0.0011225
9.0000e-05,-0.0584375,-0.00156344
1.0000e-04,-0.0409375,-0.00196875
1.1000e-04,-0.0532813,-0.00189156
1.2000e-04,-0.05,-0.00171031
1.3000e-04,-0.054375,-0.00168031
1.4000e-04,-0.05875,-0.00212844
1.5000e-04,-0.055625,-0.00142469
1.6000e-04,-0.0554687,-0.00178281
1.7000e-04,-0.0496875,-0.00226406
1.8000e-04,-0.0675,-0.00173
1.9000e-04,-0.0526563,-0.00178688
2.0000e-04,-0.0453125,-0.000487813
2.1000e-04,-0.0585938,-0.00171281
2.2000e-04,-0.0682813,-0.00130469
2.3000e-04,-0.0632812,-0.0018125
2.4000e-04,-0.0534375,-0.00156844
2.5000e-04,-0.0584375,-0.00153781
2.6000e-04,-0.0529687,-0.00183594
2.7000e-04,-0.0517188,-0.00198188
2.8000e-04,-0.0542187,-0.00099625
2.9000e-04,-0.0478125,-0.00183344
3.0000e-04,-0.0554687,-0.00138094
3.1000e-04,-0.0526563,-0.00151219
3.2000e-04,-0.0579687,-0.00183656
3.3000e-04,-0.0601562,-0.00231938
3.4000e-04,-0.055625,-0.000875938
3.5000e-04,-0.0603125,-0.0016
3.6000e-04,-0.0660938,-0.00148063
3.7000e-04,-0.0521875,-0.0017125
3.8000e-04,-0.0625,-0.00158906
3.9000e-04,-0.0614062,-0.00128875
4.0000e-04,-0.0565625,-0.001425
4.1000e-04,-0.0571875,-0.00151375
4.2000e-04,-0.039375,-0.00161531
4.3000e-04,-0.055625,-0.0013625
4.4000e-04,-0.0629688,-0.00146469
4.5000e-04,-0.0585938,-0.00150531
4.6000e-04,-0.0557813,-0.00147906
4.7000e-04,-0.418125,-0.00142094
4.8000e-04,-1.69719,-0.00353
4.9000e-04,-2.27828,-0.00554969
5.0000e-04,0.08125,-0.00557219
5.1000e-04,0.123594,-0.00548688
5.2000e-04,0.0904688,-0.00546563
5.3000e-04,0.0865625,-0.00550219
5.4000e-04,0.081875,-0.00550875
5.5000e-04,0.075,-0.00559281
5.6000e-04,0.0457812,-0.00545781
5.7000e-04,0.046875,-0.0055875
5.8000e-04,0.0576562,-0.00561281
5.9000e-04,0.0504687,-0.00553063
6.0000e-04,0.0276563,-0.0054125
6.1000e-04,0.0325,-0.00547375
6.2000e-04,0.03625,-0.00545563
6.3000e-04,0.020625,-0.00527656
6.4000e-04,0.0334375,-0.00546125
6.5000e-04,0.0228125,-0.00547969
6.6000e-04,0.0242188,-0.00546125
6.7000e-04,0.025625,-0.00548844
6.8000e-04,0.0226562,-0.00554406
6.9000e-04,0.0153125,-0.00545969
7.0000e-04,0.010625,-0.00562125
7.1000e-04,0.0259375,-0.00468719
7.2000e-04,0.015625,-0.00219188
7.3000e-04,0.00328125,-0.000306875
7.4000e-04,0.0114063,0.00040375
7.5000e-04,0.0126562,-0.000692188
7.6000e-04,0.0173438,-0.00325125
7.7000e-04,0.00734375,-0.00321313
7.8000e-04,0.013125,-0.00285969
7.9000e-04,0.0139062,-0.00101094
8.0000e-04,0.00078125,-0.000464063
8.1000e-04,0.00375,-0.000648438
8.2000e-04,0.00234375,-0.00219313
8.3000e-04,0.00796875,-0.00279656
8.4000e-04,0.0034375,-0.00239438
8.5000e-04,0.00609375,-0.0013525
8.6000e-04,0.004375,-0.000649063
8.7000e-04,-0.00046875,-0.000916875
8.8000e-04,0.0170313,-0.00157313
8.9000e-04,0.0053125,-0.00245031
9.0000e-04,-0.00890625,-0.00199844
9.1000e-04,-0.004375,-0.00150344
9.2000e-04,-0.000625,-0.000904688
9.3000e-04,0.00078125,-0.00105594
9.4000e-04,-0.0040625,-0.00227813
9.5000e-04,0.00625,-0.0020325
9.6000e-04,-0.00609375,-0.00253438
9.7000e-04,-0.0209375,-0.00170188
9.8000e-04,-0.00375,-0.00131063
9.9000e-04,0.00046875,-0.00114813
1.0000e-03,0.0003125,-0.00154813
1.0100e-03,-0.00578125,-0.00202563
1.0200e-03,-0.00671875,-0.00236813
1.0300e-03,0.00140625,-0.00188625
1.0400e-03,-0.00625,-0.00177219
1.0500e-03,-0.00109375,-0.001615
1.0600e-03,-0.013125,-0.00163031
1.0700e-03,-0.0114062,-0.00145125
1.0800e-03,-0.00515625,-0.00164781
1.0900e-03,-0.00125,-0.00161781
1.1000e-03,0.00703125,-0.00169938
1.1100e-03,-0.00140625,-0.00125844
1.1200e-03,-0.0021875,-0.00181531
1.1300e-03,-0.00109375,-0.00161844
1.1400e-03,-0.000625,-0.0015225
1.1500e-03,-0.00453125,-0.00240656
1.1600e-03,-0.011875,-0.00238563
1.1700e-03,-0.0123438,-0.00163625
1.1800e-03,-0.00859375,-0.00174344
1.1900e-03,-0.0117188,-0.0018875
1.2000e-03,-0.0195312,-0.00191219
1.2100e-03,-0.01375,-0.00219344
1.2200e-03,-0.00734375,-0.00141594
1.2300e-03,-0.00265625,-0.00189594
1.2400e-03,-0.00984375,-0.00165219
1.2500e-03,-0.0179687,-0.00219031
1.2600e-03,-0.0071875,-0.00123875
1.2700e-03,-0.0135937,-0.00227656
1.2800e-03,-0.0173438,-0.00135375
1.2900e-03,-0.00703125,-0.00174469
1.3000e-03,-0.0159375,-0.00121781
1.3100e-03,-0.0171875,-0.00146656
1.3200e-03,-0.00109375,-0.00172344
1.3300e-03,-0.0120313,-0.00219563
1.3400e-03,-0.0257812,-0.00170688
1.3500e-03,-0.0103125,-0.0023375
1.3600e-03,-0.0214063,-0.00184125
1.3700e-03,-0.0165625,-0.00197188
1.3800e-03,-0.005,-0.00184156
1.3900e-03,-0.00578125,-0.00156875
1.4000e-03,-0.00828125,-0.00120781
1.4100e-03,-0.00625,-0.001185
1.4200e-03,-0.004375,-0.00192656
1.4300e-03,-0.02375,-0.00228813
1.4400e-03,-0.02,-0.0009225
1.4500e-03,-0.00921875,-0.00205844
1.4600e-03,-0.0129688,-0.00122563
1.4700e-03,-0.0240625,-0.00119844
1.4800e-03,-0.0129688,-0.00172781
1.4900e-03,-0.0275,-0.00138656
1.5000e-03,-0.0198438,-0.00176094
1.5100e-03,-0.0175,-0.00116125
1.5200e-03,-0.0160938,-0.001435
1.5300e-03,-0.0167188,-0.00161469
1.5400e-03,-0.0253125,-0.00154969
1.5500e-03,-0.00609375,-0.00191563
1.5600e-03,-0.0164063,-0.00154531
1.5700e-03,-0.0185937,-0.00157875
1.5800e-03,-0.0096875,-0.00153219
1.5900e-03,-0.0184375,-0.00160344
1.6000e-03,-0.026875,-0.00198219
1.6100e-03,-0.0189062,-0.00165375
1.6200e-03,-0.0192187,-0.00226438
1.6300e-03,-0.0167188,-0.00135469
1.6400e-03,-0.0160938,-0.00137875
1.6500e-03,-0.01625,-0.00151188
1.6600e-03,-0.0267187,-0.00166188
1.6700e-03,-0.0135937,-0.00251125
1.6800e-03,-0.015,-0.00174719
1.6900e-03,-0.0157813,-0.00137563
1.7000e-03,-0.0232812,-0.00181125
1.7100e-03,-0.0240625,-0.00202719
1.7200e-03,-0.0142188,-0.00159
1.7300e-03,-0.0135937,-0.00185813
1.7400e-03,-0.0196875,-0.00067
1.7500e-03,-0.0207813,-0.00157938
1.7600e-03,-0.0189062,-0.0018325
1.7700e-03,-0.0221875,-0.00198344
1.7800e-03,-0.0214063,-0.00212125
1.7900e-03,-0.0234375,-0.00144594
1.8000e-03,-0.0134375,-0.00148469
1.8100e-03,-0.018125,-0.00198344
1.8200e-03,-0.0229687,-0.00133031
1.8300e-03,-0.0203125,-0.00167625
1.8400e-03,-0.0295313,-0.00131844
1.8500e-03,-0.0314062,-0.00128313
1.8600e-03,-0.0229687,-0.00185688
1.8700e-03,-0.0245313,-0.00128469
1.8800e-03,-0.030625,-0.00158094
1.8900e-03,-0.014375,-0.00128094
1.9000e-03,-0.0157813,-0.00144688
1.9100e-03,-0.02375,-0.00178344
1.9200e-03,-0.0217188,-0.0014925
1.9300e-03,-0.00875,-0.00204094
1.9400e-03,-0.020625,-0.00127656
1.9500e-03,-0.0257812,-0.00232188
1.9600e-03,-0.0209375,-0.00233531
1.9700e-03,-0.029375,-0.00204844
1.9800e-03,-0.019375,-0.00122063
1.9900e-03,-0.0304688,-0.00162969
2.0000e-03,-0.0265625,-0.00165125
2.0100e-03,-0.0229687,-0.00189313
2.0200e-03,-0.0225,-0.00173094
2.0300e-03,-0.0428125,-0.00141281
2.0400e-03,-0.0242188,-0.00206906
2.0500e-03,-0.01875,-0.0019725
2.0600e-03,-0.0239063,-0.00112281
2.0700e-03,-0.015,-0.00156094
2.0800e-03,-0.0234375,-0.0016125
2.0900e-03,-0.0282813,-0.00184188
2.1000e-03,-0.0379688,-0.00151656
2.1100e-03,-0.0242188,-0.00195344
2.1200e-03,-0.0290625,-0.00169188
2.1300e-03,-0.03,-0.00174094
2.1400e-03,-0.0310937,-0.00168469
2.1500e-03,-0.0196875,-0.00133063
2.1600e-03,-0.0170313,-0.00139344
2.1700e-03,-0.0265625,-0.00177656
2.1800e-03,-0.024375,-0.00189156
2.1900e-03,-0.024375,-0.00189875
2.2000e-03,-0.028125,-0.00140063
2.2100e-03,-0.035625,-0.00149625
2.2200e-03,-0.0407813,-0.00125188
2.2300e-03,-0.0248438,-0.00166031
2.2400e-03,-0.0335937,-0.00199687
2.2500e-03,-0.0282813,-0.00137125
2.2600e-03,-0.0154687,-0.00144438
2.2700e-03,-0.029375,-0.00121031
2.2800e-03,-0.0184375,-0.00141094
2.2900e-03,-0.0259375,-0.00178344
2.3000e-03,-0.0229687,-0.0016775
2.3100e-03,-0.0210938,-0.00214969
2.3200e-03,-0.019375,-0.00125531
2.3300e-03,-0.0259375,-0.00135563
2.3400e-03,-0.0221875,-0.00170438
2.3500e-03,-0.0175,-0.00208281
2.3600e-03,-0.02375,-0.00153063
2.3700e-03,-0.0209375,-0.00138875
2.3800e-03,-0.0248438,-0.00115188
2.3900e-03,-0.0314062,-0.00158094
2.4000e-03,-0.0214063,-0.00204625
2.4100e-03,-0.0214063,-0.00124844
2.4200e-03,-0.02,-0.00180156
2.4300e-03,-0.0251563,-0.00104312
2.4400e-03,-0.038125,-0.00210344
2.4500e-03,-0.025625,-0.00127969
2.4600e-03,-0.0296875,-0.00178125
2.4700e-03,-0.02625,-0.0020925
2.4800e-03,-0.039375,-0.00141188
2.4900e-03,-0.025625,-0.00200969
2.5000e-03,-0.0425,-0.00159031
2.5100e-03,-0.0285938,-0.001495
2.5200e-03,-0.029375,-0.00239094
2.5300e-03,-0.0242188,-0.00184063
2.5400e-03,-0.0246875,-0.00150781
2.5500e-03,-0.0292188,-0.00152938
2.5600e-03,-0.0214063,-0.00165344
2.5700e-03,-0.0257812,-0.00142594
2.5800e-03,-0.029375,-0.0019175
2.5900e-03,-0.0340625,-0.00196344
2.6000e-03,-0.0278125,-0.00110469
2.6100e-03,-0.0276563,-0.00209313
2.6200e-03,-0.0307813,-0.00173563
2.6300e-03,-0.024375,-0.00138469
2.6400e-03,-0.0176563,-0.001675
2.6500e-03,-0.018125,-0.00211344
2.6600e-03,-0.0421875,-0.00114063
2.6700e-03,-0.0260937,-0.00172563
2.6800e-03,-0.0290625,-0.00134438
2.6900e-03,-0.0367188,-0.00223719
2.7000e-03,-0.0285938,-0.00177469
2.7100e-03,-0.0292188,-0.00169656
2.7200e-03,-0.0378125,-0.00164969
2.7300e-03,-0.0364063,-0.00142281
2.7400e-03,-0.0325,-0.00141813
2.7500e-03,-0.0296875,-0.00211469
2.7600e-03,-0.0265625,-0.00125281
2.7700e-03,-0.0373438,-0.00164031
2.7800e-03,-0.0340625,-0.00127375
2.7900e-03,-0.0245313,-0.00182719
2.8000e-03,-0.0317188,-0.00152313
2.8100e-03,-0.0273438,-0.00192906
2.8200e-03,-0.0315625,-0.00147188
2.8300e-03,-0.0375,-0.00192656
2.8400e-03,-0.0289063,-0.00248156
2.8500e-03,-0.0348437,-0.00164938
2.8600e-03,-0.0329688,-0.00240344
2.8700e-03,-0.0382813,-0.00136688
2.8800e-03,-0.03125,-0.00140438
2.8900e-03,-0.024375,-0.00174969
2.9000e-03,-0.0385937,-0.0018875
2.9100e-03,-0.0445313,-0.00202812
2.9200e-03,-0.0395313,-0.00165656
2.9300e-03,-0.02875,-0.00215063
2.9400e-03,-0.0315625,-0.00146563
2.9500e-03,-0.035625,-0.00152906
2.9600e-03,-0.0359375,-0.00200031
2.9700e-03,-0.0360938,-0.00110281
2.9800e-03,-0.0379688,-0.00174844
2.9900e-03,-0.0417187,-0.00235844
3.0000e-03,-0.030625,-0.0016875
3.0100e-03,-0.0354688,-0.00189188
3.0200e-03,-0.0195312,-0.00126
3.0300e-03,-0.0389063,-0.00183406
3.0400e-03,-0.0215625,-0.00171625
3.0500e-03,-0.0357813,-0.00130781
3.0600e-03,-0.035,-0.00206938
3.0700e-03,-0.020625,-0.0018025
3.0800e-03,-0.039375,-0.00185344
3.0900e-03,-0.03125,-0.00219063
3.1000e-03,-0.0301563,-0.00156719
3.1100e-03,-0.0309375,-0.00223344
3.1200e-03,-0.04875,-0.000775938
3.1300e-03,-0.0414063,-0.00213281
3.1400e-03,-0.030625,-0.00140594
3.1500e-03,-0.0260937,-0.00109313
3.1600e-03,-0.0428125,-0.00144719
3.1700e-03,-0.0423437,-0.00127406
3.1800e-03,-0.034375,-0.0022225
3.1900e-03,-0.0373438,-0.001875
3.2000e-03,-0.0359375,-0.00190063
3.2100e-03,-0.0285938,-0.00144688
3.2200e-03,-0.0273438,-0.00168469
3.2300e-03,-0.040625,-0.002095
3.2400e-03,-0.0382813,-0.00135531
3.2500e-03,-0.0415625,-0.00104312
3.2600e-03,-0.0221875,-0.00140969
3.2700e-03,-0.0307813,-0.00121344
3.2800e-03,-0.0326562,-0.0017425
3.2900e-03,-0.0364063,-0.00110375
3.3000e-03,-0.0357813,-0.00195781
3.3100e-03,-0.028125,-0.00199
3.3200e-03,-0.0351562,-0.00196656
3.3300e-03,-0.0409375,-0.00159875
3.3400e-03,-0.0420312,-0.001465
3.3500e-03,-0.0439063,-0.00131281
3.3600e-03,-0.0409375,-0.000755
3.3700e-03,-0.0335937,-0.00142125
3.3800e-03,-0.0428125,-0.00125813
3.3900e-03,-0.0382813,-0.00179656
3.4000e-03,-0.0229687,-0.00163031
3.4100e-03,-0.0379688,-0.00100406
3.4200e-03,-0.028125,-0.000790938
3.4300e-03,-0.0253125,-0.00119656
3.4400e-03,-0.0296875,-0.00149094
3.4500e-03,-0.03375,-0.00127594
3.4600e-03,-0.0348437,-0.00136406
3.4700e-03,-0.0292188,-0.00189156
3.4800e-03,-0.0282813,-0.000723125
3.4900e-03,-0.0354688,-0.00148719
3.5000e-03,-0.0339062,-0.00171375
3.5100e-03,-0.044375,-0.00124219
3.5200e-03,-0.036875,-0.0013675
3.5300e-03,-0.0360938,-0.00153875
3.5400e-03,-0.0307813,-0.00121
3.5500e-03,-0.0348437,-0.00162938
3.5600e-03,-0.0304688,-0.00076125
3.5700e-03,-0.0285938,-0.00188875
3.5800e-03,-0.0339062,-0.00172813
3.5900e-03,-0.0303125,-0.00150781
3.6000e-03,-0.0301563,-0.00177219
3.6100e-03,-0.0214063,-0.00136531
3.6200e-03,-0.0314062,-0.00155531
3.6300e-03,-0.038125,-0.00146375
3.6400e-03,-0.044375,-0.000975938
3.6500e-03,-0.0448438,-0.00197281
3.6600e-03,-0.0335937,-0.00141188
3.6700e-03,-0.0360938,-0.00151094
3.6800e-03,-0.0432813,-0.00206375
3.6900e-03,-0.0375,-0.001725
3.7000e-03,-0.0326562,-0.00230813
3.7100e-03,-0.0348437,-0.00191906
3.7200e-03,-0.0407813,-0.00080375
3.7300e-03,-0.0359375,-0.00181469
3.7400e-03,-0.0304688,-0.00144156
3.7500e-03,-0.0345312,-0.00131063
3.7600e-03,-0.0357813,-0.00127
3.7700e-03,-0.0332812,-0.00193781
3.7800e-03,-0.0310937,-0.00175438
3.7900e-03,-0.0315625,-0.00157219
3.8000e-03,-0.0326562,-0.00143563
3.8100e-03,-0.0279688,-0.00142531
3.8200e-03,-0.0317188,-0.000993438
3.8300e-03,-0.0282813,-0.001455
3.8400e-03,-0.0414063,-0.00165438
3.8500e-03,-0.033125,-0.00162125
3.8600e-03,-0.0365625,-0.00153719
3.8700e-03,-0.040625,-0.00129125
3.8800e-03,-0.0351562,-0.00127781
3.8900e-03,-0.0323438,-0.00125594
3.9000e-03,-0.03875,-0.00135906
3.9100e-03,-0.0460938,-0.00141313
3.9200e-03,-0.039375,-0.00123125
3.9300e-03,-0.0389063,-0.00213156
3.9400e-03,-0.0285938,-0.00174438
3.9500e-03,-0.03875,-0.00205906
3.9600e-03,-0.0398437,-0.00235781
3.9700e-03,-0.0332812,-0.00149344
3.9800e-03,-0.0317188,-0.00127688
3.9900e-03,-0.0342187,-0.001915
4.0000e-03,-0.0351562,-0.0014725
4.0100e-03,-0.0398437,-0.00178031
4.0200e-03,-0.0454688,-0.00175688
4.0300e-03,-0.041875,-0.00131594
4.0400e-03,-0.0325,-0.00166688
4.0500e-03,-0.0354688,-0.000920625
4.0600e-03,-0.034375,-0.00191344
4.0700e-03,-0.0434375,-0.00135875
4.0800e-03,-0.0335937,-0.000917813
4.0900e-03,-0.0360938,-0.00159344
4.1000e-03,-0.0442188,-0.00118625
4.1100e-03,-0.04,-0.00172688
4.1200e-03,-0.0398437,-0.00183594
4.1300e-03,-0.0376563,-0.00118875
4.1400e-03,-0.0314062,-0.00136219
4.1500e-03,-0.0296875,-0.00160625
4.1600e-03,-0.035,-0.001275
4.1700e-03,-0.03,-0.00085375
4.1800e-03,-0.040625,-0.00137781
4.1900e-03,-0.0357813,-0.00152813
4.2000e-03,-0.0390625,-0.00211781
4.2100e-03,-0.0379688,-0.00130344
4.2200e-03,-0.0320312,-0.00177938
4.2300e-03,-0.0409375,-0.0014675
4.2400e-03,-0.0340625,-0.00168406
4.2500e-03,-0.0440625,-0.00176219
4.2600e-03,-0.04625,-0.00177969
4.2700e-03,-0.026875,-0.00124125
4.2800e-03,-0.02875,-0.00135469
4.2900e-03,-0.0371875,-0.000809688
4.3000e-03,-0.0420312,-0.00151781
4.3100e-03,-0.0392187,-0.00174156
4.3200e-03,-0.0348437,-0.00145719
4.3300e-03,-0.0457813,-0.00187531
4.3400e-03,-0.0321875,-0.00128531
4.3500e-03,-0.0370313,-0.00225063
4.3600e-03,-0.0332812,-0.00231938
4.3700e-03,-0.0409375,-0.00120812
4.3800e-03,-0.0365625,-0.00120875
4.3900e-03,-0.0392187,-0.00139125
4.4000e-03,-0.0351562,-0.00151281
4.4100e-03,-0.0398437,-0.00156406
4.4200e-03,-0.0335937,-0.00150219
4.4300e-03,-0.040625,-0.00148719
4.4400e-03,-0.0403125,-0.00147375
4.4500e-03,-0.0467188,-0.0015075
4.4600e-03,-0.0482812,-0.00155188
4.4700e-03,-0.11625,-0.00141375
4.4800e-03,-0.709844,-0.00278031
4.4900e-03,-1.10406,-0.00494938
4.5000e-03,-1.69109,-0.00646125
4.5100e-03,-2.58484,-0.0072625
4.5200e-03,0.415469,-0.00706125
4.5300e-03,0.112188,-0.0072625
4.5400e-03,0.0996875,-0.00696563
4.5500e-03,0.0873437,-0.00689125
4.5600e-03,0.0660937,-0.0070175
4.5700e-03,0.0490625,-0.00702563
4.5800e-03,0.0582812,-0.00692906
4.5900e-03,0.0614062,-0.00690656
4.6000e-03,0.0557813,-0.00681906
4.6100e-03,0.0475,-0.00696563
4.6200e-03,0.056875,-0.00684438
4.6300e-03,0.0292187,-0.00703375
4.6400e-03,0.0223437,-0.00701781
4.6500e-03,0.03125,-0.00682406
4.6600e-03,0.0165625,-0.00686906
4.6700e-03,0.0384375,-0.00686844
4.6800e-03,0.024375,-0.00691094
4.6900e-03,0.025625,-0.00674563
4.7000e-03,0.024375,-0.00688063
4.7100e-03,0.0204687,-0.00697219
4.7200e-03,0.0214062,-0.00672094
4.7300e-03,0.020625,-0.00632875
4.7400e-03,0.0065625,-0.00314094
4.7500e-03,0.0242188,-0.00156344
4.7600e-03,0.0214062,-0.00162688
4.7700e-03,0.000625,-0.00235
4.7800e-03,0.00609375,-0.002895
4.7900e-03,0.00734375,-0.00173688
4.8000e-03,0.00375,-0.00140531
4.8100e-03,0.0303125,-0.00152094
4.8200e-03,-0.00453125,-0.00106781
4.8300e-03,-0.00859375,-0.00222313
4.8400e-03,0.0146875,-0.00215656
4.8500e-03,0.006875,-0.00211094
4.8600e-03,0.00109375,-0.001475
4.8700e-03,0.00109375,-0.00142469
4.8800e-03,0.0009375,-0.00153406
4.8900e-03,-0.00265625,-0.00196188
4.9000e-03,0.00375,-0.00199156
4.9100e-03,-0.000625,-0.0016475
4.9200e-03,-0.00765625,-0.00208594
4.9300e-03,0.0009375,-0.00196594
4.9400e-03,0.004375,-0.000856563
4.9500e-03,-0.00234375,-0.00142344
4.9600e-03,-0.00171875,-0.002245
4.9700e-03,0.00015625,-0.0025
4.9800e-03,-0.00203125,-0.00218438
4.9900e-03,-0.00796875,-0.00179625
5.0000e-03,-0.0114062,-0.00190438
5.0100e-03,0.004375,-0.00191094
5.0200e-03,-0.0053125,-0.00203969
5.0300e-03,-0.0009375,-0.00161531
5.0400e-03,-0.00984375,-0.00172781
5.0500e-03,-0.00015625,-0.00212688
5.0600e-03,0.00484375,-0.00131063
5.0700e-03,-0.001875,-0.00233281
5.0800e-03,0.00140625,-0.00212313
5.0900e-03,-0.00671875,-0.00179719
5.1000e-03,-0.00234375,-0.00141219
5.1100e-03,-0.0167188,-0.00165656
5.1200e-03,-0.005625,-0.00164
5.1300e-03,-0.0071875,-0.00124906
5.1400e-03,-0.0101563,-0.00200625
5.1500e-03,-0.0190625,-0.0009525
5.1600e-03,-0.01375,-0.00126844
5.1700e-03,-0.0114062,-0.00133406
5.1800e-03,-0.010625,-0.00158875
5.1900e-03,-0.005625,-0.00198656
5.2000e-03,-0.0121875,-0.00237531
5.2100e-03,-0.0178125,-0.00118281
5.2200e-03,-0.00234375,-0.00185469
5.2300e-03,-0.00921875,-0.00196281
5.2400e-03,-0.0025,-0.00142156
5.2500e-03,-0.010625,-0.00210438
5.2600e-03,-0.0104688,-0.000903125
5.2700e-03,-0.0175,-0.00104781
5.2800e-03,-0.0223437,-0.00121406
5.2900e-03,-0.0148437,-0.00121
5.3000e-03,-0.00828125,-0.00208938
5.3100e-03,-0.00375,-0.00157813
5.3200e-03,-0.0114062,-0.001435
5.3300e-03,-0.00640625,-0.00121906
5.3400e-03,-0.00859375,-0.00122313
5.3500e-03,-0.0196875,-0.00209156
5.3600e-03,-0.0117188,-0.001055
5.3700e-03,-0.00890625,-0.001825
5.3800e-03,-0.0242188,-0.00152031
5.3900e-03,-0.01375,-0.0016875
5.4000e-03,-0.0153125,-0.00187813
5.4100e-03,-0.0235938,-0.00139594
5.4200e-03,-0.0120313,-0.00128
5.4300e-03,-0.0185937,-0.00130094
5.4400e-03,-0.0139063,-0.00168563
5.4500e-03,-0.01125,-0.00136031
5.4600e-03,-0.02625,-0.00171938
5.4700e-03,-0.0242188,-0.0018425
5.4800e-03,-0.0154687,-0.00158219
5.4900e-03,-0.0139063,-0.00167469
5.5000e-03,-0.0134375,-0.00165406
5.5100e-03,-0.0225,-0.00168625
5.5200e-03,-0.0120313,-0.00167406
5.5300e-03,-0.0107813,-0.00164656
5.5400e-03,-0.00828125,-0.00153938
5.5500e-03,-0.00796875,-0.00204031
5.5600e-03,-0.0235938,-0.00157406
5.5700e-03,-0.0229687,-0.00192125
5.5800e-03,-0.0151562,-0.00123969
5.5900e-03,-0.0190625,-0.00132344
5.6000e-03,-0.0204688,-0.00217281
5.6100e-03,-0.0160938,-0.00187656
5.6200e-03,-0.0159375,-0.00171406
5.6300e-03,-0.0265625,-0.000616563
5.6400e-03,-0.0179687,-0.00156656
5.6500e-03,-0.0240625,-0.000839375
5.6600e-03,-0.0220313,-0.000628438
5.6700e-03,-0.0189062,-0.00211719
5.6800e-03,-0.0257812,-0.00144031
5.6900e-03,-0.0284375,-0.00121813
5.7000e-03,-0.0326562,-0.00175125
5.7100e-03,-0.0075,-0.00124531
5.7200e-03,-0.0226562,-0.00175438
5.7300e-03,-0.0234375,-0.00166344
5.7400e-03,-0.0346875,-0.0014175
5.7500e-03,-0.0215625,-0.00072375
5.7600e-03,-0.0315625,-0.00214813
5.7700e-03,-0.0276563,-0.00155531
5.7800e-03,-0.0139063,-0.00210281
5.7900e-03,-0.0289063,-0.00205625
5.8000e-03,-0.0215625,-0.00107281
5.8100e-03,-0.02125,-0.00189781
5.8200e-03,-0.0221875,-0.00224125
5.8300e-03,-0.0370313,-0.00166063
5.8400e-03,-0.020625,-0.00150406
5.8500e-03,-0.020625,-0.00144344
5.8600e-03,-0.0239063,-0.00193938
5.8700e-03,-0.0260937,-0.00124625
5.8800e-03,-0.0235938,-0.0022575
5.8900e-03,-0.0160938,-0.00171438
5.9000e-03,-0.0221875,-0.00181719
5.9100e-03,-0.0182812,-0.00175656
5.9200e-03,-0.0207813,-0.00087625
5.9300e-03,-0.0204688,-0.00209625
5.9400e-03,-0.0276563,-0.00216906
5.9500e-03,-0.0376563,-0.00175313
5.9600e-03,-0.0265625,-0.00192031
5.9700e-03,-0.0184375,-0.00139656
5.9800e-03,-0.0254688,-0.00141688
5.9900e-03,-0.0239063,-0.00244688
6.0000e-03,-0.0278125,-0.00181313
6.0100e-03,-0.0178125,-0.00209969
6.0200e-03,-0.0215625,-0.00176656
6.0300e-03,-0.0353125,-0.00117813
6.0400e-03,-0.0225,-0.00136375
6.0500e-03,-0.0151562,-0.00164563
6.0600e-03,-0.0198438,-0.0013375
6.0700e-03,-0.0215625,-0.00193094
6.0800e-03,-0.0198438,-0.00137438
6.0900e-03,-0.014375,-0.00235125
6.1000e-03,-0.0170313,-0.00179031
6.1100e-03,-0.0251563,-0.00146531
6.1200e-03,-0.023125,-0.00188344
6.1300e-03,-0.0289063,-0.00160313
6.1400e-03,-0.0304688,-0.00209125
6.1500e-03,-0.0267187,-0.00124438
6.1600e-03,-0.0182812,-0.00188125
6.1700e-03,-0.025,-0.00172969
6.1800e-03,-0.0304688,-0.000751563
6.1900e-03,-0.0210938,-0.00196719
6.2000e-03,-0.0251563,-0.00100813
6.2100e-03,-0.021875,-0.00125563
6.2200e-03,-0.0253125,-0.00143406
6.2300e-03,-0.0390625,-0.00090125
6.2400e-03,-0.028125,-0.001825
6.2500e-03,-0.026875,-0.00136031
6.2600e-03,-0.0173438,-0.00115406
6.2700e-03,-0.0253125,-0.002225
6.2800e-03,-0.0309375,-0.00160938
6.2900e-03,-0.0282813,-0.00112312
6.3000e-03,-0.0265625,-0.00119844
6.3100e-03,-0.0309375,-0.00157875
6.3200e-03,-0.0190625,-0.00176156
6.3300e-03,-0.0184375,-0.00184969
6.3400e-03,-0.0259375,-0.00197531
6.3500e-03,-0.0264062,-0.00213281
6.3600e-03,-0.0235938,-0.00187813
6.3700e-03,-0.0314062,-0.00119875
6.3800e-03,-0.0296875,-0.00173563
6.3900e-03,-0.0276563,-0.00128969
6.4000e-03,-0.0389063,-0.00122969
6.4100e-03,-0.0315625,-0.00126469
6.4200e-03,-0.0234375,-0.00164813
6.4300e-03,-0.0409375,-0.00165469
6.4400e-03,-0.029375,-0.00127594
6.4500e-03,-0.026875,-0.00215719
6.4600e-03,-0.0292188,-0.00223844
6.4700e-03,-0.0346875,-0.000911875
6.4800e-03,-0.0359375,-0.00184188
6.4900e-03,-0.0354688,-0.00145531
6.5000e-03,-0.0284375,-0.00121125
6.5100e-03,-0.0301563,-0.00111063
6.5200e-03,-0.0342187,-0.00144
6.5300e-03,-0.0365625,-0.00205125
6.5400e-03,-0.0225,-0.00192875
6.5500e-03,-0.0264062,-0.00196406
6.5600e-03,-0.0265625,-0.00174594
6.5700e-03,-0.034375,-0.00192219
6.5800e-03,-0.0248438,-0.00130469
6.5900e-03,-0.0214063,-0.00226125
6.6000e-03,-0.0264062,-0.000982187
6.6100e-03,-0.0365625,-0.00125719
6.6200e-03,-0.00171875,-0.00181813
6.6300e-03,-0.0304688,-0.00141563
6.6400e-03,-0.0285938,-0.00169281
6.6500e-03,-0.0384375,-0.0009975
6.6600e-03,-0.028125,-0.00151219
6.6700e-03,-0.0259375,-0.00217531
6.6800e-03,-0.0234375,-0.00163094
6.6900e-03,-0.0403125,-0.00125438
6.7000e-03,-0.0320312,-0.00163813
6.7100e-03,-0.0248438,-0.00175094
6.7200e-03,-0.0409375,-0.00165
6.7300e-03,-0.0284375,-0.00102656
6.7400e-03,-0.0339062,-0.00129344
6.7500e-03,-0.0409375,-0.000843438
6.7600e-03,-0.0346875,-0.001525
6.7700e-03,-0.0282813,-0.00190219
6.7800e-03,-0.0259375,-0.00119281
6.7900e-03,-0.034375,-0.00158188
6.8000e-03,-0.0271875,-0.00180656
6.8100e-03,-0.04125,-0.00166406
6.8200e-03,-0.0396875,-0.00137969
6.8300e-03,-0.028125,-0.00158625
6.8400e-03,-0.0323438,-0.000898125
6.8500e-03,-0.0404687,-0.000943438
6.8600e-03,-0.0284375,-0.000954063
6.8700e-03,-0.04,-0.00172
6.8800e-03,-0.0207813,-0.00161
6.8900e-03,-0.034375,-0.00170031
6.9000e-03,-0.0342187,-0.00137094
6.9100e-03,-0.0340625,-0.001195
6.9200e-03,-0.045,-0.00168938
6.9300e-03,-0.0478125,-0.00134
6.9400e-03,-0.0301563,-0.00161156
6.9500e-03,-0.045625,-0.00183938
6.9600e-03,-0.0310937,-0.00147188
6.9700e-03,-0.036875,-0.00211656
6.9800e-03,-0.0323438,-0.00084375
6.9900e-03,-0.043125,-0.00215594
7.0000e-03,-0.0317188,-0.00138281
7.0100e-03,-0.0303125,-0.000794375
7.0200e-03,-0.0273438,-0.00161438
7.0300e-03,-0.036875,-0.00157375
7.0400e-03,-0.0301563,-0.00238469
7.0500e-03,-0.0292188,-0.00080875
7.0600e-03,-0.0242188,-0.00150469
7.0700e-03,-0.0345312,-0.00209063
7.0800e-03,-0.0273438,-0.00122313
7.0900e-03,-0.0365625,-0.00150344
7.1000e-03,-0.03125,-0.00154094
7.1100e-03,-0.0264062,-0.00133813
7.1200e-03,-0.0423437,-0.00187281
7.1300e-03,-0.0265625,-0.0013
7.1400e-03,-0.0223437,-0.00154063
7.1500e-03,-0.0378125,-0.00153844
7.1600e-03,-0.0398437,-0.00133031
7.1700e-03,-0.0328125,-0.00129813
7.1800e-03,-0.0284375,-0.00152375
7.1900e-03,-0.0351562,-0.00151781
7.2000e-03,-0.0346875,-0.00160344
7.2100e-03,-0.0321875,-0.00164344
7.2200e-03,-0.0384375,-0.00168719
7.2300e-03,-0.0325,-0.00152719
7.2400e-03,-0.0278125,-0.00132719
7.2500e-03,-0.0275,-0.0018025
7.2600e-03,-0.0245313,-0.00155094
7.2700e-03,-0.0367188,-0.00114437
7.2800e-03,-0.0392187,-0.00103812
7.2900e-03,-0.0398437,-0.00132688
7.3000e-03,-0.04375,-0.00191406
7.3100e-03,-0.0321875,-0.00177063
7.3200e-03,-0.0234375,-0.00189531
7.3300e-03,-0.0409375,-0.00235344
7.3400e-03,-0.035625,-0.00160125
7.3500e-03,-0.0270312,-0.00172813
7.3600e-03,-0.040625,-0.00180375
7.3700e-03,-0.0315625,-0.00140813
7.3800e-03,-0.0245313,-0.00197688
7.3900e-03,-0.0415625,-0.00208281
7.4000e-03,-0.0314062,-0.00190875
7.4100e-03,-0.03,-0.00218969
7.4200e-03,-0.0240625,-0.00126031
7.4300e-03,-0.0329688,-0.00230188
7.4400e-03,-0.0257812,-0.00146156
7.4500e-03,-0.02625,-0.00194969
7.4600e-03,-0.0304688,-0.00235812
7.4700e-03,-0.0370313,-0.00188156
7.4800e-03,-0.02625,-0.00179938
7.4900e-03,-0.0401563,-0.00182875
7.5000e-03,-0.0284375,-0.00159469
7.5100e-03,-0.028125,-0.000938125
7.5200e-03,-0.033125,-0.000999063
7.5300e-03,-0.0353125,-0.00184031
7.5400e-03,-0.0335937,-0.000923125
7.5500e-03,-0.0317188,-0.00187875
7.5600e-03,-0.0307813,-0.0012275
7.5700e-03,-0.0390625,-0.00132875
7.5800e-03,-0.0364063,-0.00214219
7.5900e-03,-0.0370313,-0.00164125
7.6000e-03,-0.0335937,-0.00161281
7.6100e-03,-0.0415625,-0.00162094
7.6200e-03,-0.035,-0.000929688
7.6300e-03,-0.0378125,-0.00169688
7.6400e-03,-0.0375,-0.00173844
7.6500e-03,-0.0271875,-0.00199531
7.6600e-03,-0.0404687,-0.00154656
7.6700e-03,-0.02875,-0.00210156
7.6800e-03,-0.0301563,-0.00196281
7.6900e-03,-0.0320312,-0.0018225
7.7000e-03,-0.040625,-0.0019975
7.7100e-03,-0.0370313,-0.00149125
7.7200e-03,-0.0426562,-0.0013
7.7300e-03,-0.0410937,-0.00181938
7.7400e-03,-0.0370313,-0.0015475
7.7500e-03,-0.0346875,-0.00186344
7.7600e-03,-0.0496875,-0.00153688
7.7700e-03,-0.0317188,-0.00101344
7.7800e-03,-0.0392187,-0.00176
7.7900e-03,-0.0517188,-0.00156063
7.8000e-03,-0.0365625,-0.00142969
7.8100e-03,-0.04,-0.00185063
7.8200e-03,-0.0357813,-0.00170156
7.8300e-03,-0.0323438,-0.00180281
7.8400e-03,-0.0390625,-0.000739375
7.8500e-03,-0.0260937,-0.00260656
7.8600e-03,-0.03875,-0.00171875
7.8700e-03,-0.0432813,-0.00164094
7.8800e-03,-0.0384375,-0.00205406
7.8900e-03,-0.0329688,-0.00102719
7.9000e-03,-0.04375,-0.00168531
7.9100e-03,-0.045625,-0.00173563
7.9200e-03,-0.040625,-0.00187344
7.9300e-03,-0.0423437,-0.00162781
7.9400e-03,-0.0314062,-0.00137906
7.9500e-03,-0.0395313,-0.00167063
7.9600e-03,-0.04875,-0.00222188
7.9700e-03,-0.0482812,-0.00166719
7.9800e-03,-0.03125,-0.000866875
7.9900e-03,-0.0190625,-0.0016225
8.0000e-03,-0.0396875,-0.00147125
8.0100e-03,-0.0310937,-0.00163063
8.0200e-03,-0.0270312,-0.00120406
8.0300e-03,-0.0395313,-0.0017125
8.0400e-03,-0.0357813,-0.00194781
8.0500e-03,-0.0414063,-0.00235313
8.0600e-03,-0.0404687,-0.00182188
8.0700e-03,-0.0232812,-0.00152938
8.0800e-03,-0.0475,-0.00217938
8.0900e-03,-0.0378125,-0.00217188
8.1000e-03,-0.0417187,-0.00163813
8.1100e-03,-0.041875,-0.0014175
8.1200e-03,-0.0425,-0.00227344
8.1300e-03,-0.0382813,-0.00135781
8.1400e-03,-0.0334375,-0.000560938
8.1500e-03,-0.0365625,-0.00174813
8.1600e-03,-0.0360938,-0.0011725
8.1700e-03,-0.0315625,-0.000992188
8.1800e-03,-0.0348437,-0.00151688
8.1900e-03,-0.0385937,-0.00158688
8.2000e-03,-0.03,-0.00195156
8.2100e-03,-0.043125,-0.00142594
8.2200e-03,-0.039375,-0.00160031
8.2300e-03,-0.0376563,-0.0011925
8.2400e-03,-0.0295313,-0.00153813
8.2500e-03,-0.0359375,-0.00137094
8.2600e-03,-0.0325,-0.00177531
8.2700e-03,-0.03375,-0.00186063
8.2800e-03,-0.0354688,-0.00128125
8.2900e-03,-0.040625,-0.00118063
8.3000e-03,-0.0314062,-0.00116438
8.3100e-03,-0.045625,-0.0016825
8.3200e-03,-0.0465625,-0.00138219
8.3300e-03,-0.046875,-0.0021075
8.3400e-03,-0.0445313,-0.00135531
8.3500e-03,-0.0446875,-0.0010825
8.3600e-03,-0.02875,-0.00159281
8.3700e-03,-0.0415625,-0.002015
8.3800e-03,-0.0379688,-0.00201719
8.3900e-03,-0.0304688,-0.00190031
8.4000e-03,-0.0323438,-0.00150969
8.4100e-03,-0.0365625,-0.00177719
8.4200e-03,-0.035,-0.00147625
8.4300e-03,-0.0342187,-0.00147438
8.4400e-03,-0.0460938,-0.00149438
8.4500e-03,-0.0434375,-0.00182625
8.4600e-03,-0.035,-0.00168656
8.4700e-03,-0.0360938,-0.00115563
8.4800e-03,-0.0442188,-0.00155844
8.4900e-03,-0.034375,-0.0013625
8.5000e-03,-0.0432813,-0.0022875
8.5100e-03,-0.04125,-0.00214531
8.5200e-03,-0.040625,-0.00155094
8.5300e-03,-0.0440625,-0.00225594
8.5400e-03,-0.0304688,-0.001665
8.5500e-03,-0.0453125,-0.0014775
8.5600e-03,-0.0526563,-0.00172813
8.5700e-03,-0.04125,-0.00177156
8.5800e-03,-0.0445313,-0.00233438
8.5900e-03,-0.0379688,-0.0015425
8.6000e-03,-0.035625,-0.00164344
8.6100e-03,-0.03,-0.00211688
8.6200e-03,-0.0342187,-0.00102594
8.6300e-03,-0.0326562,-0.00164156
8.6400e-03,-0.0295313,-0.0013825
8.6500e-03,-0.0448438,-0.00155188
8.6600e-03,-0.0360938,-0.00167906
8.6700e-03,-0.0490625,-0.00101219
8.6800e-03,-0.0307813,-0.00128156
8.6900e-03,-0.0589063,-0.00139344
8.7000e-03,-0.0471875,-0.00106281
8.7100e-03,-0.0392187,-0.00116094
8.7200e-03,-0.0451563,-0.00141313
8.7300e-03,-0.0353125,-0.000477188
8.7400e-03,-0.0364063,-0.00204188
8.7500e-03,-0.0425,-0.00121094
8.7600e-03,-0.035625,-0.00207
8.7700e-03,-0.04875,-0.000847188
8.7800e-03,-0.0392187,-0.000943438
8.7900e-03,-0.0570313,-0.00198438
8.8000e-03,-0.0485938,-0.00193594
8.8100e-03,-0.0332812,-0.00152406
8.8200e-03,-0.0384375,-0.00152906
8.8300e-03,-0.038125,-0.00128813
8.8400e-03,-0.035625,-0.00191156
8.8500e-03,-0.0503125,-0.00172031
8.8600e-03,-0.0453125,-0.00233719
8.8700e-03,-0.0328125,-0.00144063
8.8800e-03,-0.0403125,-0.0013825
8.8900e-03,-0.0364063,-0.00238969
8.9000e-03,-0.041875,-0.00165813
8.9100e-03,-0.0309375,-0.00169625
8.9200e-03,-0.0410937,-0.0015375
8.9300e-03,-0.0435938,-0.000846875
8.9400e-03,-0.038125,-0.00180219
8.9500e-03,-0.0451563,-0.00155656
8.9600e-03,-0.03875,-0.00181656
8.9700e-03,-0.0332812,-0.00178875
8.9800e-03,-0.0378125,-0.00159344
8.9900e-03,-0.0428125,-0.00115406
9.0000e-03,-0.0332812,-0.00178406
9.0100e-03,-0.038125,-0.00151875
9.0200e-03,-0.0390625,-0.00169
9.0300e-03,-0.0470312,-0.00159531
9.0400e-03,-0.03625,-0.00121281
9.0500e-03,-0.0503125,-0.00119531
9.0600e-03,-0.050625,-0.00116281
9.0700e-03,-0.036875,-0.00118844
9.0800e-03,-0.0359375,-0.00203375
9.0900e-03,-0.045625,-0.00115438
9.1000e-03,-0.0278125,-0.00158
9.1100e-03,-0.0421875,-0.00175406
9.1200e-03,-0.0398437,-0.00122594
9.1300e-03,-0.0507812,-0.00108969
9.1400e-03,-0.0489062,-0.00143844
9.1500e-03,-0.0445313,-0.00150813
9.1600e-03,-0.0328125,-0.00186625
9.1700e-03,-0.0460938,-0.000990313
9.1800e-03,-0.0317188,-0.00161156
9.1900e-03,-0.0470312,-0.00122281
9.2000e-03,-0.0475,-0.00161313
9.2100e-03,-0.0475,-0.00202406
9.2200e-03,-0.0415625,-0.000780313
9.2300e-03,-0.0403125,-0.00132219
9.2400e-03,-0.0403125,-0.00130625
9.2500e-03,-0.0484375,-0.00156938
9.2600e-03,-0.05,-0.001515
9.2700e-03,-0.045625,-0.000496875
9.2800e-03,-0.03875,-0.00213656
9.2900e-03,-0.041875,-0.00152219
9.3000e-03,-0.0440625,-0.00147719
9.3100e-03,-0.0376563,-0.00154281
9.3200e-03,-0.0496875,-0.00146656
9.3300e-03,-0.0421875,-0.00188813
9.3400e-03,-0.0345312,-0.00112063
9.3500e-03,-0.0375,-0.00118844
9.3600e-03,-0.0371875,-0.00120031
9.3700e-03,-0.0409375,-0.00151313
9.3800e-03,-0.0260937,-0.00189688
9.3900e-03,-0.0440625,-0.00135531
9.4000e-03,-0.0357813,-0.000955313
9.4100e-03,-0.043125,-0.00175344
9.4200e-03,-0.0414063,-0.00149625
9.4300e-03,-0.050625,-0.00169031
9.4400e-03,-0.0345312,-0.00186156
9.4500e-03,-0.0464062,-0.00168313
9.4600e-03,-0.043125,-0.00142969
9.4700e-03,-0.0364063,-0.00192375
9.4800e-03,-0.040625,-0.00210594
9.4900e-03,-0.0421875,-0.00115281
9.5000e-03,-0.0323438,-0.00179969
9.5100e-03,-0.0429688,-0.00174906
9.5200e-03,-0.0385937,-0.00200687
9.5300e-03,-0.035,-0.00127281
9.5400e-03,-0.0439063,-0.00170469
9.5500e-03,-0.04625,-0.000810625
9.5600e-03,-0.02875,-0.00154844
9.5700e-03,-0.0528125,-0.00178188
9.5800e-03,-0.0429688,-0.000985625
9.5900e-03,-0.041875,-0.00113188
9.6000e-03,-0.05,-0.00143375
9.6100e-03,-0.0489062,-0.00152344
9.6200e-03,-0.0448438,-0.00181563
9.6300e-03,-0.0365625,-0.00223938
9.6400e-03,-0.0392187,-0.001295
9.6500e-03,-0.0407813,-0.00133438
9.6600e-03,-0.0414063,-0.00282375
9.6700e-03,-0.0384375,-0.001515
9.6800e-03,-0.0326562,-0.00241719
9.6900e-03,-0.0448438,-0.00171344
9.7000e-03,-0.0385937,-0.00141969
9.7100e-03,-0.038125,-0.00190281
9.7200e-03,-0.0410937,-0.00138063
9.7300e-03,-0.0404687,-0.002145
9.7400e-03,-0.0385937,-0.00137625
9.7500e-03,-0.035625,-0.00105156
9.7600e-03,-0.0332812,-0.00132188
9.7700e-03,-0.046875,-0.00186844
9.7800e-03,-0.0420312,-0.00204531
9.7900e-03,-0.04375,-0.000876875
9.8000e-03,-0.0339062,-0.00120719
9.8100e-03,-0.0501562,-0.0015575
9.8200e-03,-0.03875,-0.00103875
9.8300e-03,-0.0535937,-0.00187469
9.8400e-03,-0.0360938,-0.000894375
9.8500e-03,-0.0529687,-0.0022725
9.8600e-03,-0.0409375,-0.0016925
9.8700e-03,-0.0423437,-0.0015175
9.8800e-03,-0.0410937,-0.00165625
9.8900e-03,-0.0448438,-0.00138563
9.9000e-03,-0.0360938,-0.00166188
9.9100e-03,-0.0373438,-0.00162094
9.9200e-03,-0.0348437,-0.00176406
9.9300e-03,-0.0590625,-0.00178969
9.9400e-03,-0.03625,-0.00129688
9.9500e-03,-0.039375,-0.00157063
9.9600e-03,-0.0470312,-0.000954688
9.9700e-03,-0.0367188,-0.00221344
9.9800e-03,-0.04125,-0.00095875
9.9900e-03,-0.0379688,-0.00139813
1.0000e-02,-0.0432813,-0.00146813
1.0010e-02,-0.0365625,-0.00189313
1.0020e-02,-0.05125,-0.00145375
1.0030e-02,-0.038125,-0.00119531
1.0040e-02,-0.035625,-0.00158125
1.0050e-02,-0.0417187,-0.00131219
1.0060e-02,-0.036875,-0.00128281
1.0070e-02,-0.0501562,-0.00166813
1.0080e-02,-0.0357813,-0.00138375
1.0090e-02,-0.0534375,-0.00144844
1.0100e-02,-0.055625,-0.00124344
1.0110e-02,-0.0432813,-0.00166281
1.0120e-02,-0.0385937,-0.001525
1.0130e-02,-0.03125,-0.00113656
1.0140e-02,-0.0475,-0.00177844
1.0150e-02,-0.0401563,-0.0016775
1.0160e-02,-0.0367188,-0.00127594
1.0170e-02,-0.0389063,-0.00152031
1.0180e-02,-0.0454688,-0.00103781
1.0190e-02,-0.0473438,-0.00161188
1.0200e-02,-0.0342187,-0.00244625
1.0210e-02,-0.03875,-0.00101813
1.0220e-02,-0.053125,-0.00178188
1.0230e-02,-0.0285938,-0.00159625
1.0240e-02,-0.0454688,-0.00166094
1.0250e-02,-0.0496875,-0.000864688
1.0260e-02,-0.048125,-0.00158531
1.0270e-02,-0.0540625,-0.00183031
1.0280e-02,-0.0382813,-0.000859063
1.0290e-02,-0.0395313,-0.00155125
1.0300e-02,-0.04,-0.00193719
1.0310e-02,-0.0396875,-0.00182781
1.0320e-02,-0.0417187,-0.00106188
1.0330e-02,-0.0407813,-0.00191031
1.0340e-02,-0.044375,-0.00173125
1.0350e-02,-0.04625,-0.00197594
1.0360e-02,-0.0507812,-0.00156563
1.0370e-02,-0.0470312,-0.00103156
1.0380e-02,-0.0367188,-0.00214156
1.0390e-02,-0.0592188,-0.00167938
1.0400e-02,-0.0378125,-0.00172063
1.0410e-02,-0.0540625,-0.00170813
1.0420e-02,-0.0532813,-0.00138375
1.0430e-02,-0.0440625,-0.00137219
1.0440e-02,-0.0428125,-0.00143156
1.0450e-02,-0.0315625,-0.00154781
1.0460e-02,-0.0390625,-0.00194469
1.0470e-02,-0.0371875,-0.00147188
1.0480e-02,-0.0496875,-0.00187969
1.0490e-02,-0.050625,-0.001275
1.0500e-02,-0.0445313,-0.00107563
1.0510e-02,-0.0559375,-0.00125688
1.0520e-02,-0.0453125,-0.00152156
1.0530e-02,-0.0298438,-0.001315
1.0540e-02,-0.04,-0.00161406
1.0550e-02,-0.0498438,-0.00146313
1.0560e-02,-0.0382813,-0.00111906
1.0570e-02,-0.036875,-0.00164438
1.0580e-02,-0.0501562,-0.00117719
1.0590e-02,-0.0442188,-0.00146563
1.0600e-02,-0.0495312,-0.000625938
1.0610e-02,-0.0520313,-0.00134625
1.0620e-02,-0.0439063,-0.00166781
1.0630e-02,-0.0476562,-0.00150938
1.0640e-02,-0.0423437,-0.00100625
1.0650e-02,-0.0357813,-0.00107906
1.0660e-02,-0.0470312,-0.00150469
1.0670e-02,-0.0465625,-0.00170719
1.0680e-02,-0.04,-0.00196469
1.0690e-02,-0.0484375,-0.00188
1.0700e-02,-0.0446875,-0.000834063
1.0710e-02,-0.0484375,-0.00238469
1.0720e-02,-0.0473438,-0.00122969
1.0730e-02,-0.04875,-0.00172625
1.0740e-02,-0.048125,-0.00152281
1.0750e-02,-0.0423437,-0.0016125
1.0760e-02,-0.048125,-0.00182188
1.0770e-02,-0.0514063,-0.00132563
1.0780e-02,-0.0445313,-0.00174219
1.0790e-02,-0.0495312,-0.0017225
1.0800e-02,-0.048125,-0.00135125
1.0810e-02,-0.043125,-0.00104813
1.0820e-02,-0.0379688,-0.001285
1.0830e-02,-0.055,-0.00155406
1.0840e-02,-0.0370313,-0.00128094
1.0850e-02,-0.04,-0.00119719
1.0860e-02,-0.0375,-0.00138156
1.0870e-02,-0.0415625,-0.000998125
1.0880e-02,-0.0340625,-0.00116781
1.0890e-02,-0.0385937,-0.00142563
1.0900e-02,-0.0501562,-0.00133375
1.0910e-02,-0.0429688,-0.00175156
1.0920e-02,-0.0565625,-0.00208313
1.0930e-02,-0.0376563,-0.000858438
1.0940e-02,-0.04,-0.00169406
1.0950e-02,-0.0514063,-0.00163813
1.0960e-02,-0.0475,-0.00145344
1.0970e-02,-0.0514063,-0.00177719
1.0980e-02,-0.0432813,-0.00146625
1.0990e-02,-0.0453125,-0.001065
1.1000e-02,-0.0528125,-0.00200781
1.1010e-02,-0.0545313,-0.00121063
1.1020e-02,-0.0445313,-0.00204188
1.1030e-02,-0.0503125,-0.00123281
1.1040e-02,-0.0342187,-0.00141594
1.1050e-02,-0.041875,-0.00188094
1.1060e-02,-0.0409375,-0.00115156
1.1070e-02,-0.040625,-0.00156344
1.1080e-02,-0.031875,-0.00196875
1.1090e-02,-0.0509375,-0.00214844
1.1100e-02,-0.039375,-0.0022175
1.1110e-02,-0.0540625,-0.000804375
1.1120e-02,-0.055,-0.0019475
1.1130e-02,-0.0517188,-0.00168781
1.1140e-02,-0.0509375,-0.000685313
1.1150e-02,-0.0451563,-0.001425
1.1160e-02,-0.0501562,-0.00165094
1.1170e-02,-0.0403125,-0.00151969
1.1180e-02,-0.0534375,-0.000998125
1.1190e-02,-0.045,-0.000761563
1.1200e-02,-0.053125,-0.00121844
1.1210e-02,-0.055,-0.00157438
1.1220e-02,-0.0509375,-0.00204
1.1230e-02,-0.03625,-0.00165219
1.1240e-02,-0.0510938,-0.00176031
1.1250e-02,-0.038125,-0.00113406
1.1260e-02,-0.03625,-0.00114844
1.1270e-02,-0.0435938,-0.00172063
1.1280e-02,-0.0328125,-0.00171875
1.1290e-02,-0.0475,-0.00118625
1.1300e-02,-0.0446875,-0.000832188
1.1310e-02,-0.0446875,-0.00195875
1.1320e-02,-0.0345312,-0.00171625
1.1330e-02,-0.03125,-0.00208375
1.1340e-02,-0.0517188,-0.00135313
1.1350e-02,-0.0465625,-0.00160469
1.1360e-02,-0.0423437,-0.00162281
1.1370e-02,-0.0523437,-0.00227563
1.1380e-02,-0.0489062,-0.00245
1.1390e-02,-0.025,-0.00222281
1.1400e-02,-0.048125,-0.00141813
1.1410e-02,-0.0448438,-0.00148156
1.1420e-02,-0.0434375,-0.00156125
1.1430e-02,-0.0454688,-0.002155
1.1440e-02,-0.05125,-0.00146906
1.1450e-02,-0.0485938,-0.00151656
1.1460e-02,-0.0470312,-0.00142719
1.1470e-02,-0.0357813,-0.0013225
1.1480e-02,-0.0528125,-0.00149406
1.1490e-02,-0.0367188,-0.001395
1.1500e-02,-0.0553125,-0.00142031
1.1510e-02,-0.029375,-0.00154406
1.1520e-02,-0.0420312,-0.00115563
1.1530e-02,-0.0492188,-0.00160938
1.1540e-02,-0.0221875,-0.00119063
1.1550e-02,-0.053125,-0.00155156
1.1560e-02,-0.0453125,-0.00216813
1.1570e-02,-0.0378125,-0.00172281
1.1580e-02,-0.0542187,-0.00210594
1.1590e-02,-0.0415625,-0.001325
1.1600e-02,-0.0475,-0.00134625
1.1610e-02,-0.0540625,-0.00140781
1.1620e-02,-0.0475,-0.0011775
1.1630e-02,-0.0471875,-0.00162375
1.1640e-02,-0.0451563,-0.00113625
1.1650e-02,-0.0396875,-0.00144719
1.1660e-02,-0.0373438,-0.00112781
1.1670e-02,-0.0371875,-0.00120969
1.1680e-02,-0.04125,-0.00144625
1.1690e-02,-0.0367188,-0.00152781
1.1700e-02,-0.03875,-0.00230563
1.1710e-02,-0.04875,-0.00211188
1.1720e-02,-0.0504687,-0.00143469
1.1730e-02,-0.0425,-0.00173906
1.1740e-02,-0.0507812,-0.00137531
1.1750e-02,-0.0475,-0.00158656
1.1760e-02,-0.0515625,-0.00107688
1.1770e-02,-0.0448438,-0.00200406
1.1780e-02,-0.0478125,-0.00163406
1.1790e-02,-0.0476562,-0.00103188
1.1800e-02,-0.0415625,-0.00138406
1.1810e-02,-0.03875,-0.00216188
1.1820e-02,-0.046875,-0.00163406
1.1830e-02,-0.0434375,-0.00215219
1.1840e-02,-0.0370313,-0.00185375
1.1850e-02,-0.060625,-0.00178813
1.1860e-02,-0.043125,-0.00171281
1.1870e-02,-0.0559375,-0.00174
1.1880e-02,-0.0421875,-0.00181563
1.1890e-02,-0.0532813,-0.00146344
1.1900e-02,-0.0471875,-0.00124969
1.1910e-02,-0.043125,-0.00161219
1.1920e-02,-0.0559375,-0.00139313
1.1930e-02,-0.053125,-0.00166563
1.1940e-02,-0.0489062,-0.00206813
1.1950e-02,-0.0509375,-0.00163531
1.1960e-02,-0.0473438,-0.00161656
1.1970e-02,-0.0534375,-0.00117688
1.1980e-02,-0.0485938,-0.00126625
1.1990e-02,-0.0364063,-0.001475
1.2000e-02,-0.0371875,-0.00144625
1.2010e-02,-0.0476562,-0.00243969
1.2020e-02,-0.0457813,-0.00162156
1.2030e-02,-0.0403125,-0.00141125
1.2040e-02,-0.04,-0.00159531
1.2050e-02,-0.04125,-0.00133313
1.2060e-02,-0.0465625,-0.00179531
1.2070e-02,-0.05125,-0.00202406
1.2080e-02,-0.0367188,-0.00198188
1.2090e-02,-0.0503125,-0.00166094
1.2100e-02,-0.0421875,-0.00227094
1.2110e-02,-0.0695313,-0.00210156
1.2120e-02,-0.0410937,-0.00169531
1.2130e-02,-0.0451563,-0.00127906
1.2140e-02,-0.0395313,-0.00129781
1.2150e-02,-0.0576563,-0.00081
1.2160e-02,-0.0473438,-0.00167031
1.2170e-02,-0.049375,-0.00169688
1.2180e-02,-0.0385937,-0.00101781
1.2190e-02,-0.048125,-0.00134875
1.2200e-02,-0.0535937,-0.00181344
1.2210e-02,-0.0425,-0.00164844
1.2220e-02,-0.0495312,-0.00153313
1.2230e-02,-0.0548437,-0.00133375
1.2240e-02,-0.0489062,-0.00155031
1.2250e-02,-0.0440625,-0.00143469
1.2260e-02,-0.0560937,-0.00186781
1.2270e-02,-0.0478125,-0.00162781
1.2280e-02,-0.0514063,-0.00179344
1.2290e-02,-0.0410937,-0.00187531
1.2300e-02,-0.0514063,-0.00143219
1.2310e-02,-0.0485938,-0.00134188
1.2320e-02,-0.0359375,-0.00136313
1.2330e-02,-0.0445313,-0.00117094
1.2340e-02,-0.045,-0.00236656
1.2350e-02,-0.0510938,-0.00161656
1.2360e-02,-0.0501562,-0.00242719
1.2370e-02,-0.0429688,-0.00226594
1.2380e-02,-0.0457813,-0.00194969
1.2390e-02,-0.0507812,-0.00242344
1.2400e-02,-0.045,-0.00120969
1.2410e-02,-0.0565625,-0.00159906
1.2420e-02,-0.03875,-0.00144844
1.2430e-02,-0.0475,-0.00147781
1.2440e-02,-0.0457813,-0.00151656
1.2450e-02,-0.0478125,-0.00139469
1.2460e-02,-0.0445313,-0.00144
1.2470e-02,-0.0464062,-0.00153625
1.2480e-02,0.981719,-0.00218344
1.2490e-02,0.45875,-0.004855
1.2500e-02,-0.0210938,-0.00630219
1.2510e-02,-0.416563,-0.00705656
1.2520e-02,-0.307031,-0.00762563
1.2530e-02,0.118906,-0.00705813
1.2540e-02,0.102344,-0.0069725
1.2550e-02,0.0960937,-0.00694406
1.2560e-02,0.0729687,-0.00692688
1.2570e-02,0.0615625,-0.00698875
1.2580e-02,0.0728125,-0.00704469
1.2590e-02,0.05,-0.00690594
1.2600e-02,0.0525,-0.00683469
1.2610e-02,0.0509375,-0.00701594
1.2620e-02,0.0389063,-0.00699188
1.2630e-02,0.0353125,-0.00708938
1.2640e-02,0.0415625,-0.00690656
1.2650e-02,0.03375,-0.00695188
1.2660e-02,0.0409375,-0.00683156
1.2670e-02,0.0203125,-0.00682344
1.2680e-02,0.024375,-0.00676281
1.2690e-02,0.0251563,-0.00675281
1.2700e-02,0.035,-0.00692938
1.2710e-02,0.0298437,-0.0069075
1.2720e-02,0.0225,-0.00684469
1.2730e-02,0.0229687,-0.00650625
1.2740e-02,0.019375,-0.00417937
1.2750e-02,0.0223437,-0.00172594
1.2760e-02,0.0101562,-0.00217969
1.2770e-02,0.0103125,-0.00276438
1.2780e-02,0.0170313,-0.00243281
1.2790e-02,0.006875,-0.00290938
1.2800e-02,0.00390625,-0.00078
1.2810e-02,0.0190625,-0.000530938
1.2820e-02,0.00203125,-0.00160688
1.2830e-02,0.0025,-0.00189438
1.2840e-02,0.00515625,-0.00317844
1.2850e-02,-0.00140625,-0.00264156
1.2860e-02,0.0115625,-0.00144188
1.2870e-02,0.0040625,-0.00151656
1.2880e-02,0.00703125,-0.000710938
1.2890e-02,0.00796875,-0.00184313
1.2900e-02,0.00734375,-0.00156094
1.2910e-02,0.0040625,-0.0013725
1.2920e-02,0.0028125,-0.00144406
1.2930e-02,-0.00140625,-0.000998125
1.2940e-02,0.00375,-0.00155313
1.2950e-02,-0.00671875,-0.00153156
1.2960e-02,0.00890625,-0.00149219
1.2970e-02,0.00609375,-0.00174563
1.2980e-02,-0.00734375,-0.00200094
1.2990e-02,-0.00125,-0.00226563
1.3000e-02,-0.0101563,-0.00223031
1.3010e-02,-0.0104688,-0.00180188
1.3020e-02,-0.00046875,-0.00155219
1.3030e-02,-0.00296875,-0.00155688
1.3040e-02,0.0021875,-0.00147969
1.3050e-02,-0.0103125,-0.00147406
1.3060e-02,-0.004375,-0.00151938
1.3070e-02,-0.0140625,-0.00146125
1.3080e-02,0.00359375,-0.00165844
1.3090e-02,-0.00453125,-0.00193313
1.3100e-02,-0.00109375,-0.0020425
1.3110e-02,-0.0084375,-0.00142
1.3120e-02,-0.0173438,-0.00187813
1.3130e-02,-0.0120313,-0.00151781
1.3140e-02,-0.001875,-0.00176531
1.3150e-02,-0.0107813,-0.00154
1.3160e-02,-0.0114062,-0.00218406
1.3170e-02,-0.00484375,-0.00169594
1.3180e-02,-0.00875,-0.00171563
1.3190e-02,0.00125,-0.00147563
1.3200e-02,-0.0075,-0.00179719
1.3210e-02,-0.01375,-0.0018925
1.3220e-02,-0.0123438,-0.00113688
1.3230e-02,-0.01,-0.00139438
1.3240e-02,-0.004375,-0.00152219
1.3250e-02,-0.0090625,-0.00157781
1.3260e-02,-0.0135937,-0.00155125
1.3270e-02,-0.0142188,-0.00140781
1.3280e-02,-0.00703125,-0.00101844
1.3290e-02,-0.0059375,-0.00204781
1.3300e-02,-0.0025,-0.00211844
1.3310e-02,-0.0121875,-0.00229688
1.3320e-02,-0.020625,-0.00133781
1.3330e-02,-0.0207813,-0.00175125
1.3340e-02,-0.00921875,-0.001725
1.3350e-02,-0.0129688,-0.00144625
1.3360e-02,-0.0117188,-0.00177844
1.3370e-02,-0.0142188,-0.00203719
1.3380e-02,-0.0165625,-0.00237313
1.3390e-02,-0.020625,-0.0018725
1.3400e-02,-0.0139063,-0.00155406
1.3410e-02,-0.0267187,-0.00193125
1.3420e-02,-0.0104688,-0.000909688
1.3430e-02,-0.0192187,-0.00127469
1.3440e-02,-0.0184375,-0.00160375
1.3450e-02,-0.0184375,-0.00134531
1.3460e-02,-0.0170313,-0.00176313
1.3470e-02,-0.02,-0.00200969
1.3480e-02,-0.0176563,-0.00166344
1.3490e-02,-0.0132813,-0.002295
1.3500e-02,-0.0210938,-0.00131719
1.3510e-02,-0.0240625,-0.00203844
1.3520e-02,-0.0207813,-0.00247094
1.3530e-02,-0.0192187,-0.00131688
1.3540e-02,-0.0242188,-0.00194625
1.3550e-02,-0.0195312,-0.00164313
1.3560e-02,-0.0101563,-0.00163563
1.3570e-02,-0.019375,-0.00206188
1.3580e-02,-0.0126563,-0.00171656
1.3590e-02,-0.011875,-0.000929063
1.3600e-02,-0.0160938,-0.000810625
1.3610e-02,-0.0214063,-0.00206313
1.3620e-02,-0.025625,-0.00192219
1.3630e-02,-0.030625,-0.00184188
1.3640e-02,-0.0196875,-0.00156188
1.3650e-02,-0.0223437,-0.00114656
1.3660e-02,-0.00796875,-0.0017525
1.3670e-02,-0.0296875,-0.00131906
1.3680e-02,-0.023125,-0.00209
1.3690e-02,-0.02125,-0.00200563
1.3700e-02,-0.01625,-0.00172563
1.3710e-02,0.00078125,-0.00208563
1.3720e-02,-0.015625,-0.00171281
1.3730e-02,-0.0228125,-0.00216906
1.3740e-02,-0.0251563,-0.00162313
1.3750e-02,-0.0198438,-0.00118375
1.3760e-02,-0.00546875,-0.00165969
1.3770e-02,-0.0228125,-0.00132813
1.3780e-02,-0.0140625,-0.00159531
1.3790e-02,-0.0214063,-0.00105063
1.3800e-02,-0.0154687,-0.00154156
1.3810e-02,-0.0175,-0.00227
1.3820e-02,-0.0242188,-0.00127844
1.3830e-02,-0.015,-0.00208313
1.3840e-02,-0.0146875,-0.00203125
1.3850e-02,-0.0190625,-0.00166063
1.3860e-02,-0.0125,-0.00139375
1.3870e-02,-0.019375,-0.00166844
1.3880e-02,-0.015625,-0.00195969
1.3890e-02,-0.0148437,-0.0015725
1.3900e-02,-0.028125,-0.00148844
1.3910e-02,-0.0182812,-0.00232438
1.3920e-02,-0.0248438,-0.00143813
1.3930e-02,-0.026875,-0.00183906
1.3940e-02,-0.0225,-0.00182781
1.3950e-02,-0.0264062,-0.00111406
1.3960e-02,-0.0239063,-0.00180688
1.3970e-02,-0.0171875,-0.00196875
1.3980e-02,-0.0228125,-0.00183
1.3990e-02,-0.0178125,-0.00133531
1.4000e-02,-0.0271875,-0.001355
1.4010e-02,-0.0190625,-0.00129625
1.4020e-02,-0.0198438,-0.00116969
1.4030e-02,-0.0317188,-0.000775313
1.4040e-02,-0.0198438,-0.00142875
1.4050e-02,-0.0170313,-0.00139438
1.4060e-02,-0.025,-0.0014475
1.4070e-02,-0.020625,-0.00205594
1.4080e-02,-0.034375,-0.00156469
1.4090e-02,-0.03,-0.00189344
1.4100e-02,-0.0248438,-0.00151688
1.4110e-02,-0.0257812,-0.0016225
1.4120e-02,-0.0189062,-0.00197031
1.4130e-02,-0.0401563,-0.00192719
1.4140e-02,-0.0348437,-0.00120531
1.4150e-02,-0.0153125,-0.00155313
1.4160e-02,-0.03,-0.00196344
1.4170e-02,-0.0289063,-0.00157438
1.4180e-02,-0.0234375,-0.00117313
1.4190e-02,-0.024375,-0.00191438
1.4200e-02,-0.0226562,-0.00196031
1.4210e-02,-0.0235938,-0.0022025
1.4220e-02,-0.0235938,-0.0012775
1.4230e-02,-0.0251563,-0.00128031
1.4240e-02,-0.0278125,-0.00139906
1.4250e-02,-0.0278125,-0.00209094
1.4260e-02,-0.036875,-0.00111156
1.4270e-02,-0.0198438,-0.00137406
1.4280e-02,-0.0340625,-0.00171063
1.4290e-02,-0.0323438,-0.00111656
1.4300e-02,-0.033125,-0.00267125
1.4310e-02,-0.031875,-0.00108875
1.4320e-02,-0.03,-0.00189031
1.4330e-02,-0.019375,-0.00150125
1.4340e-02,-0.02,-0.0016525
1.4350e-02,-0.0309375,-0.00134094
1.4360e-02,-0.0239063,-0.00172438
1.4370e-02,-0.0232812,-0.00146
1.4380e-02,-0.0232812,-0.00166469
1.4390e-02,-0.03375,-0.00139969
1.4400e-02,-0.0429688,-0.00153531
1.4410e-02,-0.0182812,-0.00110594
1.4420e-02,-0.0309375,-0.00148625
1.4430e-02,-0.02,-0.00181813
1.4440e-02,-0.0439063,-0.00139969
1.4450e-02,-0.0240625,-0.00111125
1.4460e-02,-0.029375,-0.00137
1.4470e-02,-0.0232812,-0.00148156
1.4480e-02,-0.0342187,-0.00153188
1.4490e-02,-0.0240625,-0.00222469
1.4500e-02,-0.0357813,-0.00103625
1.4510e-02,-0.0267187,-0.0011325
1.4520e-02,-0.0307813,-0.00141938
1.4530e-02,-0.0367188,-0.00209688
1.4540e-02,-0.03,-0.00186031
1.4550e-02,-0.0275,-0.00131906
1.4560e-02,-0.0290625,-0.00218156
1.4570e-02,-0.0246875,-0.00178906
1.4580e-02,-0.0270312,-0.00186875
1.4590e-02,-0.029375,-0.00202125
1.4600e-02,-0.0285938,-0.00117625
1.4610e-02,-0.0282813,-0.00228094
1.4620e-02,-0.0332812,-0.00131313
1.4630e-02,-0.04,-0.00209094
1.4640e-02,-0.038125,-0.00208125
1.4650e-02,-0.0304688,-0.00150094
1.4660e-02,-0.028125,-0.00204406
1.4670e-02,-0.0259375,-0.00122781
1.4680e-02,-0.0282813,-0.00111563
1.4690e-02,-0.0442188,-0.00176094
1.4700e-02,-0.0307813,-0.000882188
1.4710e-02,-0.0271875,-0.00202219
1.4720e-02,-0.0159375,-0.00192438
1.4730e-02,-0.036875,-0.00147688
1.4740e-02,-0.0254688,-0.00128594
1.4750e-02,-0.036875,-0.00179313
1.4760e-02,-0.0382813,-0.00153094
1.4770e-02,-0.0264062,-0.00194875
1.4780e-02,-0.03125,-0.00145156
1.4790e-02,-0.02125,-0.00173438
1.4800e-02,-0.0395313,-0.00145219
1.4810e-02,-0.0239063,-0.00167156
1.4820e-02,-0.0276563,-0.00152063
1.4830e-02,-0.0332812,-0.001295
1.4840e-02,-0.0345312,-0.0017675
1.4850e-02,-0.0365625,-0.00244625
1.4860e-02,-0.036875,-0.00121875
1.4870e-02,-0.0473438,-0.00125969
1.4880e-02,-0.0251563,-0.001145
1.4890e-02,-0.0354688,-0.00128938
1.4900e-02,-0.0409375,-0.0013775
1.4910e-02,-0.0328125,-0.000931875
1.4920e-02,-0.0154687,-0.00198531
1.4930e-02,-0.0276563,-0.00144563
1.4940e-02,-0.0298438,-0.00216281
1.4950e-02,-0.0317188,-0.00158656
1.4960e-02,-0.0296875,-0.00158
1.4970e-02,-0.0334375,-0.00113
1.4980e-02,-0.0339062,-0.00141656
1.4990e-02,-0.0282813,-0.00196625
1.5000e-02,-0.0434375,-0.00182844
1.5010e-02,-0.0364063,-0.00159438
1.5020e-02,-0.0145312,-0.00195344
1.5030e-02,-0.0314062,-0.00158594
1.5040e-02,-0.044375,-0.00215156
1.5050e-02,-0.0378125,-0.00233531
1.5060e-02,-0.033125,-0.00192313
1.5070e-02,-0.0365625,-0.00153125
1.5080e-02,-0.0315625,-0.00149281
1.5090e-02,-0.0226562,-0.0012875
1.5100e-02,-0.03625,-0.00187969
1.5110e-02,-0.0475,-0.00130969
1.5120e-02,-0.0396875,-0.00132594
1.5130e-02,-0.0403125,-0.00175656
1.5140e-02,-0.0354688,-0.0014
1.5150e-02,-0.0382813,-0.00172688
1.5160e-02,-0.0267187,-0.00131219
1.5170e-02,-0.0346875,-0.00096
1.5180e-02,-0.0445313,-0.00134188
1.5190e-02,-0.0421875,-0.000934375
1.5200e-02,-0.0259375,-0.00159938
1.5210e-02,-0.0289063,-0.00190031
1.5220e-02,-0.0334375,-0.000739688
1.5230e-02,-0.0251563,-0.00181594
1.5240e-02,-0.0307813,-0.00204156
1.5250e-02,-0.025625,-0.00160469
1.5260e-02,-0.0392187,-0.00173625
1.5270e-02,-0.0329688,-0.00127938
1.5280e-02,-0.0339062,-0.00206875
1.5290e-02,-0.0267187,-0.0022125
1.5300e-02,-0.0359375,-0.00205469
1.5310e-02,-0.0401563,-0.00155313
1.5320e-02,-0.0428125,-0.00115719
1.5330e-02,-0.0396875,-0.0021775
1.5340e-02,-0.02875,-0.00161906
1.5350e-02,-0.021875,-0.00145188
1.5360e-02,-0.0423437,-0.00162469
1.5370e-02,-0.0390625,-0.00140688
1.5380e-02,-0.02375,-0.00128281
1.5390e-02,-0.0292188,-0.00123688
1.5400e-02,-0.0357813,-0.00250281
1.5410e-02,-0.0304688,-0.00184563
1.5420e-02,-0.0370313,-0.00120969
1.5430e-02,-0.0453125,-0.002215
1.5440e-02,-0.0342187,-0.00183719
1.5450e-02,-0.0323438,-0.00210312
1.5460e-02,-0.0275,-0.00194344
1.5470e-02,-0.0348437,-0.00154469
1.5480e-02,-0.028125,-0.00201031
1.5490e-02,-0.0282813,-0.0009275
1.5500e-02,-0.03875,-0.00182219
1.5510e-02,-0.0353125,-0.00026
1.5520e-02,-0.0264062,-0.00133688
1.5530e-02,-0.0390625,-0.00175969
1.5540e-02,-0.03875,-0.00124906
1.5550e-02,-0.0364063,-0.00184906
1.5560e-02,-0.0470312,-0.00177656
1.5570e-02,-0.0495312,-0.00181031
1.5580e-02,-0.0239063,-0.00203375
1.5590e-02,-0.0379688,-0.000473438
1.5600e-02,-0.038125,-0.00209625
1.5610e-02,-0.0415625,-0.00159125
1.5620e-02,-0.0359375,-0.001375
1.5630e-02,-0.0360938,-0.000789688
1.5640e-02,-0.0320312,-0.001285
1.5650e-02,-0.0457813,-0.00142
1.5660e-02,-0.0376563,-0.0011125
1.5670e-02,-0.0264062,-0.00152594
1.5680e-02,-0.0492188,-0.00169344
1.5690e-02,-0.0395313,-0.001525
1.5700e-02,-0.0498438,-0.00200938
1.5710e-02,-0.0326562,-0.00150281
1.5720e-02,-0.0334375,-0.00122656
1.5730e-02,-0.0415625,-0.00206625
1.5740e-02,-0.031875,-0.000857813
1.5750e-02,-0.03375,-0.00156813
1.5760e-02,-0.0323438,-0.00148938
1.5770e-02,-0.0345312,-0.00149969
1.5780e-02,-0.02875,-0.00143313
1.5790e-02,-0.040625,-0.00186094
1.5800e-02,-0.0401563,-0.00157719
1.5810e-02,-0.0348437,-0.0015625
1.5820e-02,-0.0432813,-0.00123844
1.5830e-02,-0.0239063,-0.00158188
1.5840e-02,-0.0310937,-0.00171688
1.5850e-02,-0.0320312,-0.00177094
1.5860e-02,-0.0304688,-0.00200219
1.5870e-02,-0.0345312,-0.00221656
1.5880e-02,-0.0396875,-0.00211438
1.5890e-02,-0.0396875,-0.00159875
1.5900e-02,-0.0376563,-0.00210625
1.5910e-02,-0.0390625,-0.00214562
1.5920e-02,-0.035,-0.00194969
1.5930e-02,-0.0492188,-0.00164031
1.5940e-02,-0.0298438,-0.00150875
1.5950e-02,-0.0539063,-0.00117469
1.5960e-02,-0.035625,-0.00152844
1.5970e-02,-0.0334375,-0.00180594
1.5980e-02,-0.0348437,-0.00132094
1.5990e-02,-0.0398437,-0.00151156
1.6000e-02,-0.0392187,-0.00151906
1.6010e-02,-0.0267187,-0.00155688
1.6020e-02,-0.0417187,-0.00208344
1.6030e-02,-0.045,-0.00215281
1.6040e-02,-0.0342187,-0.0019225
1.6050e-02,-0.0295313,-0.00102125
1.6060e-02,-0.0309375,-0.00141813
1.6070e-02,-0.0376563,-0.00181281
1.6080e-02,-0.0420312,-0.00209688
1.6090e-02,-0.038125,-0.00224625
1.6100e-02,-0.0440625,-0.00164813
1.6110e-02,-0.04,-0.00191188
1.6120e-02,-0.0265625,-0.00109375
1.6130e-02,-0.041875,-0.00109313
1.6140e-02,-0.03375,-0.00125438
1.6150e-02,-0.0353125,-0.00136563
1.6160e-02,-0.0415625,-0.00164375
1.6170e-02,-0.038125,-0.0015525
1.6180e-02,-0.0345312,-0.00131969
1.6190e-02,-0.0404687,-0.00156375
1.6200e-02,-0.0415625,-0.001565
1.6210e-02,-0.0371875,-0.00206906
1.6220e-02,-0.0354688,-0.00156781
1.6230e-02,-0.0321875,-0.00177
1.6240e-02,-0.0360938,-0.00154125
1.6250e-02,-0.0489062,-0.00112375
1.6260e-02,-0.0376563,-0.00172625
1.6270e-02,-0.0423437,-0.00128438
1.6280e-02,-0.039375,-0.00135469
1.6290e-02,-0.05125,-0.00156844
1.6300e-02,-0.0407813,-0.00121594
1.6310e-02,-0.0404687,-0.002595
1.6320e-02,-0.03375,-0.00112969
1.6330e-02,-0.040625,-0.00217406
1.6340e-02,-0.0492188,-0.00180344
1.6350e-02,-0.0303125,-0.00149219
1.6360e-02,-0.0365625,-0.00199844
1.6370e-02,-0.0279688,-0.00118313
1.6380e-02,-0.0426562,-0.00144906
1.6390e-02,-0.033125,-0.00138719
1.6400e-02,-0.0382813,-0.00134219
1.6410e-02,-0.0457813,-0.00184938
1.6420e-02,-0.0404687,-0.00190844
1.6430e-02,-0.05,-0.00186156
1.6440e-02,-0.0448438,-0.00166813
1.6450e-02,-0.0354688,-0.0012625
1.6460e-02,-0.0240625,-0.00164719
1.6470e-02,-0.043125,-0.00185906
1.6480e-02,-0.035625,-0.00136188
1.6490e-02,-0.035,-0.00207594
1.6500e-02,-0.0392187,-0.00103469
1.6510e-02,-0.0398437,-0.00162688
1.6520e-02,-0.0275,-0.00123938
1.6530e-02,-0.034375,-0.00138188
1.6540e-02,-0.0345312,-0.0015275
1.6550e-02,-0.0326562,-0.00135406
1.6560e-02,-0.0346875,-0.00157625
1.6570e-02,-0.0392187,-0.00143344
1.6580e-02,-0.0420312,-0.00128719
1.6590e-02,-0.0534375,-0.00157156
1.6600e-02,-0.0571875,-0.00147406
1.6610e-02,-0.0371875,-0.00114875
1.6620e-02,-0.0432813,-0.0012475
1.6630e-02,-0.0409375,-0.00217406
1.6640e-02,-0.0545313,-0.00141031
1.6650e-02,-0.0279688,-0.00163594
1.6660e-02,-0.0376563,-0.00097625
1.6670e-02,-0.0365625,-0.00117125
1.6680e-02,-0.030625,-0.00195656
1.6690e-02,-0.0384375,-0.000953438
1.6700e-02,-0.04625,-0.00120906
1.6710e-02,-0.0295313,-0.000890313
1.6720e-02,-0.0417187,-0.000887188
1.6730e-02,-0.0392187,-0.00117156
1.6740e-02,-0.0478125,-0.00126
1.6750e-02,-0.0453125,-0.00163125
1.6760e-02,-0.0445313,-0.00178094
1.6770e-02,-0.0340625,-0.00127031
1.6780e-02,-0.041875,-0.00139938
1.6790e-02,-0.0496875,-0.00135906
1.6800e-02,-0.033125,-0.00140813
1.6810e-02,-0.0448438,-0.00183313
1.6820e-02,-0.0373438,-0.000999375
1.6830e-02,-0.041875,-0.00182438
1.6840e-02,-0.035625,-0.00147906
1.6850e-02,-0.0373438,-0.00196906
1.6860e-02,-0.0435938,-0.00113156
1.6870e-02,-0.0392187,-0.00208125
1.6880e-02,-0.0304688,-0.00133125
1.6890e-02,-0.0334375,-0.001345
1.6900e-02,-0.0357813,-0.00171469
1.6910e-02,-0.048125,-0.00101875
1.6920e-02,-0.0409375,-0.00220438
1.6930e-02,-0.0335937,-0.000694688
1.6940e-02,-0.0392187,-0.00125188
1.6950e-02,-0.0371875,-0.00153469
1.6960e-02,-0.0464062,-0.000915313
1.6970e-02,-0.04625,-0.00184719
1.6980e-02,-0.0389063,-0.00117375
1.6990e-02,-0.0401563,-0.00198094
1.7000e-02,-0.0453125,-0.00157188
1.7010e-02,-0.0454688,-0.00112563
1.7020e-02,-0.035625,-0.00191063
1.7030e-02,-0.0328125,-0.00193844
1.7040e-02,-0.0428125,-0.00127906
1.7050e-02,-0.043125,-0.00138031
1.7060e-02,-0.0492188,-0.000840938
1.7070e-02,-0.0354688,-0.00100813
1.7080e-02,-0.035625,-0.00127
1.7090e-02,-0.0323438,-0.00114156
1.7100e-02,-0.03875,-0.001745
1.7110e-02,-0.0503125,-0.00115438
1.7120e-02,-0.0342187,-0.00139188
1.7130e-02,-0.0307813,-0.00146813
1.7140e-02,-0.0457813,-0.00148563
1.7150e-02,-0.0467188,-0.00195719
1.7160e-02,-0.043125,-0.00185031
1.7170e-02,-0.0321875,-0.00136031
1.7180e-02,-0.0375,-0.00131375
1.7190e-02,-0.0325,-0.00185094
1.7200e-02,-0.0442188,-0.00176406
1.7210e-02,-0.0540625,-0.00150781
1.7220e-02,-0.0420312,-0.00192188
1.7230e-02,-0.045625,-0.00177969
1.7240e-02,-0.039375,-0.00224688
1.7250e-02,-0.04875,-0.00125469
1.7260e-02,-0.0415625,-0.00156469
1.7270e-02,-0.03875,-0.00133125
1.7280e-02,-0.0384375,-0.00151375
1.7290e-02,-0.0267187,-0.00128219
1.7300e-02,-0.0507812,-0.00148063
1.7310e-02,-0.0328125,-0.00159313
1.7320e-02,-0.045625,-0.00186344
1.7330e-02,-0.0373438,-0.00103094
1.7340e-02,-0.043125,-0.00144281
1.7350e-02,-0.0434375,-0.000898438
1.7360e-02,-0.0409375,-0.00175563
1.7370e-02,-0.0371875,-0.00144469
1.7380e-02,-0.043125,-0.000945938
1.7390e-02,-0.0384375,-0.00177969
1.7400e-02,-0.05,-0.00129813
1.7410e-02,-0.049375,-0.00175125
1.7420e-02,-0.0442188,-0.00163125
1.7430e-02,-0.0357813,-0.00196625
1.7440e-02,-0.0407813,-0.00132313
1.7450e-02,-0.0439063,-0.00227469
1.7460e-02,-0.043125,-0.00196156
1.7470e-02,-0.048125,-0.00115625
1.7480e-02,-0.0467188,-0.00158406
1.7490e-02,-0.0404687,-0.00170344
1.7500e-02,-0.0490625,-0.00155844
1.7510e-02,-0.0420312,-0.00181531
1.7520e-02,-0.041875,-0.00133438
1.7530e-02,-0.0360938,-0.00192531
1.7540e-02,-0.0540625,-0.00202625
1.7550e-02,-0.0315625,-0.0015175
1.7560e-02,-0.0492188,-0.000998125
1.7570e-02,-0.0420312,-0.0017025
1.7580e-02,-0.0326562,-0.0012275
1.7590e-02,-0.0334375,-0.00139688
1.7600e-02,-0.0460938,-0.00147094
1.7610e-02,-0.0371875,-0.00179125
1.7620e-02,-0.0439063,-0.00135156
1.7630e-02,-0.039375,-0.00101594
1.7640e-02,-0.0260937,-0.00123531
1.7650e-02,-0.0429688,-0.00202156
1.7660e-02,-0.04,-0.00119844
1.7670e-02,-0.0392187,-0.00169156
1.7680e-02,-0.0421875,-0.00160844
1.7690e-02,-0.0432813,-0.001535
1.7700e-02,-0.0332812,-0.00180688
1.7710e-02,-0.0453125,-0.00168188
1.7720e-02,-0.046875,-0.00193844
1.7730e-02,-0.0359375,-0.000846563
1.7740e-02,-0.04875,-0.00194625
1.7750e-02,-0.0454688,-0.00211094
1.7760e-02,-0.0359375,-0.00144188
1.7770e-02,-0.0435938,-0.00112781
1.7780e-02,-0.0548437,-0.00177875
1.7790e-02,-0.0473438,-0.00118531
1.7800e-02,-0.0334375,-0.00127063
1.7810e-02,-0.0329688,-0.00210156
1.7820e-02,-0.0492188,-0.00162844
1.7830e-02,-0.0384375,-0.00205938
1.7840e-02,-0.0382813,-0.0018625
1.7850e-02,-0.0395313,-0.00130469
1.7860e-02,-0.0495312,-0.00217281
1.7870e-02,-0.0420312,-0.001245
1.7880e-02,-0.0451563,-0.00163438
1.7890e-02,-0.0417187,-0.00194781
1.7900e-02,-0.0389063,-0.00136063
1.7910e-02,-0.035625,-0.00206
1.7920e-02,-0.0248438,-0.000805938
1.7930e-02,-0.0373438,-0.00194594
1.7940e-02,-0.0401563,-0.00112063
1.7950e-02,-0.0364063,-0.00154281
1.7960e-02,-0.0351562,-0.00140938
1.7970e-02,-0.0423437,-0.00147094
1.7980e-02,-0.0364063,-0.0015825
1.7990e-02,-0.04875,-0.00119719
1.8000e-02,-0.0398437,-0.00166156
1.8010e-02,-0.0384375,-0.00190219
1.8020e-02,-0.031875,-0.00173406
1.8030e-02,-0.0351562,-0.00185531
1.8040e-02,-0.0467188,-0.00054625
1.8050e-02,-0.0417187,-0.00189063
1.8060e-02,-0.0407813,-0.00105313
1.8070e-02,-0.0385937,-0.00163031
1.8080e-02,-0.0470312,-0.00179125
1.8090e-02,-0.0410937,-0.00203656
1.8100e-02,-0.04,-0.00195312
1.8110e-02,-0.0264062,-0.00172469
1.8120e-02,-0.0532813,-0.000838438
1.8130e-02,-0.0459375,-0.000791563
1.8140e-02,-0.043125,-0.00131469
1.8150e-02,-0.041875,-0.00100469
1.8160e-02,-0.038125,-0.00124625
1.8170e-02,-0.043125,-0.00122313
1.8180e-02,-0.0384375,-0.00147063
1.8190e-02,-0.0470312,-0.00178375
1.8200e-02,-0.0384375,-0.000908125
1.8210e-02,-0.0410937,-0.00195031
1.8220e-02,-0.0340625,-0.00137094
1.8230e-02,-0.0478125,-0.00132719
1.8240e-02,-0.0407813,-0.00193469
1.8250e-02,-0.0479688,-0.00130094
1.8260e-02,-0.0428125,-0.00209938
1.8270e-02,-0.0459375,-0.00197188
1.8280e-02,-0.0478125,-0.00180438
1.8290e-02,-0.05125,-0.00114719
1.8300e-02,-0.0407813,-0.00124938
1.8310e-02,-0.0389063,-0.00173375
1.8320e-02,-0.0501562,-0.00170781
1.8330e-02,-0.0534375,-0.000869688
1.8340e-02,-0.04,-0.00184375
1.8350e-02,-0.0560937,-0.00206125
1.8360e-02,-0.0484375,-0.00114437
1.8370e-02,-0.0373438,-0.00135969
1.8380e-02,-0.056875,-0.00139188
1.8390e-02,-0.0425,-0.00130188
1.8400e-02,-0.0396875,-0.00168781
1.8410e-02,-0.0371875,-0.00180656
1.8420e-02,-0.0392187,-0.00160906
1.8430e-02,-0.0346875,-0.00184219
1.8440e-02,-0.0348437,-0.00145844
1.8450e-02,-0.0351562,-0.00144469
1.8460e-02,-0.036875,-0.00160531
1.8470e-02,-0.04875,-0.00168969
1.8480e-02,-0.036875,-0.00141031
1.8490e-02,-0.0379688,-0.0019725
1.8500e-02,-0.0420312,-0.00163688
1.8510e-02,-0.0298438,-0.00151344
1.8520e-02,-0.0421875,-0.00176438
1.8530e-02,-0.0460938,-0.00174188
1.8540e-02,-0.0392187,-0.00155938
1.8550e-02,-0.0465625,-0.00156031
1.8560e-02,-0.0409375,-0.00162906
1.8570e-02,-0.0392187,-0.00177688
1.8580e-02,-0.0532813,-0.00187969
1.8590e-02,-0.035,-0.00139875
1.8600e-02,-0.0375,-0.00211406
1.8610e-02,-0.0540625,-0.00145
1.8620e-02,-0.0382813,-0.00154281
1.8630e-02,-0.045,-0.00151406
1.8640e-02,-0.051875,-0.00105063
1.8650e-02,-0.0454688,-0.00179031
1.8660e-02,-0.0451563,-0.00191
1.8670e-02,-0.0432813,-0.00109219
1.8680e-02,-0.0398437,-0.00173375
1.8690e-02,-0.0439063,-0.00156344
1.8700e-02,-0.0551563,-0.00145375
1.8710e-02,-0.0334375,-0.00136469
1.8720e-02,-0.0401563,-0.00154094
1.8730e-02,-0.0484375,-0.00240594
1.8740e-02,-0.0429688,-0.00140156
1.8750e-02,-0.0520313,-0.00125781
1.8760e-02,-0.0457813,-0.00173
1.8770e-02,-0.0442188,-0.00120375
1.8780e-02,-0.0476562,-0.00147406
1.8790e-02,-0.043125,-0.00170781
1.8800e-02,-0.0421875,-0.00247781
1.8810e-02,-0.0426562,-0.00157625
1.8820e-02,-0.0525,-0.00190188
1.8830e-02,-0.0457813,-0.0016325
1.8840e-02,-0.0373438,-0.00128156
1.8850e-02,-0.04,-0.00165313
1.8860e-02,-0.0332812,-0.0016625
1.8870e-02,-0.0490625,-0.00187313
1.8880e-02,-0.0409375,-0.00156125
1.8890e-02,-0.0426562,-0.001305
1.8900e-02,-0.0420312,-0.00129781
1.8910e-02,-0.0385937,-0.00128313
1.8920e-02,-0.0390625,-0.00114594
1.8930e-02,-0.0353125,-0.00179469
1.8940e-02,-0.050625,-0.00178375
1.8950e-02,-0.0565625,-0.00160219
1.8960e-02,-0.0492188,-0.00143906
1.8970e-02,-0.0442188,-0.00188188
1.8980e-02,-0.05,-0.00256375
1.8990e-02,-0.0492188,-0.00147375
1.9000e-02,-0.0421875,-0.000990938
1.9010e-02,-0.0423437,-0.00152719
1.9020e-02,-0.0425,-0.00128656
1.9030e-02,-0.0482812,-0.00143406
1.9040e-02,-0.0473438,-0.00219469
1.9050e-02,-0.0435938,-0.00185063
1.9060e-02,-0.0425,-0.00123281
1.9070e-02,-0.0321875,-0.00140563
1.9080e-02,-0.04875,-0.00237656
1.9090e-02,-0.0446875,-0.00138656
1.9100e-02,-0.04,-0.00125719
1.9110e-02,-0.0378125,-0.00207406
1.9120e-02,-0.044375,-0.00138156
1.9130e-02,-0.0521875,-0.001475
1.9140e-02,-0.0471875,-0.001225
1.9150e-02,-0.0398437,-0.000981875
1.9160e-02,-0.0417187,-0.00099625
1.9170e-02,-0.0351562,-0.00157938
1.9180e-02,-0.0479688,-0.00169
1.9190e-02,-0.0482812,-0.00159469
1.9200e-02,-0.0465625,-0.00136656
1.9210e-02,-0.055625,-0.00142125
1.9220e-02,-0.054375,-0.00179219
1.9230e-02,-0.0489062,-0.00119
1.9240e-02,-0.0485938,-0.00154313
1.9250e-02,-0.05,-0.00180344
1.9260e-02,-0.0510938,-0.00136906
1.9270e-02,-0.03625,-0.00175313
1.9280e-02,-0.035625,-0.0014275
1.9290e-02,-0.0307813,-0.00153406
1.9300e-02,-0.05,-0.0016875
1.9310e-02,-0.0310937,-0.00162594
1.9320e-02,-0.036875,-0.00153375
1.9330e-02,-0.0396875,-0.00162844
1.9340e-02,-0.0420312,-0.00129406
1.9350e-02,-0.041875,-0.00132563
1.9360e-02,-0.0590625,-0.0017775
1.9370e-02,-0.04125,-0.000960938
1.9380e-02,-0.0532813,-0.00119281
1.9390e-02,-0.0454688,-0.00141438
1.9400e-02,-0.045625,-0.00176438
1.9410e-02,-0.0407813,-0.00204906
1.9420e-02,-0.0398437,-0.00160438
1.9430e-02,-0.0482812,-0.00199125
1.9440e-02,-0.050625,-0.001245
1.9450e-02,-0.03875,-0.00161625
1.9460e-02,-0.035,-0.00247906
1.9470e-02,-0.0473438,-0.002115
1.9480e-02,-0.0340625,-0.00230375
1.9490e-02,-0.0259375,-0.00189906
1.9500e-02,-0.0367188,-0.00182156
1.9510e-02,-0.0489062,-0.000845
1.9520e-02,-0.050625,-0.0017175
1.9530e-02,-0.03875,-0.00184813
1.9540e-02,-0.0489062,-0.00204844
1.9550e-02,-0.0496875,-0.00182219
1.9560e-02,-0.03375,-0.00147094
1.9570e-02,-0.0373438,-0.00172406
1.9580e-02,-0.0515625,-0.00199813
1.9590e-02,-0.03375,-0.00174938
1.9600e-02,-0.0517188,-0.00190063
1.9610e-02,-0.0442188,-0.00132938
1.9620e-02,-0.0285938,-0.00224
1.9630e-02,-0.0465625,-0.001855
1.9640e-02,-0.0498438,-0.001215
1.9650e-02,-0.0467188,-0.000610625
1.9660e-02,-0.0484375,-0.00135438
1.9670e-02,-0.0429688,-0.00116375
1.9680e-02,-0.0504687,-0.00087125
1.9690e-02,-0.029375,-0.000949688
1.9700e-02,-0.0454688,-0.00236563
1.9710e-02,-0.03875,-0.00165031
1.9720e-02,-0.0373438,-0.00144781
1.9730e-02,-0.0496875,-0.00122156
1.9740e-02,-0.0376563,-0.00176125
1.9750e-02,-0.0335937,-0.00150438
1.9760e-02,-0.04875,-0.000838438
1.9770e-02,-0.0379688,-0.00156219
1.9780e-02,-0.0626562,-0.00152781
1.9790e-02,-0.04,-0.00152625
1.9800e-02,-0.0414063,-0.00181719
1.9810e-02,-0.0396875,-0.00207813
1.9820e-02,-0.0410937,-0.00123031
1.9830e-02,-0.0440625,-0.00172563
1.9840e-02,-0.0409375,-0.00156344
1.9850e-02,-0.0429688,-0.000825938
1.9860e-02,-0.035625,-0.000814375
1.9870e-02,-0.0459375,-0.001675
1.9880e-02,-0.0471875,-0.0011725
1.9890e-02,-0.0485938,-0.00134906
1.9900e-02,-0.0498438,-0.00134844
1.9910e-02,-0.0390625,-0.00104312
1.9920e-02,-0.0378125,-0.000902188
1.9930e-02,-0.0271875,-0.00192406
1.9940e-02,-0.041875,-0.00137156
1.9950e-02,-0.0529687,-0.00162375
1.9960e-02,-0.0476562,-0.00169719
1.9970e-02,-0.0370313,-0.00170719
1.9980e-02,-0.046875,-0.00259563
1.9990e-02,-0.0510938,-0.00149438
2.0000e-02,-0.0321875,-0.00178938
2.0010e-02,-0.0464062,-0.00143563
2.0020e-02,-0.0309375,-0.00143938
2.0030e-02,-0.0421875,-0.001145
2.0040e-02,-0.0421875,-0.00191563
2.0050e-02,-0.041875,-0.00215594
2.0060e-02,-0.0548437,-0.00161281
2.0070e-02,-0.0573437,-0.00153875
2.0080e-02,-0.0504687,-0.00195156
2.0090e-02,-0.0320312,-0.00147156
2.0100e-02,-0.0425,-0.00134469
2.0110e-02,-0.0426562,-0.00153156
2.0120e-02,-0.0473438,-0.00172219
2.0130e-02,-0.0542187,-0.00136344
2.0140e-02,-0.0496875,-0.00149625
2.0150e-02,-0.0432813,-0.00167188
2.0160e-02,-0.0532813,-0.00151
2.0170e-02,-0.0434375,-0.00197219
2.0180e-02,-0.0504687,-0.00117125
2.0190e-02,-0.0390625,-0.00185938
2.0200e-02,-0.0354688,-0.00210906
2.0210e-02,-0.0545313,-0.00155344
2.0220e-02,-0.0375,-0.00155125
2.0230e-02,-0.050625,-0.00146375
2.0240e-02,-0.033125,-0.00133094
2.0250e-02,-0.0535937,-0.000688438
2.0260e-02,-0.0471875,-0.00138656
2.0270e-02,-0.0404687,-0.00189125
2.0280e-02,-0.0534375,-0.00178281
2.0290e-02,-0.0428125,-0.00148156
2.0300e-02,-0.0376563,-0.0011075
2.0310e-02,-0.0479688,-0.00168219
2.0320e-02,-0.0471875,-0.00210938
2.0330e-02,-0.041875,-0.00125
2.0340e-02,-0.0501562,-0.00238094
2.0350e-02,-0.0539063,-0.000866875
2.0360e-02,-0.049375,-0.00124938
2.0370e-02,-0.0620312,-0.00211906
2.0380e-02,-0.055,-0.00144563
2.0390e-02,-0.0451563,-0.00219844
2.0400e-02,-0.0525,-0.00144594
2.0410e-02,-0.038125,-0.00135938
2.0420e-02,-0.0453125,-0.00148281
2.0430e-02,-0.04125,-0.00133313
2.0440e-02,-0.0445313,-0.00148125
2.0450e-02,-0.05,-0.00148969
2.0460e-02,-0.0548437,-0.00140781
2.0470e-02,-0.0354688,-0.00128344
2.0480e-02,1.35766,-0.0014
2.0490e-02,2.55484,-0.004435
2.0500e-02,0.603125,-0.00605844
2.0510e-02,0.207813,-0.00735875
2.0520e-02,0.884375,-0.00716438
2.0530e-02,0.109531,-0.00720281
2.0540e-02,0.0951562,-0.00701875
2.0550e-02,0.084375,-0.00686906
2.0560e-02,0.073125,-0.00698844
2.0570e-02,0.0578125,-0.00691063
2.0580e-02,0.0679687,-0.00682344
2.0590e-02,0.05375,-0.00674969
2.0600e-02,0.059375,-0.00696156
2.0610e-02,0.0435938,-0.00696531
2.0620e-02,0.060625,-0.006755
2.0630e-02,0.0464062,-0.00687469
2.0640e-02,0.0448438,-0.00686781
2.0650e-02,0.0373437,-0.00679844
2.0660e-02,0.0304687,-0.00697063
2.0670e-02,0.0326562,-0.00686
2.0680e-02,0.0178125,-0.00694781
2.0690e-02,0.0251563,-0.00675719
2.0700e-02,0.016875,-0.0068075
2.0710e-02,0.0176563,-0.00687469
2.0720e-02,0.0123437,-0.00682188
2.0730e-02,0.0151562,-0.00678625
2.0740e-02,0.0117188,-0.00436438
2.0750e-02,0.0275,-0.00209938
2.0760e-02,0.00671875,-0.001925
2.0770e-02,0.01625,-0.00208563
2.0780e-02,0.0196875,-0.00277281
2.0790e-02,0.0117188,-0.00219594
2.0800e-02,0.0103125,-0.00154531
2.0810e-02,-0.00453125,-0.000874063
2.0820e-02,0.00671875,-0.00176656
2.0830e-02,0.00734375,-0.00191813
2.0840e-02,0.00390625,-0.00143063
2.0850e-02,0.0179688,-0.00213188
2.0860e-02,0.000625,-0.00104781
2.0870e-02,0.0115625,-0.00150219
2.0880e-02,0.00828125,-0.000452188
2.0890e-02,0.0134375,-0.00159063
2.0900e-02,-0.0040625,-0.00216625
2.0910e-02,0.0157813,-0.00230313
2.0920e-02,0.00234375,-0.00153781
2.0930e-02,0.00015625,-0.00075125
2.0940e-02,-0.0065625,-0.00157344
2.0950e-02,-0.00453125,-0.00176063
2.0960e-02,0.00390625,-0.00240313
2.0970e-02,0.00453125,-0.00142969
2.0980e-02,0.00015625,-0.00169219
2.0990e-02,-0.0021875,-0.00187531
2.1000e-02,-0.0132813,-0.00118188
2.1010e-02,0.00609375,-0.00100156
2.1020e-02,-0.009375,-0.00115594
2.1030e-02,-0.006875,-0.00177156
2.1040e-02,0.00578125,-0.002325
2.1050e-02,-0.006875,-0.00139063
2.1060e-02,0.0139062,-0.00193
2.1070e-02,-0.00671875,-0.000884063
2.1080e-02,-0.0009375,-0.00123125
2.1090e-02,-0.0132813,-0.00166813
2.1100e-02,-0.0096875,-0.00183375
2.1110e-02,-0.015,-0.00199594
2.1120e-02,-0.0121875,-0.00166438
2.1130e-02,-0.0164063,-0.00142063
2.1140e-02,-0.0075,-0.00143094
2.1150e-02,0.00078125,-0.00165781
2.1160e-02,-0.015,-0.00171406
2.1170e-02,-0.00921875,-0.00137563
2.1180e-02,-0.0034375,-0.00167375
2.1190e-02,-0.0128125,-0.00181188
2.1200e-02,-0.0215625,-0.00217656
2.1210e-02,-0.00953125,-0.00150094
2.1220e-02,-0.00671875,-0.00192281
2.1230e-02,-0.0264062,-0.00123719
2.1240e-02,-0.01625,-0.00249875
2.1250e-02,-0.0123438,-0.00170313
2.1260e-02,-0.0071875,-0.00127719
2.1270e-02,-0.005,-0.00163906
2.1280e-02,-0.00625,-0.000626875
2.1290e-02,-0.015,-0.00108969
2.1300e-02,-0.0114062,-0.00213437
2.1310e-02,-0.0129688,-0.00215594
2.1320e-02,-0.009375,-0.00241031
2.1330e-02,-0.00953125,-0.00123406
2.1340e-02,-0.003125,-0.00205406
2.1350e-02,-0.020625,-0.00146469
2.1360e-02,-0.0140625,-0.00178063
2.1370e-02,-0.0142188,-0.00158906
2.1380e-02,-0.0109375,-0.001015
2.1390e-02,-0.0235938,-0.00113688
2.1400e-02,-0.00078125,-0.00164656
2.1410e-02,-0.0204688,-0.00138625
2.1420e-02,-0.0242188,-0.00171313
2.1430e-02,-0.01875,-0.00131219
2.1440e-02,-0.0248438,-0.00123469
2.1450e-02,-0.0148437,-0.001505
2.1460e-02,-0.0209375,-0.00141031
2.1470e-02,-0.0195312,-0.00150531
2.1480e-02,-0.0209375,-0.00169469
2.1490e-02,-0.0160938,-0.00159219
2.1500e-02,-0.016875,-0.001905
2.1510e-02,-0.0132813,-0.00147531
2.1520e-02,-0.0234375,-0.00137844
2.1530e-02,-0.0129688,-0.00126281
2.1540e-02,-0.0192187,-0.00132844
2.1550e-02,-0.0173438,-0.00174438
2.1560e-02,-0.0142188,-0.00216813
2.1570e-02,-0.0189062,-0.00155094
2.1580e-02,-0.024375,-0.00178563
2.1590e-02,-0.0028125,-0.00204813
2.1600e-02,-0.0207813,-0.00148156
2.1610e-02,-0.0176563,-0.00195656
2.1620e-02,-0.0126563,-0.00145594
2.1630e-02,-0.0221875,-0.00159219
2.1640e-02,-0.0185937,-0.00181219
2.1650e-02,-0.0192187,-0.00187125
2.1660e-02,-0.013125,-0.0015625
2.1670e-02,-0.0271875,-0.00108969
2.1680e-02,-0.01875,-0.00103469
2.1690e-02,-0.0148437,-0.0019625
2.1700e-02,-0.018125,-0.00141719
2.1710e-02,-0.0215625,-0.001515
2.1720e-02,-0.0192187,-0.0015075
2.1730e-02,-0.0246875,-0.00220969
2.1740e-02,-0.031875,-0.00169969
2.1750e-02,-0.0301563,-0.00133656
2.1760e-02,-0.00953125,-0.0017225
2.1770e-02,-0.015,-0.00160188
2.1780e-02,-0.00234375,-0.00164531
2.1790e-02,-0.0217188,-0.001615
2.1800e-02,-0.0164063,-0.00155938
2.1810e-02,-0.025625,-0.00131719
2.1820e-02,-0.0304688,-0.00126344
2.1830e-02,-0.0320312,-0.00224156
2.1840e-02,-0.0329688,-0.00167
2.1850e-02,-0.0223437,-0.00149844
2.1860e-02,-0.0182812,-0.00203281
2.1870e-02,-0.0309375,-0.00210125
2.1880e-02,-0.0232812,-0.00165344
2.1890e-02,-0.0234375,-0.00223281
2.1900e-02,-0.0210938,-0.00138375
2.1910e-02,-0.021875,-0.00211344
2.1920e-02,-0.02,-0.00153969
2.1930e-02,-0.0260937,-0.00170938
2.1940e-02,-0.0296875,-0.00126063
2.1950e-02,-0.0215625,-0.00123
2.1960e-02,-0.0164063,-0.00117625
2.1970e-02,-0.03125,-0.00178156
2.1980e-02,-0.018125,-0.00154844
2.1990e-02,-0.025,-0.00154063
2.2000e-02,-0.0226562,-0.00211031
2.2010e-02,-0.0260937,-0.00107844
2.2020e-02,-0.014375,-0.00219219
2.2030e-02,-0.0171875,-0.00145063
2.2040e-02,-0.029375,-0.00143531
2.2050e-02,-0.0179687,-0.00132719
2.2060e-02,-0.03125,-0.0013875
2.2070e-02,-0.0198438,-0.00133969
2.2080e-02,-0.0254688,-0.00163313
2.2090e-02,-0.03125,-0.00180031
2.2100e-02,-0.0223437,-0.00170125
2.2110e-02,-0.0303125,-0.00193469
2.2120e-02,-0.0328125,-0.000904063
2.2130e-02,-0.0204688,-0.00184781
2.2140e-02,-0.0267187,-0.000573438
2.2150e-02,-0.0245313,-0.00155406
2.2160e-02,-0.02375,-0.00156781
2.2170e-02,-0.0403125,-0.00203531
2.2180e-02,-0.0278125,-0.00155156
2.2190e-02,-0.0342187,-0.00141594
2.2200e-02,-0.0310937,-0.00136594
2.2210e-02,-0.0184375,-0.00191
2.2220e-02,-0.0289063,-0.00150688
2.2230e-02,-0.03125,-0.00121469
2.2240e-02,-0.0285938,-0.00176125
2.2250e-02,-0.03375,-0.000784688
2.2260e-02,-0.025625,-0.00151813
2.2270e-02,-0.0225,-0.0016575
2.2280e-02,-0.016875,-0.00184688
2.2290e-02,-0.0328125,-0.00222469
2.2300e-02,-0.0257812,-0.00154
2.2310e-02,-0.0307813,-0.00173219
2.2320e-02,-0.0376563,-0.00174094
2.2330e-02,-0.0379688,-0.000390313
2.2340e-02,-0.0301563,-0.001695
2.2350e-02,-0.0246875,-0.00121563
2.2360e-02,-0.0251563,-0.000649375
2.2370e-02,-0.0196875,-0.00131906
2.2380e-02,-0.0245313,-0.00120063
2.2390e-02,-0.0290625,-0.00133375
2.2400e-02,-0.0296875,-0.00160375
2.2410e-02,-0.013125,-0.000879375
2.2420e-02,-0.02125,-0.00166875
2.2430e-02,-0.0364063,-0.0011175
2.2440e-02,-0.040625,-0.000701875
2.2450e-02,-0.02125,-0.00200687
2.2460e-02,-0.0335937,-0.00146844
2.2470e-02,-0.03,-0.00156094
2.2480e-02,-0.0253125,-0.00187313
2.2490e-02,-0.0303125,-0.00135719
2.2500e-02,-0.00875,-0.0014275
2.2510e-02,-0.0304688,-0.00171188
2.2520e-02,-0.02875,-0.00166281
2.2530e-02,-0.0314062,-0.00101094
2.2540e-02,-0.0307813,-0.0014375
2.2550e-02,-0.03875,-0.00220469
2.2560e-02,-0.02125,-0.00190719
2.2570e-02,-0.0285938,-0.00157
2.2580e-02,-0.02375,-0.00161875
2.2590e-02,-0.0357813,-0.00185406
2.2600e-02,-0.0232812,-0.00194125
2.2610e-02,-0.0314062,-0.00156281
2.2620e-02,-0.0326562,-0.00152906
2.2630e-02,-0.0251563,-0.00159094
2.2640e-02,-0.03125,-0.00130563
2.2650e-02,-0.0290625,-0.00147156
2.2660e-02,-0.034375,-0.00185
2.2670e-02,-0.0335937,-0.00173875
2.2680e-02,-0.0373438,-0.00109469
2.2690e-02,-0.0314062,-0.00187875
2.2700e-02,-0.0320312,-0.00138438
2.2710e-02,-0.0335937,-0.00100531
2.2720e-02,-0.0328125,-0.00213313
2.2730e-02,-0.03,-0.00191781
2.2740e-02,-0.0235938,-0.00196906
2.2750e-02,-0.0242188,-0.00201594
2.2760e-02,-0.023125,-0.0011475
2.2770e-02,-0.0345312,-0.00171469
2.2780e-02,-0.0348437,-0.001375
2.2790e-02,-0.0221875,-0.0015625
2.2800e-02,-0.031875,-0.00168281
2.2810e-02,-0.0276563,-0.0007825
2.2820e-02,-0.0290625,-0.00190688
2.2830e-02,-0.02625,-0.00192125
2.2840e-02,-0.0357813,-0.000930938
2.2850e-02,-0.0242188,-0.0008975
2.2860e-02,-0.0379688,-0.00189625
2.2870e-02,-0.038125,-0.00149813
2.2880e-02,-0.0265625,-0.00169969
2.2890e-02,-0.0346875,-0.00168438
2.2900e-02,-0.0271875,-0.00209375
2.2910e-02,-0.03875,-0.00126281
2.2920e-02,-0.0298438,-0.00165406
2.2930e-02,-0.0421875,-0.00164563
2.2940e-02,-0.0209375,-0.00133344
2.2950e-02,-0.0284375,-0.00208969
2.2960e-02,-0.0301563,-0.00124656
2.2970e-02,-0.0189062,-0.00124156
2.2980e-02,-0.0328125,-0.001985
2.2990e-02,-0.0220313,-0.00164156
2.3000e-02,-0.02125,-0.00205344
2.3010e-02,-0.0385937,-0.00131969
2.3020e-02,-0.024375,-0.00175031
2.3030e-02,-0.0314062,-0.00106281
2.3040e-02,-0.0276563,-0.00163594
2.3050e-02,-0.0354688,-0.00144344
2.3060e-02,-0.0440625,-0.002185
2.3070e-02,-0.0348437,-0.0018625
2.3080e-02,-0.039375,-0.00196531
2.3090e-02,-0.0334375,-0.001435
2.3100e-02,-0.0346875,-0.00117031
2.3110e-02,-0.0328125,-0.00120812
2.3120e-02,-0.0335937,-0.00148906
2.3130e-02,-0.033125,-0.000437813
2.3140e-02,-0.0326562,-0.0023125
2.3150e-02,-0.0275,-0.00136063
2.3160e-02,-0.0396875,-0.00109938
2.3170e-02,-0.035625,-0.00214406
2.3180e-02,-0.0317188,-0.001055
2.3190e-02,-0.0404687,-0.00124906
2.3200e-02,-0.0420312,-0.00194656
2.3210e-02,-0.0354688,-0.0014975
2.3220e-02,-0.0353125,-0.00205188
2.3230e-02,-0.0360938,-0.00138906
2.3240e-02,-0.0298438,-0.00177781
2.3250e-02,-0.0279688,-0.00166469
2.3260e-02,-0.0375,-0.00194719
2.3270e-02,-0.0464062,-0.00189844
2.3280e-02,-0.028125,-0.00106875
2.3290e-02,-0.035625,-0.00161969
2.3300e-02,-0.0351562,-0.0017925
2.3310e-02,-0.0428125,-0.00130844
2.3320e-02,-0.0271875,-0.00218844
2.3330e-02,-0.0253125,-0.000625
2.3340e-02,-0.0207813,-0.0015525
2.3350e-02,-0.0246875,-0.00181094
2.3360e-02,-0.029375,-0.00183719
2.3370e-02,-0.0420312,-0.00181313
2.3380e-02,-0.0209375,-0.00101313
2.3390e-02,-0.0384375,-0.00157219
2.3400e-02,-0.0451563,-0.000715625
2.3410e-02,-0.0403125,-0.00104281
2.3420e-02,-0.0435938,-0.002135
2.3430e-02,-0.0334375,-0.00138438
2.3440e-02,-0.0257812,-0.00215969
2.3450e-02,-0.0303125,-0.000913125
2.3460e-02,-0.0339062,-0.00176406
2.3470e-02,-0.0340625,-0.0021225
2.3480e-02,-0.0375,-0.00147406
2.3490e-02,-0.0398437,-0.001825
2.3500e-02,-0.0264062,-0.00102
2.3510e-02,-0.0392187,-0.00114719
2.3520e-02,-0.04,-0.001145
2.3530e-02,-0.0457813,-0.000792188
2.3540e-02,-0.0479688,-0.00152188
2.3550e-02,-0.0398437,-0.00130781
2.3560e-02,-0.0420312,-0.00104531
2.3570e-02,-0.0473438,-0.00156063
2.3580e-02,-0.0426562,-0.00176156
2.3590e-02,-0.04375,-0.00184625
2.3600e-02,-0.0420312,-0.00158656
2.3610e-02,-0.0273438,-0.00186219
2.3620e-02,-0.0339062,-0.00133563
2.3630e-02,-0.04,-0.00153563
2.3640e-02,-0.0384375,-0.00162031
2.3650e-02,-0.0334375,-0.00164563
2.3660e-02,-0.031875,-0.00176906
2.3670e-02,-0.0367188,-0.00143375
2.3680e-02,-0.0234375,-0.00144594
2.3690e-02,-0.0378125,-0.00236969
2.3700e-02,-0.0217188,-0.00144656
2.3710e-02,-0.0315625,-0.00175094
2.3720e-02,-0.035625,-0.00154938
2.3730e-02,-0.0329688,-0.00185531
2.3740e-02,-0.0321875,-0.001895
2.3750e-02,-0.0417187,-0.00187594
2.3760e-02,-0.0340625,-0.00154156
2.3770e-02,-0.0454688,-0.00131188
2.3780e-02,-0.03875,-0.0017175
2.3790e-02,-0.0323438,-0.00135781
2.3800e-02,-0.0453125,-0.00204719
2.3810e-02,-0.0314062,-0.00153844
2.3820e-02,-0.034375,-0.00187313
2.3830e-02,-0.0375,-0.00153344
2.3840e-02,-0.0303125,-0.00103844
2.3850e-02,-0.034375,-0.00105688
2.3860e-02,-0.0242188,-0.00116375
2.3870e-02,-0.0453125,-0.00174625
2.3880e-02,-0.038125,-0.00130438
2.3890e-02,-0.0290625,-0.00157156
2.3900e-02,-0.0417187,-0.00112563
2.3910e-02,-0.0295313,-0.00172375
2.3920e-02,-0.040625,-0.00136188
2.3930e-02,-0.038125,-0.00176344
2.3940e-02,-0.0389063,-0.00247656
2.3950e-02,-0.035,-0.001905
2.3960e-02,-0.0295313,-0.00218531
2.3970e-02,-0.0309375,-0.00133406
2.3980e-02,-0.0409375,-0.00180906
2.3990e-02,-0.0407813,-0.00184313
2.4000e-02,-0.0448438,-0.00220594
2.4010e-02,-0.0489062,-0.00141625
2.4020e-02,-0.0379688,-0.00174313
2.4030e-02,-0.024375,-0.001145
2.4040e-02,-0.0345312,-0.001475
2.4050e-02,-0.0492188,-0.00202719
2.4060e-02,-0.0379688,-0.00123094
2.4070e-02,-0.0432813,-0.0021725
2.4080e-02,-0.0446875,-0.00150938
2.4090e-02,-0.0373438,-0.00189531
2.4100e-02,-0.0429688,-0.00145469
2.4110e-02,-0.0367188,-0.001635
2.4120e-02,-0.0360938,-0.00187688
2.4130e-02,-0.0385937,-0.0016575
2.4140e-02,-0.0421875,-0.00141313
2.4150e-02,-0.04625,-0.00132688
2.4160e-02,-0.0309375,-0.00263969
2.4170e-02,-0.045,-0.000930625
2.4180e-02,-0.034375,-0.00191906
2.4190e-02,-0.0384375,-0.00148469
2.4200e-02,-0.0340625,-0.00147563
2.4210e-02,-0.0354688,-0.00148594
2.4220e-02,-0.0426562,-0.000992812
2.4230e-02,-0.04125,-0.00256156
2.4240e-02,-0.0465625,-0.000997813
2.4250e-02,-0.0385937,-0.00155813
2.4260e-02,-0.034375,-0.00181594
2.4270e-02,-0.0259375,-0.00165719
2.4280e-02,-0.048125,-0.00196219
2.4290e-02,-0.043125,-0.00116688
2.4300e-02,-0.0545313,-0.00228906
2.4310e-02,-0.0303125,-0.0020275
2.4320e-02,-0.0476562,-0.00229125
2.4330e-02,-0.040625,-0.00198813
2.4340e-02,-0.0357813,-0.00118563
2.4350e-02,-0.0407813,-0.00145344
2.4360e-02,-0.0382813,-0.00163281
2.4370e-02,-0.046875,-0.000989063
2.4380e-02,-0.0264062,-0.00160281
2.4390e-02,-0.0376563,-0.00123781
2.4400e-02,-0.04,-0.00165031
2.4410e-02,-0.0396875,-0.00216219
2.4420e-02,-0.028125,-0.00151906
2.4430e-02,-0.0492188,-0.00177594
2.4440e-02,-0.0367188,-0.00122375
2.4450e-02,-0.041875,-0.001865
2.4460e-02,-0.04375,-0.000930625
2.4470e-02,-0.028125,-0.00129563
2.4480e-02,-0.0346875,-0.00174219
2.4490e-02,-0.0440625,-0.00149719
2.4500e-02,-0.0334375,-0.00125906
2.4510e-02,-0.0371875,-0.00128875
2.4520e-02,-0.0378125,-0.00174906
2.4530e-02,-0.0467188,-0.00176219
2.4540e-02,-0.041875,-0.00122844
2.4550e-02,-0.0351562,-0.000961563
2.4560e-02,-0.0370313,-0.00118969
2.4570e-02,-0.0385937,-0.00123781
2.4580e-02,-0.0425,-0.0016225
2.4590e-02,-0.0435938,-0.00221031
2.4600e-02,-0.0365625,-0.00166031
2.4610e-02,-0.033125,-0.00152719
2.4620e-02,-0.0367188,-0.00109781
2.4630e-02,-0.0423437,-0.00203375
2.4640e-02,-0.0509375,-0.00187344
2.4650e-02,-0.0345312,-0.00102187
2.4660e-02,-0.0282813,-0.000587813
2.4670e-02,-0.0332812,-0.00128438
2.4680e-02,-0.0409375,-0.00139781
2.4690e-02,-0.0440625,-0.00216563
2.4700e-02,-0.0396875,-0.00175531
2.4710e-02,-0.044375,-0.00181
2.4720e-02,-0.0354688,-0.00181063
2.4730e-02,-0.0389063,-0.00182375
2.4740e-02,-0.03625,-0.00146938
2.4750e-02,-0.0359375,-0.00122125
2.4760e-02,-0.03375,-0.00166281
2.4770e-02,-0.0375,-0.00167375
2.4780e-02,-0.04125,-0.00128625
2.4790e-02,-0.0504687,-0.00167063
2.4800e-02,-0.040625,-0.00151781
2.4810e-02,-0.0490625,-0.00102063
2.4820e-02,-0.0354688,-0.00195344
2.4830e-02,-0.0404687,-0.00247375
2.4840e-02,-0.0323438,-0.00156313
2.4850e-02,-0.0329688,-0.00142969
2.4860e-02,-0.0451563,-0.00119594
2.4870e-02,-0.0421875,-0.000933125
2.4880e-02,-0.0273438,-0.00121906
2.4890e-02,-0.044375,-0.00192938
2.4900e-02,-0.0321875,-0.00122281
2.4910e-02,-0.0476562,-0.00151656
2.4920e-02,-0.0507812,0.000115625
2.4930e-02,-0.0370313,-0.00235625
2.4940e-02,-0.0501562,-0.0020625
2.4950e-02,-0.0410937,-0.00189719
2.4960e-02,-0.0425,-0.00121
2.4970e-02,-0.0407813,-0.00110875
2.4980e-02,-0.0325,-0.00135531
2.4990e-02,-0.0390625,-0.00112031
2.5000e-02,-0.0460938,-0.00246969
2.5010e-02,-0.0376563,-0.00156438
2.5020e-02,-0.0390625,-0.002225
2.5030e-02,-0.0407813,-0.00247031
2.5040e-02,-0.0378125,-0.00125688
2.5050e-02,-0.0375,-0.00133125
2.5060e-02,-0.04625,-0.00146281
2.5070e-02,-0.0489062,-0.00150438
2.5080e-02,-0.0265625,-0.00183406
2.5090e-02,-0.0392187,-0.00168844
2.5100e-02,-0.04375,-0.00248375
2.5110e-02,-0.0401563,-0.00177063
2.5120e-02,-0.0525,-0.00187156
2.5130e-02,-0.02375,-0.00161
2.5140e-02,-0.0492188,-0.00088125
2.5150e-02,-0.0309375,-0.00123594
2.5160e-02,-0.0404687,-0.000812188
2.5170e-02,-0.0342187,-0.00105281
2.5180e-02,-0.0375,-0.00126906
2.5190e-02,-0.0328125,-0.00189688
2.5200e-02,-0.0389063,-0.00163625
2.5210e-02,-0.0410937,-0.00189156
2.5220e-02,-0.0359375,-0.0021075
2.5230e-02,-0.0384375,-0.000795625
2.5240e-02,-0.0615625,-0.00106188
2.5250e-02,-0.0440625,-0.00130969
2.5260e-02,-0.039375,-0.00163938
2.5270e-02,-0.0385937,-0.00162094
2.5280e-02,-0.0507812,-0.00134031
2.5290e-02,-0.054375,-0.00130344
2.5300e-02,-0.0485938,-0.00125969
2.5310e-02,-0.0498438,-0.00112531
2.5320e-02,-0.0415625,-0.00201812
2.5330e-02,-0.0314062,-0.000974063
2.5340e-02,-0.0389063,-0.00166563
2.5350e-02,-0.0390625,-0.00183375
2.5360e-02,-0.03125,-0.00083
2.5370e-02,-0.0259375,-0.00190063
2.5380e-02,-0.0428125,-0.00088
2.5390e-02,-0.0334375,-0.00134375
2.5400e-02,-0.0348437,-0.00165625
2.5410e-02,-0.046875,-0.00137063
2.5420e-02,-0.0479688,-0.00236063
2.5430e-02,-0.0507812,-0.00104906
2.5440e-02,-0.036875,-0.00198406
2.5450e-02,-0.0326562,-0.00186906
2.5460e-02,-0.0384375,-0.00145031
2.5470e-02,-0.0396875,-0.00284906
2.5480e-02,-0.04,-0.00100781
2.5490e-02,-0.0329688,-0.00160844
2.5500e-02,-0.0421875,-0.00132563
2.5510e-02,-0.0340625,-0.00113688
2.5520e-02,-0.0446875,-0.00182156
2.5530e-02,-0.0364063,-0.001275
2.5540e-02,-0.0326562,-0.00191563
2.5550e-02,-0.0404687,-0.00159875
2.5560e-02,-0.0375,-0.00192563
2.5570e-02,-0.0459375,-0.00157781
2.5580e-02,-0.0371875,-0.00147125
2.5590e-02,-0.05,-0.00201563
2.5600e-02,-0.0460938,-0.00143906
2.5610e-02,-0.04625,-0.00130719
2.5620e-02,-0.0364063,-0.001755
2.5630e-02,-0.0453125,-0.00104875
2.5640e-02,-0.0445313,-0.00128
2.5650e-02,-0.05,-0.00087375
2.5660e-02,-0.0435938,-0.00151844
2.5670e-02,-0.0417187,-0.00154969
2.5680e-02,-0.0521875,-0.00135594
2.5690e-02,-0.0382813,-0.00183188
2.5700e-02,-0.0342187,-0.00194219
2.5710e-02,-0.0471875,-0.00147344
2.5720e-02,-0.05,-0.00188281
2.5730e-02,-0.0432813,-0.00120125
2.5740e-02,-0.0392187,-0.00167406
2.5750e-02,-0.0465625,-0.00139375
2.5760e-02,-0.0357813,-0.0009775
2.5770e-02,-0.05,-0.00204969
2.5780e-02,-0.0321875,-0.00167719
2.5790e-02,-0.036875,-0.00162281
2.5800e-02,-0.0395313,-0.00135
2.5810e-02,-0.0321875,-0.00125875
2.5820e-02,-0.04625,-0.00178188
2.5830e-02,-0.0379688,-0.00132031
2.5840e-02,-0.0403125,-0.00231906
2.5850e-02,-0.0382813,-0.000815938
2.5860e-02,-0.0490625,-0.00149563
2.5870e-02,-0.0379688,-0.00148125
2.5880e-02,-0.0557813,-0.00128625
2.5890e-02,-0.06125,-0.00182406
2.5900e-02,-0.04125,-0.00142844
2.5910e-02,-0.0392187,-0.00205906
2.5920e-02,-0.0370313,-0.00148125
2.5930e-02,-0.0442188,-0.00190344
2.5940e-02,-0.036875,-0.0016575
2.5950e-02,-0.0471875,-0.00169406
2.5960e-02,-0.0465625,-0.00149656
2.5970e-02,-0.04625,-0.001385
2.5980e-02,-0.0384375,-0.00144625
2.5990e-02,-0.0428125,-0.00152094
2.6000e-02,-0.03125,-0.00157375
2.6010e-02,-0.0565625,-0.00140063
2.6020e-02,-0.0470312,-0.00144938
2.6030e-02,-0.038125,-0.001805
2.6040e-02,-0.0429688,-0.00186906
2.6050e-02,-0.049375,-0.00126219
2.6060e-02,-0.0414063,-0.00173375
2.6070e-02,-0.039375,-0.00127844
2.6080e-02,-0.0434375,-0.00223813
2.6090e-02,-0.0417187,-0.00145219
2.6100e-02,-0.0471875,-0.0013475
2.6110e-02,-0.0507812,-0.00154313
2.6120e-02,-0.0378125,-0.00189219
2.6130e-02,-0.0557813,-0.00239438
2.6140e-02,-0.0534375,-0.0018675
2.6150e-02,-0.0434375,-0.00162563
2.6160e-02,-0.0532813,-0.00141406
2.6170e-02,-0.0376563,-0.00110156
2.6180e-02,-0.0417187,-0.00178469
2.6190e-02,-0.0442188,-0.00090875
2.6200e-02,-0.0289063,-0.00183594
2.6210e-02,-0.0404687,-0.00204875
2.6220e-02,-0.0359375,-0.00193156
2.6230e-02,-0.055625,-0.00159438
2.6240e-02,-0.0370313,-0.00158156
2.6250e-02,-0.0396875,-0.00135406
2.6260e-02,-0.050625,-0.0014
2.6270e-02,-0.0404687,-0.00150469
2.6280e-02,-0.0451563,-0.00166875
2.6290e-02,-0.0342187,-0.00201938
2.6300e-02,-0.0442188,-0.00172438
2.6310e-02,-0.0479688,-0.00175906
2.6320e-02,-0.0298438,-0.00193063
2.6330e-02,-0.0329688,-0.00130563
2.6340e-02,-0.048125,-0.00167281
2.6350e-02,-0.0332812,-0.00185656
2.6360e-02,-0.040625,-0.000939375
2.6370e-02,-0.0310937,-0.00122625
2.6380e-02,-0.0329688,-0.00123406
2.6390e-02,-0.034375,-0.00135906
2.6400e-02,-0.0464062,-0.00189469
2.6410e-02,-0.04625,-0.00198344
2.6420e-02,-0.0253125,-0.00168781
2.6430e-02,-0.0434375,-0.0016175
2.6440e-02,-0.0348437,-0.00091625
2.6450e-02,-0.0528125,-0.00198813
2.6460e-02,-0.0446875,-0.00106781
2.6470e-02,-0.044375,-0.00137813
2.6480e-02,-0.0507812,-0.00193938
2.6490e-02,-0.0440625,-0.00152656
2.6500e-02,-0.048125,-0.00135031
2.6510e-02,-0.0535937,-0.00191125
2.6520e-02,-0.0348437,-0.000918438
2.6530e-02,-0.0359375,-0.00157063
2.6540e-02,-0.035625,-0.00136688
2.6550e-02,-0.0328125,-0.00128875
2.6560e-02,-0.035625,-0.00162031
2.6570e-02,-0.0510938,-0.00169531
2.6580e-02,-0.0360938,-0.00135313
2.6590e-02,-0.0396875,-0.00170344
2.6600e-02,-0.0496875,-0.00176594
2.6610e-02,-0.048125,-0.00101281
2.6620e-02,-0.0432813,-0.00196656
2.6630e-02,-0.0310937,-0.00178938
2.6640e-02,-0.0401563,-0.00121594
2.6650e-02,-0.0398437,-0.00124156
2.6660e-02,-0.0395313,-0.0014925
2.6670e-02,-0.0314062,-0.00134406
2.6680e-02,-0.0523437,-0.001495
2.6690e-02,-0.0525,-0.00191969
2.6700e-02,-0.0375,-0.00158938
2.6710e-02,-0.0395313,-0.00117
2.6720e-02,-0.0401563,-0.00142219
2.6730e-02,-0.0473438,-0.00152313
2.6740e-02,-0.040625,-0.00182125
2.6750e-02,-0.0328125,-0.00156344
2.6760e-02,-0.043125,-0.00184063
2.6770e-02,-0.0464062,-0.00200125
2.6780e-02,-0.0475,-0.00098375
2.6790e-02,-0.0489062,-0.00183219
2.6800e-02,-0.0434375,-0.00113031
2.6810e-02,-0.0476562,-0.00103188
2.6820e-02,-0.0435938,-0.00149688
2.6830e-02,-0.04875,-0.00178125
2.6840e-02,-0.0510938,-0.00209281
2.6850e-02,-0.0464062,-0.00119875
2.6860e-02,-0.0428125,-0.00154906
2.6870e-02,-0.0425,-0.00156719
2.6880e-02,-0.05,-0.00216094
2.6890e-02,-0.0475,-0.00174719
2.6900e-02,-0.0398437,-0.00115188
2.6910e-02,-0.0503125,-0.00179438
2.6920e-02,-0.040625,-0.00083125
2.6930e-02,-0.039375,-0.00212781
2.6940e-02,-0.0515625,-0.00150969
2.6950e-02,-0.0429688,-0.00182094
2.6960e-02,-0.0357813,-0.00141281
2.6970e-02,-0.0371875,-0.000895
2.6980e-02,-0.0420312,-0.00189563
2.6990e-02,-0.0451563,-0.00120281
2.7000e-02,-0.0545313,-0.00156781
2.7010e-02,-0.0426562,-0.00193469
2.7020e-02,-0.0523437,-0.00140781
2.7030e-02,-0.0421875,-0.0019325
2.7040e-02,-0.0390625,-0.00097875
2.7050e-02,-0.033125,-0.00195813
2.7060e-02,-0.0571875,-0.0020025
2.7070e-02,-0.05,-0.00188688
2.7080e-02,-0.0490625,-0.00183688
2.7090e-02,-0.040625,-0.00156344
2.7100e-02,-0.0370313,-0.0014325
2.7110e-02,-0.0379688,-0.000970938
2.7120e-02,-0.0421875,-0.00121438
2.7130e-02,-0.0382813,-0.00191281
2.7140e-02,-0.0457813,-0.00192688
2.7150e-02,-0.0364063,-0.00164719
2.7160e-02,-0.0459375,-0.00170344
2.7170e-02,-0.03625,-0.00180188
2.7180e-02,-0.04625,-0.00214813
2.7190e-02,-0.0425,-0.00121813
2.7200e-02,-0.0417187,-0.00128469
2.7210e-02,-0.0396875,-0.00197094
2.7220e-02,-0.0403125,-0.000979688
2.7230e-02,-0.0357813,-0.00161219
2.7240e-02,-0.0485938,-0.0019925
2.7250e-02,-0.0473438,-0.00109563
2.7260e-02,-0.0453125,-0.00153344
2.7270e-02,-0.0510938,-0.00145531
2.7280e-02,-0.0557813,-0.00157031
2.7290e-02,-0.0464062,-0.00191219
2.7300e-02,-0.03875,-0.00179375
2.7310e-02,-0.043125,-0.00184313
2.7320e-02,-0.0435938,-0.00192594
2.7330e-02,-0.0359375,-0.00203937
2.7340e-02,-0.0457813,-0.00165469
2.7350e-02,-0.0539063,-0.00107
2.7360e-02,-0.0442188,-0.00157469
2.7370e-02,-0.0385937,-0.00190969
2.7380e-02,-0.0353125,-0.00153656
2.7390e-02,-0.034375,-0.00176063
2.7400e-02,-0.0375,-0.00145563
2.7410e-02,-0.0471875,-0.00140719
2.7420e-02,-0.0435938,-0.00193063
2.7430e-02,-0.0323438,-0.00155156
2.7440e-02,-0.0470312,-0.00163063
2.7450e-02,-0.05125,-0.00183125
2.7460e-02,-0.0460938,-0.000589688
2.7470e-02,-0.0453125,-0.00152375
2.7480e-02,-0.0359375,-0.00152781
2.7490e-02,-0.0539063,-0.0014
2.7500e-02,-0.0496875,-0.00192813
2.7510e-02,-0.0514063,-0.00130406
2.7520e-02,-0.036875,-0.00199313
2.7530e-02,-0.05875,-0.00100875
2.7540e-02,-0.044375,-0.00119344
2.7550e-02,-0.0540625,-0.00155469
2.7560e-02,-0.0542187,-0.00101156
2.7570e-02,-0.0442188,-0.00151531
2.7580e-02,-0.0498438,-0.00173031
2.7590e-02,-0.0460938,-0.00172563
2.7600e-02,-0.04375,-0.00132031
2.7610e-02,-0.0432813,-0.00115156
2.7620e-02,-0.0471875,-0.00135688
2.7630e-02,-0.03875,-0.00184594
2.7640e-02,-0.0471875,-0.00124313
2.7650e-02,-0.0395313,-0.00193531
2.7660e-02,-0.0521875,-0.00134031
2.7670e-02,-0.03875,-0.00139344
2.7680e-02,-0.0573437,-0.00162219
2.7690e-02,-0.0371875,-0.00102781
2.7700e-02,-0.0498438,-0.00163031
2.7710e-02,-0.0390625,-0.00166438
2.7720e-02,-0.0454688,-0.00198469
2.7730e-02,-0.049375,-0.00122031
2.7740e-02,-0.04625,-0.000694688
2.7750e-02,-0.0384375,-0.00146406
2.7760e-02,-0.048125,-0.00209344
2.7770e-02,-0.0534375,-0.00175969
2.7780e-02,-0.0501562,-0.00165313
2.7790e-02,-0.0457813,-0.00160594
2.7800e-02,-0.0471875,-0.00144906
2.7810e-02,-0.0426562,-0.00178875
2.7820e-02,-0.0376563,-0.00151938
2.7830e-02,-0.0459375,-0.00129813
2.7840e-02,-0.0410937,-0.00191969
2.7850e-02,-0.039375,-0.00120563
2.7860e-02,-0.035625,-0.00170813
2.7870e-02,-0.0365625,-0.00125906
2.7880e-02,-0.0467188,-0.00133063
2.7890e-02,-0.0479688,-0.00134156
2.7900e-02,-0.0421875,-0.00142969
2.7910e-02,-0.0342187,-0.00152875
2.7920e-02,-0.0478125,-0.0020575
2.7930e-02,-0.0439063,-0.00153594
2.7940e-02,-0.0503125,-0.00204375
2.7950e-02,-0.0460938,-0.00148219
2.7960e-02,-0.0432813,-0.00106781
2.7970e-02,-0.0359375,-0.00210656
2.7980e-02,-0.0440625,-0.00136469
2.7990e-02,-0.0396875,-0.00155813
2.8000e-02,-0.0382813,-0.00129125
2.8010e-02,-0.0534375,-0.0012225
2.8020e-02,-0.0439063,-0.00126344
2.8030e-02,-0.0407813,-0.000999375
2.8040e-02,-0.05,-0.00137063
2.8050e-02,-0.0540625,-0.00200219
2.8060e-02,-0.0482812,-0.00204719
2.8070e-02,-0.03875,-0.00172438
2.8080e-02,-0.0495312,-0.00135
2.8090e-02,-0.0471875,-0.00155438
2.8100e-02,-0.0529687,-0.00199875
2.8110e-02,-0.0384375,-0.00179063
2.8120e-02,-0.03,-0.00191313
2.8130e-02,-0.0398437,-0.00127188
2.8140e-02,-0.041875,-0.00185156
2.8150e-02,-0.040625,-0.00146031
2.8160e-02,-0.0546875,-0.00108813
2.8170e-02,-0.04,-0.00126625
2.8180e-02,-0.0534375,-0.00184625
2.8190e-02,-0.0451563,-0.00126031
2.8200e-02,-0.0498438,-0.00146875
2.8210e-02,-0.0396875,-0.00173844
2.8220e-02,-0.0273438,-0.00151188
2.8230e-02,-0.0514063,-0.00153906
2.8240e-02,-0.0428125,-0.00150219
2.8250e-02,-0.0467188,-0.00122063
2.8260e-02,-0.0476562,-0.00213813
2.8270e-02,-0.0445313,-0.000777813
2.8280e-02,-0.0404687,-0.0012125
2.8290e-02,-0.0460938,-0.000895313
2.8300e-02,-0.041875,-0.0014225
2.8310e-02,-0.0476562,-0.00154594
2.8320e-02,-0.0545313,-0.00174813
2.8330e-02,-0.0489062,-0.00206906
2.8340e-02,-0.05,-0.00225844
2.8350e-02,-0.0579687,-0.00210344
2.8360e-02,-0.04625,-0.00154969
2.8370e-02,-0.056875,-0.00127
2.8380e-02,-0.04,-0.00206188
2.8390e-02,-0.0457813,-0.0013425
2.8400e-02,-0.0575,-0.00150156
2.8410e-02,-0.0442188,-0.00152844
2.8420e-02,-0.03875,-0.00136531
2.8430e-02,-0.0510938,-0.00145781
2.8440e-02,-0.0340625,-0.00154688
2.8450e-02,-0.0525,-0.00136719
2.8460e-02,-0.056875,-0.00139875
2.8470e-02,-0.0520313,-0.00163438
2.8480e-02,0.359063,-0.00160313
2.8490e-02,0.345156,-0.00429938
2.8500e-02,0.952656,-0.00591875
2.8510e-02,0.9075,-0.00681125
2.8520e-02,0.905156,-0.0072775
2.8530e-02,0.0873437,-0.00697313
2.8540e-02,0.122031,-0.00696969
2.8550e-02,0.0904688,-0.00699625
2.8560e-02,0.09375,-0.00691844
2.8570e-02,0.0740625,-0.00692438
2.8580e-02,0.0623438,-0.00695719
2.8590e-02,0.0603125,-0.00717125
2.8600e-02,0.0379687,-0.00688375
2.8610e-02,0.033125,-0.00675344
2.8620e-02,0.0351562,-0.00697031
2.8630e-02,0.0246875,-0.00708844
2.8640e-02,0.039375,-0.00681906
2.8650e-02,0.0182813,-0.00673938
2.8660e-02,0.0242188,-0.00708875
2.8670e-02,0.0275,-0.00681438
2.8680e-02,0.0323438,-0.00698438
2.8690e-02,0.0221875,-0.00685188
2.8700e-02,0.0229687,-0.00687656
2.8710e-02,0.0240625,-0.0067725
2.8720e-02,0.0192188,-0.00690813
2.8730e-02,0.0201562,-0.00683031
2.8740e-02,0.0151562,-0.00424406
2.8750e-02,0.00515625,-0.00289438
2.8760e-02,0.0114063,-0.00246313
2.8770e-02,0.0182813,-0.00245594
2.8780e-02,0.008125,-0.00301531
2.8790e-02,0.00875,-0.00261281
2.8800e-02,0.0151562,-0.00179594
2.8810e-02,0.0109375,-0.000880313
2.8820e-02,0.0071875,-0.00176219
2.8830e-02,0.00296875,-0.00198219
2.8840e-02,0.00046875,-0.00186938
2.8850e-02,0.003125,-0.00227156
2.8860e-02,0.00328125,-0.00248313
2.8870e-02,0.00828125,-0.00176031
2.8880e-02,0.0025,-0.00075625
2.8890e-02,0.00609375,-0.00191313
2.8900e-02,0.0053125,-0.00217156
2.8910e-02,0.01,-0.00245094
2.8920e-02,0.0125,-0.00219219
2.8930e-02,-0.00796875,-0.00145906
2.8940e-02,-0.00125,-0.00160438
2.8950e-02,-0.0046875,-0.00120781
2.8960e-02,0.00015625,-0.00144344
2.8970e-02,-0.005,-0.00197438
2.8980e-02,-0.00328125,-0.00145438
2.8990e-02,-0.00078125,-0.00256313
2.9000e-02,-0.0040625,-0.00126
2.9010e-02,0.00125,-0.00133281
2.9020e-02,0.0059375,-0.00147281
2.9030e-02,-0.00203125,-0.00234969
2.9040e-02,-0.0164063,-0.00187906
2.9050e-02,0.00125,-0.0015925
2.9060e-02,-0.0128125,-0.0018
2.9070e-02,-0.005,-0.00188094
2.9080e-02,-0.00015625,-0.00152281
2.9090e-02,-0.00140625,-0.00133
2.9100e-02,-0.0084375,-0.00175969
2.9110e-02,-0.0185937,-0.00161281
2.9120e-02,-0.0103125,-0.00145125
2.9130e-02,-0.00296875,-0.00157406
2.9140e-02,-0.0075,-0.00220469
2.9150e-02,-0.004375,-0.00124656
2.9160e-02,-0.010625,-0.00169906
2.9170e-02,-0.00875,-0.00140188
2.9180e-02,-0.00140625,-0.00142875
2.9190e-02,-0.0129688,-0.00150031
2.9200e-02,-0.0084375,-0.0014225
2.9210e-02,-0.011875,-0.0017225
2.9220e-02,-0.0120313,-0.00219125
2.9230e-02,-0.00921875,-0.00112094
2.9240e-02,-0.0084375,-0.00148594
2.9250e-02,-0.00765625,-0.00130688
2.9260e-02,-0.00953125,-0.00147719
2.9270e-02,0.00078125,-0.00143688
2.9280e-02,-0.015,-0.000946875
2.9290e-02,-0.00015625,-0.00176188
2.9300e-02,-0.00140625,-0.00180906
2.9310e-02,-0.0220313,-0.00190938
2.9320e-02,-0.0148437,-0.00223375
2.9330e-02,-0.0145312,-0.00148781
2.9340e-02,-0.0157813,-0.00140188
2.9350e-02,-0.0198438,-0.00213813
2.9360e-02,-0.0059375,-0.00196
2.9370e-02,-0.0142188,-0.00188406
2.9380e-02,-0.021875,-0.00138719
2.9390e-02,-0.014375,-0.00211781
2.9400e-02,-0.00953125,-0.0017675
2.9410e-02,-0.02,-0.00160719
2.9420e-02,-0.0195312,-0.00185
2.9430e-02,-0.02,-0.00190906
2.9440e-02,-0.0284375,-0.00175594
2.9450e-02,-0.01375,-0.00156031
2.9460e-02,-0.0151562,-0.00189375
2.9470e-02,-0.0225,-0.000779688
2.9480e-02,-0.0096875,-0.00145406
2.9490e-02,-0.0217188,-0.00176094
2.9500e-02,-0.015,-0.00161406
2.9510e-02,-0.0285938,-0.00138094
2.9520e-02,-0.0165625,-0.000952813
2.9530e-02,-0.0245313,-0.00136
2.9540e-02,-0.0107813,-0.00173531
2.9550e-02,-0.0196875,-0.00137688
2.9560e-02,-0.013125,-0.00237063
2.9570e-02,-0.0229687,-0.00268844
2.9580e-02,-0.0215625,-0.00116625
2.9590e-02,-0.0142188,-0.00115531
2.9600e-02,-0.0145312,-0.00115156
2.9610e-02,-0.0201563,-0.00133156
2.9620e-02,-0.0140625,-0.00144625
2.9630e-02,-0.0214063,-0.00159219
2.9640e-02,-0.00796875,-0.0013175
2.9650e-02,-0.019375,-0.00151969
2.9660e-02,-0.0204688,-0.00168281
2.9670e-02,-0.0151562,-0.00145844
2.9680e-02,-0.020625,-0.00110406
2.9690e-02,-0.0314062,-0.00135906
2.9700e-02,-0.01,-0.00227344
2.9710e-02,-0.0178125,-0.00204219
2.9720e-02,-0.0276563,-0.00169625
2.9730e-02,-0.016875,-0.00250781
2.9740e-02,-0.0253125,-0.00176813
2.9750e-02,-0.0160938,-0.0016425
2.9760e-02,-0.0192187,-0.00159563
2.9770e-02,-0.0198438,-0.0017675
2.9780e-02,-0.0201563,-0.00212219
2.9790e-02,-0.0267187,-0.00189313
2.9800e-02,-0.019375,-0.00134469
2.9810e-02,-0.0160938,-0.00146438
2.9820e-02,-0.0146875,-0.00171531
2.9830e-02,-0.0284375,-0.00241844
2.9840e-02,-0.0265625,-0.0014875
2.9850e-02,-0.0264062,-0.00110063
2.9860e-02,-0.026875,-0.00129406
2.9870e-02,-0.030625,-0.00188375
2.9880e-02,-0.020625,-0.00163938
2.9890e-02,-0.0139063,-0.00054375
2.9900e-02,-0.0315625,-0.00120875
2.9910e-02,-0.021875,-0.00163188
2.9920e-02,-0.030625,-0.001725
2.9930e-02,-0.0257812,-0.001585
2.9940e-02,-0.01375,-0.0016725
2.9950e-02,-0.0279688,-0.0020725
2.9960e-02,-0.0185937,-0.000814688
2.9970e-02,-0.0185937,-0.0016725
2.9980e-02,-0.0175,-0.00164719
2.9990e-02,-0.0226562,-0.000945
3.0000e-02,-0.0215625,-0.00142844
3.0010e-02,-0.0307813,-0.00165344
3.0020e-02,-0.0271875,-0.00195563
3.0030e-02,-0.0373438,-0.0015325
3.0040e-02,-0.0176563,-0.00123844
3.0050e-02,-0.0160938,-0.00130875
3.0060e-02,-0.0228125,-0.00170813
3.0070e-02,-0.0209375,-0.00206781
3.0080e-02,-0.02875,-0.00192
3.0090e-02,-0.0314062,-0.00178625
3.0100e-02,-0.0346875,-0.00154844
3.0110e-02,-0.0209375,-0.00146906
3.0120e-02,-0.0248438,-0.00124844
3.0130e-02,-0.0242188,-0.00145
3.0140e-02,-0.0351562,-0.001565
3.0150e-02,-0.0185937,-0.00204625
3.0160e-02,-0.0198438,-0.00131531
3.0170e-02,-0.019375,-0.00153344
3.0180e-02,-0.0109375,-0.00197469
3.0190e-02,-0.0253125,-0.00152344
3.0200e-02,-0.0267187,-0.00175625
3.0210e-02,-0.0279688,-0.00181969
3.0220e-02,-0.0215625,-0.00159188
3.0230e-02,-0.0207813,-0.00139375
3.0240e-02,-0.0417187,-0.00132844
3.0250e-02,-0.0226562,-0.000935938
3.0260e-02,-0.020625,-0.00223406
3.0270e-02,-0.0321875,-0.00136344
3.0280e-02,-0.0229687,-0.00125781
3.0290e-02,-0.0264062,-0.00186656
3.0300e-02,-0.03,-0.001565
3.0310e-02,-0.0148437,-0.00177188
3.0320e-02,-0.0267187,-0.00174
3.0330e-02,-0.0207813,-0.00172813
3.0340e-02,-0.0270312,-0.00174531
3.0350e-02,-0.026875,-0.00101687
3.0360e-02,-0.0290625,-0.00167531
3.0370e-02,-0.024375,-0.000806563
3.0380e-02,-0.0295313,-0.00202063
3.0390e-02,-0.0201563,-0.00149594
3.0400e-02,-0.0142188,-0.00122563
3.0410e-02,-0.0284375,-0.00157063
3.0420e-02,-0.02625,-0.00215125
3.0430e-02,-0.035625,-0.00153375
3.0440e-02,-0.0223437,-0.00142219
3.0450e-02,-0.0257812,-0.00128906
3.0460e-02,-0.023125,-0.00193375
3.0470e-02,-0.0264062,-0.00168281
3.0480e-02,-0.02875,-0.00192125
3.0490e-02,-0.021875,-0.00185625
3.0500e-02,-0.0278125,-0.0019775
3.0510e-02,-0.036875,-0.00161281
3.0520e-02,-0.0289063,-0.00136375
3.0530e-02,-0.026875,-0.00168531
3.0540e-02,-0.0210938,-0.00108813
3.0550e-02,-0.0254688,-0.000843125
3.0560e-02,-0.035625,-0.001755
3.0570e-02,-0.021875,-0.001205
3.0580e-02,-0.0329688,-0.00256813
3.0590e-02,-0.0323438,-0.00188063
3.0600e-02,-0.0242188,-0.00160688
3.0610e-02,-0.02625,-0.00134281
3.0620e-02,-0.039375,-0.00147
3.0630e-02,-0.03875,-0.00265531
3.0640e-02,-0.0225,-0.00152813
3.0650e-02,-0.0278125,-0.000957188
3.0660e-02,-0.030625,-0.00158594
3.0670e-02,-0.034375,-0.00118781
3.0680e-02,-0.0234375,-0.00159969
3.0690e-02,-0.0170313,-0.00232938
3.0700e-02,-0.0303125,-0.00226094
3.0710e-02,-0.0278125,-0.00132125
3.0720e-02,-0.03375,-0.00176063
3.0730e-02,-0.0296875,-0.00221469
3.0740e-02,-0.0239063,-0.00163688
3.0750e-02,-0.03125,-0.00171094
3.0760e-02,-0.026875,-0.00171125
3.0770e-02,-0.0340625,-0.00183344
3.0780e-02,-0.0190625,-0.00156688
3.0790e-02,-0.0348437,-0.0020625
3.0800e-02,-0.0321875,-0.00151969
3.0810e-02,-0.0217188,-0.00151219
3.0820e-02,-0.0432813,-0.00224656
3.0830e-02,-0.0273438,-0.00122937
3.0840e-02,-0.0251563,-0.00116719
3.0850e-02,-0.0376563,-0.0014825
3.0860e-02,-0.04375,-0.00164031
3.0870e-02,-0.0307813,-0.00181125
3.0880e-02,-0.0335937,-0.000876563
3.0890e-02,-0.046875,-0.00163625
3.0900e-02,-0.035625,-0.00166781
3.0910e-02,-0.0278125,-0.0015425
3.0920e-02,-0.03375,-0.00158406
3.0930e-02,-0.0298438,-0.00108531
3.0940e-02,-0.0329688,-0.00131469
3.0950e-02,-0.0309375,-0.00146438
3.0960e-02,-0.0310937,-0.00181938
3.0970e-02,-0.0229687,-0.00146375
3.0980e-02,-0.0317188,-0.00166281
3.0990e-02,-0.035625,-0.00206
3.1000e-02,-0.0335937,-0.00121469
3.1010e-02,-0.0285938,-0.001525
3.1020e-02,-0.0257812,-0.00180438
3.1030e-02,-0.0329688,-0.00106781
3.1040e-02,-0.0295313,-0.00178906
3.1050e-02,-0.0357813,-0.00183063
3.1060e-02,-0.0353125,-0.00156531
3.1070e-02,-0.026875,-0.00184125
3.1080e-02,-0.0415625,-0.00203906
3.1090e-02,-0.0342187,-0.00245063
3.1100e-02,-0.0309375,-0.00213063
3.1110e-02,-0.0420312,-0.00182906
3.1120e-02,-0.0290625,-0.001155
3.1130e-02,-0.0285938,-0.00151219
3.1140e-02,-0.0296875,-0.00179906
3.1150e-02,-0.033125,-0.00128688
3.1160e-02,-0.03125,-0.00172188
3.1170e-02,-0.0421875,-0.00140063
3.1180e-02,-0.0360938,-0.00112531
3.1190e-02,-0.03375,-0.0011825
3.1200e-02,-0.0348437,-0.00145219
3.1210e-02,-0.0242188,-0.00196469
3.1220e-02,-0.0328125,-0.00188438
3.1230e-02,-0.0292188,-0.00179688
3.1240e-02,-0.0403125,-0.00219125
3.1250e-02,-0.0415625,-0.00127219
3.1260e-02,-0.0307813,-0.00131625
3.1270e-02,-0.03625,-0.00111438
3.1280e-02,-0.0396875,-0.00182844
3.1290e-02,-0.0245313,-0.00221719
3.1300e-02,-0.0315625,-0.00133313
3.1310e-02,-0.036875,-0.0011925
3.1320e-02,-0.0325,-0.00214625
3.1330e-02,-0.0320312,-0.00213781
3.1340e-02,-0.0359375,-0.0020225
3.1350e-02,-0.0351562,-0.00183625
3.1360e-02,-0.0190625,-0.00121719
3.1370e-02,-0.0298438,-0.00126063
3.1380e-02,-0.0414063,-0.00187281
3.1390e-02,-0.0403125,-0.00149531
3.1400e-02,-0.0353125,-0.00178094
3.1410e-02,-0.0371875,-0.00147094
3.1420e-02,-0.03625,-0.00171125
3.1430e-02,-0.0334375,-0.00107031
3.1440e-02,-0.0351562,-0.00121594
3.1450e-02,-0.0339062,-0.00158719
3.1460e-02,-0.049375,-0.00179469
3.1470e-02,-0.0239063,-0.0012725
3.1480e-02,-0.0448438,-0.00178719
3.1490e-02,-0.0390625,-0.00173219
3.1500e-02,-0.0395313,-0.00158594
3.1510e-02,-0.0346875,-0.00153063
3.1520e-02,-0.0339062,-0.00153781
3.1530e-02,-0.0426562,-0.00129625
3.1540e-02,-0.0334375,-0.00136031
3.1550e-02,-0.0370313,-0.000937188
3.1560e-02,-0.0385937,-0.000927813
3.1570e-02,-0.0490625,-0.00269438
3.1580e-02,-0.0448438,-0.00144313
3.1590e-02,-0.036875,-0.00157313
3.1600e-02,-0.0475,-0.0010425
3.1610e-02,-0.0395313,-0.00134969
3.1620e-02,-0.0404687,-0.00174844
3.1630e-02,-0.03875,-0.00150125
3.1640e-02,-0.0375,-0.00140438
3.1650e-02,-0.0442188,-0.00183063
3.1660e-02,-0.0392187,-0.00117
3.1670e-02,-0.0360938,-0.00208688
3.1680e-02,-0.0339062,-0.00206531
3.1690e-02,-0.0204688,-0.00264375
3.1700e-02,-0.033125,-0.00176094
3.1710e-02,-0.0265625,-0.00146125
3.1720e-02,-0.0290625,-0.0015875
3.1730e-02,-0.0507812,-0.00159469
3.1740e-02,-0.039375,-0.00205875
3.1750e-02,-0.0257812,-0.0018
3.1760e-02,-0.0257812,-0.00148813
3.1770e-02,-0.0353125,-0.00126313
3.1780e-02,-0.0360938,-0.00124844
3.1790e-02,-0.0310937,-0.00271031
3.1800e-02,-0.0346875,-0.00191375
3.1810e-02,-0.0345312,-0.00168094
3.1820e-02,-0.0301563,-0.00185406
3.1830e-02,-0.0389063,-0.00102
3.1840e-02,-0.0464062,-0.00144906
3.1850e-02,-0.0432813,-0.0008325
3.1860e-02,-0.0310937,-0.00178313
3.1870e-02,-0.0384375,-0.00132156
3.1880e-02,-0.0490625,-0.00129313
3.1890e-02,-0.0325,-0.00212219
3.1900e-02,-0.0376563,-0.00158813
3.1910e-02,-0.0396875,-0.00213938
3.1920e-02,-0.0417187,-0.00197594
3.1930e-02,-0.0442188,-0.00159438
3.1940e-02,-0.046875,-0.00189031
3.1950e-02,-0.0242188,-0.00139375
3.1960e-02,-0.0342187,-0.00197125
3.1970e-02,-0.0314062,-0.00124406
3.1980e-02,-0.0376563,-0.00139625
3.1990e-02,-0.0442188,-0.00213406
3.2000e-02,-0.0345312,-0.00112312
3.2010e-02,-0.0396875,-0.00144906
3.2020e-02,-0.0398437,-0.00144469
3.2030e-02,-0.04,-0.00193875
3.2040e-02,-0.0334375,-0.00205031
3.2050e-02,-0.0446875,-0.0011675
3.2060e-02,-0.0310937,-0.00184875
3.2070e-02,-0.0353125,-0.00163906
3.2080e-02,-0.036875,-0.00132406
3.2090e-02,-0.0442188,-0.00107781
3.2100e-02,-0.038125,-0.00163906
3.2110e-02,-0.0351562,-0.00172938
3.2120e-02,-0.0310937,-0.00212125
3.2130e-02,-0.0420312,-0.00116594
3.2140e-02,-0.0429688,-0.00153031
3.2150e-02,-0.0479688,-0.00157969
3.2160e-02,-0.0395313,-0.00152375
3.2170e-02,-0.0467188,-0.00143438
3.2180e-02,-0.0279688,-0.00106156
3.2190e-02,-0.0492188,-0.00168375
3.2200e-02,-0.046875,-0.00113
3.2210e-02,-0.0382813,-0.001385
3.2220e-02,-0.0403125,-0.00166188
3.2230e-02,-0.0429688,-0.000885938
3.2240e-02,-0.033125,-0.00120344
3.2250e-02,-0.0451563,-0.00139031
3.2260e-02,-0.045625,-0.00153031
3.2270e-02,-0.0365625,-0.0011325
3.2280e-02,-0.0439063,-0.0012625
3.2290e-02,-0.038125,-0.00199063
3.2300e-02,-0.05125,-0.00196313
3.2310e-02,-0.0375,-0.00185406
3.2320e-02,-0.0303125,-0.00142469
3.2330e-02,-0.041875,-0.00130469
3.2340e-02,-0.0367188,-0.0017675
3.2350e-02,-0.0335937,-0.00214469
3.2360e-02,-0.0346875,-0.00176156
3.2370e-02,-0.0354688,-0.00142594
3.2380e-02,-0.0426562,-0.00136094
3.2390e-02,-0.0404687,-0.00166875
3.2400e-02,-0.0415625,-0.00130313
3.2410e-02,-0.0451563,-0.00144438
3.2420e-02,-0.03375,-0.00172531
3.2430e-02,-0.03875,-0.00134406
3.2440e-02,-0.0476562,-0.00148969
3.2450e-02,-0.0339062,-0.00111688
3.2460e-02,-0.0354688,-0.0015775
3.2470e-02,-0.02875,-0.00234781
3.2480e-02,-0.0348437,-0.00174844
3.2490e-02,-0.0335937,-0.00200969
3.2500e-02,-0.036875,-0.00132438
3.2510e-02,-0.0453125,-0.00135688
3.2520e-02,-0.0401563,-0.00145531
3.2530e-02,-0.0407813,-0.000692813
3.2540e-02,-0.034375,-0.000730938
3.2550e-02,-0.0320312,-0.00094875
3.2560e-02,-0.0360938,-0.00168344
3.2570e-02,-0.0359375,-0.00216969
3.2580e-02,-0.0309375,-0.00188719
3.2590e-02,-0.0501562,-0.00127
3.2600e-02,-0.050625,-0.00117125
3.2610e-02,-0.034375,-0.00155719
3.2620e-02,-0.035625,-0.00108375
3.2630e-02,-0.039375,-0.0016075
3.2640e-02,-0.0459375,-0.00228219
3.2650e-02,-0.0384375,-0.0021475
3.2660e-02,-0.0503125,-0.00213719
3.2670e-02,-0.0351562,-0.001265
3.2680e-02,-0.0415625,-0.000390625
3.2690e-02,-0.0417187,-0.00173531
3.2700e-02,-0.0409375,-0.00194188
3.2710e-02,-0.0289063,-0.00178125
3.2720e-02,-0.035,-0.0013625
3.2730e-02,-0.0446875,-0.00170469
3.2740e-02,-0.0440625,-0.00185625
3.2750e-02,-0.0367188,-0.00097125
3.2760e-02,-0.0332812,-0.000818125
3.2770e-02,-0.0425,-0.00174563
3.2780e-02,-0.0448438,-0.00163031
3.2790e-02,-0.039375,-0.00196906
3.2800e-02,-0.0407813,-0.00128531
3.2810e-02,-0.0334375,-0.00242156
3.2820e-02,-0.0421875,-0.00233844
3.2830e-02,-0.0353125,-0.00124219
3.2840e-02,-0.0375,-0.00138063
3.2850e-02,-0.0367188,-0.000899063
3.2860e-02,-0.0357813,-0.00142063
3.2870e-02,-0.045,-0.00110906
3.2880e-02,-0.0417187,-0.00150781
3.2890e-02,-0.0282813,-0.00231625
3.2900e-02,-0.0321875,-0.00140469
3.2910e-02,-0.0503125,-0.00192406
3.2920e-02,-0.043125,-0.00189188
3.2930e-02,-0.0384375,-0.00116688
3.2940e-02,-0.0457813,-0.00163469
3.2950e-02,-0.03875,-0.00131969
3.2960e-02,-0.0467188,-0.00165438
3.2970e-02,-0.0426562,-0.00145906
3.2980e-02,-0.0307813,-0.0015875
3.2990e-02,-0.03875,-0.00163313
3.3000e-02,-0.0434375,-0.00144969
3.3010e-02,-0.0392187,-0.001365
3.3020e-02,-0.0359375,-0.00145188
3.3030e-02,-0.0325,-0.00184188
3.3040e-02,-0.05,-0.00156219
3.3050e-02,-0.0448438,-0.00100844
3.3060e-02,-0.0489062,-0.00171719
3.3070e-02,-0.0309375,-0.00121531
3.3080e-02,-0.0460938,-0.00193438
3.3090e-02,-0.0439063,-0.00116469
3.3100e-02,-0.0373438,-0.00140375
3.3110e-02,-0.041875,-0.00265469
3.3120e-02,-0.035625,-0.00138625
3.3130e-02,-0.049375,-0.00136531
3.3140e-02,-0.0442188,-0.00124188
3.3150e-02,-0.0346875,-0.00128344
3.3160e-02,-0.0551563,-0.00126906
3.3170e-02,-0.0460938,-0.00116156
3.3180e-02,-0.0348437,-0.00139
3.3190e-02,-0.0403125,-0.00135313
3.3200e-02,-0.0451563,-0.00152594
3.3210e-02,-0.0448438,-0.00121719
3.3220e-02,-0.0448438,-0.00153594
3.3230e-02,-0.0467188,-0.00207344
3.3240e-02,-0.03125,-0.00124063
3.3250e-02,-0.04875,-0.00219469
3.3260e-02,-0.0435938,-0.00171031
3.3270e-02,-0.0473438,-0.00137031
3.3280e-02,-0.0357813,-0.00213031
3.3290e-02,-0.031875,-0.00161219
3.3300e-02,-0.0296875,-0.00102625
3.3310e-02,-0.0470312,-0.00162594
3.3320e-02,-0.021875,-0.00135156
3.3330e-02,-0.0382813,-0.0013275
3.3340e-02,-0.0417187,-0.00120156
3.3350e-02,-0.0429688,-0.00176563
3.3360e-02,-0.0360938,-0.00161656
3.3370e-02,-0.0467188,-0.00123906
3.3380e-02,-0.0435938,-0.00148313
3.3390e-02,-0.0429688,-0.000681563
3.3400e-02,-0.0417187,-0.00179438
3.3410e-02,-0.0351562,-0.00094625
3.3420e-02,-0.0451563,-0.00136313
3.3430e-02,-0.0407813,-0.00150781
3.3440e-02,-0.0482812,-0.000869063
3.3450e-02,-0.0415625,-0.00168938
3.3460e-02,-0.0415625,-0.00154813
3.3470e-02,-0.0354688,-0.00192625
3.3480e-02,-0.0385937,-0.00212906
3.3490e-02,-0.0359375,-0.00156875
3.3500e-02,-0.0475,-0.00126594
3.3510e-02,-0.04375,-0.00201906
3.3520e-02,-0.0514063,-0.00142313
3.3530e-02,-0.0434375,-0.00179219
3.3540e-02,-0.0370313,-0.00152563
3.3550e-02,-0.0420312,-0.00198344
3.3560e-02,-0.049375,-0.00191281
3.3570e-02,-0.0404687,-0.00169125
3.3580e-02,-0.0389063,-0.00149219
3.3590e-02,-0.04625,-0.000981563
3.3600e-02,-0.03875,-0.00130938
3.3610e-02,-0.0460938,-0.00189656
3.3620e-02,-0.03625,-0.00191688
3.3630e-02,-0.0364063,-0.00133031
3.3640e-02,-0.0442188,-0.00155344
3.3650e-02,-0.0467188,-0.00144969
3.3660e-02,-0.0340625,-0.00124063
3.3670e-02,-0.0290625,-0.0013575
3.3680e-02,-0.040625,-0.00135
3.3690e-02,-0.0321875,-0.00227594
3.3700e-02,-0.0382813,-0.00201688
3.3710e-02,-0.0423437,-0.000937188
3.3720e-02,-0.045,-0.00178156
3.3730e-02,-0.0432813,-0.001645
3.3740e-02,-0.04,-0.0017
3.3750e-02,-0.038125,-0.00135344
3.3760e-02,-0.0309375,-0.00152469
3.3770e-02,-0.05125,-0.00180656
3.3780e-02,-0.0365625,-0.001675
3.3790e-02,-0.0382813,-0.00112
3.3800e-02,-0.0442188,-0.00169344
3.3810e-02,-0.0384375,-0.0009125
3.3820e-02,-0.0379688,-0.002715
3.3830e-02,-0.0392187,-0.00154031
3.3840e-02,-0.0465625,-0.00182281
3.3850e-02,-0.0514063,-0.00194031
3.3860e-02,-0.04375,-0.000976562
3.3870e-02,-0.0471875,-0.00175344
3.3880e-02,-0.05625,-0.000899063
3.3890e-02,-0.0475,-0.00198156
3.3900e-02,-0.0467188,-0.00119969
3.3910e-02,-0.0496875,-0.00124188
3.3920e-02,-0.0467188,-0.00142875
3.3930e-02,-0.0454688,-0.00134813
3.3940e-02,-0.0565625,-0.00183313
3.3950e-02,-0.0410937,-0.00141906
3.3960e-02,-0.0392187,-0.00164188
3.3970e-02,-0.0382813,-0.00171813
3.3980e-02,-0.0401563,-0.00150031
3.3990e-02,-0.0453125,-0.00235531
3.4000e-02,-0.033125,-0.00146656
3.4010e-02,-0.0364063,-0.00160219
3.4020e-02,-0.0421875,-0.0020875
3.4030e-02,-0.0490625,-0.00164656
3.4040e-02,-0.0401563,-0.00180438
3.4050e-02,-0.0471875,-0.000703125
3.4060e-02,-0.0398437,-0.00173969
3.4070e-02,-0.0434375,-0.00162719
3.4080e-02,-0.0553125,-0.00176063
3.4090e-02,-0.038125,-0.00165625
3.4100e-02,-0.0496875,-0.00114219
3.4110e-02,-0.0392187,-0.00182313
3.4120e-02,-0.0473438,-0.00173844
3.4130e-02,-0.0507812,-0.00135219
3.4140e-02,-0.0448438,-0.00147375
3.4150e-02,-0.0378125,-0.00123219
3.4160e-02,-0.044375,-0.0019125
3.4170e-02,-0.0376563,-0.0016475
3.4180e-02,-0.0309375,-0.0019825
3.4190e-02,-0.0492188,-0.00137813
3.4200e-02,-0.0542187,-0.001285
3.4210e-02,-0.0484375,-0.00193125
3.4220e-02,-0.0535937,-0.00173656
3.4230e-02,-0.0417187,-0.001545
3.4240e-02,-0.0459375,-0.00154188
3.4250e-02,-0.05,-0.00135531
3.4260e-02,-0.0471875,-0.00221375
3.4270e-02,-0.034375,-0.00114875
3.4280e-02,-0.0464062,-0.00182406
3.4290e-02,-0.0470312,-0.00107031
3.4300e-02,-0.0401563,-0.00191063
3.4310e-02,-0.0445313,-0.00181594
3.4320e-02,-0.0375,-0.00133938
3.4330e-02,-0.0501562,-0.00102969
3.4340e-02,-0.0485938,-0.00118469
3.4350e-02,-0.0473438,-0.00178688
3.4360e-02,-0.0446875,-0.00183625
3.4370e-02,-0.0489062,-0.00118719
3.4380e-02,-0.0229687,-0.00211625
3.4390e-02,-0.041875,-0.00124156
3.4400e-02,-0.0390625,-0.00196688
3.4410e-02,-0.0379688,-0.00162094
3.4420e-02,-0.03625,-0.00143031
3.4430e-02,-0.0459375,-0.00198188
3.4440e-02,-0.0403125,-0.00159375
3.4450e-02,-0.0410937,-0.0020775
3.4460e-02,-0.0460938,-0.000798125
3.4470e-02,-0.0410937,-0.0012375
3.4480e-02,-0.0442188,-0.00153406
3.4490e-02,-0.0329688,-0.00147063
3.4500e-02,-0.0354688,-0.00188406
3.4510e-02,-0.0415625,-0.00140125
3.4520e-02,-0.04,-0.0020475
3.4530e-02,-0.0454688,-0.00168781
3.4540e-02,-0.04,-0.00158938
3.4550e-02,-0.0332812,-0.00205
3.4560e-02,-0.0396875,-0.000885
3.4570e-02,-0.0492188,-0.00198
3.4580e-02,-0.0503125,-0.00144031
3.4590e-02,-0.0445313,-0.00212281
3.4600e-02,-0.0404687,-0.00231406
3.4610e-02,-0.0451563,-0.00117281
3.4620e-02,-0.0448438,-0.00193469
3.4630e-02,-0.036875,-0.00151875
3.4640e-02,-0.0385937,-0.0018125
3.4650e-02,-0.045625,-0.0022475
3.4660e-02,-0.0370313,-0.00117906
3.4670e-02,-0.0460938,-0.00179375
3.4680e-02,-0.0440625,-0.00121375
3.4690e-02,-0.0479688,-0.00156344
3.4700e-02,-0.03625,-0.00130656
3.4710e-02,-0.0465625,-0.000380938
3.4720e-02,-0.03125,-0.00123688
3.4730e-02,-0.0426562,-0.00146906
3.4740e-02,-0.0492188,-0.001335
3.4750e-02,-0.0423437,-0.000874688
3.4760e-02,-0.0396875,-0.000732188
3.4770e-02,-0.0296875,-0.00104406
3.4780e-02,-0.04625,-0.0015875
3.4790e-02,-0.041875,-0.00116656
3.4800e-02,-0.04375,-0.00183344
3.4810e-02,-0.04875,-0.00139656
3.4820e-02,-0.0429688,-0.00185625
3.4830e-02,-0.0489062,-0.00164469
3.4840e-02,-0.043125,-0.00124438
3.4850e-02,-0.039375,-0.00175156
3.4860e-02,-0.0464062,-0.00185688
3.4870e-02,-0.0546875,-0.0015175
3.4880e-02,-0.0471875,-0.002205
3.4890e-02,-0.0467188,-0.00143281
3.4900e-02,-0.050625,-0.00135719
3.4910e-02,-0.03625,-0.0007625
3.4920e-02,-0.038125,-0.00143094
3.4930e-02,-0.0510938,-0.00169938
3.4940e-02,-0.0404687,-0.00143594
3.4950e-02,-0.045625,-0.00162531
3.4960e-02,-0.0485938,-0.00144219
3.4970e-02,-0.0435938,-0.00183938
3.4980e-02,-0.0357813,-0.00137031
3.4990e-02,-0.043125,-0.00201344
3.5000e-02,-0.0276563,-0.00104312
3.5010e-02,-0.0507812,-0.00147469
3.5020e-02,-0.04625,-0.00108656
3.5030e-02,-0.0454688,-0.00144
3.5040e-02,-0.0476562,-0.00163688
3.5050e-02,-0.0426562,-0.00144219
3.5060e-02,-0.04,-0.00149125
3.5070e-02,-0.05,-0.00121031
3.5080e-02,-0.0478125,-0.00202344
3.5090e-02,-0.0396875,-0.00224125
3.5100e-02,-0.04125,-0.00138531
3.5110e-02,-0.043125,-0.00140656
3.5120e-02,-0.053125,-0.00131094
3.5130e-02,-0.056875,-0.0017925
3.5140e-02,-0.043125,-0.00160125
3.5150e-02,-0.0395313,-0.00131219
3.5160e-02,-0.0460938,-0.00125188
3.5170e-02,-0.0489062,-0.00190313
3.5180e-02,-0.0421875,-0.00198313
3.5190e-02,-0.051875,-0.00191531
3.5200e-02,-0.04875,-0.00104656
3.5210e-02,-0.0334375,-0.00169063
3.5220e-02,-0.0514063,-0.00100031
3.5230e-02,-0.045,-0.00163906
3.5240e-02,-0.0557813,-0.00122844
3.5250e-02,-0.0465625,-0.00177438
3.5260e-02,-0.0476562,-0.00277188
3.5270e-02,-0.0389063,-0.00158563
3.5280e-02,-0.0384375,-0.00173031
3.5290e-02,-0.0440625,-0.00175844
3.5300e-02,-0.053125,-0.00253219
3.5310e-02,-0.0410937,-0.00147469
3.5320e-02,-0.0451563,-0.00200063
3.5330e-02,-0.0389063,-0.00172969
3.5340e-02,-0.0446875,-0.00145375
3.5350e-02,-0.0475,-0.00185
3.5360e-02,-0.0446875,-0.002585
3.5370e-02,-0.0415625,-0.00151688
3.5380e-02,-0.04,-0.00189875
3.5390e-02,-0.0398437,-0.00194844
3.5400e-02,-0.046875,-0.0013675
3.5410e-02,-0.0467188,-0.00132344
3.5420e-02,-0.0373438,-0.00191031
3.5430e-02,-0.0434375,-0.00155625
3.5440e-02,-0.045625,-0.00157125
3.5450e-02,-0.0451563,-0.00143719
3.5460e-02,-0.0364063,-0.00216469
3.5470e-02,-0.05,-0.00157969
3.5480e-02,-0.0382813,-0.00220781
3.5490e-02,-0.0364063,-0.00172375
3.5500e-02,-0.0378125,-0.00239
3.5510e-02,-0.0507812,-0.00111438
3.5520e-02,-0.0373438,-0.00137656
3.5530e-02,-0.0504687,-0.00154125
3.5540e-02,-0.0429688,-0.00114906
3.5550e-02,-0.0464062,-0.00117188
3.5560e-02,-0.0392187,-0.00110438
3.5570e-02,-0.048125,-0.00134031
3.5580e-02,-0.0417187,-0.00172063
3.5590e-02,-0.0446875,-0.00114031
3.5600e-02,-0.0490625,-0.00181188
3.5610e-02,-0.0626562,-0.00179563
3.5620e-02,-0.0426562,-0.00170719
3.5630e-02,-0.045,-0.00101938
3.5640e-02,-0.0460938,-0.00169406
3.5650e-02,-0.0396875,-0.00170281
3.5660e-02,-0.0335937,-0.00149375
3.5670e-02,-0.0473438,-0.00120656
3.5680e-02,-0.0429688,-0.00166969
3.5690e-02,-0.0540625,-0.00213781
3.5700e-02,-0.0389063,-0.00239594
3.5710e-02,-0.0509375,-0.0009975
3.5720e-02,-0.058125,-0.00148688
3.5730e-02,-0.03125,-0.00137188
3.5740e-02,-0.0528125,-0.00107625
3.5750e-02,-0.0540625,-0.00166813
3.5760e-02,-0.0296875,-0.000940938
3.5770e-02,-0.0398437,-0.00191906
3.5780e-02,-0.0434375,-0.00124281
3.5790e-02,-0.05125,-0.00152406
3.5800e-02,-0.0417187,-0.00158313
3.5810e-02,-0.0267187,-0.000839063
3.5820e-02,-0.0532813,-0.00171625
3.5830e-02,-0.0395313,-0.00153469
3.5840e-02,-0.03875,-0.00153469
3.5850e-02,-0.0398437,-0.00178281
3.5860e-02,-0.0575,-0.00131438
3.5870e-02,-0.0385937,-0.00137
3.5880e-02,-0.0564063,-0.00112938
3.5890e-02,-0.0454688,-0.00147
3.5900e-02,-0.0379688,-0.00184656
3.5910e-02,-0.0404687,-0.001925
3.5920e-02,-0.0432813,-0.00175563
3.5930e-02,-0.0334375,-0.00157688
3.5940e-02,-0.045625,-0.00150969
3.5950e-02,-0.0551563,-0.00179563
3.5960e-02,-0.0421875,-0.00158375
3.5970e-02,-0.0476562,-0.00152969
3.5980e-02,-0.04,-0.00157031
3.5990e-02,-0.054375,-0.0015
3.6000e-02,-0.0478125,-0.00127938
3.6010e-02,-0.0471875,-0.00173938
3.6020e-02,-0.0475,-0.00103781
3.6030e-02,-0.04375,-0.00117969
3.6040e-02,-0.05625,-0.00196563
3.6050e-02,-0.0448438,-0.001625
3.6060e-02,-0.0495312,-0.00223781
3.6070e-02,-0.0476562,-0.00166781
3.6080e-02,-0.048125,-0.00141875
3.6090e-02,-0.0471875,-0.00229125
3.6100e-02,-0.0490625,-0.00133344
3.6110e-02,-0.0473438,-0.001805
3.6120e-02,-0.0414063,-0.00171656
3.6130e-02,-0.0428125,-0.00147156
3.6140e-02,-0.0398437,-0.00186906
3.6150e-02,-0.0401563,-0.00138625
3.6160e-02,-0.055,-0.00145813
3.6170e-02,-0.0489062,-0.00170875
3.6180e-02,-0.0414063,-0.00135125
3.6190e-02,-0.048125,-0.00177094
3.6200e-02,-0.0404687,-0.00201938
3.6210e-02,-0.0410937,-0.00160531
3.6220e-02,-0.0340625,-0.00165156
3.6230e-02,-0.0417187,-0.00105813
3.6240e-02,-0.0432813,-0.00172656
3.6250e-02,-0.0382813,-0.00138
3.6260e-02,-0.0423437,-0.000901563
3.6270e-02,-0.0498438,-0.00200656
3.6280e-02,-0.0485938,-0.00137375
3.6290e-02,-0.045625,-0.00145344
3.6300e-02,-0.0489062,-0.00141781
3.6310e-02,-0.0453125,-0.000826563
3.6320e-02,-0.0392187,-0.00165094
3.6330e-02,-0.0428125,-0.00146719
3.6340e-02,-0.0454688,-0.00202188
3.6350e-02,-0.0473438,-0.00229063
3.6360e-02,-0.056875,-0.00167781
3.6370e-02,-0.0482812,-0.00232688
3.6380e-02,-0.0467188,-0.00174469
3.6390e-02,-0.056875,-0.00102563
3.6400e-02,-0.04375,-0.00153219
3.6410e-02,-0.0357813,-0.00155438
3.6420e-02,-0.04875,-0.0016675
3.6430e-02,-0.0496875,-0.001455
3.6440e-02,-0.0435938,-0.00158125
3.6450e-02,-0.0485938,-0.00153313
3.6460e-02,-0.0309375,-0.00158563
3.6470e-02,-0.05125,-0.00167313
3.6480e-02,0.0626562,-0.00153719
3.6490e-02,-0.83875,-0.00351906
3.6500e-02,-1.61531,-0.00575313
3.6510e-02,0.449531,-0.00686906
3.6520e-02,-0.403906,-0.00738
3.6530e-02,0.0892187,-0.00693531
3.6540e-02,0.106406,-0.00695156
3.6550e-02,0.0992187,-0.00694375
3.6560e-02,0.080625,-0.00693938
3.6570e-02,0.06375,-0.00703375
3.6580e-02,0.0684375,-0.00695563
3.6590e-02,0.0620312,-0.0068575
3.6600e-02,0.060625,-0.00685688
3.6610e-02,0.0482812,-0.00698469
3.6620e-02,0.053125,-0.00695281
3.6630e-02,0.0425,-0.00691906
3.6640e-02,0.035,-0.00699125
3.6650e-02,0.0234375,-0.00683688
3.6660e-02,0.0301562,-0.006755
3.6670e-02,0.0328125,-0.00681844
3.6680e-02,0.0339062,-0.00679281
3.6690e-02,0.0232812,-0.00691813
3.6700e-02,0.0284375,-0.00674688
3.6710e-02,0.0267188,-0.00680531
3.6720e-02,0.0228125,-0.00686406
3.6730e-02,0.0248438,-0.00687469
3.6740e-02,0.0175,-0.00501813
3.6750e-02,0.0160938,-0.00264813
3.6760e-02,0.003125,-0.00184844
3.6770e-02,0.00890625,-0.00185313
3.6780e-02,0.0071875,-0.00239719
3.6790e-02,0.016875,-0.00213125
3.6800e-02,0.0046875,-0.00166188
3.6810e-02,0.0096875,-0.00160469
3.6820e-02,0.0148437,-0.00128594
3.6830e-02,0.0167188,-0.000595625
3.6840e-02,0.0123437,-0.00225531
3.6850e-02,-0.00296875,-0.00198875
3.6860e-02,0.0115625,-0.00226844
3.6870e-02,0.0107812,-0.00178031
3.6880e-02,0.00015625,-0.000800625
3.6890e-02,0.0015625,-0.00138969
3.6900e-02,0.0059375,-0.00151344
3.6910e-02,0.01,-0.00205813
3.6920e-02,0.008125,-0.00145813
3.6930e-02,-0.0084375,-0.00135594
3.6940e-02,-0.00671875,-0.00150125
3.6950e-02,0.0125,-0.00112781
3.6960e-02,-0.00015625,-0.00134625
3.6970e-02,-0.0009375,-0.00218906
3.6980e-02,-0.00234375,-0.00129875
3.6990e-02,-0.00265625,-0.00177531
3.7000e-02,-0.0078125,-0.00127375
3.7010e-02,0.00453125,-0.00106063
3.7020e-02,-0.00921875,-0.000797813
3.7030e-02,-0.00984375,-0.00182625
3.7040e-02,-0.0121875,-0.00191219
3.7050e-02,-0.00375,-0.00174188
3.7060e-02,-0.00171875,-0.00135031
3.7070e-02,-0.0103125,-0.000860313
3.7080e-02,-0.00265625,-0.00251094
3.7090e-02,-0.0129688,-0.00177188
3.7100e-02,-0.000625,-0.00164375
3.7110e-02,-0.00109375,-0.00167438
3.7120e-02,0.00015625,-0.00163875
3.7130e-02,0.00203125,-0.00128188
3.7140e-02,-0.00421875,-0.00144719
3.7150e-02,0.0003125,-0.00235906
3.7160e-02,-0.010625,-0.00209594
3.7170e-02,-0.0034375,-0.00167813
3.7180e-02,-0.00625,-0.0019475
3.7190e-02,-0.0228125,-0.00120594
3.7200e-02,-0.00625,-0.00186
3.7210e-02,-0.0078125,-0.00212
3.7220e-02,-0.0104688,-0.00143656
3.7230e-02,-0.0025,-0.00183844
3.7240e-02,-0.0164063,-0.00103656
3.7250e-02,-0.0217188,-0.00175375
3.7260e-02,-0.00578125,-0.00117781
3.7270e-02,-0.00953125,-0.00117813
3.7280e-02,-0.00578125,-0.00171719
3.7290e-02,-0.016875,-0.00155781
3.7300e-02,-0.0139063,-0.00163594
3.7310e-02,-0.0176563,-0.00190719
3.7320e-02,-0.0184375,-0.00172375
3.7330e-02,-0.01125,-0.00114219
3.7340e-02,-0.00671875,-0.0015925
3.7350e-02,-0.0184375,-0.0009325
3.7360e-02,-0.0117188,-0.000971563
3.7370e-02,-0.0132813,-0.00149438
3.7380e-02,-0.0170313,-0.00166375
3.7390e-02,-0.0140625,-0.00184969
3.7400e-02,-0.0167188,-0.00145844
3.7410e-02,-0.009375,-0.00205063
3.7420e-02,-0.00375,-0.00120531
3.7430e-02,-0.0140625,-0.00134281
3.7440e-02,0.00109375,-0.00137406
3.7450e-02,-0.0226562,-0.00148
3.7460e-02,-0.0171875,-0.001885
3.7470e-02,-0.0121875,-0.00185906
3.7480e-02,-0.014375,-0.00113688
3.7490e-02,-0.0196875,-0.00111
3.7500e-02,-0.00921875,-0.00176594
3.7510e-02,-0.0203125,-0.00124938
3.7520e-02,-0.0140625,-0.00167469
3.7530e-02,-0.0221875,-0.00141906
3.7540e-02,-0.0225,-0.000770938
3.7550e-02,-0.0171875,-0.00179063
3.7560e-02,-0.0185937,-0.00131406
3.7570e-02,-0.02125,-0.00106375
3.7580e-02,-0.0170313,-0.00254344
3.7590e-02,-0.00859375,-0.000860313
3.7600e-02,-0.00703125,-0.00246656
3.7610e-02,-0.015625,-0.00122844
3.7620e-02,-0.0223437,-0.00146844
3.7630e-02,-0.0146875,-0.00189031
3.7640e-02,-0.0160938,-0.000702813
3.7650e-02,-0.016875,-0.00192875
3.7660e-02,-0.0207813,-0.00216906
3.7670e-02,-0.0084375,-0.000840625
3.7680e-02,-0.0135937,-0.00203188
3.7690e-02,-0.0195312,-0.00136094
3.7700e-02,-0.0214063,-0.00152344
3.7710e-02,-0.0128125,-0.001395
3.7720e-02,-0.0171875,-0.0013925
3.7730e-02,-0.0160938,-0.00135625
3.7740e-02,-0.0059375,-0.00136031
3.7750e-02,-0.0273438,-0.00137688
3.7760e-02,-0.023125,-0.00206438
3.7770e-02,-0.025,-0.00184375
3.7780e-02,-0.00953125,-0.00171969
3.7790e-02,-0.018125,-0.00143906
3.7800e-02,-0.0234375,-0.00127656
3.7810e-02,-0.0215625,-0.00157375
3.7820e-02,-0.0275,-0.00161719
3.7830e-02,-0.024375,-0.000818125
3.7840e-02,-0.0217188,-0.00226313
3.7850e-02,-0.0226562,-0.00148063
3.7860e-02,-0.00828125,-0.00145906
3.7870e-02,-0.02375,-0.00122188
3.7880e-02,-0.0292188,-0.00182938
3.7890e-02,-0.0298438,-0.00221313
3.7900e-02,-0.018125,-0.00070625
3.7910e-02,-0.015,-0.00111219
3.7920e-02,-0.0128125,-0.00225938
3.7930e-02,-0.02125,-0.000992188
3.7940e-02,-0.0182812,-0.00178594
3.7950e-02,-0.0157813,-0.00126656
3.7960e-02,-0.0290625,-0.00160531
3.7970e-02,-0.0267187,-0.00156938
3.7980e-02,-0.0226562,-0.00212125
3.7990e-02,-0.0253125,-0.00125031
3.8000e-02,-0.013125,-0.00172188
3.8010e-02,-0.0246875,-0.00137875
3.8020e-02,-0.0248438,-0.00137969
3.8030e-02,-0.0203125,-0.00149969
3.8040e-02,-0.0290625,-0.00199969
3.8050e-02,-0.0203125,-0.00173375
3.8060e-02,-0.0134375,-0.0019425
3.8070e-02,-0.0239063,-0.00175438
3.8080e-02,-0.028125,-0.00119031
3.8090e-02,-0.0196875,-0.00156875
3.8100e-02,-0.0242188,-0.00135
3.8110e-02,-0.015,-0.00120219
3.8120e-02,-0.0239063,-0.0015425
3.8130e-02,-0.0275,-0.000831875
3.8140e-02,-0.01375,-0.00156844
3.8150e-02,-0.020625,-0.00188844
3.8160e-02,-0.02375,-0.00137406
3.8170e-02,-0.031875,-0.00165813
3.8180e-02,-0.0203125,-0.00178094
3.8190e-02,-0.0223437,-0.00156688
3.8200e-02,-0.023125,-0.00175781
3.8210e-02,-0.0225,-0.00172313
3.8220e-02,-0.026875,-0.00181469
3.8230e-02,-0.0292188,-0.00150344
3.8240e-02,-0.0248438,-0.00185375
3.8250e-02,-0.0198438,-0.00168969
3.8260e-02,-0.0229687,-0.00167156
3.8270e-02,-0.0310937,-0.00181781
3.8280e-02,-0.0353125,-0.00159063
3.8290e-02,-0.0326562,-0.00192719
3.8300e-02,-0.0234375,-0.00197469
3.8310e-02,-0.0298438,-0.00234469
3.8320e-02,-0.039375,-0.00176125
3.8330e-02,-0.0254688,-0.00157219
3.8340e-02,-0.0228125,-0.00184531
3.8350e-02,-0.0353125,-0.00103094
3.8360e-02,-0.0234375,-0.00192094
3.8370e-02,-0.0276563,-0.00186219
3.8380e-02,-0.0348437,-0.000915313
3.8390e-02,-0.0284375,-0.00165375
3.8400e-02,-0.03125,-0.00143938
3.8410e-02,-0.031875,-0.00146844
3.8420e-02,-0.028125,-0.00166625
3.8430e-02,-0.0404687,-0.00149469
3.8440e-02,-0.0276563,-0.00197594
3.8450e-02,-0.0214063,-0.00136719
3.8460e-02,-0.0178125,-0.00134375
3.8470e-02,-0.029375,-0.00159781
3.8480e-02,-0.031875,-0.0015975
3.8490e-02,-0.0196875,-0.00123969
3.8500e-02,-0.0271875,-0.00111375
3.8510e-02,-0.0296875,-0.00135969
3.8520e-02,-0.0167188,-0.00107
3.8530e-02,-0.0320312,-0.00178563
3.8540e-02,-0.0189062,-0.00108625
3.8550e-02,-0.0359375,-0.00143156
3.8560e-02,-0.03,-0.00165406
3.8570e-02,-0.0398437,-0.00220688
3.8580e-02,-0.025,-0.001595
3.8590e-02,-0.0251563,-0.00197469
3.8600e-02,-0.0354688,-0.00172063
3.8610e-02,-0.0207813,-0.00134125
3.8620e-02,-0.0317188,-0.00205
3.8630e-02,-0.040625,-0.00129094
3.8640e-02,-0.024375,-0.00184219
3.8650e-02,-0.0270312,-0.00210063
3.8660e-02,-0.0335937,-0.00170281
3.8670e-02,-0.0357813,-0.00183375
3.8680e-02,-0.0304688,-0.0013175
3.8690e-02,-0.0345312,-0.00181938
3.8700e-02,-0.0234375,-0.00113063
3.8710e-02,-0.0225,-0.00137156
3.8720e-02,-0.0314062,-0.00167875
3.8730e-02,-0.0457813,-0.00136094
3.8740e-02,-0.035,-0.00170875
3.8750e-02,-0.0245313,-0.00145906
3.8760e-02,-0.0396875,-0.000896875
3.8770e-02,-0.0348437,-0.00169563
3.8780e-02,-0.0298438,-0.00115531
3.8790e-02,-0.0203125,-0.00172375
3.8800e-02,-0.0328125,-0.00150688
3.8810e-02,-0.0303125,-0.00136875
3.8820e-02,-0.0325,-0.001755
3.8830e-02,-0.0223437,-0.00145688
3.8840e-02,-0.021875,-0.00157906
3.8850e-02,-0.0248438,-0.00140875
3.8860e-02,-0.0275,-0.00114094
3.8870e-02,-0.0385937,-0.00164844
3.8880e-02,-0.0273438,-0.00167656
3.8890e-02,-0.029375,-0.00190219
3.8900e-02,-0.033125,-0.000562813
3.8910e-02,-0.0375,-0.0015325
3.8920e-02,-0.0317188,-0.00142156
3.8930e-02,-0.0339062,-0.00204188
3.8940e-02,-0.0246875,-0.00189875
3.8950e-02,-0.04,-0.00155188
3.8960e-02,-0.0329688,-0.00126125
3.8970e-02,-0.03,-0.00164563
3.8980e-02,-0.03875,-0.00141
3.8990e-02,-0.0267187,-0.0013525
3.9000e-02,-0.0282813,-0.00143094
3.9010e-02,-0.0421875,-0.0018075
3.9020e-02,-0.0259375,-0.00149688
3.9030e-02,-0.0409375,-0.00148875
3.9040e-02,-0.0332812,-0.00113219
3.9050e-02,-0.0359375,-0.001315
3.9060e-02,-0.0357813,-0.00172844
3.9070e-02,-0.0382813,-0.00160781
3.9080e-02,-0.026875,-0.00101
3.9090e-02,-0.0221875,-0.00128531
3.9100e-02,-0.0309375,-0.00114813
3.9110e-02,-0.0270312,-0.00143438
3.9120e-02,-0.0309375,-0.00159281
3.9130e-02,-0.0276563,-0.00120094
3.9140e-02,-0.0303125,-0.00133625
3.9150e-02,-0.038125,-0.00149906
3.9160e-02,-0.0367188,-0.001725
3.9170e-02,-0.0354688,-0.00140844
3.9180e-02,-0.02125,-0.00157094
3.9190e-02,-0.0310937,-0.000910313
3.9200e-02,-0.0335937,-0.00107156
3.9210e-02,-0.0289063,-0.00176938
3.9220e-02,-0.0348437,-0.00153063
3.9230e-02,-0.0246875,-0.00185063
3.9240e-02,-0.0303125,-0.00173281
3.9250e-02,-0.0359375,-0.00149875
3.9260e-02,-0.0225,-0.0011275
3.9270e-02,-0.038125,-0.00103
3.9280e-02,-0.0435938,-0.00135531
3.9290e-02,-0.0321875,-0.00200313
3.9300e-02,-0.0439063,-0.00151469
3.9310e-02,-0.0309375,-0.00143969
3.9320e-02,-0.0395313,-0.00127156
3.9330e-02,-0.0207813,-0.00148
3.9340e-02,-0.02875,-0.00184781
3.9350e-02,-0.0271875,-0.00145469
3.9360e-02,-0.030625,-0.00132844
3.9370e-02,-0.0348437,-0.00122094
3.9380e-02,-0.0396875,-0.00090375
3.9390e-02,-0.0389063,-0.00166438
3.9400e-02,-0.029375,-0.00190656
3.9410e-02,-0.0320312,-0.00210906
3.9420e-02,-0.0309375,-0.00171594
3.9430e-02,-0.031875,-0.00203906
3.9440e-02,-0.0245313,-0.00163906
3.9450e-02,-0.03375,-0.00127375
3.9460e-02,-0.0357813,-0.00146313
3.9470e-02,-0.0279688,-0.00181594
3.9480e-02,-0.0360938,-0.0014775
3.9490e-02,-0.0392187,-0.00199969
3.9500e-02,-0.0439063,-0.00164469
3.9510e-02,-0.0365625,-0.00150938
3.9520e-02,-0.0346875,-0.00169281
3.9530e-02,-0.0267187,-0.000609063
3.9540e-02,-0.0315625,-0.00116969
3.9550e-02,-0.03125,-0.00228281
3.9560e-02,-0.0339062,-0.00162406
3.9570e-02,-0.0432813,-0.00163844
3.9580e-02,-0.038125,-0.00136063
3.9590e-02,-0.034375,-0.00108156
3.9600e-02,-0.0432813,-0.00215969
3.9610e-02,-0.0428125,-0.002325
3.9620e-02,-0.02875,-0.0014925
3.9630e-02,-0.03125,-0.00136125
3.9640e-02,-0.0325,-0.0015825
3.9650e-02,-0.0410937,-0.000966875
3.9660e-02,-0.0339062,-0.00138656
3.9670e-02,-0.0414063,-0.0011975
3.9680e-02,-0.0392187,-0.00133063
3.9690e-02,-0.0309375,-0.00164875
3.9700e-02,-0.0428125,-0.00156219
3.9710e-02,-0.0489062,-0.00165969
3.9720e-02,-0.0353125,-0.00133563
3.9730e-02,-0.0307813,-0.00185125
3.9740e-02,-0.0379688,-0.00148938
3.9750e-02,-0.0421875,-0.00131125
3.9760e-02,-0.0359375,-0.00144625
3.9770e-02,-0.0245313,-0.00177688
3.9780e-02,-0.0340625,-0.00148375
3.9790e-02,-0.0217188,-0.00157125
3.9800e-02,-0.02375,-0.00154906
3.9810e-02,-0.040625,-0.00123813
3.9820e-02,-0.0365625,-0.00142781
3.9830e-02,-0.0348437,-0.00235281
3.9840e-02,-0.0365625,-0.00172313
3.9850e-02,-0.03375,-0.00144313
3.9860e-02,-0.0396875,-0.00141875
3.9870e-02,-0.0410937,-0.00205094
3.9880e-02,-0.0304688,-0.00169656
3.9890e-02,-0.040625,-0.00161313
3.9900e-02,-0.0376563,-0.00110531
3.9910e-02,-0.038125,-0.00191656
3.9920e-02,-0.0465625,-0.00149938
3.9930e-02,-0.0354688,-0.00197156
3.9940e-02,-0.0360938,-0.00233969
3.9950e-02,-0.0467188,-0.001085
3.9960e-02,-0.0384375,-0.0013875
3.9970e-02,-0.046875,-0.00188
3.9980e-02,-0.0420312,-0.00173
3.9990e-02,-0.0404687,-0.00107813
4.0000e-02,-0.038125,-0.00142781
4.0010e-02,-0.0359375,-0.00177469
4.0020e-02,-0.0342187,-0.00187719
4.0030e-02,-0.0296875,-0.00190875
4.0040e-02,-0.0359375,-0.00088125
4.0050e-02,-0.0428125,-0.00114125
4.0060e-02,-0.0465625,-0.00203844
4.0070e-02,-0.0479688,-0.00103531
4.0080e-02,-0.0395313,-0.00117844
4.0090e-02,-0.0410937,-0.00178719
4.0100e-02,-0.0429688,-0.00159
4.0110e-02,-0.0396875,-0.00177406
4.0120e-02,-0.03375,-0.00222781
4.0130e-02,-0.0371875,-0.00227344
4.0140e-02,-0.0484375,-0.00193938
4.0150e-02,-0.0251563,-0.00125969
4.0160e-02,-0.035625,-0.00101094
4.0170e-02,-0.026875,-0.00172844
4.0180e-02,-0.0460938,-0.00227719
4.0190e-02,-0.0392187,-0.00144969
4.0200e-02,-0.0340625,-0.00172406
4.0210e-02,-0.048125,-0.00152844
4.0220e-02,-0.0365625,-0.00216281
4.0230e-02,-0.04125,-0.00100594
4.0240e-02,-0.0273438,-0.00167969
4.0250e-02,-0.0428125,-0.0021075
4.0260e-02,-0.0390625,-0.00149313
4.0270e-02,-0.0367188,-0.00130969
4.0280e-02,-0.03,-0.00130969
4.0290e-02,-0.0410937,-0.00174781
4.0300e-02,-0.0304688,-0.00185125
4.0310e-02,-0.0371875,-0.00169813
4.0320e-02,-0.0409375,-0.00182938
4.0330e-02,-0.0421875,-0.00161781
4.0340e-02,-0.0392187,-0.00176094
4.0350e-02,-0.0370313,-0.00130906
4.0360e-02,-0.0476562,-0.00162938
4.0370e-02,-0.045625,-0.00152406
4.0380e-02,-0.0365625,-0.00176531
4.0390e-02,-0.040625,-0.00051375
4.0400e-02,-0.0323438,-0.00123344
4.0410e-02,-0.0407813,-0.000619688
4.0420e-02,-0.0545313,-0.00168156
4.0430e-02,-0.0278125,-0.00157406
4.0440e-02,-0.0428125,-0.00124344
4.0450e-02,-0.03625,-0.00193
4.0460e-02,-0.03125,-0.00123094
4.0470e-02,-0.0384375,-0.00162063
4.0480e-02,-0.0320312,-0.00144188
4.0490e-02,-0.0335937,-0.000454688
4.0500e-02,-0.03375,-0.0018625
4.0510e-02,-0.0417187,-0.00138219
4.0520e-02,-0.0376563,-0.0018425
4.0530e-02,-0.033125,-0.00149594
4.0540e-02,-0.0378125,-0.00116063
4.0550e-02,-0.040625,-0.002
4.0560e-02,-0.04,-0.00157813
4.0570e-02,-0.0409375,-0.00161156
4.0580e-02,-0.0307813,-0.00187688
4.0590e-02,-0.0428125,-0.00150969
4.0600e-02,-0.031875,-0.00152438
4.0610e-02,-0.0384375,-0.00111906
4.0620e-02,-0.0395313,-0.00134563
4.0630e-02,-0.041875,-0.00101344
4.0640e-02,-0.0459375,-0.0012425
4.0650e-02,-0.043125,-0.00220781
4.0660e-02,-0.0259375,-0.00120094
4.0670e-02,-0.0432813,-0.0019875
4.0680e-02,-0.0420312,-0.00160219
4.0690e-02,-0.0421875,-0.00122937
4.0700e-02,-0.0360938,-0.00150875
4.0710e-02,-0.0295313,-0.00155031
4.0720e-02,-0.023125,-0.00147281
4.0730e-02,-0.0467188,-0.00173719
4.0740e-02,-0.0365625,-0.00252063
4.0750e-02,-0.0401563,-0.00247219
4.0760e-02,-0.041875,-0.00104688
4.0770e-02,-0.0482812,-0.002305
4.0780e-02,-0.0404687,-0.00187344
4.0790e-02,-0.050625,-0.00119906
4.0800e-02,-0.0495312,-0.00167375
4.0810e-02,-0.0340625,-0.0018625
4.0820e-02,-0.0340625,-0.00135969
4.0830e-02,-0.0432813,-0.00145156
4.0840e-02,-0.0409375,-0.00188938
4.0850e-02,-0.0390625,-0.00109281
4.0860e-02,-0.0307813,-0.00181156
4.0870e-02,-0.03875,-0.00168469
4.0880e-02,-0.0414063,-0.00142219
4.0890e-02,-0.0457813,-0.00184469
4.0900e-02,-0.0417187,-0.00129625
4.0910e-02,-0.04625,-0.00211438
4.0920e-02,-0.0529687,-0.0010525
4.0930e-02,-0.045,-0.00150156
4.0940e-02,-0.0359375,-0.00129875
4.0950e-02,-0.0385937,-0.00163594
4.0960e-02,-0.03625,-0.00180594
4.0970e-02,-0.0364063,-0.000904688
4.0980e-02,-0.0364063,-0.00118969
4.0990e-02,-0.0359375,-0.00164688
4.1000e-02,-0.0460938,-0.00120281
4.1010e-02,-0.043125,-0.00194094
4.1020e-02,-0.0317188,-0.00194188
4.1030e-02,-0.0396875,-0.00157125
4.1040e-02,-0.0410937,-0.00191563
4.1050e-02,-0.0484375,-0.00147406
4.1060e-02,-0.0385937,-0.00122656
4.1070e-02,-0.033125,-0.00136531
4.1080e-02,-0.0428125,-0.00176188
4.1090e-02,-0.046875,-0.00177688
4.1100e-02,-0.033125,-0.00151406
4.1110e-02,-0.0489062,-0.00163688
4.1120e-02,-0.035,-0.00151656
4.1130e-02,-0.0392187,-0.00171469
4.1140e-02,-0.0396875,-0.00157906
4.1150e-02,-0.0532813,-0.00099875
4.1160e-02,-0.05625,-0.00102
4.1170e-02,-0.04375,-0.00179344
4.1180e-02,-0.0476562,-0.00135188
4.1190e-02,-0.04625,-0.00190469
4.1200e-02,-0.0335937,-0.00155656
4.1210e-02,-0.0454688,-0.00134125
4.1220e-02,-0.0315625,-0.00138844
4.1230e-02,-0.0389063,-0.00108094
4.1240e-02,-0.0409375,-0.001935
4.1250e-02,-0.0429688,-0.00166594
4.1260e-02,-0.0370313,-0.00130281
4.1270e-02,-0.045625,-0.00151813
4.1280e-02,-0.0401563,-0.00146813
4.1290e-02,-0.0354688,-0.0016825
4.1300e-02,-0.0375,-0.00144
4.1310e-02,-0.0415625,-0.00150781
4.1320e-02,-0.0471875,-0.00139781
4.1330e-02,-0.0385937,-0.00150938
4.1340e-02,-0.0435938,-0.001595
4.1350e-02,-0.0428125,-0.00210469
4.1360e-02,-0.0423437,-0.00178344
4.1370e-02,-0.0364063,-0.00159094
4.1380e-02,-0.0303125,-0.00137625
4.1390e-02,-0.03,-0.00134031
4.1400e-02,-0.0376563,-0.00178688
4.1410e-02,-0.0354688,-0.0011125
4.1420e-02,-0.0429688,-0.001475
4.1430e-02,-0.034375,-0.00101969
4.1440e-02,-0.0425,-0.00214094
4.1450e-02,-0.045,-0.00165031
4.1460e-02,-0.0478125,-0.00133469
4.1470e-02,-0.0465625,-0.00183063
4.1480e-02,-0.0285938,-0.00207469
4.1490e-02,-0.0407813,-0.00169281
4.1500e-02,-0.0301563,-0.00159719
4.1510e-02,-0.0367188,-0.00192531
4.1520e-02,-0.0398437,-0.00217375
4.1530e-02,-0.0421875,-0.00141281
4.1540e-02,-0.040625,-0.00180469
4.1550e-02,-0.0475,-0.00211406
4.1560e-02,-0.0335937,-0.00201031
4.1570e-02,-0.04125,-0.00188344
4.1580e-02,-0.0359375,-0.00119188
4.1590e-02,-0.0421875,-0.00192563
4.1600e-02,-0.0345312,-0.00172031
4.1610e-02,-0.0435938,-0.00102688
4.1620e-02,-0.0353125,-0.00141344
4.1630e-02,-0.0396875,-0.00127156
4.1640e-02,-0.0292188,-0.00223969
4.1650e-02,-0.0428125,-0.00184344
4.1660e-02,-0.0464062,-0.00123
4.1670e-02,-0.0457813,-0.0017225
4.1680e-02,-0.039375,-0.00131031
4.1690e-02,-0.0421875,-0.00217313
4.1700e-02,-0.045,-0.00177313
4.1710e-02,-0.0396875,-0.00166438
4.1720e-02,-0.0390625,-0.00188125
4.1730e-02,-0.0515625,-0.000932813
4.1740e-02,-0.0428125,-0.00124094
4.1750e-02,-0.0315625,-0.00169906
4.1760e-02,-0.0451563,-0.00204656
4.1770e-02,-0.0440625,-0.00129344
4.1780e-02,-0.034375,-0.00132531
4.1790e-02,-0.0375,-0.00154719
4.1800e-02,-0.0445313,-0.00164406
4.1810e-02,-0.038125,-0.00135875
4.1820e-02,-0.0351562,-0.0016325
4.1830e-02,-0.0507812,-0.00200969
4.1840e-02,-0.0421875,-0.00102594
4.1850e-02,-0.051875,-0.00117656
4.1860e-02,-0.0398437,-0.00124094
4.1870e-02,-0.0520313,-0.00159094
4.1880e-02,-0.0485938,-0.00151344
4.1890e-02,-0.0439063,-0.000824375
4.1900e-02,-0.0379688,-0.00135125
4.1910e-02,-0.0423437,-0.00153719
4.1920e-02,-0.039375,-0.00169781
4.1930e-02,-0.048125,-0.00113
4.1940e-02,-0.038125,-0.00195563
4.1950e-02,-0.0278125,-0.00234813
4.1960e-02,-0.0642188,-0.00195844
4.1970e-02,-0.0353125,-0.00204094
4.1980e-02,-0.0495312,-0.000998125
4.1990e-02,-0.0414063,-0.00161625
4.2000e-02,-0.0395313,-0.00166
4.2010e-02,-0.0328125,-0.00161188
4.2020e-02,-0.0403125,-0.00200875
4.2030e-02,-0.0514063,-0.00155438
4.2040e-02,-0.0364063,-0.00191313
4.2050e-02,-0.0373438,-0.00159063
4.2060e-02,-0.0495312,-0.00152156
4.2070e-02,-0.030625,-0.00156969
4.2080e-02,-0.0464062,-0.00119781
4.2090e-02,-0.0384375,-0.00187656
4.2100e-02,-0.0328125,-0.00101
4.2110e-02,-0.02875,-0.00175094
4.2120e-02,-0.0360938,-0.00158719
4.2130e-02,-0.04,-0.00214344
4.2140e-02,-0.0398437,-0.00139344
4.2150e-02,-0.0370313,-0.00157844
4.2160e-02,-0.0425,-0.00203781
4.2170e-02,-0.0446875,-0.0019975
4.2180e-02,-0.048125,-0.00179813
4.2190e-02,-0.0428125,-0.00133469
4.2200e-02,-0.0484375,-0.00207719
4.2210e-02,-0.0384375,-0.00223594
4.2220e-02,-0.0409375,-0.00160406
4.2230e-02,-0.0426562,-0.00204313
4.2240e-02,-0.048125,-0.000793438
4.2250e-02,-0.0540625,-0.00195531
4.2260e-02,-0.0495312,-0.000768438
4.2270e-02,-0.034375,-0.00175281
4.2280e-02,-0.0453125,-0.00184719
4.2290e-02,-0.038125,-0.00155125
4.2300e-02,-0.0348437,-0.00216719
4.2310e-02,-0.0465625,-0.00227125
4.2320e-02,-0.0371875,-0.00209406
4.2330e-02,-0.03375,-0.00209781
4.2340e-02,-0.0476562,-0.000885938
4.2350e-02,-0.0376563,-0.00197375
4.2360e-02,-0.0376563,-0.00177469
4.2370e-02,-0.044375,-0.00139563
4.2380e-02,-0.0398437,-0.00143344
4.2390e-02,-0.0451563,-0.00108531
4.2400e-02,-0.0325,-0.00165188
4.2410e-02,-0.0385937,-0.00142719
4.2420e-02,-0.034375,-0.00193156
4.2430e-02,-0.040625,-0.0018675
4.2440e-02,-0.0378125,-0.00130125
4.2450e-02,-0.0385937,-0.00151594
4.2460e-02,-0.0454688,-0.000705
4.2470e-02,-0.0384375,-0.00138375
4.2480e-02,-0.0315625,-0.00119656
4.2490e-02,-0.0453125,-0.00172906
4.2500e-02,-0.0453125,-0.00191688
4.2510e-02,-0.0540625,-0.00119063
4.2520e-02,-0.051875,-0.00129438
4.2530e-02,-0.0407813,-0.00188344
4.2540e-02,-0.03625,-0.00114
4.2550e-02,-0.0340625,-0.00186313
4.2560e-02,-0.0385937,-0.00205219
4.2570e-02,-0.050625,-0.00202344
4.2580e-02,-0.04,-0.00166375
4.2590e-02,-0.0478125,-0.00143125
4.2600e-02,-0.0276563,-0.00101969
4.2610e-02,-0.0517188,-0.00127719
4.2620e-02,-0.03875,-0.00152344
4.2630e-02,-0.045,-0.00165063
4.2640e-02,-0.0401563,-0.00219188
4.2650e-02,-0.0379688,-0.00195031
4.2660e-02,-0.0548437,-0.00124594
4.2670e-02,-0.0440625,-0.00126906
4.2680e-02,-0.0210938,-0.00203531
4.2690e-02,-0.0417187,-0.00145438
4.2700e-02,-0.0429688,-0.00118188
4.2710e-02,-0.0495312,-0.00156406
4.2720e-02,-0.0420312,-0.00148438
4.2730e-02,-0.0345312,-0.00191469
4.2740e-02,-0.0453125,-0.00150563
4.2750e-02,-0.0320312,-0.00149938
4.2760e-02,-0.0442188,-0.001345
4.2770e-02,-0.04625,-0.00152438
4.2780e-02,-0.0448438,-0.0018275
4.2790e-02,-0.048125,-0.00128438
4.2800e-02,-0.0496875,-0.00177438
4.2810e-02,-0.0446875,-0.00146281
4.2820e-02,-0.0242188,-0.00190094
4.2830e-02,-0.0432813,-0.00226719
4.2840e-02,-0.045625,-0.00102719
4.2850e-02,-0.0392187,-0.002055
4.2860e-02,-0.0526563,-0.000960313
4.2870e-02,-0.0357813,-0.00166313
4.2880e-02,-0.0426562,-0.00182625
4.2890e-02,-0.0501562,-0.00105438
4.2900e-02,-0.0454688,-0.00189906
4.2910e-02,-0.0460938,-0.00203531
4.2920e-02,-0.0390625,-0.00216687
4.2930e-02,-0.0540625,-0.00176938
4.2940e-02,-0.0371875,-0.00139781
4.2950e-02,-0.0385937,-0.00166063
4.2960e-02,-0.0365625,-0.000517813
4.2970e-02,-0.0454688,-0.00119156
4.2980e-02,-0.055625,-0.0012125
4.2990e-02,-0.0239063,-0.00122063
4.3000e-02,-0.0396875,-0.00149031
4.3010e-02,-0.0428125,-0.000698125
4.3020e-02,-0.04875,-0.001665
4.3030e-02,-0.0420312,-0.00144781
4.3040e-02,-0.03,-0.00157469
4.3050e-02,-0.0454688,-0.00165781
4.3060e-02,-0.04,-0.00135125
4.3070e-02,-0.0492188,-0.00108438
4.3080e-02,-0.04875,-0.00140781
4.3090e-02,-0.0540625,-0.00206375
4.3100e-02,-0.0498438,-0.00200906
4.3110e-02,-0.0325,-0.00151906
4.3120e-02,-0.046875,-0.00166469
4.3130e-02,-0.0414063,-0.00108813
4.3140e-02,-0.046875,-0.00165969
4.3150e-02,-0.0529687,-0.00116219
4.3160e-02,-0.0446875,-0.00262125
4.3170e-02,-0.0476562,-0.00131125
4.3180e-02,-0.0375,-0.00163344
4.3190e-02,-0.0514063,-0.00160656
4.3200e-02,-0.0421875,-0.00159219
4.3210e-02,-0.0504687,-0.00147063
4.3220e-02,-0.038125,-0.001795
4.3230e-02,-0.0459375,-0.000826563
4.3240e-02,-0.0453125,-0.00109688
4.3250e-02,-0.0420312,-0.00100469
4.3260e-02,-0.0395313,-0.00137438
4.3270e-02,-0.0459375,-0.00221063
4.3280e-02,-0.0348437,-0.001575
4.3290e-02,-0.0401563,-0.00167875
4.3300e-02,-0.0476562,-0.00172688
4.3310e-02,-0.045625,-0.00132906
4.3320e-02,-0.0404687,-0.00209438
4.3330e-02,-0.0403125,-0.00117594
4.3340e-02,-0.0504687,-0.00186281
4.3350e-02,-0.0417187,-0.00177625
4.3360e-02,-0.0492188,-0.00143781
4.3370e-02,-0.0429688,-0.00136156
4.3380e-02,-0.033125,-0.00177094
4.3390e-02,-0.0476562,-0.00190125
4.3400e-02,-0.0403125,-0.000981875
4.3410e-02,-0.0478125,-0.000880313
4.3420e-02,-0.0417187,-0.00168781
4.3430e-02,-0.0339062,-0.00107063
4.3440e-02,-0.0385937,-0.00172156
4.3450e-02,-0.0271875,-0.00150156
4.3460e-02,-0.041875,-0.00151063
4.3470e-02,-0.0448438,-0.00121906
4.3480e-02,-0.0467188,-0.00123344
4.3490e-02,-0.04,-0.00168875
4.3500e-02,-0.0425,-0.00139719
4.3510e-02,-0.0515625,-0.00183375
4.3520e-02,-0.0457813,-0.00122125
4.3530e-02,-0.0440625,-0.00151031
4.3540e-02,-0.0425,-0.00248125
4.3550e-02,-0.0489062,-0.0017625
4.3560e-02,-0.0421875,-0.00230313
4.3570e-02,-0.050625,-0.00156813
4.3580e-02,-0.0425,-0.00140813
4.3590e-02,-0.0460938,-0.00181719
4.3600e-02,-0.0434375,-0.000999688
4.3610e-02,-0.0432813,-0.00179031
4.3620e-02,-0.0385937,-0.00139375
4.3630e-02,-0.046875,-0.00136813
4.3640e-02,-0.0540625,-0.00188875
4.3650e-02,-0.0379688,-0.00123625
4.3660e-02,-0.0384375,-0.00158813
4.3670e-02,-0.0534375,-0.00181406
4.3680e-02,-0.0342187,-0.00126625
4.3690e-02,-0.0385937,-0.00147063
4.3700e-02,-0.03625,-0.00132313
4.3710e-02,-0.0464062,-0.00203375
4.3720e-02,-0.0445313,-0.00074875
4.3730e-02,-0.0510938,-0.00165313
4.3740e-02,-0.0479688,-0.00142281
4.3750e-02,-0.0501562,-0.000976875
4.3760e-02,-0.0484375,-0.00182531
4.3770e-02,-0.0559375,-0.00164063
4.3780e-02,-0.0584375,-0.00159406
4.3790e-02,-0.0454688,-0.00137438
4.3800e-02,-0.04375,-0.00107344
4.3810e-02,-0.0442188,-0.00103969
4.3820e-02,-0.03625,-0.00218531
4.3830e-02,-0.0465625,-0.00218
4.3840e-02,-0.049375,-0.00204438
4.3850e-02,-0.04125,-0.00166344
4.3860e-02,-0.0417187,-0.00118188
4.3870e-02,-0.0360938,-0.00140219
4.3880e-02,-0.0446875,-0.001515
4.3890e-02,-0.0479688,-0.00140281
4.3900e-02,-0.0604688,-0.00142938
4.3910e-02,-0.0503125,-0.00111844
4.3920e-02,-0.0503125,-0.00156969
4.3930e-02,-0.0535937,-0.00212156
4.3940e-02,-0.0501562,-0.0021325
4.3950e-02,-0.0392187,-0.0020875
4.3960e-02,-0.0348437,-0.00120938
4.3970e-02,-0.0528125,-0.001875
4.3980e-02,-0.05,-0.00158781
4.3990e-02,-0.0421875,-0.00157719
4.4000e-02,-0.044375,-0.00141
4.4010e-02,-0.05125,-0.00140563
4.4020e-02,-0.0534375,-0.00163281
4.4030e-02,-0.0465625,-0.00151094
4.4040e-02,-0.0467188,-0.00199656
4.4050e-02,-0.04625,-0.00168781
4.4060e-02,-0.0421875,-0.0024575
4.4070e-02,-0.04875,-0.00178906
4.4080e-02,-0.0476562,-0.00105125
4.4090e-02,-0.0521875,-0.00169156
4.4100e-02,-0.0523437,-0.0016375
4.4110e-02,-0.0534375,-0.00152313
4.4120e-02,-0.0478125,-0.00179125
4.4130e-02,-0.0396875,-0.00124094
4.4140e-02,-0.0496875,-0.00197844
4.4150e-02,-0.0492188,-0.0017625
4.4160e-02,-0.0478125,-0.00183469
4.4170e-02,-0.045,-0.00256719
4.4180e-02,-0.0484375,-0.00139844
4.4190e-02,-0.0492188,-0.00240438
4.4200e-02,-0.0390625,-0.00193125
4.4210e-02,-0.0496875,-0.00193719
4.4220e-02,-0.04125,-0.00177625
4.4230e-02,-0.0473438,-0.00111906
4.4240e-02,-0.04125,-0.00126125
4.4250e-02,-0.0396875,-0.00115969
4.4260e-02,-0.0445313,-0.00144406
4.4270e-02,-0.050625,-0.00112656
4.4280e-02,-0.04625,-0.00143313
4.4290e-02,-0.0532813,-0.00133938
4.4300e-02,-0.0445313,-0.00150844
4.4310e-02,-0.0375,-0.001545
4.4320e-02,-0.04125,-0.0009525
4.4330e-02,-0.0357813,-0.00151375
4.4340e-02,-0.0396875,-0.00169063
4.4350e-02,-0.043125,-0.00101625
4.4360e-02,-0.0454688,-0.00158875
4.4370e-02,-0.0426562,-0.00140813
4.4380e-02,-0.0364063,-0.00127344
4.4390e-02,-0.060625,-0.00187594
4.4400e-02,-0.05,-0.00191531
4.4410e-02,-0.0479688,-0.00134406
4.4420e-02,-0.0459375,-0.00149
4.4430e-02,-0.04875,-0.00147969
4.4440e-02,-0.046875,-0.00140531
4.4450e-02,-0.043125,-0.00144969
4.4460e-02,-0.0501562,-0.00119063
4.4470e-02,-0.05,-0.00147531
4.4480e-02,-0.417031,-0.00144875
4.4490e-02,-0.995625,-0.00314344
4.4500e-02,-2.09797,-0.00535094
4.4510e-02,-2.52031,-0.00652469
4.4520e-02,0.2825,-0.00748313
4.4530e-02,0.0501562,-0.00697688
4.4540e-02,0.0953125,-0.00679563
4.4550e-02,0.102188,-0.00697313
4.4560e-02,0.0842187,-0.006905
4.4570e-02,0.0773438,-0.00706281
4.4580e-02,0.0753125,-0.00695594
4.4590e-02,0.0534375,-0.00694563
4.4600e-02,0.0567187,-0.00679438
4.4610e-02,0.0389063,-0.00684188
4.4620e-02,0.0448438,-0.00687313
4.4630e-02,0.03625,-0.00685313
4.4640e-02,0.0401563,-0.00688469
4.4650e-02,0.024375,-0.00679094
4.4660e-02,0.03,-0.00677406
4.4670e-02,0.0242188,-0.00685844
4.4680e-02,0.0259375,-0.00679781
4.4690e-02,0.0360937,-0.00680188
4.4700e-02,0.0184375,-0.00677281
4.4710e-02,0.0184375,-0.00687781
4.4720e-02,0.01875,-0.00670375
4.4730e-02,0.011875,-0.00697375
4.4740e-02,0.0071875,-0.00603094
4.4750e-02,0.0221875,-0.0034875
4.4760e-02,0.0157813,-0.0021275
4.4770e-02,0.0104687,-0.00236688
4.4780e-02,0.01375,-0.00233344
4.4790e-02,0.00828125,-0.00207188
4.4800e-02,0.0146875,-0.00196281
4.4810e-02,0.0090625,-0.001255
4.4820e-02,0.0096875,-0.000863125
4.4830e-02,-0.0009375,-0.00156375
4.4840e-02,0.0114063,-0.00159438
4.4850e-02,0.0003125,-0.0026375
4.4860e-02,0.0125,-0.00199594
4.4870e-02,-0.0021875,-0.00162781
4.4880e-02,-0.003125,-0.00125875
4.4890e-02,0.0015625,-0.00125375
4.4900e-02,0.01375,-0.00164719
4.4910e-02,0.00296875,-0.00198219
4.4920e-02,-0.0059375,-0.00225219
4.4930e-02,0.00046875,-0.00129469
4.4940e-02,0.00234375,-0.00115594
4.4950e-02,-0.00234375,-0.00135094
4.4960e-02,-0.0109375,-0.000658125
4.4970e-02,-0.00015625,-0.00161313
4.4980e-02,0,-0.00198875
4.4990e-02,-0.00234375,-0.00071125
4.5000e-02,-0.00515625,-0.00160313
4.5010e-02,0.0117188,-0.00133281
4.5020e-02,-0.00015625,-0.00129563
4.5030e-02,-0.0146875,-0.00196437
4.5040e-02,0.000625,-0.00217438
4.5050e-02,-0.0028125,-0.00221
4.5060e-02,-0.003125,-0.00167906
4.5070e-02,0.00140625,-0.00215531
4.5080e-02,-0.00671875,-0.00116375
4.5090e-02,-0.006875,-0.00182375
4.5100e-02,0.00609375,-0.00148094
4.5110e-02,-0.0028125,-0.00177
4.5120e-02,0.00484375,-0.00177313
4.5130e-02,-0.0071875,-0.000648125
4.5140e-02,0.0059375,-0.0021975
4.5150e-02,-0.0040625,-0.0015975
4.5160e-02,-0.0157813,-0.000853125
4.5170e-02,-0.005625,-0.00192469
4.5180e-02,-0.00875,-0.00189156
4.5190e-02,-0.0046875,-0.00160563
4.5200e-02,-0.0173438,-0.00162688
4.5210e-02,-0.0157813,-0.00167063
4.5220e-02,-0.00625,-0.00182656
4.5230e-02,-0.006875,-0.00207094
4.5240e-02,-0.0195312,-0.00174344
4.5250e-02,-0.015625,-0.000696563
4.5260e-02,0.0040625,-0.00201875
4.5270e-02,-0.00609375,-0.00163063
4.5280e-02,-0.003125,-0.00212406
4.5290e-02,-0.014375,-0.00224906
4.5300e-02,-0.0120313,-0.00200781
4.5310e-02,-0.0090625,-0.00114063
4.5320e-02,-0.015,-0.00170844
4.5330e-02,-0.0065625,-0.00177938
4.5340e-02,-0.0221875,-0.00199063
4.5350e-02,-0.0229687,-0.00139281
4.5360e-02,-0.0154687,-0.00227344
4.5370e-02,-0.0065625,-0.00187438
4.5380e-02,-0.0125,-0.0021
4.5390e-02,-0.01375,-0.00160281
4.5400e-02,-0.00984375,-0.00102438
4.5410e-02,-0.0195312,-0.00156563
4.5420e-02,-0.023125,-0.00148656
4.5430e-02,-0.0198438,-0.00183656
4.5440e-02,-0.0104688,-0.00172844
4.5450e-02,-0.00953125,-0.00177813
4.5460e-02,-0.00546875,-0.00159531
4.5470e-02,-0.0210938,-0.00169563
4.5480e-02,-0.0228125,-0.00212375
4.5490e-02,-0.0096875,-0.00153813
4.5500e-02,-0.00859375,-0.00108313
4.5510e-02,-0.0117188,-0.00117656
4.5520e-02,-0.0171875,-0.000719688
4.5530e-02,-0.0134375,-0.00170875
4.5540e-02,-0.0279688,-0.0009975
4.5550e-02,-0.021875,-0.00127094
4.5560e-02,-0.0257812,-0.00170469
4.5570e-02,-0.0184375,-0.000530938
4.5580e-02,-0.0117188,-0.00159188
4.5590e-02,-0.009375,-0.00173
4.5600e-02,-0.0264062,-0.00152031
4.5610e-02,-0.009375,-0.00138313
4.5620e-02,-0.0157813,-0.00158938
4.5630e-02,-0.0275,-0.00111781
4.5640e-02,-0.02625,-0.00164469
4.5650e-02,-0.0264062,-0.000914375
4.5660e-02,-0.0217188,-0.00103781
4.5670e-02,-0.0217188,-0.00134688
4.5680e-02,-0.01625,-0.00132594
4.5690e-02,-0.0189062,-0.00154875
4.5700e-02,-0.0278125,-0.000839063
4.5710e-02,-0.0314062,-0.00155594
4.5720e-02,-0.0259375,-0.00188313
4.5730e-02,-0.0254688,-0.00132813
4.5740e-02,-0.0298438,-0.00209781
4.5750e-02,-0.0175,-0.00148219
4.5760e-02,-0.016875,-0.0013725
4.5770e-02,-0.0298438,-0.00207969
4.5780e-02,-0.0126563,-0.00162031
4.5790e-02,-0.0148437,-0.00138969
4.5800e-02,-0.015,-0.00130969
4.5810e-02,-0.0192187,-0.00188719
4.5820e-02,-0.0209375,-0.00214719
4.5830e-02,-0.0129688,-0.00111281
4.5840e-02,-0.0220313,-0.00140781
4.5850e-02,-0.02,-0.00103969
4.5860e-02,-0.0264062,-0.000877188
4.5870e-02,-0.0235938,-0.00137063
4.5880e-02,-0.0165625,-0.00167219
4.5890e-02,-0.0175,-0.00108625
4.5900e-02,-0.0195312,-0.00136625
4.5910e-02,-0.0223437,-0.0014875
4.5920e-02,-0.0320312,-0.00159406
4.5930e-02,-0.0240625,-0.00234313
4.5940e-02,-0.0164063,-0.001985
4.5950e-02,-0.0382813,-0.00158719
4.5960e-02,-0.0240625,-0.00138594
4.5970e-02,-0.0257812,-0.0006925
4.5980e-02,-0.0253125,-0.00148063
4.5990e-02,-0.02125,-0.000795625
4.6000e-02,-0.03375,-0.00129281
4.6010e-02,-0.01875,-0.00122219
4.6020e-02,-0.03125,-0.000814375
4.6030e-02,-0.0201563,-0.00180406
4.6040e-02,-0.0335937,-0.00215313
4.6050e-02,-0.0320312,-0.00182813
4.6060e-02,-0.025625,-0.00195906
4.6070e-02,-0.0239063,-0.00138531
4.6080e-02,-0.0276563,-0.00177063
4.6090e-02,-0.0153125,-0.00148938
4.6100e-02,-0.0373438,-0.00147688
4.6110e-02,-0.0185937,-0.00112469
4.6120e-02,-0.0178125,-0.00163813
4.6130e-02,-0.0204688,-0.00210938
4.6140e-02,-0.0195312,-0.00142469
4.6150e-02,-0.0265625,-0.00176219
4.6160e-02,-0.0198438,-0.00167031
4.6170e-02,-0.0157813,-0.00107625
4.6180e-02,-0.0120313,-0.00222719
4.6190e-02,-0.0210938,-0.0014425
4.6200e-02,-0.0271875,-0.00145344
4.6210e-02,-0.0185937,-0.00147875
4.6220e-02,-0.0201563,-0.00124219
4.6230e-02,-0.0260937,-0.00207062
4.6240e-02,-0.0301563,-0.00154031
4.6250e-02,-0.01875,-0.00142031
4.6260e-02,-0.0167188,-0.00189438
4.6270e-02,-0.0314062,-0.0018025
4.6280e-02,-0.0248438,-0.00240781
4.6290e-02,-0.0317188,-0.00170188
4.6300e-02,-0.0389063,-0.00113875
4.6310e-02,-0.0204688,-0.00177969
4.6320e-02,-0.0289063,-0.00138219
4.6330e-02,-0.0240625,-0.00158125
4.6340e-02,-0.02375,-0.00191656
4.6350e-02,-0.0223437,-0.00137406
4.6360e-02,-0.0348437,-0.00198938
4.6370e-02,-0.0220313,-0.00147906
4.6380e-02,-0.0340625,-0.00182375
4.6390e-02,-0.020625,-0.00129469
4.6400e-02,-0.02125,-0.00171188
4.6410e-02,-0.0257812,-0.00162
4.6420e-02,-0.0128125,-0.00199625
4.6430e-02,-0.0192187,-0.00195938
4.6440e-02,-0.026875,-0.001565
4.6450e-02,-0.0248438,-0.00188438
4.6460e-02,-0.0301563,-0.00195469
4.6470e-02,-0.0275,-0.00104219
4.6480e-02,-0.0404687,-0.00149156
4.6490e-02,-0.0378125,-0.00181
4.6500e-02,-0.0234375,-0.00184063
4.6510e-02,-0.0265625,-0.00165
4.6520e-02,-0.0248438,-0.00116562
4.6530e-02,-0.0240625,-0.00139
4.6540e-02,-0.0303125,-0.00161656
4.6550e-02,-0.013125,-0.00107469
4.6560e-02,-0.028125,-0.00225531
4.6570e-02,-0.040625,-0.00159688
4.6580e-02,-0.0276563,-0.00193844
4.6590e-02,-0.0326562,-0.00260125
4.6600e-02,-0.0146875,-0.00191656
4.6610e-02,-0.0229687,-0.00193031
4.6620e-02,-0.025,-0.00148938
4.6630e-02,-0.0335937,-0.000819063
4.6640e-02,-0.0267187,-0.00117844
4.6650e-02,-0.03625,-0.00132563
4.6660e-02,-0.0257812,-0.0016125
4.6670e-02,-0.0189062,-0.001495
4.6680e-02,-0.0289063,-0.00138781
4.6690e-02,-0.0164063,-0.00114594
4.6700e-02,-0.03,-0.00156156
4.6710e-02,-0.0365625,-0.00183094
4.6720e-02,-0.0246875,-0.00136688
4.6730e-02,-0.0307813,-0.00160781
4.6740e-02,-0.031875,-0.00154156
4.6750e-02,-0.034375,-0.00116125
4.6760e-02,-0.0321875,-0.00157188
4.6770e-02,-0.0354688,-0.00166844
4.6780e-02,-0.03625,-0.00121
4.6790e-02,-0.0315625,-0.00128844
4.6800e-02,-0.03375,-0.00180281
4.6810e-02,-0.0326562,-0.00196531
4.6820e-02,-0.0325,-0.00112156
4.6830e-02,-0.0185937,-0.00217188
4.6840e-02,-0.0292188,-0.00102375
4.6850e-02,-0.0421875,-0.00160625
4.6860e-02,-0.0401563,-0.00149469
4.6870e-02,-0.023125,-0.00187031
4.6880e-02,-0.02125,-0.00200938
4.6890e-02,-0.0376563,-0.00145719
4.6900e-02,-0.038125,-0.00188813
4.6910e-02,-0.029375,-0.001965
4.6920e-02,-0.031875,-0.00136063
4.6930e-02,-0.0365625,-0.00248781
4.6940e-02,-0.02625,-0.00108594
4.6950e-02,-0.0304688,-0.00216938
4.6960e-02,-0.028125,-0.00225438
4.6970e-02,-0.031875,-0.00153938
4.6980e-02,-0.04,-0.00257625
4.6990e-02,-0.0325,-0.00167563
4.7000e-02,-0.0240625,-0.00167781
4.7010e-02,-0.0365625,-0.00134406
4.7020e-02,-0.0220313,-0.00103719
4.7030e-02,-0.0342187,-0.00147625
4.7040e-02,-0.03625,-0.00198469
4.7050e-02,-0.0279688,-0.00169375
4.7060e-02,-0.0321875,-0.00196906
4.7070e-02,-0.038125,-0.00135438
4.7080e-02,-0.0346875,-0.00216
4.7090e-02,-0.0242188,-0.00120906
4.7100e-02,-0.038125,-0.00149031
4.7110e-02,-0.04125,-0.00192406
4.7120e-02,-0.0229687,-0.00136875
4.7130e-02,-0.0389063,-0.00196688
4.7140e-02,-0.030625,-0.00113094
4.7150e-02,-0.0289063,-0.00173875
4.7160e-02,-0.036875,-0.0020725
4.7170e-02,-0.0214063,-0.00140781
4.7180e-02,-0.0278125,-0.00239125
4.7190e-02,-0.0329688,-0.00189469
4.7200e-02,-0.0275,-0.0015475
4.7210e-02,-0.0248438,-0.00203031
4.7220e-02,-0.0284375,-0.00162688
4.7230e-02,-0.0348437,-0.00207281
4.7240e-02,-0.0375,-0.00141938
4.7250e-02,-0.0320312,-0.000984375
4.7260e-02,-0.0390625,-0.000633438
4.7270e-02,-0.0234375,-0.00168
4.7280e-02,-0.03125,-0.0015225
4.7290e-02,-0.0428125,-0.00153719
4.7300e-02,-0.0304688,-0.00182438
4.7310e-02,-0.0398437,-0.00136719
4.7320e-02,-0.0207813,-0.00148125
4.7330e-02,-0.0290625,-0.00134906
4.7340e-02,-0.0289063,-0.00104938
4.7350e-02,-0.0392187,-0.00156656
4.7360e-02,-0.0339062,-0.000519062
4.7370e-02,-0.03,-0.00134469
4.7380e-02,-0.0289063,-0.00174406
4.7390e-02,-0.0334375,-0.00119438
4.7400e-02,-0.0357813,-0.00175531
4.7410e-02,-0.03,-0.00238781
4.7420e-02,-0.0404687,-0.00141438
4.7430e-02,-0.0289063,-0.00143625
4.7440e-02,-0.03625,-0.00161781
4.7450e-02,-0.0260937,-0.00238375
4.7460e-02,-0.0285938,-0.00149344
4.7470e-02,-0.0471875,-0.00190156
4.7480e-02,-0.0328125,-0.00175313
4.7490e-02,-0.0323438,-0.00112656
4.7500e-02,-0.03,-0.001305
4.7510e-02,-0.0390625,-0.00104625
4.7520e-02,-0.0279688,-0.00133563
4.7530e-02,-0.0346875,-0.00122781
4.7540e-02,-0.0364063,-0.000996875
4.7550e-02,-0.0303125,-0.00111563
4.7560e-02,-0.033125,-0.00148844
4.7570e-02,-0.0354688,-0.0015075
4.7580e-02,-0.0332812,-0.00104469
4.7590e-02,-0.0354688,-0.00201938
4.7600e-02,-0.0335937,-0.00214875
4.7610e-02,-0.034375,-0.00106656
4.7620e-02,-0.0320312,-0.00168594
4.7630e-02,-0.0275,-0.00126469
4.7640e-02,-0.0271875,-0.00160813
4.7650e-02,-0.04,-0.00112719
4.7660e-02,-0.0317188,-0.00140313
4.7670e-02,-0.0317188,-0.00144906
4.7680e-02,-0.0304688,-0.00134156
4.7690e-02,-0.04125,-0.00145438
4.7700e-02,-0.0296875,-0.00119281
4.7710e-02,-0.03375,-0.00144313
4.7720e-02,-0.0335937,-0.00143156
4.7730e-02,-0.0415625,-0.00127188
4.7740e-02,-0.0420312,-0.0021475
4.7750e-02,-0.0339062,-0.001
4.7760e-02,-0.0346875,-0.00115563
4.7770e-02,-0.0378125,-0.00120375
4.7780e-02,-0.043125,-0.00148688
4.7790e-02,-0.0320312,-0.0018975
4.7800e-02,-0.0298438,-0.00205656
4.7810e-02,-0.0390625,-0.00176
4.7820e-02,-0.0353125,-0.00189563
4.7830e-02,-0.0451563,-0.00176375
4.7840e-02,-0.0395313,-0.00240281
4.7850e-02,-0.0345312,-0.000609688
4.7860e-02,-0.0370313,-0.00114469
4.7870e-02,-0.021875,-0.00171188
4.7880e-02,-0.0376563,-0.00129906
4.7890e-02,-0.0428125,-0.00140156
4.7900e-02,-0.035,-0.00172469
4.7910e-02,-0.0390625,-0.0018025
4.7920e-02,-0.0346875,-0.0016275
4.7930e-02,-0.0428125,-0.00146656
4.7940e-02,-0.0389063,-0.00126094
4.7950e-02,-0.035,-0.00142469
4.7960e-02,-0.0309375,-0.00136563
4.7970e-02,-0.0434375,-0.00167063
4.7980e-02,-0.0421875,-0.000925938
4.7990e-02,-0.0417187,-0.00198844
4.8000e-02,-0.0401563,-0.00188938
4.8010e-02,-0.048125,-0.001845
4.8020e-02,-0.0303125,-0.00151375
4.8030e-02,-0.0425,-0.00137031
4.8040e-02,-0.0428125,-0.00136031
4.8050e-02,-0.0423437,-0.00172875
4.8060e-02,-0.035625,-0.0016425
4.8070e-02,-0.033125,-0.00153125
4.8080e-02,-0.046875,-0.00201313
4.8090e-02,-0.033125,-0.00190875
4.8100e-02,-0.0426562,-0.00200281
4.8110e-02,-0.0342187,-0.00139781
4.8120e-02,-0.0432813,-0.00120656
4.8130e-02,-0.0420312,-0.00204781
4.8140e-02,-0.0334375,-0.00125781
4.8150e-02,-0.0253125,-0.00165406
4.8160e-02,-0.0376563,-0.00156125
4.8170e-02,-0.0451563,-0.00164188
4.8180e-02,-0.038125,-0.00123906
4.8190e-02,-0.03875,-0.0013625
4.8200e-02,-0.0325,-0.00183
4.8210e-02,-0.0315625,-0.00139375
4.8220e-02,-0.0310937,-0.00144813
4.8230e-02,-0.0342187,-0.00206406
4.8240e-02,-0.0390625,-0.00148719
4.8250e-02,-0.0421875,-0.00170656
4.8260e-02,-0.04375,-0.00102156
4.8270e-02,-0.04125,-0.00198375
4.8280e-02,-0.0290625,-0.00267969
4.8290e-02,-0.0360938,-0.00136313
4.8300e-02,-0.043125,-0.00174938
4.8310e-02,-0.0351562,-0.00132125
4.8320e-02,-0.040625,-0.00121406
4.8330e-02,-0.0467188,-0.0017475
4.8340e-02,-0.0317188,-0.00168438
4.8350e-02,-0.0404687,-0.00221438
4.8360e-02,-0.0367188,-0.00141188
4.8370e-02,-0.044375,-0.00163094
4.8380e-02,-0.0384375,-0.00131125
4.8390e-02,-0.0217188,-0.00179688
4.8400e-02,-0.0332812,-0.00111438
4.8410e-02,-0.03875,-0.00135281
4.8420e-02,-0.0328125,-0.00162531
4.8430e-02,-0.0415625,-0.00174469
4.8440e-02,-0.0426562,-0.00189656
4.8450e-02,-0.0425,-0.00204094
4.8460e-02,-0.041875,-0.00197969
4.8470e-02,-0.0396875,-0.00178156
4.8480e-02,-0.0373438,-0.0014725
4.8490e-02,-0.0389063,-0.00189594
4.8500e-02,-0.03625,-0.00136219
4.8510e-02,-0.0275,-0.00156406
4.8520e-02,-0.034375,-0.00167156
4.8530e-02,-0.0284375,-0.0015875
4.8540e-02,-0.0404687,-0.00110906
4.8550e-02,-0.045625,-0.00130219
4.8560e-02,-0.0364063,-0.00113313
4.8570e-02,-0.0507812,-0.0016725
4.8580e-02,-0.0360938,-0.00193969
4.8590e-02,-0.0428125,-0.00243375
4.8600e-02,-0.0348437,-0.00203156
4.8610e-02,-0.039375,-0.00164531
4.8620e-02,-0.0365625,-0.00165563
4.8630e-02,-0.0460938,-0.00120219
4.8640e-02,-0.034375,-0.00140469
4.8650e-02,-0.055,-0.000925625
4.8660e-02,-0.0475,-0.00144781
4.8670e-02,-0.0389063,-0.00197469
4.8680e-02,-0.0429688,-0.00080375
4.8690e-02,-0.0478125,-0.00169688
4.8700e-02,-0.0507812,-0.00158563
4.8710e-02,-0.0364063,-0.00196219
4.8720e-02,-0.0451563,-0.00171031
4.8730e-02,-0.03875,-0.00143406
4.8740e-02,-0.035,-0.00241688
4.8750e-02,-0.031875,-0.00145406
4.8760e-02,-0.0403125,-0.00236875
4.8770e-02,-0.0435938,-0.00115469
4.8780e-02,-0.0323438,-0.00182969
4.8790e-02,-0.0489062,-0.00152906
4.8800e-02,-0.0351562,-0.00151375
4.8810e-02,-0.0328125,-0.00177031
4.8820e-02,-0.0376563,-0.00201531
4.8830e-02,-0.0396875,-0.00157844
4.8840e-02,-0.0353125,-0.00206156
4.8850e-02,-0.0339062,-0.00130031
4.8860e-02,-0.0409375,-0.00171844
4.8870e-02,-0.0335937,-0.00144844
4.8880e-02,-0.0414063,-0.00157563
4.8890e-02,-0.0420312,-0.00190656
4.8900e-02,-0.0432813,-0.00120938
4.8910e-02,-0.0339062,-0.00145156
4.8920e-02,-0.039375,-0.001565
4.8930e-02,-0.0390625,-0.0014575
4.8940e-02,-0.0309375,-0.00162688
4.8950e-02,-0.0396875,-0.00159375
4.8960e-02,-0.0296875,-0.002
4.8970e-02,-0.0246875,-0.00229156
4.8980e-02,-0.0451563,-0.001555
4.8990e-02,-0.036875,-0.00170969
4.9000e-02,-0.0410937,-0.0012625
4.9010e-02,-0.039375,-0.00167063
4.9020e-02,-0.0384375,-0.00193094
4.9030e-02,-0.0242188,-0.00140563
4.9040e-02,-0.0428125,-0.00169375
4.9050e-02,-0.0354688,-0.00141594
4.9060e-02,-0.039375,-0.00149063
4.9070e-02,-0.045625,-0.00162063
4.9080e-02,-0.0378125,-0.00210594
4.9090e-02,-0.0415625,-0.00200875
4.9100e-02,-0.0489062,-0.00163406
4.9110e-02,-0.0378125,-0.0014875
4.9120e-02,-0.043125,-0.00185875
4.9130e-02,-0.0360938,-0.00130531
4.9140e-02,-0.0309375,-0.00148875
4.9150e-02,-0.0526563,-0.0008725
4.9160e-02,-0.0426562,-0.00136625
4.9170e-02,-0.0459375,-0.0011675
4.9180e-02,-0.0509375,-0.00271594
4.9190e-02,-0.0448438,-0.00203656
4.9200e-02,-0.0292188,-0.00198938
4.9210e-02,-0.0390625,-0.00173156
4.9220e-02,-0.041875,-0.00154906
4.9230e-02,-0.039375,-0.00136969
4.9240e-02,-0.0371875,-0.000576875
4.9250e-02,-0.0520313,-0.00147656
4.9260e-02,-0.0365625,-0.00151063
4.9270e-02,-0.0464062,-0.00134531
4.9280e-02,-0.0453125,-0.00169719
4.9290e-02,-0.0392187,-0.00137094
4.9300e-02,-0.0317188,-0.00225094
4.9310e-02,-0.0485938,-0.00167969
4.9320e-02,-0.0407813,-0.00189375
4.9330e-02,-0.0475,-0.00195969
4.9340e-02,-0.03625,-0.00214688
4.9350e-02,-0.0451563,-0.00124656
4.9360e-02,-0.04,-0.00161406
4.9370e-02,-0.0359375,-0.00190719
4.9380e-02,-0.0371875,-0.00216219
4.9390e-02,-0.0470312,-0.00151188
4.9400e-02,-0.0398437,-0.00147344
4.9410e-02,-0.0367188,-0.00204781
4.9420e-02,-0.0375,-0.000989063
4.9430e-02,-0.038125,-0.00193781
4.9440e-02,-0.028125,-0.00128688
4.9450e-02,-0.03375,-0.00131344
4.9460e-02,-0.0379688,-0.001965
4.9470e-02,-0.0479688,-0.00117094
4.9480e-02,-0.0403125,-0.00137781
4.9490e-02,-0.0390625,-0.00138875
4.9500e-02,-0.0401563,-0.00223344
4.9510e-02,-0.0398437,-0.00169531
4.9520e-02,-0.0376563,-0.000893438
4.9530e-02,-0.0507812,-0.00140938
4.9540e-02,-0.046875,-0.00167938
4.9550e-02,-0.03875,-0.00232719
4.9560e-02,-0.0409375,-0.00170594
4.9570e-02,-0.043125,-0.00170625
4.9580e-02,-0.0357813,-0.00184844
4.9590e-02,-0.0559375,-0.00188313
4.9600e-02,-0.0354688,-0.00232313
4.9610e-02,-0.04625,-0.0012175
4.9620e-02,-0.0385937,-0.00122156
4.9630e-02,-0.0401563,-0.00123656
4.9640e-02,-0.0401563,-0.00144438
4.9650e-02,-0.0471875,-0.00163656
4.9660e-02,-0.040625,-0.001625
4.9670e-02,-0.04125,-0.00134125
4.9680e-02,-0.0415625,-0.00139719
4.9690e-02,-0.039375,-0.00166531
4.9700e-02,-0.0401563,-0.00242469
4.9710e-02,-0.0520313,-0.001505
4.9720e-02,-0.039375,-0.001455
4.9730e-02,-0.0459375,-0.00159313
4.9740e-02,-0.0473438,-0.00116719
4.9750e-02,-0.0342187,-0.0018825
4.9760e-02,-0.043125,-0.00197531
4.9770e-02,-0.0395313,-0.00143844
4.9780e-02,-0.0460938,-0.00211312
4.9790e-02,-0.0407813,-0.00182031
4.9800e-02,-0.0332812,-0.00151906
4.9810e-02,-0.0478125,-0.00111313
4.9820e-02,-0.0454688,-0.00180938
4.9830e-02,-0.033125,-0.00200406
4.9840e-02,-0.0320312,-0.00136875
4.9850e-02,-0.04,-0.00174875
4.9860e-02,-0.0478125,-0.00208125
4.9870e-02,-0.0328125,-0.00110313
4.9880e-02,-0.0401563,-0.00211
4.9890e-02,-0.0446875,-0.00148563
4.9900e-02,-0.0526563,-0.00133344
4.9910e-02,-0.0373438,-0.00127313
4.9920e-02,-0.0289063,-0.00134156
4.9930e-02,-0.04375,-0.00130875
4.9940e-02,-0.038125,-0.00142375
4.9950e-02,-0.0398437,-0.00204094
4.9960e-02,-0.0409375,-0.00123313
4.9970e-02,-0.0510938,-0.000755625
4.9980e-02,-0.039375,-0.00173031
4.9990e-02,-0.0360938,-0.000880938
5.0000e-02,-0.0378125,-0.0019
5.0010e-02,-0.0371875,-0.00228469
5.0020e-02,-0.03875,-0.0005925
5.0030e-02,-0.0526563,-0.0021275
5.0040e-02,-0.0407813,-0.00196688
5.0050e-02,-0.0335937,-0.00151469
5.0060e-02,-0.0454688,-0.00133531
5.0070e-02,-0.0546875,-0.00170375
5.0080e-02,-0.03625,-0.00152031
5.0090e-02,-0.0401563,-0.000981563
5.0100e-02,-0.0353125,-0.00191563
5.0110e-02,-0.0485938,-0.00125406
5.0120e-02,-0.0345312,-0.0011875
5.0130e-02,-0.0460938,-0.00159344
5.0140e-02,-0.038125,-0.00112469
5.0150e-02,-0.0421875,-0.0017025
5.0160e-02,-0.04125,-0.00159375
5.0170e-02,-0.0476562,-0.00184469
5.0180e-02,-0.0378125,-0.00125656
5.0190e-02,-0.0395313,-0.00176313
5.0200e-02,-0.0423437,-0.00163188
5.0210e-02,-0.0423437,-0.00142531
5.0220e-02,-0.0492188,-0.00222375
5.0230e-02,-0.044375,-0.00200938
5.0240e-02,-0.0315625,-0.00168469
5.0250e-02,-0.04625,-0.0019575
5.0260e-02,-0.04875,-0.00142844
5.0270e-02,-0.0528125,-0.00160969
5.0280e-02,-0.0507812,-0.00130656
5.0290e-02,-0.0435938,-0.00171656
5.0300e-02,-0.045625,-0.00161438
5.0310e-02,-0.0528125,-0.00152031
5.0320e-02,-0.049375,-0.00154063
5.0330e-02,-0.04625,-0.00137125
5.0340e-02,-0.045,-0.00184313
5.0350e-02,-0.0395313,-0.00159281
5.0360e-02,-0.0384375,-0.00193156
5.0370e-02,-0.0376563,-0.00179906
5.0380e-02,-0.0471875,-0.00170563
5.0390e-02,-0.0485938,-0.00187656
5.0400e-02,-0.05,-0.00170031
5.0410e-02,-0.046875,-0.00200687
5.0420e-02,-0.0421875,-0.00140625
5.0430e-02,-0.0557813,-0.00159063
5.0440e-02,-0.0278125,-0.00210156
5.0450e-02,-0.0429688,-0.00135938
5.0460e-02,-0.0551563,-0.00149563
5.0470e-02,-0.0414063,-0.0014975
5.0480e-02,-0.0509375,-0.00170688
5.0490e-02,-0.0504687,-0.00119781
5.0500e-02,-0.044375,-0.00180844
5.0510e-02,-0.0428125,-0.00210781
5.0520e-02,-0.0379688,-0.00122688
5.0530e-02,-0.04875,-0.00136344
5.0540e-02,-0.0495312,-0.00187688
5.0550e-02,-0.0532813,-0.00139813
5.0560e-02,-0.0435938,-0.00143656
5.0570e-02,-0.0453125,-0.00184875
5.0580e-02,-0.0396875,-0.00220313
5.0590e-02,-0.0410937,-0.00149094
5.0600e-02,-0.0495312,-0.00134344
5.0610e-02,-0.0532813,-0.00166
5.0620e-02,-0.0426562,-0.00129906
5.0630e-02,-0.0520313,-0.00200156
5.0640e-02,-0.0520313,-0.00122313
5.0650e-02,-0.0345312,-0.00129813
5.0660e-02,-0.0421875,-0.00115344
5.0670e-02,-0.0371875,-0.00169063
5.0680e-02,-0.0476562,-0.00148219
5.0690e-02,-0.04625,-0.00137844
5.0700e-02,-0.0423437,-0.00171719
5.0710e-02,-0.038125,-0.00189469
5.0720e-02,-0.02875,-0.00142813
5.0730e-02,-0.0509375,-0.00108438
5.0740e-02,-0.0371875,-0.000767188
5.0750e-02,-0.0503125,-0.00188094
5.0760e-02,-0.0421875,-0.00144313
5.0770e-02,-0.05125,-0.00163969
5.0780e-02,-0.0428125,-0.00174281
5.0790e-02,-0.0360938,-0.0016475
5.0800e-02,-0.0478125,-0.00183281
5.0810e-02,-0.0448438,-0.0017575
5.0820e-02,-0.0457813,-0.00162969
5.0830e-02,-0.034375,-0.00167469
5.0840e-02,-0.051875,-0.00145438
5.0850e-02,-0.0389063,-0.00132063
5.0860e-02,-0.0426562,-0.00168719
5.0870e-02,-0.0485938,-0.00151125
5.0880e-02,-0.0434375,-0.00178
5.0890e-02,-0.0478125,-0.00132313
5.0900e-02,-0.03625,-0.0011825
5.0910e-02,-0.0360938,-0.00173219
5.0920e-02,-0.0498438,-0.0014
5.0930e-02,-0.0496875,-0.00160344
5.0940e-02,-0.0407813,-0.001715
5.0950e-02,-0.0376563,-0.00174063
5.0960e-02,-0.0410937,-0.00219719
5.0970e-02,-0.0495312,-0.000798438
5.0980e-02,-0.04125,-0.00142813
5.0990e-02,-0.0475,-0.00126375
5.1000e-02,-0.0423437,-0.00132063
5.1010e-02,-0.0503125,-0.00152094
5.1020e-02,-0.0471875,-0.00117813
5.1030e-02,-0.0590625,-0.00162313
5.1040e-02,-0.0420312,-0.00188281
5.1050e-02,-0.04,-0.00179813
5.1060e-02,-0.0446875,-0.000814375
5.1070e-02,-0.044375,-0.00204219
5.1080e-02,-0.0503125,-0.001585
5.1090e-02,-0.0389063,-0.00153
5.1100e-02,-0.043125,-0.00170406
5.1110e-02,-0.0465625,-0.00162875
5.1120e-02,-0.0453125,-0.00173563
5.1130e-02,-0.0403125,-0.00160156
5.1140e-02,-0.0495312,-0.00115969
5.1150e-02,-0.0501562,-0.00198469
5.1160e-02,-0.053125,-0.00129969
5.1170e-02,-0.0359375,-0.00151938
5.1180e-02,-0.0532813,-0.00152063
5.1190e-02,-0.0475,-0.00159344
5.1200e-02,-0.0534375,-0.00168938
5.1210e-02,-0.0475,-0.000770625
5.1220e-02,-0.0392187,-0.00139531
5.1230e-02,-0.0440625,-0.00130219
5.1240e-02,-0.0454688,-0.00135156
5.1250e-02,-0.0404687,-0.00226125
5.1260e-02,-0.0504687,-0.00115438
5.1270e-02,-0.0482812,-0.00137219
5.1280e-02,-0.0520313,-0.000960625
5.1290e-02,-0.0328125,-0.000896563
5.1300e-02,-0.0326562,-0.00157313
5.1310e-02,-0.0446875,-0.00189563
5.1320e-02,-0.0323438,-0.00140438
5.1330e-02,-0.0417187,-0.00138156
5.1340e-02,-0.0417187,-0.0015725
5.1350e-02,-0.0440625,-0.00219906
5.1360e-02,-0.0470312,-0.0015575
5.1370e-02,-0.0445313,-0.002465
5.1380e-02,-0.0489062,-0.00177906
5.1390e-02,-0.0348437,-0.00181063
5.1400e-02,-0.048125,-0.00171969
5.1410e-02,-0.039375,-0.00133063
5.1420e-02,-0.0435938,-0.000900938
5.1430e-02,-0.0410937,-0.00166344
5.1440e-02,-0.0321875,-0.00213063
5.1450e-02,-0.0323438,-0.00209594
5.1460e-02,-0.048125,-0.00179531
5.1470e-02,-0.0501562,-0.00171844
5.1480e-02,-0.05125,-0.00121063
5.1490e-02,-0.0470312,-0.0022875
5.1500e-02,-0.039375,-0.00110406
5.1510e-02,-0.0403125,-0.00180875
5.1520e-02,-0.0548437,-0.00114
5.1530e-02,-0.03875,-0.00177188
5.1540e-02,-0.0503125,-0.0016275
5.1550e-02,-0.0490625,-0.00155063
5.1560e-02,-0.0528125,-0.00178563
5.1570e-02,-0.0459375,-0.00183875
5.1580e-02,-0.05375,-0.00192281
5.1590e-02,-0.0540625,-0.00222719
5.1600e-02,-0.0414063,-0.00112469
5.1610e-02,-0.0473438,-0.00150844
5.1620e-02,-0.0454688,-0.00110531
5.1630e-02,-0.0432813,-0.00132406
5.1640e-02,-0.0526563,-0.00182531
5.1650e-02,-0.0414063,-0.00137344
5.1660e-02,-0.0498438,-0.00155656
5.1670e-02,-0.041875,-0.000789375
5.1680e-02,-0.0492188,-0.00116719
5.1690e-02,-0.0529687,-0.00180188
5.1700e-02,-0.0514063,-0.00129906
5.1710e-02,-0.0584375,-0.00149
5.1720e-02,-0.0457813,-0.00181156
5.1730e-02,-0.0510938,-0.00166188
5.1740e-02,-0.0498438,-0.00124219
5.1750e-02,-0.0357813,-0.00191125
5.1760e-02,-0.0379688,-0.00146844
5.1770e-02,-0.0490625,-0.00167531
5.1780e-02,-0.0395313,-0.00167844
5.1790e-02,-0.0482812,-0.00177719
5.1800e-02,-0.0420312,-0.00143344
5.1810e-02,-0.0479688,-0.00218844
5.1820e-02,-0.043125,-0.00247938
5.1830e-02,-0.0596875,-0.00141938
5.1840e-02,-0.0348437,-0.00211938
5.1850e-02,-0.0432813,-0.00143375
5.1860e-02,-0.0367188,-0.00163344
5.1870e-02,-0.040625,-0.00158375
5.1880e-02,-0.0551563,-0.00209469
5.1890e-02,-0.0495312,-0.00165313
5.1900e-02,-0.046875,-0.00084625
5.1910e-02,-0.04125,-0.00106281
5.1920e-02,-0.03125,-0.00182031
5.1930e-02,-0.0554687,-0.00156781
5.1940e-02,-0.0353125,-0.00174594
5.1950e-02,-0.0540625,-0.00160813
5.1960e-02,-0.0564063,-0.00152688
5.1970e-02,-0.0545313,-0.00168219
5.1980e-02,-0.04875,-0.00183094
5.1990e-02,-0.0501562,-0.00208875
5.2000e-02,-0.0476562,-0.00157844
5.2010e-02,-0.0523437,-0.00188938
5.2020e-02,-0.0573437,-0.00105156
5.2030e-02,-0.049375,-0.00101063
5.2040e-02,-0.0353125,-0.00107031
5.2050e-02,-0.0371875,-0.00114938
5.2060e-02,-0.0353125,-0.00125156
5.2070e-02,-0.0496875,-0.00112031
5.2080e-02,-0.0542187,-0.00191563
5.2090e-02,-0.0414063,-0.00139375
5.2100e-02,-0.0417187,-0.00170063
5.2110e-02,-0.0473438,-0.00133094
5.2120e-02,-0.0451563,-0.000995625
5.2130e-02,-0.0326562,-0.00201188
5.2140e-02,-0.0478125,-0.000858438
5.2150e-02,-0.0485938,-0.00116688
5.2160e-02,-0.0414063,-0.00109188
5.2170e-02,-0.0410937,-0.00206719
5.2180e-02,-0.0573437,-0.00174375
5.2190e-02,-0.0482812,-0.00232656
5.2200e-02,-0.0546875,-0.00213188
5.2210e-02,-0.04375,-0.00175844
5.2220e-02,-0.051875,-0.0016725
5.2230e-02,-0.0432813,-0.00120063
5.2240e-02,-0.0392187,-0.001105
5.2250e-02,-0.0428125,-0.00145625
5.2260e-02,-0.0417187,-0.001055
5.2270e-02,-0.033125,-0.00176594
5.2280e-02,-0.0401563,-0.0012025
5.2290e-02,-0.0476562,-0.00171031
5.2300e-02,-0.0439063,-0.00165375
5.2310e-02,-0.049375,-0.00227469
5.2320e-02,-0.0429688,-0.00223594
5.2330e-02,-0.0467188,-0.00143406
5.2340e-02,-0.050625,-0.00159156
5.2350e-02,-0.050625,-0.00181219
5.2360e-02,-0.0321875,-0.00136594
5.2370e-02,-0.04,-0.0018725
5.2380e-02,-0.0445313,-0.00109875
5.2390e-02,-0.0526563,-0.00155438
5.2400e-02,-0.0384375,-0.00168219
5.2410e-02,-0.030625,-0.00163875
5.2420e-02,-0.051875,-0.00169
5.2430e-02,-0.0428125,-0.00161969
5.2440e-02,-0.0546875,-0.00158719
5.2450e-02,-0.0420312,-0.00163844
5.2460e-02,-0.0471875,-0.00158094
5.2470e-02,-0.0389063,-0.00141563
5.2480e-02,-0.189062,-0.00137313
5.2490e-02,-0.35,-0.00259375
5.2500e-02,0.0679687,-0.00498094
5.2510e-02,-0.757969,-0.006705
5.2520e-02,-0.9075,-0.00707156
5.2530e-02,0.0170313,-0.00707625
5.2540e-02,0.112188,-0.00690563
5.2550e-02,0.0995313,-0.00677219
5.2560e-02,0.076875,-0.00702469
5.2570e-02,0.0804687,-0.006925
5.2580e-02,0.0598438,-0.00695063
5.2590e-02,0.039375,-0.00688063
5.2600e-02,0.0534375,-0.00683969
5.2610e-02,0.04375,-0.006885
5.2620e-02,0.0426562,-0.00669375
5.2630e-02,0.04125,-0.00675719
5.2640e-02,0.040625,-0.00670344
5.2650e-02,0.0239063,-0.00682406
5.2660e-02,0.0339062,-0.00711625
5.2670e-02,0.0373437,-0.00658094
5.2680e-02,0.0382813,-0.0067075
5.2690e-02,0.0285937,-0.00672406
5.2700e-02,0.0317188,-0.00676469
5.2710e-02,0.0146875,-0.00689063
5.2720e-02,0.0123437,-0.00679313
5.2730e-02,0.0115625,-0.00698125
5.2740e-02,0.018125,-0.00602344
5.2750e-02,0.0178125,-0.00305844
5.2760e-02,0.0235938,-0.00232813
5.2770e-02,0.015,-0.00230031
5.2780e-02,0.00828125,-0.00233031
5.2790e-02,0.0190625,-0.00219781
5.2800e-02,0.010625,-0.00168344
5.2810e-02,0.0151562,-0.00132719
5.2820e-02,0.0120312,-0.0016975
5.2830e-02,-0.00609375,-0.000643125
5.2840e-02,0.014375,-0.00125938
5.2850e-02,-0.00109375,-0.00234719
5.2860e-02,0.00203125,-0.0015125
5.2870e-02,0.00796875,-0.00199875
5.2880e-02,0.00953125,-0.000909688
5.2890e-02,0.00703125,-0.00163031
5.2900e-02,0.0059375,-0.00114813
5.2910e-02,0.0015625,-0.00185188
5.2920e-02,0.00609375,-0.00198625
5.2930e-02,-0.0015625,-0.00153625
5.2940e-02,0.00328125,-0.00188656
5.2950e-02,-0.0114062,-0.00184688
5.2960e-02,0.00984375,-0.00109781
5.2970e-02,0.0075,-0.00162375
5.2980e-02,-0.00703125,-0.00208156
5.2990e-02,-0.0139063,-0.00144313
5.3000e-02,-0.00421875,-0.00203531
5.3010e-02,0.0021875,-0.00113406
5.3020e-02,0.0103125,-0.00176375
5.3030e-02,0.00375,-0.00152094
5.3040e-02,-0.011875,-0.0012025
5.3050e-02,-0.00875,-0.00233813
5.3060e-02,-0.00671875,-0.0017025
5.3070e-02,-0.0071875,-0.00198469
5.3080e-02,-0.00390625,-0.00214063
5.3090e-02,-0.018125,-0.00173938
5.3100e-02,-0.00296875,-0.00134656
5.3110e-02,-0.000625,-0.00165781
5.3120e-02,-0.0059375,-0.00149438
5.3130e-02,-0.009375,-0.00111656
5.3140e-02,-0.0129688,-0.0021025
5.3150e-02,0.00171875,-0.00159625
5.3160e-02,-0.0164063,-0.0019375
5.3170e-02,-0.01625,-0.00156
5.3180e-02,-0.00328125,-0.00122
5.3190e-02,-0.014375,-0.00204594
5.3200e-02,-0.0104688,-0.000966563
5.3210e-02,-0.0182812,-0.00249344
5.3220e-02,-0.0175,-0.00203438
5.3230e-02,-0.008125,-0.00150594
5.3240e-02,-0.0120313,-0.00181344
5.3250e-02,-0.0135937,-0.00116313
5.3260e-02,-0.0201563,-0.00170406
5.3270e-02,-0.0015625,-0.000736563
5.3280e-02,-0.0046875,-0.00117375
5.3290e-02,-0.0154687,-0.0015825
5.3300e-02,-0.0171875,-0.00123719
5.3310e-02,-0.0075,-0.00221594
5.3320e-02,-0.00359375,-0.00168531
5.3330e-02,-0.019375,-0.00161031
5.3340e-02,-0.006875,-0.00228344
5.3350e-02,-0.01,-0.001435
5.3360e-02,-0.005,-0.0013
5.3370e-02,-0.0059375,-0.00169313
5.3380e-02,-0.0123438,-0.00196375
5.3390e-02,-0.0225,-0.00167531
5.3400e-02,-0.0159375,-0.00140781
5.3410e-02,-0.00890625,-8.53125e-05
5.3420e-02,-0.0153125,-0.0010725
5.3430e-02,-0.0189062,-0.00162125
5.3440e-02,-0.0170313,-0.00169563
5.3450e-02,-0.00921875,-0.00168125
5.3460e-02,-0.0139063,-0.00211875
5.3470e-02,-0.0109375,-0.00152219
5.3480e-02,-0.0142188,-0.0017975
5.3490e-02,-0.01375,-0.00137688
5.3500e-02,-0.0154687,-0.00193688
5.3510e-02,-0.0179687,-0.001325
5.3520e-02,-0.0214063,-0.00122781
5.3530e-02,-0.0192187,-0.00182031
5.3540e-02,-0.0090625,-0.00158594
5.3550e-02,-0.0248438,-0.00193375
5.3560e-02,-0.00609375,-0.00180844
5.3570e-02,-0.0239063,-0.00191156
5.3580e-02,-0.0215625,-0.00227312
5.3590e-02,-0.0101563,-0.00119594
5.3600e-02,-0.0175,-0.00142625
5.3610e-02,-0.0270312,-0.00157938
5.3620e-02,-0.0204688,-0.00235469
5.3630e-02,-0.015,-0.0011075
5.3640e-02,-0.0292188,-0.000991563
5.3650e-02,-0.0267187,-0.00194094
5.3660e-02,-0.0254688,-0.00155688
5.3670e-02,-0.0242188,-0.00137125
5.3680e-02,-0.02125,-0.00176781
5.3690e-02,-0.0192187,-0.00189594
5.3700e-02,-0.0139063,-0.00145406
5.3710e-02,-0.0182812,-0.00192469
5.3720e-02,-0.0146875,-0.00181813
5.3730e-02,-0.02,-0.00119094
5.3740e-02,-0.0251563,-0.00204719
5.3750e-02,-0.0217188,-0.00102844
5.3760e-02,-0.0204688,-0.00135406
5.3770e-02,-0.0175,-0.00126094
5.3780e-02,-0.0315625,-0.00169469
5.3790e-02,-0.0220313,-0.001725
5.3800e-02,-0.0185937,-0.000824063
5.3810e-02,-0.0154687,-0.0023825
5.3820e-02,-0.0217188,-0.00109
5.3830e-02,-0.0160938,-0.00142813
5.3840e-02,-0.0267187,-0.00132656
5.3850e-02,-0.0214063,-0.00171156
5.3860e-02,-0.0221875,-0.0016425
5.3870e-02,-0.0248438,-0.00202906
5.3880e-02,-0.0204688,-0.0011225
5.3890e-02,-0.0129688,-0.00129094
5.3900e-02,-0.0270312,-0.00129063
5.3910e-02,-0.0271875,-0.000915625
5.3920e-02,-0.0190625,-0.00131531
5.3930e-02,-0.00359375,-0.00171719
5.3940e-02,-0.025,-0.00178156
5.3950e-02,-0.0271875,-0.00151406
5.3960e-02,-0.0254688,-0.00137969
5.3970e-02,-0.0282813,-0.00147781
5.3980e-02,-0.0189062,-0.0011275
5.3990e-02,-0.0210938,-0.00115906
5.4000e-02,-0.0196875,-0.00177781
5.4010e-02,-0.0240625,-0.00205844
5.4020e-02,-0.02125,-0.00110563
5.4030e-02,-0.0242188,-0.00229719
5.4040e-02,-0.0354688,-0.000866563
5.4050e-02,-0.030625,-0.00124125
5.4060e-02,-0.0309375,-0.00129031
5.4070e-02,-0.0214063,-0.00243781
5.4080e-02,-0.0234375,-0.00178375
5.4090e-02,-0.0154687,-0.00226281
5.4100e-02,-0.0339062,-0.00155344
5.4110e-02,-0.0332812,-0.00168375
5.4120e-02,-0.0298438,-0.00141906
5.4130e-02,-0.0214063,-0.00142531
5.4140e-02,-0.0226562,-0.00158313
5.4150e-02,-0.0284375,-0.00131156
5.4160e-02,-0.0195312,-0.00141813
5.4170e-02,-0.0357813,-0.00116031
5.4180e-02,-0.016875,-0.0023575
5.4190e-02,-0.0259375,-0.00147094
5.4200e-02,-0.025625,-0.00131938
5.4210e-02,-0.0289063,-0.00196125
5.4220e-02,-0.0254688,-0.00125813
5.4230e-02,-0.0154687,-0.00119563
5.4240e-02,-0.0175,-0.00112719
5.4250e-02,-0.0276563,-0.00202125
5.4260e-02,-0.02375,-0.00194
5.4270e-02,-0.019375,-0.00108969
5.4280e-02,-0.0201563,-0.00158938
5.4290e-02,-0.0235938,-0.00138031
5.4300e-02,-0.0196875,-0.00121125
5.4310e-02,-0.0279688,-0.00197813
5.4320e-02,-0.0179687,-0.00164844
5.4330e-02,-0.0279688,-0.00184125
5.4340e-02,-0.0259375,-0.00111156
5.4350e-02,-0.0164063,-0.0011525
5.4360e-02,-0.0245313,-0.00151438
5.4370e-02,-0.0270312,-0.00172906
5.4380e-02,-0.0290625,-0.00200781
5.4390e-02,-0.0225,-0.00153875
5.4400e-02,-0.0265625,-0.00202406
5.4410e-02,-0.0398437,-0.000987188
5.4420e-02,-0.0242188,-0.00142688
5.4430e-02,-0.0217188,-0.00129844
5.4440e-02,-0.0289063,-0.00133531
5.4450e-02,-0.0232812,-0.00159938
5.4460e-02,-0.03875,-0.00151031
5.4470e-02,-0.0245313,-0.0021825
5.4480e-02,-0.0325,-0.00101563
5.4490e-02,-0.0309375,-0.00158719
5.4500e-02,-0.029375,-0.0014975
5.4510e-02,-0.0210938,-0.00194688
5.4520e-02,-0.030625,-0.00125938
5.4530e-02,-0.0221875,-0.00163375
5.4540e-02,-0.0315625,-0.00129813
5.4550e-02,-0.0259375,-0.00204406
5.4560e-02,-0.0246875,-0.00136906
5.4570e-02,-0.026875,-0.00149688
5.4580e-02,-0.0317188,-0.00112125
5.4590e-02,-0.0357813,-0.00194375
5.4600e-02,-0.01875,-0.00198719
5.4610e-02,-0.024375,-0.00219781
5.4620e-02,-0.0325,-0.0018125
5.4630e-02,-0.0235938,-0.0017275
5.4640e-02,-0.03375,-0.00148344
5.4650e-02,-0.025625,-0.00146313
5.4660e-02,-0.0270312,-0.00112969
5.4670e-02,-0.0296875,-0.00147594
5.4680e-02,-0.0328125,-0.00206313
5.4690e-02,-0.0390625,-0.00123156
5.4700e-02,-0.0275,-0.0015125
5.4710e-02,-0.018125,-0.0012775
5.4720e-02,-0.0284375,-0.00114469
5.4730e-02,-0.0398437,-0.00141719
5.4740e-02,-0.0240625,-0.00146938
5.4750e-02,-0.0279688,-0.00174906
5.4760e-02,-0.0295313,-0.00168719
5.4770e-02,-0.03625,-0.00144625
5.4780e-02,-0.0265625,-0.00166188
5.4790e-02,-0.0240625,-0.000938438
5.4800e-02,-0.0178125,-0.000838125
5.4810e-02,-0.0253125,-0.00108062
5.4820e-02,-0.025625,-0.00128938
5.4830e-02,-0.03625,-0.00148938
5.4840e-02,-0.0220313,-0.00215531
5.4850e-02,-0.0354688,-0.00222969
5.4860e-02,-0.0246875,-0.00140063
5.4870e-02,-0.0346875,-0.00119563
5.4880e-02,-0.035,-0.000885625
5.4890e-02,-0.0242188,-0.00170063
5.4900e-02,-0.0190625,-0.0027475
5.4910e-02,-0.0184375,-0.00122594
5.4920e-02,-0.0323438,-0.00109063
5.4930e-02,-0.04375,-0.00156063
5.4940e-02,-0.033125,-0.000993438
5.4950e-02,-0.0301563,-0.00161
5.4960e-02,-0.0290625,-0.00174406
5.4970e-02,-0.0328125,-0.00192844
5.4980e-02,-0.0309375,-0.00165969
5.4990e-02,-0.04375,-0.001235
5.5000e-02,-0.0321875,-0.0019925
5.5010e-02,-0.0367188,-0.00086375
5.5020e-02,-0.0245313,-0.00123813
5.5030e-02,-0.0242188,-0.000979688
5.5040e-02,-0.0325,-0.00112781
5.5050e-02,-0.0360938,-0.00160875
5.5060e-02,-0.0370313,-0.0017375
5.5070e-02,-0.0423437,-0.00214063
5.5080e-02,-0.0292188,-0.00136719
5.5090e-02,-0.0379688,-0.00161188
5.5100e-02,-0.0360938,-0.00167344
5.5110e-02,-0.0384375,-0.00169344
5.5120e-02,-0.0328125,-0.00192906
5.5130e-02,-0.0301563,-0.00121469
5.5140e-02,-0.0351562,-0.00083375
5.5150e-02,-0.0417187,-0.00170563
5.5160e-02,-0.0442188,-0.00132906
5.5170e-02,-0.0289063,-0.00149219
5.5180e-02,-0.0371875,-0.00244594
5.5190e-02,-0.041875,-0.00138156
5.5200e-02,-0.034375,-0.00115688
5.5210e-02,-0.0284375,-0.0019675
5.5220e-02,-0.0370313,-0.00210813
5.5230e-02,-0.0360938,-0.002095
5.5240e-02,-0.0354688,-0.00115844
5.5250e-02,-0.0375,-0.00114969
5.5260e-02,-0.0346875,-0.00197188
5.5270e-02,-0.0354688,-0.00108531
5.5280e-02,-0.02375,-0.00194625
5.5290e-02,-0.0403125,-0.00113469
5.5300e-02,-0.035,-0.00184344
5.5310e-02,-0.033125,-0.0012825
5.5320e-02,-0.0296875,-0.000858125
5.5330e-02,-0.04,-0.00150344
5.5340e-02,-0.03875,-0.00187781
5.5350e-02,-0.0359375,-0.00155719
5.5360e-02,-0.026875,-0.00126375
5.5370e-02,-0.0332812,-0.00118813
5.5380e-02,-0.0289063,-0.00108125
5.5390e-02,-0.0451563,-0.00119563
5.5400e-02,-0.03125,-0.00144438
5.5410e-02,-0.0378125,-0.0019625
5.5420e-02,-0.0232812,-0.000975313
5.5430e-02,-0.0378125,-0.00142063
5.5440e-02,-0.040625,-0.00131563
5.5450e-02,-0.0339062,-0.00164156
5.5460e-02,-0.02875,-0.00125719
5.5470e-02,-0.0382813,-0.00114156
5.5480e-02,-0.0375,-0.00117656
5.5490e-02,-0.0301563,-0.00152156
5.5500e-02,-0.0392187,-0.00197156
5.5510e-02,-0.0364063,-0.001265
5.5520e-02,-0.03875,-0.00153438
5.5530e-02,-0.035625,-0.00208125
5.5540e-02,-0.0360938,-0.0013175
5.5550e-02,-0.0375,-0.00155531
5.5560e-02,-0.0239063,-0.000965938
5.5570e-02,-0.0459375,-0.00116562
5.5580e-02,-0.0329688,-0.0020525
5.5590e-02,-0.0304688,-0.000848438
5.5600e-02,-0.0475,-0.00182531
5.5610e-02,-0.0414063,-0.00147656
5.5620e-02,-0.0434375,-0.00161406
5.5630e-02,-0.0448438,-0.00210063
5.5640e-02,-0.0464062,-0.00140938
5.5650e-02,-0.0310937,-0.00222281
5.5660e-02,-0.0329688,-0.00145
5.5670e-02,-0.0351562,-0.00133969
5.5680e-02,-0.0332812,-0.00154469
5.5690e-02,-0.035,-0.00121281
5.5700e-02,-0.0279688,-0.00171563
5.5710e-02,-0.038125,-0.000660938
5.5720e-02,-0.0378125,-0.001365
5.5730e-02,-0.0235938,-0.00173563
5.5740e-02,-0.0348437,-0.00180406
5.5750e-02,-0.0315625,-0.00135844
5.5760e-02,-0.0334375,-0.00185938
5.5770e-02,-0.0279688,-0.00087875
5.5780e-02,-0.0370313,-0.00247125
5.5790e-02,-0.0384375,-0.00135031
5.5800e-02,-0.0275,-0.00218219
5.5810e-02,-0.0373438,-0.00136469
5.5820e-02,-0.0490625,-0.00135906
5.5830e-02,-0.0345312,-0.00113188
5.5840e-02,-0.0334375,-0.00209219
5.5850e-02,-0.0371875,-0.001025
5.5860e-02,-0.0478125,-0.00161656
5.5870e-02,-0.0345312,-0.00157313
5.5880e-02,-0.0342187,-0.00175563
5.5890e-02,-0.03625,-0.00159719
5.5900e-02,-0.0328125,-0.00102063
5.5910e-02,-0.0460938,-0.00183438
5.5920e-02,-0.0464062,-0.00129531
5.5930e-02,-0.0420312,-0.00175375
5.5940e-02,-0.0385937,-0.00191406
5.5950e-02,-0.0446875,-0.00120719
5.5960e-02,-0.0404687,-0.00155406
5.5970e-02,-0.0310937,-0.00154531
5.5980e-02,-0.0326562,-0.00153969
5.5990e-02,-0.0267187,-0.00190094
5.6000e-02,-0.0385937,-0.00165625
5.6010e-02,-0.0282813,-0.00161594
5.6020e-02,-0.044375,-0.00165531
5.6030e-02,-0.034375,-0.00153281
5.6040e-02,-0.0301563,-0.00094875
5.6050e-02,-0.0423437,-0.00123469
5.6060e-02,-0.0359375,-0.00135188
5.6070e-02,-0.0375,-0.00176219
5.6080e-02,-0.0279688,-0.0018025
5.6090e-02,-0.035625,-0.00125906
5.6100e-02,-0.0421875,-0.00136344
5.6110e-02,-0.0425,-0.00183531
5.6120e-02,-0.0390625,-0.00169906
5.6130e-02,-0.0435938,-0.0012975
5.6140e-02,-0.0271875,-0.00116094
5.6150e-02,-0.0334375,-0.00152313
5.6160e-02,-0.0375,-0.00200875
5.6170e-02,-0.025,-0.00109969
5.6180e-02,-0.033125,-0.00148938
5.6190e-02,-0.0385937,-0.000839063
5.6200e-02,-0.048125,-0.00138094
5.6210e-02,-0.0276563,-0.00197156
5.6220e-02,-0.03375,-0.00194938
5.6230e-02,-0.054375,-0.00159375
5.6240e-02,-0.0429688,-0.00141344
5.6250e-02,-0.0432813,-0.00141813
5.6260e-02,-0.0323438,-0.00192125
5.6270e-02,-0.041875,-0.00141656
5.6280e-02,-0.0334375,-0.00175563
5.6290e-02,-0.0471875,-0.00149594
5.6300e-02,-0.0371875,-0.00122563
5.6310e-02,-0.04125,-0.00152125
5.6320e-02,-0.03875,-0.00144281
5.6330e-02,-0.041875,-0.00202125
5.6340e-02,-0.033125,-0.00199313
5.6350e-02,-0.038125,-0.0020725
5.6360e-02,-0.033125,-0.00158813
5.6370e-02,-0.0398437,-0.00123813
5.6380e-02,-0.0376563,-0.001635
5.6390e-02,-0.0290625,-0.00104688
5.6400e-02,-0.0445313,-0.00218844
5.6410e-02,-0.0364063,-0.00139406
5.6420e-02,-0.0396875,-0.001085
5.6430e-02,-0.0385937,-0.00110594
5.6440e-02,-0.045625,-0.00140063
5.6450e-02,-0.0270312,-0.00164094
5.6460e-02,-0.045,-0.00151875
5.6470e-02,-0.0329688,-0.0011375
5.6480e-02,-0.0464062,-0.00123406
5.6490e-02,-0.0392187,-0.00169813
5.6500e-02,-0.0410937,-0.00191469
5.6510e-02,-0.0398437,-0.00173313
5.6520e-02,-0.0410937,-0.00145313
5.6530e-02,-0.0384375,-0.00106813
5.6540e-02,-0.041875,-0.00145406
5.6550e-02,-0.0353125,-0.00164063
5.6560e-02,-0.0373438,-0.00131344
5.6570e-02,-0.0403125,-0.00155344
5.6580e-02,-0.0307813,-0.000975938
5.6590e-02,-0.0357813,-0.00199813
5.6600e-02,-0.0384375,-0.00114094
5.6610e-02,-0.0384375,-0.00160719
5.6620e-02,-0.0348437,-0.00195437
5.6630e-02,-0.0404687,-0.00228656
5.6640e-02,-0.0370313,-0.00208969
5.6650e-02,-0.0365625,-0.0016775
5.6660e-02,-0.0425,-0.00176219
5.6670e-02,-0.0409375,-0.00204969
5.6680e-02,-0.0507812,-0.00110094
5.6690e-02,-0.0426562,-0.00223813
5.6700e-02,-0.044375,-0.0014475
5.6710e-02,-0.0382813,-0.00209219
5.6720e-02,-0.0229687,-0.00143063
5.6730e-02,-0.0470312,-0.00190031
5.6740e-02,-0.0304688,-0.00168594
5.6750e-02,-0.0442188,-0.00152094
5.6760e-02,-0.033125,-0.001775
5.6770e-02,-0.02875,-0.00163875
5.6780e-02,-0.0398437,-0.00164281
5.6790e-02,-0.0501562,-0.00183594
5.6800e-02,-0.0348437,-0.00156344
5.6810e-02,-0.03125,-0.00236
5.6820e-02,-0.045625,-0.00208344
5.6830e-02,-0.0326562,-0.00219906
5.6840e-02,-0.0370313,-0.00166875
5.6850e-02,-0.0448438,-0.00138281
5.6860e-02,-0.0423437,-0.00144063
5.6870e-02,-0.04,-0.00142594
5.6880e-02,-0.05375,-0.00157375
5.6890e-02,-0.04875,-0.00132656
5.6900e-02,-0.0376563,-0.00145063
5.6910e-02,-0.043125,-0.00182063
5.6920e-02,-0.0440625,-0.00109625
5.6930e-02,-0.0335937,-0.00175969
5.6940e-02,-0.04375,-0.00130219
5.6950e-02,-0.0346875,-0.00202781
5.6960e-02,-0.0523437,-0.00222656
5.6970e-02,-0.045625,-0.00144563
5.6980e-02,-0.0446875,-0.00178594
5.6990e-02,-0.0482812,-0.00189156
5.7000e-02,-0.0395313,-0.00106125
5.7010e-02,-0.0446875,-0.00147656
5.7020e-02,-0.0371875,-0.00125875
5.7030e-02,-0.0401563,-0.00161313
5.7040e-02,-0.030625,-0.00184219
5.7050e-02,-0.0345312,-0.00147594
5.7060e-02,-0.0370313,-0.00142875
5.7070e-02,-0.04125,-0.00119563
5.7080e-02,-0.0276563,-0.00129875
5.7090e-02,-0.04,-0.00193969
5.7100e-02,-0.041875,-0.00113625
5.7110e-02,-0.0395313,-0.00239344
5.7120e-02,-0.0520313,-0.001685
5.7130e-02,-0.0346875,-0.00145219
5.7140e-02,-0.03875,-0.00174031
5.7150e-02,-0.0448438,-0.00176094
5.7160e-02,-0.03375,-0.00170656
5.7170e-02,-0.039375,-0.00119938
5.7180e-02,-0.043125,-0.00180938
5.7190e-02,-0.051875,-0.001495
5.7200e-02,-0.0414063,-0.00229625
5.7210e-02,-0.0396875,-0.00178063
5.7220e-02,-0.0423437,-0.00110219
5.7230e-02,-0.0557813,-0.00199625
5.7240e-02,-0.0529687,-0.00182969
5.7250e-02,-0.0426562,-0.00190938
5.7260e-02,-0.0426562,-0.00158938
5.7270e-02,-0.0304688,-0.00115188
5.7280e-02,-0.0379688,-0.00202688
5.7290e-02,-0.0329688,-0.001235
5.7300e-02,-0.0409375,-0.00169844
5.7310e-02,-0.0364063,-0.0020425
5.7320e-02,-0.038125,-0.000977187
5.7330e-02,-0.050625,-0.0025825
5.7340e-02,-0.0448438,-0.00175156
5.7350e-02,-0.0335937,-0.00171938
5.7360e-02,-0.034375,-0.0011825
5.7370e-02,-0.0440625,-0.00158781
5.7380e-02,-0.0429688,-0.00185219
5.7390e-02,-0.0365625,-0.000845313
5.7400e-02,-0.0359375,-0.00113844
5.7410e-02,-0.0373438,-0.00137406
5.7420e-02,-0.0460938,-0.00138406
5.7430e-02,-0.0445313,-0.00189813
5.7440e-02,-0.0484375,-0.00120656
5.7450e-02,-0.040625,-0.00237344
5.7460e-02,-0.039375,-0.00118219
5.7470e-02,-0.04125,-0.00147813
5.7480e-02,-0.0532813,-0.00219625
5.7490e-02,-0.0409375,-0.00169313
5.7500e-02,-0.0326562,-0.00142
5.7510e-02,-0.0345312,-0.00149031
5.7520e-02,-0.0475,-0.000955313
5.7530e-02,-0.0470312,-0.00191656
5.7540e-02,-0.0367188,-0.00180563
5.7550e-02,-0.0423437,-0.00144688
5.7560e-02,-0.0396875,-0.00183094
5.7570e-02,-0.0389063,-0.00175563
5.7580e-02,-0.0310937,-0.00148906
5.7590e-02,-0.0365625,-0.0015925
5.7600e-02,-0.0478125,-0.00142188
5.7610e-02,-0.0479688,-0.00142938
5.7620e-02,-0.0378125,-0.00130875
5.7630e-02,-0.0378125,-0.0012825
5.7640e-02,-0.0498438,-0.00115156
5.7650e-02,-0.0495312,-0.00135406
5.7660e-02,-0.0446875,-0.00125781
5.7670e-02,-0.0354688,-0.00156813
5.7680e-02,-0.0298438,-0.00176
5.7690e-02,-0.0367188,-0.00208781
5.7700e-02,-0.0490625,-0.00141656
5.7710e-02,-0.0379688,-0.00194313
5.7720e-02,-0.0423437,-0.00218344
5.7730e-02,-0.036875,-0.000850313
5.7740e-02,-0.0360938,-0.00113938
5.7750e-02,-0.0260937,-0.00155406
5.7760e-02,-0.0332812,-0.002055
5.7770e-02,-0.04375,-0.00214844
5.7780e-02,-0.0332812,-0.00167219
5.7790e-02,-0.0435938,-0.00115375
5.7800e-02,-0.0459375,-0.00160906
5.7810e-02,-0.040625,-0.00181406
5.7820e-02,-0.0470312,-0.00177969
5.7830e-02,-0.0325,-0.00128375
5.7840e-02,-0.0384375,-0.00195969
5.7850e-02,-0.038125,-0.00114156
5.7860e-02,-0.0410937,-0.00177813
5.7870e-02,-0.0339062,-0.00133656
5.7880e-02,-0.0392187,-0.00176969
5.7890e-02,-0.0446875,-0.00137938
5.7900e-02,-0.0384375,-0.0014975
5.7910e-02,-0.0396875,-0.00180906
5.7920e-02,-0.0439063,-0.00110688
5.7930e-02,-0.0360938,-0.00135031
5.7940e-02,-0.0459375,-0.00114469
5.7950e-02,-0.0242188,-0.00127438
5.7960e-02,-0.0514063,-0.00173938
5.7970e-02,-0.0375,-0.00136875
5.7980e-02,-0.0446875,-0.00166625
5.7990e-02,-0.0478125,-0.00124594
5.8000e-02,-0.0476562,-0.00201
5.8010e-02,-0.0482812,-0.00204063
5.8020e-02,-0.0515625,-0.0011575
5.8030e-02,-0.0421875,-0.001125
5.8040e-02,-0.0354688,-0.00119563
5.8050e-02,-0.0420312,-0.00118781
5.8060e-02,-0.0348437,-0.0014325
5.8070e-02,-0.0435938,-0.0010225
5.8080e-02,-0.0459375,-0.00191125
5.8090e-02,-0.045,-0.000943438
5.8100e-02,-0.0517188,-0.00161031
5.8110e-02,-0.0579687,-0.00138344
5.8120e-02,-0.04125,-0.0011175
5.8130e-02,-0.0510938,-0.00119906
5.8140e-02,-0.0429688,-0.00107813
5.8150e-02,-0.0395313,-0.00147719
5.8160e-02,-0.039375,-0.00122906
5.8170e-02,-0.04125,-0.00160844
5.8180e-02,-0.0423437,-0.0019675
5.8190e-02,-0.0315625,-0.00139031
5.8200e-02,-0.0470312,-0.00205656
5.8210e-02,-0.0364063,-0.00164813
5.8220e-02,-0.048125,-0.00135531
5.8230e-02,-0.04125,-0.00135906
5.8240e-02,-0.0520313,-0.00162031
5.8250e-02,-0.041875,-0.00140594
5.8260e-02,-0.0384375,-0.00188781
5.8270e-02,-0.049375,-0.00191375
5.8280e-02,-0.0364063,-0.00133969
5.8290e-02,-0.0396875,-0.001285
5.8300e-02,-0.0423437,-0.000871563
5.8310e-02,-0.0446875,-0.00213531
5.8320e-02,-0.0428125,-0.00185719
5.8330e-02,-0.0465625,-0.00156469
5.8340e-02,-0.0451563,-0.00111688
5.8350e-02,-0.0526563,-0.00136719
5.8360e-02,-0.02625,-0.00162375
5.8370e-02,-0.0378125,-0.00196156
5.8380e-02,-0.0429688,-0.00155844
5.8390e-02,-0.0432813,-0.000941875
5.8400e-02,-0.035625,-0.00145813
5.8410e-02,-0.039375,-0.00109469
5.8420e-02,-0.0409375,-0.00146219
5.8430e-02,-0.0429688,-0.00148656
5.8440e-02,-0.036875,-0.00202156
5.8450e-02,-0.0385937,-0.00194125
5.8460e-02,-0.0428125,-0.0013625
5.8470e-02,-0.045625,-0.00186156
5.8480e-02,-0.05,-0.0017975
5.8490e-02,-0.0453125,-0.00164406
5.8500e-02,-0.041875,-0.00137
5.8510e-02,-0.0409375,-0.00175188
5.8520e-02,-0.0342187,-0.000903125
5.8530e-02,-0.0465625,-0.00108438
5.8540e-02,-0.048125,-0.00185406
5.8550e-02,-0.0446875,-0.00151906
5.8560e-02,-0.048125,-0.00108938
5.8570e-02,-0.04625,-0.00155969
5.8580e-02,-0.0442188,-0.00127406
5.8590e-02,-0.0423437,-0.00146844
5.8600e-02,-0.0346875,-0.00179625
5.8610e-02,-0.0457813,-0.00175406
5.8620e-02,-0.0460938,-0.00141375
5.8630e-02,-0.0257812,-0.00142406
5.8640e-02,-0.0425,-0.00187281
5.8650e-02,-0.0434375,-0.00114406
5.8660e-02,-0.050625,-0.00173688
5.8670e-02,-0.0407813,-0.002175
5.8680e-02,-0.0485938,-0.00142219
5.8690e-02,-0.0315625,-0.00212
5.8700e-02,-0.0517188,-0.00135063
5.8710e-02,-0.0428125,-0.0019525
5.8720e-02,-0.0379688,-0.00107063
5.8730e-02,-0.0448438,-0.00137375
5.8740e-02,-0.0415625,-0.00143688
5.8750e-02,-0.0517188,-0.00144781
5.8760e-02,-0.0459375,-0.00162219
5.8770e-02,-0.0442188,-0.00126875
5.8780e-02,-0.0439063,-0.00143063
5.8790e-02,-0.04625,-0.00107188
5.8800e-02,-0.0367188,-0.00167938
5.8810e-02,-0.0407813,-0.00219844
5.8820e-02,-0.045,-0.00187219
5.8830e-02,-0.0334375,-0.00288969
5.8840e-02,-0.0478125,-0.00180125
5.8850e-02,-0.0420312,-0.00149438
5.8860e-02,-0.0432813,-0.00191563
5.8870e-02,-0.0414063,-0.00113344
5.8880e-02,-0.0414063,-0.00238156
5.8890e-02,-0.0489062,-0.00122969
5.8900e-02,-0.049375,-0.00203094
5.8910e-02,-0.0390625,-0.00145781
5.8920e-02,-0.036875,-0.00181406
5.8930e-02,-0.0407813,-0.00141188
5.8940e-02,-0.0404687,-0.00136906
5.8950e-02,-0.0464062,-0.00153563
5.8960e-02,-0.048125,-0.00212625
5.8970e-02,-0.036875,-0.000918125
5.8980e-02,-0.048125,-0.00175438
5.8990e-02,-0.0392187,-0.00165844
5.9000e-02,-0.0476562,-0.00224125
5.9010e-02,-0.0407813,-0.00159219
5.9020e-02,-0.0396875,-0.00135188
5.9030e-02,-0.0407813,-0.00187531
5.9040e-02,-0.0365625,-0.00148156
5.9050e-02,-0.0534375,-0.00209969
5.9060e-02,-0.04125,-0.00240531
5.9070e-02,-0.0354688,-0.00213594
5.9080e-02,-0.0520313,-0.00142531
5.9090e-02,-0.0507812,-0.00149344
5.9100e-02,-0.0479688,-0.001185
5.9110e-02,-0.046875,-0.00169781
5.9120e-02,-0.0390625,-0.00228
5.9130e-02,-0.0434375,-0.000979063
5.9140e-02,-0.045625,-0.00176313
5.9150e-02,-0.0426562,-0.00152438
5.9160e-02,-0.0414063,-0.00148563
5.9170e-02,-0.0390625,-0.00190906
5.9180e-02,-0.0342187,-0.00137969
5.9190e-02,-0.0451563,-0.00201156
5.9200e-02,-0.038125,-0.00174719
5.9210e-02,-0.0464062,-0.0023925
5.9220e-02,-0.0371875,-0.00138281
5.9230e-02,-0.0520313,-0.000611563
5.9240e-02,-0.0357813,-0.00232844
5.9250e-02,-0.0414063,-0.00154594
5.9260e-02,-0.0403125,-0.00147688
5.9270e-02,-0.0503125,-0.00211625
5.9280e-02,-0.0442188,-0.0006525
5.9290e-02,-0.0435938,-0.00132594
5.9300e-02,-0.0401563,-0.00132156
5.9310e-02,-0.0307813,-0.00112469
5.9320e-02,-0.0398437,-0.00202812
5.9330e-02,-0.0332812,-0.000690625
5.9340e-02,-0.0521875,-0.00196625
5.9350e-02,-0.0445313,-0.00139281
5.9360e-02,-0.0573437,-0.00165875
5.9370e-02,-0.0435938,-0.00144094
5.9380e-02,-0.046875,-0.00142594
5.9390e-02,-0.0423437,-0.00133281
5.9400e-02,-0.051875,-0.00144813
5.9410e-02,-0.0479688,-0.00148281
5.9420e-02,-0.0453125,-0.00139844
5.9430e-02,-0.050625,-0.001325
5.9440e-02,-0.0476562,-0.00194719
5.9450e-02,-0.0501562,-0.00164281
5.9460e-02,-0.0396875,-0.00188188
5.9470e-02,-0.0432813,-0.00151625
5.9480e-02,-0.0267187,-0.00144
5.9490e-02,-0.0482812,-0.00183281
5.9500e-02,-0.0398437,-0.00158844
5.9510e-02,-0.054375,-0.00200344
5.9520e-02,-0.0565625,-0.000756875
5.9530e-02,-0.0478125,-0.00145438
5.9540e-02,-0.0379688,-0.00094125
5.9550e-02,-0.0510938,-0.00204875
5.9560e-02,-0.0446875,-0.00163438
5.9570e-02,-0.045,-0.00166656
5.9580e-02,-0.0379688,-0.00135906
5.9590e-02,-0.0409375,-0.00121375
5.9600e-02,-0.0467188,-0.00124531
5.9610e-02,-0.044375,-0.0008975
5.9620e-02,-0.0482812,-0.00161781
5.9630e-02,-0.04,-0.00178781
5.9640e-02,-0.0620312,-0.001355
5.9650e-02,-0.0435938,-0.00144719
5.9660e-02,-0.0434375,-0.001705
5.9670e-02,-0.03875,-0.00168813
5.9680e-02,-0.049375,-0.00166906
5.9690e-02,-0.038125,-0.00180406
5.9700e-02,-0.0351562,-0.00181406
5.9710e-02,-0.0429688,-0.00158281
5.9720e-02,-0.0432813,-0.0018575
5.9730e-02,-0.0526563,-0.00127906
5.9740e-02,-0.0478125,-0.0012
5.9750e-02,-0.0392187,-0.00192906
5.9760e-02,-0.04625,-0.00171813
5.9770e-02,-0.0425,-0.00149188
5.9780e-02,-0.0510938,-0.00179688
5.9790e-02,-0.0434375,-0.00170375
5.9800e-02,-0.0446875,-0.00132406
5.9810e-02,-0.050625,-0.001265
5.9820e-02,-0.049375,-0.00225094
5.9830e-02,-0.0496875,-0.00160281
5.9840e-02,-0.0479688,-0.00169563
5.9850e-02,-0.0364063,-0.00179813
5.9860e-02,-0.0490625,-0.00157438
5.9870e-02,-0.0501562,-0.00204563
5.9880e-02,-0.0379688,-0.00146125
5.9890e-02,-0.05,-0.00174531
5.9900e-02,-0.0498438,-0.00215719
5.9910e-02,-0.048125,-0.00152063
5.9920e-02,-0.045,-0.00164063
5.9930e-02,-0.0389063,-0.00117188
5.9940e-02,-0.0353125,-0.00106531
5.9950e-02,-0.0485938,-0.00144688
5.9960e-02,-0.0457813,-0.001415
5.9970e-02,-0.041875,-0.00112813
5.9980e-02,-0.0479688,-0.00141094
5.9990e-02,-0.0429688,-0.00125438
6.0000e-02,-0.0370313,-0.00110156
6.0010e-02,-0.0384375,-0.00167313
6.0020e-02,-0.0517188,-0.00184656
6.0030e-02,-0.0420312,-0.00180656
6.0040e-02,-0.0623438,-0.00219344
6.0050e-02,-0.0360938,-0.00171469
6.0060e-02,-0.0459375,-0.00147406
6.0070e-02,-0.0445313,-0.00150531
6.0080e-02,-0.038125,-0.00125281
6.0090e-02,-0.0432813,-0.00180781
6.0100e-02,-0.0421875,-0.00109219
6.0110e-02,-0.0492188,-0.00180281
6.0120e-02,-0.04,-0.00135219
6.0130e-02,-0.0528125,-0.00146094
6.0140e-02,-0.0448438,-0.00153063
6.0150e-02,-0.0551563,-0.00154063
6.0160e-02,-0.0426562,-0.00147094
6.0170e-02,-0.0478125,-0.00119906
6.0180e-02,-0.049375,-0.00190781
6.0190e-02,-0.056875,-0.00133594
6.0200e-02,-0.0510938,-0.00170625
6.0210e-02,-0.04125,-0.00131906
6.0220e-02,-0.0460938,-0.00157969
6.0230e-02,-0.0389063,-0.00145938
6.0240e-02,-0.050625,-0.00178531
6.0250e-02,-0.0279688,-0.00146625
6.0260e-02,-0.043125,-0.00151281
6.0270e-02,-0.03875,-0.00179938
6.0280e-02,-0.0385937,-0.00200938
6.0290e-02,-0.0484375,-0.00100219
6.0300e-02,-0.0378125,-0.001245
6.0310e-02,-0.0501562,-0.00189219
6.0320e-02,-0.039375,-0.00150813
6.0330e-02,-0.04875,-0.00241594
6.0340e-02,-0.0432813,-0.00143344
6.0350e-02,-0.04,-0.00189094
6.0360e-02,-0.0554687,-0.00162188
6.0370e-02,-0.0340625,-0.00104406
6.0380e-02,-0.0485938,-0.00196094
6.0390e-02,-0.0560937,-0.00164281
6.0400e-02,-0.0460938,-0.00137125
6.0410e-02,-0.03875,-0.00163125
6.0420e-02,-0.0584375,-0.00142125
6.0430e-02,-0.0417187,-0.00126875
6.0440e-02,-0.0490625,-0.001395
6.0450e-02,-0.0415625,-0.00151281
6.0460e-02,-0.0439063,-0.00133313
6.0470e-02,-0.0420312,-0.00136469
6.0480e-02,-0.04625,-0.001645
6.0490e-02,0.435156,-0.00208313
6.0500e-02,-0.604531,-0.0048675
6.0510e-02,2.34828,-0.00640844
6.0520e-02,0.247656,-0.00681594
6.0530e-02,0.0753125,-0.00708625
6.0540e-02,0.104063,-0.00684594
6.0550e-02,0.116562,-0.00702813
6.0560e-02,0.0914062,-0.00688844
6.0570e-02,0.0760938,-0.0069025
6.0580e-02,0.058125,-0.00684781
6.0590e-02,0.059375,-0.00682719
6.0600e-02,0.0515625,-0.00707594
6.0610e-02,0.0434375,-0.00692563
6.0620e-02,0.05375,-0.00696031
6.0630e-02,0.038125,-0.00687469
6.0640e-02,0.0509375,-0.0067825
6.0650e-02,0.0329688,-0.00682375
6.0660e-02,0.025625,-0.00685469
6.0670e-02,0.0226562,-0.00692813
6.0680e-02,0.0276563,-0.00693563
6.0690e-02,0.0340625,-0.00676313
6.0700e-02,0.0146875,-0.00672594
6.0710e-02,0.02125,-0.00676625
6.0720e-02,0.0140625,-0.00674031
6.0730e-02,0.0339062,-0.00682719
6.0740e-02,0.0240625,-0.00677531
6.0750e-02,0.0173438,-0.00390281
6.0760e-02,0.018125,-0.00213656
6.0770e-02,0.0239063,-0.0018075
6.0780e-02,0.02,-0.00164875
6.0790e-02,0.0148437,-0.002515
6.0800e-02,0.0165625,-0.00161438
6.0810e-02,0.0160938,-0.00138094
6.0820e-02,-0.00078125,-0.00121031
6.0830e-02,0.0178125,-0.00194156
6.0840e-02,0.014375,-0.00139938
6.0850e-02,0.00484375,-0.00212563
6.0860e-02,-0.001875,-0.00221406
6.0870e-02,0.00484375,-0.00184813
6.0880e-02,0.00125,-0.000889375
6.0890e-02,0.0115625,-0.0014325
6.0900e-02,0.0145312,-0.00209781
6.0910e-02,0.0148437,-0.00167688
6.0920e-02,-0.005625,-0.00260594
6.0930e-02,0.0021875,-0.00149719
6.0940e-02,-0.00265625,-0.00123125
6.0950e-02,-0.00328125,-0.00158844
6.0960e-02,0.0107812,-0.0013125
6.0970e-02,-0.00125,-0.00151938
6.0980e-02,0.0046875,-0.00161563
6.0990e-02,-0.0040625,-0.00123063
6.1000e-02,-0.00421875,-0.00173469
6.1010e-02,-0.00453125,-0.00153969
6.1020e-02,-0.0117188,-0.00179469
6.1030e-02,-0.0040625,-0.00154344
6.1040e-02,-0.00328125,-0.00125781
6.1050e-02,-0.0109375,-0.00139
6.1060e-02,-0.001875,-0.00162969
6.1070e-02,-0.0159375,-0.00132313
6.1080e-02,-0.0107813,-0.000974063
6.1090e-02,-0.0040625,-0.00165375
6.1100e-02,-0.003125,-0.00175719
6.1110e-02,-0.015,-0.00152844
6.1120e-02,0.00578125,-0.00121156
6.1130e-02,-0.008125,-0.00160188
6.1140e-02,-0.00234375,-0.00169063
6.1150e-02,-0.0153125,-0.00120781
6.1160e-02,-0.00765625,-0.00216313
6.1170e-02,-0.00421875,-0.00127313
6.1180e-02,-0.0117188,-0.00128219
6.1190e-02,-0.00359375,-0.00189281
6.1200e-02,-0.0090625,-0.00165406
6.1210e-02,-0.00484375,-0.00198281
6.1220e-02,-0.00546875,-0.00110563
6.1230e-02,-0.014375,-0.00232594
6.1240e-02,-0.00828125,-0.00091625
6.1250e-02,-0.00984375,-0.00144
6.1260e-02,-0.00734375,-0.00177906
6.1270e-02,-0.0114062,-0.000849063
6.1280e-02,-0.001875,-0.00252875
6.1290e-02,-0.003125,-0.00135906
6.1300e-02,-0.00453125,-0.00208219
6.1310e-02,-0.0128125,-0.00188625
6.1320e-02,-0.0078125,-0.00144
6.1330e-02,-0.0182812,-0.00237813
6.1340e-02,0,-0.00171563
6.1350e-02,-0.0220313,-0.00102688
6.1360e-02,0.00140625,-0.0017325
6.1370e-02,-0.0148437,-0.00170156
6.1380e-02,-0.0107813,-0.00164188
6.1390e-02,-0.020625,-0.00144188
6.1400e-02,-0.0084375,-0.00156156
6.1410e-02,-0.016875,-0.00175938
6.1420e-02,-0.0129688,-0.00250406
6.1430e-02,-0.00796875,-0.00140156
6.1440e-02,-0.0175,-0.0009075
6.1450e-02,-0.015,-0.0015675
6.1460e-02,-0.0046875,-0.00161719
6.1470e-02,-0.0145312,-0.00223094
6.1480e-02,-0.0157813,-0.00182906
6.1490e-02,-0.0184375,-0.00120188
6.1500e-02,-0.0129688,-0.00187656
6.1510e-02,-0.0184375,-0.001355
6.1520e-02,-0.0214063,-0.00188
6.1530e-02,-0.0128125,-0.00130375
6.1540e-02,-0.00546875,-0.00161719
6.1550e-02,-0.0101563,-0.00190938
6.1560e-02,-0.02125,-0.00151375
6.1570e-02,-0.0120313,-0.0015875
6.1580e-02,-0.0164063,-0.00127531
6.1590e-02,-0.0132813,-0.00161875
6.1600e-02,-0.0203125,-0.00180969
6.1610e-02,-0.0176563,-0.00159344
6.1620e-02,-0.0182812,-0.0019375
6.1630e-02,-0.0215625,-0.00172281
6.1640e-02,-0.0179687,-0.00168813
6.1650e-02,-0.0203125,-0.00161781
6.1660e-02,-0.023125,-0.00129375
6.1670e-02,-0.0159375,-0.00149438
6.1680e-02,-0.0176563,-0.00195312
6.1690e-02,-0.0201563,-0.0016075
6.1700e-02,-0.0240625,-0.00151688
6.1710e-02,-0.0259375,-0.00222344
6.1720e-02,-0.0184375,-0.00186313
6.1730e-02,-0.0178125,-0.000779375
6.1740e-02,-0.0189062,-0.00150844
6.1750e-02,-0.018125,-0.0009425
6.1760e-02,-0.0176563,-0.001785
6.1770e-02,-0.0134375,-0.00183469
6.1780e-02,-0.0182812,-0.00147844
6.1790e-02,-0.0201563,-0.00198375
6.1800e-02,-0.0259375,-0.000918438
6.1810e-02,-0.0178125,-0.00215531
6.1820e-02,-0.0228125,-0.00134531
6.1830e-02,-0.0209375,-0.00180938
6.1840e-02,-0.0290625,-0.00104219
6.1850e-02,-0.0240625,-0.00155125
6.1860e-02,-0.0265625,-0.00140781
6.1870e-02,-0.0248438,-0.00158875
6.1880e-02,-0.0264062,-0.00148188
6.1890e-02,-0.025,-0.00119813
6.1900e-02,-0.0232812,-0.000809688
6.1910e-02,-0.0220313,-0.00135969
6.1920e-02,-0.02,-0.001425
6.1930e-02,-0.0204688,-0.00207188
6.1940e-02,-0.0164063,-0.00181344
6.1950e-02,-0.023125,-0.00190563
6.1960e-02,-0.0234375,-0.00217469
6.1970e-02,-0.0292188,-0.00164656
6.1980e-02,-0.0173438,-0.00170344
6.1990e-02,-0.0232812,-0.00111531
6.2000e-02,-0.0184375,-0.00124656
6.2010e-02,-0.0228125,-0.00168719
6.2020e-02,-0.0165625,-0.000931875
6.2030e-02,-0.02625,-0.0018125
6.2040e-02,-0.0239063,-0.00115781
6.2050e-02,-0.0304688,-0.00234344
6.2060e-02,-0.0251563,-0.00150063
6.2070e-02,-0.0226562,-0.00101406
6.2080e-02,-0.0182812,-0.00203719
6.2090e-02,-0.029375,-0.00135906
6.2100e-02,-0.0234375,-0.001225
6.2110e-02,-0.0407813,-0.00149906
6.2120e-02,-0.0220313,-0.00187813
6.2130e-02,-0.0365625,-0.00166219
6.2140e-02,-0.0229687,-0.00165781
6.2150e-02,-0.0270312,-0.00169531
6.2160e-02,-0.0320312,-0.00201156
6.2170e-02,-0.0253125,-0.00102313
6.2180e-02,-0.0345312,-0.00182313
6.2190e-02,-0.02125,-0.00158938
6.2200e-02,-0.0290625,-0.00198656
6.2210e-02,-0.028125,-0.00168469
6.2220e-02,-0.03125,-0.00128719
6.2230e-02,-0.0285938,-0.00200031
6.2240e-02,-0.025,-0.0009075
6.2250e-02,-0.0192187,-0.00203844
6.2260e-02,-0.0248438,-0.00184063
6.2270e-02,-0.0220313,-0.00134594
6.2280e-02,-0.0301563,-0.00183781
6.2290e-02,-0.0254688,-0.00184938
6.2300e-02,-0.0232812,-0.00189875
6.2310e-02,-0.0229687,-0.00082875
6.2320e-02,-0.0239063,-0.00207625
6.2330e-02,-0.0292188,-0.00256281
6.2340e-02,-0.0379688,-0.00130094
6.2350e-02,-0.0259375,-0.00186875
6.2360e-02,-0.0232812,-0.00236094
6.2370e-02,-0.02625,-0.00145438
6.2380e-02,-0.0160938,-0.00166875
6.2390e-02,-0.0303125,-0.00116438
6.2400e-02,-0.020625,-0.00186531
6.2410e-02,-0.026875,-0.00174094
6.2420e-02,-0.030625,-0.00149188
6.2430e-02,-0.0276563,-0.00229688
6.2440e-02,-0.0226562,-0.00184781
6.2450e-02,-0.0254688,-0.0018475
6.2460e-02,-0.0271875,-0.00254
6.2470e-02,-0.019375,-0.00109688
6.2480e-02,-0.0223437,-0.00152844
6.2490e-02,-0.0215625,-0.00201281
6.2500e-02,-0.0332812,-0.00147531
6.2510e-02,-0.0190625,-0.00123438
6.2520e-02,-0.0264062,-0.00148781
6.2530e-02,-0.0307813,-0.00181156
6.2540e-02,-0.0264062,-0.00176094
6.2550e-02,-0.0315625,-0.00105937
6.2560e-02,-0.0310937,-0.00173219
6.2570e-02,-0.0215625,-0.00184719
6.2580e-02,-0.0189062,-0.00173656
6.2590e-02,-0.0353125,-0.00179531
6.2600e-02,-0.0189062,-0.00114437
6.2610e-02,-0.0229687,-0.00128813
6.2620e-02,-0.0246875,-0.00128063
6.2630e-02,-0.03125,-0.00220969
6.2640e-02,-0.0334375,-0.00116406
6.2650e-02,-0.0320312,-0.00138781
6.2660e-02,-0.0110937,-0.00113406
6.2670e-02,-0.0303125,-0.00150906
6.2680e-02,-0.030625,-0.00133375
6.2690e-02,-0.0278125,-0.0012475
6.2700e-02,-0.0259375,-0.00137719
6.2710e-02,-0.035625,-0.00117125
6.2720e-02,-0.033125,-0.00110375
6.2730e-02,-0.0214063,-0.00137938
6.2740e-02,-0.0289063,-0.0011825
6.2750e-02,-0.029375,-0.00158719
6.2760e-02,-0.0307813,-0.00196625
6.2770e-02,-0.0254688,-0.00162438
6.2780e-02,-0.0273438,-0.00152188
6.2790e-02,-0.0278125,-0.00165156
6.2800e-02,-0.0221875,-0.0014875
6.2810e-02,-0.0232812,-0.00109938
6.2820e-02,-0.0340625,-0.0016725
6.2830e-02,-0.02875,-0.00117625
6.2840e-02,-0.0246875,-0.000894063
6.2850e-02,-0.0415625,-0.00155375
6.2860e-02,-0.0323438,-0.000880625
6.2870e-02,-0.0292188,-0.000922188
6.2880e-02,-0.0332812,-0.00142813
6.2890e-02,-0.0307813,-0.00089625
6.2900e-02,-0.0285938,-0.00180063
6.2910e-02,-0.0289063,-0.00091625
6.2920e-02,-0.0226562,-0.00164844
6.2930e-02,-0.02125,-0.00101594
6.2940e-02,-0.035,-0.00214063
6.2950e-02,-0.0240625,-0.00098125
6.2960e-02,-0.0248438,-0.00167656
6.2970e-02,-0.0253125,-0.00108719
6.2980e-02,-0.0264062,-0.00140531
6.2990e-02,-0.0295313,-0.00144094
6.3000e-02,-0.0189062,-0.00148188
6.3010e-02,-0.0240625,-0.00121906
6.3020e-02,-0.03125,-0.00159844
6.3030e-02,-0.0257812,-0.00111219
6.3040e-02,-0.0340625,-0.00215562
6.3050e-02,-0.0301563,-0.00135063
6.3060e-02,-0.0220313,-0.00152469
6.3070e-02,-0.0317188,-0.00200156
6.3080e-02,-0.0321875,-0.00142688
6.3090e-02,-0.0457813,-0.00141469
6.3100e-02,-0.0304688,-0.000754063
6.3110e-02,-0.0367188,-0.0013425
6.3120e-02,-0.0265625,-0.00154719
6.3130e-02,-0.0398437,-0.00145094
6.3140e-02,-0.034375,-0.00126406
6.3150e-02,-0.0320312,-0.00153281
6.3160e-02,-0.0464062,-0.00236813
6.3170e-02,-0.0235938,-0.00156656
6.3180e-02,-0.0426562,-0.00138406
6.3190e-02,-0.04375,-0.00166156
6.3200e-02,-0.0289063,-0.00226813
6.3210e-02,-0.0290625,-0.00188281
6.3220e-02,-0.0409375,-0.00225375
6.3230e-02,-0.03125,-0.000929688
6.3240e-02,-0.0354688,-0.00214844
6.3250e-02,-0.0396875,-0.00138219
6.3260e-02,-0.0267187,-0.00216813
6.3270e-02,-0.040625,-0.00129719
6.3280e-02,-0.0289063,-0.00127219
6.3290e-02,-0.0273438,-0.00152938
6.3300e-02,-0.0378125,-0.00160906
6.3310e-02,-0.0228125,-0.00092625
6.3320e-02,-0.0323438,-0.00117125
6.3330e-02,-0.0360938,-0.00183094
6.3340e-02,-0.0373438,-0.00162906
6.3350e-02,-0.0398437,-0.00168531
6.3360e-02,-0.04,-0.00203375
6.3370e-02,-0.0478125,-0.00165406
6.3380e-02,-0.0440625,-0.00159
6.3390e-02,-0.0351562,-0.001245
6.3400e-02,-0.0407813,-0.00185656
6.3410e-02,-0.0307813,-0.00215906
6.3420e-02,-0.024375,-0.00178531
6.3430e-02,-0.0348437,-0.00205531
6.3440e-02,-0.040625,-0.00137656
6.3450e-02,-0.030625,-0.00174688
6.3460e-02,-0.0264062,-0.00174844
6.3470e-02,-0.0392187,-0.00174344
6.3480e-02,-0.0354688,-0.00125094
6.3490e-02,-0.0479688,-0.00120656
6.3500e-02,-0.034375,-0.001535
6.3510e-02,-0.031875,-0.00152406
6.3520e-02,-0.0357813,-0.00156906
6.3530e-02,-0.0346875,-0.00124781
6.3540e-02,-0.0340625,-0.00146875
6.3550e-02,-0.0351562,-0.00159906
6.3560e-02,-0.0353125,-0.001045
6.3570e-02,-0.0304688,-0.000755938
6.3580e-02,-0.0328125,-0.00205094
6.3590e-02,-0.0514063,-0.00122
6.3600e-02,-0.045625,-0.00157281
6.3610e-02,-0.0323438,-0.00115
6.3620e-02,-0.023125,-0.00163344
6.3630e-02,-0.0396875,-0.00130469
6.3640e-02,-0.0371875,-0.00181906
6.3650e-02,-0.0314062,-0.00148719
6.3660e-02,-0.0267187,-0.00124625
6.3670e-02,-0.0389063,-0.00134406
6.3680e-02,-0.0284375,-0.0009675
6.3690e-02,-0.038125,-0.00129031
6.3700e-02,-0.0439063,-0.00175875
6.3710e-02,-0.0210938,-0.000959063
6.3720e-02,-0.0378125,-0.00139375
6.3730e-02,-0.0284375,-0.00135063
6.3740e-02,-0.040625,-0.000827813
6.3750e-02,-0.0248438,-0.00194625
6.3760e-02,-0.0323438,-0.00203531
6.3770e-02,-0.0278125,-0.00103844
6.3780e-02,-0.0325,-0.00138656
6.3790e-02,-0.0317188,-0.00115
6.3800e-02,-0.0359375,-0.00140156
6.3810e-02,-0.0260937,-0.00117563
6.3820e-02,-0.0357813,-0.00175625
6.3830e-02,-0.0339062,-0.00159031
6.3840e-02,-0.0376563,-0.0015825
6.3850e-02,-0.0317188,-0.00168781
6.3860e-02,-0.0310937,-0.00232906
6.3870e-02,-0.0307813,-0.00162531
6.3880e-02,-0.0398437,-0.001325
6.3890e-02,-0.0426562,-0.00246063
6.3900e-02,-0.046875,-0.00134156
6.3910e-02,-0.035,-0.00176344
6.3920e-02,-0.0315625,-0.00124531
6.3930e-02,-0.0340625,-0.00107969
6.3940e-02,-0.039375,-0.00134813
6.3950e-02,-0.0295313,-0.001955
6.3960e-02,-0.040625,-0.00196781
6.3970e-02,-0.0420312,-0.00129406
6.3980e-02,-0.0353125,-0.00155031
6.3990e-02,-0.0492188,-0.00184438
6.4000e-02,-0.0373438,-0.0008225
6.4010e-02,-0.0395313,-0.00102094
6.4020e-02,-0.0353125,-0.00158375
6.4030e-02,-0.0353125,-0.000625
6.4040e-02,-0.0435938,-0.00145781
6.4050e-02,-0.04,-0.0016325
6.4060e-02,-0.0342187,-0.0016575
6.4070e-02,-0.0439063,-0.002175
6.4080e-02,-0.0304688,-0.00132844
6.4090e-02,-0.0509375,-0.00116781
6.4100e-02,-0.0389063,-0.00206156
6.4110e-02,-0.0321875,-0.00146031
6.4120e-02,-0.0492188,-0.00165
6.4130e-02,-0.0364063,-0.00149
6.4140e-02,-0.039375,-0.000770313
6.4150e-02,-0.038125,-0.00234625
6.4160e-02,-0.038125,-0.00170125
6.4170e-02,-0.0367188,-0.00167
6.4180e-02,-0.0396875,-0.00166344
6.4190e-02,-0.0275,-0.00122188
6.4200e-02,-0.0325,-0.00188844
6.4210e-02,-0.046875,-0.00226688
6.4220e-02,-0.055,-0.00117594
6.4230e-02,-0.0453125,-0.00121625
6.4240e-02,-0.0221875,-0.00106031
6.4250e-02,-0.0385937,-0.00110656
6.4260e-02,-0.0432813,-0.00100656
6.4270e-02,-0.0303125,-0.000983125
6.4280e-02,-0.0329688,-0.00135969
6.4290e-02,-0.0404687,-0.0022025
6.4300e-02,-0.0346875,-0.00183469
6.4310e-02,-0.0432813,-0.00162563
6.4320e-02,-0.0301563,-0.00126469
6.4330e-02,-0.0320312,-0.00197375
6.4340e-02,-0.0446875,-0.00174906
6.4350e-02,-0.0378125,-0.00174406
6.4360e-02,-0.0290625,-0.0013475
6.4370e-02,-0.0426562,-0.001995
6.4380e-02,-0.0309375,-0.00188281
6.4390e-02,-0.043125,-0.001145
6.4400e-02,-0.0417187,-0.000618125
6.4410e-02,-0.0407813,-0.00226906
6.4420e-02,-0.0385937,-0.00200031
6.4430e-02,-0.0403125,-0.00137
6.4440e-02,-0.0415625,-0.00121688
6.4450e-02,-0.03375,-0.00204594
6.4460e-02,-0.0403125,-0.00228625
6.4470e-02,-0.0382813,-0.000977187
6.4480e-02,-0.03625,-0.0016675
6.4490e-02,-0.0409375,-0.00104563
6.4500e-02,-0.0365625,-0.00211219
6.4510e-02,-0.0339062,-0.00153938
6.4520e-02,-0.0365625,-0.00158281
6.4530e-02,-0.0370313,-0.00163844
6.4540e-02,-0.0354688,-0.00134625
6.4550e-02,-0.05,-0.00174031
6.4560e-02,-0.0414063,-0.00128
6.4570e-02,-0.0295313,-0.000955938
6.4580e-02,-0.0417187,-0.00195375
6.4590e-02,-0.0467188,-0.00100125
6.4600e-02,-0.041875,-0.00154719
6.4610e-02,-0.0307813,-0.00141719
6.4620e-02,-0.0378125,-0.00121
6.4630e-02,-0.0398437,-0.00191656
6.4640e-02,-0.0357813,-0.0015175
6.4650e-02,-0.040625,-0.00181031
6.4660e-02,-0.0392187,-0.00162063
6.4670e-02,-0.0471875,-0.00128031
6.4680e-02,-0.0409375,-0.0015025
6.4690e-02,-0.0403125,-0.00129094
6.4700e-02,-0.0425,-0.00163094
6.4710e-02,-0.0329688,-0.00182281
6.4720e-02,-0.0370313,-0.00169969
6.4730e-02,-0.033125,-0.00117656
6.4740e-02,-0.0451563,-0.00104969
6.4750e-02,-0.0321875,-0.00140531
6.4760e-02,-0.040625,-0.000960313
6.4770e-02,-0.036875,-0.00134656
6.4780e-02,-0.0365625,-0.0013025
6.4790e-02,-0.0410937,-0.00187625
6.4800e-02,-0.0257812,-0.00149375
6.4810e-02,-0.0454688,-0.00209906
6.4820e-02,-0.0385937,-0.00130594
6.4830e-02,-0.0367188,-0.00195656
6.4840e-02,-0.0446875,-0.00158906
6.4850e-02,-0.0317188,-0.0018475
6.4860e-02,-0.028125,-0.00192063
6.4870e-02,-0.04125,-0.0014325
6.4880e-02,-0.0367188,-0.00146938
6.4890e-02,-0.055625,-0.00139656
6.4900e-02,-0.0378125,-0.00136438
6.4910e-02,-0.0501562,-0.00144813
6.4920e-02,-0.0429688,-0.00131094
6.4930e-02,-0.0529687,-0.0018275
6.4940e-02,-0.0365625,-0.00241031
6.4950e-02,-0.0370313,-0.00215906
6.4960e-02,-0.0484375,-0.00178031
6.4970e-02,-0.0289063,-0.0015075
6.4980e-02,-0.04625,-0.00143156
6.4990e-02,-0.0404687,-0.00114625
6.5000e-02,-0.0317188,-0.00177531
6.5010e-02,-0.0382813,-0.0016875
6.5020e-02,-0.0389063,-0.00221063
6.5030e-02,-0.0385937,-0.00168813
6.5040e-02,-0.0557813,-0.00188125
6.5050e-02,-0.038125,-0.00164219
6.5060e-02,-0.0296875,-0.00104
6.5070e-02,-0.0376563,-0.00164438
6.5080e-02,-0.035,-0.00178281
6.5090e-02,-0.0346875,-0.00161125
6.5100e-02,-0.035625,-0.00068375
6.5110e-02,-0.0467188,-0.00180688
6.5120e-02,-0.0373438,-0.00135594
6.5130e-02,-0.0371875,-0.00104031
6.5140e-02,-0.0407813,-0.00212781
6.5150e-02,-0.0360938,-0.00146031
6.5160e-02,-0.036875,-0.00188813
6.5170e-02,-0.0371875,-0.00120188
6.5180e-02,-0.0332812,-0.00131938
6.5190e-02,-0.0429688,-0.00151625
6.5200e-02,-0.0353125,-0.00136031
6.5210e-02,-0.0351562,-0.00236469
6.5220e-02,-0.0340625,-0.00197688
6.5230e-02,-0.0323438,-0.001645
6.5240e-02,-0.0410937,-0.00134219
6.5250e-02,-0.0270312,-0.00111719
6.5260e-02,-0.0376563,-0.00139906
6.5270e-02,-0.0510938,-0.00110969
6.5280e-02,-0.0395313,-0.00107
6.5290e-02,-0.044375,-0.00126188
6.5300e-02,-0.0385937,-0.00133875
6.5310e-02,-0.0415625,-0.00203625
6.5320e-02,-0.0478125,-0.00113688
6.5330e-02,-0.0445313,-0.00183031
6.5340e-02,-0.0445313,-0.00162094
6.5350e-02,-0.04,-0.00160969
6.5360e-02,-0.0367188,-0.00194813
6.5370e-02,-0.0476562,-0.00153406
6.5380e-02,-0.0467188,-0.00144531
6.5390e-02,-0.0285938,-0.00189156
6.5400e-02,-0.03625,-0.00126719
6.5410e-02,-0.050625,-0.00175656
6.5420e-02,-0.0490625,-0.00134156
6.5430e-02,-0.026875,-0.00138969
6.5440e-02,-0.0445313,-0.00127344
6.5450e-02,-0.0514063,-0.00107125
6.5460e-02,-0.0465625,-0.00215406
6.5470e-02,-0.0351562,-0.00131719
6.5480e-02,-0.04375,-0.00190125
6.5490e-02,-0.0410937,-0.00199563
6.5500e-02,-0.0401563,-0.00218531
6.5510e-02,-0.0423437,-0.0018075
6.5520e-02,-0.0439063,-0.00165594
6.5530e-02,-0.0379688,-0.002435
6.5540e-02,-0.0334375,-0.001185
6.5550e-02,-0.0432813,-0.000990625
6.5560e-02,-0.0492188,-0.00178313
6.5570e-02,-0.0442188,-0.00120625
6.5580e-02,-0.0359375,-0.00183906
6.5590e-02,-0.055625,-0.00200031
6.5600e-02,-0.04125,-0.001375
6.5610e-02,-0.051875,-0.00142188
6.5620e-02,-0.0414063,-0.00115313
6.5630e-02,-0.0359375,-0.00180688
6.5640e-02,-0.0334375,-0.00143906
6.5650e-02,-0.0329688,-0.0010625
6.5660e-02,-0.036875,-0.00179531
6.5670e-02,-0.0342187,-0.00183813
6.5680e-02,-0.049375,-0.00168313
6.5690e-02,-0.034375,-0.00136281
6.5700e-02,-0.04,-0.00129375
6.5710e-02,-0.05125,-0.00146125
6.5720e-02,-0.0340625,-0.00219812
6.5730e-02,-0.0476562,-0.00223156
6.5740e-02,-0.0432813,-0.00171531
6.5750e-02,-0.0478125,-0.00163156
6.5760e-02,-0.0328125,-0.00267406
6.5770e-02,-0.0342187,-0.00112438
6.5780e-02,-0.0482812,-0.00153594
6.5790e-02,-0.04875,-0.00145375
6.5800e-02,-0.0323438,-0.00158594
6.5810e-02,-0.05625,-0.00167469
6.5820e-02,-0.0446875,-0.00116938
6.5830e-02,-0.0409375,-0.00141969
6.5840e-02,-0.034375,-0.000373125
6.5850e-02,-0.0498438,-0.00184281
6.5860e-02,-0.0442188,-0.00190313
6.5870e-02,-0.0479688,-0.00162781
6.5880e-02,-0.0509375,-0.00120844
6.5890e-02,-0.0454688,-0.000905313
6.5900e-02,-0.054375,-0.00181156
6.5910e-02,-0.0345312,-0.00129813
6.5920e-02,-0.0298438,-0.00149969
6.5930e-02,-0.04125,-0.00173469
6.5940e-02,-0.046875,-0.00131188
6.5950e-02,-0.0410937,-0.0021
6.5960e-02,-0.0409375,-0.00163156
6.5970e-02,-0.0509375,-0.00179375
6.5980e-02,-0.0601562,-0.00184281
6.5990e-02,-0.0496875,-0.00150156
6.6000e-02,-0.03875,-0.00177344
6.6010e-02,-0.0426562,-0.00193188
6.6020e-02,-0.0326562,-0.00171688
6.6030e-02,-0.0428125,-0.00208438
6.6040e-02,-0.0514063,-0.00145344
6.6050e-02,-0.0375,-0.00130219
6.6060e-02,-0.0432813,-0.00106469
6.6070e-02,-0.0482812,-0.00198594
6.6080e-02,-0.0460938,-0.00126938
6.6090e-02,-0.0409375,-0.00187375
6.6100e-02,-0.0351562,-0.00193719
6.6110e-02,-0.0414063,-0.00186156
6.6120e-02,-0.0417187,-0.00183125
6.6130e-02,-0.03375,-0.00134219
6.6140e-02,-0.0365625,-0.00105656
6.6150e-02,-0.04,-0.00114844
6.6160e-02,-0.0435938,-0.00206094
6.6170e-02,-0.0425,-0.00175313
6.6180e-02,-0.04625,-0.00199188
6.6190e-02,-0.0454688,-0.00192406
6.6200e-02,-0.0425,-0.00143094
6.6210e-02,-0.0403125,-0.00122281
6.6220e-02,-0.0520313,-0.00133
6.6230e-02,-0.0446875,-0.0013425
6.6240e-02,-0.035,-0.000849063
6.6250e-02,-0.0442188,-0.00116313
6.6260e-02,-0.0395313,-0.00154031
6.6270e-02,-0.0420312,-0.00205031
6.6280e-02,-0.0509375,-0.00192094
6.6290e-02,-0.0310937,-0.00137031
6.6300e-02,-0.044375,-0.00198094
6.6310e-02,-0.04625,-0.00169969
6.6320e-02,-0.0520313,-0.00221031
6.6330e-02,-0.034375,-0.00223313
6.6340e-02,-0.0482812,-0.00175875
6.6350e-02,-0.0415625,-0.00172281
6.6360e-02,-0.0385937,-0.00148156
6.6370e-02,-0.0503125,-0.00117
6.6380e-02,-0.0559375,-0.00168281
6.6390e-02,-0.0210938,-0.00173531
6.6400e-02,-0.0404687,-0.00119406
6.6410e-02,-0.0303125,-0.00187156
6.6420e-02,-0.0495312,-0.00253031
6.6430e-02,-0.034375,-0.0017675
6.6440e-02,-0.045,-0.00216438
6.6450e-02,-0.0351562,-0.00128438
6.6460e-02,-0.0476562,-0.00182063
6.6470e-02,-0.0429688,-0.00172875
6.6480e-02,-0.0446875,-0.00274625
6.6490e-02,-0.0467188,-0.00151625
6.6500e-02,-0.0490625,-0.00159313
6.6510e-02,-0.0385937,-0.00168594
6.6520e-02,-0.0404687,-0.00232719
6.6530e-02,-0.0498438,-0.00217313
6.6540e-02,-0.0459375,-0.00205406
6.6550e-02,-0.0375,-0.00189156
6.6560e-02,-0.0326562,-0.00156938
6.6570e-02,-0.0375,-0.00146063
6.6580e-02,-0.0396875,-0.00131313
6.6590e-02,-0.0496875,-0.00125375
6.6600e-02,-0.0426562,-0.00174375
6.6610e-02,-0.0520313,-0.00142406
6.6620e-02,-0.041875,-0.00168344
6.6630e-02,-0.0382813,-0.00100813
6.6640e-02,-0.0534375,-0.00133906
6.6650e-02,-0.0407813,-0.00149625
6.6660e-02,-0.04125,-0.00136
6.6670e-02,-0.0373438,-0.00221031
6.6680e-02,-0.0414063,-0.00159313
6.6690e-02,-0.044375,-0.00221531
6.6700e-02,-0.0351562,-0.00216969
6.6710e-02,-0.0398437,-0.001905
6.6720e-02,-0.0448438,-0.00132125
6.6730e-02,-0.0357813,-0.00152344
6.6740e-02,-0.04125,-0.00130406
6.6750e-02,-0.0504687,-0.000995313
6.6760e-02,-0.0425,-0.00143063
6.6770e-02,-0.0423437,-0.00154625
6.6780e-02,-0.0435938,-0.00191531
6.6790e-02,-0.04875,-0.00128344
6.6800e-02,-0.04625,-0.00166344
6.6810e-02,-0.0478125,-0.00157594
6.6820e-02,-0.0542187,-0.00166656
6.6830e-02,-0.0485938,-0.00172125
6.6840e-02,-0.0535937,-0.00109531
6.6850e-02,-0.0489062,-0.00135406
6.6860e-02,-0.0371875,-0.00236063
6.6870e-02,-0.045,-0.00165063
6.6880e-02,-0.0407813,-0.00196719
6.6890e-02,-0.0395313,-0.001365
6.6900e-02,-0.0548437,-0.00244656
6.6910e-02,-0.0432813,-0.00165938
6.6920e-02,-0.03625,-0.00195844
6.6930e-02,-0.0503125,-0.00174781
6.6940e-02,-0.0415625,-0.000751563
6.6950e-02,-0.0440625,-0.00167469
6.6960e-02,-0.049375,-0.000828125
6.6970e-02,-0.05625,-0.00152594
6.6980e-02,-0.0492188,-0.00147938
6.6990e-02,-0.0428125,-0.00124781
6.7000e-02,-0.0429688,-0.00150031
6.7010e-02,-0.0484375,-0.00175594
6.7020e-02,-0.0451563,-0.00154969
6.7030e-02,-0.0384375,-0.00244063
6.7040e-02,-0.0379688,-0.0008725
6.7050e-02,-0.04125,-0.00170438
6.7060e-02,-0.04375,-0.00140219
6.7070e-02,-0.041875,-0.00183031
6.7080e-02,-0.0409375,-0.00122813
6.7090e-02,-0.0498438,-0.00108
6.7100e-02,-0.0453125,-0.00157906
6.7110e-02,-0.05,-0.00116875
6.7120e-02,-0.0460938,-0.0012525
6.7130e-02,-0.048125,-0.00111219
6.7140e-02,-0.0484375,-0.000605313
6.7150e-02,-0.0539063,-0.00178531
6.7160e-02,-0.0434375,-0.00105281
6.7170e-02,-0.0492188,-0.0019725
6.7180e-02,-0.0460938,-0.00115219
6.7190e-02,-0.0334375,-0.00135844
6.7200e-02,-0.0440625,-0.00150531
6.7210e-02,-0.0379688,-0.00115375
6.7220e-02,-0.0428125,-0.00112938
6.7230e-02,-0.04375,-0.00163281
6.7240e-02,-0.0342187,-0.00201281
6.7250e-02,-0.0392187,-0.00186469
6.7260e-02,-0.05125,-0.00178031
6.7270e-02,-0.0459375,-0.00215844
6.7280e-02,-0.038125,-0.00173188
6.7290e-02,-0.050625,-0.00161906
6.7300e-02,-0.045,-0.00202094
6.7310e-02,-0.0421875,-0.00167188
6.7320e-02,-0.0471875,-0.00153969
6.7330e-02,-0.0446875,-0.00072
6.7340e-02,-0.0520313,-0.00158125
6.7350e-02,-0.03875,-0.00132438
6.7360e-02,-0.0560937,-0.00108875
6.7370e-02,-0.0467188,-0.00173563
6.7380e-02,-0.0503125,-0.00136469
6.7390e-02,-0.0471875,-0.00162469
6.7400e-02,-0.0576563,-0.00156938
6.7410e-02,-0.0426562,-0.0012025
6.7420e-02,-0.0367188,-0.000847813
6.7430e-02,-0.0471875,-0.00125094
6.7440e-02,-0.0401563,-0.00118125
6.7450e-02,-0.0454688,-0.00181594
6.7460e-02,-0.0484375,-0.000982187
6.7470e-02,-0.0440625,-0.00174281
6.7480e-02,-0.046875,-0.00151531
6.7490e-02,-0.0317188,-0.000957813
6.7500e-02,-0.0426562,-0.00153031
6.7510e-02,-0.053125,-0.00174063
6.7520e-02,-0.0467188,-0.00182844
6.7530e-02,-0.0429688,-0.00132406
6.7540e-02,-0.04125,-0.0010325
6.7550e-02,-0.0504687,-0.00118
6.7560e-02,-0.03125,-0.00149625
6.7570e-02,-0.0359375,-0.000931875
6.7580e-02,-0.0503125,-0.00127281
6.7590e-02,-0.041875,-0.00103188
6.7600e-02,-0.0460938,-0.00160438
6.7610e-02,-0.0504687,-0.00150375
6.7620e-02,-0.0509375,-0.00120219
6.7630e-02,-0.055625,-0.00128844
6.7640e-02,-0.0521875,-0.000983125
6.7650e-02,-0.0479688,-0.000909688
6.7660e-02,-0.045,-0.00246437
6.7670e-02,-0.048125,-0.00154625
6.7680e-02,-0.0410937,-0.00148188
6.7690e-02,-0.048125,-0.00120625
6.7700e-02,-0.0326562,-0.0013175
6.7710e-02,-0.039375,-0.0013075
6.7720e-02,-0.03875,-0.00136406
6.7730e-02,-0.0389063,-0.00189
6.7740e-02,-0.0590625,-0.00146313
6.7750e-02,-0.0495312,-0.00128594
6.7760e-02,-0.0385937,-0.000873125
6.7770e-02,-0.04375,-0.00166219
6.7780e-02,-0.0442188,-0.00152313
6.7790e-02,-0.0429688,-0.00170156
6.7800e-02,-0.0514063,-0.0016525
6.7810e-02,-0.0471875,-0.00110906
6.7820e-02,-0.0282813,-0.00179188
6.7830e-02,-0.036875,-0.00226625
6.7840e-02,-0.0501562,-0.00140563
6.7850e-02,-0.0595313,-0.0018525
6.7860e-02,-0.0471875,-0.00081
6.7870e-02,-0.04375,-0.00122844
6.7880e-02,-0.0464062,-0.00127188
6.7890e-02,-0.0529687,-0.000880313
6.7900e-02,-0.044375,-0.00190969
6.7910e-02,-0.0525,-0.00144625
6.7920e-02,-0.0440625,-0.00214969
6.7930e-02,-0.0403125,-0.00168156
6.7940e-02,-0.0498438,-0.00166563
6.7950e-02,-0.03625,-0.00170406
6.7960e-02,-0.0448438,-0.000790313
6.7970e-02,-0.0446875,-0.0017525
6.7980e-02,-0.0465625,-0.00254
6.7990e-02,-0.0496875,-0.00124125
6.8000e-02,-0.05125,-0.00109063
6.8010e-02,-0.0532813,-0.00128438
6.8020e-02,-0.0501562,-0.0015425
6.8030e-02,-0.03625,-0.00182125
6.8040e-02,-0.0415625,-0.00119625
6.8050e-02,-0.045625,-0.00195094
6.8060e-02,-0.0535937,-0.00144156
6.8070e-02,-0.044375,-0.00209781
6.8080e-02,-0.0495312,-0.00206781
6.8090e-02,-0.0514063,-0.00182469
6.8100e-02,-0.0498438,-0.000725
6.8110e-02,-0.0459375,-0.00125469
6.8120e-02,-0.0510938,-0.00139094
6.8130e-02,-0.051875,-0.00139531
6.8140e-02,-0.0495312,-0.00202313
6.8150e-02,-0.0425,-0.00165469
6.8160e-02,-0.054375,-0.00150781
6.8170e-02,-0.0471875,-0.00162469
6.8180e-02,-0.0459375,-0.00128969
6.8190e-02,-0.0473438,-0.00153188
6.8200e-02,-0.0504687,-0.00153781
6.8210e-02,-0.0484375,-0.00181531
6.8220e-02,-0.0446875,-0.00166656
6.8230e-02,-0.04375,-0.00123531
6.8240e-02,-0.0428125,-0.00168813
6.8250e-02,-0.044375,-0.00122438
6.8260e-02,-0.0423437,-0.00195344
6.8270e-02,-0.0573437,-0.0018375
6.8280e-02,-0.0492188,-0.00145469
6.8290e-02,-0.0454688,-0.00175938
6.8300e-02,-0.0445313,-0.00199719
6.8310e-02,-0.0379688,-0.00135781
6.8320e-02,-0.0423437,-0.00141063
6.8330e-02,-0.033125,-0.00145563
6.8340e-02,-0.0460938,-0.00139031
6.8350e-02,-0.0507812,-0.00120812
6.8360e-02,-0.0442188,-0.00135594
6.8370e-02,-0.0410937,-0.00182688
6.8380e-02,-0.0459375,-0.00132375
6.8390e-02,-0.0540625,-0.00171781
6.8400e-02,-0.0332812,-0.00144531
6.8410e-02,-0.0551563,-0.00134375
6.8420e-02,-0.0432813,-0.00160563
6.8430e-02,-0.0451563,-0.00165656
6.8440e-02,-0.0410937,-0.00143781
6.8450e-02,-0.043125,-0.00146844
6.8460e-02,-0.0478125,-0.00146469
6.8470e-02,-0.0415625,-0.00152469
6.8480e-02,-0.04375,-0.00152469
6.8490e-02,0.236563,-0.0016275
6.8500e-02,0.726406,-0.00436344
6.8510e-02,1.70484,-0.00611375
6.8520e-02,3.18812,-0.0068075
6.8530e-02,0.801094,-0.00752531
6.8540e-02,0.111875,-0.00700906
6.8550e-02,0.117813,-0.00681563
6.8560e-02,0.102969,-0.00700406
6.8570e-02,0.0820312,-0.00689188
6.8580e-02,0.0626562,-0.00693125
6.8590e-02,0.053125,-0.00674375
6.8600e-02,0.0675,-0.00697938
6.8610e-02,0.0603125,-0.00688375
6.8620e-02,0.055625,-0.00702094
6.8630e-02,0.0335938,-0.00687594
6.8640e-02,0.0442188,-0.00685344
6.8650e-02,0.0359375,-0.00694563
6.8660e-02,0.0234375,-0.00672781
6.8670e-02,0.0309375,-0.00680875
6.8680e-02,0.014375,-0.00689875
6.8690e-02,0.0254688,-0.0067575
6.8700e-02,0.0239063,-0.00678375
6.8710e-02,0.029375,-0.00681
6.8720e-02,0.0220312,-0.0068375
6.8730e-02,0.0110937,-0.00681469
6.8740e-02,0.0253125,-0.0068225
6.8750e-02,0.00734375,-0.00406813
6.8760e-02,0.0210937,-0.00216938
6.8770e-02,0.0204687,-0.00173844
6.8780e-02,0.01125,-0.00215594
6.8790e-02,0.00390625,-0.00258594
6.8800e-02,0.023125,-0.00190781
6.8810e-02,0.0154687,-0.00190344
6.8820e-02,0.00953125,-0.00165031
6.8830e-02,0.01125,-0.00158719
6.8840e-02,0.0129687,-0.00193063
6.8850e-02,0,-0.00179563
6.8860e-02,0.00890625,-0.00194688
6.8870e-02,0.010625,-0.00106437
6.8880e-02,0.0117188,-0.00097
6.8890e-02,0.0096875,-0.00192688
6.8900e-02,0.0034375,-0.00175813
6.8910e-02,-0.00359375,-0.00244438
6.8920e-02,-0.0090625,-0.00230344
6.8930e-02,0.0021875,-0.00201875
6.8940e-02,0.0040625,-0.00147063
6.8950e-02,-0.0015625,-0.00156906
6.8960e-02,-0.003125,-0.00186
6.8970e-02,-0.006875,-0.0014125
6.8980e-02,-0.00015625,-0.00115469
6.8990e-02,-0.00875,-0.000739375
6.9000e-02,-0.0040625,-0.00187125
6.9010e-02,0.00171875,-0.00151656
6.9020e-02,-0.00015625,-0.00139531
6.9030e-02,-0.00109375,-0.001105
6.9040e-02,-0.00390625,-0.00156469
6.9050e-02,-0.0114062,-0.00219625
6.9060e-02,-0.0164063,-0.001495
6.9070e-02,-0.0110937,-0.0014925
6.9080e-02,-0.0115625,-0.00160313
6.9090e-02,-0.00609375,-0.00173188
6.9100e-02,-0.00640625,-0.00180938
6.9110e-02,-0.018125,-0.00186719
6.9120e-02,-0.00921875,-0.00181688
6.9130e-02,-0.00265625,-0.0013425
6.9140e-02,-0.0176563,-0.00164219
6.9150e-02,-0.0059375,-0.00210875
6.9160e-02,-0.0114062,-0.00106125
6.9170e-02,-0.0104688,-0.00192
6.9180e-02,-0.00859375,-0.00172906
6.9190e-02,0.00921875,-0.00157844
6.9200e-02,-0.0134375,-0.0014625
6.9210e-02,-0.0190625,-0.000966875
6.9220e-02,-0.0110937,-0.00084125
6.9230e-02,-0.0154687,-0.00161656
6.9240e-02,-0.0101563,-0.00145531
6.9250e-02,-0.0101563,-0.0021325
6.9260e-02,-0.00734375,-0.00135875
6.9270e-02,-0.0148437,-0.0019475
6.9280e-02,-0.0171875,-0.00132688
6.9290e-02,-0.01125,-0.00150469
6.9300e-02,-0.0101563,-0.00231406
6.9310e-02,-0.0078125,-0.00199844
6.9320e-02,-0.01625,-0.00177156
6.9330e-02,-0.00875,-0.00190406
6.9340e-02,-0.0232812,-0.00125281
6.9350e-02,-0.00890625,-0.00142125
6.9360e-02,-0.0201563,-0.00178219
6.9370e-02,-0.0142188,-0.00160656
6.9380e-02,-0.00171875,-0.00150688
6.9390e-02,-0.00234375,-0.00173156
6.9400e-02,-0.0167188,-0.000929688
6.9410e-02,-0.0132813,-0.001635
6.9420e-02,-0.015,-0.000948438
6.9430e-02,-0.0126563,-0.00154375
6.9440e-02,-0.0135937,-0.00210094
6.9450e-02,-0.0123438,-0.00144844
6.9460e-02,-0.023125,-0.00186406
6.9470e-02,-0.0134375,-0.00191188
6.9480e-02,-0.0159375,-0.00220656
6.9490e-02,-0.0196875,-0.00161844
6.9500e-02,-0.0153125,-0.00145344
6.9510e-02,-0.0175,-0.00127563
6.9520e-02,-0.0242188,-0.00174844
6.9530e-02,-0.0198438,-0.00153031
6.9540e-02,-0.0189062,-0.001685
6.9550e-02,-0.019375,-0.00130406
6.9560e-02,-0.015625,-0.00166563
6.9570e-02,-0.0215625,-0.00173938
6.9580e-02,-0.013125,-0.00161375
6.9590e-02,-0.009375,-0.00131344
6.9600e-02,-0.0221875,-0.00147594
6.9610e-02,-0.0148437,-0.00220781
6.9620e-02,-0.0182812,-0.00168156
6.9630e-02,-0.0185937,-0.00155594
6.9640e-02,-0.0184375,-0.00168563
6.9650e-02,-0.015,-0.00135594
6.9660e-02,-0.0071875,-0.00159656
6.9670e-02,-0.0254688,-0.00152
6.9680e-02,-0.0154687,-0.00150594
6.9690e-02,-0.0160938,-0.00178469
6.9700e-02,-0.00765625,-0.00106156
6.9710e-02,-0.0126563,-0.00237719
6.9720e-02,-0.0159375,-0.00198531
6.9730e-02,-0.0129688,-0.00182156
6.9740e-02,-0.0245313,-0.000974375
6.9750e-02,-0.0225,-0.00135469
6.9760e-02,-0.0182812,-0.00196938
6.9770e-02,-0.029375,-0.00181719
6.9780e-02,-0.0253125,-0.00170719
6.9790e-02,-0.029375,-0.00167
6.9800e-02,-0.016875,-0.00136156
6.9810e-02,-0.01875,-0.00159219
6.9820e-02,-0.0189062,-0.00142344
6.9830e-02,-0.0234375,-0.0014325
6.9840e-02,-0.0096875,-0.000856875
6.9850e-02,-0.0217188,-0.00167844
6.9860e-02,-0.02375,-0.00197969
6.9870e-02,-0.013125,-0.00132406
6.9880e-02,-0.0165625,-0.00156281
6.9890e-02,-0.019375,-0.00167344
6.9900e-02,-0.0314062,-0.00181906
6.9910e-02,-0.0159375,-0.00103719
6.9920e-02,-0.0173438,-0.00161406
6.9930e-02,-0.0342187,-0.00202531
6.9940e-02,-0.0198438,-0.00155281
6.9950e-02,-0.0478125,-0.00161469
6.9960e-02,-0.0239063,-0.00184469
6.9970e-02,-0.0175,-0.00202875
6.9980e-02,-0.0240625,-0.00197469
6.9990e-02,-0.0267187,-0.00112875
7.0000e-02,-0.0285938,-0.00126406
7.0010e-02,-0.0178125,-0.00116188
7.0020e-02,-0.0346875,-0.000833125
7.0030e-02,-0.021875,-0.00159719
7.0040e-02,-0.0209375,-0.00155188
7.0050e-02,-0.0245313,-0.00178313
7.0060e-02,-0.0270312,-0.00178125
7.0070e-02,-0.03,-0.0020775
7.0080e-02,-0.0134375,-0.00173594
7.0090e-02,-0.0264062,-0.0014525
7.0100e-02,-0.0239063,-0.0010475
7.0110e-02,-0.0271875,-0.00147563
7.0120e-02,-0.0217188,-0.00105313
7.0130e-02,-0.02625,-0.00121844
7.0140e-02,-0.0303125,-0.00133219
7.0150e-02,-0.02,-0.00225031
7.0160e-02,-0.0267187,-0.00168906
7.0170e-02,-0.0334375,-0.000716563
7.0180e-02,-0.0303125,-0.002165
7.0190e-02,-0.0217188,-0.00163031
7.0200e-02,-0.025,-0.00217031
7.0210e-02,-0.0210938,-0.001465
7.0220e-02,-0.03,-0.00205688
7.0230e-02,-0.0257812,-0.00142969
7.0240e-02,-0.0270312,-0.00150031
7.0250e-02,-0.0126563,-0.00131156
7.0260e-02,-0.0275,-0.00127969
7.0270e-02,-0.0282813,-0.00247875
7.0280e-02,-0.0271875,-0.00164438
7.0290e-02,-0.0220313,-0.000978125
7.0300e-02,-0.0323438,-0.00127781
7.0310e-02,-0.0260937,-0.00186344
7.0320e-02,-0.0209375,-0.00151156
7.0330e-02,-0.0215625,-0.00120438
7.0340e-02,-0.011875,-0.00164781
7.0350e-02,-0.0232812,-0.00174063
7.0360e-02,-0.023125,-0.00187906
7.0370e-02,-0.020625,-0.00127219
7.0380e-02,-0.0278125,-0.00142281
7.0390e-02,-0.0307813,-0.00143094
7.0400e-02,-0.0254688,-0.00176656
7.0410e-02,-0.0220313,-0.00190125
7.0420e-02,-0.0317188,-0.00164969
7.0430e-02,-0.0396875,-0.00172563
7.0440e-02,-0.02875,-0.00166188
7.0450e-02,-0.034375,-0.00201156
7.0460e-02,-0.0304688,-0.00114344
7.0470e-02,-0.0267187,-0.00165969
7.0480e-02,-0.0315625,-0.00203438
7.0490e-02,-0.0279688,-0.00104
7.0500e-02,-0.0307813,-0.00137438
7.0510e-02,-0.0285938,-0.00166156
7.0520e-02,-0.0292188,-0.00152344
7.0530e-02,-0.0257812,-0.00143531
7.0540e-02,-0.0192187,-0.00140438
7.0550e-02,-0.0259375,-0.002175
7.0560e-02,-0.0410937,-0.00174188
7.0570e-02,-0.0207813,-0.00151969
7.0580e-02,-0.0207813,-0.00198781
7.0590e-02,-0.0221875,-0.00149
7.0600e-02,-0.024375,-0.00158531
7.0610e-02,-0.0353125,-0.00123313
7.0620e-02,-0.0371875,-0.00136156
7.0630e-02,-0.0335937,-0.00219781
7.0640e-02,-0.0235938,-0.00108
7.0650e-02,-0.0315625,-0.001935
7.0660e-02,-0.029375,-0.00139844
7.0670e-02,-0.0340625,-0.00111438
7.0680e-02,-0.02625,-0.00121406
7.0690e-02,-0.0196875,-0.0017275
7.0700e-02,-0.02625,-0.00212844
7.0710e-02,-0.0326562,-0.00172125
7.0720e-02,-0.0328125,-0.00166688
7.0730e-02,-0.0401563,-0.00175156
7.0740e-02,-0.0339062,-0.001025
7.0750e-02,-0.0273438,-0.00157969
7.0760e-02,-0.0292188,-0.00215156
7.0770e-02,-0.0235938,-0.00228063
7.0780e-02,-0.02375,-0.00202719
7.0790e-02,-0.0315625,-0.00177781
7.0800e-02,-0.0270312,-0.00210469
7.0810e-02,-0.0251563,-0.00155531
7.0820e-02,-0.0446875,-0.00172531
7.0830e-02,-0.0340625,-0.000924688
7.0840e-02,-0.0296875,-0.00128344
7.0850e-02,-0.0295313,-0.00142063
7.0860e-02,-0.034375,-0.00196281
7.0870e-02,-0.0373438,-0.00192625
7.0880e-02,-0.0289063,-0.00141844
7.0890e-02,-0.03625,-0.00147094
7.0900e-02,-0.03125,-0.00119094
7.0910e-02,-0.03375,-0.00109844
7.0920e-02,-0.036875,-0.00205531
7.0930e-02,-0.0259375,-0.00125594
7.0940e-02,-0.03375,-0.0017675
7.0950e-02,-0.0307813,-0.00218031
7.0960e-02,-0.0214063,-0.00097875
7.0970e-02,-0.0292188,-0.00133094
7.0980e-02,-0.0389063,-0.00114156
7.0990e-02,-0.0290625,-0.00106
7.1000e-02,-0.0360938,-0.00121844
7.1010e-02,-0.0351562,-0.00156938
7.1020e-02,-0.0407813,-0.00110688
7.1030e-02,-0.035625,-0.00186938
7.1040e-02,-0.0285938,-0.00142969
7.1050e-02,-0.0328125,-0.00133406
7.1060e-02,-0.0364063,-0.00165719
7.1070e-02,-0.0248438,-0.00149406
7.1080e-02,-0.0228125,-0.00145313
7.1090e-02,-0.0401563,-0.00244469
7.1100e-02,-0.0346875,-0.00199156
7.1110e-02,-0.0320312,-0.00176563
7.1120e-02,-0.0457813,-0.00210406
7.1130e-02,-0.0303125,-0.00110813
7.1140e-02,-0.031875,-0.00241125
7.1150e-02,-0.0215625,-0.00162969
7.1160e-02,-0.036875,-0.00137938
7.1170e-02,-0.0285938,-0.00140594
7.1180e-02,-0.0473438,-0.00166563
7.1190e-02,-0.0364063,-0.00198406
7.1200e-02,-0.0432813,-0.00140344
7.1210e-02,-0.0357813,-0.00191625
7.1220e-02,-0.0317188,-0.00192719
7.1230e-02,-0.0379688,-0.00106563
7.1240e-02,-0.0346875,-0.00183
7.1250e-02,-0.0273438,-0.00148438
7.1260e-02,-0.0296875,-0.00181906
7.1270e-02,-0.0340625,-0.00136563
7.1280e-02,-0.0396875,-0.00142938
7.1290e-02,-0.0340625,-0.0017475
7.1300e-02,-0.0410937,-0.00170469
7.1310e-02,-0.0276563,-0.00150656
7.1320e-02,-0.0296875,-0.00211281
7.1330e-02,-0.039375,-0.00220969
7.1340e-02,-0.0398437,-0.00115813
7.1350e-02,-0.0321875,-0.00135688
7.1360e-02,-0.0353125,-0.00142781
7.1370e-02,-0.0434375,-0.00176281
7.1380e-02,-0.0376563,-0.00188719
7.1390e-02,-0.0289063,-0.0009875
7.1400e-02,-0.0348437,-0.001665
7.1410e-02,-0.0320312,-0.00159
7.1420e-02,-0.0329688,-0.00161594
7.1430e-02,-0.0332812,-0.00117656
7.1440e-02,-0.0373438,-0.000999063
7.1450e-02,-0.0370313,-0.00154313
7.1460e-02,-0.0379688,-0.00150469
7.1470e-02,-0.045625,-0.00205375
7.1480e-02,-0.0320312,-0.00153188
7.1490e-02,-0.026875,-0.00168188
7.1500e-02,-0.035625,-0.00158563
7.1510e-02,-0.0448438,-0.00101719
7.1520e-02,-0.0298438,-0.001505
7.1530e-02,-0.025625,-0.00121875
7.1540e-02,-0.0385937,-0.00198875
7.1550e-02,-0.0307813,-0.00152031
7.1560e-02,-0.0421875,-0.00123281
7.1570e-02,-0.0395313,-0.00252938
7.1580e-02,-0.0329688,-0.00194406
7.1590e-02,-0.0454688,-0.0018325
7.1600e-02,-0.0435938,-0.00116219
7.1610e-02,-0.03125,-0.00141875
7.1620e-02,-0.0270312,-0.00124344
7.1630e-02,-0.0351562,-0.00125563
7.1640e-02,-0.0357813,-0.001105
7.1650e-02,-0.033125,-0.00190125
7.1660e-02,-0.0301563,-0.00182125
7.1670e-02,-0.0248438,-0.00190094
7.1680e-02,-0.0415625,-0.00103375
7.1690e-02,-0.0310937,-0.00146438
7.1700e-02,-0.0409375,-0.00197656
7.1710e-02,-0.0235938,-0.00134594
7.1720e-02,-0.0332812,-0.0015725
7.1730e-02,-0.03875,-0.00158094
7.1740e-02,-0.0440625,-0.00168281
7.1750e-02,-0.031875,-0.00135375
7.1760e-02,-0.04125,-0.00147344
7.1770e-02,-0.0346875,-0.00191906
7.1780e-02,-0.0401563,-0.0012725
7.1790e-02,-0.0421875,-0.00157625
7.1800e-02,-0.046875,-0.000969688
7.1810e-02,-0.025625,-0.00214156
7.1820e-02,-0.0401563,-0.00092375
7.1830e-02,-0.0434375,-0.00178156
7.1840e-02,-0.03125,-0.00137125
7.1850e-02,-0.0304688,-0.0015875
7.1860e-02,-0.036875,-0.0022025
7.1870e-02,-0.0435938,-0.001375
7.1880e-02,-0.0298438,-0.0013325
7.1890e-02,-0.0339062,-0.00180813
7.1900e-02,-0.0385937,-0.000965313
7.1910e-02,-0.0421875,-0.00180188
7.1920e-02,-0.0329688,-0.00179719
7.1930e-02,-0.031875,-0.00162813
7.1940e-02,-0.0260937,-0.00147438
7.1950e-02,-0.0346875,-0.00168313
7.1960e-02,-0.049375,-0.00190219
7.1970e-02,-0.0325,-0.00211906
7.1980e-02,-0.0389063,-0.00137281
7.1990e-02,-0.0275,-0.00161031
7.2000e-02,-0.0451563,-0.00088125
7.2010e-02,-0.033125,-0.00129313
7.2020e-02,-0.0420312,-0.00110031
7.2030e-02,-0.0354688,-0.00220031
7.2040e-02,-0.0342187,-0.00110625
7.2050e-02,-0.0467188,-0.00206313
7.2060e-02,-0.0440625,-0.00170031
7.2070e-02,-0.0446875,-0.00105719
7.2080e-02,-0.0475,-0.00199938
7.2090e-02,-0.0334375,-0.00121406
7.2100e-02,-0.0354688,-0.0018025
7.2110e-02,-0.0228125,-0.00180438
7.2120e-02,-0.0392187,-0.000838125
7.2130e-02,-0.0421875,-0.00175594
7.2140e-02,-0.0423437,-0.00120125
7.2150e-02,-0.0426562,-0.00145719
7.2160e-02,-0.0364063,-0.0020175
7.2170e-02,-0.0296875,-0.000939063
7.2180e-02,-0.03875,-0.00155438
7.2190e-02,-0.0409375,-0.00143688
7.2200e-02,-0.0257812,-0.00115188
7.2210e-02,-0.04125,-0.00196719
7.2220e-02,-0.044375,-0.00179656
7.2230e-02,-0.045,-0.00173156
7.2240e-02,-0.0403125,-0.0015825
7.2250e-02,-0.028125,-0.00120688
7.2260e-02,-0.035,-0.00181281
7.2270e-02,-0.0421875,-0.00103969
7.2280e-02,-0.0432813,-0.00147063
7.2290e-02,-0.0379688,-0.00138719
7.2300e-02,-0.0435938,-0.00164094
7.2310e-02,-0.03625,-0.00187813
7.2320e-02,-0.0460938,-0.00145781
7.2330e-02,-0.0278125,-0.00160156
7.2340e-02,-0.0384375,-0.00138188
7.2350e-02,-0.02625,-0.00134688
7.2360e-02,-0.0426562,-0.001415
7.2370e-02,-0.0335937,-0.00162656
7.2380e-02,-0.035625,-0.00159188
7.2390e-02,-0.0378125,-0.00153469
7.2400e-02,-0.0378125,-0.00200594
7.2410e-02,-0.0432813,-0.00126188
7.2420e-02,-0.0420312,-0.00146781
7.2430e-02,-0.0370313,-0.00191906
7.2440e-02,-0.0459375,-0.00144375
7.2450e-02,-0.0460938,-0.00178
7.2460e-02,-0.033125,-0.00200313
7.2470e-02,-0.0428125,-0.00202
7.2480e-02,-0.0354688,-0.00212094
7.2490e-02,-0.0454688,-0.00140719
7.2500e-02,-0.0326562,-0.00132281
7.2510e-02,-0.0432813,-0.00122281
7.2520e-02,-0.0470312,-0.00210906
7.2530e-02,-0.0307813,-0.00150625
7.2540e-02,-0.0467188,-0.00126406
7.2550e-02,-0.0357813,-0.0017925
7.2560e-02,-0.0379688,-0.00141688
7.2570e-02,-0.03375,-0.00128313
7.2580e-02,-0.0417187,-0.00164406
7.2590e-02,-0.0245313,-0.00152219
7.2600e-02,-0.0370313,-0.000887813
7.2610e-02,-0.0309375,-0.00131531
7.2620e-02,-0.0359375,-0.0016175
7.2630e-02,-0.0332812,-0.00127531
7.2640e-02,-0.0321875,-0.0020075
7.2650e-02,-0.0473438,-0.0018775
7.2660e-02,-0.0539063,-0.00147938
7.2670e-02,-0.03625,-0.0013975
7.2680e-02,-0.0351562,-0.00204781
7.2690e-02,-0.0439063,-0.00092
7.2700e-02,-0.0403125,-0.00146406
7.2710e-02,-0.0398437,-0.00183656
7.2720e-02,-0.0348437,-0.00174438
7.2730e-02,-0.0348437,-0.00130406
7.2740e-02,-0.035,-0.00179844
7.2750e-02,-0.0375,-0.00158375
7.2760e-02,-0.0384375,-0.000788125
7.2770e-02,-0.04125,-0.00202969
7.2780e-02,-0.0417187,-0.00111594
7.2790e-02,-0.0442188,-0.00211094
7.2800e-02,-0.0523437,-0.00160719
7.2810e-02,-0.0401563,-0.00079375
7.2820e-02,-0.0425,-0.00208969
7.2830e-02,-0.0421875,-0.00112813
7.2840e-02,-0.0364063,-0.00174813
7.2850e-02,-0.0410937,-0.00107781
7.2860e-02,-0.0279688,-0.00123531
7.2870e-02,-0.0340625,-0.00154031
7.2880e-02,-0.0471875,-0.00133
7.2890e-02,-0.0457813,-0.001235
7.2900e-02,-0.0482812,-0.00202875
7.2910e-02,-0.0378125,-0.0006
7.2920e-02,-0.0332812,-0.00156125
7.2930e-02,-0.0429688,-0.000995313
7.2940e-02,-0.0385937,-0.000630625
7.2950e-02,-0.040625,-0.00154938
7.2960e-02,-0.0392187,-0.00178375
7.2970e-02,-0.0404687,-0.00177188
7.2980e-02,-0.0384375,-0.00127188
7.2990e-02,-0.0342187,-0.00188719
7.3000e-02,-0.0396875,-0.00122
7.3010e-02,-0.045,-0.000760313
7.3020e-02,-0.0382813,-0.00170875
7.3030e-02,-0.0415625,-0.00119094
7.3040e-02,-0.0553125,-0.00203625
7.3050e-02,-0.041875,-0.00166156
7.3060e-02,-0.0471875,-0.00105406
7.3070e-02,-0.0389063,-0.00187719
7.3080e-02,-0.0465625,-0.00165125
7.3090e-02,-0.03875,-0.00131625
7.3100e-02,-0.0242188,-0.00197031
7.3110e-02,-0.039375,-0.00130813
7.3120e-02,-0.0420312,-0.00165656
7.3130e-02,-0.044375,-0.00157938
7.3140e-02,-0.0440625,-0.000712813
7.3150e-02,-0.0635938,-0.00175438
7.3160e-02,-0.0415625,-0.000804688
7.3170e-02,-0.0554687,-0.00197625
7.3180e-02,-0.0379688,-0.00173438
7.3190e-02,-0.0389063,-0.00174563
7.3200e-02,-0.0357813,-0.00178188
7.3210e-02,-0.0434375,-0.00182875
7.3220e-02,-0.045,-0.00212469
7.3230e-02,-0.0485938,-0.00152563
7.3240e-02,-0.0328125,-0.00223844
7.3250e-02,-0.0423437,-0.00206781
7.3260e-02,-0.043125,-0.00109844
7.3270e-02,-0.0410937,-0.00173813
7.3280e-02,-0.0392187,-0.00104312
7.3290e-02,-0.0348437,-0.00123438
7.3300e-02,-0.0439063,-0.00134969
7.3310e-02,-0.040625,-0.00204688
7.3320e-02,-0.0370313,-0.00208438
7.3330e-02,-0.0434375,-0.001485
7.3340e-02,-0.0451563,-0.00122688
7.3350e-02,-0.0392187,-0.00208313
7.3360e-02,-0.0434375,-0.00113844
7.3370e-02,-0.0328125,-0.000944375
7.3380e-02,-0.0540625,-0.00161313
7.3390e-02,-0.0325,-0.00156656
7.3400e-02,-0.040625,-0.00170969
7.3410e-02,-0.05,-0.00126094
7.3420e-02,-0.0367188,-0.00149906
7.3430e-02,-0.046875,-0.00116813
7.3440e-02,-0.0270312,-0.00153906
7.3450e-02,-0.04875,-0.000820938
7.3460e-02,-0.036875,-0.000976562
7.3470e-02,-0.0309375,-0.00175594
7.3480e-02,-0.035625,-0.00118969
7.3490e-02,-0.0464062,-0.0024475
7.3500e-02,-0.039375,-0.00114656
7.3510e-02,-0.0471875,-0.00107906
7.3520e-02,-0.0492188,-0.00190188
7.3530e-02,-0.0395313,-0.00149656
7.3540e-02,-0.0385937,-0.00173875
7.3550e-02,-0.0307813,-0.00116875
7.3560e-02,-0.0332812,-0.00183469
7.3570e-02,-0.035,-0.00218938
7.3580e-02,-0.04,-0.00148531
7.3590e-02,-0.038125,-0.00186031
7.3600e-02,-0.0379688,-0.001345
7.3610e-02,-0.0328125,-0.00155719
7.3620e-02,-0.0435938,-0.00169219
7.3630e-02,-0.043125,-0.00206656
7.3640e-02,-0.0321875,-0.00228312
7.3650e-02,-0.0276563,-0.00110625
7.3660e-02,-0.0440625,-0.00200438
7.3670e-02,-0.0440625,-0.00193188
7.3680e-02,-0.0401563,-0.00155719
7.3690e-02,-0.0417187,-0.00126656
7.3700e-02,-0.0379688,-0.00206469
7.3710e-02,-0.045,-0.00184219
7.3720e-02,-0.033125,-0.000791563
7.3730e-02,-0.0457813,-0.00133313
7.3740e-02,-0.0432813,-0.00196188
7.3750e-02,-0.0578125,-0.000933125
7.3760e-02,-0.0426562,-0.00181281
7.3770e-02,-0.0485938,-0.00121563
7.3780e-02,-0.0482812,-0.00146781
7.3790e-02,-0.0442188,-0.00157063
7.3800e-02,-0.0475,-0.00164
7.3810e-02,-0.0326562,-0.00204781
7.3820e-02,-0.0470312,-0.00161813
7.3830e-02,-0.0401563,-0.00133438
7.3840e-02,-0.0415625,-0.00215656
7.3850e-02,-0.0348437,-0.00121
7.3860e-02,-0.0521875,-0.00123719
7.3870e-02,-0.0423437,-0.001105
7.3880e-02,-0.0359375,-0.00124344
7.3890e-02,-0.048125,-0.00159781
7.3900e-02,-0.050625,-0.00140281
7.3910e-02,-0.05125,-0.00178563
7.3920e-02,-0.0479688,-0.000929375
7.3930e-02,-0.0432813,-0.00106063
7.3940e-02,-0.0446875,-0.00127188
7.3950e-02,-0.0396875,-0.00131031
7.3960e-02,-0.0284375,-0.00166031
7.3970e-02,-0.034375,-0.00141063
7.3980e-02,-0.0339062,-0.00166625
7.3990e-02,-0.045625,-0.00234063
7.4000e-02,-0.0398437,-0.000879375
7.4010e-02,-0.0521875,-0.00192563
7.4020e-02,-0.0492188,-0.00196281
7.4030e-02,-0.0420312,-0.00170969
7.4040e-02,-0.0296875,-0.00190063
7.4050e-02,-0.0354688,-0.00139969
7.4060e-02,-0.023125,-0.00185438
7.4070e-02,-0.0401563,-0.00164656
7.4080e-02,-0.0351562,-0.00160031
7.4090e-02,-0.0409375,-0.00133063
7.4100e-02,-0.0379688,-0.0007875
7.4110e-02,-0.0370313,-0.00206281
7.4120e-02,-0.04375,-0.00140063
7.4130e-02,-0.0476562,-0.00174375
7.4140e-02,-0.0470312,-0.00127281
7.4150e-02,-0.0340625,-0.00103219
7.4160e-02,-0.0529687,-0.00157969
7.4170e-02,-0.0325,-0.00156406
7.4180e-02,-0.0476562,-0.00182188
7.4190e-02,-0.0384375,-0.001025
7.4200e-02,-0.04,-0.00169094
7.4210e-02,-0.0539063,-0.00142281
7.4220e-02,-0.06125,-0.00154469
7.4230e-02,-0.0359375,-0.00141344
7.4240e-02,-0.0475,-0.00146094
7.4250e-02,-0.0479688,-0.00177563
7.4260e-02,-0.0459375,-0.00193125
7.4270e-02,-0.0376563,-0.0016525
7.4280e-02,-0.0460938,-0.000619063
7.4290e-02,-0.03625,-0.00161969
7.4300e-02,-0.0357813,-0.00174656
7.4310e-02,-0.0425,-0.00192188
7.4320e-02,-0.0409375,-0.00172281
7.4330e-02,-0.0425,-0.00148438
7.4340e-02,-0.0467188,-0.00103688
7.4350e-02,-0.0403125,-0.000864063
7.4360e-02,-0.035625,-0.00113281
7.4370e-02,-0.0278125,-0.00086125
7.4380e-02,-0.0554687,-0.001745
7.4390e-02,-0.0425,-0.00232
7.4400e-02,-0.0470312,-0.00162813
7.4410e-02,-0.0448438,-0.00104
7.4420e-02,-0.035625,-0.00147281
7.4430e-02,-0.041875,-0.00163313
7.4440e-02,-0.0429688,-0.00192719
7.4450e-02,-0.04375,-0.00265125
7.4460e-02,-0.0540625,-0.00165313
7.4470e-02,-0.0526563,-0.00176
7.4480e-02,-0.0457813,-0.00149688
7.4490e-02,-0.0409375,-0.0014925
7.4500e-02,-0.0471875,-0.001825
7.4510e-02,-0.0421875,-0.00165375
7.4520e-02,-0.0395313,-0.00173813
7.4530e-02,-0.0523437,-0.000769063
7.4540e-02,-0.0520313,-0.00162281
7.4550e-02,-0.05875,-0.00200719
7.4560e-02,-0.0609375,-0.00196531
7.4570e-02,-0.0404687,-0.00118406
7.4580e-02,-0.0389063,-0.00126063
7.4590e-02,-0.0423437,-0.00135125
7.4600e-02,-0.0375,-0.00117063
7.4610e-02,-0.0315625,-0.001235
7.4620e-02,-0.0409375,-0.00200125
7.4630e-02,-0.0485938,-0.000609375
7.4640e-02,-0.0414063,-0.00136719
7.4650e-02,-0.0496875,-0.000855938
7.4660e-02,-0.0490625,-0.00130219
7.4670e-02,-0.0539063,-0.00142188
7.4680e-02,-0.0351562,-0.000682188
7.4690e-02,-0.0357813,-0.00165781
7.4700e-02,-0.0340625,-0.0020775
7.4710e-02,-0.0445313,-0.00188344
7.4720e-02,-0.0395313,-0.00217031
7.4730e-02,-0.0415625,-0.00152875
7.4740e-02,-0.0453125,-0.000911875
7.4750e-02,-0.054375,-0.00196594
7.4760e-02,-0.0514063,-0.0016
7.4770e-02,-0.0446875,-0.002015
7.4780e-02,-0.0528125,-0.00137063
7.4790e-02,-0.0429688,-0.00168
7.4800e-02,-0.048125,-0.00208469
7.4810e-02,-0.0482812,-0.0019925
7.4820e-02,-0.0496875,-0.0016
7.4830e-02,-0.034375,-0.00160375
7.4840e-02,-0.040625,-0.00149938
7.4850e-02,-0.0423437,-0.00138406
7.4860e-02,-0.0451563,-0.00123688
7.4870e-02,-0.0501562,-0.002005
7.4880e-02,-0.0415625,-0.00149906
7.4890e-02,-0.0410937,-0.00208063
7.4900e-02,-0.0492188,-0.0014325
7.4910e-02,-0.0260937,-0.00193531
7.4920e-02,-0.0371875,-0.00211594
7.4930e-02,-0.0529687,-0.00168719
7.4940e-02,-0.0548437,-0.00194
7.4950e-02,-0.0521875,-0.00184906
7.4960e-02,-0.0507812,-0.00144875
7.4970e-02,-0.0396875,-0.00121688
7.4980e-02,-0.044375,-0.00189438
7.4990e-02,-0.0557813,-0.00177531
7.5000e-02,-0.0415625,-0.00130375
7.5010e-02,-0.0510938,-0.00139844
7.5020e-02,-0.0304688,-0.0011325
7.5030e-02,-0.0384375,-0.00156219
7.5040e-02,-0.0417187,-0.00156563
7.5050e-02,-0.0439063,-0.00119625
7.5060e-02,-0.0378125,-0.00134219
7.5070e-02,-0.0529687,-0.00175125
7.5080e-02,-0.0335937,-0.00148344
7.5090e-02,-0.04125,-0.00185313
7.5100e-02,-0.029375,-0.000958438
7.5110e-02,-0.0457813,-0.00088375
7.5120e-02,-0.0425,-0.00168719
7.5130e-02,-0.04375,-0.00126875
7.5140e-02,-0.0364063,-0.00160656
7.5150e-02,-0.0592188,-0.00188031
7.5160e-02,-0.0595313,-0.00149875
7.5170e-02,-0.0414063,-0.00237844
7.5180e-02,-0.0453125,-0.00116344
7.5190e-02,-0.0442188,-0.00152719
7.5200e-02,-0.056875,-0.00158406
7.5210e-02,-0.05,-0.00136
7.5220e-02,-0.0476562,-0.00117281
7.5230e-02,-0.0448438,-0.000579063
7.5240e-02,-0.0404687,-0.00135969
7.5250e-02,-0.0523437,-0.001645
7.5260e-02,-0.0457813,-0.00240469
7.5270e-02,-0.0507812,-0.0018625
7.5280e-02,-0.0546875,-0.000960938
7.5290e-02,-0.04875,-0.00190281
7.5300e-02,-0.050625,-0.00100156
7.5310e-02,-0.0571875,-0.00167688
7.5320e-02,-0.0473438,-0.00185375
7.5330e-02,-0.0346875,-0.00118625
7.5340e-02,-0.0410937,-0.0016225
7.5350e-02,-0.0442188,-0.00133844
7.5360e-02,-0.041875,-0.001375
7.5370e-02,-0.0507812,-0.00176063
7.5380e-02,-0.03875,-0.00204937
7.5390e-02,-0.053125,-0.00187719
7.5400e-02,-0.0467188,-0.000740313
7.5410e-02,-0.0542187,-0.00141313
7.5420e-02,-0.046875,-0.00148906
7.5430e-02,-0.0517188,-0.00192375
7.5440e-02,-0.0590625,-0.0021825
7.5450e-02,-0.0392187,-0.00109781
7.5460e-02,-0.0434375,-0.00179031
7.5470e-02,-0.06125,-0.00168031
7.5480e-02,-0.045625,-0.0020725
7.5490e-02,-0.0460938,-0.00175938
7.5500e-02,-0.0475,-0.00185063
7.5510e-02,-0.04,-0.00131188
7.5520e-02,-0.044375,-0.00117625
7.5530e-02,-0.0489062,-0.00177188
7.5540e-02,-0.0409375,-0.00114
7.5550e-02,-0.0489062,-0.00134969
7.5560e-02,-0.0364063,-0.00153031
7.5570e-02,-0.0435938,-0.00195156
7.5580e-02,-0.0434375,-0.00201719
7.5590e-02,-0.0446875,-0.00209938
7.5600e-02,-0.0457813,-0.00193781
7.5610e-02,-0.0392187,-0.00156563
7.5620e-02,-0.0445313,-0.00109063
7.5630e-02,-0.0504687,-0.0014875
7.5640e-02,-0.0414063,-0.0010525
7.5650e-02,-0.051875,-0.00133781
7.5660e-02,-0.0389063,-0.00112
7.5670e-02,-0.0440625,-0.00150156
7.5680e-02,-0.0359375,-0.00148281
7.5690e-02,-0.036875,-0.00122156
7.5700e-02,-0.0423437,-0.00166875
7.5710e-02,-0.0371875,-0.000904063
7.5720e-02,-0.041875,-0.00106625
7.5730e-02,-0.045,-0.00179938
7.5740e-02,-0.0504687,-0.0013775
7.5750e-02,-0.0573437,-0.00202063
7.5760e-02,-0.0498438,-0.00121594
7.5770e-02,-0.0423437,-0.00150469
7.5780e-02,-0.0490625,-0.00152844
7.5790e-02,-0.0435938,-0.00109094
7.5800e-02,-0.0476562,-0.00185844
7.5810e-02,-0.0454688,-0.00219469
7.5820e-02,-0.043125,-0.00163281
7.5830e-02,-0.0448438,-0.00157156
7.5840e-02,-0.0459375,-0.00150281
7.5850e-02,-0.0470312,-0.00128938
7.5860e-02,-0.0521875,-0.00128406
7.5870e-02,-0.0521875,-0.00169313
7.5880e-02,-0.0434375,-0.000430313
7.5890e-02,-0.0432813,-0.00248063
7.5900e-02,-0.0490625,-0.0012425
7.5910e-02,-0.0434375,-0.00127844
7.5920e-02,-0.0453125,-0.00150625
7.5930e-02,-0.0459375,-0.00138406
7.5940e-02,-0.0446875,-0.00120844
7.5950e-02,-0.041875,-0.00157969
7.5960e-02,-0.0535937,-0.00184594
7.5970e-02,-0.04,-0.00162688
7.5980e-02,-0.031875,-0.00171313
7.5990e-02,-0.045625,-0.00121313
7.6000e-02,-0.0545313,-0.00206125
7.6010e-02,-0.0509375,-0.00185063
7.6020e-02,-0.0514063,-0.0016575
7.6030e-02,-0.049375,-0.00178781
7.6040e-02,-0.0534375,-0.0015275
7.6050e-02,-0.0454688,-0.0016875
7.6060e-02,-0.0395313,-0.001195
7.6070e-02,-0.0473438,-0.00135281
7.6080e-02,-0.0542187,-0.00141813
7.6090e-02,-0.0414063,-0.000886875
7.6100e-02,-0.0403125,-0.00123906
7.6110e-02,-0.0523437,-0.00196563
7.6120e-02,-0.0426562,-0.00222719
7.6130e-02,-0.0415625,-0.00189781
7.6140e-02,-0.0498438,-0.00176031
7.6150e-02,-0.0440625,-0.000873438
7.6160e-02,-0.0570313,-0.00112219
7.6170e-02,-0.0475,-0.00164719
7.6180e-02,-0.0492188,-0.00172938
7.6190e-02,-0.05,-0.00180156
7.6200e-02,-0.048125,-0.00197344
7.6210e-02,-0.0473438,-0.00129063
7.6220e-02,-0.0479688,-0.00117938
7.6230e-02,-0.039375,-0.00144656
7.6240e-02,-0.06125,-0.00159469
7.6250e-02,-0.0510938,-0.00188844
7.6260e-02,-0.0465625,-0.00181344
7.6270e-02,-0.039375,-0.00186125
7.6280e-02,-0.0478125,-0.00148781
7.6290e-02,-0.0482812,-0.00133125
7.6300e-02,-0.058125,-0.000885
7.6310e-02,-0.0467188,-0.00254344
7.6320e-02,-0.0571875,-0.00159344
7.6330e-02,-0.0298438,-0.00112594
7.6340e-02,-0.048125,-0.00130375
7.6350e-02,-0.0451563,-0.0010025
7.6360e-02,-0.0745313,-0.00125969
7.6370e-02,-0.0439063,-0.00137063
7.6380e-02,-0.0453125,-0.00130219
7.6390e-02,-0.0465625,-0.001645
7.6400e-02,-0.0414063,-0.001925
7.6410e-02,-0.0392187,-0.00129219
7.6420e-02,-0.0439063,-0.0012825
7.6430e-02,-0.0492188,-0.00148813
7.6440e-02,-0.0470312,-0.00135063
7.6450e-02,-0.0385937,-0.00121188
7.6460e-02,-0.0496875,-0.00145406
7.6470e-02,-0.0473438,-0.0013775
7.6480e-02,-0.050625,-0.0013375
7.6490e-02,-0.944688,-0.00137469
7.6500e-02,0.119687,-0.00343031
7.6510e-02,0.417031,-0.00555438
7.6520e-02,0.157969,-0.00682063
7.6530e-02,0.572344,-0.00745063
7.6540e-02,0.105938,-0.00697125
7.6550e-02,0.102813,-0.00687594
7.6560e-02,0.0778125,-0.00679781
7.6570e-02,0.0832813,-0.006805
7.6580e-02,0.0720312,-0.00706281
7.6590e-02,0.0570312,-0.00695188
7.6600e-02,0.0635938,-0.00689813
7.6610e-02,0.043125,-0.00686688
7.6620e-02,0.0459375,-0.00684844
7.6630e-02,0.0389063,-0.00686531
7.6640e-02,0.060625,-0.00689031
7.6650e-02,0.0401563,-0.00676688
7.6660e-02,0.0257813,-0.00695406
7.6670e-02,0.0448438,-0.00678719
7.6680e-02,0.0275,-0.00679563
7.6690e-02,0.0439062,-0.0070575
7.6700e-02,0.0371875,-0.00695938
7.6710e-02,0.0260938,-0.00681313
7.6720e-02,0.008125,-0.00673406
7.6730e-02,0.0175,-0.006975
7.6740e-02,0.0139062,-0.00668563
7.6750e-02,0.02625,-0.005045
7.6760e-02,0.0303125,-0.00248344
7.6770e-02,0.0179688,-0.00149
7.6780e-02,0.00765625,-0.00179063
7.6790e-02,0.00734375,-0.0021125
7.6800e-02,0.0107812,-0.00224125
7.6810e-02,0.00890625,-0.00129719
7.6820e-02,0.00203125,-0.00168656
7.6830e-02,0.0134375,-0.00102938
7.6840e-02,0.00453125,-0.00124313
7.6850e-02,0.0146875,-0.00171469
7.6860e-02,0.0117188,-0.00138594
7.6870e-02,0.00296875,-0.00201594
7.6880e-02,0.00609375,-0.00132313
7.6890e-02,0.0025,-0.000800938
7.6900e-02,0.0078125,-0.0013325
7.6910e-02,0.0146875,-0.00131969
7.6920e-02,-0.00359375,-0.00277469
7.6930e-02,-0.003125,-0.00177375
7.6940e-02,0.0140625,-0.00123469
7.6950e-02,0.0025,-0.00139656
7.6960e-02,-0.0109375,-0.00118313
7.6970e-02,-0.000625,-0.00164063
7.6980e-02,-0.00234375,-0.001605
7.6990e-02,-0.00328125,-0.00176906
7.7000e-02,-0.010625,-0.00152813
7.7010e-02,-0.00421875,-0.00168438
7.7020e-02,-0.00828125,-0.00162219
7.7030e-02,0.00015625,-0.00135875
7.7040e-02,0.00109375,-0.00189281
7.7050e-02,-0.00578125,-0.00210219
7.7060e-02,0.00296875,-0.00180031
7.7070e-02,-0.0146875,-0.00152406
7.7080e-02,-0.00609375,-0.00177094
7.7090e-02,-0.00484375,-0.0019875
7.7100e-02,-0.0034375,-0.001935
7.7110e-02,-0.0184375,-0.00171688
7.7120e-02,-0.0239063,-0.00207156
7.7130e-02,-0.00390625,-0.00166031
7.7140e-02,-0.00640625,-0.00181281
7.7150e-02,-0.0114062,-0.00135094
7.7160e-02,-0.0125,-0.00187938
7.7170e-02,-0.0125,-0.000965313
7.7180e-02,-0.005625,-0.0020625
7.7190e-02,-0.00640625,-0.00115375
7.7200e-02,-0.0075,-0.00182031
7.7210e-02,-0.0145312,-0.00120219
7.7220e-02,-0.0209375,-0.00148875
7.7230e-02,-0.0176563,-0.00255125
7.7240e-02,-0.0125,-0.00117313
7.7250e-02,-0.00359375,-0.00158594
7.7260e-02,-0.008125,-0.00157813
7.7270e-02,-0.0154687,-0.00142125
7.7280e-02,-0.0040625,-0.00214156
7.7290e-02,-0.000625,-0.00180375
7.7300e-02,-0.00625,-0.00156656
7.7310e-02,-0.0125,-0.00191406
7.7320e-02,-0.0115625,-0.00153563
7.7330e-02,-0.00828125,-0.00230063
7.7340e-02,-0.0115625,-0.00166
7.7350e-02,-0.0040625,-0.00190219
7.7360e-02,-0.0164063,-0.00196313
7.7370e-02,-0.004375,-0.00195188
7.7380e-02,-0.0142188,-0.00165844
7.7390e-02,-0.0182812,-0.00153875
7.7400e-02,-0.0065625,-0.00139313
7.7410e-02,-0.0220313,-0.00189469
7.7420e-02,-0.010625,-0.00230844
7.7430e-02,-0.00390625,-0.00175031
7.7440e-02,-0.0101563,-0.00168844
7.7450e-02,-0.01375,-0.00156
7.7460e-02,-0.0096875,-0.00222375
7.7470e-02,-0.0204688,-0.0016875
7.7480e-02,-0.01625,-0.00134125
7.7490e-02,-0.0146875,-0.0018425
7.7500e-02,-0.02375,-0.00100875
7.7510e-02,-0.0185937,-0.00152813
7.7520e-02,-0.0248438,-0.00207563
7.7530e-02,-0.0134375,-0.0015175
7.7540e-02,-0.010625,-0.0021975
7.7550e-02,-0.0096875,-0.00133469
7.7560e-02,-0.0129688,-0.00084625
7.7570e-02,-0.0284375,-0.001815
7.7580e-02,-0.0159375,-0.00148063
7.7590e-02,-0.0153125,-0.00144063
7.7600e-02,-0.0175,-0.00193219
7.7610e-02,-0.01375,-0.0012275
7.7620e-02,-0.0354688,-0.000421875
7.7630e-02,-0.0140625,-0.00132688
7.7640e-02,-0.0189062,-0.00144125
7.7650e-02,-0.00828125,-0.00184563
7.7660e-02,-0.0225,-0.00146344
7.7670e-02,-0.0239063,-0.00144656
7.7680e-02,-0.0117188,-0.00172688
7.7690e-02,-0.0120313,-0.00110281
7.7700e-02,-0.0235938,-0.00159469
7.7710e-02,-0.023125,-0.00188219
7.7720e-02,-0.00734375,-0.001635
7.7730e-02,-0.0165625,-0.00127906
7.7740e-02,-0.0232812,-0.00166375
7.7750e-02,-0.0259375,-0.00118969
7.7760e-02,-0.01125,-0.00159406
7.7770e-02,-0.0154687,-0.00123844
7.7780e-02,-0.0160938,-0.00194063
7.7790e-02,-0.02,-0.00141
7.7800e-02,-0.016875,-0.00142594
7.7810e-02,-0.0215625,-0.00151188
7.7820e-02,-0.0282813,-0.00180906
7.7830e-02,-0.0165625,-0.00159625
7.7840e-02,-0.0210938,-0.00118656
7.7850e-02,-0.0228125,-0.00116344
7.7860e-02,-0.023125,-0.00166188
7.7870e-02,-0.0173438,-0.00115406
7.7880e-02,-0.0285938,-0.0017825
7.7890e-02,-0.0329688,-0.0014175
7.7900e-02,-0.02125,-0.00135625
7.7910e-02,-0.0175,-0.00190875
7.7920e-02,-0.0189062,-0.00143344
7.7930e-02,-0.0217188,-0.00150281
7.7940e-02,-0.025625,-0.00212844
7.7950e-02,-0.0260937,-0.00139375
7.7960e-02,-0.02125,-0.00208156
7.7970e-02,-0.019375,-0.00101094
7.7980e-02,-0.0217188,-0.00114063
7.7990e-02,-0.015625,-0.00165375
7.8000e-02,-0.0248438,-0.00125063
7.8010e-02,-0.0239063,-0.00235375
7.8020e-02,-0.03375,-0.00162094
7.8030e-02,-0.0115625,-0.00194844
7.8040e-02,-0.02625,-0.00215125
7.8050e-02,-0.0239063,-0.0015925
7.8060e-02,-0.0245313,-0.0020275
7.8070e-02,-0.0192187,-0.001555
7.8080e-02,-0.015,-0.00255188
7.8090e-02,-0.0298438,-0.00140563
7.8100e-02,-0.0184375,-0.00129219
7.8110e-02,-0.0276563,-0.00163781
7.8120e-02,-0.0167188,-0.00127219
7.8130e-02,-0.0140625,-0.0012325
7.8140e-02,-0.0307813,-0.00162625
7.8150e-02,-0.0189062,-0.00132313
7.8160e-02,-0.026875,-0.0011725
7.8170e-02,-0.0270312,-0.00154719
7.8180e-02,-0.0292188,-0.00110688
7.8190e-02,-0.0135937,-0.00148281
7.8200e-02,-0.0229687,-0.00237094
7.8210e-02,-0.030625,-0.00146156
7.8220e-02,-0.0210938,-0.0018
7.8230e-02,-0.0228125,-0.00167656
7.8240e-02,-0.0178125,-0.00132625
7.8250e-02,-0.0279688,-0.00187406
7.8260e-02,-0.0370313,-0.00128938
7.8270e-02,-0.0209375,-0.001425
7.8280e-02,-0.0359375,-0.00118781
7.8290e-02,-0.0223437,-0.00197156
7.8300e-02,-0.0329688,-0.00177813
7.8310e-02,-0.0264062,-0.00150125
7.8320e-02,-0.0304688,-0.00206188
7.8330e-02,-0.0240625,-0.00181031
7.8340e-02,-0.0271875,-0.00143438
7.8350e-02,-0.0307813,-0.00154875
7.8360e-02,-0.0353125,-0.00195312
7.8370e-02,-0.0335937,-0.00173188
7.8380e-02,-0.016875,-0.00166906
7.8390e-02,-0.0360938,-0.00173094
7.8400e-02,-0.0382813,-0.00119969
7.8410e-02,-0.0167188,-0.00199281
7.8420e-02,-0.0242188,-0.00157938
7.8430e-02,-0.0321875,-0.00163438
7.8440e-02,-0.0215625,-0.00160281
7.8450e-02,-0.0298438,-0.00168688
7.8460e-02,-0.0320312,-0.00170875
7.8470e-02,-0.0276563,-0.00142688
7.8480e-02,-0.0392187,-0.00103531
7.8490e-02,-0.026875,-0.0017825
7.8500e-02,-0.0304688,-0.00115531
7.8510e-02,-0.0321875,-0.00195594
7.8520e-02,-0.0321875,-0.00189344
7.8530e-02,-0.0384375,-0.00174375
7.8540e-02,-0.0296875,-0.00179469
7.8550e-02,-0.0198438,-0.00116219
7.8560e-02,-0.0171875,-0.00199375
7.8570e-02,-0.0378125,-0.00140813
7.8580e-02,-0.0329688,-0.00160625
7.8590e-02,-0.0384375,-0.00182625
7.8600e-02,-0.0273438,-0.00155969
7.8610e-02,-0.0275,-0.00100531
7.8620e-02,-0.0273438,-0.00182594
7.8630e-02,-0.0296875,-0.00136188
7.8640e-02,-0.0304688,-0.00194031
7.8650e-02,-0.0342187,-0.00176063
7.8660e-02,-0.0303125,-0.001625
7.8670e-02,-0.0317188,-0.001775
7.8680e-02,-0.0275,-0.0012475
7.8690e-02,-0.0182812,-0.00148188
7.8700e-02,-0.0242188,-0.00164656
7.8710e-02,-0.0326562,-0.00136656
7.8720e-02,-0.0321875,-0.000985313
7.8730e-02,-0.0310937,-0.0016575
7.8740e-02,-0.0221875,-0.00146125
7.8750e-02,-0.0270312,-0.00135625
7.8760e-02,-0.03,-0.00122031
7.8770e-02,-0.036875,-0.00201438
7.8780e-02,-0.0175,-0.00155125
7.8790e-02,-0.0242188,-0.00141156
7.8800e-02,-0.028125,-0.00125156
7.8810e-02,-0.0307813,-0.00175344
7.8820e-02,-0.0335937,-0.00147656
7.8830e-02,-0.0285938,-0.00201375
7.8840e-02,-0.0353125,-0.00125094
7.8850e-02,-0.045625,-0.00144938
7.8860e-02,-0.0367188,-0.00189
7.8870e-02,-0.0342187,-0.0018125
7.8880e-02,-0.0384375,-0.00186375
7.8890e-02,-0.02125,-0.00191906
7.8900e-02,-0.0364063,-0.00162875
7.8910e-02,-0.0340625,-0.00216406
7.8920e-02,-0.0217188,-0.00245063
7.8930e-02,-0.0345312,-0.001805
7.8940e-02,-0.024375,-0.00107313
7.8950e-02,-0.0295313,-0.0019925
7.8960e-02,-0.0307813,-0.00174156
7.8970e-02,-0.0223437,-0.000775938
7.8980e-02,-0.0367188,-0.00208406
7.8990e-02,-0.0360938,-0.00129094
7.9000e-02,-0.045625,-0.00125719
7.9010e-02,-0.0373438,-0.00173125
7.9020e-02,-0.0403125,-0.00118188
7.9030e-02,-0.0407813,-0.00174125
7.9040e-02,-0.0382813,-0.00208063
7.9050e-02,-0.0335937,-0.00106188
7.9060e-02,-0.0409375,-0.00207938
7.9070e-02,-0.0409375,-0.00135781
7.9080e-02,-0.035625,-0.00155031
7.9090e-02,-0.0232812,-0.00152406
7.9100e-02,-0.0426562,-0.00168594
7.9110e-02,-0.0354688,-0.00126719
7.9120e-02,-0.0334375,-0.00181813
7.9130e-02,-0.0301563,-0.00149313
7.9140e-02,-0.0325,-0.00119031
7.9150e-02,-0.0257812,-0.00194219
7.9160e-02,-0.0404687,-0.00167313
7.9170e-02,-0.0359375,-0.00112
7.9180e-02,-0.0276563,-0.0017425
7.9190e-02,-0.0290625,-0.00138594
7.9200e-02,-0.0307813,-0.00107063
7.9210e-02,-0.0326562,-0.00162969
7.9220e-02,-0.0354688,-0.00175969
7.9230e-02,-0.03125,-0.00143281
7.9240e-02,-0.0278125,-0.00108406
7.9250e-02,-0.0278125,-0.00174094
7.9260e-02,-0.0278125,-0.0019475
7.9270e-02,-0.04,-0.00138125
7.9280e-02,-0.0407813,-0.00163688
7.9290e-02,-0.031875,-0.00170781
7.9300e-02,-0.0320312,-0.00154344
7.9310e-02,-0.0401563,-0.00158906
7.9320e-02,-0.0317188,-0.00147
7.9330e-02,-0.0432813,-0.00140906
7.9340e-02,-0.0265625,-0.00140156
7.9350e-02,-0.0398437,-0.00184094
7.9360e-02,-0.0379688,-0.0018775
7.9370e-02,-0.0270312,-0.001875
7.9380e-02,-0.0303125,-0.00156969
7.9390e-02,-0.034375,-0.001405
7.9400e-02,-0.0235938,-0.00179938
7.9410e-02,-0.0426562,-0.00115188
7.9420e-02,-0.0314062,-0.00119438
7.9430e-02,-0.034375,-0.00125813
7.9440e-02,-0.036875,-0.00155281
7.9450e-02,-0.034375,-0.00150438
7.9460e-02,-0.035625,-0.00153531
7.9470e-02,-0.0257812,-0.00168188
7.9480e-02,-0.04125,-0.00149438
7.9490e-02,-0.038125,-0.00150375
7.9500e-02,-0.0160938,-0.00169344
7.9510e-02,-0.0370313,-0.00204625
7.9520e-02,-0.0235938,-0.00082125
7.9530e-02,-0.0396875,-0.000885
7.9540e-02,-0.0392187,-0.0015325
7.9550e-02,-0.03375,-0.00157313
7.9560e-02,-0.0440625,-0.00182344
7.9570e-02,-0.0429688,-0.0012375
7.9580e-02,-0.0273438,-0.00104063
7.9590e-02,-0.0382813,-0.00217094
7.9600e-02,-0.0275,-0.00197344
7.9610e-02,-0.0329688,-0.00171656
7.9620e-02,-0.0342187,-0.00212875
7.9630e-02,-0.0395313,-0.002015
7.9640e-02,-0.0371875,-0.00114437
7.9650e-02,-0.03375,-0.00190906
7.9660e-02,-0.0384375,-0.00118156
7.9670e-02,-0.0379688,-0.00155688
7.9680e-02,-0.0326562,-0.00163906
7.9690e-02,-0.038125,-0.0018825
7.9700e-02,-0.026875,-0.00182281
7.9710e-02,-0.0367188,-0.00130125
7.9720e-02,-0.0409375,-0.00183875
7.9730e-02,-0.039375,-0.0024075
7.9740e-02,-0.0357813,-0.00147813
7.9750e-02,-0.0378125,-0.00142125
7.9760e-02,-0.0282813,-0.00096375
7.9770e-02,-0.0376563,-0.00146031
7.9780e-02,-0.0314062,-0.00139625
7.9790e-02,-0.0301563,-0.00126469
7.9800e-02,-0.0304688,-0.00149594
7.9810e-02,-0.0457813,-0.000767813
7.9820e-02,-0.0325,-0.001525
7.9830e-02,-0.0382813,-0.00156625
7.9840e-02,-0.0490625,-0.00196938
7.9850e-02,-0.0382813,-0.00195406
7.9860e-02,-0.0407813,-0.00197781
7.9870e-02,-0.0529687,-0.00239906
7.9880e-02,-0.0345312,-0.00146781
7.9890e-02,-0.040625,-0.00170188
7.9900e-02,-0.03875,-0.00204875
7.9910e-02,-0.0334375,-0.000927188
7.9920e-02,-0.0425,-0.00174688
7.9930e-02,-0.0348437,-0.00195063
7.9940e-02,-0.044375,-0.00138344
7.9950e-02,-0.0435938,-0.00163281
7.9960e-02,-0.039375,-0.00109969
7.9970e-02,-0.0409375,-0.00126313
7.9980e-02,-0.0365625,-0.00193313
7.9990e-02,-0.0425,-0.00139094
8.0000e-02,-0.0360938,-0.00256438
8.0010e-02,-0.0309375,-0.00110313
8.0020e-02,-0.0410937,-0.00193906
8.0030e-02,-0.0378125,-0.00172969
8.0040e-02,-0.0340625,-0.00174781
8.0050e-02,-0.0426562,-0.00204688
8.0060e-02,-0.0279688,-0.00113188
8.0070e-02,-0.0396875,-0.00207
8.0080e-02,-0.0342187,-0.00151938
8.0090e-02,-0.0364063,-0.00157344
8.0100e-02,-0.0457813,-0.00199469
8.0110e-02,-0.038125,-0.00122094
8.0120e-02,-0.029375,-0.00154781
8.0130e-02,-0.0285938,-0.00153688
8.0140e-02,-0.0425,-0.00234813
8.0150e-02,-0.0354688,-0.00098
8.0160e-02,-0.033125,-0.00125188
8.0170e-02,-0.0482812,-0.00140719
8.0180e-02,-0.0439063,-0.00119969
8.0190e-02,-0.0423437,-0.00239031
8.0200e-02,-0.0296875,-0.00111219
8.0210e-02,-0.0354688,-0.00247313
8.0220e-02,-0.0448438,-0.0015775
8.0230e-02,-0.0435938,-0.0017875
8.0240e-02,-0.0346875,-0.002175
8.0250e-02,-0.0310937,-0.00151688
8.0260e-02,-0.030625,-0.00154219
8.0270e-02,-0.0442188,-0.00111719
8.0280e-02,-0.0414063,-0.00127531
8.0290e-02,-0.0310937,-0.00197719
8.0300e-02,-0.0473438,-0.00137656
8.0310e-02,-0.0403125,-0.00199813
8.0320e-02,-0.048125,-0.00177844
8.0330e-02,-0.0326562,-0.00157906
8.0340e-02,-0.045,-0.00225938
8.0350e-02,-0.036875,-0.00112625
8.0360e-02,-0.0284375,-0.00169063
8.0370e-02,-0.0425,-0.00216563
8.0380e-02,-0.0342187,-0.00209594
8.0390e-02,-0.039375,-0.00177313
8.0400e-02,-0.043125,-0.00133094
8.0410e-02,-0.0415625,-0.001235
8.0420e-02,-0.0432813,-0.00065125
8.0430e-02,-0.0457813,-0.00163063
8.0440e-02,-0.0410937,-0.00191969
8.0450e-02,-0.039375,-0.00125469
8.0460e-02,-0.0404687,-0.00212125
8.0470e-02,-0.03875,-0.00206281
8.0480e-02,-0.0446875,-0.00186531
8.0490e-02,-0.0323438,-0.00166156
8.0500e-02,-0.0421875,-0.00143375
8.0510e-02,-0.0289063,-0.001375
8.0520e-02,-0.0260937,-0.00132969
8.0530e-02,-0.0479688,-0.0022875
8.0540e-02,-0.0314062,-0.00183125
8.0550e-02,-0.0471875,-0.00188
8.0560e-02,-0.05125,-0.00113031
8.0570e-02,-0.045,-0.00147938
8.0580e-02,-0.0348437,-0.00158625
8.0590e-02,-0.0425,-0.00125063
8.0600e-02,-0.0314062,-0.00157531
8.0610e-02,-0.043125,-0.00184375
8.0620e-02,-0.0359375,-0.00114313
8.0630e-02,-0.0379688,-0.00195969
8.0640e-02,-0.0321875,-0.00113594
8.0650e-02,-0.0473438,-0.00142219
8.0660e-02,-0.0421875,-0.001935
8.0670e-02,-0.0439063,-0.00130563
8.0680e-02,-0.0445313,-0.00267781
8.0690e-02,-0.0359375,-0.00138813
8.0700e-02,-0.045625,-0.00153031
8.0710e-02,-0.03,-0.00133063
8.0720e-02,-0.05125,-0.000670938
8.0730e-02,-0.025,-0.0018225
8.0740e-02,-0.0370313,-0.000834688
8.0750e-02,-0.0301563,-0.001315
8.0760e-02,-0.0335937,-0.00198281
8.0770e-02,-0.0365625,-0.00198
8.0780e-02,-0.045,-0.00151188
8.0790e-02,-0.04375,-0.00193688
8.0800e-02,-0.0453125,-0.00192938
8.0810e-02,-0.0471875,-0.00201938
8.0820e-02,-0.0301563,-0.00133813
8.0830e-02,-0.0370313,-0.00145125
8.0840e-02,-0.0360938,-0.00164813
8.0850e-02,-0.03375,-0.00155344
8.0860e-02,-0.033125,-0.00176
8.0870e-02,-0.0389063,-0.001335
8.0880e-02,-0.0460938,-0.00137188
8.0890e-02,-0.0459375,-0.00181375
8.0900e-02,-0.039375,-0.0016825
8.0910e-02,-0.044375,-0.00234344
8.0920e-02,-0.028125,-0.00197156
8.0930e-02,-0.0321875,-0.00136281
8.0940e-02,-0.0329688,-0.00179031
8.0950e-02,-0.0448438,-0.00123
8.0960e-02,-0.0496875,-0.00169563
8.0970e-02,-0.038125,-0.00180813
8.0980e-02,-0.031875,-0.00204406
8.0990e-02,-0.034375,-0.00225563
8.1000e-02,-0.0578125,-0.00213375
8.1010e-02,-0.0342187,-0.00141313
8.1020e-02,-0.03,-0.001475
8.1030e-02,-0.0425,-0.00201469
8.1040e-02,-0.039375,-0.00156938
8.1050e-02,-0.038125,-0.00158531
8.1060e-02,-0.0370313,-0.00144688
8.1070e-02,-0.0370313,-0.00173125
8.1080e-02,-0.049375,-0.00149875
8.1090e-02,-0.0334375,-0.00186719
8.1100e-02,-0.025625,-0.00227438
8.1110e-02,-0.0445313,-0.00178781
8.1120e-02,-0.03625,-0.00166313
8.1130e-02,-0.035625,-0.00175844
8.1140e-02,-0.04375,-0.000833125
8.1150e-02,-0.0459375,-0.00135625
8.1160e-02,-0.0379688,-0.00161938
8.1170e-02,-0.040625,-0.00143875
8.1180e-02,-0.0357813,-0.00177094
8.1190e-02,-0.0389063,-0.00129906
8.1200e-02,-0.0428125,-0.00160375
8.1210e-02,-0.0465625,-0.00213844
8.1220e-02,-0.045625,-0.00140938
8.1230e-02,-0.0351562,-0.00221219
8.1240e-02,-0.0396875,-0.00210719
8.1250e-02,-0.046875,-0.00153406
8.1260e-02,-0.038125,-0.000861563
8.1270e-02,-0.035,-0.000983125
8.1280e-02,-0.0482812,-0.00167781
8.1290e-02,-0.0503125,-0.00158031
8.1300e-02,-0.0548437,-0.00207531
8.1310e-02,-0.0367188,-0.00227969
8.1320e-02,-0.0517188,-0.00179969
8.1330e-02,-0.039375,-0.00209875
8.1340e-02,-0.0351562,-0.00208063
8.1350e-02,-0.03625,-0.00163563
8.1360e-02,-0.0465625,-0.00204219
8.1370e-02,-0.0385937,-0.00111563
8.1380e-02,-0.0473438,-0.00129875
8.1390e-02,-0.049375,-0.00190906
8.1400e-02,-0.034375,-0.0015125
8.1410e-02,-0.0354688,-0.00152375
8.1420e-02,-0.0353125,-0.00136156
8.1430e-02,-0.0460938,-0.00107688
8.1440e-02,-0.0501562,-0.00237219
8.1450e-02,-0.0521875,-0.00198594
8.1460e-02,-0.04125,-0.00221219
8.1470e-02,-0.0445313,-0.00172813
8.1480e-02,-0.0409375,-0.00197406
8.1490e-02,-0.0426562,-0.001575
8.1500e-02,-0.0392187,-0.000919063
8.1510e-02,-0.0420312,-0.00209281
8.1520e-02,-0.0417187,-0.00166031
8.1530e-02,-0.0442188,-0.00134719
8.1540e-02,-0.0332812,-0.00188
8.1550e-02,-0.0492188,-0.00160438
8.1560e-02,-0.04375,-0.00168781
8.1570e-02,-0.0429688,-0.00138438
8.1580e-02,-0.0321875,-0.002015
8.1590e-02,-0.0276563,-0.00166813
8.1600e-02,-0.0320312,-0.00129969
8.1610e-02,-0.0414063,-0.00200563
8.1620e-02,-0.0503125,-0.0010225
8.1630e-02,-0.038125,-0.000998125
8.1640e-02,-0.0414063,-0.00153031
8.1650e-02,-0.055625,-0.00168406
8.1660e-02,-0.03375,-0.001965
8.1670e-02,-0.0434375,-0.00142719
8.1680e-02,-0.0425,-0.00148781
8.1690e-02,-0.0390625,-0.00133906
8.1700e-02,-0.04,-0.00166875
8.1710e-02,-0.045625,-0.00170188
8.1720e-02,-0.0428125,-0.00130438
8.1730e-02,-0.04375,-0.000697813
8.1740e-02,-0.0473438,-0.00113219
8.1750e-02,-0.0428125,-0.00129781
8.1760e-02,-0.0417187,-0.00143375
8.1770e-02,-0.0414063,-0.00190594
8.1780e-02,-0.0428125,-0.00193625
8.1790e-02,-0.0425,-0.00168719
8.1800e-02,-0.0490625,-0.00175
8.1810e-02,-0.0492188,-0.000726875
8.1820e-02,-0.03375,-0.00187063
8.1830e-02,-0.0407813,-0.00137719
8.1840e-02,-0.0328125,-0.0022675
8.1850e-02,-0.034375,-0.00172125
8.1860e-02,-0.0485938,-0.00181406
8.1870e-02,-0.0423437,-0.00172844
8.1880e-02,-0.0428125,-0.00150844
8.1890e-02,-0.0465625,-0.00100969
8.1900e-02,-0.0459375,-0.00156719
8.1910e-02,-0.0535937,-0.00184375
8.1920e-02,-0.0479688,-0.00158688
8.1930e-02,-0.05,-0.00113875
8.1940e-02,-0.0360938,-0.00195
8.1950e-02,-0.0614062,-0.00221813
8.1960e-02,-0.0371875,-0.00163938
8.1970e-02,-0.043125,-0.00174094
8.1980e-02,-0.0376563,-0.00217687
8.1990e-02,-0.0634375,-0.00189938
8.2000e-02,-0.0453125,-0.00113813
8.2010e-02,-0.0410937,-0.000504063
8.2020e-02,-0.05125,-0.00191563
8.2030e-02,-0.0445313,-0.00207531
8.2040e-02,-0.0378125,-0.002245
8.2050e-02,-0.0532813,-0.00187438
8.2060e-02,-0.0370313,-0.00146375
8.2070e-02,-0.03625,-0.00238438
8.2080e-02,-0.0317188,-0.00155219
8.2090e-02,-0.03875,-0.00190531
8.2100e-02,-0.0448438,-0.00163281
8.2110e-02,-0.0478125,-0.0023525
8.2120e-02,-0.0490625,-0.00135813
8.2130e-02,-0.0420312,-0.00139844
8.2140e-02,-0.0632812,-0.00243563
8.2150e-02,-0.049375,-0.00233063
8.2160e-02,-0.0367188,-0.00180531
8.2170e-02,-0.0409375,-0.00135813
8.2180e-02,-0.0285938,-0.00159875
8.2190e-02,-0.0435938,-0.00191094
8.2200e-02,-0.0348437,-0.00156
8.2210e-02,-0.0379688,-0.00178406
8.2220e-02,-0.044375,-0.00169938
8.2230e-02,-0.0440625,-0.00128938
8.2240e-02,-0.041875,-0.0008725
8.2250e-02,-0.0429688,-0.00143781
8.2260e-02,-0.0423437,-0.000710313
8.2270e-02,-0.0540625,-0.000597188
8.2280e-02,-0.0392187,-0.00128188
8.2290e-02,-0.039375,-0.00117844
8.2300e-02,-0.046875,-0.00130938
8.2310e-02,-0.0571875,-0.00175125
8.2320e-02,-0.049375,-0.00117594
8.2330e-02,-0.0426562,-0.000996563
8.2340e-02,-0.04875,-0.0015225
8.2350e-02,-0.036875,-0.00157344
8.2360e-02,-0.0446875,-0.00162219
8.2370e-02,-0.0507812,-0.000940313
8.2380e-02,-0.0420312,-0.00218563
8.2390e-02,-0.0507812,-0.00139438
8.2400e-02,-0.043125,-0.00131094
8.2410e-02,-0.0476562,-0.00167969
8.2420e-02,-0.0421875,-0.00174219
8.2430e-02,-0.04125,-0.00155656
8.2440e-02,-0.0528125,-0.00149781
8.2450e-02,-0.0496875,-0.00156688
8.2460e-02,-0.0471875,-0.00132625
8.2470e-02,-0.04875,-0.00121469
8.2480e-02,-0.03375,-0.00195625
8.2490e-02,-0.0521875,-0.00137313
8.2500e-02,-0.0328125,-0.00164313
8.2510e-02,-0.0398437,-0.00152063
8.2520e-02,-0.0476562,-0.00122937
8.2530e-02,-0.0409375,-0.00145063
8.2540e-02,-0.0467188,-0.00106031
8.2550e-02,-0.0434375,-0.00243656
8.2560e-02,-0.0323438,-0.0015375
8.2570e-02,-0.0410937,-0.00142281
8.2580e-02,-0.04375,-0.00108719
8.2590e-02,-0.0509375,-0.00184906
8.2600e-02,-0.0365625,-0.00165188
8.2610e-02,-0.0410937,-0.00074125
8.2620e-02,-0.0485938,-0.00101219
8.2630e-02,-0.0448438,-0.00195688
8.2640e-02,-0.0365625,-0.00202625
8.2650e-02,-0.0528125,-0.00205344
8.2660e-02,-0.034375,-0.00150219
8.2670e-02,-0.0482812,-0.00169563
8.2680e-02,-0.0421875,-0.00140969
8.2690e-02,-0.0501562,-0.00121906
8.2700e-02,-0.0595313,-0.00123438
8.2710e-02,-0.0485938,-0.0005225
8.2720e-02,-0.0445313,-0.00161875
8.2730e-02,-0.053125,-0.00114594
8.2740e-02,-0.041875,-0.00223094
8.2750e-02,-0.0453125,-0.00156719
8.2760e-02,-0.048125,-0.00111406
8.2770e-02,-0.04375,-0.00180938
8.2780e-02,-0.0535937,-0.00156875
8.2790e-02,-0.0585938,-0.00215813
8.2800e-02,-0.051875,-0.00194219
8.2810e-02,-0.053125,-0.00190688
8.2820e-02,-0.0484375,-0.00185188
8.2830e-02,-0.0307813,-0.000985938
8.2840e-02,-0.0492188,-0.00144719
8.2850e-02,-0.0421875,-0.00132563
8.2860e-02,-0.0264062,-0.00140094
8.2870e-02,-0.041875,-0.00200094
8.2880e-02,-0.048125,-0.00142281
8.2890e-02,-0.0503125,-0.00173125
8.2900e-02,-0.0378125,-0.00162688
8.2910e-02,-0.0492188,-0.00157656
8.2920e-02,-0.0398437,-0.00196406
8.2930e-02,-0.0445313,-0.00107313
8.2940e-02,-0.0357813,-0.00197813
8.2950e-02,-0.050625,-0.00133219
8.2960e-02,-0.0534375,-0.0017075
8.2970e-02,-0.0453125,-0.001645
8.2980e-02,-0.0453125,-0.00132625
8.2990e-02,-0.043125,-0.00182594
8.3000e-02,-0.0354688,-0.00156688
8.3010e-02,-0.0535937,-0.00127219
8.3020e-02,-0.04875,-0.00126813
8.3030e-02,-0.045,-0.00115313
8.3040e-02,-0.0471875,-0.0011625
8.3050e-02,-0.0451563,-0.00155531
8.3060e-02,-0.0459375,-0.00195188
8.3070e-02,-0.055625,-0.00125594
8.3080e-02,-0.0451563,-0.00113125
8.3090e-02,-0.0478125,-0.00107063
8.3100e-02,-0.0365625,-0.000629375
8.3110e-02,-0.0464062,-0.00147563
8.3120e-02,-0.0367188,-0.00121719
8.3130e-02,-0.0457813,-0.00199844
8.3140e-02,-0.0384375,-0.00142125
8.3150e-02,-0.0446875,-0.00121656
8.3160e-02,-0.0465625,-0.00149469
8.3170e-02,-0.043125,-0.00154438
8.3180e-02,-0.0310937,-0.00138313
8.3190e-02,-0.0489062,-0.000837813
8.3200e-02,-0.0428125,-0.00129531
8.3210e-02,-0.0404687,-0.00182063
8.3220e-02,-0.0484375,-0.0008575
8.3230e-02,-0.0415625,-0.00196906
8.3240e-02,-0.0403125,-0.00161438
8.3250e-02,-0.0404687,-0.000942188
8.3260e-02,-0.0445313,-0.00157563
8.3270e-02,-0.0370313,-0.00154531
8.3280e-02,-0.0448438,-0.00140156
8.3290e-02,-0.0471875,-0.00222719
8.3300e-02,-0.05125,-0.00134875
8.3310e-02,-0.0451563,-0.00191781
8.3320e-02,-0.0479688,-0.00123563
8.3330e-02,-0.0454688,-0.00115313
8.3340e-02,-0.0484375,-0.00164844
8.3350e-02,-0.0401563,-0.0007125
8.3360e-02,-0.0495312,-0.00121844
8.3370e-02,-0.040625,-0.0014625
8.3380e-02,-0.0475,-0.0012525
8.3390e-02,-0.0425,-0.00172438
8.3400e-02,-0.0504687,-0.001125
8.3410e-02,-0.0359375,-0.00155281
8.3420e-02,-0.033125,-0.00170125
8.3430e-02,-0.0489062,-0.00152063
8.3440e-02,-0.0365625,-0.001575
8.3450e-02,-0.0473438,-0.00172344
8.3460e-02,-0.0346875,-0.00149594
8.3470e-02,-0.0528125,-0.00120281
8.3480e-02,-0.0384375,-0.000862188
8.3490e-02,-0.0514063,-0.00197875
8.3500e-02,-0.0482812,-0.000235
8.3510e-02,-0.040625,-0.00151219
8.3520e-02,-0.053125,-0.00225563
8.3530e-02,-0.0479688,-0.00106375
8.3540e-02,-0.0415625,-0.00202406
8.3550e-02,-0.049375,-0.00122594
8.3560e-02,-0.050625,-0.0011675
8.3570e-02,-0.0559375,-0.00131563
8.3580e-02,-0.0390625,-0.00177094
8.3590e-02,-0.0401563,-0.00184469
8.3600e-02,-0.0534375,-0.000668438
8.3610e-02,-0.0428125,-0.00116063
8.3620e-02,-0.0460938,-0.00116938
8.3630e-02,-0.0503125,-0.00111344
8.3640e-02,-0.0429688,-0.00255969
8.3650e-02,-0.0454688,-0.00133219
8.3660e-02,-0.0460938,-0.00158438
8.3670e-02,-0.05,-0.00165313
8.3680e-02,-0.0407813,-0.00160094
8.3690e-02,-0.0510938,-0.00167469
8.3700e-02,-0.05625,-0.00195156
8.3710e-02,-0.053125,-0.0015275
8.3720e-02,-0.0429688,-0.00136781
8.3730e-02,-0.0407813,-0.000944375
8.3740e-02,-0.0492188,-0.000342188
8.3750e-02,-0.0596875,-0.00305031
8.3760e-02,-0.0448438,-0.000723438
8.3770e-02,-0.06,-0.00101344
8.3780e-02,-0.0501562,-0.000872188
8.3790e-02,-0.05,-0.00189469
8.3800e-02,-0.04,-0.00126
8.3810e-02,-0.0421875,-0.00217594
8.3820e-02,-0.0542187,-0.00156844
8.3830e-02,-0.0351562,-0.00229625
8.3840e-02,-0.0507812,-0.000936563
8.3850e-02,-0.0470312,-0.00221375
8.3860e-02,-0.0320312,-0.00167188
8.3870e-02,-0.0471875,-0.00097625
8.3880e-02,-0.0473438,-0.00119313
8.3890e-02,-0.0496875,-0.00121281
8.3900e-02,-0.0509375,-0.000791875
8.3910e-02,-0.045625,-0.00161156
8.3920e-02,-0.045,-0.00130469
8.3930e-02,-0.0435938,-0.00152719
8.3940e-02,-0.0465625,-0.00171969
8.3950e-02,-0.0504687,-0.00124406
8.3960e-02,-0.0460938,-0.00205344
8.3970e-02,-0.035,-0.00127031
8.3980e-02,-0.0479688,-0.00150313
8.3990e-02,-0.0382813,-0.00168844
8.4000e-02,-0.0398437,-0.00108313
8.4010e-02,-0.0348437,-0.00197094
8.4020e-02,-0.0428125,-0.00157656
8.4030e-02,-0.0428125,-0.0011075
8.4040e-02,-0.0382813,-0.00164844
8.4050e-02,-0.0348437,-0.00095625
8.4060e-02,-0.0457813,-0.00192031
8.4070e-02,-0.0503125,-0.00145063
8.4080e-02,-0.049375,-0.00151469
8.4090e-02,-0.0367188,-0.00200375
8.4100e-02,-0.0473438,-0.00126063
8.4110e-02,-0.048125,-0.00101906
8.4120e-02,-0.05125,-0.00122531
8.4130e-02,-0.0404687,-0.00120844
8.4140e-02,-0.0389063,-0.00174313
8.4150e-02,-0.0407813,-0.00197625
8.4160e-02,-0.05,-0.00218781
8.4170e-02,-0.0446875,-0.00166406
8.4180e-02,-0.0548437,-0.00128625
8.4190e-02,-0.0471875,-0.00222031
8.4200e-02,-0.04375,-0.00101563
8.4210e-02,-0.0576563,-0.00178719
8.4220e-02,-0.0428125,-0.0013675
8.4230e-02,-0.041875,-0.00135906
8.4240e-02,-0.0482812,-0.00160438
8.4250e-02,-0.048125,-0.00111219
8.4260e-02,-0.0485938,-0.00182125
8.4270e-02,-0.0504687,-0.00165875
8.4280e-02,-0.040625,-0.00201313
8.4290e-02,-0.0510938,-0.00170031
8.4300e-02,-0.0426562,-0.0019675
8.4310e-02,-0.0471875,-0.00227312
8.4320e-02,-0.0425,-0.00148
8.4330e-02,-0.0404687,-0.00199125
8.4340e-02,-0.0415625,-0.00120938
8.4350e-02,-0.0451563,-0.00169094
8.4360e-02,-0.0473438,-0.00169156
8.4370e-02,-0.0470312,-0.00143563
8.4380e-02,-0.0459375,-0.00198781
8.4390e-02,-0.0496875,-0.00123031
8.4400e-02,-0.0514063,-0.00148906
8.4410e-02,-0.036875,-0.00084375
8.4420e-02,-0.0417187,-0.00146656
8.4430e-02,-0.05125,-0.00139313
8.4440e-02,-0.0425,-0.00144031
8.4450e-02,-0.0484375,-0.00145281
8.4460e-02,-0.040625,-0.00128375
8.4470e-02,-0.0460938,-0.00151125
8.4480e-02,-0.0545313,-0.00127969
8.4490e-02,-0.692031,-0.00134
8.4500e-02,-2.7825,-0.00368094
8.4510e-02,0.324062,-0.00510469
8.4520e-02,-0.939688,-0.00694531
8.4530e-02,-2.40531,-0.00735625
8.4540e-02,0.0635938,-0.00691531
8.4550e-02,0.112969,-0.00716563
8.4560e-02,0.0846875,-0.00686063
8.4570e-02,0.075625,-0.006855
8.4580e-02,0.0609375,-0.00706688
8.4590e-02,0.0573437,-0.00690844
8.4600e-02,0.0485937,-0.00692031
8.4610e-02,0.0395313,-0.00679281
8.4620e-02,0.0460938,-0.00687469
8.4630e-02,0.03,-0.00690906
8.4640e-02,0.0321875,-0.00696125
8.4650e-02,0.035,-0.00673563
8.4660e-02,0.0454688,-0.0069125
8.4670e-02,0.0279688,-0.00694719
8.4680e-02,0.0198438,-0.00689063
8.4690e-02,0.0325,-0.00697313
8.4700e-02,0.0209375,-0.00683875
8.4710e-02,0.025,-0.00674
8.4720e-02,0.0317188,-0.00674625
8.4730e-02,0.0178125,-0.00680313
8.4740e-02,0.0078125,-0.00688563
8.4750e-02,0.0114063,-0.00484813
8.4760e-02,0.0140625,-0.00268031
8.4770e-02,0.0135937,-0.00205344
8.4780e-02,0.0190625,-0.00220656
8.4790e-02,0.02375,-0.00277625
8.4800e-02,0.0034375,-0.00266625
8.4810e-02,0.00421875,-0.00211375
8.4820e-02,0.013125,-0.000948438
8.4830e-02,0.0182813,-0.0023325
8.4840e-02,0.00125,-0.00150156
8.4850e-02,0.0192188,-0.00232625
8.4860e-02,0.008125,-0.0017325
8.4870e-02,0.00578125,-0.00187813
8.4880e-02,0.003125,-0.00111813
8.4890e-02,0.00203125,-0.000994688
8.4900e-02,-0.0046875,-0.00114969
8.4910e-02,0.0040625,-0.00161969
8.4920e-02,0.00625,-0.00140563
8.4930e-02,-0.001875,-0.00216781
8.4940e-02,0.00125,-0.00173281
8.4950e-02,0.00375,-0.00135094
8.4960e-02,-0.00984375,-0.00142188
8.4970e-02,-0.0140625,-0.00116531
8.4980e-02,0.00625,-0.00235719
8.4990e-02,0,-0.0017075
8.5000e-02,-0.0139063,-0.00172063
8.5010e-02,-0.00546875,-0.00163625
8.5020e-02,0.00453125,-0.00203125
8.5030e-02,0.00703125,-0.00181656
8.5040e-02,-0.016875,-0.00248313
8.5050e-02,-0.00734375,-0.00184844
8.5060e-02,-0.004375,-0.00174563
8.5070e-02,-0.0134375,-0.00126563
8.5080e-02,-0.00140625,-0.000883438
8.5090e-02,-0.0078125,-0.00149656
8.5100e-02,-0.0034375,-0.00171656
8.5110e-02,-0.00734375,-0.00190656
8.5120e-02,-0.0084375,-0.00203906
8.5130e-02,-0.0101563,-0.00134875
8.5140e-02,-0.00578125,-0.00169375
8.5150e-02,-0.0117188,-0.00216438
8.5160e-02,-0.0115625,-0.00164625
8.5170e-02,-0.0078125,-0.00200969
8.5180e-02,-0.00875,-0.00192813
8.5190e-02,-0.011875,-0.001475
8.5200e-02,-0.0151562,-0.00115781
8.5210e-02,-0.0104688,-0.00168031
8.5220e-02,-0.0182812,-0.0010325
8.5230e-02,-0.0201563,-0.0009875
8.5240e-02,-0.0040625,-0.00154031
8.5250e-02,-0.0165625,-0.00136188
8.5260e-02,-0.00703125,-0.00198938
8.5270e-02,-0.0110937,-0.00127094
8.5280e-02,-0.0201563,-0.00135313
8.5290e-02,-0.013125,-0.00195594
8.5300e-02,-0.0171875,-0.00136469
8.5310e-02,-0.01,-0.00147875
8.5320e-02,-0.0142188,-0.00160188
8.5330e-02,-0.0132813,-0.000762813
8.5340e-02,-0.0178125,-0.000984375
8.5350e-02,-0.011875,-0.0011825
8.5360e-02,-0.0117188,-0.00152563
8.5370e-02,-0.00609375,-0.00201812
8.5380e-02,-0.0104688,-0.00242219
8.5390e-02,-0.01125,-0.000919375
8.5400e-02,-0.01125,-0.00182531
8.5410e-02,-0.0146875,-0.00114875
8.5420e-02,-0.0121875,-0.000600625
8.5430e-02,-0.0223437,-0.00136531
8.5440e-02,-0.01625,-0.00114969
8.5450e-02,-0.0195312,-0.00188469
8.5460e-02,-0.0235938,-0.00160719
8.5470e-02,-0.0167188,-0.00126625
8.5480e-02,-0.0207813,-0.00158719
8.5490e-02,-0.0170313,-0.00150063
8.5500e-02,-0.00671875,-0.00156625
8.5510e-02,-0.0198438,-0.00164125
8.5520e-02,-0.0101563,-0.00136938
8.5530e-02,-0.0178125,-0.00213844
8.5540e-02,-0.015,-0.00151875
8.5550e-02,-0.0264062,-0.00248406
8.5560e-02,-0.016875,-0.0014475
8.5570e-02,-0.0139063,-0.00171969
8.5580e-02,-0.0139063,-0.00202656
8.5590e-02,-0.0053125,-0.00218938
8.5600e-02,-0.0120313,-0.00154031
8.5610e-02,-0.015,-0.00186125
8.5620e-02,-0.013125,-0.00195906
8.5630e-02,-0.020625,-0.001795
8.5640e-02,-0.023125,-0.0020775
8.5650e-02,-0.0198438,-0.00127781
8.5660e-02,-0.0204688,-0.00221937
8.5670e-02,-0.020625,-0.001945
8.5680e-02,-0.0159375,-0.00141281
8.5690e-02,-0.0071875,-0.00259438
8.5700e-02,-0.025625,-0.00178031
8.5710e-02,-0.0129688,-0.00195156
8.5720e-02,-0.0157813,-0.00213719
8.5730e-02,-0.0151562,-0.00153531
8.5740e-02,-0.0140625,-0.00146875
8.5750e-02,-0.020625,-0.00119563
8.5760e-02,-0.0314062,-0.00251813
8.5770e-02,-0.0257812,-0.00186594
8.5780e-02,-0.0223437,-0.00176906
8.5790e-02,-0.0179687,-0.00134844
8.5800e-02,-0.00578125,-0.0008
8.5810e-02,-0.0284375,-0.00145438
8.5820e-02,-0.02625,-0.00102688
8.5830e-02,-0.021875,-0.00132438
8.5840e-02,-0.024375,-0.00145563
8.5850e-02,-0.0220313,-0.00155625
8.5860e-02,-0.0159375,-0.00159156
8.5870e-02,-0.0160938,-0.00149656
8.5880e-02,-0.0348437,-0.00174594
8.5890e-02,-0.02375,-0.00120531
8.5900e-02,-0.0110937,-0.00122594
8.5910e-02,-0.0315625,-0.0019425
8.5920e-02,-0.01875,-0.00178906
8.5930e-02,-0.0253125,-0.00183125
8.5940e-02,-0.0251563,-0.00189
8.5950e-02,-0.0320312,-0.00165156
8.5960e-02,-0.0303125,-0.00130188
8.5970e-02,-0.02375,-0.00166688
8.5980e-02,-0.0223437,-0.00100906
8.5990e-02,-0.0323438,-0.00134906
8.6000e-02,-0.0248438,-0.00119531
8.6010e-02,-0.0276563,-0.00160188
8.6020e-02,-0.020625,-0.00188938
8.6030e-02,-0.0192187,-0.00156125
8.6040e-02,-0.0151562,-0.00178375
8.6050e-02,-0.0165625,-0.00207594
8.6060e-02,-0.0201563,-0.00205531
8.6070e-02,-0.0125,-0.00119188
8.6080e-02,-0.0192187,-0.00202156
8.6090e-02,-0.0210938,-0.00145094
8.6100e-02,-0.02375,-0.00158031
8.6110e-02,-0.0242188,-0.00184594
8.6120e-02,-0.0175,-0.00147281
8.6130e-02,-0.0221875,-0.00173531
8.6140e-02,-0.0179687,-0.00119094
8.6150e-02,-0.0276563,-0.000825625
8.6160e-02,-0.0223437,-0.00170938
8.6170e-02,-0.0309375,-0.000932188
8.6180e-02,-0.0340625,-0.00172813
8.6190e-02,-0.0228125,-0.00145594
8.6200e-02,-0.0226562,-0.00165531
8.6210e-02,-0.02625,-0.00117656
8.6220e-02,-0.0253125,-0.00158563
8.6230e-02,-0.0309375,-0.00117188
8.6240e-02,-0.03875,-0.00193313
8.6250e-02,-0.0375,-0.00160813
8.6260e-02,-0.0379688,-0.00120969
8.6270e-02,-0.0215625,-0.00167563
8.6280e-02,-0.0170313,-0.00108813
8.6290e-02,-0.0220313,-0.00127656
8.6300e-02,-0.0275,-0.00213219
8.6310e-02,-0.0248438,-0.00174625
8.6320e-02,-0.0292188,-0.00146
8.6330e-02,-0.0285938,-0.00214969
8.6340e-02,-0.0192187,-0.00139938
8.6350e-02,-0.0385937,-0.00166344
8.6360e-02,-0.0253125,-0.00183
8.6370e-02,-0.0295313,-0.000997813
8.6380e-02,-0.0223437,-0.00165406
8.6390e-02,-0.0285938,-0.00127063
8.6400e-02,-0.0278125,-0.00113625
8.6410e-02,-0.0195312,-0.00165781
8.6420e-02,-0.018125,-0.00161094
8.6430e-02,-0.0373438,-0.00156813
8.6440e-02,-0.0203125,-0.00155688
8.6450e-02,-0.0190625,-0.00160438
8.6460e-02,-0.0278125,-0.00245625
8.6470e-02,-0.0215625,-0.00138313
8.6480e-02,-0.0398437,-0.00268906
8.6490e-02,-0.0265625,-0.00144969
8.6500e-02,-0.030625,-0.00168281
8.6510e-02,-0.0342187,-0.00192594
8.6520e-02,-0.0273438,-0.00164406
8.6530e-02,-0.0339062,-0.001535
8.6540e-02,-0.0229687,-0.00191844
8.6550e-02,-0.0340625,-0.00173156
8.6560e-02,-0.0295313,-0.00198219
8.6570e-02,-0.0271875,-0.002165
8.6580e-02,-0.03125,-0.00152625
8.6590e-02,-0.0242188,-0.001015
8.6600e-02,-0.0246875,-0.00157969
8.6610e-02,-0.0198438,-0.00150656
8.6620e-02,-0.0235938,-0.00183156
8.6630e-02,-0.0264062,-0.00126438
8.6640e-02,-0.0264062,-0.00210875
8.6650e-02,-0.023125,-0.00157094
8.6660e-02,-0.0159375,-0.001405
8.6670e-02,-0.033125,-0.00166531
8.6680e-02,-0.0284375,-0.00122625
8.6690e-02,-0.04,-0.00182906
8.6700e-02,-0.024375,-0.00107875
8.6710e-02,-0.0435938,-0.00105219
8.6720e-02,-0.0351562,-0.00160813
8.6730e-02,-0.0354688,-0.00121438
8.6740e-02,-0.0276563,-0.00194156
8.6750e-02,-0.0221875,-0.00187344
8.6760e-02,-0.0345312,-0.00171063
8.6770e-02,-0.0245313,-0.0013525
8.6780e-02,-0.0335937,-0.00201563
8.6790e-02,-0.0276563,-0.00177906
8.6800e-02,-0.0273438,-0.00187656
8.6810e-02,-0.043125,-0.00216563
8.6820e-02,-0.0214063,-0.00198125
8.6830e-02,-0.0198438,-0.00137
8.6840e-02,-0.025,-0.00183813
8.6850e-02,-0.0332812,-0.00205688
8.6860e-02,-0.0354688,-0.00158906
8.6870e-02,-0.0345312,-0.00193313
8.6880e-02,-0.021875,-0.00145
8.6890e-02,-0.0278125,-0.00126188
8.6900e-02,-0.034375,-0.001435
8.6910e-02,-0.01875,-0.00128188
8.6920e-02,-0.0289063,-0.00152813
8.6930e-02,-0.0198438,-0.00158938
8.6940e-02,-0.0398437,-0.00142625
8.6950e-02,-0.0296875,-0.00189375
8.6960e-02,-0.0365625,-0.0012925
8.6970e-02,-0.0295313,-0.00118094
8.6980e-02,-0.0351562,-0.001335
8.6990e-02,-0.0373438,-0.00157063
8.7000e-02,-0.0273438,-0.00154594
8.7010e-02,-0.0210938,-0.00181875
8.7020e-02,-0.0359375,-0.0016025
8.7030e-02,-0.0185937,-0.00173781
8.7040e-02,-0.0184375,-0.00154844
8.7050e-02,-0.0282813,-0.00217375
8.7060e-02,-0.0365625,-0.00131656
8.7070e-02,-0.039375,-0.00172375
8.7080e-02,-0.03375,-0.0016425
8.7090e-02,-0.0317188,-0.00131063
8.7100e-02,-0.0301563,-0.00205281
8.7110e-02,-0.0373438,-0.00163969
8.7120e-02,-0.0370313,-0.00145875
8.7130e-02,-0.036875,-0.00121156
8.7140e-02,-0.0445313,-0.00158281
8.7150e-02,-0.0289063,-0.000947813
8.7160e-02,-0.0289063,-0.00190469
8.7170e-02,-0.0228125,-0.00151625
8.7180e-02,-0.0254688,-0.00148906
8.7190e-02,-0.03625,-0.0019675
8.7200e-02,-0.0296875,-0.00145531
8.7210e-02,-0.0317188,-0.00168375
8.7220e-02,-0.0321875,-0.00137188
8.7230e-02,-0.0275,-0.00153563
8.7240e-02,-0.0403125,-0.00146125
8.7250e-02,-0.0426562,-0.00095625
8.7260e-02,-0.0209375,-0.00163438
8.7270e-02,-0.035,-0.00197625
8.7280e-02,-0.024375,-0.00127844
8.7290e-02,-0.0359375,-0.00209688
8.7300e-02,-0.0296875,-0.00120625
8.7310e-02,-0.0310937,-0.00189281
8.7320e-02,-0.0226562,-0.00186813
8.7330e-02,-0.0320312,-0.00208531
8.7340e-02,-0.0321875,-0.00135875
8.7350e-02,-0.025625,-0.00190844
8.7360e-02,-0.0378125,-0.00181344
8.7370e-02,-0.0246875,-0.00154438
8.7380e-02,-0.0451563,-0.00213844
8.7390e-02,-0.0270312,-0.00183188
8.7400e-02,-0.0389063,-0.00152313
8.7410e-02,-0.0378125,-0.00173563
8.7420e-02,-0.0334375,-0.00190031
8.7430e-02,-0.0385937,-0.00194063
8.7440e-02,-0.0439063,-0.00147563
8.7450e-02,-0.0421875,-0.00278031
8.7460e-02,-0.030625,-0.00112281
8.7470e-02,-0.04125,-0.00153281
8.7480e-02,-0.0379688,-0.00148688
8.7490e-02,-0.0415625,-0.00155063
8.7500e-02,-0.038125,-0.000870313
8.7510e-02,-0.0392187,-0.00112094
8.7520e-02,-0.04,-0.00158719
8.7530e-02,-0.0220313,-0.00116906
8.7540e-02,-0.0228125,-0.00180125
8.7550e-02,-0.0367188,-0.00148844
8.7560e-02,-0.0301563,-0.00101687
8.7570e-02,-0.0428125,-0.00159094
8.7580e-02,-0.0242188,-0.00172594
8.7590e-02,-0.0271875,-0.00159813
8.7600e-02,-0.04,-0.00219563
8.7610e-02,-0.033125,-0.000852813
8.7620e-02,-0.0429688,-0.00227688
8.7630e-02,-0.036875,-0.00142563
8.7640e-02,-0.023125,-0.00169938
8.7650e-02,-0.0251563,-0.00196
8.7660e-02,-0.0384375,-0.00163438
8.7670e-02,-0.0325,-0.00209906
8.7680e-02,-0.0335937,-0.00216687
8.7690e-02,-0.025,-0.00155875
8.7700e-02,-0.0428125,-0.0020375
8.7710e-02,-0.0359375,-0.0015475
8.7720e-02,-0.0376563,-0.00148938
8.7730e-02,-0.0442188,-0.00207844
8.7740e-02,-0.0310937,-0.000955938
8.7750e-02,-0.0432813,-0.001765
8.7760e-02,-0.0335937,-0.00230719
8.7770e-02,-0.0378125,-0.00134
8.7780e-02,-0.0404687,-0.0014575
8.7790e-02,-0.0396875,-0.0013475
8.7800e-02,-0.0482812,-0.00138156
8.7810e-02,-0.0353125,-0.00195406
8.7820e-02,-0.041875,-0.00121969
8.7830e-02,-0.0384375,-0.00129719
8.7840e-02,-0.0365625,-0.00121969
8.7850e-02,-0.0525,-0.00154875
8.7860e-02,-0.02625,-0.00191906
8.7870e-02,-0.028125,-0.00159375
8.7880e-02,-0.0303125,-0.00149188
8.7890e-02,-0.0360938,-0.00154313
8.7900e-02,-0.0410937,-0.0017975
8.7910e-02,-0.031875,-0.00211563
8.7920e-02,-0.0503125,-0.00199563
8.7930e-02,-0.0226562,-0.00181406
8.7940e-02,-0.0248438,-0.00144375
8.7950e-02,-0.0292188,-0.00141563
8.7960e-02,-0.0340625,-0.00219469
8.7970e-02,-0.0425,-0.00176719
8.7980e-02,-0.044375,-0.000896875
8.7990e-02,-0.0310937,-0.00144594
8.8000e-02,-0.0335937,-0.00138656
8.8010e-02,-0.0375,-0.00130875
8.8020e-02,-0.031875,-0.00160781
8.8030e-02,-0.0329688,-0.000970938
8.8040e-02,-0.04,-0.00082625
8.8050e-02,-0.0364063,-0.00136656
8.8060e-02,-0.040625,-0.00164594
8.8070e-02,-0.0482812,-0.00234438
8.8080e-02,-0.0365625,-0.00100031
8.8090e-02,-0.0382813,-0.00140156
8.8100e-02,-0.0365625,-0.00135781
8.8110e-02,-0.0410937,-0.00110844
8.8120e-02,-0.039375,-0.00118063
8.8130e-02,-0.0346875,-0.00171438
8.8140e-02,-0.0415625,-0.00162969
8.8150e-02,-0.0373438,-0.00164781
8.8160e-02,-0.0453125,-0.00146031
8.8170e-02,-0.0475,-0.00220219
8.8180e-02,-0.0298438,-0.000975
8.8190e-02,-0.0454688,-0.00181219
8.8200e-02,-0.03875,-0.00205094
8.8210e-02,-0.033125,-0.00199656
8.8220e-02,-0.044375,-0.00174
8.8230e-02,-0.0357813,-0.00184125
8.8240e-02,-0.04,-0.00173969
8.8250e-02,-0.0392187,-0.00131688
8.8260e-02,-0.0409375,-0.00188875
8.8270e-02,-0.0370313,-0.00111156
8.8280e-02,-0.0398437,-0.00171375
8.8290e-02,-0.04375,-0.00150594
8.8300e-02,-0.03375,-0.00207781
8.8310e-02,-0.0378125,-0.00151094
8.8320e-02,-0.043125,-0.00175406
8.8330e-02,-0.0389063,-0.00237688
8.8340e-02,-0.034375,-0.00152438
8.8350e-02,-0.0265625,-0.00166094
8.8360e-02,-0.0482812,-0.00174219
8.8370e-02,-0.0359375,-0.000955
8.8380e-02,-0.0321875,-0.00153625
8.8390e-02,-0.0278125,-0.00156531
8.8400e-02,-0.0307813,-0.00182531
8.8410e-02,-0.0321875,-0.00190813
8.8420e-02,-0.0421875,-0.00171375
8.8430e-02,-0.04125,-0.00096375
8.8440e-02,-0.0396875,-0.00114063
8.8450e-02,-0.0298438,-0.00156906
8.8460e-02,-0.0457813,-0.00207062
8.8470e-02,-0.043125,-0.00223656
8.8480e-02,-0.0370313,-0.00176813
8.8490e-02,-0.0284375,-0.0012575
8.8500e-02,-0.051875,-0.000840313
8.8510e-02,-0.0417187,-0.0015325
8.8520e-02,-0.0345312,-0.00167438
8.8530e-02,-0.030625,-0.00164781
8.8540e-02,-0.0409375,-0.00176438
8.8550e-02,-0.034375,-0.00165031
8.8560e-02,-0.03375,-0.00263094
8.8570e-02,-0.0301563,-0.000945
8.8580e-02,-0.0404687,-0.00154219
8.8590e-02,-0.0220313,-0.0016175
8.8600e-02,-0.0425,-0.00141938
8.8610e-02,-0.0371875,-0.00195344
8.8620e-02,-0.048125,-0.00133938
8.8630e-02,-0.0403125,-0.00128625
8.8640e-02,-0.0389063,-0.00137719
8.8650e-02,-0.0432813,-0.00176531
8.8660e-02,-0.0515625,-0.00156875
8.8670e-02,-0.0273438,-0.00148375
8.8680e-02,-0.0326562,-0.0025525
8.8690e-02,-0.0359375,-0.00140688
8.8700e-02,-0.0453125,-0.00137094
8.8710e-02,-0.0534375,-0.00141969
8.8720e-02,-0.0334375,-0.00117094
8.8730e-02,-0.0371875,-0.00119188
8.8740e-02,-0.0271875,-0.00124375
8.8750e-02,-0.0396875,-0.00103563
8.8760e-02,-0.0345312,-0.00101438
8.8770e-02,-0.0446875,-0.0018625
8.8780e-02,-0.0465625,-0.00166938
8.8790e-02,-0.035,-0.0012
8.8800e-02,-0.0373438,-0.0015
8.8810e-02,-0.04,-0.00178625
8.8820e-02,-0.0334375,-0.00179719
8.8830e-02,-0.0354688,-0.00165188
8.8840e-02,-0.0392187,-0.00182344
8.8850e-02,-0.0346875,-0.00195719
8.8860e-02,-0.0359375,-0.00174125
8.8870e-02,-0.0404687,-0.00195781
8.8880e-02,-0.0421875,-0.00164906
8.8890e-02,-0.033125,-0.000821563
8.8900e-02,-0.0415625,-0.00106938
8.8910e-02,-0.04625,-0.00158906
8.8920e-02,-0.039375,-0.0016525
8.8930e-02,-0.0426562,-0.00184094
8.8940e-02,-0.03625,-0.00120906
8.8950e-02,-0.0382813,-0.00177094
8.8960e-02,-0.036875,-0.00206531
8.8970e-02,-0.0370313,-0.00118844
8.8980e-02,-0.0470312,-0.00170813
8.8990e-02,-0.0442188,-0.00115156
8.9000e-02,-0.0346875,-0.00169563
8.9010e-02,-0.0528125,-0.00138313
8.9020e-02,-0.0303125,-0.00139875
8.9030e-02,-0.0407813,-0.00102156
8.9040e-02,-0.05,-0.0015
8.9050e-02,-0.0320312,-0.00174969
8.9060e-02,-0.0325,-0.00163563
8.9070e-02,-0.0335937,-0.00095
8.9080e-02,-0.0321875,-0.00168688
8.9090e-02,-0.040625,-0.00208281
8.9100e-02,-0.0396875,-0.00189531
8.9110e-02,-0.033125,-0.00163469
8.9120e-02,-0.0403125,-0.00141281
8.9130e-02,-0.0282813,-0.00174188
8.9140e-02,-0.0459375,-0.00132219
8.9150e-02,-0.0410937,-0.00193281
8.9160e-02,-0.0376563,-0.000939688
8.9170e-02,-0.0279688,-0.00182875
8.9180e-02,-0.0451563,-0.00085125
8.9190e-02,-0.0434375,-0.00220344
8.9200e-02,-0.046875,-0.00197938
8.9210e-02,-0.044375,-0.00141813
8.9220e-02,-0.0373438,-0.00203594
8.9230e-02,-0.040625,-0.00120031
8.9240e-02,-0.0439063,-0.00175813
8.9250e-02,-0.0378125,-0.00176719
8.9260e-02,-0.045625,-0.00119469
8.9270e-02,-0.050625,-0.0013875
8.9280e-02,-0.0403125,-0.00177781
8.9290e-02,-0.04,-0.00188
8.9300e-02,-0.0421875,-0.00124031
8.9310e-02,-0.0523437,-0.00179125
8.9320e-02,-0.033125,-0.00147375
8.9330e-02,-0.044375,-0.00169344
8.9340e-02,-0.0492188,-0.00104906
8.9350e-02,-0.0315625,-0.0018
8.9360e-02,-0.0460938,-0.001425
8.9370e-02,-0.0364063,-0.00062375
8.9380e-02,-0.0423437,-0.00149844
8.9390e-02,-0.0414063,-0.00127063
8.9400e-02,-0.0401563,-0.000925313
8.9410e-02,-0.04,-0.00139188
8.9420e-02,-0.0334375,-0.00164656
8.9430e-02,-0.045625,-0.00174469
8.9440e-02,-0.0446875,-0.00185094
8.9450e-02,-0.0426562,-0.00110531
8.9460e-02,-0.0471875,-0.00201625
8.9470e-02,-0.0440625,-0.00102438
8.9480e-02,-0.0367188,-0.00214156
8.9490e-02,-0.0328125,-0.00101563
8.9500e-02,-0.0554687,-0.00130844
8.9510e-02,-0.0448438,-0.00140594
8.9520e-02,-0.0417187,-0.00168031
8.9530e-02,-0.0370313,-0.00135313
8.9540e-02,-0.0384375,-0.00120906
8.9550e-02,-0.0310937,-0.00135188
8.9560e-02,-0.0325,-0.00181563
8.9570e-02,-0.0353125,-0.00118313
8.9580e-02,-0.035625,-0.0013375
8.9590e-02,-0.0375,-0.00208063
8.9600e-02,-0.0523437,-0.00144688
8.9610e-02,-0.0478125,-0.00172531
8.9620e-02,-0.0425,-0.0019
8.9630e-02,-0.0485938,-0.001445
8.9640e-02,-0.0417187,-0.00210688
8.9650e-02,-0.031875,-0.00103531
8.9660e-02,-0.045625,-0.00147094
8.9670e-02,-0.036875,-0.00148531
8.9680e-02,-0.0371875,-0.00150875
8.9690e-02,-0.0414063,-0.00136844
8.9700e-02,-0.0440625,-0.00121094
8.9710e-02,-0.04,-0.00117938
8.9720e-02,-0.0435938,-0.00234125
8.9730e-02,-0.041875,-0.00167719
8.9740e-02,-0.0434375,-0.00139688
8.9750e-02,-0.051875,-0.00122406
8.9760e-02,-0.0482812,-0.00107594

