Model,MDO4054-3
Firmware Version,2.20

Waveform Type,ANALOG,
Point Format,Y,
Horizontal Units,s,
Horizontal Scale,0.01,
Horizontal Delay,0.03977,
Sample Interval,1e-05,
Record Length,10000,
Gating,0.0% to 100.0%,
Probe Attenuation,1,
Vertical Units,V,
Vertical Offset,0,
Vertical Scale,1,
Vertical Position,0.02,
,,
,,
,,
Label,,
TIME,CH1,CH2
-1.0230e-02,-0.0526563,-0.000290313
-1.0220e-02,-0.0590625,-0.000552813
-1.0210e-02,-0.04875,-0.000279063
-1.0200e-02,-0.0560937,4.21875e-05
-1.0190e-02,-0.0509375,-1e-05
-1.0180e-02,-0.0398437,-5.4375e-05
-1.0170e-02,-0.0553125,-0.0001375
-1.0160e-02,-0.0571875,-0.0006525
-1.0150e-02,-0.0626562,-0.000213125
-1.0140e-02,-0.0540625,0.000310625
-1.0130e-02,-0.0617188,-0.000594063
-1.0120e-02,-0.060625,6.9375e-05
-1.0110e-02,-0.0623438,-0.0001925
-1.0100e-02,-0.0571875,-0.000271563
-1.0090e-02,-0.0620312,-0.00042
-1.0080e-02,-0.0435938,0.000566875
-1.0070e-02,-0.0451563,-3.125e-06
-1.0060e-02,-0.0523437,-0.000220313
-1.0050e-02,-0.041875,-0.000654063
-1.0040e-02,-0.0457813,-0.000151875
-1.0030e-02,-0.0634375,-9.59375e-05
-1.0020e-02,-0.0545313,-0.000250625
-1.0010e-02,-0.0571875,2.1875e-06
-1.0000e-02,-0.0559375,-0.000224375
-9.9900e-03,-0.0545313,0.000149375
-9.9800e-03,-0.0520313,0.000405625
-9.9700e-03,-0.0554687,-3.34375e-05
-9.9600e-03,-0.0578125,-0.000575
-9.9500e-03,-0.0592188,-0.000178438
-9.9400e-03,-0.0604688,1.625e-05
-9.9300e-03,-0.0590625,-8.1875e-05
-9.9200e-03,-0.0539063,-0.000284063
-9.9100e-03,-0.0454688,0.000425313
-9.9000e-03,-0.0595313,0.000177813
-9.8900e-03,-0.0598438,0.000149375
-9.8800e-03,-0.0554687,-0.000397188
-9.8700e-03,-0.06375,0.000635625
-9.8600e-03,-0.0526563,-0.000693125
-9.8500e-03,-0.0565625,0.000197813
-9.8400e-03,-0.04875,0.000409688
-9.8300e-03,-0.0546875,-0.000259688
-9.8200e-03,-0.0557813,9.6875e-05
-9.8100e-03,-0.0528125,-0.000615313
-9.8000e-03,-0.0545313,-0.000486875
-9.7900e-03,-0.056875,-0.000600313
-9.7800e-03,-0.0525,-0.00023625
-9.7700e-03,-0.0646875,-0.000133438
-9.7600e-03,-0.05,1.84375e-05
-9.7500e-03,-0.056875,0.000303438
-9.7400e-03,-0.05125,-0.000199688
-9.7300e-03,-0.06125,-0.000314375
-9.7200e-03,-0.0528125,-0.000510625
-9.7100e-03,-0.0551563,-0.000414688
-9.7000e-03,-0.0460938,-0.000149375
-9.6900e-03,-0.0475,-0.000605938
-9.6800e-03,-0.0489062,-0.000496563
-9.6700e-03,-0.0559375,0.000394688
-9.6600e-03,-0.0596875,-0.000285313
-9.6500e-03,-0.06,-0.000542813
-9.6400e-03,-0.0534375,8.65625e-05
-9.6300e-03,-0.061875,-0.000685938
-9.6200e-03,-0.0567187,-0.000214063
-9.6100e-03,-0.0495312,-0.000476875
-9.6000e-03,-0.0464062,-0.00037375
-9.5900e-03,-0.049375,0.000221875
-9.5800e-03,-0.0464062,2.84375e-05
-9.5700e-03,-0.0517188,-0.000415938
-9.5600e-03,-0.049375,0.000440313
-9.5500e-03,-0.048125,-0.000175313
-9.5400e-03,-0.0453125,-0.000621563
-9.5300e-03,-0.060625,-1.75e-05
-9.5200e-03,-0.0525,3.28125e-05
-9.5100e-03,-0.054375,1.15625e-05
-9.5000e-03,-0.048125,-0.000134063
-9.4900e-03,-0.0540625,0.000685313
-9.4800e-03,-0.058125,0.000502813
-9.4700e-03,-0.0476562,-0.000151875
-9.4600e-03,-0.0532813,-0.000157813
-9.4500e-03,-0.046875,-0.000666875
-9.4400e-03,-0.0504687,-0.000796563
-9.4300e-03,-0.0534375,-0.000608125
-9.4200e-03,-0.0582813,0.00019875
-9.4100e-03,-0.0535937,-0.00042375
-9.4000e-03,-0.06,-0.000683125
-9.3900e-03,-0.0596875,-0.000579688
-9.3800e-03,-0.0614062,-0.000480313
-9.3700e-03,-0.04625,6.59375e-05
-9.3600e-03,-0.056875,-0.000169063
-9.3500e-03,-0.049375,-6.09375e-05
-9.3400e-03,-0.0496875,0.000464688
-9.3300e-03,-0.045,0.00030625
-9.3200e-03,-0.0539063,-1.65625e-05
-9.3100e-03,-0.0420312,-9.0625e-05
-9.3000e-03,-0.0470312,-7e-05
-9.2900e-03,-0.046875,0.00043875
-9.2800e-03,-0.0528125,0.000159688
-9.2700e-03,-0.048125,-6.5625e-06
-9.2600e-03,-0.0426562,-0.000511875
-9.2500e-03,-0.0498438,-0.000434063
-9.2400e-03,-0.065,-0.000693125
-9.2300e-03,-0.0540625,-0.000467188
-9.2200e-03,-0.045625,-0.000173438
-9.2100e-03,-0.0489062,-0.000274063
-9.2000e-03,-0.0479688,-0.000264063
-9.1900e-03,-0.0546875,0.000268125
-9.1800e-03,-0.0596875,0.000295313
-9.1700e-03,-0.0598438,-0.000549375
-9.1600e-03,-0.0498438,-7.34375e-05
-9.1500e-03,-0.0521875,-0.000133438
-9.1400e-03,-0.0565625,-0.000439063
-9.1300e-03,-0.0554687,-0.00011125
-9.1200e-03,-0.051875,0.000240625
-9.1100e-03,-0.05125,-0.000410625
-9.1000e-03,-0.0571875,0.000178125
-9.0900e-03,-0.0528125,6.03125e-05
-9.0800e-03,-0.0545313,-0.000165938
-9.0700e-03,-0.0576563,-0.00021
-9.0600e-03,-0.0576563,-0.00102219
-9.0500e-03,-0.0445313,-0.000499375
-9.0400e-03,-0.055,-0.00053375
-9.0300e-03,-0.05625,-0.000707188
-9.0200e-03,-0.0654688,-0.000183438
-9.0100e-03,-0.0453125,0.000368438
-9.0000e-03,-0.0578125,-0.000429063
-8.9900e-03,-0.0610938,-0.000941875
-8.9800e-03,-0.0523437,0.000290625
-8.9700e-03,-0.0565625,-0.0001925
-8.9600e-03,-0.0528125,-0.0007175
-8.9500e-03,-0.054375,-0.000569375
-8.9400e-03,-0.0454688,0.00016
-8.9300e-03,-0.0620312,-7.125e-05
-8.9200e-03,-0.0529687,-0.000570625
-8.9100e-03,-0.0559375,-0.000426875
-8.9000e-03,-0.058125,-2.3125e-05
-8.8900e-03,-0.0553125,-0.00107719
-8.8800e-03,-0.050625,0.000467188
-8.8700e-03,-0.0435938,-0.000431875
-8.8600e-03,-0.0628125,-0.000107188
-8.8500e-03,-0.0520313,-0.000141875
-8.8400e-03,-0.0564063,-6.5625e-05
-8.8300e-03,-0.064375,0.000179063
-8.8200e-03,-0.0560937,0.000415313
-8.8100e-03,-0.053125,0.00048625
-8.8000e-03,-0.05,-0.000636563
-8.7900e-03,-0.0492188,-0.000195938
-8.7800e-03,-0.0475,0.000326875
-8.7700e-03,-0.0532813,0.000287188
-8.7600e-03,-0.04875,0.000272188
-8.7500e-03,-0.0334375,0.000878125
-8.7400e-03,-0.0592188,0.000122813
-8.7300e-03,-0.0417187,9.84375e-05
-8.7200e-03,-0.055625,-0.000539063
-8.7100e-03,-0.05375,-0.000618438
-8.7000e-03,-0.0603125,-0.000518438
-8.6900e-03,-0.058125,-0.000157188
-8.6800e-03,-0.0503125,-0.000510937
-8.6700e-03,-0.0475,-0.000204063
-8.6600e-03,-0.050625,2.125e-05
-8.6500e-03,-0.0442188,-0.000169375
-8.6400e-03,-0.0532813,-0.000106563
-8.6300e-03,-0.06,0.000263437
-8.6200e-03,-0.0545313,-0.000455938
-8.6100e-03,-0.0496875,-0.000111563
-8.6000e-03,-0.0403125,-0.000279063
-8.5900e-03,-0.0429688,-0.000308125
-8.5800e-03,-0.065,8.9375e-05
-8.5700e-03,-0.0546875,-0.000225625
-8.5600e-03,-0.0590625,-0.00021375
-8.5500e-03,-0.0520313,-0.000114063
-8.5400e-03,-0.0471875,0.000755625
-8.5300e-03,-0.0459375,0.000301563
-8.5200e-03,-0.0551563,6.1875e-05
-8.5100e-03,-0.0571875,-0.000374688
-8.5000e-03,-0.0601562,-0.000194063
-8.4900e-03,-0.0529687,5.125e-05
-8.4800e-03,-0.0551563,0.000454688
-8.4700e-03,-0.0634375,-0.000503438
-8.4600e-03,-0.0471875,6.875e-06
-8.4500e-03,-0.046875,-0.000125
-8.4400e-03,-0.046875,0.000185
-8.4300e-03,-0.053125,-0.0006475
-8.4200e-03,-0.05625,-0.000545938
-8.4100e-03,-0.0682813,-8.9375e-05
-8.4000e-03,-0.0476562,-0.000161563
-8.3900e-03,-0.0546875,0.000528438
-8.3800e-03,-0.0564063,0.000169375
-8.3700e-03,-0.058125,-0.00044625
-8.3600e-03,-0.0659375,-9.40625e-05
-8.3500e-03,-0.0542187,-0.000664375
-8.3400e-03,-0.0579687,-0.000414063
-8.3300e-03,-0.0490625,0.000215938
-8.3200e-03,-0.0609375,-2.34375e-05
-8.3100e-03,-0.0442188,7.75e-05
-8.3000e-03,-0.056875,-0.000266563
-8.2900e-03,-0.0489062,0.000198438
-8.2800e-03,-0.045,0.0001775
-8.2700e-03,-0.048125,0.000194063
-8.2600e-03,-0.0626562,-0.000482188
-8.2500e-03,-0.0535937,-0.000274688
-8.2400e-03,-0.0571875,-0.000385
-8.2300e-03,-0.0535937,-0.000360625
-8.2200e-03,-0.0614062,-0.000575313
-8.2100e-03,-0.0559375,-0.00020625
-8.2000e-03,-0.050625,-0.000258438
-8.1900e-03,-0.0498438,-0.000360313
-8.1800e-03,-0.0545313,1.46875e-05
-8.1700e-03,-0.0495312,0.000215625
-8.1600e-03,-0.0535937,-0.000239688
-8.1500e-03,-0.0692187,-0.000890313
-8.1400e-03,-0.0403125,-0.00040125
-8.1300e-03,-0.055,-0.000467188
-8.1200e-03,-0.05875,-0.000425938
-8.1100e-03,-0.0532813,7.5625e-05
-8.1000e-03,-0.0429688,-0.000119375
-8.0900e-03,-0.0482812,-0.000405625
-8.0800e-03,-0.0542187,-0.000650313
-8.0700e-03,-0.05,-0.000659063
-8.0600e-03,-0.0590625,0.000795625
-8.0500e-03,-0.0565625,0.000115938
-8.0400e-03,-0.035625,-0.000490938
-8.0300e-03,-0.0535937,-0.000472188
-8.0200e-03,-0.05,-0.000300313
-8.0100e-03,-0.0571875,-1.3125e-05
-8.0000e-03,-0.0421875,-0.00042625
-7.9900e-03,-0.0551563,-0.00013125
-7.9800e-03,-0.050625,-0.000499375
-7.9700e-03,-0.0567187,-0.000251875
-7.9600e-03,-0.066875,-0.0004075
-7.9500e-03,-0.0575,-0.000920938
-7.9400e-03,-0.0409375,0.000116563
-7.9300e-03,-0.04875,-0.000463125
-7.9200e-03,-0.0525,-0.000525938
-7.9100e-03,-0.050625,0.00013
-7.9000e-03,-0.0464062,-0.000749063
-7.8900e-03,-0.0539063,-0.0001925
-7.8800e-03,-0.0509375,0.000260625
-7.8700e-03,-0.0653125,0.00028875
-7.8600e-03,-0.0546875,-0.000137813
-7.8500e-03,-0.0421875,-0.000631875
-7.8400e-03,-0.040625,-0.000970625
-7.8300e-03,-0.0629688,-0.000340313
-7.8200e-03,-0.043125,-0.00029125
-7.8100e-03,-0.0614062,-0.000188438
-7.8000e-03,-0.0467188,-0.000270938
-7.7900e-03,-0.048125,5.875e-05
-7.7800e-03,-0.0535937,-0.000469063
-7.7700e-03,-0.0482812,-0.000675938
-7.7600e-03,-0.054375,-0.0006775
-7.7500e-03,-0.0485938,-0.000425313
-7.7400e-03,-0.0514063,-0.0005575
-7.7300e-03,-0.0598438,-0.000905313
-7.7200e-03,-0.0621875,-0.0005
-7.7100e-03,-0.0470312,0.000201563
-7.7000e-03,-0.0478125,-0.000131563
-7.6900e-03,-0.0503125,-0.00037625
-7.6800e-03,-0.03875,0.000384375
-7.6700e-03,-0.0521875,-0.000115
-7.6600e-03,-0.0498438,0.000114375
-7.6500e-03,-0.0484375,-0.000268438
-7.6400e-03,-0.0540625,-3.65625e-05
-7.6300e-03,-0.05,-8.34375e-05
-7.6200e-03,-0.0479688,-0.000186875
-7.6100e-03,-0.0610938,-0.000670313
-7.6000e-03,-0.0607812,-0.00102344
-7.5900e-03,-0.053125,-0.0001575
-7.5800e-03,-0.0467188,-0.000436563
-7.5700e-03,-0.06375,-0.000734375
-7.5600e-03,-0.0542187,-0.00017125
-7.5500e-03,-0.0482812,9.21875e-05
-7.5400e-03,-0.054375,-0.000444375
-7.5300e-03,-0.0489062,-0.000693125
-7.5200e-03,-0.0578125,-0.000182188
-7.5100e-03,-0.0596875,7.875e-05
-7.5000e-03,-0.0523437,1.6875e-05
-7.4900e-03,-0.0525,-0.000245313
-7.4800e-03,-0.05875,-0.000267188
-7.4700e-03,-0.0573437,-0.00045875
-7.4600e-03,-0.0525,-6.78125e-05
-7.4500e-03,-0.0540625,-3.28125e-05
-7.4400e-03,-0.0595313,0.000368438
-7.4300e-03,-0.0614062,0.000373438
-7.4200e-03,-0.030625,3e-05
-7.4100e-03,-0.0459375,0.000455938
-7.4000e-03,-0.0660938,0.000235625
-7.3900e-03,-0.0535937,-0.000219063
-7.3800e-03,-0.0507812,-0.000521562
-7.3700e-03,-0.06375,-0.00116656
-7.3600e-03,-0.0557813,-0.000426563
-7.3500e-03,-0.0534375,-0.000523125
-7.3400e-03,-0.0507812,0.000201875
-7.3300e-03,-0.05125,0.000116563
-7.3200e-03,-0.0623438,-0.000448125
-7.3100e-03,-0.050625,-0.000165
-7.3000e-03,-0.0423437,0.000105625
-7.2900e-03,-0.0509375,-0.000999063
-7.2800e-03,-0.0548437,-0.000628438
-7.2700e-03,-0.0528125,-0.000530313
-7.2600e-03,-0.055625,-0.00107938
-7.2500e-03,-0.0529687,9.65625e-05
-7.2400e-03,-0.0510938,-0.000239063
-7.2300e-03,-0.0348437,0.000174375
-7.2200e-03,-0.0520313,2.34375e-05
-7.2100e-03,-0.0425,-0.000716563
-7.2000e-03,-0.0542187,-0.00042125
-7.1900e-03,-0.0571875,0.000218125
-7.1800e-03,-0.0592188,2.90625e-05
-7.1700e-03,-0.0529687,0.000194688
-7.1600e-03,-0.0482812,-0.000225625
-7.1500e-03,-0.0532813,-0.000593437
-7.1400e-03,-0.0548437,6.9375e-05
-7.1300e-03,-0.075,-0.000322188
-7.1200e-03,-0.0603125,0.000110313
-7.1100e-03,-0.0490625,-2.84375e-05
-7.1000e-03,-0.0539063,-0.000588125
-7.0900e-03,-0.0504687,0.00027625
-7.0800e-03,-0.0490625,-0.000665938
-7.0700e-03,-0.0632812,0.000591875
-7.0600e-03,-0.05125,-0.00103906
-7.0500e-03,-0.055625,-0.0007575
-7.0400e-03,-0.0625,-3.96875e-05
-7.0300e-03,-0.0642188,-0.000335625
-7.0200e-03,-0.0515625,4e-05
-7.0100e-03,-0.0595313,0.000633125
-7.0000e-03,-0.0489062,-0.000185938
-6.9900e-03,-0.05875,-0.000231563
-6.9800e-03,-0.0473438,0.00016625
-6.9700e-03,-0.0521875,-0.000262187
-6.9600e-03,-0.0615625,-0.000275938
-6.9500e-03,-0.0495312,-6.09375e-05
-6.9400e-03,-0.0590625,-0.000575938
-6.9300e-03,-0.0596875,-0.000209063
-6.9200e-03,-0.0567187,-0.000830625
-6.9100e-03,-0.061875,-0.000185
-6.9000e-03,-0.0517188,-0.000545
-6.8900e-03,-0.048125,-0.000305938
-6.8800e-03,-0.050625,-0.000827813
-6.8700e-03,-0.0546875,-0.000612188
-6.8600e-03,-0.0454688,0.000486875
-6.8500e-03,-0.0465625,0.00036375
-6.8400e-03,-0.0435938,-0.000595313
-6.8300e-03,-0.0514063,-0.000465
-6.8200e-03,-0.0503125,-0.000304375
-6.8100e-03,-0.0575,0.000190625
-6.8000e-03,-0.0535937,-0.000199375
-6.7900e-03,-0.0503125,-0.000149687
-6.7800e-03,-0.0564063,0.000477188
-6.7700e-03,-0.0470312,0.000260625
-6.7600e-03,-0.0604688,0.000234375
-6.7500e-03,-0.0520313,0.00077
-6.7400e-03,-0.0525,0.000197188
-6.7300e-03,-0.0532813,0.000755
-6.7200e-03,-0.0553125,-0.0001025
-6.7100e-03,-0.0579687,0.000307813
-6.7000e-03,-0.051875,-8.25e-05
-6.6900e-03,-0.0540625,-9.78125e-05
-6.6800e-03,-0.03875,9.9375e-05
-6.6700e-03,-0.0528125,-7.09375e-05
-6.6600e-03,-0.0626562,0.000141563
-6.6500e-03,-0.0620312,0.000174063
-6.6400e-03,-0.0490625,-0.0001
-6.6300e-03,-0.0492188,0.000517188
-6.6200e-03,-0.0520313,-0.000474063
-6.6100e-03,-0.0575,-0.000140313
-6.6000e-03,-0.0520313,-0.000289063
-6.5900e-03,-0.0373438,-0.000455313
-6.5800e-03,-0.050625,-0.000837813
-6.5700e-03,-0.0476562,-1.5625e-05
-6.5600e-03,-0.0571875,0.000444375
-6.5500e-03,-0.046875,0.000538125
-6.5400e-03,-0.05125,0.00054625
-6.5300e-03,-0.060625,3.78125e-05
-6.5200e-03,-0.035625,0.000227188
-6.5100e-03,-0.0509375,-0.000116875
-6.5000e-03,-0.0503125,-0.00023
-6.4900e-03,-0.0542187,0.000240625
-6.4800e-03,-0.050625,-0.00016375
-6.4700e-03,-0.0585938,-0.000604375
-6.4600e-03,-0.0489062,-0.000129375
-6.4500e-03,-0.0620312,0.000169063
-6.4400e-03,-0.0482812,-0.00049
-6.4300e-03,-0.0515625,-0.000448125
-6.4200e-03,-0.0529687,-0.00016
-6.4100e-03,-0.05,-0.000328125
-6.4000e-03,-0.0535937,-0.00048
-6.3900e-03,-0.059375,-8.53125e-05
-6.3800e-03,-0.05625,0.000274063
-6.3700e-03,-0.05625,-0.000212813
-6.3600e-03,-0.0575,-7.90625e-05
-6.3500e-03,-0.0575,-0.000122813
-6.3400e-03,-0.04375,-0.000248438
-6.3300e-03,-0.0554687,0.000134688
-6.3200e-03,-0.0521875,-0.00014125
-6.3100e-03,-0.0607812,0.000399688
-6.3000e-03,-0.0465625,0.00036875
-6.2900e-03,-0.0567187,0.000304375
-6.2800e-03,-0.0548437,-0.000330625
-6.2700e-03,-0.06875,0.000234063
-6.2600e-03,-0.0492188,-0.0004125
-6.2500e-03,-0.0523437,3.3125e-05
-6.2400e-03,-0.0551563,-0.000549375
-6.2300e-03,-0.0496875,-0.00016875
-6.2200e-03,-0.0571875,-0.000216875
-6.2100e-03,-0.0546875,-0.000307813
-6.2000e-03,-0.051875,0.000365
-6.1900e-03,-0.0564063,-0.000615
-6.1800e-03,-0.050625,-0.000394375
-6.1700e-03,-0.0526563,-0.000548125
-6.1600e-03,-0.0503125,0.000176875
-6.1500e-03,-0.0440625,-0.000400313
-6.1400e-03,-0.0646875,-0.000183438
-6.1300e-03,-0.0626562,-0.000421875
-6.1200e-03,-0.0521875,-0.00055625
-6.1100e-03,-0.058125,-0.000343438
-6.1000e-03,-0.0535937,-0.000915313
-6.0900e-03,-0.0545313,-0.00046
-6.0800e-03,-0.0515625,-0.000976875
-6.0700e-03,-0.04875,-0.00051
-6.0600e-03,-0.058125,-8.53125e-05
-6.0500e-03,-0.0567187,-0.000365
-6.0400e-03,-0.0596875,-0.000168438
-6.0300e-03,-0.0540625,2.75e-05
-6.0200e-03,-0.0492188,0.000529375
-6.0100e-03,-0.0540625,-7.34375e-05
-6.0000e-03,-0.0573437,-0.000166563
-5.9900e-03,-0.0453125,-0.000449688
-5.9800e-03,-0.0539063,-0.000401563
-5.9700e-03,-0.0546875,0.0004425
-5.9600e-03,-0.0582813,-0.000290625
-5.9500e-03,-0.0584375,-0.0001825
-5.9400e-03,-0.0548437,0.000572813
-5.9300e-03,-0.0548437,-0.000400625
-5.9200e-03,-0.0520313,-0.000266875
-5.9100e-03,-0.055625,0.000125313
-5.9000e-03,-0.03875,-0.000469375
-5.8900e-03,-0.0539063,-0.000583438
-5.8800e-03,-0.0548437,-0.000146875
-5.8700e-03,-0.0539063,-0.000334063
-5.8600e-03,-0.0575,8.3125e-05
-5.8500e-03,-0.0495312,2.59375e-05
-5.8400e-03,-0.0489062,-0.000324375
-5.8300e-03,-0.055625,-0.000393438
-5.8200e-03,-0.064375,-0.000487188
-5.8100e-03,-0.0528125,-0.00026375
-5.8000e-03,-0.0523437,-0.000357813
-5.7900e-03,-0.06375,-0.000469063
-5.7800e-03,-0.05875,-0.000415625
-5.7700e-03,-0.04625,2.96875e-05
-5.7600e-03,-0.0623438,-0.0004675
-5.7500e-03,-0.0515625,-4.375e-06
-5.7400e-03,-0.0607812,-0.000245
-5.7300e-03,-0.059375,-0.000635
-5.7200e-03,-0.0601562,-0.000113438
-5.7100e-03,-0.0610938,-3.5625e-05
-5.7000e-03,-0.0398437,0.000409688
-5.6900e-03,-0.0370313,6.40625e-05
-5.6800e-03,-0.0475,0.000572187
-5.6700e-03,-0.0520313,0.000523125
-5.6600e-03,-0.0601562,-0.000345
-5.6500e-03,-0.0590625,-0.0004025
-5.6400e-03,-0.0498438,3.375e-05
-5.6300e-03,-0.05,0.000147813
-5.6200e-03,-0.0573437,-0.000351563
-5.6100e-03,-0.0529687,-0.000263437
-5.6000e-03,-0.050625,3.8125e-05
-5.5900e-03,-0.0575,-0.000520313
-5.5800e-03,-0.0601562,-0.00012625
-5.5700e-03,-0.0579687,-0.000454375
-5.5600e-03,-0.0626562,-0.000214063
-5.5500e-03,-0.0482812,-0.000761875
-5.5400e-03,-0.0632812,7.21875e-05
-5.5300e-03,-0.0521875,0.000538125
-5.5200e-03,-0.0464062,2.90625e-05
-5.5100e-03,-0.0585938,-0.00010125
-5.5000e-03,-0.048125,-0.000210313
-5.4900e-03,-0.0475,-4.46875e-05
-5.4800e-03,-0.0528125,-0.000299063
-5.4700e-03,-0.0592188,9.375e-06
-5.4600e-03,-0.0470312,-0.000740625
-5.4500e-03,-0.0545313,-0.000325938
-5.4400e-03,-0.0614062,-0.00054375
-5.4300e-03,-0.0532813,-0.000328438
-5.4200e-03,-0.0520313,-3.03125e-05
-5.4100e-03,-0.0482812,0.000377188
-5.4000e-03,-0.0620312,0.000709375
-5.3900e-03,-0.0504687,0.000115625
-5.3800e-03,-0.0546875,-8.1875e-05
-5.3700e-03,-0.0407813,0.000140625
-5.3600e-03,-0.0467188,0.000609375
-5.3500e-03,-0.05875,0.000146563
-5.3400e-03,-0.0620312,-1.3125e-05
-5.3300e-03,-0.0528125,0.00020125
-5.3200e-03,-0.0514063,0.000319688
-5.3100e-03,-0.048125,0.000342188
-5.3000e-03,-0.0514063,0.000317188
-5.2900e-03,-0.055625,0.000322813
-5.2800e-03,-0.0521875,-5e-05
-5.2700e-03,-0.0579687,0.000211875
-5.2600e-03,-0.0479688,-3.8125e-05
-5.2500e-03,-0.0542187,-0.000255313
-5.2400e-03,-0.050625,-2.84375e-05
-5.2300e-03,-0.0509375,0.000368438
-5.2200e-03,-0.0578125,-0.000647188
-5.2100e-03,-0.0514063,-0.00066625
-5.2000e-03,-0.059375,-0.000533438
-5.1900e-03,-0.0590625,0.000135
-5.1800e-03,-0.05625,-0.000258438
-5.1700e-03,-0.049375,-0.000295625
-5.1600e-03,-0.0546875,-0.000479688
-5.1500e-03,-0.0623438,-0.000211563
-5.1400e-03,-0.0492188,-0.000140938
-5.1300e-03,-0.0442188,-0.000218125
-5.1200e-03,-0.0578125,-2.1875e-05
-5.1100e-03,-0.0564063,-9.375e-07
-5.1000e-03,-0.0554687,7.65625e-05
-5.0900e-03,-0.055625,-0.00010625
-5.0800e-03,-0.0545313,0.00025625
-5.0700e-03,-0.0557813,-0.000323125
-5.0600e-03,-0.0534375,0.0001975
-5.0500e-03,-0.0484375,-0.000445938
-5.0400e-03,-0.0596875,0.000534688
-5.0300e-03,-0.0567187,1.96875e-05
-5.0200e-03,-0.0520313,-0.000359375
-5.0100e-03,-0.0528125,-2.78125e-05
-5.0000e-03,-0.0448438,-0.00048625
-4.9900e-03,-0.0484375,-0.000152813
-4.9800e-03,-0.050625,0.000402188
-4.9700e-03,-0.050625,-5.84375e-05
-4.9600e-03,-0.0545313,-6.25e-07
-4.9500e-03,-0.06625,0.000216563
-4.9400e-03,-0.0504687,-0.000120313
-4.9300e-03,-0.0535937,-5.21875e-05
-4.9200e-03,-0.0554687,-0.00091625
-4.9100e-03,-0.0484375,-0.000182188
-4.9000e-03,-0.05375,-8.125e-05
-4.8900e-03,-0.0542187,0.000770625
-4.8800e-03,-0.044375,0.000375313
-4.8700e-03,-0.0445313,-0.000368438
-4.8600e-03,-0.0560937,-0.0006
-4.8500e-03,-0.049375,0.00043625
-4.8400e-03,-0.0489062,4.03125e-05
-4.8300e-03,-0.0479688,8.875e-05
-4.8200e-03,-0.0540625,0.000101563
-4.8100e-03,-0.0501562,-0.000170625
-4.8000e-03,-0.0510938,-0.000170938
-4.7900e-03,-0.0409375,0.000163125
-4.7800e-03,-0.0515625,-0.00032875
-4.7700e-03,-0.0485938,0.000663125
-4.7600e-03,-0.0545313,-0.000540938
-4.7500e-03,-0.0489062,-0.000485625
-4.7400e-03,-0.0567187,0.000547188
-4.7300e-03,-0.0590625,-0.00063875
-4.7200e-03,-0.0482812,-0.000360938
-4.7100e-03,-0.0457813,0.000179688
-4.7000e-03,-0.0532813,0.000112188
-4.6900e-03,-0.0526563,0.000319063
-4.6800e-03,-0.0565625,0.00031375
-4.6700e-03,-0.051875,2.40625e-05
-4.6600e-03,-0.056875,-4.21875e-05
-4.6500e-03,-0.0409375,-0.00027875
-4.6400e-03,-0.0540625,-5.03125e-05
-4.6300e-03,-0.0510938,-0.000633125
-4.6200e-03,-0.048125,-0.000206563
-4.6100e-03,-0.0546875,-0.000184375
-4.6000e-03,-0.0532813,-0.000235
-4.5900e-03,-0.0514063,-0.0003025
-4.5800e-03,-0.0517188,2.3125e-05
-4.5700e-03,-0.05125,-8.5625e-05
-4.5600e-03,-0.0501562,-9.53125e-05
-4.5500e-03,-0.061875,0.000792813
-4.5400e-03,-0.0564063,-0.000407813
-4.5300e-03,-0.0528125,0.000101875
-4.5200e-03,-0.0525,0.000406563
-4.5100e-03,-0.0601562,0.000151563
-4.5000e-03,-0.0546875,-0.000254063
-4.4900e-03,-0.0639062,7.25e-05
-4.4800e-03,-0.0448438,-0.000577813
-4.4700e-03,-0.0510938,-0.000843438
-4.4600e-03,-0.0471875,-0.0006875
-4.4500e-03,-0.0567187,-0.00050625
-4.4400e-03,-0.0451563,-0.00023125
-4.4300e-03,-0.0625,-0.000561562
-4.4200e-03,-0.0510938,-0.00020875
-4.4100e-03,-0.0467188,-0.000196563
-4.4000e-03,-0.0501562,-0.000880625
-4.3900e-03,-0.0590625,1.59375e-05
-4.3800e-03,-0.06,-0.000358125
-4.3700e-03,-0.0557813,9.5625e-05
-4.3600e-03,-0.045,-7.8125e-05
-4.3500e-03,-0.04625,0.000351563
-4.3400e-03,-0.0676563,-0.00018875
-4.3300e-03,-0.0467188,-4.78125e-05
-4.3200e-03,-0.0501562,1.0625e-05
-4.3100e-03,-0.0571875,4.8125e-05
-4.3000e-03,-0.05375,-0.000263125
-4.2900e-03,-0.0592188,-0.00051
-4.2800e-03,-0.0465625,-0.000963125
-4.2700e-03,-0.0517188,-0.00056875
-4.2600e-03,-0.0571875,-0.00036
-4.2500e-03,-0.0501562,0.000404375
-4.2400e-03,-0.0520313,0.000840313
-4.2300e-03,-0.05125,2.0625e-05
-4.2200e-03,-0.061875,0.0004075
-4.2100e-03,-0.0632812,0.000534063
-4.2000e-03,-0.0520313,-0.000240625
-4.1900e-03,-0.04625,8.78125e-05
-4.1800e-03,-0.044375,0.000128125
-4.1700e-03,-0.0448438,0.000289063
-4.1600e-03,-0.0539063,-9.3125e-05
-4.1500e-03,-0.0485938,-0.00073125
-4.1400e-03,-0.0540625,0.000144063
-4.1300e-03,-0.04625,0.00058625
-4.1200e-03,-0.048125,-0.0002075
-4.1100e-03,-0.0426562,-0.0001425
-4.1000e-03,-0.0564063,-0.000573438
-4.0900e-03,-0.0471875,-0.00013625
-4.0800e-03,-0.0457813,-0.00104281
-4.0700e-03,-0.05625,-4.9375e-05
-4.0600e-03,-0.0589063,0.000425625
-4.0500e-03,-0.054375,0.00096125
-4.0400e-03,-0.0570313,0.000287813
-4.0300e-03,-0.040625,0.000169688
-4.0200e-03,-0.055625,0.000523125
-4.0100e-03,-0.0446875,0.000350625
-4.0000e-03,-0.05875,6.65625e-05
-3.9900e-03,-0.0515625,-2.0625e-05
-3.9800e-03,-0.0429688,-0.000392813
-3.9700e-03,-0.0560937,-0.0005325
-3.9600e-03,-0.0540625,-0.0006925
-3.9500e-03,-0.06375,-0.000209375
-3.9400e-03,-0.0553125,0.000129062
-3.9300e-03,-0.0539063,0.000670313
-3.9200e-03,-0.056875,0.000346875
-3.9100e-03,-0.0601562,0.000268438
-3.9000e-03,-0.0535937,-3.96875e-05
-3.8900e-03,-0.050625,-0.000155625
-3.8800e-03,-0.0560937,-0.000636563
-3.8700e-03,-0.063125,-8.375e-05
-3.8600e-03,-0.0515625,0.0003575
-3.8500e-03,-0.0554687,-0.00105094
-3.8400e-03,-0.0464062,-0.000153438
-3.8300e-03,-0.0360938,-0.000675
-3.8200e-03,-0.0567187,-0.000186563
-3.8100e-03,-0.061875,-0.00014625
-3.8000e-03,-0.059375,-0.000108438
-3.7900e-03,-0.043125,-0.000134688
-3.7800e-03,-0.0446875,-0.000346875
-3.7700e-03,-0.0475,0.000130938
-3.7600e-03,-0.0534375,-0.000300938
-3.7500e-03,-0.0448438,-0.0004
-3.7400e-03,-0.04125,-0.000260313
-3.7300e-03,-0.04375,-0.000205
-3.7200e-03,-0.0595313,-0.000189688
-3.7100e-03,-0.0534375,-0.000172188
-3.7000e-03,-0.0603125,4.90625e-05
-3.6900e-03,-0.0551563,-0.000490938
-3.6800e-03,-0.0551563,0.000110313
-3.6700e-03,-0.05,0.000188438
-3.6600e-03,-0.0521875,0.00105875
-3.6500e-03,-0.051875,0.00044375
-3.6400e-03,-0.048125,-0.000671563
-3.6300e-03,-0.0465625,-0.000244375
-3.6200e-03,-0.0592188,-0.000796875
-3.6100e-03,-0.0496875,-0.000557813
-3.6000e-03,-0.0464062,8.8125e-05
-3.5900e-03,-0.0465625,-0.000176875
-3.5800e-03,-0.0610938,-0.000324688
-3.5700e-03,-0.0575,-0.00038875
-3.5600e-03,-0.05375,0.000626875
-3.5500e-03,-0.059375,-0.000320938
-3.5400e-03,-0.0598438,0.000677188
-3.5300e-03,-0.0459375,7.40625e-05
-3.5200e-03,-0.0510938,-0.000313438
-3.5100e-03,-0.0640625,0.000194063
-3.5000e-03,-0.0425,-0.000854375
-3.4900e-03,-0.0567187,-0.000639375
-3.4800e-03,-0.0479688,-0.000533125
-3.4700e-03,-0.0525,-0.0003875
-3.4600e-03,-0.0545313,-0.000437188
-3.4500e-03,-0.0557813,-0.000532187
-3.4400e-03,-0.0490625,-0.000851563
-3.4300e-03,-0.0485938,-0.000393125
-3.4200e-03,-0.055625,-0.000639063
-3.4100e-03,-0.04625,-0.0005175
-3.4000e-03,-0.038125,0.000393438
-3.3900e-03,-0.0521875,0.000227188
-3.3800e-03,-0.0567187,-0.000111875
-3.3700e-03,-0.0575,3.75e-05
-3.3600e-03,-0.0573437,0.000315
-3.3500e-03,-0.0579687,-0.000859375
-3.3400e-03,-0.0515625,-0.000356563
-3.3300e-03,-0.0509375,-0.000139688
-3.3200e-03,-0.0675,-0.000241875
-3.3100e-03,-0.0598438,0.000143438
-3.3000e-03,-0.0559375,0.000195313
-3.2900e-03,-0.0435938,-0.000355625
-3.2800e-03,-0.0573437,-0.00031875
-3.2700e-03,-0.0453125,-0.000727188
-3.2600e-03,-0.0473438,4.09375e-05
-3.2500e-03,-0.0621875,-1.3125e-05
-3.2400e-03,-0.0485938,0.000247188
-3.2300e-03,-0.0565625,0.000368125
-3.2200e-03,-0.0429688,-0.000331875
-3.2100e-03,-0.0595313,-0.0001275
-3.2000e-03,-0.0573437,4.0625e-05
-3.1900e-03,-0.0457813,-0.000146563
-3.1800e-03,-0.04875,-0.000130313
-3.1700e-03,-0.0557813,0.000169063
-3.1600e-03,-0.0478125,-6.78125e-05
-3.1500e-03,-0.0554687,-2.125e-05
-3.1400e-03,-0.0596875,-8.625e-05
-3.1300e-03,-0.0579687,0.000357813
-3.1200e-03,-0.0571875,-0.000449375
-3.1100e-03,-0.0435938,-0.000178125
-3.1000e-03,-0.0565625,-0.000406563
-3.0900e-03,-0.0507812,-0.000298438
-3.0800e-03,-0.0535937,0.000409063
-3.0700e-03,-0.0496875,-0.000261563
-3.0600e-03,-0.0532813,-0.000216875
-3.0500e-03,-0.0610938,-0.000362188
-3.0400e-03,-0.05125,0.000189375
-3.0300e-03,-0.0571875,-0.000185625
-3.0200e-03,-0.0557813,-7.9375e-05
-3.0100e-03,-0.056875,0.00013125
-3.0000e-03,-0.0525,-0.000100625
-2.9900e-03,-0.0492188,7.9375e-05
-2.9800e-03,-0.0554687,-0.000601875
-2.9700e-03,-0.0582813,-0.000617188
-2.9600e-03,-0.0389063,-0.000484688
-2.9500e-03,-0.0484375,-0.000444688
-2.9400e-03,-0.0617188,-0.000885313
-2.9300e-03,-0.050625,-0.0002825
-2.9200e-03,-0.0496875,-0.000159063
-2.9100e-03,-0.0532813,0.00032625
-2.9000e-03,-0.0598438,0.000190938
-2.8900e-03,-0.0509375,0.000210938
-2.8800e-03,-0.0517188,-0.000419063
-2.8700e-03,-0.0526563,0.000204375
-2.8600e-03,-0.0471875,0.000545313
-2.8500e-03,-0.055625,-0.000292813
-2.8400e-03,-0.0560937,0.000115625
-2.8300e-03,-0.0609375,0.0007625
-2.8200e-03,-0.0446875,-0.000290313
-2.8100e-03,-0.053125,-0.000110313
-2.8000e-03,-0.051875,-2.15625e-05
-2.7900e-03,-0.0496875,-0.000430625
-2.7800e-03,-0.0621875,0.000492188
-2.7700e-03,-0.0467188,-0.000109063
-2.7600e-03,-0.0489062,-0.000635938
-2.7500e-03,-0.0517188,-0.000342813
-2.7400e-03,-0.0573437,-0.000103125
-2.7300e-03,-0.0439063,0.000132188
-2.7200e-03,-0.0534375,-0.000355313
-2.7100e-03,-0.04875,2.8125e-06
-2.7000e-03,-0.0545313,-0.000235938
-2.6900e-03,-0.0465625,-0.00099875
-2.6800e-03,-0.0454688,-0.000257188
-2.6700e-03,-0.0421875,-1.8125e-05
-2.6600e-03,-0.0584375,-0.000252188
-2.6500e-03,-0.0534375,-0.000532187
-2.6400e-03,-0.0446875,-4.78125e-05
-2.6300e-03,-0.048125,3.21875e-05
-2.6200e-03,-0.0395313,-0.000714375
-2.6100e-03,-0.0576563,-0.000135
-2.6000e-03,-0.04625,-0.000246563
-2.5900e-03,-0.0517188,-0.000439063
-2.5800e-03,-0.0496875,0.0001875
-2.5700e-03,-0.053125,-0.000796875
-2.5600e-03,-0.0609375,-0.000694375
-2.5500e-03,-0.0496875,-6.3125e-05
-2.5400e-03,-0.054375,-0.000410313
-2.5300e-03,-0.0492188,-0.000645938
-2.5200e-03,-0.055,-0.000512813
-2.5100e-03,-0.04125,-0.000126875
-2.5000e-03,-0.0496875,-0.00045
-2.4900e-03,-0.0507812,0.000152188
-2.4800e-03,-0.0521875,0.0001725
-2.4700e-03,-0.0514063,0.000341563
-2.4600e-03,-0.0604688,0.000144375
-2.4500e-03,-0.0492188,-0.000772188
-2.4400e-03,-0.0496875,-0.000250625
-2.4300e-03,-0.05,0.000122188
-2.4200e-03,-0.0632812,-0.00037875
-2.4100e-03,-0.0529687,-0.000584375
-2.4000e-03,-0.0557813,-0.000560313
-2.3900e-03,-0.0590625,7.59375e-05
-2.3800e-03,-0.0554687,-0.0007
-2.3700e-03,-0.0509375,-0.000337188
-2.3600e-03,-0.0421875,0.000125313
-2.3500e-03,-0.0542187,3.4375e-06
-2.3400e-03,-0.0589063,0.000370938
-2.3300e-03,-0.0520313,7.78125e-05
-2.3200e-03,-0.0501562,-0.000435938
-2.3100e-03,-0.0579687,-6.96875e-05
-2.3000e-03,-0.0598438,-0.000391563
-2.2900e-03,-0.0532813,-0.00074875
-2.2800e-03,-0.0426562,-0.000351875
-2.2700e-03,-0.0559375,-0.000621875
-2.2600e-03,-0.0551563,-0.000768125
-2.2500e-03,-0.0545313,-0.000470625
-2.2400e-03,-0.0610938,-0.000419375
-2.2300e-03,-0.0453125,3.03125e-05
-2.2200e-03,-0.045625,-0.000247188
-2.2100e-03,-0.0503125,-0.00033
-2.2000e-03,-0.0509375,-5.90625e-05
-2.1900e-03,-0.0453125,-0.00026125
-2.1800e-03,-0.0398437,-0.000259063
-2.1700e-03,-0.0589063,2.1875e-06
-2.1600e-03,-0.0476562,-3.84375e-05
-2.1500e-03,-0.051875,0.000434063
-2.1400e-03,-0.0557813,6.3125e-05
-2.1300e-03,-0.056875,0.0003525
-2.1200e-03,-0.0529687,-1.34375e-05
-2.1100e-03,-0.0598438,0.000376875
-2.1000e-03,-0.06625,0.000154063
-2.0900e-03,-0.051875,6.34375e-05
-2.0800e-03,-0.0539063,8.375e-05
-2.0700e-03,-0.058125,-0.000571875
-2.0600e-03,-0.0495312,-0.000511875
-2.0500e-03,-0.0589063,-5e-05
-2.0400e-03,-0.0473438,0.000622188
-2.0300e-03,-0.03875,0.00025875
-2.0200e-03,-0.04125,-0.0005425
-2.0100e-03,-0.0592188,-0.000123125
-2.0000e-03,-0.0478125,-0.0006525
-1.9900e-03,-0.0625,-0.000759063
-1.9800e-03,-0.05375,2.90625e-05
-1.9700e-03,-0.0470312,-0.000166875
-1.9600e-03,-0.0604688,0.00044375
-1.9500e-03,-0.0485938,5.15625e-05
-1.9400e-03,-0.0546875,-0.000878438
-1.9300e-03,-0.0498438,0.00015875
-1.9200e-03,-0.0560937,8.3125e-05
-1.9100e-03,-0.0482812,-0.000323438
-1.9000e-03,-0.0515625,-0.000233125
-1.8900e-03,-0.0489062,-0.000459063
-1.8800e-03,-0.0507812,1.5e-05
-1.8700e-03,-0.0639062,-4.03125e-05
-1.8600e-03,-0.0501562,-0.000209063
-1.8500e-03,-0.0476562,-0.0002875
-1.8400e-03,-0.0559375,-5.46875e-05
-1.8300e-03,-0.0484375,-0.000134688
-1.8200e-03,-0.054375,-0.000569063
-1.8100e-03,-0.0521875,8.78125e-05
-1.8000e-03,-0.0479688,-0.000295938
-1.7900e-03,-0.05,-0.000129375
-1.7800e-03,-0.04875,-0.000320625
-1.7700e-03,-0.048125,3.6875e-05
-1.7600e-03,-0.0451563,-0.000200938
-1.7500e-03,-0.0503125,-0.000575313
-1.7400e-03,-0.0564063,-0.000593125
-1.7300e-03,-0.0539063,-0.000655
-1.7200e-03,-0.0528125,-0.000630938
-1.7100e-03,-0.0507812,-0.000339375
-1.7000e-03,-0.0598438,-0.0008775
-1.6900e-03,-0.0565625,-0.000641875
-1.6800e-03,-0.0529687,-0.00055625
-1.6700e-03,-0.0621875,-0.000741875
-1.6600e-03,-0.0498438,-0.00063375
-1.6500e-03,-0.0507812,7.6875e-05
-1.6400e-03,-0.0560937,0.000304687
-1.6300e-03,-0.0534375,-6.75e-05
-1.6200e-03,-0.0460938,-0.000439688
-1.6100e-03,-0.0451563,-0.000310313
-1.6000e-03,-0.055625,-0.000372188
-1.5900e-03,-0.0454688,-0.00027125
-1.5800e-03,-0.064375,-0.000696875
-1.5700e-03,-0.0509375,-0.000120313
-1.5600e-03,-0.0609375,-0.000803125
-1.5500e-03,-0.0604688,-0.000209063
-1.5400e-03,-0.056875,1.25e-05
-1.5300e-03,-0.046875,-0.0001025
-1.5200e-03,-0.0651562,0.000421563
-1.5100e-03,-0.0442188,-0.000688438
-1.5000e-03,-0.0464062,-0.000164688
-1.4900e-03,-0.0554687,-0.000611563
-1.4800e-03,-0.0590625,-0.000446875
-1.4700e-03,-0.045625,9.6875e-05
-1.4600e-03,-0.0479688,0.000284063
-1.4500e-03,-0.0532813,-0.000644063
-1.4400e-03,-0.0578125,-7.9375e-05
-1.4300e-03,-0.0507812,-0.0001575
-1.4200e-03,-0.054375,0.00060875
-1.4100e-03,-0.0575,0.000161875
-1.4000e-03,-0.0510938,-0.000459688
-1.3900e-03,-0.04375,-0.000138438
-1.3800e-03,-0.053125,0.000448125
-1.3700e-03,-0.04625,0.00015
-1.3600e-03,-0.0609375,-0.000504688
-1.3500e-03,-0.0520313,-0.00017125
-1.3400e-03,-0.0490625,-0.00053375
-1.3300e-03,-0.0525,-0.000254063
-1.3200e-03,-0.0564063,-0.000276875
-1.3100e-03,-0.0540625,0.000204688
-1.3000e-03,-0.0429688,0.0003475
-1.2900e-03,-0.05,-6.71875e-05
-1.2800e-03,-0.0495312,-0.000509375
-1.2700e-03,-0.0490625,0.000499375
-1.2600e-03,-0.0478125,0.00054375
-1.2500e-03,-0.05875,-0.00022125
-1.2400e-03,-0.05,-0.000588125
-1.2300e-03,-0.0553125,0.000175938
-1.2200e-03,-0.043125,-0.00086625
-1.2100e-03,-0.0570313,-0.000173438
-1.2000e-03,-0.05625,6.15625e-05
-1.1900e-03,-0.0528125,-0.000485938
-1.1800e-03,-0.0651562,-0.000254063
-1.1700e-03,-0.065,-0.000257813
-1.1600e-03,-0.0576563,-0.000325625
-1.1500e-03,-0.0534375,-0.000461563
-1.1400e-03,-0.0526563,-0.000474688
-1.1300e-03,-0.0657812,-0.000136563
-1.1200e-03,-0.0507812,-0.000626875
-1.1100e-03,-0.0557813,-0.000560938
-1.1000e-03,-0.0535937,0.000110313
-1.0900e-03,-0.0535937,-7.96875e-05
-1.0800e-03,-0.0582813,0.000715
-1.0700e-03,-0.05125,-9.9375e-05
-1.0600e-03,-0.0601562,0.00041625
-1.0500e-03,-0.049375,0.000366875
-1.0400e-03,-0.0648438,-0.000107188
-1.0300e-03,-0.0548437,-6.375e-05
-1.0200e-03,-0.06125,8.53125e-05
-1.0100e-03,-0.0529687,0.000141563
-1.0000e-03,-0.060625,-0.000281563
-9.9000e-04,-0.054375,-0.000609063
-9.8000e-04,-0.041875,-0.00010875
-9.7000e-04,-0.0482812,-0.000694063
-9.6000e-04,-0.0521875,-0.000604062
-9.5000e-04,-0.0514063,0.000260313
-9.4000e-04,-0.0585938,-0.000490938
-9.3000e-04,-0.0448438,-0.00054875
-9.2000e-04,-0.03625,0.000193438
-9.1000e-04,-0.0675,-5.59375e-05
-9.0000e-04,-0.0520313,-0.000210625
-8.9000e-04,-0.051875,-0.000366563
-8.8000e-04,-0.0557813,-0.00076875
-8.7000e-04,-0.0590625,-0.0008075
-8.6000e-04,-0.059375,-0.000186875
-8.5000e-04,-0.0548437,-0.00020875
-8.4000e-04,-0.056875,-0.000250313
-8.3000e-04,-0.0517188,0.000344688
-8.2000e-04,-0.06875,2.8125e-05
-8.1000e-04,-0.046875,0.0002425
-8.0000e-04,-0.0470312,0.000553438
-7.9000e-04,-0.0340625,-0.0001175
-7.8000e-04,-0.0504687,0.000109063
-7.7000e-04,-0.0520313,-0.000169063
-7.6000e-04,-0.0410937,-0.000475313
-7.5000e-04,-0.058125,-0.000469688
-7.4000e-04,-0.0507812,-0.000529375
-7.3000e-04,-0.0415625,-0.00021375
-7.2000e-04,-0.0501562,0.00030375
-7.1000e-04,-0.0457813,-0.000177813
-7.0000e-04,-0.0645312,-0.000362813
-6.9000e-04,-0.0570313,-0.000548125
-6.8000e-04,-0.0501562,-0.000702188
-6.7000e-04,-0.060625,-0.000395625
-6.6000e-04,-0.0548437,0.000449688
-6.5000e-04,-0.0592188,9.375e-05
-6.4000e-04,-0.0473438,-0.000746875
-6.3000e-04,-0.051875,0.000190313
-6.2000e-04,-0.0509375,-0.000370313
-6.1000e-04,-0.0498438,-2.5e-06
-6.0000e-04,-0.0560937,1.1875e-05
-5.9000e-04,-0.0645312,-0.000197813
-5.8000e-04,-0.0590625,0.0001625
-5.7000e-04,-0.0492188,-0.000825938
-5.6000e-04,-0.0601562,-0.000264375
-5.5000e-04,-0.05875,1.5e-05
-5.4000e-04,-0.0585938,-0.000685938
-5.3000e-04,-0.0589063,-0.000246875
-5.2000e-04,-0.0590625,-7.9375e-05
-5.1000e-04,-0.0496875,0.000473125
-5.0000e-04,-0.05625,-0.000150625
-4.9000e-04,-0.0489062,-0.000395313
-4.8000e-04,-0.048125,0.000230938
-4.7000e-04,-0.0603125,2.96875e-05
-4.6000e-04,-0.0614062,-0.000388125
-4.5000e-04,-0.0485938,0.000507813
-4.4000e-04,-0.0515625,-6.1875e-05
-4.3000e-04,-0.04375,0.00038375
-4.2000e-04,-0.0557813,0.00059875
-4.1000e-04,-0.045,0.000535313
-4.0000e-04,-0.046875,-2.9375e-05
-3.9000e-04,-0.0475,-0.000543125
-3.8000e-04,-0.05625,-0.00024125
-3.7000e-04,-0.054375,-0.000182813
-3.6000e-04,-0.055625,-8.4375e-06
-3.5000e-04,-0.0601562,-0.000212813
-3.4000e-04,-0.051875,-0.00018
-3.3000e-04,-0.0525,-0.0004075
-3.2000e-04,-0.0465625,5e-06
-3.1000e-04,-0.0496875,-0.000495938
-3.0000e-04,-0.0514063,-0.000497188
-2.9000e-04,-0.0470312,0.000118125
-2.8000e-04,-0.0592188,-0.000175938
-2.7000e-04,-0.0501562,-0.000234688
-2.6000e-04,-0.055625,-5.0625e-05
-2.5000e-04,-0.0589063,9.53125e-05
-2.4000e-04,-0.0498438,-0.000211563
-2.3000e-04,-0.0546875,-0.000771875
-2.2000e-04,-0.05375,-0.000551875
-2.1000e-04,-0.0620312,-0.000489687
-2.0000e-04,-0.0429688,-0.000105
-1.9000e-04,-0.0473438,-0.000274375
-1.8000e-04,-0.0467188,0.0001175
-1.7000e-04,-0.0565625,-0.000515625
-1.6000e-04,-0.054375,5.84375e-05
-1.5000e-04,-0.0457813,-0.000359375
-1.4000e-04,-0.0575,0.000246875
-1.3000e-04,-0.0392187,-9e-05
-1.2000e-04,-0.050625,-0.000154375
-1.1000e-04,-0.0595313,-0.000232188
-1.0000e-04,-0.0592188,-0.000815625
-9.0000e-05,-0.0460938,-0.000453125
-8.0000e-05,-0.0573437,-0.00085625
-7.0000e-05,-0.0426562,-0.00037
-6.0000e-05,-0.0471875,-0.000311563
-5.0000e-05,-0.0464062,0.000344063
-4.0000e-05,-0.044375,0.000457813
-3.0000e-05,-0.0607812,-0.000804375
-2.0000e-05,-0.0626562,-0.000201563
-1.0000e-05,-0.050625,-0.000265625
-0.0000e+00,-0.0545313,-0.000475938
1.0000e-05,-0.064375,-4.4375e-05
2.0000e-05,-0.059375,0.000113125
3.0000e-05,-0.0509375,-0.00029125
4.0000e-05,-0.0485938,0.000105
5.0000e-05,-0.0526563,0.00047625
6.0000e-05,-0.0567187,-0.000159063
7.0000e-05,-0.0559375,0.000575938
8.0000e-05,-0.0404687,-0.000199063
9.0000e-05,-0.0567187,-0.000305
1.0000e-04,-0.051875,-0.000251562
1.1000e-04,-0.0596875,0.000214375
1.2000e-04,-0.0554687,-0.000593437
1.3000e-04,-0.051875,-0.000145
1.4000e-04,-0.0453125,-0.000400313
1.5000e-04,-0.0567187,-0.000143125
1.6000e-04,-0.05625,0.000767188
1.7000e-04,-0.0498438,-0.000304375
1.8000e-04,-0.0542187,-4.03125e-05
1.9000e-04,-0.0535937,-0.000223438
2.0000e-04,-0.0495312,-0.000332813
2.1000e-04,-0.0526563,-0.000335625
2.2000e-04,-0.0485938,-0.0001225
2.3000e-04,-0.0446875,-0.000245625
2.4000e-04,-0.0595313,0.000256875
2.5000e-04,-0.0510938,1.0625e-05
2.6000e-04,-0.055625,0.0001575
2.7000e-04,-0.0473438,0.0003725
2.8000e-04,-0.0545313,-0.000185313
2.9000e-04,-0.0432813,-0.000347813
3.0000e-04,-0.0629688,-0.0003225
3.1000e-04,-0.048125,-0.000566563
3.2000e-04,-0.0589063,-0.000361563
3.3000e-04,-0.0604688,0.000470625
3.4000e-04,-0.0545313,0.000321563
3.5000e-04,-0.0565625,0.000346875
3.6000e-04,-0.0589063,-0.000109063
3.7000e-04,-0.050625,-0.000270313
3.8000e-04,-0.0528125,-0.000825938
3.9000e-04,-0.04375,-0.000759688
4.0000e-04,-0.0514063,-7.25e-05
4.1000e-04,-0.0554687,-0.000104063
4.2000e-04,-0.0553125,-7.65625e-05
4.3000e-04,-0.0485938,-0.00023
4.4000e-04,-0.0626562,-0.000382813
4.5000e-04,-0.0626562,-0.000155
4.6000e-04,-0.0503125,-0.0001975
4.7000e-04,-1.90219,-0.000154688
4.8000e-04,-1.96484,-0.00484594
4.9000e-04,-1.30469,-0.00618188
5.0000e-04,0.0945312,-0.00603938
5.1000e-04,0.0996875,-0.00604969
5.2000e-04,0.0739062,-0.00583813
5.3000e-04,0.0728125,-0.00583875
5.4000e-04,0.0598438,-0.00592094
5.5000e-04,0.05,-0.00582063
5.6000e-04,0.06,-0.00582125
5.7000e-04,0.0470312,-0.00600688
5.8000e-04,0.0501562,-0.00612094
5.9000e-04,0.0409375,-0.00582063
6.0000e-04,0.0417187,-0.0057525
6.1000e-04,0.0264063,-0.00595406
6.2000e-04,0.0382813,-0.00615313
6.3000e-04,0.0295312,-0.0059725
6.4000e-04,0.0292187,-0.00581688
6.5000e-04,0.0221875,-0.005805
6.6000e-04,0.0240625,-0.00569031
6.7000e-04,0.00015625,-0.00577031
6.8000e-04,0.0365625,-0.00563563
6.9000e-04,0.023125,-0.0057425
7.0000e-04,0.008125,-0.00591688
7.1000e-04,0.0165625,-0.00606469
7.2000e-04,0.0110937,0.00010875
7.3000e-04,0.00875,0.00645281
7.4000e-04,0.00890625,0.00762906
7.5000e-04,-0.0003125,0.00216938
7.6000e-04,0.0096875,-0.00535719
7.7000e-04,0.00359375,-0.00670844
7.8000e-04,0.00578125,-0.00407031
7.9000e-04,0.0115625,0.00338438
8.0000e-04,0.0167188,0.00667906
8.1000e-04,-0.00078125,0.00422563
8.2000e-04,0.00046875,-0.00169813
8.3000e-04,0.00046875,-0.00545906
8.4000e-04,-0.00140625,-0.00501875
8.5000e-04,-0.00671875,0.0003725
8.6000e-04,-0.00640625,0.00414188
8.7000e-04,-0.00625,0.00427281
8.8000e-04,0.003125,1.96875e-05
8.9000e-04,-0.00796875,-0.00401812
9.0000e-04,-0.0034375,-0.00473875
9.1000e-04,-0.006875,-0.00179906
9.2000e-04,-0.00578125,0.00192594
9.3000e-04,-0.00640625,0.00404406
9.4000e-04,-0.00484375,0.00163656
9.5000e-04,-0.00515625,-0.00155094
9.6000e-04,-0.00921875,-0.00385469
9.7000e-04,-0.0075,-0.00286563
9.8000e-04,0.000625,0.00055875
9.9000e-04,-0.00671875,0.00299594
1.0000e-03,-0.0059375,0.00244719
1.0100e-03,-0.019375,-5.78125e-05
1.0200e-03,-0.010625,-0.00219
1.0300e-03,0.00015625,-0.00283938
1.0400e-03,-0.00421875,-0.000568125
1.0500e-03,-0.011875,0.00107875
1.0600e-03,-0.00640625,0.00169375
1.0700e-03,-0.00609375,0.00133844
1.0800e-03,-0.0153125,-0.000758125
1.0900e-03,-0.0182812,-0.00261
1.1000e-03,-0.0178125,-0.00240875
1.1100e-03,-0.00796875,-6.53125e-05
1.1200e-03,0.000625,0.00103156
1.1300e-03,-0.0003125,0.00144438
1.1400e-03,-0.0189062,-0.000278438
1.1500e-03,-0.0125,-0.00107094
1.1600e-03,-0.00484375,-0.00221937
1.1700e-03,-0.0201563,-0.00152
1.1800e-03,-0.0135937,0.000752813
1.1900e-03,-0.0171875,0.00118094
1.2000e-03,-0.0176563,0.000327813
1.2100e-03,0.000625,-0.000773125
1.2200e-03,-0.0165625,-0.00144969
1.2300e-03,-0.0078125,-0.00155031
1.2400e-03,-0.0217188,-0.000445313
1.2500e-03,-0.0154687,0.000225625
1.2600e-03,-0.0115625,0.000493438
1.2700e-03,0.006875,0.0004575
1.2800e-03,-0.0028125,-0.000908125
1.2900e-03,-0.0146875,-0.00160344
1.3000e-03,-0.0173438,-0.00101313
1.3100e-03,-0.0078125,0.000267813
1.3200e-03,-0.00125,0.000981563
1.3300e-03,-0.0232812,0.00070625
1.3400e-03,-0.010625,6.3125e-05
1.3500e-03,-0.0142188,-0.00109813
1.3600e-03,-0.0114062,-0.00136844
1.3700e-03,-0.0084375,-0.000653438
1.3800e-03,-0.0173438,0.000534375
1.3900e-03,-0.01375,0.000604062
1.4000e-03,-0.0171875,0.00105344
1.4100e-03,-0.00140625,-0.000116563
1.4200e-03,-0.0201563,-0.000530938
1.4300e-03,-0.0220313,-0.000874688
1.4400e-03,-0.0117188,0.000177188
1.4500e-03,-0.0220313,0.0006
1.4600e-03,-0.025625,0.000775313
1.4700e-03,-0.014375,-0.000115
1.4800e-03,-0.02,-0.000236563
1.4900e-03,-0.0192187,-0.000844063
1.5000e-03,-0.0142188,-0.000622188
1.5100e-03,-0.0175,0.000511875
1.5200e-03,-0.0289063,0.00079625
1.5300e-03,-0.0120313,0.000848125
1.5400e-03,-0.031875,-0.00018125
1.5500e-03,-0.0176563,-0.00059875
1.5600e-03,-0.024375,-0.000207813
1.5700e-03,-0.015625,-0.000765313
1.5800e-03,-0.0157813,9e-05
1.5900e-03,-0.016875,0.000825
1.6000e-03,-0.0285938,0.000405938
1.6100e-03,-0.020625,-0.0003075
1.6200e-03,-0.0259375,-0.00069
1.6300e-03,-0.0173438,-0.000397813
1.6400e-03,-0.0382813,-0.000354063
1.6500e-03,-0.0171875,0.000606875
1.6600e-03,-0.0176563,0.000829375
1.6700e-03,-0.0235938,-4.96875e-05
1.6800e-03,-0.0159375,-0.000529687
1.6900e-03,-0.0248438,-0.00102625
1.7000e-03,-0.0307813,-0.000250938
1.7100e-03,-0.0228125,-0.000458125
1.7200e-03,-0.0239063,0.000709375
1.7300e-03,-0.0165625,0.000670625
1.7400e-03,-0.019375,-0.000808438
1.7500e-03,-0.02,-0.00133063
1.7600e-03,-0.0239063,-0.00032
1.7700e-03,-0.0245313,-0.000566875
1.7800e-03,-0.0271875,0.000796563
1.7900e-03,-0.0159375,0.00101906
1.8000e-03,-0.0325,0.000568125
1.8100e-03,-0.0229687,-0.000285
1.8200e-03,-0.0228125,-0.00138625
1.8300e-03,-0.02375,-0.000434063
1.8400e-03,-0.0223437,3.4375e-05
1.8500e-03,-0.0115625,-1.125e-05
1.8600e-03,-0.0304688,0.000581875
1.8700e-03,-0.0284375,-0.000285938
1.8800e-03,-0.0253125,-0.000851563
1.8900e-03,-0.0332812,-0.000380625
1.9000e-03,-0.0259375,-0.000454688
1.9100e-03,-0.0170313,0.00039375
1.9200e-03,-0.0251563,0.000659688
1.9300e-03,-0.0296875,0.000326875
1.9400e-03,-0.0290625,-0.00025625
1.9500e-03,-0.0167188,-0.000219375
1.9600e-03,-0.0282813,-0.00028875
1.9700e-03,-0.0217188,0.000164375
1.9800e-03,-0.0248438,0.000643438
1.9900e-03,-0.0284375,-3.125e-05
2.0000e-03,-0.020625,0.000484688
2.0100e-03,-0.0271875,-0.000142813
2.0200e-03,-0.0275,-0.000599063
2.0300e-03,-0.025,-0.000127813
2.0400e-03,-0.0323438,8.03125e-05
2.0500e-03,-0.0251563,0.000391563
2.0600e-03,-0.0220313,8.875e-05
2.0700e-03,-0.0175,-0.000733125
2.0800e-03,-0.030625,-0.00036625
2.0900e-03,-0.0198438,-0.000308125
2.1000e-03,-0.0226562,-0.000473438
2.1100e-03,-0.0215625,0.000226875
2.1200e-03,-0.028125,0.000248125
2.1300e-03,-0.0275,-0.0001775
2.1400e-03,-0.02375,-0.000852813
2.1500e-03,-0.023125,-0.000878125
2.1600e-03,-0.0284375,0.000364688
2.1700e-03,-0.0345312,0.000222188
2.1800e-03,-0.0317188,0.000611563
2.1900e-03,-0.0232812,-2.3125e-05
2.2000e-03,-0.0278125,0.000175938
2.2100e-03,-0.0225,-0.000365938
2.2200e-03,-0.02625,-0.000141875
2.2300e-03,-0.0301563,-0.000206875
2.2400e-03,-0.025625,0.000273438
2.2500e-03,-0.0253125,4.03125e-05
2.2600e-03,-0.0364063,-0.000180313
2.2700e-03,-0.0225,-0.000281875
2.2800e-03,-0.02875,-0.000339063
2.2900e-03,-0.0198438,-0.000327813
2.3000e-03,-0.0264062,0.000107813
2.3100e-03,-0.024375,1.53125e-05
2.3200e-03,-0.0195312,0.0001825
2.3300e-03,-0.0253125,5.3125e-06
2.3400e-03,-0.0307813,-0.000493125
2.3500e-03,-0.0254688,-0.000109688
2.3600e-03,-0.029375,-0.00099875
2.3700e-03,-0.0239063,-0.00121969
2.3800e-03,-0.0385937,-0.000355
2.3900e-03,-0.033125,0.000289688
2.4000e-03,-0.0285938,-0.000240938
2.4100e-03,-0.0359375,-0.000445938
2.4200e-03,-0.0329688,-0.000774375
2.4300e-03,-0.0309375,-1.65625e-05
2.4400e-03,-0.020625,0.000495313
2.4500e-03,-0.0348437,0.000117813
2.4600e-03,-0.0320312,0.00027
2.4700e-03,-0.0240625,-0.000230938
2.4800e-03,-0.0329688,-0.000499063
2.4900e-03,-0.0317188,-0.000254063
2.5000e-03,-0.024375,3.15625e-05
2.5100e-03,-0.0335937,-0.000200313
2.5200e-03,-0.0284375,0.000289688
2.5300e-03,-0.0339062,-0.000409688
2.5400e-03,-0.025,-0.000526563
2.5500e-03,-0.0340625,-0.000151875
2.5600e-03,-0.0303125,-0.000410625
2.5700e-03,-0.035625,2.46875e-05
2.5800e-03,-0.0190625,-5.59375e-05
2.5900e-03,-0.0348437,-0.000231875
2.6000e-03,-0.0295313,6.75e-05
2.6100e-03,-0.0267187,-0.000183125
2.6200e-03,-0.028125,-8.375e-05
2.6300e-03,-0.034375,0.000508437
2.6400e-03,-0.0301563,0.000478125
2.6500e-03,-0.0342187,-0.000190625
2.6600e-03,-0.0210938,0.000379688
2.6700e-03,-0.0359375,-0.000870938
2.6800e-03,-0.0375,-0.000209688
2.6900e-03,-0.0215625,0.000306875
2.7000e-03,-0.030625,0.00020125
2.7100e-03,-0.028125,-0.000607813
2.7200e-03,-0.0409375,3.34375e-05
2.7300e-03,-0.0310937,4.5625e-05
2.7400e-03,-0.03,-0.000459375
2.7500e-03,-0.0315625,-0.000781563
2.7600e-03,-0.0223437,-0.000164375
2.7700e-03,-0.03125,-0.0002725
2.7800e-03,-0.0378125,0.000184688
2.7900e-03,-0.030625,0.000256875
2.8000e-03,-0.0278125,0.00059875
2.8100e-03,-0.0204688,0.00013
2.8200e-03,-0.0260937,-0.00027625
2.8300e-03,-0.0329688,-0.000442813
2.8400e-03,-0.03375,3.21875e-05
2.8500e-03,-0.0289063,0.00027
2.8600e-03,-0.0332812,-1.09375e-05
2.8700e-03,-0.01875,-0.000267813
2.8800e-03,-0.033125,0.000318438
2.8900e-03,-0.0332812,-6.15625e-05
2.9000e-03,-0.02625,-0.000209063
2.9100e-03,-0.0310937,0.000440938
2.9200e-03,-0.02625,-0.0002325
2.9300e-03,-0.0321875,-0.000236563
2.9400e-03,-0.036875,-0.000112813
2.9500e-03,-0.0328125,-0.00053625
2.9600e-03,-0.0382813,0.000347188
2.9700e-03,-0.0373438,0.000185938
2.9800e-03,-0.0279688,0.000186875
2.9900e-03,-0.0328125,0.000284063
3.0000e-03,-0.0326562,0.000333125
3.0100e-03,-0.0364063,-0.00052
3.0200e-03,-0.0310937,-0.00010375
3.0300e-03,-0.0345312,3.28125e-05
3.0400e-03,-0.0321875,6.5e-05
3.0500e-03,-0.0379688,0.000436563
3.0600e-03,-0.035625,3.1875e-05
3.0700e-03,-0.0464062,-3.625e-05
3.0800e-03,-0.029375,0.000275
3.0900e-03,-0.0470312,0.000130313
3.1000e-03,-0.03,0.00040125
3.1100e-03,-0.038125,-0.000114375
3.1200e-03,-0.0434375,-0.000378125
3.1300e-03,-0.0410937,-3.5625e-05
3.1400e-03,-0.0353125,5.15625e-05
3.1500e-03,-0.0351562,-0.000159375
3.1600e-03,-0.0298438,0.00065125
3.1700e-03,-0.0398437,0.001095
3.1800e-03,-0.0448438,0.000724375
3.1900e-03,-0.0395313,3.375e-05
3.2000e-03,-0.0403125,0.00017125
3.2100e-03,-0.0384375,-0.000244063
3.2200e-03,-0.0320312,-0.000250313
3.2300e-03,-0.0365625,0.000534063
3.2400e-03,-0.0420312,0.000315313
3.2500e-03,-0.0396875,0.000578438
3.2600e-03,-0.031875,-7.3125e-05
3.2700e-03,-0.0314062,-0.000665
3.2800e-03,-0.0421875,-7.46875e-05
3.2900e-03,-0.03875,-0.00043875
3.3000e-03,-0.0254688,-0.000584063
3.3100e-03,-0.0289063,2.8125e-05
3.3200e-03,-0.0348437,0.000254063
3.3300e-03,-0.0373438,-0.000660625
3.3400e-03,-0.0379688,-0.000505938
3.3500e-03,-0.0357813,-0.000151563
3.3600e-03,-0.04375,-0.000759063
3.3700e-03,-0.0435938,0.000300938
3.3800e-03,-0.0267187,0.000429375
3.3900e-03,-0.026875,-0.000315938
3.4000e-03,-0.043125,-0.000427188
3.4100e-03,-0.04,-0.000771563
3.4200e-03,-0.0382813,-7.46875e-05
3.4300e-03,-0.03375,-0.0006375
3.4400e-03,-0.0254688,0.00014
3.4500e-03,-0.0392187,-8.4375e-05
3.4600e-03,-0.0428125,-5.25e-05
3.4700e-03,-0.0315625,-0.000830313
3.4800e-03,-0.0332812,-0.000370938
3.4900e-03,-0.0340625,-0.000285
3.5000e-03,-0.0334375,-0.000544688
3.5100e-03,-0.038125,-0.000215938
3.5200e-03,-0.0395313,-0.00027
3.5300e-03,-0.03375,-0.000341875
3.5400e-03,-0.0440625,-0.000550625
3.5500e-03,-0.0401563,0.000284375
3.5600e-03,-0.0275,-5.25e-05
3.5700e-03,-0.0521875,0.000144063
3.5800e-03,-0.0309375,-0.000244063
3.5900e-03,-0.0384375,-2.3125e-05
3.6000e-03,-0.02625,0.00022625
3.6100e-03,-0.04875,0.000149063
3.6200e-03,-0.0335937,-6.5625e-05
3.6300e-03,-0.03625,0.00022125
3.6400e-03,-0.0403125,-0.000489375
3.6500e-03,-0.0460938,-0.000232188
3.6600e-03,-0.0320312,-0.000304375
3.6700e-03,-0.0323438,-0.000568125
3.6800e-03,-0.0398437,5.5625e-05
3.6900e-03,-0.0464062,-0.0001625
3.7000e-03,-0.038125,-0.000174375
3.7100e-03,-0.0314062,0.000413438
3.7200e-03,-0.0351562,-0.000300625
3.7300e-03,-0.04375,-6.96875e-05
3.7400e-03,-0.0398437,-0.00114406
3.7500e-03,-0.0326562,-0.00057875
3.7600e-03,-0.0434375,-2.375e-05
3.7700e-03,-0.0332812,0.000596875
3.7800e-03,-0.025625,-0.000516563
3.7900e-03,-0.0423437,-7.65625e-05
3.8000e-03,-0.0389063,-0.000460938
3.8100e-03,-0.0389063,-1.71875e-05
3.8200e-03,-0.0396875,-0.0003425
3.8300e-03,-0.0373438,-0.00019
3.8400e-03,-0.03125,-0.00026
3.8500e-03,-0.04125,0.000324688
3.8600e-03,-0.0375,0.000121875
3.8700e-03,-0.0320312,-7.90625e-05
3.8800e-03,-0.0482812,0.000179375
3.8900e-03,-0.0323438,0.000493438
3.9000e-03,-0.04125,0.00021375
3.9100e-03,-0.026875,-0.000464688
3.9200e-03,-0.0390625,7.59375e-05
3.9300e-03,-0.0295313,-0.000586875
3.9400e-03,-0.0389063,-4.0625e-06
3.9500e-03,-0.0467188,0.000442813
3.9600e-03,-0.03125,0.000941563
3.9700e-03,-0.0404687,0.000700625
3.9800e-03,-0.04,-0.000598438
3.9900e-03,-0.0385937,-8.65625e-05
4.0000e-03,-0.0414063,0.000190938
4.0100e-03,-0.0409375,-0.000355
4.0200e-03,-0.0301563,-0.000195313
4.0300e-03,-0.0342187,0.000206875
4.0400e-03,-0.049375,-8.125e-06
4.0500e-03,-0.0440625,2.15625e-05
4.0600e-03,-0.035,-0.000543125
4.0700e-03,-0.03875,-0.000309688
4.0800e-03,-0.0364063,0.000320938
4.0900e-03,-0.03875,0.000149063
4.1000e-03,-0.0301563,-0.00021
4.1100e-03,-0.0359375,-1.84375e-05
4.1200e-03,-0.0414063,-0.000308438
4.1300e-03,-0.041875,-0.000368125
4.1400e-03,-0.0409375,-0.000295313
4.1500e-03,-0.0396875,-0.0005125
4.1600e-03,-0.0314062,-0.000392813
4.1700e-03,-0.0371875,-0.000295938
4.1800e-03,-0.0359375,0.000431875
4.1900e-03,-0.0414063,-0.000187813
4.2000e-03,-0.0329688,5.65625e-05
4.2100e-03,-0.0245313,-0.00013875
4.2200e-03,-0.043125,-0.000525938
4.2300e-03,-0.0507812,-0.000161563
4.2400e-03,-0.0392187,-0.000339688
4.2500e-03,-0.0471875,-0.00079375
4.2600e-03,-0.0353125,-0.000462188
4.2700e-03,-0.0379688,-8.75e-06
4.2800e-03,-0.0359375,-9.5e-05
4.2900e-03,-0.039375,0.0002275
4.3000e-03,-0.031875,0.00032625
4.3100e-03,-0.0542187,-0.000575938
4.3200e-03,-0.0379688,-0.000591563
4.3300e-03,-0.0376563,-0.000230313
4.3400e-03,-0.0248438,-0.000615
4.3500e-03,-0.043125,-0.000354688
4.3600e-03,-0.0414063,0.000186875
4.3700e-03,-0.0440625,4.4375e-05
4.3800e-03,-0.0379688,0.000305625
4.3900e-03,-0.0326562,-0.000144688
4.4000e-03,-0.02875,9.78125e-05
4.4100e-03,-0.04,4.6875e-06
4.4200e-03,-0.0392187,-0.000299688
4.4300e-03,-0.0464062,1.5625e-05
4.4400e-03,-0.0301563,-0.000372813
4.4500e-03,-0.0420312,0.0001275
4.4600e-03,-0.0429688,-0.00013125
4.4700e-03,-0.264531,0.000140938
4.4800e-03,-0.555469,-0.00416188
4.4900e-03,-1.84672,-0.00699625
4.5000e-03,-2.05703,-0.00741031
4.5100e-03,-2.54937,-0.00790344
4.5200e-03,0.159844,-0.00727
4.5300e-03,0.0995313,-0.00751688
4.5400e-03,0.108594,-0.00742219
4.5500e-03,0.0817187,-0.00719781
4.5600e-03,0.065,-0.00725281
4.5700e-03,0.0795312,-0.00743375
4.5800e-03,0.0646875,-0.00745875
4.5900e-03,0.0601562,-0.00741531
4.6000e-03,0.0396875,-0.00732625
4.6100e-03,0.0385937,-0.00744625
4.6200e-03,0.044375,-0.007315
4.6300e-03,0.0390625,-0.00703469
4.6400e-03,0.0298437,-0.00736688
4.6500e-03,0.0207812,-0.00742719
4.6600e-03,0.0242188,-0.00740781
4.6700e-03,0.0245313,-0.00736094
4.6800e-03,0.0134375,-0.0073825
4.6900e-03,0.0295312,-0.00705719
4.7000e-03,0.0328125,-0.00736719
4.7100e-03,0.0295312,-0.00714781
4.7200e-03,0.025625,-0.00729813
4.7300e-03,0.00875,-0.00463844
4.7400e-03,0.009375,-6.59375e-05
4.7500e-03,0.0090625,0.00249313
4.7600e-03,0.009375,0.000239375
4.7700e-03,0.0221875,-0.0023275
4.7800e-03,0.00671875,-0.00284469
4.7900e-03,-0.0025,-0.000725938
4.8000e-03,0.0059375,0.00104063
4.8100e-03,0.0226562,0.00246188
4.8200e-03,0.0115625,0.00175188
4.8300e-03,0.005,-0.00094625
4.8400e-03,-0.00515625,-0.00232438
4.8500e-03,0.0104687,-0.00205156
4.8600e-03,0.00578125,-5.65625e-05
4.8700e-03,-0.00484375,0.00115563
4.8800e-03,0.00234375,0.00107656
4.8900e-03,0.004375,-0.000460625
4.9000e-03,0.005625,-0.00116281
4.9100e-03,0.0015625,-0.00173625
4.9200e-03,0.0053125,-0.000830625
4.9300e-03,-0.0096875,0.00076625
4.9400e-03,0.01125,0.000944063
4.9500e-03,-0.0034375,0.000162188
4.9600e-03,0.01125,-0.00119813
4.9700e-03,0.00140625,-0.00126844
4.9800e-03,-0.00609375,-0.00136406
4.9900e-03,0.00203125,0.00051375
5.0000e-03,-0.00265625,0.000879688
5.0100e-03,-0.00671875,0.00135438
5.0200e-03,-0.00609375,0.000393125
5.0300e-03,-0.0160938,-0.000596875
5.0400e-03,-0.0065625,-0.000673438
5.0500e-03,-0.008125,-0.000229688
5.0600e-03,-0.0104688,-4.21875e-05
5.0700e-03,-0.0071875,-0.000163438
5.0800e-03,0.0107812,0.000354688
5.0900e-03,-0.0046875,-0.00078125
5.1000e-03,0.00484375,-0.00107406
5.1100e-03,-0.0078125,-0.000824375
5.1200e-03,-0.00578125,-5.25e-05
5.1300e-03,-0.0053125,0.000279688
5.1400e-03,-0.0159375,0.000287188
5.1500e-03,-0.0065625,4.0625e-05
5.1600e-03,0.0034375,-0.000455313
5.1700e-03,-0.00828125,-0.00047875
5.1800e-03,-0.00953125,-5.0625e-05
5.1900e-03,-0.0171875,0.0002625
5.2000e-03,-0.008125,4.9375e-05
5.2100e-03,-0.0096875,0.000277813
5.2200e-03,-0.00609375,-4.59375e-05
5.2300e-03,-0.0128125,-0.00048375
5.2400e-03,-0.010625,0.000236563
5.2500e-03,-0.00078125,-0.000376875
5.2600e-03,-0.0125,-0.000441875
5.2700e-03,-0.0034375,0.000364375
5.2800e-03,-0.0140625,8.6875e-05
5.2900e-03,-0.0179687,0.0001675
5.3000e-03,-0.0096875,9.375e-06
5.3100e-03,-0.0128125,-0.000190938
5.3200e-03,-0.0148437,-8.03125e-05
5.3300e-03,-0.00625,0.00062125
5.3400e-03,-0.005625,0.000837188
5.3500e-03,-0.0270312,8.9375e-05
5.3600e-03,-0.0254688,-0.00010125
5.3700e-03,-0.01875,-6.8125e-05
5.3800e-03,-0.01125,0.000206563
5.3900e-03,-0.01375,0.000208438
5.4000e-03,-0.0146875,0.000746563
5.4100e-03,-0.00671875,-0.000126563
5.4200e-03,-0.0159375,0.000422813
5.4300e-03,-0.0046875,-0.00076
5.4400e-03,-0.013125,-0.000282188
5.4500e-03,-0.0182812,-0.000455
5.4600e-03,-0.0120313,-8.78125e-05
5.4700e-03,-0.0228125,0.000372813
5.4800e-03,-0.0182812,0.000586563
5.4900e-03,-0.00953125,-0.000305313
5.5000e-03,-0.0182812,-0.000240313
5.5100e-03,-0.0151562,-5.8125e-05
5.5200e-03,-0.0142188,9.0625e-05
5.5300e-03,-0.0189062,-6.5625e-05
5.5400e-03,-0.01375,-0.000116875
5.5500e-03,-0.0220313,-0.000205938
5.5600e-03,-0.0121875,6.28125e-05
5.5700e-03,-0.0164063,-0.0001
5.5800e-03,-0.015,-0.000529687
5.5900e-03,-0.021875,-0.000255313
5.6000e-03,-0.0173438,-3.4375e-06
5.6100e-03,-0.0195312,-0.000473438
5.6200e-03,-0.0135937,-0.00059375
5.6300e-03,-0.0178125,-0.000890625
5.6400e-03,-0.0251563,-0.000452813
5.6500e-03,-0.0221875,0.000125313
5.6600e-03,-0.0267187,0.000382813
5.6700e-03,-0.0215625,-8.65625e-05
5.6800e-03,-0.008125,-0.000221563
5.6900e-03,-0.011875,-0.000651875
5.7000e-03,-0.025,-0.000270938
5.7100e-03,-0.00875,-0.000835938
5.7200e-03,-0.03375,-0.00013625
5.7300e-03,-0.0198438,-0.00021625
5.7400e-03,-0.02,-0.000120938
5.7500e-03,-0.02625,0.00028625
5.7600e-03,-0.025,0.000119375
5.7700e-03,-0.011875,0.000218125
5.7800e-03,-0.0307813,-2.875e-05
5.7900e-03,-0.030625,-0.00070875
5.8000e-03,-0.0228125,0.0002825
5.8100e-03,-0.0173438,-8.53125e-05
5.8200e-03,-0.0185937,0.000130625
5.8300e-03,-0.0215625,-0.000400313
5.8400e-03,-0.0259375,-0.000110938
5.8500e-03,-0.0179687,-3.09375e-05
5.8600e-03,-0.0264062,0.00031125
5.8700e-03,-0.025,-6.625e-05
5.8800e-03,-0.0317188,-0.00025375
5.8900e-03,-0.0242188,-0.00062875
5.9000e-03,-0.0167188,-4.1875e-05
5.9100e-03,-0.0278125,-0.000531563
5.9200e-03,-0.025,-5.59375e-05
5.9300e-03,-0.0301563,-9.0625e-05
5.9400e-03,-0.0235938,-0.000273125
5.9500e-03,-0.0384375,-0.00064625
5.9600e-03,-0.0257812,-0.000620625
5.9700e-03,-0.0239063,5.96875e-05
5.9800e-03,-0.028125,0.000614375
5.9900e-03,-0.0220313,-0.000689063
6.0000e-03,-0.0107813,-0.00017375
6.0100e-03,-0.0276563,0.000771563
6.0200e-03,-0.0185937,2.34375e-05
6.0300e-03,-0.034375,-0.000411875
6.0400e-03,-0.0240625,-0.00054875
6.0500e-03,-0.029375,-1.59375e-05
6.0600e-03,-0.0196875,4.375e-05
6.0700e-03,-0.029375,0.00040875
6.0800e-03,-0.025625,0.000103125
6.0900e-03,-0.0239063,-0.000395625
6.1000e-03,-0.0251563,-0.000419063
6.1100e-03,-0.0251563,-0.000468125
6.1200e-03,-0.0378125,-0.000613125
6.1300e-03,-0.0314062,-0.000737813
6.1400e-03,-0.0196875,-0.00025
6.1500e-03,-0.0407813,-0.000196563
6.1600e-03,-0.0242188,-0.00031375
6.1700e-03,-0.03,1.34375e-05
6.1800e-03,-0.041875,0.000291563
6.1900e-03,-0.0276563,0.000749688
6.2000e-03,-0.035625,0.00080875
6.2100e-03,-0.0190625,-0.000163125
6.2200e-03,-0.0217188,-0.000744688
6.2300e-03,-0.0178125,-0.00103844
6.2400e-03,-0.0204688,-0.000376563
6.2500e-03,-0.0221875,-0.00044375
6.2600e-03,-0.01625,0.000488125
6.2700e-03,-0.0375,0.000179063
6.2800e-03,-0.0326562,-1.875e-06
6.2900e-03,-0.0195312,-0.000168125
6.3000e-03,-0.0348437,-0.000271563
6.3100e-03,-0.030625,-0.00023125
6.3200e-03,-0.0229687,0.000172813
6.3300e-03,-0.0342187,-0.000563438
6.3400e-03,-0.033125,-0.000314063
6.3500e-03,-0.035,-0.000160313
6.3600e-03,-0.0228125,-0.000127188
6.3700e-03,-0.0234375,4.5625e-05
6.3800e-03,-0.0298438,0.000845938
6.3900e-03,-0.021875,0.000195625
6.4000e-03,-0.0346875,0.000339688
6.4100e-03,-0.029375,-0.000201875
6.4200e-03,-0.0264062,-0.0001525
6.4300e-03,-0.0295313,-0.00049875
6.4400e-03,-0.0290625,5.03125e-05
6.4500e-03,-0.0290625,0.000244375
6.4600e-03,-0.028125,0.00055
6.4700e-03,-0.0228125,0.00038875
6.4800e-03,-0.029375,0.000273125
6.4900e-03,-0.02,-0.00025375
6.5000e-03,-0.0289063,5e-05
6.5100e-03,-0.0285938,0.000467188
6.5200e-03,-0.0270312,-0.000125625
6.5300e-03,-0.0359375,0.000476563
6.5400e-03,-0.0342187,-0.00014625
6.5500e-03,-0.0242188,-0.000132813
6.5600e-03,-0.0310937,-0.000829688
6.5700e-03,-0.0217188,-0.000108438
6.5800e-03,-0.0275,2.8125e-05
6.5900e-03,-0.0360938,0.000224375
6.6000e-03,-0.0345312,-0.000633438
6.6100e-03,-0.0353125,-0.000445625
6.6200e-03,-0.0351562,-0.000124063
6.6300e-03,-0.0245313,-0.000183125
6.6400e-03,-0.03375,-6.03125e-05
6.6500e-03,-0.0184375,-0.000186875
6.6600e-03,-0.0296875,-0.000185313
6.6700e-03,-0.034375,0.000521562
6.6800e-03,-0.04,-0.00042
6.6900e-03,-0.0348437,-0.000396875
6.7000e-03,-0.0304688,-0.000552813
6.7100e-03,-0.0335937,-0.000286563
6.7200e-03,-0.0346875,0.00025
6.7300e-03,-0.0314062,0.000440938
6.7400e-03,-0.0240625,0.000542813
6.7500e-03,-0.02875,-0.000292188
6.7600e-03,-0.0409375,-3.9375e-05
6.7700e-03,-0.023125,3.5e-05
6.7800e-03,-0.031875,-0.000281563
6.7900e-03,-0.0323438,-0.000404063
6.8000e-03,-0.033125,0.0002575
6.8100e-03,-0.0276563,-0.000285625
6.8200e-03,-0.0382813,-0.000167188
6.8300e-03,-0.024375,2.5e-05
6.8400e-03,-0.0345312,-0.000569375
6.8500e-03,-0.0359375,-0.000433125
6.8600e-03,-0.0226562,-8.40625e-05
6.8700e-03,-0.04125,9.5e-05
6.8800e-03,-0.0264062,-0.000611875
6.8900e-03,-0.034375,-0.000249063
6.9000e-03,-0.0403125,-0.000645313
6.9100e-03,-0.0334375,-0.000231875
6.9200e-03,-0.0265625,-0.000225625
6.9300e-03,-0.0307813,-0.000646875
6.9400e-03,-0.01375,0.000254063
6.9500e-03,-0.0376563,-0.000300938
6.9600e-03,-0.0446875,-0.000475938
6.9700e-03,-0.0284375,-0.000306563
6.9800e-03,-0.0321875,0.00029875
6.9900e-03,-0.0301563,-0.000522188
7.0000e-03,-0.0232812,0.0004975
7.0100e-03,-0.0325,-0.000361875
7.0200e-03,-0.034375,-0.000204688
7.0300e-03,-0.02875,-0.000614687
7.0400e-03,-0.0335937,0.000194688
7.0500e-03,-0.0385937,-7.1875e-05
7.0600e-03,-0.0309375,0.000296563
7.0700e-03,-0.0345312,-8.5625e-05
7.0800e-03,-0.0390625,-0.000115938
7.0900e-03,-0.0351562,-0.000112188
7.1000e-03,-0.0278125,-2.59375e-05
7.1100e-03,-0.026875,7.5625e-05
7.1200e-03,-0.0351562,0.000201563
7.1300e-03,-0.0354688,0.000250313
7.1400e-03,-0.0303125,-0.000190938
7.1500e-03,-0.0403125,9.9375e-05
7.1600e-03,-0.0321875,-0.000114063
7.1700e-03,-0.0225,0.000588438
7.1800e-03,-0.016875,-0.000290313
7.1900e-03,-0.02625,-0.000141875
7.2000e-03,-0.0375,-0.000151563
7.2100e-03,-0.039375,0.000705625
7.2200e-03,-0.0289063,-0.000156563
7.2300e-03,-0.041875,0.000180313
7.2400e-03,-0.0378125,-0.000153125
7.2500e-03,-0.0375,0.000492188
7.2600e-03,-0.0457813,-0.000133125
7.2700e-03,-0.03125,-0.000279688
7.2800e-03,-0.04375,-0.000305
7.2900e-03,-0.0398437,-0.0004825
7.3000e-03,-0.019375,3.78125e-05
7.3100e-03,-0.023125,-0.00048125
7.3200e-03,-0.0215625,-0.000281875
7.3300e-03,-0.0360938,-0.000316875
7.3400e-03,-0.0421875,-0.000497188
7.3500e-03,-0.03125,-3.34375e-05
7.3600e-03,-0.035,-0.000326563
7.3700e-03,-0.0345312,0.000218125
7.3800e-03,-0.039375,0.000160625
7.3900e-03,-0.035625,-4e-05
7.4000e-03,-0.0325,-0.000495938
7.4100e-03,-0.0329688,-0.000408125
7.4200e-03,-0.0303125,-0.000648125
7.4300e-03,-0.0342187,-0.000662188
7.4400e-03,-0.0382813,0.000557813
7.4500e-03,-0.0273438,-0.000210313
7.4600e-03,-0.0359375,-0.000363125
7.4700e-03,-0.0339062,-0.000150313
7.4800e-03,-0.0390625,0.0003325
7.4900e-03,-0.0334375,5.25e-05
7.5000e-03,-0.0435938,0.000304063
7.5100e-03,-0.0378125,-0.00062375
7.5200e-03,-0.0359375,0.00045
7.5300e-03,-0.0407813,-0.000715313
7.5400e-03,-0.035,-8.03125e-05
7.5500e-03,-0.040625,0.000297188
7.5600e-03,-0.0365625,2.09375e-05
7.5700e-03,-0.0267187,0.000167813
7.5800e-03,-0.0279688,-0.00031
7.5900e-03,-0.0290625,0.000291875
7.6000e-03,-0.0403125,-5.875e-05
7.6100e-03,-0.041875,-5.25e-05
7.6200e-03,-0.0354688,-1.25e-06
7.6300e-03,-0.041875,0.0005425
7.6400e-03,-0.0403125,1.09375e-05
7.6500e-03,-0.0296875,-0.000548438
7.6600e-03,-0.041875,-0.000331563
7.6700e-03,-0.0404687,-0.000277813
7.6800e-03,-0.0420312,-0.00066
7.6900e-03,-0.0445313,-0.000116875
7.7000e-03,-0.0323438,-0.000400625
7.7100e-03,-0.0339062,-0.000498125
7.7200e-03,-0.0559375,0.000174688
7.7300e-03,-0.039375,-5.71875e-05
7.7400e-03,-0.0298438,-0.000265938
7.7500e-03,-0.0382813,7.8125e-05
7.7600e-03,-0.0315625,-0.000579063
7.7700e-03,-0.0367188,-0.000585625
7.7800e-03,-0.0409375,-0.00105531
7.7900e-03,-0.0304688,0.000225625
7.8000e-03,-0.0360938,0.000199688
7.8100e-03,-0.0425,-0.000578438
7.8200e-03,-0.0321875,0.000465313
7.8300e-03,-0.0351562,0.000355313
7.8400e-03,-0.03375,-0.00045
7.8500e-03,-0.036875,-0.000284063
7.8600e-03,-0.0392187,-0.000291563
7.8700e-03,-0.0292188,-0.000575313
7.8800e-03,-0.0353125,-2.40625e-05
7.8900e-03,-0.0414063,0.000407813
7.9000e-03,-0.0296875,0.000202813
7.9100e-03,-0.041875,-9.03125e-05
7.9200e-03,-0.0440625,-0.00110281
7.9300e-03,-0.0370313,-0.000543438
7.9400e-03,-0.0479688,-0.000198125
7.9500e-03,-0.03875,0.000244375
7.9600e-03,-0.0379688,0.0003425
7.9700e-03,-0.0346875,-0.000588125
7.9800e-03,-0.0429688,-0.0005975
7.9900e-03,-0.0375,-0.000398125
8.0000e-03,-0.0370313,-0.000358125
8.0100e-03,-0.0420312,-0.000265938
8.0200e-03,-0.03375,-0.000167813
8.0300e-03,-0.0335937,-3.125e-07
8.0400e-03,-0.0439063,-0.000270625
8.0500e-03,-0.0409375,-0.000455938
8.0600e-03,-0.0340625,-0.000594063
8.0700e-03,-0.0307813,0.000170313
8.0800e-03,-0.0225,0.000306875
8.0900e-03,-0.0470312,7.65625e-05
8.1000e-03,-0.0432813,0.00026
8.1100e-03,-0.0373438,-0.000255938
8.1200e-03,-0.04625,-0.0010475
8.1300e-03,-0.03625,-0.000483438
8.1400e-03,-0.0348437,6.875e-06
8.1500e-03,-0.048125,0.000201563
8.1600e-03,-0.0379688,0.000162813
8.1700e-03,-0.04375,-0.000705
8.1800e-03,-0.0440625,-0.000248438
8.1900e-03,-0.04,0.000137188
8.2000e-03,-0.0401563,0.00021375
8.2100e-03,-0.0357813,0.0012325
8.2200e-03,-0.040625,0.000195313
8.2300e-03,-0.0475,-0.00023875
8.2400e-03,-0.0353125,-0.000574063
8.2500e-03,-0.044375,-0.00038125
8.2600e-03,-0.0304688,0.000185938
8.2700e-03,-0.04375,0.000659375
8.2800e-03,-0.0414063,0.000343438
8.2900e-03,-0.0451563,-0.000765938
8.3000e-03,-0.0396875,-0.000830313
8.3100e-03,-0.031875,-0.000464688
8.3200e-03,-0.0390625,0.000360938
8.3300e-03,-0.0429688,0.000772188
8.3400e-03,-0.0279688,0.00139969
8.3500e-03,-0.0429688,0.000901563
8.3600e-03,-0.045625,-0.000161875
8.3700e-03,-0.0457813,-0.00149375
8.3800e-03,-0.0423437,-0.000920625
8.3900e-03,-0.0290625,0.000585313
8.4000e-03,-0.04625,0.00122125
8.4100e-03,-0.04625,0.00098125
8.4200e-03,-0.0464062,-0.00013875
8.4300e-03,-0.0445313,-0.0007025
8.4400e-03,-0.0398437,-0.00084125
8.4500e-03,-0.0410937,-0.000480625
8.4600e-03,-0.0384375,0.000895313
8.4700e-03,-0.0326562,0.000809688
8.4800e-03,-0.0307813,0.0005475
8.4900e-03,-0.0414063,-0.000732813
8.5000e-03,-0.0389063,-0.00111094
8.5100e-03,-0.0485938,-0.00111625
8.5200e-03,-0.0384375,-9.875e-05
8.5300e-03,-0.041875,0.000602188
8.5400e-03,-0.0484375,0.000154063
8.5500e-03,-0.045625,0.000229375
8.5600e-03,-0.0365625,-0.000215938
8.5700e-03,-0.0385937,-0.000881563
8.5800e-03,-0.0489062,-0.00100531
8.5900e-03,-0.0465625,2.8125e-05
8.6000e-03,-0.0345312,0.000824375
8.6100e-03,-0.04625,0.0008525
8.6200e-03,-0.0410937,0.00024125
8.6300e-03,-0.0398437,-0.000500625
8.6400e-03,-0.0407813,-0.00134219
8.6500e-03,-0.0317188,2e-05
8.6600e-03,-0.0510938,0.000298438
8.6700e-03,-0.0385937,0.000209063
8.6800e-03,-0.0314062,0.00041875
8.6900e-03,-0.031875,-0.000399688
8.7000e-03,-0.0448438,-0.000610625
8.7100e-03,-0.046875,-0.000718125
8.7200e-03,-0.0425,-8.5e-05
8.7300e-03,-0.035625,0.000540312
8.7400e-03,-0.0417187,0.00041375
8.7500e-03,-0.0520313,0.000125625
8.7600e-03,-0.0315625,-0.000694375
8.7700e-03,-0.04,-0.00051375
8.7800e-03,-0.0348437,-0.000491875
8.7900e-03,-0.0404687,0.000385
8.8000e-03,-0.0435938,0.00037875
8.8100e-03,-0.0359375,-0.000430625
8.8200e-03,-0.0370313,-0.000670625
8.8300e-03,-0.03375,-0.0005575
8.8400e-03,-0.0376563,-0.000610625
8.8500e-03,-0.035625,0.000183438
8.8600e-03,-0.0379688,0.000157813
8.8700e-03,-0.04375,0.000130938
8.8800e-03,-0.0379688,0.000141875
8.8900e-03,-0.0404687,-0.000605938
8.9000e-03,-0.045625,-0.000774063
8.9100e-03,-0.0420312,-0.000105
8.9200e-03,-0.0425,0.000228125
8.9300e-03,-0.0414063,-0.000312188
8.9400e-03,-0.0395313,-0.000438125
8.9500e-03,-0.0389063,-0.000678438
8.9600e-03,-0.035625,-0.000832188
8.9700e-03,-0.0482812,-0.000624063
8.9800e-03,-0.045625,-0.000590313
8.9900e-03,-0.0525,-0.000431875
9.0000e-03,-0.0282813,-0.000425938
9.0100e-03,-0.0564063,-0.000489687
9.0200e-03,-0.02875,7.9375e-05
9.0300e-03,-0.040625,-0.0001225
9.0400e-03,-0.0529687,0.000100313
9.0500e-03,-0.0457813,7.3125e-05
9.0600e-03,-0.040625,0.000658438
9.0700e-03,-0.0359375,0.000358125
9.0800e-03,-0.0425,-0.000230938
9.0900e-03,-0.03875,7.65625e-05
9.1000e-03,-0.034375,-4.15625e-05
9.1100e-03,-0.0345312,-0.000204375
9.1200e-03,-0.04,0.000132813
9.1300e-03,-0.039375,-0.00100062
9.1400e-03,-0.0321875,-0.000244375
9.1500e-03,-0.0417187,-8.0625e-05
9.1600e-03,-0.0365625,6.25e-05
9.1700e-03,-0.0484375,-4.125e-05
9.1800e-03,-0.0525,-0.00019125
9.1900e-03,-0.030625,-0.000166563
9.2000e-03,-0.0376563,-0.000369375
9.2100e-03,-0.0379688,-0.000260313
9.2200e-03,-0.0425,-0.00049375
9.2300e-03,-0.04625,-0.000565938
9.2400e-03,-0.039375,-0.000266875
9.2500e-03,-0.0359375,-0.0003075
9.2600e-03,-0.0354688,-0.00012
9.2700e-03,-0.0409375,0.000342813
9.2800e-03,-0.0359375,0.000172188
9.2900e-03,-0.0423437,2.96875e-05
9.3000e-03,-0.0417187,0.000523125
9.3100e-03,-0.0464062,0.0004625
9.3200e-03,-0.04,0.00057625
9.3300e-03,-0.0414063,0.000231875
9.3400e-03,-0.0526563,0.000228438
9.3500e-03,-0.0495312,0.000537813
9.3600e-03,-0.0421875,0.00019
9.3700e-03,-0.0328125,0.000317188
9.3800e-03,-0.0357813,4.40625e-05
9.3900e-03,-0.0401563,0.000584688
9.4000e-03,-0.0446875,-4.34375e-05
9.4100e-03,-0.0385937,0.000160625
9.4200e-03,-0.038125,0.000244375
9.4300e-03,-0.0385937,0.000459063
9.4400e-03,-0.0407813,-0.000228125
9.4500e-03,-0.0321875,0.00025125
9.4600e-03,-0.0471875,0.000181563
9.4700e-03,-0.0398437,0.00055
9.4800e-03,-0.0439063,-0.000184688
9.4900e-03,-0.0340625,-3.40625e-05
9.5000e-03,-0.0284375,0.00013375
9.5100e-03,-0.0414063,5.40625e-05
9.5200e-03,-0.0389063,-0.00027875
9.5300e-03,-0.041875,-0.000357813
9.5400e-03,-0.0309375,-0.000509375
9.5500e-03,-0.0509375,-0.00038
9.5600e-03,-0.04,-9.53125e-05
9.5700e-03,-0.0428125,-0.00010375
9.5800e-03,-0.0446875,-0.0003975
9.5900e-03,-0.0442188,-9.6875e-05
9.6000e-03,-0.0384375,-0.000312188
9.6100e-03,-0.0426562,0.00024
9.6200e-03,-0.0473438,-0.000769688
9.6300e-03,-0.040625,-0.000533438
9.6400e-03,-0.046875,0.000228125
9.6500e-03,-0.0459375,-0.000635625
9.6600e-03,-0.0392187,-0.000209688
9.6700e-03,-0.0446875,-0.000603438
9.6800e-03,-0.0353125,-0.000282813
9.6900e-03,-0.04875,0.000456875
9.7000e-03,-0.0409375,0.00030625
9.7100e-03,-0.0360938,0.00025375
9.7200e-03,-0.0432813,0.0003625
9.7300e-03,-0.0376563,-0.00012625
9.7400e-03,-0.0573437,-0.00042
9.7500e-03,-0.0453125,0.00023125
9.7600e-03,-0.0426562,-0.000154688
9.7700e-03,-0.0420312,0.00029375
9.7800e-03,-0.0403125,-0.000275
9.7900e-03,-0.0432813,0.000147188
9.8000e-03,-0.0440625,0.00023
9.8100e-03,-0.0407813,0.00054125
9.8200e-03,-0.0315625,0.0006825
9.8300e-03,-0.0378125,5.125e-05
9.8400e-03,-0.0448438,0.00027875
9.8500e-03,-0.0434375,0.000227188
9.8600e-03,-0.0371875,-0.000454688
9.8700e-03,-0.03875,-0.000455313
9.8800e-03,-0.0546875,-0.0004525
9.8900e-03,-0.045,-0.00045375
9.9000e-03,-0.0548437,-0.000364063
9.9100e-03,-0.0390625,9.0625e-05
9.9200e-03,-0.0423437,0.0004525
9.9300e-03,-0.0407813,-0.000360313
9.9400e-03,-0.0554687,0.000181875
9.9500e-03,-0.0375,0.0002925
9.9600e-03,-0.0440625,-0.00027375
9.9700e-03,-0.0382813,-0.000251875
9.9800e-03,-0.04125,-0.000252188
9.9900e-03,-0.0454688,-0.000726563
1.0000e-02,-0.0451563,-0.000104688
1.0010e-02,-0.0348437,3.625e-05
1.0020e-02,-0.0473438,0.000231563
1.0030e-02,-0.0478125,-0.000191875
1.0040e-02,-0.0384375,7.15625e-05
1.0050e-02,-0.04375,1e-05
1.0060e-02,-0.0473438,-5.3125e-06
1.0070e-02,-0.0451563,-0.000458438
1.0080e-02,-0.0492188,-0.00037125
1.0090e-02,-0.04125,-4.15625e-05
1.0100e-02,-0.0367188,0.00018125
1.0110e-02,-0.0485938,0.000219688
1.0120e-02,-0.0490625,1.125e-05
1.0130e-02,-0.0328125,9.8125e-05
1.0140e-02,-0.0420312,0.000152188
1.0150e-02,-0.0304688,-7.25e-05
1.0160e-02,-0.05,0.000166563
1.0170e-02,-0.0329688,-0.00042875
1.0180e-02,-0.0421875,0.000193125
1.0190e-02,-0.0439063,-0.000408125
1.0200e-02,-0.0390625,7.1875e-06
1.0210e-02,-0.0528125,2.4375e-05
1.0220e-02,-0.058125,-0.000113125
1.0230e-02,-0.0498438,-0.00044
1.0240e-02,-0.046875,-0.000724688
1.0250e-02,-0.0510938,-0.000511563
1.0260e-02,-0.0385937,-0.000333125
1.0270e-02,-0.04,0.00051375
1.0280e-02,-0.0446875,-0.000306875
1.0290e-02,-0.0417187,-0.000173125
1.0300e-02,-0.0376563,-6.8125e-05
1.0310e-02,-0.0425,-5.15625e-05
1.0320e-02,-0.0554687,6.53125e-05
1.0330e-02,-0.039375,-2.15625e-05
1.0340e-02,-0.0407813,-0.000502813
1.0350e-02,-0.03625,0.00032
1.0360e-02,-0.0392187,-0.000367188
1.0370e-02,-0.0420312,-0.000366875
1.0380e-02,-0.048125,0.000435313
1.0390e-02,-0.0504687,-0.000400625
1.0400e-02,-0.03375,-7.5e-05
1.0410e-02,-0.0446875,-0.000702188
1.0420e-02,-0.0409375,-0.000288438
1.0430e-02,-0.0417187,-0.00012
1.0440e-02,-0.0457813,-0.0005575
1.0450e-02,-0.0434375,-0.000141563
1.0460e-02,-0.0503125,-0.000357188
1.0470e-02,-0.0573437,0.00028875
1.0480e-02,-0.0496875,-0.000115
1.0490e-02,-0.048125,-0.000490938
1.0500e-02,-0.04125,-0.000356875
1.0510e-02,-0.0409375,-0.000210625
1.0520e-02,-0.038125,-0.000145938
1.0530e-02,-0.044375,-0.000422813
1.0540e-02,-0.055,-0.000159375
1.0550e-02,-0.054375,0.00044375
1.0560e-02,-0.0498438,0.000535625
1.0570e-02,-0.045625,0.000457813
1.0580e-02,-0.0507812,-9.84375e-05
1.0590e-02,-0.0425,0.00017375
1.0600e-02,-0.0428125,-0.000224688
1.0610e-02,-0.0435938,0.0001525
1.0620e-02,-0.0434375,-0.000855
1.0630e-02,-0.0379688,-0.000189063
1.0640e-02,-0.0454688,-0.000503438
1.0650e-02,-0.0410937,-0.000196875
1.0660e-02,-0.0479688,-9.59375e-05
1.0670e-02,-0.0501562,0.000144688
1.0680e-02,-0.050625,-8.90625e-05
1.0690e-02,-0.0440625,-0.000173125
1.0700e-02,-0.0390625,-6.3125e-05
1.0710e-02,-0.0525,-0.00028875
1.0720e-02,-0.0370313,-0.000211563
1.0730e-02,-0.0445313,-1.71875e-05
1.0740e-02,-0.0425,-0.000314688
1.0750e-02,-0.0378125,-2.1875e-06
1.0760e-02,-0.0457813,-2.09375e-05
1.0770e-02,-0.0535937,0.000688125
1.0780e-02,-0.041875,0.00017
1.0790e-02,-0.0559375,-5.78125e-05
1.0800e-02,-0.04,0.000217813
1.0810e-02,-0.0373438,0.000410625
1.0820e-02,-0.0498438,-2.15625e-05
1.0830e-02,-0.041875,-0.000555938
1.0840e-02,-0.03875,1.5e-05
1.0850e-02,-0.0476562,-0.000130625
1.0860e-02,-0.0303125,-3.53125e-05
1.0870e-02,-0.0525,-1.84375e-05
1.0880e-02,-0.0517188,0.000139062
1.0890e-02,-0.0445313,-0.00045375
1.0900e-02,-0.0409375,0.00018625
1.0910e-02,-0.0446875,-0.000185
1.0920e-02,-0.0520313,-0.00032875
1.0930e-02,-0.04,-0.000517813
1.0940e-02,-0.0514063,0.000222188
1.0950e-02,-0.0423437,-0.000115938
1.0960e-02,-0.0359375,-8.90625e-05
1.0970e-02,-0.054375,-2.53125e-05
1.0980e-02,-0.0485938,0.0003525
1.0990e-02,-0.048125,-0.000575625
1.1000e-02,-0.041875,-0.000285313
1.1010e-02,-0.0396875,-0.00052125
1.1020e-02,-0.0439063,-0.0004575
1.1030e-02,-0.0290625,-0.000968125
1.1040e-02,-0.0467188,0.000555625
1.1050e-02,-0.0371875,-9.375e-06
1.1060e-02,-0.0525,0.000212813
1.1070e-02,-0.0595313,-0.000147188
1.1080e-02,-0.0489062,-0.000308125
1.1090e-02,-0.0435938,-0.000747813
1.1100e-02,-0.06125,-0.0004225
1.1110e-02,-0.0470312,0.00044875
1.1120e-02,-0.0398437,-0.00059625
1.1130e-02,-0.0510938,-0.00045875
1.1140e-02,-0.0525,-0.000216875
1.1150e-02,-0.038125,-0.000105625
1.1160e-02,-0.0429688,0.000252812
1.1170e-02,-0.0459375,-7.1875e-06
1.1180e-02,-0.0517188,-6.78125e-05
1.1190e-02,-0.0592188,-0.000145313
1.1200e-02,-0.05125,-0.000763125
1.1210e-02,-0.0359375,-0.000558438
1.1220e-02,-0.0451563,0.000314063
1.1230e-02,-0.0459375,-0.000215
1.1240e-02,-0.0420312,0.00023375
1.1250e-02,-0.0440625,-0.000286563
1.1260e-02,-0.043125,0.000150313
1.1270e-02,-0.0409375,0.0001875
1.1280e-02,-0.0398437,0.000317813
1.1290e-02,-0.0507812,8.875e-05
1.1300e-02,-0.0467188,-3.59375e-05
1.1310e-02,-0.0453125,0.000516875
1.1320e-02,-0.0371875,0.000120625
1.1330e-02,-0.0482812,0.000280625
1.1340e-02,-0.0367188,0.000159688
1.1350e-02,-0.0510938,-0.000400313
1.1360e-02,-0.056875,-0.000270313
1.1370e-02,-0.0478125,0.000264375
1.1380e-02,-0.0365625,-2.6875e-05
1.1390e-02,-0.040625,3.0625e-05
1.1400e-02,-0.0595313,-0.000759688
1.1410e-02,-0.048125,0.000463438
1.1420e-02,-0.0510938,-0.00039875
1.1430e-02,-0.0346875,0.000843438
1.1440e-02,-0.0451563,0.000307188
1.1450e-02,-0.030625,0.000383438
1.1460e-02,-0.0445313,-3.3125e-05
1.1470e-02,-0.0489062,8.125e-06
1.1480e-02,-0.0465625,-0.000272812
1.1490e-02,-0.0421875,-8.53125e-05
1.1500e-02,-0.0473438,-0.00040375
1.1510e-02,-0.041875,-1.34375e-05
1.1520e-02,-0.044375,-3.84375e-05
1.1530e-02,-0.0529687,0.000199375
1.1540e-02,-0.036875,0.00030875
1.1550e-02,-0.0465625,-0.000172813
1.1560e-02,-0.0521875,0.000198125
1.1570e-02,-0.0451563,-9.21875e-05
1.1580e-02,-0.0504687,0.000318438
1.1590e-02,-0.0401563,0.000315938
1.1600e-02,-0.0496875,8.875e-05
1.1610e-02,-0.0489062,0.000371875
1.1620e-02,-0.051875,0.000521562
1.1630e-02,-0.0525,0.000167813
1.1640e-02,-0.0510938,0.00050875
1.1650e-02,-0.0382813,0.000407188
1.1660e-02,-0.0509375,4.9375e-05
1.1670e-02,-0.055625,0.000454375
1.1680e-02,-0.049375,7.03125e-05
1.1690e-02,-0.0434375,-0.000365625
1.1700e-02,-0.0490625,-0.000285938
1.1710e-02,-0.0446875,0.000524375
1.1720e-02,-0.0471875,0.000178125
1.1730e-02,-0.0496875,-0.000234375
1.1740e-02,-0.0403125,3.84375e-05
1.1750e-02,-0.0489062,0.00015625
1.1760e-02,-0.0507812,-0.000555313
1.1770e-02,-0.0457813,5.5e-05
1.1780e-02,-0.04125,-1.03125e-05
1.1790e-02,-0.034375,0.000294688
1.1800e-02,-0.0490625,-9e-05
1.1810e-02,-0.0459375,-0.000169688
1.1820e-02,-0.046875,0.000657188
1.1830e-02,-0.0442188,-8.53125e-05
1.1840e-02,-0.0476562,-0.000253438
1.1850e-02,-0.031875,-0.000185
1.1860e-02,-0.0398437,-0.000395938
1.1870e-02,-0.0484375,-0.000545
1.1880e-02,-0.0403125,0.0002425
1.1890e-02,-0.0460938,-6.65625e-05
1.1900e-02,-0.0529687,9.125e-05
1.1910e-02,-0.0498438,5.1875e-05
1.1920e-02,-0.0621875,-0.000148438
1.1930e-02,-0.0542187,-0.000510937
1.1940e-02,-0.0476562,-0.0001025
1.1950e-02,-0.0432813,-2.15625e-05
1.1960e-02,-0.043125,-0.000296875
1.1970e-02,-0.0414063,-2.90625e-05
1.1980e-02,-0.0492188,-8.4375e-06
1.1990e-02,-0.0428125,0.000316563
1.2000e-02,-0.0410937,1.34375e-05
1.2010e-02,-0.0501562,-4.5e-05
1.2020e-02,-0.0464062,-0.000458438
1.2030e-02,-0.0425,2.9375e-05
1.2040e-02,-0.0464062,-0.000554063
1.2050e-02,-0.0276563,-0.000611875
1.2060e-02,-0.0498438,-0.000438438
1.2070e-02,-0.0404687,8.3125e-05
1.2080e-02,-0.0534375,-4.53125e-05
1.2090e-02,-0.0515625,-0.000825313
1.2100e-02,-0.0342187,-0.000478125
1.2110e-02,-0.0490625,-0.00012
1.2120e-02,-0.0621875,-0.000271563
1.2130e-02,-0.0598438,-0.000189688
1.2140e-02,-0.0526563,0.00039875
1.2150e-02,-0.0426562,0.000120625
1.2160e-02,-0.0465625,3.84375e-05
1.2170e-02,-0.036875,-0.000414063
1.2180e-02,-0.0478125,-0.00052625
1.2190e-02,-0.0359375,-0.000292813
1.2200e-02,-0.05,-0.000142813
1.2210e-02,-0.0451563,3.0625e-05
1.2220e-02,-0.0496875,-0.000729375
1.2230e-02,-0.045625,-0.00066
1.2240e-02,-0.04375,-0.000531875
1.2250e-02,-0.0310937,-0.000606875
1.2260e-02,-0.044375,1.71875e-05
1.2270e-02,-0.0482812,-0.000396875
1.2280e-02,-0.0478125,-0.000368125
1.2290e-02,-0.0251563,-0.000441875
1.2300e-02,-0.0445313,0.000246875
1.2310e-02,-0.0396875,0.000135625
1.2320e-02,-0.0439063,0.000212813
1.2330e-02,-0.0503125,-0.000206563
1.2340e-02,-0.0451563,-0.00021625
1.2350e-02,-0.0445313,-0.000756875
1.2360e-02,-0.05125,-9.53125e-05
1.2370e-02,-0.0410937,-0.000242188
1.2380e-02,-0.0554687,-0.00097125
1.2390e-02,-0.053125,-3.125e-07
1.2400e-02,-0.0453125,0.0001275
1.2410e-02,-0.0425,5.6875e-05
1.2420e-02,-0.04,-1.75e-05
1.2430e-02,-0.0464062,8.125e-06
1.2440e-02,-0.0484375,-0.000192188
1.2450e-02,-0.05125,0.0001025
1.2460e-02,-0.0484375,-1.0625e-05
1.2470e-02,-0.0357813,3.40625e-05
1.2480e-02,0.920625,-0.00298344
1.2490e-02,-0.174219,-0.00605781
1.2500e-02,-1.52406,-0.00719281
1.2510e-02,-0.224531,-0.00791313
1.2520e-02,0.200313,-0.00727156
1.2530e-02,0.121719,-0.00729781
1.2540e-02,0.0901562,-0.00739188
1.2550e-02,0.0957812,-0.00733656
1.2560e-02,0.0682813,-0.0072375
1.2570e-02,0.070625,-0.00731563
1.2580e-02,0.0578125,-0.00723625
1.2590e-02,0.0564062,-0.0073125
1.2600e-02,0.0498437,-0.00735438
1.2610e-02,0.0421875,-0.00727094
1.2620e-02,0.0364063,-0.00726219
1.2630e-02,0.0504687,-0.00719094
1.2640e-02,0.0207812,-0.00712438
1.2650e-02,0.036875,-0.00743844
1.2660e-02,0.0367187,-0.00728594
1.2670e-02,0.0353125,-0.00717531
1.2680e-02,0.019375,-0.00717875
1.2690e-02,0.0121875,-0.0070325
1.2700e-02,0.0282812,-0.00718188
1.2710e-02,0.0210937,-0.00720156
1.2720e-02,0.028125,-0.007165
1.2730e-02,0.01875,-0.00481656
1.2740e-02,0.019375,-3.5e-05
1.2750e-02,0.0078125,0.0011025
1.2760e-02,0.005,-0.000100625
1.2770e-02,0.0242188,-0.00259594
1.2780e-02,0.0034375,-0.00347844
1.2790e-02,0.00453125,-0.00133
1.2800e-02,0.0059375,0.000881875
1.2810e-02,0.00390625,0.00183281
1.2820e-02,0.00796875,0.00184313
1.2830e-02,0.0053125,-0.000263125
1.2840e-02,-0.0025,-0.00220375
1.2850e-02,0.0248438,-0.00155219
1.2860e-02,-0.0123438,-8.28125e-05
1.2870e-02,0.008125,0.0013825
1.2880e-02,-0.001875,0.00181906
1.2890e-02,0.0084375,7.125e-05
1.2900e-02,-0.00890625,-0.00125813
1.2910e-02,-0.009375,-0.0015625
1.2920e-02,-0.0025,-0.00048125
1.2930e-02,-0.00171875,0.000856563
1.2940e-02,-0.00078125,0.00118156
1.2950e-02,0.00109375,0.000217813
1.2960e-02,0.00359375,-0.000445625
1.2970e-02,-0.0065625,-0.00121531
1.2980e-02,-0.0028125,-0.00113344
1.2990e-02,0.0132812,0.000135625
1.3000e-02,-0.00203125,0.000385313
1.3010e-02,-0.0065625,0.000578438
1.3020e-02,-0.0090625,-0.000431563
1.3030e-02,-0.00078125,-0.00034875
1.3040e-02,-0.0173438,-0.00114563
1.3050e-02,-0.0034375,-0.000298438
1.3060e-02,-0.0021875,0.000878438
1.3070e-02,-0.003125,0.000809375
1.3080e-02,-0.00125,0.000173438
1.3090e-02,-0.005625,-0.000505313
1.3100e-02,-0.00578125,-0.000827813
1.3110e-02,-0.0101563,-0.000556875
1.3120e-02,-0.01375,-4.75e-05
1.3130e-02,-0.00375,0.0002675
1.3140e-02,-0.0084375,0.000485938
1.3150e-02,-0.0120313,0.000202188
1.3160e-02,-0.0123438,-0.000382188
1.3170e-02,-0.0096875,-0.00057375
1.3180e-02,-0.0226562,-0.000170313
1.3190e-02,-0.0109375,-0.000442813
1.3200e-02,0.00328125,0.000621563
1.3210e-02,-0.02375,0.000105938
1.3220e-02,-0.0160938,0.000129375
1.3230e-02,-0.01125,-0.00103281
1.3240e-02,-0.01875,-0.0004925
1.3250e-02,-0.00921875,0.000190313
1.3260e-02,-0.0078125,0.00082875
1.3270e-02,-0.0121875,0.00082375
1.3280e-02,-0.0171875,0.000958438
1.3290e-02,-0.021875,0.00026375
1.3300e-02,-0.0071875,0.00018375
1.3310e-02,-0.00109375,0.000184063
1.3320e-02,-0.00796875,-0.000105313
1.3330e-02,-0.020625,0.000488438
1.3340e-02,-0.0117188,0.000103438
1.3350e-02,-0.0259375,2.875e-05
1.3360e-02,-0.0229687,-0.000102188
1.3370e-02,-0.01125,-0.000319063
1.3380e-02,-0.0153125,-0.000739063
1.3390e-02,-0.0221875,0.000125625
1.3400e-02,-0.01875,-0.00025875
1.3410e-02,-0.0153125,2.375e-05
1.3420e-02,-0.0148437,0.00035875
1.3430e-02,-0.00984375,-0.00064
1.3440e-02,-0.0214063,-0.000382188
1.3450e-02,-0.0134375,-0.00011125
1.3460e-02,-0.0190625,-0.000527813
1.3470e-02,-0.0332812,0.000133125
1.3480e-02,-0.0104688,-0.000728438
1.3490e-02,-0.00703125,-8.84375e-05
1.3500e-02,-0.0192187,-0.000403438
1.3510e-02,-0.00765625,-0.000395938
1.3520e-02,-0.02125,0.000220938
1.3530e-02,-0.0260937,0.00032
1.3540e-02,-0.0153125,6e-05
1.3550e-02,-0.013125,0.000159375
1.3560e-02,-0.020625,-0.000579688
1.3570e-02,-0.01125,-0.00109156
1.3580e-02,-0.0139063,0.000160938
1.3590e-02,-0.010625,-0.0004625
1.3600e-02,-0.020625,-0.000295625
1.3610e-02,-0.0203125,-0.00072
1.3620e-02,-0.02375,-0.000316563
1.3630e-02,-0.0253125,0.000128437
1.3640e-02,-0.0392187,4.6875e-05
1.3650e-02,-0.0126563,-8.6875e-05
1.3660e-02,-0.0239063,0.000553438
1.3670e-02,-0.0173438,-0.00014625
1.3680e-02,-0.0221875,-0.000134688
1.3690e-02,-0.025,-0.000442813
1.3700e-02,-0.0171875,-0.000589063
1.3710e-02,-0.0420312,0.000492813
1.3720e-02,-0.015625,-2.5e-06
1.3730e-02,-0.0267187,-2.8125e-05
1.3740e-02,-0.0207813,-0.000451563
1.3750e-02,-0.0234375,0.00019875
1.3760e-02,-0.0210938,-0.000430313
1.3770e-02,-0.0246875,-0.00071125
1.3780e-02,-0.0289063,-0.000656563
1.3790e-02,-0.0189062,0.0001425
1.3800e-02,-0.0348437,0.000510625
1.3810e-02,-0.0182812,0.000491563
1.3820e-02,-0.0190625,0.000253438
1.3830e-02,-0.0290625,-7.75e-05
1.3840e-02,-0.028125,6.375e-05
1.3850e-02,-0.0117188,0.00039625
1.3860e-02,-0.0198438,-0.000169688
1.3870e-02,-0.0296875,-0.00012375
1.3880e-02,-0.030625,7.96875e-05
1.3890e-02,-0.0317188,-0.000111875
1.3900e-02,-0.0260937,-0.000564688
1.3910e-02,-0.0246875,-0.000140625
1.3920e-02,-0.0195312,-2.9375e-05
1.3930e-02,-0.0285938,0.00011625
1.3940e-02,-0.0201563,-0.0001575
1.3950e-02,-0.0226562,7.09375e-05
1.3960e-02,-0.0192187,-0.000142813
1.3970e-02,-0.023125,3.59375e-05
1.3980e-02,-0.0273438,-0.000158125
1.3990e-02,-0.026875,0.00031
1.4000e-02,-0.031875,4.125e-05
1.4010e-02,-0.0248438,-0.000190313
1.4020e-02,-0.0234375,-0.000469063
1.4030e-02,-0.0303125,5.3125e-05
1.4040e-02,-0.0203125,-0.000259063
1.4050e-02,-0.0207813,0.000230625
1.4060e-02,-0.0273438,1.53125e-05
1.4070e-02,-0.024375,-0.000116563
1.4080e-02,-0.0309375,-0.0001425
1.4090e-02,-0.0196875,-8.84375e-05
1.4100e-02,-0.0339062,-3.84375e-05
1.4110e-02,-0.018125,0.000471563
1.4120e-02,-0.0235938,0.000713438
1.4130e-02,-0.0275,0.000378438
1.4140e-02,-0.0321875,-0.000462188
1.4150e-02,-0.0317188,0.000173125
1.4160e-02,-0.0260937,0.000337188
1.4170e-02,-0.030625,7.8125e-05
1.4180e-02,-0.0292188,0.000436875
1.4190e-02,-0.0310937,-5.90625e-05
1.4200e-02,-0.0182812,-6.78125e-05
1.4210e-02,-0.023125,-0.000213438
1.4220e-02,-0.0360938,7.65625e-05
1.4230e-02,-0.03125,-0.00017375
1.4240e-02,-0.0292188,-0.000126875
1.4250e-02,-0.0321875,-2.65625e-05
1.4260e-02,-0.0334375,0.000164375
1.4270e-02,-0.0242188,-0.000165
1.4280e-02,-0.0248438,-0.0003375
1.4290e-02,-0.0234375,-0.000120938
1.4300e-02,-0.0351562,-0.000505313
1.4310e-02,-0.0326562,-0.000750625
1.4320e-02,-0.038125,0.000256875
1.4330e-02,-0.0235938,-0.000410313
1.4340e-02,-0.0298438,0.000101875
1.4350e-02,-0.0378125,-0.000189375
1.4360e-02,-0.0221875,0.000641563
1.4370e-02,-0.0259375,-6.71875e-05
1.4380e-02,-0.0178125,-8.125e-06
1.4390e-02,-0.0198438,-0.000224375
1.4400e-02,-0.028125,-0.00026625
1.4410e-02,-0.029375,-0.000963125
1.4420e-02,-0.0232812,-0.000313125
1.4430e-02,-0.0239063,0.000612813
1.4440e-02,-0.0229687,4.5e-05
1.4450e-02,-0.0223437,-0.000302813
1.4460e-02,-0.0167188,-7.09375e-05
1.4470e-02,-0.0325,-1.46875e-05
1.4480e-02,-0.03125,-0.000276563
1.4490e-02,-0.0321875,-0.00046125
1.4500e-02,-0.02,-0.00044625
1.4510e-02,-0.0240625,0.00023375
1.4520e-02,-0.0245313,2.84375e-05
1.4530e-02,-0.00734375,0.00037375
1.4540e-02,-0.0257812,0.000168125
1.4550e-02,-0.0395313,0.000154688
1.4560e-02,-0.0384375,-5.25e-05
1.4570e-02,-0.0210938,-5.21875e-05
1.4580e-02,-0.035,0.000233438
1.4590e-02,-0.0360938,-0.000253125
1.4600e-02,-0.0257812,0.00018875
1.4610e-02,-0.0385937,-0.0007
1.4620e-02,-0.0285938,0.000172188
1.4630e-02,-0.026875,-0.000500312
1.4640e-02,-0.0276563,0.000376875
1.4650e-02,-0.03875,7.65625e-05
1.4660e-02,-0.030625,0.000363125
1.4670e-02,-0.033125,0.000315938
1.4680e-02,-0.0309375,-0.00041875
1.4690e-02,-0.02375,-0.000664375
1.4700e-02,-0.0279688,7.75e-05
1.4710e-02,-0.03,0.00085
1.4720e-02,-0.0342187,0.000225313
1.4730e-02,-0.0214063,0.000189688
1.4740e-02,-0.0225,-0.000443125
1.4750e-02,-0.03375,-0.000231563
1.4760e-02,-0.0271875,-0.000481875
1.4770e-02,-0.0335937,-0.00037625
1.4780e-02,-0.0275,0.000179375
1.4790e-02,-0.0328125,0.000230938
1.4800e-02,-0.03625,-0.00037375
1.4810e-02,-0.0275,0.0002125
1.4820e-02,-0.035625,0.00047875
1.4830e-02,-0.0234375,0.000470938
1.4840e-02,-0.0296875,0.000152813
1.4850e-02,-0.03,0.000411875
1.4860e-02,-0.028125,-9.375e-06
1.4870e-02,-0.0364063,0.00076125
1.4880e-02,-0.0229687,0.0004
1.4890e-02,-0.0251563,0.000182188
1.4900e-02,-0.0357813,0.000169375
1.4910e-02,-0.0389063,-0.000753125
1.4920e-02,-0.0532813,-0.000138125
1.4930e-02,-0.0260937,0.000249063
1.4940e-02,-0.0464062,-0.000551875
1.4950e-02,-0.03375,0.000259688
1.4960e-02,-0.0335937,-6.1875e-05
1.4970e-02,-0.0307813,4.125e-05
1.4980e-02,-0.03375,6.40625e-05
1.4990e-02,-0.0371875,2.5e-05
1.5000e-02,-0.0464062,-0.000112188
1.5010e-02,-0.0234375,0.000576875
1.5020e-02,-0.038125,-0.000147813
1.5030e-02,-0.0296875,-0.000290938
1.5040e-02,-0.0353125,-0.000356563
1.5050e-02,-0.0317188,-0.00027625
1.5060e-02,-0.024375,0.000718438
1.5070e-02,-0.03,3.90625e-05
1.5080e-02,-0.033125,0.000453125
1.5090e-02,-0.0248438,0.0005125
1.5100e-02,-0.0323438,0.0001025
1.5110e-02,-0.0367188,6.03125e-05
1.5120e-02,-0.0340625,2.5625e-05
1.5130e-02,-0.0334375,-4.4375e-05
1.5140e-02,-0.0359375,0.000351563
1.5150e-02,-0.038125,-0.000789688
1.5160e-02,-0.041875,9.21875e-05
1.5170e-02,-0.0392187,-0.000364063
1.5180e-02,-0.0225,-1.125e-05
1.5190e-02,-0.0367188,-0.00011375
1.5200e-02,-0.0228125,-0.000356875
1.5210e-02,-0.0376563,-0.000480938
1.5220e-02,-0.039375,0.000381563
1.5230e-02,-0.0375,-0.000184375
1.5240e-02,-0.040625,-0.0001825
1.5250e-02,-0.0214063,-8.8125e-05
1.5260e-02,-0.0285938,-0.000106875
1.5270e-02,-0.029375,-7.625e-05
1.5280e-02,-0.0279688,-0.0003025
1.5290e-02,-0.0409375,-0.000154688
1.5300e-02,-0.0348437,0.00018
1.5310e-02,-0.023125,0.000269063
1.5320e-02,-0.03875,-0.000342188
1.5330e-02,-0.03625,0.000289375
1.5340e-02,-0.0307813,0.000268438
1.5350e-02,-0.028125,0.000389688
1.5360e-02,-0.03625,0.0001875
1.5370e-02,-0.0209375,-0.000119063
1.5380e-02,-0.0335937,-0.000139375
1.5390e-02,-0.0382813,-5.4375e-05
1.5400e-02,-0.0314062,4.46875e-05
1.5410e-02,-0.0309375,-0.000309688
1.5420e-02,-0.0282813,0.00085125
1.5430e-02,-0.0370313,0.000196875
1.5440e-02,-0.0385937,4.78125e-05
1.5450e-02,-0.0426562,-0.000326563
1.5460e-02,-0.0290625,-0.000129062
1.5470e-02,-0.033125,-0.000102188
1.5480e-02,-0.0401563,9.375e-05
1.5490e-02,-0.0425,-0.00012625
1.5500e-02,-0.0384375,0.000814063
1.5510e-02,-0.040625,0.000246563
1.5520e-02,-0.0379688,-6.0625e-05
1.5530e-02,-0.0370313,-0.00026
1.5540e-02,-0.0301563,-0.000341563
1.5550e-02,-0.03125,0.000681875
1.5560e-02,-0.0314062,0.00021875
1.5570e-02,-0.03875,-0.000507813
1.5580e-02,-0.0379688,-0.000307188
1.5590e-02,-0.041875,-0.000705313
1.5600e-02,-0.0207813,0.00012
1.5610e-02,-0.0525,-5.9375e-05
1.5620e-02,-0.0326562,-0.000351875
1.5630e-02,-0.02125,0.000163125
1.5640e-02,-0.0339062,-0.000217813
1.5650e-02,-0.02875,-0.000531875
1.5660e-02,-0.0378125,0.00021
1.5670e-02,-0.0470312,-0.00031
1.5680e-02,-0.0334375,0.000102188
1.5690e-02,-0.04375,0.000186875
1.5700e-02,-0.043125,0.000778438
1.5710e-02,-0.0326562,0.000215625
1.5720e-02,-0.0315625,0.000224375
1.5730e-02,-0.025,7.8125e-06
1.5740e-02,-0.0323438,0.00046625
1.5750e-02,-0.0404687,0.000425938
1.5760e-02,-0.0371875,3.125e-07
1.5770e-02,-0.0382813,0.000282813
1.5780e-02,-0.0360938,-0.000284688
1.5790e-02,-0.0401563,-0.000315
1.5800e-02,-0.0335937,-0.0008975
1.5810e-02,-0.0301563,-5.40625e-05
1.5820e-02,-0.0385937,0.000208125
1.5830e-02,-0.0359375,-0.00026375
1.5840e-02,-0.0360938,-2.21875e-05
1.5850e-02,-0.0417187,-0.000605313
1.5860e-02,-0.041875,-0.00036375
1.5870e-02,-0.0514063,-0.0002175
1.5880e-02,-0.0365625,0.000423125
1.5890e-02,-0.04125,0.000970625
1.5900e-02,-0.0423437,0.000753125
1.5910e-02,-0.0417187,0.000160313
1.5920e-02,-0.0326562,-0.000459688
1.5930e-02,-0.0407813,-9.21875e-05
1.5940e-02,-0.0353125,-0.000131875
1.5950e-02,-0.0367188,0.000181563
1.5960e-02,-0.0309375,0.000149375
1.5970e-02,-0.0334375,5.375e-05
1.5980e-02,-0.0260937,0.00045125
1.5990e-02,-0.0223437,-9.375e-05
1.6000e-02,-0.04125,-7.90625e-05
1.6010e-02,-0.0385937,-0.000121563
1.6020e-02,-0.04625,0.000204375
1.6030e-02,-0.0390625,6.0625e-05
1.6040e-02,-0.0340625,-8.65625e-05
1.6050e-02,-0.025,-0.000132813
1.6060e-02,-0.0364063,-0.0003675
1.6070e-02,-0.0267187,8.125e-05
1.6080e-02,-0.0332812,0.0008175
1.6090e-02,-0.0298438,0.000374063
1.6100e-02,-0.0279688,-0.00053375
1.6110e-02,-0.051875,-0.000607813
1.6120e-02,-0.029375,-0.000694375
1.6130e-02,-0.0521875,-0.000237188
1.6140e-02,-0.0396875,0.000639688
1.6150e-02,-0.0334375,0.000653438
1.6160e-02,-0.0409375,0.000576563
1.6170e-02,-0.034375,-0.000422813
1.6180e-02,-0.0292188,-0.000348125
1.6190e-02,-0.0401563,0.000318438
1.6200e-02,-0.0421875,0.000914375
1.6210e-02,-0.0376563,0.00067625
1.6220e-02,-0.04625,0.000965625
1.6230e-02,-0.0359375,-0.000228438
1.6240e-02,-0.036875,-0.000383438
1.6250e-02,-0.039375,-0.00123563
1.6260e-02,-0.0429688,-0.00018
1.6270e-02,-0.0435938,0.000522813
1.6280e-02,-0.0371875,0.000426875
1.6290e-02,-0.029375,-0.000185938
1.6300e-02,-0.0342187,-0.000376563
1.6310e-02,-0.0471875,-0.00150031
1.6320e-02,-0.03625,-0.000777813
1.6330e-02,-0.0459375,0.00091375
1.6340e-02,-0.0296875,0.001095
1.6350e-02,-0.0332812,0.000714688
1.6360e-02,-0.0426562,-0.000377188
1.6370e-02,-0.0359375,-0.00166031
1.6380e-02,-0.0340625,-0.00142063
1.6390e-02,-0.0490625,-7.6875e-05
1.6400e-02,-0.0534375,0.00125438
1.6410e-02,-0.0414063,0.00112781
1.6420e-02,-0.0332812,3.5625e-05
1.6430e-02,-0.0457813,-0.000927813
1.6440e-02,-0.0365625,-0.00132281
1.6450e-02,-0.0307813,-0.0004725
1.6460e-02,-0.0453125,0.000822813
1.6470e-02,-0.040625,0.00202938
1.6480e-02,-0.0423437,0.00164406
1.6490e-02,-0.03625,0.00047125
1.6500e-02,-0.0404687,-0.00115063
1.6510e-02,-0.048125,-0.00177531
1.6520e-02,-0.0471875,-0.00038875
1.6530e-02,-0.0460938,0.00157875
1.6540e-02,-0.0401563,0.00255969
1.6550e-02,-0.0471875,0.00107469
1.6560e-02,-0.03875,-0.000830625
1.6570e-02,-0.0398437,-0.00170125
1.6580e-02,-0.043125,-0.000960625
1.6590e-02,-0.0464062,-0.000406563
1.6600e-02,-0.0425,0.000809375
1.6610e-02,-0.0467188,0.000653438
1.6620e-02,-0.0348437,3.25e-05
1.6630e-02,-0.0479688,-0.000753438
1.6640e-02,-0.0346875,-0.00185063
1.6650e-02,-0.0454688,-0.0004825
1.6660e-02,-0.0317188,0.000728125
1.6670e-02,-0.0384375,0.00139656
1.6680e-02,-0.0417187,0.00103188
1.6690e-02,-0.0353125,6.59375e-05
1.6700e-02,-0.0404687,-0.00116219
1.6710e-02,-0.0351562,-0.000947813
1.6720e-02,-0.0382813,-0.000749063
1.6730e-02,-0.0385937,0.000691563
1.6740e-02,-0.03625,0.000836875
1.6750e-02,-0.040625,0.000263125
1.6760e-02,-0.0415625,-0.000556875
1.6770e-02,-0.0467188,-0.000835313
1.6780e-02,-0.0326562,-0.000659688
1.6790e-02,-0.045625,8.3125e-05
1.6800e-02,-0.035625,-0.000266563
1.6810e-02,-0.0489062,-3.40625e-05
1.6820e-02,-0.0345312,-0.000565625
1.6830e-02,-0.04,-0.00152406
1.6840e-02,-0.0432813,-0.000665938
1.6850e-02,-0.04875,-0.000230938
1.6860e-02,-0.0235938,0.000354688
1.6870e-02,-0.038125,0.000126875
1.6880e-02,-0.0414063,9.9375e-05
1.6890e-02,-0.0415625,-0.000486563
1.6900e-02,-0.0375,-0.0004725
1.6910e-02,-0.0403125,-6.5e-05
1.6920e-02,-0.0532813,0.000324375
1.6930e-02,-0.0460938,0.000578438
1.6940e-02,-0.0535937,0.000365938
1.6950e-02,-0.0367188,-5.40625e-05
1.6960e-02,-0.0407813,4.625e-05
1.6970e-02,-0.0396875,0.000793438
1.6980e-02,-0.0464062,0.000290938
1.6990e-02,-0.0360938,0.000685313
1.7000e-02,-0.0428125,0.000431563
1.7010e-02,-0.0471875,0.0002725
1.7020e-02,-0.0409375,-0.000235313
1.7030e-02,-0.0417187,-0.001125
1.7040e-02,-0.0373438,-0.00017
1.7050e-02,-0.031875,-0.000232813
1.7060e-02,-0.040625,-0.000365625
1.7070e-02,-0.0523437,7.21875e-05
1.7080e-02,-0.049375,-0.00034
1.7090e-02,-0.0378125,-0.00060875
1.7100e-02,-0.0404687,0.000182813
1.7110e-02,-0.0545313,-0.000338438
1.7120e-02,-0.0373438,0.00045125
1.7130e-02,-0.023125,0.00022625
1.7140e-02,-0.04,0.000341875
1.7150e-02,-0.0421875,-0.000689063
1.7160e-02,-0.0448438,7.1875e-05
1.7170e-02,-0.0460938,-0.000446563
1.7180e-02,-0.0439063,0.000185
1.7190e-02,-0.039375,-7.21875e-05
1.7200e-02,-0.0376563,0.000364688
1.7210e-02,-0.0315625,-0.000185
1.7220e-02,-0.0353125,-8.75e-05
1.7230e-02,-0.039375,1.84375e-05
1.7240e-02,-0.048125,-0.000161875
1.7250e-02,-0.0435938,0.000222813
1.7260e-02,-0.0375,0.000349688
1.7270e-02,-0.0359375,0.000300938
1.7280e-02,-0.030625,0.00021375
1.7290e-02,-0.0375,-0.00024375
1.7300e-02,-0.0528125,-4.5e-05
1.7310e-02,-0.0434375,0.00028875
1.7320e-02,-0.0439063,5.75e-05
1.7330e-02,-0.0348437,-7.875e-05
1.7340e-02,-0.04125,-0.000107813
1.7350e-02,-0.0365625,-0.000265
1.7360e-02,-0.0415625,-0.000301563
1.7370e-02,-0.0409375,-8.875e-05
1.7380e-02,-0.0403125,-2.1875e-06
1.7390e-02,-0.0567187,3.5e-05
1.7400e-02,-0.045625,0.0002175
1.7410e-02,-0.0420312,0.000377188
1.7420e-02,-0.0478125,7.65625e-05
1.7430e-02,-0.0476562,0.000224063
1.7440e-02,-0.0384375,0.000360313
1.7450e-02,-0.0392187,0.000461563
1.7460e-02,-0.0401563,-0.000104063
1.7470e-02,-0.0384375,0.000216563
1.7480e-02,-0.0467188,-0.000260313
1.7490e-02,-0.0392187,-0.000185625
1.7500e-02,-0.0448438,0.000485
1.7510e-02,-0.0389063,0.000486563
1.7520e-02,-0.0426562,-3.53125e-05
1.7530e-02,-0.0339062,7.84375e-05
1.7540e-02,-0.041875,-1.65625e-05
1.7550e-02,-0.0328125,-0.000161563
1.7560e-02,-0.0459375,-0.000324063
1.7570e-02,-0.0404687,-0.000271563
1.7580e-02,-0.0346875,3.4375e-06
1.7590e-02,-0.0417187,0.000194063
1.7600e-02,-0.049375,-0.000681875
1.7610e-02,-0.0282813,-0.000416563
1.7620e-02,-0.0454688,-0.000566563
1.7630e-02,-0.0482812,0.000536875
1.7640e-02,-0.0414063,-0.000276875
1.7650e-02,-0.0378125,-0.000330625
1.7660e-02,-0.0507812,0.00069
1.7670e-02,-0.0407813,1.40625e-05
1.7680e-02,-0.0384375,2.21875e-05
1.7690e-02,-0.0503125,7.96875e-05
1.7700e-02,-0.0409375,0.000205938
1.7710e-02,-0.0482812,0.000319063
1.7720e-02,-0.0284375,-1.0625e-05
1.7730e-02,-0.0554687,0.000411563
1.7740e-02,-0.055,-0.000264375
1.7750e-02,-0.04375,1.84375e-05
1.7760e-02,-0.034375,-0.000463438
1.7770e-02,-0.0484375,-0.000119063
1.7780e-02,-0.0435938,0.000244063
1.7790e-02,-0.0390625,-0.0001725
1.7800e-02,-0.04625,0.000118438
1.7810e-02,-0.0271875,0.000200938
1.7820e-02,-0.0396875,-0.000276563
1.7830e-02,-0.0415625,7.625e-05
1.7840e-02,-0.0315625,-0.00041375
1.7850e-02,-0.0379688,-0.000595625
1.7860e-02,-0.0410937,-0.000381563
1.7870e-02,-0.04125,0.000140938
1.7880e-02,-0.0470312,-0.000440938
1.7890e-02,-0.0514063,-0.000714375
1.7900e-02,-0.0359375,-0.000347813
1.7910e-02,-0.0448438,5.8125e-05
1.7920e-02,-0.0473438,0.000375938
1.7930e-02,-0.0417187,3.65625e-05
1.7940e-02,-0.04,0.000325938
1.7950e-02,-0.0414063,0.000268438
1.7960e-02,-0.05625,0.00037875
1.7970e-02,-0.0414063,0.0001075
1.7980e-02,-0.0460938,0.0003975
1.7990e-02,-0.0467188,0.000280313
1.8000e-02,-0.0448438,-0.000285313
1.8010e-02,-0.0425,0.000111563
1.8020e-02,-0.0490625,-0.000392813
1.8030e-02,-0.0326562,-6.25e-06
1.8040e-02,-0.0439063,-0.000290625
1.8050e-02,-0.0379688,0.000469063
1.8060e-02,-0.046875,0.000257813
1.8070e-02,-0.0439063,0.00032625
1.8080e-02,-0.0404687,-0.00012
1.8090e-02,-0.0398437,-0.00037875
1.8100e-02,-0.0390625,-0.000515
1.8110e-02,-0.0396875,-0.000215
1.8120e-02,-0.0503125,-3.6875e-05
1.8130e-02,-0.0434375,-8.5e-05
1.8140e-02,-0.04625,0
1.8150e-02,-0.0423437,-0.00025375
1.8160e-02,-0.03875,0.000264375
1.8170e-02,-0.0432813,0.000100625
1.8180e-02,-0.0467188,0.00045125
1.8190e-02,-0.0428125,0.00031375
1.8200e-02,-0.0439063,-2.375e-05
1.8210e-02,-0.038125,-0.000430938
1.8220e-02,-0.0403125,-0.000247813
1.8230e-02,-0.0409375,0.000488438
1.8240e-02,-0.036875,-0.00022875
1.8250e-02,-0.0348437,0.000261563
1.8260e-02,-0.0378125,-5.5625e-05
1.8270e-02,-0.0423437,0.000668125
1.8280e-02,-0.04875,0.000494688
1.8290e-02,-0.05125,-0.00016375
1.8300e-02,-0.0395313,0.000444063
1.8310e-02,-0.0382813,-0.000217188
1.8320e-02,-0.0421875,-0.000475938
1.8330e-02,-0.0423437,3.78125e-05
1.8340e-02,-0.0429688,-0.00026625
1.8350e-02,-0.0473438,-0.000199063
1.8360e-02,-0.0521875,-9.28125e-05
1.8370e-02,-0.049375,-0.000729063
1.8380e-02,-0.0396875,0.00017625
1.8390e-02,-0.0379688,-3.28125e-05
1.8400e-02,-0.0407813,-0.000619063
1.8410e-02,-0.05375,-0.00030125
1.8420e-02,-0.026875,-0.000404688
1.8430e-02,-0.04625,-0.00030875
1.8440e-02,-0.0484375,-0.000105625
1.8450e-02,-0.0409375,0.000138125
1.8460e-02,-0.050625,0.00037375
1.8470e-02,-0.0364063,6.34375e-05
1.8480e-02,-0.0395313,0.000175313
1.8490e-02,-0.045625,-0.000165625
1.8500e-02,-0.0445313,-0.000130625
1.8510e-02,-0.04875,-0.000262813
1.8520e-02,-0.0445313,-0.00028625
1.8530e-02,-0.0410937,0.0005175
1.8540e-02,-0.0553125,0.000744375
1.8550e-02,-0.0457813,-5.625e-06
1.8560e-02,-0.0384375,-9.4375e-05
1.8570e-02,-0.0426562,3.25e-05
1.8580e-02,-0.03875,0.000298438
1.8590e-02,-0.0403125,-4.9375e-05
1.8600e-02,-0.050625,9.125e-05
1.8610e-02,-0.045,0.000632813
1.8620e-02,-0.0520313,2.75e-05
1.8630e-02,-0.0501562,0.000645
1.8640e-02,-0.0432813,0.000185313
1.8650e-02,-0.0376563,-0.000147813
1.8660e-02,-0.0451563,-0.000129375
1.8670e-02,-0.0525,0.000739063
1.8680e-02,-0.0371875,-0.000209375
1.8690e-02,-0.0396875,0.000146563
1.8700e-02,-0.0473438,6.15625e-05
1.8710e-02,-0.0409375,0.00010125
1.8720e-02,-0.0396875,0.000465938
1.8730e-02,-0.0484375,0.000582812
1.8740e-02,-0.0503125,-0.000464063
1.8750e-02,-0.0478125,-0.000503125
1.8760e-02,-0.048125,-0.000266563
1.8770e-02,-0.0396875,-0.00010875
1.8780e-02,-0.0442188,-0.000105313
1.8790e-02,-0.06125,7.59375e-05
1.8800e-02,-0.046875,2.4375e-05
1.8810e-02,-0.061875,7.875e-05
1.8820e-02,-0.0498438,0.000329063
1.8830e-02,-0.0329688,-0.000345
1.8840e-02,-0.0398437,0.00021
1.8850e-02,-0.0392187,-0.000523438
1.8860e-02,-0.0325,-0.00059625
1.8870e-02,-0.0575,-0.000440313
1.8880e-02,-0.035625,-0.0002175
1.8890e-02,-0.035625,0.000243438
1.8900e-02,-0.0475,2.875e-05
1.8910e-02,-0.0504687,-0.000183125
1.8920e-02,-0.0521875,0.000214375
1.8930e-02,-0.0326562,-7.1875e-06
1.8940e-02,-0.0471875,-0.000219375
1.8950e-02,-0.0470312,0.000214063
1.8960e-02,-0.0460938,-0.000688438
1.8970e-02,-0.0545313,-0.0003825
1.8980e-02,-0.0459375,-9.125e-05
1.8990e-02,-0.0440625,-0.000295938
1.9000e-02,-0.045,-0.000785
1.9010e-02,-0.0420312,0.000191875
1.9020e-02,-0.0367188,0.000134375
1.9030e-02,-0.0407813,-0.000160313
1.9040e-02,-0.03875,0.00042875
1.9050e-02,-0.0376563,0.000103438
1.9060e-02,-0.049375,0.000301563
1.9070e-02,-0.04,0.000224375
1.9080e-02,-0.0365625,8.5e-05
1.9090e-02,-0.04625,-6.9375e-05
1.9100e-02,-0.0271875,-0.000158125
1.9110e-02,-0.0432813,0.000227188
1.9120e-02,-0.050625,0.000451563
1.9130e-02,-0.04375,0.000208125
1.9140e-02,-0.0476562,-9.28125e-05
1.9150e-02,-0.0553125,-0.000237813
1.9160e-02,-0.0539063,-0.000196563
1.9170e-02,-0.0470312,-0.00015875
1.9180e-02,-0.0507812,3.1875e-05
1.9190e-02,-0.0371875,-0.000272812
1.9200e-02,-0.0429688,-0.000208125
1.9210e-02,-0.045625,-0.000115313
1.9220e-02,-0.0420312,-0.000243438
1.9230e-02,-0.0515625,1.875e-05
1.9240e-02,-0.0559375,-0.000111875
1.9250e-02,-0.0573437,0.00033875
1.9260e-02,-0.0578125,0.000222813
1.9270e-02,-0.0375,-0.000197813
1.9280e-02,-0.0417187,-0.000366563
1.9290e-02,-0.0476562,4.4375e-05
1.9300e-02,-0.0498438,3.34375e-05
1.9310e-02,-0.0376563,-0.000243125
1.9320e-02,-0.0451563,-0.00015875
1.9330e-02,-0.0504687,-0.000190625
1.9340e-02,-0.046875,0.000350625
1.9350e-02,-0.0523437,-8.875e-05
1.9360e-02,-0.05,-0.00035375
1.9370e-02,-0.0348437,-0.000287813
1.9380e-02,-0.0479688,0.0001375
1.9390e-02,-0.0448438,-0.000256563
1.9400e-02,-0.0390625,-0.000106875
1.9410e-02,-0.040625,-0.000195
1.9420e-02,-0.0482812,0.000144688
1.9430e-02,-0.053125,-0.000151563
1.9440e-02,-0.0440625,-0.000291563
1.9450e-02,-0.04875,-0.000394688
1.9460e-02,-0.0453125,4.4375e-05
1.9470e-02,-0.045,6.8125e-05
1.9480e-02,-0.059375,-0.000558125
1.9490e-02,-0.0534375,-0.000516563
1.9500e-02,-0.0448438,-0.000669063
1.9510e-02,-0.041875,-0.000332813
1.9520e-02,-0.0453125,9.75e-05
1.9530e-02,-0.0490625,-0.000231875
1.9540e-02,-0.0473438,-0.000345938
1.9550e-02,-0.0542187,7.1875e-06
1.9560e-02,-0.0446875,-0.000641875
1.9570e-02,-0.04625,0.000582812
1.9580e-02,-0.0421875,-0.000903125
1.9590e-02,-0.0565625,-0.000179063
1.9600e-02,-0.04,-0.000255625
1.9610e-02,-0.0482812,0.000282813
1.9620e-02,-0.0532813,0.000155938
1.9630e-02,-0.0504687,0.000235313
1.9640e-02,-0.0426562,-0.000450313
1.9650e-02,-0.0459375,0.000204688
1.9660e-02,-0.0540625,-0.000268438
1.9670e-02,-0.0457813,0.000669688
1.9680e-02,-0.0329688,0.000308125
1.9690e-02,-0.035625,0.000360313
1.9700e-02,-0.0509375,0.00027625
1.9710e-02,-0.0454688,0.000455313
1.9720e-02,-0.0496875,-4.28125e-05
1.9730e-02,-0.045,0.00027375
1.9740e-02,-0.0520313,-5.65625e-05
1.9750e-02,-0.0478125,-0.000104688
1.9760e-02,-0.0359375,0.000370313
1.9770e-02,-0.0521875,0.000376875
1.9780e-02,-0.0415625,-0.000667188
1.9790e-02,-0.0476562,9.59375e-05
1.9800e-02,-0.045625,0.000418438
1.9810e-02,-0.05,0.000429375
1.9820e-02,-0.0342187,0.000468438
1.9830e-02,-0.0435938,-0.000534688
1.9840e-02,-0.0396875,5.46875e-05
1.9850e-02,-0.0473438,-0.000248438
1.9860e-02,-0.0421875,-6.78125e-05
1.9870e-02,-0.0496875,0.000220625
1.9880e-02,-0.04125,0.000259063
1.9890e-02,-0.0501562,-0.000125625
1.9900e-02,-0.0407813,8.96875e-05
1.9910e-02,-0.04625,0.0002425
1.9920e-02,-0.0407813,0.000245938
1.9930e-02,-0.0367188,0.00053625
1.9940e-02,-0.0367188,-5.90625e-05
1.9950e-02,-0.050625,-0.000277813
1.9960e-02,-0.0496875,0.000363125
1.9970e-02,-0.0482812,6.5625e-06
1.9980e-02,-0.0484375,0.000266875
1.9990e-02,-0.0495312,0.0001825
2.0000e-02,-0.0515625,-0.00011125
2.0010e-02,-0.048125,-6.375e-05
2.0020e-02,-0.0489062,0.000625625
2.0030e-02,-0.03875,-4.0625e-06
2.0040e-02,-0.0471875,-7.84375e-05
2.0050e-02,-0.04625,-0.000301875
2.0060e-02,-0.0404687,4.96875e-05
2.0070e-02,-0.0520313,0.000301563
2.0080e-02,-0.0578125,0.000186563
2.0090e-02,-0.0632812,-0.00025875
2.0100e-02,-0.0423437,0.00026125
2.0110e-02,-0.0426562,3.8125e-05
2.0120e-02,-0.046875,0.000314688
2.0130e-02,-0.0435938,-0.000282813
2.0140e-02,-0.0520313,0.000309375
2.0150e-02,-0.0467188,-0.000581563
2.0160e-02,-0.0384375,-0.000279063
2.0170e-02,-0.050625,-0.000238125
2.0180e-02,-0.0435938,0.00013125
2.0190e-02,-0.0546875,-0.000702188
2.0200e-02,-0.0423437,-0.000167813
2.0210e-02,-0.0434375,0.000345
2.0220e-02,-0.0435938,1.5625e-06
2.0230e-02,-0.0489062,2e-05
2.0240e-02,-0.0460938,0.000576563
2.0250e-02,-0.0589063,0.000549063
2.0260e-02,-0.0596875,0.0006975
2.0270e-02,-0.051875,-0.000294375
2.0280e-02,-0.0465625,0.000356563
2.0290e-02,-0.0451563,-0.000158438
2.0300e-02,-0.050625,-0.000510937
2.0310e-02,-0.043125,-0.000206875
2.0320e-02,-0.0539063,6e-05
2.0330e-02,-0.0479688,0.000360625
2.0340e-02,-0.04375,0.0005825
2.0350e-02,-0.0535937,-0.000110625
2.0360e-02,-0.0535937,-0.000587813
2.0370e-02,-0.0360938,-0.000700938
2.0380e-02,-0.04125,-0.000580938
2.0390e-02,-0.0465625,0.000219375
2.0400e-02,-0.0345312,0.000400625
2.0410e-02,-0.039375,0.00036625
2.0420e-02,-0.0479688,0.000386563
2.0430e-02,-0.0465625,0.0003725
2.0440e-02,-0.045625,0.000363125
2.0450e-02,-0.05125,0.000458438
2.0460e-02,-0.0557813,0.000396875
2.0470e-02,-0.0540625,0.0003975
2.0480e-02,2.55672,-0.00203594
2.0490e-02,2.37234,-0.00512938
2.0500e-02,1.57031,-0.00678
2.0510e-02,1.95813,-0.00736844
2.0520e-02,0.47625,-0.00745813
2.0530e-02,0.114531,-0.00742406
2.0540e-02,0.104063,-0.00744219
2.0550e-02,0.089375,-0.00727844
2.0560e-02,0.0746875,-0.00743844
2.0570e-02,0.0775,-0.00737438
2.0580e-02,0.055,-0.00715281
2.0590e-02,0.0604688,-0.00730781
2.0600e-02,0.043125,-0.0072475
2.0610e-02,0.0503125,-0.00711313
2.0620e-02,0.0367187,-0.00734719
2.0630e-02,0.049375,-0.0071775
2.0640e-02,0.0360937,-0.00734438
2.0650e-02,0.019375,-0.00730125
2.0660e-02,0.0232812,-0.00717719
2.0670e-02,0.0220312,-0.00706969
2.0680e-02,0.0142187,-0.00714375
2.0690e-02,0.0110937,-0.00714781
2.0700e-02,0.0207812,-0.00708188
2.0710e-02,0.0257813,-0.00711125
2.0720e-02,0.0078125,-0.00696438
2.0730e-02,0.0142187,-0.00613688
2.0740e-02,0.0235938,-0.00122063
2.0750e-02,0.0125,0.000683438
2.0760e-02,0.0135937,2.53125e-05
2.0770e-02,0.008125,-0.00125531
2.0780e-02,0.004375,-0.00249438
2.0790e-02,0.00296875,-0.00154063
2.0800e-02,0.0140625,0.00077375
2.0810e-02,0.0120312,0.00203438
2.0820e-02,0.00734375,0.00211438
2.0830e-02,0.00109375,5e-05
2.0840e-02,0.000625,-0.00166719
2.0850e-02,0.0109375,-0.00151406
2.0860e-02,0.00515625,-0.00011375
2.0870e-02,0.006875,0.000295625
2.0880e-02,0.00828125,0.000985313
2.0890e-02,0.0078125,7.65625e-05
2.0900e-02,0.0065625,-0.00108188
2.0910e-02,0.00609375,-0.00202594
2.0920e-02,-0.0025,-0.000705
2.0930e-02,-0.0040625,0.000924063
2.0940e-02,0.00546875,0.000771875
2.0950e-02,-0.00546875,0.000554375
2.0960e-02,-0.0160938,-0.000453125
2.0970e-02,-0.00203125,-0.00115969
2.0980e-02,-0.0160938,-0.00102125
2.0990e-02,-0.0090625,0.000389063
2.1000e-02,-0.0123438,0.000439688
2.1010e-02,-0.00328125,0.00077625
2.1020e-02,-0.0154687,-0.000117188
2.1030e-02,-0.0104688,-0.00062
2.1040e-02,0.00765625,-0.0010575
2.1050e-02,-0.0009375,-0.0007875
2.1060e-02,-0.0128125,0.000144375
2.1070e-02,-0.00765625,0.000408438
2.1080e-02,-0.00921875,0.0004875
2.1090e-02,-0.0120313,-9.125e-05
2.1100e-02,-0.0132813,-0.000766875
2.1110e-02,-0.0040625,-4.28125e-05
2.1120e-02,-0.0146875,0.000453125
2.1130e-02,-0.0128125,0.00038375
2.1140e-02,-0.00921875,7.3125e-05
2.1150e-02,-0.011875,0.0003775
2.1160e-02,-0.0071875,-0.000374375
2.1170e-02,-0.0120313,-0.000507188
2.1180e-02,-0.0173438,0.000285938
2.1190e-02,-0.006875,0.00014375
2.1200e-02,-0.0115625,0.00010125
2.1210e-02,-0.0053125,-0.0002675
2.1220e-02,-0.0117188,0.000254688
2.1230e-02,-0.0153125,-0.000385
2.1240e-02,-0.0142188,-0.000516875
2.1250e-02,-0.0117188,-0.000328125
2.1260e-02,-0.013125,-6.125e-05
2.1270e-02,-0.0129688,0.000453438
2.1280e-02,-0.0146875,0.000773125
2.1290e-02,-0.0128125,7.46875e-05
2.1300e-02,-0.0120313,-0.000197813
2.1310e-02,-0.0245313,0.000110625
2.1320e-02,-0.0198438,0.00041875
2.1330e-02,-0.013125,0.000258125
2.1340e-02,-0.02125,0.000259063
2.1350e-02,-0.00578125,-0.000130625
2.1360e-02,-0.0165625,-0.000104063
2.1370e-02,-0.0207813,-0.0005825
2.1380e-02,-0.00953125,-8.78125e-05
2.1390e-02,-0.015625,0.000782188
2.1400e-02,-0.0104688,0.000308125
2.1410e-02,-0.0204688,2.53125e-05
2.1420e-02,-0.0246875,0.000415
2.1430e-02,-0.02125,0.00030125
2.1440e-02,-0.0148437,-0.0003
2.1450e-02,-0.0154687,-7.21875e-05
2.1460e-02,-0.0115625,-0.00027875
2.1470e-02,-0.01875,0.000449375
2.1480e-02,-0.0173438,3.3125e-05
2.1490e-02,-0.0225,0.000131875
2.1500e-02,-0.0165625,-0.000384688
2.1510e-02,-0.018125,-0.000526875
2.1520e-02,-0.0160938,0.000123125
2.1530e-02,-0.0129688,0.00042875
2.1540e-02,-0.00984375,-2.375e-05
2.1550e-02,-0.0270312,-0.00020375
2.1560e-02,-0.00921875,0.000162813
2.1570e-02,-0.019375,-0.0004525
2.1580e-02,-0.0126563,-0.000439375
2.1590e-02,-0.02,0.000194688
2.1600e-02,-0.0221875,-0.000124375
2.1610e-02,-0.0307813,-0.00038625
2.1620e-02,-0.020625,-0.000465625
2.1630e-02,-0.0160938,-0.000485625
2.1640e-02,-0.0198438,-9.25e-05
2.1650e-02,-0.0182812,-0.0006675
2.1660e-02,-0.026875,9.03125e-05
2.1670e-02,-0.0084375,-0.000190625
2.1680e-02,-0.0182812,0.000176875
2.1690e-02,-0.0135937,0.00041375
2.1700e-02,-0.0148437,-0.000742813
2.1710e-02,-0.0182812,-0.000408438
2.1720e-02,-0.013125,-0.00023125
2.1730e-02,-0.0128125,7.90625e-05
2.1740e-02,-0.0178125,0.000894688
2.1750e-02,-0.0303125,-5.75e-05
2.1760e-02,-0.0204688,3.125e-05
2.1770e-02,-0.0228125,-0.000634688
2.1780e-02,-0.015,0.000182188
2.1790e-02,-0.0185937,-0.000450625
2.1800e-02,-0.0282813,2.84375e-05
2.1810e-02,-0.02375,0.00034375
2.1820e-02,-0.0096875,4.5e-05
2.1830e-02,-0.0328125,0.000115938
2.1840e-02,-0.0145312,0.000519375
2.1850e-02,-0.023125,0.000143438
2.1860e-02,-0.0201563,-1.4375e-05
2.1870e-02,-0.0160938,-0.00027375
2.1880e-02,-0.0164063,-0.000422188
2.1890e-02,-0.0203125,-0.00034625
2.1900e-02,-0.0195312,-0.000334063
2.1910e-02,-0.0201563,-0.00033
2.1920e-02,-0.021875,0.000114063
2.1930e-02,-0.02875,0.000342813
2.1940e-02,-0.0234375,-0.00047875
2.1950e-02,-0.0223437,-0.000327188
2.1960e-02,-0.0235938,-6.15625e-05
2.1970e-02,-0.0157813,-0.000341563
2.1980e-02,-0.0229687,1.15625e-05
2.1990e-02,-0.0229687,0.000188438
2.2000e-02,-0.0278125,0.000154688
2.2010e-02,-0.0204688,0.000642813
2.2020e-02,-0.0221875,-0.000411875
2.2030e-02,-0.0273438,-0.000215625
2.2040e-02,-0.0214063,-0.000258438
2.2050e-02,-0.0185937,-0.000369375
2.2060e-02,-0.0220313,-0.000696563
2.2070e-02,-0.02875,0.000166563
2.2080e-02,-0.0317188,0.00038625
2.2090e-02,-0.0289063,-0.000545625
2.2100e-02,-0.0317188,0.000174063
2.2110e-02,-0.0464062,4.375e-05
2.2120e-02,-0.0203125,-1.3125e-05
2.2130e-02,-0.0314062,0.000418125
2.2140e-02,-0.0139063,0.000395938
2.2150e-02,-0.0234375,-6.09375e-05
2.2160e-02,-0.02,-0.000259688
2.2170e-02,-0.0184375,0.000139375
2.2180e-02,-0.0382813,0.000410625
2.2190e-02,-0.0295313,0.000439063
2.2200e-02,-0.0264062,0.000389375
2.2210e-02,-0.0342187,0.000478438
2.2220e-02,-0.0257812,-8.75e-06
2.2230e-02,-0.0214063,-0.000108125
2.2240e-02,-0.0120313,0.00033875
2.2250e-02,-0.0278125,-0.00032
2.2260e-02,-0.0229687,-0.000809063
2.2270e-02,-0.0223437,-0.000606563
2.2280e-02,-0.03375,-0.000596563
2.2290e-02,-0.0232812,9.03125e-05
2.2300e-02,-0.0189062,-0.000154688
2.2310e-02,-0.0240625,-0.000464375
2.2320e-02,-0.03125,6.53125e-05
2.2330e-02,-0.0284375,-0.00017375
2.2340e-02,-0.0190625,2.15625e-05
2.2350e-02,-0.0259375,-0.000165313
2.2360e-02,-0.0309375,-0.000234688
2.2370e-02,-0.0259375,-9.40625e-05
2.2380e-02,-0.034375,0.000121875
2.2390e-02,-0.0310937,-0.000123438
2.2400e-02,-0.0178125,-0.0001325
2.2410e-02,-0.0295313,0.000748438
2.2420e-02,-0.0228125,-0.000139062
2.2430e-02,-0.034375,-0.000269063
2.2440e-02,-0.025625,-0.000310625
2.2450e-02,-0.0301563,-0.000162813
2.2460e-02,-0.0195312,-0.000315
2.2470e-02,-0.035,0.000101563
2.2480e-02,-0.0304688,-7.1875e-06
2.2490e-02,-0.0289063,0.000709063
2.2500e-02,-0.015625,-0.0001475
2.2510e-02,-0.0176563,7.125e-05
2.2520e-02,-0.0284375,3.3125e-05
2.2530e-02,-0.0345312,-9.125e-05
2.2540e-02,-0.028125,-2.75e-05
2.2550e-02,-0.03125,2.28125e-05
2.2560e-02,-0.0239063,0.00031
2.2570e-02,-0.0345312,-4.1875e-05
2.2580e-02,-0.0354688,-6.96875e-05
2.2590e-02,-0.0328125,0.0001
2.2600e-02,-0.0320312,0.000234375
2.2610e-02,-0.0276563,-0.000467813
2.2620e-02,-0.0335937,0.000140625
2.2630e-02,-0.0415625,0.000129062
2.2640e-02,-0.0395313,0.000555313
2.2650e-02,-0.0320312,2.21875e-05
2.2660e-02,-0.0390625,0.00013875
2.2670e-02,-0.0260937,0.0003325
2.2680e-02,-0.0173438,-0.00042
2.2690e-02,-0.0307813,7.875e-05
2.2700e-02,-0.0365625,0.00015375
2.2710e-02,-0.0414063,-0.000586563
2.2720e-02,-0.0246875,0.000313438
2.2730e-02,-0.0229687,-0.000228438
2.2740e-02,-0.0364063,-0.000417188
2.2750e-02,-0.0289063,-0.000465
2.2760e-02,-0.025,-0.000169063
2.2770e-02,-0.0398437,0.000178438
2.2780e-02,-0.0295313,-0.0008775
2.2790e-02,-0.026875,-0.00064
2.2800e-02,-0.00203125,-0.0001875
2.2810e-02,-0.0351562,-0.0002075
2.2820e-02,-0.0404687,0.000271875
2.2830e-02,-0.0260937,-0.000146875
2.2840e-02,-0.02125,0.000762188
2.2850e-02,-0.028125,0.000227188
2.2860e-02,-0.0309375,0.000255
2.2870e-02,-0.0332812,0.000532813
2.2880e-02,-0.0359375,0.000962813
2.2890e-02,-0.025,0.000225
2.2900e-02,-0.0370313,-0.00016125
2.2910e-02,-0.0375,-0.000647813
2.2920e-02,-0.02625,6.59375e-05
2.2930e-02,-0.0351562,-0.00051625
2.2940e-02,-0.0354688,-0.00070625
2.2950e-02,-0.0315625,-0.0005975
2.2960e-02,-0.035,0.000145313
2.2970e-02,-0.0389063,-6.34375e-05
2.2980e-02,-0.0259375,-0.000442813
2.2990e-02,-0.0440625,-0.000214063
2.3000e-02,-0.0304688,0.00010625
2.3010e-02,-0.0335937,0.000454375
2.3020e-02,-0.03,-0.000488125
2.3030e-02,-0.0309375,4.875e-05
2.3040e-02,-0.0251563,0.000322813
2.3050e-02,-0.0234375,-0.000529687
2.3060e-02,-0.028125,-0.000669688
2.3070e-02,-0.04625,-0.000332188
2.3080e-02,-0.0175,4.1875e-05
2.3090e-02,-0.0357813,-0.000161563
2.3100e-02,-0.0410937,3.96875e-05
2.3110e-02,-0.0328125,-0.000139688
2.3120e-02,-0.0279688,-0.000105313
2.3130e-02,-0.0248438,-0.000403125
2.3140e-02,-0.0254688,-0.00057625
2.3150e-02,-0.0242188,0.00074875
2.3160e-02,-0.0371875,-2.6875e-05
2.3170e-02,-0.0414063,-0.000131875
2.3180e-02,-0.0303125,-0.000453125
2.3190e-02,-0.0265625,-0.00043875
2.3200e-02,-0.0271875,-0.000397813
2.3210e-02,-0.0353125,-0.000651875
2.3220e-02,-0.0351562,-6.84375e-05
2.3230e-02,-0.0245313,-3.09375e-05
2.3240e-02,-0.04,0.000197813
2.3250e-02,-0.0298438,-0.000122813
2.3260e-02,-0.0340625,-0.000294688
2.3270e-02,-0.029375,-0.000199375
2.3280e-02,-0.0364063,0.000118125
2.3290e-02,-0.0395313,-0.000322813
2.3300e-02,-0.0528125,0.000119375
2.3310e-02,-0.0376563,0.000125625
2.3320e-02,-0.0335937,3.90625e-05
2.3330e-02,-0.0315625,-0.000199375
2.3340e-02,-0.0373438,-0.000129688
2.3350e-02,-0.0303125,0.000481875
2.3360e-02,-0.0376563,0.000316875
2.3370e-02,-0.0329688,-0.00032
2.3380e-02,-0.0317188,-3.71875e-05
2.3390e-02,-0.0245313,0.000369063
2.3400e-02,-0.0378125,0.000100938
2.3410e-02,-0.049375,1.5625e-06
2.3420e-02,-0.030625,0.00109188
2.3430e-02,-0.0314062,0.000654063
2.3440e-02,-0.0346875,0.00038125
2.3450e-02,-0.0403125,0.000575625
2.3460e-02,-0.0359375,8.03125e-05
2.3470e-02,-0.0326562,0.00021625
2.3480e-02,-0.0379688,-0.000260313
2.3490e-02,-0.0323438,0.000345
2.3500e-02,-0.0320312,0.000212188
2.3510e-02,-0.035625,0.000989063
2.3520e-02,-0.0410937,-0.000520938
2.3530e-02,-0.0326562,0.000247188
2.3540e-02,-0.0292188,-3e-05
2.3550e-02,-0.0390625,7.0625e-05
2.3560e-02,-0.043125,0.000451875
2.3570e-02,-0.0273438,0.000442188
2.3580e-02,-0.0285938,-0.000219375
2.3590e-02,-0.0389063,-0.000605
2.3600e-02,-0.0242188,-1.71875e-05
2.3610e-02,-0.0385937,0.00015625
2.3620e-02,-0.04375,-7.46875e-05
2.3630e-02,-0.0367188,0.000215313
2.3640e-02,-0.0298438,-0.000334688
2.3650e-02,-0.025625,0.000354688
2.3660e-02,-0.0409375,-0.000145938
2.3670e-02,-0.0429688,0.0004225
2.3680e-02,-0.0276563,2.1875e-06
2.3690e-02,-0.0373438,0.000653125
2.3700e-02,-0.0329688,0.000366875
2.3710e-02,-0.0270312,-0.00011125
2.3720e-02,-0.02875,-0.000333125
2.3730e-02,-0.0378125,-1.5625e-06
2.3740e-02,-0.04125,-0.000173438
2.3750e-02,-0.0417187,-7.90625e-05
2.3760e-02,-0.0440625,-0.00042375
2.3770e-02,-0.035625,0.000610625
2.3780e-02,-0.0389063,0.000515625
2.3790e-02,-0.02625,-0.00026
2.3800e-02,-0.038125,-0.000460625
2.3810e-02,-0.0470312,-0.000510937
2.3820e-02,-0.0251563,-1.09375e-05
2.3830e-02,-0.0310937,0.000485
2.3840e-02,-0.0328125,-0.000304375
2.3850e-02,-0.0410937,-6.5625e-05
2.3860e-02,-0.0470312,-0.00013125
2.3870e-02,-0.0410937,0.000119063
2.3880e-02,-0.0307813,0.000557188
2.3890e-02,-0.050625,2e-05
2.3900e-02,-0.0375,-0.000270938
2.3910e-02,-0.02625,-0.000471875
2.3920e-02,-0.035625,-0.000395938
2.3930e-02,-0.0378125,-0.000296563
2.3940e-02,-0.0354688,-0.000298438
2.3950e-02,-0.035625,0.000393125
2.3960e-02,-0.045,0.000541875
2.3970e-02,-0.0332812,0.00016125
2.3980e-02,-0.0323438,2.875e-05
2.3990e-02,-0.0498438,-8.75e-05
2.4000e-02,-0.034375,-0.000124063
2.4010e-02,-0.0295313,0.000399688
2.4020e-02,-0.0367188,0.000557188
2.4030e-02,-0.0471875,0.000228438
2.4040e-02,-0.0335937,-0.000635313
2.4050e-02,-0.046875,1.46875e-05
2.4060e-02,-0.038125,-0.0002825
2.4070e-02,-0.0409375,-0.00012125
2.4080e-02,-0.0384375,0.00105969
2.4090e-02,-0.0420312,0.00048125
2.4100e-02,-0.0415625,0.00013
2.4110e-02,-0.03375,-0.000670625
2.4120e-02,-0.0401563,-0.000665938
2.4130e-02,-0.03875,0.000201563
2.4140e-02,-0.034375,0.000140625
2.4150e-02,-0.0320312,0.000819688
2.4160e-02,-0.0348437,0.0004675
2.4170e-02,-0.0376563,-0.0001975
2.4180e-02,-0.0446875,-0.00121344
2.4190e-02,-0.04,-0.00060875
2.4200e-02,-0.0223437,0.000607813
2.4210e-02,-0.0376563,0.000935313
2.4220e-02,-0.039375,0.000761563
2.4230e-02,-0.0442188,-0.000162188
2.4240e-02,-0.0357813,-0.000718438
2.4250e-02,-0.0370313,-0.00139
2.4260e-02,-0.0448438,-0.000525625
2.4270e-02,-0.044375,0.00101344
2.4280e-02,-0.031875,0.000963125
2.4290e-02,-0.028125,0.000945
2.4300e-02,-0.0334375,-0.00106344
2.4310e-02,-0.0373438,-0.00186094
2.4320e-02,-0.0404687,-0.00102563
2.4330e-02,-0.0364063,0.000356563
2.4340e-02,-0.0385937,0.00116188
2.4350e-02,-0.0301563,0.00091375
2.4360e-02,-0.0420312,0.000150938
2.4370e-02,-0.029375,-0.00124031
2.4380e-02,-0.04625,-0.00145188
2.4390e-02,-0.043125,-0.000499375
2.4400e-02,-0.0321875,0.000928438
2.4410e-02,-0.0470312,0.00182
2.4420e-02,-0.0267187,0.00124875
2.4430e-02,-0.0559375,-0.000605
2.4440e-02,-0.0532813,-0.00155656
2.4450e-02,-0.0384375,-0.00153281
2.4460e-02,-0.03875,0.000802813
2.4470e-02,-0.0409375,0.00230844
2.4480e-02,-0.0395313,0.00138438
2.4490e-02,-0.02125,0.000539688
2.4500e-02,-0.0403125,-0.00128344
2.4510e-02,-0.0398437,-0.00187313
2.4520e-02,-0.0432813,-0.000695313
2.4530e-02,-0.0403125,0.000714063
2.4540e-02,-0.0326562,0.00190625
2.4550e-02,-0.038125,0.00168031
2.4560e-02,-0.038125,2.0625e-05
2.4570e-02,-0.0539063,-0.00155219
2.4580e-02,-0.045,-0.00177938
2.4590e-02,-0.0365625,-0.000293125
2.4600e-02,-0.0396875,0.000982187
2.4610e-02,-0.0479688,0.00155156
2.4620e-02,-0.036875,0.00106375
2.4630e-02,-0.0332812,-0.000849375
2.4640e-02,-0.0376563,-0.00184969
2.4650e-02,-0.0348437,-0.00130906
2.4660e-02,-0.0428125,-2.40625e-05
2.4670e-02,-0.0376563,0.000594688
2.4680e-02,-0.0353125,0.000987188
2.4690e-02,-0.0276563,0.000417813
2.4700e-02,-0.0364063,-0.00112531
2.4710e-02,-0.046875,-0.000934375
2.4720e-02,-0.0370313,-0.000564688
2.4730e-02,-0.0401563,0.000669375
2.4740e-02,-0.0390625,0.00113875
2.4750e-02,-0.0365625,0.000455
2.4760e-02,-0.0371875,-0.000540938
2.4770e-02,-0.0321875,-0.000739688
2.4780e-02,-0.0392187,-0.000689688
2.4790e-02,-0.0340625,0.000614063
2.4800e-02,-0.046875,2.4375e-05
2.4810e-02,-0.0445313,0.000816563
2.4820e-02,-0.0320312,0.000214063
2.4830e-02,-0.0357813,-0.000629375
2.4840e-02,-0.0498438,-0.000977813
2.4850e-02,-0.0410937,-0.000123438
2.4860e-02,-0.0292188,0.000709063
2.4870e-02,-0.0509375,0.000805
2.4880e-02,-0.0307813,-0.000576563
2.4890e-02,-0.0392187,-0.000639688
2.4900e-02,-0.0409375,-0.00054875
2.4910e-02,-0.0326562,0.000143125
2.4920e-02,-0.041875,0.00019875
2.4930e-02,-0.0415625,0.000838438
2.4940e-02,-0.0385937,0.000245313
2.4950e-02,-0.0479688,2.09375e-05
2.4960e-02,-0.0348437,-0.000691563
2.4970e-02,-0.0423437,-0.00101531
2.4980e-02,-0.0521875,-0.00019
2.4990e-02,-0.04375,0.00027
2.5000e-02,-0.0317188,0.000360313
2.5010e-02,-0.0407813,0.000521875
2.5020e-02,-0.05375,-0.000760938
2.5030e-02,-0.043125,-0.000551563
2.5040e-02,-0.0470312,-0.000573125
2.5050e-02,-0.04,-0.000284375
2.5060e-02,-0.0284375,0.000400938
2.5070e-02,-0.0351562,0.000599063
2.5080e-02,-0.0385937,-0.000149375
2.5090e-02,-0.0345312,-8.75e-05
2.5100e-02,-0.0351562,-0.000386875
2.5110e-02,-0.0307813,1.53125e-05
2.5120e-02,-0.0367188,0.000950313
2.5130e-02,-0.0446875,0.00064375
2.5140e-02,-0.0310937,0.000300313
2.5150e-02,-0.0314062,-4.78125e-05
2.5160e-02,-0.0379688,-0.000294062
2.5170e-02,-0.0357813,-0.000399688
2.5180e-02,-0.0325,-0.000411563
2.5190e-02,-0.0507812,-0.000289375
2.5200e-02,-0.0379688,-1e-05
2.5210e-02,-0.0504687,-0.000243438
2.5220e-02,-0.0542187,-0.000787813
2.5230e-02,-0.045,-4.0625e-06
2.5240e-02,-0.035625,-0.0002
2.5250e-02,-0.0448438,-0.000414688
2.5260e-02,-0.0398437,-0.000289688
2.5270e-02,-0.0551563,0.00016
2.5280e-02,-0.0284375,0.000334688
2.5290e-02,-0.0303125,0.000282813
2.5300e-02,-0.0421875,-0.000185625
2.5310e-02,-0.0470312,-0.000260313
2.5320e-02,-0.0385937,0.000228438
2.5330e-02,-0.0421875,7.0625e-05
2.5340e-02,-0.0298438,0.000191563
2.5350e-02,-0.041875,-0.000379063
2.5360e-02,-0.0376563,-0.000422813
2.5370e-02,-0.038125,-6.90625e-05
2.5380e-02,-0.0434375,-3.1875e-05
2.5390e-02,-0.0460938,-0.000260313
2.5400e-02,-0.0379688,0.000175313
2.5410e-02,-0.03,-0.000131563
2.5420e-02,-0.03375,-0.000279375
2.5430e-02,-0.0429688,-3.0625e-05
2.5440e-02,-0.03875,0.000118438
2.5450e-02,-0.0409375,0.000115625
2.5460e-02,-0.0489062,0.000312188
2.5470e-02,-0.0345312,0.000346875
2.5480e-02,-0.043125,0.0005975
2.5490e-02,-0.0526563,-0.00019
2.5500e-02,-0.0442188,-0.00031375
2.5510e-02,-0.051875,2.28125e-05
2.5520e-02,-0.0504687,0.000274063
2.5530e-02,-0.0529687,0.000157188
2.5540e-02,-0.0479688,-4.625e-05
2.5550e-02,-0.0376563,-0.000186875
2.5560e-02,-0.0515625,-8.75e-05
2.5570e-02,-0.0426562,0.000168438
2.5580e-02,-0.0409375,-7.1875e-06
2.5590e-02,-0.0407813,3.8125e-05
2.5600e-02,-0.04375,-0.000509375
2.5610e-02,-0.0360938,-0.000256563
2.5620e-02,-0.0496875,-0.0004675
2.5630e-02,-0.0417187,-0.000102188
2.5640e-02,-0.0409375,0.000445938
2.5650e-02,-0.0439063,0.000139062
2.5660e-02,-0.0390625,0.000165938
2.5670e-02,-0.04875,0.000472813
2.5680e-02,-0.050625,5.8125e-05
2.5690e-02,-0.0465625,0.000205625
2.5700e-02,-0.0325,0.000551875
2.5710e-02,-0.04125,0.00029875
2.5720e-02,-0.056875,2.78125e-05
2.5730e-02,-0.0501562,0.0003675
2.5740e-02,-0.0521875,0.000260938
2.5750e-02,-0.0495312,-0.000784063
2.5760e-02,-0.0379688,-0.000310938
2.5770e-02,-0.0421875,-5.5e-05
2.5780e-02,-0.046875,0.000411563
2.5790e-02,-0.03875,-0.000190938
2.5800e-02,-0.0440625,0.000325
2.5810e-02,-0.0610938,9.5625e-05
2.5820e-02,-0.0473438,5.65625e-05
2.5830e-02,-0.0421875,-0.000233438
2.5840e-02,-0.0426562,0.000355
2.5850e-02,-0.0485938,-0.000151563
2.5860e-02,-0.0325,-0.000350625
2.5870e-02,-0.04,-0.000365625
2.5880e-02,-0.0495312,-5.28125e-05
2.5890e-02,-0.0392187,-0.000474063
2.5900e-02,-0.044375,-0.000603125
2.5910e-02,-0.0453125,-0.000171563
2.5920e-02,-0.0432813,0.000352188
2.5930e-02,-0.0385937,-5.0625e-05
2.5940e-02,-0.0376563,-0.000182188
2.5950e-02,-0.0421875,0.000353438
2.5960e-02,-0.0376563,0.00117094
2.5970e-02,-0.0482812,0.000309063
2.5980e-02,-0.033125,0.000341563
2.5990e-02,-0.0410937,-8.21875e-05
2.6000e-02,-0.0542187,0.000598125
2.6010e-02,-0.0475,-0.000175313
2.6020e-02,-0.0460938,-0.000244063
2.6030e-02,-0.0432813,0.000102813
2.6040e-02,-0.0504687,0.00013375
2.6050e-02,-0.055,9.71875e-05
2.6060e-02,-0.0507812,-0.000294375
2.6070e-02,-0.044375,-0.000393125
2.6080e-02,-0.0340625,-0.000254688
2.6090e-02,-0.03875,0.000440313
2.6100e-02,-0.0373438,-0.000418438
2.6110e-02,-0.04375,-0.000258125
2.6120e-02,-0.049375,5.0625e-05
2.6130e-02,-0.0448438,0.000359688
2.6140e-02,-0.0439063,0.000255625
2.6150e-02,-0.0535937,-8.40625e-05
2.6160e-02,-0.038125,0.000115938
2.6170e-02,-0.04375,-0.000300313
2.6180e-02,-0.04375,-0.000160625
2.6190e-02,-0.0467188,-0.000355313
2.6200e-02,-0.03125,-0.000180625
2.6210e-02,-0.0560937,-0.000258438
2.6220e-02,-0.0504687,0.000173438
2.6230e-02,-0.045,0.000220938
2.6240e-02,-0.0395313,-0.000368125
2.6250e-02,-0.041875,0.000881563
2.6260e-02,-0.0428125,4.125e-05
2.6270e-02,-0.0496875,0.000730938
2.6280e-02,-0.0414063,-0.0005275
2.6290e-02,-0.0498438,0.000771563
2.6300e-02,-0.0442188,0.000323125
2.6310e-02,-0.0485938,0.000120313
2.6320e-02,-0.0396875,-0.000124375
2.6330e-02,-0.0414063,-9.28125e-05
2.6340e-02,-0.0434375,9.40625e-05
2.6350e-02,-0.04375,0.000204688
2.6360e-02,-0.0414063,0.000364375
2.6370e-02,-0.0414063,0.000595313
2.6380e-02,-0.0515625,0.000900938
2.6390e-02,-0.0339062,-0.000414375
2.6400e-02,-0.039375,-0.00023625
2.6410e-02,-0.0515625,0.000220938
2.6420e-02,-0.0504687,-0.00070375
2.6430e-02,-0.04125,-0.000187188
2.6440e-02,-0.0582813,-5.5e-05
2.6450e-02,-0.0598438,-0.000409063
2.6460e-02,-0.04375,5.21875e-05
2.6470e-02,-0.051875,-9.21875e-05
2.6480e-02,-0.0445313,-0.00053875
2.6490e-02,-0.0428125,-0.000382813
2.6500e-02,-0.030625,-0.00015
2.6510e-02,-0.04875,-0.000481875
2.6520e-02,-0.0471875,0.000135938
2.6530e-02,-0.033125,-0.00022
2.6540e-02,-0.0479688,1.25e-06
2.6550e-02,-0.0332812,0.0001525
2.6560e-02,-0.0390625,0.000126875
2.6570e-02,-0.044375,-0.000169375
2.6580e-02,-0.0378125,9.65625e-05
2.6590e-02,-0.0429688,-4.6875e-05
2.6600e-02,-0.0414063,-0.000735938
2.6610e-02,-0.0507812,-0.000170313
2.6620e-02,-0.0514063,-0.000379688
2.6630e-02,-0.03625,-0.000312188
2.6640e-02,-0.0498438,3.59375e-05
2.6650e-02,-0.0378125,-0.00107219
2.6660e-02,-0.038125,0.000210938
2.6670e-02,-0.04625,-0.000566875
2.6680e-02,-0.0328125,-0.000273438
2.6690e-02,-0.0476562,0.00033
2.6700e-02,-0.0559375,3.90625e-05
2.6710e-02,-0.0415625,0.000390938
2.6720e-02,-0.0326562,-0.000681563
2.6730e-02,-0.0403125,6.125e-05
2.6740e-02,-0.0440625,6.8125e-05
2.6750e-02,-0.0434375,-6e-05
2.6760e-02,-0.0410937,0.000186875
2.6770e-02,-0.0417187,4.25e-05
2.6780e-02,-0.0484375,0.00030625
2.6790e-02,-0.045,0.000305938
2.6800e-02,-0.053125,0.00029625
2.6810e-02,-0.0439063,0.000237813
2.6820e-02,-0.0429688,3.9375e-05
2.6830e-02,-0.0509375,-9.5e-05
2.6840e-02,-0.0457813,-0.000109063
2.6850e-02,-0.0421875,0.000575938
2.6860e-02,-0.0482812,4.03125e-05
2.6870e-02,-0.0484375,0.000750625
2.6880e-02,-0.045,0.000700938
2.6890e-02,-0.0440625,-0.0006575
2.6900e-02,-0.0503125,0.000654688
2.6910e-02,-0.0415625,0.0004725
2.6920e-02,-0.0371875,0.000477813
2.6930e-02,-0.0470312,0.000353438
2.6940e-02,-0.0498438,0.000238125
2.6950e-02,-0.0334375,0.000264063
2.6960e-02,-0.0551563,0.000398438
2.6970e-02,-0.0473438,0.000428438
2.6980e-02,-0.048125,0.000595313
2.6990e-02,-0.0595313,-0.0001775
2.7000e-02,-0.0484375,-0.000268125
2.7010e-02,-0.0540625,7.8125e-06
2.7020e-02,-0.0520313,-0.000222188
2.7030e-02,-0.0539063,-0.000955313
2.7040e-02,-0.0528125,-0.00017625
2.7050e-02,-0.0475,0.000420938
2.7060e-02,-0.0495312,0.000379063
2.7070e-02,-0.0378125,-0.000228125
2.7080e-02,-0.0484375,0.000495313
2.7090e-02,-0.046875,9.40625e-05
2.7100e-02,-0.0479688,0.000608125
2.7110e-02,-0.03625,1.4375e-05
2.7120e-02,-0.0457813,-0.000325
2.7130e-02,-0.0496875,0.000129375
2.7140e-02,-0.0429688,-0.000183125
2.7150e-02,-0.0484375,-0.000123125
2.7160e-02,-0.0396875,-7.71875e-05
2.7170e-02,-0.0510938,0.00022125
2.7180e-02,-0.0525,-8.8125e-05
2.7190e-02,-0.0529687,0.000104063
2.7200e-02,-0.0521875,-0.0005675
2.7210e-02,-0.0534375,0.000517813
2.7220e-02,-0.05625,-0.000433125
2.7230e-02,-0.0570313,-0.000449375
2.7240e-02,-0.0465625,-6.0625e-05
2.7250e-02,-0.045625,-0.000273125
2.7260e-02,-0.054375,3.59375e-05
2.7270e-02,-0.044375,-0.000590313
2.7280e-02,-0.041875,0.000171875
2.7290e-02,-0.0429688,-0.000126563
2.7300e-02,-0.0504687,-0.0003725
2.7310e-02,-0.0401563,-0.000233438
2.7320e-02,-0.0548437,0.000248438
2.7330e-02,-0.0459375,3.1875e-05
2.7340e-02,-0.05375,0.000278438
2.7350e-02,-0.0251563,0.00033125
2.7360e-02,-0.0514063,1.40625e-05
2.7370e-02,-0.0460938,-0.000372813
2.7380e-02,-0.0407813,-0.000789063
2.7390e-02,-0.0404687,-0.000699688
2.7400e-02,-0.0432813,0.000154063
2.7410e-02,-0.04875,7.96875e-05
2.7420e-02,-0.0515625,-0.000245938
2.7430e-02,-0.0529687,-0.000149687
2.7440e-02,-0.0478125,0.00024125
2.7450e-02,-0.0571875,6.71875e-05
2.7460e-02,-0.0521875,-0.000376563
2.7470e-02,-0.044375,-0.00019625
2.7480e-02,-0.0529687,0.000297813
2.7490e-02,-0.0453125,-5.5e-05
2.7500e-02,-0.0429688,0.000281875
2.7510e-02,-0.0504687,0.000326563
2.7520e-02,-0.045625,-0.00030875
2.7530e-02,-0.0495312,-0.00035375
2.7540e-02,-0.0375,-0.000229063
2.7550e-02,-0.0479688,-9.0625e-06
2.7560e-02,-0.046875,-0.000164375
2.7570e-02,-0.0475,0.000106875
2.7580e-02,-0.043125,-0.00012
2.7590e-02,-0.0385937,-0.00039875
2.7600e-02,-0.0439063,-0.000450938
2.7610e-02,-0.0429688,-0.000517188
2.7620e-02,-0.0473438,0.000269688
2.7630e-02,-0.0554687,3.1875e-05
2.7640e-02,-0.0521875,-0.000193125
2.7650e-02,-0.0453125,0.000306563
2.7660e-02,-0.0357813,0.000167188
2.7670e-02,-0.0426562,0.000510937
2.7680e-02,-0.0525,0.000189688
2.7690e-02,-0.0560937,-7.84375e-05
2.7700e-02,-0.0534375,-0.000497188
2.7710e-02,-0.0375,-0.000442813
2.7720e-02,-0.0384375,9.96875e-05
2.7730e-02,-0.0428125,0.000265625
2.7740e-02,-0.0540625,-3.8125e-05
2.7750e-02,-0.0417187,-0.000175313
2.7760e-02,-0.035625,-3.84375e-05
2.7770e-02,-0.043125,0.000274688
2.7780e-02,-0.0521875,-0.00017125
2.7790e-02,-0.040625,-0.000574375
2.7800e-02,-0.045,-0.000159375
2.7810e-02,-0.0473438,0.000135313
2.7820e-02,-0.0403125,0.000595625
2.7830e-02,-0.0528125,0.00022375
2.7840e-02,-0.0465625,0.0001475
2.7850e-02,-0.044375,0.000157188
2.7860e-02,-0.0482812,8.84375e-05
2.7870e-02,-0.0475,-5.375e-05
2.7880e-02,-0.0554687,0.000239375
2.7890e-02,-0.0404687,0.000462188
2.7900e-02,-0.044375,-0.000274063
2.7910e-02,-0.0546875,-0.000881563
2.7920e-02,-0.0425,-0.00014
2.7930e-02,-0.0390625,3.46875e-05
2.7940e-02,-0.0414063,-0.000112188
2.7950e-02,-0.0385937,0.000224375
2.7960e-02,-0.05125,0.000230625
2.7970e-02,-0.0435938,-0.000209375
2.7980e-02,-0.0473438,-0.000879688
2.7990e-02,-0.0471875,0.000293125
2.8000e-02,-0.0553125,-2.125e-05
2.8010e-02,-0.0442188,6.25e-06
2.8020e-02,-0.051875,0.000317188
2.8030e-02,-0.0529687,0.000385
2.8040e-02,-0.0489062,-0.000348125
2.8050e-02,-0.0429688,-0.000426563
2.8060e-02,-0.0432813,-0.000265938
2.8070e-02,-0.0539063,0.000356563
2.8080e-02,-0.041875,0.000186875
2.8090e-02,-0.0423437,0.000149687
2.8100e-02,-0.0554687,0.000541563
2.8110e-02,-0.0578125,-0.000433438
2.8120e-02,-0.0409375,0.000224688
2.8130e-02,-0.0464062,-2.6875e-05
2.8140e-02,-0.0610938,0.000102188
2.8150e-02,-0.0346875,0.000472188
2.8160e-02,-0.0459375,-0.000365938
2.8170e-02,-0.0489062,-1.75e-05
2.8180e-02,-0.0525,-0.000347813
2.8190e-02,-0.0479688,-0.00048125
2.8200e-02,-0.0454688,0.000284375
2.8210e-02,-0.0446875,0.0002725
2.8220e-02,-0.0492188,-0.000362188
2.8230e-02,-0.0420312,2.65625e-05
2.8240e-02,-0.0490625,-0.000539375
2.8250e-02,-0.0315625,-0.000132188
2.8260e-02,-0.0475,0.000502813
2.8270e-02,-0.0498438,0.000361563
2.8280e-02,-0.0448438,0.000426563
2.8290e-02,-0.0507812,-0.000150313
2.8300e-02,-0.046875,-0.0006175
2.8310e-02,-0.05375,-0.00102813
2.8320e-02,-0.0501562,-0.000195625
2.8330e-02,-0.0514063,0.00013625
2.8340e-02,-0.043125,0.000656563
2.8350e-02,-0.0559375,6.125e-05
2.8360e-02,-0.0448438,-0.000282813
2.8370e-02,-0.04375,-0.00110406
2.8380e-02,-0.0628125,-0.000623125
2.8390e-02,-0.0596875,0.000127188
2.8400e-02,-0.0471875,0.000731563
2.8410e-02,-0.0417187,0.000745625
2.8420e-02,-0.058125,0.00075375
2.8430e-02,-0.0414063,0.000626563
2.8440e-02,-0.0435938,0.000634688
2.8450e-02,-0.0478125,0.000798438
2.8460e-02,-0.0498438,0.0007475
2.8470e-02,-0.0459375,0.000691875
2.8480e-02,1.66344,-0.000397813
2.8490e-02,-0.380312,-0.00496781
2.8500e-02,1.19359,-0.00640844
2.8510e-02,1.57016,-0.00740656
2.8520e-02,0.529219,-0.00730844
2.8530e-02,0.117969,-0.00729531
2.8540e-02,0.0964062,-0.00705625
2.8550e-02,0.0792188,-0.00705469
2.8560e-02,0.0767188,-0.00733344
2.8570e-02,0.0685937,-0.00704844
2.8580e-02,0.0545313,-0.00718625
2.8590e-02,0.04875,-0.00714
2.8600e-02,0.0396875,-0.00693094
2.8610e-02,0.0453125,-0.00711781
2.8620e-02,0.0342188,-0.00718969
2.8630e-02,0.0359375,-0.00706063
2.8640e-02,0.0229687,-0.0071225
2.8650e-02,0.0325,-0.00712281
2.8660e-02,0.023125,-0.00706125
2.8670e-02,0.018125,-0.00718031
2.8680e-02,0.0145312,-0.00694344
2.8690e-02,0.0253125,-0.00695469
2.8700e-02,0.0254688,-0.00707094
2.8710e-02,0.0096875,-0.00698688
2.8720e-02,0.0171875,-0.00705813
2.8730e-02,0.00734375,-0.00674563
2.8740e-02,0.00890625,-0.0018675
2.8750e-02,0.01625,0.000413125
2.8760e-02,0.0171875,0.000633125
2.8770e-02,0.0126562,-0.000666875
2.8780e-02,0.0201562,-0.00174281
2.8790e-02,0.0034375,-0.00129
2.8800e-02,-0.0117188,0.000487813
2.8810e-02,0.0009375,0.00144469
2.8820e-02,0.00515625,0.00160313
2.8830e-02,0.0254688,-0.000810938
2.8840e-02,0.00984375,-0.00138156
2.8850e-02,-0.005,-0.000993438
2.8860e-02,-0.0003125,-0.000379375
2.8870e-02,-0.00515625,0.000838125
2.8880e-02,0.0110937,0.00127469
2.8890e-02,0.00703125,-0.000151875
2.8900e-02,0.0164063,-0.000724063
2.8910e-02,-0.00921875,-0.000935313
2.8920e-02,-0.00078125,-0.000674063
2.8930e-02,-0.00203125,0.00050375
2.8940e-02,-0.00046875,0.00122937
2.8950e-02,-0.001875,0.000691563
2.8960e-02,0.0003125,0.000255313
2.8970e-02,-0.0084375,-0.000679063
2.8980e-02,-0.00703125,-0.000521875
2.8990e-02,-0.00546875,-0.000534688
2.9000e-02,-0.0135937,0.000191875
2.9010e-02,-0.00296875,0.000340313
2.9020e-02,0.0040625,-0.000149375
2.9030e-02,-0.0046875,-0.000789063
2.9040e-02,-0.00140625,-0.000663125
2.9050e-02,-0.0071875,-1.6875e-05
2.9060e-02,-0.00296875,-6.34375e-05
2.9070e-02,-0.00375,0.000285938
2.9080e-02,0.00140625,-2.5e-06
2.9090e-02,-0.0164063,-0.000226875
2.9100e-02,-0.00015625,-0.00071
2.9110e-02,-0.01,-0.000255625
2.9120e-02,0.00109375,0.000298125
2.9130e-02,-0.0084375,0.000299375
2.9140e-02,-0.00484375,0.0005875
2.9150e-02,-0.016875,0.00105219
2.9160e-02,-0.00953125,-0.000439063
2.9170e-02,-0.00953125,-0.000185
2.9180e-02,-0.00890625,-0.000109688
2.9190e-02,-0.0148437,-0.000390313
2.9200e-02,-0.0059375,0.000197813
2.9210e-02,-0.0115625,0.000180625
2.9220e-02,-0.0107813,1.09375e-05
2.9230e-02,-0.0125,-0.000415
2.9240e-02,-0.0101563,-0.0003325
2.9250e-02,-0.0120313,-0.000232188
2.9260e-02,-0.0154687,0.000426875
2.9270e-02,-0.0121875,3.625e-05
2.9280e-02,-0.0107813,0.00010125
2.9290e-02,-0.0142188,0.00090375
2.9300e-02,-0.0157813,8.65625e-05
2.9310e-02,0.00109375,0.00046625
2.9320e-02,-0.0151562,9.46875e-05
2.9330e-02,-0.0175,-9.4375e-05
2.9340e-02,0.001875,7.125e-05
2.9350e-02,-0.00921875,0.00034625
2.9360e-02,-0.00578125,1.65625e-05
2.9370e-02,-0.0175,-0.000298125
2.9380e-02,-0.00953125,0.000305938
2.9390e-02,-0.0126563,0.00103344
2.9400e-02,-0.0217188,0.0003925
2.9410e-02,-0.0148437,0.00033
2.9420e-02,-0.0178125,6.4375e-05
2.9430e-02,-0.0084375,-0.0004275
2.9440e-02,-0.0301563,-0.00029625
2.9450e-02,-0.0153125,-0.000215938
2.9460e-02,-0.02,-6.125e-05
2.9470e-02,-0.0071875,0.00067375
2.9480e-02,-0.0146875,0.000353438
2.9490e-02,-0.0178125,-0.000195
2.9500e-02,-0.0173438,-0.000175313
2.9510e-02,-0.02125,-0.000335938
2.9520e-02,-0.0253125,-0.000127188
2.9530e-02,-0.0178125,0.0003925
2.9540e-02,-0.0142188,0.0001675
2.9550e-02,-0.0196875,-1.71875e-05
2.9560e-02,-0.01625,-0.000108438
2.9570e-02,-0.0245313,-0.000469063
2.9580e-02,-0.0170313,-0.0005225
2.9590e-02,-0.013125,-0.000487813
2.9600e-02,-0.0170313,-0.0004625
2.9610e-02,-0.016875,-0.000222813
2.9620e-02,-0.0171875,-2.40625e-05
2.9630e-02,-0.0207813,0.000228438
2.9640e-02,-0.0209375,0.000461563
2.9650e-02,-0.0284375,-0.000159063
2.9660e-02,-0.0167188,-0.000341875
2.9670e-02,-0.020625,0.000242813
2.9680e-02,-0.0239063,0.00028875
2.9690e-02,-0.0248438,2.1875e-06
2.9700e-02,-0.0235938,-0.000241875
2.9710e-02,-0.0157813,4.8125e-05
2.9720e-02,-0.0264062,-2e-05
2.9730e-02,-0.0164063,0.0002275
2.9740e-02,-0.0248438,-5.53125e-05
2.9750e-02,-0.0248438,0.000135625
2.9760e-02,-0.0235938,-0.000105313
2.9770e-02,-0.0307813,-0.000421875
2.9780e-02,-0.0190625,0.000292188
2.9790e-02,-0.026875,-0.000416563
2.9800e-02,-0.0296875,-0.000350938
2.9810e-02,-0.0203125,-0.000460938
2.9820e-02,-0.0196875,-3.34375e-05
2.9830e-02,-0.0160938,-0.000321563
2.9840e-02,-0.0228125,-0.00054875
2.9850e-02,-0.0348437,0.000160313
2.9860e-02,-0.01875,0.000683438
2.9870e-02,-0.0167188,-0.000184375
2.9880e-02,-0.016875,0.000373125
2.9890e-02,-0.0215625,-0.000123125
2.9900e-02,-0.0395313,-0.000927188
2.9910e-02,-0.0234375,-0.000660625
2.9920e-02,-0.0229687,-0.00011875
2.9930e-02,-0.0270312,1.5625e-05
2.9940e-02,-0.0204688,0.000221875
2.9950e-02,-0.0298438,-0.000329375
2.9960e-02,-0.0189062,-0.00070625
2.9970e-02,-0.02,-0.0004925
2.9980e-02,-0.0346875,-0.00023
2.9990e-02,-0.0257812,-0.000236563
3.0000e-02,-0.0203125,0.000205625
3.0010e-02,-0.0214063,-0.000515625
3.0020e-02,-0.0232812,0.000564688
3.0030e-02,-0.0210938,-0.000372188
3.0040e-02,-0.030625,-6.28125e-05
3.0050e-02,-0.0171875,0.000275313
3.0060e-02,-0.02875,-0.000347188
3.0070e-02,-0.0234375,-0.000199375
3.0080e-02,-0.025625,-0.000421563
3.0090e-02,-0.028125,0.000202188
3.0100e-02,-0.0260937,-0.000415938
3.0110e-02,-0.0282813,0.000461563
3.0120e-02,-0.0301563,-0.0001125
3.0130e-02,-0.0273438,4.15625e-05
3.0140e-02,-0.0296875,8.03125e-05
3.0150e-02,-0.0185937,-0.0004525
3.0160e-02,-0.0110937,-0.000324688
3.0170e-02,-0.03375,-0.000111875
3.0180e-02,-0.0198438,0.000234688
3.0190e-02,-0.0276563,7.9375e-05
3.0200e-02,-0.0226562,2.1875e-05
3.0210e-02,-0.0289063,0.000313125
3.0220e-02,-0.0251563,4.875e-05
3.0230e-02,-0.0325,-0.00027625
3.0240e-02,-0.0320312,0.000125938
3.0250e-02,-0.0257812,-0.00021
3.0260e-02,-0.028125,6.28125e-05
3.0270e-02,-0.0335937,0.000200313
3.0280e-02,-0.0271875,-9.53125e-05
3.0290e-02,-0.0214063,0.000158438
3.0300e-02,-0.0271875,-0.000515
3.0310e-02,-0.026875,-0.000608438
3.0320e-02,-0.0321875,-0.000220938
3.0330e-02,-0.0370313,0.000290625
3.0340e-02,-0.0273438,3.1875e-05
3.0350e-02,-0.0228125,0.000315
3.0360e-02,-0.0275,0.000418438
3.0370e-02,-0.028125,0.000787188
3.0380e-02,-0.03,0.000377188
3.0390e-02,-0.0157813,0.000372813
3.0400e-02,-0.0371875,-0.000200625
3.0410e-02,-0.025,0.000590938
3.0420e-02,-0.0246875,0.000325313
3.0430e-02,-0.0226562,-0.000327188
3.0440e-02,-0.0335937,0.00062375
3.0450e-02,-0.034375,0.000328438
3.0460e-02,-0.0353125,0.000320625
3.0470e-02,-0.019375,8.3125e-05
3.0480e-02,-0.0384375,-0.000543125
3.0490e-02,-0.02625,-0.00028125
3.0500e-02,-0.0360938,-0.000110313
3.0510e-02,-0.0301563,-4.84375e-05
3.0520e-02,-0.03125,0.000434063
3.0530e-02,-0.0226562,0.00021375
3.0540e-02,-0.0442188,-0.000751875
3.0550e-02,-0.0370313,0.000521562
3.0560e-02,-0.0314062,0.000229375
3.0570e-02,-0.0317188,-0.00023875
3.0580e-02,-0.02375,8.625e-05
3.0590e-02,-0.0254688,-4.1875e-05
3.0600e-02,-0.031875,0.000256563
3.0610e-02,-0.023125,-0.000355
3.0620e-02,-0.028125,0.000245
3.0630e-02,-0.0253125,0.000685313
3.0640e-02,-0.041875,0.000137188
3.0650e-02,-0.018125,-0.00040625
3.0660e-02,-0.0314062,0.000590625
3.0670e-02,-0.0296875,-4.875e-05
3.0680e-02,-0.03875,-5e-05
3.0690e-02,-0.0298438,0.00077125
3.0700e-02,-0.02625,0.000678438
3.0710e-02,-0.0460938,0.000672813
3.0720e-02,-0.0239063,0.00032625
3.0730e-02,-0.0285938,-0.00011625
3.0740e-02,-0.0228125,-0.000145938
3.0750e-02,-0.0257812,-1.875e-06
3.0760e-02,-0.0307813,0.000544375
3.0770e-02,-0.0167188,-0.000295625
3.0780e-02,-0.0329688,-0.000229375
3.0790e-02,-0.0260937,3.5625e-05
3.0800e-02,-0.0279688,0.00011
3.0810e-02,-0.0242188,-0.00066375
3.0820e-02,-0.0267187,-0.000501875
3.0830e-02,-0.0334375,-0.000332813
3.0840e-02,-0.0310937,4.40625e-05
3.0850e-02,-0.0390625,-8.4375e-05
3.0860e-02,-0.0439063,-0.000842188
3.0870e-02,-0.031875,-0.00137844
3.0880e-02,-0.035,-0.000696875
3.0890e-02,-0.038125,-0.00039
3.0900e-02,-0.034375,-0.00100656
3.0910e-02,-0.0254688,0.0007425
3.0920e-02,-0.0375,-2.1875e-05
3.0930e-02,-0.03625,-4.4375e-05
3.0940e-02,-0.0334375,-3.75e-06
3.0950e-02,-0.0273438,-0.0004325
3.0960e-02,-0.031875,0.000223438
3.0970e-02,-0.0260937,-1.75e-05
3.0980e-02,-0.0245313,8.40625e-05
3.0990e-02,-0.030625,1.5625e-06
3.1000e-02,-0.026875,2.03125e-05
3.1010e-02,-0.0317188,-0.000415625
3.1020e-02,-0.0292188,5.34375e-05
3.1030e-02,-0.0464062,0.000215938
3.1040e-02,-0.0371875,-0.000185938
3.1050e-02,-0.025625,-0.000555
3.1060e-02,-0.0214063,-0.000279063
3.1070e-02,-0.0284375,0.000145
3.1080e-02,-0.0339062,-0.000109688
3.1090e-02,-0.03625,-0.000314688
3.1100e-02,-0.0290625,-0.000215625
3.1110e-02,-0.0360938,-2.9375e-05
3.1120e-02,-0.0248438,-0.000917813
3.1130e-02,-0.0329688,-0.000659063
3.1140e-02,-0.0303125,-0.000219063
3.1150e-02,-0.0321875,8.25e-05
3.1160e-02,-0.0360938,-0.000523438
3.1170e-02,-0.0417187,-0.000623125
3.1180e-02,-0.0220313,0.000429063
3.1190e-02,-0.0321875,-0.00021625
3.1200e-02,-0.0315625,-0.000204063
3.1210e-02,-0.0292188,-9.40625e-05
3.1220e-02,-0.0245313,-0.000249375
3.1230e-02,-0.0292188,-0.000270938
3.1240e-02,-0.0357813,0.000521875
3.1250e-02,-0.035625,-0.000124688
3.1260e-02,-0.0348437,1.5625e-06
3.1270e-02,-0.0278125,-0.000809375
3.1280e-02,-0.0467188,-1.15625e-05
3.1290e-02,-0.0303125,0.000498125
3.1300e-02,-0.0517188,-0.000181563
3.1310e-02,-0.0446875,-0.000144688
3.1320e-02,-0.024375,4.71875e-05
3.1330e-02,-0.03625,0.000415938
3.1340e-02,-0.029375,-7.5e-06
3.1350e-02,-0.0260937,0.00048625
3.1360e-02,-0.04875,-0.0003475
3.1370e-02,-0.0392187,-0.000464375
3.1380e-02,-0.0267187,-0.000109063
3.1390e-02,-0.0276563,-0.000615625
3.1400e-02,-0.0292188,-0.000297188
3.1410e-02,-0.0329688,-0.000173438
3.1420e-02,-0.0401563,-0.00037125
3.1430e-02,-0.043125,0.000325625
3.1440e-02,-0.0364063,-0.000178438
3.1450e-02,-0.04,0.00024875
3.1460e-02,-0.0346875,-0.0001875
3.1470e-02,-0.0382813,-0.000572187
3.1480e-02,-0.0357813,-8.90625e-05
3.1490e-02,-0.02375,0.000320938
3.1500e-02,-0.045625,-0.00015125
3.1510e-02,-0.0320312,-0.000683438
3.1520e-02,-0.0471875,-0.000333438
3.1530e-02,-0.0479688,-0.000210938
3.1540e-02,-0.0417187,0.00063
3.1550e-02,-0.0321875,0.000111563
3.1560e-02,-0.0254688,3.4375e-06
3.1570e-02,-0.0315625,0.000314688
3.1580e-02,-0.0395313,0.000290938
3.1590e-02,-0.029375,0.00034125
3.1600e-02,-0.0320312,0.000409063
3.1610e-02,-0.0425,-0.000173438
3.1620e-02,-0.0409375,0.000123438
3.1630e-02,-0.0314062,0.000396563
3.1640e-02,-0.0307813,-3.90625e-05
3.1650e-02,-0.0353125,0.000256563
3.1660e-02,-0.0370313,7e-05
3.1670e-02,-0.0379688,-0.00024375
3.1680e-02,-0.0389063,-0.000365
3.1690e-02,-0.0351562,-0.000237188
3.1700e-02,-0.0328125,-0.000206563
3.1710e-02,-0.0310937,0.000110938
3.1720e-02,-0.035625,0.000672813
3.1730e-02,-0.0284375,0.000309375
3.1740e-02,-0.0295313,0.000104063
3.1750e-02,-0.0310937,0.000159063
3.1760e-02,-0.0384375,0.000215938
3.1770e-02,-0.04,0.000271875
3.1780e-02,-0.0303125,0.000381563
3.1790e-02,-0.03875,-0.00011125
3.1800e-02,-0.0448438,-0.000317188
3.1810e-02,-0.0315625,-0.000208125
3.1820e-02,-0.0392187,0.000420313
3.1830e-02,-0.0360938,-0.000152813
3.1840e-02,-0.0542187,0.000514063
3.1850e-02,-0.0453125,-0.000364375
3.1860e-02,-0.0395313,-0.000604688
3.1870e-02,-0.0321875,-0.000356875
3.1880e-02,-0.0404687,0.000173438
3.1890e-02,-0.0390625,0.000306875
3.1900e-02,-0.0289063,0.00132688
3.1910e-02,-0.0239063,0.00054
3.1920e-02,-0.03625,-0.000139688
3.1930e-02,-0.0423437,-0.000284063
3.1940e-02,-0.0476562,-0.0004
3.1950e-02,-0.0515625,-9.03125e-05
3.1960e-02,-0.0370313,4.4375e-05
3.1970e-02,-0.0285938,-1.15625e-05
3.1980e-02,-0.0271875,-0.000248125
3.1990e-02,-0.0345312,-5.125e-05
3.2000e-02,-0.033125,-7.125e-05
3.2010e-02,-0.036875,0.000274063
3.2020e-02,-0.048125,0.000664375
3.2030e-02,-0.0401563,0.000739063
3.2040e-02,-0.0379688,-0.000123125
3.2050e-02,-0.0342187,-0.000260938
3.2060e-02,-0.0439063,-0.000481563
3.2070e-02,-0.0321875,-0.000156875
3.2080e-02,-0.0360938,0.000633125
3.2090e-02,-0.030625,0.000617188
3.2100e-02,-0.044375,-0.000400938
3.2110e-02,-0.030625,-0.00031
3.2120e-02,-0.0345312,-0.000407813
3.2130e-02,-0.0517188,-0.000936563
3.2140e-02,-0.0420312,5.15625e-05
3.2150e-02,-0.0385937,0.000446563
3.2160e-02,-0.0432813,0.000103438
3.2170e-02,-0.0353125,-0.000200625
3.2180e-02,-0.035625,-0.00084375
3.2190e-02,-0.0409375,-0.000655938
3.2200e-02,-0.0478125,0.000130625
3.2210e-02,-0.04125,0.000538125
3.2220e-02,-0.0434375,0.00107219
3.2230e-02,-0.0364063,0.000156875
3.2240e-02,-0.036875,-0.000529375
3.2250e-02,-0.04,-0.000994688
3.2260e-02,-0.0410937,-0.00032375
3.2270e-02,-0.0325,0.0004275
3.2280e-02,-0.044375,0.00113625
3.2290e-02,-0.0435938,0.00100844
3.2300e-02,-0.0271875,-0.000168125
3.2310e-02,-0.0415625,-0.00144625
3.2320e-02,-0.0251563,-0.00133594
3.2330e-02,-0.0435938,-0.000150625
3.2340e-02,-0.0407813,0.00183406
3.2350e-02,-0.0342187,0.00123906
3.2360e-02,-0.04125,-0.000372813
3.2370e-02,-0.0276563,-0.00141031
3.2380e-02,-0.0371875,-0.00147375
3.2390e-02,-0.0398437,-0.0006825
3.2400e-02,-0.0385937,0.0009525
3.2410e-02,-0.0334375,0.00190438
3.2420e-02,-0.0448438,0.00115688
3.2430e-02,-0.03125,0.0004025
3.2440e-02,-0.0460938,-0.00160125
3.2450e-02,-0.0414063,-0.00197406
3.2460e-02,-0.0367188,-0.00014625
3.2470e-02,-0.0289063,0.001775
3.2480e-02,-0.0345312,0.00192625
3.2490e-02,-0.04,0.00129938
3.2500e-02,-0.036875,-0.000326563
3.2510e-02,-0.035,-0.00153688
3.2520e-02,-0.0403125,-0.0011
3.2530e-02,-0.039375,0.000129688
3.2540e-02,-0.0501562,0.0008
3.2550e-02,-0.0464062,0.00120625
3.2560e-02,-0.0251563,0.000152188
3.2570e-02,-0.0279688,-0.00140938
3.2580e-02,-0.0459375,-0.00134563
3.2590e-02,-0.0390625,-0.000329375
3.2600e-02,-0.0507812,0.000824375
3.2610e-02,-0.049375,0.00174563
3.2620e-02,-0.0604688,0.00131375
3.2630e-02,-0.0364063,-6.84375e-05
3.2640e-02,-0.034375,-0.00167313
3.2650e-02,-0.0425,-0.000703438
3.2660e-02,-0.0485938,0.000462188
3.2670e-02,-0.0373438,0.00155406
3.2680e-02,-0.0471875,0.00229844
3.2690e-02,-0.0428125,0.00101313
3.2700e-02,-0.0373438,-0.000878125
3.2710e-02,-0.0298438,-0.000975938
3.2720e-02,-0.0378125,-0.000690625
3.2730e-02,-0.0395313,-0.00058375
3.2740e-02,-0.0367188,0.00132094
3.2750e-02,-0.0432813,0.000683438
3.2760e-02,-0.0426562,-0.000515938
3.2770e-02,-0.028125,-0.00126844
3.2780e-02,-0.03375,-0.00074625
3.2790e-02,-0.0328125,0.000162188
3.2800e-02,-0.0470312,0.000571563
3.2810e-02,-0.048125,0.000470938
3.2820e-02,-0.0503125,0.000835938
3.2830e-02,-0.0354688,-0.000793438
3.2840e-02,-0.0439063,-0.000696875
3.2850e-02,-0.0425,0.000124375
3.2860e-02,-0.0520313,7.1875e-06
3.2870e-02,-0.044375,0.0009125
3.2880e-02,-0.044375,0.000635938
3.2890e-02,-0.0303125,-0.000119375
3.2900e-02,-0.0495312,-0.000414063
3.2910e-02,-0.044375,-0.000864063
3.2920e-02,-0.0417187,0.000135625
3.2930e-02,-0.0389063,0.00055375
3.2940e-02,-0.0409375,0.000584688
3.2950e-02,-0.0435938,-0.000255938
3.2960e-02,-0.0398437,-0.000187188
3.2970e-02,-0.0439063,-0.000163438
3.2980e-02,-0.0507812,2.1875e-06
3.2990e-02,-0.0459375,0.000304375
3.3000e-02,-0.040625,0.000218125
3.3010e-02,-0.0315625,0.0002825
3.3020e-02,-0.0298438,-0.00031125
3.3030e-02,-0.0428125,-0.000513125
3.3040e-02,-0.0457813,0.000239063
3.3050e-02,-0.0296875,0.00057875
3.3060e-02,-0.0376563,0.000238438
3.3070e-02,-0.0357813,0.000677188
3.3080e-02,-0.0307813,-0.000187188
3.3090e-02,-0.044375,-0.000744063
3.3100e-02,-0.03,-0.000718125
3.3110e-02,-0.0428125,-0.000384688
3.3120e-02,-0.039375,-0.000263437
3.3130e-02,-0.0425,0.00143219
3.3140e-02,-0.044375,0.000677813
3.3150e-02,-0.050625,-8.125e-05
3.3160e-02,-0.04,-0.000567188
3.3170e-02,-0.0351562,-0.000480938
3.3180e-02,-0.03875,-0.000529687
3.3190e-02,-0.02625,-0.000262813
3.3200e-02,-0.0442188,-6.3125e-05
3.3210e-02,-0.0484375,-5.28125e-05
3.3220e-02,-0.0473438,-0.000338438
3.3230e-02,-0.043125,-0.000343125
3.3240e-02,-0.0345312,-0.000342188
3.3250e-02,-0.0404687,-5.96875e-05
3.3260e-02,-0.0425,0.000161563
3.3270e-02,-0.0460938,-0.000259688
3.3280e-02,-0.0340625,-0.000844375
3.3290e-02,-0.03875,0.000153438
3.3300e-02,-0.0420312,-0.000639063
3.3310e-02,-0.0425,0.00073625
3.3320e-02,-0.026875,0.000456875
3.3330e-02,-0.0303125,0.0006375
3.3340e-02,-0.036875,0.000300313
3.3350e-02,-0.0390625,8.84375e-05
3.3360e-02,-0.0365625,-0.000127813
3.3370e-02,-0.0375,-0.000594688
3.3380e-02,-0.0373438,0.000246563
3.3390e-02,-0.0454688,0.000265938
3.3400e-02,-0.044375,0.0004425
3.3410e-02,-0.0420312,-6.6875e-05
3.3420e-02,-0.0440625,-0.000255938
3.3430e-02,-0.0367188,-0.00025375
3.3440e-02,-0.0465625,0.000381875
3.3450e-02,-0.0476562,0.000396875
3.3460e-02,-0.0360938,0.000317188
3.3470e-02,-0.0484375,-0.000331875
3.3480e-02,-0.0451563,6.09375e-05
3.3490e-02,-0.0404687,-3.75e-06
3.3500e-02,-0.0345312,-0.00046625
3.3510e-02,-0.0492188,-1.21875e-05
3.3520e-02,-0.0315625,-0.000495
3.3530e-02,-0.0378125,0.000917813
3.3540e-02,-0.0576563,0.000701563
3.3550e-02,-0.0359375,0.000148438
3.3560e-02,-0.0328125,-0.000236563
3.3570e-02,-0.0459375,-0.000692188
3.3580e-02,-0.0528125,0.00045125
3.3590e-02,-0.046875,0.000970938
3.3600e-02,-0.04,0.000356875
3.3610e-02,-0.0453125,0.000197188
3.3620e-02,-0.0328125,0.000103125
3.3630e-02,-0.0496875,-0.000152813
3.3640e-02,-0.0375,-0.00019125
3.3650e-02,-0.0385937,-8.875e-05
3.3660e-02,-0.0342187,0.000188125
3.3670e-02,-0.0340625,0.000115625
3.3680e-02,-0.0495312,-0.000105625
3.3690e-02,-0.0551563,0.000513125
3.3700e-02,-0.041875,0.000750313
3.3710e-02,-0.0446875,0.000830625
3.3720e-02,-0.0409375,0.000232813
3.3730e-02,-0.0432813,0.000445313
3.3740e-02,-0.0342187,-0.00035
3.3750e-02,-0.050625,-3.71875e-05
3.3760e-02,-0.0421875,-0.000295938
3.3770e-02,-0.0453125,-0.000475938
3.3780e-02,-0.0467188,6.3125e-05
3.3790e-02,-0.0489062,0.000171563
3.3800e-02,-0.0473438,-6.1875e-05
3.3810e-02,-0.0367188,0.000811563
3.3820e-02,-0.0357813,0.000495938
3.3830e-02,-0.0371875,5e-06
3.3840e-02,-0.0426562,0.000155625
3.3850e-02,-0.0285938,0.000263125
3.3860e-02,-0.0423437,-0.000170938
3.3870e-02,-0.05375,0.000307813
3.3880e-02,-0.0457813,-0.000213438
3.3890e-02,-0.0414063,-0.00025875
3.3900e-02,-0.05125,-6e-05
3.3910e-02,-0.0376563,0.000213125
3.3920e-02,-0.0421875,-0.000239375
3.3930e-02,-0.04,0.000674375
3.3940e-02,-0.0459375,0.000123438
3.3950e-02,-0.0451563,0.000664688
3.3960e-02,-0.0434375,-8.375e-05
3.3970e-02,-0.0564063,0.000155313
3.3980e-02,-0.0407813,0.000132188
3.3990e-02,-0.0435938,0.000605938
3.4000e-02,-0.0421875,-4.25e-05
3.4010e-02,-0.0373438,0.000169375
3.4020e-02,-0.0385937,0.000142813
3.4030e-02,-0.0501562,-0.000105313
3.4040e-02,-0.0404687,0.000164375
3.4050e-02,-0.0471875,-9.0625e-05
3.4060e-02,-0.0476562,7.4375e-05
3.4070e-02,-0.036875,-0.000776563
3.4080e-02,-0.0435938,0.00034
3.4090e-02,-0.0345312,0.000294062
3.4100e-02,-0.028125,0.000203125
3.4110e-02,-0.0392187,0.000665938
3.4120e-02,-0.0492188,-6.4375e-05
3.4130e-02,-0.0442188,-9.28125e-05
3.4140e-02,-0.045,0.00031125
3.4150e-02,-0.0475,-3.84375e-05
3.4160e-02,-0.05,0.000145625
3.4170e-02,-0.0503125,-2.40625e-05
3.4180e-02,-0.0484375,-0.000506875
3.4190e-02,-0.0395313,-0.000174063
3.4200e-02,-0.0460938,0.000308438
3.4210e-02,-0.0532813,-5.1875e-05
3.4220e-02,-0.046875,0.000130313
3.4230e-02,-0.0571875,-0.000400313
3.4240e-02,-0.0525,0.000116875
3.4250e-02,-0.0590625,0.000240313
3.4260e-02,-0.0470312,3.0625e-05
3.4270e-02,-0.0475,0.000215938
3.4280e-02,-0.0417187,-0.000112188
3.4290e-02,-0.0426562,0.00049375
3.4300e-02,-0.0514063,6.6875e-05
3.4310e-02,-0.0440625,-0.000223438
3.4320e-02,-0.0326562,-0.000676875
3.4330e-02,-0.0460938,-0.000778125
3.4340e-02,-0.0348437,-7.6875e-05
3.4350e-02,-0.0504687,-0.000129375
3.4360e-02,-0.044375,4.09375e-05
3.4370e-02,-0.0525,0.000517813
3.4380e-02,-0.048125,-0.0003475
3.4390e-02,-0.0351562,0.000280625
3.4400e-02,-0.0504687,-0.00061875
3.4410e-02,-0.0584375,-8.1875e-05
3.4420e-02,-0.0534375,-0.000125938
3.4430e-02,-0.03625,8.4375e-06
3.4440e-02,-0.0451563,-0.00031875
3.4450e-02,-0.0534375,-1.71875e-05
3.4460e-02,-0.040625,-0.000384688
3.4470e-02,-0.043125,-9.40625e-05
3.4480e-02,-0.0415625,-0.000643438
3.4490e-02,-0.04125,-0.000257813
3.4500e-02,-0.04125,-0.000189063
3.4510e-02,-0.0403125,-0.00061125
3.4520e-02,-0.04125,0.000164063
3.4530e-02,-0.04,-0.000781563
3.4540e-02,-0.045,-0.000314063
3.4550e-02,-0.0403125,-8.65625e-05
3.4560e-02,-0.045,0.00033875
3.4570e-02,-0.0514063,0.000397188
3.4580e-02,-0.0403125,-7.15625e-05
3.4590e-02,-0.0428125,0.00012375
3.4600e-02,-0.0471875,0.000434375
3.4610e-02,-0.055,-0.000159375
3.4620e-02,-0.0495312,5.125e-05
3.4630e-02,-0.0442188,-0.000136563
3.4640e-02,-0.0457813,0.00024375
3.4650e-02,-0.0414063,-0.000162188
3.4660e-02,-0.0503125,-0.000399688
3.4670e-02,-0.0421875,0.000444375
3.4680e-02,-0.0448438,-0.000517813
3.4690e-02,-0.0514063,0.000387813
3.4700e-02,-0.0464062,-7.84375e-05
3.4710e-02,-0.0473438,-0.000119063
3.4720e-02,-0.0398437,0.000126875
3.4730e-02,-0.0510938,-0.0009525
3.4740e-02,-0.0435938,-0.00045125
3.4750e-02,-0.0515625,0.000162813
3.4760e-02,-0.045625,-1.34375e-05
3.4770e-02,-0.0403125,-0.000430938
3.4780e-02,-0.0385937,-0.000380313
3.4790e-02,-0.0520313,0.000774063
3.4800e-02,-0.0345312,0.000262187
3.4810e-02,-0.04375,0.000532187
3.4820e-02,-0.0404687,0.0003975
3.4830e-02,-0.0428125,0.000711875
3.4840e-02,-0.0464062,-0.000175625
3.4850e-02,-0.0478125,7.21875e-05
3.4860e-02,-0.0439063,3.3125e-05
3.4870e-02,-0.0521875,-0.000255625
3.4880e-02,-0.0442188,1.96875e-05
3.4890e-02,-0.0375,0.000607813
3.4900e-02,-0.0373438,0.000568125
3.4910e-02,-0.0509375,0.000605625
3.4920e-02,-0.0409375,0.0002025
3.4930e-02,-0.0451563,0.00116625
3.4940e-02,-0.03625,-0.000365
3.4950e-02,-0.045625,-6.28125e-05
3.4960e-02,-0.0301563,-0.000177188
3.4970e-02,-0.0315625,-0.000204063
3.4980e-02,-0.0520313,8.71875e-05
3.4990e-02,-0.0365625,4.3125e-05
3.5000e-02,-0.0304688,-0.000146875
3.5010e-02,-0.0471875,0.000227813
3.5020e-02,-0.0420312,-8.28125e-05
3.5030e-02,-0.0445313,-0.000237813
3.5040e-02,-0.0370313,-0.000350625
3.5050e-02,-0.0392187,0.000535313
3.5060e-02,-0.0532813,-0.0003925
3.5070e-02,-0.0470312,-0.000177813
3.5080e-02,-0.045625,-0.00020125
3.5090e-02,-0.04375,0.000205625
3.5100e-02,-0.0604688,-0.000511875
3.5110e-02,-0.0329688,0.000529063
3.5120e-02,-0.0453125,-6.28125e-05
3.5130e-02,-0.0395313,0.000278125
3.5140e-02,-0.0398437,0.000721875
3.5150e-02,-0.04625,0.000187813
3.5160e-02,-0.0570313,0.000636563
3.5170e-02,-0.0428125,0.00025
3.5180e-02,-0.0448438,0.000415625
3.5190e-02,-0.0432813,-0.000160938
3.5200e-02,-0.0495312,-0.000191563
3.5210e-02,-0.05,8.09375e-05
3.5220e-02,-0.0532813,0.0005375
3.5230e-02,-0.0470312,-0.0001625
3.5240e-02,-0.0440625,5.1875e-05
3.5250e-02,-0.0542187,-0.000311563
3.5260e-02,-0.0525,-0.000116563
3.5270e-02,-0.0407813,-5.8125e-05
3.5280e-02,-0.03625,-0.000216875
3.5290e-02,-0.0360938,-0.000218125
3.5300e-02,-0.0401563,-0.000238125
3.5310e-02,-0.0404687,-0.000389375
3.5320e-02,-0.053125,-0.000201563
3.5330e-02,-0.0501562,0.000178125
3.5340e-02,-0.0429688,1.875e-06
3.5350e-02,-0.036875,-0.000371563
3.5360e-02,-0.0482812,0.000304687
3.5370e-02,-0.0375,0.000405313
3.5380e-02,-0.038125,0.000167188
3.5390e-02,-0.0476562,0.00012625
3.5400e-02,-0.0389063,-0.000194063
3.5410e-02,-0.0435938,0.000246563
3.5420e-02,-0.0460938,0.00038625
3.5430e-02,-0.043125,9.09375e-05
3.5440e-02,-0.0360938,0.000139062
3.5450e-02,-0.04625,0.00062375
3.5460e-02,-0.0384375,0.000125625
3.5470e-02,-0.0479688,-8.59375e-05
3.5480e-02,-0.0407813,-2.21875e-05
3.5490e-02,-0.0392187,1.65625e-05
3.5500e-02,-0.0460938,-7.5e-06
3.5510e-02,-0.0454688,-8.59375e-05
3.5520e-02,-0.0326562,0.000119688
3.5530e-02,-0.0295313,0.000325313
3.5540e-02,-0.0371875,0.000262813
3.5550e-02,-0.0425,8.5625e-05
3.5560e-02,-0.0401563,5.5625e-05
3.5570e-02,-0.0476562,0.00027625
3.5580e-02,-0.054375,0.000155313
3.5590e-02,-0.05,-5.71875e-05
3.5600e-02,-0.045,0.000346875
3.5610e-02,-0.0496875,0.000153125
3.5620e-02,-0.04875,-8.125e-06
3.5630e-02,-0.0465625,0.000645938
3.5640e-02,-0.035625,6.78125e-05
3.5650e-02,-0.0423437,-0.000240938
3.5660e-02,-0.0457813,0.000468438
3.5670e-02,-0.049375,0.000437188
3.5680e-02,-0.0453125,0.000236563
3.5690e-02,-0.03375,0.000307813
3.5700e-02,-0.0398437,-1.625e-05
3.5710e-02,-0.0453125,-0.000145625
3.5720e-02,-0.0535937,-0.0006175
3.5730e-02,-0.0535937,-0.000100625
3.5740e-02,-0.0504687,0.000226875
3.5750e-02,-0.0542187,8.8125e-05
3.5760e-02,-0.0459375,0.000274688
3.5770e-02,-0.055,0.000269688
3.5780e-02,-0.05,8.90625e-05
3.5790e-02,-0.0404687,-1.46875e-05
3.5800e-02,-0.039375,-6.6875e-05
3.5810e-02,-0.0464062,-0.000476563
3.5820e-02,-0.0273438,-0.000328125
3.5830e-02,-0.0525,-3.03125e-05
3.5840e-02,-0.0409375,-0.000255
3.5850e-02,-0.05125,0.000122813
3.5860e-02,-0.0529687,-0.000310625
3.5870e-02,-0.0407813,0.000598438
3.5880e-02,-0.0396875,0.00048875
3.5890e-02,-0.045625,0.000464688
3.5900e-02,-0.0417187,-0.000148125
3.5910e-02,-0.0473438,-0.0007425
3.5920e-02,-0.0373438,-0.000297813
3.5930e-02,-0.0439063,-0.000555
3.5940e-02,-0.0529687,0.000332188
3.5950e-02,-0.0514063,-1.84375e-05
3.5960e-02,-0.051875,-0.000131875
3.5970e-02,-0.04625,-0.000765938
3.5980e-02,-0.040625,-0.000234063
3.5990e-02,-0.0478125,-0.000254063
3.6000e-02,-0.0421875,-7.46875e-05
3.6010e-02,-0.0610938,8.34375e-05
3.6020e-02,-0.0410937,0.00027625
3.6030e-02,-0.050625,0
3.6040e-02,-0.0425,-0.000347813
3.6050e-02,-0.0365625,0.000131875
3.6060e-02,-0.0528125,-0.00045125
3.6070e-02,-0.0535937,4.5625e-05
3.6080e-02,-0.0465625,0.000465938
3.6090e-02,-0.0409375,0.000441563
3.6100e-02,-0.0470312,0.000105625
3.6110e-02,-0.056875,0.000220938
3.6120e-02,-0.0525,0.000390938
3.6130e-02,-0.0457813,0.00070125
3.6140e-02,-0.0367188,-0.00021125
3.6150e-02,-0.0471875,0.000524375
3.6160e-02,-0.0401563,-0.000315625
3.6170e-02,-0.0521875,-0.00012875
3.6180e-02,-0.0507812,-0.000500938
3.6190e-02,-0.0520313,5.28125e-05
3.6200e-02,-0.0426562,0.000390313
3.6210e-02,-0.0446875,0.00070625
3.6220e-02,-0.0473438,0.00036625
3.6230e-02,-0.035,-6.03125e-05
3.6240e-02,-0.04625,-4.46875e-05
3.6250e-02,-0.0464062,0.00035875
3.6260e-02,-0.0445313,0.000641875
3.6270e-02,-0.051875,0.00102094
3.6280e-02,-0.0432813,6.25e-05
3.6290e-02,-0.0534375,-0.000205313
3.6300e-02,-0.0378125,-0.000310938
3.6310e-02,-0.0584375,-0.000518438
3.6320e-02,-0.0457813,-0.000629063
3.6330e-02,-0.0403125,0.000273125
3.6340e-02,-0.0473438,0.000873125
3.6350e-02,-0.0551563,0.0006725
3.6360e-02,-0.0534375,-0.000539375
3.6370e-02,-0.04125,-0.00015
3.6380e-02,-0.0390625,-3.75e-05
3.6390e-02,-0.036875,0.000532187
3.6400e-02,-0.0425,0.00106219
3.6410e-02,-0.050625,0.0010575
3.6420e-02,-0.0403125,0.000877188
3.6430e-02,-0.0459375,0.000979063
3.6440e-02,-0.0496875,0.00106938
3.6450e-02,-0.0484375,0.000933438
3.6460e-02,-0.0595313,0.000943438
3.6470e-02,-0.0446875,0.00113094
3.6480e-02,-1.76891,0.000228438
3.6490e-02,-1.52422,-0.00476219
3.6500e-02,-1.00609,-0.00619156
3.6510e-02,0.917188,-0.00704594
3.6520e-02,-0.450781,-0.00743406
3.6530e-02,0.0970312,-0.00721031
3.6540e-02,0.110625,-0.00707875
3.6550e-02,0.085,-0.00721688
3.6560e-02,0.0720312,-0.00723344
3.6570e-02,0.0748438,-0.0074075
3.6580e-02,0.0484375,-0.00718
3.6590e-02,0.045,-0.00705656
3.6600e-02,0.0546875,-0.0072625
3.6610e-02,0.0573437,-0.00710656
3.6620e-02,0.0353125,-0.00712625
3.6630e-02,0.0234375,-0.00721406
3.6640e-02,0.02625,-0.00709063
3.6650e-02,0.02,-0.00700344
3.6660e-02,0.020625,-0.00691531
3.6670e-02,0.0282812,-0.00681063
3.6680e-02,0.0171875,-0.00702156
3.6690e-02,0.0145312,-0.00697719
3.6700e-02,0.025,-0.00703875
3.6710e-02,0.010625,-0.00694875
3.6720e-02,0.0134375,-0.006645
3.6730e-02,0.015625,-0.00713844
3.6740e-02,0.0279688,-0.00244656
3.6750e-02,0.0167188,0.000147188
3.6760e-02,0.00546875,0.000174375
3.6770e-02,0.0117188,-0.00133094
3.6780e-02,0.0184375,-0.00249656
3.6790e-02,0.0121875,-0.00207813
3.6800e-02,0.0075,-7.3125e-05
3.6810e-02,-0.00203125,0.00124938
3.6820e-02,-0.00703125,0.00133125
3.6830e-02,0.0009375,0.000137188
3.6840e-02,0.010625,-0.00107063
3.6850e-02,-0.00171875,-0.00166188
3.6860e-02,0.00078125,-0.00117719
3.6870e-02,0.00984375,0.000874063
3.6880e-02,0.00109375,0.00139344
3.6890e-02,0.00015625,0.000696875
3.6900e-02,-0.006875,-0.000480313
3.6910e-02,-0.00109375,-0.00086875
3.6920e-02,0.0109375,-0.000103125
3.6930e-02,0.000625,-0.000500938
3.6940e-02,-0.0145312,0.000816563
3.6950e-02,0.00375,0.000232813
3.6960e-02,-0.001875,0.000346875
3.6970e-02,0.0003125,-0.0003925
3.6980e-02,0.000625,-0.000430313
3.6990e-02,-0.00515625,0.000147188
3.7000e-02,-0.00578125,0.0007725
3.7010e-02,-0.00796875,0.00119844
3.7020e-02,-0.00484375,0.00101125
3.7030e-02,0.001875,0.000427813
3.7040e-02,-0.00734375,-0.000572187
3.7050e-02,-0.00421875,-0.000828438
3.7060e-02,-0.0154687,0.000118125
3.7070e-02,-0.00921875,-0.000135938
3.7080e-02,-0.00984375,0.000509063
3.7090e-02,-0.0134375,-0.000323438
3.7100e-02,-0.00375,-0.000269375
3.7110e-02,-0.00640625,-0.000321875
3.7120e-02,-0.0117188,0.000336875
3.7130e-02,-0.0110937,0.000374063
3.7140e-02,-0.0132813,0.00136063
3.7150e-02,-0.0132813,0.00043625
3.7160e-02,-0.01125,-0.00013875
3.7170e-02,-0.00265625,-0.000126875
3.7180e-02,-0.015625,-0.0001975
3.7190e-02,-0.0078125,5.28125e-05
3.7200e-02,-0.0182812,0.000315
3.7210e-02,0.00171875,0.000465
3.7220e-02,-0.0135937,0.00013375
3.7230e-02,-0.00140625,-0.000343438
3.7240e-02,-0.00921875,-0.0001175
3.7250e-02,-0.0078125,-0.000529063
3.7260e-02,-0.00671875,-0.00064875
3.7270e-02,-0.01875,0.000173125
3.7280e-02,-0.0178125,-0.000154375
3.7290e-02,-0.006875,0.000363125
3.7300e-02,-0.00453125,-0.000344375
3.7310e-02,-0.01375,-6.5e-05
3.7320e-02,-0.004375,-0.00050625
3.7330e-02,-0.0123438,0.000472813
3.7340e-02,-0.0235938,0.0004025
3.7350e-02,-0.015625,0.00029125
3.7360e-02,-0.00875,-0.000285938
3.7370e-02,-0.0217188,-0.0001475
3.7380e-02,-0.0145312,-0.000241875
3.7390e-02,-0.0096875,-0.000354688
3.7400e-02,-0.020625,-7.5625e-05
3.7410e-02,-0.01875,0.000391875
3.7420e-02,-0.0148437,0.0006975
3.7430e-02,-0.0176563,0.000100313
3.7440e-02,-0.0235938,-0.000726563
3.7450e-02,-0.0228125,-0.000175625
3.7460e-02,-0.0170313,-0.000521562
3.7470e-02,-0.0265625,-1.1875e-05
3.7480e-02,-0.0148437,0.000388438
3.7490e-02,-0.0225,0.00037
3.7500e-02,-0.00828125,-0.00018125
3.7510e-02,-0.0207813,-0.000359063
3.7520e-02,-0.0198438,7.46875e-05
3.7530e-02,-0.0220313,0.000385313
3.7540e-02,-0.02125,0.000499063
3.7550e-02,-0.01875,-0.000100625
3.7560e-02,-0.0282813,0.000378438
3.7570e-02,-0.0207813,0.000339375
3.7580e-02,-0.0310937,-0.000167188
3.7590e-02,-0.0175,0.000314375
3.7600e-02,-0.0160938,0.000139375
3.7610e-02,-0.0140625,0.00024375
3.7620e-02,-0.016875,-0.000254375
3.7630e-02,-0.0173438,-0.000764375
3.7640e-02,-0.0267187,-0.0006275
3.7650e-02,-0.034375,-0.000280625
3.7660e-02,-0.0164063,0.000277188
3.7670e-02,-0.0209375,0.000315625
3.7680e-02,-0.0153125,0.00057625
3.7690e-02,-0.0271875,0.0006975
3.7700e-02,-0.0195312,0.000544063
3.7710e-02,-0.0157813,-1.375e-05
3.7720e-02,-0.02375,-0.000233125
3.7730e-02,-0.00515625,0.000491875
3.7740e-02,-0.0176563,0.000159375
3.7750e-02,-0.0307813,-0.000633125
3.7760e-02,-0.01875,0.000174688
3.7770e-02,-0.0428125,9.78125e-05
3.7780e-02,-0.0182812,-0.000293125
3.7790e-02,-0.025625,0.000180313
3.7800e-02,-0.0165625,-0.000157188
3.7810e-02,-0.0360938,-0.000255938
3.7820e-02,-0.0221875,-7.625e-05
3.7830e-02,-0.0321875,0.0001
3.7840e-02,-0.0332812,0.000303125
3.7850e-02,-0.005,-0.000270938
3.7860e-02,-0.005625,0.000305938
3.7870e-02,-0.0220313,7.0625e-05
3.7880e-02,-0.0223437,0.000379063
3.7890e-02,-0.0301563,-0.000377813
3.7900e-02,-0.0314062,3.84375e-05
3.7910e-02,-0.0251563,0.000535313
3.7920e-02,-0.0232812,0.000368438
3.7930e-02,-0.0304688,0.00036875
3.7940e-02,-0.038125,-5.9375e-05
3.7950e-02,-0.018125,2.1875e-06
3.7960e-02,-0.023125,-0.00085875
3.7970e-02,-0.0253125,7.6875e-05
3.7980e-02,-0.0209375,0.00012625
3.7990e-02,-0.0107813,0.00032375
3.8000e-02,-0.025625,0.000483125
3.8010e-02,-0.0382813,0.000122188
3.8020e-02,-0.0225,-5.3125e-05
3.8030e-02,-0.0176563,0.000361563
3.8040e-02,-0.0315625,0.000556563
3.8050e-02,-0.0164063,0.000557813
3.8060e-02,-0.0164063,0.000259375
3.8070e-02,-0.0207813,-0.000527813
3.8080e-02,-0.0265625,0.000339063
3.8090e-02,-0.0310937,-0.000417813
3.8100e-02,-0.0226562,5.5e-05
3.8110e-02,-0.0239063,-0.00019875
3.8120e-02,-0.0275,0.000145313
3.8130e-02,-0.02625,-0.000411875
3.8140e-02,-0.041875,-6.3125e-05
3.8150e-02,-0.024375,0.000404063
3.8160e-02,-0.023125,0.000302188
3.8170e-02,-0.0229687,-0.0001725
3.8180e-02,-0.031875,-0.000465313
3.8190e-02,-0.028125,-7.09375e-05
3.8200e-02,-0.0276563,0.000185938
3.8210e-02,-0.028125,-0.000129375
3.8220e-02,-0.0209375,-0.000196563
3.8230e-02,-0.0421875,0.000344688
3.8240e-02,-0.0209375,-0.000150625
3.8250e-02,-0.025,0.000260938
3.8260e-02,-0.0267187,0.000250313
3.8270e-02,-0.0348437,0.000466563
3.8280e-02,-0.035,-9.9375e-05
3.8290e-02,-0.0303125,0.000491875
3.8300e-02,-0.0325,0.000376563
3.8310e-02,-0.0309375,0.000523438
3.8320e-02,-0.0245313,-0.000159063
3.8330e-02,-0.0332812,0.000363438
3.8340e-02,-0.0225,-6.25e-07
3.8350e-02,-0.0378125,0.000123438
3.8360e-02,-0.0175,9.4375e-05
3.8370e-02,-0.0351562,-0.000414063
3.8380e-02,-0.0253125,7.375e-05
3.8390e-02,-0.029375,5.5625e-05
3.8400e-02,-0.0378125,-0.000269063
3.8410e-02,-0.0154687,0.000360313
3.8420e-02,-0.031875,-9.15625e-05
3.8430e-02,-0.0303125,-0.000119688
3.8440e-02,-0.0315625,0.000355938
3.8450e-02,-0.0271875,0.000379688
3.8460e-02,-0.029375,0.000174688
3.8470e-02,-0.0314062,-2.71875e-05
3.8480e-02,-0.0414063,5.28125e-05
3.8490e-02,-0.0259375,0.000654375
3.8500e-02,-0.0298438,2.59375e-05
3.8510e-02,-0.041875,0.000181875
3.8520e-02,-0.0298438,0.000169375
3.8530e-02,-0.0253125,0.000199063
3.8540e-02,-0.03625,0.000161563
3.8550e-02,-0.0317188,0.000718125
3.8560e-02,-0.0289063,5.125e-05
3.8570e-02,-0.021875,0.00048625
3.8580e-02,-0.0335937,-0.000220625
3.8590e-02,-0.0332812,-0.00034375
3.8600e-02,-0.035625,0.000463125
3.8610e-02,-0.0309375,-0.000372813
3.8620e-02,-0.0284375,-2.1875e-05
3.8630e-02,-0.0407813,-4.0625e-06
3.8640e-02,-0.0296875,0.00024875
3.8650e-02,-0.0325,-0.000315313
3.8660e-02,-0.0357813,-9.21875e-05
3.8670e-02,-0.0204688,0.00057625
3.8680e-02,-0.0323438,0.000274063
3.8690e-02,-0.0342187,-1.75e-05
3.8700e-02,-0.0278125,-1.4375e-05
3.8710e-02,-0.0382813,0.00078125
3.8720e-02,-0.0410937,0.000311875
3.8730e-02,-0.0404687,0.000354688
3.8740e-02,-0.0398437,-0.000300625
3.8750e-02,-0.035625,9.75e-05
3.8760e-02,-0.025625,-0.000164375
3.8770e-02,-0.0278125,0.000398125
3.8780e-02,-0.0342187,0.000307813
3.8790e-02,-0.0357813,-0.000212188
3.8800e-02,-0.0342187,0.000228438
3.8810e-02,-0.0398437,-7.28125e-05
3.8820e-02,-0.0270312,-0.000262813
3.8830e-02,-0.0217188,-0.000116563
3.8840e-02,-0.0282813,0.000238125
3.8850e-02,-0.04125,0.000181563
3.8860e-02,-0.0304688,0.000239688
3.8870e-02,-0.0339062,-0.000165
3.8880e-02,-0.033125,0.000473438
3.8890e-02,-0.0267187,5.3125e-06
3.8900e-02,-0.0315625,0.000210938
3.8910e-02,-0.0415625,0.000333438
3.8920e-02,-0.023125,-0.000150313
3.8930e-02,-0.0364063,0.00039375
3.8940e-02,-0.0351562,7.84375e-05
3.8950e-02,-0.0190625,-0.000325313
3.8960e-02,-0.0260937,-0.0009075
3.8970e-02,-0.0328125,0.000270938
3.8980e-02,-0.0367188,-0.000170313
3.8990e-02,-0.0371875,-0.000554063
3.9000e-02,-0.0267187,-0.000162813
3.9010e-02,-0.0403125,-0.000251562
3.9020e-02,-0.0275,-0.000212813
3.9030e-02,-0.0401563,0.000160938
3.9040e-02,-0.0346875,-0.00038
3.9050e-02,-0.0415625,-2.15625e-05
3.9060e-02,-0.0334375,0.000502188
3.9070e-02,-0.0367188,-0.000355938
3.9080e-02,-0.04375,0.000343438
3.9090e-02,-0.0325,0.00027
3.9100e-02,-0.04375,0.000419375
3.9110e-02,-0.038125,0.000995
3.9120e-02,-0.0321875,0.000251562
3.9130e-02,-0.0409375,8.25e-05
3.9140e-02,-0.034375,0.000354063
3.9150e-02,-0.0303125,1.53125e-05
3.9160e-02,-0.0273438,0.000406875
3.9170e-02,-0.0384375,0.000331563
3.9180e-02,-0.026875,0.0004675
3.9190e-02,-0.0367188,0.000295625
3.9200e-02,-0.02875,-0.00045125
3.9210e-02,-0.0265625,3.03125e-05
3.9220e-02,-0.0354688,0.000263437
3.9230e-02,-0.0429688,0.000195625
3.9240e-02,-0.0342187,0.000124063
3.9250e-02,-0.0290625,-0.00016
3.9260e-02,-0.0253125,-7.9375e-05
3.9270e-02,-0.0398437,0.000149063
3.9280e-02,-0.0348437,-4.375e-06
3.9290e-02,-0.0348437,0.000601875
3.9300e-02,-0.0365625,0.000515625
3.9310e-02,-0.0359375,7.84375e-05
3.9320e-02,-0.0415625,0.000263437
3.9330e-02,-0.0454688,0.000495
3.9340e-02,-0.038125,0.000261875
3.9350e-02,-0.045,0.000268438
3.9360e-02,-0.0404687,0.000369063
3.9370e-02,-0.040625,0.000550313
3.9380e-02,-0.0307813,0.000343438
3.9390e-02,-0.0292188,-0.000229375
3.9400e-02,-0.0320312,-7.375e-05
3.9410e-02,-0.04,-0.00033
3.9420e-02,-0.039375,-0.000222813
3.9430e-02,-0.03625,-0.000157813
3.9440e-02,-0.0342187,9.375e-06
3.9450e-02,-0.0334375,-4.3125e-05
3.9460e-02,-0.0367188,0.000319063
3.9470e-02,-0.0314062,2.8125e-05
3.9480e-02,-0.0371875,0.00081625
3.9490e-02,-0.03625,0.0001125
3.9500e-02,-0.0328125,0.00038125
3.9510e-02,-0.0292188,0.000106563
3.9520e-02,-0.0298438,0.000139375
3.9530e-02,-0.040625,0.000133438
3.9540e-02,-0.0379688,-1.125e-05
3.9550e-02,-0.0492188,9.5625e-05
3.9560e-02,-0.0273438,0.000111563
3.9570e-02,-0.0292188,-0.00041875
3.9580e-02,-0.0207813,-4.84375e-05
3.9590e-02,-0.0295313,2.25e-05
3.9600e-02,-0.038125,0.000456875
3.9610e-02,-0.0321875,0.000541875
3.9620e-02,-0.0317188,0.000191563
3.9630e-02,-0.0382813,-0.000147813
3.9640e-02,-0.0423437,-0.000106563
3.9650e-02,-0.0353125,-0.0005275
3.9660e-02,-0.0367188,-0.000401563
3.9670e-02,-0.0353125,-3.21875e-05
3.9680e-02,-0.035625,-0.000249063
3.9690e-02,-0.0370313,-0.000135625
3.9700e-02,-0.0470312,0.000167188
3.9710e-02,-0.055625,0.000315938
3.9720e-02,-0.0290625,0.000127188
3.9730e-02,-0.0365625,-0.000451875
3.9740e-02,-0.0471875,-0.000654688
3.9750e-02,-0.0426562,0.000592188
3.9760e-02,-0.0298438,0.000441875
3.9770e-02,-0.0382813,0.000201875
3.9780e-02,-0.03,0.00058
3.9790e-02,-0.0346875,4.46875e-05
3.9800e-02,-0.035,-2.21875e-05
3.9810e-02,-0.0404687,0.000174063
3.9820e-02,-0.036875,0.000331875
3.9830e-02,-0.0295313,0.000199375
3.9840e-02,-0.031875,-0.000463438
3.9850e-02,-0.048125,8.09375e-05
3.9860e-02,-0.0229687,-0.000305625
3.9870e-02,-0.0332812,-3.28125e-05
3.9880e-02,-0.0470312,-0.000579688
3.9890e-02,-0.0323438,0.00018
3.9900e-02,-0.0410937,0.00076375
3.9910e-02,-0.0435938,0.0001475
3.9920e-02,-0.0251563,-0.000385938
3.9930e-02,-0.0314062,-0.000880313
3.9940e-02,-0.0378125,-0.000795938
3.9950e-02,-0.0429688,-0.000433438
3.9960e-02,-0.0259375,0.000210625
3.9970e-02,-0.0389063,8.03125e-05
3.9980e-02,-0.0301563,-0.000381875
3.9990e-02,-0.0351562,-8.34375e-05
4.0000e-02,-0.039375,-0.00027875
4.0010e-02,-0.0370313,-6.90625e-05
4.0020e-02,-0.0435938,0.000974688
4.0030e-02,-0.0321875,0.000655938
4.0040e-02,-0.045,0.000562813
4.0050e-02,-0.0375,-0.000161563
4.0060e-02,-0.0325,-0.0005025
4.0070e-02,-0.0492188,-0.0003575
4.0080e-02,-0.0220313,0.000439063
4.0090e-02,-0.0359375,0.000712188
4.0100e-02,-0.0357813,0.000535938
4.0110e-02,-0.0460938,-0.00034125
4.0120e-02,-0.0485938,-0.000207188
4.0130e-02,-0.0303125,0.000409063
4.0140e-02,-0.0390625,0.001095
4.0150e-02,-0.0295313,0.00128938
4.0160e-02,-0.0304688,0.00055375
4.0170e-02,-0.0348437,-0.0009825
4.0180e-02,-0.0429688,-0.000957813
4.0190e-02,-0.0448438,-0.0009475
4.0200e-02,-0.0398437,-0.000398438
4.0210e-02,-0.0382813,0.000720625
4.0220e-02,-0.0317188,0.000837813
4.0230e-02,-0.0429688,0.000723125
4.0240e-02,-0.0267187,-0.000619063
4.0250e-02,-0.0478125,-0.000581563
4.0260e-02,-0.0365625,-0.000143438
4.0270e-02,-0.038125,0.000525
4.0280e-02,-0.0348437,0.00162125
4.0290e-02,-0.0448438,0.00116125
4.0300e-02,-0.0354688,0.000297188
4.0310e-02,-0.0467188,-0.00100188
4.0320e-02,-0.0378125,-0.000885938
4.0330e-02,-0.0328125,7.75e-05
4.0340e-02,-0.0370313,0.000644688
4.0350e-02,-0.0351562,0.00121844
4.0360e-02,-0.033125,0.00108875
4.0370e-02,-0.0426562,-0.0005675
4.0380e-02,-0.0334375,-0.000865625
4.0390e-02,-0.0414063,-0.000618125
4.0400e-02,-0.0445313,0.000386563
4.0410e-02,-0.0354688,0.00159313
4.0420e-02,-0.0517188,0.00171656
4.0430e-02,-0.0457813,0.000632813
4.0440e-02,-0.0460938,-0.00113938
4.0450e-02,-0.030625,-0.00168719
4.0460e-02,-0.0351562,-0.000652813
4.0470e-02,-0.039375,0.000814688
4.0480e-02,-0.0304688,0.0015925
4.0490e-02,-0.0410937,0.00184313
4.0500e-02,-0.04,-6.875e-06
4.0510e-02,-0.0457813,-0.00129781
4.0520e-02,-0.0382813,-0.0013075
4.0530e-02,-0.0485938,1.15625e-05
4.0540e-02,-0.0392187,0.00082125
4.0550e-02,-0.0551563,0.00107
4.0560e-02,-0.0371875,0.000386875
4.0570e-02,-0.0290625,-0.00117625
4.0580e-02,-0.0409375,-0.00129063
4.0590e-02,-0.0470312,-0.000814688
4.0600e-02,-0.035,0.00093625
4.0610e-02,-0.0289063,0.00139594
4.0620e-02,-0.035625,0.00105344
4.0630e-02,-0.0478125,0.00023375
4.0640e-02,-0.0415625,-0.00117906
4.0650e-02,-0.0570313,-0.000976562
4.0660e-02,-0.0465625,6.53125e-05
4.0670e-02,-0.0553125,0.00154313
4.0680e-02,-0.0278125,0.00129469
4.0690e-02,-0.0471875,0.000519375
4.0700e-02,-0.0460938,-0.000519688
4.0710e-02,-0.04,-0.000824063
4.0720e-02,-0.0320312,-0.000734688
4.0730e-02,-0.0410937,-0.000335
4.0740e-02,-0.0528125,0.000201875
4.0750e-02,-0.0378125,0.000533438
4.0760e-02,-0.0395313,-0.000795313
4.0770e-02,-0.0279688,9.15625e-05
4.0780e-02,-0.0585938,-0.000177813
4.0790e-02,-0.0320312,-0.000248125
4.0800e-02,-0.0384375,0.00111625
4.0810e-02,-0.045625,0.001155
4.0820e-02,-0.0423437,0.00068875
4.0830e-02,-0.0395313,-0.000247813
4.0840e-02,-0.0284375,-0.000526563
4.0850e-02,-0.0446875,-0.000291563
4.0860e-02,-0.0278125,0.00036625
4.0870e-02,-0.0479688,0.000290313
4.0880e-02,-0.0315625,0.00038625
4.0890e-02,-0.04,-0.0001125
4.0900e-02,-0.0496875,-0.000915313
4.0910e-02,-0.0432813,-0.000487813
4.0920e-02,-0.03875,-0.000238438
4.0930e-02,-0.039375,0.000151875
4.0940e-02,-0.0326562,0.000698125
4.0950e-02,-0.0396875,-0.000121875
4.0960e-02,-0.049375,4.90625e-05
4.0970e-02,-0.043125,-0.000372188
4.0980e-02,-0.0282813,-0.000434063
4.0990e-02,-0.0295313,-0.000103125
4.1000e-02,-0.0423437,0.000191875
4.1010e-02,-0.05125,0.000146875
4.1020e-02,-0.0542187,-0.000462188
4.1030e-02,-0.04125,-0.000515938
4.1040e-02,-0.0521875,-0.00057875
4.1050e-02,-0.0415625,-0.000121563
4.1060e-02,-0.0310937,1.40625e-05
4.1070e-02,-0.0310937,0.0005575
4.1080e-02,-0.0282813,-0.000238125
4.1090e-02,-0.0354688,-0.000110313
4.1100e-02,-0.0542187,-0.000311563
4.1110e-02,-0.0390625,-0.00031
4.1120e-02,-0.0478125,0.00055
4.1130e-02,-0.039375,0.000485625
4.1140e-02,-0.0475,0.000629688
4.1150e-02,-0.0360938,-0.000163438
4.1160e-02,-0.05125,-0.000196563
4.1170e-02,-0.0432813,-0.000354375
4.1180e-02,-0.0420312,6.25e-06
4.1190e-02,-0.045,0.000139688
4.1200e-02,-0.0385937,0.0001275
4.1210e-02,-0.0421875,-2.5625e-05
4.1220e-02,-0.0392187,-0.00033625
4.1230e-02,-0.0376563,-0.000201875
4.1240e-02,-0.0307813,0.000253438
4.1250e-02,-0.045,0.000322188
4.1260e-02,-0.0435938,1.75e-05
4.1270e-02,-0.0390625,4.65625e-05
4.1280e-02,-0.0360938,0.000381875
4.1290e-02,-0.046875,-0.00051875
4.1300e-02,-0.0376563,0.000168125
4.1310e-02,-0.045625,0.00013125
4.1320e-02,-0.0354688,0.000475938
4.1330e-02,-0.0403125,0.00016
4.1340e-02,-0.0328125,-0.000118125
4.1350e-02,-0.0382813,-0.00029
4.1360e-02,-0.0453125,-0.000164063
4.1370e-02,-0.0596875,-0.000607813
4.1380e-02,-0.0382813,0.000342188
4.1390e-02,-0.0396875,0.000324063
4.1400e-02,-0.0351562,0.000736875
4.1410e-02,-0.0390625,-0.000311875
4.1420e-02,-0.038125,-0.000154063
4.1430e-02,-0.0445313,1.84375e-05
4.1440e-02,-0.0451563,-0.000677813
4.1450e-02,-0.046875,0.00042
4.1460e-02,-0.033125,-7.21875e-05
4.1470e-02,-0.0425,-0.000636563
4.1480e-02,-0.0453125,4.71875e-05
4.1490e-02,-0.0515625,0.000678438
4.1500e-02,-0.0351562,3.9375e-05
4.1510e-02,-0.0289063,-0.000221563
4.1520e-02,-0.0514063,0.000612813
4.1530e-02,-0.0473438,-7.21875e-05
4.1540e-02,-0.0375,0.000180625
4.1550e-02,-0.0423437,-0.000154375
4.1560e-02,-0.0404687,-7.375e-05
4.1570e-02,-0.0429688,0.00035375
4.1580e-02,-0.039375,-0.000144688
4.1590e-02,-0.0382813,-0.000494063
4.1600e-02,-0.0440625,-7.125e-05
4.1610e-02,-0.0370313,0.00035125
4.1620e-02,-0.0446875,0.000555
4.1630e-02,-0.0478125,0.0003
4.1640e-02,-0.0357813,-0.000583438
4.1650e-02,-0.0434375,-0.000143438
4.1660e-02,-0.0485938,0.000320625
4.1670e-02,-0.0485938,-0.000447813
4.1680e-02,-0.0478125,-2.1875e-05
4.1690e-02,-0.0489062,6.90625e-05
4.1700e-02,-0.0417187,-0.000135938
4.1710e-02,-0.0414063,2.75e-05
4.1720e-02,-0.0545313,-0.000270625
4.1730e-02,-0.0475,0.000215938
4.1740e-02,-0.0382813,0.000499375
4.1750e-02,-0.0440625,0.000407188
4.1760e-02,-0.0414063,-0.000799063
4.1770e-02,-0.0435938,-0.00101875
4.1780e-02,-0.0457813,0.000359063
4.1790e-02,-0.036875,0.000160313
4.1800e-02,-0.0445313,-0.000484063
4.1810e-02,-0.0373438,-7.875e-05
4.1820e-02,-0.0409375,-1.6875e-05
4.1830e-02,-0.04375,-0.000282813
4.1840e-02,-0.0489062,-0.000552813
4.1850e-02,-0.0440625,0.000431563
4.1860e-02,-0.031875,0.000289063
4.1870e-02,-0.0567187,-4.3125e-05
4.1880e-02,-0.0446875,0.000121875
4.1890e-02,-0.0445313,-0.000125625
4.1900e-02,-0.03875,0.000132813
4.1910e-02,-0.0432813,-0.000216563
4.1920e-02,-0.0490625,5.90625e-05
4.1930e-02,-0.0476562,4.5e-05
4.1940e-02,-0.0445313,0.000239688
4.1950e-02,-0.0453125,-0.000259063
4.1960e-02,-0.0542187,-0.000402188
4.1970e-02,-0.0415625,2.09375e-05
4.1980e-02,-0.0414063,0.000555313
4.1990e-02,-0.0479688,0.00045875
4.2000e-02,-0.0440625,-0.000159688
4.2010e-02,-0.0467188,9.65625e-05
4.2020e-02,-0.0509375,-0.00015
4.2030e-02,-0.0459375,-0.000290625
4.2040e-02,-0.043125,-0.000379063
4.2050e-02,-0.0515625,0.000243125
4.2060e-02,-0.0320312,0.00024875
4.2070e-02,-0.040625,0.000385625
4.2080e-02,-0.0551563,-3.375e-05
4.2090e-02,-0.0379688,0.000760625
4.2100e-02,-0.0426562,-0.000179375
4.2110e-02,-0.0429688,0.000135938
4.2120e-02,-0.0457813,-0.000115
4.2130e-02,-0.0467188,-0.00049875
4.2140e-02,-0.0575,-0.000391563
4.2150e-02,-0.0385937,-8e-05
4.2160e-02,-0.0475,0.000470313
4.2170e-02,-0.0528125,-0.0001425
4.2180e-02,-0.046875,5.5625e-05
4.2190e-02,-0.0396875,-0.000141563
4.2200e-02,-0.0432813,0.000155625
4.2210e-02,-0.035,5.25e-05
4.2220e-02,-0.044375,0.000100625
4.2230e-02,-0.0404687,0.000158125
4.2240e-02,-0.0414063,-0.000163438
4.2250e-02,-0.049375,0.000265313
4.2260e-02,-0.0553125,-0.000265313
4.2270e-02,-0.0464062,0.000102813
4.2280e-02,-0.0560937,8.90625e-05
4.2290e-02,-0.0367188,-0.000674375
4.2300e-02,-0.0442188,-0.000436875
4.2310e-02,-0.0421875,0.000621875
4.2320e-02,-0.0523437,0.000331875
4.2330e-02,-0.039375,-2.34375e-05
4.2340e-02,-0.0479688,0.00070375
4.2350e-02,-0.0421875,0.000124688
4.2360e-02,-0.0403125,0.00037125
4.2370e-02,-0.0364063,-0.000139688
4.2380e-02,-0.0520313,9.96875e-05
4.2390e-02,-0.049375,-0.00023
4.2400e-02,-0.03625,-9.40625e-05
4.2410e-02,-0.045625,-0.000386563
4.2420e-02,-0.0417187,-0.000112813
4.2430e-02,-0.0359375,-4.0625e-06
4.2440e-02,-0.0410937,-0.00032
4.2450e-02,-0.04375,-6.9375e-05
4.2460e-02,-0.045,-0.00041
4.2470e-02,-0.0415625,4.65625e-05
4.2480e-02,-0.0432813,-0.0004475
4.2490e-02,-0.0439063,8e-05
4.2500e-02,-0.05125,-0.000531563
4.2510e-02,-0.0475,0.000188125
4.2520e-02,-0.0473438,0.000688125
4.2530e-02,-0.0432813,0.000705
4.2540e-02,-0.0385937,0.0001375
4.2550e-02,-0.04375,-9.625e-05
4.2560e-02,-0.04375,0.000179688
4.2570e-02,-0.0509375,-7e-05
4.2580e-02,-0.043125,0.000300938
4.2590e-02,-0.0442188,0.000234688
4.2600e-02,-0.0496875,-4.90625e-05
4.2610e-02,-0.0432813,1.15625e-05
4.2620e-02,-0.0389063,7.09375e-05
4.2630e-02,-0.0485938,-0.00027125
4.2640e-02,-0.04375,-0.000249063
4.2650e-02,-0.0532813,-0.000756563
4.2660e-02,-0.038125,-0.00010875
4.2670e-02,-0.0448438,-6.25e-06
4.2680e-02,-0.034375,0.000714063
4.2690e-02,-0.0482812,0.000498125
4.2700e-02,-0.0454688,-0.000141563
4.2710e-02,-0.0503125,-0.000137813
4.2720e-02,-0.0485938,-0.00011375
4.2730e-02,-0.0375,0.0001925
4.2740e-02,-0.0353125,-0.00051125
4.2750e-02,-0.0429688,0.000415938
4.2760e-02,-0.05,0.000137188
4.2770e-02,-0.0492188,-3.4375e-05
4.2780e-02,-0.0439063,1.65625e-05
4.2790e-02,-0.04625,-6.875e-06
4.2800e-02,-0.0476562,-0.000270313
4.2810e-02,-0.0332812,0.000634688
4.2820e-02,-0.041875,-0.000260625
4.2830e-02,-0.0301563,-0.000182813
4.2840e-02,-0.0384375,0.00020375
4.2850e-02,-0.0295313,0.00025375
4.2860e-02,-0.04,0.000467813
4.2870e-02,-0.0470312,-2.53125e-05
4.2880e-02,-0.0496875,0.000579375
4.2890e-02,-0.0548437,0.000364688
4.2900e-02,-0.04375,-0.00014625
4.2910e-02,-0.0435938,-1.875e-05
4.2920e-02,-0.0507812,0.000339063
4.2930e-02,-0.0409375,0.000485
4.2940e-02,-0.0382813,0.000126875
4.2950e-02,-0.0378125,4.375e-05
4.2960e-02,-0.0442188,0.0006125
4.2970e-02,-0.0426562,0.000182813
4.2980e-02,-0.0357813,-0.0004475
4.2990e-02,-0.0565625,-9.84375e-05
4.3000e-02,-0.0492188,-0.000208125
4.3010e-02,-0.0426562,-7.8125e-06
4.3020e-02,-0.0514063,0.000465938
4.3030e-02,-0.03875,-0.000305938
4.3040e-02,-0.0354688,-0.000166563
4.3050e-02,-0.0604688,0.00031
4.3060e-02,-0.0453125,0.000215625
4.3070e-02,-0.0464062,-0.000150625
4.3080e-02,-0.0540625,-0.000790313
4.3090e-02,-0.0482812,-0.000195
4.3100e-02,-0.0478125,-3.46875e-05
4.3110e-02,-0.0540625,-7.03125e-05
4.3120e-02,-0.0385937,4.15625e-05
4.3130e-02,-0.0482812,0.00021375
4.3140e-02,-0.04625,0.000401563
4.3150e-02,-0.0451563,0.000107813
4.3160e-02,-0.0432813,-0.000602188
4.3170e-02,-0.0498438,-0.000379375
4.3180e-02,-0.0517188,2e-05
4.3190e-02,-0.0501562,-0.000297188
4.3200e-02,-0.0485938,-0.000629375
4.3210e-02,-0.0545313,-0.000288438
4.3220e-02,-0.0373438,0.000176563
4.3230e-02,-0.0523437,0.000414375
4.3240e-02,-0.0459375,0.000215625
4.3250e-02,-0.0453125,3.625e-05
4.3260e-02,-0.0482812,-4.46875e-05
4.3270e-02,-0.0454688,0.000460625
4.3280e-02,-0.046875,5.4375e-05
4.3290e-02,-0.0504687,0.000255313
4.3300e-02,-0.0539063,-0.000349063
4.3310e-02,-0.05375,0.0001325
4.3320e-02,-0.0545313,-8.375e-05
4.3330e-02,-0.0470312,6.5625e-06
4.3340e-02,-0.0471875,-0.000130313
4.3350e-02,-0.0392187,0.0002975
4.3360e-02,-0.056875,-0.000148438
4.3370e-02,-0.0535937,-9.375e-07
4.3380e-02,-0.055,-0.0004575
4.3390e-02,-0.04,-0.000203125
4.3400e-02,-0.0467188,-0.000285938
4.3410e-02,-0.045625,-0.000148125
4.3420e-02,-0.0498438,-0.000160625
4.3430e-02,-0.05,7.5625e-05
4.3440e-02,-0.040625,-0.000102188
4.3450e-02,-0.0467188,-0.0001925
4.3460e-02,-0.041875,0.00069125
4.3470e-02,-0.0557813,0.000350313
4.3480e-02,-0.0504687,-1.6875e-05
4.3490e-02,-0.0529687,-4.1875e-05
4.3500e-02,-0.0295313,0.000447813
4.3510e-02,-0.0503125,-4.5e-05
4.3520e-02,-0.051875,0.000156563
4.3530e-02,-0.0539063,0.000275313
4.3540e-02,-0.0573437,-0.000439063
4.3550e-02,-0.0457813,-5.03125e-05
4.3560e-02,-0.05,-0.0001825
4.3570e-02,-0.0426562,0.000323438
4.3580e-02,-0.0471875,0.000564063
4.3590e-02,-0.038125,0.0009
4.3600e-02,-0.04375,0.000584375
4.3610e-02,-0.0498438,-0.000287813
4.3620e-02,-0.0470312,0.000239063
4.3630e-02,-0.0453125,0.000279063
4.3640e-02,-0.0404687,-0.000739688
4.3650e-02,-0.0389063,0.000345
4.3660e-02,-0.0389063,0.000406563
4.3670e-02,-0.04625,0.000172813
4.3680e-02,-0.0323438,-3.9375e-05
4.3690e-02,-0.0414063,7.78125e-05
4.3700e-02,-0.0404687,9.375e-05
4.3710e-02,-0.0439063,-3.78125e-05
4.3720e-02,-0.0501562,3.90625e-05
4.3730e-02,-0.04875,0.0007025
4.3740e-02,-0.0467188,0.000508125
4.3750e-02,-0.0501562,0.000170625
4.3760e-02,-0.0385937,-2.90625e-05
4.3770e-02,-0.0457813,0.00046875
4.3780e-02,-0.0528125,-0.000253438
4.3790e-02,-0.0454688,8.15625e-05
4.3800e-02,-0.0390625,-0.000408125
4.3810e-02,-0.0448438,0.0003225
4.3820e-02,-0.0529687,0.000158125
4.3830e-02,-0.049375,5.78125e-05
4.3840e-02,-0.048125,0.0003025
4.3850e-02,-0.040625,-2.1875e-05
4.3860e-02,-0.0403125,0.000148125
4.3870e-02,-0.0554687,0.000324375
4.3880e-02,-0.04625,1.40625e-05
4.3890e-02,-0.0507812,0.000703125
4.3900e-02,-0.0534375,-0.000478438
4.3910e-02,-0.0557813,-9.125e-05
4.3920e-02,-0.04,-0.000195313
4.3930e-02,-0.0429688,-0.000230625
4.3940e-02,-0.0360938,-0.000281563
4.3950e-02,-0.0592188,0.000539063
4.3960e-02,-0.0603125,0.000925938
4.3970e-02,-0.0501562,5.90625e-05
4.3980e-02,-0.044375,-0.000361563
4.3990e-02,-0.0510938,-0.0001725
4.4000e-02,-0.0464062,-0.000284688
4.4010e-02,-0.0489062,0.0004725
4.4020e-02,-0.046875,0.00050375
4.4030e-02,-0.0460938,0.000307813
4.4040e-02,-0.0342187,-0.00039125
4.4050e-02,-0.0342187,0.000302188
4.4060e-02,-0.0454688,-0.000303125
4.4070e-02,-0.0471875,0.00077375
4.4080e-02,-0.0490625,0.00036375
4.4090e-02,-0.0435938,0.00053375
4.4100e-02,-0.0501562,0.00016875
4.4110e-02,-0.0457813,-0.000179375
4.4120e-02,-0.05375,-0.000435313
4.4130e-02,-0.0485938,7.34375e-05
4.4140e-02,-0.0435938,0.00027125
4.4150e-02,-0.0425,0.000747188
4.4160e-02,-0.0315625,0.000119375
4.4170e-02,-0.0440625,-2.40625e-05
4.4180e-02,-0.0551563,-0.000194688
4.4190e-02,-0.0425,0.000222188
4.4200e-02,-0.0345312,0.000168438
4.4210e-02,-0.0414063,0.00069875
4.4220e-02,-0.0425,0.000468125
4.4230e-02,-0.0385937,-0.0005425
4.4240e-02,-0.0407813,-0.000741563
4.4250e-02,-0.05125,-0.000189375
4.4260e-02,-0.0432813,0.000120313
4.4270e-02,-0.0414063,0.0012825
4.4280e-02,-0.0395313,0.000954688
4.4290e-02,-0.05,-8.3125e-05
4.4300e-02,-0.0459375,-0.000314688
4.4310e-02,-0.0457813,-0.000364063
4.4320e-02,-0.0415625,6.96875e-05
4.4330e-02,-0.0534375,0.000187813
4.4340e-02,-0.041875,0.000874063
4.4350e-02,-0.0476562,-0.000434063
4.4360e-02,-0.0495312,-0.000516563
4.4370e-02,-0.0385937,-0.00147844
4.4380e-02,-0.0426562,-0.000578438
4.4390e-02,-0.0420312,0.000280938
4.4400e-02,-0.0560937,0.000804375
4.4410e-02,-0.0620312,0.00106281
4.4420e-02,-0.0429688,0.00108969
4.4430e-02,-0.04875,0.00092625
4.4440e-02,-0.0528125,0.000969688
4.4450e-02,-0.0373438,0.00102031
4.4460e-02,-0.0484375,0.00115406
4.4470e-02,-0.0464062,0.00103031
4.4480e-02,-2.02094,0.000542188
4.4490e-02,-2.30688,-0.00477969
4.4500e-02,-2.80156,-0.00623063
4.4510e-02,-1.85906,-0.00726031
4.4520e-02,-1.56797,-0.00738375
4.4530e-02,0.07625,-0.007245
4.4540e-02,0.0934375,-0.00704531
4.4550e-02,0.0834375,-0.0070825
4.4560e-02,0.0789062,-0.00699688
4.4570e-02,0.068125,-0.00693281
4.4580e-02,0.06125,-0.00720438
4.4590e-02,0.0557813,-0.00718625
4.4600e-02,0.058125,-0.00710219
4.4610e-02,0.0446875,-0.007105
4.4620e-02,0.0323438,-0.00692031
4.4630e-02,0.0303125,-0.00701438
4.4640e-02,0.0276563,-0.00719438
4.4650e-02,0.0551563,-0.00709594
4.4660e-02,0.035625,-0.00716781
4.4670e-02,0.0225,-0.00707125
4.4680e-02,0.0292187,-0.00693219
4.4690e-02,0.01125,-0.00700844
4.4700e-02,0.0159375,-0.00667594
4.4710e-02,0.021875,-0.00704125
4.4720e-02,0.0304687,-0.00684719
4.4730e-02,0.0265625,-0.00691813
4.4740e-02,0.0192188,-0.00424187
4.4750e-02,0.0217187,-0.000283437
4.4760e-02,0.0173438,0.00055375
4.4770e-02,0.00890625,-0.000547813
4.4780e-02,0.00796875,-0.00139438
4.4790e-02,0.00671875,-0.00203375
4.4800e-02,-0.0046875,4.25e-05
4.4810e-02,0.004375,0.00103219
4.4820e-02,0.00046875,0.00125625
4.4830e-02,0.0164063,0.000617188
4.4840e-02,-0.000625,-0.000675625
4.4850e-02,-0.00140625,-0.00088
4.4860e-02,0.0214062,-0.00089875
4.4870e-02,-0.00984375,0.000622813
4.4880e-02,0.005625,0.00112813
4.4890e-02,-0.0021875,0.000950938
4.4900e-02,0.0065625,-0.00058625
4.4910e-02,0.00921875,-0.0007675
4.4920e-02,0.0096875,-0.000954375
4.4930e-02,-0.006875,0.000424063
4.4940e-02,-0.0107813,0.000682188
4.4950e-02,-0.00375,0.000434688
4.4960e-02,0.00109375,-0.00031875
4.4970e-02,0.00140625,-0.000489375
4.4980e-02,-0.004375,-0.000450625
4.4990e-02,-0.008125,-0.00057125
4.5000e-02,-0.0126563,0.00101875
4.5010e-02,-0.0015625,0.000624375
4.5020e-02,0.008125,0.000690313
4.5030e-02,-0.00140625,0.000210938
4.5040e-02,0.0071875,-0.000495313
4.5050e-02,0.005625,0.00013375
4.5060e-02,-0.0096875,2.15625e-05
4.5070e-02,0.0053125,0.000412188
4.5080e-02,-0.0103125,0.000585938
4.5090e-02,-0.0114062,0.000465313
4.5100e-02,-0.0171875,-0.000274375
4.5110e-02,-0.0134375,-0.000329688
4.5120e-02,-0.004375,0.000341563
4.5130e-02,-0.011875,0.000625625
4.5140e-02,-0.0132813,0.000145938
4.5150e-02,-0.0135937,0.000147813
4.5160e-02,-0.00734375,8.78125e-05
4.5170e-02,-0.0129688,0.000312188
4.5180e-02,-0.0145312,-0.000259688
4.5190e-02,-0.0145312,0.000420313
4.5200e-02,-0.0145312,-1.4375e-05
4.5210e-02,-0.00796875,0.00072625
4.5220e-02,-0.0128125,0.000170938
4.5230e-02,-0.0120313,-9.46875e-05
4.5240e-02,-0.0209375,-4.03125e-05
4.5250e-02,-0.0125,-0.0003825
4.5260e-02,-0.00140625,-0.0002375
4.5270e-02,-0.011875,0.000407813
4.5280e-02,-0.0153125,0.000374688
4.5290e-02,-0.015,0.000239063
4.5300e-02,-0.00375,0.0003825
4.5310e-02,-0.0128125,-0.000426875
4.5320e-02,-0.0179687,0.000172813
4.5330e-02,-0.00171875,0.000140625
4.5340e-02,-0.0034375,-0.000470313
4.5350e-02,-0.010625,-0.000190938
4.5360e-02,-0.015,-0.000594688
4.5370e-02,-0.0103125,-0.00022125
4.5380e-02,-0.0173438,-0.000599063
4.5390e-02,-0.0148437,-0.000108125
4.5400e-02,-0.0201563,0.000312813
4.5410e-02,-0.0278125,0.000794375
4.5420e-02,-0.0207813,0.000242188
4.5430e-02,-0.0123438,0.000206563
4.5440e-02,-0.0107813,-0.000510937
4.5450e-02,-0.0125,-0.00051125
4.5460e-02,-0.0190625,0.000112813
4.5470e-02,-0.0221875,-0.000117813
4.5480e-02,-0.0154687,0.000536875
4.5490e-02,-0.0184375,0.000349375
4.5500e-02,-0.0154687,0.000219688
4.5510e-02,-0.0207813,1.875e-05
4.5520e-02,-0.0139063,0.000236875
4.5530e-02,-0.0165625,-1.15625e-05
4.5540e-02,-0.0239063,0.000174375
4.5550e-02,-0.024375,0.000305938
4.5560e-02,-0.0228125,5.3125e-06
4.5570e-02,-0.0215625,0.0004125
4.5580e-02,-0.0128125,-5.59375e-05
4.5590e-02,-0.024375,-0.000120313
4.5600e-02,-0.0175,0.000314688
4.5610e-02,-0.0310937,0.00073
4.5620e-02,-0.0146875,0.000524375
4.5630e-02,-0.0135937,-9.28125e-05
4.5640e-02,-0.0225,0.0001125
4.5650e-02,-0.020625,0.0003775
4.5660e-02,-0.0229687,-0.000610938
4.5670e-02,-0.0159375,0.000308125
4.5680e-02,-0.029375,3.90625e-05
4.5690e-02,-0.0165625,-0.000292813
4.5700e-02,-0.0160938,-0.000120625
4.5710e-02,-0.0148437,8.03125e-05
4.5720e-02,-0.0146875,-0.000205
4.5730e-02,-0.0167188,0.000556875
4.5740e-02,-0.031875,0.000349375
4.5750e-02,-0.013125,0.00026375
4.5760e-02,-0.02875,0.000655
4.5770e-02,-0.024375,-0.000184375
4.5780e-02,-0.0245313,0.000248125
4.5790e-02,-0.025625,-0.000395625
4.5800e-02,-0.0276563,0.00048375
4.5810e-02,-0.03125,6.75e-05
4.5820e-02,-0.0235938,-0.000149375
4.5830e-02,-0.0176563,4.46875e-05
4.5840e-02,-0.03,0.000382188
4.5850e-02,-0.0307813,-0.000113438
4.5860e-02,-0.0145312,0.000118438
4.5870e-02,-0.0292188,0.000590313
4.5880e-02,-0.0271875,-0.000183125
4.5890e-02,-0.0154687,-3.125e-05
4.5900e-02,-0.0178125,-7.0625e-05
4.5910e-02,-0.025,0.000159688
4.5920e-02,-0.0225,-0.0004675
4.5930e-02,-0.0182812,-0.0001875
4.5940e-02,-0.0278125,-0.00025
4.5950e-02,-0.0246875,-0.0003
4.5960e-02,-0.0320312,-0.00028375
4.5970e-02,-0.0198438,-0.0004625
4.5980e-02,-0.0248438,-0.000395313
4.5990e-02,-0.0128125,-8.8125e-05
4.6000e-02,-0.034375,0.000219375
4.6010e-02,-0.0284375,0.0008775
4.6020e-02,-0.0157813,0.000188125
4.6030e-02,-0.031875,-0.00014625
4.6040e-02,-0.0264062,0.000247188
4.6050e-02,-0.0198438,-0.000520625
4.6060e-02,-0.035,-0.000391875
4.6070e-02,-0.0271875,-0.000130938
4.6080e-02,-0.0126563,-0.000143125
4.6090e-02,-0.020625,-0.00038625
4.6100e-02,-0.0140625,-4.03125e-05
4.6110e-02,-0.0346875,-6.21875e-05
4.6120e-02,-0.0223437,-0.000310313
4.6130e-02,-0.033125,-0.000344375
4.6140e-02,-0.0271875,1.3125e-05
4.6150e-02,-0.015625,0.000123125
4.6160e-02,-0.0235938,-0.00022375
4.6170e-02,-0.033125,0.00035625
4.6180e-02,-0.0284375,0.000213125
4.6190e-02,-0.0282813,0.000175625
4.6200e-02,-0.0279688,-0.000181563
4.6210e-02,-0.0317188,-0.000431563
4.6220e-02,-0.0334375,0.000255938
4.6230e-02,-0.02875,0.00010875
4.6240e-02,-0.0229687,0.00012625
4.6250e-02,-0.0232812,0.00017625
4.6260e-02,-0.0351562,0.000474688
4.6270e-02,-0.0210938,4.28125e-05
4.6280e-02,-0.03375,0.000646563
4.6290e-02,-0.03375,9.78125e-05
4.6300e-02,-0.02625,0.000342188
4.6310e-02,-0.0339062,3.15625e-05
4.6320e-02,-0.0251563,7.78125e-05
4.6330e-02,-0.0401563,0.000655
4.6340e-02,-0.0353125,0.000404063
4.6350e-02,-0.0229687,0.000268438
4.6360e-02,-0.0323438,0.00122406
4.6370e-02,-0.0309375,6.65625e-05
4.6380e-02,-0.0296875,0.00130656
4.6390e-02,-0.0164063,0.000554063
4.6400e-02,-0.0234375,0.000459375
4.6410e-02,-0.0289063,-0.000156875
4.6420e-02,-0.0271875,1.78125e-05
4.6430e-02,-0.0370313,-0.000228438
4.6440e-02,-0.0185937,0.000461563
4.6450e-02,-0.0264062,0.000186875
4.6460e-02,-0.0425,0.000236563
4.6470e-02,-0.0279688,3.84375e-05
4.6480e-02,-0.0270312,-0.000190313
4.6490e-02,-0.0289063,0.000454375
4.6500e-02,-0.0160938,7.78125e-05
4.6510e-02,-0.0179687,0.000499688
4.6520e-02,-0.0265625,0.000259688
4.6530e-02,-0.0370313,-0.000274688
4.6540e-02,-0.0259375,-0.000509688
4.6550e-02,-0.0298438,0.000474063
4.6560e-02,-0.0270312,-0.0005725
4.6570e-02,-0.0340625,-0.000715938
4.6580e-02,-0.0259375,0.00060875
4.6590e-02,-0.0335937,0.000518125
4.6600e-02,-0.0246875,0.000285313
4.6610e-02,-0.0304688,-2.375e-05
4.6620e-02,-0.0220313,-0.000142813
4.6630e-02,-0.015625,0.000410313
4.6640e-02,-0.0351562,0.000374063
4.6650e-02,-0.0310937,-0.00030375
4.6660e-02,-0.026875,0.000143125
4.6670e-02,-0.0251563,-1.5625e-06
4.6680e-02,-0.0185937,0.000414688
4.6690e-02,-0.0339062,0.000147188
4.6700e-02,-0.0295313,-0.000652188
4.6710e-02,-0.03625,-0.000356875
4.6720e-02,-0.0335937,-0.000204375
4.6730e-02,-0.0253125,-0.000158125
4.6740e-02,-0.0428125,0.000202813
4.6750e-02,-0.0345312,0.00059625
4.6760e-02,-0.0396875,0.00068125
4.6770e-02,-0.0371875,0.00127281
4.6780e-02,-0.0282813,0.000688125
4.6790e-02,-0.0332812,0.000210938
4.6800e-02,-0.0370313,-0.000520938
4.6810e-02,-0.0367188,-6e-05
4.6820e-02,-0.0260937,-5.96875e-05
4.6830e-02,-0.0298438,-0.000140938
4.6840e-02,-0.0295313,0.000342813
4.6850e-02,-0.0234375,2.25e-05
4.6860e-02,-0.04125,4.375e-05
4.6870e-02,-0.0345312,-3.96875e-05
4.6880e-02,-0.0303125,-0.000388125
4.6890e-02,-0.0164063,-0.000243438
4.6900e-02,-0.0404687,7.75e-05
4.6910e-02,-0.0351562,0.000294688
4.6920e-02,-0.0417187,5.5e-05
4.6930e-02,-0.03375,0.000422813
4.6940e-02,-0.0276563,0.000707813
4.6950e-02,-0.0254688,-7.375e-05
4.6960e-02,-0.0209375,0.000178438
4.6970e-02,-0.0339062,-0.000357813
4.6980e-02,-0.0275,-0.000241875
4.6990e-02,-0.0303125,-0.000597813
4.7000e-02,-0.0298438,9.78125e-05
4.7010e-02,-0.028125,-0.0002375
4.7020e-02,-0.0232812,0.000205938
4.7030e-02,-0.0345312,-0.000164063
4.7040e-02,-0.03625,-0.000177813
4.7050e-02,-0.03125,-0.000266563
4.7060e-02,-0.0292188,-0.000301563
4.7070e-02,-0.0175,0.000335938
4.7080e-02,-0.0367188,0.00070125
4.7090e-02,-0.0423437,0.000436563
4.7100e-02,-0.0375,0.000438438
4.7110e-02,-0.0317188,0.000317188
4.7120e-02,-0.0395313,0.00011875
4.7130e-02,-0.0282813,-1.96875e-05
4.7140e-02,-0.0370313,-1.5625e-05
4.7150e-02,-0.0329688,0.000469688
4.7160e-02,-0.034375,0.00078125
4.7170e-02,-0.0357813,0.000464375
4.7180e-02,-0.035,-4.46875e-05
4.7190e-02,-0.0435938,-9.375e-07
4.7200e-02,-0.0423437,6.3125e-05
4.7210e-02,-0.029375,3.15625e-05
4.7220e-02,-0.0359375,-5.3125e-06
4.7230e-02,-0.03125,-9.125e-05
4.7240e-02,-0.026875,2.5e-06
4.7250e-02,-0.0398437,0.000282813
4.7260e-02,-0.0426562,0.000223438
4.7270e-02,-0.0360938,0.000570313
4.7280e-02,-0.03125,-0.000316875
4.7290e-02,-0.0360938,0.000129688
4.7300e-02,-0.0351562,0.000296875
4.7310e-02,-0.0435938,-0.000308125
4.7320e-02,-0.0484375,-1.90625e-05
4.7330e-02,-0.039375,0.000218125
4.7340e-02,-0.0348437,-0.00015625
4.7350e-02,-0.0360938,0.0001675
4.7360e-02,-0.0234375,-0.000345938
4.7370e-02,-0.0346875,-1.8125e-05
4.7380e-02,-0.0357813,-0.000292813
4.7390e-02,-0.0384375,-0.000375938
4.7400e-02,-0.03125,-0.000383125
4.7410e-02,-0.0395313,-0.000223125
4.7420e-02,-0.0328125,-0.000580625
4.7430e-02,-0.025625,-0.000136875
4.7440e-02,-0.0282813,0.000266875
4.7450e-02,-0.0170313,0.000415313
4.7460e-02,-0.0428125,7.5625e-05
4.7470e-02,-0.0328125,-0.00049875
4.7480e-02,-0.0353125,-0.000316875
4.7490e-02,-0.0229687,-0.000157188
4.7500e-02,-0.0346875,9.09375e-05
4.7510e-02,-0.0429688,0.00032
4.7520e-02,-0.030625,-2.5e-06
4.7530e-02,-0.0395313,-3.71875e-05
4.7540e-02,-0.0342187,0.000504375
4.7550e-02,-0.0498438,0.000162813
4.7560e-02,-0.0353125,0.0004625
4.7570e-02,-0.045625,-0.0001125
4.7580e-02,-0.0295313,-0.000778125
4.7590e-02,-0.0389063,0.000264375
4.7600e-02,-0.0326562,6.25e-06
4.7610e-02,-0.0404687,0.00038
4.7620e-02,-0.0323438,9.90625e-05
4.7630e-02,-0.0417187,0.000360313
4.7640e-02,-0.0398437,0.000184063
4.7650e-02,-0.0426562,-8.4375e-06
4.7660e-02,-0.0310937,-0.000410313
4.7670e-02,-0.0365625,8.6875e-05
4.7680e-02,-0.0334375,0.000505625
4.7690e-02,-0.033125,0.000456563
4.7700e-02,-0.0434375,0.000562188
4.7710e-02,-0.0415625,9.125e-05
4.7720e-02,-0.0270312,0.000365313
4.7730e-02,-0.0254688,-0.00024
4.7740e-02,-0.036875,5e-05
4.7750e-02,-0.0484375,0.000124688
4.7760e-02,-0.0510938,-0.000273125
4.7770e-02,-0.0367188,0.000381563
4.7780e-02,-0.0346875,0.00036125
4.7790e-02,-0.0309375,-3.53125e-05
4.7800e-02,-0.0360938,-0.000258438
4.7810e-02,-0.0440625,-0.00040125
4.7820e-02,-0.0389063,0.000815
4.7830e-02,-0.043125,0.000391875
4.7840e-02,-0.0314062,5.90625e-05
4.7850e-02,-0.0371875,-0.000101875
4.7860e-02,-0.0339062,-0.00012625
4.7870e-02,-0.043125,-0.000417813
4.7880e-02,-0.0414063,0.000224375
4.7890e-02,-0.0539063,-6.53125e-05
4.7900e-02,-0.0428125,0.00031625
4.7910e-02,-0.0320312,0.000181875
4.7920e-02,-0.0348437,-0.0006675
4.7930e-02,-0.0498438,-0.000700625
4.7940e-02,-0.0389063,-0.00026875
4.7950e-02,-0.0485938,-0.000224688
4.7960e-02,-0.0370313,5.09375e-05
4.7970e-02,-0.0392187,0.000483125
4.7980e-02,-0.0320312,-0.000192188
4.7990e-02,-0.0407813,-0.00028375
4.8000e-02,-0.0375,-0.000307813
4.8010e-02,-0.044375,8.65625e-05
4.8020e-02,-0.0321875,0.0009525
4.8030e-02,-0.0420312,0.000699688
4.8040e-02,-0.025625,0.000562813
4.8050e-02,-0.038125,-0.000223438
4.8060e-02,-0.0410937,-0.00024875
4.8070e-02,-0.0509375,7.375e-05
4.8080e-02,-0.0326562,0.000161875
4.8090e-02,-0.0390625,0.000659688
4.8100e-02,-0.0492188,0.000575625
4.8110e-02,-0.0445313,-0.00049375
4.8120e-02,-0.0407813,-0.000428438
4.8130e-02,-0.0439063,-0.000428438
4.8140e-02,-0.0392187,-0.00016
4.8150e-02,-0.0370313,0.000934375
4.8160e-02,-0.0464062,0.000607813
4.8170e-02,-0.0425,-0.000110938
4.8180e-02,-0.0353125,-0.000414063
4.8190e-02,-0.0429688,-0.00098125
4.8200e-02,-0.0414063,-0.000306875
4.8210e-02,-0.0442188,0.000981563
4.8220e-02,-0.0420312,0.001315
4.8230e-02,-0.0457813,0.000868125
4.8240e-02,-0.0409375,0.000427188
4.8250e-02,-0.04375,-0.00049125
4.8260e-02,-0.0326562,-0.000265625
4.8270e-02,-0.0434375,7.5625e-05
4.8280e-02,-0.0303125,0.000514688
4.8290e-02,-0.0428125,0.00107188
4.8300e-02,-0.041875,0.00030375
4.8310e-02,-0.043125,-0.000740625
4.8320e-02,-0.0398437,-0.000662188
4.8330e-02,-0.039375,-0.000647188
4.8340e-02,-0.03625,0.001385
4.8350e-02,-0.0464062,0.00156031
4.8360e-02,-0.0425,0.00096125
4.8370e-02,-0.0309375,-0.000151875
4.8380e-02,-0.0310937,-0.000906563
4.8390e-02,-0.0373438,-0.000654375
4.8400e-02,-0.0446875,0.000559688
4.8410e-02,-0.0448438,0.00140438
4.8420e-02,-0.0446875,0.000610938
4.8430e-02,-0.0354688,0.0002375
4.8440e-02,-0.0334375,-0.00116813
4.8450e-02,-0.0396875,-0.00148656
4.8460e-02,-0.0290625,-0.000528125
4.8470e-02,-0.0285938,0.00028375
4.8480e-02,-0.0428125,0.0016875
4.8490e-02,-0.041875,0.000752813
4.8500e-02,-0.055,-0.000582812
4.8510e-02,-0.0410937,-0.00181406
4.8520e-02,-0.0364063,-0.0017775
4.8530e-02,-0.0357813,-0.000180313
4.8540e-02,-0.0326562,0.00058
4.8550e-02,-0.0440625,0.00144625
4.8560e-02,-0.0389063,0.000980313
4.8570e-02,-0.05,-0.000557813
4.8580e-02,-0.0390625,-0.000876563
4.8590e-02,-0.0521875,-0.000781875
4.8600e-02,-0.0440625,0.000469688
4.8610e-02,-0.0403125,0.00113781
4.8620e-02,-0.0496875,0.0009725
4.8630e-02,-0.035625,-6.09375e-05
4.8640e-02,-0.0335937,-0.00120906
4.8650e-02,-0.0398437,-0.00114594
4.8660e-02,-0.0554687,-0.000551875
4.8670e-02,-0.0253125,0.000518125
4.8680e-02,-0.0420312,0.000757813
4.8690e-02,-0.045625,0.000594063
4.8700e-02,-0.0471875,-0.000319375
4.8710e-02,-0.0464062,-0.00081375
4.8720e-02,-0.03625,-0.00041875
4.8730e-02,-0.0353125,0.000584063
4.8740e-02,-0.043125,0.000491875
4.8750e-02,-0.0271875,0.00029125
4.8760e-02,-0.04625,0.000246875
4.8770e-02,-0.0317188,-0.000460938
4.8780e-02,-0.03875,-0.000304687
4.8790e-02,-0.0309375,0.000761563
4.8800e-02,-0.0498438,0.000830625
4.8810e-02,-0.0409375,0.000931563
4.8820e-02,-0.0521875,-9.25e-05
4.8830e-02,-0.0365625,0.000366563
4.8840e-02,-0.0435938,-0.000379688
4.8850e-02,-0.0417187,-0.000297813
4.8860e-02,-0.0385937,0.00066375
4.8870e-02,-0.0507812,0.000468125
4.8880e-02,-0.0348437,0.000297188
4.8890e-02,-0.0384375,0.000111563
4.8900e-02,-0.0378125,-0.00056125
4.8910e-02,-0.0440625,-0.00039
4.8920e-02,-0.05125,0.000636875
4.8930e-02,-0.0442188,-1.125e-05
4.8940e-02,-0.0245313,0.000209063
4.8950e-02,-0.0339062,-0.000509688
4.8960e-02,-0.0453125,-0.000168438
4.8970e-02,-0.0470312,4.71875e-05
4.8980e-02,-0.0370313,4.375e-06
4.8990e-02,-0.0290625,0.00025125
4.9000e-02,-0.0329688,0.000508125
4.9010e-02,-0.0453125,0.000562813
4.9020e-02,-0.0314062,2.84375e-05
4.9030e-02,-0.0426562,-0.0003725
4.9040e-02,-0.0410937,5.8125e-05
4.9050e-02,-0.0395313,0.000106563
4.9060e-02,-0.0348437,0.0007
4.9070e-02,-0.0451563,0.000439063
4.9080e-02,-0.0507812,-0.00015125
4.9090e-02,-0.0476562,-0.000345938
4.9100e-02,-0.0326562,-0.00049125
4.9110e-02,-0.0415625,0.0003325
4.9120e-02,-0.0432813,9.96875e-05
4.9130e-02,-0.045625,0.000411875
4.9140e-02,-0.0414063,6.03125e-05
4.9150e-02,-0.039375,0.000379375
4.9160e-02,-0.0504687,1.59375e-05
4.9170e-02,-0.04,-9.8125e-05
4.9180e-02,-0.0428125,-0.00024625
4.9190e-02,-0.0426562,7.5e-05
4.9200e-02,-0.0389063,0.000124688
4.9210e-02,-0.0465625,-0.000483125
4.9220e-02,-0.055,-0.000525938
4.9230e-02,-0.0504687,0.000125938
4.9240e-02,-0.05125,-0.0001575
4.9250e-02,-0.0420312,0.000106563
4.9260e-02,-0.050625,-0.000689375
4.9270e-02,-0.0492188,0.0003075
4.9280e-02,-0.0403125,0.000116563
4.9290e-02,-0.0432813,-0.000635
4.9300e-02,-0.0404687,-0.000119688
4.9310e-02,-0.045,0.000261563
4.9320e-02,-0.0453125,4.1875e-05
4.9330e-02,-0.0407813,0.000185625
4.9340e-02,-0.0457813,-0.000108125
4.9350e-02,-0.04625,-0.00016875
4.9360e-02,-0.056875,-1.46875e-05
4.9370e-02,-0.0384375,-0.000434688
4.9380e-02,-0.05,0.000160313
4.9390e-02,-0.0442188,-4.0625e-06
4.9400e-02,-0.0454688,-0.000530625
4.9410e-02,-0.05,5.34375e-05
4.9420e-02,-0.0378125,-0.00061375
4.9430e-02,-0.0392187,-0.000230625
4.9440e-02,-0.0329688,-0.000473438
4.9450e-02,-0.0482812,-0.000155625
4.9460e-02,-0.040625,-2.84375e-05
4.9470e-02,-0.0304688,-7.0625e-05
4.9480e-02,-0.046875,-0.0002125
4.9490e-02,-0.0373438,0.00024875
4.9500e-02,-0.0482812,0.0002225
4.9510e-02,-0.04625,0.000540938
4.9520e-02,-0.0448438,2.96875e-05
4.9530e-02,-0.0365625,7.65625e-05
4.9540e-02,-0.0415625,0.000114375
4.9550e-02,-0.03875,-0.0001175
4.9560e-02,-0.0434375,0.000229688
4.9570e-02,-0.0334375,-3.75e-05
4.9580e-02,-0.053125,0.000940313
4.9590e-02,-0.0270312,-0.000242813
4.9600e-02,-0.035,0.00021375
4.9610e-02,-0.0389063,0.0005125
4.9620e-02,-0.0353125,-0.00025625
4.9630e-02,-0.04125,-2.4375e-05
4.9640e-02,-0.0514063,0.00034875
4.9650e-02,-0.0426562,0.000412813
4.9660e-02,-0.0432813,0.000305
4.9670e-02,-0.0496875,-0.000135625
4.9680e-02,-0.0517188,0.000317188
4.9690e-02,-0.0415625,0.000155
4.9700e-02,-0.0529687,-0.000189063
4.9710e-02,-0.0403125,0.000147813
4.9720e-02,-0.0439063,2.28125e-05
4.9730e-02,-0.04875,-4.1875e-05
4.9740e-02,-0.040625,-0.00043875
4.9750e-02,-0.0615625,-0.000126875
4.9760e-02,-0.0414063,0.000310625
4.9770e-02,-0.0379688,0.00034125
4.9780e-02,-0.0421875,-5.21875e-05
4.9790e-02,-0.0489062,-0.00020125
4.9800e-02,-0.04,-0.0001675
4.9810e-02,-0.0346875,-0.000207813
4.9820e-02,-0.031875,0.000437188
4.9830e-02,-0.0426562,-0.000188125
4.9840e-02,-0.0420312,-2.46875e-05
4.9850e-02,-0.04,-1.25e-06
4.9860e-02,-0.0464062,0.000225625
4.9870e-02,-0.0467188,0.000370313
4.9880e-02,-0.0329688,0.000329375
4.9890e-02,-0.0395313,7.28125e-05
4.9900e-02,-0.04125,0.000469063
4.9910e-02,-0.05375,-0.0004525
4.9920e-02,-0.0409375,0.000538438
4.9930e-02,-0.0325,0.00021875
4.9940e-02,-0.039375,0.0005925
4.9950e-02,-0.0396875,0.000332813
4.9960e-02,-0.04125,0.000246875
4.9970e-02,-0.0435938,-5.34375e-05
4.9980e-02,-0.0509375,0.000334688
4.9990e-02,-0.0267187,0.000353125
5.0000e-02,-0.0434375,0.000318125
5.0010e-02,-0.0490625,0.000296875
5.0020e-02,-0.0410937,-0.000114375
5.0030e-02,-0.0464062,0.000361875
5.0040e-02,-0.0384375,0.00025
5.0050e-02,-0.0420312,0.000332813
5.0060e-02,-0.04875,-3.96875e-05
5.0070e-02,-0.0414063,-4.34375e-05
5.0080e-02,-0.0385937,-0.00074625
5.0090e-02,-0.0470312,-0.00013125
5.0100e-02,-0.0392187,9.4375e-05
5.0110e-02,-0.04375,0.000294688
5.0120e-02,-0.0478125,-0.000298438
5.0130e-02,-0.0390625,-9.375e-07
5.0140e-02,-0.0396875,8.96875e-05
5.0150e-02,-0.04875,0.000336563
5.0160e-02,-0.0384375,2.4375e-05
5.0170e-02,-0.0478125,-0.000146875
5.0180e-02,-0.0429688,4.28125e-05
5.0190e-02,-0.0339062,-0.000585313
5.0200e-02,-0.0351562,0.00025375
5.0210e-02,-0.0392187,-1.59375e-05
5.0220e-02,-0.0301563,0.00026875
5.0230e-02,-0.0403125,0.000256563
5.0240e-02,-0.0528125,0.000505
5.0250e-02,-0.0553125,6.75e-05
5.0260e-02,-0.0432813,0.000211875
5.0270e-02,-0.0426562,-8.46875e-05
5.0280e-02,-0.050625,0.000193438
5.0290e-02,-0.0471875,-0.00037
5.0300e-02,-0.0467188,0.000167813
5.0310e-02,-0.0523437,-0.000209688
5.0320e-02,-0.0403125,-0.000262187
5.0330e-02,-0.0432813,-0.00070875
5.0340e-02,-0.0459375,-2.1875e-05
5.0350e-02,-0.0332812,0.000238125
5.0360e-02,-0.0395313,0.000114688
5.0370e-02,-0.0353125,0.00051
5.0380e-02,-0.0365625,0.000440938
5.0390e-02,-0.0364063,0.00034
5.0400e-02,-0.0426562,-8.125e-06
5.0410e-02,-0.0521875,0.000136563
5.0420e-02,-0.055,0.000412813
5.0430e-02,-0.0471875,0.00022875
5.0440e-02,-0.0295313,0.000499063
5.0450e-02,-0.0384375,0.0004525
5.0460e-02,-0.0451563,-4.1875e-05
5.0470e-02,-0.0392187,3.84375e-05
5.0480e-02,-0.0398437,0.000558438
5.0490e-02,-0.0564063,0.000159375
5.0500e-02,-0.0428125,0.000270938
5.0510e-02,-0.03625,0.0008175
5.0520e-02,-0.0359375,-0.000129375
5.0530e-02,-0.039375,-0.0003175
5.0540e-02,-0.0539063,-0.000303125
5.0550e-02,-0.0485938,-9.5625e-05
5.0560e-02,-0.04,1.53125e-05
5.0570e-02,-0.031875,-0.000271875
5.0580e-02,-0.0325,0.000579688
5.0590e-02,-0.0415625,0.000141563
5.0600e-02,-0.0514063,-0.000166563
5.0610e-02,-0.0401563,4.4375e-05
5.0620e-02,-0.0467188,-0.000109063
5.0630e-02,-0.0595313,-0.000112188
5.0640e-02,-0.0523437,0.000349063
5.0650e-02,-0.0539063,-0.000154063
5.0660e-02,-0.0435938,-7.53125e-05
5.0670e-02,-0.0545313,-0.000168125
5.0680e-02,-0.0434375,0.000598438
5.0690e-02,-0.0425,0.000411875
5.0700e-02,-0.0495312,4.375e-06
5.0710e-02,-0.0504687,-4.34375e-05
5.0720e-02,-0.0389063,-0.000684063
5.0730e-02,-0.0421875,-8.1875e-05
5.0740e-02,-0.0509375,-2.875e-05
5.0750e-02,-0.0498438,-0.000155938
5.0760e-02,-0.0545313,1.40625e-05
5.0770e-02,-0.0489062,-0.00067875
5.0780e-02,-0.0526563,0.00041
5.0790e-02,-0.040625,-0.000230938
5.0800e-02,-0.0395313,0.000741563
5.0810e-02,-0.0314062,-0.000425313
5.0820e-02,-0.0420312,-1.3125e-05
5.0830e-02,-0.055,0.00102844
5.0840e-02,-0.0421875,0.00035
5.0850e-02,-0.048125,0.000318438
5.0860e-02,-0.0403125,0.000245313
5.0870e-02,-0.0373438,-0.0003575
5.0880e-02,-0.043125,-0.000249688
5.0890e-02,-0.0475,3.4375e-06
5.0900e-02,-0.0389063,-0.00016875
5.0910e-02,-0.0379688,7.25e-05
5.0920e-02,-0.0465625,-0.00020875
5.0930e-02,-0.0473438,-0.000145
5.0940e-02,-0.0478125,-0.00048
5.0950e-02,-0.038125,-0.000446563
5.0960e-02,-0.0395313,-0.000226563
5.0970e-02,-0.0479688,-0.000250938
5.0980e-02,-0.049375,-0.000172188
5.0990e-02,-0.03875,-4.53125e-05
5.1000e-02,-0.0392187,0.000172813
5.1010e-02,-0.0520313,-0.000352813
5.1020e-02,-0.0426562,0.000404688
5.1030e-02,-0.0451563,0.000347188
5.1040e-02,-0.05125,0.000304687
5.1050e-02,-0.0507812,-1.625e-05
5.1060e-02,-0.0476562,-0.000574688
5.1070e-02,-0.0414063,9.8125e-05
5.1080e-02,-0.05875,-5.625e-05
5.1090e-02,-0.0520313,0.000193438
5.1100e-02,-0.0351562,0.000518438
5.1110e-02,-0.0442188,0.000460938
5.1120e-02,-0.0521875,7.8125e-06
5.1130e-02,-0.055,0.000396563
5.1140e-02,-0.0332812,-0.000319375
5.1150e-02,-0.0464062,-0.000191563
5.1160e-02,-0.0475,-0.000414375
5.1170e-02,-0.0426562,0.000159063
5.1180e-02,-0.0503125,-0.00039125
5.1190e-02,-0.051875,-3.1875e-05
5.1200e-02,-0.0409375,0.000367813
5.1210e-02,-0.0317188,0.000224688
5.1220e-02,-0.0479688,0.000177813
5.1230e-02,-0.0476562,-0.000265
5.1240e-02,-0.0446875,-6.25e-05
5.1250e-02,-0.0365625,-0.000495313
5.1260e-02,-0.0528125,-0.000319688
5.1270e-02,-0.044375,-0.000194063
5.1280e-02,-0.039375,-0.000263437
5.1290e-02,-0.0514063,0.000401875
5.1300e-02,-0.0284375,6.78125e-05
5.1310e-02,-0.0478125,-0.000438438
5.1320e-02,-0.0485938,-0.00026375
5.1330e-02,-0.0414063,-6.125e-05
5.1340e-02,-0.0460938,-0.000284688
5.1350e-02,-0.0482812,-0.000167813
5.1360e-02,-0.0567187,-6.25e-07
5.1370e-02,-0.0465625,8.4375e-05
5.1380e-02,-0.0451563,0.000449375
5.1390e-02,-0.0439063,-0.000160625
5.1400e-02,-0.0571875,-0.000519688
5.1410e-02,-0.0482812,-0.000430625
5.1420e-02,-0.0464062,-0.00017625
5.1430e-02,-0.0475,-0.000463438
5.1440e-02,-0.048125,-5.59375e-05
5.1450e-02,-0.045,0.000270938
5.1460e-02,-0.0321875,0.0002875
5.1470e-02,-0.05125,0.000484688
5.1480e-02,-0.0464062,0.000275
5.1490e-02,-0.0265625,-8.28125e-05
5.1500e-02,-0.0529687,-0.000260938
5.1510e-02,-0.045,-0.000309063
5.1520e-02,-0.0395313,0.000486563
5.1530e-02,-0.0421875,0.000337813
5.1540e-02,-0.0365625,0.00101125
5.1550e-02,-0.0475,-1.9375e-05
5.1560e-02,-0.0453125,0.000285938
5.1570e-02,-0.040625,0.000191875
5.1580e-02,-0.0454688,0.000649688
5.1590e-02,-0.0439063,-0.000190938
5.1600e-02,-0.0478125,-0.000299375
5.1610e-02,-0.0467188,-0.000263437
5.1620e-02,-0.0385937,8.15625e-05
5.1630e-02,-0.05,0.000240313
5.1640e-02,-0.0389063,0.000625625
5.1650e-02,-0.0470312,-7.9375e-05
5.1660e-02,-0.0353125,-2.375e-05
5.1670e-02,-0.0465625,-0.000287188
5.1680e-02,-0.046875,-2.40625e-05
5.1690e-02,-0.0409375,0.000102188
5.1700e-02,-0.0423437,-0.000105313
5.1710e-02,-0.0571875,0.000370938
5.1720e-02,-0.0548437,0.00050875
5.1730e-02,-0.0435938,-0.00012125
5.1740e-02,-0.051875,-8.65625e-05
5.1750e-02,-0.0451563,-1.96875e-05
5.1760e-02,-0.0428125,0.000130938
5.1770e-02,-0.0476562,-0.000120625
5.1780e-02,-0.0528125,0.000153438
5.1790e-02,-0.0585938,0.000191875
5.1800e-02,-0.0501562,0.000426563
5.1810e-02,-0.0432813,-2e-05
5.1820e-02,-0.0398437,-0.000348438
5.1830e-02,-0.0396875,-0.000258438
5.1840e-02,-0.0375,-0.000506875
5.1850e-02,-0.0384375,0.000356563
5.1860e-02,-0.05375,-0.000130938
5.1870e-02,-0.0432813,0.000306875
5.1880e-02,-0.0323438,5.375e-05
5.1890e-02,-0.044375,0.000346563
5.1900e-02,-0.0351562,0.000123125
5.1910e-02,-0.0475,0.000143125
5.1920e-02,-0.0464062,-9.84375e-05
5.1930e-02,-0.0359375,0.000172188
5.1940e-02,-0.0325,0.00069375
5.1950e-02,-0.0401563,0.000124688
5.1960e-02,-0.0490625,0.000802188
5.1970e-02,-0.0396875,0.000759688
5.1980e-02,-0.0514063,-0.000330938
5.1990e-02,-0.0448438,-4.4375e-05
5.2000e-02,-0.0567187,0.000138125
5.2010e-02,-0.0364063,0.000231875
5.2020e-02,-0.0425,-0.000259688
5.2030e-02,-0.0317188,-4.75e-05
5.2040e-02,-0.0478125,-0.000518438
5.2050e-02,-0.0442188,5.0625e-05
5.2060e-02,-0.04125,-9.53125e-05
5.2070e-02,-0.0346875,0.000107813
5.2080e-02,-0.0504687,0.0004475
5.2090e-02,-0.0509375,0.000460313
5.2100e-02,-0.0448438,-0.000532813
5.2110e-02,-0.050625,-0.000234688
5.2120e-02,-0.051875,-0.000296563
5.2130e-02,-0.0384375,-0.000105
5.2140e-02,-0.0495312,0.000690938
5.2150e-02,-0.0542187,0.0003475
5.2160e-02,-0.0459375,0.000422188
5.2170e-02,-0.0415625,0.000110625
5.2180e-02,-0.05375,-0.000271563
5.2190e-02,-0.045,0.00013375
5.2200e-02,-0.0298438,0.000256563
5.2210e-02,-0.0542187,0.000439063
5.2220e-02,-0.0421875,0.00066
5.2230e-02,-0.0489062,3.4375e-06
5.2240e-02,-0.0392187,-0.000576563
5.2250e-02,-0.0370313,-0.000850938
5.2260e-02,-0.0426562,-0.00025125
5.2270e-02,-0.0495312,0.000851875
5.2280e-02,-0.0478125,0.000885
5.2290e-02,-0.0542187,0.000538438
5.2300e-02,-0.0532813,0.00041375
5.2310e-02,-0.0465625,-0.00048375
5.2320e-02,-0.04875,-5.4375e-05
5.2330e-02,-0.0401563,0.000494063
5.2340e-02,-0.049375,0.000464375
5.2350e-02,-0.0435938,0.00120063
5.2360e-02,-0.0396875,-0.00037
5.2370e-02,-0.0459375,-0.00190313
5.2380e-02,-0.04,-0.00119313
5.2390e-02,-0.0485938,0.000445625
5.2400e-02,-0.0460938,0.000935625
5.2410e-02,-0.0459375,0.0015975
5.2420e-02,-0.04375,0.00142594
5.2430e-02,-0.0470312,0.00116313
5.2440e-02,-0.0396875,0.00147844
5.2450e-02,-0.04125,0.00146063
5.2460e-02,-0.06,0.00157063
5.2470e-02,-0.035,0.00133219
5.2480e-02,-0.311406,0.00148219
5.2490e-02,-1.89359,-0.00305313
5.2500e-02,-0.0396875,-0.0054375
5.2510e-02,-0.593438,-0.00712063
5.2520e-02,-1.84047,-0.00723594
5.2530e-02,0.123594,-0.00714594
5.2540e-02,0.106094,-0.00713063
5.2550e-02,0.0959375,-0.00727688
5.2560e-02,0.079375,-0.00721094
5.2570e-02,0.065625,-0.00713719
5.2580e-02,0.0723437,-0.00708344
5.2590e-02,0.0407813,-0.00717188
5.2600e-02,0.0546875,-0.00721688
5.2610e-02,0.034375,-0.00704594
5.2620e-02,0.026875,-0.00706844
5.2630e-02,0.0379687,-0.00698313
5.2640e-02,0.0445312,-0.00702906
5.2650e-02,0.0340625,-0.00710719
5.2660e-02,0.02375,-0.00701438
5.2670e-02,0.0404687,-0.00686406
5.2680e-02,0.0215625,-0.00698281
5.2690e-02,0.0257813,-0.00685031
5.2700e-02,0.0198438,-0.00699656
5.2710e-02,0.005625,-0.0068375
5.2720e-02,0.0159375,-0.00684875
5.2730e-02,0.023125,-0.00665469
5.2740e-02,0.023125,-0.00369844
5.2750e-02,0.0107812,-0.000446563
5.2760e-02,0.011875,0.0004775
5.2770e-02,0.0096875,-0.000559688
5.2780e-02,0.0117188,-0.00194719
5.2790e-02,0.00140625,-0.00190125
5.2800e-02,0.001875,-0.000744688
5.2810e-02,0.0139062,0.000833125
5.2820e-02,0.0178125,0.00207281
5.2830e-02,0.00796875,0.000885625
5.2840e-02,0.00921875,-0.000820625
5.2850e-02,0.00703125,-0.00117719
5.2860e-02,0.0053125,-0.000737813
5.2870e-02,0.00546875,-0.000228125
5.2880e-02,0.0129687,0.00116438
5.2890e-02,0.00140625,0.000954375
5.2900e-02,0.008125,0.000180625
5.2910e-02,0.0078125,-0.000582188
5.2920e-02,0.0128125,-0.00101781
5.2930e-02,0.0146875,-0.000414688
5.2940e-02,-0.00609375,0.000785313
5.2950e-02,0.00171875,0.000425
5.2960e-02,-0.0179687,0.000274063
5.2970e-02,-0.0167188,-0.000154375
5.2980e-02,-0.01,-0.000729688
5.2990e-02,0.0110937,-0.000222813
5.3000e-02,0.00015625,0.000315938
5.3010e-02,-0.0123438,0.000830625
5.3020e-02,-0.0142188,0.00148375
5.3030e-02,-0.0071875,0.000529063
5.3040e-02,0.00375,-0.000326563
5.3050e-02,-0.00328125,-0.000715313
5.3060e-02,-0.0109375,-9.65625e-05
5.3070e-02,-0.00015625,3.75e-06
5.3080e-02,-0.0090625,6.375e-05
5.3090e-02,0.00125,3.21875e-05
5.3100e-02,-0.0148437,-8.1875e-05
5.3110e-02,-0.00546875,-0.000179375
5.3120e-02,-0.0114062,-0.000535938
5.3130e-02,-0.0146875,0.000209063
5.3140e-02,-0.015625,0.00042
5.3150e-02,-0.005625,0.000409688
5.3160e-02,-0.0184375,0.000339375
5.3170e-02,-0.00828125,-0.000386563
5.3180e-02,-0.0189062,-0.000480313
5.3190e-02,-0.0046875,-0.0002475
5.3200e-02,0.0015625,-0.000594688
5.3210e-02,0.00078125,0.00111781
5.3220e-02,-0.0123438,0.00118781
5.3230e-02,-0.00984375,-9.375e-05
5.3240e-02,-0.0165625,9.875e-05
5.3250e-02,-0.01125,-0.0003625
5.3260e-02,-0.0090625,-0.0003875
5.3270e-02,-0.0065625,-0.000366875
5.3280e-02,-0.00765625,-0.000110938
5.3290e-02,-0.00328125,0.000156563
5.3300e-02,-0.015,-0.0001175
5.3310e-02,-0.020625,-0.000478125
5.3320e-02,-0.0139063,-0.000104688
5.3330e-02,-0.00953125,0.0002075
5.3340e-02,-0.0075,0.00053
5.3350e-02,-0.01375,-8e-05
5.3360e-02,-0.015625,0.000323125
5.3370e-02,-0.00875,0.000275938
5.3380e-02,-0.0115625,-0.000392188
5.3390e-02,-0.029375,-8.28125e-05
5.3400e-02,-0.0182812,0.00013
5.3410e-02,-0.009375,0.00072375
5.3420e-02,-0.0245313,-2.71875e-05
5.3430e-02,-0.0075,-8.4375e-05
5.3440e-02,-0.0165625,-0.000708438
5.3450e-02,-0.0157813,-0.000284688
5.3460e-02,-0.024375,-0.000557188
5.3470e-02,-0.00265625,-0.000392813
5.3480e-02,-0.0235938,0.000310313
5.3490e-02,-0.0253125,-0.000194688
5.3500e-02,-0.0148437,-0.0002475
5.3510e-02,-0.0257812,0.000347188
5.3520e-02,-0.0179687,0.000496875
5.3530e-02,-0.019375,0.000188438
5.3540e-02,-0.0142188,-0.000118438
5.3550e-02,-0.019375,0.0001375
5.3560e-02,-0.0235938,2.59375e-05
5.3570e-02,-0.0201563,-0.00056875
5.3580e-02,-0.00734375,0.00040625
5.3590e-02,-0.0160938,-0.000365
5.3600e-02,-0.0159375,0.000399375
5.3610e-02,-0.01375,9.75e-05
5.3620e-02,-0.0114062,0.000262187
5.3630e-02,-0.0201563,-0.000484688
5.3640e-02,-0.0139063,5.84375e-05
5.3650e-02,-0.0154687,-7.8125e-06
5.3660e-02,-0.0203125,-3.53125e-05
5.3670e-02,-0.0254688,-0.000117188
5.3680e-02,-0.0201563,0.000235
5.3690e-02,-0.0196875,6.03125e-05
5.3700e-02,-0.0175,-0.000110313
5.3710e-02,-0.0217188,-0.00032125
5.3720e-02,-0.0260937,-0.0002675
5.3730e-02,-0.0140625,0.000426563
5.3740e-02,-0.0184375,0.000360313
5.3750e-02,-0.0214063,0.0002225
5.3760e-02,-0.0225,-0.000116875
5.3770e-02,-0.0185937,-0.000220938
5.3780e-02,-0.0151562,0.000140938
5.3790e-02,-0.025,-0.000345625
5.3800e-02,-0.0128125,-0.000327813
5.3810e-02,-0.01125,-0.00037125
5.3820e-02,-0.0198438,-0.000227188
5.3830e-02,-0.0295313,0.000428438
5.3840e-02,-0.0373438,0.000195
5.3850e-02,-0.0157813,-0.000316563
5.3860e-02,-0.0207813,0.000274375
5.3870e-02,-0.0198438,-0.000224063
5.3880e-02,-0.02125,-3.5625e-05
5.3890e-02,-0.0285938,-9.8125e-05
5.3900e-02,-0.0251563,0.000212188
5.3910e-02,-0.0245313,-0.000174688
5.3920e-02,-0.0314062,8.53125e-05
5.3930e-02,-0.0248438,0.000513438
5.3940e-02,-0.0225,-0.000665313
5.3950e-02,-0.0264062,0.000336563
5.3960e-02,-0.0335937,-0.00017875
5.3970e-02,-0.0228125,-4.40625e-05
5.3980e-02,-0.0201563,0.000269063
5.3990e-02,-0.028125,-0.00022875
5.4000e-02,-0.0257812,0.000289375
5.4010e-02,-0.0129688,0.000132813
5.4020e-02,-0.0239063,0.0004225
5.4030e-02,-0.025625,-0.000118125
5.4040e-02,-0.0210938,-9.75e-05
5.4050e-02,-0.0307813,-0.0006175
5.4060e-02,-0.0228125,0.000114063
5.4070e-02,-0.0165625,-6.875e-06
5.4080e-02,-0.0248438,4.96875e-05
5.4090e-02,-0.0284375,-9.125e-05
5.4100e-02,-0.0295313,0.000131563
5.4110e-02,-0.03125,0.000346875
5.4120e-02,-0.018125,-0.000402813
5.4130e-02,-0.0295313,0.000366875
5.4140e-02,-0.0189062,-7.5625e-05
5.4150e-02,-0.0253125,0.000110938
5.4160e-02,-0.0307813,-0.000371875
5.4170e-02,-0.023125,-0.00063625
5.4180e-02,-0.03,-0.000505
5.4190e-02,-0.0260937,0.000401563
5.4200e-02,-0.0257812,0.000476563
5.4210e-02,-0.0114062,0.000109688
5.4220e-02,-0.0284375,8.15625e-05
5.4230e-02,-0.0315625,0.000900625
5.4240e-02,-0.0240625,8.84375e-05
5.4250e-02,-0.0289063,0.000150313
5.4260e-02,-0.02875,0.0006725
5.4270e-02,-0.0251563,-8.75e-05
5.4280e-02,-0.033125,-0.000495938
5.4290e-02,-0.0375,-0.000154063
5.4300e-02,-0.0364063,0.00011625
5.4310e-02,-0.0239063,0.000336563
5.4320e-02,-0.034375,0.000430313
5.4330e-02,-0.0221875,0.000265
5.4340e-02,-0.0307813,0.000829063
5.4350e-02,-0.029375,0.000253438
5.4360e-02,-0.0404687,0.000233125
5.4370e-02,-0.0276563,0.00012
5.4380e-02,-0.0279688,-7.21875e-05
5.4390e-02,-0.0270312,0.000405938
5.4400e-02,-0.0295313,0.000656563
5.4410e-02,-0.0271875,0.000311875
5.4420e-02,-0.0378125,-0.000227188
5.4430e-02,-0.0284375,1.90625e-05
5.4440e-02,-0.035625,-0.000571563
5.4450e-02,-0.0239063,-2.5e-06
5.4460e-02,-0.0270312,0.000114688
5.4470e-02,-0.03125,1.875e-05
5.4480e-02,-0.0234375,0.00015125
5.4490e-02,-0.0289063,-0.000458438
5.4500e-02,-0.0239063,0.000228125
5.4510e-02,-0.0376563,1.28125e-05
5.4520e-02,-0.0264062,0.000315
5.4530e-02,-0.026875,0.000109688
5.4540e-02,-0.0279688,0.00039
5.4550e-02,-0.0251563,0.00019
5.4560e-02,-0.021875,0.00037
5.4570e-02,-0.0271875,0.000180313
5.4580e-02,-0.0234375,-0.000308438
5.4590e-02,-0.0253125,3.71875e-05
5.4600e-02,-0.0346875,-5.125e-05
5.4610e-02,-0.0335937,0.000545313
5.4620e-02,-0.035625,-0.000105938
5.4630e-02,-0.0267187,0.000184063
5.4640e-02,-0.03125,0.000570625
5.4650e-02,-0.018125,0.000449063
5.4660e-02,-0.0315625,0.000200625
5.4670e-02,-0.0434375,-4.09375e-05
5.4680e-02,-0.0279688,-0.000130313
5.4690e-02,-0.0335937,-2.03125e-05
5.4700e-02,-0.0326562,7.09375e-05
5.4710e-02,-0.0325,4.8125e-05
5.4720e-02,-0.03375,4.84375e-05
5.4730e-02,-0.0259375,-0.000294062
5.4740e-02,-0.0253125,-7.375e-05
5.4750e-02,-0.0279688,-0.00011
5.4760e-02,-0.0292188,-0.000123125
5.4770e-02,-0.0251563,-0.000169688
5.4780e-02,-0.021875,0.000104063
5.4790e-02,-0.0275,9.6875e-05
5.4800e-02,-0.0323438,0.000250313
5.4810e-02,-0.026875,0.000439375
5.4820e-02,-0.0284375,0.000170313
5.4830e-02,-0.0323438,-0.00014125
5.4840e-02,-0.0373438,-0.000725313
5.4850e-02,-0.0323438,0.000914375
5.4860e-02,-0.0489062,0.000103125
5.4870e-02,-0.0245313,-0.00018875
5.4880e-02,-0.0282813,-0.000231875
5.4890e-02,-0.0371875,-0.000612188
5.4900e-02,-0.0317188,8.09375e-05
5.4910e-02,-0.02,0.00085
5.4920e-02,-0.0401563,0.000474375
5.4930e-02,-0.0323438,0.000296875
5.4940e-02,-0.0346875,0.000614063
5.4950e-02,-0.0321875,0.0001675
5.4960e-02,-0.029375,-3.75e-05
5.4970e-02,-0.0417187,0.000558125
5.4980e-02,-0.0289063,0.000530313
5.4990e-02,-0.0223437,-0.00039125
5.5000e-02,-0.0340625,-0.000229063
5.5010e-02,-0.0396875,0.000355
5.5020e-02,-0.0365625,0.000155938
5.5030e-02,-0.0432813,-0.00072125
5.5040e-02,-0.0328125,0.000178438
5.5050e-02,-0.030625,-6.75e-05
5.5060e-02,-0.0371875,-0.000172188
5.5070e-02,-0.0359375,-0.000474688
5.5080e-02,-0.0242188,9.75e-05
5.5090e-02,-0.0282813,0.000392813
5.5100e-02,-0.0532813,0.000323125
5.5110e-02,-0.0360938,0.000259688
5.5120e-02,-0.0489062,-0.0001
5.5130e-02,-0.0448438,0.000580313
5.5140e-02,-0.0292188,-0.000203438
5.5150e-02,-0.0320312,0.000265313
5.5160e-02,-0.044375,0.000256563
5.5170e-02,-0.035625,0.0003475
5.5180e-02,-0.0254688,0.000133125
5.5190e-02,-0.0196875,0.000165938
5.5200e-02,-0.033125,0.000190938
5.5210e-02,-0.0332812,0.000142188
5.5220e-02,-0.0410937,2.6875e-05
5.5230e-02,-0.0342187,-0.00035875
5.5240e-02,-0.0348437,3.46875e-05
5.5250e-02,-0.0229687,2.6875e-05
5.5260e-02,-0.0390625,-0.00013125
5.5270e-02,-0.0215625,-4.75e-05
5.5280e-02,-0.0228125,0.000109375
5.5290e-02,-0.03625,-0.000135625
5.5300e-02,-0.0335937,-5.09375e-05
5.5310e-02,-0.048125,-0.000187813
5.5320e-02,-0.0365625,-0.000421563
5.5330e-02,-0.0309375,0.000287188
5.5340e-02,-0.026875,-0.000525625
5.5350e-02,-0.0384375,0.000295625
5.5360e-02,-0.0396875,0.000407813
5.5370e-02,-0.035,-0.000112813
5.5380e-02,-0.0454688,0.000705
5.5390e-02,-0.0251563,0.000126875
5.5400e-02,-0.0335937,-0.0007775
5.5410e-02,-0.0395313,-0.000317813
5.5420e-02,-0.0332812,0.00107031
5.5430e-02,-0.0401563,8.90625e-05
5.5440e-02,-0.0310937,1.21875e-05
5.5450e-02,-0.0345312,0.000147188
5.5460e-02,-0.0403125,0.000217813
5.5470e-02,-0.0301563,0.00014
5.5480e-02,-0.04375,0.00011375
5.5490e-02,-0.0379688,-0.000193438
5.5500e-02,-0.0284375,0.000327188
5.5510e-02,-0.0329688,0.000359375
5.5520e-02,-0.0345312,0.000595938
5.5530e-02,-0.0423437,4.65625e-05
5.5540e-02,-0.0346875,0.000238125
5.5550e-02,-0.0270312,-0.000330938
5.5560e-02,-0.0348437,0.000439375
5.5570e-02,-0.0304688,0.000183125
5.5580e-02,-0.0503125,0.0002
5.5590e-02,-0.0440625,-0.00034125
5.5600e-02,-0.0253125,0.000233438
5.5610e-02,-0.04,1.875e-05
5.5620e-02,-0.0335937,-0.000374063
5.5630e-02,-0.0367188,0.000801563
5.5640e-02,-0.0371875,0.000196563
5.5650e-02,-0.039375,9.78125e-05
5.5660e-02,-0.0417187,0.000365
5.5670e-02,-0.02625,-0.000392188
5.5680e-02,-0.0476562,-0.00047875
5.5690e-02,-0.0376563,-0.000630938
5.5700e-02,-0.048125,-0.000228438
5.5710e-02,-0.0284375,-0.00016625
5.5720e-02,-0.0460938,-0.000556563
5.5730e-02,-0.0439063,0.000722813
5.5740e-02,-0.0359375,0.000572187
5.5750e-02,-0.0321875,0.000116563
5.5760e-02,-0.0292188,0.00030625
5.5770e-02,-0.0342187,0.000657188
5.5780e-02,-0.0359375,6.65625e-05
5.5790e-02,-0.0242188,-5.0625e-05
5.5800e-02,-0.03375,0.000204375
5.5810e-02,-0.039375,0.000190313
5.5820e-02,-0.045625,0.000513438
5.5830e-02,-0.0314062,-0.000358438
5.5840e-02,-0.04125,0.000282188
5.5850e-02,-0.0417187,-9.65625e-05
5.5860e-02,-0.0414063,0.000157188
5.5870e-02,-0.0323438,-0.000199688
5.5880e-02,-0.0373438,0.000291563
5.5890e-02,-0.0265625,0.00022875
5.5900e-02,-0.0371875,0.000245938
5.5910e-02,-0.0346875,-1.75e-05
5.5920e-02,-0.0385937,0.0006575
5.5930e-02,-0.038125,-0.00047625
5.5940e-02,-0.0421875,-0.000701875
5.5950e-02,-0.0417187,-6.84375e-05
5.5960e-02,-0.0225,-7.34375e-05
5.5970e-02,-0.0407813,-0.0003625
5.5980e-02,-0.0515625,-0.000409688
5.5990e-02,-0.0514063,-0.000190313
5.6000e-02,-0.0275,-0.000358125
5.6010e-02,-0.030625,-0.00100813
5.6020e-02,-0.0254688,-9.375e-07
5.6030e-02,-0.0373438,0.00101438
5.6040e-02,-0.034375,0.00040875
5.6050e-02,-0.0340625,1.65625e-05
5.6060e-02,-0.0389063,-0.000469063
5.6070e-02,-0.0415625,-0.00054375
5.6080e-02,-0.0426562,-3.90625e-05
5.6090e-02,-0.04125,0.000197813
5.6100e-02,-0.0340625,0.000478125
5.6110e-02,-0.0445313,-0.000180625
5.6120e-02,-0.0407813,0.000377188
5.6130e-02,-0.033125,0.000515625
5.6140e-02,-0.0332812,-8.9375e-05
5.6150e-02,-0.0435938,0.000365313
5.6160e-02,-0.0457813,0.000929063
5.6170e-02,-0.0467188,0.000272812
5.6180e-02,-0.0348437,-0.000124688
5.6190e-02,-0.0353125,-0.000438125
5.6200e-02,-0.0482812,9.6875e-05
5.6210e-02,-0.0425,0.000272188
5.6220e-02,-0.0384375,2.59375e-05
5.6230e-02,-0.0353125,0.000795938
5.6240e-02,-0.0429688,-0.000336563
5.6250e-02,-0.0257812,-0.00079625
5.6260e-02,-0.0364063,-0.0004875
5.6270e-02,-0.0382813,-0.000160625
5.6280e-02,-0.0353125,0.00061625
5.6290e-02,-0.030625,0.000266563
5.6300e-02,-0.0357813,0.00038625
5.6310e-02,-0.0407813,-0.0005275
5.6320e-02,-0.044375,-0.000831875
5.6330e-02,-0.04625,-0.00031625
5.6340e-02,-0.048125,-9.8125e-05
5.6350e-02,-0.04375,0.00132094
5.6360e-02,-0.035,0.000600313
5.6370e-02,-0.038125,-0.00017875
5.6380e-02,-0.0410937,-0.000910938
5.6390e-02,-0.0384375,-0.00046
5.6400e-02,-0.0417187,-2.5e-05
5.6410e-02,-0.0303125,0.000395
5.6420e-02,-0.0357813,0.00133813
5.6430e-02,-0.046875,0.000891563
5.6440e-02,-0.0521875,-7.21875e-05
5.6450e-02,-0.0439063,-0.00106125
5.6460e-02,-0.0354688,-0.000393438
5.6470e-02,-0.0496875,0.000449375
5.6480e-02,-0.045,0.00124
5.6490e-02,-0.0373438,0.000837813
5.6500e-02,-0.0390625,9.125e-05
5.6510e-02,-0.0282813,-0.00144219
5.6520e-02,-0.0321875,-0.00121313
5.6530e-02,-0.0517188,-0.0004375
5.6540e-02,-0.0454688,0.00073125
5.6550e-02,-0.03875,0.00110031
5.6560e-02,-0.0253125,0.000789063
5.6570e-02,-0.0415625,-0.00016375
5.6580e-02,-0.034375,-0.000966563
5.6590e-02,-0.043125,-0.00155094
5.6600e-02,-0.0484375,-2.03125e-05
5.6610e-02,-0.0407813,0.000713438
5.6620e-02,-0.0429688,0.00118969
5.6630e-02,-0.035,0.00114875
5.6640e-02,-0.0410937,0.000338125
5.6650e-02,-0.0396875,-0.000745625
5.6660e-02,-0.0510938,-0.0005625
5.6670e-02,-0.0485938,0.000124375
5.6680e-02,-0.0379688,0.00064375
5.6690e-02,-0.0292188,0.000786875
5.6700e-02,-0.03875,-0.000814063
5.6710e-02,-0.04875,-0.00141344
5.6720e-02,-0.0359375,-0.000760625
5.6730e-02,-0.0278125,-3.71875e-05
5.6740e-02,-0.0360938,-1.5e-05
5.6750e-02,-0.0325,0.00022125
5.6760e-02,-0.0301563,0.0005475
5.6770e-02,-0.0476562,-0.000355625
5.6780e-02,-0.0515625,-9.71875e-05
5.6790e-02,-0.0428125,0.00026375
5.6800e-02,-0.0301563,6.3125e-05
5.6810e-02,-0.0278125,0.000666563
5.6820e-02,-0.0403125,1.46875e-05
5.6830e-02,-0.0389063,0.000437188
5.6840e-02,-0.0403125,-0.000592188
5.6850e-02,-0.0532813,0.000381563
5.6860e-02,-0.0310937,-9.4375e-05
5.6870e-02,-0.0454688,0.0003375
5.6880e-02,-0.041875,0.000233438
5.6890e-02,-0.0345312,-0.000435938
5.6900e-02,-0.0296875,-0.000567188
5.6910e-02,-0.0398437,-0.0002225
5.6920e-02,-0.0376563,-0.000284063
5.6930e-02,-0.045,0.000546563
5.6940e-02,-0.041875,0.000586563
5.6950e-02,-0.0285938,0.000379375
5.6960e-02,-0.0478125,0.000178125
5.6970e-02,-0.0475,0.000164688
5.6980e-02,-0.0351562,1.96875e-05
5.6990e-02,-0.0429688,0.000406875
5.7000e-02,-0.0321875,0.000586875
5.7010e-02,-0.0451563,0.000499063
5.7020e-02,-0.0340625,-0.000285625
5.7030e-02,-0.0382813,-0.000174375
5.7040e-02,-0.045,6.96875e-05
5.7050e-02,-0.0379688,-0.000357813
5.7060e-02,-0.0346875,-0.000309375
5.7070e-02,-0.0245313,0.000192813
5.7080e-02,-0.041875,0.000405313
5.7090e-02,-0.040625,-5.25e-05
5.7100e-02,-0.0379688,0.000249063
5.7110e-02,-0.0451563,0.00049
5.7120e-02,-0.038125,0.00047875
5.7130e-02,-0.0390625,0.000232813
5.7140e-02,-0.0365625,0.000459063
5.7150e-02,-0.0392187,0.000128437
5.7160e-02,-0.0478125,-4.34375e-05
5.7170e-02,-0.043125,-2.21875e-05
5.7180e-02,-0.0495312,7.9375e-05
5.7190e-02,-0.0534375,3.65625e-05
5.7200e-02,-0.0423437,0.000325313
5.7210e-02,-0.0473438,0.000125938
5.7220e-02,-0.0351562,-0.00029875
5.7230e-02,-0.035625,-0.000388438
5.7240e-02,-0.03125,-0.000679688
5.7250e-02,-0.0529687,7.71875e-05
5.7260e-02,-0.0521875,0.000310313
5.7270e-02,-0.0379688,0.00060625
5.7280e-02,-0.0451563,4.875e-05
5.7290e-02,-0.0364063,0.000195938
5.7300e-02,-0.0485938,-0.000252812
5.7310e-02,-0.0492188,-8.75e-06
5.7320e-02,-0.0435938,0.000134375
5.7330e-02,-0.0432813,-1.875e-06
5.7340e-02,-0.0514063,-0.000332813
5.7350e-02,-0.0389063,-0.0004975
5.7360e-02,-0.0421875,-0.000325313
5.7370e-02,-0.0415625,-0.000453438
5.7380e-02,-0.03625,-4.21875e-05
5.7390e-02,-0.0459375,-1.34375e-05
5.7400e-02,-0.0453125,0.000162188
5.7410e-02,-0.0392187,0.000155
5.7420e-02,-0.0453125,-0.0001475
5.7430e-02,-0.0479688,-0.000218438
5.7440e-02,-0.0507812,0.000177188
5.7450e-02,-0.041875,0.00022875
5.7460e-02,-0.0404687,0.0002225
5.7470e-02,-0.0307813,0.000303438
5.7480e-02,-0.0526563,-0.00014
5.7490e-02,-0.0498438,9.75e-05
5.7500e-02,-0.040625,-0.00026
5.7510e-02,-0.0442188,1.875e-05
5.7520e-02,-0.03625,-0.00013375
5.7530e-02,-0.0404687,-0.000129688
5.7540e-02,-0.0425,-3.375e-05
5.7550e-02,-0.0403125,8.25e-05
5.7560e-02,-0.0371875,-0.000480313
5.7570e-02,-0.0417187,9.9375e-05
5.7580e-02,-0.0329688,9.25e-05
5.7590e-02,-0.0403125,5.40625e-05
5.7600e-02,-0.0339062,-0.00024
5.7610e-02,-0.0428125,-0.000194375
5.7620e-02,-0.045625,-0.000615
5.7630e-02,-0.040625,-0.000265313
5.7640e-02,-0.0546875,-3.8125e-05
5.7650e-02,-0.0451563,0.000110313
5.7660e-02,-0.0409375,0.000101563
5.7670e-02,-0.0459375,-3e-05
5.7680e-02,-0.0292188,-3.15625e-05
5.7690e-02,-0.0364063,-0.000258438
5.7700e-02,-0.045,0.000106563
5.7710e-02,-0.0496875,0.000244688
5.7720e-02,-0.0390625,0.000307188
5.7730e-02,-0.0384375,-0.000211875
5.7740e-02,-0.0382813,-0.000270313
5.7750e-02,-0.0403125,-0.0008625
5.7760e-02,-0.0378125,-0.000235
5.7770e-02,-0.05375,-9.8125e-05
5.7780e-02,-0.0392187,7.8125e-05
5.7790e-02,-0.0464062,-0.000186563
5.7800e-02,-0.0529687,0.00012875
5.7810e-02,-0.0423437,1.125e-05
5.7820e-02,-0.04375,-5.375e-05
5.7830e-02,-0.0420312,6.0625e-05
5.7840e-02,-0.0323438,0.00075375
5.7850e-02,-0.0407813,0.000431563
5.7860e-02,-0.0423437,-0.000374375
5.7870e-02,-0.0359375,1.21875e-05
5.7880e-02,-0.0426562,-0.000329375
5.7890e-02,-0.028125,-7.6875e-05
5.7900e-02,-0.0367188,0.000829375
5.7910e-02,-0.0346875,-7.4375e-05
5.7920e-02,-0.0334375,-4.09375e-05
5.7930e-02,-0.0503125,0.000238125
5.7940e-02,-0.0429688,-0.000526563
5.7950e-02,-0.0407813,0.000143438
5.7960e-02,-0.0395313,0.000196563
5.7970e-02,-0.0415625,-0.000251562
5.7980e-02,-0.0332812,-0.000614063
5.7990e-02,-0.0345312,-3.875e-05
5.8000e-02,-0.0359375,-0.0005425
5.8010e-02,-0.0373438,-0.000104375
5.8020e-02,-0.0310937,0.000375625
5.8030e-02,-0.0478125,7.90625e-05
5.8040e-02,-0.0448438,0.000199375
5.8050e-02,-0.0470312,-0.000792188
5.8060e-02,-0.055625,6.25e-05
5.8070e-02,-0.0495312,-0.000577813
5.8080e-02,-0.046875,-0.000138438
5.8090e-02,-0.0376563,-0.0002525
5.8100e-02,-0.036875,-0.000652188
5.8110e-02,-0.0371875,-0.0001925
5.8120e-02,-0.0375,-3.8125e-05
5.8130e-02,-0.038125,-0.00130156
5.8140e-02,-0.0509375,-0.000844375
5.8150e-02,-0.0509375,-0.00106969
5.8160e-02,-0.0557813,0.000249375
5.8170e-02,-0.041875,-0.00083
5.8180e-02,-0.04,-0.000427813
5.8190e-02,-0.0475,6.75e-05
5.8200e-02,-0.043125,-8.28125e-05
5.8210e-02,-0.0353125,0.000354688
5.8220e-02,-0.041875,0.000379063
5.8230e-02,-0.0340625,-0.000319063
5.8240e-02,-0.033125,-0.000243438
5.8250e-02,-0.0410937,-0.00017875
5.8260e-02,-0.0421875,-0.000717813
5.8270e-02,-0.0521875,-0.000364063
5.8280e-02,-0.0489062,-0.00046125
5.8290e-02,-0.0520313,-0.000405938
5.8300e-02,-0.0507812,5.90625e-05
5.8310e-02,-0.0432813,-0.000349063
5.8320e-02,-0.0403125,-0.000223125
5.8330e-02,-0.0448438,-0.00041625
5.8340e-02,-0.05625,-0.00041
5.8350e-02,-0.0376563,0.00031375
5.8360e-02,-0.0523437,0.00010375
5.8370e-02,-0.0407813,1e-05
5.8380e-02,-0.0429688,-0.000410625
5.8390e-02,-0.0454688,6.1875e-05
5.8400e-02,-0.051875,-0.000584688
5.8410e-02,-0.0482812,-0.000552188
5.8420e-02,-0.0420312,0.000380938
5.8430e-02,-0.0382813,-0.000118125
5.8440e-02,-0.0371875,0.000172188
5.8450e-02,-0.040625,0.000111563
5.8460e-02,-0.0470312,0.000747813
5.8470e-02,-0.0459375,-0.000366875
5.8480e-02,-0.0464062,-0.000619688
5.8490e-02,-0.0421875,-0.00035625
5.8500e-02,-0.04,-0.000376875
5.8510e-02,-0.0407813,-0.000290313
5.8520e-02,-0.0445313,-0.000412188
5.8530e-02,-0.0504687,-0.000188438
5.8540e-02,-0.0392187,0.000187188
5.8550e-02,-0.0351562,-0.000871563
5.8560e-02,-0.0428125,0.000217813
5.8570e-02,-0.0485938,0.000415313
5.8580e-02,-0.0407813,0.000281563
5.8590e-02,-0.0453125,0.000321875
5.8600e-02,-0.03625,0.000413438
5.8610e-02,-0.0335937,0.000215625
5.8620e-02,-0.0390625,0.00066375
5.8630e-02,-0.035625,0.000340313
5.8640e-02,-0.05625,-0.00060375
5.8650e-02,-0.0510938,0.00066
5.8660e-02,-0.04,0.00089375
5.8670e-02,-0.0448438,0.000454063
5.8680e-02,-0.040625,0.0004125
5.8690e-02,-0.0335937,5.21875e-05
5.8700e-02,-0.0446875,-0.000437813
5.8710e-02,-0.0432813,0.000533125
5.8720e-02,-0.0360938,-0.000161875
5.8730e-02,-0.0375,0.000167188
5.8740e-02,-0.0335937,-0.000537813
5.8750e-02,-0.0485938,-0.00026125
5.8760e-02,-0.044375,-0.0001325
5.8770e-02,-0.0382813,0.000334688
5.8780e-02,-0.0339062,0.00024125
5.8790e-02,-0.0514063,0.00023
5.8800e-02,-0.0429688,0.000284063
5.8810e-02,-0.04375,5.8125e-05
5.8820e-02,-0.0323438,-0.000168438
5.8830e-02,-0.0396875,0.0001425
5.8840e-02,-0.050625,3.5e-05
5.8850e-02,-0.0479688,-0.000210625
5.8860e-02,-0.0389063,0.00016
5.8870e-02,-0.04375,0.00029875
5.8880e-02,-0.0389063,-0.000599063
5.8890e-02,-0.0504687,-0.000218438
5.8900e-02,-0.0523437,-0.000174375
5.8910e-02,-0.0435938,-0.000269688
5.8920e-02,-0.048125,-0.0002975
5.8930e-02,-0.0460938,2.875e-05
5.8940e-02,-0.0489062,-0.00031125
5.8950e-02,-0.0492188,0.000285
5.8960e-02,-0.044375,-0.000559375
5.8970e-02,-0.0407813,-0.000590313
5.8980e-02,-0.0410937,-7.1875e-05
5.8990e-02,-0.05125,0.000198125
5.9000e-02,-0.0407813,0.000355938
5.9010e-02,-0.0434375,0.000300313
5.9020e-02,-0.0395313,0.000215938
5.9030e-02,-0.043125,-9.53125e-05
5.9040e-02,-0.05125,0.000390625
5.9050e-02,-0.039375,-5.53125e-05
5.9060e-02,-0.045,-0.000600625
5.9070e-02,-0.0489062,0.000245313
5.9080e-02,-0.0440625,0.000205938
5.9090e-02,-0.0384375,-0.000111563
5.9100e-02,-0.0390625,-0.000110313
5.9110e-02,-0.035625,-7.71875e-05
5.9120e-02,-0.036875,-2.5e-05
5.9130e-02,-0.0417187,-0.000157813
5.9140e-02,-0.0385937,-9.71875e-05
5.9150e-02,-0.04875,-0.000209688
5.9160e-02,-0.053125,-0.0001775
5.9170e-02,-0.0451563,-1.875e-06
5.9180e-02,-0.0385937,0.000998125
5.9190e-02,-0.0423437,-2.21875e-05
5.9200e-02,-0.0451563,0.000112188
5.9210e-02,-0.056875,2.25e-05
5.9220e-02,-0.049375,-0.0004575
5.9230e-02,-0.0296875,-0.0003
5.9240e-02,-0.0326562,6.6875e-05
5.9250e-02,-0.03875,0.000111875
5.9260e-02,-0.039375,0.00039625
5.9270e-02,-0.0354688,-0.000290313
5.9280e-02,-0.0354688,-0.000255938
5.9290e-02,-0.044375,6.34375e-05
5.9300e-02,-0.0489062,0.000109688
5.9310e-02,-0.0448438,-0.000102813
5.9320e-02,-0.0359375,-0.000221875
5.9330e-02,-0.0509375,0.000400625
5.9340e-02,-0.0517188,0.000161563
5.9350e-02,-0.050625,9.90625e-05
5.9360e-02,-0.0529687,0.000372813
5.9370e-02,-0.043125,0.000135938
5.9380e-02,-0.0514063,0.000644375
5.9390e-02,-0.0495312,0.000559375
5.9400e-02,-0.0421875,0.000244375
5.9410e-02,-0.0370313,0.000402813
5.9420e-02,-0.0360938,0.000405625
5.9430e-02,-0.0454688,-0.000215938
5.9440e-02,-0.0415625,-0.000299063
5.9450e-02,-0.0504687,0.000193438
5.9460e-02,-0.0365625,-0.000344063
5.9470e-02,-0.0528125,0.00022375
5.9480e-02,-0.05125,0.00023375
5.9490e-02,-0.0564063,0.00075125
5.9500e-02,-0.0376563,0.000806875
5.9510e-02,-0.0579687,0.000549688
5.9520e-02,-0.0503125,1.90625e-05
5.9530e-02,-0.0379688,-0.00013375
5.9540e-02,-0.0403125,-0.000205
5.9550e-02,-0.051875,5.28125e-05
5.9560e-02,-0.0523437,0.0007225
5.9570e-02,-0.0515625,8.0625e-05
5.9580e-02,-0.0485938,-0.00022625
5.9590e-02,-0.0395313,5.75e-05
5.9600e-02,-0.0457813,-0.000330938
5.9610e-02,-0.0596875,9.75e-05
5.9620e-02,-0.0354688,0.000331875
5.9630e-02,-0.0423437,0.000197813
5.9640e-02,-0.0454688,4.0625e-05
5.9650e-02,-0.0470312,6.5625e-05
5.9660e-02,-0.0528125,-0.000115313
5.9670e-02,-0.0495312,0.000115625
5.9680e-02,-0.0498438,4.28125e-05
5.9690e-02,-0.04,0.000138438
5.9700e-02,-0.044375,-0.0002775
5.9710e-02,-0.0475,-0.0007575
5.9720e-02,-0.0479688,-7.46875e-05
5.9730e-02,-0.046875,-3.34375e-05
5.9740e-02,-0.041875,-0.000169063
5.9750e-02,-0.0345312,-0.000356875
5.9760e-02,-0.05,-0.000133125
5.9770e-02,-0.0409375,5.53125e-05
5.9780e-02,-0.058125,4.375e-05
5.9790e-02,-0.0339062,1.40625e-05
5.9800e-02,-0.0525,-0.000398125
5.9810e-02,-0.0495312,-0.000760625
5.9820e-02,-0.0415625,-0.000643438
5.9830e-02,-0.0404687,0.000200938
5.9840e-02,-0.0385937,-0.000749063
5.9850e-02,-0.0435938,-0.000562188
5.9860e-02,-0.045,-0.00042
5.9870e-02,-0.040625,-0.000233125
5.9880e-02,-0.0392187,0.000237813
5.9890e-02,-0.044375,0.00044375
5.9900e-02,-0.0514063,-0.0001075
5.9910e-02,-0.0417187,0.000386563
5.9920e-02,-0.0403125,0.000124375
5.9930e-02,-0.0407813,-0.00050125
5.9940e-02,-0.0509375,-0.000254688
5.9950e-02,-0.045625,1.15625e-05
5.9960e-02,-0.051875,0.000378438
5.9970e-02,-0.040625,2.8125e-06
5.9980e-02,-0.0548437,-0.000194063
5.9990e-02,-0.0509375,0.000381563
6.0000e-02,-0.0557813,-0.000405
6.0010e-02,-0.0465625,0.000655938
6.0020e-02,-0.0414063,0.000373438
6.0030e-02,-0.0465625,-1.1875e-05
6.0040e-02,-0.0448438,-0.000544688
6.0050e-02,-0.0442188,-0.000369063
6.0060e-02,-0.0451563,0.000195
6.0070e-02,-0.038125,-0.000243438
6.0080e-02,-0.0460938,0.000608438
6.0090e-02,-0.03625,0.00064125
6.0100e-02,-0.0389063,0.000395625
6.0110e-02,-0.0423437,-5e-06
6.0120e-02,-0.0464062,-0.000330313
6.0130e-02,-0.0557813,0.000115625
6.0140e-02,-0.0415625,0.000960313
6.0150e-02,-0.0528125,7.4375e-05
6.0160e-02,-0.0490625,6.15625e-05
6.0170e-02,-0.0407813,-5.3125e-06
6.0180e-02,-0.0489062,-0.00111281
6.0190e-02,-0.0332812,-0.000446563
6.0200e-02,-0.0475,-4.25e-05
6.0210e-02,-0.0476562,0.000998437
6.0220e-02,-0.0365625,0.000805938
6.0230e-02,-0.0425,-0.000561562
6.0240e-02,-0.0503125,-0.000971875
6.0250e-02,-0.0475,-0.000612813
6.0260e-02,-0.0529687,-0.000190313
6.0270e-02,-0.0376563,0.000728438
6.0280e-02,-0.0501562,0.000533438
6.0290e-02,-0.0364063,0.000129062
6.0300e-02,-0.0446875,3.1875e-05
6.0310e-02,-0.0465625,-0.000826563
6.0320e-02,-0.0521875,-0.00084625
6.0330e-02,-0.0551563,9.96875e-05
6.0340e-02,-0.0565625,0.00128156
6.0350e-02,-0.0515625,0.00121625
6.0360e-02,-0.0434375,0.000300938
6.0370e-02,-0.03875,-0.000281875
6.0380e-02,-0.04875,-0.000856875
6.0390e-02,-0.045625,-0.000224688
6.0400e-02,-0.049375,0.000692188
6.0410e-02,-0.0504687,0.00111531
6.0420e-02,-0.0492188,0.00124656
6.0430e-02,-0.050625,0.00101188
6.0440e-02,-0.04375,0.00103656
6.0450e-02,-0.0482812,0.0009075
6.0460e-02,-0.05,0.00111125
6.0470e-02,-0.0489062,0.000937188
6.0480e-02,-0.0467188,0.00114406
6.0490e-02,1.80266,-0.00223125
6.0500e-02,1.64047,-0.00531563
6.0510e-02,1.29313,-0.00658969
6.0520e-02,-0.304688,-0.00787094
6.0530e-02,0.179219,-0.00713719
6.0540e-02,0.111094,-0.00710906
6.0550e-02,0.0995313,-0.00696031
6.0560e-02,0.0732812,-0.00707656
6.0570e-02,0.0614062,-0.00700594
6.0580e-02,0.05375,-0.00699938
6.0590e-02,0.0664062,-0.00695813
6.0600e-02,0.0570312,-0.00692063
6.0610e-02,0.046875,-0.00710406
6.0620e-02,0.0507812,-0.00707375
6.0630e-02,0.02875,-0.00669406
6.0640e-02,0.0354688,-0.00694063
6.0650e-02,0.0382813,-0.00675688
6.0660e-02,0.0354688,-0.00671063
6.0670e-02,0.0198438,-0.00699
6.0680e-02,0.034375,-0.006875
6.0690e-02,0.0110937,-0.00702406
6.0700e-02,0.0090625,-0.006835
6.0710e-02,0.0264063,-0.00691375
6.0720e-02,0.0117188,-0.00691656
6.0730e-02,0.0129687,-0.00671
6.0740e-02,0.00515625,-0.00513188
6.0750e-02,0.00453125,-0.00111563
6.0760e-02,0.0109375,0.000890938
6.0770e-02,0.014375,-0.000485313
6.0780e-02,0.0159375,-0.00151844
6.0790e-02,0.00921875,-0.00179125
6.0800e-02,0.006875,-0.00100469
6.0810e-02,0.01625,0.000665313
6.0820e-02,0.0128125,0.00123688
6.0830e-02,0.00890625,0.00106437
6.0840e-02,0.00375,-0.000366875
6.0850e-02,0.0040625,-0.00111656
6.0860e-02,0.005625,-0.00010125
6.0870e-02,0.0179688,0.000125625
6.0880e-02,0.000625,0.00140281
6.0890e-02,0.00765625,0.00139188
6.0900e-02,0.0021875,-8.71875e-05
6.0910e-02,0.001875,-0.000980313
6.0920e-02,0.00359375,-0.000709375
6.0930e-02,0.00421875,0.000278438
6.0940e-02,0.0128125,0.000987188
6.0950e-02,0.005,0.000737813
6.0960e-02,-0.00109375,0.000138438
6.0970e-02,-0.00859375,-0.000799375
6.0980e-02,-0.0103125,-0.00083
6.0990e-02,0.0021875,-0.000741875
6.1000e-02,-0.00515625,8.03125e-05
6.1010e-02,0.00015625,0.00065625
6.1020e-02,-0.0157813,0.000603438
6.1030e-02,-0.0142188,0.00023875
6.1040e-02,0.00640625,-3.1875e-05
6.1050e-02,-0.0140625,3.71875e-05
6.1060e-02,-0.00875,0.0003075
6.1070e-02,-0.00390625,0.00027125
6.1080e-02,-0.00078125,0.000121875
6.1090e-02,-0.010625,0.000586875
6.1100e-02,-0.0025,-0.000161563
6.1110e-02,-0.015625,-0.000250313
6.1120e-02,-0.02,-0.000267188
6.1130e-02,-0.00671875,0.000200313
6.1140e-02,-0.00609375,0.000134063
6.1150e-02,-0.015,0.000199375
6.1160e-02,-0.00484375,9.40625e-05
6.1170e-02,-0.00609375,-0.000336563
6.1180e-02,-0.00640625,-0.00010875
6.1190e-02,-0.0101563,0.000105938
6.1200e-02,-0.0157813,0.000330313
6.1210e-02,-0.0185937,0.000244063
6.1220e-02,-0.01,0.000535
6.1230e-02,-0.0196875,-0.0002425
6.1240e-02,-0.0148437,-0.000132813
6.1250e-02,-0.0090625,0.000774063
6.1260e-02,-0.00765625,-0.000213125
6.1270e-02,-0.0148437,-0.000159063
6.1280e-02,-0.0154687,0.000134063
6.1290e-02,-0.000625,-0.000695938
6.1300e-02,-0.0096875,-0.00032875
6.1310e-02,-0.014375,-0.0004425
6.1320e-02,-0.0132813,9.40625e-05
6.1330e-02,-0.00453125,6.8125e-05
6.1340e-02,-0.0135937,0.000279063
6.1350e-02,-0.00859375,0.000592813
6.1360e-02,-0.00625,4.5625e-05
6.1370e-02,-0.014375,-0.00038125
6.1380e-02,-0.0110937,-0.000492813
6.1390e-02,-0.0192187,0.000252812
6.1400e-02,-0.0142188,0.000652813
6.1410e-02,-0.0135937,-7.96875e-05
6.1420e-02,-0.0190625,0.00017
6.1430e-02,-0.02,-0.00023125
6.1440e-02,-0.00859375,0.000340938
6.1450e-02,-0.0179687,0.000204375
6.1460e-02,-0.0185937,-0.0004675
6.1470e-02,-0.0107813,0.000188125
6.1480e-02,-0.0221875,-0.000173438
6.1490e-02,-0.0170313,0.000342188
6.1500e-02,-0.0165625,0.000339063
6.1510e-02,-0.0167188,0.00020875
6.1520e-02,-0.0159375,0.00080875
6.1530e-02,-0.0248438,0.000145313
6.1540e-02,-0.0207813,9.53125e-05
6.1550e-02,-0.0209375,0.000412188
6.1560e-02,-0.0201563,-0.000424375
6.1570e-02,-0.0253125,-0.000226563
6.1580e-02,-0.0265625,-0.000484375
6.1590e-02,-0.0090625,-0.000115
6.1600e-02,-0.016875,-4.875e-05
6.1610e-02,-0.0153125,5.125e-05
6.1620e-02,-0.0171875,-5.46875e-05
6.1630e-02,-0.011875,0.000335625
6.1640e-02,-0.023125,0.000165625
6.1650e-02,-0.0276563,0.000351563
6.1660e-02,-0.0203125,0.0006275
6.1670e-02,-0.011875,0.000738125
6.1680e-02,-0.01875,0.000218125
6.1690e-02,-0.0204688,3.625e-05
6.1700e-02,-0.0209375,0.000346875
6.1710e-02,-0.0096875,0.000265313
6.1720e-02,-0.010625,0.000566563
6.1730e-02,-0.023125,-0.000307188
6.1740e-02,-0.0151562,-3.5e-05
6.1750e-02,-0.02125,-0.0002425
6.1760e-02,-0.041875,-3.15625e-05
6.1770e-02,-0.0209375,0.00031375
6.1780e-02,-0.016875,0.000134063
6.1790e-02,-0.0307813,0.000346875
6.1800e-02,-0.0271875,0.000104688
6.1810e-02,-0.0257812,0.000160938
6.1820e-02,-0.01625,-0.0001175
6.1830e-02,-0.0157813,0.000476563
6.1840e-02,-0.0140625,-0.000264688
6.1850e-02,-0.0204688,0.000856875
6.1860e-02,-0.00609375,0.000551875
6.1870e-02,-0.0217188,-6.28125e-05
6.1880e-02,-0.0242188,0.000362188
6.1890e-02,-0.0264062,-7.84375e-05
6.1900e-02,-0.015,0.000184688
6.1910e-02,-0.0232812,0.000457813
6.1920e-02,-0.0273438,8.28125e-05
6.1930e-02,-0.0253125,0.000253125
6.1940e-02,-0.0210938,6e-05
6.1950e-02,-0.0151562,0.000167813
6.1960e-02,-0.0196875,0.000322188
6.1970e-02,-0.01875,-9.625e-05
6.1980e-02,-0.0217188,0.000714375
6.1990e-02,-0.0260937,6.875e-05
6.2000e-02,-0.0279688,0.000526563
6.2010e-02,-0.0289063,0.000290625
6.2020e-02,-0.02625,0.000147813
6.2030e-02,-0.025625,-0.000620313
6.2040e-02,-0.0235938,0.000315625
6.2050e-02,-0.0159375,3.9375e-05
6.2060e-02,-0.0309375,0.0002
6.2070e-02,-0.0176563,-0.000141563
6.2080e-02,-0.02625,-0.000543438
6.2090e-02,-0.0284375,-0.000137813
6.2100e-02,-0.0329688,-0.000427188
6.2110e-02,-0.0275,-0.000238438
6.2120e-02,-0.03125,0.000464688
6.2130e-02,-0.0370313,0.000357188
6.2140e-02,-0.0226562,0.00060625
6.2150e-02,-0.03125,0.000140313
6.2160e-02,-0.0298438,0.000357188
6.2170e-02,-0.0323438,0.000467188
6.2180e-02,-0.0164063,-0.000235625
6.2190e-02,-0.03,-1.09375e-05
6.2200e-02,-0.0229687,0.00025125
6.2210e-02,-0.0248438,-0.000176875
6.2220e-02,-0.0339062,4.75e-05
6.2230e-02,-0.02125,-0.000548125
6.2240e-02,-0.0317188,0.000234375
6.2250e-02,-0.0170313,0.000290313
6.2260e-02,-0.0190625,-0.000579063
6.2270e-02,-0.0310937,0.00036375
6.2280e-02,-0.0323438,0.000305
6.2290e-02,-0.0326562,-0.000285625
6.2300e-02,-0.01625,-7.75e-05
6.2310e-02,-0.0325,0.000188438
6.2320e-02,-0.0359375,0.00017625
6.2330e-02,-0.0265625,-0.000331875
6.2340e-02,-0.029375,0.000375625
6.2350e-02,-0.0254688,-0.000219063
6.2360e-02,-0.0321875,4.0625e-05
6.2370e-02,-0.0229687,0.000679688
6.2380e-02,-0.0190625,0.000731563
6.2390e-02,-0.0195312,-1.15625e-05
6.2400e-02,-0.0259375,0.000176875
6.2410e-02,-0.0201563,-9e-05
6.2420e-02,-0.02625,0.000200938
6.2430e-02,-0.0314062,0.000335625
6.2440e-02,-0.02875,0.000331875
6.2450e-02,-0.0378125,0.000292188
6.2460e-02,-0.0314062,-5.625e-06
6.2470e-02,-0.0254688,0.000253438
6.2480e-02,-0.029375,0.000332813
6.2490e-02,-0.0339062,0.000163125
6.2500e-02,-0.0257812,0.00010125
6.2510e-02,-0.026875,-0.00022125
6.2520e-02,-0.0220313,-0.000978125
6.2530e-02,-0.0179687,-0.000464688
6.2540e-02,-0.0239063,0.000104375
6.2550e-02,-0.0421875,-0.000141875
6.2560e-02,-0.0296875,0.000461875
6.2570e-02,-0.0259375,0.000331875
6.2580e-02,-0.035625,-8.46875e-05
6.2590e-02,-0.0240625,-0.000177188
6.2600e-02,-0.0235938,-0.000385313
6.2610e-02,-0.035,-0.0003075
6.2620e-02,-0.020625,-0.00017125
6.2630e-02,-0.0332812,-0.000648438
6.2640e-02,-0.029375,-9.28125e-05
6.2650e-02,-0.035,0.000335
6.2660e-02,-0.0214063,-0.000615938
6.2670e-02,-0.023125,0.000660313
6.2680e-02,-0.0401563,0.000297813
6.2690e-02,-0.0292188,-0.000550625
6.2700e-02,-0.0267187,0.00025625
6.2710e-02,-0.0264062,9.9375e-05
6.2720e-02,-0.0295313,0.000150625
6.2730e-02,-0.0348437,7.9375e-05
6.2740e-02,-0.0251563,-0.000567188
6.2750e-02,-0.0246875,-0.000494375
6.2760e-02,-0.0275,0.000134688
6.2770e-02,-0.035625,-0.00015
6.2780e-02,-0.0373438,0.00028875
6.2790e-02,-0.0348437,0.0001775
6.2800e-02,-0.033125,-0.000145938
6.2810e-02,-0.0323438,0.000431875
6.2820e-02,-0.0342187,0.000319688
6.2830e-02,-0.0340625,0.000699375
6.2840e-02,-0.0467188,-0.000191563
6.2850e-02,-0.04375,-9.625e-05
6.2860e-02,-0.0404687,-0.000199688
6.2870e-02,-0.0339062,0.000449063
6.2880e-02,-0.0301563,0.000145625
6.2890e-02,-0.0445313,0.000268125
6.2900e-02,-0.0285938,0.000435625
6.2910e-02,-0.0292188,9.96875e-05
6.2920e-02,-0.033125,7.375e-05
6.2930e-02,-0.0396875,-0.000481563
6.2940e-02,-0.0214063,-0.00030125
6.2950e-02,-0.0321875,-0.000926563
6.2960e-02,-0.0429688,0.000140313
6.2970e-02,-0.0382813,-0.00039125
6.2980e-02,-0.0270312,-7.03125e-05
6.2990e-02,-0.0385937,0.000114688
6.3000e-02,-0.0278125,-0.000134063
6.3010e-02,-0.0321875,-0.00047375
6.3020e-02,-0.0435938,-0.000892188
6.3030e-02,-0.0348437,-0.000292813
6.3040e-02,-0.0395313,-0.00025375
6.3050e-02,-0.0354688,0.000311875
6.3060e-02,-0.0184375,0.0005325
6.3070e-02,-0.0334375,1.03125e-05
6.3080e-02,-0.040625,-0.00043375
6.3090e-02,-0.0345312,-0.000316563
6.3100e-02,-0.0220313,-0.000185313
6.3110e-02,-0.0353125,-0.000138125
6.3120e-02,-0.0189062,-0.000340625
6.3130e-02,-0.0384375,-0.00045125
6.3140e-02,-0.02875,0.000322188
6.3150e-02,-0.0526563,-7.09375e-05
6.3160e-02,-0.0284375,-8.5625e-05
6.3170e-02,-0.0220313,0.00027625
6.3180e-02,-0.0335937,-0.000190625
6.3190e-02,-0.0367188,0.0001975
6.3200e-02,-0.0385937,3.21875e-05
6.3210e-02,-0.0328125,-9.5625e-05
6.3220e-02,-0.0360938,-0.000553125
6.3230e-02,-0.0365625,-0.000185625
6.3240e-02,-0.0334375,0.00017375
6.3250e-02,-0.021875,0.000319063
6.3260e-02,-0.04,0.000905938
6.3270e-02,-0.0403125,-0.00027625
6.3280e-02,-0.0354688,0.00023375
6.3290e-02,-0.03125,-0.000518125
6.3300e-02,-0.0317188,-0.000113125
6.3310e-02,-0.03875,4.53125e-05
6.3320e-02,-0.0378125,-0.0009025
6.3330e-02,-0.0317188,-0.0002275
6.3340e-02,-0.0295313,-8.09375e-05
6.3350e-02,-0.0235938,-0.000216563
6.3360e-02,-0.0251563,0.000644688
6.3370e-02,-0.0353125,0.000199688
6.3380e-02,-0.0340625,-0.000115625
6.3390e-02,-0.0365625,0.000495
6.3400e-02,-0.04,0.00013375
6.3410e-02,-0.0385937,0.000417813
6.3420e-02,-0.0360938,0.000152813
6.3430e-02,-0.0457813,0.000342813
6.3440e-02,-0.0398437,0.0004075
6.3450e-02,-0.044375,0.00029
6.3460e-02,-0.03125,5.65625e-05
6.3470e-02,-0.035625,0.000748125
6.3480e-02,-0.0385937,-4.59375e-05
6.3490e-02,-0.0385937,-0.000133438
6.3500e-02,-0.0253125,0.000286563
6.3510e-02,-0.0395313,-0.000471563
6.3520e-02,-0.0379688,-0.000120938
6.3530e-02,-0.0310937,-0.000786563
6.3540e-02,-0.0390625,-0.000121875
6.3550e-02,-0.0367188,0.000283437
6.3560e-02,-0.0328125,0.000316563
6.3570e-02,-0.0284375,-0.00071625
6.3580e-02,-0.034375,0.000358125
6.3590e-02,-0.0409375,-0.000505625
6.3600e-02,-0.043125,-0.000147813
6.3610e-02,-0.0425,0.0001725
6.3620e-02,-0.023125,0.000233438
6.3630e-02,-0.0292188,0.000181875
6.3640e-02,-0.0345312,0.000182813
6.3650e-02,-0.0334375,-0.000357188
6.3660e-02,-0.0301563,-5.3125e-05
6.3670e-02,-0.0464062,8.53125e-05
6.3680e-02,-0.0457813,-0.000127813
6.3690e-02,-0.0375,-0.000404063
6.3700e-02,-0.0353125,-6.5e-05
6.3710e-02,-0.0371875,-2.1875e-06
6.3720e-02,-0.02875,-7.59375e-05
6.3730e-02,-0.0348437,-0.000377188
6.3740e-02,-0.0290625,-0.000294688
6.3750e-02,-0.0375,0.00034
6.3760e-02,-0.0290625,-0.000293438
6.3770e-02,-0.0298438,9.59375e-05
6.3780e-02,-0.0345312,7.5625e-05
6.3790e-02,-0.0403125,-6.6875e-05
6.3800e-02,-0.0476562,-0.00015375
6.3810e-02,-0.035,-0.00049875
6.3820e-02,-0.0307813,-0.000319688
6.3830e-02,-0.0354688,-0.000385313
6.3840e-02,-0.0304688,0.000325313
6.3850e-02,-0.0495312,-0.000104375
6.3860e-02,-0.0504687,0.00021375
6.3870e-02,-0.03625,2.1875e-05
6.3880e-02,-0.0503125,0.00056875
6.3890e-02,-0.0467188,0.000177813
6.3900e-02,-0.0334375,-0.000161563
6.3910e-02,-0.0404687,0.00061875
6.3920e-02,-0.0320312,0.000149687
6.3930e-02,-0.038125,0.000350625
6.3940e-02,-0.0323438,-0.00025
6.3950e-02,-0.0473438,-0.000498125
6.3960e-02,-0.0396875,0.000771563
6.3970e-02,-0.0348437,0.000395313
6.3980e-02,-0.0207813,0.000434688
6.3990e-02,-0.0482812,-3.28125e-05
6.4000e-02,-0.0439063,-0.00038
6.4010e-02,-0.03875,-0.000209063
6.4020e-02,-0.03375,0.000634063
6.4030e-02,-0.0279688,0.0003575
6.4040e-02,-0.0390625,0.000207188
6.4050e-02,-0.035,-7.875e-05
6.4060e-02,-0.0309375,0.00013375
6.4070e-02,-0.0375,-0.000151875
6.4080e-02,-0.0470312,7.5625e-05
6.4090e-02,-0.0396875,0.000629688
6.4100e-02,-0.0435938,0.00080875
6.4110e-02,-0.0510938,0.000544375
6.4120e-02,-0.03,-0.000200313
6.4130e-02,-0.0384375,0.0002175
6.4140e-02,-0.0417187,-0.000124063
6.4150e-02,-0.0376563,0.000214063
6.4160e-02,-0.0370313,0.000704375
6.4170e-02,-0.0375,0.000809063
6.4180e-02,-0.0421875,0.000164063
6.4190e-02,-0.04375,1.96875e-05
6.4200e-02,-0.040625,-0.000246875
6.4210e-02,-0.0446875,0.000728125
6.4220e-02,-0.044375,0.00069625
6.4230e-02,-0.0390625,0.000819375
6.4240e-02,-0.0378125,0.000434688
6.4250e-02,-0.0428125,-0.000564375
6.4260e-02,-0.029375,-0.000750313
6.4270e-02,-0.035,0.000438125
6.4280e-02,-0.024375,3.03125e-05
6.4290e-02,-0.045625,0.00107281
6.4300e-02,-0.0396875,0.00117969
6.4310e-02,-0.03875,8.875e-05
6.4320e-02,-0.043125,-0.000594375
6.4330e-02,-0.0390625,-0.000886563
6.4340e-02,-0.0470312,3.375e-05
6.4350e-02,-0.040625,0.000783438
6.4360e-02,-0.0434375,0.000722188
6.4370e-02,-0.0320312,-0.000140625
6.4380e-02,-0.0342187,-0.000869375
6.4390e-02,-0.0415625,-0.0012325
6.4400e-02,-0.04375,-0.000206875
6.4410e-02,-0.0503125,-0.000124063
6.4420e-02,-0.0521875,0.0009225
6.4430e-02,-0.0478125,0.000476563
6.4440e-02,-0.039375,-0.000782813
6.4450e-02,-0.048125,-0.00047
6.4460e-02,-0.04125,-0.000215
6.4470e-02,-0.0479688,0.000225313
6.4480e-02,-0.0429688,0.00102094
6.4490e-02,-0.0334375,0.00120625
6.4500e-02,-0.0467188,0.000232188
6.4510e-02,-0.0321875,-0.000512188
6.4520e-02,-0.0448438,-0.00102125
6.4530e-02,-0.0392187,-0.00039125
6.4540e-02,-0.04375,0.000886563
6.4550e-02,-0.0310937,0.00088125
6.4560e-02,-0.041875,0.00113156
6.4570e-02,-0.0401563,-0.00100406
6.4580e-02,-0.035625,-0.00120906
6.4590e-02,-0.0390625,-0.00145125
6.4600e-02,-0.05125,-0.000560938
6.4610e-02,-0.0417187,0.000263437
6.4620e-02,-0.0410937,0.00089875
6.4630e-02,-0.0417187,0.000579375
6.4640e-02,-0.0459375,4.90625e-05
6.4650e-02,-0.0404687,0.000355625
6.4660e-02,-0.0229687,-0.000858125
6.4670e-02,-0.0542187,0.000325
6.4680e-02,-0.0348437,0.00109563
6.4690e-02,-0.0365625,0.00024875
6.4700e-02,-0.0414063,0.00027625
6.4710e-02,-0.0520313,-0.00049125
6.4720e-02,-0.046875,-8.59375e-05
6.4730e-02,-0.038125,0.000314375
6.4740e-02,-0.0360938,0.000811875
6.4750e-02,-0.0315625,0.0008575
6.4760e-02,-0.0389063,0.000165
6.4770e-02,-0.0379688,8.125e-05
6.4780e-02,-0.033125,-0.0002425
6.4790e-02,-0.0420312,-0.000781875
6.4800e-02,-0.0392187,0.0003775
6.4810e-02,-0.0357813,0.000387813
6.4820e-02,-0.0453125,0.000734063
6.4830e-02,-0.0453125,-0.000427813
6.4840e-02,-0.0426562,-0.000603125
6.4850e-02,-0.0429688,-0.000559063
6.4860e-02,-0.0398437,-0.000754375
6.4870e-02,-0.0384375,-0.000411875
6.4880e-02,-0.0357813,0.000113438
6.4890e-02,-0.0440625,-0.000349063
6.4900e-02,-0.0426562,-0.000219688
6.4910e-02,-0.0228125,-6.3125e-05
6.4920e-02,-0.03625,0.00041375
6.4930e-02,-0.03625,-0.000186875
6.4940e-02,-0.0321875,0.000269375
6.4950e-02,-0.0376563,0.000554375
6.4960e-02,-0.041875,-0.000125625
6.4970e-02,-0.04875,-0.000474375
6.4980e-02,-0.05,-4.6875e-05
6.4990e-02,-0.0429688,-7.375e-05
6.5000e-02,-0.0484375,0.00021375
6.5010e-02,-0.0465625,0.000463125
6.5020e-02,-0.031875,0.000614687
6.5030e-02,-0.0353125,0.000163438
6.5040e-02,-0.043125,0.0002
6.5050e-02,-0.0409375,-0.000646875
6.5060e-02,-0.039375,-0.000367188
6.5070e-02,-0.0390625,-6.75e-05
6.5080e-02,-0.0515625,0.00047875
6.5090e-02,-0.0448438,-0.000171875
6.5100e-02,-0.0478125,-0.000154688
6.5110e-02,-0.0445313,3.125e-06
6.5120e-02,-0.0573437,0.000139375
6.5130e-02,-0.0276563,0.000524063
6.5140e-02,-0.04875,0.0003275
6.5150e-02,-0.0378125,4.375e-05
6.5160e-02,-0.0446875,0.000135938
6.5170e-02,-0.035625,-0.00019625
6.5180e-02,-0.043125,-0.000492188
6.5190e-02,-0.0429688,4.375e-05
6.5200e-02,-0.0329688,0.000291563
6.5210e-02,-0.045,0.000452188
6.5220e-02,-0.0420312,0.000535938
6.5230e-02,-0.0410937,0.000384688
6.5240e-02,-0.0379688,-0.000205625
6.5250e-02,-0.035625,0.000293125
6.5260e-02,-0.0484375,-0.000465
6.5270e-02,-0.0460938,0.000269375
6.5280e-02,-0.0417187,2.96875e-05
6.5290e-02,-0.0445313,0.000305313
6.5300e-02,-0.0460938,0.000102813
6.5310e-02,-0.0492188,0.000179063
6.5320e-02,-0.049375,-0.000229063
6.5330e-02,-0.044375,0.00044
6.5340e-02,-0.0348437,-1.1875e-05
6.5350e-02,-0.0434375,0.000103438
6.5360e-02,-0.0429688,0.000290313
6.5370e-02,-0.0392187,0.000431563
6.5380e-02,-0.0476562,0.000151875
6.5390e-02,-0.0415625,0.000267188
6.5400e-02,-0.0354688,-0.000711875
6.5410e-02,-0.0370313,0.00071875
6.5420e-02,-0.0407813,-3.78125e-05
6.5430e-02,-0.0385937,0.00031875
6.5440e-02,-0.0428125,-0.000221875
6.5450e-02,-0.0504687,-0.000167188
6.5460e-02,-0.05125,-1.90625e-05
6.5470e-02,-0.0414063,0.0008775
6.5480e-02,-0.0307813,-0.000174063
6.5490e-02,-0.0464062,3.25e-05
6.5500e-02,-0.0371875,0.000362188
6.5510e-02,-0.0395313,-0.000557188
6.5520e-02,-0.0404687,-7.53125e-05
6.5530e-02,-0.0382813,-0.00039125
6.5540e-02,-0.0439063,-7.3125e-05
6.5550e-02,-0.0321875,0.00016375
6.5560e-02,-0.0490625,0.000172813
6.5570e-02,-0.0532813,0.000505313
6.5580e-02,-0.0278125,0.000587813
6.5590e-02,-0.0370313,-7.5625e-05
6.5600e-02,-0.0496875,-0.000394688
6.5610e-02,-0.0475,-0.000111875
6.5620e-02,-0.0390625,-0.0001875
6.5630e-02,-0.036875,-0.000405
6.5640e-02,-0.0423437,0.000575625
6.5650e-02,-0.0464062,0.000712188
6.5660e-02,-0.048125,-0.000127813
6.5670e-02,-0.0460938,-6.28125e-05
6.5680e-02,-0.041875,0.000209375
6.5690e-02,-0.034375,5.09375e-05
6.5700e-02,-0.0370313,-0.00031625
6.5710e-02,-0.0442188,-0.000646875
6.5720e-02,-0.0420312,0.000180625
6.5730e-02,-0.0470312,6.8125e-05
6.5740e-02,-0.0532813,-0.000317188
6.5750e-02,-0.054375,-8.5625e-05
6.5760e-02,-0.03875,0.000543125
6.5770e-02,-0.0439063,-0.000341563
6.5780e-02,-0.0415625,-0.000160625
6.5790e-02,-0.0425,8.03125e-05
6.5800e-02,-0.0445313,0.000299375
6.5810e-02,-0.0446875,-3.65625e-05
6.5820e-02,-0.0476562,0.0003175
6.5830e-02,-0.0395313,6.78125e-05
6.5840e-02,-0.0410937,0.000115625
6.5850e-02,-0.0496875,0.000434688
6.5860e-02,-0.0415625,0.000426563
6.5870e-02,-0.0401563,0.0006525
6.5880e-02,-0.0375,0.000145938
6.5890e-02,-0.0395313,-0.000111563
6.5900e-02,-0.040625,-0.000534063
6.5910e-02,-0.0340625,0.000336563
6.5920e-02,-0.0459375,-0.000280313
6.5930e-02,-0.0482812,0.000234375
6.5940e-02,-0.0521875,0.000117188
6.5950e-02,-0.0404687,0.000220938
6.5960e-02,-0.0401563,-0.000336875
6.5970e-02,-0.0385937,0.000414063
6.5980e-02,-0.0409375,0.00053
6.5990e-02,-0.0434375,0.000253438
6.6000e-02,-0.05625,7.4375e-05
6.6010e-02,-0.0490625,0.000230938
6.6020e-02,-0.0521875,-0.000263437
6.6030e-02,-0.045625,-0.000402188
6.6040e-02,-0.0359375,-0.000560938
6.6050e-02,-0.0301563,-0.000720313
6.6060e-02,-0.0417187,-0.000765625
6.6070e-02,-0.0367188,-0.000237188
6.6080e-02,-0.0345312,0.000241563
6.6090e-02,-0.0385937,-0.000150313
6.6100e-02,-0.0398437,0.000208438
6.6110e-02,-0.043125,-4.28125e-05
6.6120e-02,-0.0432813,-0.000105
6.6130e-02,-0.0498438,0.00011
6.6140e-02,-0.0520313,0.000231563
6.6150e-02,-0.0389063,-8.46875e-05
6.6160e-02,-0.0310937,-5.40625e-05
6.6170e-02,-0.05375,0.000524063
6.6180e-02,-0.045,0.00033125
6.6190e-02,-0.0415625,0.000423438
6.6200e-02,-0.0334375,-5e-05
6.6210e-02,-0.0414063,0.00081
6.6220e-02,-0.05375,-0.000175938
6.6230e-02,-0.0479688,-0.000105625
6.6240e-02,-0.0498438,7.625e-05
6.6250e-02,-0.0367188,-0.000525938
6.6260e-02,-0.035625,-0.000366875
6.6270e-02,-0.0495312,-0.000400938
6.6280e-02,-0.0315625,-0.000323438
6.6290e-02,-0.0585938,0.0002425
6.6300e-02,-0.0403125,-0.000162813
6.6310e-02,-0.0517188,0.000268438
6.6320e-02,-0.0354688,-0.000160313
6.6330e-02,-0.0460938,0.000647813
6.6340e-02,-0.0495312,0.000242188
6.6350e-02,-0.0404687,0.000855938
6.6360e-02,-0.0290625,0.0007675
6.6370e-02,-0.051875,-0.000196875
6.6380e-02,-0.0429688,0.000250625
6.6390e-02,-0.0404687,-0.000190625
6.6400e-02,-0.04,-0.00026125
6.6410e-02,-0.0385937,-0.000131875
6.6420e-02,-0.0398437,-0.00059875
6.6430e-02,-0.0460938,-0.000203125
6.6440e-02,-0.0389063,4.9375e-05
6.6450e-02,-0.049375,0.000159688
6.6460e-02,-0.0434375,0.000200625
6.6470e-02,-0.0503125,0.000215938
6.6480e-02,-0.0457813,-8.53125e-05
6.6490e-02,-0.05125,-0.000525938
6.6500e-02,-0.0390625,0.000439063
6.6510e-02,-0.0346875,0.000776875
6.6520e-02,-0.0457813,6.65625e-05
6.6530e-02,-0.040625,-3.90625e-05
6.6540e-02,-0.041875,-8.46875e-05
6.6550e-02,-0.0496875,-0.000689688
6.6560e-02,-0.0557813,-0.000124375
6.6570e-02,-0.0454688,-0.00024
6.6580e-02,-0.040625,-0.000237813
6.6590e-02,-0.0503125,-0.000169688
6.6600e-02,-0.0390625,-0.000260625
6.6610e-02,-0.0420312,0.000275313
6.6620e-02,-0.0473438,0.000355
6.6630e-02,-0.0332812,0.00019625
6.6640e-02,-0.0464062,-0.0004675
6.6650e-02,-0.0457813,5.625e-05
6.6660e-02,-0.0375,-0.000206563
6.6670e-02,-0.038125,0.000450313
6.6680e-02,-0.0576563,0.000170625
6.6690e-02,-0.041875,-0.000176563
6.6700e-02,-0.0515625,0.000132188
6.6710e-02,-0.0490625,5.9375e-05
6.6720e-02,-0.0389063,7.84375e-05
6.6730e-02,-0.0548437,0.000314688
6.6740e-02,-0.0476562,-5.0625e-05
6.6750e-02,-0.03375,3.90625e-05
6.6760e-02,-0.0310937,-0.000108438
6.6770e-02,-0.0354688,-8.1875e-05
6.6780e-02,-0.033125,0.000307813
6.6790e-02,-0.0382813,0.000228125
6.6800e-02,-0.0432813,0.000694063
6.6810e-02,-0.0446875,-0.000178125
6.6820e-02,-0.0621875,0.000550625
6.6830e-02,-0.0584375,6.59375e-05
6.6840e-02,-0.041875,0.00044375
6.6850e-02,-0.0392187,9.15625e-05
6.6860e-02,-0.04,0.0005275
6.6870e-02,-0.0407813,-0.00036
6.6880e-02,-0.0409375,-8.375e-05
6.6890e-02,-0.0426562,-0.000294062
6.6900e-02,-0.0353125,0.000212813
6.6910e-02,-0.043125,0.000197188
6.6920e-02,-0.0395313,0.000766563
6.6930e-02,-0.0384375,0.000308125
6.6940e-02,-0.0545313,-0.000328438
6.6950e-02,-0.0470312,0.000212188
6.6960e-02,-0.041875,-0.000308125
6.6970e-02,-0.04625,-0.000372813
6.6980e-02,-0.051875,-5e-05
6.6990e-02,-0.0421875,0.000288438
6.7000e-02,-0.0465625,0.000117188
6.7010e-02,-0.04625,-0.000110625
6.7020e-02,-0.0382813,0.00033375
6.7030e-02,-0.0504687,4.375e-06
6.7040e-02,-0.0464062,0.000294375
6.7050e-02,-0.0390625,0.000150313
6.7060e-02,-0.0551563,0.000486563
6.7070e-02,-0.0448438,5.1875e-05
6.7080e-02,-0.0421875,-8.84375e-05
6.7090e-02,-0.0417187,-0.00010375
6.7100e-02,-0.0479688,0.00028375
6.7110e-02,-0.0532813,5.84375e-05
6.7120e-02,-0.0517188,-0.000297188
6.7130e-02,-0.041875,-0.000315625
6.7140e-02,-0.05625,-2.6875e-05
6.7150e-02,-0.05375,0.00060875
6.7160e-02,-0.0460938,0.00062875
6.7170e-02,-0.0501562,0.000236563
6.7180e-02,-0.0476562,0.000140313
6.7190e-02,-0.0442188,0.000597188
6.7200e-02,-0.0448438,5.4375e-05
6.7210e-02,-0.0478125,0.000635
6.7220e-02,-0.04875,0.000150938
6.7230e-02,-0.0529687,-0.000130625
6.7240e-02,-0.0428125,0.000112813
6.7250e-02,-0.0434375,-0.000141563
6.7260e-02,-0.0423437,3e-05
6.7270e-02,-0.0396875,-0.000290938
6.7280e-02,-0.0470312,0.000779375
6.7290e-02,-0.0532813,-5.34375e-05
6.7300e-02,-0.04875,0.000184688
6.7310e-02,-0.0440625,0.000201563
6.7320e-02,-0.044375,0.000454375
6.7330e-02,-0.0475,-3.28125e-05
6.7340e-02,-0.0346875,0.000278125
6.7350e-02,-0.050625,0.00050625
6.7360e-02,-0.0398437,5e-05
6.7370e-02,-0.0435938,0.000130625
6.7380e-02,-0.0398437,0.000300625
6.7390e-02,-0.0590625,0.0001175
6.7400e-02,-0.0326562,0.0001925
6.7410e-02,-0.0564063,0.000329688
6.7420e-02,-0.0275,-0.0001275
6.7430e-02,-0.03875,0.000164688
6.7440e-02,-0.0471875,0.00039875
6.7450e-02,-0.045,-0.000681563
6.7460e-02,-0.0425,-0.000166563
6.7470e-02,-0.045625,8.90625e-05
6.7480e-02,-0.045,-0.000326563
6.7490e-02,-0.0425,0.000233438
6.7500e-02,-0.034375,-6.875e-06
6.7510e-02,-0.045625,0.00042
6.7520e-02,-0.0529687,3.59375e-05
6.7530e-02,-0.0546875,0.000305
6.7540e-02,-0.0510938,-0.000179375
6.7550e-02,-0.0454688,-0.0003125
6.7560e-02,-0.0457813,0.000635938
6.7570e-02,-0.0409375,0.000296563
6.7580e-02,-0.0510938,-0.00051125
6.7590e-02,-0.0509375,-0.00010125
6.7600e-02,-0.0464062,-0.000161563
6.7610e-02,-0.0345312,-0.000321563
6.7620e-02,-0.0478125,1.53125e-05
6.7630e-02,-0.0373438,0.00033125
6.7640e-02,-0.0514063,0.000165938
6.7650e-02,-0.0523437,-0.000184688
6.7660e-02,-0.0476562,-0.000631563
6.7670e-02,-0.056875,-0.000342188
6.7680e-02,-0.0582813,-0.00010625
6.7690e-02,-0.0459375,-5.9375e-05
6.7700e-02,-0.0439063,2.125e-05
6.7710e-02,-0.0434375,-8.28125e-05
6.7720e-02,-0.0410937,-0.00045625
6.7730e-02,-0.0414063,-0.000173125
6.7740e-02,-0.0476562,0.000161875
6.7750e-02,-0.0467188,0.00104031
6.7760e-02,-0.0410937,-0.00031
6.7770e-02,-0.044375,-0.0003525
6.7780e-02,-0.0632812,-0.0003725
6.7790e-02,-0.0290625,0.000195938
6.7800e-02,-0.0510938,0.000304063
6.7810e-02,-0.0423437,3.8125e-05
6.7820e-02,-0.0510938,0.000107188
6.7830e-02,-0.0554687,-0.000157813
6.7840e-02,-0.0451563,7.84375e-05
6.7850e-02,-0.0504687,0.000207813
6.7860e-02,-0.0459375,0.000314375
6.7870e-02,-0.0351562,-0.000170625
6.7880e-02,-0.05375,0.00049
6.7890e-02,-0.0470312,0.000705
6.7900e-02,-0.0384375,-0.000280938
6.7910e-02,-0.0459375,-0.000584063
6.7920e-02,-0.0504687,0.000133125
6.7930e-02,-0.055625,-0.000243438
6.7940e-02,-0.051875,-0.000245625
6.7950e-02,-0.05375,0.000122813
6.7960e-02,-0.0492188,0.000104688
6.7970e-02,-0.0542187,0.00054875
6.7980e-02,-0.043125,0.000434063
6.7990e-02,-0.05,-0.000438438
6.8000e-02,-0.041875,-0.000173438
6.8010e-02,-0.0421875,0.000128125
6.8020e-02,-0.0439063,7.1875e-05
6.8030e-02,-0.0376563,4.25e-05
6.8040e-02,-0.0470312,-3.21875e-05
6.8050e-02,-0.0492188,-0.00048
6.8060e-02,-0.0520313,0.000169063
6.8070e-02,-0.0545313,-0.000400625
6.8080e-02,-0.0482812,0.000312188
6.8090e-02,-0.0404687,0.000884375
6.8100e-02,-0.04375,3.84375e-05
6.8110e-02,-0.0292188,-0.000569063
6.8120e-02,-0.0442188,-0.000614375
6.8130e-02,-0.03875,-0.00043625
6.8140e-02,-0.0360938,0.000175625
6.8150e-02,-0.0507812,0.000439688
6.8160e-02,-0.0482812,0.000334375
6.8170e-02,-0.0392187,2.6875e-05
6.8180e-02,-0.0475,-0.000731563
6.8190e-02,-0.0528125,-0.000835625
6.8200e-02,-0.054375,-0.00069375
6.8210e-02,-0.0529687,0.00033375
6.8220e-02,-0.0484375,0.000164063
6.8230e-02,-0.036875,-0.0005225
6.8240e-02,-0.0396875,-0.0005775
6.8250e-02,-0.0504687,-0.00133531
6.8260e-02,-0.0378125,-0.000293438
6.8270e-02,-0.055,0.000517813
6.8280e-02,-0.0415625,0.000500312
6.8290e-02,-0.0479688,-0.00031
6.8300e-02,-0.0398437,-0.000954688
6.8310e-02,-0.0485938,-0.00109375
6.8320e-02,-0.055625,-0.000553438
6.8330e-02,-0.0446875,7.6875e-05
6.8340e-02,-0.0392187,0.00137844
6.8350e-02,-0.0426562,0.000401875
6.8360e-02,-0.0542187,0.000104688
6.8370e-02,-0.039375,-0.000867188
6.8380e-02,-0.048125,-0.000782188
6.8390e-02,-0.0451563,0.000247188
6.8400e-02,-0.0429688,0.000777813
6.8410e-02,-0.0521875,0.00105875
6.8420e-02,-0.0465625,0.00119125
6.8430e-02,-0.0471875,0.00121656
6.8440e-02,-0.0404687,0.00103469
6.8450e-02,-0.0496875,0.00117
6.8460e-02,-0.0503125,0.000893125
6.8470e-02,-0.048125,0.00100031
6.8480e-02,-0.053125,0.000995625
6.8490e-02,1.75531,-0.001
6.8500e-02,1.52812,-0.005145
6.8510e-02,2.39625,-0.00639375
6.8520e-02,2.36109,-0.00752156
6.8530e-02,0.425937,-0.00690594
6.8540e-02,0.118594,-0.00725375
6.8550e-02,0.102188,-0.00688781
6.8560e-02,0.0976562,-0.00711719
6.8570e-02,0.08875,-0.00689313
6.8580e-02,0.0639062,-0.00715219
6.8590e-02,0.0503125,-0.00689219
6.8600e-02,0.0509375,-0.00695125
6.8610e-02,0.0453125,-0.00698469
6.8620e-02,0.0484375,-0.00709906
6.8630e-02,0.0390625,-0.00680125
6.8640e-02,0.0207812,-0.00689031
6.8650e-02,0.0209375,-0.00683219
6.8660e-02,0.0514063,-0.00691563
6.8670e-02,0.0295312,-0.00689563
6.8680e-02,0.0259375,-0.00680313
6.8690e-02,0.0259375,-0.00686875
6.8700e-02,0.025625,-0.00677406
6.8710e-02,0.0129687,-0.0066825
6.8720e-02,0.0160938,-0.00686656
6.8730e-02,0.01,-0.00682063
6.8740e-02,0.0134375,-0.006035
6.8750e-02,0.0090625,-0.00143969
6.8760e-02,0.01625,0.00121688
6.8770e-02,0.0151562,0.000164688
6.8780e-02,0.0128125,-0.0010825
6.8790e-02,0.0215625,-0.00266625
6.8800e-02,0.0151562,-0.00121344
6.8810e-02,0.0179688,0.000930938
6.8820e-02,0.02125,0.00196156
6.8830e-02,0.0126562,0.00147469
6.8840e-02,0.00515625,-0.00030875
6.8850e-02,0.00078125,-0.00106125
6.8860e-02,0.00703125,-0.000884688
6.8870e-02,0.00171875,0.000346563
6.8880e-02,-0.00875,0.00114
6.8890e-02,0.00671875,0.00087
6.8900e-02,-0.0189062,0.000169375
6.8910e-02,-0.008125,-0.000385625
6.8920e-02,0.0028125,-0.000632813
6.8930e-02,-0.00390625,-0.000429375
6.8940e-02,0.00328125,-0.00025125
6.8950e-02,-0.003125,0.00052875
6.8960e-02,-0.00203125,0.000925
6.8970e-02,-0.004375,-0.00015875
6.8980e-02,0.00484375,-0.000802188
6.8990e-02,-0.0003125,-0.0007125
6.9000e-02,0.0025,0.00081125
6.9010e-02,-0.0028125,0.00131813
6.9020e-02,-0.0053125,0.00106063
6.9030e-02,0.0034375,0.000304063
6.9040e-02,0.00625,-0.000504688
6.9050e-02,-0.0101563,-0.000728125
6.9060e-02,-0.00796875,-0.000305
6.9070e-02,-0.0040625,5.625e-05
6.9080e-02,-0.0109375,0.00087375
6.9090e-02,-0.0078125,-0.000235625
6.9100e-02,-0.00515625,-4.40625e-05
6.9110e-02,-0.0114062,-0.000633438
6.9120e-02,-0.00625,-0.0005725
6.9130e-02,-0.0148437,0.000384063
6.9140e-02,-0.005625,0.000700938
6.9150e-02,-0.0153125,0.00041375
6.9160e-02,-0.0090625,0.000257813
6.9170e-02,0.005625,-7.96875e-05
6.9180e-02,-0.0065625,5.09375e-05
6.9190e-02,-0.0140625,9.75e-05
6.9200e-02,0.0065625,0.000382188
6.9210e-02,-0.00640625,0.000779688
6.9220e-02,-0.001875,0.0001725
6.9230e-02,-0.0078125,0.000275625
6.9240e-02,-0.0139063,0.000323125
6.9250e-02,0.00171875,3.15625e-05
6.9260e-02,-0.0165625,-3.25e-05
6.9270e-02,-0.0159375,0.000227813
6.9280e-02,-0.0084375,0.000226563
6.9290e-02,-0.00828125,0.000188125
6.9300e-02,-0.0175,-1.5e-05
6.9310e-02,-0.01,-0.000338125
6.9320e-02,-0.00375,-0.00036375
6.9330e-02,-0.011875,3.71875e-05
6.9340e-02,-0.008125,-9e-05
6.9350e-02,-0.00734375,5.375e-05
6.9360e-02,-0.018125,-0.000205625
6.9370e-02,-0.0117188,-0.000109063
6.9380e-02,-0.0117188,-0.000189375
6.9390e-02,-0.0260937,-0.000433125
6.9400e-02,-0.00515625,0.000358125
6.9410e-02,-0.0201563,0.000447813
6.9420e-02,-0.0053125,0.000440313
6.9430e-02,-0.00796875,0.000386563
6.9440e-02,-0.0125,0.0003
6.9450e-02,-0.01625,-0.000410938
6.9460e-02,-0.0171875,3.4375e-06
6.9470e-02,-0.0214063,9.90625e-05
6.9480e-02,-0.0110937,0.000388125
6.9490e-02,-0.0185937,-0.000175313
6.9500e-02,-0.0165625,-0.000315
6.9510e-02,-0.0275,-0.000312813
6.9520e-02,-0.0159375,-0.00077125
6.9530e-02,-0.0176563,1.375e-05
6.9540e-02,-0.00984375,0.000585
6.9550e-02,-0.0198438,0.00101531
6.9560e-02,-0.0210938,0.000476875
6.9570e-02,-0.0167188,0.000115625
6.9580e-02,-0.0323438,-0.000164688
6.9590e-02,-0.0235938,-0.00032375
6.9600e-02,-0.0229687,-0.000480625
6.9610e-02,-0.02125,-0.000211875
6.9620e-02,-0.0167188,0.000380938
6.9630e-02,-0.0125,0.000304063
6.9640e-02,-0.00828125,-0.000563438
6.9650e-02,-0.020625,-0.000547813
6.9660e-02,-0.0159375,-0.000511875
6.9670e-02,-0.0223437,-0.000467813
6.9680e-02,-0.0179687,-0.000246563
6.9690e-02,-0.0217188,0.000108438
6.9700e-02,-0.0160938,0.0001325
6.9710e-02,-0.0260937,0.000428438
6.9720e-02,-0.0184375,0.000152813
6.9730e-02,-0.0223437,-2.0625e-05
6.9740e-02,-0.025,3.21875e-05
6.9750e-02,-0.018125,0.000523438
6.9760e-02,-0.0207813,0.000193438
6.9770e-02,-0.0303125,0.000169688
6.9780e-02,-0.0242188,0.000104375
6.9790e-02,-0.0235938,-5.3125e-06
6.9800e-02,-0.018125,0.000186875
6.9810e-02,-0.0234375,0.000485938
6.9820e-02,-0.015,-0.000799688
6.9830e-02,-0.0201563,0.00027
6.9840e-02,-0.02125,0.00021125
6.9850e-02,-0.0207813,0.000459375
6.9860e-02,-0.0196875,0.000292188
6.9870e-02,-0.0246875,-0.000525625
6.9880e-02,-0.0220313,-0.000199375
6.9890e-02,-0.0298438,0.000564688
6.9900e-02,-0.0159375,0.000435313
6.9910e-02,-0.0304688,-0.000462188
6.9920e-02,-0.0179687,-0.000530313
6.9930e-02,-0.0321875,-5.375e-05
6.9940e-02,-0.0201563,0.000830313
6.9950e-02,-0.02875,0.000405313
6.9960e-02,-0.025,0.000435938
6.9970e-02,-0.009375,-0.000220625
6.9980e-02,-0.0328125,-0.000122188
6.9990e-02,-0.0342187,0.000454688
7.0000e-02,-0.0242188,-0.000249063
7.0010e-02,-0.0192187,0.00134906
7.0020e-02,-0.033125,0.000661563
7.0030e-02,-0.0226562,-0.000217188
7.0040e-02,-0.0307813,-0.000131875
7.0050e-02,-0.0239063,0.000193125
7.0060e-02,-0.0290625,6.375e-05
7.0070e-02,-0.0196875,-0.000238125
7.0080e-02,-0.0259375,-0.000166563
7.0090e-02,-0.0295313,-0.000225625
7.0100e-02,-0.0301563,-6.28125e-05
7.0110e-02,-0.0273438,-0.000184063
7.0120e-02,-0.0196875,0.00013
7.0130e-02,-0.0264062,0.000183125
7.0140e-02,-0.0217188,0.000650313
7.0150e-02,-0.0264062,0.000365625
7.0160e-02,-0.026875,-0.000289688
7.0170e-02,-0.0314062,0.000448125
7.0180e-02,-0.0145312,0.000504375
7.0190e-02,-0.0276563,-0.000162813
7.0200e-02,-0.0204688,0.000890625
7.0210e-02,-0.0339062,0.000709375
7.0220e-02,-0.0165625,-0.0004375
7.0230e-02,-0.019375,0.000314688
7.0240e-02,-0.0432813,-0.000264063
7.0250e-02,-0.0378125,-0.000262813
7.0260e-02,-0.0340625,9.6875e-05
7.0270e-02,-0.025625,0.000466875
7.0280e-02,-0.02625,-0.00028875
7.0290e-02,-0.0239063,-0.000349063
7.0300e-02,-0.0339062,-0.000368438
7.0310e-02,-0.01375,-5.40625e-05
7.0320e-02,-0.0317188,0.00023125
7.0330e-02,-0.0248438,0.000355938
7.0340e-02,-0.035625,0.000692188
7.0350e-02,-0.0309375,0.0006825
7.0360e-02,-0.0454688,-2.96875e-05
7.0370e-02,-0.0295313,0.000112188
7.0380e-02,-0.036875,-1.78125e-05
7.0390e-02,-0.02,-0.000185625
7.0400e-02,-0.0321875,-0.0005575
7.0410e-02,-0.0278125,0.000360938
7.0420e-02,-0.0384375,0.000124688
7.0430e-02,-0.0348437,-0.0006275
7.0440e-02,-0.0314062,5.65625e-05
7.0450e-02,-0.0301563,0.000266563
7.0460e-02,-0.0246875,0.00056875
7.0470e-02,-0.03625,0.000256563
7.0480e-02,-0.0348437,0.000140625
7.0490e-02,-0.035,0.000242813
7.0500e-02,-0.0371875,-0.000754688
7.0510e-02,-0.0295313,0.000570938
7.0520e-02,-0.0315625,-2.15625e-05
7.0530e-02,-0.0320312,0.000208438
7.0540e-02,-0.0239063,-0.000446875
7.0550e-02,-0.0201563,0.000428438
7.0560e-02,-0.03,-8.8125e-05
7.0570e-02,-0.026875,-0.0004525
7.0580e-02,-0.0182812,-0.000675625
7.0590e-02,-0.03,0.000122188
7.0600e-02,-0.041875,0.000411875
7.0610e-02,-0.0282813,-0.0002825
7.0620e-02,-0.0329688,-8.90625e-05
7.0630e-02,-0.0376563,6.75e-05
7.0640e-02,-0.0373438,-7.78125e-05
7.0650e-02,-0.0220313,-0.000232813
7.0660e-02,-0.0426562,-0.000775
7.0670e-02,-0.0410937,-0.000502813
7.0680e-02,-0.031875,0.000180938
7.0690e-02,-0.0309375,0.000151563
7.0700e-02,-0.0239063,0.000611563
7.0710e-02,-0.0382813,0.000455
7.0720e-02,-0.0285938,-0.000464375
7.0730e-02,-0.0346875,-0.00013375
7.0740e-02,-0.0359375,-0.000144688
7.0750e-02,-0.02625,0.000410313
7.0760e-02,-0.0309375,8.40625e-05
7.0770e-02,-0.0371875,0.000434375
7.0780e-02,-0.030625,0.000304063
7.0790e-02,-0.0253125,-0.000421875
7.0800e-02,-0.0385937,-4.5625e-05
7.0810e-02,-0.0295313,-0.000472188
7.0820e-02,-0.0342187,-0.00082375
7.0830e-02,-0.04,-6.71875e-05
7.0840e-02,-0.0259375,0.00030125
7.0850e-02,-0.0251563,-0.000160313
7.0860e-02,-0.03625,-0.000392813
7.0870e-02,-0.0317188,0.000165625
7.0880e-02,-0.04,7.125e-05
7.0890e-02,-0.0334375,0.000140625
7.0900e-02,-0.0375,0.000105
7.0910e-02,-0.0217188,0.000489063
7.0920e-02,-0.0432813,0.000517813
7.0930e-02,-0.02875,0.000213125
7.0940e-02,-0.024375,2.71875e-05
7.0950e-02,-0.02875,0.000388438
7.0960e-02,-0.0434375,-0.00021125
7.0970e-02,-0.0345312,-9.4375e-05
7.0980e-02,-0.0332812,-0.00031625
7.0990e-02,-0.023125,0.000535
7.1000e-02,-0.0279688,0.000459688
7.1010e-02,-0.0275,-0.000425938
7.1020e-02,-0.025625,-0.000294688
7.1030e-02,-0.030625,0.000105625
7.1040e-02,-0.03125,9.90625e-05
7.1050e-02,-0.028125,-0.00015375
7.1060e-02,-0.0359375,0.00033125
7.1070e-02,-0.0304688,-0.000495313
7.1080e-02,-0.0354688,5.90625e-05
7.1090e-02,-0.0396875,-7.5e-05
7.1100e-02,-0.0396875,-0.000483438
7.1110e-02,-0.0279688,0.00080375
7.1120e-02,-0.03125,0.000268125
7.1130e-02,-0.0342187,-2.15625e-05
7.1140e-02,-0.0420312,0.000122188
7.1150e-02,-0.0348437,0.0004725
7.1160e-02,-0.0284375,0.000414063
7.1170e-02,-0.0282813,0.000371563
7.1180e-02,-0.0301563,0.00020375
7.1190e-02,-0.0270312,0.000183125
7.1200e-02,-0.0359375,-9.125e-05
7.1210e-02,-0.0420312,0.000126563
7.1220e-02,-0.030625,0.000394063
7.1230e-02,-0.0353125,-0.000266563
7.1240e-02,-0.0357813,-0.000129062
7.1250e-02,-0.0253125,0.0005
7.1260e-02,-0.0314062,5.21875e-05
7.1270e-02,-0.0342187,-9.15625e-05
7.1280e-02,-0.03125,-4.59375e-05
7.1290e-02,-0.0426562,-0.000499375
7.1300e-02,-0.0365625,-0.00029375
7.1310e-02,-0.0221875,-0.000561562
7.1320e-02,-0.040625,0.000178125
7.1330e-02,-0.0292188,1.6875e-05
7.1340e-02,-0.0257812,-0.00010625
7.1350e-02,-0.0290625,0.000315625
7.1360e-02,-0.0317188,0.000634688
7.1370e-02,-0.03125,6.71875e-05
7.1380e-02,-0.0275,0.00012
7.1390e-02,-0.03625,0.000163125
7.1400e-02,-0.0298438,0.000686563
7.1410e-02,-0.0423437,0.000155
7.1420e-02,-0.0485938,0.000496875
7.1430e-02,-0.0320312,-6.25e-05
7.1440e-02,-0.0351562,-4e-05
7.1450e-02,-0.0364063,4.125e-05
7.1460e-02,-0.0385937,4.15625e-05
7.1470e-02,-0.0326562,0.000251875
7.1480e-02,-0.0435938,0.000368438
7.1490e-02,-0.0360938,0.000435938
7.1500e-02,-0.0432813,0.000198125
7.1510e-02,-0.0325,-0.000416563
7.1520e-02,-0.0248438,0.000425313
7.1530e-02,-0.0395313,-0.000169688
7.1540e-02,-0.0348437,-0.00032
7.1550e-02,-0.0370313,0.000823125
7.1560e-02,-0.0332812,0.000355625
7.1570e-02,-0.026875,0.000318125
7.1580e-02,-0.0370313,0.000584688
7.1590e-02,-0.035,0.000160625
7.1600e-02,-0.03375,2.4375e-05
7.1610e-02,-0.0284375,0.000500625
7.1620e-02,-0.04,-0.000379063
7.1630e-02,-0.0410937,0.000370938
7.1640e-02,-0.0303125,-0.000353438
7.1650e-02,-0.0285938,-0.000143125
7.1660e-02,-0.034375,-0.000320938
7.1670e-02,-0.0403125,-0.000386563
7.1680e-02,-0.0373438,-4.90625e-05
7.1690e-02,-0.0407813,0.0001625
7.1700e-02,-0.0292188,-0.000345313
7.1710e-02,-0.0354688,6.875e-06
7.1720e-02,-0.0378125,-9.375e-06
7.1730e-02,-0.0410937,-6e-05
7.1740e-02,-0.0417187,0.000416875
7.1750e-02,-0.0223437,0.0001825
7.1760e-02,-0.0401563,6.4375e-05
7.1770e-02,-0.0545313,-0.000187813
7.1780e-02,-0.0395313,-3e-05
7.1790e-02,-0.0435938,4.03125e-05
7.1800e-02,-0.039375,-2.1875e-06
7.1810e-02,-0.039375,-0.000217188
7.1820e-02,-0.0360938,-0.000284063
7.1830e-02,-0.0328125,-7.46875e-05
7.1840e-02,-0.0376563,0.000480313
7.1850e-02,-0.0429688,4.59375e-05
7.1860e-02,-0.0385937,-0.0001
7.1870e-02,-0.0392187,0.00031875
7.1880e-02,-0.0290625,-1.40625e-05
7.1890e-02,-0.044375,-7.78125e-05
7.1900e-02,-0.0504687,0.000289063
7.1910e-02,-0.028125,0.000547813
7.1920e-02,-0.0314062,0.0007075
7.1930e-02,-0.0295313,-0.000324375
7.1940e-02,-0.0442188,-0.000639375
7.1950e-02,-0.040625,-0.000225313
7.1960e-02,-0.0476562,0.000235313
7.1970e-02,-0.0354688,0.000422188
7.1980e-02,-0.0265625,-8.5e-05
7.1990e-02,-0.0395313,0.000214688
7.2000e-02,-0.0425,-0.000915313
7.2010e-02,-0.0532813,-0.000222813
7.2020e-02,-0.0303125,-0.000861563
7.2030e-02,-0.0432813,0.000324375
7.2040e-02,-0.0420312,0.000518438
7.2050e-02,-0.0398437,-5.15625e-05
7.2060e-02,-0.033125,-0.000663125
7.2070e-02,-0.0353125,-0.000308125
7.2080e-02,-0.040625,-0.000243438
7.2090e-02,-0.0479688,-0.000110938
7.2100e-02,-0.0260937,-0.000235313
7.2110e-02,-0.0389063,0.000287188
7.2120e-02,-0.0384375,-0.000611875
7.2130e-02,-0.0310937,0.000604375
7.2140e-02,-0.0317188,-0.000487188
7.2150e-02,-0.0325,0.000241563
7.2160e-02,-0.0223437,0.000365625
7.2170e-02,-0.0428125,0.000893438
7.2180e-02,-0.0315625,0.000646563
7.2190e-02,-0.0446875,5.1875e-05
7.2200e-02,-0.0415625,-9.5625e-05
7.2210e-02,-0.0409375,-4.6875e-05
7.2220e-02,-0.0321875,0.000474688
7.2230e-02,-0.0389063,0.00110344
7.2240e-02,-0.03625,0.000945625
7.2250e-02,-0.0429688,0.000447813
7.2260e-02,-0.0335937,0.000722813
7.2270e-02,-0.0395313,0.00067625
7.2280e-02,-0.0259375,0.000501875
7.2290e-02,-0.0340625,-5.78125e-05
7.2300e-02,-0.03875,0.000287813
7.2310e-02,-0.0353125,-0.000188438
7.2320e-02,-0.029375,-0.000598438
7.2330e-02,-0.04,-0.000956563
7.2340e-02,-0.0414063,0.000237813
7.2350e-02,-0.0371875,0.00136156
7.2360e-02,-0.0340625,0.000820938
7.2370e-02,-0.0457813,3.03125e-05
7.2380e-02,-0.046875,-0.000440938
7.2390e-02,-0.0379688,-0.00101656
7.2400e-02,-0.0470312,-0.000356563
7.2410e-02,-0.0364063,0.000534063
7.2420e-02,-0.024375,0.000485313
7.2430e-02,-0.049375,0.000618438
7.2440e-02,-0.0435938,-7.40625e-05
7.2450e-02,-0.0434375,-0.00068125
7.2460e-02,-0.0403125,-0.000405625
7.2470e-02,-0.0303125,-0.000359375
7.2480e-02,-0.0404687,0.00111406
7.2490e-02,-0.0429688,0.000772813
7.2500e-02,-0.0414063,-0.000228438
7.2510e-02,-0.045,-0.000243438
7.2520e-02,-0.0429688,-0.00175719
7.2530e-02,-0.0279688,-0.00067
7.2540e-02,-0.0379688,0.000625
7.2550e-02,-0.0415625,0.00095375
7.2560e-02,-0.039375,0.000564375
7.2570e-02,-0.0476562,0.000348438
7.2580e-02,-0.0420312,-0.00103875
7.2590e-02,-0.0353125,-0.00045375
7.2600e-02,-0.0428125,8.25e-05
7.2610e-02,-0.0382813,0.000798125
7.2620e-02,-0.0365625,0.000985625
7.2630e-02,-0.043125,0.000150938
7.2640e-02,-0.0310937,-0.000400938
7.2650e-02,-0.0396875,-0.000808125
7.2660e-02,-0.0410937,-0.000395938
7.2670e-02,-0.0425,-0.00041
7.2680e-02,-0.0432813,0.0006825
7.2690e-02,-0.026875,0.00091875
7.2700e-02,-0.043125,0.000170938
7.2710e-02,-0.0428125,-0.000285625
7.2720e-02,-0.0423437,-0.00129063
7.2730e-02,-0.034375,0.000289688
7.2740e-02,-0.0382813,0.000529375
7.2750e-02,-0.0435938,0.000347188
7.2760e-02,-0.03875,2.71875e-05
7.2770e-02,-0.0428125,0.00017875
7.2780e-02,-0.0289063,-0.000286875
7.2790e-02,-0.0454688,-0.000326563
7.2800e-02,-0.0404687,0.000174688
7.2810e-02,-0.0375,0.000405938
7.2820e-02,-0.0407813,0.000683438
7.2830e-02,-0.0314062,0.000643125
7.2840e-02,-0.031875,1.28125e-05
7.2850e-02,-0.0429688,-0.000493125
7.2860e-02,-0.0384375,2.03125e-05
7.2870e-02,-0.0426562,0.000585313
7.2880e-02,-0.0326562,0.000956875
7.2890e-02,-0.048125,0.000289375
7.2900e-02,-0.0392187,0.00028
7.2910e-02,-0.035625,0.000159688
7.2920e-02,-0.0489062,0.00019
7.2930e-02,-0.0398437,0.000913125
7.2940e-02,-0.0471875,0.00051875
7.2950e-02,-0.0364063,0.000453125
7.2960e-02,-0.0440625,-6.0625e-05
7.2970e-02,-0.0346875,0.000295938
7.2980e-02,-0.045,-0.000168438
7.2990e-02,-0.0539063,0.000500938
7.3000e-02,-0.0332812,0.00023375
7.3010e-02,-0.0360938,0.000116875
7.3020e-02,-0.0439063,0.000201563
7.3030e-02,-0.0365625,0.000711563
7.3040e-02,-0.0323438,0.0009
7.3050e-02,-0.0398437,7.0625e-05
7.3060e-02,-0.0439063,0.000109063
7.3070e-02,-0.0467188,0.0006325
7.3080e-02,-0.0360938,0.000259688
7.3090e-02,-0.0501562,0.000614687
7.3100e-02,-0.0289063,-0.000115
7.3110e-02,-0.03375,0.00094
7.3120e-02,-0.0573437,0.000140313
7.3130e-02,-0.0323438,0.000300625
7.3140e-02,-0.040625,0.000317188
7.3150e-02,-0.0423437,7.8125e-06
7.3160e-02,-0.0440625,4.71875e-05
7.3170e-02,-0.03875,0.000152188
7.3180e-02,-0.039375,0.000352813
7.3190e-02,-0.0354688,0.000538438
7.3200e-02,-0.0365625,-4.78125e-05
7.3210e-02,-0.0326562,0.00058125
7.3220e-02,-0.0446875,-1.4375e-05
7.3230e-02,-0.043125,-0.0002725
7.3240e-02,-0.0351562,-0.000865625
7.3250e-02,-0.036875,-4.0625e-06
7.3260e-02,-0.0485938,-0.000249063
7.3270e-02,-0.0253125,-0.00059625
7.3280e-02,-0.0509375,-0.000625313
7.3290e-02,-0.0567187,-0.0002025
7.3300e-02,-0.035625,0.000113125
7.3310e-02,-0.0445313,2.625e-05
7.3320e-02,-0.0459375,-0.000242813
7.3330e-02,-0.0395313,9.375e-06
7.3340e-02,-0.040625,0.00019125
7.3350e-02,-0.05125,0.000325
7.3360e-02,-0.0310937,0.000413125
7.3370e-02,-0.0414063,0.000585938
7.3380e-02,-0.0317188,0.000165
7.3390e-02,-0.031875,0.0007775
7.3400e-02,-0.043125,-0.000271875
7.3410e-02,-0.0348437,-0.000255
7.3420e-02,-0.0425,0.000782813
7.3430e-02,-0.0539063,-0.000274688
7.3440e-02,-0.0473438,-0.000816875
7.3450e-02,-0.053125,-0.000440313
7.3460e-02,-0.0435938,-0.000595625
7.3470e-02,-0.0495312,0.000141563
7.3480e-02,-0.0460938,0.000261875
7.3490e-02,-0.0323438,-0.000145938
7.3500e-02,-0.0495312,0.0004125
7.3510e-02,-0.0421875,0.000289688
7.3520e-02,-0.0428125,0.000178125
7.3530e-02,-0.0479688,-0.000914063
7.3540e-02,-0.0398437,-0.000179688
7.3550e-02,-0.0382813,0.00026375
7.3560e-02,-0.0460938,-0.000208125
7.3570e-02,-0.0442188,0.000144063
7.3580e-02,-0.0301563,8.1875e-05
7.3590e-02,-0.0365625,-0.0001275
7.3600e-02,-0.045,-0.000363125
7.3610e-02,-0.048125,-0.000340313
7.3620e-02,-0.0321875,-7.3125e-05
7.3630e-02,-0.04125,-0.000320313
7.3640e-02,-0.0495312,-0.000143438
7.3650e-02,-0.0353125,-0.00050625
7.3660e-02,-0.0489062,-0.000775313
7.3670e-02,-0.045,-0.000470938
7.3680e-02,-0.0295313,-0.000142188
7.3690e-02,-0.0329688,0.00025875
7.3700e-02,-0.0420312,-0.000505313
7.3710e-02,-0.0459375,-0.000526563
7.3720e-02,-0.0434375,-0.000256875
7.3730e-02,-0.040625,-7.9375e-05
7.3740e-02,-0.0514063,0.000649375
7.3750e-02,-0.04375,0.000750313
7.3760e-02,-0.054375,0.000324063
7.3770e-02,-0.044375,0.000168438
7.3780e-02,-0.0457813,-1.90625e-05
7.3790e-02,-0.045625,-0.000204375
7.3800e-02,-0.0315625,6.53125e-05
7.3810e-02,-0.0495312,-0.000194688
7.3820e-02,-0.0457813,-2.3125e-05
7.3830e-02,-0.0453125,5.0625e-05
7.3840e-02,-0.0454688,-0.000224375
7.3850e-02,-0.051875,0.0002475
7.3860e-02,-0.033125,0.000505938
7.3870e-02,-0.0503125,0.000252188
7.3880e-02,-0.0534375,0.000182813
7.3890e-02,-0.0570313,0.000105625
7.3900e-02,-0.0404687,-0.000232188
7.3910e-02,-0.0404687,-0.000360625
7.3920e-02,-0.0515625,-0.000274688
7.3930e-02,-0.0590625,1.8125e-05
7.3940e-02,-0.0392187,0.0001025
7.3950e-02,-0.0479688,-0.000150625
7.3960e-02,-0.0514063,-2.1875e-06
7.3970e-02,-0.0428125,-0.000346563
7.3980e-02,-0.0420312,6.28125e-05
7.3990e-02,-0.055,1.53125e-05
7.4000e-02,-0.0409375,-0.00014375
7.4010e-02,-0.040625,-0.000105625
7.4020e-02,-0.044375,0.0002875
7.4030e-02,-0.0485938,-2.65625e-05
7.4040e-02,-0.0390625,-0.000272812
7.4050e-02,-0.0471875,0.00052375
7.4060e-02,-0.0464062,0.000151875
7.4070e-02,-0.0464062,0.000210938
7.4080e-02,-0.0346875,-5.625e-06
7.4090e-02,-0.0484375,-3.875e-05
7.4100e-02,-0.0404687,3.09375e-05
7.4110e-02,-0.0451563,0.000489063
7.4120e-02,-0.0398437,-0.000154063
7.4130e-02,-0.0434375,-0.000635
7.4140e-02,-0.0332812,-0.000595313
7.4150e-02,-0.0321875,-0.000316875
7.4160e-02,-0.03875,0.000405
7.4170e-02,-0.0426562,0.000198125
7.4180e-02,-0.0432813,0.000445313
7.4190e-02,-0.0415625,0.000611563
7.4200e-02,-0.0451563,0.00094875
7.4210e-02,-0.0401563,-7.5e-05
7.4220e-02,-0.0457813,-0.000205
7.4230e-02,-0.0417187,-1.125e-05
7.4240e-02,-0.0304688,-5e-05
7.4250e-02,-0.0451563,-3.4375e-05
7.4260e-02,-0.0378125,-0.000180313
7.4270e-02,-0.0476562,0.000162188
7.4280e-02,-0.0440625,-0.000601875
7.4290e-02,-0.0382813,0.000125938
7.4300e-02,-0.0459375,4.75e-05
7.4310e-02,-0.0503125,0.000262187
7.4320e-02,-0.0417187,-0.000491875
7.4330e-02,-0.0417187,-0.000483125
7.4340e-02,-0.0457813,0.000610938
7.4350e-02,-0.0579687,1.625e-05
7.4360e-02,-0.0504687,0.000241563
7.4370e-02,-0.0359375,0.000289688
7.4380e-02,-0.0451563,-2.59375e-05
7.4390e-02,-0.0501562,-0.000185313
7.4400e-02,-0.04875,0.00067
7.4410e-02,-0.0353125,0.000295625
7.4420e-02,-0.0410937,9.375e-05
7.4430e-02,-0.0379688,0.000267813
7.4440e-02,-0.0371875,-0.000162188
7.4450e-02,-0.034375,0.000353438
7.4460e-02,-0.0465625,-0.000114063
7.4470e-02,-0.0420312,0.000821875
7.4480e-02,-0.0439063,-0.000546875
7.4490e-02,-0.0417187,0.000691875
7.4500e-02,-0.0546875,-0.000259688
7.4510e-02,-0.0448438,0.00045625
7.4520e-02,-0.0528125,0.000715
7.4530e-02,-0.0509375,-0.000529375
7.4540e-02,-0.0540625,0.000289375
7.4550e-02,-0.045625,-0.000259063
7.4560e-02,-0.0370313,4.6875e-06
7.4570e-02,-0.046875,-8.34375e-05
7.4580e-02,-0.0334375,-5.9375e-06
7.4590e-02,-0.0420312,0.000113438
7.4600e-02,-0.046875,0.000144688
7.4610e-02,-0.044375,3.21875e-05
7.4620e-02,-0.0535937,0.000278125
7.4630e-02,-0.039375,0.000680625
7.4640e-02,-0.0429688,1.09375e-05
7.4650e-02,-0.053125,0.000212188
7.4660e-02,-0.045,5.59375e-05
7.4670e-02,-0.0510938,0.0002775
7.4680e-02,-0.0471875,0.000310313
7.4690e-02,-0.0275,0.00010125
7.4700e-02,-0.0403125,0.000996875
7.4710e-02,-0.0448438,0.000376875
7.4720e-02,-0.0496875,-1.71875e-05
7.4730e-02,-0.0378125,-9.46875e-05
7.4740e-02,-0.0546875,-0.000240625
7.4750e-02,-0.0448438,0.00016125
7.4760e-02,-0.0307813,0.000807188
7.4770e-02,-0.0342187,0.000326563
7.4780e-02,-0.0460938,-9.03125e-05
7.4790e-02,-0.0407813,0.000204688
7.4800e-02,-0.053125,-0.000171875
7.4810e-02,-0.0446875,0.000394063
7.4820e-02,-0.0296875,0.000228125
7.4830e-02,-0.043125,-0.000146563
7.4840e-02,-0.0384375,-8.4375e-05
7.4850e-02,-0.0471875,6.28125e-05
7.4860e-02,-0.0482812,-4.71875e-05
7.4870e-02,-0.0460938,0.000288125
7.4880e-02,-0.050625,-0.000400938
7.4890e-02,-0.051875,-0.0001025
7.4900e-02,-0.0421875,0.0001325
7.4910e-02,-0.0571875,0.00114031
7.4920e-02,-0.034375,0.000290625
7.4930e-02,-0.0420312,-3.65625e-05
7.4940e-02,-0.0515625,0.000232813
7.4950e-02,-0.0420312,-0.00033625
7.4960e-02,-0.0429688,7.96875e-05
7.4970e-02,-0.0484375,6.1875e-05
7.4980e-02,-0.0478125,-3.84375e-05
7.4990e-02,-0.0521875,-0.000556563
7.5000e-02,-0.0407813,-0.0005125
7.5010e-02,-0.0473438,0.000200313
7.5020e-02,-0.0515625,-8.4375e-06
7.5030e-02,-0.0445313,-1.5e-05
7.5040e-02,-0.044375,-7.34375e-05
7.5050e-02,-0.0445313,0.00026
7.5060e-02,-0.0382813,0.000154688
7.5070e-02,-0.0473438,-0.000216875
7.5080e-02,-0.0429688,-0.000406563
7.5090e-02,-0.04625,-0.000173438
7.5100e-02,-0.0604688,-0.000434375
7.5110e-02,-0.0482812,0.0002325
7.5120e-02,-0.0432813,0.000361563
7.5130e-02,-0.03375,-0.00051125
7.5140e-02,-0.0345312,-0.0001475
7.5150e-02,-0.044375,0.000265938
7.5160e-02,-0.045625,-0.00023
7.5170e-02,-0.049375,0.000163438
7.5180e-02,-0.038125,0.00019875
7.5190e-02,-0.0410937,-0.000109063
7.5200e-02,-0.038125,0.000370938
7.5210e-02,-0.0435938,0.000680625
7.5220e-02,-0.0451563,-5.46875e-05
7.5230e-02,-0.0395313,0.000725
7.5240e-02,-0.0489062,0.000510625
7.5250e-02,-0.0471875,-3.34375e-05
7.5260e-02,-0.0385937,0.000313438
7.5270e-02,-0.045625,-0.000201563
7.5280e-02,-0.0465625,-0.000227813
7.5290e-02,-0.04375,-0.0002425
7.5300e-02,-0.0490625,0.00012
7.5310e-02,-0.0395313,-6.25e-07
7.5320e-02,-0.0421875,6.3125e-05
7.5330e-02,-0.0465625,-2e-05
7.5340e-02,-0.0457813,-0.0001625
7.5350e-02,-0.048125,-4.625e-05
7.5360e-02,-0.0476562,-0.000518438
7.5370e-02,-0.0420312,-0.000480313
7.5380e-02,-0.04,-6.1875e-05
7.5390e-02,-0.0484375,2.0625e-05
7.5400e-02,-0.0410937,-0.000189063
7.5410e-02,-0.0490625,-7.78125e-05
7.5420e-02,-0.04625,-0.000124688
7.5430e-02,-0.0401563,2.9375e-05
7.5440e-02,-0.0420312,7.75e-05
7.5450e-02,-0.0446875,-0.000756875
7.5460e-02,-0.0470312,-0.000615
7.5470e-02,-0.0459375,-9.3125e-05
7.5480e-02,-0.0495312,0.000306563
7.5490e-02,-0.0548437,-0.000217813
7.5500e-02,-0.0475,-0.00033625
7.5510e-02,-0.045,0.000219063
7.5520e-02,-0.0517188,0.000554063
7.5530e-02,-0.051875,0.000303125
7.5540e-02,-0.0484375,-3.65625e-05
7.5550e-02,-0.035625,4.46875e-05
7.5560e-02,-0.0435938,0.000444375
7.5570e-02,-0.0448438,0.000292813
7.5580e-02,-0.0440625,0.000324063
7.5590e-02,-0.0475,0.000362188
7.5600e-02,-0.0454688,0.000112188
7.5610e-02,-0.051875,0.000170625
7.5620e-02,-0.0367188,0.000130313
7.5630e-02,-0.0390625,0.000554063
7.5640e-02,-0.0473438,0.000542188
7.5650e-02,-0.0529687,-0.000195313
7.5660e-02,-0.0423437,-0.000687813
7.5670e-02,-0.05375,-2.5e-06
7.5680e-02,-0.0409375,0.000335313
7.5690e-02,-0.0482812,0.000257813
7.5700e-02,-0.03,-6.15625e-05
7.5710e-02,-0.0409375,-0.0001025
7.5720e-02,-0.0551563,0.0011475
7.5730e-02,-0.046875,-6.5625e-06
7.5740e-02,-0.0476562,-0.000244063
7.5750e-02,-0.05875,0.000322188
7.5760e-02,-0.0473438,0.0003825
7.5770e-02,-0.0459375,-0.00022
7.5780e-02,-0.0414063,-0.000264375
7.5790e-02,-0.0442188,-0.000284063
7.5800e-02,-0.0434375,-0.000943125
7.5810e-02,-0.0471875,-0.000292813
7.5820e-02,-0.0514063,0.000590625
7.5830e-02,-0.0517188,0.0001125
7.5840e-02,-0.0554687,0.000249375
7.5850e-02,-0.0492188,0.000117813
7.5860e-02,-0.0425,0.000277813
7.5870e-02,-0.0546875,-4.6875e-06
7.5880e-02,-0.0482812,0.000348125
7.5890e-02,-0.0492188,0.00031875
7.5900e-02,-0.0410937,5.96875e-05
7.5910e-02,-0.0428125,-0.00060125
7.5920e-02,-0.0404687,-7.84375e-05
7.5930e-02,-0.0401563,-0.000375
7.5940e-02,-0.0420312,-0.000509063
7.5950e-02,-0.05125,0.000351563
7.5960e-02,-0.0492188,0.00096125
7.5970e-02,-0.0520313,0.000199063
7.5980e-02,-0.056875,-0.000447813
7.5990e-02,-0.0425,-0.000879688
7.6000e-02,-0.0507812,0.00026625
7.6010e-02,-0.0339062,0.000385
7.6020e-02,-0.0534375,-0.000120313
7.6030e-02,-0.0467188,-0.000103438
7.6040e-02,-0.0498438,0.000215938
7.6050e-02,-0.0425,0.000336875
7.6060e-02,-0.054375,-0.000198125
7.6070e-02,-0.0504687,0.000196563
7.6080e-02,-0.0482812,0.000503438
7.6090e-02,-0.04125,0.000736875
7.6100e-02,-0.0376563,0.000577188
7.6110e-02,-0.0370313,0.000200313
7.6120e-02,-0.0409375,-0.000569688
7.6130e-02,-0.0429688,0.000203125
7.6140e-02,-0.05125,0.000335313
7.6150e-02,-0.0509375,0.00074625
7.6160e-02,-0.0376563,0.000120625
7.6170e-02,-0.0528125,-0.0003925
7.6180e-02,-0.0376563,-0.00036375
7.6190e-02,-0.0421875,-0.000423438
7.6200e-02,-0.0445313,-0.000109375
7.6210e-02,-0.0442188,0.000461875
7.6220e-02,-0.0426562,-7.34375e-05
7.6230e-02,-0.0529687,0.000113125
7.6240e-02,-0.0403125,-0.000507188
7.6250e-02,-0.05,-0.00108969
7.6260e-02,-0.0459375,-0.00112125
7.6270e-02,-0.0595313,-0.00048125
7.6280e-02,-0.0451563,0.00091625
7.6290e-02,-0.0417187,9.1875e-05
7.6300e-02,-0.0459375,-0.000487813
7.6310e-02,-0.0451563,-0.000590313
7.6320e-02,-0.0445313,-0.00015375
7.6330e-02,-0.0573437,0.000153125
7.6340e-02,-0.0478125,0.000356875
7.6350e-02,-0.04375,0.000814688
7.6360e-02,-0.0470312,4.625e-05
7.6370e-02,-0.0407813,-0.000832813
7.6380e-02,-0.0434375,-0.00122438
7.6390e-02,-0.0279688,-8.71875e-05
7.6400e-02,-0.0373438,0.000416563
7.6410e-02,-0.0470312,0.00078125
7.6420e-02,-0.0465625,0.001185
7.6430e-02,-0.048125,0.0009125
7.6440e-02,-0.048125,0.00131719
7.6450e-02,-0.0520313,0.00136406
7.6460e-02,-0.05,0.001215
7.6470e-02,-0.0367188,0.00119
7.6480e-02,-0.04125,0.001255
7.6490e-02,-0.331406,-0.000505625
7.6500e-02,1.36141,-0.00455813
7.6510e-02,0.456562,-0.00612281
7.6520e-02,-0.11625,-0.00692906
7.6530e-02,-0.03,-0.00715125
7.6540e-02,0.121563,-0.00699094
7.6550e-02,0.0979687,-0.00703813
7.6560e-02,0.0854687,-0.00701313
7.6570e-02,0.0792188,-0.00697813
7.6580e-02,0.0639062,-0.00681094
7.6590e-02,0.0701563,-0.00700563
7.6600e-02,0.0648437,-0.00696375
7.6610e-02,0.03625,-0.00688281
7.6620e-02,0.0470312,-0.00702875
7.6630e-02,0.040625,-0.00688969
7.6640e-02,0.0367187,-0.00681438
7.6650e-02,0.0303125,-0.00694844
7.6660e-02,0.038125,-0.006945
7.6670e-02,0.03375,-0.00687813
7.6680e-02,0.0278125,-0.00674188
7.6690e-02,0.0190625,-0.0068375
7.6700e-02,0.0157813,-0.00689094
7.6710e-02,0.0214062,-0.00695094
7.6720e-02,0.0189063,-0.00672156
7.6730e-02,0.0139062,-0.00692781
7.6740e-02,0.0189063,-0.00642969
7.6750e-02,0.0179688,-0.00268719
7.6760e-02,0.0154687,0.000400313
7.6770e-02,0.0148437,8.75e-06
7.6780e-02,0.0220312,-0.000554688
7.6790e-02,-0.00078125,-0.00191688
7.6800e-02,0.00625,-0.00198313
7.6810e-02,0.013125,0.0001075
7.6820e-02,0.0120312,0.00131531
7.6830e-02,0.00828125,0.000942188
7.6840e-02,0.0104687,0.000477813
7.6850e-02,-0.00046875,-0.00124
7.6860e-02,0.0021875,-0.00125469
7.6870e-02,0.0021875,-0.000503438
7.6880e-02,0.00828125,0.000630938
7.6890e-02,-0.00078125,0.00126156
7.6900e-02,-0.00171875,0.000190938
7.6910e-02,-0.00734375,-0.00108781
7.6920e-02,0.0028125,-0.0008425
7.6930e-02,-0.00171875,-6.125e-05
7.6940e-02,-0.00515625,0.000205
7.6950e-02,0.0021875,0.00126281
7.6960e-02,-0.005,0.000791875
7.6970e-02,-0.00421875,-0.0004025
7.6980e-02,-0.0145312,-0.00123063
7.6990e-02,0.008125,-0.00136594
7.7000e-02,-0.003125,-0.000243438
7.7010e-02,-0.00796875,0.000404375
7.7020e-02,-0.00078125,0.000658125
7.7030e-02,-0.0229687,0.000167813
7.7040e-02,0.00140625,-0.000664375
7.7050e-02,-0.0153125,-0.000409375
7.7060e-02,-0.0101563,-0.00064125
7.7070e-02,-0.0096875,-0.0002175
7.7080e-02,-0.00578125,-0.000298125
7.7090e-02,-0.00203125,0.000479063
7.7100e-02,-0.01375,0.000150938
7.7110e-02,-0.0120313,-1.3125e-05
7.7120e-02,-0.00296875,0.000210313
7.7130e-02,0.00609375,0.000209063
7.7140e-02,-0.009375,-8.75e-05
7.7150e-02,-0.0125,0.000465938
7.7160e-02,-0.00953125,0.000240313
7.7170e-02,0.0021875,0.00020125
7.7180e-02,-0.0075,-0.000373125
7.7190e-02,-0.0115625,-0.000402813
7.7200e-02,-0.0128125,-0.000243125
7.7210e-02,-0.0148437,-7.5e-05
7.7220e-02,-0.0154687,0.000539063
7.7230e-02,-0.00859375,0.00036
7.7240e-02,-0.0117188,-0.000233438
7.7250e-02,-0.01,-0.0002825
7.7260e-02,-0.01,-0.000630313
7.7270e-02,-0.00046875,1.90625e-05
7.7280e-02,-0.0101563,0.000575
7.7290e-02,-0.0121875,0.000204063
7.7300e-02,-0.0114062,-9.65625e-05
7.7310e-02,-0.0164063,-7.59375e-05
7.7320e-02,-0.0214063,0.000365625
7.7330e-02,-0.0129688,0.000348125
7.7340e-02,-0.0195312,0.0003575
7.7350e-02,-0.02125,-6.15625e-05
7.7360e-02,-0.0120313,-0.000125
7.7370e-02,-0.0184375,-7.125e-05
7.7380e-02,-0.01,-0.000351563
7.7390e-02,-0.0121875,0.00012
7.7400e-02,-0.021875,0.000160625
7.7410e-02,-0.013125,6.0625e-05
7.7420e-02,-0.0101563,0.000664688
7.7430e-02,-0.0148437,-0.000332188
7.7440e-02,-0.0139063,-0.000112188
7.7450e-02,-0.0129688,-0.000569375
7.7460e-02,-0.020625,0.000122188
7.7470e-02,-0.0170313,0.000116875
7.7480e-02,-0.0120313,-1.875e-06
7.7490e-02,-0.0175,3.9375e-05
7.7500e-02,-0.0135937,0.000789375
7.7510e-02,-0.0104688,4.0625e-06
7.7520e-02,-0.0179687,0.000162188
7.7530e-02,-0.01625,0.000314063
7.7540e-02,-0.019375,0.000497812
7.7550e-02,-0.010625,0.00044375
7.7560e-02,-0.0171875,2.28125e-05
7.7570e-02,-0.00953125,0.000263437
7.7580e-02,-0.0226562,6.46875e-05
7.7590e-02,-0.0229687,0.000304687
7.7600e-02,-0.0226562,0.00022625
7.7610e-02,-0.0154687,-3.65625e-05
7.7620e-02,-0.0198438,0.000130313
7.7630e-02,-0.0179687,-0.000248125
7.7640e-02,-0.006875,0.000137813
7.7650e-02,-0.0217188,0.000675313
7.7660e-02,-0.0304688,0.00052375
7.7670e-02,-0.0104688,0.00052
7.7680e-02,-0.0246875,0.000390313
7.7690e-02,-0.0189062,0.00024875
7.7700e-02,-0.0203125,3.84375e-05
7.7710e-02,-0.0201563,0.000204688
7.7720e-02,-0.0126563,0.000222813
7.7730e-02,-0.0182812,0.000134063
7.7740e-02,-0.0234375,-0.000537813
7.7750e-02,-0.0209375,-0.00054
7.7760e-02,-0.0154687,-2.78125e-05
7.7770e-02,-0.0232812,2.8125e-05
7.7780e-02,-0.0259375,2.1875e-06
7.7790e-02,-0.0198438,-0.000346563
7.7800e-02,-0.020625,0.000618125
7.7810e-02,-0.0192187,1.46875e-05
7.7820e-02,-0.0189062,0.00038875
7.7830e-02,-0.0278125,-0.00021625
7.7840e-02,-0.0204688,-1.9375e-05
7.7850e-02,-0.0139063,0.000249688
7.7860e-02,-0.0221875,-2.28125e-05
7.7870e-02,-0.0204688,-0.000204063
7.7880e-02,-0.0273438,0.000195938
7.7890e-02,-0.0292188,-0.000561562
7.7900e-02,-0.0220313,-0.00071625
7.7910e-02,-0.0284375,0.000174688
7.7920e-02,-0.0221875,-3.9375e-05
7.7930e-02,-0.030625,0.000230625
7.7940e-02,-0.0271875,0.000303438
7.7950e-02,-0.0215625,-0.00059625
7.7960e-02,-0.029375,-2.96875e-05
7.7970e-02,-0.018125,-7.1875e-05
7.7980e-02,-0.0304688,-4.65625e-05
7.7990e-02,-0.0189062,0.000468438
7.8000e-02,-0.0304688,0.000504375
7.8010e-02,-0.0251563,-0.000215938
7.8020e-02,-0.0225,0.000400313
7.8030e-02,-0.0221875,0.000244063
7.8040e-02,-0.0173438,-0.000448438
7.8050e-02,-0.0303125,0.000386875
7.8060e-02,-0.01,0.00053625
7.8070e-02,-0.0265625,0.00042625
7.8080e-02,-0.0248438,0.000882813
7.8090e-02,-0.0254688,0.000555313
7.8100e-02,-0.0225,0.000308125
7.8110e-02,-0.0134375,0.000611563
7.8120e-02,-0.0229687,3.09375e-05
7.8130e-02,-0.0326562,0.000509063
7.8140e-02,-0.0121875,-0.00019625
7.8150e-02,-0.0289063,-1.125e-05
7.8160e-02,-0.0185937,0.00068125
7.8170e-02,-0.0284375,-0.000135313
7.8180e-02,-0.01875,6.71875e-05
7.8190e-02,-0.0382813,0.000110625
7.8200e-02,-0.0346875,9.5625e-05
7.8210e-02,-0.0332812,-0.000166875
7.8220e-02,-0.0351562,0.00038125
7.8230e-02,-0.03,-0.000364688
7.8240e-02,-0.0239063,-4.375e-05
7.8250e-02,-0.0251563,-9.21875e-05
7.8260e-02,-0.0232812,0.00062
7.8270e-02,-0.0279688,0.000405
7.8280e-02,-0.0304688,-5.28125e-05
7.8290e-02,-0.0245313,-3.0625e-05
7.8300e-02,-0.030625,-0.000167188
7.8310e-02,-0.0335937,0.000190313
7.8320e-02,-0.0278125,-0.000305625
7.8330e-02,-0.0289063,-0.000259375
7.8340e-02,-0.0248438,0.00060625
7.8350e-02,-0.01875,3.625e-05
7.8360e-02,-0.0189062,0.000375625
7.8370e-02,-0.0348437,0.000405625
7.8380e-02,-0.0332812,0.000663125
7.8390e-02,-0.0245313,0.000729063
7.8400e-02,-0.0228125,-1.9375e-05
7.8410e-02,-0.0315625,-0.00019125
7.8420e-02,-0.0298438,0.000234688
7.8430e-02,-0.0310937,0.000522813
7.8440e-02,-0.0251563,0.000272812
7.8450e-02,-0.0396875,-0.000504063
7.8460e-02,-0.0284375,0.00011625
7.8470e-02,-0.029375,-0.000233125
7.8480e-02,-0.0375,-6.3125e-05
7.8490e-02,-0.0214063,-6.40625e-05
7.8500e-02,-0.0320312,0.000220313
7.8510e-02,-0.0229687,-0.000495
7.8520e-02,-0.0259375,0.000271563
7.8530e-02,-0.0234375,0.00021625
7.8540e-02,-0.0275,0.00115
7.8550e-02,-0.0351562,-0.000413438
7.8560e-02,-0.0315625,0.000165938
7.8570e-02,-0.0251563,0.00042625
7.8580e-02,-0.0389063,0.000354063
7.8590e-02,-0.0320312,0.00051
7.8600e-02,-0.0314062,0.000427813
7.8610e-02,-0.0142188,9.34375e-05
7.8620e-02,-0.030625,-0.000775938
7.8630e-02,-0.0296875,-6.625e-05
7.8640e-02,-0.0271875,2.40625e-05
7.8650e-02,-0.0367188,-0.00034375
7.8660e-02,-0.0353125,-0.000169688
7.8670e-02,-0.0371875,3.96875e-05
7.8680e-02,-0.0204688,0.000358438
7.8690e-02,-0.0354688,0.000185938
7.8700e-02,-0.035,0.000154063
7.8710e-02,-0.0253125,9.78125e-05
7.8720e-02,-0.029375,0.000436875
7.8730e-02,-0.0290625,0.0010275
7.8740e-02,-0.0339062,0.000716563
7.8750e-02,-0.0245313,0.000765313
7.8760e-02,-0.0334375,0.000574063
7.8770e-02,-0.0390625,-0.000146875
7.8780e-02,-0.03625,0.000341875
7.8790e-02,-0.0159375,5.59375e-05
7.8800e-02,-0.0323438,0.000131875
7.8810e-02,-0.0395313,-0.000204375
7.8820e-02,-0.0285938,0.000330313
7.8830e-02,-0.0467188,-0.000344375
7.8840e-02,-0.026875,3.5e-05
7.8850e-02,-0.0254688,0.0001575
7.8860e-02,-0.0360938,0.000144063
7.8870e-02,-0.0267187,0.000126563
7.8880e-02,-0.0360938,0.000169063
7.8890e-02,-0.03875,0.000674063
7.8900e-02,-0.0220313,0.000367813
7.8910e-02,-0.0334375,0.000207813
7.8920e-02,-0.02625,0.000954063
7.8930e-02,-0.0317188,0.000191875
7.8940e-02,-0.0364063,0.000413125
7.8950e-02,-0.0264062,0.000681875
7.8960e-02,-0.0420312,0.000486875
7.8970e-02,-0.0296875,0.000125625
7.8980e-02,-0.0385937,0.00011
7.8990e-02,-0.0354688,0.000282813
7.9000e-02,-0.0379688,0.000187188
7.9010e-02,-0.0342187,0.000158125
7.9020e-02,-0.0320312,7.53125e-05
7.9030e-02,-0.0295313,-6.96875e-05
7.9040e-02,-0.0245313,5.84375e-05
7.9050e-02,-0.033125,0.000337813
7.9060e-02,-0.0304688,0.000185938
7.9070e-02,-0.0340625,5.71875e-05
7.9080e-02,-0.0285938,2.65625e-05
7.9090e-02,-0.0345312,0.000293125
7.9100e-02,-0.0320312,0.000403125
7.9110e-02,-0.0234375,0.00022625
7.9120e-02,-0.0404687,6.625e-05
7.9130e-02,-0.0375,0.000860313
7.9140e-02,-0.0282813,0.00100563
7.9150e-02,-0.0307813,0.000201875
7.9160e-02,-0.0234375,0.000225625
7.9170e-02,-0.0307813,-0.000430938
7.9180e-02,-0.0353125,-9.84375e-05
7.9190e-02,-0.0317188,0.000296875
7.9200e-02,-0.0384375,-0.000185625
7.9210e-02,-0.0423437,-9.8125e-05
7.9220e-02,-0.031875,3.53125e-05
7.9230e-02,-0.041875,0.000454375
7.9240e-02,-0.0401563,0.000528438
7.9250e-02,-0.0404687,0.000244063
7.9260e-02,-0.0354688,0.00024625
7.9270e-02,-0.0389063,-8.09375e-05
7.9280e-02,-0.0392187,-9.34375e-05
7.9290e-02,-0.0335937,6.375e-05
7.9300e-02,-0.0323438,0.000294062
7.9310e-02,-0.0398437,0.00017375
7.9320e-02,-0.0396875,2.0625e-05
7.9330e-02,-0.0346875,9.28125e-05
7.9340e-02,-0.0359375,-0.000630313
7.9350e-02,-0.0348437,-0.000598125
7.9360e-02,-0.0329688,0.000536563
7.9370e-02,-0.0264062,0.000271563
7.9380e-02,-0.03125,0.000707813
7.9390e-02,-0.0365625,-0.000175
7.9400e-02,-0.0354688,-0.0001
7.9410e-02,-0.026875,0.000103438
7.9420e-02,-0.0303125,-4.625e-05
7.9430e-02,-0.0273438,-0.000564063
7.9440e-02,-0.0417187,-0.000225938
7.9450e-02,-0.0303125,0.000565313
7.9460e-02,-0.036875,-0.000221563
7.9470e-02,-0.041875,-0.000473438
7.9480e-02,-0.0365625,0.000264375
7.9490e-02,-0.0389063,0.00016375
7.9500e-02,-0.0276563,9.5e-05
7.9510e-02,-0.0514063,8.65625e-05
7.9520e-02,-0.0307813,0.000554375
7.9530e-02,-0.030625,0.000128437
7.9540e-02,-0.03125,-8.125e-06
7.9550e-02,-0.0334375,3.59375e-05
7.9560e-02,-0.0346875,-0.000144688
7.9570e-02,-0.0370313,0.000604375
7.9580e-02,-0.0307813,0.000208438
7.9590e-02,-0.0423437,0.00100688
7.9600e-02,-0.03375,-1.5625e-05
7.9610e-02,-0.0407813,-0.000170313
7.9620e-02,-0.0267187,-0.0001325
7.9630e-02,-0.0334375,0.000456563
7.9640e-02,-0.043125,4.78125e-05
7.9650e-02,-0.0235938,-0.000630625
7.9660e-02,-0.0403125,-0.000704375
7.9670e-02,-0.0403125,-3.15625e-05
7.9680e-02,-0.0375,-0.000450938
7.9690e-02,-0.045625,-0.000320625
7.9700e-02,-0.0251563,-0.000361875
7.9710e-02,-0.0325,0.000110625
7.9720e-02,-0.0275,0.000414063
7.9730e-02,-0.0370313,4.40625e-05
7.9740e-02,-0.0384375,0.000132813
7.9750e-02,-0.0195312,0.000966563
7.9760e-02,-0.0304688,0.000128125
7.9770e-02,-0.0403125,0.000808438
7.9780e-02,-0.0454688,0.000580938
7.9790e-02,-0.0323438,0.000110625
7.9800e-02,-0.0496875,5.3125e-05
7.9810e-02,-0.0420312,-0.000226875
7.9820e-02,-0.0459375,-0.000227188
7.9830e-02,-0.0367188,0.000160625
7.9840e-02,-0.043125,0.000222188
7.9850e-02,-0.0314062,-0.000171563
7.9860e-02,-0.0390625,-0.000139375
7.9870e-02,-0.02875,-0.000418438
7.9880e-02,-0.0345312,0.000438438
7.9890e-02,-0.0270312,0.0001975
7.9900e-02,-0.0357813,7.28125e-05
7.9910e-02,-0.0357813,8.53125e-05
7.9920e-02,-0.0304688,-0.000229375
7.9930e-02,-0.0301563,0.000673438
7.9940e-02,-0.045625,0.000257188
7.9950e-02,-0.0389063,-9.25e-05
7.9960e-02,-0.0435938,-0.000494688
7.9970e-02,-0.0382813,0.000676563
7.9980e-02,-0.029375,-0.000702813
7.9990e-02,-0.0353125,-0.000275938
8.0000e-02,-0.0409375,-5.53125e-05
8.0010e-02,-0.043125,-0.00043
8.0020e-02,-0.0321875,-2.375e-05
8.0030e-02,-0.0389063,-0.000184375
8.0040e-02,-0.0328125,4.46875e-05
8.0050e-02,-0.0392187,0.000508125
8.0060e-02,-0.0389063,-0.0001475
8.0070e-02,-0.0425,-8.46875e-05
8.0080e-02,-0.0335937,0.00035875
8.0090e-02,-0.03375,0.000583438
8.0100e-02,-0.0265625,0.0003725
8.0110e-02,-0.0360938,-0.000504063
8.0120e-02,-0.0407813,-0.000177813
8.0130e-02,-0.0384375,2.5625e-05
8.0140e-02,-0.0365625,0.000400938
8.0150e-02,-0.03875,0.000545
8.0160e-02,-0.035,0.000318125
8.0170e-02,-0.041875,0.0001225
8.0180e-02,-0.0473438,0.000105
8.0190e-02,-0.0351562,-1.34375e-05
8.0200e-02,-0.045625,2.75e-05
8.0210e-02,-0.0479688,1.75e-05
8.0220e-02,-0.0440625,0.000224375
8.0230e-02,-0.0334375,-0.000211563
8.0240e-02,-0.0423437,0.000422813
8.0250e-02,-0.036875,-4.375e-06
8.0260e-02,-0.0359375,0.000204375
8.0270e-02,-0.0321875,0.000353438
8.0280e-02,-0.045625,-0.000189688
8.0290e-02,-0.03,0.000694688
8.0300e-02,-0.039375,0.000662188
8.0310e-02,-0.0271875,-0.00047875
8.0320e-02,-0.0364063,-0.00032875
8.0330e-02,-0.0457813,0.00070125
8.0340e-02,-0.0360938,0.00045125
8.0350e-02,-0.0529687,0.000617813
8.0360e-02,-0.0421875,0.001475
8.0370e-02,-0.0360938,0.00072
8.0380e-02,-0.0378125,0.000196563
8.0390e-02,-0.0284375,-0.000404375
8.0400e-02,-0.0432813,-8.3125e-05
8.0410e-02,-0.039375,0.000640313
8.0420e-02,-0.0351562,0.000561875
8.0430e-02,-0.0498438,0.000599375
8.0440e-02,-0.0432813,-0.00031125
8.0450e-02,-0.0457813,-0.000967188
8.0460e-02,-0.04875,-0.00115156
8.0470e-02,-0.0428125,3.78125e-05
8.0480e-02,-0.0364063,0.000574063
8.0490e-02,-0.0346875,0.00130219
8.0500e-02,-0.040625,0.000357813
8.0510e-02,-0.0454688,-0.000255313
8.0520e-02,-0.031875,-0.00081
8.0530e-02,-0.04625,-0.000405313
8.0540e-02,-0.0292188,6.09375e-05
8.0550e-02,-0.0353125,6.21875e-05
8.0560e-02,-0.0345312,0.000603438
8.0570e-02,-0.0371875,-0.000326563
8.0580e-02,-0.04375,-0.000492188
8.0590e-02,-0.0310937,-0.000385625
8.0600e-02,-0.0426562,0.000335
8.0610e-02,-0.0407813,0.000367813
8.0620e-02,-0.036875,0.000904688
8.0630e-02,-0.0345312,0.000636875
8.0640e-02,-0.036875,-2.90625e-05
8.0650e-02,-0.0353125,-0.000477188
8.0660e-02,-0.0445313,-0.000531563
8.0670e-02,-0.0470312,-0.00042
8.0680e-02,-0.0379688,0.00084875
8.0690e-02,-0.0420312,0.000632813
8.0700e-02,-0.040625,0.000427813
8.0710e-02,-0.0325,-0.000155938
8.0720e-02,-0.0401563,-0.000973438
8.0730e-02,-0.0376563,-0.0009475
8.0740e-02,-0.0379688,-6.34375e-05
8.0750e-02,-0.0309375,0.000127188
8.0760e-02,-0.0354688,0.000142188
8.0770e-02,-0.0289063,-0.00044375
8.0780e-02,-0.0415625,-0.000445938
8.0790e-02,-0.0465625,-0.000500312
8.0800e-02,-0.0182812,0.000493125
8.0810e-02,-0.0342187,0.000581875
8.0820e-02,-0.0320312,0.000486563
8.0830e-02,-0.04875,0.000564375
8.0840e-02,-0.019375,0.00041375
8.0850e-02,-0.0446875,-2.59375e-05
8.0860e-02,-0.0484375,1.5625e-06
8.0870e-02,-0.0360938,-0.0002275
8.0880e-02,-0.0310937,-0.000127813
8.0890e-02,-0.0364063,-0.000144375
8.0900e-02,-0.0334375,-0.000270938
8.0910e-02,-0.0307813,-0.000399063
8.0920e-02,-0.04625,-0.000101875
8.0930e-02,-0.0520313,-0.000343125
8.0940e-02,-0.0345312,-0.0005125
8.0950e-02,-0.0460938,6.6875e-05
8.0960e-02,-0.0432813,-0.000296563
8.0970e-02,-0.045625,8.375e-05
8.0980e-02,-0.050625,0.000377813
8.0990e-02,-0.0364063,0.00023125
8.1000e-02,-0.0353125,0.000749063
8.1010e-02,-0.0415625,0.000392813
8.1020e-02,-0.0429688,0.00013125
8.1030e-02,-0.0417187,-7.875e-05
8.1040e-02,-0.0479688,-0.00041875
8.1050e-02,-0.0532813,0.000115
8.1060e-02,-0.0445313,-0.000310625
8.1070e-02,-0.0392187,0.000239063
8.1080e-02,-0.0328125,-0.000289688
8.1090e-02,-0.0398437,0.000165
8.1100e-02,-0.0392187,5.125e-05
8.1110e-02,-0.041875,0.000194375
8.1120e-02,-0.0451563,0.000375
8.1130e-02,-0.0403125,-0.000253438
8.1140e-02,-0.0339062,0.000136875
8.1150e-02,-0.0439063,-0.000250938
8.1160e-02,-0.0354688,-0.000124688
8.1170e-02,-0.0353125,-0.00028375
8.1180e-02,-0.0279688,-0.000659375
8.1190e-02,-0.0426562,9.75e-05
8.1200e-02,-0.038125,-0.000106563
8.1210e-02,-0.0375,0.000476875
8.1220e-02,-0.0489062,8.125e-05
8.1230e-02,-0.03,9.96875e-05
8.1240e-02,-0.045625,-0.000640313
8.1250e-02,-0.0475,5.875e-05
8.1260e-02,-0.04875,-0.00063125
8.1270e-02,-0.0460938,-0.000222813
8.1280e-02,-0.0328125,0.000347188
8.1290e-02,-0.0345312,0.000261875
8.1300e-02,-0.0342187,-0.00017625
8.1310e-02,-0.03125,0.000296875
8.1320e-02,-0.0485938,0.000143438
8.1330e-02,-0.0403125,0.000374688
8.1340e-02,-0.049375,0.000565938
8.1350e-02,-0.0373438,0.000165
8.1360e-02,-0.0457813,0.000125313
8.1370e-02,-0.0315625,0.00052125
8.1380e-02,-0.0410937,-0.000635625
8.1390e-02,-0.0373438,-0.000140625
8.1400e-02,-0.038125,-0.00029625
8.1410e-02,-0.04875,-0.00014375
8.1420e-02,-0.0359375,-0.000332813
8.1430e-02,-0.0423437,-0.000405313
8.1440e-02,-0.0329688,-0.00103656
8.1450e-02,-0.0404687,7.15625e-05
8.1460e-02,-0.0429688,-3.4375e-05
8.1470e-02,-0.0423437,0.000424375
8.1480e-02,-0.039375,0.000557188
8.1490e-02,-0.053125,-2.8125e-06
8.1500e-02,-0.0407813,0.00021375
8.1510e-02,-0.0471875,0.0003125
8.1520e-02,-0.0478125,-0.000182188
8.1530e-02,-0.039375,-0.000140625
8.1540e-02,-0.0382813,0.000410625
8.1550e-02,-0.0465625,-8.53125e-05
8.1560e-02,-0.0475,0.000245
8.1570e-02,-0.046875,-3.625e-05
8.1580e-02,-0.0453125,-9.6875e-06
8.1590e-02,-0.0440625,-0.000177188
8.1600e-02,-0.0501562,-0.000294062
8.1610e-02,-0.0421875,-0.000126563
8.1620e-02,-0.0451563,0.000375
8.1630e-02,-0.0489062,-0.00016875
8.1640e-02,-0.05,0.000339063
8.1650e-02,-0.0482812,0.000208125
8.1660e-02,-0.0535937,-0.0002425
8.1670e-02,-0.041875,-0.000262187
8.1680e-02,-0.0467188,-0.000483438
8.1690e-02,-0.0470312,-0.000394375
8.1700e-02,-0.0329688,-0.000328438
8.1710e-02,-0.0459375,5.75e-05
8.1720e-02,-0.0475,0.000439688
8.1730e-02,-0.0390625,6.84375e-05
8.1740e-02,-0.03625,-0.000767813
8.1750e-02,-0.0326562,-0.00012125
8.1760e-02,-0.0392187,-0.000884063
8.1770e-02,-0.0473438,-6.625e-05
8.1780e-02,-0.0564063,0.000580313
8.1790e-02,-0.0334375,-0.000270938
8.1800e-02,-0.0435938,-0.000490625
8.1810e-02,-0.054375,-0.000558438
8.1820e-02,-0.0432813,-0.000596563
8.1830e-02,-0.0359375,0.000112188
8.1840e-02,-0.04875,-7.46875e-05
8.1850e-02,-0.0489062,0.000121563
8.1860e-02,-0.04,0.000572187
8.1870e-02,-0.0446875,0.000343125
8.1880e-02,-0.0396875,0.000380625
8.1890e-02,-0.0384375,0.000179688
8.1900e-02,-0.0521875,0.000330625
8.1910e-02,-0.0404687,0.000243438
8.1920e-02,-0.043125,0.00026375
8.1930e-02,-0.045625,-0.0004575
8.1940e-02,-0.0357813,0.000672188
8.1950e-02,-0.04125,-0.000308125
8.1960e-02,-0.0475,0.000535938
8.1970e-02,-0.036875,0.000342188
8.1980e-02,-0.0498438,0.00039375
8.1990e-02,-0.0340625,9.375e-07
8.2000e-02,-0.0421875,-0.000432188
8.2010e-02,-0.0398437,0.000338125
8.2020e-02,-0.0409375,0.000253438
8.2030e-02,-0.0342187,-0.000194063
8.2040e-02,-0.049375,-0.000142813
8.2050e-02,-0.039375,-0.000545625
8.2060e-02,-0.0479688,-0.000396563
8.2070e-02,-0.0559375,0.0001275
8.2080e-02,-0.0459375,-0.000615938
8.2090e-02,-0.0415625,2e-05
8.2100e-02,-0.04125,-8.6875e-05
8.2110e-02,-0.046875,2.4375e-05
8.2120e-02,-0.0417187,0.0006875
8.2130e-02,-0.0367188,9.375e-06
8.2140e-02,-0.0553125,-0.000126563
8.2150e-02,-0.049375,0.000364688
8.2160e-02,-0.0465625,0.000471563
8.2170e-02,-0.04375,0.0002
8.2180e-02,-0.0540625,0.000428125
8.2190e-02,-0.045,-0.000227188
8.2200e-02,-0.0523437,5e-06
8.2210e-02,-0.0457813,5.25e-05
8.2220e-02,-0.0507812,0.000174688
8.2230e-02,-0.0482812,0.000132188
8.2240e-02,-0.041875,0.000484375
8.2250e-02,-0.0428125,6e-05
8.2260e-02,-0.045625,4.15625e-05
8.2270e-02,-0.0354688,-0.000127188
8.2280e-02,-0.04125,0.000667813
8.2290e-02,-0.04125,-7.9375e-05
8.2300e-02,-0.0378125,-4.0625e-06
8.2310e-02,-0.040625,0.000225313
8.2320e-02,-0.04375,-0.000321563
8.2330e-02,-0.040625,9.78125e-05
8.2340e-02,-0.038125,0.000238438
8.2350e-02,-0.0378125,8.71875e-05
8.2360e-02,-0.0359375,0.00053625
8.2370e-02,-0.040625,-6.125e-05
8.2380e-02,-0.0357813,0.00041375
8.2390e-02,-0.0398437,-0.000427813
8.2400e-02,-0.0596875,0.000108125
8.2410e-02,-0.0392187,-0.00049875
8.2420e-02,-0.0348437,-0.000785
8.2430e-02,-0.0392187,0.00063375
8.2440e-02,-0.04375,-4.25e-05
8.2450e-02,-0.0473438,-0.000460938
8.2460e-02,-0.0309375,-0.000309063
8.2470e-02,-0.0353125,-4.90625e-05
8.2480e-02,-0.0571875,-0.000136875
8.2490e-02,-0.05,0.000190313
8.2500e-02,-0.0498438,-0.000547813
8.2510e-02,-0.0476562,-0.000234375
8.2520e-02,-0.0434375,-0.00037375
8.2530e-02,-0.0426562,0.000401563
8.2540e-02,-0.035625,8.28125e-05
8.2550e-02,-0.0575,0.000179688
8.2560e-02,-0.0471875,2.8125e-05
8.2570e-02,-0.03375,-0.000267813
8.2580e-02,-0.0346875,-0.00025875
8.2590e-02,-0.034375,0.00053625
8.2600e-02,-0.0373438,0.00037625
8.2610e-02,-0.05,0.000312813
8.2620e-02,-0.0454688,0.000100313
8.2630e-02,-0.0409375,7.6875e-05
8.2640e-02,-0.05375,-0.000284375
8.2650e-02,-0.0395313,-0.000491563
8.2660e-02,-0.0548437,-0.0004475
8.2670e-02,-0.0365625,-1.9375e-05
8.2680e-02,-0.04,-0.00103188
8.2690e-02,-0.0459375,-0.00037125
8.2700e-02,-0.0465625,-0.000188438
8.2710e-02,-0.0446875,-0.000471875
8.2720e-02,-0.0467188,0.000391563
8.2730e-02,-0.0434375,0.0002525
8.2740e-02,-0.0367188,0.000263437
8.2750e-02,-0.033125,-0.000396563
8.2760e-02,-0.0445313,-0.000136563
8.2770e-02,-0.0509375,0.000190313
8.2780e-02,-0.04,2.8125e-06
8.2790e-02,-0.0467188,0.000433438
8.2800e-02,-0.0417187,-0.000248125
8.2810e-02,-0.0389063,-0.00042125
8.2820e-02,-0.0417187,9.84375e-05
8.2830e-02,-0.051875,-6.75e-05
8.2840e-02,-0.0475,-9.96875e-05
8.2850e-02,-0.04125,0.000639063
8.2860e-02,-0.0435938,-0.000212813
8.2870e-02,-0.045625,-0.000409375
8.2880e-02,-0.0426562,-0.000669063
8.2890e-02,-0.0435938,-0.000282188
8.2900e-02,-0.0485938,-0.000214688
8.2910e-02,-0.0425,-0.000160938
8.2920e-02,-0.0479688,0.000201563
8.2930e-02,-0.0257812,-6.28125e-05
8.2940e-02,-0.0514063,-0.000149687
8.2950e-02,-0.0503125,1.25e-05
8.2960e-02,-0.0470312,-0.00023125
8.2970e-02,-0.045625,3.875e-05
8.2980e-02,-0.04125,0.000337188
8.2990e-02,-0.0498438,-0.000378438
8.3000e-02,-0.0457813,-0.000532187
8.3010e-02,-0.0573437,-7.15625e-05
8.3020e-02,-0.0509375,0.000263437
8.3030e-02,-0.0439063,-0.0001225
8.3040e-02,-0.0360938,-0.000105938
8.3050e-02,-0.0464062,0.000145938
8.3060e-02,-0.0403125,-0.0004
8.3070e-02,-0.0482812,0.000116875
8.3080e-02,-0.0395313,0.00055125
8.3090e-02,-0.0389063,2.625e-05
8.3100e-02,-0.0498438,-0.0003625
8.3110e-02,-0.050625,7.6875e-05
8.3120e-02,-0.0439063,0.000120938
8.3130e-02,-0.0345312,0.000118438
8.3140e-02,-0.0421875,0.000154375
8.3150e-02,-0.0451563,0.000307188
8.3160e-02,-0.0439063,-0.000260313
8.3170e-02,-0.0360938,-0.000299375
8.3180e-02,-0.0515625,0.000239063
8.3190e-02,-0.0328125,0.000782188
8.3200e-02,-0.0457813,0.000512188
8.3210e-02,-0.0470312,0.000480625
8.3220e-02,-0.0392187,-0.000353438
8.3230e-02,-0.0489062,0.000374063
8.3240e-02,-0.0471875,-0.00011375
8.3250e-02,-0.0446875,-0.000389688
8.3260e-02,-0.03625,-0.000568438
8.3270e-02,-0.0423437,-0.0004275
8.3280e-02,-0.0354688,-0.000262187
8.3290e-02,-0.0467188,-0.000203438
8.3300e-02,-0.0357813,-0.00021375
8.3310e-02,-0.0448438,-1.3125e-05
8.3320e-02,-0.0503125,-0.00020125
8.3330e-02,-0.0509375,-9.5e-05
8.3340e-02,-0.0389063,0.000551875
8.3350e-02,-0.0564063,0.0002025
8.3360e-02,-0.0528125,-0.000537188
8.3370e-02,-0.0351562,8.84375e-05
8.3380e-02,-0.04375,-0.00025125
8.3390e-02,-0.0540625,-0.000366563
8.3400e-02,-0.05625,3.34375e-05
8.3410e-02,-0.0473438,-0.000593125
8.3420e-02,-0.0392187,-0.0001
8.3430e-02,-0.0414063,0.000282813
8.3440e-02,-0.0365625,0.000554063
8.3450e-02,-0.0471875,-0.000140625
8.3460e-02,-0.0471875,-4.6875e-05
8.3470e-02,-0.0417187,-2.46875e-05
8.3480e-02,-0.0460938,4.0625e-06
8.3490e-02,-0.0417187,-0.000604688
8.3500e-02,-0.0432813,0.000232188
8.3510e-02,-0.0435938,0.000235
8.3520e-02,-0.0435938,-0.000667188
8.3530e-02,-0.048125,-3.78125e-05
8.3540e-02,-0.045,0.000266875
8.3550e-02,-0.0546875,0.000573438
8.3560e-02,-0.0446875,0.00056125
8.3570e-02,-0.0445313,-0.000655625
8.3580e-02,-0.0514063,4.46875e-05
8.3590e-02,-0.0485938,-0.000137813
8.3600e-02,-0.05,-6.3125e-05
8.3610e-02,-0.0490625,-0.000166563
8.3620e-02,-0.0476562,2.34375e-05
8.3630e-02,-0.0457813,0.000119375
8.3640e-02,-0.0445313,-0.000395625
8.3650e-02,-0.0510938,-0.000333438
8.3660e-02,-0.0440625,-0.00010375
8.3670e-02,-0.055,-0.000453125
8.3680e-02,-0.0514063,-0.000210313
8.3690e-02,-0.0489062,-0.000415313
8.3700e-02,-0.0432813,4.0625e-05
8.3710e-02,-0.025625,-0.000585938
8.3720e-02,-0.0482812,-0.000757188
8.3730e-02,-0.0467188,-2.75e-05
8.3740e-02,-0.044375,-0.000504688
8.3750e-02,-0.0503125,-0.0006125
8.3760e-02,-0.044375,-4.3125e-05
8.3770e-02,-0.049375,-0.000555313
8.3780e-02,-0.0335937,-0.000480938
8.3790e-02,-0.0501562,-0.000757188
8.3800e-02,-0.0420312,-0.000420938
8.3810e-02,-0.0404687,0.000289375
8.3820e-02,-0.0414063,6.8125e-05
8.3830e-02,-0.0470312,7.59375e-05
8.3840e-02,-0.0457813,0.000146563
8.3850e-02,-0.0382813,-0.000340313
8.3860e-02,-0.0457813,4.90625e-05
8.3870e-02,-0.0464062,-0.000310625
8.3880e-02,-0.0539063,-1.09375e-05
8.3890e-02,-0.0496875,-5.6875e-05
8.3900e-02,-0.056875,0.000156563
8.3910e-02,-0.0504687,-0.000250313
8.3920e-02,-0.0401563,8.34375e-05
8.3930e-02,-0.03625,-0.000382188
8.3940e-02,-0.0507812,-0.00103438
8.3950e-02,-0.0471875,-0.000174063
8.3960e-02,-0.0510938,6.65625e-05
8.3970e-02,-0.0317188,0.0005575
8.3980e-02,-0.0539063,-0.000454063
8.3990e-02,-0.0509375,-2.1875e-05
8.4000e-02,-0.0395313,-0.0003075
8.4010e-02,-0.0484375,-0.00023375
8.4020e-02,-0.0479688,0.000157188
8.4030e-02,-0.0453125,-0.000285625
8.4040e-02,-0.046875,-0.00018
8.4050e-02,-0.0420312,-9.1875e-05
8.4060e-02,-0.0270312,-0.00042125
8.4070e-02,-0.0428125,2.25e-05
8.4080e-02,-0.0515625,0.000517813
8.4090e-02,-0.044375,0.000896875
8.4100e-02,-0.0545313,5.5e-05
8.4110e-02,-0.0498438,-2.03125e-05
8.4120e-02,-0.0503125,-0.000553438
8.4130e-02,-0.0429688,-0.000150938
8.4140e-02,-0.0425,-0.000713438
8.4150e-02,-0.054375,0.000853438
8.4160e-02,-0.0435938,0.00076125
8.4170e-02,-0.0492188,-0.000315938
8.4180e-02,-0.040625,-0.000113125
8.4190e-02,-0.0389063,-0.000159375
8.4200e-02,-0.0503125,-0.00022125
8.4210e-02,-0.0464062,0.000246563
8.4220e-02,-0.05,-6.25e-07
8.4230e-02,-0.0426562,3.25e-05
8.4240e-02,-0.0410937,-0.000529687
8.4250e-02,-0.0495312,-0.000513125
8.4260e-02,-0.0390625,9.4375e-05
8.4270e-02,-0.0423437,0.000611563
8.4280e-02,-0.0514063,0.000551563
8.4290e-02,-0.044375,0.000365625
8.4300e-02,-0.0395313,3.4375e-05
8.4310e-02,-0.0482812,-0.00062625
8.4320e-02,-0.0526563,-0.000887188
8.4330e-02,-0.0435938,-0.000176875
8.4340e-02,-0.0489062,0.000620625
8.4350e-02,-0.0528125,0.000468438
8.4360e-02,-0.046875,-0.000169688
8.4370e-02,-0.0490625,-0.000461563
8.4380e-02,-0.0425,-0.00123656
8.4390e-02,-0.0425,6.90625e-05
8.4400e-02,-0.040625,0.00108563
8.4410e-02,-0.0509375,0.00104656
8.4420e-02,-0.0417187,0.00107813
8.4430e-02,-0.0504687,0.00113
8.4440e-02,-0.04125,0.00102313
8.4450e-02,-0.0520313,0.000908438
8.4460e-02,-0.06,0.00104563
8.4470e-02,-0.0479688,0.000814688
8.4480e-02,-0.0465625,0.000867188
8.4490e-02,-1.74594,0.000426875
8.4500e-02,-2.09141,-0.00413094
8.4510e-02,-1.60344,-0.00632406
8.4520e-02,-1.26188,-0.00691344
8.4530e-02,-0.44875,-0.00709531
8.4540e-02,0.122969,-0.00681219
8.4550e-02,0.112969,-0.0070325
8.4560e-02,0.088125,-0.00693219
8.4570e-02,0.0573437,-0.00688781
8.4580e-02,0.0598438,-0.00707219
8.4590e-02,0.0632812,-0.00683031
8.4600e-02,0.0535937,-0.00715875
8.4610e-02,0.0309375,-0.00700375
8.4620e-02,0.0575,-0.00694469
8.4630e-02,0.0353125,-0.00707969
8.4640e-02,0.0396875,-0.00698375
8.4650e-02,0.0290625,-0.00702406
8.4660e-02,0.0417187,-0.00674313
8.4670e-02,0.0242188,-0.00687594
8.4680e-02,0.0314062,-0.00679406
8.4690e-02,0.023125,-0.00686313
8.4700e-02,0.0182813,-0.00672688
8.4710e-02,0.0298437,-0.0067625
8.4720e-02,0.02,-0.00665438
8.4730e-02,0.0173438,-0.00690438
8.4740e-02,0.0159375,-0.00682969
8.4750e-02,-0.00578125,-0.00343375
8.4760e-02,0.0065625,0.000688125
8.4770e-02,0.0184375,0.000169063
8.4780e-02,0.00421875,-0.00110219
8.4790e-02,0.005,-0.00203719
8.4800e-02,0.015,-0.00203594
8.4810e-02,0.0107812,-9.65625e-05
8.4820e-02,0.00375,0.00107031
8.4830e-02,0.00390625,0.00109719
8.4840e-02,0.00234375,0.000169375
8.4850e-02,0.00390625,-0.00116719
8.4860e-02,-0.00828125,-0.00159156
8.4870e-02,0.00125,-0.000730313
8.4880e-02,0.001875,9.40625e-05
8.4890e-02,0.0025,0.00114094
8.4900e-02,-0.00078125,0.0009425
8.4910e-02,-0.00171875,-0.0001825
8.4920e-02,-0.0120313,-0.000803125
8.4930e-02,0.01,-0.00088125
8.4940e-02,-0.00671875,0.000824375
8.4950e-02,0.00171875,0.001155
8.4960e-02,-0.004375,0.000725313
8.4970e-02,-0.00328125,-0.000578438
8.4980e-02,0.00625,-0.000562813
8.4990e-02,-0.0003125,-0.000350313
8.5000e-02,0.00296875,0.000199063
8.5010e-02,0.00078125,0.000224375
8.5020e-02,0.00140625,0.000509688
8.5030e-02,-0.0121875,-6.59375e-05
8.5040e-02,-0.00640625,-0.0004925
8.5050e-02,-0.0075,-0.000544063
8.5060e-02,-0.00671875,-0.000401875
8.5070e-02,-0.00578125,-0.000446563
8.5080e-02,-0.0139063,0.000270938
8.5090e-02,-0.00671875,0.000223125
8.5100e-02,-0.0107813,-0.000375938
8.5110e-02,-0.0164063,-0.000738125
8.5120e-02,0.000625,-0.000754063
8.5130e-02,-0.005,0.00034
8.5140e-02,-0.00796875,0.00061
8.5150e-02,-0.00671875,0.000714063
8.5160e-02,-0.0034375,0.00080875
8.5170e-02,0.00640625,-0.000206563
8.5180e-02,-0.01125,0.000410625
8.5190e-02,-0.00484375,3.125e-07
8.5200e-02,-0.00578125,0.00084
8.5210e-02,-0.0134375,0.00031
8.5220e-02,-0.005,0.000584688
8.5230e-02,-0.0134375,6.1875e-05
8.5240e-02,-0.0160938,-0.000492188
8.5250e-02,-0.00546875,-0.000305938
8.5260e-02,-0.00515625,-8.46875e-05
8.5270e-02,-0.0178125,0.00013625
8.5280e-02,-0.0123438,-4.0625e-06
8.5290e-02,-0.0040625,0.00066375
8.5300e-02,-0.0065625,-5.1875e-05
8.5310e-02,-0.010625,-0.000186563
8.5320e-02,-0.0110937,-0.000325625
8.5330e-02,-0.011875,-0.000191875
8.5340e-02,-0.00734375,-9.0625e-06
8.5350e-02,-0.020625,-0.000185313
8.5360e-02,-0.00875,-8.90625e-05
8.5370e-02,-0.0145312,4.4375e-05
8.5380e-02,-0.016875,0.000267813
8.5390e-02,-0.0159375,0.000319688
8.5400e-02,-0.0146875,0.000139062
8.5410e-02,-0.0159375,0.00032
8.5420e-02,-0.015,0.000176875
8.5430e-02,-0.01125,0.000255625
8.5440e-02,-0.0115625,-2.8125e-06
8.5450e-02,-0.00390625,-0.000266563
8.5460e-02,-0.0110937,-0.000505
8.5470e-02,-0.0203125,-0.000202188
8.5480e-02,-0.0160938,-0.000365938
8.5490e-02,-0.015,-0.000210625
8.5500e-02,-0.0220313,0.000124375
8.5510e-02,-0.0196875,3.59375e-05
8.5520e-02,-0.02375,-0.000296563
8.5530e-02,-0.0195312,-0.00023
8.5540e-02,-0.0214063,1.6875e-05
8.5550e-02,-0.02,0.000762188
8.5560e-02,-0.0140625,0.00123031
8.5570e-02,-0.0175,0.000659375
8.5580e-02,-0.0278125,0.000595938
8.5590e-02,-0.0114062,0.000715938
8.5600e-02,-0.0164063,0.0005525
8.5610e-02,-0.0139063,0.000272188
8.5620e-02,-0.0078125,0.000123125
8.5630e-02,-0.020625,-0.000145625
8.5640e-02,-0.0167188,9.6875e-06
8.5650e-02,-0.01875,-0.000557813
8.5660e-02,-0.0225,-0.000638438
8.5670e-02,-0.0175,-0.00064
8.5680e-02,-0.0254688,0.000254063
8.5690e-02,-0.0184375,9.375e-05
8.5700e-02,-0.0254688,-7.1875e-06
8.5710e-02,-0.0215625,-0.000139688
8.5720e-02,-0.0204688,0.000102188
8.5730e-02,-0.0228125,0.000619063
8.5740e-02,-0.0185937,0.0001725
8.5750e-02,-0.013125,-9.71875e-05
8.5760e-02,-0.0195312,0.000324063
8.5770e-02,-0.0217188,0.000650625
8.5780e-02,-0.0157813,-0.00017375
8.5790e-02,-0.0189062,0.000649375
8.5800e-02,-0.020625,0.000517813
8.5810e-02,-0.0170313,7.34375e-05
8.5820e-02,-0.0103125,0.0002825
8.5830e-02,-0.01875,-5.28125e-05
8.5840e-02,-0.0270312,-0.000231875
8.5850e-02,-0.020625,-0.000146563
8.5860e-02,-0.0246875,-0.000129688
8.5870e-02,-0.01625,0.000384375
8.5880e-02,-0.0326562,-0.000164375
8.5890e-02,-0.0276563,0.000570313
8.5900e-02,-0.02875,-0.000635
8.5910e-02,-0.0284375,-0.00027875
8.5920e-02,-0.02625,0.0002
8.5930e-02,-0.0232812,0.000646875
8.5940e-02,-0.024375,8.46875e-05
8.5950e-02,-0.0282813,0.000147813
8.5960e-02,-0.0228125,-0.000784375
8.5970e-02,-0.0284375,-0.000211875
8.5980e-02,-0.0234375,-0.0001675
8.5990e-02,-0.0295313,0.00037375
8.6000e-02,-0.025,0.000209063
8.6010e-02,-0.0223437,-7.25e-05
8.6020e-02,-0.0235938,0.000375938
8.6030e-02,-0.026875,0.000850625
8.6040e-02,-0.0307813,0.000258125
8.6050e-02,-0.0271875,-0.000102813
8.6060e-02,-0.023125,-6.0625e-05
8.6070e-02,-0.0275,-9.375e-07
8.6080e-02,-0.0296875,8.90625e-05
8.6090e-02,-0.0278125,-3.0625e-05
8.6100e-02,-0.0203125,0.000409375
8.6110e-02,-0.0354688,0.00060125
8.6120e-02,-0.0307813,0.000435938
8.6130e-02,-0.0254688,0.00013
8.6140e-02,-0.020625,0.000285
8.6150e-02,-0.03,-0.000521562
8.6160e-02,-0.0195312,0.000194063
8.6170e-02,-0.0298438,5.375e-05
8.6180e-02,-0.0273438,0.000411875
8.6190e-02,-0.0257812,0.00014625
8.6200e-02,-0.026875,6.34375e-05
8.6210e-02,-0.0296875,0.000261875
8.6220e-02,-0.0225,-0.000355313
8.6230e-02,-0.0329688,3.34375e-05
8.6240e-02,-0.0235938,0.000222813
8.6250e-02,-0.0140625,0.000194688
8.6260e-02,-0.0371875,0.0004175
8.6270e-02,-0.0395313,0.000694688
8.6280e-02,-0.0334375,9.125e-05
8.6290e-02,-0.0276563,0.00011375
8.6300e-02,-0.0229687,-1.96875e-05
8.6310e-02,-0.0332812,0.000189063
8.6320e-02,-0.024375,8.1875e-05
8.6330e-02,-0.0273438,0.000530625
8.6340e-02,-0.0315625,0.000325625
8.6350e-02,-0.0221875,0.000256875
8.6360e-02,-0.0303125,-0.0003625
8.6370e-02,-0.0220313,-3.4375e-06
8.6380e-02,-0.0298438,0.00015875
8.6390e-02,-0.0357813,0.000331563
8.6400e-02,-0.0301563,-7.75e-05
8.6410e-02,-0.0195312,-0.00012375
8.6420e-02,-0.0284375,-0.000124063
8.6430e-02,-0.0303125,-0.000319375
8.6440e-02,-0.0329688,-0.0002125
8.6450e-02,-0.0220313,-0.000254688
8.6460e-02,-0.0323438,-0.000255625
8.6470e-02,-0.0239063,-3.6875e-05
8.6480e-02,-0.0260937,-2.53125e-05
8.6490e-02,-0.03375,-7.03125e-05
8.6500e-02,-0.0342187,-0.000403438
8.6510e-02,-0.02875,0.00051375
8.6520e-02,-0.0220313,0.00023125
8.6530e-02,-0.0396875,0.000169063
8.6540e-02,-0.030625,0.000588125
8.6550e-02,-0.0164063,0.000657813
8.6560e-02,-0.0390625,0.00123219
8.6570e-02,-0.0264062,0.000920313
8.6580e-02,-0.0167188,0.000115313
8.6590e-02,-0.0246875,-0.000193438
8.6600e-02,-0.0332812,0.000531875
8.6610e-02,-0.0315625,-7.9375e-05
8.6620e-02,-0.0379688,7e-05
8.6630e-02,-0.0396875,0.0005
8.6640e-02,-0.0192187,-0.0004525
8.6650e-02,-0.025625,-0.000264063
8.6660e-02,-0.0253125,5e-06
8.6670e-02,-0.0364063,4.15625e-05
8.6680e-02,-0.03,-0.000297813
8.6690e-02,-0.0265625,-0.000306875
8.6700e-02,-0.0390625,0.000480313
8.6710e-02,-0.0451563,9.65625e-05
8.6720e-02,-0.0329688,0.000286563
8.6730e-02,-0.0279688,0.000475
8.6740e-02,-0.0290625,6.8125e-05
8.6750e-02,-0.04,-0.000387188
8.6760e-02,-0.0353125,0.00072375
8.6770e-02,-0.0254688,-0.000261563
8.6780e-02,-0.0289063,-5.1875e-05
8.6790e-02,-0.0251563,0.000595
8.6800e-02,-0.0285938,3.3125e-05
8.6810e-02,-0.0271875,0.00021625
8.6820e-02,-0.0248438,0.000177188
8.6830e-02,-0.0296875,0.000591875
8.6840e-02,-0.02,0.000865313
8.6850e-02,-0.029375,0.000254688
8.6860e-02,-0.0367188,-0.000268125
8.6870e-02,-0.0373438,0.000660313
8.6880e-02,-0.0332812,0.000176563
8.6890e-02,-0.0307813,-0.000503125
8.6900e-02,-0.0409375,-0.000299375
8.6910e-02,-0.0234375,-0.000473438
8.6920e-02,-0.0392187,-7.34375e-05
8.6930e-02,-0.0325,0.00025
8.6940e-02,-0.0398437,-2.8125e-05
8.6950e-02,-0.0303125,-0.000398125
8.6960e-02,-0.0248438,-0.000477813
8.6970e-02,-0.019375,0.000453438
8.6980e-02,-0.0275,5.4375e-05
8.6990e-02,-0.0373438,0.0001975
8.7000e-02,-0.0332812,5.0625e-05
8.7010e-02,-0.031875,0.000249375
8.7020e-02,-0.0328125,0.00070875
8.7030e-02,-0.0342187,0.000273438
8.7040e-02,-0.0271875,-0.000249688
8.7050e-02,-0.0284375,0.000844063
8.7060e-02,-0.0264062,0.00043625
8.7070e-02,-0.0320312,0.000318125
8.7080e-02,-0.040625,0.000416875
8.7090e-02,-0.041875,0.000680313
8.7100e-02,-0.0385937,3.71875e-05
8.7110e-02,-0.0251563,0.00023125
8.7120e-02,-0.0303125,-1.40625e-05
8.7130e-02,-0.0365625,-0.000193125
8.7140e-02,-0.035625,5.34375e-05
8.7150e-02,-0.0321875,-4.6875e-06
8.7160e-02,-0.0367188,-0.000154063
8.7170e-02,-0.0396875,0.0004825
8.7180e-02,-0.0457813,-0.000197188
8.7190e-02,-0.0339062,-1.34375e-05
8.7200e-02,-0.0351562,0.000770938
8.7210e-02,-0.0334375,-0.000113438
8.7220e-02,-0.0423437,0.000104063
8.7230e-02,-0.035625,0.000555625
8.7240e-02,-0.0421875,0.000328125
8.7250e-02,-0.0251563,0.00039125
8.7260e-02,-0.0398437,0.000295
8.7270e-02,-0.0392187,-0.000517188
8.7280e-02,-0.036875,-0.000251562
8.7290e-02,-0.0398437,-0.00034
8.7300e-02,-0.0264062,-0.000290313
8.7310e-02,-0.0254688,0.000846875
8.7320e-02,-0.0282813,0.000359688
8.7330e-02,-0.0329688,-6.59375e-05
8.7340e-02,-0.048125,-0.000595313
8.7350e-02,-0.046875,-7.15625e-05
8.7360e-02,-0.0442188,-0.000404375
8.7370e-02,-0.0379688,-0.000391875
8.7380e-02,-0.0446875,0.000171563
8.7390e-02,-0.0434375,0.000245313
8.7400e-02,-0.033125,-8.78125e-05
8.7410e-02,-0.0359375,5.71875e-05
8.7420e-02,-0.0435938,-1.90625e-05
8.7430e-02,-0.0334375,-2.96875e-05
8.7440e-02,-0.0392187,-9.375e-05
8.7450e-02,-0.034375,0.000530625
8.7460e-02,-0.0314062,0.000258125
8.7470e-02,-0.029375,0.000709688
8.7480e-02,-0.03875,0.000824375
8.7490e-02,-0.0296875,0.0003625
8.7500e-02,-0.03125,0.000410938
8.7510e-02,-0.0473438,0.000581563
8.7520e-02,-0.034375,-0.000129062
8.7530e-02,-0.0392187,0.000464688
8.7540e-02,-0.025625,0.00046125
8.7550e-02,-0.0378125,0.000200313
8.7560e-02,-0.0334375,0.000383438
8.7570e-02,-0.0335937,0.000903125
8.7580e-02,-0.0384375,-0.000236875
8.7590e-02,-0.0276563,-0.000551563
8.7600e-02,-0.0348437,0.000142813
8.7610e-02,-0.0429688,-7.90625e-05
8.7620e-02,-0.0389063,0.0002775
8.7630e-02,-0.0365625,0.000291563
8.7640e-02,-0.030625,0.00018875
8.7650e-02,-0.0279688,0.00029875
8.7660e-02,-0.0440625,-0.00025125
8.7670e-02,-0.0445313,-0.000347813
8.7680e-02,-0.0435938,6.9375e-05
8.7690e-02,-0.0226562,0.000509375
8.7700e-02,-0.035625,0.000176875
8.7710e-02,-0.0423437,3.53125e-05
8.7720e-02,-0.044375,0.000114063
8.7730e-02,-0.0475,-0.000553438
8.7740e-02,-0.0425,-0.000673438
8.7750e-02,-0.0376563,0.000419375
8.7760e-02,-0.044375,-0.000411563
8.7770e-02,-0.03125,0.00036875
8.7780e-02,-0.040625,1.71875e-05
8.7790e-02,-0.0448438,0.00031625
8.7800e-02,-0.0301563,0.000149375
8.7810e-02,-0.0346875,0.000317188
8.7820e-02,-0.0339062,0.000615313
8.7830e-02,-0.0376563,0.000397188
8.7840e-02,-0.0370313,0.0002775
8.7850e-02,-0.0351562,-0.000141875
8.7860e-02,-0.040625,0.000106563
8.7870e-02,-0.0382813,-0.000692188
8.7880e-02,-0.033125,5.4375e-05
8.7890e-02,-0.0432813,-0.000188125
8.7900e-02,-0.0246875,-3e-05
8.7910e-02,-0.0351562,-0.00017125
8.7920e-02,-0.0173438,0.000102813
8.7930e-02,-0.0545313,0.000138125
8.7940e-02,-0.0434375,0.000172188
8.7950e-02,-0.031875,-1.875e-06
8.7960e-02,-0.0353125,-6.03125e-05
8.7970e-02,-0.0228125,9.53125e-05
8.7980e-02,-0.0270312,0.00071125
8.7990e-02,-0.0345312,0.000828438
8.8000e-02,-0.0342187,-0.000208438
8.8010e-02,-0.0239063,-0.000331875
8.8020e-02,-0.035,0.000284688
8.8030e-02,-0.0275,0.00042875
8.8040e-02,-0.0476562,0.000264375
8.8050e-02,-0.0315625,-0.000109688
8.8060e-02,-0.0401563,-0.000233125
8.8070e-02,-0.039375,0.000248438
8.8080e-02,-0.04,4.8125e-05
8.8090e-02,-0.0314062,-0.000224063
8.8100e-02,-0.0373438,0.00044625
8.8110e-02,-0.0351562,0.000476875
8.8120e-02,-0.0335937,-0.00091375
8.8130e-02,-0.0476562,9.09375e-05
8.8140e-02,-0.0301563,9.375e-06
8.8150e-02,-0.0378125,-0.000125938
8.8160e-02,-0.0375,0.000314688
8.8170e-02,-0.0332812,0.000365625
8.8180e-02,-0.04375,0.000273438
8.8190e-02,-0.0342187,-0.000165938
8.8200e-02,-0.0417187,-0.000637188
8.8210e-02,-0.0425,-6.28125e-05
8.8220e-02,-0.0385937,0.00015625
8.8230e-02,-0.04,0.000377188
8.8240e-02,-0.038125,0.000645313
8.8250e-02,-0.0445313,4.59375e-05
8.8260e-02,-0.0370313,-0.000285
8.8270e-02,-0.0414063,0.00019125
8.8280e-02,-0.0340625,2.78125e-05
8.8290e-02,-0.0303125,0.000667188
8.8300e-02,-0.0464062,0.000169063
8.8310e-02,-0.0534375,0.000285625
8.8320e-02,-0.0282813,-0.00065375
8.8330e-02,-0.036875,-2.40625e-05
8.8340e-02,-0.0320312,-1.25e-05
8.8350e-02,-0.0340625,0.00128594
8.8360e-02,-0.0360938,0.000525938
8.8370e-02,-0.0395313,0.000274688
8.8380e-02,-0.0145312,0.000232813
8.8390e-02,-0.0370313,-0.000948125
8.8400e-02,-0.0378125,-0.00122469
8.8410e-02,-0.0382813,-0.00035
8.8420e-02,-0.0392187,0.000694375
8.8430e-02,-0.0489062,0.0006825
8.8440e-02,-0.0346875,0.000309063
8.8450e-02,-0.0373438,-0.000209063
8.8460e-02,-0.025625,-0.000550937
8.8470e-02,-0.0348437,8.59375e-05
8.8480e-02,-0.0404687,0.000974375
8.8490e-02,-0.0279688,0.00138406
8.8500e-02,-0.0389063,0.000896875
8.8510e-02,-0.0490625,0.00027625
8.8520e-02,-0.0420312,-0.0008675
8.8530e-02,-0.0432813,-0.000424375
8.8540e-02,-0.0467188,0.0005175
8.8550e-02,-0.0460938,0.000843438
8.8560e-02,-0.0342187,0.00102156
8.8570e-02,-0.03,0.000129375
8.8580e-02,-0.0323438,-0.000137188
8.8590e-02,-0.031875,-0.000999375
8.8600e-02,-0.0446875,-5.78125e-05
8.8610e-02,-0.0404687,0.000185625
8.8620e-02,-0.0346875,0.000494375
8.8630e-02,-0.0276563,0.000556563
8.8640e-02,-0.0426562,-0.000224688
8.8650e-02,-0.035625,-0.000409688
8.8660e-02,-0.045,-0.000625625
8.8670e-02,-0.029375,4.5625e-05
8.8680e-02,-0.0398437,-6.28125e-05
8.8690e-02,-0.0545313,0.00103531
8.8700e-02,-0.0465625,-0.000329063
8.8710e-02,-0.0445313,-0.000264375
8.8720e-02,-0.0432813,-0.000755
8.8730e-02,-0.0385937,-0.000214063
8.8740e-02,-0.0246875,0.000359063
8.8750e-02,-0.0496875,0.000778438
8.8760e-02,-0.0364063,0.000191563
8.8770e-02,-0.035,0.00028875
8.8780e-02,-0.046875,-0.000615625
8.8790e-02,-0.0439063,-0.000159688
8.8800e-02,-0.0382813,0.00012625
8.8810e-02,-0.0371875,0.00012125
8.8820e-02,-0.0375,0.000324688
8.8830e-02,-0.0357813,-4.90625e-05
8.8840e-02,-0.0345312,-0.000533438
8.8850e-02,-0.0353125,-0.000624688
8.8860e-02,-0.0364063,0.000374375
8.8870e-02,-0.0364063,0.000439688
8.8880e-02,-0.0409375,-0.000232813
8.8890e-02,-0.0451563,0.000455938
8.8900e-02,-0.0425,5.625e-05
8.8910e-02,-0.0392187,-0.000304687
8.8920e-02,-0.0445313,0.000339063
8.8930e-02,-0.0421875,-0.000104063
8.8940e-02,-0.045,0.00040875
8.8950e-02,-0.0475,0.00038625
8.8960e-02,-0.0415625,0.000673438
8.8970e-02,-0.0565625,-0.000125
8.8980e-02,-0.0382813,0.00064625
8.8990e-02,-0.0407813,0.000326563
8.9000e-02,-0.0425,0.000234063
8.9010e-02,-0.0384375,0.000130625
8.9020e-02,-0.0539063,-0.000450625
8.9030e-02,-0.0415625,-0.000203125
8.9040e-02,-0.0528125,0.00020375
8.9050e-02,-0.0371875,0.0002375
8.9060e-02,-0.0392187,0.000490625
8.9070e-02,-0.0304688,-0.000179688
8.9080e-02,-0.0407813,0.000480625
8.9090e-02,-0.0490625,-0.000478125
8.9100e-02,-0.0365625,5.4375e-05
8.9110e-02,-0.0342187,0.000618125
8.9120e-02,-0.041875,-1.09375e-05
8.9130e-02,-0.035,0.000351875
8.9140e-02,-0.0479688,0.000525313
8.9150e-02,-0.0315625,-0.000185625
8.9160e-02,-0.0409375,0.00011625
8.9170e-02,-0.034375,-3.125e-07
8.9180e-02,-0.04125,0.000353438
8.9190e-02,-0.0332812,-0.000842813
8.9200e-02,-0.0510938,-0.000226563
8.9210e-02,-0.0467188,-0.000140938
8.9220e-02,-0.0498438,-0.00011125
8.9230e-02,-0.0528125,0.000299375
8.9240e-02,-0.0417187,3.15625e-05
8.9250e-02,-0.0492188,-0.0002225
8.9260e-02,-0.0304688,-7.09375e-05
8.9270e-02,-0.0465625,-0.000291563
8.9280e-02,-0.0353125,0.000207188
8.9290e-02,-0.0507812,0.000234063
8.9300e-02,-0.0509375,4.375e-06
8.9310e-02,-0.0423437,7.40625e-05
8.9320e-02,-0.0457813,-7.6875e-05
8.9330e-02,-0.0471875,0.000193125
8.9340e-02,-0.03875,-0.00021375
8.9350e-02,-0.0439063,0.000206563
8.9360e-02,-0.0295313,0.000354063
8.9370e-02,-0.0532813,0.000252188
8.9380e-02,-0.0351562,0.000394375
8.9390e-02,-0.0426562,0.000782188
8.9400e-02,-0.04625,0.000727813
8.9410e-02,-0.0375,6.5e-05
8.9420e-02,-0.0329688,-0.0001
8.9430e-02,-0.0403125,-4.15625e-05
8.9440e-02,-0.0364063,-0.000618125
8.9450e-02,-0.044375,-1.375e-05
8.9460e-02,-0.04125,-0.000410938
8.9470e-02,-0.0425,-8.9375e-05
8.9480e-02,-0.0398437,0.00039625
8.9490e-02,-0.045625,-0.000402813
8.9500e-02,-0.0403125,-0.00044625
8.9510e-02,-0.036875,-0.000214063
8.9520e-02,-0.0528125,9e-05
8.9530e-02,-0.0367188,-0.000100313
8.9540e-02,-0.034375,0.000280625
8.9550e-02,-0.0317188,-0.000139062
8.9560e-02,-0.0421875,0.000721875
8.9570e-02,-0.0329688,7.1875e-06
8.9580e-02,-0.0446875,-0.000574063
8.9590e-02,-0.0335937,-0.00024875
8.9600e-02,-0.0345312,0.000655625
8.9610e-02,-0.0303125,5.625e-06
8.9620e-02,-0.0428125,0.00041625
8.9630e-02,-0.0390625,9.625e-05
8.9640e-02,-0.0421875,0.00024875
8.9650e-02,-0.03875,0.000225
8.9660e-02,-0.0475,-4.3125e-05
8.9670e-02,-0.0332812,0.000200313
8.9680e-02,-0.0353125,0.000250625
8.9690e-02,-0.0446875,0.000139375
8.9700e-02,-0.0365625,1.4375e-05
8.9710e-02,-0.0415625,-0.00016625
8.9720e-02,-0.0414063,-0.00034875
8.9730e-02,-0.0485938,-0.00016625
8.9740e-02,-0.0382813,0.000657813
8.9750e-02,-0.0434375,0.000569063
8.9760e-02,-0.0423437,-0.000324375

