Model,MDO4054-3
Firmware Version,2.20

Waveform Type,ANALOG,
Point Format,Y,
Horizontal Units,s,
Horizontal Scale,0.01,
Horizontal Delay,0.03977,
Sample Interval,1e-05,
Record Length,10000,
Gating,0.0% to 100.0%,
Probe Attenuation,1,
Vertical Units,V,
Vertical Offset,0,
Vertical Scale,1,
Vertical Position,0.02,
,,
,,
,,
Label,,
TIME,CH1,CH2
-1.0230e-02,-0.0567187,-0.00047625
-1.0220e-02,-0.0542187,0.000279063
-1.0210e-02,-0.0626562,-6.78125e-05
-1.0200e-02,-0.0435938,-0.00052375
-1.0190e-02,-0.055625,-0.0003575
-1.0180e-02,-0.0514063,-0.000415
-1.0170e-02,-0.0484375,-0.000405313
-1.0160e-02,-0.0532813,-0.000455938
-1.0150e-02,-0.0496875,-0.000105625
-1.0140e-02,-0.0548437,-0.000153125
-1.0130e-02,-0.0560937,-0.000475
-1.0120e-02,-0.0482812,-0.00038625
-1.0110e-02,-0.0560937,-0.000289688
-1.0100e-02,-0.05375,-4.09375e-05
-1.0090e-02,-0.0589063,0.000303438
-1.0080e-02,-0.046875,0.0001325
-1.0070e-02,-0.0621875,5.84375e-05
-1.0060e-02,-0.049375,0.000106563
-1.0050e-02,-0.0504687,0.000252188
-1.0040e-02,-0.058125,-0.000251562
-1.0030e-02,-0.0392187,-0.0005275
-1.0020e-02,-0.0620312,1.28125e-05
-1.0010e-02,-0.0620312,-0.000504063
-1.0000e-02,-0.0457813,-8.71875e-05
-9.9900e-03,-0.0503125,-0.000749063
-9.9800e-03,-0.044375,0.000233125
-9.9700e-03,-0.0560937,0.000233125
-9.9600e-03,-0.0423437,-0.000515938
-9.9500e-03,-0.0567187,-0.0003325
-9.9400e-03,-0.046875,-0.000574375
-9.9300e-03,-0.054375,-0.000567188
-9.9200e-03,-0.0540625,-0.000466875
-9.9100e-03,-0.0417187,-2.5e-06
-9.9000e-03,-0.0515625,0.000304063
-9.8900e-03,-0.064375,-0.00041125
-9.8800e-03,-0.0490625,-7.28125e-05
-9.8700e-03,-0.046875,0.000259375
-9.8600e-03,-0.0492188,0.0001725
-9.8500e-03,-0.049375,0.000134688
-9.8400e-03,-0.0525,-0.000809688
-9.8300e-03,-0.0575,7.65625e-05
-9.8200e-03,-0.0501562,-0.000570938
-9.8100e-03,-0.0535937,-0.000531875
-9.8000e-03,-0.0514063,8.34375e-05
-9.7900e-03,-0.0582813,-0.000237188
-9.7800e-03,-0.0510938,-0.000465313
-9.7700e-03,-0.055,-0.000545625
-9.7600e-03,-0.0540625,-0.000888438
-9.7500e-03,-0.0603125,-0.000681875
-9.7400e-03,-0.060625,7.5e-06
-9.7300e-03,-0.0523437,-0.000341875
-9.7200e-03,-0.0576563,-0.000296875
-9.7100e-03,-0.0589063,9.6875e-06
-9.7000e-03,-0.046875,-0.000980625
-9.6900e-03,-0.0564063,-0.000319063
-9.6800e-03,-0.0459375,4.75e-05
-9.6700e-03,-0.0346875,-0.000490625
-9.6600e-03,-0.0465625,-0.000206563
-9.6500e-03,-0.0576563,0.00017
-9.6400e-03,-0.053125,2.125e-05
-9.6300e-03,-0.0532813,-0.000635313
-9.6200e-03,-0.051875,0.000125
-9.6100e-03,-0.0465625,-0.000133438
-9.6000e-03,-0.0548437,0.0003175
-9.5900e-03,-0.060625,9.625e-05
-9.5800e-03,-0.0496875,-0.000401563
-9.5700e-03,-0.0571875,-0.000407813
-9.5600e-03,-0.053125,-0.00071
-9.5500e-03,-0.0542187,-0.000304687
-9.5400e-03,-0.0451563,-0.00024625
-9.5300e-03,-0.0370313,-0.000523125
-9.5200e-03,-0.05125,-5.75e-05
-9.5100e-03,-0.0498438,-2.65625e-05
-9.5000e-03,-0.0578125,0.0003575
-9.4900e-03,-0.051875,-0.00057875
-9.4800e-03,-0.0564063,9.78125e-05
-9.4700e-03,-0.0435938,-9.15625e-05
-9.4600e-03,-0.0545313,0.000203125
-9.4500e-03,-0.0596875,-0.000170938
-9.4400e-03,-0.0590625,8.78125e-05
-9.4300e-03,-0.05125,-0.00072125
-9.4200e-03,-0.0523437,-0.00109781
-9.4100e-03,-0.0595313,-0.000664375
-9.4000e-03,-0.0495312,0.0001675
-9.3900e-03,-0.0542187,-0.000274375
-9.3800e-03,-0.0515625,-8.71875e-05
-9.3700e-03,-0.0495312,-1.78125e-05
-9.3600e-03,-0.0473438,-0.00010875
-9.3500e-03,-0.0515625,3.46875e-05
-9.3400e-03,-0.0582813,-0.00039
-9.3300e-03,-0.0439063,-0.00119656
-9.3200e-03,-0.04875,-0.00032875
-9.3100e-03,-0.0514063,0.000224688
-9.3000e-03,-0.0446875,0.000636563
-9.2900e-03,-0.0545313,0.000345
-9.2800e-03,-0.0573437,0.00012125
-9.2700e-03,-0.0507812,-0.00011375
-9.2600e-03,-0.04375,0.000338438
-9.2500e-03,-0.0520313,0.000151875
-9.2400e-03,-0.0484375,0.000105625
-9.2300e-03,-0.0451563,-0.000163438
-9.2200e-03,-0.049375,-0.000216563
-9.2100e-03,-0.0490625,-4.625e-05
-9.2000e-03,-0.0589063,-0.000102188
-9.1900e-03,-0.0542187,5.03125e-05
-9.1800e-03,-0.0607812,-0.000148125
-9.1700e-03,-0.05125,-0.000611563
-9.1600e-03,-0.051875,-0.000167188
-9.1500e-03,-0.06125,0.000180938
-9.1400e-03,-0.0534375,0.000116563
-9.1300e-03,-0.0570313,0.000201563
-9.1200e-03,-0.0501562,-0.000487188
-9.1100e-03,-0.0571875,-0.000390313
-9.1000e-03,-0.0520313,-0.000283437
-9.0900e-03,-0.0535937,-0.000360938
-9.0800e-03,-0.0545313,-0.000304063
-9.0700e-03,-0.0526563,-0.0003525
-9.0600e-03,-0.055,0.000175313
-9.0500e-03,-0.045,0.000305
-9.0400e-03,-0.0476562,-2.53125e-05
-9.0300e-03,-0.053125,-0.000158125
-9.0200e-03,-0.0565625,0.00034875
-9.0100e-03,-0.041875,0.000243438
-9.0000e-03,-0.0576563,-0.000415938
-8.9900e-03,-0.0589063,-1.9375e-05
-8.9800e-03,-0.0501562,-6.15625e-05
-8.9700e-03,-0.0467188,-0.000194375
-8.9600e-03,-0.0539063,-0.000351563
-8.9500e-03,-0.0534375,0.000469375
-8.9400e-03,-0.0554687,-0.000144688
-8.9300e-03,-0.0620312,-6.71875e-05
-8.9200e-03,-0.0526563,-0.000239375
-8.9100e-03,-0.04375,4.3125e-05
-8.9000e-03,-0.0501562,-0.000254063
-8.8900e-03,-0.05625,0.000345
-8.8800e-03,-0.055,-2.5625e-05
-8.8700e-03,-0.0535937,-0.00015875
-8.8600e-03,-0.0507812,6.5625e-05
-8.8500e-03,-0.0515625,7.6875e-05
-8.8400e-03,-0.0578125,-0.000380313
-8.8300e-03,-0.0548437,0.000209688
-8.8200e-03,-0.0532813,-0.000130625
-8.8100e-03,-0.0457813,-0.000985313
-8.8000e-03,-0.0435938,-0.000168438
-8.7900e-03,-0.05125,0.000209063
-8.7800e-03,-0.0540625,0.000239375
-8.7700e-03,-0.0445313,0.000385313
-8.7600e-03,-0.04625,-0.000277813
-8.7500e-03,-0.0573437,-0.000445313
-8.7400e-03,-0.060625,-0.000254688
-8.7300e-03,-0.0551563,0.000105
-8.7200e-03,-0.0584375,-8.6875e-05
-8.7100e-03,-0.065,-0.000974688
-8.7000e-03,-0.0460938,-0.000820938
-8.6900e-03,-0.060625,3.34375e-05
-8.6800e-03,-0.0510938,0.000295938
-8.6700e-03,-0.0573437,-0.00129344
-8.6600e-03,-0.0625,-0.000293125
-8.6500e-03,-0.0565625,-0.000610313
-8.6400e-03,-0.051875,-0.000349375
-8.6300e-03,-0.05,-0.000580938
-8.6200e-03,-0.05625,-0.000529687
-8.6100e-03,-0.0464062,-0.00043875
-8.6000e-03,-0.0596875,0.000180313
-8.5900e-03,-0.0465625,0.000193438
-8.5800e-03,-0.0582813,3.625e-05
-8.5700e-03,-0.0510938,-0.00044625
-8.5600e-03,-0.0646875,-0.000499063
-8.5500e-03,-0.0598438,-6.5625e-05
-8.5400e-03,-0.0523437,0.000380938
-8.5300e-03,-0.06,-0.000345938
-8.5200e-03,-0.0596875,-1.625e-05
-8.5100e-03,-0.0523437,0.000196563
-8.5000e-03,-0.0460938,0.000121875
-8.4900e-03,-0.0479688,0.000493125
-8.4800e-03,-0.0498438,0.000197188
-8.4700e-03,-0.0609375,-0.000336875
-8.4600e-03,-0.05125,-0.00048625
-8.4500e-03,-0.0573437,5.75e-05
-8.4400e-03,-0.06625,0.000355938
-8.4300e-03,-0.0546875,-0.000450938
-8.4200e-03,-0.0565625,4.6875e-05
-8.4100e-03,-0.048125,0.00015625
-8.4000e-03,-0.0529687,-0.00017875
-8.3900e-03,-0.0434375,-0.0006
-8.3800e-03,-0.0467188,-0.00011375
-8.3700e-03,-0.0520313,-0.00036375
-8.3600e-03,-0.0553125,-6.28125e-05
-8.3500e-03,-0.05625,0.00019
-8.3400e-03,-0.0565625,-0.00047
-8.3300e-03,-0.0509375,0.000435
-8.3200e-03,-0.058125,7.71875e-05
-8.3100e-03,-0.0560937,0.00014375
-8.3000e-03,-0.0446875,-0.00017375
-8.2900e-03,-0.0428125,-3.15625e-05
-8.2800e-03,-0.0609375,-0.000203125
-8.2700e-03,-0.0621875,-0.000135625
-8.2600e-03,-0.0510938,5.125e-05
-8.2500e-03,-0.0409375,-0.000405625
-8.2400e-03,-0.0604688,0.00022375
-8.2300e-03,-0.0526563,0.000453438
-8.2200e-03,-0.0525,-0.000100625
-8.2100e-03,-0.055625,0.000251875
-8.2000e-03,-0.0596875,-5.75e-05
-8.1900e-03,-0.0510938,-0.000365625
-8.1800e-03,-0.06125,-4.96875e-05
-8.1700e-03,-0.0495312,-0.000311875
-8.1600e-03,-0.0540625,-0.00108625
-8.1500e-03,-0.0485938,-0.000330938
-8.1400e-03,-0.0464062,-0.000597813
-8.1300e-03,-0.053125,-0.000645
-8.1200e-03,-0.053125,-0.000680625
-8.1100e-03,-0.05375,-0.000373125
-8.1000e-03,-0.0570313,-1.1875e-05
-8.0900e-03,-0.0503125,0.000276563
-8.0800e-03,-0.0496875,0.000109375
-8.0700e-03,-0.0545313,0.000265
-8.0600e-03,-0.048125,0.000404375
-8.0500e-03,-0.050625,3.375e-05
-8.0400e-03,-0.0514063,0.000353125
-8.0300e-03,-0.0482812,0.000542813
-8.0200e-03,-0.0520313,0.000845625
-8.0100e-03,-0.0434375,-0.000403438
-8.0000e-03,-0.05875,0.00046875
-7.9900e-03,-0.0590625,2.34375e-05
-7.9800e-03,-0.059375,-0.000102813
-7.9700e-03,-0.0548437,-0.000466563
-7.9600e-03,-0.0417187,-0.000410938
-7.9500e-03,-0.0454688,0.000300938
-7.9400e-03,-0.0603125,-0.000311875
-7.9300e-03,-0.0621875,-6.21875e-05
-7.9200e-03,-0.058125,-0.00111906
-7.9100e-03,-0.0492188,-0.000836563
-7.9000e-03,-0.0440625,6.21875e-05
-7.8900e-03,-0.043125,-1.375e-05
-7.8800e-03,-0.0654688,1.1875e-05
-7.8700e-03,-0.0625,-0.000607188
-7.8600e-03,-0.0440625,0.00050625
-7.8500e-03,-0.06875,0.000296875
-7.8400e-03,-0.0567187,-0.000718125
-7.8300e-03,-0.05625,-0.000734375
-7.8200e-03,-0.0621875,7.40625e-05
-7.8100e-03,-0.0570313,-0.000421563
-7.8000e-03,-0.0479688,0.000872188
-7.7900e-03,-0.0514063,3.5625e-05
-7.7800e-03,-0.0446875,-6.875e-05
-7.7700e-03,-0.0539063,-0.000434375
-7.7600e-03,-0.0525,-0.000343125
-7.7500e-03,-0.0492188,0.000511875
-7.7400e-03,-0.0540625,2.28125e-05
-7.7300e-03,-0.049375,0.00056125
-7.7200e-03,-0.0495312,-0.00025125
-7.7100e-03,-0.0539063,9.78125e-05
-7.7000e-03,-0.0557813,3.5625e-05
-7.6900e-03,-0.0459375,0.000235313
-7.6800e-03,-0.0535937,0.000799688
-7.6700e-03,-0.0489062,1.34375e-05
-7.6600e-03,-0.05375,-0.00052125
-7.6500e-03,-0.0635938,-6.21875e-05
-7.6400e-03,-0.0532813,1.3125e-05
-7.6300e-03,-0.0475,-0.0002425
-7.6200e-03,-0.0607812,-0.000150313
-7.6100e-03,-0.04125,0.000135625
-7.6000e-03,-0.04875,-0.000193438
-7.5900e-03,-0.05,-0.000384688
-7.5800e-03,-0.05625,-0.000202813
-7.5700e-03,-0.056875,-0.000429375
-7.5600e-03,-0.0514063,3.25e-05
-7.5500e-03,-0.0539063,-0.000655625
-7.5400e-03,-0.0554687,-0.000195
-7.5300e-03,-0.0523437,-0.000623438
-7.5200e-03,-0.0576563,-0.000353438
-7.5100e-03,-0.0507812,2.9375e-05
-7.5000e-03,-0.0592188,0.000150625
-7.4900e-03,-0.0542187,-0.000275625
-7.4800e-03,-0.0409375,4.25e-05
-7.4700e-03,-0.0635938,0.000174063
-7.4600e-03,-0.0578125,-2.9375e-05
-7.4500e-03,-0.0526563,4.40625e-05
-7.4400e-03,-0.0603125,0.00018625
-7.4300e-03,-0.056875,0.00045625
-7.4200e-03,-0.055625,-0.000142188
-7.4100e-03,-0.0514063,-0.000214375
-7.4000e-03,-0.0501562,0.00010875
-7.3900e-03,-0.0595313,-3.40625e-05
-7.3800e-03,-0.0475,0.000164375
-7.3700e-03,-0.05125,-0.000395625
-7.3600e-03,-0.0535937,-9e-05
-7.3500e-03,-0.0523437,-7.1875e-06
-7.3400e-03,-0.0604688,-0.000637813
-7.3300e-03,-0.0467188,-0.00057375
-7.3200e-03,-0.0445313,-0.000818125
-7.3100e-03,-0.05375,0.00031125
-7.3000e-03,-0.0465625,0.000526563
-7.2900e-03,-0.0517188,0.000369063
-7.2800e-03,-0.050625,-0.0007325
-7.2700e-03,-0.0509375,-0.000643125
-7.2600e-03,-0.0615625,-0.000225938
-7.2500e-03,-0.0560937,8.125e-05
-7.2400e-03,-0.04625,0.000122188
-7.2300e-03,-0.055625,0.00023125
-7.2200e-03,-0.0548437,0.000239063
-7.2100e-03,-0.0526563,-0.0002375
-7.2000e-03,-0.0534375,-0.000239063
-7.1900e-03,-0.061875,-2.8125e-06
-7.1800e-03,-0.04625,-0.000463125
-7.1700e-03,-0.0504687,-0.000310625
-7.1600e-03,-0.0403125,0.000200938
-7.1500e-03,-0.0503125,0.00043875
-7.1400e-03,-0.056875,0.000111875
-7.1300e-03,-0.0595313,0.000125
-7.1200e-03,-0.06,-0.0005775
-7.1100e-03,-0.0542187,-1.90625e-05
-7.1000e-03,-0.04625,0.000488438
-7.0900e-03,-0.05625,0.000275625
-7.0800e-03,-0.0535937,0.000301875
-7.0700e-03,-0.0471875,-0.000129375
-7.0600e-03,-0.0484375,-0.000293438
-7.0500e-03,-0.0479688,-0.000414063
-7.0400e-03,-0.0425,-7.8125e-05
-7.0300e-03,-0.0526563,-0.000849063
-7.0200e-03,-0.0523437,-0.000613125
-7.0100e-03,-0.05125,-0.000815
-7.0000e-03,-0.05375,-6.0625e-05
-6.9900e-03,-0.0559375,0.000108438
-6.9800e-03,-0.046875,-0.00086875
-6.9700e-03,-0.0478125,3.125e-07
-6.9600e-03,-0.0465625,-0.000939375
-6.9500e-03,-0.05,-0.000495938
-6.9400e-03,-0.0529687,-0.000440938
-6.9300e-03,-0.0546875,-0.0006125
-6.9200e-03,-0.0420312,7.21875e-05
-6.9100e-03,-0.0484375,-0.00027125
-6.9000e-03,-0.0445313,-0.000221875
-6.8900e-03,-0.0471875,-0.00032875
-6.8800e-03,-0.048125,0.00028
-6.8700e-03,-0.0489062,0.000300938
-6.8600e-03,-0.0571875,-0.00045375
-6.8500e-03,-0.0504687,8.125e-06
-6.8400e-03,-0.0476562,0.00013
-6.8300e-03,-0.0535937,-0.000352813
-6.8200e-03,-0.0579687,3.71875e-05
-6.8100e-03,-0.055625,0.0002075
-6.8000e-03,-0.0560937,-0.000688438
-6.7900e-03,-0.054375,0.000114688
-6.7800e-03,-0.051875,-0.000466875
-6.7700e-03,-0.05125,-7.1875e-05
-6.7600e-03,-0.0520313,-0.000883125
-6.7500e-03,-0.0457813,8.625e-05
-6.7400e-03,-0.054375,0.0004375
-6.7300e-03,-0.050625,9.875e-05
-6.7200e-03,-0.049375,0.000290313
-6.7100e-03,-0.050625,-0.000329063
-6.7000e-03,-0.0451563,-0.000462188
-6.6900e-03,-0.055,-1.90625e-05
-6.6800e-03,-0.049375,-0.00040125
-6.6700e-03,-0.036875,-0.00055875
-6.6600e-03,-0.0501562,-1e-05
-6.6500e-03,-0.0545313,0.000468125
-6.6400e-03,-0.0535937,0.000125625
-6.6300e-03,-0.0465625,6.09375e-05
-6.6200e-03,-0.0514063,0.0003025
-6.6100e-03,-0.0398437,0.000379063
-6.6000e-03,-0.0628125,0.000325625
-6.5900e-03,-0.0464062,-0.00033625
-6.5800e-03,-0.0498438,-0.000435938
-6.5700e-03,-0.0396875,-0.000100313
-6.5600e-03,-0.0609375,7.3125e-05
-6.5500e-03,-0.0484375,0.000321875
-6.5400e-03,-0.0557813,0.000145938
-6.5300e-03,-0.0528125,0.000115625
-6.5200e-03,-0.0589063,0.0002325
-6.5100e-03,-0.0467188,-0.000452813
-6.5000e-03,-0.0446875,-0.000259688
-6.4900e-03,-0.0482812,-0.00017
-6.4800e-03,-0.0442188,-0.000244063
-6.4700e-03,-0.05625,-0.000368125
-6.4600e-03,-0.0571875,-0.000655
-6.4500e-03,-0.045,0.000161563
-6.4400e-03,-0.0520313,-0.000918125
-6.4300e-03,-0.0617188,-0.000887188
-6.4200e-03,-0.061875,-0.000671875
-6.4100e-03,-0.0532813,-0.000200313
-6.4000e-03,-0.0567187,-0.0005275
-6.3900e-03,-0.0401563,-0.00029125
-6.3800e-03,-0.0554687,-0.000181563
-6.3700e-03,-0.0489062,0.000166875
-6.3600e-03,-0.04125,-4.625e-05
-6.3500e-03,-0.0548437,-2.5e-06
-6.3400e-03,-0.0479688,0.000311563
-6.3300e-03,-0.056875,-0.0001375
-6.3200e-03,-0.05875,-0.000253438
-6.3100e-03,-0.0434375,0.000148125
-6.3000e-03,-0.0546875,0.000146563
-6.2900e-03,-0.0414063,-0.000162188
-6.2800e-03,-0.0503125,-4.5e-05
-6.2700e-03,-0.0435938,0.000259375
-6.2600e-03,-0.05625,-0.000457188
-6.2500e-03,-0.0529687,-0.000627813
-6.2400e-03,-0.0470312,0.00023125
-6.2300e-03,-0.0535937,-0.00047375
-6.2200e-03,-0.0529687,-0.000854375
-6.2100e-03,-0.0492188,7.8125e-05
-6.2000e-03,-0.053125,-4.46875e-05
-6.1900e-03,-0.0592188,0.000348438
-6.1800e-03,-0.0404687,-0.000208125
-6.1700e-03,-0.035625,0.000120313
-6.1600e-03,-0.0546875,0.000489375
-6.1500e-03,-0.0575,-0.000339375
-6.1400e-03,-0.0446875,-0.000690313
-6.1300e-03,-0.059375,-0.000849688
-6.1200e-03,-0.063125,-0.00016875
-6.1100e-03,-0.059375,-0.000249375
-6.1000e-03,-0.0373438,9.3125e-05
-6.0900e-03,-0.055625,-1.3125e-05
-6.0800e-03,-0.0521875,0.000100938
-6.0700e-03,-0.0598438,0.000174063
-6.0600e-03,-0.0625,-5.3125e-06
-6.0500e-03,-0.0421875,-0.000595625
-6.0400e-03,-0.0539063,-9.78125e-05
-6.0300e-03,-0.0425,-0.000605
-6.0200e-03,-0.0504687,-0.000499375
-6.0100e-03,-0.0517188,-0.000712188
-6.0000e-03,-0.0564063,-0.000162813
-5.9900e-03,-0.0609375,-7.59375e-05
-5.9800e-03,-0.0434375,0.000395
-5.9700e-03,-0.0501562,0.000439375
-5.9600e-03,-0.0545313,0.000740625
-5.9500e-03,-0.0489062,8.03125e-05
-5.9400e-03,-0.0554687,-0.000350313
-5.9300e-03,-0.0601562,-0.000179375
-5.9200e-03,-0.0507812,0.0001525
-5.9100e-03,-0.0557813,0.000264375
-5.9000e-03,-0.05125,-0.00014625
-5.8900e-03,-0.0557813,-0.000544063
-5.8800e-03,-0.0523437,0.00016625
-5.8700e-03,-0.054375,-0.00053125
-5.8600e-03,-0.0498438,0.000117813
-5.8500e-03,-0.053125,0.00036375
-5.8400e-03,-0.0521875,0.000273125
-5.8300e-03,-0.0560937,-1.59375e-05
-5.8200e-03,-0.055,-0.000167188
-5.8100e-03,-0.0567187,-0.000427188
-5.8000e-03,-0.05375,-0.000736875
-5.7900e-03,-0.0420312,-0.000738125
-5.7800e-03,-0.0648438,-0.00053875
-5.7700e-03,-0.035,-0.000861875
-5.7600e-03,-0.0526563,-0.000587813
-5.7500e-03,-0.0559375,6.6875e-05
-5.7400e-03,-0.0501562,6.9375e-05
-5.7300e-03,-0.0609375,-0.000739063
-5.7200e-03,-0.04875,-0.000548125
-5.7100e-03,-0.050625,-0.00094875
-5.7000e-03,-0.0592188,-0.000160313
-5.6900e-03,-0.0573437,-0.000253438
-5.6800e-03,-0.0671875,-0.000830625
-5.6700e-03,-0.0545313,-0.000376563
-5.6600e-03,-0.0464062,-0.00044375
-5.6500e-03,-0.056875,-0.000779688
-5.6400e-03,-0.0545313,6.28125e-05
-5.6300e-03,-0.0604688,0.000146875
-5.6200e-03,-0.055,-0.000199063
-5.6100e-03,-0.0525,-0.0001175
-5.6000e-03,-0.0475,-3.15625e-05
-5.5900e-03,-0.0570313,0.000137813
-5.5800e-03,-0.0475,-0.000321875
-5.5700e-03,-0.051875,4.1875e-05
-5.5600e-03,-0.0479688,-0.000305
-5.5500e-03,-0.0565625,-4.96875e-05
-5.5400e-03,-0.0567187,-0.000140938
-5.5300e-03,-0.0507812,0.000164375
-5.5200e-03,-0.0403125,0.000232813
-5.5100e-03,-0.0514063,0.00015
-5.5000e-03,-0.0421875,-0.000334688
-5.4900e-03,-0.0634375,-0.000207188
-5.4800e-03,-0.0542187,-0.000363125
-5.4700e-03,-0.049375,0.00022375
-5.4600e-03,-0.0525,0.00048125
-5.4500e-03,-0.0521875,-0.000317188
-5.4400e-03,-0.055,-0.000375313
-5.4300e-03,-0.0495312,-0.000264063
-5.4200e-03,-0.0609375,-0.000855
-5.4100e-03,-0.0534375,-0.000646563
-5.4000e-03,-0.0528125,-0.000194375
-5.3900e-03,-0.0604688,-0.000750938
-5.3800e-03,-0.0595313,-0.000699375
-5.3700e-03,-0.0565625,-0.000290938
-5.3600e-03,-0.0440625,-1.25e-05
-5.3500e-03,-0.0528125,-0.000615
-5.3400e-03,-0.0532813,-0.0003775
-5.3300e-03,-0.0457813,-0.000310625
-5.3200e-03,-0.06125,-0.000428125
-5.3100e-03,-0.0523437,-0.000450938
-5.3000e-03,-0.0625,-0.000490313
-5.2900e-03,-0.053125,0.00013375
-5.2800e-03,-0.0595313,-3.9375e-05
-5.2700e-03,-0.0671875,-8.59375e-05
-5.2600e-03,-0.0421875,-0.000171875
-5.2500e-03,-0.0451563,0.000555625
-5.2400e-03,-0.06125,0.000297813
-5.2300e-03,-0.0517188,-0.0006375
-5.2200e-03,-0.0601562,-0.00042375
-5.2100e-03,-0.0528125,0.000239375
-5.2000e-03,-0.05875,1.5e-05
-5.1900e-03,-0.0503125,-0.0003625
-5.1800e-03,-0.0548437,3.75e-05
-5.1700e-03,-0.0529687,0.000469063
-5.1600e-03,-0.0415625,-0.0002675
-5.1500e-03,-0.0679688,2.15625e-05
-5.1400e-03,-0.0553125,-0.000333438
-5.1300e-03,-0.06375,0.000305938
-5.1200e-03,-0.0584375,6.25e-07
-5.1100e-03,-0.0607812,0.000589688
-5.1000e-03,-0.0498438,1.34375e-05
-5.0900e-03,-0.0490625,0.0006575
-5.0800e-03,-0.0434375,0.0002175
-5.0700e-03,-0.0575,-0.000103125
-5.0600e-03,-0.05375,-0.000824688
-5.0500e-03,-0.0471875,-0.000644375
-5.0400e-03,-0.064375,-0.000865625
-5.0300e-03,-0.05625,-0.000265625
-5.0200e-03,-0.0446875,6.96875e-05
-5.0100e-03,-0.0498438,-0.000532813
-5.0000e-03,-0.0520313,-0.000364063
-4.9900e-03,-0.0564063,-0.000324375
-4.9800e-03,-0.0535937,-0.000696563
-4.9700e-03,-0.0496875,-0.00113375
-4.9600e-03,-0.0542187,-0.000662188
-4.9500e-03,-0.0523437,-0.00057625
-4.9400e-03,-0.0548437,-0.000643125
-4.9300e-03,-0.040625,-0.000596875
-4.9200e-03,-0.0532813,-0.000568438
-4.9100e-03,-0.0571875,0.000109375
-4.9000e-03,-0.059375,5e-06
-4.8900e-03,-0.0428125,-0.000570625
-4.8800e-03,-0.046875,0.000155938
-4.8700e-03,-0.0570313,-0.000322813
-4.8600e-03,-0.051875,-0.000231563
-4.8500e-03,-0.0532813,7.46875e-05
-4.8400e-03,-0.0559375,0.00028
-4.8300e-03,-0.0417187,0.00014
-4.8200e-03,-0.049375,-0.00055625
-4.8100e-03,-0.058125,-9.53125e-05
-4.8000e-03,-0.050625,-0.00024375
-4.7900e-03,-0.0360938,-0.000234375
-4.7800e-03,-0.0478125,-3.78125e-05
-4.7700e-03,-0.0582813,-0.00020125
-4.7600e-03,-0.0592188,-0.000272812
-4.7500e-03,-0.0614062,8.6875e-05
-4.7400e-03,-0.0576563,-0.000185
-4.7300e-03,-0.0496875,-0.000388125
-4.7200e-03,-0.0423437,-0.000104063
-4.7100e-03,-0.0551563,-1e-05
-4.7000e-03,-0.0671875,-0.000529063
-4.6900e-03,-0.0514063,3.875e-05
-4.6800e-03,-0.0625,-0.000103125
-4.6700e-03,-0.061875,-0.000266563
-4.6600e-03,-0.0589063,-0.000461563
-4.6500e-03,-0.0476562,-0.00106625
-4.6400e-03,-0.0479688,-0.000278125
-4.6300e-03,-0.0559375,0.000106563
-4.6200e-03,-0.0390625,0.000364688
-4.6100e-03,-0.0560937,0.000136875
-4.6000e-03,-0.0521875,0.000312813
-4.5900e-03,-0.0532813,0.000283437
-4.5800e-03,-0.0459375,0.000223438
-4.5700e-03,-0.0510938,6.84375e-05
-4.5600e-03,-0.0446875,-0.000175625
-4.5500e-03,-0.0523437,-0.00060625
-4.5400e-03,-0.04875,0.000186563
-4.5300e-03,-0.0576563,0.000567813
-4.5200e-03,-0.0548437,-9.78125e-05
-4.5100e-03,-0.0490625,0.000221563
-4.5000e-03,-0.0484375,0.000225625
-4.4900e-03,-0.0625,-0.0007875
-4.4800e-03,-0.056875,-0.00116906
-4.4700e-03,-0.0676563,-5.28125e-05
-4.4600e-03,-0.0473438,-0.000785313
-4.4500e-03,-0.055625,1.4375e-05
-4.4400e-03,-0.0503125,-0.000365313
-4.4300e-03,-0.0482812,-0.000305938
-4.4200e-03,-0.0525,-0.000520313
-4.4100e-03,-0.0417187,-0.000473125
-4.4000e-03,-0.0545313,-0.000688125
-4.3900e-03,-0.0498438,-0.000743438
-4.3800e-03,-0.0534375,-0.00087625
-4.3700e-03,-0.05375,-0.000183438
-4.3600e-03,-0.0575,-0.000446875
-4.3500e-03,-0.049375,-1.53125e-05
-4.3400e-03,-0.0520313,-0.000102188
-4.3300e-03,-0.0435938,-0.00012125
-4.3200e-03,-0.051875,-7.4375e-05
-4.3100e-03,-0.0471875,-0.000399063
-4.3000e-03,-0.0576563,-4e-05
-4.2900e-03,-0.0620312,-0.000227813
-4.2800e-03,-0.0440625,-0.000513125
-4.2700e-03,-0.0532813,-0.000343438
-4.2600e-03,-0.06375,-0.000315938
-4.2500e-03,-0.045625,-0.00107719
-4.2400e-03,-0.05625,-0.00140094
-4.2300e-03,-0.043125,-0.00118031
-4.2200e-03,-0.045625,-0.000585
-4.2100e-03,-0.0523437,-0.000577188
-4.2000e-03,-0.0467188,-0.000292188
-4.1900e-03,-0.0467188,-8e-05
-4.1800e-03,-0.0520313,0.000195625
-4.1700e-03,-0.0573437,0.000600938
-4.1600e-03,-0.0545313,0.0005625
-4.1500e-03,-0.0414063,0.000374063
-4.1400e-03,-0.0504687,0.000135938
-4.1300e-03,-0.0590625,-0.000119375
-4.1200e-03,-0.0546875,-0.000336563
-4.1100e-03,-0.0423437,0.000740313
-4.1000e-03,-0.0578125,0.00024
-4.0900e-03,-0.0470312,-7.8125e-05
-4.0800e-03,-0.0442188,0.000180938
-4.0700e-03,-0.0564063,-0.00021625
-4.0600e-03,-0.0420312,-7.4375e-05
-4.0500e-03,-0.0532813,-0.000404375
-4.0400e-03,-0.0510938,-3.03125e-05
-4.0300e-03,-0.0625,-0.000394375
-4.0200e-03,-0.0525,-0.000141875
-4.0100e-03,-0.043125,-0.000701563
-4.0000e-03,-0.0439063,-0.000264688
-3.9900e-03,-0.051875,0.000163438
-3.9800e-03,-0.0525,0.000507188
-3.9700e-03,-0.049375,0.000786563
-3.9600e-03,-0.0515625,0.000378438
-3.9500e-03,-0.0514063,0.000386875
-3.9400e-03,-0.0520313,9.6875e-06
-3.9300e-03,-0.0567187,0.0001125
-3.9200e-03,-0.051875,0.000750938
-3.9100e-03,-0.0551563,-0.000522188
-3.9000e-03,-0.0565625,-0.000581563
-3.8900e-03,-0.0410937,-0.000279688
-3.8800e-03,-0.05875,-0.00019625
-3.8700e-03,-0.0504687,-0.00043375
-3.8600e-03,-0.0410937,-0.000400938
-3.8500e-03,-0.0604688,0.00038
-3.8400e-03,-0.0626562,4.375e-06
-3.8300e-03,-0.045,-0.00010625
-3.8200e-03,-0.0504687,-0.0002275
-3.8100e-03,-0.0467188,-0.000225
-3.8000e-03,-0.0603125,0.000229688
-3.7900e-03,-0.060625,0.0008825
-3.7800e-03,-0.050625,0.00046125
-3.7700e-03,-0.046875,-0.00018625
-3.7600e-03,-0.0595313,-0.000216563
-3.7500e-03,-0.0515625,-0.00113625
-3.7400e-03,-0.058125,0.000342188
-3.7300e-03,-0.0442188,1.21875e-05
-3.7200e-03,-0.045625,0.000319688
-3.7100e-03,-0.056875,-0.0003925
-3.7000e-03,-0.0501562,-0.000630938
-3.6900e-03,-0.0529687,-0.000524375
-3.6800e-03,-0.0578125,-0.000178125
-3.6700e-03,-0.04875,-8.28125e-05
-3.6600e-03,-0.05375,-8.8125e-05
-3.6500e-03,-0.0526563,-0.000214063
-3.6400e-03,-0.048125,-8.09375e-05
-3.6300e-03,-0.0595313,-0.00034875
-3.6200e-03,-0.065625,0.000333125
-3.6100e-03,-0.0482812,-0.000338438
-3.6000e-03,-0.05375,-0.000188125
-3.5900e-03,-0.0610938,-0.000119688
-3.5800e-03,-0.0664062,-0.000485
-3.5700e-03,-0.0632812,-3.96875e-05
-3.5600e-03,-0.0423437,-0.00075
-3.5500e-03,-0.0603125,-0.000384375
-3.5400e-03,-0.05375,-0.000666563
-3.5300e-03,-0.0428125,-0.00054125
-3.5200e-03,-0.0348437,0.000101875
-3.5100e-03,-0.0479688,-5.09375e-05
-3.5000e-03,-0.0548437,-0.0004025
-3.4900e-03,-0.0484375,-0.000724063
-3.4800e-03,-0.0501562,0.000229375
-3.4700e-03,-0.0485938,-0.000121875
-3.4600e-03,-0.0607812,0.000319063
-3.4500e-03,-0.0459375,-9.3125e-05
-3.4400e-03,-0.055,-0.000113125
-3.4300e-03,-0.0626562,-0.000107813
-3.4200e-03,-0.05125,0.000329375
-3.4100e-03,-0.0471875,-6.34375e-05
-3.4000e-03,-0.0570313,0.000367813
-3.3900e-03,-0.0515625,-5.28125e-05
-3.3800e-03,-0.0414063,0.000486563
-3.3700e-03,-0.06125,-0.00024625
-3.3600e-03,-0.053125,-0.000192188
-3.3500e-03,-0.0528125,-4.1875e-05
-3.3400e-03,-0.0529687,7.125e-05
-3.3300e-03,-0.0535937,0.00038
-3.3200e-03,-0.0509375,0.000113438
-3.3100e-03,-0.0445313,0.000141875
-3.3000e-03,-0.0454688,-0.000225313
-3.2900e-03,-0.056875,0.000105938
-3.2800e-03,-0.0517188,8.625e-05
-3.2700e-03,-0.0582813,-0.000839688
-3.2600e-03,-0.054375,0.000218438
-3.2500e-03,-0.0570313,-9.9375e-05
-3.2400e-03,-0.0521875,-5.40625e-05
-3.2300e-03,-0.0475,-0.00073
-3.2200e-03,-0.0620312,-0.00012
-3.2100e-03,-0.0528125,-0.000333438
-3.2000e-03,-0.0614062,-0.000462813
-3.1900e-03,-0.055625,-0.000724688
-3.1800e-03,-0.0503125,-0.00054125
-3.1700e-03,-0.0573437,0.000332188
-3.1600e-03,-0.051875,-4.4375e-05
-3.1500e-03,-0.0526563,6.625e-05
-3.1400e-03,-0.0507812,-0.000159063
-3.1300e-03,-0.0578125,-2.71875e-05
-3.1200e-03,-0.0489062,-0.000120625
-3.1100e-03,-0.049375,-0.00027125
-3.1000e-03,-0.0459375,0.00017875
-3.0900e-03,-0.0564063,-0.000275625
-3.0800e-03,-0.0525,-0.000310938
-3.0700e-03,-0.0579687,-0.000354688
-3.0600e-03,-0.041875,-1e-05
-3.0500e-03,-0.05375,-0.00071625
-3.0400e-03,-0.0526563,-0.00031125
-3.0300e-03,-0.05125,-6.5625e-05
-3.0200e-03,-0.0496875,-0.000411563
-3.0100e-03,-0.0553125,0.00013
-3.0000e-03,-0.0546875,2.8125e-06
-2.9900e-03,-0.0457813,-0.00018625
-2.9800e-03,-0.0417187,-0.0003425
-2.9700e-03,-0.0554687,-1.5e-05
-2.9600e-03,-0.059375,0.0001675
-2.9500e-03,-0.0634375,-0.0004025
-2.9400e-03,-0.0575,-0.000428125
-2.9300e-03,-0.0592188,0.000371563
-2.9200e-03,-0.04875,-0.000186563
-2.9100e-03,-0.061875,-0.000464688
-2.9000e-03,-0.0489062,-9.84375e-05
-2.8900e-03,-0.0482812,-2.5e-05
-2.8800e-03,-0.05375,-0.000711875
-2.8700e-03,-0.0623438,0.00041625
-2.8600e-03,-0.0467188,-0.000462188
-2.8500e-03,-0.049375,0.00013875
-2.8400e-03,-0.0442188,0.000249375
-2.8300e-03,-0.053125,7.8125e-06
-2.8200e-03,-0.0548437,0.000305625
-2.8100e-03,-0.048125,0.000129062
-2.8000e-03,-0.0489062,-0.000435938
-2.7900e-03,-0.0571875,-1.4375e-05
-2.7800e-03,-0.0615625,-0.000182813
-2.7700e-03,-0.0642188,0.00024125
-2.7600e-03,-0.0515625,-0.000213438
-2.7500e-03,-0.0446875,0.000256875
-2.7400e-03,-0.04625,0.0003575
-2.7300e-03,-0.04,0.00048125
-2.7200e-03,-0.0475,0.000505
-2.7100e-03,-0.0523437,-0.00014625
-2.7000e-03,-0.0584375,2.21875e-05
-2.6900e-03,-0.0584375,-0.000213125
-2.6800e-03,-0.0601562,-0.000299063
-2.6700e-03,-0.0523437,-0.000357813
-2.6600e-03,-0.0609375,0.000408438
-2.6500e-03,-0.0476562,0.000149375
-2.6400e-03,-0.0560937,0.00037625
-2.6300e-03,-0.0546875,-0.000277813
-2.6200e-03,-0.051875,-0.00048
-2.6100e-03,-0.05625,-0.000170313
-2.6000e-03,-0.0545313,0.000376875
-2.5900e-03,-0.0573437,0.000175313
-2.5800e-03,-0.0517188,0.000626875
-2.5700e-03,-0.058125,-0.00017375
-2.5600e-03,-0.0576563,-0.000484063
-2.5500e-03,-0.0554687,0.000235313
-2.5400e-03,-0.043125,0.00013
-2.5300e-03,-0.0535937,5.5e-05
-2.5200e-03,-0.0525,0.000795313
-2.5100e-03,-0.0590625,-0.000451875
-2.5000e-03,-0.0521875,-0.000116563
-2.4900e-03,-0.0626562,-0.000182188
-2.4800e-03,-0.0410937,-0.0003625
-2.4700e-03,-0.0510938,0.000196563
-2.4600e-03,-0.0590625,-0.00127781
-2.4500e-03,-0.045625,-0.00041625
-2.4400e-03,-0.0578125,-9.3125e-05
-2.4300e-03,-0.0495312,-9.65625e-05
-2.4200e-03,-0.0485938,0.000240938
-2.4100e-03,-0.058125,0.000343125
-2.4000e-03,-0.0578125,0.00021
-2.3900e-03,-0.04125,-0.000464375
-2.3800e-03,-0.0584375,-0.000408125
-2.3700e-03,-0.056875,0.000307813
-2.3600e-03,-0.0528125,0.000130938
-2.3500e-03,-0.0567187,-0.000254063
-2.3400e-03,-0.0521875,-0.000915625
-2.3300e-03,-0.0601562,0.000182188
-2.3200e-03,-0.0615625,0.000185625
-2.3100e-03,-0.049375,-0.00062375
-2.3000e-03,-0.0514063,-0.000561562
-2.2900e-03,-0.0501562,-0.000557813
-2.2800e-03,-0.0582813,-0.000150313
-2.2700e-03,-0.0564063,0.000339688
-2.2600e-03,-0.045625,-0.000544063
-2.2500e-03,-0.0567187,-0.000376563
-2.2400e-03,-0.0514063,-0.000679688
-2.2300e-03,-0.0525,-0.000805
-2.2200e-03,-0.0571875,-0.00073
-2.2100e-03,-0.0471875,-0.000765938
-2.2000e-03,-0.054375,-0.00034875
-2.1900e-03,-0.0554687,-0.000119688
-2.1800e-03,-0.0479688,-9.90625e-05
-2.1700e-03,-0.060625,0.0001725
-2.1600e-03,-0.0546875,0.000539688
-2.1500e-03,-0.05875,-0.000327188
-2.1400e-03,-0.0445313,0.000296875
-2.1300e-03,-0.0603125,-0.000468125
-2.1200e-03,-0.0470312,-0.00102125
-2.1100e-03,-0.0579687,-0.000351875
-2.1000e-03,-0.0689063,-0.00032
-2.0900e-03,-0.0515625,-0.000752813
-2.0800e-03,-0.0492188,1.53125e-05
-2.0700e-03,-0.05375,-0.000395938
-2.0600e-03,-0.0542187,1.21875e-05
-2.0500e-03,-0.0546875,-0.000445938
-2.0400e-03,-0.0485938,-0.000254688
-2.0300e-03,-0.0479688,-6.90625e-05
-2.0200e-03,-0.0442188,-0.000310938
-2.0100e-03,-0.0554687,-0.00078375
-2.0000e-03,-0.0576563,-0.000850625
-1.9900e-03,-0.0482812,-0.000668125
-1.9800e-03,-0.05375,-0.000148438
-1.9700e-03,-0.0496875,-7.9375e-05
-1.9600e-03,-0.0498438,-0.000685938
-1.9500e-03,-0.0498438,-0.000705
-1.9400e-03,-0.0632812,-0.000520625
-1.9300e-03,-0.0459375,-0.00061125
-1.9200e-03,-0.0507812,0.00024125
-1.9100e-03,-0.0596875,-0.00014875
-1.9000e-03,-0.04875,0.000126563
-1.8900e-03,-0.0620312,0.000502188
-1.8800e-03,-0.0635938,-0.000298125
-1.8700e-03,-0.0634375,0.0006725
-1.8600e-03,-0.0571875,-2.625e-05
-1.8500e-03,-0.0546875,-0.000330625
-1.8400e-03,-0.060625,-0.000779063
-1.8300e-03,-0.0475,-6.15625e-05
-1.8200e-03,-0.0504687,-0.000772188
-1.8100e-03,-0.0640625,-0.0005175
-1.8000e-03,-0.0459375,0.000267188
-1.7900e-03,-0.0540625,-0.000295313
-1.7800e-03,-0.0451563,0.000403125
-1.7700e-03,-0.0485938,0.000598125
-1.7600e-03,-0.04875,2.3125e-05
-1.7500e-03,-0.055,0.000132188
-1.7400e-03,-0.0496875,3.625e-05
-1.7300e-03,-0.0546875,-0.000188438
-1.7200e-03,-0.0557813,0
-1.7100e-03,-0.0557813,0.000486563
-1.7000e-03,-0.0610938,-0.000329063
-1.6900e-03,-0.056875,-0.000551563
-1.6800e-03,-0.04625,-0.000598438
-1.6700e-03,-0.05375,-4.875e-05
-1.6600e-03,-0.0560937,-3.6875e-05
-1.6500e-03,-0.0570313,0.000457188
-1.6400e-03,-0.046875,-0.000279375
-1.6300e-03,-0.0585938,-0.000439688
-1.6200e-03,-0.0420312,0.000236875
-1.6100e-03,-0.0682813,-0.0002125
-1.6000e-03,-0.0517188,-0.000359688
-1.5900e-03,-0.0439063,-0.000243438
-1.5800e-03,-0.0689063,-7.34375e-05
-1.5700e-03,-0.0534375,-0.00031375
-1.5600e-03,-0.0570313,-0.000195313
-1.5500e-03,-0.0520313,-0.000252812
-1.5400e-03,-0.0582813,-0.000235
-1.5300e-03,-0.0526563,-0.000249688
-1.5200e-03,-0.050625,-0.0001325
-1.5100e-03,-0.0410937,-0.000614063
-1.5000e-03,-0.0420312,0.000254063
-1.4900e-03,-0.0501562,-0.000396875
-1.4800e-03,-0.058125,0.000249063
-1.4700e-03,-0.0525,-0.000213438
-1.4600e-03,-0.0471875,2.375e-05
-1.4500e-03,-0.0489062,-0.0005875
-1.4400e-03,-0.0673438,-0.000133438
-1.4300e-03,-0.0554687,-0.000519062
-1.4200e-03,-0.0496875,8.5625e-05
-1.4100e-03,-0.0542187,4.625e-05
-1.4000e-03,-0.0603125,0.000328125
-1.3900e-03,-0.03625,-0.0002775
-1.3800e-03,-0.0507812,-0.000468125
-1.3700e-03,-0.054375,-0.000205938
-1.3600e-03,-0.0603125,-0.000230313
-1.3500e-03,-0.0523437,5.625e-06
-1.3400e-03,-0.0485938,0.000112813
-1.3300e-03,-0.0660938,-0.000191875
-1.3200e-03,-0.0575,-0.000285
-1.3100e-03,-0.059375,0.000280938
-1.3000e-03,-0.0532813,4.875e-05
-1.2900e-03,-0.046875,-0.000474063
-1.2800e-03,-0.0534375,0.00022625
-1.2700e-03,-0.064375,-0.00036375
-1.2600e-03,-0.0546875,-7.5e-05
-1.2500e-03,-0.0546875,-0.000557813
-1.2400e-03,-0.0509375,3.625e-05
-1.2300e-03,-0.046875,0.000646875
-1.2200e-03,-0.0596875,0.000365625
-1.2100e-03,-0.0529687,5.375e-05
-1.2000e-03,-0.059375,-0.000360938
-1.1900e-03,-0.0417187,-6.53125e-05
-1.1800e-03,-0.0578125,0.000751563
-1.1700e-03,-0.0509375,0.000100938
-1.1600e-03,-0.0529687,0.000342188
-1.1500e-03,-0.0542187,-0.00012125
-1.1400e-03,-0.0498438,0.000126563
-1.1300e-03,-0.0420312,-0.000183125
-1.1200e-03,-0.046875,-0.000637813
-1.1100e-03,-0.0575,-0.00083625
-1.1000e-03,-0.056875,-0.000285313
-1.0900e-03,-0.0535937,-0.000532813
-1.0800e-03,-0.0532813,-0.000388125
-1.0700e-03,-0.04125,-0.00041875
-1.0600e-03,-0.0479688,-0.000130938
-1.0500e-03,-0.0501562,-6.34375e-05
-1.0400e-03,-0.0546875,0.00053375
-1.0300e-03,-0.0504687,0.00018
-1.0200e-03,-0.054375,0.000295
-1.0100e-03,-0.0579687,0.000501563
-1.0000e-03,-0.0573437,-0.000375
-9.9000e-04,-0.0604688,-0.000133125
-9.8000e-04,-0.0529687,6.75e-05
-9.7000e-04,-0.0559375,0.000228438
-9.6000e-04,-0.0517188,-4.09375e-05
-9.5000e-04,-0.0460938,-0.000517813
-9.4000e-04,-0.059375,0.000560938
-9.3000e-04,-0.0489062,0.000218125
-9.2000e-04,-0.0453125,0.000148438
-9.1000e-04,-0.0559375,-0.00040125
-9.0000e-04,-0.0551563,0.000231563
-8.9000e-04,-0.0498438,-0.00023375
-8.8000e-04,-0.0453125,-0.000779688
-8.7000e-04,-0.0532813,-0.000934375
-8.6000e-04,-0.0529687,-0.000445625
-8.5000e-04,-0.0546875,-0.000437188
-8.4000e-04,-0.0521875,-0.000630625
-8.3000e-04,-0.0590625,9.09375e-05
-8.2000e-04,-0.0446875,-0.000693438
-8.1000e-04,-0.0515625,-0.000438125
-8.0000e-04,-0.0546875,-0.000151563
-7.9000e-04,-0.0567187,-0.000592813
-7.8000e-04,-0.0342187,7.53125e-05
-7.7000e-04,-0.0515625,0.000639688
-7.6000e-04,-0.0520313,0.000297188
-7.5000e-04,-0.049375,-0.000109063
-7.4000e-04,-0.0604688,-0.000159688
-7.3000e-04,-0.0542187,-0.00028125
-7.2000e-04,-0.0564063,0.000239063
-7.1000e-04,-0.0573437,-0.000289063
-7.0000e-04,-0.0564063,-9.90625e-05
-6.9000e-04,-0.0645312,-0.000435
-6.8000e-04,-0.0579687,-0.0003275
-6.7000e-04,-0.06125,-0.00090125
-6.6000e-04,-0.0528125,-0.000164063
-6.5000e-04,-0.0517188,-9.1875e-05
-6.4000e-04,-0.0439063,-0.00081125
-6.3000e-04,-0.0482812,-0.000264063
-6.2000e-04,-0.0467188,-0.000140313
-6.1000e-04,-0.0515625,8.9375e-05
-6.0000e-04,-0.053125,0.000585313
-5.9000e-04,-0.0417187,-0.00024125
-5.8000e-04,-0.051875,-0.000392813
-5.7000e-04,-0.0528125,-0.000209688
-5.6000e-04,-0.0420312,0.000335938
-5.5000e-04,-0.0571875,0.000171563
-5.4000e-04,-0.0517188,6.5625e-06
-5.3000e-04,-0.0603125,-7.15625e-05
-5.2000e-04,-0.0478125,-0.000263125
-5.1000e-04,-0.0428125,-0.0002925
-5.0000e-04,-0.0546875,-0.000290313
-4.9000e-04,-0.0520313,-0.000514063
-4.8000e-04,-0.0564063,3.125e-05
-4.7000e-04,-0.048125,-0.000445313
-4.6000e-04,-0.0589063,-0.0004675
-4.5000e-04,-0.0423437,-0.000241875
-4.4000e-04,-0.0478125,0.000157188
-4.3000e-04,-0.0570313,-0.000233438
-4.2000e-04,-0.0484375,-0.000287813
-4.1000e-04,-0.056875,-0.00076
-4.0000e-04,-0.0607812,-0.000513438
-3.9000e-04,-0.0653125,-2.03125e-05
-3.8000e-04,-0.0596875,-0.0002675
-3.7000e-04,-0.0434375,-0.000439688
-3.6000e-04,-0.05125,-1.15625e-05
-3.5000e-04,-0.0521875,-0.000494688
-3.4000e-04,-0.050625,-0.000358125
-3.3000e-04,-0.0484375,-4.125e-05
-3.2000e-04,-0.0501562,0.00032875
-3.1000e-04,-0.0517188,-0.000187188
-3.0000e-04,-0.06625,-0.000357188
-2.9000e-04,-0.0517188,0.000220938
-2.8000e-04,-0.0557813,0.000185938
-2.7000e-04,-0.0453125,0.000232188
-2.6000e-04,-0.0589063,-0.00013375
-2.5000e-04,-0.0484375,-0.000414688
-2.4000e-04,-0.0526563,0.000198125
-2.3000e-04,-0.0495312,0.000778438
-2.2000e-04,-0.0625,0.000324375
-2.1000e-04,-0.060625,-0.00015125
-2.0000e-04,-0.0528125,-0.000585625
-1.9000e-04,-0.0501562,-0.000108125
-1.8000e-04,-0.0467188,-0.000395625
-1.7000e-04,-0.0542187,-0.000225938
-1.6000e-04,-0.0654688,-0.000310938
-1.5000e-04,-0.0548437,0.000400938
-1.4000e-04,-0.048125,0.000335938
-1.3000e-04,-0.0495312,-0.00059375
-1.2000e-04,-0.055,-0.000856563
-1.1000e-04,-0.0504687,-0.000104375
-1.0000e-04,-0.0492188,-0.000360938
-9.0000e-05,-0.0523437,-0.00104375
-8.0000e-05,-0.0425,-0.000212188
-7.0000e-05,-0.0521875,-0.000247813
-6.0000e-05,-0.0428125,-0.000246563
-5.0000e-05,-0.0589063,-0.000561562
-4.0000e-05,-0.0585938,-0.000306875
-3.0000e-05,-0.0507812,-0.000679375
-2.0000e-05,-0.0546875,-0.000631563
-1.0000e-05,-0.0590625,-0.000800625
-0.0000e+00,-0.0576563,-0.000774688
1.0000e-05,-0.055,-0.000506875
2.0000e-05,-0.0528125,-0.0004275
3.0000e-05,-0.0575,0.000440938
4.0000e-05,-0.0539063,-5.3125e-06
5.0000e-05,-0.038125,-0.000638125
6.0000e-05,-0.0501562,-6.96875e-05
7.0000e-05,-0.04875,0.000569375
8.0000e-05,-0.0548437,6.25e-06
9.0000e-05,-0.054375,-0.000499063
1.0000e-04,-0.0570313,-0.00039625
1.1000e-04,-0.0565625,-0.000414688
1.2000e-04,-0.0501562,-0.00083875
1.3000e-04,-0.0535937,-0.000484375
1.4000e-04,-0.0515625,-0.000391563
1.5000e-04,-0.0376563,-0.001005
1.6000e-04,-0.0490625,-0.000336563
1.7000e-04,-0.0479688,-0.000478438
1.8000e-04,-0.048125,-0.000872188
1.9000e-04,-0.053125,-0.000516563
2.0000e-04,-0.0590625,-0.000945938
2.1000e-04,-0.0545313,-0.000842188
2.2000e-04,-0.0596875,-0.000629063
2.3000e-04,-0.0592188,-0.00028875
2.4000e-04,-0.0554687,-0.000633125
2.5000e-04,-0.0489062,-0.000488125
2.6000e-04,-0.0617188,-0.000377813
2.7000e-04,-0.0385937,-0.000110313
2.8000e-04,-0.06,-0.000344063
2.9000e-04,-0.0551563,0.00021625
3.0000e-04,-0.060625,6.5625e-05
3.1000e-04,-0.05125,-0.0003425
3.2000e-04,-0.0509375,-0.00113531
3.3000e-04,-0.046875,-0.000429063
3.4000e-04,-0.055,-0.000280625
3.5000e-04,-0.0542187,-0.000220625
3.6000e-04,-0.0623438,0.0003125
3.7000e-04,-0.0521875,7.46875e-05
3.8000e-04,-0.0385937,1.125e-05
3.9000e-04,-0.0495312,-0.000425938
4.0000e-04,-0.0560937,0.000176875
4.1000e-04,-0.0659375,0.0001275
4.2000e-04,-0.0467188,-5.28125e-05
4.3000e-04,-0.0470312,-2.5e-05
4.4000e-04,-0.0528125,-1.1875e-05
4.5000e-04,-0.0564063,3.78125e-05
4.6000e-04,-0.0465625,0.000223438
4.7000e-04,-0.733125,-0.000288125
4.8000e-04,-0.654844,-0.00326125
4.9000e-04,-0.256719,-0.00604844
5.0000e-04,0.0634375,-0.00653313
5.1000e-04,0.101719,-0.0061225
5.2000e-04,0.089375,-0.00616594
5.3000e-04,0.0728125,-0.00621344
5.4000e-04,0.0646875,-0.00606094
5.5000e-04,0.0676563,-0.00613156
5.6000e-04,0.0564062,-0.00612469
5.7000e-04,0.0551563,-0.00616719
5.8000e-04,0.0428125,-0.00611531
5.9000e-04,0.0445312,-0.00607438
6.0000e-04,0.0373437,-0.00599719
6.1000e-04,0.034375,-0.00603938
6.2000e-04,0.0175,-0.00601375
6.3000e-04,0.0267188,-0.006015
6.4000e-04,0.0335938,-0.00604281
6.5000e-04,0.0192188,-0.00578656
6.6000e-04,0.0246875,-0.00600563
6.7000e-04,0.0154687,-0.00595188
6.8000e-04,0.0221875,-0.00597688
6.9000e-04,0.00109375,-0.00604906
7.0000e-04,0.00796875,-0.00605156
7.1000e-04,0.0226562,-0.00545906
7.2000e-04,0.01,0.00245563
7.3000e-04,0.0179688,0.00845625
7.4000e-04,0.0120312,0.00844563
7.5000e-04,0.0132812,0.00329469
7.6000e-04,0.00234375,-0.00758
7.7000e-04,0.0114063,-0.00835563
7.8000e-04,0.00703125,-0.00470313
7.9000e-04,0.00765625,0.00540969
8.0000e-04,0.004375,0.00854406
8.1000e-04,0.0075,0.00557625
8.2000e-04,0.00234375,-0.00367938
8.3000e-04,0.006875,-0.00833094
8.4000e-04,-0.00140625,-0.00707531
8.5000e-04,0.00703125,0.00152969
8.6000e-04,0.00375,0.00757531
8.7000e-04,0.00078125,0.00677531
8.8000e-04,-0.00421875,0.000769688
8.9000e-04,0.00171875,-0.0063975
9.0000e-04,0.00203125,-0.00721156
9.1000e-04,-0.00125,-0.00192125
9.2000e-04,-0.010625,0.00417313
9.3000e-04,0.005625,0.00696938
9.4000e-04,-0.0003125,0.00337719
9.5000e-04,-0.00390625,-0.00323563
9.6000e-04,0.00109375,-0.00700281
9.7000e-04,-0.0110937,-0.00326313
9.8000e-04,-0.0053125,0.00138469
9.9000e-04,-0.00234375,0.00546063
1.0000e-03,-0.0096875,0.004445
1.0100e-03,-0.00125,0.000492813
1.0200e-03,-0.00484375,-0.00423469
1.0300e-03,-0.001875,-0.00557219
1.0400e-03,0.00015625,-0.00224531
1.0500e-03,-0.014375,0.00329313
1.0600e-03,-0.00328125,0.0051525
1.0700e-03,-0.0109375,0.00262469
1.0800e-03,-0.0114062,-0.00130156
1.0900e-03,-0.0140625,-0.00392906
1.1000e-03,-0.0129688,-0.00333156
1.1100e-03,-0.00515625,-0.000329063
1.1200e-03,-0.00734375,0.0024425
1.1300e-03,-0.01125,0.00245188
1.1400e-03,-0.0220313,0.00073125
1.1500e-03,-0.01375,-0.00312094
1.1600e-03,-0.0084375,-0.00351969
1.1700e-03,-0.0145312,-0.00209313
1.1800e-03,-0.0220313,0.001035
1.1900e-03,-0.013125,0.00264625
1.2000e-03,-0.015,0.00120438
1.2100e-03,-0.0125,-0.000389375
1.2200e-03,-0.0125,-0.00268781
1.2300e-03,-0.0201563,-0.00247969
1.2400e-03,-0.0185937,-0.000794063
1.2500e-03,-0.0129688,0.00215406
1.2600e-03,-0.01375,0.0016175
1.2700e-03,-0.0173438,0.000479375
1.2800e-03,-0.0173438,-0.00151313
1.2900e-03,-0.0173438,-0.0021325
1.3000e-03,-0.0173438,-0.00211688
1.3100e-03,-0.0096875,-0.0008125
1.3200e-03,-0.0128125,0.00114125
1.3300e-03,-0.0203125,0.001395
1.3400e-03,-0.0217188,0.00028875
1.3500e-03,-0.0173438,-0.00175656
1.3600e-03,-0.0228125,-0.00214781
1.3700e-03,-0.0204688,-0.000702813
1.3800e-03,-0.018125,0.000562813
1.3900e-03,-0.0125,0.00147781
1.4000e-03,-0.0107813,0.00139313
1.4100e-03,-0.0125,-0.00011875
1.4200e-03,-0.0132813,-0.00159344
1.4300e-03,-0.019375,-0.00207156
1.4400e-03,-0.0176563,-0.00033375
1.4500e-03,-0.0196875,0.000592188
1.4600e-03,-0.0153125,0.00185188
1.4700e-03,-0.0065625,0.000502813
1.4800e-03,-0.0215625,-0.00101156
1.4900e-03,-0.0192187,-0.00155875
1.5000e-03,-0.009375,-0.00173188
1.5100e-03,-0.00828125,5.96875e-05
1.5200e-03,-0.0115625,0.00183375
1.5300e-03,-0.0170313,0.00105063
1.5400e-03,-0.0190625,6.1875e-05
1.5500e-03,-0.0185937,-0.00157063
1.5600e-03,-0.0198438,-0.00195188
1.5700e-03,-0.0140625,-0.000853438
1.5800e-03,-0.0159375,-0.000332813
1.5900e-03,-0.0246875,0.00133719
1.6000e-03,-0.0215625,0.000529063
1.6100e-03,-0.0140625,-0.00022625
1.6200e-03,-0.01375,-0.00185031
1.6300e-03,-0.019375,-0.00131031
1.6400e-03,-0.0185937,-0.000755313
1.6500e-03,-0.0245313,0.00095875
1.6600e-03,-0.01375,0.00108844
1.6700e-03,-0.00265625,0.000573438
1.6800e-03,-0.0323438,-0.000856563
1.6900e-03,-0.0214063,-0.00193813
1.7000e-03,-0.020625,-0.00139031
1.7100e-03,-0.0179687,0.000470313
1.7200e-03,-0.0229687,0.000855
1.7300e-03,-0.0182812,0.000985625
1.7400e-03,-0.0209375,-0.000265
1.7500e-03,-0.00984375,-0.00120094
1.7600e-03,-0.0285938,-0.00140156
1.7700e-03,-0.0221875,-0.0011425
1.7800e-03,-0.0404687,0.00138688
1.7900e-03,-0.01875,0.00128063
1.8000e-03,-0.0242188,0.000917813
1.8100e-03,-0.0326562,-0.000776563
1.8200e-03,-0.0285938,-0.00126844
1.8300e-03,-0.0223437,-0.0010775
1.8400e-03,-0.023125,-0.00018125
1.8500e-03,-0.0164063,0.000899063
1.8600e-03,-0.0196875,0.000998125
1.8700e-03,-0.0357813,-0.000323125
1.8800e-03,-0.0164063,-0.000959375
1.8900e-03,-0.0240625,-0.0015025
1.9000e-03,-0.0346875,-0.000613438
1.9100e-03,-0.015,0.00044625
1.9200e-03,-0.0271875,0.000682188
1.9300e-03,-0.0339062,0.000555625
1.9400e-03,-0.0307813,-0.000278125
1.9500e-03,-0.0235938,-0.00157781
1.9600e-03,-0.0173438,-0.00119906
1.9700e-03,-0.0323438,-0.000132813
1.9800e-03,-0.0351562,0.00127188
1.9900e-03,-0.0289063,0.00122656
2.0000e-03,-0.0353125,8.90625e-05
2.0100e-03,-0.0335937,-0.000234688
2.0200e-03,-0.0178125,-0.000786875
2.0300e-03,-0.0326562,-0.00119469
2.0400e-03,-0.0429688,-0.000199375
2.0500e-03,-0.029375,0.001085
2.0600e-03,-0.0275,0.000612813
2.0700e-03,-0.029375,0.000165
2.0800e-03,-0.0259375,-0.00110844
2.0900e-03,-0.0235938,-0.00100688
2.1000e-03,-0.0289063,7.96875e-05
2.1100e-03,-0.0223437,0.000611563
2.1200e-03,-0.0225,0.000473438
2.1300e-03,-0.0271875,0.000138438
2.1400e-03,-0.02625,-3.5625e-05
2.1500e-03,-0.0301563,-0.0011575
2.1600e-03,-0.02875,-1.5625e-05
2.1700e-03,-0.0217188,0.000115313
2.1800e-03,-0.0326562,0.00101063
2.1900e-03,-0.0315625,0.000764063
2.2000e-03,-0.0225,0.0004575
2.2100e-03,-0.0315625,-5.8125e-05
2.2200e-03,-0.0309375,-0.000563438
2.2300e-03,-0.03375,0.000324063
2.2400e-03,-0.0315625,0.000456563
2.2500e-03,-0.0317188,0.00116906
2.2600e-03,-0.026875,0.000466875
2.2700e-03,-0.04125,-0.000266875
2.2800e-03,-0.03625,-0.00127
2.2900e-03,-0.0317188,-0.00129313
2.3000e-03,-0.0401563,-0.00010625
2.3100e-03,-0.0285938,0.000512188
2.3200e-03,-0.0371875,0.000889375
2.3300e-03,-0.0225,0.000354375
2.3400e-03,-0.0239063,0.000162813
2.3500e-03,-0.035625,-0.000168125
2.3600e-03,-0.0321875,-0.000463125
2.3700e-03,-0.0425,0.000400938
2.3800e-03,-0.03,0.00056125
2.3900e-03,-0.0307813,-0.00013875
2.4000e-03,-0.02875,-2.15625e-05
2.4100e-03,-0.03125,-0.000751563
2.4200e-03,-0.0325,-0.000511563
2.4300e-03,-0.0273438,0.000293438
2.4400e-03,-0.024375,0.000166563
2.4500e-03,-0.0296875,0.000673125
2.4600e-03,-0.035,0.000147813
2.4700e-03,-0.0367188,0.00039
2.4800e-03,-0.040625,-0.0001575
2.4900e-03,-0.0442188,-0.000849375
2.5000e-03,-0.03625,5.8125e-05
2.5100e-03,-0.0359375,0.000333438
2.5200e-03,-0.0298438,0.000338438
2.5300e-03,-0.0239063,0.000295625
2.5400e-03,-0.0417187,-0.000937188
2.5500e-03,-0.03,1.75e-05
2.5600e-03,-0.0339062,-1.5e-05
2.5700e-03,-0.0279688,1.625e-05
2.5800e-03,-0.0315625,0.000161875
2.5900e-03,-0.0348437,9.5e-05
2.6000e-03,-0.0285938,-0.000110625
2.6100e-03,-0.0351562,-0.00056125
2.6200e-03,-0.023125,-0.00067125
2.6300e-03,-0.0403125,3.125e-07
2.6400e-03,-0.0371875,0.000640625
2.6500e-03,-0.0370313,-0.000551875
2.6600e-03,-0.0353125,-0.000242188
2.6700e-03,-0.0340625,-9.65625e-05
2.6800e-03,-0.02125,-0.000524375
2.6900e-03,-0.0314062,-0.000185313
2.7000e-03,-0.0303125,0.000353125
2.7100e-03,-0.0371875,-1.78125e-05
2.7200e-03,-0.0215625,-0.000105
2.7300e-03,-0.0190625,0.000715313
2.7400e-03,-0.0353125,-0.000418125
2.7500e-03,-0.0295313,-0.000448438
2.7600e-03,-0.0357813,-0.000692188
2.7700e-03,-0.0360938,-0.000111563
2.7800e-03,-0.039375,-0.000421875
2.7900e-03,-0.0434375,-0.000950625
2.8000e-03,-0.0215625,-0.000623438
2.8100e-03,-0.0329688,-0.000820313
2.8200e-03,-0.03,-0.000366875
2.8300e-03,-0.0370313,-0.00057
2.8400e-03,-0.0284375,-0.000241875
2.8500e-03,-0.0359375,-0.00019875
2.8600e-03,-0.0285938,-0.00041375
2.8700e-03,-0.0351562,-0.00067625
2.8800e-03,-0.0332812,-0.000693438
2.8900e-03,-0.0379688,-0.00053375
2.9000e-03,-0.0340625,-9.6875e-06
2.9100e-03,-0.0392187,9.4375e-05
2.9200e-03,-0.0320312,0.000228438
2.9300e-03,-0.0298438,0.0002325
2.9400e-03,-0.0310937,-0.000385625
2.9500e-03,-0.03625,-0.000296563
2.9600e-03,-0.0409375,-0.000409063
2.9700e-03,-0.0401563,-0.000346563
2.9800e-03,-0.0315625,0.00012
2.9900e-03,-0.0315625,0.000247188
3.0000e-03,-0.035,-0.00013375
3.0100e-03,-0.0326562,0.000259063
3.0200e-03,-0.0421875,-0.000664375
3.0300e-03,-0.0346875,-0.0001575
3.0400e-03,-0.0332812,-8.4375e-06
3.0500e-03,-0.0335937,-0.000276563
3.0600e-03,-0.0265625,0.000225938
3.0700e-03,-0.0440625,-0.000479063
3.0800e-03,-0.0323438,-0.000559063
3.0900e-03,-0.0317188,-0.000485313
3.1000e-03,-0.0409375,0.000719063
3.1100e-03,-0.0290625,-0.000649063
3.1200e-03,-0.0289063,-0.000530938
3.1300e-03,-0.03,-0.000902813
3.1400e-03,-0.0353125,-0.00126469
3.1500e-03,-0.0296875,-0.00117313
3.1600e-03,-0.03375,-0.000445625
3.1700e-03,-0.0396875,9.4375e-05
3.1800e-03,-0.04125,-4.6875e-06
3.1900e-03,-0.0307813,-0.000415625
3.2000e-03,-0.0307813,-0.000525625
3.2100e-03,-0.0325,-0.0004225
3.2200e-03,-0.0301563,-0.0009975
3.2300e-03,-0.041875,5.34375e-05
3.2400e-03,-0.0340625,-0.000138125
3.2500e-03,-0.0379688,-0.000580625
3.2600e-03,-0.035,-0.000706563
3.2700e-03,-0.0270312,-0.00102
3.2800e-03,-0.0428125,-0.000620938
3.2900e-03,-0.0354688,0.000269688
3.3000e-03,-0.0332812,-0.0002775
3.3100e-03,-0.0471875,-0.00012125
3.3200e-03,-0.0473438,-0.000485
3.3300e-03,-0.0335937,-0.000471563
3.3400e-03,-0.0360938,-0.00034875
3.3500e-03,-0.0332812,5.125e-05
3.3600e-03,-0.0334375,-0.000204688
3.3700e-03,-0.0335937,-0.000927188
3.3800e-03,-0.0373438,5.5625e-05
3.3900e-03,-0.0328125,0.000202188
3.4000e-03,-0.0314062,0.00010375
3.4100e-03,-0.0326562,-0.000293125
3.4200e-03,-0.0340625,-0.000420625
3.4300e-03,-0.0335937,0.000342813
3.4400e-03,-0.0321875,0.000507188
3.4500e-03,-0.033125,8.1875e-05
3.4600e-03,-0.04625,-7.8125e-06
3.4700e-03,-0.0240625,-0.00119
3.4800e-03,-0.0365625,-0.000786563
3.4900e-03,-0.0359375,-0.000818125
3.5000e-03,-0.021875,6.84375e-05
3.5100e-03,-0.03625,0.000770625
3.5200e-03,-0.0348437,3.75e-05
3.5300e-03,-0.035625,-0.000170625
3.5400e-03,-0.0398437,0.000250938
3.5500e-03,-0.0334375,0.000388125
3.5600e-03,-0.025,0.000335938
3.5700e-03,-0.0271875,-0.000299063
3.5800e-03,-0.0292188,0.000120313
3.5900e-03,-0.0378125,3.78125e-05
3.6000e-03,-0.0284375,-9.5625e-05
3.6100e-03,-0.0360938,-0.00102187
3.6200e-03,-0.04125,-0.00110938
3.6300e-03,-0.0420312,-0.000259063
3.6400e-03,-0.0259375,-0.0001225
3.6500e-03,-0.035625,-0.00017875
3.6600e-03,-0.0364063,9.25e-05
3.6700e-03,-0.044375,-0.000415938
3.6800e-03,-0.033125,-0.000995313
3.6900e-03,-0.0439063,-0.0004175
3.7000e-03,-0.0317188,0.000184688
3.7100e-03,-0.0320312,-6.875e-06
3.7200e-03,-0.0414063,0.000105
3.7300e-03,-0.0445313,0.000181875
3.7400e-03,-0.0373438,-2.375e-05
3.7500e-03,-0.0351562,-0.000402188
3.7600e-03,-0.033125,-0.000598125
3.7700e-03,-0.0335937,-4.375e-06
3.7800e-03,-0.0495312,-0.000658125
3.7900e-03,-0.0321875,-0.000554063
3.8000e-03,-0.0384375,-0.000564688
3.8100e-03,-0.0378125,-0.000287813
3.8200e-03,-0.0382813,0.000131563
3.8300e-03,-0.03625,-0.000378438
3.8400e-03,-0.048125,-0.000100625
3.8500e-03,-0.0439063,0.000142188
3.8600e-03,-0.0332812,-0.00049625
3.8700e-03,-0.030625,-0.000514688
3.8800e-03,-0.0251563,-0.000145938
3.8900e-03,-0.0423437,-0.000386563
3.9000e-03,-0.0425,0.00015125
3.9100e-03,-0.0284375,5.9375e-05
3.9200e-03,-0.0323438,-0.00047625
3.9300e-03,-0.0371875,-0.000274375
3.9400e-03,-0.0415625,0.000129688
3.9500e-03,-0.0345312,0.000327813
3.9600e-03,-0.0509375,1.59375e-05
3.9700e-03,-0.0364063,0.000231563
3.9800e-03,-0.0404687,-0.000365313
3.9900e-03,-0.0435938,-0.00100062
4.0000e-03,-0.0459375,-0.000329063
4.0100e-03,-0.0403125,0.00016125
4.0200e-03,-0.0414063,-9.90625e-05
4.0300e-03,-0.0453125,-0.0003775
4.0400e-03,-0.0428125,-0.00011
4.0500e-03,-0.0448438,-0.00066125
4.0600e-03,-0.035,-0.000603438
4.0700e-03,-0.04625,-0.000615
4.0800e-03,-0.035625,4.9375e-05
4.0900e-03,-0.0282813,-0.000193125
4.1000e-03,-0.0354688,-0.00019875
4.1100e-03,-0.0328125,-0.00047
4.1200e-03,-0.03875,-0.000582812
4.1300e-03,-0.0317188,0.000305625
4.1400e-03,-0.041875,-0.0002375
4.1500e-03,-0.04625,0.000427813
4.1600e-03,-0.0384375,-0.000482813
4.1700e-03,-0.0340625,0.000305938
4.1800e-03,-0.03,-0.000280313
4.1900e-03,-0.034375,0.00011
4.2000e-03,-0.05875,-0.000258438
4.2100e-03,-0.0414063,0.000353125
4.2200e-03,-0.04125,0.0001975
4.2300e-03,-0.0346875,-0.000579688
4.2400e-03,-0.0445313,-0.000788125
4.2500e-03,-0.03625,-0.000360313
4.2600e-03,-0.0409375,2.5e-06
4.2700e-03,-0.0445313,5.1875e-05
4.2800e-03,-0.0492188,-0.000591563
4.2900e-03,-0.0379688,-0.000135313
4.3000e-03,-0.038125,-0.000925625
4.3100e-03,-0.0464062,-0.000645938
4.3200e-03,-0.0376563,-0.0001325
4.3300e-03,-0.03625,1.125e-05
4.3400e-03,-0.0392187,0.000896563
4.3500e-03,-0.0398437,0.000108125
4.3600e-03,-0.0389063,-0.000993438
4.3700e-03,-0.043125,-0.00107813
4.3800e-03,-0.0403125,-0.000807188
4.3900e-03,-0.0364063,-0.000555625
4.4000e-03,-0.0407813,0.00016125
4.4100e-03,-0.0403125,0.000239063
4.4200e-03,-0.0407813,0.00028125
4.4300e-03,-0.0404687,0.000335
4.4400e-03,-0.0360938,0.0004025
4.4500e-03,-0.0423437,0.000442813
4.4600e-03,-0.0445313,0.000280938
4.4700e-03,-0.666719,0.00024375
4.4800e-03,-2.53891,-0.00250906
4.4900e-03,-0.908125,-0.00548
4.5000e-03,-0.594531,-0.00706406
4.5100e-03,-0.7075,-0.00850844
4.5200e-03,0.631406,-0.00830531
4.5300e-03,0.107812,-0.00774125
4.5400e-03,0.0792188,-0.00779875
4.5500e-03,0.0832813,-0.00772063
4.5600e-03,0.0646875,-0.00767344
4.5700e-03,0.0621875,-0.0077825
4.5800e-03,0.06125,-0.0076975
4.5900e-03,0.0482812,-0.007825
4.6000e-03,0.0353125,-0.00759219
4.6100e-03,0.0367187,-0.00771063
4.6200e-03,0.0421875,-0.00767906
4.6300e-03,0.0301562,-0.00756375
4.6400e-03,0.03875,-0.00765219
4.6500e-03,0.024375,-0.00762406
4.6600e-03,0.031875,-0.007725
4.6700e-03,0.0239063,-0.00777344
4.6800e-03,0.0207812,-0.00745406
4.6900e-03,0.0115625,-0.00752875
4.7000e-03,0.0271875,-0.00753563
4.7100e-03,0.0185938,-0.00752969
4.7200e-03,0.0253125,-0.00748
4.7300e-03,0.0154687,-0.00528469
4.7400e-03,0.0209375,6.5625e-05
4.7500e-03,0.024375,0.001955
4.7600e-03,0.00921875,-0.00064375
4.7700e-03,0.0178125,-0.0031975
4.7800e-03,0.0165625,-0.00406719
4.7900e-03,0.003125,-0.00145156
4.8000e-03,0.00015625,0.00202625
4.8100e-03,0.0171875,0.00285344
4.8200e-03,0.0071875,0.000594688
4.8300e-03,0.0146875,-0.00132313
4.8400e-03,0.004375,-0.00277125
4.8500e-03,-0.005,-0.00173406
4.8600e-03,0.0003125,0.000483438
4.8700e-03,0.0021875,0.00169469
4.8800e-03,-0.00234375,0.00120219
4.8900e-03,0.0084375,-0.000442188
4.9000e-03,-0.0053125,-0.00184375
4.9100e-03,-0.00453125,-0.00183281
4.9200e-03,-0.0075,-0.000219375
4.9300e-03,0.00296875,0.000700938
4.9400e-03,-0.0028125,0.00123031
4.9500e-03,0.00296875,0.000524063
4.9600e-03,-0.003125,-0.000930625
4.9700e-03,0.00359375,-0.00146406
4.9800e-03,0.00265625,-0.000526563
4.9900e-03,0.00984375,-5.875e-05
5.0000e-03,-0.00609375,0.000999375
5.0100e-03,-0.00453125,0.0006975
5.0200e-03,0.00015625,-0.000465
5.0300e-03,-0.0107813,-0.00103938
5.0400e-03,-0.00234375,-0.000959063
5.0500e-03,-0.00296875,-0.00100094
5.0600e-03,-0.0128125,-4.375e-06
5.0700e-03,-0.004375,0.00054875
5.0800e-03,-0.0146875,0.000470625
5.0900e-03,-0.0021875,-0.000285938
5.1000e-03,-0.0107813,-0.00126375
5.1100e-03,-0.00578125,-0.000465313
5.1200e-03,-0.0167188,-0.000122813
5.1300e-03,-0.005625,0.000471563
5.1400e-03,-0.0173438,0.00108781
5.1500e-03,-0.0101563,0.000355625
5.1600e-03,-0.01375,-0.000688125
5.1700e-03,-0.0154687,-0.000737813
5.1800e-03,-0.00453125,6.71875e-05
5.1900e-03,-0.0135937,0.000437813
5.2000e-03,-0.0096875,0.000395
5.2100e-03,-0.0129688,0.000724063
5.2200e-03,-0.01375,0.000493438
5.2300e-03,-0.0145312,-0.000340625
5.2400e-03,-0.00546875,-1.5625e-05
5.2500e-03,-0.0171875,-0.000479063
5.2600e-03,-0.0217188,0.000241563
5.2700e-03,-0.0215625,0.000699375
5.2800e-03,-0.005,-0.000245625
5.2900e-03,-0.0195312,-5.6875e-05
5.3000e-03,-0.0126563,-0.000231563
5.3100e-03,-0.0229687,5.96875e-05
5.3200e-03,-0.0151562,0.000224063
5.3300e-03,-0.0198438,0.000170625
5.3400e-03,-0.0003125,0.00043125
5.3500e-03,-0.0139063,-2.84375e-05
5.3600e-03,-0.0229687,-0.00017625
5.3700e-03,-0.0140625,-0.000155938
5.3800e-03,-0.0167188,-0.000356875
5.3900e-03,-0.0221875,6e-05
5.4000e-03,-0.0135937,0.000429375
5.4100e-03,-0.013125,0.000836875
5.4200e-03,-0.0123438,-2.375e-05
5.4300e-03,-0.0065625,-0.00161625
5.4400e-03,-0.0179687,-0.000713438
5.4500e-03,-0.00609375,-0.000522188
5.4600e-03,-0.0215625,-0.00073875
5.4700e-03,-0.0178125,-0.000384063
5.4800e-03,-0.0221875,0.000311563
5.4900e-03,-0.0189062,0.000254688
5.5000e-03,-0.02,-0.000935
5.5100e-03,-0.0139063,-0.000373125
5.5200e-03,-0.0153125,0.000134063
5.5300e-03,-0.0128125,0.000284375
5.5400e-03,-0.0278125,0.000434688
5.5500e-03,-0.0117188,0.000284688
5.5600e-03,-0.0240625,-0.000244688
5.5700e-03,-0.0148437,-0.00111906
5.5800e-03,-0.0171875,-0.00012375
5.5900e-03,-0.0210938,0.000217188
5.6000e-03,-0.020625,0.000176563
5.6100e-03,-0.0115625,0.000438125
5.6200e-03,-0.0185937,0.000406875
5.6300e-03,-0.0125,0.000145625
5.6400e-03,-0.0140625,-0.00043125
5.6500e-03,-0.0246875,-0.00012875
5.6600e-03,-0.0185937,-0.000203125
5.6700e-03,-0.0165625,-0.000218438
5.6800e-03,-0.0284375,0.00015875
5.6900e-03,-0.0267187,-0.000420313
5.7000e-03,-0.0179687,0.00011125
5.7100e-03,-0.0220313,-0.000193125
5.7200e-03,-0.005625,-6.5625e-05
5.7300e-03,-0.018125,0.0008
5.7400e-03,-0.0254688,0.000703438
5.7500e-03,-0.0248438,0.000195
5.7600e-03,-0.023125,-0.000434375
5.7700e-03,-0.0254688,-0.000475938
5.7800e-03,-0.0226562,0.000530313
5.7900e-03,-0.0217188,0.00115438
5.8000e-03,-0.0151562,0.00083625
5.8100e-03,-0.0298438,0.000968125
5.8200e-03,-0.0198438,0.0009625
5.8300e-03,-0.0171875,-0.0002225
5.8400e-03,-0.0340625,-0.0001025
5.8500e-03,-0.0253125,-4.375e-06
5.8600e-03,-0.03625,0.000649688
5.8700e-03,-0.0201563,0.000791563
5.8800e-03,-0.0190625,-0.000209375
5.8900e-03,-0.0226562,-0.000395938
5.9000e-03,-0.0253125,-0.000929688
5.9100e-03,-0.0273438,-8.15625e-05
5.9200e-03,-0.0290625,0.000220938
5.9300e-03,-0.015,-6.90625e-05
5.9400e-03,-0.0204688,0.000249688
5.9500e-03,-0.018125,-0.000256875
5.9600e-03,-0.0275,-0.00112406
5.9700e-03,-0.0242188,-0.00116531
5.9800e-03,-0.028125,-0.0004
5.9900e-03,-0.02,-0.000234063
6.0000e-03,-0.0190625,-0.0001275
6.0100e-03,-0.0229687,-1.71875e-05
6.0200e-03,-0.029375,-0.000234688
6.0300e-03,-0.0298438,-0.000241875
6.0400e-03,-0.0164063,1.53125e-05
6.0500e-03,-0.0290625,-0.000419063
6.0600e-03,-0.0146875,0.000500938
6.0700e-03,-0.0204688,-0.000335
6.0800e-03,-0.0167188,0.000226563
6.0900e-03,-0.0364063,-5.1875e-05
6.1000e-03,-0.0304688,-0.000515313
6.1100e-03,-0.0317188,-6.84375e-05
6.1200e-03,-0.0371875,0.000520313
6.1300e-03,-0.009375,0.00055875
6.1400e-03,-0.0217188,-0.000160625
6.1500e-03,-0.0323438,-0.000449688
6.1600e-03,-0.0359375,-0.000235313
6.1700e-03,-0.0242188,-0.00010375
6.1800e-03,-0.0221875,-0.000271563
6.1900e-03,-0.0367188,1.53125e-05
6.2000e-03,-0.0210938,-4.1875e-05
6.2100e-03,-0.0282813,-0.000421563
6.2200e-03,-0.04,-0.000176875
6.2300e-03,-0.0365625,-0.00055375
6.2400e-03,-0.0332812,-0.000272812
6.2500e-03,-0.0335937,-0.00023375
6.2600e-03,-0.0285938,-0.00021375
6.2700e-03,-0.0395313,-0.000278125
6.2800e-03,-0.0270312,-0.000131875
6.2900e-03,-0.0257812,-0.0006675
6.3000e-03,-0.0242188,-0.000432188
6.3100e-03,-0.0289063,0.000129688
6.3200e-03,-0.0257812,-8.875e-05
6.3300e-03,-0.0220313,-0.000283437
6.3400e-03,-0.02875,-0.000404688
6.3500e-03,-0.0253125,-0.000284063
6.3600e-03,-0.0279688,-0.000560625
6.3700e-03,-0.0220313,-9.8125e-05
6.3800e-03,-0.0209375,-0.000861563
6.3900e-03,-0.024375,0.000559375
6.4000e-03,-0.0223437,0.000205
6.4100e-03,-0.0278125,0.000218125
6.4200e-03,-0.0332812,0.000393125
6.4300e-03,-0.0265625,0.000946563
6.4400e-03,-0.0346875,-0.00046875
6.4500e-03,-0.0321875,-0.00103781
6.4600e-03,-0.0290625,-0.00094
6.4700e-03,-0.0259375,-0.000517188
6.4800e-03,-0.0340625,-0.000686563
6.4900e-03,-0.0279688,-0.000359375
6.5000e-03,-0.0273438,-0.000127188
6.5100e-03,-0.0367188,4.15625e-05
6.5200e-03,-0.0270312,-0.000465938
6.5300e-03,-0.0351562,2.34375e-05
6.5400e-03,-0.0359375,0.000210625
6.5500e-03,-0.0379688,5.625e-06
6.5600e-03,-0.0229687,-0.000133438
6.5700e-03,-0.0257812,-0.0005075
6.5800e-03,-0.026875,-0.000158125
6.5900e-03,-0.0282813,0.000355
6.6000e-03,-0.0409375,0.00019625
6.6100e-03,-0.0267187,0.000155625
6.6200e-03,-0.0190625,-0.000414375
6.6300e-03,-0.0195312,-0.000345313
6.6400e-03,-0.03625,0.000131563
6.6500e-03,-0.0351562,-0.000235313
6.6600e-03,-0.0242188,-0.000185938
6.6700e-03,-0.0342187,0.000452813
6.6800e-03,-0.0315625,-0.0001825
6.6900e-03,-0.033125,-0.000674063
6.7000e-03,-0.021875,-0.000150313
6.7100e-03,-0.0396875,-0.000234375
6.7200e-03,-0.0371875,-0.000420625
6.7300e-03,-0.035,-0.000233125
6.7400e-03,-0.0284375,0.000504375
6.7500e-03,-0.0257812,-0.000659375
6.7600e-03,-0.0348437,-0.00102594
6.7700e-03,-0.0245313,-0.000520625
6.7800e-03,-0.0248438,7.96875e-05
6.7900e-03,-0.028125,-3.8125e-05
6.8000e-03,-0.0317188,-5.28125e-05
6.8100e-03,-0.0315625,-0.000175938
6.8200e-03,-0.0309375,0.000108438
6.8300e-03,-0.0392187,0.000495313
6.8400e-03,-0.0310937,-0.000214375
6.8500e-03,-0.01875,-4.09375e-05
6.8600e-03,-0.0404687,-3.8125e-05
6.8700e-03,-0.0273438,0.000464375
6.8800e-03,-0.0351562,-0.000432813
6.8900e-03,-0.0264062,-0.000318438
6.9000e-03,-0.0301563,-0.00080875
6.9100e-03,-0.0378125,-0.000316875
6.9200e-03,-0.0339062,0.000152813
6.9300e-03,-0.03375,8.875e-05
6.9400e-03,-0.0445313,3.4375e-05
6.9500e-03,-0.03,7.5e-05
6.9600e-03,-0.0323438,-0.000172813
6.9700e-03,-0.0373438,6.59375e-05
6.9800e-03,-0.0382813,-0.000348125
6.9900e-03,-0.0373438,-0.000629688
7.0000e-03,-0.0389063,-0.000121563
7.0100e-03,-0.0292188,-0.000504063
7.0200e-03,-0.021875,-0.000498125
7.0300e-03,-0.0260937,-0.000582188
7.0400e-03,-0.0414063,-0.000334688
7.0500e-03,-0.0309375,0.000724063
7.0600e-03,-0.04,0.000317188
7.0700e-03,-0.0364063,0.000750938
7.0800e-03,-0.03875,0.000465625
7.0900e-03,-0.0284375,0.0004075
7.1000e-03,-0.0373438,-3.0625e-05
7.1100e-03,-0.0346875,-0.000358438
7.1200e-03,-0.0303125,-0.0001075
7.1300e-03,-0.0279688,1.25e-06
7.1400e-03,-0.0410937,9.34375e-05
7.1500e-03,-0.0345312,0.000494375
7.1600e-03,-0.028125,0.000559688
7.1700e-03,-0.0257812,-0.0011725
7.1800e-03,-0.031875,-0.000514375
7.1900e-03,-0.02875,-0.000799375
7.2000e-03,-0.0254688,-0.000385625
7.2100e-03,-0.0335937,0.00037875
7.2200e-03,-0.044375,-1.9375e-05
7.2300e-03,-0.0365625,-0.000367813
7.2400e-03,-0.030625,3.46875e-05
7.2500e-03,-0.02625,0.000374063
7.2600e-03,-0.0346875,-0.0004
7.2700e-03,-0.0382813,0.000215
7.2800e-03,-0.0435938,4.53125e-05
7.2900e-03,-0.033125,0.000231875
7.3000e-03,-0.0332812,-0.000238438
7.3100e-03,-0.0345312,3.84375e-05
7.3200e-03,-0.0390625,-0.00014125
7.3300e-03,-0.0503125,-0.000353125
7.3400e-03,-0.03875,-0.00010875
7.3500e-03,-0.0309375,0.00014
7.3600e-03,-0.041875,-0.000355625
7.3700e-03,-0.0398437,4.625e-05
7.3800e-03,-0.0351562,-6.375e-05
7.3900e-03,-0.0475,-0.000239063
7.4000e-03,-0.0315625,-2.65625e-05
7.4100e-03,-0.025,0.000425313
7.4200e-03,-0.0420312,0.00016875
7.4300e-03,-0.0301563,-0.000347813
7.4400e-03,-0.0404687,0.000145313
7.4500e-03,-0.0239063,0.000135938
7.4600e-03,-0.0353125,8.625e-05
7.4700e-03,-0.0340625,0.000374375
7.4800e-03,-0.0403125,-0.000274688
7.4900e-03,-0.0278125,-0.000526875
7.5000e-03,-0.0160938,0.000188125
7.5100e-03,-0.0290625,-0.000364688
7.5200e-03,-0.0364063,-0.00043625
7.5300e-03,-0.0309375,-0.000279063
7.5400e-03,-0.045,3.375e-05
7.5500e-03,-0.0420312,7.96875e-05
7.5600e-03,-0.0310937,-0.000198125
7.5700e-03,-0.0420312,-9.0625e-05
7.5800e-03,-0.0414063,-0.000158125
7.5900e-03,-0.0398437,-0.000151563
7.6000e-03,-0.0398437,-8.125e-06
7.6100e-03,-0.028125,0.000157188
7.6200e-03,-0.0323438,-0.00040375
7.6300e-03,-0.043125,-0.000514688
7.6400e-03,-0.0410937,-0.000660313
7.6500e-03,-0.038125,-0.000382813
7.6600e-03,-0.0192187,-0.000480938
7.6700e-03,-0.03875,3.59375e-05
7.6800e-03,-0.0421875,0.000198438
7.6900e-03,-0.0378125,-0.000522813
7.7000e-03,-0.0385937,-0.000341875
7.7100e-03,-0.0370313,-1.875e-05
7.7200e-03,-0.0389063,-9.125e-05
7.7300e-03,-0.0475,0.000109688
7.7400e-03,-0.036875,-0.0005425
7.7500e-03,-0.0545313,6.0625e-05
7.7600e-03,-0.0396875,-0.000635313
7.7700e-03,-0.0392187,-0.000315
7.7800e-03,-0.0448438,0.0002875
7.7900e-03,-0.0245313,-0.000528125
7.8000e-03,-0.04,-0.00049375
7.8100e-03,-0.0354688,-0.000230938
7.8200e-03,-0.0345312,0.000290313
7.8300e-03,-0.0314062,-0.000195625
7.8400e-03,-0.0448438,-0.00059625
7.8500e-03,-0.039375,-8e-05
7.8600e-03,-0.04125,0.000555313
7.8700e-03,-0.0407813,4.8125e-05
7.8800e-03,-0.03625,-4.59375e-05
7.8900e-03,-0.0442188,-0.00014
7.9000e-03,-0.03625,-0.00077625
7.9100e-03,-0.0396875,-0.001175
7.9200e-03,-0.0448438,-0.000695
7.9300e-03,-0.0320312,0.000148438
7.9400e-03,-0.0354688,0.000440938
7.9500e-03,-0.0389063,0.00101625
7.9600e-03,-0.0345312,0.000127813
7.9700e-03,-0.0409375,-0.000458125
7.9800e-03,-0.04125,0.000226563
7.9900e-03,-0.040625,0.000104375
8.0000e-03,-0.03625,0.000941563
8.0100e-03,-0.0451563,0.000155
8.0200e-03,-0.04375,0.000204063
8.0300e-03,-0.04375,4.46875e-05
8.0400e-03,-0.04,-0.000239063
8.0500e-03,-0.0415625,-0.000402813
8.0600e-03,-0.0390625,-0.00020125
8.0700e-03,-0.0353125,-7.3125e-05
8.0800e-03,-0.03,0.000515313
8.0900e-03,-0.0367188,0.000597813
8.1000e-03,-0.0420312,-0.000330625
8.1100e-03,-0.0321875,-0.000905625
8.1200e-03,-0.0423437,0.000185625
8.1300e-03,-0.0401563,0.000330625
8.1400e-03,-0.0325,0.00100062
8.1500e-03,-0.0432813,0.000914063
8.1600e-03,-0.0453125,-2.96875e-05
8.1700e-03,-0.035,-0.000325625
8.1800e-03,-0.0457813,0.0002125
8.1900e-03,-0.039375,-0.000553125
8.2000e-03,-0.0425,0.0002375
8.2100e-03,-0.0465625,0.000625313
8.2200e-03,-0.031875,-0.000599688
8.2300e-03,-0.0396875,-0.000777188
8.2400e-03,-0.039375,-0.00126219
8.2500e-03,-0.0392187,-0.000503125
8.2600e-03,-0.0360938,0.0004525
8.2700e-03,-0.049375,0.000834375
8.2800e-03,-0.03875,0.000203438
8.2900e-03,-0.0384375,-0.000379063
8.3000e-03,-0.0379688,-0.00101625
8.3100e-03,-0.0454688,-0.0009975
8.3200e-03,-0.0317188,0.000309375
8.3300e-03,-0.0421875,0.00133344
8.3400e-03,-0.0432813,0.00161594
8.3500e-03,-0.0335937,0.000638438
8.3600e-03,-0.0334375,-0.000839688
8.3700e-03,-0.0404687,-0.000743438
8.3800e-03,-0.0370313,-0.00040625
8.3900e-03,-0.0282813,0.000859063
8.4000e-03,-0.035625,0.00253781
8.4100e-03,-0.0296875,0.00164031
8.4200e-03,-0.0373438,-0.000860625
8.4300e-03,-0.0267187,-0.00219812
8.4400e-03,-0.03375,-0.00252625
8.4500e-03,-0.0348437,-0.000811563
8.4600e-03,-0.04875,0.00135656
8.4700e-03,-0.0290625,0.00241563
8.4800e-03,-0.035625,0.000582812
8.4900e-03,-0.0473438,-0.00107594
8.5000e-03,-0.0376563,-0.00242938
8.5100e-03,-0.0303125,-0.00191531
8.5200e-03,-0.045,0.000524688
8.5300e-03,-0.0367188,0.00256188
8.5400e-03,-0.0376563,0.00256656
8.5500e-03,-0.044375,0.000179688
8.5600e-03,-0.03625,-0.00134906
8.5700e-03,-0.044375,-0.00280688
8.5800e-03,-0.0417187,-0.000632813
8.5900e-03,-0.046875,0.000181563
8.6000e-03,-0.0284375,0.00186938
8.6100e-03,-0.0384375,0.000941875
8.6200e-03,-0.0448438,-0.000393438
8.6300e-03,-0.0478125,-0.00197156
8.6400e-03,-0.0345312,-0.00151281
8.6500e-03,-0.0415625,-0.000259688
8.6600e-03,-0.040625,0.000902188
8.6700e-03,-0.0489062,0.00133125
8.6800e-03,-0.0276563,0.000639375
8.6900e-03,-0.0367188,-0.00084
8.7000e-03,-0.0309375,-0.00130563
8.7100e-03,-0.0485938,-0.00088125
8.7200e-03,-0.0353125,0.000419063
8.7300e-03,-0.045625,0.00127063
8.7400e-03,-0.0409375,0.000968125
8.7500e-03,-0.03625,-0.00105438
8.7600e-03,-0.05,-0.00148344
8.7700e-03,-0.0339062,-0.000978438
8.7800e-03,-0.0245313,-0.00101
8.7900e-03,-0.0334375,0.0003525
8.8000e-03,-0.0303125,0.00125438
8.8100e-03,-0.0451563,0.000429063
8.8200e-03,-0.0376563,-1.78125e-05
8.8300e-03,-0.0432813,-0.000726563
8.8400e-03,-0.0485938,-0.000175938
8.8500e-03,-0.0432813,-0.000210313
8.8600e-03,-0.0257812,0.00079
8.8700e-03,-0.0551563,-8.90625e-05
8.8800e-03,-0.0392187,-0.0003125
8.8900e-03,-0.0470312,-0.000734688
8.9000e-03,-0.0415625,-0.000410938
8.9100e-03,-0.0439063,-0.000142813
8.9200e-03,-0.035625,0.000857813
8.9300e-03,-0.0389063,0.000432813
8.9400e-03,-0.0567187,0.000389063
8.9500e-03,-0.0296875,-0.000385313
8.9600e-03,-0.0398437,-0.00047
8.9700e-03,-0.0317188,0.000140625
8.9800e-03,-0.0398437,0.000923438
8.9900e-03,-0.0478125,0.000465938
9.0000e-03,-0.030625,-0.000204375
9.0100e-03,-0.0478125,-0.000127188
9.0200e-03,-0.04125,-0.001395
9.0300e-03,-0.0421875,-0.000631563
9.0400e-03,-0.0335937,-0.000552188
9.0500e-03,-0.044375,0.000195
9.0600e-03,-0.0465625,0.0004625
9.0700e-03,-0.0310937,-0.000340313
9.0800e-03,-0.0478125,-0.000851875
9.0900e-03,-0.0482812,-0.000269375
9.1000e-03,-0.0460938,-0.000594375
9.1100e-03,-0.0475,0.000127188
9.1200e-03,-0.0492188,-0.00029625
9.1300e-03,-0.0490625,0.00042875
9.1400e-03,-0.0398437,5.625e-05
9.1500e-03,-0.02875,-0.000889375
9.1600e-03,-0.0395313,-0.000420625
9.1700e-03,-0.0421875,0.000394375
9.1800e-03,-0.0401563,0.000708438
9.1900e-03,-0.0425,4.5625e-05
9.2000e-03,-0.0407813,7.71875e-05
9.2100e-03,-0.0460938,0.000278125
9.2200e-03,-0.0351562,7.46875e-05
9.2300e-03,-0.0367188,0.00017
9.2400e-03,-0.0489062,0.000165313
9.2500e-03,-0.043125,-0.00031625
9.2600e-03,-0.0464062,-0.000344375
9.2700e-03,-0.0401563,-0.00019
9.2800e-03,-0.0375,-6.875e-05
9.2900e-03,-0.0385937,-0.000359063
9.3000e-03,-0.05125,6.4375e-05
9.3100e-03,-0.05125,0.000298125
9.3200e-03,-0.0476562,-0.000295625
9.3300e-03,-0.043125,0.0003
9.3400e-03,-0.0384375,-0.000553125
9.3500e-03,-0.0390625,7.34375e-05
9.3600e-03,-0.0464062,-9.6875e-06
9.3700e-03,-0.0359375,-0.000169063
9.3800e-03,-0.0457813,0.00033875
9.3900e-03,-0.0467188,-0.000571875
9.4000e-03,-0.0440625,-0.00032
9.4100e-03,-0.0376563,-0.000559688
9.4200e-03,-0.0453125,-0.000209375
9.4300e-03,-0.036875,-0.000394688
9.4400e-03,-0.0335937,0.0005
9.4500e-03,-0.0457813,0.000241563
9.4600e-03,-0.0390625,0.000129062
9.4700e-03,-0.0514063,0.000496563
9.4800e-03,-0.0492188,-7.46875e-05
9.4900e-03,-0.0454688,7.5e-06
9.5000e-03,-0.0478125,-0.000341563
9.5100e-03,-0.0509375,0.000354688
9.5200e-03,-0.0410937,0.0002375
9.5300e-03,-0.0370313,0.000509375
9.5400e-03,-0.0460938,0.000270313
9.5500e-03,-0.0276563,0.0003175
9.5600e-03,-0.041875,0.000399688
9.5700e-03,-0.0342187,0.000379688
9.5800e-03,-0.0403125,-0.000300625
9.5900e-03,-0.0273438,0.000261875
9.6000e-03,-0.0420312,-0.000290625
9.6100e-03,-0.0607812,0.00065375
9.6200e-03,-0.0478125,9.9375e-05
9.6300e-03,-0.0565625,-0.000935938
9.6400e-03,-0.0495312,-0.000271875
9.6500e-03,-0.04625,-0.0001475
9.6600e-03,-0.0520313,-0.000162813
9.6700e-03,-0.0432813,0.000522813
9.6800e-03,-0.045,-8.71875e-05
9.6900e-03,-0.0389063,-0.000252188
9.7000e-03,-0.0398437,-0.000107813
9.7100e-03,-0.0457813,0.00034
9.7200e-03,-0.0360938,0.000295313
9.7300e-03,-0.0517188,-0.000245
9.7400e-03,-0.0371875,-0.000689375
9.7500e-03,-0.0475,-0.00116188
9.7600e-03,-0.0454688,-0.000335
9.7700e-03,-0.0439063,-0.00041
9.7800e-03,-0.0410937,-0.000254063
9.7900e-03,-0.0401563,-0.0002925
9.8000e-03,-0.035,0.0001825
9.8100e-03,-0.0410937,6.53125e-05
9.8200e-03,-0.0428125,-0.000717813
9.8300e-03,-0.0428125,-0.00037625
9.8400e-03,-0.0465625,0.000261875
9.8500e-03,-0.0395313,0.000507813
9.8600e-03,-0.0471875,-0.00018
9.8700e-03,-0.0409375,-1.46875e-05
9.8800e-03,-0.0417187,-0.00043375
9.8900e-03,-0.045625,-0.000270313
9.9000e-03,-0.0482812,0.000137813
9.9100e-03,-0.0401563,0.00097125
9.9200e-03,-0.0523437,-0.000290313
9.9300e-03,-0.0382813,-0.00017875
9.9400e-03,-0.040625,-0.000150313
9.9500e-03,-0.035,0.000356875
9.9600e-03,-0.0467188,0.000468125
9.9700e-03,-0.0370313,0.00060125
9.9800e-03,-0.0360938,-0.00051125
9.9900e-03,-0.0357813,0.000522188
1.0000e-02,-0.0420312,-0.00043625
1.0010e-02,-0.041875,-0.000317188
1.0020e-02,-0.0482812,-0.00020625
1.0030e-02,-0.0409375,0.000120313
1.0040e-02,-0.0579687,0.000401875
1.0050e-02,-0.0442188,-0.0001
1.0060e-02,-0.0489062,-0.000335313
1.0070e-02,-0.0332812,-0.000144688
1.0080e-02,-0.055625,-0.000439063
1.0090e-02,-0.045,-0.0009775
1.0100e-02,-0.0384375,-9e-05
1.0110e-02,-0.0498438,-0.000650938
1.0120e-02,-0.045,-0.000441563
1.0130e-02,-0.049375,-0.00059875
1.0140e-02,-0.045625,0.000238125
1.0150e-02,-0.033125,-0.000310313
1.0160e-02,-0.0292188,-0.0002075
1.0170e-02,-0.040625,0.000498438
1.0180e-02,-0.053125,0.000610313
1.0190e-02,-0.0417187,0.0005425
1.0200e-02,-0.0309375,0.0002575
1.0210e-02,-0.0395313,-0.000738125
1.0220e-02,-0.0389063,-0.000489375
1.0230e-02,-0.0548437,1.53125e-05
1.0240e-02,-0.0396875,-0.000223438
1.0250e-02,-0.03625,-0.0003925
1.0260e-02,-0.0454688,-0.000142188
1.0270e-02,-0.0534375,0.000271563
1.0280e-02,-0.0375,-0.000570625
1.0290e-02,-0.048125,-2.65625e-05
1.0300e-02,-0.0504687,-0.000223438
1.0310e-02,-0.0409375,-0.000580938
1.0320e-02,-0.0457813,-0.00066
1.0330e-02,-0.0398437,-0.000101875
1.0340e-02,-0.0484375,-0.000814688
1.0350e-02,-0.0528125,-0.00019
1.0360e-02,-0.0465625,5.4375e-05
1.0370e-02,-0.0320312,0.000368125
1.0380e-02,-0.0365625,0.000394375
1.0390e-02,-0.03625,-2.3125e-05
1.0400e-02,-0.0596875,-1.625e-05
1.0410e-02,-0.0384375,-0.000227188
1.0420e-02,-0.0540625,-0.000241563
1.0430e-02,-0.0434375,-0.000208125
1.0440e-02,-0.03875,0.000719063
1.0450e-02,-0.04375,-0.000132188
1.0460e-02,-0.0353125,-0.000780625
1.0470e-02,-0.041875,-0.000390313
1.0480e-02,-0.0460938,-0.00050125
1.0490e-02,-0.039375,-0.000203125
1.0500e-02,-0.0471875,0.00057125
1.0510e-02,-0.0509375,5.46875e-05
1.0520e-02,-0.0384375,0.000168125
1.0530e-02,-0.05,-7.9375e-05
1.0540e-02,-0.0375,-0.000291875
1.0550e-02,-0.0403125,6.03125e-05
1.0560e-02,-0.0442188,0.0004775
1.0570e-02,-0.0454688,-0.000432813
1.0580e-02,-0.0353125,0.000179688
1.0590e-02,-0.035,-0.0004175
1.0600e-02,-0.0420312,-0.000139062
1.0610e-02,-0.0453125,0.000131563
1.0620e-02,-0.048125,-0.000300313
1.0630e-02,-0.0445313,-0.000231563
1.0640e-02,-0.044375,0.00062625
1.0650e-02,-0.044375,0.000489687
1.0660e-02,-0.0389063,2.6875e-05
1.0670e-02,-0.0354688,-0.000572187
1.0680e-02,-0.0567187,3.6875e-05
1.0690e-02,-0.03875,-0.000163125
1.0700e-02,-0.036875,-0.00043125
1.0710e-02,-0.0403125,0.00119781
1.0720e-02,-0.0467188,0.00029625
1.0730e-02,-0.0525,-0.000110938
1.0740e-02,-0.0515625,2.75e-05
1.0750e-02,-0.04125,0.000151875
1.0760e-02,-0.0496875,-0.0002325
1.0770e-02,-0.0510938,0.0003525
1.0780e-02,-0.0554687,-0.000755625
1.0790e-02,-0.0426562,-0.000958125
1.0800e-02,-0.0476562,-0.000670938
1.0810e-02,-0.051875,-0.000161563
1.0820e-02,-0.0567187,-0.0002125
1.0830e-02,-0.0504687,-0.000487188
1.0840e-02,-0.0478125,0.000245625
1.0850e-02,-0.0489062,-0.00067
1.0860e-02,-0.0551563,-0.00106781
1.0870e-02,-0.05,0.000146875
1.0880e-02,-0.034375,0.00061125
1.0890e-02,-0.0420312,0.000447813
1.0900e-02,-0.0414063,-8.15625e-05
1.0910e-02,-0.0290625,-0.00040875
1.0920e-02,-0.0392187,-5.3125e-05
1.0930e-02,-0.0351562,-3.09375e-05
1.0940e-02,-0.0510938,0.000493438
1.0950e-02,-0.0503125,0.000515625
1.0960e-02,-0.045,-0.0002775
1.0970e-02,-0.0495312,0.0004625
1.0980e-02,-0.04375,-0.000619688
1.0990e-02,-0.0479688,0.000364375
1.1000e-02,-0.033125,-2.8125e-05
1.1010e-02,-0.0535937,-0.0001425
1.1020e-02,-0.04125,3.125e-06
1.1030e-02,-0.0385937,0.000158438
1.1040e-02,-0.0378125,-0.000484063
1.1050e-02,-0.0478125,0.00020625
1.1060e-02,-0.039375,-0.000362188
1.1070e-02,-0.0470312,-0.000130313
1.1080e-02,-0.0520313,-0.000350313
1.1090e-02,-0.0392187,-4.75e-05
1.1100e-02,-0.0465625,-0.000103438
1.1110e-02,-0.0467188,-0.000500312
1.1120e-02,-0.0464062,-0.000603125
1.1130e-02,-0.0471875,-0.000625938
1.1140e-02,-0.0423437,0.000220625
1.1150e-02,-0.0423437,-0.000135625
1.1160e-02,-0.0415625,-0.000421563
1.1170e-02,-0.0496875,-0.000142813
1.1180e-02,-0.0453125,-5.3125e-06
1.1190e-02,-0.0576563,-0.0008075
1.1200e-02,-0.0548437,-9.8125e-05
1.1210e-02,-0.0471875,-0.0005125
1.1220e-02,-0.0392187,-0.000576875
1.1230e-02,-0.0565625,0.000212188
1.1240e-02,-0.0409375,-2e-05
1.1250e-02,-0.0304688,-0.0005375
1.1260e-02,-0.0485938,-0.0011575
1.1270e-02,-0.0453125,8.84375e-05
1.1280e-02,-0.0407813,-2.875e-05
1.1290e-02,-0.05625,0.000146563
1.1300e-02,-0.053125,0.000178125
1.1310e-02,-0.0460938,-0.000362188
1.1320e-02,-0.0557813,-0.000156875
1.1330e-02,-0.0464062,-0.000523438
1.1340e-02,-0.0375,-0.000332813
1.1350e-02,-0.0535937,-0.000228125
1.1360e-02,-0.0567187,-5.46875e-05
1.1370e-02,-0.0396875,-0.000537188
1.1380e-02,-0.0515625,-0.000269375
1.1390e-02,-0.0425,0.000461563
1.1400e-02,-0.0407813,-0.000883125
1.1410e-02,-0.045,-0.000484375
1.1420e-02,-0.0370313,0.000423125
1.1430e-02,-0.0515625,7.46875e-05
1.1440e-02,-0.0389063,-0.000178125
1.1450e-02,-0.04625,4.875e-05
1.1460e-02,-0.0410937,0.0001425
1.1470e-02,-0.0498438,-0.00019
1.1480e-02,-0.0495312,0.000613438
1.1490e-02,-0.0446875,0.000795938
1.1500e-02,-0.0385937,0.000442188
1.1510e-02,-0.0415625,0.000388125
1.1520e-02,-0.0470312,0.000339375
1.1530e-02,-0.0520313,0.000110625
1.1540e-02,-0.0457813,-0.000224688
1.1550e-02,-0.0403125,-0.000353125
1.1560e-02,-0.050625,-0.000237813
1.1570e-02,-0.045,-0.000335313
1.1580e-02,-0.0454688,-7.1875e-06
1.1590e-02,-0.036875,-0.000274688
1.1600e-02,-0.041875,-0.000277813
1.1610e-02,-0.0464062,0.00042375
1.1620e-02,-0.0442188,-0.000287188
1.1630e-02,-0.045625,9.25e-05
1.1640e-02,-0.0410937,0.0003725
1.1650e-02,-0.0314062,-0.00068125
1.1660e-02,-0.0414063,-0.00049
1.1670e-02,-0.0423437,-0.000154063
1.1680e-02,-0.0503125,-0.000219375
1.1690e-02,-0.055,-0.000454375
1.1700e-02,-0.0526563,-0.0004325
1.1710e-02,-0.0371875,-0.000570313
1.1720e-02,-0.0432813,-0.00075125
1.1730e-02,-0.0365625,-0.00014625
1.1740e-02,-0.0526563,0.000188438
1.1750e-02,-0.0545313,0.000456875
1.1760e-02,-0.0542187,9.78125e-05
1.1770e-02,-0.0445313,-0.000109688
1.1780e-02,-0.0498438,-0.0003
1.1790e-02,-0.0420312,-0.00111031
1.1800e-02,-0.04,5.1875e-05
1.1810e-02,-0.0428125,-0.000545313
1.1820e-02,-0.041875,6.21875e-05
1.1830e-02,-0.0489062,-0.000105
1.1840e-02,-0.0565625,-0.000465625
1.1850e-02,-0.0601562,1.59375e-05
1.1860e-02,-0.0345312,-0.00036125
1.1870e-02,-0.051875,0.000379063
1.1880e-02,-0.045625,-2.46875e-05
1.1890e-02,-0.0496875,-0.000204688
1.1900e-02,-0.0446875,-7.9375e-05
1.1910e-02,-0.0398437,-0.000372813
1.1920e-02,-0.035625,1.15625e-05
1.1930e-02,-0.0420312,-0.000420625
1.1940e-02,-0.0451563,-0.000250313
1.1950e-02,-0.0285938,2.40625e-05
1.1960e-02,-0.0360938,0.000840313
1.1970e-02,-0.040625,-0.000284375
1.1980e-02,-0.0471875,-0.00067875
1.1990e-02,-0.0529687,-0.0003425
1.2000e-02,-0.0403125,0.00051625
1.2010e-02,-0.04125,0.000740625
1.2020e-02,-0.0385937,5.34375e-05
1.2030e-02,-0.0340625,2.28125e-05
1.2040e-02,-0.0442188,-0.00044625
1.2050e-02,-0.0501562,0.000193438
1.2060e-02,-0.03875,-0.000735625
1.2070e-02,-0.0379688,-7.15625e-05
1.2080e-02,-0.04625,6.3125e-05
1.2090e-02,-0.0485938,0.000505625
1.2100e-02,-0.0429688,-0.000347188
1.2110e-02,-0.0532813,-6.03125e-05
1.2120e-02,-0.0614062,-0.000529063
1.2130e-02,-0.0534375,-9.0625e-05
1.2140e-02,-0.0473438,0.000136875
1.2150e-02,-0.0396875,0.000212188
1.2160e-02,-0.0498438,-0.000784375
1.2170e-02,-0.05125,-0.000354688
1.2180e-02,-0.050625,-0.000705313
1.2190e-02,-0.0526563,0.00029375
1.2200e-02,-0.0515625,-9.96875e-05
1.2210e-02,-0.0523437,1.5625e-06
1.2220e-02,-0.0420312,-5.84375e-05
1.2230e-02,-0.0496875,-0.000984063
1.2240e-02,-0.0375,-0.00112344
1.2250e-02,-0.048125,-0.000544688
1.2260e-02,-0.0426562,-0.000396875
1.2270e-02,-0.0454688,0.000169375
1.2280e-02,-0.0564063,-0.000462813
1.2290e-02,-0.0589063,-0.0002575
1.2300e-02,-0.0509375,-0.000665938
1.2310e-02,-0.0384375,-0.000573125
1.2320e-02,-0.0435938,-0.0002525
1.2330e-02,-0.0392187,0.000715
1.2340e-02,-0.055625,0.000894063
1.2350e-02,-0.0528125,-0.000376875
1.2360e-02,-0.05625,-0.000649688
1.2370e-02,-0.0392187,-0.00150313
1.2380e-02,-0.0425,-3.5e-05
1.2390e-02,-0.04625,0.0002675
1.2400e-02,-0.0479688,0.000784375
1.2410e-02,-0.0520313,0.0007325
1.2420e-02,-0.0464062,0.000629688
1.2430e-02,-0.0603125,0.000803125
1.2440e-02,-0.0471875,0.000582812
1.2450e-02,-0.0503125,0.000704688
1.2460e-02,-0.0390625,0.000729375
1.2470e-02,-0.0501562,0.000541563
1.2480e-02,-0.448281,-0.000924063
1.2490e-02,-1.64,-0.00511031
1.2500e-02,-1.82234,-0.00719313
1.2510e-02,-1.14344,-0.00839063
1.2520e-02,0.0782812,-0.00806594
1.2530e-02,0.104219,-0.00793719
1.2540e-02,0.102344,-0.00760938
1.2550e-02,0.0751562,-0.0076575
1.2560e-02,0.073125,-0.00760656
1.2570e-02,0.0676563,-0.00764313
1.2580e-02,0.0632812,-0.00757656
1.2590e-02,0.056875,-0.00764281
1.2600e-02,0.0385937,-0.00759344
1.2610e-02,0.0473438,-0.00750031
1.2620e-02,0.0532813,-0.0077275
1.2630e-02,0.0542187,-0.00764469
1.2640e-02,0.0217187,-0.00753813
1.2650e-02,0.0398437,-0.00768656
1.2660e-02,0.0273438,-0.00763906
1.2670e-02,0.0240625,-0.00751375
1.2680e-02,0.0217187,-0.00751156
1.2690e-02,0.0165625,-0.00748406
1.2700e-02,0.0176563,-0.00754313
1.2710e-02,0.0125,-0.0075425
1.2720e-02,0.014375,-0.007495
1.2730e-02,0.0128125,-0.00620313
1.2740e-02,0.0251563,-0.00097875
1.2750e-02,0.0059375,0.00102406
1.2760e-02,0.0189063,-0.000137813
1.2770e-02,0.0135937,-0.00261719
1.2780e-02,0.0071875,-0.00313094
1.2790e-02,-0.00125,-0.00168563
1.2800e-02,0.0207812,0.0016825
1.2810e-02,0.01,0.00227875
1.2820e-02,0.0096875,0.000887813
1.2830e-02,-0.00578125,-0.0012375
1.2840e-02,0.00140625,-0.0023175
1.2850e-02,-0.0053125,-0.00191906
1.2860e-02,-0.0015625,0.000240625
1.2870e-02,-0.00203125,0.00193688
1.2880e-02,-0.000625,0.00162
1.2890e-02,-0.00328125,0.000495
1.2900e-02,0.0028125,-0.000850625
1.2910e-02,0.0101562,-0.00142313
1.2920e-02,-0.0028125,-0.000440625
1.2930e-02,-0.003125,0.00115031
1.2940e-02,0.00765625,0.00112156
1.2950e-02,-0.0090625,0.00046125
1.2960e-02,0.00359375,-0.00130313
1.2970e-02,-0.0121875,-0.00101406
1.2980e-02,-0.00953125,-0.00143906
1.2990e-02,-0.00046875,0.000282813
1.3000e-02,-0.0101563,0.00130969
1.3010e-02,-0.00640625,0.000657813
1.3020e-02,-0.0117188,-0.00049375
1.3030e-02,-0.0140625,-0.000848438
1.3040e-02,-0.005,-0.000759063
1.3050e-02,-0.0021875,-0.00057
1.3060e-02,-0.0025,0.000881563
1.3070e-02,-0.00796875,0.000749375
1.3080e-02,-0.0139063,0.000289688
1.3090e-02,-0.00828125,-0.00103531
1.3100e-02,-0.015,-0.00151781
1.3110e-02,-0.0123438,-0.000792188
1.3120e-02,-0.019375,-6.4375e-05
1.3130e-02,-0.00828125,0.00085
1.3140e-02,-0.01,0.000420313
1.3150e-02,-0.0134375,-0.000315938
1.3160e-02,0.00046875,-0.00033
1.3170e-02,-0.0142188,-0.000558438
1.3180e-02,-0.0248438,-0.000484688
1.3190e-02,-0.0182812,0.000500625
1.3200e-02,-0.0059375,5.5625e-05
1.3210e-02,-0.0178125,0.000185625
1.3220e-02,-0.01875,-0.000750313
1.3230e-02,-0.015,-0.000360313
1.3240e-02,0.0071875,-0.0003025
1.3250e-02,-0.0190625,-0.000450313
1.3260e-02,-0.0173438,0.000306563
1.3270e-02,-0.0120313,0.000126875
1.3280e-02,-0.0129688,0.000123438
1.3290e-02,-0.009375,7.0625e-05
1.3300e-02,-0.0165625,1.25e-05
1.3310e-02,-0.0139063,-0.000205
1.3320e-02,-0.0182812,0.000715625
1.3330e-02,-0.0229687,-2.96875e-05
1.3340e-02,-0.0209375,0.00028
1.3350e-02,-0.0140625,0.000153438
1.3360e-02,-0.0114062,-0.000111563
1.3370e-02,-0.0189062,-0.000809063
1.3380e-02,-0.0184375,-0.000174688
1.3390e-02,-0.0065625,0.000655313
1.3400e-02,-0.0207813,0.000616875
1.3410e-02,-0.0189062,0.000135313
1.3420e-02,-0.0139063,3.375e-05
1.3430e-02,-0.01375,-0.000632813
1.3440e-02,-0.0142188,-0.00072375
1.3450e-02,-0.0182812,-0.000770625
1.3460e-02,-0.0154687,-0.000415938
1.3470e-02,-0.0273438,-8.40625e-05
1.3480e-02,-0.0160938,-3.28125e-05
1.3490e-02,-0.0140625,-0.000540312
1.3500e-02,-0.0117188,-0.000200313
1.3510e-02,-0.0204688,0.000314688
1.3520e-02,-0.0173438,-0.00022
1.3530e-02,-0.0173438,0.000460313
1.3540e-02,-0.0153125,4.09375e-05
1.3550e-02,-0.01875,-0.0002025
1.3560e-02,-0.0185937,-0.00037375
1.3570e-02,-0.016875,-0.000833125
1.3580e-02,-0.0278125,-0.00054875
1.3590e-02,-0.0229687,0.00041875
1.3600e-02,-0.0298438,0.000458438
1.3610e-02,-0.0232812,-0.000482188
1.3620e-02,-0.0196875,2.40625e-05
1.3630e-02,-0.01625,-6.96875e-05
1.3640e-02,-0.025,-0.000162188
1.3650e-02,-0.0275,0.000146875
1.3660e-02,-0.0296875,1.6875e-05
1.3670e-02,-0.006875,-0.00019875
1.3680e-02,-0.0260937,-0.000157188
1.3690e-02,-0.0189062,-0.000677188
1.3700e-02,-0.0198438,-0.000489687
1.3710e-02,-0.0217188,-0.000735938
1.3720e-02,-0.02,-0.000387188
1.3730e-02,-0.0284375,-0.000603438
1.3740e-02,-0.0128125,-0.000408125
1.3750e-02,-0.0223437,-8.875e-05
1.3760e-02,-0.0175,-0.000173125
1.3770e-02,-0.0271875,-0.000390938
1.3780e-02,-0.011875,-0.00057
1.3790e-02,-0.0151562,-0.00038125
1.3800e-02,-0.02125,0.00035125
1.3810e-02,-0.0164063,0.000801875
1.3820e-02,-0.0170313,-1.25e-06
1.3830e-02,-0.0275,-0.0002275
1.3840e-02,-0.0276563,0.000197188
1.3850e-02,-0.0295313,0.000546875
1.3860e-02,-0.01125,0.000319063
1.3870e-02,-0.0270312,0.000965
1.3880e-02,-0.0198438,-0.00015625
1.3890e-02,-0.0365625,-0.00026625
1.3900e-02,-0.0246875,-0.00061375
1.3910e-02,-0.02125,-0.000390938
1.3920e-02,-0.0234375,0.000451563
1.3930e-02,-0.0278125,8.28125e-05
1.3940e-02,-0.0145312,-0.000205313
1.3950e-02,-0.0325,-0.0002725
1.3960e-02,-0.0289063,-0.000425
1.3970e-02,-0.023125,-9.75e-05
1.3980e-02,-0.0359375,-0.00051375
1.3990e-02,-0.0228125,-0.000541563
1.4000e-02,-0.015,0.000331563
1.4010e-02,-0.0245313,0.000501875
1.4020e-02,-0.0135937,0.000159688
1.4030e-02,-0.0346875,2.53125e-05
1.4040e-02,-0.0239063,0.000420313
1.4050e-02,-0.0182812,-0.000368438
1.4060e-02,-0.023125,0.000259063
1.4070e-02,-0.0314062,0.000445625
1.4080e-02,-0.0225,0.000284688
1.4090e-02,-0.0253125,-0.000260313
1.4100e-02,-0.0267187,-0.000484063
1.4110e-02,-0.0246875,-0.000330313
1.4120e-02,-0.025,8.6875e-05
1.4130e-02,-0.0323438,0.000580625
1.4140e-02,-0.0264062,-4.1875e-05
1.4150e-02,-0.024375,0.000490938
1.4160e-02,-0.0253125,-0.0001375
1.4170e-02,-0.0345312,0.000250625
1.4180e-02,-0.0328125,0.000362188
1.4190e-02,-0.0328125,0.000235313
1.4200e-02,-0.02875,-0.000265313
1.4210e-02,-0.0314062,-0.000662813
1.4220e-02,-0.03125,-0.000233438
1.4230e-02,-0.030625,-0.000139375
1.4240e-02,-0.0260937,3.125e-06
1.4250e-02,-0.031875,-0.000315
1.4260e-02,-0.0221875,-0.000357813
1.4270e-02,-0.0254688,-0.00012375
1.4280e-02,-0.0303125,8.5625e-05
1.4290e-02,-0.0382813,-0.00018875
1.4300e-02,-0.0303125,0.000325
1.4310e-02,-0.0389063,-6e-05
1.4320e-02,-0.0467188,0.00044125
1.4330e-02,-0.0328125,-0.0001025
1.4340e-02,-0.0301563,0.000202813
1.4350e-02,-0.0242188,0.000817813
1.4360e-02,-0.025,0.000266563
1.4370e-02,-0.03625,0.000100938
1.4380e-02,-0.0309375,0.000668438
1.4390e-02,-0.0282813,0.000661875
1.4400e-02,-0.0251563,-0.0001025
1.4410e-02,-0.0348437,-4.125e-05
1.4420e-02,-0.0232812,-6.5e-05
1.4430e-02,-0.0271875,4.75e-05
1.4440e-02,-0.02,-0.00045625
1.4450e-02,-0.0285938,-0.00038375
1.4460e-02,-0.040625,-6.03125e-05
1.4470e-02,-0.0203125,0.000343438
1.4480e-02,-0.0264062,1.6875e-05
1.4490e-02,-0.0351562,-0.000212188
1.4500e-02,-0.0271875,-0.000143438
1.4510e-02,-0.0385937,-0.000307188
1.4520e-02,-0.02625,1.4375e-05
1.4530e-02,-0.0345312,6.875e-05
1.4540e-02,-0.0390625,8.53125e-05
1.4550e-02,-0.0304688,0.000448125
1.4560e-02,-0.0370313,-0.000204063
1.4570e-02,-0.0275,-0.000184375
1.4580e-02,-0.0315625,0.000410938
1.4590e-02,-0.020625,5.34375e-05
1.4600e-02,-0.0240625,0.000756875
1.4610e-02,-0.0248438,0.000414375
1.4620e-02,-0.0348437,0.000780313
1.4630e-02,-0.0296875,-0.000233438
1.4640e-02,-0.0301563,-0.00052375
1.4650e-02,-0.0357813,-7.5e-05
1.4660e-02,-0.029375,7.34375e-05
1.4670e-02,-0.0310937,0.000261563
1.4680e-02,-0.0282813,-1.90625e-05
1.4690e-02,-0.0320312,0.000457188
1.4700e-02,-0.0289063,0.000121875
1.4710e-02,-0.0364063,-0.000165313
1.4720e-02,-0.0273438,-1.625e-05
1.4730e-02,-0.0321875,-0.000144688
1.4740e-02,-0.0339062,-0.000658438
1.4750e-02,-0.0382813,-6.1875e-05
1.4760e-02,-0.0325,-7.125e-05
1.4770e-02,-0.0314062,8.78125e-05
1.4780e-02,-0.035,8.53125e-05
1.4790e-02,-0.0173438,0.000316875
1.4800e-02,-0.038125,-0.00015625
1.4810e-02,-0.0340625,-0.000309063
1.4820e-02,-0.029375,-0.000779375
1.4830e-02,-0.04,-0.000206563
1.4840e-02,-0.0345312,-0.000323438
1.4850e-02,-0.0332812,-0.00019625
1.4860e-02,-0.0301563,0.0002775
1.4870e-02,-0.0410937,0.000589375
1.4880e-02,-0.0407813,0.000286563
1.4890e-02,-0.0403125,-0.000155313
1.4900e-02,-0.0378125,0.000290313
1.4910e-02,-0.0265625,0.00105688
1.4920e-02,-0.03375,0.000424375
1.4930e-02,-0.0360938,1.28125e-05
1.4940e-02,-0.0207813,-0.000274688
1.4950e-02,-0.0271875,-0.000341563
1.4960e-02,-0.036875,0.00066625
1.4970e-02,-0.0278125,0.000800625
1.4980e-02,-0.0328125,1.34375e-05
1.4990e-02,-0.0379688,-0.000126875
1.5000e-02,-0.0382813,-0.000328438
1.5010e-02,-0.034375,-0.000111875
1.5020e-02,-0.0265625,0.000149063
1.5030e-02,-0.0401563,-4.28125e-05
1.5040e-02,-0.0378125,0.000502813
1.5050e-02,-0.0348437,-0.000225625
1.5060e-02,-0.0295313,-0.000155625
1.5070e-02,-0.0325,-8.8125e-05
1.5080e-02,-0.0410937,0.00067125
1.5090e-02,-0.0260937,0.000595938
1.5100e-02,-0.0389063,-0.000325625
1.5110e-02,-0.03625,0.000363125
1.5120e-02,-0.043125,7.375e-05
1.5130e-02,-0.0378125,-0.000177813
1.5140e-02,-0.0417187,-0.0002175
1.5150e-02,-0.0267187,0.000305313
1.5160e-02,-0.0303125,0.000400625
1.5170e-02,-0.0310937,0.000873125
1.5180e-02,-0.0440625,0.000698438
1.5190e-02,-0.0375,0.000190313
1.5200e-02,-0.0373438,0.000455625
1.5210e-02,-0.039375,4.21875e-05
1.5220e-02,-0.035625,-0.000113438
1.5230e-02,-0.0460938,-0.000303438
1.5240e-02,-0.0226562,-5.8125e-05
1.5250e-02,-0.0339062,-0.0003225
1.5260e-02,-0.0271875,-0.000433125
1.5270e-02,-0.0265625,-0.0008175
1.5280e-02,-0.0453125,0.000205
1.5290e-02,-0.0198438,-0.000506563
1.5300e-02,-0.0296875,-0.0002975
1.5310e-02,-0.0398437,-0.000281875
1.5320e-02,-0.039375,-0.000685938
1.5330e-02,-0.0385937,-0.00065
1.5340e-02,-0.0328125,-0.000465313
1.5350e-02,-0.0439063,0.000128437
1.5360e-02,-0.0448438,0.0008625
1.5370e-02,-0.0328125,0.000125938
1.5380e-02,-0.03375,-2.28125e-05
1.5390e-02,-0.0373438,-0.000143125
1.5400e-02,-0.0396875,-0.000269688
1.5410e-02,-0.0340625,-0.00035375
1.5420e-02,-0.033125,-5.46875e-05
1.5430e-02,-0.0478125,0.000334688
1.5440e-02,-0.0273438,0.000204063
1.5450e-02,-0.0257812,-0.000495
1.5460e-02,-0.0478125,8.8125e-05
1.5470e-02,-0.0373438,-0.000335
1.5480e-02,-0.0379688,-0.000203438
1.5490e-02,-0.0315625,5.59375e-05
1.5500e-02,-0.0409375,-0.000487813
1.5510e-02,-0.0310937,-0.000120625
1.5520e-02,-0.0304688,-0.000551875
1.5530e-02,-0.036875,-0.000199063
1.5540e-02,-0.0296875,-8.4375e-06
1.5550e-02,-0.0385937,-0.000127188
1.5560e-02,-0.0204688,0.000265625
1.5570e-02,-0.0303125,-0.000532813
1.5580e-02,-0.0367188,-0.000759063
1.5590e-02,-0.0332812,-0.000787188
1.5600e-02,-0.0364063,0.00010375
1.5610e-02,-0.0264062,-0.000374375
1.5620e-02,-0.0417187,0.000760938
1.5630e-02,-0.0357813,0.000290625
1.5640e-02,-0.0434375,0.0003925
1.5650e-02,-0.0389063,0.000176875
1.5660e-02,-0.0398437,-0.000110625
1.5670e-02,-0.040625,-0.000524688
1.5680e-02,-0.0317188,0.00025625
1.5690e-02,-0.044375,0.000183125
1.5700e-02,-0.02375,-0.00019625
1.5710e-02,-0.0278125,-0.000274688
1.5720e-02,-0.023125,-0.000757188
1.5730e-02,-0.0335937,-0.000315625
1.5740e-02,-0.0278125,0.000406875
1.5750e-02,-0.03875,0.00126375
1.5760e-02,-0.0410937,0.000754063
1.5770e-02,-0.035,-3.8125e-05
1.5780e-02,-0.0432813,-0.000658438
1.5790e-02,-0.0351562,-0.000128437
1.5800e-02,-0.0348437,-0.00012375
1.5810e-02,-0.025,0.000200625
1.5820e-02,-0.0440625,0.000844063
1.5830e-02,-0.0398437,-2e-05
1.5840e-02,-0.0395313,0.000654375
1.5850e-02,-0.0359375,-0.00048375
1.5860e-02,-0.0385937,-0.000559375
1.5870e-02,-0.0453125,0.00041875
1.5880e-02,-0.04375,0.000970938
1.5890e-02,-0.0442188,0.000566875
1.5900e-02,-0.0364063,-1.96875e-05
1.5910e-02,-0.0307813,-0.000354375
1.5920e-02,-0.054375,-0.000570313
1.5930e-02,-0.0339062,-0.000109063
1.5940e-02,-0.0390625,-0.00018125
1.5950e-02,-0.0476562,0.000740938
1.5960e-02,-0.0471875,0.00050625
1.5970e-02,-0.0373438,-0.000361563
1.5980e-02,-0.04375,-0.000101563
1.5990e-02,-0.035625,-0.000507188
1.6000e-02,-0.0410937,-0.000865313
1.6010e-02,-0.0351562,0.000905938
1.6020e-02,-0.0403125,0.000754688
1.6030e-02,-0.0429688,0.000424375
1.6040e-02,-0.04625,-0.000275313
1.6050e-02,-0.0385937,-0.000482813
1.6060e-02,-0.0201563,-0.000312813
1.6070e-02,-0.0432813,0.0007525
1.6080e-02,-0.0385937,0.00169125
1.6090e-02,-0.048125,0.00150969
1.6100e-02,-0.0379688,0.000948125
1.6110e-02,-0.0439063,-0.00083125
1.6120e-02,-0.0367188,-0.00100906
1.6130e-02,-0.0379688,0.000366563
1.6140e-02,-0.0421875,0.00144844
1.6150e-02,-0.0392187,0.00165781
1.6160e-02,-0.0264062,-8.9375e-05
1.6170e-02,-0.041875,-0.00116469
1.6180e-02,-0.0414063,-0.000840625
1.6190e-02,-0.0440625,-0.000768125
1.6200e-02,-0.036875,0.000655625
1.6210e-02,-0.031875,0.00204844
1.6220e-02,-0.0376563,0.00113813
1.6230e-02,-0.0476562,-0.000568125
1.6240e-02,-0.0428125,-0.00205438
1.6250e-02,-0.0384375,-0.00171469
1.6260e-02,-0.0259375,0.000421563
1.6270e-02,-0.0435938,0.00183781
1.6280e-02,-0.0457813,0.00189594
1.6290e-02,-0.0267187,2.84375e-05
1.6300e-02,-0.0420312,-0.00175969
1.6310e-02,-0.0396875,-0.00233719
1.6320e-02,-0.0395313,-0.000205625
1.6330e-02,-0.0492188,0.00174688
1.6340e-02,-0.0370313,0.00416938
1.6350e-02,-0.054375,0.00150594
1.6360e-02,-0.0459375,-0.00147
1.6370e-02,-0.0470312,-0.0042675
1.6380e-02,-0.0351562,-0.00236344
1.6390e-02,-0.03875,0.0005875
1.6400e-02,-0.0323438,0.00286281
1.6410e-02,-0.0340625,0.00418906
1.6420e-02,-0.043125,0.00102313
1.6430e-02,-0.031875,-0.00365719
1.6440e-02,-0.0364063,-0.00448344
1.6450e-02,-0.05,-0.00223406
1.6460e-02,-0.0415625,0.00186094
1.6470e-02,-0.03875,0.00447281
1.6480e-02,-0.0423437,0.00352938
1.6490e-02,-0.0546875,-0.000365625
1.6500e-02,-0.0371875,-0.00461344
1.6510e-02,-0.0375,-0.005335
1.6520e-02,-0.0454688,-0.00126438
1.6530e-02,-0.0507812,0.00208219
1.6540e-02,-0.0495312,0.00379094
1.6550e-02,-0.03875,0.00191719
1.6560e-02,-0.0367188,-0.001385
1.6570e-02,-0.0282813,-0.00395063
1.6580e-02,-0.0434375,-0.00349531
1.6590e-02,-0.0414063,0.00132
1.6600e-02,-0.0526563,0.00440781
1.6610e-02,-0.04,0.00472281
1.6620e-02,-0.04375,0.00176375
1.6630e-02,-0.0428125,-0.00211625
1.6640e-02,-0.0454688,-0.00306656
1.6650e-02,-0.0445313,-0.00244438
1.6660e-02,-0.0373438,0.000999688
1.6670e-02,-0.035,0.00374344
1.6680e-02,-0.035625,0.00212125
1.6690e-02,-0.05,-0.00121188
1.6700e-02,-0.03875,-0.00276281
1.6710e-02,-0.0384375,-0.00267281
1.6720e-02,-0.055,-0.0006975
1.6730e-02,-0.0434375,0.00157969
1.6740e-02,-0.0303125,0.00218031
1.6750e-02,-0.0401563,0.000462813
1.6760e-02,-0.04875,-0.00151656
1.6770e-02,-0.0501562,-0.002125
1.6780e-02,-0.0390625,-0.00144406
1.6790e-02,-0.0376563,0.000339375
1.6800e-02,-0.0434375,0.00222781
1.6810e-02,-0.035,0.00134688
1.6820e-02,-0.0421875,-0.00026
1.6830e-02,-0.0385937,-0.00120531
1.6840e-02,-0.0415625,-0.00105563
1.6850e-02,-0.0564063,0.000883125
1.6860e-02,-0.0435938,0.00146406
1.6870e-02,-0.0432813,0.000831563
1.6880e-02,-0.0395313,0.000865938
1.6890e-02,-0.0471875,-0.000820313
1.6900e-02,-0.0371875,-0.00169438
1.6910e-02,-0.04125,-0.000600938
1.6920e-02,-0.0451563,0.000181563
1.6930e-02,-0.0395313,0.00136656
1.6940e-02,-0.0403125,0.000430625
1.6950e-02,-0.0503125,-0.00100281
1.6960e-02,-0.03875,-0.00115438
1.6970e-02,-0.055,-0.00025125
1.6980e-02,-0.0379688,0.000148125
1.6990e-02,-0.0401563,0.000717813
1.7000e-02,-0.0434375,0.00112125
1.7010e-02,-0.0403125,0.000463438
1.7020e-02,-0.05125,-0.00133406
1.7030e-02,-0.043125,-0.00123188
1.7040e-02,-0.0445313,-0.000857813
1.7050e-02,-0.0590625,0.000264063
1.7060e-02,-0.0457813,0.00053875
1.7070e-02,-0.0354688,0.000695313
1.7080e-02,-0.0407813,-4.9375e-05
1.7090e-02,-0.0434375,-0.000830625
1.7100e-02,-0.036875,-0.000162188
1.7110e-02,-0.0453125,0.000460625
1.7120e-02,-0.0464062,0.00123531
1.7130e-02,-0.0357813,0.00066625
1.7140e-02,-0.03875,-0.000144375
1.7150e-02,-0.0375,-0.000204688
1.7160e-02,-0.0465625,-0.000732813
1.7170e-02,-0.0373438,-0.000431563
1.7180e-02,-0.0421875,-0.000239063
1.7190e-02,-0.054375,0.000654063
1.7200e-02,-0.0325,0.0002225
1.7210e-02,-0.0495312,0.00014125
1.7220e-02,-0.0348437,-0.0012975
1.7230e-02,-0.035625,-8.40625e-05
1.7240e-02,-0.0403125,0.000425313
1.7250e-02,-0.046875,0.000537813
1.7260e-02,-0.0332812,0.00119
1.7270e-02,-0.0471875,0.000890938
1.7280e-02,-0.0473438,-7.15625e-05
1.7290e-02,-0.0425,-6.40625e-05
1.7300e-02,-0.0478125,-0.000150938
1.7310e-02,-0.0457813,-0.000164063
1.7320e-02,-0.0395313,6.375e-05
1.7330e-02,-0.041875,-0.000254688
1.7340e-02,-0.0332812,-0.00028375
1.7350e-02,-0.0354688,-0.00079875
1.7360e-02,-0.0440625,-0.000153125
1.7370e-02,-0.0446875,-0.00024875
1.7380e-02,-0.0354688,3.125e-07
1.7390e-02,-0.0467188,-0.000516875
1.7400e-02,-0.0490625,-0.00023875
1.7410e-02,-0.0367188,-0.000915938
1.7420e-02,-0.0479688,-0.000359375
1.7430e-02,-0.0434375,-0.000565625
1.7440e-02,-0.04125,-0.000225313
1.7450e-02,-0.038125,0.000838438
1.7460e-02,-0.0420312,0.00023125
1.7470e-02,-0.0371875,-8.125e-05
1.7480e-02,-0.0454688,-0.000179063
1.7490e-02,-0.0435938,-0.000385938
1.7500e-02,-0.0304688,-3.5625e-05
1.7510e-02,-0.038125,0.000568125
1.7520e-02,-0.0414063,0.000734375
1.7530e-02,-0.0439063,-0.000206563
1.7540e-02,-0.0398437,-0.000250625
1.7550e-02,-0.044375,0.00014125
1.7560e-02,-0.0510938,-0.000352188
1.7570e-02,-0.036875,-8.5e-05
1.7580e-02,-0.0446875,0.000159688
1.7590e-02,-0.0504687,0.000485625
1.7600e-02,-0.0478125,0.000153125
1.7610e-02,-0.0395313,0.0002475
1.7620e-02,-0.0346875,-0.000403125
1.7630e-02,-0.0446875,-0.000727813
1.7640e-02,-0.0459375,-0.000815313
1.7650e-02,-0.05,0.000400313
1.7660e-02,-0.0467188,0.000745313
1.7670e-02,-0.039375,-0.000234688
1.7680e-02,-0.033125,-0.00030375
1.7690e-02,-0.0484375,9.5625e-05
1.7700e-02,-0.0429688,0.000146563
1.7710e-02,-0.0453125,-0.000447813
1.7720e-02,-0.0365625,0.00028
1.7730e-02,-0.0503125,0.000241563
1.7740e-02,-0.0439063,-0.00049125
1.7750e-02,-0.0304688,-0.0005525
1.7760e-02,-0.0379688,-0.000344063
1.7770e-02,-0.0401563,-0.000165938
1.7780e-02,-0.0510938,0.00019
1.7790e-02,-0.0498438,0.000133125
1.7800e-02,-0.0425,-0.00024
1.7810e-02,-0.0470312,2.84375e-05
1.7820e-02,-0.0421875,-0.000693125
1.7830e-02,-0.03625,-0.000452813
1.7840e-02,-0.0542187,-0.000156563
1.7850e-02,-0.0376563,4.71875e-05
1.7860e-02,-0.0514063,0
1.7870e-02,-0.0496875,0.000124375
1.7880e-02,-0.045,2.375e-05
1.7890e-02,-0.0364063,-0.000235625
1.7900e-02,-0.046875,4.03125e-05
1.7910e-02,-0.0498438,-0.00043
1.7920e-02,-0.04625,0.000360313
1.7930e-02,-0.033125,0.000411563
1.7940e-02,-0.0360938,-0.000359688
1.7950e-02,-0.04625,-0.000149687
1.7960e-02,-0.0409375,-0.000164063
1.7970e-02,-0.041875,-0.000231563
1.7980e-02,-0.0454688,0.000325625
1.7990e-02,-0.0348437,0.00027125
1.8000e-02,-0.0354688,0.000278125
1.8010e-02,-0.036875,0.000536875
1.8020e-02,-0.0379688,0.000242813
1.8030e-02,-0.0485938,-0.0005975
1.8040e-02,-0.0484375,-0.000494375
1.8050e-02,-0.0432813,0.00029375
1.8060e-02,-0.0425,0.000793125
1.8070e-02,-0.054375,0.000492188
1.8080e-02,-0.045,-0.000222188
1.8090e-02,-0.0459375,7.6875e-05
1.8100e-02,-0.0451563,0.000179375
1.8110e-02,-0.0440625,7.71875e-05
1.8120e-02,-0.0465625,0.00115188
1.8130e-02,-0.040625,0.000415625
1.8140e-02,-0.0335937,-0.000767813
1.8150e-02,-0.0398437,-0.000537813
1.8160e-02,-0.04625,-0.00082
1.8170e-02,-0.0379688,-0.000450313
1.8180e-02,-0.0517188,0.00016125
1.8190e-02,-0.0365625,0.00024125
1.8200e-02,-0.0435938,-0.000320313
1.8210e-02,-0.0451563,-0.00032375
1.8220e-02,-0.0457813,-0.000477188
1.8230e-02,-0.04375,-0.000387188
1.8240e-02,-0.0453125,0.000431563
1.8250e-02,-0.0457813,0.00036
1.8260e-02,-0.0401563,9.6875e-06
1.8270e-02,-0.0425,9.6875e-06
1.8280e-02,-0.0475,6.15625e-05
1.8290e-02,-0.0504687,0.000666563
1.8300e-02,-0.049375,-6.375e-05
1.8310e-02,-0.035625,-0.000502813
1.8320e-02,-0.0392187,0.000157813
1.8330e-02,-0.0371875,0.00053875
1.8340e-02,-0.0421875,-9.46875e-05
1.8350e-02,-0.0370313,-0.000284063
1.8360e-02,-0.035625,-1.5625e-06
1.8370e-02,-0.0435938,-0.000233125
1.8380e-02,-0.0465625,-1.90625e-05
1.8390e-02,-0.0417187,0.000278125
1.8400e-02,-0.0409375,0.00022625
1.8410e-02,-0.0375,-0.00062875
1.8420e-02,-0.04375,6.875e-06
1.8430e-02,-0.03125,-0.000168125
1.8440e-02,-0.0528125,-0.0002875
1.8450e-02,-0.0535937,0.000612813
1.8460e-02,-0.0490625,0.000433438
1.8470e-02,-0.0617188,0.000183125
1.8480e-02,-0.03875,-0.0002275
1.8490e-02,-0.0429688,-0.000212813
1.8500e-02,-0.0417187,-0.00024625
1.8510e-02,-0.0390625,-0.000285313
1.8520e-02,-0.0478125,0.00019625
1.8530e-02,-0.0453125,-0.000265938
1.8540e-02,-0.0510938,-0.000628125
1.8550e-02,-0.0571875,5.9375e-05
1.8560e-02,-0.0490625,-0.000574375
1.8570e-02,-0.0423437,-0.000283437
1.8580e-02,-0.0460938,-0.000167188
1.8590e-02,-0.0551563,-0.000306563
1.8600e-02,-0.0403125,7.8125e-05
1.8610e-02,-0.0365625,4.375e-06
1.8620e-02,-0.0420312,0.00048375
1.8630e-02,-0.046875,0.000230938
1.8640e-02,-0.0448438,-0.000460625
1.8650e-02,-0.03625,-0.000281875
1.8660e-02,-0.0475,0.000384375
1.8670e-02,-0.0457813,-0.000105625
1.8680e-02,-0.035625,-0.000169688
1.8690e-02,-0.0409375,-0.000334688
1.8700e-02,-0.0353125,-0.000225625
1.8710e-02,-0.0501562,-0.000118125
1.8720e-02,-0.0375,-0.000337188
1.8730e-02,-0.0476562,-5.71875e-05
1.8740e-02,-0.0457813,0.00043125
1.8750e-02,-0.0451563,0.000792188
1.8760e-02,-0.0478125,0.000186563
1.8770e-02,-0.056875,-0.000402813
1.8780e-02,-0.051875,-0.0004925
1.8790e-02,-0.0376563,-3.34375e-05
1.8800e-02,-0.0559375,-2.5e-05
1.8810e-02,-0.0323438,-0.000324375
1.8820e-02,-0.0370313,0.000347813
1.8830e-02,-0.0498438,0.000131563
1.8840e-02,-0.0478125,-0.000501875
1.8850e-02,-0.0457813,0.000147188
1.8860e-02,-0.04875,-7.8125e-06
1.8870e-02,-0.0392187,0.000319375
1.8880e-02,-0.0585938,-7.5625e-05
1.8890e-02,-0.0423437,-0.000363438
1.8900e-02,-0.0275,0.000138125
1.8910e-02,-0.045,-0.000117813
1.8920e-02,-0.038125,-8.15625e-05
1.8930e-02,-0.0573437,-2.90625e-05
1.8940e-02,-0.0428125,3.9375e-05
1.8950e-02,-0.0429688,-0.000210938
1.8960e-02,-0.0620312,0.000200625
1.8970e-02,-0.0409375,-0.000695625
1.8980e-02,-0.0417187,-0.00037375
1.8990e-02,-0.0401563,0.000443125
1.9000e-02,-0.05625,-9.34375e-05
1.9010e-02,-0.0526563,0.000168438
1.9020e-02,-0.049375,0.000359688
1.9030e-02,-0.0457813,0.0008475
1.9040e-02,-0.039375,0.000523125
1.9050e-02,-0.0482812,0.000188125
1.9060e-02,-0.0546875,0.000164375
1.9070e-02,-0.0390625,0.000889063
1.9080e-02,-0.0454688,0.000374063
1.9090e-02,-0.0357813,1.71875e-05
1.9100e-02,-0.0535937,0.000138438
1.9110e-02,-0.050625,-0.00023
1.9120e-02,-0.05125,-0.000821563
1.9130e-02,-0.0495312,-0.000171563
1.9140e-02,-0.0492188,-0.000448438
1.9150e-02,-0.0473438,0.000511563
1.9160e-02,-0.05375,1.53125e-05
1.9170e-02,-0.0414063,0.000105313
1.9180e-02,-0.0382813,-0.000530625
1.9190e-02,-0.0409375,-0.000488125
1.9200e-02,-0.0504687,-0.000266563
1.9210e-02,-0.04,-0.000280625
1.9220e-02,-0.0582813,-0.000401875
1.9230e-02,-0.0570313,-0.000258438
1.9240e-02,-0.0520313,1.375e-05
1.9250e-02,-0.0470312,-0.000374375
1.9260e-02,-0.0439063,-0.000643438
1.9270e-02,-0.0489062,-9.15625e-05
1.9280e-02,-0.039375,-0.000110625
1.9290e-02,-0.0540625,-0.000258125
1.9300e-02,-0.0453125,0.000680938
1.9310e-02,-0.0378125,-0.00028875
1.9320e-02,-0.05125,9.6875e-05
1.9330e-02,-0.05,0.000261563
1.9340e-02,-0.0434375,5.5e-05
1.9350e-02,-0.046875,0.000148125
1.9360e-02,-0.049375,0.000776875
1.9370e-02,-0.0395313,0.000252812
1.9380e-02,-0.0475,3.375e-05
1.9390e-02,-0.0465625,0.000200313
1.9400e-02,-0.051875,-0.00038125
1.9410e-02,-0.0473438,-0.000255
1.9420e-02,-0.0470312,0.000338125
1.9430e-02,-0.0495312,-0.00035125
1.9440e-02,-0.043125,-0.000602188
1.9450e-02,-0.0490625,-0.000150313
1.9460e-02,-0.0528125,5.125e-05
1.9470e-02,-0.0451563,-3.875e-05
1.9480e-02,-0.0478125,0.000143438
1.9490e-02,-0.0515625,0.000585313
1.9500e-02,-0.04375,0.000133438
1.9510e-02,-0.0464062,-0.000635313
1.9520e-02,-0.0429688,-0.000290938
1.9530e-02,-0.0464062,-4.09375e-05
1.9540e-02,-0.0379688,0.000531875
1.9550e-02,-0.0495312,0.000415938
1.9560e-02,-0.0371875,9.40625e-05
1.9570e-02,-0.0403125,-7.03125e-05
1.9580e-02,-0.0532813,-9.625e-05
1.9590e-02,-0.0389063,-0.000516563
1.9600e-02,-0.0476562,0.000266563
1.9610e-02,-0.0478125,-0.000105313
1.9620e-02,-0.0567187,-0.000206563
1.9630e-02,-0.0484375,-0.000114688
1.9640e-02,-0.0375,-0.000202813
1.9650e-02,-0.0509375,-7.28125e-05
1.9660e-02,-0.0432813,-0.0004425
1.9670e-02,-0.05125,0.000122188
1.9680e-02,-0.0457813,-0.00022
1.9690e-02,-0.0482812,-0.000265625
1.9700e-02,-0.0415625,-0.000164688
1.9710e-02,-0.0476562,-0.000535
1.9720e-02,-0.0434375,-6.15625e-05
1.9730e-02,-0.0451563,-0.000186563
1.9740e-02,-0.0425,-0.000137813
1.9750e-02,-0.0428125,-0.000197188
1.9760e-02,-0.0478125,-0.000404063
1.9770e-02,-0.0559375,6.9375e-05
1.9780e-02,-0.0432813,9.0625e-05
1.9790e-02,-0.0376563,0.000384375
1.9800e-02,-0.048125,-0.000346875
1.9810e-02,-0.0410937,0.00020125
1.9820e-02,-0.0396875,-6.59375e-05
1.9830e-02,-0.0409375,0.00046125
1.9840e-02,-0.0446875,-5.59375e-05
1.9850e-02,-0.0521875,8.6875e-05
1.9860e-02,-0.0473438,0.000421875
1.9870e-02,-0.046875,-0.000184688
1.9880e-02,-0.0539063,-0.000259063
1.9890e-02,-0.0457813,0.00015375
1.9900e-02,-0.04625,0.000114688
1.9910e-02,-0.049375,0.000219375
1.9920e-02,-0.0414063,-0.000104063
1.9930e-02,-0.0551563,0.000502188
1.9940e-02,-0.050625,7.40625e-05
1.9950e-02,-0.045625,1.875e-05
1.9960e-02,-0.0359375,2.125e-05
1.9970e-02,-0.0492188,-0.000750938
1.9980e-02,-0.056875,-0.0005175
1.9990e-02,-0.0489062,-0.000365625
2.0000e-02,-0.0360938,-0.000955625
2.0010e-02,-0.0373438,8.9375e-05
2.0020e-02,-0.0292188,0.00043
2.0030e-02,-0.0542187,0.000145
2.0040e-02,-0.05125,-0.000204063
2.0050e-02,-0.053125,7.5625e-05
2.0060e-02,-0.0534375,-0.000170625
2.0070e-02,-0.0371875,0.000335625
2.0080e-02,-0.05125,0.000825
2.0090e-02,-0.0321875,-0.000427813
2.0100e-02,-0.04125,4.71875e-05
2.0110e-02,-0.0482812,-0.0006425
2.0120e-02,-0.0421875,-0.000621875
2.0130e-02,-0.05125,-0.000163125
2.0140e-02,-0.03375,0.00019625
2.0150e-02,-0.046875,0.000164063
2.0160e-02,-0.0439063,-4.5625e-05
2.0170e-02,-0.0492188,-0.000151563
2.0180e-02,-0.0529687,-0.000495938
2.0190e-02,-0.0425,9.5625e-05
2.0200e-02,-0.0371875,0.000193438
2.0210e-02,-0.0390625,0.000266875
2.0220e-02,-0.0495312,-0.000810313
2.0230e-02,-0.0392187,-0.000704688
2.0240e-02,-0.0434375,-0.00089375
2.0250e-02,-0.0523437,-8.125e-05
2.0260e-02,-0.0489062,0.00047375
2.0270e-02,-0.0392187,0.00103094
2.0280e-02,-0.0423437,0.000642188
2.0290e-02,-0.043125,-0.000308438
2.0300e-02,-0.0590625,-0.000384688
2.0310e-02,-0.0445313,-0.00087
2.0320e-02,-0.0535937,-0.000325938
2.0330e-02,-0.046875,0.00101313
2.0340e-02,-0.0501562,0.000728438
2.0350e-02,-0.0526563,0.000405938
2.0360e-02,-0.0365625,-0.000389375
2.0370e-02,-0.0351562,-0.000565313
2.0380e-02,-0.0389063,0.000468125
2.0390e-02,-0.054375,0.000809063
2.0400e-02,-0.0403125,0.00134281
2.0410e-02,-0.0498438,0.00126219
2.0420e-02,-0.0432813,0.0011575
2.0430e-02,-0.04,0.00126844
2.0440e-02,-0.0392187,0.00127531
2.0450e-02,-0.0335937,0.00133219
2.0460e-02,-0.0470312,0.00127063
2.0470e-02,-0.0476562,0.00116344
2.0480e-02,0.987812,3.8125e-05
2.0490e-02,-0.256563,-0.00435313
2.0500e-02,-0.895938,-0.00654688
2.0510e-02,-0.756094,-0.00797531
2.0520e-02,-0.317969,-0.00826531
2.0530e-02,0.111719,-0.00789594
2.0540e-02,0.0832813,-0.00766938
2.0550e-02,0.0895312,-0.00757031
2.0560e-02,0.0617188,-0.00760281
2.0570e-02,0.0532813,-0.00763781
2.0580e-02,0.06125,-0.00768844
2.0590e-02,0.046875,-0.00771531
2.0600e-02,0.0542187,-0.00769375
2.0610e-02,0.0315625,-0.00751969
2.0620e-02,0.0345312,-0.0075375
2.0630e-02,0.0401563,-0.00749813
2.0640e-02,0.0234375,-0.00745531
2.0650e-02,0.02,-0.00761906
2.0660e-02,0.03,-0.00736656
2.0670e-02,0.0145312,-0.00769438
2.0680e-02,0.0171875,-0.00741594
2.0690e-02,0.01125,-0.00753719
2.0700e-02,0.0159375,-0.00744094
2.0710e-02,0.0090625,-0.00753906
2.0720e-02,0.0209375,-0.00747906
2.0730e-02,0.015625,-0.006715
2.0740e-02,0.020625,-0.00141188
2.0750e-02,0.0140625,0.000527188
2.0760e-02,0.0120312,-0.00019625
2.0770e-02,-0.0034375,-0.00157688
2.0780e-02,0.00109375,-0.0027025
2.0790e-02,0.00953125,-0.00147531
2.0800e-02,0.00796875,0.0006675
2.0810e-02,0.014375,0.00201156
2.0820e-02,0.00796875,0.00135313
2.0830e-02,-0.0053125,-0.0004575
2.0840e-02,0.0034375,-0.00193531
2.0850e-02,-0.00171875,-0.00133375
2.0860e-02,-0.00375,0.000206875
2.0870e-02,0.00484375,0.00160125
2.0880e-02,-0.00234375,0.00159594
2.0890e-02,-0.00984375,-0.000347813
2.0900e-02,0.00921875,-0.00162125
2.0910e-02,-0.00046875,-0.00159906
2.0920e-02,0.00375,-0.00103094
2.0930e-02,-0.00390625,0.000958125
2.0940e-02,-0.00578125,0.00107781
2.0950e-02,0.00328125,0.00053
2.0960e-02,0.00359375,-0.0005125
2.0970e-02,-0.00578125,-0.00108625
2.0980e-02,0.00390625,-4.09375e-05
2.0990e-02,0.00078125,0.000925625
2.1000e-02,-0.0115625,0.00188938
2.1010e-02,-0.00703125,0.00129969
2.1020e-02,-0.0071875,-0.000221875
2.1030e-02,-0.00625,-0.000764375
2.1040e-02,-0.0135937,-0.00111625
2.1050e-02,-0.0109375,-0.00121813
2.1060e-02,-0.0096875,0.000742813
2.1070e-02,-0.00984375,0.000114688
2.1080e-02,-0.0101563,2.53125e-05
2.1090e-02,-0.0115625,-0.000509688
2.1100e-02,-0.0123438,-0.0012675
2.1110e-02,-0.005625,-0.000855
2.1120e-02,-0.0184375,0.000682188
2.1130e-02,-0.009375,0.000655
2.1140e-02,-0.0015625,0.000825313
2.1150e-02,-0.0135937,0.000290625
2.1160e-02,-0.0129688,-0.0005325
2.1170e-02,-0.0171875,-0.00042125
2.1180e-02,-0.0129688,-0.00015625
2.1190e-02,-0.0214063,0.000336875
2.1200e-02,-0.008125,0.000684688
2.1210e-02,-0.00828125,-0.000512188
2.1220e-02,-0.0153125,0.000132813
2.1230e-02,-0.0132813,-0.000589063
2.1240e-02,-0.0046875,-0.000280313
2.1250e-02,-0.0129688,3.40625e-05
2.1260e-02,-0.023125,0.000220625
2.1270e-02,-0.0128125,-0.000324688
2.1280e-02,-0.0071875,0.000414063
2.1290e-02,-0.0148437,-0.0002175
2.1300e-02,-0.0135937,-0.000255625
2.1310e-02,-0.00484375,4.65625e-05
2.1320e-02,-0.018125,0.000180625
2.1330e-02,-0.02125,-0.000231563
2.1340e-02,-0.00515625,-0.000104375
2.1350e-02,-0.016875,-2.78125e-05
2.1360e-02,-0.0185937,-8.34375e-05
2.1370e-02,-0.0126563,-0.000251562
2.1380e-02,-0.0190625,0.000146875
2.1390e-02,-0.0229687,0.000474375
2.1400e-02,-0.0229687,0.000485313
2.1410e-02,-0.0121875,0.000154375
2.1420e-02,-0.006875,-0.000419688
2.1430e-02,-0.0154687,-0.000386563
2.1440e-02,-0.0110937,0.000495
2.1450e-02,-0.021875,0.00016125
2.1460e-02,-0.0132813,0.00074875
2.1470e-02,-0.0159375,-0.000195938
2.1480e-02,-0.0190625,0.000919375
2.1490e-02,-0.00890625,0.000311875
2.1500e-02,-0.0259375,-0.000598438
2.1510e-02,-0.0157813,-0.000510313
2.1520e-02,-0.0257812,0.000262813
2.1530e-02,-0.00359375,-0.000609063
2.1540e-02,-0.0128125,1.3125e-05
2.1550e-02,-0.015625,1.96875e-05
2.1560e-02,-0.02375,-0.000116875
2.1570e-02,-0.0240625,-0.000383438
2.1580e-02,-0.0203125,0.000102188
2.1590e-02,-0.0207813,0.000376875
2.1600e-02,-0.0253125,0.00073125
2.1610e-02,-0.0246875,0.00052875
2.1620e-02,-0.0235938,7.84375e-05
2.1630e-02,-0.0292188,-0.000339375
2.1640e-02,-0.01625,-0.000430938
2.1650e-02,-0.0214063,-0.000205313
2.1660e-02,-0.0192187,-0.000148125
2.1670e-02,-0.0154687,0.000324375
2.1680e-02,-0.0225,-0.000278125
2.1690e-02,-0.0184375,0.000140625
2.1700e-02,-0.018125,-0.000249063
2.1710e-02,-0.01,-0.000209375
2.1720e-02,-0.0284375,0.00017875
2.1730e-02,-0.0203125,-0.000143125
2.1740e-02,-0.01125,0.000661563
2.1750e-02,-0.0275,0.00079
2.1760e-02,-0.0246875,-0.000436563
2.1770e-02,-0.0253125,9.6875e-06
2.1780e-02,-0.02,0.000168125
2.1790e-02,-0.0242188,-0.0002825
2.1800e-02,-0.0167188,0.00064125
2.1810e-02,-0.018125,0.000672813
2.1820e-02,-0.0151562,0.000186563
2.1830e-02,-0.0260937,-0.000307813
2.1840e-02,-0.0140625,-0.000903125
2.1850e-02,-0.018125,0.00067125
2.1860e-02,-0.0251563,0.00078
2.1870e-02,-0.020625,0.000671563
2.1880e-02,-0.0215625,0.000478125
2.1890e-02,-0.0175,-0.000551875
2.1900e-02,-0.0195312,-0.000530313
2.1910e-02,-0.0259375,-0.00101656
2.1920e-02,-0.02375,0.000286563
2.1930e-02,-0.03375,-0.000125625
2.1940e-02,-0.0145312,0.00035875
2.1950e-02,-0.029375,7.65625e-05
2.1960e-02,-0.0207813,-6.9375e-05
2.1970e-02,-0.0375,0.000197813
2.1980e-02,-0.0267187,0.000511563
2.1990e-02,-0.0323438,0.000450938
2.2000e-02,-0.0176563,6.59375e-05
2.2010e-02,-0.0276563,6.15625e-05
2.2020e-02,-0.014375,-4e-05
2.2030e-02,-0.0271875,-3.9375e-05
2.2040e-02,-0.0210938,0.00118281
2.2050e-02,-0.025,0.000224063
2.2060e-02,-0.0240625,0.000477813
2.2070e-02,-0.0245313,0.000210313
2.2080e-02,-0.0210938,-3.9375e-05
2.2090e-02,-0.0201563,0.000291875
2.2100e-02,-0.0307813,-0.000341875
2.2110e-02,-0.0375,8.15625e-05
2.2120e-02,-0.025625,8.9375e-05
2.2130e-02,-0.0365625,7.375e-05
2.2140e-02,-0.0271875,-0.000270938
2.2150e-02,-0.0201563,0.00023125
2.2160e-02,-0.0178125,0.000224063
2.2170e-02,-0.0279688,4.03125e-05
2.2180e-02,-0.0196875,0.000411875
2.2190e-02,-0.0267187,0.000217188
2.2200e-02,-0.0284375,0.000157188
2.2210e-02,-0.035625,0.000169375
2.2220e-02,-0.035,-0.000116875
2.2230e-02,-0.0295313,-0.000300313
2.2240e-02,-0.0251563,9.4375e-05
2.2250e-02,-0.0284375,-0.000175938
2.2260e-02,-0.0382813,0.000909063
2.2270e-02,-0.035,0.000512813
2.2280e-02,-0.0407813,0.0001
2.2290e-02,-0.04,-0.000444688
2.2300e-02,-0.0264062,3.65625e-05
2.2310e-02,-0.0270312,0.000661563
2.2320e-02,-0.0135937,0.000156875
2.2330e-02,-0.034375,-0.000539375
2.2340e-02,-0.0253125,-0.000520625
2.2350e-02,-0.028125,-0.000119063
2.2360e-02,-0.0259375,-0.000451563
2.2370e-02,-0.0367188,-0.000184688
2.2380e-02,-0.0285938,-0.000103125
2.2390e-02,-0.0292188,5e-06
2.2400e-02,-0.025,6.53125e-05
2.2410e-02,-0.04,0.00015375
2.2420e-02,-0.0228125,-0.000383438
2.2430e-02,-0.0284375,-0.000372813
2.2440e-02,-0.0240625,-6.875e-05
2.2450e-02,-0.0367188,0.000673125
2.2460e-02,-0.0326562,0.000321875
2.2470e-02,-0.0314062,7.65625e-05
2.2480e-02,-0.0334375,0.000187188
2.2490e-02,-0.033125,-0.000164688
2.2500e-02,-0.0275,-9.09375e-05
2.2510e-02,-0.033125,-0.000370938
2.2520e-02,-0.0276563,-7e-05
2.2530e-02,-0.028125,0.000120938
2.2540e-02,-0.0326562,-0.0005925
2.2550e-02,-0.0270312,-0.00012375
2.2560e-02,-0.0310937,0.00060875
2.2570e-02,-0.0375,0.000531875
2.2580e-02,-0.0276563,0.000116563
2.2590e-02,-0.035625,0.000460313
2.2600e-02,-0.0248438,-5.28125e-05
2.2610e-02,-0.01875,0.000292813
2.2620e-02,-0.0178125,-2.40625e-05
2.2630e-02,-0.0303125,0.000898125
2.2640e-02,-0.0225,0.000954063
2.2650e-02,-0.03875,0.00062625
2.2660e-02,-0.033125,9.5625e-05
2.2670e-02,-0.0267187,0.000301563
2.2680e-02,-0.023125,0.00044625
2.2690e-02,-0.0278125,0.000569375
2.2700e-02,-0.0367188,0.00057375
2.2710e-02,-0.020625,0.000631563
2.2720e-02,-0.0232812,-0.000321875
2.2730e-02,-0.0296875,-0.000112813
2.2740e-02,-0.0278125,-0.000467813
2.2750e-02,-0.024375,0.000181563
2.2760e-02,-0.0315625,0.000294688
2.2770e-02,-0.0335937,-6.59375e-05
2.2780e-02,-0.0276563,0.000654688
2.2790e-02,-0.0359375,0.000647813
2.2800e-02,-0.0271875,8e-05
2.2810e-02,-0.03875,-0.000455313
2.2820e-02,-0.0442188,0.000349688
2.2830e-02,-0.0432813,-0.000617188
2.2840e-02,-0.0395313,-0.00012
2.2850e-02,-0.0373438,-0.000296563
2.2860e-02,-0.0378125,3.53125e-05
2.2870e-02,-0.0214063,0.000125625
2.2880e-02,-0.023125,0.0005975
2.2890e-02,-0.0273438,0.000314063
2.2900e-02,-0.0392187,0.000359063
2.2910e-02,-0.033125,-0.000130938
2.2920e-02,-0.0290625,-0.000185
2.2930e-02,-0.0278125,-0.000801875
2.2940e-02,-0.038125,-0.000455313
2.2950e-02,-0.045,-0.000211875
2.2960e-02,-0.03375,-0.00012
2.2970e-02,-0.03625,-6.46875e-05
2.2980e-02,-0.02375,-0.000194375
2.2990e-02,-0.0379688,0.000116875
2.3000e-02,-0.023125,-0.000250938
2.3010e-02,-0.0257812,3.59375e-05
2.3020e-02,-0.0385937,5.625e-05
2.3030e-02,-0.0315625,0.00050375
2.3040e-02,-0.0320312,0.00104719
2.3050e-02,-0.0417187,-6.96875e-05
2.3060e-02,-0.0376563,-0.00055125
2.3070e-02,-0.0271875,-0.000735313
2.3080e-02,-0.0371875,-0.000323125
2.3090e-02,-0.0309375,-3.1875e-05
2.3100e-02,-0.0328125,-5.0625e-05
2.3110e-02,-0.02375,0.000632813
2.3120e-02,-0.0342187,-8.15625e-05
2.3130e-02,-0.026875,5.875e-05
2.3140e-02,-0.0364063,0.000136875
2.3150e-02,-0.0345312,-0.000329688
2.3160e-02,-0.0339062,-1.03125e-05
2.3170e-02,-0.0339062,-1.25e-05
2.3180e-02,-0.0367188,-0.000500312
2.3190e-02,-0.0265625,-0.000498438
2.3200e-02,-0.0376563,0.000430625
2.3210e-02,-0.0326562,-0.000347813
2.3220e-02,-0.0460938,0.000710313
2.3230e-02,-0.0396875,0.000834063
2.3240e-02,-0.03375,-1.125e-05
2.3250e-02,-0.0440625,-0.000453125
2.3260e-02,-0.048125,-0.000905
2.3270e-02,-0.0329688,-0.000221563
2.3280e-02,-0.0282813,4.6875e-06
2.3290e-02,-0.0346875,0.000169375
2.3300e-02,-0.0301563,0.000231563
2.3310e-02,-0.0317188,-0.000142813
2.3320e-02,-0.0534375,0.00029125
2.3330e-02,-0.0357813,9.6875e-06
2.3340e-02,-0.0460938,-0.000565
2.3350e-02,-0.038125,-0.000452188
2.3360e-02,-0.0553125,-1.59375e-05
2.3370e-02,-0.0164063,-0.0003275
2.3380e-02,-0.0357813,-7.53125e-05
2.3390e-02,-0.036875,-0.000214063
2.3400e-02,-0.0360938,0.0005925
2.3410e-02,-0.045,0.000700938
2.3420e-02,-0.0335937,0.000603438
2.3430e-02,-0.02875,0.000203125
2.3440e-02,-0.033125,-0.000340313
2.3450e-02,-0.0289063,-0.000725625
2.3460e-02,-0.0354688,-0.000334375
2.3470e-02,-0.0385937,-0.00022
2.3480e-02,-0.044375,3.59375e-05
2.3490e-02,-0.0303125,0.000474063
2.3500e-02,-0.029375,0.000533438
2.3510e-02,-0.0278125,-0.0005775
2.3520e-02,-0.043125,-0.00108625
2.3530e-02,-0.035625,-0.000459063
2.3540e-02,-0.0479688,0.000164063
2.3550e-02,-0.0351562,0.000849688
2.3560e-02,-0.0354688,0.000180938
2.3570e-02,-0.0353125,0.000732813
2.3580e-02,-0.0351562,0.000166875
2.3590e-02,-0.0228125,-0.000758125
2.3600e-02,-0.0340625,-0.00083125
2.3610e-02,-0.0498438,-7.3125e-05
2.3620e-02,-0.043125,0.000377813
2.3630e-02,-0.035625,0.000499063
2.3640e-02,-0.0389063,-0.000258125
2.3650e-02,-0.0364063,-0.000322188
2.3660e-02,-0.0421875,-0.000672188
2.3670e-02,-0.0459375,-0.00117094
2.3680e-02,-0.0490625,0.000114063
2.3690e-02,-0.039375,6.6875e-05
2.3700e-02,-0.044375,0.000446563
2.3710e-02,-0.0340625,0.000730313
2.3720e-02,-0.0470312,0.000507813
2.3730e-02,-0.0325,-0.000113438
2.3740e-02,-0.0259375,0.000138438
2.3750e-02,-0.04,0.000497812
2.3760e-02,-0.04125,0.000791563
2.3770e-02,-0.0364063,0.000311875
2.3780e-02,-0.0248438,-0.000318438
2.3790e-02,-0.0267187,-0.000437813
2.3800e-02,-0.0445313,3.28125e-05
2.3810e-02,-0.0215625,0.000547813
2.3820e-02,-0.0264062,0.000383438
2.3830e-02,-0.0407813,0.000368438
2.3840e-02,-0.0276563,-0.00060625
2.3850e-02,-0.04375,-0.0009025
2.3860e-02,-0.0398437,-0.00077625
2.3870e-02,-0.0285938,-0.000418438
2.3880e-02,-0.0485938,0.00125125
2.3890e-02,-0.034375,0.000164688
2.3900e-02,-0.0409375,-0.000360938
2.3910e-02,-0.0390625,-0.000840313
2.3920e-02,-0.0410937,-0.0014425
2.3930e-02,-0.0282813,-0.0001325
2.3940e-02,-0.04375,0.000549688
2.3950e-02,-0.0342187,0.00097875
2.3960e-02,-0.0342187,0.00130281
2.3970e-02,-0.0451563,0.000175313
2.3980e-02,-0.0435938,-0.000464063
2.3990e-02,-0.0453125,-0.00119156
2.4000e-02,-0.0367188,-0.000494688
2.4010e-02,-0.0417187,0.00145344
2.4020e-02,-0.0489062,0.00217563
2.4030e-02,-0.0407813,0.00127406
2.4040e-02,-0.04375,-0.000299688
2.4050e-02,-0.0357813,-0.00132563
2.4060e-02,-0.0439063,-0.00189469
2.4070e-02,-0.0329688,0.00045375
2.4080e-02,-0.0390625,0.00224344
2.4090e-02,-0.0445313,0.00141438
2.4100e-02,-0.0357813,0.0003325
2.4110e-02,-0.034375,-0.00132313
2.4120e-02,-0.0459375,-0.00221031
2.4130e-02,-0.0370313,-0.000689688
2.4140e-02,-0.033125,0.00107125
2.4150e-02,-0.0384375,0.00219812
2.4160e-02,-0.034375,0.00160031
2.4170e-02,-0.0315625,-0.00100969
2.4180e-02,-0.03375,-0.00273813
2.4190e-02,-0.0395313,-0.00117063
2.4200e-02,-0.0320312,0.000400625
2.4210e-02,-0.0428125,0.00186688
2.4220e-02,-0.0457813,0.00124406
2.4230e-02,-0.04,-0.000665938
2.4240e-02,-0.0357813,-0.00235875
2.4250e-02,-0.0439063,-0.00214188
2.4260e-02,-0.0345312,-0.000846563
2.4270e-02,-0.043125,0.00213938
2.4280e-02,-0.02375,0.00237344
2.4290e-02,-0.0273438,0.00188938
2.4300e-02,-0.0453125,-0.00260063
2.4310e-02,-0.0403125,-0.004045
2.4320e-02,-0.0321875,-0.00301063
2.4330e-02,-0.0407813,0.00113563
2.4340e-02,-0.0404687,0.00387094
2.4350e-02,-0.0454688,0.00361906
2.4360e-02,-0.0425,-0.000818125
2.4370e-02,-0.0371875,-0.00446
2.4380e-02,-0.0379688,-0.0043875
2.4390e-02,-0.0582813,-0.000314688
2.4400e-02,-0.0479688,0.00318281
2.4410e-02,-0.0346875,0.00483438
2.4420e-02,-0.05,0.00186438
2.4430e-02,-0.043125,-0.00190938
2.4440e-02,-0.0423437,-0.00504063
2.4450e-02,-0.0382813,-0.00434844
2.4460e-02,-0.0442188,0.000370938
2.4470e-02,-0.043125,0.00476375
2.4480e-02,-0.0482812,0.00558344
2.4490e-02,-0.0496875,0.00131094
2.4500e-02,-0.05,-0.00420281
2.4510e-02,-0.03125,-0.00619063
2.4520e-02,-0.0428125,-0.00313531
2.4530e-02,-0.04125,0.00195344
2.4540e-02,-0.0417187,0.00511906
2.4550e-02,-0.04625,0.00430344
2.4560e-02,-0.0440625,-0.000593125
2.4570e-02,-0.03875,-0.00466781
2.4580e-02,-0.0448438,-0.00473313
2.4590e-02,-0.0376563,-0.00120656
2.4600e-02,-0.04125,0.00318688
2.4610e-02,-0.0454688,0.00492813
2.4620e-02,-0.0420312,0.00230188
2.4630e-02,-0.0457813,-0.00256719
2.4640e-02,-0.0442188,-0.00482969
2.4650e-02,-0.0476562,-0.00357313
2.4660e-02,-0.0392187,0.00117031
2.4670e-02,-0.04375,0.00383625
2.4680e-02,-0.040625,0.00339969
2.4690e-02,-0.0339062,0.000319375
2.4700e-02,-0.0457813,-0.00343188
2.4710e-02,-0.0432813,-0.00360313
2.4720e-02,-0.0471875,-0.00111281
2.4730e-02,-0.038125,0.00227875
2.4740e-02,-0.0328125,0.00303
2.4750e-02,-0.0382813,0.00183281
2.4760e-02,-0.0417187,-0.00134969
2.4770e-02,-0.0228125,-0.00259219
2.4780e-02,-0.0415625,-0.00128281
2.4790e-02,-0.0367188,0.000279688
2.4800e-02,-0.0264062,0.00281375
2.4810e-02,-0.0345312,0.00244438
2.4820e-02,-0.0435938,7.75e-05
2.4830e-02,-0.0382813,-0.00193563
2.4840e-02,-0.0423437,-0.00240719
2.4850e-02,-0.0439063,-0.000919063
2.4860e-02,-0.0421875,0.00129969
2.4870e-02,-0.03875,0.00158938
2.4880e-02,-0.045,0.00054875
2.4890e-02,-0.0445313,-0.00151031
2.4900e-02,-0.0376563,-0.00169531
2.4910e-02,-0.0335937,-0.000418438
2.4920e-02,-0.0385937,0.00101281
2.4930e-02,-0.0410937,0.00179438
2.4940e-02,-0.0484375,0.000714063
2.4950e-02,-0.0359375,3.40625e-05
2.4960e-02,-0.024375,-0.00124906
2.4970e-02,-0.0335937,-0.00122188
2.4980e-02,-0.04125,0.000104375
2.4990e-02,-0.0417187,0.000487188
2.5000e-02,-0.0475,0.00133656
2.5010e-02,-0.0353125,7.40625e-05
2.5020e-02,-0.0457813,-0.000849375
2.5030e-02,-0.0495312,-0.00101219
2.5040e-02,-0.038125,-0.000412813
2.5050e-02,-0.0310937,0.00108406
2.5060e-02,-0.0465625,0.00147219
2.5070e-02,-0.0475,0.0003575
2.5080e-02,-0.043125,-0.000547813
2.5090e-02,-0.0454688,-0.00115281
2.5100e-02,-0.045,-0.000735625
2.5110e-02,-0.0382813,0.000447188
2.5120e-02,-0.0421875,0.00100594
2.5130e-02,-0.053125,0.00081125
2.5140e-02,-0.0423437,0.000348125
2.5150e-02,-0.03375,-0.000536875
2.5160e-02,-0.04625,-0.000613438
2.5170e-02,-0.0442188,-0.000704063
2.5180e-02,-0.0471875,0.000624375
2.5190e-02,-0.0448438,0.000642813
2.5200e-02,-0.0396875,0.00074
2.5210e-02,-0.038125,-0.000269688
2.5220e-02,-0.0475,-0.000779375
2.5230e-02,-0.041875,-0.000809688
2.5240e-02,-0.0426562,-0.000636563
2.5250e-02,-0.0398437,0.000116563
2.5260e-02,-0.0529687,0.000335938
2.5270e-02,-0.0596875,-0.000236563
2.5280e-02,-0.0376563,-0.000202813
2.5290e-02,-0.0440625,-0.00119
2.5300e-02,-0.0440625,-0.000519062
2.5310e-02,-0.0429688,-0.000594063
2.5320e-02,-0.0507812,-0.000143438
2.5330e-02,-0.04625,0.000618438
2.5340e-02,-0.0407813,0.0006275
2.5350e-02,-0.0414063,9.125e-05
2.5360e-02,-0.0451563,-0.00043625
2.5370e-02,-0.040625,-0.000219375
2.5380e-02,-0.05125,6.8125e-05
2.5390e-02,-0.0395313,0.000295
2.5400e-02,-0.0570313,0.000230625
2.5410e-02,-0.0401563,0.000127188
2.5420e-02,-0.0464062,0.00014
2.5430e-02,-0.0395313,-4e-05
2.5440e-02,-0.0471875,-0.000188125
2.5450e-02,-0.0373438,-6.40625e-05
2.5460e-02,-0.044375,-1.8125e-05
2.5470e-02,-0.0404687,3.5625e-05
2.5480e-02,-0.0345312,0.000117188
2.5490e-02,-0.043125,-0.000568438
2.5500e-02,-0.044375,-0.000707813
2.5510e-02,-0.0490625,-0.000120938
2.5520e-02,-0.051875,-0.00014125
2.5530e-02,-0.0548437,-0.00038625
2.5540e-02,-0.0417187,0.000196875
2.5550e-02,-0.0464062,-0.000402188
2.5560e-02,-0.0328125,-0.00051875
2.5570e-02,-0.0340625,-0.00055875
2.5580e-02,-0.0275,1.15625e-05
2.5590e-02,-0.0395313,0.000185
2.5600e-02,-0.0479688,0.000175313
2.5610e-02,-0.0448438,-4.0625e-06
2.5620e-02,-0.0442188,-0.00131781
2.5630e-02,-0.0410937,-0.000238438
2.5640e-02,-0.0571875,-0.000653125
2.5650e-02,-0.0475,-0.000184375
2.5660e-02,-0.0365625,-7.53125e-05
2.5670e-02,-0.043125,-0.000285938
2.5680e-02,-0.0375,-0.000121563
2.5690e-02,-0.0390625,-0.00044375
2.5700e-02,-0.0321875,4.625e-05
2.5710e-02,-0.0532813,-0.000135313
2.5720e-02,-0.0445313,-0.000210625
2.5730e-02,-0.0442188,0.000586563
2.5740e-02,-0.0489062,0.000431875
2.5750e-02,-0.0501562,-0.000132813
2.5760e-02,-0.0504687,1.25e-06
2.5770e-02,-0.0342187,0.000451563
2.5780e-02,-0.048125,0.000270625
2.5790e-02,-0.0425,-0.000311563
2.5800e-02,-0.0448438,0.000240938
2.5810e-02,-0.0471875,-0.000438125
2.5820e-02,-0.048125,-0.00023875
2.5830e-02,-0.044375,-0.000458125
2.5840e-02,-0.03625,-0.000626875
2.5850e-02,-0.04375,-0.000151563
2.5860e-02,-0.0401563,0.000644063
2.5870e-02,-0.0382813,-0.000383125
2.5880e-02,-0.0471875,-0.000586563
2.5890e-02,-0.0421875,-0.000554688
2.5900e-02,-0.0485938,8.4375e-06
2.5910e-02,-0.0339062,0.000403438
2.5920e-02,-0.0546875,0.000351563
2.5930e-02,-0.0421875,0.00030375
2.5940e-02,-0.0495312,-3.875e-05
2.5950e-02,-0.0401563,-0.00030375
2.5960e-02,-0.03875,-0.00111781
2.5970e-02,-0.0351562,-0.000127813
2.5980e-02,-0.0495312,-8.4375e-06
2.5990e-02,-0.0370313,-0.000429063
2.6000e-02,-0.0520313,-0.00025
2.6010e-02,-0.0482812,-0.00053875
2.6020e-02,-0.045,-0.000739688
2.6030e-02,-0.0478125,-0.000695625
2.6040e-02,-0.0471875,-0.000673438
2.6050e-02,-0.0446875,-0.000638438
2.6060e-02,-0.0554687,-7.1875e-06
2.6070e-02,-0.046875,-0.00023875
2.6080e-02,-0.0460938,-9.125e-05
2.6090e-02,-0.041875,-1.96875e-05
2.6100e-02,-0.0360938,0.000920313
2.6110e-02,-0.051875,0.000718438
2.6120e-02,-0.0439063,0.000553438
2.6130e-02,-0.0548437,0.000503125
2.6140e-02,-0.0346875,0.000512813
2.6150e-02,-0.0523437,-7.28125e-05
2.6160e-02,-0.0457813,0.000300625
2.6170e-02,-0.0459375,0.0004175
2.6180e-02,-0.0539063,-0.000419688
2.6190e-02,-0.045,4.46875e-05
2.6200e-02,-0.0470312,0.000175
2.6210e-02,-0.035625,0.0006275
2.6220e-02,-0.0476562,0.000239688
2.6230e-02,-0.0435938,-0.00028375
2.6240e-02,-0.0403125,0.000229063
2.6250e-02,-0.0470312,0.00067625
2.6260e-02,-0.039375,0.000365625
2.6270e-02,-0.0435938,-0.0004725
2.6280e-02,-0.044375,9.09375e-05
2.6290e-02,-0.0415625,-0.000725938
2.6300e-02,-0.04625,0.00031625
2.6310e-02,-0.0417187,0.000819063
2.6320e-02,-0.0475,0.00081625
2.6330e-02,-0.0357813,0.000639375
2.6340e-02,-0.0498438,0.000398438
2.6350e-02,-0.0489062,1.8125e-05
2.6360e-02,-0.0428125,-0.000342188
2.6370e-02,-0.0496875,-0.000545938
2.6380e-02,-0.0476562,-0.000153125
2.6390e-02,-0.048125,-0.000950625
2.6400e-02,-0.0464062,-0.00075625
2.6410e-02,-0.0434375,-0.00105813
2.6420e-02,-0.0464062,-0.000192813
2.6430e-02,-0.0529687,0.000323438
2.6440e-02,-0.0484375,0.000216875
2.6450e-02,-0.033125,0.000386875
2.6460e-02,-0.0401563,0.000250625
2.6470e-02,-0.048125,-0.00019375
2.6480e-02,-0.0323438,-0.000218438
2.6490e-02,-0.04875,0.00015
2.6500e-02,-0.0384375,0.00109188
2.6510e-02,-0.0535937,0.000990625
2.6520e-02,-0.0451563,0.00066875
2.6530e-02,-0.0564063,-9.8125e-05
2.6540e-02,-0.0504687,-0.000410625
2.6550e-02,-0.0335937,-0.00087875
2.6560e-02,-0.0407813,0.00032875
2.6570e-02,-0.0304688,0.00032875
2.6580e-02,-0.0489062,0.000398438
2.6590e-02,-0.0470312,-0.000262813
2.6600e-02,-0.0490625,8.34375e-05
2.6610e-02,-0.0395313,0.000165
2.6620e-02,-0.036875,0.000419063
2.6630e-02,-0.0428125,-0.0002675
2.6640e-02,-0.0471875,3.34375e-05
2.6650e-02,-0.0375,0.000659375
2.6660e-02,-0.05125,-0.000455938
2.6670e-02,-0.0503125,-0.000479688
2.6680e-02,-0.0560937,-0.000132188
2.6690e-02,-0.0501562,-0.000171875
2.6700e-02,-0.0510938,-0.000103125
2.6710e-02,-0.046875,-0.000431563
2.6720e-02,-0.0565625,-6.65625e-05
2.6730e-02,-0.0420312,-1e-05
2.6740e-02,-0.04875,-0.000375938
2.6750e-02,-0.0554687,-0.000479688
2.6760e-02,-0.0360938,-0.000165625
2.6770e-02,-0.0415625,-0.000548438
2.6780e-02,-0.0482812,-0.000507188
2.6790e-02,-0.039375,-0.00028
2.6800e-02,-0.0482812,0.000199688
2.6810e-02,-0.040625,-0.000241563
2.6820e-02,-0.0365625,0.000296563
2.6830e-02,-0.0401563,0.00042
2.6840e-02,-0.0479688,0.000145938
2.6850e-02,-0.0429688,0.000521562
2.6860e-02,-0.0439063,0.000125
2.6870e-02,-0.0439063,0.000350313
2.6880e-02,-0.0435938,0.000339063
2.6890e-02,-0.0434375,-0.000110313
2.6900e-02,-0.054375,-0.00010875
2.6910e-02,-0.054375,-0.000330313
2.6920e-02,-0.039375,0.000415938
2.6930e-02,-0.065,0.000782188
2.6940e-02,-0.0467188,0.00013375
2.6950e-02,-0.0415625,0.0002525
2.6960e-02,-0.0517188,-0.000175625
2.6970e-02,-0.0515625,0.000501563
2.6980e-02,-0.0571875,-0.000152188
2.6990e-02,-0.0457813,-0.000441563
2.7000e-02,-0.0507812,-5.25e-05
2.7010e-02,-0.0407813,7.1875e-06
2.7020e-02,-0.0407813,0.000739063
2.7030e-02,-0.0471875,0.000307188
2.7040e-02,-0.049375,-0.000411875
2.7050e-02,-0.0473438,-0.000170313
2.7060e-02,-0.0520313,0.000149687
2.7070e-02,-0.0434375,-3.53125e-05
2.7080e-02,-0.0421875,5.9375e-06
2.7090e-02,-0.0421875,-0.0005425
2.7100e-02,-0.0478125,-0.000475625
2.7110e-02,-0.0410937,-0.000444688
2.7120e-02,-0.0392187,0.000114063
2.7130e-02,-0.05375,0.000235
2.7140e-02,-0.04625,-0.000238125
2.7150e-02,-0.0440625,0.000456563
2.7160e-02,-0.0514063,3.75e-05
2.7170e-02,-0.046875,0.00019875
2.7180e-02,-0.0434375,-0.0004675
2.7190e-02,-0.0407813,-0.000327813
2.7200e-02,-0.0453125,-8.96875e-05
2.7210e-02,-0.050625,9.5e-05
2.7220e-02,-0.0510938,0.000368125
2.7230e-02,-0.0423437,0.00028
2.7240e-02,-0.0435938,-0.000956563
2.7250e-02,-0.045625,-0.00038875
2.7260e-02,-0.0578125,8.96875e-05
2.7270e-02,-0.050625,-0.000452188
2.7280e-02,-0.0423437,-0.00022625
2.7290e-02,-0.0390625,-0.000312813
2.7300e-02,-0.0489062,-0.00118656
2.7310e-02,-0.043125,-0.000385313
2.7320e-02,-0.0389063,-0.000135938
2.7330e-02,-0.0517188,0.000154688
2.7340e-02,-0.0553125,0.000208438
2.7350e-02,-0.0498438,-8.46875e-05
2.7360e-02,-0.0478125,-1.5e-05
2.7370e-02,-0.0289063,7.1875e-06
2.7380e-02,-0.036875,0.0002075
2.7390e-02,-0.049375,-3.59375e-05
2.7400e-02,-0.0442188,0.000741563
2.7410e-02,-0.0365625,0.000844063
2.7420e-02,-0.0489062,4.375e-05
2.7430e-02,-0.044375,0.000136563
2.7440e-02,-0.045625,0.000124688
2.7450e-02,-0.0484375,2.53125e-05
2.7460e-02,-0.0415625,8.5625e-05
2.7470e-02,-0.0439063,0.000393125
2.7480e-02,-0.0467188,0.000375313
2.7490e-02,-0.0457813,-0.000248438
2.7500e-02,-0.0507812,7.5e-06
2.7510e-02,-0.0457813,0.00102156
2.7520e-02,-0.045625,-0.000135313
2.7530e-02,-0.0420312,-0.000367813
2.7540e-02,-0.0514063,4.875e-05
2.7550e-02,-0.0371875,-0.000774688
2.7560e-02,-0.0535937,3.84375e-05
2.7570e-02,-0.0451563,0.00074875
2.7580e-02,-0.0440625,0.000486875
2.7590e-02,-0.0434375,0.00011875
2.7600e-02,-0.0459375,-0.000133125
2.7610e-02,-0.04625,-0.000206875
2.7620e-02,-0.0328125,3.78125e-05
2.7630e-02,-0.0476562,-9.21875e-05
2.7640e-02,-0.0525,-0.000262187
2.7650e-02,-0.0357813,0.00038625
2.7660e-02,-0.0364063,-2.34375e-05
2.7670e-02,-0.045625,0.000615313
2.7680e-02,-0.0378125,0.000610938
2.7690e-02,-0.048125,0.000619375
2.7700e-02,-0.043125,0.00024875
2.7710e-02,-0.046875,-0.000304063
2.7720e-02,-0.0404687,0.000456875
2.7730e-02,-0.0532813,-0.0002225
2.7740e-02,-0.039375,0.000228125
2.7750e-02,-0.0309375,-8.25e-05
2.7760e-02,-0.043125,-0.0007075
2.7770e-02,-0.0492188,-0.000280313
2.7780e-02,-0.05125,-0.00025125
2.7790e-02,-0.04375,-0.000294688
2.7800e-02,-0.0567187,0.000356875
2.7810e-02,-0.0421875,0.000580313
2.7820e-02,-0.0353125,0.000421563
2.7830e-02,-0.0428125,-0.000138438
2.7840e-02,-0.0545313,-0.000481563
2.7850e-02,-0.0423437,5.40625e-05
2.7860e-02,-0.0509375,-0.000183125
2.7870e-02,-0.0317188,0.0001775
2.7880e-02,-0.0540625,4.875e-05
2.7890e-02,-0.0334375,-0.000339063
2.7900e-02,-0.054375,-0.000475
2.7910e-02,-0.0467188,-0.000308125
2.7920e-02,-0.044375,0.0001775
2.7930e-02,-0.049375,0.000217813
2.7940e-02,-0.0401563,0.000546563
2.7950e-02,-0.0548437,0.000919375
2.7960e-02,-0.0528125,0.000504063
2.7970e-02,-0.0460938,-0.000219375
2.7980e-02,-0.0453125,-0.000548125
2.7990e-02,-0.0515625,-6.15625e-05
2.8000e-02,-0.0507812,0.000496563
2.8010e-02,-0.0410937,0.00055375
2.8020e-02,-0.0392187,-0.000170313
2.8030e-02,-0.0392187,-0.000615625
2.8040e-02,-0.0454688,-0.00140313
2.8050e-02,-0.0470312,-0.000705625
2.8060e-02,-0.0532813,0.000592188
2.8070e-02,-0.0448438,0.00131406
2.8080e-02,-0.0534375,0.000562188
2.8090e-02,-0.0376563,0.000430625
2.8100e-02,-0.0490625,-0.00049625
2.8110e-02,-0.0551563,-0.000702813
2.8120e-02,-0.0378125,-0.00015
2.8130e-02,-0.05125,0.000546875
2.8140e-02,-0.0565625,0.000570938
2.8150e-02,-0.0557813,3.53125e-05
2.8160e-02,-0.0540625,-0.000617813
2.8170e-02,-0.05375,-0.00148281
2.8180e-02,-0.0465625,-0.00116938
2.8190e-02,-0.0403125,-0.0007775
2.8200e-02,-0.0496875,0.00038625
2.8210e-02,-0.0421875,0.000870625
2.8220e-02,-0.0464062,-4.84375e-05
2.8230e-02,-0.0454688,-0.000658125
2.8240e-02,-0.0542187,-0.00168594
2.8250e-02,-0.0465625,-0.000861875
2.8260e-02,-0.0432813,0.000615313
2.8270e-02,-0.0482812,0.00160688
2.8280e-02,-0.04875,0.000665625
2.8290e-02,-0.04625,-0.000203438
2.8300e-02,-0.0428125,-0.000749063
2.8310e-02,-0.050625,-0.00068375
2.8320e-02,-0.0454688,-0.000266563
2.8330e-02,-0.0542187,0.0011575
2.8340e-02,-0.0482812,0.00118063
2.8350e-02,-0.0315625,-0.000322188
2.8360e-02,-0.0460938,-0.000997188
2.8370e-02,-0.0476562,-0.000883438
2.8380e-02,-0.035,-0.00040875
2.8390e-02,-0.0442188,0.00106688
2.8400e-02,-0.0532813,0.00159688
2.8410e-02,-0.0529687,0.00182063
2.8420e-02,-0.0584375,0.00190594
2.8430e-02,-0.0501562,0.00181031
2.8440e-02,-0.0507812,0.00182438
2.8450e-02,-0.0495312,0.00180125
2.8460e-02,-0.046875,0.00162406
2.8470e-02,-0.041875,0.00199906
2.8480e-02,0.77,0.00102875
2.8490e-02,2.10344,-0.00328031
2.8500e-02,1.45687,-0.00633719
2.8510e-02,0.265625,-0.00778781
2.8520e-02,-0.0664062,-0.00832344
2.8530e-02,0.0942188,-0.00775844
2.8540e-02,0.100937,-0.00744656
2.8550e-02,0.0795312,-0.00765938
2.8560e-02,0.053125,-0.00767
2.8570e-02,0.06125,-0.00749188
2.8580e-02,0.0589062,-0.00770594
2.8590e-02,0.0604688,-0.00760594
2.8600e-02,0.0304687,-0.00759313
2.8610e-02,0.026875,-0.00745469
2.8620e-02,0.0310937,-0.00761344
2.8630e-02,0.0465625,-0.00748844
2.8640e-02,0.0275,-0.00741281
2.8650e-02,0.0285937,-0.0074625
2.8660e-02,0.0254688,-0.00740063
2.8670e-02,0.0260938,-0.00753656
2.8680e-02,0.036875,-0.00747938
2.8690e-02,0.0175,-0.00753625
2.8700e-02,0.0151562,-0.00744969
2.8710e-02,0.015625,-0.00732563
2.8720e-02,0.0107812,-0.00735688
2.8730e-02,0.006875,-0.00712938
2.8740e-02,0.0215625,-0.00282156
2.8750e-02,0.014375,0.000149063
2.8760e-02,0.0028125,-0.000593125
2.8770e-02,0.0159375,-0.00135875
2.8780e-02,0.0135937,-0.0024575
2.8790e-02,0.005,-0.000965
2.8800e-02,0.00953125,0.00124219
2.8810e-02,0.0209375,0.00123906
2.8820e-02,0.0003125,0.000949688
2.8830e-02,0.0160938,-0.000694688
2.8840e-02,-0.00515625,-0.00211094
2.8850e-02,0.0021875,-0.00146938
2.8860e-02,0.008125,8.84375e-05
2.8870e-02,0.00265625,0.0009025
2.8880e-02,0.0021875,0.00145
2.8890e-02,-0.001875,0.000395313
2.8900e-02,-0.00390625,-0.000115313
2.8910e-02,0,-0.000707813
2.8920e-02,-0.00609375,-0.00103344
2.8930e-02,-0.005,0.000285625
2.8940e-02,0.0090625,0.00144469
2.8950e-02,0.00640625,0.000125938
2.8960e-02,-0.01,-0.000950625
2.8970e-02,0,-0.000913438
2.8980e-02,0.0025,-0.000605313
2.8990e-02,-0.00296875,0.00112438
2.9000e-02,0.00375,0.0009875
2.9010e-02,-0.0140625,0.000218438
2.9020e-02,-0.0101563,0.000190625
2.9030e-02,-0.008125,-0.000535938
2.9040e-02,-0.0140625,-0.000190938
2.9050e-02,-0.0109375,-0.000776563
2.9060e-02,-0.005,-0.0003825
2.9070e-02,0.0015625,0.000470313
2.9080e-02,0.00328125,4.5e-05
2.9090e-02,0.0015625,-0.000195313
2.9100e-02,-0.0104688,-0.00043875
2.9110e-02,-0.0179687,0.00010625
2.9120e-02,-0.00171875,0.000511563
2.9130e-02,-0.0135937,0.000302188
2.9140e-02,-0.0235938,0.000721875
2.9150e-02,-0.0059375,0.000326875
2.9160e-02,-0.00703125,-0.000465
2.9170e-02,-0.00953125,-0.0008325
2.9180e-02,-0.004375,0.000209375
2.9190e-02,-0.0109375,0.0007425
2.9200e-02,-0.00265625,0.000465938
2.9210e-02,-0.0059375,7.71875e-05
2.9220e-02,-0.00671875,-9.3125e-05
2.9230e-02,-0.00421875,-0.00035125
2.9240e-02,-0.014375,-0.000168438
2.9250e-02,-0.0134375,-0.0005675
2.9260e-02,-0.0114062,-5.5625e-05
2.9270e-02,-0.0184375,-0.000242813
2.9280e-02,-0.0201563,0.000276875
2.9290e-02,-0.0189062,-0.000133125
2.9300e-02,-0.0096875,7.21875e-05
2.9310e-02,-0.023125,-0.000834063
2.9320e-02,-0.0195312,0.000284063
2.9330e-02,-0.0246875,-0.000372813
2.9340e-02,-0.0151562,-6.15625e-05
2.9350e-02,-0.00515625,0.000115938
2.9360e-02,-0.0171875,6.25e-07
2.9370e-02,-0.005,-0.000520313
2.9380e-02,-0.003125,0.000648438
2.9390e-02,-0.0184375,8.40625e-05
2.9400e-02,-0.0065625,-0.000295313
2.9410e-02,-0.0165625,0.000514375
2.9420e-02,-0.0139063,-0.0003425
2.9430e-02,-0.01875,-0.0002325
2.9440e-02,-0.0128125,-0.000141875
2.9450e-02,-0.0142188,-0.00019375
2.9460e-02,-0.0135937,-0.00034
2.9470e-02,-0.0154687,9.71875e-05
2.9480e-02,-0.021875,0.00119125
2.9490e-02,-0.0135937,0.000307188
2.9500e-02,-0.0148437,-0.000175313
2.9510e-02,-0.0178125,-7.09375e-05
2.9520e-02,-0.0103125,-4.03125e-05
2.9530e-02,-0.0220313,0.000209688
2.9540e-02,-0.0125,0.000535625
2.9550e-02,-0.018125,7.5625e-05
2.9560e-02,-0.0110937,-4.34375e-05
2.9570e-02,-0.0246875,-0.000645
2.9580e-02,-0.0142188,-0.000342188
2.9590e-02,-0.00921875,0.000551563
2.9600e-02,-0.0110937,0.000497812
2.9610e-02,-0.02625,3.1875e-05
2.9620e-02,-0.0189062,-0.000242813
2.9630e-02,-0.0235938,-0.000330938
2.9640e-02,-0.01375,-0.000415
2.9650e-02,-0.025625,-2.25e-05
2.9660e-02,-0.0198438,-0.000601563
2.9670e-02,-0.0182812,-0.000226875
2.9680e-02,-0.0217188,-0.00129781
2.9690e-02,-0.0215625,-0.000817188
2.9700e-02,-0.0301563,-0.000375938
2.9710e-02,-0.025625,-0.00105313
2.9720e-02,-0.0207813,-3.03125e-05
2.9730e-02,-0.0179687,0.000383125
2.9740e-02,-0.0290625,-0.000186875
2.9750e-02,-0.0326562,-5.625e-06
2.9760e-02,-0.0242188,-0.000564688
2.9770e-02,-0.0214063,-0.000593125
2.9780e-02,-0.0273438,0.000191563
2.9790e-02,-0.01875,-5.71875e-05
2.9800e-02,-0.0228125,7.875e-05
2.9810e-02,-0.024375,0.000382188
2.9820e-02,-0.02875,0.0001225
2.9830e-02,-0.0365625,-0.00043
2.9840e-02,-0.02625,0.000165938
2.9850e-02,-0.00875,-0.000714063
2.9860e-02,-0.00890625,-2.5e-05
2.9870e-02,-0.030625,0.000848438
2.9880e-02,-0.0196875,0.000210625
2.9890e-02,-0.02,0.00043875
2.9900e-02,-0.0245313,0.000485313
2.9910e-02,-0.018125,0.000680313
2.9920e-02,-0.0178125,0.00017125
2.9930e-02,-0.035,4.0625e-06
2.9940e-02,-0.0140625,-0.000215625
2.9950e-02,-0.0317188,-0.00114063
2.9960e-02,-0.018125,-0.000490313
2.9970e-02,-0.0370313,-0.000278125
2.9980e-02,-0.0184375,-0.000231563
2.9990e-02,-0.02,-0.00052375
3.0000e-02,-0.01375,-0.000805938
3.0010e-02,-0.03,-0.00039125
3.0020e-02,-0.0296875,-0.000750625
3.0030e-02,-0.0276563,-0.000429063
3.0040e-02,-0.0326562,-0.0002375
3.0050e-02,-0.0257812,6.40625e-05
3.0060e-02,-0.0351562,-0.00026625
3.0070e-02,-0.0228125,0.000168125
3.0080e-02,-0.028125,0.0001325
3.0090e-02,-0.0271875,-0.000795625
3.0100e-02,-0.035,0.000277188
3.0110e-02,-0.020625,-5.21875e-05
3.0120e-02,-0.015625,0.00033
3.0130e-02,-0.0307813,7.53125e-05
3.0140e-02,-0.0196875,3.4375e-06
3.0150e-02,-0.0289063,-0.00058375
3.0160e-02,-0.0298438,-0.000543438
3.0170e-02,-0.0275,-0.000367813
3.0180e-02,-0.0204688,4.59375e-05
3.0190e-02,-0.0335937,-0.000211875
3.0200e-02,-0.031875,-0.000758125
3.0210e-02,-0.0185937,-0.00037
3.0220e-02,-0.0240625,-0.000290938
3.0230e-02,-0.0342187,-0.00021125
3.0240e-02,-0.0235938,-0.000649375
3.0250e-02,-0.0310937,0.000221563
3.0260e-02,-0.0334375,0.00021
3.0270e-02,-0.0209375,0.0004325
3.0280e-02,-0.023125,0.000518438
3.0290e-02,-0.0289063,0.000520938
3.0300e-02,-0.0185937,0.000163438
3.0310e-02,-0.0229687,0.000205625
3.0320e-02,-0.0265625,-0.000339375
3.0330e-02,-0.0259375,-0.000679688
3.0340e-02,-0.014375,0.00024
3.0350e-02,-0.015,-0.0004425
3.0360e-02,-0.0220313,0.000105625
3.0370e-02,-0.0282813,3.78125e-05
3.0380e-02,-0.0253125,-0.000230313
3.0390e-02,-0.0296875,-7.5e-05
3.0400e-02,-0.0334375,9.75e-05
3.0410e-02,-0.028125,-0.00051625
3.0420e-02,-0.0298438,9.375e-07
3.0430e-02,-0.0164063,-0.000200625
3.0440e-02,-0.025625,0.000171563
3.0450e-02,-0.035625,-0.000169375
3.0460e-02,-0.0260937,3.96875e-05
3.0470e-02,-0.0345312,-9.71875e-05
3.0480e-02,-0.02875,9.90625e-05
3.0490e-02,-0.0398437,-9.3125e-05
3.0500e-02,-0.0382813,-0.000101875
3.0510e-02,-0.0340625,0.000499063
3.0520e-02,-0.0395313,0.00059
3.0530e-02,-0.0235938,9.78125e-05
3.0540e-02,-0.0235938,0.000240938
3.0550e-02,-0.0284375,0.000673438
3.0560e-02,-0.0304688,0.000354375
3.0570e-02,-0.0326562,-0.000165
3.0580e-02,-0.0270312,0.000866875
3.0590e-02,-0.034375,2.625e-05
3.0600e-02,-0.0292188,-0.000234375
3.0610e-02,-0.0292188,-0.00037625
3.0620e-02,-0.029375,-7.46875e-05
3.0630e-02,-0.04125,0.0003975
3.0640e-02,-0.035625,0.000596875
3.0650e-02,-0.0259375,0.0004375
3.0660e-02,-0.0407813,0.000732813
3.0670e-02,-0.0335937,0.000411875
3.0680e-02,-0.040625,0.000272812
3.0690e-02,-0.024375,0.000285938
3.0700e-02,-0.03625,-0.000683125
3.0710e-02,-0.0389063,5.9375e-05
3.0720e-02,-0.0371875,7e-05
3.0730e-02,-0.0354688,-9e-05
3.0740e-02,-0.0375,0.000240938
3.0750e-02,-0.0301563,0.0003375
3.0760e-02,-0.028125,0.0003
3.0770e-02,-0.0264062,0.000435625
3.0780e-02,-0.0351562,-0.000307188
3.0790e-02,-0.0185937,-0.000621563
3.0800e-02,-0.0304688,-0.000276563
3.0810e-02,-0.0407813,-0.00019375
3.0820e-02,-0.0464062,-0.000541563
3.0830e-02,-0.0304688,0.000403125
3.0840e-02,-0.0267187,7.8125e-05
3.0850e-02,-0.0332812,7.78125e-05
3.0860e-02,-0.0304688,-0.000155313
3.0870e-02,-0.03125,8.46875e-05
3.0880e-02,-0.0376563,-0.00026
3.0890e-02,-0.0351562,0.000193438
3.0900e-02,-0.0235938,0.00115031
3.0910e-02,-0.0339062,0.000689375
3.0920e-02,-0.029375,0.00077
3.0930e-02,-0.0376563,-4.96875e-05
3.0940e-02,-0.0329688,-6.21875e-05
3.0950e-02,-0.036875,-0.000484688
3.0960e-02,-0.0520313,3.21875e-05
3.0970e-02,-0.0390625,-0.000147188
3.0980e-02,-0.0270312,0.000334688
3.0990e-02,-0.0270312,-0.000733125
3.1000e-02,-0.02875,-0.000553438
3.1010e-02,-0.036875,-0.000315938
3.1020e-02,-0.0364063,-0.000179063
3.1030e-02,-0.0367188,0.00043625
3.1040e-02,-0.026875,2.28125e-05
3.1050e-02,-0.0404687,0.000163438
3.1060e-02,-0.0376563,0.000400938
3.1070e-02,-0.035625,7.625e-05
3.1080e-02,-0.0184375,-0.000891875
3.1090e-02,-0.021875,6.1875e-05
3.1100e-02,-0.0296875,0.0001675
3.1110e-02,-0.0371875,0.000245625
3.1120e-02,-0.0315625,-8.75e-06
3.1130e-02,-0.0421875,-0.000848438
3.1140e-02,-0.0295313,-0.000655625
3.1150e-02,-0.0445313,3.90625e-05
3.1160e-02,-0.03375,0.000584063
3.1170e-02,-0.035,0.0010975
3.1180e-02,-0.035,0.00057875
3.1190e-02,-0.0278125,0.000443125
3.1200e-02,-0.0434375,-0.000701563
3.1210e-02,-0.025,-0.000477188
3.1220e-02,-0.0304688,-0.000105313
3.1230e-02,-0.0385937,0.000134063
3.1240e-02,-0.0334375,0.000433125
3.1250e-02,-0.031875,-0.000689688
3.1260e-02,-0.0401563,-0.000674063
3.1270e-02,-0.0353125,-0.000425
3.1280e-02,-0.029375,0.000112813
3.1290e-02,-0.0289063,-1.84375e-05
3.1300e-02,-0.0445313,0.000509688
3.1310e-02,-0.0296875,0.000333438
3.1320e-02,-0.0370313,-0.000309375
3.1330e-02,-0.0335937,0.000301875
3.1340e-02,-0.03375,0.000226563
3.1350e-02,-0.035,0.000257188
3.1360e-02,-0.035,0.000769375
3.1370e-02,-0.039375,0.00064125
3.1380e-02,-0.0301563,0.000123438
3.1390e-02,-0.0360938,-0.000473125
3.1400e-02,-0.0434375,-0.000139688
3.1410e-02,-0.0425,9.25e-05
3.1420e-02,-0.0315625,7.1875e-05
3.1430e-02,-0.0401563,-4.28125e-05
3.1440e-02,-0.0365625,-0.000189688
3.1450e-02,-0.0495312,-0.00116625
3.1460e-02,-0.03125,-0.000544688
3.1470e-02,-0.0392187,-0.000532813
3.1480e-02,-0.0340625,0.000579375
3.1490e-02,-0.0396875,0.00104156
3.1500e-02,-0.0340625,0.00066375
3.1510e-02,-0.0465625,0.000790938
3.1520e-02,-0.045,-0.000107188
3.1530e-02,-0.04,-0.000116563
3.1540e-02,-0.0289063,-0.000194063
3.1550e-02,-0.0392187,8.09375e-05
3.1560e-02,-0.0320312,0.00050375
3.1570e-02,-0.0407813,0.000570625
3.1580e-02,-0.031875,0.000110313
3.1590e-02,-0.0248438,-0.000820938
3.1600e-02,-0.040625,-0.000460938
3.1610e-02,-0.0395313,0.000622813
3.1620e-02,-0.026875,0.000450938
3.1630e-02,-0.0382813,0.00040625
3.1640e-02,-0.03875,3.53125e-05
3.1650e-02,-0.028125,-0.00013375
3.1660e-02,-0.0521875,-0.000799375
3.1670e-02,-0.04125,-0.000149375
3.1680e-02,-0.0292188,-0.000155
3.1690e-02,-0.034375,5.75e-05
3.1700e-02,-0.03875,0.00108688
3.1710e-02,-0.03375,-0.000507188
3.1720e-02,-0.0360938,-0.0006575
3.1730e-02,-0.04125,-0.000733125
3.1740e-02,-0.0465625,-0.000209688
3.1750e-02,-0.0320312,0.00102625
3.1760e-02,-0.04,0.000707188
3.1770e-02,-0.0276563,0.000348438
3.1780e-02,-0.0401563,7.8125e-06
3.1790e-02,-0.0459375,-0.000894688
3.1800e-02,-0.0473438,-0.000553438
3.1810e-02,-0.0329688,0.000367188
3.1820e-02,-0.046875,0.000906563
3.1830e-02,-0.0425,0.000728438
3.1840e-02,-0.0348437,0.00071125
3.1850e-02,-0.03,-0.000422813
3.1860e-02,-0.0375,-0.000344375
3.1870e-02,-0.0432813,0.000141875
3.1880e-02,-0.0379688,0.000177813
3.1890e-02,-0.0339062,0.001125
3.1900e-02,-0.04,0.000335313
3.1910e-02,-0.0440625,-3.125e-06
3.1920e-02,-0.0365625,-0.00097125
3.1930e-02,-0.043125,-0.00090625
3.1940e-02,-0.0323438,6.9375e-05
3.1950e-02,-0.0367188,0.00158875
3.1960e-02,-0.0475,0.0022
3.1970e-02,-0.0248438,0.00107125
3.1980e-02,-0.0501562,-0.000764375
3.1990e-02,-0.0365625,-0.00123531
3.2000e-02,-0.0309375,-0.00140469
3.2010e-02,-0.0375,-8.4375e-06
3.2020e-02,-0.031875,0.00121219
3.2030e-02,-0.0367188,0.000790938
3.2040e-02,-0.0465625,-0.00044375
3.2050e-02,-0.0317188,-0.00172219
3.2060e-02,-0.0459375,-0.0020975
3.2070e-02,-0.0598438,-0.000890625
3.2080e-02,-0.0354688,0.00137406
3.2090e-02,-0.0404687,0.00152063
3.2100e-02,-0.0453125,-0.000410938
3.2110e-02,-0.0295313,-0.00148219
3.2120e-02,-0.034375,-0.001625
3.2130e-02,-0.036875,-0.00121094
3.2140e-02,-0.0407813,0.000771875
3.2150e-02,-0.0420312,0.00175406
3.2160e-02,-0.0317188,0.00191156
3.2170e-02,-0.0421875,-8.15625e-05
3.2180e-02,-0.0490625,-0.00202156
3.2190e-02,-0.03375,-0.0019325
3.2200e-02,-0.0401563,0.00056625
3.2210e-02,-0.0439063,0.00237844
3.2220e-02,-0.0392187,0.00205656
3.2230e-02,-0.0359375,-9.34375e-05
3.2240e-02,-0.0357813,-0.00265031
3.2250e-02,-0.0296875,-0.00372219
3.2260e-02,-0.035,-0.00181406
3.2270e-02,-0.0370313,0.00120344
3.2280e-02,-0.044375,0.00267594
3.2290e-02,-0.029375,0.00137563
3.2300e-02,-0.0509375,-0.000979063
3.2310e-02,-0.0351562,-0.00428
3.2320e-02,-0.0378125,-0.00283
3.2330e-02,-0.04,0.0006975
3.2340e-02,-0.0367188,0.00384188
3.2350e-02,-0.0370313,0.0046675
3.2360e-02,-0.0439063,0.000765938
3.2370e-02,-0.0360938,-0.0037975
3.2380e-02,-0.03625,-0.00523375
3.2390e-02,-0.0525,-0.0019625
3.2400e-02,-0.0410937,0.00277719
3.2410e-02,-0.0359375,0.00545313
3.2420e-02,-0.0475,0.00332469
3.2430e-02,-0.0415625,-0.0011275
3.2440e-02,-0.0440625,-0.00531188
3.2450e-02,-0.0515625,-0.00485125
3.2460e-02,-0.035625,-0.00040125
3.2470e-02,-0.0395313,0.00489125
3.2480e-02,-0.0448438,0.00620344
3.2490e-02,-0.0414063,0.00276406
3.2500e-02,-0.038125,-0.00222188
3.2510e-02,-0.033125,-0.00530344
3.2520e-02,-0.0492188,-0.00420594
3.2530e-02,-0.0421875,0.00133688
3.2540e-02,-0.0275,0.00629219
3.2550e-02,-0.05,0.00468094
3.2560e-02,-0.0384375,0.00040625
3.2570e-02,-0.0426562,-0.00448
3.2580e-02,-0.0410937,-0.00566094
3.2590e-02,-0.0473438,-0.00161469
3.2600e-02,-0.0382813,0.00308781
3.2610e-02,-0.0432813,0.00515531
3.2620e-02,-0.0471875,0.00378375
3.2630e-02,-0.0307813,-0.000769063
3.2640e-02,-0.0453125,-0.00417281
3.2650e-02,-0.0375,-0.003595
3.2660e-02,-0.0451563,0.000549375
3.2670e-02,-0.041875,0.00314313
3.2680e-02,-0.0409375,0.00385813
3.2690e-02,-0.0382813,0.000865
3.2700e-02,-0.030625,-0.00321531
3.2710e-02,-0.0325,-0.00380094
3.2720e-02,-0.0435938,-0.00175156
3.2730e-02,-0.045625,0.00113469
3.2740e-02,-0.0340625,0.00416469
3.2750e-02,-0.0479688,0.00282719
3.2760e-02,-0.0515625,-0.000613125
3.2770e-02,-0.038125,-0.00258906
3.2780e-02,-0.035,-0.00285031
3.2790e-02,-0.0389063,0.000315625
3.2800e-02,-0.0367188,0.00263656
3.2810e-02,-0.0301563,0.00201656
3.2820e-02,-0.0525,-0.000101875
3.2830e-02,-0.03875,-0.00188688
3.2840e-02,-0.0470312,-0.0027075
3.2850e-02,-0.0373438,-0.000750313
3.2860e-02,-0.035625,0.00110656
3.2870e-02,-0.0351562,0.00192594
3.2880e-02,-0.0404687,0.00142625
3.2890e-02,-0.0359375,-0.000772188
3.2900e-02,-0.04,-0.00120375
3.2910e-02,-0.0423437,-0.00115656
3.2920e-02,-0.0426562,0.000323125
3.2930e-02,-0.0407813,0.00111406
3.2940e-02,-0.0389063,0.000780938
3.2950e-02,-0.0425,-5.125e-05
3.2960e-02,-0.0354688,-0.00162469
3.2970e-02,-0.0492188,-0.00143156
3.2980e-02,-0.0459375,-0.000407188
3.2990e-02,-0.0520313,0.00179313
3.3000e-02,-0.0329688,0.0016725
3.3010e-02,-0.038125,0.00102313
3.3020e-02,-0.0485938,-0.000325938
3.3030e-02,-0.0407813,-0.00134688
3.3040e-02,-0.0334375,-0.000675
3.3050e-02,-0.048125,5.65625e-05
3.3060e-02,-0.0359375,0.000599688
3.3070e-02,-0.0401563,0.00051625
3.3080e-02,-0.051875,0.0004925
3.3090e-02,-0.04,-0.00071875
3.3100e-02,-0.031875,-0.000814375
3.3110e-02,-0.0465625,5.875e-05
3.3120e-02,-0.036875,0.000685938
3.3130e-02,-0.0451563,0.000963125
3.3140e-02,-0.0346875,0.00093
3.3150e-02,-0.0289063,0.000133438
3.3160e-02,-0.0498438,-0.00127719
3.3170e-02,-0.0451563,-0.0010575
3.3180e-02,-0.0329688,0.0001375
3.3190e-02,-0.0390625,0.000126875
3.3200e-02,-0.0378125,0.000622188
3.3210e-02,-0.040625,-0.000401563
3.3220e-02,-0.0428125,-0.000871875
3.3230e-02,-0.035,-0.000404375
3.3240e-02,-0.0351562,-0.000290625
3.3250e-02,-0.0303125,0.000542813
3.3260e-02,-0.041875,0.00120844
3.3270e-02,-0.039375,0.00107
3.3280e-02,-0.0375,1e-05
3.3290e-02,-0.0357813,-0.00128875
3.3300e-02,-0.045,0.000257188
3.3310e-02,-0.04875,-0.000415938
3.3320e-02,-0.039375,0.000853438
3.3330e-02,-0.0379688,0.000922813
3.3340e-02,-0.03875,0.00065
3.3350e-02,-0.04125,0.00032625
3.3360e-02,-0.0439063,-6.34375e-05
3.3370e-02,-0.0384375,-0.000561562
3.3380e-02,-0.0446875,-2.59375e-05
3.3390e-02,-0.041875,-0.000414688
3.3400e-02,-0.03875,0.0007725
3.3410e-02,-0.0492188,-0.000355625
3.3420e-02,-0.0446875,-0.000282813
3.3430e-02,-0.0426562,-0.000376563
3.3440e-02,-0.03375,-0.000192188
3.3450e-02,-0.0354688,0.000521875
3.3460e-02,-0.0423437,0.0004325
3.3470e-02,-0.0464062,-0.000217188
3.3480e-02,-0.0367188,-0.000629688
3.3490e-02,-0.0446875,-0.00144219
3.3500e-02,-0.04125,-0.000287188
3.3510e-02,-0.0385937,0.0003125
3.3520e-02,-0.0375,0.00019625
3.3530e-02,-0.0409375,0.000945
3.3540e-02,-0.0328125,0.000285313
3.3550e-02,-0.0504687,-7.28125e-05
3.3560e-02,-0.0332812,-0.000190938
3.3570e-02,-0.0353125,-0.00127719
3.3580e-02,-0.0446875,-0.000228125
3.3590e-02,-0.0398437,0.000269375
3.3600e-02,-0.0482812,0.00049375
3.3610e-02,-0.06125,0.000275
3.3620e-02,-0.0307813,-0.000120625
3.3630e-02,-0.0384375,0.000384688
3.3640e-02,-0.0464062,0.000275
3.3650e-02,-0.043125,0.00114156
3.3660e-02,-0.05125,0.00101375
3.3670e-02,-0.0464062,0.00050375
3.3680e-02,-0.0353125,9.0625e-06
3.3690e-02,-0.0307813,-6.875e-06
3.3700e-02,-0.04625,-0.000394688
3.3710e-02,-0.0434375,0.000342188
3.3720e-02,-0.038125,0.00091
3.3730e-02,-0.0421875,0.00159125
3.3740e-02,-0.039375,0.0002025
3.3750e-02,-0.0470312,-0.00040875
3.3760e-02,-0.0432813,-0.000259688
3.3770e-02,-0.0435938,-0.000230313
3.3780e-02,-0.0492188,0.000508125
3.3790e-02,-0.0434375,-0.00011
3.3800e-02,-0.041875,0.000289375
3.3810e-02,-0.0373438,-0.000185938
3.3820e-02,-0.0439063,0.000298125
3.3830e-02,-0.0454688,0.00056
3.3840e-02,-0.0623438,-0.000157188
3.3850e-02,-0.0421875,0.000354063
3.3860e-02,-0.0495312,0.000504063
3.3870e-02,-0.0379688,8.53125e-05
3.3880e-02,-0.0496875,-0.00063125
3.3890e-02,-0.0515625,-0.00114594
3.3900e-02,-0.0392187,-0.000437188
3.3910e-02,-0.0353125,-0.000440313
3.3920e-02,-0.0385937,0.000220938
3.3930e-02,-0.0445313,-0.000259063
3.3940e-02,-0.0435938,-0.000257813
3.3950e-02,-0.0521875,-0.00044875
3.3960e-02,-0.0492188,-0.00064875
3.3970e-02,-0.049375,0.000105
3.3980e-02,-0.0359375,0.00074875
3.3990e-02,-0.043125,0.000644375
3.4000e-02,-0.0473438,-9.5625e-05
3.4010e-02,-0.0384375,-0.000527813
3.4020e-02,-0.0425,-0.000325625
3.4030e-02,-0.0392187,-0.000297188
3.4040e-02,-0.0421875,-0.000380313
3.4050e-02,-0.043125,-6.84375e-05
3.4060e-02,-0.0428125,-1.375e-05
3.4070e-02,-0.0395313,0.0001375
3.4080e-02,-0.044375,0.00017875
3.4090e-02,-0.0498438,0.000359688
3.4100e-02,-0.0379688,0.000259063
3.4110e-02,-0.0403125,0.000609688
3.4120e-02,-0.0410937,-9.6875e-05
3.4130e-02,-0.0517188,0.000758438
3.4140e-02,-0.0321875,0.00016375
3.4150e-02,-0.0370313,-3.3125e-05
3.4160e-02,-0.0375,1.75e-05
3.4170e-02,-0.044375,1.6875e-05
3.4180e-02,-0.0429688,0.000205313
3.4190e-02,-0.0428125,0.000314063
3.4200e-02,-0.0440625,-0.000123125
3.4210e-02,-0.0370313,-0.000256875
3.4220e-02,-0.0545313,-0.000574375
3.4230e-02,-0.0570313,3.34375e-05
3.4240e-02,-0.0453125,-0.000179688
3.4250e-02,-0.0429688,-0.000600938
3.4260e-02,-0.0476562,-0.000718438
3.4270e-02,-0.0459375,-0.000619063
3.4280e-02,-0.0364063,-0.000143125
3.4290e-02,-0.0546875,-0.000593125
3.4300e-02,-0.0384375,-0.000386875
3.4310e-02,-0.035625,0.00025625
3.4320e-02,-0.0523437,-0.000165
3.4330e-02,-0.0446875,0.00065375
3.4340e-02,-0.0492188,0.000496875
3.4350e-02,-0.0342187,0.000515625
3.4360e-02,-0.0439063,-0.000281563
3.4370e-02,-0.04625,0.000121875
3.4380e-02,-0.0392187,0.000163438
3.4390e-02,-0.0407813,0.00056125
3.4400e-02,-0.0479688,-0.000294688
3.4410e-02,-0.0382813,3.03125e-05
3.4420e-02,-0.0470312,-8.53125e-05
3.4430e-02,-0.0378125,-0.000483125
3.4440e-02,-0.0457813,-0.000125938
3.4450e-02,-0.038125,0.00033375
3.4460e-02,-0.0392187,-5.84375e-05
3.4470e-02,-0.0460938,-2.5625e-05
3.4480e-02,-0.0317188,4.21875e-05
3.4490e-02,-0.0375,-0.000554688
3.4500e-02,-0.0379688,1.9375e-05
3.4510e-02,-0.0370313,3.8125e-05
3.4520e-02,-0.035,0.0001775
3.4530e-02,-0.0490625,0.000152188
3.4540e-02,-0.051875,-6.375e-05
3.4550e-02,-0.050625,5.46875e-05
3.4560e-02,-0.049375,-0.000469063
3.4570e-02,-0.0310937,9.25e-05
3.4580e-02,-0.0498438,0.000275625
3.4590e-02,-0.04375,0.00029
3.4600e-02,-0.0476562,0.000251875
3.4610e-02,-0.0484375,0.000731875
3.4620e-02,-0.0459375,0.000243125
3.4630e-02,-0.0564063,0.000302188
3.4640e-02,-0.0559375,0.00108719
3.4650e-02,-0.05,0.000655313
3.4660e-02,-0.0496875,-1.90625e-05
3.4670e-02,-0.0409375,0.00024625
3.4680e-02,-0.0460938,-0.000493125
3.4690e-02,-0.0496875,-0.000167188
3.4700e-02,-0.0476562,0.000564375
3.4710e-02,-0.0426562,-3.40625e-05
3.4720e-02,-0.0378125,0.000827188
3.4730e-02,-0.0390625,0.000628125
3.4740e-02,-0.0425,-0.000391875
3.4750e-02,-0.0448438,-0.000569688
3.4760e-02,-0.0451563,6.90625e-05
3.4770e-02,-0.044375,-0.000325625
3.4780e-02,-0.0409375,-0.000355625
3.4790e-02,-0.0426562,-0.000482188
3.4800e-02,-0.0464062,-0.000254375
3.4810e-02,-0.0551563,-0.000994063
3.4820e-02,-0.0471875,-0.000615938
3.4830e-02,-0.041875,0.0007875
3.4840e-02,-0.039375,0.00044625
3.4850e-02,-0.0539063,0.00048875
3.4860e-02,-0.045625,0.000170938
3.4870e-02,-0.0409375,0.000179688
3.4880e-02,-0.0471875,0.000805313
3.4890e-02,-0.0417187,0.000366875
3.4900e-02,-0.0429688,0.000219688
3.4910e-02,-0.046875,0.000340625
3.4920e-02,-0.0509375,0.000450313
3.4930e-02,-0.0520313,-0.000378125
3.4940e-02,-0.0435938,-0.00015375
3.4950e-02,-0.0501562,-0.00078375
3.4960e-02,-0.0382813,-0.000298125
3.4970e-02,-0.0426562,-0.00022125
3.4980e-02,-0.0459375,-0.000180313
3.4990e-02,-0.0507812,-0.0008475
3.5000e-02,-0.0440625,0.000545313
3.5010e-02,-0.0429688,0.000404063
3.5020e-02,-0.0460938,0.00050125
3.5030e-02,-0.0475,0.000292188
3.5040e-02,-0.03875,0.00065125
3.5050e-02,-0.0442188,-0.000763438
3.5060e-02,-0.0446875,-0.000338438
3.5070e-02,-0.03,-0.000637813
3.5080e-02,-0.0465625,-0.0002225
3.5090e-02,-0.043125,-7.6875e-05
3.5100e-02,-0.0498438,0.000391563
3.5110e-02,-0.0496875,-0.000337813
3.5120e-02,-0.048125,0.000110938
3.5130e-02,-0.048125,-5.40625e-05
3.5140e-02,-0.0521875,-7.21875e-05
3.5150e-02,-0.04625,0.000407813
3.5160e-02,-0.0471875,0.000323438
3.5170e-02,-0.048125,-6.1875e-05
3.5180e-02,-0.0439063,-6.25e-07
3.5190e-02,-0.0396875,0.00072125
3.5200e-02,-0.0425,0.000174688
3.5210e-02,-0.04875,-0.000175
3.5220e-02,-0.0482812,0.000604375
3.5230e-02,-0.048125,0.000202188
3.5240e-02,-0.0442188,-0.000173125
3.5250e-02,-0.0392187,-0.0002575
3.5260e-02,-0.05375,-0.000106563
3.5270e-02,-0.0454688,-1.6875e-05
3.5280e-02,-0.0403125,-0.000183125
3.5290e-02,-0.0496875,-0.00028125
3.5300e-02,-0.0475,-0.000304063
3.5310e-02,-0.0451563,-0.000294688
3.5320e-02,-0.0392187,-0.000155
3.5330e-02,-0.0429688,-0.000127188
3.5340e-02,-0.051875,-0.00010875
3.5350e-02,-0.04125,-0.000237813
3.5360e-02,-0.0390625,-0.000212813
3.5370e-02,-0.0385937,0.00026125
3.5380e-02,-0.0492188,-0.00015375
3.5390e-02,-0.0490625,0.000185
3.5400e-02,-0.0379688,0.000692813
3.5410e-02,-0.051875,0.000814688
3.5420e-02,-0.043125,0.000383438
3.5430e-02,-0.0376563,-6.75e-05
3.5440e-02,-0.0434375,8e-05
3.5450e-02,-0.0398437,-0.00033125
3.5460e-02,-0.0517188,-0.000533438
3.5470e-02,-0.0460938,0.000499688
3.5480e-02,-0.035,0.000148438
3.5490e-02,-0.0509375,-0.000788125
3.5500e-02,-0.0470312,-0.000126563
3.5510e-02,-0.0503125,8.78125e-05
3.5520e-02,-0.0425,0.000230313
3.5530e-02,-0.0526563,0.00015875
3.5540e-02,-0.0578125,-0.000385313
3.5550e-02,-0.0496875,0.000927813
3.5560e-02,-0.054375,0.00081125
3.5570e-02,-0.04375,0.000306563
3.5580e-02,-0.0404687,0.00022875
3.5590e-02,-0.0465625,-7.625e-05
3.5600e-02,-0.0498438,-0.000128125
3.5610e-02,-0.0485938,-0.000277813
3.5620e-02,-0.0471875,0.000770938
3.5630e-02,-0.0498438,5.53125e-05
3.5640e-02,-0.0420312,1.90625e-05
3.5650e-02,-0.0460938,0.000304063
3.5660e-02,-0.0495312,-0.000485313
3.5670e-02,-0.0446875,-0.0003625
3.5680e-02,-0.0446875,-0.000341563
3.5690e-02,-0.0526563,-0.00025875
3.5700e-02,-0.0490625,-2.59375e-05
3.5710e-02,-0.0542187,-0.000163125
3.5720e-02,-0.0489062,0.0004525
3.5730e-02,-0.0467188,-0.000369375
3.5740e-02,-0.0484375,0.000389063
3.5750e-02,-0.04,-0.000290938
3.5760e-02,-0.0501562,0.000165
3.5770e-02,-0.0560937,-0.000804063
3.5780e-02,-0.0495312,-0.00088125
3.5790e-02,-0.044375,-0.00058125
3.5800e-02,-0.0326562,-0.000240625
3.5810e-02,-0.0398437,0.00019625
3.5820e-02,-0.046875,-0.000456563
3.5830e-02,-0.0389063,-0.000169375
3.5840e-02,-0.0464062,-0.000301563
3.5850e-02,-0.046875,-0.00052375
3.5860e-02,-0.041875,0.000943438
3.5870e-02,-0.0471875,0.00070625
3.5880e-02,-0.0496875,-0.000154688
3.5890e-02,-0.0501562,0.000659375
3.5900e-02,-0.0429688,-8.65625e-05
3.5910e-02,-0.0517188,-0.000825938
3.5920e-02,-0.041875,-0.000220938
3.5930e-02,-0.0457813,-7.1875e-06
3.5940e-02,-0.048125,0.000720938
3.5950e-02,-0.0509375,-3.90625e-05
3.5960e-02,-0.0534375,0.000437188
3.5970e-02,-0.0467188,-0.000545
3.5980e-02,-0.0564063,-0.00109969
3.5990e-02,-0.0398437,-0.00040625
3.6000e-02,-0.0507812,0.00041875
3.6010e-02,-0.0551563,0.000772188
3.6020e-02,-0.0475,0.000835625
3.6030e-02,-0.0578125,-0.000281563
3.6040e-02,-0.0459375,-0.00102656
3.6050e-02,-0.0467188,-0.000769063
3.6060e-02,-0.0417187,-0.00033
3.6070e-02,-0.0371875,0.000430625
3.6080e-02,-0.045625,0.000783125
3.6090e-02,-0.04875,0.000768125
3.6100e-02,-0.0429688,-0.000565
3.6110e-02,-0.0470312,-0.00096875
3.6120e-02,-0.0496875,-0.00100031
3.6130e-02,-0.0373438,0.000147188
3.6140e-02,-0.053125,0.000558438
3.6150e-02,-0.0451563,0.000899688
3.6160e-02,-0.0485938,-0.000910625
3.6170e-02,-0.0507812,-0.0013725
3.6180e-02,-0.0359375,-0.00120875
3.6190e-02,-0.0451563,0.000133125
3.6200e-02,-0.0490625,0.00210031
3.6210e-02,-0.0528125,0.00206969
3.6220e-02,-0.0334375,0.00124625
3.6230e-02,-0.05125,-0.000279063
3.6240e-02,-0.0476562,-0.00157656
3.6250e-02,-0.0559375,-0.000717188
3.6260e-02,-0.0420312,0.000501875
3.6270e-02,-0.0428125,0.00101687
3.6280e-02,-0.049375,0.00162375
3.6290e-02,-0.0428125,-0.000644063
3.6300e-02,-0.0373438,-0.00221656
3.6310e-02,-0.0429688,-0.00160031
3.6320e-02,-0.041875,0.000488125
3.6330e-02,-0.0598438,0.00151094
3.6340e-02,-0.0596875,0.00131375
3.6350e-02,-0.0651562,-0.00020875
3.6360e-02,-0.0432813,-0.00170531
3.6370e-02,-0.038125,-0.00254781
3.6380e-02,-0.043125,-0.00104656
3.6390e-02,-0.0454688,0.000709688
3.6400e-02,-0.0442188,0.00174563
3.6410e-02,-0.056875,0.00234719
3.6420e-02,-0.0560937,0.00222375
3.6430e-02,-0.0459375,0.002255
3.6440e-02,-0.0485938,0.00228
3.6450e-02,-0.0425,0.00235094
3.6460e-02,-0.0478125,0.00225906
3.6470e-02,-0.045,0.0020625
3.6480e-02,0.233594,0.00158688
3.6490e-02,1.45719,-0.00255063
3.6500e-02,1.11328,-0.00582031
3.6510e-02,1.73641,-0.00766688
3.6520e-02,0.332656,-0.00819781
3.6530e-02,0.076875,-0.00796844
3.6540e-02,0.120937,-0.00764594
3.6550e-02,0.0867187,-0.00755875
3.6560e-02,0.075625,-0.00765313
3.6570e-02,0.0715625,-0.0074575
3.6580e-02,0.0539063,-0.00753938
3.6590e-02,0.0476562,-0.0076575
3.6600e-02,0.0425,-0.00761156
3.6610e-02,0.04125,-0.00756344
3.6620e-02,0.0451562,-0.00734875
3.6630e-02,0.0301562,-0.00755938
3.6640e-02,0.0385937,-0.00753906
3.6650e-02,0.0428125,-0.00737125
3.6660e-02,0.031875,-0.00743781
3.6670e-02,0.0229687,-0.00761
3.6680e-02,0.03,-0.00744344
3.6690e-02,0.0290625,-0.00733906
3.6700e-02,0.02,-0.00742031
3.6710e-02,0.0240625,-0.00739031
3.6720e-02,0.014375,-0.00739625
3.6730e-02,0.0228125,-0.00721781
3.6740e-02,0.0192188,-0.00410375
3.6750e-02,-0.00625,-0.000220938
3.6760e-02,0.01125,-8.65625e-05
3.6770e-02,0.003125,-0.000971875
3.6780e-02,0.00625,-0.00183188
3.6790e-02,0.0109375,-0.00172406
3.6800e-02,0.0034375,0.000854375
3.6810e-02,-0.00234375,0.00123875
3.6820e-02,-0.00078125,0.00146688
3.6830e-02,0.00953125,0.000938438
3.6840e-02,0.0040625,-0.00150531
3.6850e-02,0.00171875,-0.00212938
3.6860e-02,0.0117188,-0.000485
3.6870e-02,0.00109375,0.0010075
3.6880e-02,0.0021875,0.000919063
3.6890e-02,0.00375,3.75e-06
3.6900e-02,-0.0040625,-0.0010925
3.6910e-02,-0.00109375,-0.00060875
3.6920e-02,0.001875,0.000178438
3.6930e-02,0.0053125,0.0010725
3.6940e-02,0.00046875,0.00165281
3.6950e-02,-0.00890625,0.000446563
3.6960e-02,-0.005625,-0.00066
3.6970e-02,0.00609375,-0.0011575
3.6980e-02,0.0003125,-0.00106531
3.6990e-02,-0.0021875,0.000231875
3.7000e-02,-0.00578125,0.00105156
3.7010e-02,0.00171875,-8.875e-05
3.7020e-02,-0.00078125,-7.5e-06
3.7030e-02,-0.00765625,-0.000766875
3.7040e-02,-0.00484375,-0.000785313
3.7050e-02,-0.0078125,-0.00056
3.7060e-02,-0.00640625,0.00036
3.7070e-02,-0.00640625,0.000970313
3.7080e-02,-0.0110937,0.000438438
3.7090e-02,-0.00234375,0.000393125
3.7100e-02,-0.004375,8.4375e-05
3.7110e-02,-0.00765625,-4.90625e-05
3.7120e-02,-0.0103125,-0.00014875
3.7130e-02,-0.0114062,0.000920938
3.7140e-02,-0.00453125,0.000177813
3.7150e-02,-0.0046875,0.000195
3.7160e-02,-0.0246875,-0.000510937
3.7170e-02,-0.0145312,-0.000283125
3.7180e-02,-0.00765625,-0.000158125
3.7190e-02,-0.01,0.00027125
3.7200e-02,-0.0114062,-0.00013875
3.7210e-02,-0.0164063,0.0008075
3.7220e-02,-0.0173438,3.125e-06
3.7230e-02,-0.00875,-0.000170313
3.7240e-02,-0.0117188,-0.000358125
3.7250e-02,-0.0090625,-0.000436875
3.7260e-02,0.00046875,-1.53125e-05
3.7270e-02,-0.0198438,-0.000226875
3.7280e-02,-0.0128125,0.000151563
3.7290e-02,-0.005,0.000285
3.7300e-02,-0.0065625,-0.000270313
3.7310e-02,-0.0110937,4.3125e-05
3.7320e-02,-0.00125,-0.000367188
3.7330e-02,-0.0009375,0.0003325
3.7340e-02,-0.01125,-0.000534063
3.7350e-02,-0.019375,0.000627813
3.7360e-02,-0.010625,0.000653125
3.7370e-02,-0.0165625,0.000101875
3.7380e-02,-0.0129688,-0.00011625
3.7390e-02,-0.02125,-0.000123125
3.7400e-02,-0.0053125,-2.125e-05
3.7410e-02,-0.0117188,0.00016125
3.7420e-02,-0.0115625,-0.00028375
3.7430e-02,-0.0239063,-0.000155625
3.7440e-02,-0.0110937,0.000249375
3.7450e-02,-0.0214063,-1.34375e-05
3.7460e-02,-0.00359375,0.000755625
3.7470e-02,-0.0146875,0.000633438
3.7480e-02,-0.0140625,0.000236875
3.7490e-02,-0.0140625,0.000357188
3.7500e-02,-0.02375,-0.000190625
3.7510e-02,-0.0225,0.000182188
3.7520e-02,-0.0279688,0.000488438
3.7530e-02,-0.0189062,0.000272812
3.7540e-02,-0.0110937,-0.000134063
3.7550e-02,-0.0140625,9.375e-05
3.7560e-02,-0.0223437,-0.000199375
3.7570e-02,-0.0167188,-0.0003025
3.7580e-02,-0.0239063,-0.000135938
3.7590e-02,-0.0271875,-0.000106563
3.7600e-02,-0.0198438,0.000254375
3.7610e-02,-0.0182812,-0.00050625
3.7620e-02,-0.023125,0.00017375
3.7630e-02,-0.00578125,0.000348125
3.7640e-02,-0.0160938,0.000397813
3.7650e-02,-0.0235938,0.000416563
3.7660e-02,-0.0210938,0.000176875
3.7670e-02,-0.0240625,-4.25e-05
3.7680e-02,-0.0215625,0.0004475
3.7690e-02,-0.0104688,-5.3125e-05
3.7700e-02,-0.013125,0.000302813
3.7710e-02,-0.0228125,-0.000193438
3.7720e-02,-0.02625,0.000348125
3.7730e-02,-0.0226562,-0.000375938
3.7740e-02,-0.03375,2.1875e-05
3.7750e-02,-0.0175,-0.000101563
3.7760e-02,-0.0114062,0.000210625
3.7770e-02,-0.0290625,0.000369688
3.7780e-02,-0.02,0.000400625
3.7790e-02,-0.0215625,-0.000250938
3.7800e-02,-0.0270312,0.000179688
3.7810e-02,-0.0226562,-1.125e-05
3.7820e-02,-0.00625,-0.000256875
3.7830e-02,-0.0176563,-0.0003775
3.7840e-02,-0.02875,-0.000598438
3.7850e-02,-0.0140625,-8.65625e-05
3.7860e-02,-0.0278125,-9.5625e-05
3.7870e-02,-0.0176563,0.000587188
3.7880e-02,-0.019375,0.000914375
3.7890e-02,-0.0154687,0.00154969
3.7900e-02,-0.0364063,0.000926875
3.7910e-02,-0.0214063,0.000816563
3.7920e-02,-0.0254688,0.000695625
3.7930e-02,-0.0164063,0.00092125
3.7940e-02,-0.0314062,0.000646563
3.7950e-02,-0.0242188,0.000821563
3.7960e-02,-0.03125,0.0002875
3.7970e-02,-0.0284375,0.000504688
3.7980e-02,-0.0260937,0.000672188
3.7990e-02,-0.0251563,0.000185625
3.8000e-02,-0.0295313,0.000836875
3.8010e-02,-0.0273438,0.0001475
3.8020e-02,-0.0332812,0.00053375
3.8030e-02,-0.0264062,0.000730938
3.8040e-02,-0.0354688,7.75e-05
3.8050e-02,-0.0264062,-0.0001125
3.8060e-02,-0.02375,0.000128437
3.8070e-02,-0.0270312,0.000146875
3.8080e-02,-0.025625,-0.0002775
3.8090e-02,-0.0201563,4.65625e-05
3.8100e-02,-0.019375,3.125e-07
3.8110e-02,-0.0184375,0.000437188
3.8120e-02,-0.02625,0.000126875
3.8130e-02,-0.0228125,-0.000279375
3.8140e-02,-0.0325,-0.000544063
3.8150e-02,-0.0173438,1.5625e-05
3.8160e-02,-0.0257812,-0.000171563
3.8170e-02,-0.03,-0.00109594
3.8180e-02,-0.0265625,-0.000333438
3.8190e-02,-0.0371875,0.000209375
3.8200e-02,-0.0173438,-8.78125e-05
3.8210e-02,-0.0107813,0.00039875
3.8220e-02,-0.0259375,0.000281875
3.8230e-02,-0.0107813,0.000178438
3.8240e-02,-0.0275,0.00031
3.8250e-02,-0.023125,-0.0003575
3.8260e-02,-0.0346875,-0.000414688
3.8270e-02,-0.0182812,-0.000337188
3.8280e-02,-0.0289063,0.000149375
3.8290e-02,-0.0196875,0.00021375
3.8300e-02,-0.021875,-4.25e-05
3.8310e-02,-0.03,0.0002225
3.8320e-02,-0.0189062,0.000671875
3.8330e-02,-0.0317188,0.000493438
3.8340e-02,-0.0310937,0.00065625
3.8350e-02,-0.0276563,0.000417188
3.8360e-02,-0.0289063,0.000319375
3.8370e-02,-0.0448438,-0.000104063
3.8380e-02,-0.0264062,0.000336875
3.8390e-02,-0.025,-6.78125e-05
3.8400e-02,-0.0307813,0.000244375
3.8410e-02,-0.0276563,0.000350938
3.8420e-02,-0.0384375,0.000866563
3.8430e-02,-0.0367188,6.25e-05
3.8440e-02,-0.0292188,0.00033125
3.8450e-02,-0.0242188,1.71875e-05
3.8460e-02,-0.033125,0.000314063
3.8470e-02,-0.0321875,0.000516563
3.8480e-02,-0.0279688,0.00010375
3.8490e-02,-0.0253125,0.000405313
3.8500e-02,-0.0278125,0.0001225
3.8510e-02,-0.0251563,-0.000225938
3.8520e-02,-0.0375,-0.000492188
3.8530e-02,-0.0367188,-0.00020625
3.8540e-02,-0.025625,-0.00071
3.8550e-02,-0.0245313,-0.000304375
3.8560e-02,-0.0259375,0.0004275
3.8570e-02,-0.0339062,0.000198438
3.8580e-02,-0.014375,0.0003225
3.8590e-02,-0.0346875,6.46875e-05
3.8600e-02,-0.0323438,0.00022875
3.8610e-02,-0.0398437,-1.53125e-05
3.8620e-02,-0.0426562,0.000636563
3.8630e-02,-0.028125,0.000695
3.8640e-02,-0.034375,0.000345313
3.8650e-02,-0.0329688,0.0002275
3.8660e-02,-0.0364063,-8.875e-05
3.8670e-02,-0.0339062,-0.000284063
3.8680e-02,-0.026875,-0.00016625
3.8690e-02,-0.0309375,0.00053375
3.8700e-02,-0.025,-0.000402188
3.8710e-02,-0.0423437,0.000249375
3.8720e-02,-0.0184375,0.000158438
3.8730e-02,-0.0226562,0.000223125
3.8740e-02,-0.02375,-8.71875e-05
3.8750e-02,-0.02875,-5.75e-05
3.8760e-02,-0.0282813,0.00022625
3.8770e-02,-0.0398437,0.000273125
3.8780e-02,-0.03125,0.00014
3.8790e-02,-0.0278125,-0.000515938
3.8800e-02,-0.0440625,-0.00050625
3.8810e-02,-0.0221875,7.25e-05
3.8820e-02,-0.0364063,0.0003975
3.8830e-02,-0.0390625,0.000608438
3.8840e-02,-0.0346875,0.000121563
3.8850e-02,-0.0364063,-0.000415
3.8860e-02,-0.034375,7.46875e-05
3.8870e-02,-0.0275,-0.000209063
3.8880e-02,-0.0285938,0.000383438
3.8890e-02,-0.0342187,0.000971563
3.8900e-02,-0.0423437,0.000776563
3.8910e-02,-0.02125,0.00029625
3.8920e-02,-0.035,-2.8125e-06
3.8930e-02,-0.0321875,-1.59375e-05
3.8940e-02,-0.0107813,-0.000240938
3.8950e-02,-0.0182812,-0.000104375
3.8960e-02,-0.0253125,0.000415938
3.8970e-02,-0.034375,0.000891875
3.8980e-02,-0.0270312,0.000618125
3.8990e-02,-0.0371875,-0.000156875
3.9000e-02,-0.0254688,-0.000550313
3.9010e-02,-0.03375,0.000427188
3.9020e-02,-0.0354688,-0.000343125
3.9030e-02,-0.0307813,0.00032875
3.9040e-02,-0.034375,-6.25e-06
3.9050e-02,-0.0395313,-3.40625e-05
3.9060e-02,-0.0189062,0.000382188
3.9070e-02,-0.0278125,0.000685938
3.9080e-02,-0.03375,0.000877188
3.9090e-02,-0.0309375,0.000608125
3.9100e-02,-0.0359375,0.000273438
3.9110e-02,-0.0320312,0.000787188
3.9120e-02,-0.0257812,0.000783125
3.9130e-02,-0.0382813,-0.000111563
3.9140e-02,-0.0315625,0.0004675
3.9150e-02,-0.0354688,0.000326563
3.9160e-02,-0.034375,0.000425625
3.9170e-02,-0.035625,0.00044
3.9180e-02,-0.0353125,0.000186875
3.9190e-02,-0.0273438,0.00126875
3.9200e-02,-0.0271875,0.0008125
3.9210e-02,-0.0365625,0.00123
3.9220e-02,-0.0321875,0.000888438
3.9230e-02,-0.0217188,0.00123094
3.9240e-02,-0.0382813,3.75e-06
3.9250e-02,-0.0346875,-0.00124594
3.9260e-02,-0.02625,-0.00074625
3.9270e-02,-0.0335937,-0.000563438
3.9280e-02,-0.0295313,0.000246875
3.9290e-02,-0.0414063,0.000433125
3.9300e-02,-0.0221875,0.000183125
3.9310e-02,-0.0407813,0.000680625
3.9320e-02,-0.0401563,0.000175
3.9330e-02,-0.0248438,-6.59375e-05
3.9340e-02,-0.03,-0.000698438
3.9350e-02,-0.0370313,-0.000214375
3.9360e-02,-0.0260937,0.000238125
3.9370e-02,-0.0264062,-0.0001075
3.9380e-02,-0.0321875,-8.25e-05
3.9390e-02,-0.035,-0.000430938
3.9400e-02,-0.0328125,-0.000125625
3.9410e-02,-0.0270312,-0.000475938
3.9420e-02,-0.035,0.000613438
3.9430e-02,-0.039375,0.00071375
3.9440e-02,-0.0467188,0.000617188
3.9450e-02,-0.048125,-0.000134063
3.9460e-02,-0.0403125,-0.00123969
3.9470e-02,-0.0328125,-0.000570313
3.9480e-02,-0.03375,-0.00011
3.9490e-02,-0.0404687,-6.3125e-05
3.9500e-02,-0.0315625,0.000155313
3.9510e-02,-0.03375,0.000333438
3.9520e-02,-0.0434375,-0.000152188
3.9530e-02,-0.0284375,-0.000937188
3.9540e-02,-0.02875,-3.875e-05
3.9550e-02,-0.0354688,0.000487813
3.9560e-02,-0.0453125,0.000584375
3.9570e-02,-0.0301563,2.65625e-05
3.9580e-02,-0.0410937,0.000165625
3.9590e-02,-0.036875,-0.000743125
3.9600e-02,-0.0396875,-0.000324688
3.9610e-02,-0.029375,-0.000221875
3.9620e-02,-0.033125,7e-05
3.9630e-02,-0.0376563,0.00113375
3.9640e-02,-0.031875,-0.000409375
3.9650e-02,-0.0342187,-0.000803438
3.9660e-02,-0.0414063,-0.000229688
3.9670e-02,-0.0379688,0.000151875
3.9680e-02,-0.0454688,-9.0625e-06
3.9690e-02,-0.0409375,0.000659063
3.9700e-02,-0.0401563,0.0003975
3.9710e-02,-0.0321875,-0.000550625
3.9720e-02,-0.0296875,-0.00061
3.9730e-02,-0.0484375,-0.00142063
3.9740e-02,-0.0345312,-0.000210938
3.9750e-02,-0.0409375,5.46875e-05
3.9760e-02,-0.0376563,0.000771875
3.9770e-02,-0.0446875,0.000871563
3.9780e-02,-0.0425,-0.000655938
3.9790e-02,-0.0398437,-0.000923438
3.9800e-02,-0.0328125,-0.00144375
3.9810e-02,-0.0467188,-0.000695938
3.9820e-02,-0.0310937,0.00105094
3.9830e-02,-0.0432813,0.000543438
3.9840e-02,-0.0359375,0.000309375
3.9850e-02,-0.0279688,-0.000214375
3.9860e-02,-0.0420312,-0.00102219
3.9870e-02,-0.0432813,-0.000648125
3.9880e-02,-0.0403125,0.000431875
3.9890e-02,-0.0382813,0.00156375
3.9900e-02,-0.044375,0.00148656
3.9910e-02,-0.0360938,-0.000181875
3.9920e-02,-0.0390625,-0.000873125
3.9930e-02,-0.0376563,-0.00165156
3.9940e-02,-0.0364063,-0.00016625
3.9950e-02,-0.025625,0.000926563
3.9960e-02,-0.04125,0.00159406
3.9970e-02,-0.0395313,0.00071375
3.9980e-02,-0.0439063,-0.000985625
3.9990e-02,-0.0345312,-0.00176781
4.0000e-02,-0.0285938,-0.00096375
4.0010e-02,-0.0470312,0.000349375
4.0020e-02,-0.0442188,0.00161125
4.0030e-02,-0.040625,0.0016825
4.0040e-02,-0.04125,-0.000109688
4.0050e-02,-0.0245313,-0.0012625
4.0060e-02,-0.0354688,-0.0011225
4.0070e-02,-0.04,-0.000335938
4.0080e-02,-0.0471875,0.00145313
4.0090e-02,-0.0304688,0.00236
4.0100e-02,-0.0492188,0.00155594
4.0110e-02,-0.0335937,-0.00103688
4.0120e-02,-0.0409375,-0.00147406
4.0130e-02,-0.0357813,-0.000879063
4.0140e-02,-0.03125,0.00052875
4.0150e-02,-0.0417187,0.00313375
4.0160e-02,-0.0351562,0.00262281
4.0170e-02,-0.0435938,0.000139688
4.0180e-02,-0.0414063,-0.001985
4.0190e-02,-0.0340625,-0.00205625
4.0200e-02,-0.0332812,-0.00070875
4.0210e-02,-0.0382813,0.002335
4.0220e-02,-0.0445313,0.00282531
4.0230e-02,-0.0389063,0.000973125
4.0240e-02,-0.0417187,-0.00171188
4.0250e-02,-0.0384375,-0.00303188
4.0260e-02,-0.0321875,-0.00203781
4.0270e-02,-0.0364063,0.00159281
4.0280e-02,-0.03875,0.00372
4.0290e-02,-0.0504687,0.00256406
4.0300e-02,-0.039375,-0.00089125
4.0310e-02,-0.0410937,-0.00378375
4.0320e-02,-0.0514063,-0.00440094
4.0330e-02,-0.03875,-0.00109906
4.0340e-02,-0.0417187,0.00326969
4.0350e-02,-0.039375,0.00478625
4.0360e-02,-0.0382813,0.00110094
4.0370e-02,-0.0398437,-0.00314344
4.0380e-02,-0.0403125,-0.00535281
4.0390e-02,-0.0432813,-0.00339
4.0400e-02,-0.0351562,0.00101125
4.0410e-02,-0.0292188,0.00526594
4.0420e-02,-0.031875,0.00471156
4.0430e-02,-0.043125,0.000418438
4.0440e-02,-0.0478125,-0.00506563
4.0450e-02,-0.0304688,-0.0062525
4.0460e-02,-0.0348437,-0.00241156
4.0470e-02,-0.0470312,0.00311625
4.0480e-02,-0.0448438,0.00541
4.0490e-02,-0.044375,0.00330625
4.0500e-02,-0.03625,-0.00135531
4.0510e-02,-0.0439063,-0.00536844
4.0520e-02,-0.0401563,-0.00414031
4.0530e-02,-0.0476562,0.00100156
4.0540e-02,-0.0328125,0.00512969
4.0550e-02,-0.0325,0.00592063
4.0560e-02,-0.0467188,0.00122
4.0570e-02,-0.045,-0.00334219
4.0580e-02,-0.0425,-0.0055275
4.0590e-02,-0.0448438,-0.00255688
4.0600e-02,-0.0240625,0.00172813
4.0610e-02,-0.03875,0.00456125
4.0620e-02,-0.0398437,0.00399625
4.0630e-02,-0.038125,-4e-05
4.0640e-02,-0.0373438,-0.00405781
4.0650e-02,-0.0228125,-0.00364781
4.0660e-02,-0.0509375,-0.000962813
4.0670e-02,-0.0359375,0.00280625
4.0680e-02,-0.0540625,0.00339938
4.0690e-02,-0.0373438,0.00197844
4.0700e-02,-0.0489062,-0.00208594
4.0710e-02,-0.0478125,-0.00360375
4.0720e-02,-0.0429688,-0.00199719
4.0730e-02,-0.0390625,0.0013975
4.0740e-02,-0.0484375,0.00315656
4.0750e-02,-0.0357813,0.00202
4.0760e-02,-0.0571875,-0.000196875
4.0770e-02,-0.035625,-0.00255375
4.0780e-02,-0.036875,-0.00150094
4.0790e-02,-0.0504687,0.000338438
4.0800e-02,-0.0451563,0.00307844
4.0810e-02,-0.0342187,0.00305219
4.0820e-02,-0.0425,0.000979063
4.0830e-02,-0.0410937,-0.00116313
4.0840e-02,-0.043125,-0.00163531
4.0850e-02,-0.0420312,-0.00038
4.0860e-02,-0.041875,0.00125156
4.0870e-02,-0.038125,0.00213531
4.0880e-02,-0.0457813,0.001595
4.0890e-02,-0.0360938,-0.000685625
4.0900e-02,-0.0364063,-0.00222563
4.0910e-02,-0.0365625,-0.000930313
4.0920e-02,-0.0307813,0.00040625
4.0930e-02,-0.0370313,0.001405
4.0940e-02,-0.043125,0.00175188
4.0950e-02,-0.0375,0.000166875
4.0960e-02,-0.0382813,-0.00126406
4.0970e-02,-0.0303125,-0.00207344
4.0980e-02,-0.0409375,5.5e-05
4.0990e-02,-0.0439063,0.00111031
4.1000e-02,-0.0414063,0.00116562
4.1010e-02,-0.0410937,0.000715938
4.1020e-02,-0.0442188,-0.00031375
4.1030e-02,-0.0484375,-0.0017
4.1040e-02,-0.041875,-0.0011125
4.1050e-02,-0.0420312,1.15625e-05
4.1060e-02,-0.0240625,0.00102219
4.1070e-02,-0.039375,0.000509688
4.1080e-02,-0.0489062,-0.000365
4.1090e-02,-0.0464062,-0.00137875
4.1100e-02,-0.04,-0.00190438
4.1110e-02,-0.0435938,-0.000975
4.1120e-02,-0.0489062,-0.00037125
4.1130e-02,-0.0471875,-0.000669063
4.1140e-02,-0.0409375,-0.000634063
4.1150e-02,-0.0415625,-0.00111344
4.1160e-02,-0.0403125,-0.000992188
4.1170e-02,-0.0342187,-0.00108313
4.1180e-02,-0.04875,0.000262187
4.1190e-02,-0.0317188,0.000925313
4.1200e-02,-0.0421875,0.000585625
4.1210e-02,-0.0528125,0.000315938
4.1220e-02,-0.0340625,-8.3125e-05
4.1230e-02,-0.0498438,-0.0005375
4.1240e-02,-0.0532813,-0.000262187
4.1250e-02,-0.0475,0.000224375
4.1260e-02,-0.0434375,0.00045125
4.1270e-02,-0.03625,0.00130969
4.1280e-02,-0.0470312,0.000304375
4.1290e-02,-0.03375,0.0001275
4.1300e-02,-0.045625,-0.000186875
4.1310e-02,-0.0379688,0.00019375
4.1320e-02,-0.049375,0.000125
4.1330e-02,-0.0485938,0.000491875
4.1340e-02,-0.0351562,0.000804688
4.1350e-02,-0.0376563,0.0003275
4.1360e-02,-0.0440625,-0.000281875
4.1370e-02,-0.0407813,-0.000732813
4.1380e-02,-0.0329688,0.000328438
4.1390e-02,-0.0334375,0.000624688
4.1400e-02,-0.0459375,0.000713125
4.1410e-02,-0.029375,0.000183438
4.1420e-02,-0.0521875,-0.000347188
4.1430e-02,-0.04625,-0.000118438
4.1440e-02,-0.05125,-0.000553438
4.1450e-02,-0.054375,-0.000111875
4.1460e-02,-0.0489062,0.0012425
4.1470e-02,-0.053125,0.000820938
4.1480e-02,-0.0435938,3.71875e-05
4.1490e-02,-0.0340625,-0.000314375
4.1500e-02,-0.031875,-0.000681563
4.1510e-02,-0.0435938,-0.0003575
4.1520e-02,-0.0453125,0.000314688
4.1530e-02,-0.0260937,0.000183125
4.1540e-02,-0.0407813,0.0001
4.1550e-02,-0.0446875,0.000414063
4.1560e-02,-0.0367188,3.46875e-05
4.1570e-02,-0.0415625,-0.00034625
4.1580e-02,-0.0392187,0.000563125
4.1590e-02,-0.0354688,0.000335938
4.1600e-02,-0.0420312,9.65625e-05
4.1610e-02,-0.0403125,3.75e-05
4.1620e-02,-0.03875,0.0001525
4.1630e-02,-0.0475,-0.000113125
4.1640e-02,-0.0423437,-0.00025875
4.1650e-02,-0.0410937,-2.125e-05
4.1660e-02,-0.0482812,0.000480938
4.1670e-02,-0.0498438,-1.8125e-05
4.1680e-02,-0.039375,0.00010125
4.1690e-02,-0.033125,-0.0013425
4.1700e-02,-0.046875,-0.000395625
4.1710e-02,-0.03625,-0.000361563
4.1720e-02,-0.044375,-1e-05
4.1730e-02,-0.0490625,0.000168438
4.1740e-02,-0.03875,0.000156563
4.1750e-02,-0.0446875,0.000354375
4.1760e-02,-0.0403125,-0.00106375
4.1770e-02,-0.0509375,-0.000260313
4.1780e-02,-0.0353125,5.46875e-05
4.1790e-02,-0.0476562,0.00127063
4.1800e-02,-0.0504687,0.00123438
4.1810e-02,-0.0548437,-0.0001
4.1820e-02,-0.0498438,8.65625e-05
4.1830e-02,-0.0392187,0.000248438
4.1840e-02,-0.0410937,0.000449375
4.1850e-02,-0.0496875,0.000241875
4.1860e-02,-0.0432813,0.000664375
4.1870e-02,-0.036875,0.000531563
4.1880e-02,-0.030625,-9.0625e-06
4.1890e-02,-0.0446875,-0.00030375
4.1900e-02,-0.03875,2.8125e-06
4.1910e-02,-0.0471875,0.000403438
4.1920e-02,-0.0360938,0.00106437
4.1930e-02,-0.0425,9e-05
4.1940e-02,-0.03625,0.000603438
4.1950e-02,-0.035,-0.000500312
4.1960e-02,-0.0407813,-0.000560313
4.1970e-02,-0.0367188,-0.000383125
4.1980e-02,-0.0445313,0.000610313
4.1990e-02,-0.0525,0.000405
4.2000e-02,-0.0446875,-0.00040625
4.2010e-02,-0.035625,8.875e-05
4.2020e-02,-0.0448438,-0.000197813
4.2030e-02,-0.0448438,-0.000475625
4.2040e-02,-0.0404687,-0.000155625
4.2050e-02,-0.0375,0.000655938
4.2060e-02,-0.0353125,0.00115094
4.2070e-02,-0.0370313,0.0010775
4.2080e-02,-0.03875,-0.000259688
4.2090e-02,-0.0484375,-0.0003825
4.2100e-02,-0.0470312,-0.000290313
4.2110e-02,-0.0375,0.000543438
4.2120e-02,-0.04375,-0.000516875
4.2130e-02,-0.0514063,-0.000121875
4.2140e-02,-0.0415625,-8.0625e-05
4.2150e-02,-0.04125,-7.65625e-05
4.2160e-02,-0.0526563,-0.000310938
4.2170e-02,-0.03625,0.000206563
4.2180e-02,-0.03875,0.000973438
4.2190e-02,-0.0542187,0.000632188
4.2200e-02,-0.05,-0.000411563
4.2210e-02,-0.0415625,-0.000324063
4.2220e-02,-0.0407813,-2.625e-05
4.2230e-02,-0.0589063,-0.000210625
4.2240e-02,-0.0523437,0.000290625
4.2250e-02,-0.0401563,0.000248438
4.2260e-02,-0.0470312,0.000788438
4.2270e-02,-0.0453125,0.0001675
4.2280e-02,-0.041875,0.000138438
4.2290e-02,-0.0364063,6.65625e-05
4.2300e-02,-0.0470312,9.3125e-05
4.2310e-02,-0.0398437,0.000913438
4.2320e-02,-0.03875,0.000892188
4.2330e-02,-0.0482812,7.84375e-05
4.2340e-02,-0.0346875,-0.00072875
4.2350e-02,-0.0532813,-0.000863125
4.2360e-02,-0.0396875,0.000383125
4.2370e-02,-0.035,-0.000139688
4.2380e-02,-0.04375,0.000107813
4.2390e-02,-0.03875,0.000267188
4.2400e-02,-0.0432813,0.000340625
4.2410e-02,-0.035,7.625e-05
4.2420e-02,-0.0423437,0.00042875
4.2430e-02,-0.0429688,0.000162188
4.2440e-02,-0.053125,0.000246563
4.2450e-02,-0.0442188,-0.000132188
4.2460e-02,-0.0454688,-0.000229375
4.2470e-02,-0.036875,0.00040625
4.2480e-02,-0.0551563,0.000170313
4.2490e-02,-0.031875,-0.000254063
4.2500e-02,-0.045,0.000322188
4.2510e-02,-0.0426562,-0.0002075
4.2520e-02,-0.0423437,-0.00020875
4.2530e-02,-0.0403125,0.00012
4.2540e-02,-0.0490625,0.00021625
4.2550e-02,-0.04375,0.000159375
4.2560e-02,-0.0470312,0.000588438
4.2570e-02,-0.0504687,-0.000157813
4.2580e-02,-0.0398437,0.00060625
4.2590e-02,-0.0551563,1.09375e-05
4.2600e-02,-0.041875,0.00039
4.2610e-02,-0.046875,0.0002575
4.2620e-02,-0.033125,-6.5e-05
4.2630e-02,-0.0496875,-0.000498125
4.2640e-02,-0.0379688,-0.000122188
4.2650e-02,-0.0434375,3.75e-05
4.2660e-02,-0.0425,0.000421875
4.2670e-02,-0.0464062,0.0003025
4.2680e-02,-0.0495312,0.0002575
4.2690e-02,-0.0275,-0.000237188
4.2700e-02,-0.0282813,0.000482188
4.2710e-02,-0.0453125,-0.00056875
4.2720e-02,-0.0407813,-0.000712188
4.2730e-02,-0.0409375,0.000245
4.2740e-02,-0.0465625,0.00027
4.2750e-02,-0.0504687,0.000225938
4.2760e-02,-0.045625,3.21875e-05
4.2770e-02,-0.0357813,-2.6875e-05
4.2780e-02,-0.0439063,-4.375e-05
4.2790e-02,-0.0420312,-0.000179688
4.2800e-02,-0.0470312,-7.75e-05
4.2810e-02,-0.0429688,1.03125e-05
4.2820e-02,-0.039375,-0.000790313
4.2830e-02,-0.041875,-0.000452188
4.2840e-02,-0.045,-0.000248438
4.2850e-02,-0.044375,0.000394063
4.2860e-02,-0.0479688,-0.000762188
4.2870e-02,-0.0473438,0.000183125
4.2880e-02,-0.0395313,-0.000140938
4.2890e-02,-0.0417187,0.00048125
4.2900e-02,-0.0492188,4.1875e-05
4.2910e-02,-0.0429688,0.000122813
4.2920e-02,-0.0307813,-0.00023625
4.2930e-02,-0.0625,0.000261875
4.2940e-02,-0.053125,-6.6875e-05
4.2950e-02,-0.0470312,0.00129656
4.2960e-02,-0.0417187,0.000683438
4.2970e-02,-0.0514063,-4.125e-05
4.2980e-02,-0.0520313,0.00044375
4.2990e-02,-0.0554687,0.0004925
4.3000e-02,-0.038125,0.000163125
4.3010e-02,-0.0448438,-0.000556563
4.3020e-02,-0.046875,0.00013
4.3030e-02,-0.0464062,0.000325
4.3040e-02,-0.0484375,0.00100531
4.3050e-02,-0.041875,-0.000231875
4.3060e-02,-0.048125,8.5e-05
4.3070e-02,-0.0489062,4.75e-05
4.3080e-02,-0.0415625,-4.4375e-05
4.3090e-02,-0.0501562,0.000403438
4.3100e-02,-0.0392187,-7.78125e-05
4.3110e-02,-0.0476562,-0.000455
4.3120e-02,-0.0532813,-3.65625e-05
4.3130e-02,-0.0496875,-0.000204063
4.3140e-02,-0.0442188,0.000735938
4.3150e-02,-0.0392187,0.000995
4.3160e-02,-0.03875,0.000219688
4.3170e-02,-0.0375,5.875e-05
4.3180e-02,-0.0560937,-0.000549063
4.3190e-02,-0.0367188,-0.000358125
4.3200e-02,-0.0396875,0.000319375
4.3210e-02,-0.0482812,8.75e-06
4.3220e-02,-0.0417187,-7.71875e-05
4.3230e-02,-0.0509375,-5.84375e-05
4.3240e-02,-0.0385937,-0.000933438
4.3250e-02,-0.0496875,-0.000764063
4.3260e-02,-0.0385937,-9.5e-05
4.3270e-02,-0.0514063,0.000482188
4.3280e-02,-0.0454688,-0.000139688
4.3290e-02,-0.0495312,0.000764063
4.3300e-02,-0.0504687,7.71875e-05
4.3310e-02,-0.0475,-0.000535
4.3320e-02,-0.0439063,-0.000675313
4.3330e-02,-0.0523437,-0.000300938
4.3340e-02,-0.0396875,0.000335625
4.3350e-02,-0.0465625,0.000581875
4.3360e-02,-0.0514063,0.000399375
4.3370e-02,-0.0482812,0.00024
4.3380e-02,-0.0485938,-1.4375e-05
4.3390e-02,-0.0409375,-0.000153125
4.3400e-02,-0.0378125,0.000246875
4.3410e-02,-0.0382813,-4.09375e-05
4.3420e-02,-0.0342187,-0.000522813
4.3430e-02,-0.0471875,-0.0001675
4.3440e-02,-0.045,-0.000239375
4.3450e-02,-0.05625,-4.375e-05
4.3460e-02,-0.0559375,-0.000504375
4.3470e-02,-0.053125,-0.00070875
4.3480e-02,-0.0490625,-0.000270938
4.3490e-02,-0.0340625,-0.000131875
4.3500e-02,-0.0398437,-0.000740938
4.3510e-02,-0.0535937,-3.71875e-05
4.3520e-02,-0.0551563,-0.000554063
4.3530e-02,-0.0459375,0.000425
4.3540e-02,-0.0495312,0.000392188
4.3550e-02,-0.0448438,0.0004875
4.3560e-02,-0.0440625,-0.000237188
4.3570e-02,-0.0475,-5.03125e-05
4.3580e-02,-0.05125,-4.03125e-05
4.3590e-02,-0.0473438,0.0006225
4.3600e-02,-0.055625,0.000677813
4.3610e-02,-0.0445313,0.00076
4.3620e-02,-0.0396875,0.000208438
4.3630e-02,-0.0420312,-7.1875e-05
4.3640e-02,-0.0442188,-0.00039375
4.3650e-02,-0.0470312,-0.000453125
4.3660e-02,-0.0489062,-0.000361875
4.3670e-02,-0.04,-0.000567188
4.3680e-02,-0.0382813,0.000599688
4.3690e-02,-0.0529687,0.000177188
4.3700e-02,-0.0476562,-0.000352188
4.3710e-02,-0.0457813,-0.000820313
4.3720e-02,-0.0373438,-0.00124313
4.3730e-02,-0.043125,-0.000562188
4.3740e-02,-0.0476562,1.40625e-05
4.3750e-02,-0.0375,0.000416563
4.3760e-02,-0.0453125,0.000359688
4.3770e-02,-0.0440625,-0.000443125
4.3780e-02,-0.048125,0.000183438
4.3790e-02,-0.0429688,-0.000918125
4.3800e-02,-0.0364063,-0.000752188
4.3810e-02,-0.0507812,1.1875e-05
4.3820e-02,-0.05,0.000176875
4.3830e-02,-0.0510938,0.000310938
4.3840e-02,-0.0501562,-0.0003725
4.3850e-02,-0.0451563,-0.000768125
4.3860e-02,-0.0479688,-0.000257813
4.3870e-02,-0.055,0.000305313
4.3880e-02,-0.0503125,0.000191563
4.3890e-02,-0.0414063,0.00101906
4.3900e-02,-0.0476562,0.000881875
4.3910e-02,-0.0495312,0.000421563
4.3920e-02,-0.0490625,-0.000427188
4.3930e-02,-0.0484375,-0.00041875
4.3940e-02,-0.0415625,2.84375e-05
4.3950e-02,-0.04625,-0.00064875
4.3960e-02,-0.0475,4.59375e-05
4.3970e-02,-0.0539063,-0.000917188
4.3980e-02,-0.0459375,-0.00160219
4.3990e-02,-0.0446875,-0.00138844
4.4000e-02,-0.0509375,-0.000323125
4.4010e-02,-0.0446875,0.000679688
4.4020e-02,-0.0446875,0.000378125
4.4030e-02,-0.0551563,0.000389375
4.4040e-02,-0.0514063,-0.000353438
4.4050e-02,-0.05625,-0.000449375
4.4060e-02,-0.0409375,0.000355313
4.4070e-02,-0.04375,0.000728125
4.4080e-02,-0.0425,0.00144906
4.4090e-02,-0.0509375,0.000929063
4.4100e-02,-0.051875,-1.28125e-05
4.4110e-02,-0.046875,-0.00076375
4.4120e-02,-0.0464062,-0.00122375
4.4130e-02,-0.0371875,8.59375e-05
4.4140e-02,-0.0435938,0.000699063
4.4150e-02,-0.055625,0.00167406
4.4160e-02,-0.0510938,0.000215313
4.4170e-02,-0.050625,-0.000785
4.4180e-02,-0.0489062,-0.00169344
4.4190e-02,-0.0495312,-0.000362813
4.4200e-02,-0.038125,0.000453125
4.4210e-02,-0.05125,0.001975
4.4220e-02,-0.0503125,0.000725313
4.4230e-02,-0.0484375,-0.0008225
4.4240e-02,-0.0526563,-0.00109594
4.4250e-02,-0.05875,-0.00134688
4.4260e-02,-0.0425,0.000625313
4.4270e-02,-0.0403125,0.0031175
4.4280e-02,-0.0407813,0.00238625
4.4290e-02,-0.0484375,0.000154063
4.4300e-02,-0.0517188,-0.00161813
4.4310e-02,-0.0365625,-0.00224313
4.4320e-02,-0.0429688,-0.000598438
4.4330e-02,-0.0515625,0.00124406
4.4340e-02,-0.0310937,0.00223
4.4350e-02,-0.045625,0.00152875
4.4360e-02,-0.0475,-0.00127906
4.4370e-02,-0.0404687,-0.0024475
4.4380e-02,-0.0495312,-0.00268031
4.4390e-02,-0.0370313,-0.000347188
4.4400e-02,-0.0359375,0.00245156
4.4410e-02,-0.0485938,0.00303563
4.4420e-02,-0.0471875,0.00293813
4.4430e-02,-0.0470312,0.00285563
4.4440e-02,-0.0540625,0.00290156
4.4450e-02,-0.05125,0.00314906
4.4460e-02,-0.0546875,0.0028825
4.4470e-02,-0.043125,0.00286969
4.4480e-02,-0.819531,0.00254531
4.4490e-02,-0.950313,-0.00133344
4.4500e-02,-0.0626562,-0.00502031
4.4510e-02,0.581406,-0.0070925
4.4520e-02,0.799063,-0.00822313
4.4530e-02,0.0692187,-0.00801531
4.4540e-02,0.113125,-0.00761969
4.4550e-02,0.0785938,-0.00764813
4.4560e-02,0.0745312,-0.00765
4.4570e-02,0.0639062,-0.00754938
4.4580e-02,0.0660937,-0.00751469
4.4590e-02,0.059375,-0.00748938
4.4600e-02,0.046875,-0.00743188
4.4610e-02,0.0475,-0.007475
4.4620e-02,0.058125,-0.00744125
4.4630e-02,0.0329688,-0.00739
4.4640e-02,0.0367187,-0.00752344
4.4650e-02,0.0175,-0.0074625
4.4660e-02,0.0245313,-0.0073625
4.4670e-02,0.0128125,-0.0073575
4.4680e-02,0.0173438,-0.00731
4.4690e-02,0.0232812,-0.00737938
4.4700e-02,0.00828125,-0.00729063
4.4710e-02,0.0275,-0.00711656
4.4720e-02,0.013125,-0.00725625
4.4730e-02,0.0121875,-0.00722844
4.4740e-02,0.0132812,-0.00481313
4.4750e-02,0.0215625,-0.000669375
4.4760e-02,0.0040625,0.00030375
4.4770e-02,0.010625,-0.000805
4.4780e-02,0.005625,-0.00169875
4.4790e-02,0.00859375,-0.00180656
4.4800e-02,0.016875,-2.21875e-05
4.4810e-02,0.0184375,0.00161063
4.4820e-02,0.0123437,0.00160781
4.4830e-02,0.00046875,0.000599688
4.4840e-02,0.00046875,-0.000555
4.4850e-02,0.0071875,-0.00109625
4.4860e-02,0.00296875,-0.000175
4.4870e-02,0.00234375,0.000257188
4.4880e-02,0.00984375,0.0008075
4.4890e-02,-0.0003125,0.000485625
4.4900e-02,-0.003125,-5.84375e-05
4.4910e-02,-0.00078125,-0.00104938
4.4920e-02,0.0120312,-0.0007825
4.4930e-02,-0.0096875,-0.000465
4.4940e-02,-0.01,0.001265
4.4950e-02,-0.00359375,0.000954688
4.4960e-02,-0.0040625,-0.000529687
4.4970e-02,-0.00578125,-0.000485938
4.4980e-02,0.00984375,-0.00107906
4.4990e-02,-0.0075,-0.000825625
4.5000e-02,-0.005,0.00102625
4.5010e-02,-0.0154687,0.00124906
4.5020e-02,-0.0196875,0.00147406
4.5030e-02,-0.00609375,-0.000349375
4.5040e-02,-0.00484375,-0.000529375
4.5050e-02,-0.005625,-0.000384063
4.5060e-02,0.008125,0.0004225
4.5070e-02,-0.0134375,0.000443438
4.5080e-02,-0.00984375,0.000655313
4.5090e-02,-0.00796875,-3.15625e-05
4.5100e-02,-0.00328125,0.00014125
4.5110e-02,0.00453125,-0.000170938
4.5120e-02,-0.001875,0.000320938
4.5130e-02,-0.0059375,-7.1875e-06
4.5140e-02,-0.00984375,0.000249063
4.5150e-02,-0.0176563,0.000143438
4.5160e-02,-0.0096875,0.000225938
4.5170e-02,0,-0.000819063
4.5180e-02,-0.00796875,-0.000457813
4.5190e-02,-0.0178125,-0.000580938
4.5200e-02,-0.0160938,-0.000235938
4.5210e-02,-0.00078125,9.375e-05
4.5220e-02,-0.0192187,-0.000288438
4.5230e-02,-0.0109375,-0.000633438
4.5240e-02,-0.01625,-0.00037875
4.5250e-02,-0.0059375,3.09375e-05
4.5260e-02,-0.013125,8.8125e-05
4.5270e-02,-0.00953125,0.000704375
4.5280e-02,-0.00609375,0.00133438
4.5290e-02,-0.0128125,0.000408125
4.5300e-02,-0.00125,0.000170938
4.5310e-02,-0.0196875,0.000241875
4.5320e-02,-0.0125,-7.71875e-05
4.5330e-02,-0.0021875,0.0002825
4.5340e-02,-0.0135937,0.000173125
4.5350e-02,-0.01,0.00033375
4.5360e-02,-0.0139063,0.00034375
4.5370e-02,-0.01875,-0.00080375
4.5380e-02,-0.0210938,-0.000650313
4.5390e-02,-0.0192187,-0.000265938
4.5400e-02,-0.0153125,0.000235313
4.5410e-02,-0.0121875,0.000120938
4.5420e-02,-0.0240625,-0.00010625
4.5430e-02,-0.020625,-0.000235
4.5440e-02,-0.01,0.0006725
4.5450e-02,-0.0120313,-0.00018875
4.5460e-02,-0.0232812,-8e-05
4.5470e-02,-0.0179687,0.00071625
4.5480e-02,-0.0151562,7.8125e-06
4.5490e-02,-0.031875,0.00061
4.5500e-02,-0.0296875,1.6875e-05
4.5510e-02,-0.0210938,-1.0625e-05
4.5520e-02,-0.020625,0.00033
4.5530e-02,-0.0120313,0.000662813
4.5540e-02,-0.0217188,-0.000415
4.5550e-02,-0.0265625,0.000354375
4.5560e-02,-0.00484375,0.000157188
4.5570e-02,-0.0271875,0.000201875
4.5580e-02,-0.0207813,-0.000490625
4.5590e-02,-0.00984375,0.000831563
4.5600e-02,-0.0196875,3.125e-06
4.5610e-02,-0.0173438,0.000293125
4.5620e-02,-0.0185937,0.000442813
4.5630e-02,-0.025625,6.0625e-05
4.5640e-02,-0.020625,-0.000185
4.5650e-02,-0.0198438,-8.5e-05
4.5660e-02,-0.0253125,0.000149375
4.5670e-02,-0.0146875,0.000394688
4.5680e-02,-0.0165625,-0.000433125
4.5690e-02,-0.0159375,0.000173438
4.5700e-02,-0.0171875,-0.000602813
4.5710e-02,-0.0229687,-0.000633125
4.5720e-02,-0.0290625,-2.0625e-05
4.5730e-02,-0.0125,9.375e-07
4.5740e-02,-0.0234375,-5.9375e-06
4.5750e-02,-0.0215625,-0.000208125
4.5760e-02,-0.0157813,0.000208438
4.5770e-02,-0.0239063,0.000214063
4.5780e-02,-0.0270312,0.0004675
4.5790e-02,-0.0289063,0.00021625
4.5800e-02,-0.035625,0.00034625
4.5810e-02,-0.0246875,0.000740625
4.5820e-02,-0.023125,0.0004175
4.5830e-02,-0.0239063,0.000409375
4.5840e-02,-0.0309375,-0.000219688
4.5850e-02,-0.0210938,-0.000397188
4.5860e-02,-0.0254688,-0.000143438
4.5870e-02,-0.0235938,0.000344688
4.5880e-02,-0.0295313,7.46875e-05
4.5890e-02,-0.024375,9.84375e-05
4.5900e-02,-0.0342187,-0.000367813
4.5910e-02,-0.01625,-9.53125e-05
4.5920e-02,-0.0229687,-0.000265
4.5930e-02,-0.010625,0.000407813
4.5940e-02,-0.0228125,0.000730625
4.5950e-02,-0.0220313,0.000335938
4.5960e-02,-0.021875,0.000426563
4.5970e-02,-0.024375,-0.000155313
4.5980e-02,-0.03125,-0.000313125
4.5990e-02,-0.0146875,-4.0625e-05
4.6000e-02,-0.0284375,-9.1875e-05
4.6010e-02,-0.0270312,-0.00046125
4.6020e-02,-0.0270312,0.000287813
4.6030e-02,-0.0245313,-0.000395625
4.6040e-02,-0.0278125,-0.000140938
4.6050e-02,-0.0240625,0.000253438
4.6060e-02,-0.02875,0.000403125
4.6070e-02,-0.0270312,0.000476563
4.6080e-02,-0.035625,0.000226563
4.6090e-02,-0.02625,0.000677188
4.6100e-02,-0.0367188,0.000187188
4.6110e-02,-0.025625,3.9375e-05
4.6120e-02,-0.0154687,0.000653438
4.6130e-02,-0.0276563,-0.000144063
4.6140e-02,-0.0196875,0.000542813
4.6150e-02,-0.0348437,0.000194375
4.6160e-02,-0.0203125,-0.000635
4.6170e-02,-0.0254688,8.4375e-06
4.6180e-02,-0.0321875,0.0004225
4.6190e-02,-0.026875,0.0008075
4.6200e-02,-0.0292188,-0.000295938
4.6210e-02,-0.0314062,4.3125e-05
4.6220e-02,-0.0221875,4.125e-05
4.6230e-02,-0.0389063,-0.000863125
4.6240e-02,-0.0265625,-0.000540312
4.6250e-02,-0.0254688,-0.000256875
4.6260e-02,-0.0428125,0.000176875
4.6270e-02,-0.0289063,-2.3125e-05
4.6280e-02,-0.0334375,-0.000150313
4.6290e-02,-0.0221875,-5.78125e-05
4.6300e-02,-0.0315625,-0.000238125
4.6310e-02,-0.0275,-0.000151563
4.6320e-02,-0.0353125,-4.96875e-05
4.6330e-02,-0.0326562,0.00015875
4.6340e-02,-0.0253125,-0.000825625
4.6350e-02,-0.0307813,-0.000477188
4.6360e-02,-0.0264062,-0.000195313
4.6370e-02,-0.019375,0.000556875
4.6380e-02,-0.0284375,0.0009625
4.6390e-02,-0.0226562,0.000913125
4.6400e-02,-0.0251563,-0.000231875
4.6410e-02,-0.0395313,-0.00050125
4.6420e-02,-0.029375,0.0002125
4.6430e-02,-0.0253125,0.000275938
4.6440e-02,-0.0096875,0.000312188
4.6450e-02,-0.0228125,0.000653125
4.6460e-02,-0.0254688,-0.000461563
4.6470e-02,-0.0298438,-0.00070375
4.6480e-02,-0.026875,-0.000110938
4.6490e-02,-0.0351562,-0.00035875
4.6500e-02,-0.0384375,-0.000646563
4.6510e-02,-0.02625,-0.000319688
4.6520e-02,-0.0370313,-0.000395313
4.6530e-02,-0.0235938,-0.00071875
4.6540e-02,-0.0345312,0.000135313
4.6550e-02,-0.0354688,-0.000318438
4.6560e-02,-0.0332812,0.000402813
4.6570e-02,-0.0279688,-0.000361875
4.6580e-02,-0.0346875,0.000203125
4.6590e-02,-0.0290625,0.000822188
4.6600e-02,-0.0282813,-3.25e-05
4.6610e-02,-0.0396875,0.000578125
4.6620e-02,-0.0189062,-0.000485938
4.6630e-02,-0.0414063,-1.21875e-05
4.6640e-02,-0.035,5.4375e-05
4.6650e-02,-0.0228125,-2.53125e-05
4.6660e-02,-0.034375,-0.000583125
4.6670e-02,-0.031875,-2.6875e-05
4.6680e-02,-0.0403125,-0.0005075
4.6690e-02,-0.0339062,0.0001025
4.6700e-02,-0.0346875,0.000484375
4.6710e-02,-0.0373438,0.00026125
4.6720e-02,-0.02125,-0.0007
4.6730e-02,-0.0314062,6.75e-05
4.6740e-02,-0.04125,0.000256875
4.6750e-02,-0.031875,-0.000498438
4.6760e-02,-0.0354688,-0.000157813
4.6770e-02,-0.0282813,0.00037875
4.6780e-02,-0.0298438,0.000440938
4.6790e-02,-0.0396875,0.000398438
4.6800e-02,-0.0289063,3.25e-05
4.6810e-02,-0.034375,0.00035
4.6820e-02,-0.0271875,0.00040125
4.6830e-02,-0.035,0.000374063
4.6840e-02,-0.0315625,0.00069125
4.6850e-02,-0.0360938,3.0625e-05
4.6860e-02,-0.0395313,-0.000120625
4.6870e-02,-0.0485938,-0.000155313
4.6880e-02,-0.0367188,-0.0003075
4.6890e-02,-0.0232812,-0.000312188
4.6900e-02,-0.0471875,0.000161875
4.6910e-02,-0.02875,0.000441563
4.6920e-02,-0.02375,-0.000406875
4.6930e-02,-0.0320312,-0.00115594
4.6940e-02,-0.0357813,-0.000929063
4.6950e-02,-0.0332812,-0.000185313
4.6960e-02,-0.0314062,-0.000459375
4.6970e-02,-0.043125,8.46875e-05
4.6980e-02,-0.0217188,0.000580938
4.6990e-02,-0.0359375,0.000766875
4.7000e-02,-0.0282813,4.84375e-05
4.7010e-02,-0.0290625,-0.000613438
4.7020e-02,-0.0326562,0.000374063
4.7030e-02,-0.0301563,0.00143188
4.7040e-02,-0.0292188,0.000620313
4.7050e-02,-0.0426562,0.000896875
4.7060e-02,-0.0335937,3.625e-05
4.7070e-02,-0.0445313,-0.000310313
4.7080e-02,-0.040625,-0.000188125
4.7090e-02,-0.0232812,-0.000154688
4.7100e-02,-0.0364063,-0.00017125
4.7110e-02,-0.0315625,0.000241563
4.7120e-02,-0.0259375,-8.125e-06
4.7130e-02,-0.04,-0.0003325
4.7140e-02,-0.0245313,-0.000431563
4.7150e-02,-0.0440625,-9.4375e-05
4.7160e-02,-0.025625,-0.00042
4.7170e-02,-0.04125,8.84375e-05
4.7180e-02,-0.033125,0.000656563
4.7190e-02,-0.036875,1.21875e-05
4.7200e-02,-0.0328125,-2.5e-05
4.7210e-02,-0.0348437,-0.000417813
4.7220e-02,-0.0317188,8.25e-05
4.7230e-02,-0.0264062,0.000250938
4.7240e-02,-0.0495312,0.0002475
4.7250e-02,-0.0426562,-4.15625e-05
4.7260e-02,-0.019375,0.000724063
4.7270e-02,-0.0359375,0.00010875
4.7280e-02,-0.043125,7.625e-05
4.7290e-02,-0.0404687,0.000573125
4.7300e-02,-0.0407813,0.000729375
4.7310e-02,-0.0271875,0.000225
4.7320e-02,-0.0482812,7.75e-05
4.7330e-02,-0.0420312,-0.000408438
4.7340e-02,-0.0440625,-0.0003225
4.7350e-02,-0.0403125,0.000268125
4.7360e-02,-0.0254688,0.000494688
4.7370e-02,-0.0315625,0.000533125
4.7380e-02,-0.035,0.000164063
4.7390e-02,-0.0385937,0.000176875
4.7400e-02,-0.03625,-0.00024125
4.7410e-02,-0.0365625,-0.000275938
4.7420e-02,-0.0401563,-0.000400625
4.7430e-02,-0.0403125,0.000431875
4.7440e-02,-0.0390625,0.00031875
4.7450e-02,-0.0495312,0.000249375
4.7460e-02,-0.0235938,-2.71875e-05
4.7470e-02,-0.0275,-0.000169063
4.7480e-02,-0.0440625,-0.000129062
4.7490e-02,-0.0390625,4.375e-05
4.7500e-02,-0.0334375,0.00065875
4.7510e-02,-0.038125,-0.00024125
4.7520e-02,-0.038125,-0.000347188
4.7530e-02,-0.04125,-0.000108438
4.7540e-02,-0.0334375,0.000184063
4.7550e-02,-0.0375,0.000266875
4.7560e-02,-0.0345312,0.000510625
4.7570e-02,-0.0364063,0.0006225
4.7580e-02,-0.0329688,0.000331875
4.7590e-02,-0.0315625,0.000364688
4.7600e-02,-0.0364063,-0.000185625
4.7610e-02,-0.0339062,0.000155938
4.7620e-02,-0.0432813,0.00063
4.7630e-02,-0.0307813,0.000318125
4.7640e-02,-0.0392187,0.000174688
4.7650e-02,-0.0376563,-0.000380313
4.7660e-02,-0.0339062,-0.00035
4.7670e-02,-0.0339062,-0.000630313
4.7680e-02,-0.03125,-0.00027375
4.7690e-02,-0.0326562,0.000264063
4.7700e-02,-0.0345312,0.000205313
4.7710e-02,-0.0259375,0.000986563
4.7720e-02,-0.0335937,-7.15625e-05
4.7730e-02,-0.036875,-0.000653438
4.7740e-02,-0.030625,-0.000565625
4.7750e-02,-0.0435938,0.000115938
4.7760e-02,-0.0289063,0.00042
4.7770e-02,-0.03625,0.00110094
4.7780e-02,-0.0407813,0.000292813
4.7790e-02,-0.0504687,-0.000188125
4.7800e-02,-0.0460938,-0.000646563
4.7810e-02,-0.0315625,0.000250938
4.7820e-02,-0.0451563,0.000739063
4.7830e-02,-0.0279688,0.000505938
4.7840e-02,-0.0479688,0.000960938
4.7850e-02,-0.0321875,2.78125e-05
4.7860e-02,-0.0375,-0.000980313
4.7870e-02,-0.0484375,-0.000619375
4.7880e-02,-0.0425,0.00062875
4.7890e-02,-0.0395313,0.000109375
4.7900e-02,-0.0471875,0.000742188
4.7910e-02,-0.0225,-0.000220625
4.7920e-02,-0.033125,-0.0010425
4.7930e-02,-0.0398437,-0.00180813
4.7940e-02,-0.031875,-0.000354063
4.7950e-02,-0.04125,0.000350313
4.7960e-02,-0.0460938,0.00156844
4.7970e-02,-0.0326562,0.000534375
4.7980e-02,-0.035625,-0.000414688
4.7990e-02,-0.0484375,-0.00098625
4.8000e-02,-0.0414063,-0.00110281
4.8010e-02,-0.0325,0.000487813
4.8020e-02,-0.0398437,0.00169406
4.8030e-02,-0.051875,0.00178094
4.8040e-02,-0.0440625,0.000977813
4.8050e-02,-0.036875,-0.000407813
4.8060e-02,-0.0404687,-0.00204781
4.8070e-02,-0.0314062,-0.00131281
4.8080e-02,-0.0465625,0.000580625
4.8090e-02,-0.0429688,0.00173406
4.8100e-02,-0.0351562,0.00202969
4.8110e-02,-0.038125,-9.75e-05
4.8120e-02,-0.0271875,-0.00109688
4.8130e-02,-0.0354688,-0.0017625
4.8140e-02,-0.0348437,0.000310313
4.8150e-02,-0.0284375,0.00240563
4.8160e-02,-0.0364063,0.00194906
4.8170e-02,-0.0325,0.000172813
4.8180e-02,-0.0446875,-0.00145656
4.8190e-02,-0.03375,-0.00320094
4.8200e-02,-0.0470312,-0.00175188
4.8210e-02,-0.04375,0.00140594
4.8220e-02,-0.0340625,0.00270406
4.8230e-02,-0.0364063,0.00169
4.8240e-02,-0.0384375,-0.000627188
4.8250e-02,-0.0540625,-0.00213344
4.8260e-02,-0.033125,-0.00217406
4.8270e-02,-0.0398437,0.000655313
4.8280e-02,-0.041875,0.00320125
4.8290e-02,-0.0348437,0.0031325
4.8300e-02,-0.035625,0.000539375
4.8310e-02,-0.0385937,-0.00334094
4.8320e-02,-0.0334375,-0.00439125
4.8330e-02,-0.0389063,-0.00150594
4.8340e-02,-0.04625,0.00205875
4.8350e-02,-0.0364063,0.0041475
4.8360e-02,-0.0375,0.00264625
4.8370e-02,-0.0323438,-0.00188844
4.8380e-02,-0.0429688,-0.00445531
4.8390e-02,-0.0315625,-0.00380469
4.8400e-02,-0.0421875,0.000772188
4.8410e-02,-0.0354688,0.00508625
4.8420e-02,-0.03875,0.00500313
4.8430e-02,-0.0482812,0.00111063
4.8440e-02,-0.0460938,-0.00381094
4.8450e-02,-0.0401563,-0.00542
4.8460e-02,-0.0371875,-0.00314313
4.8470e-02,-0.045625,0.00253969
4.8480e-02,-0.0440625,0.0048125
4.8490e-02,-0.0476562,0.0042225
4.8500e-02,-0.0340625,-0.00213469
4.8510e-02,-0.0339062,-0.00520094
4.8520e-02,-0.0490625,-0.00507313
4.8530e-02,-0.0490625,-0.00131125
4.8540e-02,-0.0553125,0.00399906
4.8550e-02,-0.0421875,0.00583
4.8560e-02,-0.0439063,0.00264406
4.8570e-02,-0.0348437,-0.00196875
4.8580e-02,-0.03375,-0.005605
4.8590e-02,-0.039375,-0.00293844
4.8600e-02,-0.0442188,0.00187156
4.8610e-02,-0.0410937,0.00516688
4.8620e-02,-0.0426562,0.00453406
4.8630e-02,-0.0320312,0.000577188
4.8640e-02,-0.03375,-0.00328031
4.8650e-02,-0.050625,-0.00435438
4.8660e-02,-0.0382813,-0.00125563
4.8670e-02,-0.0404687,0.00244
4.8680e-02,-0.0471875,0.00378281
4.8690e-02,-0.0459375,0.00255219
4.8700e-02,-0.0398437,-0.000834375
4.8710e-02,-0.0542187,-0.00356594
4.8720e-02,-0.0417187,-0.00210688
4.8730e-02,-0.0429688,-9.625e-05
4.8740e-02,-0.0335937,0.00302875
4.8750e-02,-0.039375,0.00250063
4.8760e-02,-0.0490625,0.000201563
4.8770e-02,-0.0340625,-0.0025925
4.8780e-02,-0.0425,-0.00305563
4.8790e-02,-0.0492188,-0.000465
4.8800e-02,-0.0509375,0.00159594
4.8810e-02,-0.0395313,0.00307031
4.8820e-02,-0.044375,0.0018225
4.8830e-02,-0.0353125,-0.00140844
4.8840e-02,-0.0415625,-0.00234656
4.8850e-02,-0.0309375,-0.00151969
4.8860e-02,-0.0407813,0.000818125
4.8870e-02,-0.0526563,0.00191563
4.8880e-02,-0.0546875,0.00163844
4.8890e-02,-0.044375,0.000296875
4.8900e-02,-0.0340625,-0.00172813
4.8910e-02,-0.0471875,-0.00159969
4.8920e-02,-0.0439063,-0.000235
4.8930e-02,-0.0446875,0.000919688
4.8940e-02,-0.0360938,0.00138375
4.8950e-02,-0.0432813,0.000516875
4.8960e-02,-0.0425,-0.000841563
4.8970e-02,-0.04625,-0.00102875
4.8980e-02,-0.0378125,-0.000492813
4.8990e-02,-0.0485938,0.000526563
4.9000e-02,-0.0453125,0.000843125
4.9010e-02,-0.04,0.00161688
4.9020e-02,-0.0453125,0.000675938
4.9030e-02,-0.0423437,-0.000446875
4.9040e-02,-0.0479688,-0.00065625
4.9050e-02,-0.0384375,-0.000114063
4.9060e-02,-0.0460938,0.00126281
4.9070e-02,-0.0423437,0.00119844
4.9080e-02,-0.0482812,-0.000261563
4.9090e-02,-0.033125,-0.00107156
4.9100e-02,-0.043125,-0.00117406
4.9110e-02,-0.0445313,-0.000655625
4.9120e-02,-0.0425,0.000186875
4.9130e-02,-0.0314062,0.000470313
4.9140e-02,-0.029375,0.000485938
4.9150e-02,-0.0360938,-0.000558438
4.9160e-02,-0.041875,-0.00063
4.9170e-02,-0.0325,-0.00146281
4.9180e-02,-0.0354688,-0.0001675
4.9190e-02,-0.0440625,0.000993438
4.9200e-02,-0.0409375,0.0012875
4.9210e-02,-0.0445313,0.00102406
4.9220e-02,-0.0420312,-0.000404063
4.9230e-02,-0.0534375,-0.00045375
4.9240e-02,-0.0454688,-0.000811875
4.9250e-02,-0.0379688,-0.000287188
4.9260e-02,-0.0270312,0.00058875
4.9270e-02,-0.0426562,0.000283437
4.9280e-02,-0.0423437,0.000401875
4.9290e-02,-0.0384375,0.000257813
4.9300e-02,-0.0417187,-0.000378125
4.9310e-02,-0.035625,-6.34375e-05
4.9320e-02,-0.0451563,0.000668125
4.9330e-02,-0.0379688,0.000186875
4.9340e-02,-0.0328125,0.000699688
4.9350e-02,-0.0404687,-0.000277813
4.9360e-02,-0.0359375,-0.000903438
4.9370e-02,-0.043125,-0.000276875
4.9380e-02,-0.03875,-9.3125e-05
4.9390e-02,-0.0417187,0.000632813
4.9400e-02,-0.043125,0.000447188
4.9410e-02,-0.0396875,0.000343125
4.9420e-02,-0.0485938,0.000240625
4.9430e-02,-0.0373438,-0.000284688
4.9440e-02,-0.0464062,-0.000323125
4.9450e-02,-0.0439063,-6e-05
4.9460e-02,-0.0353125,0.000311875
4.9470e-02,-0.0364063,0.000415313
4.9480e-02,-0.0373438,-4.9375e-05
4.9490e-02,-0.03875,-0.000411875
4.9500e-02,-0.04375,-0.000169375
4.9510e-02,-0.049375,0.000357188
4.9520e-02,-0.0459375,0.000668438
4.9530e-02,-0.04,0.000554688
4.9540e-02,-0.0359375,0.000636563
4.9550e-02,-0.0520313,0.000650625
4.9560e-02,-0.0396875,0.000390625
4.9570e-02,-0.0357813,0.000240938
4.9580e-02,-0.048125,-0.000568438
4.9590e-02,-0.031875,0.000884063
4.9600e-02,-0.0454688,0.000782813
4.9610e-02,-0.045,0.000161875
4.9620e-02,-0.0457813,-0.000269375
4.9630e-02,-0.0514063,-0.00068625
4.9640e-02,-0.0434375,0.000142813
4.9650e-02,-0.0339062,0.000594688
4.9660e-02,-0.0365625,0.000566563
4.9670e-02,-0.048125,0.000780938
4.9680e-02,-0.0390625,0.00095375
4.9690e-02,-0.0403125,-0.000339375
4.9700e-02,-0.0460938,-0.000214063
4.9710e-02,-0.051875,2.90625e-05
4.9720e-02,-0.03375,0.000368125
4.9730e-02,-0.0404687,0.00073875
4.9740e-02,-0.0445313,0.00034375
4.9750e-02,-0.0395313,0.000320625
4.9760e-02,-0.0482812,-0.000254063
4.9770e-02,-0.04125,-5.3125e-06
4.9780e-02,-0.038125,-8.28125e-05
4.9790e-02,-0.0489062,0.000329063
4.9800e-02,-0.0417187,0.000449688
4.9810e-02,-0.0539063,0.000695313
4.9820e-02,-0.0445313,-0.000340938
4.9830e-02,-0.0342187,-0.00092375
4.9840e-02,-0.038125,-0.00085125
4.9850e-02,-0.0476562,-0.000340938
4.9860e-02,-0.0420312,-0.000782188
4.9870e-02,-0.0439063,-0.00103281
4.9880e-02,-0.0390625,-0.000303125
4.9890e-02,-0.03875,-0.000585313
4.9900e-02,-0.048125,-7.0625e-05
4.9910e-02,-0.0548437,0.0003175
4.9920e-02,-0.0332812,-0.000455938
4.9930e-02,-0.04875,-0.000176875
4.9940e-02,-0.0320312,5e-05
4.9950e-02,-0.0417187,0.000447813
4.9960e-02,-0.0470312,0.000229063
4.9970e-02,-0.0440625,0.000380313
4.9980e-02,-0.0482812,0.000165
4.9990e-02,-0.0409375,-2.46875e-05
5.0000e-02,-0.0301563,0.00068875
5.0010e-02,-0.0420312,0.000389688
5.0020e-02,-0.0353125,0.0001675
5.0030e-02,-0.0409375,-3.9375e-05
5.0040e-02,-0.0310937,0.00030125
5.0050e-02,-0.0553125,0.000604688
5.0060e-02,-0.0440625,0.000290313
5.0070e-02,-0.0403125,-7.6875e-05
5.0080e-02,-0.0454688,0.000467813
5.0090e-02,-0.0340625,3e-05
5.0100e-02,-0.0409375,-0.00036625
5.0110e-02,-0.0478125,-0.000500312
5.0120e-02,-0.038125,7.3125e-05
5.0130e-02,-0.0396875,0.000654375
5.0140e-02,-0.035625,0.000584375
5.0150e-02,-0.0451563,0.000459688
5.0160e-02,-0.044375,1.21875e-05
5.0170e-02,-0.0403125,0.0004025
5.0180e-02,-0.04125,0.000655313
5.0190e-02,-0.0404687,0.00063
5.0200e-02,-0.0420312,0.000145625
5.0210e-02,-0.0420312,-0.00032375
5.0220e-02,-0.0421875,-0.000283125
5.0230e-02,-0.0460938,6.5e-05
5.0240e-02,-0.0489062,-0.000157188
5.0250e-02,-0.0557813,5.53125e-05
5.0260e-02,-0.0354688,-0.000490938
5.0270e-02,-0.0389063,-0.000277188
5.0280e-02,-0.0448438,-0.000394063
5.0290e-02,-0.0464062,-0.000586563
5.0300e-02,-0.0496875,-0.000628125
5.0310e-02,-0.045625,0.000444063
5.0320e-02,-0.0332812,1.875e-05
5.0330e-02,-0.0451563,0.000502813
5.0340e-02,-0.0395313,-7.375e-05
5.0350e-02,-0.055,4.78125e-05
5.0360e-02,-0.04375,0.000169063
5.0370e-02,-0.0478125,-0.000178438
5.0380e-02,-0.0471875,0.000734375
5.0390e-02,-0.03625,0.000161875
5.0400e-02,-0.0478125,9.125e-05
5.0410e-02,-0.0453125,-3.59375e-05
5.0420e-02,-0.0373438,-7.78125e-05
5.0430e-02,-0.0501562,-0.000590938
5.0440e-02,-0.0429688,-7.53125e-05
5.0450e-02,-0.0532813,0.000131875
5.0460e-02,-0.0446875,-0.0003425
5.0470e-02,-0.0529687,-0.0001325
5.0480e-02,-0.0448438,-0.00037375
5.0490e-02,-0.041875,-0.000287813
5.0500e-02,-0.0440625,-9.5e-05
5.0510e-02,-0.0439063,-2.21875e-05
5.0520e-02,-0.0503125,-0.000863438
5.0530e-02,-0.0579687,-0.000202188
5.0540e-02,-0.049375,0.000283437
5.0550e-02,-0.0428125,8.3125e-05
5.0560e-02,-0.0398437,-0.000631563
5.0570e-02,-0.0509375,4.28125e-05
5.0580e-02,-0.0457813,1.625e-05
5.0590e-02,-0.044375,-0.000219375
5.0600e-02,-0.0526563,-0.000423125
5.0610e-02,-0.0448438,-0.00018125
5.0620e-02,-0.0467188,-0.000459688
5.0630e-02,-0.0546875,-0.000234375
5.0640e-02,-0.0398437,-0.000235
5.0650e-02,-0.0315625,-0.000714375
5.0660e-02,-0.0385937,-0.000534063
5.0670e-02,-0.0351562,-1.53125e-05
5.0680e-02,-0.045625,2.28125e-05
5.0690e-02,-0.0359375,0.000254375
5.0700e-02,-0.0515625,0.00043875
5.0710e-02,-0.0359375,-0.000120625
5.0720e-02,-0.0521875,-2.75e-05
5.0730e-02,-0.0323438,0.000650625
5.0740e-02,-0.0404687,-0.000256563
5.0750e-02,-0.0509375,-7.84375e-05
5.0760e-02,-0.043125,-0.000692188
5.0770e-02,-0.05,0.000155938
5.0780e-02,-0.04125,0.000354375
5.0790e-02,-0.0414063,0.000231875
5.0800e-02,-0.0420312,-0.000290938
5.0810e-02,-0.0365625,-0.000395938
5.0820e-02,-0.0528125,-0.00052625
5.0830e-02,-0.0476562,0.000220313
5.0840e-02,-0.0375,0.000295625
5.0850e-02,-0.0510938,0.00030125
5.0860e-02,-0.0371875,0.000213438
5.0870e-02,-0.0432813,-0.00033
5.0880e-02,-0.0542187,0.000632188
5.0890e-02,-0.048125,0.00097
5.0900e-02,-0.0473438,-0.000117813
5.0910e-02,-0.0439063,0.000320938
5.0920e-02,-0.0334375,4.375e-05
5.0930e-02,-0.0475,-1.625e-05
5.0940e-02,-0.0523437,-0.000400313
5.0950e-02,-0.05125,-0.000144375
5.0960e-02,-0.0485938,0.000260938
5.0970e-02,-0.051875,0.000305625
5.0980e-02,-0.0448438,0.000665
5.0990e-02,-0.0476562,6.78125e-05
5.1000e-02,-0.0521875,0.000355313
5.1010e-02,-0.0442188,-0.000170938
5.1020e-02,-0.0426562,0.000383438
5.1030e-02,-0.0395313,0.000559375
5.1040e-02,-0.0509375,-3.25e-05
5.1050e-02,-0.0501562,-0.000537188
5.1060e-02,-0.0453125,-0.000259063
5.1070e-02,-0.0385937,-0.000130313
5.1080e-02,-0.0529687,0.000585938
5.1090e-02,-0.0379688,9.0625e-06
5.1100e-02,-0.0467188,-3.75e-06
5.1110e-02,-0.0479688,-0.00032
5.1120e-02,-0.0534375,-0.000419688
5.1130e-02,-0.050625,-0.0006075
5.1140e-02,-0.0476562,-0.000332188
5.1150e-02,-0.0371875,-0.000126875
5.1160e-02,-0.0326562,-0.000815938
5.1170e-02,-0.0451563,0.0001225
5.1180e-02,-0.03875,0.0004075
5.1190e-02,-0.0340625,-5.5e-05
5.1200e-02,-0.0479688,-0.00048
5.1210e-02,-0.0453125,-0.000223125
5.1220e-02,-0.0407813,9.9375e-05
5.1230e-02,-0.0392187,0.000310313
5.1240e-02,-0.0526563,2.34375e-05
5.1250e-02,-0.033125,-0.000156563
5.1260e-02,-0.0420312,-0.000165313
5.1270e-02,-0.0404687,-0.000671875
5.1280e-02,-0.043125,-0.00124469
5.1290e-02,-0.0426562,0.000355625
5.1300e-02,-0.0442188,7.625e-05
5.1310e-02,-0.0442188,-0.00019375
5.1320e-02,-0.0473438,-0.000234063
5.1330e-02,-0.044375,-8.59375e-05
5.1340e-02,-0.0370313,0.0002175
5.1350e-02,-0.0367188,0.000671875
5.1360e-02,-0.035625,0.0009625
5.1370e-02,-0.03375,0.00053125
5.1380e-02,-0.0620312,-0.000170313
5.1390e-02,-0.0432813,-0.000585625
5.1400e-02,-0.041875,-0.000546563
5.1410e-02,-0.0457813,-0.000363438
5.1420e-02,-0.0551563,0.000531563
5.1430e-02,-0.0354688,0.00097875
5.1440e-02,-0.0503125,0.00029125
5.1450e-02,-0.0482812,0.000264688
5.1460e-02,-0.04875,-0.00017875
5.1470e-02,-0.0459375,-0.0004675
5.1480e-02,-0.043125,0.00048375
5.1490e-02,-0.05375,0.00057125
5.1500e-02,-0.0409375,-3.78125e-05
5.1510e-02,-0.030625,9.46875e-05
5.1520e-02,-0.0390625,6.59375e-05
5.1530e-02,-0.0410937,0.000220938
5.1540e-02,-0.0389063,-0.000182188
5.1550e-02,-0.0404687,0.000705625
5.1560e-02,-0.0485938,0.000282188
5.1570e-02,-0.0398437,-5.625e-06
5.1580e-02,-0.0471875,-7.28125e-05
5.1590e-02,-0.0342187,-0.000348125
5.1600e-02,-0.04875,-0.000362813
5.1610e-02,-0.056875,0.000192188
5.1620e-02,-0.0417187,0.000863125
5.1630e-02,-0.0465625,3.9375e-05
5.1640e-02,-0.0514063,0.000348125
5.1650e-02,-0.0332812,0.000405313
5.1660e-02,-0.0501562,-0.000491875
5.1670e-02,-0.0415625,-0.000340938
5.1680e-02,-0.0453125,7.625e-05
5.1690e-02,-0.0451563,-0.00029125
5.1700e-02,-0.05,-0.000262813
5.1710e-02,-0.048125,-0.00051875
5.1720e-02,-0.0401563,-0.000148438
5.1730e-02,-0.0429688,-0.00014125
5.1740e-02,-0.0479688,-0.000554063
5.1750e-02,-0.050625,0.000469688
5.1760e-02,-0.0403125,-4.0625e-06
5.1770e-02,-0.0451563,0.000701875
5.1780e-02,-0.05,-0.000217813
5.1790e-02,-0.0451563,-0.000259688
5.1800e-02,-0.045625,0.000234375
5.1810e-02,-0.0367188,0.000285
5.1820e-02,-0.0504687,0.000219688
5.1830e-02,-0.0485938,0.00039875
5.1840e-02,-0.039375,0.000203438
5.1850e-02,-0.0525,-0.000256875
5.1860e-02,-0.0621875,-4.25e-05
5.1870e-02,-0.0345312,0.000275938
5.1880e-02,-0.0420312,0.000361875
5.1890e-02,-0.04125,0.00087
5.1900e-02,-0.0439063,0.000166875
5.1910e-02,-0.0415625,-0.000381563
5.1920e-02,-0.0442188,-0.000790938
5.1930e-02,-0.035625,-0.000285
5.1940e-02,-0.0303125,0.000240625
5.1950e-02,-0.035625,-0.000279063
5.1960e-02,-0.0395313,0.000750313
5.1970e-02,-0.0403125,0.000731563
5.1980e-02,-0.038125,-0.000396563
5.1990e-02,-0.0495312,-0.000716875
5.2000e-02,-0.0432813,4.75e-05
5.2010e-02,-0.0409375,5.875e-05
5.2020e-02,-0.0354688,0.000414375
5.2030e-02,-0.048125,-0.000127813
5.2040e-02,-0.0509375,0.00019625
5.2050e-02,-0.0482812,-0.000640313
5.2060e-02,-0.0596875,-0.000939063
5.2070e-02,-0.043125,-0.00022875
5.2080e-02,-0.045,0.000723125
5.2090e-02,-0.051875,0.00182219
5.2100e-02,-0.0473438,-0.000215625
5.2110e-02,-0.0467188,-0.000795625
5.2120e-02,-0.0378125,-0.00161938
5.2130e-02,-0.0504687,-0.000704375
5.2140e-02,-0.040625,0.00106688
5.2150e-02,-0.0515625,0.00208156
5.2160e-02,-0.0485938,-0.00018875
5.2170e-02,-0.0584375,-0.00113875
5.2180e-02,-0.0364063,-0.00116562
5.2190e-02,-0.0409375,-0.000629063
5.2200e-02,-0.0384375,0.00181625
5.2210e-02,-0.0439063,0.00224
5.2220e-02,-0.0496875,0.00179344
5.2230e-02,-0.0498438,-0.0004825
5.2240e-02,-0.0485938,-0.00202344
5.2250e-02,-0.038125,-0.00170625
5.2260e-02,-0.0504687,-0.000456563
5.2270e-02,-0.0428125,0.00115594
5.2280e-02,-0.0529687,0.00170156
5.2290e-02,-0.0460938,0.00094875
5.2300e-02,-0.0504687,-0.00145281
5.2310e-02,-0.045,-0.00178969
5.2320e-02,-0.0590625,-0.000750938
5.2330e-02,-0.0365625,0.00121438
5.2340e-02,-0.0421875,0.00273219
5.2350e-02,-0.0435938,0.00152031
5.2360e-02,-0.0404687,-0.000862188
5.2370e-02,-0.0507812,-0.00292094
5.2380e-02,-0.0307813,-0.00198375
5.2390e-02,-0.05125,0.000360625
5.2400e-02,-0.0485938,0.00287125
5.2410e-02,-0.0539063,0.003375
5.2420e-02,-0.046875,0.00337219
5.2430e-02,-0.0464062,0.00346125
5.2440e-02,-0.0376563,0.00356469
5.2450e-02,-0.0467188,0.00331625
5.2460e-02,-0.0476562,0.00324344
5.2470e-02,-0.0417187,0.00338625
5.2480e-02,-0.578438,0.00367
5.2490e-02,-1.89469,-0.000278125
5.2500e-02,-1.95141,-0.00512813
5.2510e-02,-1.80734,-0.00713031
5.2520e-02,-0.641719,-0.00793906
5.2530e-02,-0.0478125,-0.00808625
5.2540e-02,0.0967187,-0.00758656
5.2550e-02,0.089375,-0.00748031
5.2560e-02,0.0854687,-0.00760563
5.2570e-02,0.089375,-0.00744281
5.2580e-02,0.0521875,-0.00735625
5.2590e-02,0.0478125,-0.00753656
5.2600e-02,0.0415625,-0.00739813
5.2610e-02,0.0482812,-0.00737219
5.2620e-02,0.0459375,-0.00749031
5.2630e-02,0.0346875,-0.00749156
5.2640e-02,0.030625,-0.00737031
5.2650e-02,0.0425,-0.00733031
5.2660e-02,0.0248438,-0.00727531
5.2670e-02,0.0276563,-0.00729969
5.2680e-02,0.0259375,-0.00718625
5.2690e-02,0.0285937,-0.00722031
5.2700e-02,0.0084375,-0.00730156
5.2710e-02,0.029375,-0.00734063
5.2720e-02,0.0192188,-0.00734531
5.2730e-02,0.0215625,-0.00734438
5.2740e-02,0.015625,-0.00539656
5.2750e-02,0.0125,-0.000662813
5.2760e-02,0.0209375,0.00114094
5.2770e-02,0.0114063,-9.1875e-05
5.2780e-02,0.00796875,-0.00174844
5.2790e-02,0.0034375,-0.00221063
5.2800e-02,0.001875,-0.00121563
5.2810e-02,0.00734375,0.000887188
5.2820e-02,0.008125,0.000625
5.2830e-02,0.00296875,0.000236563
5.2840e-02,-0.00703125,-0.00192688
5.2850e-02,0.00359375,-0.00233125
5.2860e-02,-0.0084375,-0.00152625
5.2870e-02,0.0189063,-0.000227188
5.2880e-02,-0.00171875,0.00138188
5.2890e-02,0.00203125,0.00122281
5.2900e-02,0.00671875,-0.000140625
5.2910e-02,0.00078125,-0.00154219
5.2920e-02,0.00453125,-0.00081
5.2930e-02,0.00359375,-0.000333438
5.2940e-02,0.008125,6.09375e-05
5.2950e-02,0.00828125,0.00113563
5.2960e-02,-0.00234375,0.000235
5.2970e-02,-0.003125,-0.000490313
5.2980e-02,-0.001875,-0.00107313
5.2990e-02,-0.0114062,-0.000153438
5.3000e-02,-0.00671875,0.00042875
5.3010e-02,-0.006875,0.00054375
5.3020e-02,0.0021875,0.000522188
5.3030e-02,-0.00421875,-0.000380938
5.3040e-02,-0.00875,-0.00107
5.3050e-02,-0.00421875,-0.000363125
5.3060e-02,0.00140625,0.000210938
5.3070e-02,-0.0034375,0.000435625
5.3080e-02,-0.00390625,0.00106
5.3090e-02,-0.00765625,0.000712813
5.3100e-02,-0.0110937,-0.000257188
5.3110e-02,-0.00640625,-0.000900313
5.3120e-02,-0.0207813,0.000700938
5.3130e-02,-0.0109375,0.00027125
5.3140e-02,-0.011875,0.000952813
5.3150e-02,-0.0129688,0.000454688
5.3160e-02,-0.00421875,-0.0003025
5.3170e-02,-0.00390625,-0.000444688
5.3180e-02,-0.0129688,-0.000495938
5.3190e-02,-0.00578125,-0.00039
5.3200e-02,-0.0151562,0.000475313
5.3210e-02,-0.00578125,0.000917188
5.3220e-02,-0.0110937,0.000986875
5.3230e-02,-0.0126563,9.90625e-05
5.3240e-02,-0.01875,0.000344688
5.3250e-02,-0.00109375,0.000187813
5.3260e-02,-0.00609375,0.000111875
5.3270e-02,0.000625,3.0625e-05
5.3280e-02,-0.00734375,0.000322188
5.3290e-02,-0.01125,0.000298438
5.3300e-02,-0.0135937,3.625e-05
5.3310e-02,-0.0165625,-0.000369063
5.3320e-02,-0.0126563,2.15625e-05
5.3330e-02,-0.0126563,0.000435313
5.3340e-02,-0.0254688,-0.00028625
5.3350e-02,-0.014375,-8.90625e-05
5.3360e-02,-0.0135937,0.00013
5.3370e-02,-0.0053125,-0.000843438
5.3380e-02,-0.00828125,1.59375e-05
5.3390e-02,-0.0117188,0.00026125
5.3400e-02,-0.0201563,0.000608125
5.3410e-02,-0.0125,0.00101063
5.3420e-02,-0.0164063,0.000645938
5.3430e-02,-0.0207813,-0.00021125
5.3440e-02,-0.0189062,-0.000372188
5.3450e-02,-0.0232812,-0.0008
5.3460e-02,-0.0135937,0.000341875
5.3470e-02,-0.0117188,4.34375e-05
5.3480e-02,-0.021875,0.00057875
5.3490e-02,-0.00921875,0.000122813
5.3500e-02,-0.020625,-0.000349063
5.3510e-02,-0.0239063,-0.000289688
5.3520e-02,-0.024375,0.000695625
5.3530e-02,-0.0154687,-1.03125e-05
5.3540e-02,-0.0242188,0.000163125
5.3550e-02,-0.0207813,-4.3125e-05
5.3560e-02,-0.0170313,0.000341563
5.3570e-02,-0.0196875,-0.00014875
5.3580e-02,-0.0239063,-0.000602188
5.3590e-02,-0.0129688,0.000361563
5.3600e-02,-0.0260937,0.00018
5.3610e-02,-0.02,0.000296563
5.3620e-02,-0.0242188,-1.6875e-05
5.3630e-02,-0.0239063,0.000824063
5.3640e-02,-0.0259375,4.1875e-05
5.3650e-02,-0.0221875,0.000234375
5.3660e-02,-0.023125,-1.78125e-05
5.3670e-02,-0.0126563,0.0001075
5.3680e-02,-0.0196875,-9.875e-05
5.3690e-02,-0.0140625,0.000265625
5.3700e-02,-0.0159375,0.000115625
5.3710e-02,-0.0223437,-0.000378438
5.3720e-02,-0.0140625,-0.000449375
5.3730e-02,-0.0259375,-7.78125e-05
5.3740e-02,-0.0257812,7.5e-06
5.3750e-02,-0.0182812,-0.000439063
5.3760e-02,-0.023125,-0.000862188
5.3770e-02,-0.023125,-0.000330938
5.3780e-02,-0.0220313,-0.00052375
5.3790e-02,-0.0182812,3.78125e-05
5.3800e-02,-0.0253125,-3.34375e-05
5.3810e-02,-0.0239063,0.000100313
5.3820e-02,-0.0151562,0.00012625
5.3830e-02,-0.03125,-7.3125e-05
5.3840e-02,-0.0217188,-0.00056
5.3850e-02,-0.0234375,0.00016125
5.3860e-02,-0.0340625,-0.000322813
5.3870e-02,-0.0259375,0.000429375
5.3880e-02,-0.0195312,-0.000472813
5.3890e-02,-0.024375,-0.000768438
5.3900e-02,-0.0154687,-0.000211563
5.3910e-02,-0.0282813,0.000309375
5.3920e-02,-0.0267187,-0.000270625
5.3930e-02,-0.0265625,0.000110938
5.3940e-02,-0.0275,-0.000592813
5.3950e-02,-0.0239063,-7.75e-05
5.3960e-02,-0.0420312,-0.00032375
5.3970e-02,-0.0298438,-0.0006825
5.3980e-02,-0.0239063,-0.00031875
5.3990e-02,-0.031875,-0.000122188
5.4000e-02,-0.0182812,-0.000260938
5.4010e-02,-0.0189062,4.46875e-05
5.4020e-02,-0.0273438,-0.000644063
5.4030e-02,-0.0276563,-0.000254063
5.4040e-02,-0.02375,-0.000230938
5.4050e-02,-0.0217188,-3.09375e-05
5.4060e-02,-0.0398437,-0.00020375
5.4070e-02,-0.0229687,0.000585938
5.4080e-02,-0.0234375,-0.000269688
5.4090e-02,-0.0310937,-0.000180625
5.4100e-02,-0.0345312,-0.000398125
5.4110e-02,-0.01625,-0.000646875
5.4120e-02,-0.0196875,-0.000510937
5.4130e-02,-0.0234375,-0.00071
5.4140e-02,-0.0221875,6.125e-05
5.4150e-02,-0.0215625,0.000164063
5.4160e-02,-0.0234375,-0.000249063
5.4170e-02,-0.0301563,-0.000213438
5.4180e-02,-0.031875,0.000263437
5.4190e-02,-0.0339062,0.000159375
5.4200e-02,-0.0301563,-5.34375e-05
5.4210e-02,-0.0375,0.000236563
5.4220e-02,-0.023125,-7.8125e-05
5.4230e-02,-0.03375,0.000235938
5.4240e-02,-0.0285938,0.000310938
5.4250e-02,-0.0325,0.000117188
5.4260e-02,-0.0342187,0.0003575
5.4270e-02,-0.025,0.00031375
5.4280e-02,-0.033125,-4.6875e-05
5.4290e-02,-0.024375,-0.000165938
5.4300e-02,-0.0320312,-0.000184375
5.4310e-02,-0.0354688,0.000539688
5.4320e-02,-0.0314062,0.00056875
5.4330e-02,-0.03375,0.00123375
5.4340e-02,-0.0326562,9.625e-05
5.4350e-02,-0.0334375,-0.000279063
5.4360e-02,-0.0217188,0.00025
5.4370e-02,-0.029375,0.0007325
5.4380e-02,-0.01625,-9.1875e-05
5.4390e-02,-0.031875,0.00052375
5.4400e-02,-0.0273438,-1.0625e-05
5.4410e-02,-0.030625,7.15625e-05
5.4420e-02,-0.0278125,8.1875e-05
5.4430e-02,-0.020625,-6.6875e-05
5.4440e-02,-0.0309375,-0.000497188
5.4450e-02,-0.023125,0.000228438
5.4460e-02,-0.0276563,0.000338438
5.4470e-02,-0.0253125,-0.000653125
5.4480e-02,-0.0359375,-0.000981563
5.4490e-02,-0.0292188,-0.00028
5.4500e-02,-0.0251563,-0.000218125
5.4510e-02,-0.02875,0.000104688
5.4520e-02,-0.0442188,0.000405625
5.4530e-02,-0.0389063,-0.00012625
5.4540e-02,-0.0323438,-0.000127813
5.4550e-02,-0.0260937,-0.00035
5.4560e-02,-0.0257812,-0.000345625
5.4570e-02,-0.0321875,-0.000491875
5.4580e-02,-0.0303125,0.000132188
5.4590e-02,-0.024375,5e-06
5.4600e-02,-0.0298438,-0.000633125
5.4610e-02,-0.0335937,-0.000723438
5.4620e-02,-0.0292188,-0.000649375
5.4630e-02,-0.0328125,-0.000500312
5.4640e-02,-0.0253125,-0.000798125
5.4650e-02,-0.0304688,-0.000135938
5.4660e-02,-0.0326562,-0.0001025
5.4670e-02,-0.0301563,-0.000682188
5.4680e-02,-0.0273438,-0.000111563
5.4690e-02,-0.0426562,0.000294062
5.4700e-02,-0.025,-0.000502813
5.4710e-02,-0.0353125,-0.00038
5.4720e-02,-0.0328125,0.000236875
5.4730e-02,-0.0310937,0.00027125
5.4740e-02,-0.0353125,-0.00046
5.4750e-02,-0.031875,-0.000787813
5.4760e-02,-0.0201563,-7.71875e-05
5.4770e-02,-0.0253125,9.5625e-05
5.4780e-02,-0.0396875,0.000149687
5.4790e-02,-0.0375,-0.000114375
5.4800e-02,-0.0371875,5.03125e-05
5.4810e-02,-0.04125,-0.000323438
5.4820e-02,-0.0282813,-8.375e-05
5.4830e-02,-0.0323438,0.000638125
5.4840e-02,-0.0257812,9.34375e-05
5.4850e-02,-0.040625,0.000388438
5.4860e-02,-0.0401563,0.000194375
5.4870e-02,-0.0360938,-0.00015375
5.4880e-02,-0.038125,0.000379375
5.4890e-02,-0.0221875,-0.000927813
5.4900e-02,-0.030625,-0.000248125
5.4910e-02,-0.0257812,-0.00016125
5.4920e-02,-0.0279688,-0.000252812
5.4930e-02,-0.0276563,-0.00068
5.4940e-02,-0.03375,0.000263437
5.4950e-02,-0.0342187,8.90625e-05
5.4960e-02,-0.045625,0.000364375
5.4970e-02,-0.0304688,0.000197188
5.4980e-02,-0.0390625,0.000551563
5.4990e-02,-0.0351562,0.000183438
5.5000e-02,-0.01625,-0.000144688
5.5010e-02,-0.0334375,-0.00109625
5.5020e-02,-0.0329688,-0.000388438
5.5030e-02,-0.0359375,0.00046375
5.5040e-02,-0.035625,0.00085125
5.5050e-02,-0.0421875,0.000155625
5.5060e-02,-0.0396875,-0.000386875
5.5070e-02,-0.0417187,0.000125625
5.5080e-02,-0.0296875,-0.000223125
5.5090e-02,-0.0378125,0.000382813
5.5100e-02,-0.0351562,0.0004275
5.5110e-02,-0.0304688,8.3125e-05
5.5120e-02,-0.0404687,-0.000335
5.5130e-02,-0.0389063,-0.0003275
5.5140e-02,-0.0335937,-0.00102844
5.5150e-02,-0.04,-0.000372813
5.5160e-02,-0.0364063,-0.000220938
5.5170e-02,-0.0290625,-0.000324063
5.5180e-02,-0.0325,-0.000155938
5.5190e-02,-0.0321875,0.000270938
5.5200e-02,-0.019375,-0.000270625
5.5210e-02,-0.0215625,-0.000439375
5.5220e-02,-0.0375,3.03125e-05
5.5230e-02,-0.0307813,-0.000494688
5.5240e-02,-0.0334375,0.000692813
5.5250e-02,-0.0334375,0.000745
5.5260e-02,-0.0304688,0.00021375
5.5270e-02,-0.0414063,0.00037375
5.5280e-02,-0.04,0.000470938
5.5290e-02,-0.0421875,0.000535313
5.5300e-02,-0.0423437,0.00101687
5.5310e-02,-0.0359375,0.0007275
5.5320e-02,-0.0371875,-0.000256875
5.5330e-02,-0.03125,2.46875e-05
5.5340e-02,-0.03375,0.00027375
5.5350e-02,-0.0389063,-7.625e-05
5.5360e-02,-0.0290625,-8.875e-05
5.5370e-02,-0.0360938,0.0003525
5.5380e-02,-0.0404687,9.21875e-05
5.5390e-02,-0.028125,-0.000454375
5.5400e-02,-0.041875,-1.125e-05
5.5410e-02,-0.035,-0.000253438
5.5420e-02,-0.0328125,4.96875e-05
5.5430e-02,-0.0389063,0.000619688
5.5440e-02,-0.0421875,0.000565313
5.5450e-02,-0.03125,-0.00016875
5.5460e-02,-0.0335937,-8.5e-05
5.5470e-02,-0.0454688,-0.00063125
5.5480e-02,-0.028125,-0.000205625
5.5490e-02,-0.033125,0.000156563
5.5500e-02,-0.0420312,-6.875e-06
5.5510e-02,-0.0290625,0.00040875
5.5520e-02,-0.0251563,3.21875e-05
5.5530e-02,-0.0204688,0.000258125
5.5540e-02,-0.03625,-9.5625e-05
5.5550e-02,-0.0373438,0.000314688
5.5560e-02,-0.0370313,0.0006675
5.5570e-02,-0.0414063,0.0009025
5.5580e-02,-0.0307813,0.000439063
5.5590e-02,-0.0326562,-2.46875e-05
5.5600e-02,-0.035625,-0.000546875
5.5610e-02,-0.0339062,-0.000120625
5.5620e-02,-0.0415625,0.00055625
5.5630e-02,-0.0321875,0.000591563
5.5640e-02,-0.0451563,0.00060875
5.5650e-02,-0.033125,0.000648125
5.5660e-02,-0.0421875,-0.000650625
5.5670e-02,-0.0390625,-0.0005425
5.5680e-02,-0.0290625,-0.000222188
5.5690e-02,-0.0307813,0.00026875
5.5700e-02,-0.0285938,0.000914375
5.5710e-02,-0.036875,-0.00012375
5.5720e-02,-0.0328125,-0.000315313
5.5730e-02,-0.030625,-0.000802188
5.5740e-02,-0.0439063,-0.00111281
5.5750e-02,-0.0364063,-0.00050875
5.5760e-02,-0.0345312,0.000956563
5.5770e-02,-0.0214063,0.00140406
5.5780e-02,-0.0415625,0.000527188
5.5790e-02,-0.0289063,-0.000463438
5.5800e-02,-0.0382813,-0.000474375
5.5810e-02,-0.0439063,-0.000214688
5.5820e-02,-0.0454688,0.0003625
5.5830e-02,-0.0295313,0.000751563
5.5840e-02,-0.0390625,0.000891563
5.5850e-02,-0.0426562,0.000486563
5.5860e-02,-0.0320312,-0.000475
5.5870e-02,-0.0407813,-0.00054
5.5880e-02,-0.033125,3.375e-05
5.5890e-02,-0.04,0.000660938
5.5900e-02,-0.0353125,0.000987812
5.5910e-02,-0.046875,0.000520625
5.5920e-02,-0.0390625,-0.00080125
5.5930e-02,-0.0398437,-0.000967188
5.5940e-02,-0.0220313,-0.00076375
5.5950e-02,-0.0314062,0.000859688
5.5960e-02,-0.0414063,0.00148406
5.5970e-02,-0.0460938,0.00125531
5.5980e-02,-0.0317188,0.000350313
5.5990e-02,-0.0282813,-0.00140438
5.6000e-02,-0.0332812,-0.0008975
5.6010e-02,-0.033125,-0.00069
5.6020e-02,-0.0460938,0.00101094
5.6030e-02,-0.0229687,0.00115031
5.6040e-02,-0.0473438,0.000444063
5.6050e-02,-0.0401563,-0.00066875
5.6060e-02,-0.035625,-0.00154031
5.6070e-02,-0.0332812,-0.00119531
5.6080e-02,-0.0439063,0.00102625
5.6090e-02,-0.0379688,0.00184594
5.6100e-02,-0.0315625,0.00174188
5.6110e-02,-0.0442188,0.000585938
5.6120e-02,-0.0251563,-0.00137813
5.6130e-02,-0.0332812,-0.00154125
5.6140e-02,-0.0429688,-0.00023
5.6150e-02,-0.035625,0.00172875
5.6160e-02,-0.0353125,0.00213531
5.6170e-02,-0.0528125,0.000878125
5.6180e-02,-0.0435938,-0.00120031
5.6190e-02,-0.034375,-0.00278
5.6200e-02,-0.0309375,-0.00220656
5.6210e-02,-0.0289063,0.000850938
5.6220e-02,-0.0414063,0.00229437
5.6230e-02,-0.025625,0.00242938
5.6240e-02,-0.0425,0.000285938
5.6250e-02,-0.0404687,-0.00207844
5.6260e-02,-0.0315625,-0.00269656
5.6270e-02,-0.046875,-0.000329375
5.6280e-02,-0.028125,0.00261469
5.6290e-02,-0.0401563,0.00348063
5.6300e-02,-0.0371875,0.000932813
5.6310e-02,-0.0464062,-0.00145063
5.6320e-02,-0.0420312,-0.00301281
5.6330e-02,-0.0298438,-0.00144031
5.6340e-02,-0.04125,0.00251094
5.6350e-02,-0.0371875,0.00421906
5.6360e-02,-0.0345312,0.00289
5.6370e-02,-0.0384375,-0.00161344
5.6380e-02,-0.0446875,-0.00497031
5.6390e-02,-0.0370313,-0.00471031
5.6400e-02,-0.0367188,-0.00069375
5.6410e-02,-0.0295313,0.00332031
5.6420e-02,-0.0340625,0.00484219
5.6430e-02,-0.0476562,0.00247313
5.6440e-02,-0.0465625,-0.00236344
5.6450e-02,-0.0515625,-0.00496563
5.6460e-02,-0.043125,-0.00302938
5.6470e-02,-0.0404687,0.00133438
5.6480e-02,-0.0403125,0.00527625
5.6490e-02,-0.0370313,0.00477
5.6500e-02,-0.0415625,0.00047875
5.6510e-02,-0.0395313,-0.0042575
5.6520e-02,-0.03625,-0.00521688
5.6530e-02,-0.0407813,-0.00125938
5.6540e-02,-0.0453125,0.00286375
5.6550e-02,-0.0426562,0.006495
5.6560e-02,-0.03625,0.00304563
5.6570e-02,-0.0459375,-0.00186813
5.6580e-02,-0.0470312,-0.00529094
5.6590e-02,-0.0364063,-0.00438
5.6600e-02,-0.0415625,-0.000144063
5.6610e-02,-0.0409375,0.0041475
5.6620e-02,-0.044375,0.00469719
5.6630e-02,-0.039375,0.000502813
5.6640e-02,-0.0445313,-0.00288469
5.6650e-02,-0.0315625,-0.00408188
5.6660e-02,-0.0446875,-0.00186469
5.6670e-02,-0.0435938,0.00175625
5.6680e-02,-0.035,0.00394594
5.6690e-02,-0.0471875,0.0025475
5.6700e-02,-0.0339062,-0.000494375
5.6710e-02,-0.0403125,-0.00369375
5.6720e-02,-0.0334375,-0.00306781
5.6730e-02,-0.036875,-0.0004075
5.6740e-02,-0.04125,0.00252344
5.6750e-02,-0.046875,0.00315531
5.6760e-02,-0.044375,0.000670938
5.6770e-02,-0.035625,-0.00206844
5.6780e-02,-0.0425,-0.00255313
5.6790e-02,-0.0370313,-0.00171469
5.6800e-02,-0.046875,0.00120469
5.6810e-02,-0.0317188,0.00259688
5.6820e-02,-0.0378125,0.00118594
5.6830e-02,-0.048125,-0.0004575
5.6840e-02,-0.0446875,-0.0017875
5.6850e-02,-0.0398437,-0.00181969
5.6860e-02,-0.0345312,-0.000186563
5.6870e-02,-0.0453125,0.00232
5.6880e-02,-0.0364063,0.00167281
5.6890e-02,-0.0473438,-0.00011625
5.6900e-02,-0.0385937,-0.00172156
5.6910e-02,-0.0451563,-0.00223281
5.6920e-02,-0.0345312,-0.000576563
5.6930e-02,-0.03875,0.000661563
5.6940e-02,-0.0510938,0.00149156
5.6950e-02,-0.035,0.000880625
5.6960e-02,-0.030625,-0.000536875
5.6970e-02,-0.0523437,-0.00199031
5.6980e-02,-0.0384375,-0.00113
5.6990e-02,-0.0392187,0.000143438
5.7000e-02,-0.0379688,0.00142156
5.7010e-02,-0.04125,0.00161375
5.7020e-02,-0.0509375,-0.000197813
5.7030e-02,-0.035,-0.0017825
5.7040e-02,-0.0439063,-0.00214125
5.7050e-02,-0.0510938,-0.000445625
5.7060e-02,-0.0446875,0.000520313
5.7070e-02,-0.0359375,0.0010275
5.7080e-02,-0.0396875,0.000429375
5.7090e-02,-0.0370313,-0.000215938
5.7100e-02,-0.0414063,-0.000210938
5.7110e-02,-0.0278125,-0.0003325
5.7120e-02,-0.0278125,0.00102
5.7130e-02,-0.0478125,0.00164219
5.7140e-02,-0.0457813,0.000475313
5.7150e-02,-0.0473438,-0.000853438
5.7160e-02,-0.0407813,-0.000228438
5.7170e-02,-0.0379688,-0.000711875
5.7180e-02,-0.0348437,-0.000514688
5.7190e-02,-0.0417187,0.000270938
5.7200e-02,-0.0385937,0.000181563
5.7210e-02,-0.029375,1.875e-05
5.7220e-02,-0.0478125,0.000302188
5.7230e-02,-0.044375,-0.00099375
5.7240e-02,-0.035625,-0.00101313
5.7250e-02,-0.033125,-0.000500312
5.7260e-02,-0.0510938,0.000804688
5.7270e-02,-0.044375,0.000535313
5.7280e-02,-0.03875,-0.00022
5.7290e-02,-0.055625,-0.000435
5.7300e-02,-0.0492188,-0.000728125
5.7310e-02,-0.0267187,-0.000826563
5.7320e-02,-0.043125,0.00019625
5.7330e-02,-0.03625,0.000709063
5.7340e-02,-0.0370313,0.000550625
5.7350e-02,-0.0439063,-5.9375e-05
5.7360e-02,-0.0276563,-0.0008525
5.7370e-02,-0.0346875,-0.000184375
5.7380e-02,-0.0409375,-9.15625e-05
5.7390e-02,-0.0339062,-0.00038375
5.7400e-02,-0.0467188,0.000328438
5.7410e-02,-0.035625,-0.00019375
5.7420e-02,-0.0514063,-0.000387188
5.7430e-02,-0.05375,-1.15625e-05
5.7440e-02,-0.0475,-0.000215625
5.7450e-02,-0.0373438,0.000315
5.7460e-02,-0.0328125,0.000909688
5.7470e-02,-0.034375,0.0007775
5.7480e-02,-0.051875,0.000158125
5.7490e-02,-0.039375,-0.000639063
5.7500e-02,-0.0467188,-0.00047
5.7510e-02,-0.030625,-0.000324688
5.7520e-02,-0.04375,-6.875e-05
5.7530e-02,-0.0348437,0.000135
5.7540e-02,-0.0417187,0.000344375
5.7550e-02,-0.0421875,-0.000110938
5.7560e-02,-0.0453125,-0.000269063
5.7570e-02,-0.0396875,-0.000925625
5.7580e-02,-0.0492188,-0.000445313
5.7590e-02,-0.0453125,0.0003325
5.7600e-02,-0.0485938,0.000486875
5.7610e-02,-0.0389063,-0.000389375
5.7620e-02,-0.0364063,-0.00069
5.7630e-02,-0.0542187,-0.000569375
5.7640e-02,-0.0371875,-0.000300313
5.7650e-02,-0.0382813,-0.000144063
5.7660e-02,-0.0435938,6.59375e-05
5.7670e-02,-0.03625,0.000229063
5.7680e-02,-0.045625,0.000440625
5.7690e-02,-0.04125,0.000550313
5.7700e-02,-0.0395313,-0.000296875
5.7710e-02,-0.041875,0.00046125
5.7720e-02,-0.046875,9.25e-05
5.7730e-02,-0.038125,0.000322813
5.7740e-02,-0.0334375,-0.00014875
5.7750e-02,-0.0540625,0.000389688
5.7760e-02,-0.0428125,-0.000427813
5.7770e-02,-0.0390625,-0.000441563
5.7780e-02,-0.0409375,-0.000503438
5.7790e-02,-0.0432813,-0.000420313
5.7800e-02,-0.0454688,0.000147188
5.7810e-02,-0.0457813,-0.000457188
5.7820e-02,-0.040625,-0.000458438
5.7830e-02,-0.0451563,-0.000197813
5.7840e-02,-0.0459375,-0.0001825
5.7850e-02,-0.0307813,-4.8125e-05
5.7860e-02,-0.0389063,0.000442813
5.7870e-02,-0.0351562,0.00083
5.7880e-02,-0.0417187,0.000254688
5.7890e-02,-0.0420312,-0.000504063
5.7900e-02,-0.0490625,-0.000489687
5.7910e-02,-0.0321875,2.84375e-05
5.7920e-02,-0.0426562,0.000334688
5.7930e-02,-0.0342187,-0.000250625
5.7940e-02,-0.045,0.0004375
5.7950e-02,-0.0429688,0.000440938
5.7960e-02,-0.0385937,0.000365313
5.7970e-02,-0.0446875,0.000749688
5.7980e-02,-0.05,0.0007825
5.7990e-02,-0.0296875,0.000385313
5.8000e-02,-0.04375,0.000680313
5.8010e-02,-0.039375,-0.000486875
5.8020e-02,-0.0367188,9.59375e-05
5.8030e-02,-0.044375,-0.000199688
5.8040e-02,-0.0332812,0.000299063
5.8050e-02,-0.033125,-0.000595313
5.8060e-02,-0.0464062,-4.0625e-05
5.8070e-02,-0.03875,9.21875e-05
5.8080e-02,-0.0454688,-0.000157188
5.8090e-02,-0.0414063,-0.000225625
5.8100e-02,-0.0301563,0.000315313
5.8110e-02,-0.0417187,0.000572187
5.8120e-02,-0.0407813,0.000122813
5.8130e-02,-0.040625,-0.000156875
5.8140e-02,-0.038125,6.6875e-05
5.8150e-02,-0.046875,-0.000250938
5.8160e-02,-0.0521875,-0.000465313
5.8170e-02,-0.045,-0.000508125
5.8180e-02,-0.0435938,-0.000380313
5.8190e-02,-0.0490625,6.3125e-05
5.8200e-02,-0.0435938,9.96875e-05
5.8210e-02,-0.0364063,-3.0625e-05
5.8220e-02,-0.0421875,-0.000194688
5.8230e-02,-0.0434375,0.000167188
5.8240e-02,-0.0373438,0.000347813
5.8250e-02,-0.0334375,0.000220938
5.8260e-02,-0.0385937,0.000551563
5.8270e-02,-0.0498438,0.000213438
5.8280e-02,-0.0390625,-0.000145938
5.8290e-02,-0.0475,-4.15625e-05
5.8300e-02,-0.040625,-0.000459375
5.8310e-02,-0.0409375,-0.0002825
5.8320e-02,-0.0542187,-3.3125e-05
5.8330e-02,-0.0582813,3.78125e-05
5.8340e-02,-0.053125,-0.000667188
5.8350e-02,-0.0434375,-8.625e-05
5.8360e-02,-0.0409375,0.000329063
5.8370e-02,-0.044375,0.000330625
5.8380e-02,-0.0535937,0.00021875
5.8390e-02,-0.0429688,-0.000257188
5.8400e-02,-0.044375,0.000125
5.8410e-02,-0.041875,-0.000612813
5.8420e-02,-0.04125,-1.25e-06
5.8430e-02,-0.0446875,-7.375e-05
5.8440e-02,-0.0375,0.000487813
5.8450e-02,-0.046875,-1.03125e-05
5.8460e-02,-0.0382813,-3.03125e-05
5.8470e-02,-0.041875,-0.000796563
5.8480e-02,-0.0473438,-0.000457813
5.8490e-02,-0.0457813,-9.5e-05
5.8500e-02,-0.0285938,0.000293438
5.8510e-02,-0.0320312,-0.000220313
5.8520e-02,-0.0529687,0.000405
5.8530e-02,-0.053125,0.000424688
5.8540e-02,-0.0460938,-0.000610938
5.8550e-02,-0.04375,-0.000361563
5.8560e-02,-0.0473438,-9.53125e-05
5.8570e-02,-0.0495312,0.0008175
5.8580e-02,-0.0445313,-0.000103125
5.8590e-02,-0.03875,0.000315313
5.8600e-02,-0.04375,-0.00012375
5.8610e-02,-0.0523437,-5.4375e-05
5.8620e-02,-0.0373438,-0.000295
5.8630e-02,-0.0471875,0.000164375
5.8640e-02,-0.0345312,-0.0001
5.8650e-02,-0.0282813,-0.000771875
5.8660e-02,-0.0359375,-0.000349063
5.8670e-02,-0.04125,-0.000588125
5.8680e-02,-0.0498438,-6.5625e-06
5.8690e-02,-0.0489062,0.000632813
5.8700e-02,-0.0440625,0.000734375
5.8710e-02,-0.0382813,5.25e-05
5.8720e-02,-0.0467188,0.00026875
5.8730e-02,-0.039375,0.00055625
5.8740e-02,-0.0457813,0.000889688
5.8750e-02,-0.04,0.0002125
5.8760e-02,-0.0476562,-7.125e-05
5.8770e-02,-0.0492188,0.000170313
5.8780e-02,-0.0473438,0.000514375
5.8790e-02,-0.033125,-6.65625e-05
5.8800e-02,-0.0379688,-0.00056625
5.8810e-02,-0.04,-0.000138125
5.8820e-02,-0.03625,0.000259688
5.8830e-02,-0.0415625,0.000192188
5.8840e-02,-0.04125,0.000924375
5.8850e-02,-0.0426562,0.000458125
5.8860e-02,-0.04625,3.03125e-05
5.8870e-02,-0.0554687,-0.000214063
5.8880e-02,-0.0426562,-0.000705
5.8890e-02,-0.0520313,-0.00039
5.8900e-02,-0.0439063,-0.000170625
5.8910e-02,-0.04375,-0.000400938
5.8920e-02,-0.0534375,0.000470313
5.8930e-02,-0.0492188,0.0002875
5.8940e-02,-0.0378125,0.00062375
5.8950e-02,-0.0496875,0.000621875
5.8960e-02,-0.0440625,0.000342188
5.8970e-02,-0.0490625,7e-05
5.8980e-02,-0.0467188,0.000523125
5.8990e-02,-0.0403125,-0.000165938
5.9000e-02,-0.0371875,-0.000303438
5.9010e-02,-0.051875,-7.15625e-05
5.9020e-02,-0.0239063,-0.00077625
5.9030e-02,-0.0442188,0.00020875
5.9040e-02,-0.0348437,-0.00040125
5.9050e-02,-0.0425,-0.000829063
5.9060e-02,-0.05,-0.000754375
5.9070e-02,-0.0428125,-0.000122813
5.9080e-02,-0.05625,-0.000213438
5.9090e-02,-0.0460938,0.000261875
5.9100e-02,-0.050625,-0.00014625
5.9110e-02,-0.0465625,-0.000938438
5.9120e-02,-0.0470312,-0.000475625
5.9130e-02,-0.0504687,-0.000575
5.9140e-02,-0.0328125,-0.000476875
5.9150e-02,-0.0548437,0.000279063
5.9160e-02,-0.039375,-0.000751875
5.9170e-02,-0.045625,-0.000456563
5.9180e-02,-0.0420312,-2.65625e-05
5.9190e-02,-0.034375,-0.000399688
5.9200e-02,-0.0317188,-5.34375e-05
5.9210e-02,-0.0403125,-0.000149063
5.9220e-02,-0.0460938,0.000235
5.9230e-02,-0.0457813,0.000422813
5.9240e-02,-0.0475,-4.125e-05
5.9250e-02,-0.0459375,-6.59375e-05
5.9260e-02,-0.0420312,-0.00013125
5.9270e-02,-0.03625,0.000184688
5.9280e-02,-0.0348437,0.000948125
5.9290e-02,-0.0528125,0.000384375
5.9300e-02,-0.0465625,0.0007925
5.9310e-02,-0.0435938,0.000504688
5.9320e-02,-0.045,-0.000603125
5.9330e-02,-0.0495312,-0.000793125
5.9340e-02,-0.0545313,0.00015
5.9350e-02,-0.033125,0.000130938
5.9360e-02,-0.045,0.000782813
5.9370e-02,-0.0309375,0.000936875
5.9380e-02,-0.0510938,0.000257188
5.9390e-02,-0.044375,0.000548125
5.9400e-02,-0.0492188,0.000370625
5.9410e-02,-0.0379688,5e-06
5.9420e-02,-0.0432813,-0.00041125
5.9430e-02,-0.026875,-6.09375e-05
5.9440e-02,-0.0467188,0.0009625
5.9450e-02,-0.0346875,-0.000253438
5.9460e-02,-0.0465625,-5.125e-05
5.9470e-02,-0.0470312,-0.000964688
5.9480e-02,-0.0460938,0.000141875
5.9490e-02,-0.03625,0.000564375
5.9500e-02,-0.0496875,0.000251562
5.9510e-02,-0.043125,0.000315938
5.9520e-02,-0.0435938,1.75e-05
5.9530e-02,-0.0492188,-0.000133125
5.9540e-02,-0.048125,0.000639688
5.9550e-02,-0.0425,0.00129563
5.9560e-02,-0.0478125,0.00103156
5.9570e-02,-0.051875,0.000667188
5.9580e-02,-0.0523437,-1.96875e-05
5.9590e-02,-0.0451563,-0.00062875
5.9600e-02,-0.038125,-0.000135625
5.9610e-02,-0.0482812,0.000754063
5.9620e-02,-0.04125,0.000905313
5.9630e-02,-0.0453125,4.46875e-05
5.9640e-02,-0.03875,0.000591563
5.9650e-02,-0.054375,-0.000113438
5.9660e-02,-0.0453125,-7.34375e-05
5.9670e-02,-0.0460938,0.00016
5.9680e-02,-0.0521875,1.1875e-05
5.9690e-02,-0.0398437,0.000880938
5.9700e-02,-0.0471875,-0.00035125
5.9710e-02,-0.0435938,-0.000251875
5.9720e-02,-0.0439063,-0.000171563
5.9730e-02,-0.0375,-0.000147188
5.9740e-02,-0.0470312,-0.0003375
5.9750e-02,-0.0410937,0.000631875
5.9760e-02,-0.0432813,0.000568438
5.9770e-02,-0.0496875,-0.000134375
5.9780e-02,-0.0421875,-0.00012
5.9790e-02,-0.0390625,-0.000125938
5.9800e-02,-0.044375,0.00041375
5.9810e-02,-0.04625,-7.59375e-05
5.9820e-02,-0.0446875,0.000851875
5.9830e-02,-0.0465625,0.000134688
5.9840e-02,-0.0529687,-8.75e-06
5.9850e-02,-0.0410937,-0.000124375
5.9860e-02,-0.0420312,-0.000374063
5.9870e-02,-0.0435938,-0.00029625
5.9880e-02,-0.0364063,-4.21875e-05
5.9890e-02,-0.0459375,-8.75e-05
5.9900e-02,-0.05,5.84375e-05
5.9910e-02,-0.03625,-0.000364063
5.9920e-02,-0.0435938,-0.000751563
5.9930e-02,-0.0451563,-0.00048
5.9940e-02,-0.0485938,9.34375e-05
5.9950e-02,-0.0434375,0.000615313
5.9960e-02,-0.0404687,0.000894063
5.9970e-02,-0.0435938,0.000734375
5.9980e-02,-0.0464062,0.000240625
5.9990e-02,-0.0576563,-0.00104719
6.0000e-02,-0.0384375,-0.00052625
6.0010e-02,-0.0440625,9.34375e-05
6.0020e-02,-0.0495312,0.001005
6.0030e-02,-0.0510938,0.001045
6.0040e-02,-0.045,1.875e-05
6.0050e-02,-0.0370313,-0.00101969
6.0060e-02,-0.0603125,-0.00041
6.0070e-02,-0.0442188,0.0003475
6.0080e-02,-0.0403125,0.00100469
6.0090e-02,-0.0470312,0.00092
6.0100e-02,-0.0434375,-0.00019875
6.0110e-02,-0.0423437,-0.00120031
6.0120e-02,-0.0548437,-0.00104625
6.0130e-02,-0.045625,-0.0001025
6.0140e-02,-0.0398437,0.000449063
6.0150e-02,-0.04875,0.00157281
6.0160e-02,-0.0478125,0.00101219
6.0170e-02,-0.0484375,-0.000456875
6.0180e-02,-0.0440625,-0.00168906
6.0190e-02,-0.0525,-0.001315
6.0200e-02,-0.04125,0.000313125
6.0210e-02,-0.0382813,0.00207219
6.0220e-02,-0.0432813,0.00087375
6.0230e-02,-0.039375,0.000101875
6.0240e-02,-0.0496875,-0.00148438
6.0250e-02,-0.0370313,-0.00095625
6.0260e-02,-0.0485938,1.25e-06
6.0270e-02,-0.046875,0.00177594
6.0280e-02,-0.0464062,0.00208125
6.0290e-02,-0.0575,0.00119563
6.0300e-02,-0.0489062,-0.000912188
6.0310e-02,-0.0489062,-0.00209344
6.0320e-02,-0.0475,-0.00197188
6.0330e-02,-0.0521875,0.000935625
6.0340e-02,-0.0520313,0.00263531
6.0350e-02,-0.053125,0.0017375
6.0360e-02,-0.03875,-0.000507188
6.0370e-02,-0.0478125,-0.00279063
6.0380e-02,-0.05,-0.00265094
6.0390e-02,-0.0454688,-0.000512188
6.0400e-02,-0.0545313,0.00270156
6.0410e-02,-0.0379688,0.00294656
6.0420e-02,-0.044375,0.00309344
6.0430e-02,-0.0353125,0.00305969
6.0440e-02,-0.0529687,0.00305125
6.0450e-02,-0.0489062,0.00317563
6.0460e-02,-0.049375,0.00313281
6.0470e-02,-0.0473438,0.00325063
6.0480e-02,-0.0523437,0.00303188
6.0490e-02,-1.22266,0.0002425
6.0500e-02,-1.59141,-0.00437344
6.0510e-02,-1.60297,-0.00698594
6.0520e-02,-1.37125,-0.00789844
6.0530e-02,-0.594219,-0.00777813
6.0540e-02,0.0854687,-0.00757656
6.0550e-02,0.075,-0.00745313
6.0560e-02,0.0846875,-0.00726406
6.0570e-02,0.0814062,-0.00746594
6.0580e-02,0.0707813,-0.00738125
6.0590e-02,0.0592188,-0.00716969
6.0600e-02,0.0384375,-0.00735219
6.0610e-02,0.0464062,-0.00710469
6.0620e-02,0.0378125,-0.00728219
6.0630e-02,0.0409375,-0.00734344
6.0640e-02,0.028125,-0.00738625
6.0650e-02,0.038125,-0.00738906
6.0660e-02,0.0165625,-0.00744469
6.0670e-02,0.0264063,-0.0073425
6.0680e-02,0.0301562,-0.00720469
6.0690e-02,0.0215625,-0.00710313
6.0700e-02,0.0253125,-0.00714406
6.0710e-02,0.0220312,-0.00733031
6.0720e-02,0.0171875,-0.00729
6.0730e-02,0.0292187,-0.00726
6.0740e-02,0.0148437,-0.00599469
6.0750e-02,0.02875,-0.00136125
6.0760e-02,0.0034375,0.00107313
6.0770e-02,0.0196875,0.000454063
6.0780e-02,0.00546875,-0.00182344
6.0790e-02,0.0171875,-0.00294406
6.0800e-02,-0.00203125,-0.000783125
6.0810e-02,0.0165625,0.00136563
6.0820e-02,0.00765625,0.00104781
6.0830e-02,0.009375,0.00103219
6.0840e-02,0.009375,-0.00111875
6.0850e-02,-0.006875,-0.00212125
6.0860e-02,0.00328125,-0.00141938
6.0870e-02,0.00796875,0.000417813
6.0880e-02,0.00625,0.0019375
6.0890e-02,-0.003125,0.00192156
6.0900e-02,-0.005625,-0.000209688
6.0910e-02,-0.00328125,-0.00127
6.0920e-02,-0.00390625,-0.000937188
6.0930e-02,0.004375,7.84375e-05
6.0940e-02,-0.003125,0.000197188
6.0950e-02,-0.01,0.0010875
6.0960e-02,0.0025,3.40625e-05
6.0970e-02,-0.00875,-0.000591563
6.0980e-02,-0.01,-0.00138563
6.0990e-02,-0.00453125,-0.000689063
6.1000e-02,-0.0025,0.000733438
6.1010e-02,-0.00421875,0.00132719
6.1020e-02,-0.003125,0.00119813
6.1030e-02,-0.0075,0.000597813
6.1040e-02,-0.0084375,-0.000264688
6.1050e-02,-0.00484375,-0.000845938
6.1060e-02,-0.0225,-4.34375e-05
6.1070e-02,-0.00859375,0.000656563
6.1080e-02,-0.0160938,0.00114344
6.1090e-02,-0.00265625,0.000405625
6.1100e-02,-0.00359375,0.000168125
6.1110e-02,-0.0176563,-0.00100688
6.1120e-02,-0.0090625,-0.00018125
6.1130e-02,-0.0135937,0.000359375
6.1140e-02,-0.0114062,0.00087375
6.1150e-02,-0.0090625,0.000834375
6.1160e-02,-0.00453125,0.000249688
6.1170e-02,-0.00578125,-0.000165938
6.1180e-02,-0.00796875,-0.000717813
6.1190e-02,-0.0167188,-0.00046625
6.1200e-02,-0.00953125,-0.000232188
6.1210e-02,-0.0146875,0.000540625
6.1220e-02,-0.0217188,0.000365
6.1230e-02,-0.0190625,-0.00055625
6.1240e-02,-0.00734375,9.0625e-06
6.1250e-02,-0.025,-0.000333125
6.1260e-02,-0.00828125,-0.00047875
6.1270e-02,-0.0151562,-0.000189375
6.1280e-02,-0.0176563,6.8125e-05
6.1290e-02,-0.0021875,0.00028
6.1300e-02,-0.0146875,9.28125e-05
6.1310e-02,-0.0153125,0.000205
6.1320e-02,-0.009375,-0.000253438
6.1330e-02,-0.00515625,9.375e-05
6.1340e-02,-0.015625,0.000802188
6.1350e-02,-0.0190625,0.00059625
6.1360e-02,-0.0128125,0.00030375
6.1370e-02,-0.016875,-0.000340625
6.1380e-02,-0.0115625,-0.000939375
6.1390e-02,-0.005625,-0.000105
6.1400e-02,-0.0214063,0.00019375
6.1410e-02,-0.015,0.0009075
6.1420e-02,-0.00984375,0.000525625
6.1430e-02,-0.0157813,7.84375e-05
6.1440e-02,-0.019375,0.00030625
6.1450e-02,-0.015,0.00100719
6.1460e-02,-0.0182812,-0.000326875
6.1470e-02,-0.0176563,-0.00024875
6.1480e-02,-0.0125,-6.3125e-05
6.1490e-02,-0.015,0.000265
6.1500e-02,-0.0196875,0.00012875
6.1510e-02,-0.0314062,-0.000500625
6.1520e-02,-0.0117188,-3e-05
6.1530e-02,-0.020625,0.00020875
6.1540e-02,-0.019375,0.00045875
6.1550e-02,-0.0289063,0.00052125
6.1560e-02,-0.0182812,-0.000343125
6.1570e-02,-0.0228125,-4.65625e-05
6.1580e-02,-0.0235938,0.0001
6.1590e-02,-0.0101563,-9.03125e-05
6.1600e-02,-0.0215625,-0.000119063
6.1610e-02,-0.00859375,-8.71875e-05
6.1620e-02,-0.0065625,9.28125e-05
6.1630e-02,-0.00875,-6.625e-05
6.1640e-02,-0.011875,-0.00101313
6.1650e-02,-0.0253125,-0.000140625
6.1660e-02,-0.0223437,-0.00034375
6.1670e-02,-0.0207813,-0.00048375
6.1680e-02,-0.0151562,-9.78125e-05
6.1690e-02,-0.0220313,-1.84375e-05
6.1700e-02,-0.0229687,0.000159688
6.1710e-02,-0.0301563,-0.000302813
6.1720e-02,-0.02,-0.00032625
6.1730e-02,-0.0139063,-0.000590938
6.1740e-02,-0.0264062,-0.000334375
6.1750e-02,-0.0270312,-0.00015125
6.1760e-02,-0.0234375,-0.00055
6.1770e-02,-0.0140625,-0.000407188
6.1780e-02,-0.0279688,-0.000710625
6.1790e-02,-0.0217188,-4.3125e-05
6.1800e-02,-0.0221875,0.000135625
6.1810e-02,-0.0353125,0.0002275
6.1820e-02,-0.0126563,0.000117813
6.1830e-02,-0.0214063,0.00022875
6.1840e-02,-0.0276563,-0.000767188
6.1850e-02,-0.0407813,-0.000309688
6.1860e-02,-0.0117188,0.000658125
6.1870e-02,-0.0303125,0.000719063
6.1880e-02,-0.0192187,-0.000158438
6.1890e-02,-0.0142188,-0.000743125
6.1900e-02,-0.026875,-0.000357188
6.1910e-02,-0.018125,-0.000591875
6.1920e-02,-0.02,-0.000552813
6.1930e-02,-0.02625,0.000391875
6.1940e-02,-0.0139063,-0.000542813
6.1950e-02,-0.0173438,-0.000601875
6.1960e-02,-0.0217188,-0.000326563
6.1970e-02,-0.0317188,-0.000304687
6.1980e-02,-0.0185937,-0.000274375
6.1990e-02,-0.0145312,-6.09375e-05
6.2000e-02,-0.01875,-2.15625e-05
6.2010e-02,-0.0226562,-0.000205938
6.2020e-02,-0.0232812,0.000295313
6.2030e-02,-0.0225,-0.000116875
6.2040e-02,-0.0290625,-0.000575313
6.2050e-02,-0.0248438,1.65625e-05
6.2060e-02,-0.0245313,0.000202188
6.2070e-02,-0.0276563,0.000579375
6.2080e-02,-0.0096875,-0.000229375
6.2090e-02,-0.0220313,-0.000165625
6.2100e-02,-0.0353125,-9.21875e-05
6.2110e-02,-0.0223437,4.3125e-05
6.2120e-02,-0.0310937,0.000275625
6.2130e-02,-0.0159375,-0.000157188
6.2140e-02,-0.0314062,0.000104688
6.2150e-02,-0.0175,-0.000222188
6.2160e-02,-0.0217188,-0.0006175
6.2170e-02,-0.0320312,-0.000760625
6.2180e-02,-0.0278125,-0.000221875
6.2190e-02,-0.029375,0.00101375
6.2200e-02,-0.0245313,0.000804063
6.2210e-02,-0.029375,0.000539688
6.2220e-02,-0.0370313,0.00012875
6.2230e-02,-0.0267187,0.0001475
6.2240e-02,-0.018125,0.000214375
6.2250e-02,-0.0264062,-0.000368438
6.2260e-02,-0.0159375,0.000413438
6.2270e-02,-0.031875,-0.00046625
6.2280e-02,-0.0284375,-1.5625e-06
6.2290e-02,-0.015625,0.000221563
6.2300e-02,-0.0365625,0.000426563
6.2310e-02,-0.024375,-0.000650313
6.2320e-02,-0.0296875,-0.00072875
6.2330e-02,-0.0173438,-0.000548125
6.2340e-02,-0.0314062,-1.4375e-05
6.2350e-02,-0.0326562,-1.84375e-05
6.2360e-02,-0.04625,-4.0625e-05
6.2370e-02,-0.0332812,-0.000134375
6.2380e-02,-0.0310937,0.000405938
6.2390e-02,-0.0270312,-4.6875e-05
6.2400e-02,-0.0260937,0.000657188
6.2410e-02,-0.0378125,-3.15625e-05
6.2420e-02,-0.0271875,7.875e-05
6.2430e-02,-0.0415625,-0.000216875
6.2440e-02,-0.0192187,-0.0001925
6.2450e-02,-0.0220313,-0.0005075
6.2460e-02,-0.0354688,-0.00124
6.2470e-02,-0.0353125,-0.0010375
6.2480e-02,-0.0376563,-0.000524688
6.2490e-02,-0.0214063,0.000207188
6.2500e-02,-0.0184375,-0.000132813
6.2510e-02,-0.0328125,-0.000414375
6.2520e-02,-0.0365625,0.000458438
6.2530e-02,-0.0323438,0.000321563
6.2540e-02,-0.04,3.96875e-05
6.2550e-02,-0.031875,-0.000559688
6.2560e-02,-0.0398437,-7.75e-05
6.2570e-02,-0.0220313,-0.000290625
6.2580e-02,-0.0365625,0.000155313
6.2590e-02,-0.035,0.000454688
6.2600e-02,-0.0248438,0.00020875
6.2610e-02,-0.0225,0.000189063
6.2620e-02,-0.0282813,0.000372813
6.2630e-02,-0.0257812,0.0002025
6.2640e-02,-0.0382813,-0.00095625
6.2650e-02,-0.0307813,-0.000240313
6.2660e-02,-0.02875,2.34375e-05
6.2670e-02,-0.0385937,4.53125e-05
6.2680e-02,-0.0310937,-0.0003275
6.2690e-02,-0.0239063,0.000179063
6.2700e-02,-0.0217188,-3.09375e-05
6.2710e-02,-0.0273438,4.0625e-06
6.2720e-02,-0.0328125,9.25e-05
6.2730e-02,-0.0410937,0.000109063
6.2740e-02,-0.0351562,-0.0003125
6.2750e-02,-0.0373438,0.000359688
6.2760e-02,-0.0345312,0.000235313
6.2770e-02,-0.0284375,0.000312813
6.2780e-02,-0.020625,0.00119969
6.2790e-02,-0.0315625,0.000674063
6.2800e-02,-0.033125,0.000416875
6.2810e-02,-0.0265625,0.000178125
6.2820e-02,-0.0365625,-0.000165938
6.2830e-02,-0.0265625,0.0001625
6.2840e-02,-0.0342187,-0.000205
6.2850e-02,-0.0284375,0.000628125
6.2860e-02,-0.0367188,0.000420938
6.2870e-02,-0.029375,0.000101875
6.2880e-02,-0.0317188,-9.46875e-05
6.2890e-02,-0.0342187,0.000429063
6.2900e-02,-0.0278125,0.00103094
6.2910e-02,-0.0385937,9.34375e-05
6.2920e-02,-0.039375,-6.15625e-05
6.2930e-02,-0.035625,0.00044125
6.2940e-02,-0.0204688,0.000134063
6.2950e-02,-0.0229687,4.09375e-05
6.2960e-02,-0.0279688,8.0625e-05
6.2970e-02,-0.02875,-0.00019
6.2980e-02,-0.0395313,-0.000251875
6.2990e-02,-0.0271875,0.000235625
6.3000e-02,-0.0296875,0.000360313
6.3010e-02,-0.0359375,-6.21875e-05
6.3020e-02,-0.0275,-0.000104375
6.3030e-02,-0.03375,-0.000247813
6.3040e-02,-0.0370313,0.000254688
6.3050e-02,-0.0320312,9.875e-05
6.3060e-02,-0.0348437,5.03125e-05
6.3070e-02,-0.0207813,4.0625e-05
6.3080e-02,-0.036875,0.0002525
6.3090e-02,-0.0309375,-0.00063875
6.3100e-02,-0.0326562,0.000687188
6.3110e-02,-0.0290625,-4.71875e-05
6.3120e-02,-0.0428125,-2.125e-05
6.3130e-02,-0.0304688,5.4375e-05
6.3140e-02,-0.0326562,-0.0003925
6.3150e-02,-0.041875,0.000379063
6.3160e-02,-0.0317188,0.000196875
6.3170e-02,-0.0225,0.000235313
6.3180e-02,-0.0348437,0.00051375
6.3190e-02,-0.0315625,0.0009325
6.3200e-02,-0.0317188,0.000247188
6.3210e-02,-0.0351562,9.625e-05
6.3220e-02,-0.0325,5.15625e-05
6.3230e-02,-0.0482812,0.00040625
6.3240e-02,-0.0359375,0.000930938
6.3250e-02,-0.0275,0.00065625
6.3260e-02,-0.0360938,0.000505
6.3270e-02,-0.0396875,-0.000406563
6.3280e-02,-0.0351562,-0.000788438
6.3290e-02,-0.0354688,-0.000267813
6.3300e-02,-0.04,0.0002375
6.3310e-02,-0.0409375,0.000309063
6.3320e-02,-0.0410937,-0.000304375
6.3330e-02,-0.03125,-0.000205313
6.3340e-02,-0.0440625,-0.000665625
6.3350e-02,-0.0320312,-0.0004475
6.3360e-02,-0.0398437,-0.000249688
6.3370e-02,-0.0339062,0.000261563
6.3380e-02,-0.0354688,0.0010875
6.3390e-02,-0.0375,0.00023125
6.3400e-02,-0.0357813,1.25e-06
6.3410e-02,-0.0290625,-0.000375625
6.3420e-02,-0.0445313,-4.125e-05
6.3430e-02,-0.0382813,3.3125e-05
6.3440e-02,-0.0265625,-0.0007
6.3450e-02,-0.0270312,-0.000245
6.3460e-02,-0.0395313,-0.000853438
6.3470e-02,-0.0376563,-0.00018125
6.3480e-02,-0.0314062,-0.000185625
6.3490e-02,-0.0304688,0.000183125
6.3500e-02,-0.0453125,0.000358438
6.3510e-02,-0.0278125,-0.00057875
6.3520e-02,-0.0359375,-0.000307188
6.3530e-02,-0.029375,-0.000354063
6.3540e-02,-0.0342187,9.53125e-05
6.3550e-02,-0.0195312,0.000215938
6.3560e-02,-0.0395313,-3.125e-07
6.3570e-02,-0.0315625,0.00057
6.3580e-02,-0.0309375,0.0003625
6.3590e-02,-0.0296875,0.00011
6.3600e-02,-0.0379688,-0.000164688
6.3610e-02,-0.02625,-9.65625e-05
6.3620e-02,-0.0295313,0.000518438
6.3630e-02,-0.0321875,0.000629688
6.3640e-02,-0.0340625,0.000795938
6.3650e-02,-0.0342187,0.000816563
6.3660e-02,-0.0371875,-0.000186875
6.3670e-02,-0.0351562,-7.3125e-05
6.3680e-02,-0.0295313,-3.84375e-05
6.3690e-02,-0.036875,-0.000694688
6.3700e-02,-0.0403125,-8.375e-05
6.3710e-02,-0.0476562,0.000633125
6.3720e-02,-0.0509375,-0.000325313
6.3730e-02,-0.0275,-0.000750625
6.3740e-02,-0.0334375,-0.000752188
6.3750e-02,-0.0382813,9.59375e-05
6.3760e-02,-0.039375,7.96875e-05
6.3770e-02,-0.0304688,0.00078
6.3780e-02,-0.0328125,0.000649375
6.3790e-02,-0.035625,-0.000114063
6.3800e-02,-0.0489062,-0.000898125
6.3810e-02,-0.0460938,-0.000559688
6.3820e-02,-0.0432813,-2.40625e-05
6.3830e-02,-0.0307813,0.000584688
6.3840e-02,-0.043125,0.000607813
6.3850e-02,-0.0323438,9.25e-05
6.3860e-02,-0.0214063,-0.000268438
6.3870e-02,-0.0407813,-0.00071625
6.3880e-02,-0.0295313,-0.00102688
6.3890e-02,-0.0254688,0.000187188
6.3900e-02,-0.0410937,0.00121063
6.3910e-02,-0.0379688,0.000460625
6.3920e-02,-0.0384375,-0.000147813
6.3930e-02,-0.0323438,-0.000872188
6.3940e-02,-0.0464062,-0.000320313
6.3950e-02,-0.0384375,0.00054375
6.3960e-02,-0.0425,0.000981563
6.3970e-02,-0.0401563,0.00092625
6.3980e-02,-0.0465625,7.0625e-05
6.3990e-02,-0.0382813,-0.00135563
6.4000e-02,-0.0359375,-0.00120969
6.4010e-02,-0.0353125,-0.000925
6.4020e-02,-0.0382813,0.00111156
6.4030e-02,-0.0345312,0.00233156
6.4040e-02,-0.0248438,0.00222344
6.4050e-02,-0.0351562,-0.000182813
6.4060e-02,-0.0240625,-0.00181219
6.4070e-02,-0.0276563,-0.00175781
6.4080e-02,-0.0348437,0.000253125
6.4090e-02,-0.0425,0.00156438
6.4100e-02,-0.0279688,0.00179375
6.4110e-02,-0.0414063,0.000454375
6.4120e-02,-0.0451563,-0.000800313
6.4130e-02,-0.0273438,-0.00202781
6.4140e-02,-0.0426562,-0.000878125
6.4150e-02,-0.0496875,0.000573125
6.4160e-02,-0.053125,0.00230875
6.4170e-02,-0.05125,0.00161156
6.4180e-02,-0.0476562,-0.000394688
6.4190e-02,-0.04125,-0.00222813
6.4200e-02,-0.0553125,-0.00212656
6.4210e-02,-0.0396875,5.0625e-05
6.4220e-02,-0.0360938,0.00207219
6.4230e-02,-0.02875,0.0016275
6.4240e-02,-0.041875,-0.000244063
6.4250e-02,-0.0395313,-0.00234375
6.4260e-02,-0.0517188,-0.00225938
6.4270e-02,-0.0325,-0.000730313
6.4280e-02,-0.0353125,0.0023025
6.4290e-02,-0.0407813,0.0029825
6.4300e-02,-0.0454688,0.00137313
6.4310e-02,-0.0407813,-0.00146938
6.4320e-02,-0.0357813,-0.00338563
6.4330e-02,-0.0451563,-0.00235719
6.4340e-02,-0.0390625,0.000535313
6.4350e-02,-0.0384375,0.0036525
6.4360e-02,-0.0321875,0.00386594
6.4370e-02,-0.0403125,0.000523438
6.4380e-02,-0.0382813,-0.00310406
6.4390e-02,-0.0420312,-0.00418469
6.4400e-02,-0.040625,-0.00101719
6.4410e-02,-0.033125,0.0022375
6.4420e-02,-0.0440625,0.00462781
6.4430e-02,-0.043125,0.00231531
6.4440e-02,-0.0428125,-0.00185156
6.4450e-02,-0.0396875,-0.00453063
6.4460e-02,-0.0323438,-0.00306219
6.4470e-02,-0.0245313,0.000278125
6.4480e-02,-0.0370313,0.00416344
6.4490e-02,-0.0390625,0.00456594
6.4500e-02,-0.033125,0.0016
6.4510e-02,-0.0384375,-0.00375781
6.4520e-02,-0.0395313,-0.00560031
6.4530e-02,-0.0346875,-0.00264781
6.4540e-02,-0.040625,0.00173969
6.4550e-02,-0.045625,0.00482844
6.4560e-02,-0.046875,0.00261969
6.4570e-02,-0.0453125,-0.00122344
6.4580e-02,-0.035,-0.0035975
6.4590e-02,-0.0426562,-0.00373844
6.4600e-02,-0.0320312,0.000129062
6.4610e-02,-0.0396875,0.00338938
6.4620e-02,-0.0325,0.00405156
6.4630e-02,-0.02375,0.002165
6.4640e-02,-0.040625,-0.001935
6.4650e-02,-0.0425,-0.00478844
6.4660e-02,-0.0371875,-0.00243281
6.4670e-02,-0.0392187,0.000764375
6.4680e-02,-0.0434375,0.00338875
6.4690e-02,-0.031875,0.00244344
6.4700e-02,-0.03375,-0.000185
6.4710e-02,-0.0451563,-0.00256281
6.4720e-02,-0.0378125,-0.00269094
6.4730e-02,-0.055,-0.0005775
6.4740e-02,-0.0467188,0.00257156
6.4750e-02,-0.0429688,0.003345
6.4760e-02,-0.034375,0.00197375
6.4770e-02,-0.0339062,-0.00021
6.4780e-02,-0.0364063,-0.00145625
6.4790e-02,-0.036875,-0.000392813
6.4800e-02,-0.0370313,0.00039
6.4810e-02,-0.0339062,0.00191813
6.4820e-02,-0.04375,0.001445
6.4830e-02,-0.0317188,-0.000757813
6.4840e-02,-0.0314062,-0.0017675
6.4850e-02,-0.04125,-0.00188094
6.4860e-02,-0.0426562,0.000760625
6.4870e-02,-0.0359375,0.00183156
6.4880e-02,-0.0314062,0.00172469
6.4890e-02,-0.0398437,0.000706875
6.4900e-02,-0.0395313,-0.000699063
6.4910e-02,-0.0367188,-0.00126625
6.4920e-02,-0.045625,-0.000455313
6.4930e-02,-0.0428125,0.00106781
6.4940e-02,-0.0475,0.00146188
6.4950e-02,-0.041875,0.0008525
6.4960e-02,-0.0514063,-0.0006275
6.4970e-02,-0.0370313,-0.00184844
6.4980e-02,-0.0307813,-0.00184906
6.4990e-02,-0.0417187,0.000232188
6.5000e-02,-0.0298438,0.00126375
6.5010e-02,-0.0454688,0.00126344
6.5020e-02,-0.0420312,0.000365
6.5030e-02,-0.0370313,-0.00122
6.5040e-02,-0.0489062,-0.00100281
6.5050e-02,-0.0423437,-0.000555938
6.5060e-02,-0.0470312,0.000515938
6.5070e-02,-0.0265625,0.000374375
6.5080e-02,-0.0384375,0.000716875
6.5090e-02,-0.0440625,-0.000450938
6.5100e-02,-0.038125,-0.000399063
6.5110e-02,-0.045,-0.00115094
6.5120e-02,-0.0307813,0.000161563
6.5130e-02,-0.0378125,0.000905625
6.5140e-02,-0.053125,0.000775625
6.5150e-02,-0.0340625,9.90625e-05
6.5160e-02,-0.046875,0.00013375
6.5170e-02,-0.04875,-0.00049125
6.5180e-02,-0.0451563,-0.000667188
6.5190e-02,-0.0357813,0.000366875
6.5200e-02,-0.049375,0.00104563
6.5210e-02,-0.036875,0.0005875
6.5220e-02,-0.03125,-0.0005375
6.5230e-02,-0.0284375,-7.1875e-06
6.5240e-02,-0.0448438,-0.00023625
6.5250e-02,-0.034375,-0.000442188
6.5260e-02,-0.0425,-0.000103125
6.5270e-02,-0.0325,0.0002325
6.5280e-02,-0.0353125,0.0005975
6.5290e-02,-0.0446875,-0.00011
6.5300e-02,-0.0407813,-0.00011875
6.5310e-02,-0.039375,-0.000345938
6.5320e-02,-0.04375,0.000721875
6.5330e-02,-0.0467188,0.000736563
6.5340e-02,-0.0392187,0.000494375
6.5350e-02,-0.0390625,0.0001775
6.5360e-02,-0.0525,-0.000319063
6.5370e-02,-0.0403125,2.46875e-05
6.5380e-02,-0.0328125,-0.000705
6.5390e-02,-0.0323438,0.000231563
6.5400e-02,-0.0390625,0.000374375
6.5410e-02,-0.033125,0.000373125
6.5420e-02,-0.0428125,-0.000227188
6.5430e-02,-0.0354688,-0.00015625
6.5440e-02,-0.0464062,-9.40625e-05
6.5450e-02,-0.044375,0.0002025
6.5460e-02,-0.0378125,0.000105625
6.5470e-02,-0.0367188,0.000345
6.5480e-02,-0.0471875,0.000319375
6.5490e-02,-0.0495312,-6.5e-05
6.5500e-02,-0.033125,-8.28125e-05
6.5510e-02,-0.0464062,-0.000404688
6.5520e-02,-0.0453125,0.000252188
6.5530e-02,-0.0540625,-0.0001175
6.5540e-02,-0.0485938,5.5625e-05
6.5550e-02,-0.034375,3.5e-05
6.5560e-02,-0.0410937,-0.00065875
6.5570e-02,-0.0389063,-0.00130563
6.5580e-02,-0.0470312,-0.000432813
6.5590e-02,-0.0404687,0.000280625
6.5600e-02,-0.0535937,0.00049
6.5610e-02,-0.0485938,0.00063125
6.5620e-02,-0.0378125,0.00077125
6.5630e-02,-0.0434375,-0.000488125
6.5640e-02,-0.0451563,-0.000175625
6.5650e-02,-0.0351562,0.0001275
6.5660e-02,-0.0428125,-0.000485
6.5670e-02,-0.0271875,0.00044875
6.5680e-02,-0.0339062,0.000649688
6.5690e-02,-0.0357813,-0.00019625
6.5700e-02,-0.0348437,-0.000441875
6.5710e-02,-0.035625,-0.000315
6.5720e-02,-0.0364063,0.00024625
6.5730e-02,-0.0379688,0.000781563
6.5740e-02,-0.04125,0.000254375
6.5750e-02,-0.0398437,-0.000414375
6.5760e-02,-0.043125,0.000170313
6.5770e-02,-0.0385937,0.000297188
6.5780e-02,-0.0445313,-0.00014375
6.5790e-02,-0.0453125,0.000289688
6.5800e-02,-0.04375,0.000128125
6.5810e-02,-0.0271875,-0.000352813
6.5820e-02,-0.043125,0.00015
6.5830e-02,-0.0465625,-0.000249375
6.5840e-02,-0.0465625,0.000368438
6.5850e-02,-0.0390625,0.000209375
6.5860e-02,-0.035,0.000510937
6.5870e-02,-0.0534375,0.000487188
6.5880e-02,-0.0403125,0.00021
6.5890e-02,-0.0432813,-0.000484688
6.5900e-02,-0.0370313,-0.000870313
6.5910e-02,-0.0448438,-0.00026375
6.5920e-02,-0.035,0.000468125
6.5930e-02,-0.0520313,0.00030875
6.5940e-02,-0.044375,0.00054
6.5950e-02,-0.0384375,0.000602188
6.5960e-02,-0.0464062,-0.000120625
6.5970e-02,-0.0451563,0.000425625
6.5980e-02,-0.0551563,-0.000115625
6.5990e-02,-0.033125,0.000159375
6.6000e-02,-0.0479688,0.000553125
6.6010e-02,-0.046875,0.0003075
6.6020e-02,-0.0360938,4.625e-05
6.6030e-02,-0.0434375,-0.00022375
6.6040e-02,-0.0492188,-0.000219063
6.6050e-02,-0.0401563,0.000175313
6.6060e-02,-0.0376563,0.000114688
6.6070e-02,-0.0435938,0.000267813
6.6080e-02,-0.0357813,-0.00014
6.6090e-02,-0.0459375,-0.00019375
6.6100e-02,-0.054375,6.59375e-05
6.6110e-02,-0.0510938,6.25e-05
6.6120e-02,-0.041875,-0.0002125
6.6130e-02,-0.05125,0.00044125
6.6140e-02,-0.0445313,0.000206875
6.6150e-02,-0.0429688,0.000529063
6.6160e-02,-0.039375,-0.000677813
6.6170e-02,-0.0407813,-6.3125e-05
6.6180e-02,-0.0425,-0.000162813
6.6190e-02,-0.0485938,0.000898125
6.6200e-02,-0.0465625,-0.000501563
6.6210e-02,-0.0451563,-0.000338125
6.6220e-02,-0.0342187,7.65625e-05
6.6230e-02,-0.038125,-0.000687813
6.6240e-02,-0.0339062,0.00010125
6.6250e-02,-0.045,-0.000298438
6.6260e-02,-0.048125,0.00054625
6.6270e-02,-0.0445313,0.000242188
6.6280e-02,-0.0417187,0.000343125
6.6290e-02,-0.045625,6.75e-05
6.6300e-02,-0.0582813,-0.000120625
6.6310e-02,-0.0607812,-6.5625e-05
6.6320e-02,-0.0339062,-7.9375e-05
6.6330e-02,-0.0525,3.03125e-05
6.6340e-02,-0.0478125,-0.000435313
6.6350e-02,-0.0545313,0.000413438
6.6360e-02,-0.0365625,0.000144688
6.6370e-02,-0.046875,-0.000383438
6.6380e-02,-0.043125,-0.000284375
6.6390e-02,-0.0340625,0.000516875
6.6400e-02,-0.045,0.000416875
6.6410e-02,-0.0525,-0.000427813
6.6420e-02,-0.0396875,-0.000589688
6.6430e-02,-0.0473438,0.0002475
6.6440e-02,-0.0454688,-0.00030625
6.6450e-02,-0.0425,-0.000350313
6.6460e-02,-0.0367188,-0.000410625
6.6470e-02,-0.0367188,-0.000306875
6.6480e-02,-0.0546875,0.000161875
6.6490e-02,-0.0453125,-0.000747813
6.6500e-02,-0.0434375,-0.000760625
6.6510e-02,-0.0385937,3.15625e-05
6.6520e-02,-0.0423437,-0.000360938
6.6530e-02,-0.0457813,-0.000130625
6.6540e-02,-0.0335937,4.71875e-05
6.6550e-02,-0.0410937,-0.0005025
6.6560e-02,-0.0575,0.0006325
6.6570e-02,-0.0315625,0.00060125
6.6580e-02,-0.0401563,-0.000740313
6.6590e-02,-0.0465625,-7.5e-06
6.6600e-02,-0.0476562,-0.000372813
6.6610e-02,-0.0407813,2.875e-05
6.6620e-02,-0.0417187,-0.000475
6.6630e-02,-0.0523437,-0.00027375
6.6640e-02,-0.0376563,0.000211875
6.6650e-02,-0.0321875,0.000176875
6.6660e-02,-0.0401563,-8.4375e-06
6.6670e-02,-0.0592188,-0.000133125
6.6680e-02,-0.04625,0.000338438
6.6690e-02,-0.0528125,0.000182188
6.6700e-02,-0.0471875,0.000460313
6.6710e-02,-0.0465625,-4.65625e-05
6.6720e-02,-0.0396875,-0.000195625
6.6730e-02,-0.0365625,-0.000685938
6.6740e-02,-0.0407813,-0.000326563
6.6750e-02,-0.0395313,-0.0005325
6.6760e-02,-0.035625,-9.375e-07
6.6770e-02,-0.0396875,0.000578125
6.6780e-02,-0.0354688,0.000558125
6.6790e-02,-0.0346875,0.00080125
6.6800e-02,-0.0503125,-0.000859375
6.6810e-02,-0.03875,-0.000296875
6.6820e-02,-0.0459375,0.000515313
6.6830e-02,-0.0503125,0.000132188
6.6840e-02,-0.0446875,0.000827813
6.6850e-02,-0.041875,-8.375e-05
6.6860e-02,-0.043125,-0.000109688
6.6870e-02,-0.0429688,-1.78125e-05
6.6880e-02,-0.04625,0.00018125
6.6890e-02,-0.0490625,0.000155313
6.6900e-02,-0.0395313,-1.0625e-05
6.6910e-02,-0.051875,-3.21875e-05
6.6920e-02,-0.0403125,9.59375e-05
6.6930e-02,-0.0378125,-0.000310938
6.6940e-02,-0.0357813,0.000256875
6.6950e-02,-0.0515625,-2.9375e-05
6.6960e-02,-0.0510938,-0.000265313
6.6970e-02,-0.0470312,0.000445938
6.6980e-02,-0.0403125,-0.000620938
6.6990e-02,-0.043125,0.00011125
6.7000e-02,-0.039375,0.000315313
6.7010e-02,-0.0571875,7.90625e-05
6.7020e-02,-0.0309375,0.000103438
6.7030e-02,-0.0454688,0.000561875
6.7040e-02,-0.0473438,0.000469063
6.7050e-02,-0.0414063,7.96875e-05
6.7060e-02,-0.0409375,0.000120313
6.7070e-02,-0.0479688,0.00047
6.7080e-02,-0.0376563,5.40625e-05
6.7090e-02,-0.0459375,-0.00021375
6.7100e-02,-0.03,-3e-05
6.7110e-02,-0.0403125,-0.000190625
6.7120e-02,-0.0429688,0.000391563
6.7130e-02,-0.04875,2.21875e-05
6.7140e-02,-0.0453125,0.000324375
6.7150e-02,-0.0321875,0.000155313
6.7160e-02,-0.0409375,0.000895313
6.7170e-02,-0.0342187,0.000422813
6.7180e-02,-0.045625,0.000905938
6.7190e-02,-0.0467188,1.5625e-05
6.7200e-02,-0.0390625,3.90625e-05
6.7210e-02,-0.0495312,0.000119063
6.7220e-02,-0.0473438,2.21875e-05
6.7230e-02,-0.03875,-0.00010375
6.7240e-02,-0.046875,-0.000315
6.7250e-02,-0.050625,-0.000802188
6.7260e-02,-0.0475,-0.000685313
6.7270e-02,-0.04875,-0.000703125
6.7280e-02,-0.041875,4.625e-05
6.7290e-02,-0.045625,0.000663438
6.7300e-02,-0.0434375,0.00057125
6.7310e-02,-0.0459375,0.000280938
6.7320e-02,-0.0521875,0.00045125
6.7330e-02,-0.0451563,0.00028125
6.7340e-02,-0.0414063,0.000101875
6.7350e-02,-0.0373438,0.000141563
6.7360e-02,-0.049375,0.000146563
6.7370e-02,-0.0417187,6.09375e-05
6.7380e-02,-0.0379688,0.000205625
6.7390e-02,-0.046875,-0.000432813
6.7400e-02,-0.0429688,0.000189688
6.7410e-02,-0.0375,-0.000342813
6.7420e-02,-0.0507812,-9.8125e-05
6.7430e-02,-0.0476562,-0.000385
6.7440e-02,-0.0379688,0.000354375
6.7450e-02,-0.0529687,-0.00013125
6.7460e-02,-0.0339062,-0.000385625
6.7470e-02,-0.0442188,-0.000465938
6.7480e-02,-0.05,-0.000583438
6.7490e-02,-0.0525,-3.65625e-05
6.7500e-02,-0.0465625,8.4375e-05
6.7510e-02,-0.0464062,0.000123125
6.7520e-02,-0.0359375,0.0004675
6.7530e-02,-0.0489062,0.000391875
6.7540e-02,-0.0409375,0.000143125
6.7550e-02,-0.04375,0.00075375
6.7560e-02,-0.0476562,0.000598125
6.7570e-02,-0.045625,0.000766563
6.7580e-02,-0.0409375,0.000584063
6.7590e-02,-0.0392187,-5.15625e-05
6.7600e-02,-0.0432813,-5.5625e-05
6.7610e-02,-0.0421875,-7.5e-06
6.7620e-02,-0.0426562,7e-05
6.7630e-02,-0.0445313,-0.000379063
6.7640e-02,-0.044375,-2.9375e-05
6.7650e-02,-0.0429688,-8.4375e-05
6.7660e-02,-0.0384375,-0.000508437
6.7670e-02,-0.0498438,-0.000135625
6.7680e-02,-0.046875,9.59375e-05
6.7690e-02,-0.036875,0.000124688
6.7700e-02,-0.0501562,0.000129062
6.7710e-02,-0.0426562,-4.5625e-05
6.7720e-02,-0.0432813,-0.000262187
6.7730e-02,-0.0621875,0.000110938
6.7740e-02,-0.0442188,0.000104375
6.7750e-02,-0.0460938,-0.0002975
6.7760e-02,-0.036875,-0.00010125
6.7770e-02,-0.0446875,0.000197188
6.7780e-02,-0.05875,-0.0007075
6.7790e-02,-0.0334375,-2.46875e-05
6.7800e-02,-0.0448438,-0.00028625
6.7810e-02,-0.04875,-0.000532813
6.7820e-02,-0.0578125,0.000174063
6.7830e-02,-0.0517188,0.000649688
6.7840e-02,-0.050625,0.000625313
6.7850e-02,-0.0435938,-0.000223438
6.7860e-02,-0.0265625,-0.0005725
6.7870e-02,-0.0571875,0.000131875
6.7880e-02,-0.0401563,-0.000146875
6.7890e-02,-0.0440625,0.000935
6.7900e-02,-0.05125,-0.000523438
6.7910e-02,-0.0384375,-0.000225
6.7920e-02,-0.0473438,-0.000492813
6.7930e-02,-0.0421875,-0.000900625
6.7940e-02,-0.0467188,-4.875e-05
6.7950e-02,-0.0485938,0.000162813
6.7960e-02,-0.0434375,0.000638438
6.7970e-02,-0.0490625,0.000526563
6.7980e-02,-0.0417187,9.78125e-05
6.7990e-02,-0.0451563,-0.000639375
6.8000e-02,-0.0504687,0.000188125
6.8010e-02,-0.0409375,0.000180938
6.8020e-02,-0.0451563,0.000865
6.8030e-02,-0.0484375,0.000732188
6.8040e-02,-0.0420312,-8.9375e-05
6.8050e-02,-0.0390625,-0.00136188
6.8060e-02,-0.0503125,-0.00198781
6.8070e-02,-0.0403125,-0.000673125
6.8080e-02,-0.0398437,0.00093875
6.8090e-02,-0.0615625,0.0008975
6.8100e-02,-0.049375,-8.5e-05
6.8110e-02,-0.0439063,-0.00154906
6.8120e-02,-0.0507812,-0.00120625
6.8130e-02,-0.03875,-0.00117531
6.8140e-02,-0.04625,9.46875e-05
6.8150e-02,-0.0432813,0.000739375
6.8160e-02,-0.0473438,-5.8125e-05
6.8170e-02,-0.0390625,-0.000235313
6.8180e-02,-0.0454688,-0.00126094
6.8190e-02,-0.050625,-0.000893438
6.8200e-02,-0.0442188,8.71875e-05
6.8210e-02,-0.0464062,0.00118406
6.8220e-02,-0.0417187,0.00209281
6.8230e-02,-0.0473438,0.000575625
6.8240e-02,-0.0582813,-0.00141563
6.8250e-02,-0.0396875,-0.00182719
6.8260e-02,-0.0415625,-0.000346875
6.8270e-02,-0.0465625,0.00122094
6.8280e-02,-0.0348437,0.00136188
6.8290e-02,-0.0304688,0.000737188
6.8300e-02,-0.0510938,-0.00089
6.8310e-02,-0.0523437,-0.00166469
6.8320e-02,-0.0409375,-0.00141625
6.8330e-02,-0.0545313,0.000298125
6.8340e-02,-0.0526563,0.00231375
6.8350e-02,-0.0489062,0.00219094
6.8360e-02,-0.0429688,-0.000574688
6.8370e-02,-0.0460938,-0.00213344
6.8380e-02,-0.0484375,-0.00269219
6.8390e-02,-0.04,-0.0007675
6.8400e-02,-0.0629688,0.00137875
6.8410e-02,-0.0517188,0.00266
6.8420e-02,-0.05,0.00305313
6.8430e-02,-0.0479688,0.00287469
6.8440e-02,-0.0384375,0.00307313
6.8450e-02,-0.0384375,0.00290594
6.8460e-02,-0.0404687,0.00310188
6.8470e-02,-0.0459375,0.00295625
6.8480e-02,-0.0395313,0.00297219
6.8490e-02,1.12984,0.000957188
6.8500e-02,0.103594,-0.00409469
6.8510e-02,0.292187,-0.00615938
6.8520e-02,-0.464531,-0.00753563
6.8530e-02,-0.750156,-0.00792344
6.8540e-02,0.0920312,-0.00763656
6.8550e-02,0.08,-0.0075575
6.8560e-02,0.0859375,-0.00748656
6.8570e-02,0.0715625,-0.007615
6.8580e-02,0.0609375,-0.00744969
6.8590e-02,0.0621875,-0.00753688
6.8600e-02,0.055625,-0.0075175
6.8610e-02,0.0548437,-0.00746813
6.8620e-02,0.0403125,-0.00752906
6.8630e-02,0.035625,-0.00757313
6.8640e-02,0.029375,-0.0075275
6.8650e-02,0.0376563,-0.00750031
6.8660e-02,0.0259375,-0.00753
6.8670e-02,0.0239063,-0.00739188
6.8680e-02,0.0259375,-0.00750531
6.8690e-02,0.0246875,-0.00741094
6.8700e-02,0.009375,-0.00752719
6.8710e-02,0.0146875,-0.00734344
6.8720e-02,0.020625,-0.00746344
6.8730e-02,0.0210937,-0.0074075
6.8740e-02,0.0292187,-0.00689031
6.8750e-02,0.0104687,-0.00155125
6.8760e-02,0.0154687,0.00150438
6.8770e-02,0.0126562,6.46875e-05
6.8780e-02,0.009375,-0.002595
6.8790e-02,-0.005,-0.00313063
6.8800e-02,0.0040625,-0.00144
6.8810e-02,0.003125,0.000700625
6.8820e-02,-0.005,0.0020675
6.8830e-02,0.010625,0.00132156
6.8840e-02,0.00421875,-0.000347813
6.8850e-02,0.00796875,-0.00229688
6.8860e-02,0.024375,-0.00139813
6.8870e-02,-0.004375,0.000650625
6.8880e-02,0.00921875,0.00140688
6.8890e-02,0.005,0.00121313
6.8900e-02,0.00625,2.53125e-05
6.8910e-02,0.00265625,-0.00182469
6.8920e-02,0.00171875,-0.00189094
6.8930e-02,0.0110937,-0.00111625
6.8940e-02,0.00765625,0.000684063
6.8950e-02,0.0003125,0.0018325
6.8960e-02,-0.0021875,0.000754375
6.8970e-02,0.00171875,-2.40625e-05
6.8980e-02,-0.0096875,-0.0013975
6.8990e-02,-0.00734375,-0.00132219
6.9000e-02,-0.00921875,-0.000107188
6.9010e-02,-0.0009375,0.000692188
6.9020e-02,-0.00203125,0.000475
6.9030e-02,-0.0121875,-0.000129688
6.9040e-02,0,-0.00117625
6.9050e-02,-0.000625,-0.00110344
6.9060e-02,-0.00765625,9.5625e-05
6.9070e-02,-0.0046875,0.000318438
6.9080e-02,0.0009375,0.000345938
6.9090e-02,-0.00875,0.000396875
6.9100e-02,-0.0164063,-0.000335
6.9110e-02,-0.00921875,-0.00133531
6.9120e-02,-0.0028125,-0.000804063
6.9130e-02,-0.0128125,5.3125e-05
6.9140e-02,-0.0071875,0.000559688
6.9150e-02,-0.009375,0.000699063
6.9160e-02,-0.0126563,0.00055
6.9170e-02,-0.006875,-0.000277188
6.9180e-02,-0.0160938,-0.00136219
6.9190e-02,-0.0173438,-0.00073375
6.9200e-02,-0.0160938,0.000461563
6.9210e-02,-0.0071875,0.000336875
6.9220e-02,-0.01375,0.0002725
6.9230e-02,-0.0117188,-0.00025375
6.9240e-02,-0.005,-0.000693125
6.9250e-02,-0.0178125,-7.1875e-06
6.9260e-02,-0.0103125,-0.000185
6.9270e-02,-0.005625,0.00082
6.9280e-02,-0.0114062,0.00019125
6.9290e-02,-0.0065625,0.000457188
6.9300e-02,-0.0160938,-0.0003825
6.9310e-02,-0.014375,-0.000414375
6.9320e-02,-0.0228125,-0.000645
6.9330e-02,-0.0117188,-0.000747188
6.9340e-02,-0.0178125,-0.000139375
6.9350e-02,-0.011875,-0.00030625
6.9360e-02,-0.0125,-0.000515938
6.9370e-02,-0.0203125,9.9375e-05
6.9380e-02,-0.0209375,-0.00069875
6.9390e-02,-0.0217188,-0.00127094
6.9400e-02,-0.0215625,-0.000675313
6.9410e-02,-0.0129688,-0.000567813
6.9420e-02,-0.0179687,-0.0004925
6.9430e-02,-0.0117188,-0.000974375
6.9440e-02,-0.0275,-0.000872188
6.9450e-02,-0.0160938,-0.00181375
6.9460e-02,-0.018125,-0.00062375
6.9470e-02,-0.0114062,-0.000298438
6.9480e-02,-0.00453125,0.000126875
6.9490e-02,-0.0148437,0.000170625
6.9500e-02,-0.0170313,-0.000335938
6.9510e-02,-0.0179687,-0.000105
6.9520e-02,-0.015,-0.00021625
6.9530e-02,-0.0196875,-0.000179375
6.9540e-02,-0.0179687,6.53125e-05
6.9550e-02,-0.0248438,-0.000445625
6.9560e-02,-0.0223437,-3.0625e-05
6.9570e-02,-0.0128125,-0.000944688
6.9580e-02,-0.0203125,-0.000283437
6.9590e-02,-0.016875,-0.000496875
6.9600e-02,-0.0146875,-0.000225938
6.9610e-02,-0.0179687,0.0007825
6.9620e-02,-0.0220313,0.000470313
6.9630e-02,-0.0232812,0.000178125
6.9640e-02,-0.0107813,0.000970313
6.9650e-02,-0.0176563,-1.90625e-05
6.9660e-02,-0.0151562,-0.000228438
6.9670e-02,-0.0232812,0.000289688
6.9680e-02,-0.025625,-6.25e-06
6.9690e-02,-0.0151562,-0.000299688
6.9700e-02,-0.0248438,-8.90625e-05
6.9710e-02,-0.0276563,-0.00023125
6.9720e-02,-0.035625,-0.000106875
6.9730e-02,-0.0217188,1.25e-05
6.9740e-02,-0.0135937,0.000639375
6.9750e-02,-0.0171875,9.71875e-05
6.9760e-02,-0.02375,5.3125e-05
6.9770e-02,-0.01125,0.000280313
6.9780e-02,-0.030625,2.65625e-05
6.9790e-02,-0.01125,2.625e-05
6.9800e-02,-0.0315625,0.000641563
6.9810e-02,-0.0215625,0.000315313
6.9820e-02,-0.0198438,3.5625e-05
6.9830e-02,-0.0165625,-0.000385938
6.9840e-02,-0.0278125,2.375e-05
6.9850e-02,-0.020625,-0.00082125
6.9860e-02,-0.0360938,-0.00088125
6.9870e-02,-0.0276563,0.00018125
6.9880e-02,-0.019375,0.000430313
6.9890e-02,-0.025625,0.000454688
6.9900e-02,-0.0165625,-0.000590938
6.9910e-02,-0.0223437,-0.000445938
6.9920e-02,-0.0304688,-0.000145938
6.9930e-02,-0.028125,0.00029875
6.9940e-02,-0.0307813,0.000412813
6.9950e-02,-0.0279688,0.000980938
6.9960e-02,-0.0264062,0.0003
6.9970e-02,-0.0259375,-0.00069
6.9980e-02,-0.0315625,-0.000216563
6.9990e-02,-0.0295313,-0.000543125
7.0000e-02,-0.0342187,3.3125e-05
7.0010e-02,-0.021875,0.000507188
7.0020e-02,-0.0226562,0.000605313
7.0030e-02,-0.0135937,-0.000437188
7.0040e-02,-0.0107813,1.15625e-05
7.0050e-02,-0.023125,0.00013125
7.0060e-02,-0.0289063,0.000451563
7.0070e-02,-0.018125,0.000402813
7.0080e-02,-0.0332812,0.000251875
7.0090e-02,-0.0198438,0.000297813
7.0100e-02,-0.0267187,-0.000272812
7.0110e-02,-0.021875,0.000489687
7.0120e-02,-0.0296875,0.00051625
7.0130e-02,-0.0226562,0.000195938
7.0140e-02,-0.0357813,7.40625e-05
7.0150e-02,-0.0259375,0.00017875
7.0160e-02,-0.0278125,0.000481875
7.0170e-02,-0.0259375,0.000300313
7.0180e-02,-0.024375,-0.0007075
7.0190e-02,-0.0295313,-0.000168125
7.0200e-02,-0.0279688,0.000171875
7.0210e-02,-0.0479688,6.125e-05
7.0220e-02,-0.0209375,-0.000220938
7.0230e-02,-0.0375,0.000143438
7.0240e-02,-0.0253125,-2.21875e-05
7.0250e-02,-0.0301563,0.0002875
7.0260e-02,-0.02875,3.375e-05
7.0270e-02,-0.0225,-0.000408438
7.0280e-02,-0.0307813,-3.34375e-05
7.0290e-02,-0.0295313,-0.0001725
7.0300e-02,-0.0290625,-0.000453438
7.0310e-02,-0.0240625,0.000321563
7.0320e-02,-0.0279688,-2.5625e-05
7.0330e-02,-0.0325,0.000334688
7.0340e-02,-0.0289063,0.000423438
7.0350e-02,-0.0273438,9.5e-05
7.0360e-02,-0.0335937,-2.03125e-05
7.0370e-02,-0.0332812,0.000659688
7.0380e-02,-0.0323438,0.000277188
7.0390e-02,-0.0184375,6e-05
7.0400e-02,-0.02125,0.00051125
7.0410e-02,-0.0228125,7.375e-05
7.0420e-02,-0.0310937,-0.00012625
7.0430e-02,-0.020625,0.00031
7.0440e-02,-0.0267187,-0.000406875
7.0450e-02,-0.0315625,-0.000605
7.0460e-02,-0.0195312,0.000156563
7.0470e-02,-0.0176563,0.000281875
7.0480e-02,-0.0223437,-0.000506563
7.0490e-02,-0.0410937,4.53125e-05
7.0500e-02,-0.0423437,-9.375e-05
7.0510e-02,-0.0451563,0.0001675
7.0520e-02,-0.0335937,0.000207188
7.0530e-02,-0.0290625,-9.59375e-05
7.0540e-02,-0.0292188,0.00052125
7.0550e-02,-0.0239063,-9.0625e-06
7.0560e-02,-0.0282813,-0.000157813
7.0570e-02,-0.0359375,0.000453125
7.0580e-02,-0.0246875,0.000295938
7.0590e-02,-0.0292188,0.000170313
7.0600e-02,-0.0229687,0.000620313
7.0610e-02,-0.035,-8.53125e-05
7.0620e-02,-0.0260937,0.00036875
7.0630e-02,-0.041875,0.000562813
7.0640e-02,-0.0209375,0.00106
7.0650e-02,-0.0239063,0.000939375
7.0660e-02,-0.0360938,-0.000145313
7.0670e-02,-0.0364063,0.000255625
7.0680e-02,-0.034375,6.5e-05
7.0690e-02,-0.0378125,-0.00044125
7.0700e-02,-0.0284375,-0.00038875
7.0710e-02,-0.0265625,-0.000369688
7.0720e-02,-0.0353125,0.00024875
7.0730e-02,-0.0409375,0.000121563
7.0740e-02,-0.025,7.4375e-05
7.0750e-02,-0.0314062,-9.375e-05
7.0760e-02,-0.0379688,-3.5625e-05
7.0770e-02,-0.0292188,-0.00023
7.0780e-02,-0.0392187,0.000346875
7.0790e-02,-0.0339062,0.0003425
7.0800e-02,-0.0429688,2.5625e-05
7.0810e-02,-0.03875,9.46875e-05
7.0820e-02,-0.0278125,6.125e-05
7.0830e-02,-0.0220313,-9.0625e-06
7.0840e-02,-0.035625,0.000321875
7.0850e-02,-0.0296875,-4.09375e-05
7.0860e-02,-0.0195312,-0.000253438
7.0870e-02,-0.035625,0.000405625
7.0880e-02,-0.0529687,0.000627813
7.0890e-02,-0.0359375,-0.000172188
7.0900e-02,-0.0342187,0.000388125
7.0910e-02,-0.0367188,0.000232813
7.0920e-02,-0.0342187,0.00072625
7.0930e-02,-0.0353125,-0.000152813
7.0940e-02,-0.0370313,2.5e-05
7.0950e-02,-0.030625,0.000119063
7.0960e-02,-0.0378125,3.84375e-05
7.0970e-02,-0.0421875,-0.000131875
7.0980e-02,-0.0245313,0.000286563
7.0990e-02,-0.0317188,0.000423125
7.1000e-02,-0.0353125,-3e-05
7.1010e-02,-0.0254688,-0.000205938
7.1020e-02,-0.0284375,-0.000153125
7.1030e-02,-0.0407813,0.000219063
7.1040e-02,-0.0371875,0.000223438
7.1050e-02,-0.045625,0.000129375
7.1060e-02,-0.0354688,-0.000374063
7.1070e-02,-0.0360938,8.0625e-05
7.1080e-02,-0.0185937,7.5625e-05
7.1090e-02,-0.0317188,0.000224688
7.1100e-02,-0.035625,0.00073375
7.1110e-02,-0.0301563,0.00065
7.1120e-02,-0.03125,9.46875e-05
7.1130e-02,-0.0390625,-0.000105
7.1140e-02,-0.0270312,-8.9375e-05
7.1150e-02,-0.0396875,-0.0008125
7.1160e-02,-0.0376563,-0.00083875
7.1170e-02,-0.0409375,1.5625e-06
7.1180e-02,-0.025625,0.000553125
7.1190e-02,-0.0457813,9.3125e-05
7.1200e-02,-0.0321875,-9.0625e-05
7.1210e-02,-0.0432813,0.000287188
7.1220e-02,-0.0314062,1.625e-05
7.1230e-02,-0.031875,0.000525938
7.1240e-02,-0.0273438,0.000199375
7.1250e-02,-0.0289063,-9.0625e-05
7.1260e-02,-0.0385937,-0.00108969
7.1270e-02,-0.030625,-0.00107
7.1280e-02,-0.03125,-0.000631875
7.1290e-02,-0.0301563,7.15625e-05
7.1300e-02,-0.039375,-0.000471563
7.1310e-02,-0.038125,-2.53125e-05
7.1320e-02,-0.0410937,7.90625e-05
7.1330e-02,-0.0325,-0.000443438
7.1340e-02,-0.0348437,7.375e-05
7.1350e-02,-0.03125,0.000542813
7.1360e-02,-0.0334375,0.000625938
7.1370e-02,-0.0476562,0.000824688
7.1380e-02,-0.0310937,4.28125e-05
7.1390e-02,-0.03625,-0.000278125
7.1400e-02,-0.023125,-2.65625e-05
7.1410e-02,-0.0340625,-0.00030125
7.1420e-02,-0.031875,0.000157813
7.1430e-02,-0.0510938,0.000271563
7.1440e-02,-0.035625,1.4375e-05
7.1450e-02,-0.02125,0.000271875
7.1460e-02,-0.03625,-0.000689063
7.1470e-02,-0.04375,-0.000555938
7.1480e-02,-0.0421875,-0.000530938
7.1490e-02,-0.0295313,-0.000410313
7.1500e-02,-0.0346875,0.000300313
7.1510e-02,-0.0465625,0.000203438
7.1520e-02,-0.0367188,-0.000347188
7.1530e-02,-0.0454688,-0.000581563
7.1540e-02,-0.0314062,4.25e-05
7.1550e-02,-0.0296875,0.000708438
7.1560e-02,-0.0385937,0.000328125
7.1570e-02,-0.0385937,0.000623125
7.1580e-02,-0.0378125,0.000588125
7.1590e-02,-0.0482812,-0.000272188
7.1600e-02,-0.029375,-0.000468438
7.1610e-02,-0.0335937,-0.000465938
7.1620e-02,-0.0220313,0.000855625
7.1630e-02,-0.0367188,0.00068625
7.1640e-02,-0.0359375,0.00041875
7.1650e-02,-0.040625,-0.000334688
7.1660e-02,-0.0339062,-6.5625e-05
7.1670e-02,-0.0348437,0.000299063
7.1680e-02,-0.0390625,0.000158125
7.1690e-02,-0.044375,0.000689688
7.1700e-02,-0.0396875,0.000916875
7.1710e-02,-0.03125,0.000207188
7.1720e-02,-0.0207813,-8.5e-05
7.1730e-02,-0.0348437,-0.00041
7.1740e-02,-0.041875,7.84375e-05
7.1750e-02,-0.0403125,5.125e-05
7.1760e-02,-0.0401563,0.000475
7.1770e-02,-0.044375,0.000654688
7.1780e-02,-0.0307813,0.00025625
7.1790e-02,-0.0378125,0.000549375
7.1800e-02,-0.039375,-0.000289688
7.1810e-02,-0.0390625,-0.000385
7.1820e-02,-0.0320312,0.000705
7.1830e-02,-0.0396875,0.000703438
7.1840e-02,-0.0323438,0.000554063
7.1850e-02,-0.0332812,1.375e-05
7.1860e-02,-0.0354688,-0.000495
7.1870e-02,-0.0417187,-0.000490313
7.1880e-02,-0.0420312,-0.000152188
7.1890e-02,-0.0334375,0.000883438
7.1900e-02,-0.0309375,0.000421875
7.1910e-02,-0.036875,0.00077875
7.1920e-02,-0.0476562,-0.000358438
7.1930e-02,-0.040625,-0.000286563
7.1940e-02,-0.0373438,-0.000946875
7.1950e-02,-0.0317188,0.00022125
7.1960e-02,-0.04375,0.00103031
7.1970e-02,-0.0382813,0.00152594
7.1980e-02,-0.0442188,0.00067875
7.1990e-02,-0.0329688,-0.000200313
7.2000e-02,-0.0382813,-0.000894375
7.2010e-02,-0.034375,-0.00123313
7.2020e-02,-0.040625,0.000695625
7.2030e-02,-0.0340625,0.00141281
7.2040e-02,-0.0342187,0.000968438
7.2050e-02,-0.033125,-0.000709688
7.2060e-02,-0.0392187,-0.000459688
7.2070e-02,-0.0470312,-0.000928125
7.2080e-02,-0.0485938,-0.00024125
7.2090e-02,-0.0410937,0.00092375
7.2100e-02,-0.0365625,0.00175
7.2110e-02,-0.0464062,0.000642188
7.2120e-02,-0.0379688,-0.00083625
7.2130e-02,-0.0390625,-0.0009175
7.2140e-02,-0.0403125,-0.000965
7.2150e-02,-0.0407813,0.000623438
7.2160e-02,-0.0384375,0.00198156
7.2170e-02,-0.03125,0.00129281
7.2180e-02,-0.0453125,-0.000554688
7.2190e-02,-0.035,-0.00143406
7.2200e-02,-0.0429688,-0.0007375
7.2210e-02,-0.0478125,0.000391875
7.2220e-02,-0.03875,0.00116531
7.2230e-02,-0.0457813,0.00151
7.2240e-02,-0.04375,0.000180313
7.2250e-02,-0.0295313,-0.00138281
7.2260e-02,-0.046875,-0.00229375
7.2270e-02,-0.03875,-0.001045
7.2280e-02,-0.0404687,0.00168813
7.2290e-02,-0.0309375,0.00341844
7.2300e-02,-0.0384375,0.00162438
7.2310e-02,-0.0351562,-0.00111344
7.2320e-02,-0.0442188,-0.00309906
7.2330e-02,-0.0275,-0.00236563
7.2340e-02,-0.0257812,0.000977187
7.2350e-02,-0.0489062,0.00337094
7.2360e-02,-0.0370313,0.0027
7.2370e-02,-0.0454688,0.000572813
7.2380e-02,-0.0410937,-0.00200563
7.2390e-02,-0.0446875,-0.00344469
7.2400e-02,-0.0345312,-0.00160688
7.2410e-02,-0.0421875,0.00204656
7.2420e-02,-0.0398437,0.00412094
7.2430e-02,-0.0345312,0.00250188
7.2440e-02,-0.0432813,-0.000489063
7.2450e-02,-0.04,-0.00428344
7.2460e-02,-0.0251563,-0.00359094
7.2470e-02,-0.0285938,-0.000375
7.2480e-02,-0.0440625,0.00383719
7.2490e-02,-0.0434375,0.00404969
7.2500e-02,-0.038125,0.00104906
7.2510e-02,-0.0442188,-0.00285875
7.2520e-02,-0.0295313,-0.00466313
7.2530e-02,-0.039375,-0.00257531
7.2540e-02,-0.050625,0.00171531
7.2550e-02,-0.04625,0.00473531
7.2560e-02,-0.035625,0.00300813
7.2570e-02,-0.0339062,-0.000823125
7.2580e-02,-0.0520313,-0.00376375
7.2590e-02,-0.0392187,-0.00467688
7.2600e-02,-0.0442188,-0.00115
7.2610e-02,-0.055625,0.00256438
7.2620e-02,-0.0339062,0.00508
7.2630e-02,-0.0476562,0.00247094
7.2640e-02,-0.04,-0.00190844
7.2650e-02,-0.0465625,-0.00453938
7.2660e-02,-0.0442188,-0.00339156
7.2670e-02,-0.0415625,0.000518438
7.2680e-02,-0.043125,0.00317375
7.2690e-02,-0.04375,0.00276125
7.2700e-02,-0.0379688,0.000304063
7.2710e-02,-0.0259375,-0.00336313
7.2720e-02,-0.0435938,-0.00300375
7.2730e-02,-0.031875,-0.000825313
7.2740e-02,-0.0421875,0.00171438
7.2750e-02,-0.0353125,0.00311281
7.2760e-02,-0.0423437,0.00179688
7.2770e-02,-0.0396875,-0.00112469
7.2780e-02,-0.034375,-0.00287156
7.2790e-02,-0.0360938,-0.00213656
7.2800e-02,-0.030625,-5.9375e-05
7.2810e-02,-0.0435938,0.001505
7.2820e-02,-0.0398437,0.00111313
7.2830e-02,-0.050625,-0.000165
7.2840e-02,-0.0403125,-0.00203
7.2850e-02,-0.04375,-0.00127594
7.2860e-02,-0.0507812,-0.000454688
7.2870e-02,-0.0365625,0.001695
7.2880e-02,-0.0385937,0.00187656
7.2890e-02,-0.04,-2.78125e-05
7.2900e-02,-0.0460938,-0.00108531
7.2910e-02,-0.0445313,-0.00118188
7.2920e-02,-0.0454688,-0.000784688
7.2930e-02,-0.04625,0.00085875
7.2940e-02,-0.0446875,0.00117063
7.2950e-02,-0.0289063,0.000695
7.2960e-02,-0.0385937,-0.000514063
7.2970e-02,-0.0370313,-0.000708125
7.2980e-02,-0.0360938,-0.00090125
7.2990e-02,-0.0464062,-5.3125e-05
7.3000e-02,-0.0357813,0.000600938
7.3010e-02,-0.0410937,0.00199031
7.3020e-02,-0.0470312,0.000102188
7.3030e-02,-0.0454688,-0.00130219
7.3040e-02,-0.040625,-0.00124406
7.3050e-02,-0.0371875,-0.00108375
7.3060e-02,-0.0414063,0.000341563
7.3070e-02,-0.0389063,0.00145969
7.3080e-02,-0.0396875,0.00129094
7.3090e-02,-0.0484375,0.000175313
7.3100e-02,-0.0373438,-0.00042125
7.3110e-02,-0.0498438,0.000164688
7.3120e-02,-0.0482812,0.0001875
7.3130e-02,-0.0403125,0.00114625
7.3140e-02,-0.036875,0.000899063
7.3150e-02,-0.0359375,-0.000195313
7.3160e-02,-0.049375,0.000139375
7.3170e-02,-0.0425,-0.0006075
7.3180e-02,-0.0398437,-0.0005625
7.3190e-02,-0.0329688,-1.9375e-05
7.3200e-02,-0.0448438,0.000890625
7.3210e-02,-0.0353125,0.000504063
7.3220e-02,-0.03875,-0.000775313
7.3230e-02,-0.0404687,-0.00048875
7.3240e-02,-0.0407813,-0.00102438
7.3250e-02,-0.04875,0.000166875
7.3260e-02,-0.0384375,0.000152813
7.3270e-02,-0.04625,0.00028125
7.3280e-02,-0.0360938,0.000145625
7.3290e-02,-0.0432813,0.0001075
7.3300e-02,-0.0398437,-0.0001725
7.3310e-02,-0.0407813,0.000240625
7.3320e-02,-0.0392187,0.00125125
7.3330e-02,-0.0367188,0.000532187
7.3340e-02,-0.0482812,0.000860938
7.3350e-02,-0.0482812,0.000185625
7.3360e-02,-0.045625,0.00015625
7.3370e-02,-0.039375,-0.000462813
7.3380e-02,-0.034375,-0.00039125
7.3390e-02,-0.0360938,0.000612813
7.3400e-02,-0.0326562,0.000117188
7.3410e-02,-0.0354688,-6.75e-05
7.3420e-02,-0.0467188,-0.000293125
7.3430e-02,-0.04375,-0.000423438
7.3440e-02,-0.038125,-0.0003275
7.3450e-02,-0.0385937,5.21875e-05
7.3460e-02,-0.045625,0.000256875
7.3470e-02,-0.0346875,0.000338438
7.3480e-02,-0.0378125,0.000675625
7.3490e-02,-0.05,0.000655938
7.3500e-02,-0.0401563,-0.000837813
7.3510e-02,-0.045,-0.000279688
7.3520e-02,-0.0410937,0.000527813
7.3530e-02,-0.0367188,0.0003675
7.3540e-02,-0.0459375,0.000964375
7.3550e-02,-0.0315625,0.000361875
7.3560e-02,-0.0460938,0.000155313
7.3570e-02,-0.0496875,0.000340313
7.3580e-02,-0.03625,0.000468438
7.3590e-02,-0.0471875,0.000205938
7.3600e-02,-0.0417187,0.000243438
7.3610e-02,-0.0464062,0.000100625
7.3620e-02,-0.0498438,-0.000270938
7.3630e-02,-0.0471875,-0.000428125
7.3640e-02,-0.0523437,-0.000599688
7.3650e-02,-0.0357813,-0.000297813
7.3660e-02,-0.0479688,8.8125e-05
7.3670e-02,-0.0471875,0.00013
7.3680e-02,-0.044375,0.000416563
7.3690e-02,-0.041875,0.000642188
7.3700e-02,-0.0442188,0.000825313
7.3710e-02,-0.0285938,0.000371875
7.3720e-02,-0.039375,-0.000293438
7.3730e-02,-0.025,0.000429063
7.3740e-02,-0.0409375,-0.000224375
7.3750e-02,-0.0382813,-0.000852188
7.3760e-02,-0.04,-0.000305
7.3770e-02,-0.026875,0.000218125
7.3780e-02,-0.0398437,0.0001725
7.3790e-02,-0.048125,0.000169688
7.3800e-02,-0.0503125,7.65625e-05
7.3810e-02,-0.04625,2.84375e-05
7.3820e-02,-0.0403125,0.000200938
7.3830e-02,-0.0407813,-0.00012875
7.3840e-02,-0.0359375,0.000696875
7.3850e-02,-0.035625,-2.1875e-06
7.3860e-02,-0.0301563,-3.4375e-05
7.3870e-02,-0.0423437,0.000268125
7.3880e-02,-0.0275,7.4375e-05
7.3890e-02,-0.0453125,2.75e-05
7.3900e-02,-0.0376563,0.000367188
7.3910e-02,-0.0378125,0.000660313
7.3920e-02,-0.0376563,0.000566563
7.3930e-02,-0.0326562,0.000587188
7.3940e-02,-0.048125,-0.000373438
7.3950e-02,-0.0485938,-0.000644063
7.3960e-02,-0.0489062,3.03125e-05
7.3970e-02,-0.0417187,8.09375e-05
7.3980e-02,-0.045,-0.000316875
7.3990e-02,-0.04875,0.000458125
7.4000e-02,-0.0567187,0.00084
7.4010e-02,-0.0375,0.000269688
7.4020e-02,-0.0520313,-0.000183125
7.4030e-02,-0.0460938,-0.000720313
7.4040e-02,-0.0432813,-0.00053375
7.4050e-02,-0.0525,0.00109406
7.4060e-02,-0.045625,0.000819375
7.4070e-02,-0.034375,0.000364688
7.4080e-02,-0.0525,0.0008675
7.4090e-02,-0.0398437,0.000645313
7.4100e-02,-0.0460938,6.4375e-05
7.4110e-02,-0.0329688,0.000389375
7.4120e-02,-0.04625,0.000294375
7.4130e-02,-0.0342187,-0.000113125
7.4140e-02,-0.0515625,7.5625e-05
7.4150e-02,-0.0364063,-0.000329063
7.4160e-02,-0.045,-7e-05
7.4170e-02,-0.0453125,5e-06
7.4180e-02,-0.048125,0.000480938
7.4190e-02,-0.0365625,0.000363438
7.4200e-02,-0.0476562,3.625e-05
7.4210e-02,-0.053125,-0.000594375
7.4220e-02,-0.045,-5.3125e-06
7.4230e-02,-0.0515625,0.0002875
7.4240e-02,-0.030625,0.0004825
7.4250e-02,-0.0460938,7.6875e-05
7.4260e-02,-0.05375,0.00022
7.4270e-02,-0.0470312,0.000364375
7.4280e-02,-0.0459375,-0.000355625
7.4290e-02,-0.04375,-6.78125e-05
7.4300e-02,-0.0564063,-0.000272812
7.4310e-02,-0.0459375,0.000749688
7.4320e-02,-0.0520313,0.000100625
7.4330e-02,-0.045,-0.000228438
7.4340e-02,-0.0421875,2.84375e-05
7.4350e-02,-0.0459375,0.000327813
7.4360e-02,-0.0414063,-0.0002075
7.4370e-02,-0.0514063,-0.000701875
7.4380e-02,-0.0442188,-8.46875e-05
7.4390e-02,-0.0435938,-4.25e-05
7.4400e-02,-0.0457813,-0.000105
7.4410e-02,-0.0420312,0.000324375
7.4420e-02,-0.0489062,-0.000233125
7.4430e-02,-0.0503125,0.000916875
7.4440e-02,-0.040625,0.00013125
7.4450e-02,-0.0470312,-0.000267188
7.4460e-02,-0.0385937,-0.000546563
7.4470e-02,-0.0417187,-1.65625e-05
7.4480e-02,-0.0385937,-0.000119688
7.4490e-02,-0.040625,0.00115156
7.4500e-02,-0.0523437,-9.78125e-05
7.4510e-02,-0.0540625,0.00019875
7.4520e-02,-0.0409375,0.000794688
7.4530e-02,-0.0404687,0.000608438
7.4540e-02,-0.039375,-0.00041875
7.4550e-02,-0.0478125,3.3125e-05
7.4560e-02,-0.0495312,0.000164688
7.4570e-02,-0.0521875,0.000405
7.4580e-02,-0.0467188,-0.000635
7.4590e-02,-0.0378125,0.000174375
7.4600e-02,-0.04875,0.000423438
7.4610e-02,-0.05125,6.25e-06
7.4620e-02,-0.0407813,0.000189688
7.4630e-02,-0.04625,0.000190938
7.4640e-02,-0.0484375,-8.90625e-05
7.4650e-02,-0.0509375,0.000233438
7.4660e-02,-0.0396875,-6.09375e-05
7.4670e-02,-0.03125,0.000441563
7.4680e-02,-0.0501562,0.00079125
7.4690e-02,-0.0409375,-0.000310625
7.4700e-02,-0.0467188,5.375e-05
7.4710e-02,-0.0359375,0.00044875
7.4720e-02,-0.0470312,0.000332188
7.4730e-02,-0.056875,0.000443125
7.4740e-02,-0.0460938,-0.000294062
7.4750e-02,-0.055625,-0.000175
7.4760e-02,-0.0501562,-9.125e-05
7.4770e-02,-0.0365625,0.000223438
7.4780e-02,-0.0470312,0.00014875
7.4790e-02,-0.04875,-0.000320938
7.4800e-02,-0.0432813,0.000306563
7.4810e-02,-0.04625,0.00031625
7.4820e-02,-0.045625,-8.625e-05
7.4830e-02,-0.0426562,0.000276563
7.4840e-02,-0.0346875,0.00042625
7.4850e-02,-0.049375,-0.000355938
7.4860e-02,-0.03625,-0.000184688
7.4870e-02,-0.046875,-0.000284063
7.4880e-02,-0.0439063,-4.21875e-05
7.4890e-02,-0.0373438,-0.000926875
7.4900e-02,-0.040625,-0.00028
7.4910e-02,-0.0351562,-0.000532813
7.4920e-02,-0.0454688,-0.000425313
7.4930e-02,-0.0503125,0.000385625
7.4940e-02,-0.053125,0.00032625
7.4950e-02,-0.0389063,0.000122813
7.4960e-02,-0.0392187,-0.000367813
7.4970e-02,-0.0420312,0.00043625
7.4980e-02,-0.0401563,0.00058375
7.4990e-02,-0.050625,-0.000318438
7.5000e-02,-0.049375,0.000897188
7.5010e-02,-0.0501562,0.000221563
7.5020e-02,-0.04375,0.000294062
7.5030e-02,-0.0335937,5.65625e-05
7.5040e-02,-0.0398437,0.00031625
7.5050e-02,-0.0492188,-0.000263125
7.5060e-02,-0.0326562,-0.000723438
7.5070e-02,-0.0539063,-0.00071125
7.5080e-02,-0.0317188,-0.000248438
7.5090e-02,-0.0414063,0.000120625
7.5100e-02,-0.049375,0.0001375
7.5110e-02,-0.0357813,7.875e-05
7.5120e-02,-0.0539063,0.000433438
7.5130e-02,-0.0371875,-5.78125e-05
7.5140e-02,-0.038125,0.000184375
7.5150e-02,-0.0510938,0.000644375
7.5160e-02,-0.0359375,-0.000210313
7.5170e-02,-0.0490625,0.000302188
7.5180e-02,-0.0426562,0.000221563
7.5190e-02,-0.0470312,-6.65625e-05
7.5200e-02,-0.0482812,-0.000405
7.5210e-02,-0.04625,8.6875e-05
7.5220e-02,-0.04,-0.000529687
7.5230e-02,-0.0534375,-4.375e-06
7.5240e-02,-0.0645312,-0.000253125
7.5250e-02,-0.0503125,9.59375e-05
7.5260e-02,-0.0476562,0.000207188
7.5270e-02,-0.0478125,-0.000253438
7.5280e-02,-0.0465625,0.000105625
7.5290e-02,-0.0428125,8.28125e-05
7.5300e-02,-0.035,0.00032375
7.5310e-02,-0.0378125,-0.000250938
7.5320e-02,-0.0460938,-0.000239063
7.5330e-02,-0.0504687,-0.000535625
7.5340e-02,-0.0439063,0.000110313
7.5350e-02,-0.0340625,0.00040125
7.5360e-02,-0.0501562,-2.40625e-05
7.5370e-02,-0.0503125,8.71875e-05
7.5380e-02,-0.0446875,-7.34375e-05
7.5390e-02,-0.0379688,-0.000741875
7.5400e-02,-0.0392187,-0.000525938
7.5410e-02,-0.0421875,8.53125e-05
7.5420e-02,-0.0545313,0.0002125
7.5430e-02,-0.0414063,-0.000495
7.5440e-02,-0.0446875,-0.000231563
7.5450e-02,-0.0482812,0.000226563
7.5460e-02,-0.0464062,0.000209063
7.5470e-02,-0.0453125,-0.000136875
7.5480e-02,-0.0610938,-7.625e-05
7.5490e-02,-0.0489062,0.000340938
7.5500e-02,-0.045,0.000405938
7.5510e-02,-0.0564063,0.001255
7.5520e-02,-0.0401563,0.000447813
7.5530e-02,-0.0529687,0.00028125
7.5540e-02,-0.0398437,0.000439063
7.5550e-02,-0.0475,0.000286563
7.5560e-02,-0.0357813,0.000400313
7.5570e-02,-0.04375,0.000314688
7.5580e-02,-0.0435938,0.000157188
7.5590e-02,-0.0521875,-0.000232188
7.5600e-02,-0.0440625,0.000379688
7.5610e-02,-0.0570313,0.000508125
7.5620e-02,-0.0503125,0.000972813
7.5630e-02,-0.045625,0.00042
7.5640e-02,-0.04375,-0.000285
7.5650e-02,-0.0460938,0.000170313
7.5660e-02,-0.0496875,0.000973125
7.5670e-02,-0.0403125,-4.84375e-05
7.5680e-02,-0.0378125,0.000140938
7.5690e-02,-0.0371875,-0.000575
7.5700e-02,-0.0484375,0.00065625
7.5710e-02,-0.043125,-0.000579063
7.5720e-02,-0.039375,-0.000539688
7.5730e-02,-0.0398437,-0.000160938
7.5740e-02,-0.0453125,-7.125e-05
7.5750e-02,-0.0492188,-0.000197188
7.5760e-02,-0.0425,0.000523438
7.5770e-02,-0.0415625,6.875e-06
7.5780e-02,-0.0428125,0.000271563
7.5790e-02,-0.045625,0.000691563
7.5800e-02,-0.0434375,0.000461875
7.5810e-02,-0.0332812,0.000764063
7.5820e-02,-0.0370313,0.000277188
7.5830e-02,-0.0601562,0.000614063
7.5840e-02,-0.0504687,-3.15625e-05
7.5850e-02,-0.0514063,-0.000779063
7.5860e-02,-0.0407813,5.4375e-05
7.5870e-02,-0.0376563,-0.000194375
7.5880e-02,-0.0526563,-0.000300938
7.5890e-02,-0.0478125,0.000203438
7.5900e-02,-0.0417187,0.000725313
7.5910e-02,-0.0473438,-4.1875e-05
7.5920e-02,-0.046875,-0.000798125
7.5930e-02,-0.045625,-0.00030875
7.5940e-02,-0.0415625,0.000234375
7.5950e-02,-0.0298438,0.000564063
7.5960e-02,-0.051875,0.00138969
7.5970e-02,-0.0417187,0.000904063
7.5980e-02,-0.0473438,-0.000473438
7.5990e-02,-0.0490625,-0.000825625
7.6000e-02,-0.0595313,-0.000800625
7.6010e-02,-0.0629688,-0.000582812
7.6020e-02,-0.0365625,7.34375e-05
7.6030e-02,-0.040625,0.0004
7.6040e-02,-0.051875,-0.000680313
7.6050e-02,-0.0503125,-0.000447188
7.6060e-02,-0.0410937,-0.00134438
7.6070e-02,-0.04875,-0.000901563
7.6080e-02,-0.0473438,0.000392813
7.6090e-02,-0.045,0.000875625
7.6100e-02,-0.0503125,0.000142188
7.6110e-02,-0.0454688,5.71875e-05
7.6120e-02,-0.0464062,-0.00072625
7.6130e-02,-0.0507812,-0.0004625
7.6140e-02,-0.0484375,-4.15625e-05
7.6150e-02,-0.0459375,0.00116375
7.6160e-02,-0.0492188,0.00091625
7.6170e-02,-0.05625,-0.000199375
7.6180e-02,-0.045,-0.000987188
7.6190e-02,-0.0546875,-0.00143813
7.6200e-02,-0.0428125,0.000341563
7.6210e-02,-0.0471875,0.00138469
7.6220e-02,-0.0475,0.00179
7.6230e-02,-0.044375,0.000663438
7.6240e-02,-0.0423437,-0.00107781
7.6250e-02,-0.0467188,-0.00138938
7.6260e-02,-0.0570313,-0.000591875
7.6270e-02,-0.0464062,0.000123438
7.6280e-02,-0.0425,0.00194375
7.6290e-02,-0.0585938,0.0012675
7.6300e-02,-0.0445313,-0.00060375
7.6310e-02,-0.0507812,-0.00182781
7.6320e-02,-0.0470312,-0.00168813
7.6330e-02,-0.0564063,0.00027375
7.6340e-02,-0.0501562,0.00199094
7.6350e-02,-0.0435938,0.0025475
7.6360e-02,-0.0423437,0.000906875
7.6370e-02,-0.04125,-0.00200938
7.6380e-02,-0.0592188,-0.00221031
7.6390e-02,-0.04,-0.0007025
7.6400e-02,-0.048125,0.00139469
7.6410e-02,-0.0415625,0.00262656
7.6420e-02,-0.0457813,0.00308563
7.6430e-02,-0.034375,0.00297781
7.6440e-02,-0.038125,0.00299375
7.6450e-02,-0.0429688,0.00295969
7.6460e-02,-0.0454688,0.00284563
7.6470e-02,-0.0435938,0.002825
7.6480e-02,-0.0373438,0.00286375
7.6490e-02,0.852812,0.0017575
7.6500e-02,1.73719,-0.00319156
7.6510e-02,1.39516,-0.00592656
7.6520e-02,2.32688,-0.00740875
7.6530e-02,0.412031,-0.008185
7.6540e-02,0.09375,-0.00796656
7.6550e-02,0.0975,-0.00762375
7.6560e-02,0.0746875,-0.00763875
7.6570e-02,0.0757812,-0.00752281
7.6580e-02,0.0535937,-0.00765156
7.6590e-02,0.0559375,-0.00747938
7.6600e-02,0.0445312,-0.00747125
7.6610e-02,0.0484375,-0.007645
7.6620e-02,0.0495312,-0.00753219
7.6630e-02,0.0473438,-0.00743969
7.6640e-02,0.0385937,-0.00742094
7.6650e-02,0.0329688,-0.00751438
7.6660e-02,0.0385937,-0.00730844
7.6670e-02,0.0284375,-0.00734875
7.6680e-02,0.0220312,-0.00745594
7.6690e-02,0.0242188,-0.00736375
7.6700e-02,0.0160938,-0.00766719
7.6710e-02,0.0148437,-0.00748094
7.6720e-02,0.024375,-0.007355
7.6730e-02,0.0203125,-0.00732406
7.6740e-02,0.0190625,-0.00712125
7.6750e-02,0.0270313,-0.00201625
7.6760e-02,0.0096875,0.000881875
7.6770e-02,0.003125,0.000456875
7.6780e-02,-0.0046875,-0.00157625
7.6790e-02,0.0167188,-0.00317094
7.6800e-02,0.004375,-0.00113625
7.6810e-02,0.00875,0.00132469
7.6820e-02,-0.0104688,0.00320438
7.6830e-02,0.00625,0.00175469
7.6840e-02,0.0115625,-5.1875e-05
7.6850e-02,0.00796875,-0.0016525
7.6860e-02,0.00453125,-0.00174188
7.6870e-02,-0.013125,0.000192188
7.6880e-02,0.00328125,0.00190281
7.6890e-02,0.00109375,0.00201313
7.6900e-02,0.00375,0.00106625
7.6910e-02,0.00625,-0.00041375
7.6920e-02,0.0173438,-0.001255
7.6930e-02,0.003125,-5.09375e-05
7.6940e-02,0.008125,0.00131406
7.6950e-02,-0.0109375,0.00223375
7.6960e-02,0.00203125,0.00161656
7.6970e-02,-0.00078125,-9.375e-06
7.6980e-02,0.00546875,-0.00105156
7.6990e-02,0.00125,-0.00149688
7.7000e-02,-0.00734375,-9.75e-05
7.7010e-02,-0.0021875,0.00126156
7.7020e-02,0.0046875,0.000805938
7.7030e-02,-0.000625,-6.0625e-05
7.7040e-02,-0.00828125,-0.00123375
7.7050e-02,0.00125,-0.00144219
7.7060e-02,-0.0028125,-0.000369375
7.7070e-02,-0.00765625,0.000282188
7.7080e-02,-0.00296875,0.000969063
7.7090e-02,-0.0090625,0.00014
7.7100e-02,-0.0090625,-0.000121875
7.7110e-02,-0.0228125,-0.000645313
7.7120e-02,-0.0071875,-0.000480625
7.7130e-02,-0.015625,0.000163125
7.7140e-02,-0.00609375,0.000179375
7.7150e-02,-0.00625,0.00036125
7.7160e-02,-0.00609375,0.000476563
7.7170e-02,-0.005625,0.000149063
7.7180e-02,-0.0065625,-0.000495625
7.7190e-02,-0.00984375,0.000299063
7.7200e-02,-0.0123438,0.000406563
7.7210e-02,-0.013125,0.000265625
7.7220e-02,-0.00953125,0.00086625
7.7230e-02,-0.0132813,0.000182188
7.7240e-02,-0.0101563,0.000448438
7.7250e-02,0.00328125,-6.59375e-05
7.7260e-02,-0.0139063,0.000186875
7.7270e-02,-0.0196875,0.000469063
7.7280e-02,-0.0189062,0.00119
7.7290e-02,-0.0160938,0.000477188
7.7300e-02,-0.0182812,2.75e-05
7.7310e-02,-0.0148437,-0.000165938
7.7320e-02,-0.020625,-3.5625e-05
7.7330e-02,-0.0103125,-0.000144688
7.7340e-02,-0.00796875,0.000393125
7.7350e-02,-0.0090625,-0.000325625
7.7360e-02,-0.0157813,-0.000187813
7.7370e-02,-0.0310937,-0.000498125
7.7380e-02,-0.01,-0.000265625
7.7390e-02,-0.018125,-0.000342188
7.7400e-02,-0.0103125,0.000341563
7.7410e-02,-0.0140625,0.000439688
7.7420e-02,-0.0154687,0.000946563
7.7430e-02,-0.0175,0.000234375
7.7440e-02,-0.0239063,-0.000565
7.7450e-02,-0.0184375,-0.000472813
7.7460e-02,-0.0284375,5.375e-05
7.7470e-02,-0.021875,-0.000575625
7.7480e-02,-0.0201563,-4.28125e-05
7.7490e-02,-0.0025,0.001075
7.7500e-02,-0.0246875,0.000415938
7.7510e-02,-0.014375,0.000235625
7.7520e-02,-0.0259375,0.000712188
7.7530e-02,-0.0114062,0.000356875
7.7540e-02,-0.0132813,0.000228438
7.7550e-02,-0.020625,0.000285313
7.7560e-02,-0.0190625,0.000330313
7.7570e-02,-0.0229687,-0.000185938
7.7580e-02,-0.0196875,-3.03125e-05
7.7590e-02,-0.0154687,0.000533125
7.7600e-02,-0.0265625,0.000424688
7.7610e-02,-0.0235938,0.000671563
7.7620e-02,-0.0198438,0.000643438
7.7630e-02,-0.0232812,0.000202188
7.7640e-02,-0.010625,0.000915313
7.7650e-02,-0.0201563,-0.000107813
7.7660e-02,-0.0129688,-0.000192813
7.7670e-02,-0.0175,0.000953438
7.7680e-02,-0.0317188,0.00107656
7.7690e-02,-0.0101563,0.00067125
7.7700e-02,-0.0209375,0.00011375
7.7710e-02,-0.0135937,8.1875e-05
7.7720e-02,-0.0345312,-0.000404063
7.7730e-02,-0.0276563,-0.000718125
7.7740e-02,-0.0198438,-0.000834688
7.7750e-02,-0.0228125,-0.000139062
7.7760e-02,-0.0178125,0.000122188
7.7770e-02,-0.0253125,-0.000218438
7.7780e-02,-0.0207813,-0.000360938
7.7790e-02,-0.0229687,0.000145313
7.7800e-02,-0.0198438,8.09375e-05
7.7810e-02,-0.0220313,0.000540625
7.7820e-02,-0.0290625,0.000757813
7.7830e-02,-0.0315625,0.000265
7.7840e-02,-0.0182812,0.000239688
7.7850e-02,-0.0328125,-0.000227188
7.7860e-02,-0.0128125,-0.000414063
7.7870e-02,-0.0242188,-0.000983438
7.7880e-02,-0.0179687,-0.000738125
7.7890e-02,-0.0204688,-0.00034
7.7900e-02,-0.0290625,-0.000153125
7.7910e-02,-0.0279688,-0.00053375
7.7920e-02,-0.014375,-0.00081125
7.7930e-02,-0.02,-7.15625e-05
7.7940e-02,-0.0251563,-0.000558438
7.7950e-02,-0.0175,-0.000212813
7.7960e-02,-0.015625,-0.00113844
7.7970e-02,-0.0271875,-0.000425313
7.7980e-02,-0.0121875,-0.000184063
7.7990e-02,-0.0176563,6.3125e-05
7.8000e-02,-0.0276563,-0.000240625
7.8010e-02,-0.0185937,-0.00039375
7.8020e-02,-0.02625,0.000259688
7.8030e-02,-0.0340625,0.000286563
7.8040e-02,-0.0290625,-0.000972813
7.8050e-02,-0.0215625,-0.000101563
7.8060e-02,-0.0276563,-0.000154063
7.8070e-02,-0.0310937,-0.000126563
7.8080e-02,-0.0278125,0.000409688
7.8090e-02,-0.0301563,-5e-05
7.8100e-02,-0.0354688,-0.000672813
7.8110e-02,-0.0225,-0.000650938
7.8120e-02,-0.019375,0.000511563
7.8130e-02,-0.0145312,-0.0003
7.8140e-02,-0.0325,0.000268438
7.8150e-02,-0.0240625,0.000148438
7.8160e-02,-0.0245313,-0.000536875
7.8170e-02,-0.0364063,-0.0009
7.8180e-02,-0.0367188,-0.000209063
7.8190e-02,-0.0290625,0.000662188
7.8200e-02,-0.0267187,0.000591563
7.8210e-02,-0.0290625,-0.000208125
7.8220e-02,-0.025,3.5e-05
7.8230e-02,-0.0267187,-0.000738438
7.8240e-02,-0.0342187,-2.25e-05
7.8250e-02,-0.0203125,-0.000220938
7.8260e-02,-0.0296875,-3.5e-05
7.8270e-02,-0.0282813,0.000290938
7.8280e-02,-0.0348437,0.0005475
7.8290e-02,-0.0257812,-0.000270938
7.8300e-02,-0.0265625,-0.000360938
7.8310e-02,-0.0332812,0.000385938
7.8320e-02,-0.0303125,2.28125e-05
7.8330e-02,-0.0426562,0.000149375
7.8340e-02,-0.0204688,-0.000419688
7.8350e-02,-0.0326562,0.00055375
7.8360e-02,-0.0246875,0.000475938
7.8370e-02,-0.026875,-0.000668125
7.8380e-02,-0.0242188,-0.0007775
7.8390e-02,-0.0276563,9.21875e-05
7.8400e-02,-0.03875,0.000171875
7.8410e-02,-0.03375,0.0001875
7.8420e-02,-0.0307813,-0.000872813
7.8430e-02,-0.0234375,-0.0006375
7.8440e-02,-0.0392187,-0.0006925
7.8450e-02,-0.0221875,0.000270938
7.8460e-02,-0.0307813,0.000540938
7.8470e-02,-0.0295313,0.0001375
7.8480e-02,-0.0339062,-0.000124375
7.8490e-02,-0.025,-0.000220938
7.8500e-02,-0.0282813,0.000104375
7.8510e-02,-0.03,-0.000473438
7.8520e-02,-0.0285938,-8.75e-06
7.8530e-02,-0.02875,0.000300938
7.8540e-02,-0.011875,-0.000597188
7.8550e-02,-0.0240625,-9.84375e-05
7.8560e-02,-0.0284375,1.6875e-05
7.8570e-02,-0.031875,0.000446563
7.8580e-02,-0.015625,-5.625e-05
7.8590e-02,-0.0292188,-0.000395
7.8600e-02,-0.02375,-4.28125e-05
7.8610e-02,-0.0267187,-0.000724375
7.8620e-02,-0.034375,-0.000325
7.8630e-02,-0.038125,2.09375e-05
7.8640e-02,-0.0303125,0.00023875
7.8650e-02,-0.045,-0.000102813
7.8660e-02,-0.0421875,-0.000612188
7.8670e-02,-0.0315625,-0.00039375
7.8680e-02,-0.0321875,-0.0003825
7.8690e-02,-0.030625,-0.00060375
7.8700e-02,-0.0359375,0.000134063
7.8710e-02,-0.0225,-0.00060625
7.8720e-02,-0.029375,-0.000210625
7.8730e-02,-0.0389063,0.000325938
7.8740e-02,-0.025625,-0.000407188
7.8750e-02,-0.0285938,-0.000890625
7.8760e-02,-0.0220313,-0.000129062
7.8770e-02,-0.0310937,0.000452813
7.8780e-02,-0.0310937,0.00063875
7.8790e-02,-0.030625,0.000164375
7.8800e-02,-0.0246875,-0.0005275
7.8810e-02,-0.0375,-0.000269375
7.8820e-02,-0.0340625,-0.00116906
7.8830e-02,-0.0409375,0.000138438
7.8840e-02,-0.034375,0.000152813
7.8850e-02,-0.0420312,0.000374375
7.8860e-02,-0.0314062,-0.000131563
7.8870e-02,-0.0434375,-0.000217813
7.8880e-02,-0.0382813,-0.000273438
7.8890e-02,-0.0392187,0.00042
7.8900e-02,-0.0376563,-0.000296875
7.8910e-02,-0.0292188,-0.000159063
7.8920e-02,-0.0326562,-1.5e-05
7.8930e-02,-0.0221875,2.5625e-05
7.8940e-02,-0.0335937,6.5e-05
7.8950e-02,-0.0478125,0.00037
7.8960e-02,-0.0282813,-0.00016625
7.8970e-02,-0.0325,0.000573438
7.8980e-02,-0.0360938,0.000752813
7.8990e-02,-0.0323438,0.000699688
7.9000e-02,-0.0329688,0.000574688
7.9010e-02,-0.0304688,0.000429375
7.9020e-02,-0.0340625,-0.000145313
7.9030e-02,-0.0309375,0.000121563
7.9040e-02,-0.038125,0.000399375
7.9050e-02,-0.029375,0.000107813
7.9060e-02,-0.0446875,-9.28125e-05
7.9070e-02,-0.0365625,0.000316563
7.9080e-02,-0.0295313,-0.000714375
7.9090e-02,-0.0445313,-4.65625e-05
7.9100e-02,-0.0501562,0.000340625
7.9110e-02,-0.0320312,0.000273438
7.9120e-02,-0.0278125,0.0004025
7.9130e-02,-0.0267187,-0.00013375
7.9140e-02,-0.0434375,-0.0006475
7.9150e-02,-0.03375,-3.5625e-05
7.9160e-02,-0.0326562,0.000169688
7.9170e-02,-0.0371875,0.000396875
7.9180e-02,-0.046875,-0.000243438
7.9190e-02,-0.0304688,-0.000193438
7.9200e-02,-0.03625,0.000231563
7.9210e-02,-0.03125,0.000145625
7.9220e-02,-0.0404687,-0.000140625
7.9230e-02,-0.0304688,-3e-05
7.9240e-02,-0.0290625,-5.0625e-05
7.9250e-02,-0.0360938,-5.5e-05
7.9260e-02,-0.0404687,0.000374063
7.9270e-02,-0.040625,0.000380938
7.9280e-02,-0.0448438,-3.59375e-05
7.9290e-02,-0.0342187,0.000354063
7.9300e-02,-0.0464062,0.000484688
7.9310e-02,-0.0460938,0.000388438
7.9320e-02,-0.0329688,0.000624375
7.9330e-02,-0.0340625,0.0004525
7.9340e-02,-0.0357813,-0.00024375
7.9350e-02,-0.04,0.000635625
7.9360e-02,-0.03125,1.71875e-05
7.9370e-02,-0.0395313,-0.000474688
7.9380e-02,-0.0429688,3.875e-05
7.9390e-02,-0.031875,0.000589063
7.9400e-02,-0.0371875,-5.96875e-05
7.9410e-02,-0.0340625,6.40625e-05
7.9420e-02,-0.0396875,0.000426563
7.9430e-02,-0.0379688,0.000827813
7.9440e-02,-0.0303125,0.00113031
7.9450e-02,-0.04625,0.000223438
7.9460e-02,-0.0384375,-0.000274688
7.9470e-02,-0.0454688,-0.000710625
7.9480e-02,-0.0290625,-0.000126875
7.9490e-02,-0.0392187,0.000615313
7.9500e-02,-0.0346875,0.000411563
7.9510e-02,-0.035625,0.000359375
7.9520e-02,-0.0326562,0.00100062
7.9530e-02,-0.0326562,4.8125e-05
7.9540e-02,-0.0335937,9.375e-06
7.9550e-02,-0.0404687,0.000230938
7.9560e-02,-0.0271875,0.000235313
7.9570e-02,-0.0273438,0.000270938
7.9580e-02,-0.0285938,0.000874375
7.9590e-02,-0.0407813,2.46875e-05
7.9600e-02,-0.0373438,-0.00076125
7.9610e-02,-0.0395313,-0.0003375
7.9620e-02,-0.0370313,-0.000532187
7.9630e-02,-0.03125,0.000244375
7.9640e-02,-0.0365625,0.000211875
7.9650e-02,-0.0490625,0.000203125
7.9660e-02,-0.045625,-0.00020625
7.9670e-02,-0.02875,-0.000709375
7.9680e-02,-0.0264062,-0.000905
7.9690e-02,-0.0496875,0.00038
7.9700e-02,-0.0395313,0.000252812
7.9710e-02,-0.0282813,-0.000169063
7.9720e-02,-0.0395313,5.5625e-05
7.9730e-02,-0.0326562,0.00016125
7.9740e-02,-0.0382813,-0.000417813
7.9750e-02,-0.0403125,0.000107813
7.9760e-02,-0.0509375,0.000251875
7.9770e-02,-0.04125,0.000690313
7.9780e-02,-0.0414063,7e-05
7.9790e-02,-0.0445313,0.000529375
7.9800e-02,-0.0423437,-6.21875e-05
7.9810e-02,-0.0273438,-0.00067125
7.9820e-02,-0.03625,-0.000563125
7.9830e-02,-0.0392187,0.00091125
7.9840e-02,-0.0367188,0.0012575
7.9850e-02,-0.03375,0.000350938
7.9860e-02,-0.045,-3.8125e-05
7.9870e-02,-0.031875,-0.00040875
7.9880e-02,-0.0376563,-0.00013375
7.9890e-02,-0.04,0.00126313
7.9900e-02,-0.0339062,0.00119156
7.9910e-02,-0.0354688,-7.8125e-06
7.9920e-02,-0.0435938,6.9375e-05
7.9930e-02,-0.04,-0.000423438
7.9940e-02,-0.0285938,-0.0009475
7.9950e-02,-0.0495312,-0.00061875
7.9960e-02,-0.03625,0.000723438
7.9970e-02,-0.0354688,0.000869063
7.9980e-02,-0.04,0.000403438
7.9990e-02,-0.0446875,-0.00081125
8.0000e-02,-0.035625,-0.000802188
8.0010e-02,-0.0384375,-0.00109219
8.0020e-02,-0.0389063,0.000309688
8.0030e-02,-0.03125,0.000978438
8.0040e-02,-0.0485938,0.000390625
8.0050e-02,-0.0467188,-0.000501563
8.0060e-02,-0.0245313,-0.00156719
8.0070e-02,-0.034375,-0.00057875
8.0080e-02,-0.038125,-0.000985938
8.0090e-02,-0.0382813,0.00054
8.0100e-02,-0.0370313,0.00132531
8.0110e-02,-0.0467188,0.00117813
8.0120e-02,-0.0428125,-0.000757188
8.0130e-02,-0.0370313,-0.00157781
8.0140e-02,-0.055625,-0.00136094
8.0150e-02,-0.0240625,0.000188125
8.0160e-02,-0.039375,0.00100344
8.0170e-02,-0.0309375,0.00103625
8.0180e-02,-0.0317188,-0.000824688
8.0190e-02,-0.0328125,-0.00139406
8.0200e-02,-0.0495312,-0.00146656
8.0210e-02,-0.0251563,-2.125e-05
8.0220e-02,-0.0454688,0.00117031
8.0230e-02,-0.04125,0.00208969
8.0240e-02,-0.0379688,0.000128437
8.0250e-02,-0.0395313,-0.00128844
8.0260e-02,-0.0435938,-0.00201688
8.0270e-02,-0.0514063,-0.000720938
8.0280e-02,-0.0415625,0.00130688
8.0290e-02,-0.03125,0.00296938
8.0300e-02,-0.0435938,0.00116938
8.0310e-02,-0.0326562,-0.0003975
8.0320e-02,-0.0325,-0.00257313
8.0330e-02,-0.0409375,-0.00183969
8.0340e-02,-0.0492188,0.000286563
8.0350e-02,-0.0315625,0.00332906
8.0360e-02,-0.039375,0.00335281
8.0370e-02,-0.0484375,0.000595938
8.0380e-02,-0.0367188,-0.00211906
8.0390e-02,-0.0370313,-0.00351031
8.0400e-02,-0.0378125,-0.00154063
8.0410e-02,-0.0414063,0.00179063
8.0420e-02,-0.0509375,0.00425844
8.0430e-02,-0.0440625,0.00320438
8.0440e-02,-0.0378125,-0.000884063
8.0450e-02,-0.036875,-0.00365781
8.0460e-02,-0.0373438,-0.00348875
8.0470e-02,-0.0382813,0.0005375
8.0480e-02,-0.0367188,0.00377125
8.0490e-02,-0.03875,0.00504375
8.0500e-02,-0.034375,0.00155
8.0510e-02,-0.0304688,-0.00243594
8.0520e-02,-0.0454688,-0.00424781
8.0530e-02,-0.0342187,-0.002525
8.0540e-02,-0.0407813,0.00134844
8.0550e-02,-0.0421875,0.00401
8.0560e-02,-0.0282813,0.00427219
8.0570e-02,-0.0378125,0.000667813
8.0580e-02,-0.0482812,-0.00320438
8.0590e-02,-0.025625,-0.00402375
8.0600e-02,-0.0340625,-0.0012525
8.0610e-02,-0.0460938,0.00205531
8.0620e-02,-0.039375,0.00384344
8.0630e-02,-0.0389063,0.0021625
8.0640e-02,-0.0304688,-0.00107719
8.0650e-02,-0.048125,-0.00374125
8.0660e-02,-0.0360938,-0.00311781
8.0670e-02,-0.0385937,-0.0003725
8.0680e-02,-0.0275,0.00277344
8.0690e-02,-0.0390625,0.00338031
8.0700e-02,-0.0415625,0.000928125
8.0710e-02,-0.0365625,-0.00201656
8.0720e-02,-0.04,-0.00302063
8.0730e-02,-0.0265625,-0.00144813
8.0740e-02,-0.0365625,0.00157031
8.0750e-02,-0.0540625,0.00224844
8.0760e-02,-0.0407813,0.00182813
8.0770e-02,-0.0392187,-0.000514688
8.0780e-02,-0.0315625,-0.00205875
8.0790e-02,-0.0359375,-0.000982813
8.0800e-02,-0.03875,0.000860313
8.0810e-02,-0.0504687,0.00278281
8.0820e-02,-0.0498438,0.00165438
8.0830e-02,-0.0342187,-0.000169688
8.0840e-02,-0.0457813,-0.00092375
8.0850e-02,-0.0434375,-0.00148094
8.0860e-02,-0.0342187,-0.000162813
8.0870e-02,-0.0465625,0.00117406
8.0880e-02,-0.0373438,0.00173219
8.0890e-02,-0.0460938,0.000641563
8.0900e-02,-0.043125,-0.00133531
8.0910e-02,-0.0414063,-0.00222344
8.0920e-02,-0.0360938,-0.00101
8.0930e-02,-0.0421875,7.875e-05
8.0940e-02,-0.0379688,0.00118438
8.0950e-02,-0.04,0.0004
8.0960e-02,-0.0470312,-0.000234688
8.0970e-02,-0.0332812,-0.00135688
8.0980e-02,-0.0473438,-0.00225187
8.0990e-02,-0.039375,-0.000467813
8.1000e-02,-0.0371875,0.000556875
8.1010e-02,-0.0498438,0.00217156
8.1020e-02,-0.0326562,0.000387813
8.1030e-02,-0.0398437,0.000248438
8.1040e-02,-0.03125,-0.000913438
8.1050e-02,-0.0301563,-0.000776563
8.1060e-02,-0.03,0.000440938
8.1070e-02,-0.0317188,0.000896875
8.1080e-02,-0.0439063,0.000895938
8.1090e-02,-0.0459375,0.000394375
8.1100e-02,-0.04125,-0.0009325
8.1110e-02,-0.0267187,-0.000273125
8.1120e-02,-0.0423437,-0.000116563
8.1130e-02,-0.0409375,0.000173438
8.1140e-02,-0.0385937,0.000280313
8.1150e-02,-0.0384375,0.000674688
8.1160e-02,-0.0409375,-0.000566875
8.1170e-02,-0.0473438,-0.000569375
8.1180e-02,-0.0403125,-0.000343438
8.1190e-02,-0.0403125,0.000332188
8.1200e-02,-0.0425,0.000649688
8.1210e-02,-0.0376563,0.000409688
8.1220e-02,-0.0421875,-0.0001125
8.1230e-02,-0.0465625,-0.000153125
8.1240e-02,-0.0329688,-0.000401875
8.1250e-02,-0.0476562,-0.00028875
8.1260e-02,-0.0384375,-0.000115
8.1270e-02,-0.0398437,0.00017875
8.1280e-02,-0.0426562,-0.000117188
8.1290e-02,-0.0401563,-0.0007625
8.1300e-02,-0.0395313,-0.000619688
8.1310e-02,-0.0409375,0.00023375
8.1320e-02,-0.0414063,0.000335313
8.1330e-02,-0.0453125,-1.75e-05
8.1340e-02,-0.039375,0.000451875
8.1350e-02,-0.04625,-7.96875e-05
8.1360e-02,-0.0310937,5.84375e-05
8.1370e-02,-0.041875,-0.000424688
8.1380e-02,-0.0489062,-0.00013875
8.1390e-02,-0.0365625,-0.000135938
8.1400e-02,-0.0482812,-0.00015
8.1410e-02,-0.0464062,0.00021375
8.1420e-02,-0.0425,-0.00020375
8.1430e-02,-0.0451563,0.000310938
8.1440e-02,-0.04875,5e-05
8.1450e-02,-0.0484375,-0.000317188
8.1460e-02,-0.040625,0.000711563
8.1470e-02,-0.0379688,0.000170938
8.1480e-02,-0.0382813,-1e-05
8.1490e-02,-0.0534375,-0.000742188
8.1500e-02,-0.0346875,-0.000155938
8.1510e-02,-0.0429688,-0.00036625
8.1520e-02,-0.0446875,-0.000653125
8.1530e-02,-0.0465625,0.000115938
8.1540e-02,-0.045625,0.000295313
8.1550e-02,-0.0425,0.000456563
8.1560e-02,-0.0446875,0.000549688
8.1570e-02,-0.0415625,-0.000441875
8.1580e-02,-0.0353125,9.5e-05
8.1590e-02,-0.0504687,-0.000208125
8.1600e-02,-0.0540625,0.0003075
8.1610e-02,-0.0485938,0.000196563
8.1620e-02,-0.0401563,0.0004775
8.1630e-02,-0.0321875,-0.000432813
8.1640e-02,-0.05125,-0.000162188
8.1650e-02,-0.0514063,0.00026375
8.1660e-02,-0.0435938,-0.000249688
8.1670e-02,-0.0440625,0.000254063
8.1680e-02,-0.0451563,3.1875e-05
8.1690e-02,-0.0403125,-0.00132031
8.1700e-02,-0.0376563,-0.00098375
8.1710e-02,-0.05,-0.000392813
8.1720e-02,-0.03875,0.000241875
8.1730e-02,-0.0321875,0.000714375
8.1740e-02,-0.0453125,0.000390625
8.1750e-02,-0.0490625,0.0002925
8.1760e-02,-0.0284375,0.000496563
8.1770e-02,-0.0515625,-3.40625e-05
8.1780e-02,-0.0367188,9.96875e-05
8.1790e-02,-0.0429688,0.00034625
8.1800e-02,-0.038125,2.15625e-05
8.1810e-02,-0.0390625,0.000326875
8.1820e-02,-0.0395313,0.000345
8.1830e-02,-0.0482812,-0.000431875
8.1840e-02,-0.02875,-4.78125e-05
8.1850e-02,-0.0373438,0.000105938
8.1860e-02,-0.0476562,0.000310938
8.1870e-02,-0.056875,0.000878125
8.1880e-02,-0.0382813,-0.000333438
8.1890e-02,-0.0539063,0.00026625
8.1900e-02,-0.0395313,0.000100938
8.1910e-02,-0.0403125,-0.000150625
8.1920e-02,-0.0478125,0.000555625
8.1930e-02,-0.0423437,-3.28125e-05
8.1940e-02,-0.0429688,-0.000219063
8.1950e-02,-0.05,-0.000116875
8.1960e-02,-0.0425,-0.000355313
8.1970e-02,-0.0439063,0.000273125
8.1980e-02,-0.0353125,0.000415625
8.1990e-02,-0.0426562,0.000185313
8.2000e-02,-0.0503125,0.0002275
8.2010e-02,-0.0479688,0.000400625
8.2020e-02,-0.0490625,-0.000249375
8.2030e-02,-0.0459375,0.000245938
8.2040e-02,-0.0414063,-0.000157188
8.2050e-02,-0.0425,0.000130625
8.2060e-02,-0.04625,0.000540938
8.2070e-02,-0.0471875,-0.000198125
8.2080e-02,-0.0432813,-0.00016375
8.2090e-02,-0.0396875,-0.00060875
8.2100e-02,-0.058125,-0.000525313
8.2110e-02,-0.0476562,3.0625e-05
8.2120e-02,-0.045625,7.8125e-05
8.2130e-02,-0.0453125,0.00110781
8.2140e-02,-0.03875,0.000747813
8.2150e-02,-0.0325,-0.00025875
8.2160e-02,-0.0382813,0.000270625
8.2170e-02,-0.043125,0.000706563
8.2180e-02,-0.0546875,0.000463125
8.2190e-02,-0.0517188,8.375e-05
8.2200e-02,-0.0376563,0.000176563
8.2210e-02,-0.03625,-0.000230313
8.2220e-02,-0.0554687,-0.000798125
8.2230e-02,-0.0425,0.000195625
8.2240e-02,-0.0376563,-0.000459688
8.2250e-02,-0.0501562,-0.000795938
8.2260e-02,-0.0421875,-0.000198438
8.2270e-02,-0.0390625,-0.0002275
8.2280e-02,-0.03875,0.000265313
8.2290e-02,-0.0351562,-0.000528125
8.2300e-02,-0.0365625,0.000459063
8.2310e-02,-0.0373438,0.00019125
8.2320e-02,-0.04125,-5.9375e-05
8.2330e-02,-0.0390625,0.000363438
8.2340e-02,-0.0507812,0.000253125
8.2350e-02,-0.040625,0.000206563
8.2360e-02,-0.046875,0.000799688
8.2370e-02,-0.0482812,-0.000164375
8.2380e-02,-0.04625,-0.00032
8.2390e-02,-0.0401563,-0.000444375
8.2400e-02,-0.0521875,0.000284375
8.2410e-02,-0.0346875,0.000225
8.2420e-02,-0.0528125,-0.00076
8.2430e-02,-0.0496875,-0.00041625
8.2440e-02,-0.043125,3.875e-05
8.2450e-02,-0.0425,-0.00011375
8.2460e-02,-0.0479688,-0.000309375
8.2470e-02,-0.03125,-0.000490625
8.2480e-02,-0.033125,-0.000545313
8.2490e-02,-0.0440625,-0.0001825
8.2500e-02,-0.0479688,0.000114375
8.2510e-02,-0.0509375,0.000300938
8.2520e-02,-0.048125,0.000497812
8.2530e-02,-0.040625,4.8125e-05
8.2540e-02,-0.044375,0.000178438
8.2550e-02,-0.0371875,0.00023
8.2560e-02,-0.0515625,0.000595625
8.2570e-02,-0.0364063,0.000156563
8.2580e-02,-0.048125,0.0002375
8.2590e-02,-0.0498438,0.000154375
8.2600e-02,-0.045625,-0.000425938
8.2610e-02,-0.05,0.000316875
8.2620e-02,-0.0582813,8.125e-06
8.2630e-02,-0.0446875,-0.000500625
8.2640e-02,-0.043125,5.90625e-05
8.2650e-02,-0.0407813,0.000146563
8.2660e-02,-0.0528125,-0.000245938
8.2670e-02,-0.0445313,0.000137188
8.2680e-02,-0.0517188,-0.00072625
8.2690e-02,-0.0375,0.00026125
8.2700e-02,-0.0471875,0.000495
8.2710e-02,-0.035,0.000355625
8.2720e-02,-0.0415625,0.000665938
8.2730e-02,-0.0340625,-0.000360313
8.2740e-02,-0.0428125,0.000450625
8.2750e-02,-0.0459375,0.0001025
8.2760e-02,-0.0475,0.000300313
8.2770e-02,-0.0432813,0.000275625
8.2780e-02,-0.035625,0.000553438
8.2790e-02,-0.045,0.000347813
8.2800e-02,-0.0457813,4.375e-06
8.2810e-02,-0.0396875,-0.000191875
8.2820e-02,-0.0317188,-0.000271875
8.2830e-02,-0.0390625,0.000299063
8.2840e-02,-0.0307813,0.000599063
8.2850e-02,-0.050625,-0.00049375
8.2860e-02,-0.0414063,8.03125e-05
8.2870e-02,-0.0539063,0.00061875
8.2880e-02,-0.0448438,0.000702813
8.2890e-02,-0.049375,-3.875e-05
8.2900e-02,-0.0520313,0.000125313
8.2910e-02,-0.0514063,-0.000359375
8.2920e-02,-0.0571875,-0.000196563
8.2930e-02,-0.041875,9.0625e-05
8.2940e-02,-0.0453125,3.21875e-05
8.2950e-02,-0.0425,-0.000124375
8.2960e-02,-0.0520313,-0.000292813
8.2970e-02,-0.0364063,-0.0003325
8.2980e-02,-0.0464062,-0.000625
8.2990e-02,-0.0403125,8.4375e-06
8.3000e-02,-0.0476562,2.6875e-05
8.3010e-02,-0.0457813,-0.000166875
8.3020e-02,-0.0290625,-0.00056125
8.3030e-02,-0.0584375,-9.96875e-05
8.3040e-02,-0.0479688,0.000126563
8.3050e-02,-0.0426562,-0.000274063
8.3060e-02,-0.0323438,0.00064125
8.3070e-02,-0.0492188,0.000513438
8.3080e-02,-0.0429688,0.000386563
8.3090e-02,-0.0396875,0.000294688
8.3100e-02,-0.0471875,0.0001025
8.3110e-02,-0.0403125,-0.000275313
8.3120e-02,-0.0407813,0.000380625
8.3130e-02,-0.0471875,0.000669375
8.3140e-02,-0.0504687,-0.000395625
8.3150e-02,-0.0528125,-0.000358438
8.3160e-02,-0.0421875,0.000440313
8.3170e-02,-0.0465625,-4.3125e-05
8.3180e-02,-0.0451563,0.00044125
8.3190e-02,-0.0420312,-0.000135938
8.3200e-02,-0.0403125,-2.4375e-05
8.3210e-02,-0.039375,0.00050875
8.3220e-02,-0.0470312,-0.000204688
8.3230e-02,-0.0325,0.0006475
8.3240e-02,-0.0495312,0.000649063
8.3250e-02,-0.0446875,0.00031875
8.3260e-02,-0.048125,0.000149063
8.3270e-02,-0.0482812,-0.000285938
8.3280e-02,-0.0420312,-7.625e-05
8.3290e-02,-0.0379688,-2.3125e-05
8.3300e-02,-0.0401563,-0.00046875
8.3310e-02,-0.0496875,-0.000166875
8.3320e-02,-0.0345312,0.00056875
8.3330e-02,-0.0529687,0.000769688
8.3340e-02,-0.0446875,0.000163438
8.3350e-02,-0.0478125,0.0003275
8.3360e-02,-0.0385937,0.000289063
8.3370e-02,-0.0467188,0.00061875
8.3380e-02,-0.0425,-0.000447188
8.3390e-02,-0.0414063,-0.000212813
8.3400e-02,-0.0376563,0.000209063
8.3410e-02,-0.04625,-0.000102813
8.3420e-02,-0.04875,0.00118156
8.3430e-02,-0.0534375,0.00033625
8.3440e-02,-0.0457813,-0.00027625
8.3450e-02,-0.0515625,2.9375e-05
8.3460e-02,-0.05125,0.000210938
8.3470e-02,-0.039375,-0.000124688
8.3480e-02,-0.0495312,0.000447188
8.3490e-02,-0.0421875,0.0004425
8.3500e-02,-0.0534375,-0.000364375
8.3510e-02,-0.0409375,-0.000270625
8.3520e-02,-0.0421875,-0.000254063
8.3530e-02,-0.0467188,-0.000376875
8.3540e-02,-0.0346875,0.000308125
8.3550e-02,-0.041875,0.000208125
8.3560e-02,-0.0417187,-0.000185625
8.3570e-02,-0.0551563,-0.000158125
8.3580e-02,-0.0446875,0.000259688
8.3590e-02,-0.0453125,8.5e-05
8.3600e-02,-0.0439063,0.000374063
8.3610e-02,-0.0509375,-0.00024375
8.3620e-02,-0.04125,0.000553125
8.3630e-02,-0.0579687,0.000139375
8.3640e-02,-0.0353125,0.000586563
8.3650e-02,-0.0503125,0.00012
8.3660e-02,-0.0501562,0.00025
8.3670e-02,-0.0309375,-0.00023125
8.3680e-02,-0.0376563,-0.000120938
8.3690e-02,-0.05625,-2.8125e-05
8.3700e-02,-0.0448438,0.000445
8.3710e-02,-0.0545313,0.000291875
8.3720e-02,-0.0364063,-0.00037125
8.3730e-02,-0.0353125,0.000244063
8.3740e-02,-0.0453125,0.000155938
8.3750e-02,-0.0396875,0.000110625
8.3760e-02,-0.050625,5.3125e-05
8.3770e-02,-0.0425,0.00046625
8.3780e-02,-0.0526563,-0.000478125
8.3790e-02,-0.0521875,-0.000235313
8.3800e-02,-0.04375,-0.000398125
8.3810e-02,-0.048125,-0.000332813
8.3820e-02,-0.0484375,8.34375e-05
8.3830e-02,-0.0423437,0.000407813
8.3840e-02,-0.0446875,0.000505625
8.3850e-02,-0.0404687,-0.000545313
8.3860e-02,-0.0289063,-0.000279688
8.3870e-02,-0.0525,-0.00016375
8.3880e-02,-0.0439063,-0.000417813
8.3890e-02,-0.0585938,0.000192813
8.3900e-02,-0.0329688,0.000686875
8.3910e-02,-0.0376563,-0.000243438
8.3920e-02,-0.0415625,-0.000450938
8.3930e-02,-0.0582813,-0.0007275
8.3940e-02,-0.0554687,-0.00032125
8.3950e-02,-0.0420312,0.000518125
8.3960e-02,-0.0501562,0.0002875
8.3970e-02,-0.058125,3.46875e-05
8.3980e-02,-0.035,-0.000928125
8.3990e-02,-0.051875,-0.0005925
8.4000e-02,-0.046875,-0.000603125
8.4010e-02,-0.0310937,-5.40625e-05
8.4020e-02,-0.0421875,0.000940625
8.4030e-02,-0.0592188,0.000611563
8.4040e-02,-0.0467188,0.00020625
8.4050e-02,-0.0407813,-0.000261563
8.4060e-02,-0.0457813,-0.000436875
8.4070e-02,-0.0460938,-0.000607188
8.4080e-02,-0.0534375,0.000544063
8.4090e-02,-0.0439063,0.00121656
8.4100e-02,-0.0410937,0.000962188
8.4110e-02,-0.039375,-0.000294688
8.4120e-02,-0.0517188,-0.000867188
8.4130e-02,-0.043125,-0.00067
8.4140e-02,-0.0409375,0.000249375
8.4150e-02,-0.0415625,0.000721875
8.4160e-02,-0.0434375,0.000589688
8.4170e-02,-0.0403125,-2.75e-05
8.4180e-02,-0.0457813,-0.00115781
8.4190e-02,-0.0335937,-0.00125
8.4200e-02,-0.0501562,-0.000203125
8.4210e-02,-0.048125,0.000850938
8.4220e-02,-0.04125,0.00222063
8.4230e-02,-0.0410937,0.00068625
8.4240e-02,-0.050625,-0.000830938
8.4250e-02,-0.0535937,-0.00221219
8.4260e-02,-0.0457813,-0.0011325
8.4270e-02,-0.0459375,0.000917188
8.4280e-02,-0.0470312,0.00166719
8.4290e-02,-0.0417187,0.00142625
8.4300e-02,-0.0459375,-0.000153438
8.4310e-02,-0.049375,-0.00187375
8.4320e-02,-0.050625,-0.00140438
8.4330e-02,-0.0484375,0.00024875
8.4340e-02,-0.05125,0.00217719
8.4350e-02,-0.0545313,0.00213125
8.4360e-02,-0.0604688,0.000295313
8.4370e-02,-0.04125,-0.00179938
8.4380e-02,-0.0478125,-0.00231562
8.4390e-02,-0.0401563,-0.00185594
8.4400e-02,-0.0589063,0.00157625
8.4410e-02,-0.0623438,0.00278938
8.4420e-02,-0.0417187,0.00334594
8.4430e-02,-0.0589063,0.0032125
8.4440e-02,-0.0479688,0.003255
8.4450e-02,-0.04375,0.00309844
8.4460e-02,-0.049375,0.00326375
8.4470e-02,-0.0485938,0.00306563
8.4480e-02,-0.0495312,0.00333125
8.4490e-02,-0.795938,0.00234313
8.4500e-02,0.6725,-0.00221156
8.4510e-02,1.23859,-0.00552781
8.4520e-02,1.44687,-0.0075925
8.4530e-02,0.50375,-0.00810156
8.4540e-02,0.075,-0.00797656
8.4550e-02,0.0789062,-0.00777188
8.4560e-02,0.0967187,-0.00757313
8.4570e-02,0.0639062,-0.00733563
8.4580e-02,0.0753125,-0.00768594
8.4590e-02,0.0575,-0.00773875
8.4600e-02,0.0535937,-0.00750781
8.4610e-02,0.0471875,-0.00753625
8.4620e-02,0.0390625,-0.00747156
8.4630e-02,0.045625,-0.00770375
8.4640e-02,0.0328125,-0.00744031
8.4650e-02,0.0329688,-0.00752688
8.4660e-02,0.0309375,-0.00753875
8.4670e-02,0.0142187,-0.007505
8.4680e-02,0.0295312,-0.00749844
8.4690e-02,0.019375,-0.00743531
8.4700e-02,0.0221875,-0.00751
8.4710e-02,0.0164063,-0.00732844
8.4720e-02,0.0178125,-0.00744688
8.4730e-02,0.0135937,-0.00732625
8.4740e-02,0.0179688,-0.0073625
8.4750e-02,0.0210937,-0.00298219
8.4760e-02,0.00984375,0.00114219
8.4770e-02,0.02125,0.001045
8.4780e-02,0.0234375,-0.00124469
8.4790e-02,0.00203125,-0.00314
8.4800e-02,0.0104687,-0.00239563
8.4810e-02,0.00953125,0.000498438
8.4820e-02,0.0101562,0.00232031
8.4830e-02,-0.0096875,0.00179844
8.4840e-02,-0.00546875,-0.000254688
8.4850e-02,0.00640625,-0.00241594
8.4860e-02,0.005625,-0.00213844
8.4870e-02,0.001875,-0.000924375
8.4880e-02,-0.00109375,0.00116656
8.4890e-02,-0.00109375,0.00112063
8.4900e-02,-0.00078125,0.00043875
8.4910e-02,-0.0040625,-0.000925313
8.4920e-02,0.00265625,-0.00181188
8.4930e-02,-0.005625,-0.0006675
8.4940e-02,0.00703125,0.000725313
8.4950e-02,0.00703125,0.00190219
8.4960e-02,-0.0129688,0.00165406
8.4970e-02,-0.00734375,0.000408125
8.4980e-02,0.00765625,-0.000685625
8.4990e-02,-0.0034375,-0.00109375
8.5000e-02,-0.00078125,-0.000339375
8.5010e-02,-0.00890625,0.000571875
8.5020e-02,-0.008125,0.00083625
8.5030e-02,-0.004375,0.000114375
8.5040e-02,-0.00734375,-0.000520938
8.5050e-02,-0.00671875,-0.000910938
8.5060e-02,-0.00046875,-0.00036375
8.5070e-02,-0.0040625,-0.000776563
8.5080e-02,-0.00703125,0.00038875
8.5090e-02,-0.0053125,0.000834375
8.5100e-02,-0.0153125,0.000390938
8.5110e-02,0.00265625,-3.25e-05
8.5120e-02,-0.006875,-5.875e-05
8.5130e-02,-0.0125,0.00023375
8.5140e-02,-0.0129688,0.000609688
8.5150e-02,-0.0175,0.00116281
8.5160e-02,-0.0126563,0.000757188
8.5170e-02,-0.00921875,0.000174688
8.5180e-02,-0.0053125,-0.000305938
8.5190e-02,-0.0115625,-0.000615625
8.5200e-02,-0.0125,0.000949688
8.5210e-02,-0.00625,0.00185063
8.5220e-02,-0.00578125,0.00128906
8.5230e-02,-0.01375,0.000533438
8.5240e-02,-0.018125,-0.00060375
8.5250e-02,-0.0071875,-0.000697813
8.5260e-02,-0.0103125,0.00027375
8.5270e-02,-0.013125,0.000700625
8.5280e-02,-0.0117188,0.00109125
8.5290e-02,-0.0214063,-0.00029625
8.5300e-02,-0.018125,-0.000612813
8.5310e-02,-0.01,-0.000545625
8.5320e-02,-0.0157813,-0.00041
8.5330e-02,-0.0110937,0.000185625
8.5340e-02,-0.009375,0.000977187
8.5350e-02,-0.00875,0.001165
8.5360e-02,-0.0151562,0.000670625
8.5370e-02,-0.0189062,-0.000401563
8.5380e-02,-0.0201563,-0.000538125
8.5390e-02,-0.0276563,-0.000758438
8.5400e-02,-0.0034375,-0.000120313
8.5410e-02,-0.0145312,0.00098875
8.5420e-02,-0.0134375,0.000914063
8.5430e-02,-0.0171875,0.000437188
8.5440e-02,-0.01375,-0.000255938
8.5450e-02,-0.0215625,-0.000266875
8.5460e-02,-0.0104688,0.000288125
8.5470e-02,-0.011875,0.000947813
8.5480e-02,-0.01125,0.000613438
8.5490e-02,-0.0167188,0.000644063
8.5500e-02,-0.0223437,0.000455313
8.5510e-02,-0.014375,-0.000294062
8.5520e-02,-0.0182812,-0.000175
8.5530e-02,-0.0173438,-0.000406875
8.5540e-02,-0.0182812,-9.53125e-05
8.5550e-02,-0.0103125,-0.00046125
8.5560e-02,-0.0132813,-0.0003675
8.5570e-02,-0.0148437,-0.00118531
8.5580e-02,-0.0179687,3.125e-06
8.5590e-02,-0.0271875,-7.6875e-05
8.5600e-02,-0.0215625,3.25e-05
8.5610e-02,-0.02,0.00127344
8.5620e-02,-0.0107813,0.000158125
8.5630e-02,-0.014375,-1.09375e-05
8.5640e-02,-0.0234375,-0.000210313
8.5650e-02,-0.0173438,-0.000408125
8.5660e-02,-0.010625,-0.000238438
8.5670e-02,-0.011875,0.000166875
8.5680e-02,-0.01375,0.0002275
8.5690e-02,-0.0164063,0.000270625
8.5700e-02,-0.0282813,0.000288438
8.5710e-02,-0.020625,-0.00048
8.5720e-02,-0.02375,-0.000445625
8.5730e-02,-0.0139063,-0.000105625
8.5740e-02,-0.0215625,0.000241875
8.5750e-02,-0.0178125,-0.000480625
8.5760e-02,-0.0351562,-0.000220625
8.5770e-02,-0.02125,-0.000310313
8.5780e-02,-0.0120313,-0.000412188
8.5790e-02,-0.0210938,0.000786875
8.5800e-02,-0.019375,0.000705
8.5810e-02,-0.0184375,0.000305
8.5820e-02,-0.03375,0.000322188
8.5830e-02,-0.0198438,0.000104375
8.5840e-02,-0.0225,7.1875e-06
8.5850e-02,-0.0215625,-0.000437188
8.5860e-02,-0.0301563,-0.000369063
8.5870e-02,-0.018125,0.000806875
8.5880e-02,-0.0184375,0.000839688
8.5890e-02,-0.0170313,0.000437813
8.5900e-02,-0.0354688,-0.000251562
8.5910e-02,-0.0207813,0.000122813
8.5920e-02,-0.023125,-0.000330313
8.5930e-02,-0.0267187,0.0004375
8.5940e-02,-0.0209375,-3.3125e-05
8.5950e-02,-0.0260937,0.000804063
8.5960e-02,-0.0103125,-0.00043625
8.5970e-02,-0.01625,-0.000124063
8.5980e-02,-0.0290625,0.00028875
8.5990e-02,-0.025,-0.000372813
8.6000e-02,-0.023125,0.000585625
8.6010e-02,-0.0359375,-8.75e-06
8.6020e-02,-0.0285938,0.000597813
8.6030e-02,-0.0275,9.15625e-05
8.6040e-02,-0.0217188,-0.000344063
8.6050e-02,-0.0234375,0.000269063
8.6060e-02,-0.02375,-8.3125e-05
8.6070e-02,-0.0376563,-0.0001
8.6080e-02,-0.0325,-0.000256875
8.6090e-02,-0.0232812,-0.000432188
8.6100e-02,-0.0257812,-0.000145313
8.6110e-02,-0.0342187,-0.000328438
8.6120e-02,-0.0310937,9.125e-05
8.6130e-02,-0.0289063,0.00126656
8.6140e-02,-0.019375,0.000280313
8.6150e-02,-0.0135937,-9.84375e-05
8.6160e-02,-0.0328125,-0.00060875
8.6170e-02,-0.0128125,-0.000156875
8.6180e-02,-0.0207813,0.000205625
8.6190e-02,-0.0253125,-9.1875e-05
8.6200e-02,-0.0225,0.000297813
8.6210e-02,-0.0267187,0.000279063
8.6220e-02,-0.034375,0.000565938
8.6230e-02,-0.0339062,-3.84375e-05
8.6240e-02,-0.0296875,-7.125e-05
8.6250e-02,-0.025625,0.00013
8.6260e-02,-0.0190625,4.28125e-05
8.6270e-02,-0.0267187,-0.000125625
8.6280e-02,-0.036875,0.000212188
8.6290e-02,-0.0301563,-0.000383438
8.6300e-02,-0.0371875,-0.000225313
8.6310e-02,-0.0334375,-3.9375e-05
8.6320e-02,-0.0248438,-0.000140938
8.6330e-02,-0.0192187,0.000345625
8.6340e-02,-0.025,0.00019125
8.6350e-02,-0.0295313,-1.625e-05
8.6360e-02,-0.0265625,0.000414063
8.6370e-02,-0.02375,1.4375e-05
8.6380e-02,-0.0354688,-0.00012
8.6390e-02,-0.0228125,7.78125e-05
8.6400e-02,-0.0389063,0.000117813
8.6410e-02,-0.0120313,-0.000540625
8.6420e-02,-0.0323438,-0.000583125
8.6430e-02,-0.025625,-0.000290313
8.6440e-02,-0.020625,-0.000480938
8.6450e-02,-0.0325,-0.000220313
8.6460e-02,-0.0248438,0.0002325
8.6470e-02,-0.0332812,-2.46875e-05
8.6480e-02,-0.0315625,0.000602188
8.6490e-02,-0.0278125,0.000449063
8.6500e-02,-0.026875,-3.625e-05
8.6510e-02,-0.0329688,-0.000660625
8.6520e-02,-0.0453125,-0.000439375
8.6530e-02,-0.0329688,-0.000310313
8.6540e-02,-0.0264062,0.000766875
8.6550e-02,-0.035625,-5.1875e-05
8.6560e-02,-0.03375,-3.09375e-05
8.6570e-02,-0.0329688,2.0625e-05
8.6580e-02,-0.0242188,-0.00049375
8.6590e-02,-0.0389063,-0.000400938
8.6600e-02,-0.0314062,-0.0005
8.6610e-02,-0.0314062,-0.000254375
8.6620e-02,-0.02375,-0.000422813
8.6630e-02,-0.0395313,-0.000933125
8.6640e-02,-0.0267187,-0.000144688
8.6650e-02,-0.041875,-0.0002525
8.6660e-02,-0.02625,-0.00031625
8.6670e-02,-0.0253125,-0.000174375
8.6680e-02,-0.0296875,-0.000827813
8.6690e-02,-0.0240625,-0.000707188
8.6700e-02,-0.0370313,-9.375e-07
8.6710e-02,-0.0307813,-0.000577188
8.6720e-02,-0.0348437,-0.000208125
8.6730e-02,-0.03,-0.000279375
8.6740e-02,-0.0295313,-5e-06
8.6750e-02,-0.0340625,7.40625e-05
8.6760e-02,-0.0292188,-1.90625e-05
8.6770e-02,-0.0289063,0.000627188
8.6780e-02,-0.028125,-9.59375e-05
8.6790e-02,-0.0290625,0.000744063
8.6800e-02,-0.0370313,2.25e-05
8.6810e-02,-0.033125,-6.84375e-05
8.6820e-02,-0.0396875,-1.1875e-05
8.6830e-02,-0.0351562,9.15625e-05
8.6840e-02,-0.0257812,0.0003275
8.6850e-02,-0.03,7.5625e-05
8.6860e-02,-0.029375,7e-05
8.6870e-02,-0.0225,0.000389688
8.6880e-02,-0.0284375,0.000611875
8.6890e-02,-0.04,9.875e-05
8.6900e-02,-0.0270312,0.00048875
8.6910e-02,-0.03375,0.00027
8.6920e-02,-0.0342187,0.000256875
8.6930e-02,-0.0348437,0.000134063
8.6940e-02,-0.025,-0.0002325
8.6950e-02,-0.036875,-0.000177188
8.6960e-02,-0.0301563,0.000410313
8.6970e-02,-0.0221875,0.0002875
8.6980e-02,-0.040625,0.000128437
8.6990e-02,-0.0225,0.000366875
8.7000e-02,-0.0346875,-0.000135938
8.7010e-02,-0.0295313,-0.0003825
8.7020e-02,-0.0298438,0.000125313
8.7030e-02,-0.026875,-0.0003775
8.7040e-02,-0.036875,0.00025125
8.7050e-02,-0.028125,0.000158125
8.7060e-02,-0.0434375,0.000676563
8.7070e-02,-0.0429688,0.000769688
8.7080e-02,-0.0339062,-0.000382813
8.7090e-02,-0.0245313,4.5625e-05
8.7100e-02,-0.0345312,-0.000478125
8.7110e-02,-0.0379688,0.000531563
8.7120e-02,-0.0307813,-0.000427813
8.7130e-02,-0.0307813,-0.00061
8.7140e-02,-0.0290625,-0.000629063
8.7150e-02,-0.018125,-0.00086
8.7160e-02,-0.0304688,-0.000713438
8.7170e-02,-0.0309375,0.000136563
8.7180e-02,-0.0445313,2.4375e-05
8.7190e-02,-0.0267187,5.90625e-05
8.7200e-02,-0.0445313,0.000411563
8.7210e-02,-0.02625,-0.000283437
8.7220e-02,-0.0390625,0.000144063
8.7230e-02,-0.034375,0.000245
8.7240e-02,-0.0325,0.000117813
8.7250e-02,-0.02875,0.000310313
8.7260e-02,-0.035625,-0.000312188
8.7270e-02,-0.0351562,-0.000143438
8.7280e-02,-0.0395313,-3.28125e-05
8.7290e-02,-0.0284375,-0.000281875
8.7300e-02,-0.0353125,-8.125e-06
8.7310e-02,-0.0326562,-0.000465313
8.7320e-02,-0.0428125,-0.000369688
8.7330e-02,-0.0342187,-0.00014875
8.7340e-02,-0.0303125,-0.000221875
8.7350e-02,-0.03875,0.000140313
8.7360e-02,-0.0365625,0.0004325
8.7370e-02,-0.03625,0.000284063
8.7380e-02,-0.0320312,0.000459688
8.7390e-02,-0.0395313,0.000442813
8.7400e-02,-0.0309375,-0.0001725
8.7410e-02,-0.0389063,-0.0003925
8.7420e-02,-0.0364063,0.000275313
8.7430e-02,-0.0323438,-0.00022625
8.7440e-02,-0.0271875,0.000465313
8.7450e-02,-0.029375,0.000636875
8.7460e-02,-0.0407813,0.000710938
8.7470e-02,-0.0340625,-0.000103438
8.7480e-02,-0.0445313,-0.000167188
8.7490e-02,-0.0428125,-0.000215
8.7500e-02,-0.0340625,0.000287188
8.7510e-02,-0.0485938,0.000927813
8.7520e-02,-0.0296875,-7.59375e-05
8.7530e-02,-0.0307813,-0.000205938
8.7540e-02,-0.041875,-4.65625e-05
8.7550e-02,-0.0314062,8.21875e-05
8.7560e-02,-0.035625,0.000519062
8.7570e-02,-0.036875,0.000398438
8.7580e-02,-0.0360938,0.000255938
8.7590e-02,-0.0385937,-0.000139688
8.7600e-02,-0.0253125,-0.000827813
8.7610e-02,-0.0490625,-6.90625e-05
8.7620e-02,-0.0367188,0.000518125
8.7630e-02,-0.0279688,8.75e-05
8.7640e-02,-0.0367188,0.000292813
8.7650e-02,-0.0353125,3.28125e-05
8.7660e-02,-0.0382813,-0.000380313
8.7670e-02,-0.030625,7.125e-05
8.7680e-02,-0.03625,0.000171563
8.7690e-02,-0.0315625,-0.000837188
8.7700e-02,-0.0382813,0.000571875
8.7710e-02,-0.0453125,0.000374375
8.7720e-02,-0.0407813,0.00119156
8.7730e-02,-0.0378125,-0.000510313
8.7740e-02,-0.0317188,-0.000389375
8.7750e-02,-0.02875,0.000285313
8.7760e-02,-0.0351562,-0.000133438
8.7770e-02,-0.0453125,0.0004
8.7780e-02,-0.0323438,0.000435938
8.7790e-02,-0.0478125,0.000169375
8.7800e-02,-0.0226562,-0.0003425
8.7810e-02,-0.038125,-0.00033375
8.7820e-02,-0.0371875,-0.000279063
8.7830e-02,-0.039375,0.000293438
8.7840e-02,-0.0351562,0.000725625
8.7850e-02,-0.035,0.000489375
8.7860e-02,-0.0375,-0.000182188
8.7870e-02,-0.045,-0.00086375
8.7880e-02,-0.0335937,-0.000409063
8.7890e-02,-0.03375,7.25e-05
8.7900e-02,-0.0414063,0.0002175
8.7910e-02,-0.038125,0.000129062
8.7920e-02,-0.0307813,0.000229688
8.7930e-02,-0.0348437,-0.000375313
8.7940e-02,-0.0435938,-0.00127219
8.7950e-02,-0.0204688,-0.000215
8.7960e-02,-0.0376563,0.00115156
8.7970e-02,-0.025625,0.000761563
8.7980e-02,-0.0314062,0.000575938
8.7990e-02,-0.0328125,-0.000809375
8.8000e-02,-0.0348437,-0.00199344
8.8010e-02,-0.0382813,-0.00100031
8.8020e-02,-0.0403125,-0.000319063
8.8030e-02,-0.0476562,0.00123063
8.8040e-02,-0.036875,0.00136563
8.8050e-02,-0.0373438,-0.000256563
8.8060e-02,-0.0317188,-0.000555
8.8070e-02,-0.0396875,-0.00082
8.8080e-02,-0.0307813,0.000234688
8.8090e-02,-0.0332812,0.000443125
8.8100e-02,-0.0298438,0.0010275
8.8110e-02,-0.0425,0.000479063
8.8120e-02,-0.0435938,-0.000608125
8.8130e-02,-0.0373438,-0.00154156
8.8140e-02,-0.0415625,-0.00132719
8.8150e-02,-0.0414063,-0.000286563
8.8160e-02,-0.0360938,0.00142219
8.8170e-02,-0.0265625,0.000852813
8.8180e-02,-0.0429688,0.000242813
8.8190e-02,-0.0335937,-0.00181781
8.8200e-02,-0.0392187,-0.00161906
8.8210e-02,-0.0373438,0.000253438
8.8220e-02,-0.0340625,0.00219938
8.8230e-02,-0.0378125,0.0025725
8.8240e-02,-0.0357813,0.001735
8.8250e-02,-0.0457813,-0.00028875
8.8260e-02,-0.0271875,-0.00193188
8.8270e-02,-0.0439063,-0.00087625
8.8280e-02,-0.0440625,0.00130219
8.8290e-02,-0.04875,0.00212125
8.8300e-02,-0.03625,0.00141938
8.8310e-02,-0.0385937,1.8125e-05
8.8320e-02,-0.0392187,-0.00201469
8.8330e-02,-0.0196875,-0.00265313
8.8340e-02,-0.0389063,0.0005225
8.8350e-02,-0.0476562,0.00226219
8.8360e-02,-0.0470312,0.00274563
8.8370e-02,-0.0360938,0.000894063
8.8380e-02,-0.0401563,-0.00195906
8.8390e-02,-0.0429688,-0.00379281
8.8400e-02,-0.0317188,-0.00196031
8.8410e-02,-0.0417187,0.00199
8.8420e-02,-0.034375,0.00336688
8.8430e-02,-0.0546875,0.00304656
8.8440e-02,-0.0359375,0.000337813
8.8450e-02,-0.04125,-0.00356688
8.8460e-02,-0.03875,-0.00361188
8.8470e-02,-0.03375,-0.000792188
8.8480e-02,-0.0317188,0.00248031
8.8490e-02,-0.0425,0.00460375
8.8500e-02,-0.0467188,0.00252219
8.8510e-02,-0.0403125,-0.00113375
8.8520e-02,-0.0459375,-0.00445469
8.8530e-02,-0.0401563,-0.00350063
8.8540e-02,-0.0321875,0.0003525
8.8550e-02,-0.05375,0.00332719
8.8560e-02,-0.0417187,0.00385094
8.8570e-02,-0.0271875,0.000519375
8.8580e-02,-0.0354688,-0.00275219
8.8590e-02,-0.0392187,-0.0041625
8.8600e-02,-0.0298438,-0.00206406
8.8610e-02,-0.0428125,0.00179531
8.8620e-02,-0.0398437,0.00365375
8.8630e-02,-0.03375,0.00283
8.8640e-02,-0.0371875,-0.00077375
8.8650e-02,-0.0392187,-0.00369
8.8660e-02,-0.03875,-0.00318594
8.8670e-02,-0.0526563,0.000160938
8.8680e-02,-0.0496875,0.00251719
8.8690e-02,-0.0385937,0.00256938
8.8700e-02,-0.044375,0.00131719
8.8710e-02,-0.0365625,-0.00183219
8.8720e-02,-0.0410937,-0.00296938
8.8730e-02,-0.0501562,-0.00151875
8.8740e-02,-0.046875,0.00101156
8.8750e-02,-0.0401563,0.00299063
8.8760e-02,-0.0390625,0.00137781
8.8770e-02,-0.0385937,-0.000344063
8.8780e-02,-0.0265625,-0.00187781
8.8790e-02,-0.0367188,-0.00158219
8.8800e-02,-0.0495312,-0.00027
8.8810e-02,-0.045625,0.00214656
8.8820e-02,-0.039375,0.00231063
8.8830e-02,-0.0326562,0.000987812
8.8840e-02,-0.0409375,-0.000911875
8.8850e-02,-0.0454688,-0.00136594
8.8860e-02,-0.0478125,0.000135625
8.8870e-02,-0.0395313,0.00090625
8.8880e-02,-0.0476562,0.00216844
8.8890e-02,-0.053125,0.000689688
8.8900e-02,-0.0403125,-0.000200938
8.8910e-02,-0.0434375,-0.00130063
8.8920e-02,-0.0445313,-0.00129
8.8930e-02,-0.0196875,0.000450313
8.8940e-02,-0.0385937,0.00056625
8.8950e-02,-0.0445313,0.00116313
8.8960e-02,-0.0432813,-0.000205938
8.8970e-02,-0.04125,-0.00080125
8.8980e-02,-0.04,-0.000310625
8.8990e-02,-0.0448438,-0.000171563
8.9000e-02,-0.0325,0.000514688
8.9010e-02,-0.0410937,0.00116938
8.9020e-02,-0.036875,0.00072875
8.9030e-02,-0.02625,4.8125e-05
8.9040e-02,-0.04,-0.00110375
8.9050e-02,-0.0423437,-0.000787813
8.9060e-02,-0.0254688,0.00015125
8.9070e-02,-0.0457813,0.000215
8.9080e-02,-0.0351562,0.000939063
8.9090e-02,-0.0385937,-0.000154688
8.9100e-02,-0.0426562,-0.000549063
8.9110e-02,-0.0435938,-0.000863125
8.9120e-02,-0.0451563,-0.000284375
8.9130e-02,-0.0514063,0.00110531
8.9140e-02,-0.0375,0.000677813
8.9150e-02,-0.0478125,0.000458438
8.9160e-02,-0.0253125,9.84375e-05
8.9170e-02,-0.043125,-0.000803438
8.9180e-02,-0.0473438,-0.000279375
8.9190e-02,-0.0448438,0.000215938
8.9200e-02,-0.039375,0.0005575
8.9210e-02,-0.051875,0.000269375
8.9220e-02,-0.0490625,-0.000135938
8.9230e-02,-0.0467188,-0.000314688
8.9240e-02,-0.03625,-0.000545
8.9250e-02,-0.0345312,-0.00012875
8.9260e-02,-0.0439063,0.000334063
8.9270e-02,-0.0475,3.375e-05
8.9280e-02,-0.04,-0.00056125
8.9290e-02,-0.0432813,-5.75e-05
8.9300e-02,-0.043125,-0.000555313
8.9310e-02,-0.043125,-0.000470313
8.9320e-02,-0.0376563,-0.000825
8.9330e-02,-0.0451563,-2.5625e-05
8.9340e-02,-0.0507812,0.000643125
8.9350e-02,-0.0410937,0.00032375
8.9360e-02,-0.0396875,-0.00034875
8.9370e-02,-0.0495312,-0.000114375
8.9380e-02,-0.0315625,-0.0007175
8.9390e-02,-0.044375,2.40625e-05
8.9400e-02,-0.044375,0.000735
8.9410e-02,-0.04,0.00110063
8.9420e-02,-0.03875,0.000460625
8.9430e-02,-0.0517188,0.000175313
8.9440e-02,-0.0414063,-0.000647813
8.9450e-02,-0.0292188,-0.000279063
8.9460e-02,-0.0415625,-0.000521875
8.9470e-02,-0.0492188,0.000387188
8.9480e-02,-0.0460938,0.000195938
8.9490e-02,-0.0515625,-0.000117813
8.9500e-02,-0.0348437,-6.8125e-05
8.9510e-02,-0.045,0.00012625
8.9520e-02,-0.03125,0.000779063
8.9530e-02,-0.05625,0.00021875
8.9540e-02,-0.0529687,-0.00016
8.9550e-02,-0.046875,0.000368438
8.9560e-02,-0.050625,0.000116563
8.9570e-02,-0.0301563,-0.000944063
8.9580e-02,-0.0370313,-0.00023375
8.9590e-02,-0.0490625,0.000659375
8.9600e-02,-0.0409375,0.001195
8.9610e-02,-0.0417187,0.000910625
8.9620e-02,-0.0398437,0.000481563
8.9630e-02,-0.0446875,0.000740625
8.9640e-02,-0.0407813,7.5625e-05
8.9650e-02,-0.0379688,-2.75e-05
8.9660e-02,-0.0445313,0.000284688
8.9670e-02,-0.0496875,0.000654063
8.9680e-02,-0.0467188,0.000642813
8.9690e-02,-0.045625,8.1875e-05
8.9700e-02,-0.0539063,-0.000510937
8.9710e-02,-0.0432813,-0.000924375
8.9720e-02,-0.0354688,-0.000786875
8.9730e-02,-0.0429688,-9.40625e-05
8.9740e-02,-0.0453125,0.000175625
8.9750e-02,-0.0415625,0.000451563
8.9760e-02,-0.0495312,-0.000168438

