Model,MDO4054-3
Firmware Version,2.20

Waveform Type,ANALOG,
Point Format,Y,
Horizontal Units,s,
Horizontal Scale,0.01,
Horizontal Delay,0.03977,
Sample Interval,1e-05,
Record Length,10000,
Gating,0.0% to 100.0%,
Probe Attenuation,1,
Vertical Units,V,
Vertical Offset,0,
Vertical Scale,1,
Vertical Position,0.02,
,,
,,
,,
Label,,
TIME,CH1,CH2
-1.0230e-02,-0.0532813,-0.00120375
-1.0220e-02,-0.0448438,-0.00108813
-1.0210e-02,-0.0551563,-0.00101188
-1.0200e-02,-0.0459375,-0.00136906
-1.0190e-02,-0.0385937,-0.00121625
-1.0180e-02,-0.05125,-0.00129125
-1.0170e-02,-0.04375,-0.00099125
-1.0160e-02,-0.0551563,-0.00110156
-1.0150e-02,-0.0532813,-0.00078875
-1.0140e-02,-0.0451563,-0.0005775
-1.0130e-02,-0.0554687,-0.001155
-1.0120e-02,-0.0521875,-0.0005725
-1.0110e-02,-0.0442188,-0.000938125
-1.0100e-02,-0.0453125,-0.00125063
-1.0090e-02,-0.05125,-0.00124875
-1.0080e-02,-0.056875,-0.00156438
-1.0070e-02,-0.0534375,-0.00125688
-1.0060e-02,-0.059375,-0.00118031
-1.0050e-02,-0.0471875,-0.0011425
-1.0040e-02,-0.04625,-0.00141531
-1.0030e-02,-0.043125,-0.00097125
-1.0020e-02,-0.0415625,-0.000946563
-1.0010e-02,-0.0470312,-0.00142531
-1.0000e-02,-0.058125,-0.00126656
-9.9900e-03,-0.0404687,-0.00139906
-9.9800e-03,-0.048125,-0.00123125
-9.9700e-03,-0.0446875,-0.00114844
-9.9600e-03,-0.04375,-0.000997813
-9.9500e-03,-0.0382813,-0.000716875
-9.9400e-03,-0.0514063,-0.00110094
-9.9300e-03,-0.0545313,-0.00109406
-9.9200e-03,-0.0565625,-0.00127438
-9.9100e-03,-0.0471875,-0.00121094
-9.9000e-03,-0.048125,-0.00114781
-9.8900e-03,-0.05125,-0.000766875
-9.8800e-03,-0.0560937,-0.00140813
-9.8700e-03,-0.0570313,-0.00106281
-9.8600e-03,-0.05875,-0.00119375
-9.8500e-03,-0.0520313,-0.00124938
-9.8400e-03,-0.0479688,-0.00129656
-9.8300e-03,-0.0475,-0.00118969
-9.8200e-03,-0.061875,-0.00136875
-9.8100e-03,-0.0428125,-0.00148375
-9.8000e-03,-0.0414063,-0.00127938
-9.7900e-03,-0.0515625,-0.00109781
-9.7800e-03,-0.0440625,-0.000544063
-9.7700e-03,-0.035,-0.00131344
-9.7600e-03,-0.0470312,-0.00103656
-9.7500e-03,-0.051875,-0.000788438
-9.7400e-03,-0.0578125,-0.000389375
-9.7300e-03,-0.0528125,-0.00122313
-9.7200e-03,-0.0421875,-0.00128469
-9.7100e-03,-0.0414063,-0.00118844
-9.7000e-03,-0.0439063,-0.00139
-9.6900e-03,-0.0415625,-0.00110125
-9.6800e-03,-0.0517188,-0.00142781
-9.6700e-03,-0.0539063,-0.00138875
-9.6600e-03,-0.0460938,-0.00114188
-9.6500e-03,-0.0334375,-0.00117094
-9.6400e-03,-0.0395313,-0.00134625
-9.6300e-03,-0.0396875,-0.00103313
-9.6200e-03,-0.05375,-0.00119313
-9.6100e-03,-0.0471875,-0.00150125
-9.6000e-03,-0.044375,-0.00067875
-9.5900e-03,-0.0526563,-0.00114563
-9.5800e-03,-0.0409375,-0.00119781
-9.5700e-03,-0.0504687,-0.000525625
-9.5600e-03,-0.0414063,-0.00131875
-9.5500e-03,-0.0610938,-0.00127688
-9.5400e-03,-0.0476562,-0.00098625
-9.5300e-03,-0.0446875,-0.00085125
-9.5200e-03,-0.0417187,-0.00118375
-9.5100e-03,-0.0490625,-0.00104563
-9.5000e-03,-0.0573437,-0.00113594
-9.4900e-03,-0.0535937,-0.00113813
-9.4800e-03,-0.0365625,-0.00115375
-9.4700e-03,-0.0475,-0.00119313
-9.4600e-03,-0.0409375,-0.00124094
-9.4500e-03,-0.0465625,-0.00105469
-9.4400e-03,-0.0471875,-0.000785
-9.4300e-03,-0.0453125,-0.00094
-9.4200e-03,-0.05125,-0.00103625
-9.4100e-03,-0.0403125,-0.000722813
-9.4000e-03,-0.051875,-0.00103719
-9.3900e-03,-0.0548437,-0.00103875
-9.3800e-03,-0.048125,-0.00102656
-9.3700e-03,-0.0425,-0.00126563
-9.3600e-03,-0.038125,-0.0012125
-9.3500e-03,-0.0584375,-0.00115
-9.3400e-03,-0.0484375,-0.00141125
-9.3300e-03,-0.0464062,-0.00153969
-9.3200e-03,-0.045,-0.000852188
-9.3100e-03,-0.0425,-0.00094625
-9.3000e-03,-0.0446875,-0.00117563
-9.2900e-03,-0.0451563,-0.000575938
-9.2800e-03,-0.0551563,-0.00138313
-9.2700e-03,-0.05,-0.00108813
-9.2600e-03,-0.0464062,-0.000926875
-9.2500e-03,-0.0467188,-0.001135
-9.2400e-03,-0.0470312,-0.00119
-9.2300e-03,-0.0529687,-0.000865313
-9.2200e-03,-0.0471875,-0.00101281
-9.2100e-03,-0.046875,-0.00106719
-9.2000e-03,-0.0465625,-0.00101719
-9.1900e-03,-0.0346875,-0.000579375
-9.1800e-03,-0.045,-0.00122125
-9.1700e-03,-0.0504687,-0.00121281
-9.1600e-03,-0.0476562,-0.00102438
-9.1500e-03,-0.0446875,-0.00136813
-9.1400e-03,-0.044375,-0.000945625
-9.1300e-03,-0.0560937,-0.00124156
-9.1200e-03,-0.0532813,-0.00145156
-9.1100e-03,-0.0545313,-0.00128406
-9.1000e-03,-0.0498438,-0.00135375
-9.0900e-03,-0.0553125,-0.00132219
-9.0800e-03,-0.0525,-0.00097
-9.0700e-03,-0.048125,-0.00141813
-9.0600e-03,-0.0554687,-0.00117969
-9.0500e-03,-0.0432813,-0.00128188
-9.0400e-03,-0.0523437,-0.00140531
-9.0300e-03,-0.0301563,-0.00128875
-9.0200e-03,-0.0475,-0.00143969
-9.0100e-03,-0.0509375,-0.00154156
-9.0000e-03,-0.04125,-0.000645625
-8.9900e-03,-0.04875,-0.00138844
-8.9800e-03,-0.055625,-0.00112438
-8.9700e-03,-0.0590625,-0.00101625
-8.9600e-03,-0.0595313,-0.000901875
-8.9500e-03,-0.0457813,-0.000875938
-8.9400e-03,-0.0448438,-0.000951563
-8.9300e-03,-0.0459375,-0.00127625
-8.9200e-03,-0.0617188,-0.00132063
-8.9100e-03,-0.0525,-0.000874375
-8.9000e-03,-0.06,-0.00091
-8.8900e-03,-0.0557813,-0.00104344
-8.8800e-03,-0.0439063,-0.00142531
-8.8700e-03,-0.0420312,-0.00114781
-8.8600e-03,-0.0373438,-0.00137156
-8.8500e-03,-0.0592188,-0.00139844
-8.8400e-03,-0.045625,-0.00105813
-8.8300e-03,-0.0553125,-0.001285
-8.8200e-03,-0.0535937,-0.00105063
-8.8100e-03,-0.0503125,-0.00107094
-8.8000e-03,-0.048125,-0.0013075
-8.7900e-03,-0.0467188,-0.000950313
-8.7800e-03,-0.0576563,-0.00100125
-8.7700e-03,-0.04875,-0.00110781
-8.7600e-03,-0.0475,-0.00088375
-8.7500e-03,-0.0348437,-0.00109719
-8.7400e-03,-0.045625,-0.00120469
-8.7300e-03,-0.05125,-0.000898125
-8.7200e-03,-0.0534375,-0.00147406
-8.7100e-03,-0.0490625,-0.00156406
-8.7000e-03,-0.0425,-0.00133906
-8.6900e-03,-0.05625,-0.00154719
-8.6800e-03,-0.0540625,-0.00116344
-8.6700e-03,-0.05625,-0.001185
-8.6600e-03,-0.05,-0.00111094
-8.6500e-03,-0.03875,-0.00094875
-8.6400e-03,-0.048125,-0.00103625
-8.6300e-03,-0.0523437,-0.000958125
-8.6200e-03,-0.0475,-0.00116125
-8.6100e-03,-0.0495312,-0.00126656
-8.6000e-03,-0.0510938,-0.00115
-8.5900e-03,-0.0565625,-0.00104531
-8.5800e-03,-0.0485938,-0.00120094
-8.5700e-03,-0.0590625,-0.00140906
-8.5600e-03,-0.0504687,-0.0008925
-8.5500e-03,-0.0517188,-0.00098625
-8.5400e-03,-0.0426562,-0.00144875
-8.5300e-03,-0.0454688,-0.00122031
-8.5200e-03,-0.0471875,-0.00128688
-8.5100e-03,-0.0585938,-0.00139875
-8.5000e-03,-0.05625,-0.000964375
-8.4900e-03,-0.0484375,-0.00093375
-8.4800e-03,-0.0459375,-0.00106219
-8.4700e-03,-0.0473438,-0.0010525
-8.4600e-03,-0.0476562,-0.000578438
-8.4500e-03,-0.045,-0.00161688
-8.4400e-03,-0.0432813,-0.00097625
-8.4300e-03,-0.038125,-0.000994375
-8.4200e-03,-0.0346875,-0.000857188
-8.4100e-03,-0.0514063,-0.0010225
-8.4000e-03,-0.0421875,-0.001125
-8.3900e-03,-0.0514063,-0.00113
-8.3800e-03,-0.0470312,-0.000869063
-8.3700e-03,-0.0478125,-0.00113688
-8.3600e-03,-0.0417187,-0.00115313
-8.3500e-03,-0.053125,-0.00139
-8.3400e-03,-0.0501562,-0.00120406
-8.3300e-03,-0.0425,-0.00145375
-8.3200e-03,-0.049375,-0.00124094
-8.3100e-03,-0.0414063,-0.00148781
-8.3000e-03,-0.0454688,-0.00155844
-8.2900e-03,-0.059375,-0.00126625
-8.2800e-03,-0.0482812,-0.00089125
-8.2700e-03,-0.0551563,-0.00118687
-8.2600e-03,-0.0429688,-0.00132563
-8.2500e-03,-0.049375,-0.00141531
-8.2400e-03,-0.0470312,-0.00119813
-8.2300e-03,-0.044375,-0.00103219
-8.2200e-03,-0.0389063,-0.00111094
-8.2100e-03,-0.0453125,-0.00114875
-8.2000e-03,-0.0501562,-0.00104813
-8.1900e-03,-0.0439063,-0.000788438
-8.1800e-03,-0.0539063,-0.000812188
-8.1700e-03,-0.041875,-0.00111938
-8.1600e-03,-0.043125,-0.000949063
-8.1500e-03,-0.0470312,-0.00120625
-8.1400e-03,-0.0529687,-0.0013775
-8.1300e-03,-0.040625,-0.00136656
-8.1200e-03,-0.0451563,-0.00165813
-8.1100e-03,-0.049375,-0.00109938
-8.1000e-03,-0.0492188,-0.00140875
-8.0900e-03,-0.039375,-0.000739375
-8.0800e-03,-0.0523437,-0.00122469
-8.0700e-03,-0.0539063,-0.00105625
-8.0600e-03,-0.0501562,-0.00114063
-8.0500e-03,-0.0470312,-0.00105219
-8.0400e-03,-0.0610938,-0.000698438
-8.0300e-03,-0.0423437,-0.00107969
-8.0200e-03,-0.0464062,-0.000873438
-8.0100e-03,-0.0457813,-0.00129781
-8.0000e-03,-0.0526563,-0.000570938
-7.9900e-03,-0.0529687,-0.0010625
-7.9800e-03,-0.0526563,-0.00139313
-7.9700e-03,-0.05,-0.00116156
-7.9600e-03,-0.0559375,-0.00128375
-7.9500e-03,-0.04875,-0.00122875
-7.9400e-03,-0.0403125,-0.00115375
-7.9300e-03,-0.035625,-0.00121688
-7.9200e-03,-0.0395313,-0.00128688
-7.9100e-03,-0.0460938,-0.00138469
-7.9000e-03,-0.0565625,-0.00139844
-7.8900e-03,-0.045625,-0.00127625
-7.8800e-03,-0.0432813,-0.000873125
-7.8700e-03,-0.036875,-0.00160688
-7.8600e-03,-0.048125,-0.00126063
-7.8500e-03,-0.053125,-0.000743438
-7.8400e-03,-0.0435938,-0.0007725
-7.8300e-03,-0.05625,-0.00093375
-7.8200e-03,-0.0457813,-0.000909375
-7.8100e-03,-0.05875,-0.00129531
-7.8000e-03,-0.038125,-0.000778438
-7.7900e-03,-0.0490625,-0.000783125
-7.7800e-03,-0.0454688,-0.00100719
-7.7700e-03,-0.0370313,-0.00134313
-7.7600e-03,-0.0540625,-0.0012125
-7.7500e-03,-0.0507812,-0.00112844
-7.7400e-03,-0.045625,-0.00127313
-7.7300e-03,-0.0546875,-0.00132188
-7.7200e-03,-0.0517188,-0.00174219
-7.7100e-03,-0.0357813,-0.00113938
-7.7000e-03,-0.0507812,-0.00109313
-7.6900e-03,-0.050625,-0.000825938
-7.6800e-03,-0.048125,-0.00152688
-7.6700e-03,-0.0479688,-0.00151063
-7.6600e-03,-0.0471875,-0.00100875
-7.6500e-03,-0.039375,-0.00108
-7.6400e-03,-0.05,-0.00103219
-7.6300e-03,-0.0429688,-0.000849375
-7.6200e-03,-0.0476562,-0.000684688
-7.6100e-03,-0.0545313,-0.0011675
-7.6000e-03,-0.045625,-0.000818125
-7.5900e-03,-0.0384375,-0.00128719
-7.5800e-03,-0.0359375,-0.00119938
-7.5700e-03,-0.0515625,-0.00123344
-7.5600e-03,-0.0353125,-0.00147625
-7.5500e-03,-0.050625,-0.00154406
-7.5400e-03,-0.049375,-0.00103188
-7.5300e-03,-0.0492188,-0.00125531
-7.5200e-03,-0.049375,-0.00126469
-7.5100e-03,-0.0509375,-0.00143188
-7.5000e-03,-0.053125,-0.00129156
-7.4900e-03,-0.0434375,-0.00119313
-7.4800e-03,-0.0557813,-0.00096625
-7.4700e-03,-0.0484375,-0.00164094
-7.4600e-03,-0.0479688,-0.000959375
-7.4500e-03,-0.0529687,-0.00109156
-7.4400e-03,-0.049375,-0.001025
-7.4300e-03,-0.055,-0.000945
-7.4200e-03,-0.0548437,-0.00157188
-7.4100e-03,-0.0575,-0.00135656
-7.4000e-03,-0.0617188,-0.00139313
-7.3900e-03,-0.045625,-0.000982813
-7.3800e-03,-0.0465625,-0.000939688
-7.3700e-03,-0.0615625,-0.0010775
-7.3600e-03,-0.0479688,-0.00104656
-7.3500e-03,-0.0342187,-0.00121656
-7.3400e-03,-0.0470312,-0.00130625
-7.3300e-03,-0.0521875,-0.000975938
-7.3200e-03,-0.05625,-0.00124688
-7.3100e-03,-0.0457813,-0.00132313
-7.3000e-03,-0.0467188,-0.000974063
-7.2900e-03,-0.0595313,-0.00116219
-7.2800e-03,-0.0445313,-0.000756875
-7.2700e-03,-0.0515625,-0.00116531
-7.2600e-03,-0.0503125,-0.00112875
-7.2500e-03,-0.0492188,-0.00121781
-7.2400e-03,-0.0409375,-0.00124094
-7.2300e-03,-0.0473438,-0.00091875
-7.2200e-03,-0.0560937,-0.000505313
-7.2100e-03,-0.03625,-0.00092375
-7.2000e-03,-0.0539063,-0.000965
-7.1900e-03,-0.043125,-0.000842188
-7.1800e-03,-0.0464062,-0.000864688
-7.1700e-03,-0.0514063,-0.00149844
-7.1600e-03,-0.053125,-0.00107625
-7.1500e-03,-0.0485938,-0.00122094
-7.1400e-03,-0.0478125,-0.000983125
-7.1300e-03,-0.0525,-0.00122094
-7.1200e-03,-0.0498438,-0.00136094
-7.1100e-03,-0.0535937,-0.0008225
-7.1000e-03,-0.0360938,-0.00121063
-7.0900e-03,-0.0503125,-0.00106125
-7.0800e-03,-0.0479688,-0.00149781
-7.0700e-03,-0.0485938,-0.00101469
-7.0600e-03,-0.0565625,-0.00100656
-7.0500e-03,-0.050625,-0.00122156
-7.0400e-03,-0.05625,-0.00119813
-7.0300e-03,-0.0390625,-0.00089
-7.0200e-03,-0.043125,-0.000988125
-7.0100e-03,-0.0478125,-0.00133625
-7.0000e-03,-0.05625,-0.00144344
-6.9900e-03,-0.0475,-0.00124688
-6.9800e-03,-0.0403125,-0.00144688
-6.9700e-03,-0.0525,-0.000881875
-6.9600e-03,-0.04375,-0.00102656
-6.9500e-03,-0.0392187,-0.000960313
-6.9400e-03,-0.0473438,-0.00139094
-6.9300e-03,-0.0485938,-0.00139125
-6.9200e-03,-0.0490625,-0.000789375
-6.9100e-03,-0.0551563,-0.00133969
-6.9000e-03,-0.0584375,-0.00107844
-6.8900e-03,-0.0378125,-0.00124813
-6.8800e-03,-0.0551563,-0.00105063
-6.8700e-03,-0.0457813,-0.00115094
-6.8600e-03,-0.0578125,-0.000994688
-6.8500e-03,-0.0557813,-0.00128125
-6.8400e-03,-0.049375,-0.00100156
-6.8300e-03,-0.045625,-0.00131469
-6.8200e-03,-0.0535937,-0.00140938
-6.8100e-03,-0.048125,-0.0011725
-6.8000e-03,-0.0446875,-0.00132094
-6.7900e-03,-0.0660938,-0.00130156
-6.7800e-03,-0.04875,-0.00128781
-6.7700e-03,-0.0598438,-0.001145
-6.7600e-03,-0.0301563,-0.00126156
-6.7500e-03,-0.0526563,-0.00114656
-6.7400e-03,-0.0426562,-0.000861563
-6.7300e-03,-0.0532813,-0.00115969
-6.7200e-03,-0.0396875,-0.00114531
-6.7100e-03,-0.0420312,-0.0008725
-6.7000e-03,-0.0459375,-0.00124594
-6.6900e-03,-0.049375,-0.00105531
-6.6800e-03,-0.0529687,-0.00134813
-6.6700e-03,-0.0496875,-0.00137344
-6.6600e-03,-0.0448438,-0.00162969
-6.6500e-03,-0.0492188,-0.001415
-6.6400e-03,-0.0515625,-0.00153125
-6.6300e-03,-0.0439063,-0.00184063
-6.6200e-03,-0.0557813,-0.00109688
-6.6100e-03,-0.0454688,-0.000644375
-6.6000e-03,-0.0485938,-0.00109469
-6.5900e-03,-0.045,-0.00110438
-6.5800e-03,-0.059375,-0.001285
-6.5700e-03,-0.0575,-0.00130969
-6.5600e-03,-0.0471875,-0.00107219
-6.5500e-03,-0.040625,-0.00130625
-6.5400e-03,-0.0517188,-0.00104906
-6.5300e-03,-0.0407813,-0.000968125
-6.5200e-03,-0.0426562,-0.000925938
-6.5100e-03,-0.0414063,-0.00119313
-6.5000e-03,-0.0407813,-0.00112938
-6.4900e-03,-0.0528125,-0.00131594
-6.4800e-03,-0.0517188,-0.00113344
-6.4700e-03,-0.0584375,-0.000706875
-6.4600e-03,-0.0395313,-0.00105563
-6.4500e-03,-0.0501562,-0.00114219
-6.4400e-03,-0.0371875,-0.00142031
-6.4300e-03,-0.0535937,-0.00143188
-6.4200e-03,-0.0414063,-0.00118813
-6.4100e-03,-0.0520313,-0.00110719
-6.4000e-03,-0.0579687,-0.00091
-6.3900e-03,-0.0451563,-0.000802188
-6.3800e-03,-0.048125,-0.00109375
-6.3700e-03,-0.0485938,-0.00132906
-6.3600e-03,-0.0548437,-0.00130406
-6.3500e-03,-0.0523437,-0.00136406
-6.3400e-03,-0.0495312,-0.00135438
-6.3300e-03,-0.0495312,-0.00108594
-6.3200e-03,-0.0498438,-0.00113125
-6.3100e-03,-0.0542187,-0.00123938
-6.3000e-03,-0.030625,-0.000869688
-6.2900e-03,-0.0528125,-0.0008925
-6.2800e-03,-0.04625,-0.00118531
-6.2700e-03,-0.0548437,-0.00147344
-6.2600e-03,-0.0371875,-0.00142375
-6.2500e-03,-0.04875,-0.000879688
-6.2400e-03,-0.0445313,-0.00110281
-6.2300e-03,-0.0570313,-0.00102094
-6.2200e-03,-0.04,-0.00114
-6.2100e-03,-0.0482812,-0.00126531
-6.2000e-03,-0.0485938,-0.00140906
-6.1900e-03,-0.0442188,-0.00128031
-6.1800e-03,-0.0470312,-0.000815938
-6.1700e-03,-0.048125,-0.00118938
-6.1600e-03,-0.0523437,-0.000935938
-6.1500e-03,-0.0475,-0.00142
-6.1400e-03,-0.0479688,-0.00121844
-6.1300e-03,-0.0517188,-0.00124844
-6.1200e-03,-0.0553125,-0.00128219
-6.1100e-03,-0.0434375,-0.00100094
-6.1000e-03,-0.0439063,-0.000920313
-6.0900e-03,-0.0617188,-0.000927813
-6.0800e-03,-0.0523437,-0.000496875
-6.0700e-03,-0.0446875,-0.00120375
-6.0600e-03,-0.0507812,-0.00104813
-6.0500e-03,-0.04375,-0.00129906
-6.0400e-03,-0.045,-0.000953125
-6.0300e-03,-0.0528125,-0.000771563
-6.0200e-03,-0.0417187,-0.00105469
-6.0100e-03,-0.04625,-0.000964375
-6.0000e-03,-0.04625,-0.00108156
-5.9900e-03,-0.051875,-0.00123313
-5.9800e-03,-0.0532813,-0.00120781
-5.9700e-03,-0.0496875,-0.00162906
-5.9600e-03,-0.0373438,-0.00143938
-5.9500e-03,-0.0478125,-0.00140125
-5.9400e-03,-0.0620312,-0.00129406
-5.9300e-03,-0.05,-0.00127813
-5.9200e-03,-0.0473438,-0.00114063
-5.9100e-03,-0.0595313,-0.00084625
-5.9000e-03,-0.0479688,-0.00138219
-5.8900e-03,-0.0470312,-0.0013875
-5.8800e-03,-0.053125,-0.00105656
-5.8700e-03,-0.0539063,-0.00115969
-5.8600e-03,-0.0565625,-0.00112094
-5.8500e-03,-0.0484375,-0.00105906
-5.8400e-03,-0.0523437,-0.00061
-5.8300e-03,-0.0492188,-0.00131188
-5.8200e-03,-0.0540625,-0.00118094
-5.8100e-03,-0.0445313,-0.00097875
-5.8000e-03,-0.0346875,-0.0010825
-5.7900e-03,-0.0445313,-0.0012425
-5.7800e-03,-0.046875,-0.000846563
-5.7700e-03,-0.044375,-0.00104344
-5.7600e-03,-0.045625,-0.00141125
-5.7500e-03,-0.0448438,-0.000856563
-5.7400e-03,-0.036875,-0.0013625
-5.7300e-03,-0.0501562,-0.001095
-5.7200e-03,-0.0540625,-0.000963125
-5.7100e-03,-0.0492188,-0.000972813
-5.7000e-03,-0.0507812,-0.00114375
-5.6900e-03,-0.0467188,-0.00160063
-5.6800e-03,-0.046875,-0.000980938
-5.6700e-03,-0.049375,-0.00130969
-5.6600e-03,-0.0407813,-0.0012775
-5.6500e-03,-0.043125,-0.00105625
-5.6400e-03,-0.05375,-0.00128281
-5.6300e-03,-0.0484375,-0.00162094
-5.6200e-03,-0.0428125,-0.00121125
-5.6100e-03,-0.0573437,-0.00122094
-5.6000e-03,-0.0459375,-0.00167875
-5.5900e-03,-0.0445313,-0.00117125
-5.5800e-03,-0.0414063,-0.00104875
-5.5700e-03,-0.06125,-0.00103906
-5.5600e-03,-0.0490625,-0.00094875
-5.5500e-03,-0.0448438,-0.00101906
-5.5400e-03,-0.0435938,-0.00122969
-5.5300e-03,-0.0501562,-0.0007425
-5.5200e-03,-0.0470312,-0.00090875
-5.5100e-03,-0.0451563,-0.000850938
-5.5000e-03,-0.0498438,-0.00120031
-5.4900e-03,-0.0454688,-0.0008925
-5.4800e-03,-0.0457813,-0.00159188
-5.4700e-03,-0.0545313,-0.001265
-5.4600e-03,-0.0507812,-0.0014425
-5.4500e-03,-0.0314062,-0.00102688
-5.4400e-03,-0.041875,-0.000843125
-5.4300e-03,-0.0540625,-0.000953125
-5.4200e-03,-0.0440625,-0.00124125
-5.4100e-03,-0.0545313,-0.00107375
-5.4000e-03,-0.04875,-0.00105781
-5.3900e-03,-0.0507812,-0.00116031
-5.3800e-03,-0.04375,-0.00140531
-5.3700e-03,-0.0542187,-0.000875938
-5.3600e-03,-0.0453125,-0.000623125
-5.3500e-03,-0.03875,-0.000942813
-5.3400e-03,-0.05125,-0.00103563
-5.3300e-03,-0.0515625,-0.00117188
-5.3200e-03,-0.0490625,-0.00104188
-5.3100e-03,-0.045625,-0.000907188
-5.3000e-03,-0.0465625,-0.000980313
-5.2900e-03,-0.04625,-0.000938125
-5.2800e-03,-0.05,-0.00129688
-5.2700e-03,-0.0529687,-0.00165219
-5.2600e-03,-0.0414063,-0.00113375
-5.2500e-03,-0.0457813,-0.00109531
-5.2400e-03,-0.0446875,-0.00116469
-5.2300e-03,-0.0526563,-0.000994375
-5.2200e-03,-0.0482812,-0.00120812
-5.2100e-03,-0.0470312,-0.00133688
-5.2000e-03,-0.0564063,-0.00162344
-5.1900e-03,-0.0390625,-0.0011775
-5.1800e-03,-0.0446875,-0.00125375
-5.1700e-03,-0.054375,-0.00140719
-5.1600e-03,-0.0545313,-0.000664688
-5.1500e-03,-0.0485938,-0.00144531
-5.1400e-03,-0.0528125,-0.00137344
-5.1300e-03,-0.0328125,-0.00104625
-5.1200e-03,-0.03625,-0.0010925
-5.1100e-03,-0.0535937,-0.00124781
-5.1000e-03,-0.0507812,-0.00091875
-5.0900e-03,-0.046875,-0.00094
-5.0800e-03,-0.0495312,-0.000811563
-5.0700e-03,-0.0551563,-0.000684375
-5.0600e-03,-0.0515625,-0.001595
-5.0500e-03,-0.0503125,-0.00147813
-5.0400e-03,-0.0392187,-0.00146438
-5.0300e-03,-0.0521875,-0.0014575
-5.0200e-03,-0.0609375,-0.00136813
-5.0100e-03,-0.0510938,-0.00131938
-5.0000e-03,-0.04625,-0.0011
-4.9900e-03,-0.0475,-0.00151406
-4.9800e-03,-0.048125,-0.00150813
-4.9700e-03,-0.0492188,-0.000858125
-4.9600e-03,-0.0460938,-0.001005
-4.9500e-03,-0.0446875,-0.001565
-4.9400e-03,-0.0435938,-0.00101687
-4.9300e-03,-0.0401563,-0.00083
-4.9200e-03,-0.0498438,-0.000917813
-4.9100e-03,-0.0546875,-0.000718125
-4.9000e-03,-0.0534375,-0.0008425
-4.8900e-03,-0.0465625,-0.00124625
-4.8800e-03,-0.0432813,-0.00110656
-4.8700e-03,-0.0490625,-0.000975
-4.8600e-03,-0.0475,-0.0011825
-4.8500e-03,-0.0476562,-0.00122094
-4.8400e-03,-0.054375,-0.000945625
-4.8300e-03,-0.055625,-0.00116219
-4.8200e-03,-0.0467188,-0.00104781
-4.8100e-03,-0.0475,-0.0014625
-4.8000e-03,-0.0554687,-0.00137
-4.7900e-03,-0.0473438,-0.001575
-4.7800e-03,-0.0445313,-0.00123875
-4.7700e-03,-0.0440625,-0.000975938
-4.7600e-03,-0.0492188,-0.00109719
-4.7500e-03,-0.05,-0.00153438
-4.7400e-03,-0.0429688,-0.001005
-4.7300e-03,-0.0495312,-0.00102281
-4.7200e-03,-0.0429688,-0.000799063
-4.7100e-03,-0.0510938,-0.000970625
-4.7000e-03,-0.053125,-0.00125313
-4.6900e-03,-0.0439063,-0.00106625
-4.6800e-03,-0.0532813,-0.0014375
-4.6700e-03,-0.0523437,-0.001285
-4.6600e-03,-0.0421875,-0.00088125
-4.6500e-03,-0.0535937,-0.00100062
-4.6400e-03,-0.0435938,-0.00138281
-4.6300e-03,-0.05875,-0.00165281
-4.6200e-03,-0.049375,-0.00132188
-4.6100e-03,-0.0446875,-0.00132625
-4.6000e-03,-0.045625,-0.00120375
-4.5900e-03,-0.045,-0.00151156
-4.5800e-03,-0.0510938,-0.000874375
-4.5700e-03,-0.0434375,-0.000984063
-4.5600e-03,-0.0428125,-0.00108031
-4.5500e-03,-0.0532813,-0.00125969
-4.5400e-03,-0.0464062,-0.00103219
-4.5300e-03,-0.0471875,-0.00129375
-4.5200e-03,-0.0534375,-0.00120844
-4.5100e-03,-0.0573437,-0.00136438
-4.5000e-03,-0.0525,-0.00168156
-4.4900e-03,-0.0490625,-0.00132156
-4.4800e-03,-0.0489062,-0.000939063
-4.4700e-03,-0.0521875,-0.00114781
-4.4600e-03,-0.056875,-0.000656875
-4.4500e-03,-0.0475,-0.00127594
-4.4400e-03,-0.059375,-0.000933438
-4.4300e-03,-0.045625,-0.00117281
-4.4200e-03,-0.0445313,-0.00129031
-4.4100e-03,-0.0440625,-0.00123156
-4.4000e-03,-0.0553125,-0.00107563
-4.3900e-03,-0.0559375,-0.00171313
-4.3800e-03,-0.0534375,-0.00109219
-4.3700e-03,-0.0575,-0.000979688
-4.3600e-03,-0.0392187,-0.00108938
-4.3500e-03,-0.0415625,-0.000719063
-4.3400e-03,-0.0470312,-0.00119719
-4.3300e-03,-0.0448438,-0.000857188
-4.3200e-03,-0.0471875,-0.00124813
-4.3100e-03,-0.0345312,-0.00121594
-4.3000e-03,-0.0573437,-0.00115938
-4.2900e-03,-0.050625,-0.00117688
-4.2800e-03,-0.0476562,-0.00104938
-4.2700e-03,-0.0476562,-0.00130125
-4.2600e-03,-0.05,-0.00121875
-4.2500e-03,-0.050625,-0.00115469
-4.2400e-03,-0.055,-0.001135
-4.2300e-03,-0.0528125,-0.00135281
-4.2200e-03,-0.053125,-0.0013625
-4.2100e-03,-0.0523437,-0.00121094
-4.2000e-03,-0.0460938,-0.00071625
-4.1900e-03,-0.05875,-0.00128438
-4.1800e-03,-0.0395313,-0.000861875
-4.1700e-03,-0.050625,-0.000675625
-4.1600e-03,-0.0517188,-0.000935938
-4.1500e-03,-0.0471875,-0.00100906
-4.1400e-03,-0.0453125,-0.000708438
-4.1300e-03,-0.0525,-0.000831563
-4.1200e-03,-0.048125,-0.000707188
-4.1100e-03,-0.0515625,-0.00124313
-4.1000e-03,-0.0435938,-0.000994063
-4.0900e-03,-0.0515625,-0.00128813
-4.0800e-03,-0.0532813,-0.00131563
-4.0700e-03,-0.0440625,-0.00188406
-4.0600e-03,-0.0425,-0.00145719
-4.0500e-03,-0.0482812,-0.00145125
-4.0400e-03,-0.035,-0.00121031
-4.0300e-03,-0.0359375,-0.00114
-4.0200e-03,-0.0489062,-0.0011425
-4.0100e-03,-0.05125,-0.0009625
-4.0000e-03,-0.0582813,-0.00121219
-3.9900e-03,-0.036875,-0.00133281
-3.9800e-03,-0.0421875,-0.00138188
-3.9700e-03,-0.045,-0.000804063
-3.9600e-03,-0.0460938,-0.00125219
-3.9500e-03,-0.0525,-0.00134188
-3.9400e-03,-0.0545313,-0.00110719
-3.9300e-03,-0.0584375,-0.0009475
-3.9200e-03,-0.0390625,-0.00131563
-3.9100e-03,-0.0509375,-0.000921875
-3.9000e-03,-0.0501562,-0.00120344
-3.8900e-03,-0.0453125,-0.000835
-3.8800e-03,-0.06125,-0.00142406
-3.8700e-03,-0.06375,-0.00112
-3.8600e-03,-0.0429688,-0.0013225
-3.8500e-03,-0.0426562,-0.00136875
-3.8400e-03,-0.0473438,-0.00083125
-3.8300e-03,-0.0559375,-0.000948438
-3.8200e-03,-0.0370313,-0.0009325
-3.8100e-03,-0.0482812,-0.00114563
-3.8000e-03,-0.054375,-0.000938125
-3.7900e-03,-0.0407813,-0.000890625
-3.7800e-03,-0.0460938,-0.00127594
-3.7700e-03,-0.0396875,-0.000759688
-3.7600e-03,-0.0271875,-0.00089
-3.7500e-03,-0.0521875,-0.000860625
-3.7400e-03,-0.0445313,-0.00110406
-3.7300e-03,-0.044375,-0.00124
-3.7200e-03,-0.0373438,-0.00108156
-3.7100e-03,-0.0510938,-0.001315
-3.7000e-03,-0.0357813,-0.00128688
-3.6900e-03,-0.0529687,-0.00135656
-3.6800e-03,-0.0492188,-0.000963438
-3.6700e-03,-0.045,-0.00119906
-3.6600e-03,-0.0357813,-0.00117781
-3.6500e-03,-0.0514063,-0.000944063
-3.6400e-03,-0.054375,-0.000986563
-3.6300e-03,-0.0540625,-0.00112813
-3.6200e-03,-0.0476562,-0.00110187
-3.6100e-03,-0.054375,-0.0009825
-3.6000e-03,-0.0551563,-0.000905625
-3.5900e-03,-0.0592188,-0.0009075
-3.5800e-03,-0.0401563,-0.000736875
-3.5700e-03,-0.0575,-0.000516563
-3.5600e-03,-0.044375,-0.000567813
-3.5500e-03,-0.049375,-0.00115938
-3.5400e-03,-0.0464062,-0.00120906
-3.5300e-03,-0.0495312,-0.000941563
-3.5200e-03,-0.0575,-0.00114188
-3.5100e-03,-0.05875,-0.000969375
-3.5000e-03,-0.049375,-0.000986563
-3.4900e-03,-0.0425,-0.00141781
-3.4800e-03,-0.053125,-0.0008325
-3.4700e-03,-0.0498438,-0.00122188
-3.4600e-03,-0.046875,-0.00106594
-3.4500e-03,-0.0310937,-0.00142156
-3.4400e-03,-0.0534375,-0.00103625
-3.4300e-03,-0.0528125,-0.000590625
-3.4200e-03,-0.0471875,-0.00123094
-3.4100e-03,-0.0445313,-0.00116906
-3.4000e-03,-0.0448438,-0.00110625
-3.3900e-03,-0.0503125,-0.00118281
-3.3800e-03,-0.0364063,-0.00115219
-3.3700e-03,-0.0510938,-0.00142906
-3.3600e-03,-0.0459375,-0.00121469
-3.3500e-03,-0.0457813,-0.000964688
-3.3400e-03,-0.053125,-0.001365
-3.3300e-03,-0.0654688,-0.00117313
-3.3200e-03,-0.0471875,-0.00147906
-3.3100e-03,-0.044375,-0.00110469
-3.3000e-03,-0.0478125,-0.00105125
-3.2900e-03,-0.0492188,-0.00122937
-3.2800e-03,-0.0445313,-0.00133594
-3.2700e-03,-0.0453125,-0.00135594
-3.2600e-03,-0.0465625,-0.0011625
-3.2500e-03,-0.04625,-0.00113781
-3.2400e-03,-0.0557813,-0.00122031
-3.2300e-03,-0.0398437,-0.00147906
-3.2200e-03,-0.0484375,-0.00152063
-3.2100e-03,-0.0432813,-0.00111844
-3.2000e-03,-0.0525,-0.00127563
-3.1900e-03,-0.0482812,-0.000732813
-3.1800e-03,-0.0578125,-0.00109938
-3.1700e-03,-0.0415625,-0.00123031
-3.1600e-03,-0.0515625,-0.00108156
-3.1500e-03,-0.05375,-0.00076625
-3.1400e-03,-0.0392187,-0.00101687
-3.1300e-03,-0.056875,-0.000884063
-3.1200e-03,-0.0579687,-0.000867813
-3.1100e-03,-0.0471875,-0.00152125
-3.1000e-03,-0.046875,-0.00104875
-3.0900e-03,-0.0523437,-0.0013475
-3.0800e-03,-0.049375,-0.00149063
-3.0700e-03,-0.04625,-0.00125031
-3.0600e-03,-0.0464062,-0.00136875
-3.0500e-03,-0.0557813,-0.000826563
-3.0400e-03,-0.0314062,-0.00101406
-3.0300e-03,-0.06125,-0.000752188
-3.0200e-03,-0.0579687,-0.00104875
-3.0100e-03,-0.0565625,-0.00114781
-3.0000e-03,-0.0546875,-0.000789688
-2.9900e-03,-0.055625,-0.00115031
-2.9800e-03,-0.04875,-0.00102406
-2.9700e-03,-0.05375,-0.00107031
-2.9600e-03,-0.0432813,-0.00127688
-2.9500e-03,-0.048125,-0.00141594
-2.9400e-03,-0.050625,-0.000975625
-2.9300e-03,-0.0532813,-0.00100375
-2.9200e-03,-0.0523437,-0.000909375
-2.9100e-03,-0.048125,-0.00104656
-2.9000e-03,-0.0446875,-0.00138031
-2.8900e-03,-0.0514063,-0.00108781
-2.8800e-03,-0.0515625,-0.00110187
-2.8700e-03,-0.0432813,-0.00083625
-2.8600e-03,-0.0603125,-0.00103031
-2.8500e-03,-0.0390625,-0.0008
-2.8400e-03,-0.0345312,-0.000429688
-2.8300e-03,-0.0539063,-0.00107406
-2.8200e-03,-0.0496875,-0.000862188
-2.8100e-03,-0.0492188,-0.00101156
-2.8000e-03,-0.0525,-0.000626563
-2.7900e-03,-0.0460938,-0.000699688
-2.7800e-03,-0.049375,-0.00112156
-2.7700e-03,-0.0570313,-0.000887813
-2.7600e-03,-0.0465625,-0.000964375
-2.7500e-03,-0.0395313,-0.000912188
-2.7400e-03,-0.0471875,-0.00101313
-2.7300e-03,-0.056875,-0.00100938
-2.7200e-03,-0.050625,-0.00143844
-2.7100e-03,-0.0523437,-0.00128344
-2.7000e-03,-0.043125,-0.00128938
-2.6900e-03,-0.0621875,-0.00107688
-2.6800e-03,-0.041875,-0.00062875
-2.6700e-03,-0.0490625,-0.00139781
-2.6600e-03,-0.05875,-0.00102125
-2.6500e-03,-0.0485938,-0.000774063
-2.6400e-03,-0.0503125,-0.000946875
-2.6300e-03,-0.0454688,-0.000795313
-2.6200e-03,-0.0440625,-0.00111156
-2.6100e-03,-0.0514063,-0.00138469
-2.6000e-03,-0.0339062,-0.000896875
-2.5900e-03,-0.0460938,-0.00105375
-2.5800e-03,-0.0570313,-0.00108688
-2.5700e-03,-0.0428125,-0.00111156
-2.5600e-03,-0.0379688,-0.000911563
-2.5500e-03,-0.0510938,-0.00124531
-2.5400e-03,-0.0459375,-0.00135063
-2.5300e-03,-0.0528125,-0.00117875
-2.5200e-03,-0.0459375,-0.00055375
-2.5100e-03,-0.0551563,-0.00112594
-2.5000e-03,-0.04125,-0.00137031
-2.4900e-03,-0.0510938,-0.00140219
-2.4800e-03,-0.0485938,-0.000966875
-2.4700e-03,-0.0578125,-0.000890313
-2.4600e-03,-0.0528125,-0.000121563
-2.4500e-03,-0.0457813,-0.000925
-2.4400e-03,-0.0489062,-0.000767188
-2.4300e-03,-0.0392187,-0.00116125
-2.4200e-03,-0.0439063,-0.000864688
-2.4100e-03,-0.045,-0.000935
-2.4000e-03,-0.0454688,-0.00101656
-2.3900e-03,-0.0529687,-0.000913438
-2.3800e-03,-0.0453125,-0.000801563
-2.3700e-03,-0.059375,-0.00105063
-2.3600e-03,-0.0445313,-0.00122344
-2.3500e-03,-0.04875,-0.00118156
-2.3400e-03,-0.0520313,-0.0014525
-2.3300e-03,-0.0490625,-0.00128031
-2.3200e-03,-0.0465625,-0.000875938
-2.3100e-03,-0.056875,-0.001035
-2.3000e-03,-0.0553125,-0.00127219
-2.2900e-03,-0.0445313,-0.001015
-2.2800e-03,-0.049375,-0.000738438
-2.2700e-03,-0.0459375,-0.000639688
-2.2600e-03,-0.0576563,-0.000832813
-2.2500e-03,-0.0651562,-0.00080375
-2.2400e-03,-0.041875,-0.00100219
-2.2300e-03,-0.0457813,-0.0008575
-2.2200e-03,-0.045625,-0.000915938
-2.2100e-03,-0.0551563,-0.000944063
-2.2000e-03,-0.0376563,-0.00139656
-2.1900e-03,-0.0425,-0.00111344
-2.1800e-03,-0.0553125,-0.00111906
-2.1700e-03,-0.0498438,-0.00127781
-2.1600e-03,-0.050625,-0.0012525
-2.1500e-03,-0.0428125,-0.00119969
-2.1400e-03,-0.0575,-0.00106125
-2.1300e-03,-0.035625,-0.000929688
-2.1200e-03,-0.046875,-0.0008825
-2.1100e-03,-0.0614062,-0.00112938
-2.1000e-03,-0.0514063,-0.00126656
-2.0900e-03,-0.0367188,-0.0011625
-2.0800e-03,-0.04375,-0.00121281
-2.0700e-03,-0.0495312,-0.00111656
-2.0600e-03,-0.0475,-0.0006225
-2.0500e-03,-0.0425,-0.000873438
-2.0400e-03,-0.0498438,-0.00111656
-2.0300e-03,-0.03875,-0.00145813
-2.0200e-03,-0.0457813,-0.000965313
-2.0100e-03,-0.0490625,-0.00108688
-2.0000e-03,-0.0440625,-0.00136063
-1.9900e-03,-0.0453125,-0.00109563
-1.9800e-03,-0.0426562,-0.00105937
-1.9700e-03,-0.0526563,-0.00134656
-1.9600e-03,-0.0503125,-0.00141625
-1.9500e-03,-0.050625,-0.00087625
-1.9400e-03,-0.0439063,-0.00121125
-1.9300e-03,-0.0371875,-0.00107844
-1.9200e-03,-0.0453125,-0.00123156
-1.9100e-03,-0.049375,-0.00127906
-1.9000e-03,-0.0420312,-0.001585
-1.8900e-03,-0.0420312,-0.000893125
-1.8800e-03,-0.0529687,-0.00102844
-1.8700e-03,-0.049375,-0.000839375
-1.8600e-03,-0.0507812,-0.00122094
-1.8500e-03,-0.0590625,-0.00116688
-1.8400e-03,-0.0420312,-0.00110187
-1.8300e-03,-0.0545313,-0.00117094
-1.8200e-03,-0.051875,-0.00107219
-1.8100e-03,-0.0517188,-0.00142875
-1.8000e-03,-0.0465625,-0.00121844
-1.7900e-03,-0.0489062,-0.00113031
-1.7800e-03,-0.0464062,-0.00147031
-1.7700e-03,-0.0575,-0.00092
-1.7600e-03,-0.0564063,-0.00122719
-1.7500e-03,-0.0460938,-0.00111594
-1.7400e-03,-0.0596875,-0.00078625
-1.7300e-03,-0.0548437,-0.000533125
-1.7200e-03,-0.0407813,-0.00133375
-1.7100e-03,-0.04,-0.00105937
-1.7000e-03,-0.0390625,-0.00100156
-1.6900e-03,-0.0445313,-0.000984063
-1.6800e-03,-0.053125,-0.00146563
-1.6700e-03,-0.0479688,-0.00102063
-1.6600e-03,-0.0559375,-0.000649375
-1.6500e-03,-0.0428125,-0.00146844
-1.6400e-03,-0.0446875,-0.00106906
-1.6300e-03,-0.0475,-0.00108313
-1.6200e-03,-0.0526563,-0.000908438
-1.6100e-03,-0.0517188,-0.000557813
-1.6000e-03,-0.038125,-0.00108094
-1.5900e-03,-0.0482812,-0.00102656
-1.5800e-03,-0.050625,-0.0007675
-1.5700e-03,-0.0509375,-0.00117
-1.5600e-03,-0.0645312,-0.00120469
-1.5500e-03,-0.0529687,-0.00153906
-1.5400e-03,-0.050625,-0.00106531
-1.5300e-03,-0.0571875,-0.00161156
-1.5200e-03,-0.0464062,-0.00130875
-1.5100e-03,-0.0371875,-0.000724375
-1.5000e-03,-0.045,-0.00094875
-1.4900e-03,-0.0359375,-0.00119875
-1.4800e-03,-0.0525,-0.00106719
-1.4700e-03,-0.0492188,-0.00126313
-1.4600e-03,-0.044375,-0.00120656
-1.4500e-03,-0.0478125,-0.00115594
-1.4400e-03,-0.0579687,-0.00136406
-1.4300e-03,-0.0473438,-0.000926563
-1.4200e-03,-0.0401563,-0.000964688
-1.4100e-03,-0.05125,-0.00141469
-1.4000e-03,-0.0489062,-0.000999688
-1.3900e-03,-0.0607812,-0.00104156
-1.3800e-03,-0.0504687,-0.00134719
-1.3700e-03,-0.0478125,-0.00151688
-1.3600e-03,-0.0435938,-0.00115531
-1.3500e-03,-0.044375,-0.00150406
-1.3400e-03,-0.0473438,-0.00115031
-1.3300e-03,-0.0439063,-0.00115531
-1.3200e-03,-0.0559375,-0.00115688
-1.3100e-03,-0.0476562,-0.00125438
-1.3000e-03,-0.0479688,-0.00131313
-1.2900e-03,-0.0473438,-0.00100844
-1.2800e-03,-0.044375,-0.000983125
-1.2700e-03,-0.0496875,-0.000998125
-1.2600e-03,-0.0364063,-0.00108406
-1.2500e-03,-0.04875,-0.00127438
-1.2400e-03,-0.04375,-0.00128031
-1.2300e-03,-0.0535937,-0.00118531
-1.2200e-03,-0.04625,-0.00146063
-1.2100e-03,-0.0342187,-0.00114156
-1.2000e-03,-0.0495312,-0.0016425
-1.1900e-03,-0.0573437,-0.00125188
-1.1800e-03,-0.0440625,-0.000891875
-1.1700e-03,-0.0592188,-0.000910313
-1.1600e-03,-0.0460938,-0.00130969
-1.1500e-03,-0.0410937,-0.00129469
-1.1400e-03,-0.041875,-0.00150125
-1.1300e-03,-0.0359375,-0.00128188
-1.1200e-03,-0.0457813,-0.00075875
-1.1100e-03,-0.0496875,-0.00120344
-1.1000e-03,-0.0467188,-0.00119469
-1.0900e-03,-0.0478125,-0.000628125
-1.0800e-03,-0.0403125,-0.00055875
-1.0700e-03,-0.0528125,-0.000894688
-1.0600e-03,-0.05,-0.000900625
-1.0500e-03,-0.0526563,-0.00132813
-1.0400e-03,-0.0515625,-0.00111563
-1.0300e-03,-0.0514063,-0.00167906
-1.0200e-03,-0.0523437,-0.0011525
-1.0100e-03,-0.0584375,-0.000719688
-1.0000e-03,-0.031875,-0.001625
-9.9000e-04,-0.0503125,-0.00126031
-9.8000e-04,-0.0407813,-0.00167094
-9.7000e-04,-0.0384375,-0.00121656
-9.6000e-04,-0.0595313,-0.00153438
-9.5000e-04,-0.05,-0.00136375
-9.4000e-04,-0.0532813,-0.000929688
-9.3000e-04,-0.04625,-0.00104938
-9.2000e-04,-0.05,-0.00099375
-9.1000e-04,-0.0504687,-0.00121031
-9.0000e-04,-0.0446875,-0.00135375
-8.9000e-04,-0.044375,-0.00075125
-8.8000e-04,-0.0464062,-0.00100719
-8.7000e-04,-0.0504687,-0.0015
-8.6000e-04,-0.0420312,-0.00123063
-8.5000e-04,-0.0478125,-0.00132219
-8.4000e-04,-0.05,-0.0013225
-8.3000e-04,-0.05125,-0.00154406
-8.2000e-04,-0.0535937,-0.00111656
-8.1000e-04,-0.0546875,-0.00146625
-8.0000e-04,-0.0398437,-0.00084125
-7.9000e-04,-0.0367188,-0.00155781
-7.8000e-04,-0.0376563,-0.00117531
-7.7000e-04,-0.044375,-0.00152188
-7.6000e-04,-0.051875,-0.00138406
-7.5000e-04,-0.0482812,-0.00108313
-7.4000e-04,-0.0507812,-0.000762813
-7.3000e-04,-0.0553125,-0.000974375
-7.2000e-04,-0.0467188,-0.000995313
-7.1000e-04,-0.0559375,-0.000821875
-7.0000e-04,-0.0584375,-0.00148656
-6.9000e-04,-0.0571875,-0.000888438
-6.8000e-04,-0.0395313,-0.00138844
-6.7000e-04,-0.0459375,-0.00124531
-6.6000e-04,-0.0528125,-0.00133469
-6.5000e-04,-0.0489062,-0.000948125
-6.4000e-04,-0.03875,-0.00110594
-6.3000e-04,-0.0492188,-0.00149031
-6.2000e-04,-0.0446875,-0.000434375
-6.1000e-04,-0.045625,-0.000914375
-6.0000e-04,-0.0553125,-0.00110531
-5.9000e-04,-0.0425,-0.000924688
-5.8000e-04,-0.05625,-0.0015275
-5.7000e-04,-0.0554687,-0.000862813
-5.6000e-04,-0.0309375,-0.00139563
-5.5000e-04,-0.0403125,-0.00126563
-5.4000e-04,-0.0525,-0.000951875
-5.3000e-04,-0.038125,-0.000615625
-5.2000e-04,-0.0426562,-0.000989688
-5.1000e-04,-0.0492188,-0.00151813
-5.0000e-04,-0.0498438,-0.00111594
-4.9000e-04,-0.0596875,-0.00134094
-4.8000e-04,-0.0554687,-0.000844688
-4.7000e-04,-0.0390625,-0.00100813
-4.6000e-04,-0.0575,-0.00111875
-4.5000e-04,-0.0482812,-0.00133844
-4.4000e-04,-0.0460938,-0.00144031
-4.3000e-04,-0.05,-0.00106875
-4.2000e-04,-0.045,-0.000874063
-4.1000e-04,-0.0570313,-0.00119813
-4.0000e-04,-0.0410937,-0.00131313
-3.9000e-04,-0.0621875,-0.00120281
-3.8000e-04,-0.0548437,-0.000875938
-3.7000e-04,-0.0465625,-0.0010475
-3.6000e-04,-0.0467188,-0.001005
-3.5000e-04,-0.0454688,-0.000773438
-3.4000e-04,-0.0470312,-0.00100938
-3.3000e-04,-0.0542187,-0.00150031
-3.2000e-04,-0.0529687,-0.00103125
-3.1000e-04,-0.0529687,-0.00104781
-3.0000e-04,-0.0560937,-0.000923125
-2.9000e-04,-0.048125,-0.000920938
-2.8000e-04,-0.055,-0.00098125
-2.7000e-04,-0.048125,-0.000903125
-2.6000e-04,-0.0559375,-0.00112344
-2.5000e-04,-0.0439063,-0.000850625
-2.4000e-04,-0.0485938,-0.00153063
-2.3000e-04,-0.045,-0.00100781
-2.2000e-04,-0.0525,-0.00121688
-2.1000e-04,-0.0548437,-0.00063375
-2.0000e-04,-0.0403125,-0.00138719
-1.9000e-04,-0.0415625,-0.000840625
-1.8000e-04,-0.0442188,-0.00111844
-1.7000e-04,-0.0540625,-0.001545
-1.6000e-04,-0.0510938,-0.000866875
-1.5000e-04,-0.0471875,-0.000894688
-1.4000e-04,-0.0464062,-0.00141594
-1.3000e-04,-0.0515625,-0.000823438
-1.2000e-04,-0.0526563,-0.00120938
-1.1000e-04,-0.0476562,-0.00114031
-1.0000e-04,-0.0415625,-0.00146031
-9.0000e-05,-0.0492188,-0.00146094
-8.0000e-05,-0.0539063,-0.00117469
-7.0000e-05,-0.0595313,-0.000929688
-6.0000e-05,-0.0454688,-0.00153719
-5.0000e-05,-0.0504687,-0.00135813
-4.0000e-05,-0.0404687,-0.00145406
-3.0000e-05,-0.055625,-0.000984375
-2.0000e-05,-0.0460938,-0.00113719
-1.0000e-05,-0.050625,-0.00144875
-0.0000e+00,-0.0498438,-0.00123
1.0000e-05,-0.0476562,-0.00117875
2.0000e-05,-0.0471875,-0.00116281
3.0000e-05,-0.040625,-0.00106906
4.0000e-05,-0.0554687,-0.00101
5.0000e-05,-0.0495312,-0.000547813
6.0000e-05,-0.0525,-0.000908125
7.0000e-05,-0.0546875,-0.00132469
8.0000e-05,-0.0509375,-0.00106344
9.0000e-05,-0.0442188,-0.00136
1.0000e-04,-0.0557813,-0.00127594
1.1000e-04,-0.0476562,-0.00103344
1.2000e-04,-0.0448438,-0.0012125
1.3000e-04,-0.0359375,-0.000932813
1.4000e-04,-0.0521875,-0.00148188
1.5000e-04,-0.0576563,-0.00121969
1.6000e-04,-0.0520313,-0.00157875
1.7000e-04,-0.06125,-0.00121563
1.8000e-04,-0.0540625,-0.00100875
1.9000e-04,-0.0601562,-0.000933125
2.0000e-04,-0.0559375,-0.00097125
2.1000e-04,-0.0546875,-0.000563125
2.2000e-04,-0.0515625,-0.00112125
2.3000e-04,-0.0471875,-0.00100188
2.4000e-04,-0.0504687,-0.0007075
2.5000e-04,-0.0448438,-0.00110594
2.6000e-04,-0.0517188,-0.00118156
2.7000e-04,-0.0510938,-0.000876875
2.8000e-04,-0.0479688,-0.000694063
2.9000e-04,-0.0495312,-0.0013225
3.0000e-04,-0.0476562,-0.00101969
3.1000e-04,-0.049375,-0.00144
3.2000e-04,-0.04375,-0.000889688
3.3000e-04,-0.0457813,-0.00104375
3.4000e-04,-0.0440625,-0.000929688
3.5000e-04,-0.0392187,-0.00130156
3.6000e-04,-0.0448438,-0.00107625
3.7000e-04,-0.0432813,-0.000787813
3.8000e-04,-0.04625,-0.00104531
3.9000e-04,-0.0521875,-0.00172813
4.0000e-04,-0.0448438,-0.00109219
4.1000e-04,-0.051875,-0.00118594
4.2000e-04,-0.050625,-0.00113125
4.3000e-04,-0.0498438,-0.00128219
4.4000e-04,-0.05125,-0.0011275
4.5000e-04,-0.04375,-0.00110063
4.6000e-04,-0.0492188,-0.00108969
4.7000e-04,-0.155938,-0.00105469
4.8000e-04,0.381406,-0.0037275
4.9000e-04,1.00781,-0.00600563
5.0000e-04,0.0828125,-0.006385
5.1000e-04,0.116406,-0.0062075
5.2000e-04,0.0892187,-0.006155
5.3000e-04,0.0673437,-0.00623469
5.4000e-04,0.078125,-0.00624438
5.5000e-04,0.06625,-0.00629531
5.6000e-04,0.0767188,-0.00617469
5.7000e-04,0.06125,-0.00614875
5.8000e-04,0.0632812,-0.00625656
5.9000e-04,0.0528125,-0.0063875
6.0000e-04,0.0498437,-0.00620156
6.1000e-04,0.0384375,-0.00623063
6.2000e-04,0.04875,-0.00616531
6.3000e-04,0.02625,-0.00622375
6.4000e-04,0.0257813,-0.00618
6.5000e-04,0.025,-0.00617469
6.6000e-04,0.0321875,-0.00619781
6.7000e-04,0.0410937,-0.00624938
6.8000e-04,0.0179688,-0.00604719
6.9000e-04,0.0146875,-0.00609063
7.0000e-04,0.0279688,-0.00614688
7.1000e-04,0.0190625,-0.00569063
7.2000e-04,0.024375,-0.00279438
7.3000e-04,0.00890625,0.000207188
7.4000e-04,0.005625,0.000366875
7.5000e-04,0.0140625,-0.000922188
7.6000e-04,0.0160938,-0.00201406
7.7000e-04,0.015,-0.00307688
7.8000e-04,0.00578125,-0.00250094
7.9000e-04,0.00890625,-0.00100375
8.0000e-04,0.0307812,0.000549688
8.1000e-04,0.0114063,0.000227188
8.2000e-04,0.0129687,-0.000951563
8.3000e-04,0.00921875,-0.00232094
8.4000e-04,0.009375,-0.00260563
8.5000e-04,0.00625,-0.00126844
8.6000e-04,0.0110937,-0.00021
8.7000e-04,0.00859375,-4.6875e-06
8.8000e-04,0.005625,-0.000576563
8.9000e-04,-0.00609375,-0.0014
9.0000e-04,0.00171875,-0.00187188
9.1000e-04,0.0034375,-0.00135
9.2000e-04,0.015625,-0.000675
9.3000e-04,0.011875,-0.00062375
9.4000e-04,0.000625,-0.00030875
9.5000e-04,0.014375,-0.001565
9.6000e-04,0.00203125,-0.00207281
9.7000e-04,0.009375,-0.00146813
9.8000e-04,0.0134375,-0.00132969
9.9000e-04,0.00171875,-0.000546563
1.0000e-03,0.0025,-0.000350625
1.0100e-03,0.00421875,-0.00160938
1.0200e-03,-0.0071875,-0.00155969
1.0300e-03,0.0140625,-0.00152875
1.0400e-03,-0.0107813,-0.00123438
1.0500e-03,-0.00625,-0.0011775
1.0600e-03,0.0101562,-0.00038125
1.0700e-03,-0.0115625,-0.00136125
1.0800e-03,-0.00578125,-0.00119406
1.0900e-03,0.00515625,-0.00130875
1.1000e-03,-0.0135937,-0.00118438
1.1100e-03,-0.0009375,-0.00144125
1.1200e-03,-0.00765625,-0.00122781
1.1300e-03,-0.01,-0.00130313
1.1400e-03,-0.005,-0.00109625
1.1500e-03,-0.00875,-0.00146906
1.1600e-03,0.0034375,-0.00124625
1.1700e-03,-0.00609375,-0.00144219
1.1800e-03,0.006875,-0.00103063
1.1900e-03,-0.00953125,-0.000917188
1.2000e-03,-0.0117188,-0.000756563
1.2100e-03,-0.00078125,-0.000773125
1.2200e-03,0.00390625,-0.00100281
1.2300e-03,-0.0110937,-0.00109125
1.2400e-03,-0.0120313,-0.00102906
1.2500e-03,-0.0034375,-0.00149125
1.2600e-03,-0.0129688,-0.00103188
1.2700e-03,-0.0115625,-0.00151813
1.2800e-03,-0.01125,-0.00111656
1.2900e-03,-0.0104688,-0.00125094
1.3000e-03,-0.009375,-0.00114625
1.3100e-03,-0.0157813,-0.00113063
1.3200e-03,-0.0125,-0.00116188
1.3300e-03,-0.0114062,-0.000959688
1.3400e-03,-0.0215625,-0.00107906
1.3500e-03,-0.0185937,-0.0010225
1.3600e-03,-0.015,-0.00091625
1.3700e-03,-0.0198438,-0.00132438
1.3800e-03,-0.0153125,-0.00137344
1.3900e-03,-0.0192187,-0.00105563
1.4000e-03,-0.00109375,-0.00127844
1.4100e-03,-0.0190625,-0.00108344
1.4200e-03,-0.016875,-0.00126906
1.4300e-03,-0.0198438,-0.00140844
1.4400e-03,-0.011875,-0.00120875
1.4500e-03,-0.01125,-0.00101687
1.4600e-03,-0.0248438,-0.000715
1.4700e-03,-0.0164063,-0.000920313
1.4800e-03,-0.00828125,-0.00112031
1.4900e-03,-0.00484375,-0.00113906
1.5000e-03,-0.0198438,-0.00150781
1.5100e-03,-0.0117188,-0.00124125
1.5200e-03,-0.0129688,-0.00074125
1.5300e-03,-0.0040625,-0.00149844
1.5400e-03,-0.0225,-0.00133938
1.5500e-03,-0.0125,-0.00143656
1.5600e-03,-0.004375,-0.00143313
1.5700e-03,-0.0226562,-0.00104531
1.5800e-03,-0.015625,-0.00112406
1.5900e-03,-0.00015625,-0.000646563
1.6000e-03,-0.02375,-0.000939375
1.6100e-03,-0.0157813,-0.00110187
1.6200e-03,-0.0204688,-0.0012825
1.6300e-03,-0.0176563,-0.00120531
1.6400e-03,-0.01375,-0.00148344
1.6500e-03,-0.0235938,-0.00111531
1.6600e-03,-0.0214063,-0.00128344
1.6700e-03,-0.0139063,-0.00097
1.6800e-03,-0.0120313,-0.00123344
1.6900e-03,-0.0215625,-0.00162375
1.7000e-03,-0.0198438,-0.00106031
1.7100e-03,-0.0198438,-0.00145531
1.7200e-03,-0.00515625,-0.000984375
1.7300e-03,-0.021875,-0.00106
1.7400e-03,-0.0126563,-0.00138813
1.7500e-03,-0.0151562,-0.00129438
1.7600e-03,-0.016875,-0.00133906
1.7700e-03,-0.0129688,-0.00147813
1.7800e-03,-0.014375,-0.00161406
1.7900e-03,-0.02625,-0.00121
1.8000e-03,-0.0173438,-0.000994375
1.8100e-03,-0.0279688,-0.00131875
1.8200e-03,-0.0257812,-0.0008325
1.8300e-03,-0.0114062,-0.00122813
1.8400e-03,-0.0109375,-0.00140875
1.8500e-03,-0.0201563,-0.00124344
1.8600e-03,-0.0264062,-0.00102063
1.8700e-03,-0.018125,-0.0008325
1.8800e-03,-0.0201563,-0.00141875
1.8900e-03,-0.0192187,-0.00169438
1.9000e-03,-0.00890625,-0.00123313
1.9100e-03,-0.0279688,-0.0015525
1.9200e-03,-0.0128125,-0.00143406
1.9300e-03,-0.0207813,-0.00121031
1.9400e-03,-0.015625,-0.000955
1.9500e-03,-0.00828125,-0.00116344
1.9600e-03,-0.0276563,-0.00109156
1.9700e-03,-0.0184375,-0.00114375
1.9800e-03,-0.0235938,-0.00142656
1.9900e-03,-0.01625,-0.0006
2.0000e-03,-0.01375,-0.001445
2.0100e-03,-0.0195312,-0.000954375
2.0200e-03,-0.0175,-0.001005
2.0300e-03,-0.0245313,-0.00133313
2.0400e-03,-0.0154687,-0.00118188
2.0500e-03,-0.0170313,-0.00155688
2.0600e-03,-0.0114062,-0.00113063
2.0700e-03,-0.0225,-0.00126438
2.0800e-03,-0.0196875,-0.00188
2.0900e-03,-0.0164063,-0.000985
2.1000e-03,-0.020625,-0.00151156
2.1100e-03,-0.0140625,-0.00107469
2.1200e-03,-0.0257812,-0.000939063
2.1300e-03,-0.0145312,-0.00134375
2.1400e-03,-0.0232812,-0.001255
2.1500e-03,-0.0296875,-0.00111969
2.1600e-03,-0.0167188,-0.00163781
2.1700e-03,-0.0159375,-0.00085625
2.1800e-03,-0.0189062,-0.000932813
2.1900e-03,-0.0265625,-0.000923438
2.2000e-03,-0.0109375,-0.000290625
2.2100e-03,-0.0235938,-0.00103063
2.2200e-03,-0.0282813,-0.00117
2.2300e-03,-0.0167188,-0.00113313
2.2400e-03,-0.0259375,-0.00151063
2.2500e-03,-0.0303125,-0.00134656
2.2600e-03,-0.021875,-0.001265
2.2700e-03,-0.0335937,-0.00187656
2.2800e-03,-0.0242188,-0.00161906
2.2900e-03,-0.03,-0.00160188
2.3000e-03,-0.0364063,-0.00155219
2.3100e-03,-0.0371875,-0.00115438
2.3200e-03,-0.0182812,-0.00120844
2.3300e-03,-0.0153125,-0.00087
2.3400e-03,-0.0189062,-0.000972813
2.3500e-03,-0.0253125,-0.000744063
2.3600e-03,-0.0090625,-0.000928438
2.3700e-03,-0.02625,-0.00151875
2.3800e-03,-0.0170313,-0.00108688
2.3900e-03,-0.0340625,-0.000898438
2.4000e-03,-0.0353125,-0.00139344
2.4100e-03,-0.0171875,-0.00140656
2.4200e-03,-0.0121875,-0.00111156
2.4300e-03,-0.0345312,-0.00155031
2.4400e-03,-0.0192187,-0.00112594
2.4500e-03,-0.0184375,-0.00105063
2.4600e-03,-0.0260937,-0.00179938
2.4700e-03,-0.0175,-0.00161063
2.4800e-03,-0.0151562,-0.00081
2.4900e-03,-0.0276563,-0.0011875
2.5000e-03,-0.024375,-0.0013575
2.5100e-03,-0.0385937,-0.00140063
2.5200e-03,-0.0245313,-0.0008275
2.5300e-03,-0.02125,-0.00123875
2.5400e-03,-0.02625,-0.00116344
2.5500e-03,-0.0329688,-0.00139531
2.5600e-03,-0.0248438,-0.0012725
2.5700e-03,-0.0207813,-0.00111844
2.5800e-03,-0.0348437,-0.00124219
2.5900e-03,-0.025,-0.00116844
2.6000e-03,-0.0315625,-0.00110469
2.6100e-03,-0.030625,-0.00103156
2.6200e-03,-0.0182812,-0.00103781
2.6300e-03,-0.023125,-0.0013525
2.6400e-03,-0.0314062,-0.00101438
2.6500e-03,-0.0251563,-0.00110187
2.6600e-03,-0.0357813,-0.00108969
2.6700e-03,-0.02875,-0.000977813
2.6800e-03,-0.0210938,-0.000933125
2.6900e-03,-0.0307813,-0.00118
2.7000e-03,-0.0109375,-0.00110875
2.7100e-03,-0.0234375,-0.001255
2.7200e-03,-0.0332812,-0.00103219
2.7300e-03,-0.0278125,-0.00110438
2.7400e-03,-0.0175,-0.00122094
2.7500e-03,-0.0253125,-0.00132188
2.7600e-03,-0.0267187,-0.0009075
2.7700e-03,-0.0209375,-0.00115531
2.7800e-03,-0.0229687,-0.000775625
2.7900e-03,-0.0267187,-0.00148094
2.8000e-03,-0.0267187,-0.0010125
2.8100e-03,-0.0248438,-0.0009625
2.8200e-03,-0.0279688,-0.00130219
2.8300e-03,-0.0201563,-0.00131094
2.8400e-03,-0.0285938,-0.00124125
2.8500e-03,-0.0275,-0.00142438
2.8600e-03,-0.040625,-0.0014025
2.8700e-03,-0.0339062,-0.00123219
2.8800e-03,-0.03125,-0.000615625
2.8900e-03,-0.0315625,-0.00123156
2.9000e-03,-0.0429688,-0.001225
2.9100e-03,-0.031875,-0.00105344
2.9200e-03,-0.0242188,-0.00126438
2.9300e-03,-0.0310937,-0.00111031
2.9400e-03,-0.0309375,-0.00146063
2.9500e-03,-0.0335937,-0.00121938
2.9600e-03,-0.02,-0.00130219
2.9700e-03,-0.0148437,-0.00109625
2.9800e-03,-0.0160938,-0.000840625
2.9900e-03,-0.0271875,-0.00099625
3.0000e-03,-0.01625,-0.00116281
3.0100e-03,-0.0325,-0.00108625
3.0200e-03,-0.0328125,-0.00130781
3.0300e-03,-0.0321875,-0.00148594
3.0400e-03,-0.0225,-0.00142625
3.0500e-03,-0.0321875,-0.00100188
3.0600e-03,-0.025,-0.00113375
3.0700e-03,-0.0271875,-0.000865938
3.0800e-03,-0.0303125,-0.00139156
3.0900e-03,-0.0334375,-0.001115
3.1000e-03,-0.0142188,-0.00103656
3.1100e-03,-0.0320312,-0.00117844
3.1200e-03,-0.028125,-0.000867188
3.1300e-03,-0.0234375,-0.00112063
3.1400e-03,-0.023125,-0.00108531
3.1500e-03,-0.024375,-0.00102625
3.1600e-03,-0.0315625,-0.00139188
3.1700e-03,-0.0215625,-0.00134156
3.1800e-03,-0.0273438,-0.00109219
3.1900e-03,-0.0340625,-0.00120344
3.2000e-03,-0.0326562,-0.00119969
3.2100e-03,-0.0425,-0.00165781
3.2200e-03,-0.0271875,-0.000993125
3.2300e-03,-0.033125,-0.000922813
3.2400e-03,-0.0184375,-0.000864688
3.2500e-03,-0.023125,-0.00107219
3.2600e-03,-0.01625,-0.000613438
3.2700e-03,-0.0301563,-0.00108656
3.2800e-03,-0.0278125,-0.00112875
3.2900e-03,-0.0214063,-0.00135656
3.3000e-03,-0.0210938,-0.00135625
3.3100e-03,-0.040625,-0.00116813
3.3200e-03,-0.0290625,-0.00178063
3.3300e-03,-0.0379688,-0.00106594
3.3400e-03,-0.034375,-0.00160781
3.3500e-03,-0.0228125,-0.00151563
3.3600e-03,-0.0457813,-0.00125344
3.3700e-03,-0.0390625,-0.00172719
3.3800e-03,-0.026875,-0.00130344
3.3900e-03,-0.0409375,-0.00124313
3.4000e-03,-0.0253125,-0.000943125
3.4100e-03,-0.025625,-0.00120031
3.4200e-03,-0.0090625,-0.00124
3.4300e-03,-0.021875,-0.0012875
3.4400e-03,-0.0348437,-0.00109125
3.4500e-03,-0.029375,-0.00135625
3.4600e-03,-0.0270312,-0.00109938
3.4700e-03,-0.0326562,-0.00131063
3.4800e-03,-0.0239063,-0.00100062
3.4900e-03,-0.0401563,-0.00119344
3.5000e-03,-0.0267187,-0.00118188
3.5100e-03,-0.0314062,-0.00146563
3.5200e-03,-0.0279688,-0.00113031
3.5300e-03,-0.0282813,-0.00154938
3.5400e-03,-0.0173438,-0.00146469
3.5500e-03,-0.03,-0.000802813
3.5600e-03,-0.0340625,-0.000939063
3.5700e-03,-0.0282813,-0.00129313
3.5800e-03,-0.0357813,-0.00164438
3.5900e-03,-0.03625,-0.00116719
3.6000e-03,-0.0373438,-0.00110875
3.6100e-03,-0.0320312,-0.00100031
3.6200e-03,-0.0317188,-0.0011425
3.6300e-03,-0.0407813,-0.00119344
3.6400e-03,-0.026875,-0.000863125
3.6500e-03,-0.0179687,-0.000981875
3.6600e-03,-0.0353125,-0.00109844
3.6700e-03,-0.0335937,-0.00116531
3.6800e-03,-0.031875,-0.00119375
3.6900e-03,-0.0421875,-0.00110781
3.7000e-03,-0.023125,-0.0009775
3.7100e-03,-0.03375,-0.000895313
3.7200e-03,-0.0207813,-0.000975
3.7300e-03,-0.0367188,-0.00102875
3.7400e-03,-0.0353125,-0.00111875
3.7500e-03,-0.0320312,-0.00167281
3.7600e-03,-0.028125,-0.000857188
3.7700e-03,-0.0360938,-0.0010675
3.7800e-03,-0.0442188,-0.00148594
3.7900e-03,-0.025,-0.00128938
3.8000e-03,-0.0351562,-0.00159063
3.8100e-03,-0.03,-0.00125219
3.8200e-03,-0.0426562,-0.00125906
3.8300e-03,-0.0371875,-0.000718125
3.8400e-03,-0.0223437,-0.000554375
3.8500e-03,-0.0282813,-0.000835
3.8600e-03,-0.0326562,-0.00112688
3.8700e-03,-0.0334375,-0.00114969
3.8800e-03,-0.0309375,-0.00118719
3.8900e-03,-0.0446875,-0.00136656
3.9000e-03,-0.0264062,-0.00132219
3.9100e-03,-0.0275,-0.00128688
3.9200e-03,-0.0240625,-0.0011725
3.9300e-03,-0.0190625,-0.00136844
3.9400e-03,-0.0395313,-0.00142844
3.9500e-03,-0.028125,-0.00124188
3.9600e-03,-0.0235938,-0.00110375
3.9700e-03,-0.0379688,-0.0008925
3.9800e-03,-0.0329688,-0.00125031
3.9900e-03,-0.0310937,-0.00113188
4.0000e-03,-0.0307813,-0.00102156
4.0100e-03,-0.016875,-0.00125313
4.0200e-03,-0.0271875,-0.00129813
4.0300e-03,-0.0401563,-0.00105688
4.0400e-03,-0.0375,-0.000740313
4.0500e-03,-0.0339062,-0.00111531
4.0600e-03,-0.0390625,-0.000574063
4.0700e-03,-0.0354688,-0.0012125
4.0800e-03,-0.0371875,-0.000626875
4.0900e-03,-0.0370313,-0.00138594
4.1000e-03,-0.0421875,-0.00100062
4.1100e-03,-0.0254688,-0.00103063
4.1200e-03,-0.0323438,-0.00103531
4.1300e-03,-0.035,-0.000967813
4.1400e-03,-0.0335937,-0.00089125
4.1500e-03,-0.0278125,-0.00114031
4.1600e-03,-0.0259375,-0.000996875
4.1700e-03,-0.0304688,-0.000986563
4.1800e-03,-0.0332812,-0.00149469
4.1900e-03,-0.0454688,-0.00155594
4.2000e-03,-0.0314062,-0.00142125
4.2100e-03,-0.0367188,-0.00079125
4.2200e-03,-0.035,-0.00109969
4.2300e-03,-0.0371875,-0.00103781
4.2400e-03,-0.044375,-0.00143938
4.2500e-03,-0.0382813,-0.00130594
4.2600e-03,-0.031875,-0.00109156
4.2700e-03,-0.0317188,-0.00156719
4.2800e-03,-0.0328125,-0.00117531
4.2900e-03,-0.0359375,-0.00116813
4.3000e-03,-0.0309375,-0.00061
4.3100e-03,-0.040625,-0.00116938
4.3200e-03,-0.0465625,-0.00126938
4.3300e-03,-0.0254688,-0.00183875
4.3400e-03,-0.0471875,-0.00073875
4.3500e-03,-0.0267187,-0.00109531
4.3600e-03,-0.0392187,-0.00128125
4.3700e-03,-0.0410937,-0.00140719
4.3800e-03,-0.0376563,-0.00117469
4.3900e-03,-0.0339062,-0.00147938
4.4000e-03,-0.0328125,-0.00106688
4.4100e-03,-0.0284375,-0.00106719
4.4200e-03,-0.0264062,-0.001025
4.4300e-03,-0.0284375,-0.00109375
4.4400e-03,-0.0323438,-0.00104438
4.4500e-03,-0.0170313,-0.000900313
4.4600e-03,-0.0359375,-0.00104969
4.4700e-03,0.0521875,-0.00109406
4.4800e-03,-0.560156,-0.00277625
4.4900e-03,0.752188,-0.00576031
4.5000e-03,0.245781,-0.00745781
4.5100e-03,1.11047,-0.00781969
4.5200e-03,0.0745312,-0.00787344
4.5300e-03,0.120156,-0.00786813
4.5400e-03,0.0982813,-0.00783656
4.5500e-03,0.0929688,-0.00785438
4.5600e-03,0.085,-0.0078875
4.5700e-03,0.0835937,-0.0077225
4.5800e-03,0.0651562,-0.00792188
4.5900e-03,0.0492187,-0.00792406
4.6000e-03,0.0529687,-0.00780188
4.6100e-03,0.0523437,-0.00784
4.6200e-03,0.040625,-0.00776594
4.6300e-03,0.0414063,-0.00766344
4.6400e-03,0.0307812,-0.00763688
4.6500e-03,0.04875,-0.00780219
4.6600e-03,0.0275,-0.00769531
4.6700e-03,0.0432812,-0.00763188
4.6800e-03,0.038125,-0.00760375
4.6900e-03,0.0334375,-0.00764531
4.7000e-03,0.0301562,-0.00778719
4.7100e-03,0.0285937,-0.0078275
4.7200e-03,0.0201562,-0.00762781
4.7300e-03,0.0117188,-0.00740063
4.7400e-03,0.0201562,-0.00357063
4.7500e-03,0.01875,-0.00201875
4.7600e-03,0.0090625,-0.00163188
4.7700e-03,0.0171875,-0.00193063
4.7800e-03,0.00125,-0.00178281
4.7900e-03,0.0167188,-0.0014825
4.8000e-03,0.0140625,-0.00100062
4.8100e-03,0.0171875,-0.000523125
4.8200e-03,0.0140625,-0.00125563
4.8300e-03,0.00015625,-0.00134719
4.8400e-03,0.015625,-0.00167813
4.8500e-03,0.004375,-0.00130344
4.8600e-03,0.00828125,-0.00134188
4.8700e-03,0.00953125,-0.00105969
4.8800e-03,0.0120312,-0.000585625
4.8900e-03,0.0003125,-0.000804375
4.9000e-03,0.0110937,-0.00146563
4.9100e-03,0.008125,-0.0014625
4.9200e-03,-0.00015625,-0.00115469
4.9300e-03,0.0125,-0.00117031
4.9400e-03,0.010625,-0.00134281
4.9500e-03,0.00171875,-0.000744688
4.9600e-03,-0.00921875,-0.00148438
4.9700e-03,-0.00796875,-0.0013525
4.9800e-03,-0.000625,-0.00118813
4.9900e-03,0.001875,-0.000893125
5.0000e-03,0.00703125,-0.0009175
5.0100e-03,-0.0134375,-0.00112406
5.0200e-03,-0.00171875,-0.00129719
5.0300e-03,-0.011875,-0.00154219
5.0400e-03,-0.00921875,-0.00155156
5.0500e-03,-0.00703125,-0.00134563
5.0600e-03,-0.00234375,-0.000681875
5.0700e-03,0.0084375,-0.00100188
5.0800e-03,-0.00328125,-0.00111438
5.0900e-03,-0.00046875,-0.00106406
5.1000e-03,-0.0075,-0.0011875
5.1100e-03,-0.00796875,-0.00112469
5.1200e-03,0,-0.00133031
5.1300e-03,-0.011875,-0.000759063
5.1400e-03,-0.00171875,-0.00139781
5.1500e-03,-0.0059375,-0.00157063
5.1600e-03,-0.00078125,-0.0014125
5.1700e-03,-0.00796875,-0.00111469
5.1800e-03,0.0009375,-0.00103719
5.1900e-03,-0.003125,-0.000672188
5.2000e-03,-0.0053125,-0.00102688
5.2100e-03,-0.0128125,-0.00108719
5.2200e-03,0.00125,-0.00129031
5.2300e-03,0.00328125,-0.00133719
5.2400e-03,-0.0148437,-0.00109125
5.2500e-03,-0.003125,-0.00092625
5.2600e-03,-0.00625,-0.00141906
5.2700e-03,-0.0126563,-0.00096625
5.2800e-03,-0.00515625,-0.00103
5.2900e-03,-0.016875,-0.00150313
5.3000e-03,-0.0084375,-0.00120594
5.3100e-03,-0.00265625,-0.000838125
5.3200e-03,-0.01,-0.000739063
5.3300e-03,-0.0151562,-0.00103375
5.3400e-03,-0.0104688,-0.00132188
5.3500e-03,-0.0053125,-0.00115438
5.3600e-03,-0.0242188,-0.00128969
5.3700e-03,-0.0084375,-0.000966563
5.3800e-03,-0.0107813,-0.00121781
5.3900e-03,-0.005625,-0.00107125
5.4000e-03,-0.0053125,-0.00147656
5.4100e-03,-0.0151562,-0.00133094
5.4200e-03,-0.0117188,-0.00109281
5.4300e-03,-0.0175,-0.00121938
5.4400e-03,-0.00765625,-0.00103875
5.4500e-03,-0.0065625,-0.00112531
5.4600e-03,-0.02125,-0.00118687
5.4700e-03,-0.005625,-0.00131188
5.4800e-03,-0.0128125,-0.00112625
5.4900e-03,-0.0173438,-0.00117688
5.5000e-03,-0.0025,-0.00153063
5.5100e-03,-0.00640625,-0.00115844
5.5200e-03,-0.0204688,-0.00110313
5.5300e-03,-0.0139063,-0.000824063
5.5400e-03,-0.0140625,-0.00139344
5.5500e-03,-0.0121875,-0.0014675
5.5600e-03,-0.0125,-0.00110938
5.5700e-03,-0.0221875,-0.0008075
5.5800e-03,-0.0145312,-0.00104125
5.5900e-03,-0.0251563,-0.000922188
5.6000e-03,-0.0223437,-0.000902813
5.6100e-03,-0.0164063,-0.00107938
5.6200e-03,-0.00671875,-0.000972188
5.6300e-03,-0.0115625,-0.000949063
5.6400e-03,-0.0170313,-0.0010025
5.6500e-03,-0.011875,-0.00118875
5.6600e-03,-0.0132813,-0.000952188
5.6700e-03,-0.0164063,-0.00149594
5.6800e-03,-0.0189062,-0.000950938
5.6900e-03,-0.0220313,-0.000940938
5.7000e-03,-0.0096875,-0.000665625
5.7100e-03,-0.0248438,-0.00148188
5.7200e-03,-0.0267187,-0.00110125
5.7300e-03,-0.0171875,-0.00124438
5.7400e-03,-0.0135937,-0.00138281
5.7500e-03,-0.004375,-0.000955938
5.7600e-03,-0.0229687,-0.00131906
5.7700e-03,-0.0370313,-0.00101156
5.7800e-03,-0.0198438,-0.000918125
5.7900e-03,-0.0146875,-0.001145
5.8000e-03,-0.0153125,-0.000716563
5.8100e-03,-0.0235938,-0.000869688
5.8200e-03,-0.0226562,-0.00146813
5.8300e-03,-0.0132813,-0.00117438
5.8400e-03,-0.016875,-0.00089625
5.8500e-03,-0.00890625,-0.00115469
5.8600e-03,-0.00828125,-0.00106969
5.8700e-03,-0.0175,-0.000897188
5.8800e-03,-0.0128125,-0.00125406
5.8900e-03,-0.0139063,-0.00118219
5.9000e-03,-0.0151562,-0.00164813
5.9100e-03,-0.016875,-0.00121156
5.9200e-03,-0.00453125,-0.00124
5.9300e-03,-0.0226562,-0.00128875
5.9400e-03,-0.0278125,-0.00142594
5.9500e-03,-0.0242188,-0.00108188
5.9600e-03,-0.015,-0.00157531
5.9700e-03,-0.0254688,-0.0010425
5.9800e-03,-0.021875,-0.000982813
5.9900e-03,-0.0196875,-0.000930938
6.0000e-03,-0.015,-0.000867813
6.0100e-03,-0.020625,-0.00130969
6.0200e-03,-0.0128125,-0.00128906
6.0300e-03,-0.0201563,-0.00114437
6.0400e-03,-0.0179687,-0.00118281
6.0500e-03,-0.00875,-0.00148469
6.0600e-03,-0.018125,-0.00132375
6.0700e-03,-0.023125,-0.00102313
6.0800e-03,-0.028125,-0.00127313
6.0900e-03,-0.026875,-0.00100969
6.1000e-03,-0.0242188,-0.0015425
6.1100e-03,-0.00359375,-0.00129969
6.1200e-03,-0.0271875,-0.00116875
6.1300e-03,-0.0160938,-0.000997188
6.1400e-03,-0.0151562,-0.00134656
6.1500e-03,-0.0229687,-0.00101438
6.1600e-03,-0.0275,-0.00110469
6.1700e-03,-0.0189062,-0.0007475
6.1800e-03,-0.0245313,-0.00142531
6.1900e-03,-0.00984375,-0.00107969
6.2000e-03,-0.0223437,-0.0010075
6.2100e-03,-0.0273438,-0.00116844
6.2200e-03,-0.0251563,-0.00139469
6.2300e-03,-0.0246875,-0.000821875
6.2400e-03,-0.015625,-0.00142406
6.2500e-03,-0.0242188,-0.00155719
6.2600e-03,-0.023125,-0.00110594
6.2700e-03,-0.0167188,-0.00150719
6.2800e-03,-0.0229687,-0.00102219
6.2900e-03,-0.034375,-0.00120156
6.3000e-03,-0.0209375,-0.00141594
6.3100e-03,-0.0290625,-0.000944375
6.3200e-03,-0.0226562,-0.000841875
6.3300e-03,-0.029375,-0.00109875
6.3400e-03,-0.0217188,-0.00102906
6.3500e-03,-0.0223437,-0.0014675
6.3600e-03,-0.0292188,-0.00125688
6.3700e-03,-0.0203125,-0.00125719
6.3800e-03,-0.0139063,-0.00159031
6.3900e-03,-0.0314062,-0.00131
6.4000e-03,-0.03125,-0.00120031
6.4100e-03,-0.0215625,-0.00103219
6.4200e-03,-0.0170313,-0.00082125
6.4300e-03,-0.0265625,-0.000913438
6.4400e-03,-0.031875,-0.00143594
6.4500e-03,-0.0210938,-0.00118406
6.4600e-03,-0.015625,-0.00138688
6.4700e-03,-0.0225,-0.00135438
6.4800e-03,-0.0304688,-0.00123188
6.4900e-03,-0.0204688,-0.000934063
6.5000e-03,-0.0253125,-0.00118938
6.5100e-03,-0.01875,-0.00114437
6.5200e-03,-0.0195312,-0.00080375
6.5300e-03,-0.0332812,-0.00103438
6.5400e-03,-0.0260937,-0.000859375
6.5500e-03,-0.01375,-0.00100156
6.5600e-03,-0.0284375,-0.00135313
6.5700e-03,-0.0226562,-0.0012625
6.5800e-03,-0.028125,-0.000944375
6.5900e-03,-0.0329688,-0.00107531
6.6000e-03,-0.0221875,-0.00098625
6.6100e-03,-0.0179687,-0.00111219
6.6200e-03,-0.0221875,-0.00114594
6.6300e-03,-0.0282813,-0.001195
6.6400e-03,-0.016875,-0.00135469
6.6500e-03,-0.0257812,-0.00134938
6.6600e-03,-0.0201563,-0.00108781
6.6700e-03,-0.034375,-0.00119344
6.6800e-03,-0.0217188,-0.00139094
6.6900e-03,-0.0270312,-0.00098
6.7000e-03,-0.018125,-0.000904063
6.7100e-03,-0.02875,-0.00135875
6.7200e-03,-0.0239063,-0.00112656
6.7300e-03,-0.025625,-0.00105813
6.7400e-03,-0.0215625,-0.000860938
6.7500e-03,-0.0267187,-0.00128719
6.7600e-03,-0.026875,-0.00104938
6.7700e-03,-0.03,-0.000572187
6.7800e-03,-0.0196875,-0.00118938
6.7900e-03,-0.0340625,-0.000829063
6.8000e-03,-0.0192187,-0.00108719
6.8100e-03,-0.02375,-0.000979063
6.8200e-03,-0.0271875,-0.00108
6.8300e-03,-0.0278125,-0.00116344
6.8400e-03,-0.0390625,-0.00126313
6.8500e-03,-0.03,-0.00155906
6.8600e-03,-0.0253125,-0.00128219
6.8700e-03,-0.03875,-0.00172594
6.8800e-03,-0.016875,-0.00101813
6.8900e-03,-0.01,-0.00106219
6.9000e-03,-0.0304688,-0.00108469
6.9100e-03,-0.0221875,-0.00152594
6.9200e-03,-0.0321875,-0.000985
6.9300e-03,-0.035625,-0.00104344
6.9400e-03,-0.0301563,-0.000955313
6.9500e-03,-0.0214063,-0.00104125
6.9600e-03,-0.0184375,-0.0008675
6.9700e-03,-0.0348437,-0.00123031
6.9800e-03,-0.0264062,-0.00110656
6.9900e-03,-0.0278125,-0.000818125
7.0000e-03,-0.030625,-0.00114031
7.0100e-03,-0.0379688,-0.00117875
7.0200e-03,-0.0279688,-0.000936563
7.0300e-03,-0.0278125,-0.001095
7.0400e-03,-0.0346875,-0.00117313
7.0500e-03,-0.034375,-0.00102688
7.0600e-03,-0.02,-0.00113
7.0700e-03,-0.0309375,-0.00111219
7.0800e-03,-0.029375,-0.0011375
7.0900e-03,-0.0209375,-0.00121219
7.1000e-03,-0.0409375,-0.00131813
7.1100e-03,-0.0120313,-0.000951875
7.1200e-03,-0.026875,-0.00131156
7.1300e-03,-0.0295313,-0.00123156
7.1400e-03,-0.025,-0.000829063
7.1500e-03,-0.0298438,-0.00106469
7.1600e-03,-0.0248438,-0.00097125
7.1700e-03,-0.0242188,-0.00114094
7.1800e-03,-0.0332812,-0.00122813
7.1900e-03,-0.038125,-0.00165063
7.2000e-03,-0.0332812,-0.00117781
7.2100e-03,-0.0270312,-0.000961875
7.2200e-03,-0.029375,-0.00140688
7.2300e-03,-0.0340625,-0.000939688
7.2400e-03,-0.0234375,-0.00124969
7.2500e-03,-0.024375,-0.00107844
7.2600e-03,-0.0254688,-0.000765625
7.2700e-03,-0.0323438,-0.000979688
7.2800e-03,-0.0375,-0.00112406
7.2900e-03,-0.0309375,-0.0009325
7.3000e-03,-0.01875,-0.00102406
7.3100e-03,-0.0315625,-0.000648125
7.3200e-03,-0.0254688,-0.00122625
7.3300e-03,-0.0353125,-0.00158219
7.3400e-03,-0.0240625,-0.00184813
7.3500e-03,-0.0223437,-0.00128313
7.3600e-03,-0.0192187,-0.00088375
7.3700e-03,-0.0246875,-0.00116969
7.3800e-03,-0.025625,-0.00139125
7.3900e-03,-0.0298438,-0.000801875
7.4000e-03,-0.0292188,-0.00127094
7.4100e-03,-0.0251563,-0.00103688
7.4200e-03,-0.0228125,-0.000782188
7.4300e-03,-0.026875,-0.000920625
7.4400e-03,-0.0348437,-0.00147563
7.4500e-03,-0.0175,-0.00124188
7.4600e-03,-0.0165625,-0.00109344
7.4700e-03,-0.0307813,-0.00135156
7.4800e-03,-0.03625,-0.00111063
7.4900e-03,-0.0339062,-0.000885625
7.5000e-03,-0.0317188,-0.00110625
7.5100e-03,-0.033125,-0.000833438
7.5200e-03,-0.025,-0.0006675
7.5300e-03,-0.0251563,-0.00117875
7.5400e-03,-0.039375,-0.00140281
7.5500e-03,-0.02125,-0.000789688
7.5600e-03,-0.0345312,-0.000398125
7.5700e-03,-0.04,-0.00092875
7.5800e-03,-0.0326562,-0.000814375
7.5900e-03,-0.0242188,-0.000648438
7.6000e-03,-0.0254688,-0.00136844
7.6100e-03,-0.0282813,-0.00104531
7.6200e-03,-0.0304688,-0.00097375
7.6300e-03,-0.0329688,-0.00130313
7.6400e-03,-0.0339062,-0.00149875
7.6500e-03,-0.0239063,-0.00119781
7.6600e-03,-0.0273438,-0.00143375
7.6700e-03,-0.0301563,-0.00161375
7.6800e-03,-0.0235938,-0.00105281
7.6900e-03,-0.0296875,-0.00101344
7.7000e-03,-0.0220313,-0.00109156
7.7100e-03,-0.023125,-0.0008775
7.7200e-03,-0.0407813,-0.00117188
7.7300e-03,-0.02625,-0.00147875
7.7400e-03,-0.0215625,-0.00121063
7.7500e-03,-0.04,-0.00128781
7.7600e-03,-0.026875,-0.00133031
7.7700e-03,-0.0414063,-0.000990938
7.7800e-03,-0.0282813,-0.000988125
7.7900e-03,-0.0251563,-0.00114156
7.8000e-03,-0.03,-0.00139219
7.8100e-03,-0.0317188,-0.00136688
7.8200e-03,-0.03625,-0.00165656
7.8300e-03,-0.0359375,-0.000810938
7.8400e-03,-0.0323438,-0.00148875
7.8500e-03,-0.029375,-0.000892188
7.8600e-03,-0.041875,-0.0009775
7.8700e-03,-0.0214063,-0.00101219
7.8800e-03,-0.0345312,-0.00119656
7.8900e-03,-0.0342187,-0.00101625
7.9000e-03,-0.0407813,-0.00133875
7.9100e-03,-0.0232812,-0.00064875
7.9200e-03,-0.0310937,-0.000875313
7.9300e-03,-0.03125,-0.001355
7.9400e-03,-0.0364063,-0.00101344
7.9500e-03,-0.02875,-0.000716875
7.9600e-03,-0.0307813,-0.000899375
7.9700e-03,-0.0357813,-0.0013925
7.9800e-03,-0.0242188,-0.00103688
7.9900e-03,-0.0323438,-0.000970938
8.0000e-03,-0.0370313,-0.00125844
8.0100e-03,-0.0346875,-0.00108
8.0200e-03,-0.0351562,-0.000981875
8.0300e-03,-0.0378125,-0.00105469
8.0400e-03,-0.044375,-0.000955625
8.0500e-03,-0.0275,-0.000933438
8.0600e-03,-0.025625,-0.00104188
8.0700e-03,-0.0329688,-0.000857813
8.0800e-03,-0.0307813,-0.00103844
8.0900e-03,-0.0267187,-0.00143313
8.1000e-03,-0.0285938,-0.00136063
8.1100e-03,-0.0448438,-0.00101188
8.1200e-03,-0.031875,-0.000913125
8.1300e-03,-0.0315625,-0.00141375
8.1400e-03,-0.0314062,-0.00095875
8.1500e-03,-0.0446875,-0.00105125
8.1600e-03,-0.0332812,-0.000762813
8.1700e-03,-0.0298438,-0.00126594
8.1800e-03,-0.04125,-0.00109531
8.1900e-03,-0.0453125,-0.0013625
8.2000e-03,-0.0265625,-0.00120094
8.2100e-03,-0.0395313,-0.00124375
8.2200e-03,-0.0229687,-0.00107406
8.2300e-03,-0.0170313,-0.00121656
8.2400e-03,-0.03625,-0.00102344
8.2500e-03,-0.0315625,-0.00163594
8.2600e-03,-0.0223437,-0.00112469
8.2700e-03,-0.0189062,-0.00108375
8.2800e-03,-0.0214063,-0.00114813
8.2900e-03,-0.0345312,-0.00123719
8.3000e-03,-0.0184375,-0.000951875
8.3100e-03,-0.0170313,-0.00107688
8.3200e-03,-0.0229687,-0.00116281
8.3300e-03,-0.0276563,-0.00130781
8.3400e-03,-0.0225,-0.00127031
8.3500e-03,-0.026875,-0.00152031
8.3600e-03,-0.0303125,-0.000955313
8.3700e-03,-0.0389063,-0.00132406
8.3800e-03,-0.0382813,-0.00122937
8.3900e-03,-0.036875,-0.00149813
8.4000e-03,-0.0332812,-0.00152313
8.4100e-03,-0.0375,-0.00131469
8.4200e-03,-0.03125,-0.00107375
8.4300e-03,-0.0303125,-0.00093875
8.4400e-03,-0.0253125,-0.000873438
8.4500e-03,-0.0326562,-0.00064125
8.4600e-03,-0.0373438,-0.000793438
8.4700e-03,-0.0232812,-0.000568438
8.4800e-03,-0.0295313,-0.00132438
8.4900e-03,-0.0357813,-0.00106938
8.5000e-03,-0.0254688,-0.0013775
8.5100e-03,-0.0329688,-0.000964063
8.5200e-03,-0.0234375,-0.000500312
8.5300e-03,-0.0329688,-0.00122063
8.5400e-03,-0.0373438,-0.00117469
8.5500e-03,-0.035,-0.000705938
8.5600e-03,-0.0321875,-0.00129406
8.5700e-03,-0.0442188,-0.00119406
8.5800e-03,-0.028125,-0.00104375
8.5900e-03,-0.0379688,-0.00133813
8.6000e-03,-0.03875,-0.00138813
8.6100e-03,-0.0303125,-0.000935
8.6200e-03,-0.0442188,-0.00149469
8.6300e-03,-0.0328125,-0.00124063
8.6400e-03,-0.0196875,-0.00102906
8.6500e-03,-0.0423437,-0.00126781
8.6600e-03,-0.0267187,-0.000550313
8.6700e-03,-0.030625,-0.000705938
8.6800e-03,-0.0323438,-0.00109125
8.6900e-03,-0.0298438,-0.00133969
8.7000e-03,-0.0267187,-0.00111125
8.7100e-03,-0.028125,-0.00107281
8.7200e-03,-0.030625,-0.00141281
8.7300e-03,-0.0289063,-0.00104531
8.7400e-03,-0.0407813,-0.00109938
8.7500e-03,-0.04,-0.00109313
8.7600e-03,-0.0346875,-0.00120781
8.7700e-03,-0.0317188,-0.00151313
8.7800e-03,-0.030625,-0.00140344
8.7900e-03,-0.0370313,-0.00147156
8.8000e-03,-0.030625,-0.00135031
8.8100e-03,-0.0301563,-0.00106063
8.8200e-03,-0.0395313,-0.00147656
8.8300e-03,-0.025625,-0.00148813
8.8400e-03,-0.0379688,-0.00152188
8.8500e-03,-0.0314062,-0.00128656
8.8600e-03,-0.0373438,-0.00100469
8.8700e-03,-0.0375,-0.000958125
8.8800e-03,-0.02875,-0.0009475
8.8900e-03,-0.0351562,-0.00120344
8.9000e-03,-0.0395313,-0.00098375
8.9100e-03,-0.0295313,-0.00139594
8.9200e-03,-0.0323438,-0.00110688
8.9300e-03,-0.0501562,-0.00113781
8.9400e-03,-0.043125,-0.00133813
8.9500e-03,-0.0321875,-0.00113875
8.9600e-03,-0.0334375,-0.00113219
8.9700e-03,-0.0365625,-0.00120156
8.9800e-03,-0.0426562,-0.00106406
8.9900e-03,-0.0260937,-0.00148781
9.0000e-03,-0.03375,-0.00156813
9.0100e-03,-0.033125,-0.00147438
9.0200e-03,-0.0240625,-0.00136469
9.0300e-03,-0.0289063,-0.00121781
9.0400e-03,-0.03625,-0.00157281
9.0500e-03,-0.0457813,-0.0010275
9.0600e-03,-0.04375,-0.00111844
9.0700e-03,-0.0490625,-0.00113938
9.0800e-03,-0.0275,-0.00103719
9.0900e-03,-0.0267187,-0.000886563
9.1000e-03,-0.0440625,-0.00118563
9.1100e-03,-0.0289063,-0.00129531
9.1200e-03,-0.025,-0.000877813
9.1300e-03,-0.0407813,-0.000944063
9.1400e-03,-0.0275,-0.00128719
9.1500e-03,-0.0314062,-0.00133844
9.1600e-03,-0.02875,-0.00138906
9.1700e-03,-0.0392187,-0.00114969
9.1800e-03,-0.033125,-0.00106125
9.1900e-03,-0.0290625,-0.000760625
9.2000e-03,-0.0364063,-0.00168219
9.2100e-03,-0.0451563,-0.00111156
9.2200e-03,-0.04,-0.00102563
9.2300e-03,-0.031875,-0.00137219
9.2400e-03,-0.0465625,-0.00115281
9.2500e-03,-0.0339062,-0.00100531
9.2600e-03,-0.0454688,-0.000803125
9.2700e-03,-0.0415625,-0.000559375
9.2800e-03,-0.0426562,-0.00122313
9.2900e-03,-0.0485938,-0.00123031
9.3000e-03,-0.03,-0.00122781
9.3100e-03,-0.0415625,-0.000822813
9.3200e-03,-0.044375,-0.00078625
9.3300e-03,-0.0492188,-0.00117531
9.3400e-03,-0.0446875,-0.00115781
9.3500e-03,-0.0323438,-0.00124813
9.3600e-03,-0.0251563,-0.00114094
9.3700e-03,-0.03625,-0.00142375
9.3800e-03,-0.0382813,-0.00119875
9.3900e-03,-0.0357813,-0.00109094
9.4000e-03,-0.0320312,-0.00105813
9.4100e-03,-0.0310937,-0.00107219
9.4200e-03,-0.0401563,-0.00130469
9.4300e-03,-0.0390625,-0.00130313
9.4400e-03,-0.0332812,-0.00138063
9.4500e-03,-0.0304688,-0.00105937
9.4600e-03,-0.030625,-0.00101563
9.4700e-03,-0.0321875,-0.00111344
9.4800e-03,-0.0409375,-0.00104906
9.4900e-03,-0.0378125,-0.0011225
9.5000e-03,-0.0354688,-0.000917813
9.5100e-03,-0.0326562,-0.00135969
9.5200e-03,-0.0496875,-0.00108781
9.5300e-03,-0.0309375,-0.000984688
9.5400e-03,-0.0465625,-0.00125188
9.5500e-03,-0.031875,-0.000841563
9.5600e-03,-0.04,-0.00136875
9.5700e-03,-0.0351562,-0.00125813
9.5800e-03,-0.0353125,-0.001085
9.5900e-03,-0.0354688,-0.001205
9.6000e-03,-0.035,-0.00107219
9.6100e-03,-0.0359375,-0.00142438
9.6200e-03,-0.048125,-0.0008725
9.6300e-03,-0.03375,-0.000530313
9.6400e-03,-0.0345312,-0.0009475
9.6500e-03,-0.0353125,-0.00100906
9.6600e-03,-0.0342187,-0.00079375
9.6700e-03,-0.0354688,-0.000944688
9.6800e-03,-0.0210938,-0.0011075
9.6900e-03,-0.040625,-0.000988125
9.7000e-03,-0.0345312,-0.00129969
9.7100e-03,-0.029375,-0.00140406
9.7200e-03,-0.0278125,-0.000871875
9.7300e-03,-0.0232812,-0.00094875
9.7400e-03,-0.0351562,-0.00129063
9.7500e-03,-0.0321875,-0.00121969
9.7600e-03,-0.034375,-0.00113375
9.7700e-03,-0.0340625,-0.00132094
9.7800e-03,-0.0440625,-0.00131719
9.7900e-03,-0.0425,-0.00134094
9.8000e-03,-0.0371875,-0.00114844
9.8100e-03,-0.0485938,-0.00141781
9.8200e-03,-0.0339062,-0.00132625
9.8300e-03,-0.0314062,-0.0011375
9.8400e-03,-0.0342187,-0.00092
9.8500e-03,-0.026875,-0.00092625
9.8600e-03,-0.0340625,-0.000934063
9.8700e-03,-0.041875,-0.000659375
9.8800e-03,-0.0307813,-0.000505313
9.8900e-03,-0.0542187,-0.00099
9.9000e-03,-0.0309375,-0.00120406
9.9100e-03,-0.0335937,-0.00130063
9.9200e-03,-0.0279688,-0.00108281
9.9300e-03,-0.0465625,-0.000943125
9.9400e-03,-0.0320312,-0.00125281
9.9500e-03,-0.0401563,-0.00111063
9.9600e-03,-0.0403125,-0.000898438
9.9700e-03,-0.0439063,-0.00119875
9.9800e-03,-0.0248438,-0.00121438
9.9900e-03,-0.0289063,-0.00143031
1.0000e-02,-0.044375,-0.00108219
1.0010e-02,-0.0467188,-0.00120531
1.0020e-02,-0.0425,-0.00111906
1.0030e-02,-0.0498438,-0.0012425
1.0040e-02,-0.0423437,-0.000888438
1.0050e-02,-0.0345312,-0.000881563
1.0060e-02,-0.0398437,-0.000964688
1.0070e-02,-0.04125,-0.000933438
1.0080e-02,-0.0303125,-0.00103594
1.0090e-02,-0.0345312,-0.000901875
1.0100e-02,-0.03375,-0.00109531
1.0110e-02,-0.0415625,-0.00110969
1.0120e-02,-0.034375,-0.00115094
1.0130e-02,-0.041875,-0.00162875
1.0140e-02,-0.0434375,-0.00105719
1.0150e-02,-0.035,-0.00122875
1.0160e-02,-0.0429688,-0.00144281
1.0170e-02,-0.034375,-0.00144531
1.0180e-02,-0.0479688,-0.000905938
1.0190e-02,-0.0385937,-0.00107094
1.0200e-02,-0.0325,-0.00123563
1.0210e-02,-0.0464062,-0.00147344
1.0220e-02,-0.03625,-0.00110625
1.0230e-02,-0.0284375,-0.001035
1.0240e-02,-0.0371875,-0.00139281
1.0250e-02,-0.0382813,-0.00087875
1.0260e-02,-0.0401563,-0.000576875
1.0270e-02,-0.0232812,-0.00135813
1.0280e-02,-0.033125,-0.00102719
1.0290e-02,-0.023125,-0.000981563
1.0300e-02,-0.05375,-0.00127156
1.0310e-02,-0.0360938,-0.00162813
1.0320e-02,-0.0235938,-0.00177531
1.0330e-02,-0.034375,-0.00115844
1.0340e-02,-0.03125,-0.00124031
1.0350e-02,-0.0371875,-0.00163594
1.0360e-02,-0.0384375,-0.00113
1.0370e-02,-0.0357813,-0.000981563
1.0380e-02,-0.03,-0.00124125
1.0390e-02,-0.0275,-0.00108875
1.0400e-02,-0.0423437,-0.000823438
1.0410e-02,-0.0401563,-0.00107813
1.0420e-02,-0.0289063,-0.000977813
1.0430e-02,-0.0445313,-0.00118375
1.0440e-02,-0.0373438,-0.00123813
1.0450e-02,-0.031875,-0.00121719
1.0460e-02,-0.04625,-0.00108125
1.0470e-02,-0.0320312,-0.00105625
1.0480e-02,-0.0407813,-0.00108469
1.0490e-02,-0.0465625,-0.000643438
1.0500e-02,-0.0439063,-0.000910313
1.0510e-02,-0.0428125,-0.00121156
1.0520e-02,-0.05,-0.00105344
1.0530e-02,-0.0515625,-0.00166563
1.0540e-02,-0.0454688,-0.00163188
1.0550e-02,-0.0359375,-0.00142125
1.0560e-02,-0.0414063,-0.00137469
1.0570e-02,-0.0254688,-0.00117938
1.0580e-02,-0.0332812,-0.001055
1.0590e-02,-0.0420312,-0.000926563
1.0600e-02,-0.0298438,-0.00104625
1.0610e-02,-0.0539063,-0.000959063
1.0620e-02,-0.0370313,-0.000969688
1.0630e-02,-0.0367188,-0.0009
1.0640e-02,-0.0503125,-0.000944063
1.0650e-02,-0.0423437,-0.0012375
1.0660e-02,-0.0439063,-0.00095125
1.0670e-02,-0.0409375,-0.00123313
1.0680e-02,-0.0435938,-0.00151688
1.0690e-02,-0.0317188,-0.00111
1.0700e-02,-0.025,-0.00120031
1.0710e-02,-0.046875,-0.0012475
1.0720e-02,-0.0435938,-0.00102125
1.0730e-02,-0.048125,-0.00147688
1.0740e-02,-0.0370313,-0.00105688
1.0750e-02,-0.049375,-0.00125344
1.0760e-02,-0.0301563,-0.00128281
1.0770e-02,-0.0315625,-0.00121188
1.0780e-02,-0.051875,-0.00177281
1.0790e-02,-0.035,-0.000545
1.0800e-02,-0.0289063,-0.00123031
1.0810e-02,-0.044375,-0.000751563
1.0820e-02,-0.0492188,-0.00114406
1.0830e-02,-0.0578125,-0.000811563
1.0840e-02,-0.0479688,-0.00115719
1.0850e-02,-0.0479688,-0.00126125
1.0860e-02,-0.0310937,-0.000933125
1.0870e-02,-0.0304688,-0.000835625
1.0880e-02,-0.0485938,-0.00086375
1.0890e-02,-0.0371875,-0.000792188
1.0900e-02,-0.0473438,-0.000905938
1.0910e-02,-0.0275,-0.00125688
1.0920e-02,-0.026875,-0.00164188
1.0930e-02,-0.0515625,-0.00147813
1.0940e-02,-0.0370313,-0.00112969
1.0950e-02,-0.03625,-0.00175031
1.0960e-02,-0.0484375,-0.00132156
1.0970e-02,-0.03125,-0.00114031
1.0980e-02,-0.0470312,-0.00125406
1.0990e-02,-0.041875,-0.00100844
1.1000e-02,-0.0339062,-0.000917813
1.1010e-02,-0.035625,-0.000769375
1.1020e-02,-0.0434375,-0.000918438
1.1030e-02,-0.044375,-0.00111094
1.1040e-02,-0.0328125,-0.00108656
1.1050e-02,-0.0385937,-0.00104813
1.1060e-02,-0.0451563,-0.00118094
1.1070e-02,-0.0335937,-0.000940625
1.1080e-02,-0.0360938,-0.0010875
1.1090e-02,-0.043125,-0.00108125
1.1100e-02,-0.0314062,-0.00129531
1.1110e-02,-0.0445313,-0.00105969
1.1120e-02,-0.0307813,-0.00144188
1.1130e-02,-0.0278125,-0.00102094
1.1140e-02,-0.0421875,-0.00116313
1.1150e-02,-0.0560937,-0.00138125
1.1160e-02,-0.038125,-0.00129438
1.1170e-02,-0.0392187,-0.00113875
1.1180e-02,-0.0325,-0.00106344
1.1190e-02,-0.0375,-0.00116906
1.1200e-02,-0.0507812,-0.000896563
1.1210e-02,-0.0390625,-0.000681875
1.1220e-02,-0.0345312,-0.000998125
1.1230e-02,-0.0448438,-0.00117313
1.1240e-02,-0.0370313,-0.000991875
1.1250e-02,-0.0442188,-0.000884688
1.1260e-02,-0.0517188,-0.001235
1.1270e-02,-0.0514063,-0.00108531
1.1280e-02,-0.0384375,-0.00106344
1.1290e-02,-0.039375,-0.00111844
1.1300e-02,-0.0423437,-0.00114656
1.1310e-02,-0.049375,-0.00161406
1.1320e-02,-0.0365625,-0.00109094
1.1330e-02,-0.0479688,-0.00116594
1.1340e-02,-0.0407813,-0.00093
1.1350e-02,-0.0292188,-0.00109813
1.1360e-02,-0.045,-0.00127188
1.1370e-02,-0.0426562,-0.00116156
1.1380e-02,-0.0407813,-0.00098875
1.1390e-02,-0.0357813,-0.00107031
1.1400e-02,-0.0382813,-0.00164406
1.1410e-02,-0.0460938,-0.00113188
1.1420e-02,-0.0492188,-0.000965313
1.1430e-02,-0.0392187,-0.000543438
1.1440e-02,-0.0379688,-0.000795313
1.1450e-02,-0.0509375,-0.00109906
1.1460e-02,-0.0417187,-0.000837813
1.1470e-02,-0.0457813,-0.00112594
1.1480e-02,-0.0442188,-0.00122
1.1490e-02,-0.0426562,-0.00128469
1.1500e-02,-0.0367188,-0.0012225
1.1510e-02,-0.0360938,-0.0018025
1.1520e-02,-0.0351562,-0.00154688
1.1530e-02,-0.036875,-0.00142469
1.1540e-02,-0.048125,-0.00163625
1.1550e-02,-0.0367188,-0.00103344
1.1560e-02,-0.030625,-0.00129688
1.1570e-02,-0.0439063,-0.000992812
1.1580e-02,-0.0367188,-0.00065375
1.1590e-02,-0.0354688,-0.0009225
1.1600e-02,-0.0414063,-0.00107
1.1610e-02,-0.0379688,-0.00117438
1.1620e-02,-0.0470312,-0.0010225
1.1630e-02,-0.0454688,-0.000933438
1.1640e-02,-0.040625,-0.000923125
1.1650e-02,-0.0409375,-0.00131313
1.1660e-02,-0.043125,-0.00106844
1.1670e-02,-0.0342187,-0.00137375
1.1680e-02,-0.0453125,-0.00154469
1.1690e-02,-0.0460938,-0.00107938
1.1700e-02,-0.0409375,-0.000939375
1.1710e-02,-0.045,-0.00100625
1.1720e-02,-0.04625,-0.00137031
1.1730e-02,-0.0414063,-0.00101094
1.1740e-02,-0.0495312,-0.00137125
1.1750e-02,-0.0275,-0.00080375
1.1760e-02,-0.0410937,-0.00102031
1.1770e-02,-0.0417187,-0.0012575
1.1780e-02,-0.038125,-0.000741563
1.1790e-02,-0.0498438,-0.00113844
1.1800e-02,-0.0470312,-0.00091625
1.1810e-02,-0.0404687,-0.0009125
1.1820e-02,-0.0375,-0.000872188
1.1830e-02,-0.02,-0.00115219
1.1840e-02,-0.0246875,-0.0010525
1.1850e-02,-0.0434375,-0.000782813
1.1860e-02,-0.0370313,-0.000821563
1.1870e-02,-0.0373438,-0.00122844
1.1880e-02,-0.0404687,-0.00149781
1.1890e-02,-0.04375,-0.00138813
1.1900e-02,-0.0414063,-0.00144656
1.1910e-02,-0.0385937,-0.001585
1.1920e-02,-0.0439063,-0.001195
1.1930e-02,-0.0435938,-0.00145313
1.1940e-02,-0.0285938,-0.00104969
1.1950e-02,-0.0351562,-0.00103531
1.1960e-02,-0.036875,-0.00124844
1.1970e-02,-0.0396875,-0.00117156
1.1980e-02,-0.0329688,-0.00074625
1.1990e-02,-0.0432813,-0.000977813
1.2000e-02,-0.0446875,-0.000899375
1.2010e-02,-0.03375,-0.00109688
1.2020e-02,-0.0464062,-0.00114344
1.2030e-02,-0.046875,-0.00139063
1.2040e-02,-0.0285938,-0.00107719
1.2050e-02,-0.035,-0.000816563
1.2060e-02,-0.03875,-0.00114406
1.2070e-02,-0.0342187,-0.00154188
1.2080e-02,-0.034375,-0.000815
1.2090e-02,-0.0459375,-0.00144688
1.2100e-02,-0.0453125,-0.00106125
1.2110e-02,-0.0371875,-0.00120031
1.2120e-02,-0.0378125,-0.00122906
1.2130e-02,-0.0348437,-0.00138625
1.2140e-02,-0.0385937,-0.000989688
1.2150e-02,-0.0403125,-0.00086
1.2160e-02,-0.041875,-0.000895625
1.2170e-02,-0.0535937,-0.00107063
1.2180e-02,-0.0445313,-0.000807813
1.2190e-02,-0.0392187,-0.000991563
1.2200e-02,-0.0370313,-0.00120906
1.2210e-02,-0.044375,-0.000849063
1.2220e-02,-0.0553125,-0.00123156
1.2230e-02,-0.0289063,-0.00109094
1.2240e-02,-0.0504687,-0.00103688
1.2250e-02,-0.04125,-0.00118969
1.2260e-02,-0.04,-0.00107969
1.2270e-02,-0.045625,-0.000964688
1.2280e-02,-0.040625,-0.00118781
1.2290e-02,-0.0460938,-0.000732813
1.2300e-02,-0.0457813,-0.000876563
1.2310e-02,-0.048125,-0.00103406
1.2320e-02,-0.0307813,-0.000934063
1.2330e-02,-0.0485938,-0.00091875
1.2340e-02,-0.0389063,-0.000960625
1.2350e-02,-0.0548437,-0.00117875
1.2360e-02,-0.0379688,-0.00111094
1.2370e-02,-0.0470312,-0.001195
1.2380e-02,-0.041875,-0.00090875
1.2390e-02,-0.0453125,-0.00142906
1.2400e-02,-0.0321875,-0.00115313
1.2410e-02,-0.0410937,-0.000964063
1.2420e-02,-0.0473438,-0.00111531
1.2430e-02,-0.0435938,-0.00106437
1.2440e-02,-0.0435938,-0.00101281
1.2450e-02,-0.0371875,-0.00104688
1.2460e-02,-0.0385937,-0.00123656
1.2470e-02,-0.0442188,-0.00105281
1.2480e-02,-1.64609,-0.00170375
1.2490e-02,-1.55094,-0.00544469
1.2500e-02,0.281406,-0.00748344
1.2510e-02,0.31625,-0.00813781
1.2520e-02,-0.262813,-0.00787781
1.2530e-02,0.126719,-0.00780656
1.2540e-02,0.1025,-0.00778188
1.2550e-02,0.0857813,-0.00764094
1.2560e-02,0.0753125,-0.00770656
1.2570e-02,0.0759375,-0.00777031
1.2580e-02,0.066875,-0.00765219
1.2590e-02,0.064375,-0.00792875
1.2600e-02,0.045,-0.00788281
1.2610e-02,0.046875,-0.00778531
1.2620e-02,0.0442188,-0.00764906
1.2630e-02,0.0476562,-0.0076675
1.2640e-02,0.0342188,-0.00774813
1.2650e-02,0.0221875,-0.00759094
1.2660e-02,0.0148437,-0.00748063
1.2670e-02,0.018125,-0.0076925
1.2680e-02,0.0295312,-0.00751875
1.2690e-02,0.025,-0.00766219
1.2700e-02,0.035,-0.00765969
1.2710e-02,0.028125,-0.00765031
1.2720e-02,0.0267188,-0.00767594
1.2730e-02,0.0221875,-0.00745156
1.2740e-02,0.010625,-0.00404031
1.2750e-02,0.0282812,-0.00207969
1.2760e-02,0.0185938,-0.00174156
1.2770e-02,0.0235938,-0.00174531
1.2780e-02,0.00734375,-0.00201
1.2790e-02,0.0110937,-0.00173531
1.2800e-02,0.00703125,-0.00062375
1.2810e-02,0.0140625,-0.000720938
1.2820e-02,0.0190625,-0.00051125
1.2830e-02,-0.00078125,-0.00105688
1.2840e-02,0.0165625,-0.00160125
1.2850e-02,-0.00203125,-0.00206438
1.2860e-02,0.0271875,-0.00106688
1.2870e-02,-0.00109375,-0.00117844
1.2880e-02,0.00890625,-0.00133656
1.2890e-02,-0.00671875,-0.001505
1.2900e-02,0.00828125,-0.00181094
1.2910e-02,0.004375,-0.00170375
1.2920e-02,0.0140625,-0.0012725
1.2930e-02,-0.000625,-0.00125688
1.2940e-02,0.0065625,-0.00107625
1.2950e-02,0.011875,-0.00098125
1.2960e-02,-0.0071875,-0.00112563
1.2970e-02,0.0028125,-0.000788438
1.2980e-02,0.00609375,-0.00119063
1.2990e-02,0.00984375,-0.00123219
1.3000e-02,-0.00015625,-0.000634375
1.3010e-02,-0.00625,-0.00137938
1.3020e-02,-0.00265625,-0.00111938
1.3030e-02,0.010625,-0.0015175
1.3040e-02,-0.00203125,-0.00164875
1.3050e-02,0.00515625,-0.00134875
1.3060e-02,-0.0046875,-0.00128719
1.3070e-02,-0.00546875,-0.00133563
1.3080e-02,0.00671875,-0.001375
1.3090e-02,-0.00421875,-0.00156313
1.3100e-02,-0.0078125,-0.00171
1.3110e-02,0.00765625,-0.000954688
1.3120e-02,0.003125,-0.00110375
1.3130e-02,-0.0046875,-0.000770313
1.3140e-02,0.00546875,-0.00116531
1.3150e-02,0.00546875,-0.000635313
1.3160e-02,-0.00921875,-0.00113125
1.3170e-02,-0.00828125,-0.00114063
1.3180e-02,-0.000625,-0.000594375
1.3190e-02,-0.0117188,-0.00110594
1.3200e-02,-0.006875,-0.0011525
1.3210e-02,-0.0096875,-0.00106969
1.3220e-02,-0.00359375,-0.000919063
1.3230e-02,-0.0171875,-0.00103719
1.3240e-02,-0.005,-0.00134531
1.3250e-02,-0.0025,-0.00113438
1.3260e-02,-0.0065625,-0.0011125
1.3270e-02,-0.00515625,-0.00132813
1.3280e-02,0.003125,-0.00172
1.3290e-02,-0.01375,-0.00116375
1.3300e-02,0.00359375,-0.00117188
1.3310e-02,-0.0103125,-0.00150125
1.3320e-02,-0.0157813,-0.00156344
1.3330e-02,-0.00578125,-0.00115563
1.3340e-02,-0.0096875,-0.00113938
1.3350e-02,-0.018125,-0.00126625
1.3360e-02,-0.0165625,-0.00115
1.3370e-02,-0.019375,-0.00117469
1.3380e-02,-0.015,-0.000875313
1.3390e-02,-0.00765625,-0.00109563
1.3400e-02,-0.0192187,-0.000974375
1.3410e-02,-0.00890625,-0.00100594
1.3420e-02,-0.00953125,-0.00104844
1.3430e-02,-0.0114062,-0.00160719
1.3440e-02,-0.0196875,-0.00129938
1.3450e-02,-0.014375,-0.00124656
1.3460e-02,-0.008125,-0.00136219
1.3470e-02,-0.0114062,-0.00108969
1.3480e-02,-0.0115625,-0.00134188
1.3490e-02,0.00328125,-0.00081625
1.3500e-02,-0.0157813,-0.00108094
1.3510e-02,-0.005625,-0.00131781
1.3520e-02,-0.0123438,-0.00107781
1.3530e-02,-0.0142188,-0.00129875
1.3540e-02,-0.0065625,-0.00153
1.3550e-02,-0.0203125,-0.00102781
1.3560e-02,-0.0184375,-0.00117813
1.3570e-02,-0.0178125,-0.000545313
1.3580e-02,-0.0204688,-0.00111875
1.3590e-02,-0.0109375,-0.00108625
1.3600e-02,-0.0189062,-0.00104375
1.3610e-02,-0.00984375,-0.00171156
1.3620e-02,-0.0117188,-0.00142625
1.3630e-02,-0.0151562,-0.00151469
1.3640e-02,-0.010625,-0.00173938
1.3650e-02,-0.00515625,-0.00143
1.3660e-02,-0.0184375,-0.00102563
1.3670e-02,-0.0159375,-0.00122813
1.3680e-02,-0.0104688,-0.000837813
1.3690e-02,-0.0257812,-0.0009475
1.3700e-02,-0.0164063,-0.00103938
1.3710e-02,-0.0179687,-0.00103438
1.3720e-02,-0.0153125,-0.00100375
1.3730e-02,-0.011875,-0.00091125
1.3740e-02,-0.0151562,-0.00117656
1.3750e-02,-0.0167188,-0.00094375
1.3760e-02,-0.02375,-0.00117781
1.3770e-02,-0.0215625,-0.00109719
1.3780e-02,-0.0159375,-0.001
1.3790e-02,-0.020625,-0.00127094
1.3800e-02,-0.0221875,-0.00149219
1.3810e-02,-0.014375,-0.00176688
1.3820e-02,-0.0190625,-0.00151344
1.3830e-02,-0.01875,-0.0017025
1.3840e-02,-0.0196875,-0.00110469
1.3850e-02,-0.02375,-0.00120563
1.3860e-02,-0.0228125,-0.00141813
1.3870e-02,-0.00765625,-0.00126719
1.3880e-02,-0.0145312,-0.000693125
1.3890e-02,-0.023125,-0.0011725
1.3900e-02,-0.009375,-0.00115094
1.3910e-02,-0.0175,-0.00153406
1.3920e-02,-0.01375,-0.00134656
1.3930e-02,-0.021875,-0.000470938
1.3940e-02,-0.0195312,-0.00113344
1.3950e-02,-0.0220313,-0.000781563
1.3960e-02,-0.0192187,-0.000956563
1.3970e-02,-0.0059375,-0.000698438
1.3980e-02,-0.0275,-0.00124281
1.3990e-02,-0.0176563,-0.00111438
1.4000e-02,-0.0273438,-0.00108969
1.4010e-02,-0.0135937,-0.00134438
1.4020e-02,-0.0145312,-0.00162125
1.4030e-02,-0.0142188,-0.00176094
1.4040e-02,-0.0242188,-0.00150313
1.4050e-02,-0.0360938,-0.00122469
1.4060e-02,-0.0175,-0.0011925
1.4070e-02,-0.01375,-0.00132781
1.4080e-02,-0.0189062,-0.00107813
1.4090e-02,-0.01875,-0.00114875
1.4100e-02,-0.0078125,-0.00157094
1.4110e-02,-0.015625,-0.0013875
1.4120e-02,-0.0278125,-0.0012375
1.4130e-02,-0.0217188,-0.000988438
1.4140e-02,-0.0107813,-0.00099375
1.4150e-02,-0.0260937,-0.00094625
1.4160e-02,-0.0190625,-0.0011975
1.4170e-02,-0.0253125,-0.00112906
1.4180e-02,-0.0214063,-0.00113938
1.4190e-02,-0.0254688,-0.0011225
1.4200e-02,-0.0103125,-0.00074
1.4210e-02,-0.0228125,-0.00123719
1.4220e-02,-0.0284375,-0.00149813
1.4230e-02,-0.0271875,-0.00102313
1.4240e-02,-0.028125,-0.00124875
1.4250e-02,-0.0246875,-0.00114188
1.4260e-02,-0.02875,-0.0010025
1.4270e-02,-0.02,-0.00115813
1.4280e-02,-0.0329688,-0.00151125
1.4290e-02,-0.0140625,-0.00123031
1.4300e-02,-0.0317188,-0.000985
1.4310e-02,-0.02375,-0.00121469
1.4320e-02,-0.0165625,-0.00145219
1.4330e-02,-0.0195312,-0.000974688
1.4340e-02,-0.0198438,-0.00128188
1.4350e-02,-0.0296875,-0.00143469
1.4360e-02,-0.0235938,-0.00136469
1.4370e-02,-0.0207813,-0.00105
1.4380e-02,-0.0115625,-0.00115375
1.4390e-02,-0.00875,-0.00081
1.4400e-02,-0.0260937,-0.00110719
1.4410e-02,-0.0273438,-0.00140938
1.4420e-02,-0.0134375,-0.00102375
1.4430e-02,-0.0171875,-0.00146375
1.4440e-02,-0.0284375,-0.001075
1.4450e-02,-0.0245313,-0.00132125
1.4460e-02,-0.026875,-0.000975313
1.4470e-02,-0.03375,-0.0012375
1.4480e-02,-0.02625,-0.00133844
1.4490e-02,-0.0364063,-0.001005
1.4500e-02,-0.0278125,-0.000814688
1.4510e-02,-0.0176563,-0.0005675
1.4520e-02,-0.03375,-0.00110969
1.4530e-02,-0.0410937,-0.00097875
1.4540e-02,-0.024375,-0.00107063
1.4550e-02,-0.0189062,-0.00119
1.4560e-02,-0.0228125,-0.000882188
1.4570e-02,-0.0214063,-0.000806563
1.4580e-02,-0.0195312,-0.00130438
1.4590e-02,-0.0275,-0.00119281
1.4600e-02,-0.01375,-0.00139031
1.4610e-02,-0.025,-0.00139594
1.4620e-02,-0.0296875,-0.00165125
1.4630e-02,-0.028125,-0.00126656
1.4640e-02,-0.0229687,-0.00100625
1.4650e-02,-0.0145312,-0.00126313
1.4660e-02,-0.035625,-0.00069875
1.4670e-02,-0.0229687,-0.00107969
1.4680e-02,-0.0296875,-0.00116969
1.4690e-02,-0.0260937,-0.00112156
1.4700e-02,-0.031875,-0.00154531
1.4710e-02,-0.0159375,-0.00110313
1.4720e-02,-0.0198438,-0.00122031
1.4730e-02,-0.03875,-0.000650313
1.4740e-02,-0.02875,-0.00121313
1.4750e-02,-0.0257812,-0.00162031
1.4760e-02,-0.0254688,-0.00092625
1.4770e-02,-0.0470312,-0.00133594
1.4780e-02,-0.0301563,-0.00118594
1.4790e-02,-0.0226562,-0.00141781
1.4800e-02,-0.0360938,-0.00172594
1.4810e-02,-0.023125,-0.0012825
1.4820e-02,-0.0364063,-0.00152
1.4830e-02,-0.024375,-0.000910938
1.4840e-02,-0.021875,-0.00112719
1.4850e-02,-0.02125,-0.00128813
1.4860e-02,-0.031875,-0.00142469
1.4870e-02,-0.0303125,-0.000949375
1.4880e-02,-0.0315625,-0.00111375
1.4890e-02,-0.0246875,-0.00121531
1.4900e-02,-0.0309375,-0.00109813
1.4910e-02,-0.0240625,-0.00129156
1.4920e-02,-0.0345312,-0.0009975
1.4930e-02,-0.0265625,-0.000929063
1.4940e-02,-0.035,-0.000835625
1.4950e-02,-0.0175,-0.00156781
1.4960e-02,-0.0273438,-0.00123031
1.4970e-02,-0.0329688,-0.0011825
1.4980e-02,-0.0314062,-0.000877813
1.4990e-02,-0.0376563,-0.00149438
1.5000e-02,-0.0314062,-0.00114969
1.5010e-02,-0.025,-0.00100688
1.5020e-02,-0.0389063,-0.00114844
1.5030e-02,-0.0257812,-0.000956875
1.5040e-02,-0.0246875,-0.000994688
1.5050e-02,-0.02,-0.00115844
1.5060e-02,-0.0192187,-0.00109094
1.5070e-02,-0.02875,-0.000696875
1.5080e-02,-0.0192187,-0.00100188
1.5090e-02,-0.0240625,-0.000811875
1.5100e-02,-0.0303125,-0.000948438
1.5110e-02,-0.0301563,-0.00105875
1.5120e-02,-0.0334375,-0.001425
1.5130e-02,-0.0159375,-0.000903438
1.5140e-02,-0.0378125,-0.00117313
1.5150e-02,-0.0351562,-0.00114531
1.5160e-02,-0.0314062,-0.00145063
1.5170e-02,-0.0189062,-0.00112281
1.5180e-02,-0.0296875,-0.000968438
1.5190e-02,-0.0307813,-0.00110063
1.5200e-02,-0.0232812,-0.00097625
1.5210e-02,-0.0335937,-0.00126688
1.5220e-02,-0.0359375,-0.00100844
1.5230e-02,-0.03625,-0.0009275
1.5240e-02,-0.0285938,-0.00103063
1.5250e-02,-0.0321875,-0.00116719
1.5260e-02,-0.04375,-0.000688438
1.5270e-02,-0.025625,-0.000848125
1.5280e-02,-0.0323438,-0.00117594
1.5290e-02,-0.0214063,-0.000770938
1.5300e-02,-0.0282813,-0.00117531
1.5310e-02,-0.01375,-0.00103406
1.5320e-02,-0.0260937,-0.00129438
1.5330e-02,-0.031875,-0.00120469
1.5340e-02,-0.036875,-0.0011325
1.5350e-02,-0.03125,-0.000817188
1.5360e-02,-0.0246875,-0.00137125
1.5370e-02,-0.028125,-0.00094625
1.5380e-02,-0.0271875,-0.00126156
1.5390e-02,-0.025625,-0.00102281
1.5400e-02,-0.0270312,-0.00079375
1.5410e-02,-0.0307813,-0.00126156
1.5420e-02,-0.0357813,-0.00107031
1.5430e-02,-0.0246875,-0.00120719
1.5440e-02,-0.038125,-0.00166031
1.5450e-02,-0.0276563,-0.000998437
1.5460e-02,-0.0339062,-0.00126344
1.5470e-02,-0.0284375,-0.00110531
1.5480e-02,-0.0273438,-0.00140344
1.5490e-02,-0.0289063,-0.00114563
1.5500e-02,-0.0309375,-0.00093375
1.5510e-02,-0.0220313,-0.00124063
1.5520e-02,-0.034375,-0.00112344
1.5530e-02,-0.029375,-0.000609688
1.5540e-02,-0.0267187,-0.00149375
1.5550e-02,-0.0365625,-0.00142344
1.5560e-02,-0.0151562,-0.000966875
1.5570e-02,-0.0354688,-0.00127094
1.5580e-02,-0.0228125,-0.000859063
1.5590e-02,-0.0310937,-0.00118906
1.5600e-02,-0.026875,-0.00130531
1.5610e-02,-0.0190625,-0.0014525
1.5620e-02,-0.0257812,-0.00138938
1.5630e-02,-0.0357813,-0.00130563
1.5640e-02,-0.02875,-0.000771563
1.5650e-02,-0.0395313,-0.00136281
1.5660e-02,-0.03875,-0.0008075
1.5670e-02,-0.0348437,-0.000858125
1.5680e-02,-0.0409375,-0.00085625
1.5690e-02,-0.0379688,-0.00105094
1.5700e-02,-0.033125,-0.00077
1.5710e-02,-0.0451563,-0.000973438
1.5720e-02,-0.0504687,-0.00109969
1.5730e-02,-0.0179687,-0.00126219
1.5740e-02,-0.0345312,-0.00125563
1.5750e-02,-0.0296875,-0.00158594
1.5760e-02,-0.038125,-0.00129219
1.5770e-02,-0.0328125,-0.00128688
1.5780e-02,-0.0360938,-0.00127344
1.5790e-02,-0.0359375,-0.00152438
1.5800e-02,-0.0295313,-0.00129
1.5810e-02,-0.03,-0.00165469
1.5820e-02,-0.0351562,-0.00116625
1.5830e-02,-0.031875,-0.00133656
1.5840e-02,-0.030625,-0.000869688
1.5850e-02,-0.025625,-0.00126656
1.5860e-02,-0.0279688,-0.00106188
1.5870e-02,-0.025,-0.000794063
1.5880e-02,-0.0279688,-0.00120313
1.5890e-02,-0.0320312,-0.0007625
1.5900e-02,-0.0246875,-0.000972188
1.5910e-02,-0.0390625,-0.000850625
1.5920e-02,-0.0307813,-0.000993438
1.5930e-02,-0.0360938,-0.00164063
1.5940e-02,-0.0257812,-0.00142594
1.5950e-02,-0.0217188,-0.00155344
1.5960e-02,-0.0373438,-0.00110125
1.5970e-02,-0.029375,-0.00117563
1.5980e-02,-0.0264062,-0.00115281
1.5990e-02,-0.0314062,-0.00108813
1.6000e-02,-0.0253125,-0.000809063
1.6010e-02,-0.0307813,-0.000964375
1.6020e-02,-0.034375,-0.00128313
1.6030e-02,-0.039375,-0.000869688
1.6040e-02,-0.0375,-0.00121375
1.6050e-02,-0.0304688,-0.00135688
1.6060e-02,-0.0310937,-0.00103719
1.6070e-02,-0.03125,-0.00122719
1.6080e-02,-0.0479688,-0.00100031
1.6090e-02,-0.0360938,-0.000953438
1.6100e-02,-0.0307813,-0.000861875
1.6110e-02,-0.0385937,-0.00104656
1.6120e-02,-0.0298438,-0.00125563
1.6130e-02,-0.0323438,-0.00140188
1.6140e-02,-0.0384375,-0.00142469
1.6150e-02,-0.0404687,-0.00159188
1.6160e-02,-0.0409375,-0.00150469
1.6170e-02,-0.035625,-0.001355
1.6180e-02,-0.0359375,-0.00101281
1.6190e-02,-0.04875,-0.00145375
1.6200e-02,-0.0439063,-0.000949688
1.6210e-02,-0.0314062,-0.00152031
1.6220e-02,-0.0446875,-0.00112219
1.6230e-02,-0.0396875,-0.00125031
1.6240e-02,-0.034375,-0.00100406
1.6250e-02,-0.0279688,-0.00153719
1.6260e-02,-0.0245313,-0.00141781
1.6270e-02,-0.0429688,-0.00125656
1.6280e-02,-0.0225,-0.000830313
1.6290e-02,-0.029375,-0.00116719
1.6300e-02,-0.0389063,-0.00107844
1.6310e-02,-0.0417187,-0.000958438
1.6320e-02,-0.0409375,-0.00149281
1.6330e-02,-0.0390625,-0.000805
1.6340e-02,-0.03375,-0.00174625
1.6350e-02,-0.0275,-0.00129844
1.6360e-02,-0.0310937,-0.000595
1.6370e-02,-0.0275,-0.0008425
1.6380e-02,-0.0307813,-0.00124531
1.6390e-02,-0.0367188,-0.00179281
1.6400e-02,-0.03,-0.00096125
1.6410e-02,-0.02625,-0.000676563
1.6420e-02,-0.0378125,-0.00104188
1.6430e-02,-0.03125,-0.00152563
1.6440e-02,-0.0392187,-0.0015625
1.6450e-02,-0.0420312,-0.00112094
1.6460e-02,-0.0357813,-0.00124719
1.6470e-02,-0.0446875,-0.00100313
1.6480e-02,-0.0339062,-0.000758125
1.6490e-02,-0.033125,-0.00135406
1.6500e-02,-0.0254688,-0.001415
1.6510e-02,-0.0467188,-0.001575
1.6520e-02,-0.0348437,-0.00141125
1.6530e-02,-0.0376563,-0.00125313
1.6540e-02,-0.0376563,-0.000955625
1.6550e-02,-0.0395313,-0.000691875
1.6560e-02,-0.0204688,-0.00111156
1.6570e-02,-0.0392187,-0.00130188
1.6580e-02,-0.0323438,-0.0007975
1.6590e-02,-0.0317188,-0.00127781
1.6600e-02,-0.0265625,-0.00102125
1.6610e-02,-0.0398437,-0.00107063
1.6620e-02,-0.0409375,-0.0010075
1.6630e-02,-0.0314062,-0.00129781
1.6640e-02,-0.0401563,-0.000971563
1.6650e-02,-0.0448438,-0.00100688
1.6660e-02,-0.0170313,-0.000756875
1.6670e-02,-0.03625,-0.00110281
1.6680e-02,-0.0253125,-0.00117969
1.6690e-02,-0.0270312,-0.00113313
1.6700e-02,-0.0317188,-0.00130781
1.6710e-02,-0.0396875,-0.00129625
1.6720e-02,-0.0371875,-0.0012125
1.6730e-02,-0.0304688,-0.000824063
1.6740e-02,-0.0271875,-0.00118594
1.6750e-02,-0.0371875,-0.00108438
1.6760e-02,-0.036875,-0.00185188
1.6770e-02,-0.0342187,-0.00116438
1.6780e-02,-0.0370313,-0.00114969
1.6790e-02,-0.0495312,-0.00119594
1.6800e-02,-0.0404687,-0.00106531
1.6810e-02,-0.0285938,-0.00153188
1.6820e-02,-0.0245313,-0.000823438
1.6830e-02,-0.04875,-0.00128563
1.6840e-02,-0.0346875,-0.00130813
1.6850e-02,-0.0340625,-0.00126156
1.6860e-02,-0.0296875,-0.00096125
1.6870e-02,-0.0348437,-0.000645313
1.6880e-02,-0.03125,-0.000890938
1.6890e-02,-0.0373438,-0.00142219
1.6900e-02,-0.0409375,-0.00102969
1.6910e-02,-0.0453125,-0.001425
1.6920e-02,-0.0385937,-0.00125969
1.6930e-02,-0.0320312,-0.00138188
1.6940e-02,-0.0365625,-0.0010475
1.6950e-02,-0.0264062,-0.00139906
1.6960e-02,-0.0201563,-0.00133
1.6970e-02,-0.0373438,-0.00107563
1.6980e-02,-0.0275,-0.000846875
1.6990e-02,-0.0320312,-0.00123406
1.7000e-02,-0.0359375,-0.00120656
1.7010e-02,-0.0325,-0.000915938
1.7020e-02,-0.0434375,-0.000951563
1.7030e-02,-0.0367188,-0.00116469
1.7040e-02,-0.0321875,-0.00167
1.7050e-02,-0.0379688,-0.00136781
1.7060e-02,-0.031875,-0.00154438
1.7070e-02,-0.026875,-0.00135719
1.7080e-02,-0.0304688,-0.00141938
1.7090e-02,-0.0351562,-0.00137906
1.7100e-02,-0.0317188,-0.000952813
1.7110e-02,-0.0403125,-0.00105969
1.7120e-02,-0.0429688,-0.00140781
1.7130e-02,-0.0501562,-0.000780938
1.7140e-02,-0.0360938,-0.00118063
1.7150e-02,-0.0303125,-0.00093875
1.7160e-02,-0.0448438,-0.000883438
1.7170e-02,-0.0382813,-0.000634688
1.7180e-02,-0.0217188,-0.00114375
1.7190e-02,-0.03375,-0.00146563
1.7200e-02,-0.0410937,-0.00152688
1.7210e-02,-0.0407813,-0.00145313
1.7220e-02,-0.0301563,-0.00129469
1.7230e-02,-0.0395313,-0.00132781
1.7240e-02,-0.031875,-0.00103969
1.7250e-02,-0.0365625,-0.00112312
1.7260e-02,-0.0346875,-0.00120313
1.7270e-02,-0.0326562,-0.00112688
1.7280e-02,-0.0348437,-0.00110844
1.7290e-02,-0.033125,-0.000878125
1.7300e-02,-0.035625,-0.00113625
1.7310e-02,-0.0320312,-0.000849063
1.7320e-02,-0.0335937,-0.000925938
1.7330e-02,-0.0282813,-0.00124594
1.7340e-02,-0.0334375,-0.00121125
1.7350e-02,-0.0375,-0.00144781
1.7360e-02,-0.0434375,-0.000810313
1.7370e-02,-0.0375,-0.000605313
1.7380e-02,-0.0382813,-0.000947813
1.7390e-02,-0.0373438,-0.000868125
1.7400e-02,-0.0315625,-0.00125406
1.7410e-02,-0.0460938,-0.000925313
1.7420e-02,-0.030625,-0.000888438
1.7430e-02,-0.0429688,-0.00123031
1.7440e-02,-0.0360938,-0.00139594
1.7450e-02,-0.035625,-0.00133781
1.7460e-02,-0.0367188,-0.001365
1.7470e-02,-0.0282813,-0.00140406
1.7480e-02,-0.0373438,-0.000837813
1.7490e-02,-0.0335937,-0.0013075
1.7500e-02,-0.03875,-0.0009425
1.7510e-02,-0.0498438,-0.00137438
1.7520e-02,-0.0351562,-0.00117875
1.7530e-02,-0.0323438,-0.000944688
1.7540e-02,-0.048125,-0.00124469
1.7550e-02,-0.0290625,-0.00111031
1.7560e-02,-0.0373438,-0.000890938
1.7570e-02,-0.0282813,-0.00140094
1.7580e-02,-0.0345312,-0.00156625
1.7590e-02,-0.0392187,-0.00111688
1.7600e-02,-0.030625,-0.00114375
1.7610e-02,-0.0439063,-0.00121063
1.7620e-02,-0.036875,-0.00153438
1.7630e-02,-0.0389063,-0.00113594
1.7640e-02,-0.041875,-0.00140156
1.7650e-02,-0.0457813,-0.00109313
1.7660e-02,-0.0384375,-0.00140594
1.7670e-02,-0.0415625,-0.00101938
1.7680e-02,-0.034375,-0.000949688
1.7690e-02,-0.02625,-0.00115531
1.7700e-02,-0.0457813,-0.000987812
1.7710e-02,-0.0379688,-0.00113375
1.7720e-02,-0.0521875,-0.00106375
1.7730e-02,-0.0396875,-0.00080125
1.7740e-02,-0.0504687,-0.00106625
1.7750e-02,-0.0292188,-0.000846875
1.7760e-02,-0.0464062,-0.000845938
1.7770e-02,-0.038125,-0.0010425
1.7780e-02,-0.036875,-0.0013225
1.7790e-02,-0.0445313,-0.00119875
1.7800e-02,-0.0448438,-0.000905
1.7810e-02,-0.04125,-0.0012075
1.7820e-02,-0.0440625,-0.00127063
1.7830e-02,-0.0376563,-0.00104938
1.7840e-02,-0.0376563,-0.00143969
1.7850e-02,-0.031875,-0.00126
1.7860e-02,-0.0335937,-0.00132563
1.7870e-02,-0.0339062,-0.00105719
1.7880e-02,-0.0520313,-0.00130813
1.7890e-02,-0.04625,-0.00117344
1.7900e-02,-0.0292188,-0.0012125
1.7910e-02,-0.0423437,-0.0008125
1.7920e-02,-0.0448438,-0.00110094
1.7930e-02,-0.0301563,-0.00126719
1.7940e-02,-0.0479688,-0.00125875
1.7950e-02,-0.03875,-0.00140406
1.7960e-02,-0.0278125,-0.001465
1.7970e-02,-0.025625,-0.00116906
1.7980e-02,-0.0457813,-0.000975
1.7990e-02,-0.0359375,-0.00134813
1.8000e-02,-0.0301563,-0.00113281
1.8010e-02,-0.0479688,-0.00100156
1.8020e-02,-0.0473438,-0.00081875
1.8030e-02,-0.0451563,-0.00119875
1.8040e-02,-0.0398437,-0.00153688
1.8050e-02,-0.04,-0.00114281
1.8060e-02,-0.0384375,-0.00093
1.8070e-02,-0.0435938,-0.00102781
1.8080e-02,-0.0475,-0.00100375
1.8090e-02,-0.0382813,-0.00117719
1.8100e-02,-0.0423437,-0.001705
1.8110e-02,-0.0515625,-0.00121531
1.8120e-02,-0.03625,-0.00163438
1.8130e-02,-0.0376563,-0.00137781
1.8140e-02,-0.0490625,-0.001375
1.8150e-02,-0.0378125,-0.00126469
1.8160e-02,-0.0354688,-0.00131656
1.8170e-02,-0.0378125,-0.00117031
1.8180e-02,-0.0351562,-0.00134188
1.8190e-02,-0.0385937,-0.00110844
1.8200e-02,-0.029375,-0.00117844
1.8210e-02,-0.0420312,-0.00171844
1.8220e-02,-0.0376563,-0.000730313
1.8230e-02,-0.0446875,-0.00102187
1.8240e-02,-0.0451563,-0.00111781
1.8250e-02,-0.039375,-0.000700625
1.8260e-02,-0.0376563,-0.00134594
1.8270e-02,-0.0475,-0.00093125
1.8280e-02,-0.0354688,-0.000459375
1.8290e-02,-0.0370313,-0.00104844
1.8300e-02,-0.050625,-0.00111688
1.8310e-02,-0.0395313,-0.00105813
1.8320e-02,-0.0442188,-0.000894063
1.8330e-02,-0.0375,-0.00105344
1.8340e-02,-0.0296875,-0.00111656
1.8350e-02,-0.0353125,-0.00126906
1.8360e-02,-0.0471875,-0.00121656
1.8370e-02,-0.0289063,-0.00151313
1.8380e-02,-0.0317188,-0.000922813
1.8390e-02,-0.0410937,-0.00109875
1.8400e-02,-0.043125,-0.00116813
1.8410e-02,-0.0432813,-0.000994688
1.8420e-02,-0.0321875,-0.000530625
1.8430e-02,-0.043125,-0.00110594
1.8440e-02,-0.0490625,-0.00109219
1.8450e-02,-0.0276563,-0.00136938
1.8460e-02,-0.0365625,-0.00113063
1.8470e-02,-0.03625,-0.00132281
1.8480e-02,-0.0498438,-0.00132688
1.8490e-02,-0.0354688,-0.00134344
1.8500e-02,-0.0559375,-0.00129563
1.8510e-02,-0.04375,-0.00099625
1.8520e-02,-0.0364063,-0.00121719
1.8530e-02,-0.0409375,-0.00115406
1.8540e-02,-0.0226562,-0.000560625
1.8550e-02,-0.0492188,-0.001325
1.8560e-02,-0.0360938,-0.00117313
1.8570e-02,-0.04125,-0.00116438
1.8580e-02,-0.0329688,-0.00115438
1.8590e-02,-0.0364063,-0.00106406
1.8600e-02,-0.045625,-0.00122906
1.8610e-02,-0.0465625,-0.000937813
1.8620e-02,-0.04375,-0.00148313
1.8630e-02,-0.0351562,-0.00141781
1.8640e-02,-0.040625,-0.00103938
1.8650e-02,-0.0429688,-0.00139531
1.8660e-02,-0.05,-0.00127
1.8670e-02,-0.0420312,-0.001375
1.8680e-02,-0.0417187,-0.00145781
1.8690e-02,-0.0390625,-0.0012475
1.8700e-02,-0.0342187,-0.00132031
1.8710e-02,-0.0476562,-0.00143625
1.8720e-02,-0.0367188,-0.00130469
1.8730e-02,-0.035,-0.00102531
1.8740e-02,-0.0170313,-0.00136156
1.8750e-02,-0.03875,-0.00158063
1.8760e-02,-0.035625,-0.00163781
1.8770e-02,-0.0425,-0.00135
1.8780e-02,-0.0448438,-0.00142281
1.8790e-02,-0.04125,-0.00114031
1.8800e-02,-0.0332812,-0.00134063
1.8810e-02,-0.034375,-0.00142125
1.8820e-02,-0.0296875,-0.00111875
1.8830e-02,-0.0470312,-0.00102344
1.8840e-02,-0.035625,-0.0009225
1.8850e-02,-0.035,-0.00106563
1.8860e-02,-0.0378125,-0.00100313
1.8870e-02,-0.0348437,-0.000740625
1.8880e-02,-0.0365625,-0.00119156
1.8890e-02,-0.0329688,-0.00101375
1.8900e-02,-0.0395313,-0.0013525
1.8910e-02,-0.030625,-0.00139875
1.8920e-02,-0.045,-0.000895625
1.8930e-02,-0.045,-0.00145844
1.8940e-02,-0.0471875,-0.00116188
1.8950e-02,-0.045,-0.00086375
1.8960e-02,-0.04375,-0.000977813
1.8970e-02,-0.0417187,-0.00103656
1.8980e-02,-0.0340625,-0.001365
1.8990e-02,-0.0395313,-0.00141438
1.9000e-02,-0.0332812,-0.000780625
1.9010e-02,-0.0401563,-0.000563125
1.9020e-02,-0.045,-0.000815625
1.9030e-02,-0.0478125,-0.00103938
1.9040e-02,-0.03625,-0.000967188
1.9050e-02,-0.0326562,-0.00118531
1.9060e-02,-0.0470312,-0.000988125
1.9070e-02,-0.0421875,-0.00118625
1.9080e-02,-0.04,-0.00088375
1.9090e-02,-0.034375,-0.000948125
1.9100e-02,-0.0332812,-0.00133094
1.9110e-02,-0.0417187,-0.00122281
1.9120e-02,-0.0257812,-0.00118156
1.9130e-02,-0.0415625,-0.000835
1.9140e-02,-0.0440625,-0.00111625
1.9150e-02,-0.0448438,-0.00102563
1.9160e-02,-0.04375,-0.00157781
1.9170e-02,-0.0478125,-0.00122937
1.9180e-02,-0.0420312,-0.000938125
1.9190e-02,-0.0360938,-0.00110969
1.9200e-02,-0.0442188,-0.00123781
1.9210e-02,-0.0370313,-0.00102688
1.9220e-02,-0.0329688,-0.00112375
1.9230e-02,-0.04,-0.00161406
1.9240e-02,-0.0440625,-0.00138156
1.9250e-02,-0.0373438,-0.000798125
1.9260e-02,-0.0404687,-0.00086625
1.9270e-02,-0.0385937,-0.00131625
1.9280e-02,-0.045,-0.00112469
1.9290e-02,-0.0329688,-0.00136125
1.9300e-02,-0.05125,-0.00126969
1.9310e-02,-0.035,-0.00065875
1.9320e-02,-0.030625,-0.0008825
1.9330e-02,-0.0379688,-0.00083
1.9340e-02,-0.0326562,-0.000853438
1.9350e-02,-0.0354688,-0.000800625
1.9360e-02,-0.039375,-0.00139531
1.9370e-02,-0.04375,-0.00134531
1.9380e-02,-0.044375,-0.00113344
1.9390e-02,-0.034375,-0.00118188
1.9400e-02,-0.0376563,-0.00097125
1.9410e-02,-0.0545313,-0.00111188
1.9420e-02,-0.0375,-0.000950938
1.9430e-02,-0.0485938,-0.00091625
1.9440e-02,-0.0314062,-0.000938125
1.9450e-02,-0.0454688,-0.00108563
1.9460e-02,-0.0401563,-0.00103594
1.9470e-02,-0.0354688,-0.00131781
1.9480e-02,-0.0490625,-0.00085
1.9490e-02,-0.0395313,-0.00103406
1.9500e-02,-0.0478125,-0.00118063
1.9510e-02,-0.041875,-0.00106656
1.9520e-02,-0.0426562,-0.00111156
1.9530e-02,-0.038125,-0.00108469
1.9540e-02,-0.0365625,-0.000907188
1.9550e-02,-0.0434375,-0.00135219
1.9560e-02,-0.0365625,-0.00127469
1.9570e-02,-0.0378125,-0.00138313
1.9580e-02,-0.05875,-0.00116875
1.9590e-02,-0.0389063,-0.000645938
1.9600e-02,-0.0353125,-0.000930313
1.9610e-02,-0.0426562,-0.00119313
1.9620e-02,-0.0284375,-0.00112
1.9630e-02,-0.0478125,-0.00146531
1.9640e-02,-0.0510938,-0.00112375
1.9650e-02,-0.0420312,-0.00111875
1.9660e-02,-0.0409375,-0.001495
1.9670e-02,-0.0301563,-0.00105719
1.9680e-02,-0.0539063,-0.00100469
1.9690e-02,-0.0489062,-0.00108813
1.9700e-02,-0.0395313,-0.000927188
1.9710e-02,-0.035625,-0.00104125
1.9720e-02,-0.0539063,-0.00111125
1.9730e-02,-0.0410937,-0.00145938
1.9740e-02,-0.0390625,-0.000903125
1.9750e-02,-0.0334375,-0.00111719
1.9760e-02,-0.0448438,-0.00131125
1.9770e-02,-0.0423437,-0.00092125
1.9780e-02,-0.0375,-0.000801875
1.9790e-02,-0.0298438,-0.000981563
1.9800e-02,-0.036875,-0.00110187
1.9810e-02,-0.0526563,-0.00134438
1.9820e-02,-0.035625,-0.000898125
1.9830e-02,-0.0460938,-0.000763125
1.9840e-02,-0.0482812,-0.000769063
1.9850e-02,-0.0535937,-0.000565313
1.9860e-02,-0.0348437,-0.00120812
1.9870e-02,-0.03625,-0.00074125
1.9880e-02,-0.0321875,-0.00119406
1.9890e-02,-0.0434375,-0.00110875
1.9900e-02,-0.0426562,-0.00119469
1.9910e-02,-0.0476562,-0.00101
1.9920e-02,-0.040625,-0.00143094
1.9930e-02,-0.0292188,-0.00160563
1.9940e-02,-0.0335937,-0.0014125
1.9950e-02,-0.0328125,-0.0012325
1.9960e-02,-0.0465625,-0.00100844
1.9970e-02,-0.0335937,-0.00149406
1.9980e-02,-0.0451563,-0.00110281
1.9990e-02,-0.0453125,-0.00144188
2.0000e-02,-0.0326562,-0.0006975
2.0010e-02,-0.0445313,-0.00113469
2.0020e-02,-0.0435938,-0.000974375
2.0030e-02,-0.0415625,-0.000759375
2.0040e-02,-0.0492188,-0.00104
2.0050e-02,-0.0417187,-0.0012075
2.0060e-02,-0.0398437,-0.00139688
2.0070e-02,-0.05125,-0.00102906
2.0080e-02,-0.0353125,-0.00132094
2.0090e-02,-0.0464062,-0.00115563
2.0100e-02,-0.05,-0.00124938
2.0110e-02,-0.0351562,-0.00138906
2.0120e-02,-0.0415625,-0.0016175
2.0130e-02,-0.034375,-0.000951875
2.0140e-02,-0.0446875,-0.00124531
2.0150e-02,-0.0470312,-0.000891563
2.0160e-02,-0.0489062,-0.00088875
2.0170e-02,-0.0421875,-0.0012975
2.0180e-02,-0.0501562,-0.00114875
2.0190e-02,-0.0326562,-0.00114
2.0200e-02,-0.0435938,-0.00132438
2.0210e-02,-0.0434375,-0.00084
2.0220e-02,-0.045625,-0.00127469
2.0230e-02,-0.0440625,-0.00101563
2.0240e-02,-0.0482812,-0.00088625
2.0250e-02,-0.0348437,-0.00101375
2.0260e-02,-0.0403125,-0.0007775
2.0270e-02,-0.0375,-0.00122219
2.0280e-02,-0.0553125,-0.000895625
2.0290e-02,-0.0340625,-0.00116781
2.0300e-02,-0.0475,-0.00140063
2.0310e-02,-0.0414063,-0.00112125
2.0320e-02,-0.0485938,-0.00126594
2.0330e-02,-0.036875,-0.00079125
2.0340e-02,-0.0373438,-0.000763125
2.0350e-02,-0.0373438,-0.00119469
2.0360e-02,-0.0395313,-0.00125844
2.0370e-02,-0.0379688,-0.000479063
2.0380e-02,-0.0409375,-0.00132844
2.0390e-02,-0.0364063,-0.00129563
2.0400e-02,-0.051875,-0.000835
2.0410e-02,-0.0440625,-0.00112125
2.0420e-02,-0.04125,-0.00115656
2.0430e-02,-0.04375,-0.001305
2.0440e-02,-0.0273438,-0.00105844
2.0450e-02,-0.0410937,-0.00103875
2.0460e-02,-0.049375,-0.00120844
2.0470e-02,-0.0507812,-0.00118594
2.0480e-02,-1.09344,-0.00119156
2.0490e-02,-1.42984,-0.00494969
2.0500e-02,-0.653281,-0.00727063
2.0510e-02,0.0242188,-0.00794031
2.0520e-02,-0.83625,-0.00800719
2.0530e-02,0.114531,-0.00773688
2.0540e-02,0.111406,-0.0076425
2.0550e-02,0.106094,-0.00767375
2.0560e-02,0.084375,-0.007715
2.0570e-02,0.0690625,-0.00772281
2.0580e-02,0.0520313,-0.00770219
2.0590e-02,0.059375,-0.00774656
2.0600e-02,0.0707813,-0.00766281
2.0610e-02,0.0471875,-0.00767281
2.0620e-02,0.0432812,-0.00776281
2.0630e-02,0.0534375,-0.00761188
2.0640e-02,0.0348438,-0.00763094
2.0650e-02,0.0240625,-0.00765281
2.0660e-02,0.040625,-0.00761469
2.0670e-02,0.0292187,-0.00751938
2.0680e-02,0.020625,-0.00758125
2.0690e-02,0.0298437,-0.00765344
2.0700e-02,0.025,-0.00745375
2.0710e-02,0.0278125,-0.00752375
2.0720e-02,0.02875,-0.0074275
2.0730e-02,0.01625,-0.00747625
2.0740e-02,0.0296875,-0.00438
2.0750e-02,0.00546875,-0.00236281
2.0760e-02,0.0123437,-0.00164625
2.0770e-02,0.0178125,-0.00179094
2.0780e-02,0.0135937,-0.002205
2.0790e-02,0.0084375,-0.00193344
2.0800e-02,0.0140625,-0.00159688
2.0810e-02,0.0135937,-0.00102438
2.0820e-02,-0.00296875,-0.00124688
2.0830e-02,0.00671875,-0.00136688
2.0840e-02,-0.00015625,-0.0018225
2.0850e-02,0.0115625,-0.001425
2.0860e-02,0.0210937,-0.000964375
2.0870e-02,0.00453125,-0.00097
2.0880e-02,0.00953125,-0.0005275
2.0890e-02,0.0178125,-0.00146281
2.0900e-02,0.0190625,-0.0014025
2.0910e-02,0.00203125,-0.00158938
2.0920e-02,0.00421875,-0.00158813
2.0930e-02,0.00296875,-0.00177875
2.0940e-02,-0.000625,-0.001505
2.0950e-02,0.0028125,-0.000886875
2.0960e-02,0.008125,-0.000939375
2.0970e-02,-0.00265625,-0.00114125
2.0980e-02,-0.00265625,-0.00061375
2.0990e-02,-0.00140625,-0.00102969
2.1000e-02,0.008125,-0.000686563
2.1010e-02,0.0059375,-0.00082
2.1020e-02,-0.00328125,-0.00122813
2.1030e-02,0.00296875,-0.00142219
2.1040e-02,-0.0009375,-0.00142563
2.1050e-02,0.005625,-0.00137594
2.1060e-02,-0.0046875,-0.00101438
2.1070e-02,-0.0110937,-0.00101781
2.1080e-02,0.004375,-0.00110375
2.1090e-02,-0.011875,-0.00091375
2.1100e-02,-0.015,-0.00128969
2.1110e-02,-0.0071875,-0.00078125
2.1120e-02,-0.00171875,-0.00147344
2.1130e-02,-0.0071875,-0.00102375
2.1140e-02,-0.0104688,-0.00147281
2.1150e-02,-0.0040625,-0.00120969
2.1160e-02,0.00171875,-0.000885313
2.1170e-02,-0.0003125,-0.001245
2.1180e-02,-0.010625,-0.00120656
2.1190e-02,-0.011875,-0.00100469
2.1200e-02,0.001875,-0.00132406
2.1210e-02,-0.0078125,-0.000975625
2.1220e-02,-0.0185937,-0.00107375
2.1230e-02,-0.0146875,-0.00100062
2.1240e-02,0.00109375,-0.000843125
2.1250e-02,0.001875,-0.00134063
2.1260e-02,-0.0121875,-0.00142969
2.1270e-02,-0.00703125,-0.00116438
2.1280e-02,0.00046875,-0.00109125
2.1290e-02,-0.00765625,-0.000996875
2.1300e-02,-0.00125,-0.00130469
2.1310e-02,-0.00890625,-0.00143406
2.1320e-02,-0.00640625,-0.00123375
2.1330e-02,-0.0179687,-0.00141313
2.1340e-02,-0.0196875,-0.00142719
2.1350e-02,-0.0025,-0.00118531
2.1360e-02,-0.0103125,-0.0011875
2.1370e-02,-0.00796875,-0.00139563
2.1380e-02,-0.00984375,-0.00130938
2.1390e-02,-0.0140625,-0.00148625
2.1400e-02,-0.018125,-0.00144656
2.1410e-02,-0.00640625,-0.000992188
2.1420e-02,-0.00765625,-0.000894375
2.1430e-02,0.000625,-0.00113469
2.1440e-02,-0.0120313,-0.00124688
2.1450e-02,-0.016875,-0.00115219
2.1460e-02,-0.0189062,-0.00131031
2.1470e-02,-0.02375,-0.00136156
2.1480e-02,-0.00609375,-0.00152375
2.1490e-02,-0.0185937,-0.00115375
2.1500e-02,-0.0129688,-0.00156531
2.1510e-02,-0.0192187,-0.00129188
2.1520e-02,-0.0153125,-0.00114906
2.1530e-02,-0.0103125,-0.00114844
2.1540e-02,-0.0120313,-0.000829688
2.1550e-02,-0.0182812,-0.00103938
2.1560e-02,-0.0126563,-0.000891563
2.1570e-02,-0.0126563,-0.00055625
2.1580e-02,-0.0090625,-0.00120219
2.1590e-02,-0.00890625,-0.00138438
2.1600e-02,-0.0257812,-0.0010675
2.1610e-02,-0.0140625,-0.00101594
2.1620e-02,-0.01875,-0.00134313
2.1630e-02,-0.0204688,-0.00143094
2.1640e-02,-0.0134375,-0.00143938
2.1650e-02,-0.0220313,-0.00150375
2.1660e-02,-0.01375,-0.00118031
2.1670e-02,-0.0153125,-0.00142938
2.1680e-02,-0.015,-0.00135344
2.1690e-02,-0.0167188,-0.00132063
2.1700e-02,-0.0120313,-0.00109656
2.1710e-02,-0.01625,-0.00115906
2.1720e-02,-0.00390625,-0.0012875
2.1730e-02,-0.0165625,-0.00125375
2.1740e-02,-0.0142188,-0.00133406
2.1750e-02,-0.016875,-0.00137594
2.1760e-02,-0.0182812,-0.0012125
2.1770e-02,-0.0209375,-0.000961875
2.1780e-02,-0.0214063,-0.000709688
2.1790e-02,-0.0203125,-0.00104375
2.1800e-02,-0.00671875,-0.00142281
2.1810e-02,-0.0196875,-0.00124156
2.1820e-02,-0.0228125,-0.00133844
2.1830e-02,-0.02125,-0.00171063
2.1840e-02,-0.0176563,-0.00143969
2.1850e-02,-0.0214063,-0.00121563
2.1860e-02,-0.0139063,-0.00145938
2.1870e-02,-0.0142188,-0.00129813
2.1880e-02,-0.01875,-0.0011
2.1890e-02,-0.0257812,-0.00138656
2.1900e-02,-0.0167188,-0.00101156
2.1910e-02,-0.0309375,-0.00102187
2.1920e-02,-0.0170313,-0.00141656
2.1930e-02,-0.020625,-0.00121188
2.1940e-02,-0.0275,-0.001085
2.1950e-02,-0.019375,-0.00114563
2.1960e-02,-0.0140625,-0.00165344
2.1970e-02,-0.0185937,-0.00154375
2.1980e-02,-0.0159375,-0.00118844
2.1990e-02,-0.0160938,-0.000969688
2.2000e-02,-0.02125,-0.00100219
2.2010e-02,-0.0173438,-0.00090875
2.2020e-02,-0.02375,-0.00131969
2.2030e-02,-0.0175,-0.00130344
2.2040e-02,-0.015625,-0.00118
2.2050e-02,-0.0173438,-0.00145031
2.2060e-02,-0.0146875,-0.00106875
2.2070e-02,-0.0285938,-0.0012475
2.2080e-02,-0.0264062,-0.00165031
2.2090e-02,-0.0192187,-0.00125031
2.2100e-02,-0.03,-0.00106031
2.2110e-02,-0.0195312,-0.00141063
2.2120e-02,-0.015,-0.00127063
2.2130e-02,-0.0146875,-0.000967188
2.2140e-02,-0.0159375,-0.00139906
2.2150e-02,-0.0278125,-0.001095
2.2160e-02,-0.0153125,-0.000923438
2.2170e-02,-0.024375,-0.000560625
2.2180e-02,-0.0239063,-0.00136125
2.2190e-02,-0.0178125,-0.000863125
2.2200e-02,-0.0142188,-0.000999688
2.2210e-02,-0.0148437,-0.00106625
2.2220e-02,-0.0148437,-0.00086875
2.2230e-02,-0.0223437,-0.000868125
2.2240e-02,-0.0251563,-0.00126844
2.2250e-02,-0.0353125,-0.00147219
2.2260e-02,-0.033125,-0.00134406
2.2270e-02,-0.0075,-0.000976562
2.2280e-02,-0.0198438,-0.00132875
2.2290e-02,-0.0204688,-0.00142063
2.2300e-02,-0.024375,-0.000862813
2.2310e-02,-0.0276563,-0.000906563
2.2320e-02,-0.0257812,-0.000881875
2.2330e-02,-0.0114062,-0.00177313
2.2340e-02,-0.01125,-0.00126469
2.2350e-02,-0.0142188,-0.00119438
2.2360e-02,-0.02375,-0.00131188
2.2370e-02,-0.0267187,-0.00148281
2.2380e-02,-0.014375,-0.00122406
2.2390e-02,-0.0053125,-0.00137094
2.2400e-02,-0.02125,-0.000900625
2.2410e-02,-0.0221875,-0.000939375
2.2420e-02,-0.0117188,-0.00104031
2.2430e-02,-0.0217188,-0.00130625
2.2440e-02,-0.0348437,-0.000978125
2.2450e-02,-0.0348437,-0.00104281
2.2460e-02,-0.0109375,-0.00107188
2.2470e-02,-0.0148437,-0.000901875
2.2480e-02,-0.0260937,-0.00110875
2.2490e-02,-0.0157813,-0.00114531
2.2500e-02,-0.0434375,-0.00133125
2.2510e-02,-0.0189062,-0.00137563
2.2520e-02,-0.024375,-0.000887813
2.2530e-02,-0.04,-0.000890313
2.2540e-02,-0.0315625,-0.000802813
2.2550e-02,-0.0326562,-0.00086625
2.2560e-02,-0.0248438,-0.00115375
2.2570e-02,-0.01375,-0.00123313
2.2580e-02,-0.0239063,-0.00121469
2.2590e-02,-0.0128125,-0.00110375
2.2600e-02,-0.0117188,-0.000993438
2.2610e-02,-0.0301563,-0.00143063
2.2620e-02,-0.0342187,-0.00109688
2.2630e-02,-0.0210938,-0.00141531
2.2640e-02,-0.0242188,-0.0010875
2.2650e-02,-0.0139063,-0.000911563
2.2660e-02,-0.019375,-0.00149594
2.2670e-02,-0.0170313,-0.00105875
2.2680e-02,-0.02625,-0.00126813
2.2690e-02,-0.0225,-0.000856563
2.2700e-02,-0.0239063,-0.00127469
2.2710e-02,-0.0234375,-0.00111875
2.2720e-02,-0.0253125,-0.00101
2.2730e-02,-0.0270312,-0.000541563
2.2740e-02,-0.03875,-0.000944375
2.2750e-02,-0.025,-0.000813125
2.2760e-02,-0.0223437,-0.000784063
2.2770e-02,-0.0276563,-0.000780938
2.2780e-02,-0.0328125,-0.0012525
2.2790e-02,-0.0259375,-0.0013925
2.2800e-02,-0.0348437,-0.000892188
2.2810e-02,-0.020625,-0.00145844
2.2820e-02,-0.0235938,-0.00118938
2.2830e-02,-0.03125,-0.00108875
2.2840e-02,-0.0210938,-0.00113188
2.2850e-02,-0.0273438,-0.0012525
2.2860e-02,-0.025,-0.00141406
2.2870e-02,-0.0357813,-0.000936875
2.2880e-02,-0.0325,-0.00135063
2.2890e-02,-0.0270312,-0.00113781
2.2900e-02,-0.0404687,-0.00101844
2.2910e-02,-0.0246875,-0.001325
2.2920e-02,-0.0270312,-0.00087
2.2930e-02,-0.0273438,-0.00112094
2.2940e-02,-0.0190625,-0.000799688
2.2950e-02,-0.0192187,-0.00159188
2.2960e-02,-0.0257812,-0.00120344
2.2970e-02,-0.028125,-0.00140125
2.2980e-02,-0.01375,-0.00150094
2.2990e-02,-0.0257812,-0.00126781
2.3000e-02,-0.0254688,-0.00143656
2.3010e-02,-0.025,-0.00148156
2.3020e-02,-0.0135937,-0.00115563
2.3030e-02,-0.03,-0.00124125
2.3040e-02,-0.02875,-0.00141813
2.3050e-02,-0.029375,-0.000938438
2.3060e-02,-0.0264062,-0.00102094
2.3070e-02,-0.0346875,-0.0009075
2.3080e-02,-0.01875,-0.000877813
2.3090e-02,-0.0145312,-0.00103688
2.3100e-02,-0.0271875,-0.00119531
2.3110e-02,-0.0153125,-0.0009975
2.3120e-02,-0.0260937,-0.000955313
2.3130e-02,-0.03125,-0.00114031
2.3140e-02,-0.0279688,-0.00123563
2.3150e-02,-0.0365625,-0.00132188
2.3160e-02,-0.0315625,-0.00102063
2.3170e-02,-0.02875,-0.00128656
2.3180e-02,-0.025,-0.00113844
2.3190e-02,-0.019375,-0.00127531
2.3200e-02,-0.0267187,-0.00100344
2.3210e-02,-0.0259375,-0.00107156
2.3220e-02,-0.019375,-0.0014925
2.3230e-02,-0.03375,-0.00112156
2.3240e-02,-0.0178125,-0.00185594
2.3250e-02,-0.0223437,-0.00114313
2.3260e-02,-0.0196875,-0.00101156
2.3270e-02,-0.0378125,-0.000833125
2.3280e-02,-0.0345312,-0.00078375
2.3290e-02,-0.0323438,-0.000671875
2.3300e-02,-0.0278125,-0.00125188
2.3310e-02,-0.0265625,-0.00097125
2.3320e-02,-0.0315625,-0.00095375
2.3330e-02,-0.0426562,-0.00115219
2.3340e-02,-0.0442188,-0.00119469
2.3350e-02,-0.0315625,-0.00136656
2.3360e-02,-0.0273438,-0.00114656
2.3370e-02,-0.031875,-0.000762188
2.3380e-02,-0.034375,-0.000822813
2.3390e-02,-0.0320312,-0.00123031
2.3400e-02,-0.0335937,-0.00109313
2.3410e-02,-0.0276563,-0.00147906
2.3420e-02,-0.0407813,-0.00130813
2.3430e-02,-0.033125,-0.00132281
2.3440e-02,-0.0359375,-0.00154625
2.3450e-02,-0.0303125,-0.00132281
2.3460e-02,-0.0317188,-0.001035
2.3470e-02,-0.020625,-0.000673438
2.3480e-02,-0.02125,-0.000952813
2.3490e-02,-0.0285938,-0.00137906
2.3500e-02,-0.0428125,-0.0007175
2.3510e-02,-0.025625,-0.00102156
2.3520e-02,-0.0364063,-0.00121563
2.3530e-02,-0.0215625,-0.00139094
2.3540e-02,-0.0225,-0.00133156
2.3550e-02,-0.0332812,-0.00108594
2.3560e-02,-0.0304688,-0.000976875
2.3570e-02,-0.025,-0.00131969
2.3580e-02,-0.028125,-0.00126344
2.3590e-02,-0.023125,-0.00127219
2.3600e-02,-0.0323438,-0.00144344
2.3610e-02,-0.030625,-0.00121625
2.3620e-02,-0.0329688,-0.00149844
2.3630e-02,-0.0245313,-0.00130438
2.3640e-02,-0.0225,-0.00132281
2.3650e-02,-0.0325,-0.00140656
2.3660e-02,-0.0248438,-0.00116594
2.3670e-02,-0.033125,-0.000805313
2.3680e-02,-0.0301563,-0.00103125
2.3690e-02,-0.0259375,-0.001115
2.3700e-02,-0.0345312,-0.00127063
2.3710e-02,-0.0232812,-0.00100563
2.3720e-02,-0.03125,-0.000892813
2.3730e-02,-0.0320312,-0.00111719
2.3740e-02,-0.0215625,-0.0011775
2.3750e-02,-0.01875,-0.00138125
2.3760e-02,-0.0323438,-0.00157406
2.3770e-02,-0.0410937,-0.00119781
2.3780e-02,-0.0164063,-0.00138469
2.3790e-02,-0.0342187,-0.00171969
2.3800e-02,-0.0265625,-0.00132219
2.3810e-02,-0.02125,-0.00125531
2.3820e-02,-0.0354688,-0.00122781
2.3830e-02,-0.0382813,-0.00128344
2.3840e-02,-0.0228125,-0.00122813
2.3850e-02,-0.0401563,-0.000789063
2.3860e-02,-0.0353125,-0.000820313
2.3870e-02,-0.0310937,-0.000625625
2.3880e-02,-0.0351562,-0.00100656
2.3890e-02,-0.0390625,-0.000825
2.3900e-02,-0.0303125,-0.000965
2.3910e-02,-0.0248438,-0.00121156
2.3920e-02,-0.0329688,-0.00144281
2.3930e-02,-0.0304688,-0.00108219
2.3940e-02,-0.0278125,-0.00138
2.3950e-02,-0.0348437,-0.00143719
2.3960e-02,-0.039375,-0.00141469
2.3970e-02,-0.0235938,-0.000954688
2.3980e-02,-0.0317188,-0.00110781
2.3990e-02,-0.0279688,-0.0013475
2.4000e-02,-0.03125,-0.00111406
2.4010e-02,-0.038125,-0.00116313
2.4020e-02,-0.0301563,-0.00122063
2.4030e-02,-0.0410937,-0.0014525
2.4040e-02,-0.0320312,-0.00149188
2.4050e-02,-0.0323438,-0.00100969
2.4060e-02,-0.0314062,-0.001125
2.4070e-02,-0.0271875,-0.00138
2.4080e-02,-0.0410937,-0.00137938
2.4090e-02,-0.0346875,-0.000595625
2.4100e-02,-0.0229687,-0.00142563
2.4110e-02,-0.0292188,-0.00139344
2.4120e-02,-0.026875,-0.00101938
2.4130e-02,-0.0396875,-0.00104531
2.4140e-02,-0.0332812,-0.000954063
2.4150e-02,-0.029375,-0.000805625
2.4160e-02,-0.0453125,-0.00105219
2.4170e-02,-0.0364063,-0.00111469
2.4180e-02,-0.033125,-0.00164719
2.4190e-02,-0.0325,-0.00126156
2.4200e-02,-0.0201563,-0.00116
2.4210e-02,-0.0346875,-0.000915
2.4220e-02,-0.0270312,-0.000805
2.4230e-02,-0.03375,-0.000629063
2.4240e-02,-0.040625,-0.000577813
2.4250e-02,-0.0234375,-0.00124625
2.4260e-02,-0.0207813,-0.00132938
2.4270e-02,-0.0215625,-0.000848438
2.4280e-02,-0.0240625,-0.001025
2.4290e-02,-0.0229687,-0.00111281
2.4300e-02,-0.0215625,-0.001445
2.4310e-02,-0.0351562,-0.000973125
2.4320e-02,-0.0365625,-0.000885313
2.4330e-02,-0.0403125,-0.00105063
2.4340e-02,-0.0404687,-0.00108094
2.4350e-02,-0.031875,-0.000985313
2.4360e-02,-0.0242188,-0.00130719
2.4370e-02,-0.0410937,-0.00111
2.4380e-02,-0.0320312,-0.00149781
2.4390e-02,-0.0346875,-0.0005925
2.4400e-02,-0.0345312,-0.0005925
2.4410e-02,-0.0325,-0.000577188
2.4420e-02,-0.0314062,-0.00105937
2.4430e-02,-0.0307813,-0.00108719
2.4440e-02,-0.04125,-0.00123469
2.4450e-02,-0.0484375,-0.00121125
2.4460e-02,-0.0385937,-0.00095625
2.4470e-02,-0.033125,-0.00107594
2.4480e-02,-0.04375,-0.00115906
2.4490e-02,-0.03,-0.00102531
2.4500e-02,-0.0329688,-0.00111594
2.4510e-02,-0.0325,-0.00089125
2.4520e-02,-0.0346875,-0.00130219
2.4530e-02,-0.0382813,-0.00103563
2.4540e-02,-0.038125,-0.00106469
2.4550e-02,-0.0271875,-0.000664375
2.4560e-02,-0.0370313,-0.0008925
2.4570e-02,-0.0398437,-0.0012575
2.4580e-02,-0.031875,-0.000878125
2.4590e-02,-0.0425,-0.00132438
2.4600e-02,-0.0275,-0.0009925
2.4610e-02,-0.0292188,-0.000839688
2.4620e-02,-0.03375,-0.000945
2.4630e-02,-0.0395313,-0.00125156
2.4640e-02,-0.0320312,-0.00148813
2.4650e-02,-0.0321875,-0.00100563
2.4660e-02,-0.0471875,-0.00104594
2.4670e-02,-0.0460938,-0.00128594
2.4680e-02,-0.0275,-0.00135219
2.4690e-02,-0.0414063,-0.00132688
2.4700e-02,-0.0289063,-0.00107406
2.4710e-02,-0.0435938,-0.00123
2.4720e-02,-0.0353125,-0.001765
2.4730e-02,-0.0378125,-0.00102
2.4740e-02,-0.0365625,-0.00148281
2.4750e-02,-0.0328125,-0.00118781
2.4760e-02,-0.0409375,-0.00107656
2.4770e-02,-0.0465625,-0.00134813
2.4780e-02,-0.0309375,-0.0015475
2.4790e-02,-0.0329688,-0.000932813
2.4800e-02,-0.0314062,-0.00103906
2.4810e-02,-0.0348437,-0.00087625
2.4820e-02,-0.025,-0.00084375
2.4830e-02,-0.0275,-0.00103375
2.4840e-02,-0.029375,-0.00070625
2.4850e-02,-0.0265625,-0.000905938
2.4860e-02,-0.0332812,-0.00137813
2.4870e-02,-0.034375,-0.00132906
2.4880e-02,-0.0329688,-0.00111781
2.4890e-02,-0.0415625,-0.00172219
2.4900e-02,-0.0296875,-0.00130781
2.4910e-02,-0.0445313,-0.00129563
2.4920e-02,-0.036875,-0.00105219
2.4930e-02,-0.0446875,-0.00128813
2.4940e-02,-0.0421875,-0.00116813
2.4950e-02,-0.0351562,-0.00118969
2.4960e-02,-0.0410937,-0.00120125
2.4970e-02,-0.0390625,-0.00131063
2.4980e-02,-0.0328125,-0.00097875
2.4990e-02,-0.0304688,-0.00108656
2.5000e-02,-0.0354688,-0.000929063
2.5010e-02,-0.0403125,-0.00120906
2.5020e-02,-0.0285938,-0.0009675
2.5030e-02,-0.0304688,-0.00129063
2.5040e-02,-0.0246875,-0.000987188
2.5050e-02,-0.0346875,-0.00152344
2.5060e-02,-0.0326562,-0.000881875
2.5070e-02,-0.0289063,-0.00103469
2.5080e-02,-0.035625,-0.0008225
2.5090e-02,-0.0459375,-0.000925625
2.5100e-02,-0.0296875,-0.00131438
2.5110e-02,-0.0475,-0.00130313
2.5120e-02,-0.03125,-0.00114094
2.5130e-02,-0.0254688,-0.00126781
2.5140e-02,-0.058125,-0.0010775
2.5150e-02,-0.0554687,-0.00121625
2.5160e-02,-0.0375,-0.00122
2.5170e-02,-0.0426562,-0.00132906
2.5180e-02,-0.0378125,-0.000600938
2.5190e-02,-0.0335937,-0.00126625
2.5200e-02,-0.039375,-0.00109813
2.5210e-02,-0.0307813,-0.00102406
2.5220e-02,-0.0273438,-0.00101031
2.5230e-02,-0.0379688,-0.000898125
2.5240e-02,-0.0307813,-0.00149375
2.5250e-02,-0.025,-0.000868125
2.5260e-02,-0.0251563,-0.00160281
2.5270e-02,-0.0517188,-0.00124906
2.5280e-02,-0.0253125,-0.00107469
2.5290e-02,-0.0370313,-0.00136406
2.5300e-02,-0.0329688,-0.00107906
2.5310e-02,-0.0220313,-0.000976562
2.5320e-02,-0.0367188,-0.00135344
2.5330e-02,-0.0460938,-0.000882813
2.5340e-02,-0.0421875,-0.00127344
2.5350e-02,-0.0371875,-0.00113875
2.5360e-02,-0.0346875,-0.00141625
2.5370e-02,-0.0445313,-0.00135938
2.5380e-02,-0.0353125,-0.00135656
2.5390e-02,-0.0357813,-0.00131406
2.5400e-02,-0.035625,-0.0014075
2.5410e-02,-0.039375,-0.00135219
2.5420e-02,-0.0314062,-0.000918438
2.5430e-02,-0.0415625,-0.00123844
2.5440e-02,-0.034375,-0.000842188
2.5450e-02,-0.0357813,-0.00124438
2.5460e-02,-0.0346875,-0.00138063
2.5470e-02,-0.0389063,-0.00155063
2.5480e-02,-0.0271875,-0.00130281
2.5490e-02,-0.0426562,-0.00084
2.5500e-02,-0.0367188,-0.00112594
2.5510e-02,-0.0389063,-0.00101313
2.5520e-02,-0.044375,-0.00142031
2.5530e-02,-0.0370313,-0.00142625
2.5540e-02,-0.0215625,-0.00115688
2.5550e-02,-0.0357813,-0.00146188
2.5560e-02,-0.02875,-0.00113844
2.5570e-02,-0.041875,-0.00110375
2.5580e-02,-0.035,-0.000505
2.5590e-02,-0.0365625,-0.000734688
2.5600e-02,-0.0284375,-0.00113219
2.5610e-02,-0.0404687,-0.000795938
2.5620e-02,-0.0403125,-0.00105625
2.5630e-02,-0.0395313,-0.00117688
2.5640e-02,-0.0317188,-0.00138625
2.5650e-02,-0.039375,-0.00150438
2.5660e-02,-0.0451563,-0.00112094
2.5670e-02,-0.02875,-0.00124719
2.5680e-02,-0.0414063,-0.00137813
2.5690e-02,-0.04,-0.000890313
2.5700e-02,-0.0298438,-0.00104688
2.5710e-02,-0.028125,-0.00118531
2.5720e-02,-0.0353125,-0.00121219
2.5730e-02,-0.0359375,-0.00101063
2.5740e-02,-0.0353125,-0.000736563
2.5750e-02,-0.031875,-0.00115
2.5760e-02,-0.0328125,-0.000905938
2.5770e-02,-0.03875,-0.000888438
2.5780e-02,-0.025,-0.00110469
2.5790e-02,-0.0301563,-0.00109719
2.5800e-02,-0.0382813,-0.00103625
2.5810e-02,-0.0415625,-0.00124375
2.5820e-02,-0.0303125,-0.001525
2.5830e-02,-0.03875,-0.000766875
2.5840e-02,-0.0395313,-0.00111031
2.5850e-02,-0.0370313,-0.00109938
2.5860e-02,-0.0351562,-0.00133313
2.5870e-02,-0.0401563,-0.00128094
2.5880e-02,-0.0376563,-0.00141531
2.5890e-02,-0.0414063,-0.00130781
2.5900e-02,-0.0253125,-0.00121531
2.5910e-02,-0.0407813,-0.00129906
2.5920e-02,-0.0332812,-0.00111219
2.5930e-02,-0.0448438,-0.00150719
2.5940e-02,-0.0321875,-0.00112469
2.5950e-02,-0.0359375,-0.000737813
2.5960e-02,-0.0326562,-0.000665313
2.5970e-02,-0.04125,-0.00112312
2.5980e-02,-0.039375,-0.0009075
2.5990e-02,-0.0417187,-0.00102313
2.6000e-02,-0.0384375,-0.00119688
2.6010e-02,-0.0364063,-0.000695938
2.6020e-02,-0.035,-0.000529063
2.6030e-02,-0.0329688,-0.00102938
2.6040e-02,-0.0296875,-0.001165
2.6050e-02,-0.0417187,-0.00145688
2.6060e-02,-0.0353125,-0.0014475
2.6070e-02,-0.0342187,-0.00122875
2.6080e-02,-0.0432813,-0.00107844
2.6090e-02,-0.03,-0.00120125
2.6100e-02,-0.0564063,-0.00086125
2.6110e-02,-0.0435938,-0.00108938
2.6120e-02,-0.0314062,-0.00088125
2.6130e-02,-0.0376563,-0.000699375
2.6140e-02,-0.0301563,-0.000854063
2.6150e-02,-0.0389063,-0.000817188
2.6160e-02,-0.0417187,-0.00154156
2.6170e-02,-0.0385937,-0.00120094
2.6180e-02,-0.0370313,-0.00098875
2.6190e-02,-0.0354688,-0.000994063
2.6200e-02,-0.0484375,-0.00138375
2.6210e-02,-0.0335937,-0.00104656
2.6220e-02,-0.0376563,-0.00141406
2.6230e-02,-0.033125,-0.00158281
2.6240e-02,-0.041875,-0.00140313
2.6250e-02,-0.0351562,-0.000945
2.6260e-02,-0.04125,-0.000942188
2.6270e-02,-0.0354688,-0.00135063
2.6280e-02,-0.03875,-0.00101531
2.6290e-02,-0.0354688,-0.00103781
2.6300e-02,-0.043125,-0.00127719
2.6310e-02,-0.0459375,-0.0012775
2.6320e-02,-0.048125,-0.00106531
2.6330e-02,-0.0371875,-0.00112625
2.6340e-02,-0.0339062,-0.000851875
2.6350e-02,-0.0278125,-0.00083125
2.6360e-02,-0.0464062,-0.00068
2.6370e-02,-0.050625,-0.000980938
2.6380e-02,-0.0332812,-0.00139219
2.6390e-02,-0.0296875,-0.00114125
2.6400e-02,-0.0539063,-0.0012375
2.6410e-02,-0.026875,-0.0011825
2.6420e-02,-0.0342187,-0.00123656
2.6430e-02,-0.0271875,-0.0008725
2.6440e-02,-0.0428125,-0.00094
2.6450e-02,-0.0359375,-0.00136469
2.6460e-02,-0.0382813,-0.00125969
2.6470e-02,-0.0445313,-0.00117969
2.6480e-02,-0.035625,-0.00106969
2.6490e-02,-0.04625,-0.00114938
2.6500e-02,-0.0364063,-0.000946875
2.6510e-02,-0.0409375,-0.00129156
2.6520e-02,-0.0403125,-0.00125688
2.6530e-02,-0.03875,-0.00114188
2.6540e-02,-0.0339062,-0.00101906
2.6550e-02,-0.0339062,-0.000777188
2.6560e-02,-0.0307813,-0.000917813
2.6570e-02,-0.0351562,-0.000563125
2.6580e-02,-0.0373438,-0.000975313
2.6590e-02,-0.0384375,-0.00126781
2.6600e-02,-0.0403125,-0.000955313
2.6610e-02,-0.033125,-0.00103812
2.6620e-02,-0.0301563,-0.00112438
2.6630e-02,-0.03625,-0.000927813
2.6640e-02,-0.0454688,-0.00082375
2.6650e-02,-0.0351562,-0.00109969
2.6660e-02,-0.0301563,-0.000824375
2.6670e-02,-0.0442188,-0.00129063
2.6680e-02,-0.040625,-0.00110938
2.6690e-02,-0.0378125,-0.00116188
2.6700e-02,-0.040625,-0.00124906
2.6710e-02,-0.035,-0.00121969
2.6720e-02,-0.0253125,-0.00125938
2.6730e-02,-0.0320312,-0.00111625
2.6740e-02,-0.0465625,-0.00095125
2.6750e-02,-0.0325,-0.000724688
2.6760e-02,-0.0334375,-0.00104031
2.6770e-02,-0.048125,-0.000686875
2.6780e-02,-0.0251563,-0.00108844
2.6790e-02,-0.0475,-0.00124844
2.6800e-02,-0.03375,-0.00115656
2.6810e-02,-0.0273438,-0.0011775
2.6820e-02,-0.0345312,-0.00125219
2.6830e-02,-0.0334375,-0.00137781
2.6840e-02,-0.0428125,-0.00145656
2.6850e-02,-0.0442188,-0.00108031
2.6860e-02,-0.0353125,-0.00111031
2.6870e-02,-0.0446875,-0.00102531
2.6880e-02,-0.0365625,-0.00088875
2.6890e-02,-0.04375,-0.00123031
2.6900e-02,-0.0478125,-0.00113656
2.6910e-02,-0.0382813,-0.00141594
2.6920e-02,-0.0398437,-0.00130125
2.6930e-02,-0.0320312,-0.00099625
2.6940e-02,-0.0407813,-0.00094875
2.6950e-02,-0.03,-0.000763125
2.6960e-02,-0.049375,-0.0010025
2.6970e-02,-0.0326562,-0.000682813
2.6980e-02,-0.038125,-0.000864688
2.6990e-02,-0.0360938,-0.00097
2.7000e-02,-0.0395313,-0.0011625
2.7010e-02,-0.0414063,-0.000794063
2.7020e-02,-0.035625,-0.0012275
2.7030e-02,-0.0454688,-0.00133438
2.7040e-02,-0.0460938,-0.00134844
2.7050e-02,-0.0410937,-0.00162625
2.7060e-02,-0.0334375,-0.00155438
2.7070e-02,-0.0365625,-0.000976875
2.7080e-02,-0.0454688,-0.00106969
2.7090e-02,-0.0364063,-0.00109344
2.7100e-02,-0.0375,-0.00124313
2.7110e-02,-0.035625,-0.00103375
2.7120e-02,-0.0351562,-0.000379063
2.7130e-02,-0.0401563,-0.000892813
2.7140e-02,-0.0414063,-0.000804688
2.7150e-02,-0.041875,-0.00142469
2.7160e-02,-0.043125,-0.00107438
2.7170e-02,-0.0451563,-0.00150281
2.7180e-02,-0.0334375,-0.00106313
2.7190e-02,-0.0442188,-0.00128938
2.7200e-02,-0.0309375,-0.000984375
2.7210e-02,-0.0603125,-0.00110781
2.7220e-02,-0.044375,-0.00136188
2.7230e-02,-0.04625,-0.00105125
2.7240e-02,-0.0425,-0.00108281
2.7250e-02,-0.038125,-0.00143625
2.7260e-02,-0.0417187,-0.00117875
2.7270e-02,-0.0478125,-0.00129781
2.7280e-02,-0.0385937,-0.00137906
2.7290e-02,-0.0365625,-0.00134875
2.7300e-02,-0.0407813,-0.00124969
2.7310e-02,-0.0353125,-0.00119719
2.7320e-02,-0.039375,-0.00127281
2.7330e-02,-0.0298438,-0.000937188
2.7340e-02,-0.029375,-0.000895625
2.7350e-02,-0.0445313,-0.00101406
2.7360e-02,-0.03875,-0.000569063
2.7370e-02,-0.0404687,-0.000901875
2.7380e-02,-0.0389063,-0.00119688
2.7390e-02,-0.04375,-0.00130125
2.7400e-02,-0.0509375,-0.000892813
2.7410e-02,-0.0353125,-0.00144938
2.7420e-02,-0.0348437,-0.00171094
2.7430e-02,-0.0342187,-0.0010125
2.7440e-02,-0.0496875,-0.00146938
2.7450e-02,-0.0414063,-0.00143844
2.7460e-02,-0.0346875,-0.000795
2.7470e-02,-0.0442188,-0.000859688
2.7480e-02,-0.0328125,-0.000945625
2.7490e-02,-0.0520313,-0.00146344
2.7500e-02,-0.0382813,-0.00084375
2.7510e-02,-0.0375,-0.00132281
2.7520e-02,-0.0534375,-0.000782188
2.7530e-02,-0.0426562,-0.000940938
2.7540e-02,-0.0484375,-0.00103875
2.7550e-02,-0.0445313,-0.000993125
2.7560e-02,-0.04,-0.0010425
2.7570e-02,-0.038125,-0.00129406
2.7580e-02,-0.0489062,-0.00109813
2.7590e-02,-0.0351562,-0.00126281
2.7600e-02,-0.0432813,-0.00179688
2.7610e-02,-0.041875,-0.00163094
2.7620e-02,-0.0367188,-0.00109813
2.7630e-02,-0.0332812,-0.00148969
2.7640e-02,-0.0346875,-0.00120125
2.7650e-02,-0.0345312,-0.00068625
2.7660e-02,-0.044375,-0.00100219
2.7670e-02,-0.0260937,-0.00107156
2.7680e-02,-0.0373438,-0.000673438
2.7690e-02,-0.0365625,-0.00142719
2.7700e-02,-0.034375,-0.001145
2.7710e-02,-0.0425,-0.000911563
2.7720e-02,-0.04125,-0.00106563
2.7730e-02,-0.0334375,-0.00123625
2.7740e-02,-0.036875,-0.00102969
2.7750e-02,-0.04625,-0.00116969
2.7760e-02,-0.0332812,-0.00120219
2.7770e-02,-0.0509375,-0.000672813
2.7780e-02,-0.0375,-0.000929688
2.7790e-02,-0.0215625,-0.000792188
2.7800e-02,-0.04375,-0.00191875
2.7810e-02,-0.0429688,-0.00156563
2.7820e-02,-0.0403125,-0.00139719
2.7830e-02,-0.0345312,-0.00140469
2.7840e-02,-0.0345312,-0.00130875
2.7850e-02,-0.0385937,-0.000688438
2.7860e-02,-0.0496875,-0.00085125
2.7870e-02,-0.0345312,-0.00113469
2.7880e-02,-0.0329688,-0.00114031
2.7890e-02,-0.0317188,-0.000839375
2.7900e-02,-0.0323438,-0.000604688
2.7910e-02,-0.0385937,-0.00158938
2.7920e-02,-0.0390625,-0.00140438
2.7930e-02,-0.0478125,-0.00128875
2.7940e-02,-0.059375,-0.000952188
2.7950e-02,-0.0578125,-0.00153094
2.7960e-02,-0.0454688,-0.00143906
2.7970e-02,-0.0417187,-0.00116
2.7980e-02,-0.0504687,-0.00101344
2.7990e-02,-0.0373438,-0.00108594
2.8000e-02,-0.033125,-0.000588125
2.8010e-02,-0.0396875,-0.00119375
2.8020e-02,-0.03875,-0.0010675
2.8030e-02,-0.0571875,-0.00130656
2.8040e-02,-0.0339062,-0.00139656
2.8050e-02,-0.0365625,-0.00101375
2.8060e-02,-0.03625,-0.00127375
2.8070e-02,-0.053125,-0.000775313
2.8080e-02,-0.04375,-0.00107625
2.8090e-02,-0.039375,-0.00128906
2.8100e-02,-0.0415625,-0.000973125
2.8110e-02,-0.0376563,-0.00103
2.8120e-02,-0.04125,-0.00109531
2.8130e-02,-0.0473438,-0.00124688
2.8140e-02,-0.0539063,-0.00134219
2.8150e-02,-0.0395313,-0.000751875
2.8160e-02,-0.0521875,-0.00134688
2.8170e-02,-0.0525,-0.00097875
2.8180e-02,-0.0409375,-0.00113406
2.8190e-02,-0.04625,-0.0011675
2.8200e-02,-0.0442188,-0.00130156
2.8210e-02,-0.0304688,-0.00103812
2.8220e-02,-0.0515625,-0.00141094
2.8230e-02,-0.04,-0.000972188
2.8240e-02,-0.041875,-0.00136219
2.8250e-02,-0.0385937,-0.00112469
2.8260e-02,-0.0417187,-0.00100844
2.8270e-02,-0.035625,-0.00104312
2.8280e-02,-0.0421875,-0.00111625
2.8290e-02,-0.0371875,-0.000975
2.8300e-02,-0.038125,-0.00100406
2.8310e-02,-0.0442188,-0.00118938
2.8320e-02,-0.0365625,-0.00140844
2.8330e-02,-0.0321875,-0.000909688
2.8340e-02,-0.0445313,-0.000986875
2.8350e-02,-0.0435938,-0.000994375
2.8360e-02,-0.0432813,-0.000855938
2.8370e-02,-0.044375,-0.000857813
2.8380e-02,-0.0445313,-0.00105344
2.8390e-02,-0.0423437,-0.000869375
2.8400e-02,-0.0417187,-0.00104094
2.8410e-02,-0.0309375,-0.0011875
2.8420e-02,-0.0314062,-0.00118531
2.8430e-02,-0.0517188,-0.00112594
2.8440e-02,-0.0404687,-0.00118656
2.8450e-02,-0.0532813,-0.00120938
2.8460e-02,-0.0340625,-0.00106906
2.8470e-02,-0.0329688,-0.00115563
2.8480e-02,0.512656,-0.00113563
2.8490e-02,-0.0698437,-0.00419719
2.8500e-02,-0.0203125,-0.00672031
2.8510e-02,-0.727813,-0.00772469
2.8520e-02,-0.544531,-0.00811188
2.8530e-02,0.09375,-0.00769531
2.8540e-02,0.112188,-0.00768469
2.8550e-02,0.0873437,-0.0077175
2.8560e-02,0.0885937,-0.00761969
2.8570e-02,0.0685937,-0.00762563
2.8580e-02,0.07125,-0.00756656
2.8590e-02,0.0510937,-0.00761188
2.8600e-02,0.04875,-0.00745531
2.8610e-02,0.0445312,-0.00755781
2.8620e-02,0.0528125,-0.00775313
2.8630e-02,0.0425,-0.00777031
2.8640e-02,0.0523437,-0.00760125
2.8650e-02,0.0340625,-0.00756281
2.8660e-02,0.0223437,-0.00748531
2.8670e-02,0.0442188,-0.00750875
2.8680e-02,0.0382813,-0.00770375
2.8690e-02,0.0428125,-0.00765
2.8700e-02,0.0196875,-0.00768469
2.8710e-02,0.0353125,-0.00760313
2.8720e-02,0.0192188,-0.00756781
2.8730e-02,0.0271875,-0.00753688
2.8740e-02,0.0254688,-0.00539281
2.8750e-02,0.023125,-0.00322438
2.8760e-02,0.0117188,-0.00230719
2.8770e-02,0.009375,-0.00212938
2.8780e-02,0.00671875,-0.00204531
2.8790e-02,0.0059375,-0.00212938
2.8800e-02,0.0192188,-0.00118406
2.8810e-02,0.00734375,-0.000548125
2.8820e-02,0.0140625,-0.00109313
2.8830e-02,0.00125,-0.000706875
2.8840e-02,0.00671875,-0.00190156
2.8850e-02,0.01375,-0.0014075
2.8860e-02,-0.001875,-0.00138219
2.8870e-02,0.003125,-0.000404688
2.8880e-02,0.0153125,-0.000544375
2.8890e-02,0.013125,-0.000557813
2.8900e-02,-0.00515625,-0.00122844
2.8910e-02,0.0160938,-0.00104219
2.8920e-02,0.005,-0.00119469
2.8930e-02,0.0139062,-0.00107438
2.8940e-02,0.003125,-0.00119063
2.8950e-02,-0.0021875,-0.00109063
2.8960e-02,-0.00640625,-0.00142
2.8970e-02,0.0021875,-0.00186219
2.8980e-02,0.00171875,-0.00138375
2.8990e-02,-0.0148437,-0.00157344
2.9000e-02,0.001875,-0.0006275
2.9010e-02,0.0028125,-0.00104719
2.9020e-02,0.005,-0.000724063
2.9030e-02,-0.00484375,-0.000800625
2.9040e-02,0.00328125,-0.0008025
2.9050e-02,0.00734375,-0.000866875
2.9060e-02,0.00265625,-0.0011575
2.9070e-02,0.0117188,-0.00129094
2.9080e-02,-0.00671875,-0.00128813
2.9090e-02,0.00515625,-0.0017
2.9100e-02,-0.00078125,-0.00106625
2.9110e-02,0.00296875,-0.00146594
2.9120e-02,0.00078125,-0.00102375
2.9130e-02,-0.0059375,-0.000988125
2.9140e-02,-0.015,-0.00142875
2.9150e-02,-0.00375,-0.00117594
2.9160e-02,-0.0103125,-0.00110781
2.9170e-02,-0.00109375,-0.00136875
2.9180e-02,0.00046875,-0.000983125
2.9190e-02,-0.0053125,-0.00109625
2.9200e-02,-0.00921875,-0.00108188
2.9210e-02,0.00234375,-0.00094875
2.9220e-02,0.0059375,-0.00141625
2.9230e-02,-0.0021875,-0.00117969
2.9240e-02,0.0021875,-0.00126719
2.9250e-02,-0.0101563,-0.00119781
2.9260e-02,-0.0121875,-0.00119406
2.9270e-02,0.00140625,-0.00138469
2.9280e-02,-0.01625,-0.000935313
2.9290e-02,-0.01125,-0.00120906
2.9300e-02,0.00015625,-0.00123188
2.9310e-02,-0.0034375,-0.000775
2.9320e-02,-0.0196875,-0.00124531
2.9330e-02,-0.011875,-0.000801875
2.9340e-02,-0.00625,-0.00133688
2.9350e-02,-0.0146875,-0.00135375
2.9360e-02,-0.0171875,-0.00155969
2.9370e-02,-0.0107813,-0.000934063
2.9380e-02,-0.0134375,-0.00115156
2.9390e-02,-0.00453125,-0.000752188
2.9400e-02,-0.00796875,-0.00078875
2.9410e-02,-0.0173438,-0.00104312
2.9420e-02,-0.0139063,-0.00115563
2.9430e-02,-0.0140625,-0.00120438
2.9440e-02,-0.0096875,-0.001035
2.9450e-02,-0.0215625,-0.0009925
2.9460e-02,-0.005625,-0.00073625
2.9470e-02,0.00125,-0.00104406
2.9480e-02,-0.0159375,-0.000803438
2.9490e-02,-0.0151562,-0.00111125
2.9500e-02,-0.0134375,-0.00113938
2.9510e-02,-0.00984375,-0.000812813
2.9520e-02,-0.0123438,-0.00132438
2.9530e-02,-0.00703125,-0.00125281
2.9540e-02,-0.0140625,-0.00109719
2.9550e-02,-0.0225,-0.00143063
2.9560e-02,-0.0228125,-0.00087875
2.9570e-02,-0.0146875,-0.00148406
2.9580e-02,-0.00859375,-0.000974688
2.9590e-02,-0.0021875,-0.000907188
2.9600e-02,-0.0125,-0.000806563
2.9610e-02,-0.0120313,-0.000929063
2.9620e-02,-0.0204688,-0.00107094
2.9630e-02,-0.0164063,-0.0009825
2.9640e-02,-0.025,-0.00102844
2.9650e-02,-0.011875,-0.00117125
2.9660e-02,-0.0282813,-0.00113781
2.9670e-02,-0.0221875,-0.00112406
2.9680e-02,-0.0123438,-0.000859375
2.9690e-02,-0.015625,-0.00124063
2.9700e-02,-0.0204688,-0.000612813
2.9710e-02,-0.00671875,-0.000989063
2.9720e-02,-0.0210938,-0.00116719
2.9730e-02,-0.0239063,-0.00131813
2.9740e-02,-0.018125,-0.00166688
2.9750e-02,-0.0204688,-0.0011025
2.9760e-02,-0.00921875,-0.001105
2.9770e-02,-0.018125,-0.0013075
2.9780e-02,-0.00984375,-0.00155531
2.9790e-02,-0.0225,-0.00099875
2.9800e-02,-0.0123438,-0.000625938
2.9810e-02,-0.0173438,-0.000954688
2.9820e-02,-0.01375,-0.0012575
2.9830e-02,-0.02875,-0.00123781
2.9840e-02,-0.011875,-0.00127781
2.9850e-02,-0.0104688,-0.0011675
2.9860e-02,-0.0165625,-0.00108281
2.9870e-02,-0.0096875,-0.0015025
2.9880e-02,-0.0148437,-0.00153563
2.9890e-02,-0.00578125,-0.00131719
2.9900e-02,-0.0071875,-0.000884063
2.9910e-02,-0.0176563,-0.00103125
2.9920e-02,-0.0190625,-0.00107813
2.9930e-02,-0.0228125,-0.00107844
2.9940e-02,-0.0192187,-0.00114688
2.9950e-02,-0.0157813,-0.00154938
2.9960e-02,-0.0257812,-0.00115906
2.9970e-02,-0.02125,-0.00131344
2.9980e-02,-0.0146875,-0.00122313
2.9990e-02,-0.0148437,-0.00123
3.0000e-02,-0.01625,-0.000786875
3.0010e-02,-0.018125,-0.00107813
3.0020e-02,-0.0195312,-0.000870625
3.0030e-02,-0.00859375,-0.000972813
3.0040e-02,-0.0220313,-0.00091875
3.0050e-02,-0.0128125,-0.00120844
3.0060e-02,-0.025625,-0.00174313
3.0070e-02,-0.0196875,-0.00089125
3.0080e-02,-0.0301563,-0.000867188
3.0090e-02,-0.0195312,-0.000958125
3.0100e-02,-0.0117188,-0.0009
3.0110e-02,-0.0117188,-0.00119156
3.0120e-02,-0.0251563,-0.0012825
3.0130e-02,-0.021875,-0.00101094
3.0140e-02,-0.0176563,-0.001065
3.0150e-02,-0.0176563,-0.00128031
3.0160e-02,-0.0142188,-0.001725
3.0170e-02,-0.02,-0.00188563
3.0180e-02,-0.0217188,-0.00132875
3.0190e-02,-0.0175,-0.00155781
3.0200e-02,-0.01125,-0.00122656
3.0210e-02,-0.0215625,-0.00101563
3.0220e-02,-0.02,-0.0012075
3.0230e-02,-0.029375,-0.00126
3.0240e-02,-0.025,-0.000960625
3.0250e-02,-0.0142188,-0.000923125
3.0260e-02,-0.023125,-0.00125469
3.0270e-02,-0.0348437,-0.00136563
3.0280e-02,-0.0151562,-0.00126188
3.0290e-02,-0.0185937,-0.00142719
3.0300e-02,-0.021875,-0.00120781
3.0310e-02,-0.0189062,-0.00110469
3.0320e-02,-0.0276563,-0.00163313
3.0330e-02,-0.0251563,-0.00118625
3.0340e-02,-0.0240625,-0.00124625
3.0350e-02,-0.0273438,-0.00130063
3.0360e-02,-0.0153125,-0.00155781
3.0370e-02,-0.0225,-0.00106781
3.0380e-02,-0.0217188,-0.001135
3.0390e-02,-0.023125,-0.0011525
3.0400e-02,-0.02,-0.00106281
3.0410e-02,-0.0217188,-0.0004875
3.0420e-02,-0.03125,-0.000913125
3.0430e-02,-0.02125,-0.000834688
3.0440e-02,-0.0189062,-0.000784063
3.0450e-02,-0.0278125,-0.00094375
3.0460e-02,-0.0257812,-0.00125531
3.0470e-02,-0.0170313,-0.00166594
3.0480e-02,-0.0328125,-0.00122406
3.0490e-02,-0.0248438,-0.00133094
3.0500e-02,-0.03,-0.00133
3.0510e-02,-0.0198438,-0.00163469
3.0520e-02,-0.025625,-0.0008925
3.0530e-02,-0.0240625,-0.00112031
3.0540e-02,-0.0359375,-0.000960313
3.0550e-02,-0.0292188,-0.00102625
3.0560e-02,-0.0315625,-0.00106656
3.0570e-02,-0.0290625,-0.000765625
3.0580e-02,-0.0154687,-0.0009075
3.0590e-02,-0.0254688,-0.00126594
3.0600e-02,-0.0265625,-0.00102313
3.0610e-02,-0.0215625,-0.000864063
3.0620e-02,-0.0251563,-0.0008875
3.0630e-02,-0.0328125,-0.00116938
3.0640e-02,-0.025625,-0.00135844
3.0650e-02,-0.02,-0.00126406
3.0660e-02,-0.0260937,-0.00130906
3.0670e-02,-0.0348437,-0.00117719
3.0680e-02,-0.0260937,-0.00104094
3.0690e-02,-0.0226562,-0.000945313
3.0700e-02,-0.030625,-0.000983125
3.0710e-02,-0.02125,-0.00100313
3.0720e-02,-0.02125,-0.000892813
3.0730e-02,-0.0210938,-0.00115125
3.0740e-02,-0.02125,-0.00158
3.0750e-02,-0.0192187,-0.00142125
3.0760e-02,-0.0296875,-0.00147188
3.0770e-02,-0.0376563,-0.000683125
3.0780e-02,-0.0235938,-0.000846563
3.0790e-02,-0.026875,-0.000981875
3.0800e-02,-0.0198438,-0.000796875
3.0810e-02,-0.033125,-0.00108
3.0820e-02,-0.0264062,-0.00108406
3.0830e-02,-0.0270312,-0.000870938
3.0840e-02,-0.0189062,-0.000804063
3.0850e-02,-0.030625,-0.00128844
3.0860e-02,-0.0123438,-0.000899063
3.0870e-02,-0.0284375,-0.0011325
3.0880e-02,-0.0209375,-0.00126688
3.0890e-02,-0.031875,-0.00106469
3.0900e-02,-0.03375,-0.00131281
3.0910e-02,-0.0321875,-0.00133438
3.0920e-02,-0.0159375,-0.00119438
3.0930e-02,-0.0253125,-0.00150344
3.0940e-02,-0.0398437,-0.00128219
3.0950e-02,-0.0284375,-0.00149906
3.0960e-02,-0.0284375,-0.00113031
3.0970e-02,-0.0242188,-0.00125
3.0980e-02,-0.0370313,-0.00103188
3.0990e-02,-0.0376563,-0.00139
3.1000e-02,-0.0326562,-0.000795938
3.1010e-02,-0.0275,-0.000930625
3.1020e-02,-0.0298438,-0.00113063
3.1030e-02,-0.0296875,-0.001155
3.1040e-02,-0.0267187,-0.0010425
3.1050e-02,-0.0329688,-0.00115594
3.1060e-02,-0.0253125,-0.00120844
3.1070e-02,-0.0310937,-0.00129844
3.1080e-02,-0.0296875,-0.00111938
3.1090e-02,-0.0328125,-0.00135875
3.1100e-02,-0.0339062,-0.00103531
3.1110e-02,-0.00984375,-0.00145844
3.1120e-02,-0.0370313,-0.00107125
3.1130e-02,-0.0223437,-0.00154625
3.1140e-02,-0.0254688,-0.000895938
3.1150e-02,-0.0329688,-0.000912188
3.1160e-02,-0.0257812,-0.00168063
3.1170e-02,-0.0321875,-0.00110281
3.1180e-02,-0.0265625,-0.000691875
3.1190e-02,-0.0207813,-0.00102375
3.1200e-02,-0.03,-0.00102781
3.1210e-02,-0.0246875,-0.000825
3.1220e-02,-0.0323438,-0.0013625
3.1230e-02,-0.0345312,-0.000772188
3.1240e-02,-0.029375,-0.00102813
3.1250e-02,-0.0334375,-0.000780313
3.1260e-02,-0.02125,-0.00121563
3.1270e-02,-0.0360938,-0.000906875
3.1280e-02,-0.0257812,-0.000864688
3.1290e-02,-0.020625,-0.000619063
3.1300e-02,-0.0276563,-0.00120688
3.1310e-02,-0.041875,-0.000869063
3.1320e-02,-0.0298438,-0.00136688
3.1330e-02,-0.0271875,-0.00112063
3.1340e-02,-0.0410937,-0.00158
3.1350e-02,-0.0296875,-0.00120219
3.1360e-02,-0.0279688,-0.00108969
3.1370e-02,-0.0248438,-0.00108469
3.1380e-02,-0.0360938,-0.00113281
3.1390e-02,-0.031875,-0.000755313
3.1400e-02,-0.0315625,-0.00109156
3.1410e-02,-0.0360938,-0.000715938
3.1420e-02,-0.0242188,-0.00102031
3.1430e-02,-0.0290625,-0.00140375
3.1440e-02,-0.023125,-0.00099125
3.1450e-02,-0.0189062,-0.00127594
3.1460e-02,-0.0225,-0.00119656
3.1470e-02,-0.0259375,-0.00119844
3.1480e-02,-0.0215625,-0.000966563
3.1490e-02,-0.038125,-0.00107781
3.1500e-02,-0.03,-0.00102406
3.1510e-02,-0.02875,-0.00108938
3.1520e-02,-0.0170313,-0.00132219
3.1530e-02,-0.0278125,-0.00101719
3.1540e-02,-0.0351562,-0.00150813
3.1550e-02,-0.0375,-0.00112344
3.1560e-02,-0.0379688,-0.00106813
3.1570e-02,-0.0307813,-0.00125375
3.1580e-02,-0.0382813,-0.00139969
3.1590e-02,-0.0298438,-0.000739063
3.1600e-02,-0.0429688,-0.00124063
3.1610e-02,-0.0290625,-0.00126
3.1620e-02,-0.0282813,-0.00103969
3.1630e-02,-0.0284375,-0.00129781
3.1640e-02,-0.0292188,-0.00111938
3.1650e-02,-0.0398437,-0.00113594
3.1660e-02,-0.0354688,-0.001285
3.1670e-02,-0.025625,-0.00101531
3.1680e-02,-0.0259375,-0.00125063
3.1690e-02,-0.02125,-0.00130875
3.1700e-02,-0.0254688,-0.00137719
3.1710e-02,-0.0220313,-0.000790938
3.1720e-02,-0.0207813,-0.00115156
3.1730e-02,-0.0360938,-0.000884375
3.1740e-02,-0.0295313,-0.001155
3.1750e-02,-0.0325,-0.00085125
3.1760e-02,-0.0353125,-0.00109594
3.1770e-02,-0.0279688,-0.00119938
3.1780e-02,-0.0398437,-0.000454688
3.1790e-02,-0.0251563,-0.00101375
3.1800e-02,-0.0296875,-0.00111844
3.1810e-02,-0.04625,-0.00145625
3.1820e-02,-0.0321875,-0.000660938
3.1830e-02,-0.0346875,-0.0011075
3.1840e-02,-0.0204688,-0.000883438
3.1850e-02,-0.0196875,-0.0012875
3.1860e-02,-0.0325,-0.00120563
3.1870e-02,-0.0329688,-0.00152406
3.1880e-02,-0.0303125,-0.00107469
3.1890e-02,-0.0376563,-0.000735938
3.1900e-02,-0.0260937,-0.001445
3.1910e-02,-0.0332812,-0.00135781
3.1920e-02,-0.0320312,-0.001325
3.1930e-02,-0.0217188,-0.00125156
3.1940e-02,-0.0209375,-0.00144313
3.1950e-02,-0.0317188,-0.0012575
3.1960e-02,-0.0295313,-0.000991875
3.1970e-02,-0.0260937,-0.000891563
3.1980e-02,-0.0346875,-0.00128281
3.1990e-02,-0.035625,-0.00106437
3.2000e-02,-0.04,-0.00118313
3.2010e-02,-0.0292188,-0.00143188
3.2020e-02,-0.0329688,-0.00137781
3.2030e-02,-0.0353125,-0.000798125
3.2040e-02,-0.0260937,-0.00112063
3.2050e-02,-0.0289063,-0.00110125
3.2060e-02,-0.025,-0.000935625
3.2070e-02,-0.035625,-0.00080125
3.2080e-02,-0.0246875,-0.00117094
3.2090e-02,-0.0253125,-0.00101625
3.2100e-02,-0.0423437,-0.00116375
3.2110e-02,-0.0279688,-0.00106906
3.2120e-02,-0.0270312,-0.00132719
3.2130e-02,-0.0396875,-0.0012
3.2140e-02,-0.044375,-0.00133
3.2150e-02,-0.0428125,-0.000630625
3.2160e-02,-0.035625,-0.000848125
3.2170e-02,-0.0385937,-0.000863125
3.2180e-02,-0.0246875,-0.00133719
3.2190e-02,-0.0273438,-0.0011675
3.2200e-02,-0.0345312,-0.00160313
3.2210e-02,-0.0379688,-0.00133625
3.2220e-02,-0.04,-0.00136031
3.2230e-02,-0.0339062,-0.00086375
3.2240e-02,-0.0340625,-0.00136594
3.2250e-02,-0.0303125,-0.000554063
3.2260e-02,-0.0404687,-0.000979063
3.2270e-02,-0.035,-0.00122656
3.2280e-02,-0.038125,-0.000760938
3.2290e-02,-0.033125,-0.00115781
3.2300e-02,-0.0198438,-0.00125563
3.2310e-02,-0.0265625,-0.000621875
3.2320e-02,-0.0289063,-0.000951563
3.2330e-02,-0.0384375,-0.00118406
3.2340e-02,-0.0365625,-0.000839063
3.2350e-02,-0.0348437,-0.00091875
3.2360e-02,-0.029375,-0.00120844
3.2370e-02,-0.0426562,-0.00153469
3.2380e-02,-0.0346875,-0.00129813
3.2390e-02,-0.0335937,-0.00126281
3.2400e-02,-0.0476562,-0.00149563
3.2410e-02,-0.0339062,-0.00121719
3.2420e-02,-0.044375,-0.000912188
3.2430e-02,-0.0365625,-0.001115
3.2440e-02,-0.0323438,-0.00156531
3.2450e-02,-0.0335937,-0.00113375
3.2460e-02,-0.0329688,-0.00107438
3.2470e-02,-0.0454688,-0.00057875
3.2480e-02,-0.0354688,-0.00092625
3.2490e-02,-0.0340625,-0.000747188
3.2500e-02,-0.0378125,-0.000956875
3.2510e-02,-0.0303125,-0.00129406
3.2520e-02,-0.0364063,-0.00133219
3.2530e-02,-0.0301563,-0.00116125
3.2540e-02,-0.030625,-0.000964375
3.2550e-02,-0.0370313,-0.00130188
3.2560e-02,-0.0454688,-0.00112531
3.2570e-02,-0.034375,-0.00133063
3.2580e-02,-0.0325,-0.00116562
3.2590e-02,-0.0342187,-0.000885313
3.2600e-02,-0.0420312,-0.000944375
3.2610e-02,-0.0371875,-0.00109375
3.2620e-02,-0.0303125,-0.000999063
3.2630e-02,-0.0321875,-0.00131188
3.2640e-02,-0.04,-0.00122625
3.2650e-02,-0.0342187,-0.00153031
3.2660e-02,-0.0417187,-0.00118813
3.2670e-02,-0.0284375,-0.00114437
3.2680e-02,-0.0423437,-0.00114813
3.2690e-02,-0.0370313,-0.000986875
3.2700e-02,-0.0409375,-0.00138969
3.2710e-02,-0.0420312,-0.000788438
3.2720e-02,-0.0310937,-0.00106594
3.2730e-02,-0.0475,-0.00120563
3.2740e-02,-0.026875,-0.00142688
3.2750e-02,-0.0415625,-0.0015775
3.2760e-02,-0.0403125,-0.00106031
3.2770e-02,-0.0428125,-0.000590313
3.2780e-02,-0.05,-0.000996875
3.2790e-02,-0.046875,-0.000545938
3.2800e-02,-0.0295313,-0.000980313
3.2810e-02,-0.0457813,-0.0010775
3.2820e-02,-0.0332812,-0.00101219
3.2830e-02,-0.0345312,-0.00104219
3.2840e-02,-0.0296875,-0.001245
3.2850e-02,-0.0435938,-0.000933125
3.2860e-02,-0.03375,-0.00112438
3.2870e-02,-0.0407813,-0.00115438
3.2880e-02,-0.03625,-0.00111094
3.2890e-02,-0.0357813,-0.00158031
3.2900e-02,-0.039375,-0.0008675
3.2910e-02,-0.0390625,-0.00123844
3.2920e-02,-0.0371875,-0.00083
3.2930e-02,-0.0354688,-0.00111469
3.2940e-02,-0.03875,-0.00115344
3.2950e-02,-0.0390625,-0.00116375
3.2960e-02,-0.053125,-0.0013625
3.2970e-02,-0.0207813,-0.0009675
3.2980e-02,-0.0290625,-0.00123719
3.2990e-02,-0.0289063,-0.000925313
3.3000e-02,-0.0370313,-0.000677813
3.3010e-02,-0.0429688,-0.00124688
3.3020e-02,-0.030625,-0.00119594
3.3030e-02,-0.0325,-0.00122156
3.3040e-02,-0.0378125,-0.00118938
3.3050e-02,-0.0417187,-0.00133594
3.3060e-02,-0.0378125,-0.000909063
3.3070e-02,-0.049375,-0.00133938
3.3080e-02,-0.041875,-0.000925625
3.3090e-02,-0.035,-0.00081875
3.3100e-02,-0.0320312,-0.00123563
3.3110e-02,-0.0379688,-0.00116562
3.3120e-02,-0.0328125,-0.000904063
3.3130e-02,-0.0407813,-0.00167031
3.3140e-02,-0.0398437,-0.00091625
3.3150e-02,-0.0446875,-0.00128469
3.3160e-02,-0.0285938,-0.000883438
3.3170e-02,-0.0375,-0.00062125
3.3180e-02,-0.0423437,-0.000804688
3.3190e-02,-0.0432813,-0.00103406
3.3200e-02,-0.0339062,-0.00119063
3.3210e-02,-0.05125,-0.00152344
3.3220e-02,-0.041875,-0.00111688
3.3230e-02,-0.0460938,-0.00123156
3.3240e-02,-0.0295313,-0.000820625
3.3250e-02,-0.0457813,-0.00121844
3.3260e-02,-0.0359375,-0.00081625
3.3270e-02,-0.0414063,-0.00080375
3.3280e-02,-0.0315625,-0.00147219
3.3290e-02,-0.0351562,-0.00116875
3.3300e-02,-0.0367188,-0.00139281
3.3310e-02,-0.0278125,-0.00106437
3.3320e-02,-0.0370313,-0.00158469
3.3330e-02,-0.0348437,-0.00113438
3.3340e-02,-0.025,-0.00113281
3.3350e-02,-0.0323438,-0.000972813
3.3360e-02,-0.0335937,-0.00131063
3.3370e-02,-0.0321875,-0.00141531
3.3380e-02,-0.0278125,-0.00107375
3.3390e-02,-0.0465625,-0.00105438
3.3400e-02,-0.0339062,-0.000820625
3.3410e-02,-0.034375,-0.000854063
3.3420e-02,-0.0334375,-0.000974063
3.3430e-02,-0.0278125,-0.00140094
3.3440e-02,-0.0334375,-0.000996563
3.3450e-02,-0.0425,-0.00122813
3.3460e-02,-0.03,-0.000985625
3.3470e-02,-0.0307813,-0.00112875
3.3480e-02,-0.0373438,-0.00129688
3.3490e-02,-0.0353125,-0.001215
3.3500e-02,-0.0332812,-0.0010625
3.3510e-02,-0.02875,-0.00139938
3.3520e-02,-0.0359375,-0.0012075
3.3530e-02,-0.02625,-0.000757813
3.3540e-02,-0.0332812,-0.000782813
3.3550e-02,-0.0398437,-0.00106125
3.3560e-02,-0.0442188,-0.000620938
3.3570e-02,-0.0378125,-0.00123281
3.3580e-02,-0.0439063,-0.000804375
3.3590e-02,-0.0417187,-0.000773125
3.3600e-02,-0.0321875,-0.00135969
3.3610e-02,-0.0465625,-0.00105844
3.3620e-02,-0.0409375,-0.000485938
3.3630e-02,-0.0440625,-0.000809688
3.3640e-02,-0.0389063,-0.000765625
3.3650e-02,-0.0385937,-0.00107719
3.3660e-02,-0.0440625,-0.000805313
3.3670e-02,-0.0357813,-0.00160063
3.3680e-02,-0.0321875,-0.00116188
3.3690e-02,-0.035625,-0.00128688
3.3700e-02,-0.0251563,-0.00130063
3.3710e-02,-0.034375,-0.00080625
3.3720e-02,-0.035,-0.001315
3.3730e-02,-0.049375,-0.00118938
3.3740e-02,-0.0301563,-0.00128813
3.3750e-02,-0.040625,-0.00116406
3.3760e-02,-0.0454688,-0.00107125
3.3770e-02,-0.0385937,-0.0011525
3.3780e-02,-0.0404687,-0.00133688
3.3790e-02,-0.03125,-0.00166875
3.3800e-02,-0.0429688,-0.000774375
3.3810e-02,-0.0270312,-0.00115813
3.3820e-02,-0.0340625,-0.00119188
3.3830e-02,-0.0404687,-0.00114406
3.3840e-02,-0.0195312,-0.0011325
3.3850e-02,-0.0404687,-0.00121656
3.3860e-02,-0.0392187,-0.00136063
3.3870e-02,-0.0285938,-0.000965938
3.3880e-02,-0.0442188,-0.000949375
3.3890e-02,-0.0385937,-0.00076125
3.3900e-02,-0.0404687,-0.0011925
3.3910e-02,-0.0371875,-0.00153625
3.3920e-02,-0.03875,-0.00143406
3.3930e-02,-0.0346875,-0.00134344
3.3940e-02,-0.0340625,-0.00111469
3.3950e-02,-0.0403125,-0.00108844
3.3960e-02,-0.0229687,-0.00106813
3.3970e-02,-0.0515625,-0.00115344
3.3980e-02,-0.0415625,-0.00121344
3.3990e-02,-0.0332812,-0.00101313
3.4000e-02,-0.04625,-0.00096875
3.4010e-02,-0.0260937,-0.00125688
3.4020e-02,-0.0384375,-0.0010475
3.4030e-02,-0.04125,-0.000798125
3.4040e-02,-0.0385937,-0.00130469
3.4050e-02,-0.0232812,-0.00106063
3.4060e-02,-0.0453125,-0.00143594
3.4070e-02,-0.0346875,-0.00148313
3.4080e-02,-0.0496875,-0.00125094
3.4090e-02,-0.0354688,-0.00109313
3.4100e-02,-0.0440625,-0.000900313
3.4110e-02,-0.044375,-0.00095
3.4120e-02,-0.0392187,-0.000830938
3.4130e-02,-0.0434375,-0.00125281
3.4140e-02,-0.0340625,-0.00127188
3.4150e-02,-0.0514063,-0.00125531
3.4160e-02,-0.043125,-0.00144844
3.4170e-02,-0.0332812,-0.00134719
3.4180e-02,-0.0359375,-0.00131563
3.4190e-02,-0.0479688,-0.00140781
3.4200e-02,-0.0339062,-0.000891563
3.4210e-02,-0.0470312,-0.00103188
3.4220e-02,-0.0471875,-0.00136594
3.4230e-02,-0.0339062,-0.00140188
3.4240e-02,-0.0342187,-0.000933125
3.4250e-02,-0.0329688,-0.00101156
3.4260e-02,-0.028125,-0.00119
3.4270e-02,-0.0329688,-0.00110688
3.4280e-02,-0.0423437,-0.00105438
3.4290e-02,-0.0329688,-0.00073875
3.4300e-02,-0.0275,-0.00100062
3.4310e-02,-0.0409375,-0.00149188
3.4320e-02,-0.0367188,-0.00154875
3.4330e-02,-0.036875,-0.00120938
3.4340e-02,-0.038125,-0.00137406
3.4350e-02,-0.044375,-0.00138906
3.4360e-02,-0.0275,-0.000863125
3.4370e-02,-0.0421875,-0.00120719
3.4380e-02,-0.0417187,-0.001495
3.4390e-02,-0.0357813,-0.00127844
3.4400e-02,-0.034375,-0.00127688
3.4410e-02,-0.0304688,-0.00159094
3.4420e-02,-0.0310937,-0.00131344
3.4430e-02,-0.0365625,-0.0012725
3.4440e-02,-0.0375,-0.00128719
3.4450e-02,-0.0390625,-0.00103219
3.4460e-02,-0.0290625,-0.00113625
3.4470e-02,-0.0428125,-0.000830938
3.4480e-02,-0.0264062,-0.00121813
3.4490e-02,-0.045625,-0.00112094
3.4500e-02,-0.0323438,-0.001245
3.4510e-02,-0.0270312,-0.00107656
3.4520e-02,-0.0382813,-0.00135594
3.4530e-02,-0.0357813,-0.000728125
3.4540e-02,-0.0365625,-0.00158844
3.4550e-02,-0.0554687,-0.00119781
3.4560e-02,-0.040625,-0.00111594
3.4570e-02,-0.031875,-0.00104438
3.4580e-02,-0.0271875,-0.00150906
3.4590e-02,-0.0328125,-0.00118219
3.4600e-02,-0.0425,-0.00131406
3.4610e-02,-0.0376563,-0.00102875
3.4620e-02,-0.040625,-0.00130625
3.4630e-02,-0.025,-0.000809688
3.4640e-02,-0.03375,-0.00156844
3.4650e-02,-0.03125,-0.00119438
3.4660e-02,-0.0382813,-0.00117031
3.4670e-02,-0.0423437,-0.00084125
3.4680e-02,-0.0417187,-0.00123281
3.4690e-02,-0.0384375,-0.000946563
3.4700e-02,-0.0482812,-0.00107781
3.4710e-02,-0.0323438,-0.00134188
3.4720e-02,-0.0325,-0.00126625
3.4730e-02,-0.028125,-0.00140844
3.4740e-02,-0.0415625,-0.0009125
3.4750e-02,-0.0321875,-0.00128688
3.4760e-02,-0.044375,-0.00118219
3.4770e-02,-0.0275,-0.00117188
3.4780e-02,-0.0473438,-0.00107938
3.4790e-02,-0.04375,-0.00103625
3.4800e-02,-0.036875,-0.00102156
3.4810e-02,-0.0460938,-0.00083125
3.4820e-02,-0.0434375,-0.00150563
3.4830e-02,-0.0360938,-0.00117969
3.4840e-02,-0.0410937,-0.0012925
3.4850e-02,-0.0334375,-0.00133656
3.4860e-02,-0.0292188,-0.00139094
3.4870e-02,-0.0342187,-0.00132344
3.4880e-02,-0.0445313,-0.00139531
3.4890e-02,-0.03375,-0.00152125
3.4900e-02,-0.0525,-0.00110313
3.4910e-02,-0.03625,-0.00123719
3.4920e-02,-0.0376563,-0.00132
3.4930e-02,-0.0392187,-0.00133
3.4940e-02,-0.0348437,-0.00127969
3.4950e-02,-0.0504687,-0.00111844
3.4960e-02,-0.0409375,-0.00128188
3.4970e-02,-0.0378125,-0.00127688
3.4980e-02,-0.0454688,-0.00106031
3.4990e-02,-0.02125,-0.00134906
3.5000e-02,-0.0328125,-0.001665
3.5010e-02,-0.0475,-0.00132438
3.5020e-02,-0.0465625,-0.00132125
3.5030e-02,-0.0515625,-0.00086
3.5040e-02,-0.0301563,-0.00084375
3.5050e-02,-0.0467188,-0.00092125
3.5060e-02,-0.0290625,-0.00108531
3.5070e-02,-0.0398437,-0.0010175
3.5080e-02,-0.0392187,-0.00157719
3.5090e-02,-0.049375,-0.000970313
3.5100e-02,-0.0382813,-0.0011125
3.5110e-02,-0.046875,-0.00127844
3.5120e-02,-0.0445313,-0.00103781
3.5130e-02,-0.043125,-0.00122063
3.5140e-02,-0.0395313,-0.000924688
3.5150e-02,-0.0317188,-0.00132781
3.5160e-02,-0.0414063,-0.00124094
3.5170e-02,-0.0398437,-0.00115688
3.5180e-02,-0.0357813,-0.0013575
3.5190e-02,-0.0425,-0.00106344
3.5200e-02,-0.0353125,-0.0009575
3.5210e-02,-0.0465625,-0.00115406
3.5220e-02,-0.0435938,-0.00102
3.5230e-02,-0.0398437,-0.000504688
3.5240e-02,-0.0340625,-0.00123781
3.5250e-02,-0.0434375,-0.001305
3.5260e-02,-0.0340625,-0.00136406
3.5270e-02,-0.035625,-0.00106719
3.5280e-02,-0.04,-0.00140375
3.5290e-02,-0.03625,-0.00111781
3.5300e-02,-0.0303125,-0.00110969
3.5310e-02,-0.055625,-0.00136875
3.5320e-02,-0.0415625,-0.00141969
3.5330e-02,-0.0451563,-0.0012925
3.5340e-02,-0.0434375,-0.00110375
3.5350e-02,-0.0314062,-0.00139031
3.5360e-02,-0.0439063,-0.000896563
3.5370e-02,-0.0420312,-0.000788438
3.5380e-02,-0.048125,-0.000930625
3.5390e-02,-0.0409375,-0.000962813
3.5400e-02,-0.04125,-0.00152094
3.5410e-02,-0.0345312,-0.00142563
3.5420e-02,-0.05125,-0.00118938
3.5430e-02,-0.0345312,-0.00121188
3.5440e-02,-0.035625,-0.00087625
3.5450e-02,-0.03875,-0.000719063
3.5460e-02,-0.0373438,-0.000933125
3.5470e-02,-0.0415625,-0.0011325
3.5480e-02,-0.0382813,-0.00115313
3.5490e-02,-0.035625,-0.00134375
3.5500e-02,-0.0320312,-0.0012375
3.5510e-02,-0.0365625,-0.00138875
3.5520e-02,-0.0439063,-0.00107063
3.5530e-02,-0.0401563,-0.00102406
3.5540e-02,-0.0395313,-0.00113813
3.5550e-02,-0.034375,-0.00146188
3.5560e-02,-0.0428125,-0.00159125
3.5570e-02,-0.0445313,-0.00145719
3.5580e-02,-0.0582813,-0.00123469
3.5590e-02,-0.0423437,-0.000937188
3.5600e-02,-0.0471875,-0.00117156
3.5610e-02,-0.0389063,-0.000980313
3.5620e-02,-0.0403125,-0.00126563
3.5630e-02,-0.0371875,-0.00109719
3.5640e-02,-0.0390625,-0.000934063
3.5650e-02,-0.0420312,-0.00118969
3.5660e-02,-0.0382813,-0.00110719
3.5670e-02,-0.05,-0.00106719
3.5680e-02,-0.0482812,-0.00156031
3.5690e-02,-0.044375,-0.00111781
3.5700e-02,-0.0529687,-0.00111938
3.5710e-02,-0.0464062,-0.00123656
3.5720e-02,-0.0370313,-0.001045
3.5730e-02,-0.0485938,-0.00130125
3.5740e-02,-0.0332812,-0.00150719
3.5750e-02,-0.0321875,-0.00116125
3.5760e-02,-0.0440625,-0.000887813
3.5770e-02,-0.0332812,-0.00129094
3.5780e-02,-0.0415625,-0.00103094
3.5790e-02,-0.03625,-0.00103469
3.5800e-02,-0.038125,-0.000858438
3.5810e-02,-0.054375,-0.000996875
3.5820e-02,-0.0360938,-0.00114844
3.5830e-02,-0.0501562,-0.00118188
3.5840e-02,-0.03375,-0.00118781
3.5850e-02,-0.0457813,-0.00147219
3.5860e-02,-0.0503125,-0.000935
3.5870e-02,-0.035625,-0.00088
3.5880e-02,-0.0378125,-0.00181219
3.5890e-02,-0.04375,-0.00143969
3.5900e-02,-0.0479688,-0.00143906
3.5910e-02,-0.03875,-0.00138375
3.5920e-02,-0.039375,-0.00131656
3.5930e-02,-0.04375,-0.00108406
3.5940e-02,-0.0339062,-0.00110969
3.5950e-02,-0.0446875,-0.00123188
3.5960e-02,-0.0639062,-0.000744688
3.5970e-02,-0.0264062,-0.00139031
3.5980e-02,-0.0365625,-0.0008975
3.5990e-02,-0.0434375,-0.00118906
3.6000e-02,-0.028125,-0.000954375
3.6010e-02,-0.0373438,-0.000828438
3.6020e-02,-0.0340625,-0.000921875
3.6030e-02,-0.043125,-0.000571875
3.6040e-02,-0.035,-0.000517813
3.6050e-02,-0.0367188,-0.00119406
3.6060e-02,-0.0514063,-0.00121469
3.6070e-02,-0.0434375,-0.000953438
3.6080e-02,-0.048125,-0.00148875
3.6090e-02,-0.0425,-0.00120406
3.6100e-02,-0.0365625,-0.00106781
3.6110e-02,-0.0398437,-0.000864375
3.6120e-02,-0.031875,-0.001405
3.6130e-02,-0.0303125,-0.00121438
3.6140e-02,-0.0370313,-0.00102031
3.6150e-02,-0.0404687,-0.000635
3.6160e-02,-0.0407813,-0.000805938
3.6170e-02,-0.0407813,-0.000935938
3.6180e-02,-0.0398437,-0.000975
3.6190e-02,-0.045625,-0.000680313
3.6200e-02,-0.0351562,-0.00105281
3.6210e-02,-0.0425,-0.00114375
3.6220e-02,-0.0321875,-0.0009475
3.6230e-02,-0.0464062,-0.00129
3.6240e-02,-0.0378125,-0.00137406
3.6250e-02,-0.0360938,-0.00130438
3.6260e-02,-0.0464062,-0.0012925
3.6270e-02,-0.0407813,-0.000970313
3.6280e-02,-0.0371875,-0.00134188
3.6290e-02,-0.033125,-0.00107094
3.6300e-02,-0.0359375,-0.00120688
3.6310e-02,-0.0475,-0.00138594
3.6320e-02,-0.0470312,-0.000912188
3.6330e-02,-0.0354688,-0.00152
3.6340e-02,-0.0371875,-0.00115563
3.6350e-02,-0.056875,-0.000885313
3.6360e-02,-0.0398437,-0.00073625
3.6370e-02,-0.049375,-0.0011675
3.6380e-02,-0.0395313,-0.00160344
3.6390e-02,-0.0448438,-0.0009425
3.6400e-02,-0.0409375,-0.00114125
3.6410e-02,-0.0421875,-0.00106469
3.6420e-02,-0.0375,-0.00107594
3.6430e-02,-0.0334375,-0.00116313
3.6440e-02,-0.0479688,-0.00112938
3.6450e-02,-0.0307813,-0.001075
3.6460e-02,-0.04125,-0.00107375
3.6470e-02,-0.0370313,-0.00110125
3.6480e-02,0.0751562,-0.00116719
3.6490e-02,0.108594,-0.00333031
3.6500e-02,1.91859,-0.00636125
3.6510e-02,0.383281,-0.00736781
3.6520e-02,-0.507812,-0.00824437
3.6530e-02,0.0715625,-0.00754813
3.6540e-02,0.119375,-0.00754531
3.6550e-02,0.0934375,-0.00750094
3.6560e-02,0.0942188,-0.00769969
3.6570e-02,0.0785938,-0.00750938
3.6580e-02,0.0667187,-0.00754281
3.6590e-02,0.0585938,-0.00749813
3.6600e-02,0.0623438,-0.00751906
3.6610e-02,0.0554687,-0.00749875
3.6620e-02,0.0398437,-0.00752938
3.6630e-02,0.034375,-0.007605
3.6640e-02,0.0445312,-0.00746344
3.6650e-02,0.0301562,-0.00756781
3.6660e-02,0.0390625,-0.00760063
3.6670e-02,0.0359375,-0.00748656
3.6680e-02,0.0239063,-0.00759875
3.6690e-02,0.02375,-0.00754438
3.6700e-02,0.0132812,-0.00741781
3.6710e-02,0.0284375,-0.00742594
3.6720e-02,0.014375,-0.00754406
3.6730e-02,0.0309375,-0.00742781
3.6740e-02,0.026875,-0.00533063
3.6750e-02,0.0195313,-0.00282469
3.6760e-02,0.0196875,-0.00196594
3.6770e-02,0.0110937,-0.00161094
3.6780e-02,0.0214062,-0.00187281
3.6790e-02,0.0279688,-0.0021175
3.6800e-02,0.0182813,-0.00138281
3.6810e-02,0.00859375,-0.000915
3.6820e-02,0.0146875,-0.000580938
3.6830e-02,0.0075,-0.000889688
3.6840e-02,0,-0.00148813
3.6850e-02,0.00640625,-0.00166281
3.6860e-02,0.0059375,-0.00158469
3.6870e-02,0.005,-0.00141219
3.6880e-02,0.01875,-0.00124125
3.6890e-02,0.0107812,-0.00141219
3.6900e-02,0.00171875,-0.00136688
3.6910e-02,-0.00296875,-0.0012975
3.6920e-02,0.0110937,-0.00117313
3.6930e-02,-0.0078125,-0.00086125
3.6940e-02,-0.0003125,-0.00058375
3.6950e-02,0.00234375,-0.000836875
3.6960e-02,-0.01,-0.00145219
3.6970e-02,-0.00203125,-0.0015225
3.6980e-02,0,-0.00162594
3.6990e-02,-0.00078125,-0.00141031
3.7000e-02,-0.00609375,-0.00102156
3.7010e-02,-0.00109375,-0.00106469
3.7020e-02,0.00328125,-0.00135688
3.7030e-02,0.00515625,-0.00157188
3.7040e-02,0.0078125,-0.00112875
3.7050e-02,-0.0025,-0.00147656
3.7060e-02,0.00578125,-0.001275
3.7070e-02,-0.00171875,-0.000483438
3.7080e-02,0.00171875,-0.00124625
3.7090e-02,0.0040625,-0.000922188
3.7100e-02,-0.00984375,-0.00090625
3.7110e-02,-0.00515625,-0.000904375
3.7120e-02,-0.01125,-0.00091875
3.7130e-02,-0.00109375,-0.00124375
3.7140e-02,0.004375,-0.000948438
3.7150e-02,-0.00890625,-0.00092875
3.7160e-02,-0.00796875,-0.00128438
3.7170e-02,-0.00234375,-0.00077625
3.7180e-02,-0.00640625,-0.000996563
3.7190e-02,-0.00921875,-0.000874375
3.7200e-02,-0.01375,-0.00147438
3.7210e-02,-0.01,-0.00103344
3.7220e-02,-0.0165625,-0.00117
3.7230e-02,-0.004375,-0.00109844
3.7240e-02,-0.001875,-0.00125031
3.7250e-02,-0.0209375,-0.00112156
3.7260e-02,-0.0153125,-0.0012275
3.7270e-02,-0.0065625,-0.00134563
3.7280e-02,-0.008125,-0.00117938
3.7290e-02,0.00390625,-0.001035
3.7300e-02,-0.0145312,-0.000718125
3.7310e-02,-0.0090625,-0.0011525
3.7320e-02,-0.00890625,-0.001115
3.7330e-02,-0.00875,-0.000713125
3.7340e-02,-0.0120313,-0.0012275
3.7350e-02,-0.00453125,-0.000911875
3.7360e-02,-0.0101563,-0.000814688
3.7370e-02,-0.0129688,-0.00130344
3.7380e-02,-0.00515625,-0.000883438
3.7390e-02,-0.00859375,-0.00085875
3.7400e-02,-0.01375,-0.00113969
3.7410e-02,-0.00890625,-0.000920625
3.7420e-02,-0.0132813,-0.00139031
3.7430e-02,-0.011875,-0.00146719
3.7440e-02,-0.0190625,-0.000993125
3.7450e-02,-0.0120313,-0.00116531
3.7460e-02,-0.01875,-0.001255
3.7470e-02,-0.0209375,-0.00127063
3.7480e-02,-0.0146875,-0.000965625
3.7490e-02,-0.0221875,-0.000954063
3.7500e-02,-0.00984375,-0.00100094
3.7510e-02,-0.0101563,-0.00120906
3.7520e-02,-0.016875,-0.00104688
3.7530e-02,-0.0135937,-0.000955938
3.7540e-02,-0.0171875,-0.00142594
3.7550e-02,-0.024375,-0.000996563
3.7560e-02,-0.016875,-0.000828125
3.7570e-02,-0.0126563,-0.00102688
3.7580e-02,-0.018125,-0.00133469
3.7590e-02,-0.013125,-0.00103344
3.7600e-02,-0.0114062,-0.000809375
3.7610e-02,-0.0135937,-0.00110063
3.7620e-02,-0.01875,-0.000854063
3.7630e-02,-0.0160938,-0.00091125
3.7640e-02,-0.0154687,-0.00161438
3.7650e-02,-0.01875,-0.00109375
3.7660e-02,-0.02375,-0.00150875
3.7670e-02,-0.0167188,-0.000862188
3.7680e-02,-0.0125,-0.00114875
3.7690e-02,-0.0223437,-0.00121813
3.7700e-02,-0.0078125,-0.00140688
3.7710e-02,-0.01875,-0.000869375
3.7720e-02,-0.0192187,-0.000626563
3.7730e-02,-0.0123438,-0.00107719
3.7740e-02,-0.010625,-0.000792813
3.7750e-02,-0.0115625,-0.00105813
3.7760e-02,-0.0170313,-0.00121531
3.7770e-02,-0.0132813,-0.000975
3.7780e-02,-0.0275,-0.00139156
3.7790e-02,-0.006875,-0.00141438
3.7800e-02,-0.019375,-0.00145813
3.7810e-02,-0.0214063,-0.00158969
3.7820e-02,-0.0154687,-0.00146094
3.7830e-02,-0.0135937,-0.000886563
3.7840e-02,-0.00734375,-0.00128531
3.7850e-02,-0.0120313,-0.000915625
3.7860e-02,-0.0184375,-0.0007275
3.7870e-02,-0.006875,-0.00108094
3.7880e-02,-0.0145312,-0.000813438
3.7890e-02,-0.025625,-0.00094625
3.7900e-02,-0.0164063,-0.000914375
3.7910e-02,-0.0151562,-0.00146594
3.7920e-02,-0.0142188,-0.0008975
3.7930e-02,-0.0309375,-0.00121
3.7940e-02,-0.0190625,-0.00078875
3.7950e-02,-0.0246875,-0.00100781
3.7960e-02,-0.02375,-0.000920313
3.7970e-02,-0.0179687,-0.00105
3.7980e-02,-0.0251563,-0.000908438
3.7990e-02,-0.0229687,-0.000821875
3.8000e-02,-0.0264062,-0.00133375
3.8010e-02,-0.00765625,-0.00122656
3.8020e-02,-0.0170313,-0.00142656
3.8030e-02,-0.0260937,-0.00146125
3.8040e-02,-0.0160938,-0.000439063
3.8050e-02,-0.0109375,-0.00122969
3.8060e-02,-0.0234375,-0.000861563
3.8070e-02,-0.0196875,-0.00122656
3.8080e-02,-0.0190625,-0.00135781
3.8090e-02,-0.0209375,-0.00123531
3.8100e-02,-0.0246875,-0.000859375
3.8110e-02,-0.0251563,-0.00114313
3.8120e-02,-0.0239063,-0.000711563
3.8130e-02,-0.0164063,-0.00125063
3.8140e-02,-0.016875,-0.00136969
3.8150e-02,-0.019375,-0.00122844
3.8160e-02,-0.0207813,-0.00128281
3.8170e-02,-0.0196875,-0.00165656
3.8180e-02,-0.0235938,-0.00134875
3.8190e-02,-0.0198438,-0.00156406
3.8200e-02,-0.0135937,-0.00126281
3.8210e-02,-0.0228125,-0.0013475
3.8220e-02,-0.0189062,-0.00115594
3.8230e-02,-0.001875,-0.0008525
3.8240e-02,-0.029375,-0.00119656
3.8250e-02,-0.0165625,-0.000843438
3.8260e-02,-0.02,-0.00101156
3.8270e-02,-0.0225,-0.000958438
3.8280e-02,-0.0284375,-0.000818125
3.8290e-02,-0.0173438,-0.00102781
3.8300e-02,-0.0198438,-0.000984688
3.8310e-02,-0.035,-0.00153813
3.8320e-02,-0.0315625,-0.00129844
3.8330e-02,-0.0259375,-0.00105594
3.8340e-02,-0.0192187,-0.00100938
3.8350e-02,-0.0192187,-0.001035
3.8360e-02,-0.0260937,-0.000685313
3.8370e-02,-0.0320312,-0.00135563
3.8380e-02,-0.0242188,-0.00117094
3.8390e-02,-0.0275,-0.00133594
3.8400e-02,-0.0223437,-0.00139969
3.8410e-02,-0.0175,-0.0012775
3.8420e-02,-0.02625,-0.00120344
3.8430e-02,-0.026875,-0.00131531
3.8440e-02,-0.0259375,-0.00101563
3.8450e-02,-0.0178125,-0.00142438
3.8460e-02,-0.0326562,-0.000761875
3.8470e-02,-0.015625,-0.000817188
3.8480e-02,-0.020625,-0.000827188
3.8490e-02,-0.0270312,-0.00088125
3.8500e-02,-0.016875,-0.00137313
3.8510e-02,-0.0320312,-0.00101781
3.8520e-02,-0.035625,-0.00106625
3.8530e-02,-0.015625,-0.00150844
3.8540e-02,-0.01,-0.00132188
3.8550e-02,-0.0184375,-0.000524063
3.8560e-02,-0.0165625,-0.000880313
3.8570e-02,-0.0253125,-0.00107906
3.8580e-02,-0.0207813,-0.000782188
3.8590e-02,-0.02875,-0.00117281
3.8600e-02,-0.02375,-0.00134594
3.8610e-02,-0.015,-0.00138906
3.8620e-02,-0.0221875,-0.001585
3.8630e-02,-0.0207813,-0.000804688
3.8640e-02,-0.030625,-0.00140719
3.8650e-02,-0.0173438,-0.00137719
3.8660e-02,-0.0245313,-0.00127094
3.8670e-02,-0.0232812,-0.00109969
3.8680e-02,-0.0267187,-0.00101531
3.8690e-02,-0.0301563,-0.000943125
3.8700e-02,-0.0279688,-0.000970313
3.8710e-02,-0.0271875,-0.000940313
3.8720e-02,-0.0234375,-0.00116375
3.8730e-02,-0.02625,-0.0011125
3.8740e-02,-0.0289063,-0.00106781
3.8750e-02,-0.0275,-0.00127375
3.8760e-02,-0.0153125,-0.0008225
3.8770e-02,-0.025625,-0.00149313
3.8780e-02,-0.020625,-0.00116813
3.8790e-02,-0.0328125,-0.00102969
3.8800e-02,-0.0251563,-0.00111188
3.8810e-02,-0.0298438,-0.00140031
3.8820e-02,-0.023125,-0.00131813
3.8830e-02,-0.0232812,-0.00100031
3.8840e-02,-0.0107813,-0.00110063
3.8850e-02,-0.0195312,-0.00159938
3.8860e-02,-0.0273438,-0.000817188
3.8870e-02,-0.0301563,-0.000903438
3.8880e-02,-0.03,-0.000726875
3.8890e-02,-0.0128125,-0.00130813
3.8900e-02,-0.024375,-0.000949063
3.8910e-02,-0.0267187,-0.00104406
3.8920e-02,-0.0357813,-0.00104406
3.8930e-02,-0.0253125,-0.00108344
3.8940e-02,-0.0345312,-0.00131813
3.8950e-02,-0.0264062,-0.00114469
3.8960e-02,-0.03125,-0.000875313
3.8970e-02,-0.0315625,-0.00103031
3.8980e-02,-0.0285938,-0.00102625
3.8990e-02,-0.0382813,-0.00126969
3.9000e-02,-0.0226562,-0.00115375
3.9010e-02,-0.0276563,-0.00117594
3.9020e-02,-0.0315625,-0.000803125
3.9030e-02,-0.0326562,-0.0012075
3.9040e-02,-0.0304688,-0.000999375
3.9050e-02,-0.0190625,-0.00112438
3.9060e-02,-0.0310937,-0.00113156
3.9070e-02,-0.02125,-0.000949688
3.9080e-02,-0.0235938,-0.00106781
3.9090e-02,-0.0329688,-0.00127875
3.9100e-02,-0.015625,-0.00142156
3.9110e-02,-0.0276563,-0.00147563
3.9120e-02,-0.0214063,-0.00128844
3.9130e-02,-0.048125,-0.00144844
3.9140e-02,-0.0290625,-0.0010925
3.9150e-02,-0.0251563,-0.00145469
3.9160e-02,-0.0332812,-0.00123125
3.9170e-02,-0.0265625,-0.00129813
3.9180e-02,-0.0257812,-0.001415
3.9190e-02,-0.0284375,-0.00102844
3.9200e-02,-0.0248438,-0.00120563
3.9210e-02,-0.0251563,-0.00124438
3.9220e-02,-0.0342187,-0.00118625
3.9230e-02,-0.0190625,-0.000744063
3.9240e-02,-0.0334375,-0.00110531
3.9250e-02,-0.0278125,-0.00104906
3.9260e-02,-0.0290625,-0.000917188
3.9270e-02,-0.0179687,-0.00084125
3.9280e-02,-0.0289063,-0.00127375
3.9290e-02,-0.0248438,-0.00103781
3.9300e-02,-0.034375,-0.00116875
3.9310e-02,-0.0284375,-0.00153563
3.9320e-02,-0.026875,-0.0015075
3.9330e-02,-0.0354688,-0.00105937
3.9340e-02,-0.03,-0.00134219
3.9350e-02,-0.0196875,-0.000905938
3.9360e-02,-0.023125,-0.00093875
3.9370e-02,-0.0260937,-0.000934375
3.9380e-02,-0.0226562,-0.00119344
3.9390e-02,-0.0375,-0.00152219
3.9400e-02,-0.0335937,-0.00104563
3.9410e-02,-0.0351562,-0.00129406
3.9420e-02,-0.0304688,-0.000914063
3.9430e-02,-0.035,-0.00126906
3.9440e-02,-0.033125,-0.000890313
3.9450e-02,-0.0332812,-0.000899063
3.9460e-02,-0.0275,-0.000690938
3.9470e-02,-0.0315625,-0.00075625
3.9480e-02,-0.0232812,-0.00139281
3.9490e-02,-0.0270312,-0.00133781
3.9500e-02,-0.0340625,-0.00163156
3.9510e-02,-0.0271875,-0.000970313
3.9520e-02,-0.0346875,-0.00118656
3.9530e-02,-0.0307813,-0.00129063
3.9540e-02,-0.033125,-0.00145719
3.9550e-02,-0.0271875,-0.00089625
3.9560e-02,-0.0342187,-0.000945938
3.9570e-02,-0.0179687,-0.00107281
3.9580e-02,-0.0267187,-0.00129094
3.9590e-02,-0.0345312,-0.00114469
3.9600e-02,-0.024375,-0.00129031
3.9610e-02,-0.0310937,-0.00108094
3.9620e-02,-0.0201563,-0.00107469
3.9630e-02,-0.0260937,-0.000969375
3.9640e-02,-0.0351562,-0.00105188
3.9650e-02,-0.0271875,-0.000764688
3.9660e-02,-0.0239063,-0.000743438
3.9670e-02,-0.0367188,-0.00120438
3.9680e-02,-0.0364063,-0.000809375
3.9690e-02,-0.0404687,-0.00120688
3.9700e-02,-0.0292188,-0.001465
3.9710e-02,-0.023125,-0.00131094
3.9720e-02,-0.0432813,-0.00172656
3.9730e-02,-0.0434375,-0.001165
3.9740e-02,-0.0314062,-0.00100031
3.9750e-02,-0.0359375,-0.00125188
3.9760e-02,-0.0348437,-0.00101625
3.9770e-02,-0.0371875,-0.00109406
3.9780e-02,-0.0309375,-0.00126875
3.9790e-02,-0.0329688,-0.00112469
3.9800e-02,-0.0371875,-0.000599688
3.9810e-02,-0.018125,-0.00106406
3.9820e-02,-0.0307813,-0.000951875
3.9830e-02,-0.0342187,-0.00038375
3.9840e-02,-0.0307813,-0.000839063
3.9850e-02,-0.0498438,-0.000910938
3.9860e-02,-0.0325,-0.00093875
3.9870e-02,-0.029375,-0.00120719
3.9880e-02,-0.0378125,-0.00110594
3.9890e-02,-0.02875,-0.00155906
3.9900e-02,-0.0240625,-0.000920313
3.9910e-02,-0.02875,-0.00113469
3.9920e-02,-0.029375,-0.000932813
3.9930e-02,-0.035625,-0.00135375
3.9940e-02,-0.0307813,-0.00097875
3.9950e-02,-0.033125,-0.00119406
3.9960e-02,-0.0532813,-0.00143719
3.9970e-02,-0.0409375,-0.00111938
3.9980e-02,-0.0225,-0.00099
3.9990e-02,-0.0403125,-0.00120438
4.0000e-02,-0.0376563,-0.00121781
4.0010e-02,-0.0320312,-0.000829063
4.0020e-02,-0.0376563,-0.00101813
4.0030e-02,-0.0335937,-0.000796563
4.0040e-02,-0.0253125,-0.000460313
4.0050e-02,-0.0345312,-0.00063
4.0060e-02,-0.0157813,-0.0013525
4.0070e-02,-0.0275,-0.0009025
4.0080e-02,-0.0296875,-0.00147844
4.0090e-02,-0.0373438,-0.00135531
4.0100e-02,-0.0304688,-0.00125344
4.0110e-02,-0.035,-0.00137469
4.0120e-02,-0.0373438,-0.00148969
4.0130e-02,-0.0348437,-0.00159125
4.0140e-02,-0.0367188,-0.00125469
4.0150e-02,-0.0345312,-0.000917188
4.0160e-02,-0.033125,-0.00120438
4.0170e-02,-0.0421875,-0.00146594
4.0180e-02,-0.0226562,-0.00117125
4.0190e-02,-0.03625,-0.00107063
4.0200e-02,-0.031875,-0.00103031
4.0210e-02,-0.0321875,-0.00122937
4.0220e-02,-0.0375,-0.00145656
4.0230e-02,-0.0434375,-0.00126813
4.0240e-02,-0.0295313,-0.00144281
4.0250e-02,-0.0239063,-0.00111906
4.0260e-02,-0.0346875,-0.00119406
4.0270e-02,-0.0310937,-0.00109813
4.0280e-02,-0.0295313,-0.00114
4.0290e-02,-0.0421875,-0.00126688
4.0300e-02,-0.0398437,-0.000905938
4.0310e-02,-0.0189062,-0.00126375
4.0320e-02,-0.0448438,-0.00112281
4.0330e-02,-0.0248438,-0.00122
4.0340e-02,-0.035625,-0.000885
4.0350e-02,-0.040625,-0.00107906
4.0360e-02,-0.0379688,-0.00133031
4.0370e-02,-0.0285938,-0.000842188
4.0380e-02,-0.0284375,-0.0008775
4.0390e-02,-0.038125,-0.00134031
4.0400e-02,-0.0440625,-0.00114313
4.0410e-02,-0.0328125,-0.000577188
4.0420e-02,-0.025,-0.000938125
4.0430e-02,-0.0232812,-0.000825625
4.0440e-02,-0.0304688,-0.00126688
4.0450e-02,-0.048125,-0.00100938
4.0460e-02,-0.0407813,-0.00173563
4.0470e-02,-0.0445313,-0.00102375
4.0480e-02,-0.03625,-0.00105531
4.0490e-02,-0.039375,-0.00134656
4.0500e-02,-0.0307813,-0.00139344
4.0510e-02,-0.025625,-0.00154219
4.0520e-02,-0.0257812,-0.00123531
4.0530e-02,-0.0440625,-0.00119594
4.0540e-02,-0.0414063,-0.00107719
4.0550e-02,-0.0320312,-0.00067875
4.0560e-02,-0.0342187,-0.00105594
4.0570e-02,-0.0334375,-0.000964063
4.0580e-02,-0.0232812,-0.00110156
4.0590e-02,-0.0395313,-0.00170625
4.0600e-02,-0.026875,-0.00148281
4.0610e-02,-0.0270312,-0.000520625
4.0620e-02,-0.0317188,-0.00120719
4.0630e-02,-0.035625,-0.00115344
4.0640e-02,-0.0379688,-0.00135719
4.0650e-02,-0.0446875,-0.000905313
4.0660e-02,-0.0303125,-0.000870625
4.0670e-02,-0.0367188,-0.00084
4.0680e-02,-0.0325,-0.000995625
4.0690e-02,-0.026875,-0.001115
4.0700e-02,-0.0221875,-0.00138875
4.0710e-02,-0.033125,-0.00102094
4.0720e-02,-0.0340625,-0.00118875
4.0730e-02,-0.0376563,-0.00101063
4.0740e-02,-0.0375,-0.00106844
4.0750e-02,-0.036875,-0.00162875
4.0760e-02,-0.0385937,-0.00122438
4.0770e-02,-0.0453125,-0.00127188
4.0780e-02,-0.0323438,-0.000954688
4.0790e-02,-0.0273438,-0.000886563
4.0800e-02,-0.0351562,-0.000761563
4.0810e-02,-0.0276563,-0.0009025
4.0820e-02,-0.0376563,-0.00111781
4.0830e-02,-0.0275,-0.000935625
4.0840e-02,-0.0321875,-0.00119969
4.0850e-02,-0.0342187,-0.00133656
4.0860e-02,-0.0415625,-0.000686875
4.0870e-02,-0.0392187,-0.00123281
4.0880e-02,-0.0385937,-0.00156344
4.0890e-02,-0.035,-0.00132
4.0900e-02,-0.0253125,-0.0012025
4.0910e-02,-0.03625,-0.00143219
4.0920e-02,-0.0423437,-0.00134344
4.0930e-02,-0.0301563,-0.00118656
4.0940e-02,-0.0284375,-0.0010825
4.0950e-02,-0.0315625,-0.00124906
4.0960e-02,-0.0515625,-0.000946563
4.0970e-02,-0.0532813,-0.00132
4.0980e-02,-0.031875,-0.00129469
4.0990e-02,-0.03875,-0.000833125
4.1000e-02,-0.0409375,-0.0009025
4.1010e-02,-0.0346875,-0.00126438
4.1020e-02,-0.0328125,-0.00119344
4.1030e-02,-0.04125,-0.00138969
4.1040e-02,-0.0439063,-0.00091125
4.1050e-02,-0.0401563,-0.00137281
4.1060e-02,-0.0429688,-0.0008075
4.1070e-02,-0.0432813,-0.00142844
4.1080e-02,-0.0364063,-0.00104906
4.1090e-02,-0.0351562,-0.0014125
4.1100e-02,-0.0351562,-0.00125719
4.1110e-02,-0.0278125,-0.00131313
4.1120e-02,-0.0278125,-0.00142938
4.1130e-02,-0.0345312,-0.00106625
4.1140e-02,-0.044375,-0.000662813
4.1150e-02,-0.038125,-0.000596563
4.1160e-02,-0.0334375,-0.00136656
4.1170e-02,-0.0209375,-0.000929688
4.1180e-02,-0.0354688,-0.00105156
4.1190e-02,-0.0334375,-0.00150813
4.1200e-02,-0.0364063,-0.00114031
4.1210e-02,-0.0265625,-0.00117531
4.1220e-02,-0.0326562,-0.000763438
4.1230e-02,-0.0303125,-0.00150125
4.1240e-02,-0.0321875,-0.00106219
4.1250e-02,-0.0410937,-0.000845313
4.1260e-02,-0.0375,-0.000857813
4.1270e-02,-0.0304688,-0.00114656
4.1280e-02,-0.0376563,-0.00135625
4.1290e-02,-0.0428125,-0.00165781
4.1300e-02,-0.0329688,-0.00162781
4.1310e-02,-0.0434375,-0.00151688
4.1320e-02,-0.0284375,-0.000785938
4.1330e-02,-0.0385937,-0.00112156
4.1340e-02,-0.0390625,-0.000749688
4.1350e-02,-0.036875,-0.00106156
4.1360e-02,-0.0351562,-0.0011125
4.1370e-02,-0.0320312,-0.00122937
4.1380e-02,-0.03375,-0.00132781
4.1390e-02,-0.04,-0.00123688
4.1400e-02,-0.0289063,-0.000875313
4.1410e-02,-0.02125,-0.00121781
4.1420e-02,-0.0382813,-0.00138094
4.1430e-02,-0.0440625,-0.001085
4.1440e-02,-0.0378125,-0.00105063
4.1450e-02,-0.0290625,-0.00166125
4.1460e-02,-0.0323438,-0.000966875
4.1470e-02,-0.0353125,-0.0011175
4.1480e-02,-0.0332812,-0.000983438
4.1490e-02,-0.0429688,-0.000825
4.1500e-02,-0.0265625,-0.0011625
4.1510e-02,-0.0398437,-0.00107656
4.1520e-02,-0.045625,-0.00111
4.1530e-02,-0.040625,-0.00144188
4.1540e-02,-0.035625,-0.00144938
4.1550e-02,-0.028125,-0.00101844
4.1560e-02,-0.0379688,-0.00155156
4.1570e-02,-0.0410937,-0.00128219
4.1580e-02,-0.0432813,-0.00114281
4.1590e-02,-0.03125,-0.00118938
4.1600e-02,-0.0460938,-0.00107344
4.1610e-02,-0.0353125,-0.00113094
4.1620e-02,-0.0335937,-0.00138781
4.1630e-02,-0.0392187,-0.0015475
4.1640e-02,-0.034375,-0.00143938
4.1650e-02,-0.0454688,-0.00119594
4.1660e-02,-0.0290625,-0.00119594
4.1670e-02,-0.044375,-0.00118
4.1680e-02,-0.0239063,-0.000876875
4.1690e-02,-0.0276563,-0.00151344
4.1700e-02,-0.0473438,-0.00130531
4.1710e-02,-0.0254688,-0.00126469
4.1720e-02,-0.0517188,-0.00110938
4.1730e-02,-0.0325,-0.000924375
4.1740e-02,-0.040625,-0.001105
4.1750e-02,-0.024375,-0.000913125
4.1760e-02,-0.025,-0.0009875
4.1770e-02,-0.0373438,-0.000975625
4.1780e-02,-0.0442188,-0.00088
4.1790e-02,-0.0440625,-0.0013025
4.1800e-02,-0.049375,-0.000804375
4.1810e-02,-0.050625,-0.00134219
4.1820e-02,-0.03625,-0.00133219
4.1830e-02,-0.0435938,-0.000687813
4.1840e-02,-0.0275,-0.00128656
4.1850e-02,-0.041875,-0.00127406
4.1860e-02,-0.0421875,-0.00125875
4.1870e-02,-0.0454688,-0.0014675
4.1880e-02,-0.0417187,-0.00091875
4.1890e-02,-0.0321875,-0.00108688
4.1900e-02,-0.0329688,-0.00101156
4.1910e-02,-0.0448438,-0.00115906
4.1920e-02,-0.0439063,-0.000934375
4.1930e-02,-0.035625,-0.00132719
4.1940e-02,-0.0367188,-0.00125344
4.1950e-02,-0.0371875,-0.00111125
4.1960e-02,-0.0357813,-0.0007475
4.1970e-02,-0.0485938,-0.00111156
4.1980e-02,-0.0490625,-0.000961563
4.1990e-02,-0.0420312,-0.00131656
4.2000e-02,-0.0210938,-0.00136406
4.2010e-02,-0.044375,-0.000985625
4.2020e-02,-0.03125,-0.00136906
4.2030e-02,-0.0339062,-0.000992188
4.2040e-02,-0.0448438,-0.0011725
4.2050e-02,-0.0339062,-0.00110813
4.2060e-02,-0.04625,-0.00114188
4.2070e-02,-0.045625,-0.00090875
4.2080e-02,-0.0264062,-0.00127188
4.2090e-02,-0.0367188,-0.0015775
4.2100e-02,-0.0295313,-0.00080125
4.2110e-02,-0.0353125,-0.00123875
4.2120e-02,-0.0432813,-0.00096375
4.2130e-02,-0.0396875,-0.00123719
4.2140e-02,-0.0432813,-0.001015
4.2150e-02,-0.040625,-0.00106281
4.2160e-02,-0.0410937,-0.00105594
4.2170e-02,-0.039375,-0.00120594
4.2180e-02,-0.0459375,-0.000884688
4.2190e-02,-0.04375,-0.000772813
4.2200e-02,-0.0290625,-0.000917188
4.2210e-02,-0.0379688,-0.00113719
4.2220e-02,-0.0475,-0.00126938
4.2230e-02,-0.041875,-0.00110938
4.2240e-02,-0.0321875,-0.00144
4.2250e-02,-0.046875,-0.00127969
4.2260e-02,-0.0479688,-0.00126563
4.2270e-02,-0.0379688,-0.000904063
4.2280e-02,-0.0323438,-0.00160188
4.2290e-02,-0.0448438,-0.000985313
4.2300e-02,-0.0257812,-0.000922188
4.2310e-02,-0.0470312,-0.00101219
4.2320e-02,-0.045,-0.00128813
4.2330e-02,-0.0407813,-0.00151625
4.2340e-02,-0.0382813,-0.00107281
4.2350e-02,-0.0451563,-0.0011175
4.2360e-02,-0.0359375,-0.00166313
4.2370e-02,-0.03875,-0.00107094
4.2380e-02,-0.03125,-0.00107969
4.2390e-02,-0.0348437,-0.00101625
4.2400e-02,-0.0378125,-0.00104406
4.2410e-02,-0.0409375,-0.00133813
4.2420e-02,-0.0334375,-0.00120531
4.2430e-02,-0.0379688,-0.000764063
4.2440e-02,-0.045,-0.00110813
4.2450e-02,-0.0475,-0.00152906
4.2460e-02,-0.0415625,-0.00105469
4.2470e-02,-0.0415625,-0.00079125
4.2480e-02,-0.0453125,-0.00126344
4.2490e-02,-0.0457813,-0.00142188
4.2500e-02,-0.0334375,-0.000968438
4.2510e-02,-0.031875,-0.00152
4.2520e-02,-0.045,-0.00137281
4.2530e-02,-0.0346875,-0.00110844
4.2540e-02,-0.0423437,-0.00115688
4.2550e-02,-0.034375,-0.00068
4.2560e-02,-0.039375,-0.00128688
4.2570e-02,-0.0370313,-0.00098625
4.2580e-02,-0.0410937,-0.00126719
4.2590e-02,-0.0471875,-0.0010925
4.2600e-02,-0.0415625,-0.00112094
4.2610e-02,-0.0389063,-0.00103906
4.2620e-02,-0.0364063,-0.000898125
4.2630e-02,-0.0335937,-0.000804063
4.2640e-02,-0.0434375,-0.000940938
4.2650e-02,-0.0445313,-0.00118094
4.2660e-02,-0.0428125,-0.00108781
4.2670e-02,-0.0426562,-0.00141094
4.2680e-02,-0.035,-0.00112406
4.2690e-02,-0.0532813,-0.00121531
4.2700e-02,-0.0314062,-0.00106688
4.2710e-02,-0.0303125,-0.00103969
4.2720e-02,-0.0401563,-0.00131
4.2730e-02,-0.0375,-0.00107594
4.2740e-02,-0.0265625,-0.00152688
4.2750e-02,-0.038125,-0.00109969
4.2760e-02,-0.0410937,-0.000976562
4.2770e-02,-0.0378125,-0.000789375
4.2780e-02,-0.0417187,-0.00098125
4.2790e-02,-0.0342187,-0.000822813
4.2800e-02,-0.0460938,-0.00134313
4.2810e-02,-0.0328125,-0.00100219
4.2820e-02,-0.0485938,-0.00114531
4.2830e-02,-0.0403125,-0.00111063
4.2840e-02,-0.0395313,-0.0013825
4.2850e-02,-0.0373438,-0.00131313
4.2860e-02,-0.0475,-0.00154563
4.2870e-02,-0.0367188,-0.001595
4.2880e-02,-0.0360938,-0.00128469
4.2890e-02,-0.0403125,-0.00120094
4.2900e-02,-0.0310937,-0.00103469
4.2910e-02,-0.0429688,-0.000955938
4.2920e-02,-0.0475,-0.0011775
4.2930e-02,-0.0420312,-0.00113781
4.2940e-02,-0.0385937,-0.00103281
4.2950e-02,-0.0420312,-0.000824375
4.2960e-02,-0.0332812,-0.00117188
4.2970e-02,-0.0367188,-0.00142063
4.2980e-02,-0.035,-0.000910938
4.2990e-02,-0.043125,-0.00108
4.3000e-02,-0.0378125,-0.00138906
4.3010e-02,-0.0414063,-0.00136094
4.3020e-02,-0.040625,-0.00160625
4.3030e-02,-0.034375,-0.00119188
4.3040e-02,-0.0410937,-0.00089375
4.3050e-02,-0.0459375,-0.00113781
4.3060e-02,-0.0435938,-0.00150281
4.3070e-02,-0.0373438,-0.00105906
4.3080e-02,-0.05,-0.00138781
4.3090e-02,-0.0282813,-0.00147906
4.3100e-02,-0.0395313,-0.00102594
4.3110e-02,-0.03375,-0.0009325
4.3120e-02,-0.0425,-0.000995938
4.3130e-02,-0.0389063,-0.000975
4.3140e-02,-0.0460938,-0.00108156
4.3150e-02,-0.0398437,-0.000925
4.3160e-02,-0.0267187,-0.00084125
4.3170e-02,-0.0370313,-0.00075625
4.3180e-02,-0.0339062,-0.000855938
4.3190e-02,-0.0417187,-0.00073875
4.3200e-02,-0.0439063,-0.00107813
4.3210e-02,-0.0304688,-0.00136188
4.3220e-02,-0.0242188,-0.00090375
4.3230e-02,-0.0353125,-0.00114563
4.3240e-02,-0.045,-0.00157813
4.3250e-02,-0.048125,-0.00110125
4.3260e-02,-0.0379688,-0.00129188
4.3270e-02,-0.0392187,-0.00110969
4.3280e-02,-0.0417187,-0.00132531
4.3290e-02,-0.0260937,-0.000890938
4.3300e-02,-0.0389063,-0.001305
4.3310e-02,-0.0475,-0.00115531
4.3320e-02,-0.0434375,-0.000774688
4.3330e-02,-0.0264062,-0.000885313
4.3340e-02,-0.0371875,-0.0014325
4.3350e-02,-0.0340625,-0.00122906
4.3360e-02,-0.0353125,-0.00103938
4.3370e-02,-0.0389063,-0.00177406
4.3380e-02,-0.0292188,-0.00142469
4.3390e-02,-0.0398437,-0.00113344
4.3400e-02,-0.0390625,-0.0010475
4.3410e-02,-0.043125,-0.00111969
4.3420e-02,-0.0470312,-0.000826875
4.3430e-02,-0.041875,-0.00142125
4.3440e-02,-0.05,-0.00135625
4.3450e-02,-0.0353125,-0.00139031
4.3460e-02,-0.0375,-0.00121938
4.3470e-02,-0.0465625,-0.00107594
4.3480e-02,-0.0390625,-0.00103906
4.3490e-02,-0.0484375,-0.000865625
4.3500e-02,-0.0392187,-0.000845
4.3510e-02,-0.0367188,-0.00123656
4.3520e-02,-0.0378125,-0.0010975
4.3530e-02,-0.043125,-0.00101156
4.3540e-02,-0.0378125,-0.0014
4.3550e-02,-0.0354688,-0.00118813
4.3560e-02,-0.044375,-0.00119969
4.3570e-02,-0.034375,-0.00112
4.3580e-02,-0.035,-0.00146313
4.3590e-02,-0.0273438,-0.00125906
4.3600e-02,-0.0446875,-0.00155375
4.3610e-02,-0.0426562,-0.00124781
4.3620e-02,-0.0459375,-0.00132594
4.3630e-02,-0.034375,-0.00134281
4.3640e-02,-0.0471875,-0.00135125
4.3650e-02,-0.0409375,-0.00109313
4.3660e-02,-0.0279688,-0.00142344
4.3670e-02,-0.0465625,-0.00128406
4.3680e-02,-0.0404687,-0.00090625
4.3690e-02,-0.0360938,-0.00107438
4.3700e-02,-0.0295313,-0.000689375
4.3710e-02,-0.0454688,-0.00134156
4.3720e-02,-0.0301563,-0.00135156
4.3730e-02,-0.0378125,-0.0009725
4.3740e-02,-0.0492188,-0.00115781
4.3750e-02,-0.0470312,-0.00107313
4.3760e-02,-0.0410937,-0.000880625
4.3770e-02,-0.0526563,-0.00105844
4.3780e-02,-0.0392187,-0.00129031
4.3790e-02,-0.0367188,-0.00137313
4.3800e-02,-0.0328125,-0.000938438
4.3810e-02,-0.040625,-0.00139344
4.3820e-02,-0.039375,-0.00146281
4.3830e-02,-0.0354688,-0.00121781
4.3840e-02,-0.0323438,-0.000888438
4.3850e-02,-0.0398437,-0.000772813
4.3860e-02,-0.0404687,-0.00130813
4.3870e-02,-0.0460938,-0.000988438
4.3880e-02,-0.0432813,-0.000936563
4.3890e-02,-0.0273438,-0.000875625
4.3900e-02,-0.0564063,-0.0015625
4.3910e-02,-0.0442188,-0.00112625
4.3920e-02,-0.0376563,-0.000831563
4.3930e-02,-0.0398437,-0.00127281
4.3940e-02,-0.041875,-0.000982187
4.3950e-02,-0.035,-0.00142281
4.3960e-02,-0.0392187,-0.00137219
4.3970e-02,-0.0404687,-0.00168469
4.3980e-02,-0.0353125,-0.00126563
4.3990e-02,-0.0396875,-0.0012225
4.4000e-02,-0.0490625,-0.00133969
4.4010e-02,-0.0464062,-0.00114063
4.4020e-02,-0.0432813,-0.000925625
4.4030e-02,-0.0384375,-0.000915313
4.4040e-02,-0.0428125,-0.000910938
4.4050e-02,-0.0410937,-0.00122281
4.4060e-02,-0.0476562,-0.000995625
4.4070e-02,-0.0392187,-0.00116031
4.4080e-02,-0.0479688,-0.001305
4.4090e-02,-0.0454688,-0.00120125
4.4100e-02,-0.0275,-0.00106813
4.4110e-02,-0.0346875,-0.00141656
4.4120e-02,-0.0407813,-0.0014125
4.4130e-02,-0.033125,-0.001525
4.4140e-02,-0.043125,-0.00125438
4.4150e-02,-0.0465625,-0.00127563
4.4160e-02,-0.0420312,-0.0012
4.4170e-02,-0.0489062,-0.00134969
4.4180e-02,-0.0453125,-0.00139281
4.4190e-02,-0.0451563,-0.000934688
4.4200e-02,-0.040625,-0.00075
4.4210e-02,-0.036875,-0.00128031
4.4220e-02,-0.0364063,-0.00113688
4.4230e-02,-0.0540625,-0.00154906
4.4240e-02,-0.0401563,-0.00102
4.4250e-02,-0.0304688,-0.00125781
4.4260e-02,-0.0332812,-0.000927813
4.4270e-02,-0.0446875,-0.000679063
4.4280e-02,-0.0295313,-0.00103188
4.4290e-02,-0.0485938,-0.00120594
4.4300e-02,-0.0404687,-0.00118031
4.4310e-02,-0.0565625,-0.00108406
4.4320e-02,-0.0410937,-0.00089375
4.4330e-02,-0.0370313,-0.000917813
4.4340e-02,-0.0492188,-0.000989375
4.4350e-02,-0.0396875,-0.00135
4.4360e-02,-0.0375,-0.000830938
4.4370e-02,-0.046875,-0.00157938
4.4380e-02,-0.0471875,-0.000955
4.4390e-02,-0.0371875,-0.00152531
4.4400e-02,-0.04375,-0.00118719
4.4410e-02,-0.0390625,-0.00111656
4.4420e-02,-0.0395313,-0.00115094
4.4430e-02,-0.0392187,-0.00121375
4.4440e-02,-0.0473438,-0.00116906
4.4450e-02,-0.0335937,-0.00106469
4.4460e-02,-0.0429688,-0.000977187
4.4470e-02,-0.046875,-0.00108844
4.4480e-02,-0.0065625,-0.00112688
4.4490e-02,0.805,-0.00271813
4.4500e-02,0.841562,-0.00591969
4.4510e-02,1.05625,-0.0071975
4.4520e-02,-0.0440625,-0.00837188
4.4530e-02,0.0484375,-0.00769531
4.4540e-02,0.10125,-0.00768875
4.4550e-02,0.1025,-0.0076825
4.4560e-02,0.0825,-0.00761563
4.4570e-02,0.074375,-0.00766281
4.4580e-02,0.05625,-0.00759219
4.4590e-02,0.0621875,-0.00755844
4.4600e-02,0.0485937,-0.00756813
4.4610e-02,0.0575,-0.00756063
4.4620e-02,0.0385937,-0.00741344
4.4630e-02,0.0342188,-0.00744406
4.4640e-02,0.0465625,-0.00756781
4.4650e-02,0.0323438,-0.00751031
4.4660e-02,0.0360937,-0.00749469
4.4670e-02,0.036875,-0.00746813
4.4680e-02,0.0415625,-0.00756938
4.4690e-02,0.0295312,-0.00746875
4.4700e-02,0.0220312,-0.00741969
4.4710e-02,0.0245313,-0.00733656
4.4720e-02,0.014375,-0.00752063
4.4730e-02,0.0325,-0.00763344
4.4740e-02,0.0254688,-0.00666188
4.4750e-02,0.0165625,-0.0035225
4.4760e-02,0.0196875,-0.00204469
4.4770e-02,0.0164063,-0.00162094
4.4780e-02,0.0290625,-0.00178219
4.4790e-02,0.009375,-0.00185
4.4800e-02,0.026875,-0.00140344
4.4810e-02,0.0310937,-0.00119281
4.4820e-02,0.005625,-0.00055875
4.4830e-02,0.0084375,-0.000979063
4.4840e-02,0.0107812,-0.00137281
4.4850e-02,0.00625,-0.00167
4.4860e-02,0.0090625,-0.00161281
4.4870e-02,0.00359375,-0.00143938
4.4880e-02,0.00671875,-0.000905313
4.4890e-02,0.013125,-0.000946563
4.4900e-02,0.00375,-0.000902813
4.4910e-02,0.008125,-0.0014275
4.4920e-02,0.008125,-0.00118188
4.4930e-02,0.0117188,-0.000652188
4.4940e-02,0.001875,-0.00107219
4.4950e-02,0.0075,-0.001265
4.4960e-02,0.00328125,-0.00138563
4.4970e-02,0.0164063,-0.00127156
4.4980e-02,0.00796875,-0.00136563
4.4990e-02,-0.0009375,-0.00136594
4.5000e-02,0.0142187,-0.00117594
4.5010e-02,-0.00296875,-0.000975625
4.5020e-02,0.0110937,-0.000969063
4.5030e-02,0.00171875,-0.00101
4.5040e-02,0,-0.00125156
4.5050e-02,0.0065625,-0.00113594
4.5060e-02,0.0053125,-0.000974375
4.5070e-02,-0.0107813,-0.00132156
4.5080e-02,-0.00828125,-0.00103781
4.5090e-02,0,-0.0009725
4.5100e-02,0.00859375,-0.00122844
4.5110e-02,-0.00078125,-0.00162969
4.5120e-02,-0.00828125,-0.00154969
4.5130e-02,-0.010625,-0.00178969
4.5140e-02,-0.00109375,-0.0013325
4.5150e-02,0.00625,-0.00156875
4.5160e-02,-0.00078125,-0.00126844
4.5170e-02,-0.0148437,-0.00105531
4.5180e-02,-0.0071875,-0.000905625
4.5190e-02,-0.008125,-0.00073875
4.5200e-02,-0.0173438,-0.00124125
4.5210e-02,-0.0128125,-0.00130094
4.5220e-02,-0.0132813,-0.000989063
4.5230e-02,-0.0110937,-0.00101563
4.5240e-02,-0.01125,-0.00135125
4.5250e-02,-0.00265625,-0.00153594
4.5260e-02,-0.00515625,-0.00126563
4.5270e-02,-0.0103125,-0.00100656
4.5280e-02,-0.00609375,-0.001285
4.5290e-02,-0.00734375,-0.00112375
4.5300e-02,0.0015625,-0.00085125
4.5310e-02,-0.0125,-0.00127281
4.5320e-02,-0.00640625,-0.00126594
4.5330e-02,0.0021875,-0.00111375
4.5340e-02,-0.0157813,-0.000540938
4.5350e-02,-0.016875,-0.001
4.5360e-02,-0.009375,-0.000884063
4.5370e-02,-0.0176563,-0.00151906
4.5380e-02,-0.00375,-0.00177625
4.5390e-02,-0.00984375,-0.0013475
4.5400e-02,-0.01625,-0.00120188
4.5410e-02,-0.0120313,-0.00182531
4.5420e-02,-0.005625,-0.00131219
4.5430e-02,-0.0090625,-0.00117
4.5440e-02,-0.0101563,-0.00121844
4.5450e-02,-0.0109375,-0.000836875
4.5460e-02,-0.0153125,-0.00102313
4.5470e-02,-0.00859375,-0.00157375
4.5480e-02,-0.0135937,-0.000977813
4.5490e-02,-0.0176563,-0.00123438
4.5500e-02,-0.0203125,-0.00147281
4.5510e-02,-0.006875,-0.00167406
4.5520e-02,-0.00640625,-0.00136344
4.5530e-02,-0.0234375,-0.00126
4.5540e-02,-0.0135937,-0.000945625
4.5550e-02,-0.0101563,-0.00118
4.5560e-02,-0.0145312,-0.00127781
4.5570e-02,-0.0170313,-0.00163875
4.5580e-02,-0.0201563,-0.00125563
4.5590e-02,-0.0164063,-0.000924063
4.5600e-02,-0.0125,-0.00145344
4.5610e-02,-0.0148437,-0.00147031
4.5620e-02,-0.00921875,-0.0010225
4.5630e-02,-0.0245313,-0.000975938
4.5640e-02,-0.0317188,-0.0012325
4.5650e-02,-0.0204688,-0.00112781
4.5660e-02,-0.02125,-0.000757813
4.5670e-02,-0.0223437,-0.001145
4.5680e-02,-0.0221875,-0.000618125
4.5690e-02,-0.0146875,-0.000970313
4.5700e-02,-0.0204688,-0.00117594
4.5710e-02,-0.0154687,-0.0007625
4.5720e-02,-0.0065625,-0.00141938
4.5730e-02,-0.00375,-0.00148375
4.5740e-02,-0.0160938,-0.00129813
4.5750e-02,-0.005,-0.00126813
4.5760e-02,-0.0298438,-0.00117219
4.5770e-02,-0.0304688,-0.00130844
4.5780e-02,-0.0151562,-0.0009025
4.5790e-02,-0.0160938,-0.00116531
4.5800e-02,-0.02,-0.000908438
4.5810e-02,-0.0232812,-0.00131313
4.5820e-02,-0.0235938,-0.00119188
4.5830e-02,-0.026875,-0.00148688
4.5840e-02,-0.00984375,-0.00122875
4.5850e-02,-0.0265625,-0.00129156
4.5860e-02,-0.0235938,-0.00137063
4.5870e-02,-0.0210938,-0.00126125
4.5880e-02,-0.0220313,-0.000840938
4.5890e-02,-0.0121875,-0.00116281
4.5900e-02,-0.0165625,-0.0011425
4.5910e-02,-0.0195312,-0.000924375
4.5920e-02,-0.014375,-0.00143344
4.5930e-02,-0.0123438,-0.00112844
4.5940e-02,-0.0234375,-0.00100062
4.5950e-02,-0.0165625,-0.001065
4.5960e-02,-0.023125,-0.000960938
4.5970e-02,-0.015625,-0.00138125
4.5980e-02,-0.0185937,-0.00123625
4.5990e-02,-0.0257812,-0.00132781
4.6000e-02,-0.0271875,-0.000615938
4.6010e-02,-0.011875,-0.00134906
4.6020e-02,-0.0179687,-0.0010675
4.6030e-02,-0.0190625,-0.00152188
4.6040e-02,-0.02375,-0.000889375
4.6050e-02,-0.0185937,-0.00126188
4.6060e-02,-0.0325,-0.000969688
4.6070e-02,-0.0185937,-0.000855313
4.6080e-02,-0.0246875,-0.000934063
4.6090e-02,-0.028125,-0.000990625
4.6100e-02,-0.0204688,-0.00131063
4.6110e-02,-0.00453125,-0.00101563
4.6120e-02,-0.0165625,-0.0009275
4.6130e-02,-0.02125,-0.00116375
4.6140e-02,-0.0120313,-0.0010725
4.6150e-02,-0.0245313,-0.00110594
4.6160e-02,-0.0184375,-0.000953125
4.6170e-02,-0.0235938,-0.00144906
4.6180e-02,-0.013125,-0.000849375
4.6190e-02,-0.0278125,-0.00121406
4.6200e-02,-0.0232812,-0.00117531
4.6210e-02,-0.0289063,-0.000924688
4.6220e-02,-0.0148437,-0.00145938
4.6230e-02,-0.0126563,-0.00076375
4.6240e-02,-0.015,-0.001375
4.6250e-02,-0.0246875,-0.00113625
4.6260e-02,-0.0217188,-0.00103281
4.6270e-02,-0.0115625,-0.00108281
4.6280e-02,-0.0245313,-0.00121188
4.6290e-02,-0.02,-0.00121469
4.6300e-02,-0.0285938,-0.00136188
4.6310e-02,-0.0176563,-0.00150094
4.6320e-02,-0.0265625,-0.00076875
4.6330e-02,-0.0282813,-0.00107906
4.6340e-02,-0.0203125,-0.00144625
4.6350e-02,-0.0259375,-0.00102969
4.6360e-02,-0.0198438,-0.00117656
4.6370e-02,-0.0189062,-0.00120094
4.6380e-02,-0.02,-0.00129969
4.6390e-02,-0.0145312,-0.00107406
4.6400e-02,-0.01875,-0.00115938
4.6410e-02,-0.0271875,-0.00099875
4.6420e-02,-0.025,-0.00108219
4.6430e-02,-0.0196875,-0.00130344
4.6440e-02,-0.0201563,-0.00124156
4.6450e-02,-0.03125,-0.000972188
4.6460e-02,-0.0179687,-0.00094375
4.6470e-02,-0.011875,-0.00137281
4.6480e-02,-0.0275,-0.00177031
4.6490e-02,-0.0153125,-0.00101156
4.6500e-02,-0.03,-0.00167
4.6510e-02,-0.02625,-0.00108313
4.6520e-02,-0.0251563,-0.00146188
4.6530e-02,-0.0323438,-0.001445
4.6540e-02,-0.0190625,-0.00110219
4.6550e-02,-0.015,-0.000905313
4.6560e-02,-0.0295313,-0.00106375
4.6570e-02,-0.02625,-0.00119844
4.6580e-02,-0.0254688,-0.000969063
4.6590e-02,-0.018125,-0.00117594
4.6600e-02,-0.0290625,-0.00122875
4.6610e-02,-0.02875,-0.00123844
4.6620e-02,-0.0132813,-0.00165938
4.6630e-02,-0.0240625,-0.00135094
4.6640e-02,-0.0321875,-0.000929688
4.6650e-02,-0.0251563,-0.0008525
4.6660e-02,-0.0285938,-0.0012975
4.6670e-02,-0.0342187,-0.0012325
4.6680e-02,-0.030625,-0.0013725
4.6690e-02,-0.0201563,-0.000891875
4.6700e-02,-0.0240625,-0.000952188
4.6710e-02,-0.023125,-0.00110031
4.6720e-02,-0.0220313,-0.00142031
4.6730e-02,-0.0220313,-0.00120781
4.6740e-02,-0.02625,-0.00125656
4.6750e-02,-0.02875,-0.00127563
4.6760e-02,-0.0315625,-0.00135094
4.6770e-02,-0.0328125,-0.0008825
4.6780e-02,-0.0282813,-0.00115125
4.6790e-02,-0.0271875,-0.00118656
4.6800e-02,-0.0304688,-0.00110938
4.6810e-02,-0.0357813,-0.00141813
4.6820e-02,-0.0240625,-0.00064375
4.6830e-02,-0.011875,-0.00118625
4.6840e-02,-0.028125,-0.00123063
4.6850e-02,-0.0276563,-0.00139688
4.6860e-02,-0.0346875,-0.00100438
4.6870e-02,-0.0282813,-0.00132125
4.6880e-02,-0.0226562,-0.00146906
4.6890e-02,-0.0298438,-0.000838125
4.6900e-02,-0.0373438,-0.00114563
4.6910e-02,-0.024375,-0.00166844
4.6920e-02,-0.0303125,-0.00126406
4.6930e-02,-0.0265625,-0.000869375
4.6940e-02,-0.0242188,-0.0012475
4.6950e-02,-0.0245313,-0.00115781
4.6960e-02,-0.0234375,-0.00130656
4.6970e-02,-0.0357813,-0.000988438
4.6980e-02,-0.0260937,-0.00120969
4.6990e-02,-0.0371875,-0.001145
4.7000e-02,-0.0292188,-0.00121656
4.7010e-02,-0.0271875,-0.00141688
4.7020e-02,-0.0220313,-0.000898125
4.7030e-02,-0.0289063,-0.001195
4.7040e-02,-0.03125,-0.00126719
4.7050e-02,-0.028125,-0.00117688
4.7060e-02,-0.0204688,-0.000879688
4.7070e-02,-0.0275,-0.00116906
4.7080e-02,-0.0190625,-0.000805
4.7090e-02,-0.015625,-0.000964375
4.7100e-02,-0.0354688,-0.00123688
4.7110e-02,-0.0201563,-0.0011725
4.7120e-02,-0.0260937,-0.00118938
4.7130e-02,-0.0396875,-0.0011375
4.7140e-02,-0.036875,-0.00119031
4.7150e-02,-0.0310937,-0.00088
4.7160e-02,-0.0215625,-0.00105406
4.7170e-02,-0.0232812,-0.00162031
4.7180e-02,-0.0335937,-0.00105469
4.7190e-02,-0.0271875,-0.000789063
4.7200e-02,-0.03125,-0.00106156
4.7210e-02,-0.036875,-0.00145031
4.7220e-02,-0.0276563,-0.00119156
4.7230e-02,-0.0353125,-0.000979688
4.7240e-02,-0.0396875,-0.00126844
4.7250e-02,-0.0379688,-0.00142156
4.7260e-02,-0.0184375,-0.00144188
4.7270e-02,-0.0285938,-0.00101938
4.7280e-02,-0.02375,-0.00108719
4.7290e-02,-0.0192187,-0.00127719
4.7300e-02,-0.0359375,-0.00117813
4.7310e-02,-0.0335937,-0.00125906
4.7320e-02,-0.0376563,-0.00125438
4.7330e-02,-0.02625,-0.00100844
4.7340e-02,-0.0284375,-0.00110594
4.7350e-02,-0.0285938,-0.000998437
4.7360e-02,-0.0203125,-0.00144531
4.7370e-02,-0.035,-0.00147375
4.7380e-02,-0.0270312,-0.00125813
4.7390e-02,-0.020625,-0.000608125
4.7400e-02,-0.0325,-0.00119
4.7410e-02,-0.0221875,-0.00114375
4.7420e-02,-0.034375,-0.00149469
4.7430e-02,-0.03,-0.00128531
4.7440e-02,-0.0325,-0.000829688
4.7450e-02,-0.0267187,-0.000853125
4.7460e-02,-0.0235938,-0.00106469
4.7470e-02,-0.0321875,-0.00083375
4.7480e-02,-0.0340625,-0.00118875
4.7490e-02,-0.0329688,-0.00140156
4.7500e-02,-0.0323438,-0.00156938
4.7510e-02,-0.0270312,-0.00130875
4.7520e-02,-0.0179687,-0.00170719
4.7530e-02,-0.0226562,-0.00139125
4.7540e-02,-0.0275,-0.00124281
4.7550e-02,-0.019375,-0.00140563
4.7560e-02,-0.0178125,-0.00108313
4.7570e-02,-0.0234375,-0.00102688
4.7580e-02,-0.0295313,-0.000954688
4.7590e-02,-0.03625,-0.00154625
4.7600e-02,-0.02125,-0.00113563
4.7610e-02,-0.0234375,-0.000858125
4.7620e-02,-0.0204688,-0.00113
4.7630e-02,-0.028125,-0.00132188
4.7640e-02,-0.0210938,-0.00121875
4.7650e-02,-0.0228125,-0.00109781
4.7660e-02,-0.0434375,-0.000993438
4.7670e-02,-0.0332812,-0.00122281
4.7680e-02,-0.0335937,-0.00100438
4.7690e-02,-0.0364063,-0.00114375
4.7700e-02,-0.025,-0.0011375
4.7710e-02,-0.0342187,-0.00100469
4.7720e-02,-0.0273438,-0.0009375
4.7730e-02,-0.034375,-0.000901563
4.7740e-02,-0.0279688,-0.000957188
4.7750e-02,-0.0245313,-0.00103594
4.7760e-02,-0.0315625,-0.00192875
4.7770e-02,-0.0342187,-0.00158719
4.7780e-02,-0.0342187,-0.00132375
4.7790e-02,-0.021875,-0.00122844
4.7800e-02,-0.03375,-0.000873438
4.7810e-02,-0.028125,-0.0004275
4.7820e-02,-0.0210938,-0.00131813
4.7830e-02,-0.0351562,-0.000928438
4.7840e-02,-0.0315625,-0.00112094
4.7850e-02,-0.01875,-0.00147219
4.7860e-02,-0.0282813,-0.00135875
4.7870e-02,-0.0282813,-0.00161438
4.7880e-02,-0.0332812,-0.00125344
4.7890e-02,-0.0232812,-0.00195125
4.7900e-02,-0.0273438,-0.00119813
4.7910e-02,-0.02625,-0.00103219
4.7920e-02,-0.0384375,-0.00157938
4.7930e-02,-0.0251563,-0.00123125
4.7940e-02,-0.0285938,-0.00112281
4.7950e-02,-0.035625,-0.001065
4.7960e-02,-0.0273438,-0.0011325
4.7970e-02,-0.0317188,-0.0010925
4.7980e-02,-0.0328125,-0.00101813
4.7990e-02,-0.025625,-0.00114719
4.8000e-02,-0.03,-0.00135344
4.8010e-02,-0.0348437,-0.00118844
4.8020e-02,-0.0226562,-0.000975313
4.8030e-02,-0.0384375,-0.000672813
4.8040e-02,-0.026875,-0.00105188
4.8050e-02,-0.030625,-0.00127813
4.8060e-02,-0.0235938,-0.00151094
4.8070e-02,-0.0353125,-0.00143875
4.8080e-02,-0.0364063,-0.00104219
4.8090e-02,-0.0267187,-0.00142063
4.8100e-02,-0.040625,-0.000974063
4.8110e-02,-0.0359375,-0.00111844
4.8120e-02,-0.0307813,-0.00086875
4.8130e-02,-0.0392187,-0.000905
4.8140e-02,-0.0264062,-0.00107969
4.8150e-02,-0.0304688,-0.00128
4.8160e-02,-0.0323438,-0.000829688
4.8170e-02,-0.0228125,-0.00115156
4.8180e-02,-0.0376563,-0.00105063
4.8190e-02,-0.0267187,-0.00133938
4.8200e-02,-0.0359375,-0.000876875
4.8210e-02,-0.0225,-0.000833438
4.8220e-02,-0.0220313,-0.0013125
4.8230e-02,-0.018125,-0.00111813
4.8240e-02,-0.0217188,-0.00127844
4.8250e-02,-0.0371875,-0.00109656
4.8260e-02,-0.0351562,-0.00129281
4.8270e-02,-0.0285938,-0.00164031
4.8280e-02,-0.0325,-0.000808125
4.8290e-02,-0.0296875,-0.00114688
4.8300e-02,-0.0382813,-0.0006775
4.8310e-02,-0.0264062,-0.00133594
4.8320e-02,-0.0365625,-0.000770625
4.8330e-02,-0.041875,-0.00113844
4.8340e-02,-0.023125,-0.00078125
4.8350e-02,-0.0273438,-0.000997813
4.8360e-02,-0.03,-0.00125563
4.8370e-02,-0.0290625,-0.00106875
4.8380e-02,-0.0304688,-0.00132313
4.8390e-02,-0.0323438,-0.00121094
4.8400e-02,-0.0226562,-0.00126406
4.8410e-02,-0.0317188,-0.00112094
4.8420e-02,-0.0371875,-0.000675938
4.8430e-02,-0.0290625,-0.000962813
4.8440e-02,-0.0395313,-0.00153875
4.8450e-02,-0.03,-0.00166531
4.8460e-02,-0.0271875,-0.00138625
4.8470e-02,-0.0276563,-0.00116125
4.8480e-02,-0.0284375,-0.00121781
4.8490e-02,-0.0395313,-0.00099375
4.8500e-02,-0.0375,-0.00127094
4.8510e-02,-0.0421875,-0.000885313
4.8520e-02,-0.0339062,-0.00100719
4.8530e-02,-0.0409375,-0.00108375
4.8540e-02,-0.0454688,-0.000844063
4.8550e-02,-0.0435938,-0.000596875
4.8560e-02,-0.0296875,-0.000790313
4.8570e-02,-0.0420312,-0.00135813
4.8580e-02,-0.03125,-0.00109688
4.8590e-02,-0.0329688,-0.00118031
4.8600e-02,-0.0304688,-0.00160688
4.8610e-02,-0.036875,-0.00134531
4.8620e-02,-0.0246875,-0.00139125
4.8630e-02,-0.0292188,-0.000961875
4.8640e-02,-0.0367188,-0.00101406
4.8650e-02,-0.0353125,-0.00120375
4.8660e-02,-0.0329688,-0.00188156
4.8670e-02,-0.0276563,-0.00131031
4.8680e-02,-0.0379688,-0.000812813
4.8690e-02,-0.03125,-0.00120969
4.8700e-02,-0.0315625,-0.000989688
4.8710e-02,-0.0373438,-0.00103812
4.8720e-02,-0.0384375,-0.00133969
4.8730e-02,-0.0303125,-0.0015775
4.8740e-02,-0.0351562,-0.001255
4.8750e-02,-0.0445313,-0.00113906
4.8760e-02,-0.030625,-0.000705313
4.8770e-02,-0.0375,-0.00124531
4.8780e-02,-0.0382813,-0.00109125
4.8790e-02,-0.0379688,-0.00069875
4.8800e-02,-0.038125,-0.000984063
4.8810e-02,-0.039375,-0.00119344
4.8820e-02,-0.0457813,-0.00128719
4.8830e-02,-0.0421875,-0.00169344
4.8840e-02,-0.0282813,-0.00112156
4.8850e-02,-0.0332812,-0.0017025
4.8860e-02,-0.0309375,-0.00130813
4.8870e-02,-0.0379688,-0.00100688
4.8880e-02,-0.0298438,-0.000759063
4.8890e-02,-0.04375,-0.00075875
4.8900e-02,-0.0289063,-0.00109969
4.8910e-02,-0.0375,-0.00172031
4.8920e-02,-0.030625,-0.00112312
4.8930e-02,-0.03125,-0.00104312
4.8940e-02,-0.0345312,-0.00145156
4.8950e-02,-0.035,-0.00101438
4.8960e-02,-0.0321875,-0.000874688
4.8970e-02,-0.025625,-0.000556563
4.8980e-02,-0.0423437,-0.00121938
4.8990e-02,-0.0371875,-0.000810625
4.9000e-02,-0.0414063,-0.00119344
4.9010e-02,-0.035625,-0.00105375
4.9020e-02,-0.0289063,-0.00123594
4.9030e-02,-0.0379688,-0.00163719
4.9040e-02,-0.0442188,-0.00128906
4.9050e-02,-0.028125,-0.00121813
4.9060e-02,-0.0353125,-0.00138563
4.9070e-02,-0.0364063,-0.00100188
4.9080e-02,-0.0439063,-0.00108844
4.9090e-02,-0.0354688,-0.00163906
4.9100e-02,-0.0307813,-0.00155563
4.9110e-02,-0.040625,-0.00140063
4.9120e-02,-0.0403125,-0.00190688
4.9130e-02,-0.0332812,-0.00129719
4.9140e-02,-0.0407813,-0.00109344
4.9150e-02,-0.0326562,-0.000971875
4.9160e-02,-0.0303125,-0.00106844
4.9170e-02,-0.0314062,-0.000967188
4.9180e-02,-0.0329688,-0.00123875
4.9190e-02,-0.0335937,-0.000977813
4.9200e-02,-0.038125,-0.00117875
4.9210e-02,-0.040625,-0.00111344
4.9220e-02,-0.0379688,-0.000810313
4.9230e-02,-0.03625,-0.000673125
4.9240e-02,-0.0357813,-0.00106875
4.9250e-02,-0.028125,-0.00128469
4.9260e-02,-0.0409375,-0.0012475
4.9270e-02,-0.0335937,-0.00119438
4.9280e-02,-0.03875,-0.00160688
4.9290e-02,-0.04375,-0.00153906
4.9300e-02,-0.0259375,-0.00115313
4.9310e-02,-0.0370313,-0.001015
4.9320e-02,-0.0348437,-0.00112469
4.9330e-02,-0.0385937,-0.0010325
4.9340e-02,-0.0448438,-0.00111188
4.9350e-02,-0.0329688,-0.00100625
4.9360e-02,-0.0290625,-0.00137125
4.9370e-02,-0.0410937,-0.00109
4.9380e-02,-0.0320312,-0.000888125
4.9390e-02,-0.0442188,-0.00112656
4.9400e-02,-0.0417187,-0.000520313
4.9410e-02,-0.0298438,-0.00114469
4.9420e-02,-0.0225,-0.00115875
4.9430e-02,-0.0317188,-0.00106375
4.9440e-02,-0.0351562,-0.0013325
4.9450e-02,-0.041875,-0.00130125
4.9460e-02,-0.0384375,-0.0010325
4.9470e-02,-0.0498438,-0.000731875
4.9480e-02,-0.0267187,-0.000919063
4.9490e-02,-0.0464062,-0.000948438
4.9500e-02,-0.0225,-0.000832813
4.9510e-02,-0.0371875,-0.000857813
4.9520e-02,-0.0298438,-0.00110187
4.9530e-02,-0.0357813,-0.00119344
4.9540e-02,-0.0321875,-0.00110625
4.9550e-02,-0.0365625,-0.0004975
4.9560e-02,-0.0384375,-0.000665
4.9570e-02,-0.0328125,-0.000703125
4.9580e-02,-0.0345312,-0.000545313
4.9590e-02,-0.0334375,-0.00133813
4.9600e-02,-0.0351562,-0.000925625
4.9610e-02,-0.0415625,-0.00155906
4.9620e-02,-0.02375,-0.00115563
4.9630e-02,-0.0385937,-0.00134688
4.9640e-02,-0.0309375,-0.00125313
4.9650e-02,-0.0467188,-0.00121594
4.9660e-02,-0.034375,-0.00113594
4.9670e-02,-0.040625,-0.00115938
4.9680e-02,-0.03875,-0.00125844
4.9690e-02,-0.040625,-0.00123563
4.9700e-02,-0.0307813,-0.00176688
4.9710e-02,-0.0332812,-0.00141719
4.9720e-02,-0.0376563,-0.00096375
4.9730e-02,-0.0284375,-0.0014
4.9740e-02,-0.0385937,-0.00119531
4.9750e-02,-0.0426562,-0.00106
4.9760e-02,-0.0385937,-0.00113875
4.9770e-02,-0.0323438,-0.00109938
4.9780e-02,-0.0417187,-0.000930938
4.9790e-02,-0.0390625,-0.00071375
4.9800e-02,-0.035,-0.00103188
4.9810e-02,-0.04,-0.000800938
4.9820e-02,-0.0340625,-0.000946563
4.9830e-02,-0.0371875,-0.00085125
4.9840e-02,-0.0465625,-0.0013375
4.9850e-02,-0.048125,-0.0009875
4.9860e-02,-0.05125,-0.00125469
4.9870e-02,-0.0309375,-0.00161344
4.9880e-02,-0.0389063,-0.00119375
4.9890e-02,-0.0328125,-0.00152969
4.9900e-02,-0.0360938,-0.00141031
4.9910e-02,-0.0328125,-0.00141906
4.9920e-02,-0.0379688,-0.00149906
4.9930e-02,-0.0379688,-0.0011275
4.9940e-02,-0.0295313,-0.00113719
4.9950e-02,-0.0478125,-0.000704063
4.9960e-02,-0.0323438,-0.00101094
4.9970e-02,-0.035,-0.00147781
4.9980e-02,-0.04375,-0.00152938
4.9990e-02,-0.0342187,-0.00160594
5.0000e-02,-0.033125,-0.00104688
5.0010e-02,-0.05,-0.00113531
5.0020e-02,-0.0301563,-0.00121875
5.0030e-02,-0.0276563,-0.00099
5.0040e-02,-0.0353125,-0.00118188
5.0050e-02,-0.0403125,-0.00124188
5.0060e-02,-0.0334375,-0.00120344
5.0070e-02,-0.0271875,-0.00118063
5.0080e-02,-0.0432813,-0.0011125
5.0090e-02,-0.0334375,-0.000780938
5.0100e-02,-0.0340625,-0.001505
5.0110e-02,-0.0353125,-0.00081125
5.0120e-02,-0.034375,-0.00073375
5.0130e-02,-0.0304688,-0.00093625
5.0140e-02,-0.0346875,-0.00136156
5.0150e-02,-0.0396875,-0.00140438
5.0160e-02,-0.0390625,-0.000647188
5.0170e-02,-0.0451563,-0.00112938
5.0180e-02,-0.0375,-0.000991563
5.0190e-02,-0.035,-0.00114437
5.0200e-02,-0.0360938,-0.00112906
5.0210e-02,-0.0407813,-0.00134219
5.0220e-02,-0.04375,-0.00152688
5.0230e-02,-0.0371875,-0.00168844
5.0240e-02,-0.0439063,-0.00138531
5.0250e-02,-0.0367188,-0.00173219
5.0260e-02,-0.0267187,-0.0014175
5.0270e-02,-0.0415625,-0.00114219
5.0280e-02,-0.038125,-0.00114813
5.0290e-02,-0.0357813,-0.00109875
5.0300e-02,-0.034375,-0.00144656
5.0310e-02,-0.0429688,-0.00105156
5.0320e-02,-0.0351562,-0.000897188
5.0330e-02,-0.0425,-0.000967813
5.0340e-02,-0.0403125,-0.00106281
5.0350e-02,-0.0435938,-0.00106563
5.0360e-02,-0.0364063,-0.00136688
5.0370e-02,-0.0540625,-0.000981563
5.0380e-02,-0.0310937,-0.0013125
5.0390e-02,-0.041875,-0.00119875
5.0400e-02,-0.04375,-0.0009425
5.0410e-02,-0.0326562,-0.00137969
5.0420e-02,-0.0342187,-0.0012075
5.0430e-02,-0.0509375,-0.000906563
5.0440e-02,-0.0354688,-0.00099
5.0450e-02,-0.0378125,-0.00107438
5.0460e-02,-0.0357813,-0.000960625
5.0470e-02,-0.0390625,-0.00159563
5.0480e-02,-0.0304688,-0.000785938
5.0490e-02,-0.0560937,-0.000902813
5.0500e-02,-0.0367188,-0.00124156
5.0510e-02,-0.0346875,-0.00114563
5.0520e-02,-0.0473438,-0.000892813
5.0530e-02,-0.0426562,-0.000971563
5.0540e-02,-0.038125,-0.00128531
5.0550e-02,-0.03125,-0.00141625
5.0560e-02,-0.0307813,-0.00144719
5.0570e-02,-0.0359375,-0.001015
5.0580e-02,-0.0465625,-0.00106188
5.0590e-02,-0.0417187,-0.00152656
5.0600e-02,-0.0317188,-0.00088875
5.0610e-02,-0.0446875,-0.00128313
5.0620e-02,-0.0514063,-0.0010975
5.0630e-02,-0.0553125,-0.001015
5.0640e-02,-0.0334375,-0.000828438
5.0650e-02,-0.0379688,-0.00111781
5.0660e-02,-0.051875,-0.00121156
5.0670e-02,-0.0378125,-0.000874063
5.0680e-02,-0.0375,-0.0013775
5.0690e-02,-0.0476562,-0.000690625
5.0700e-02,-0.035,-0.00079625
5.0710e-02,-0.0303125,-0.000874063
5.0720e-02,-0.040625,-0.00104531
5.0730e-02,-0.0357813,-0.001125
5.0740e-02,-0.03625,-0.00118281
5.0750e-02,-0.0421875,-0.00136969
5.0760e-02,-0.04875,-0.00115719
5.0770e-02,-0.0426562,-0.000970938
5.0780e-02,-0.0389063,-0.000663438
5.0790e-02,-0.0332812,-0.000849375
5.0800e-02,-0.0351562,-0.000880313
5.0810e-02,-0.0382813,-0.00108938
5.0820e-02,-0.0454688,-0.00113781
5.0830e-02,-0.0365625,-0.00103969
5.0840e-02,-0.0278125,-0.00088625
5.0850e-02,-0.03875,-0.00105813
5.0860e-02,-0.0398437,-0.00111594
5.0870e-02,-0.0354688,-0.00170813
5.0880e-02,-0.0332812,-0.00122531
5.0890e-02,-0.0375,-0.00134406
5.0900e-02,-0.0346875,-0.000895625
5.0910e-02,-0.023125,-0.00116562
5.0920e-02,-0.0442188,-0.00118375
5.0930e-02,-0.0454688,-0.00133531
5.0940e-02,-0.0342187,-0.000893438
5.0950e-02,-0.038125,-0.00125313
5.0960e-02,-0.04,-0.00101125
5.0970e-02,-0.03,-0.00111969
5.0980e-02,-0.0446875,-0.00100188
5.0990e-02,-0.0439063,-0.00085625
5.1000e-02,-0.0440625,-0.0014825
5.1010e-02,-0.0346875,-0.000714688
5.1020e-02,-0.0457813,-0.000737188
5.1030e-02,-0.0409375,-0.00084125
5.1040e-02,-0.0357813,-0.001485
5.1050e-02,-0.0376563,-0.00111969
5.1060e-02,-0.0378125,-0.00119125
5.1070e-02,-0.0415625,-0.00121563
5.1080e-02,-0.04125,-0.000847188
5.1090e-02,-0.0385937,-0.0007
5.1100e-02,-0.0360938,-0.00123875
5.1110e-02,-0.0370313,-0.000791563
5.1120e-02,-0.0439063,-0.00088625
5.1130e-02,-0.035,-0.00143813
5.1140e-02,-0.04125,-0.0013225
5.1150e-02,-0.0410937,-0.00100844
5.1160e-02,-0.0398437,-0.0010025
5.1170e-02,-0.0284375,-0.000644688
5.1180e-02,-0.026875,-0.001375
5.1190e-02,-0.036875,-0.00100844
5.1200e-02,-0.0423437,-0.00123688
5.1210e-02,-0.03875,-0.00144969
5.1220e-02,-0.0434375,-0.00131
5.1230e-02,-0.044375,-0.00146625
5.1240e-02,-0.0301563,-0.00123406
5.1250e-02,-0.036875,-0.00141031
5.1260e-02,-0.0351562,-0.000983125
5.1270e-02,-0.0415625,-0.000690938
5.1280e-02,-0.0440625,-0.000789063
5.1290e-02,-0.0503125,-0.00110906
5.1300e-02,-0.0385937,-0.000610313
5.1310e-02,-0.0321875,-0.000744688
5.1320e-02,-0.0292188,-0.00122813
5.1330e-02,-0.0428125,-0.000700313
5.1340e-02,-0.0414063,-0.000791875
5.1350e-02,-0.03625,-0.00121625
5.1360e-02,-0.0460938,-0.00102
5.1370e-02,-0.0457813,-0.00105
5.1380e-02,-0.0425,-0.00130688
5.1390e-02,-0.0329688,-0.001355
5.1400e-02,-0.0496875,-0.000710625
5.1410e-02,-0.0339062,-0.00108375
5.1420e-02,-0.0404687,-0.0010875
5.1430e-02,-0.0423437,-0.000931563
5.1440e-02,-0.0334375,-0.00096875
5.1450e-02,-0.0426562,-0.00131
5.1460e-02,-0.0367188,-0.00108188
5.1470e-02,-0.0509375,-0.000951875
5.1480e-02,-0.0465625,-0.00106375
5.1490e-02,-0.0479688,-0.000963438
5.1500e-02,-0.04125,-0.0010325
5.1510e-02,-0.0426562,-0.000540312
5.1520e-02,-0.036875,-0.00092
5.1530e-02,-0.0301563,-0.00103906
5.1540e-02,-0.033125,-0.000627813
5.1550e-02,-0.04,-0.000791875
5.1560e-02,-0.0457813,-0.00133813
5.1570e-02,-0.0375,-0.00162938
5.1580e-02,-0.04375,-0.0014725
5.1590e-02,-0.0348437,-0.00167969
5.1600e-02,-0.0364063,-0.00134313
5.1610e-02,-0.0395313,-0.00101813
5.1620e-02,-0.0476562,-0.00139
5.1630e-02,-0.0465625,-0.00102781
5.1640e-02,-0.0435938,-0.00110594
5.1650e-02,-0.0370313,-0.00139
5.1660e-02,-0.03625,-0.00110906
5.1670e-02,-0.0440625,-0.000747813
5.1680e-02,-0.031875,-0.00084375
5.1690e-02,-0.0476562,-0.00095375
5.1700e-02,-0.0321875,-0.00113438
5.1710e-02,-0.0432813,-0.00131563
5.1720e-02,-0.0395313,-0.0011525
5.1730e-02,-0.0459375,-0.000870625
5.1740e-02,-0.035625,-0.00118063
5.1750e-02,-0.044375,-0.000935
5.1760e-02,-0.0314062,-0.00120219
5.1770e-02,-0.0440625,-0.00104875
5.1780e-02,-0.030625,-0.00079
5.1790e-02,-0.0365625,-0.00129688
5.1800e-02,-0.0446875,-0.00134094
5.1810e-02,-0.0454688,-0.0011475
5.1820e-02,-0.0454688,-0.0011075
5.1830e-02,-0.0378125,-0.00103
5.1840e-02,-0.0364063,-0.00129313
5.1850e-02,-0.0339062,-0.00129406
5.1860e-02,-0.0526563,-0.00101594
5.1870e-02,-0.0326562,-0.00115906
5.1880e-02,-0.0328125,-0.00132438
5.1890e-02,-0.0334375,-0.00111906
5.1900e-02,-0.0473438,-0.00124969
5.1910e-02,-0.0384375,-0.00123344
5.1920e-02,-0.0404687,-0.000899688
5.1930e-02,-0.0364063,-0.00126594
5.1940e-02,-0.0448438,-0.00102156
5.1950e-02,-0.0354688,-0.00150406
5.1960e-02,-0.0465625,-0.00130406
5.1970e-02,-0.0385937,-0.00129156
5.1980e-02,-0.0339062,-0.00109906
5.1990e-02,-0.0467188,-0.00093375
5.2000e-02,-0.0389063,-0.00130938
5.2010e-02,-0.0407813,-0.000784063
5.2020e-02,-0.0467188,-0.000957813
5.2030e-02,-0.0340625,-0.000811563
5.2040e-02,-0.030625,-0.00145188
5.2050e-02,-0.048125,-0.00127
5.2060e-02,-0.0421875,-0.000988125
5.2070e-02,-0.0453125,-0.00147594
5.2080e-02,-0.0453125,-0.00116313
5.2090e-02,-0.0457813,-0.0010475
5.2100e-02,-0.0501562,-0.000834688
5.2110e-02,-0.0365625,-0.00105094
5.2120e-02,-0.048125,-0.00132719
5.2130e-02,-0.0307813,-0.00133219
5.2140e-02,-0.03625,-0.00120719
5.2150e-02,-0.0335937,-0.00138156
5.2160e-02,-0.0445313,-0.000966875
5.2170e-02,-0.0353125,-0.0012875
5.2180e-02,-0.0425,-0.00123375
5.2190e-02,-0.0282813,-0.00114594
5.2200e-02,-0.0401563,-0.000999688
5.2210e-02,-0.043125,-0.00111375
5.2220e-02,-0.0384375,-0.00119313
5.2230e-02,-0.031875,-0.000975625
5.2240e-02,-0.0378125,-0.000806875
5.2250e-02,-0.0440625,-0.00108688
5.2260e-02,-0.0409375,-0.00111063
5.2270e-02,-0.0360938,-0.00134406
5.2280e-02,-0.0434375,-0.00123594
5.2290e-02,-0.0425,-0.00144938
5.2300e-02,-0.04125,-0.00100625
5.2310e-02,-0.0389063,-0.00101906
5.2320e-02,-0.0375,-0.00144438
5.2330e-02,-0.0423437,-0.00124844
5.2340e-02,-0.0485938,-0.00102938
5.2350e-02,-0.0404687,-0.00129656
5.2360e-02,-0.0375,-0.00105313
5.2370e-02,-0.0254688,-0.00125906
5.2380e-02,-0.0439063,-0.00121313
5.2390e-02,-0.0346875,-0.00111375
5.2400e-02,-0.0479688,-0.0008075
5.2410e-02,-0.045625,-0.00118469
5.2420e-02,-0.0329688,-0.00114594
5.2430e-02,-0.035,-0.00120406
5.2440e-02,-0.0357813,-0.0012025
5.2450e-02,-0.0498438,-0.00117781
5.2460e-02,-0.03625,-0.0010675
5.2470e-02,-0.0295313,-0.00118969
5.2480e-02,-0.192969,-0.00120688
5.2490e-02,0.175313,-0.00217625
5.2500e-02,-0.390625,-0.00564125
5.2510e-02,-0.179375,-0.00748313
5.2520e-02,-0.268437,-0.00788156
5.2530e-02,0.121094,-0.00767188
5.2540e-02,0.11,-0.00760156
5.2550e-02,0.104063,-0.00768969
5.2560e-02,0.103281,-0.00762063
5.2570e-02,0.086875,-0.00761656
5.2580e-02,0.081875,-0.00764125
5.2590e-02,0.0585938,-0.00758125
5.2600e-02,0.0517187,-0.00750656
5.2610e-02,0.0415625,-0.00764156
5.2620e-02,0.0492187,-0.00746969
5.2630e-02,0.0414063,-0.00737313
5.2640e-02,0.049375,-0.00750875
5.2650e-02,0.0434375,-0.00748938
5.2660e-02,0.0385937,-0.00763469
5.2670e-02,0.0282812,-0.00737344
5.2680e-02,0.0339062,-0.00743219
5.2690e-02,0.015,-0.00747156
5.2700e-02,0.0270313,-0.00747
5.2710e-02,0.030625,-0.00749875
5.2720e-02,0.0234375,-0.00733594
5.2730e-02,0.0339062,-0.00749563
5.2740e-02,0.0253125,-0.00687156
5.2750e-02,0.0107812,-0.0036375
5.2760e-02,0.02375,-0.00225688
5.2770e-02,0.0171875,-0.00191656
5.2780e-02,0.0304687,-0.00209125
5.2790e-02,0.0125,-0.0017725
5.2800e-02,0.0189063,-0.00155063
5.2810e-02,0.0075,-0.00111438
5.2820e-02,0.0246875,-0.000861563
5.2830e-02,0.0125,-0.00101063
5.2840e-02,0.0285937,-0.00121344
5.2850e-02,0.01875,-0.00166438
5.2860e-02,0.00625,-0.00158531
5.2870e-02,0.0140625,-0.00150125
5.2880e-02,0.0160938,-0.000789375
5.2890e-02,0.00390625,-0.000853125
5.2900e-02,0.00640625,-0.00137906
5.2910e-02,-0.00140625,-0.00149969
5.2920e-02,0.015625,-0.00152969
5.2930e-02,0.0178125,-0.00158594
5.2940e-02,0.003125,-0.00102813
5.2950e-02,0.006875,-0.00135188
5.2960e-02,-0.004375,-0.00103844
5.2970e-02,0.0128125,-0.00120031
5.2980e-02,0.0120312,-0.00144844
5.2990e-02,0.0115625,-0.00122656
5.3000e-02,-0.00359375,-0.00109625
5.3010e-02,0.00203125,-0.00064
5.3020e-02,0.00609375,-0.000962188
5.3030e-02,-0.001875,-0.0011125
5.3040e-02,-0.00140625,-0.00134625
5.3050e-02,-0.005,-0.00118438
5.3060e-02,0.00015625,-0.0010225
5.3070e-02,-0.0129688,-0.00105281
5.3080e-02,0.0090625,-0.00147594
5.3090e-02,-0.00421875,-0.00129375
5.3100e-02,0.0034375,-0.00124781
5.3110e-02,-0.0046875,-0.00111906
5.3120e-02,-0.00640625,-0.00142281
5.3130e-02,-0.00265625,-0.00124594
5.3140e-02,-0.00265625,-0.00156719
5.3150e-02,0.00109375,-0.00160969
5.3160e-02,-0.00625,-0.001355
5.3170e-02,0.0015625,-0.00135656
5.3180e-02,-0.0071875,-0.00101563
5.3190e-02,-0.00609375,-0.00126938
5.3200e-02,-0.00578125,-0.00138219
5.3210e-02,-0.010625,-0.00101531
5.3220e-02,-0.01,-0.001245
5.3230e-02,-0.0107813,-0.00152375
5.3240e-02,-0.00640625,-0.00127688
5.3250e-02,-0.00515625,-0.00148375
5.3260e-02,-0.010625,-0.00084875
5.3270e-02,-0.00453125,-0.00127031
5.3280e-02,-0.0104688,-0.00181875
5.3290e-02,-0.0109375,-0.00147406
5.3300e-02,-0.008125,-0.00171219
5.3310e-02,-0.00765625,-0.00167906
5.3320e-02,0.00046875,-0.000954375
5.3330e-02,-0.00203125,-0.000985313
5.3340e-02,-0.0107813,-0.0009075
5.3350e-02,-0.0148437,-0.000829688
5.3360e-02,-0.0164063,-0.00139781
5.3370e-02,-0.008125,-0.00112094
5.3380e-02,-0.0075,-0.00120563
5.3390e-02,-0.0173438,-0.00087875
5.3400e-02,-0.00921875,-0.0010125
5.3410e-02,-0.0192187,-0.00084375
5.3420e-02,-0.00875,-0.000740313
5.3430e-02,-0.01125,-0.000880938
5.3440e-02,-0.0120313,-0.000859063
5.3450e-02,-0.0135937,-0.000766875
5.3460e-02,-0.00875,-0.000983438
5.3470e-02,0.00671875,-0.000955313
5.3480e-02,-0.0214063,-0.00108781
5.3490e-02,-0.0145312,-0.000900938
5.3500e-02,-0.015625,-0.00142438
5.3510e-02,-0.00703125,-0.00135813
5.3520e-02,-0.015625,-0.00145531
5.3530e-02,-0.005625,-0.00144125
5.3540e-02,-0.00234375,-0.00103156
5.3550e-02,-0.0139063,-0.00062625
5.3560e-02,-0.023125,-0.000895625
5.3570e-02,-0.00671875,-0.00124781
5.3580e-02,-0.0123438,-0.00153
5.3590e-02,-0.0121875,-0.000785
5.3600e-02,-0.014375,-0.00118969
5.3610e-02,-0.0148437,-0.00111563
5.3620e-02,0.00125,-0.00119281
5.3630e-02,-0.011875,-0.00102187
5.3640e-02,-0.0170313,-0.000898125
5.3650e-02,-0.0198438,-0.00123125
5.3660e-02,-0.0182812,-0.00109219
5.3670e-02,-0.018125,-0.00098875
5.3680e-02,-0.0104688,-0.000945625
5.3690e-02,-0.009375,-0.00126688
5.3700e-02,-0.00640625,-0.00115906
5.3710e-02,-0.0140625,-0.00151156
5.3720e-02,-0.01625,-0.00191781
5.3730e-02,-0.0189062,-0.00153906
5.3740e-02,-0.01875,-0.00149313
5.3750e-02,-0.0192187,-0.00140031
5.3760e-02,-0.0121875,-0.00134031
5.3770e-02,-0.0195312,-0.00110063
5.3780e-02,-0.0196875,-0.00142531
5.3790e-02,-0.0120313,-0.000899063
5.3800e-02,-0.0128125,-0.00104219
5.3810e-02,-0.01875,-0.00108281
5.3820e-02,-0.0190625,-0.00112813
5.3830e-02,-0.0265625,-0.00114281
5.3840e-02,-0.0220313,-0.00107438
5.3850e-02,-0.0209375,-0.000528125
5.3860e-02,-0.014375,-0.000730938
5.3870e-02,-0.0315625,-0.00110156
5.3880e-02,-0.0123438,-0.000536563
5.3890e-02,-0.0246875,-0.0014975
5.3900e-02,-0.0175,-0.00120656
5.3910e-02,-0.0170313,-0.00125625
5.3920e-02,-0.0146875,-0.00118313
5.3930e-02,-0.00671875,-0.00138531
5.3940e-02,-0.0239063,-0.00146281
5.3950e-02,-0.024375,-0.000940625
5.3960e-02,-0.0090625,-0.00132875
5.3970e-02,-0.0257812,-0.00102594
5.3980e-02,-0.0203125,-0.0012075
5.3990e-02,-0.0225,-0.00145063
5.4000e-02,-0.014375,-0.00131813
5.4010e-02,-0.0195312,-0.00101125
5.4020e-02,-0.0285938,-0.00132938
5.4030e-02,-0.0159375,-0.000924688
5.4040e-02,-0.01875,-0.00142938
5.4050e-02,-0.0151562,-0.00109531
5.4060e-02,-0.018125,-0.00107375
5.4070e-02,-0.0232812,-0.00117156
5.4080e-02,-0.0221875,-0.000904063
5.4090e-02,-0.0204688,-0.00112625
5.4100e-02,-0.0140625,-0.000971563
5.4110e-02,-0.028125,-0.00131875
5.4120e-02,-0.0215625,-0.000822813
5.4130e-02,-0.013125,-0.00103375
5.4140e-02,-0.0182812,-0.001645
5.4150e-02,-0.0114062,-0.00118031
5.4160e-02,-0.02875,-0.00159469
5.4170e-02,-0.0267187,-0.00141
5.4180e-02,-0.0240625,-0.0013875
5.4190e-02,-0.00953125,-0.00122406
5.4200e-02,-0.0217188,-0.00142781
5.4210e-02,-0.00875,-0.00123563
5.4220e-02,-0.0290625,-0.00139813
5.4230e-02,-0.0179687,-0.00122031
5.4240e-02,-0.0271875,-0.00102375
5.4250e-02,-0.0226562,-0.00104594
5.4260e-02,-0.0121875,-0.00077625
5.4270e-02,-0.0125,-0.000835938
5.4280e-02,-0.0239063,-0.000845625
5.4290e-02,-0.01875,-0.00119625
5.4300e-02,-0.0146875,-0.00116969
5.4310e-02,-0.0392187,-0.00143563
5.4320e-02,-0.0320312,-0.00111406
5.4330e-02,-0.01375,-0.00137156
5.4340e-02,-0.0154687,-0.00128781
5.4350e-02,-0.025625,-0.00152781
5.4360e-02,-0.0275,-0.00101281
5.4370e-02,-0.0259375,-0.00117875
5.4380e-02,-0.0190625,-0.00122531
5.4390e-02,-0.0204688,-0.001265
5.4400e-02,-0.025,-0.0014175
5.4410e-02,-0.01625,-0.00128688
5.4420e-02,-0.0154687,-0.00119188
5.4430e-02,-0.0176563,-0.00146125
5.4440e-02,-0.0090625,-0.00102625
5.4450e-02,-0.0317188,-0.00121219
5.4460e-02,-0.0226562,-0.00110625
5.4470e-02,-0.0254688,-0.00100406
5.4480e-02,-0.0248438,-0.00142281
5.4490e-02,-0.0104688,-0.000931875
5.4500e-02,-0.0232812,-0.000779688
5.4510e-02,-0.0260937,-0.000845313
5.4520e-02,-0.0315625,-0.001365
5.4530e-02,-0.0332812,-0.00143438
5.4540e-02,-0.028125,-0.000965938
5.4550e-02,-0.0273438,-0.000760313
5.4560e-02,-0.0179687,-0.000995938
5.4570e-02,-0.0375,-0.000687813
5.4580e-02,-0.0215625,-0.00124125
5.4590e-02,-0.0359375,-0.00116406
5.4600e-02,-0.0139063,-0.00115375
5.4610e-02,-0.023125,-0.00146188
5.4620e-02,-0.0242188,-0.00115594
5.4630e-02,-0.0335937,-0.00121438
5.4640e-02,-0.0295313,-0.00074125
5.4650e-02,-0.0207813,-0.00125188
5.4660e-02,-0.0334375,-0.000921563
5.4670e-02,-0.030625,-0.000906563
5.4680e-02,-0.03,-0.00151031
5.4690e-02,-0.0295313,-0.001315
5.4700e-02,-0.0290625,-0.000890313
5.4710e-02,-0.018125,-0.000965313
5.4720e-02,-0.0232812,-0.00105313
5.4730e-02,-0.0279688,-0.00132688
5.4740e-02,-0.0151562,-0.00125781
5.4750e-02,-0.0190625,-0.00118406
5.4760e-02,-0.0214063,-0.00138844
5.4770e-02,-0.0317188,-0.000984688
5.4780e-02,-0.0170313,-0.00132344
5.4790e-02,-0.025625,-0.000775313
5.4800e-02,-0.029375,-0.00135438
5.4810e-02,-0.0284375,-0.00101094
5.4820e-02,-0.0307813,-0.000685625
5.4830e-02,-0.0320312,-0.0012025
5.4840e-02,-0.0320312,-0.00132969
5.4850e-02,-0.0234375,-0.0012225
5.4860e-02,-0.0298438,-0.00143063
5.4870e-02,-0.0315625,-0.0012575
5.4880e-02,-0.0245313,-0.001365
5.4890e-02,-0.0207813,-0.00121563
5.4900e-02,-0.0132813,-0.00120688
5.4910e-02,-0.0259375,-0.00129875
5.4920e-02,-0.0279688,-0.0009825
5.4930e-02,-0.0201563,-0.000873125
5.4940e-02,-0.016875,-0.000909063
5.4950e-02,-0.0370313,-0.00108594
5.4960e-02,-0.0385937,-0.000994375
5.4970e-02,-0.0326562,-0.00100438
5.4980e-02,-0.0228125,-0.000748438
5.4990e-02,-0.0345312,-0.00108688
5.5000e-02,-0.0367188,-0.0009425
5.5010e-02,-0.0340625,-0.00112
5.5020e-02,-0.0270312,-0.000843125
5.5030e-02,-0.03125,-0.00118281
5.5040e-02,-0.0270312,-0.00110344
5.5050e-02,-0.029375,-0.00070375
5.5060e-02,-0.0270312,-0.00122781
5.5070e-02,-0.024375,-0.00089375
5.5080e-02,-0.0340625,-0.00110469
5.5090e-02,-0.0234375,-0.00160469
5.5100e-02,-0.0215625,-0.00134906
5.5110e-02,-0.0245313,-0.0010975
5.5120e-02,-0.0301563,-0.000965938
5.5130e-02,-0.025,-0.00153313
5.5140e-02,-0.0228125,-0.00094
5.5150e-02,-0.034375,-0.00101594
5.5160e-02,-0.0235938,-0.0014975
5.5170e-02,-0.0221875,-0.00114375
5.5180e-02,-0.0120313,-0.00110719
5.5190e-02,-0.0267187,-0.00130156
5.5200e-02,-0.036875,-0.00134563
5.5210e-02,-0.0270312,-0.00107188
5.5220e-02,-0.024375,-0.00130219
5.5230e-02,-0.0326562,-0.00121688
5.5240e-02,-0.0232812,-0.00151531
5.5250e-02,-0.04375,-0.0010725
5.5260e-02,-0.0284375,-0.00116969
5.5270e-02,-0.0325,-0.00102906
5.5280e-02,-0.0301563,-0.000998125
5.5290e-02,-0.024375,-0.0012225
5.5300e-02,-0.021875,-0.00116406
5.5310e-02,-0.0448438,-0.00129594
5.5320e-02,-0.0334375,-0.00083375
5.5330e-02,-0.0373438,-0.0008475
5.5340e-02,-0.0414063,-0.00128406
5.5350e-02,-0.0303125,-0.00125813
5.5360e-02,-0.02,-0.00124
5.5370e-02,-0.0260937,-0.00117625
5.5380e-02,-0.0385937,-0.00116656
5.5390e-02,-0.035625,-0.00136813
5.5400e-02,-0.0260937,-0.00127094
5.5410e-02,-0.02125,-0.00142938
5.5420e-02,-0.0264062,-0.000948125
5.5430e-02,-0.0315625,-0.00132625
5.5440e-02,-0.0254688,-0.00105719
5.5450e-02,-0.0245313,-0.00108
5.5460e-02,-0.026875,-0.000911563
5.5470e-02,-0.0248438,-0.00143438
5.5480e-02,-0.03375,-0.00137406
5.5490e-02,-0.0273438,-0.00148219
5.5500e-02,-0.03,-0.00112125
5.5510e-02,-0.0276563,-0.00139656
5.5520e-02,-0.0232812,-0.00119469
5.5530e-02,-0.0323438,-0.0011275
5.5540e-02,-0.0239063,-0.000970938
5.5550e-02,-0.0260937,-0.0010275
5.5560e-02,-0.0317188,-0.0010275
5.5570e-02,-0.0329688,-0.00104
5.5580e-02,-0.0295313,-0.000903125
5.5590e-02,-0.03625,-0.000930313
5.5600e-02,-0.0328125,-0.00130906
5.5610e-02,-0.0353125,-0.0011975
5.5620e-02,-0.0334375,-0.00104125
5.5630e-02,-0.0307813,-0.000739375
5.5640e-02,-0.030625,-0.00181031
5.5650e-02,-0.0246875,-0.00101969
5.5660e-02,-0.0264062,-0.000932188
5.5670e-02,-0.0314062,-0.0008
5.5680e-02,-0.0353125,-0.00149781
5.5690e-02,-0.0282813,-0.00126531
5.5700e-02,-0.0351562,-0.0012575
5.5710e-02,-0.0420312,-0.00117406
5.5720e-02,-0.0173438,-0.000935313
5.5730e-02,-0.0298438,-0.0011625
5.5740e-02,-0.0375,-0.00103875
5.5750e-02,-0.0376563,-0.000913438
5.5760e-02,-0.023125,-0.000886563
5.5770e-02,-0.03,-0.00110281
5.5780e-02,-0.0296875,-0.00100625
5.5790e-02,-0.03125,-0.000999375
5.5800e-02,-0.0328125,-0.000987812
5.5810e-02,-0.0270312,-0.000805625
5.5820e-02,-0.04,-0.00108813
5.5830e-02,-0.038125,-0.000797188
5.5840e-02,-0.031875,-0.0015475
5.5850e-02,-0.0232812,-0.00122313
5.5860e-02,-0.0439063,-0.00132969
5.5870e-02,-0.0376563,-0.00123406
5.5880e-02,-0.0270312,-0.00140031
5.5890e-02,-0.0320312,-0.00116344
5.5900e-02,-0.0401563,-0.00116625
5.5910e-02,-0.0317188,-0.00156563
5.5920e-02,-0.0464062,-0.00168375
5.5930e-02,-0.023125,-0.000959063
5.5940e-02,-0.0289063,-0.00104969
5.5950e-02,-0.038125,-0.00113375
5.5960e-02,-0.0359375,-0.000653438
5.5970e-02,-0.0385937,-0.000985625
5.5980e-02,-0.0265625,-0.00102094
5.5990e-02,-0.025,-0.00067125
5.6000e-02,-0.0467188,-0.00103875
5.6010e-02,-0.0148437,-0.000819063
5.6020e-02,-0.0257812,-0.000908125
5.6030e-02,-0.0367188,-0.00116656
5.6040e-02,-0.0364063,-0.00137906
5.6050e-02,-0.019375,-0.000836563
5.6060e-02,-0.0401563,-0.00109344
5.6070e-02,-0.028125,-0.00110563
5.6080e-02,-0.0457813,-0.00155406
5.6090e-02,-0.034375,-0.00145781
5.6100e-02,-0.02125,-0.00137125
5.6110e-02,-0.0435938,-0.0012275
5.6120e-02,-0.0228125,-0.00142219
5.6130e-02,-0.0314062,-0.00131094
5.6140e-02,-0.0315625,-0.00103406
5.6150e-02,-0.0282813,-0.000869688
5.6160e-02,-0.034375,-0.00108906
5.6170e-02,-0.0354688,-0.000912813
5.6180e-02,-0.0348437,-0.00084125
5.6190e-02,-0.0221875,-0.00109531
5.6200e-02,-0.0320312,-0.00129688
5.6210e-02,-0.0251563,-0.000876875
5.6220e-02,-0.0310937,-0.000851563
5.6230e-02,-0.0284375,-0.00106469
5.6240e-02,-0.0321875,-0.00149813
5.6250e-02,-0.0346875,-0.00113719
5.6260e-02,-0.0440625,-0.00143625
5.6270e-02,-0.04125,-0.00148844
5.6280e-02,-0.0309375,-0.00115344
5.6290e-02,-0.033125,-0.00161563
5.6300e-02,-0.025,-0.00121125
5.6310e-02,-0.024375,-0.000899688
5.6320e-02,-0.0195312,-0.00122
5.6330e-02,-0.0251563,-0.00109563
5.6340e-02,-0.0371875,-0.00120281
5.6350e-02,-0.030625,-0.000835938
5.6360e-02,-0.0282813,-0.00108875
5.6370e-02,-0.0253125,-0.00126938
5.6380e-02,-0.0267187,-0.000946875
5.6390e-02,-0.0446875,-0.00108813
5.6400e-02,-0.045,-0.00121844
5.6410e-02,-0.046875,-0.00160063
5.6420e-02,-0.03375,-0.00138031
5.6430e-02,-0.0451563,-0.00142906
5.6440e-02,-0.02875,-0.00113313
5.6450e-02,-0.0325,-0.00108438
5.6460e-02,-0.0253125,-0.00132594
5.6470e-02,-0.0370313,-0.00125906
5.6480e-02,-0.0490625,-0.000998125
5.6490e-02,-0.0257812,-0.000985
5.6500e-02,-0.026875,-0.000907188
5.6510e-02,-0.038125,-0.00082125
5.6520e-02,-0.0353125,-0.0011775
5.6530e-02,-0.0332812,-0.000880938
5.6540e-02,-0.0221875,-0.00072
5.6550e-02,-0.0323438,-0.0009875
5.6560e-02,-0.0342187,-0.00092125
5.6570e-02,-0.0239063,-0.000743438
5.6580e-02,-0.0223437,-0.00120156
5.6590e-02,-0.043125,-0.0011825
5.6600e-02,-0.0417187,-0.000988125
5.6610e-02,-0.0417187,-0.00120031
5.6620e-02,-0.0295313,-0.00121531
5.6630e-02,-0.0359375,-0.000788438
5.6640e-02,-0.04625,-0.00116
5.6650e-02,-0.05,-0.00166281
5.6660e-02,-0.0371875,-0.00143938
5.6670e-02,-0.0428125,-0.00108219
5.6680e-02,-0.031875,-0.00133531
5.6690e-02,-0.0371875,-0.00130063
5.6700e-02,-0.0398437,-0.00114313
5.6710e-02,-0.03625,-0.00110563
5.6720e-02,-0.03125,-0.000864375
5.6730e-02,-0.0335937,-0.00126625
5.6740e-02,-0.0284375,-0.0007475
5.6750e-02,-0.0395313,-0.00137406
5.6760e-02,-0.0404687,-0.000909063
5.6770e-02,-0.0284375,-0.000920938
5.6780e-02,-0.0339062,-0.00124688
5.6790e-02,-0.0304688,-0.00120375
5.6800e-02,-0.0460938,-0.00132438
5.6810e-02,-0.034375,-0.000848438
5.6820e-02,-0.0496875,-0.0009725
5.6830e-02,-0.0439063,-0.00113719
5.6840e-02,-0.0323438,-0.0013675
5.6850e-02,-0.0376563,-0.00162063
5.6860e-02,-0.0295313,-0.000995938
5.6870e-02,-0.0346875,-0.00129063
5.6880e-02,-0.0245313,-0.00107625
5.6890e-02,-0.0260937,-0.00125344
5.6900e-02,-0.043125,-0.00155438
5.6910e-02,-0.0426562,-0.00122563
5.6920e-02,-0.0376563,-0.00132469
5.6930e-02,-0.03625,-0.000811875
5.6940e-02,-0.02375,-0.00075
5.6950e-02,-0.0373438,-0.00120938
5.6960e-02,-0.0382813,-0.00139563
5.6970e-02,-0.0485938,-0.00124281
5.6980e-02,-0.0335937,-0.00076625
5.6990e-02,-0.0375,-0.00128688
5.7000e-02,-0.0298438,-0.00127688
5.7010e-02,-0.02625,-0.00089125
5.7020e-02,-0.03375,-0.00103781
5.7030e-02,-0.0390625,-0.00148625
5.7040e-02,-0.0432813,-0.00110125
5.7050e-02,-0.0359375,-0.00134688
5.7060e-02,-0.0282813,-0.00139969
5.7070e-02,-0.0415625,-0.00120313
5.7080e-02,-0.0245313,-0.00138281
5.7090e-02,-0.0323438,-0.0016475
5.7100e-02,-0.039375,-0.00115344
5.7110e-02,-0.0392187,-0.000945938
5.7120e-02,-0.035,-0.00104938
5.7130e-02,-0.0339062,-0.000929688
5.7140e-02,-0.0421875,-0.00106375
5.7150e-02,-0.03,-0.00113844
5.7160e-02,-0.033125,-0.00129031
5.7170e-02,-0.0559375,-0.00108594
5.7180e-02,-0.0292188,-0.000801563
5.7190e-02,-0.0260937,-0.00112688
5.7200e-02,-0.0303125,-0.00180313
5.7210e-02,-0.0423437,-0.00131531
5.7220e-02,-0.0373438,-0.00104125
5.7230e-02,-0.03125,-0.00139031
5.7240e-02,-0.0335937,-0.00131719
5.7250e-02,-0.0292188,-0.001185
5.7260e-02,-0.0271875,-0.00138719
5.7270e-02,-0.045,-0.00141781
5.7280e-02,-0.0284375,-0.00148688
5.7290e-02,-0.0454688,-0.00138563
5.7300e-02,-0.04375,-0.00170938
5.7310e-02,-0.0296875,-0.00142094
5.7320e-02,-0.0440625,-0.000985938
5.7330e-02,-0.0401563,-0.00105906
5.7340e-02,-0.0426562,-0.00109844
5.7350e-02,-0.0457813,-0.00105125
5.7360e-02,-0.0339062,-0.00104813
5.7370e-02,-0.035625,-0.001045
5.7380e-02,-0.0325,-0.00150438
5.7390e-02,-0.0501562,-0.00123688
5.7400e-02,-0.0295313,-0.00143844
5.7410e-02,-0.0426562,-0.0012675
5.7420e-02,-0.0428125,-0.000988125
5.7430e-02,-0.0375,-0.00117188
5.7440e-02,-0.0217188,-0.0014225
5.7450e-02,-0.0196875,-0.000959375
5.7460e-02,-0.038125,-0.00111875
5.7470e-02,-0.0421875,-0.00129813
5.7480e-02,-0.0332812,-0.00158625
5.7490e-02,-0.0264062,-0.00146469
5.7500e-02,-0.035,-0.00109125
5.7510e-02,-0.035625,-0.00117219
5.7520e-02,-0.03625,-0.001235
5.7530e-02,-0.035625,-0.0010975
5.7540e-02,-0.0423437,-0.00100938
5.7550e-02,-0.0329688,-0.00102688
5.7560e-02,-0.0328125,-0.00107781
5.7570e-02,-0.0251563,-0.00104406
5.7580e-02,-0.043125,-0.000725625
5.7590e-02,-0.04125,-0.000749688
5.7600e-02,-0.0448438,-0.00135781
5.7610e-02,-0.03,-0.00135344
5.7620e-02,-0.04,-0.00113375
5.7630e-02,-0.035,-0.00132625
5.7640e-02,-0.0234375,-0.00105469
5.7650e-02,-0.0375,-0.00125906
5.7660e-02,-0.0325,-0.000854375
5.7670e-02,-0.0420312,-0.00102187
5.7680e-02,-0.0417187,-0.00122313
5.7690e-02,-0.04,-0.00106469
5.7700e-02,-0.03125,-0.000929375
5.7710e-02,-0.0207813,-0.00142188
5.7720e-02,-0.0428125,-0.00124375
5.7730e-02,-0.0404687,-0.00139188
5.7740e-02,-0.0396875,-0.00116625
5.7750e-02,-0.0279688,-0.00129938
5.7760e-02,-0.0342187,-0.000934375
5.7770e-02,-0.0309375,-0.000892188
5.7780e-02,-0.0384375,-0.000864688
5.7790e-02,-0.031875,-0.000573125
5.7800e-02,-0.0326562,-0.00140969
5.7810e-02,-0.0348437,-0.00143219
5.7820e-02,-0.0371875,-0.00106344
5.7830e-02,-0.0317188,-0.00135063
5.7840e-02,-0.0410937,-0.00090375
5.7850e-02,-0.0428125,-0.00110969
5.7860e-02,-0.038125,-0.0009525
5.7870e-02,-0.0382813,-0.00134
5.7880e-02,-0.0423437,-0.00135969
5.7890e-02,-0.0421875,-0.00106938
5.7900e-02,-0.0235938,-0.00112219
5.7910e-02,-0.0385937,-0.0009125
5.7920e-02,-0.0289063,-0.00126656
5.7930e-02,-0.0498438,-0.00104688
5.7940e-02,-0.043125,-0.00114344
5.7950e-02,-0.0346875,-0.00102813
5.7960e-02,-0.0392187,-0.00146625
5.7970e-02,-0.0376563,-0.00137313
5.7980e-02,-0.0354688,-0.00118625
5.7990e-02,-0.0434375,-0.00136969
5.8000e-02,-0.0389063,-0.00113563
5.8010e-02,-0.0448438,-0.00099625
5.8020e-02,-0.0232812,-0.00158531
5.8030e-02,-0.0410937,-0.00146313
5.8040e-02,-0.0382813,-0.00144688
5.8050e-02,-0.0451563,-0.000975313
5.8060e-02,-0.0329688,-0.000790625
5.8070e-02,-0.0329688,-0.00149406
5.8080e-02,-0.0315625,-0.00138969
5.8090e-02,-0.0371875,-0.00153813
5.8100e-02,-0.0364063,-0.00151875
5.8110e-02,-0.0359375,-0.00104281
5.8120e-02,-0.038125,-0.00091875
5.8130e-02,-0.041875,-0.000751563
5.8140e-02,-0.0290625,-0.00116781
5.8150e-02,-0.0292188,-0.00101781
5.8160e-02,-0.0332812,-0.00120594
5.8170e-02,-0.0379688,-0.00144281
5.8180e-02,-0.0329688,-0.00152563
5.8190e-02,-0.0345312,-0.000995625
5.8200e-02,-0.0376563,-0.00123
5.8210e-02,-0.0342187,-0.00112156
5.8220e-02,-0.04,-0.00103625
5.8230e-02,-0.03875,-0.00144969
5.8240e-02,-0.0360938,-0.0013575
5.8250e-02,-0.0385937,-0.00134031
5.8260e-02,-0.0359375,-0.00113
5.8270e-02,-0.0359375,-0.00112781
5.8280e-02,-0.0290625,-0.0004175
5.8290e-02,-0.03375,-0.00097875
5.8300e-02,-0.0428125,-0.00107
5.8310e-02,-0.02875,-0.00118844
5.8320e-02,-0.0432813,-0.00119906
5.8330e-02,-0.0423437,-0.00105531
5.8340e-02,-0.0348437,-0.00144094
5.8350e-02,-0.0382813,-0.00106281
5.8360e-02,-0.045625,-0.00098125
5.8370e-02,-0.036875,-0.00099125
5.8380e-02,-0.04125,-0.00162406
5.8390e-02,-0.0376563,-0.00128875
5.8400e-02,-0.04,-0.00105031
5.8410e-02,-0.0396875,-0.00093625
5.8420e-02,-0.0498438,-0.00109313
5.8430e-02,-0.024375,-0.00122688
5.8440e-02,-0.041875,-0.00167219
5.8450e-02,-0.0376563,-0.00129281
5.8460e-02,-0.0421875,-0.00103906
5.8470e-02,-0.03625,-0.000960938
5.8480e-02,-0.0490625,-0.000895938
5.8490e-02,-0.0459375,-0.0007025
5.8500e-02,-0.0276563,-0.00141781
5.8510e-02,-0.050625,-0.000691563
5.8520e-02,-0.0396875,-0.00112469
5.8530e-02,-0.0415625,-0.001715
5.8540e-02,-0.0339062,-0.00112938
5.8550e-02,-0.0321875,-0.00089875
5.8560e-02,-0.0410937,-0.000663125
5.8570e-02,-0.0421875,-0.0012925
5.8580e-02,-0.030625,-0.00130156
5.8590e-02,-0.0396875,-0.00101969
5.8600e-02,-0.02625,-0.00105094
5.8610e-02,-0.0354688,-0.00123031
5.8620e-02,-0.043125,-0.00139906
5.8630e-02,-0.04,-0.00141313
5.8640e-02,-0.0467188,-0.00139719
5.8650e-02,-0.0448438,-0.00101687
5.8660e-02,-0.0448438,-0.00117
5.8670e-02,-0.0459375,-0.000494688
5.8680e-02,-0.0375,-0.000752813
5.8690e-02,-0.0310937,-0.000663125
5.8700e-02,-0.03125,-0.00126625
5.8710e-02,-0.0429688,-0.00105563
5.8720e-02,-0.03125,-0.00086125
5.8730e-02,-0.0245313,-0.000938438
5.8740e-02,-0.0357813,-0.00149594
5.8750e-02,-0.0417187,-0.00112688
5.8760e-02,-0.0359375,-0.000970625
5.8770e-02,-0.0475,-0.00126563
5.8780e-02,-0.0223437,-0.00133406
5.8790e-02,-0.0320312,-0.00142656
5.8800e-02,-0.0451563,-0.00105719
5.8810e-02,-0.035625,-0.00110844
5.8820e-02,-0.0357813,-0.00110531
5.8830e-02,-0.0310937,-0.000240625
5.8840e-02,-0.0478125,-0.000861875
5.8850e-02,-0.0407813,-0.000775625
5.8860e-02,-0.0390625,-0.000902813
5.8870e-02,-0.0346875,-0.000948438
5.8880e-02,-0.0365625,-0.00119313
5.8890e-02,-0.048125,-0.00145656
5.8900e-02,-0.0296875,-0.00107781
5.8910e-02,-0.0334375,-0.0007975
5.8920e-02,-0.0396875,-0.0010175
5.8930e-02,-0.0484375,-0.000632813
5.8940e-02,-0.0489062,-0.00115313
5.8950e-02,-0.0528125,-0.000739063
5.8960e-02,-0.0259375,-0.00122469
5.8970e-02,-0.0440625,-0.00141375
5.8980e-02,-0.0396875,-0.00137906
5.8990e-02,-0.034375,-0.00130469
5.9000e-02,-0.0510938,-0.0010525
5.9010e-02,-0.044375,-0.00158906
5.9020e-02,-0.0357813,-0.000939688
5.9030e-02,-0.036875,-0.00123875
5.9040e-02,-0.0345312,-0.000999375
5.9050e-02,-0.05,-0.000913125
5.9060e-02,-0.0442188,-0.00143813
5.9070e-02,-0.0442188,-0.000759063
5.9080e-02,-0.0357813,-0.0011925
5.9090e-02,-0.0526563,-0.00124688
5.9100e-02,-0.0389063,-0.00104375
5.9110e-02,-0.0351562,-0.000943125
5.9120e-02,-0.0335937,-0.000885313
5.9130e-02,-0.04875,-0.00109
5.9140e-02,-0.0357813,-0.00107594
5.9150e-02,-0.03875,-0.00140531
5.9160e-02,-0.04,-0.00121594
5.9170e-02,-0.0451563,-0.000897188
5.9180e-02,-0.0373438,-0.00124375
5.9190e-02,-0.0345312,-0.00139313
5.9200e-02,-0.0478125,-0.00117969
5.9210e-02,-0.0448438,-0.00123313
5.9220e-02,-0.0465625,-0.00108688
5.9230e-02,-0.0346875,-0.00114
5.9240e-02,-0.028125,-0.00106094
5.9250e-02,-0.030625,-0.00110563
5.9260e-02,-0.0421875,-0.00098
5.9270e-02,-0.0454688,-0.00122156
5.9280e-02,-0.0379688,-0.0013575
5.9290e-02,-0.0434375,-0.00106188
5.9300e-02,-0.036875,-0.00124563
5.9310e-02,-0.0523437,-0.00111656
5.9320e-02,-0.0346875,-0.00122031
5.9330e-02,-0.038125,-0.00134875
5.9340e-02,-0.0395313,-0.000665938
5.9350e-02,-0.0475,-0.00101469
5.9360e-02,-0.0328125,-0.00123625
5.9370e-02,-0.0334375,-0.00121688
5.9380e-02,-0.0378125,-0.00110531
5.9390e-02,-0.0403125,-0.00122969
5.9400e-02,-0.0290625,-0.000777188
5.9410e-02,-0.0403125,-0.000860625
5.9420e-02,-0.04125,-0.000919688
5.9430e-02,-0.036875,-0.000975938
5.9440e-02,-0.0414063,-0.00060375
5.9450e-02,-0.0439063,-0.00117344
5.9460e-02,-0.0307813,-0.000790313
5.9470e-02,-0.0367188,-0.00116188
5.9480e-02,-0.0329688,-0.00101406
5.9490e-02,-0.03875,-0.00117094
5.9500e-02,-0.0289063,-0.000919063
5.9510e-02,-0.0464062,-0.000964375
5.9520e-02,-0.0425,-0.00113094
5.9530e-02,-0.03625,-0.00118531
5.9540e-02,-0.0371875,-0.00128094
5.9550e-02,-0.0415625,-0.00153813
5.9560e-02,-0.04375,-0.00119938
5.9570e-02,-0.0426562,-0.00085
5.9580e-02,-0.0485938,-0.000824375
5.9590e-02,-0.02875,-0.000979375
5.9600e-02,-0.0426562,-0.00107531
5.9610e-02,-0.028125,-0.00118469
5.9620e-02,-0.0423437,-0.000714375
5.9630e-02,-0.035625,-0.000924063
5.9640e-02,-0.046875,-0.00103344
5.9650e-02,-0.040625,-0.00107531
5.9660e-02,-0.0403125,-0.0006325
5.9670e-02,-0.041875,-0.00113688
5.9680e-02,-0.0276563,-0.000765313
5.9690e-02,-0.0470312,-0.000802188
5.9700e-02,-0.0328125,-0.00086375
5.9710e-02,-0.0326562,-0.00131625
5.9720e-02,-0.0359375,-0.000732813
5.9730e-02,-0.0482812,-0.00135563
5.9740e-02,-0.0390625,-0.00110875
5.9750e-02,-0.04,-0.0013675
5.9760e-02,-0.03875,-0.00129031
5.9770e-02,-0.0417187,-0.001265
5.9780e-02,-0.0454688,-0.00100906
5.9790e-02,-0.0410937,-0.00124125
5.9800e-02,-0.0389063,-0.00130188
5.9810e-02,-0.0371875,-0.00130063
5.9820e-02,-0.0414063,-0.00111469
5.9830e-02,-0.0434375,-0.00102219
5.9840e-02,-0.0432813,-0.00116594
5.9850e-02,-0.0351562,-0.00112406
5.9860e-02,-0.0407813,-0.000695938
5.9870e-02,-0.0532813,-0.000773125
5.9880e-02,-0.0457813,-0.00119625
5.9890e-02,-0.0435938,-0.00113125
5.9900e-02,-0.0420312,-0.00116531
5.9910e-02,-0.044375,-0.00118531
5.9920e-02,-0.0260937,-0.00137
5.9930e-02,-0.038125,-0.001135
5.9940e-02,-0.0476562,-0.00134969
5.9950e-02,-0.0435938,-0.000703125
5.9960e-02,-0.0484375,-0.00179688
5.9970e-02,-0.0407813,-0.00113219
5.9980e-02,-0.050625,-0.00146906
5.9990e-02,-0.0485938,-0.00124125
6.0000e-02,-0.0448438,-0.00104563
6.0010e-02,-0.0484375,-0.00139156
6.0020e-02,-0.0423437,-0.0006975
6.0030e-02,-0.0304688,-0.00113563
6.0040e-02,-0.04875,-0.000905938
6.0050e-02,-0.0326562,-0.00117594
6.0060e-02,-0.0373438,-0.00118531
6.0070e-02,-0.0348437,-0.00113531
6.0080e-02,-0.0365625,-0.00112406
6.0090e-02,-0.035625,-0.00106531
6.0100e-02,-0.0378125,-0.000945625
6.0110e-02,-0.0478125,-0.00143
6.0120e-02,-0.046875,-0.00146969
6.0130e-02,-0.0340625,-0.00137188
6.0140e-02,-0.0395313,-0.00161875
6.0150e-02,-0.0354688,-0.000969688
6.0160e-02,-0.0445313,-0.00107938
6.0170e-02,-0.0323438,-0.000954375
6.0180e-02,-0.0464062,-0.00103938
6.0190e-02,-0.0396875,-0.00121625
6.0200e-02,-0.0442188,-0.00106875
6.0210e-02,-0.0254688,-0.00106313
6.0220e-02,-0.0321875,-0.00149625
6.0230e-02,-0.0448438,-0.0012375
6.0240e-02,-0.0465625,-0.00120969
6.0250e-02,-0.0396875,-0.0010075
6.0260e-02,-0.0392187,-0.000907188
6.0270e-02,-0.044375,-0.000991563
6.0280e-02,-0.0407813,-0.00101281
6.0290e-02,-0.0454688,-0.00110094
6.0300e-02,-0.031875,-0.00138781
6.0310e-02,-0.0364063,-0.00138563
6.0320e-02,-0.0367188,-0.00124594
6.0330e-02,-0.0375,-0.00131719
6.0340e-02,-0.0326562,-0.00143781
6.0350e-02,-0.0471875,-0.000858125
6.0360e-02,-0.0529687,-0.000816563
6.0370e-02,-0.0301563,-0.00057
6.0380e-02,-0.0353125,-0.00115906
6.0390e-02,-0.03625,-0.00129469
6.0400e-02,-0.03625,-0.00093375
6.0410e-02,-0.0448438,-0.00101594
6.0420e-02,-0.046875,-0.000989688
6.0430e-02,-0.04,-0.00094625
6.0440e-02,-0.0476562,-0.00114375
6.0450e-02,-0.0396875,-0.00110438
6.0460e-02,-0.0429688,-0.00114063
6.0470e-02,-0.0429688,-0.000964063
6.0480e-02,-0.061875,-0.00105844
6.0490e-02,-1.07047,-0.00138969
6.0500e-02,0.0251563,-0.00535188
6.0510e-02,-1.3025,-0.00702125
6.0520e-02,-1.52125,-0.00746
6.0530e-02,-0.0679688,-0.00767375
6.0540e-02,0.127969,-0.00737875
6.0550e-02,0.101875,-0.00744844
6.0560e-02,0.113594,-0.00750281
6.0570e-02,0.08125,-0.00737688
6.0580e-02,0.0728125,-0.00737719
6.0590e-02,0.0634375,-0.00761469
6.0600e-02,0.0570312,-0.00750344
6.0610e-02,0.0553125,-0.00751906
6.0620e-02,0.0454688,-0.00751188
6.0630e-02,0.0409375,-0.00742219
6.0640e-02,0.0435938,-0.0073875
6.0650e-02,0.0314062,-0.00729344
6.0660e-02,0.0384375,-0.00743938
6.0670e-02,0.0329688,-0.00748156
6.0680e-02,0.0354688,-0.00736813
6.0690e-02,0.0315625,-0.00741156
6.0700e-02,0.0198438,-0.00747406
6.0710e-02,0.0379687,-0.00743063
6.0720e-02,0.0129687,-0.00739406
6.0730e-02,0.0265625,-0.00728969
6.0740e-02,0.0285937,-0.00716531
6.0750e-02,0.0251563,-0.00397562
6.0760e-02,0.0285937,-0.00238313
6.0770e-02,0.0157813,-0.00184219
6.0780e-02,0.0165625,-0.00192844
6.0790e-02,0.030625,-0.00184938
6.0800e-02,0.0307812,-0.00134156
6.0810e-02,0.0248438,-0.000983125
6.0820e-02,0.00296875,-0.00070875
6.0830e-02,0.0110937,-0.000604688
6.0840e-02,0.0159375,-0.00113594
6.0850e-02,0.0114063,-0.00184813
6.0860e-02,0.006875,-0.00155938
6.0870e-02,0.0109375,-0.00121
6.0880e-02,0.01875,-0.000809375
6.0890e-02,0.0179688,-0.000902813
6.0900e-02,0.00890625,-0.00106219
6.0910e-02,0.00765625,-0.00129969
6.0920e-02,0.0040625,-0.00201781
6.0930e-02,-0.00328125,-0.00169125
6.0940e-02,0.000625,-0.00105156
6.0950e-02,-0.003125,-0.000545313
6.0960e-02,0.00359375,-0.000811563
6.0970e-02,0.00234375,-0.00130594
6.0980e-02,0.004375,-0.00130469
6.0990e-02,-0.00046875,-0.00120281
6.1000e-02,0.0025,-0.00100375
6.1010e-02,0.0078125,-0.000949688
6.1020e-02,0.00640625,-0.000580938
6.1030e-02,0.00359375,-0.00128938
6.1040e-02,0.00390625,-0.00100281
6.1050e-02,0.00359375,-0.00123813
6.1060e-02,0.009375,-0.00136313
6.1070e-02,0.0103125,-0.000805313
6.1080e-02,-0.0065625,-0.00108688
6.1090e-02,-0.0104688,-0.00139188
6.1100e-02,0.00328125,-0.00147563
6.1110e-02,0.00125,-0.0013925
6.1120e-02,-0.0132813,-0.00115625
6.1130e-02,-0.008125,-0.001035
6.1140e-02,-0.00453125,-0.00121094
6.1150e-02,-0.0009375,-0.00169844
6.1160e-02,-0.006875,-0.00144375
6.1170e-02,-0.00578125,-0.00116562
6.1180e-02,-0.00484375,-0.00106125
6.1190e-02,-0.0003125,-0.00140656
6.1200e-02,0.0021875,-0.00130594
6.1210e-02,-0.0059375,-0.00125031
6.1220e-02,-0.00671875,-0.000923125
6.1230e-02,-0.00890625,-0.000904688
6.1240e-02,-0.0059375,-0.00101938
6.1250e-02,-0.0120313,-0.00128094
6.1260e-02,-0.0101563,-0.00118344
6.1270e-02,-0.00671875,-0.001185
6.1280e-02,-0.0151562,-0.001305
6.1290e-02,-0.0189062,-0.00122094
6.1300e-02,-0.0075,-0.00121781
6.1310e-02,-0.00609375,-0.00139031
6.1320e-02,-0.0140625,-0.001105
6.1330e-02,-0.0025,-0.0010325
6.1340e-02,-0.00078125,-0.00131531
6.1350e-02,-0.0145312,-0.000771875
6.1360e-02,-0.00984375,-0.000663438
6.1370e-02,-0.0267187,-0.000695
6.1380e-02,-0.0157813,-0.000866875
6.1390e-02,-0.0160938,-0.00118313
6.1400e-02,-0.005,-0.00145781
6.1410e-02,0.00546875,-0.00115094
6.1420e-02,-0.011875,-0.00132156
6.1430e-02,-0.00296875,-0.00106125
6.1440e-02,-0.0096875,-0.00088875
6.1450e-02,-0.0129688,-0.00111406
6.1460e-02,-0.0304688,-0.00124563
6.1470e-02,-0.0109375,-0.000862813
6.1480e-02,-0.0117188,-0.00066625
6.1490e-02,-0.0242188,-0.00120188
6.1500e-02,-0.0171875,-0.00112844
6.1510e-02,-0.0129688,-0.00103844
6.1520e-02,-0.0114062,-0.00122875
6.1530e-02,0,-0.00100938
6.1540e-02,-0.0178125,-0.00119188
6.1550e-02,-0.0228125,-0.00114563
6.1560e-02,-0.0128125,-0.00100875
6.1570e-02,-0.0207813,-0.00103281
6.1580e-02,-0.0117188,-0.000803438
6.1590e-02,-0.0207813,-0.000905
6.1600e-02,-0.0210938,-0.00123438
6.1610e-02,-0.00171875,-0.00113906
6.1620e-02,-0.0217188,-0.0010775
6.1630e-02,-0.0196875,-0.00128313
6.1640e-02,-0.0114062,-0.00159
6.1650e-02,-0.0192187,-0.00143219
6.1660e-02,-0.02125,-0.00138219
6.1670e-02,-0.0223437,-0.00162813
6.1680e-02,-0.0182812,-0.00155969
6.1690e-02,-0.00890625,-0.00125656
6.1700e-02,-0.0210938,-0.00161844
6.1710e-02,-0.0134375,-0.00104125
6.1720e-02,-0.016875,-0.00112813
6.1730e-02,-0.0134375,-0.0010175
6.1740e-02,-0.0125,-0.00131063
6.1750e-02,-0.0173438,-0.000837813
6.1760e-02,-0.0165625,-0.0012325
6.1770e-02,-0.0242188,-0.00122063
6.1780e-02,-0.0034375,-0.00106656
6.1790e-02,-0.00890625,-0.00172625
6.1800e-02,-0.0301563,-0.00112312
6.1810e-02,-0.0217188,-0.00122875
6.1820e-02,-0.0132813,-0.00126719
6.1830e-02,-0.0159375,-0.00140688
6.1840e-02,-0.0151562,-0.00122063
6.1850e-02,-0.0021875,-0.0012675
6.1860e-02,-0.018125,-0.00114781
6.1870e-02,-0.0220313,-0.00123844
6.1880e-02,-0.0128125,-0.00169625
6.1890e-02,-0.00875,-0.00122
6.1900e-02,-0.0160938,-0.00115781
6.1910e-02,-0.0203125,-0.00129438
6.1920e-02,-0.0159375,-0.0018525
6.1930e-02,-0.0109375,-0.00099625
6.1940e-02,-0.0245313,-0.00138469
6.1950e-02,-0.0235938,-0.00104656
6.1960e-02,-0.029375,-0.00144719
6.1970e-02,-0.0170313,-0.00133969
6.1980e-02,-0.0120313,-0.000919063
6.1990e-02,-0.020625,-0.00131188
6.2000e-02,-0.0160938,-0.00123125
6.2010e-02,-0.0167188,-0.000990313
6.2020e-02,-0.0189062,-0.001065
6.2030e-02,-0.0282813,-0.00157969
6.2040e-02,-0.0160938,-0.00151781
6.2050e-02,-0.021875,-0.00158094
6.2060e-02,-0.0204688,-0.00192344
6.2070e-02,-0.0159375,-0.00162875
6.2080e-02,-0.0290625,-0.00123813
6.2090e-02,-0.0195312,-0.000967188
6.2100e-02,-0.015625,-0.000894063
6.2110e-02,-0.034375,-0.000928438
6.2120e-02,-0.021875,-0.00113219
6.2130e-02,-0.0146875,-0.00085125
6.2140e-02,-0.0254688,-0.00086
6.2150e-02,-0.0220313,-0.00138219
6.2160e-02,-0.0204688,-0.00126344
6.2170e-02,-0.020625,-0.000990625
6.2180e-02,-0.0248438,-0.00108781
6.2190e-02,-0.025,-0.00128906
6.2200e-02,-0.0225,-0.00105844
6.2210e-02,-0.0198438,-0.0010675
6.2220e-02,-0.0273438,-0.00108719
6.2230e-02,-0.0284375,-0.00118281
6.2240e-02,-0.0103125,-0.00140313
6.2250e-02,-0.024375,-0.00133156
6.2260e-02,-0.0348437,-0.00135063
6.2270e-02,-0.0228125,-0.00156344
6.2280e-02,-0.0196875,-0.00130938
6.2290e-02,-0.02125,-0.00134781
6.2300e-02,-0.02125,-0.00155
6.2310e-02,-0.019375,-0.00142813
6.2320e-02,-0.02,-0.00130594
6.2330e-02,-0.0259375,-0.000900313
6.2340e-02,-0.0328125,-0.000897813
6.2350e-02,-0.01625,-0.000952188
6.2360e-02,-0.02375,-0.00136719
6.2370e-02,-0.015625,-0.00136219
6.2380e-02,-0.03,-0.00109531
6.2390e-02,-0.0215625,-0.0008725
6.2400e-02,-0.024375,-0.00131125
6.2410e-02,-0.0215625,-0.000975625
6.2420e-02,-0.0217188,-0.00106
6.2430e-02,-0.0167188,-0.00131281
6.2440e-02,-0.0225,-0.00068
6.2450e-02,-0.0140625,-0.000928125
6.2460e-02,-0.0225,-0.00119469
6.2470e-02,-0.0279688,-0.00115625
6.2480e-02,-0.02,-0.00124
6.2490e-02,-0.0320312,-0.000880938
6.2500e-02,-0.0217188,-0.00112875
6.2510e-02,-0.02125,-0.00132313
6.2520e-02,-0.0175,-0.00151438
6.2530e-02,-0.0295313,-0.00131188
6.2540e-02,-0.0314062,-0.0009525
6.2550e-02,-0.0245313,-0.00134875
6.2560e-02,-0.0232812,-0.00097875
6.2570e-02,-0.0175,-0.00065
6.2580e-02,-0.0209375,-0.000965938
6.2590e-02,-0.0221875,-0.00108906
6.2600e-02,-0.0090625,-0.00122094
6.2610e-02,-0.0159375,-0.00129219
6.2620e-02,-0.0171875,-0.00162344
6.2630e-02,-0.01,-0.001635
6.2640e-02,-0.0214063,-0.001335
6.2650e-02,-0.0126563,-0.00105094
6.2660e-02,-0.0232812,-0.00114906
6.2670e-02,-0.0198438,-0.000957813
6.2680e-02,-0.03,-0.00100375
6.2690e-02,-0.015,-0.00113
6.2700e-02,-0.0284375,-0.000647813
6.2710e-02,-0.0228125,-0.00115563
6.2720e-02,-0.0165625,-0.00108062
6.2730e-02,-0.02,-0.00114594
6.2740e-02,-0.0129688,-0.00132063
6.2750e-02,-0.0210938,-0.000898125
6.2760e-02,-0.026875,-0.00138156
6.2770e-02,-0.020625,-0.00113281
6.2780e-02,-0.021875,-0.00125719
6.2790e-02,-0.0321875,-0.00105969
6.2800e-02,-0.0246875,-0.00132938
6.2810e-02,-0.0225,-0.00143281
6.2820e-02,-0.0229687,-0.00171813
6.2830e-02,-0.0259375,-0.00178219
6.2840e-02,-0.0264062,-0.00120469
6.2850e-02,-0.0264062,-0.00153844
6.2860e-02,-0.0192187,-0.0015025
6.2870e-02,-0.0201563,-0.00141063
6.2880e-02,-0.02875,-0.00103156
6.2890e-02,-0.0225,-0.000918125
6.2900e-02,-0.0278125,-0.00103531
6.2910e-02,-0.0289063,-0.00132906
6.2920e-02,-0.0232812,-0.00106719
6.2930e-02,-0.0253125,-0.00093625
6.2940e-02,-0.024375,-0.00140531
6.2950e-02,-0.0289063,-0.000929375
6.2960e-02,-0.03,-0.00123188
6.2970e-02,-0.0276563,-0.00167625
6.2980e-02,-0.0307813,-0.000816563
6.2990e-02,-0.0185937,-0.00117688
6.3000e-02,-0.0445313,-0.00141313
6.3010e-02,-0.0290625,-0.00109125
6.3020e-02,-0.0332812,-0.00157375
6.3030e-02,-0.0242188,-0.00152719
6.3040e-02,-0.0334375,-0.00151219
6.3050e-02,-0.0328125,-0.00124063
6.3060e-02,-0.0278125,-0.00145094
6.3070e-02,-0.0190625,-0.000992188
6.3080e-02,-0.02375,-0.00111844
6.3090e-02,-0.0195312,-0.00111938
6.3100e-02,-0.0332812,-0.00107969
6.3110e-02,-0.0270312,-0.000974688
6.3120e-02,-0.0304688,-0.00104656
6.3130e-02,-0.0365625,-0.000995938
6.3140e-02,-0.0354688,-0.000756563
6.3150e-02,-0.0298438,-0.00108563
6.3160e-02,-0.0160938,-0.001165
6.3170e-02,-0.023125,-0.0010425
6.3180e-02,-0.0309375,-0.00119813
6.3190e-02,-0.0315625,-0.00124406
6.3200e-02,-0.0210938,-0.00139875
6.3210e-02,-0.025625,-0.00125313
6.3220e-02,-0.0259375,-0.00133531
6.3230e-02,-0.0289063,-0.00143406
6.3240e-02,-0.0201563,-0.00111219
6.3250e-02,-0.0160938,-0.00108156
6.3260e-02,-0.0303125,-0.000948438
6.3270e-02,-0.0292188,-0.00104188
6.3280e-02,-0.0332812,-0.00105656
6.3290e-02,-0.0173438,-0.001085
6.3300e-02,-0.0295313,-0.00123219
6.3310e-02,-0.0434375,-0.0009075
6.3320e-02,-0.0320312,-0.00107781
6.3330e-02,-0.0248438,-0.00131406
6.3340e-02,-0.0304688,-0.000734375
6.3350e-02,-0.0325,-0.00115125
6.3360e-02,-0.04,-0.000707813
6.3370e-02,-0.0276563,-0.000867188
6.3380e-02,-0.0273438,-0.00125188
6.3390e-02,-0.0404687,-0.00109594
6.3400e-02,-0.0415625,-0.00128688
6.3410e-02,-0.023125,-0.00134813
6.3420e-02,-0.0221875,-0.00136563
6.3430e-02,-0.01875,-0.00132156
6.3440e-02,-0.0432813,-0.00106938
6.3450e-02,-0.03125,-0.00140594
6.3460e-02,-0.0223437,-0.000978438
6.3470e-02,-0.0245313,-0.00120844
6.3480e-02,-0.0257812,-0.000738438
6.3490e-02,-0.0404687,-0.00113344
6.3500e-02,-0.0296875,-0.000929063
6.3510e-02,-0.0392187,-0.00119906
6.3520e-02,-0.0329688,-0.001325
6.3530e-02,-0.0221875,-0.00116094
6.3540e-02,-0.0228125,-0.00135688
6.3550e-02,-0.0445313,-0.0013325
6.3560e-02,-0.0251563,-0.00115844
6.3570e-02,-0.0364063,-0.000880625
6.3580e-02,-0.0382813,-0.00129469
6.3590e-02,-0.028125,-0.000863125
6.3600e-02,-0.0309375,-0.00098875
6.3610e-02,-0.0228125,-0.00111531
6.3620e-02,-0.0298438,-0.000819688
6.3630e-02,-0.0348437,-0.00124563
6.3640e-02,-0.0309375,-0.00117188
6.3650e-02,-0.0284375,-0.00104531
6.3660e-02,-0.0340625,-0.0011825
6.3670e-02,-0.0271875,-0.00100969
6.3680e-02,-0.035625,-0.00119219
6.3690e-02,-0.0245313,-0.00114938
6.3700e-02,-0.0392187,-0.00104563
6.3710e-02,-0.0275,-0.000922188
6.3720e-02,-0.0273438,-0.000834063
6.3730e-02,-0.0260937,-0.00121563
6.3740e-02,-0.0390625,-0.00129781
6.3750e-02,-0.02375,-0.001425
6.3760e-02,-0.0360938,-0.00113844
6.3770e-02,-0.0354688,-0.00161563
6.3780e-02,-0.0184375,-0.00145656
6.3790e-02,-0.033125,-0.00163375
6.3800e-02,-0.0395313,-0.00150031
6.3810e-02,-0.0301563,-0.00188969
6.3820e-02,-0.02375,-0.00116875
6.3830e-02,-0.0289063,-0.00117281
6.3840e-02,-0.03,-0.00114625
6.3850e-02,-0.0420312,-0.000756875
6.3860e-02,-0.0275,-0.00105813
6.3870e-02,-0.040625,-0.0006825
6.3880e-02,-0.036875,-0.0010575
6.3890e-02,-0.0314062,-0.000839688
6.3900e-02,-0.0229687,-0.00121375
6.3910e-02,-0.0189062,-0.000855938
6.3920e-02,-0.030625,-0.00116375
6.3930e-02,-0.0423437,-0.00105125
6.3940e-02,-0.0242188,-0.00119344
6.3950e-02,-0.0340625,-0.00122063
6.3960e-02,-0.0376563,-0.00158188
6.3970e-02,-0.033125,-0.00143625
6.3980e-02,-0.036875,-0.0012475
6.3990e-02,-0.0289063,-0.00133031
6.4000e-02,-0.0420312,-0.00119813
6.4010e-02,-0.0423437,-0.00150906
6.4020e-02,-0.0365625,-0.000905625
6.4030e-02,-0.0428125,-0.00131406
6.4040e-02,-0.0339062,-0.00118344
6.4050e-02,-0.0457813,-0.00103063
6.4060e-02,-0.034375,-0.00117375
6.4070e-02,-0.043125,-0.00135063
6.4080e-02,-0.044375,-0.00127938
6.4090e-02,-0.0326562,-0.0010875
6.4100e-02,-0.024375,-0.00125938
6.4110e-02,-0.0348437,-0.000847813
6.4120e-02,-0.0376563,-0.00112375
6.4130e-02,-0.0289063,-0.00157125
6.4140e-02,-0.0251563,-0.000840625
6.4150e-02,-0.0323438,-0.00119438
6.4160e-02,-0.03625,-0.00147563
6.4170e-02,-0.039375,-0.000988125
6.4180e-02,-0.0360938,-0.00143125
6.4190e-02,-0.0348437,-0.00137
6.4200e-02,-0.036875,-0.00124563
6.4210e-02,-0.04,-0.0011725
6.4220e-02,-0.0348437,-0.00110031
6.4230e-02,-0.0340625,-0.00102
6.4240e-02,-0.0240625,-0.000775625
6.4250e-02,-0.0278125,-0.0010925
6.4260e-02,-0.0326562,-0.00111406
6.4270e-02,-0.04625,-0.00117375
6.4280e-02,-0.0351562,-0.00115031
6.4290e-02,-0.0265625,-0.001045
6.4300e-02,-0.0403125,-0.00139656
6.4310e-02,-0.029375,-0.000629063
6.4320e-02,-0.0351562,-0.00103438
6.4330e-02,-0.0296875,-0.00111594
6.4340e-02,-0.0440625,-0.00131406
6.4350e-02,-0.0440625,-0.00085
6.4360e-02,-0.02875,-0.0010575
6.4370e-02,-0.0292188,-0.00127063
6.4380e-02,-0.0376563,-0.00117281
6.4390e-02,-0.026875,-0.001035
6.4400e-02,-0.0348437,-0.00159469
6.4410e-02,-0.0196875,-0.00116375
6.4420e-02,-0.0289063,-0.00104656
6.4430e-02,-0.044375,-0.000995625
6.4440e-02,-0.033125,-0.00112531
6.4450e-02,-0.0240625,-0.00106406
6.4460e-02,-0.026875,-0.00104844
6.4470e-02,-0.031875,-0.000654375
6.4480e-02,-0.0276563,-0.00102625
6.4490e-02,-0.0423437,-0.000964063
6.4500e-02,-0.038125,-0.000907813
6.4510e-02,-0.03125,-0.00115969
6.4520e-02,-0.0357813,-0.000750313
6.4530e-02,-0.0296875,-0.00138906
6.4540e-02,-0.0495312,-0.00144969
6.4550e-02,-0.0335937,-0.00113344
6.4560e-02,-0.0401563,-0.00134906
6.4570e-02,-0.0342187,-0.000943438
6.4580e-02,-0.0428125,-0.0017625
6.4590e-02,-0.0379688,-0.00121906
6.4600e-02,-0.0296875,-0.00112375
6.4610e-02,-0.04375,-0.000749375
6.4620e-02,-0.0282813,-0.00118031
6.4630e-02,-0.0395313,-0.00116094
6.4640e-02,-0.0285938,-0.000937188
6.4650e-02,-0.0332812,-0.00136531
6.4660e-02,-0.0371875,-0.00118313
6.4670e-02,-0.0421875,-0.000823125
6.4680e-02,-0.0407813,-0.00107125
6.4690e-02,-0.0257812,-0.0003975
6.4700e-02,-0.034375,-0.00120219
6.4710e-02,-0.0403125,-0.00126625
6.4720e-02,-0.0298438,-0.00127094
6.4730e-02,-0.0360938,-0.00145719
6.4740e-02,-0.0534375,-0.00143406
6.4750e-02,-0.02875,-0.00145188
6.4760e-02,-0.0392187,-0.00157281
6.4770e-02,-0.0340625,-0.00134781
6.4780e-02,-0.0232812,-0.0015
6.4790e-02,-0.0339062,-0.00110156
6.4800e-02,-0.0359375,-0.00136156
6.4810e-02,-0.0309375,-0.00123969
6.4820e-02,-0.0245313,-0.000913125
6.4830e-02,-0.025625,-0.00128313
6.4840e-02,-0.0396875,-0.00115813
6.4850e-02,-0.0367188,-0.00130375
6.4860e-02,-0.0364063,-0.00123094
6.4870e-02,-0.0425,-0.00106469
6.4880e-02,-0.0434375,-0.00112219
6.4890e-02,-0.0317188,-0.00110844
6.4900e-02,-0.0292188,-0.000716875
6.4910e-02,-0.0339062,-0.00104375
6.4920e-02,-0.0375,-0.00110531
6.4930e-02,-0.0309375,-0.00124813
6.4940e-02,-0.0332812,-0.00128125
6.4950e-02,-0.0484375,-0.00110406
6.4960e-02,-0.0339062,-0.001205
6.4970e-02,-0.0325,-0.00114094
6.4980e-02,-0.0376563,-0.000866875
6.4990e-02,-0.0292188,-0.00140813
6.5000e-02,-0.0232812,-0.00117813
6.5010e-02,-0.04,-0.000952188
6.5020e-02,-0.0392187,-0.000880938
6.5030e-02,-0.0389063,-0.000824375
6.5040e-02,-0.0209375,-0.0012475
6.5050e-02,-0.035,-0.000842813
6.5060e-02,-0.0323438,-0.0010725
6.5070e-02,-0.0196875,-0.000644375
6.5080e-02,-0.0342187,-0.0009375
6.5090e-02,-0.02875,-0.000973125
6.5100e-02,-0.0414063,-0.00101906
6.5110e-02,-0.03,-0.00133875
6.5120e-02,-0.0351562,-0.00129281
6.5130e-02,-0.031875,-0.00145844
6.5140e-02,-0.0390625,-0.00119719
6.5150e-02,-0.0367188,-0.000884688
6.5160e-02,-0.0401563,-0.000944063
6.5170e-02,-0.0378125,-0.00111719
6.5180e-02,-0.0346875,-0.000907188
6.5190e-02,-0.0265625,-0.000904375
6.5200e-02,-0.03625,-0.00102313
6.5210e-02,-0.0384375,-0.00119281
6.5220e-02,-0.04375,-0.00114313
6.5230e-02,-0.0226562,-0.00106219
6.5240e-02,-0.0321875,-0.00144281
6.5250e-02,-0.045,-0.000731563
6.5260e-02,-0.024375,-0.000831563
6.5270e-02,-0.0332812,-0.00137969
6.5280e-02,-0.0426562,-0.000794688
6.5290e-02,-0.0332812,-0.00103688
6.5300e-02,-0.0314062,-0.00126188
6.5310e-02,-0.0367188,-0.00141063
6.5320e-02,-0.0325,-0.00121406
6.5330e-02,-0.0451563,-0.00132688
6.5340e-02,-0.0409375,-0.00124969
6.5350e-02,-0.023125,-0.0012525
6.5360e-02,-0.0409375,-0.00149844
6.5370e-02,-0.035,-0.000915313
6.5380e-02,-0.0292188,-0.00117844
6.5390e-02,-0.0367188,-0.00115563
6.5400e-02,-0.0345312,-0.00157094
6.5410e-02,-0.033125,-0.00098625
6.5420e-02,-0.0185937,-0.00107125
6.5430e-02,-0.0335937,-0.00119094
6.5440e-02,-0.0326562,-0.000923438
6.5450e-02,-0.0340625,-0.00083375
6.5460e-02,-0.0403125,-0.0007825
6.5470e-02,-0.044375,-0.000416563
6.5480e-02,-0.0304688,-0.00104813
6.5490e-02,-0.043125,-0.0009025
6.5500e-02,-0.0390625,-0.00106031
6.5510e-02,-0.050625,-0.00145969
6.5520e-02,-0.0315625,-0.00151688
6.5530e-02,-0.0410937,-0.000965938
6.5540e-02,-0.0373438,-0.00117281
6.5550e-02,-0.0342187,-0.00162063
6.5560e-02,-0.0465625,-0.00130375
6.5570e-02,-0.0425,-0.00107344
6.5580e-02,-0.0360938,-0.00120531
6.5590e-02,-0.045,-0.000753438
6.5600e-02,-0.0395313,-0.00127563
6.5610e-02,-0.0398437,-0.0015325
6.5620e-02,-0.0321875,-0.000831875
6.5630e-02,-0.0395313,-0.000977187
6.5640e-02,-0.0342187,-0.000984063
6.5650e-02,-0.0378125,-0.00056375
6.5660e-02,-0.0342187,-0.000959063
6.5670e-02,-0.0310937,-0.000584375
6.5680e-02,-0.0345312,-0.00078875
6.5690e-02,-0.0421875,-0.00087
6.5700e-02,-0.0325,-0.00137625
6.5710e-02,-0.02875,-0.00166219
6.5720e-02,-0.03625,-0.00104344
6.5730e-02,-0.0310937,-0.00127313
6.5740e-02,-0.0270312,-0.0008625
6.5750e-02,-0.0404687,-0.00150938
6.5760e-02,-0.035625,-0.00110187
6.5770e-02,-0.045,-0.00112938
6.5780e-02,-0.0379688,-0.00132063
6.5790e-02,-0.043125,-0.000934063
6.5800e-02,-0.023125,-0.000562813
6.5810e-02,-0.0354688,-0.000990938
6.5820e-02,-0.0371875,-0.000689375
6.5830e-02,-0.0420312,-0.0007125
6.5840e-02,-0.0367188,-0.000829688
6.5850e-02,-0.034375,-0.000752813
6.5860e-02,-0.03625,-0.000922188
6.5870e-02,-0.0279688,-0.000860938
6.5880e-02,-0.04625,-0.00126375
6.5890e-02,-0.0465625,-0.001015
6.5900e-02,-0.0389063,-0.00128813
6.5910e-02,-0.031875,-0.00127
6.5920e-02,-0.0365625,-0.00131063
6.5930e-02,-0.0321875,-0.00113094
6.5940e-02,-0.0459375,-0.00120375
6.5950e-02,-0.051875,-0.000932188
6.5960e-02,-0.0310937,-0.00120625
6.5970e-02,-0.0379688,-0.00138906
6.5980e-02,-0.046875,-0.000973438
6.5990e-02,-0.0428125,-0.000897188
6.6000e-02,-0.0346875,-0.00115594
6.6010e-02,-0.039375,-0.000994375
6.6020e-02,-0.04625,-0.00111188
6.6030e-02,-0.0385937,-0.000805625
6.6040e-02,-0.0332812,-0.0006925
6.6050e-02,-0.0395313,-0.00105313
6.6060e-02,-0.0303125,-0.000984375
6.6070e-02,-0.02625,-0.00114406
6.6080e-02,-0.031875,-0.00152688
6.6090e-02,-0.0426562,-0.00143563
6.6100e-02,-0.029375,-0.00143563
6.6110e-02,-0.0367188,-0.000892188
6.6120e-02,-0.0271875,-0.00130313
6.6130e-02,-0.0334375,-0.000960625
6.6140e-02,-0.0429688,-0.00113094
6.6150e-02,-0.0423437,-0.00106531
6.6160e-02,-0.0357813,-0.001075
6.6170e-02,-0.0328125,-0.00157031
6.6180e-02,-0.0428125,-0.0006775
6.6190e-02,-0.0328125,-0.00108813
6.6200e-02,-0.0332812,-0.00146031
6.6210e-02,-0.0382813,-0.00100781
6.6220e-02,-0.0351562,-0.00120125
6.6230e-02,-0.0390625,-0.0009025
6.6240e-02,-0.0354688,-0.0012125
6.6250e-02,-0.04625,-0.00120156
6.6260e-02,-0.0314062,-0.00106625
6.6270e-02,-0.0340625,-0.001245
6.6280e-02,-0.0390625,-0.00121219
6.6290e-02,-0.0404687,-0.00138406
6.6300e-02,-0.0320312,-0.00115344
6.6310e-02,-0.0398437,-0.00157875
6.6320e-02,-0.0404687,-0.000864063
6.6330e-02,-0.0321875,-0.001015
6.6340e-02,-0.0426562,-0.00110594
6.6350e-02,-0.0460938,-0.00109406
6.6360e-02,-0.0410937,-0.00139156
6.6370e-02,-0.0360938,-0.00118656
6.6380e-02,-0.0396875,-0.0010575
6.6390e-02,-0.0378125,-0.000709063
6.6400e-02,-0.0353125,-0.00115406
6.6410e-02,-0.046875,-0.00088
6.6420e-02,-0.0375,-0.00151281
6.6430e-02,-0.0429688,-0.000948438
6.6440e-02,-0.031875,-0.00120531
6.6450e-02,-0.03875,-0.00157438
6.6460e-02,-0.0339062,-0.000982187
6.6470e-02,-0.0398437,-0.00102719
6.6480e-02,-0.0385937,-0.000809688
6.6490e-02,-0.0365625,-0.00133563
6.6500e-02,-0.0446875,-0.000945625
6.6510e-02,-0.0379688,-0.00108719
6.6520e-02,-0.0401563,-0.00142344
6.6530e-02,-0.0442188,-0.00101156
6.6540e-02,-0.03375,-0.000875313
6.6550e-02,-0.039375,-0.000438125
6.6560e-02,-0.04125,-0.0011375
6.6570e-02,-0.0304688,-0.000824375
6.6580e-02,-0.0417187,-0.000975
6.6590e-02,-0.0301563,-0.00111531
6.6600e-02,-0.0385937,-0.000876875
6.6610e-02,-0.0229687,-0.00138938
6.6620e-02,-0.0328125,-0.00112125
6.6630e-02,-0.0440625,-0.00101344
6.6640e-02,-0.0542187,-0.0011875
6.6650e-02,-0.0460938,-0.00141813
6.6660e-02,-0.0260937,-0.00118969
6.6670e-02,-0.0382813,-0.000901875
6.6680e-02,-0.0375,-0.000977187
6.6690e-02,-0.0414063,-0.000827813
6.6700e-02,-0.0353125,-0.00133688
6.6710e-02,-0.0467188,-0.00112656
6.6720e-02,-0.0357813,-0.000962188
6.6730e-02,-0.039375,-0.000810938
6.6740e-02,-0.0323438,-0.00130906
6.6750e-02,-0.0396875,-0.00153719
6.6760e-02,-0.0326562,-0.00114406
6.6770e-02,-0.0475,-0.0014725
6.6780e-02,-0.0351562,-0.00111906
6.6790e-02,-0.0365625,-0.00130031
6.6800e-02,-0.0342187,-0.00122125
6.6810e-02,-0.03125,-0.000878125
6.6820e-02,-0.0507812,-0.00100875
6.6830e-02,-0.0415625,-0.00095625
6.6840e-02,-0.039375,-0.00106281
6.6850e-02,-0.038125,-0.00109125
6.6860e-02,-0.0389063,-0.00101906
6.6870e-02,-0.0359375,-0.00112094
6.6880e-02,-0.05,-0.00111719
6.6890e-02,-0.0415625,-0.00117656
6.6900e-02,-0.0376563,-0.00133781
6.6910e-02,-0.0404687,-0.001155
6.6920e-02,-0.0398437,-0.00119656
6.6930e-02,-0.0442188,-0.00140656
6.6940e-02,-0.0420312,-0.00137156
6.6950e-02,-0.0384375,-0.000960938
6.6960e-02,-0.0375,-0.00113031
6.6970e-02,-0.0414063,-0.00127031
6.6980e-02,-0.0410937,-0.00102125
6.6990e-02,-0.0271875,-0.00126281
6.7000e-02,-0.0217188,-0.00125094
6.7010e-02,-0.0446875,-0.00126281
6.7020e-02,-0.0420312,-0.00092875
6.7030e-02,-0.0332812,-0.00106938
6.7040e-02,-0.0401563,-0.00134844
6.7050e-02,-0.0310937,-0.00151344
6.7060e-02,-0.0340625,-0.00135219
6.7070e-02,-0.0303125,-0.00127719
6.7080e-02,-0.02625,-0.00178844
6.7090e-02,-0.04375,-0.00104312
6.7100e-02,-0.0434375,-0.000945625
6.7110e-02,-0.039375,-0.000991563
6.7120e-02,-0.0453125,-0.0009525
6.7130e-02,-0.0567187,-0.00152063
6.7140e-02,-0.0467188,-0.00133938
6.7150e-02,-0.0414063,-0.00159875
6.7160e-02,-0.03125,-0.00120438
6.7170e-02,-0.0345312,-0.0007725
6.7180e-02,-0.0440625,-0.000785938
6.7190e-02,-0.035625,-0.000887188
6.7200e-02,-0.0304688,-0.000691875
6.7210e-02,-0.045625,-0.000925938
6.7220e-02,-0.0435938,-0.000784063
6.7230e-02,-0.0398437,-0.00127125
6.7240e-02,-0.0423437,-0.000923125
6.7250e-02,-0.0359375,-0.00093375
6.7260e-02,-0.0495312,-0.0007075
6.7270e-02,-0.0328125,-0.00128875
6.7280e-02,-0.03375,-0.00136875
6.7290e-02,-0.036875,-0.00131344
6.7300e-02,-0.0464062,-0.000929375
6.7310e-02,-0.0353125,-0.00132906
6.7320e-02,-0.0385937,-0.00137125
6.7330e-02,-0.050625,-0.00119
6.7340e-02,-0.0334375,-0.0007525
6.7350e-02,-0.03875,-0.000938438
6.7360e-02,-0.045,-0.00125719
6.7370e-02,-0.0348437,-0.000873125
6.7380e-02,-0.0382813,-0.000989063
6.7390e-02,-0.0415625,-0.00124531
6.7400e-02,-0.0354688,-0.00127875
6.7410e-02,-0.0442188,-0.00102875
6.7420e-02,-0.034375,-0.00106594
6.7430e-02,-0.0384375,-0.0006875
6.7440e-02,-0.0571875,-0.00119344
6.7450e-02,-0.0457813,-0.00117625
6.7460e-02,-0.0357813,-0.00138938
6.7470e-02,-0.0510938,-0.001465
6.7480e-02,-0.0320312,-0.00127031
6.7490e-02,-0.0401563,-0.0009525
6.7500e-02,-0.0345312,-0.00136875
6.7510e-02,-0.0392187,-0.00107
6.7520e-02,-0.039375,-0.000660313
6.7530e-02,-0.025,-0.00131656
6.7540e-02,-0.0282813,-0.00104
6.7550e-02,-0.0384375,-0.000922813
6.7560e-02,-0.045,-0.0009475
6.7570e-02,-0.04125,-0.00127031
6.7580e-02,-0.0470312,-0.00172906
6.7590e-02,-0.0348437,-0.00114
6.7600e-02,-0.0417187,-0.00110906
6.7610e-02,-0.0403125,-0.00108313
6.7620e-02,-0.0414063,-0.000561875
6.7630e-02,-0.0398437,-0.000988125
6.7640e-02,-0.0448438,-0.0011675
6.7650e-02,-0.0448438,-0.00135469
6.7660e-02,-0.0396875,-0.00138406
6.7670e-02,-0.0470312,-0.0013375
6.7680e-02,-0.041875,-0.00118031
6.7690e-02,-0.0404687,-0.000912188
6.7700e-02,-0.0259375,-0.00122469
6.7710e-02,-0.0342187,-0.00138875
6.7720e-02,-0.04125,-0.000756563
6.7730e-02,-0.0390625,-0.00125875
6.7740e-02,-0.0359375,-0.00106094
6.7750e-02,-0.0432813,-0.00123281
6.7760e-02,-0.0542187,-0.00123688
6.7770e-02,-0.0475,-0.000814375
6.7780e-02,-0.0384375,-0.00107031
6.7790e-02,-0.0282813,-0.000815313
6.7800e-02,-0.04125,-0.000941875
6.7810e-02,-0.0395313,-0.00161469
6.7820e-02,-0.0410937,-0.00147094
6.7830e-02,-0.04875,-0.00128969
6.7840e-02,-0.041875,-0.00135594
6.7850e-02,-0.0423437,-0.00111344
6.7860e-02,-0.0479688,-0.000799375
6.7870e-02,-0.0476562,-0.00121
6.7880e-02,-0.035625,-0.00114281
6.7890e-02,-0.0501562,-0.000974063
6.7900e-02,-0.0459375,-0.00123906
6.7910e-02,-0.0404687,-0.000547188
6.7920e-02,-0.0425,-0.000948438
6.7930e-02,-0.0465625,-0.00139438
6.7940e-02,-0.0470312,-0.00104344
6.7950e-02,-0.0435938,-0.00144469
6.7960e-02,-0.05625,-0.000993125
6.7970e-02,-0.0395313,-0.00115813
6.7980e-02,-0.0384375,-0.00117313
6.7990e-02,-0.0440625,-0.00121281
6.8000e-02,-0.0332812,-0.00119594
6.8010e-02,-0.0403125,-0.00121156
6.8020e-02,-0.0404687,-0.00116625
6.8030e-02,-0.03375,-0.00175438
6.8040e-02,-0.0342187,-0.00171813
6.8050e-02,-0.0575,-0.00105125
6.8060e-02,-0.0465625,-0.00110375
6.8070e-02,-0.0398437,-0.00101438
6.8080e-02,-0.04625,-0.00107781
6.8090e-02,-0.0454688,-0.00134406
6.8100e-02,-0.039375,-0.00114813
6.8110e-02,-0.0410937,-0.00112375
6.8120e-02,-0.0365625,-0.00102031
6.8130e-02,-0.0459375,-0.00116625
6.8140e-02,-0.044375,-0.00151656
6.8150e-02,-0.0459375,-0.00141438
6.8160e-02,-0.0403125,-0.00168156
6.8170e-02,-0.0409375,-0.00132438
6.8180e-02,-0.0401563,-0.00122156
6.8190e-02,-0.0425,-0.00120531
6.8200e-02,-0.0348437,-0.00120938
6.8210e-02,-0.0340625,-0.00105813
6.8220e-02,-0.0409375,-0.00102063
6.8230e-02,-0.0523437,-0.00131781
6.8240e-02,-0.0370313,-0.00112344
6.8250e-02,-0.0465625,-0.00135
6.8260e-02,-0.039375,-0.000885938
6.8270e-02,-0.036875,-0.000893438
6.8280e-02,-0.039375,-0.00140531
6.8290e-02,-0.0495312,-0.00068125
6.8300e-02,-0.0354688,-0.00101375
6.8310e-02,-0.0373438,-0.000895
6.8320e-02,-0.0421875,-0.00143094
6.8330e-02,-0.0414063,-0.000887188
6.8340e-02,-0.0409375,-0.000844375
6.8350e-02,-0.03875,-0.000777188
6.8360e-02,-0.048125,-0.000901563
6.8370e-02,-0.0407813,-0.0013725
6.8380e-02,-0.051875,-0.00109469
6.8390e-02,-0.0517188,-0.00105313
6.8400e-02,-0.036875,-0.000965625
6.8410e-02,-0.0495312,-0.000931875
6.8420e-02,-0.0421875,-0.00111969
6.8430e-02,-0.043125,-0.00104938
6.8440e-02,-0.0478125,-0.000979063
6.8450e-02,-0.0432813,-0.00107906
6.8460e-02,-0.0339062,-0.00106344
6.8470e-02,-0.0403125,-0.00104469
6.8480e-02,-0.044375,-0.00109063
6.8490e-02,-0.368281,-0.00113188
6.8500e-02,0.266406,-0.00462344
6.8510e-02,-1.07234,-0.00664844
6.8520e-02,-0.87375,-0.00763906
6.8530e-02,-0.74875,-0.00789531
6.8540e-02,0.0989063,-0.00757688
6.8550e-02,0.110156,-0.00746719
6.8560e-02,0.0876563,-0.00768969
6.8570e-02,0.0754688,-0.00757313
6.8580e-02,0.0823437,-0.00755188
6.8590e-02,0.0809375,-0.0075725
6.8600e-02,0.0648437,-0.00747906
6.8610e-02,0.0507812,-0.00764625
6.8620e-02,0.0665625,-0.00756125
6.8630e-02,0.0446875,-0.00751281
6.8640e-02,0.0490625,-0.007455
6.8650e-02,0.0435938,-0.00728469
6.8660e-02,0.0514063,-0.00752531
6.8670e-02,0.0317188,-0.00743031
6.8680e-02,0.0290625,-0.00744781
6.8690e-02,0.0303125,-0.00747906
6.8700e-02,0.024375,-0.0073575
6.8710e-02,0.0259375,-0.00742469
6.8720e-02,0.0378125,-0.0073625
6.8730e-02,0.0221875,-0.00728
6.8740e-02,0.01875,-0.00746813
6.8750e-02,0.0214062,-0.00458969
6.8760e-02,0.0278125,-0.00265781
6.8770e-02,0.0129687,-0.00165781
6.8780e-02,0.0253125,-0.00164188
6.8790e-02,0.015,-0.00211938
6.8800e-02,0.0173438,-0.00151438
6.8810e-02,0.0215625,-0.00151031
6.8820e-02,0.0096875,-0.000915313
6.8830e-02,0.0190625,-0.000636875
6.8840e-02,0.00359375,-0.00135094
6.8850e-02,0.0154687,-0.00129219
6.8860e-02,-0.00046875,-0.00128031
6.8870e-02,0.00859375,-0.00088375
6.8880e-02,-0.00046875,-0.000253125
6.8890e-02,-0.0034375,-0.0008325
6.8900e-02,0.00234375,-0.00106875
6.8910e-02,0.00515625,-0.00123344
6.8920e-02,-0.00609375,-0.00174031
6.8930e-02,-0.0025,-0.0015525
6.8940e-02,0.0059375,-0.00144375
6.8950e-02,0.0128125,-0.0009725
6.8960e-02,0.00578125,-0.00101281
6.8970e-02,0.00046875,-0.00129531
6.8980e-02,0.00421875,-0.00153563
6.8990e-02,-0.0090625,-0.00132188
6.9000e-02,0.00125,-0.00110375
6.9010e-02,0.00796875,-0.00142656
6.9020e-02,0.0065625,-0.00104813
6.9030e-02,0.00546875,-0.000969063
6.9040e-02,-0.00171875,-0.00122281
6.9050e-02,0.00046875,-0.00097375
6.9060e-02,0.00609375,-0.00100625
6.9070e-02,-0.003125,-0.00141688
6.9080e-02,-0.0090625,-0.00120719
6.9090e-02,-0.00640625,-0.000870625
6.9100e-02,-0.00828125,-0.000698438
6.9110e-02,-0.0134375,-0.00139906
6.9120e-02,-0.0123438,-0.00126625
6.9130e-02,-0.00875,-0.00128188
6.9140e-02,-0.0071875,-0.00130125
6.9150e-02,-0.00546875,-0.0015825
6.9160e-02,-0.0040625,-0.00132344
6.9170e-02,-0.0114062,-0.00142875
6.9180e-02,-0.0132813,-0.00151969
6.9190e-02,-0.00265625,-0.00119625
6.9200e-02,-0.00515625,-0.00132375
6.9210e-02,-0.0153125,-0.00125531
6.9220e-02,-0.00875,-0.00133625
6.9230e-02,-0.00578125,-0.000883125
6.9240e-02,-0.010625,-0.000525938
6.9250e-02,-0.00890625,-0.00117656
6.9260e-02,-0.00625,-0.000752188
6.9270e-02,-0.01625,-0.000769063
6.9280e-02,-0.00265625,-0.000905938
6.9290e-02,-0.01125,-0.000792188
6.9300e-02,-0.009375,-0.000947813
6.9310e-02,-0.0151562,-0.00158625
6.9320e-02,-0.00625,-0.00125063
6.9330e-02,-0.00296875,-0.00159375
6.9340e-02,-0.00578125,-0.00166625
6.9350e-02,-0.0175,-0.00147531
6.9360e-02,0,-0.00128406
6.9370e-02,-0.0176563,-0.00142656
6.9380e-02,0.0046875,-0.000960938
6.9390e-02,-0.0059375,-0.00133969
6.9400e-02,-0.01875,-0.00117375
6.9410e-02,-0.00734375,-0.00126531
6.9420e-02,0,-0.00111344
6.9430e-02,-0.0164063,-0.00111656
6.9440e-02,-0.0021875,-0.00109219
6.9450e-02,-0.0009375,-0.00100469
6.9460e-02,-0.0140625,-0.00119469
6.9470e-02,-0.0189062,-0.00123813
6.9480e-02,-0.0167188,-0.00113469
6.9490e-02,-0.01625,-0.00110719
6.9500e-02,-0.016875,-0.00117313
6.9510e-02,-0.0075,-0.0013175
6.9520e-02,-0.0223437,-0.001165
6.9530e-02,-0.0203125,-0.000980625
6.9540e-02,-0.00953125,-0.00091875
6.9550e-02,-0.0153125,-0.00115219
6.9560e-02,-0.0201563,-0.00116313
6.9570e-02,-0.0114062,-0.00154125
6.9580e-02,-0.0096875,-0.00158781
6.9590e-02,-0.0204688,-0.00155125
6.9600e-02,-0.01875,-0.00103
6.9610e-02,-0.0109375,-0.00144469
6.9620e-02,-0.01125,-0.000829688
6.9630e-02,-0.0114062,-0.00117469
6.9640e-02,-0.0123438,-0.00110406
6.9650e-02,-0.0228125,-0.00114594
6.9660e-02,-0.0164063,-0.00119563
6.9670e-02,-0.0228125,-0.00130031
6.9680e-02,-0.0179687,-0.00137063
6.9690e-02,-0.0190625,-0.000849063
6.9700e-02,-0.0125,-0.00125563
6.9710e-02,-0.02625,-0.00107031
6.9720e-02,-0.0145312,-0.00115594
6.9730e-02,-0.021875,-0.000819688
6.9740e-02,-0.0159375,-0.000956875
6.9750e-02,-0.00578125,-0.00131938
6.9760e-02,-0.009375,-0.000860938
6.9770e-02,-0.0140625,-0.00147594
6.9780e-02,-0.0215625,-0.00118469
6.9790e-02,-0.0210938,-0.00140406
6.9800e-02,-0.0154687,-0.00127031
6.9810e-02,-0.0270312,-0.00113656
6.9820e-02,-0.0096875,-0.00110781
6.9830e-02,-0.0185937,-0.00134313
6.9840e-02,-0.01625,-0.00148469
6.9850e-02,-0.0107813,-0.00110844
6.9860e-02,-0.0225,-0.00123844
6.9870e-02,-0.0246875,-0.00102281
6.9880e-02,-0.03125,-0.000953438
6.9890e-02,-0.0178125,-0.00142125
6.9900e-02,-0.0204688,-0.00105313
6.9910e-02,-0.0046875,-0.00105344
6.9920e-02,-0.0215625,-0.00091625
6.9930e-02,-0.0220313,-0.0015325
6.9940e-02,-0.0203125,-0.00119375
6.9950e-02,-0.023125,-0.00162969
6.9960e-02,-0.015625,-0.00116344
6.9970e-02,-0.0170313,-0.00100688
6.9980e-02,-0.0171875,-0.000994375
6.9990e-02,-0.025625,-0.00128063
7.0000e-02,-0.0165625,-0.00138656
7.0010e-02,-0.0110937,-0.00125844
7.0020e-02,-0.0148437,-0.00116469
7.0030e-02,-0.0123438,-0.00124063
7.0040e-02,-0.0148437,-0.00107625
7.0050e-02,-0.028125,-0.00103219
7.0060e-02,-0.0192187,-0.00107906
7.0070e-02,-0.0264062,-0.00128469
7.0080e-02,-0.0182812,-0.000876875
7.0090e-02,-0.0184375,-0.00122313
7.0100e-02,-0.015625,-0.00105844
7.0110e-02,-0.0129688,-0.00107531
7.0120e-02,-0.0239063,-0.00148031
7.0130e-02,-0.0221875,-0.000969375
7.0140e-02,-0.015625,-0.00124375
7.0150e-02,-0.0195312,-0.00118844
7.0160e-02,-0.035,-0.00083
7.0170e-02,-0.0304688,-0.00121188
7.0180e-02,-0.021875,-0.00140875
7.0190e-02,-0.0195312,-0.000974063
7.0200e-02,-0.0139063,-0.00105625
7.0210e-02,-0.0215625,-0.00131094
7.0220e-02,-0.0223437,-0.00136813
7.0230e-02,-0.02375,-0.00110719
7.0240e-02,-0.023125,-0.0003825
7.0250e-02,-0.0271875,-0.00156469
7.0260e-02,-0.0154687,-0.00159656
7.0270e-02,-0.0329688,-0.00119344
7.0280e-02,-0.0239063,-0.00118938
7.0290e-02,-0.0223437,-0.00111688
7.0300e-02,-0.0223437,-0.0012175
7.0310e-02,-0.0164063,-0.00179406
7.0320e-02,-0.0195312,-0.00145125
7.0330e-02,-0.0178125,-0.00137219
7.0340e-02,-0.0209375,-0.00123344
7.0350e-02,-0.0160938,-0.00109594
7.0360e-02,-0.0204688,-0.00112719
7.0370e-02,-0.0254688,-0.00101281
7.0380e-02,-0.02875,-0.00128688
7.0390e-02,-0.03,-0.00160063
7.0400e-02,-0.0304688,-0.001345
7.0410e-02,-0.02375,-0.000942813
7.0420e-02,-0.028125,-0.00141
7.0430e-02,-0.0226562,-0.00140875
7.0440e-02,-0.00484375,-0.00136531
7.0450e-02,-0.008125,-0.00129188
7.0460e-02,-0.0289063,-0.000921563
7.0470e-02,-0.0228125,-0.000890313
7.0480e-02,-0.0234375,-0.00107031
7.0490e-02,-0.0210938,-0.00109344
7.0500e-02,-0.0353125,-0.00107313
7.0510e-02,-0.0235938,-0.001395
7.0520e-02,-0.0384375,-0.0010975
7.0530e-02,-0.0253125,-0.00136531
7.0540e-02,-0.00984375,-0.00142719
7.0550e-02,-0.01375,-0.00142625
7.0560e-02,-0.0246875,-0.00105281
7.0570e-02,-0.0334375,-0.00139969
7.0580e-02,-0.01375,-0.00103719
7.0590e-02,-0.0303125,-0.000880938
7.0600e-02,-0.0234375,-0.000792813
7.0610e-02,-0.0351562,-0.000895313
7.0620e-02,-0.0125,-0.000949375
7.0630e-02,-0.0267187,-0.00108344
7.0640e-02,-0.0270312,-0.00131906
7.0650e-02,-0.0221875,-0.000760625
7.0660e-02,-0.0182812,-0.00117813
7.0670e-02,-0.0228125,-0.000874688
7.0680e-02,-0.0232812,-0.00124969
7.0690e-02,-0.0239063,-0.00146625
7.0700e-02,-0.02375,-0.00110063
7.0710e-02,-0.0303125,-0.00142156
7.0720e-02,-0.0251563,-0.00111344
7.0730e-02,-0.0276563,-0.00100094
7.0740e-02,-0.0217188,-0.00118281
7.0750e-02,-0.0126563,-0.00104375
7.0760e-02,-0.02625,-0.000961875
7.0770e-02,-0.0129688,-0.00131125
7.0780e-02,-0.0209375,-0.00130344
7.0790e-02,-0.0265625,-0.00137469
7.0800e-02,-0.0307813,-0.000828438
7.0810e-02,-0.0345312,-0.00122281
7.0820e-02,-0.0304688,-0.00100219
7.0830e-02,-0.0375,-0.00120625
7.0840e-02,-0.0254688,-0.000869063
7.0850e-02,-0.0248438,-0.00145469
7.0860e-02,-0.0301563,-0.000878125
7.0870e-02,-0.0290625,-0.00104281
7.0880e-02,-0.038125,-0.00130625
7.0890e-02,-0.0296875,-0.00132875
7.0900e-02,-0.0348437,-0.00128
7.0910e-02,-0.0239063,-0.00128594
7.0920e-02,-0.0223437,-0.001215
7.0930e-02,-0.02625,-0.00130906
7.0940e-02,-0.0251563,-0.00139375
7.0950e-02,-0.0285938,-0.00068125
7.0960e-02,-0.0267187,-0.00102656
7.0970e-02,-0.0234375,-0.000417188
7.0980e-02,-0.0275,-0.000956875
7.0990e-02,-0.0321875,-0.00107125
7.1000e-02,-0.0217188,-0.00116188
7.1010e-02,-0.0298438,-0.00111719
7.1020e-02,-0.0278125,-0.00101906
7.1030e-02,-0.0295313,-0.00119969
7.1040e-02,-0.0298438,-0.0011425
7.1050e-02,-0.024375,-0.00122594
7.1060e-02,-0.0285938,-0.00143469
7.1070e-02,-0.0207813,-0.000919063
7.1080e-02,-0.0385937,-0.00120031
7.1090e-02,-0.0367188,-0.00162875
7.1100e-02,-0.026875,-0.00111969
7.1110e-02,-0.0353125,-0.0012175
7.1120e-02,-0.0234375,-0.00122094
7.1130e-02,-0.0214063,-0.00137938
7.1140e-02,-0.0245313,-0.000860625
7.1150e-02,-0.0323438,-0.00109563
7.1160e-02,-0.035,-0.00122906
7.1170e-02,-0.0210938,-0.00138875
7.1180e-02,-0.0182812,-0.00111313
7.1190e-02,-0.0295313,-0.00142969
7.1200e-02,-0.0209375,-0.00129
7.1210e-02,-0.029375,-0.00114781
7.1220e-02,-0.0129688,-0.000924688
7.1230e-02,-0.0325,-0.00121
7.1240e-02,-0.024375,-0.00114688
7.1250e-02,-0.025,-0.00115531
7.1260e-02,-0.0326562,-0.00103031
7.1270e-02,-0.025625,-0.000999688
7.1280e-02,-0.0267187,-0.0009425
7.1290e-02,-0.0384375,-0.000838125
7.1300e-02,-0.0307813,-0.00096875
7.1310e-02,-0.028125,-0.00129344
7.1320e-02,-0.0332812,-0.00104
7.1330e-02,-0.0367188,-0.00140969
7.1340e-02,-0.0273438,-0.000984688
7.1350e-02,-0.031875,-0.00117375
7.1360e-02,-0.0345312,-0.00100875
7.1370e-02,-0.0304688,-0.00133281
7.1380e-02,-0.0225,-0.0014225
7.1390e-02,-0.030625,-0.00104719
7.1400e-02,-0.0448438,-0.00117188
7.1410e-02,-0.0229687,-0.0014025
7.1420e-02,-0.031875,-0.000988438
7.1430e-02,-0.035625,-0.00119188
7.1440e-02,-0.0203125,-0.00138813
7.1450e-02,-0.026875,-0.00135188
7.1460e-02,-0.03375,-0.000987188
7.1470e-02,-0.0307813,-0.0008525
7.1480e-02,-0.0310937,-0.000805
7.1490e-02,-0.0296875,-0.000995313
7.1500e-02,-0.0245313,-0.001085
7.1510e-02,-0.023125,-0.000711875
7.1520e-02,-0.02625,-0.00111375
7.1530e-02,-0.0375,-0.000706563
7.1540e-02,-0.0332812,-0.000961563
7.1550e-02,-0.0359375,-0.000725938
7.1560e-02,-0.0282813,-0.000718438
7.1570e-02,-0.0295313,-0.00147531
7.1580e-02,-0.0251563,-0.000956563
7.1590e-02,-0.0396875,-0.000881563
7.1600e-02,-0.02,-0.00106719
7.1610e-02,-0.0210938,-0.00108219
7.1620e-02,-0.0407813,-0.00101813
7.1630e-02,-0.03875,-0.000873438
7.1640e-02,-0.02875,-0.00108219
7.1650e-02,-0.025,-0.00128688
7.1660e-02,-0.0298438,-0.00161469
7.1670e-02,-0.0248438,-0.00120156
7.1680e-02,-0.0353125,-0.00153313
7.1690e-02,-0.035,-0.00124313
7.1700e-02,-0.045,-0.00144313
7.1710e-02,-0.0417187,-0.000740938
7.1720e-02,-0.029375,-0.00132906
7.1730e-02,-0.0279688,-0.00107406
7.1740e-02,-0.034375,-0.000617813
7.1750e-02,-0.0259375,-0.000870625
7.1760e-02,-0.0254688,-0.00105344
7.1770e-02,-0.0326562,-0.00105656
7.1780e-02,-0.0382813,-0.000989375
7.1790e-02,-0.03625,-0.00119063
7.1800e-02,-0.0454688,-0.0010125
7.1810e-02,-0.03875,-0.00101656
7.1820e-02,-0.039375,-0.00116625
7.1830e-02,-0.0276563,-0.000862813
7.1840e-02,-0.0428125,-0.00104594
7.1850e-02,-0.0217188,-0.00107594
7.1860e-02,-0.0289063,-0.00145844
7.1870e-02,-0.0271875,-0.00086875
7.1880e-02,-0.0301563,-0.00118031
7.1890e-02,-0.0323438,-0.000810625
7.1900e-02,-0.0315625,-0.000461875
7.1910e-02,-0.0429688,-0.000759375
7.1920e-02,-0.0271875,-0.0009975
7.1930e-02,-0.0364063,-0.00130406
7.1940e-02,-0.0292188,-0.0009825
7.1950e-02,-0.0346875,-0.00137375
7.1960e-02,-0.039375,-0.000853125
7.1970e-02,-0.0378125,-0.00090375
7.1980e-02,-0.0259375,-0.000775313
7.1990e-02,-0.0453125,-0.00075125
7.2000e-02,-0.02875,-0.00112281
7.2010e-02,-0.0321875,-0.00148625
7.2020e-02,-0.0270312,-0.00142719
7.2030e-02,-0.0351562,-0.00163938
7.2040e-02,-0.0284375,-0.00165563
7.2050e-02,-0.0285938,-0.00143531
7.2060e-02,-0.029375,-0.00114688
7.2070e-02,-0.0251563,-0.000997188
7.2080e-02,-0.031875,-0.000676563
7.2090e-02,-0.0296875,-0.000765625
7.2100e-02,-0.0357813,-0.00126656
7.2110e-02,-0.038125,-0.00132156
7.2120e-02,-0.0370313,-0.000873125
7.2130e-02,-0.0298438,-0.00120094
7.2140e-02,-0.0379688,-0.00106031
7.2150e-02,-0.0309375,-0.00134156
7.2160e-02,-0.02125,-0.000645313
7.2170e-02,-0.0390625,-0.00107281
7.2180e-02,-0.0264062,-0.00108375
7.2190e-02,-0.0328125,-0.00111656
7.2200e-02,-0.0365625,-0.001485
7.2210e-02,-0.0235938,-0.00144969
7.2220e-02,-0.043125,-0.0013525
7.2230e-02,-0.0409375,-0.001375
7.2240e-02,-0.025,-0.00133625
7.2250e-02,-0.0371875,-0.000776563
7.2260e-02,-0.0289063,-0.00129281
7.2270e-02,-0.0390625,-0.00087
7.2280e-02,-0.028125,-0.00096375
7.2290e-02,-0.0423437,-0.000924375
7.2300e-02,-0.0125,-0.00070625
7.2310e-02,-0.0353125,-0.000955938
7.2320e-02,-0.0395313,-0.00133469
7.2330e-02,-0.03,-0.00119219
7.2340e-02,-0.0309375,-0.00155281
7.2350e-02,-0.0339062,-0.000872188
7.2360e-02,-0.03375,-0.00105031
7.2370e-02,-0.0353125,-0.00118625
7.2380e-02,-0.0278125,-0.00134813
7.2390e-02,-0.0484375,-0.0014975
7.2400e-02,-0.0432813,-0.00175313
7.2410e-02,-0.0340625,-0.00128344
7.2420e-02,-0.04625,-0.00116531
7.2430e-02,-0.050625,-0.00109438
7.2440e-02,-0.0196875,-0.00141156
7.2450e-02,-0.0310937,-0.00115
7.2460e-02,-0.0375,-0.00121531
7.2470e-02,-0.0334375,-0.00111156
7.2480e-02,-0.0409375,-0.000918125
7.2490e-02,-0.045625,-0.00072875
7.2500e-02,-0.019375,-0.000685938
7.2510e-02,-0.038125,-0.000875938
7.2520e-02,-0.0182812,-0.00103469
7.2530e-02,-0.0376563,-0.00121594
7.2540e-02,-0.0415625,-0.000787188
7.2550e-02,-0.0367188,-0.00108031
7.2560e-02,-0.0384375,-0.00056375
7.2570e-02,-0.0470312,-0.00124375
7.2580e-02,-0.0345312,-0.00129906
7.2590e-02,-0.05,-0.00117156
7.2600e-02,-0.0276563,-0.0017475
7.2610e-02,-0.043125,-0.00129625
7.2620e-02,-0.0259375,-0.00100406
7.2630e-02,-0.0340625,-0.0016625
7.2640e-02,-0.043125,-0.000712813
7.2650e-02,-0.0253125,-0.00116656
7.2660e-02,-0.0364063,-0.00102125
7.2670e-02,-0.0198438,-0.00143938
7.2680e-02,-0.0254688,-0.00110094
7.2690e-02,-0.0485938,-0.00156719
7.2700e-02,-0.0303125,-0.000979063
7.2710e-02,-0.0235938,-0.00088375
7.2720e-02,-0.0325,-0.00140938
7.2730e-02,-0.0459375,-0.00061375
7.2740e-02,-0.0357813,-0.00117844
7.2750e-02,-0.0379688,-0.00107563
7.2760e-02,-0.0392187,-0.000922813
7.2770e-02,-0.0376563,-0.0012225
7.2780e-02,-0.0335937,-0.00135031
7.2790e-02,-0.0429688,-0.00143594
7.2800e-02,-0.04,-0.00130094
7.2810e-02,-0.0298438,-0.00110094
7.2820e-02,-0.0295313,-0.00115531
7.2830e-02,-0.0309375,-0.00094875
7.2840e-02,-0.0310937,-0.00137375
7.2850e-02,-0.0346875,-0.00140844
7.2860e-02,-0.0359375,-0.000995938
7.2870e-02,-0.0301563,-0.00111375
7.2880e-02,-0.035625,-0.00093625
7.2890e-02,-0.0304688,-0.000935313
7.2900e-02,-0.024375,-0.000857813
7.2910e-02,-0.0345312,-0.000937813
7.2920e-02,-0.0371875,-0.00119094
7.2930e-02,-0.0382813,-0.0009925
7.2940e-02,-0.0385937,-0.00114281
7.2950e-02,-0.0357813,-0.00090375
7.2960e-02,-0.039375,-0.00150156
7.2970e-02,-0.034375,-0.00137438
7.2980e-02,-0.0360938,-0.00111625
7.2990e-02,-0.040625,-0.00115375
7.3000e-02,-0.0289063,-0.00106063
7.3010e-02,-0.01875,-0.00117219
7.3020e-02,-0.0340625,-0.00103094
7.3030e-02,-0.0460938,-0.000730625
7.3040e-02,-0.0289063,-0.0009575
7.3050e-02,-0.0325,-0.0013925
7.3060e-02,-0.0367188,-0.00108438
7.3070e-02,-0.0451563,-0.00102406
7.3080e-02,-0.0376563,-0.000545938
7.3090e-02,-0.0510938,-0.00111063
7.3100e-02,-0.0339062,-0.000629063
7.3110e-02,-0.0301563,-0.000772813
7.3120e-02,-0.0442188,-0.0008375
7.3130e-02,-0.0264062,-0.00113719
7.3140e-02,-0.0309375,-0.000875
7.3150e-02,-0.0290625,-0.00171125
7.3160e-02,-0.0339062,-0.00131656
7.3170e-02,-0.0420312,-0.00128188
7.3180e-02,-0.0364063,-0.00125656
7.3190e-02,-0.048125,-0.00130531
7.3200e-02,-0.040625,-0.00106188
7.3210e-02,-0.0473438,-0.00120063
7.3220e-02,-0.038125,-0.00141969
7.3230e-02,-0.0339062,-0.00124438
7.3240e-02,-0.0335937,-0.00128563
7.3250e-02,-0.0557813,-0.00126281
7.3260e-02,-0.0415625,-0.00133375
7.3270e-02,-0.0390625,-0.000909375
7.3280e-02,-0.045625,-0.00096875
7.3290e-02,-0.0379688,-0.0010825
7.3300e-02,-0.0376563,-0.000845313
7.3310e-02,-0.0292188,-0.00124781
7.3320e-02,-0.0484375,-0.0013125
7.3330e-02,-0.034375,-0.00130219
7.3340e-02,-0.0403125,-0.0011075
7.3350e-02,-0.0396875,-0.00131781
7.3360e-02,-0.03375,-0.00106531
7.3370e-02,-0.0345312,-0.00121813
7.3380e-02,-0.0409375,-0.00134063
7.3390e-02,-0.0267187,-0.000824063
7.3400e-02,-0.034375,-0.00106156
7.3410e-02,-0.0364063,-0.00111531
7.3420e-02,-0.043125,-0.00156281
7.3430e-02,-0.0385937,-0.0013825
7.3440e-02,-0.0498438,-0.00124313
7.3450e-02,-0.04375,-0.000774375
7.3460e-02,-0.038125,-0.000825938
7.3470e-02,-0.03875,-0.000565
7.3480e-02,-0.0423437,-0.000848125
7.3490e-02,-0.0317188,-0.000698125
7.3500e-02,-0.033125,-0.0011275
7.3510e-02,-0.041875,-0.001715
7.3520e-02,-0.0523437,-0.000717813
7.3530e-02,-0.0265625,-0.00151063
7.3540e-02,-0.0296875,-0.00122031
7.3550e-02,-0.0371875,-0.00098625
7.3560e-02,-0.0439063,-0.00111844
7.3570e-02,-0.0348437,-0.00113531
7.3580e-02,-0.0417187,-0.00112906
7.3590e-02,-0.029375,-0.00173125
7.3600e-02,-0.0359375,-0.00152156
7.3610e-02,-0.0323438,-0.00141031
7.3620e-02,-0.04125,-0.000955625
7.3630e-02,-0.033125,-0.00136875
7.3640e-02,-0.0290625,-0.00100125
7.3650e-02,-0.0415625,-0.000953438
7.3660e-02,-0.0470312,-0.000837188
7.3670e-02,-0.0189062,-0.00104312
7.3680e-02,-0.0371875,-0.000895625
7.3690e-02,-0.0442188,-0.000961563
7.3700e-02,-0.0459375,-0.000853125
7.3710e-02,-0.0417187,-0.00112781
7.3720e-02,-0.0395313,-0.000945625
7.3730e-02,-0.0373438,-0.000806875
7.3740e-02,-0.03,-0.000976875
7.3750e-02,-0.04,-0.00146281
7.3760e-02,-0.0460938,-0.00198719
7.3770e-02,-0.0342187,-0.00113188
7.3780e-02,-0.0410937,-0.00104031
7.3790e-02,-0.0414063,-0.000928125
7.3800e-02,-0.0276563,-0.000835
7.3810e-02,-0.0401563,-0.00110438
7.3820e-02,-0.0410937,-0.000534688
7.3830e-02,-0.0264062,-0.000912813
7.3840e-02,-0.0492188,-0.000862188
7.3850e-02,-0.0370313,-0.00143594
7.3860e-02,-0.0439063,-0.000846875
7.3870e-02,-0.0475,-0.00106938
7.3880e-02,-0.0325,-0.00176906
7.3890e-02,-0.0340625,-0.000605
7.3900e-02,-0.0351562,-0.0013825
7.3910e-02,-0.02875,-0.000919063
7.3920e-02,-0.0351562,-0.00109438
7.3930e-02,-0.0346875,-0.000808438
7.3940e-02,-0.0396875,-0.00128219
7.3950e-02,-0.0290625,-0.00102531
7.3960e-02,-0.0478125,-0.00138813
7.3970e-02,-0.0326562,-0.00112063
7.3980e-02,-0.038125,-0.00112781
7.3990e-02,-0.0389063,-0.000611563
7.4000e-02,-0.0396875,-0.000945
7.4010e-02,-0.0478125,-0.00108344
7.4020e-02,-0.0323438,-0.000979375
7.4030e-02,-0.035,-0.000958438
7.4040e-02,-0.0259375,-0.00125031
7.4050e-02,-0.0345312,-0.00105125
7.4060e-02,-0.0265625,-0.00102094
7.4070e-02,-0.02875,-0.00101875
7.4080e-02,-0.0435938,-0.0012875
7.4090e-02,-0.039375,-0.0008225
7.4100e-02,-0.0354688,-0.00100188
7.4110e-02,-0.0354688,-0.00177844
7.4120e-02,-0.0421875,-0.00064375
7.4130e-02,-0.0385937,-0.00131719
7.4140e-02,-0.028125,-0.0010075
7.4150e-02,-0.0390625,-0.00109594
7.4160e-02,-0.044375,-0.00153406
7.4170e-02,-0.048125,-0.00128719
7.4180e-02,-0.0442188,-0.00101281
7.4190e-02,-0.0398437,-0.00140906
7.4200e-02,-0.0340625,-0.000975625
7.4210e-02,-0.0382813,-0.00113969
7.4220e-02,-0.0415625,-0.00110281
7.4230e-02,-0.0351562,-0.000753438
7.4240e-02,-0.0429688,-0.00106906
7.4250e-02,-0.0407813,-0.00116656
7.4260e-02,-0.04,-0.000779063
7.4270e-02,-0.0317188,-0.00107281
7.4280e-02,-0.044375,-0.00147781
7.4290e-02,-0.0440625,-0.00139656
7.4300e-02,-0.0417187,-0.00152406
7.4310e-02,-0.0403125,-0.000823125
7.4320e-02,-0.040625,-0.000994688
7.4330e-02,-0.0385937,-0.00118781
7.4340e-02,-0.0495312,-0.00141219
7.4350e-02,-0.0365625,-0.0007025
7.4360e-02,-0.0365625,-0.00125344
7.4370e-02,-0.0215625,-0.00101281
7.4380e-02,-0.035,-0.00128969
7.4390e-02,-0.0346875,-0.000957188
7.4400e-02,-0.040625,-0.00124063
7.4410e-02,-0.0264062,-0.00114906
7.4420e-02,-0.043125,-0.00118
7.4430e-02,-0.0292188,-0.000873438
7.4440e-02,-0.050625,-0.000876875
7.4450e-02,-0.0464062,-0.00119906
7.4460e-02,-0.0375,-0.000989063
7.4470e-02,-0.03875,-0.00133969
7.4480e-02,-0.0359375,-0.00123688
7.4490e-02,-0.0396875,-0.00132906
7.4500e-02,-0.0395313,-0.00124469
7.4510e-02,-0.03375,-0.00146406
7.4520e-02,-0.030625,-0.000842188
7.4530e-02,-0.0378125,-0.000959688
7.4540e-02,-0.0334375,-0.00149531
7.4550e-02,-0.03875,-0.00118438
7.4560e-02,-0.0421875,-0.000871875
7.4570e-02,-0.043125,-0.0009325
7.4580e-02,-0.0392187,-0.000887813
7.4590e-02,-0.04125,-0.00100156
7.4600e-02,-0.0532813,-0.0012825
7.4610e-02,-0.0551563,-0.00104875
7.4620e-02,-0.0323438,-0.00101594
7.4630e-02,-0.0521875,-0.000892188
7.4640e-02,-0.0334375,-0.000892188
7.4650e-02,-0.0385937,-0.00104625
7.4660e-02,-0.0425,-0.000775313
7.4670e-02,-0.04125,-0.00148594
7.4680e-02,-0.0485938,-0.00138406
7.4690e-02,-0.0348437,-0.00121406
7.4700e-02,-0.0364063,-0.000863438
7.4710e-02,-0.0314062,-0.00113438
7.4720e-02,-0.0398437,-0.00106781
7.4730e-02,-0.0398437,-0.00183219
7.4740e-02,-0.034375,-0.000925625
7.4750e-02,-0.0278125,-0.00112094
7.4760e-02,-0.0309375,-0.00126438
7.4770e-02,-0.031875,-0.00114906
7.4780e-02,-0.0385937,-0.000313125
7.4790e-02,-0.0326562,-0.000645
7.4800e-02,-0.0434375,-0.000780313
7.4810e-02,-0.03625,-0.000641875
7.4820e-02,-0.0467188,-0.000888438
7.4830e-02,-0.03625,-0.000558125
7.4840e-02,-0.0432813,-0.00130188
7.4850e-02,-0.03625,-0.000872188
7.4860e-02,-0.03875,-0.0006925
7.4870e-02,-0.041875,-0.00144688
7.4880e-02,-0.0459375,-0.000925625
7.4890e-02,-0.0367188,-0.00136281
7.4900e-02,-0.0317188,-0.00149094
7.4910e-02,-0.026875,-0.00119406
7.4920e-02,-0.041875,-0.00132125
7.4930e-02,-0.0471875,-0.000653438
7.4940e-02,-0.0360938,-0.00170094
7.4950e-02,-0.04875,-0.00140688
7.4960e-02,-0.0376563,-0.000995
7.4970e-02,-0.0335937,-0.000874375
7.4980e-02,-0.0390625,-0.00102594
7.4990e-02,-0.0392187,-0.00133625
7.5000e-02,-0.039375,-0.000945
7.5010e-02,-0.0460938,-0.00106594
7.5020e-02,-0.031875,-0.000913438
7.5030e-02,-0.0371875,-0.00118156
7.5040e-02,-0.0303125,-0.001275
7.5050e-02,-0.0415625,-0.001105
7.5060e-02,-0.0351562,-0.00141094
7.5070e-02,-0.0351562,-0.00165563
7.5080e-02,-0.0460938,-0.00114031
7.5090e-02,-0.041875,-0.00113781
7.5100e-02,-0.0364063,-0.00104375
7.5110e-02,-0.0429688,-0.00150125
7.5120e-02,-0.0373438,-0.00162313
7.5130e-02,-0.0410937,-0.000964375
7.5140e-02,-0.041875,-0.00113375
7.5150e-02,-0.0484375,-0.00120938
7.5160e-02,-0.04125,-0.00118063
7.5170e-02,-0.0384375,-0.00131156
7.5180e-02,-0.0421875,-0.000974688
7.5190e-02,-0.0342187,-0.000322813
7.5200e-02,-0.0315625,-0.000784688
7.5210e-02,-0.0364063,-0.00110313
7.5220e-02,-0.0417187,-0.00117563
7.5230e-02,-0.0342187,-0.00153594
7.5240e-02,-0.038125,-0.000701563
7.5250e-02,-0.035,-0.000953438
7.5260e-02,-0.0428125,-0.000833438
7.5270e-02,-0.04,-0.00164938
7.5280e-02,-0.0364063,-0.000998125
7.5290e-02,-0.0442188,-0.00118281
7.5300e-02,-0.0421875,-0.00125594
7.5310e-02,-0.0528125,-0.00117531
7.5320e-02,-0.04125,-0.00167844
7.5330e-02,-0.0410937,-0.00107094
7.5340e-02,-0.039375,-0.00175375
7.5350e-02,-0.0376563,-0.00135969
7.5360e-02,-0.0314062,-0.00093625
7.5370e-02,-0.044375,-0.00103969
7.5380e-02,-0.0542187,-0.000992812
7.5390e-02,-0.0425,-0.000933125
7.5400e-02,-0.038125,-0.000976875
7.5410e-02,-0.05,-0.00136094
7.5420e-02,-0.0414063,-0.00117813
7.5430e-02,-0.034375,-0.00134625
7.5440e-02,-0.0514063,-0.00098125
7.5450e-02,-0.0382813,-0.00110813
7.5460e-02,-0.0479688,-0.00140406
7.5470e-02,-0.0439063,-0.00158031
7.5480e-02,-0.0428125,-0.00121406
7.5490e-02,-0.0354688,-0.00139094
7.5500e-02,-0.0351562,-0.00127531
7.5510e-02,-0.0478125,-0.0009975
7.5520e-02,-0.0473438,-0.00148094
7.5530e-02,-0.0326562,-0.00150531
7.5540e-02,-0.04375,-0.00108688
7.5550e-02,-0.0296875,-0.00101906
7.5560e-02,-0.0395313,-0.000997813
7.5570e-02,-0.0367188,-0.000957813
7.5580e-02,-0.049375,-0.00113281
7.5590e-02,-0.0435938,-0.00117781
7.5600e-02,-0.0323438,-0.00136469
7.5610e-02,-0.0348437,-0.00135313
7.5620e-02,-0.0453125,-0.00165406
7.5630e-02,-0.0345312,-0.00121
7.5640e-02,-0.0340625,-0.00162344
7.5650e-02,-0.040625,-0.00148688
7.5660e-02,-0.040625,-0.00116906
7.5670e-02,-0.0445313,-0.00148719
7.5680e-02,-0.0317188,-0.00131281
7.5690e-02,-0.036875,-0.00132875
7.5700e-02,-0.0370313,-0.000824063
7.5710e-02,-0.0457813,-0.00146094
7.5720e-02,-0.0304688,-0.000922813
7.5730e-02,-0.0432813,-0.000804375
7.5740e-02,-0.0428125,-0.00123031
7.5750e-02,-0.0398437,-0.000845625
7.5760e-02,-0.0395313,-0.00125
7.5770e-02,-0.0448438,-0.000811563
7.5780e-02,-0.03625,-0.00112656
7.5790e-02,-0.0385937,-0.000900625
7.5800e-02,-0.0321875,-0.000950625
7.5810e-02,-0.0432813,-0.000965313
7.5820e-02,-0.0473438,-0.000920625
7.5830e-02,-0.0453125,-0.00150094
7.5840e-02,-0.0328125,-0.00118531
7.5850e-02,-0.0435938,-0.00126906
7.5860e-02,-0.0326562,-0.00106844
7.5870e-02,-0.0459375,-0.00118438
7.5880e-02,-0.0421875,-0.000995313
7.5890e-02,-0.0479688,-0.00108
7.5900e-02,-0.0276563,-0.00127563
7.5910e-02,-0.05125,-0.00111094
7.5920e-02,-0.0342187,-0.00114125
7.5930e-02,-0.0426562,-0.000952188
7.5940e-02,-0.0367188,-0.00106125
7.5950e-02,-0.0442188,-0.00133156
7.5960e-02,-0.05,-0.000979063
7.5970e-02,-0.0384375,-0.00084375
7.5980e-02,-0.0351562,-0.00068125
7.5990e-02,-0.0273438,-0.000911875
7.6000e-02,-0.0459375,-0.00102094
7.6010e-02,-0.041875,-0.000999688
7.6020e-02,-0.0375,-0.00112969
7.6030e-02,-0.0403125,-0.00110125
7.6040e-02,-0.0465625,-0.00107469
7.6050e-02,-0.0439063,-0.00114813
7.6060e-02,-0.046875,-0.00120656
7.6070e-02,-0.0392187,-0.00139719
7.6080e-02,-0.0389063,-0.00159875
7.6090e-02,-0.0471875,-0.00107594
7.6100e-02,-0.0382813,-0.00129031
7.6110e-02,-0.045,-0.00127375
7.6120e-02,-0.0398437,-0.000967813
7.6130e-02,-0.0442188,-0.00101406
7.6140e-02,-0.0476562,-0.00075875
7.6150e-02,-0.0510938,-0.000780938
7.6160e-02,-0.0453125,-0.00119313
7.6170e-02,-0.029375,-0.00105469
7.6180e-02,-0.0296875,-0.000849375
7.6190e-02,-0.0473438,-0.00135813
7.6200e-02,-0.0509375,-0.00110594
7.6210e-02,-0.0354688,-0.00111938
7.6220e-02,-0.035,-0.00171
7.6230e-02,-0.0460938,-0.00130875
7.6240e-02,-0.0375,-0.00171031
7.6250e-02,-0.0328125,-0.00137656
7.6260e-02,-0.0292188,-0.00114125
7.6270e-02,-0.0529687,-0.00129438
7.6280e-02,-0.0445313,-0.00138063
7.6290e-02,-0.0371875,-0.0011675
7.6300e-02,-0.0409375,-0.001325
7.6310e-02,-0.0378125,-0.00140719
7.6320e-02,-0.0409375,-0.00105344
7.6330e-02,-0.0421875,-0.00109469
7.6340e-02,-0.0401563,-0.000761563
7.6350e-02,-0.0360938,-0.00101219
7.6360e-02,-0.0520313,-0.000907188
7.6370e-02,-0.0417187,-0.00102063
7.6380e-02,-0.04125,-0.00120719
7.6390e-02,-0.0540625,-0.00166594
7.6400e-02,-0.048125,-0.000808438
7.6410e-02,-0.0453125,-0.000704688
7.6420e-02,-0.0375,-0.00117938
7.6430e-02,-0.0346875,-0.0010275
7.6440e-02,-0.0364063,-0.000969688
7.6450e-02,-0.0328125,-0.0009875
7.6460e-02,-0.0435938,-0.000895313
7.6470e-02,-0.0314062,-0.00110813
7.6480e-02,-0.0542187,-0.00105875
7.6490e-02,0.663125,-0.00123938
7.6500e-02,0.74,-0.00412313
7.6510e-02,-0.107813,-0.00623031
7.6520e-02,0.338281,-0.007555
7.6530e-02,-0.0709375,-0.00815906
7.6540e-02,0.0985937,-0.00758
7.6550e-02,0.138438,-0.00766375
7.6560e-02,0.0990625,-0.00771969
7.6570e-02,0.0964062,-0.00758969
7.6580e-02,0.0853125,-0.00757656
7.6590e-02,0.0771875,-0.00760938
7.6600e-02,0.0670313,-0.007505
7.6610e-02,0.0529687,-0.00764281
7.6620e-02,0.0575,-0.00756719
7.6630e-02,0.0401563,-0.00748563
7.6640e-02,0.0334375,-0.00767188
7.6650e-02,0.0304687,-0.00764031
7.6660e-02,0.0501562,-0.00761719
7.6670e-02,0.0529687,-0.00762594
7.6680e-02,0.0275,-0.00751531
7.6690e-02,0.02,-0.00747625
7.6700e-02,0.0242188,-0.00766844
7.6710e-02,0.0335938,-0.00748281
7.6720e-02,0.0239063,-0.00746938
7.6730e-02,0.0259375,-0.00747406
7.6740e-02,0.016875,-0.00749313
7.6750e-02,0.0103125,-0.00553594
7.6760e-02,0.0107812,-0.00261719
7.6770e-02,0.0207812,-0.00180688
7.6780e-02,0.0178125,-0.00197469
7.6790e-02,0.0117188,-0.00234031
7.6800e-02,0.0140625,-0.00159563
7.6810e-02,0.02125,-0.00119563
7.6820e-02,0.0103125,-0.00098875
7.6830e-02,0.0190625,-0.000713125
7.6840e-02,0.00703125,-0.00125344
7.6850e-02,0.0223437,-0.00142063
7.6860e-02,0.0204687,-0.00179
7.6870e-02,0.006875,-0.00117906
7.6880e-02,0.010625,-0.00104656
7.6890e-02,0.00484375,-0.000461563
7.6900e-02,0.010625,-0.00077
7.6910e-02,0.0015625,-0.000809688
7.6920e-02,0.0140625,-0.00170938
7.6930e-02,-0.0053125,-0.00128469
7.6940e-02,0.00921875,-0.00135844
7.6950e-02,-0.0009375,-0.00103438
7.6960e-02,0.01625,-0.00123844
7.6970e-02,0.0025,-0.0010725
7.6980e-02,0.0040625,-0.00115
7.6990e-02,0.00296875,-0.00126156
7.7000e-02,-0.00078125,-0.0012025
7.7010e-02,0.0009375,-0.001635
7.7020e-02,0.0084375,-0.000806875
7.7030e-02,0.004375,-0.00128375
7.7040e-02,0.00203125,-0.00125125
7.7050e-02,0,-0.0013625
7.7060e-02,-0.0009375,-0.00065125
7.7070e-02,-0.009375,-0.000580625
7.7080e-02,0.00578125,-0.00114719
7.7090e-02,-0.00546875,-0.00113281
7.7100e-02,0.00796875,-0.00124719
7.7110e-02,-0.0128125,-0.000974688
7.7120e-02,0.00453125,-0.000823125
7.7130e-02,-0.0075,-0.00131031
7.7140e-02,-0.00390625,-0.000695938
7.7150e-02,0.00125,-0.00106719
7.7160e-02,-0.000625,-0.00119094
7.7170e-02,0.0015625,-0.00170844
7.7180e-02,-0.00609375,-0.00156875
7.7190e-02,-0.00359375,-0.00170438
7.7200e-02,-0.0146875,-0.00147
7.7210e-02,-0.0107813,-0.00071
7.7220e-02,-0.0034375,-0.000891563
7.7230e-02,-0.0120313,-0.001365
7.7240e-02,-0.0009375,-0.00137938
7.7250e-02,-0.0146875,-0.00100156
7.7260e-02,0.00578125,-0.00110719
7.7270e-02,-0.00765625,-0.000968125
7.7280e-02,-0.00734375,-0.0011175
7.7290e-02,-0.0142188,-0.00103188
7.7300e-02,-0.01625,-0.00094
7.7310e-02,-0.0078125,-0.0012625
7.7320e-02,-0.0090625,-0.00091125
7.7330e-02,-0.0009375,-0.000952813
7.7340e-02,-0.015,-0.00135656
7.7350e-02,-0.0157813,-0.00116281
7.7360e-02,-0.015,-0.00115781
7.7370e-02,-0.0185937,-0.000605
7.7380e-02,-0.0140625,-0.00115875
7.7390e-02,-0.0104688,-0.00119813
7.7400e-02,-0.00109375,-0.00140656
7.7410e-02,-0.0201563,-0.00117469
7.7420e-02,-0.0303125,-0.00103438
7.7430e-02,-0.0132813,-0.00140188
7.7440e-02,-0.0151562,-0.000455625
7.7450e-02,-0.0195312,-0.00080375
7.7460e-02,-0.015625,-0.000876875
7.7470e-02,-0.0103125,-0.00126375
7.7480e-02,-0.0148437,-0.00125844
7.7490e-02,-0.0110937,-0.00111781
7.7500e-02,-0.01875,-0.000888125
7.7510e-02,-0.0121875,-0.00129781
7.7520e-02,-0.0021875,-0.00123531
7.7530e-02,-0.0028125,-0.000989063
7.7540e-02,-0.0117188,-0.00149281
7.7550e-02,-0.0121875,-0.000886563
7.7560e-02,-0.00421875,-0.00107188
7.7570e-02,-0.0103125,-0.00140281
7.7580e-02,-0.0153125,-0.00132469
7.7590e-02,-0.00734375,-0.0009975
7.7600e-02,-0.0196875,-0.00106969
7.7610e-02,-0.0215625,-0.000780313
7.7620e-02,-0.0182812,-0.00107313
7.7630e-02,-0.0151562,-0.00116594
7.7640e-02,-0.0170313,-0.0009475
7.7650e-02,-0.023125,-0.0012225
7.7660e-02,-0.0125,-0.000833125
7.7670e-02,-0.0040625,-0.00114063
7.7680e-02,-0.0173438,-0.000825313
7.7690e-02,-0.0078125,-0.000934688
7.7700e-02,-0.0220313,-0.0007525
7.7710e-02,-0.0271875,-0.00104281
7.7720e-02,-0.0228125,-0.0011375
7.7730e-02,-0.0164063,-0.00110719
7.7740e-02,-0.01,-0.00147656
7.7750e-02,-0.0140625,-0.00142875
7.7760e-02,-0.0184375,-0.0011975
7.7770e-02,-0.00671875,-0.00135688
7.7780e-02,-0.0220313,-0.00095125
7.7790e-02,-0.0178125,-0.00111969
7.7800e-02,-0.0121875,-0.00118844
7.7810e-02,-0.0173438,-0.000827813
7.7820e-02,-0.0176563,-0.00163156
7.7830e-02,-0.0203125,-0.000864688
7.7840e-02,-0.00734375,-0.00157094
7.7850e-02,-0.0157813,-0.00125063
7.7860e-02,-0.0209375,-0.00127813
7.7870e-02,-0.0201563,-0.00113188
7.7880e-02,-0.0160938,-0.00117156
7.7890e-02,-0.0185937,-0.000823125
7.7900e-02,-0.024375,-0.00103969
7.7910e-02,-0.0245313,-0.000982813
7.7920e-02,-0.0253125,-0.00111563
7.7930e-02,-0.0189062,-0.00116469
7.7940e-02,-0.023125,-0.000637188
7.7950e-02,-0.023125,-0.00122
7.7960e-02,-0.0065625,-0.000827188
7.7970e-02,-0.0190625,-0.00113906
7.7980e-02,-0.0232812,-0.00128906
7.7990e-02,-0.0265625,-0.00142875
7.8000e-02,-0.0273438,-0.00057375
7.8010e-02,-0.0190625,-0.00073375
7.8020e-02,-0.0176563,-0.000816563
7.8030e-02,-0.015625,-0.00129406
7.8040e-02,-0.02125,-0.00122719
7.8050e-02,-0.0215625,-0.000912188
7.8060e-02,-0.0276563,-0.000961875
7.8070e-02,-0.021875,-0.000922188
7.8080e-02,-0.0145312,-0.00106437
7.8090e-02,-0.0242188,-0.00124875
7.8100e-02,-0.0171875,-0.00135156
7.8110e-02,-0.0140625,-0.000990313
7.8120e-02,-0.0184375,-0.0010575
7.8130e-02,-0.0192187,-0.00137625
7.8140e-02,-0.0209375,-0.00121656
7.8150e-02,-0.0178125,-0.00111281
7.8160e-02,-0.0390625,-0.00126031
7.8170e-02,-0.0109375,-0.00069625
7.8180e-02,-0.0267187,-0.00127938
7.8190e-02,-0.018125,-0.0009825
7.8200e-02,-0.028125,-0.000747188
7.8210e-02,-0.0164063,-0.000783438
7.8220e-02,-0.023125,-0.000902813
7.8230e-02,-0.00984375,-0.00101
7.8240e-02,-0.02625,-0.000872188
7.8250e-02,-0.024375,-0.00103531
7.8260e-02,-0.0176563,-0.00105344
7.8270e-02,-0.028125,-0.000986563
7.8280e-02,-0.0271875,-0.000805313
7.8290e-02,-0.0204688,-0.00127906
7.8300e-02,-0.0279688,-0.00139719
7.8310e-02,-0.02,-0.00114406
7.8320e-02,-0.0190625,-0.000895313
7.8330e-02,-0.0298438,-0.00111813
7.8340e-02,-0.014375,-0.00164625
7.8350e-02,-0.0314062,-0.00140875
7.8360e-02,-0.0135937,-0.00123188
7.8370e-02,-0.0317188,-0.00123938
7.8380e-02,-0.0259375,-0.00129063
7.8390e-02,-0.0235938,-0.00105219
7.8400e-02,-0.0220313,-0.000899063
7.8410e-02,-0.0165625,-0.00063
7.8420e-02,-0.0289063,-0.00114594
7.8430e-02,-0.009375,-0.00098125
7.8440e-02,-0.0329688,-0.000514063
7.8450e-02,-0.0310937,-0.0007675
7.8460e-02,-0.0315625,-0.00130313
7.8470e-02,-0.0321875,-0.000784063
7.8480e-02,-0.0257812,-0.0011425
7.8490e-02,-0.0335937,-0.000971875
7.8500e-02,-0.0159375,-0.00126844
7.8510e-02,-0.0317188,-0.00113938
7.8520e-02,-0.0185937,-0.00106563
7.8530e-02,-0.02875,-0.000750313
7.8540e-02,-0.0148437,-0.00125188
7.8550e-02,-0.0267187,-0.00164
7.8560e-02,-0.0195312,-0.00140656
7.8570e-02,-0.0226562,-0.00142625
7.8580e-02,-0.0201563,-0.00126875
7.8590e-02,-0.029375,-0.00107781
7.8600e-02,-0.0209375,-0.00112344
7.8610e-02,-0.029375,-0.00142938
7.8620e-02,-0.0223437,-0.00103094
7.8630e-02,-0.0246875,-0.00127313
7.8640e-02,-0.0290625,-0.00111938
7.8650e-02,-0.0165625,-0.00111188
7.8660e-02,-0.0254688,-0.000559688
7.8670e-02,-0.0182812,-0.00118531
7.8680e-02,-0.0253125,-0.00103094
7.8690e-02,-0.023125,-0.00145031
7.8700e-02,-0.0271875,-0.00120438
7.8710e-02,-0.0179687,-0.00081125
7.8720e-02,-0.0326562,-0.00110063
7.8730e-02,-0.029375,-0.001215
7.8740e-02,-0.0248438,-0.00107969
7.8750e-02,-0.0229687,-0.00098625
7.8760e-02,-0.025,-0.00151719
7.8770e-02,-0.0214063,-0.00154594
7.8780e-02,-0.0245313,-0.00112938
7.8790e-02,-0.0271875,-0.00133688
7.8800e-02,-0.03375,-0.0010025
7.8810e-02,-0.0285938,-0.000874688
7.8820e-02,-0.0170313,-0.00105219
7.8830e-02,-0.024375,-0.00110875
7.8840e-02,-0.0239063,-0.000996875
7.8850e-02,-0.0210938,-0.00128563
7.8860e-02,-0.0367188,-0.00143875
7.8870e-02,-0.0123438,-0.00117094
7.8880e-02,-0.0304688,-0.000952188
7.8890e-02,-0.0335937,-0.00129344
7.8900e-02,-0.0315625,-0.00123094
7.8910e-02,-0.03125,-0.00122531
7.8920e-02,-0.0171875,-0.00115156
7.8930e-02,-0.031875,-0.00152938
7.8940e-02,-0.0378125,-0.000918125
7.8950e-02,-0.0248438,-0.00114031
7.8960e-02,-0.0190625,-0.00113563
7.8970e-02,-0.0346875,-0.00142906
7.8980e-02,-0.0378125,-0.00115938
7.8990e-02,-0.0226562,-0.000819375
7.9000e-02,-0.0245313,-0.000644063
7.9010e-02,-0.0135937,-0.000999063
7.9020e-02,-0.0289063,-0.000888438
7.9030e-02,-0.020625,-0.00103906
7.9040e-02,-0.0407813,-0.000854688
7.9050e-02,-0.0367188,-0.000910938
7.9060e-02,-0.0326562,-0.00125281
7.9070e-02,-0.0345312,-0.00161281
7.9080e-02,-0.02875,-0.000988438
7.9090e-02,-0.03375,-0.00120531
7.9100e-02,-0.0264062,-0.00128875
7.9110e-02,-0.0310937,-0.00151219
7.9120e-02,-0.0228125,-0.00137094
7.9130e-02,-0.0248438,-0.00111844
7.9140e-02,-0.01875,-0.00110938
7.9150e-02,-0.0296875,-0.00132
7.9160e-02,-0.0175,-0.00170438
7.9170e-02,-0.0284375,-0.000920938
7.9180e-02,-0.0285938,-0.000784063
7.9190e-02,-0.0284375,-0.00119656
7.9200e-02,-0.0395313,-0.000909063
7.9210e-02,-0.035,-0.00123125
7.9220e-02,-0.036875,-0.001145
7.9230e-02,-0.0335937,-0.000476563
7.9240e-02,-0.0189062,-0.00094375
7.9250e-02,-0.0273438,-0.00124813
7.9260e-02,-0.0278125,-0.00136281
7.9270e-02,-0.02,-0.000976875
7.9280e-02,-0.0228125,-0.001385
7.9290e-02,-0.026875,-0.00101813
7.9300e-02,-0.0298438,-0.00112188
7.9310e-02,-0.024375,-0.00110469
7.9320e-02,-0.0320312,-0.00123438
7.9330e-02,-0.0276563,-0.001375
7.9340e-02,-0.02625,-0.00153875
7.9350e-02,-0.0389063,-0.00120719
7.9360e-02,-0.0348437,-0.000965625
7.9370e-02,-0.0226562,-0.00122563
7.9380e-02,-0.024375,-0.00111719
7.9390e-02,-0.0245313,-0.00105
7.9400e-02,-0.0325,-0.00110625
7.9410e-02,-0.0434375,-0.00116031
7.9420e-02,-0.0309375,-0.000880313
7.9430e-02,-0.0160938,-0.00106938
7.9440e-02,-0.02375,-0.00139969
7.9450e-02,-0.0317188,-0.00112875
7.9460e-02,-0.031875,-0.00092
7.9470e-02,-0.0198438,-0.00146563
7.9480e-02,-0.03,-0.00150969
7.9490e-02,-0.0279688,-0.00114156
7.9500e-02,-0.0176563,-0.00119438
7.9510e-02,-0.024375,-0.00095625
7.9520e-02,-0.0376563,-0.000922813
7.9530e-02,-0.0328125,-0.00119
7.9540e-02,-0.0242188,-0.00170531
7.9550e-02,-0.0328125,-0.000805625
7.9560e-02,-0.0229687,-0.00136063
7.9570e-02,-0.0284375,-0.00124781
7.9580e-02,-0.0323438,-0.00115469
7.9590e-02,-0.0410937,-0.00126
7.9600e-02,-0.035,-0.00100344
7.9610e-02,-0.0301563,-0.00120781
7.9620e-02,-0.0304688,-0.00110313
7.9630e-02,-0.0325,-0.000926563
7.9640e-02,-0.0346875,-0.00102438
7.9650e-02,-0.0279688,-0.00110219
7.9660e-02,-0.0482812,-0.000715938
7.9670e-02,-0.0196875,-0.00114
7.9680e-02,-0.0253125,-0.00111625
7.9690e-02,-0.0134375,-0.00131813
7.9700e-02,-0.025625,-0.0010525
7.9710e-02,-0.0346875,-0.001245
7.9720e-02,-0.0176563,-0.00115281
7.9730e-02,-0.0323438,-0.00126906
7.9740e-02,-0.0235938,-0.000982187
7.9750e-02,-0.038125,-0.00101594
7.9760e-02,-0.0289063,-0.00109219
7.9770e-02,-0.0403125,-0.00176406
7.9780e-02,-0.0359375,-0.001505
7.9790e-02,-0.0310937,-0.00111625
7.9800e-02,-0.0270312,-0.000827188
7.9810e-02,-0.0276563,-0.00100438
7.9820e-02,-0.0335937,-0.00100438
7.9830e-02,-0.0489062,-0.00124906
7.9840e-02,-0.0340625,-0.000944063
7.9850e-02,-0.0307813,-0.00137844
7.9860e-02,-0.02625,-0.00118719
7.9870e-02,-0.0309375,-0.00137719
7.9880e-02,-0.0296875,-0.00106406
7.9890e-02,-0.025625,-0.00126375
7.9900e-02,-0.0375,-0.00102313
7.9910e-02,-0.0442188,-0.00115563
7.9920e-02,-0.0245313,-0.00114906
7.9930e-02,-0.0295313,-0.00135469
7.9940e-02,-0.0410937,-0.0013575
7.9950e-02,-0.0264062,-0.00103281
7.9960e-02,-0.0321875,-0.000972813
7.9970e-02,-0.035,-0.000902188
7.9980e-02,-0.0290625,-0.00112375
7.9990e-02,-0.0292188,-0.00109438
8.0000e-02,-0.0373438,-0.000930938
8.0010e-02,-0.0298438,-0.00108688
8.0020e-02,-0.0251563,-0.00113531
8.0030e-02,-0.0203125,-0.000829688
8.0040e-02,-0.03125,-0.00111781
8.0050e-02,-0.035625,-0.000825938
8.0060e-02,-0.0371875,-0.00103344
8.0070e-02,-0.0345312,-0.00134813
8.0080e-02,-0.0332812,-0.00176094
8.0090e-02,-0.031875,-0.00173406
8.0100e-02,-0.029375,-0.00133656
8.0110e-02,-0.0232812,-0.00111875
8.0120e-02,-0.029375,-0.00117438
8.0130e-02,-0.030625,-0.00138531
8.0140e-02,-0.0367188,-0.00119125
8.0150e-02,-0.0375,-0.000844063
8.0160e-02,-0.0348437,-0.000892188
8.0170e-02,-0.0403125,-0.00104719
8.0180e-02,-0.0267187,-0.001175
8.0190e-02,-0.021875,-0.00121625
8.0200e-02,-0.028125,-0.000614063
8.0210e-02,-0.0445313,-0.00147781
8.0220e-02,-0.0326562,-0.000724375
8.0230e-02,-0.0345312,-0.00125656
8.0240e-02,-0.02875,-0.000750625
8.0250e-02,-0.0340625,-0.00140469
8.0260e-02,-0.0303125,-0.00131844
8.0270e-02,-0.0279688,-0.00132156
8.0280e-02,-0.034375,-0.000977813
8.0290e-02,-0.0396875,-0.0013625
8.0300e-02,-0.0384375,-0.00113344
8.0310e-02,-0.0328125,-0.00118906
8.0320e-02,-0.0346875,-0.00125813
8.0330e-02,-0.0326562,-0.0012975
8.0340e-02,-0.0260937,-0.00137375
8.0350e-02,-0.0217188,-0.00130594
8.0360e-02,-0.0265625,-0.00132
8.0370e-02,-0.0354688,-0.00150406
8.0380e-02,-0.0335937,-0.00105625
8.0390e-02,-0.0254688,-0.00131531
8.0400e-02,-0.0259375,-0.00110313
8.0410e-02,-0.0298438,-0.000969375
8.0420e-02,-0.0326562,-0.000833125
8.0430e-02,-0.0304688,-0.00111344
8.0440e-02,-0.0251563,-0.00145563
8.0450e-02,-0.0339062,-0.000934375
8.0460e-02,-0.034375,-0.00143563
8.0470e-02,-0.030625,-0.00094125
8.0480e-02,-0.0323438,-0.00128469
8.0490e-02,-0.030625,-0.000985625
8.0500e-02,-0.0303125,-0.00116781
8.0510e-02,-0.0320312,-0.000995938
8.0520e-02,-0.0195312,-0.00124063
8.0530e-02,-0.0384375,-0.00122
8.0540e-02,-0.0396875,-0.00105063
8.0550e-02,-0.0245313,-0.001045
8.0560e-02,-0.0384375,-0.00093125
8.0570e-02,-0.0464062,-0.00100938
8.0580e-02,-0.041875,-0.000937813
8.0590e-02,-0.034375,-0.00163625
8.0600e-02,-0.0329688,-0.00172094
8.0610e-02,-0.045,-0.00117719
8.0620e-02,-0.0314062,-0.00132219
8.0630e-02,-0.029375,-0.000887813
8.0640e-02,-0.0259375,-0.000830625
8.0650e-02,-0.0304688,-0.000744688
8.0660e-02,-0.0407813,-0.00102187
8.0670e-02,-0.031875,-0.00125531
8.0680e-02,-0.034375,-0.000842188
8.0690e-02,-0.0354688,-0.000972813
8.0700e-02,-0.0290625,-0.00126094
8.0710e-02,-0.0390625,-0.000800313
8.0720e-02,-0.0332812,-0.00134375
8.0730e-02,-0.0407813,-0.00099875
8.0740e-02,-0.0360938,-0.000781875
8.0750e-02,-0.0251563,-0.000921875
8.0760e-02,-0.0432813,-0.00100406
8.0770e-02,-0.0320312,-0.00108344
8.0780e-02,-0.0348437,-0.00127969
8.0790e-02,-0.0375,-0.00168938
8.0800e-02,-0.0267187,-0.00148844
8.0810e-02,-0.0284375,-0.00132656
8.0820e-02,-0.034375,-0.00137625
8.0830e-02,-0.0284375,-0.00086125
8.0840e-02,-0.034375,-0.0008675
8.0850e-02,-0.04375,-0.00091125
8.0860e-02,-0.0359375,-0.00137219
8.0870e-02,-0.0370313,-0.00125313
8.0880e-02,-0.0385937,-0.00107188
8.0890e-02,-0.0403125,-0.00193031
8.0900e-02,-0.031875,-0.00102438
8.0910e-02,-0.0329688,-0.000755
8.0920e-02,-0.046875,-0.000742813
8.0930e-02,-0.0278125,-0.00123219
8.0940e-02,-0.0296875,-0.000685625
8.0950e-02,-0.03,-0.00119781
8.0960e-02,-0.0389063,-0.00127094
8.0970e-02,-0.038125,-0.00125125
8.0980e-02,-0.036875,-0.000994063
8.0990e-02,-0.0317188,-0.00123813
8.1000e-02,-0.0303125,-0.00110094
8.1010e-02,-0.0407813,-0.00108875
8.1020e-02,-0.0479688,-0.000939063
8.1030e-02,-0.0396875,-0.00121281
8.1040e-02,-0.0364063,-0.00103313
8.1050e-02,-0.0423437,-0.00130594
8.1060e-02,-0.036875,-0.00143594
8.1070e-02,-0.0360938,-0.00151219
8.1080e-02,-0.0396875,-0.00126125
8.1090e-02,-0.0321875,-0.00119625
8.1100e-02,-0.03625,-0.00105156
8.1110e-02,-0.0371875,-0.00103969
8.1120e-02,-0.036875,-0.00111156
8.1130e-02,-0.0489062,-0.000715313
8.1140e-02,-0.0314062,-0.000808438
8.1150e-02,-0.0340625,-0.000917813
8.1160e-02,-0.0428125,-0.00107313
8.1170e-02,-0.0270312,-0.00126469
8.1180e-02,-0.0353125,-0.00112
8.1190e-02,-0.0357813,-0.00090875
8.1200e-02,-0.0482812,-0.000919063
8.1210e-02,-0.026875,-0.00121781
8.1220e-02,-0.0351562,-0.000930313
8.1230e-02,-0.0428125,-0.00119969
8.1240e-02,-0.0314062,-0.00112781
8.1250e-02,-0.035625,-0.00120688
8.1260e-02,-0.034375,-0.000788125
8.1270e-02,-0.0395313,-0.00132094
8.1280e-02,-0.048125,-0.00129156
8.1290e-02,-0.0379688,-0.00139469
8.1300e-02,-0.0303125,-0.0008425
8.1310e-02,-0.0426562,-0.000891875
8.1320e-02,-0.041875,-0.00116969
8.1330e-02,-0.0415625,-0.00107469
8.1340e-02,-0.04375,-0.00106
8.1350e-02,-0.03375,-0.00127406
8.1360e-02,-0.03125,-0.00150375
8.1370e-02,-0.0309375,-0.00114031
8.1380e-02,-0.0273438,-0.0008925
8.1390e-02,-0.0348437,-0.000551563
8.1400e-02,-0.0309375,-0.00115344
8.1410e-02,-0.0401563,-0.000568438
8.1420e-02,-0.0253125,-0.00058375
8.1430e-02,-0.0370313,-0.00104156
8.1440e-02,-0.0390625,-0.000915313
8.1450e-02,-0.0396875,-0.00116125
8.1460e-02,-0.0367188,-0.000971875
8.1470e-02,-0.0271875,-0.00124688
8.1480e-02,-0.0423437,-0.000930625
8.1490e-02,-0.0303125,-0.00102344
8.1500e-02,-0.0417187,-0.000983125
8.1510e-02,-0.03625,-0.000969688
8.1520e-02,-0.038125,-0.0009525
8.1530e-02,-0.0384375,-0.001
8.1540e-02,-0.0367188,-0.000960625
8.1550e-02,-0.0384375,-0.00120188
8.1560e-02,-0.026875,-0.00137156
8.1570e-02,-0.0320312,-0.00115219
8.1580e-02,-0.0407813,-0.00114156
8.1590e-02,-0.041875,-0.00139719
8.1600e-02,-0.0328125,-0.00114437
8.1610e-02,-0.0535937,-0.000941875
8.1620e-02,-0.0409375,-0.000827188
8.1630e-02,-0.0345312,-0.000907813
8.1640e-02,-0.0379688,-0.00154469
8.1650e-02,-0.0260937,-0.00113938
8.1660e-02,-0.045,-0.00116219
8.1670e-02,-0.0271875,-0.000764688
8.1680e-02,-0.031875,-0.00121094
8.1690e-02,-0.0335937,-0.00108906
8.1700e-02,-0.0342187,-0.000962813
8.1710e-02,-0.0275,-0.00135844
8.1720e-02,-0.0357813,-0.00107063
8.1730e-02,-0.0384375,-0.000610625
8.1740e-02,-0.033125,-0.000980938
8.1750e-02,-0.0378125,-0.000954375
8.1760e-02,-0.0354688,-0.000855
8.1770e-02,-0.0382813,-0.00129938
8.1780e-02,-0.0357813,-0.00116813
8.1790e-02,-0.0410937,-0.00132156
8.1800e-02,-0.0404687,-0.00116438
8.1810e-02,-0.0346875,-0.00141188
8.1820e-02,-0.035,-0.00179688
8.1830e-02,-0.031875,-0.000834375
8.1840e-02,-0.0501562,-0.00131875
8.1850e-02,-0.0425,-0.00119094
8.1860e-02,-0.0314062,-0.000795313
8.1870e-02,-0.0471875,-0.00101125
8.1880e-02,-0.0307813,-0.00128906
8.1890e-02,-0.0339062,-0.0010575
8.1900e-02,-0.0225,-0.0014275
8.1910e-02,-0.0325,-0.00104063
8.1920e-02,-0.0404687,-0.00113719
8.1930e-02,-0.04625,-0.00135594
8.1940e-02,-0.0378125,-0.00118406
8.1950e-02,-0.0359375,-0.00116625
8.1960e-02,-0.0373438,-0.000957188
8.1970e-02,-0.0435938,-0.00116562
8.1980e-02,-0.0401563,-0.00125906
8.1990e-02,-0.0376563,-0.00136313
8.2000e-02,-0.039375,-0.00131906
8.2010e-02,-0.0434375,-0.00106125
8.2020e-02,-0.0426562,-0.00134063
8.2030e-02,-0.0367188,-0.00152969
8.2040e-02,-0.0453125,-0.00133313
8.2050e-02,-0.0389063,-0.00119313
8.2060e-02,-0.036875,-0.00107188
8.2070e-02,-0.0371875,-0.00160938
8.2080e-02,-0.0357813,-0.00119938
8.2090e-02,-0.0234375,-0.000997188
8.2100e-02,-0.0354688,-0.00107844
8.2110e-02,-0.0392187,-0.0011925
8.2120e-02,-0.0376563,-0.0013925
8.2130e-02,-0.0479688,-0.00119156
8.2140e-02,-0.0328125,-0.0011125
8.2150e-02,-0.0340625,-0.00114969
8.2160e-02,-0.0309375,-0.00121094
8.2170e-02,-0.030625,-0.00127719
8.2180e-02,-0.0332812,-0.00161656
8.2190e-02,-0.0245313,-0.00133125
8.2200e-02,-0.0310937,-0.000877188
8.2210e-02,-0.0440625,-0.00121875
8.2220e-02,-0.0239063,-0.00103781
8.2230e-02,-0.0384375,-0.000644063
8.2240e-02,-0.0270312,-0.00110344
8.2250e-02,-0.0432813,-0.000580938
8.2260e-02,-0.0385937,-0.000979688
8.2270e-02,-0.0471875,-0.00160875
8.2280e-02,-0.0409375,-0.00106156
8.2290e-02,-0.0429688,-0.00133969
8.2300e-02,-0.0392187,-0.00142719
8.2310e-02,-0.03625,-0.00110875
8.2320e-02,-0.030625,-0.00150094
8.2330e-02,-0.0429688,-0.000799375
8.2340e-02,-0.0448438,-0.000957813
8.2350e-02,-0.0389063,-0.00105563
8.2360e-02,-0.0351562,-0.00105875
8.2370e-02,-0.0551563,-0.00120344
8.2380e-02,-0.0465625,-0.00107031
8.2390e-02,-0.0439063,-0.00124531
8.2400e-02,-0.0409375,-0.00132781
8.2410e-02,-0.0442188,-0.00127219
8.2420e-02,-0.03375,-0.00141156
8.2430e-02,-0.0423437,-0.000843438
8.2440e-02,-0.0370313,-0.000772188
8.2450e-02,-0.0254688,-0.00110563
8.2460e-02,-0.0276563,-0.000741563
8.2470e-02,-0.0454688,-0.00121938
8.2480e-02,-0.0335937,-0.000960938
8.2490e-02,-0.0295313,-0.000872813
8.2500e-02,-0.0417187,-0.0009525
8.2510e-02,-0.0470312,-0.000750313
8.2520e-02,-0.0403125,-0.000907813
8.2530e-02,-0.0342187,-0.001105
8.2540e-02,-0.041875,-0.00126625
8.2550e-02,-0.029375,-0.000751563
8.2560e-02,-0.0371875,-0.00109531
8.2570e-02,-0.0242188,-0.00144625
8.2580e-02,-0.0335937,-0.00103031
8.2590e-02,-0.0415625,-0.00143313
8.2600e-02,-0.0365625,-0.00125688
8.2610e-02,-0.040625,-0.000588125
8.2620e-02,-0.0460938,-0.00101438
8.2630e-02,-0.0407813,-0.00164219
8.2640e-02,-0.051875,-0.00114594
8.2650e-02,-0.0421875,-0.00107938
8.2660e-02,-0.0439063,-0.00104312
8.2670e-02,-0.0329688,-0.000964688
8.2680e-02,-0.0414063,-0.00104031
8.2690e-02,-0.035,-0.00114281
8.2700e-02,-0.0320312,-0.001075
8.2710e-02,-0.0303125,-0.000968438
8.2720e-02,-0.0407813,-0.000766875
8.2730e-02,-0.0384375,-0.00103219
8.2740e-02,-0.0378125,-0.000851563
8.2750e-02,-0.043125,-0.00103375
8.2760e-02,-0.03125,-0.00139719
8.2770e-02,-0.0396875,-0.001145
8.2780e-02,-0.0382813,-0.000718438
8.2790e-02,-0.0420312,-0.00125375
8.2800e-02,-0.02875,-0.001335
8.2810e-02,-0.0492188,-0.001345
8.2820e-02,-0.0615625,-0.000824375
8.2830e-02,-0.0470312,-0.000829688
8.2840e-02,-0.0342187,-0.00103688
8.2850e-02,-0.046875,-0.00149125
8.2860e-02,-0.0446875,-0.00135781
8.2870e-02,-0.0317188,-0.00131719
8.2880e-02,-0.03625,-0.001035
8.2890e-02,-0.0307813,-0.00143188
8.2900e-02,-0.0429688,-0.000854688
8.2910e-02,-0.0301563,-0.00131063
8.2920e-02,-0.0270312,-0.0011025
8.2930e-02,-0.035,-0.00100313
8.2940e-02,-0.038125,-0.000925625
8.2950e-02,-0.0348437,-0.00101125
8.2960e-02,-0.0373438,-0.00168531
8.2970e-02,-0.0398437,-0.00126125
8.2980e-02,-0.0279688,-0.0011125
8.2990e-02,-0.045,-0.00158438
8.3000e-02,-0.0410937,-0.000808125
8.3010e-02,-0.0398437,-0.000581563
8.3020e-02,-0.0432813,-0.0011725
8.3030e-02,-0.0326562,-0.00157375
8.3040e-02,-0.0415625,-0.00117469
8.3050e-02,-0.0532813,-0.00078125
8.3060e-02,-0.0414063,-0.00161813
8.3070e-02,-0.0354688,-0.00133
8.3080e-02,-0.0382813,-0.00114125
8.3090e-02,-0.0314062,-0.00111656
8.3100e-02,-0.0328125,-0.00112844
8.3110e-02,-0.0442188,-0.00127906
8.3120e-02,-0.0303125,-0.000894375
8.3130e-02,-0.0354688,-0.000993438
8.3140e-02,-0.0229687,-0.000986563
8.3150e-02,-0.0435938,-0.00124063
8.3160e-02,-0.0367188,-0.00108281
8.3170e-02,-0.045625,-0.00129938
8.3180e-02,-0.0401563,-0.00146438
8.3190e-02,-0.0396875,-0.000963438
8.3200e-02,-0.0364063,-0.00121188
8.3210e-02,-0.0414063,-0.0006425
8.3220e-02,-0.04625,-0.000914375
8.3230e-02,-0.0248438,-0.00111125
8.3240e-02,-0.0329688,-0.00133
8.3250e-02,-0.0514063,-0.000955
8.3260e-02,-0.041875,-0.000740625
8.3270e-02,-0.0304688,-0.00133156
8.3280e-02,-0.0471875,-0.00136063
8.3290e-02,-0.0398437,-0.00096125
8.3300e-02,-0.040625,-0.00140156
8.3310e-02,-0.0389063,-0.00143719
8.3320e-02,-0.0398437,-0.000899375
8.3330e-02,-0.044375,-0.00165688
8.3340e-02,-0.04375,-0.00131438
8.3350e-02,-0.0353125,-0.00120313
8.3360e-02,-0.031875,-0.000974063
8.3370e-02,-0.0332812,-0.000995
8.3380e-02,-0.0329688,-0.000961875
8.3390e-02,-0.053125,-0.0009775
8.3400e-02,-0.0345312,-0.0013575
8.3410e-02,-0.0382813,-0.00112844
8.3420e-02,-0.0453125,-0.001225
8.3430e-02,-0.03875,-0.0012175
8.3440e-02,-0.04125,-0.00105281
8.3450e-02,-0.031875,-0.00124563
8.3460e-02,-0.0334375,-0.00114656
8.3470e-02,-0.0271875,-0.00104563
8.3480e-02,-0.0373438,-0.000661875
8.3490e-02,-0.03625,-0.001435
8.3500e-02,-0.0403125,-0.00118813
8.3510e-02,-0.0321875,-0.00152438
8.3520e-02,-0.0395313,-0.000984375
8.3530e-02,-0.039375,-0.00070375
8.3540e-02,-0.0292188,-0.00108781
8.3550e-02,-0.0415625,-0.00111906
8.3560e-02,-0.0392187,-0.000957188
8.3570e-02,-0.0317188,-0.00145844
8.3580e-02,-0.0379688,-0.00102688
8.3590e-02,-0.0307813,-0.00112938
8.3600e-02,-0.0375,-0.00147188
8.3610e-02,-0.0284375,-0.00104813
8.3620e-02,-0.036875,-0.00118531
8.3630e-02,-0.035,-0.00105313
8.3640e-02,-0.0375,-0.00154281
8.3650e-02,-0.0342187,-0.000937813
8.3660e-02,-0.0289063,-0.00121406
8.3670e-02,-0.0503125,-0.00097875
8.3680e-02,-0.044375,-0.00139625
8.3690e-02,-0.0339062,-0.00105188
8.3700e-02,-0.0409375,-0.00060875
8.3710e-02,-0.034375,-0.000926875
8.3720e-02,-0.0496875,-0.00093375
8.3730e-02,-0.0440625,-0.000949063
8.3740e-02,-0.0375,-0.000905313
8.3750e-02,-0.0360938,-0.00140781
8.3760e-02,-0.0409375,-0.000735
8.3770e-02,-0.0325,-0.000782188
8.3780e-02,-0.0510938,-0.00043625
8.3790e-02,-0.0442188,-0.000872813
8.3800e-02,-0.0384375,-0.00107094
8.3810e-02,-0.0379688,-0.000705313
8.3820e-02,-0.0415625,-0.00113344
8.3830e-02,-0.0495312,-0.00125094
8.3840e-02,-0.0310937,-0.00108469
8.3850e-02,-0.0360938,-0.000852813
8.3860e-02,-0.0428125,-0.00120094
8.3870e-02,-0.041875,-0.00127531
8.3880e-02,-0.0329688,-0.00105656
8.3890e-02,-0.0307813,-0.000930625
8.3900e-02,-0.0367188,-0.00155563
8.3910e-02,-0.04375,-0.00138094
8.3920e-02,-0.0545313,-0.00127188
8.3930e-02,-0.0353125,-0.00107563
8.3940e-02,-0.0398437,-0.00119156
8.3950e-02,-0.0434375,-0.00116281
8.3960e-02,-0.0326562,-0.00126188
8.3970e-02,-0.0340625,-0.000949375
8.3980e-02,-0.041875,-0.00152156
8.3990e-02,-0.036875,-0.000896875
8.4000e-02,-0.039375,-0.00124
8.4010e-02,-0.034375,-0.000725
8.4020e-02,-0.0275,-0.000952813
8.4030e-02,-0.0390625,-0.00102875
8.4040e-02,-0.0490625,-0.00138844
8.4050e-02,-0.0465625,-0.00128031
8.4060e-02,-0.0365625,-0.00164125
8.4070e-02,-0.0459375,-0.000856563
8.4080e-02,-0.0332812,-0.00139781
8.4090e-02,-0.0453125,-0.00146313
8.4100e-02,-0.03125,-0.00120656
8.4110e-02,-0.0440625,-0.00133188
8.4120e-02,-0.0398437,-0.00124938
8.4130e-02,-0.0396875,-0.00115406
8.4140e-02,-0.038125,-0.00122125
8.4150e-02,-0.050625,-0.00093375
8.4160e-02,-0.0307813,-0.000672813
8.4170e-02,-0.0392187,-0.00094375
8.4180e-02,-0.0473438,-0.00116375
8.4190e-02,-0.0414063,-0.00106969
8.4200e-02,-0.03375,-0.00105031
8.4210e-02,-0.0292188,-0.00114719
8.4220e-02,-0.0476562,-0.00134531
8.4230e-02,-0.04875,-0.00112
8.4240e-02,-0.0395313,-0.000900938
8.4250e-02,-0.0432813,-0.00118875
8.4260e-02,-0.0478125,-0.00110563
8.4270e-02,-0.0367188,-0.001475
8.4280e-02,-0.0426562,-0.000716875
8.4290e-02,-0.0453125,-0.000676875
8.4300e-02,-0.0476562,-0.00134469
8.4310e-02,-0.0434375,-0.000901875
8.4320e-02,-0.0384375,-0.00105281
8.4330e-02,-0.0439063,-0.00133375
8.4340e-02,-0.035,-0.00119594
8.4350e-02,-0.0382813,-0.00106281
8.4360e-02,-0.0398437,-0.00132281
8.4370e-02,-0.0559375,-0.000767188
8.4380e-02,-0.0234375,-0.00135094
8.4390e-02,-0.0398437,-0.00130125
8.4400e-02,-0.0334375,-0.00103063
8.4410e-02,-0.040625,-0.00136438
8.4420e-02,-0.0398437,-0.0010475
8.4430e-02,-0.0407813,-0.00111094
8.4440e-02,-0.048125,-0.00105969
8.4450e-02,-0.0260937,-0.00114656
8.4460e-02,-0.0376563,-0.00112594
8.4470e-02,-0.0320312,-0.0010475
8.4480e-02,-0.0346875,-0.00103719
8.4490e-02,-0.0292188,-0.00099625
8.4500e-02,0.322031,-0.00366094
8.4510e-02,0.964375,-0.00632031
8.4520e-02,0.360469,-0.00764625
8.4530e-02,1.25656,-0.00823781
8.4540e-02,0.0839063,-0.00757469
8.4550e-02,0.116094,-0.00754
8.4560e-02,0.0946875,-0.00749188
8.4570e-02,0.0821875,-0.0076075
8.4580e-02,0.0696875,-0.00756188
8.4590e-02,0.0839063,-0.00753781
8.4600e-02,0.0567187,-0.00751469
8.4610e-02,0.0673437,-0.00759469
8.4620e-02,0.056875,-0.00756344
8.4630e-02,0.0617188,-0.00755875
8.4640e-02,0.0495312,-0.00762563
8.4650e-02,0.0285937,-0.00748625
8.4660e-02,0.0365625,-0.00741813
8.4670e-02,0.0501562,-0.00740313
8.4680e-02,0.0310937,-0.00754063
8.4690e-02,0.0264063,-0.00744469
8.4700e-02,0.0364063,-0.0074425
8.4710e-02,0.0228125,-0.00740406
8.4720e-02,0.0398437,-0.00744063
8.4730e-02,0.0328125,-0.00739844
8.4740e-02,0.0210937,-0.00750406
8.4750e-02,0.0128125,-0.00579563
8.4760e-02,0.0170313,-0.00294594
8.4770e-02,0.0378125,-0.00182531
8.4780e-02,0.0164063,-0.00183531
8.4790e-02,0.0282812,-0.00186313
8.4800e-02,0.0273438,-0.00184313
8.4810e-02,0.0182813,-0.00149156
8.4820e-02,0.00515625,-0.00084375
8.4830e-02,0.0154687,-0.00109781
8.4840e-02,0.015625,-0.00134156
8.4850e-02,0.00734375,-0.00158719
8.4860e-02,0.0015625,-0.00206781
8.4870e-02,0.009375,-0.00120094
8.4880e-02,0.00765625,-0.00118125
8.4890e-02,0.00125,-0.00112031
8.4900e-02,0.004375,-0.000658125
8.4910e-02,0.0121875,-0.00128031
8.4920e-02,0.0132812,-0.00121125
8.4930e-02,-0.00296875,-0.0016475
8.4940e-02,0.0115625,-0.00142906
8.4950e-02,0.0125,-0.000817813
8.4960e-02,0.00953125,-0.000896875
8.4970e-02,0.00296875,-0.00101656
8.4980e-02,-0.00359375,-0.00139906
8.4990e-02,-0.00078125,-0.00111063
8.5000e-02,-0.005,-0.00103781
8.5010e-02,0.011875,-0.00115969
8.5020e-02,0.00515625,-0.000959063
8.5030e-02,-0.0096875,-0.00140469
8.5040e-02,0.00625,-0.0016075
8.5050e-02,0.00125,-0.00116562
8.5060e-02,-0.0021875,-0.00138688
8.5070e-02,0.006875,-0.00148563
8.5080e-02,0.00296875,-0.00130688
8.5090e-02,-0.00609375,-0.00142375
8.5100e-02,-0.00609375,-0.00135938
8.5110e-02,-0.0003125,-0.00126156
8.5120e-02,0.0071875,-0.00128406
8.5130e-02,-0.0015625,-0.0010825
8.5140e-02,0.005625,-0.00133344
8.5150e-02,-0.0132813,-0.000916875
8.5160e-02,-0.00671875,-0.00124938
8.5170e-02,-0.00890625,-0.00142031
8.5180e-02,-0.00734375,-0.00109188
8.5190e-02,-0.00921875,-0.00118031
8.5200e-02,0.010625,-0.000977813
8.5210e-02,-0.005,-0.00132344
8.5220e-02,-0.00859375,-0.00119625
8.5230e-02,-0.00578125,-0.00133469
8.5240e-02,0.00140625,-0.00129375
8.5250e-02,-0.00484375,-0.00130406
8.5260e-02,-0.0015625,-0.00111906
8.5270e-02,-0.0145312,-0.00143719
8.5280e-02,-0.00421875,-0.00087375
8.5290e-02,-0.0153125,-0.000596875
8.5300e-02,-0.0142188,-0.00116938
8.5310e-02,-0.0103125,-0.00119
8.5320e-02,-0.005,-0.00152
8.5330e-02,-0.0217188,-0.00154688
8.5340e-02,-0.0053125,-0.000684688
8.5350e-02,-0.0034375,-0.00105844
8.5360e-02,-0.0065625,-0.0011675
8.5370e-02,-0.013125,-0.00131313
8.5380e-02,-0.00953125,-0.00134531
8.5390e-02,-0.01125,-0.000929688
8.5400e-02,-0.0154687,-0.00128688
8.5410e-02,-0.0117188,-0.00119031
8.5420e-02,-0.00828125,-0.00143188
8.5430e-02,-0.00875,-0.001255
8.5440e-02,-0.0151562,-0.000940625
8.5450e-02,-0.0154687,-0.000952188
8.5460e-02,-0.0120313,-0.00153313
8.5470e-02,-0.0021875,-0.00118625
8.5480e-02,-0.0142188,-0.00108125
8.5490e-02,-0.00078125,-0.0012075
8.5500e-02,-0.0134375,-0.00132188
8.5510e-02,-0.00484375,-0.00103531
8.5520e-02,-0.0167188,-0.00104938
8.5530e-02,-0.0114062,-0.00105344
8.5540e-02,-0.01,-0.000790625
8.5550e-02,-0.00734375,-0.000949063
8.5560e-02,-0.0090625,-0.00102844
8.5570e-02,-0.00734375,-0.00122906
8.5580e-02,-0.0140625,-0.00154063
8.5590e-02,-0.0134375,-0.000827813
8.5600e-02,-0.0209375,-0.00133094
8.5610e-02,-0.00921875,-0.00121688
8.5620e-02,-0.01875,-0.0013825
8.5630e-02,-0.0201563,-0.00128344
8.5640e-02,-0.01125,-0.00144875
8.5650e-02,-0.00265625,-0.00118313
8.5660e-02,-0.0159375,-0.00118719
8.5670e-02,-0.0204688,-0.00105219
8.5680e-02,-0.0240625,-0.00124469
8.5690e-02,-0.015,-0.0009575
8.5700e-02,-0.01625,-0.00161375
8.5710e-02,-0.0229687,-0.00163344
8.5720e-02,-0.0179687,-0.00119813
8.5730e-02,-0.0153125,-0.0013275
8.5740e-02,-0.0184375,-0.00127
8.5750e-02,-0.0195312,-0.00102625
8.5760e-02,-0.0084375,-0.000948125
8.5770e-02,-0.00640625,-0.000939063
8.5780e-02,-0.015625,-0.000881563
8.5790e-02,-0.0157813,-0.00102187
8.5800e-02,-0.011875,-0.00144938
8.5810e-02,-0.0175,-0.00114281
8.5820e-02,-0.0223437,-0.0013675
8.5830e-02,-0.0135937,-0.00140844
8.5840e-02,-0.0145312,-0.00117438
8.5850e-02,-0.018125,-0.000844688
8.5860e-02,-0.0140625,-0.00115
8.5870e-02,-0.0189062,-0.00145719
8.5880e-02,-0.014375,-0.00106031
8.5890e-02,-0.0253125,-0.00123844
8.5900e-02,-0.0128125,-0.000997188
8.5910e-02,-0.0040625,-0.000667188
8.5920e-02,-0.0232812,-0.000808438
8.5930e-02,-0.02125,-0.000873438
8.5940e-02,-0.0179687,-0.00147406
8.5950e-02,-0.0273438,-0.00090125
8.5960e-02,-0.0232812,-0.000923125
8.5970e-02,-0.0179687,-0.00122156
8.5980e-02,-0.0226562,-0.000970938
8.5990e-02,-0.0171875,-0.00100563
8.6000e-02,-0.034375,-0.00122937
8.6010e-02,-0.02125,-0.00116875
8.6020e-02,-0.015,-0.00160156
8.6030e-02,-0.0142188,-0.00108188
8.6040e-02,-0.0126563,-0.00149844
8.6050e-02,-0.02125,-0.0010025
8.6060e-02,-0.0195312,-0.0013525
8.6070e-02,-0.01875,-0.00115406
8.6080e-02,-0.0185937,-0.00124563
8.6090e-02,-0.021875,-0.00106219
8.6100e-02,-0.0226562,-0.00111125
8.6110e-02,-0.015,-0.00122531
8.6120e-02,-0.02625,-0.00131594
8.6130e-02,-0.019375,-0.00124688
8.6140e-02,-0.020625,-0.00118625
8.6150e-02,-0.0164063,-0.00138375
8.6160e-02,-0.021875,-0.00142281
8.6170e-02,-0.02625,-0.00126156
8.6180e-02,-0.0176563,-0.00125406
8.6190e-02,-0.0198438,-0.00128281
8.6200e-02,-0.0173438,-0.00134844
8.6210e-02,-0.03,-0.00106563
8.6220e-02,-0.0160938,-0.00139188
8.6230e-02,-0.0142188,-0.0012275
8.6240e-02,-0.03375,-0.00145563
8.6250e-02,-0.029375,-0.00094
8.6260e-02,-0.018125,-0.00115844
8.6270e-02,-0.0164063,-0.00103594
8.6280e-02,-0.0278125,-0.00092375
8.6290e-02,-0.0159375,-0.00128594
8.6300e-02,-0.0254688,-0.00163938
8.6310e-02,-0.0248438,-0.001015
8.6320e-02,-0.0234375,-0.00147781
8.6330e-02,-0.0242188,-0.00106375
8.6340e-02,-0.0207813,-0.00106875
8.6350e-02,-0.0192187,-0.00113813
8.6360e-02,-0.023125,-0.00127531
8.6370e-02,-0.0254688,-0.000849375
8.6380e-02,-0.0389063,-0.00103063
8.6390e-02,-0.0267187,-0.00141813
8.6400e-02,-0.0226562,-0.00113438
8.6410e-02,-0.0310937,-0.00156875
8.6420e-02,-0.0339062,-0.0010975
8.6430e-02,-0.0271875,-0.00117313
8.6440e-02,-0.018125,-0.00122281
8.6450e-02,-0.0340625,-0.00115313
8.6460e-02,-0.0104688,-0.000906875
8.6470e-02,-0.028125,-0.000665
8.6480e-02,-0.0307813,-0.00129875
8.6490e-02,-0.0260937,-0.000905
8.6500e-02,-0.0282813,-0.001505
8.6510e-02,-0.023125,-0.000854375
8.6520e-02,-0.0282813,-0.000933125
8.6530e-02,-0.024375,-0.000898125
8.6540e-02,-0.0153125,-0.000545
8.6550e-02,-0.029375,-0.000913125
8.6560e-02,-0.0214063,-0.000933125
8.6570e-02,-0.0253125,-0.00162031
8.6580e-02,-0.0401563,-0.00157063
8.6590e-02,-0.013125,-0.00158094
8.6600e-02,-0.0348437,-0.00117063
8.6610e-02,-0.0323438,-0.000926563
8.6620e-02,-0.0323438,-0.00149594
8.6630e-02,-0.0129688,-0.00127844
8.6640e-02,-0.028125,-0.000997813
8.6650e-02,-0.0195312,-0.00109813
8.6660e-02,-0.0320312,-0.001075
8.6670e-02,-0.0289063,-0.00145969
8.6680e-02,-0.0207813,-0.00129406
8.6690e-02,-0.0190625,-0.000536563
8.6700e-02,-0.0239063,-0.000913125
8.6710e-02,-0.0304688,-0.000978125
8.6720e-02,-0.0242188,-0.001135
8.6730e-02,-0.0248438,-0.00100969
8.6740e-02,-0.03,-0.0011325
8.6750e-02,-0.0303125,-0.00142875
8.6760e-02,-0.0290625,-0.00121531
8.6770e-02,-0.0151562,-0.00118938
8.6780e-02,-0.031875,-0.000883438
8.6790e-02,-0.0257812,-0.00104688
8.6800e-02,-0.0357813,-0.00125969
8.6810e-02,-0.0129688,-0.00103156
8.6820e-02,-0.02875,-0.0011
8.6830e-02,-0.035625,-0.00087625
8.6840e-02,-0.0321875,-0.000513438
8.6850e-02,-0.0179687,-0.00117156
8.6860e-02,-0.0207813,-0.00109
8.6870e-02,-0.0214063,-0.0010825
8.6880e-02,-0.028125,-0.00106344
8.6890e-02,-0.0167188,-0.001295
8.6900e-02,-0.0184375,-0.00131844
8.6910e-02,-0.0235938,-0.00110406
8.6920e-02,-0.0270312,-0.0010725
8.6930e-02,-0.024375,-0.00116719
8.6940e-02,-0.029375,-0.00116531
8.6950e-02,-0.0279688,-0.00112938
8.6960e-02,-0.0153125,-0.000895
8.6970e-02,-0.0270312,-0.00150781
8.6980e-02,-0.0234375,-0.0011525
8.6990e-02,-0.0348437,-0.00110094
8.7000e-02,-0.0265625,-0.000971875
8.7010e-02,-0.0248438,-0.000949063
8.7020e-02,-0.0320312,-0.00132688
8.7030e-02,-0.0210938,-0.00116281
8.7040e-02,-0.0298438,-0.00145813
8.7050e-02,-0.0376563,-0.00133063
8.7060e-02,-0.0364063,-0.00135438
8.7070e-02,-0.0167188,-0.00147344
8.7080e-02,-0.0196875,-0.00104344
8.7090e-02,-0.0282813,-0.00151906
8.7100e-02,-0.0329688,-0.00139188
8.7110e-02,-0.020625,-0.000925938
8.7120e-02,-0.03375,-0.00108219
8.7130e-02,-0.0235938,-0.00103938
8.7140e-02,-0.0357813,-0.000989375
8.7150e-02,-0.025,-0.0005075
8.7160e-02,-0.0310937,-0.00129656
8.7170e-02,-0.0220313,-0.00127875
8.7180e-02,-0.0317188,-0.00158406
8.7190e-02,-0.0267187,-0.00145938
8.7200e-02,-0.0257812,-0.00122219
8.7210e-02,-0.0310937,-0.00124875
8.7220e-02,-0.0315625,-0.00143469
8.7230e-02,-0.0315625,-0.00138
8.7240e-02,-0.0245313,-0.00120031
8.7250e-02,-0.0360938,-0.000866875
8.7260e-02,-0.0285938,-0.000941875
8.7270e-02,-0.0259375,-0.00085875
8.7280e-02,-0.025625,-0.0007
8.7290e-02,-0.0401563,-0.00128625
8.7300e-02,-0.0265625,-0.0009925
8.7310e-02,-0.0340625,-0.00124719
8.7320e-02,-0.0292188,-0.00123969
8.7330e-02,-0.0282813,-0.00106813
8.7340e-02,-0.0409375,-0.00179406
8.7350e-02,-0.0417187,-0.00143844
8.7360e-02,-0.0251563,-0.000999063
8.7370e-02,-0.0292188,-0.00105438
8.7380e-02,-0.0190625,-0.000959375
8.7390e-02,-0.0164063,-0.00156563
8.7400e-02,-0.0271875,-0.000939688
8.7410e-02,-0.0253125,-0.00114
8.7420e-02,-0.0223437,-0.000880938
8.7430e-02,-0.0307813,-0.000931563
8.7440e-02,-0.0167188,-0.00112188
8.7450e-02,-0.0304688,-0.0011025
8.7460e-02,-0.0296875,-0.001055
8.7470e-02,-0.034375,-0.0007825
8.7480e-02,-0.0315625,-0.00105906
8.7490e-02,-0.0367188,-0.000891563
8.7500e-02,-0.0192187,-0.000811875
8.7510e-02,-0.0298438,-0.000722813
8.7520e-02,-0.0309375,-0.00111125
8.7530e-02,-0.0315625,-0.00149031
8.7540e-02,-0.033125,-0.0012325
8.7550e-02,-0.0279688,-0.00146031
8.7560e-02,-0.0365625,-0.00113531
8.7570e-02,-0.0307813,-0.00131719
8.7580e-02,-0.03375,-0.00143563
8.7590e-02,-0.0448438,-0.00135094
8.7600e-02,-0.0434375,-0.000925
8.7610e-02,-0.0260937,-0.00106406
8.7620e-02,-0.0298438,-0.00114625
8.7630e-02,-0.0278125,-0.001055
8.7640e-02,-0.0309375,-0.000875313
8.7650e-02,-0.0265625,-0.000834688
8.7660e-02,-0.0292188,-0.000999063
8.7670e-02,-0.02625,-0.000539375
8.7680e-02,-0.0292188,-0.00120781
8.7690e-02,-0.0217188,-0.0016125
8.7700e-02,-0.0215625,-0.00130906
8.7710e-02,-0.0223437,-0.00148938
8.7720e-02,-0.03,-0.00135219
8.7730e-02,-0.0334375,-0.0011675
8.7740e-02,-0.0367188,-0.00087625
8.7750e-02,-0.0292188,-0.000819688
8.7760e-02,-0.0315625,-0.000982187
8.7770e-02,-0.0314062,-0.00104688
8.7780e-02,-0.0320312,-0.00127625
8.7790e-02,-0.0298438,-0.00107344
8.7800e-02,-0.0339062,-0.00110781
8.7810e-02,-0.0310937,-0.00143
8.7820e-02,-0.0267187,-0.000987188
8.7830e-02,-0.0271875,-0.00101469
8.7840e-02,-0.0210938,-0.00117031
8.7850e-02,-0.0378125,-0.00116625
8.7860e-02,-0.0353125,-0.00103812
8.7870e-02,-0.0325,-0.000827188
8.7880e-02,-0.0459375,-0.00112906
8.7890e-02,-0.0346875,-0.00139125
8.7900e-02,-0.025,-0.00125281
8.7910e-02,-0.02,-0.00131656
8.7920e-02,-0.039375,-0.00161406
8.7930e-02,-0.03375,-0.00139375
8.7940e-02,-0.0201563,-0.00117906
8.7950e-02,-0.02375,-0.0014025
8.7960e-02,-0.039375,-0.00152125
8.7970e-02,-0.0289063,-0.00129469
8.7980e-02,-0.0264062,-0.00107719
8.7990e-02,-0.0375,-0.00117469
8.8000e-02,-0.0289063,-0.00136781
8.8010e-02,-0.0451563,-0.000936563
8.8020e-02,-0.0351562,-0.00145906
8.8030e-02,-0.02375,-0.00154625
8.8040e-02,-0.04,-0.000966875
8.8050e-02,-0.0292188,-0.00124031
8.8060e-02,-0.0415625,-0.00127344
8.8070e-02,-0.033125,-0.00114906
8.8080e-02,-0.0284375,-0.00159531
8.8090e-02,-0.0359375,-0.00114063
8.8100e-02,-0.0357813,-0.000986875
8.8110e-02,-0.0351562,-0.00136469
8.8120e-02,-0.0321875,-0.00122406
8.8130e-02,-0.0364063,-0.000958125
8.8140e-02,-0.0226562,-0.00123625
8.8150e-02,-0.0360938,-0.00117281
8.8160e-02,-0.0326562,-0.00121063
8.8170e-02,-0.0320312,-0.000939063
8.8180e-02,-0.0165625,-0.00132813
8.8190e-02,-0.0435938,-0.000980313
8.8200e-02,-0.0279688,-0.00120563
8.8210e-02,-0.0325,-0.00150594
8.8220e-02,-0.0353125,-0.000775938
8.8230e-02,-0.0303125,-0.00105594
8.8240e-02,-0.03375,-0.00119469
8.8250e-02,-0.021875,-0.00122844
8.8260e-02,-0.021875,-0.0009875
8.8270e-02,-0.041875,-0.00143656
8.8280e-02,-0.0351562,-0.00151563
8.8290e-02,-0.04375,-0.00127813
8.8300e-02,-0.0278125,-0.00134094
8.8310e-02,-0.0326562,-0.000980625
8.8320e-02,-0.0385937,-0.0015525
8.8330e-02,-0.033125,-0.00147125
8.8340e-02,-0.0364063,-0.00138031
8.8350e-02,-0.03,-0.00170031
8.8360e-02,-0.0284375,-0.00133438
8.8370e-02,-0.0301563,-0.000986875
8.8380e-02,-0.0321875,-0.000971563
8.8390e-02,-0.0351562,-0.00110563
8.8400e-02,-0.0301563,-0.00120906
8.8410e-02,-0.02625,-0.000915313
8.8420e-02,-0.0173438,-0.000733125
8.8430e-02,-0.036875,-0.00085625
8.8440e-02,-0.0314062,-0.000924375
8.8450e-02,-0.0404687,-0.00124563
8.8460e-02,-0.0378125,-0.00101656
8.8470e-02,-0.031875,-0.00123031
8.8480e-02,-0.0265625,-0.000960625
8.8490e-02,-0.0292188,-0.00096
8.8500e-02,-0.040625,-0.000805
8.8510e-02,-0.0145312,-0.00108719
8.8520e-02,-0.0385937,-0.000899375
8.8530e-02,-0.0484375,-0.00127094
8.8540e-02,-0.0365625,-0.00157156
8.8550e-02,-0.0328125,-0.00122719
8.8560e-02,-0.02625,-0.000933438
8.8570e-02,-0.0321875,-0.00113875
8.8580e-02,-0.0454688,-0.00109656
8.8590e-02,-0.0296875,-0.000765313
8.8600e-02,-0.03875,-0.00136625
8.8610e-02,-0.0359375,-0.00110625
8.8620e-02,-0.0346875,-0.000784063
8.8630e-02,-0.0426562,-0.00120594
8.8640e-02,-0.0317188,-0.000907813
8.8650e-02,-0.0279688,-0.00140625
8.8660e-02,-0.0292188,-0.00103906
8.8670e-02,-0.039375,-0.00107594
8.8680e-02,-0.0370313,-0.00160125
8.8690e-02,-0.038125,-0.00108375
8.8700e-02,-0.0348437,-0.0011125
8.8710e-02,-0.0384375,-0.00122937
8.8720e-02,-0.04125,-0.00129281
8.8730e-02,-0.0317188,-0.00107063
8.8740e-02,-0.0273438,-0.00137281
8.8750e-02,-0.044375,-0.00079
8.8760e-02,-0.0464062,-0.00120531
8.8770e-02,-0.0273438,-0.00105469
8.8780e-02,-0.031875,-0.000941563
8.8790e-02,-0.0260937,-0.00108062
8.8800e-02,-0.0348437,-0.000853125
8.8810e-02,-0.0495312,-0.00126469
8.8820e-02,-0.04,-0.000940625
8.8830e-02,-0.0395313,-0.000773125
8.8840e-02,-0.024375,-0.00130469
8.8850e-02,-0.0335937,-0.00103625
8.8860e-02,-0.0426562,-0.00159531
8.8870e-02,-0.0209375,-0.001085
8.8880e-02,-0.0351562,-0.00137781
8.8890e-02,-0.0401563,-0.000931875
8.8900e-02,-0.0445313,-0.000930313
8.8910e-02,-0.0292188,-0.00152969
8.8920e-02,-0.0320312,-0.00128969
8.8930e-02,-0.0332812,-0.00114281
8.8940e-02,-0.0332812,-0.00142375
8.8950e-02,-0.0314062,-0.00123625
8.8960e-02,-0.0371875,-0.00132313
8.8970e-02,-0.02875,-0.001035
8.8980e-02,-0.02875,-0.00111875
8.8990e-02,-0.0417187,-0.00113781
8.9000e-02,-0.0489062,-0.000996563
8.9010e-02,-0.0395313,-0.00103563
8.9020e-02,-0.035625,-0.000906563
8.9030e-02,-0.0320312,-0.000933438
8.9040e-02,-0.0309375,-0.00125969
8.9050e-02,-0.0371875,-0.00148656
8.9060e-02,-0.030625,-0.00141813
8.9070e-02,-0.0373438,-0.00128188
8.9080e-02,-0.0523437,-0.00121125
8.9090e-02,-0.051875,-0.00125219
8.9100e-02,-0.0382813,-0.000859688
8.9110e-02,-0.0334375,-0.00126875
8.9120e-02,-0.0289063,-0.00130125
8.9130e-02,-0.0325,-0.0013775
8.9140e-02,-0.036875,-0.00117688
8.9150e-02,-0.03875,-0.00158781
8.9160e-02,-0.0395313,-0.00129656
8.9170e-02,-0.03125,-0.00115844
8.9180e-02,-0.0267187,-0.00123125
8.9190e-02,-0.0304688,-0.0014825
8.9200e-02,-0.03,-0.00123531
8.9210e-02,-0.0260937,-0.00108219
8.9220e-02,-0.0354688,-0.000819375
8.9230e-02,-0.034375,-0.00088125
8.9240e-02,-0.0285938,-0.00114969
8.9250e-02,-0.0396875,-0.00105094
8.9260e-02,-0.0420312,-0.000828438
8.9270e-02,-0.03125,-0.00100281
8.9280e-02,-0.04625,-0.001145
8.9290e-02,-0.0392187,-0.00096625
8.9300e-02,-0.0359375,-0.000696875
8.9310e-02,-0.0459375,-0.00074625
8.9320e-02,-0.0275,-0.00075
8.9330e-02,-0.0428125,-0.00111531
8.9340e-02,-0.020625,-0.000965625
8.9350e-02,-0.0298438,-0.0011375
8.9360e-02,-0.0426562,-0.00101844
8.9370e-02,-0.038125,-0.00121344
8.9380e-02,-0.0328125,-0.00080625
8.9390e-02,-0.0359375,-0.00071625
8.9400e-02,-0.0342187,-0.00122156
8.9410e-02,-0.028125,-0.00130563
8.9420e-02,-0.0407813,-0.00106719
8.9430e-02,-0.03,-0.00132344
8.9440e-02,-0.0296875,-0.00152906
8.9450e-02,-0.0251563,-0.00156281
8.9460e-02,-0.044375,-0.00136844
8.9470e-02,-0.0295313,-0.00147781
8.9480e-02,-0.0345312,-0.0015525
8.9490e-02,-0.036875,-0.00121688
8.9500e-02,-0.0370313,-0.00117688
8.9510e-02,-0.0178125,-0.00135844
8.9520e-02,-0.0371875,-0.00119969
8.9530e-02,-0.0420312,-0.00128
8.9540e-02,-0.030625,-0.00122375
8.9550e-02,-0.0360938,-0.00102781
8.9560e-02,-0.0403125,-0.001295
8.9570e-02,-0.0334375,-0.00116531
8.9580e-02,-0.0435938,-0.00110656
8.9590e-02,-0.044375,-0.000453125
8.9600e-02,-0.0379688,-0.00158031
8.9610e-02,-0.0459375,-0.00089
8.9620e-02,-0.0314062,-0.000989375
8.9630e-02,-0.0475,-0.00124906
8.9640e-02,-0.0389063,-0.00119125
8.9650e-02,-0.0342187,-0.0011075
8.9660e-02,-0.0415625,-0.00140688
8.9670e-02,-0.0295313,-0.001325
8.9680e-02,-0.0398437,-0.00117
8.9690e-02,-0.0410937,-0.00143844
8.9700e-02,-0.040625,-0.00107188
8.9710e-02,-0.0464062,-0.00100688
8.9720e-02,-0.041875,-0.000961875
8.9730e-02,-0.0382813,-0.000871875
8.9740e-02,-0.0404687,-0.00126438
8.9750e-02,-0.03125,-0.00102688
8.9760e-02,-0.0409375,-0.00074625

