Model,MDO4054-3
Firmware Version,2.20

Waveform Type,ANALOG,
Point Format,Y,
Horizontal Units,s,
Horizontal Scale,0.01,
Horizontal Delay,0.03977,
Sample Interval,1e-05,
Record Length,10000,
Gating,0.0% to 100.0%,
Probe Attenuation,1,
Vertical Units,V,
Vertical Offset,0,
Vertical Scale,1,
Vertical Position,0.02,
,,
,,
,,
Label,,
TIME,CH1,CH2
-1.0230e-02,-0.0545313,-0.00179906
-1.0220e-02,-0.0548437,-0.0016525
-1.0210e-02,-0.05375,-0.00101031
-1.0200e-02,-0.0589063,-0.0014025
-1.0190e-02,-0.0575,-0.00166531
-1.0180e-02,-0.0507812,-0.00145438
-1.0170e-02,-0.05875,-0.00139406
-1.0160e-02,-0.0526563,-0.00183125
-1.0150e-02,-0.0554687,-0.0017725
-1.0140e-02,-0.0523437,-0.00219063
-1.0130e-02,-0.0573437,-0.00166688
-1.0120e-02,-0.0473438,-0.00189125
-1.0110e-02,-0.0504687,-0.00192156
-1.0100e-02,-0.0565625,-0.00170219
-1.0090e-02,-0.0607812,-0.00207531
-1.0080e-02,-0.0554687,-0.00168469
-1.0070e-02,-0.069375,-0.00178125
-1.0060e-02,-0.0517188,-0.00194938
-1.0050e-02,-0.0595313,-0.00256813
-1.0040e-02,-0.0589063,-0.0020275
-1.0030e-02,-0.0514063,-0.00190281
-1.0020e-02,-0.0598438,-0.00144531
-1.0010e-02,-0.0520313,-0.00124344
-1.0000e-02,-0.064375,-0.00175344
-9.9900e-03,-0.0510938,-0.00142281
-9.9800e-03,-0.0573437,-0.0015925
-9.9700e-03,-0.0585938,-0.0012325
-9.9600e-03,-0.0440625,-0.00117781
-9.9500e-03,-0.0596875,-0.00167188
-9.9400e-03,-0.04125,-0.00183375
-9.9300e-03,-0.0532813,-0.00155
-9.9200e-03,-0.0525,-0.00182438
-9.9100e-03,-0.0548437,-0.00173344
-9.9000e-03,-0.044375,-0.00173375
-9.8900e-03,-0.0490625,-0.00227125
-9.8800e-03,-0.049375,-0.001445
-9.8700e-03,-0.048125,-0.00210188
-9.8600e-03,-0.0521875,-0.00183906
-9.8500e-03,-0.0582813,-0.00159813
-9.8400e-03,-0.049375,-0.00178656
-9.8300e-03,-0.0529687,-0.00141281
-9.8200e-03,-0.0546875,-0.00152656
-9.8100e-03,-0.0665625,-0.00156969
-9.8000e-03,-0.0529687,-0.0012875
-9.7900e-03,-0.043125,-0.00171344
-9.7800e-03,-0.0479688,-0.00125313
-9.7700e-03,-0.0571875,-0.00172656
-9.7600e-03,-0.055,-0.00188875
-9.7500e-03,-0.0596875,-0.00126563
-9.7400e-03,-0.054375,-0.00159094
-9.7300e-03,-0.0539063,-0.00195594
-9.7200e-03,-0.0584375,-0.00175125
-9.7100e-03,-0.0567187,-0.0019475
-9.7000e-03,-0.0576563,-0.00187156
-9.6900e-03,-0.048125,-0.00182781
-9.6800e-03,-0.0582813,-0.00195875
-9.6700e-03,-0.0490625,-0.001725
-9.6600e-03,-0.0498438,-0.00237313
-9.6500e-03,-0.0546875,-0.00150375
-9.6400e-03,-0.065,-0.00191094
-9.6300e-03,-0.05,-0.00131813
-9.6200e-03,-0.048125,-0.00185063
-9.6100e-03,-0.0645312,-0.00135594
-9.6000e-03,-0.0464062,-0.000831563
-9.5900e-03,-0.0510938,-0.00151406
-9.5800e-03,-0.0528125,-0.00141
-9.5700e-03,-0.0554687,-0.0013175
-9.5600e-03,-0.0651562,-0.00169219
-9.5500e-03,-0.0570313,-0.00140156
-9.5400e-03,-0.0482812,-0.00202969
-9.5300e-03,-0.0496875,-0.00167156
-9.5200e-03,-0.0484375,-0.00164156
-9.5100e-03,-0.0560937,-0.00166938
-9.5000e-03,-0.0479688,-0.00157313
-9.4900e-03,-0.0595313,-0.00122906
-9.4800e-03,-0.0578125,-0.00148906
-9.4700e-03,-0.0554687,-0.00196719
-9.4600e-03,-0.055,-0.0020675
-9.4500e-03,-0.05375,-0.00169094
-9.4400e-03,-0.0535937,-0.00184625
-9.4300e-03,-0.0489062,-0.00215313
-9.4200e-03,-0.0642188,-0.0014675
-9.4100e-03,-0.0520313,-0.00215344
-9.4000e-03,-0.0523437,-0.00136875
-9.3900e-03,-0.0529687,-0.00208688
-9.3800e-03,-0.05125,-0.00180375
-9.3700e-03,-0.0567187,-0.00161781
-9.3600e-03,-0.0548437,-0.001755
-9.3500e-03,-0.0482812,-0.00197906
-9.3400e-03,-0.0546875,-0.00167969
-9.3300e-03,-0.0615625,-0.00203906
-9.3200e-03,-0.054375,-0.00174219
-9.3100e-03,-0.0495312,-0.00175375
-9.3000e-03,-0.0415625,-0.00128531
-9.2900e-03,-0.0532813,-0.00194063
-9.2800e-03,-0.0520313,-0.0009925
-9.2700e-03,-0.0554687,-0.00195188
-9.2600e-03,-0.0475,-0.00115469
-9.2500e-03,-0.059375,-0.00180781
-9.2400e-03,-0.0426562,-0.00165313
-9.2300e-03,-0.061875,-0.00197344
-9.2200e-03,-0.0557813,-0.00168063
-9.2100e-03,-0.0478125,-0.00218063
-9.2000e-03,-0.0485938,-0.00157281
-9.1900e-03,-0.0532813,-0.00176625
-9.1800e-03,-0.0565625,-0.00163
-9.1700e-03,-0.0535937,-0.00128406
-9.1600e-03,-0.0457813,-0.00170031
-9.1500e-03,-0.0620312,-0.00161
-9.1400e-03,-0.0490625,-0.00211688
-9.1300e-03,-0.0495312,-0.00121125
-9.1200e-03,-0.0596875,-0.00153
-9.1100e-03,-0.0407813,-0.00157438
-9.1000e-03,-0.0503125,-0.00193938
-9.0900e-03,-0.055625,-0.00152094
-9.0800e-03,-0.0560937,-0.0018475
-9.0700e-03,-0.0528125,-0.00170375
-9.0600e-03,-0.05125,-0.00156344
-9.0500e-03,-0.043125,-0.00127438
-9.0400e-03,-0.0534375,-0.00176156
-9.0300e-03,-0.0535937,-0.00147656
-9.0200e-03,-0.0570313,-0.002375
-9.0100e-03,-0.0648438,-0.001465
-9.0000e-03,-0.0545313,-0.00212063
-8.9900e-03,-0.0525,-0.00216813
-8.9800e-03,-0.0490625,-0.00199563
-8.9700e-03,-0.0467188,-0.00165
-8.9600e-03,-0.0435938,-0.00176031
-8.9500e-03,-0.0470312,-0.00179031
-8.9400e-03,-0.0465625,-0.00168563
-8.9300e-03,-0.0571875,-0.00191438
-8.9200e-03,-0.0492188,-0.00148563
-8.9100e-03,-0.05375,-0.00125
-8.9000e-03,-0.0595313,-0.00136313
-8.8900e-03,-0.0601562,-0.00171406
-8.8800e-03,-0.0510938,-0.00140125
-8.8700e-03,-0.058125,-0.00187688
-8.8600e-03,-0.0496875,-0.00140875
-8.8500e-03,-0.0498438,-0.00180906
-8.8400e-03,-0.0453125,-0.00164656
-8.8300e-03,-0.04375,-0.00186406
-8.8200e-03,-0.0601562,-0.00199406
-8.8100e-03,-0.0607812,-0.00192438
-8.8000e-03,-0.0528125,-0.00162344
-8.7900e-03,-0.0571875,-0.00190094
-8.7800e-03,-0.0571875,-0.00192313
-8.7700e-03,-0.0478125,-0.00189469
-8.7600e-03,-0.0528125,-0.00211063
-8.7500e-03,-0.0596875,-0.00200031
-8.7400e-03,-0.0603125,-0.00167375
-8.7300e-03,-0.0573437,-0.00165438
-8.7200e-03,-0.0545313,-0.00110563
-8.7100e-03,-0.0545313,-0.00197875
-8.7000e-03,-0.056875,-0.00204156
-8.6900e-03,-0.056875,-0.00209938
-8.6800e-03,-0.0634375,-0.00179969
-8.6700e-03,-0.0470312,-0.00184906
-8.6600e-03,-0.0575,-0.0014725
-8.6500e-03,-0.0448438,-0.00180313
-8.6400e-03,-0.0514063,-0.00168719
-8.6300e-03,-0.0521875,-0.00172906
-8.6200e-03,-0.0607812,-0.00129875
-8.6100e-03,-0.0448438,-0.001435
-8.6000e-03,-0.045625,-0.00136031
-8.5900e-03,-0.0629688,-0.00167938
-8.5800e-03,-0.0571875,-0.00145344
-8.5700e-03,-0.0490625,-0.00126469
-8.5600e-03,-0.0454688,-0.00150844
-8.5500e-03,-0.04,-0.00171438
-8.5400e-03,-0.0460938,-0.00137156
-8.5300e-03,-0.0548437,-0.00144813
-8.5200e-03,-0.0654688,-0.00170406
-8.5100e-03,-0.0571875,-0.00160469
-8.5000e-03,-0.0509375,-0.00229125
-8.4900e-03,-0.04625,-0.00201344
-8.4800e-03,-0.0592188,-0.00146906
-8.4700e-03,-0.0590625,-0.00159531
-8.4600e-03,-0.041875,-0.0019025
-8.4500e-03,-0.0485938,-0.00184438
-8.4400e-03,-0.06,-0.00173
-8.4300e-03,-0.0501562,-0.00179094
-8.4200e-03,-0.0507812,-0.00155406
-8.4100e-03,-0.0442188,-0.00131219
-8.4000e-03,-0.0610938,-0.00171281
-8.3900e-03,-0.0485938,-0.00137219
-8.3800e-03,-0.0626562,-0.0016525
-8.3700e-03,-0.0579687,-0.00176031
-8.3600e-03,-0.0589063,-0.00165906
-8.3500e-03,-0.0496875,-0.00204406
-8.3400e-03,-0.0542187,-0.00124094
-8.3300e-03,-0.0529687,-0.00162594
-8.3200e-03,-0.0526563,-0.00162
-8.3100e-03,-0.0476562,-0.00155781
-8.3000e-03,-0.05625,-0.00187438
-8.2900e-03,-0.0642188,-0.00207281
-8.2800e-03,-0.0457813,-0.001905
-8.2700e-03,-0.048125,-0.00199219
-8.2600e-03,-0.051875,-0.00111438
-8.2500e-03,-0.051875,-0.00177469
-8.2400e-03,-0.0510938,-0.00185563
-8.2300e-03,-0.06,-0.0016675
-8.2200e-03,-0.0489062,-0.00111
-8.2100e-03,-0.0539063,-0.00174781
-8.2000e-03,-0.06375,-0.00183656
-8.1900e-03,-0.0498438,-0.00186938
-8.1800e-03,-0.0551563,-0.00154844
-8.1700e-03,-0.0484375,-0.00161969
-8.1600e-03,-0.0517188,-0.00163719
-8.1500e-03,-0.0473438,-0.001605
-8.1400e-03,-0.0471875,-0.00166781
-8.1300e-03,-0.0539063,-0.00152781
-8.1200e-03,-0.0507812,-0.00162531
-8.1100e-03,-0.0565625,-0.00183531
-8.1000e-03,-0.0603125,-0.001515
-8.0900e-03,-0.0473438,-0.00161813
-8.0800e-03,-0.04625,-0.00180281
-8.0700e-03,-0.05875,-0.00152125
-8.0600e-03,-0.0342187,-0.00150719
-8.0500e-03,-0.0478125,-0.00188313
-8.0400e-03,-0.0425,-0.00193563
-8.0300e-03,-0.0434375,-0.00139969
-8.0200e-03,-0.0492188,-0.0023725
-8.0100e-03,-0.0659375,-0.00129688
-8.0000e-03,-0.05875,-0.0014175
-7.9900e-03,-0.0453125,-0.00148844
-7.9800e-03,-0.0529687,-0.00183719
-7.9700e-03,-0.0501562,-0.0014175
-7.9600e-03,-0.0532813,-0.00182969
-7.9500e-03,-0.0470312,-0.00169531
-7.9400e-03,-0.0609375,-0.00137938
-7.9300e-03,-0.064375,-0.00158594
-7.9200e-03,-0.04375,-0.00176063
-7.9100e-03,-0.05375,-0.00129406
-7.9000e-03,-0.0532813,-0.00186469
-7.8900e-03,-0.04625,-0.00199375
-7.8800e-03,-0.0514063,-0.00196375
-7.8700e-03,-0.0567187,-0.00197875
-7.8600e-03,-0.0653125,-0.001875
-7.8500e-03,-0.0465625,-0.00174281
-7.8400e-03,-0.0554687,-0.00144531
-7.8300e-03,-0.0579687,-0.00212688
-7.8200e-03,-0.0442188,-0.00140844
-7.8100e-03,-0.0534375,-0.00205781
-7.8000e-03,-0.0570313,-0.00190031
-7.7900e-03,-0.0496875,-0.00198906
-7.7800e-03,-0.0529687,-0.00167625
-7.7700e-03,-0.0528125,-0.00172938
-7.7600e-03,-0.0546875,-0.00168281
-7.7500e-03,-0.0498438,-0.00206
-7.7400e-03,-0.0546875,-0.00154281
-7.7300e-03,-0.049375,-0.00217281
-7.7200e-03,-0.0567187,-0.00204219
-7.7100e-03,-0.0579687,-0.00184938
-7.7000e-03,-0.05375,-0.00128969
-7.6900e-03,-0.0646875,-0.00156813
-7.6800e-03,-0.0504687,-0.00164063
-7.6700e-03,-0.0434375,-0.00229219
-7.6600e-03,-0.0601562,-0.00153188
-7.6500e-03,-0.044375,-0.00183469
-7.6400e-03,-0.0551563,-0.00146906
-7.6300e-03,-0.0592188,-0.001515
-7.6200e-03,-0.0504687,-0.00140125
-7.6100e-03,-0.0515625,-0.00144688
-7.6000e-03,-0.0576563,-0.00170469
-7.5900e-03,-0.05375,-0.00112688
-7.5800e-03,-0.06125,-0.00180375
-7.5700e-03,-0.0485938,-0.00173281
-7.5600e-03,-0.055,-0.00174938
-7.5500e-03,-0.0484375,-0.00213719
-7.5400e-03,-0.053125,-0.0020525
-7.5300e-03,-0.0532813,-0.00202
-7.5200e-03,-0.0573437,-0.00226344
-7.5100e-03,-0.05375,-0.00138875
-7.5000e-03,-0.0667188,-0.00222031
-7.4900e-03,-0.0471875,-0.00158969
-7.4800e-03,-0.0521875,-0.00196344
-7.4700e-03,-0.055625,-0.00180781
-7.4600e-03,-0.0576563,-0.00176969
-7.4500e-03,-0.0559375,-0.00178031
-7.4400e-03,-0.0610938,-0.00201875
-7.4300e-03,-0.0628125,-0.00132438
-7.4200e-03,-0.0421875,-0.00223438
-7.4100e-03,-0.056875,-0.00199719
-7.4000e-03,-0.065625,-0.00158
-7.3900e-03,-0.0578125,-0.00111469
-7.3800e-03,-0.0375,-0.00123281
-7.3700e-03,-0.053125,-0.00132344
-7.3600e-03,-0.0560937,-0.00148313
-7.3500e-03,-0.0539063,-0.001345
-7.3400e-03,-0.0529687,-0.001585
-7.3300e-03,-0.0579687,-0.00150375
-7.3200e-03,-0.0557813,-0.00147594
-7.3100e-03,-0.0429688,-0.0012325
-7.3000e-03,-0.0490625,-0.00182719
-7.2900e-03,-0.0626562,-0.00199344
-7.2800e-03,-0.041875,-0.00169781
-7.2700e-03,-0.0529687,-0.00209781
-7.2600e-03,-0.0526563,-0.00188531
-7.2500e-03,-0.0459375,-0.00187188
-7.2400e-03,-0.0523437,-0.00134344
-7.2300e-03,-0.0492188,-0.00165875
-7.2200e-03,-0.055625,-0.00186625
-7.2100e-03,-0.0559375,-0.00102844
-7.2000e-03,-0.0592188,-0.00149
-7.1900e-03,-0.055625,-0.0015975
-7.1800e-03,-0.0590625,-0.000985
-7.1700e-03,-0.0501562,-0.00104656
-7.1600e-03,-0.0484375,-0.0020675
-7.1500e-03,-0.055,-0.00158156
-7.1400e-03,-0.0479688,-0.00204969
-7.1300e-03,-0.0575,-0.00137969
-7.1200e-03,-0.045625,-0.00230875
-7.1100e-03,-0.0376563,-0.00168531
-7.1000e-03,-0.0560937,-0.00173219
-7.0900e-03,-0.059375,-0.00122094
-7.0800e-03,-0.0545313,-0.00151406
-7.0700e-03,-0.0529687,-0.00211719
-7.0600e-03,-0.0598438,-0.00232594
-7.0500e-03,-0.0360938,-0.0011625
-7.0400e-03,-0.0484375,-0.00149031
-7.0300e-03,-0.0603125,-0.00139125
-7.0200e-03,-0.0470312,-0.00188406
-7.0100e-03,-0.0478125,-0.00184094
-7.0000e-03,-0.0535937,-0.00164719
-6.9900e-03,-0.053125,-0.00177938
-6.9800e-03,-0.0479688,-0.00185563
-6.9700e-03,-0.0517188,-0.0015925
-6.9600e-03,-0.045625,-0.00192906
-6.9500e-03,-0.0539063,-0.00182875
-6.9400e-03,-0.0428125,-0.00123844
-6.9300e-03,-0.0448438,-0.00204
-6.9200e-03,-0.0529687,-0.00158563
-6.9100e-03,-0.0521875,-0.00198688
-6.9000e-03,-0.0429688,-0.00144094
-6.8900e-03,-0.0592188,-0.00156125
-6.8800e-03,-0.0476562,-0.00121031
-6.8700e-03,-0.0517188,-0.00183719
-6.8600e-03,-0.0382813,-0.00163438
-6.8500e-03,-0.0454688,-0.00145
-6.8400e-03,-0.0546875,-0.00108594
-6.8300e-03,-0.0565625,-0.0013925
-6.8200e-03,-0.056875,-0.00155031
-6.8100e-03,-0.0582813,-0.00202906
-6.8000e-03,-0.0648438,-0.00171406
-6.7900e-03,-0.0515625,-0.00154875
-6.7800e-03,-0.0546875,-0.00189813
-6.7700e-03,-0.0621875,-0.00168719
-6.7600e-03,-0.050625,-0.00148563
-6.7500e-03,-0.0482812,-0.00140438
-6.7400e-03,-0.054375,-0.00126531
-6.7300e-03,-0.055625,-0.00144375
-6.7200e-03,-0.055,-0.00129438
-6.7100e-03,-0.051875,-0.001945
-6.7000e-03,-0.0517188,-0.00189656
-6.6900e-03,-0.0660938,-0.00166594
-6.6800e-03,-0.0551563,-0.00191188
-6.6700e-03,-0.0509375,-0.00182219
-6.6600e-03,-0.0509375,-0.00162031
-6.6500e-03,-0.0470312,-0.00148938
-6.6400e-03,-0.0489062,-0.00140969
-6.6300e-03,-0.0565625,-0.00135375
-6.6200e-03,-0.053125,-0.00187875
-6.6100e-03,-0.0545313,-0.00155969
-6.6000e-03,-0.0620312,-0.00165656
-6.5900e-03,-0.0509375,-0.00204063
-6.5800e-03,-0.0479688,-0.00157125
-6.5700e-03,-0.0620312,-0.00155844
-6.5600e-03,-0.0435938,-0.00147031
-6.5500e-03,-0.0648438,-0.00177
-6.5400e-03,-0.0503125,-0.00191594
-6.5300e-03,-0.0553125,-0.00269719
-6.5200e-03,-0.0548437,-0.00149813
-6.5100e-03,-0.060625,-0.00221906
-6.5000e-03,-0.0585938,-0.00182375
-6.4900e-03,-0.0604688,-0.00130063
-6.4800e-03,-0.0539063,-0.00135063
-6.4700e-03,-0.0521875,-0.00186625
-6.4600e-03,-0.0501562,-0.0019975
-6.4500e-03,-0.050625,-0.00186281
-6.4400e-03,-0.0498438,-0.00180156
-6.4300e-03,-0.0492188,-0.00142781
-6.4200e-03,-0.0515625,-0.00167094
-6.4100e-03,-0.055625,-0.00166
-6.4000e-03,-0.0645312,-0.00179125
-6.3900e-03,-0.0603125,-0.00187563
-6.3800e-03,-0.045,-0.00174438
-6.3700e-03,-0.0478125,-0.00175
-6.3600e-03,-0.059375,-0.00141844
-6.3500e-03,-0.0629688,-0.00179219
-6.3400e-03,-0.05625,-0.00156281
-6.3300e-03,-0.0367188,-0.00164344
-6.3200e-03,-0.05875,-0.00176906
-6.3100e-03,-0.0598438,-0.00166063
-6.3000e-03,-0.0534375,-0.00214625
-6.2900e-03,-0.0454688,-0.00171781
-6.2800e-03,-0.0496875,-0.00152375
-6.2700e-03,-0.05375,-0.00204719
-6.2600e-03,-0.0526563,-0.00174125
-6.2500e-03,-0.0539063,-0.00162531
-6.2400e-03,-0.0570313,-0.0019575
-6.2300e-03,-0.05375,-0.00112031
-6.2200e-03,-0.0423437,-0.00138031
-6.2100e-03,-0.056875,-0.00184063
-6.2000e-03,-0.043125,-0.00168875
-6.1900e-03,-0.055,-0.00129813
-6.1800e-03,-0.060625,-0.0021525
-6.1700e-03,-0.0510938,-0.00170938
-6.1600e-03,-0.0496875,-0.00187344
-6.1500e-03,-0.0507812,-0.00158656
-6.1400e-03,-0.060625,-0.00191688
-6.1300e-03,-0.0451563,-0.00206719
-6.1200e-03,-0.054375,-0.00203531
-6.1100e-03,-0.0359375,-0.00152906
-6.1000e-03,-0.0515625,-0.00118687
-6.0900e-03,-0.0510938,-0.00224156
-6.0800e-03,-0.0548437,-0.00157844
-6.0700e-03,-0.0590625,-0.0024425
-6.0600e-03,-0.05375,-0.00191531
-6.0500e-03,-0.0473438,-0.00254219
-6.0400e-03,-0.0540625,-0.00190125
-6.0300e-03,-0.0589063,-0.0019125
-6.0200e-03,-0.05625,-0.00177688
-6.0100e-03,-0.0589063,-0.00158938
-6.0000e-03,-0.060625,-0.00134281
-5.9900e-03,-0.0503125,-0.00162938
-5.9800e-03,-0.0473438,-0.0012675
-5.9700e-03,-0.05625,-0.00122313
-5.9600e-03,-0.04875,-0.00183094
-5.9500e-03,-0.055625,-0.00119844
-5.9400e-03,-0.0596875,-0.0018825
-5.9300e-03,-0.0464062,-0.00136281
-5.9200e-03,-0.0564063,-0.00215625
-5.9100e-03,-0.0540625,-0.00146875
-5.9000e-03,-0.0445313,-0.00169688
-5.8900e-03,-0.040625,-0.00121313
-5.8800e-03,-0.0607812,-0.00223625
-5.8700e-03,-0.0525,-0.00111031
-5.8600e-03,-0.0478125,-0.00175531
-5.8500e-03,-0.051875,-0.00184094
-5.8400e-03,-0.053125,-0.0011925
-5.8300e-03,-0.0460938,-0.00205188
-5.8200e-03,-0.0548437,-0.00153219
-5.8100e-03,-0.0489062,-0.00168219
-5.8000e-03,-0.0596875,-0.00120281
-5.7900e-03,-0.0578125,-0.00193813
-5.7800e-03,-0.0442188,-0.00138
-5.7700e-03,-0.0545313,-0.00260906
-5.7600e-03,-0.065,-0.00170656
-5.7500e-03,-0.0517188,-0.00228906
-5.7400e-03,-0.0523437,-0.00141
-5.7300e-03,-0.0420312,-0.00191125
-5.7200e-03,-0.0578125,-0.00170719
-5.7100e-03,-0.054375,-0.00138125
-5.7000e-03,-0.0584375,-0.00167906
-5.6900e-03,-0.0520313,-0.00175594
-5.6800e-03,-0.04875,-0.00161281
-5.6700e-03,-0.0576563,-0.00179156
-5.6600e-03,-0.0509375,-0.00172469
-5.6500e-03,-0.058125,-0.00121156
-5.6400e-03,-0.048125,-0.002195
-5.6300e-03,-0.055,-0.00173344
-5.6200e-03,-0.0504687,-0.00186594
-5.6100e-03,-0.0546875,-0.00097
-5.6000e-03,-0.0540625,-0.00164781
-5.5900e-03,-0.0489062,-0.00140906
-5.5800e-03,-0.053125,-0.00183219
-5.5700e-03,-0.058125,-0.00201313
-5.5600e-03,-0.0484375,-0.00205688
-5.5500e-03,-0.0465625,-0.00206906
-5.5400e-03,-0.051875,-0.00182781
-5.5300e-03,-0.0435938,-0.00225031
-5.5200e-03,-0.050625,-0.00173469
-5.5100e-03,-0.05125,-0.00180156
-5.5000e-03,-0.055625,-0.00181531
-5.4900e-03,-0.0542187,-0.00207938
-5.4800e-03,-0.0726563,-0.00129531
-5.4700e-03,-0.0485938,-0.00171563
-5.4600e-03,-0.0535937,-0.0015325
-5.4500e-03,-0.0540625,-0.00175219
-5.4400e-03,-0.0620312,-0.00153813
-5.4300e-03,-0.0478125,-0.00237719
-5.4200e-03,-0.0578125,-0.00127719
-5.4100e-03,-0.0559375,-0.00221625
-5.4000e-03,-0.0534375,-0.00165156
-5.3900e-03,-0.0520313,-0.00173938
-5.3800e-03,-0.0590625,-0.00137844
-5.3700e-03,-0.0575,-0.00195188
-5.3600e-03,-0.0498438,-0.001245
-5.3500e-03,-0.0539063,-0.00128063
-5.3400e-03,-0.0464062,-0.00107844
-5.3300e-03,-0.060625,-0.00118875
-5.3200e-03,-0.045625,-0.00150844
-5.3100e-03,-0.056875,-0.00142719
-5.3000e-03,-0.0507812,-0.00189125
-5.2900e-03,-0.064375,-0.00161125
-5.2800e-03,-0.0489062,-0.00143094
-5.2700e-03,-0.05,-0.00230188
-5.2600e-03,-0.05625,-0.0019775
-5.2500e-03,-0.0448438,-0.00137313
-5.2400e-03,-0.054375,-0.00144531
-5.2300e-03,-0.0564063,-0.00128219
-5.2200e-03,-0.060625,-0.00159031
-5.2100e-03,-0.0551563,-0.00137313
-5.2000e-03,-0.056875,-0.00183344
-5.1900e-03,-0.0425,-0.00195406
-5.1800e-03,-0.0451563,-0.00197875
-5.1700e-03,-0.0546875,-0.00188688
-5.1600e-03,-0.044375,-0.00158844
-5.1500e-03,-0.0565625,-0.0016325
-5.1400e-03,-0.0517188,-0.00189063
-5.1300e-03,-0.0607812,-0.00105313
-5.1200e-03,-0.0398437,-0.00197594
-5.1100e-03,-0.055,-0.00161875
-5.1000e-03,-0.0607812,-0.00217406
-5.0900e-03,-0.0515625,-0.00154094
-5.0800e-03,-0.0439063,-0.00161469
-5.0700e-03,-0.0476562,-0.00183719
-5.0600e-03,-0.066875,-0.00179406
-5.0500e-03,-0.0464062,-0.00182156
-5.0400e-03,-0.0459375,-0.00143
-5.0300e-03,-0.050625,-0.00211
-5.0200e-03,-0.0507812,-0.00204063
-5.0100e-03,-0.041875,-0.00202125
-5.0000e-03,-0.0592188,-0.00179969
-4.9900e-03,-0.0515625,-0.0019225
-4.9800e-03,-0.0703125,-0.00175
-4.9700e-03,-0.0495312,-0.0017975
-4.9600e-03,-0.05625,-0.00121969
-4.9500e-03,-0.05625,-0.00200875
-4.9400e-03,-0.0642188,-0.00127219
-4.9300e-03,-0.0428125,-0.00142531
-4.9200e-03,-0.0609375,-0.00124594
-4.9100e-03,-0.0570313,-0.00207781
-4.9000e-03,-0.0426562,-0.00163875
-4.8900e-03,-0.0495312,-0.001845
-4.8800e-03,-0.0479688,-0.00203219
-4.8700e-03,-0.0501562,-0.00144688
-4.8600e-03,-0.0548437,-0.00191625
-4.8500e-03,-0.0585938,-0.00141281
-4.8400e-03,-0.053125,-0.00148844
-4.8300e-03,-0.0560937,-0.00127656
-4.8200e-03,-0.0565625,-0.00183063
-4.8100e-03,-0.053125,-0.00156625
-4.8000e-03,-0.055,-0.00132938
-4.7900e-03,-0.0482812,-0.00143844
-4.7800e-03,-0.0510938,-0.0014675
-4.7700e-03,-0.0517188,-0.00141594
-4.7600e-03,-0.0623438,-0.00131469
-4.7500e-03,-0.0660938,-0.001605
-4.7400e-03,-0.0521875,-0.00168406
-4.7300e-03,-0.0657812,-0.00175563
-4.7200e-03,-0.05375,-0.00106719
-4.7100e-03,-0.0434375,-0.00186281
-4.7000e-03,-0.065625,-0.00118687
-4.6900e-03,-0.0570313,-0.00182594
-4.6800e-03,-0.0610938,-0.00173656
-4.6700e-03,-0.056875,-0.002245
-4.6600e-03,-0.0585938,-0.00119563
-4.6500e-03,-0.0590625,-0.002185
-4.6400e-03,-0.0517188,-0.00113125
-4.6300e-03,-0.055,-0.00219531
-4.6200e-03,-0.0567187,-0.00148094
-4.6100e-03,-0.0576563,-0.00151406
-4.6000e-03,-0.0523437,-0.00138875
-4.5900e-03,-0.053125,-0.00189781
-4.5800e-03,-0.0542187,-0.00204313
-4.5700e-03,-0.0548437,-0.00183844
-4.5600e-03,-0.0492188,-0.00128594
-4.5500e-03,-0.0521875,-0.00181375
-4.5400e-03,-0.05,-0.00131625
-4.5300e-03,-0.055,-0.00182156
-4.5200e-03,-0.0432813,-0.00206062
-4.5100e-03,-0.0473438,-0.00123906
-4.5000e-03,-0.0529687,-0.00190313
-4.4900e-03,-0.0546875,-0.00131594
-4.4800e-03,-0.05125,-0.00146219
-4.4700e-03,-0.049375,-0.00167813
-4.4600e-03,-0.0540625,-0.00154594
-4.4500e-03,-0.0532813,-0.00166156
-4.4400e-03,-0.0401563,-0.00173531
-4.4300e-03,-0.0582813,-0.00176969
-4.4200e-03,-0.0603125,-0.00172938
-4.4100e-03,-0.0604688,-0.00174375
-4.4000e-03,-0.0592188,-0.00178563
-4.3900e-03,-0.0507812,-0.0022075
-4.3800e-03,-0.0585938,-0.00182125
-4.3700e-03,-0.053125,-0.00176375
-4.3600e-03,-0.0529687,-0.00131594
-4.3500e-03,-0.0639062,-0.00116656
-4.3400e-03,-0.0510938,-0.000985938
-4.3300e-03,-0.0359375,-0.00165625
-4.3200e-03,-0.0475,-0.00174563
-4.3100e-03,-0.0523437,-0.00174781
-4.3000e-03,-0.0625,-0.00147375
-4.2900e-03,-0.0589063,-0.00163406
-4.2800e-03,-0.0592188,-0.00185563
-4.2700e-03,-0.0425,-0.00188375
-4.2600e-03,-0.056875,-0.00167969
-4.2500e-03,-0.04375,-0.00174906
-4.2400e-03,-0.0490625,-0.00176031
-4.2300e-03,-0.0578125,-0.0016375
-4.2200e-03,-0.0496875,-0.00147938
-4.2100e-03,-0.058125,-0.00133063
-4.2000e-03,-0.054375,-0.00119969
-4.1900e-03,-0.0514063,-0.00146656
-4.1800e-03,-0.0576563,-0.00162281
-4.1700e-03,-0.0514063,-0.00161938
-4.1600e-03,-0.0521875,-0.00179406
-4.1500e-03,-0.0585938,-0.00162313
-4.1400e-03,-0.059375,-0.0015125
-4.1300e-03,-0.0459375,-0.001985
-4.1200e-03,-0.0428125,-0.00202719
-4.1100e-03,-0.0551563,-0.00188719
-4.1000e-03,-0.0553125,-0.00137719
-4.0900e-03,-0.0598438,-0.00205844
-4.0800e-03,-0.0485938,-0.00159813
-4.0700e-03,-0.0453125,-0.00165125
-4.0600e-03,-0.0557813,-0.00144906
-4.0500e-03,-0.0401563,-0.00184219
-4.0400e-03,-0.049375,-0.00191906
-4.0300e-03,-0.05625,-0.00123125
-4.0200e-03,-0.0542187,-0.00136563
-4.0100e-03,-0.0478125,-0.00166
-4.0000e-03,-0.0496875,-0.0016775
-3.9900e-03,-0.0473438,-0.00115938
-3.9800e-03,-0.0489062,-0.00104625
-3.9700e-03,-0.0420312,-0.00160406
-3.9600e-03,-0.0442188,-0.0014
-3.9500e-03,-0.0565625,-0.00189813
-3.9400e-03,-0.0590625,-0.00203094
-3.9300e-03,-0.048125,-0.00190469
-3.9200e-03,-0.0485938,-0.00221313
-3.9100e-03,-0.0582813,-0.00183531
-3.9000e-03,-0.0592188,-0.00174188
-3.8900e-03,-0.0442188,-0.00169969
-3.8800e-03,-0.050625,-0.00193219
-3.8700e-03,-0.0610938,-0.00131594
-3.8600e-03,-0.0435938,-0.00162188
-3.8500e-03,-0.0546875,-0.00178438
-3.8400e-03,-0.0476562,-0.00144719
-3.8300e-03,-0.0495312,-0.00197531
-3.8200e-03,-0.05125,-0.00180281
-3.8100e-03,-0.0559375,-0.00130313
-3.8000e-03,-0.063125,-0.00177406
-3.7900e-03,-0.0432813,-0.00183969
-3.7800e-03,-0.049375,-0.00118719
-3.7700e-03,-0.06,-0.00167531
-3.7600e-03,-0.050625,-0.00140281
-3.7500e-03,-0.0465625,-0.00140875
-3.7400e-03,-0.0446875,-0.00159906
-3.7300e-03,-0.066875,-0.00193719
-3.7200e-03,-0.0585938,-0.00128938
-3.7100e-03,-0.0632812,-0.00173125
-3.7000e-03,-0.043125,-0.001805
-3.6900e-03,-0.0564063,-0.00212437
-3.6800e-03,-0.0507812,-0.00192938
-3.6700e-03,-0.0628125,-0.00153594
-3.6600e-03,-0.0440625,-0.00188875
-3.6500e-03,-0.0545313,-0.00171875
-3.6400e-03,-0.053125,-0.00177656
-3.6300e-03,-0.0540625,-0.00126656
-3.6200e-03,-0.0576563,-0.00154281
-3.6100e-03,-0.0523437,-0.00180063
-3.6000e-03,-0.0457813,-0.00180406
-3.5900e-03,-0.0554687,-0.00128969
-3.5800e-03,-0.0551563,-0.00141406
-3.5700e-03,-0.049375,-0.00142375
-3.5600e-03,-0.0514063,-0.00160813
-3.5500e-03,-0.0464062,-0.00187219
-3.5400e-03,-0.0539063,-0.00169344
-3.5300e-03,-0.055625,-0.00173438
-3.5200e-03,-0.0626562,-0.00201906
-3.5100e-03,-0.0496875,-0.0014625
-3.5000e-03,-0.0521875,-0.00197813
-3.4900e-03,-0.0579687,-0.00186063
-3.4800e-03,-0.0582813,-0.00206594
-3.4700e-03,-0.060625,-0.00212156
-3.4600e-03,-0.0589063,-0.0018325
-3.4500e-03,-0.0575,-0.00246906
-3.4400e-03,-0.0573437,-0.00197344
-3.4300e-03,-0.0515625,-0.00168813
-3.4200e-03,-0.0504687,-0.00192313
-3.4100e-03,-0.0448438,-0.00180781
-3.4000e-03,-0.054375,-0.00182844
-3.3900e-03,-0.0515625,-0.00174938
-3.3800e-03,-0.048125,-0.00154406
-3.3700e-03,-0.0478125,-0.00164094
-3.3600e-03,-0.0540625,-0.00206406
-3.3500e-03,-0.0523437,-0.00171188
-3.3400e-03,-0.0525,-0.00143156
-3.3300e-03,-0.0478125,-0.0015725
-3.3200e-03,-0.0434375,-0.00109813
-3.3100e-03,-0.0520313,-0.00186875
-3.3000e-03,-0.0532813,-0.00176688
-3.2900e-03,-0.0595313,-0.00108531
-3.2800e-03,-0.0453125,-0.001495
-3.2700e-03,-0.0596875,-0.00177656
-3.2600e-03,-0.0476562,-0.00163531
-3.2500e-03,-0.05,-0.00127125
-3.2400e-03,-0.0579687,-0.00212188
-3.2300e-03,-0.055625,-0.00154
-3.2200e-03,-0.04,-0.00147
-3.2100e-03,-0.0620312,-0.00155938
-3.2000e-03,-0.0498438,-0.00159219
-3.1900e-03,-0.0457813,-0.00130375
-3.1800e-03,-0.0559375,-0.00194094
-3.1700e-03,-0.0523437,-0.002075
-3.1600e-03,-0.051875,-0.00185969
-3.1500e-03,-0.0523437,-0.00189375
-3.1400e-03,-0.0467188,-0.00175594
-3.1300e-03,-0.0542187,-0.0020575
-3.1200e-03,-0.0557813,-0.00186063
-3.1100e-03,-0.0471875,-0.00167281
-3.1000e-03,-0.0634375,-0.00099875
-3.0900e-03,-0.0551563,-0.00210563
-3.0800e-03,-0.0528125,-0.00177
-3.0700e-03,-0.0559375,-0.00167656
-3.0600e-03,-0.059375,-0.00205313
-3.0500e-03,-0.0590625,-0.00200531
-3.0400e-03,-0.056875,-0.00135
-3.0300e-03,-0.046875,-0.001965
-3.0200e-03,-0.0571875,-0.00134063
-3.0100e-03,-0.0565625,-0.00170719
-3.0000e-03,-0.0546875,-0.00136094
-2.9900e-03,-0.0526563,-0.00173438
-2.9800e-03,-0.0595313,-0.00126031
-2.9700e-03,-0.0532813,-0.00157781
-2.9600e-03,-0.0592188,-0.00181469
-2.9500e-03,-0.0482812,-0.00183813
-2.9400e-03,-0.0515625,-0.001835
-2.9300e-03,-0.0485938,-0.00197562
-2.9200e-03,-0.0578125,-0.00176438
-2.9100e-03,-0.0490625,-0.00172938
-2.9000e-03,-0.0498438,-0.00180719
-2.8900e-03,-0.0526563,-0.0016475
-2.8800e-03,-0.0423437,-0.00172719
-2.8700e-03,-0.0553125,-0.00167375
-2.8600e-03,-0.0465625,-0.00127094
-2.8500e-03,-0.0610938,-0.00146438
-2.8400e-03,-0.0559375,-0.00135281
-2.8300e-03,-0.0514063,-0.00147594
-2.8200e-03,-0.0678125,-0.0019025
-2.8100e-03,-0.044375,-0.0013375
-2.8000e-03,-0.051875,-0.00176688
-2.7900e-03,-0.0565625,-0.00119844
-2.7800e-03,-0.0448438,-0.00205156
-2.7700e-03,-0.045,-0.00168219
-2.7600e-03,-0.0484375,-0.0017825
-2.7500e-03,-0.0601562,-0.00140344
-2.7400e-03,-0.0575,-0.00204906
-2.7300e-03,-0.058125,-0.00182688
-2.7200e-03,-0.0507812,-0.00191344
-2.7100e-03,-0.0620312,-0.00131438
-2.7000e-03,-0.0575,-0.00207344
-2.6900e-03,-0.0589063,-0.00174438
-2.6800e-03,-0.044375,-0.00200594
-2.6700e-03,-0.0557813,-0.00149063
-2.6600e-03,-0.0496875,-0.00201594
-2.6500e-03,-0.0457813,-0.00183906
-2.6400e-03,-0.050625,-0.00166969
-2.6300e-03,-0.050625,-0.00155875
-2.6200e-03,-0.0590625,-0.00234156
-2.6100e-03,-0.058125,-0.00173688
-2.6000e-03,-0.045,-0.00163813
-2.5900e-03,-0.0465625,-0.00169875
-2.5800e-03,-0.0528125,-0.00187719
-2.5700e-03,-0.0507812,-0.00179281
-2.5600e-03,-0.0548437,-0.00196344
-2.5500e-03,-0.0473438,-0.00140031
-2.5400e-03,-0.0534375,-0.00156563
-2.5300e-03,-0.0554687,-0.00185281
-2.5200e-03,-0.0629688,-0.00190156
-2.5100e-03,-0.0551563,-0.00162281
-2.5000e-03,-0.048125,-0.00149469
-2.4900e-03,-0.058125,-0.00216156
-2.4800e-03,-0.0517188,-0.00196406
-2.4700e-03,-0.0582813,-0.00197969
-2.4600e-03,-0.050625,-0.00194844
-2.4500e-03,-0.0628125,-0.0021475
-2.4400e-03,-0.046875,-0.00145125
-2.4300e-03,-0.0526563,-0.00195906
-2.4200e-03,-0.0540625,-0.00136563
-2.4100e-03,-0.05375,-0.00161875
-2.4000e-03,-0.0435938,-0.00124844
-2.3900e-03,-0.0528125,-0.00119844
-2.3800e-03,-0.0490625,-0.00120344
-2.3700e-03,-0.041875,-0.00134594
-2.3600e-03,-0.0478125,-0.001265
-2.3500e-03,-0.0535937,-0.00150281
-2.3400e-03,-0.059375,-0.00202781
-2.3300e-03,-0.0614062,-0.00124594
-2.3200e-03,-0.0590625,-0.00187344
-2.3100e-03,-0.0482812,-0.00098375
-2.3000e-03,-0.0465625,-0.00193531
-2.2900e-03,-0.0434375,-0.00152844
-2.2800e-03,-0.0470312,-0.00151063
-2.2700e-03,-0.0585938,-0.00169156
-2.2600e-03,-0.0492188,-0.00158938
-2.2500e-03,-0.0545313,-0.00181875
-2.2400e-03,-0.0507812,-0.00218031
-2.2300e-03,-0.0590625,-0.00100219
-2.2200e-03,-0.0492188,-0.00177219
-2.2100e-03,-0.0617188,-0.00175969
-2.2000e-03,-0.0525,-0.00136719
-2.1900e-03,-0.0615625,-0.00141906
-2.1800e-03,-0.0575,-0.00170094
-2.1700e-03,-0.0614062,-0.00154875
-2.1600e-03,-0.0520313,-0.00179781
-2.1500e-03,-0.0507812,-0.001385
-2.1400e-03,-0.0426562,-0.00139094
-2.1300e-03,-0.0614062,-0.000974063
-2.1200e-03,-0.0476562,-0.00180938
-2.1100e-03,-0.0503125,-0.00136844
-2.1000e-03,-0.0664062,-0.00184781
-2.0900e-03,-0.0610938,-0.00193375
-2.0800e-03,-0.0601562,-0.00191375
-2.0700e-03,-0.0532813,-0.00132469
-2.0600e-03,-0.0464062,-0.00225281
-2.0500e-03,-0.0515625,-0.00126375
-2.0400e-03,-0.051875,-0.00201781
-2.0300e-03,-0.049375,-0.0015475
-2.0200e-03,-0.0551563,-0.00176938
-2.0100e-03,-0.0475,-0.00178
-2.0000e-03,-0.0475,-0.00176344
-1.9900e-03,-0.0417187,-0.00205375
-1.9800e-03,-0.0542187,-0.00190094
-1.9700e-03,-0.048125,-0.00162219
-1.9600e-03,-0.05875,-0.00175313
-1.9500e-03,-0.055625,-0.00146719
-1.9400e-03,-0.0521875,-0.00156344
-1.9300e-03,-0.0540625,-0.00170094
-1.9200e-03,-0.07125,-0.00165563
-1.9100e-03,-0.0553125,-0.00180625
-1.9000e-03,-0.0585938,-0.00179125
-1.8900e-03,-0.0489062,-0.00195094
-1.8800e-03,-0.0564063,-0.00177469
-1.8700e-03,-0.0557813,-0.00169063
-1.8600e-03,-0.0582813,-0.00181375
-1.8500e-03,-0.0514063,-0.00179281
-1.8400e-03,-0.0359375,-0.00206813
-1.8300e-03,-0.0596875,-0.00179281
-1.8200e-03,-0.0540625,-0.00165563
-1.8100e-03,-0.0542187,-0.00204594
-1.8000e-03,-0.0476562,-0.00214031
-1.7900e-03,-0.0584375,-0.00166938
-1.7800e-03,-0.0564063,-0.00150906
-1.7700e-03,-0.0460938,-0.00156719
-1.7600e-03,-0.0523437,-0.00144625
-1.7500e-03,-0.0535937,-0.00136125
-1.7400e-03,-0.0604688,-0.001705
-1.7300e-03,-0.0501562,-0.00141469
-1.7200e-03,-0.0560937,-0.00183438
-1.7100e-03,-0.0473438,-0.0019425
-1.7000e-03,-0.0517188,-0.00189813
-1.6900e-03,-0.06,-0.00223531
-1.6800e-03,-0.0582813,-0.00186188
-1.6700e-03,-0.0539063,-0.00201188
-1.6600e-03,-0.0567187,-0.00160063
-1.6500e-03,-0.0429688,-0.00196219
-1.6400e-03,-0.0570313,-0.00126563
-1.6300e-03,-0.0621875,-0.00158906
-1.6200e-03,-0.0509375,-0.00135063
-1.6100e-03,-0.0592188,-0.00169313
-1.6000e-03,-0.0507812,-0.00191625
-1.5900e-03,-0.0573437,-0.0018325
-1.5800e-03,-0.0617188,-0.002005
-1.5700e-03,-0.0529687,-0.00186875
-1.5600e-03,-0.05375,-0.00176563
-1.5500e-03,-0.0465625,-0.00159125
-1.5400e-03,-0.0495312,-0.00200406
-1.5300e-03,-0.0598438,-0.00192594
-1.5200e-03,-0.0442188,-0.00193625
-1.5100e-03,-0.0598438,-0.00174188
-1.5000e-03,-0.0626562,-0.00152688
-1.4900e-03,-0.0565625,-0.00144844
-1.4800e-03,-0.0389063,-0.00176813
-1.4700e-03,-0.0528125,-0.00163688
-1.4600e-03,-0.0648438,-0.00163781
-1.4500e-03,-0.0521875,-0.0015925
-1.4400e-03,-0.054375,-0.00176281
-1.4300e-03,-0.0548437,-0.00122281
-1.4200e-03,-0.045,-0.00181938
-1.4100e-03,-0.05125,-0.00183625
-1.4000e-03,-0.0467188,-0.00180219
-1.3900e-03,-0.0565625,-0.00156625
-1.3800e-03,-0.05,-0.00143031
-1.3700e-03,-0.0501562,-0.00185563
-1.3600e-03,-0.070625,-0.00172531
-1.3500e-03,-0.0514063,-0.00206531
-1.3400e-03,-0.0545313,-0.00191406
-1.3300e-03,-0.06125,-0.00185906
-1.3200e-03,-0.0484375,-0.00134906
-1.3100e-03,-0.0557813,-0.00185156
-1.3000e-03,-0.0601562,-0.00192781
-1.2900e-03,-0.0517188,-0.00184438
-1.2800e-03,-0.050625,-0.00171469
-1.2700e-03,-0.0529687,-0.00171719
-1.2600e-03,-0.0539063,-0.00153625
-1.2500e-03,-0.0651562,-0.00228344
-1.2400e-03,-0.05625,-0.00166688
-1.2300e-03,-0.055,-0.00195031
-1.2200e-03,-0.0560937,-0.00179406
-1.2100e-03,-0.0607812,-0.00204625
-1.2000e-03,-0.063125,-0.00117375
-1.1900e-03,-0.054375,-0.00151031
-1.1800e-03,-0.0646875,-0.00167438
-1.1700e-03,-0.0504687,-0.00176844
-1.1600e-03,-0.0590625,-0.00210875
-1.1500e-03,-0.0592188,-0.00158938
-1.1400e-03,-0.0496875,-0.00161969
-1.1300e-03,-0.04625,-0.00169219
-1.1200e-03,-0.0621875,-0.00132313
-1.1100e-03,-0.060625,-0.00166531
-1.1000e-03,-0.0514063,-0.00156875
-1.0900e-03,-0.053125,-0.00146156
-1.0800e-03,-0.0528125,-0.00191344
-1.0700e-03,-0.055,-0.00128719
-1.0600e-03,-0.0476562,-0.00137656
-1.0500e-03,-0.0576563,-0.000875938
-1.0400e-03,-0.055625,-0.00174406
-1.0300e-03,-0.054375,-0.00215375
-1.0200e-03,-0.0475,-0.00159813
-1.0100e-03,-0.0578125,-0.00158469
-1.0000e-03,-0.0457813,-0.00181969
-9.9000e-04,-0.0515625,-0.00172375
-9.8000e-04,-0.056875,-0.00172219
-9.7000e-04,-0.0446875,-0.00144563
-9.6000e-04,-0.0532813,-0.00169594
-9.5000e-04,-0.0421875,-0.00186594
-9.4000e-04,-0.0521875,-0.00141938
-9.3000e-04,-0.0457813,-0.00183219
-9.2000e-04,-0.054375,-0.00169094
-9.1000e-04,-0.0501562,-0.00144938
-9.0000e-04,-0.0470312,-0.001305
-8.9000e-04,-0.05375,-0.001785
-8.8000e-04,-0.0514063,-0.001015
-8.7000e-04,-0.055,-0.00156594
-8.6000e-04,-0.0475,-0.00127281
-8.5000e-04,-0.0628125,-0.0018475
-8.4000e-04,-0.0484375,-0.00150594
-8.3000e-04,-0.050625,-0.00208063
-8.2000e-04,-0.041875,-0.00118063
-8.1000e-04,-0.061875,-0.00245313
-8.0000e-04,-0.0520313,-0.00175438
-7.9000e-04,-0.0498438,-0.00180281
-7.8000e-04,-0.0553125,-0.00154594
-7.7000e-04,-0.0671875,-0.00235313
-7.6000e-04,-0.04875,-0.00140656
-7.5000e-04,-0.0548437,-0.00168188
-7.4000e-04,-0.045,-0.00138594
-7.3000e-04,-0.0445313,-0.00213844
-7.2000e-04,-0.056875,-0.00191344
-7.1000e-04,-0.0526563,-0.00168094
-7.0000e-04,-0.0529687,-0.00182844
-6.9000e-04,-0.055,-0.00188188
-6.8000e-04,-0.0590625,-0.00181031
-6.7000e-04,-0.05,-0.00189969
-6.6000e-04,-0.0528125,-0.00183281
-6.5000e-04,-0.0492188,-0.001495
-6.4000e-04,-0.043125,-0.0011975
-6.3000e-04,-0.0451563,-0.00148438
-6.2000e-04,-0.0559375,-0.00131938
-6.1000e-04,-0.04375,-0.00170563
-6.0000e-04,-0.0515625,-0.00127625
-5.9000e-04,-0.05375,-0.00156938
-5.8000e-04,-0.055625,-0.0014775
-5.7000e-04,-0.0382813,-0.00151781
-5.6000e-04,-0.0573437,-0.00161219
-5.5000e-04,-0.0478125,-0.00146063
-5.4000e-04,-0.0504687,-0.00144094
-5.3000e-04,-0.0645312,-0.00150875
-5.2000e-04,-0.06125,-0.00139375
-5.1000e-04,-0.0534375,-0.00140719
-5.0000e-04,-0.0571875,-0.0015525
-4.9000e-04,-0.04875,-0.00127719
-4.8000e-04,-0.046875,-0.00167438
-4.7000e-04,-0.0501562,-0.00151
-4.6000e-04,-0.0546875,-0.00152844
-4.5000e-04,-0.06,-0.00187063
-4.4000e-04,-0.0528125,-0.00147281
-4.3000e-04,-0.0526563,-0.00166281
-4.2000e-04,-0.0501562,-0.0017025
-4.1000e-04,-0.0573437,-0.00223313
-4.0000e-04,-0.0589063,-0.00202781
-3.9000e-04,-0.0425,-0.00149219
-3.8000e-04,-0.0571875,-0.00140125
-3.7000e-04,-0.050625,-0.00179906
-3.6000e-04,-0.0573437,-0.00113969
-3.5000e-04,-0.05125,-0.00230656
-3.4000e-04,-0.0526563,-0.00121969
-3.3000e-04,-0.04875,-0.00162594
-3.2000e-04,-0.0578125,-0.00143344
-3.1000e-04,-0.0507812,-0.0011525
-3.0000e-04,-0.0584375,-0.00160781
-2.9000e-04,-0.0575,-0.00219188
-2.8000e-04,-0.0529687,-0.00146281
-2.7000e-04,-0.0590625,-0.00231031
-2.6000e-04,-0.058125,-0.00168469
-2.5000e-04,-0.050625,-0.00168313
-2.4000e-04,-0.0440625,-0.00171656
-2.3000e-04,-0.0571875,-0.00185375
-2.2000e-04,-0.0539063,-0.00132656
-2.1000e-04,-0.0692187,-0.00132375
-2.0000e-04,-0.0535937,-0.001875
-1.9000e-04,-0.0535937,-0.00149031
-1.8000e-04,-0.0532813,-0.00186313
-1.7000e-04,-0.0525,-0.00192031
-1.6000e-04,-0.056875,-0.00159219
-1.5000e-04,-0.053125,-0.00189563
-1.4000e-04,-0.0484375,-0.00238719
-1.3000e-04,-0.0532813,-0.00156594
-1.2000e-04,-0.0571875,-0.00243969
-1.1000e-04,-0.0439063,-0.00157125
-1.0000e-04,-0.0403125,-0.00201719
-9.0000e-05,-0.0425,-0.00140875
-8.0000e-05,-0.0554687,-0.00213938
-7.0000e-05,-0.0551563,-0.00119313
-6.0000e-05,-0.061875,-0.00187563
-5.0000e-05,-0.0521875,-0.00156969
-4.0000e-05,-0.0573437,-0.00219469
-3.0000e-05,-0.0457813,-0.00163875
-2.0000e-05,-0.0509375,-0.00253156
-1.0000e-05,-0.0517188,-0.00131906
-0.0000e+00,-0.0501562,-0.00219313
1.0000e-05,-0.05375,-0.00136531
2.0000e-05,-0.0510938,-0.00193063
3.0000e-05,-0.0489062,-0.00197969
4.0000e-05,-0.0485938,-0.00223
5.0000e-05,-0.0475,-0.00159875
6.0000e-05,-0.0560937,-0.00178625
7.0000e-05,-0.0623438,-0.00111938
8.0000e-05,-0.050625,-0.00170406
9.0000e-05,-0.0435938,-0.00109125
1.0000e-04,-0.0603125,-0.00175031
1.1000e-04,-0.0548437,-0.00192688
1.2000e-04,-0.0517188,-0.0018125
1.3000e-04,-0.0467188,-0.00146938
1.4000e-04,-0.0495312,-0.0010375
1.5000e-04,-0.0473438,-0.00178031
1.6000e-04,-0.05125,-0.00156719
1.7000e-04,-0.0414063,-0.00128031
1.8000e-04,-0.055625,-0.00169531
1.9000e-04,-0.0582813,-0.00169906
2.0000e-04,-0.0507812,-0.00138406
2.1000e-04,-0.0534375,-0.00155781
2.2000e-04,-0.0535937,-0.00130531
2.3000e-04,-0.0607812,-0.00170281
2.4000e-04,-0.0464062,-0.00118938
2.5000e-04,-0.05375,-0.00153094
2.6000e-04,-0.0554687,-0.000927813
2.7000e-04,-0.0459375,-0.00144625
2.8000e-04,-0.045625,-0.001605
2.9000e-04,-0.0501562,-0.00160406
3.0000e-04,-0.0546875,-0.00164031
3.1000e-04,-0.0570313,-0.0013875
3.2000e-04,-0.05875,-0.00143906
3.3000e-04,-0.0545313,-0.00148781
3.4000e-04,-0.0528125,-0.00207594
3.5000e-04,-0.055,-0.001495
3.6000e-04,-0.0615625,-0.00109031
3.7000e-04,-0.05625,-0.00161281
3.8000e-04,-0.0489062,-0.00153281
3.9000e-04,-0.0596875,-0.00156188
4.0000e-04,-0.0585938,-0.00157719
4.1000e-04,-0.0492188,-0.00163563
4.2000e-04,-0.0534375,-0.0016775
4.3000e-04,-0.0357813,-0.0014425
4.4000e-04,-0.0576563,-0.00148188
4.5000e-04,-0.0503125,-0.00152344
4.6000e-04,-0.0659375,-0.00153125
4.7000e-04,-0.0476562,-0.00154906
4.8000e-04,-0.363281,-0.0017675
4.9000e-04,0.702344,-0.00346563
5.0000e-04,0.0848437,-0.00386375
5.1000e-04,0.118594,-0.00397219
5.2000e-04,0.113125,-0.00378313
5.3000e-04,0.0932812,-0.00376281
5.4000e-04,0.0695313,-0.0039425
5.5000e-04,0.0651562,-0.00383063
5.6000e-04,0.0590625,-0.00392719
5.7000e-04,0.0470312,-0.00383719
5.8000e-04,0.0542187,-0.0039175
5.9000e-04,0.0404687,-0.00395875
6.0000e-04,0.0414063,-0.0039875
6.1000e-04,0.0229687,-0.00384875
6.2000e-04,0.0303125,-0.00391969
6.3000e-04,0.0301562,-0.00404531
6.4000e-04,0.0175,-0.00383375
6.5000e-04,0.0215625,-0.0037625
6.6000e-04,0.0246875,-0.00394875
6.7000e-04,0.0226562,-0.00390344
6.8000e-04,0.02875,-0.00376219
6.9000e-04,0.024375,-0.00386156
7.0000e-04,0.0348438,-0.00376875
7.1000e-04,0.02,-0.0035525
7.2000e-04,0.0190625,-0.00210281
7.3000e-04,0.00796875,-0.000740625
7.4000e-04,0.016875,-0.000243125
7.5000e-04,0.00140625,-0.000951563
7.6000e-04,0.0223437,-0.00280813
7.7000e-04,0.0160938,-0.00281
7.8000e-04,-0.00625,-0.00298219
7.9000e-04,0.0065625,-0.00125563
8.0000e-04,0.0117188,-0.00100844
8.1000e-04,-0.00046875,-0.00131531
8.2000e-04,0.00796875,-0.00256031
8.3000e-04,0.00515625,-0.00238875
8.4000e-04,0.00171875,-0.00296344
8.5000e-04,0.00203125,-0.00168844
8.6000e-04,0.01625,-0.00127719
8.7000e-04,0.00078125,-0.00058875
8.8000e-04,0.005625,-0.00150531
8.9000e-04,-0.0084375,-0.00155969
9.0000e-04,0.0028125,-0.00276875
9.1000e-04,-0.00046875,-0.00195063
9.2000e-04,-0.0025,-0.00179656
9.3000e-04,-0.00359375,-0.00129594
9.4000e-04,0.0110937,-0.00158
9.5000e-04,0.00703125,-0.00250281
9.6000e-04,0.00375,-0.00173438
9.7000e-04,0.0003125,-0.00157375
9.8000e-04,-0.00734375,-0.00058875
9.9000e-04,-0.006875,-0.0014675
1.0000e-03,0.0021875,-0.00124531
1.0100e-03,-0.01125,-0.00250594
1.0200e-03,-0.009375,-0.00131563
1.0300e-03,-0.008125,-0.00235563
1.0400e-03,-0.0129688,-0.00208656
1.0500e-03,-0.0148437,-0.00249188
1.0600e-03,-0.0145312,-0.00142938
1.0700e-03,-0.014375,-0.00235875
1.0800e-03,-0.0034375,-0.00226875
1.0900e-03,-0.008125,-0.001825
1.1000e-03,0.00109375,-0.00192625
1.1100e-03,0.0084375,-0.00198438
1.1200e-03,-0.0120313,-0.00165438
1.1300e-03,-0.0196875,-0.00146844
1.1400e-03,-0.00546875,-0.00138
1.1500e-03,-0.0115625,-0.00208031
1.1600e-03,-0.0151562,-0.00200594
1.1700e-03,-0.01375,-0.00184563
1.1800e-03,-0.0157813,-0.00242219
1.1900e-03,-0.00703125,-0.00243844
1.2000e-03,-0.0025,-0.00225125
1.2100e-03,-0.0075,-0.00147
1.2200e-03,-0.0135937,-0.00215063
1.2300e-03,-0.0107813,-0.000961875
1.2400e-03,-0.00609375,-0.001565
1.2500e-03,-0.0160938,-0.00184219
1.2600e-03,-0.0146875,-0.00215625
1.2700e-03,-0.00953125,-0.00119219
1.2800e-03,-0.00546875,-0.00197094
1.2900e-03,0.0003125,-0.00115125
1.3000e-03,-0.0235938,-0.00169188
1.3100e-03,-0.01,-0.00150938
1.3200e-03,-0.0140625,-0.00222656
1.3300e-03,-0.0103125,-0.00129906
1.3400e-03,-0.0189062,-0.00140219
1.3500e-03,-0.0167188,-0.00126531
1.3600e-03,-0.00375,-0.00169219
1.3700e-03,-0.0109375,-0.00124031
1.3800e-03,-0.00421875,-0.00175094
1.3900e-03,-0.0121875,-0.00183219
1.4000e-03,-0.0148437,-0.0018525
1.4100e-03,-0.0271875,-0.00211375
1.4200e-03,-0.0159375,-0.00176219
1.4300e-03,-0.015625,-0.00179875
1.4400e-03,-0.0239063,-0.00280219
1.4500e-03,-0.0139063,-0.00180656
1.4600e-03,-0.023125,-0.00222969
1.4700e-03,-0.0185937,-0.0013425
1.4800e-03,-0.0232812,-0.00186469
1.4900e-03,0.0015625,-0.00123375
1.5000e-03,-0.0176563,-0.00161156
1.5100e-03,-0.02375,-0.00196031
1.5200e-03,-0.01,-0.001935
1.5300e-03,-0.0240625,-0.00198406
1.5400e-03,-0.0284375,-0.00159156
1.5500e-03,-0.0214063,-0.00196563
1.5600e-03,-0.0167188,-0.00173469
1.5700e-03,-0.0196875,-0.00176375
1.5800e-03,-0.0226562,-0.00154688
1.5900e-03,-0.0276563,-0.00187656
1.6000e-03,-0.0132813,-0.00134688
1.6100e-03,-0.014375,-0.00198719
1.6200e-03,-0.0273438,-0.00113188
1.6300e-03,-0.0226562,-0.00255875
1.6400e-03,-0.0167188,-0.0015825
1.6500e-03,-0.0201563,-0.00213656
1.6600e-03,-0.01375,-0.00153844
1.6700e-03,-0.00640625,-0.00212594
1.6800e-03,-0.008125,-0.00145781
1.6900e-03,-0.0226562,-0.00175156
1.7000e-03,-0.02,-0.00142688
1.7100e-03,-0.0284375,-0.00175625
1.7200e-03,-0.0179687,-0.00151344
1.7300e-03,-0.020625,-0.00170063
1.7400e-03,-0.0223437,-0.00139156
1.7500e-03,-0.0279688,-0.00133781
1.7600e-03,-0.03125,-0.00161063
1.7700e-03,-0.0303125,-0.00174844
1.7800e-03,-0.009375,-0.00179125
1.7900e-03,-0.0229687,-0.00152438
1.8000e-03,-0.0192187,-0.00168438
1.8100e-03,-0.02,-0.00199875
1.8200e-03,-0.0128125,-0.00128094
1.8300e-03,-0.0185937,-0.00150719
1.8400e-03,-0.0325,-0.00157156
1.8500e-03,-0.0239063,-0.00176438
1.8600e-03,-0.0260937,-0.00094125
1.8700e-03,-0.0151562,-0.00116688
1.8800e-03,-0.0323438,-0.00128531
1.8900e-03,-0.020625,-0.0016
1.9000e-03,-0.029375,-0.00197688
1.9100e-03,-0.0173438,-0.00174938
1.9200e-03,-0.0332812,-0.00173969
1.9300e-03,-0.02875,-0.001735
1.9400e-03,-0.0203125,-0.00151594
1.9500e-03,-0.02125,-0.00185219
1.9600e-03,-0.0223437,-0.00197469
1.9700e-03,-0.0267187,-0.00168125
1.9800e-03,-0.0367188,-0.00147656
1.9900e-03,-0.03,-0.00129469
2.0000e-03,-0.029375,-0.00171938
2.0100e-03,-0.02625,-0.00211469
2.0200e-03,-0.0182812,-0.00188281
2.0300e-03,-0.01625,-0.00196625
2.0400e-03,-0.0335937,-0.00192344
2.0500e-03,-0.0285938,-0.00163625
2.0600e-03,-0.0173438,-0.00153875
2.0700e-03,-0.0242188,-0.00161563
2.0800e-03,-0.0167188,-0.00183375
2.0900e-03,-0.0173438,-0.00232375
2.1000e-03,-0.02,-0.0018
2.1100e-03,-0.0295313,-0.00137094
2.1200e-03,-0.0328125,-0.00185281
2.1300e-03,-0.0360938,-0.00153063
2.1400e-03,-0.0290625,-0.001975
2.1500e-03,-0.0195312,-0.00205406
2.1600e-03,-0.0220313,-0.00167219
2.1700e-03,-0.0271875,-0.00123094
2.1800e-03,-0.0275,-0.00193906
2.1900e-03,-0.025,-0.00129656
2.2000e-03,-0.0198438,-0.00181938
2.2100e-03,-0.023125,-0.00157094
2.2200e-03,-0.0242188,-0.00156938
2.2300e-03,-0.025,-0.00191344
2.2400e-03,-0.0285938,-0.00155656
2.2500e-03,-0.0246875,-0.00130531
2.2600e-03,-0.0242188,-0.00211219
2.2700e-03,-0.03625,-0.00138969
2.2800e-03,-0.0228125,-0.00146156
2.2900e-03,-0.0321875,-0.00201719
2.3000e-03,-0.0254688,-0.00192031
2.3100e-03,-0.0440625,-0.00156313
2.3200e-03,-0.0282813,-0.00185656
2.3300e-03,-0.026875,-0.00195406
2.3400e-03,-0.0375,-0.00180156
2.3500e-03,-0.0301563,-0.001515
2.3600e-03,-0.033125,-0.00160719
2.3700e-03,-0.0201563,-0.00179156
2.3800e-03,-0.0279688,-0.00159375
2.3900e-03,-0.0298438,-0.00153188
2.4000e-03,-0.035,-0.00166906
2.4100e-03,-0.0164063,-0.00208781
2.4200e-03,-0.02375,-0.00162781
2.4300e-03,-0.025625,-0.00221281
2.4400e-03,-0.0354688,-0.00183938
2.4500e-03,-0.0275,-0.00134281
2.4600e-03,-0.026875,-0.00161344
2.4700e-03,-0.0446875,-0.00150875
2.4800e-03,-0.0370313,-0.00189719
2.4900e-03,-0.029375,-0.00112188
2.5000e-03,-0.0240625,-0.00181688
2.5100e-03,-0.0154687,-0.00180406
2.5200e-03,-0.0278125,-0.00217563
2.5300e-03,-0.021875,-0.00107469
2.5400e-03,-0.0221875,-0.00173875
2.5500e-03,-0.0195312,-0.00156906
2.5600e-03,-0.0420312,-0.00173063
2.5700e-03,-0.0270312,-0.00147875
2.5800e-03,-0.0285938,-0.00186406
2.5900e-03,-0.0371875,-0.00179125
2.6000e-03,-0.0271875,-0.00178906
2.6100e-03,-0.0282813,-0.00187031
2.6200e-03,-0.0296875,-0.00147031
2.6300e-03,-0.0326562,-0.00158781
2.6400e-03,-0.0320312,-0.00183625
2.6500e-03,-0.0264062,-0.00161625
2.6600e-03,-0.0279688,-0.00195719
2.6700e-03,-0.0345312,-0.0022
2.6800e-03,-0.0259375,-0.00157438
2.6900e-03,-0.0475,-0.00168688
2.7000e-03,-0.0345312,-0.00166344
2.7100e-03,-0.0309375,-0.00168219
2.7200e-03,-0.0346875,-0.00152063
2.7300e-03,-0.0196875,-0.00160875
2.7400e-03,-0.0367188,-0.00172438
2.7500e-03,-0.0260937,-0.00150594
2.7600e-03,-0.035,-0.00146875
2.7700e-03,-0.0207813,-0.00143594
2.7800e-03,-0.03375,-0.00160094
2.7900e-03,-0.0332812,-0.00229531
2.8000e-03,-0.0270312,-0.00235594
2.8100e-03,-0.0184375,-0.00227063
2.8200e-03,-0.0284375,-0.00204969
2.8300e-03,-0.0401563,-0.00190719
2.8400e-03,-0.0221875,-0.00197813
2.8500e-03,-0.02875,-0.00143594
2.8600e-03,-0.036875,-0.00143688
2.8700e-03,-0.0242188,-0.00197188
2.8800e-03,-0.0323438,-0.000997188
2.8900e-03,-0.0292188,-0.00168281
2.9000e-03,-0.029375,-0.00136688
2.9100e-03,-0.0440625,-0.00198313
2.9200e-03,-0.0242188,-0.00156844
2.9300e-03,-0.0257812,-0.00153313
2.9400e-03,-0.0226562,-0.00111281
2.9500e-03,-0.0270312,-0.00185125
2.9600e-03,-0.0265625,-0.00142219
2.9700e-03,-0.0373438,-0.00128344
2.9800e-03,-0.0365625,-0.00135719
2.9900e-03,-0.0209375,-0.00128156
3.0000e-03,-0.0417187,-0.00170625
3.0100e-03,-0.0260937,-0.00197562
3.0200e-03,-0.034375,-0.0019125
3.0300e-03,-0.0432813,-0.0019225
3.0400e-03,-0.0434375,-0.00213875
3.0500e-03,-0.03875,-0.00248281
3.0600e-03,-0.0323438,-0.00214813
3.0700e-03,-0.0292188,-0.00168125
3.0800e-03,-0.0265625,-0.00173
3.0900e-03,-0.03,-0.00164594
3.1000e-03,-0.0439063,-0.00172719
3.1100e-03,-0.0289063,-0.00156
3.1200e-03,-0.0410937,-0.00181406
3.1300e-03,-0.0284375,-0.00152594
3.1400e-03,-0.035625,-0.00224
3.1500e-03,-0.0345312,-0.00196406
3.1600e-03,-0.0276563,-0.00229781
3.1700e-03,-0.033125,-0.00200844
3.1800e-03,-0.0329688,-0.00221375
3.1900e-03,-0.029375,-0.00233875
3.2000e-03,-0.0290625,-0.00214562
3.2100e-03,-0.0367188,-0.00158406
3.2200e-03,-0.036875,-0.00150156
3.2300e-03,-0.0353125,-0.00169031
3.2400e-03,-0.0214063,-0.00155344
3.2500e-03,-0.0385937,-0.00166938
3.2600e-03,-0.035625,-0.00169219
3.2700e-03,-0.0315625,-0.00213063
3.2800e-03,-0.0351562,-0.00159813
3.2900e-03,-0.0204688,-0.00201281
3.3000e-03,-0.0301563,-0.0013925
3.3100e-03,-0.0435938,-0.00155594
3.3200e-03,-0.0389063,-0.00183938
3.3300e-03,-0.0295313,-0.00176906
3.3400e-03,-0.0259375,-0.0017975
3.3500e-03,-0.031875,-0.0022275
3.3600e-03,-0.0398437,-0.00168125
3.3700e-03,-0.0310937,-0.00147156
3.3800e-03,-0.0407813,-0.00144906
3.3900e-03,-0.0342187,-0.0015375
3.4000e-03,-0.0271875,-0.00198938
3.4100e-03,-0.0395313,-0.00188406
3.4200e-03,-0.0289063,-0.00161281
3.4300e-03,-0.0285938,-0.00190406
3.4400e-03,-0.0389063,-0.00167656
3.4500e-03,-0.0339062,-0.00155969
3.4600e-03,-0.0267187,-0.00188281
3.4700e-03,-0.0342187,-0.00116875
3.4800e-03,-0.0409375,-0.00187875
3.4900e-03,-0.045,-0.00197656
3.5000e-03,-0.03125,-0.00143469
3.5100e-03,-0.0382813,-0.00162031
3.5200e-03,-0.0367188,-0.00164063
3.5300e-03,-0.035625,-0.00170063
3.5400e-03,-0.0351562,-0.00185281
3.5500e-03,-0.041875,-0.00171719
3.5600e-03,-0.038125,-0.00163688
3.5700e-03,-0.033125,-0.00136625
3.5800e-03,-0.0284375,-0.00154438
3.5900e-03,-0.04625,-0.0011075
3.6000e-03,-0.0467188,-0.000849375
3.6100e-03,-0.0392187,-0.00132844
3.6200e-03,-0.03625,-0.00112594
3.6300e-03,-0.0385937,-0.00225031
3.6400e-03,-0.0459375,-0.00157563
3.6500e-03,-0.0359375,-0.00221813
3.6600e-03,-0.0382813,-0.00133656
3.6700e-03,-0.0378125,-0.00183844
3.6800e-03,-0.0473438,-0.00175156
3.6900e-03,-0.030625,-0.00202188
3.7000e-03,-0.0348437,-0.00167469
3.7100e-03,-0.0209375,-0.00177344
3.7200e-03,-0.0354688,-0.00142063
3.7300e-03,-0.0340625,-0.0017325
3.7400e-03,-0.0421875,-0.00151281
3.7500e-03,-0.0265625,-0.00176719
3.7600e-03,-0.0328125,-0.00130469
3.7700e-03,-0.025625,-0.00157281
3.7800e-03,-0.0284375,-0.00160656
3.7900e-03,-0.0440625,-0.0016025
3.8000e-03,-0.0470312,-0.00191531
3.8100e-03,-0.0339062,-0.00136531
3.8200e-03,-0.0298438,-0.0019425
3.8300e-03,-0.0379688,-0.00148969
3.8400e-03,-0.0421875,-0.00172844
3.8500e-03,-0.03875,-0.00151781
3.8600e-03,-0.0359375,-0.00173281
3.8700e-03,-0.0290625,-0.00121094
3.8800e-03,-0.0285938,-0.00136531
3.8900e-03,-0.0448438,-0.00154469
3.9000e-03,-0.03,-0.00158438
3.9100e-03,-0.025625,-0.00197313
3.9200e-03,-0.04125,-0.00157313
3.9300e-03,-0.0382813,-0.00190813
3.9400e-03,-0.0289063,-0.00166031
3.9500e-03,-0.05,-0.00159406
3.9600e-03,-0.03375,-0.00140563
3.9700e-03,-0.0482812,-0.00205469
3.9800e-03,-0.0290625,-0.00166344
3.9900e-03,-0.045,-0.00187563
4.0000e-03,-0.034375,-0.00119625
4.0100e-03,-0.0421875,-0.00202125
4.0200e-03,-0.0367188,-0.0018125
4.0300e-03,-0.03875,-0.00184375
4.0400e-03,-0.0378125,-0.00164844
4.0500e-03,-0.0479688,-0.00195094
4.0600e-03,-0.0353125,-0.00121063
4.0700e-03,-0.0335937,-0.00191844
4.0800e-03,-0.0385937,-0.001585
4.0900e-03,-0.0296875,-0.00174313
4.1000e-03,-0.040625,-0.00160125
4.1100e-03,-0.0335937,-0.00134469
4.1200e-03,-0.0317188,-0.00177031
4.1300e-03,-0.0378125,-0.00172469
4.1400e-03,-0.0345312,-0.00167031
4.1500e-03,-0.0332812,-0.00180063
4.1600e-03,-0.0415625,-0.00172625
4.1700e-03,-0.0326562,-0.00133
4.1800e-03,-0.0326562,-0.00196563
4.1900e-03,-0.0373438,-0.00137594
4.2000e-03,-0.0403125,-0.00171938
4.2100e-03,-0.0523437,-0.00162094
4.2200e-03,-0.0421875,-0.00169938
4.2300e-03,-0.0309375,-0.00154625
4.2400e-03,-0.0428125,-0.00165781
4.2500e-03,-0.0439063,-0.00183594
4.2600e-03,-0.0425,-0.00149156
4.2700e-03,-0.0410937,-0.00211719
4.2800e-03,-0.0446875,-0.00133625
4.2900e-03,-0.0376563,-0.00198156
4.3000e-03,-0.0435938,-0.00149344
4.3100e-03,-0.04,-0.00193688
4.3200e-03,-0.0365625,-0.00138094
4.3300e-03,-0.036875,-0.00145188
4.3400e-03,-0.0407813,-0.00106938
4.3500e-03,-0.040625,-0.00129156
4.3600e-03,-0.0415625,-0.00164156
4.3700e-03,-0.039375,-0.00187031
4.3800e-03,-0.0379688,-0.00122813
4.3900e-03,-0.0367188,-0.00185656
4.4000e-03,-0.030625,-0.00169906
4.4100e-03,-0.029375,-0.00175938
4.4200e-03,-0.0357813,-0.00160688
4.4300e-03,-0.02625,-0.00164688
4.4400e-03,-0.0335937,-0.00181531
4.4500e-03,-0.0379688,-0.00163344
4.4600e-03,-0.0376563,-0.0017325
4.4700e-03,0.0028125,-0.00192281
4.4800e-03,1.41281,-0.00181219
4.4900e-03,-0.695625,-0.00338781
4.5000e-03,-0.241875,-0.00422406
4.5100e-03,1.49469,-0.0049625
4.5200e-03,0.0764062,-0.00496969
4.5300e-03,0.106875,-0.00508813
4.5400e-03,0.107656,-0.00518781
4.5500e-03,0.095,-0.00527
4.5600e-03,0.0898438,-0.00513531
4.5700e-03,0.0625,-0.00516719
4.5800e-03,0.06875,-0.00499594
4.5900e-03,0.06375,-0.00516594
4.6000e-03,0.0465625,-0.00512781
4.6100e-03,0.036875,-0.00509156
4.6200e-03,0.0359375,-0.005025
4.6300e-03,0.04,-0.00510469
4.6400e-03,0.0375,-0.00501063
4.6500e-03,0.0234375,-0.00500781
4.6600e-03,0.0223437,-0.004995
4.6700e-03,0.01625,-0.00517938
4.6800e-03,0.0257813,-0.00509875
4.6900e-03,0.0323438,-0.00497625
4.7000e-03,0.0151562,-0.00502531
4.7100e-03,0.02625,-0.00492469
4.7200e-03,0.025625,-0.00516813
4.7300e-03,0.0204687,-0.00440625
4.7400e-03,0.0157813,-0.00284625
4.7500e-03,0.015625,-0.00130469
4.7600e-03,0.0110937,-0.00171656
4.7700e-03,0.0189063,-0.00222656
4.7800e-03,0.0176563,-0.00295375
4.7900e-03,0.00359375,-0.00233844
4.8000e-03,0.00578125,-0.00147938
4.8100e-03,0.0198438,-0.00125156
4.8200e-03,0.0160938,-0.001205
4.8300e-03,0.0071875,-0.00180031
4.8400e-03,0.00859375,-0.00287813
4.8500e-03,0.0139062,-0.00162125
4.8600e-03,0.003125,-0.00237719
4.8700e-03,0.00265625,-0.0011475
4.8800e-03,0.0125,-0.00180688
4.8900e-03,0.00015625,-0.00181813
4.9000e-03,-0.00953125,-0.00204094
4.9100e-03,-0.00375,-0.00175188
4.9200e-03,-0.0103125,-0.00161156
4.9300e-03,0.00515625,-0.001335
4.9400e-03,0.0096875,-0.00166219
4.9500e-03,-0.01,-0.00146281
4.9600e-03,0.0046875,-0.00190625
4.9700e-03,-0.0090625,-0.00211188
4.9800e-03,-0.0114062,-0.00161938
4.9900e-03,-0.00703125,-0.00108188
5.0000e-03,-0.01,-0.00143219
5.0100e-03,-0.0046875,-0.00129875
5.0200e-03,0.0003125,-0.002065
5.0300e-03,-0.00921875,-0.001475
5.0400e-03,-0.015,-0.00193531
5.0500e-03,-0.003125,-0.00220781
5.0600e-03,-0.004375,-0.00188375
5.0700e-03,-0.00078125,-0.00187375
5.0800e-03,-0.00828125,-0.001645
5.0900e-03,-0.005625,-0.00156031
5.1000e-03,0.001875,-0.00156844
5.1100e-03,-0.0123438,-0.0014625
5.1200e-03,-0.00171875,-0.00163938
5.1300e-03,-0.004375,-0.00173781
5.1400e-03,-0.0078125,-0.00159438
5.1500e-03,-0.0025,-0.00161031
5.1600e-03,-0.0123438,-0.00176469
5.1700e-03,0.00234375,-0.00196094
5.1800e-03,-0.0153125,-0.002515
5.1900e-03,-0.0078125,-0.00166563
5.2000e-03,-0.00984375,-0.00128844
5.2100e-03,-0.0107813,-0.00118813
5.2200e-03,-0.00859375,-0.00116813
5.2300e-03,-0.010625,-0.00148938
5.2400e-03,-0.00359375,-0.00173344
5.2500e-03,-0.0120313,-0.00171156
5.2600e-03,-0.0171875,-0.00156719
5.2700e-03,-0.01625,-0.00180844
5.2800e-03,-0.0114062,-0.00247063
5.2900e-03,-0.0107813,-0.00165938
5.3000e-03,-0.00046875,-0.00155781
5.3100e-03,-0.0090625,-0.00210875
5.3200e-03,-0.013125,-0.00174594
5.3300e-03,-0.00703125,-0.00143813
5.3400e-03,-0.0139063,-0.00138719
5.3500e-03,-0.013125,-0.00189094
5.3600e-03,-0.0059375,-0.00137844
5.3700e-03,-0.0104688,-0.00176938
5.3800e-03,-0.0109375,-0.00176375
5.3900e-03,-0.011875,-0.00202438
5.4000e-03,-0.00484375,-0.00159969
5.4100e-03,-0.01375,-0.00219313
5.4200e-03,-0.0164063,-0.00174531
5.4300e-03,-0.010625,-0.00200094
5.4400e-03,-0.0154687,-0.00207094
5.4500e-03,-0.00796875,-0.00188
5.4600e-03,-0.00765625,-0.0015125
5.4700e-03,-0.0257812,-0.00173
5.4800e-03,-0.030625,-0.00153094
5.4900e-03,-0.0201563,-0.00134563
5.5000e-03,-0.0253125,-0.00188094
5.5100e-03,-0.0159375,-0.00184
5.5200e-03,-0.0290625,-0.00193813
5.5300e-03,-0.01375,-0.00172281
5.5400e-03,-0.0171875,-0.00108563
5.5500e-03,-0.02,-0.00139219
5.5600e-03,-0.0242188,-0.00178156
5.5700e-03,-0.0084375,-0.00146438
5.5800e-03,-0.0198438,-0.00164406
5.5900e-03,-0.0189062,-0.000953125
5.6000e-03,-0.0201563,-0.00119219
5.6100e-03,-0.014375,-0.00137875
5.6200e-03,-0.0075,-0.00166375
5.6300e-03,-0.0145312,-0.00136031
5.6400e-03,-0.0128125,-0.00160688
5.6500e-03,-0.0148437,-0.00151688
5.6600e-03,-0.0157813,-0.00152094
5.6700e-03,-0.0278125,-0.00144344
5.6800e-03,-0.0134375,-0.00199563
5.6900e-03,-0.0129688,-0.00142063
5.7000e-03,-0.018125,-0.00177938
5.7100e-03,-0.024375,-0.00127156
5.7200e-03,-0.0320312,-0.00171563
5.7300e-03,-0.0170313,-0.0017225
5.7400e-03,-0.0192187,-0.00211969
5.7500e-03,-0.0160938,-0.00162406
5.7600e-03,-0.0153125,-0.00173219
5.7700e-03,-0.020625,-0.00153938
5.7800e-03,-0.0184375,-0.00192281
5.7900e-03,-0.0246875,-0.00149031
5.8000e-03,-0.0378125,-0.0016275
5.8100e-03,-0.0229687,-0.00116188
5.8200e-03,-0.0215625,-0.00163938
5.8300e-03,-0.02125,-0.00121344
5.8400e-03,-0.0214063,-0.00174219
5.8500e-03,-0.023125,-0.00139906
5.8600e-03,-0.0142188,-0.0015775
5.8700e-03,-0.014375,-0.00130656
5.8800e-03,-0.0257812,-0.0022075
5.8900e-03,-0.0235938,-0.00201781
5.9000e-03,-0.0195312,-0.00185188
5.9100e-03,-0.0240625,-0.00163125
5.9200e-03,-0.0151562,-0.00148906
5.9300e-03,-0.0228125,-0.00159969
5.9400e-03,-0.023125,-0.00193406
5.9500e-03,-0.0360938,-0.00198156
5.9600e-03,-0.0189062,-0.00221281
5.9700e-03,-0.021875,-0.0022925
5.9800e-03,-0.0226562,-0.00163625
5.9900e-03,-0.0259375,-0.00165313
6.0000e-03,-0.029375,-0.00187719
6.0100e-03,-0.0157813,-0.00161844
6.0200e-03,-0.0301563,-0.00186188
6.0300e-03,-0.0321875,-0.00234344
6.0400e-03,-0.0265625,-0.00158469
6.0500e-03,-0.0201563,-0.00175125
6.0600e-03,-0.0332812,-0.00153688
6.0700e-03,-0.028125,-0.00202906
6.0800e-03,-0.0164063,-0.00175188
6.0900e-03,-0.0246875,-0.00207062
6.1000e-03,-0.024375,-0.00173938
6.1100e-03,-0.0215625,-0.00132938
6.1200e-03,-0.0371875,-0.00132781
6.1300e-03,-0.0254688,-0.00157688
6.1400e-03,-0.0226562,-0.00128438
6.1500e-03,-0.0290625,-0.00180438
6.1600e-03,-0.0290625,-0.00147281
6.1700e-03,-0.0254688,-0.00180031
6.1800e-03,-0.0285938,-0.00136344
6.1900e-03,-0.0315625,-0.00145063
6.2000e-03,-0.0160938,-0.00170813
6.2100e-03,-0.0334375,-0.00144625
6.2200e-03,-0.0304688,-0.00162281
6.2300e-03,-0.0351562,-0.00178813
6.2400e-03,-0.033125,-0.00153719
6.2500e-03,-0.0385937,-0.00181969
6.2600e-03,-0.03125,-0.00182063
6.2700e-03,-0.028125,-0.00188781
6.2800e-03,-0.0239063,-0.00163438
6.2900e-03,-0.0273438,-0.00134188
6.3000e-03,-0.0279688,-0.00131156
6.3100e-03,-0.028125,-0.00164531
6.3200e-03,-0.0285938,-0.00184125
6.3300e-03,-0.0260937,-0.00176719
6.3400e-03,-0.0292188,-0.00186031
6.3500e-03,-0.0315625,-0.00134688
6.3600e-03,-0.0340625,-0.00134531
6.3700e-03,-0.0365625,-0.00190094
6.3800e-03,-0.04,-0.00182688
6.3900e-03,-0.0325,-0.00209063
6.4000e-03,-0.0232812,-0.00237188
6.4100e-03,-0.0326562,-0.00135406
6.4200e-03,-0.030625,-0.00206594
6.4300e-03,-0.0284375,-0.00150844
6.4400e-03,-0.0275,-0.00240656
6.4500e-03,-0.0185937,-0.00164438
6.4600e-03,-0.0215625,-0.00185875
6.4700e-03,-0.0307813,-0.00199656
6.4800e-03,-0.0225,-0.00160719
6.4900e-03,-0.0314062,-0.00164406
6.5000e-03,-0.035,-0.00189625
6.5100e-03,-0.0185937,-0.00161281
6.5200e-03,-0.0270312,-0.00158406
6.5300e-03,-0.0239063,-0.00144313
6.5400e-03,-0.0390625,-0.00149531
6.5500e-03,-0.0320312,-0.00158719
6.5600e-03,-0.025,-0.00202125
6.5700e-03,-0.0359375,-0.00166656
6.5800e-03,-0.03625,-0.00167875
6.5900e-03,-0.0301563,-0.00216594
6.6000e-03,-0.026875,-0.00152469
6.6100e-03,-0.0335937,-0.00190156
6.6200e-03,-0.0310937,-0.00117438
6.6300e-03,-0.0264062,-0.00175
6.6400e-03,-0.03,-0.00171531
6.6500e-03,-0.0215625,-0.00178719
6.6600e-03,-0.0279688,-0.00159531
6.6700e-03,-0.0301563,-0.00194938
6.6800e-03,-0.026875,-0.00181625
6.6900e-03,-0.0295313,-0.00211344
6.7000e-03,-0.036875,-0.00131875
6.7100e-03,-0.0421875,-0.00116
6.7200e-03,-0.0270312,-0.00151438
6.7300e-03,-0.038125,-0.00183688
6.7400e-03,-0.0285938,-0.00173188
6.7500e-03,-0.0315625,-0.0019175
6.7600e-03,-0.03,-0.00171063
6.7700e-03,-0.02375,-0.0021625
6.7800e-03,-0.0304688,-0.00183438
6.7900e-03,-0.041875,-0.00161375
6.8000e-03,-0.0279688,-0.00166094
6.8100e-03,-0.0353125,-0.00171875
6.8200e-03,-0.0290625,-0.00147125
6.8300e-03,-0.0326562,-0.00197281
6.8400e-03,-0.028125,-0.00178563
6.8500e-03,-0.0396875,-0.00161594
6.8600e-03,-0.0440625,-0.00109938
6.8700e-03,-0.02625,-0.00193531
6.8800e-03,-0.0435938,-0.00164219
6.8900e-03,-0.0325,-0.00134281
6.9000e-03,-0.0348437,-0.00159344
6.9100e-03,-0.0346875,-0.00137625
6.9200e-03,-0.03125,-0.00152781
6.9300e-03,-0.0254688,-0.00157281
6.9400e-03,-0.0329688,-0.00143281
6.9500e-03,-0.03125,-0.00163656
6.9600e-03,-0.0342187,-0.00144375
6.9700e-03,-0.03,-0.00157781
6.9800e-03,-0.0248438,-0.00167438
6.9900e-03,-0.020625,-0.00126375
7.0000e-03,-0.029375,-0.00158938
7.0100e-03,-0.0309375,-0.00184094
7.0200e-03,-0.0325,-0.00151313
7.0300e-03,-0.0328125,-0.0022775
7.0400e-03,-0.0278125,-0.00178625
7.0500e-03,-0.0248438,-0.00165094
7.0600e-03,-0.0315625,-0.00175875
7.0700e-03,-0.0371875,-0.00212188
7.0800e-03,-0.03625,-0.00185969
7.0900e-03,-0.0248438,-0.0019175
7.1000e-03,-0.0339062,-0.00193688
7.1100e-03,-0.0385937,-0.00159563
7.1200e-03,-0.0390625,-0.00138594
7.1300e-03,-0.0265625,-0.00170094
7.1400e-03,-0.0296875,-0.00120656
7.1500e-03,-0.0354688,-0.00137188
7.1600e-03,-0.0326562,-0.00161344
7.1700e-03,-0.0351562,-0.00184656
7.1800e-03,-0.0264062,-0.00218188
7.1900e-03,-0.0328125,-0.00180656
7.2000e-03,-0.0276563,-0.00151531
7.2100e-03,-0.0453125,-0.00148313
7.2200e-03,-0.0475,-0.00139
7.2300e-03,-0.0360938,-0.00152875
7.2400e-03,-0.0451563,-0.00174375
7.2500e-03,-0.0398437,-0.00155875
7.2600e-03,-0.0289063,-0.00171375
7.2700e-03,-0.0328125,-0.0019875
7.2800e-03,-0.0271875,-0.00186156
7.2900e-03,-0.0384375,-0.00236969
7.3000e-03,-0.0334375,-0.00179906
7.3100e-03,-0.0307813,-0.00217
7.3200e-03,-0.033125,-0.00194125
7.3300e-03,-0.04375,-0.00127469
7.3400e-03,-0.0253125,-0.00164906
7.3500e-03,-0.0470312,-0.00165906
7.3600e-03,-0.0359375,-0.00226125
7.3700e-03,-0.0265625,-0.00136063
7.3800e-03,-0.0354688,-0.00164063
7.3900e-03,-0.0403125,-0.0015025
7.4000e-03,-0.031875,-0.001435
7.4100e-03,-0.0445313,-0.00139875
7.4200e-03,-0.0335937,-0.00186563
7.4300e-03,-0.0434375,-0.00140156
7.4400e-03,-0.0457813,-0.00189906
7.4500e-03,-0.0378125,-0.00122969
7.4600e-03,-0.0264062,-0.0012125
7.4700e-03,-0.0401563,-0.00162281
7.4800e-03,-0.036875,-0.00167781
7.4900e-03,-0.0279688,-0.00158281
7.5000e-03,-0.029375,-0.00201844
7.5100e-03,-0.0201563,-0.00224906
7.5200e-03,-0.0354688,-0.00254531
7.5300e-03,-0.041875,-0.00138219
7.5400e-03,-0.0460938,-0.00214344
7.5500e-03,-0.0346875,-0.00172156
7.5600e-03,-0.0398437,-0.00160625
7.5700e-03,-0.0323438,-0.00156188
7.5800e-03,-0.0267187,-0.00191156
7.5900e-03,-0.0325,-0.00146813
7.6000e-03,-0.028125,-0.00144156
7.6100e-03,-0.0367188,-0.0013075
7.6200e-03,-0.045625,-0.00188
7.6300e-03,-0.03875,-0.00145375
7.6400e-03,-0.030625,-0.00150313
7.6500e-03,-0.0303125,-0.00170719
7.6600e-03,-0.044375,-0.00223563
7.6700e-03,-0.0517188,-0.001415
7.6800e-03,-0.0278125,-0.00166781
7.6900e-03,-0.0375,-0.00158406
7.7000e-03,-0.044375,-0.00204656
7.7100e-03,-0.03375,-0.00166188
7.7200e-03,-0.0376563,-0.00144219
7.7300e-03,-0.0407813,-0.00179531
7.7400e-03,-0.03125,-0.00178375
7.7500e-03,-0.04875,-0.00158563
7.7600e-03,-0.0459375,-0.00174531
7.7700e-03,-0.0323438,-0.00178094
7.7800e-03,-0.0260937,-0.00150156
7.7900e-03,-0.0453125,-0.00107719
7.8000e-03,-0.0378125,-0.00168
7.8100e-03,-0.0478125,-0.00148344
7.8200e-03,-0.034375,-0.00170094
7.8300e-03,-0.0326562,-0.00193438
7.8400e-03,-0.0315625,-0.00146094
7.8500e-03,-0.023125,-0.00143188
7.8600e-03,-0.0334375,-0.00177844
7.8700e-03,-0.0320312,-0.00171594
7.8800e-03,-0.0348437,-0.00146406
7.8900e-03,-0.0459375,-0.00188188
7.9000e-03,-0.0253125,-0.00145281
7.9100e-03,-0.0340625,-0.00197781
7.9200e-03,-0.0317188,-0.00197156
7.9300e-03,-0.0420312,-0.00146469
7.9400e-03,-0.038125,-0.0014375
7.9500e-03,-0.0475,-0.00201344
7.9600e-03,-0.0370313,-0.00195312
7.9700e-03,-0.0348437,-0.00203125
7.9800e-03,-0.034375,-0.00123375
7.9900e-03,-0.0245313,-0.00147125
8.0000e-03,-0.0365625,-0.00129406
8.0100e-03,-0.0396875,-0.001635
8.0200e-03,-0.036875,-0.0014325
8.0300e-03,-0.0403125,-0.0019425
8.0400e-03,-0.0335937,-0.0014675
8.0500e-03,-0.0417187,-0.00183375
8.0600e-03,-0.0304688,-0.00147625
8.0700e-03,-0.0526563,-0.00188531
8.0800e-03,-0.0375,-0.00129938
8.0900e-03,-0.0315625,-0.00137031
8.1000e-03,-0.0309375,-0.0014475
8.1100e-03,-0.0346875,-0.00203531
8.1200e-03,-0.0492188,-0.0016025
8.1300e-03,-0.0373438,-0.00170688
8.1400e-03,-0.0532813,-0.0016725
8.1500e-03,-0.0442188,-0.00196437
8.1600e-03,-0.0329688,-0.00159563
8.1700e-03,-0.0329688,-0.00178938
8.1800e-03,-0.0470312,-0.00172656
8.1900e-03,-0.0473438,-0.00164
8.2000e-03,-0.0298438,-0.00188219
8.2100e-03,-0.039375,-0.00193781
8.2200e-03,-0.0384375,-0.001815
8.2300e-03,-0.0314062,-0.00187906
8.2400e-03,-0.0346875,-0.00174781
8.2500e-03,-0.0514063,-0.00140969
8.2600e-03,-0.0309375,-0.00157563
8.2700e-03,-0.04375,-0.00202281
8.2800e-03,-0.0375,-0.001865
8.2900e-03,-0.0401563,-0.00212563
8.3000e-03,-0.0307813,-0.00154969
8.3100e-03,-0.04625,-0.00185656
8.3200e-03,-0.0390625,-0.00198844
8.3300e-03,-0.0382813,-0.001785
8.3400e-03,-0.0479688,-0.00160188
8.3500e-03,-0.0267187,-0.00182719
8.3600e-03,-0.046875,-0.001655
8.3700e-03,-0.0284375,-0.00170781
8.3800e-03,-0.0317188,-0.00155969
8.3900e-03,-0.039375,-0.00123
8.4000e-03,-0.041875,-0.00128438
8.4100e-03,-0.0403125,-0.00184094
8.4200e-03,-0.0428125,-0.00208563
8.4300e-03,-0.0417187,-0.00157688
8.4400e-03,-0.0298438,-0.00191344
8.4500e-03,-0.0345312,-0.00136156
8.4600e-03,-0.0429688,-0.00130094
8.4700e-03,-0.0367188,-0.00117375
8.4800e-03,-0.0495312,-0.00157125
8.4900e-03,-0.035625,-0.0017025
8.5000e-03,-0.0446875,-0.00189125
8.5100e-03,-0.0378125,-0.00208094
8.5200e-03,-0.0457813,-0.00215625
8.5300e-03,-0.0429688,-0.00147813
8.5400e-03,-0.0520313,-0.00164781
8.5500e-03,-0.0351562,-0.00147844
8.5600e-03,-0.0348437,-0.00155063
8.5700e-03,-0.0482812,-0.00175875
8.5800e-03,-0.0304688,-0.0018825
8.5900e-03,-0.0373438,-0.00196406
8.6000e-03,-0.0289063,-0.00164031
8.6100e-03,-0.045625,-0.00178156
8.6200e-03,-0.04375,-0.00186281
8.6300e-03,-0.0485938,-0.00189594
8.6400e-03,-0.0382813,-0.001945
8.6500e-03,-0.035625,-0.00141844
8.6600e-03,-0.0360938,-0.00139344
8.6700e-03,-0.0398437,-0.0016375
8.6800e-03,-0.0446875,-0.00161906
8.6900e-03,-0.03625,-0.00201031
8.7000e-03,-0.0298438,-0.00215281
8.7100e-03,-0.0385937,-0.00168125
8.7200e-03,-0.0375,-0.00159813
8.7300e-03,-0.0335937,-0.001715
8.7400e-03,-0.0457813,-0.00173
8.7500e-03,-0.0346875,-0.00182406
8.7600e-03,-0.04,-0.00221063
8.7700e-03,-0.0370313,-0.00178125
8.7800e-03,-0.0354688,-0.00222969
8.7900e-03,-0.0448438,-0.00164
8.8000e-03,-0.0339062,-0.00192875
8.8100e-03,-0.0465625,-0.00157063
8.8200e-03,-0.0434375,-0.00201594
8.8300e-03,-0.0564063,-0.00127063
8.8400e-03,-0.0507812,-0.00156656
8.8500e-03,-0.0390625,-0.00120938
8.8600e-03,-0.0354688,-0.00196969
8.8700e-03,-0.0378125,-0.00167281
8.8800e-03,-0.0371875,-0.00227688
8.8900e-03,-0.0415625,-0.00153281
8.9000e-03,-0.0314062,-0.00185625
8.9100e-03,-0.04375,-0.00167125
8.9200e-03,-0.0317188,-0.00171719
8.9300e-03,-0.0332812,-0.00168219
8.9400e-03,-0.0275,-0.00165188
8.9500e-03,-0.0404687,-0.0021175
8.9600e-03,-0.043125,-0.00193656
8.9700e-03,-0.0395313,-0.00186688
8.9800e-03,-0.0457813,-0.00154719
8.9900e-03,-0.035,-0.00181
9.0000e-03,-0.0478125,-0.0013875
9.0100e-03,-0.0425,-0.00240344
9.0200e-03,-0.0378125,-0.0015725
9.0300e-03,-0.0415625,-0.00243656
9.0400e-03,-0.0428125,-0.00158531
9.0500e-03,-0.0421875,-0.0023475
9.0600e-03,-0.0414063,-0.001795
9.0700e-03,-0.0382813,-0.00215406
9.0800e-03,-0.04625,-0.00126875
9.0900e-03,-0.0371875,-0.00184219
9.1000e-03,-0.0339062,-0.00140875
9.1100e-03,-0.036875,-0.00184438
9.1200e-03,-0.05125,-0.00130219
9.1300e-03,-0.0440625,-0.00192281
9.1400e-03,-0.0425,-0.00144531
9.1500e-03,-0.0414063,-0.00225781
9.1600e-03,-0.0479688,-0.00156531
9.1700e-03,-0.0342187,-0.00215406
9.1800e-03,-0.0479688,-0.00170938
9.1900e-03,-0.0364063,-0.00217906
9.2000e-03,-0.0514063,-0.00114344
9.2100e-03,-0.0539063,-0.00191906
9.2200e-03,-0.039375,-0.00170094
9.2300e-03,-0.045,-0.00187656
9.2400e-03,-0.0475,-0.00197219
9.2500e-03,-0.0392187,-0.00178188
9.2600e-03,-0.0259375,-0.00222313
9.2700e-03,-0.036875,-0.00225594
9.2800e-03,-0.0510938,-0.00163625
9.2900e-03,-0.0410937,-0.00192219
9.3000e-03,-0.0484375,-0.00168156
9.3100e-03,-0.04125,-0.00143406
9.3200e-03,-0.04125,-0.00121
9.3300e-03,-0.0420312,-0.00108219
9.3400e-03,-0.0407813,-0.00140469
9.3500e-03,-0.0325,-0.00132906
9.3600e-03,-0.0364063,-0.00122594
9.3700e-03,-0.0467188,-0.00136375
9.3800e-03,-0.0270312,-0.00156406
9.3900e-03,-0.0439063,-0.00134844
9.4000e-03,-0.0407813,-0.00193719
9.4100e-03,-0.0482812,-0.00172875
9.4200e-03,-0.039375,-0.00171219
9.4300e-03,-0.030625,-0.00145625
9.4400e-03,-0.0432813,-0.001885
9.4500e-03,-0.0310937,-0.00108313
9.4600e-03,-0.0428125,-0.00152813
9.4700e-03,-0.0367188,-0.000914375
9.4800e-03,-0.0354688,-0.0017225
9.4900e-03,-0.045625,-0.00112531
9.5000e-03,-0.0398437,-0.00204906
9.5100e-03,-0.0378125,-0.00115375
9.5200e-03,-0.0484375,-0.00181594
9.5300e-03,-0.0409375,-0.00135438
9.5400e-03,-0.0428125,-0.00183313
9.5500e-03,-0.0582813,-0.00132938
9.5600e-03,-0.0392187,-0.00185844
9.5700e-03,-0.0454688,-0.00117281
9.5800e-03,-0.055625,-0.00196156
9.5900e-03,-0.0501562,-0.00162219
9.6000e-03,-0.0520313,-0.00159125
9.6100e-03,-0.04375,-0.00182875
9.6200e-03,-0.0379688,-0.00189063
9.6300e-03,-0.0385937,-0.00129906
9.6400e-03,-0.0440625,-0.00209625
9.6500e-03,-0.0407813,-0.00220531
9.6600e-03,-0.0346875,-0.00198094
9.6700e-03,-0.0457813,-0.00157719
9.6800e-03,-0.0398437,-0.00181594
9.6900e-03,-0.0498438,-0.00142938
9.7000e-03,-0.0454688,-0.00130313
9.7100e-03,-0.0351562,-0.00222313
9.7200e-03,-0.0471875,-0.00190125
9.7300e-03,-0.0448438,-0.001785
9.7400e-03,-0.0396875,-0.00125719
9.7500e-03,-0.0359375,-0.00210563
9.7600e-03,-0.054375,-0.00196656
9.7700e-03,-0.0340625,-0.00195625
9.7800e-03,-0.0417187,-0.00173906
9.7900e-03,-0.0307813,-0.00170688
9.8000e-03,-0.0365625,-0.00113969
9.8100e-03,-0.0542187,-0.00170281
9.8200e-03,-0.0384375,-0.00101219
9.8300e-03,-0.0515625,-0.00172813
9.8400e-03,-0.0484375,-0.00135063
9.8500e-03,-0.0423437,-0.00180438
9.8600e-03,-0.0546875,-0.00137563
9.8700e-03,-0.0389063,-0.00182
9.8800e-03,-0.0496875,-0.00143
9.8900e-03,-0.0534375,-0.00192188
9.9000e-03,-0.036875,-0.00183844
9.9100e-03,-0.0378125,-0.00190438
9.9200e-03,-0.0521875,-0.00221344
9.9300e-03,-0.0435938,-0.00185406
9.9400e-03,-0.0521875,-0.00162406
9.9500e-03,-0.0379688,-0.001755
9.9600e-03,-0.0457813,-0.00138656
9.9700e-03,-0.055,-0.00162688
9.9800e-03,-0.0335937,-0.00160219
9.9900e-03,-0.0390625,-0.00178625
1.0000e-02,-0.0323438,-0.00132156
1.0010e-02,-0.0423437,-0.00178313
1.0020e-02,-0.0517188,-0.00154719
1.0030e-02,-0.043125,-0.00176719
1.0040e-02,-0.0421875,-0.00199406
1.0050e-02,-0.0378125,-0.00190125
1.0060e-02,-0.041875,-0.00198094
1.0070e-02,-0.0264062,-0.00131375
1.0080e-02,-0.0459375,-0.00147719
1.0090e-02,-0.035625,-0.00143344
1.0100e-02,-0.0453125,-0.0013975
1.0110e-02,-0.0495312,-0.00185156
1.0120e-02,-0.0439063,-0.00207156
1.0130e-02,-0.0507812,-0.00167938
1.0140e-02,-0.0517188,-0.00149531
1.0150e-02,-0.0453125,-0.00223969
1.0160e-02,-0.0498438,-0.00200813
1.0170e-02,-0.044375,-0.00154125
1.0180e-02,-0.0473438,-0.00174625
1.0190e-02,-0.0528125,-0.00166938
1.0200e-02,-0.0421875,-0.00140906
1.0210e-02,-0.0307813,-0.00160656
1.0220e-02,-0.0392187,-0.00136344
1.0230e-02,-0.046875,-0.00135375
1.0240e-02,-0.0448438,-0.00161563
1.0250e-02,-0.0523437,-0.00152656
1.0260e-02,-0.0451563,-0.00163438
1.0270e-02,-0.043125,-0.0018175
1.0280e-02,-0.0359375,-0.00201125
1.0290e-02,-0.0434375,-0.00136469
1.0300e-02,-0.0414063,-0.00208969
1.0310e-02,-0.045,-0.0014275
1.0320e-02,-0.0398437,-0.00146594
1.0330e-02,-0.0465625,-0.00133313
1.0340e-02,-0.0435938,-0.00117063
1.0350e-02,-0.0354688,-0.00172969
1.0360e-02,-0.0426562,-0.00165156
1.0370e-02,-0.0542187,-0.000666563
1.0380e-02,-0.0401563,-0.00166813
1.0390e-02,-0.0359375,-0.0014775
1.0400e-02,-0.0451563,-0.00149719
1.0410e-02,-0.0471875,-0.00164531
1.0420e-02,-0.0498438,-0.0015325
1.0430e-02,-0.0553125,-0.00121406
1.0440e-02,-0.0484375,-0.00174469
1.0450e-02,-0.0478125,-0.00117781
1.0460e-02,-0.0509375,-0.00144688
1.0470e-02,-0.0410937,-0.00146375
1.0480e-02,-0.0453125,-0.0011625
1.0490e-02,-0.0517188,-0.00154219
1.0500e-02,-0.03875,-0.00151531
1.0510e-02,-0.0432813,-0.00224313
1.0520e-02,-0.0507812,-0.00166125
1.0530e-02,-0.0425,-0.00195688
1.0540e-02,-0.0415625,-0.00114531
1.0550e-02,-0.0348437,-0.0016125
1.0560e-02,-0.0323438,-0.00125531
1.0570e-02,-0.035,-0.00219625
1.0580e-02,-0.0404687,-0.00154656
1.0590e-02,-0.04625,-0.00216156
1.0600e-02,-0.0607812,-0.00207156
1.0610e-02,-0.0429688,-0.0018625
1.0620e-02,-0.0473438,-0.00174719
1.0630e-02,-0.060625,-0.00238063
1.0640e-02,-0.046875,-0.00220625
1.0650e-02,-0.043125,-0.00165969
1.0660e-02,-0.0475,-0.00186375
1.0670e-02,-0.0509375,-0.0019575
1.0680e-02,-0.0435938,-0.00202438
1.0690e-02,-0.0439063,-0.00148156
1.0700e-02,-0.0464062,-0.00204281
1.0710e-02,-0.0504687,-0.000830625
1.0720e-02,-0.0557813,-0.00117313
1.0730e-02,-0.0465625,-0.00134688
1.0740e-02,-0.0539063,-0.00189094
1.0750e-02,-0.0332812,-0.00129344
1.0760e-02,-0.0326562,-0.00188531
1.0770e-02,-0.0521875,-0.00168281
1.0780e-02,-0.0440625,-0.00223594
1.0790e-02,-0.0434375,-0.00103
1.0800e-02,-0.045,-0.0021875
1.0810e-02,-0.0510938,-0.00183156
1.0820e-02,-0.0351562,-0.00179125
1.0830e-02,-0.03875,-0.00168438
1.0840e-02,-0.0451563,-0.00196844
1.0850e-02,-0.0428125,-0.00133781
1.0860e-02,-0.0532813,-0.00143656
1.0870e-02,-0.0482812,-0.00161969
1.0880e-02,-0.0546875,-0.00124344
1.0890e-02,-0.048125,-0.00142719
1.0900e-02,-0.0467188,-0.00147063
1.0910e-02,-0.0339062,-0.00159938
1.0920e-02,-0.0375,-0.00154031
1.0930e-02,-0.0501562,-0.00212906
1.0940e-02,-0.0503125,-0.00176625
1.0950e-02,-0.04375,-0.00151844
1.0960e-02,-0.0364063,-0.00165188
1.0970e-02,-0.0403125,-0.00197406
1.0980e-02,-0.04875,-0.00155281
1.0990e-02,-0.044375,-0.00158813
1.1000e-02,-0.045,-0.00162656
1.1010e-02,-0.0485938,-0.00158656
1.1020e-02,-0.035,-0.00136375
1.1030e-02,-0.039375,-0.00188375
1.1040e-02,-0.0467188,-0.00197031
1.1050e-02,-0.0425,-0.00160063
1.1060e-02,-0.0376563,-0.00187125
1.1070e-02,-0.0346875,-0.00237344
1.1080e-02,-0.0573437,-0.00159344
1.1090e-02,-0.0540625,-0.00142188
1.1100e-02,-0.0365625,-0.00149344
1.1110e-02,-0.0440625,-0.00118
1.1120e-02,-0.0457813,-0.00146625
1.1130e-02,-0.0471875,-0.00179094
1.1140e-02,-0.051875,-0.00180906
1.1150e-02,-0.0435938,-0.00184344
1.1160e-02,-0.0371875,-0.00243438
1.1170e-02,-0.0459375,-0.00236656
1.1180e-02,-0.0490625,-0.00192406
1.1190e-02,-0.0521875,-0.00113875
1.1200e-02,-0.0473438,-0.00164438
1.1210e-02,-0.0579687,-0.00121969
1.1220e-02,-0.0409375,-0.00125906
1.1230e-02,-0.044375,-0.00127219
1.1240e-02,-0.0546875,-0.00155438
1.1250e-02,-0.0403125,-0.00166063
1.1260e-02,-0.0532813,-0.00168219
1.1270e-02,-0.0495312,-0.00196719
1.1280e-02,-0.036875,-0.00146594
1.1290e-02,-0.0476562,-0.00163125
1.1300e-02,-0.036875,-0.001565
1.1310e-02,-0.0401563,-0.0019275
1.1320e-02,-0.0440625,-0.00158188
1.1330e-02,-0.050625,-0.00225031
1.1340e-02,-0.0357813,-0.00155406
1.1350e-02,-0.0370313,-0.00186
1.1360e-02,-0.0545313,-0.00180469
1.1370e-02,-0.0517188,-0.0017425
1.1380e-02,-0.035,-0.00178875
1.1390e-02,-0.0503125,-0.00188688
1.1400e-02,-0.0492188,-0.00170469
1.1410e-02,-0.0470312,-0.00177656
1.1420e-02,-0.0546875,-0.00178844
1.1430e-02,-0.0503125,-0.00142781
1.1440e-02,-0.038125,-0.0010025
1.1450e-02,-0.0309375,-0.00168688
1.1460e-02,-0.0379688,-0.00171469
1.1470e-02,-0.045,-0.0022675
1.1480e-02,-0.0453125,-0.00171531
1.1490e-02,-0.050625,-0.001755
1.1500e-02,-0.0448438,-0.00228813
1.1510e-02,-0.03875,-0.00226563
1.1520e-02,-0.054375,-0.00239
1.1530e-02,-0.0395313,-0.00170219
1.1540e-02,-0.043125,-0.00177844
1.1550e-02,-0.0565625,-0.00147031
1.1560e-02,-0.0398437,-0.00198188
1.1570e-02,-0.0421875,-0.00146344
1.1580e-02,-0.058125,-0.00169219
1.1590e-02,-0.0535937,-0.00133719
1.1600e-02,-0.045625,-0.00198469
1.1610e-02,-0.0410937,-0.00183313
1.1620e-02,-0.0410937,-0.00168906
1.1630e-02,-0.0525,-0.00165063
1.1640e-02,-0.0373438,-0.00172063
1.1650e-02,-0.0328125,-0.00112375
1.1660e-02,-0.0435938,-0.001415
1.1670e-02,-0.0340625,-0.0016125
1.1680e-02,-0.05875,-0.00173125
1.1690e-02,-0.0492188,-0.00193
1.1700e-02,-0.0398437,-0.00153594
1.1710e-02,-0.0392187,-0.0018175
1.1720e-02,-0.0478125,-0.00170438
1.1730e-02,-0.0567187,-0.00121281
1.1740e-02,-0.0446875,-0.00154563
1.1750e-02,-0.0490625,-0.00223906
1.1760e-02,-0.0407813,-0.00171875
1.1770e-02,-0.0426562,-0.00144063
1.1780e-02,-0.0432813,-0.00153781
1.1790e-02,-0.0551563,-0.00144219
1.1800e-02,-0.0320312,-0.0012775
1.1810e-02,-0.044375,-0.00138
1.1820e-02,-0.045625,-0.00174281
1.1830e-02,-0.0485938,-0.00119156
1.1840e-02,-0.0482812,-0.00166375
1.1850e-02,-0.043125,-0.00163344
1.1860e-02,-0.0464062,-0.00157031
1.1870e-02,-0.0454688,-0.00131938
1.1880e-02,-0.0329688,-0.00188719
1.1890e-02,-0.0410937,-0.00176656
1.1900e-02,-0.049375,-0.00205781
1.1910e-02,-0.0496875,-0.00169281
1.1920e-02,-0.0446875,-0.0019375
1.1930e-02,-0.0485938,-0.00191625
1.1940e-02,-0.0432813,-0.001395
1.1950e-02,-0.0471875,-0.00132969
1.1960e-02,-0.05625,-0.00150188
1.1970e-02,-0.040625,-0.00178156
1.1980e-02,-0.038125,-0.00160906
1.1990e-02,-0.039375,-0.0016025
1.2000e-02,-0.0385937,-0.00161469
1.2010e-02,-0.0539063,-0.00132688
1.2020e-02,-0.0489062,-0.00174406
1.2030e-02,-0.0501562,-0.00201094
1.2040e-02,-0.0414063,-0.00187563
1.2050e-02,-0.0460938,-0.00171906
1.2060e-02,-0.0496875,-0.00239031
1.2070e-02,-0.0515625,-0.00160875
1.2080e-02,-0.05625,-0.00203438
1.2090e-02,-0.0576563,-0.00219094
1.2100e-02,-0.0465625,-0.00161875
1.2110e-02,-0.0445313,-0.00136063
1.2120e-02,-0.0392187,-0.00149969
1.2130e-02,-0.0514063,-0.00144688
1.2140e-02,-0.0526563,-0.00160625
1.2150e-02,-0.0478125,-0.00169594
1.2160e-02,-0.0535937,-0.00178094
1.2170e-02,-0.0492188,-0.00152594
1.2180e-02,-0.0484375,-0.00172781
1.2190e-02,-0.0384375,-0.00167469
1.2200e-02,-0.0407813,-0.00209531
1.2210e-02,-0.0528125,-0.00115656
1.2220e-02,-0.0429688,-0.00175313
1.2230e-02,-0.0342187,-0.0014325
1.2240e-02,-0.05,-0.00145969
1.2250e-02,-0.0464062,-0.002005
1.2260e-02,-0.0453125,-0.00164844
1.2270e-02,-0.0473438,-0.00188719
1.2280e-02,-0.0553125,-0.00169188
1.2290e-02,-0.0526563,-0.00187219
1.2300e-02,-0.0478125,-0.00174
1.2310e-02,-0.043125,-0.00135063
1.2320e-02,-0.0570313,-0.00148813
1.2330e-02,-0.0548437,-0.00196469
1.2340e-02,-0.0409375,-0.00149594
1.2350e-02,-0.0517188,-0.0018725
1.2360e-02,-0.0448438,-0.00199969
1.2370e-02,-0.0573437,-0.0017775
1.2380e-02,-0.0510938,-0.00189344
1.2390e-02,-0.0548437,-0.00190625
1.2400e-02,-0.054375,-0.00200375
1.2410e-02,-0.0375,-0.00178125
1.2420e-02,-0.0421875,-0.00169313
1.2430e-02,-0.0482812,-0.00178719
1.2440e-02,-0.0459375,-0.00159094
1.2450e-02,-0.0440625,-0.00166531
1.2460e-02,-0.0576563,-0.00176594
1.2470e-02,-0.05125,-0.00169406
1.2480e-02,0.462187,-0.00145688
1.2490e-02,0.154063,-0.00325281
1.2500e-02,0.145469,-0.00434937
1.2510e-02,1.49578,-0.00512406
1.2520e-02,0.0448438,-0.00488125
1.2530e-02,0.0914062,-0.00505188
1.2540e-02,0.106719,-0.005055
1.2550e-02,0.0878125,-0.005025
1.2560e-02,0.0845313,-0.004905
1.2570e-02,0.0670313,-0.00508188
1.2580e-02,0.05375,-0.00506719
1.2590e-02,0.0625,-0.00491469
1.2600e-02,0.056875,-0.00494156
1.2610e-02,0.038125,-0.00498875
1.2620e-02,0.0404687,-0.00488563
1.2630e-02,0.0339062,-0.00485219
1.2640e-02,0.0273438,-0.00496188
1.2650e-02,0.0335938,-0.00500031
1.2660e-02,0.02625,-0.00486313
1.2670e-02,0.018125,-0.00508344
1.2680e-02,0.0373437,-0.00503281
1.2690e-02,0.0146875,-0.00498531
1.2700e-02,0.0134375,-0.00478719
1.2710e-02,0.0209375,-0.00489156
1.2720e-02,0.0184375,-0.00503625
1.2730e-02,0.0140625,-0.00479906
1.2740e-02,0.0235938,-0.00294688
1.2750e-02,0.0173438,-0.0018825
1.2760e-02,0.0145312,-0.00150625
1.2770e-02,0.0151562,-0.00210406
1.2780e-02,0.00375,-0.00271844
1.2790e-02,0.0101562,-0.00229094
1.2800e-02,-0.00265625,-0.00170531
1.2810e-02,0.0154687,-0.00156875
1.2820e-02,0.00765625,-0.001195
1.2830e-02,0.011875,-0.0016475
1.2840e-02,-0.00859375,-0.00219531
1.2850e-02,-0.0021875,-0.00243
1.2860e-02,-0.0046875,-0.00168281
1.2870e-02,0.00203125,-0.00150594
1.2880e-02,0.0053125,-0.00107281
1.2890e-02,-0.00015625,-0.00213844
1.2900e-02,-0.00296875,-0.00184906
1.2910e-02,-0.00421875,-0.00251781
1.2920e-02,-0.010625,-0.00178656
1.2930e-02,-0.00546875,-0.00202
1.2940e-02,-0.00140625,-0.001195
1.2950e-02,0.0120312,-0.00213219
1.2960e-02,0.0028125,-0.00119156
1.2970e-02,-0.00328125,-0.00275563
1.2980e-02,-0.00421875,-0.00156719
1.2990e-02,-0.00625,-0.00223563
1.3000e-02,-0.0040625,-0.00149938
1.3010e-02,-0.00453125,-0.00157469
1.3020e-02,-0.0021875,-0.00151406
1.3030e-02,-0.00984375,-0.00251
1.3040e-02,0.00078125,-0.00154969
1.3050e-02,-0.00609375,-0.00238688
1.3060e-02,-0.0121875,-0.00160625
1.3070e-02,-0.0090625,-0.00202688
1.3080e-02,-0.0104688,-0.00167
1.3090e-02,-0.00375,-0.00180719
1.3100e-02,0.00015625,-0.00189719
1.3110e-02,-0.00375,-0.00192656
1.3120e-02,-0.0134375,-0.00164125
1.3130e-02,-0.0109375,-0.00186813
1.3140e-02,-0.0120313,-0.00169406
1.3150e-02,-0.00734375,-0.00152531
1.3160e-02,0.0028125,-0.00206969
1.3170e-02,-0.0184375,-0.00212719
1.3180e-02,-0.0053125,-0.00176531
1.3190e-02,-0.0153125,-0.0018975
1.3200e-02,-0.0129688,-0.00123969
1.3210e-02,-0.0101563,-0.000956563
1.3220e-02,-0.0226562,-0.00184656
1.3230e-02,-0.0114062,-0.00111531
1.3240e-02,-0.0160938,-0.0019725
1.3250e-02,-0.0109375,-0.00151469
1.3260e-02,-0.0151562,-0.00196156
1.3270e-02,-0.0140625,-0.0013825
1.3280e-02,-0.00671875,-0.00220563
1.3290e-02,-0.0103125,-0.00194938
1.3300e-02,-0.0184375,-0.00213969
1.3310e-02,-0.014375,-0.00147813
1.3320e-02,-0.0071875,-0.0013825
1.3330e-02,-0.0251563,-0.00190688
1.3340e-02,-0.0182812,-0.00164063
1.3350e-02,-0.0157813,-0.0010625
1.3360e-02,-0.0184375,-0.00214531
1.3370e-02,-0.0204688,-0.00151625
1.3380e-02,-0.0246875,-0.00193031
1.3390e-02,-0.00375,-0.00139188
1.3400e-02,-0.00984375,-0.00223094
1.3410e-02,-0.0139063,-0.00168188
1.3420e-02,-0.0182812,-0.00206938
1.3430e-02,-0.016875,-0.00175406
1.3440e-02,-0.0140625,-0.00177219
1.3450e-02,-0.0176563,-0.00177125
1.3460e-02,-0.0182812,-0.00201219
1.3470e-02,-0.0140625,-0.00150063
1.3480e-02,-0.0270312,-0.00175344
1.3490e-02,-0.0214063,-0.00104031
1.3500e-02,-0.0126563,-0.00189344
1.3510e-02,-0.0204688,-0.00124875
1.3520e-02,-0.0165625,-0.00157
1.3530e-02,-0.0160938,-0.00125938
1.3540e-02,-0.0223437,-0.00151875
1.3550e-02,-0.0207813,-0.0017025
1.3560e-02,-0.0173438,-0.002275
1.3570e-02,-0.01,-0.00134938
1.3580e-02,-0.0228125,-0.00164375
1.3590e-02,-0.02375,-0.00159781
1.3600e-02,-0.0246875,-0.00153719
1.3610e-02,-0.0310937,-0.00152375
1.3620e-02,-0.0232812,-0.001535
1.3630e-02,-0.0234375,-0.0021525
1.3640e-02,-0.00578125,-0.00199406
1.3650e-02,-0.00625,-0.00143219
1.3660e-02,-0.0229687,-0.001345
1.3670e-02,-0.01125,-0.00152875
1.3680e-02,-0.030625,-0.00187063
1.3690e-02,-0.00984375,-0.00119688
1.3700e-02,-0.0210938,-0.00227188
1.3710e-02,-0.0248438,-0.00256719
1.3720e-02,-0.0204688,-0.00208656
1.3730e-02,-0.0309375,-0.00151781
1.3740e-02,-0.00828125,-0.00176656
1.3750e-02,-0.0142188,-0.00202563
1.3760e-02,-0.0289063,-0.00208906
1.3770e-02,-0.0171875,-0.00143781
1.3780e-02,-0.0128125,-0.00243406
1.3790e-02,-0.0234375,-0.00183375
1.3800e-02,-0.0239063,-0.00175438
1.3810e-02,-0.0267187,-0.00128219
1.3820e-02,-0.0310937,-0.00183969
1.3830e-02,-0.02625,-0.0014325
1.3840e-02,-0.0170313,-0.00135219
1.3850e-02,-0.023125,-0.00129
1.3860e-02,-0.015,-0.00144406
1.3870e-02,-0.0285938,-0.00119438
1.3880e-02,-0.0210938,-0.00168719
1.3890e-02,-0.0239063,-0.00139656
1.3900e-02,-0.00921875,-0.00210094
1.3910e-02,-0.02875,-0.00182125
1.3920e-02,-0.0254688,-0.00234406
1.3930e-02,-0.0207813,-0.00197375
1.3940e-02,-0.0192187,-0.00216938
1.3950e-02,-0.0189062,-0.00194031
1.3960e-02,-0.0221875,-0.0016575
1.3970e-02,-0.0221875,-0.00157188
1.3980e-02,-0.030625,-0.00184094
1.3990e-02,-0.0210938,-0.00149719
1.4000e-02,-0.0151562,-0.00178031
1.4010e-02,-0.0279688,-0.00139563
1.4020e-02,-0.035,-0.00142406
1.4030e-02,-0.0246875,-0.00135563
1.4040e-02,-0.0417187,-0.00158125
1.4050e-02,-0.03,-0.00155844
1.4060e-02,-0.0207813,-0.00100469
1.4070e-02,-0.0292188,-0.00197281
1.4080e-02,-0.011875,-0.00183188
1.4090e-02,-0.03,-0.00166656
1.4100e-02,-0.0264062,-0.00169281
1.4110e-02,-0.0375,-0.00177563
1.4120e-02,-0.0267187,-0.00212813
1.4130e-02,-0.0276563,-0.0017025
1.4140e-02,-0.0339062,-0.00136688
1.4150e-02,-0.0370313,-0.00206719
1.4160e-02,-0.031875,-0.00163469
1.4170e-02,-0.0175,-0.00205688
1.4180e-02,-0.0264062,-0.00164031
1.4190e-02,-0.03,-0.00139813
1.4200e-02,-0.0203125,-0.00128781
1.4210e-02,-0.0342187,-0.00149125
1.4220e-02,-0.0364063,-0.00169531
1.4230e-02,-0.0345312,-0.00139
1.4240e-02,-0.0257812,-0.00194188
1.4250e-02,-0.0279688,-0.00167688
1.4260e-02,-0.0415625,-0.00228969
1.4270e-02,-0.0275,-0.0021475
1.4280e-02,-0.033125,-0.0018725
1.4290e-02,-0.0232812,-0.0018625
1.4300e-02,-0.031875,-0.00187969
1.4310e-02,-0.033125,-0.00110844
1.4320e-02,-0.0282813,-0.00186531
1.4330e-02,-0.0240625,-0.001065
1.4340e-02,-0.028125,-0.00203375
1.4350e-02,-0.0276563,-0.001925
1.4360e-02,-0.0273438,-0.00179875
1.4370e-02,-0.0259375,-0.001435
1.4380e-02,-0.0220313,-0.00199094
1.4390e-02,-0.029375,-0.00192406
1.4400e-02,-0.0323438,-0.00179938
1.4410e-02,-0.0215625,-0.00183156
1.4420e-02,-0.0217188,-0.00136469
1.4430e-02,-0.0173438,-0.00130063
1.4440e-02,-0.0354688,-0.00107563
1.4450e-02,-0.0278125,-0.00155844
1.4460e-02,-0.0267187,-0.00186344
1.4470e-02,-0.0254688,-0.00156594
1.4480e-02,-0.0220313,-0.00193094
1.4490e-02,-0.0315625,-0.00161813
1.4500e-02,-0.0304688,-0.00145719
1.4510e-02,-0.0339062,-0.00176031
1.4520e-02,-0.0215625,-0.00175906
1.4530e-02,-0.0245313,-0.00161469
1.4540e-02,-0.0304688,-0.00151438
1.4550e-02,-0.0314062,-0.00146
1.4560e-02,-0.0304688,-0.00154688
1.4570e-02,-0.0332812,-0.00179094
1.4580e-02,-0.0259375,-0.00184156
1.4590e-02,-0.0359375,-0.00171656
1.4600e-02,-0.0298438,-0.00144313
1.4610e-02,-0.0271875,-0.00178688
1.4620e-02,-0.0295313,-0.00159188
1.4630e-02,-0.0332812,-0.00189469
1.4640e-02,-0.0373438,-0.00186375
1.4650e-02,-0.030625,-0.00201031
1.4660e-02,-0.0226562,-0.00151531
1.4670e-02,-0.0242188,-0.00178688
1.4680e-02,-0.0364063,-0.00159531
1.4690e-02,-0.0325,-0.00193781
1.4700e-02,-0.023125,-0.00182531
1.4710e-02,-0.0325,-0.00176844
1.4720e-02,-0.03,-0.00144594
1.4730e-02,-0.0376563,-0.00190781
1.4740e-02,-0.0278125,-0.00156313
1.4750e-02,-0.0335937,-0.00210219
1.4760e-02,-0.0332812,-0.00172219
1.4770e-02,-0.0253125,-0.00160844
1.4780e-02,-0.0175,-0.00184219
1.4790e-02,-0.0379688,-0.00138531
1.4800e-02,-0.0307813,-0.00190969
1.4810e-02,-0.02,-0.00164125
1.4820e-02,-0.035625,-0.00153313
1.4830e-02,-0.03125,-0.00174375
1.4840e-02,-0.0190625,-0.00152906
1.4850e-02,-0.0240625,-0.00106313
1.4860e-02,-0.0303125,-0.00204438
1.4870e-02,-0.0320312,-0.00143844
1.4880e-02,-0.0360938,-0.00209875
1.4890e-02,-0.0414063,-0.00182469
1.4900e-02,-0.0359375,-0.00203031
1.4910e-02,-0.0240625,-0.00153438
1.4920e-02,-0.0264062,-0.00185469
1.4930e-02,-0.0367188,-0.001755
1.4940e-02,-0.0298438,-0.00185625
1.4950e-02,-0.0248438,-0.00175531
1.4960e-02,-0.0273438,-0.00202906
1.4970e-02,-0.0329688,-0.00149063
1.4980e-02,-0.03125,-0.00228344
1.4990e-02,-0.0265625,-0.00156438
1.5000e-02,-0.0404687,-0.00154594
1.5010e-02,-0.0415625,-0.00144969
1.5020e-02,-0.0271875,-0.00166531
1.5030e-02,-0.026875,-0.00137156
1.5040e-02,-0.0232812,-0.00189938
1.5050e-02,-0.0382813,-0.0020325
1.5060e-02,-0.0273438,-0.00189813
1.5070e-02,-0.0254688,-0.00151563
1.5080e-02,-0.0284375,-0.00134281
1.5090e-02,-0.0390625,-0.00179656
1.5100e-02,-0.0290625,-0.00152594
1.5110e-02,-0.0303125,-0.00145719
1.5120e-02,-0.0364063,-0.00139344
1.5130e-02,-0.035625,-0.001855
1.5140e-02,-0.0351562,-0.00159906
1.5150e-02,-0.033125,-0.00220531
1.5160e-02,-0.036875,-0.00126906
1.5170e-02,-0.0348437,-0.00180938
1.5180e-02,-0.0389063,-0.00150375
1.5190e-02,-0.0365625,-0.00160219
1.5200e-02,-0.0382813,-0.0015525
1.5210e-02,-0.0364063,-0.00169406
1.5220e-02,-0.0401563,-0.00155875
1.5230e-02,-0.0320312,-0.00134031
1.5240e-02,-0.0398437,-0.00204375
1.5250e-02,-0.0385937,-0.00233281
1.5260e-02,-0.0321875,-0.00207969
1.5270e-02,-0.0332812,-0.00189906
1.5280e-02,-0.0417187,-0.00200469
1.5290e-02,-0.0270312,-0.0015575
1.5300e-02,-0.03375,-0.00176938
1.5310e-02,-0.0454688,-0.00160969
1.5320e-02,-0.03875,-0.00176375
1.5330e-02,-0.0382813,-0.00163844
1.5340e-02,-0.0354688,-0.00188563
1.5350e-02,-0.0389063,-0.00167031
1.5360e-02,-0.0434375,-0.00180156
1.5370e-02,-0.0317188,-0.00137406
1.5380e-02,-0.0275,-0.00209875
1.5390e-02,-0.02875,-0.00115063
1.5400e-02,-0.0310937,-0.00218063
1.5410e-02,-0.0275,-0.00140875
1.5420e-02,-0.03375,-0.00225281
1.5430e-02,-0.0364063,-0.0013625
1.5440e-02,-0.029375,-0.00164563
1.5450e-02,-0.0345312,-0.001635
1.5460e-02,-0.0379688,-0.00186313
1.5470e-02,-0.0426562,-0.00152188
1.5480e-02,-0.0414063,-0.00173813
1.5490e-02,-0.0367188,-0.00188906
1.5500e-02,-0.0329688,-0.00167125
1.5510e-02,-0.0298438,-0.00165063
1.5520e-02,-0.0254688,-0.0023225
1.5530e-02,-0.0373438,-0.00201156
1.5540e-02,-0.0370313,-0.00224344
1.5550e-02,-0.0360938,-0.00157469
1.5560e-02,-0.0153125,-0.00213313
1.5570e-02,-0.0310937,-0.00166313
1.5580e-02,-0.0275,-0.00161125
1.5590e-02,-0.0284375,-0.00156156
1.5600e-02,-0.0470312,-0.00151156
1.5610e-02,-0.0401563,-0.00183781
1.5620e-02,-0.03875,-0.00181375
1.5630e-02,-0.0307813,-0.00120969
1.5640e-02,-0.0551563,-0.00144313
1.5650e-02,-0.0325,-0.00105313
1.5660e-02,-0.0296875,-0.00151688
1.5670e-02,-0.0421875,-0.00175125
1.5680e-02,-0.0335937,-0.00165531
1.5690e-02,-0.0329688,-0.0021
1.5700e-02,-0.0409375,-0.00176094
1.5710e-02,-0.0409375,-0.00150094
1.5720e-02,-0.0360938,-0.00109563
1.5730e-02,-0.03625,-0.00130156
1.5740e-02,-0.0351562,-0.00142938
1.5750e-02,-0.0275,-0.00156938
1.5760e-02,-0.03875,-0.00184813
1.5770e-02,-0.0457813,-0.00182875
1.5780e-02,-0.034375,-0.00148719
1.5790e-02,-0.0382813,-0.00131906
1.5800e-02,-0.0420312,-0.0014175
1.5810e-02,-0.0453125,-0.00164156
1.5820e-02,-0.0245313,-0.00151344
1.5830e-02,-0.035625,-0.00138094
1.5840e-02,-0.0370313,-0.00164844
1.5850e-02,-0.0417187,-0.00183438
1.5860e-02,-0.0384375,-0.00143063
1.5870e-02,-0.0340625,-0.00156563
1.5880e-02,-0.0557813,-0.00154219
1.5890e-02,-0.03375,-0.00230813
1.5900e-02,-0.0409375,-0.0020625
1.5910e-02,-0.0442188,-0.00176563
1.5920e-02,-0.02875,-0.00188844
1.5930e-02,-0.0309375,-0.00161438
1.5940e-02,-0.0439063,-0.002165
1.5950e-02,-0.0295313,-0.00164406
1.5960e-02,-0.0404687,-0.00257094
1.5970e-02,-0.0420312,-0.00222313
1.5980e-02,-0.0503125,-0.00194563
1.5990e-02,-0.03375,-0.00150406
1.6000e-02,-0.0273438,-0.00189094
1.6010e-02,-0.0364063,-0.0018975
1.6020e-02,-0.0440625,-0.00190531
1.6030e-02,-0.0426562,-0.00132281
1.6040e-02,-0.0485938,-0.00167531
1.6050e-02,-0.0414063,-0.00173625
1.6060e-02,-0.0440625,-0.00180063
1.6070e-02,-0.0376563,-0.00181156
1.6080e-02,-0.0376563,-0.00172125
1.6090e-02,-0.0315625,-0.00153031
1.6100e-02,-0.0382813,-0.00138469
1.6110e-02,-0.036875,-0.00174688
1.6120e-02,-0.0428125,-0.0010475
1.6130e-02,-0.0328125,-0.00210875
1.6140e-02,-0.0420312,-0.00190063
1.6150e-02,-0.0332812,-0.00200281
1.6160e-02,-0.0439063,-0.00178813
1.6170e-02,-0.040625,-0.0022125
1.6180e-02,-0.0375,-0.00150531
1.6190e-02,-0.0267187,-0.0012675
1.6200e-02,-0.0345312,-0.00131844
1.6210e-02,-0.0357813,-0.00132781
1.6220e-02,-0.0296875,-0.00203937
1.6230e-02,-0.0321875,-0.00120125
1.6240e-02,-0.0410937,-0.00160344
1.6250e-02,-0.0292188,-0.00170313
1.6260e-02,-0.0317188,-0.00164469
1.6270e-02,-0.036875,-0.00190188
1.6280e-02,-0.0464062,-0.00167625
1.6290e-02,-0.0339062,-0.00201219
1.6300e-02,-0.0378125,-0.00172438
1.6310e-02,-0.0429688,-0.00137938
1.6320e-02,-0.0375,-0.00182438
1.6330e-02,-0.0425,-0.00169688
1.6340e-02,-0.034375,-0.00170688
1.6350e-02,-0.0326562,-0.00162
1.6360e-02,-0.0273438,-0.00169406
1.6370e-02,-0.0390625,-0.00187469
1.6380e-02,-0.0367188,-0.0014
1.6390e-02,-0.0348437,-0.00202781
1.6400e-02,-0.0253125,-0.0018
1.6410e-02,-0.0401563,-0.00137813
1.6420e-02,-0.0354688,-0.00140781
1.6430e-02,-0.03875,-0.00138375
1.6440e-02,-0.0323438,-0.00124406
1.6450e-02,-0.0254688,-0.00144656
1.6460e-02,-0.0482812,-0.000850313
1.6470e-02,-0.04125,-0.00171781
1.6480e-02,-0.0292188,-0.001145
1.6490e-02,-0.0379688,-0.00178
1.6500e-02,-0.0407813,-0.00147688
1.6510e-02,-0.0379688,-0.00206875
1.6520e-02,-0.0389063,-0.00103563
1.6530e-02,-0.03375,-0.0026
1.6540e-02,-0.038125,-0.00129
1.6550e-02,-0.0557813,-0.00144688
1.6560e-02,-0.0364063,-0.00160438
1.6570e-02,-0.045625,-0.00168531
1.6580e-02,-0.0354688,-0.00161
1.6590e-02,-0.0375,-0.0024975
1.6600e-02,-0.0454688,-0.00136344
1.6610e-02,-0.0423437,-0.00191969
1.6620e-02,-0.04625,-0.00173031
1.6630e-02,-0.0401563,-0.00205938
1.6640e-02,-0.0395313,-0.00194813
1.6650e-02,-0.0432813,-0.00142406
1.6660e-02,-0.0326562,-0.00169063
1.6670e-02,-0.049375,-0.00126156
1.6680e-02,-0.0426562,-0.00159344
1.6690e-02,-0.0434375,-0.00133188
1.6700e-02,-0.0451563,-0.0011075
1.6710e-02,-0.0428125,-0.0008725
1.6720e-02,-0.0396875,-0.00179906
1.6730e-02,-0.0440625,-0.00160281
1.6740e-02,-0.0360938,-0.001685
1.6750e-02,-0.0407813,-0.00182688
1.6760e-02,-0.0428125,-0.00179344
1.6770e-02,-0.0501562,-0.00215188
1.6780e-02,-0.0321875,-0.00180125
1.6790e-02,-0.0395313,-0.00124438
1.6800e-02,-0.0451563,-0.00153531
1.6810e-02,-0.0332812,-0.00145875
1.6820e-02,-0.0548437,-0.00162594
1.6830e-02,-0.0403125,-0.00130781
1.6840e-02,-0.0445313,-0.00159563
1.6850e-02,-0.0292188,-0.00154438
1.6860e-02,-0.0392187,-0.0017275
1.6870e-02,-0.0429688,-0.00149
1.6880e-02,-0.0359375,-0.00207406
1.6890e-02,-0.0364063,-0.00177656
1.6900e-02,-0.0426562,-0.00199219
1.6910e-02,-0.0535937,-0.00167219
1.6920e-02,-0.0410937,-0.00162188
1.6930e-02,-0.049375,-0.00192031
1.6940e-02,-0.040625,-0.00172875
1.6950e-02,-0.0425,-0.00139219
1.6960e-02,-0.0428125,-0.00172188
1.6970e-02,-0.0407813,-0.00179063
1.6980e-02,-0.0285938,-0.00142406
1.6990e-02,-0.0401563,-0.00146
1.7000e-02,-0.0367188,-0.00158844
1.7010e-02,-0.0473438,-0.00159531
1.7020e-02,-0.0435938,-0.0012825
1.7030e-02,-0.0340625,-0.00176844
1.7040e-02,-0.0420312,-0.0017475
1.7050e-02,-0.0454688,-0.001835
1.7060e-02,-0.04875,-0.00145031
1.7070e-02,-0.0410937,-0.00134125
1.7080e-02,-0.049375,-0.00170906
1.7090e-02,-0.03375,-0.0018675
1.7100e-02,-0.0367188,-0.00171906
1.7110e-02,-0.0507812,-0.00175563
1.7120e-02,-0.0421875,-0.00206281
1.7130e-02,-0.0404687,-0.00215406
1.7140e-02,-0.0448438,-0.00160531
1.7150e-02,-0.0396875,-0.00185938
1.7160e-02,-0.0435938,-0.001875
1.7170e-02,-0.043125,-0.00203188
1.7180e-02,-0.0360938,-0.00159406
1.7190e-02,-0.0473438,-0.00176063
1.7200e-02,-0.0384375,-0.00139719
1.7210e-02,-0.0448438,-0.00149094
1.7220e-02,-0.0410937,-0.00175969
1.7230e-02,-0.0434375,-0.00196625
1.7240e-02,-0.0342187,-0.0015425
1.7250e-02,-0.0359375,-0.00173938
1.7260e-02,-0.0384375,-0.00121781
1.7270e-02,-0.0467188,-0.00130813
1.7280e-02,-0.040625,-0.00163125
1.7290e-02,-0.0357813,-0.000962188
1.7300e-02,-0.0451563,-0.00121938
1.7310e-02,-0.0354688,-0.00166
1.7320e-02,-0.050625,-0.00176688
1.7330e-02,-0.0503125,-0.00171781
1.7340e-02,-0.0396875,-0.00145188
1.7350e-02,-0.048125,-0.00170531
1.7360e-02,-0.045,-0.00195063
1.7370e-02,-0.03,-0.00145625
1.7380e-02,-0.0525,-0.00173906
1.7390e-02,-0.036875,-0.00212531
1.7400e-02,-0.05,-0.00165813
1.7410e-02,-0.0303125,-0.00228469
1.7420e-02,-0.0375,-0.00152469
1.7430e-02,-0.0454688,-0.00163781
1.7440e-02,-0.0340625,-0.00126875
1.7450e-02,-0.0390625,-0.00163594
1.7460e-02,-0.0459375,-0.00141094
1.7470e-02,-0.0465625,-0.00164563
1.7480e-02,-0.0375,-0.00186813
1.7490e-02,-0.0529687,-0.00131469
1.7500e-02,-0.0301563,-0.00172563
1.7510e-02,-0.0453125,-0.00145875
1.7520e-02,-0.0446875,-0.00184594
1.7530e-02,-0.0398437,-0.00100188
1.7540e-02,-0.04625,-0.00178344
1.7550e-02,-0.0414063,-0.00194469
1.7560e-02,-0.0492188,-0.00210125
1.7570e-02,-0.0448438,-0.00139094
1.7580e-02,-0.0395313,-0.00160656
1.7590e-02,-0.0440625,-0.00134281
1.7600e-02,-0.0496875,-0.00141281
1.7610e-02,-0.0446875,-0.00177219
1.7620e-02,-0.0448438,-0.00185156
1.7630e-02,-0.0417187,-0.001515
1.7640e-02,-0.0457813,-0.00179719
1.7650e-02,-0.038125,-0.00146313
1.7660e-02,-0.0303125,-0.00158625
1.7670e-02,-0.0335937,-0.00196031
1.7680e-02,-0.0396875,-0.00170781
1.7690e-02,-0.045625,-0.0014425
1.7700e-02,-0.0395313,-0.00131563
1.7710e-02,-0.0501562,-0.00152719
1.7720e-02,-0.0415625,-0.00159313
1.7730e-02,-0.04625,-0.0019675
1.7740e-02,-0.043125,-0.000979063
1.7750e-02,-0.0328125,-0.00174781
1.7760e-02,-0.0339062,-0.00147188
1.7770e-02,-0.0551563,-0.00191813
1.7780e-02,-0.0392187,-0.00129031
1.7790e-02,-0.0371875,-0.00147781
1.7800e-02,-0.0414063,-0.00129219
1.7810e-02,-0.0465625,-0.00164469
1.7820e-02,-0.0403125,-0.00106563
1.7830e-02,-0.0509375,-0.00230906
1.7840e-02,-0.0525,-0.00168188
1.7850e-02,-0.0326562,-0.00171
1.7860e-02,-0.0528125,-0.00174531
1.7870e-02,-0.05125,-0.00193
1.7880e-02,-0.0504687,-0.00205813
1.7890e-02,-0.0354688,-0.00196437
1.7900e-02,-0.0446875,-0.00202781
1.7910e-02,-0.0451563,-0.00174563
1.7920e-02,-0.0357813,-0.00150906
1.7930e-02,-0.045,-0.00161438
1.7940e-02,-0.0375,-0.00162656
1.7950e-02,-0.0534375,-0.00143719
1.7960e-02,-0.0315625,-0.00222938
1.7970e-02,-0.0501562,-0.00148656
1.7980e-02,-0.03625,-0.00191438
1.7990e-02,-0.0325,-0.000902813
1.8000e-02,-0.0503125,-0.00218
1.8010e-02,-0.0432813,-0.00121969
1.8020e-02,-0.0503125,-0.00207906
1.8030e-02,-0.0482812,-0.00150656
1.8040e-02,-0.0421875,-0.00166281
1.8050e-02,-0.05375,-0.00145625
1.8060e-02,-0.0448438,-0.00166469
1.8070e-02,-0.0489062,-0.00171594
1.8080e-02,-0.0420312,-0.00176813
1.8090e-02,-0.0476562,-0.00167031
1.8100e-02,-0.0451563,-0.00186031
1.8110e-02,-0.0440625,-0.00173594
1.8120e-02,-0.0367188,-0.00147406
1.8130e-02,-0.0392187,-0.00188094
1.8140e-02,-0.0360938,-0.00180219
1.8150e-02,-0.0390625,-0.00173313
1.8160e-02,-0.0448438,-0.0010975
1.8170e-02,-0.0451563,-0.00181594
1.8180e-02,-0.0482812,-0.00161375
1.8190e-02,-0.04875,-0.00141156
1.8200e-02,-0.0464062,-0.00097875
1.8210e-02,-0.0385937,-0.00158719
1.8220e-02,-0.0482812,-0.00163281
1.8230e-02,-0.0425,-0.00180594
1.8240e-02,-0.0510938,-0.00175688
1.8250e-02,-0.04375,-0.00159531
1.8260e-02,-0.050625,-0.00153938
1.8270e-02,-0.0353125,-0.00208344
1.8280e-02,-0.0467188,-0.00112625
1.8290e-02,-0.0464062,-0.00173813
1.8300e-02,-0.0382813,-0.00167938
1.8310e-02,-0.04875,-0.00210188
1.8320e-02,-0.039375,-0.0015425
1.8330e-02,-0.0425,-0.00152406
1.8340e-02,-0.0410937,-0.0017225
1.8350e-02,-0.0360938,-0.00130656
1.8360e-02,-0.0510938,-0.00156313
1.8370e-02,-0.0414063,-0.0014875
1.8380e-02,-0.0451563,-0.00180563
1.8390e-02,-0.0432813,-0.00149438
1.8400e-02,-0.04625,-0.00185438
1.8410e-02,-0.0389063,-0.00169188
1.8420e-02,-0.0517188,-0.00129156
1.8430e-02,-0.0470312,-0.00116813
1.8440e-02,-0.0482812,-0.00155688
1.8450e-02,-0.043125,-0.001675
1.8460e-02,-0.0457813,-0.00133719
1.8470e-02,-0.038125,-0.00162938
1.8480e-02,-0.0446875,-0.00213906
1.8490e-02,-0.0296875,-0.00230969
1.8500e-02,-0.0417187,-0.00203219
1.8510e-02,-0.0407813,-0.00197438
1.8520e-02,-0.0560937,-0.00184969
1.8530e-02,-0.0375,-0.00115594
1.8540e-02,-0.0514063,-0.00172969
1.8550e-02,-0.0404687,-0.001455
1.8560e-02,-0.0435938,-0.00184094
1.8570e-02,-0.0464062,-0.00146875
1.8580e-02,-0.0496875,-0.00147219
1.8590e-02,-0.0329688,-0.00187094
1.8600e-02,-0.0404687,-0.0016875
1.8610e-02,-0.044375,-0.00174938
1.8620e-02,-0.0526563,-0.00127875
1.8630e-02,-0.0501562,-0.00199344
1.8640e-02,-0.0317188,-0.00197313
1.8650e-02,-0.0442188,-0.00199313
1.8660e-02,-0.0471875,-0.00147094
1.8670e-02,-0.051875,-0.00168
1.8680e-02,-0.04,-0.00214094
1.8690e-02,-0.0529687,-0.00135313
1.8700e-02,-0.045,-0.00171875
1.8710e-02,-0.0428125,-0.00141094
1.8720e-02,-0.0382813,-0.00169438
1.8730e-02,-0.0415625,-0.00160281
1.8740e-02,-0.0329688,-0.00204344
1.8750e-02,-0.0473438,-0.00172656
1.8760e-02,-0.0510938,-0.00241094
1.8770e-02,-0.0371875,-0.00110781
1.8780e-02,-0.0489062,-0.0021575
1.8790e-02,-0.0484375,-0.00122594
1.8800e-02,-0.0403125,-0.00170906
1.8810e-02,-0.0585938,-0.00123875
1.8820e-02,-0.0467188,-0.00124406
1.8830e-02,-0.0532813,-0.00104188
1.8840e-02,-0.0435938,-0.00173375
1.8850e-02,-0.038125,-0.00136125
1.8860e-02,-0.04875,-0.00176625
1.8870e-02,-0.0517188,-0.00180219
1.8880e-02,-0.0359375,-0.00169063
1.8890e-02,-0.0484375,-0.00150313
1.8900e-02,-0.0464062,-0.00194844
1.8910e-02,-0.04875,-0.00206688
1.8920e-02,-0.0532813,-0.00142219
1.8930e-02,-0.0445313,-0.00171094
1.8940e-02,-0.050625,-0.0011175
1.8950e-02,-0.0434375,-0.00145875
1.8960e-02,-0.0389063,-0.00181125
1.8970e-02,-0.0498438,-0.00173594
1.8980e-02,-0.0451563,-0.00148125
1.8990e-02,-0.0495312,-0.00156563
1.9000e-02,-0.0467188,-0.00131219
1.9010e-02,-0.046875,-0.00150781
1.9020e-02,-0.0446875,-0.00172063
1.9030e-02,-0.0440625,-0.00163719
1.9040e-02,-0.0415625,-0.00180563
1.9050e-02,-0.0420312,-0.00150125
1.9060e-02,-0.05,-0.00162156
1.9070e-02,-0.050625,-0.001725
1.9080e-02,-0.0470312,-0.001775
1.9090e-02,-0.0529687,-0.00169219
1.9100e-02,-0.0409375,-0.00159813
1.9110e-02,-0.0484375,-0.00171906
1.9120e-02,-0.045625,-0.00223219
1.9130e-02,-0.0359375,-0.0015375
1.9140e-02,-0.038125,-0.00173406
1.9150e-02,-0.0495312,-0.0017975
1.9160e-02,-0.0471875,-0.00148875
1.9170e-02,-0.0442188,-0.001895
1.9180e-02,-0.0478125,-0.00148625
1.9190e-02,-0.0389063,-0.00147594
1.9200e-02,-0.0464062,-0.00178469
1.9210e-02,-0.04,-0.00140563
1.9220e-02,-0.0503125,-0.00141531
1.9230e-02,-0.0484375,-0.00169625
1.9240e-02,-0.0571875,-0.0017075
1.9250e-02,-0.0532813,-0.00231156
1.9260e-02,-0.0539063,-0.00196406
1.9270e-02,-0.0409375,-0.00158063
1.9280e-02,-0.0384375,-0.00175469
1.9290e-02,-0.0471875,-0.00138219
1.9300e-02,-0.0525,-0.00186969
1.9310e-02,-0.045,-0.00117469
1.9320e-02,-0.0432813,-0.00136375
1.9330e-02,-0.046875,-0.00106094
1.9340e-02,-0.0429688,-0.00163531
1.9350e-02,-0.044375,-0.000714375
1.9360e-02,-0.0423437,-0.00147313
1.9370e-02,-0.0429688,-0.00194656
1.9380e-02,-0.0465625,-0.0015775
1.9390e-02,-0.0429688,-0.00210312
1.9400e-02,-0.0389063,-0.00159688
1.9410e-02,-0.0478125,-0.0020175
1.9420e-02,-0.0567187,-0.00204188
1.9430e-02,-0.0485938,-0.00215625
1.9440e-02,-0.0409375,-0.00151688
1.9450e-02,-0.0495312,-0.002095
1.9460e-02,-0.0415625,-0.00153375
1.9470e-02,-0.05,-0.00148875
1.9480e-02,-0.04,-0.00132031
1.9490e-02,-0.0565625,-0.00163594
1.9500e-02,-0.046875,-0.00104969
1.9510e-02,-0.03625,-0.00208969
1.9520e-02,-0.0542187,-0.00157313
1.9530e-02,-0.0623438,-0.00199906
1.9540e-02,-0.051875,-0.00155063
1.9550e-02,-0.046875,-0.00190813
1.9560e-02,-0.0401563,-0.00185688
1.9570e-02,-0.0296875,-0.00142281
1.9580e-02,-0.04125,-0.00210781
1.9590e-02,-0.04875,-0.00135906
1.9600e-02,-0.04,-0.00224156
1.9610e-02,-0.0485938,-0.00146656
1.9620e-02,-0.0298438,-0.00158
1.9630e-02,-0.0492188,-0.00164094
1.9640e-02,-0.0479688,-0.00192281
1.9650e-02,-0.0453125,-0.00136563
1.9660e-02,-0.05625,-0.00270563
1.9670e-02,-0.0484375,-0.00198188
1.9680e-02,-0.049375,-0.00231875
1.9690e-02,-0.0445313,-0.00187344
1.9700e-02,-0.0501562,-0.0014975
1.9710e-02,-0.0540625,-0.00160844
1.9720e-02,-0.0479688,-0.00115125
1.9730e-02,-0.0379688,-0.00156
1.9740e-02,-0.0425,-0.00152531
1.9750e-02,-0.049375,-0.00129344
1.9760e-02,-0.0578125,-0.00144094
1.9770e-02,-0.0446875,-0.00128
1.9780e-02,-0.0514063,-0.00248438
1.9790e-02,-0.043125,-0.00198875
1.9800e-02,-0.0517188,-0.00199031
1.9810e-02,-0.0526563,-0.00154344
1.9820e-02,-0.0421875,-0.00164156
1.9830e-02,-0.0453125,-0.00136813
1.9840e-02,-0.0495312,-0.00177563
1.9850e-02,-0.05875,-0.00111813
1.9860e-02,-0.049375,-0.00161156
1.9870e-02,-0.0475,-0.00178344
1.9880e-02,-0.0403125,-0.00147188
1.9890e-02,-0.0417187,-0.00144813
1.9900e-02,-0.0564063,-0.00180531
1.9910e-02,-0.0421875,-0.001625
1.9920e-02,-0.0514063,-0.001665
1.9930e-02,-0.045,-0.00201
1.9940e-02,-0.05625,-0.00194375
1.9950e-02,-0.0582813,-0.00191406
1.9960e-02,-0.0417187,-0.0018725
1.9970e-02,-0.0475,-0.00186469
1.9980e-02,-0.0426562,-0.00214125
1.9990e-02,-0.0439063,-0.00191469
2.0000e-02,-0.04875,-0.00148938
2.0010e-02,-0.049375,-0.00206844
2.0020e-02,-0.0309375,-0.00166844
2.0030e-02,-0.0423437,-0.00161281
2.0040e-02,-0.0415625,-0.00120063
2.0050e-02,-0.054375,-0.00201219
2.0060e-02,-0.0451563,-0.00151125
2.0070e-02,-0.04375,-0.00193781
2.0080e-02,-0.043125,-0.00164531
2.0090e-02,-0.045625,-0.00198562
2.0100e-02,-0.0517188,-0.00121469
2.0110e-02,-0.0492188,-0.00177625
2.0120e-02,-0.0485938,-0.00152313
2.0130e-02,-0.038125,-0.00219594
2.0140e-02,-0.0471875,-0.00199344
2.0150e-02,-0.0526563,-0.00166063
2.0160e-02,-0.0532813,-0.002415
2.0170e-02,-0.0490625,-0.00163438
2.0180e-02,-0.0390625,-0.00167875
2.0190e-02,-0.0345312,-0.0018225
2.0200e-02,-0.045,-0.00136531
2.0210e-02,-0.0457813,-0.00159094
2.0220e-02,-0.0367188,-0.00171844
2.0230e-02,-0.0467188,-0.00147688
2.0240e-02,-0.0440625,-0.00224969
2.0250e-02,-0.0503125,-0.00149594
2.0260e-02,-0.0382813,-0.00164125
2.0270e-02,-0.0448438,-0.00203125
2.0280e-02,-0.0534375,-0.00154438
2.0290e-02,-0.04,-0.00225688
2.0300e-02,-0.0460938,-0.00165563
2.0310e-02,-0.0523437,-0.00171656
2.0320e-02,-0.05625,-0.00144906
2.0330e-02,-0.0448438,-0.00140813
2.0340e-02,-0.0585938,-0.00103031
2.0350e-02,-0.0546875,-0.00195125
2.0360e-02,-0.0464062,-0.00150594
2.0370e-02,-0.0398437,-0.00189594
2.0380e-02,-0.053125,-0.00168719
2.0390e-02,-0.0414063,-0.00187281
2.0400e-02,-0.0478125,-0.0013775
2.0410e-02,-0.04875,-0.00151063
2.0420e-02,-0.0554687,-0.00149875
2.0430e-02,-0.0507812,-0.00175219
2.0440e-02,-0.0454688,-0.00168281
2.0450e-02,-0.03875,-0.00165188
2.0460e-02,-0.0457813,-0.00156
2.0470e-02,-0.0520313,-0.00158781
2.0480e-02,-1.33156,-0.00179031
2.0490e-02,-1.36969,-0.00257906
2.0500e-02,-0.0884375,-0.00413063
2.0510e-02,0.630625,-0.00481625
2.0520e-02,0.152969,-0.00519719
2.0530e-02,0.100625,-0.00500719
2.0540e-02,0.116406,-0.00498563
2.0550e-02,0.091875,-0.00495
2.0560e-02,0.0779688,-0.00505906
2.0570e-02,0.0696875,-0.00520844
2.0580e-02,0.0698437,-0.00502313
2.0590e-02,0.0560937,-0.00499469
2.0600e-02,0.0534375,-0.00498125
2.0610e-02,0.0484375,-0.00511719
2.0620e-02,0.03875,-0.00512188
2.0630e-02,0.0414063,-0.00513188
2.0640e-02,0.0320312,-0.0052525
2.0650e-02,0.0314062,-0.00492281
2.0660e-02,0.0301562,-0.005015
2.0670e-02,0.0257813,-0.00508313
2.0680e-02,0.0178125,-0.00509469
2.0690e-02,0.0204687,-0.00496906
2.0700e-02,0.0129687,-0.00493125
2.0710e-02,0.025625,-0.00506719
2.0720e-02,0.0189063,-0.00488875
2.0730e-02,0.0145312,-0.00489844
2.0740e-02,0.0134375,-0.00302844
2.0750e-02,0.01125,-0.00165375
2.0760e-02,0.0282812,-0.00188938
2.0770e-02,0.025,-0.00193531
2.0780e-02,0.0154687,-0.00240281
2.0790e-02,0.00734375,-0.00269969
2.0800e-02,0.0173438,-0.00180844
2.0810e-02,0.00140625,-0.00189688
2.0820e-02,0.0120312,-0.00164313
2.0830e-02,-0.00984375,-0.00187625
2.0840e-02,0.0107812,-0.00207
2.0850e-02,0.0126562,-0.00227406
2.0860e-02,0.00734375,-0.00151625
2.0870e-02,0.00484375,-0.00168031
2.0880e-02,0.0145312,-0.00167219
2.0890e-02,-0.008125,-0.00247781
2.0900e-02,-0.0015625,-0.00211312
2.0910e-02,0.0040625,-0.0025875
2.0920e-02,-0.00421875,-0.00187406
2.0930e-02,-0.00390625,-0.00164844
2.0940e-02,-0.005625,-0.00122063
2.0950e-02,0.00015625,-0.00147813
2.0960e-02,-0.0028125,-0.00152094
2.0970e-02,-0.008125,-0.00210969
2.0980e-02,-0.0084375,-0.00103063
2.0990e-02,-0.004375,-0.00151125
2.1000e-02,-0.00234375,-0.00104031
2.1010e-02,-0.00140625,-0.00182656
2.1020e-02,-0.0034375,-0.00180719
2.1030e-02,-0.00234375,-0.00240906
2.1040e-02,-0.0090625,-0.00191938
2.1050e-02,-0.010625,-0.00251563
2.1060e-02,-0.00484375,-0.00186813
2.1070e-02,-0.0151562,-0.00173313
2.1080e-02,-0.0139063,-0.00168406
2.1090e-02,-0.0107813,-0.001705
2.1100e-02,-0.0128125,-0.00165031
2.1110e-02,-0.00984375,-0.00144375
2.1120e-02,-0.0084375,-0.00148375
2.1130e-02,-0.0120313,-0.00159406
2.1140e-02,-0.00171875,-0.00149969
2.1150e-02,-0.0157813,-0.00130531
2.1160e-02,-0.01,-0.00153438
2.1170e-02,-0.00828125,-0.001945
2.1180e-02,-0.00203125,-0.00199781
2.1190e-02,-0.00859375,-0.00173656
2.1200e-02,-0.0123438,-0.001675
2.1210e-02,-0.00421875,-0.00154156
2.1220e-02,-0.0065625,-0.0022375
2.1230e-02,-0.0123438,-0.00137844
2.1240e-02,-0.0107813,-0.00181813
2.1250e-02,0.0025,-0.00193844
2.1260e-02,-0.0140625,-0.00142719
2.1270e-02,-0.0107813,-0.00173406
2.1280e-02,-0.010625,-0.00180438
2.1290e-02,-0.0134375,-0.00189406
2.1300e-02,-0.0276563,-0.00158469
2.1310e-02,-0.015625,-0.00170406
2.1320e-02,-0.0140625,-0.00158625
2.1330e-02,-0.00984375,-0.00161563
2.1340e-02,-0.0154687,-0.000928438
2.1350e-02,-0.0326562,-0.00166219
2.1360e-02,-0.0217188,-0.00173
2.1370e-02,-0.0084375,-0.00220344
2.1380e-02,-0.001875,-0.00198906
2.1390e-02,-0.0096875,-0.00240219
2.1400e-02,-0.0148437,-0.00166063
2.1410e-02,-0.0178125,-0.0018475
2.1420e-02,-0.015,-0.00158875
2.1430e-02,-0.0114062,-0.00139313
2.1440e-02,-0.0173438,-0.00153938
2.1450e-02,0.00203125,-0.00222906
2.1460e-02,-0.0225,-0.00101438
2.1470e-02,0.00390625,-0.00244625
2.1480e-02,-0.0164063,-0.001215
2.1490e-02,-0.00625,-0.00188094
2.1500e-02,-0.0165625,-0.001405
2.1510e-02,-0.0009375,-0.0018225
2.1520e-02,-0.0096875,-0.00141656
2.1530e-02,-0.015625,-0.00204406
2.1540e-02,-0.02125,-0.00178563
2.1550e-02,-0.023125,-0.00184875
2.1560e-02,-0.0179687,-0.00140625
2.1570e-02,-0.0132813,-0.00178594
2.1580e-02,-0.0185937,-0.001515
2.1590e-02,-0.0248438,-0.00183438
2.1600e-02,-0.0182812,-0.00198813
2.1610e-02,-0.0198438,-0.001655
2.1620e-02,-0.0267187,-0.00159719
2.1630e-02,-0.0192187,-0.00191531
2.1640e-02,-0.0104688,-0.00200563
2.1650e-02,-0.0117188,-0.00185594
2.1660e-02,-0.0203125,-0.00231094
2.1670e-02,-0.0246875,-0.00156375
2.1680e-02,-0.0154687,-0.00177438
2.1690e-02,-0.0192187,-0.00179219
2.1700e-02,-0.0310937,-0.00176875
2.1710e-02,-0.018125,-0.00198469
2.1720e-02,0.0015625,-0.00214906
2.1730e-02,-0.0171875,-0.00123844
2.1740e-02,-0.0189062,-0.00200094
2.1750e-02,-0.0226562,-0.00201625
2.1760e-02,-0.0192187,-0.00222031
2.1770e-02,-0.0175,-0.00171594
2.1780e-02,-0.01875,-0.00195563
2.1790e-02,-0.0120313,-0.00113125
2.1800e-02,-0.0253125,-0.00170594
2.1810e-02,-0.0329688,-0.00126906
2.1820e-02,-0.0151562,-0.00189844
2.1830e-02,-0.0210938,-0.00120594
2.1840e-02,-0.0264062,-0.00173781
2.1850e-02,-0.0214063,-0.00164906
2.1860e-02,-0.03125,-0.00197719
2.1870e-02,-0.0260937,-0.00188969
2.1880e-02,-0.0153125,-0.00210281
2.1890e-02,-0.0179687,-0.00146875
2.1900e-02,-0.0196875,-0.00199188
2.1910e-02,-0.0240625,-0.001585
2.1920e-02,-0.029375,-0.00230938
2.1930e-02,-0.0260937,-0.00161
2.1940e-02,-0.025,-0.00173063
2.1950e-02,-0.0190625,-0.001145
2.1960e-02,-0.0342187,-0.00149313
2.1970e-02,-0.0157813,-0.000751563
2.1980e-02,-0.023125,-0.00154094
2.1990e-02,-0.036875,-0.00176844
2.2000e-02,-0.0146875,-0.00221281
2.2010e-02,-0.0170313,-0.00220469
2.2020e-02,-0.0373438,-0.00200469
2.2030e-02,-0.0126563,-0.00205063
2.2040e-02,-0.0267187,-0.00219438
2.2050e-02,-0.025625,-0.00113125
2.2060e-02,-0.0192187,-0.0022325
2.2070e-02,-0.0228125,-0.0014625
2.2080e-02,-0.0390625,-0.0013375
2.2090e-02,-0.0217188,-0.00157594
2.2100e-02,-0.0254688,-0.00151219
2.2110e-02,-0.020625,-0.0016125
2.2120e-02,-0.0234375,-0.00131875
2.2130e-02,-0.0271875,-0.00144531
2.2140e-02,-0.031875,-0.00190719
2.2150e-02,-0.02375,-0.00197219
2.2160e-02,-0.0345312,-0.00168813
2.2170e-02,-0.023125,-0.00168906
2.2180e-02,-0.0317188,-0.00217875
2.2190e-02,-0.0323438,-0.00215938
2.2200e-02,-0.0378125,-0.00153188
2.2210e-02,-0.025625,-0.00172656
2.2220e-02,-0.0321875,-0.00162813
2.2230e-02,-0.0220313,-0.0014975
2.2240e-02,-0.0270312,-0.00138531
2.2250e-02,-0.0204688,-0.00179906
2.2260e-02,-0.0192187,-0.00155594
2.2270e-02,-0.0264062,-0.00187656
2.2280e-02,-0.02625,-0.00175344
2.2290e-02,-0.0360938,-0.0019625
2.2300e-02,-0.024375,-0.001135
2.2310e-02,-0.0329688,-0.001735
2.2320e-02,-0.0217188,-0.00106406
2.2330e-02,-0.0346875,-0.00179
2.2340e-02,-0.030625,-0.00151906
2.2350e-02,-0.025,-0.00190719
2.2360e-02,-0.0146875,-0.00144156
2.2370e-02,-0.0315625,-0.00197125
2.2380e-02,-0.0245313,-0.00171344
2.2390e-02,-0.0346875,-0.00227312
2.2400e-02,-0.0279688,-0.00176688
2.2410e-02,-0.02125,-0.00210813
2.2420e-02,-0.0351562,-0.000990625
2.2430e-02,-0.0323438,-0.00205406
2.2440e-02,-0.0228125,-0.00113313
2.2450e-02,-0.024375,-0.00149688
2.2460e-02,-0.025625,-0.00145406
2.2470e-02,-0.0354688,-0.00203656
2.2480e-02,-0.0246875,-0.00152594
2.2490e-02,-0.0253125,-0.00136156
2.2500e-02,-0.0348437,-0.0018075
2.2510e-02,-0.0357813,-0.002345
2.2520e-02,-0.0270312,-0.001715
2.2530e-02,-0.0289063,-0.00213344
2.2540e-02,-0.0284375,-0.00171844
2.2550e-02,-0.015625,-0.00169969
2.2560e-02,-0.0346875,-0.00113594
2.2570e-02,-0.019375,-0.00114094
2.2580e-02,-0.0373438,-0.00183563
2.2590e-02,-0.0310937,-0.000911875
2.2600e-02,-0.0192187,-0.00141656
2.2610e-02,-0.031875,-0.0016625
2.2620e-02,-0.033125,-0.00213594
2.2630e-02,-0.0321875,-0.00189094
2.2640e-02,-0.0326562,-0.0014025
2.2650e-02,-0.0378125,-0.00120594
2.2660e-02,-0.0359375,-0.00139031
2.2670e-02,-0.0242188,-0.00118594
2.2680e-02,-0.03,-0.00163375
2.2690e-02,-0.0271875,-0.00193063
2.2700e-02,-0.0310937,-0.00159188
2.2710e-02,-0.0325,-0.00117375
2.2720e-02,-0.0271875,-0.001475
2.2730e-02,-0.0273438,-0.00158688
2.2740e-02,-0.0239063,-0.00150594
2.2750e-02,-0.04125,-0.00136094
2.2760e-02,-0.0264062,-0.00159656
2.2770e-02,-0.0217188,-0.00156625
2.2780e-02,-0.0321875,-0.00148938
2.2790e-02,-0.0210938,-0.00183625
2.2800e-02,-0.0304688,-0.00135219
2.2810e-02,-0.0379688,-0.00134156
2.2820e-02,-0.0267187,-0.00132063
2.2830e-02,-0.0321875,-0.00182
2.2840e-02,-0.0326562,-0.00212844
2.2850e-02,-0.04125,-0.00194281
2.2860e-02,-0.0228125,-0.00171156
2.2870e-02,-0.0415625,-0.00144125
2.2880e-02,-0.0476562,-0.00170938
2.2890e-02,-0.0410937,-0.00130406
2.2900e-02,-0.0426562,-0.0016125
2.2910e-02,-0.0385937,-0.00179563
2.2920e-02,-0.023125,-0.00158938
2.2930e-02,-0.0245313,-0.000929063
2.2940e-02,-0.0385937,-0.00164375
2.2950e-02,-0.0259375,-0.001225
2.2960e-02,-0.0229687,-0.00143438
2.2970e-02,-0.0329688,-0.00171063
2.2980e-02,-0.03375,-0.00159281
2.2990e-02,-0.0434375,-0.00168688
2.3000e-02,-0.0345312,-0.001975
2.3010e-02,-0.0375,-0.00177469
2.3020e-02,-0.0215625,-0.00180656
2.3030e-02,-0.025,-0.0015225
2.3040e-02,-0.0398437,-0.00156031
2.3050e-02,-0.0309375,-0.00158906
2.3060e-02,-0.0453125,-0.00156063
2.3070e-02,-0.0304688,-0.0017375
2.3080e-02,-0.0335937,-0.00124781
2.3090e-02,-0.0303125,-0.0018525
2.3100e-02,-0.025625,-0.0019375
2.3110e-02,-0.0315625,-0.0017475
2.3120e-02,-0.0335937,-0.00225625
2.3130e-02,-0.0404687,-0.00189469
2.3140e-02,-0.041875,-0.00171188
2.3150e-02,-0.0303125,-0.00191188
2.3160e-02,-0.0325,-0.00131438
2.3170e-02,-0.0301563,-0.00210156
2.3180e-02,-0.0384375,-0.00150344
2.3190e-02,-0.0364063,-0.0013825
2.3200e-02,-0.0375,-0.00148563
2.3210e-02,-0.0321875,-0.00113375
2.3220e-02,-0.0215625,-0.00156781
2.3230e-02,-0.0423437,-0.00156094
2.3240e-02,-0.03,-0.00188938
2.3250e-02,-0.0329688,-0.00181156
2.3260e-02,-0.0385937,-0.00162438
2.3270e-02,-0.0342187,-0.00132813
2.3280e-02,-0.0279688,-0.00194781
2.3290e-02,-0.031875,-0.00176125
2.3300e-02,-0.0285938,-0.00150875
2.3310e-02,-0.0214063,-0.00190563
2.3320e-02,-0.0421875,-0.00165563
2.3330e-02,-0.0367188,-0.00145375
2.3340e-02,-0.0340625,-0.00186688
2.3350e-02,-0.0410937,-0.00208844
2.3360e-02,-0.0275,-0.00181219
2.3370e-02,-0.0346875,-0.00146125
2.3380e-02,-0.0342187,-0.00177594
2.3390e-02,-0.0329688,-0.00144438
2.3400e-02,-0.033125,-0.00179188
2.3410e-02,-0.0421875,-0.001995
2.3420e-02,-0.03875,-0.0017625
2.3430e-02,-0.0310937,-0.00172813
2.3440e-02,-0.046875,-0.00153063
2.3450e-02,-0.03375,-0.00156156
2.3460e-02,-0.0346875,-0.00178125
2.3470e-02,-0.0401563,-0.00132125
2.3480e-02,-0.036875,-0.00223688
2.3490e-02,-0.0260937,-0.00142125
2.3500e-02,-0.0385937,-0.00231219
2.3510e-02,-0.036875,-0.0016375
2.3520e-02,-0.0371875,-0.00223906
2.3530e-02,-0.0414063,-0.0020225
2.3540e-02,-0.0348437,-0.00216969
2.3550e-02,-0.0425,-0.00195375
2.3560e-02,-0.0375,-0.00171625
2.3570e-02,-0.0425,-0.000975313
2.3580e-02,-0.0385937,-0.00142469
2.3590e-02,-0.0367188,-0.00133406
2.3600e-02,-0.0373438,-0.002235
2.3610e-02,-0.02875,-0.00127156
2.3620e-02,-0.0271875,-0.00186156
2.3630e-02,-0.0310937,-0.00196094
2.3640e-02,-0.0275,-0.00179219
2.3650e-02,-0.041875,-0.00209156
2.3660e-02,-0.0346875,-0.00231656
2.3670e-02,-0.0428125,-0.00172188
2.3680e-02,-0.0370313,-0.00233469
2.3690e-02,-0.0473438,-0.00113031
2.3700e-02,-0.0382813,-0.00165469
2.3710e-02,-0.04625,-0.00179781
2.3720e-02,-0.04125,-0.00185875
2.3730e-02,-0.0417187,-0.00117313
2.3740e-02,-0.0410937,-0.00142469
2.3750e-02,-0.0429688,-0.00152625
2.3760e-02,-0.03875,-0.00175438
2.3770e-02,-0.0398437,-0.00155219
2.3780e-02,-0.035,-0.002075
2.3790e-02,-0.033125,-0.00196906
2.3800e-02,-0.0301563,-0.00152781
2.3810e-02,-0.0370313,-0.00138
2.3820e-02,-0.0251563,-0.00133656
2.3830e-02,-0.0410937,-0.00144906
2.3840e-02,-0.0392187,-0.00171563
2.3850e-02,-0.0376563,-0.00171094
2.3860e-02,-0.0415625,-0.00161063
2.3870e-02,-0.0351562,-0.00164219
2.3880e-02,-0.0384375,-0.00162219
2.3890e-02,-0.0403125,-0.00166156
2.3900e-02,-0.03625,-0.00180719
2.3910e-02,-0.0303125,-0.00178969
2.3920e-02,-0.04375,-0.00184313
2.3930e-02,-0.0439063,-0.00228312
2.3940e-02,-0.0395313,-0.001205
2.3950e-02,-0.0370313,-0.00196719
2.3960e-02,-0.0275,-0.000974063
2.3970e-02,-0.0328125,-0.00168719
2.3980e-02,-0.0314062,-0.00159688
2.3990e-02,-0.0426562,-0.00226938
2.4000e-02,-0.0420312,-0.00202281
2.4010e-02,-0.0448438,-0.00212313
2.4020e-02,-0.0292188,-0.002415
2.4030e-02,-0.0403125,-0.00213594
2.4040e-02,-0.0379688,-0.00152156
2.4050e-02,-0.0403125,-0.00216875
2.4060e-02,-0.0375,-0.0012975
2.4070e-02,-0.0423437,-0.002145
2.4080e-02,-0.041875,-0.00174844
2.4090e-02,-0.0420312,-0.00206438
2.4100e-02,-0.045625,-0.0019925
2.4110e-02,-0.035,-0.00178844
2.4120e-02,-0.0467188,-0.00186094
2.4130e-02,-0.0429688,-0.0019075
2.4140e-02,-0.0385937,-0.00142938
2.4150e-02,-0.0515625,-0.00167188
2.4160e-02,-0.0357813,-0.00181656
2.4170e-02,-0.0365625,-0.00195594
2.4180e-02,-0.043125,-0.00175625
2.4190e-02,-0.0415625,-0.00149406
2.4200e-02,-0.035,-0.00187406
2.4210e-02,-0.03625,-0.00100219
2.4220e-02,-0.036875,-0.00193219
2.4230e-02,-0.0523437,-0.00148625
2.4240e-02,-0.0442188,-0.00177344
2.4250e-02,-0.029375,-0.00163063
2.4260e-02,-0.0326562,-0.00201063
2.4270e-02,-0.038125,-0.00119281
2.4280e-02,-0.04,-0.00185594
2.4290e-02,-0.0396875,-0.00146813
2.4300e-02,-0.0340625,-0.00227188
2.4310e-02,-0.0398437,-0.00173563
2.4320e-02,-0.034375,-0.00174406
2.4330e-02,-0.0376563,-0.00193125
2.4340e-02,-0.041875,-0.00192125
2.4350e-02,-0.0354688,-0.00129125
2.4360e-02,-0.02625,-0.00168719
2.4370e-02,-0.0396875,-0.0017975
2.4380e-02,-0.0579687,-0.00223719
2.4390e-02,-0.0490625,-0.00210375
2.4400e-02,-0.0270312,-0.00165406
2.4410e-02,-0.036875,-0.00153406
2.4420e-02,-0.0445313,-0.00150906
2.4430e-02,-0.0507812,-0.00166
2.4440e-02,-0.0476562,-0.00152188
2.4450e-02,-0.045625,-0.00179438
2.4460e-02,-0.0425,-0.00127219
2.4470e-02,-0.0435938,-0.00119
2.4480e-02,-0.0310937,-0.00185875
2.4490e-02,-0.0301563,-0.00182344
2.4500e-02,-0.0290625,-0.00148906
2.4510e-02,-0.0353125,-0.00211969
2.4520e-02,-0.040625,-0.00212219
2.4530e-02,-0.0460938,-0.00142719
2.4540e-02,-0.0354688,-0.00191094
2.4550e-02,-0.0429688,-0.00171125
2.4560e-02,-0.0390625,-0.00178344
2.4570e-02,-0.0395313,-0.00180688
2.4580e-02,-0.0246875,-0.00212531
2.4590e-02,-0.0454688,-0.00184813
2.4600e-02,-0.0278125,-0.00203969
2.4610e-02,-0.0384375,-0.00194344
2.4620e-02,-0.0432813,-0.00182438
2.4630e-02,-0.045,-0.00136469
2.4640e-02,-0.0521875,-0.00215344
2.4650e-02,-0.0410937,-0.00204688
2.4660e-02,-0.03625,-0.00209219
2.4670e-02,-0.0429688,-0.00141125
2.4680e-02,-0.0375,-0.00158063
2.4690e-02,-0.0395313,-0.00160156
2.4700e-02,-0.0290625,-0.00176906
2.4710e-02,-0.0442188,-0.00103844
2.4720e-02,-0.0323438,-0.00187656
2.4730e-02,-0.0289063,-0.00152
2.4740e-02,-0.0467188,-0.00193813
2.4750e-02,-0.0503125,-0.0014625
2.4760e-02,-0.0370313,-0.00175156
2.4770e-02,-0.055,-0.00167906
2.4780e-02,-0.0370313,-0.002215
2.4790e-02,-0.0257812,-0.00204281
2.4800e-02,-0.0390625,-0.00182188
2.4810e-02,-0.0346875,-0.00163531
2.4820e-02,-0.0332812,-0.0017975
2.4830e-02,-0.0473438,-0.00134469
2.4840e-02,-0.0432813,-0.00111281
2.4850e-02,-0.0465625,-0.00163813
2.4860e-02,-0.0370313,-0.00208094
2.4870e-02,-0.0445313,-0.00173219
2.4880e-02,-0.03375,-0.00152781
2.4890e-02,-0.0429688,-0.00149969
2.4900e-02,-0.053125,-0.00171094
2.4910e-02,-0.04,-0.00182813
2.4920e-02,-0.0401563,-0.00129875
2.4930e-02,-0.0348437,-0.00196219
2.4940e-02,-0.0284375,-0.00219625
2.4950e-02,-0.02875,-0.00174281
2.4960e-02,-0.0425,-0.00142
2.4970e-02,-0.0503125,-0.00177469
2.4980e-02,-0.0432813,-0.00168531
2.4990e-02,-0.0528125,-0.00207625
2.5000e-02,-0.0440625,-0.00178313
2.5010e-02,-0.0382813,-0.00145844
2.5020e-02,-0.0354688,-0.00147
2.5030e-02,-0.0270312,-0.00136125
2.5040e-02,-0.040625,-0.00128875
2.5050e-02,-0.0373438,-0.00148969
2.5060e-02,-0.0425,-0.00128688
2.5070e-02,-0.0379688,-0.00171781
2.5080e-02,-0.0325,-0.00164031
2.5090e-02,-0.0453125,-0.00142344
2.5100e-02,-0.0371875,-0.00149969
2.5110e-02,-0.0357813,-0.00162219
2.5120e-02,-0.0325,-0.00185594
2.5130e-02,-0.0464062,-0.00118344
2.5140e-02,-0.0434375,-0.0018525
2.5150e-02,-0.0271875,-0.00197844
2.5160e-02,-0.0451563,-0.00222
2.5170e-02,-0.0371875,-0.0019525
2.5180e-02,-0.039375,-0.00197406
2.5190e-02,-0.0498438,-0.002055
2.5200e-02,-0.045625,-0.00222063
2.5210e-02,-0.0420312,-0.00164938
2.5220e-02,-0.0446875,-0.00154938
2.5230e-02,-0.0489062,-0.00126781
2.5240e-02,-0.0389063,-0.0015425
2.5250e-02,-0.0385937,-0.00171156
2.5260e-02,-0.0409375,-0.00199
2.5270e-02,-0.0496875,-0.0017375
2.5280e-02,-0.035,-0.00144281
2.5290e-02,-0.0351562,-0.0019625
2.5300e-02,-0.0410937,-0.00171344
2.5310e-02,-0.0376563,-0.00141906
2.5320e-02,-0.0271875,-0.00134781
2.5330e-02,-0.0379688,-0.00190938
2.5340e-02,-0.048125,-0.00144156
2.5350e-02,-0.0414063,-0.00189563
2.5360e-02,-0.0332812,-0.00189469
2.5370e-02,-0.041875,-0.00169063
2.5380e-02,-0.0415625,-0.00159438
2.5390e-02,-0.0335937,-0.00205
2.5400e-02,-0.0390625,-0.00163031
2.5410e-02,-0.0420312,-0.00210594
2.5420e-02,-0.051875,-0.00157094
2.5430e-02,-0.0457813,-0.00170469
2.5440e-02,-0.0475,-0.00167469
2.5450e-02,-0.0454688,-0.001565
2.5460e-02,-0.0371875,-0.00240313
2.5470e-02,-0.0396875,-0.00175156
2.5480e-02,-0.0404687,-0.00212781
2.5490e-02,-0.0429688,-0.00165438
2.5500e-02,-0.035625,-0.00157688
2.5510e-02,-0.0332812,-0.001815
2.5520e-02,-0.0460938,-0.00197438
2.5530e-02,-0.048125,-0.00172063
2.5540e-02,-0.053125,-0.00192563
2.5550e-02,-0.0409375,-0.00164219
2.5560e-02,-0.0317188,-0.00145375
2.5570e-02,-0.03,-0.00185656
2.5580e-02,-0.048125,-0.00177
2.5590e-02,-0.043125,-0.00161969
2.5600e-02,-0.0439063,-0.00144125
2.5610e-02,-0.035625,-0.00158313
2.5620e-02,-0.0340625,-0.00192938
2.5630e-02,-0.0471875,-0.00188313
2.5640e-02,-0.0465625,-0.00183438
2.5650e-02,-0.0284375,-0.00187438
2.5660e-02,-0.0348437,-0.00160438
2.5670e-02,-0.0465625,-0.00193938
2.5680e-02,-0.0551563,-0.0020325
2.5690e-02,-0.0464062,-0.00110656
2.5700e-02,-0.0404687,-0.00145438
2.5710e-02,-0.0342187,-0.00143031
2.5720e-02,-0.044375,-0.00172188
2.5730e-02,-0.0446875,-0.00129094
2.5740e-02,-0.0440625,-0.00168531
2.5750e-02,-0.0328125,-0.00210375
2.5760e-02,-0.0373438,-0.00244594
2.5770e-02,-0.04125,-0.00211312
2.5780e-02,-0.031875,-0.00229938
2.5790e-02,-0.040625,-0.00200875
2.5800e-02,-0.0478125,-0.00146313
2.5810e-02,-0.055,-0.00163313
2.5820e-02,-0.0464062,-0.00106094
2.5830e-02,-0.0184375,-0.00159688
2.5840e-02,-0.034375,-0.0013875
2.5850e-02,-0.0421875,-0.00151344
2.5860e-02,-0.0354688,-0.00137719
2.5870e-02,-0.0384375,-0.00158313
2.5880e-02,-0.0446875,-0.00120656
2.5890e-02,-0.02875,-0.00170719
2.5900e-02,-0.044375,-0.00140938
2.5910e-02,-0.0378125,-0.00207438
2.5920e-02,-0.0328125,-0.00181594
2.5930e-02,-0.0303125,-0.00196563
2.5940e-02,-0.0514063,-0.00155188
2.5950e-02,-0.04125,-0.00161125
2.5960e-02,-0.0417187,-0.001115
2.5970e-02,-0.0320312,-0.00170625
2.5980e-02,-0.0376563,-0.00102125
2.5990e-02,-0.0357813,-0.00166719
2.6000e-02,-0.05,-0.000935313
2.6010e-02,-0.0459375,-0.0017075
2.6020e-02,-0.04875,-0.00160938
2.6030e-02,-0.0260937,-0.00160094
2.6040e-02,-0.0446875,-0.00220813
2.6050e-02,-0.0534375,-0.00166344
2.6060e-02,-0.039375,-0.00163063
2.6070e-02,-0.0326562,-0.00162938
2.6080e-02,-0.0425,-0.00148781
2.6090e-02,-0.0503125,-0.00186719
2.6100e-02,-0.0403125,-0.00158906
2.6110e-02,-0.038125,-0.00131344
2.6120e-02,-0.0489062,-0.00151469
2.6130e-02,-0.049375,-0.00128531
2.6140e-02,-0.0489062,-0.00212844
2.6150e-02,-0.0440625,-0.00134594
2.6160e-02,-0.0351562,-0.00203656
2.6170e-02,-0.0398437,-0.00163
2.6180e-02,-0.0551563,-0.00126844
2.6190e-02,-0.0489062,-0.00130438
2.6200e-02,-0.0417187,-0.0016375
2.6210e-02,-0.038125,-0.00143969
2.6220e-02,-0.0417187,-0.00181719
2.6230e-02,-0.0432813,-0.00186719
2.6240e-02,-0.0473438,-0.0020875
2.6250e-02,-0.0475,-0.0017275
2.6260e-02,-0.0409375,-0.001715
2.6270e-02,-0.0428125,-0.00220031
2.6280e-02,-0.0370313,-0.00193344
2.6290e-02,-0.0465625,-0.00166531
2.6300e-02,-0.03875,-0.00213594
2.6310e-02,-0.0478125,-0.00189313
2.6320e-02,-0.0434375,-0.00236219
2.6330e-02,-0.0473438,-0.00181781
2.6340e-02,-0.0367188,-0.00221625
2.6350e-02,-0.0415625,-0.00187563
2.6360e-02,-0.0365625,-0.00165125
2.6370e-02,-0.0376563,-0.00179125
2.6380e-02,-0.0415625,-0.0016425
2.6390e-02,-0.04125,-0.00212031
2.6400e-02,-0.0482812,-0.00173281
2.6410e-02,-0.0434375,-0.00210563
2.6420e-02,-0.0410937,-0.00124781
2.6430e-02,-0.0503125,-0.00157406
2.6440e-02,-0.05,-0.00159875
2.6450e-02,-0.0404687,-0.00198875
2.6460e-02,-0.0396875,-0.00149563
2.6470e-02,-0.0495312,-0.00143875
2.6480e-02,-0.0246875,-0.00208906
2.6490e-02,-0.0504687,-0.00183344
2.6500e-02,-0.0471875,-0.00237719
2.6510e-02,-0.0371875,-0.00173469
2.6520e-02,-0.04,-0.00212469
2.6530e-02,-0.0465625,-0.00126813
2.6540e-02,-0.045,-0.00224125
2.6550e-02,-0.0490625,-0.00183313
2.6560e-02,-0.0496875,-0.00180813
2.6570e-02,-0.0373438,-0.00184688
2.6580e-02,-0.0435938,-0.00207281
2.6590e-02,-0.0445313,-0.00127438
2.6600e-02,-0.0521875,-0.00221688
2.6610e-02,-0.0407813,-0.00147156
2.6620e-02,-0.0471875,-0.00210281
2.6630e-02,-0.0439063,-0.00203313
2.6640e-02,-0.0409375,-0.00152406
2.6650e-02,-0.048125,-0.00165063
2.6660e-02,-0.0439063,-0.00154531
2.6670e-02,-0.0484375,-0.00225281
2.6680e-02,-0.03375,-0.00150375
2.6690e-02,-0.0546875,-0.00177563
2.6700e-02,-0.0432813,-0.00142094
2.6710e-02,-0.0321875,-0.00185188
2.6720e-02,-0.0451563,-0.001665
2.6730e-02,-0.0489062,-0.00183688
2.6740e-02,-0.0482812,-0.001515
2.6750e-02,-0.0440625,-0.00184406
2.6760e-02,-0.0470312,-0.00186031
2.6770e-02,-0.03625,-0.00153625
2.6780e-02,-0.0426562,-0.00124563
2.6790e-02,-0.0448438,-0.00171875
2.6800e-02,-0.0403125,-0.00157375
2.6810e-02,-0.0465625,-0.00208281
2.6820e-02,-0.0403125,-0.00155563
2.6830e-02,-0.050625,-0.0018775
2.6840e-02,-0.0426562,-0.00165031
2.6850e-02,-0.0479688,-0.00243313
2.6860e-02,-0.0379688,-0.00209719
2.6870e-02,-0.0439063,-0.00189375
2.6880e-02,-0.0439063,-0.00265875
2.6890e-02,-0.04125,-0.00181156
2.6900e-02,-0.0421875,-0.0018025
2.6910e-02,-0.038125,-0.00178406
2.6920e-02,-0.0517188,-0.00167031
2.6930e-02,-0.0429688,-0.00166344
2.6940e-02,-0.0415625,-0.00142219
2.6950e-02,-0.0426562,-0.0011475
2.6960e-02,-0.0423437,-0.001295
2.6970e-02,-0.0384375,-0.00132625
2.6980e-02,-0.053125,-0.00143344
2.6990e-02,-0.0435938,-0.00164031
2.7000e-02,-0.0439063,-0.00181594
2.7010e-02,-0.0460938,-0.00194031
2.7020e-02,-0.0434375,-0.00217219
2.7030e-02,-0.054375,-0.00213656
2.7040e-02,-0.03125,-0.00216188
2.7050e-02,-0.038125,-0.00192906
2.7060e-02,-0.0470312,-0.00132125
2.7070e-02,-0.043125,-0.00223094
2.7080e-02,-0.0454688,-0.00181969
2.7090e-02,-0.048125,-0.00174031
2.7100e-02,-0.0523437,-0.00169469
2.7110e-02,-0.0396875,-0.00198781
2.7120e-02,-0.038125,-0.0020575
2.7130e-02,-0.0404687,-0.0016225
2.7140e-02,-0.045,-0.00169438
2.7150e-02,-0.0485938,-0.000985938
2.7160e-02,-0.0434375,-0.00143563
2.7170e-02,-0.054375,-0.00136594
2.7180e-02,-0.0521875,-0.00137
2.7190e-02,-0.0475,-0.00144938
2.7200e-02,-0.0520313,-0.00127719
2.7210e-02,-0.0289063,-0.00135531
2.7220e-02,-0.0471875,-0.00141656
2.7230e-02,-0.048125,-0.00178156
2.7240e-02,-0.0346875,-0.00156969
2.7250e-02,-0.0415625,-0.0014575
2.7260e-02,-0.0446875,-0.00155563
2.7270e-02,-0.0601562,-0.00176188
2.7280e-02,-0.055625,-0.00159188
2.7290e-02,-0.0420312,-0.00146281
2.7300e-02,-0.0515625,-0.00197031
2.7310e-02,-0.03375,-0.00150063
2.7320e-02,-0.0378125,-0.00114375
2.7330e-02,-0.0345312,-0.00149531
2.7340e-02,-0.0410937,-0.00160781
2.7350e-02,-0.0539063,-0.00130563
2.7360e-02,-0.0367188,-0.00178406
2.7370e-02,-0.0479688,-0.00161344
2.7380e-02,-0.03625,-0.00183281
2.7390e-02,-0.0421875,-0.00172906
2.7400e-02,-0.0478125,-0.00180531
2.7410e-02,-0.0454688,-0.00163
2.7420e-02,-0.0453125,-0.00174219
2.7430e-02,-0.0464062,-0.00153719
2.7440e-02,-0.045625,-0.0018675
2.7450e-02,-0.0464062,-0.00161281
2.7460e-02,-0.05,-0.00153594
2.7470e-02,-0.0360938,-0.00206656
2.7480e-02,-0.0415625,-0.00188531
2.7490e-02,-0.0364063,-0.00192094
2.7500e-02,-0.04125,-0.00168031
2.7510e-02,-0.0278125,-0.00234813
2.7520e-02,-0.044375,-0.00160094
2.7530e-02,-0.0379688,-0.0016925
2.7540e-02,-0.0459375,-0.00181438
2.7550e-02,-0.048125,-0.0010875
2.7560e-02,-0.0445313,-0.0011275
2.7570e-02,-0.0460938,-0.00155844
2.7580e-02,-0.0365625,-0.00151625
2.7590e-02,-0.0496875,-0.00145375
2.7600e-02,-0.0307813,-0.00160031
2.7610e-02,-0.0396875,-0.000929375
2.7620e-02,-0.0529687,-0.001715
2.7630e-02,-0.0426562,-0.00155188
2.7640e-02,-0.0375,-0.00146063
2.7650e-02,-0.0457813,-0.00170406
2.7660e-02,-0.0495312,-0.00149125
2.7670e-02,-0.0498438,-0.00160219
2.7680e-02,-0.036875,-0.00188781
2.7690e-02,-0.0532813,-0.00190156
2.7700e-02,-0.0385937,-0.00122656
2.7710e-02,-0.0414063,-0.00137594
2.7720e-02,-0.0426562,-0.00162719
2.7730e-02,-0.0335937,-0.00172531
2.7740e-02,-0.0495312,-0.00178875
2.7750e-02,-0.03625,-0.00235594
2.7760e-02,-0.0548437,-0.00183625
2.7770e-02,-0.0357813,-0.00189313
2.7780e-02,-0.0451563,-0.00141188
2.7790e-02,-0.0553125,-0.00202844
2.7800e-02,-0.04875,-0.00158875
2.7810e-02,-0.0464062,-0.00162625
2.7820e-02,-0.0395313,-0.00162688
2.7830e-02,-0.0501562,-0.000989375
2.7840e-02,-0.0467188,-0.00137
2.7850e-02,-0.04875,-0.00121438
2.7860e-02,-0.0389063,-0.00149375
2.7870e-02,-0.0428125,-0.0015
2.7880e-02,-0.043125,-0.001635
2.7890e-02,-0.04125,-0.00147375
2.7900e-02,-0.0517188,-0.00225469
2.7910e-02,-0.0525,-0.00178906
2.7920e-02,-0.0453125,-0.00252406
2.7930e-02,-0.0453125,-0.00188125
2.7940e-02,-0.0428125,-0.00178531
2.7950e-02,-0.0570313,-0.00129688
2.7960e-02,-0.0546875,-0.00168625
2.7970e-02,-0.0504687,-0.0017075
2.7980e-02,-0.0435938,-0.00150438
2.7990e-02,-0.0401563,-0.00159063
2.8000e-02,-0.0434375,-0.00140844
2.8010e-02,-0.0476562,-0.00192188
2.8020e-02,-0.054375,-0.00171094
2.8030e-02,-0.0540625,-0.0018025
2.8040e-02,-0.0509375,-0.00154906
2.8050e-02,-0.0453125,-0.001985
2.8060e-02,-0.045,-0.0012275
2.8070e-02,-0.0403125,-0.00179813
2.8080e-02,-0.0515625,-0.0014325
2.8090e-02,-0.0484375,-0.00183281
2.8100e-02,-0.038125,-0.00147063
2.8110e-02,-0.0364063,-0.00177313
2.8120e-02,-0.0478125,-0.00210969
2.8130e-02,-0.046875,-0.00177063
2.8140e-02,-0.0485938,-0.00149031
2.8150e-02,-0.0432813,-0.00149656
2.8160e-02,-0.0484375,-0.0022225
2.8170e-02,-0.0479688,-0.00188938
2.8180e-02,-0.0464062,-0.0018725
2.8190e-02,-0.0384375,-0.00145
2.8200e-02,-0.0492188,-0.00177281
2.8210e-02,-0.0367188,-0.00100875
2.8220e-02,-0.0523437,-0.0016925
2.8230e-02,-0.0404687,-0.00123188
2.8240e-02,-0.0404687,-0.00175031
2.8250e-02,-0.0396875,-0.00114437
2.8260e-02,-0.0535937,-0.00185281
2.8270e-02,-0.033125,-0.00166969
2.8280e-02,-0.05,-0.00165719
2.8290e-02,-0.0473438,-0.00190219
2.8300e-02,-0.0379688,-0.00187875
2.8310e-02,-0.0435938,-0.00188094
2.8320e-02,-0.0335937,-0.00152375
2.8330e-02,-0.0428125,-0.00189281
2.8340e-02,-0.0492188,-0.00149469
2.8350e-02,-0.043125,-0.00171281
2.8360e-02,-0.0454688,-0.00167875
2.8370e-02,-0.0451563,-0.00218094
2.8380e-02,-0.0414063,-0.00113281
2.8390e-02,-0.0370313,-0.00114688
2.8400e-02,-0.0448438,-0.0017825
2.8410e-02,-0.0535937,-0.00153531
2.8420e-02,-0.0576563,-0.00151531
2.8430e-02,-0.0521875,-0.00160344
2.8440e-02,-0.0409375,-0.00172031
2.8450e-02,-0.0423437,-0.00156813
2.8460e-02,-0.045,-0.00142781
2.8470e-02,-0.0526563,-0.00161375
2.8480e-02,0.139844,-0.00148563
2.8490e-02,-2.11219,-0.00262781
2.8500e-02,0.177656,-0.00382063
2.8510e-02,0.753125,-0.005
2.8520e-02,-0.7675,-0.00566406
2.8530e-02,0.0910938,-0.00518813
2.8540e-02,0.107812,-0.00515219
2.8550e-02,0.100312,-0.00512813
2.8560e-02,0.0754688,-0.00515938
2.8570e-02,0.0704687,-0.005015
2.8580e-02,0.0614062,-0.00498813
2.8590e-02,0.048125,-0.00505094
2.8600e-02,0.0490625,-0.00512375
2.8610e-02,0.05875,-0.00508125
2.8620e-02,0.0485937,-0.00517594
2.8630e-02,0.0379687,-0.00493094
2.8640e-02,0.040625,-0.004985
2.8650e-02,0.0303125,-0.00518063
2.8660e-02,0.0314062,-0.00483156
2.8670e-02,0.0389063,-0.00496031
2.8680e-02,0.0329688,-0.00480938
2.8690e-02,0.0207812,-0.00496031
2.8700e-02,0.0239063,-0.00481
2.8710e-02,0.0135937,-0.00491844
2.8720e-02,0.020625,-0.00513188
2.8730e-02,0.0139062,-0.0050275
2.8740e-02,0.0315625,-0.00421
2.8750e-02,0.0201562,-0.00196281
2.8760e-02,0.0204687,-0.0021225
2.8770e-02,0.0134375,-0.00238531
2.8780e-02,0.015,-0.00238156
2.8790e-02,0.0103125,-0.00224688
2.8800e-02,0.00015625,-0.00238063
2.8810e-02,0.0129687,-0.00125063
2.8820e-02,0.0109375,-0.00137469
2.8830e-02,0.0145312,-0.00145219
2.8840e-02,0.00359375,-0.00160906
2.8850e-02,0.01375,-0.0022075
2.8860e-02,-0.01125,-0.00215688
2.8870e-02,0.0170313,-0.00150906
2.8880e-02,0.0123437,-0.00197219
2.8890e-02,0.005,-0.00148188
2.8900e-02,-0.0059375,-0.00258188
2.8910e-02,-0.00171875,-0.00223875
2.8920e-02,0.0090625,-0.00178969
2.8930e-02,0.00203125,-0.00173313
2.8940e-02,0.00515625,-0.00145438
2.8950e-02,-0.00890625,-0.00140938
2.8960e-02,0.0028125,-0.00155094
2.8970e-02,-0.0078125,-0.00208781
2.8980e-02,-0.0021875,-0.00168406
2.8990e-02,-0.00359375,-0.00143719
2.9000e-02,0.00078125,-0.00135906
2.9010e-02,-0.00390625,-0.00201812
2.9020e-02,0.0078125,-0.00184813
2.9030e-02,0.00125,-0.00228375
2.9040e-02,-0.0176563,-0.00146875
2.9050e-02,-0.004375,-0.00231438
2.9060e-02,-0.00953125,-0.00170375
2.9070e-02,-0.00265625,-0.00190406
2.9080e-02,-0.0034375,-0.00160938
2.9090e-02,-0.00484375,-0.00237406
2.9100e-02,-0.003125,-0.00172
2.9110e-02,0.00296875,-0.00249938
2.9120e-02,-0.0015625,-0.00147281
2.9130e-02,-0.00859375,-0.00182594
2.9140e-02,-0.0065625,-0.00133094
2.9150e-02,-0.0103125,-0.00236625
2.9160e-02,-0.0148437,-0.00171531
2.9170e-02,-0.0140625,-0.00171625
2.9180e-02,-0.0034375,-0.0014625
2.9190e-02,-0.0090625,-0.00159438
2.9200e-02,-0.0167188,-0.00128219
2.9210e-02,-0.004375,-0.00139938
2.9220e-02,-0.0071875,-0.00179563
2.9230e-02,-0.0192187,-0.00143969
2.9240e-02,-0.018125,-0.00204094
2.9250e-02,-0.005,-0.00245938
2.9260e-02,-0.0146875,-0.00213594
2.9270e-02,-0.023125,-0.001605
2.9280e-02,-0.0254688,-0.00169906
2.9290e-02,-0.0217188,-0.00170938
2.9300e-02,-0.018125,-0.00169969
2.9310e-02,-0.0132813,-0.00157938
2.9320e-02,-0.0184375,-0.00189219
2.9330e-02,-0.0215625,-0.001495
2.9340e-02,-0.0115625,-0.00153938
2.9350e-02,-0.0157813,-0.00164531
2.9360e-02,-0.0151562,-0.00209406
2.9370e-02,-0.015,-0.00191844
2.9380e-02,-0.0151562,-0.00210719
2.9390e-02,-0.0184375,-0.00201719
2.9400e-02,-0.0121875,-0.00201094
2.9410e-02,-0.00640625,-0.00173188
2.9420e-02,-0.0185937,-0.00119531
2.9430e-02,-0.016875,-0.00175313
2.9440e-02,0.00109375,-0.00114188
2.9450e-02,-0.01125,-0.0019025
2.9460e-02,-0.0170313,-0.00135125
2.9470e-02,-0.0135937,-0.00156063
2.9480e-02,-0.0132813,-0.00133188
2.9490e-02,-0.01875,-0.00207781
2.9500e-02,-0.0132813,-0.00149938
2.9510e-02,-0.0228125,-0.00170375
2.9520e-02,-0.0153125,-0.00162625
2.9530e-02,-0.02,-0.00219031
2.9540e-02,-0.0120313,-0.00168375
2.9550e-02,-0.0265625,-0.00236344
2.9560e-02,-0.02,-0.00177
2.9570e-02,-0.0167188,-0.00171094
2.9580e-02,-0.0217188,-0.00128844
2.9590e-02,-0.0134375,-0.0013075
2.9600e-02,-0.0139063,-0.00180094
2.9610e-02,-0.0246875,-0.00145031
2.9620e-02,-0.0123438,-0.00209688
2.9630e-02,-0.0184375,-0.00150031
2.9640e-02,-0.02375,-0.00208938
2.9650e-02,-0.0189062,-0.00176656
2.9660e-02,-0.0217188,-0.00212219
2.9670e-02,-0.0229687,-0.00177875
2.9680e-02,-0.0182812,-0.0021125
2.9690e-02,-0.0121875,-0.00172813
2.9700e-02,-0.0182812,-0.0015725
2.9710e-02,-0.0209375,-0.00118969
2.9720e-02,-0.0242188,-0.00182969
2.9730e-02,-0.0203125,-0.00160844
2.9740e-02,-0.0278125,-0.00165344
2.9750e-02,-0.0176563,-0.00153063
2.9760e-02,-0.0260937,-0.00149125
2.9770e-02,-0.0248438,-0.00149906
2.9780e-02,-0.0220313,-0.0018475
2.9790e-02,-0.02,-0.00193969
2.9800e-02,-0.0215625,-0.00176969
2.9810e-02,-0.0270312,-0.00179844
2.9820e-02,-0.0282813,-0.00128031
2.9830e-02,-0.018125,-0.00144375
2.9840e-02,-0.0267187,-0.00149344
2.9850e-02,-0.0225,-0.001545
2.9860e-02,-0.0192187,-0.00173281
2.9870e-02,-0.0301563,-0.00203906
2.9880e-02,-0.0195312,-0.00190875
2.9890e-02,-0.0295313,-0.00186531
2.9900e-02,-0.0240625,-0.00202563
2.9910e-02,-0.0239063,-0.00202281
2.9920e-02,-0.0209375,-0.00183719
2.9930e-02,-0.0264062,-0.00168313
2.9940e-02,-0.025,-0.00213063
2.9950e-02,-0.025,-0.00170375
2.9960e-02,-0.0215625,-0.00157813
2.9970e-02,-0.0203125,-0.00145344
2.9980e-02,-0.0292188,-0.00210906
2.9990e-02,-0.0253125,-0.00154344
3.0000e-02,-0.0234375,-0.0020725
3.0010e-02,-0.0257812,-0.00143188
3.0020e-02,-0.0259375,-0.00266781
3.0030e-02,-0.0232812,-0.00221469
3.0040e-02,-0.0282813,-0.001825
3.0050e-02,-0.0260937,-0.00113438
3.0060e-02,-0.0140625,-0.00159469
3.0070e-02,-0.0314062,-0.0016075
3.0080e-02,-0.0220313,-0.00149625
3.0090e-02,-0.0270312,-0.000965313
3.0100e-02,-0.0275,-0.00151844
3.0110e-02,-0.0223437,-0.0015175
3.0120e-02,-0.028125,-0.00187125
3.0130e-02,-0.0248438,-0.00157594
3.0140e-02,-0.0270312,-0.00172938
3.0150e-02,-0.0173438,-0.00155625
3.0160e-02,-0.0328125,-0.001805
3.0170e-02,-0.0251563,-0.001845
3.0180e-02,-0.015,-0.00166031
3.0190e-02,-0.0246875,-0.00176813
3.0200e-02,-0.0290625,-0.00163844
3.0210e-02,-0.0192187,-0.00213969
3.0220e-02,-0.0310937,-0.00160875
3.0230e-02,-0.0203125,-0.00176719
3.0240e-02,-0.025625,-0.00135063
3.0250e-02,-0.0203125,-0.00174031
3.0260e-02,-0.025,-0.00156188
3.0270e-02,-0.0217188,-0.00196344
3.0280e-02,-0.020625,-0.00164969
3.0290e-02,-0.029375,-0.00176781
3.0300e-02,-0.024375,-0.00135438
3.0310e-02,-0.0278125,-0.00210625
3.0320e-02,-0.0332812,-0.00176313
3.0330e-02,-0.0240625,-0.001605
3.0340e-02,-0.0329688,-0.0013425
3.0350e-02,-0.0310937,-0.00220375
3.0360e-02,-0.0240625,-0.00163
3.0370e-02,-0.0346875,-0.00202656
3.0380e-02,-0.0379688,-0.00161906
3.0390e-02,-0.0301563,-0.00191438
3.0400e-02,-0.0207813,-0.00174938
3.0410e-02,-0.0325,-0.00203937
3.0420e-02,-0.0328125,-0.00123344
3.0430e-02,-0.0346875,-0.00159406
3.0440e-02,-0.0325,-0.00165469
3.0450e-02,-0.0314062,-0.00191813
3.0460e-02,-0.0246875,-0.00148906
3.0470e-02,-0.0214063,-0.00150281
3.0480e-02,-0.0232812,-0.00122156
3.0490e-02,-0.0276563,-0.00208563
3.0500e-02,-0.0345312,-0.001595
3.0510e-02,-0.0335937,-0.00210813
3.0520e-02,-0.0220313,-0.00157281
3.0530e-02,-0.023125,-0.00271063
3.0540e-02,-0.0232812,-0.00193875
3.0550e-02,-0.0335937,-0.00225438
3.0560e-02,-0.0285938,-0.00164094
3.0570e-02,-0.0429688,-0.00209719
3.0580e-02,-0.0276563,-0.00177969
3.0590e-02,-0.0335937,-0.00181375
3.0600e-02,-0.0348437,-0.000865625
3.0610e-02,-0.0265625,-0.00208187
3.0620e-02,-0.0273438,-0.0014725
3.0630e-02,-0.0304688,-0.00220875
3.0640e-02,-0.0259375,-0.00150625
3.0650e-02,-0.0242188,-0.00208844
3.0660e-02,-0.0335937,-0.00182563
3.0670e-02,-0.030625,-0.00202281
3.0680e-02,-0.0175,-0.00200344
3.0690e-02,-0.0284375,-0.00198875
3.0700e-02,-0.02375,-0.00194125
3.0710e-02,-0.0259375,-0.00161094
3.0720e-02,-0.0271875,-0.00178188
3.0730e-02,-0.0323438,-0.00215531
3.0740e-02,-0.0285938,-0.00187219
3.0750e-02,-0.025625,-0.00184469
3.0760e-02,-0.03875,-0.00226469
3.0770e-02,-0.0357813,-0.00196844
3.0780e-02,-0.0275,-0.00172
3.0790e-02,-0.021875,-0.0015725
3.0800e-02,-0.0376563,-0.00115125
3.0810e-02,-0.0370313,-0.00158781
3.0820e-02,-0.0229687,-0.00172344
3.0830e-02,-0.0260937,-0.00156875
3.0840e-02,-0.0209375,-0.00188281
3.0850e-02,-0.02125,-0.00127844
3.0860e-02,-0.0353125,-0.00143875
3.0870e-02,-0.030625,-0.00181969
3.0880e-02,-0.0285938,-0.00145156
3.0890e-02,-0.020625,-0.00184656
3.0900e-02,-0.0345312,-0.00138531
3.0910e-02,-0.035625,-0.00153844
3.0920e-02,-0.0304688,-0.000917188
3.0930e-02,-0.03125,-0.00151313
3.0940e-02,-0.030625,-0.00149906
3.0950e-02,-0.0365625,-0.00173906
3.0960e-02,-0.0257812,-0.00139031
3.0970e-02,-0.0340625,-0.00117
3.0980e-02,-0.038125,-0.00151063
3.0990e-02,-0.00921875,-0.00169906
3.1000e-02,-0.0265625,-0.00187906
3.1010e-02,-0.0415625,-0.00188219
3.1020e-02,-0.0317188,-0.00174063
3.1030e-02,-0.0309375,-0.00161094
3.1040e-02,-0.0253125,-0.00155031
3.1050e-02,-0.0178125,-0.00206969
3.1060e-02,-0.0254688,-0.00167719
3.1070e-02,-0.0371875,-0.00208531
3.1080e-02,-0.035625,-0.0019025
3.1090e-02,-0.0378125,-0.00144625
3.1100e-02,-0.0304688,-0.00179188
3.1110e-02,-0.0434375,-0.0018025
3.1120e-02,-0.0340625,-0.00173
3.1130e-02,-0.0304688,-0.00128094
3.1140e-02,-0.0484375,-0.00137375
3.1150e-02,-0.0375,-0.00174
3.1160e-02,-0.0395313,-0.00144719
3.1170e-02,-0.0282813,-0.00156125
3.1180e-02,-0.0340625,-0.00158188
3.1190e-02,-0.0221875,-0.00159344
3.1200e-02,-0.0426562,-0.00178125
3.1210e-02,-0.0342187,-0.00125031
3.1220e-02,-0.0240625,-0.00140156
3.1230e-02,-0.034375,-0.00105563
3.1240e-02,-0.0403125,-0.00161031
3.1250e-02,-0.0359375,-0.0020825
3.1260e-02,-0.03125,-0.00250438
3.1270e-02,-0.0390625,-0.00188094
3.1280e-02,-0.0332812,-0.00173156
3.1290e-02,-0.0373438,-0.00159656
3.1300e-02,-0.03125,-0.00200656
3.1310e-02,-0.0321875,-0.00177813
3.1320e-02,-0.0434375,-0.00128156
3.1330e-02,-0.0304688,-0.00154
3.1340e-02,-0.0360938,-0.00177656
3.1350e-02,-0.0390625,-0.00180719
3.1360e-02,-0.0334375,-0.00214
3.1370e-02,-0.0342187,-0.00206906
3.1380e-02,-0.0276563,-0.00151969
3.1390e-02,-0.0478125,-0.00172281
3.1400e-02,-0.03875,-0.00194219
3.1410e-02,-0.0409375,-0.00188469
3.1420e-02,-0.033125,-0.00155781
3.1430e-02,-0.0317188,-0.00155625
3.1440e-02,-0.0428125,-0.00134719
3.1450e-02,-0.0354688,-0.0018975
3.1460e-02,-0.0375,-0.00166438
3.1470e-02,-0.0332812,-0.00214594
3.1480e-02,-0.035625,-0.00122625
3.1490e-02,-0.0348437,-0.00159844
3.1500e-02,-0.0354688,-0.0011025
3.1510e-02,-0.038125,-0.00198156
3.1520e-02,-0.044375,-0.00148094
3.1530e-02,-0.0254688,-0.00181031
3.1540e-02,-0.0351562,-0.00137125
3.1550e-02,-0.0271875,-0.00231375
3.1560e-02,-0.0384375,-0.00161125
3.1570e-02,-0.0296875,-0.00197344
3.1580e-02,-0.04375,-0.00162438
3.1590e-02,-0.04125,-0.0019525
3.1600e-02,-0.0339062,-0.00155688
3.1610e-02,-0.0342187,-0.00142938
3.1620e-02,-0.0295313,-0.001335
3.1630e-02,-0.0278125,-0.00154031
3.1640e-02,-0.039375,-0.00162688
3.1650e-02,-0.050625,-0.00185
3.1660e-02,-0.0309375,-0.00156563
3.1670e-02,-0.03625,-0.00155688
3.1680e-02,-0.0315625,-0.0021625
3.1690e-02,-0.029375,-0.00154625
3.1700e-02,-0.0384375,-0.00185781
3.1710e-02,-0.0275,-0.00134344
3.1720e-02,-0.0390625,-0.00164156
3.1730e-02,-0.0367188,-0.00147938
3.1740e-02,-0.0304688,-0.00164906
3.1750e-02,-0.0339062,-0.00129625
3.1760e-02,-0.0346875,-0.00174438
3.1770e-02,-0.0304688,-0.00165281
3.1780e-02,-0.0284375,-0.00200219
3.1790e-02,-0.0432813,-0.00116781
3.1800e-02,-0.02875,-0.00191719
3.1810e-02,-0.0315625,-0.00123156
3.1820e-02,-0.0371875,-0.00215375
3.1830e-02,-0.0271875,-0.00142656
3.1840e-02,-0.0401563,-0.00202719
3.1850e-02,-0.0403125,-0.00163031
3.1860e-02,-0.034375,-0.00197344
3.1870e-02,-0.039375,-0.00181969
3.1880e-02,-0.0325,-0.00217844
3.1890e-02,-0.0328125,-0.00158406
3.1900e-02,-0.0454688,-0.00206313
3.1910e-02,-0.0310937,-0.00115781
3.1920e-02,-0.0246875,-0.001605
3.1930e-02,-0.0334375,-0.00139188
3.1940e-02,-0.0376563,-0.00147688
3.1950e-02,-0.043125,-0.00150625
3.1960e-02,-0.0325,-0.00138313
3.1970e-02,-0.0365625,-0.00137469
3.1980e-02,-0.0253125,-0.00163375
3.1990e-02,-0.040625,-0.00217094
3.2000e-02,-0.028125,-0.00155219
3.2010e-02,-0.0454688,-0.00191344
3.2020e-02,-0.035625,-0.00178094
3.2030e-02,-0.0435938,-0.00158313
3.2040e-02,-0.0510938,-0.00125938
3.2050e-02,-0.0426562,-0.00174688
3.2060e-02,-0.0432813,-0.00129813
3.2070e-02,-0.0414063,-0.00202375
3.2080e-02,-0.0342187,-0.00104125
3.2090e-02,-0.046875,-0.00206469
3.2100e-02,-0.0376563,-0.00174438
3.2110e-02,-0.0384375,-0.00201812
3.2120e-02,-0.0345312,-0.00181781
3.2130e-02,-0.033125,-0.00191094
3.2140e-02,-0.04,-0.00177188
3.2150e-02,-0.0445313,-0.00172938
3.2160e-02,-0.0429688,-0.00142219
3.2170e-02,-0.035,-0.00135063
3.2180e-02,-0.051875,-0.00132719
3.2190e-02,-0.0479688,-0.00149
3.2200e-02,-0.0385937,-0.0014325
3.2210e-02,-0.0434375,-0.001515
3.2220e-02,-0.0364063,-0.00197125
3.2230e-02,-0.0425,-0.00158
3.2240e-02,-0.04125,-0.00194781
3.2250e-02,-0.0323438,-0.00218563
3.2260e-02,-0.04125,-0.00184594
3.2270e-02,-0.0367188,-0.00184281
3.2280e-02,-0.0409375,-0.0022325
3.2290e-02,-0.0471875,-0.00163531
3.2300e-02,-0.0329688,-0.00195188
3.2310e-02,-0.04375,-0.00140375
3.2320e-02,-0.0398437,-0.001865
3.2330e-02,-0.044375,-0.00189531
3.2340e-02,-0.0395313,-0.00173375
3.2350e-02,-0.0548437,-0.00157188
3.2360e-02,-0.0295313,-0.00127688
3.2370e-02,-0.035,-0.00189094
3.2380e-02,-0.0329688,-0.00168438
3.2390e-02,-0.0420312,-0.00180219
3.2400e-02,-0.0445313,-0.00221844
3.2410e-02,-0.026875,-0.0020125
3.2420e-02,-0.0370313,-0.00132594
3.2430e-02,-0.0476562,-0.00182375
3.2440e-02,-0.0307813,-0.00140938
3.2450e-02,-0.0270312,-0.00183063
3.2460e-02,-0.045,-0.00183094
3.2470e-02,-0.03375,-0.00171313
3.2480e-02,-0.0282813,-0.00128406
3.2490e-02,-0.036875,-0.00189781
3.2500e-02,-0.0345312,-0.00186344
3.2510e-02,-0.02625,-0.00185813
3.2520e-02,-0.0364063,-0.00136938
3.2530e-02,-0.0320312,-0.00157813
3.2540e-02,-0.045625,-0.000805938
3.2550e-02,-0.0415625,-0.00188094
3.2560e-02,-0.0370313,-0.00121531
3.2570e-02,-0.0310937,-0.00170125
3.2580e-02,-0.0390625,-0.00093
3.2590e-02,-0.0420312,-0.001765
3.2600e-02,-0.0375,-0.00166688
3.2610e-02,-0.0375,-0.00172906
3.2620e-02,-0.0346875,-0.00199281
3.2630e-02,-0.0389063,-0.00197313
3.2640e-02,-0.0439063,-0.00176219
3.2650e-02,-0.03875,-0.00170094
3.2660e-02,-0.0457813,-0.00176688
3.2670e-02,-0.0414063,-0.0009525
3.2680e-02,-0.0345312,-0.00169188
3.2690e-02,-0.038125,-0.00152
3.2700e-02,-0.038125,-0.00162281
3.2710e-02,-0.03625,-0.00140063
3.2720e-02,-0.0332812,-0.00229813
3.2730e-02,-0.0295313,-0.00137906
3.2740e-02,-0.02875,-0.00173781
3.2750e-02,-0.0323438,-0.00134844
3.2760e-02,-0.044375,-0.00232031
3.2770e-02,-0.0384375,-0.00089875
3.2780e-02,-0.0453125,-0.00198469
3.2790e-02,-0.0435938,-0.00138375
3.2800e-02,-0.0328125,-0.00232594
3.2810e-02,-0.043125,-0.00104469
3.2820e-02,-0.041875,-0.00150688
3.2830e-02,-0.0403125,-0.00175625
3.2840e-02,-0.039375,-0.00148969
3.2850e-02,-0.0526563,-0.00159125
3.2860e-02,-0.04125,-0.00191031
3.2870e-02,-0.0296875,-0.00170344
3.2880e-02,-0.0321875,-0.0018325
3.2890e-02,-0.0389063,-0.00142344
3.2900e-02,-0.0367188,-0.00158906
3.2910e-02,-0.0426562,-0.0018125
3.2920e-02,-0.0484375,-0.00140406
3.2930e-02,-0.0384375,-0.00185438
3.2940e-02,-0.0385937,-0.00163219
3.2950e-02,-0.0317188,-0.0017975
3.2960e-02,-0.030625,-0.00169781
3.2970e-02,-0.035625,-0.00216844
3.2980e-02,-0.036875,-0.00179
3.2990e-02,-0.0384375,-0.00164656
3.3000e-02,-0.03875,-0.00217063
3.3010e-02,-0.0420312,-0.00211094
3.3020e-02,-0.0484375,-0.00203688
3.3030e-02,-0.0432813,-0.00189969
3.3040e-02,-0.0379688,-0.00166313
3.3050e-02,-0.049375,-0.00169125
3.3060e-02,-0.0371875,-0.00124594
3.3070e-02,-0.0459375,-0.0014325
3.3080e-02,-0.0428125,-0.00142656
3.3090e-02,-0.0373438,-0.00133781
3.3100e-02,-0.0365625,-0.00112156
3.3110e-02,-0.0384375,-0.00143281
3.3120e-02,-0.0285938,-0.0014675
3.3130e-02,-0.0453125,-0.0017725
3.3140e-02,-0.0459375,-0.00163531
3.3150e-02,-0.0396875,-0.00199156
3.3160e-02,-0.0370313,-0.00168406
3.3170e-02,-0.0448438,-0.00158094
3.3180e-02,-0.0348437,-0.00219094
3.3190e-02,-0.039375,-0.00146531
3.3200e-02,-0.0440625,-0.00157438
3.3210e-02,-0.0523437,-0.00145375
3.3220e-02,-0.0332812,-0.00210375
3.3230e-02,-0.0448438,-0.00184188
3.3240e-02,-0.0457813,-0.00173563
3.3250e-02,-0.0289063,-0.0018425
3.3260e-02,-0.045625,-0.0016125
3.3270e-02,-0.0425,-0.00163813
3.3280e-02,-0.0414063,-0.00124531
3.3290e-02,-0.0509375,-0.00189813
3.3300e-02,-0.0484375,-0.00177719
3.3310e-02,-0.0445313,-0.00132625
3.3320e-02,-0.0484375,-0.00127969
3.3330e-02,-0.044375,-0.00154063
3.3340e-02,-0.045,-0.00137281
3.3350e-02,-0.0440625,-0.00259625
3.3360e-02,-0.0273438,-0.00184406
3.3370e-02,-0.0498438,-0.00234188
3.3380e-02,-0.0375,-0.00158813
3.3390e-02,-0.04375,-0.00198906
3.3400e-02,-0.0317188,-0.00160563
3.3410e-02,-0.0285938,-0.00232969
3.3420e-02,-0.0515625,-0.00161813
3.3430e-02,-0.0415625,-0.00164938
3.3440e-02,-0.045,-0.00162656
3.3450e-02,-0.0404687,-0.00174688
3.3460e-02,-0.0409375,-0.00180625
3.3470e-02,-0.0407813,-0.00151625
3.3480e-02,-0.0546875,-0.00175125
3.3490e-02,-0.04375,-0.00177875
3.3500e-02,-0.0546875,-0.00134625
3.3510e-02,-0.0396875,-0.00140094
3.3520e-02,-0.0373438,-0.00173406
3.3530e-02,-0.0439063,-0.00143063
3.3540e-02,-0.039375,-0.00153719
3.3550e-02,-0.0378125,-0.00168063
3.3560e-02,-0.0429688,-0.00171625
3.3570e-02,-0.0545313,-0.00171375
3.3580e-02,-0.0385937,-0.00160719
3.3590e-02,-0.0407813,-0.00155125
3.3600e-02,-0.0392187,-0.00177531
3.3610e-02,-0.0490625,-0.00112656
3.3620e-02,-0.0434375,-0.00153625
3.3630e-02,-0.0321875,-0.00177188
3.3640e-02,-0.0376563,-0.00168156
3.3650e-02,-0.0396875,-0.00172938
3.3660e-02,-0.0303125,-0.00182781
3.3670e-02,-0.0520313,-0.00175844
3.3680e-02,-0.0520313,-0.00164938
3.3690e-02,-0.0345312,-0.00171313
3.3700e-02,-0.0332812,-0.00168125
3.3710e-02,-0.0482812,-0.00160281
3.3720e-02,-0.0490625,-0.00169875
3.3730e-02,-0.038125,-0.00195188
3.3740e-02,-0.04125,-0.00132719
3.3750e-02,-0.0453125,-0.00236219
3.3760e-02,-0.040625,-0.00165594
3.3770e-02,-0.0434375,-0.00194563
3.3780e-02,-0.0557813,-0.0020425
3.3790e-02,-0.0375,-0.00186219
3.3800e-02,-0.0509375,-0.00185656
3.3810e-02,-0.0432813,-0.00169281
3.3820e-02,-0.0428125,-0.00189469
3.3830e-02,-0.045,-0.00167531
3.3840e-02,-0.0440625,-0.00155594
3.3850e-02,-0.040625,-0.00181
3.3860e-02,-0.0420312,-0.00178281
3.3870e-02,-0.0478125,-0.00174875
3.3880e-02,-0.0396875,-0.00176719
3.3890e-02,-0.04625,-0.00147156
3.3900e-02,-0.0575,-0.0017275
3.3910e-02,-0.0545313,-0.00146656
3.3920e-02,-0.0551563,-0.00197688
3.3930e-02,-0.0471875,-0.00145313
3.3940e-02,-0.0464062,-0.00169219
3.3950e-02,-0.0384375,-0.00163875
3.3960e-02,-0.0440625,-0.002295
3.3970e-02,-0.04875,-0.00137406
3.3980e-02,-0.0535937,-0.00199531
3.3990e-02,-0.0395313,-0.00167281
3.4000e-02,-0.0421875,-0.00183906
3.4010e-02,-0.0398437,-0.00188719
3.4020e-02,-0.0432813,-0.00143625
3.4030e-02,-0.0478125,-0.00165719
3.4040e-02,-0.0415625,-0.00151063
3.4050e-02,-0.036875,-0.00182875
3.4060e-02,-0.0407813,-0.00162875
3.4070e-02,-0.0451563,-0.00141656
3.4080e-02,-0.0482812,-0.00149688
3.4090e-02,-0.041875,-0.00171063
3.4100e-02,-0.0548437,-0.00179906
3.4110e-02,-0.0503125,-0.00219531
3.4120e-02,-0.0451563,-0.00195531
3.4130e-02,-0.0448438,-0.00169406
3.4140e-02,-0.0421875,-0.00189625
3.4150e-02,-0.0484375,-0.00145625
3.4160e-02,-0.0492188,-0.0016825
3.4170e-02,-0.0470312,-0.0014425
3.4180e-02,-0.0359375,-0.00116188
3.4190e-02,-0.055625,-0.00210969
3.4200e-02,-0.0351562,-0.00199531
3.4210e-02,-0.0401563,-0.00137938
3.4220e-02,-0.0370313,-0.00209438
3.4230e-02,-0.0292188,-0.00157938
3.4240e-02,-0.0439063,-0.00145656
3.4250e-02,-0.0526563,-0.00163563
3.4260e-02,-0.0504687,-0.00148625
3.4270e-02,-0.04,-0.00233813
3.4280e-02,-0.0415625,-0.00168563
3.4290e-02,-0.0334375,-0.00186875
3.4300e-02,-0.0420312,-0.00161531
3.4310e-02,-0.041875,-0.00171688
3.4320e-02,-0.0407813,-0.00115719
3.4330e-02,-0.0426562,-0.00178844
3.4340e-02,-0.0503125,-0.00143469
3.4350e-02,-0.0407813,-0.00200656
3.4360e-02,-0.036875,-0.00152844
3.4370e-02,-0.040625,-0.00174531
3.4380e-02,-0.043125,-0.0017475
3.4390e-02,-0.0339062,-0.00191
3.4400e-02,-0.0429688,-0.00151938
3.4410e-02,-0.0365625,-0.00138094
3.4420e-02,-0.0567187,-0.00145156
3.4430e-02,-0.0407813,-0.00122219
3.4440e-02,-0.0409375,-0.00115594
3.4450e-02,-0.0434375,-0.00183313
3.4460e-02,-0.0328125,-0.00167094
3.4470e-02,-0.0482812,-0.00193313
3.4480e-02,-0.0485938,-0.00281844
3.4490e-02,-0.0384375,-0.00156594
3.4500e-02,-0.0389063,-0.00218219
3.4510e-02,-0.0440625,-0.00164531
3.4520e-02,-0.0489062,-0.0016875
3.4530e-02,-0.0510938,-0.00116719
3.4540e-02,-0.0490625,-0.00145406
3.4550e-02,-0.0457813,-0.00107375
3.4560e-02,-0.0473438,-0.00165219
3.4570e-02,-0.0371875,-0.00103063
3.4580e-02,-0.0578125,-0.00139094
3.4590e-02,-0.0353125,-0.00115156
3.4600e-02,-0.0540625,-0.00155844
3.4610e-02,-0.0482812,-0.00215063
3.4620e-02,-0.0503125,-0.00174813
3.4630e-02,-0.0442188,-0.00184688
3.4640e-02,-0.04375,-0.00156313
3.4650e-02,-0.0401563,-0.00134406
3.4660e-02,-0.0375,-0.00172406
3.4670e-02,-0.0548437,-0.00209875
3.4680e-02,-0.0401563,-0.00171969
3.4690e-02,-0.0467188,-0.00189094
3.4700e-02,-0.0446875,-0.00147156
3.4710e-02,-0.0548437,-0.00125313
3.4720e-02,-0.05,-0.00199406
3.4730e-02,-0.0379688,-0.00136531
3.4740e-02,-0.043125,-0.0017225
3.4750e-02,-0.0465625,-0.000786875
3.4760e-02,-0.0604688,-0.00188406
3.4770e-02,-0.0467188,-0.00116406
3.4780e-02,-0.0410937,-0.00226375
3.4790e-02,-0.0529687,-0.00175625
3.4800e-02,-0.0515625,-0.0017675
3.4810e-02,-0.04625,-0.00207031
3.4820e-02,-0.0409375,-0.00153594
3.4830e-02,-0.0503125,-0.00173813
3.4840e-02,-0.0340625,-0.00136406
3.4850e-02,-0.0475,-0.00151563
3.4860e-02,-0.0414063,-0.00107375
3.4870e-02,-0.04625,-0.00173313
3.4880e-02,-0.0542187,-0.000649375
3.4890e-02,-0.0514063,-0.00168875
3.4900e-02,-0.0451563,-0.00156219
3.4910e-02,-0.0382813,-0.00196281
3.4920e-02,-0.0470312,-0.00091875
3.4930e-02,-0.041875,-0.00208187
3.4940e-02,-0.0298438,-0.00113344
3.4950e-02,-0.04875,-0.00165031
3.4960e-02,-0.0475,-0.00124188
3.4970e-02,-0.0504687,-0.00221281
3.4980e-02,-0.0448438,-0.00188813
3.4990e-02,-0.0453125,-0.00176813
3.5000e-02,-0.0571875,-0.00209
3.5010e-02,-0.0517188,-0.00197906
3.5020e-02,-0.0401563,-0.0017175
3.5030e-02,-0.0428125,-0.00175438
3.5040e-02,-0.0442188,-0.00162781
3.5050e-02,-0.0392187,-0.00103875
3.5060e-02,-0.0520313,-0.00186063
3.5070e-02,-0.0479688,-0.00162031
3.5080e-02,-0.0545313,-0.00158656
3.5090e-02,-0.0596875,-0.0015475
3.5100e-02,-0.048125,-0.00185813
3.5110e-02,-0.028125,-0.00189344
3.5120e-02,-0.0492188,-0.00195688
3.5130e-02,-0.0496875,-0.00162563
3.5140e-02,-0.0364063,-0.00168469
3.5150e-02,-0.0528125,-0.00121094
3.5160e-02,-0.05,-0.00203219
3.5170e-02,-0.0429688,-0.00163813
3.5180e-02,-0.0435938,-0.00181031
3.5190e-02,-0.0420312,-0.00180094
3.5200e-02,-0.0542187,-0.00207563
3.5210e-02,-0.045625,-0.00121969
3.5220e-02,-0.0420312,-0.00184969
3.5230e-02,-0.040625,-0.00157875
3.5240e-02,-0.0446875,-0.00124313
3.5250e-02,-0.0434375,-0.00156906
3.5260e-02,-0.039375,-0.00142406
3.5270e-02,-0.0426562,-0.00196656
3.5280e-02,-0.0504687,-0.0015125
3.5290e-02,-0.04,-0.00167813
3.5300e-02,-0.0290625,-0.00151281
3.5310e-02,-0.038125,-0.0016275
3.5320e-02,-0.0459375,-0.00197844
3.5330e-02,-0.0460938,-0.00168406
3.5340e-02,-0.0398437,-0.00168531
3.5350e-02,-0.051875,-0.00268063
3.5360e-02,-0.0490625,-0.00174656
3.5370e-02,-0.0473438,-0.00200469
3.5380e-02,-0.056875,-0.00211875
3.5390e-02,-0.0454688,-0.00224
3.5400e-02,-0.0428125,-0.00147594
3.5410e-02,-0.0392187,-0.00179125
3.5420e-02,-0.0401563,-0.00123063
3.5430e-02,-0.0360938,-0.00141125
3.5440e-02,-0.0601562,-0.00147438
3.5450e-02,-0.045625,-0.00134438
3.5460e-02,-0.0475,-0.00161375
3.5470e-02,-0.046875,-0.0016075
3.5480e-02,-0.0398437,-0.00169313
3.5490e-02,-0.0453125,-0.00174531
3.5500e-02,-0.0403125,-0.00175375
3.5510e-02,-0.0454688,-0.00116219
3.5520e-02,-0.0464062,-0.00160094
3.5530e-02,-0.0464062,-0.00169563
3.5540e-02,-0.0390625,-0.00140094
3.5550e-02,-0.0509375,-0.000924688
3.5560e-02,-0.0507812,-0.00144344
3.5570e-02,-0.0471875,-0.00179969
3.5580e-02,-0.0484375,-0.00221344
3.5590e-02,-0.0529687,-0.00178875
3.5600e-02,-0.0442188,-0.00215906
3.5610e-02,-0.0464062,-0.00102125
3.5620e-02,-0.05125,-0.00126469
3.5630e-02,-0.043125,-0.00152188
3.5640e-02,-0.0528125,-0.001855
3.5650e-02,-0.0470312,-0.00113063
3.5660e-02,-0.041875,-0.00138563
3.5670e-02,-0.0473438,-0.001695
3.5680e-02,-0.050625,-0.00201656
3.5690e-02,-0.0503125,-0.00204469
3.5700e-02,-0.04375,-0.00185188
3.5710e-02,-0.046875,-0.00205656
3.5720e-02,-0.0446875,-0.00162563
3.5730e-02,-0.0371875,-0.00202063
3.5740e-02,-0.0457813,-0.00185781
3.5750e-02,-0.0532813,-0.00217594
3.5760e-02,-0.0503125,-0.00202
3.5770e-02,-0.0484375,-0.00228563
3.5780e-02,-0.0496875,-0.001895
3.5790e-02,-0.0396875,-0.00188313
3.5800e-02,-0.0364063,-0.00175906
3.5810e-02,-0.0309375,-0.00200406
3.5820e-02,-0.0442188,-0.00176688
3.5830e-02,-0.0514063,-0.00193563
3.5840e-02,-0.048125,-0.00148844
3.5850e-02,-0.0460938,-0.001825
3.5860e-02,-0.0434375,-0.00176875
3.5870e-02,-0.0475,-0.00172625
3.5880e-02,-0.055625,-0.00227906
3.5890e-02,-0.038125,-0.00197281
3.5900e-02,-0.0564063,-0.00184969
3.5910e-02,-0.0445313,-0.00168344
3.5920e-02,-0.0496875,-0.00146188
3.5930e-02,-0.0410937,-0.00188938
3.5940e-02,-0.0432813,-0.00138375
3.5950e-02,-0.0459375,-0.00148313
3.5960e-02,-0.0435938,-0.00115406
3.5970e-02,-0.0378125,-0.00165125
3.5980e-02,-0.0471875,-0.0018975
3.5990e-02,-0.0401563,-0.00210844
3.6000e-02,-0.0528125,-0.00209219
3.6010e-02,-0.0435938,-0.00197188
3.6020e-02,-0.0539063,-0.00200281
3.6030e-02,-0.05375,-0.00138688
3.6040e-02,-0.0535937,-0.00188969
3.6050e-02,-0.040625,-0.00098125
3.6060e-02,-0.045625,-0.00158438
3.6070e-02,-0.0454688,-0.00159938
3.6080e-02,-0.0590625,-0.00227844
3.6090e-02,-0.0598438,-0.00157563
3.6100e-02,-0.0504687,-0.00153188
3.6110e-02,-0.0432813,-0.000955
3.6120e-02,-0.0492188,-0.00225656
3.6130e-02,-0.0446875,-0.0018225
3.6140e-02,-0.0384375,-0.00180781
3.6150e-02,-0.0559375,-0.0015425
3.6160e-02,-0.0428125,-0.00189156
3.6170e-02,-0.0420312,-0.00157156
3.6180e-02,-0.0498438,-0.00142188
3.6190e-02,-0.045625,-0.00165188
3.6200e-02,-0.0384375,-0.0014575
3.6210e-02,-0.046875,-0.00139031
3.6220e-02,-0.0460938,-0.00184125
3.6230e-02,-0.0514063,-0.00217906
3.6240e-02,-0.04,-0.00179563
3.6250e-02,-0.0510938,-0.00216594
3.6260e-02,-0.0476562,-0.00194875
3.6270e-02,-0.04625,-0.00228344
3.6280e-02,-0.04125,-0.00208219
3.6290e-02,-0.049375,-0.00190031
3.6300e-02,-0.0485938,-0.00120031
3.6310e-02,-0.0351562,-0.00179656
3.6320e-02,-0.0451563,-0.00140406
3.6330e-02,-0.0532813,-0.00172156
3.6340e-02,-0.0382813,-0.00181156
3.6350e-02,-0.05,-0.001705
3.6360e-02,-0.0501562,-0.00197094
3.6370e-02,-0.0465625,-0.00126281
3.6380e-02,-0.0435938,-0.00164219
3.6390e-02,-0.0479688,-0.000995313
3.6400e-02,-0.0478125,-0.00120031
3.6410e-02,-0.0467188,-0.00155875
3.6420e-02,-0.0432813,-0.00165438
3.6430e-02,-0.0507812,-0.00160938
3.6440e-02,-0.0528125,-0.00163906
3.6450e-02,-0.0496875,-0.00149875
3.6460e-02,-0.0471875,-0.00166563
3.6470e-02,-0.0492188,-0.00157188
3.6480e-02,0.247031,-0.00157656
3.6490e-02,-0.209219,-0.00208813
3.6500e-02,-0.893125,-0.00364688
3.6510e-02,-0.283125,-0.00443344
3.6520e-02,-0.815156,-0.00494906
3.6530e-02,0.084375,-0.00505656
3.6540e-02,0.0989063,-0.00510625
3.6550e-02,0.093125,-0.00508563
3.6560e-02,0.0839063,-0.00515375
3.6570e-02,0.07875,-0.00492875
3.6580e-02,0.0617188,-0.00530781
3.6590e-02,0.044375,-0.00503781
3.6600e-02,0.0723437,-0.00512469
3.6610e-02,0.0404687,-0.005
3.6620e-02,0.05125,-0.00500813
3.6630e-02,0.0526563,-0.0051475
3.6640e-02,0.0395313,-0.00505
3.6650e-02,0.0265625,-0.00516188
3.6660e-02,0.0334375,-0.00495844
3.6670e-02,0.043125,-0.00504469
3.6680e-02,0.0198438,-0.00493281
3.6690e-02,0.0204687,-0.00502844
3.6700e-02,0.00703125,-0.00497219
3.6710e-02,0.020625,-0.0049675
3.6720e-02,0.0220312,-0.00500938
3.6730e-02,0.0242188,-0.00481594
3.6740e-02,0.00859375,-0.00438219
3.6750e-02,0.021875,-0.00257344
3.6760e-02,0.020625,-0.00208094
3.6770e-02,0.00640625,-0.00229469
3.6780e-02,0.0234375,-0.00255688
3.6790e-02,0.0110937,-0.00217719
3.6800e-02,0.0140625,-0.001815
3.6810e-02,0.0075,-0.00106656
3.6820e-02,0.011875,-0.00140344
3.6830e-02,0.0139062,-0.0011425
3.6840e-02,0.0190625,-0.0020475
3.6850e-02,0.0075,-0.00270375
3.6860e-02,0.0148437,-0.00213531
3.6870e-02,0.00203125,-0.00214938
3.6880e-02,0.005625,-0.00146375
3.6890e-02,-0.00203125,-0.00207125
3.6900e-02,-0.0071875,-0.00163625
3.6910e-02,0.0046875,-0.00216594
3.6920e-02,0.00078125,-0.00176531
3.6930e-02,-0.00453125,-0.00246469
3.6940e-02,0.0090625,-0.00144469
3.6950e-02,0.00015625,-0.00142469
3.6960e-02,0.00234375,-0.00182188
3.6970e-02,-0.0065625,-0.00157719
3.6980e-02,0.00140625,-0.00219563
3.6990e-02,0.005625,-0.00195406
3.7000e-02,0.00390625,-0.00172969
3.7010e-02,0.00296875,-0.00157281
3.7020e-02,-0.0025,-0.00178
3.7030e-02,0.00484375,-0.00151906
3.7040e-02,-0.0078125,-0.00204531
3.7050e-02,0.003125,-0.00127656
3.7060e-02,-0.00625,-0.00172938
3.7070e-02,-0.00125,-0.00119375
3.7080e-02,0.0009375,-0.00165125
3.7090e-02,0.0003125,-0.00111813
3.7100e-02,-0.009375,-0.00185906
3.7110e-02,-0.000625,-0.0015125
3.7120e-02,-0.004375,-0.00189188
3.7130e-02,-0.0151562,-0.00193625
3.7140e-02,-0.0071875,-0.00188594
3.7150e-02,0.004375,-0.00152781
3.7160e-02,-0.00203125,-0.00200469
3.7170e-02,0.00359375,-0.00236625
3.7180e-02,-0.00890625,-0.00145781
3.7190e-02,-0.00703125,-0.00138906
3.7200e-02,-0.0128125,-0.00110438
3.7210e-02,-0.0160938,-0.00178719
3.7220e-02,-0.003125,-0.00175125
3.7230e-02,-0.000625,-0.00216188
3.7240e-02,-0.0120313,-0.00150656
3.7250e-02,-0.0173438,-0.0019
3.7260e-02,-0.0251563,-0.00175156
3.7270e-02,-0.00671875,-0.00170875
3.7280e-02,-0.00125,-0.00169063
3.7290e-02,0.00125,-0.00182625
3.7300e-02,-0.024375,-0.00203844
3.7310e-02,-0.011875,-0.001645
3.7320e-02,-0.00765625,-0.00180531
3.7330e-02,-0.0078125,-0.00128281
3.7340e-02,-0.010625,-0.00163219
3.7350e-02,-0.0132813,-0.00205688
3.7360e-02,-0.0126563,-0.00186031
3.7370e-02,-0.0154687,-0.00179125
3.7380e-02,-0.0195312,-0.00202406
3.7390e-02,-0.020625,-0.00158938
3.7400e-02,-0.0182812,-0.00231438
3.7410e-02,-0.0275,-0.00131438
3.7420e-02,-0.0248438,-0.00160281
3.7430e-02,-0.0226562,-0.00139344
3.7440e-02,-0.0178125,-0.00196437
3.7450e-02,-0.0142188,-0.00183406
3.7460e-02,-0.0165625,-0.00134656
3.7470e-02,-0.0246875,-0.00188938
3.7480e-02,-0.0176563,-0.00192406
3.7490e-02,-0.0273438,-0.00148031
3.7500e-02,-0.0140625,-0.00221719
3.7510e-02,-0.0214063,-0.00215406
3.7520e-02,-0.01125,-0.00197625
3.7530e-02,-0.0214063,-0.00199844
3.7540e-02,-0.0139063,-0.00214156
3.7550e-02,-0.008125,-0.00163969
3.7560e-02,-0.0234375,-0.00206344
3.7570e-02,-0.0209375,-0.00191
3.7580e-02,-0.0178125,-0.00160813
3.7590e-02,-0.0210938,-0.00128406
3.7600e-02,-0.030625,-0.00131281
3.7610e-02,-0.0173438,-0.00110313
3.7620e-02,-0.0145312,-0.0020675
3.7630e-02,-0.02,-0.00193594
3.7640e-02,-0.0190625,-0.00176063
3.7650e-02,-0.02,-0.0014025
3.7660e-02,-0.0234375,-0.00207125
3.7670e-02,-0.0221875,-0.00161688
3.7680e-02,-0.0246875,-0.00192688
3.7690e-02,-0.0170313,-0.00152156
3.7700e-02,-0.02125,-0.0020025
3.7710e-02,-0.0148437,-0.00154906
3.7720e-02,-0.0267187,-0.00160719
3.7730e-02,-0.01875,-0.00176125
3.7740e-02,-0.0201563,-0.00151094
3.7750e-02,-0.0203125,-0.00209938
3.7760e-02,-0.0304688,-0.00160563
3.7770e-02,-0.0242188,-0.00177625
3.7780e-02,-0.0196875,-0.00152969
3.7790e-02,-0.0223437,-0.00184
3.7800e-02,-0.0235938,-0.00137406
3.7810e-02,-0.0160938,-0.00148656
3.7820e-02,-0.019375,-0.00151156
3.7830e-02,-0.0228125,-0.00210312
3.7840e-02,-0.0290625,-0.00146438
3.7850e-02,-0.0140625,-0.00187625
3.7860e-02,-0.016875,-0.00181938
3.7870e-02,-0.0204688,-0.00171563
3.7880e-02,-0.0254688,-0.00098
3.7890e-02,-0.0185937,-0.00181781
3.7900e-02,-0.0289063,-0.00135531
3.7910e-02,-0.0160938,-0.00149
3.7920e-02,-0.0226562,-0.00137844
3.7930e-02,-0.0204688,-0.00158156
3.7940e-02,-0.0214063,-0.00175938
3.7950e-02,-0.0232812,-0.00177938
3.7960e-02,-0.0215625,-0.00197813
3.7970e-02,-0.011875,-0.00146125
3.7980e-02,-0.0179687,-0.0014025
3.7990e-02,-0.029375,-0.00182594
3.8000e-02,-0.0245313,-0.00159
3.8010e-02,-0.016875,-0.0015825
3.8020e-02,-0.0201563,-0.00154594
3.8030e-02,-0.0134375,-0.001315
3.8040e-02,-0.0279688,-0.00163313
3.8050e-02,-0.016875,-0.00202031
3.8060e-02,-0.0289063,-0.00176156
3.8070e-02,-0.0339062,-0.00157406
3.8080e-02,-0.018125,-0.00200594
3.8090e-02,-0.0254688,-0.00171375
3.8100e-02,-0.028125,-0.00166625
3.8110e-02,-0.0314062,-0.00214031
3.8120e-02,-0.0289063,-0.00141
3.8130e-02,-0.0223437,-0.00178688
3.8140e-02,-0.029375,-0.00172
3.8150e-02,-0.0273438,-0.00182156
3.8160e-02,-0.0310937,-0.00226969
3.8170e-02,-0.01875,-0.00181281
3.8180e-02,-0.0267187,-0.0014
3.8190e-02,-0.0245313,-0.00171281
3.8200e-02,-0.031875,-0.00171594
3.8210e-02,-0.0342187,-0.00158906
3.8220e-02,-0.0148437,-0.00216844
3.8230e-02,-0.018125,-0.00173031
3.8240e-02,-0.0320312,-0.00198375
3.8250e-02,-0.0342187,-0.00158656
3.8260e-02,-0.02875,-0.00202656
3.8270e-02,-0.0295313,-0.00179813
3.8280e-02,-0.0267187,-0.00211563
3.8290e-02,-0.0276563,-0.00175188
3.8300e-02,-0.024375,-0.00178719
3.8310e-02,-0.031875,-0.00121594
3.8320e-02,-0.0165625,-0.00164563
3.8330e-02,-0.0320312,-0.0013825
3.8340e-02,-0.02125,-0.00201313
3.8350e-02,-0.0382813,-0.0014725
3.8360e-02,-0.0282813,-0.00246406
3.8370e-02,-0.031875,-0.0016575
3.8380e-02,-0.029375,-0.0019675
3.8390e-02,-0.026875,-0.0017575
3.8400e-02,-0.0370313,-0.00198188
3.8410e-02,-0.0351562,-0.00151125
3.8420e-02,-0.0309375,-0.00162406
3.8430e-02,-0.0359375,-0.00174938
3.8440e-02,-0.021875,-0.00138594
3.8450e-02,-0.0276563,-0.00189219
3.8460e-02,-0.0279688,-0.00178344
3.8470e-02,-0.0304688,-0.00134875
3.8480e-02,-0.0407813,-0.00212031
3.8490e-02,-0.0385937,-0.00138969
3.8500e-02,-0.0248438,-0.00169563
3.8510e-02,-0.0490625,-0.00175031
3.8520e-02,-0.02375,-0.00180063
3.8530e-02,-0.0145312,-0.00157594
3.8540e-02,-0.0340625,-0.00171594
3.8550e-02,-0.029375,-0.00140531
3.8560e-02,-0.0271875,-0.00201844
3.8570e-02,-0.0403125,-0.00185531
3.8580e-02,-0.0295313,-0.00177281
3.8590e-02,-0.0320312,-0.00157125
3.8600e-02,-0.0275,-0.0023325
3.8610e-02,-0.0384375,-0.00203594
3.8620e-02,-0.0359375,-0.00205688
3.8630e-02,-0.035,-0.00159156
3.8640e-02,-0.029375,-0.00198656
3.8650e-02,-0.0240625,-0.0018825
3.8660e-02,-0.0279688,-0.00218938
3.8670e-02,-0.0273438,-0.00157188
3.8680e-02,-0.0292188,-0.00144031
3.8690e-02,-0.0192187,-0.00179156
3.8700e-02,-0.0364063,-0.00160969
3.8710e-02,-0.0270312,-0.00173281
3.8720e-02,-0.0198438,-0.00153031
3.8730e-02,-0.023125,-0.00182219
3.8740e-02,-0.0435938,-0.00129156
3.8750e-02,-0.0353125,-0.00211906
3.8760e-02,-0.0348437,-0.00141844
3.8770e-02,-0.0396875,-0.00191156
3.8780e-02,-0.034375,-0.00187281
3.8790e-02,-0.0248438,-0.00191094
3.8800e-02,-0.0342187,-0.00144125
3.8810e-02,-0.0389063,-0.00170125
3.8820e-02,-0.0248438,-0.0010875
3.8830e-02,-0.0378125,-0.00143969
3.8840e-02,-0.029375,-0.00118906
3.8850e-02,-0.0320312,-0.00144094
3.8860e-02,-0.0348437,-0.000664688
3.8870e-02,-0.0315625,-0.00186156
3.8880e-02,-0.0365625,-0.00130906
3.8890e-02,-0.0295313,-0.00207813
3.8900e-02,-0.0340625,-0.00139469
3.8910e-02,-0.0267187,-0.00225781
3.8920e-02,-0.0278125,-0.00125625
3.8930e-02,-0.0353125,-0.00217188
3.8940e-02,-0.0325,-0.00133375
3.8950e-02,-0.0360938,-0.00177781
3.8960e-02,-0.0289063,-0.00112344
3.8970e-02,-0.028125,-0.00194781
3.8980e-02,-0.0323438,-0.00156188
3.8990e-02,-0.0296875,-0.00178156
3.9000e-02,-0.0326562,-0.00171719
3.9010e-02,-0.0301563,-0.0017625
3.9020e-02,-0.026875,-0.00189375
3.9030e-02,-0.0417187,-0.00191563
3.9040e-02,-0.039375,-0.00162281
3.9050e-02,-0.033125,-0.00170438
3.9060e-02,-0.0284375,-0.00154781
3.9070e-02,-0.0348437,-0.00162563
3.9080e-02,-0.036875,-0.00129375
3.9090e-02,-0.0317188,-0.00147188
3.9100e-02,-0.0148437,-0.00154906
3.9110e-02,-0.036875,-0.0019125
3.9120e-02,-0.0326562,-0.00171563
3.9130e-02,-0.0314062,-0.00161063
3.9140e-02,-0.02375,-0.00179188
3.9150e-02,-0.0420312,-0.00206719
3.9160e-02,-0.025,-0.00156813
3.9170e-02,-0.0470312,-0.00180719
3.9180e-02,-0.0345312,-0.00174
3.9190e-02,-0.0326562,-0.00190375
3.9200e-02,-0.0415625,-0.00132656
3.9210e-02,-0.0398437,-0.00184688
3.9220e-02,-0.034375,-0.00196313
3.9230e-02,-0.0460938,-0.00199844
3.9240e-02,-0.0245313,-0.00174813
3.9250e-02,-0.03375,-0.00212781
3.9260e-02,-0.0398437,-0.00157063
3.9270e-02,-0.0371875,-0.00182688
3.9280e-02,-0.0378125,-0.00163313
3.9290e-02,-0.0253125,-0.00205563
3.9300e-02,-0.0304688,-0.00155188
3.9310e-02,-0.0254688,-0.00148313
3.9320e-02,-0.0304688,-0.00146625
3.9330e-02,-0.0370313,-0.00203594
3.9340e-02,-0.0321875,-0.00164625
3.9350e-02,-0.0320312,-0.00187969
3.9360e-02,-0.0348437,-0.00178313
3.9370e-02,-0.0379688,-0.00197375
3.9380e-02,-0.0323438,-0.00198875
3.9390e-02,-0.0425,-0.00205438
3.9400e-02,-0.0395313,-0.00191281
3.9410e-02,-0.0310937,-0.00164188
3.9420e-02,-0.0415625,-0.00150844
3.9430e-02,-0.0292188,-0.00189781
3.9440e-02,-0.02875,-0.00204563
3.9450e-02,-0.0370313,-0.00156688
3.9460e-02,-0.0421875,-0.00172094
3.9470e-02,-0.0328125,-0.0020825
3.9480e-02,-0.0332812,-0.00211031
3.9490e-02,-0.025625,-0.00266906
3.9500e-02,-0.04375,-0.00214344
3.9510e-02,-0.0275,-0.00195281
3.9520e-02,-0.041875,-0.00197656
3.9530e-02,-0.0345312,-0.00182875
3.9540e-02,-0.0323438,-0.00135813
3.9550e-02,-0.0503125,-0.00157438
3.9560e-02,-0.0360938,-0.00145781
3.9570e-02,-0.0332812,-0.0017175
3.9580e-02,-0.0248438,-0.00177344
3.9590e-02,-0.0307813,-0.00156313
3.9600e-02,-0.0415625,-0.00214875
3.9610e-02,-0.0223437,-0.00147375
3.9620e-02,-0.0421875,-0.00231938
3.9630e-02,-0.0370313,-0.00217375
3.9640e-02,-0.0370313,-0.00206844
3.9650e-02,-0.0439063,-0.00199844
3.9660e-02,-0.0295313,-0.00176375
3.9670e-02,-0.026875,-0.00137969
3.9680e-02,-0.0445313,-0.00158125
3.9690e-02,-0.02625,-0.00172438
3.9700e-02,-0.0504687,-0.00212469
3.9710e-02,-0.036875,-0.00139688
3.9720e-02,-0.029375,-0.00169375
3.9730e-02,-0.0376563,-0.00206
3.9740e-02,-0.0339062,-0.00195656
3.9750e-02,-0.0384375,-0.00191563
3.9760e-02,-0.03,-0.00149844
3.9770e-02,-0.0432813,-0.00209469
3.9780e-02,-0.0420312,-0.00216781
3.9790e-02,-0.0296875,-0.00211594
3.9800e-02,-0.0428125,-0.00159
3.9810e-02,-0.04625,-0.00176563
3.9820e-02,-0.0459375,-0.00142688
3.9830e-02,-0.0303125,-0.00161063
3.9840e-02,-0.0389063,-0.00167719
3.9850e-02,-0.0378125,-0.00179031
3.9860e-02,-0.035625,-0.001655
3.9870e-02,-0.0514063,-0.00171938
3.9880e-02,-0.0371875,-0.00186
3.9890e-02,-0.046875,-0.0022175
3.9900e-02,-0.0479688,-0.00235875
3.9910e-02,-0.0282813,-0.00192906
3.9920e-02,-0.0435938,-0.00223438
3.9930e-02,-0.0329688,-0.00179281
3.9940e-02,-0.036875,-0.00130156
3.9950e-02,-0.0364063,-0.00155344
3.9960e-02,-0.029375,-0.00221031
3.9970e-02,-0.035,-0.00209813
3.9980e-02,-0.0296875,-0.00147188
3.9990e-02,-0.0340625,-0.001945
4.0000e-02,-0.023125,-0.00174031
4.0010e-02,-0.0385937,-0.00171688
4.0020e-02,-0.0539063,-0.00161906
4.0030e-02,-0.0279688,-0.00219375
4.0040e-02,-0.0390625,-0.00187219
4.0050e-02,-0.03625,-0.00140844
4.0060e-02,-0.0326562,-0.00136844
4.0070e-02,-0.0403125,-0.00182125
4.0080e-02,-0.03125,-0.00156906
4.0090e-02,-0.0396875,-0.00178125
4.0100e-02,-0.0289063,-0.00202219
4.0110e-02,-0.0357813,-0.00227594
4.0120e-02,-0.0317188,-0.00202156
4.0130e-02,-0.0398437,-0.00167563
4.0140e-02,-0.0370313,-0.0017675
4.0150e-02,-0.033125,-0.00175625
4.0160e-02,-0.0415625,-0.00173063
4.0170e-02,-0.0276563,-0.00246031
4.0180e-02,-0.0392187,-0.00142844
4.0190e-02,-0.0342187,-0.00206563
4.0200e-02,-0.0332812,-0.00143094
4.0210e-02,-0.04125,-0.00158188
4.0220e-02,-0.0471875,-0.00193063
4.0230e-02,-0.0429688,-0.00186875
4.0240e-02,-0.0429688,-0.00181094
4.0250e-02,-0.0398437,-0.00200687
4.0260e-02,-0.0234375,-0.0019475
4.0270e-02,-0.0435938,-0.00206344
4.0280e-02,-0.03625,-0.00145063
4.0290e-02,-0.0420312,-0.00156375
4.0300e-02,-0.0323438,-0.00142031
4.0310e-02,-0.0320312,-0.00173438
4.0320e-02,-0.0345312,-0.00139031
4.0330e-02,-0.033125,-0.00179906
4.0340e-02,-0.040625,-0.00179719
4.0350e-02,-0.0351562,-0.00175906
4.0360e-02,-0.0434375,-0.00222
4.0370e-02,-0.0279688,-0.00230031
4.0380e-02,-0.039375,-0.00156594
4.0390e-02,-0.0367188,-0.0020275
4.0400e-02,-0.0303125,-0.00146875
4.0410e-02,-0.0429688,-0.0017625
4.0420e-02,-0.0448438,-0.00144594
4.0430e-02,-0.0567187,-0.00179031
4.0440e-02,-0.035625,-0.00170094
4.0450e-02,-0.0404687,-0.00208781
4.0460e-02,-0.048125,-0.00207875
4.0470e-02,-0.0273438,-0.002025
4.0480e-02,-0.0446875,-0.00197719
4.0490e-02,-0.0460938,-0.00205875
4.0500e-02,-0.0448438,-0.00169594
4.0510e-02,-0.025625,-0.00228094
4.0520e-02,-0.0435938,-0.00184
4.0530e-02,-0.048125,-0.00214469
4.0540e-02,-0.0357813,-0.00203781
4.0550e-02,-0.0340625,-0.00193219
4.0560e-02,-0.0459375,-0.00190563
4.0570e-02,-0.035625,-0.00161219
4.0580e-02,-0.039375,-0.00174688
4.0590e-02,-0.0453125,-0.00179594
4.0600e-02,-0.038125,-0.00165594
4.0610e-02,-0.03125,-0.00129344
4.0620e-02,-0.0529687,-0.00137375
4.0630e-02,-0.0395313,-0.00169094
4.0640e-02,-0.0364063,-0.00108438
4.0650e-02,-0.0501562,-0.00185469
4.0660e-02,-0.0365625,-0.00139219
4.0670e-02,-0.0496875,-0.0016275
4.0680e-02,-0.0378125,-0.00147125
4.0690e-02,-0.0360938,-0.00133406
4.0700e-02,-0.0445313,-0.00163719
4.0710e-02,-0.046875,-0.0016575
4.0720e-02,-0.0279688,-0.00192719
4.0730e-02,-0.0409375,-0.00172781
4.0740e-02,-0.0420312,-0.00132813
4.0750e-02,-0.0335937,-0.00177406
4.0760e-02,-0.0360938,-0.00164156
4.0770e-02,-0.0453125,-0.00187281
4.0780e-02,-0.0314062,-0.00145
4.0790e-02,-0.0460938,-0.00146188
4.0800e-02,-0.04125,-0.00122531
4.0810e-02,-0.038125,-0.00103344
4.0820e-02,-0.0428125,-0.00113
4.0830e-02,-0.0545313,-0.00152719
4.0840e-02,-0.0403125,-0.00150125
4.0850e-02,-0.0375,-0.00186469
4.0860e-02,-0.0423437,-0.00195125
4.0870e-02,-0.0490625,-0.00157563
4.0880e-02,-0.0375,-0.0020525
4.0890e-02,-0.044375,-0.00200969
4.0900e-02,-0.0535937,-0.00169031
4.0910e-02,-0.043125,-0.00176781
4.0920e-02,-0.0339062,-0.00187063
4.0930e-02,-0.0401563,-0.00144125
4.0940e-02,-0.0390625,-0.00186438
4.0950e-02,-0.05125,-0.00138406
4.0960e-02,-0.0434375,-0.00174125
4.0970e-02,-0.0390625,-0.00137438
4.0980e-02,-0.0410937,-0.00170531
4.0990e-02,-0.0398437,-0.00139531
4.1000e-02,-0.034375,-0.00186438
4.1010e-02,-0.0548437,-0.00146969
4.1020e-02,-0.034375,-0.00204531
4.1030e-02,-0.0384375,-0.00139313
4.1040e-02,-0.0384375,-0.00223219
4.1050e-02,-0.0479688,-0.00135156
4.1060e-02,-0.0279688,-0.00187
4.1070e-02,-0.0382813,-0.00135125
4.1080e-02,-0.0496875,-0.00193844
4.1090e-02,-0.0321875,-0.00147656
4.1100e-02,-0.0434375,-0.00183906
4.1110e-02,-0.0428125,-0.00158719
4.1120e-02,-0.0425,-0.00221406
4.1130e-02,-0.0348437,-0.00141625
4.1140e-02,-0.0398437,-0.00190281
4.1150e-02,-0.050625,-0.00115844
4.1160e-02,-0.0421875,-0.00195437
4.1170e-02,-0.0467188,-0.00164063
4.1180e-02,-0.035,-0.00199906
4.1190e-02,-0.0409375,-0.001245
4.1200e-02,-0.0496875,-0.001895
4.1210e-02,-0.0304688,-0.00174531
4.1220e-02,-0.0446875,-0.00169094
4.1230e-02,-0.0378125,-0.00146188
4.1240e-02,-0.038125,-0.00178281
4.1250e-02,-0.0351562,-0.00182438
4.1260e-02,-0.0401563,-0.00163906
4.1270e-02,-0.0460938,-0.00142594
4.1280e-02,-0.0420312,-0.00148094
4.1290e-02,-0.0390625,-0.00177125
4.1300e-02,-0.0445313,-0.00165406
4.1310e-02,-0.0360938,-0.00206813
4.1320e-02,-0.0328125,-0.00118063
4.1330e-02,-0.0459375,-0.00155188
4.1340e-02,-0.0470312,-0.001445
4.1350e-02,-0.0425,-0.0014575
4.1360e-02,-0.0354688,-0.00161344
4.1370e-02,-0.0501562,-0.00262969
4.1380e-02,-0.0495312,-0.00171313
4.1390e-02,-0.0315625,-0.00190844
4.1400e-02,-0.046875,-0.00199625
4.1410e-02,-0.0339062,-0.0020075
4.1420e-02,-0.03875,-0.00172844
4.1430e-02,-0.051875,-0.00210469
4.1440e-02,-0.0446875,-0.00101063
4.1450e-02,-0.0379688,-0.00191781
4.1460e-02,-0.0423437,-0.00123438
4.1470e-02,-0.0448438,-0.00180844
4.1480e-02,-0.0345312,-0.00157563
4.1490e-02,-0.0501562,-0.00169719
4.1500e-02,-0.0476562,-0.001445
4.1510e-02,-0.0371875,-0.00192594
4.1520e-02,-0.0467188,-0.00174719
4.1530e-02,-0.033125,-0.00171938
4.1540e-02,-0.0448438,-0.00132594
4.1550e-02,-0.0395313,-0.00196875
4.1560e-02,-0.0335937,-0.00146406
4.1570e-02,-0.0410937,-0.00184688
4.1580e-02,-0.0445313,-0.001465
4.1590e-02,-0.0539063,-0.00153438
4.1600e-02,-0.04875,-0.00180313
4.1610e-02,-0.0535937,-0.00116844
4.1620e-02,-0.0398437,-0.00226688
4.1630e-02,-0.0489062,-0.00195719
4.1640e-02,-0.0482812,-0.00139656
4.1650e-02,-0.0434375,-0.00199219
4.1660e-02,-0.0382813,-0.00196063
4.1670e-02,-0.0457813,-0.00163594
4.1680e-02,-0.0384375,-0.0019825
4.1690e-02,-0.055,-0.00168906
4.1700e-02,-0.0420312,-0.00166094
4.1710e-02,-0.03875,-0.00195688
4.1720e-02,-0.0401563,-0.00191656
4.1730e-02,-0.0453125,-0.00204188
4.1740e-02,-0.0410937,-0.00177063
4.1750e-02,-0.0465625,-0.00197813
4.1760e-02,-0.049375,-0.00272375
4.1770e-02,-0.0490625,-0.00134594
4.1780e-02,-0.0446875,-0.00251094
4.1790e-02,-0.0359375,-0.00155438
4.1800e-02,-0.0334375,-0.00158688
4.1810e-02,-0.041875,-0.00134469
4.1820e-02,-0.045625,-0.00136813
4.1830e-02,-0.0485938,-0.00116469
4.1840e-02,-0.0415625,-0.00212625
4.1850e-02,-0.0492188,-0.00147875
4.1860e-02,-0.041875,-0.00192438
4.1870e-02,-0.04,-0.00112875
4.1880e-02,-0.036875,-0.0017975
4.1890e-02,-0.0517188,-0.00132406
4.1900e-02,-0.0385937,-0.00181688
4.1910e-02,-0.0454688,-0.0007725
4.1920e-02,-0.0395313,-0.00121563
4.1930e-02,-0.0485938,-0.00149313
4.1940e-02,-0.0320312,-0.00182219
4.1950e-02,-0.035625,-0.00164719
4.1960e-02,-0.0504687,-0.00146094
4.1970e-02,-0.04,-0.00146844
4.1980e-02,-0.041875,-0.00156906
4.1990e-02,-0.0470312,-0.001615
4.2000e-02,-0.040625,-0.00141
4.2010e-02,-0.0376563,-0.00188188
4.2020e-02,-0.038125,-0.00183344
4.2030e-02,-0.0448438,-0.001595
4.2040e-02,-0.0345312,-0.00173
4.2050e-02,-0.0370313,-0.00158688
4.2060e-02,-0.0473438,-0.00146406
4.2070e-02,-0.0303125,-0.00207656
4.2080e-02,-0.046875,-0.00197313
4.2090e-02,-0.0460938,-0.00175406
4.2100e-02,-0.0415625,-0.00201125
4.2110e-02,-0.0367188,-0.0021975
4.2120e-02,-0.0446875,-0.00192969
4.2130e-02,-0.0423437,-0.00155844
4.2140e-02,-0.0370313,-0.00195094
4.2150e-02,-0.0448438,-0.00114531
4.2160e-02,-0.045,-0.00163625
4.2170e-02,-0.0485938,-0.0011675
4.2180e-02,-0.048125,-0.0017975
4.2190e-02,-0.050625,-0.00131563
4.2200e-02,-0.03375,-0.00142969
4.2210e-02,-0.0467188,-0.00195094
4.2220e-02,-0.0478125,-0.00155625
4.2230e-02,-0.0460938,-0.0017675
4.2240e-02,-0.0479688,-0.00153875
4.2250e-02,-0.0475,-0.00153938
4.2260e-02,-0.039375,-0.00152031
4.2270e-02,-0.0442188,-0.00164719
4.2280e-02,-0.0440625,-0.00189906
4.2290e-02,-0.05,-0.0017675
4.2300e-02,-0.0396875,-0.00146438
4.2310e-02,-0.0546875,-0.00139156
4.2320e-02,-0.0435938,-0.0020375
4.2330e-02,-0.044375,-0.00178469
4.2340e-02,-0.03375,-0.00190031
4.2350e-02,-0.0503125,-0.00169594
4.2360e-02,-0.03875,-0.00142844
4.2370e-02,-0.051875,-0.00128406
4.2380e-02,-0.0501562,-0.00171219
4.2390e-02,-0.0410937,-0.00147094
4.2400e-02,-0.050625,-0.00125906
4.2410e-02,-0.049375,-0.00194438
4.2420e-02,-0.038125,-0.00187125
4.2430e-02,-0.0459375,-0.00176906
4.2440e-02,-0.0475,-0.00147188
4.2450e-02,-0.0407813,-0.00182906
4.2460e-02,-0.0445313,-0.0020375
4.2470e-02,-0.0396875,-0.00212219
4.2480e-02,-0.0532813,-0.00123406
4.2490e-02,-0.044375,-0.00200031
4.2500e-02,-0.045,-0.00117656
4.2510e-02,-0.0471875,-0.0021325
4.2520e-02,-0.0364063,-0.00151781
4.2530e-02,-0.0409375,-0.00163344
4.2540e-02,-0.0496875,-0.00124875
4.2550e-02,-0.0471875,-0.00150313
4.2560e-02,-0.0384375,-0.00124656
4.2570e-02,-0.0414063,-0.00168281
4.2580e-02,-0.0439063,-0.00147938
4.2590e-02,-0.0401563,-0.00185188
4.2600e-02,-0.0364063,-0.00159781
4.2610e-02,-0.058125,-0.00191156
4.2620e-02,-0.041875,-0.00155406
4.2630e-02,-0.0490625,-0.00214875
4.2640e-02,-0.029375,-0.00183188
4.2650e-02,-0.0460938,-0.00131625
4.2660e-02,-0.049375,-0.00160719
4.2670e-02,-0.0453125,-0.00168844
4.2680e-02,-0.0348437,-0.00201531
4.2690e-02,-0.0496875,-0.00160625
4.2700e-02,-0.0445313,-0.0018925
4.2710e-02,-0.039375,-0.00173906
4.2720e-02,-0.0503125,-0.00229219
4.2730e-02,-0.0398437,-0.00143156
4.2740e-02,-0.056875,-0.00185219
4.2750e-02,-0.0428125,-0.00162781
4.2760e-02,-0.0359375,-0.00201375
4.2770e-02,-0.0545313,-0.00154625
4.2780e-02,-0.0398437,-0.00149938
4.2790e-02,-0.0367188,-0.00109469
4.2800e-02,-0.0376563,-0.00179563
4.2810e-02,-0.0548437,-0.00136938
4.2820e-02,-0.0440625,-0.00174844
4.2830e-02,-0.0407813,-0.00149375
4.2840e-02,-0.0442188,-0.00170219
4.2850e-02,-0.0429688,-0.00198313
4.2860e-02,-0.0410937,-0.00227969
4.2870e-02,-0.0379688,-0.00183313
4.2880e-02,-0.0514063,-0.00200906
4.2890e-02,-0.0440625,-0.00153906
4.2900e-02,-0.0390625,-0.00183281
4.2910e-02,-0.0329688,-0.00116531
4.2920e-02,-0.0464062,-0.0014025
4.2930e-02,-0.050625,-0.00159531
4.2940e-02,-0.0467188,-0.00169094
4.2950e-02,-0.035,-0.00152563
4.2960e-02,-0.034375,-0.00181438
4.2970e-02,-0.055,-0.00195469
4.2980e-02,-0.0435938,-0.00156813
4.2990e-02,-0.0548437,-0.00156938
4.3000e-02,-0.0379688,-0.00180969
4.3010e-02,-0.0457813,-0.00137531
4.3020e-02,-0.049375,-0.00169938
4.3030e-02,-0.0479688,-0.00130406
4.3040e-02,-0.0410937,-0.00155063
4.3050e-02,-0.0495312,-0.00146406
4.3060e-02,-0.0454688,-0.00102813
4.3070e-02,-0.0479688,-0.00136781
4.3080e-02,-0.0448438,-0.0015575
4.3090e-02,-0.0426562,-0.00152938
4.3100e-02,-0.0415625,-0.00131156
4.3110e-02,-0.0471875,-0.00172938
4.3120e-02,-0.041875,-0.00196813
4.3130e-02,-0.045625,-0.00152281
4.3140e-02,-0.0371875,-0.00154969
4.3150e-02,-0.0403125,-0.00167938
4.3160e-02,-0.0595313,-0.00203781
4.3170e-02,-0.04875,-0.00150313
4.3180e-02,-0.0332812,-0.00143719
4.3190e-02,-0.0445313,-0.00184281
4.3200e-02,-0.0367188,-0.00186656
4.3210e-02,-0.0498438,-0.00160594
4.3220e-02,-0.0423437,-0.00181375
4.3230e-02,-0.0459375,-0.00201406
4.3240e-02,-0.0425,-0.00163875
4.3250e-02,-0.0515625,-0.00161625
4.3260e-02,-0.0459375,-0.00178719
4.3270e-02,-0.0384375,-0.00160656
4.3280e-02,-0.0460938,-0.00179969
4.3290e-02,-0.0442188,-0.00186
4.3300e-02,-0.0420312,-0.001415
4.3310e-02,-0.05,-0.00133438
4.3320e-02,-0.0617188,-0.00191125
4.3330e-02,-0.0385937,-0.00182031
4.3340e-02,-0.0590625,-0.00192031
4.3350e-02,-0.0435938,-0.00199781
4.3360e-02,-0.0485938,-0.00164875
4.3370e-02,-0.0451563,-0.00200094
4.3380e-02,-0.0410937,-0.00226063
4.3390e-02,-0.0440625,-0.00144594
4.3400e-02,-0.04125,-0.00169469
4.3410e-02,-0.0440625,-0.00190813
4.3420e-02,-0.0401563,-0.00136656
4.3430e-02,-0.0428125,-0.00209875
4.3440e-02,-0.0507812,-0.00140594
4.3450e-02,-0.0389063,-0.00168281
4.3460e-02,-0.0390625,-0.00148219
4.3470e-02,-0.04625,-0.00181688
4.3480e-02,-0.0370313,-0.00135563
4.3490e-02,-0.0428125,-0.00197406
4.3500e-02,-0.040625,-0.0016225
4.3510e-02,-0.0509375,-0.00228125
4.3520e-02,-0.0403125,-0.0016025
4.3530e-02,-0.0495312,-0.00185844
4.3540e-02,-0.0473438,-0.00126094
4.3550e-02,-0.0426562,-0.00182156
4.3560e-02,-0.03875,-0.00172156
4.3570e-02,-0.0384375,-0.00167406
4.3580e-02,-0.0414063,-0.00156094
4.3590e-02,-0.0484375,-0.00205688
4.3600e-02,-0.0404687,-0.00188563
4.3610e-02,-0.0401563,-0.00189219
4.3620e-02,-0.0451563,-0.00193125
4.3630e-02,-0.0434375,-0.00122219
4.3640e-02,-0.0435938,-0.00147094
4.3650e-02,-0.0428125,-0.00149906
4.3660e-02,-0.0501562,-0.0016925
4.3670e-02,-0.0395313,-0.00166656
4.3680e-02,-0.0548437,-0.00256906
4.3690e-02,-0.0445313,-0.00123594
4.3700e-02,-0.0360938,-0.00165469
4.3710e-02,-0.0498438,-0.00134313
4.3720e-02,-0.046875,-0.00143563
4.3730e-02,-0.0435938,-0.00128063
4.3740e-02,-0.0507812,-0.00178625
4.3750e-02,-0.0460938,-0.00121031
4.3760e-02,-0.0546875,-0.00193438
4.3770e-02,-0.0321875,-0.00134563
4.3780e-02,-0.0434375,-0.00162
4.3790e-02,-0.0453125,-0.00226406
4.3800e-02,-0.0429688,-0.00178563
4.3810e-02,-0.0478125,-0.00165688
4.3820e-02,-0.0434375,-0.00144875
4.3830e-02,-0.0371875,-0.00157406
4.3840e-02,-0.0439063,-0.00152781
4.3850e-02,-0.0396875,-0.00192875
4.3860e-02,-0.039375,-0.00165656
4.3870e-02,-0.0492188,-0.00175281
4.3880e-02,-0.0360938,-0.00123125
4.3890e-02,-0.0429688,-0.00192781
4.3900e-02,-0.0423437,-0.00183719
4.3910e-02,-0.0520313,-0.00191625
4.3920e-02,-0.0509375,-0.00189094
4.3930e-02,-0.0382813,-0.00192313
4.3940e-02,-0.0479688,-0.00170875
4.3950e-02,-0.0557813,-0.00151563
4.3960e-02,-0.0551563,-0.0016975
4.3970e-02,-0.0570313,-0.00208531
4.3980e-02,-0.0460938,-0.00218844
4.3990e-02,-0.046875,-0.00168625
4.4000e-02,-0.039375,-0.00187406
4.4010e-02,-0.0495312,-0.00199219
4.4020e-02,-0.0464062,-0.00133813
4.4030e-02,-0.0528125,-0.00165063
4.4040e-02,-0.045,-0.001925
4.4050e-02,-0.0442188,-0.00225813
4.4060e-02,-0.043125,-0.00196688
4.4070e-02,-0.0484375,-0.00190344
4.4080e-02,-0.045625,-0.00229031
4.4090e-02,-0.0459375,-0.0022475
4.4100e-02,-0.0510938,-0.00134594
4.4110e-02,-0.0428125,-0.00188594
4.4120e-02,-0.0470312,-0.00130094
4.4130e-02,-0.04125,-0.00178344
4.4140e-02,-0.0404687,-0.00131094
4.4150e-02,-0.0425,-0.00127531
4.4160e-02,-0.0467188,-0.00186563
4.4170e-02,-0.0434375,-0.00199125
4.4180e-02,-0.0420312,-0.00182
4.4190e-02,-0.0510938,-0.00159063
4.4200e-02,-0.0409375,-0.00134438
4.4210e-02,-0.0435938,-0.0011725
4.4220e-02,-0.0409375,-0.00158313
4.4230e-02,-0.0414063,-0.00206688
4.4240e-02,-0.036875,-0.00117531
4.4250e-02,-0.04375,-0.00167844
4.4260e-02,-0.0478125,-0.00171563
4.4270e-02,-0.0579687,-0.00179281
4.4280e-02,-0.0540625,-0.00180781
4.4290e-02,-0.0385937,-0.00182938
4.4300e-02,-0.056875,-0.00153438
4.4310e-02,-0.0540625,-0.00180469
4.4320e-02,-0.04875,-0.00151188
4.4330e-02,-0.0507812,-0.00190406
4.4340e-02,-0.0414063,-0.00161625
4.4350e-02,-0.0440625,-0.00143406
4.4360e-02,-0.0470312,-0.00170344
4.4370e-02,-0.0523437,-0.00187531
4.4380e-02,-0.0534375,-0.00189969
4.4390e-02,-0.0367188,-0.00183594
4.4400e-02,-0.0496875,-0.00121594
4.4410e-02,-0.0401563,-0.00169781
4.4420e-02,-0.04,-0.00167594
4.4430e-02,-0.0567187,-0.00174906
4.4440e-02,-0.0510938,-0.00162188
4.4450e-02,-0.0490625,-0.00154219
4.4460e-02,-0.0415625,-0.00147188
4.4470e-02,-0.0507812,-0.00177375
4.4480e-02,0.312812,-0.00154375
4.4490e-02,-0.0675,-0.00167531
4.4500e-02,1.03188,-0.00351844
4.4510e-02,0.483437,-0.00475094
4.4520e-02,-0.825313,-0.00533781
4.4530e-02,0.0496875,-0.00507906
4.4540e-02,0.12375,-0.00525719
4.4550e-02,0.0801562,-0.00532531
4.4560e-02,0.079375,-0.00508313
4.4570e-02,0.0654687,-0.00514313
4.4580e-02,0.0610938,-0.00508063
4.4590e-02,0.0596875,-0.00510656
4.4600e-02,0.0540625,-0.00508469
4.4610e-02,0.0507812,-0.00505938
4.4620e-02,0.044375,-0.00502594
4.4630e-02,0.0476562,-0.00490906
4.4640e-02,0.0357813,-0.00514063
4.4650e-02,0.0225,-0.00510906
4.4660e-02,0.0495312,-0.00495938
4.4670e-02,0.036875,-0.00499125
4.4680e-02,0.0165625,-0.00506938
4.4690e-02,0.0248438,-0.00506
4.4700e-02,0.0328125,-0.00511094
4.4710e-02,0.0240625,-0.00489781
4.4720e-02,0.0104687,-0.00496281
4.4730e-02,0.00890625,-0.00504313
4.4740e-02,0,-0.00465906
4.4750e-02,0.0175,-0.00287031
4.4760e-02,0.0204687,-0.00164344
4.4770e-02,0.0104687,-0.00194375
4.4780e-02,0.0129687,-0.00262813
4.4790e-02,0.008125,-0.00245031
4.4800e-02,0.0059375,-0.00174438
4.4810e-02,0.00234375,-0.00178438
4.4820e-02,0.00484375,-0.000910313
4.4830e-02,0.0021875,-0.000895
4.4840e-02,0.0146875,-0.00179781
4.4850e-02,0.00078125,-0.002205
4.4860e-02,0.00375,-0.00193719
4.4870e-02,-0.0040625,-0.00140781
4.4880e-02,0.0040625,-0.00149375
4.4890e-02,0.0021875,-0.00125219
4.4900e-02,-0.00171875,-0.00235812
4.4910e-02,0.00078125,-0.00233625
4.4920e-02,0.0003125,-0.002115
4.4930e-02,0.00390625,-0.00181969
4.4940e-02,0.00140625,-0.00190063
4.4950e-02,0.001875,-0.00168719
4.4960e-02,-0.00328125,-0.00175594
4.4970e-02,-0.001875,-0.00190531
4.4980e-02,-0.00796875,-0.00206375
4.4990e-02,0.00234375,-0.00198219
4.5000e-02,-0.004375,-0.00196094
4.5010e-02,0.0084375,-0.00188
4.5020e-02,0.00203125,-0.00137875
4.5030e-02,-0.0040625,-0.00189375
4.5040e-02,0.0025,-0.00123375
4.5050e-02,-0.00921875,-0.00234719
4.5060e-02,-0.0120313,-0.00164625
4.5070e-02,-0.004375,-0.00196063
4.5080e-02,-0.00734375,-0.00134781
4.5090e-02,-0.005,-0.00167156
4.5100e-02,-0.00421875,-0.00150313
4.5110e-02,-0.008125,-0.00193844
4.5120e-02,-0.00828125,-0.00128688
4.5130e-02,-0.00625,-0.00128438
4.5140e-02,0.000625,-0.00131719
4.5150e-02,-0.011875,-0.00213906
4.5160e-02,-0.0128125,-0.000867188
4.5170e-02,-0.0139063,-0.00191156
4.5180e-02,-0.0090625,-0.00128219
4.5190e-02,-0.0078125,-0.00175344
4.5200e-02,-0.0059375,-0.00166313
4.5210e-02,-0.0189062,-0.00149781
4.5220e-02,-0.00859375,-0.00156625
4.5230e-02,-0.015625,-0.00159906
4.5240e-02,-0.01125,-0.00202094
4.5250e-02,-0.0104688,-0.00186813
4.5260e-02,-0.00453125,-0.00211656
4.5270e-02,-0.0117188,-0.00120188
4.5280e-02,-0.0110937,-0.00215531
4.5290e-02,-0.0075,-0.00103375
4.5300e-02,-0.02,-0.00188219
4.5310e-02,-0.00859375,-0.00206219
4.5320e-02,-0.026875,-0.00207438
4.5330e-02,-0.0101563,-0.00168063
4.5340e-02,-0.00796875,-0.00202969
4.5350e-02,-0.01625,-0.00144938
4.5360e-02,-0.0146875,-0.00276625
4.5370e-02,-0.02,-0.00184031
4.5380e-02,-0.0185937,-0.00233594
4.5390e-02,-0.0140625,-0.00158375
4.5400e-02,-0.0159375,-0.00185469
4.5410e-02,-0.0217188,-0.00161063
4.5420e-02,-0.00734375,-0.00160375
4.5430e-02,-0.0120313,-0.00105063
4.5440e-02,-0.010625,-0.00193625
4.5450e-02,-0.01375,-0.00141531
4.5460e-02,-0.0235938,-0.00158531
4.5470e-02,-0.0239063,-0.001555
4.5480e-02,-0.00609375,-0.00204125
4.5490e-02,-0.00859375,-0.00206969
4.5500e-02,-0.0115625,-0.00194344
4.5510e-02,-0.0192187,-0.00208219
4.5520e-02,-0.01375,-0.00209063
4.5530e-02,-0.013125,-0.00182281
4.5540e-02,-0.0148437,-0.00198469
4.5550e-02,-0.014375,-0.00141938
4.5560e-02,-0.0190625,-0.00188031
4.5570e-02,-0.0171875,-0.00136219
4.5580e-02,-0.0140625,-0.00123
4.5590e-02,-0.0129688,-0.00222375
4.5600e-02,-0.0201563,-0.00153688
4.5610e-02,-0.0110937,-0.00225813
4.5620e-02,-0.0215625,-0.00129813
4.5630e-02,-0.00921875,-0.00172719
4.5640e-02,-0.0204688,-0.00175094
4.5650e-02,-0.015625,-0.00198375
4.5660e-02,-0.0128125,-0.00175406
4.5670e-02,-0.0154687,-0.00192188
4.5680e-02,-0.0257812,-0.00195469
4.5690e-02,-0.0167188,-0.00188281
4.5700e-02,-0.0265625,-0.00137594
4.5710e-02,-0.0235938,-0.00162
4.5720e-02,-0.0276563,-0.00214875
4.5730e-02,-0.0276563,-0.00131844
4.5740e-02,-0.0235938,-0.00191531
4.5750e-02,-0.034375,-0.00138656
4.5760e-02,-0.02125,-0.00216531
4.5770e-02,-0.025625,-0.00153531
4.5780e-02,-0.0214063,-0.00204406
4.5790e-02,-0.01875,-0.00141656
4.5800e-02,-0.028125,-0.00222531
4.5810e-02,-0.0184375,-0.00140031
4.5820e-02,-0.0246875,-0.00155844
4.5830e-02,-0.02375,-0.000897188
4.5840e-02,-0.0260937,-0.0015575
4.5850e-02,-0.0217188,-0.00152563
4.5860e-02,-0.0167188,-0.00144313
4.5870e-02,-0.0290625,-0.00188719
4.5880e-02,-0.0289063,-0.00152656
4.5890e-02,-0.0225,-0.00173531
4.5900e-02,-0.0129688,-0.00162188
4.5910e-02,-0.0285938,-0.00153844
4.5920e-02,-0.0271875,-0.00156906
4.5930e-02,-0.0284375,-0.00178875
4.5940e-02,-0.0135937,-0.00140375
4.5950e-02,-0.01375,-0.00132281
4.5960e-02,-0.0303125,-0.00158281
4.5970e-02,-0.02125,-0.0015
4.5980e-02,-0.02375,-0.00112063
4.5990e-02,-0.0140625,-0.00186719
4.6000e-02,-0.023125,-0.00228656
4.6010e-02,-0.0257812,-0.00206
4.6020e-02,-0.0296875,-0.00133875
4.6030e-02,-0.02625,-0.00174125
4.6040e-02,-0.00953125,-0.00126563
4.6050e-02,-0.0203125,-0.00143375
4.6060e-02,-0.0210938,-0.00168188
4.6070e-02,-0.0151562,-0.00144719
4.6080e-02,-0.0228125,-0.00155063
4.6090e-02,-0.0240625,-0.00185125
4.6100e-02,-0.0298438,-0.00181969
4.6110e-02,-0.0325,-0.00197781
4.6120e-02,-0.00421875,-0.00192406
4.6130e-02,-0.0353125,-0.00181344
4.6140e-02,-0.0201563,-0.00206344
4.6150e-02,-0.0270312,-0.001975
4.6160e-02,-0.0167188,-0.00186594
4.6170e-02,-0.025625,-0.00188281
4.6180e-02,-0.0190625,-0.00169375
4.6190e-02,-0.0234375,-0.00188781
4.6200e-02,-0.0264062,-0.00161313
4.6210e-02,-0.0328125,-0.00141031
4.6220e-02,-0.0295313,-0.00178469
4.6230e-02,-0.029375,-0.00215969
4.6240e-02,-0.026875,-0.00138438
4.6250e-02,-0.0270312,-0.00186813
4.6260e-02,-0.0314062,-0.00135938
4.6270e-02,-0.0184375,-0.00233
4.6280e-02,-0.03375,-0.00125688
4.6290e-02,-0.03,-0.00174781
4.6300e-02,-0.0271875,-0.00177469
4.6310e-02,-0.0214063,-0.00213906
4.6320e-02,-0.0129688,-0.00140406
4.6330e-02,-0.0190625,-0.0013025
4.6340e-02,-0.0279688,-0.001565
4.6350e-02,-0.0267187,-0.00179719
4.6360e-02,-0.0259375,-0.00129813
4.6370e-02,-0.036875,-0.00174156
4.6380e-02,-0.036875,-0.00175969
4.6390e-02,-0.0328125,-0.00174813
4.6400e-02,-0.0221875,-0.00181594
4.6410e-02,-0.03875,-0.00156313
4.6420e-02,-0.03,-0.00196813
4.6430e-02,-0.0257812,-0.00157625
4.6440e-02,-0.0260937,-0.00175344
4.6450e-02,-0.0259375,-0.00146406
4.6460e-02,-0.0354688,-0.00144031
4.6470e-02,-0.0184375,-0.00166375
4.6480e-02,-0.0315625,-0.00201063
4.6490e-02,-0.0151562,-0.00152625
4.6500e-02,-0.0196875,-0.00185563
4.6510e-02,-0.0273438,-0.00157156
4.6520e-02,-0.0304688,-0.00181906
4.6530e-02,-0.0359375,-0.00217188
4.6540e-02,-0.0379688,-0.00161406
4.6550e-02,-0.0307813,-0.0016175
4.6560e-02,-0.0278125,-0.00183219
4.6570e-02,-0.03125,-0.00187313
4.6580e-02,-0.0271875,-0.00220594
4.6590e-02,-0.0432813,-0.00209781
4.6600e-02,-0.0342187,-0.00198938
4.6610e-02,-0.0192187,-0.00205
4.6620e-02,-0.0434375,-0.00170375
4.6630e-02,-0.0279688,-0.001795
4.6640e-02,-0.0271875,-0.00116813
4.6650e-02,-0.0248438,-0.00178063
4.6660e-02,-0.039375,-0.0019725
4.6670e-02,-0.0317188,-0.00164719
4.6680e-02,-0.0315625,-0.00169406
4.6690e-02,-0.0346875,-0.00175313
4.6700e-02,-0.0229687,-0.001425
4.6710e-02,-0.034375,-0.00161688
4.6720e-02,-0.0248438,-0.00209594
4.6730e-02,-0.0284375,-0.00212313
4.6740e-02,-0.0257812,-0.001925
4.6750e-02,-0.0179687,-0.00213406
4.6760e-02,-0.0289063,-0.00181281
4.6770e-02,-0.02875,-0.00200375
4.6780e-02,-0.025625,-0.00142688
4.6790e-02,-0.0398437,-0.00187906
4.6800e-02,-0.0257812,-0.00181438
4.6810e-02,-0.034375,-0.001795
4.6820e-02,-0.0273438,-0.00170625
4.6830e-02,-0.0326562,-0.00167031
4.6840e-02,-0.04,-0.00167656
4.6850e-02,-0.0323438,-0.00164438
4.6860e-02,-0.031875,-0.00199875
4.6870e-02,-0.0334375,-0.0021475
4.6880e-02,-0.0392187,-0.00193031
4.6890e-02,-0.0173438,-0.00200313
4.6900e-02,-0.0215625,-0.00160969
4.6910e-02,-0.0332812,-0.00149438
4.6920e-02,-0.0307813,-0.00166094
4.6930e-02,-0.0378125,-0.00137688
4.6940e-02,-0.0273438,-0.00141625
4.6950e-02,-0.0253125,-0.00143406
4.6960e-02,-0.031875,-0.00134469
4.6970e-02,-0.0245313,-0.00158719
4.6980e-02,-0.0398437,-0.00191656
4.6990e-02,-0.038125,-0.00126219
4.7000e-02,-0.0246875,-0.00225281
4.7010e-02,-0.02,-0.00114313
4.7020e-02,-0.0284375,-0.00171219
4.7030e-02,-0.0326562,-0.00158688
4.7040e-02,-0.03625,-0.00186063
4.7050e-02,-0.04375,-0.00152406
4.7060e-02,-0.0320312,-0.00149063
4.7070e-02,-0.0232812,-0.00157594
4.7080e-02,-0.0351562,-0.00148313
4.7090e-02,-0.0282813,-0.00137813
4.7100e-02,-0.0295313,-0.00195656
4.7110e-02,-0.0404687,-0.00156688
4.7120e-02,-0.0279688,-0.00222719
4.7130e-02,-0.0348437,-0.0017025
4.7140e-02,-0.0357813,-0.00206156
4.7150e-02,-0.0307813,-0.001695
4.7160e-02,-0.0395313,-0.00171469
4.7170e-02,-0.025625,-0.00137781
4.7180e-02,-0.036875,-0.00156094
4.7190e-02,-0.038125,-0.00177656
4.7200e-02,-0.035625,-0.00212469
4.7210e-02,-0.0364063,-0.00166844
4.7220e-02,-0.029375,-0.00162281
4.7230e-02,-0.0432813,-0.00184094
4.7240e-02,-0.0325,-0.00186469
4.7250e-02,-0.0335937,-0.00213094
4.7260e-02,-0.0270312,-0.00134656
4.7270e-02,-0.0442188,-0.00196406
4.7280e-02,-0.0304688,-0.0015825
4.7290e-02,-0.0448438,-0.00194406
4.7300e-02,-0.0376563,-0.00220375
4.7310e-02,-0.03375,-0.00201563
4.7320e-02,-0.041875,-0.00169625
4.7330e-02,-0.0334375,-0.00155406
4.7340e-02,-0.0345312,-0.00193
4.7350e-02,-0.0332812,-0.00194844
4.7360e-02,-0.0360938,-0.00170531
4.7370e-02,-0.0346875,-0.0019025
4.7380e-02,-0.0304688,-0.00194188
4.7390e-02,-0.03125,-0.00210531
4.7400e-02,-0.0325,-0.00169438
4.7410e-02,-0.0217188,-0.00167688
4.7420e-02,-0.0264062,-0.000911563
4.7430e-02,-0.0410937,-0.00138813
4.7440e-02,-0.0204688,-0.0013525
4.7450e-02,-0.0489062,-0.00139063
4.7460e-02,-0.04125,-0.001615
4.7470e-02,-0.036875,-0.00192531
4.7480e-02,-0.0390625,-0.000855625
4.7490e-02,-0.0417187,-0.00187188
4.7500e-02,-0.0426562,-0.000889063
4.7510e-02,-0.0334375,-0.00178344
4.7520e-02,-0.04,-0.00193906
4.7530e-02,-0.0403125,-0.00157656
4.7540e-02,-0.029375,-0.00161094
4.7550e-02,-0.0384375,-0.00173969
4.7560e-02,-0.0371875,-0.00149156
4.7570e-02,-0.0404687,-0.0014825
4.7580e-02,-0.0360938,-0.00101687
4.7590e-02,-0.026875,-0.00188313
4.7600e-02,-0.0410937,-0.00115656
4.7610e-02,-0.0376563,-0.00190469
4.7620e-02,-0.0375,-0.00123375
4.7630e-02,-0.0335937,-0.001795
4.7640e-02,-0.048125,-0.00175875
4.7650e-02,-0.0325,-0.00178063
4.7660e-02,-0.0326562,-0.00139719
4.7670e-02,-0.0382813,-0.00171688
4.7680e-02,-0.0404687,-0.00080375
4.7690e-02,-0.0409375,-0.00221219
4.7700e-02,-0.0360938,-0.00132469
4.7710e-02,-0.0328125,-0.00146313
4.7720e-02,-0.026875,-0.00173438
4.7730e-02,-0.0360938,-0.00199156
4.7740e-02,-0.03125,-0.00130781
4.7750e-02,-0.034375,-0.00230344
4.7760e-02,-0.046875,-0.00186719
4.7770e-02,-0.0373438,-0.00151844
4.7780e-02,-0.0314062,-0.00114063
4.7790e-02,-0.038125,-0.00150938
4.7800e-02,-0.0326562,-0.00141281
4.7810e-02,-0.0314062,-0.00100719
4.7820e-02,-0.0439063,-0.00110031
4.7830e-02,-0.03125,-0.00138844
4.7840e-02,-0.0270312,-0.00192219
4.7850e-02,-0.0360938,-0.001595
4.7860e-02,-0.0360938,-0.00179406
4.7870e-02,-0.0246875,-0.0017375
4.7880e-02,-0.0378125,-0.00208906
4.7890e-02,-0.034375,-0.00209813
4.7900e-02,-0.0278125,-0.00166688
4.7910e-02,-0.0421875,-0.00168188
4.7920e-02,-0.0328125,-0.00162625
4.7930e-02,-0.0373438,-0.00165813
4.7940e-02,-0.045625,-0.00166188
4.7950e-02,-0.0464062,-0.00146813
4.7960e-02,-0.0439063,-0.00209563
4.7970e-02,-0.0414063,-0.00199094
4.7980e-02,-0.0328125,-0.00205875
4.7990e-02,-0.0317188,-0.00171063
4.8000e-02,-0.0385937,-0.00197
4.8010e-02,-0.0354688,-0.00149594
4.8020e-02,-0.04125,-0.00179094
4.8030e-02,-0.0378125,-0.00162938
4.8040e-02,-0.0385937,-0.00189875
4.8050e-02,-0.049375,-0.00167594
4.8060e-02,-0.0439063,-0.00141719
4.8070e-02,-0.0365625,-0.00136375
4.8080e-02,-0.0375,-0.00159031
4.8090e-02,-0.0404687,-0.00182281
4.8100e-02,-0.045,-0.00208187
4.8110e-02,-0.0364063,-0.00172469
4.8120e-02,-0.0320312,-0.00174781
4.8130e-02,-0.045,-0.00173594
4.8140e-02,-0.0448438,-0.00192281
4.8150e-02,-0.0395313,-0.0014325
4.8160e-02,-0.0464062,-0.00147031
4.8170e-02,-0.0453125,-0.0015125
4.8180e-02,-0.035,-0.00190781
4.8190e-02,-0.0260937,-0.00191438
4.8200e-02,-0.0432813,-0.00195875
4.8210e-02,-0.0321875,-0.0015975
4.8220e-02,-0.0365625,-0.00158
4.8230e-02,-0.0346875,-0.00154656
4.8240e-02,-0.0398437,-0.00153188
4.8250e-02,-0.0282813,-0.00172219
4.8260e-02,-0.039375,-0.00185406
4.8270e-02,-0.0323438,-0.00156219
4.8280e-02,-0.03625,-0.00169313
4.8290e-02,-0.0339062,-0.0014875
4.8300e-02,-0.049375,-0.00136563
4.8310e-02,-0.0457813,-0.00178469
4.8320e-02,-0.0478125,-0.00114813
4.8330e-02,-0.0376563,-0.00135781
4.8340e-02,-0.0367188,-0.00162375
4.8350e-02,-0.0315625,-0.00175
4.8360e-02,-0.0457813,-0.00191438
4.8370e-02,-0.0367188,-0.00191844
4.8380e-02,-0.0415625,-0.00205656
4.8390e-02,-0.0379688,-0.00185063
4.8400e-02,-0.041875,-0.00194781
4.8410e-02,-0.0367188,-0.00218594
4.8420e-02,-0.03375,-0.00137594
4.8430e-02,-0.0470312,-0.0013675
4.8440e-02,-0.0453125,-0.00149656
4.8450e-02,-0.0367188,-0.00162
4.8460e-02,-0.0384375,-0.0020075
4.8470e-02,-0.0417187,-0.00202063
4.8480e-02,-0.046875,-0.00177719
4.8490e-02,-0.0410937,-0.001605
4.8500e-02,-0.0373438,-0.00127969
4.8510e-02,-0.0378125,-0.00147219
4.8520e-02,-0.0403125,-0.00175563
4.8530e-02,-0.0498438,-0.00172375
4.8540e-02,-0.0453125,-0.00151469
4.8550e-02,-0.0434375,-0.0012625
4.8560e-02,-0.0596875,-0.00136906
4.8570e-02,-0.0417187,-0.00160719
4.8580e-02,-0.0351562,-0.00212125
4.8590e-02,-0.0365625,-0.00191063
4.8600e-02,-0.0407813,-0.0015275
4.8610e-02,-0.0384375,-0.00134063
4.8620e-02,-0.04375,-0.00140844
4.8630e-02,-0.039375,-0.00165313
4.8640e-02,-0.0409375,-0.00158875
4.8650e-02,-0.0335937,-0.00189563
4.8660e-02,-0.0376563,-0.00210875
4.8670e-02,-0.0370313,-0.0012525
4.8680e-02,-0.0360938,-0.00201625
4.8690e-02,-0.0426562,-0.001755
4.8700e-02,-0.036875,-0.00191625
4.8710e-02,-0.0482812,-0.00161625
4.8720e-02,-0.0309375,-0.00164063
4.8730e-02,-0.02875,-0.00142594
4.8740e-02,-0.0417187,-0.00190656
4.8750e-02,-0.04125,-0.00139531
4.8760e-02,-0.0426562,-0.00189438
4.8770e-02,-0.0385937,-0.0017425
4.8780e-02,-0.0454688,-0.00194156
4.8790e-02,-0.0360938,-0.00159188
4.8800e-02,-0.0451563,-0.00180188
4.8810e-02,-0.044375,-0.00184531
4.8820e-02,-0.0423437,-0.00155844
4.8830e-02,-0.044375,-0.00177063
4.8840e-02,-0.0403125,-0.00177438
4.8850e-02,-0.0440625,-0.00177344
4.8860e-02,-0.0395313,-0.00190344
4.8870e-02,-0.0425,-0.00224
4.8880e-02,-0.0390625,-0.00195813
4.8890e-02,-0.0320312,-0.00161844
4.8900e-02,-0.0454688,-0.00159094
4.8910e-02,-0.0321875,-0.00193125
4.8920e-02,-0.0426562,-0.00127906
4.8930e-02,-0.04875,-0.00143969
4.8940e-02,-0.0278125,-0.00129469
4.8950e-02,-0.0428125,-0.00192375
4.8960e-02,-0.040625,-0.00162469
4.8970e-02,-0.0442188,-0.00207906
4.8980e-02,-0.0467188,-0.00163688
4.8990e-02,-0.0404687,-0.00206438
4.9000e-02,-0.0485938,-0.00181625
4.9010e-02,-0.0520313,-0.00181875
4.9020e-02,-0.0432813,-0.00133469
4.9030e-02,-0.039375,-0.00209031
4.9040e-02,-0.0451563,-0.00176594
4.9050e-02,-0.0370313,-0.00115406
4.9060e-02,-0.0425,-0.00159813
4.9070e-02,-0.0370313,-0.00153688
4.9080e-02,-0.0339062,-0.00200406
4.9090e-02,-0.0434375,-0.00142313
4.9100e-02,-0.0348437,-0.00185313
4.9110e-02,-0.0440625,-0.00179156
4.9120e-02,-0.04125,-0.00189781
4.9130e-02,-0.025625,-0.00196844
4.9140e-02,-0.0348437,-0.00159313
4.9150e-02,-0.0478125,-0.00198813
4.9160e-02,-0.0301563,-0.00136781
4.9170e-02,-0.0401563,-0.00180875
4.9180e-02,-0.0485938,-0.00161688
4.9190e-02,-0.0373438,-0.00177219
4.9200e-02,-0.0375,-0.00166688
4.9210e-02,-0.0334375,-0.00162688
4.9220e-02,-0.0478125,-0.00164156
4.9230e-02,-0.034375,-0.002035
4.9240e-02,-0.0473438,-0.00129688
4.9250e-02,-0.038125,-0.00168
4.9260e-02,-0.0409375,-0.00141813
4.9270e-02,-0.0490625,-0.00162031
4.9280e-02,-0.0365625,-0.00156313
4.9290e-02,-0.0396875,-0.00188438
4.9300e-02,-0.0385937,-0.00113594
4.9310e-02,-0.03625,-0.00184531
4.9320e-02,-0.0389063,-0.00132656
4.9330e-02,-0.0484375,-0.00166094
4.9340e-02,-0.0417187,-0.00143969
4.9350e-02,-0.0495312,-0.00142906
4.9360e-02,-0.059375,-0.00170125
4.9370e-02,-0.04625,-0.00190063
4.9380e-02,-0.0367188,-0.00156406
4.9390e-02,-0.0496875,-0.00211594
4.9400e-02,-0.0298438,-0.00154969
4.9410e-02,-0.04125,-0.002215
4.9420e-02,-0.0325,-0.00148563
4.9430e-02,-0.0407813,-0.0022675
4.9440e-02,-0.0392187,-0.00156906
4.9450e-02,-0.0473438,-0.00181219
4.9460e-02,-0.0475,-0.00142594
4.9470e-02,-0.0484375,-0.0016025
4.9480e-02,-0.0582813,-0.00157688
4.9490e-02,-0.0457813,-0.00197031
4.9500e-02,-0.0320312,-0.00167719
4.9510e-02,-0.0328125,-0.00204906
4.9520e-02,-0.0351562,-0.00188594
4.9530e-02,-0.0507812,-0.00144531
4.9540e-02,-0.033125,-0.00128938
4.9550e-02,-0.0475,-0.00116375
4.9560e-02,-0.0309375,-0.00165406
4.9570e-02,-0.043125,-0.0013075
4.9580e-02,-0.04375,-0.00189469
4.9590e-02,-0.0360938,-0.0018125
4.9600e-02,-0.0360938,-0.0023725
4.9610e-02,-0.0459375,-0.00159438
4.9620e-02,-0.0335937,-0.00228906
4.9630e-02,-0.0451563,-0.0015975
4.9640e-02,-0.05,-0.00229437
4.9650e-02,-0.0329688,-0.00144125
4.9660e-02,-0.0545313,-0.00178031
4.9670e-02,-0.0425,-0.00132219
4.9680e-02,-0.0376563,-0.00155094
4.9690e-02,-0.0379688,-0.00108156
4.9700e-02,-0.0426562,-0.0013325
4.9710e-02,-0.0496875,-0.00143125
4.9720e-02,-0.0376563,-0.00226156
4.9730e-02,-0.0392187,-0.00132563
4.9740e-02,-0.0325,-0.00204969
4.9750e-02,-0.0523437,-0.00144594
4.9760e-02,-0.0475,-0.00159469
4.9770e-02,-0.0504687,-0.00168938
4.9780e-02,-0.0439063,-0.0016375
4.9790e-02,-0.058125,-0.00141938
4.9800e-02,-0.0567187,-0.00145781
4.9810e-02,-0.040625,-0.00130031
4.9820e-02,-0.0390625,-0.00160563
4.9830e-02,-0.0439063,-0.00164531
4.9840e-02,-0.04375,-0.00192906
4.9850e-02,-0.0454688,-0.0021225
4.9860e-02,-0.0365625,-0.00222219
4.9870e-02,-0.0465625,-0.001635
4.9880e-02,-0.0440625,-0.00189813
4.9890e-02,-0.0428125,-0.00197469
4.9900e-02,-0.0384375,-0.0019325
4.9910e-02,-0.0409375,-0.00142375
4.9920e-02,-0.045625,-0.00182875
4.9930e-02,-0.0410937,-0.00166375
4.9940e-02,-0.04625,-0.00130375
4.9950e-02,-0.0348437,-0.00145406
4.9960e-02,-0.0496875,-0.00112469
4.9970e-02,-0.0310937,-0.00156875
4.9980e-02,-0.0351562,-0.00178656
4.9990e-02,-0.0478125,-0.001825
5.0000e-02,-0.0235938,-0.00153219
5.0010e-02,-0.0434375,-0.00158781
5.0020e-02,-0.0464062,-0.00165094
5.0030e-02,-0.0395313,-0.00158094
5.0040e-02,-0.0415625,-0.00191594
5.0050e-02,-0.0364063,-0.00177844
5.0060e-02,-0.0401563,-0.00192031
5.0070e-02,-0.0396875,-0.00170906
5.0080e-02,-0.0384375,-0.00156875
5.0090e-02,-0.0509375,-0.00203031
5.0100e-02,-0.040625,-0.00170094
5.0110e-02,-0.0346875,-0.00158844
5.0120e-02,-0.0464062,-0.00223688
5.0130e-02,-0.04875,-0.00173844
5.0140e-02,-0.0326562,-0.00175469
5.0150e-02,-0.048125,-0.00174125
5.0160e-02,-0.0470312,-0.00182031
5.0170e-02,-0.0304688,-0.00196969
5.0180e-02,-0.03625,-0.0017025
5.0190e-02,-0.0426562,-0.00206594
5.0200e-02,-0.0354688,-0.00150781
5.0210e-02,-0.0539063,-0.00157688
5.0220e-02,-0.044375,-0.00214313
5.0230e-02,-0.045625,-0.0017325
5.0240e-02,-0.0435938,-0.00139
5.0250e-02,-0.0470312,-0.00168406
5.0260e-02,-0.06125,-0.00135438
5.0270e-02,-0.0410937,-0.00144
5.0280e-02,-0.0415625,-0.00146188
5.0290e-02,-0.0339062,-0.00112719
5.0300e-02,-0.0415625,-0.00136563
5.0310e-02,-0.0342187,-0.00169063
5.0320e-02,-0.0317188,-0.00133219
5.0330e-02,-0.0259375,-0.00172469
5.0340e-02,-0.0440625,-0.00148406
5.0350e-02,-0.0404687,-0.00137906
5.0360e-02,-0.0339062,-0.00195688
5.0370e-02,-0.0489062,-0.00143344
5.0380e-02,-0.0457813,-0.00143531
5.0390e-02,-0.0523437,-0.0013125
5.0400e-02,-0.0389063,-0.00143938
5.0410e-02,-0.0554687,-0.00147031
5.0420e-02,-0.0423437,-0.00178219
5.0430e-02,-0.0448438,-0.0023725
5.0440e-02,-0.0465625,-0.00160031
5.0450e-02,-0.045,-0.00183094
5.0460e-02,-0.0367188,-0.00201563
5.0470e-02,-0.053125,-0.00173344
5.0480e-02,-0.03375,-0.00173094
5.0490e-02,-0.0442188,-0.00241844
5.0500e-02,-0.0565625,-0.00200031
5.0510e-02,-0.0409375,-0.00192813
5.0520e-02,-0.0379688,-0.00186156
5.0530e-02,-0.0482812,-0.00201875
5.0540e-02,-0.0423437,-0.0016575
5.0550e-02,-0.0442188,-0.00144656
5.0560e-02,-0.0401563,-0.00156656
5.0570e-02,-0.0351562,-0.00157625
5.0580e-02,-0.0379688,-0.00147906
5.0590e-02,-0.0401563,-0.00213094
5.0600e-02,-0.0475,-0.00145563
5.0610e-02,-0.0390625,-0.00187688
5.0620e-02,-0.0445313,-0.001575
5.0630e-02,-0.0448438,-0.00172969
5.0640e-02,-0.0475,-0.00197844
5.0650e-02,-0.045625,-0.00208125
5.0660e-02,-0.0421875,-0.00177813
5.0670e-02,-0.0573437,-0.0017925
5.0680e-02,-0.0317188,-0.00123344
5.0690e-02,-0.0490625,-0.0021475
5.0700e-02,-0.03875,-0.00183469
5.0710e-02,-0.038125,-0.00155188
5.0720e-02,-0.04,-0.0015675
5.0730e-02,-0.0440625,-0.0011525
5.0740e-02,-0.0426562,-0.00127875
5.0750e-02,-0.0532813,-0.00193031
5.0760e-02,-0.0428125,-0.001625
5.0770e-02,-0.0553125,-0.00164281
5.0780e-02,-0.0470312,-0.00122
5.0790e-02,-0.0492188,-0.00135594
5.0800e-02,-0.0371875,-0.00163438
5.0810e-02,-0.0378125,-0.0009525
5.0820e-02,-0.0546875,-0.00209094
5.0830e-02,-0.0370313,-0.00172219
5.0840e-02,-0.0415625,-0.00156969
5.0850e-02,-0.0382813,-0.00174844
5.0860e-02,-0.0504687,-0.00167156
5.0870e-02,-0.0276563,-0.00182375
5.0880e-02,-0.0451563,-0.00209813
5.0890e-02,-0.0360938,-0.00151313
5.0900e-02,-0.0259375,-0.00173188
5.0910e-02,-0.0417187,-0.001545
5.0920e-02,-0.045625,-0.00139531
5.0930e-02,-0.0504687,-0.00123469
5.0940e-02,-0.0435938,-0.00124563
5.0950e-02,-0.0404687,-0.00175969
5.0960e-02,-0.0467188,-0.00261094
5.0970e-02,-0.0371875,-0.0017725
5.0980e-02,-0.0364063,-0.00161875
5.0990e-02,-0.0390625,-0.00157688
5.1000e-02,-0.0470312,-0.00180625
5.1010e-02,-0.0398437,-0.00202531
5.1020e-02,-0.03625,-0.00195344
5.1030e-02,-0.0445313,-0.0017475
5.1040e-02,-0.0514063,-0.00147469
5.1050e-02,-0.0442188,-0.00157969
5.1060e-02,-0.03375,-0.00125906
5.1070e-02,-0.045,-0.00150344
5.1080e-02,-0.0432813,-0.00185813
5.1090e-02,-0.045,-0.00130125
5.1100e-02,-0.0482812,-0.00165531
5.1110e-02,-0.0442188,-0.00157281
5.1120e-02,-0.0471875,-0.00190344
5.1130e-02,-0.0429688,-0.00134719
5.1140e-02,-0.0398437,-0.00181063
5.1150e-02,-0.0460938,-0.00154969
5.1160e-02,-0.0390625,-0.00175219
5.1170e-02,-0.0373438,-0.00120438
5.1180e-02,-0.0439063,-0.00193656
5.1190e-02,-0.0460938,-0.00158781
5.1200e-02,-0.044375,-0.00166438
5.1210e-02,-0.039375,-0.00105156
5.1220e-02,-0.0471875,-0.002145
5.1230e-02,-0.0429688,-0.00112813
5.1240e-02,-0.0460938,-0.00199125
5.1250e-02,-0.0479688,-0.00162938
5.1260e-02,-0.0373438,-0.00166813
5.1270e-02,-0.0373438,-0.00143125
5.1280e-02,-0.0432813,-0.00204469
5.1290e-02,-0.0514063,-0.00134031
5.1300e-02,-0.0401563,-0.00164656
5.1310e-02,-0.0495312,-0.00119625
5.1320e-02,-0.04,-0.00159063
5.1330e-02,-0.0398437,-0.00200813
5.1340e-02,-0.0496875,-0.00168469
5.1350e-02,-0.0451563,-0.00196031
5.1360e-02,-0.03,-0.00206125
5.1370e-02,-0.043125,-0.00211844
5.1380e-02,-0.0417187,-0.00138188
5.1390e-02,-0.0398437,-0.00147656
5.1400e-02,-0.0453125,-0.00161
5.1410e-02,-0.0440625,-0.00206719
5.1420e-02,-0.044375,-0.00126375
5.1430e-02,-0.03375,-0.00198844
5.1440e-02,-0.0457813,-0.00130188
5.1450e-02,-0.0428125,-0.0011275
5.1460e-02,-0.05,-0.00145219
5.1470e-02,-0.0467188,-0.00152688
5.1480e-02,-0.0446875,-0.00192563
5.1490e-02,-0.0457813,-0.00208969
5.1500e-02,-0.0460938,-0.00160875
5.1510e-02,-0.0423437,-0.00190281
5.1520e-02,-0.046875,-0.00147406
5.1530e-02,-0.0478125,-0.00241938
5.1540e-02,-0.0532813,-0.00189094
5.1550e-02,-0.0448438,-0.00162906
5.1560e-02,-0.0396875,-0.00137375
5.1570e-02,-0.04875,-0.00186438
5.1580e-02,-0.0451563,-0.00163969
5.1590e-02,-0.0478125,-0.00217156
5.1600e-02,-0.02125,-0.00262875
5.1610e-02,-0.0410937,-0.00196531
5.1620e-02,-0.049375,-0.00237531
5.1630e-02,-0.0407813,-0.00165063
5.1640e-02,-0.0576563,-0.00128906
5.1650e-02,-0.0475,-0.00143906
5.1660e-02,-0.0442188,-0.00122125
5.1670e-02,-0.046875,-0.001445
5.1680e-02,-0.0376563,-0.00171125
5.1690e-02,-0.046875,-0.00178344
5.1700e-02,-0.0429688,-0.00222469
5.1710e-02,-0.0339062,-0.00126156
5.1720e-02,-0.0470312,-0.00108125
5.1730e-02,-0.0504687,-0.00154594
5.1740e-02,-0.0520313,-0.00130625
5.1750e-02,-0.0464062,-0.001475
5.1760e-02,-0.0339062,-0.0017375
5.1770e-02,-0.0442188,-0.00192219
5.1780e-02,-0.0415625,-0.00179
5.1790e-02,-0.0345312,-0.00196313
5.1800e-02,-0.0409375,-0.00154438
5.1810e-02,-0.0545313,-0.00181188
5.1820e-02,-0.05,-0.00177844
5.1830e-02,-0.0471875,-0.00175
5.1840e-02,-0.0521875,-0.0018275
5.1850e-02,-0.058125,-0.00165781
5.1860e-02,-0.0457813,-0.00183188
5.1870e-02,-0.0382813,-0.00207219
5.1880e-02,-0.0453125,-0.00146188
5.1890e-02,-0.0451563,-0.00162406
5.1900e-02,-0.03625,-0.00166281
5.1910e-02,-0.043125,-0.00174281
5.1920e-02,-0.0421875,-0.00183656
5.1930e-02,-0.0401563,-0.00105688
5.1940e-02,-0.0498438,-0.00143375
5.1950e-02,-0.0529687,-0.00101813
5.1960e-02,-0.0415625,-0.001865
5.1970e-02,-0.0575,-0.00147625
5.1980e-02,-0.056875,-0.00145719
5.1990e-02,-0.0425,-0.00176844
5.2000e-02,-0.0414063,-0.00175656
5.2010e-02,-0.060625,-0.00180156
5.2020e-02,-0.0423437,-0.00228438
5.2030e-02,-0.0475,-0.00178531
5.2040e-02,-0.0382813,-0.00193406
5.2050e-02,-0.0351562,-0.00105188
5.2060e-02,-0.0440625,-0.00139031
5.2070e-02,-0.0407813,-0.00175063
5.2080e-02,-0.0403125,-0.00198
5.2090e-02,-0.051875,-0.00179781
5.2100e-02,-0.04375,-0.00199875
5.2110e-02,-0.0415625,-0.0017775
5.2120e-02,-0.0365625,-0.00200094
5.2130e-02,-0.0485938,-0.001775
5.2140e-02,-0.0351562,-0.00143156
5.2150e-02,-0.0467188,-0.00151813
5.2160e-02,-0.041875,-0.00174844
5.2170e-02,-0.0446875,-0.00184125
5.2180e-02,-0.0579687,-0.00171938
5.2190e-02,-0.0523437,-0.0017725
5.2200e-02,-0.05,-0.00140438
5.2210e-02,-0.0445313,-0.0022125
5.2220e-02,-0.0485938,-0.0017325
5.2230e-02,-0.0434375,-0.00227688
5.2240e-02,-0.0426562,-0.00135625
5.2250e-02,-0.0471875,-0.00200406
5.2260e-02,-0.0410937,-0.00181281
5.2270e-02,-0.055625,-0.00216188
5.2280e-02,-0.0554687,-0.00152563
5.2290e-02,-0.0428125,-0.00197156
5.2300e-02,-0.03,-0.00162281
5.2310e-02,-0.0309375,-0.00195813
5.2320e-02,-0.046875,-0.0017025
5.2330e-02,-0.04375,-0.00168844
5.2340e-02,-0.0435938,-0.00148906
5.2350e-02,-0.0396875,-0.00135125
5.2360e-02,-0.0476562,-0.00177219
5.2370e-02,-0.0482812,-0.00206656
5.2380e-02,-0.0501562,-0.00156344
5.2390e-02,-0.0417187,-0.00175875
5.2400e-02,-0.0429688,-0.001585
5.2410e-02,-0.0440625,-0.00157406
5.2420e-02,-0.0498438,-0.001445
5.2430e-02,-0.0314062,-0.00165563
5.2440e-02,-0.0428125,-0.00166844
5.2450e-02,-0.0392187,-0.00167844
5.2460e-02,-0.0515625,-0.00157156
5.2470e-02,-0.0510938,-0.00179313
5.2480e-02,-0.533125,-0.00153469
5.2490e-02,-0.157969,-0.00177781
5.2500e-02,-0.0921875,-0.00307313
5.2510e-02,0.817969,-0.00470469
5.2520e-02,0.0764062,-0.00528281
5.2530e-02,-0.72375,-0.00519375
5.2540e-02,0.100312,-0.00510313
5.2550e-02,0.0803125,-0.00512563
5.2560e-02,0.0939062,-0.00518719
5.2570e-02,0.0567187,-0.00496469
5.2580e-02,0.0646875,-0.00494063
5.2590e-02,0.0465625,-0.00499094
5.2600e-02,0.05,-0.00498094
5.2610e-02,0.0551563,-0.00515094
5.2620e-02,0.0471875,-0.00488875
5.2630e-02,0.0471875,-0.00510219
5.2640e-02,0.048125,-0.00503813
5.2650e-02,0.0442188,-0.00509563
5.2660e-02,0.0215625,-0.0049225
5.2670e-02,0.0257813,-0.00490438
5.2680e-02,0.0389063,-0.00483844
5.2690e-02,0.033125,-0.00494969
5.2700e-02,0.0121875,-0.00512688
5.2710e-02,0.0140625,-0.00487094
5.2720e-02,0.0375,-0.00495281
5.2730e-02,0.0246875,-0.00508563
5.2740e-02,0.00828125,-0.00483469
5.2750e-02,0.0160938,-0.00246156
5.2760e-02,0.016875,-0.00255875
5.2770e-02,0.0126562,-0.00159469
5.2780e-02,0.005,-0.00211813
5.2790e-02,-0.00046875,-0.00191063
5.2800e-02,-0.0034375,-0.00294313
5.2810e-02,0.0132812,-0.0011275
5.2820e-02,0.0101562,-0.00192875
5.2830e-02,0.00421875,-0.00103719
5.2840e-02,0.0192188,-0.00236875
5.2850e-02,0.0115625,-0.00167563
5.2860e-02,0.00171875,-0.00222031
5.2870e-02,-0.0065625,-0.00175531
5.2880e-02,0.00609375,-0.0019725
5.2890e-02,-0.00015625,-0.001675
5.2900e-02,0.00578125,-0.0021775
5.2910e-02,0.00546875,-0.00223062
5.2920e-02,-0.0059375,-0.00219563
5.2930e-02,-0.00390625,-0.00183938
5.2940e-02,0.000625,-0.00170625
5.2950e-02,0.00375,-0.00233
5.2960e-02,0.00109375,-0.00128969
5.2970e-02,-0.008125,-0.00215063
5.2980e-02,-0.00515625,-0.00229188
5.2990e-02,-0.009375,-0.00217969
5.3000e-02,-0.0115625,-0.00143375
5.3010e-02,-0.00421875,-0.0012425
5.3020e-02,-0.00390625,-0.00171969
5.3030e-02,-0.0109375,-0.00202875
5.3040e-02,0.0059375,-0.001895
5.3050e-02,-0.0101563,-0.00206781
5.3060e-02,-0.008125,-0.00195188
5.3070e-02,-0.0109375,-0.00172
5.3080e-02,-0.0109375,-0.00194281
5.3090e-02,0.00125,-0.0018125
5.3100e-02,-0.0078125,-0.00183313
5.3110e-02,-0.01625,-0.00199281
5.3120e-02,-0.0120313,-0.00150719
5.3130e-02,0.00125,-0.0016425
5.3140e-02,-0.0151562,-0.00171563
5.3150e-02,-0.0090625,-0.00159688
5.3160e-02,-0.006875,-0.00164281
5.3170e-02,-0.00109375,-0.00147969
5.3180e-02,-0.0135937,-0.00157781
5.3190e-02,-0.0115625,-0.00123375
5.3200e-02,-0.00890625,-0.00154438
5.3210e-02,-0.00265625,-0.0020375
5.3220e-02,-0.006875,-0.00124938
5.3230e-02,-0.00296875,-0.00171469
5.3240e-02,-0.0184375,-0.00222656
5.3250e-02,-0.00578125,-0.00180188
5.3260e-02,-0.0148437,-0.00186
5.3270e-02,-0.0201563,-0.00251594
5.3280e-02,-0.0173438,-0.00193188
5.3290e-02,-0.0159375,-0.00169094
5.3300e-02,-0.0125,-0.0014875
5.3310e-02,-0.0139063,-0.00209531
5.3320e-02,-0.0125,-0.0019925
5.3330e-02,-0.01,-0.00224406
5.3340e-02,-0.0176563,-0.0022325
5.3350e-02,-0.0210938,-0.001975
5.3360e-02,-0.0190625,-0.00188531
5.3370e-02,-0.0159375,-0.00155406
5.3380e-02,-0.0046875,-0.00198844
5.3390e-02,-0.0176563,-0.00163125
5.3400e-02,-0.0142188,-0.00167188
5.3410e-02,-0.0126563,-0.00164625
5.3420e-02,-0.0220313,-0.00137688
5.3430e-02,-0.00625,-0.00180969
5.3440e-02,-0.01875,-0.00185531
5.3450e-02,-0.0120313,-0.00209875
5.3460e-02,-0.0160938,-0.00160594
5.3470e-02,-0.0204688,-0.00187531
5.3480e-02,-0.019375,-0.00180531
5.3490e-02,-0.0146875,-0.00171156
5.3500e-02,-0.02,-0.00153313
5.3510e-02,-0.014375,-0.00136531
5.3520e-02,-0.0217188,-0.00154625
5.3530e-02,-0.0178125,-0.00186594
5.3540e-02,-0.0279688,-0.00201625
5.3550e-02,-0.00921875,-0.001695
5.3560e-02,-0.0175,-0.0013375
5.3570e-02,-0.0232812,-0.00212313
5.3580e-02,-0.0267187,-0.00147906
5.3590e-02,-0.0198438,-0.0018825
5.3600e-02,-0.0128125,-0.00162125
5.3610e-02,-0.0204688,-0.00150781
5.3620e-02,-0.0273438,-0.00199594
5.3630e-02,-0.0248438,-0.00116906
5.3640e-02,-0.0182812,-0.00214813
5.3650e-02,-0.0170313,-0.00141469
5.3660e-02,-0.0179687,-0.00172125
5.3670e-02,-0.0129688,-0.00126156
5.3680e-02,-0.020625,-0.00142688
5.3690e-02,-0.0221875,-0.00135781
5.3700e-02,-0.013125,-0.00197313
5.3710e-02,-0.0109375,-0.00167406
5.3720e-02,-0.0148437,-0.00180563
5.3730e-02,-0.0301563,-0.00147688
5.3740e-02,-0.0170313,-0.001495
5.3750e-02,-0.0254688,-0.00118438
5.3760e-02,-0.02375,-0.00147031
5.3770e-02,-0.0160938,-0.00115406
5.3780e-02,-0.0278125,-0.00170969
5.3790e-02,-0.02875,-0.00182781
5.3800e-02,-0.0292188,-0.00179063
5.3810e-02,-0.025,-0.00184344
5.3820e-02,-0.0146875,-0.00163813
5.3830e-02,-0.02125,-0.00183406
5.3840e-02,-0.0195312,-0.00155344
5.3850e-02,-0.0223437,-0.00147625
5.3860e-02,-0.0182812,-0.00215188
5.3870e-02,-0.0228125,-0.00226969
5.3880e-02,-0.0228125,-0.00186313
5.3890e-02,-0.014375,-0.00150938
5.3900e-02,-0.02375,-0.000939375
5.3910e-02,-0.0251563,-0.00137094
5.3920e-02,-0.02375,-0.00185406
5.3930e-02,-0.028125,-0.00149656
5.3940e-02,-0.0325,-0.00184719
5.3950e-02,-0.0225,-0.00161688
5.3960e-02,-0.0210938,-0.00167281
5.3970e-02,-0.0184375,-0.00174156
5.3980e-02,-0.0229687,-0.00129344
5.3990e-02,-0.0157813,-0.00175406
5.4000e-02,-0.0223437,-0.00125625
5.4010e-02,-0.03125,-0.00180281
5.4020e-02,-0.021875,-0.00166875
5.4030e-02,-0.0221875,-0.00184969
5.4040e-02,-0.0120313,-0.00147156
5.4050e-02,-0.0214063,-0.00169531
5.4060e-02,-0.0276563,-0.00156063
5.4070e-02,-0.0223437,-0.00185406
5.4080e-02,-0.0176563,-0.00139375
5.4090e-02,-0.0348437,-0.00174375
5.4100e-02,-0.0225,-0.00213563
5.4110e-02,-0.0273438,-0.00207406
5.4120e-02,-0.0184375,-0.00225813
5.4130e-02,-0.0239063,-0.00167281
5.4140e-02,-0.0090625,-0.00169688
5.4150e-02,-0.025625,-0.00145156
5.4160e-02,-0.0225,-0.00149063
5.4170e-02,-0.03,-0.00155719
5.4180e-02,-0.0273438,-0.001425
5.4190e-02,-0.0225,-0.00127844
5.4200e-02,-0.0296875,-0.00169969
5.4210e-02,-0.0229687,-0.00110125
5.4220e-02,-0.028125,-0.00219406
5.4230e-02,-0.0209375,-0.00164844
5.4240e-02,-0.0129688,-0.00197562
5.4250e-02,-0.0271875,-0.001595
5.4260e-02,-0.0309375,-0.00220656
5.4270e-02,-0.0273438,-0.00136156
5.4280e-02,-0.0245313,-0.00171063
5.4290e-02,-0.0298438,-0.00137281
5.4300e-02,-0.02875,-0.00199781
5.4310e-02,-0.0225,-0.00146031
5.4320e-02,-0.0176563,-0.002175
5.4330e-02,-0.0328125,-0.00137625
5.4340e-02,-0.029375,-0.00181469
5.4350e-02,-0.0240625,-0.00209594
5.4360e-02,-0.031875,-0.00176375
5.4370e-02,-0.0317188,-0.00154875
5.4380e-02,-0.02625,-0.00131531
5.4390e-02,-0.028125,-0.00149625
5.4400e-02,-0.0290625,-0.0014125
5.4410e-02,-0.0226562,-0.00185156
5.4420e-02,-0.0228125,-0.00159594
5.4430e-02,-0.0321875,-0.00165031
5.4440e-02,-0.0234375,-0.00173438
5.4450e-02,-0.0332812,-0.002075
5.4460e-02,-0.0273438,-0.00204563
5.4470e-02,-0.0298438,-0.00221188
5.4480e-02,-0.02875,-0.00232313
5.4490e-02,-0.0157813,-0.00205406
5.4500e-02,-0.0254688,-0.00173938
5.4510e-02,-0.033125,-0.00186281
5.4520e-02,-0.01875,-0.00173625
5.4530e-02,-0.02625,-0.00179563
5.4540e-02,-0.0348437,-0.00171594
5.4550e-02,-0.0301563,-0.00180906
5.4560e-02,-0.0403125,-0.00166344
5.4570e-02,-0.0292188,-0.0015725
5.4580e-02,-0.028125,-0.00172156
5.4590e-02,-0.0235938,-0.0017875
5.4600e-02,-0.0376563,-0.00210656
5.4610e-02,-0.0315625,-0.00224188
5.4620e-02,-0.0301563,-0.00184906
5.4630e-02,-0.035,-0.00188375
5.4640e-02,-0.0373438,-0.00222531
5.4650e-02,-0.0370313,-0.00155844
5.4660e-02,-0.0320312,-0.00167969
5.4670e-02,-0.0315625,-0.0015575
5.4680e-02,-0.0221875,-0.00161813
5.4690e-02,-0.0290625,-0.00172781
5.4700e-02,-0.0296875,-0.00146375
5.4710e-02,-0.0307813,-0.00209344
5.4720e-02,-0.0221875,-0.00213563
5.4730e-02,-0.0246875,-0.00191906
5.4740e-02,-0.0389063,-0.00208219
5.4750e-02,-0.0303125,-0.00129219
5.4760e-02,-0.0175,-0.00153969
5.4770e-02,-0.0279688,-0.00225625
5.4780e-02,-0.025625,-0.00161656
5.4790e-02,-0.031875,-0.00148656
5.4800e-02,-0.0257812,-0.00147938
5.4810e-02,-0.0289063,-0.00172438
5.4820e-02,-0.033125,-0.0020025
5.4830e-02,-0.0284375,-0.00172344
5.4840e-02,-0.0284375,-0.00166906
5.4850e-02,-0.0242188,-0.00208719
5.4860e-02,-0.0234375,-0.00212
5.4870e-02,-0.0295313,-0.00220031
5.4880e-02,-0.0234375,-0.001885
5.4890e-02,-0.0301563,-0.00174906
5.4900e-02,-0.035,-0.00164438
5.4910e-02,-0.0335937,-0.00171938
5.4920e-02,-0.0270312,-0.00147344
5.4930e-02,-0.0390625,-0.00187344
5.4940e-02,-0.03125,-0.0009525
5.4950e-02,-0.0340625,-0.001535
5.4960e-02,-0.036875,-0.0016175
5.4970e-02,-0.0321875,-0.00174594
5.4980e-02,-0.0248438,-0.00181156
5.4990e-02,-0.04,-0.00201344
5.5000e-02,-0.030625,-0.00167281
5.5010e-02,-0.0310937,-0.00189063
5.5020e-02,-0.0371875,-0.00187656
5.5030e-02,-0.0292188,-0.0019
5.5040e-02,-0.0301563,-0.00127969
5.5050e-02,-0.0314062,-0.00172125
5.5060e-02,-0.03375,-0.0014075
5.5070e-02,-0.0325,-0.00141094
5.5080e-02,-0.034375,-0.00101844
5.5090e-02,-0.035,-0.0020275
5.5100e-02,-0.0328125,-0.00163594
5.5110e-02,-0.0351562,-0.00178531
5.5120e-02,-0.0267187,-0.00143969
5.5130e-02,-0.03,-0.00179281
5.5140e-02,-0.033125,-0.000570625
5.5150e-02,-0.0417187,-0.00150813
5.5160e-02,-0.0314062,-0.00174375
5.5170e-02,-0.0232812,-0.0018125
5.5180e-02,-0.0340625,-0.00145
5.5190e-02,-0.0323438,-0.00169844
5.5200e-02,-0.0379688,-0.00170188
5.5210e-02,-0.039375,-0.00252875
5.5220e-02,-0.0482812,-0.00170531
5.5230e-02,-0.0404687,-0.00193938
5.5240e-02,-0.0295313,-0.00170313
5.5250e-02,-0.0364063,-0.00143781
5.5260e-02,-0.0420312,-0.00145938
5.5270e-02,-0.0404687,-0.0012475
5.5280e-02,-0.0403125,-0.00136156
5.5290e-02,-0.02625,-0.00144094
5.5300e-02,-0.0289063,-0.00178
5.5310e-02,-0.0278125,-0.00133594
5.5320e-02,-0.0342187,-0.00170375
5.5330e-02,-0.0426562,-0.00161781
5.5340e-02,-0.0357813,-0.00216219
5.5350e-02,-0.0384375,-0.00145188
5.5360e-02,-0.0346875,-0.00142
5.5370e-02,-0.0348437,-0.00144
5.5380e-02,-0.036875,-0.00202469
5.5390e-02,-0.035,-0.00185625
5.5400e-02,-0.0390625,-0.001835
5.5410e-02,-0.033125,-0.00159344
5.5420e-02,-0.0314062,-0.00205969
5.5430e-02,-0.0392187,-0.00122906
5.5440e-02,-0.0385937,-0.00244344
5.5450e-02,-0.0339062,-0.00150781
5.5460e-02,-0.0357813,-0.00167938
5.5470e-02,-0.0342187,-0.00177781
5.5480e-02,-0.0453125,-0.00110281
5.5490e-02,-0.031875,-0.00141
5.5500e-02,-0.026875,-0.00178
5.5510e-02,-0.046875,-0.00168719
5.5520e-02,-0.0390625,-0.0019075
5.5530e-02,-0.0420312,-0.00142531
5.5540e-02,-0.0265625,-0.00084375
5.5550e-02,-0.0292188,-0.0017425
5.5560e-02,-0.0245313,-0.00144875
5.5570e-02,-0.036875,-0.00166188
5.5580e-02,-0.0303125,-0.00157
5.5590e-02,-0.0359375,-0.00210094
5.5600e-02,-0.0348437,-0.00175438
5.5610e-02,-0.029375,-0.00202563
5.5620e-02,-0.0307813,-0.00124531
5.5630e-02,-0.034375,-0.00217344
5.5640e-02,-0.0335937,-0.00154844
5.5650e-02,-0.0364063,-0.00183031
5.5660e-02,-0.0429688,-0.001335
5.5670e-02,-0.03125,-0.0016325
5.5680e-02,-0.0373438,-0.00141063
5.5690e-02,-0.0423437,-0.00187031
5.5700e-02,-0.02875,-0.00166594
5.5710e-02,-0.0310937,-0.00157313
5.5720e-02,-0.0323438,-0.00128438
5.5730e-02,-0.041875,-0.00224469
5.5740e-02,-0.0415625,-0.0018475
5.5750e-02,-0.019375,-0.00206313
5.5760e-02,-0.034375,-0.00173688
5.5770e-02,-0.0335937,-0.00173688
5.5780e-02,-0.0323438,-0.00157188
5.5790e-02,-0.0359375,-0.00151688
5.5800e-02,-0.0309375,-0.00132594
5.5810e-02,-0.0409375,-0.00150531
5.5820e-02,-0.0404687,-0.00154094
5.5830e-02,-0.0389063,-0.00147875
5.5840e-02,-0.0321875,-0.00159125
5.5850e-02,-0.04125,-0.00125156
5.5860e-02,-0.03375,-0.00197188
5.5870e-02,-0.0321875,-0.00164
5.5880e-02,-0.0246875,-0.00210813
5.5890e-02,-0.0415625,-0.00144531
5.5900e-02,-0.0217188,-0.00184781
5.5910e-02,-0.0270312,-0.000786563
5.5920e-02,-0.0434375,-0.00148531
5.5930e-02,-0.0321875,-0.00152188
5.5940e-02,-0.029375,-0.00161969
5.5950e-02,-0.0398437,-0.00155563
5.5960e-02,-0.0410937,-0.00234875
5.5970e-02,-0.0365625,-0.00142219
5.5980e-02,-0.0389063,-0.00228219
5.5990e-02,-0.0445313,-0.00160438
5.6000e-02,-0.0404687,-0.0020225
5.6010e-02,-0.0379688,-0.00147188
5.6020e-02,-0.0376563,-0.00203156
5.6030e-02,-0.0467188,-0.00123375
5.6040e-02,-0.0364063,-0.001965
5.6050e-02,-0.0498438,-0.00104125
5.6060e-02,-0.0310937,-0.00202219
5.6070e-02,-0.0390625,-0.00137
5.6080e-02,-0.0495312,-0.00193219
5.6090e-02,-0.0432813,-0.00165063
5.6100e-02,-0.0345312,-0.00189188
5.6110e-02,-0.0442188,-0.00107406
5.6120e-02,-0.0301563,-0.00187813
5.6130e-02,-0.0323438,-0.0020775
5.6140e-02,-0.0328125,-0.00219313
5.6150e-02,-0.031875,-0.000658438
5.6160e-02,-0.0309375,-0.00186
5.6170e-02,-0.0445313,-0.00154594
5.6180e-02,-0.0392187,-0.00170188
5.6190e-02,-0.036875,-0.00118813
5.6200e-02,-0.050625,-0.00172656
5.6210e-02,-0.0315625,-0.0020225
5.6220e-02,-0.0345312,-0.00189844
5.6230e-02,-0.0496875,-0.001825
5.6240e-02,-0.0445313,-0.00186406
5.6250e-02,-0.0404687,-0.00140969
5.6260e-02,-0.0490625,-0.00161063
5.6270e-02,-0.0398437,-0.00169688
5.6280e-02,-0.0384375,-0.00142438
5.6290e-02,-0.0365625,-0.00146656
5.6300e-02,-0.045625,-0.00144344
5.6310e-02,-0.0329688,-0.00160688
5.6320e-02,-0.040625,-0.00154844
5.6330e-02,-0.038125,-0.00212375
5.6340e-02,-0.0471875,-0.00160844
5.6350e-02,-0.0275,-0.00154875
5.6360e-02,-0.0373438,-0.00119188
5.6370e-02,-0.0432813,-0.00167031
5.6380e-02,-0.0289063,-0.00185313
5.6390e-02,-0.040625,-0.00197094
5.6400e-02,-0.0454688,-0.00147875
5.6410e-02,-0.0370313,-0.00141594
5.6420e-02,-0.04,-0.00127563
5.6430e-02,-0.0367188,-0.00105688
5.6440e-02,-0.0420312,-0.00189531
5.6450e-02,-0.0509375,-0.00209063
5.6460e-02,-0.0410937,-0.00211406
5.6470e-02,-0.0370313,-0.00160563
5.6480e-02,-0.0396875,-0.0022525
5.6490e-02,-0.04375,-0.001815
5.6500e-02,-0.0309375,-0.0020575
5.6510e-02,-0.045625,-0.00182156
5.6520e-02,-0.0464062,-0.00135563
5.6530e-02,-0.0471875,-0.00108188
5.6540e-02,-0.0367188,-0.00165938
5.6550e-02,-0.04,-0.00154688
5.6560e-02,-0.0420312,-0.00136719
5.6570e-02,-0.040625,-0.00153031
5.6580e-02,-0.0346875,-0.00205281
5.6590e-02,-0.0351562,-0.00172344
5.6600e-02,-0.0376563,-0.00149781
5.6610e-02,-0.053125,-0.00171188
5.6620e-02,-0.0365625,-0.00191313
5.6630e-02,-0.0357813,-0.00173188
5.6640e-02,-0.0407813,-0.00179469
5.6650e-02,-0.0521875,-0.00194563
5.6660e-02,-0.035,-0.00177813
5.6670e-02,-0.036875,-0.0017775
5.6680e-02,-0.05375,-0.00174781
5.6690e-02,-0.0457813,-0.00155563
5.6700e-02,-0.0357813,-0.00155
5.6710e-02,-0.0428125,-0.00155438
5.6720e-02,-0.0410937,-0.00127219
5.6730e-02,-0.0301563,-0.00143563
5.6740e-02,-0.0375,-0.00183781
5.6750e-02,-0.0335937,-0.00165438
5.6760e-02,-0.0321875,-0.00169406
5.6770e-02,-0.0490625,-0.00196906
5.6780e-02,-0.0415625,-0.00145594
5.6790e-02,-0.0339062,-0.00118938
5.6800e-02,-0.0496875,-0.00148688
5.6810e-02,-0.0495312,-0.00140969
5.6820e-02,-0.043125,-0.00182688
5.6830e-02,-0.0442188,-0.00185313
5.6840e-02,-0.0473438,-0.00165969
5.6850e-02,-0.0464062,-0.0018725
5.6860e-02,-0.030625,-0.00126344
5.6870e-02,-0.0392187,-0.00177094
5.6880e-02,-0.035,-0.00129031
5.6890e-02,-0.0390625,-0.0016925
5.6900e-02,-0.0428125,-0.00185281
5.6910e-02,-0.04125,-0.00181219
5.6920e-02,-0.0364063,-0.00169563
5.6930e-02,-0.0489062,-0.00167313
5.6940e-02,-0.0453125,-0.00168813
5.6950e-02,-0.0354688,-0.00087875
5.6960e-02,-0.0467188,-0.00202156
5.6970e-02,-0.0351562,-0.00125688
5.6980e-02,-0.0384375,-0.00213344
5.6990e-02,-0.033125,-0.00112
5.7000e-02,-0.0423437,-0.00148906
5.7010e-02,-0.0560937,-0.00157188
5.7020e-02,-0.034375,-0.00166906
5.7030e-02,-0.0425,-0.00171031
5.7040e-02,-0.0426562,-0.00151125
5.7050e-02,-0.0420312,-0.00163531
5.7060e-02,-0.0401563,-0.00193188
5.7070e-02,-0.0301563,-0.0012
5.7080e-02,-0.0409375,-0.00182844
5.7090e-02,-0.0429688,-0.00159344
5.7100e-02,-0.04625,-0.00165875
5.7110e-02,-0.0348437,-0.00155688
5.7120e-02,-0.0467188,-0.00117688
5.7130e-02,-0.0435938,-0.00160875
5.7140e-02,-0.0453125,-0.00154375
5.7150e-02,-0.0589063,-0.00182875
5.7160e-02,-0.0371875,-0.00172125
5.7170e-02,-0.0465625,-0.00165375
5.7180e-02,-0.0395313,-0.00153469
5.7190e-02,-0.035,-0.00184719
5.7200e-02,-0.0332812,-0.0014325
5.7210e-02,-0.0426562,-0.00189406
5.7220e-02,-0.04375,-0.00182344
5.7230e-02,-0.0442188,-0.00164781
5.7240e-02,-0.02875,-0.00133313
5.7250e-02,-0.051875,-0.00243438
5.7260e-02,-0.0496875,-0.0012075
5.7270e-02,-0.0384375,-0.00180813
5.7280e-02,-0.050625,-0.000999375
5.7290e-02,-0.03875,-0.00202781
5.7300e-02,-0.0451563,-0.0013375
5.7310e-02,-0.0321875,-0.00159969
5.7320e-02,-0.0342187,-0.0010025
5.7330e-02,-0.0426562,-0.00127438
5.7340e-02,-0.0475,-0.00123156
5.7350e-02,-0.0398437,-0.00181656
5.7360e-02,-0.0365625,-0.00141094
5.7370e-02,-0.0414063,-0.00215375
5.7380e-02,-0.0479688,-0.00102313
5.7390e-02,-0.0484375,-0.00200313
5.7400e-02,-0.0351562,-0.001585
5.7410e-02,-0.0435938,-0.00158406
5.7420e-02,-0.0379688,-0.001155
5.7430e-02,-0.0357813,-0.00180969
5.7440e-02,-0.0407813,-0.00138031
5.7450e-02,-0.0396875,-0.00166875
5.7460e-02,-0.0345312,-0.00231813
5.7470e-02,-0.0454688,-0.00179625
5.7480e-02,-0.055,-0.00172281
5.7490e-02,-0.0434375,-0.0017775
5.7500e-02,-0.0384375,-0.00184344
5.7510e-02,-0.0442188,-0.00158
5.7520e-02,-0.0339062,-0.00143438
5.7530e-02,-0.0504687,-0.00111406
5.7540e-02,-0.0428125,-0.00162906
5.7550e-02,-0.0485938,-0.00115063
5.7560e-02,-0.0404687,-0.00167938
5.7570e-02,-0.0525,-0.00135719
5.7580e-02,-0.0439063,-0.00256344
5.7590e-02,-0.0429688,-0.00144625
5.7600e-02,-0.04625,-0.00176938
5.7610e-02,-0.0353125,-0.00150906
5.7620e-02,-0.031875,-0.00223
5.7630e-02,-0.0510938,-0.00139094
5.7640e-02,-0.0364063,-0.00170625
5.7650e-02,-0.0476562,-0.00101687
5.7660e-02,-0.04625,-0.00182875
5.7670e-02,-0.0384375,-0.0015875
5.7680e-02,-0.0579687,-0.00204375
5.7690e-02,-0.0329688,-0.00135938
5.7700e-02,-0.04,-0.001725
5.7710e-02,-0.0460938,-0.00124063
5.7720e-02,-0.0515625,-0.00188969
5.7730e-02,-0.045,-0.00130813
5.7740e-02,-0.0257812,-0.00187875
5.7750e-02,-0.0548437,-0.00113875
5.7760e-02,-0.0432813,-0.00118563
5.7770e-02,-0.0423437,-0.00209906
5.7780e-02,-0.0364063,-0.00123281
5.7790e-02,-0.0410937,-0.00201594
5.7800e-02,-0.0479688,-0.0017025
5.7810e-02,-0.0315625,-0.00174875
5.7820e-02,-0.040625,-0.0018275
5.7830e-02,-0.0434375,-0.002085
5.7840e-02,-0.0557813,-0.00167813
5.7850e-02,-0.044375,-0.0021925
5.7860e-02,-0.0446875,-0.00220688
5.7870e-02,-0.043125,-0.00244656
5.7880e-02,-0.0459375,-0.00177594
5.7890e-02,-0.0467188,-0.00198313
5.7900e-02,-0.0385937,-0.0013075
5.7910e-02,-0.0492188,-0.00190406
5.7920e-02,-0.0371875,-0.001235
5.7930e-02,-0.0375,-0.00218219
5.7940e-02,-0.054375,-0.00135219
5.7950e-02,-0.0501562,-0.00230063
5.7960e-02,-0.0478125,-0.00133625
5.7970e-02,-0.0448438,-0.00219531
5.7980e-02,-0.0470312,-0.00163188
5.7990e-02,-0.0523437,-0.00227938
5.8000e-02,-0.0528125,-0.00143125
5.8010e-02,-0.0376563,-0.00208594
5.8020e-02,-0.0482812,-0.00137594
5.8030e-02,-0.043125,-0.00225969
5.8040e-02,-0.0425,-0.00123625
5.8050e-02,-0.038125,-0.00186125
5.8060e-02,-0.0348437,-0.00168313
5.8070e-02,-0.0495312,-0.00125406
5.8080e-02,-0.0446875,-0.00122094
5.8090e-02,-0.0429688,-0.00127188
5.8100e-02,-0.0440625,-0.00120625
5.8110e-02,-0.0321875,-0.00150438
5.8120e-02,-0.0378125,-0.00153875
5.8130e-02,-0.0496875,-0.00146563
5.8140e-02,-0.0445313,-0.00142188
5.8150e-02,-0.0442188,-0.00163656
5.8160e-02,-0.0498438,-0.00183969
5.8170e-02,-0.0332812,-0.00164406
5.8180e-02,-0.0448438,-0.00157375
5.8190e-02,-0.0425,-0.0019675
5.8200e-02,-0.0446875,-0.00189
5.8210e-02,-0.0465625,-0.00164375
5.8220e-02,-0.0479688,-0.00210219
5.8230e-02,-0.0398437,-0.00171938
5.8240e-02,-0.0420312,-0.00211344
5.8250e-02,-0.05125,-0.0021675
5.8260e-02,-0.0440625,-0.001005
5.8270e-02,-0.0446875,-0.00135938
5.8280e-02,-0.0339062,-0.00117063
5.8290e-02,-0.04875,-0.00152344
5.8300e-02,-0.0432813,-0.00191406
5.8310e-02,-0.0290625,-0.00156844
5.8320e-02,-0.044375,-0.00167906
5.8330e-02,-0.039375,-0.00179094
5.8340e-02,-0.0348437,-0.00149375
5.8350e-02,-0.0315625,-0.00221813
5.8360e-02,-0.0454688,-0.00173906
5.8370e-02,-0.043125,-0.00201563
5.8380e-02,-0.0489062,-0.00208156
5.8390e-02,-0.0371875,-0.0018125
5.8400e-02,-0.0382813,-0.00220781
5.8410e-02,-0.04375,-0.00164406
5.8420e-02,-0.0425,-0.00154969
5.8430e-02,-0.0421875,-0.00222
5.8440e-02,-0.0539063,-0.00182813
5.8450e-02,-0.0292188,-0.0016275
5.8460e-02,-0.0473438,-0.00189688
5.8470e-02,-0.043125,-0.00109563
5.8480e-02,-0.0417187,-0.00196125
5.8490e-02,-0.0471875,-0.00217
5.8500e-02,-0.0385937,-0.00142906
5.8510e-02,-0.0354688,-0.002
5.8520e-02,-0.0501562,-0.00140125
5.8530e-02,-0.049375,-0.00147219
5.8540e-02,-0.0479688,-0.00137844
5.8550e-02,-0.033125,-0.00159969
5.8560e-02,-0.0410937,-0.00169813
5.8570e-02,-0.0410937,-0.00153031
5.8580e-02,-0.0426562,-0.00181625
5.8590e-02,-0.0559375,-0.00163563
5.8600e-02,-0.0520313,-0.00189844
5.8610e-02,-0.0310937,-0.00192469
5.8620e-02,-0.0521875,-0.00177688
5.8630e-02,-0.0360938,-0.00138875
5.8640e-02,-0.0548437,-0.00183938
5.8650e-02,-0.0440625,-0.0016175
5.8660e-02,-0.0384375,-0.00196094
5.8670e-02,-0.0473438,-0.000891563
5.8680e-02,-0.035,-0.00152656
5.8690e-02,-0.0395313,-0.00140625
5.8700e-02,-0.0546875,-0.00157125
5.8710e-02,-0.0423437,-0.00147031
5.8720e-02,-0.0514063,-0.00227188
5.8730e-02,-0.045,-0.00161344
5.8740e-02,-0.0364063,-0.00204594
5.8750e-02,-0.041875,-0.00148156
5.8760e-02,-0.03875,-0.00150094
5.8770e-02,-0.0404687,-0.00144844
5.8780e-02,-0.0346875,-0.00202406
5.8790e-02,-0.0540625,-0.0016825
5.8800e-02,-0.0442188,-0.00197531
5.8810e-02,-0.0432813,-0.00159938
5.8820e-02,-0.0442188,-0.00179813
5.8830e-02,-0.048125,-0.00188156
5.8840e-02,-0.04125,-0.00169531
5.8850e-02,-0.0365625,-0.00139313
5.8860e-02,-0.04625,-0.00173
5.8870e-02,-0.04375,-0.00176281
5.8880e-02,-0.0403125,-0.00160188
5.8890e-02,-0.0365625,-0.00167719
5.8900e-02,-0.0495312,-0.00157188
5.8910e-02,-0.038125,-0.00171875
5.8920e-02,-0.0471875,-0.00142844
5.8930e-02,-0.0460938,-0.00196437
5.8940e-02,-0.0485938,-0.00190906
5.8950e-02,-0.0420312,-0.00208
5.8960e-02,-0.0425,-0.00187438
5.8970e-02,-0.0259375,-0.00213406
5.8980e-02,-0.0426562,-0.001875
5.8990e-02,-0.0460938,-0.0026375
5.9000e-02,-0.0404687,-0.00164219
5.9010e-02,-0.0425,-0.00207719
5.9020e-02,-0.0429688,-0.00176844
5.9030e-02,-0.0410937,-0.00197063
5.9040e-02,-0.0490625,-0.00153531
5.9050e-02,-0.0507812,-0.00168438
5.9060e-02,-0.0425,-0.00179781
5.9070e-02,-0.0409375,-0.00138688
5.9080e-02,-0.0434375,-0.00170719
5.9090e-02,-0.0489062,-0.00185594
5.9100e-02,-0.0520313,-0.00154781
5.9110e-02,-0.043125,-0.00171313
5.9120e-02,-0.0496875,-0.00152719
5.9130e-02,-0.0559375,-0.00166156
5.9140e-02,-0.0423437,-0.00168438
5.9150e-02,-0.0459375,-0.00195844
5.9160e-02,-0.0510938,-0.00167875
5.9170e-02,-0.046875,-0.00208094
5.9180e-02,-0.046875,-0.00131094
5.9190e-02,-0.0439063,-0.00201438
5.9200e-02,-0.053125,-0.00156969
5.9210e-02,-0.0359375,-0.00160938
5.9220e-02,-0.0523437,-0.00156438
5.9230e-02,-0.0423437,-0.00179969
5.9240e-02,-0.0395313,-0.00136469
5.9250e-02,-0.0398437,-0.00196719
5.9260e-02,-0.039375,-0.00101844
5.9270e-02,-0.0517188,-0.00202219
5.9280e-02,-0.0384375,-0.00128813
5.9290e-02,-0.0503125,-0.00194469
5.9300e-02,-0.0354688,-0.00131938
5.9310e-02,-0.04375,-0.00210906
5.9320e-02,-0.0385937,-0.00159688
5.9330e-02,-0.0578125,-0.00138719
5.9340e-02,-0.0389063,-0.00144875
5.9350e-02,-0.056875,-0.00189313
5.9360e-02,-0.0542187,-0.00151375
5.9370e-02,-0.0395313,-0.00187094
5.9380e-02,-0.034375,-0.00197688
5.9390e-02,-0.0445313,-0.00193656
5.9400e-02,-0.0459375,-0.00145406
5.9410e-02,-0.044375,-0.00139
5.9420e-02,-0.0417187,-0.00156719
5.9430e-02,-0.0479688,-0.00163594
5.9440e-02,-0.04625,-0.00139844
5.9450e-02,-0.0396875,-0.00141719
5.9460e-02,-0.0467188,-0.00162125
5.9470e-02,-0.0442188,-0.00185688
5.9480e-02,-0.0517188,-0.00162094
5.9490e-02,-0.0445313,-0.00169688
5.9500e-02,-0.0464062,-0.00166969
5.9510e-02,-0.0320312,-0.00141656
5.9520e-02,-0.03875,-0.00189188
5.9530e-02,-0.0442188,-0.001855
5.9540e-02,-0.04375,-0.001675
5.9550e-02,-0.0465625,-0.00214
5.9560e-02,-0.0403125,-0.00179875
5.9570e-02,-0.0442188,-0.00140969
5.9580e-02,-0.04375,-0.00199813
5.9590e-02,-0.0385937,-0.00211719
5.9600e-02,-0.04375,-0.00214594
5.9610e-02,-0.0375,-0.0017425
5.9620e-02,-0.050625,-0.0017225
5.9630e-02,-0.0359375,-0.00113625
5.9640e-02,-0.0417187,-0.00175344
5.9650e-02,-0.0385937,-0.00168594
5.9660e-02,-0.0603125,-0.0019575
5.9670e-02,-0.0509375,-0.00142313
5.9680e-02,-0.0495312,-0.00211406
5.9690e-02,-0.0448438,-0.00140875
5.9700e-02,-0.0559375,-0.00195406
5.9710e-02,-0.0492188,-0.00151813
5.9720e-02,-0.041875,-0.00153656
5.9730e-02,-0.0529687,-0.00124
5.9740e-02,-0.0478125,-0.00193938
5.9750e-02,-0.0490625,-0.00161688
5.9760e-02,-0.0335937,-0.00201938
5.9770e-02,-0.0509375,-0.00137844
5.9780e-02,-0.04875,-0.00157656
5.9790e-02,-0.0492188,-0.00130594
5.9800e-02,-0.0423437,-0.00191625
5.9810e-02,-0.0417187,-0.0012
5.9820e-02,-0.0348437,-0.00164563
5.9830e-02,-0.0451563,-0.00130156
5.9840e-02,-0.0479688,-0.00181438
5.9850e-02,-0.036875,-0.00162281
5.9860e-02,-0.0534375,-0.00187781
5.9870e-02,-0.0415625,-0.00216094
5.9880e-02,-0.0375,-0.0021075
5.9890e-02,-0.0426562,-0.00161781
5.9900e-02,-0.0448438,-0.00155219
5.9910e-02,-0.0417187,-0.00151344
5.9920e-02,-0.0510938,-0.00103
5.9930e-02,-0.04625,-0.00094875
5.9940e-02,-0.0517188,-0.00126625
5.9950e-02,-0.045,-0.00148938
5.9960e-02,-0.0504687,-0.00123531
5.9970e-02,-0.0492188,-0.00176563
5.9980e-02,-0.0442188,-0.00125469
5.9990e-02,-0.0495312,-0.00225906
6.0000e-02,-0.0429688,-0.00198438
6.0010e-02,-0.0479688,-0.00202094
6.0020e-02,-0.0517188,-0.00162625
6.0030e-02,-0.0342187,-0.00209375
6.0040e-02,-0.0554687,-0.00154125
6.0050e-02,-0.04875,-0.00233438
6.0060e-02,-0.038125,-0.00127781
6.0070e-02,-0.0495312,-0.00223656
6.0080e-02,-0.0395313,-0.00137594
6.0090e-02,-0.0410937,-0.00204438
6.0100e-02,-0.06,-0.00166844
6.0110e-02,-0.0384375,-0.00199531
6.0120e-02,-0.0315625,-0.00187688
6.0130e-02,-0.055625,-0.00173531
6.0140e-02,-0.0426562,-0.00181406
6.0150e-02,-0.041875,-0.00145219
6.0160e-02,-0.0454688,-0.00153281
6.0170e-02,-0.044375,-0.00148438
6.0180e-02,-0.0415625,-0.00202219
6.0190e-02,-0.038125,-0.001055
6.0200e-02,-0.0451563,-0.00160281
6.0210e-02,-0.05,-0.00155094
6.0220e-02,-0.0451563,-0.00187844
6.0230e-02,-0.0446875,-0.00127156
6.0240e-02,-0.0403125,-0.00169969
6.0250e-02,-0.0390625,-0.00202563
6.0260e-02,-0.0404687,-0.00210656
6.0270e-02,-0.0465625,-0.00192938
6.0280e-02,-0.0421875,-0.00168938
6.0290e-02,-0.0489062,-0.00110156
6.0300e-02,-0.0514063,-0.00108781
6.0310e-02,-0.0542187,-0.001635
6.0320e-02,-0.049375,-0.001545
6.0330e-02,-0.0540625,-0.0018025
6.0340e-02,-0.0354688,-0.0014425
6.0350e-02,-0.0410937,-0.00193531
6.0360e-02,-0.0496875,-0.00145781
6.0370e-02,-0.043125,-0.00197594
6.0380e-02,-0.0542187,-0.00176469
6.0390e-02,-0.04625,-0.00143781
6.0400e-02,-0.0475,-0.00145438
6.0410e-02,-0.04625,-0.00187813
6.0420e-02,-0.0495312,-0.00167344
6.0430e-02,-0.0526563,-0.0017425
6.0440e-02,-0.049375,-0.00170219
6.0450e-02,-0.0542187,-0.00180938
6.0460e-02,-0.0432813,-0.00160781
6.0470e-02,-0.0339062,-0.00164938
6.0480e-02,-0.0365625,-0.00167188
6.0490e-02,-0.390938,-0.00190156
6.0500e-02,0.546719,-0.00337813
6.0510e-02,0.620781,-0.00468438
6.0520e-02,0.346562,-0.00512875
6.0530e-02,-0.21625,-0.00514531
6.0540e-02,0.10875,-0.00509813
6.0550e-02,0.081875,-0.00522844
6.0560e-02,0.0917188,-0.00515969
6.0570e-02,0.0728125,-0.00508688
6.0580e-02,0.0807812,-0.00514031
6.0590e-02,0.0525,-0.00513063
6.0600e-02,0.0514063,-0.0052575
6.0610e-02,0.0429688,-0.00514813
6.0620e-02,0.0514063,-0.00520594
6.0630e-02,0.0417187,-0.00516656
6.0640e-02,0.0309375,-0.00495563
6.0650e-02,0.033125,-0.00501875
6.0660e-02,0.0307812,-0.00508719
6.0670e-02,0.0360937,-0.00513344
6.0680e-02,0.033125,-0.00510969
6.0690e-02,0.0207812,-0.00512563
6.0700e-02,0.02,-0.00505406
6.0710e-02,0.0285937,-0.00505188
6.0720e-02,0.024375,-0.005035
6.0730e-02,0.0284375,-0.00510344
6.0740e-02,0.00609375,-0.00488438
6.0750e-02,0.0173438,-0.00337188
6.0760e-02,0.0204687,-0.00188031
6.0770e-02,0.0046875,-0.00196156
6.0780e-02,0.00859375,-0.00198313
6.0790e-02,0.00125,-0.00239
6.0800e-02,0.0065625,-0.00214719
6.0810e-02,0.00140625,-0.00180844
6.0820e-02,0.0103125,-0.00135969
6.0830e-02,0.0151562,-0.00184469
6.0840e-02,0.0115625,-0.00169031
6.0850e-02,0.00234375,-0.00213656
6.0860e-02,0.0142187,-0.00180375
6.0870e-02,0.00109375,-0.00169594
6.0880e-02,0.0096875,-0.00165625
6.0890e-02,-0.00953125,-0.00170344
6.0900e-02,0.0075,-0.00199188
6.0910e-02,0,-0.00165875
6.0920e-02,-0.00140625,-0.00233281
6.0930e-02,-0.0153125,-0.00161031
6.0940e-02,-0.0015625,-0.00190594
6.0950e-02,-0.0025,-0.00173313
6.0960e-02,0.0170313,-0.00139719
6.0970e-02,-0.0034375,-0.00116781
6.0980e-02,0.0046875,-0.00176844
6.0990e-02,-0.0046875,-0.00168375
6.1000e-02,-0.0129688,-0.00170938
6.1010e-02,-0.00125,-0.00182781
6.1020e-02,-0.0046875,-0.00183281
6.1030e-02,-0.00234375,-0.00171969
6.1040e-02,-0.0117188,-0.0019775
6.1050e-02,-0.008125,-0.0016575
6.1060e-02,0.00765625,-0.00196938
6.1070e-02,-0.003125,-0.001835
6.1080e-02,-0.008125,-0.0016875
6.1090e-02,-0.0145312,-0.00204
6.1100e-02,0.0003125,-0.00176344
6.1110e-02,-0.0114062,-0.00210688
6.1120e-02,-0.0129688,-0.00204937
6.1130e-02,-0.01375,-0.00199969
6.1140e-02,-0.0109375,-0.00201719
6.1150e-02,-0.0145312,-0.00191875
6.1160e-02,-0.0209375,-0.00162594
6.1170e-02,-0.0109375,-0.00165188
6.1180e-02,-0.00515625,-0.00176781
6.1190e-02,-0.00640625,-0.00184781
6.1200e-02,-0.0164063,-0.00188219
6.1210e-02,-0.015625,-0.00170813
6.1220e-02,0.00171875,-0.0016625
6.1230e-02,-0.005625,-0.00201875
6.1240e-02,-0.0115625,-0.0016475
6.1250e-02,-0.00421875,-0.00257
6.1260e-02,-0.0170313,-0.00204406
6.1270e-02,-0.00484375,-0.00219375
6.1280e-02,-0.00921875,-0.00210813
6.1290e-02,-0.01125,-0.00191188
6.1300e-02,-0.00859375,-0.0016
6.1310e-02,-0.020625,-0.00211063
6.1320e-02,-0.0107813,-0.00177844
6.1330e-02,-0.0135937,-0.00187094
6.1340e-02,-0.0229687,-0.00181875
6.1350e-02,-0.0046875,-0.00212094
6.1360e-02,-0.0204688,-0.00201281
6.1370e-02,-0.0179687,-0.00241406
6.1380e-02,-0.0148437,-0.00181719
6.1390e-02,-0.014375,-0.00186906
6.1400e-02,-0.0179687,-0.00171281
6.1410e-02,-0.0175,-0.001655
6.1420e-02,-0.0157813,-0.00141906
6.1430e-02,-0.0190625,-0.00174969
6.1440e-02,-0.0142188,-0.00163656
6.1450e-02,-0.01625,-0.001595
6.1460e-02,-0.0132813,-0.00194844
6.1470e-02,-0.0228125,-0.00171719
6.1480e-02,-0.014375,-0.00231469
6.1490e-02,-0.0128125,-0.0017875
6.1500e-02,-0.01625,-0.00269875
6.1510e-02,-0.00671875,-0.00171813
6.1520e-02,-0.00890625,-0.00198813
6.1530e-02,-0.0134375,-0.00191969
6.1540e-02,-0.0120313,-0.00154313
6.1550e-02,-0.02,-0.00117156
6.1560e-02,0.00375,-0.00179594
6.1570e-02,-0.0228125,-0.0016975
6.1580e-02,-0.0129688,-0.00241906
6.1590e-02,-0.0182812,-0.00194719
6.1600e-02,-0.0084375,-0.00205688
6.1610e-02,-0.020625,-0.00125219
6.1620e-02,-0.0189062,-0.00196281
6.1630e-02,-0.001875,-0.00174313
6.1640e-02,-0.0171875,-0.00162563
6.1650e-02,-0.0128125,-0.00163156
6.1660e-02,-0.0217188,-0.00147656
6.1670e-02,-0.01875,-0.00178906
6.1680e-02,-0.0201563,-0.0012775
6.1690e-02,-0.036875,-0.00156
6.1700e-02,-0.02875,-0.00166719
6.1710e-02,-0.0198438,-0.00227438
6.1720e-02,-0.0198438,-0.00166031
6.1730e-02,-0.023125,-0.002785
6.1740e-02,-0.009375,-0.00136875
6.1750e-02,-0.0225,-0.00171156
6.1760e-02,-0.0125,-0.0017625
6.1770e-02,-0.0154687,-0.00225781
6.1780e-02,-0.0148437,-0.00143375
6.1790e-02,-0.0190625,-0.00186531
6.1800e-02,-0.0323438,-0.00171969
6.1810e-02,-0.0259375,-0.00212188
6.1820e-02,-0.0110937,-0.00185656
6.1830e-02,-0.020625,-0.0020525
6.1840e-02,-0.0184375,-0.00153438
6.1850e-02,-0.0273438,-0.001445
6.1860e-02,-0.0167188,-0.0019175
6.1870e-02,-0.0321875,-0.00138719
6.1880e-02,-0.0265625,-0.00163781
6.1890e-02,-0.023125,-0.00115188
6.1900e-02,-0.0198438,-0.002
6.1910e-02,-0.0175,-0.00156281
6.1920e-02,-0.0248438,-0.00164188
6.1930e-02,-0.0220313,-0.0013775
6.1940e-02,-0.0129688,-0.00157625
6.1950e-02,-0.0170313,-0.00197594
6.1960e-02,-0.0254688,-0.0012475
6.1970e-02,-0.0282813,-0.00144219
6.1980e-02,-0.019375,-0.00138813
6.1990e-02,-0.0276563,-0.002065
6.2000e-02,-0.0240625,-0.002105
6.2010e-02,-0.0265625,-0.00183031
6.2020e-02,-0.033125,-0.001515
6.2030e-02,-0.0292188,-0.00196469
6.2040e-02,-0.0242188,-0.00213719
6.2050e-02,-0.03,-0.001335
6.2060e-02,-0.0253125,-0.00188813
6.2070e-02,-0.0260937,-0.00175375
6.2080e-02,-0.0440625,-0.0020175
6.2090e-02,-0.0132813,-0.00204031
6.2100e-02,-0.0217188,-0.00155156
6.2110e-02,-0.02625,-0.00229156
6.2120e-02,-0.0228125,-0.00181125
6.2130e-02,-0.02625,-0.00182063
6.2140e-02,-0.0259375,-0.00127688
6.2150e-02,-0.024375,-0.00178906
6.2160e-02,-0.0354688,-0.00154563
6.2170e-02,-0.0207813,-0.00117656
6.2180e-02,-0.0289063,-0.00157969
6.2190e-02,-0.0225,-0.00158563
6.2200e-02,-0.0276563,-0.00184781
6.2210e-02,-0.008125,-0.00138406
6.2220e-02,-0.0259375,-0.00161344
6.2230e-02,-0.0234375,-0.0017225
6.2240e-02,-0.0340625,-0.00157563
6.2250e-02,-0.0254688,-0.0012825
6.2260e-02,-0.0348437,-0.00126844
6.2270e-02,-0.0304688,-0.00109406
6.2280e-02,-0.0345312,-0.0011375
6.2290e-02,-0.0240625,-0.00117313
6.2300e-02,-0.0192187,-0.00148375
6.2310e-02,-0.0389063,-0.0014625
6.2320e-02,-0.031875,-0.00167875
6.2330e-02,-0.0275,-0.00186938
6.2340e-02,-0.021875,-0.00225781
6.2350e-02,-0.0296875,-0.00188281
6.2360e-02,-0.030625,-0.00194313
6.2370e-02,-0.028125,-0.00168281
6.2380e-02,-0.0307813,-0.00172281
6.2390e-02,-0.0265625,-0.001465
6.2400e-02,-0.021875,-0.00150344
6.2410e-02,-0.02875,-0.00145125
6.2420e-02,-0.0245313,-0.00130781
6.2430e-02,-0.031875,-0.00155125
6.2440e-02,-0.039375,-0.00191281
6.2450e-02,-0.033125,-0.00193625
6.2460e-02,-0.024375,-0.00170781
6.2470e-02,-0.0339062,-0.00214406
6.2480e-02,-0.0228125,-0.00202688
6.2490e-02,-0.011875,-0.00177156
6.2500e-02,-0.0292188,-0.00145375
6.2510e-02,-0.028125,-0.00154094
6.2520e-02,-0.0342187,-0.00129
6.2530e-02,-0.0178125,-0.0018025
6.2540e-02,-0.0271875,-0.00103313
6.2550e-02,-0.0275,-0.00157094
6.2560e-02,-0.0307813,-0.00164406
6.2570e-02,-0.0339062,-0.00187781
6.2580e-02,-0.0346875,-0.00155844
6.2590e-02,-0.0190625,-0.00166219
6.2600e-02,-0.0257812,-0.00175813
6.2610e-02,-0.0251563,-0.00160469
6.2620e-02,-0.0334375,-0.00173438
6.2630e-02,-0.0232812,-0.00130031
6.2640e-02,-0.0370313,-0.00123156
6.2650e-02,-0.0334375,-0.00148
6.2660e-02,-0.0334375,-0.00152125
6.2670e-02,-0.0301563,-0.00208031
6.2680e-02,-0.0373438,-0.00191938
6.2690e-02,-0.0309375,-0.00176906
6.2700e-02,-0.0395313,-0.00188094
6.2710e-02,-0.0332812,-0.00186438
6.2720e-02,-0.0371875,-0.00168938
6.2730e-02,-0.0267187,-0.00156656
6.2740e-02,-0.0335937,-0.00172594
6.2750e-02,-0.0298438,-0.00100344
6.2760e-02,-0.0214063,-0.00129063
6.2770e-02,-0.03875,-0.00111375
6.2780e-02,-0.0260937,-0.00178375
6.2790e-02,-0.03375,-0.00155875
6.2800e-02,-0.0334375,-0.00167813
6.2810e-02,-0.028125,-0.00176375
6.2820e-02,-0.0282813,-0.00198125
6.2830e-02,-0.0345312,-0.00144156
6.2840e-02,-0.0398437,-0.00182094
6.2850e-02,-0.0340625,-0.00116
6.2860e-02,-0.0240625,-0.00229875
6.2870e-02,-0.0304688,-0.00152906
6.2880e-02,-0.0209375,-0.0016925
6.2890e-02,-0.0282813,-0.00122313
6.2900e-02,-0.0289063,-0.00123219
6.2910e-02,-0.0259375,-0.00117125
6.2920e-02,-0.0304688,-0.00156406
6.2930e-02,-0.0317188,-0.00171906
6.2940e-02,-0.0360938,-0.00151875
6.2950e-02,-0.0275,-0.00149875
6.2960e-02,-0.0376563,-0.00168125
6.2970e-02,-0.0292188,-0.00177656
6.2980e-02,-0.0370313,-0.00173219
6.2990e-02,-0.0271875,-0.00190344
6.3000e-02,-0.0273438,-0.0016425
6.3010e-02,-0.0279688,-0.00171406
6.3020e-02,-0.0365625,-0.00152063
6.3030e-02,-0.0367188,-0.00161
6.3040e-02,-0.0215625,-0.00161531
6.3050e-02,-0.0353125,-0.00197469
6.3060e-02,-0.0201563,-0.00147375
6.3070e-02,-0.035,-0.00195531
6.3080e-02,-0.0382813,-0.00172313
6.3090e-02,-0.0367188,-0.00223656
6.3100e-02,-0.0260937,-0.00191781
6.3110e-02,-0.0246875,-0.00220844
6.3120e-02,-0.0323438,-0.00172875
6.3130e-02,-0.03625,-0.00185969
6.3140e-02,-0.0304688,-0.00121219
6.3150e-02,-0.0401563,-0.00215469
6.3160e-02,-0.03625,-0.00185031
6.3170e-02,-0.0351562,-0.00155219
6.3180e-02,-0.0340625,-0.00140906
6.3190e-02,-0.0225,-0.002105
6.3200e-02,-0.0370313,-0.00165063
6.3210e-02,-0.0290625,-0.00158
6.3220e-02,-0.0304688,-0.00176906
6.3230e-02,-0.0309375,-0.00190156
6.3240e-02,-0.0329688,-0.00118844
6.3250e-02,-0.0332812,-0.00204656
6.3260e-02,-0.0345312,-0.001845
6.3270e-02,-0.025625,-0.00180625
6.3280e-02,-0.0403125,-0.00172219
6.3290e-02,-0.0376563,-0.00122781
6.3300e-02,-0.0270312,-0.00138844
6.3310e-02,-0.0384375,-0.00197969
6.3320e-02,-0.0442188,-0.00159281
6.3330e-02,-0.03625,-0.00161594
6.3340e-02,-0.03375,-0.00144406
6.3350e-02,-0.0245313,-0.001535
6.3360e-02,-0.0270312,-0.00171031
6.3370e-02,-0.038125,-0.00196188
6.3380e-02,-0.0370313,-0.00165688
6.3390e-02,-0.029375,-0.00160594
6.3400e-02,-0.0390625,-0.0015
6.3410e-02,-0.033125,-0.00195781
6.3420e-02,-0.0284375,-0.00155781
6.3430e-02,-0.0289063,-0.00218094
6.3440e-02,-0.030625,-0.00225281
6.3450e-02,-0.0403125,-0.00192938
6.3460e-02,-0.0290625,-0.00145469
6.3470e-02,-0.0414063,-0.00155688
6.3480e-02,-0.0223437,-0.00138
6.3490e-02,-0.0275,-0.00212031
6.3500e-02,-0.0295313,-0.00177594
6.3510e-02,-0.0303125,-0.00172406
6.3520e-02,-0.03125,-0.00138906
6.3530e-02,-0.0301563,-0.00169688
6.3540e-02,-0.0276563,-0.00168625
6.3550e-02,-0.0434375,-0.00145063
6.3560e-02,-0.0410937,-0.00143906
6.3570e-02,-0.0301563,-0.0014925
6.3580e-02,-0.0260937,-0.00156438
6.3590e-02,-0.0329688,-0.00215125
6.3600e-02,-0.0173438,-0.0017675
6.3610e-02,-0.030625,-0.00176
6.3620e-02,-0.0259375,-0.00157594
6.3630e-02,-0.0392187,-0.00181938
6.3640e-02,-0.0315625,-0.00185469
6.3650e-02,-0.0390625,-0.00154594
6.3660e-02,-0.0445313,-0.00186906
6.3670e-02,-0.0310937,-0.00147969
6.3680e-02,-0.0390625,-0.00127563
6.3690e-02,-0.0384375,-0.00123875
6.3700e-02,-0.0421875,-0.00126906
6.3710e-02,-0.0409375,-0.00126063
6.3720e-02,-0.0203125,-0.00159844
6.3730e-02,-0.0310937,-0.00148375
6.3740e-02,-0.02875,-0.001405
6.3750e-02,-0.0439063,-0.00160625
6.3760e-02,-0.0440625,-0.00157656
6.3770e-02,-0.0251563,-0.00095875
6.3780e-02,-0.0353125,-0.00179688
6.3790e-02,-0.02375,-0.00212875
6.3800e-02,-0.0348437,-0.00212906
6.3810e-02,-0.0332812,-0.00170938
6.3820e-02,-0.0365625,-0.00147406
6.3830e-02,-0.030625,-0.00186719
6.3840e-02,-0.0284375,-0.00149469
6.3850e-02,-0.0321875,-0.00162844
6.3860e-02,-0.0392187,-0.001435
6.3870e-02,-0.0453125,-0.00198562
6.3880e-02,-0.0296875,-0.00186
6.3890e-02,-0.0332812,-0.00203313
6.3900e-02,-0.0340625,-0.00148938
6.3910e-02,-0.0420312,-0.00158719
6.3920e-02,-0.039375,-0.00157313
6.3930e-02,-0.0367188,-0.00227219
6.3940e-02,-0.03625,-0.00150438
6.3950e-02,-0.0373438,-0.001945
6.3960e-02,-0.0407813,-0.00144719
6.3970e-02,-0.0370313,-0.00144906
6.3980e-02,-0.04375,-0.00112781
6.3990e-02,-0.035,-0.00203031
6.4000e-02,-0.0415625,-0.00209219
6.4010e-02,-0.0392187,-0.00179031
6.4020e-02,-0.0429688,-0.00139188
6.4030e-02,-0.0309375,-0.0017625
6.4040e-02,-0.0353125,-0.00120719
6.4050e-02,-0.0265625,-0.00174156
6.4060e-02,-0.0551563,-0.001265
6.4070e-02,-0.0414063,-0.00149063
6.4080e-02,-0.0485938,-0.00122313
6.4090e-02,-0.0382813,-0.00201844
6.4100e-02,-0.035625,-0.00154
6.4110e-02,-0.0459375,-0.00181969
6.4120e-02,-0.0278125,-0.00178406
6.4130e-02,-0.031875,-0.00215594
6.4140e-02,-0.0354688,-0.00180125
6.4150e-02,-0.0448438,-0.0014025
6.4160e-02,-0.0442188,-0.00122906
6.4170e-02,-0.0359375,-0.00176406
6.4180e-02,-0.0345312,-0.00123375
6.4190e-02,-0.0296875,-0.00162813
6.4200e-02,-0.0320312,-0.00201938
6.4210e-02,-0.035625,-0.00194438
6.4220e-02,-0.0504687,-0.00186625
6.4230e-02,-0.0351562,-0.00230375
6.4240e-02,-0.0426562,-0.00188313
6.4250e-02,-0.0251563,-0.00161219
6.4260e-02,-0.0265625,-0.00154531
6.4270e-02,-0.0389063,-0.00180313
6.4280e-02,-0.0276563,-0.00196875
6.4290e-02,-0.035,-0.001795
6.4300e-02,-0.0353125,-0.00185031
6.4310e-02,-0.0359375,-0.00100844
6.4320e-02,-0.0373438,-0.00201313
6.4330e-02,-0.033125,-0.00156469
6.4340e-02,-0.030625,-0.00168438
6.4350e-02,-0.05,-0.00200781
6.4360e-02,-0.0310937,-0.00214344
6.4370e-02,-0.0360938,-0.00193781
6.4380e-02,-0.0514063,-0.00170063
6.4390e-02,-0.0323438,-0.00181313
6.4400e-02,-0.0359375,-0.00217031
6.4410e-02,-0.0473438,-0.00104563
6.4420e-02,-0.0501562,-0.00175063
6.4430e-02,-0.0329688,-0.00153281
6.4440e-02,-0.0360938,-0.00202281
6.4450e-02,-0.0310937,-0.00202063
6.4460e-02,-0.0495312,-0.00192156
6.4470e-02,-0.041875,-0.00174031
6.4480e-02,-0.04625,-0.00169406
6.4490e-02,-0.0359375,-0.001635
6.4500e-02,-0.0292188,-0.00205438
6.4510e-02,-0.0382813,-0.00167719
6.4520e-02,-0.0401563,-0.00214938
6.4530e-02,-0.0303125,-0.00185313
6.4540e-02,-0.036875,-0.00208375
6.4550e-02,-0.0376563,-0.00108875
6.4560e-02,-0.0371875,-0.00200156
6.4570e-02,-0.0426562,-0.00124969
6.4580e-02,-0.046875,-0.00182344
6.4590e-02,-0.0310937,-0.00227844
6.4600e-02,-0.0429688,-0.00253125
6.4610e-02,-0.0421875,-0.00167313
6.4620e-02,-0.0421875,-0.002155
6.4630e-02,-0.0359375,-0.00148469
6.4640e-02,-0.0451563,-0.00204594
6.4650e-02,-0.0298438,-0.00147844
6.4660e-02,-0.0471875,-0.00226875
6.4670e-02,-0.0345312,-0.00169063
6.4680e-02,-0.041875,-0.00184
6.4690e-02,-0.0448438,-0.00155656
6.4700e-02,-0.0454688,-0.00125563
6.4710e-02,-0.0414063,-0.00144156
6.4720e-02,-0.0370313,-0.00164125
6.4730e-02,-0.0376563,-0.00178625
6.4740e-02,-0.0357813,-0.00181688
6.4750e-02,-0.0329688,-0.00179469
6.4760e-02,-0.0395313,-0.00147219
6.4770e-02,-0.0579687,-0.00199344
6.4780e-02,-0.041875,-0.001765
6.4790e-02,-0.0478125,-0.00147531
6.4800e-02,-0.0465625,-0.00181844
6.4810e-02,-0.0329688,-0.00169844
6.4820e-02,-0.03375,-0.00124531
6.4830e-02,-0.0354688,-0.00210688
6.4840e-02,-0.039375,-0.00146063
6.4850e-02,-0.0492188,-0.00130531
6.4860e-02,-0.0460938,-0.00133313
6.4870e-02,-0.044375,-0.0017675
6.4880e-02,-0.0342187,-0.0014025
6.4890e-02,-0.0509375,-0.00174625
6.4900e-02,-0.0395313,-0.00143719
6.4910e-02,-0.0440625,-0.00237031
6.4920e-02,-0.0392187,-0.0018125
6.4930e-02,-0.0440625,-0.00206
6.4940e-02,-0.039375,-0.00175844
6.4950e-02,-0.041875,-0.00139906
6.4960e-02,-0.0459375,-0.00143031
6.4970e-02,-0.0420312,-0.00159281
6.4980e-02,-0.0365625,-0.00124188
6.4990e-02,-0.0354688,-0.0015675
6.5000e-02,-0.0460938,-0.00155125
6.5010e-02,-0.0353125,-0.00150594
6.5020e-02,-0.0435938,-0.00134969
6.5030e-02,-0.0445313,-0.00138375
6.5040e-02,-0.0298438,-0.0021275
6.5050e-02,-0.0475,-0.00226469
6.5060e-02,-0.0521875,-0.00194781
6.5070e-02,-0.0340625,-0.00210719
6.5080e-02,-0.0448438,-0.00189438
6.5090e-02,-0.0471875,-0.00193
6.5100e-02,-0.046875,-0.00145594
6.5110e-02,-0.048125,-0.00194563
6.5120e-02,-0.043125,-0.00174906
6.5130e-02,-0.0420312,-0.00177594
6.5140e-02,-0.0309375,-0.00180594
6.5150e-02,-0.0509375,-0.00190313
6.5160e-02,-0.0396875,-0.000875
6.5170e-02,-0.043125,-0.00135125
6.5180e-02,-0.0451563,-0.00212
6.5190e-02,-0.05,-0.002275
6.5200e-02,-0.0471875,-0.00194375
6.5210e-02,-0.0521875,-0.00174813
6.5220e-02,-0.0440625,-0.00146438
6.5230e-02,-0.0398437,-0.001875
6.5240e-02,-0.0379688,-0.001745
6.5250e-02,-0.0540625,-0.00170938
6.5260e-02,-0.0290625,-0.00168688
6.5270e-02,-0.041875,-0.00171188
6.5280e-02,-0.03625,-0.00180656
6.5290e-02,-0.036875,-0.00158813
6.5300e-02,-0.0323438,-0.00172781
6.5310e-02,-0.0315625,-0.00142125
6.5320e-02,-0.0407813,-0.00166531
6.5330e-02,-0.0370313,-0.001725
6.5340e-02,-0.03625,-0.00189969
6.5350e-02,-0.0285938,-0.00198875
6.5360e-02,-0.049375,-0.00151094
6.5370e-02,-0.0454688,-0.00184188
6.5380e-02,-0.0373438,-0.00152094
6.5390e-02,-0.0378125,-0.00157063
6.5400e-02,-0.0445313,-0.0015975
6.5410e-02,-0.0351562,-0.00132063
6.5420e-02,-0.0334375,-0.00122875
6.5430e-02,-0.0315625,-0.00121156
6.5440e-02,-0.0375,-0.00156844
6.5450e-02,-0.05,-0.00171094
6.5460e-02,-0.0478125,-0.00153594
6.5470e-02,-0.04375,-0.00229406
6.5480e-02,-0.0376563,-0.00125438
6.5490e-02,-0.0540625,-0.00168844
6.5500e-02,-0.040625,-0.0020125
6.5510e-02,-0.0390625,-0.00181406
6.5520e-02,-0.0542187,-0.00167406
6.5530e-02,-0.0409375,-0.00168594
6.5540e-02,-0.0278125,-0.00120594
6.5550e-02,-0.0435938,-0.00169313
6.5560e-02,-0.0375,-0.00122688
6.5570e-02,-0.04125,-0.00169156
6.5580e-02,-0.04875,-0.00168125
6.5590e-02,-0.0301563,-0.00176375
6.5600e-02,-0.0354688,-0.00134563
6.5610e-02,-0.03875,-0.00221313
6.5620e-02,-0.0339062,-0.00179906
6.5630e-02,-0.044375,-0.00213094
6.5640e-02,-0.0421875,-0.00153969
6.5650e-02,-0.0414063,-0.00206844
6.5660e-02,-0.0540625,-0.00128281
6.5670e-02,-0.0498438,-0.00156906
6.5680e-02,-0.0492188,-0.00117375
6.5690e-02,-0.0375,-0.00153813
6.5700e-02,-0.0417187,-0.00198969
6.5710e-02,-0.0435938,-0.00219094
6.5720e-02,-0.0415625,-0.00186688
6.5730e-02,-0.0471875,-0.00245156
6.5740e-02,-0.0379688,-0.00204844
6.5750e-02,-0.0428125,-0.00235
6.5760e-02,-0.0364063,-0.00208406
6.5770e-02,-0.0342187,-0.00143844
6.5780e-02,-0.046875,-0.00143344
6.5790e-02,-0.0473438,-0.00085125
6.5800e-02,-0.0321875,-0.00149594
6.5810e-02,-0.0464062,-0.00131969
6.5820e-02,-0.0451563,-0.00191438
6.5830e-02,-0.0348437,-0.001755
6.5840e-02,-0.0390625,-0.00183469
6.5850e-02,-0.0409375,-0.00154031
6.5860e-02,-0.0476562,-0.00226844
6.5870e-02,-0.0340625,-0.00142188
6.5880e-02,-0.0329688,-0.00271531
6.5890e-02,-0.0501562,-0.00101156
6.5900e-02,-0.0442188,-0.002465
6.5910e-02,-0.0440625,-0.00147969
6.5920e-02,-0.0470312,-0.00211594
6.5930e-02,-0.0415625,-0.00205031
6.5940e-02,-0.0267187,-0.00210688
6.5950e-02,-0.0359375,-0.00118687
6.5960e-02,-0.0379688,-0.00238656
6.5970e-02,-0.0435938,-0.00135906
6.5980e-02,-0.0453125,-0.0020375
6.5990e-02,-0.0490625,-0.00137344
6.6000e-02,-0.04125,-0.00198531
6.6010e-02,-0.0504687,-0.001485
6.6020e-02,-0.0514063,-0.0016475
6.6030e-02,-0.043125,-0.00128
6.6040e-02,-0.044375,-0.00126688
6.6050e-02,-0.0473438,-0.00179563
6.6060e-02,-0.0420312,-0.00153313
6.6070e-02,-0.041875,-0.00181313
6.6080e-02,-0.041875,-0.0017225
6.6090e-02,-0.045,-0.00117969
6.6100e-02,-0.0389063,-0.00152719
6.6110e-02,-0.04125,-0.00176188
6.6120e-02,-0.0535937,-0.00152688
6.6130e-02,-0.0398437,-0.00166
6.6140e-02,-0.0442188,-0.00173281
6.6150e-02,-0.0471875,-0.00173063
6.6160e-02,-0.0503125,-0.00114469
6.6170e-02,-0.0439063,-0.0020175
6.6180e-02,-0.045,-0.00167313
6.6190e-02,-0.0407813,-0.001765
6.6200e-02,-0.0473438,-0.00143969
6.6210e-02,-0.0521875,-0.00189969
6.6220e-02,-0.0295313,-0.00162344
6.6230e-02,-0.0576563,-0.00177219
6.6240e-02,-0.0371875,-0.00156344
6.6250e-02,-0.0482812,-0.00183469
6.6260e-02,-0.0379688,-0.0016725
6.6270e-02,-0.0459375,-0.00167281
6.6280e-02,-0.0442188,-0.00172188
6.6290e-02,-0.0417187,-0.00141625
6.6300e-02,-0.0414063,-0.00136406
6.6310e-02,-0.04625,-0.00162281
6.6320e-02,-0.0410937,-0.00157813
6.6330e-02,-0.045625,-0.00155375
6.6340e-02,-0.05,-0.00154531
6.6350e-02,-0.045,-0.00224188
6.6360e-02,-0.0389063,-0.00120563
6.6370e-02,-0.0359375,-0.0017525
6.6380e-02,-0.0460938,-0.00156219
6.6390e-02,-0.0342187,-0.00178219
6.6400e-02,-0.0389063,-0.00140594
6.6410e-02,-0.0539063,-0.00157875
6.6420e-02,-0.0398437,-0.00149563
6.6430e-02,-0.0373438,-0.00133781
6.6440e-02,-0.0323438,-0.00139438
6.6450e-02,-0.0378125,-0.0022325
6.6460e-02,-0.0471875,-0.00155281
6.6470e-02,-0.0435938,-0.00235438
6.6480e-02,-0.0423437,-0.00169313
6.6490e-02,-0.0539063,-0.00130719
6.6500e-02,-0.0445313,-0.00186906
6.6510e-02,-0.0379688,-0.0016225
6.6520e-02,-0.0507812,-0.00121375
6.6530e-02,-0.0476562,-0.0014775
6.6540e-02,-0.0510938,-0.0009775
6.6550e-02,-0.0415625,-0.00161656
6.6560e-02,-0.0603125,-0.00153406
6.6570e-02,-0.0353125,-0.00125031
6.6580e-02,-0.0371875,-0.00200656
6.6590e-02,-0.0476562,-0.00141813
6.6600e-02,-0.0476562,-0.00182438
6.6610e-02,-0.03875,-0.00172906
6.6620e-02,-0.04,-0.00166938
6.6630e-02,-0.0364063,-0.0022
6.6640e-02,-0.0426562,-0.00193938
6.6650e-02,-0.05625,-0.00180625
6.6660e-02,-0.0446875,-0.001945
6.6670e-02,-0.0425,-0.00146719
6.6680e-02,-0.0464062,-0.00235438
6.6690e-02,-0.0398437,-0.00150875
6.6700e-02,-0.0501562,-0.00215875
6.6710e-02,-0.0470312,-0.00147969
6.6720e-02,-0.0340625,-0.00161563
6.6730e-02,-0.0354688,-0.0013525
6.6740e-02,-0.0425,-0.0019475
6.6750e-02,-0.05125,-0.00129156
6.6760e-02,-0.0392187,-0.00195156
6.6770e-02,-0.0271875,-0.001155
6.6780e-02,-0.0421875,-0.00154156
6.6790e-02,-0.0489062,-0.00154719
6.6800e-02,-0.0414063,-0.00184469
6.6810e-02,-0.0470312,-0.0017375
6.6820e-02,-0.0465625,-0.00173219
6.6830e-02,-0.054375,-0.00202094
6.6840e-02,-0.0417187,-0.00193938
6.6850e-02,-0.0414063,-0.0014675
6.6860e-02,-0.03875,-0.00151
6.6870e-02,-0.03625,-0.00139375
6.6880e-02,-0.0454688,-0.00154906
6.6890e-02,-0.0479688,-0.00130813
6.6900e-02,-0.0545313,-0.00140656
6.6910e-02,-0.0548437,-0.00194219
6.6920e-02,-0.0460938,-0.00125844
6.6930e-02,-0.0335937,-0.00158188
6.6940e-02,-0.0396875,-0.00090625
6.6950e-02,-0.04,-0.00165125
6.6960e-02,-0.0420312,-0.00141688
6.6970e-02,-0.0467188,-0.00141938
6.6980e-02,-0.04,-0.0016975
6.6990e-02,-0.0379688,-0.00140281
6.7000e-02,-0.0473438,-0.00155594
6.7010e-02,-0.0359375,-0.00200063
6.7020e-02,-0.0509375,-0.00150969
6.7030e-02,-0.048125,-0.00213
6.7040e-02,-0.0560937,-0.00141906
6.7050e-02,-0.0509375,-0.00190469
6.7060e-02,-0.0395313,-0.00154125
6.7070e-02,-0.0439063,-0.00187188
6.7080e-02,-0.0414063,-0.00205125
6.7090e-02,-0.0471875,-0.00271
6.7100e-02,-0.0342187,-0.00156156
6.7110e-02,-0.0459375,-0.00177281
6.7120e-02,-0.0451563,-0.00168875
6.7130e-02,-0.040625,-0.00201875
6.7140e-02,-0.0521875,-0.0016275
6.7150e-02,-0.0484375,-0.00172969
6.7160e-02,-0.0396875,-0.00132344
6.7170e-02,-0.0598438,-0.00152406
6.7180e-02,-0.0484375,-0.00104
6.7190e-02,-0.0467188,-0.00208125
6.7200e-02,-0.0445313,-0.00156313
6.7210e-02,-0.0314062,-0.00182781
6.7220e-02,-0.0478125,-0.00150469
6.7230e-02,-0.0429688,-0.000980938
6.7240e-02,-0.0517188,-0.00131344
6.7250e-02,-0.0360938,-0.00153281
6.7260e-02,-0.051875,-0.000964688
6.7270e-02,-0.0521875,-0.00119781
6.7280e-02,-0.0426562,-0.00131281
6.7290e-02,-0.0496875,-0.00188125
6.7300e-02,-0.0490625,-0.00180688
6.7310e-02,-0.0353125,-0.00172906
6.7320e-02,-0.0471875,-0.0014825
6.7330e-02,-0.0476562,-0.00140281
6.7340e-02,-0.0432813,-0.00179594
6.7350e-02,-0.0525,-0.00190875
6.7360e-02,-0.0470312,-0.00192906
6.7370e-02,-0.0376563,-0.00199375
6.7380e-02,-0.0467188,-0.00153594
6.7390e-02,-0.0521875,-0.00145438
6.7400e-02,-0.0475,-0.00159188
6.7410e-02,-0.0440625,-0.00120281
6.7420e-02,-0.0351562,-0.00138375
6.7430e-02,-0.0542187,-0.00185344
6.7440e-02,-0.0415625,-0.00158781
6.7450e-02,-0.0389063,-0.00174406
6.7460e-02,-0.0428125,-0.0018925
6.7470e-02,-0.0482812,-0.0016625
6.7480e-02,-0.0348437,-0.00287906
6.7490e-02,-0.0515625,-0.00186938
6.7500e-02,-0.0503125,-0.0019475
6.7510e-02,-0.0517188,-0.00151438
6.7520e-02,-0.0510938,-0.00136031
6.7530e-02,-0.0460938,-0.00168938
6.7540e-02,-0.039375,-0.00214688
6.7550e-02,-0.045625,-0.00106219
6.7560e-02,-0.0440625,-0.00142281
6.7570e-02,-0.0490625,-0.001445
6.7580e-02,-0.04625,-0.00162125
6.7590e-02,-0.0453125,-0.00167375
6.7600e-02,-0.045,-0.00199813
6.7610e-02,-0.0584375,-0.00179094
6.7620e-02,-0.0315625,-0.00162688
6.7630e-02,-0.0465625,-0.00164313
6.7640e-02,-0.0384375,-0.00190156
6.7650e-02,-0.0482812,-0.0015875
6.7660e-02,-0.0459375,-0.00132688
6.7670e-02,-0.0509375,-0.00195625
6.7680e-02,-0.0534375,-0.00201219
6.7690e-02,-0.039375,-0.00170781
6.7700e-02,-0.0454688,-0.00179813
6.7710e-02,-0.0426562,-0.00194938
6.7720e-02,-0.0426562,-0.00192438
6.7730e-02,-0.049375,-0.00156125
6.7740e-02,-0.0453125,-0.00119594
6.7750e-02,-0.0417187,-0.00164031
6.7760e-02,-0.0465625,-0.00132
6.7770e-02,-0.0485938,-0.000961875
6.7780e-02,-0.0459375,-0.00135063
6.7790e-02,-0.0526563,-0.00135594
6.7800e-02,-0.0510938,-0.00146344
6.7810e-02,-0.036875,-0.00141313
6.7820e-02,-0.0495312,-0.0019075
6.7830e-02,-0.0382813,-0.00177875
6.7840e-02,-0.0425,-0.00178406
6.7850e-02,-0.0432813,-0.00193063
6.7860e-02,-0.0517188,-0.00143125
6.7870e-02,-0.0395313,-0.00208281
6.7880e-02,-0.0478125,-0.00129156
6.7890e-02,-0.0392187,-0.00172844
6.7900e-02,-0.0540625,-0.00193688
6.7910e-02,-0.0365625,-0.00162813
6.7920e-02,-0.0379688,-0.00155344
6.7930e-02,-0.0329688,-0.00226875
6.7940e-02,-0.0490625,-0.00159375
6.7950e-02,-0.0426562,-0.00175594
6.7960e-02,-0.0414063,-0.00154
6.7970e-02,-0.0445313,-0.00185
6.7980e-02,-0.0564063,-0.0011925
6.7990e-02,-0.0579687,-0.00175125
6.8000e-02,-0.0585938,-0.00171094
6.8010e-02,-0.055,-0.00192219
6.8020e-02,-0.0404687,-0.00176219
6.8030e-02,-0.0395313,-0.00139813
6.8040e-02,-0.0432813,-0.00153219
6.8050e-02,-0.0521875,-0.0019375
6.8060e-02,-0.0467188,-0.00161344
6.8070e-02,-0.0440625,-0.00177406
6.8080e-02,-0.0454688,-0.00187563
6.8090e-02,-0.045,-0.00265313
6.8100e-02,-0.033125,-0.00164406
6.8110e-02,-0.0492188,-0.00231063
6.8120e-02,-0.0432813,-0.00186875
6.8130e-02,-0.0448438,-0.00170969
6.8140e-02,-0.0476562,-0.00148938
6.8150e-02,-0.0403125,-0.00166906
6.8160e-02,-0.0464062,-0.00146031
6.8170e-02,-0.0521875,-0.00163563
6.8180e-02,-0.040625,-0.00183813
6.8190e-02,-0.046875,-0.00180125
6.8200e-02,-0.0620312,-0.00190438
6.8210e-02,-0.0371875,-0.00168
6.8220e-02,-0.0490625,-0.00283813
6.8230e-02,-0.043125,-0.00142156
6.8240e-02,-0.055625,-0.00191188
6.8250e-02,-0.0357813,-0.00140281
6.8260e-02,-0.046875,-0.001745
6.8270e-02,-0.0546875,-0.00123563
6.8280e-02,-0.0382813,-0.00205906
6.8290e-02,-0.035625,-0.00139594
6.8300e-02,-0.0478125,-0.00187406
6.8310e-02,-0.0425,-0.00128
6.8320e-02,-0.0535937,-0.00223438
6.8330e-02,-0.045625,-0.00153594
6.8340e-02,-0.0457813,-0.00149063
6.8350e-02,-0.0479688,-0.00143563
6.8360e-02,-0.04875,-0.00166156
6.8370e-02,-0.0523437,-0.00172969
6.8380e-02,-0.0314062,-0.00135375
6.8390e-02,-0.03625,-0.00189875
6.8400e-02,-0.0482812,-0.00156469
6.8410e-02,-0.0520313,-0.00164469
6.8420e-02,-0.05,-0.00171656
6.8430e-02,-0.0396875,-0.00156219
6.8440e-02,-0.0439063,-0.0015525
6.8450e-02,-0.0445313,-0.00176625
6.8460e-02,-0.0445313,-0.00163156
6.8470e-02,-0.0445313,-0.00154281
6.8480e-02,-0.0451563,-0.00168781
6.8490e-02,-1.47453,-0.00171094
6.8500e-02,-0.187656,-0.00207469
6.8510e-02,0.306719,-0.00377281
6.8520e-02,-1.36234,-0.00502406
6.8530e-02,-0.0529687,-0.00517625
6.8540e-02,0.0984375,-0.00514625
6.8550e-02,0.109688,-0.00510563
6.8560e-02,0.07625,-0.00506469
6.8570e-02,0.0753125,-0.00515563
6.8580e-02,0.073125,-0.00499125
6.8590e-02,0.059375,-0.00518281
6.8600e-02,0.0376563,-0.00503
6.8610e-02,0.0476562,-0.00515188
6.8620e-02,0.0525,-0.00518531
6.8630e-02,0.0446875,-0.0050125
6.8640e-02,0.04,-0.00513906
6.8650e-02,0.03375,-0.00508938
6.8660e-02,0.044375,-0.00519375
6.8670e-02,0.0242188,-0.00502937
6.8680e-02,0.0160938,-0.00504281
6.8690e-02,0.0315625,-0.00516406
6.8700e-02,0.0240625,-0.00499
6.8710e-02,0.0190625,-0.00496469
6.8720e-02,0.016875,-0.00514719
6.8730e-02,0.0165625,-0.0051
6.8740e-02,0.02125,-0.00483906
6.8750e-02,0.0145312,-0.00335156
6.8760e-02,0.0196875,-0.00189656
6.8770e-02,0.0120312,-0.00196969
6.8780e-02,0.005,-0.00157969
6.8790e-02,0.009375,-0.00237281
6.8800e-02,0.0103125,-0.00178313
6.8810e-02,0.0109375,-0.00204
6.8820e-02,0.0046875,-0.000705938
6.8830e-02,0.0117188,-0.00133625
6.8840e-02,-0.00609375,-0.0017075
6.8850e-02,0.00875,-0.00254156
6.8860e-02,0.00859375,-0.00174438
6.8870e-02,-0.00375,-0.0021375
6.8880e-02,-0.00484375,-0.00131156
6.8890e-02,0.00984375,-0.00195
6.8900e-02,0.0034375,-0.00151375
6.8910e-02,-0.0021875,-0.00181125
6.8920e-02,0.00484375,-0.00201875
6.8930e-02,0.00671875,-0.00150719
6.8940e-02,0.00046875,-0.00196563
6.8950e-02,0.0015625,-0.00104375
6.8960e-02,0.00078125,-0.00181188
6.8970e-02,0.00890625,-0.00203688
6.8980e-02,-0.00984375,-0.00200344
6.8990e-02,-0.0040625,-0.00190063
6.9000e-02,-0.01,-0.00214438
6.9010e-02,-0.0071875,-0.00133469
6.9020e-02,-0.00625,-0.00191031
6.9030e-02,-0.0046875,-0.00137031
6.9040e-02,-0.00890625,-0.00181344
6.9050e-02,-0.01375,-0.00184031
6.9060e-02,-0.00078125,-0.00214469
6.9070e-02,-0.0114062,-0.00151906
6.9080e-02,-0.00359375,-0.00181719
6.9090e-02,0.00296875,-0.00175281
6.9100e-02,-0.008125,-0.00166969
6.9110e-02,-0.00765625,-0.00204594
6.9120e-02,-0.0259375,-0.0019475
6.9130e-02,-0.0120313,-0.00201125
6.9140e-02,-0.00515625,-0.00155781
6.9150e-02,-0.0195312,-0.00148969
6.9160e-02,-0.00625,-0.00131875
6.9170e-02,-0.013125,-0.0015225
6.9180e-02,-0.0084375,-0.00174469
6.9190e-02,-0.0135937,-0.00180156
6.9200e-02,-0.0132813,-0.00168813
6.9210e-02,-0.00375,-0.00171313
6.9220e-02,-0.0078125,-0.00167063
6.9230e-02,-0.01,-0.00143844
6.9240e-02,-0.00453125,-0.00164531
6.9250e-02,-0.0059375,-0.00157969
6.9260e-02,-0.0126563,-0.00160625
6.9270e-02,-0.004375,-0.00192594
6.9280e-02,-0.00953125,-0.0011975
6.9290e-02,-0.0203125,-0.00145188
6.9300e-02,-0.0139063,-0.0018175
6.9310e-02,-0.0198438,-0.00192844
6.9320e-02,-0.015625,-0.0019825
6.9330e-02,-0.0196875,-0.00171
6.9340e-02,-0.00953125,-0.00207031
6.9350e-02,-0.0117188,-0.00193781
6.9360e-02,-0.0142188,-0.00159344
6.9370e-02,-0.01625,-0.00115156
6.9380e-02,-0.0078125,-0.00178656
6.9390e-02,-0.00359375,-0.00159438
6.9400e-02,-0.0132813,-0.00194344
6.9410e-02,0,-0.00189844
6.9420e-02,-0.0195312,-0.00161531
6.9430e-02,-0.0103125,-0.00174375
6.9440e-02,-0.0225,-0.00200563
6.9450e-02,-0.0153125,-0.00143813
6.9460e-02,-0.0171875,-0.0020325
6.9470e-02,-0.0253125,-0.00164313
6.9480e-02,-0.009375,-0.00217969
6.9490e-02,-0.0103125,-0.00144563
6.9500e-02,-0.0176563,-0.00172
6.9510e-02,-0.01875,-0.0020625
6.9520e-02,-0.0154687,-0.00164688
6.9530e-02,-0.01125,-0.00152406
6.9540e-02,-0.013125,-0.00172
6.9550e-02,-0.0164063,-0.00182219
6.9560e-02,-0.0209375,-0.00176281
6.9570e-02,-0.0225,-0.00229781
6.9580e-02,-0.0171875,-0.00137438
6.9590e-02,-0.015,-0.00187656
6.9600e-02,-0.0265625,-0.00152656
6.9610e-02,-0.0110937,-0.00229437
6.9620e-02,-0.0273438,-0.00110344
6.9630e-02,-0.0160938,-0.00190875
6.9640e-02,-0.020625,-0.00136406
6.9650e-02,-0.0171875,-0.00189813
6.9660e-02,-0.0214063,-0.00132
6.9670e-02,-0.0210938,-0.00161969
6.9680e-02,-0.0225,-0.00129
6.9690e-02,-0.009375,-0.0019025
6.9700e-02,-0.02125,-0.00157594
6.9710e-02,-0.0204688,-0.00150125
6.9720e-02,-0.0223437,-0.00215656
6.9730e-02,-0.0090625,-0.00181344
6.9740e-02,-0.0115625,-0.00232906
6.9750e-02,-0.0220313,-0.00185094
6.9760e-02,-0.0229687,-0.00190844
6.9770e-02,-0.0232812,-0.00193906
6.9780e-02,-0.0251563,-0.00203375
6.9790e-02,-0.016875,-0.000938438
6.9800e-02,-0.03125,-0.00209906
6.9810e-02,-0.031875,-0.000864688
6.9820e-02,-0.019375,-0.00227625
6.9830e-02,-0.0115625,-0.00183219
6.9840e-02,-0.0264062,-0.00182063
6.9850e-02,-0.0148437,-0.00191563
6.9860e-02,-0.0240625,-0.00176031
6.9870e-02,-0.0139063,-0.0018025
6.9880e-02,-0.0267187,-0.00154094
6.9890e-02,-0.0132813,-0.00206313
6.9900e-02,-0.0234375,-0.00123281
6.9910e-02,-0.0182812,-0.00236219
6.9920e-02,-0.008125,-0.000995625
6.9930e-02,-0.0259375,-0.00247813
6.9940e-02,-0.016875,-0.00162531
6.9950e-02,-0.025,-0.00161531
6.9960e-02,-0.0151562,-0.00129813
6.9970e-02,-0.0332812,-0.00186906
6.9980e-02,-0.0153125,-0.00164281
6.9990e-02,-0.016875,-0.00177906
7.0000e-02,-0.0229687,-0.00167813
7.0010e-02,-0.0359375,-0.00200875
7.0020e-02,-0.0225,-0.00203906
7.0030e-02,-0.0414063,-0.00144281
7.0040e-02,-0.023125,-0.00161
7.0050e-02,-0.0229687,-0.00173031
7.0060e-02,-0.0290625,-0.00231594
7.0070e-02,-0.0245313,-0.00206844
7.0080e-02,-0.0204688,-0.00178563
7.0090e-02,-0.0075,-0.00177219
7.0100e-02,-0.02125,-0.00181781
7.0110e-02,-0.02375,-0.00137
7.0120e-02,-0.024375,-0.00207125
7.0130e-02,-0.03125,-0.00164781
7.0140e-02,-0.023125,-0.00231281
7.0150e-02,-0.020625,-0.00182969
7.0160e-02,-0.0114062,-0.00151563
7.0170e-02,-0.0279688,-0.0015825
7.0180e-02,-0.0120313,-0.0017625
7.0190e-02,-0.0234375,-0.00171375
7.0200e-02,-0.0201563,-0.00180969
7.0210e-02,-0.029375,-0.00146563
7.0220e-02,-0.0295313,-0.001845
7.0230e-02,-0.031875,-0.00176281
7.0240e-02,-0.0320312,-0.00135375
7.0250e-02,-0.024375,-0.00165875
7.0260e-02,-0.02,-0.00198875
7.0270e-02,-0.0314062,-0.00175781
7.0280e-02,-0.028125,-0.00144875
7.0290e-02,-0.0240625,-0.00132906
7.0300e-02,-0.0309375,-0.00155125
7.0310e-02,-0.0226562,-0.00164719
7.0320e-02,-0.0292188,-0.00157688
7.0330e-02,-0.0340625,-0.00151156
7.0340e-02,-0.0170313,-0.00145656
7.0350e-02,-0.0267187,-0.00204531
7.0360e-02,-0.0217188,-0.00189313
7.0370e-02,-0.0184375,-0.00230125
7.0380e-02,-0.0354688,-0.00125344
7.0390e-02,-0.03125,-0.00198531
7.0400e-02,-0.0214063,-0.000990938
7.0410e-02,-0.0271875,-0.00209656
7.0420e-02,-0.0204688,-0.00126469
7.0430e-02,-0.02125,-0.00175906
7.0440e-02,-0.0196875,-0.0018225
7.0450e-02,-0.0257812,-0.00245938
7.0460e-02,-0.0228125,-0.00201688
7.0470e-02,-0.0267187,-0.00205906
7.0480e-02,-0.02875,-0.00165094
7.0490e-02,-0.0265625,-0.00151719
7.0500e-02,-0.0189062,-0.00121688
7.0510e-02,-0.0360938,-0.0016675
7.0520e-02,-0.0445313,-0.00159313
7.0530e-02,-0.044375,-0.00186375
7.0540e-02,-0.0260937,-0.00190188
7.0550e-02,-0.0253125,-0.00133594
7.0560e-02,-0.0321875,-0.00186313
7.0570e-02,-0.0325,-0.000982187
7.0580e-02,-0.0425,-0.00171375
7.0590e-02,-0.0201563,-0.00211281
7.0600e-02,-0.0303125,-0.00179375
7.0610e-02,-0.0314062,-0.00178031
7.0620e-02,-0.0259375,-0.00118094
7.0630e-02,-0.0315625,-0.000979063
7.0640e-02,-0.0375,-0.00154219
7.0650e-02,-0.0196875,-0.00111656
7.0660e-02,-0.029375,-0.00145781
7.0670e-02,-0.0351562,-0.00146313
7.0680e-02,-0.0259375,-0.0019275
7.0690e-02,-0.0309375,-0.00182344
7.0700e-02,-0.0245313,-0.00166125
7.0710e-02,-0.0254688,-0.00207094
7.0720e-02,-0.034375,-0.00192844
7.0730e-02,-0.0292188,-0.00154813
7.0740e-02,-0.0203125,-0.00130063
7.0750e-02,-0.0304688,-0.00174063
7.0760e-02,-0.0273438,-0.00165125
7.0770e-02,-0.0310937,-0.00134094
7.0780e-02,-0.0245313,-0.001265
7.0790e-02,-0.0276563,-0.00166281
7.0800e-02,-0.0242188,-0.00192156
7.0810e-02,-0.0329688,-0.00231781
7.0820e-02,-0.0353125,-0.00181469
7.0830e-02,-0.0396875,-0.00229656
7.0840e-02,-0.0345312,-0.00167344
7.0850e-02,-0.0429688,-0.00216281
7.0860e-02,-0.0285938,-0.0017825
7.0870e-02,-0.0271875,-0.00169563
7.0880e-02,-0.0384375,-0.00155813
7.0890e-02,-0.0392187,-0.00156875
7.0900e-02,-0.0332812,-0.00154406
7.0910e-02,-0.0210938,-0.00124906
7.0920e-02,-0.0365625,-0.00141
7.0930e-02,-0.033125,-0.00136063
7.0940e-02,-0.0320312,-0.00132969
7.0950e-02,-0.0370313,-0.00192031
7.0960e-02,-0.0346875,-0.00152563
7.0970e-02,-0.0298438,-0.00182875
7.0980e-02,-0.025625,-0.0017
7.0990e-02,-0.0239063,-0.0016575
7.1000e-02,-0.0284375,-0.00140375
7.1010e-02,-0.0285938,-0.0023025
7.1020e-02,-0.0376563,-0.00112969
7.1030e-02,-0.0398437,-0.00163656
7.1040e-02,-0.0371875,-0.00132031
7.1050e-02,-0.0307813,-0.00176344
7.1060e-02,-0.0309375,-0.00218156
7.1070e-02,-0.039375,-0.00204781
7.1080e-02,-0.0292188,-0.00219812
7.1090e-02,-0.025625,-0.00176906
7.1100e-02,-0.0434375,-0.00238156
7.1110e-02,-0.0334375,-0.00172156
7.1120e-02,-0.0284375,-0.0023075
7.1130e-02,-0.0467188,-0.00154406
7.1140e-02,-0.0442188,-0.00151094
7.1150e-02,-0.0329688,-0.00125438
7.1160e-02,-0.0275,-0.00131906
7.1170e-02,-0.0321875,-0.00153469
7.1180e-02,-0.0335937,-0.00149781
7.1190e-02,-0.031875,-0.00147094
7.1200e-02,-0.0192187,-0.00211625
7.1210e-02,-0.0439063,-0.00239563
7.1220e-02,-0.0328125,-0.00251125
7.1230e-02,-0.0346875,-0.00185313
7.1240e-02,-0.0395313,-0.00149344
7.1250e-02,-0.03375,-0.00146688
7.1260e-02,-0.0365625,-0.00188594
7.1270e-02,-0.0289063,-0.00208187
7.1280e-02,-0.0320312,-0.00141094
7.1290e-02,-0.0257812,-0.00107438
7.1300e-02,-0.016875,-0.00171313
7.1310e-02,-0.0310937,-0.00134875
7.1320e-02,-0.0464062,-0.0019175
7.1330e-02,-0.0225,-0.00177594
7.1340e-02,-0.0417187,-0.00195437
7.1350e-02,-0.0375,-0.00142531
7.1360e-02,-0.0290625,-0.00163406
7.1370e-02,-0.0348437,-0.00173219
7.1380e-02,-0.038125,-0.00194969
7.1390e-02,-0.034375,-0.00127375
7.1400e-02,-0.0434375,-0.00175125
7.1410e-02,-0.035625,-0.0018525
7.1420e-02,-0.0453125,-0.00191094
7.1430e-02,-0.0445313,-0.00136031
7.1440e-02,-0.0385937,-0.00187125
7.1450e-02,-0.0335937,-0.00163531
7.1460e-02,-0.0221875,-0.00169438
7.1470e-02,-0.0367188,-0.00150938
7.1480e-02,-0.0357813,-0.00171125
7.1490e-02,-0.0382813,-0.00180938
7.1500e-02,-0.0370313,-0.00178375
7.1510e-02,-0.0276563,-0.0018425
7.1520e-02,-0.0473438,-0.00182031
7.1530e-02,-0.0335937,-0.00181281
7.1540e-02,-0.0479688,-0.00183656
7.1550e-02,-0.0321875,-0.00219781
7.1560e-02,-0.0421875,-0.00177281
7.1570e-02,-0.0334375,-0.00173938
7.1580e-02,-0.035,-0.00144875
7.1590e-02,-0.0365625,-0.00209125
7.1600e-02,-0.0323438,-0.00175094
7.1610e-02,-0.0415625,-0.00214
7.1620e-02,-0.03375,-0.00131844
7.1630e-02,-0.033125,-0.0021525
7.1640e-02,-0.0373438,-0.00148375
7.1650e-02,-0.0309375,-0.00203063
7.1660e-02,-0.033125,-0.00137719
7.1670e-02,-0.0465625,-0.00171656
7.1680e-02,-0.0417187,-0.00174438
7.1690e-02,-0.0304688,-0.00210344
7.1700e-02,-0.0448438,-0.00180563
7.1710e-02,-0.031875,-0.00151656
7.1720e-02,-0.0251563,-0.00134406
7.1730e-02,-0.0390625,-0.00216188
7.1740e-02,-0.0448438,-0.00210906
7.1750e-02,-0.04125,-0.00133156
7.1760e-02,-0.0353125,-0.00144
7.1770e-02,-0.0371875,-0.00131344
7.1780e-02,-0.0359375,-0.00134344
7.1790e-02,-0.0465625,-0.00112625
7.1800e-02,-0.0321875,-0.00156344
7.1810e-02,-0.04375,-0.00174813
7.1820e-02,-0.0460938,-0.00151188
7.1830e-02,-0.0376563,-0.00209406
7.1840e-02,-0.030625,-0.00221188
7.1850e-02,-0.0228125,-0.0020375
7.1860e-02,-0.03375,-0.00154531
7.1870e-02,-0.0390625,-0.00168406
7.1880e-02,-0.0348437,-0.00165375
7.1890e-02,-0.0434375,-0.00162125
7.1900e-02,-0.038125,-0.00159156
7.1910e-02,-0.0325,-0.00152031
7.1920e-02,-0.0467188,-0.001345
7.1930e-02,-0.0379688,-0.00150813
7.1940e-02,-0.0482812,-0.00172063
7.1950e-02,-0.0501562,-0.00110563
7.1960e-02,-0.0401563,-0.00204625
7.1970e-02,-0.0398437,-0.00131656
7.1980e-02,-0.03,-0.00192563
7.1990e-02,-0.0454688,-0.00196656
7.2000e-02,-0.0414063,-0.00191781
7.2010e-02,-0.0367188,-0.00207688
7.2020e-02,-0.0359375,-0.00156281
7.2030e-02,-0.0390625,-0.00171156
7.2040e-02,-0.0298438,-0.00166563
7.2050e-02,-0.0439063,-0.00164219
7.2060e-02,-0.0490625,-0.00167594
7.2070e-02,-0.0410937,-0.00173469
7.2080e-02,-0.0395313,-0.0018175
7.2090e-02,-0.0417187,-0.00181094
7.2100e-02,-0.0310937,-0.00196594
7.2110e-02,-0.05,-0.00153469
7.2120e-02,-0.035625,-0.00210719
7.2130e-02,-0.0432813,-0.00133219
7.2140e-02,-0.0229687,-0.001335
7.2150e-02,-0.0359375,-0.00166
7.2160e-02,-0.0415625,-0.00154281
7.2170e-02,-0.0364063,-0.00175625
7.2180e-02,-0.034375,-0.00150625
7.2190e-02,-0.0364063,-0.00156125
7.2200e-02,-0.0478125,-0.00181469
7.2210e-02,-0.0215625,-0.00232813
7.2220e-02,-0.03125,-0.00158781
7.2230e-02,-0.05375,-0.00252563
7.2240e-02,-0.038125,-0.00205813
7.2250e-02,-0.0479688,-0.00229906
7.2260e-02,-0.0360938,-0.00193063
7.2270e-02,-0.0503125,-0.00172063
7.2280e-02,-0.0334375,-0.00145938
7.2290e-02,-0.0348437,-0.00152875
7.2300e-02,-0.0360938,-0.00168313
7.2310e-02,-0.0421875,-0.00146469
7.2320e-02,-0.0423437,-0.00177219
7.2330e-02,-0.0375,-0.00179125
7.2340e-02,-0.050625,-0.00154656
7.2350e-02,-0.03125,-0.00179594
7.2360e-02,-0.0425,-0.00213531
7.2370e-02,-0.0284375,-0.00165656
7.2380e-02,-0.0404687,-0.00158813
7.2390e-02,-0.0282813,-0.00204406
7.2400e-02,-0.0432813,-0.00167156
7.2410e-02,-0.05375,-0.00148625
7.2420e-02,-0.0429688,-0.00199563
7.2430e-02,-0.0475,-0.00166844
7.2440e-02,-0.0401563,-0.00170438
7.2450e-02,-0.0360938,-0.00213594
7.2460e-02,-0.0342187,-0.00180188
7.2470e-02,-0.0442188,-0.00160938
7.2480e-02,-0.0321875,-0.00185125
7.2490e-02,-0.04125,-0.00124281
7.2500e-02,-0.0378125,-0.00147313
7.2510e-02,-0.0353125,-0.00167844
7.2520e-02,-0.0467188,-0.00120531
7.2530e-02,-0.0485938,-0.00136344
7.2540e-02,-0.0365625,-0.0015875
7.2550e-02,-0.035625,-0.00134938
7.2560e-02,-0.0396875,-0.00161688
7.2570e-02,-0.04625,-0.00158531
7.2580e-02,-0.0273438,-0.00227531
7.2590e-02,-0.0439063,-0.00206094
7.2600e-02,-0.0378125,-0.00209
7.2610e-02,-0.0492188,-0.00175094
7.2620e-02,-0.0484375,-0.00180875
7.2630e-02,-0.0340625,-0.00161844
7.2640e-02,-0.0404687,-0.00195969
7.2650e-02,-0.0304688,-0.00175125
7.2660e-02,-0.03875,-0.00156188
7.2670e-02,-0.038125,-0.0017775
7.2680e-02,-0.0273438,-0.00166938
7.2690e-02,-0.0448438,-0.00154219
7.2700e-02,-0.0348437,-0.0017275
7.2710e-02,-0.046875,-0.00122094
7.2720e-02,-0.03875,-0.00189313
7.2730e-02,-0.0353125,-0.00164938
7.2740e-02,-0.038125,-0.0014125
7.2750e-02,-0.0379688,-0.001415
7.2760e-02,-0.0454688,-0.00180531
7.2770e-02,-0.0273438,-0.00188531
7.2780e-02,-0.0325,-0.00176313
7.2790e-02,-0.041875,-0.00148344
7.2800e-02,-0.0392187,-0.00144
7.2810e-02,-0.0389063,-0.001345
7.2820e-02,-0.0435938,-0.00146563
7.2830e-02,-0.0401563,-0.00137719
7.2840e-02,-0.0490625,-0.00155625
7.2850e-02,-0.0465625,-0.00194688
7.2860e-02,-0.0535937,-0.00145094
7.2870e-02,-0.0428125,-0.00133063
7.2880e-02,-0.0359375,-0.00185375
7.2890e-02,-0.043125,-0.00187781
7.2900e-02,-0.0325,-0.00124219
7.2910e-02,-0.0364063,-0.00183594
7.2920e-02,-0.0375,-0.00156313
7.2930e-02,-0.0428125,-0.00192438
7.2940e-02,-0.0446875,-0.00117813
7.2950e-02,-0.038125,-0.00200125
7.2960e-02,-0.03625,-0.00132844
7.2970e-02,-0.0371875,-0.00164656
7.2980e-02,-0.0340625,-0.00169094
7.2990e-02,-0.035625,-0.00212844
7.3000e-02,-0.0329688,-0.0014525
7.3010e-02,-0.0392187,-0.00184906
7.3020e-02,-0.0453125,-0.00156531
7.3030e-02,-0.044375,-0.002015
7.3040e-02,-0.0359375,-0.000887188
7.3050e-02,-0.035625,-0.00180594
7.3060e-02,-0.0414063,-0.00127656
7.3070e-02,-0.0376563,-0.00174531
7.3080e-02,-0.0371875,-0.00170563
7.3090e-02,-0.0321875,-0.00140813
7.3100e-02,-0.0503125,-0.00162219
7.3110e-02,-0.046875,-0.00158531
7.3120e-02,-0.0340625,-0.00114594
7.3130e-02,-0.0496875,-0.00186688
7.3140e-02,-0.045625,-0.00133594
7.3150e-02,-0.0498438,-0.00180969
7.3160e-02,-0.0501562,-0.00155438
7.3170e-02,-0.035,-0.00140969
7.3180e-02,-0.0421875,-0.00137469
7.3190e-02,-0.0351562,-0.00207531
7.3200e-02,-0.0296875,-0.00150125
7.3210e-02,-0.0273438,-0.002205
7.3220e-02,-0.0479688,-0.00211906
7.3230e-02,-0.044375,-0.00198313
7.3240e-02,-0.0453125,-0.00184969
7.3250e-02,-0.0482812,-0.00195125
7.3260e-02,-0.035,-0.00125594
7.3270e-02,-0.0464062,-0.00156719
7.3280e-02,-0.035625,-0.00118313
7.3290e-02,-0.0392187,-0.001725
7.3300e-02,-0.045,-0.00193219
7.3310e-02,-0.029375,-0.00145063
7.3320e-02,-0.0410937,-0.00172844
7.3330e-02,-0.0417187,-0.00181469
7.3340e-02,-0.0415625,-0.00163906
7.3350e-02,-0.0428125,-0.00165281
7.3360e-02,-0.0528125,-0.00169656
7.3370e-02,-0.0396875,-0.00161625
7.3380e-02,-0.0454688,-0.00153156
7.3390e-02,-0.0365625,-0.00187188
7.3400e-02,-0.0446875,-0.00169563
7.3410e-02,-0.0384375,-0.00169
7.3420e-02,-0.0448438,-0.00166875
7.3430e-02,-0.0390625,-0.00166719
7.3440e-02,-0.045,-0.00182313
7.3450e-02,-0.0407813,-0.00220906
7.3460e-02,-0.0396875,-0.00160781
7.3470e-02,-0.0335937,-0.00186031
7.3480e-02,-0.0510938,-0.00146906
7.3490e-02,-0.0348437,-0.00140656
7.3500e-02,-0.035,-0.00122469
7.3510e-02,-0.0396875,-0.00163688
7.3520e-02,-0.0446875,-0.00127219
7.3530e-02,-0.055625,-0.00140969
7.3540e-02,-0.0432813,-0.001605
7.3550e-02,-0.0429688,-0.00191
7.3560e-02,-0.0607812,-0.00155344
7.3570e-02,-0.0410937,-0.00155719
7.3580e-02,-0.0478125,-0.00178813
7.3590e-02,-0.0382813,-0.00184469
7.3600e-02,-0.0373438,-0.00217438
7.3610e-02,-0.04,-0.00165188
7.3620e-02,-0.0364063,-0.00176
7.3630e-02,-0.0492188,-0.00147938
7.3640e-02,-0.0423437,-0.00132406
7.3650e-02,-0.0426562,-0.00119375
7.3660e-02,-0.0471875,-0.00151281
7.3670e-02,-0.053125,-0.00143813
7.3680e-02,-0.04625,-0.00155875
7.3690e-02,-0.0414063,-0.00132594
7.3700e-02,-0.0426562,-0.00193219
7.3710e-02,-0.0390625,-0.00165563
7.3720e-02,-0.0460938,-0.0021075
7.3730e-02,-0.0503125,-0.00144563
7.3740e-02,-0.0478125,-0.00201719
7.3750e-02,-0.0470312,-0.00150656
7.3760e-02,-0.0378125,-0.00185563
7.3770e-02,-0.0514063,-0.00145656
7.3780e-02,-0.0340625,-0.00214656
7.3790e-02,-0.0395313,-0.00190063
7.3800e-02,-0.0440625,-0.00215656
7.3810e-02,-0.0498438,-0.00129688
7.3820e-02,-0.04375,-0.00166188
7.3830e-02,-0.0442188,-0.00126
7.3840e-02,-0.0410937,-0.00198719
7.3850e-02,-0.0392187,-0.00125594
7.3860e-02,-0.0507812,-0.00207594
7.3870e-02,-0.0465625,-0.00179781
7.3880e-02,-0.0490625,-0.00222906
7.3890e-02,-0.0528125,-0.00146156
7.3900e-02,-0.054375,-0.00178094
7.3910e-02,-0.0409375,-0.00164563
7.3920e-02,-0.0376563,-0.00187531
7.3930e-02,-0.0384375,-0.00176156
7.3940e-02,-0.0367188,-0.00191969
7.3950e-02,-0.044375,-0.00162438
7.3960e-02,-0.043125,-0.00145875
7.3970e-02,-0.0465625,-0.00143125
7.3980e-02,-0.04375,-0.00151688
7.3990e-02,-0.0417187,-0.00170156
7.4000e-02,-0.0384375,-0.00166594
7.4010e-02,-0.0410937,-0.00122875
7.4020e-02,-0.0323438,-0.00143188
7.4030e-02,-0.0423437,-0.00123156
7.4040e-02,-0.0370313,-0.00111469
7.4050e-02,-0.0467188,-0.00115531
7.4060e-02,-0.0289063,-0.00158875
7.4070e-02,-0.0479688,-0.001975
7.4080e-02,-0.0445313,-0.00194625
7.4090e-02,-0.0560937,-0.00162969
7.4100e-02,-0.0460938,-0.0022175
7.4110e-02,-0.044375,-0.00201812
7.4120e-02,-0.0429688,-0.00243438
7.4130e-02,-0.0498438,-0.00215688
7.4140e-02,-0.0539063,-0.00160469
7.4150e-02,-0.045,-0.00151719
7.4160e-02,-0.0395313,-0.0014125
7.4170e-02,-0.0475,-0.00165563
7.4180e-02,-0.04625,-0.00207156
7.4190e-02,-0.0445313,-0.00150313
7.4200e-02,-0.0440625,-0.00211094
7.4210e-02,-0.034375,-0.0018475
7.4220e-02,-0.0525,-0.00204094
7.4230e-02,-0.034375,-0.00199906
7.4240e-02,-0.0417187,-0.00233438
7.4250e-02,-0.0446875,-0.00125
7.4260e-02,-0.0401563,-0.00120156
7.4270e-02,-0.0478125,-0.00124813
7.4280e-02,-0.0376563,-0.0019475
7.4290e-02,-0.0454688,-0.00177125
7.4300e-02,-0.0370313,-0.00165188
7.4310e-02,-0.0490625,-0.00185031
7.4320e-02,-0.0440625,-0.00164844
7.4330e-02,-0.0425,-0.00214281
7.4340e-02,-0.0367188,-0.00213219
7.4350e-02,-0.0551563,-0.00215969
7.4360e-02,-0.0403125,-0.0023125
7.4370e-02,-0.0434375,-0.0017325
7.4380e-02,-0.0390625,-0.00181125
7.4390e-02,-0.0625,-0.00187094
7.4400e-02,-0.0410937,-0.00167406
7.4410e-02,-0.0398437,-0.00195437
7.4420e-02,-0.04,-0.00101219
7.4430e-02,-0.04625,-0.00108062
7.4440e-02,-0.0426562,-0.00119969
7.4450e-02,-0.0459375,-0.00152594
7.4460e-02,-0.0429688,-0.00143781
7.4470e-02,-0.0420312,-0.00199906
7.4480e-02,-0.0457813,-0.00185188
7.4490e-02,-0.0370313,-0.00183406
7.4500e-02,-0.0432813,-0.00147719
7.4510e-02,-0.0435938,-0.00208719
7.4520e-02,-0.0504687,-0.00133969
7.4530e-02,-0.0526563,-0.00184438
7.4540e-02,-0.03875,-0.00134563
7.4550e-02,-0.0382813,-0.0014125
7.4560e-02,-0.0467188,-0.00156344
7.4570e-02,-0.0370313,-0.00122813
7.4580e-02,-0.0459375,-0.00206031
7.4590e-02,-0.045625,-0.00176688
7.4600e-02,-0.0520313,-0.00132344
7.4610e-02,-0.0326562,-0.0016875
7.4620e-02,-0.0528125,-0.00144719
7.4630e-02,-0.0496875,-0.00152
7.4640e-02,-0.0426562,-0.00168063
7.4650e-02,-0.0354688,-0.00172281
7.4660e-02,-0.0404687,-0.00161594
7.4670e-02,-0.0375,-0.00206125
7.4680e-02,-0.0429688,-0.00138219
7.4690e-02,-0.0360938,-0.00132125
7.4700e-02,-0.0371875,-0.00154656
7.4710e-02,-0.0334375,-0.00189781
7.4720e-02,-0.03625,-0.00127406
7.4730e-02,-0.0459375,-0.00155406
7.4740e-02,-0.0428125,-0.000979063
7.4750e-02,-0.0428125,-0.00174125
7.4760e-02,-0.049375,-0.00158125
7.4770e-02,-0.0423437,-0.00164156
7.4780e-02,-0.0442188,-0.00121781
7.4790e-02,-0.0489062,-0.00200625
7.4800e-02,-0.0453125,-0.00180813
7.4810e-02,-0.0553125,-0.00191188
7.4820e-02,-0.0423437,-0.0021025
7.4830e-02,-0.0440625,-0.00221063
7.4840e-02,-0.03625,-0.00176656
7.4850e-02,-0.0342187,-0.00184156
7.4860e-02,-0.0410937,-0.00171563
7.4870e-02,-0.0445313,-0.00184969
7.4880e-02,-0.0389063,-0.00154969
7.4890e-02,-0.0489062,-0.00166719
7.4900e-02,-0.03625,-0.00107656
7.4910e-02,-0.0490625,-0.002025
7.4920e-02,-0.0304688,-0.00209094
7.4930e-02,-0.0495312,-0.00124688
7.4940e-02,-0.0470312,-0.00162
7.4950e-02,-0.0392187,-0.00185094
7.4960e-02,-0.0445313,-0.00197406
7.4970e-02,-0.0382813,-0.00160688
7.4980e-02,-0.0428125,-0.00151969
7.4990e-02,-0.0382813,-0.00154125
7.5000e-02,-0.0478125,-0.00145125
7.5010e-02,-0.040625,-0.00179594
7.5020e-02,-0.0360938,-0.00157906
7.5030e-02,-0.0607812,-0.00154906
7.5040e-02,-0.0448438,-0.00119844
7.5050e-02,-0.0507812,-0.00144219
7.5060e-02,-0.0529687,-0.00179219
7.5070e-02,-0.0479688,-0.00168063
7.5080e-02,-0.0354688,-0.00160188
7.5090e-02,-0.0417187,-0.00108438
7.5100e-02,-0.0589063,-0.0015825
7.5110e-02,-0.0414063,-0.00161188
7.5120e-02,-0.0610938,-0.00145063
7.5130e-02,-0.0428125,-0.00159406
7.5140e-02,-0.0521875,-0.00165031
7.5150e-02,-0.0404687,-0.00206844
7.5160e-02,-0.0496875,-0.001655
7.5170e-02,-0.0470312,-0.00161938
7.5180e-02,-0.0407813,-0.00140375
7.5190e-02,-0.0428125,-0.00184594
7.5200e-02,-0.0520313,-0.00185875
7.5210e-02,-0.0292188,-0.00206438
7.5220e-02,-0.0434375,-0.00195063
7.5230e-02,-0.05,-0.001655
7.5240e-02,-0.04625,-0.00184938
7.5250e-02,-0.05,-0.000938125
7.5260e-02,-0.05,-0.00157844
7.5270e-02,-0.0498438,-0.00123281
7.5280e-02,-0.053125,-0.00144969
7.5290e-02,-0.03375,-0.00146063
7.5300e-02,-0.0389063,-0.00178688
7.5310e-02,-0.0417187,-0.00162156
7.5320e-02,-0.0495312,-0.00200844
7.5330e-02,-0.0492188,-0.00191156
7.5340e-02,-0.0485938,-0.00174813
7.5350e-02,-0.0320312,-0.00211875
7.5360e-02,-0.0554687,-0.00257563
7.5370e-02,-0.040625,-0.00180031
7.5380e-02,-0.0373438,-0.00178469
7.5390e-02,-0.0429688,-0.00160969
7.5400e-02,-0.0375,-0.00199906
7.5410e-02,-0.0514063,-0.00105
7.5420e-02,-0.0490625,-0.00206531
7.5430e-02,-0.04375,-0.00160344
7.5440e-02,-0.0389063,-0.00199
7.5450e-02,-0.04625,-0.00158406
7.5460e-02,-0.038125,-0.00168844
7.5470e-02,-0.0360938,-0.00207563
7.5480e-02,-0.0532813,-0.00193
7.5490e-02,-0.051875,-0.00178531
7.5500e-02,-0.0440625,-0.00178125
7.5510e-02,-0.0428125,-0.00135188
7.5520e-02,-0.0465625,-0.00160906
7.5530e-02,-0.0454688,-0.00170875
7.5540e-02,-0.0415625,-0.00130656
7.5550e-02,-0.0521875,-0.00186969
7.5560e-02,-0.03875,-0.00166156
7.5570e-02,-0.0465625,-0.00185781
7.5580e-02,-0.0515625,-0.00250125
7.5590e-02,-0.0498438,-0.00210594
7.5600e-02,-0.0392187,-0.00189156
7.5610e-02,-0.0520313,-0.00178625
7.5620e-02,-0.04125,-0.00201063
7.5630e-02,-0.0473438,-0.00142156
7.5640e-02,-0.0496875,-0.00141688
7.5650e-02,-0.0464062,-0.00136125
7.5660e-02,-0.0526563,-0.00157
7.5670e-02,-0.0454688,-0.00110156
7.5680e-02,-0.0448438,-0.00121656
7.5690e-02,-0.0390625,-0.00191594
7.5700e-02,-0.0439063,-0.00143688
7.5710e-02,-0.0470312,-0.00179625
7.5720e-02,-0.0414063,-0.00165469
7.5730e-02,-0.0414063,-0.00239094
7.5740e-02,-0.0439063,-0.00162969
7.5750e-02,-0.0525,-0.00187438
7.5760e-02,-0.0371875,-0.00176719
7.5770e-02,-0.05125,-0.00180938
7.5780e-02,-0.038125,-0.001315
7.5790e-02,-0.0435938,-0.00181469
7.5800e-02,-0.0507812,-0.00127281
7.5810e-02,-0.0446875,-0.00143969
7.5820e-02,-0.044375,-0.00190094
7.5830e-02,-0.0542187,-0.00177938
7.5840e-02,-0.0314062,-0.00196
7.5850e-02,-0.0545313,-0.00169875
7.5860e-02,-0.0510938,-0.00234188
7.5870e-02,-0.046875,-0.0020175
7.5880e-02,-0.0446875,-0.00196969
7.5890e-02,-0.0390625,-0.00212813
7.5900e-02,-0.0429688,-0.00151594
7.5910e-02,-0.0492188,-0.00166875
7.5920e-02,-0.039375,-0.00182719
7.5930e-02,-0.0415625,-0.00182906
7.5940e-02,-0.0401563,-0.00178625
7.5950e-02,-0.0360938,-0.00181813
7.5960e-02,-0.0473438,-0.00258219
7.5970e-02,-0.0403125,-0.00173844
7.5980e-02,-0.0451563,-0.00192781
7.5990e-02,-0.0542187,-0.00195469
7.6000e-02,-0.0478125,-0.00220531
7.6010e-02,-0.0373438,-0.00201812
7.6020e-02,-0.0342187,-0.00141688
7.6030e-02,-0.0470312,-0.00177781
7.6040e-02,-0.0373438,-0.00143094
7.6050e-02,-0.0379688,-0.001835
7.6060e-02,-0.0526563,-0.00137688
7.6070e-02,-0.0467188,-0.00168031
7.6080e-02,-0.0414063,-0.00146438
7.6090e-02,-0.05,-0.00203813
7.6100e-02,-0.0370313,-0.00139344
7.6110e-02,-0.0415625,-0.00162531
7.6120e-02,-0.0351562,-0.00139594
7.6130e-02,-0.0459375,-0.00180094
7.6140e-02,-0.0403125,-0.00231719
7.6150e-02,-0.0421875,-0.00189438
7.6160e-02,-0.0448438,-0.00221406
7.6170e-02,-0.04,-0.00102438
7.6180e-02,-0.0421875,-0.00181594
7.6190e-02,-0.0553125,-0.00172219
7.6200e-02,-0.0520313,-0.00198906
7.6210e-02,-0.0484375,-0.00169281
7.6220e-02,-0.0398437,-0.001625
7.6230e-02,-0.0523437,-0.00155344
7.6240e-02,-0.0473438,-0.00181656
7.6250e-02,-0.0485938,-0.0016375
7.6260e-02,-0.0365625,-0.00183906
7.6270e-02,-0.0417187,-0.00171906
7.6280e-02,-0.0525,-0.00212625
7.6290e-02,-0.0459375,-0.00216813
7.6300e-02,-0.0364063,-0.00188719
7.6310e-02,-0.04625,-0.00180906
7.6320e-02,-0.0392187,-0.00200094
7.6330e-02,-0.0420312,-0.00133219
7.6340e-02,-0.0420312,-0.00198
7.6350e-02,-0.045625,-0.00109031
7.6360e-02,-0.0514063,-0.00169219
7.6370e-02,-0.0553125,-0.001155
7.6380e-02,-0.048125,-0.00139281
7.6390e-02,-0.0417187,-0.00156906
7.6400e-02,-0.0490625,-0.00169094
7.6410e-02,-0.0440625,-0.00174344
7.6420e-02,-0.0525,-0.00159438
7.6430e-02,-0.0384375,-0.00158188
7.6440e-02,-0.046875,-0.00155375
7.6450e-02,-0.0545313,-0.00155844
7.6460e-02,-0.0457813,-0.0016875
7.6470e-02,-0.0404687,-0.00153125
7.6480e-02,-0.0467188,-0.00160938
7.6490e-02,0.363125,-0.00158719
7.6500e-02,-0.0648438,-0.002445
7.6510e-02,0.131875,-0.00358219
7.6520e-02,-0.539062,-0.00488688
7.6530e-02,-0.469063,-0.00551625
7.6540e-02,0.0925,-0.00527875
7.6550e-02,0.11,-0.005125
7.6560e-02,0.0892187,-0.00509906
7.6570e-02,0.075625,-0.00517531
7.6580e-02,0.0815625,-0.00512719
7.6590e-02,0.0740625,-0.00502344
7.6600e-02,0.0479688,-0.00501969
7.6610e-02,0.0540625,-0.00514781
7.6620e-02,0.0465625,-0.0051375
7.6630e-02,0.048125,-0.00531625
7.6640e-02,0.041875,-0.0050275
7.6650e-02,0.031875,-0.00518094
7.6660e-02,0.0420313,-0.00512375
7.6670e-02,0.0345312,-0.00502688
7.6680e-02,0.0342188,-0.00495813
7.6690e-02,0.030625,-0.00504375
7.6700e-02,0.00703125,-0.00505344
7.6710e-02,0.02625,-0.00495063
7.6720e-02,0.0121875,-0.00502719
7.6730e-02,0.006875,-0.004975
7.6740e-02,0.0078125,-0.00510469
7.6750e-02,0.0220312,-0.00419813
7.6760e-02,0.0175,-0.00244094
7.6770e-02,0.0171875,-0.00221375
7.6780e-02,-0.0034375,-0.00186656
7.6790e-02,0.0176563,-0.00231188
7.6800e-02,0.00875,-0.00215844
7.6810e-02,0.0084375,-0.00187281
7.6820e-02,0.00578125,-0.0015
7.6830e-02,0.0059375,-0.00126531
7.6840e-02,0.005,-0.0021225
7.6850e-02,0.0209375,-0.00161656
7.6860e-02,0.005,-0.00248
7.6870e-02,0.00859375,-0.00141563
7.6880e-02,0.00828125,-0.00210406
7.6890e-02,-0.00046875,-0.00143563
7.6900e-02,0.0123437,-0.00203906
7.6910e-02,0.0028125,-0.00185094
7.6920e-02,0.0003125,-0.00220469
7.6930e-02,-0.0028125,-0.0021975
7.6940e-02,0.0003125,-0.00234875
7.6950e-02,0.00234375,-0.00176281
7.6960e-02,-0.0034375,-0.00222531
7.6970e-02,-0.0129688,-0.00232188
7.6980e-02,0.00625,-0.00202344
7.6990e-02,-0.00640625,-0.00163813
7.7000e-02,-0.0121875,-0.00183625
7.7010e-02,-0.00046875,-0.00128563
7.7020e-02,-0.00046875,-0.0015425
7.7030e-02,-0.00015625,-0.00214625
7.7040e-02,-0.00484375,-0.00184344
7.7050e-02,-0.00046875,-0.00169469
7.7060e-02,-0.00515625,-0.00164719
7.7070e-02,-0.0214063,-0.00144625
7.7080e-02,-0.0021875,-0.0014375
7.7090e-02,-0.0025,-0.0018525
7.7100e-02,-0.0125,-0.00176406
7.7110e-02,-0.00171875,-0.00194031
7.7120e-02,-0.0101563,-0.00225
7.7130e-02,-0.0139063,-0.00175375
7.7140e-02,-0.0142188,-0.00199469
7.7150e-02,0,-0.00193813
7.7160e-02,-0.0046875,-0.00181781
7.7170e-02,-0.0225,-0.00161313
7.7180e-02,-0.0103125,-0.00194031
7.7190e-02,-0.0129688,-0.00220156
7.7200e-02,-0.0182812,-0.00189469
7.7210e-02,-0.015625,-0.00218156
7.7220e-02,-0.0134375,-0.00152656
7.7230e-02,-0.00875,-0.00213938
7.7240e-02,-0.02125,-0.00153406
7.7250e-02,-0.0123438,-0.00223594
7.7260e-02,-0.0114062,-0.00163313
7.7270e-02,-0.005,-0.0019275
7.7280e-02,-0.0123438,-0.00147781
7.7290e-02,-0.004375,-0.00168469
7.7300e-02,-0.0167188,-0.00132813
7.7310e-02,-0.0167188,-0.00181281
7.7320e-02,-0.016875,-0.00197969
7.7330e-02,-0.00859375,-0.00137688
7.7340e-02,-0.0201563,-0.00146531
7.7350e-02,-0.0145312,-0.0012825
7.7360e-02,-0.00828125,-0.00169406
7.7370e-02,-0.00953125,-0.000995313
7.7380e-02,-0.0190625,-0.00128625
7.7390e-02,-0.0176563,-0.00105094
7.7400e-02,-0.0226562,-0.00184594
7.7410e-02,-0.0189062,-0.00120031
7.7420e-02,-0.01875,-0.00153813
7.7430e-02,-0.02,-0.00112625
7.7440e-02,-0.0173438,-0.00248562
7.7450e-02,-0.0257812,-0.00241063
7.7460e-02,-0.015,-0.00182531
7.7470e-02,-0.0140625,-0.00195156
7.7480e-02,-0.0184375,-0.00210312
7.7490e-02,-0.01875,-0.002
7.7500e-02,-0.013125,-0.00206781
7.7510e-02,-0.0220313,-0.00212813
7.7520e-02,-0.0096875,-0.001455
7.7530e-02,-0.0271875,-0.00191625
7.7540e-02,-0.0078125,-0.00112938
7.7550e-02,-0.0170313,-0.00195094
7.7560e-02,-0.020625,-0.00132031
7.7570e-02,-0.0157813,-0.00209094
7.7580e-02,-0.0189062,-0.00128813
7.7590e-02,-0.0167188,-0.0021125
7.7600e-02,-0.0242188,-0.00102906
7.7610e-02,-0.0295313,-0.0022475
7.7620e-02,-0.0271875,-0.00166188
7.7630e-02,-0.0195312,-0.00175938
7.7640e-02,-0.0359375,-0.0018875
7.7650e-02,-0.0204688,-0.00135969
7.7660e-02,-0.0140625,-0.00154313
7.7670e-02,-0.0251563,-0.00168469
7.7680e-02,-0.0234375,-0.00210813
7.7690e-02,-0.02125,-0.00167125
7.7700e-02,-0.0239063,-0.00192406
7.7710e-02,-0.0140625,-0.00164094
7.7720e-02,-0.0203125,-0.00239563
7.7730e-02,-0.0151562,-0.00126344
7.7740e-02,-0.0153125,-0.00197906
7.7750e-02,-0.0254688,-0.001705
7.7760e-02,-0.0148437,-0.00157375
7.7770e-02,-0.0160938,-0.00124969
7.7780e-02,-0.0101563,-0.00186469
7.7790e-02,-0.02125,-0.001665
7.7800e-02,-0.02625,-0.00195063
7.7810e-02,-0.0135937,-0.00193906
7.7820e-02,-0.0140625,-0.00187188
7.7830e-02,-0.014375,-0.00157531
7.7840e-02,-0.028125,-0.00203344
7.7850e-02,-0.0267187,-0.00201063
7.7860e-02,-0.0182812,-0.00193594
7.7870e-02,-0.0303125,-0.00165813
7.7880e-02,-0.0232812,-0.00127781
7.7890e-02,-0.0251563,-0.00166406
7.7900e-02,-0.0279688,-0.00143781
7.7910e-02,-0.0317188,-0.00169938
7.7920e-02,-0.0301563,-0.0012575
7.7930e-02,-0.0184375,-0.00185
7.7940e-02,-0.023125,-0.00169813
7.7950e-02,-0.0240625,-0.00183031
7.7960e-02,-0.00984375,-0.00186656
7.7970e-02,-0.0278125,-0.00169281
7.7980e-02,-0.008125,-0.0021775
7.7990e-02,-0.0257812,-0.00216125
7.8000e-02,-0.0239063,-0.00193406
7.8010e-02,-0.0189062,-0.00172219
7.8020e-02,-0.0167188,-0.00171938
7.8030e-02,-0.0276563,-0.00175375
7.8040e-02,-0.0276563,-0.00127219
7.8050e-02,-0.0192187,-0.00204844
7.8060e-02,-0.0225,-0.00148938
7.8070e-02,-0.016875,-0.0017375
7.8080e-02,-0.0221875,-0.00172906
7.8090e-02,-0.0173438,-0.0021575
7.8100e-02,-0.0175,-0.00182438
7.8110e-02,-0.03375,-0.00185031
7.8120e-02,-0.030625,-0.0019025
7.8130e-02,-0.0196875,-0.00190125
7.8140e-02,-0.0240625,-0.00219594
7.8150e-02,-0.0304688,-0.00151969
7.8160e-02,-0.0284375,-0.00180906
7.8170e-02,-0.0221875,-0.00208594
7.8180e-02,-0.025,-0.00167906
7.8190e-02,-0.0282813,-0.00143031
7.8200e-02,-0.0198438,-0.00144094
7.8210e-02,-0.0245313,-0.00172813
7.8220e-02,-0.029375,-0.00172313
7.8230e-02,-0.03375,-0.00130594
7.8240e-02,-0.028125,-0.0020825
7.8250e-02,-0.0279688,-0.00161219
7.8260e-02,-0.0245313,-0.00130063
7.8270e-02,-0.0307813,-0.00175656
7.8280e-02,-0.0246875,-0.00203344
7.8290e-02,-0.02875,-0.00208781
7.8300e-02,-0.0182812,-0.002225
7.8310e-02,-0.0176563,-0.00161563
7.8320e-02,-0.0289063,-0.0021775
7.8330e-02,-0.03625,-0.0021125
7.8340e-02,-0.0245313,-0.00147031
7.8350e-02,-0.0442188,-0.00210875
7.8360e-02,-0.03375,-0.00122531
7.8370e-02,-0.0379688,-0.00196781
7.8380e-02,-0.0217188,-0.0015575
7.8390e-02,-0.0320312,-0.00235063
7.8400e-02,-0.0270312,-0.00137531
7.8410e-02,-0.0371875,-0.00239625
7.8420e-02,-0.0376563,-0.0020075
7.8430e-02,-0.0289063,-0.002135
7.8440e-02,-0.02,-0.00155938
7.8450e-02,-0.039375,-0.00212906
7.8460e-02,-0.0309375,-0.00167938
7.8470e-02,-0.0170313,-0.00210031
7.8480e-02,-0.0259375,-0.00195344
7.8490e-02,-0.0367188,-0.00212563
7.8500e-02,-0.0204688,-0.0017875
7.8510e-02,-0.014375,-0.00130906
7.8520e-02,-0.0304688,-0.0017675
7.8530e-02,-0.0259375,-0.00138625
7.8540e-02,-0.0317188,-0.00172281
7.8550e-02,-0.0339062,-0.00141031
7.8560e-02,-0.0203125,-0.00188125
7.8570e-02,-0.0414063,-0.0013725
7.8580e-02,-0.0192187,-0.00216438
7.8590e-02,-0.028125,-0.00143281
7.8600e-02,-0.0240625,-0.00187719
7.8610e-02,-0.0301563,-0.00153594
7.8620e-02,-0.0345312,-0.00167375
7.8630e-02,-0.0234375,-0.00145688
7.8640e-02,-0.0221875,-0.00134031
7.8650e-02,-0.0173438,-0.00165063
7.8660e-02,-0.043125,-0.00208875
7.8670e-02,-0.0334375,-0.00160094
7.8680e-02,-0.0439063,-0.00124938
7.8690e-02,-0.0259375,-0.00143656
7.8700e-02,-0.0326562,-0.0017575
7.8710e-02,-0.0351562,-0.0015475
7.8720e-02,-0.023125,-0.00147375
7.8730e-02,-0.0276563,-0.00177281
7.8740e-02,-0.0392187,-0.00151531
7.8750e-02,-0.0314062,-0.00133313
7.8760e-02,-0.0404687,-0.00165656
7.8770e-02,-0.0307813,-0.00166344
7.8780e-02,-0.03125,-0.00203063
7.8790e-02,-0.0298438,-0.00210813
7.8800e-02,-0.0409375,-0.00161063
7.8810e-02,-0.0245313,-0.00137469
7.8820e-02,-0.0317188,-0.00234313
7.8830e-02,-0.0276563,-0.0019125
7.8840e-02,-0.0307813,-0.00194125
7.8850e-02,-0.0385937,-0.00170688
7.8860e-02,-0.0346875,-0.00150063
7.8870e-02,-0.0329688,-0.00137219
7.8880e-02,-0.028125,-0.00138594
7.8890e-02,-0.0359375,-0.00148094
7.8900e-02,-0.0201563,-0.00157813
7.8910e-02,-0.0290625,-0.00146781
7.8920e-02,-0.0317188,-0.00184563
7.8930e-02,-0.0259375,-0.0018425
7.8940e-02,-0.029375,-0.00201938
7.8950e-02,-0.025,-0.00169063
7.8960e-02,-0.0357813,-0.00163781
7.8970e-02,-0.034375,-0.00247219
7.8980e-02,-0.0340625,-0.00162125
7.8990e-02,-0.0284375,-0.00204563
7.9000e-02,-0.028125,-0.00158188
7.9010e-02,-0.0342187,-0.00208969
7.9020e-02,-0.0325,-0.001415
7.9030e-02,-0.023125,-0.00184969
7.9040e-02,-0.0360938,-0.0012225
7.9050e-02,-0.0348437,-0.00263406
7.9060e-02,-0.0278125,-0.00197813
7.9070e-02,-0.038125,-0.00199438
7.9080e-02,-0.0359375,-0.00175844
7.9090e-02,-0.0407813,-0.00240594
7.9100e-02,-0.0246875,-0.00156938
7.9110e-02,-0.0271875,-0.00132844
7.9120e-02,-0.0270312,-0.00145031
7.9130e-02,-0.0273438,-0.00132375
7.9140e-02,-0.0215625,-0.00121313
7.9150e-02,-0.0439063,-0.00156688
7.9160e-02,-0.0328125,-0.00181813
7.9170e-02,-0.0320312,-0.00127594
7.9180e-02,-0.04,-0.00209906
7.9190e-02,-0.0340625,-0.00128563
7.9200e-02,-0.029375,-0.00163438
7.9210e-02,-0.0398437,-0.00178875
7.9220e-02,-0.035,-0.00193688
7.9230e-02,-0.0367188,-0.00173344
7.9240e-02,-0.0346875,-0.00241594
7.9250e-02,-0.0309375,-0.00175
7.9260e-02,-0.0373438,-0.00152781
7.9270e-02,-0.038125,-0.00159375
7.9280e-02,-0.0329688,-0.00141063
7.9290e-02,-0.0204688,-0.00154719
7.9300e-02,-0.0285938,-0.00163344
7.9310e-02,-0.0360938,-0.00195469
7.9320e-02,-0.0276563,-0.00146875
7.9330e-02,-0.0398437,-0.00148219
7.9340e-02,-0.025,-0.00166344
7.9350e-02,-0.036875,-0.00168125
7.9360e-02,-0.0428125,-0.00168344
7.9370e-02,-0.0260937,-0.00222938
7.9380e-02,-0.0323438,-0.00135125
7.9390e-02,-0.0321875,-0.00196844
7.9400e-02,-0.038125,-0.00121656
7.9410e-02,-0.0282813,-0.0016575
7.9420e-02,-0.0290625,-0.00130031
7.9430e-02,-0.02625,-0.00117563
7.9440e-02,-0.0240625,-0.00165344
7.9450e-02,-0.0289063,-0.00147313
7.9460e-02,-0.0370313,-0.0013225
7.9470e-02,-0.038125,-0.00171844
7.9480e-02,-0.0215625,-0.00162281
7.9490e-02,-0.034375,-0.00208813
7.9500e-02,-0.0342187,-0.00181156
7.9510e-02,-0.0317188,-0.00184094
7.9520e-02,-0.0385937,-0.00207875
7.9530e-02,-0.038125,-0.00168281
7.9540e-02,-0.0342187,-0.00168844
7.9550e-02,-0.0376563,-0.00215313
7.9560e-02,-0.0396875,-0.00156906
7.9570e-02,-0.0332812,-0.00223531
7.9580e-02,-0.0284375,-0.00162031
7.9590e-02,-0.0428125,-0.00142188
7.9600e-02,-0.0328125,-0.00168563
7.9610e-02,-0.0303125,-0.00170563
7.9620e-02,-0.0323438,-0.00139219
7.9630e-02,-0.0264062,-0.00144219
7.9640e-02,-0.0248438,-0.00106844
7.9650e-02,-0.0348437,-0.00204281
7.9660e-02,-0.0348437,-0.00120125
7.9670e-02,-0.0428125,-0.00123031
7.9680e-02,-0.0260937,-0.00196688
7.9690e-02,-0.028125,-0.001855
7.9700e-02,-0.0396875,-0.00184281
7.9710e-02,-0.045,-0.002195
7.9720e-02,-0.044375,-0.00168094
7.9730e-02,-0.0279688,-0.00212125
7.9740e-02,-0.0434375,-0.00201688
7.9750e-02,-0.0370313,-0.00198875
7.9760e-02,-0.0415625,-0.00135375
7.9770e-02,-0.0351562,-0.00109156
7.9780e-02,-0.0329688,-0.00198
7.9790e-02,-0.0298438,-0.00130563
7.9800e-02,-0.0290625,-0.00150938
7.9810e-02,-0.0373438,-0.00165094
7.9820e-02,-0.0342187,-0.00195188
7.9830e-02,-0.0457813,-0.00165438
7.9840e-02,-0.0310937,-0.00191219
7.9850e-02,-0.029375,-0.00185094
7.9860e-02,-0.0421875,-0.00153938
7.9870e-02,-0.030625,-0.00163594
7.9880e-02,-0.033125,-0.00181281
7.9890e-02,-0.0451563,-0.00137188
7.9900e-02,-0.04125,-0.00153781
7.9910e-02,-0.0504687,-0.00157125
7.9920e-02,-0.0329688,-0.00150625
7.9930e-02,-0.0367188,-0.00134031
7.9940e-02,-0.0434375,-0.00178219
7.9950e-02,-0.0457813,-0.000896875
7.9960e-02,-0.0389063,-0.00177938
7.9970e-02,-0.0373438,-0.00171125
7.9980e-02,-0.04875,-0.0018675
7.9990e-02,-0.033125,-0.000813125
8.0000e-02,-0.0323438,-0.0018475
8.0010e-02,-0.0303125,-0.00136938
8.0020e-02,-0.0332812,-0.00133281
8.0030e-02,-0.0373438,-0.00136219
8.0040e-02,-0.0307813,-0.00183281
8.0050e-02,-0.0353125,-0.00188219
8.0060e-02,-0.0335937,-0.0018375
8.0070e-02,-0.030625,-0.00199687
8.0080e-02,-0.0275,-0.00203125
8.0090e-02,-0.0403125,-0.00213594
8.0100e-02,-0.0357813,-0.00171688
8.0110e-02,-0.039375,-0.00204844
8.0120e-02,-0.0353125,-0.00147313
8.0130e-02,-0.0478125,-0.00146969
8.0140e-02,-0.0315625,-0.00171969
8.0150e-02,-0.0315625,-0.00130563
8.0160e-02,-0.0390625,-0.00157813
8.0170e-02,-0.0382813,-0.00155375
8.0180e-02,-0.0442188,-0.001125
8.0190e-02,-0.0323438,-0.00167
8.0200e-02,-0.033125,-0.00185031
8.0210e-02,-0.0415625,-0.00168188
8.0220e-02,-0.0314062,-0.00187094
8.0230e-02,-0.0392187,-0.00164813
8.0240e-02,-0.0304688,-0.00136969
8.0250e-02,-0.045625,-0.00172063
8.0260e-02,-0.0348437,-0.00202281
8.0270e-02,-0.0404687,-0.00147594
8.0280e-02,-0.035625,-0.00226063
8.0290e-02,-0.031875,-0.00173
8.0300e-02,-0.03625,-0.00169875
8.0310e-02,-0.03,-0.00183469
8.0320e-02,-0.0301563,-0.00192094
8.0330e-02,-0.0434375,-0.00200063
8.0340e-02,-0.026875,-0.0016875
8.0350e-02,-0.0359375,-0.00169969
8.0360e-02,-0.0228125,-0.001685
8.0370e-02,-0.0454688,-0.00218188
8.0380e-02,-0.03125,-0.00137563
8.0390e-02,-0.0446875,-0.00209375
8.0400e-02,-0.0417187,-0.00175406
8.0410e-02,-0.0264062,-0.00163063
8.0420e-02,-0.0279688,-0.00111344
8.0430e-02,-0.0382813,-0.00126125
8.0440e-02,-0.036875,-0.00123531
8.0450e-02,-0.0439063,-0.00199344
8.0460e-02,-0.0365625,-0.00158594
8.0470e-02,-0.0389063,-0.00172813
8.0480e-02,-0.0535937,-0.00128844
8.0490e-02,-0.034375,-0.00148563
8.0500e-02,-0.0364063,-0.00169188
8.0510e-02,-0.0521875,-0.0018025
8.0520e-02,-0.0345312,-0.00132031
8.0530e-02,-0.0334375,-0.00190031
8.0540e-02,-0.0495312,-0.00195875
8.0550e-02,-0.0460938,-0.00197531
8.0560e-02,-0.0348437,-0.00161875
8.0570e-02,-0.0315625,-0.00194125
8.0580e-02,-0.0378125,-0.0020575
8.0590e-02,-0.0370313,-0.00209719
8.0600e-02,-0.0385937,-0.00198188
8.0610e-02,-0.0351562,-0.0018975
8.0620e-02,-0.0490625,-0.00145938
8.0630e-02,-0.0320312,-0.00177563
8.0640e-02,-0.0385937,-0.00140688
8.0650e-02,-0.0423437,-0.00135656
8.0660e-02,-0.0435938,-0.00153156
8.0670e-02,-0.030625,-0.00131125
8.0680e-02,-0.0240625,-0.00167688
8.0690e-02,-0.0371875,-0.00161406
8.0700e-02,-0.0420312,-0.00182625
8.0710e-02,-0.0379688,-0.00188563
8.0720e-02,-0.0445313,-0.00154531
8.0730e-02,-0.0385937,-0.00185813
8.0740e-02,-0.0459375,-0.00178719
8.0750e-02,-0.0425,-0.00083625
8.0760e-02,-0.0265625,-0.00178563
8.0770e-02,-0.0503125,-0.000639375
8.0780e-02,-0.044375,-0.00151563
8.0790e-02,-0.034375,-0.00121719
8.0800e-02,-0.0425,-0.00146938
8.0810e-02,-0.0376563,-0.00153313
8.0820e-02,-0.039375,-0.00115219
8.0830e-02,-0.04875,-0.00166813
8.0840e-02,-0.0345312,-0.00170344
8.0850e-02,-0.045,-0.00176813
8.0860e-02,-0.0440625,-0.00186281
8.0870e-02,-0.0420312,-0.00182938
8.0880e-02,-0.0340625,-0.001395
8.0890e-02,-0.0417187,-0.00192469
8.0900e-02,-0.0420312,-0.00152781
8.0910e-02,-0.0378125,-0.00179438
8.0920e-02,-0.0470312,-0.00197063
8.0930e-02,-0.0371875,-0.00176813
8.0940e-02,-0.0367188,-0.00212
8.0950e-02,-0.0485938,-0.00243344
8.0960e-02,-0.0271875,-0.00169906
8.0970e-02,-0.0384375,-0.00142813
8.0980e-02,-0.0351562,-0.00135031
8.0990e-02,-0.034375,-0.00188281
8.1000e-02,-0.0464062,-0.00143313
8.1010e-02,-0.0335937,-0.00145281
8.1020e-02,-0.0590625,-0.00107781
8.1030e-02,-0.0335937,-0.00147313
8.1040e-02,-0.0359375,-0.0010575
8.1050e-02,-0.0440625,-0.00179156
8.1060e-02,-0.040625,-0.000752188
8.1070e-02,-0.041875,-0.0019975
8.1080e-02,-0.0407813,-0.00185938
8.1090e-02,-0.0328125,-0.00203
8.1100e-02,-0.0384375,-0.00125406
8.1110e-02,-0.0403125,-0.00185813
8.1120e-02,-0.0442188,-0.00158844
8.1130e-02,-0.0535937,-0.00131219
8.1140e-02,-0.0504687,-0.00133094
8.1150e-02,-0.0403125,-0.00148344
8.1160e-02,-0.0540625,-0.00097875
8.1170e-02,-0.040625,-0.00127688
8.1180e-02,-0.0296875,-0.00134
8.1190e-02,-0.0390625,-0.00172156
8.1200e-02,-0.0473438,-0.00181344
8.1210e-02,-0.0396875,-0.00200438
8.1220e-02,-0.0432813,-0.00195406
8.1230e-02,-0.036875,-0.00118875
8.1240e-02,-0.0459375,-0.00172813
8.1250e-02,-0.049375,-0.00131156
8.1260e-02,-0.0451563,-0.00195656
8.1270e-02,-0.0407813,-0.00138156
8.1280e-02,-0.0425,-0.00151188
8.1290e-02,-0.0407813,-0.00140938
8.1300e-02,-0.0485938,-0.00118344
8.1310e-02,-0.0442188,-0.00180219
8.1320e-02,-0.0389063,-0.00191719
8.1330e-02,-0.0325,-0.00155406
8.1340e-02,-0.04125,-0.00120656
8.1350e-02,-0.0334375,-0.00177906
8.1360e-02,-0.0360938,-0.00175313
8.1370e-02,-0.0440625,-0.00148469
8.1380e-02,-0.041875,-0.00119344
8.1390e-02,-0.0564063,-0.001605
8.1400e-02,-0.0271875,-0.00178188
8.1410e-02,-0.0457813,-0.00134719
8.1420e-02,-0.0414063,-0.00143875
8.1430e-02,-0.0340625,-0.00194313
8.1440e-02,-0.0404687,-0.00195
8.1450e-02,-0.0403125,-0.0018225
8.1460e-02,-0.0446875,-0.00223438
8.1470e-02,-0.0364063,-0.00190469
8.1480e-02,-0.046875,-0.00221
8.1490e-02,-0.0373438,-0.0014175
8.1500e-02,-0.0392187,-0.0018625
8.1510e-02,-0.0545313,-0.00170906
8.1520e-02,-0.0332812,-0.00177188
8.1530e-02,-0.0420312,-0.00152688
8.1540e-02,-0.0351562,-0.00152719
8.1550e-02,-0.0546875,-0.00160844
8.1560e-02,-0.0395313,-0.00121781
8.1570e-02,-0.0546875,-0.00202563
8.1580e-02,-0.0492188,-0.00195969
8.1590e-02,-0.0309375,-0.001665
8.1600e-02,-0.0342187,-0.00142938
8.1610e-02,-0.0425,-0.00177969
8.1620e-02,-0.0360938,-0.00165563
8.1630e-02,-0.0457813,-0.00226344
8.1640e-02,-0.04625,-0.00191906
8.1650e-02,-0.0357813,-0.00150688
8.1660e-02,-0.0384375,-0.00145625
8.1670e-02,-0.04875,-0.0016575
8.1680e-02,-0.0448438,-0.00210656
8.1690e-02,-0.0432813,-0.00201031
8.1700e-02,-0.0440625,-0.00134313
8.1710e-02,-0.0332812,-0.00152719
8.1720e-02,-0.0420312,-0.0014575
8.1730e-02,-0.0415625,-0.00164406
8.1740e-02,-0.0442188,-0.00177844
8.1750e-02,-0.044375,-0.00159219
8.1760e-02,-0.0501562,-0.00193188
8.1770e-02,-0.0451563,-0.00087375
8.1780e-02,-0.04625,-0.00155813
8.1790e-02,-0.0346875,-0.00160531
8.1800e-02,-0.0396875,-0.00200469
8.1810e-02,-0.0451563,-0.00186531
8.1820e-02,-0.0451563,-0.00177938
8.1830e-02,-0.0465625,-0.00150969
8.1840e-02,-0.03875,-0.00217
8.1850e-02,-0.0428125,-0.00211312
8.1860e-02,-0.0485938,-0.00172188
8.1870e-02,-0.0373438,-0.00189781
8.1880e-02,-0.0371875,-0.00145063
8.1890e-02,-0.04625,-0.00182688
8.1900e-02,-0.0482812,-0.00175406
8.1910e-02,-0.0453125,-0.00112625
8.1920e-02,-0.0467188,-0.00141438
8.1930e-02,-0.0404687,-0.0014625
8.1940e-02,-0.0410937,-0.00169156
8.1950e-02,-0.0346875,-0.00172656
8.1960e-02,-0.0409375,-0.0024025
8.1970e-02,-0.0432813,-0.00251969
8.1980e-02,-0.0371875,-0.00174406
8.1990e-02,-0.0475,-0.00183188
8.2000e-02,-0.0492188,-0.00175313
8.2010e-02,-0.0446875,-0.00178156
8.2020e-02,-0.0435938,-0.00162125
8.2030e-02,-0.0432813,-0.00204719
8.2040e-02,-0.0317188,-0.00213313
8.2050e-02,-0.0442188,-0.00186875
8.2060e-02,-0.0439063,-0.00198094
8.2070e-02,-0.0417187,-0.00181031
8.2080e-02,-0.0498438,-0.00158219
8.2090e-02,-0.0378125,-0.00183719
8.2100e-02,-0.0429688,-0.00168594
8.2110e-02,-0.0542187,-0.00168531
8.2120e-02,-0.040625,-0.00164594
8.2130e-02,-0.055,-0.00161219
8.2140e-02,-0.0420312,-0.00145813
8.2150e-02,-0.0379688,-0.00173813
8.2160e-02,-0.0464062,-0.00171969
8.2170e-02,-0.0446875,-0.00179938
8.2180e-02,-0.0529687,-0.00219688
8.2190e-02,-0.0421875,-0.00138344
8.2200e-02,-0.0407813,-0.00183375
8.2210e-02,-0.0409375,-0.00206875
8.2220e-02,-0.0375,-0.00208938
8.2230e-02,-0.04875,-0.00197313
8.2240e-02,-0.0439063,-0.00195719
8.2250e-02,-0.045625,-0.00204563
8.2260e-02,-0.03875,-0.00187563
8.2270e-02,-0.0317188,-0.00069625
8.2280e-02,-0.0495312,-0.00103656
8.2290e-02,-0.0484375,-0.00147281
8.2300e-02,-0.0496875,-0.00115594
8.2310e-02,-0.0485938,-0.00131594
8.2320e-02,-0.0567187,-0.00175656
8.2330e-02,-0.0401563,-0.00153594
8.2340e-02,-0.0453125,-0.00222406
8.2350e-02,-0.044375,-0.00123719
8.2360e-02,-0.0496875,-0.0017225
8.2370e-02,-0.0557813,-0.001255
8.2380e-02,-0.038125,-0.00157563
8.2390e-02,-0.0507812,-0.00147094
8.2400e-02,-0.048125,-0.00182594
8.2410e-02,-0.0365625,-0.00176781
8.2420e-02,-0.039375,-0.00125906
8.2430e-02,-0.0521875,-0.00225187
8.2440e-02,-0.0385937,-0.00200219
8.2450e-02,-0.043125,-0.00186
8.2460e-02,-0.0389063,-0.00169125
8.2470e-02,-0.0448438,-0.00218812
8.2480e-02,-0.0426562,-0.00162969
8.2490e-02,-0.0464062,-0.00160375
8.2500e-02,-0.0410937,-0.00134688
8.2510e-02,-0.0446875,-0.00157094
8.2520e-02,-0.0379688,-0.00132813
8.2530e-02,-0.0429688,-0.00188594
8.2540e-02,-0.05875,-0.00124469
8.2550e-02,-0.031875,-0.00204688
8.2560e-02,-0.0465625,-0.001215
8.2570e-02,-0.038125,-0.00247969
8.2580e-02,-0.0409375,-0.00152344
8.2590e-02,-0.0523437,-0.00194281
8.2600e-02,-0.043125,-0.00103688
8.2610e-02,-0.041875,-0.00200156
8.2620e-02,-0.0475,-0.000859688
8.2630e-02,-0.036875,-0.00166063
8.2640e-02,-0.04,-0.00155813
8.2650e-02,-0.0528125,-0.00218469
8.2660e-02,-0.0414063,-0.00136031
8.2670e-02,-0.0454688,-0.00217719
8.2680e-02,-0.0340625,-0.0015525
8.2690e-02,-0.0517188,-0.00207563
8.2700e-02,-0.0460938,-0.00143969
8.2710e-02,-0.0475,-0.00150563
8.2720e-02,-0.0459375,-0.00164469
8.2730e-02,-0.0390625,-0.00171375
8.2740e-02,-0.040625,-0.00144156
8.2750e-02,-0.0546875,-0.00127
8.2760e-02,-0.0554687,-0.00183156
8.2770e-02,-0.0385937,-0.00131438
8.2780e-02,-0.053125,-0.00151688
8.2790e-02,-0.0385937,-0.00205344
8.2800e-02,-0.0429688,-0.00181344
8.2810e-02,-0.0395313,-0.00175813
8.2820e-02,-0.0453125,-0.00241063
8.2830e-02,-0.0423437,-0.00204313
8.2840e-02,-0.0554687,-0.00156219
8.2850e-02,-0.0453125,-0.00222563
8.2860e-02,-0.0425,-0.00169188
8.2870e-02,-0.0445313,-0.00168656
8.2880e-02,-0.0409375,-0.00162094
8.2890e-02,-0.0395313,-0.00145219
8.2900e-02,-0.0385937,-0.00115219
8.2910e-02,-0.0482812,-0.0016175
8.2920e-02,-0.0389063,-0.00168594
8.2930e-02,-0.0479688,-0.00175063
8.2940e-02,-0.0434375,-0.00206719
8.2950e-02,-0.0573437,-0.00162156
8.2960e-02,-0.0460938,-0.00148156
8.2970e-02,-0.0414063,-0.00198813
8.2980e-02,-0.0445313,-0.00135156
8.2990e-02,-0.0351562,-0.00181219
8.3000e-02,-0.0367188,-0.00162281
8.3010e-02,-0.0482812,-0.00177813
8.3020e-02,-0.039375,-0.00127219
8.3030e-02,-0.0551563,-0.00174063
8.3040e-02,-0.048125,-0.00212031
8.3050e-02,-0.0482812,-0.00235625
8.3060e-02,-0.0445313,-0.00211844
8.3070e-02,-0.04375,-0.00205906
8.3080e-02,-0.0373438,-0.00136938
8.3090e-02,-0.04375,-0.001425
8.3100e-02,-0.0382813,-0.00134375
8.3110e-02,-0.0489062,-0.00125594
8.3120e-02,-0.0445313,-0.00162375
8.3130e-02,-0.0414063,-0.00167656
8.3140e-02,-0.0426562,-0.00203875
8.3150e-02,-0.0470312,-0.0023675
8.3160e-02,-0.0435938,-0.0017325
8.3170e-02,-0.0370313,-0.00203875
8.3180e-02,-0.054375,-0.00192438
8.3190e-02,-0.0460938,-0.00138281
8.3200e-02,-0.0471875,-0.00176406
8.3210e-02,-0.0410937,-0.000994375
8.3220e-02,-0.040625,-0.000970625
8.3230e-02,-0.0485938,-0.00115281
8.3240e-02,-0.044375,-0.001335
8.3250e-02,-0.0482812,-0.00144781
8.3260e-02,-0.050625,-0.00170375
8.3270e-02,-0.0410937,-0.0011475
8.3280e-02,-0.045,-0.00189313
8.3290e-02,-0.0479688,-0.001635
8.3300e-02,-0.0532813,-0.00143063
8.3310e-02,-0.0514063,-0.00165313
8.3320e-02,-0.0357813,-0.00181563
8.3330e-02,-0.0551563,-0.00210594
8.3340e-02,-0.05,-0.00159156
8.3350e-02,-0.0498438,-0.0017775
8.3360e-02,-0.0395313,-0.00160781
8.3370e-02,-0.0390625,-0.00158219
8.3380e-02,-0.0298438,-0.00175156
8.3390e-02,-0.0392187,-0.00181438
8.3400e-02,-0.0542187,-0.00160438
8.3410e-02,-0.0540625,-0.00193938
8.3420e-02,-0.045625,-0.00166406
8.3430e-02,-0.0432813,-0.00166219
8.3440e-02,-0.0407813,-0.00158906
8.3450e-02,-0.0328125,-0.00168063
8.3460e-02,-0.0445313,-0.00201812
8.3470e-02,-0.0470312,-0.00169406
8.3480e-02,-0.04625,-0.00152688
8.3490e-02,-0.0359375,-0.00199781
8.3500e-02,-0.0429688,-0.00151094
8.3510e-02,-0.0415625,-0.00180219
8.3520e-02,-0.045625,-0.00202656
8.3530e-02,-0.0451563,-0.00147625
8.3540e-02,-0.0371875,-0.00169813
8.3550e-02,-0.055625,-0.00181094
8.3560e-02,-0.056875,-0.00202094
8.3570e-02,-0.0417187,-0.00179375
8.3580e-02,-0.0482812,-0.00159156
8.3590e-02,-0.04125,-0.00174813
8.3600e-02,-0.0446875,-0.00204469
8.3610e-02,-0.0429688,-0.00161125
8.3620e-02,-0.0451563,-0.00226156
8.3630e-02,-0.0376563,-0.000996563
8.3640e-02,-0.0395313,-0.00162344
8.3650e-02,-0.0409375,-0.000795625
8.3660e-02,-0.0501562,-0.00204063
8.3670e-02,-0.0484375,-0.00116906
8.3680e-02,-0.04625,-0.001365
8.3690e-02,-0.0376563,-0.00161313
8.3700e-02,-0.0520313,-0.00161938
8.3710e-02,-0.0340625,-0.00126344
8.3720e-02,-0.045,-0.00154375
8.3730e-02,-0.0348437,-0.00168656
8.3740e-02,-0.0517188,-0.00154688
8.3750e-02,-0.0496875,-0.00184
8.3760e-02,-0.0479688,-0.00159813
8.3770e-02,-0.0451563,-0.00142313
8.3780e-02,-0.0432813,-0.00132781
8.3790e-02,-0.051875,-0.00138906
8.3800e-02,-0.0370313,-0.00110375
8.3810e-02,-0.039375,-0.0015925
8.3820e-02,-0.045,-0.00137313
8.3830e-02,-0.0617188,-0.00170406
8.3840e-02,-0.0475,-0.00207031
8.3850e-02,-0.0429688,-0.00162438
8.3860e-02,-0.03625,-0.00168875
8.3870e-02,-0.04,-0.00157469
8.3880e-02,-0.0395313,-0.00170625
8.3890e-02,-0.038125,-0.00167656
8.3900e-02,-0.038125,-0.0021075
8.3910e-02,-0.0453125,-0.00135469
8.3920e-02,-0.0375,-0.0019675
8.3930e-02,-0.034375,-0.002015
8.3940e-02,-0.050625,-0.00234375
8.3950e-02,-0.0385937,-0.00156781
8.3960e-02,-0.0370313,-0.00215531
8.3970e-02,-0.03875,-0.00188406
8.3980e-02,-0.0526563,-0.00202656
8.3990e-02,-0.06125,-0.00119219
8.4000e-02,-0.0367188,-0.001325
8.4010e-02,-0.0457813,-0.00190906
8.4020e-02,-0.0421875,-0.00223094
8.4030e-02,-0.055,-0.00167438
8.4040e-02,-0.031875,-0.00228875
8.4050e-02,-0.04,-0.00206563
8.4060e-02,-0.0453125,-0.00202563
8.4070e-02,-0.055,-0.0023125
8.4080e-02,-0.044375,-0.00181063
8.4090e-02,-0.0382813,-0.00164438
8.4100e-02,-0.0475,-0.00152625
8.4110e-02,-0.049375,-0.00145938
8.4120e-02,-0.0332812,-0.00114938
8.4130e-02,-0.0417187,-0.00127906
8.4140e-02,-0.0414063,-0.00155531
8.4150e-02,-0.0539063,-0.0015975
8.4160e-02,-0.0492188,-0.00107031
8.4170e-02,-0.0534375,-0.00199719
8.4180e-02,-0.049375,-0.00214
8.4190e-02,-0.0584375,-0.00198281
8.4200e-02,-0.0498438,-0.00222031
8.4210e-02,-0.0467188,-0.00166938
8.4220e-02,-0.0498438,-0.00139406
8.4230e-02,-0.0454688,-0.00184438
8.4240e-02,-0.048125,-0.00169688
8.4250e-02,-0.0392187,-0.00130406
8.4260e-02,-0.0476562,-0.000848438
8.4270e-02,-0.0378125,-0.00166969
8.4280e-02,-0.0429688,-0.00131688
8.4290e-02,-0.0407813,-0.00153625
8.4300e-02,-0.0420312,-0.00172906
8.4310e-02,-0.0601562,-0.00135813
8.4320e-02,-0.05,-0.0020175
8.4330e-02,-0.0451563,-0.00169625
8.4340e-02,-0.045,-0.00199656
8.4350e-02,-0.048125,-0.00191
8.4360e-02,-0.0646875,-0.0015175
8.4370e-02,-0.0460938,-0.00115031
8.4380e-02,-0.045625,-0.00132281
8.4390e-02,-0.04625,-0.00129938
8.4400e-02,-0.05,-0.00160156
8.4410e-02,-0.0340625,-0.00114719
8.4420e-02,-0.0520313,-0.00158625
8.4430e-02,-0.0489062,-0.00149375
8.4440e-02,-0.0482812,-0.00156813
8.4450e-02,-0.0470312,-0.00165281
8.4460e-02,-0.04,-0.0016225
8.4470e-02,-0.0434375,-0.00155719
8.4480e-02,-0.0490625,-0.00154281
8.4490e-02,0.140781,-0.00127531
8.4500e-02,0.955156,-0.00240125
8.4510e-02,-0.0603125,-0.00357563
8.4520e-02,-1.75438,-0.004765
8.4530e-02,-1.13938,-0.0051175
8.4540e-02,0.085625,-0.00524094
8.4550e-02,0.12125,-0.00529219
8.4560e-02,0.112188,-0.00520938
8.4570e-02,0.0764062,-0.0050425
8.4580e-02,0.0609375,-0.00503563
8.4590e-02,0.076875,-0.00499031
8.4600e-02,0.053125,-0.00515
8.4610e-02,0.0546875,-0.00521656
8.4620e-02,0.0523437,-0.00506375
8.4630e-02,0.0453125,-0.00504094
8.4640e-02,0.0434375,-0.0051275
8.4650e-02,0.0328125,-0.00500406
8.4660e-02,0.0321875,-0.00497188
8.4670e-02,0.0307812,-0.005045
8.4680e-02,0.0354688,-0.00526938
8.4690e-02,0.0284375,-0.00509281
8.4700e-02,0.0226562,-0.00507813
8.4710e-02,0.0275,-0.005195
8.4720e-02,0.0267188,-0.00497094
8.4730e-02,0.0276563,-0.00505125
8.4740e-02,0.0135937,-0.00513313
8.4750e-02,0.019375,-0.00427063
8.4760e-02,0.00671875,-0.00288938
8.4770e-02,0.009375,-0.00193938
8.4780e-02,-0.003125,-0.00179063
8.4790e-02,0.0096875,-0.002535
8.4800e-02,0.0270313,-0.00254375
8.4810e-02,0.005625,-0.00164656
8.4820e-02,0.0134375,-0.00187125
8.4830e-02,-0.001875,-0.00164281
8.4840e-02,0.0209375,-0.00189219
8.4850e-02,0.0165625,-0.00182
8.4860e-02,0.00953125,-0.00223719
8.4870e-02,-0.0059375,-0.00167875
8.4880e-02,0.00859375,-0.00141281
8.4890e-02,-0.00703125,-0.00159813
8.4900e-02,0.00921875,-0.00192938
8.4910e-02,-0.0053125,-0.00189969
8.4920e-02,0.0025,-0.001805
8.4930e-02,-0.00125,-0.00218031
8.4940e-02,0.0084375,-0.00177719
8.4950e-02,0.0096875,-0.00173219
8.4960e-02,-0.00359375,-0.00148281
8.4970e-02,-0.00640625,-0.00224719
8.4980e-02,-0.00578125,-0.00170781
8.4990e-02,0.00171875,-0.00194531
8.5000e-02,0.0034375,-0.00177906
8.5010e-02,0.00078125,-0.00173125
8.5020e-02,-0.00515625,-0.00126031
8.5030e-02,-0.0153125,-0.00211031
8.5040e-02,-0.00875,-0.00161719
8.5050e-02,-0.00734375,-0.00185625
8.5060e-02,-0.0101563,-0.00234875
8.5070e-02,-0.00875,-0.00211531
8.5080e-02,0.00296875,-0.00127344
8.5090e-02,-0.00015625,-0.00258875
8.5100e-02,-0.0015625,-0.00210156
8.5110e-02,0.00078125,-0.00206969
8.5120e-02,0.00828125,-0.00210031
8.5130e-02,0.0059375,-0.00194688
8.5140e-02,-0.0084375,-0.00182031
8.5150e-02,-0.00578125,-0.00181125
8.5160e-02,-0.001875,-0.00163906
8.5170e-02,-0.0153125,-0.00144844
8.5180e-02,-0.0151562,-0.00135438
8.5190e-02,-0.0135937,-0.00210156
8.5200e-02,-0.011875,-0.00197031
8.5210e-02,-0.00078125,-0.00190875
8.5220e-02,-0.0157813,-0.00205594
8.5230e-02,-0.01625,-0.00196875
8.5240e-02,-0.00625,-0.00211
8.5250e-02,0.0040625,-0.00191125
8.5260e-02,-0.0107813,-0.00226719
8.5270e-02,-0.0192187,-0.001965
8.5280e-02,0.00828125,-0.002355
8.5290e-02,-0.01875,-0.00205969
8.5300e-02,-0.0154687,-0.00196781
8.5310e-02,0.00140625,-0.00128781
8.5320e-02,-0.00765625,-0.00170094
8.5330e-02,-0.00796875,-0.00170969
8.5340e-02,-0.0123438,-0.00202656
8.5350e-02,-0.0204688,-0.00186688
8.5360e-02,-0.0159375,-0.00144875
8.5370e-02,-0.0132813,-0.00138531
8.5380e-02,-0.0260937,-0.00185969
8.5390e-02,-0.01125,-0.00126219
8.5400e-02,-0.0220313,-0.00140125
8.5410e-02,-0.0153125,-0.00142719
8.5420e-02,-0.0175,-0.00139563
8.5430e-02,-0.0134375,-0.00211625
8.5440e-02,-0.00796875,-0.00199969
8.5450e-02,-0.01625,-0.001825
8.5460e-02,0.00078125,-0.00185656
8.5470e-02,-0.0104688,-0.00151875
8.5480e-02,-0.008125,-0.00111188
8.5490e-02,-0.0220313,-0.00185188
8.5500e-02,-0.02125,-0.00177313
8.5510e-02,-0.0234375,-0.00160063
8.5520e-02,-0.0240625,-0.00175
8.5530e-02,-0.0148437,-0.00138219
8.5540e-02,-0.0154687,-0.00133938
8.5550e-02,-0.0167188,-0.0017025
8.5560e-02,-0.0179687,-0.00176594
8.5570e-02,-0.0215625,-0.00159875
8.5580e-02,-0.0289063,-0.00181563
8.5590e-02,-0.0228125,-0.001895
8.5600e-02,-0.0059375,-0.00188563
8.5610e-02,-0.0104688,-0.0013625
8.5620e-02,-0.0189062,-0.00142344
8.5630e-02,-0.0339062,-0.00131969
8.5640e-02,-0.0134375,-0.00160375
8.5650e-02,-0.0217188,-0.00182625
8.5660e-02,-0.02,-0.00156938
8.5670e-02,-0.0159375,-0.00142438
8.5680e-02,-0.0296875,-0.00151656
8.5690e-02,-0.02,-0.00172125
8.5700e-02,-0.0153125,-0.00213938
8.5710e-02,-0.0223437,-0.00154469
8.5720e-02,-0.0235938,-0.00223469
8.5730e-02,-0.0217188,-0.00148156
8.5740e-02,-0.0325,-0.00235875
8.5750e-02,-0.0254688,-0.00153031
8.5760e-02,-0.0025,-0.00227625
8.5770e-02,-0.0195312,-0.00186375
8.5780e-02,-0.0210938,-0.00161063
8.5790e-02,-0.0165625,-0.00189625
8.5800e-02,-0.0275,-0.00191469
8.5810e-02,-0.0226562,-0.00200844
8.5820e-02,-0.00734375,-0.00163375
8.5830e-02,-0.02,-0.00152906
8.5840e-02,-0.0310937,-0.00216
8.5850e-02,-0.0254688,-0.00173031
8.5860e-02,-0.0129688,-0.00150063
8.5870e-02,-0.0267187,-0.00152031
8.5880e-02,-0.015625,-0.00178344
8.5890e-02,-0.020625,-0.00255625
8.5900e-02,-0.0282813,-0.00168313
8.5910e-02,-0.0220313,-0.00216531
8.5920e-02,-0.0123438,-0.00209125
8.5930e-02,-0.0182812,-0.00187156
8.5940e-02,-0.01875,-0.00189188
8.5950e-02,-0.0251563,-0.00203219
8.5960e-02,-0.0282813,-0.00136875
8.5970e-02,-0.0214063,-0.00187438
8.5980e-02,-0.0175,-0.00141094
8.5990e-02,-0.0334375,-0.00165938
8.6000e-02,-0.0239063,-0.001405
8.6010e-02,-0.025625,-0.00151281
8.6020e-02,-0.0295313,-0.00177469
8.6030e-02,-0.0234375,-0.000893125
8.6040e-02,-0.0135937,-0.00174125
8.6050e-02,-0.040625,-0.00153313
8.6060e-02,-0.0204688,-0.00141
8.6070e-02,-0.0248438,-0.00148938
8.6080e-02,-0.0271875,-0.00202938
8.6090e-02,-0.02875,-0.001975
8.6100e-02,-0.0320312,-0.00209063
8.6110e-02,-0.0196875,-0.00221594
8.6120e-02,-0.0276563,-0.00166688
8.6130e-02,-0.028125,-0.00233406
8.6140e-02,-0.0170313,-0.00153656
8.6150e-02,-0.0239063,-0.00142313
8.6160e-02,-0.0298438,-0.00100344
8.6170e-02,-0.0359375,-0.00193125
8.6180e-02,-0.0228125,-0.000985
8.6190e-02,-0.028125,-0.00184188
8.6200e-02,-0.0321875,-0.00106906
8.6210e-02,-0.0376563,-0.00191688
8.6220e-02,-0.0264062,-0.00145188
8.6230e-02,-0.0164063,-0.0021825
8.6240e-02,-0.0303125,-0.00134
8.6250e-02,-0.0204688,-0.00164344
8.6260e-02,-0.0329688,-0.00118781
8.6270e-02,-0.0371875,-0.00174344
8.6280e-02,-0.0264062,-0.00137469
8.6290e-02,-0.0301563,-0.00201688
8.6300e-02,-0.0367188,-0.00173188
8.6310e-02,-0.0246875,-0.00142375
8.6320e-02,-0.03375,-0.00191531
8.6330e-02,-0.0259375,-0.00151156
8.6340e-02,-0.0232812,-0.00230594
8.6350e-02,-0.035625,-0.00156813
8.6360e-02,-0.0345312,-0.00194688
8.6370e-02,-0.0296875,-0.00154344
8.6380e-02,-0.0320312,-0.00221875
8.6390e-02,-0.02125,-0.00184781
8.6400e-02,-0.029375,-0.00230063
8.6410e-02,-0.0301563,-0.00200219
8.6420e-02,-0.0178125,-0.00234969
8.6430e-02,-0.0267187,-0.00216875
8.6440e-02,-0.0307813,-0.00207969
8.6450e-02,-0.03125,-0.00154094
8.6460e-02,-0.03375,-0.00167781
8.6470e-02,-0.0254688,-0.00156563
8.6480e-02,-0.025,-0.00169313
8.6490e-02,-0.0254688,-0.00164344
8.6500e-02,-0.0345312,-0.00138594
8.6510e-02,-0.023125,-0.00190063
8.6520e-02,-0.02625,-0.00132563
8.6530e-02,-0.0285938,-0.00164969
8.6540e-02,-0.0217188,-0.00130906
8.6550e-02,-0.0357813,-0.00155969
8.6560e-02,-0.0265625,-0.00186
8.6570e-02,-0.0226562,-0.00158875
8.6580e-02,-0.0296875,-0.00151469
8.6590e-02,-0.0332812,-0.00205625
8.6600e-02,-0.0184375,-0.00189156
8.6610e-02,-0.040625,-0.00172375
8.6620e-02,-0.045625,-0.00162063
8.6630e-02,-0.0375,-0.00195188
8.6640e-02,-0.0239063,-0.00177156
8.6650e-02,-0.0410937,-0.00151281
8.6660e-02,-0.0267187,-0.00195063
8.6670e-02,-0.0303125,-0.00165781
8.6680e-02,-0.034375,-0.00218844
8.6690e-02,-0.0378125,-0.00187313
8.6700e-02,-0.038125,-0.0017575
8.6710e-02,-0.0257812,-0.0013375
8.6720e-02,-0.02125,-0.00221375
8.6730e-02,-0.0301563,-0.00128406
8.6740e-02,-0.0235938,-0.00157406
8.6750e-02,-0.0304688,-0.000918438
8.6760e-02,-0.0421875,-0.00169438
8.6770e-02,-0.0290625,-0.00157406
8.6780e-02,-0.0323438,-0.00175844
8.6790e-02,-0.0317188,-0.00174
8.6800e-02,-0.0429688,-0.00168469
8.6810e-02,-0.0417187,-0.00208313
8.6820e-02,-0.0317188,-0.00200406
8.6830e-02,-0.0370313,-0.00195656
8.6840e-02,-0.0259375,-0.00122906
8.6850e-02,-0.0359375,-0.00228
8.6860e-02,-0.0215625,-0.00193125
8.6870e-02,-0.0203125,-0.00149281
8.6880e-02,-0.0317188,-0.00141563
8.6890e-02,-0.0415625,-0.00167094
8.6900e-02,-0.0353125,-0.00186656
8.6910e-02,-0.0228125,-0.0019925
8.6920e-02,-0.0242188,-0.00136969
8.6930e-02,-0.0359375,-0.0015375
8.6940e-02,-0.0182812,-0.00145281
8.6950e-02,-0.0335937,-0.00179563
8.6960e-02,-0.029375,-0.00152688
8.6970e-02,-0.0229687,-0.00114344
8.6980e-02,-0.0290625,-0.00113781
8.6990e-02,-0.0448438,-0.00104125
8.7000e-02,-0.033125,-0.00174813
8.7010e-02,-0.0320312,-0.00161875
8.7020e-02,-0.0432813,-0.00147031
8.7030e-02,-0.0267187,-0.00133188
8.7040e-02,-0.0325,-0.00141563
8.7050e-02,-0.03625,-0.00153563
8.7060e-02,-0.0303125,-0.00176719
8.7070e-02,-0.0326562,-0.00167063
8.7080e-02,-0.0395313,-0.00169469
8.7090e-02,-0.0348437,-0.00148938
8.7100e-02,-0.04,-0.00149375
8.7110e-02,-0.0340625,-0.00154875
8.7120e-02,-0.0298438,-0.0016825
8.7130e-02,-0.0321875,-0.00135781
8.7140e-02,-0.0426562,-0.00179781
8.7150e-02,-0.0245313,-0.00177469
8.7160e-02,-0.01875,-0.00136906
8.7170e-02,-0.0357813,-0.00194781
8.7180e-02,-0.0460938,-0.00132875
8.7190e-02,-0.0351562,-0.00237344
8.7200e-02,-0.0345312,-0.00153219
8.7210e-02,-0.0335937,-0.00215375
8.7220e-02,-0.0346875,-0.00146
8.7230e-02,-0.0282813,-0.00188531
8.7240e-02,-0.03375,-0.00187219
8.7250e-02,-0.0395313,-0.001465
8.7260e-02,-0.035625,-0.00167125
8.7270e-02,-0.0346875,-0.00213156
8.7280e-02,-0.03375,-0.00158344
8.7290e-02,-0.0298438,-0.00210156
8.7300e-02,-0.0359375,-0.00185906
8.7310e-02,-0.0376563,-0.00174219
8.7320e-02,-0.0325,-0.00159594
8.7330e-02,-0.0251563,-0.00186125
8.7340e-02,-0.0326562,-0.00191406
8.7350e-02,-0.0278125,-0.00144156
8.7360e-02,-0.0429688,-0.00155625
8.7370e-02,-0.0198438,-0.00159938
8.7380e-02,-0.0228125,-0.00147031
8.7390e-02,-0.0289063,-0.00127906
8.7400e-02,-0.0398437,-0.00235281
8.7410e-02,-0.0373438,-0.0015325
8.7420e-02,-0.0348437,-0.00192188
8.7430e-02,-0.0442188,-0.00156906
8.7440e-02,-0.0346875,-0.00177313
8.7450e-02,-0.038125,-0.00156
8.7460e-02,-0.0353125,-0.00161188
8.7470e-02,-0.03875,-0.0013275
8.7480e-02,-0.0334375,-0.00201188
8.7490e-02,-0.0371875,-0.00147281
8.7500e-02,-0.0428125,-0.00183
8.7510e-02,-0.0354688,-0.00112063
8.7520e-02,-0.0298438,-0.00170188
8.7530e-02,-0.0490625,-0.00174656
8.7540e-02,-0.0340625,-0.00149531
8.7550e-02,-0.0314062,-0.00170156
8.7560e-02,-0.0251563,-0.001645
8.7570e-02,-0.029375,-0.00172656
8.7580e-02,-0.0476562,-0.00157656
8.7590e-02,-0.0342187,-0.00185438
8.7600e-02,-0.0265625,-0.00210844
8.7610e-02,-0.0373438,-0.0016075
8.7620e-02,-0.0401563,-0.00175313
8.7630e-02,-0.0389063,-0.00140844
8.7640e-02,-0.0479688,-0.00120906
8.7650e-02,-0.0245313,-0.00130469
8.7660e-02,-0.0353125,-0.00164719
8.7670e-02,-0.0403125,-0.00194031
8.7680e-02,-0.0382813,-0.00228594
8.7690e-02,-0.0325,-0.00156781
8.7700e-02,-0.0335937,-0.00164813
8.7710e-02,-0.0426562,-0.00150188
8.7720e-02,-0.0301563,-0.0021525
8.7730e-02,-0.036875,-0.001415
8.7740e-02,-0.031875,-0.00153469
8.7750e-02,-0.0320312,-0.00157531
8.7760e-02,-0.0365625,-0.00174375
8.7770e-02,-0.03,-0.00183469
8.7780e-02,-0.0309375,-0.00146813
8.7790e-02,-0.0385937,-0.000821875
8.7800e-02,-0.031875,-0.00184875
8.7810e-02,-0.0429688,-0.00138156
8.7820e-02,-0.030625,-0.00246063
8.7830e-02,-0.0498438,-0.00170469
8.7840e-02,-0.03125,-0.00201313
8.7850e-02,-0.03875,-0.00199281
8.7860e-02,-0.0353125,-0.00225813
8.7870e-02,-0.0373438,-0.00135406
8.7880e-02,-0.0398437,-0.00161813
8.7890e-02,-0.0396875,-0.00134344
8.7900e-02,-0.0476562,-0.00169469
8.7910e-02,-0.046875,-0.00188469
8.7920e-02,-0.0195312,-0.0019225
8.7930e-02,-0.0339062,-0.00199687
8.7940e-02,-0.0328125,-0.00109406
8.7950e-02,-0.0446875,-0.0018475
8.7960e-02,-0.025625,-0.00194313
8.7970e-02,-0.0410937,-0.00161406
8.7980e-02,-0.0284375,-0.00139563
8.7990e-02,-0.0385937,-0.00170875
8.8000e-02,-0.035625,-0.00215969
8.8010e-02,-0.02875,-0.00140188
8.8020e-02,-0.0339062,-0.00139469
8.8030e-02,-0.0339062,-0.00218469
8.8040e-02,-0.0329688,-0.00140781
8.8050e-02,-0.0254688,-0.00162469
8.8060e-02,-0.0339062,-0.00151313
8.8070e-02,-0.0392187,-0.00172531
8.8080e-02,-0.0464062,-0.00159594
8.8090e-02,-0.0410937,-0.0016575
8.8100e-02,-0.0470312,-0.00184938
8.8110e-02,-0.045,-0.00152531
8.8120e-02,-0.0370313,-0.00202812
8.8130e-02,-0.0404687,-0.00105813
8.8140e-02,-0.0414063,-0.00206844
8.8150e-02,-0.0453125,-0.00145969
8.8160e-02,-0.0329688,-0.0017175
8.8170e-02,-0.0235938,-0.00158875
8.8180e-02,-0.0276563,-0.00187031
8.8190e-02,-0.0396875,-0.00106125
8.8200e-02,-0.0407813,-0.00278688
8.8210e-02,-0.0360938,-0.00196406
8.8220e-02,-0.0326562,-0.00214906
8.8230e-02,-0.0471875,-0.00159656
8.8240e-02,-0.0414063,-0.00185844
8.8250e-02,-0.0409375,-0.00115375
8.8260e-02,-0.0445313,-0.00172969
8.8270e-02,-0.0348437,-0.00128125
8.8280e-02,-0.05,-0.00159719
8.8290e-02,-0.045,-0.00169188
8.8300e-02,-0.0317188,-0.00217844
8.8310e-02,-0.0354688,-0.00185375
8.8320e-02,-0.0317188,-0.00249938
8.8330e-02,-0.0446875,-0.00185375
8.8340e-02,-0.0339062,-0.00190031
8.8350e-02,-0.0492188,-0.00155031
8.8360e-02,-0.0354688,-0.00163125
8.8370e-02,-0.0459375,-0.00153094
8.8380e-02,-0.0284375,-0.00153031
8.8390e-02,-0.0496875,-0.00187
8.8400e-02,-0.0457813,-0.00198156
8.8410e-02,-0.0340625,-0.00187
8.8420e-02,-0.0398437,-0.00150875
8.8430e-02,-0.0396875,-0.00217406
8.8440e-02,-0.0421875,-0.00131281
8.8450e-02,-0.0273438,-0.00176438
8.8460e-02,-0.04,-0.00139469
8.8470e-02,-0.0307813,-0.00131469
8.8480e-02,-0.0426562,-0.00127313
8.8490e-02,-0.0407813,-0.00124375
8.8500e-02,-0.0446875,-0.00110031
8.8510e-02,-0.0229687,-0.00164969
8.8520e-02,-0.0482812,-0.00159375
8.8530e-02,-0.05,-0.00196938
8.8540e-02,-0.0376563,-0.00194813
8.8550e-02,-0.0439063,-0.00181156
8.8560e-02,-0.0507812,-0.00181094
8.8570e-02,-0.0407813,-0.00188125
8.8580e-02,-0.0315625,-0.00150844
8.8590e-02,-0.039375,-0.00177031
8.8600e-02,-0.0254688,-0.00163344
8.8610e-02,-0.03125,-0.00173281
8.8620e-02,-0.043125,-0.00146781
8.8630e-02,-0.0410937,-0.00190313
8.8640e-02,-0.025625,-0.00195125
8.8650e-02,-0.0389063,-0.00142344
8.8660e-02,-0.048125,-0.00211
8.8670e-02,-0.0540625,-0.00124656
8.8680e-02,-0.0365625,-0.00221344
8.8690e-02,-0.038125,-0.00157969
8.8700e-02,-0.0315625,-0.00228312
8.8710e-02,-0.0332812,-0.00192969
8.8720e-02,-0.0321875,-0.00157563
8.8730e-02,-0.0348437,-0.00131719
8.8740e-02,-0.045,-0.00164969
8.8750e-02,-0.0375,-0.0014075
8.8760e-02,-0.046875,-0.00185656
8.8770e-02,-0.0320312,-0.00140625
8.8780e-02,-0.0364063,-0.00186125
8.8790e-02,-0.0335937,-0.00143313
8.8800e-02,-0.0421875,-0.0020725
8.8810e-02,-0.051875,-0.00174625
8.8820e-02,-0.0375,-0.00263781
8.8830e-02,-0.0354688,-0.00239531
8.8840e-02,-0.0371875,-0.00240094
8.8850e-02,-0.043125,-0.00170344
8.8860e-02,-0.0392187,-0.00182656
8.8870e-02,-0.034375,-0.00134094
8.8880e-02,-0.0476562,-0.00177813
8.8890e-02,-0.05,-0.001475
8.8900e-02,-0.045,-0.00184781
8.8910e-02,-0.0426562,-0.00201188
8.8920e-02,-0.048125,-0.00227563
8.8930e-02,-0.0426562,-0.00163406
8.8940e-02,-0.0353125,-0.00182406
8.8950e-02,-0.0439063,-0.0018075
8.8960e-02,-0.05375,-0.00218281
8.8970e-02,-0.0385937,-0.00149125
8.8980e-02,-0.0382813,-0.00162719
8.8990e-02,-0.0375,-0.00104156
8.9000e-02,-0.0464062,-0.00196781
8.9010e-02,-0.0523437,-0.00201531
8.9020e-02,-0.0404687,-0.00195719
8.9030e-02,-0.0348437,-0.00179813
8.9040e-02,-0.0457813,-0.00210375
8.9050e-02,-0.0348437,-0.00174
8.9060e-02,-0.0460938,-0.00238125
8.9070e-02,-0.0353125,-0.00145281
8.9080e-02,-0.0548437,-0.00232156
8.9090e-02,-0.045,-0.00204469
8.9100e-02,-0.0395313,-0.00196313
8.9110e-02,-0.0407813,-0.00187469
8.9120e-02,-0.0539063,-0.00157063
8.9130e-02,-0.0346875,-0.00165813
8.9140e-02,-0.0501562,-0.00103531
8.9150e-02,-0.0378125,-0.00142719
8.9160e-02,-0.0473438,-0.00159344
8.9170e-02,-0.0417187,-0.00181875
8.9180e-02,-0.0551563,-0.00176219
8.9190e-02,-0.0504687,-0.00208563
8.9200e-02,-0.049375,-0.00206344
8.9210e-02,-0.0417187,-0.0021825
8.9220e-02,-0.0426562,-0.00196406
8.9230e-02,-0.0432813,-0.00201906
8.9240e-02,-0.0389063,-0.00130313
8.9250e-02,-0.043125,-0.00129125
8.9260e-02,-0.0467188,-0.00186531
8.9270e-02,-0.049375,-0.00193563
8.9280e-02,-0.0459375,-0.00152094
8.9290e-02,-0.0529687,-0.00150781
8.9300e-02,-0.0398437,-0.00201531
8.9310e-02,-0.0421875,-0.00229469
8.9320e-02,-0.0476562,-0.00187031
8.9330e-02,-0.0521875,-0.00220406
8.9340e-02,-0.0421875,-0.00135375
8.9350e-02,-0.0359375,-0.00240875
8.9360e-02,-0.0328125,-0.00146094
8.9370e-02,-0.0501562,-0.00225313
8.9380e-02,-0.0495312,-0.00182813
8.9390e-02,-0.041875,-0.00169094
8.9400e-02,-0.0375,-0.00141625
8.9410e-02,-0.04125,-0.00139188
8.9420e-02,-0.039375,-0.00149656
8.9430e-02,-0.0404687,-0.00191188
8.9440e-02,-0.0445313,-0.00169531
8.9450e-02,-0.0409375,-0.00205344
8.9460e-02,-0.0479688,-0.00172219
8.9470e-02,-0.04625,-0.00167531
8.9480e-02,-0.0323438,-0.00149844
8.9490e-02,-0.03375,-0.0021675
8.9500e-02,-0.035625,-0.00141531
8.9510e-02,-0.0504687,-0.00185031
8.9520e-02,-0.0504687,-0.00146313
8.9530e-02,-0.0429688,-0.00190125
8.9540e-02,-0.044375,-0.00134594
8.9550e-02,-0.0498438,-0.00159531
8.9560e-02,-0.04375,-0.00189563
8.9570e-02,-0.045,-0.00153563
8.9580e-02,-0.045,-0.00204563
8.9590e-02,-0.04,-0.00194969
8.9600e-02,-0.0403125,-0.0019975
8.9610e-02,-0.029375,-0.00163781
8.9620e-02,-0.039375,-0.00186156
8.9630e-02,-0.0414063,-0.00165969
8.9640e-02,-0.045625,-0.00148938
8.9650e-02,-0.0409375,-0.00153219
8.9660e-02,-0.0409375,-0.00210625
8.9670e-02,-0.0490625,-0.0020225
8.9680e-02,-0.0507812,-0.00126188
8.9690e-02,-0.03875,-0.00165844
8.9700e-02,-0.0421875,-0.00165188
8.9710e-02,-0.05,-0.00202844
8.9720e-02,-0.0464062,-0.00151031
8.9730e-02,-0.0396875,-0.00159031
8.9740e-02,-0.0382813,-0.00169375
8.9750e-02,-0.0396875,-0.00153188
8.9760e-02,-0.0428125,-0.00189188

