Model,MDO4054-3
Firmware Version,2.20

Waveform Type,ANALOG,
Point Format,Y,
Horizontal Units,s,
Horizontal Scale,0.01,
Horizontal Delay,0.03977,
Sample Interval,1e-05,
Record Length,10000,
Gating,0.0% to 100.0%,
Probe Attenuation,1,
Vertical Units,V,
Vertical Offset,0,
Vertical Scale,1,
Vertical Position,0.02,
,,
,,
,,
Label,,
TIME,CH1,CH2
-1.0230e-02,-0.0567187,0.00038875
-1.0220e-02,-0.0620312,-0.000414063
-1.0210e-02,-0.0570313,-0.000564063
-1.0200e-02,-0.0517188,0.000244375
-1.0190e-02,-0.0590625,-8.3125e-05
-1.0180e-02,-0.04875,-7.875e-05
-1.0170e-02,-0.0614062,-9e-05
-1.0160e-02,-0.0439063,0.000157813
-1.0150e-02,-0.0671875,-8.40625e-05
-1.0140e-02,-0.0489062,0.0004275
-1.0130e-02,-0.0564063,-0.000223125
-1.0120e-02,-0.0509375,8.375e-05
-1.0110e-02,-0.0515625,-0.00170031
-1.0100e-02,-0.0484375,-0.000574688
-1.0090e-02,-0.05,0.00027375
-1.0080e-02,-0.0646875,-1.125e-05
-1.0070e-02,-0.0489062,-0.000559063
-1.0060e-02,-0.05125,0.000157188
-1.0050e-02,-0.0490625,-0.000383125
-1.0040e-02,-0.0596875,-0.0004725
-1.0030e-02,-0.0598438,9.96875e-05
-1.0020e-02,-0.0515625,-0.000365625
-1.0010e-02,-0.0514063,-0.0001025
-1.0000e-02,-0.0496875,-0.000306563
-9.9900e-03,-0.0551563,-0.000469063
-9.9800e-03,-0.0571875,-9.8125e-05
-9.9700e-03,-0.0482812,-0.000209063
-9.9600e-03,-0.0582813,-0.000102188
-9.9500e-03,-0.0551563,-0.000756563
-9.9400e-03,-0.0496875,0.000361875
-9.9300e-03,-0.0510938,-0.000487813
-9.9200e-03,-0.0507812,-0.00038
-9.9100e-03,-0.0529687,0.000145313
-9.9000e-03,-0.0548437,-8.625e-05
-9.8900e-03,-0.054375,0.00021875
-9.8800e-03,-0.055,-0.000342188
-9.8700e-03,-0.0582813,-0.000542188
-9.8600e-03,-0.0585938,-0.000600313
-9.8500e-03,-0.0567187,-0.00014125
-9.8400e-03,-0.0475,-0.000748438
-9.8300e-03,-0.0584375,-0.00114719
-9.8200e-03,-0.0540625,-0.000670938
-9.8100e-03,-0.0503125,-0.000515
-9.8000e-03,-0.0657812,-0.000356563
-9.7900e-03,-0.053125,-0.000419063
-9.7800e-03,-0.0534375,2.59375e-05
-9.7700e-03,-0.06,-0.000169375
-9.7600e-03,-0.0529687,0.00073625
-9.7500e-03,-0.0471875,-0.000277813
-9.7400e-03,-0.0517188,-0.000539688
-9.7300e-03,-0.0671875,-0.00036125
-9.7200e-03,-0.0490625,-0.000352813
-9.7100e-03,-0.0509375,2.53125e-05
-9.7000e-03,-0.0496875,-3.71875e-05
-9.6900e-03,-0.0610938,0.00010375
-9.6800e-03,-0.0520313,-0.00012125
-9.6700e-03,-0.0389063,0.000121563
-9.6600e-03,-0.05875,7e-05
-9.6500e-03,-0.0578125,-5.78125e-05
-9.6400e-03,-0.06,6.625e-05
-9.6300e-03,-0.0482812,-0.000976562
-9.6200e-03,-0.05125,-7.5e-05
-9.6100e-03,-0.0521875,-0.000423438
-9.6000e-03,-0.0446875,-7.40625e-05
-9.5900e-03,-0.0482812,-7.53125e-05
-9.5800e-03,-0.0470312,3.25e-05
-9.5700e-03,-0.0576563,-0.000570625
-9.5600e-03,-0.0478125,-0.000100938
-9.5500e-03,-0.0685937,-0.000414063
-9.5400e-03,-0.0570313,-0.000614687
-9.5300e-03,-0.0514063,-0.000377813
-9.5200e-03,-0.0639062,9.59375e-05
-9.5100e-03,-0.05875,-3.3125e-05
-9.5000e-03,-0.0567187,2.625e-05
-9.4900e-03,-0.05,-0.000234688
-9.4800e-03,-0.0557813,-1.0625e-05
-9.4700e-03,-0.0595313,-4.34375e-05
-9.4600e-03,-0.0576563,-0.000209688
-9.4500e-03,-0.0409375,-0.000104688
-9.4400e-03,-0.0696875,0.000385313
-9.4300e-03,-0.0595313,0.00014
-9.4200e-03,-0.049375,0.00080625
-9.4100e-03,-0.0585938,0.000335313
-9.4000e-03,-0.049375,-5.3125e-05
-9.3900e-03,-0.0482812,-0.000571563
-9.3800e-03,-0.054375,-0.000274688
-9.3700e-03,-0.0617188,-2.3125e-05
-9.3600e-03,-0.0546875,-0.000822188
-9.3500e-03,-0.0476562,-0.000552813
-9.3400e-03,-0.0470312,5.4375e-05
-9.3300e-03,-0.0651562,-0.000438125
-9.3200e-03,-0.0525,0.000296875
-9.3100e-03,-0.0529687,3.4375e-05
-9.3000e-03,-0.043125,0.00025125
-9.2900e-03,-0.0529687,-0.000399063
-9.2800e-03,-0.059375,0.000219063
-9.2700e-03,-0.05,5.6875e-05
-9.2600e-03,-0.0534375,-0.00027875
-9.2500e-03,-0.0590625,-0.000381875
-9.2400e-03,-0.060625,4.0625e-05
-9.2300e-03,-0.0598438,-0.00026625
-9.2200e-03,-0.0554687,-0.00071875
-9.2100e-03,-0.0703125,-0.00014125
-9.2000e-03,-0.0554687,5.28125e-05
-9.1900e-03,-0.0553125,0.00017875
-9.1800e-03,-0.05,5.78125e-05
-9.1700e-03,-0.0575,0.000723125
-9.1600e-03,-0.0542187,0.000127188
-9.1500e-03,-0.0520313,8.9375e-05
-9.1400e-03,-0.056875,0.000240313
-9.1300e-03,-0.0510938,0.000161563
-9.1200e-03,-0.05625,0.00034
-9.1100e-03,-0.0514063,-0.000510625
-9.1000e-03,-0.0578125,-4.25e-05
-9.0900e-03,-0.0539063,-0.000180625
-9.0800e-03,-0.0507812,-0.000234688
-9.0700e-03,-0.0551563,-0.000248438
-9.0600e-03,-0.0548437,-0.00040625
-9.0500e-03,-0.0621875,-0.000290938
-9.0400e-03,-0.0546875,-0.000681875
-9.0300e-03,-0.04625,-0.000668438
-9.0200e-03,-0.0565625,-0.000603438
-9.0100e-03,-0.0573437,-0.000220625
-9.0000e-03,-0.0484375,0.000404375
-8.9900e-03,-0.0479688,-9.375e-06
-8.9800e-03,-0.0517188,0.000139688
-8.9700e-03,-0.050625,-2.8125e-05
-8.9600e-03,-0.0571875,-0.000500938
-8.9500e-03,-0.0589063,-0.000119688
-8.9400e-03,-0.0585938,6.21875e-05
-8.9300e-03,-0.0428125,-0.00064
-8.9200e-03,-0.0526563,-0.000459375
-8.9100e-03,-0.063125,0.000223125
-8.9000e-03,-0.0582813,-0.000724688
-8.8900e-03,-0.050625,0.000396875
-8.8800e-03,-0.065,0.000761875
-8.8700e-03,-0.059375,0.000695313
-8.8600e-03,-0.0615625,-0.00021625
-8.8500e-03,-0.0690625,0.000195938
-8.8400e-03,-0.0492188,-0.000193438
-8.8300e-03,-0.0496875,-0.00090625
-8.8200e-03,-0.0576563,-0.000178125
-8.8100e-03,-0.0560937,-0.0006275
-8.8000e-03,-0.04375,-0.000200938
-8.7900e-03,-0.0621875,-0.000578125
-8.7800e-03,-0.0614062,2.875e-05
-8.7700e-03,-0.0521875,-0.000439688
-8.7600e-03,-0.050625,0.000245
-8.7500e-03,-0.0567187,0.000315938
-8.7400e-03,-0.05125,-0.000466875
-8.7300e-03,-0.0623438,-0.000444688
-8.7200e-03,-0.0532813,0.00050125
-8.7100e-03,-0.06,0.0002475
-8.7000e-03,-0.055,-0.00082625
-8.6900e-03,-0.0401563,-0.00073875
-8.6800e-03,-0.048125,-0.000648125
-8.6700e-03,-0.058125,-0.0010425
-8.6600e-03,-0.059375,-0.000927813
-8.6500e-03,-0.044375,-0.000214688
-8.6400e-03,-0.056875,5.1875e-05
-8.6300e-03,-0.0573437,0.0008425
-8.6200e-03,-0.05875,0.000147188
-8.6100e-03,-0.05375,0.000783438
-8.6000e-03,-0.0725,-0.000234063
-8.5900e-03,-0.05625,-0.000304687
-8.5800e-03,-0.0526563,9.40625e-05
-8.5700e-03,-0.0525,-0.000705625
-8.5600e-03,-0.05875,-0.000221563
-8.5500e-03,-0.0460938,-0.000790313
-8.5400e-03,-0.0465625,-0.000765625
-8.5300e-03,-0.0551563,0.000165313
-8.5200e-03,-0.0446875,-0.000702813
-8.5100e-03,-0.0632812,-0.000779063
-8.5000e-03,-0.0576563,-0.000205625
-8.4900e-03,-0.0610938,-0.000373438
-8.4800e-03,-0.06125,-9.8125e-05
-8.4700e-03,-0.0567187,-0.00062
-8.4600e-03,-0.0434375,-0.000548438
-8.4500e-03,-0.0467188,-0.000412188
-8.4400e-03,-0.0528125,1.625e-05
-8.4300e-03,-0.0540625,-1.21875e-05
-8.4200e-03,-0.0467188,-0.000235625
-8.4100e-03,-0.0559375,-0.000139688
-8.4000e-03,-0.0439063,-0.000219375
-8.3900e-03,-0.0653125,-3.75e-06
-8.3800e-03,-0.0484375,-0.000148125
-8.3700e-03,-0.061875,-0.000623125
-8.3600e-03,-0.0496875,-0.000780625
-8.3500e-03,-0.0542187,-0.000375625
-8.3400e-03,-0.0475,-0.000202813
-8.3300e-03,-0.0598438,-0.000386563
-8.3200e-03,-0.0415625,-0.000323438
-8.3100e-03,-0.0614062,0.000258125
-8.3000e-03,-0.0614062,-0.000353438
-8.2900e-03,-0.0614062,0.000238438
-8.2800e-03,-0.0539063,-0.000669063
-8.2700e-03,-0.0617188,-0.000530938
-8.2600e-03,-0.0554687,-0.000101563
-8.2500e-03,-0.0514063,-0.000335313
-8.2400e-03,-0.0598438,-0.000412188
-8.2300e-03,-0.0571875,-0.000553438
-8.2200e-03,-0.0623438,-0.000644375
-8.2100e-03,-0.0567187,-0.000809063
-8.2000e-03,-0.0476562,-0.000284688
-8.1900e-03,-0.0482812,0.000194375
-8.1800e-03,-0.06,0.000749375
-8.1700e-03,-0.055,2.21875e-05
-8.1600e-03,-0.0675,-0.000155938
-8.1500e-03,-0.0567187,-0.000287188
-8.1400e-03,-0.0429688,-0.000502188
-8.1300e-03,-0.0654688,-0.0004625
-8.1200e-03,-0.0429688,-0.0005125
-8.1100e-03,-0.0592188,-0.000997188
-8.1000e-03,-0.0525,-0.00118969
-8.0900e-03,-0.056875,-0.000921875
-8.0800e-03,-0.0529687,-3.15625e-05
-8.0700e-03,-0.0564063,-0.000405625
-8.0600e-03,-0.0520313,-0.000133438
-8.0500e-03,-0.0567187,-0.000382813
-8.0400e-03,-0.0559375,-0.000368125
-8.0300e-03,-0.04875,-0.000227188
-8.0200e-03,-0.0551563,-0.0001925
-8.0100e-03,-0.0585938,-0.000298438
-8.0000e-03,-0.0514063,-0.000271875
-7.9900e-03,-0.0392187,-0.000290313
-7.9800e-03,-0.0510938,8.1875e-05
-7.9700e-03,-0.0473438,-0.00108594
-7.9600e-03,-0.0554687,-0.000969688
-7.9500e-03,-0.0525,-0.000826875
-7.9400e-03,-0.0526563,-0.00022375
-7.9300e-03,-0.0340625,-0.000338438
-7.9200e-03,-0.0607812,-1.59375e-05
-7.9100e-03,-0.0454688,0.000169688
-7.9000e-03,-0.0657812,9.46875e-05
-7.8900e-03,-0.0567187,0.0007125
-7.8800e-03,-0.0476562,0.000285
-7.8700e-03,-0.051875,8.71875e-05
-7.8600e-03,-0.0589063,-0.000256563
-7.8500e-03,-0.0492188,8.5625e-05
-7.8400e-03,-0.0532813,0.000595938
-7.8300e-03,-0.0564063,-8.4375e-05
-7.8200e-03,-0.0498438,-0.000189375
-7.8100e-03,-0.054375,-7e-05
-7.8000e-03,-0.0579687,-0.00133906
-7.7900e-03,-0.06,0.000541875
-7.7800e-03,-0.058125,-0.00087625
-7.7700e-03,-0.0471875,-0.00047375
-7.7600e-03,-0.049375,-4.5e-05
-7.7500e-03,-0.0439063,7.75e-05
-7.7400e-03,-0.0521875,0.000465313
-7.7300e-03,-0.0607812,-7.59375e-05
-7.7200e-03,-0.0579687,0.000580313
-7.7100e-03,-0.055625,-0.000494375
-7.7000e-03,-0.0467188,-0.000662813
-7.6900e-03,-0.0617188,-0.000135313
-7.6800e-03,-0.0610938,-0.0002975
-7.6700e-03,-0.0617188,-0.00074
-7.6600e-03,-0.044375,5.53125e-05
-7.6500e-03,-0.04875,-0.000132813
-7.6400e-03,-0.06375,0.000190625
-7.6300e-03,-0.0484375,-0.000144688
-7.6200e-03,-0.0529687,-0.000543125
-7.6100e-03,-0.0453125,-0.000582812
-7.6000e-03,-0.0584375,4.84375e-05
-7.5900e-03,-0.046875,-0.000351563
-7.5800e-03,-0.0523437,-0.000155313
-7.5700e-03,-0.0657812,-0.000220313
-7.5600e-03,-0.0525,8.75e-05
-7.5500e-03,-0.0423437,-0.0003825
-7.5400e-03,-0.0565625,-0.000279375
-7.5300e-03,-0.0648438,-0.000219375
-7.5200e-03,-0.0653125,-0.000239375
-7.5100e-03,-0.0557813,-0.000145625
-7.5000e-03,-0.060625,-0.000499063
-7.4900e-03,-0.0565625,-0.000734688
-7.4800e-03,-0.0501562,-0.000225625
-7.4700e-03,-0.05625,-0.000100313
-7.4600e-03,-0.0509375,-0.000930313
-7.4500e-03,-0.0520313,-0.000132188
-7.4400e-03,-0.055,0.0007475
-7.4300e-03,-0.039375,0.000460625
-7.4200e-03,-0.0667188,0.000366875
-7.4100e-03,-0.0521875,0.00011125
-7.4000e-03,-0.051875,0.000418438
-7.3900e-03,-0.0542187,-0.000115938
-7.3800e-03,-0.0535937,-0.0003475
-7.3700e-03,-0.0453125,-0.000475313
-7.3600e-03,-0.0596875,0.000148438
-7.3500e-03,-0.0545313,-0.000507813
-7.3400e-03,-0.0476562,-0.000580313
-7.3300e-03,-0.05375,-1.625e-05
-7.3200e-03,-0.05125,-0.000578125
-7.3100e-03,-0.054375,-0.000615313
-7.3000e-03,-0.0517188,0.000677188
-7.2900e-03,-0.056875,3.5e-05
-7.2800e-03,-0.0501562,-8.8125e-05
-7.2700e-03,-0.049375,9.6875e-06
-7.2600e-03,-0.0553125,-0.00036875
-7.2500e-03,-0.0559375,0.0005575
-7.2400e-03,-0.0628125,-0.000251875
-7.2300e-03,-0.0551563,-0.000485
-7.2200e-03,-0.0539063,0.000299688
-7.2100e-03,-0.0640625,0.000268438
-7.2000e-03,-0.0510938,-0.000395625
-7.1900e-03,-0.0507812,0.000290313
-7.1800e-03,-0.0567187,0.000129375
-7.1700e-03,-0.05875,0.000633438
-7.1600e-03,-0.0532813,0.000342188
-7.1500e-03,-0.0475,0.000316563
-7.1400e-03,-0.0542187,0.000228125
-7.1300e-03,-0.065,-9.9375e-05
-7.1200e-03,-0.0675,-0.000207188
-7.1100e-03,-0.0534375,0.000214375
-7.1000e-03,-0.0648438,-0.0001425
-7.0900e-03,-0.0601562,-0.00025125
-7.0800e-03,-0.05625,-0.000214063
-7.0700e-03,-0.0539063,-0.000207813
-7.0600e-03,-0.0570313,-0.00029625
-7.0500e-03,-0.04875,-0.000559688
-7.0400e-03,-0.0490625,-0.000504688
-7.0300e-03,-0.0621875,0.000317188
-7.0200e-03,-0.0521875,-0.000383125
-7.0100e-03,-0.0534375,-0.000947813
-7.0000e-03,-0.0453125,-0.0011275
-6.9900e-03,-0.0446875,-0.000835938
-6.9800e-03,-0.0601562,-9.875e-05
-6.9700e-03,-0.0654688,0.000155938
-6.9600e-03,-0.0495312,-0.000374063
-6.9500e-03,-0.0598438,-0.000531563
-6.9400e-03,-0.0484375,-0.000318125
-6.9300e-03,-0.0665625,-0.000454375
-6.9200e-03,-0.056875,4.0625e-06
-6.9100e-03,-0.0470312,-0.000577188
-6.9000e-03,-0.0475,-8e-05
-6.8900e-03,-0.0639062,6.21875e-05
-6.8800e-03,-0.0578125,-0.000246563
-6.8700e-03,-0.0628125,0.000616563
-6.8600e-03,-0.0498438,4.90625e-05
-6.8500e-03,-0.046875,0.000216563
-6.8400e-03,-0.0445313,-0.000164375
-6.8300e-03,-0.0515625,-3.5e-05
-6.8200e-03,-0.0526563,-0.000141563
-6.8100e-03,-0.0501562,0.000434063
-6.8000e-03,-0.0382813,-0.00033625
-6.7900e-03,-0.0446875,-9.5625e-05
-6.7800e-03,-0.0470312,-0.00030625
-6.7700e-03,-0.0453125,0.00041125
-6.7600e-03,-0.0542187,0.000635938
-6.7500e-03,-0.05625,-0.000444688
-6.7400e-03,-0.058125,0.000308438
-6.7300e-03,-0.0660938,-0.000170938
-6.7200e-03,-0.0615625,-0.000466875
-6.7100e-03,-0.04,-0.000721563
-6.7000e-03,-0.0485938,-0.0011925
-6.6900e-03,-0.0498438,-0.00106156
-6.6800e-03,-0.055625,-0.00101875
-6.6700e-03,-0.0590625,-0.000411563
-6.6600e-03,-0.0582813,-0.0002475
-6.6500e-03,-0.0453125,-0.000607188
-6.6400e-03,-0.0540625,-4.59375e-05
-6.6300e-03,-0.060625,0.000314375
-6.6200e-03,-0.0473438,-9.40625e-05
-6.6100e-03,-0.0545313,-0.00074
-6.6000e-03,-0.050625,-0.000157813
-6.5900e-03,-0.05375,9.59375e-05
-6.5800e-03,-0.0609375,-0.00056625
-6.5700e-03,-0.0503125,8.09375e-05
-6.5600e-03,-0.0507812,-0.000504375
-6.5500e-03,-0.0564063,-0.000658125
-6.5400e-03,-0.0584375,-0.000449063
-6.5300e-03,-0.039375,-0.00070375
-6.5200e-03,-0.0625,-0.000315938
-6.5100e-03,-0.0576563,-0.000725313
-6.5000e-03,-0.0582813,0.000205
-6.4900e-03,-0.0617188,-0.000615938
-6.4800e-03,-0.0414063,-0.000236875
-6.4700e-03,-0.0465625,-0.000262187
-6.4600e-03,-0.0567187,0.000151563
-6.4500e-03,-0.0470312,-0.000336875
-6.4400e-03,-0.0451563,-0.000881563
-6.4300e-03,-0.0529687,-0.000425625
-6.4200e-03,-0.0401563,0.0002025
-6.4100e-03,-0.0523437,0.000272188
-6.4000e-03,-0.0559375,0.000139062
-6.3900e-03,-0.0582813,0.000163438
-6.3800e-03,-0.05625,0.000204375
-6.3700e-03,-0.0632812,-0.000379688
-6.3600e-03,-0.0623438,0.000298125
-6.3500e-03,-0.0635938,-0.000427188
-6.3400e-03,-0.049375,-0.000470313
-6.3300e-03,-0.04625,-0.000936563
-6.3200e-03,-0.055,-0.000628438
-6.3100e-03,-0.053125,-0.00123094
-6.3000e-03,-0.0453125,-0.000625938
-6.2900e-03,-0.0464062,2.8125e-06
-6.2800e-03,-0.05625,0.000179063
-6.2700e-03,-0.0528125,-0.000192188
-6.2600e-03,-0.0559375,0.000602813
-6.2500e-03,-0.0578125,-0.000321563
-6.2400e-03,-0.0423437,0.0004575
-6.2300e-03,-0.0539063,0.000494375
-6.2200e-03,-0.06375,0.000137188
-6.2100e-03,-0.04875,-0.000449063
-6.2000e-03,-0.0484375,2.59375e-05
-6.1900e-03,-0.051875,-0.000469375
-6.1800e-03,-0.0548437,-0.00102375
-6.1700e-03,-0.0517188,-0.000474063
-6.1600e-03,-0.058125,-0.00025875
-6.1500e-03,-0.0471875,-0.000397188
-6.1400e-03,-0.05375,-0.000141563
-6.1300e-03,-0.0467188,0.000340313
-6.1200e-03,-0.05375,-0.000214063
-6.1100e-03,-0.0539063,-0.000335938
-6.1000e-03,-0.0565625,-0.000164063
-6.0900e-03,-0.0535937,0.000199375
-6.0800e-03,-0.0539063,-6.25e-05
-6.0700e-03,-0.0542187,0.000214063
-6.0600e-03,-0.0610938,6.1875e-05
-6.0500e-03,-0.0510938,-0.000321563
-6.0400e-03,-0.045,-0.0008025
-6.0300e-03,-0.0504687,-0.000449063
-6.0200e-03,-0.051875,-0.000326563
-6.0100e-03,-0.0571875,-0.000449688
-6.0000e-03,-0.05875,-0.000445
-5.9900e-03,-0.0542187,-0.00022625
-5.9800e-03,-0.0546875,6.96875e-05
-5.9700e-03,-0.0476562,9.46875e-05
-5.9600e-03,-0.0490625,-0.000116875
-5.9500e-03,-0.05875,-0.000589063
-5.9400e-03,-0.051875,-0.00060875
-5.9300e-03,-0.0615625,-0.00073375
-5.9200e-03,-0.056875,-0.000232188
-5.9100e-03,-0.0448438,-0.000156875
-5.9000e-03,-0.05625,0.000498125
-5.8900e-03,-0.0554687,-8.53125e-05
-5.8800e-03,-0.0551563,-0.000518438
-5.8700e-03,-0.0479688,-0.000455313
-5.8600e-03,-0.0453125,-0.000401563
-5.8500e-03,-0.0509375,0.000229375
-5.8400e-03,-0.0517188,-0.00011
-5.8300e-03,-0.0545313,-0.000551563
-5.8200e-03,-0.0484375,-0.000617813
-5.8100e-03,-0.05375,-0.000190625
-5.8000e-03,-0.0557813,-0.0003425
-5.7900e-03,-0.0645312,-0.00119719
-5.7800e-03,-0.0551563,-0.00055
-5.7700e-03,-0.0484375,0.000355313
-5.7600e-03,-0.0496875,-0.000232188
-5.7500e-03,-0.0425,7.8125e-05
-5.7400e-03,-0.0420312,0.000411875
-5.7300e-03,-0.0478125,0.00048375
-5.7200e-03,-0.0495312,0.00031
-5.7100e-03,-0.0646875,-0.000615938
-5.7000e-03,-0.0609375,0.0001125
-5.6900e-03,-0.0501562,-0.00067375
-5.6800e-03,-0.0510938,5e-06
-5.6700e-03,-0.0575,-7.8125e-06
-5.6600e-03,-0.0539063,-0.000175313
-5.6500e-03,-0.0578125,0.000455313
-5.6400e-03,-0.0576563,0.000638125
-5.6300e-03,-0.0528125,-0.000105625
-5.6200e-03,-0.0673438,-0.000395313
-5.6100e-03,-0.0598438,-0.000822188
-5.6000e-03,-0.055625,5.90625e-05
-5.5900e-03,-0.0521875,-0.000724375
-5.5800e-03,-0.0667188,3.34375e-05
-5.5700e-03,-0.0553125,2.40625e-05
-5.5600e-03,-0.0607812,0.000333125
-5.5500e-03,-0.041875,0.00026875
-5.5400e-03,-0.0542187,0.000361875
-5.5300e-03,-0.0471875,-0.000331563
-5.5200e-03,-0.0607812,-0.000232813
-5.5100e-03,-0.0607812,0.0003425
-5.5000e-03,-0.05375,-0.000283125
-5.4900e-03,-0.0592188,-0.00080125
-5.4800e-03,-0.05375,-0.00104875
-5.4700e-03,-0.0535937,-0.000745313
-5.4600e-03,-0.055625,-0.000524688
-5.4500e-03,-0.0575,-0.000667188
-5.4400e-03,-0.0496875,-0.000430313
-5.4300e-03,-0.0415625,8.03125e-05
-5.4200e-03,-0.0520313,-0.000188438
-5.4100e-03,-0.053125,-0.000263125
-5.4000e-03,-0.0590625,-0.00028875
-5.3900e-03,-0.0604688,0.000233438
-5.3800e-03,-0.0492188,9.0625e-05
-5.3700e-03,-0.0582813,0.000414688
-5.3600e-03,-0.0467188,-0.000389063
-5.3500e-03,-0.0521875,0.00035625
-5.3400e-03,-0.0576563,-6.21875e-05
-5.3300e-03,-0.0573437,-1.25e-05
-5.3200e-03,-0.0592188,-0.000645
-5.3100e-03,-0.0492188,-0.000591875
-5.3000e-03,-0.0739063,-0.00102125
-5.2900e-03,-0.0567187,-0.000726563
-5.2800e-03,-0.0532813,0.000319375
-5.2700e-03,-0.0592188,-6.03125e-05
-5.2600e-03,-0.0564063,0.000358438
-5.2500e-03,-0.0567187,-0.000253125
-5.2400e-03,-0.0576563,-0.000410625
-5.2300e-03,-0.0532813,-0.000855625
-5.2200e-03,-0.053125,-0.000355938
-5.2100e-03,-0.05625,-0.000708125
-5.2000e-03,-0.0578125,-0.00120938
-5.1900e-03,-0.0598438,-0.00057
-5.1800e-03,-0.05,-0.000410625
-5.1700e-03,-0.0610938,-0.000518125
-5.1600e-03,-0.0553125,0.000328125
-5.1500e-03,-0.0532813,-0.000290938
-5.1400e-03,-0.0523437,-0.000308125
-5.1300e-03,-0.0585938,0.000329375
-5.1200e-03,-0.065,-0.000409688
-5.1100e-03,-0.0482812,-0.000880313
-5.1000e-03,-0.0634375,-0.000490938
-5.0900e-03,-0.0503125,2.03125e-05
-5.0800e-03,-0.054375,0.000518438
-5.0700e-03,-0.0564063,-0.00053375
-5.0600e-03,-0.0598438,-0.0007375
-5.0500e-03,-0.0445313,0.000101563
-5.0400e-03,-0.05625,-0.000765
-5.0300e-03,-0.0470312,-0.000763438
-5.0200e-03,-0.0473438,-0.000809688
-5.0100e-03,-0.0601562,-0.000685
-5.0000e-03,-0.05625,-7.84375e-05
-4.9900e-03,-0.0454688,-0.000485625
-4.9800e-03,-0.0548437,0.000306875
-4.9700e-03,-0.056875,6.5625e-06
-4.9600e-03,-0.0625,0.000448438
-4.9500e-03,-0.0701563,-0.00023875
-4.9400e-03,-0.0489062,-0.00131031
-4.9300e-03,-0.0640625,-0.000142188
-4.9200e-03,-0.0410937,-0.00070875
-4.9100e-03,-0.0482812,-0.000246875
-4.9000e-03,-0.0485938,-0.000380938
-4.8900e-03,-0.0582813,-0.00104625
-4.8800e-03,-0.0545313,-0.000377813
-4.8700e-03,-0.0498438,-0.00045875
-4.8600e-03,-0.0532813,-0.000425938
-4.8500e-03,-0.0442188,-0.000584375
-4.8400e-03,-0.064375,8e-05
-4.8300e-03,-0.0551563,-0.000256875
-4.8200e-03,-0.0564063,0.00032
-4.8100e-03,-0.0626562,0.000555938
-4.8000e-03,-0.0557813,-0.000429375
-4.7900e-03,-0.05625,-0.000265313
-4.7800e-03,-0.05625,-0.000494063
-4.7700e-03,-0.0517188,0.000268125
-4.7600e-03,-0.05625,-0.0001075
-4.7500e-03,-0.0553125,3.125e-07
-4.7400e-03,-0.0610938,-0.000362188
-4.7300e-03,-0.0471875,-0.000104063
-4.7200e-03,-0.05375,-0.00040875
-4.7100e-03,-0.0496875,-0.0001
-4.7000e-03,-0.0442188,-0.000830625
-4.6900e-03,-0.055625,0.000116563
-4.6800e-03,-0.0673438,-0.0002075
-4.6700e-03,-0.0554687,-0.00123688
-4.6600e-03,-0.0539063,0.00067125
-4.6500e-03,-0.0565625,0.000510625
-4.6400e-03,-0.056875,-0.000562813
-4.6300e-03,-0.0514063,-0.000120625
-4.6200e-03,-0.061875,-0.00048875
-4.6100e-03,-0.0564063,-0.00026625
-4.6000e-03,-0.0645312,-0.00047875
-4.5900e-03,-0.0628125,-0.00061625
-4.5800e-03,-0.0632812,-0.000263437
-4.5700e-03,-0.0667188,-0.000160938
-4.5600e-03,-0.0532813,-3.15625e-05
-4.5500e-03,-0.0625,-0.000359375
-4.5400e-03,-0.06,0.000322813
-4.5300e-03,-0.0529687,-8.78125e-05
-4.5200e-03,-0.0484375,0.00047625
-4.5100e-03,-0.0528125,-2.09375e-05
-4.5000e-03,-0.0584375,-2.03125e-05
-4.4900e-03,-0.0515625,6.53125e-05
-4.4800e-03,-0.0540625,-0.000955
-4.4700e-03,-0.0548437,-0.000265625
-4.4600e-03,-0.056875,-0.000243438
-4.4500e-03,-0.0564063,-0.000528438
-4.4400e-03,-0.0565625,-0.000280938
-4.4300e-03,-0.0623438,-0.000530625
-4.4200e-03,-0.05625,-4.46875e-05
-4.4100e-03,-0.0589063,-0.0004725
-4.4000e-03,-0.056875,-0.00057
-4.3900e-03,-0.0414063,-0.000526875
-4.3800e-03,-0.0621875,0.000200625
-4.3700e-03,-0.0526563,-0.0003075
-4.3600e-03,-0.06125,7.6875e-05
-4.3500e-03,-0.0628125,0.000380313
-4.3400e-03,-0.0479688,-8.1875e-05
-4.3300e-03,-0.0584375,-0.000350938
-4.3200e-03,-0.0559375,-0.000450625
-4.3100e-03,-0.0620312,-0.000516563
-4.3000e-03,-0.0590625,-0.000720625
-4.2900e-03,-0.0398437,0.0001375
-4.2800e-03,-0.0535937,-0.00046875
-4.2700e-03,-0.0540625,0.000226875
-4.2600e-03,-0.0573437,-0.000100313
-4.2500e-03,-0.0535937,-7.8125e-06
-4.2400e-03,-0.0567187,-0.000285313
-4.2300e-03,-0.0521875,0.000385625
-4.2200e-03,-0.0498438,0.000284375
-4.2100e-03,-0.0514063,-0.000251562
-4.2000e-03,-0.0520313,-6.3125e-05
-4.1900e-03,-0.0570313,-0.000189688
-4.1800e-03,-0.0553125,0.00013375
-4.1700e-03,-0.0396875,-0.000770938
-4.1600e-03,-0.0485938,-0.000215625
-4.1500e-03,-0.0565625,-0.00105781
-4.1400e-03,-0.0407813,-0.00111781
-4.1300e-03,-0.0492188,-0.000936563
-4.1200e-03,-0.0579687,5.5e-05
-4.1100e-03,-0.0648438,-0.000345625
-4.1000e-03,-0.061875,-0.000625938
-4.0900e-03,-0.0553125,-0.000519062
-4.0800e-03,-0.0501562,-0.000234375
-4.0700e-03,-0.0510938,0.000132813
-4.0600e-03,-0.0551563,3.40625e-05
-4.0500e-03,-0.0514063,-0.000665625
-4.0400e-03,-0.0471875,0.000335313
-4.0300e-03,-0.0546875,0.00033875
-4.0200e-03,-0.0610938,-2.1875e-06
-4.0100e-03,-0.05125,0.00100469
-4.0000e-03,-0.0601562,0.000429375
-3.9900e-03,-0.0659375,-0.000149375
-3.9800e-03,-0.0507812,-3.0625e-05
-3.9700e-03,-0.0604688,-3.78125e-05
-3.9600e-03,-0.0684375,-0.00019875
-3.9500e-03,-0.0628125,0.000111563
-3.9400e-03,-0.0507812,0.00012875
-3.9300e-03,-0.0478125,-0.000270938
-3.9200e-03,-0.0570313,-9.375e-06
-3.9100e-03,-0.0585938,0.000366875
-3.9000e-03,-0.0545313,-0.000340938
-3.8900e-03,-0.0534375,-0.000416875
-3.8800e-03,-0.0445313,3.75e-05
-3.8700e-03,-0.065,0.000394375
-3.8600e-03,-0.0582813,-0.000421875
-3.8500e-03,-0.0576563,-0.000995938
-3.8400e-03,-0.0467188,-0.00037875
-3.8300e-03,-0.048125,-0.000387188
-3.8200e-03,-0.0595313,-0.000326563
-3.8100e-03,-0.055,-0.000414063
-3.8000e-03,-0.0520313,-0.000632188
-3.7900e-03,-0.0614062,-0.000125625
-3.7800e-03,-0.0573437,-0.00069125
-3.7700e-03,-0.0592188,-0.000284375
-3.7600e-03,-0.0425,8.21875e-05
-3.7500e-03,-0.0484375,0.0001
-3.7400e-03,-0.050625,-0.00044375
-3.7300e-03,-0.0496875,-0.0004675
-3.7200e-03,-0.055625,-0.000152813
-3.7100e-03,-0.0557813,0.000315938
-3.7000e-03,-0.05375,-0.000429688
-3.6900e-03,-0.0476562,-0.000430938
-3.6800e-03,-0.05875,-0.00084
-3.6700e-03,-0.061875,0.000632813
-3.6600e-03,-0.05375,-0.000515313
-3.6500e-03,-0.059375,3.5e-05
-3.6400e-03,-0.0676563,0.000168125
-3.6300e-03,-0.0578125,0.000266563
-3.6200e-03,-0.0539063,-0.000212188
-3.6100e-03,-0.0525,0.000705313
-3.6000e-03,-0.059375,-0.000172188
-3.5900e-03,-0.0485938,-0.000125
-3.5800e-03,-0.0548437,-0.000614375
-3.5700e-03,-0.0553125,-8.75e-05
-3.5600e-03,-0.05125,-0.000263437
-3.5500e-03,-0.0515625,0.000658125
-3.5400e-03,-0.0596875,0.000222813
-3.5300e-03,-0.0539063,0.000528125
-3.5200e-03,-0.0628125,0.000638125
-3.5100e-03,-0.0509375,0.00043125
-3.5000e-03,-0.0515625,0.00125688
-3.4900e-03,-0.07,0.000600625
-3.4800e-03,-0.05125,1.59375e-05
-3.4700e-03,-0.04,-0.00028125
-3.4600e-03,-0.0689063,-0.00102656
-3.4500e-03,-0.0576563,-0.000920313
-3.4400e-03,-0.0551563,-0.000166875
-3.4300e-03,-0.0425,-0.000269063
-3.4200e-03,-0.0532813,0.00020375
-3.4100e-03,-0.0603125,0.000464063
-3.4000e-03,-0.0429688,0.00035625
-3.3900e-03,-0.0571875,9.6875e-05
-3.3800e-03,-0.05125,9.96875e-05
-3.3700e-03,-0.0523437,-0.000485313
-3.3600e-03,-0.05375,0.000340625
-3.3500e-03,-0.0678125,-0.0001825
-3.3400e-03,-0.0607812,-0.000405
-3.3300e-03,-0.0654688,4.625e-05
-3.3200e-03,-0.0564063,1.03125e-05
-3.3100e-03,-0.05875,0.000519375
-3.3000e-03,-0.05375,6.53125e-05
-3.2900e-03,-0.06,-1.09375e-05
-3.2800e-03,-0.0542187,-0.00028125
-3.2700e-03,-0.0648438,-0.000367188
-3.2600e-03,-0.0548437,-0.00100688
-3.2500e-03,-0.04125,-0.000580313
-3.2400e-03,-0.0529687,-0.00116406
-3.2300e-03,-0.0559375,-0.00138781
-3.2200e-03,-0.04875,-0.000975625
-3.2100e-03,-0.0584375,-9.375e-06
-3.2000e-03,-0.0615625,-8.8125e-05
-3.1900e-03,-0.0564063,-0.000460625
-3.1800e-03,-0.0584375,-0.000478125
-3.1700e-03,-0.059375,-4e-05
-3.1600e-03,-0.0542187,0.000138125
-3.1500e-03,-0.0598438,-0.000205625
-3.1400e-03,-0.056875,0.0003475
-3.1300e-03,-0.0567187,0.0005175
-3.1200e-03,-0.0578125,0.000196875
-3.1100e-03,-0.0496875,0.000203438
-3.1000e-03,-0.053125,-0.00010625
-3.0900e-03,-0.0446875,0.000303438
-3.0800e-03,-0.0401563,-0.000722188
-3.0700e-03,-0.04625,-0.00020625
-3.0600e-03,-0.0529687,-0.000346875
-3.0500e-03,-0.0532813,-0.000631563
-3.0400e-03,-0.0648438,0.000284375
-3.0300e-03,-0.0509375,-0.00030375
-3.0200e-03,-0.056875,0.000348125
-3.0100e-03,-0.0560937,-0.000664375
-3.0000e-03,-0.0495312,-0.000351875
-2.9900e-03,-0.0601562,-0.00033125
-2.9800e-03,-0.0567187,0.000387188
-2.9700e-03,-0.05375,0.000637813
-2.9600e-03,-0.0639062,9.375e-07
-2.9500e-03,-0.0460938,-0.000175938
-2.9400e-03,-0.0584375,-0.000238438
-2.9300e-03,-0.0654688,-0.000265625
-2.9200e-03,-0.0589063,-0.00057
-2.9100e-03,-0.0573437,-0.000172188
-2.9000e-03,-0.0423437,-0.000425625
-2.8900e-03,-0.0540625,0.000148125
-2.8800e-03,-0.0485938,-0.000186563
-2.8700e-03,-0.06,1.03125e-05
-2.8600e-03,-0.0621875,0.00025625
-2.8500e-03,-0.0554687,0.000573438
-2.8400e-03,-0.0590625,-0.000305625
-2.8300e-03,-0.0646875,-0.000225313
-2.8200e-03,-0.0525,0.000369375
-2.8100e-03,-0.0559375,9.0625e-06
-2.8000e-03,-0.055625,-0.000244063
-2.7900e-03,-0.0525,-0.00018125
-2.7800e-03,-0.0490625,-0.00013375
-2.7700e-03,-0.0528125,0.000397188
-2.7600e-03,-0.0510938,0.000108438
-2.7500e-03,-0.0528125,-0.000135625
-2.7400e-03,-0.0546875,0.00025
-2.7300e-03,-0.0664062,-0.000263437
-2.7200e-03,-0.0534375,-0.0001175
-2.7100e-03,-0.0515625,5.90625e-05
-2.7000e-03,-0.0534375,0.00073
-2.6900e-03,-0.0503125,-4.875e-05
-2.6800e-03,-0.0573437,-0.000550313
-2.6700e-03,-0.0509375,0.000615938
-2.6600e-03,-0.059375,-2.15625e-05
-2.6500e-03,-0.0465625,0.000377188
-2.6400e-03,-0.0517188,-0.00011875
-2.6300e-03,-0.0532813,-0.000488125
-2.6200e-03,-0.0514063,-0.000682813
-2.6100e-03,-0.0545313,-4.46875e-05
-2.6000e-03,-0.056875,0.000390625
-2.5900e-03,-0.0648438,9.96875e-05
-2.5800e-03,-0.05375,0.000335
-2.5700e-03,-0.0535937,-0.00024
-2.5600e-03,-0.0635938,-0.000445625
-2.5500e-03,-0.0482812,0.00027375
-2.5400e-03,-0.0554687,-0.000395
-2.5300e-03,-0.0576563,0.000265625
-2.5200e-03,-0.0529687,-0.000235938
-2.5100e-03,-0.04875,-6.875e-06
-2.5000e-03,-0.0529687,-0.000557188
-2.4900e-03,-0.04875,0.000406563
-2.4800e-03,-0.0553125,0.0002375
-2.4700e-03,-0.0495312,7.375e-05
-2.4600e-03,-0.0526563,-0.000342813
-2.4500e-03,-0.04875,-0.00011
-2.4400e-03,-0.0554687,-0.000314375
-2.4300e-03,-0.0520313,-0.000723438
-2.4200e-03,-0.0635938,-0.00067625
-2.4100e-03,-0.0528125,-0.000302813
-2.4000e-03,-0.0551563,-0.000187813
-2.3900e-03,-0.0623438,-0.000563438
-2.3800e-03,-0.0514063,-0.000125313
-2.3700e-03,-0.0545313,-0.000156875
-2.3600e-03,-0.0554687,0.000705
-2.3500e-03,-0.0476562,0.000360313
-2.3400e-03,-0.0470312,-0.000104063
-2.3300e-03,-0.0623438,2.1875e-06
-2.3200e-03,-0.0535937,-0.00016125
-2.3100e-03,-0.0596875,-0.000383125
-2.3000e-03,-0.051875,0.0004525
-2.2900e-03,-0.055,-0.000534063
-2.2800e-03,-0.0457813,0.000275938
-2.2700e-03,-0.0446875,0.000212188
-2.2600e-03,-0.0573437,-0.00097125
-2.2500e-03,-0.0525,-0.0004225
-2.2400e-03,-0.0584375,-0.000343125
-2.2300e-03,-0.054375,-0.000543438
-2.2200e-03,-0.0595313,-0.00109156
-2.2100e-03,-0.0528125,-0.000410625
-2.2000e-03,-0.0529687,0.000392188
-2.1900e-03,-0.0523437,-0.000820625
-2.1800e-03,-0.0470312,0.000478125
-2.1700e-03,-0.0595313,7.125e-05
-2.1600e-03,-0.0496875,-0.00023125
-2.1500e-03,-0.0515625,-0.000349688
-2.1400e-03,-0.0576563,-0.000604062
-2.1300e-03,-0.0534375,0.000253438
-2.1200e-03,-0.04375,-0.0004025
-2.1100e-03,-0.0634375,0.000197813
-2.1000e-03,-0.0473438,-0.0001875
-2.0900e-03,-0.0482812,-0.000657813
-2.0800e-03,-0.0510938,-0.00060875
-2.0700e-03,-0.0585938,-0.0003
-2.0600e-03,-0.0584375,0.000363438
-2.0500e-03,-0.0573437,-0.000175625
-2.0400e-03,-0.05625,0.000101875
-2.0300e-03,-0.0545313,4.5625e-05
-2.0200e-03,-0.053125,-0.0002425
-2.0100e-03,-0.0557813,-0.000149687
-2.0000e-03,-0.0571875,-0.000534688
-1.9900e-03,-0.050625,-0.00065625
-1.9800e-03,-0.0554687,-0.000357188
-1.9700e-03,-0.0542187,0.000176563
-1.9600e-03,-0.0576563,0.000943125
-1.9500e-03,-0.0564063,2.5e-05
-1.9400e-03,-0.0451563,0.000145313
-1.9300e-03,-0.056875,-0.00011625
-1.9200e-03,-0.048125,-0.00056875
-1.9100e-03,-0.05125,0.000149063
-1.9000e-03,-0.058125,4.15625e-05
-1.8900e-03,-0.0557813,-0.000357188
-1.8800e-03,-0.0490625,-0.000297188
-1.8700e-03,-0.0507812,-0.000167188
-1.8600e-03,-0.0495312,0.000142813
-1.8500e-03,-0.0607812,0.000276563
-1.8400e-03,-0.0557813,-0.000119688
-1.8300e-03,-0.0598438,2.59375e-05
-1.8200e-03,-0.0498438,-0.000453125
-1.8100e-03,-0.0540625,-0.00044625
-1.8000e-03,-0.054375,-0.000424375
-1.7900e-03,-0.0479688,0.000327813
-1.7800e-03,-0.0517188,-0.000148438
-1.7700e-03,-0.0553125,0.000316875
-1.7600e-03,-0.0528125,0.000384063
-1.7500e-03,-0.0557813,0.0004
-1.7400e-03,-0.0540625,0.0005325
-1.7300e-03,-0.0526563,-0.00022625
-1.7200e-03,-0.0517188,-0.000339063
-1.7100e-03,-0.0523437,-0.000770625
-1.7000e-03,-0.0673438,-0.000493125
-1.6900e-03,-0.0554687,-0.00116813
-1.6800e-03,-0.0578125,-0.000547813
-1.6700e-03,-0.0570313,-0.000562188
-1.6600e-03,-0.0559375,-0.000124375
-1.6500e-03,-0.059375,-0.000100938
-1.6400e-03,-0.0534375,0.000487813
-1.6300e-03,-0.0551563,-0.000169063
-1.6200e-03,-0.0532813,-0.000200313
-1.6100e-03,-0.0520313,-0.000148438
-1.6000e-03,-0.05125,-0.000285625
-1.5900e-03,-0.0623438,-0.000257813
-1.5800e-03,-0.06,-7.75e-05
-1.5700e-03,-0.0676563,-2.375e-05
-1.5600e-03,-0.0651562,-8.53125e-05
-1.5500e-03,-0.068125,-9.15625e-05
-1.5400e-03,-0.0535937,0.00017
-1.5300e-03,-0.060625,0.000310313
-1.5200e-03,-0.0634375,-0.000302813
-1.5100e-03,-0.058125,-0.000210938
-1.5000e-03,-0.055625,-0.000396563
-1.4900e-03,-0.0596875,-3.4375e-05
-1.4800e-03,-0.0551563,-0.000121875
-1.4700e-03,-0.0526563,0.000261563
-1.4600e-03,-0.0592188,0.000144375
-1.4500e-03,-0.0601562,0.000154063
-1.4400e-03,-0.0514063,-0.000505313
-1.4300e-03,-0.0554687,0.000212188
-1.4200e-03,-0.0532813,0.000209063
-1.4100e-03,-0.0615625,-0.000393125
-1.4000e-03,-0.0475,2.5e-05
-1.3900e-03,-0.0639062,-0.00015
-1.3800e-03,-0.0553125,-0.000152188
-1.3700e-03,-0.03625,-0.000685
-1.3600e-03,-0.0607812,-0.000339063
-1.3500e-03,-0.0503125,0.000463438
-1.3400e-03,-0.0526563,-0.000578125
-1.3300e-03,-0.0396875,0.000215313
-1.3200e-03,-0.0546875,-0.000647188
-1.3100e-03,-0.065,-0.000318125
-1.3000e-03,-0.044375,0.000184688
-1.2900e-03,-0.0584375,0.000574688
-1.2800e-03,-0.0590625,0.000158438
-1.2700e-03,-0.0507812,0.0002525
-1.2600e-03,-0.0582813,0.0003525
-1.2500e-03,-0.0554687,0.00018
-1.2400e-03,-0.0617188,-0.0004975
-1.2300e-03,-0.0471875,-0.0004625
-1.2200e-03,-0.0476562,-0.000258125
-1.2100e-03,-0.0684375,-7.03125e-05
-1.2000e-03,-0.0509375,0.000911563
-1.1900e-03,-0.0610938,0.000331875
-1.1800e-03,-0.0557813,0.000364688
-1.1700e-03,-0.0589063,0.000503125
-1.1600e-03,-0.0560937,-4.1875e-05
-1.1500e-03,-0.053125,0.00016
-1.1400e-03,-0.054375,-0.000341875
-1.1300e-03,-0.0548437,0.000285938
-1.1200e-03,-0.0535937,-0.000115
-1.1100e-03,-0.061875,-9.5e-05
-1.1000e-03,-0.0539063,-0.000213438
-1.0900e-03,-0.064375,0.00022125
-1.0800e-03,-0.0476562,0.000492813
-1.0700e-03,-0.0620312,6.21875e-05
-1.0600e-03,-0.0471875,-0.000523438
-1.0500e-03,-0.0589063,-0.00021625
-1.0400e-03,-0.0535937,-0.0004925
-1.0300e-03,-0.048125,-0.000613125
-1.0200e-03,-0.0542187,-0.000566875
-1.0100e-03,-0.0560937,-0.000765313
-1.0000e-03,-0.0540625,-0.000188125
-9.9000e-04,-0.04875,-0.000874063
-9.8000e-04,-0.0501562,-0.00081
-9.7000e-04,-0.0453125,-0.0005375
-9.6000e-04,-0.0539063,-7.5e-05
-9.5000e-04,-0.0539063,0.00040875
-9.4000e-04,-0.0498438,-0.000543125
-9.3000e-04,-0.0570313,-0.000455
-9.2000e-04,-0.0540625,0.000227813
-9.1000e-04,-0.0598438,0.000520313
-9.0000e-04,-0.0475,0.000279375
-8.9000e-04,-0.051875,0.000251875
-8.8000e-04,-0.0504687,0.000154375
-8.7000e-04,-0.0492188,0.0002725
-8.6000e-04,-0.0525,-0.000280938
-8.5000e-04,-0.0517188,-0.000500938
-8.4000e-04,-0.0496875,0.000271563
-8.3000e-04,-0.0532813,-6.46875e-05
-8.2000e-04,-0.0559375,-0.000194063
-8.1000e-04,-0.034375,-0.000215
-8.0000e-04,-0.0539063,0.000222188
-7.9000e-04,-0.0565625,0.00077
-7.8000e-04,-0.0575,0.000194688
-7.7000e-04,-0.044375,3.125e-05
-7.6000e-04,-0.0559375,0.0002975
-7.5000e-04,-0.0582813,-0.000557188
-7.4000e-04,-0.0535937,-0.000574063
-7.3000e-04,-0.0560937,-0.000251562
-7.2000e-04,-0.0553125,0.000518125
-7.1000e-04,-0.0609375,-0.000327188
-7.0000e-04,-0.0470312,-3.9375e-05
-6.9000e-04,-0.0514063,0.000266875
-6.8000e-04,-0.0529687,-0.0001925
-6.7000e-04,-0.0559375,5.4375e-05
-6.6000e-04,-0.0601562,-0.000509688
-6.5000e-04,-0.0529687,-0.000398438
-6.4000e-04,-0.05125,-0.00051
-6.3000e-04,-0.0539063,-0.000599063
-6.2000e-04,-0.05375,-0.00104344
-6.1000e-04,-0.0521875,-0.000554375
-6.0000e-04,-0.0559375,0.000125
-5.9000e-04,-0.058125,0.000446563
-5.8000e-04,-0.0540625,-7.09375e-05
-5.7000e-04,-0.055625,-0.0004775
-5.6000e-04,-0.0545313,-0.00049125
-5.5000e-04,-0.055,2.5e-05
-5.4000e-04,-0.0573437,-0.000411563
-5.3000e-04,-0.055625,-5.90625e-05
-5.2000e-04,-0.049375,3.15625e-05
-5.1000e-04,-0.0575,-0.00043
-5.0000e-04,-0.0398437,-0.000210313
-4.9000e-04,-0.0575,0.000209375
-4.8000e-04,-0.059375,-0.000344375
-4.7000e-04,-0.054375,-0.000799375
-4.6000e-04,-0.0528125,-0.00037
-4.5000e-04,-0.0528125,-0.000273438
-4.4000e-04,-0.0476562,4.71875e-05
-4.3000e-04,-0.0617188,-0.000234688
-4.2000e-04,-0.0503125,-0.000184688
-4.1000e-04,-0.05,-6.4375e-05
-4.0000e-04,-0.0490625,-0.000173125
-3.9000e-04,-0.063125,0.000300938
-3.8000e-04,-0.0489062,-0.000135938
-3.7000e-04,-0.0590625,-0.000687813
-3.6000e-04,-0.0570313,-0.000870938
-3.5000e-04,-0.065625,-0.00121719
-3.4000e-04,-0.0664062,-0.00021125
-3.3000e-04,-0.0585938,0.000149687
-3.2000e-04,-0.055625,0.000204375
-3.1000e-04,-0.0590625,-3.6875e-05
-3.0000e-04,-0.0607812,0.00042
-2.9000e-04,-0.0573437,-0.000628438
-2.8000e-04,-0.0428125,0.00017125
-2.7000e-04,-0.0598438,-0.00022625
-2.6000e-04,-0.07,0.000397188
-2.5000e-04,-0.0515625,-0.000242188
-2.4000e-04,-0.0617188,-0.000736563
-2.3000e-04,-0.0560937,-0.000534063
-2.2000e-04,-0.056875,-0.000571875
-2.1000e-04,-0.0532813,-0.000327813
-2.0000e-04,-0.0590625,-0.000336875
-1.9000e-04,-0.0421875,-0.000810313
-1.8000e-04,-0.0653125,-0.000761875
-1.7000e-04,-0.04625,-0.000834688
-1.6000e-04,-0.048125,3.40625e-05
-1.5000e-04,-0.065,-0.000515938
-1.4000e-04,-0.0492188,-0.00117344
-1.3000e-04,-0.058125,-0.00133094
-1.2000e-04,-0.04875,-0.000275313
-1.1000e-04,-0.0534375,-0.000495938
-1.0000e-04,-0.0523437,-0.000200313
-9.0000e-05,-0.0504687,0.000363438
-8.0000e-05,-0.0495312,0.0002325
-7.0000e-05,-0.0554687,0.000544688
-6.0000e-05,-0.0635938,-6.40625e-05
-5.0000e-05,-0.0604688,-0.000587813
-4.0000e-05,-0.0525,-0.000527188
-3.0000e-05,-0.0570313,-0.00054875
-2.0000e-05,-0.0564063,-0.000768125
-1.0000e-05,-0.0575,-0.000320938
-0.0000e+00,-0.0515625,-6.96875e-05
1.0000e-05,-0.0629688,-8.46875e-05
2.0000e-05,-0.0423437,-0.000805625
3.0000e-05,-0.0515625,0.000134375
4.0000e-05,-0.0546875,0.000119063
5.0000e-05,-0.0535937,-4.28125e-05
6.0000e-05,-0.054375,-7.5625e-05
7.0000e-05,-0.0510938,-0.000863125
8.0000e-05,-0.0540625,-0.000294688
9.0000e-05,-0.0579687,-0.00015375
1.0000e-04,-0.0560937,-0.0005925
1.1000e-04,-0.0525,0.000356875
1.2000e-04,-0.0517188,0.000125313
1.3000e-04,-0.0515625,-0.000545
1.4000e-04,-0.053125,0.000248438
1.5000e-04,-0.0559375,-0.00025375
1.6000e-04,-0.0492188,-0.00073
1.7000e-04,-0.0596875,0.0002
1.8000e-04,-0.0498438,-0.000192188
1.9000e-04,-0.0542187,-0.000305938
2.0000e-04,-0.0485938,-0.000228438
2.1000e-04,-0.0604688,-0.000285
2.2000e-04,-0.0396875,-4.09375e-05
2.3000e-04,-0.0542187,-0.000249375
2.4000e-04,-0.0532813,0.000183438
2.5000e-04,-0.05,0.000419688
2.6000e-04,-0.058125,-0.0012825
2.7000e-04,-0.048125,-0.00038375
2.8000e-04,-0.0567187,-0.000563125
2.9000e-04,-0.0546875,0.000109688
3.0000e-04,-0.0532813,7.8125e-06
3.1000e-04,-0.0540625,0.000635
3.2000e-04,-0.0560937,0.000571563
3.3000e-04,-0.0564063,0.000169688
3.4000e-04,-0.0609375,-2.71875e-05
3.5000e-04,-0.0539063,-0.00020125
3.6000e-04,-0.0623438,-0.000508125
3.7000e-04,-0.0428125,-0.000110625
3.8000e-04,-0.0598438,0.000878438
3.9000e-04,-0.05125,9.90625e-05
4.0000e-04,-0.0498438,1.15625e-05
4.1000e-04,-0.06125,6.25e-06
4.2000e-04,-0.0403125,-0.000247813
4.3000e-04,-0.0414063,-0.000150313
4.4000e-04,-0.0451563,-1.75e-05
4.5000e-04,-0.0534375,-0.000170313
4.6000e-04,-0.048125,-4.53125e-05
4.7000e-04,0.34875,-0.000327188
4.8000e-04,-0.262188,-0.00320844
4.9000e-04,-0.714531,-0.00579844
5.0000e-04,0.0909375,-0.00582656
5.1000e-04,0.09125,-0.00579125
5.2000e-04,0.0985937,-0.00560625
5.3000e-04,0.0742188,-0.00590531
5.4000e-04,0.0678125,-0.00571344
5.5000e-04,0.0489062,-0.00568656
5.6000e-04,0.051875,-0.00564031
5.7000e-04,0.0584375,-0.00573094
5.8000e-04,0.0390625,-0.00561719
5.9000e-04,0.030625,-0.00572094
6.0000e-04,0.0398437,-0.00576188
6.1000e-04,0.0429688,-0.00572344
6.2000e-04,0.0273438,-0.00584875
6.3000e-04,0.03125,-0.00549906
6.4000e-04,0.018125,-0.00569375
6.5000e-04,0.0151562,-0.00548969
6.6000e-04,0.0189063,-0.00548125
6.7000e-04,0.0221875,-0.00575125
6.8000e-04,0.0339062,-0.00566875
6.9000e-04,0.0279688,-0.00551594
7.0000e-04,0.005,-0.00555375
7.1000e-04,0.00890625,-0.00701469
7.2000e-04,0.015625,-0.00138219
7.3000e-04,0.0128125,0.00491625
7.4000e-04,0.0151562,0.00782813
7.5000e-04,0.0109375,0.00427094
7.6000e-04,0.00671875,-0.00264094
7.7000e-04,0.00234375,-0.00674563
7.8000e-04,0.0025,-0.00517375
7.9000e-04,0.00390625,0.00086375
8.0000e-04,0.0148437,0.00560313
8.1000e-04,-0.0028125,0.00499906
8.2000e-04,0.00125,-0.000495313
8.3000e-04,-0.00609375,-0.00528188
8.4000e-04,0,-0.00578438
8.5000e-04,0.0154687,-0.00127625
8.6000e-04,0.006875,0.00356813
8.7000e-04,0.005625,0.004835
8.8000e-04,0.0034375,0.00159938
8.9000e-04,-0.00359375,-0.00285375
9.0000e-04,-0.00484375,-0.00430719
9.1000e-04,0.015625,-0.00221281
9.2000e-04,0.00765625,0.00107219
9.3000e-04,0.00453125,0.00412719
9.4000e-04,-0.0071875,0.00342906
9.5000e-04,-0.0154687,-0.000522188
9.6000e-04,-0.00703125,-0.00367063
9.7000e-04,0.0009375,-0.00390094
9.8000e-04,-0.0071875,-0.000912813
9.9000e-04,-0.00703125,0.00261313
1.0000e-03,0.0040625,0.0030975
1.0100e-03,0.00125,0.00138875
1.0200e-03,-0.0139063,-0.00223062
1.0300e-03,-0.00234375,-0.00356844
1.0400e-03,-0.0090625,-0.00226125
1.0500e-03,-0.00921875,0.000626875
1.0600e-03,-0.00953125,0.00269781
1.0700e-03,-0.0096875,0.00224719
1.0800e-03,-0.015,-0.00017625
1.0900e-03,-0.0107813,-0.00225969
1.1000e-03,-0.0154687,-0.00260344
1.1100e-03,-0.0190625,-0.000982813
1.1200e-03,-0.0246875,0.00124125
1.1300e-03,-0.0110937,0.00205625
1.1400e-03,-0.006875,0.000494688
1.1500e-03,-0.0142188,-0.000701563
1.1600e-03,-0.02,-0.00148156
1.1700e-03,-0.00828125,-0.000746563
1.1800e-03,-0.0090625,-0.00016
1.1900e-03,-0.0107813,0.00220219
1.2000e-03,-0.0034375,0.0014
1.2100e-03,-0.0117188,-0.000106875
1.2200e-03,-0.0146875,-0.000967188
1.2300e-03,-0.0128125,-0.00146844
1.2400e-03,-0.0160938,-0.000506563
1.2500e-03,-0.020625,0.00044625
1.2600e-03,-0.0046875,0.00135438
1.2700e-03,-0.019375,0.00154313
1.2800e-03,-0.0257812,-4.25e-05
1.2900e-03,-0.0196875,-0.00114125
1.3000e-03,-0.0225,-0.00150344
1.3100e-03,-0.01,-0.000171563
1.3200e-03,-0.00828125,0.000589063
1.3300e-03,-0.0228125,0.00140031
1.3400e-03,-0.018125,-0.000216563
1.3500e-03,-0.0146875,-0.00162469
1.3600e-03,-0.0129688,-0.00211438
1.3700e-03,-0.0214063,-0.00146094
1.3800e-03,-0.0221875,6.71875e-05
1.3900e-03,-0.0176563,0.000939375
1.4000e-03,-0.0090625,0.000628125
1.4100e-03,-0.0145312,-0.000508125
1.4200e-03,-0.009375,-0.00166438
1.4300e-03,-0.02125,-0.00109813
1.4400e-03,-0.0198438,-0.0004075
1.4500e-03,-0.0167188,-4.90625e-05
1.4600e-03,-0.02125,0.000840938
1.4700e-03,-0.0204688,0.000127813
1.4800e-03,-0.0185937,-0.00123
1.4900e-03,-0.0220313,-0.000813438
1.5000e-03,-0.00453125,-0.00114
1.5100e-03,-0.02,-0.000269375
1.5200e-03,-0.0273438,-1.90625e-05
1.5300e-03,-0.013125,0.000748438
1.5400e-03,-0.025,0.000584063
1.5500e-03,-0.00875,-0.000520625
1.5600e-03,-0.0201563,-0.00104281
1.5700e-03,-0.02125,-0.000684063
1.5800e-03,-0.011875,9.0625e-06
1.5900e-03,-0.0246875,2.84375e-05
1.6000e-03,-0.0154687,0.000873125
1.6100e-03,-0.0235938,0.000344688
1.6200e-03,-0.0198438,-0.00035
1.6300e-03,-0.0096875,-0.00161844
1.6400e-03,-0.0264062,-0.0009675
1.6500e-03,-0.0382813,0.000233438
1.6600e-03,-0.0279688,0.00058875
1.6700e-03,-0.0167188,6.8125e-05
1.6800e-03,-0.025,-0.000844688
1.6900e-03,-0.0225,-0.00136719
1.7000e-03,-0.0179687,-0.00113125
1.7100e-03,-0.0165625,0.000348438
1.7200e-03,-0.0248438,0.000604375
1.7300e-03,-0.0189062,0.00016875
1.7400e-03,-0.0254688,-0.000445938
1.7500e-03,-0.01875,-0.00021
1.7600e-03,-0.0154687,-0.000475625
1.7700e-03,-0.024375,-0.000650313
1.7800e-03,-0.0260937,0.00036125
1.7900e-03,-0.01625,0.00055625
1.8000e-03,-0.0182812,0.000568438
1.8100e-03,-0.0239063,5.8125e-05
1.8200e-03,-0.0317188,-0.00153281
1.8300e-03,-0.0334375,-0.000653125
1.8400e-03,-0.028125,-2.4375e-05
1.8500e-03,-0.0295313,-0.000325625
1.8600e-03,-0.0290625,0.000356875
1.8700e-03,-0.0165625,0.00028875
1.8800e-03,-0.0310937,0.000147813
1.8900e-03,-0.023125,-0.000117188
1.9000e-03,-0.02625,-0.00075375
1.9100e-03,-0.0307813,-0.000456563
1.9200e-03,-0.0196875,0.0003475
1.9300e-03,-0.0225,0.000449375
1.9400e-03,-0.034375,-0.000334375
1.9500e-03,-0.0207813,-0.000971875
1.9600e-03,-0.025625,-0.000642188
1.9700e-03,-0.0295313,-0.00060875
1.9800e-03,-0.0296875,-0.000130313
1.9900e-03,-0.0229687,0.000637813
2.0000e-03,-0.0246875,8.25e-05
2.0100e-03,-0.025,-0.000709688
2.0200e-03,-0.036875,-0.000610625
2.0300e-03,-0.0332812,-0.00135094
2.0400e-03,-0.0317188,8.75e-05
2.0500e-03,-0.0234375,8.15625e-05
2.0600e-03,-0.020625,0.000293125
2.0700e-03,-0.023125,-0.000319063
2.0800e-03,-0.0298438,-0.000318125
2.0900e-03,-0.0373438,-0.000854375
2.1000e-03,-0.0278125,-0.000842813
2.1100e-03,-0.0334375,-0.000235938
2.1200e-03,-0.0278125,0.000178125
2.1300e-03,-0.036875,0.000292813
2.1400e-03,-0.0346875,9.34375e-05
2.1500e-03,-0.0309375,-0.0001725
2.1600e-03,-0.0226562,-0.000365
2.1700e-03,-0.026875,-0.000519375
2.1800e-03,-0.025625,0.000819375
2.1900e-03,-0.0251563,0.000110625
2.2000e-03,-0.02375,0.000386563
2.2100e-03,-0.0292188,0.00024625
2.2200e-03,-0.0242188,-0.000234063
2.2300e-03,-0.0326562,1.28125e-05
2.2400e-03,-0.0175,-0.00028125
2.2500e-03,-0.0314062,0.0001475
2.2600e-03,-0.0342187,0.000255938
2.2700e-03,-0.045625,-0.000519375
2.2800e-03,-0.0342187,-0.00131781
2.2900e-03,-0.0290625,-0.000504688
2.3000e-03,-0.0289063,0.000287188
2.3100e-03,-0.0310937,-9.84375e-05
2.3200e-03,-0.0270312,-6.8125e-05
2.3300e-03,-0.0196875,9.0625e-06
2.3400e-03,-0.0282813,-0.0002125
2.3500e-03,-0.020625,-0.0008775
2.3600e-03,-0.0246875,-0.000670938
2.3700e-03,-0.0217188,-0.000750938
2.3800e-03,-0.028125,-0.000127188
2.3900e-03,-0.0323438,-0.0001925
2.4000e-03,-0.0384375,-0.00045875
2.4100e-03,-0.0190625,-0.000877813
2.4200e-03,-0.0235938,-0.000965313
2.4300e-03,-0.0273438,-0.000169375
2.4400e-03,-0.0328125,-0.000108125
2.4500e-03,-0.0220313,0.0005375
2.4600e-03,-0.0285938,0.000201563
2.4700e-03,-0.0175,-8.3125e-05
2.4800e-03,-0.02875,-6.5625e-05
2.4900e-03,-0.0445313,-0.000381563
2.5000e-03,-0.035,-0.000388438
2.5100e-03,-0.0321875,-2.65625e-05
2.5200e-03,-0.0475,-0.000239375
2.5300e-03,-0.0276563,-0.000284063
2.5400e-03,-0.0254688,2.9375e-05
2.5500e-03,-0.0204688,-0.000935625
2.5600e-03,-0.0275,-0.000417813
2.5700e-03,-0.0345312,0.00028625
2.5800e-03,-0.02625,3.65625e-05
2.5900e-03,-0.0314062,0.000115
2.6000e-03,-0.040625,-0.000525313
2.6100e-03,-0.0282813,-0.000194688
2.6200e-03,-0.029375,-0.000404375
2.6300e-03,-0.0342187,-0.000611875
2.6400e-03,-0.0323438,0.000465625
2.6500e-03,-0.0307813,-1.375e-05
2.6600e-03,-0.0382813,0.000148125
2.6700e-03,-0.0240625,-0.000427188
2.6800e-03,-0.0309375,-0.00027875
2.6900e-03,-0.0339062,-0.000940313
2.7000e-03,-0.0371875,-0.000669375
2.7100e-03,-0.0275,-0.000356875
2.7200e-03,-0.0354688,0.0001
2.7300e-03,-0.0317188,-0.000500938
2.7400e-03,-0.02625,-0.000894375
2.7500e-03,-0.035,-0.000822188
2.7600e-03,-0.0326562,-0.00011375
2.7700e-03,-0.028125,-0.0002
2.7800e-03,-0.0290625,0.000284063
2.7900e-03,-0.0264062,0.000170313
2.8000e-03,-0.0346875,0.000295
2.8100e-03,-0.04,-6.03125e-05
2.8200e-03,-0.03375,-0.00127688
2.8300e-03,-0.044375,-0.00040375
2.8400e-03,-0.0351562,-0.00014125
2.8500e-03,-0.0354688,-0.000404063
2.8600e-03,-0.043125,-0.00103563
2.8700e-03,-0.0378125,-0.00028
2.8800e-03,-0.028125,-0.000185
2.8900e-03,-0.0359375,9.5625e-05
2.9000e-03,-0.0423437,0.000255625
2.9100e-03,-0.036875,0.000293125
2.9200e-03,-0.0271875,-0.000134688
2.9300e-03,-0.0454688,-0.000746563
2.9400e-03,-0.0271875,-0.000434375
2.9500e-03,-0.0398437,-0.00036625
2.9600e-03,-0.0273438,-4.0625e-06
2.9700e-03,-0.0407813,-0.000430313
2.9800e-03,-0.0351562,0.000404063
2.9900e-03,-0.0392187,-6.90625e-05
3.0000e-03,-0.04,-0.000284688
3.0100e-03,-0.0339062,-0.000369375
3.0200e-03,-0.0365625,-6.40625e-05
3.0300e-03,-0.031875,-0.000199688
3.0400e-03,-0.038125,-0.000173125
3.0500e-03,-0.0321875,-1.3125e-05
3.0600e-03,-0.038125,-0.00014875
3.0700e-03,-0.030625,-0.000472813
3.0800e-03,-0.029375,1.46875e-05
3.0900e-03,-0.0379688,-0.000325
3.1000e-03,-0.0271875,-0.000263437
3.1100e-03,-0.0415625,-0.0004225
3.1200e-03,-0.03625,-6.8125e-05
3.1300e-03,-0.04125,-9.09375e-05
3.1400e-03,-0.0240625,-0.000499375
3.1500e-03,-0.0501562,-0.000299063
3.1600e-03,-0.0373438,0.00050625
3.1700e-03,-0.0421875,-1.5e-05
3.1800e-03,-0.0310937,0.000393438
3.1900e-03,-0.04125,6.40625e-05
3.2000e-03,-0.043125,-0.000206875
3.2100e-03,-0.0384375,-0.000868438
3.2200e-03,-0.033125,-0.00029375
3.2300e-03,-0.0410937,-0.000261875
3.2400e-03,-0.0254688,-0.000552188
3.2500e-03,-0.0404687,-0.000449063
3.2600e-03,-0.0484375,0.000372188
3.2700e-03,-0.0439063,-0.000294375
3.2800e-03,-0.0385937,-0.0003125
3.2900e-03,-0.0345312,-0.000540312
3.3000e-03,-0.0415625,-0.00132219
3.3100e-03,-0.0328125,-0.000227188
3.3200e-03,-0.0370313,-0.0002825
3.3300e-03,-0.0360938,-0.000241875
3.3400e-03,-0.0339062,-0.000154063
3.3500e-03,-0.0378125,-0.000157813
3.3600e-03,-0.0401563,0.000249063
3.3700e-03,-0.03,0.000105938
3.3800e-03,-0.0420312,0.000281875
3.3900e-03,-0.0320312,0.000647188
3.4000e-03,-0.0375,2.5e-06
3.4100e-03,-0.028125,0.000417813
3.4200e-03,-0.0354688,-0.00020125
3.4300e-03,-0.0332812,-5.875e-05
3.4400e-03,-0.0271875,0.000131875
3.4500e-03,-0.0473438,-0.000263437
3.4600e-03,-0.0365625,-0.000219063
3.4700e-03,-0.03875,-0.000292813
3.4800e-03,-0.03375,-0.000169063
3.4900e-03,-0.0348437,-5.78125e-05
3.5000e-03,-0.0467188,0.000315313
3.5100e-03,-0.0348437,-0.000248125
3.5200e-03,-0.0370313,-0.000197188
3.5300e-03,-0.0351562,-4.90625e-05
3.5400e-03,-0.0373438,-0.0006275
3.5500e-03,-0.0320312,-2.90625e-05
3.5600e-03,-0.0353125,0.0001275
3.5700e-03,-0.0471875,0.000186875
3.5800e-03,-0.0279688,0.000199375
3.5900e-03,-0.0310937,0.000465625
3.6000e-03,-0.0360938,-0.000150625
3.6100e-03,-0.0348437,7.9375e-05
3.6200e-03,-0.0439063,-0.000786563
3.6300e-03,-0.0410937,-0.000438438
3.6400e-03,-0.0390625,0.000515625
3.6500e-03,-0.04625,7.34375e-05
3.6600e-03,-0.046875,0.00039875
3.6700e-03,-0.0534375,-0.000660313
3.6800e-03,-0.0490625,-0.00100188
3.6900e-03,-0.0404687,-0.00051625
3.7000e-03,-0.0325,-0.000502813
3.7100e-03,-0.045625,-0.000289063
3.7200e-03,-0.02625,7.0625e-05
3.7300e-03,-0.0404687,-0.000228438
3.7400e-03,-0.041875,-0.000774063
3.7500e-03,-0.0376563,-0.00146906
3.7600e-03,-0.038125,-6.4375e-05
3.7700e-03,-0.0310937,-0.000100938
3.7800e-03,-0.0357813,9.03125e-05
3.7900e-03,-0.0332812,-0.000270625
3.8000e-03,-0.0307813,-0.0001925
3.8100e-03,-0.0404687,4.6875e-05
3.8200e-03,-0.0289063,-0.000396875
3.8300e-03,-0.0460938,-0.000424063
3.8400e-03,-0.029375,4.5e-05
3.8500e-03,-0.0340625,0.000384375
3.8600e-03,-0.031875,-0.000241875
3.8700e-03,-0.043125,-0.000494375
3.8800e-03,-0.0440625,-0.000310313
3.8900e-03,-0.0359375,0.000314688
3.9000e-03,-0.0428125,-0.000169063
3.9100e-03,-0.0467188,0.000169063
3.9200e-03,-0.0398437,0.000470625
3.9300e-03,-0.035625,-0.000160938
3.9400e-03,-0.0382813,5.8125e-05
3.9500e-03,-0.0421875,0.000389375
3.9600e-03,-0.0351562,-0.000450938
3.9700e-03,-0.030625,-0.000295313
3.9800e-03,-0.0425,-0.00051625
3.9900e-03,-0.0417187,-7.8125e-05
4.0000e-03,-0.0389063,-0.000178125
4.0100e-03,-0.0340625,-0.000217188
4.0200e-03,-0.0270312,-0.000394375
4.0300e-03,-0.0357813,-8.34375e-05
4.0400e-03,-0.0371875,-0.000422188
4.0500e-03,-0.0392187,-0.000631875
4.0600e-03,-0.0445313,-0.0006575
4.0700e-03,-0.0448438,-8.15625e-05
4.0800e-03,-0.0328125,0.000562188
4.0900e-03,-0.046875,0.000985938
4.1000e-03,-0.0384375,-0.000129688
4.1100e-03,-0.051875,4.46875e-05
4.1200e-03,-0.0432813,-0.000706563
4.1300e-03,-0.04,-0.000729375
4.1400e-03,-0.0403125,-0.000518438
4.1500e-03,-0.04625,-0.000175625
4.1600e-03,-0.0245313,0.000447188
4.1700e-03,-0.0503125,0.00063875
4.1800e-03,-0.0407813,0.000135625
4.1900e-03,-0.0379688,0.000136875
4.2000e-03,-0.0428125,-0.000267813
4.2100e-03,-0.0365625,-0.000154063
4.2200e-03,-0.0421875,3.3125e-05
4.2300e-03,-0.0435938,0.000305313
4.2400e-03,-0.044375,0.00045375
4.2500e-03,-0.0451563,-0.000385
4.2600e-03,-0.03,-0.000408125
4.2700e-03,-0.0403125,-0.000699688
4.2800e-03,-0.0457813,-0.000525938
4.2900e-03,-0.0354688,-0.000277813
4.3000e-03,-0.0442188,-0.000279688
4.3100e-03,-0.0504687,-0.000518438
4.3200e-03,-0.0342187,0.0004475
4.3300e-03,-0.0420312,0.00025875
4.3400e-03,-0.0342187,-4.40625e-05
4.3500e-03,-0.0492188,-0.00028375
4.3600e-03,-0.0401563,-0.000477813
4.3700e-03,-0.03625,0.000230625
4.3800e-03,-0.0357813,-0.000221563
4.3900e-03,-0.02875,0.00034875
4.4000e-03,-0.0604688,0.000215313
4.4100e-03,-0.0348437,0.000188438
4.4200e-03,-0.0426562,0.000212813
4.4300e-03,-0.049375,0.000218125
4.4400e-03,-0.0342187,0.00020625
4.4500e-03,-0.0342187,-0.000133125
4.4600e-03,-0.0414063,0.000127188
4.4700e-03,0.455156,0.000115625
4.4800e-03,-0.453594,-0.0021675
4.4900e-03,-0.8225,-0.0053775
4.5000e-03,-0.532656,-0.00701844
4.5100e-03,-0.729844,-0.0081175
4.5200e-03,0.154688,-0.00778375
4.5300e-03,0.115625,-0.00794719
4.5400e-03,0.0982813,-0.00780125
4.5500e-03,0.0639062,-0.00783125
4.5600e-03,0.0720312,-0.00772625
4.5700e-03,0.0495312,-0.00763531
4.5800e-03,0.0623438,-0.00756844
4.5900e-03,0.0578125,-0.00767969
4.6000e-03,0.043125,-0.00752
4.6100e-03,0.0282812,-0.00757875
4.6200e-03,0.0223437,-0.00747375
4.6300e-03,0.0476562,-0.00772469
4.6400e-03,0.0390625,-0.00744656
4.6500e-03,0.03875,-0.00751219
4.6600e-03,0.0126562,-0.0075
4.6700e-03,0.0221875,-0.00766688
4.6800e-03,0.0282812,-0.00752031
4.6900e-03,0.0203125,-0.00763688
4.7000e-03,0.0215625,-0.0074325
4.7100e-03,0.024375,-0.00745813
4.7200e-03,0.0120312,-0.00768094
4.7300e-03,0.0276563,-0.00551781
4.7400e-03,0.0075,9.90625e-05
4.7500e-03,0.0170313,0.00183406
4.7600e-03,0.00671875,0.000839688
4.7700e-03,0.00546875,-0.000928125
4.7800e-03,0.021875,-0.00311156
4.7900e-03,0.0146875,-0.00265875
4.8000e-03,0.00859375,0.000119375
4.8100e-03,0.00953125,0.00278156
4.8200e-03,0.0096875,0.00170031
4.8300e-03,0.0204687,-0.000310938
4.8400e-03,0.013125,-0.00290344
4.8500e-03,-0.00140625,-0.002125
4.8600e-03,-0.004375,-0.00132
4.8700e-03,0.00203125,0.00181094
4.8800e-03,0.00765625,0.00282219
4.8900e-03,0,0.00137688
4.9000e-03,0.00640625,-0.0012225
4.9100e-03,-0.0028125,-0.00219156
4.9200e-03,0.00109375,-0.00138406
4.9300e-03,-0.0003125,-0.00022
4.9400e-03,-0.0110937,0.00156031
4.9500e-03,-0.00890625,0.00046
4.9600e-03,0.00140625,-0.000515938
4.9700e-03,-0.0117188,-0.001255
4.9800e-03,0.0028125,-0.00102875
4.9900e-03,-0.00609375,-0.000518125
5.0000e-03,0.0040625,0.000876875
5.0100e-03,-0.008125,0.00110625
5.0200e-03,-0.00625,0.000601563
5.0300e-03,-0.00703125,-0.000449688
5.0400e-03,-0.00328125,-0.00143563
5.0500e-03,-0.005,-0.00172469
5.0600e-03,-0.0192187,0.000570625
5.0700e-03,-0.00390625,0.000337188
5.0800e-03,-0.0142188,0.000647188
5.0900e-03,-0.0126563,0.000211875
5.1000e-03,-0.0173438,-0.00114844
5.1100e-03,0.0078125,-0.0006
5.1200e-03,-0.00703125,4.53125e-05
5.1300e-03,-0.01125,0.00061625
5.1400e-03,-0.0040625,0.000488438
5.1500e-03,-0.0139063,5.59375e-05
5.1600e-03,0.0121875,-0.000989375
5.1700e-03,-0.0125,-0.00096875
5.1800e-03,-0.0139063,-0.00100188
5.1900e-03,-0.0101563,0.000162188
5.2000e-03,-0.0178125,0.000459688
5.2100e-03,-0.01,0.000117813
5.2200e-03,-0.0126563,-0.000734688
5.2300e-03,-0.0179687,-0.000736875
5.2400e-03,-0.0178125,-0.000914375
5.2500e-03,-0.0182812,-0.0013175
5.2600e-03,-0.0114062,-0.00027
5.2700e-03,-0.00796875,-0.000274375
5.2800e-03,-0.00984375,0.00025375
5.2900e-03,-0.0110937,-0.000845
5.3000e-03,-0.0139063,-0.000528438
5.3100e-03,-0.0164063,-0.00052625
5.3200e-03,-0.0196875,-0.000213125
5.3300e-03,-0.015,-0.000125
5.3400e-03,-0.0185937,0.000132188
5.3500e-03,-0.0165625,4.65625e-05
5.3600e-03,-0.01125,0.000226563
5.3700e-03,-0.0084375,-0.000250313
5.3800e-03,-0.01375,-0.000328438
5.3900e-03,-0.02625,0.000155313
5.4000e-03,-0.0171875,-0.000318438
5.4100e-03,-0.0323438,-0.000190313
5.4200e-03,-0.0179687,-0.000200625
5.4300e-03,-0.0157813,-0.000467813
5.4400e-03,-0.0210938,-0.000634375
5.4500e-03,-0.0189062,-0.000425313
5.4600e-03,-0.0184375,0.000300625
5.4700e-03,-0.0167188,0.00031625
5.4800e-03,-0.0232812,0.00024625
5.4900e-03,-0.0159375,-0.000365313
5.5000e-03,-0.0171875,-3.4375e-06
5.5100e-03,-0.0167188,-0.000684688
5.5200e-03,-0.020625,-0.000137813
5.5300e-03,-0.0134375,-0.000165625
5.5400e-03,-0.023125,-0.000165
5.5500e-03,-0.0271875,-0.000718438
5.5600e-03,-0.0259375,0.000136563
5.5700e-03,-0.01,-0.000389063
5.5800e-03,-0.014375,-0.000545
5.5900e-03,-0.0153125,-0.00044
5.6000e-03,-0.0264062,0.000189063
5.6100e-03,-0.0157813,0.000558438
5.6200e-03,-0.0232812,0.000482813
5.6300e-03,-0.0157813,-7.75e-05
5.6400e-03,-0.0165625,-0.000441563
5.6500e-03,-0.0210938,-0.000157188
5.6600e-03,-0.0234375,0.000125313
5.6700e-03,-0.0223437,0.000796563
5.6800e-03,-0.0128125,-0.000865313
5.6900e-03,-0.025,-4.90625e-05
5.7000e-03,-0.0265625,-0.000837813
5.7100e-03,-0.0264062,-0.000544375
5.7200e-03,-0.0248438,-0.0001975
5.7300e-03,-0.0260937,0.000860313
5.7400e-03,-0.0167188,0.00149969
5.7500e-03,-0.0207813,0.000409688
5.7600e-03,-0.0157813,0.000680938
5.7700e-03,-0.0209375,0.000499063
5.7800e-03,-0.0204688,-0.000185313
5.7900e-03,-0.0289063,4.96875e-05
5.8000e-03,-0.0351562,0.00036375
5.8100e-03,-0.0214063,-0.000188438
5.8200e-03,-0.0217188,-0.000195313
5.8300e-03,-0.0229687,-0.000917813
5.8400e-03,-0.0221875,-0.00050875
5.8500e-03,-0.0298438,-9.15625e-05
5.8600e-03,-0.0348437,-0.00056125
5.8700e-03,-0.0235938,-0.000386875
5.8800e-03,-0.0173438,-0.000258125
5.8900e-03,-0.0295313,-0.000223438
5.9000e-03,-0.0284375,-0.000885313
5.9100e-03,-0.0198438,-0.000587813
5.9200e-03,-0.03375,-0.000725625
5.9300e-03,-0.0292188,-8.125e-06
5.9400e-03,-0.03,-3.34375e-05
5.9500e-03,-0.0171875,-4.65625e-05
5.9600e-03,-0.026875,-5.46875e-05
5.9700e-03,-0.0385937,-0.00024875
5.9800e-03,-0.00921875,-0.000462813
5.9900e-03,-0.0265625,-0.000350625
6.0000e-03,-0.0167188,0.0001525
6.0100e-03,-0.0296875,0.000322188
6.0200e-03,-0.0254688,-0.000215
6.0300e-03,-0.0229687,-0.000945938
6.0400e-03,-0.0179687,-2e-05
6.0500e-03,-0.0257812,-0.000712188
6.0600e-03,-0.0296875,-9.09375e-05
6.0700e-03,-0.0235938,-0.000255625
6.0800e-03,-0.0309375,-0.000339375
6.0900e-03,-0.0221875,0.000220938
6.1000e-03,-0.0320312,-0.000380313
6.1100e-03,-0.0307813,-0.000177188
6.1200e-03,-0.0290625,0.000124063
6.1300e-03,-0.0373438,0.00026875
6.1400e-03,-0.0451563,0.000340313
6.1500e-03,-0.02375,0.000305938
6.1600e-03,-0.0223437,-0.000601875
6.1700e-03,-0.020625,-0.00054375
6.1800e-03,-0.02625,-0.000448438
6.1900e-03,-0.0298438,-1.25e-06
6.2000e-03,-0.0301563,-5.78125e-05
6.2100e-03,-0.0176563,0.000111563
6.2200e-03,-0.028125,-0.00027375
6.2300e-03,-0.0267187,-7.6875e-05
6.2400e-03,-0.0353125,-0.000604688
6.2500e-03,-0.0259375,-0.000270313
6.2600e-03,-0.021875,0.0001825
6.2700e-03,-0.0229687,-0.00017625
6.2800e-03,-0.0234375,-0.000600313
6.2900e-03,-0.0410937,-0.000752188
6.3000e-03,-0.0360938,5.9375e-06
6.3100e-03,-0.0334375,7.34375e-05
6.3200e-03,-0.0295313,-0.000305313
6.3300e-03,-0.0310937,-6.65625e-05
6.3400e-03,-0.0271875,-0.000102813
6.3500e-03,-0.0334375,-0.000641563
6.3600e-03,-0.031875,-6e-05
6.3700e-03,-0.0353125,-0.000165313
6.3800e-03,-0.0285938,0.000731563
6.3900e-03,-0.0240625,0.00037125
6.4000e-03,-0.0248438,-0.000574063
6.4100e-03,-0.0289063,-0.000493125
6.4200e-03,-0.0290625,-0.00100875
6.4300e-03,-0.0254688,-0.000353438
6.4400e-03,-0.0309375,-0.000410938
6.4500e-03,-0.0254688,-0.000939375
6.4600e-03,-0.0267187,-1.40625e-05
6.4700e-03,-0.0290625,-9.34375e-05
6.4800e-03,-0.0314062,-0.000168125
6.4900e-03,-0.0323438,0.000131563
6.5000e-03,-0.0298438,-0.000185625
6.5100e-03,-0.0342187,0.0007325
6.5200e-03,-0.0229687,-0.000139375
6.5300e-03,-0.0328125,-0.00029875
6.5400e-03,-0.0334375,-0.000471563
6.5500e-03,-0.035,0.000536563
6.5600e-03,-0.0292188,-0.00040375
6.5700e-03,-0.0295313,-0.000221875
6.5800e-03,-0.0214063,0.000255625
6.5900e-03,-0.0415625,-0.000144063
6.6000e-03,-0.0379688,0.000321875
6.6100e-03,-0.0326562,0.000250313
6.6200e-03,-0.0201563,-0.000804688
6.6300e-03,-0.0253125,-0.000682188
6.6400e-03,-0.0304688,0.000195938
6.6500e-03,-0.0204688,0.00045125
6.6600e-03,-0.0392187,0.000368125
6.6700e-03,-0.0125,7.5625e-05
6.6800e-03,-0.0259375,-0.00060125
6.6900e-03,-0.0375,-0.000348438
6.7000e-03,-0.0417187,-4.84375e-05
6.7100e-03,-0.0285938,-0.000164063
6.7200e-03,-0.02875,-0.000210938
6.7300e-03,-0.0365625,-3.40625e-05
6.7400e-03,-0.0404687,0.000103125
6.7500e-03,-0.04,-1.25e-05
6.7600e-03,-0.031875,-0.000445
6.7700e-03,-0.0229687,-0.00104031
6.7800e-03,-0.0228125,-0.000297188
6.7900e-03,-0.0378125,-0.000107813
6.8000e-03,-0.0221875,-0.000449063
6.8100e-03,-0.0398437,-0.00047625
6.8200e-03,-0.0379688,0.000136875
6.8300e-03,-0.04,-0.000367188
6.8400e-03,-0.04625,-4.375e-06
6.8500e-03,-0.0359375,7.78125e-05
6.8600e-03,-0.0203125,-8.75e-06
6.8700e-03,-0.0390625,-0.000293125
6.8800e-03,-0.023125,0.000280625
6.8900e-03,-0.038125,-0.00019875
6.9000e-03,-0.0384375,0.000114063
6.9100e-03,-0.0265625,-0.000770313
6.9200e-03,-0.0354688,-9.40625e-05
6.9300e-03,-0.02875,-0.000450625
6.9400e-03,-0.0357813,0.000436875
6.9500e-03,-0.0342187,-5.625e-05
6.9600e-03,-0.0359375,6.09375e-05
6.9700e-03,-0.0367188,-0.000220938
6.9800e-03,-0.0373438,9.375e-06
6.9900e-03,-0.033125,-0.000605
7.0000e-03,-0.0317188,-0.000132188
7.0100e-03,-0.0334375,-0.000362813
7.0200e-03,-0.0509375,-0.000182813
7.0300e-03,-0.0229687,-4.5e-05
7.0400e-03,-0.02875,0.000124375
7.0500e-03,-0.0364063,-0.000200938
7.0600e-03,-0.0329688,-0.000322813
7.0700e-03,-0.0325,3.40625e-05
7.0800e-03,-0.049375,-0.000433125
7.0900e-03,-0.0378125,-0.00015625
7.1000e-03,-0.025625,-0.00034625
7.1100e-03,-0.0321875,0.000155
7.1200e-03,-0.0317188,0.000166563
7.1300e-03,-0.0420312,0.000327188
7.1400e-03,-0.043125,-0.000335625
7.1500e-03,-0.0332812,9.125e-05
7.1600e-03,-0.0428125,-1.6875e-05
7.1700e-03,-0.044375,-0.00050125
7.1800e-03,-0.0346875,0.000243125
7.1900e-03,-0.0410937,0.000332813
7.2000e-03,-0.0304688,0.000110313
7.2100e-03,-0.033125,-0.000384375
7.2200e-03,-0.029375,-0.00114969
7.2300e-03,-0.0370313,-0.00063375
7.2400e-03,-0.0285938,-0.0006625
7.2500e-03,-0.0379688,-0.00013
7.2600e-03,-0.0435938,-0.000508125
7.2700e-03,-0.0475,0.000434688
7.2800e-03,-0.0390625,0.000170938
7.2900e-03,-0.0292188,0.000334063
7.3000e-03,-0.0325,-2.40625e-05
7.3100e-03,-0.030625,-0.000251875
7.3200e-03,-0.0429688,-0.000392813
7.3300e-03,-0.0345312,0.000175625
7.3400e-03,-0.0465625,0.000367813
7.3500e-03,-0.0401563,0.000347188
7.3600e-03,-0.03875,0.000872813
7.3700e-03,-0.0389063,-0.000478125
7.3800e-03,-0.0285938,-0.000112188
7.3900e-03,-0.0339062,-0.000345313
7.4000e-03,-0.0371875,8.78125e-05
7.4100e-03,-0.0392187,-0.000569375
7.4200e-03,-0.0339062,-0.000277188
7.4300e-03,-0.0307813,0.000129688
7.4400e-03,-0.0275,0.000153438
7.4500e-03,-0.0435938,0.000459688
7.4600e-03,-0.0403125,0.000584063
7.4700e-03,-0.0298438,-7.21875e-05
7.4800e-03,-0.04375,-7.78125e-05
7.4900e-03,-0.0495312,0.000308125
7.5000e-03,-0.0334375,6.71875e-05
7.5100e-03,-0.0467188,0.000340625
7.5200e-03,-0.0314062,0.000505938
7.5300e-03,-0.0417187,0.000690313
7.5400e-03,-0.0353125,0.000729063
7.5500e-03,-0.0325,-0.000572187
7.5600e-03,-0.04125,-0.00110438
7.5700e-03,-0.04125,-0.000815313
7.5800e-03,-0.0351562,-0.000699375
7.5900e-03,-0.0407813,-1.5e-05
7.6000e-03,-0.0379688,-7.46875e-05
7.6100e-03,-0.045,-0.00055375
7.6200e-03,-0.0328125,-0.000193438
7.6300e-03,-0.0464062,-0.00083375
7.6400e-03,-0.0414063,-0.000474688
7.6500e-03,-0.0371875,-0.00017375
7.6600e-03,-0.0421875,-0.0001325
7.6700e-03,-0.0360938,-0.000585
7.6800e-03,-0.028125,2.1875e-06
7.6900e-03,-0.0395313,0.000501563
7.7000e-03,-0.0376563,0.000590313
7.7100e-03,-0.04,0.0003225
7.7200e-03,-0.0378125,-0.00025875
7.7300e-03,-0.0403125,5.5625e-05
7.7400e-03,-0.030625,-0.000240625
7.7500e-03,-0.0296875,0.00042875
7.7600e-03,-0.03875,0.0005275
7.7700e-03,-0.040625,-0.000324375
7.7800e-03,-0.0321875,4.21875e-05
7.7900e-03,-0.028125,-0.000511563
7.8000e-03,-0.035625,-0.000374375
7.8100e-03,-0.0292188,0.00034625
7.8200e-03,-0.0451563,0.000558125
7.8300e-03,-0.0382813,-0.000313438
7.8400e-03,-0.0389063,-0.000469375
7.8500e-03,-0.0401563,-0.000656875
7.8600e-03,-0.0367188,-0.00113063
7.8700e-03,-0.0453125,0.00036125
7.8800e-03,-0.0432813,1.78125e-05
7.8900e-03,-0.0339062,0.000410625
7.9000e-03,-0.036875,0.0002825
7.9100e-03,-0.0442188,-9.375e-07
7.9200e-03,-0.0289063,-0.000974063
7.9300e-03,-0.0298438,-0.000560938
7.9400e-03,-0.0376563,-0.000437188
7.9500e-03,-0.0390625,-0.000222188
7.9600e-03,-0.0317188,-0.000665938
7.9700e-03,-0.0360938,0.000460938
7.9800e-03,-0.0367188,-0.000140313
7.9900e-03,-0.04125,-0.000812188
8.0000e-03,-0.0364063,0.000215313
8.0100e-03,-0.030625,0.000413125
8.0200e-03,-0.0359375,0.00050625
8.0300e-03,-0.04375,0.000639375
8.0400e-03,-0.043125,-0.0004225
8.0500e-03,-0.0445313,0.000221875
8.0600e-03,-0.0351562,-0.000123125
8.0700e-03,-0.0407813,0.0002175
8.0800e-03,-0.0432813,-0.000101563
8.0900e-03,-0.0375,-0.000251875
8.1000e-03,-0.0496875,-0.000381875
8.1100e-03,-0.0376563,-0.000712188
8.1200e-03,-0.0503125,-0.00024
8.1300e-03,-0.0507812,0.000250938
8.1400e-03,-0.0389063,0.000163438
8.1500e-03,-0.0332812,-3e-05
8.1600e-03,-0.0301563,0.00109969
8.1700e-03,-0.0448438,4.21875e-05
8.1800e-03,-0.0498438,-0.000114063
8.1900e-03,-0.0445313,-0.000238438
8.2000e-03,-0.026875,0.000283437
8.2100e-03,-0.046875,0.000175
8.2200e-03,-0.0285938,4.375e-05
8.2300e-03,-0.0475,-0.000119063
8.2400e-03,-0.0359375,-0.00073625
8.2500e-03,-0.0448438,-0.000521562
8.2600e-03,-0.0398437,-0.000252188
8.2700e-03,-0.0445313,0.000774375
8.2800e-03,-0.0365625,0.000739688
8.2900e-03,-0.0432813,0.000275938
8.3000e-03,-0.0410937,-0.00142531
8.3100e-03,-0.0342187,-0.00151344
8.3200e-03,-0.0485938,-0.000985
8.3300e-03,-0.0440625,-0.000329063
8.3400e-03,-0.0442188,0.00050125
8.3500e-03,-0.038125,-3.40625e-05
8.3600e-03,-0.0492188,-0.000409688
8.3700e-03,-0.0379688,-0.000771875
8.3800e-03,-0.0384375,-0.000394688
8.3900e-03,-0.034375,0.000102813
8.4000e-03,-0.0384375,0.00118219
8.4100e-03,-0.0465625,0.00140063
8.4200e-03,-0.0514063,0.000646563
8.4300e-03,-0.033125,-0.00111594
8.4400e-03,-0.040625,-0.00170156
8.4500e-03,-0.0389063,-0.00039125
8.4600e-03,-0.0473438,0.000109063
8.4700e-03,-0.0323438,0.00123531
8.4800e-03,-0.0478125,0.00173125
8.4900e-03,-0.04,2.4375e-05
8.5000e-03,-0.0471875,-0.00181625
8.5100e-03,-0.0465625,-0.00115188
8.5200e-03,-0.0421875,-0.00023625
8.5300e-03,-0.03375,0.00053375
8.5400e-03,-0.0414063,0.000835625
8.5500e-03,-0.0326562,0.000558125
8.5600e-03,-0.0371875,-0.00169406
8.5700e-03,-0.0353125,-0.00171875
8.5800e-03,-0.035,-0.000689375
8.5900e-03,-0.0496875,0.000650938
8.6000e-03,-0.0384375,0.00177188
8.6100e-03,-0.0410937,0.000314375
8.6200e-03,-0.0385937,0.000253125
8.6300e-03,-0.0451563,-0.000680313
8.6400e-03,-0.04625,-0.00116188
8.6500e-03,-0.0403125,-0.00052
8.6600e-03,-0.0303125,0.000589375
8.6700e-03,-0.0471875,0.000953438
8.6800e-03,-0.0409375,0.000493125
8.6900e-03,-0.0475,-0.00106437
8.7000e-03,-0.0478125,-0.000827188
8.7100e-03,-0.0554687,-0.00106281
8.7200e-03,-0.0465625,0.000108438
8.7300e-03,-0.0553125,0.000665
8.7400e-03,-0.0465625,0.00063625
8.7500e-03,-0.0546875,0.000727813
8.7600e-03,-0.040625,7.34375e-05
8.7700e-03,-0.0410937,-0.0016625
8.7800e-03,-0.043125,-0.000515625
8.7900e-03,-0.0398437,0.000160938
8.8000e-03,-0.0328125,0.0006325
8.8100e-03,-0.0420312,1.25e-05
8.8200e-03,-0.0489062,-0.0004125
8.8300e-03,-0.0379688,-0.00096125
8.8400e-03,-0.043125,-0.00035625
8.8500e-03,-0.0495312,-0.000541875
8.8600e-03,-0.0478125,0.000382188
8.8700e-03,-0.0510938,0.000529063
8.8800e-03,-0.0501562,-0.000234063
8.8900e-03,-0.0435938,-0.000800625
8.9000e-03,-0.05625,-0.000742188
8.9100e-03,-0.045625,-0.0002975
8.9200e-03,-0.0367188,0.000536563
8.9300e-03,-0.04,-0.000192813
8.9400e-03,-0.035625,-0.000289375
8.9500e-03,-0.0401563,-0.000535938
8.9600e-03,-0.048125,-0.000680625
8.9700e-03,-0.035,-0.000315
8.9800e-03,-0.0390625,0.000325313
8.9900e-03,-0.0367188,0.00065875
9.0000e-03,-0.0453125,0.000703125
9.0100e-03,-0.0485938,0.000292813
9.0200e-03,-0.0382813,1.875e-06
9.0300e-03,-0.051875,-0.0005725
9.0400e-03,-0.0440625,0.000186563
9.0500e-03,-0.0545313,-2.8125e-06
9.0600e-03,-0.0478125,0.00010875
9.0700e-03,-0.0310937,5.53125e-05
9.0800e-03,-0.0403125,0.000185
9.0900e-03,-0.0398437,-0.000389688
9.1000e-03,-0.0364063,-0.000220313
9.1100e-03,-0.0476562,-0.000288125
9.1200e-03,-0.0426562,0.0002925
9.1300e-03,-0.040625,-0.000218438
9.1400e-03,-0.0434375,-0.000324375
9.1500e-03,-0.0542187,-0.000967188
9.1600e-03,-0.0415625,-0.00113563
9.1700e-03,-0.0428125,-0.0005
9.1800e-03,-0.034375,-0.000799375
9.1900e-03,-0.049375,3.625e-05
9.2000e-03,-0.0482812,-0.0002625
9.2100e-03,-0.0459375,-0.00056125
9.2200e-03,-0.0398437,-0.00083625
9.2300e-03,-0.0328125,-0.000701563
9.2400e-03,-0.0342187,-0.00047
9.2500e-03,-0.035,-0.000268125
9.2600e-03,-0.04,-0.0001225
9.2700e-03,-0.03875,0.00046875
9.2800e-03,-0.0457813,-0.000340313
9.2900e-03,-0.0448438,-0.00049625
9.3000e-03,-0.0479688,2.75e-05
9.3100e-03,-0.0559375,0.000288125
9.3200e-03,-0.04375,0.000123438
9.3300e-03,-0.035,-0.000345625
9.3400e-03,-0.0321875,-5.78125e-05
9.3500e-03,-0.035625,4.53125e-05
9.3600e-03,-0.0410937,-0.0002975
9.3700e-03,-0.0492188,-5.03125e-05
9.3800e-03,-0.0395313,0.000685938
9.3900e-03,-0.0492188,0.0006225
9.4000e-03,-0.0378125,0.00069125
9.4100e-03,-0.0392187,4.40625e-05
9.4200e-03,-0.0420312,-0.000672813
9.4300e-03,-0.034375,-0.000689063
9.4400e-03,-0.0390625,-0.00016625
9.4500e-03,-0.0285938,0.000126563
9.4600e-03,-0.0460938,0.000592188
9.4700e-03,-0.0390625,0.000630938
9.4800e-03,-0.0476562,-0.000579688
9.4900e-03,-0.04375,-0.000680313
9.5000e-03,-0.040625,-0.000294062
9.5100e-03,-0.0475,-4.90625e-05
9.5200e-03,-0.0482812,-0.0007625
9.5300e-03,-0.0348437,3.34375e-05
9.5400e-03,-0.045625,-2.875e-05
9.5500e-03,-0.0445313,0.000840625
9.5600e-03,-0.0392187,-0.00018875
9.5700e-03,-0.048125,-7.03125e-05
9.5800e-03,-0.0470312,0.000240938
9.5900e-03,-0.0401563,-7.6875e-05
9.6000e-03,-0.0440625,5.0625e-05
9.6100e-03,-0.0401563,5.71875e-05
9.6200e-03,-0.0434375,-0.000577813
9.6300e-03,-0.0465625,-0.000218438
9.6400e-03,-0.0503125,-0.000204063
9.6500e-03,-0.036875,-0.00017375
9.6600e-03,-0.0442188,0.000276875
9.6700e-03,-0.0421875,-0.000122813
9.6800e-03,-0.0459375,2e-05
9.6900e-03,-0.0460938,-0.000574063
9.7000e-03,-0.0329688,-0.000945313
9.7100e-03,-0.0501562,-0.000111563
9.7200e-03,-0.0357813,0.000395313
9.7300e-03,-0.0403125,0.000123125
9.7400e-03,-0.0404687,-0.0001475
9.7500e-03,-0.0435938,-0.000460938
9.7600e-03,-0.0448438,-0.000203125
9.7700e-03,-0.0501562,0.000605938
9.7800e-03,-0.0404687,-0.000707188
9.7900e-03,-0.0535937,0.000345625
9.8000e-03,-0.0485938,5.8125e-05
9.8100e-03,-0.0475,-0.000686563
9.8200e-03,-0.0360938,-0.000160625
9.8300e-03,-0.0325,0.000124375
9.8400e-03,-0.043125,-0.000513438
9.8500e-03,-0.0467188,-0.000273438
9.8600e-03,-0.0329688,-0.000379688
9.8700e-03,-0.0390625,-0.000976875
9.8800e-03,-0.0389063,-0.000285938
9.8900e-03,-0.0514063,-0.00063375
9.9000e-03,-0.0501562,0.000333125
9.9100e-03,-0.0365625,0.000854688
9.9200e-03,-0.0404687,0.000234063
9.9300e-03,-0.0484375,-0.000254063
9.9400e-03,-0.056875,-0.00141688
9.9500e-03,-0.03875,-0.000683125
9.9600e-03,-0.0421875,-0.000273125
9.9700e-03,-0.0465625,-0.000280313
9.9800e-03,-0.0576563,-0.000122813
9.9900e-03,-0.0446875,0.000148438
1.0000e-02,-0.045,-4e-05
1.0010e-02,-0.0442188,-0.000171563
1.0020e-02,-0.044375,-0.000319063
1.0030e-02,-0.0495312,-0.000294688
1.0040e-02,-0.0445313,0.00042875
1.0050e-02,-0.0489062,0.00057375
1.0060e-02,-0.0548437,6.3125e-05
1.0070e-02,-0.04,3.125e-07
1.0080e-02,-0.0432813,0.000122188
1.0090e-02,-0.0390625,-0.000107813
1.0100e-02,-0.0476562,0.00011
1.0110e-02,-0.0445313,0.000828125
1.0120e-02,-0.0625,0.000245
1.0130e-02,-0.03375,-0.000160313
1.0140e-02,-0.0521875,-1.125e-05
1.0150e-02,-0.0465625,1.5e-05
1.0160e-02,-0.0392187,0.000902813
1.0170e-02,-0.0514063,0.000382188
1.0180e-02,-0.0398437,0.000148125
1.0190e-02,-0.050625,-0.0007175
1.0200e-02,-0.0342187,-0.00064375
1.0210e-02,-0.0420312,-0.000566563
1.0220e-02,-0.0467188,-0.000688438
1.0230e-02,-0.0553125,-8.4375e-06
1.0240e-02,-0.0398437,-0.000108438
1.0250e-02,-0.0470312,0.000207188
1.0260e-02,-0.044375,0.00055625
1.0270e-02,-0.0273438,-0.000260313
1.0280e-02,-0.0628125,0.000337813
1.0290e-02,-0.0395313,0.000114375
1.0300e-02,-0.038125,0.00034
1.0310e-02,-0.0345312,0.000629688
1.0320e-02,-0.0359375,-3.75e-06
1.0330e-02,-0.0454688,0.000407813
1.0340e-02,-0.0515625,-0.00047125
1.0350e-02,-0.0414063,-0.000238438
1.0360e-02,-0.028125,0.0008525
1.0370e-02,-0.0514063,-0.000625313
1.0380e-02,-0.0565625,0.000453125
1.0390e-02,-0.04875,-0.00021125
1.0400e-02,-0.0390625,0.00046375
1.0410e-02,-0.0460938,0.000220938
1.0420e-02,-0.0415625,8.1875e-05
1.0430e-02,-0.04875,-0.000501563
1.0440e-02,-0.0507812,-0.000594375
1.0450e-02,-0.0525,-0.000512188
1.0460e-02,-0.0453125,5.3125e-06
1.0470e-02,-0.0484375,-0.000149687
1.0480e-02,-0.0334375,-0.000515625
1.0490e-02,-0.0570313,-0.000939375
1.0500e-02,-0.0429688,-3.71875e-05
1.0510e-02,-0.044375,0.000457188
1.0520e-02,-0.0539063,-0.000500938
1.0530e-02,-0.0503125,-8.1875e-05
1.0540e-02,-0.0465625,0.000604375
1.0550e-02,-0.0392187,1.1875e-05
1.0560e-02,-0.043125,0.000659688
1.0570e-02,-0.0495312,0.000163438
1.0580e-02,-0.053125,0.000656563
1.0590e-02,-0.0535937,-0.000505938
1.0600e-02,-0.055625,-0.000513438
1.0610e-02,-0.04625,-0.000260313
1.0620e-02,-0.0359375,-0.000371875
1.0630e-02,-0.0459375,0.000194375
1.0640e-02,-0.0504687,-0.0005425
1.0650e-02,-0.0459375,-7.96875e-05
1.0660e-02,-0.0501562,0.00014
1.0670e-02,-0.0570313,-0.000204375
1.0680e-02,-0.045,-2.0625e-05
1.0690e-02,-0.0432813,0.000436875
1.0700e-02,-0.0557813,0.0002775
1.0710e-02,-0.043125,-0.000582188
1.0720e-02,-0.0540625,-0.000561562
1.0730e-02,-0.051875,-0.000644063
1.0740e-02,-0.0445313,-0.000814063
1.0750e-02,-0.0375,-2.3125e-05
1.0760e-02,-0.0484375,-2.0625e-05
1.0770e-02,-0.0503125,-0.000772813
1.0780e-02,-0.0359375,-0.000225
1.0790e-02,-0.04625,-0.0002675
1.0800e-02,-0.04875,3.5e-05
1.0810e-02,-0.0460938,-5.34375e-05
1.0820e-02,-0.04,0.000100313
1.0830e-02,-0.0510938,-0.000350313
1.0840e-02,-0.0428125,8.84375e-05
1.0850e-02,-0.05625,-0.000355
1.0860e-02,-0.0553125,-9.6875e-05
1.0870e-02,-0.0364063,-0.000162813
1.0880e-02,-0.0295313,-7.96875e-05
1.0890e-02,-0.0373438,-0.000218438
1.0900e-02,-0.061875,-0.000508125
1.0910e-02,-0.0478125,-0.000400938
1.0920e-02,-0.0484375,0.000232813
1.0930e-02,-0.0423437,-0.000371563
1.0940e-02,-0.0570313,0.000560313
1.0950e-02,-0.0328125,-0.000111563
1.0960e-02,-0.0478125,-0.00111531
1.0970e-02,-0.061875,-0.000390313
1.0980e-02,-0.0504687,0.00045875
1.0990e-02,-0.0432813,-8.3125e-05
1.1000e-02,-0.0520313,0.000180625
1.1010e-02,-0.0484375,-0.000275625
1.1020e-02,-0.0423437,0.00069125
1.1030e-02,-0.041875,-8.875e-05
1.1040e-02,-0.0398437,4.25e-05
1.1050e-02,-0.0540625,3.21875e-05
1.1060e-02,-0.0573437,-0.000308125
1.1070e-02,-0.0425,-2.21875e-05
1.1080e-02,-0.0429688,-0.000273438
1.1090e-02,-0.0507812,-0.000436563
1.1100e-02,-0.05,0.000243438
1.1110e-02,-0.04875,4.9375e-05
1.1120e-02,-0.04,-0.000467813
1.1130e-02,-0.0525,-0.000440625
1.1140e-02,-0.0517188,-3.03125e-05
1.1150e-02,-0.0428125,-4.0625e-05
1.1160e-02,-0.03125,-0.000244375
1.1170e-02,-0.0528125,-0.000694063
1.1180e-02,-0.05625,-0.000265938
1.1190e-02,-0.0539063,-0.00022
1.1200e-02,-0.0484375,1.5625e-06
1.1210e-02,-0.0484375,0.000525625
1.1220e-02,-0.0498438,0.0007375
1.1230e-02,-0.05,-7.46875e-05
1.1240e-02,-0.0523437,0.00013625
1.1250e-02,-0.049375,-0.000206563
1.1260e-02,-0.04125,0.000379063
1.1270e-02,-0.0501562,-0.000121563
1.1280e-02,-0.0346875,-0.000225625
1.1290e-02,-0.0429688,0.000182813
1.1300e-02,-0.0603125,0.000349688
1.1310e-02,-0.0457813,-0.000356563
1.1320e-02,-0.0439063,0.0003975
1.1330e-02,-0.0357813,-0.000408125
1.1340e-02,-0.049375,-2.46875e-05
1.1350e-02,-0.0375,-0.000365625
1.1360e-02,-0.04625,0.000133438
1.1370e-02,-0.0364063,-0.0003775
1.1380e-02,-0.045625,6.34375e-05
1.1390e-02,-0.05125,9.625e-05
1.1400e-02,-0.0457813,0.00024625
1.1410e-02,-0.0470312,-0.000329375
1.1420e-02,-0.0448438,-0.000314063
1.1430e-02,-0.049375,-0.000936875
1.1440e-02,-0.0470312,-0.000385625
1.1450e-02,-0.0439063,0.000100938
1.1460e-02,-0.0492188,0.000347813
1.1470e-02,-0.0384375,-0.000395938
1.1480e-02,-0.0557813,-0.000165938
1.1490e-02,-0.054375,-0.000433125
1.1500e-02,-0.0428125,-0.00018875
1.1510e-02,-0.046875,-0.00055375
1.1520e-02,-0.0414063,0.000374063
1.1530e-02,-0.0489062,-0.000100313
1.1540e-02,-0.0453125,-9.78125e-05
1.1550e-02,-0.048125,-0.0002625
1.1560e-02,-0.0425,0.000404063
1.1570e-02,-0.0523437,-0.000253438
1.1580e-02,-0.0410937,-0.000847813
1.1590e-02,-0.0504687,-0.000513125
1.1600e-02,-0.0467188,-0.00025375
1.1610e-02,-0.0614062,-0.000191875
1.1620e-02,-0.0525,0.00043625
1.1630e-02,-0.0415625,-0.000250625
1.1640e-02,-0.0514063,-0.000166875
1.1650e-02,-0.04625,-0.000388125
1.1660e-02,-0.0435938,0.000365625
1.1670e-02,-0.0509375,0.00021375
1.1680e-02,-0.0445313,0.0001575
1.1690e-02,-0.0420312,-0.00014
1.1700e-02,-0.0354688,-0.000433125
1.1710e-02,-0.03875,-3.4375e-05
1.1720e-02,-0.0471875,-4.28125e-05
1.1730e-02,-0.0467188,-9.96875e-05
1.1740e-02,-0.0453125,6.03125e-05
1.1750e-02,-0.0326562,0.000186875
1.1760e-02,-0.0601562,0.000134688
1.1770e-02,-0.03875,-5.53125e-05
1.1780e-02,-0.0451563,-7.1875e-06
1.1790e-02,-0.0435938,-0.000210625
1.1800e-02,-0.0448438,0.000225938
1.1810e-02,-0.0290625,1.96875e-05
1.1820e-02,-0.0465625,-0.000269375
1.1830e-02,-0.0496875,0.00047875
1.1840e-02,-0.0484375,0.000533125
1.1850e-02,-0.0521875,0.000232188
1.1860e-02,-0.0478125,-0.0005475
1.1870e-02,-0.0523437,0.000374063
1.1880e-02,-0.0554687,-0.0005725
1.1890e-02,-0.0551563,-0.000180625
1.1900e-02,-0.0532813,-0.000164375
1.1910e-02,-0.0459375,-7.375e-05
1.1920e-02,-0.0498438,-0.000230938
1.1930e-02,-0.0521875,-0.000779375
1.1940e-02,-0.0529687,0.000260938
1.1950e-02,-0.0446875,4.09375e-05
1.1960e-02,-0.0376563,0.0011025
1.1970e-02,-0.0467188,-0.000225625
1.1980e-02,-0.0495312,0.000108438
1.1990e-02,-0.0432813,8.375e-05
1.2000e-02,-0.0609375,-3.46875e-05
1.2010e-02,-0.0464062,0.00021625
1.2020e-02,-0.045625,-0.000365938
1.2030e-02,-0.0475,3.78125e-05
1.2040e-02,-0.0540625,-0.000115
1.2050e-02,-0.0446875,-0.000614687
1.2060e-02,-0.0421875,0.000285938
1.2070e-02,-0.04625,0.00054
1.2080e-02,-0.0470312,0.000547188
1.2090e-02,-0.0473438,0.0002175
1.2100e-02,-0.0573437,0.0001075
1.2110e-02,-0.035,0.000390625
1.2120e-02,-0.04125,-0.00024125
1.2130e-02,-0.04375,-8.40625e-05
1.2140e-02,-0.0423437,0.000414688
1.2150e-02,-0.0410937,-3.71875e-05
1.2160e-02,-0.0425,-0.000686875
1.2170e-02,-0.0409375,-0.00063875
1.2180e-02,-0.050625,-0.000102813
1.2190e-02,-0.0617188,0.000131875
1.2200e-02,-0.0429688,0.000126875
1.2210e-02,-0.0551563,0.00061
1.2220e-02,-0.0425,-0.000387813
1.2230e-02,-0.0473438,0.000140938
1.2240e-02,-0.0460938,-0.000853438
1.2250e-02,-0.0392187,-0.0006325
1.2260e-02,-0.0529687,-0.000296875
1.2270e-02,-0.0545313,0.000772813
1.2280e-02,-0.0467188,-0.00051
1.2290e-02,-0.0482812,0.00036375
1.2300e-02,-0.0501562,-0.0001375
1.2310e-02,-0.0415625,-0.00059625
1.2320e-02,-0.0564063,0.0003275
1.2330e-02,-0.0451563,0.000613125
1.2340e-02,-0.0453125,0.000515313
1.2350e-02,-0.049375,0.000379063
1.2360e-02,-0.0435938,-0.000964375
1.2370e-02,-0.0485938,-0.000306563
1.2380e-02,-0.05875,-0.000340313
1.2390e-02,-0.0479688,1e-05
1.2400e-02,-0.0592188,0.00043875
1.2410e-02,-0.05375,0.000404375
1.2420e-02,-0.04375,0.000537188
1.2430e-02,-0.0571875,0.00040875
1.2440e-02,-0.0457813,0.000574375
1.2450e-02,-0.05625,0.000469063
1.2460e-02,-0.0439063,0.000479063
1.2470e-02,-0.0546875,0.000658125
1.2480e-02,-0.324688,-0.00142031
1.2490e-02,-1.27969,-0.00480656
1.2500e-02,-0.766719,-0.00662281
1.2510e-02,-0.1975,-0.00736625
1.2520e-02,-0.373594,-0.00788563
1.2530e-02,0.127188,-0.00769125
1.2540e-02,0.100156,-0.00775813
1.2550e-02,0.064375,-0.00757281
1.2560e-02,0.0642187,-0.0076175
1.2570e-02,0.0540625,-0.00763875
1.2580e-02,0.0604688,-0.00760844
1.2590e-02,0.045625,-0.00754375
1.2600e-02,0.0398437,-0.00775969
1.2610e-02,0.0325,-0.00762563
1.2620e-02,0.0359375,-0.00726
1.2630e-02,0.0314062,-0.00741219
1.2640e-02,0.03375,-0.00764844
1.2650e-02,0.0442188,-0.00757531
1.2660e-02,0.021875,-0.0075425
1.2670e-02,0.0239063,-0.00751031
1.2680e-02,0.018125,-0.00752438
1.2690e-02,0.0323438,-0.0073175
1.2700e-02,0.0226562,-0.00746625
1.2710e-02,0.025625,-0.00736875
1.2720e-02,0.00796875,-0.00749094
1.2730e-02,0.0220312,-0.00653875
1.2740e-02,0.00046875,-0.0013575
1.2750e-02,0.0078125,0.00159156
1.2760e-02,0.0309375,0.00119094
1.2770e-02,0.00421875,-0.00112406
1.2780e-02,0.0114063,-0.00237937
1.2790e-02,0,-0.00208125
1.2800e-02,0.00828125,-0.000474063
1.2810e-02,0.00296875,0.00149156
1.2820e-02,-0.0021875,0.0021
1.2830e-02,0.0164063,0.00028625
1.2840e-02,0.00109375,-0.00163969
1.2850e-02,0.00921875,-0.00232469
1.2860e-02,-0.0034375,-0.000794688
1.2870e-02,-0.00296875,0.00154531
1.2880e-02,0.00046875,0.00163156
1.2890e-02,-0.0065625,0.00134875
1.2900e-02,0.00375,-0.00118844
1.2910e-02,-0.0028125,-0.00236125
1.2920e-02,-0.00765625,-0.00162438
1.2930e-02,0.0040625,-0.000265938
1.2940e-02,-0.00578125,0.000976562
1.2950e-02,-0.00640625,0.000941875
1.2960e-02,-0.00609375,-0.000358438
1.2970e-02,-0.00609375,-0.001515
1.2980e-02,-0.0021875,-0.00138125
1.2990e-02,0.001875,0.000337813
1.3000e-02,0.00015625,0.00110094
1.3010e-02,-0.0075,0.00156875
1.3020e-02,-0.0117188,0.0008875
1.3030e-02,-0.0015625,-0.000503438
1.3040e-02,-0.00796875,-0.00115813
1.3050e-02,-0.00140625,-0.00112844
1.3060e-02,-0.0123438,0.000210625
1.3070e-02,0.00046875,0.000175313
1.3080e-02,-0.0123438,0.000222813
1.3090e-02,-0.01125,-0.000316563
1.3100e-02,-0.0135937,-0.00068625
1.3110e-02,-0.01625,-0.000635625
1.3120e-02,-0.006875,-9.125e-05
1.3130e-02,-0.0171875,0.000484375
1.3140e-02,-0.009375,0.000864688
1.3150e-02,-0.01625,-0.000205938
1.3160e-02,0.00703125,0.000143125
1.3170e-02,-0.0129688,-0.000747188
1.3180e-02,-0.0173438,-0.000144063
1.3190e-02,0.0040625,0.000605
1.3200e-02,0.0053125,-0.000264688
1.3210e-02,-0.0117188,-0.0003775
1.3220e-02,-0.0115625,-0.000660625
1.3230e-02,-0.00796875,-0.00070125
1.3240e-02,-0.0225,-0.000605625
1.3250e-02,-0.0125,-0.000257188
1.3260e-02,-0.00578125,0.000715313
1.3270e-02,-0.0096875,0.00022875
1.3280e-02,-0.01125,-0.000364375
1.3290e-02,-0.00078125,0.000112188
1.3300e-02,-0.0185937,2.15625e-05
1.3310e-02,-0.014375,-0.00054125
1.3320e-02,-0.00984375,0.000267813
1.3330e-02,-0.0189062,-2.5625e-05
1.3340e-02,-0.0170313,0.000386875
1.3350e-02,-0.0185937,0.000199063
1.3360e-02,-0.02,-0.000181875
1.3370e-02,-0.0146875,-0.000575313
1.3380e-02,-0.0096875,0.00029625
1.3390e-02,-0.0170313,0.000726563
1.3400e-02,-0.00640625,-0.0003875
1.3410e-02,-0.0107813,-0.000354063
1.3420e-02,-0.0209375,-1.21875e-05
1.3430e-02,-0.0123438,0.000107188
1.3440e-02,-0.0239063,-0.000444063
1.3450e-02,-0.0198438,-0.000473125
1.3460e-02,-0.0165625,-0.000126563
1.3470e-02,-0.014375,-5.625e-06
1.3480e-02,-0.0025,0.000203125
1.3490e-02,-0.0260937,-0.0001025
1.3500e-02,-0.0110937,0.00025375
1.3510e-02,-0.0134375,-0.000576563
1.3520e-02,-0.0267187,0.000287813
1.3530e-02,-0.0167188,6.40625e-05
1.3540e-02,-0.0242188,0.000190938
1.3550e-02,-0.0203125,0.000221563
1.3560e-02,-0.0254688,1.25e-05
1.3570e-02,-0.01875,-0.000153125
1.3580e-02,-0.0215625,-0.000395938
1.3590e-02,-0.0123438,0.000271875
1.3600e-02,-0.0223437,-1.34375e-05
1.3610e-02,-0.025625,0.000162813
1.3620e-02,-0.0242188,0.000258438
1.3630e-02,-0.0090625,-0.0003
1.3640e-02,-0.0189062,-0.0001075
1.3650e-02,-0.0165625,-6.28125e-05
1.3660e-02,-0.02,0.000283125
1.3670e-02,-0.0254688,0.000883438
1.3680e-02,-0.0284375,0.000859375
1.3690e-02,-0.01,2.5e-05
1.3700e-02,-0.0173438,-5.625e-06
1.3710e-02,-0.0315625,0.00014625
1.3720e-02,-0.0201563,-6.09375e-05
1.3730e-02,-0.0295313,0.000545
1.3740e-02,-0.0242188,0.000580313
1.3750e-02,-0.0176563,0.000514688
1.3760e-02,-0.01875,4.65625e-05
1.3770e-02,-0.0335937,1.84375e-05
1.3780e-02,-0.0207813,0.00024125
1.3790e-02,-0.0204688,-3.0625e-05
1.3800e-02,-0.0264062,0.000959688
1.3810e-02,-0.0178125,0.0004775
1.3820e-02,-0.018125,0.000429375
1.3830e-02,-0.018125,0.000103438
1.3840e-02,-0.0245313,0.000170938
1.3850e-02,-0.02875,6.40625e-05
1.3860e-02,-0.0179687,0.0006875
1.3870e-02,-0.0248438,0.00032125
1.3880e-02,-0.0215625,-0.000329375
1.3890e-02,-0.0242188,-2.15625e-05
1.3900e-02,-0.0240625,-0.00109188
1.3910e-02,-0.0228125,-0.000748125
1.3920e-02,-0.0225,-0.000629063
1.3930e-02,-0.0325,2.75e-05
1.3940e-02,-0.0325,-6.03125e-05
1.3950e-02,-0.025,0.000522188
1.3960e-02,-0.03,-0.000568438
1.3970e-02,-0.0248438,-0.000354063
1.3980e-02,-0.0321875,0.000119688
1.3990e-02,-0.0190625,0.000334063
1.4000e-02,-0.018125,0.000109375
1.4010e-02,-0.0229687,0.000800625
1.4020e-02,-0.0303125,0.00012375
1.4030e-02,-0.025625,-8.59375e-05
1.4040e-02,-0.03625,-0.00018375
1.4050e-02,-0.0282813,5.15625e-05
1.4060e-02,-0.0323438,0.00068375
1.4070e-02,-0.0325,0.000525313
1.4080e-02,-0.0370313,-0.000155
1.4090e-02,-0.0239063,-0.000722813
1.4100e-02,-0.024375,-0.000785625
1.4110e-02,-0.0234375,-0.000539063
1.4120e-02,-0.0296875,8.8125e-05
1.4130e-02,-0.0209375,-0.00012875
1.4140e-02,-0.034375,0.000159063
1.4150e-02,-0.0185937,-0.000264063
1.4160e-02,-0.0329688,-0.0007325
1.4170e-02,-0.019375,0.000156875
1.4180e-02,-0.0234375,-0.00065875
1.4190e-02,-0.029375,0.000963125
1.4200e-02,-0.0392187,-0.000130313
1.4210e-02,-0.0370313,-0.00012
1.4220e-02,-0.0403125,-0.000598125
1.4230e-02,-0.0292188,-0.000509063
1.4240e-02,-0.02375,5.59375e-05
1.4250e-02,-0.025625,0.0003925
1.4260e-02,-0.0179687,-0.000143125
1.4270e-02,-0.0378125,0.000315313
1.4280e-02,-0.0290625,-0.000647188
1.4290e-02,-0.0303125,-0.00054125
1.4300e-02,-0.0265625,-0.00042
1.4310e-02,-0.0229687,-0.000544688
1.4320e-02,-0.0245313,-0.000135
1.4330e-02,-0.0204688,5.03125e-05
1.4340e-02,-0.0340625,-0.000430625
1.4350e-02,-0.0278125,0.000188125
1.4360e-02,-0.0376563,-0.000619688
1.4370e-02,-0.0282813,-1.90625e-05
1.4380e-02,-0.0270312,0.000209688
1.4390e-02,-0.0221875,-0.00019375
1.4400e-02,-0.0378125,-0.000199688
1.4410e-02,-0.0357813,-5.6875e-05
1.4420e-02,-0.0273438,-0.000509688
1.4430e-02,-0.0239063,-0.000246563
1.4440e-02,-0.0282813,0.000206563
1.4450e-02,-0.0242188,0.000268438
1.4460e-02,-0.033125,0.000435313
1.4470e-02,-0.02875,-7.21875e-05
1.4480e-02,-0.0309375,-1.9375e-05
1.4490e-02,-0.025625,-8.1875e-05
1.4500e-02,-0.029375,-0.000327813
1.4510e-02,-0.028125,-0.000462188
1.4520e-02,-0.0260937,-0.000333125
1.4530e-02,-0.028125,-0.000204375
1.4540e-02,-0.02875,-0.000282188
1.4550e-02,-0.0345312,-0.000980313
1.4560e-02,-0.0232812,-0.000437188
1.4570e-02,-0.0389063,0.000260938
1.4580e-02,-0.0348437,0.000220938
1.4590e-02,-0.03,-0.000757188
1.4600e-02,-0.039375,-0.00014625
1.4610e-02,-0.0323438,-0.00016125
1.4620e-02,-0.0242188,-0.000618125
1.4630e-02,-0.03375,-0.000321563
1.4640e-02,-0.0339062,-0.000198438
1.4650e-02,-0.0339062,-0.000159063
1.4660e-02,-0.03125,-0.000341875
1.4670e-02,-0.02375,-4.9375e-05
1.4680e-02,-0.0310937,0.000555625
1.4690e-02,-0.0364063,-0.000256875
1.4700e-02,-0.0414063,0.000454063
1.4710e-02,-0.0239063,0.00043
1.4720e-02,-0.0365625,0.000199688
1.4730e-02,-0.0207813,0.000136563
1.4740e-02,-0.0254688,-0.000438438
1.4750e-02,-0.0309375,-0.00044
1.4760e-02,-0.0234375,-0.0004825
1.4770e-02,-0.0401563,-0.000420313
1.4780e-02,-0.04,0.000350625
1.4790e-02,-0.0209375,0.0003
1.4800e-02,-0.0121875,-0.000173438
1.4810e-02,-0.035,-0.000346563
1.4820e-02,-0.0354688,-0.000457188
1.4830e-02,-0.0401563,-0.000421875
1.4840e-02,-0.0329688,-0.000169063
1.4850e-02,-0.0309375,4.59375e-05
1.4860e-02,-0.035625,-0.000435938
1.4870e-02,-0.0323438,5.28125e-05
1.4880e-02,-0.0395313,0.000354375
1.4890e-02,-0.0253125,0.000312813
1.4900e-02,-0.025625,-0.00063875
1.4910e-02,-0.0357813,3.09375e-05
1.4920e-02,-0.0289063,0.00012
1.4930e-02,-0.0357813,-0.00058625
1.4940e-02,-0.0442188,-0.000315938
1.4950e-02,-0.0403125,-0.0002075
1.4960e-02,-0.0246875,0.000253438
1.4970e-02,-0.0267187,-0.00102094
1.4980e-02,-0.036875,-0.000365
1.4990e-02,-0.0310937,-0.000130625
1.5000e-02,-0.0290625,0.00012625
1.5010e-02,-0.040625,0.000569063
1.5020e-02,-0.0382813,0.000477188
1.5030e-02,-0.0301563,8.21875e-05
1.5040e-02,-0.0315625,0.000247813
1.5050e-02,-0.03125,0.000344063
1.5060e-02,-0.0303125,-3.34375e-05
1.5070e-02,-0.0342187,0.0012625
1.5080e-02,-0.0332812,0.000233125
1.5090e-02,-0.03375,-0.00020875
1.5100e-02,-0.048125,-0.00034875
1.5110e-02,-0.0359375,-9.4375e-05
1.5120e-02,-0.0307813,0.000551875
1.5130e-02,-0.0315625,-0.000567188
1.5140e-02,-0.0290625,-0.000200625
1.5150e-02,-0.0190625,-0.000169063
1.5160e-02,-0.0410937,-0.000113438
1.5170e-02,-0.0290625,-0.000111875
1.5180e-02,-0.035625,-0.0002375
1.5190e-02,-0.0220313,-0.000634688
1.5200e-02,-0.04125,-0.000620625
1.5210e-02,-0.0271875,6.78125e-05
1.5220e-02,-0.0401563,0.000358438
1.5230e-02,-0.0414063,-0.000371875
1.5240e-02,-0.0348437,0.000129375
1.5250e-02,-0.0475,0.000330313
1.5260e-02,-0.0335937,0.00015125
1.5270e-02,-0.0265625,0.000330938
1.5280e-02,-0.0403125,-2.3125e-05
1.5290e-02,-0.0420312,-3.6875e-05
1.5300e-02,-0.0346875,-0.00015375
1.5310e-02,-0.0325,-0.000175938
1.5320e-02,-0.0439063,0.000261563
1.5330e-02,-0.0428125,-0.00029625
1.5340e-02,-0.0371875,-0.000194688
1.5350e-02,-0.0410937,0.000185
1.5360e-02,-0.0317188,-0.000311875
1.5370e-02,-0.03375,0.000374688
1.5380e-02,-0.0392187,-2.875e-05
1.5390e-02,-0.0348437,-0.000759063
1.5400e-02,-0.0332812,-0.000382188
1.5410e-02,-0.038125,-0.000743125
1.5420e-02,-0.0339062,-0.00055375
1.5430e-02,-0.0370313,-3.15625e-05
1.5440e-02,-0.0426562,4.0625e-06
1.5450e-02,-0.0365625,-0.0002
1.5460e-02,-0.0325,0.000355625
1.5470e-02,-0.0389063,-0.000942188
1.5480e-02,-0.0321875,0.00027375
1.5490e-02,-0.025,-0.000189688
1.5500e-02,-0.0385937,-0.00028375
1.5510e-02,-0.038125,-0.000655313
1.5520e-02,-0.045,-0.00029875
1.5530e-02,-0.0384375,0.000124688
1.5540e-02,-0.03,0.000518125
1.5550e-02,-0.0453125,-6.3125e-05
1.5560e-02,-0.043125,1.1875e-05
1.5570e-02,-0.0284375,0.000214688
1.5580e-02,-0.0365625,-0.000208438
1.5590e-02,-0.0423437,-3.125e-07
1.5600e-02,-0.0414063,0.000851875
1.5610e-02,-0.029375,0.0005825
1.5620e-02,-0.04125,0.00099875
1.5630e-02,-0.0420312,0.000111875
1.5640e-02,-0.0423437,0.000110313
1.5650e-02,-0.0332812,-0.000599063
1.5660e-02,-0.0375,-0.000324063
1.5670e-02,-0.03625,0.000403438
1.5680e-02,-0.0342187,-0.000167813
1.5690e-02,-0.0284375,-0.000197813
1.5700e-02,-0.030625,-0.000156875
1.5710e-02,-0.0453125,-0.000647813
1.5720e-02,-0.0396875,-0.0004925
1.5730e-02,-0.0414063,-1.625e-05
1.5740e-02,-0.0457813,0.0005675
1.5750e-02,-0.0307813,0.000563438
1.5760e-02,-0.040625,8.4375e-05
1.5770e-02,-0.050625,0.00064125
1.5780e-02,-0.0379688,-0.000159688
1.5790e-02,-0.0476562,1.75e-05
1.5800e-02,-0.043125,-0.000867188
1.5810e-02,-0.04,0.000115625
1.5820e-02,-0.023125,0.000514688
1.5830e-02,-0.045625,0.000501563
1.5840e-02,-0.0332812,-6.4375e-05
1.5850e-02,-0.0315625,0.000196563
1.5860e-02,-0.0371875,-0.000583125
1.5870e-02,-0.0339062,-0.0003175
1.5880e-02,-0.0354688,0.000806875
1.5890e-02,-0.0479688,0.000285625
1.5900e-02,-0.0334375,0.000656563
1.5910e-02,-0.0407813,-6.3125e-05
1.5920e-02,-0.0390625,-0.000770625
1.5930e-02,-0.0340625,0.000730625
1.5940e-02,-0.0382813,-0.000115
1.5950e-02,-0.036875,0.000279063
1.5960e-02,-0.0375,0.000799688
1.5970e-02,-0.0435938,0.000846875
1.5980e-02,-0.0432813,-0.000191563
1.5990e-02,-0.0425,0.000335938
1.6000e-02,-0.0403125,-0.0002925
1.6010e-02,-0.04375,-5.03125e-05
1.6020e-02,-0.0326562,0.000875313
1.6030e-02,-0.0445313,0.000281563
1.6040e-02,-0.0384375,0.000374688
1.6050e-02,-0.0457813,-0.000491875
1.6060e-02,-0.0445313,-0.000279063
1.6070e-02,-0.0425,-5.875e-05
1.6080e-02,-0.046875,0.000605313
1.6090e-02,-0.0434375,0.00077875
1.6100e-02,-0.051875,0.0009475
1.6110e-02,-0.0367188,-0.000414063
1.6120e-02,-0.0298438,-0.00105188
1.6130e-02,-0.0282813,-0.000579063
1.6140e-02,-0.0498438,0.000696563
1.6150e-02,-0.04125,0.00151906
1.6160e-02,-0.033125,0.000989063
1.6170e-02,-0.04625,-0.000325313
1.6180e-02,-0.0417187,-0.000864375
1.6190e-02,-0.0478125,-0.000332813
1.6200e-02,-0.0409375,1.5e-05
1.6210e-02,-0.040625,0.0010575
1.6220e-02,-0.0353125,0.000649063
1.6230e-02,-0.0345312,-8.4375e-05
1.6240e-02,-0.0425,-0.0019075
1.6250e-02,-0.0390625,-0.001575
1.6260e-02,-0.0470312,-0.000636563
1.6270e-02,-0.0392187,0.00126
1.6280e-02,-0.0359375,0.00155469
1.6290e-02,-0.0367188,0.000601875
1.6300e-02,-0.03625,-0.000815313
1.6310e-02,-0.0398437,-0.001205
1.6320e-02,-0.0403125,-0.000993438
1.6330e-02,-0.0448438,0.00120656
1.6340e-02,-0.0425,0.00191
1.6350e-02,-0.0459375,0.00186875
1.6360e-02,-0.0310937,-0.000175625
1.6370e-02,-0.051875,-0.00184844
1.6380e-02,-0.0514063,-0.00152
1.6390e-02,-0.043125,5.78125e-05
1.6400e-02,-0.0382813,0.0011075
1.6410e-02,-0.0384375,0.00211719
1.6420e-02,-0.0435938,0.00135344
1.6430e-02,-0.0321875,-0.0011375
1.6440e-02,-0.0353125,-0.00170063
1.6450e-02,-0.0296875,-0.000983438
1.6460e-02,-0.0264062,0.000321875
1.6470e-02,-0.0367188,0.00186906
1.6480e-02,-0.0521875,0.00193094
1.6490e-02,-0.051875,0.000433125
1.6500e-02,-0.0451563,-0.00180031
1.6510e-02,-0.0523437,-0.00182563
1.6520e-02,-0.045625,-0.000926875
1.6530e-02,-0.0507812,0.0015775
1.6540e-02,-0.046875,0.00231406
1.6550e-02,-0.0320312,0.00154406
1.6560e-02,-0.0479688,-0.000691563
1.6570e-02,-0.0395313,-0.00231625
1.6580e-02,-0.0371875,-0.00218844
1.6590e-02,-0.026875,-0.0015025
1.6600e-02,-0.0334375,0.000990938
1.6610e-02,-0.0473438,0.00217781
1.6620e-02,-0.0354688,0.00123656
1.6630e-02,-0.046875,-0.000205938
1.6640e-02,-0.0404687,-0.00168125
1.6650e-02,-0.045,-0.00041
1.6660e-02,-0.0439063,0.00065125
1.6670e-02,-0.0325,0.00224031
1.6680e-02,-0.033125,0.00194719
1.6690e-02,-0.0392187,2.28125e-05
1.6700e-02,-0.0492188,-0.00100313
1.6710e-02,-0.0325,-0.00118625
1.6720e-02,-0.0464062,-0.000216875
1.6730e-02,-0.0484375,0.000544688
1.6740e-02,-0.054375,0.00126219
1.6750e-02,-0.0392187,0.000413125
1.6760e-02,-0.0454688,-0.000754375
1.6770e-02,-0.0379688,-0.000736563
1.6780e-02,-0.0370313,-0.000895
1.6790e-02,-0.0346875,6e-05
1.6800e-02,-0.041875,-6.875e-05
1.6810e-02,-0.0395313,0.00023375
1.6820e-02,-0.0453125,-0.00039125
1.6830e-02,-0.0432813,-0.000940938
1.6840e-02,-0.0396875,-0.000862813
1.6850e-02,-0.0460938,-0.00120969
1.6860e-02,-0.0403125,0.000200625
1.6870e-02,-0.0454688,0.000717813
1.6880e-02,-0.0398437,0.00022125
1.6890e-02,-0.0409375,-0.000779375
1.6900e-02,-0.0501562,-0.000208125
1.6910e-02,-0.0276563,-1.125e-05
1.6920e-02,-0.0392187,0.00111063
1.6930e-02,-0.0246875,0.00132156
1.6940e-02,-0.0440625,0.0006275
1.6950e-02,-0.0435938,-0.000736875
1.6960e-02,-0.0342187,-0.00110344
1.6970e-02,-0.0451563,-0.00094125
1.6980e-02,-0.0365625,-0.000296563
1.6990e-02,-0.03875,0.000764688
1.7000e-02,-0.030625,0.00025625
1.7010e-02,-0.0401563,-0.000550625
1.7020e-02,-0.0428125,-0.0004075
1.7030e-02,-0.033125,-0.000970313
1.7040e-02,-0.0442188,-0.000269063
1.7050e-02,-0.04375,8.8125e-05
1.7060e-02,-0.0409375,-0.000251562
1.7070e-02,-0.0471875,0.000228438
1.7080e-02,-0.0440625,-0.000269063
1.7090e-02,-0.0342187,-0.000437188
1.7100e-02,-0.04125,-0.000885625
1.7110e-02,-0.0439063,0.000415625
1.7120e-02,-0.0342187,0.00047875
1.7130e-02,-0.0571875,0.000264063
1.7140e-02,-0.04375,-0.000573438
1.7150e-02,-0.0448438,-0.000330625
1.7160e-02,-0.0540625,-0.00101188
1.7170e-02,-0.044375,-0.000545625
1.7180e-02,-0.0310937,5.53125e-05
1.7190e-02,-0.0478125,0.000389375
1.7200e-02,-0.0453125,0.000339688
1.7210e-02,-0.0573437,-0.000229063
1.7220e-02,-0.0409375,-0.000300625
1.7230e-02,-0.0490625,-0.000165938
1.7240e-02,-0.04125,9.375e-07
1.7250e-02,-0.0501562,-7.71875e-05
1.7260e-02,-0.0420312,4.5625e-05
1.7270e-02,-0.0495312,-5.40625e-05
1.7280e-02,-0.04625,-0.000193438
1.7290e-02,-0.0457813,0.000678438
1.7300e-02,-0.03875,0.000119375
1.7310e-02,-0.04625,-0.000425313
1.7320e-02,-0.0459375,-0.000104375
1.7330e-02,-0.0495312,0.00057875
1.7340e-02,-0.0342187,-0.00017875
1.7350e-02,-0.0382813,-0.00011125
1.7360e-02,-0.05,-0.000200625
1.7370e-02,-0.0501562,-0.00093125
1.7380e-02,-0.04875,-0.000629688
1.7390e-02,-0.0529687,0.000124688
1.7400e-02,-0.0465625,-0.0002
1.7410e-02,-0.0417187,-0.000208438
1.7420e-02,-0.0470312,-0.000692813
1.7430e-02,-0.0470312,-0.000155625
1.7440e-02,-0.049375,-0.000110938
1.7450e-02,-0.046875,-1.3125e-05
1.7460e-02,-0.0464062,0.000507813
1.7470e-02,-0.0401563,0.000338438
1.7480e-02,-0.0471875,-0.000449063
1.7490e-02,-0.04125,-0.000297813
1.7500e-02,-0.0553125,-0.00070625
1.7510e-02,-0.035625,0.000110625
1.7520e-02,-0.0410937,0.00012375
1.7530e-02,-0.0385937,-0.000381563
1.7540e-02,-0.0651562,0.00036375
1.7550e-02,-0.0389063,-0.000274063
1.7560e-02,-0.0382813,-0.000151875
1.7570e-02,-0.0454688,-0.000406875
1.7580e-02,-0.0490625,-2.875e-05
1.7590e-02,-0.0414063,-0.000212188
1.7600e-02,-0.0529687,-0.000417188
1.7610e-02,-0.0340625,-0.000465
1.7620e-02,-0.0457813,-0.000194063
1.7630e-02,-0.049375,0.000420625
1.7640e-02,-0.0370313,-1.28125e-05
1.7650e-02,-0.0496875,0.000190313
1.7660e-02,-0.0475,2.8125e-05
1.7670e-02,-0.0539063,-0.000247188
1.7680e-02,-0.0496875,-0.000311563
1.7690e-02,-0.045625,-0.000582188
1.7700e-02,-0.0464062,-0.000759063
1.7710e-02,-0.0517188,-0.000371563
1.7720e-02,-0.0426562,-5.78125e-05
1.7730e-02,-0.0429688,4e-05
1.7740e-02,-0.0485938,-0.000787188
1.7750e-02,-0.0376563,0.000194375
1.7760e-02,-0.0364063,-0.000163125
1.7770e-02,-0.0465625,0.000145938
1.7780e-02,-0.0517188,-0.00062125
1.7790e-02,-0.0471875,7.90625e-05
1.7800e-02,-0.0617188,-0.000424375
1.7810e-02,-0.053125,-0.000350313
1.7820e-02,-0.0376563,0.00032875
1.7830e-02,-0.045625,-0.000395
1.7840e-02,-0.0415625,-0.000278125
1.7850e-02,-0.0365625,-0.000190625
1.7860e-02,-0.0414063,-0.000350313
1.7870e-02,-0.0379688,-0.000634375
1.7880e-02,-0.0501562,-0.000240938
1.7890e-02,-0.0382813,0.000133438
1.7900e-02,-0.0473438,0.00014125
1.7910e-02,-0.0445313,-0.000215625
1.7920e-02,-0.0459375,-0.000183125
1.7930e-02,-0.0548437,-0.000168438
1.7940e-02,-0.0285938,0.000635938
1.7950e-02,-0.0401563,0.00107875
1.7960e-02,-0.0289063,-0.000343438
1.7970e-02,-0.0339062,-0.00077125
1.7980e-02,-0.0471875,-0.000715
1.7990e-02,-0.0528125,-0.00095875
1.8000e-02,-0.050625,-0.000155
1.8010e-02,-0.039375,0.00030875
1.8020e-02,-0.0367188,0.000377188
1.8030e-02,-0.0495312,-4.6875e-05
1.8040e-02,-0.0457813,-8.71875e-05
1.8050e-02,-0.04125,-8.21875e-05
1.8060e-02,-0.0410937,-8.3125e-05
1.8070e-02,-0.0342187,1.5e-05
1.8080e-02,-0.0398437,-0.00058875
1.8090e-02,-0.0440625,0.000474375
1.8100e-02,-0.03875,-0.000135625
1.8110e-02,-0.0428125,0.000154375
1.8120e-02,-0.0520313,-0.00018625
1.8130e-02,-0.0520313,-0.000246875
1.8140e-02,-0.038125,3.125e-07
1.8150e-02,-0.0451563,-0.000372813
1.8160e-02,-0.0460938,-0.000278125
1.8170e-02,-0.0434375,-0.00048125
1.8180e-02,-0.045625,0.00058875
1.8190e-02,-0.0451563,0.00026
1.8200e-02,-0.0442188,0.000274375
1.8210e-02,-0.0423437,0.000249063
1.8220e-02,-0.03875,0.000405938
1.8230e-02,-0.051875,-9.96875e-05
1.8240e-02,-0.038125,0.000187188
1.8250e-02,-0.0484375,0.000684688
1.8260e-02,-0.0476562,0.00027875
1.8270e-02,-0.0582813,-0.000470625
1.8280e-02,-0.0423437,0.000263125
1.8290e-02,-0.0390625,-0.000274688
1.8300e-02,-0.0340625,-0.000381563
1.8310e-02,-0.0554687,-0.000515
1.8320e-02,-0.051875,0.000205625
1.8330e-02,-0.0476562,6.5625e-06
1.8340e-02,-0.0498438,-0.000150625
1.8350e-02,-0.0440625,1.875e-06
1.8360e-02,-0.0473438,0.0006
1.8370e-02,-0.0503125,7.125e-05
1.8380e-02,-0.0442188,0.000379688
1.8390e-02,-0.0445313,0.000440313
1.8400e-02,-0.0484375,-0.000248125
1.8410e-02,-0.0370313,0.000554063
1.8420e-02,-0.0532813,-7.125e-05
1.8430e-02,-0.0473438,0.000257813
1.8440e-02,-0.0390625,0.0004675
1.8450e-02,-0.0559375,0.000387813
1.8460e-02,-0.0354688,-0.000392813
1.8470e-02,-0.0534375,0.000105
1.8480e-02,-0.0517188,0.000134688
1.8490e-02,-0.0479688,0.000242813
1.8500e-02,-0.04,0.000253438
1.8510e-02,-0.056875,0.000489063
1.8520e-02,-0.0485938,-0.00020375
1.8530e-02,-0.0498438,-0.000269063
1.8540e-02,-0.0490625,-3.8125e-05
1.8550e-02,-0.0489062,0.00030375
1.8560e-02,-0.0351562,-0.000467813
1.8570e-02,-0.0539063,0.00026125
1.8580e-02,-0.0390625,-0.000145313
1.8590e-02,-0.0432813,0.000655938
1.8600e-02,-0.0451563,-0.000219063
1.8610e-02,-0.0446875,0.00028375
1.8620e-02,-0.0507812,-0.000124063
1.8630e-02,-0.045625,-9.53125e-05
1.8640e-02,-0.0403125,0.000206563
1.8650e-02,-0.0389063,-0.000530938
1.8660e-02,-0.0409375,-0.000175313
1.8670e-02,-0.0370313,-0.000302813
1.8680e-02,-0.0471875,-0.000496875
1.8690e-02,-0.0517188,-0.0006575
1.8700e-02,-0.0484375,1.625e-05
1.8710e-02,-0.0429688,2.65625e-05
1.8720e-02,-0.0453125,-0.000835
1.8730e-02,-0.0467188,-0.0007275
1.8740e-02,-0.0298438,-0.000518125
1.8750e-02,-0.0435938,0.000203438
1.8760e-02,-0.0564063,-4.15625e-05
1.8770e-02,-0.0404687,-0.000850625
1.8780e-02,-0.0365625,-5.46875e-05
1.8790e-02,-0.0478125,-0.000315
1.8800e-02,-0.0457813,-8.5e-05
1.8810e-02,-0.0514063,0.0001025
1.8820e-02,-0.0460938,0.000869063
1.8830e-02,-0.0429688,-0.000116563
1.8840e-02,-0.0357813,-0.000335625
1.8850e-02,-0.03625,-0.000442813
1.8860e-02,-0.0470312,0.000241563
1.8870e-02,-0.0479688,0.0001225
1.8880e-02,-0.0401563,-3.75e-06
1.8890e-02,-0.0373438,0.000315
1.8900e-02,-0.0496875,3.8125e-05
1.8910e-02,-0.0515625,0.000638125
1.8920e-02,-0.0426562,-0.000139375
1.8930e-02,-0.0445313,2.9375e-05
1.8940e-02,-0.048125,4.875e-05
1.8950e-02,-0.0429688,-0.00109313
1.8960e-02,-0.04875,-0.000299063
1.8970e-02,-0.0471875,-0.000330313
1.8980e-02,-0.0446875,0.000227813
1.8990e-02,-0.0540625,-0.00030875
1.9000e-02,-0.0503125,0.000404375
1.9010e-02,-0.0409375,0.000401875
1.9020e-02,-0.048125,0.000369375
1.9030e-02,-0.0528125,-0.000363438
1.9040e-02,-0.0446875,-0.000802813
1.9050e-02,-0.0525,-0.000454063
1.9060e-02,-0.0409375,0.000265
1.9070e-02,-0.0415625,-0.000491563
1.9080e-02,-0.0389063,3.15625e-05
1.9090e-02,-0.0485938,-4.125e-05
1.9100e-02,-0.0403125,-0.000410313
1.9110e-02,-0.0479688,-0.000783438
1.9120e-02,-0.0476562,-0.000395625
1.9130e-02,-0.0392187,-7.6875e-05
1.9140e-02,-0.0540625,0.00037125
1.9150e-02,-0.0482812,0.000238125
1.9160e-02,-0.0457813,0.000204063
1.9170e-02,-0.0439063,0.000264375
1.9180e-02,-0.045625,3.0625e-05
1.9190e-02,-0.0560937,-0.000239063
1.9200e-02,-0.0564063,-0.000635625
1.9210e-02,-0.0498438,0.00034
1.9220e-02,-0.0496875,-0.000295938
1.9230e-02,-0.0473438,-0.000315
1.9240e-02,-0.0692187,0.000220313
1.9250e-02,-0.0448438,7.78125e-05
1.9260e-02,-0.0475,-0.000533125
1.9270e-02,-0.0457813,-0.000355313
1.9280e-02,-0.048125,-5.625e-05
1.9290e-02,-0.0470312,-0.000815
1.9300e-02,-0.0478125,-0.00023875
1.9310e-02,-0.0448438,-0.0002125
1.9320e-02,-0.0507812,-0.000444063
1.9330e-02,-0.0478125,-0.000341563
1.9340e-02,-0.048125,-8.96875e-05
1.9350e-02,-0.0492188,0.00034625
1.9360e-02,-0.0526563,0.000168438
1.9370e-02,-0.0464062,0.000159688
1.9380e-02,-0.0295313,-0.000220625
1.9390e-02,-0.0451563,-5.9375e-05
1.9400e-02,-0.0420312,-0.00015875
1.9410e-02,-0.0457813,-0.000465
1.9420e-02,-0.0379688,0.000480938
1.9430e-02,-0.05375,4.6875e-05
1.9440e-02,-0.0464062,-0.000459688
1.9450e-02,-0.045,0.0003525
1.9460e-02,-0.048125,0.000215625
1.9470e-02,-0.0379688,-0.000114063
1.9480e-02,-0.0473438,-0.00022875
1.9490e-02,-0.0459375,6.59375e-05
1.9500e-02,-0.045,-0.000303125
1.9510e-02,-0.049375,-0.000145313
1.9520e-02,-0.0453125,-0.00051375
1.9530e-02,-0.0465625,-0.000491875
1.9540e-02,-0.04875,-0.000385
1.9550e-02,-0.0520313,0.00032875
1.9560e-02,-0.0442188,-0.000166563
1.9570e-02,-0.034375,-0.000579063
1.9580e-02,-0.0454688,-0.00068625
1.9590e-02,-0.03,-0.000650625
1.9600e-02,-0.0323438,0.000320625
1.9610e-02,-0.0532813,-0.0003775
1.9620e-02,-0.043125,0.000110938
1.9630e-02,-0.0539063,-0.000699063
1.9640e-02,-0.0520313,-0.000216563
1.9650e-02,-0.0539063,-0.000967813
1.9660e-02,-0.041875,-0.000705313
1.9670e-02,-0.0384375,-0.000709688
1.9680e-02,-0.0407813,-0.000688438
1.9690e-02,-0.0360938,-0.000345625
1.9700e-02,-0.0604688,1.5625e-06
1.9710e-02,-0.0403125,-0.000190313
1.9720e-02,-0.0473438,-0.0001225
1.9730e-02,-0.0498438,-0.00014625
1.9740e-02,-0.04625,0.000239688
1.9750e-02,-0.0504687,6.71875e-05
1.9760e-02,-0.0475,-0.000162813
1.9770e-02,-0.0573437,0.00019125
1.9780e-02,-0.0401563,1.625e-05
1.9790e-02,-0.0528125,0.0002225
1.9800e-02,-0.0357813,-1.75e-05
1.9810e-02,-0.0446875,9.0625e-06
1.9820e-02,-0.0525,-8.25e-05
1.9830e-02,-0.06,0.000132188
1.9840e-02,-0.045,-0.000180625
1.9850e-02,-0.0579687,0.000406875
1.9860e-02,-0.0525,-0.000157813
1.9870e-02,-0.039375,-0.0002325
1.9880e-02,-0.045,6.40625e-05
1.9890e-02,-0.05625,-0.0002875
1.9900e-02,-0.0489062,-7.34375e-05
1.9910e-02,-0.0503125,-0.000504375
1.9920e-02,-0.0526563,-0.000126563
1.9930e-02,-0.0476562,-0.000167188
1.9940e-02,-0.0503125,-7.59375e-05
1.9950e-02,-0.0601562,8.03125e-05
1.9960e-02,-0.0415625,0.00020875
1.9970e-02,-0.0570313,-0.000440313
1.9980e-02,-0.0345312,-0.000929375
1.9990e-02,-0.0495312,-0.000478125
2.0000e-02,-0.0489062,-0.000878125
2.0010e-02,-0.0509375,-0.000980625
2.0020e-02,-0.0451563,0.000105
2.0030e-02,-0.0498438,0.000163438
2.0040e-02,-0.05375,0.000494063
2.0050e-02,-0.0459375,0.0002125
2.0060e-02,-0.0525,-0.000121563
2.0070e-02,-0.0526563,-0.000155
2.0080e-02,-0.04375,0.000835313
2.0090e-02,-0.0539063,-0.000171563
2.0100e-02,-0.0423437,-0.000395938
2.0110e-02,-0.0442188,-0.000416875
2.0120e-02,-0.0384375,-0.000598438
2.0130e-02,-0.0517188,-9.3125e-05
2.0140e-02,-0.0559375,-0.00040625
2.0150e-02,-0.0398437,0.000309063
2.0160e-02,-0.0454688,9.40625e-05
2.0170e-02,-0.05625,-9.0625e-05
2.0180e-02,-0.0582813,-0.000474688
2.0190e-02,-0.0448438,-0.00080375
2.0200e-02,-0.0445313,0.00013875
2.0210e-02,-0.0392187,7.6875e-05
2.0220e-02,-0.0514063,0.0004175
2.0230e-02,-0.0517188,9.375e-05
2.0240e-02,-0.0564063,8.46875e-05
2.0250e-02,-0.0373438,-3.59375e-05
2.0260e-02,-0.0440625,-0.000592813
2.0270e-02,-0.0495312,4.65625e-05
2.0280e-02,-0.0515625,0.000447188
2.0290e-02,-0.0557813,-0.00031
2.0300e-02,-0.0375,1.40625e-05
2.0310e-02,-0.0525,-0.000191875
2.0320e-02,-0.0465625,0.00032
2.0330e-02,-0.0475,0.000689688
2.0340e-02,-0.0476562,0.000972813
2.0350e-02,-0.0345312,0.000210625
2.0360e-02,-0.0575,0.000455625
2.0370e-02,-0.033125,-0.000336563
2.0380e-02,-0.045625,9.96875e-05
2.0390e-02,-0.0403125,0.0006725
2.0400e-02,-0.0401563,0.0012125
2.0410e-02,-0.0529687,0.000799375
2.0420e-02,-0.0409375,0.00084875
2.0430e-02,-0.0445313,0.0008125
2.0440e-02,-0.0429688,0.000813125
2.0450e-02,-0.0475,0.000809063
2.0460e-02,-0.0401563,0.000994375
2.0470e-02,-0.035625,0.000770625
2.0480e-02,1.03516,-0.000384063
2.0490e-02,-0.30875,-0.00389469
2.0500e-02,-2.29859,-0.00645125
2.0510e-02,-0.387813,-0.00748375
2.0520e-02,-0.821406,-0.00781219
2.0530e-02,0.106719,-0.00752375
2.0540e-02,0.093125,-0.00752781
2.0550e-02,0.0765625,-0.00765906
2.0560e-02,0.0821875,-0.00747781
2.0570e-02,0.0515625,-0.00764344
2.0580e-02,0.0484375,-0.00754719
2.0590e-02,0.056875,-0.00768625
2.0600e-02,0.0401563,-0.00756031
2.0610e-02,0.0625,-0.00757781
2.0620e-02,0.0385937,-0.00762375
2.0630e-02,0.0439062,-0.00763688
2.0640e-02,0.0276563,-0.00754625
2.0650e-02,0.0301562,-0.007585
2.0660e-02,0.0171875,-0.00759438
2.0670e-02,0.026875,-0.00764719
2.0680e-02,0.0354688,-0.00769219
2.0690e-02,0.019375,-0.00749
2.0700e-02,0.009375,-0.00733656
2.0710e-02,0.0265625,-0.00744281
2.0720e-02,0.01875,-0.00753844
2.0730e-02,0.0153125,-0.00661625
2.0740e-02,0.0142187,-0.0022475
2.0750e-02,0.0184375,0.00101375
2.0760e-02,0.0298437,0.000623438
2.0770e-02,0.0201562,-0.00103094
2.0780e-02,0.0185938,-0.00295219
2.0790e-02,0.00734375,-0.00241531
2.0800e-02,0.0021875,-0.000974375
2.0810e-02,0.00203125,0.0009675
2.0820e-02,0.0229687,0.00225625
2.0830e-02,0.0101562,0.00065625
2.0840e-02,-0.0025,-0.00119844
2.0850e-02,-0.0025,-0.00169938
2.0860e-02,0.0157813,-0.000306563
2.0870e-02,-0.00484375,0.000362188
2.0880e-02,-0.0123438,0.000871563
2.0890e-02,0.01125,0.000763438
2.0900e-02,0.0053125,-0.000760938
2.0910e-02,-0.0003125,-0.00158344
2.0920e-02,-0.0135937,-0.001385
2.0930e-02,0.00625,-0.000187813
2.0940e-02,0.00015625,0.000535
2.0950e-02,-0.005,0.00107563
2.0960e-02,-0.00265625,-8.15625e-05
2.0970e-02,0.00203125,-0.000624063
2.0980e-02,0.0053125,-0.000749688
2.0990e-02,0.00140625,0.000104375
2.1000e-02,-0.0107813,0.000996875
2.1010e-02,0.01,0.00126719
2.1020e-02,-0.0078125,0.000737813
2.1030e-02,-0.0104688,-0.00122219
2.1040e-02,0.00265625,-0.00103438
2.1050e-02,-0.00796875,-0.000828125
2.1060e-02,-0.00296875,3.5e-05
2.1070e-02,-0.0059375,0.000240938
2.1080e-02,-0.00859375,0.00036125
2.1090e-02,-0.0003125,-0.00057
2.1100e-02,-0.0159375,-0.00168031
2.1110e-02,-0.0059375,-0.00180969
2.1120e-02,-0.0167188,-0.000499063
2.1130e-02,-0.00875,0.00034
2.1140e-02,-0.0196875,0.000527188
2.1150e-02,-0.0148437,-2.9375e-05
2.1160e-02,-0.016875,-0.0004775
2.1170e-02,-0.0135937,-0.0002275
2.1180e-02,-0.0171875,0.000292813
2.1190e-02,-0.00625,0.000228125
2.1200e-02,-0.024375,0.000634063
2.1210e-02,-0.00625,-0.000135625
2.1220e-02,-0.015625,-4.5625e-05
2.1230e-02,-0.0164063,0.000496563
2.1240e-02,-0.0090625,0.000344375
2.1250e-02,-0.016875,-0.000229688
2.1260e-02,-0.0128125,0.000160625
2.1270e-02,-0.01625,0.00065125
2.1280e-02,-0.0170313,0.000217188
2.1290e-02,-0.0171875,-0.000377188
2.1300e-02,-0.0140625,-3.84375e-05
2.1310e-02,-0.0071875,-0.000635625
2.1320e-02,-0.0204688,-0.000735625
2.1330e-02,-0.021875,-0.000355313
2.1340e-02,-0.023125,-0.000439688
2.1350e-02,-0.0101563,0.000204375
2.1360e-02,-0.0125,-1.25e-06
2.1370e-02,-0.0129688,-0.000274375
2.1380e-02,-0.0107813,0.000171875
2.1390e-02,-0.0340625,4.25e-05
2.1400e-02,-0.0178125,0.00013125
2.1410e-02,-0.0260937,0.000535625
2.1420e-02,-0.0192187,-0.000405625
2.1430e-02,-0.0075,0.000754063
2.1440e-02,-0.0248438,-0.00039875
2.1450e-02,-0.0148437,-6.96875e-05
2.1460e-02,-0.015,3.46875e-05
2.1470e-02,-0.015625,0.000357813
2.1480e-02,-0.0220313,-0.00022125
2.1490e-02,-0.0134375,0.000688125
2.1500e-02,-0.00953125,0.000225313
2.1510e-02,-0.0185937,0.000228438
2.1520e-02,-0.0215625,-0.000606563
2.1530e-02,-0.0201563,7.59375e-05
2.1540e-02,-0.00859375,-0.00014625
2.1550e-02,-0.0192187,8.59375e-05
2.1560e-02,-0.0276563,-0.000145313
2.1570e-02,-0.0290625,7.96875e-05
2.1580e-02,-0.014375,0.00056
2.1590e-02,-0.0185937,-5.28125e-05
2.1600e-02,-0.019375,0.000453125
2.1610e-02,-0.0307813,9.5e-05
2.1620e-02,-0.0198438,4.46875e-05
2.1630e-02,-0.020625,0.000376563
2.1640e-02,-0.019375,8.65625e-05
2.1650e-02,-0.0173438,-0.000165938
2.1660e-02,-0.0140625,0.000186563
2.1670e-02,-0.031875,1.3125e-05
2.1680e-02,-0.0226562,0.000295313
2.1690e-02,-0.0240625,-8.15625e-05
2.1700e-02,-0.0246875,0.000214063
2.1710e-02,-0.024375,0.000100938
2.1720e-02,-0.0240625,0.000765
2.1730e-02,-0.016875,0.000314063
2.1740e-02,-0.0365625,0.000389063
2.1750e-02,-0.0196875,5.4375e-05
2.1760e-02,-0.0240625,1e-05
2.1770e-02,-0.0282813,-0.00119969
2.1780e-02,-0.014375,6.65625e-05
2.1790e-02,-0.0276563,-0.00056
2.1800e-02,-0.0165625,-0.000308438
2.1810e-02,-0.0270312,-0.000162188
2.1820e-02,-0.0170313,-0.000398438
2.1830e-02,-0.0179687,-0.000193438
2.1840e-02,-0.0207813,-0.000353438
2.1850e-02,-0.034375,-0.000466563
2.1860e-02,-0.0267187,-0.00028
2.1870e-02,-0.031875,1.34375e-05
2.1880e-02,-0.0240625,-0.00034
2.1890e-02,-0.0304688,0.000540938
2.1900e-02,-0.0328125,0.000265938
2.1910e-02,-0.015625,0.000139375
2.1920e-02,-0.030625,0.00020875
2.1930e-02,-0.0182812,-3e-05
2.1940e-02,-0.02625,-0.000389063
2.1950e-02,-0.0304688,-0.000707813
2.1960e-02,-0.0284375,-0.000335938
2.1970e-02,-0.0278125,-0.000582812
2.1980e-02,-0.02375,-0.000563438
2.1990e-02,-0.0257812,-2.5625e-05
2.2000e-02,-0.0232812,0.000150625
2.2010e-02,-0.0190625,0.000159063
2.2020e-02,-0.0301563,0.000143438
2.2030e-02,-0.0371875,-0.0005225
2.2040e-02,-0.0228125,-0.000822188
2.2050e-02,-0.0134375,-5.53125e-05
2.2060e-02,-0.0279688,-0.000117188
2.2070e-02,-0.02875,0.000159688
2.2080e-02,-0.0217188,0.000387188
2.2090e-02,-0.0328125,0.000514688
2.2100e-02,-0.0254688,-0.000507188
2.2110e-02,-0.0351562,-0.000375625
2.2120e-02,-0.0179687,-0.000372813
2.2130e-02,-0.0310937,-0.000399688
2.2140e-02,-0.0275,8e-05
2.2150e-02,-0.0260937,0.00051375
2.2160e-02,-0.0201563,-0.000556563
2.2170e-02,-0.0240625,-0.00129094
2.2180e-02,-0.0259375,-0.00106156
2.2190e-02,-0.0226562,-0.00114188
2.2200e-02,-0.0254688,-0.000193125
2.2210e-02,-0.028125,0.000241563
2.2220e-02,-0.0209375,0.00082625
2.2230e-02,-0.0226562,0.000467813
2.2240e-02,-0.0329688,0.000272188
2.2250e-02,-0.023125,0.000186563
2.2260e-02,-0.016875,-0.000204063
2.2270e-02,-0.0176563,1.84375e-05
2.2280e-02,-0.02625,-1.5625e-06
2.2290e-02,-0.0389063,-0.0003575
2.2300e-02,-0.0215625,-0.000775625
2.2310e-02,-0.03375,-0.000540312
2.2320e-02,-0.0198438,-0.000207188
2.2330e-02,-0.0353125,0.000129375
2.2340e-02,-0.0321875,-0.000181563
2.2350e-02,-0.0235938,-1.21875e-05
2.2360e-02,-0.0239063,0.00032375
2.2370e-02,-0.0192187,-0.000340625
2.2380e-02,-0.0267187,-5.9375e-06
2.2390e-02,-0.0257812,0.000125625
2.2400e-02,-0.0270312,-0.000725938
2.2410e-02,-0.0410937,-0.000699063
2.2420e-02,-0.0185937,-0.000336563
2.2430e-02,-0.0332812,-0.00054625
2.2440e-02,-0.0235938,-0.000167188
2.2450e-02,-0.021875,-0.00045625
2.2460e-02,-0.034375,-0.000268125
2.2470e-02,-0.0304688,2.8125e-05
2.2480e-02,-0.02375,0.000130313
2.2490e-02,-0.0257812,0.000287188
2.2500e-02,-0.0164063,-0.0002525
2.2510e-02,-0.0296875,0.000515313
2.2520e-02,-0.025625,0.000157813
2.2530e-02,-0.0245313,-0.000612813
2.2540e-02,-0.0365625,-0.00100594
2.2550e-02,-0.0240625,-0.000207813
2.2560e-02,-0.0251563,-0.000395
2.2570e-02,-0.0284375,-1.34375e-05
2.2580e-02,-0.0370313,0.000504375
2.2590e-02,-0.0228125,0.000338438
2.2600e-02,-0.0290625,0.000910938
2.2610e-02,-0.033125,-0.000524688
2.2620e-02,-0.0289063,-0.000571875
2.2630e-02,-0.0359375,-2.8125e-06
2.2640e-02,-0.0253125,-0.000267188
2.2650e-02,-0.0357813,0.000465
2.2660e-02,-0.0223437,0.000513438
2.2670e-02,-0.0309375,0.000158125
2.2680e-02,-0.0214063,0.0001625
2.2690e-02,-0.0278125,0.000406563
2.2700e-02,-0.0339062,-0.000692813
2.2710e-02,-0.0273438,-6.75e-05
2.2720e-02,-0.0242188,3.90625e-05
2.2730e-02,-0.0360938,-0.0004775
2.2740e-02,-0.0390625,-3.15625e-05
2.2750e-02,-0.0282813,-0.000365625
2.2760e-02,-0.0351562,-0.000211563
2.2770e-02,-0.0417187,2.09375e-05
2.2780e-02,-0.0309375,2.90625e-05
2.2790e-02,-0.04625,0.000269375
2.2800e-02,-0.0223437,0.000197813
2.2810e-02,-0.0417187,0.000152813
2.2820e-02,-0.0326562,-0.000274063
2.2830e-02,-0.0357813,-0.000558125
2.2840e-02,-0.0409375,0.00069625
2.2850e-02,-0.0245313,-0.00035375
2.2860e-02,-0.0354688,-0.00012
2.2870e-02,-0.030625,-7e-05
2.2880e-02,-0.0275,-0.000370938
2.2890e-02,-0.0398437,-0.000514688
2.2900e-02,-0.0315625,0.00041875
2.2910e-02,-0.0360938,0.000542813
2.2920e-02,-0.0475,-0.000286875
2.2930e-02,-0.0364063,-0.000675313
2.2940e-02,-0.0470312,-0.000645313
2.2950e-02,-0.03375,-0.00015875
2.2960e-02,-0.0307813,-0.00053875
2.2970e-02,-0.0382813,8.375e-05
2.2980e-02,-0.0395313,0.00068125
2.2990e-02,-0.0290625,1.875e-06
2.3000e-02,-0.0257812,-0.000279375
2.3010e-02,-0.0423437,-0.00058375
2.3020e-02,-0.03875,0.000119688
2.3030e-02,-0.0403125,0.00033375
2.3040e-02,-0.045,0.00103438
2.3050e-02,-0.0395313,9.375e-05
2.3060e-02,-0.0348437,0.000471875
2.3070e-02,-0.0410937,0.000142188
2.3080e-02,-0.0246875,-0.000351563
2.3090e-02,-0.0373438,9.53125e-05
2.3100e-02,-0.0426562,-0.000137813
2.3110e-02,-0.035,6.25e-05
2.3120e-02,-0.0385937,3.34375e-05
2.3130e-02,-0.0345312,0.000255313
2.3140e-02,-0.0376563,2.1875e-06
2.3150e-02,-0.0314062,0.000674063
2.3160e-02,-0.034375,-0.000144375
2.3170e-02,-0.0348437,-0.000188125
2.3180e-02,-0.0379688,-0.000101875
2.3190e-02,-0.041875,0.000495625
2.3200e-02,-0.0334375,-9.34375e-05
2.3210e-02,-0.034375,0.000303438
2.3220e-02,-0.02,0.00021125
2.3230e-02,-0.0270312,0.000153125
2.3240e-02,-0.040625,0.000361875
2.3250e-02,-0.0420312,0.00041
2.3260e-02,-0.0289063,-0.000261875
2.3270e-02,-0.041875,0.000338125
2.3280e-02,-0.0379688,0.000471563
2.3290e-02,-0.0223437,0.00074375
2.3300e-02,-0.035,0.000429063
2.3310e-02,-0.0453125,-0.000636875
2.3320e-02,-0.035,-0.000926875
2.3330e-02,-0.038125,0.000306563
2.3340e-02,-0.0326562,-0.000364688
2.3350e-02,-0.0410937,0.000225938
2.3360e-02,-0.026875,9.65625e-05
2.3370e-02,-0.0396875,0.000231875
2.3380e-02,-0.0251563,0.000101875
2.3390e-02,-0.0448438,-0.000107188
2.3400e-02,-0.036875,8.9375e-05
2.3410e-02,-0.0423437,0.000554688
2.3420e-02,-0.0342187,0.000448125
2.3430e-02,-0.0315625,-4.5625e-05
2.3440e-02,-0.0439063,-0.000122188
2.3450e-02,-0.0314062,0.00110187
2.3460e-02,-0.04125,-0.000174375
2.3470e-02,-0.0364063,-0.000499375
2.3480e-02,-0.0421875,3.65625e-05
2.3490e-02,-0.050625,0.000895625
2.3500e-02,-0.031875,-0.000103125
2.3510e-02,-0.0403125,0.00019
2.3520e-02,-0.0353125,-0.000195625
2.3530e-02,-0.0264062,0.000189688
2.3540e-02,-0.0339062,0.000488125
2.3550e-02,-0.0378125,-7.75e-05
2.3560e-02,-0.0373438,0.000385
2.3570e-02,-0.0445313,-0.000804688
2.3580e-02,-0.0260937,-0.000120938
2.3590e-02,-0.0428125,-0.000254063
2.3600e-02,-0.0365625,-2.96875e-05
2.3610e-02,-0.0198438,2.5e-05
2.3620e-02,-0.0398437,0.000314688
2.3630e-02,-0.0467188,0.000114375
2.3640e-02,-0.0310937,0.000685938
2.3650e-02,-0.0459375,0.000320938
2.3660e-02,-0.0328125,9.5e-05
2.3670e-02,-0.0353125,0.000218438
2.3680e-02,-0.0414063,0.000761563
2.3690e-02,-0.0398437,0.000624063
2.3700e-02,-0.0328125,-1.75e-05
2.3710e-02,-0.0303125,0.000400938
2.3720e-02,-0.0439063,-8.4375e-05
2.3730e-02,-0.0367188,-0.00030875
2.3740e-02,-0.0321875,-0.000173438
2.3750e-02,-0.038125,0.000167188
2.3760e-02,-0.0382813,1.4375e-05
2.3770e-02,-0.038125,0.000257188
2.3780e-02,-0.0328125,0.000218438
2.3790e-02,-0.038125,-0.000270625
2.3800e-02,-0.030625,-0.000275625
2.3810e-02,-0.050625,-0.000118438
2.3820e-02,-0.0403125,-0.000650313
2.3830e-02,-0.0417187,0.000858125
2.3840e-02,-0.0365625,0.000641875
2.3850e-02,-0.0545313,0.000199375
2.3860e-02,-0.0498438,-0.000280625
2.3870e-02,-0.03875,-0.000249063
2.3880e-02,-0.03625,-7.15625e-05
2.3890e-02,-0.0314062,-2.75e-05
2.3900e-02,-0.044375,0.000954375
2.3910e-02,-0.0357813,-0.000480625
2.3920e-02,-0.0367188,-0.000689688
2.3930e-02,-0.034375,-0.00074375
2.3940e-02,-0.04,-0.000663125
2.3950e-02,-0.0373438,0.00015375
2.3960e-02,-0.0501562,5.125e-05
2.3970e-02,-0.038125,0.00011125
2.3980e-02,-0.0301563,-8.03125e-05
2.3990e-02,-0.0404687,-0.00127063
2.4000e-02,-0.039375,-0.00052125
2.4010e-02,-0.0314062,-0.000300625
2.4020e-02,-0.0329688,0.000670938
2.4030e-02,-0.0485938,0.0003525
2.4040e-02,-0.035,-0.000779688
2.4050e-02,-0.038125,-0.00123688
2.4060e-02,-0.0359375,-0.000678125
2.4070e-02,-0.0464062,0.0001225
2.4080e-02,-0.0335937,0.00055125
2.4090e-02,-0.04625,0.00130156
2.4100e-02,-0.04,0.000269688
2.4110e-02,-0.0348437,-0.000517188
2.4120e-02,-0.043125,-0.0011675
2.4130e-02,-0.0417187,-0.000210313
2.4140e-02,-0.0429688,0.00099625
2.4150e-02,-0.04,0.00107656
2.4160e-02,-0.0526563,0.000612188
2.4170e-02,-0.0357813,-0.00017125
2.4180e-02,-0.0423437,-0.0009725
2.4190e-02,-0.046875,-0.00146
2.4200e-02,-0.0423437,-0.000454063
2.4210e-02,-0.0551563,0.000974063
2.4220e-02,-0.0484375,0.00193281
2.4230e-02,-0.0334375,0.000533438
2.4240e-02,-0.029375,-0.000660938
2.4250e-02,-0.0404687,-0.00165344
2.4260e-02,-0.0453125,-0.00094375
2.4270e-02,-0.050625,0.000891875
2.4280e-02,-0.043125,0.00155063
2.4290e-02,-0.0404687,0.00118063
2.4300e-02,-0.043125,-0.000616875
2.4310e-02,-0.03875,-0.00266125
2.4320e-02,-0.0367188,-0.00196938
2.4330e-02,-0.0382813,-0.000348125
2.4340e-02,-0.04125,0.00191063
2.4350e-02,-0.038125,0.000981875
2.4360e-02,-0.0398437,0.0001525
2.4370e-02,-0.0409375,-0.00150844
2.4380e-02,-0.0432813,-0.00232094
2.4390e-02,-0.0460938,-0.00120625
2.4400e-02,-0.0360938,0.000646875
2.4410e-02,-0.03375,0.00244
2.4420e-02,-0.0429688,0.00196188
2.4430e-02,-0.0421875,-9.28125e-05
2.4440e-02,-0.0428125,-0.00260469
2.4450e-02,-0.04375,-0.00251688
2.4460e-02,-0.0348437,-0.00084375
2.4470e-02,-0.0282813,0.00168031
2.4480e-02,-0.0359375,0.00297188
2.4490e-02,-0.045,0.00185875
2.4500e-02,-0.0375,-0.00176656
2.4510e-02,-0.0484375,-0.00287063
2.4520e-02,-0.0546875,-0.00197188
2.4530e-02,-0.03875,1.84375e-05
2.4540e-02,-0.04125,0.00273969
2.4550e-02,-0.020625,0.00253813
2.4560e-02,-0.043125,0.000646563
2.4570e-02,-0.03875,-0.00155156
2.4580e-02,-0.0307813,-0.00276156
2.4590e-02,-0.045,-0.00118219
2.4600e-02,-0.05625,0.00102438
2.4610e-02,-0.050625,0.00216156
2.4620e-02,-0.03625,0.000949063
2.4630e-02,-0.03,-0.00105625
2.4640e-02,-0.0359375,-0.00289188
2.4650e-02,-0.0489062,-0.00228375
2.4660e-02,-0.0470312,-0.000370625
2.4670e-02,-0.0421875,0.000942813
2.4680e-02,-0.0385937,0.00186594
2.4690e-02,-0.0251563,0.00072875
2.4700e-02,-0.0554687,-0.00189688
2.4710e-02,-0.0407813,-0.00242531
2.4720e-02,-0.0471875,-0.000809375
2.4730e-02,-0.04,0.00150281
2.4740e-02,-0.045,0.00180938
2.4750e-02,-0.0426562,0.00158906
2.4760e-02,-0.0448438,-0.00034375
2.4770e-02,-0.050625,-0.00162938
2.4780e-02,-0.0440625,-0.00112625
2.4790e-02,-0.0351562,0.0002775
2.4800e-02,-0.0489062,0.00147938
2.4810e-02,-0.0517188,0.00157531
2.4820e-02,-0.0426562,0.0003825
2.4830e-02,-0.0396875,-0.000825625
2.4840e-02,-0.0389063,-0.000796563
2.4850e-02,-0.040625,-0.00011375
2.4860e-02,-0.0420312,0.000475
2.4870e-02,-0.055,0.000840625
2.4880e-02,-0.0407813,0.0008175
2.4890e-02,-0.0435938,-0.0005675
2.4900e-02,-0.0509375,-0.00124781
2.4910e-02,-0.0334375,-0.00120625
2.4920e-02,-0.0389063,-0.000181875
2.4930e-02,-0.0570313,0.000929688
2.4940e-02,-0.0426562,0.0004725
2.4950e-02,-0.043125,0.0002325
2.4960e-02,-0.04,-0.000282188
2.4970e-02,-0.04875,-0.000663125
2.4980e-02,-0.0429688,0.000118438
2.4990e-02,-0.035,0.000605938
2.5000e-02,-0.0454688,0.00082875
2.5010e-02,-0.04625,-2.25e-05
2.5020e-02,-0.0489062,-0.000615938
2.5030e-02,-0.0453125,-0.00100281
2.5040e-02,-0.04875,-0.00128313
2.5050e-02,-0.0409375,3.4375e-06
2.5060e-02,-0.0451563,0.000563438
2.5070e-02,-0.046875,0.000370313
2.5080e-02,-0.0367188,-4.71875e-05
2.5090e-02,-0.0628125,-0.000448438
2.5100e-02,-0.035,-0.00124938
2.5110e-02,-0.0414063,0.000230625
2.5120e-02,-0.045,0.000178125
2.5130e-02,-0.0479688,0.000468438
2.5140e-02,-0.0398437,0.000163125
2.5150e-02,-0.0471875,-2.6875e-05
2.5160e-02,-0.04875,-0.00165406
2.5170e-02,-0.0434375,-0.000953125
2.5180e-02,-0.05,-8.625e-05
2.5190e-02,-0.0504687,0.000220625
2.5200e-02,-0.036875,0.000350313
2.5210e-02,-0.0464062,0.000157188
2.5220e-02,-0.0464062,-0.00014875
2.5230e-02,-0.0345312,-2.0625e-05
2.5240e-02,-0.0451563,0.000303438
2.5250e-02,-0.04125,0.000344375
2.5260e-02,-0.05,0.000594688
2.5270e-02,-0.0496875,-0.000100313
2.5280e-02,-0.0423437,-0.000757813
2.5290e-02,-0.044375,-0.000828125
2.5300e-02,-0.0504687,-0.000294375
2.5310e-02,-0.0409375,-0.000379375
2.5320e-02,-0.0453125,-0.000182813
2.5330e-02,-0.0409375,0.000569375
2.5340e-02,-0.0404687,-4.5625e-05
2.5350e-02,-0.0485938,-4e-05
2.5360e-02,-0.0460938,-0.00057125
2.5370e-02,-0.0314062,-0.00018375
2.5380e-02,-0.0492188,-0.000136875
2.5390e-02,-0.0371875,-0.00014
2.5400e-02,-0.045,0.000637813
2.5410e-02,-0.0385937,-0.0007375
2.5420e-02,-0.0442188,-0.000549375
2.5430e-02,-0.0479688,-0.0010675
2.5440e-02,-0.0440625,-0.000156563
2.5450e-02,-0.0296875,0.000100313
2.5460e-02,-0.0325,0.0002875
2.5470e-02,-0.0514063,-9.28125e-05
2.5480e-02,-0.0401563,3.625e-05
2.5490e-02,-0.0434375,0.000296563
2.5500e-02,-0.046875,0.000576563
2.5510e-02,-0.0489062,0.0004925
2.5520e-02,-0.046875,0.00025875
2.5530e-02,-0.0359375,0.000500312
2.5540e-02,-0.0510938,0.000106875
2.5550e-02,-0.0259375,-0.000698438
2.5560e-02,-0.0409375,6.46875e-05
2.5570e-02,-0.0378125,-0.000475313
2.5580e-02,-0.0435938,-0.000420625
2.5590e-02,-0.05,0.000294375
2.5600e-02,-0.0448438,0.00051375
2.5610e-02,-0.0521875,-3.6875e-05
2.5620e-02,-0.0515625,-0.00070875
2.5630e-02,-0.0335937,0.000238125
2.5640e-02,-0.0417187,0.000520625
2.5650e-02,-0.0428125,0.00060625
2.5660e-02,-0.0442188,0.00101719
2.5670e-02,-0.0442188,9.96875e-05
2.5680e-02,-0.0495312,1.21875e-05
2.5690e-02,-0.0475,0.000111563
2.5700e-02,-0.0482812,-0.000528438
2.5710e-02,-0.0465625,0.000215
2.5720e-02,-0.0429688,9.3125e-05
2.5730e-02,-0.0415625,-2e-05
2.5740e-02,-0.0420312,-0.000643438
2.5750e-02,-0.0492188,-0.000625625
2.5760e-02,-0.0390625,-0.000600625
2.5770e-02,-0.0442188,-0.00049375
2.5780e-02,-0.0465625,-0.000417813
2.5790e-02,-0.0414063,0.000219063
2.5800e-02,-0.0401563,4.21875e-05
2.5810e-02,-0.0598438,0.00029625
2.5820e-02,-0.0392187,-0.000296563
2.5830e-02,-0.0490625,-0.000902813
2.5840e-02,-0.036875,0.000407188
2.5850e-02,-0.0445313,8.6875e-05
2.5860e-02,-0.0303125,0.000746563
2.5870e-02,-0.0315625,0.000589375
2.5880e-02,-0.0432813,-0.000361563
2.5890e-02,-0.0420312,-0.000370313
2.5900e-02,-0.0445313,-0.000453438
2.5910e-02,-0.04125,-0.000224688
2.5920e-02,-0.0414063,-0.00117406
2.5930e-02,-0.0457813,-0.0001725
2.5940e-02,-0.0459375,-0.00114437
2.5950e-02,-0.0435938,7.65625e-05
2.5960e-02,-0.0521875,-5.125e-05
2.5970e-02,-0.0360938,0.000162188
2.5980e-02,-0.0398437,-7.75e-05
2.5990e-02,-0.0407813,0.000432813
2.6000e-02,-0.0520313,0.000798438
2.6010e-02,-0.0421875,-0.000174063
2.6020e-02,-0.0473438,-0.000412813
2.6030e-02,-0.0557813,0.00017625
2.6040e-02,-0.0484375,-0.000207813
2.6050e-02,-0.0417187,-0.00048625
2.6060e-02,-0.0370313,-0.000479375
2.6070e-02,-0.055625,3.75e-05
2.6080e-02,-0.0404687,-0.000412188
2.6090e-02,-0.0475,-0.00038
2.6100e-02,-0.04625,-0.000406563
2.6110e-02,-0.0440625,-4.6875e-06
2.6120e-02,-0.05,-0.000200938
2.6130e-02,-0.0465625,-0.00028375
2.6140e-02,-0.0492188,-0.000222188
2.6150e-02,-0.0423437,-0.000377813
2.6160e-02,-0.0457813,-0.000422813
2.6170e-02,-0.0404687,-0.000997188
2.6180e-02,-0.0403125,-0.000352188
2.6190e-02,-0.0440625,0.000285313
2.6200e-02,-0.0439063,-6.6875e-05
2.6210e-02,-0.0409375,7.03125e-05
2.6220e-02,-0.0453125,0.000272188
2.6230e-02,-0.045,0.000159375
2.6240e-02,-0.0540625,1.875e-05
2.6250e-02,-0.0564063,-0.000300313
2.6260e-02,-0.035,-3.15625e-05
2.6270e-02,-0.04125,0.00029625
2.6280e-02,-0.0571875,-0.000318125
2.6290e-02,-0.0507812,-0.00026
2.6300e-02,-0.0392187,-0.000466563
2.6310e-02,-0.0429688,-0.000360313
2.6320e-02,-0.0520313,0.000305313
2.6330e-02,-0.0439063,0.000804688
2.6340e-02,-0.0501562,6.53125e-05
2.6350e-02,-0.0540625,0.000448125
2.6360e-02,-0.0384375,-5.28125e-05
2.6370e-02,-0.043125,6.25e-06
2.6380e-02,-0.0501562,4.90625e-05
2.6390e-02,-0.0440625,3.4375e-05
2.6400e-02,-0.0220313,-0.000334688
2.6410e-02,-0.04375,-0.0003025
2.6420e-02,-0.0364063,0.000265313
2.6430e-02,-0.0335937,0.00028
2.6440e-02,-0.0340625,-2.15625e-05
2.6450e-02,-0.0290625,-5.28125e-05
2.6460e-02,-0.0448438,0.000832813
2.6470e-02,-0.0564063,-6.0625e-05
2.6480e-02,-0.0476562,0.000460938
2.6490e-02,-0.0390625,0.000681875
2.6500e-02,-0.044375,0.000171875
2.6510e-02,-0.0421875,0.000725
2.6520e-02,-0.0484375,0.000300313
2.6530e-02,-0.0420312,0.000817813
2.6540e-02,-0.041875,0.000165313
2.6550e-02,-0.0423437,-0.000328438
2.6560e-02,-0.0410937,-0.000259375
2.6570e-02,-0.054375,-0.000434688
2.6580e-02,-0.0334375,0.000144063
2.6590e-02,-0.0359375,-0.00014
2.6600e-02,-0.0478125,-9.65625e-05
2.6610e-02,-0.0501562,-0.00036625
2.6620e-02,-0.0409375,0.00046875
2.6630e-02,-0.0471875,0.000677188
2.6640e-02,-0.0378125,0.000691563
2.6650e-02,-0.0540625,0.000356875
2.6660e-02,-0.0417187,0.00108344
2.6670e-02,-0.0540625,0.000180625
2.6680e-02,-0.04125,4.75e-05
2.6690e-02,-0.0517188,-0.000416563
2.6700e-02,-0.0520313,0.000253438
2.6710e-02,-0.0396875,0.000475313
2.6720e-02,-0.0423437,0.000756563
2.6730e-02,-0.051875,-6.09375e-05
2.6740e-02,-0.0360938,-9.875e-05
2.6750e-02,-0.0496875,-0.00023
2.6760e-02,-0.0504687,0.000154063
2.6770e-02,-0.0467188,0.00101
2.6780e-02,-0.038125,4.125e-05
2.6790e-02,-0.0464062,-0.00050375
2.6800e-02,-0.0498438,-0.000450625
2.6810e-02,-0.0520313,-0.000660938
2.6820e-02,-0.0496875,-0.000265938
2.6830e-02,-0.0428125,-0.000640625
2.6840e-02,-0.0389063,-0.000423125
2.6850e-02,-0.038125,-0.000340938
2.6860e-02,-0.0395313,-0.000103438
2.6870e-02,-0.0445313,0.000134063
2.6880e-02,-0.0475,-0.000193125
2.6890e-02,-0.0542187,0.000272188
2.6900e-02,-0.0448438,-0.000707188
2.6910e-02,-0.0510938,0.000578438
2.6920e-02,-0.043125,-0.000340938
2.6930e-02,-0.0525,-3.75e-06
2.6940e-02,-0.04,0.000150625
2.6950e-02,-0.0460938,-0.000654688
2.6960e-02,-0.0460938,-0.000941875
2.6970e-02,-0.0392187,-0.00038875
2.6980e-02,-0.0448438,0.000259375
2.6990e-02,-0.03125,-0.0007125
2.7000e-02,-0.0514063,-8.0625e-05
2.7010e-02,-0.0423437,-7.59375e-05
2.7020e-02,-0.0532813,8.40625e-05
2.7030e-02,-0.0275,-0.000208125
2.7040e-02,-0.0559375,-0.00013875
2.7050e-02,-0.0373438,-0.00115344
2.7060e-02,-0.0340625,-0.000459063
2.7070e-02,-0.0495312,-5.28125e-05
2.7080e-02,-0.0432813,-0.000117813
2.7090e-02,-0.0451563,0.00036
2.7100e-02,-0.039375,-0.000202188
2.7110e-02,-0.038125,-0.00046
2.7120e-02,-0.0478125,-0.000230625
2.7130e-02,-0.055,-0.00039125
2.7140e-02,-0.045625,-4.84375e-05
2.7150e-02,-0.0546875,0.000418125
2.7160e-02,-0.038125,-0.000318438
2.7170e-02,-0.0539063,-0.000659063
2.7180e-02,-0.0432813,-8.625e-05
2.7190e-02,-0.0453125,-0.0002275
2.7200e-02,-0.0492188,-0.000550313
2.7210e-02,-0.0478125,-0.000248125
2.7220e-02,-0.0460938,-0.000338438
2.7230e-02,-0.0457813,-0.000309688
2.7240e-02,-0.03625,0.000266563
2.7250e-02,-0.053125,-1.59375e-05
2.7260e-02,-0.0475,8.75e-05
2.7270e-02,-0.0451563,0.000124063
2.7280e-02,-0.0476562,0.000244688
2.7290e-02,-0.0390625,-0.000228438
2.7300e-02,-0.0525,-0.000189063
2.7310e-02,-0.0535937,9.78125e-05
2.7320e-02,-0.0378125,8.125e-05
2.7330e-02,-0.0404687,0.000356875
2.7340e-02,-0.0282813,0.000356875
2.7350e-02,-0.0471875,0.000156875
2.7360e-02,-0.0442188,8.25e-05
2.7370e-02,-0.0428125,-6.53125e-05
2.7380e-02,-0.0560937,-0.000123438
2.7390e-02,-0.0503125,-0.000249375
2.7400e-02,-0.04125,0.000682813
2.7410e-02,-0.0432813,-3.15625e-05
2.7420e-02,-0.0560937,-0.000125
2.7430e-02,-0.0457813,0.00031375
2.7440e-02,-0.0446875,-0.000980313
2.7450e-02,-0.0457813,-0.000234375
2.7460e-02,-0.0573437,-0.000195938
2.7470e-02,-0.04625,0.000122813
2.7480e-02,-0.0359375,-3.6875e-05
2.7490e-02,-0.045625,-0.000222813
2.7500e-02,-0.0526563,-0.0002925
2.7510e-02,-0.0409375,-0.000149063
2.7520e-02,-0.0453125,-0.000245938
2.7530e-02,-0.04125,-9.84375e-05
2.7540e-02,-0.0404687,-0.000324375
2.7550e-02,-0.0448438,-0.0006475
2.7560e-02,-0.0401563,6.59375e-05
2.7570e-02,-0.046875,-0.000130313
2.7580e-02,-0.041875,0.000473438
2.7590e-02,-0.0365625,0.00040375
2.7600e-02,-0.0585938,0.000279375
2.7610e-02,-0.0440625,0.000292813
2.7620e-02,-0.053125,0.000364063
2.7630e-02,-0.0353125,-8.625e-05
2.7640e-02,-0.0384375,-0.000752188
2.7650e-02,-0.0417187,-6.28125e-05
2.7660e-02,-0.04875,-5.59375e-05
2.7670e-02,-0.0504687,-0.000329688
2.7680e-02,-0.044375,-7.40625e-05
2.7690e-02,-0.0446875,-1.25e-05
2.7700e-02,-0.05375,-0.000107188
2.7710e-02,-0.0510938,-0.000290625
2.7720e-02,-0.05,-0.000458438
2.7730e-02,-0.0503125,-0.000275
2.7740e-02,-0.0401563,-0.000235
2.7750e-02,-0.0570313,0.000302813
2.7760e-02,-0.045625,-0.000290625
2.7770e-02,-0.0320312,-0.00056875
2.7780e-02,-0.0485938,-0.000361875
2.7790e-02,-0.0446875,0.000144063
2.7800e-02,-0.0525,0.000431563
2.7810e-02,-0.0498438,0.000711875
2.7820e-02,-0.045,6.25e-05
2.7830e-02,-0.0495312,0.000481875
2.7840e-02,-0.0504687,0.000353125
2.7850e-02,-0.0482812,-0.000715938
2.7860e-02,-0.0457813,8.3125e-05
2.7870e-02,-0.043125,0.000149687
2.7880e-02,-0.0482812,0.000201875
2.7890e-02,-0.0485938,-8.90625e-05
2.7900e-02,-0.0473438,-0.000159688
2.7910e-02,-0.0426562,0.000482188
2.7920e-02,-0.0429688,-1.15625e-05
2.7930e-02,-0.043125,0.000303438
2.7940e-02,-0.0446875,-0.0001
2.7950e-02,-0.0432813,-0.000320938
2.7960e-02,-0.0345312,-0.000232813
2.7970e-02,-0.0559375,-0.0010125
2.7980e-02,-0.0695313,-0.0002775
2.7990e-02,-0.0429688,-0.000392813
2.8000e-02,-0.0410937,-0.000114063
2.8010e-02,-0.054375,-0.000100313
2.8020e-02,-0.0435938,0.00019375
2.8030e-02,-0.0509375,0.000415313
2.8040e-02,-0.0564063,0.000583125
2.8050e-02,-0.0507812,-3.65625e-05
2.8060e-02,-0.0596875,0.00016
2.8070e-02,-0.0614062,0.000672188
2.8080e-02,-0.0553125,0.00105375
2.8090e-02,-0.0478125,0.00063125
2.8100e-02,-0.0521875,0.000266875
2.8110e-02,-0.055,-0.000804063
2.8120e-02,-0.0453125,-0.00155719
2.8130e-02,-0.0490625,9.125e-05
2.8140e-02,-0.0457813,0.000186875
2.8150e-02,-0.0425,0.00126688
2.8160e-02,-0.0435938,-1.625e-05
2.8170e-02,-0.0428125,-0.000687188
2.8180e-02,-0.0403125,-0.00105625
2.8190e-02,-0.0473438,-0.000329375
2.8200e-02,-0.06,0.000310625
2.8210e-02,-0.0484375,0.000902188
2.8220e-02,-0.0548437,0.0002075
2.8230e-02,-0.0453125,0.000673125
2.8240e-02,-0.0478125,-0.00096
2.8250e-02,-0.0634375,-0.000585
2.8260e-02,-0.05625,0.000955
2.8270e-02,-0.0473438,0.000865
2.8280e-02,-0.0507812,0.000101875
2.8290e-02,-0.0375,-0.000637188
2.8300e-02,-0.0579687,-0.000770625
2.8310e-02,-0.0585938,-0.000990625
2.8320e-02,-0.0565625,-0.000595313
2.8330e-02,-0.0590625,0.00118
2.8340e-02,-0.0460938,0.00152594
2.8350e-02,-0.0540625,0.000629375
2.8360e-02,-0.0473438,-0.000810313
2.8370e-02,-0.045625,-0.000919375
2.8380e-02,-0.0589063,-0.00047875
2.8390e-02,-0.0578125,0.000210313
2.8400e-02,-0.0478125,0.000597813
2.8410e-02,-0.0410937,0.000945938
2.8420e-02,-0.0573437,0.00115281
2.8430e-02,-0.0526563,0.000883438
2.8440e-02,-0.0367188,0.00085875
2.8450e-02,-0.0560937,0.000894063
2.8460e-02,-0.0410937,0.000935938
2.8470e-02,-0.0590625,0.00126469
2.8480e-02,0.595625,0.00042625
2.8490e-02,0.510625,-0.00321875
2.8500e-02,1.00109,-0.00564906
2.8510e-02,0.539531,-0.00739156
2.8520e-02,0.139063,-0.00778125
2.8530e-02,0.100781,-0.00760531
2.8540e-02,0.102969,-0.00765531
2.8550e-02,0.08625,-0.00756531
2.8560e-02,0.088125,-0.00741031
2.8570e-02,0.0621875,-0.00731594
2.8580e-02,0.05125,-0.0073775
2.8590e-02,0.046875,-0.00729031
2.8600e-02,0.0403125,-0.00751875
2.8610e-02,0.0473438,-0.00734156
2.8620e-02,0.029375,-0.00737156
2.8630e-02,0.043125,-0.00747344
2.8640e-02,0.049375,-0.00742656
2.8650e-02,0.0325,-0.00735625
2.8660e-02,0.0139062,-0.007405
2.8670e-02,0.0301562,-0.00723063
2.8680e-02,0.0170313,-0.0073275
2.8690e-02,0.0234375,-0.00720688
2.8700e-02,0.0175,-0.00719219
2.8710e-02,0.015625,-0.00740313
2.8720e-02,0.0198438,-0.00710906
2.8730e-02,0.0190625,-0.00729625
2.8740e-02,0.0235938,-0.0034075
2.8750e-02,0.009375,-0.00012125
2.8760e-02,0.00859375,0.000921563
2.8770e-02,0.0025,-0.00138531
2.8780e-02,0.0096875,-0.00222719
2.8790e-02,0.0176563,-0.00166438
2.8800e-02,0.0164063,7.71875e-05
2.8810e-02,0.0265625,0.00129313
2.8820e-02,-0.00234375,0.00125031
2.8830e-02,0.0040625,0.00041625
2.8840e-02,0.0104687,-0.00111781
2.8850e-02,-0.00171875,-0.00190656
2.8860e-02,0.0117188,-0.000713125
2.8870e-02,0.00296875,0.000456875
2.8880e-02,-0.004375,0.001015
2.8890e-02,0.015625,0.000594375
2.8900e-02,0.00046875,-0.000593437
2.8910e-02,-0.0132813,-0.00149813
2.8920e-02,-0.00765625,-0.000625938
2.8930e-02,-0.004375,0.000205
2.8940e-02,0,0.000814688
2.8950e-02,-0.00015625,0.00170281
2.8960e-02,-0.00890625,3.46875e-05
2.8970e-02,-0.00859375,-8.78125e-05
2.8980e-02,-0.00265625,-0.00110438
2.8990e-02,0.00078125,-0.000874375
2.9000e-02,-0.00421875,0.00078125
2.9010e-02,-0.0139063,-7.0625e-05
2.9020e-02,-0.0109375,0.000451563
2.9030e-02,-0.005,-0.000286563
2.9040e-02,-0.00375,-0.00050125
2.9050e-02,0.00125,-0.001475
2.9060e-02,0.0009375,6.84375e-05
2.9070e-02,-0.0110937,0.00094375
2.9080e-02,0.00140625,0.000455
2.9090e-02,-0.00265625,-0.000202188
2.9100e-02,-0.01125,-0.000118438
2.9110e-02,0.00984375,-0.000605938
2.9120e-02,-0.0142188,-3.6875e-05
2.9130e-02,0.0021875,-9.28125e-05
2.9140e-02,-0.00234375,0.000278438
2.9150e-02,-0.0207813,0.000263437
2.9160e-02,0.00328125,-0.000686563
2.9170e-02,-0.0185937,-0.000213438
2.9180e-02,-0.020625,-0.000339063
2.9190e-02,-0.00921875,-0.000566563
2.9200e-02,-0.0226562,0.000230625
2.9210e-02,-0.014375,0.000622188
2.9220e-02,-0.0104688,0.00017875
2.9230e-02,-0.00515625,0.000235625
2.9240e-02,-0.01125,0.000182813
2.9250e-02,-0.00953125,0.000464063
2.9260e-02,-0.00609375,0.000614375
2.9270e-02,-0.011875,0.00016125
2.9280e-02,-0.010625,0.000458125
2.9290e-02,-0.0154687,-0.000103438
2.9300e-02,-0.0132813,-0.00046125
2.9310e-02,-0.00796875,-0.00019
2.9320e-02,-0.0129688,-0.00053375
2.9330e-02,-0.00953125,-0.000504375
2.9340e-02,-0.0154687,-0.000385
2.9350e-02,-0.0275,-0.000499688
2.9360e-02,-0.0159375,-0.000400938
2.9370e-02,-0.0229687,2.90625e-05
2.9380e-02,-0.0240625,0.000344063
2.9390e-02,-0.016875,9.96875e-05
2.9400e-02,-0.02,0.000229375
2.9410e-02,-0.0145312,0.000874375
2.9420e-02,-0.0239063,0.000519062
2.9430e-02,-0.0140625,-0.000278125
2.9440e-02,-0.0203125,0.000239375
2.9450e-02,-0.0153125,0.00033
2.9460e-02,-0.0114062,-0.00046625
2.9470e-02,-0.0295313,1.78125e-05
2.9480e-02,-0.0335937,-0.000647813
2.9490e-02,-0.01,-0.000357813
2.9500e-02,-0.0142188,0.000542188
2.9510e-02,-0.0204688,-0.000583438
2.9520e-02,-0.0125,0.000183125
2.9530e-02,-0.0176563,-0.000203125
2.9540e-02,-0.0195312,0.000274375
2.9550e-02,-0.0273438,-2.8125e-06
2.9560e-02,-0.0154687,-0.000334688
2.9570e-02,-0.02875,-0.000381875
2.9580e-02,-0.0190625,-0.000437813
2.9590e-02,-0.0148437,0.000604062
2.9600e-02,-0.0207813,0.000420625
2.9610e-02,-0.0071875,0.000315938
2.9620e-02,-0.016875,7.34375e-05
2.9630e-02,-0.0240625,4.90625e-05
2.9640e-02,-0.0320312,-0.000311563
2.9650e-02,-0.0245313,-0.0010425
2.9660e-02,-0.0264062,0.000225938
2.9670e-02,-0.0229687,-0.0003975
2.9680e-02,-0.0198438,-1.6875e-05
2.9690e-02,-0.0242188,0.000626875
2.9700e-02,-0.0182812,-0.000398125
2.9710e-02,-0.028125,-0.00017875
2.9720e-02,-0.0326562,-0.000212813
2.9730e-02,-0.0196875,0.000121563
2.9740e-02,-0.0228125,0.000395313
2.9750e-02,-0.0335937,-5.9375e-06
2.9760e-02,-0.0279688,0.000545
2.9770e-02,-0.0204688,-3.8125e-05
2.9780e-02,-0.0201563,-0.00108531
2.9790e-02,-0.0209375,-7.4375e-05
2.9800e-02,-0.0234375,-0.000424688
2.9810e-02,-0.03,-8.53125e-05
2.9820e-02,-0.0185937,0.000350625
2.9830e-02,-0.0204688,-0.000288125
2.9840e-02,-0.023125,3.28125e-05
2.9850e-02,-0.0240625,-0.000204063
2.9860e-02,-0.0151562,0.000594375
2.9870e-02,-0.0265625,-0.000315938
2.9880e-02,-0.0251563,-0.000578438
2.9890e-02,-0.0164063,0.000346875
2.9900e-02,-0.0221875,-0.000310938
2.9910e-02,-0.0226562,-0.000261875
2.9920e-02,-0.0195312,-0.000465625
2.9930e-02,-0.0257812,-0.000910938
2.9940e-02,-0.0210938,-8.875e-05
2.9950e-02,-0.0240625,-0.000476875
2.9960e-02,-0.0271875,0.00011
2.9970e-02,-0.0221875,0.00029875
2.9980e-02,-0.0320312,-9.0625e-06
2.9990e-02,-0.035625,0.000201875
3.0000e-02,-0.0392187,0.0002875
3.0010e-02,-0.0210938,0.000304375
3.0020e-02,-0.0357813,0.000388438
3.0030e-02,-0.0248438,0.000179688
3.0040e-02,-0.0223437,0.00015625
3.0050e-02,-0.0321875,-5.5625e-05
3.0060e-02,-0.0309375,0.00058125
3.0070e-02,-0.0290625,0.000658125
3.0080e-02,-0.0310937,0.000446875
3.0090e-02,-0.0334375,5.5e-05
3.0100e-02,-0.0204688,-7.28125e-05
3.0110e-02,-0.019375,0.000124375
3.0120e-02,-0.0228125,0.000230938
3.0130e-02,-0.0209375,6.65625e-05
3.0140e-02,-0.0259375,0.00053375
3.0150e-02,-0.02875,0.000572187
3.0160e-02,-0.028125,-0.000119063
3.0170e-02,-0.0245313,-3.28125e-05
3.0180e-02,-0.029375,0.000231875
3.0190e-02,-0.0332812,-0.000154375
3.0200e-02,-0.024375,4.25e-05
3.0210e-02,-0.0296875,-0.000433125
3.0220e-02,-0.0273438,-7.21875e-05
3.0230e-02,-0.0259375,-0.00021375
3.0240e-02,-0.0323438,-0.000148125
3.0250e-02,-0.0351562,0.000503125
3.0260e-02,-0.0445313,0.00081125
3.0270e-02,-0.025,-0.00011375
3.0280e-02,-0.0495312,-0.000184688
3.0290e-02,-0.0340625,-0.000748438
3.0300e-02,-0.0304688,-0.000615625
3.0310e-02,-0.0304688,-5.90625e-05
3.0320e-02,-0.0278125,-0.00035625
3.0330e-02,-0.0339062,6.75e-05
3.0340e-02,-0.038125,-0.000591875
3.0350e-02,-0.0376563,0.000577188
3.0360e-02,-0.0309375,-0.000570938
3.0370e-02,-0.0346875,-0.0002025
3.0380e-02,-0.0359375,4.78125e-05
3.0390e-02,-0.0351562,-0.0001825
3.0400e-02,-0.0198438,-0.000571875
3.0410e-02,-0.025625,0.000357813
3.0420e-02,-0.0223437,3.4375e-05
3.0430e-02,-0.0339062,0.00029
3.0440e-02,-0.0282813,-0.00056125
3.0450e-02,-0.0260937,4.71875e-05
3.0460e-02,-0.0375,-0.000323125
3.0470e-02,-0.0409375,-0.000125313
3.0480e-02,-0.03,-0.000387188
3.0490e-02,-0.025,-0.000804688
3.0500e-02,-0.026875,-0.000604062
3.0510e-02,-0.0203125,-0.000126875
3.0520e-02,-0.0229687,6.1875e-05
3.0530e-02,-0.0323438,0.000255313
3.0540e-02,-0.0204688,0.000604688
3.0550e-02,-0.0323438,0.000235938
3.0560e-02,-0.0403125,0.000432188
3.0570e-02,-0.0279688,-5.09375e-05
3.0580e-02,-0.0209375,-0.000144375
3.0590e-02,-0.040625,0.000164688
3.0600e-02,-0.0314062,-0.00064
3.0610e-02,-0.0329688,0.000479688
3.0620e-02,-0.0257812,-0.000181563
3.0630e-02,-0.0198438,0.00020625
3.0640e-02,-0.0346875,0.000273438
3.0650e-02,-0.02375,-0.000851563
3.0660e-02,-0.0354688,-0.00123625
3.0670e-02,-0.0320312,-0.000845
3.0680e-02,-0.0360938,-0.000559063
3.0690e-02,-0.0348437,0.000206563
3.0700e-02,-0.03125,0.0004275
3.0710e-02,-0.0364063,-2.1875e-06
3.0720e-02,-0.0370313,0.000191875
3.0730e-02,-0.046875,9.3125e-05
3.0740e-02,-0.0360938,-8.53125e-05
3.0750e-02,-0.0482812,0.000402813
3.0760e-02,-0.031875,0.000689063
3.0770e-02,-0.0354688,0.000474375
3.0780e-02,-0.0309375,-0.000139688
3.0790e-02,-0.0398437,0.000115625
3.0800e-02,-0.04125,0.000128437
3.0810e-02,-0.01875,-0.000886563
3.0820e-02,-0.0514063,-0.000394063
3.0830e-02,-0.0353125,-0.000475313
3.0840e-02,-0.0410937,-0.000407188
3.0850e-02,-0.0321875,-0.000274688
3.0860e-02,-0.0384375,-0.000885313
3.0870e-02,-0.028125,-0.00083
3.0880e-02,-0.0396875,-0.000647188
3.0890e-02,-0.0423437,-8.125e-06
3.0900e-02,-0.0392187,0.000249688
3.0910e-02,-0.0325,0.0001525
3.0920e-02,-0.0398437,-0.000285625
3.0930e-02,-0.0290625,-0.000429063
3.0940e-02,-0.0420312,-0.0004875
3.0950e-02,-0.0428125,-0.000845938
3.0960e-02,-0.0390625,-0.000136875
3.0970e-02,-0.0334375,-0.000111563
3.0980e-02,-0.0254688,9.3125e-05
3.0990e-02,-0.03375,1.375e-05
3.1000e-02,-0.034375,-0.000476563
3.1010e-02,-0.034375,-0.000162813
3.1020e-02,-0.0271875,0.0003125
3.1030e-02,-0.0273438,0.00025375
3.1040e-02,-0.0378125,0.000277188
3.1050e-02,-0.0439063,-0.000773438
3.1060e-02,-0.0475,7.34375e-05
3.1070e-02,-0.0396875,0.000131563
3.1080e-02,-0.0446875,-4.21875e-05
3.1090e-02,-0.038125,0.000394688
3.1100e-02,-0.0410937,0.000203438
3.1110e-02,-0.0359375,0.0006275
3.1120e-02,-0.0385937,0.000147813
3.1130e-02,-0.0284375,7.1875e-05
3.1140e-02,-0.0426562,-0.000756875
3.1150e-02,-0.0346875,-0.000150938
3.1160e-02,-0.031875,-5.625e-06
3.1170e-02,-0.053125,-0.000172813
3.1180e-02,-0.031875,0.000198125
3.1190e-02,-0.038125,-0.000307813
3.1200e-02,-0.028125,-7.09375e-05
3.1210e-02,-0.0398437,1.03125e-05
3.1220e-02,-0.039375,-0.000519062
3.1230e-02,-0.0423437,0.0002825
3.1240e-02,-0.0445313,0.000239688
3.1250e-02,-0.0465625,0.00122563
3.1260e-02,-0.0478125,1.21875e-05
3.1270e-02,-0.0290625,0.000482813
3.1280e-02,-0.03625,0.00121469
3.1290e-02,-0.0339062,0.000161875
3.1300e-02,-0.0445313,0.000219063
3.1310e-02,-0.0378125,0.000459063
3.1320e-02,-0.045,0.000580938
3.1330e-02,-0.0378125,0.00014375
3.1340e-02,-0.0242188,0.000275
3.1350e-02,-0.03375,0.00012875
3.1360e-02,-0.043125,3.75e-06
3.1370e-02,-0.0264062,-0.000334375
3.1380e-02,-0.0335937,-6.71875e-05
3.1390e-02,-0.015,-0.000123125
3.1400e-02,-0.0428125,-0.000539375
3.1410e-02,-0.026875,-0.000156563
3.1420e-02,-0.0367188,-0.000323125
3.1430e-02,-0.0359375,0.000178438
3.1440e-02,-0.0290625,-0.000420938
3.1450e-02,-0.0457813,0.000386563
3.1460e-02,-0.0360938,-0.000303438
3.1470e-02,-0.0448438,0.000486563
3.1480e-02,-0.0359375,-0.000450313
3.1490e-02,-0.0546875,-0.000437813
3.1500e-02,-0.0340625,0.00032
3.1510e-02,-0.0264062,0.000196875
3.1520e-02,-0.0389063,-5.625e-05
3.1530e-02,-0.04875,-0.000415
3.1540e-02,-0.0415625,0.000218125
3.1550e-02,-0.03375,6.9375e-05
3.1560e-02,-0.0354688,0.000575
3.1570e-02,-0.0376563,0.00133531
3.1580e-02,-0.0454688,0.000204063
3.1590e-02,-0.04875,-0.000496563
3.1600e-02,-0.0420312,0.000540312
3.1610e-02,-0.0340625,0.000185625
3.1620e-02,-0.0465625,0.000522188
3.1630e-02,-0.03875,0.000599375
3.1640e-02,-0.0429688,0.00073375
3.1650e-02,-0.0445313,-6.3125e-05
3.1660e-02,-0.031875,0.000639688
3.1670e-02,-0.025625,0.000423438
3.1680e-02,-0.0334375,0.000658438
3.1690e-02,-0.0428125,0.000185625
3.1700e-02,-0.03875,0.000414375
3.1710e-02,-0.0425,0.000103438
3.1720e-02,-0.0326562,0.000355625
3.1730e-02,-0.02875,-0.000202813
3.1740e-02,-0.0271875,-0.000143438
3.1750e-02,-0.0378125,6.8125e-05
3.1760e-02,-0.0407813,0.000210625
3.1770e-02,-0.046875,0.000835625
3.1780e-02,-0.028125,0.000145625
3.1790e-02,-0.04625,0.000147188
3.1800e-02,-0.035625,-2.0625e-05
3.1810e-02,-0.0342187,-0.000144063
3.1820e-02,-0.0309375,0.000499375
3.1830e-02,-0.0404687,-0.000173438
3.1840e-02,-0.040625,0.0005025
3.1850e-02,-0.0429688,-0.00045125
3.1860e-02,-0.0425,-0.000865938
3.1870e-02,-0.0275,-0.000554063
3.1880e-02,-0.0270312,-0.000575625
3.1890e-02,-0.0396875,0.00044125
3.1900e-02,-0.0376563,0.000632188
3.1910e-02,-0.035,0.00026875
3.1920e-02,-0.0371875,-0.00050125
3.1930e-02,-0.046875,-0.000845625
3.1940e-02,-0.0204688,0.000124375
3.1950e-02,-0.0420312,0.00015125
3.1960e-02,-0.045625,0.000140938
3.1970e-02,-0.0571875,0.000929063
3.1980e-02,-0.0426562,-0.00083
3.1990e-02,-0.0376563,-0.000385313
3.2000e-02,-0.0484375,-0.00114469
3.2010e-02,-0.0471875,-1.75e-05
3.2020e-02,-0.0429688,0.00113813
3.2030e-02,-0.0471875,0.000395938
3.2040e-02,-0.0409375,0.000730313
3.2050e-02,-0.0403125,-0.000794375
3.2060e-02,-0.0371875,-0.00146156
3.2070e-02,-0.0395313,-0.000695625
3.2080e-02,-0.0459375,0.0005875
3.2090e-02,-0.0345312,0.000989375
3.2100e-02,-0.0467188,0.000335938
3.2110e-02,-0.04375,-0.000636563
3.2120e-02,-0.0478125,-0.00115219
3.2130e-02,-0.03875,-0.00075125
3.2140e-02,-0.04,0.00035
3.2150e-02,-0.038125,0.00058875
3.2160e-02,-0.0378125,0.00154594
3.2170e-02,-0.04875,0.00099
3.2180e-02,-0.0346875,-0.000939063
3.2190e-02,-0.0470312,-0.00121219
3.2200e-02,-0.0478125,-0.000454375
3.2210e-02,-0.0545313,0.00108656
3.2220e-02,-0.0370313,0.00120719
3.2230e-02,-0.041875,0.000552188
3.2240e-02,-0.0540625,-0.000414688
3.2250e-02,-0.048125,-0.00130406
3.2260e-02,-0.041875,-0.00089625
3.2270e-02,-0.0345312,0.00103406
3.2280e-02,-0.0448438,0.00117094
3.2290e-02,-0.044375,0.00143969
3.2300e-02,-0.0345312,-0.000373438
3.2310e-02,-0.0439063,-0.00217813
3.2320e-02,-0.0434375,-0.00211
3.2330e-02,-0.0359375,-0.000156563
3.2340e-02,-0.035,0.00189531
3.2350e-02,-0.0329688,0.0026025
3.2360e-02,-0.0415625,0.00153563
3.2370e-02,-0.0353125,-0.000787813
3.2380e-02,-0.0404687,-0.00249313
3.2390e-02,-0.0432813,-0.00197531
3.2400e-02,-0.0448438,0.000688125
3.2410e-02,-0.043125,0.00253438
3.2420e-02,-0.0520313,0.00274125
3.2430e-02,-0.0451563,0.000271875
3.2440e-02,-0.0421875,-0.00163844
3.2450e-02,-0.0353125,-0.0031825
3.2460e-02,-0.04125,-0.00165031
3.2470e-02,-0.0475,0.00212531
3.2480e-02,-0.0373438,0.00250313
3.2490e-02,-0.033125,0.00132844
3.2500e-02,-0.0403125,-0.00106719
3.2510e-02,-0.04375,-0.00284469
3.2520e-02,-0.0475,-0.00273875
3.2530e-02,-0.0370313,-0.000806875
3.2540e-02,-0.0332812,0.00160938
3.2550e-02,-0.0396875,0.00231906
3.2560e-02,-0.0495312,0.00136438
3.2570e-02,-0.0496875,-0.000836875
3.2580e-02,-0.0414063,-0.00262844
3.2590e-02,-0.0434375,-0.00190281
3.2600e-02,-0.04875,0.00080875
3.2610e-02,-0.051875,0.00252156
3.2620e-02,-0.0332812,0.00268688
3.2630e-02,-0.0396875,-8.09375e-05
3.2640e-02,-0.0401563,-0.00177344
3.2650e-02,-0.0464062,-0.00195656
3.2660e-02,-0.0404687,-0.000622188
3.2670e-02,-0.0390625,0.00146875
3.2680e-02,-0.0301563,0.00200219
3.2690e-02,-0.0440625,0.000625313
3.2700e-02,-0.0442188,-0.00148656
3.2710e-02,-0.0407813,-0.00137719
3.2720e-02,-0.0440625,-0.000893125
3.2730e-02,-0.0471875,0.00086375
3.2740e-02,-0.0485938,0.00241125
3.2750e-02,-0.04,0.00193344
3.2760e-02,-0.0473438,1e-05
3.2770e-02,-0.046875,-0.00103656
3.2780e-02,-0.04625,-0.00148625
3.2790e-02,-0.04125,0.00014
3.2800e-02,-0.039375,0.0011175
3.2810e-02,-0.0454688,0.000941875
3.2820e-02,-0.03875,0.000363125
3.2830e-02,-0.0498438,-0.000951875
3.2840e-02,-0.0382813,-0.00051375
3.2850e-02,-0.0367188,-0.000631563
3.2860e-02,-0.0432813,0.000779688
3.2870e-02,-0.0423437,0.00162281
3.2880e-02,-0.0382813,0.000659375
3.2890e-02,-0.0545313,-0.000320625
3.2900e-02,-0.0317188,-0.00067375
3.2910e-02,-0.0489062,-0.000224063
3.2920e-02,-0.0415625,-0.000519375
3.2930e-02,-0.0371875,0.00019
3.2940e-02,-0.0392187,0.00082625
3.2950e-02,-0.0373438,-7.21875e-05
3.2960e-02,-0.04375,-0.000501875
3.2970e-02,-0.039375,-0.000375938
3.2980e-02,-0.0426562,0.000115625
3.2990e-02,-0.05,0.000775625
3.3000e-02,-0.0484375,0.000565938
3.3010e-02,-0.0357813,0.000797813
3.3020e-02,-0.0471875,-9.90625e-05
3.3030e-02,-0.0410937,-0.00102594
3.3040e-02,-0.0470312,-0.00112844
3.3050e-02,-0.033125,0.00014625
3.3060e-02,-0.0440625,0.000604375
3.3070e-02,-0.05,0.000320938
3.3080e-02,-0.0451563,-0.000273125
3.3090e-02,-0.0415625,-0.00019875
3.3100e-02,-0.0464062,-7.375e-05
3.3110e-02,-0.0448438,-0.000480938
3.3120e-02,-0.0440625,0.000467188
3.3130e-02,-0.0378125,-9.4375e-05
3.3140e-02,-0.0315625,0.000624375
3.3150e-02,-0.0398437,0.000183438
3.3160e-02,-0.0440625,-0.0003
3.3170e-02,-0.05125,-0.000116875
3.3180e-02,-0.0501562,-4.0625e-05
3.3190e-02,-0.0528125,0.000349375
3.3200e-02,-0.0357813,0.000187188
3.3210e-02,-0.0603125,0.00015625
3.3220e-02,-0.0503125,-0.000131563
3.3230e-02,-0.035,-0.000317813
3.3240e-02,-0.0478125,0.000109688
3.3250e-02,-0.0370313,0.000895625
3.3260e-02,-0.0446875,0.000484375
3.3270e-02,-0.0417187,0.00043875
3.3280e-02,-0.04625,0.000126563
3.3290e-02,-0.0520313,-0.000467188
3.3300e-02,-0.0453125,-0.000723125
3.3310e-02,-0.0367188,0.000102188
3.3320e-02,-0.05125,-0.000343125
3.3330e-02,-0.04625,0.000410625
3.3340e-02,-0.0495312,0.000104688
3.3350e-02,-0.0364063,0.000149687
3.3360e-02,-0.0420312,-0.000467188
3.3370e-02,-0.0476562,-0.000389375
3.3380e-02,-0.035625,0.000170625
3.3390e-02,-0.0382813,0.000277188
3.3400e-02,-0.044375,0.000406563
3.3410e-02,-0.0409375,0.00090375
3.3420e-02,-0.055625,3.6875e-05
3.3430e-02,-0.0414063,0.000167188
3.3440e-02,-0.0440625,0.000184063
3.3450e-02,-0.0478125,0.000639375
3.3460e-02,-0.0425,0.000346875
3.3470e-02,-0.0504687,0.0008225
3.3480e-02,-0.044375,0.000360313
3.3490e-02,-0.0390625,-0.00041125
3.3500e-02,-0.0367188,-0.000144063
3.3510e-02,-0.0375,-1.90625e-05
3.3520e-02,-0.0445313,0.000440625
3.3530e-02,-0.0395313,-0.000525938
3.3540e-02,-0.0434375,-0.000365
3.3550e-02,-0.0398437,0.000457188
3.3560e-02,-0.0417187,-3.9375e-05
3.3570e-02,-0.0439063,-0.00072125
3.3580e-02,-0.04,-4.5625e-05
3.3590e-02,-0.0303125,0.000132188
3.3600e-02,-0.053125,9.84375e-05
3.3610e-02,-0.0429688,0.000330313
3.3620e-02,-0.0470312,0.00011625
3.3630e-02,-0.04375,-0.000162813
3.3640e-02,-0.0451563,-6.25e-06
3.3650e-02,-0.036875,0.000892813
3.3660e-02,-0.05,0.000417188
3.3670e-02,-0.0448438,0.000558438
3.3680e-02,-0.04,0.000579375
3.3690e-02,-0.0385937,-0.000757188
3.3700e-02,-0.0421875,-0.000615
3.3710e-02,-0.0392187,-2.5e-05
3.3720e-02,-0.0423437,-4.71875e-05
3.3730e-02,-0.0464062,0.000185
3.3740e-02,-0.0353125,0.000159688
3.3750e-02,-0.045625,-0.000237188
3.3760e-02,-0.0476562,-0.000608438
3.3770e-02,-0.0335937,0.000153438
3.3780e-02,-0.033125,-0.000212813
3.3790e-02,-0.0515625,0.000310625
3.3800e-02,-0.0453125,0.000400313
3.3810e-02,-0.0539063,0.00016625
3.3820e-02,-0.0489062,-8.4375e-06
3.3830e-02,-0.0392187,0.000139375
3.3840e-02,-0.0435938,0.000843125
3.3850e-02,-0.0392187,0.000307813
3.3860e-02,-0.0460938,0.000529063
3.3870e-02,-0.0448438,0.00101219
3.3880e-02,-0.041875,-8.21875e-05
3.3890e-02,-0.0453125,-4.8125e-05
3.3900e-02,-0.045,1.375e-05
3.3910e-02,-0.0473438,-0.00024
3.3920e-02,-0.0528125,-0.00028625
3.3930e-02,-0.0407813,6.5e-05
3.3940e-02,-0.0578125,9.09375e-05
3.3950e-02,-0.0689063,-0.000430313
3.3960e-02,-0.0470312,-0.000358438
3.3970e-02,-0.0390625,-0.000453125
3.3980e-02,-0.0514063,-0.000864375
3.3990e-02,-0.0321875,-0.000532187
3.4000e-02,-0.0489062,-0.000122813
3.4010e-02,-0.0507812,0.00010125
3.4020e-02,-0.046875,-0.0001025
3.4030e-02,-0.035,-0.000361563
3.4040e-02,-0.0445313,4.75e-05
3.4050e-02,-0.0514063,-0.00043125
3.4060e-02,-0.0334375,-0.000369688
3.4070e-02,-0.04375,0.000148438
3.4080e-02,-0.0501562,-0.000549688
3.4090e-02,-0.0532813,-0.000342813
3.4100e-02,-0.0529687,-0.000235938
3.4110e-02,-0.05,-2.25e-05
3.4120e-02,-0.033125,-2.96875e-05
3.4130e-02,-0.0385937,0.000174063
3.4140e-02,-0.0504687,0.000130938
3.4150e-02,-0.0484375,0.000224375
3.4160e-02,-0.0446875,0.000484063
3.4170e-02,-0.0448438,0.000632813
3.4180e-02,-0.0464062,0.0008575
3.4190e-02,-0.049375,6.5e-05
3.4200e-02,-0.0389063,-0.00037875
3.4210e-02,-0.0464062,-9.15625e-05
3.4220e-02,-0.0473438,-0.000469688
3.4230e-02,-0.0639062,-0.000992812
3.4240e-02,-0.0432813,-0.000237188
3.4250e-02,-0.04125,-0.000136875
3.4260e-02,-0.0390625,-0.000508125
3.4270e-02,-0.05625,-0.000523125
3.4280e-02,-0.0567187,-9.15625e-05
3.4290e-02,-0.0482812,4.5e-05
3.4300e-02,-0.0521875,-0.0005825
3.4310e-02,-0.0496875,-0.000261875
3.4320e-02,-0.0359375,-5.34375e-05
3.4330e-02,-0.0475,2.53125e-05
3.4340e-02,-0.0403125,0.000573125
3.4350e-02,-0.0517188,-0.000575625
3.4360e-02,-0.0445313,0.000255625
3.4370e-02,-0.035625,0.000570938
3.4380e-02,-0.0532813,0.000162813
3.4390e-02,-0.0389063,0.00023875
3.4400e-02,-0.0445313,0.000134063
3.4410e-02,-0.0475,-0.000446563
3.4420e-02,-0.0489062,-0.000737188
3.4430e-02,-0.039375,-0.000579375
3.4440e-02,-0.044375,-0.000578438
3.4450e-02,-0.0464062,-0.0005725
3.4460e-02,-0.0439063,-0.000452188
3.4470e-02,-0.045,2.21875e-05
3.4480e-02,-0.05375,0.00031625
3.4490e-02,-0.0432813,0.000324063
3.4500e-02,-0.0446875,-0.000328438
3.4510e-02,-0.0520313,9.78125e-05
3.4520e-02,-0.0459375,0.00071
3.4530e-02,-0.0457813,-0.000360625
3.4540e-02,-0.061875,-0.00079375
3.4550e-02,-0.049375,0.000179063
3.4560e-02,-0.0484375,-0.000195313
3.4570e-02,-0.0532813,-0.000533125
3.4580e-02,-0.0484375,0.00018375
3.4590e-02,-0.0501562,-0.00018375
3.4600e-02,-0.0314062,-0.0005175
3.4610e-02,-0.0620312,-0.000373125
3.4620e-02,-0.0385937,-7.59375e-05
3.4630e-02,-0.0421875,-0.000340625
3.4640e-02,-0.0432813,-3e-05
3.4650e-02,-0.0451563,-0.000147813
3.4660e-02,-0.0421875,-0.000423438
3.4670e-02,-0.0545313,-0.000116563
3.4680e-02,-0.05375,-0.00052875
3.4690e-02,-0.0504687,-0.000921875
3.4700e-02,-0.0503125,-3.5e-05
3.4710e-02,-0.0390625,0.000584063
3.4720e-02,-0.0396875,-0.000437188
3.4730e-02,-0.0585938,-0.000325625
3.4740e-02,-0.053125,-0.000497812
3.4750e-02,-0.0532813,-0.0001625
3.4760e-02,-0.0542187,-0.000367188
3.4770e-02,-0.0479688,-0.000508437
3.4780e-02,-0.0339062,0.000377813
3.4790e-02,-0.04625,-0.000705938
3.4800e-02,-0.0435938,-0.00014875
3.4810e-02,-0.0523437,-0.000382188
3.4820e-02,-0.0584375,0.000202188
3.4830e-02,-0.0428125,-1.875e-06
3.4840e-02,-0.0442188,-0.0006575
3.4850e-02,-0.05375,-0.000115313
3.4860e-02,-0.058125,0.000195938
3.4870e-02,-0.05125,0.0006675
3.4880e-02,-0.0448438,7.125e-05
3.4890e-02,-0.031875,0.000129062
3.4900e-02,-0.0446875,5.125e-05
3.4910e-02,-0.0375,-3.84375e-05
3.4920e-02,-0.0479688,-0.000395313
3.4930e-02,-0.0503125,0.000265625
3.4940e-02,-0.0429688,0.000218125
3.4950e-02,-0.0507812,0.000705313
3.4960e-02,-0.0465625,-0.000173125
3.4970e-02,-0.035,8.125e-05
3.4980e-02,-0.04375,-0.000307188
3.4990e-02,-0.0421875,-0.000328438
3.5000e-02,-0.0475,-5.0625e-05
3.5010e-02,-0.035,-0.00013375
3.5020e-02,-0.0376563,-0.000707188
3.5030e-02,-0.0398437,-0.000347188
3.5040e-02,-0.0496875,-1.78125e-05
3.5050e-02,-0.0559375,-0.000329688
3.5060e-02,-0.05,-0.00052
3.5070e-02,-0.043125,-0.00117594
3.5080e-02,-0.0529687,-0.000332813
3.5090e-02,-0.0414063,0.000485938
3.5100e-02,-0.048125,8.15625e-05
3.5110e-02,-0.0384375,0.000597813
3.5120e-02,-0.0309375,-0.000349375
3.5130e-02,-0.053125,-0.00042875
3.5140e-02,-0.04875,-0.00012
3.5150e-02,-0.0523437,-6.8125e-05
3.5160e-02,-0.0478125,0.000225938
3.5170e-02,-0.0534375,6.96875e-05
3.5180e-02,-0.0523437,-6.40625e-05
3.5190e-02,-0.0445313,-0.000343125
3.5200e-02,-0.0426562,0.000219688
3.5210e-02,-0.0465625,-8.71875e-05
3.5220e-02,-0.0492188,-5.375e-05
3.5230e-02,-0.0557813,-1.5625e-05
3.5240e-02,-0.0504687,-0.000420938
3.5250e-02,-0.05,0.000321563
3.5260e-02,-0.0525,-0.000177813
3.5270e-02,-0.0348437,0.00030875
3.5280e-02,-0.04,-0.000318125
3.5290e-02,-0.045,-0.00056125
3.5300e-02,-0.0460938,3.03125e-05
3.5310e-02,-0.0529687,-8.4375e-05
3.5320e-02,-0.0578125,0.000120938
3.5330e-02,-0.0417187,-0.000258125
3.5340e-02,-0.0517188,-0.00022125
3.5350e-02,-0.0415625,0.000279375
3.5360e-02,-0.053125,-1.5e-05
3.5370e-02,-0.0521875,0.000228125
3.5380e-02,-0.044375,-0.000470625
3.5390e-02,-0.0470312,6.5625e-05
3.5400e-02,-0.0464062,0.00025125
3.5410e-02,-0.0515625,0.000560938
3.5420e-02,-0.0473438,0.000142188
3.5430e-02,-0.0440625,-2.53125e-05
3.5440e-02,-0.0560937,0.000108438
3.5450e-02,-0.0385937,0.000471875
3.5460e-02,-0.0510938,-0.000590313
3.5470e-02,-0.0460938,0.000269688
3.5480e-02,-0.0534375,0.000990938
3.5490e-02,-0.0404687,0.000145313
3.5500e-02,-0.0484375,-0.000205313
3.5510e-02,-0.0353125,0.000145938
3.5520e-02,-0.055,-0.00087125
3.5530e-02,-0.0346875,-0.00028625
3.5540e-02,-0.0535937,-5.59375e-05
3.5550e-02,-0.0492188,-0.000365
3.5560e-02,-0.05,0.00045625
3.5570e-02,-0.0425,0.000144688
3.5580e-02,-0.0460938,-0.000704063
3.5590e-02,-0.0446875,-0.000250313
3.5600e-02,-0.05,-3.59375e-05
3.5610e-02,-0.0529687,0.000662813
3.5620e-02,-0.0346875,0.000126563
3.5630e-02,-0.0545313,-0.00019125
3.5640e-02,-0.049375,0.000203438
3.5650e-02,-0.0370313,-2.78125e-05
3.5660e-02,-0.0475,4.28125e-05
3.5670e-02,-0.0423437,0.000750313
3.5680e-02,-0.0503125,-0.00042625
3.5690e-02,-0.05,0.000103438
3.5700e-02,-0.0414063,-0.000139375
3.5710e-02,-0.06375,-0.000371563
3.5720e-02,-0.059375,-0.000319063
3.5730e-02,-0.0465625,-0.000522188
3.5740e-02,-0.0517188,-0.0010375
3.5750e-02,-0.0565625,3.78125e-05
3.5760e-02,-0.0359375,-0.000171563
3.5770e-02,-0.0376563,1.28125e-05
3.5780e-02,-0.0517188,0.000321875
3.5790e-02,-0.0476562,-0.00015
3.5800e-02,-0.04875,-0.000306563
3.5810e-02,-0.0570313,-0.000840313
3.5820e-02,-0.0484375,-0.000268125
3.5830e-02,-0.0478125,0.000159688
3.5840e-02,-0.0425,-0.0004475
3.5850e-02,-0.04125,-6e-05
3.5860e-02,-0.0317188,6.71875e-05
3.5870e-02,-0.055,-1.59375e-05
3.5880e-02,-0.0523437,0.000349375
3.5890e-02,-0.0514063,0.0007475
3.5900e-02,-0.0607812,0.0001975
3.5910e-02,-0.0376563,-0.00079625
3.5920e-02,-0.045625,-0.000276875
3.5930e-02,-0.0484375,-0.000476563
3.5940e-02,-0.0464062,7.15625e-05
3.5950e-02,-0.0490625,0.000225625
3.5960e-02,-0.0446875,0.000279688
3.5970e-02,-0.0471875,0.000843125
3.5980e-02,-0.0485938,0.00064375
3.5990e-02,-0.0592188,0.000595
3.6000e-02,-0.060625,-0.000115938
3.6010e-02,-0.0546875,0.00089875
3.6020e-02,-0.0578125,0.00069625
3.6030e-02,-0.0571875,0.000465313
3.6040e-02,-0.0554687,-0.0007475
3.6050e-02,-0.046875,-0.00049125
3.6060e-02,-0.0464062,-0.000620938
3.6070e-02,-0.0445313,-0.000142813
3.6080e-02,-0.0528125,0.00144563
3.6090e-02,-0.045625,0.000327813
3.6100e-02,-0.053125,0.00012
3.6110e-02,-0.03875,-0.00064375
3.6120e-02,-0.0429688,-0.00029
3.6130e-02,-0.0560937,7.25e-05
3.6140e-02,-0.0579687,0.000926563
3.6150e-02,-0.0525,0.000795625
3.6160e-02,-0.0520313,9.0625e-06
3.6170e-02,-0.05625,-0.0005325
3.6180e-02,-0.0359375,-0.000985
3.6190e-02,-0.0439063,-5.21875e-05
3.6200e-02,-0.0525,0.00106781
3.6210e-02,-0.054375,0.00110875
3.6220e-02,-0.0446875,0.000489375
3.6230e-02,-0.0457813,-0.0003025
3.6240e-02,-0.0521875,-0.000737188
3.6250e-02,-0.0420312,-0.00115281
3.6260e-02,-0.04875,7.03125e-05
3.6270e-02,-0.0478125,0.000802188
3.6280e-02,-0.0517188,0.000712188
3.6290e-02,-0.0489062,-0.000522188
3.6300e-02,-0.0535937,-0.00185406
3.6310e-02,-0.0454688,-0.00123281
3.6320e-02,-0.0501562,-0.000756563
3.6330e-02,-0.0425,0.00106344
3.6340e-02,-0.0509375,0.00153125
3.6350e-02,-0.04375,0.000881875
3.6360e-02,-0.0451563,-0.000255313
3.6370e-02,-0.0396875,-0.00240094
3.6380e-02,-0.0476562,-0.00155313
3.6390e-02,-0.0445313,3.46875e-05
3.6400e-02,-0.0454688,0.00187719
3.6410e-02,-0.0504687,0.00210219
3.6420e-02,-0.0364063,0.00206938
3.6430e-02,-0.04625,0.00192125
3.6440e-02,-0.0423437,0.0021575
3.6450e-02,-0.0565625,0.00168031
3.6460e-02,-0.0485938,0.00196594
3.6470e-02,-0.0459375,0.00218188
3.6480e-02,0.743594,0.00139781
3.6490e-02,0.250625,-0.00276594
3.6500e-02,1.145,-0.00522906
3.6510e-02,0.304219,-0.00693875
3.6520e-02,0.805781,-0.00801469
3.6530e-02,0.0871875,-0.00754813
3.6540e-02,0.0923438,-0.00761156
3.6550e-02,0.0998437,-0.00731813
3.6560e-02,0.06625,-0.00740188
3.6570e-02,0.0707813,-0.00750469
3.6580e-02,0.0479688,-0.00739031
3.6590e-02,0.0385937,-0.00739375
3.6600e-02,0.0592188,-0.00735969
3.6610e-02,0.0376563,-0.00721875
3.6620e-02,0.0314062,-0.00721844
3.6630e-02,0.01875,-0.00744406
3.6640e-02,0.0475,-0.00730063
3.6650e-02,0.0271875,-0.00741719
3.6660e-02,0.039375,-0.00731406
3.6670e-02,0.02625,-0.00726938
3.6680e-02,0.0278125,-0.00759875
3.6690e-02,0.02375,-0.00719094
3.6700e-02,0.015,-0.00698313
3.6710e-02,0.0267188,-0.00703719
3.6720e-02,0.0053125,-0.00724031
3.6730e-02,0.00546875,-0.00719281
3.6740e-02,0.0160938,-0.00399469
3.6750e-02,0.0148437,-0.000847188
3.6760e-02,0.0028125,-0.000100625
3.6770e-02,0.00171875,-0.00103688
3.6780e-02,0.0134375,-0.00181688
3.6790e-02,0.00953125,-0.00202219
3.6800e-02,0.00890625,-0.00124438
3.6810e-02,0.00421875,0.00101
3.6820e-02,0.00515625,0.00133563
3.6830e-02,0.00890625,0.000850625
3.6840e-02,0.0009375,-0.000631563
3.6850e-02,0.00859375,-0.00147969
3.6860e-02,-0.00421875,-0.000881875
3.6870e-02,-0.00640625,0.00113438
3.6880e-02,0.00203125,0.00085875
3.6890e-02,0.0034375,0.00155531
3.6900e-02,-0.0009375,-0.000250938
3.6910e-02,0.00625,-0.00044875
3.6920e-02,0.0103125,-0.0003325
3.6930e-02,-0.0123438,0.0003225
3.6940e-02,-0.00578125,0.00114969
3.6950e-02,-0.010625,0.00160719
3.6960e-02,0.0084375,-0.000375938
3.6970e-02,-0.00875,-0.000344063
3.6980e-02,0.0114063,-0.00049125
3.6990e-02,-0.00265625,-0.00026
3.7000e-02,-0.0053125,0.000166563
3.7010e-02,0.0126562,0.000770313
3.7020e-02,0.00671875,0.000494375
3.7030e-02,-0.00125,-0.000416875
3.7040e-02,-0.0053125,-0.000445
3.7050e-02,-0.01,-0.000775313
3.7060e-02,0.00125,-0.000719688
3.7070e-02,-0.00921875,0.00054125
3.7080e-02,-0.0084375,0.000395
3.7090e-02,-0.0165625,0.000879375
3.7100e-02,-0.0132813,-0.00035875
3.7110e-02,-0.00796875,-5.5e-05
3.7120e-02,-0.0135937,0.000183438
3.7130e-02,-0.0134375,0.000700313
3.7140e-02,-0.016875,0.000327188
3.7150e-02,-0.020625,0.000599375
3.7160e-02,0.0034375,-0.0001675
3.7170e-02,-0.0146875,0.000379063
3.7180e-02,0.0015625,-0.000587188
3.7190e-02,-0.0028125,-1e-05
3.7200e-02,0.0025,9.46875e-05
3.7210e-02,-0.00375,0.0003075
3.7220e-02,-0.020625,0.00029375
3.7230e-02,-0.00890625,2.53125e-05
3.7240e-02,-0.0253125,0.00019875
3.7250e-02,-0.023125,0.000571875
3.7260e-02,-0.00671875,0.000929375
3.7270e-02,-0.00421875,1.96875e-05
3.7280e-02,-0.00828125,0.00052625
3.7290e-02,-0.00984375,-3.1875e-05
3.7300e-02,-0.01375,7.9375e-05
3.7310e-02,-0.0176563,-4.09375e-05
3.7320e-02,-0.020625,1.375e-05
3.7330e-02,-0.0170313,5e-06
3.7340e-02,-0.0110937,0.000314688
3.7350e-02,-0.0109375,8.09375e-05
3.7360e-02,-0.0154687,0.000416563
3.7370e-02,-0.0129688,0.000495313
3.7380e-02,-0.0151562,0.000326563
3.7390e-02,-0.0179687,0.00059375
3.7400e-02,-0.0165625,0.00100875
3.7410e-02,-0.0248438,0.0006175
3.7420e-02,-0.024375,0.000329688
3.7430e-02,-0.01125,4.375e-06
3.7440e-02,-0.015625,-0.00038875
3.7450e-02,-0.0164063,-0.00045125
3.7460e-02,-0.0176563,0.0002775
3.7470e-02,-0.0235938,-0.00032
3.7480e-02,-0.0129688,-0.000885313
3.7490e-02,-0.0114062,-0.00112094
3.7500e-02,-0.0284375,-0.00100125
3.7510e-02,-0.013125,-0.00066125
3.7520e-02,-0.0159375,-0.000735625
3.7530e-02,-0.0201563,0.000509375
3.7540e-02,-0.0179687,-0.000465625
3.7550e-02,-0.01875,-0.000492813
3.7560e-02,-0.020625,4e-05
3.7570e-02,-0.015,-8.75e-05
3.7580e-02,-0.0298438,-0.000130625
3.7590e-02,-0.0217188,-9.8125e-05
3.7600e-02,-0.0204688,0.000586875
3.7610e-02,-0.0215625,0.000454063
3.7620e-02,-0.0189062,0.000276875
3.7630e-02,-0.0210938,-0.000447813
3.7640e-02,-0.008125,-0.00026875
3.7650e-02,-0.0185937,-0.00047125
3.7660e-02,-0.0257812,-0.000364688
3.7670e-02,-0.0228125,-5.3125e-06
3.7680e-02,-0.0195312,0.00053125
3.7690e-02,-0.0203125,0.00036875
3.7700e-02,-0.019375,-7.71875e-05
3.7710e-02,-0.028125,0.000235938
3.7720e-02,-0.015,-0.000550937
3.7730e-02,-0.0253125,0.000311875
3.7740e-02,-0.0196875,0.000255
3.7750e-02,-0.0132813,0.000559063
3.7760e-02,-0.0278125,-0.000107188
3.7770e-02,-0.0171875,-0.000492188
3.7780e-02,-0.020625,-0.000192188
3.7790e-02,-0.0242188,0.000192188
3.7800e-02,-0.021875,-0.000130938
3.7810e-02,-0.0321875,-0.000115
3.7820e-02,-0.0107813,-0.000422813
3.7830e-02,-0.0276563,6.53125e-05
3.7840e-02,-0.0117188,-4.84375e-05
3.7850e-02,-0.0209375,-0.00014875
3.7860e-02,-0.0201563,-0.000262187
3.7870e-02,-0.0279688,-5.84375e-05
3.7880e-02,-0.02625,-0.000246563
3.7890e-02,-0.0332812,-0.000352188
3.7900e-02,-0.0310937,-0.00105719
3.7910e-02,-0.0285938,-0.000122813
3.7920e-02,-0.0254688,7.8125e-06
3.7930e-02,-0.0273438,2.34375e-05
3.7940e-02,-0.0278125,7.40625e-05
3.7950e-02,-0.0226562,-0.0002575
3.7960e-02,-0.0209375,-0.00049875
3.7970e-02,-0.0198438,5.34375e-05
3.7980e-02,-0.0195312,0.000299063
3.7990e-02,-0.02125,0.000365625
3.8000e-02,-0.0276563,-0.0001825
3.8010e-02,-0.0232812,0.000355
3.8020e-02,-0.02125,-0.000722188
3.8030e-02,-0.0301563,-0.000133438
3.8040e-02,-0.02625,0.00043375
3.8050e-02,-0.03,0.000339688
3.8060e-02,-0.0360938,0.000394063
3.8070e-02,-0.03625,-2.28125e-05
3.8080e-02,-0.0260937,-0.000309063
3.8090e-02,-0.0251563,-0.000615
3.8100e-02,-0.0210938,-0.00082
3.8110e-02,-0.0396875,-0.00047625
3.8120e-02,-0.0260937,0.00056625
3.8130e-02,-0.026875,0.000240625
3.8140e-02,-0.0334375,0.000232188
3.8150e-02,-0.0173438,-0.000266875
3.8160e-02,-0.0345312,9.375e-05
3.8170e-02,-0.0329688,0.00025125
3.8180e-02,-0.0370313,-2e-05
3.8190e-02,-0.0290625,0.000232813
3.8200e-02,-0.0159375,5.34375e-05
3.8210e-02,-0.0364063,0.000349688
3.8220e-02,-0.0279688,-0.000235938
3.8230e-02,-0.0201563,-0.00042375
3.8240e-02,-0.0251563,0.000180938
3.8250e-02,-0.0254688,-0.000522813
3.8260e-02,-0.0282813,-0.000250625
3.8270e-02,-0.0265625,0.000218438
3.8280e-02,-0.0201563,-0.00063375
3.8290e-02,-0.0248438,8.59375e-05
3.8300e-02,-0.0276563,0.000111563
3.8310e-02,-0.0342187,0.0004175
3.8320e-02,-0.0128125,0.00065625
3.8330e-02,-0.0315625,0.000528125
3.8340e-02,-0.0335937,0.000642813
3.8350e-02,-0.029375,3.34375e-05
3.8360e-02,-0.0403125,0.000556875
3.8370e-02,-0.033125,-0.000522188
3.8380e-02,-0.0245313,-5.03125e-05
3.8390e-02,-0.0242188,0.000172188
3.8400e-02,-0.0270312,-8.90625e-05
3.8410e-02,-0.0239063,-5.6875e-05
3.8420e-02,-0.0271875,4.90625e-05
3.8430e-02,-0.0151562,-0.000553438
3.8440e-02,-0.034375,0.000468438
3.8450e-02,-0.0364063,-0.000223125
3.8460e-02,-0.0365625,0.000316875
3.8470e-02,-0.021875,4.875e-05
3.8480e-02,-0.0348437,0.000819063
3.8490e-02,-0.0365625,0.000206875
3.8500e-02,-0.0207813,0.000185313
3.8510e-02,-0.0340625,0.000682188
3.8520e-02,-0.0334375,0.000245938
3.8530e-02,-0.0270312,-0.000575938
3.8540e-02,-0.0389063,-0.000394063
3.8550e-02,-0.0457813,-0.000127813
3.8560e-02,-0.0340625,-4.8125e-05
3.8570e-02,-0.0364063,0.000320625
3.8580e-02,-0.0254688,-0.000512188
3.8590e-02,-0.0321875,-0.00019
3.8600e-02,-0.0321875,8e-05
3.8610e-02,-0.0432813,0.000156875
3.8620e-02,-0.0264062,0.000295625
3.8630e-02,-0.0395313,-0.000174688
3.8640e-02,-0.0342187,-0.0004
3.8650e-02,-0.0323438,0.000128437
3.8660e-02,-0.026875,-6.25e-05
3.8670e-02,-0.0384375,-0.000465313
3.8680e-02,-0.0334375,0.000391563
3.8690e-02,-0.0320312,-0.00022875
3.8700e-02,-0.0329688,-0.000887813
3.8710e-02,-0.0364063,-0.00013875
3.8720e-02,-0.0195312,0.00027375
3.8730e-02,-0.0307813,-2.96875e-05
3.8740e-02,-0.0201563,0.00074125
3.8750e-02,-0.0357813,0.000665625
3.8760e-02,-0.0275,0.000501563
3.8770e-02,-0.0342187,-0.000135938
3.8780e-02,-0.0401563,6.375e-05
3.8790e-02,-0.0323438,-0.000320938
3.8800e-02,-0.0328125,-1.71875e-05
3.8810e-02,-0.0317188,-2.84375e-05
3.8820e-02,-0.0328125,-0.000340313
3.8830e-02,-0.03,-0.00102844
3.8840e-02,-0.0375,-0.000907813
3.8850e-02,-0.0303125,-0.000417188
3.8860e-02,-0.0482812,-0.000360625
3.8870e-02,-0.0365625,-0.000358438
3.8880e-02,-0.0292188,-5.625e-05
3.8890e-02,-0.0360938,-0.000325938
3.8900e-02,-0.0351562,-0.000749375
3.8910e-02,-0.0457813,0.000199375
3.8920e-02,-0.0371875,0.000211875
3.8930e-02,-0.0332812,0.000540938
3.8940e-02,-0.0264062,-0.000282188
3.8950e-02,-0.0290625,-0.000224375
3.8960e-02,-0.02875,-2.53125e-05
3.8970e-02,-0.03125,-1.4375e-05
3.8980e-02,-0.0332812,0.0005125
3.8990e-02,-0.0245313,0.000576875
3.9000e-02,-0.033125,-0.00035
3.9010e-02,-0.0382813,-0.000694688
3.9020e-02,-0.0314062,-0.000521562
3.9030e-02,-0.0334375,-0.000396875
3.9040e-02,-0.0503125,0.00033125
3.9050e-02,-0.0439063,-5.625e-06
3.9060e-02,-0.0273438,0.000123125
3.9070e-02,-0.0434375,-0.000828125
3.9080e-02,-0.0323438,-0.000814375
3.9090e-02,-0.0473438,-0.000857188
3.9100e-02,-0.038125,0.000134063
3.9110e-02,-0.0423437,0.000135938
3.9120e-02,-0.0326562,0.000840625
3.9130e-02,-0.0239063,1.4375e-05
3.9140e-02,-0.0226562,-0.000378125
3.9150e-02,-0.0439063,-0.000133438
3.9160e-02,-0.0340625,-0.00020875
3.9170e-02,-0.0289063,-4.84375e-05
3.9180e-02,-0.0245313,0.000264375
3.9190e-02,-0.0479688,-0.00013875
3.9200e-02,-0.0442188,0.00107469
3.9210e-02,-0.0346875,0
3.9220e-02,-0.0267187,0.000174063
3.9230e-02,-0.0426562,0.000281563
3.9240e-02,-0.0309375,0.000144063
3.9250e-02,-0.0428125,0.000949063
3.9260e-02,-0.0370313,-5.28125e-05
3.9270e-02,-0.028125,-0.000242188
3.9280e-02,-0.029375,0.00023375
3.9290e-02,-0.0364063,-0.000293125
3.9300e-02,-0.0309375,0.000150625
3.9310e-02,-0.0425,0.000304687
3.9320e-02,-0.0442188,0.00038875
3.9330e-02,-0.0457813,0.000288438
3.9340e-02,-0.0420312,0.000220938
3.9350e-02,-0.0385937,0.000525938
3.9360e-02,-0.0459375,0.000805
3.9370e-02,-0.0295313,0.000743125
3.9380e-02,-0.0354688,6.03125e-05
3.9390e-02,-0.0357813,-0.000114375
3.9400e-02,-0.0460938,-0.000295938
3.9410e-02,-0.0354688,-6.34375e-05
3.9420e-02,-0.0471875,-0.00123219
3.9430e-02,-0.038125,-0.00085125
3.9440e-02,-0.0440625,-8.75e-06
3.9450e-02,-0.0403125,-0.000610625
3.9460e-02,-0.0396875,-8.59375e-05
3.9470e-02,-0.0409375,-8.28125e-05
3.9480e-02,-0.033125,1.40625e-05
3.9490e-02,-0.0279688,5.5625e-05
3.9500e-02,-0.0340625,0.000100313
3.9510e-02,-0.0409375,0.000162188
3.9520e-02,-0.0275,0.000240313
3.9530e-02,-0.0440625,-0.000260938
3.9540e-02,-0.0398437,-0.000372813
3.9550e-02,-0.044375,-0.000454688
3.9560e-02,-0.0384375,-0.00073
3.9570e-02,-0.0375,0.000288438
3.9580e-02,-0.0342187,0.0005325
3.9590e-02,-0.030625,0.000338438
3.9600e-02,-0.0351562,-3e-05
3.9610e-02,-0.0303125,-0.000400625
3.9620e-02,-0.0390625,-0.00120563
3.9630e-02,-0.0426562,0.000103125
3.9640e-02,-0.0346875,-5.375e-05
3.9650e-02,-0.0301563,-0.00030625
3.9660e-02,-0.0551563,-0.000286875
3.9670e-02,-0.0342187,-0.000493125
3.9680e-02,-0.0429688,-0.000168125
3.9690e-02,-0.0307813,0.0002125
3.9700e-02,-0.0378125,-0.000499063
3.9710e-02,-0.03875,-0.000824063
3.9720e-02,-0.0404687,-0.000325
3.9730e-02,-0.04125,-8.21875e-05
3.9740e-02,-0.0365625,-0.00098
3.9750e-02,-0.0378125,0.000478125
3.9760e-02,-0.0367188,0.000698438
3.9770e-02,-0.0396875,0.000585938
3.9780e-02,-0.0346875,0.000224375
3.9790e-02,-0.044375,0.000333125
3.9800e-02,-0.039375,-0.000301875
3.9810e-02,-0.03875,5.3125e-05
3.9820e-02,-0.044375,0.00021
3.9830e-02,-0.0528125,3.625e-05
3.9840e-02,-0.0298438,4.25e-05
3.9850e-02,-0.0404687,-0.000155
3.9860e-02,-0.041875,0.000370625
3.9870e-02,-0.0484375,-0.000831875
3.9880e-02,-0.0434375,-0.00035875
3.9890e-02,-0.0415625,0.000380938
3.9900e-02,-0.0395313,0.000478438
3.9910e-02,-0.0442188,0.0001475
3.9920e-02,-0.0432813,-9.90625e-05
3.9930e-02,-0.046875,-0.00064
3.9940e-02,-0.0373438,-0.00135781
3.9950e-02,-0.0314062,-0.000301875
3.9960e-02,-0.0460938,0.000890625
3.9970e-02,-0.0501562,0.00104469
3.9980e-02,-0.0317188,-0.000154375
3.9990e-02,-0.0345312,8.75e-06
4.0000e-02,-0.043125,1.625e-05
4.0010e-02,-0.0285938,0.00049625
4.0020e-02,-0.0296875,0.001685
4.0030e-02,-0.0510938,0.00144219
4.0040e-02,-0.0440625,-0.00029875
4.0050e-02,-0.0303125,-0.000215313
4.0060e-02,-0.0417187,-0.000775
4.0070e-02,-0.059375,-0.00080125
4.0080e-02,-0.0359375,1.0625e-05
4.0090e-02,-0.038125,0.000759063
4.0100e-02,-0.0382813,0.000155938
4.0110e-02,-0.0454688,0.000763438
4.0120e-02,-0.0339062,-0.000619063
4.0130e-02,-0.0414063,-0.000916875
4.0140e-02,-0.0395313,0.000415625
4.0150e-02,-0.04875,0.00119938
4.0160e-02,-0.0429688,0.00140313
4.0170e-02,-0.0351562,0.000896875
4.0180e-02,-0.0285938,-0.000171563
4.0190e-02,-0.0376563,-0.00103188
4.0200e-02,-0.035,-0.00112531
4.0210e-02,-0.0335937,0.000383438
4.0220e-02,-0.0448438,0.00144688
4.0230e-02,-0.04625,0.00126188
4.0240e-02,-0.0357813,0.000374688
4.0250e-02,-0.0375,-0.00158063
4.0260e-02,-0.0434375,-0.00163563
4.0270e-02,-0.0370313,-0.000211563
4.0280e-02,-0.0417187,0.000900625
4.0290e-02,-0.0385937,0.00159688
4.0300e-02,-0.0409375,0.00071625
4.0310e-02,-0.0442188,-0.000684063
4.0320e-02,-0.033125,-0.00183656
4.0330e-02,-0.0446875,-0.00189875
4.0340e-02,-0.0442188,0.000417188
4.0350e-02,-0.0414063,0.00156156
4.0360e-02,-0.0426562,0.00181063
4.0370e-02,-0.0415625,-0.000780313
4.0380e-02,-0.0359375,-0.00203906
4.0390e-02,-0.045625,-0.00202188
4.0400e-02,-0.040625,-0.00104563
4.0410e-02,-0.043125,0.001925
4.0420e-02,-0.0435938,0.00224781
4.0430e-02,-0.043125,0.000314375
4.0440e-02,-0.035625,-0.00112719
4.0450e-02,-0.0417187,-0.00277063
4.0460e-02,-0.0376563,-0.00166063
4.0470e-02,-0.0292188,0.000718125
4.0480e-02,-0.0542187,0.002615
4.0490e-02,-0.0435938,0.00315563
4.0500e-02,-0.0470312,0.000599063
4.0510e-02,-0.0495312,-0.00227844
4.0520e-02,-0.038125,-0.00206281
4.0530e-02,-0.0435938,0.000220625
4.0540e-02,-0.0451563,0.00142719
4.0550e-02,-0.0395313,0.00233781
4.0560e-02,-0.0289063,0.00134031
4.0570e-02,-0.0428125,-0.00125844
4.0580e-02,-0.0376563,-0.00169844
4.0590e-02,-0.0359375,-0.00215344
4.0600e-02,-0.0398437,-0.000423438
4.0610e-02,-0.044375,0.00252563
4.0620e-02,-0.0423437,0.00253031
4.0630e-02,-0.035625,0.000427813
4.0640e-02,-0.0403125,-0.00170594
4.0650e-02,-0.0375,-0.0023825
4.0660e-02,-0.0464062,-0.000959375
4.0670e-02,-0.0320312,0.000905625
4.0680e-02,-0.0392187,0.00223688
4.0690e-02,-0.040625,0.00167344
4.0700e-02,-0.0503125,-0.000364375
4.0710e-02,-0.0364063,-0.000667188
4.0720e-02,-0.0417187,-0.00147125
4.0730e-02,-0.046875,0.000449375
4.0740e-02,-0.0448438,0.00148688
4.0750e-02,-0.036875,0.00225094
4.0760e-02,-0.0514063,0.000474063
4.0770e-02,-0.0514063,-0.00079625
4.0780e-02,-0.0465625,-0.00108563
4.0790e-02,-0.0484375,0.0002125
4.0800e-02,-0.0409375,0.000898438
4.0810e-02,-0.0509375,0.000687188
4.0820e-02,-0.0367188,0.000216563
4.0830e-02,-0.05375,-0.000667188
4.0840e-02,-0.0321875,-0.00104219
4.0850e-02,-0.05,-0.000633125
4.0860e-02,-0.0464062,0.000481563
4.0870e-02,-0.0551563,0.001615
4.0880e-02,-0.0409375,0.00158969
4.0890e-02,-0.0454688,0.000547813
4.0900e-02,-0.0392187,-0.000997188
4.0910e-02,-0.0479688,-0.00165688
4.0920e-02,-0.0467188,-0.000509063
4.0930e-02,-0.0354688,-0.000114688
4.0940e-02,-0.0278125,2.53125e-05
4.0950e-02,-0.0320312,-0.000130938
4.0960e-02,-0.0375,-0.00123969
4.0970e-02,-0.033125,-0.000860938
4.0980e-02,-0.0335937,-0.00154156
4.0990e-02,-0.04375,-0.000343125
4.1000e-02,-0.0442188,0.000647813
4.1010e-02,-0.0415625,0.000350625
4.1020e-02,-0.0396875,-0.000400625
4.1030e-02,-0.0359375,-0.000333125
4.1040e-02,-0.0401563,-0.000223438
4.1050e-02,-0.0453125,0.000143438
4.1060e-02,-0.03125,0.00087625
4.1070e-02,-0.0298438,0.0003825
4.1080e-02,-0.049375,0.000955
4.1090e-02,-0.0453125,-0.00040625
4.1100e-02,-0.044375,-0.000527188
4.1110e-02,-0.0498438,-0.000254063
4.1120e-02,-0.0529687,-0.000388125
4.1130e-02,-0.0367188,0.000273438
4.1140e-02,-0.035625,7.15625e-05
4.1150e-02,-0.0414063,-0.000297188
4.1160e-02,-0.0432813,-7e-05
4.1170e-02,-0.0471875,-0.000284375
4.1180e-02,-0.0475,-0.00044375
4.1190e-02,-0.0409375,0.000431563
4.1200e-02,-0.0457813,-3.125e-06
4.1210e-02,-0.0351562,-0.000229688
4.1220e-02,-0.0515625,-0.000460938
4.1230e-02,-0.0382813,-0.000458438
4.1240e-02,-0.044375,-1.34375e-05
4.1250e-02,-0.045625,9.96875e-05
4.1260e-02,-0.0465625,4.5625e-05
4.1270e-02,-0.0501562,-0.0003975
4.1280e-02,-0.05625,0.000317188
4.1290e-02,-0.033125,-0.000225625
4.1300e-02,-0.0476562,-0.000779063
4.1310e-02,-0.04125,0.000365938
4.1320e-02,-0.04375,0.000345625
4.1330e-02,-0.0498438,0.000445313
4.1340e-02,-0.0465625,-8.65625e-05
4.1350e-02,-0.0415625,0.000221563
4.1360e-02,-0.0348437,0.00030125
4.1370e-02,-0.0553125,-1.375e-05
4.1380e-02,-0.0373438,-0.000160938
4.1390e-02,-0.0514063,0.000181875
4.1400e-02,-0.0504687,-0.000610625
4.1410e-02,-0.0465625,0.000412188
4.1420e-02,-0.05,-0.000736875
4.1430e-02,-0.0535937,-0.000659375
4.1440e-02,-0.0645312,-0.000808125
4.1450e-02,-0.035625,-0.000545313
4.1460e-02,-0.0489062,-0.000129375
4.1470e-02,-0.038125,0.00013625
4.1480e-02,-0.0410937,0.000236563
4.1490e-02,-0.043125,-0.00016125
4.1500e-02,-0.0495312,-6.65625e-05
4.1510e-02,-0.0498438,-0.000181563
4.1520e-02,-0.0517188,0.000184063
4.1530e-02,-0.0454688,4.9375e-05
4.1540e-02,-0.0496875,-0.000862813
4.1550e-02,-0.0415625,3.53125e-05
4.1560e-02,-0.0446875,0.000684063
4.1570e-02,-0.0495312,-0.000102188
4.1580e-02,-0.0473438,7.78125e-05
4.1590e-02,-0.0384375,-9.3125e-05
4.1600e-02,-0.0326562,-0.00010375
4.1610e-02,-0.0360938,0.000107813
4.1620e-02,-0.0498438,-9.25e-05
4.1630e-02,-0.0551563,8.96875e-05
4.1640e-02,-0.0395313,0.000185
4.1650e-02,-0.0485938,-0.000100625
4.1660e-02,-0.0559375,-0.000348438
4.1670e-02,-0.0546875,5.1875e-05
4.1680e-02,-0.0482812,0.000499688
4.1690e-02,-0.0526563,0.000634063
4.1700e-02,-0.0479688,-0.000162813
4.1710e-02,-0.0398437,0.000109063
4.1720e-02,-0.0542187,0.000305313
4.1730e-02,-0.0479688,0.000185625
4.1740e-02,-0.0470312,0.000925313
4.1750e-02,-0.0446875,0.000141563
4.1760e-02,-0.0378125,-0.0004675
4.1770e-02,-0.049375,-0.000663438
4.1780e-02,-0.0471875,3.84375e-05
4.1790e-02,-0.0385937,7.375e-05
4.1800e-02,-0.0510938,0.000281875
4.1810e-02,-0.0448438,0.000195313
4.1820e-02,-0.0464062,-0.000174375
4.1830e-02,-0.0482812,5.96875e-05
4.1840e-02,-0.0425,0.00072625
4.1850e-02,-0.04625,-0.00025
4.1860e-02,-0.04,-6.53125e-05
4.1870e-02,-0.06,0.00038375
4.1880e-02,-0.0467188,-7.9375e-05
4.1890e-02,-0.043125,0.000313438
4.1900e-02,-0.0439063,-0.000339688
4.1910e-02,-0.029375,-0.000539375
4.1920e-02,-0.0420312,-0.000449688
4.1930e-02,-0.039375,-0.000343125
4.1940e-02,-0.0392187,-0.000779375
4.1950e-02,-0.0495312,-0.000745625
4.1960e-02,-0.045625,-0.0004
4.1970e-02,-0.0446875,-4.28125e-05
4.1980e-02,-0.0470312,0.000267188
4.1990e-02,-0.0432813,0.000833438
4.2000e-02,-0.0434375,0.00104844
4.2010e-02,-0.0604688,-1.78125e-05
4.2020e-02,-0.049375,0.000766563
4.2030e-02,-0.0523437,0.00027125
4.2040e-02,-0.05375,0.0004425
4.2050e-02,-0.0529687,0.00045875
4.2060e-02,-0.0440625,0.00109781
4.2070e-02,-0.0571875,0.000483125
4.2080e-02,-0.0485938,9.9375e-05
4.2090e-02,-0.044375,0.000654688
4.2100e-02,-0.049375,0.00013125
4.2110e-02,-0.0359375,-0.000293125
4.2120e-02,-0.04125,0.000311563
4.2130e-02,-0.0395313,-0.000545938
4.2140e-02,-0.05375,-0.000169063
4.2150e-02,-0.054375,-0.000245625
4.2160e-02,-0.0459375,-0.000142188
4.2170e-02,-0.0423437,-0.000186875
4.2180e-02,-0.0509375,4.84375e-05
4.2190e-02,-0.0489062,0.00046
4.2200e-02,-0.0476562,0.000464688
4.2210e-02,-0.0464062,0.000519688
4.2220e-02,-0.0504687,0.00012
4.2230e-02,-0.0503125,6.75e-05
4.2240e-02,-0.0492188,0.00023375
4.2250e-02,-0.0453125,-6.78125e-05
4.2260e-02,-0.0489062,-0.00045625
4.2270e-02,-0.0529687,-0.000164375
4.2280e-02,-0.0423437,7.4375e-05
4.2290e-02,-0.0517188,0.000333125
4.2300e-02,-0.0359375,0.000203125
4.2310e-02,-0.0396875,-0.000487813
4.2320e-02,-0.0489062,-0.000570313
4.2330e-02,-0.0385937,3.125e-07
4.2340e-02,-0.0304688,0.000316563
4.2350e-02,-0.0465625,-0.000564063
4.2360e-02,-0.040625,0.00033375
4.2370e-02,-0.0470312,-0.000251875
4.2380e-02,-0.0426562,0.000205313
4.2390e-02,-0.0448438,-0.000147188
4.2400e-02,-0.0428125,-1.5625e-05
4.2410e-02,-0.0520313,0.000204688
4.2420e-02,-0.0470312,-2.375e-05
4.2430e-02,-0.0428125,0.000368438
4.2440e-02,-0.0529687,-8.625e-05
4.2450e-02,-0.0459375,0.0003925
4.2460e-02,-0.0446875,-0.000201875
4.2470e-02,-0.0464062,-0.000385313
4.2480e-02,-0.0470312,4.21875e-05
4.2490e-02,-0.0503125,0.000312813
4.2500e-02,-0.04,0.000309375
4.2510e-02,-0.0517188,0.00027875
4.2520e-02,-0.036875,-0.00013375
4.2530e-02,-0.0453125,-0.000257813
4.2540e-02,-0.0334375,-0.000177188
4.2550e-02,-0.0442188,-0.0001875
4.2560e-02,-0.0332812,0.000316875
4.2570e-02,-0.0498438,0.000805313
4.2580e-02,-0.0360938,0.000368125
4.2590e-02,-0.0375,0.00060625
4.2600e-02,-0.043125,-0.000118125
4.2610e-02,-0.0492188,8.875e-05
4.2620e-02,-0.0514063,-0.000406875
4.2630e-02,-0.04,-0.000236563
4.2640e-02,-0.0457813,-0.000829063
4.2650e-02,-0.0423437,0.000135938
4.2660e-02,-0.0385937,-0.000209063
4.2670e-02,-0.0570313,6.96875e-05
4.2680e-02,-0.0503125,-0.000111875
4.2690e-02,-0.0445313,-1.59375e-05
4.2700e-02,-0.046875,-0.000599688
4.2710e-02,-0.0415625,0.0003625
4.2720e-02,-0.0398437,-0.00026
4.2730e-02,-0.049375,-0.000327813
4.2740e-02,-0.0415625,-1.875e-05
4.2750e-02,-0.04375,-0.000713125
4.2760e-02,-0.0451563,-0.000370625
4.2770e-02,-0.0390625,-0.000215938
4.2780e-02,-0.0426562,-0.000229688
4.2790e-02,-0.0426562,-0.000394063
4.2800e-02,-0.0385937,0.00024
4.2810e-02,-0.0467188,4.71875e-05
4.2820e-02,-0.04,0.000121875
4.2830e-02,-0.0364063,-0.000100625
4.2840e-02,-0.045,-0.00025375
4.2850e-02,-0.044375,0.000120625
4.2860e-02,-0.0467188,5.15625e-05
4.2870e-02,-0.0451563,-0.000332813
4.2880e-02,-0.0489062,0.0004425
4.2890e-02,-0.0395313,-4.15625e-05
4.2900e-02,-0.0415625,-0.000545938
4.2910e-02,-0.0482812,-0.000105
4.2920e-02,-0.041875,-0.000364375
4.2930e-02,-0.0353125,-0.000441875
4.2940e-02,-0.0439063,-0.000517813
4.2950e-02,-0.0525,0.000297188
4.2960e-02,-0.05625,-0.0004175
4.2970e-02,-0.0307813,-0.000237188
4.2980e-02,-0.0421875,0.000181563
4.2990e-02,-0.0360938,-6.21875e-05
4.3000e-02,-0.0501562,0.000844063
4.3010e-02,-0.046875,-0.000623438
4.3020e-02,-0.0379688,-8.21875e-05
4.3030e-02,-0.0529687,0.0005
4.3040e-02,-0.0575,0.000975625
4.3050e-02,-0.039375,-0.000210625
4.3060e-02,-0.0575,-1.59375e-05
4.3070e-02,-0.0557813,0.000538125
4.3080e-02,-0.0471875,0.000320938
4.3090e-02,-0.0357813,-6.125e-05
4.3100e-02,-0.0535937,-0.000353438
4.3110e-02,-0.0476562,-0.000278125
4.3120e-02,-0.038125,-6.625e-05
4.3130e-02,-0.0435938,-0.00063125
4.3140e-02,-0.0420312,-0.00134938
4.3150e-02,-0.0584375,-0.000295313
4.3160e-02,-0.0509375,0.000239375
4.3170e-02,-0.0478125,-0.000208125
4.3180e-02,-0.0475,-0.00028375
4.3190e-02,-0.05,0.000235313
4.3200e-02,-0.0515625,-0.000584688
4.3210e-02,-0.0570313,-0.0004175
4.3220e-02,-0.0498438,-0.000204688
4.3230e-02,-0.0396875,-0.0002075
4.3240e-02,-0.0439063,9.625e-05
4.3250e-02,-0.0385937,-0.000205625
4.3260e-02,-0.038125,6.96875e-05
4.3270e-02,-0.0473438,0.000363438
4.3280e-02,-0.04125,-3.4375e-06
4.3290e-02,-0.0445313,-0.000312188
4.3300e-02,-0.0521875,-0.000373438
4.3310e-02,-0.0467188,0.000267188
4.3320e-02,-0.0490625,-0.000829063
4.3330e-02,-0.050625,-0.000471563
4.3340e-02,-0.0385937,-9.90625e-05
4.3350e-02,-0.0382813,-0.000264688
4.3360e-02,-0.0485938,-0.00010375
4.3370e-02,-0.0496875,0.000283437
4.3380e-02,-0.0492188,0.000269688
4.3390e-02,-0.05,-0.0002775
4.3400e-02,-0.045,-0.00072125
4.3410e-02,-0.0546875,0.00073625
4.3420e-02,-0.0560937,-0.000203125
4.3430e-02,-0.0507812,-9.1875e-05
4.3440e-02,-0.043125,-0.0002725
4.3450e-02,-0.0442188,-0.0004425
4.3460e-02,-0.0442188,-0.000492188
4.3470e-02,-0.0501562,-6.46875e-05
4.3480e-02,-0.0429688,9.875e-05
4.3490e-02,-0.029375,-0.000415625
4.3500e-02,-0.0459375,0.000587188
4.3510e-02,-0.0489062,-0.000100313
4.3520e-02,-0.0446875,-0.000921563
4.3530e-02,-0.04125,-0.00169313
4.3540e-02,-0.050625,5.9375e-06
4.3550e-02,-0.0475,-0.000785625
4.3560e-02,-0.0432813,0.000156563
4.3570e-02,-0.0475,0.000101875
4.3580e-02,-0.0451563,-0.000539688
4.3590e-02,-0.0564063,-0.000300313
4.3600e-02,-0.0501562,-0.000622813
4.3610e-02,-0.0435938,0.000220313
4.3620e-02,-0.0473438,0.000293125
4.3630e-02,-0.0489062,6.6875e-05
4.3640e-02,-0.0442188,-0.000248125
4.3650e-02,-0.0429688,-0.000415
4.3660e-02,-0.0392187,-0.000446875
4.3670e-02,-0.0446875,-0.000521562
4.3680e-02,-0.0435938,0.000380313
4.3690e-02,-0.0432813,0.000136875
4.3700e-02,-0.0459375,-0.000260313
4.3710e-02,-0.0546875,-0.000121875
4.3720e-02,-0.0417187,-0.000250313
4.3730e-02,-0.0534375,-0.00110688
4.3740e-02,-0.050625,-0.000128125
4.3750e-02,-0.0385937,-0.000485313
4.3760e-02,-0.04125,-0.000225625
4.3770e-02,-0.0548437,-0.000134688
4.3780e-02,-0.0467188,-9.65625e-05
4.3790e-02,-0.0375,-0.000253125
4.3800e-02,-0.049375,-0.000265625
4.3810e-02,-0.0401563,-0.000271563
4.3820e-02,-0.0385937,0.000476875
4.3830e-02,-0.04875,0.000661563
4.3840e-02,-0.0467188,-0.000260938
4.3850e-02,-0.0359375,-0.00020125
4.3860e-02,-0.035625,-0.00074625
4.3870e-02,-0.04625,0.000167188
4.3880e-02,-0.04875,0.000647188
4.3890e-02,-0.0515625,0.00103875
4.3900e-02,-0.0517188,0.000426875
4.3910e-02,-0.0584375,-0.000575625
4.3920e-02,-0.05,-0.000430625
4.3930e-02,-0.049375,-0.00104594
4.3940e-02,-0.0473438,0.000185313
4.3950e-02,-0.060625,0.000882188
4.3960e-02,-0.0429688,0.000896875
4.3970e-02,-0.0535937,-7.53125e-05
4.3980e-02,-0.0426562,-0.000333125
4.3990e-02,-0.0607812,-0.00101656
4.4000e-02,-0.0434375,0.000178125
4.4010e-02,-0.055,0.000119375
4.4020e-02,-0.0539063,0.000512813
4.4030e-02,-0.0467188,5.21875e-05
4.4040e-02,-0.0414063,-0.000318438
4.4050e-02,-0.0378125,-0.00136563
4.4060e-02,-0.045,-0.00074
4.4070e-02,-0.0407813,0.000889688
4.4080e-02,-0.0503125,0.000459375
4.4090e-02,-0.0445313,0.00096125
4.4100e-02,-0.0604688,0.000415938
4.4110e-02,-0.0464062,-0.000735625
4.4120e-02,-0.0501562,-0.000562188
4.4130e-02,-0.0417187,-0.000275938
4.4140e-02,-0.0525,0.00065
4.4150e-02,-0.0396875,0.0008725
4.4160e-02,-0.0460938,0.000725938
4.4170e-02,-0.0495312,-0.000177188
4.4180e-02,-0.0464062,-0.00117
4.4190e-02,-0.0460938,-0.000535
4.4200e-02,-0.0421875,0.00032125
4.4210e-02,-0.0559375,0.000852188
4.4220e-02,-0.0332812,0.000375313
4.4230e-02,-0.0478125,-0.00030625
4.4240e-02,-0.0448438,-0.00130313
4.4250e-02,-0.0409375,-0.000967188
4.4260e-02,-0.0423437,-0.000117188
4.4270e-02,-0.0473438,0.00063375
4.4280e-02,-0.0526563,0.0011875
4.4290e-02,-0.0473438,-0.000154688
4.4300e-02,-0.0482812,-0.000984375
4.4310e-02,-0.0445313,-0.00148281
4.4320e-02,-0.05125,-0.00052625
4.4330e-02,-0.055625,0.000243125
4.4340e-02,-0.0460938,0.000947813
4.4350e-02,-0.0510938,0.000480313
4.4360e-02,-0.050625,0.000115625
4.4370e-02,-0.0365625,-0.00145625
4.4380e-02,-0.0484375,-0.00157063
4.4390e-02,-0.0398437,0.000369375
4.4400e-02,-0.0395313,0.00144344
4.4410e-02,-0.0484375,0.00238
4.4420e-02,-0.04875,0.00207469
4.4430e-02,-0.0451563,0.0025125
4.4440e-02,-0.0417187,0.00201438
4.4450e-02,-0.04,0.00218313
4.4460e-02,-0.0589063,0.00227125
4.4470e-02,-0.0496875,0.00225063
4.4480e-02,0.72625,0.001915
4.4490e-02,-0.756719,-0.00159281
4.4500e-02,-0.834063,-0.00486656
4.4510e-02,1.79203,-0.00615625
4.4520e-02,1.29469,-0.00793531
4.4530e-02,0.0553125,-0.00777906
4.4540e-02,0.109062,-0.00749875
4.4550e-02,0.08125,-0.00749563
4.4560e-02,0.0753125,-0.00751813
4.4570e-02,0.064375,-0.00757906
4.4580e-02,0.0482812,-0.00758125
4.4590e-02,0.0523437,-0.00736813
4.4600e-02,0.0514063,-0.00737125
4.4610e-02,0.0367187,-0.00736844
4.4620e-02,0.0426562,-0.00728938
4.4630e-02,0.0373437,-0.0073775
4.4640e-02,0.0501562,-0.00738094
4.4650e-02,0.0207812,-0.00768781
4.4660e-02,0.0175,-0.00739344
4.4670e-02,0.0382813,-0.007515
4.4680e-02,0.015625,-0.007315
4.4690e-02,0.0221875,-0.00733563
4.4700e-02,0.0240625,-0.00749875
4.4710e-02,0.00625,-0.00731719
4.4720e-02,-0.00015625,-0.00719656
4.4730e-02,0.0214062,-0.00712469
4.4740e-02,0.00375,-0.0052975
4.4750e-02,0.0125,-0.000676563
4.4760e-02,0.00609375,0.00057375
4.4770e-02,0.00546875,-0.000570625
4.4780e-02,0.00625,-0.00209406
4.4790e-02,0.01875,-0.00204188
4.4800e-02,-0.00921875,-0.00107125
4.4810e-02,0.0096875,0.000792813
4.4820e-02,0.00234375,0.00148125
4.4830e-02,-0.00453125,0.00160063
4.4840e-02,0.0101562,-0.00024375
4.4850e-02,0.00171875,-0.00169344
4.4860e-02,0.005625,-0.0017075
4.4870e-02,0.00671875,-0.000257813
4.4880e-02,-0.0120313,0.00139469
4.4890e-02,0.0053125,0.00119625
4.4900e-02,0,0.00085375
4.4910e-02,0.00953125,-0.000379688
4.4920e-02,0.0009375,-0.00113688
4.4930e-02,0.0021875,-0.0008
4.4940e-02,0.003125,0.000717188
4.4950e-02,-0.006875,0.00041
4.4960e-02,-0.0148437,0.000935625
4.4970e-02,0.0109375,-0.000358125
4.4980e-02,-0.00984375,-0.00157938
4.4990e-02,-0.00625,-0.000116875
4.5000e-02,-0.003125,0.000774688
4.5010e-02,-0.0059375,0.00117938
4.5020e-02,-0.0114062,0.000789688
4.5030e-02,-0.00296875,0.000673438
4.5040e-02,-0.0065625,-8.21875e-05
4.5050e-02,-0.00609375,-0.00041625
4.5060e-02,-0.0084375,-5.6875e-05
4.5070e-02,-0.0189062,0.000193438
4.5080e-02,-0.0071875,0.000712813
4.5090e-02,-0.0101563,0.000875625
4.5100e-02,-0.0121875,0.000159375
4.5110e-02,-0.0009375,-0.000794063
4.5120e-02,-0.019375,-0.000660625
4.5130e-02,-0.0110937,9e-05
4.5140e-02,-0.0153125,0.000890625
4.5150e-02,-0.0171875,0.000629688
4.5160e-02,-0.0154687,0.000492188
4.5170e-02,-0.0110937,-0.000620938
4.5180e-02,-0.0203125,-0.0007575
4.5190e-02,-0.00203125,-0.000618438
4.5200e-02,-0.0267187,-5.5e-05
4.5210e-02,-0.0159375,-6.75e-05
4.5220e-02,-0.0028125,-0.000172813
4.5230e-02,-0.0146875,0.000388438
4.5240e-02,-0.0135937,-0.000333125
4.5250e-02,-0.0101563,1.125e-05
4.5260e-02,-0.0101563,0.00085
4.5270e-02,-0.0235938,9.65625e-05
4.5280e-02,-0.0170313,-0.000115625
4.5290e-02,-0.0146875,6.125e-05
4.5300e-02,-0.00359375,-0.000119063
4.5310e-02,-0.0192187,-0.000386563
4.5320e-02,-0.0209375,2.375e-05
4.5330e-02,-0.01875,2.8125e-05
4.5340e-02,-0.009375,0.000405313
4.5350e-02,-0.0215625,0.000144375
4.5360e-02,-0.0115625,0.00014375
4.5370e-02,-0.0285938,0.000217188
4.5380e-02,-0.0304688,-0.000380313
4.5390e-02,-0.0190625,3.4375e-05
4.5400e-02,-0.0235938,4.40625e-05
4.5410e-02,-0.0175,-0.000668438
4.5420e-02,-0.0328125,-0.00115219
4.5430e-02,-0.0259375,0.000115
4.5440e-02,-0.0246875,-0.000270625
4.5450e-02,-0.0201563,-0.000695938
4.5460e-02,-0.0171875,-0.000514688
4.5470e-02,-0.0246875,-5.78125e-05
4.5480e-02,-0.00546875,0.00019625
4.5490e-02,-0.0251563,0.00029125
4.5500e-02,-0.0196875,0.000219375
4.5510e-02,-0.0192187,5.5625e-05
4.5520e-02,-0.0203125,3.84375e-05
4.5530e-02,-0.0145312,-0.000174375
4.5540e-02,-0.0185937,0.000708125
4.5550e-02,-0.00953125,-0.0004625
4.5560e-02,-0.01625,0.000170625
4.5570e-02,-0.0096875,-4e-05
4.5580e-02,-0.0242188,0.000202813
4.5590e-02,-0.0182812,0.000575938
4.5600e-02,-0.0125,0.00085625
4.5610e-02,-0.00921875,0.000540938
4.5620e-02,-0.02875,0.00020875
4.5630e-02,-0.0396875,6.09375e-05
4.5640e-02,-0.020625,-0.00010125
4.5650e-02,-0.013125,0.000349688
4.5660e-02,-0.0260937,0.000859688
4.5670e-02,-0.0235938,5.3125e-06
4.5680e-02,-0.0107813,0.000150313
4.5690e-02,-0.0198438,-1.71875e-05
4.5700e-02,-0.0257812,-4.65625e-05
4.5710e-02,-0.0307813,-0.000173438
4.5720e-02,-0.0290625,4.75e-05
4.5730e-02,-0.0203125,0.000339375
4.5740e-02,-0.01625,0.000839688
4.5750e-02,-0.02,0.0001525
4.5760e-02,-0.0198438,-0.000144688
4.5770e-02,-0.02375,0.000239688
4.5780e-02,-0.013125,-0.000102813
4.5790e-02,-0.02625,-0.000646875
4.5800e-02,-0.0142188,-0.00021875
4.5810e-02,-0.0285938,-0.0003525
4.5820e-02,-0.0289063,0.00043375
4.5830e-02,-0.0276563,-0.000685625
4.5840e-02,-0.0251563,-0.000135625
4.5850e-02,-0.03125,7.25e-05
4.5860e-02,-0.016875,0.000557188
4.5870e-02,-0.0304688,0.000374375
4.5880e-02,-0.0325,0.00034
4.5890e-02,-0.0285938,5.625e-06
4.5900e-02,-0.0257812,-0.00019375
4.5910e-02,-0.0271875,0.00016
4.5920e-02,-0.01,0.000640938
4.5930e-02,-0.0296875,-0.000237188
4.5940e-02,-0.019375,-0.000285938
4.5950e-02,-0.0254688,0.000796563
4.5960e-02,-0.0103125,-0.000395313
4.5970e-02,-0.0295313,-5.21875e-05
4.5980e-02,-0.0214063,0.00023625
4.5990e-02,-0.0225,-0.000271563
4.6000e-02,-0.023125,-3.53125e-05
4.6010e-02,-0.0225,-0.000445938
4.6020e-02,-0.0342187,0.00035125
4.6030e-02,-0.034375,0.000412188
4.6040e-02,-0.0179687,-0.000609688
4.6050e-02,-0.0246875,-1.53125e-05
4.6060e-02,-0.0285938,-0.0004325
4.6070e-02,-0.0270312,-0.000274375
4.6080e-02,-0.0335937,0.000285
4.6090e-02,-0.0201563,-0.000133125
4.6100e-02,-0.029375,-2.28125e-05
4.6110e-02,-0.0201563,0.000146563
4.6120e-02,-0.0329688,0.000832813
4.6130e-02,-0.028125,0.000592813
4.6140e-02,-0.0220313,0.000906875
4.6150e-02,-0.033125,-0.000174063
4.6160e-02,-0.0221875,0.000193438
4.6170e-02,-0.03375,-0.00053125
4.6180e-02,-0.0257812,-0.00016875
4.6190e-02,-0.0473438,0.000393125
4.6200e-02,-0.035,0.000546875
4.6210e-02,-0.0240625,8.4375e-05
4.6220e-02,-0.0307813,0.000779688
4.6230e-02,-0.04,0.000244375
4.6240e-02,-0.0201563,0.000549688
4.6250e-02,-0.0339062,0.000830625
4.6260e-02,-0.0353125,0.000855938
4.6270e-02,-0.0339062,4.40625e-05
4.6280e-02,-0.0267187,8.59375e-05
4.6290e-02,-0.0253125,0.00011
4.6300e-02,-0.0340625,-0.000408438
4.6310e-02,-0.0209375,0.000387188
4.6320e-02,-0.0301563,-0.0002175
4.6330e-02,-0.0182812,0.000142813
4.6340e-02,-0.0378125,-0.000497188
4.6350e-02,-0.03375,5.3125e-05
4.6360e-02,-0.0265625,0.000305938
4.6370e-02,-0.02875,-0.000480313
4.6380e-02,-0.0278125,0.000425938
4.6390e-02,-0.0304688,0.00075875
4.6400e-02,-0.0278125,0.000726563
4.6410e-02,-0.0285938,0.000351563
4.6420e-02,-0.0321875,0.000341563
4.6430e-02,-0.0365625,-0.000123125
4.6440e-02,-0.0240625,6.375e-05
4.6450e-02,-0.035625,0.000532813
4.6460e-02,-0.03625,0.000537813
4.6470e-02,-0.0445313,0.000320313
4.6480e-02,-0.0314062,0.00060375
4.6490e-02,-0.0270312,-4.03125e-05
4.6500e-02,-0.0221875,-0.000401875
4.6510e-02,-0.0265625,-0.0001625
4.6520e-02,-0.0346875,-0.00015625
4.6530e-02,-0.0453125,0.000465938
4.6540e-02,-0.031875,0.000296875
4.6550e-02,-0.0271875,-0.000160625
4.6560e-02,-0.0298438,-0.000784063
4.6570e-02,-0.0396875,0.000477813
4.6580e-02,-0.03625,1.8125e-05
4.6590e-02,-0.0407813,-0.00033375
4.6600e-02,-0.04,0.000155938
4.6610e-02,-0.030625,0.000560938
4.6620e-02,-0.0279688,-2.78125e-05
4.6630e-02,-0.0290625,-0.000481563
4.6640e-02,-0.023125,0.000445625
4.6650e-02,-0.0275,-0.000536563
4.6660e-02,-0.0440625,-0.000114063
4.6670e-02,-0.0357813,-0.000631875
4.6680e-02,-0.0301563,-0.000383438
4.6690e-02,-0.031875,-0.000501563
4.6700e-02,-0.0339062,1.09375e-05
4.6710e-02,-0.0315625,0.000656563
4.6720e-02,-0.026875,-0.000180313
4.6730e-02,-0.0204688,0.000406875
4.6740e-02,-0.0248438,0.000190938
4.6750e-02,-0.0317188,-0.00019625
4.6760e-02,-0.0392187,6.46875e-05
4.6770e-02,-0.0323438,9.375e-07
4.6780e-02,-0.038125,-0.000442813
4.6790e-02,-0.035,-0.000204063
4.6800e-02,-0.04375,0.00016125
4.6810e-02,-0.0370313,-0.000184375
4.6820e-02,-0.03125,0.000293125
4.6830e-02,-0.034375,-0.0001225
4.6840e-02,-0.0326562,-3.3125e-05
4.6850e-02,-0.0371875,-0.000505313
4.6860e-02,-0.0334375,0.00033625
4.6870e-02,-0.036875,-0.00031125
4.6880e-02,-0.0335937,-0.000635313
4.6890e-02,-0.0275,-0.000104063
4.6900e-02,-0.0310937,-0.000423125
4.6910e-02,-0.0359375,0.000567188
4.6920e-02,-0.02625,0.000658438
4.6930e-02,-0.0464062,0.000558125
4.6940e-02,-0.0260937,0.000509375
4.6950e-02,-0.0357813,0.000155
4.6960e-02,-0.043125,-0.000529687
4.6970e-02,-0.0323438,-5.59375e-05
4.6980e-02,-0.0303125,7.4375e-05
4.6990e-02,-0.035,0.000303125
4.7000e-02,-0.0446875,-0.000176875
4.7010e-02,-0.0296875,-0.00023375
4.7020e-02,-0.0335937,9.34375e-05
4.7030e-02,-0.0339062,-8.25e-05
4.7040e-02,-0.0485938,5.9375e-06
4.7050e-02,-0.0357813,0.0002425
4.7060e-02,-0.0314062,-0.000327813
4.7070e-02,-0.0429688,-0.000891563
4.7080e-02,-0.0310937,-0.0004
4.7090e-02,-0.031875,-0.00075625
4.7100e-02,-0.0434375,4.875e-05
4.7110e-02,-0.0390625,6.875e-05
4.7120e-02,-0.0425,0.000965625
4.7130e-02,-0.0353125,0.000189688
4.7140e-02,-0.0290625,-0.00055125
4.7150e-02,-0.0476562,7.6875e-05
4.7160e-02,-0.0389063,0.000365938
4.7170e-02,-0.0429688,-4.34375e-05
4.7180e-02,-0.0325,0.000344688
4.7190e-02,-0.0420312,0.000204375
4.7200e-02,-0.0392187,6.84375e-05
4.7210e-02,-0.0446875,0.000125938
4.7220e-02,-0.0314062,-0.000423438
4.7230e-02,-0.02875,0.00026875
4.7240e-02,-0.0385937,3.71875e-05
4.7250e-02,-0.0353125,0.000215625
4.7260e-02,-0.0345312,0.000548438
4.7270e-02,-0.0409375,0.000232813
4.7280e-02,-0.0407813,-2.6875e-05
4.7290e-02,-0.040625,2.8125e-05
4.7300e-02,-0.019375,9.59375e-05
4.7310e-02,-0.0371875,-0.00020125
4.7320e-02,-0.043125,0.000450938
4.7330e-02,-0.03125,-0.000160313
4.7340e-02,-0.0404687,0.00033625
4.7350e-02,-0.0301563,0.000655313
4.7360e-02,-0.0346875,0.00027125
4.7370e-02,-0.0429688,0.000656875
4.7380e-02,-0.0478125,-0.0002675
4.7390e-02,-0.038125,-8.09375e-05
4.7400e-02,-0.0364063,-5.3125e-05
4.7410e-02,-0.03625,0.00027375
4.7420e-02,-0.0282813,-4.03125e-05
4.7430e-02,-0.033125,-0.00018875
4.7440e-02,-0.0379688,0.000477813
4.7450e-02,-0.0490625,0.000195625
4.7460e-02,-0.0415625,0.0004625
4.7470e-02,-0.0373438,-0.000258438
4.7480e-02,-0.0378125,-0.00021
4.7490e-02,-0.0373438,8.6875e-05
4.7500e-02,-0.0385937,0.000364688
4.7510e-02,-0.0298438,0.000891875
4.7520e-02,-0.0367188,-3.34375e-05
4.7530e-02,-0.0359375,6.5625e-06
4.7540e-02,-0.0403125,0.000362188
4.7550e-02,-0.0364063,0.000428438
4.7560e-02,-0.0420312,0.00124531
4.7570e-02,-0.0464062,0.00106063
4.7580e-02,-0.0407813,0.00080625
4.7590e-02,-0.0401563,0.000929063
4.7600e-02,-0.0425,0.0001225
4.7610e-02,-0.03625,-0.000122813
4.7620e-02,-0.0403125,0.000146875
4.7630e-02,-0.0396875,-0.000226563
4.7640e-02,-0.041875,-8.125e-06
4.7650e-02,-0.0423437,-0.000760625
4.7660e-02,-0.0407813,-4.375e-06
4.7670e-02,-0.0426562,-0.000154375
4.7680e-02,-0.0395313,-0.00017125
4.7690e-02,-0.0421875,0.000765938
4.7700e-02,-0.0553125,0.0006475
4.7710e-02,-0.0392187,0.000134375
4.7720e-02,-0.0359375,-0.000592188
4.7730e-02,-0.0485938,-0.00059
4.7740e-02,-0.0398437,7.1875e-05
4.7750e-02,-0.0396875,-6.28125e-05
4.7760e-02,-0.0271875,0.000265313
4.7770e-02,-0.0442188,0.000409688
4.7780e-02,-0.0204688,0.0004375
4.7790e-02,-0.0503125,0.000155938
4.7800e-02,-0.03625,0.000281875
4.7810e-02,-0.0376563,0.000916563
4.7820e-02,-0.0428125,0.000544688
4.7830e-02,-0.0384375,0.00068375
4.7840e-02,-0.0446875,4.15625e-05
4.7850e-02,-0.0278125,0.000354375
4.7860e-02,-0.033125,0.000325313
4.7870e-02,-0.0325,-5.40625e-05
4.7880e-02,-0.0459375,0.000165313
4.7890e-02,-0.0426562,0.00041
4.7900e-02,-0.046875,0.0006975
4.7910e-02,-0.033125,0.0003925
4.7920e-02,-0.0410937,0.000294688
4.7930e-02,-0.0451563,-0.00106719
4.7940e-02,-0.04125,-0.000130938
4.7950e-02,-0.0396875,-0.000704688
4.7960e-02,-0.0342187,0.000475
4.7970e-02,-0.0340625,0.00108531
4.7980e-02,-0.0434375,0.000114063
4.7990e-02,-0.0428125,-0.000187188
4.8000e-02,-0.0470312,-0.000427813
4.8010e-02,-0.0423437,-0.000200313
4.8020e-02,-0.0404687,-4.65625e-05
4.8030e-02,-0.0510938,0.00106906
4.8040e-02,-0.0439063,0.00019625
4.8050e-02,-0.031875,0.000356563
4.8060e-02,-0.040625,-0.00046625
4.8070e-02,-0.0459375,-0.00156656
4.8080e-02,-0.0414063,-0.000121875
4.8090e-02,-0.0278125,0.000799063
4.8100e-02,-0.0503125,0.000893438
4.8110e-02,-0.0285938,-8.96875e-05
4.8120e-02,-0.0498438,-0.000861563
4.8130e-02,-0.03125,-0.00065625
4.8140e-02,-0.028125,-0.00034125
4.8150e-02,-0.0382813,0.00139156
4.8160e-02,-0.0407813,0.00175875
4.8170e-02,-0.0320312,0.0012575
4.8180e-02,-0.0532813,-0.000134063
4.8190e-02,-0.0401563,-0.00083375
4.8200e-02,-0.0335937,-0.00105063
4.8210e-02,-0.0395313,-0.00016375
4.8220e-02,-0.0392187,0.00101281
4.8230e-02,-0.0451563,0.00112531
4.8240e-02,-0.045625,0.000167813
4.8250e-02,-0.0378125,-0.00175719
4.8260e-02,-0.0270312,-0.00110781
4.8270e-02,-0.0329688,-0.000644688
4.8280e-02,-0.03375,0.000404375
4.8290e-02,-0.0384375,0.00154438
4.8300e-02,-0.046875,0.000726563
4.8310e-02,-0.0335937,-0.000425313
4.8320e-02,-0.0367188,-0.00152656
4.8330e-02,-0.034375,-0.00103656
4.8340e-02,-0.0278125,0.000855625
4.8350e-02,-0.0367188,0.00218063
4.8360e-02,-0.0414063,0.00119594
4.8370e-02,-0.040625,-7.34375e-05
4.8380e-02,-0.045,-0.00127031
4.8390e-02,-0.0417187,-0.00222281
4.8400e-02,-0.0279688,-0.000561562
4.8410e-02,-0.04,0.00160531
4.8420e-02,-0.0492188,0.00253031
4.8430e-02,-0.046875,0.0010275
4.8440e-02,-0.0420312,-0.000580313
4.8450e-02,-0.0459375,-0.0025925
4.8460e-02,-0.0303125,-0.00237656
4.8470e-02,-0.0417187,0.000455625
4.8480e-02,-0.0526563,0.00203969
4.8490e-02,-0.0340625,0.00140625
4.8500e-02,-0.0390625,0.000783125
4.8510e-02,-0.0459375,-0.00127594
4.8520e-02,-0.0471875,-0.00215781
4.8530e-02,-0.0507812,-0.000980313
4.8540e-02,-0.0451563,0.000890625
4.8550e-02,-0.0465625,0.00203563
4.8560e-02,-0.0425,0.00187906
4.8570e-02,-0.0385937,3.0625e-05
4.8580e-02,-0.0382813,-0.00218281
4.8590e-02,-0.0360938,-0.00214938
4.8600e-02,-0.0320312,-0.000308125
4.8610e-02,-0.0404687,0.00152281
4.8620e-02,-0.0326562,0.00217094
4.8630e-02,-0.0389063,0.000675938
4.8640e-02,-0.03375,-0.00108344
4.8650e-02,-0.0409375,-0.00197813
4.8660e-02,-0.0417187,-0.00137688
4.8670e-02,-0.0414063,0.000264375
4.8680e-02,-0.0492188,0.00217625
4.8690e-02,-0.036875,0.00171813
4.8700e-02,-0.0407813,0.00013375
4.8710e-02,-0.0435938,-0.00106688
4.8720e-02,-0.0464062,-0.00095375
4.8730e-02,-0.0285938,-0.000404063
4.8740e-02,-0.0473438,0.000982813
4.8750e-02,-0.0448438,0.0014925
4.8760e-02,-0.0401563,0.00131563
4.8770e-02,-0.0490625,-0.000706563
4.8780e-02,-0.038125,-0.00012
4.8790e-02,-0.0321875,-0.00014875
4.8800e-02,-0.0510938,0.00031125
4.8810e-02,-0.0542187,0.00102594
4.8820e-02,-0.04375,0.00112938
4.8830e-02,-0.0489062,-0.000589063
4.8840e-02,-0.038125,-0.000915
4.8850e-02,-0.0535937,-0.000893438
4.8860e-02,-0.0464062,6.25e-05
4.8870e-02,-0.0459375,0.00109969
4.8880e-02,-0.0495312,0.000724688
4.8890e-02,-0.0470312,0.0003875
4.8900e-02,-0.0503125,-0.000219063
4.8910e-02,-0.0415625,-0.000744688
4.8920e-02,-0.0442188,-0.000509375
4.8930e-02,-0.0335937,0.000679688
4.8940e-02,-0.0354688,0.000927813
4.8950e-02,-0.0471875,0.000374063
4.8960e-02,-0.0442188,0.000834063
4.8970e-02,-0.0475,-0.00011625
4.8980e-02,-0.0478125,8.21875e-05
4.8990e-02,-0.0376563,0.000816563
4.9000e-02,-0.045625,0.000739063
4.9010e-02,-0.0389063,0.000135938
4.9020e-02,-0.0517188,1.9375e-05
4.9030e-02,-0.0470312,-0.00077
4.9040e-02,-0.0479688,-0.000484063
4.9050e-02,-0.0403125,0.000224063
4.9060e-02,-0.0378125,0.00023625
4.9070e-02,-0.0454688,0.000379688
4.9080e-02,-0.0371875,0.000428438
4.9090e-02,-0.048125,0.000506875
4.9100e-02,-0.0409375,-7.21875e-05
4.9110e-02,-0.0389063,-0.000270313
4.9120e-02,-0.0432813,0.000547188
4.9130e-02,-0.0365625,0.000505938
4.9140e-02,-0.0535937,0.000305625
4.9150e-02,-0.0459375,-3.75e-05
4.9160e-02,-0.0435938,-3.78125e-05
4.9170e-02,-0.0546875,-0.000222188
4.9180e-02,-0.0454688,-0.00057
4.9190e-02,-0.0575,0.000217188
4.9200e-02,-0.0517188,0.000613438
4.9210e-02,-0.045625,0.000277188
4.9220e-02,-0.0315625,0.000331563
4.9230e-02,-0.0417187,0.000216563
4.9240e-02,-0.0373438,0.000256875
4.9250e-02,-0.0496875,-6.28125e-05
4.9260e-02,-0.035,6.25e-07
4.9270e-02,-0.0446875,0.000535625
4.9280e-02,-0.045625,0.000595625
4.9290e-02,-0.0351562,-0.00038875
4.9300e-02,-0.0384375,-0.000100625
4.9310e-02,-0.0403125,-6.0625e-05
4.9320e-02,-0.041875,0.0004775
4.9330e-02,-0.0425,0.000602188
4.9340e-02,-0.04375,4.75e-05
4.9350e-02,-0.0326562,-0.000153438
4.9360e-02,-0.0492188,0.000384063
4.9370e-02,-0.0453125,0.000154375
4.9380e-02,-0.05375,-0.00015375
4.9390e-02,-0.0426562,0.000104688
4.9400e-02,-0.04625,0.000237813
4.9410e-02,-0.0457813,0.000206563
4.9420e-02,-0.0470312,0.000325313
4.9430e-02,-0.039375,-0.000405313
4.9440e-02,-0.0357813,-0.0001675
4.9450e-02,-0.0496875,0.000339063
4.9460e-02,-0.049375,6.25e-06
4.9470e-02,-0.0510938,-0.00026125
4.9480e-02,-0.0389063,9.9375e-05
4.9490e-02,-0.0403125,-0.000536875
4.9500e-02,-0.04,-9.75e-05
4.9510e-02,-0.05,0.000433438
4.9520e-02,-0.0451563,0.000199688
4.9530e-02,-0.0517188,0.000562188
4.9540e-02,-0.0403125,0.000158125
4.9550e-02,-0.0490625,-0.00019625
4.9560e-02,-0.0559375,-0.000644063
4.9570e-02,-0.0425,0.000186563
4.9580e-02,-0.0445313,0.000220313
4.9590e-02,-0.0421875,-0.0003625
4.9600e-02,-0.046875,-4.25e-05
4.9610e-02,-0.0384375,-0.000365938
4.9620e-02,-0.0503125,-0.000514375
4.9630e-02,-0.04125,-0.000438438
4.9640e-02,-0.036875,-0.000126875
4.9650e-02,-0.0445313,-0.00023125
4.9660e-02,-0.0471875,-6.75e-05
4.9670e-02,-0.0376563,0.0005225
4.9680e-02,-0.043125,0.000240625
4.9690e-02,-0.029375,-0.00070375
4.9700e-02,-0.0529687,0.000271563
4.9710e-02,-0.0496875,-0.000125
4.9720e-02,-0.0384375,-0.000316875
4.9730e-02,-0.0390625,6e-05
4.9740e-02,-0.0453125,5.28125e-05
4.9750e-02,-0.0490625,0.000768125
4.9760e-02,-0.0392187,2.1875e-06
4.9770e-02,-0.0428125,-7.8125e-05
4.9780e-02,-0.0451563,-0.000530938
4.9790e-02,-0.0545313,-0.000693438
4.9800e-02,-0.0409375,-0.000544063
4.9810e-02,-0.0601562,9.5625e-05
4.9820e-02,-0.053125,-0.000709688
4.9830e-02,-0.0384375,-0.000514375
4.9840e-02,-0.0453125,-0.000145938
4.9850e-02,-0.0442188,-0.000116875
4.9860e-02,-0.0545313,0.000119063
4.9870e-02,-0.0384375,0.000518438
4.9880e-02,-0.0420312,0.000277813
4.9890e-02,-0.0404687,0.00105656
4.9900e-02,-0.0460938,-0.00011375
4.9910e-02,-0.0507812,0.000866563
4.9920e-02,-0.0692187,0.000254688
4.9930e-02,-0.04875,0.000141563
4.9940e-02,-0.0565625,-6.25e-07
4.9950e-02,-0.0382813,-0.000199375
4.9960e-02,-0.0526563,0.000315
4.9970e-02,-0.05375,0.00011875
4.9980e-02,-0.0392187,5.8125e-05
4.9990e-02,-0.05375,-2.90625e-05
5.0000e-02,-0.0401563,-0.000621563
5.0010e-02,-0.0528125,0.00019375
5.0020e-02,-0.0375,0.000682188
5.0030e-02,-0.0453125,-0.000575625
5.0040e-02,-0.0392187,-3.71875e-05
5.0050e-02,-0.044375,-0.000607188
5.0060e-02,-0.0414063,-0.000178438
5.0070e-02,-0.0475,-0.00067125
5.0080e-02,-0.0434375,-0.000425938
5.0090e-02,-0.033125,0.00026
5.0100e-02,-0.0429688,-0.000773438
5.0110e-02,-0.0467188,-2.9375e-05
5.0120e-02,-0.0489062,0.000133438
5.0130e-02,-0.048125,7.3125e-05
5.0140e-02,-0.0423437,0.000623125
5.0150e-02,-0.0470312,-0.000315
5.0160e-02,-0.046875,-0.0002725
5.0170e-02,-0.0417187,-0.00017625
5.0180e-02,-0.045625,-0.00020125
5.0190e-02,-0.0451563,-0.000110313
5.0200e-02,-0.04625,-0.000468438
5.0210e-02,-0.0492188,0.000306875
5.0220e-02,-0.0428125,0.000362188
5.0230e-02,-0.050625,0.000480938
5.0240e-02,-0.055625,0.000622813
5.0250e-02,-0.0396875,0.000132813
5.0260e-02,-0.0470312,4.1875e-05
5.0270e-02,-0.0459375,0.00022
5.0280e-02,-0.04375,-0.000472188
5.0290e-02,-0.0421875,-0.000382188
5.0300e-02,-0.0473438,-0.000135625
5.0310e-02,-0.0476562,0.00030875
5.0320e-02,-0.0421875,3.09375e-05
5.0330e-02,-0.0503125,-0.00110938
5.0340e-02,-0.0570313,-0.000705938
5.0350e-02,-0.0404687,6.34375e-05
5.0360e-02,-0.0517188,-0.000610313
5.0370e-02,-0.0473438,8.21875e-05
5.0380e-02,-0.0492188,-2.8125e-06
5.0390e-02,-0.040625,-1.59375e-05
5.0400e-02,-0.039375,7.625e-05
5.0410e-02,-0.045625,-0.00045125
5.0420e-02,-0.0404687,-0.000287188
5.0430e-02,-0.0476562,0.000534375
5.0440e-02,-0.03375,0.000628438
5.0450e-02,-0.0476562,0.000255313
5.0460e-02,-0.0504687,-0.000702813
5.0470e-02,-0.0429688,0.000450625
5.0480e-02,-0.0470312,5.625e-06
5.0490e-02,-0.0517188,0.000203125
5.0500e-02,-0.0310937,0.000192813
5.0510e-02,-0.0465625,-0.000216875
5.0520e-02,-0.041875,0.000205313
5.0530e-02,-0.0395313,-0.000321875
5.0540e-02,-0.045,0.0002225
5.0550e-02,-0.0384375,0.0002875
5.0560e-02,-0.0403125,-0.000244375
5.0570e-02,-0.0429688,0.000367813
5.0580e-02,-0.0507812,0.00112344
5.0590e-02,-0.0465625,0.000574688
5.0600e-02,-0.0554687,0.00053
5.0610e-02,-0.0471875,0.00137
5.0620e-02,-0.0457813,0.000214063
5.0630e-02,-0.0403125,0.00068
5.0640e-02,-0.0384375,0.000274688
5.0650e-02,-0.0479688,-0.000531875
5.0660e-02,-0.055625,-0.000770625
5.0670e-02,-0.0392187,-0.00091125
5.0680e-02,-0.0515625,-4.1875e-05
5.0690e-02,-0.0526563,0.0005975
5.0700e-02,-0.0498438,-0.00015375
5.0710e-02,-0.04125,0.0001575
5.0720e-02,-0.0507812,-0.000481875
5.0730e-02,-0.0520313,-0.000164375
5.0740e-02,-0.0521875,-0.000789688
5.0750e-02,-0.0525,6.5e-05
5.0760e-02,-0.0471875,-0.000650938
5.0770e-02,-0.048125,-0.000235625
5.0780e-02,-0.0429688,0.000261563
5.0790e-02,-0.0573437,-0.0005775
5.0800e-02,-0.0396875,-0.000613438
5.0810e-02,-0.043125,-0.000146875
5.0820e-02,-0.045625,-0.000589375
5.0830e-02,-0.0501562,-4.65625e-05
5.0840e-02,-0.0492188,-0.000342813
5.0850e-02,-0.04625,0.000450625
5.0860e-02,-0.0554687,-9.15625e-05
5.0870e-02,-0.0554687,-9.75e-05
5.0880e-02,-0.0378125,-0.000165625
5.0890e-02,-0.0415625,0.000132813
5.0900e-02,-0.0423437,0.000245313
5.0910e-02,-0.0617188,0.000168125
5.0920e-02,-0.0532813,2.84375e-05
5.0930e-02,-0.044375,0.000703125
5.0940e-02,-0.04625,0.00013375
5.0950e-02,-0.0510938,-0.000459063
5.0960e-02,-0.049375,-5.03125e-05
5.0970e-02,-0.053125,0.000214375
5.0980e-02,-0.0523437,0.000510313
5.0990e-02,-0.0554687,0.000157813
5.1000e-02,-0.046875,0.00011625
5.1010e-02,-0.0626562,0.00025125
5.1020e-02,-0.0417187,-1.125e-05
5.1030e-02,-0.0540625,8.53125e-05
5.1040e-02,-0.0464062,0.00015375
5.1050e-02,-0.0460938,-0.00062375
5.1060e-02,-0.0465625,-0.00105063
5.1070e-02,-0.0490625,0.00104406
5.1080e-02,-0.0390625,0.0003675
5.1090e-02,-0.0490625,0.000614687
5.1100e-02,-0.0385937,0.000673438
5.1110e-02,-0.0460938,0.000224375
5.1120e-02,-0.043125,0.00034875
5.1130e-02,-0.0529687,0.000303438
5.1140e-02,-0.0459375,0.000305
5.1150e-02,-0.0434375,0.000426875
5.1160e-02,-0.045625,-2.84375e-05
5.1170e-02,-0.0504687,-0.000843438
5.1180e-02,-0.0507812,-0.000188125
5.1190e-02,-0.0467188,-0.000431875
5.1200e-02,-0.04625,0.00029875
5.1210e-02,-0.0451563,0.000339688
5.1220e-02,-0.0426562,0.00035375
5.1230e-02,-0.0459375,0.000389375
5.1240e-02,-0.0528125,0.000223125
5.1250e-02,-0.05375,-0.000306563
5.1260e-02,-0.03875,9.9375e-05
5.1270e-02,-0.0439063,-0.000729688
5.1280e-02,-0.0370313,-2.125e-05
5.1290e-02,-0.0545313,0.00064625
5.1300e-02,-0.033125,-0.0002875
5.1310e-02,-0.0521875,0.000610938
5.1320e-02,-0.0376563,-0.000321563
5.1330e-02,-0.0554687,3.125e-06
5.1340e-02,-0.0523437,0.000440625
5.1350e-02,-0.0471875,-0.000201563
5.1360e-02,-0.0464062,-3.09375e-05
5.1370e-02,-0.056875,-0.000365625
5.1380e-02,-0.0526563,-0.00059875
5.1390e-02,-0.0534375,-0.000275
5.1400e-02,-0.0440625,0.000115625
5.1410e-02,-0.056875,-0.000638438
5.1420e-02,-0.053125,-3.78125e-05
5.1430e-02,-0.0367188,-0.00046625
5.1440e-02,-0.0476562,0.000599063
5.1450e-02,-0.0395313,0.000229375
5.1460e-02,-0.0448438,-0.0004725
5.1470e-02,-0.0459375,-8.5625e-05
5.1480e-02,-0.0509375,-8.1875e-05
5.1490e-02,-0.0440625,0.000427188
5.1500e-02,-0.0371875,-0.000145313
5.1510e-02,-0.050625,-0.0001225
5.1520e-02,-0.0535937,-0.000490938
5.1530e-02,-0.05625,-0.000520625
5.1540e-02,-0.0354688,-0.000706875
5.1550e-02,-0.0465625,6.875e-06
5.1560e-02,-0.055,-0.000154063
5.1570e-02,-0.0489062,0.00165594
5.1580e-02,-0.0545313,0.000798125
5.1590e-02,-0.0459375,0.000239063
5.1600e-02,-0.0604688,-0.000277188
5.1610e-02,-0.048125,-0.00027
5.1620e-02,-0.041875,-9.6875e-06
5.1630e-02,-0.041875,2.84375e-05
5.1640e-02,-0.0529687,-0.00025375
5.1650e-02,-0.0435938,-0.0004
5.1660e-02,-0.0339062,-0.000414063
5.1670e-02,-0.0485938,0.000414375
5.1680e-02,-0.0582813,-0.000385625
5.1690e-02,-0.0526563,-1.53125e-05
5.1700e-02,-0.0478125,0.000197188
5.1710e-02,-0.0517188,0.000380625
5.1720e-02,-0.0509375,9.25e-05
5.1730e-02,-0.05,-0.00012
5.1740e-02,-0.036875,0.000329063
5.1750e-02,-0.06,0.000188125
5.1760e-02,-0.056875,-0.00043
5.1770e-02,-0.0396875,0.000833125
5.1780e-02,-0.0428125,-0.000381875
5.1790e-02,-0.0495312,-5.875e-05
5.1800e-02,-0.0442188,-0.000417813
5.1810e-02,-0.0489062,-0.00031625
5.1820e-02,-0.0521875,0.000367813
5.1830e-02,-0.0375,-4.34375e-05
5.1840e-02,-0.0632812,-3.09375e-05
5.1850e-02,-0.04,-8.21875e-05
5.1860e-02,-0.0535937,-0.000562188
5.1870e-02,-0.0415625,-0.000143438
5.1880e-02,-0.0553125,-0.00084375
5.1890e-02,-0.0635938,-0.000348438
5.1900e-02,-0.05625,-7.1875e-05
5.1910e-02,-0.0471875,4.71875e-05
5.1920e-02,-0.059375,-0.000112813
5.1930e-02,-0.05125,-0.000499688
5.1940e-02,-0.050625,-0.00051875
5.1950e-02,-0.0607812,-0.000130938
5.1960e-02,-0.046875,0.000653438
5.1970e-02,-0.0445313,-0.000142188
5.1980e-02,-0.0534375,-0.00107656
5.1990e-02,-0.044375,-0.0009725
5.2000e-02,-0.0385937,-0.00109063
5.2010e-02,-0.0478125,-0.000481563
5.2020e-02,-0.0414063,0.000547813
5.2030e-02,-0.051875,0.000538438
5.2040e-02,-0.0646875,-0.00010625
5.2050e-02,-0.0515625,-0.000904375
5.2060e-02,-0.0475,-0.000797813
5.2070e-02,-0.0526563,-7.21875e-05
5.2080e-02,-0.05375,0.0002025
5.2090e-02,-0.0479688,0.00116313
5.2100e-02,-0.0515625,-2.78125e-05
5.2110e-02,-0.0398437,-0.000523125
5.2120e-02,-0.0446875,-0.000170625
5.2130e-02,-0.0485938,0.000481875
5.2140e-02,-0.0625,0.000870313
5.2150e-02,-0.05125,0.00144656
5.2160e-02,-0.0507812,0.00038375
5.2170e-02,-0.0465625,-0.000263437
5.2180e-02,-0.0578125,-0.00112563
5.2190e-02,-0.0448438,-0.000732813
5.2200e-02,-0.0501562,0.00063625
5.2210e-02,-0.0401563,0.00145938
5.2220e-02,-0.0471875,0.000329688
5.2230e-02,-0.0545313,-0.00051625
5.2240e-02,-0.048125,-0.00131844
5.2250e-02,-0.0465625,-0.00154906
5.2260e-02,-0.0525,-0.000947813
5.2270e-02,-0.039375,0.000660625
5.2280e-02,-0.049375,0.00113438
5.2290e-02,-0.0451563,0.000628438
5.2300e-02,-0.0451563,-0.00192875
5.2310e-02,-0.0484375,-0.00180531
5.2320e-02,-0.0498438,-0.00116281
5.2330e-02,-0.0459375,3.90625e-05
5.2340e-02,-0.051875,0.0016275
5.2350e-02,-0.046875,0.00116438
5.2360e-02,-0.0425,-0.000255313
5.2370e-02,-0.0554687,-0.00209938
5.2380e-02,-0.0535937,-0.001475
5.2390e-02,-0.0525,0.000106563
5.2400e-02,-0.045625,0.00153625
5.2410e-02,-0.0501562,0.00191531
5.2420e-02,-0.0448438,0.00198875
5.2430e-02,-0.0571875,0.00206313
5.2440e-02,-0.0515625,0.00196906
5.2450e-02,-0.04875,0.00199781
5.2460e-02,-0.0396875,0.00217844
5.2470e-02,-0.0526563,0.00217
5.2480e-02,0.389844,0.00219094
5.2490e-02,-0.434531,-0.00108438
5.2500e-02,-0.760625,-0.0043375
5.2510e-02,-0.997812,-0.00646406
5.2520e-02,-0.511094,-0.00778969
5.2530e-02,0.231094,-0.0076175
5.2540e-02,0.104219,-0.00728
5.2550e-02,0.098125,-0.00745844
5.2560e-02,0.0798438,-0.00726531
5.2570e-02,0.0651562,-0.00724156
5.2580e-02,0.065,-0.00757406
5.2590e-02,0.0584375,-0.00745219
5.2600e-02,0.0671875,-0.00734625
5.2610e-02,0.0314062,-0.00725094
5.2620e-02,0.049375,-0.00744063
5.2630e-02,0.0445312,-0.00741844
5.2640e-02,0.0364063,-0.0071825
5.2650e-02,0.036875,-0.0076025
5.2660e-02,0.0260938,-0.00737906
5.2670e-02,0.0284375,-0.00711063
5.2680e-02,0.0182813,-0.00739563
5.2690e-02,0.0214062,-0.0072375
5.2700e-02,0.0178125,-0.0072
5.2710e-02,0.0392187,-0.00707125
5.2720e-02,0.0289062,-0.00711313
5.2730e-02,0.0159375,-0.00712625
5.2740e-02,0.0126562,-0.0046725
5.2750e-02,0.00953125,-0.00154719
5.2760e-02,0.0196875,0.000501875
5.2770e-02,0.0160938,0.0006775
5.2780e-02,0.00625,-0.00145844
5.2790e-02,0.00609375,-0.00225219
5.2800e-02,0.0084375,-0.000795313
5.2810e-02,0.0096875,-0.000286875
5.2820e-02,-0.00125,0.00148406
5.2830e-02,0.00328125,0.00160344
5.2840e-02,-0.008125,0.0001375
5.2850e-02,0.006875,-0.00142469
5.2860e-02,-0.00078125,-0.0015575
5.2870e-02,-0.00171875,-0.000490313
5.2880e-02,0.00265625,0.000574375
5.2890e-02,0.001875,0.000934375
5.2900e-02,0.0075,-0.000212813
5.2910e-02,-0.0170313,-0.00103344
5.2920e-02,-0.0078125,-0.00114406
5.2930e-02,0.0084375,-0.00105563
5.2940e-02,0.0123437,0.000204375
5.2950e-02,-0.00828125,0.000995938
5.2960e-02,-0.0071875,0.00047125
5.2970e-02,-0.00203125,-0.000648125
5.2980e-02,-0.0021875,-0.00156813
5.2990e-02,-0.0021875,-0.000675313
5.3000e-02,-0.0159375,-0.000521875
5.3010e-02,0.00046875,0.000321875
5.3020e-02,-0.003125,0.0006275
5.3030e-02,0,0.000240313
5.3040e-02,-0.0125,0.00011375
5.3050e-02,-0.00171875,-0.000721875
5.3060e-02,-0.00328125,0.000207813
5.3070e-02,-0.01,0.00068125
5.3080e-02,-0.0065625,0.000450625
5.3090e-02,-0.0110937,0.000123125
5.3100e-02,-0.01125,0.00029375
5.3110e-02,-0.010625,-0.0005075
5.3120e-02,-0.0146875,-0.000599063
5.3130e-02,-0.0109375,0.000364375
5.3140e-02,-0.0046875,0.000298125
5.3150e-02,0.005625,0.000777813
5.3160e-02,0.00171875,0.000338438
5.3170e-02,-0.01625,5.9375e-06
5.3180e-02,-0.0078125,-0.000924375
5.3190e-02,-0.0146875,-0.000175
5.3200e-02,-0.0134375,0.000120938
5.3210e-02,-0.0154687,2.71875e-05
5.3220e-02,-0.0154687,0.000121875
5.3230e-02,-0.016875,1.40625e-05
5.3240e-02,-0.01,0.000321875
5.3250e-02,-0.003125,9.125e-05
5.3260e-02,-0.00765625,0.000425938
5.3270e-02,-0.0239063,0.000525
5.3280e-02,-0.019375,0.00101938
5.3290e-02,-0.00359375,0.00107719
5.3300e-02,-0.005625,-0.000115625
5.3310e-02,-0.0189062,-0.000314375
5.3320e-02,-0.015625,-0.00023375
5.3330e-02,-0.0167188,-0.000740938
5.3340e-02,-0.0217188,-0.000836875
5.3350e-02,-0.0151562,5.3125e-05
5.3360e-02,-0.0196875,0.000169688
5.3370e-02,-0.0157813,-0.0009475
5.3380e-02,-0.02,-0.000646875
5.3390e-02,-0.0189062,-0.00064625
5.3400e-02,0.005625,3e-05
5.3410e-02,-0.0140625,0.00047
5.3420e-02,-0.0210938,0.000245625
5.3430e-02,-0.0214063,-4.28125e-05
5.3440e-02,-0.0145312,0.000360938
5.3450e-02,-0.0203125,-0.000526563
5.3460e-02,-0.0201563,-0.000325313
5.3470e-02,-0.013125,-0.000398125
5.3480e-02,-0.0314062,0.000151563
5.3490e-02,-0.0109375,5.78125e-05
5.3500e-02,-0.02375,0.00033875
5.3510e-02,-0.0084375,-2.0625e-05
5.3520e-02,-0.0135937,0.000164063
5.3530e-02,-0.0190625,0.000168125
5.3540e-02,-0.01625,-0.000225938
5.3550e-02,-0.0239063,-0.000179688
5.3560e-02,-0.0279688,0.000290938
5.3570e-02,-0.013125,-0.000313125
5.3580e-02,-0.0220313,-0.000716563
5.3590e-02,-0.0151562,-0.000104688
5.3600e-02,-0.021875,0.000836563
5.3610e-02,-0.0204688,0.00032375
5.3620e-02,-0.015625,0.000579375
5.3630e-02,-0.0139063,0.000300625
5.3640e-02,-0.0153125,2.40625e-05
5.3650e-02,-0.0115625,-0.000145313
5.3660e-02,-0.0239063,7.75e-05
5.3670e-02,-0.0296875,1.59375e-05
5.3680e-02,-0.0248438,0.000705938
5.3690e-02,-0.02375,0.000175938
5.3700e-02,-0.0196875,0.000434063
5.3710e-02,-0.0345312,-0.000205625
5.3720e-02,-0.0217188,-0.000289688
5.3730e-02,-0.0173438,0.000222188
5.3740e-02,-0.0167188,0.000318125
5.3750e-02,-0.021875,-0.000229063
5.3760e-02,-0.0228125,-0.000321875
5.3770e-02,-0.0257812,0.000484375
5.3780e-02,-0.0117188,-0.000112188
5.3790e-02,-0.0301563,0.00027375
5.3800e-02,-0.0175,0.000157813
5.3810e-02,-0.0142188,0.00023875
5.3820e-02,-0.0234375,0.000415625
5.3830e-02,-0.030625,-4.90625e-05
5.3840e-02,-0.0229687,0.000688438
5.3850e-02,-0.0217188,-0.000422813
5.3860e-02,-0.0215625,-0.000214688
5.3870e-02,-0.0217188,0.000130313
5.3880e-02,-0.024375,-0.000403125
5.3890e-02,-0.029375,-0.000175625
5.3900e-02,-0.0295313,-0.00030375
5.3910e-02,-0.0139063,-0.000319063
5.3920e-02,-0.0282813,-0.000245313
5.3930e-02,-0.0242188,8.90625e-05
5.3940e-02,-0.0321875,0.000171875
5.3950e-02,-0.02875,0.000397813
5.3960e-02,-0.0234375,0.00011375
5.3970e-02,-0.0259375,9.90625e-05
5.3980e-02,-0.0184375,-0.000460313
5.3990e-02,-0.0289063,0.000315313
5.4000e-02,-0.0296875,-9.75e-05
5.4010e-02,-0.0201563,4.09375e-05
5.4020e-02,-0.0198438,-0.000249688
5.4030e-02,-0.0301563,-0.000312188
5.4040e-02,-0.0128125,-0.000110313
5.4050e-02,-0.0278125,0.000130313
5.4060e-02,-0.0334375,-0.0005725
5.4070e-02,-0.0245313,-0.000584688
5.4080e-02,-0.0321875,-0.00056375
5.4090e-02,-0.0301563,-7.8125e-06
5.4100e-02,-0.029375,-0.000139375
5.4110e-02,-0.0342187,-4.96875e-05
5.4120e-02,-0.0215625,0.0006475
5.4130e-02,-0.030625,-0.000228438
5.4140e-02,-0.0265625,0.000515
5.4150e-02,-0.0248438,-0.000315938
5.4160e-02,-0.0264062,-6.71875e-05
5.4170e-02,-0.0245313,0.000459375
5.4180e-02,-0.0384375,-0.000312813
5.4190e-02,-0.0282813,0.000362813
5.4200e-02,-0.0159375,0.000270938
5.4210e-02,-0.03125,-1.5625e-06
5.4220e-02,-0.025625,0.000406563
5.4230e-02,-0.0317188,0.000643438
5.4240e-02,-0.0325,0.0004475
5.4250e-02,-0.0260937,5.3125e-06
5.4260e-02,-0.0353125,0.000352813
5.4270e-02,-0.0284375,-0.000555
5.4280e-02,-0.0190625,-1.25e-06
5.4290e-02,-0.0334375,0.00036625
5.4300e-02,-0.0276563,0.00017625
5.4310e-02,-0.0259375,0.000156875
5.4320e-02,-0.025625,-8.40625e-05
5.4330e-02,-0.023125,0.000333125
5.4340e-02,-0.0329688,0.00013125
5.4350e-02,-0.0334375,4.84375e-05
5.4360e-02,-0.0303125,0.0001625
5.4370e-02,-0.0389063,-0.000434688
5.4380e-02,-0.0376563,0.000308125
5.4390e-02,-0.034375,-6e-05
5.4400e-02,-0.0335937,0.000295313
5.4410e-02,-0.0321875,-6.625e-05
5.4420e-02,-0.0395313,-0.000110625
5.4430e-02,-0.033125,0.00011875
5.4440e-02,-0.02625,0.000590625
5.4450e-02,-0.0271875,0.000265313
5.4460e-02,-0.0234375,1.96875e-05
5.4470e-02,-0.03375,0.000233438
5.4480e-02,-0.0504687,5.8125e-05
5.4490e-02,-0.0348437,-1e-05
5.4500e-02,-0.0296875,0.000525625
5.4510e-02,-0.0314062,-5.9375e-06
5.4520e-02,-0.0271875,0.000334688
5.4530e-02,-0.0176563,0.000494688
5.4540e-02,-0.0359375,0.000541563
5.4550e-02,-0.029375,-0.00015875
5.4560e-02,-0.0376563,-5.53125e-05
5.4570e-02,-0.0295313,-0.00015125
5.4580e-02,-0.0278125,-0.000557188
5.4590e-02,-0.0370313,-0.000473125
5.4600e-02,-0.03,0.000211875
5.4610e-02,-0.028125,4.25e-05
5.4620e-02,-0.0289063,-0.00057625
5.4630e-02,-0.0328125,-0.000441563
5.4640e-02,-0.0379688,-0.00051
5.4650e-02,-0.0303125,-0.000439688
5.4660e-02,-0.0317188,-0.000681563
5.4670e-02,-0.0285938,-0.000223438
5.4680e-02,-0.0353125,0.000236875
5.4690e-02,-0.0353125,0.000383125
5.4700e-02,-0.0342187,-0.000396875
5.4710e-02,-0.0475,-0.000129375
5.4720e-02,-0.0364063,-0.00028875
5.4730e-02,-0.039375,9.6875e-06
5.4740e-02,-0.0307813,-0.00016375
5.4750e-02,-0.0484375,-0.000671875
5.4760e-02,-0.0328125,0.000596563
5.4770e-02,-0.0435938,9.15625e-05
5.4780e-02,-0.02625,0.000444688
5.4790e-02,-0.035625,-0.000225313
5.4800e-02,-0.0332812,-1.0625e-05
5.4810e-02,-0.0378125,0.000330625
5.4820e-02,-0.0345312,-5e-05
5.4830e-02,-0.0345312,0.000795
5.4840e-02,-0.0284375,0.00038875
5.4850e-02,-0.0473438,0.000353438
5.4860e-02,-0.03375,0.000790625
5.4870e-02,-0.0360938,0.000519062
5.4880e-02,-0.0314062,0.000946563
5.4890e-02,-0.039375,0.000473438
5.4900e-02,-0.0360938,0.000358438
5.4910e-02,-0.0329688,0.00059125
5.4920e-02,-0.0385937,0.000782813
5.4930e-02,-0.031875,0.000141875
5.4940e-02,-0.0346875,-0.000265
5.4950e-02,-0.0317188,-9.375e-06
5.4960e-02,-0.0314062,-0.000815
5.4970e-02,-0.0323438,-0.000366563
5.4980e-02,-0.0307813,-0.000583438
5.4990e-02,-0.0415625,0.000309063
5.5000e-02,-0.0376563,-0.000507188
5.5010e-02,-0.0329688,6.59375e-05
5.5020e-02,-0.0364063,0.000213125
5.5030e-02,-0.0273438,-0.0003675
5.5040e-02,-0.0359375,-0.000584375
5.5050e-02,-0.0403125,-3.125e-07
5.5060e-02,-0.0290625,0.00047
5.5070e-02,-0.025625,-0.000117813
5.5080e-02,-0.0271875,0.0005275
5.5090e-02,-0.0275,-0.00013875
5.5100e-02,-0.0340625,-0.000357188
5.5110e-02,-0.0345312,-0.000140938
5.5120e-02,-0.033125,-0.000129062
5.5130e-02,-0.0329688,0.000148438
5.5140e-02,-0.039375,0.0003725
5.5150e-02,-0.0307813,0.000113438
5.5160e-02,-0.0396875,0.00056125
5.5170e-02,-0.0314062,-0.00032
5.5180e-02,-0.043125,0.000214688
5.5190e-02,-0.018125,-2.09375e-05
5.5200e-02,-0.0446875,-0.0002375
5.5210e-02,-0.0446875,-0.000155938
5.5220e-02,-0.0489062,0.000238125
5.5230e-02,-0.0467188,0.00029125
5.5240e-02,-0.0345312,2.5e-05
5.5250e-02,-0.0251563,3.125e-07
5.5260e-02,-0.0389063,-0.000728438
5.5270e-02,-0.0353125,-0.000296563
5.5280e-02,-0.045,-0.000469375
5.5290e-02,-0.040625,-6.875e-06
5.5300e-02,-0.039375,0.00023625
5.5310e-02,-0.0385937,-5.0625e-05
5.5320e-02,-0.0357813,-0.000410938
5.5330e-02,-0.0396875,-0.0003725
5.5340e-02,-0.0317188,-0.000140625
5.5350e-02,-0.0410937,-0.000288125
5.5360e-02,-0.0410937,0.00064125
5.5370e-02,-0.0435938,4.125e-05
5.5380e-02,-0.04375,-0.00043125
5.5390e-02,-0.0467188,-0.00062875
5.5400e-02,-0.0445313,-6.53125e-05
5.5410e-02,-0.0267187,9.25e-05
5.5420e-02,-0.0296875,0.000242188
5.5430e-02,-0.03875,0.000125
5.5440e-02,-0.0273438,0.000251875
5.5450e-02,-0.041875,5.84375e-05
5.5460e-02,-0.0465625,1.75e-05
5.5470e-02,-0.031875,2.5e-05
5.5480e-02,-0.0295313,-0.000185313
5.5490e-02,-0.036875,-0.000112188
5.5500e-02,-0.0504687,-0.00036875
5.5510e-02,-0.0379688,0.000200625
5.5520e-02,-0.0307813,0.00039875
5.5530e-02,-0.0429688,0.000230938
5.5540e-02,-0.0453125,3e-05
5.5550e-02,-0.0414063,0.000151563
5.5560e-02,-0.0409375,-0.000206563
5.5570e-02,-0.0510938,0.000677188
5.5580e-02,-0.0371875,0.000352188
5.5590e-02,-0.03625,0.00075125
5.5600e-02,-0.0259375,0.000473125
5.5610e-02,-0.0409375,0.00066125
5.5620e-02,-0.038125,-1.09375e-05
5.5630e-02,-0.0420312,0.00026
5.5640e-02,-0.0384375,0.000103125
5.5650e-02,-0.0404687,0.00033125
5.5660e-02,-0.04875,0.000809063
5.5670e-02,-0.0439063,-0.000557188
5.5680e-02,-0.0396875,-0.00062875
5.5690e-02,-0.0370313,-0.000216563
5.5700e-02,-0.0373438,0.000270938
5.5710e-02,-0.0332812,0.000849375
5.5720e-02,-0.0346875,9.375e-06
5.5730e-02,-0.0395313,-0.000680938
5.5740e-02,-0.0445313,-7.34375e-05
5.5750e-02,-0.0384375,-0.000654063
5.5760e-02,-0.0504687,1.125e-05
5.5770e-02,-0.0428125,-2.53125e-05
5.5780e-02,-0.0309375,-0.000111563
5.5790e-02,-0.0373438,-0.00016375
5.5800e-02,-0.0339062,-0.000222813
5.5810e-02,-0.039375,-0.00035625
5.5820e-02,-0.045625,-0.000301563
5.5830e-02,-0.0415625,0.000399688
5.5840e-02,-0.04,7.375e-05
5.5850e-02,-0.0365625,-0.000547813
5.5860e-02,-0.040625,-0.000168438
5.5870e-02,-0.0420312,-0.000256875
5.5880e-02,-0.043125,-0.000786875
5.5890e-02,-0.0301563,6.25e-06
5.5900e-02,-0.0439063,-0.000588438
5.5910e-02,-0.0329688,-0.000450625
5.5920e-02,-0.0410937,0.000182188
5.5930e-02,-0.0365625,-2.28125e-05
5.5940e-02,-0.0385937,-0.000288438
5.5950e-02,-0.0351562,-0.000152188
5.5960e-02,-0.0396875,0.00086125
5.5970e-02,-0.0389063,0.000760938
5.5980e-02,-0.0375,0.000395
5.5990e-02,-0.0454688,-5.21875e-05
5.6000e-02,-0.0425,-0.000224063
5.6010e-02,-0.0454688,-8.125e-06
5.6020e-02,-0.0378125,0.000565
5.6030e-02,-0.0414063,0.0014375
5.6040e-02,-0.0328125,0.000390938
5.6050e-02,-0.0451563,-0.000247813
5.6060e-02,-0.0379688,-0.0012025
5.6070e-02,-0.0485938,-0.000535313
5.6080e-02,-0.0379688,-0.000430313
5.6090e-02,-0.0507812,0.000524063
5.6100e-02,-0.045,0.000700938
5.6110e-02,-0.0415625,0.0004375
5.6120e-02,-0.03875,-0.000173125
5.6130e-02,-0.0371875,-0.00096625
5.6140e-02,-0.0464062,-0.000421875
5.6150e-02,-0.0371875,0.000851875
5.6160e-02,-0.035625,0.000399063
5.6170e-02,-0.04875,0.00011875
5.6180e-02,-0.0423437,-0.00038375
5.6190e-02,-0.041875,-0.00122656
5.6200e-02,-0.0470312,-0.000342188
5.6210e-02,-0.04,0.000100313
5.6220e-02,-0.044375,0.00169063
5.6230e-02,-0.0329688,0.00112
5.6240e-02,-0.04875,0.000680313
5.6250e-02,-0.033125,-0.000653125
5.6260e-02,-0.0435938,-0.0009125
5.6270e-02,-0.0315625,-3.15625e-05
5.6280e-02,-0.03125,0.0009725
5.6290e-02,-0.0432813,0.00155438
5.6300e-02,-0.0346875,0.00116219
5.6310e-02,-0.0321875,0.000347188
5.6320e-02,-0.0301563,-0.00154438
5.6330e-02,-0.025,-0.00179813
5.6340e-02,-0.0454688,-3.125e-06
5.6350e-02,-0.028125,0.00131875
5.6360e-02,-0.049375,0.00234313
5.6370e-02,-0.0423437,0.000632813
5.6380e-02,-0.04375,-0.00037375
5.6390e-02,-0.0396875,-0.00227375
5.6400e-02,-0.026875,-0.000955313
5.6410e-02,-0.0464062,0.00040375
5.6420e-02,-0.0407813,0.00204375
5.6430e-02,-0.0328125,0.00164813
5.6440e-02,-0.0326562,-0.000619063
5.6450e-02,-0.0434375,-0.00143688
5.6460e-02,-0.0432813,-0.00192531
5.6470e-02,-0.0467188,-0.000485625
5.6480e-02,-0.0398437,0.00142344
5.6490e-02,-0.0342187,0.00251875
5.6500e-02,-0.0442188,0.00125188
5.6510e-02,-0.0398437,-0.00127969
5.6520e-02,-0.0346875,-0.00200156
5.6530e-02,-0.0396875,-0.00132719
5.6540e-02,-0.043125,6.96875e-05
5.6550e-02,-0.0425,0.00185813
5.6560e-02,-0.0503125,0.00187719
5.6570e-02,-0.0434375,-8.4375e-06
5.6580e-02,-0.0445313,-0.00147563
5.6590e-02,-0.0479688,-0.00255281
5.6600e-02,-0.0478125,-0.00138438
5.6610e-02,-0.0407813,0.000783125
5.6620e-02,-0.0390625,0.00151063
5.6630e-02,-0.03625,0.000934688
5.6640e-02,-0.0504687,-0.0008175
5.6650e-02,-0.0371875,-0.00202656
5.6660e-02,-0.0401563,-0.00125469
5.6670e-02,-0.0471875,0.00045875
5.6680e-02,-0.038125,0.00206344
5.6690e-02,-0.0248438,0.00122094
5.6700e-02,-0.0454688,2.46875e-05
5.6710e-02,-0.0564063,-0.000470938
5.6720e-02,-0.0364063,-0.000305313
5.6730e-02,-0.041875,-0.000635
5.6740e-02,-0.0507812,0.000707188
5.6750e-02,-0.0376563,0.00128156
5.6760e-02,-0.0385937,-0.00041375
5.6770e-02,-0.0501562,-0.000875313
5.6780e-02,-0.0396875,-0.00156594
5.6790e-02,-0.0479688,-0.00067375
5.6800e-02,-0.0359375,0.00059625
5.6810e-02,-0.036875,0.000859688
5.6820e-02,-0.039375,0.000787813
5.6830e-02,-0.041875,-0.000270625
5.6840e-02,-0.0434375,-0.000842188
5.6850e-02,-0.0446875,-0.000949063
5.6860e-02,-0.0434375,-0.000615
5.6870e-02,-0.0364063,0.000675938
5.6880e-02,-0.045625,0.000744063
5.6890e-02,-0.0446875,-0.000179375
5.6900e-02,-0.0435938,-8.875e-05
5.6910e-02,-0.0370313,-0.00115344
5.6920e-02,-0.0379688,-0.0009225
5.6930e-02,-0.040625,-0.000406875
5.6940e-02,-0.046875,0.000779063
5.6950e-02,-0.0375,0.000708125
5.6960e-02,-0.0395313,0.000307188
5.6970e-02,-0.0315625,-0.00038125
5.6980e-02,-0.0476562,-0.000401875
5.6990e-02,-0.035625,0.0010975
5.7000e-02,-0.0420312,0.000594375
5.7010e-02,-0.0346875,0.00106156
5.7020e-02,-0.0440625,0.00034875
5.7030e-02,-0.0367188,-0.000453125
5.7040e-02,-0.0484375,-0.000262187
5.7050e-02,-0.0428125,-0.000170313
5.7060e-02,-0.048125,-0.00052875
5.7070e-02,-0.030625,0.000999375
5.7080e-02,-0.046875,5.3125e-06
5.7090e-02,-0.0246875,-0.00023
5.7100e-02,-0.045625,1.5625e-05
5.7110e-02,-0.0442188,0.00016875
5.7120e-02,-0.0578125,0.0002075
5.7130e-02,-0.0492188,0.000334063
5.7140e-02,-0.0425,0.000192813
5.7150e-02,-0.045625,0.000365313
5.7160e-02,-0.0360938,5.65625e-05
5.7170e-02,-0.04875,-0.000171563
5.7180e-02,-0.0445313,-0.000409688
5.7190e-02,-0.0339062,0.000546875
5.7200e-02,-0.0457813,0.000686875
5.7210e-02,-0.0320312,0.000128437
5.7220e-02,-0.0451563,-5.09375e-05
5.7230e-02,-0.0439063,-0.000141875
5.7240e-02,-0.034375,-0.000195938
5.7250e-02,-0.031875,0.000206563
5.7260e-02,-0.0464062,0.000510625
5.7270e-02,-0.0403125,1.71875e-05
5.7280e-02,-0.0409375,0.000446563
5.7290e-02,-0.0520313,1.75e-05
5.7300e-02,-0.0467188,-1.8125e-05
5.7310e-02,-0.0501562,-0.00030375
5.7320e-02,-0.0475,-0.000129062
5.7330e-02,-0.0379688,-9.75e-05
5.7340e-02,-0.0453125,0.000155
5.7350e-02,-0.0440625,0.000105
5.7360e-02,-0.0392187,0.000390625
5.7370e-02,-0.0420312,-0.0003025
5.7380e-02,-0.0503125,-0.000417188
5.7390e-02,-0.0365625,-0.000265313
5.7400e-02,-0.0457813,-0.000514063
5.7410e-02,-0.043125,0.000106875
5.7420e-02,-0.0359375,0.00019875
5.7430e-02,-0.0353125,-0.000266875
5.7440e-02,-0.0426562,-0.000225625
5.7450e-02,-0.036875,-0.00030875
5.7460e-02,-0.0507812,0.000144375
5.7470e-02,-0.0510938,0.000557813
5.7480e-02,-0.0448438,-2.375e-05
5.7490e-02,-0.0351562,0.000269688
5.7500e-02,-0.0520313,1.71875e-05
5.7510e-02,-0.049375,0.000271563
5.7520e-02,-0.0495312,-0.00013375
5.7530e-02,-0.0367188,0.000222813
5.7540e-02,-0.035,0.000270625
5.7550e-02,-0.0185937,0.000205
5.7560e-02,-0.0432813,-0.000805625
5.7570e-02,-0.0351562,-0.000232813
5.7580e-02,-0.0335937,0.000615938
5.7590e-02,-0.04125,-0.000394063
5.7600e-02,-0.0365625,0.00034
5.7610e-02,-0.0496875,-0.000139688
5.7620e-02,-0.039375,0.00017875
5.7630e-02,-0.0521875,0.000384375
5.7640e-02,-0.0382813,0.000220938
5.7650e-02,-0.0420312,0.000494375
5.7660e-02,-0.0342187,0.000330938
5.7670e-02,-0.04375,0.000130313
5.7680e-02,-0.05125,-3.25e-05
5.7690e-02,-0.0492188,-0.000203125
5.7700e-02,-0.0390625,-0.000303125
5.7710e-02,-0.0434375,-0.00111813
5.7720e-02,-0.045,-0.000153438
5.7730e-02,-0.0523437,0.00019625
5.7740e-02,-0.0496875,-0.000330938
5.7750e-02,-0.056875,-0.000315313
5.7760e-02,-0.050625,-0.000834688
5.7770e-02,-0.0464062,-0.000569375
5.7780e-02,-0.049375,-0.000472813
5.7790e-02,-0.0432813,-0.00042625
5.7800e-02,-0.0371875,0.00032125
5.7810e-02,-0.0417187,-4.6875e-05
5.7820e-02,-0.0451563,-0.00029375
5.7830e-02,-0.058125,0.000224375
5.7840e-02,-0.0460938,0.000527813
5.7850e-02,-0.0423437,0.0003475
5.7860e-02,-0.04625,-0.000236563
5.7870e-02,-0.041875,0.00051
5.7880e-02,-0.0482812,0.000319063
5.7890e-02,-0.0445313,0.0001625
5.7900e-02,-0.0475,0.000414688
5.7910e-02,-0.0446875,-0.00011
5.7920e-02,-0.0485938,0.000201875
5.7930e-02,-0.0407813,0.000360313
5.7940e-02,-0.0479688,5.625e-06
5.7950e-02,-0.0475,-0.000234375
5.7960e-02,-0.0445313,0.000455625
5.7970e-02,-0.034375,-3.3125e-05
5.7980e-02,-0.0485938,-2.40625e-05
5.7990e-02,-0.061875,0.000249063
5.8000e-02,-0.0345312,-0.000114688
5.8010e-02,-0.035,-4.53125e-05
5.8020e-02,-0.0501562,-0.000255938
5.8030e-02,-0.0476562,-0.000604375
5.8040e-02,-0.0460938,-0.0008325
5.8050e-02,-0.0504687,-0.00045625
5.8060e-02,-0.0523437,-0.000182188
5.8070e-02,-0.0501562,-0.000318438
5.8080e-02,-0.0345312,-6.21875e-05
5.8090e-02,-0.0532813,-0.000196563
5.8100e-02,-0.0321875,-0.00029375
5.8110e-02,-0.04,0.000277813
5.8120e-02,-0.0553125,0.000226875
5.8130e-02,-0.0503125,0.000214375
5.8140e-02,-0.0464062,0.000412813
5.8150e-02,-0.0532813,0.000275938
5.8160e-02,-0.0539063,9.3125e-05
5.8170e-02,-0.0515625,0.000488125
5.8180e-02,-0.0525,-0.000154063
5.8190e-02,-0.0459375,-0.000388438
5.8200e-02,-0.0409375,0.000290938
5.8210e-02,-0.056875,0.000114375
5.8220e-02,-0.0364063,0.000315938
5.8230e-02,-0.045,8.625e-05
5.8240e-02,-0.0392187,-5.78125e-05
5.8250e-02,-0.036875,-0.000136875
5.8260e-02,-0.0485938,-0.00038875
5.8270e-02,-0.0432813,-0.000338438
5.8280e-02,-0.050625,-0.000406875
5.8290e-02,-0.035,-0.000255313
5.8300e-02,-0.0432813,-0.000372188
5.8310e-02,-0.0457813,-7.375e-05
5.8320e-02,-0.0475,3.75e-06
5.8330e-02,-0.0342187,0.000496563
5.8340e-02,-0.0521875,0.000354688
5.8350e-02,-0.049375,0.000809688
5.8360e-02,-0.0451563,0.000125938
5.8370e-02,-0.0407813,-4.375e-05
5.8380e-02,-0.04125,0.000655
5.8390e-02,-0.0454688,7.78125e-05
5.8400e-02,-0.0389063,-0.000534063
5.8410e-02,-0.0392187,-0.000350938
5.8420e-02,-0.0485938,-0.000506875
5.8430e-02,-0.0473438,-0.000134375
5.8440e-02,-0.0575,0.00065375
5.8450e-02,-0.0554687,-0.000367813
5.8460e-02,-0.0476562,-0.000650938
5.8470e-02,-0.0415625,-0.000232188
5.8480e-02,-0.0439063,-0.000632188
5.8490e-02,-0.0459375,-2.28125e-05
5.8500e-02,-0.05125,0.000432188
5.8510e-02,-0.0451563,0.000391875
5.8520e-02,-0.0504687,-0.00031625
5.8530e-02,-0.0496875,0.000685938
5.8540e-02,-0.05125,0.0002775
5.8550e-02,-0.0485938,0.000401875
5.8560e-02,-0.05,5.625e-05
5.8570e-02,-0.0428125,0.000254063
5.8580e-02,-0.0375,-0.000245938
5.8590e-02,-0.0601562,2.5e-06
5.8600e-02,-0.0584375,0.000215938
5.8610e-02,-0.05625,5.25e-05
5.8620e-02,-0.0490625,0.000630313
5.8630e-02,-0.0485938,0.0002525
5.8640e-02,-0.0420312,-9.875e-05
5.8650e-02,-0.0553125,0.00115531
5.8660e-02,-0.0532813,-6e-05
5.8670e-02,-0.0410937,-0.000758438
5.8680e-02,-0.0390625,-0.000505938
5.8690e-02,-0.0442188,6.03125e-05
5.8700e-02,-0.0346875,-0.000169688
5.8710e-02,-0.0540625,0.000500625
5.8720e-02,-0.0479688,-0.000400625
5.8730e-02,-0.0590625,-0.000497188
5.8740e-02,-0.0584375,0.000365625
5.8750e-02,-0.0425,0.000329688
5.8760e-02,-0.0414063,-0.000185
5.8770e-02,-0.0579687,0.000246875
5.8780e-02,-0.0553125,8.75e-05
5.8790e-02,-0.0582813,-0.000247188
5.8800e-02,-0.048125,6.78125e-05
5.8810e-02,-0.0454688,0.00013125
5.8820e-02,-0.0498438,0.0003725
5.8830e-02,-0.0420312,-0.000165313
5.8840e-02,-0.0407813,0.000590625
5.8850e-02,-0.0671875,-0.00054375
5.8860e-02,-0.0385937,-0.0005425
5.8870e-02,-0.0539063,-0.000695
5.8880e-02,-0.0564063,-0.000274375
5.8890e-02,-0.0414063,0.000128437
5.8900e-02,-0.044375,-0.000452188
5.8910e-02,-0.046875,-0.000939375
5.8920e-02,-0.0484375,-0.000422813
5.8930e-02,-0.0482812,-0.000184063
5.8940e-02,-0.058125,-0.000125313
5.8950e-02,-0.0529687,-4.0625e-05
5.8960e-02,-0.0542187,-4.59375e-05
5.8970e-02,-0.0432813,9.59375e-05
5.8980e-02,-0.055625,-0.000290313
5.8990e-02,-0.0426562,-0.000159688
5.9000e-02,-0.064375,0.000135313
5.9010e-02,-0.0620312,0.000198125
5.9020e-02,-0.0417187,0.000401875
5.9030e-02,-0.043125,0.000285313
5.9040e-02,-0.0520313,-0.000343438
5.9050e-02,-0.0417187,-0.000161875
5.9060e-02,-0.0476562,9.5e-05
5.9070e-02,-0.0446875,0.000255
5.9080e-02,-0.049375,-6.4375e-05
5.9090e-02,-0.04375,0.000288438
5.9100e-02,-0.04375,-0.000115313
5.9110e-02,-0.0495312,-0.000582812
5.9120e-02,-0.0446875,-0.000102188
5.9130e-02,-0.0471875,-0.000435
5.9140e-02,-0.049375,-0.0001975
5.9150e-02,-0.0439063,-0.00026375
5.9160e-02,-0.0585938,-0.000286875
5.9170e-02,-0.0476562,4.875e-05
5.9180e-02,-0.0465625,-6.34375e-05
5.9190e-02,-0.04125,0.000296875
5.9200e-02,-0.0475,0.000739688
5.9210e-02,-0.0334375,-0.000146563
5.9220e-02,-0.0542187,-0.000374063
5.9230e-02,-0.0526563,-0.000626563
5.9240e-02,-0.045625,0.000371563
5.9250e-02,-0.0545313,0.000103438
5.9260e-02,-0.0632812,0.00018
5.9270e-02,-0.0482812,4.8125e-05
5.9280e-02,-0.05375,0.000241563
5.9290e-02,-0.0515625,-1.1875e-05
5.9300e-02,-0.0529687,-0.000177813
5.9310e-02,-0.0434375,-0.000355313
5.9320e-02,-0.0546875,-0.000167813
5.9330e-02,-0.031875,-0.000230313
5.9340e-02,-0.0415625,-0.00028875
5.9350e-02,-0.0517188,0.000346563
5.9360e-02,-0.0401563,4.0625e-05
5.9370e-02,-0.049375,0.000204063
5.9380e-02,-0.0501562,0.000457188
5.9390e-02,-0.05,0.00019125
5.9400e-02,-0.0603125,0.000325625
5.9410e-02,-0.0570313,0.000302813
5.9420e-02,-0.0415625,-2.90625e-05
5.9430e-02,-0.0525,0.0003875
5.9440e-02,-0.0482812,0.000515625
5.9450e-02,-0.0332812,2.875e-05
5.9460e-02,-0.0479688,-3.40625e-05
5.9470e-02,-0.0475,0.00036125
5.9480e-02,-0.0490625,-8.1875e-05
5.9490e-02,-0.0503125,-0.0005075
5.9500e-02,-0.0485938,0.000467188
5.9510e-02,-0.0465625,-0.000164688
5.9520e-02,-0.0426562,0.000392813
5.9530e-02,-0.0414063,8.78125e-05
5.9540e-02,-0.04375,9.875e-05
5.9550e-02,-0.0564063,0.00027875
5.9560e-02,-0.0454688,0.00050375
5.9570e-02,-0.035625,-0.000302813
5.9580e-02,-0.0454688,-0.000657188
5.9590e-02,-0.0575,0.000264063
5.9600e-02,-0.0348437,-0.000188125
5.9610e-02,-0.0525,-0.000329375
5.9620e-02,-0.044375,-7.40625e-05
5.9630e-02,-0.044375,0.00048
5.9640e-02,-0.0454688,0.0002125
5.9650e-02,-0.0521875,-0.000150625
5.9660e-02,-0.0476562,-0.000327188
5.9670e-02,-0.0498438,1.0625e-05
5.9680e-02,-0.0523437,-0.0002075
5.9690e-02,-0.054375,-0.000313438
5.9700e-02,-0.0414063,-0.000332188
5.9710e-02,-0.0425,-0.000543125
5.9720e-02,-0.0490625,-0.000314688
5.9730e-02,-0.0440625,-0.000234688
5.9740e-02,-0.053125,9.625e-05
5.9750e-02,-0.0473438,0.000402188
5.9760e-02,-0.0540625,0.000247188
5.9770e-02,-0.0517188,0.00033625
5.9780e-02,-0.0546875,0.000589688
5.9790e-02,-0.0482812,0.00024375
5.9800e-02,-0.0489062,-0.000136875
5.9810e-02,-0.0403125,-0.000123438
5.9820e-02,-0.05375,0.000581563
5.9830e-02,-0.0540625,-5.28125e-05
5.9840e-02,-0.0465625,-0.000340625
5.9850e-02,-0.0465625,-0.000267813
5.9860e-02,-0.0442188,-0.000970313
5.9870e-02,-0.05125,-0.00052625
5.9880e-02,-0.0546875,3.21875e-05
5.9890e-02,-0.035,0.0009275
5.9900e-02,-0.0467188,-0.0002875
5.9910e-02,-0.0539063,-0.000430625
5.9920e-02,-0.0496875,0.000390625
5.9930e-02,-0.050625,0.000198125
5.9940e-02,-0.0528125,0.000264063
5.9950e-02,-0.0565625,0.00057
5.9960e-02,-0.0576563,0.000189688
5.9970e-02,-0.05125,0.00106031
5.9980e-02,-0.0401563,0.00016375
5.9990e-02,-0.0407813,-0.000742188
6.0000e-02,-0.0401563,-0.000349375
6.0010e-02,-0.0475,0.000489063
6.0020e-02,-0.0465625,0.000594063
6.0030e-02,-0.04625,0.000341875
6.0040e-02,-0.045625,-0.00010625
6.0050e-02,-0.0417187,-0.000935625
6.0060e-02,-0.0470312,-0.000710313
6.0070e-02,-0.049375,-0.00124438
6.0080e-02,-0.0484375,0.000295938
6.0090e-02,-0.0559375,-0.000368438
6.0100e-02,-0.0503125,-0.000665938
6.0110e-02,-0.04625,-0.000590313
6.0120e-02,-0.0485938,-0.0013375
6.0130e-02,-0.0554687,-0.000707813
6.0140e-02,-0.0476562,0.000929375
6.0150e-02,-0.050625,0.00156344
6.0160e-02,-0.0426562,0.0005475
6.0170e-02,-0.0507812,8.78125e-05
6.0180e-02,-0.0453125,-0.000801875
6.0190e-02,-0.0360938,-0.000347813
6.0200e-02,-0.0525,0.000617813
6.0210e-02,-0.0504687,0.000715313
6.0220e-02,-0.0645312,0.00120031
6.0230e-02,-0.0589063,-0.000279688
6.0240e-02,-0.0470312,-0.00110781
6.0250e-02,-0.049375,-0.00151906
6.0260e-02,-0.0439063,-0.000712188
6.0270e-02,-0.05125,0.000295938
6.0280e-02,-0.0432813,0.00120219
6.0290e-02,-0.0375,0.00105594
6.0300e-02,-0.0509375,-0.000183125
6.0310e-02,-0.0540625,-0.000836563
6.0320e-02,-0.0439063,-0.00132344
6.0330e-02,-0.0628125,4.6875e-05
6.0340e-02,-0.0485938,0.00235281
6.0350e-02,-0.0521875,0.00217875
6.0360e-02,-0.0417187,0.000548125
6.0370e-02,-0.0460938,-0.000467188
6.0380e-02,-0.0526563,-0.00144125
6.0390e-02,-0.046875,-0.000755938
6.0400e-02,-0.0498438,0.000115313
6.0410e-02,-0.0526563,0.00155406
6.0420e-02,-0.0464062,0.00165469
6.0430e-02,-0.0503125,0.00140813
6.0440e-02,-0.0470312,0.0017625
6.0450e-02,-0.0523437,0.0015925
6.0460e-02,-0.0457813,0.00156563
6.0470e-02,-0.05375,0.00160375
6.0480e-02,-0.0346875,0.00149719
6.0490e-02,-1.50453,-0.000449063
6.0500e-02,-0.622031,-0.00408844
6.0510e-02,-0.95,-0.0063875
6.0520e-02,-0.977031,-0.00743875
6.0530e-02,0.215313,-0.00773625
6.0540e-02,0.0921875,-0.00757313
6.0550e-02,0.088125,-0.00738031
6.0560e-02,0.0676563,-0.00770438
6.0570e-02,0.0592188,-0.00732219
6.0580e-02,0.0525,-0.00748031
6.0590e-02,0.0628125,-0.00738188
6.0600e-02,0.0604688,-0.00739719
6.0610e-02,0.0484375,-0.00762813
6.0620e-02,0.0445312,-0.00734813
6.0630e-02,0.0360937,-0.00737031
6.0640e-02,0.0460938,-0.00726813
6.0650e-02,0.0271875,-0.00731719
6.0660e-02,0.0264063,-0.00719219
6.0670e-02,0.0232812,-0.00737969
6.0680e-02,0.0275,-0.00735844
6.0690e-02,0.0332812,-0.00728344
6.0700e-02,0.0090625,-0.00733031
6.0710e-02,0.008125,-0.00729719
6.0720e-02,0.010625,-0.00727438
6.0730e-02,0.03375,-0.00727656
6.0740e-02,0.00953125,-0.00650969
6.0750e-02,0.0065625,-0.00176563
6.0760e-02,-0.00046875,0.00102125
6.0770e-02,0.0176563,0.00073625
6.0780e-02,0.00625,-0.000902813
6.0790e-02,0.0117188,-0.00154375
6.0800e-02,0.00484375,-0.00173656
6.0810e-02,0.00796875,-0.00017
6.0820e-02,0.0135937,0.00107563
6.0830e-02,-0.0028125,0.00176031
6.0840e-02,0.003125,0.000205
6.0850e-02,0.00109375,-0.00126
6.0860e-02,0.0153125,-0.00188656
6.0870e-02,-0.00984375,1.875e-05
6.0880e-02,0.000625,0.00176031
6.0890e-02,-0.001875,0.00135875
6.0900e-02,0.0059375,0.00075625
6.0910e-02,-0.0009375,-0.000569063
6.0920e-02,-0.0025,-0.00199438
6.0930e-02,-0.018125,-0.00114219
6.0940e-02,-0.00390625,0.000349375
6.0950e-02,-0.0025,0.000934063
6.0960e-02,0.00171875,0.000931875
6.0970e-02,-0.0096875,0.000768125
6.0980e-02,-0.00015625,-0.00021625
6.0990e-02,0.0021875,-0.000824375
6.1000e-02,0.00234375,0.00034125
6.1010e-02,-0.0123438,5.875e-05
6.1020e-02,0.00296875,-5.5e-05
6.1030e-02,-0.0071875,0.000974688
6.1040e-02,0.00171875,-0.000178125
6.1050e-02,0.004375,-0.000435
6.1060e-02,-0.01375,-0.000109063
6.1070e-02,-0.0126563,0.000789688
6.1080e-02,-0.00703125,0.00014875
6.1090e-02,0.0121875,0.000335
6.1100e-02,-0.0179687,-0.000623125
6.1110e-02,-0.0117188,-0.000222813
6.1120e-02,-0.0151562,-0.000203438
6.1130e-02,-0.00359375,-0.000115625
6.1140e-02,-0.0151562,0.000535625
6.1150e-02,-0.01375,0.000919688
6.1160e-02,-0.0145312,0.000475938
6.1170e-02,-0.00921875,7.84375e-05
6.1180e-02,-0.013125,-0.000937188
6.1190e-02,0,-0.00083
6.1200e-02,-0.0134375,0.000100313
6.1210e-02,-0.0096875,0.00058
6.1220e-02,-0.0021875,0.000858438
6.1230e-02,-0.0123438,0.000900625
6.1240e-02,-0.0157813,-0.000720625
6.1250e-02,-0.00296875,-0.000331875
6.1260e-02,-0.011875,-0.000264063
6.1270e-02,-0.0134375,0.000231563
6.1280e-02,-0.0114062,-8.21875e-05
6.1290e-02,-0.0167188,-0.00038625
6.1300e-02,-0.0232812,-0.000244063
6.1310e-02,-0.0139063,-0.000409063
6.1320e-02,-0.0071875,-0.000130625
6.1330e-02,-0.0101563,-7.4375e-05
6.1340e-02,-0.0260937,0.0005175
6.1350e-02,-0.01375,0.00107594
6.1360e-02,-0.00859375,-0.000144063
6.1370e-02,-0.00703125,-0.000550625
6.1380e-02,-0.00953125,-0.000492188
6.1390e-02,-0.018125,-0.000454688
6.1400e-02,-0.0229687,-0.000247188
6.1410e-02,-0.00796875,-3.09375e-05
6.1420e-02,-0.0226562,-0.000569063
6.1430e-02,-0.00734375,-0.0005475
6.1440e-02,-0.0173438,-0.000116875
6.1450e-02,-0.0132813,-0.000120625
6.1460e-02,-0.0179687,0.000289688
6.1470e-02,-0.0151562,-5.0625e-05
6.1480e-02,-0.02,-0.000660313
6.1490e-02,-0.00953125,-0.000264063
6.1500e-02,-0.019375,-0.000276563
6.1510e-02,-0.0215625,-0.0004025
6.1520e-02,-0.0165625,-0.0004375
6.1530e-02,-0.0132813,5.53125e-05
6.1540e-02,-0.0065625,0.000724688
6.1550e-02,-0.0257812,0.0002
6.1560e-02,-0.02,7.40625e-05
6.1570e-02,-0.0221875,0.000297188
6.1580e-02,-0.024375,0.000153438
6.1590e-02,-0.0198438,0.000549375
6.1600e-02,-0.0134375,0.000468438
6.1610e-02,-0.0229687,0.000296875
6.1620e-02,-0.0220313,-7.71875e-05
6.1630e-02,-0.0259375,-0.00027875
6.1640e-02,-0.0157813,-0.0002825
6.1650e-02,-0.0178125,-0.000155938
6.1660e-02,-0.0282813,0.000164063
6.1670e-02,-0.023125,-0.00024875
6.1680e-02,-0.0207813,0.000341875
6.1690e-02,-0.0267187,0.000654688
6.1700e-02,-0.0223437,-0.000212188
6.1710e-02,-0.0109375,-0.000455938
6.1720e-02,-0.0190625,-0.000210625
6.1730e-02,-0.0189062,0.000565625
6.1740e-02,-0.0259375,0.00090375
6.1750e-02,-0.0190625,0.000359688
6.1760e-02,-0.03,0.000320938
6.1770e-02,-0.0259375,-0.000175938
6.1780e-02,-0.00859375,-0.0004275
6.1790e-02,-0.0321875,-0.00034375
6.1800e-02,-0.011875,-8.3125e-05
6.1810e-02,-0.0165625,-0.000140938
6.1820e-02,-0.0192187,0.000192188
6.1830e-02,-0.0314062,-0.000249063
6.1840e-02,-0.0182812,-0.000277188
6.1850e-02,-0.0190625,1.0625e-05
6.1860e-02,-0.029375,0.000139375
6.1870e-02,-0.0257812,6.96875e-05
6.1880e-02,-0.0232812,0.000543438
6.1890e-02,-0.020625,4.78125e-05
6.1900e-02,-0.0254688,-0.000378438
6.1910e-02,-0.0175,-0.000242813
6.1920e-02,-0.0195312,0.000189063
6.1930e-02,-0.0304688,0.000327813
6.1940e-02,-0.0164063,-4.78125e-05
6.1950e-02,-0.0351562,-0.000722813
6.1960e-02,-0.0245313,-0.0002825
6.1970e-02,-0.016875,-0.000484063
6.1980e-02,-0.0120313,-0.000787188
6.1990e-02,-0.0209375,-5.28125e-05
6.2000e-02,-0.0321875,-0.000165313
6.2010e-02,-0.0314062,0.000296875
6.2020e-02,-0.0279688,-5.34375e-05
6.2030e-02,-0.0228125,0.00021625
6.2040e-02,-0.028125,0.000283125
6.2050e-02,-0.0229687,-0.000435625
6.2060e-02,-0.0246875,0.000267188
6.2070e-02,-0.0140625,6.78125e-05
6.2080e-02,-0.0242188,-0.000190313
6.2090e-02,-0.0323438,-0.000565313
6.2100e-02,-0.0209375,0.000279063
6.2110e-02,-0.0290625,0.00038125
6.2120e-02,-0.0396875,-2.75e-05
6.2130e-02,-0.02375,0.000278438
6.2140e-02,-0.0315625,-0.000512813
6.2150e-02,-0.0295313,0.000199688
6.2160e-02,-0.0314062,-5.84375e-05
6.2170e-02,-0.025,-0.000319688
6.2180e-02,-0.0292188,-0.000440625
6.2190e-02,-0.025625,0.00062875
6.2200e-02,-0.041875,-0.00086625
6.2210e-02,-0.0332812,-0.00022125
6.2220e-02,-0.0332812,0.000352188
6.2230e-02,-0.0298438,0.00030125
6.2240e-02,-0.0409375,0.000129688
6.2250e-02,-0.018125,0.00027625
6.2260e-02,-0.0315625,7.8125e-05
6.2270e-02,-0.0234375,0.0003675
6.2280e-02,-0.0365625,0.000128125
6.2290e-02,-0.029375,0.00027875
6.2300e-02,-0.0304688,-0.000373438
6.2310e-02,-0.0292188,-8.75e-06
6.2320e-02,-0.0217188,-0.000279375
6.2330e-02,-0.0285938,0.000208438
6.2340e-02,-0.034375,-0.000579063
6.2350e-02,-0.0220313,-0.000327188
6.2360e-02,-0.0371875,-0.000454688
6.2370e-02,-0.0279688,5.46875e-05
6.2380e-02,-0.0373438,-0.000303125
6.2390e-02,-0.0360938,-0.000165625
6.2400e-02,-0.0260937,0.000195
6.2410e-02,-0.0309375,-0.000179375
6.2420e-02,-0.0245313,-0.000435938
6.2430e-02,-0.0365625,6.03125e-05
6.2440e-02,-0.0298438,5.34375e-05
6.2450e-02,-0.035,0.000668438
6.2460e-02,-0.0251563,0.000278438
6.2470e-02,-0.0232812,0.000105313
6.2480e-02,-0.031875,0.000247813
6.2490e-02,-0.0259375,0.000166563
6.2500e-02,-0.0257812,-0.000762813
6.2510e-02,-0.0242188,-0.000785
6.2520e-02,-0.044375,-0.00050375
6.2530e-02,-0.0321875,0.000711875
6.2540e-02,-0.0325,0.00027625
6.2550e-02,-0.0289063,0.000246563
6.2560e-02,-0.0198438,0.000166875
6.2570e-02,-0.019375,-0.000539375
6.2580e-02,-0.0345312,-0.000544688
6.2590e-02,-0.025,-0.00072
6.2600e-02,-0.03,-0.000429063
6.2610e-02,-0.0304688,-0.00036375
6.2620e-02,-0.0192187,0.00010875
6.2630e-02,-0.0284375,-0.000423438
6.2640e-02,-0.0371875,-0.000174375
6.2650e-02,-0.0276563,4.34375e-05
6.2660e-02,-0.03875,0.000422188
6.2670e-02,-0.0467188,0.00051625
6.2680e-02,-0.0276563,0.000690313
6.2690e-02,-0.045625,0.000382813
6.2700e-02,-0.0396875,0.000167813
6.2710e-02,-0.0271875,0.000303125
6.2720e-02,-0.0382813,0.000313125
6.2730e-02,-0.01875,0.000527188
6.2740e-02,-0.0279688,-0.000197813
6.2750e-02,-0.0384375,0.0003225
6.2760e-02,-0.0376563,-0.000959688
6.2770e-02,-0.015625,-0.00086125
6.2780e-02,-0.0284375,-2.5625e-05
6.2790e-02,-0.04,0.000215625
6.2800e-02,-0.0429688,-0.00045
6.2810e-02,-0.0246875,-1.875e-05
6.2820e-02,-0.0378125,0.000122813
6.2830e-02,-0.02875,-0.000567188
6.2840e-02,-0.028125,4.6875e-06
6.2850e-02,-0.034375,0.000923438
6.2860e-02,-0.033125,0.000489687
6.2870e-02,-0.036875,-0.000338125
6.2880e-02,-0.0353125,-4.90625e-05
6.2890e-02,-0.0310937,-0.000671563
6.2900e-02,-0.0464062,-0.000159688
6.2910e-02,-0.0353125,0.000370625
6.2920e-02,-0.03375,0.000318438
6.2930e-02,-0.0335937,-0.000339688
6.2940e-02,-0.0351562,-0.000683438
6.2950e-02,-0.0323438,0.000185313
6.2960e-02,-0.036875,8.34375e-05
6.2970e-02,-0.0253125,-0.000497812
6.2980e-02,-0.0296875,3.09375e-05
6.2990e-02,-0.0329688,-4.6875e-05
6.3000e-02,-0.0310937,-0.000329375
6.3010e-02,-0.0409375,-0.000470313
6.3020e-02,-0.0365625,0.0004375
6.3030e-02,-0.0325,0.000307188
6.3040e-02,-0.0364063,0.000289375
6.3050e-02,-0.0382813,0.000136875
6.3060e-02,-0.0382813,0.0004975
6.3070e-02,-0.0345312,0.000621875
6.3080e-02,-0.0410937,0.000170313
6.3090e-02,-0.0420312,-0.00030625
6.3100e-02,-0.028125,0.000529375
6.3110e-02,-0.0257812,0.000491563
6.3120e-02,-0.0364063,-0.000242188
6.3130e-02,-0.0284375,-0.000705625
6.3140e-02,-0.0270312,-0.000503438
6.3150e-02,-0.0475,-0.000546563
6.3160e-02,-0.0365625,-0.00105375
6.3170e-02,-0.0389063,0.000645625
6.3180e-02,-0.0309375,0.000440313
6.3190e-02,-0.03875,6.28125e-05
6.3200e-02,-0.0414063,-0.0002475
6.3210e-02,-0.03625,4.84375e-05
6.3220e-02,-0.0259375,0.000125313
6.3230e-02,-0.0429688,-0.000922188
6.3240e-02,-0.0364063,0.000227813
6.3250e-02,-0.0275,-1.625e-05
6.3260e-02,-0.0275,0.000452188
6.3270e-02,-0.0267187,0.000436563
6.3280e-02,-0.0298438,0.000430625
6.3290e-02,-0.0367188,0.00033875
6.3300e-02,-0.0328125,0.00026625
6.3310e-02,-0.036875,0.0004325
6.3320e-02,-0.039375,-0.000419063
6.3330e-02,-0.04625,-0.000552813
6.3340e-02,-0.0395313,-0.000191875
6.3350e-02,-0.0353125,0.000387188
6.3360e-02,-0.0410937,0.000659063
6.3370e-02,-0.0335937,0.000473438
6.3380e-02,-0.0317188,0.000179688
6.3390e-02,-0.0375,-8e-05
6.3400e-02,-0.053125,-0.000304375
6.3410e-02,-0.0396875,-0.0003425
6.3420e-02,-0.0407813,-0.000357813
6.3430e-02,-0.0360938,0.000400313
6.3440e-02,-0.0335937,-0.00042125
6.3450e-02,-0.0351562,-0.0002775
6.3460e-02,-0.0410937,0.000438125
6.3470e-02,-0.0392187,-8.375e-05
6.3480e-02,-0.044375,-0.000350625
6.3490e-02,-0.02625,0.00032875
6.3500e-02,-0.04,-7.53125e-05
6.3510e-02,-0.0314062,-0.000123438
6.3520e-02,-0.034375,4.9375e-05
6.3530e-02,-0.0271875,-0.000750625
6.3540e-02,-0.043125,0.0001675
6.3550e-02,-0.0289063,-0.000108125
6.3560e-02,-0.0410937,0.000400938
6.3570e-02,-0.0320312,0.000404063
6.3580e-02,-0.035625,-5.5e-05
6.3590e-02,-0.0346875,-0.000414688
6.3600e-02,-0.0320312,9.6875e-06
6.3610e-02,-0.0303125,0.000117813
6.3620e-02,-0.0370313,0.0004525
6.3630e-02,-0.0510938,-0.000594063
6.3640e-02,-0.04125,-0.000444063
6.3650e-02,-0.0464062,-0.0004375
6.3660e-02,-0.0329688,4.21875e-05
6.3670e-02,-0.0342187,0.00029
6.3680e-02,-0.0264062,0.000204375
6.3690e-02,-0.03125,0.000376563
6.3700e-02,-0.0320312,-3.9375e-05
6.3710e-02,-0.0445313,0.000243125
6.3720e-02,-0.0459375,0.000546875
6.3730e-02,-0.0390625,0.000164063
6.3740e-02,-0.0382813,6.125e-05
6.3750e-02,-0.0409375,-0.000367813
6.3760e-02,-0.0426562,-0.000503438
6.3770e-02,-0.0335937,0.000577813
6.3780e-02,-0.0370313,-5.09375e-05
6.3790e-02,-0.0439063,0.000108125
6.3800e-02,-0.0492188,-0.000560313
6.3810e-02,-0.0529687,-0.00021875
6.3820e-02,-0.0398437,-3.125e-06
6.3830e-02,-0.033125,0.000102188
6.3840e-02,-0.0420312,0.000515938
6.3850e-02,-0.0276563,0.000973438
6.3860e-02,-0.0440625,2.28125e-05
6.3870e-02,-0.0392187,-0.000125625
6.3880e-02,-0.0454688,-0.000149063
6.3890e-02,-0.0357813,0.000554375
6.3900e-02,-0.0409375,-9.625e-05
6.3910e-02,-0.0428125,0.00023625
6.3920e-02,-0.0482812,0.0002675
6.3930e-02,-0.0426562,-0.000405313
6.3940e-02,-0.049375,-0.000214375
6.3950e-02,-0.035,-0.000852813
6.3960e-02,-0.0360938,0.000324063
6.3970e-02,-0.0420312,0.00108062
6.3980e-02,-0.0270312,0.000381875
6.3990e-02,-0.049375,0.000187188
6.4000e-02,-0.0464062,-0.00122625
6.4010e-02,-0.0395313,-0.00114531
6.4020e-02,-0.03875,-0.000475
6.4030e-02,-0.041875,-0.000270938
6.4040e-02,-0.036875,-0.000269688
6.4050e-02,-0.043125,0.0006325
6.4060e-02,-0.036875,-0.0006775
6.4070e-02,-0.0403125,-0.000510313
6.4080e-02,-0.0535937,-0.000573438
6.4090e-02,-0.0473438,-0.000385938
6.4100e-02,-0.0301563,0.00032
6.4110e-02,-0.0414063,-0.000379375
6.4120e-02,-0.0410937,-0.0008575
6.4130e-02,-0.0428125,-0.00093125
6.4140e-02,-0.0423437,-0.00057125
6.4150e-02,-0.0351562,-0.000476563
6.4160e-02,-0.0392187,0.00058375
6.4170e-02,-0.0495312,0.000961875
6.4180e-02,-0.0490625,-7.65625e-05
6.4190e-02,-0.048125,1.34375e-05
6.4200e-02,-0.0348437,-0.000435313
6.4210e-02,-0.0317188,-5.625e-05
6.4220e-02,-0.0367188,0.000790938
6.4230e-02,-0.04875,0.000985625
6.4240e-02,-0.0459375,-0.000339063
6.4250e-02,-0.038125,-0.00023625
6.4260e-02,-0.045625,-0.000809375
6.4270e-02,-0.031875,-0.000615625
6.4280e-02,-0.0310937,0.000505
6.4290e-02,-0.0414063,0.00145781
6.4300e-02,-0.0521875,0.00049625
6.4310e-02,-0.05,-0.000713125
6.4320e-02,-0.040625,-0.00132625
6.4330e-02,-0.0454688,-0.00179813
6.4340e-02,-0.0448438,-0.000730313
6.4350e-02,-0.0475,0.00116375
6.4360e-02,-0.0448438,0.00136781
6.4370e-02,-0.0473438,0.000684375
6.4380e-02,-0.0490625,-0.00077125
6.4390e-02,-0.039375,-0.0014725
6.4400e-02,-0.045,-0.00114938
6.4410e-02,-0.0453125,0.000640313
6.4420e-02,-0.0367188,0.00219094
6.4430e-02,-0.0403125,0.00131375
6.4440e-02,-0.0298438,0.000511875
6.4450e-02,-0.0465625,-0.00178625
6.4460e-02,-0.0470312,-0.00190719
6.4470e-02,-0.0453125,-0.000303438
6.4480e-02,-0.0392187,0.00136719
6.4490e-02,-0.045625,0.00232156
6.4500e-02,-0.035,0.00227438
6.4510e-02,-0.0504687,0.000264375
6.4520e-02,-0.0460938,-0.00105406
6.4530e-02,-0.0364063,-0.00110406
6.4540e-02,-0.0529687,-8.65625e-05
6.4550e-02,-0.0454688,0.00164781
6.4560e-02,-0.0542187,0.00178875
6.4570e-02,-0.0451563,0.000760625
6.4580e-02,-0.0378125,-0.00113031
6.4590e-02,-0.0464062,-0.00166938
6.4600e-02,-0.054375,-0.0002375
6.4610e-02,-0.0415625,0.000893438
6.4620e-02,-0.0521875,0.00216156
6.4630e-02,-0.0414063,0.00151656
6.4640e-02,-0.03375,0.000175313
6.4650e-02,-0.043125,-0.00176969
6.4660e-02,-0.0321875,-0.00148844
6.4670e-02,-0.0392187,0.00032625
6.4680e-02,-0.0346875,0.00137219
6.4690e-02,-0.0432813,0.00132313
6.4700e-02,-0.0504687,0.000397188
6.4710e-02,-0.0367188,-0.000544375
6.4720e-02,-0.0490625,-0.00107094
6.4730e-02,-0.0326562,-0.00108375
6.4740e-02,-0.0482812,0.000360313
6.4750e-02,-0.0446875,0.00107094
6.4760e-02,-0.0354688,0.0001325
6.4770e-02,-0.0534375,-0.000375625
6.4780e-02,-0.0414063,-0.00127469
6.4790e-02,-0.0460938,-0.000719688
6.4800e-02,-0.035625,-7.46875e-05
6.4810e-02,-0.0390625,0.0011175
6.4820e-02,-0.043125,0.0012775
6.4830e-02,-0.0421875,0.0009025
6.4840e-02,-0.0371875,-0.000136875
6.4850e-02,-0.0539063,-0.000730313
6.4860e-02,-0.0364063,-0.000455625
6.4870e-02,-0.0554687,-0.000245313
6.4880e-02,-0.0473438,0.00042625
6.4890e-02,-0.0396875,0.000667813
6.4900e-02,-0.0429688,-0.000250313
6.4910e-02,-0.0501562,-0.000329688
6.4920e-02,-0.030625,-0.00022875
6.4930e-02,-0.0520313,6.59375e-05
6.4940e-02,-0.0501562,0.000294062
6.4950e-02,-0.0429688,0.000612188
6.4960e-02,-0.050625,-0.000225625
6.4970e-02,-0.0439063,-0.000525313
6.4980e-02,-0.04875,-0.000359688
6.4990e-02,-0.0464062,-0.000190938
6.5000e-02,-0.0345312,0.000395
6.5010e-02,-0.0421875,0.00010625
6.5020e-02,-0.0403125,-0.000209688
6.5030e-02,-0.0370313,-0.00074125
6.5040e-02,-0.0382813,-0.000702813
6.5050e-02,-0.0454688,-0.0004325
6.5060e-02,-0.0579687,0.00113469
6.5070e-02,-0.0514063,0.000524688
6.5080e-02,-0.0440625,0.000725938
6.5090e-02,-0.038125,0.000472813
6.5100e-02,-0.0442188,2.6875e-05
6.5110e-02,-0.0385937,-0.000197813
6.5120e-02,-0.0473438,0.000212813
6.5130e-02,-0.03,0.00092
6.5140e-02,-0.0359375,0.00072125
6.5150e-02,-0.0371875,-3.0625e-05
6.5160e-02,-0.0396875,-0.00030625
6.5170e-02,-0.0389063,-0.0005775
6.5180e-02,-0.041875,-0.000668438
6.5190e-02,-0.0420312,0.000159063
6.5200e-02,-0.0509375,0.000570938
6.5210e-02,-0.0326562,0.0008125
6.5220e-02,-0.04625,-0.000106875
6.5230e-02,-0.0515625,-0.000314063
6.5240e-02,-0.0453125,7.53125e-05
6.5250e-02,-0.0589063,-0.000325313
6.5260e-02,-0.04125,-0.000266875
6.5270e-02,-0.0471875,4.25e-05
6.5280e-02,-0.048125,0.00015125
6.5290e-02,-0.0560937,-0.00072125
6.5300e-02,-0.0339062,-0.000465625
6.5310e-02,-0.0498438,-0.000713125
6.5320e-02,-0.0382813,-0.000215
6.5330e-02,-0.0428125,-0.00022625
6.5340e-02,-0.0496875,5.0625e-05
6.5350e-02,-0.0473438,-0.000609688
6.5360e-02,-0.0415625,0.0001275
6.5370e-02,-0.043125,-0.000767813
6.5380e-02,-0.0510938,-0.00028125
6.5390e-02,-0.0457813,5.375e-05
6.5400e-02,-0.0340625,0.000162813
6.5410e-02,-0.044375,-0.000577813
6.5420e-02,-0.0471875,-0.000346563
6.5430e-02,-0.0439063,-0.00021375
6.5440e-02,-0.0451563,-2.25e-05
6.5450e-02,-0.0439063,0.000549688
6.5460e-02,-0.048125,0.000589375
6.5470e-02,-0.0392187,7.96875e-05
6.5480e-02,-0.0557813,1.3125e-05
6.5490e-02,-0.0340625,-0.00092125
6.5500e-02,-0.0357813,-0.000234688
6.5510e-02,-0.0420312,-0.00054875
6.5520e-02,-0.0509375,6.75e-05
6.5530e-02,-0.0573437,0.000500938
6.5540e-02,-0.0365625,0.000838125
6.5550e-02,-0.0326562,-0.000405938
6.5560e-02,-0.05125,-0.0007325
6.5570e-02,-0.0485938,-0.000173125
6.5580e-02,-0.0389063,0.000341875
6.5590e-02,-0.0432813,3.71875e-05
6.5600e-02,-0.05,0.000899688
6.5610e-02,-0.0448438,0.000644688
6.5620e-02,-0.0432813,-0.000478125
6.5630e-02,-0.04375,-0.000422813
6.5640e-02,-0.0457813,-0.000135625
6.5650e-02,-0.0340625,-0.00046875
6.5660e-02,-0.0401563,-0.00038625
6.5670e-02,-0.0520313,-0.000327188
6.5680e-02,-0.0517188,0.000287813
6.5690e-02,-0.0451563,-5.1875e-05
6.5700e-02,-0.0442188,-0.000410625
6.5710e-02,-0.0535937,-0.000496563
6.5720e-02,-0.0401563,0.00063875
6.5730e-02,-0.0535937,8.5625e-05
6.5740e-02,-0.0523437,-0.000540312
6.5750e-02,-0.05,-0.000212813
6.5760e-02,-0.0428125,-0.000234375
6.5770e-02,-0.044375,0.000157188
6.5780e-02,-0.0484375,0.000431875
6.5790e-02,-0.0476562,-0.000505313
6.5800e-02,-0.0426562,3.90625e-05
6.5810e-02,-0.0395313,-0.000244688
6.5820e-02,-0.0329688,-0.000359375
6.5830e-02,-0.0390625,-3.0625e-05
6.5840e-02,-0.048125,0.000470938
6.5850e-02,-0.0526563,-8.4375e-05
6.5860e-02,-0.041875,-0.000218438
6.5870e-02,-0.0370313,0.000452188
6.5880e-02,-0.0420312,-0.00026125
6.5890e-02,-0.0515625,-0.000249375
6.5900e-02,-0.0423437,-0.000810313
6.5910e-02,-0.0417187,-0.000314375
6.5920e-02,-0.0492188,0.000219375
6.5930e-02,-0.03625,-9.125e-05
6.5940e-02,-0.0501562,0.000521562
6.5950e-02,-0.0448438,-0.000146875
6.5960e-02,-0.0507812,0.000356875
6.5970e-02,-0.0475,-0.000189375
6.5980e-02,-0.0471875,-0.000147188
6.5990e-02,-0.04875,-0.000566563
6.6000e-02,-0.04375,-0.000179063
6.6010e-02,-0.0484375,0.000225938
6.6020e-02,-0.0467188,4e-05
6.6030e-02,-0.0417187,0.000472188
6.6040e-02,-0.0301563,0.000343125
6.6050e-02,-0.0420312,-0.00043125
6.6060e-02,-0.0503125,0.000232813
6.6070e-02,-0.0385937,-0.000641875
6.6080e-02,-0.0429688,-0.000363438
6.6090e-02,-0.038125,-8.46875e-05
6.6100e-02,-0.0423437,-0.000166875
6.6110e-02,-0.0326562,-0.000458125
6.6120e-02,-0.0482812,-0.000178125
6.6130e-02,-0.0492188,0.000399063
6.6140e-02,-0.0498438,0.000379688
6.6150e-02,-0.0379688,0.00030625
6.6160e-02,-0.0392187,6.4375e-05
6.6170e-02,-0.0396875,-0.00085625
6.6180e-02,-0.0384375,0.00028625
6.6190e-02,-0.040625,-1.9375e-05
6.6200e-02,-0.043125,-0.000288438
6.6210e-02,-0.0465625,-0.00021375
6.6220e-02,-0.0498438,0.000409063
6.6230e-02,-0.045625,1.125e-05
6.6240e-02,-0.0435938,-0.000425625
6.6250e-02,-0.040625,-9.90625e-05
6.6260e-02,-0.0473438,0.000162188
6.6270e-02,-0.0453125,-0.000378125
6.6280e-02,-0.05,9.53125e-05
6.6290e-02,-0.0465625,0.00010875
6.6300e-02,-0.0439063,0.000509375
6.6310e-02,-0.0570313,0.00046875
6.6320e-02,-0.0384375,0.000311563
6.6330e-02,-0.0507812,0.000320625
6.6340e-02,-0.0490625,0.000450938
6.6350e-02,-0.0464062,0.000892188
6.6360e-02,-0.0470312,0.000121875
6.6370e-02,-0.043125,0.00019875
6.6380e-02,-0.0429688,0.00060375
6.6390e-02,-0.04875,0.00048375
6.6400e-02,-0.054375,0.00059
6.6410e-02,-0.0471875,0.000441563
6.6420e-02,-0.038125,-0.000155938
6.6430e-02,-0.0571875,0.000188438
6.6440e-02,-0.0576563,0.00026375
6.6450e-02,-0.0428125,-0.000818125
6.6460e-02,-0.050625,0.00019625
6.6470e-02,-0.0504687,-0.00059
6.6480e-02,-0.044375,0.000195313
6.6490e-02,-0.0545313,-0.000225
6.6500e-02,-0.0435938,-0.000430313
6.6510e-02,-0.0495312,-0.000284375
6.6520e-02,-0.0426562,-0.0001175
6.6530e-02,-0.0429688,7.03125e-05
6.6540e-02,-0.045,-0.000255313
6.6550e-02,-0.0553125,0.000123438
6.6560e-02,-0.0457813,1.84375e-05
6.6570e-02,-0.038125,0.000453438
6.6580e-02,-0.0540625,0.000196563
6.6590e-02,-0.0542187,0.000104375
6.6600e-02,-0.055625,-6.75e-05
6.6610e-02,-0.04125,0.000150938
6.6620e-02,-0.0432813,-0.00031
6.6630e-02,-0.0560937,-0.000597813
6.6640e-02,-0.0426562,-0.00016
6.6650e-02,-0.050625,0.000346563
6.6660e-02,-0.0532813,5.90625e-05
6.6670e-02,-0.0528125,7.0625e-05
6.6680e-02,-0.0478125,0.000428438
6.6690e-02,-0.0484375,-5.09375e-05
6.6700e-02,-0.0520313,-0.000138438
6.6710e-02,-0.04875,-0.000162188
6.6720e-02,-0.0590625,0.0002325
6.6730e-02,-0.0554687,6.40625e-05
6.6740e-02,-0.0551563,-0.0004925
6.6750e-02,-0.0523437,7.0625e-05
6.6760e-02,-0.0503125,0.00066375
6.6770e-02,-0.0434375,0.000156563
6.6780e-02,-0.056875,0.000241875
6.6790e-02,-0.0510938,3.875e-05
6.6800e-02,-0.0409375,-0.000106875
6.6810e-02,-0.044375,-0.000350313
6.6820e-02,-0.05,-0.000835
6.6830e-02,-0.0476562,0.000880625
6.6840e-02,-0.0432813,-0.000108438
6.6850e-02,-0.05,9.46875e-05
6.6860e-02,-0.0435938,-0.000266875
6.6870e-02,-0.0451563,-0.000700625
6.6880e-02,-0.0420312,-0.00056
6.6890e-02,-0.0398437,-0.000450938
6.6900e-02,-0.0514063,-0.000845
6.6910e-02,-0.05125,2.78125e-05
6.6920e-02,-0.0453125,0.000486875
6.6930e-02,-0.0610938,0.000169375
6.6940e-02,-0.049375,-0.000370938
6.6950e-02,-0.056875,-0.000214375
6.6960e-02,-0.0465625,0.000220313
6.6970e-02,-0.0470312,-0.000151875
6.6980e-02,-0.0553125,0.000257813
6.6990e-02,-0.0282813,0.00023375
6.7000e-02,-0.050625,4.40625e-05
6.7010e-02,-0.0404687,7.84375e-05
6.7020e-02,-0.0357813,5.0625e-05
6.7030e-02,-0.04875,0.000870313
6.7040e-02,-0.0382813,0.000675625
6.7050e-02,-0.0440625,0.000140938
6.7060e-02,-0.0457813,0.0003725
6.7070e-02,-0.0479688,6.25e-05
6.7080e-02,-0.048125,0.000208438
6.7090e-02,-0.048125,0.000849375
6.7100e-02,-0.0590625,0.000365
6.7110e-02,-0.0509375,0.00037875
6.7120e-02,-0.0515625,0.000494375
6.7130e-02,-0.0453125,-0.00017
6.7140e-02,-0.0475,7.90625e-05
6.7150e-02,-0.0404687,-0.000546563
6.7160e-02,-0.0428125,-0.000351875
6.7170e-02,-0.0465625,-0.000301563
6.7180e-02,-0.0495312,9.03125e-05
6.7190e-02,-0.0489062,-0.000387188
6.7200e-02,-0.0498438,-0.00089375
6.7210e-02,-0.0504687,-0.000412813
6.7220e-02,-0.0523437,1.75e-05
6.7230e-02,-0.0578125,0.000360938
6.7240e-02,-0.0517188,0.00059375
6.7250e-02,-0.0607812,0.000402188
6.7260e-02,-0.0504687,-0.000321563
6.7270e-02,-0.0528125,-0.000497188
6.7280e-02,-0.0454688,-7.8125e-06
6.7290e-02,-0.0546875,-0.000308125
6.7300e-02,-0.0548437,-0.000138438
6.7310e-02,-0.0567187,0.000152188
6.7320e-02,-0.0457813,-7.9375e-05
6.7330e-02,-0.0460938,0.000309688
6.7340e-02,-0.03875,0.000315313
6.7350e-02,-0.046875,-0.00060125
6.7360e-02,-0.0439063,-8.46875e-05
6.7370e-02,-0.031875,0.000304063
6.7380e-02,-0.0453125,-0.00101844
6.7390e-02,-0.0407813,-0.00055875
6.7400e-02,-0.04,-0.000304063
6.7410e-02,-0.0526563,6.15625e-05
6.7420e-02,-0.060625,0.000110625
6.7430e-02,-0.0404687,0.000839688
6.7440e-02,-0.038125,0.000304375
6.7450e-02,-0.044375,0.000492188
6.7460e-02,-0.0509375,-0.00011
6.7470e-02,-0.0485938,-0.000252812
6.7480e-02,-0.0478125,-0.000668438
6.7490e-02,-0.0464062,-0.000742188
6.7500e-02,-0.0325,-0.00045375
6.7510e-02,-0.049375,-0.000446875
6.7520e-02,-0.0492188,-6.25e-06
6.7530e-02,-0.0510938,-0.000292813
6.7540e-02,-0.0446875,-0.000487813
6.7550e-02,-0.0428125,-0.000596875
6.7560e-02,-0.0557813,0.000667188
6.7570e-02,-0.0520313,0.000249375
6.7580e-02,-0.0434375,-0.000235313
6.7590e-02,-0.0545313,-0.00011
6.7600e-02,-0.0525,0.000394063
6.7610e-02,-0.0495312,-0.000160313
6.7620e-02,-0.0434375,0.000306875
6.7630e-02,-0.0470312,-0.00020875
6.7640e-02,-0.055,-0.000402188
6.7650e-02,-0.0410937,-0.00105625
6.7660e-02,-0.05125,-0.000926563
6.7670e-02,-0.0360938,-0.00029625
6.7680e-02,-0.0557813,-0.000116875
6.7690e-02,-0.0501562,0.000113438
6.7700e-02,-0.053125,0.000261563
6.7710e-02,-0.0570313,-0.000295313
6.7720e-02,-0.0589063,7.8125e-05
6.7730e-02,-0.0521875,0.000119688
6.7740e-02,-0.0639062,-3.65625e-05
6.7750e-02,-0.0376563,-7.40625e-05
6.7760e-02,-0.048125,-5.34375e-05
6.7770e-02,-0.0389063,-0.000315
6.7780e-02,-0.0471875,-0.00027
6.7790e-02,-0.05125,-0.000965
6.7800e-02,-0.0496875,-0.000185313
6.7810e-02,-0.0470312,0.000315625
6.7820e-02,-0.0498438,0.000427188
6.7830e-02,-0.0517188,0.000642188
6.7840e-02,-0.0401563,-0.00031875
6.7850e-02,-0.0448438,-7.34375e-05
6.7860e-02,-0.0448438,0.000185625
6.7870e-02,-0.0545313,0.00026625
6.7880e-02,-0.03875,-0.000405
6.7890e-02,-0.0504687,0.000422813
6.7900e-02,-0.0548437,0.000789375
6.7910e-02,-0.0521875,-0.000171875
6.7920e-02,-0.0498438,-0.0003625
6.7930e-02,-0.059375,-0.000128437
6.7940e-02,-0.0465625,0.000423438
6.7950e-02,-0.0445313,0.000260938
6.7960e-02,-0.04625,0.000366563
6.7970e-02,-0.0401563,0.000830313
6.7980e-02,-0.0548437,0.000560625
6.7990e-02,-0.0442188,4.15625e-05
6.8000e-02,-0.0492188,7.5e-05
6.8010e-02,-0.039375,-3.09375e-05
6.8020e-02,-0.0409375,0.000890313
6.8030e-02,-0.0385937,0.000539375
6.8040e-02,-0.048125,0.000275313
6.8050e-02,-0.04875,-2.71875e-05
6.8060e-02,-0.0467188,-0.000635
6.8070e-02,-0.0510938,0.000210625
6.8080e-02,-0.04375,0.0007375
6.8090e-02,-0.0501562,0.0008725
6.8100e-02,-0.0498438,-0.000204688
6.8110e-02,-0.0467188,-0.000313125
6.8120e-02,-0.0496875,7.5e-06
6.8130e-02,-0.0485938,-9.4375e-05
6.8140e-02,-0.0473438,-0.00014875
6.8150e-02,-0.0415625,0.00084875
6.8160e-02,-0.0470312,0.000425625
6.8170e-02,-0.05,0.000675
6.8180e-02,-0.0410937,0.00011875
6.8190e-02,-0.05125,-0.000807188
6.8200e-02,-0.0545313,5e-05
6.8210e-02,-0.0571875,0.000580313
6.8220e-02,-0.0420312,0.00100438
6.8230e-02,-0.044375,7.875e-05
6.8240e-02,-0.0440625,-0.00106875
6.8250e-02,-0.056875,-0.000915938
6.8260e-02,-0.0579687,-0.000359375
6.8270e-02,-0.044375,0.000525
6.8280e-02,-0.039375,0.0001225
6.8290e-02,-0.0398437,-0.000140625
6.8300e-02,-0.0573437,-0.000963125
6.8310e-02,-0.0376563,-0.00183688
6.8320e-02,-0.04625,-0.00169813
6.8330e-02,-0.0548437,-6.53125e-05
6.8340e-02,-0.05375,0.0006525
6.8350e-02,-0.0395313,0.001155
6.8360e-02,-0.0590625,0.00040625
6.8370e-02,-0.0532813,-0.001265
6.8380e-02,-0.0554687,-0.00221031
6.8390e-02,-0.05125,-0.00171313
6.8400e-02,-0.0673438,0.00095
6.8410e-02,-0.0548437,0.00222406
6.8420e-02,-0.0534375,0.00210844
6.8430e-02,-0.0420312,0.00219063
6.8440e-02,-0.0403125,0.00211063
6.8450e-02,-0.0457813,0.00207062
6.8460e-02,-0.0473438,0.00206719
6.8470e-02,-0.0529687,0.00213875
6.8480e-02,-0.0475,0.00204563
6.8490e-02,0.86875,0.000287188
6.8500e-02,0.784844,-0.00364281
6.8510e-02,0.395156,-0.00610063
6.8520e-02,-1.35078,-0.00741875
6.8530e-02,-0.397188,-0.00746469
6.8540e-02,0.105625,-0.00752125
6.8550e-02,0.0889062,-0.00749
6.8560e-02,0.0778125,-0.00759688
6.8570e-02,0.0776562,-0.00748219
6.8580e-02,0.0682813,-0.00759844
6.8590e-02,0.0590625,-0.00731781
6.8600e-02,0.0517187,-0.00737906
6.8610e-02,0.053125,-0.00744594
6.8620e-02,0.0354688,-0.00757688
6.8630e-02,0.0364063,-0.007425
6.8640e-02,0.0425,-0.00723531
6.8650e-02,0.0335938,-0.00735813
6.8660e-02,0.0270313,-0.00722563
6.8670e-02,0.0253125,-0.00739656
6.8680e-02,0.0232812,-0.00725313
6.8690e-02,0.014375,-0.0073175
6.8700e-02,0.0245313,-0.0072275
6.8710e-02,0.0179688,-0.00729219
6.8720e-02,0.025,-0.00709594
6.8730e-02,0.0157813,-0.00714031
6.8740e-02,0.0148437,-0.00653938
6.8750e-02,0.0139062,-0.00222
6.8760e-02,0.01875,0.000943125
6.8770e-02,0.006875,0.000346563
6.8780e-02,0.00203125,-0.0015725
6.8790e-02,0.00734375,-0.00185656
6.8800e-02,0.0142187,-0.00186906
6.8810e-02,0.00953125,-0.000964063
6.8820e-02,0.00765625,0.00138969
6.8830e-02,0.001875,0.00159719
6.8840e-02,0.00453125,0.000146563
6.8850e-02,0.0096875,-0.00183344
6.8860e-02,0.0046875,-0.002345
6.8870e-02,-0.0123438,-0.00128781
6.8880e-02,0.00546875,-0.000478125
6.8890e-02,-0.009375,0.00129969
6.8900e-02,0.00140625,0.00088625
6.8910e-02,-0.00421875,-0.000525938
6.8920e-02,0.00046875,-0.00148531
6.8930e-02,-0.00359375,-0.00050875
6.8940e-02,-0.00140625,-0.000161563
6.8950e-02,-0.0025,0.00108563
6.8960e-02,0.005,0.0007575
6.8970e-02,-0.0059375,-0.000183125
6.8980e-02,-0.0184375,-0.00108875
6.8990e-02,-0.006875,-0.000757813
6.9000e-02,-0.009375,-0.000892813
6.9010e-02,0.00484375,0.000985938
6.9020e-02,0.008125,0.000739063
6.9030e-02,0.00671875,0.000126875
6.9040e-02,-0.00359375,-0.000333438
6.9050e-02,-0.0182812,-0.000625
6.9060e-02,-0.00359375,-0.000324063
6.9070e-02,0,4.65625e-05
6.9080e-02,-0.00859375,-0.000154688
6.9090e-02,-0.00640625,0.000175
6.9100e-02,-0.0125,-0.000183438
6.9110e-02,-0.004375,-0.000671563
6.9120e-02,-0.0015625,-0.000840625
6.9130e-02,-0.0148437,0.000295
6.9140e-02,-0.0134375,0.00071875
6.9150e-02,-0.016875,0.00102844
6.9160e-02,-0.0128125,4.53125e-05
6.9170e-02,-0.0040625,-0.000113438
6.9180e-02,-0.00125,-0.000989375
6.9190e-02,-0.0071875,-0.000625313
6.9200e-02,-0.00140625,-0.0004
6.9210e-02,-0.0209375,0.000417188
6.9220e-02,-0.0182812,0.000394688
6.9230e-02,-0.00984375,0.000425313
6.9240e-02,-0.00390625,-0.000232188
6.9250e-02,-0.0084375,-0.000368438
6.9260e-02,-0.0154687,0.000355938
6.9270e-02,-0.0145312,0.000460938
6.9280e-02,-0.0107813,2.34375e-05
6.9290e-02,-0.0178125,0.000440313
6.9300e-02,-0.0257812,0.000139688
6.9310e-02,-0.01125,3.59375e-05
6.9320e-02,-0.0190625,0.000311563
6.9330e-02,-0.015625,0.00019625
6.9340e-02,-0.00796875,-0.00106156
6.9350e-02,-0.021875,-0.000346875
6.9360e-02,-0.015,6.125e-05
6.9370e-02,-0.0165625,-0.000235313
6.9380e-02,-0.013125,5.28125e-05
6.9390e-02,-0.01875,0.000295313
6.9400e-02,-0.0221875,-0.000495313
6.9410e-02,-0.00875,0.000179375
6.9420e-02,-0.0198438,-9.0625e-05
6.9430e-02,-0.0154687,-0.00070375
6.9440e-02,-0.0075,-0.000775625
6.9450e-02,-0.0075,-0.000627188
6.9460e-02,-0.0179687,-0.000515313
6.9470e-02,-0.0303125,0.000364688
6.9480e-02,-0.0171875,-3.03125e-05
6.9490e-02,-0.015,-0.000283437
6.9500e-02,-0.0179687,0.000685938
6.9510e-02,-0.024375,-0.000520938
6.9520e-02,-0.001875,0.000299375
6.9530e-02,-0.0184375,7.34375e-05
6.9540e-02,-0.0232812,0.000238438
6.9550e-02,-0.0129688,-6.375e-05
6.9560e-02,-0.0245313,0.000681563
6.9570e-02,-0.00921875,1e-05
6.9580e-02,-0.0129688,4.25e-05
6.9590e-02,-0.0220313,-0.000731875
6.9600e-02,-0.0159375,-0.000406875
6.9610e-02,-0.0210938,-0.000230625
6.9620e-02,-0.0232812,-0.000598125
6.9630e-02,-0.0195312,-0.000429375
6.9640e-02,-0.0140625,8e-05
6.9650e-02,-0.033125,1.71875e-05
6.9660e-02,-0.0121875,-0.00086125
6.9670e-02,-0.0254688,-0.000249375
6.9680e-02,-0.0148437,0.00064375
6.9690e-02,-0.016875,0.00106
6.9700e-02,-0.0173438,-0.00012
6.9710e-02,-0.0215625,0.000375938
6.9720e-02,-0.0171875,-0.000145
6.9730e-02,-0.0173438,-0.000138438
6.9740e-02,-0.0154687,0.000325625
6.9750e-02,-0.0282813,-0.000976562
6.9760e-02,-0.0245313,-3.875e-05
6.9770e-02,-0.0292188,-7.46875e-05
6.9780e-02,-0.0176563,-0.000453438
6.9790e-02,-0.0264062,0.000586563
6.9800e-02,-0.0267187,-0.000196875
6.9810e-02,-0.0228125,0.0001425
6.9820e-02,-0.0153125,0.000272812
6.9830e-02,-0.0367188,-0.000635313
6.9840e-02,-0.0220313,-0.000438125
6.9850e-02,-0.0221875,-0.00045875
6.9860e-02,-0.0296875,-0.000674375
6.9870e-02,-0.0223437,-7.21875e-05
6.9880e-02,-0.0207813,0.0002275
6.9890e-02,-0.0226562,-0.000163125
6.9900e-02,-0.0275,-6.75e-05
6.9910e-02,-0.0220313,-2.8125e-06
6.9920e-02,-0.0179687,0.000424688
6.9930e-02,-0.03,6.09375e-05
6.9940e-02,-0.0210938,0.000284688
6.9950e-02,-0.0309375,6.8125e-05
6.9960e-02,-0.02375,-0.000443438
6.9970e-02,-0.0290625,-0.000379688
6.9980e-02,-0.0171875,-0.000354375
6.9990e-02,-0.030625,0.000378125
7.0000e-02,-0.0264062,-8.125e-05
7.0010e-02,-0.0328125,0.000137188
7.0020e-02,-0.02875,5e-05
7.0030e-02,-0.0345312,0.00031625
7.0040e-02,-0.0214063,-0.0003325
7.0050e-02,-0.0376563,-0.000284688
7.0060e-02,-0.0309375,-0.0002125
7.0070e-02,-0.0267187,0.000351875
7.0080e-02,-0.0204688,0.000539375
7.0090e-02,-0.0223437,6.59375e-05
7.0100e-02,-0.0298438,0.000130313
7.0110e-02,-0.025,6.625e-05
7.0120e-02,-0.0245313,-0.00121781
7.0130e-02,-0.0214063,-0.00122969
7.0140e-02,-0.02375,0.000164375
7.0150e-02,-0.0248438,-0.000610313
7.0160e-02,-0.0323438,-0.000479375
7.0170e-02,-0.020625,-2.34375e-05
7.0180e-02,-0.0376563,-8.1875e-05
7.0190e-02,-0.0201563,0.0003525
7.0200e-02,-0.026875,5.90625e-05
7.0210e-02,-0.0284375,2.21875e-05
7.0220e-02,-0.0223437,-0.0001475
7.0230e-02,-0.0317188,-0.000513438
7.0240e-02,-0.0309375,-0.000224063
7.0250e-02,-0.035625,-0.000336875
7.0260e-02,-0.0234375,-0.00057625
7.0270e-02,-0.020625,-2.875e-05
7.0280e-02,-0.0284375,0.000375625
7.0290e-02,-0.0246875,0.000295938
7.0300e-02,-0.0321875,-0.000335
7.0310e-02,-0.0375,-0.000394688
7.0320e-02,-0.0284375,0.000125313
7.0330e-02,-0.035,-0.000164063
7.0340e-02,-0.0309375,0.000644688
7.0350e-02,-0.0282813,0.000121563
7.0360e-02,-0.0323438,5.46875e-05
7.0370e-02,-0.0278125,-0.000755
7.0380e-02,-0.0178125,-0.000488125
7.0390e-02,-0.0253125,-0.000329688
7.0400e-02,-0.0260937,0.000141875
7.0410e-02,-0.0279688,0.000201875
7.0420e-02,-0.0154687,0.000551875
7.0430e-02,-0.0309375,-0.000560313
7.0440e-02,-0.03125,-0.000471563
7.0450e-02,-0.0357813,-0.000300313
7.0460e-02,-0.0442188,0.000520625
7.0470e-02,-0.0367188,0.000323125
7.0480e-02,-0.0342187,0.000218125
7.0490e-02,-0.0260937,0.00030875
7.0500e-02,-0.0367188,0.000751563
7.0510e-02,-0.0285938,-0.000359063
7.0520e-02,-0.02375,-0.000648125
7.0530e-02,-0.0235938,-0.000342188
7.0540e-02,-0.0242188,-0.000676563
7.0550e-02,-0.025,-1.875e-06
7.0560e-02,-0.0326562,5.1875e-05
7.0570e-02,-0.0346875,0.000272188
7.0580e-02,-0.0421875,0.000232813
7.0590e-02,-0.0184375,7.71875e-05
7.0600e-02,-0.0273438,2.53125e-05
7.0610e-02,-0.0296875,0.000380625
7.0620e-02,-0.0382813,0.000250625
7.0630e-02,-0.0403125,0.000136563
7.0640e-02,-0.0421875,0.000585625
7.0650e-02,-0.0328125,0.000876875
7.0660e-02,-0.0370313,0.000689063
7.0670e-02,-0.0346875,0.00044875
7.0680e-02,-0.0359375,0.000941563
7.0690e-02,-0.0196875,0.00039875
7.0700e-02,-0.0401563,-0.000150938
7.0710e-02,-0.0335937,0.00021375
7.0720e-02,-0.0304688,-0.000114375
7.0730e-02,-0.0357813,0.000376563
7.0740e-02,-0.0376563,0.000243125
7.0750e-02,-0.0432813,7.25e-05
7.0760e-02,-0.0317188,0.000265
7.0770e-02,-0.0357813,7.625e-05
7.0780e-02,-0.0332812,0.000200313
7.0790e-02,-0.0295313,0.000289063
7.0800e-02,-0.0235938,-0.000615938
7.0810e-02,-0.031875,-3.96875e-05
7.0820e-02,-0.0353125,-0.000372188
7.0830e-02,-0.03125,-0.000344688
7.0840e-02,-0.0154687,-0.000335938
7.0850e-02,-0.036875,9.90625e-05
7.0860e-02,-0.0325,5.96875e-05
7.0870e-02,-0.0271875,-8.25e-05
7.0880e-02,-0.0409375,-0.000404375
7.0890e-02,-0.03375,-6.875e-05
7.0900e-02,-0.0446875,-0.000356875
7.0910e-02,-0.038125,-5.6875e-05
7.0920e-02,-0.02,-0.000666563
7.0930e-02,-0.0392187,5.25e-05
7.0940e-02,-0.0292188,-0.000216875
7.0950e-02,-0.0323438,-0.00012375
7.0960e-02,-0.04625,0.000603125
7.0970e-02,-0.0454688,-5.15625e-05
7.0980e-02,-0.0401563,-0.000192188
7.0990e-02,-0.0421875,0.00019125
7.1000e-02,-0.0348437,-0.000282188
7.1010e-02,-0.0373438,-2.25e-05
7.1020e-02,-0.0220313,2e-05
7.1030e-02,-0.030625,1.03125e-05
7.1040e-02,-0.0353125,4.15625e-05
7.1050e-02,-0.0292188,0.0002275
7.1060e-02,-0.0301563,-0.0001175
7.1070e-02,-0.0320312,-0.00031875
7.1080e-02,-0.0385937,1.5625e-06
7.1090e-02,-0.036875,-0.00021625
7.1100e-02,-0.0273438,3.4375e-06
7.1110e-02,-0.0515625,0.000486563
7.1120e-02,-0.04125,0.00024125
7.1130e-02,-0.0328125,3.90625e-05
7.1140e-02,-0.0390625,-7.625e-05
7.1150e-02,-0.0264062,0.000491875
7.1160e-02,-0.043125,-0.00028125
7.1170e-02,-0.0448438,-0.000477188
7.1180e-02,-0.04125,0.000240625
7.1190e-02,-0.036875,-0.00031625
7.1200e-02,-0.0353125,-6.6875e-05
7.1210e-02,-0.031875,0.000479063
7.1220e-02,-0.0328125,-0.000518438
7.1230e-02,-0.0289063,0.000329375
7.1240e-02,-0.0326562,0.000182188
7.1250e-02,-0.0429688,-0.000603125
7.1260e-02,-0.0276563,-0.00105313
7.1270e-02,-0.028125,0.00024125
7.1280e-02,-0.0309375,-0.001325
7.1290e-02,-0.0417187,-0.000449375
7.1300e-02,-0.0314062,0
7.1310e-02,-0.0309375,0.000234688
7.1320e-02,-0.025,9.4375e-05
7.1330e-02,-0.0351562,-0.000409375
7.1340e-02,-0.05125,-1.625e-05
7.1350e-02,-0.0364063,0.000574688
7.1360e-02,-0.0385937,-0.000298125
7.1370e-02,-0.0398437,0.000186563
7.1380e-02,-0.033125,9.375e-07
7.1390e-02,-0.0325,-6.59375e-05
7.1400e-02,-0.0371875,-0.000165938
7.1410e-02,-0.0495312,6e-05
7.1420e-02,-0.0357813,-0.00012625
7.1430e-02,-0.0376563,-5.46875e-05
7.1440e-02,-0.0273438,0.000222813
7.1450e-02,-0.0321875,-9.8125e-05
7.1460e-02,-0.0359375,2.4375e-05
7.1470e-02,-0.04375,6.28125e-05
7.1480e-02,-0.02875,-0.000165313
7.1490e-02,-0.0420312,0.000166563
7.1500e-02,-0.0226562,-0.000308125
7.1510e-02,-0.0476562,-7.53125e-05
7.1520e-02,-0.0321875,0.00025875
7.1530e-02,-0.035625,0.000225313
7.1540e-02,-0.035625,-0.000703438
7.1550e-02,-0.0379688,-0.000413438
7.1560e-02,-0.050625,0.000145
7.1570e-02,-0.0440625,0.000621563
7.1580e-02,-0.0464062,0.000365938
7.1590e-02,-0.0379688,0.000432813
7.1600e-02,-0.0315625,0.000104063
7.1610e-02,-0.0478125,9.21875e-05
7.1620e-02,-0.0303125,-0.000106875
7.1630e-02,-0.0407813,0.000779688
7.1640e-02,-0.049375,0.000292813
7.1650e-02,-0.0439063,0.000313125
7.1660e-02,-0.0417187,0.000410625
7.1670e-02,-0.0335937,-4.96875e-05
7.1680e-02,-0.035625,-0.000650313
7.1690e-02,-0.0315625,-0.000160313
7.1700e-02,-0.0371875,0.000167813
7.1710e-02,-0.0465625,-9.46875e-05
7.1720e-02,-0.0434375,-0.000223438
7.1730e-02,-0.0489062,-0.0006725
7.1740e-02,-0.0345312,-0.00090375
7.1750e-02,-0.0407813,-0.000225
7.1760e-02,-0.0454688,0.000249375
7.1770e-02,-0.0495312,0.000416875
7.1780e-02,-0.0282813,-0.000102813
7.1790e-02,-0.0395313,-0.000211875
7.1800e-02,-0.0382813,-5.78125e-05
7.1810e-02,-0.025,4.5625e-05
7.1820e-02,-0.0404687,0.000375938
7.1830e-02,-0.0348437,0.000568125
7.1840e-02,-0.0470312,0.000425
7.1850e-02,-0.038125,0.0004675
7.1860e-02,-0.0410937,6.4375e-05
7.1870e-02,-0.02875,-0.000633438
7.1880e-02,-0.0451563,-9.5e-05
7.1890e-02,-0.0373438,-0.000505313
7.1900e-02,-0.0379688,-0.000152813
7.1910e-02,-0.0415625,-0.000264688
7.1920e-02,-0.0282813,5.78125e-05
7.1930e-02,-0.0385937,-0.000181563
7.1940e-02,-0.0340625,-0.000898438
7.1950e-02,-0.0432813,9.21875e-05
7.1960e-02,-0.040625,0.0002
7.1970e-02,-0.039375,0.000425625
7.1980e-02,-0.0517188,-0.000361563
7.1990e-02,-0.0425,-0.000735313
7.2000e-02,-0.0439063,-0.000675313
7.2010e-02,-0.0398437,-0.000903125
7.2020e-02,-0.0396875,-1.9375e-05
7.2030e-02,-0.0285938,2.4375e-05
7.2040e-02,-0.035,0.00042875
7.2050e-02,-0.0465625,0.000394063
7.2060e-02,-0.0426562,-0.000191563
7.2070e-02,-0.0509375,-0.000516875
7.2080e-02,-0.0417187,-0.00056
7.2090e-02,-0.0429688,0.000306875
7.2100e-02,-0.045625,0.000596563
7.2110e-02,-0.0282813,0.000465938
7.2120e-02,-0.039375,-4.25e-05
7.2130e-02,-0.0467188,-0.000349688
7.2140e-02,-0.044375,-0.000332813
7.2150e-02,-0.0464062,0.000487813
7.2160e-02,-0.0459375,0.00035375
7.2170e-02,-0.0398437,0.0003975
7.2180e-02,-0.041875,0.000400938
7.2190e-02,-0.0498438,-0.000196563
7.2200e-02,-0.035,-0.000583125
7.2210e-02,-0.0426562,-0.000448125
7.2220e-02,-0.0392187,0.000234688
7.2230e-02,-0.0440625,0.000684375
7.2240e-02,-0.0309375,0.000503125
7.2250e-02,-0.039375,-0.000214375
7.2260e-02,-0.0465625,-0.000507188
7.2270e-02,-0.0451563,-0.000340625
7.2280e-02,-0.03625,0.000394688
7.2290e-02,-0.0446875,0.000876563
7.2300e-02,-0.0515625,0.000606875
7.2310e-02,-0.0473438,0.000640313
7.2320e-02,-0.0409375,-0.00172563
7.2330e-02,-0.0398437,-0.0009925
7.2340e-02,-0.0495312,-0.000623438
7.2350e-02,-0.040625,0.00052375
7.2360e-02,-0.044375,0.00159656
7.2370e-02,-0.0446875,0.000242188
7.2380e-02,-0.0426562,-0.000493125
7.2390e-02,-0.0398437,-0.00149844
7.2400e-02,-0.04625,-0.000778438
7.2410e-02,-0.0398437,0.000290313
7.2420e-02,-0.04875,0.00164375
7.2430e-02,-0.0251563,0.00166156
7.2440e-02,-0.034375,-0.00028625
7.2450e-02,-0.0370313,-0.00164406
7.2460e-02,-0.0546875,-0.00182313
7.2470e-02,-0.0504687,-0.00111781
7.2480e-02,-0.0370313,0.00108031
7.2490e-02,-0.0460938,0.00200375
7.2500e-02,-0.0332812,0.00101406
7.2510e-02,-0.049375,-0.00051125
7.2520e-02,-0.0603125,-0.00210438
7.2530e-02,-0.0410937,-0.00125813
7.2540e-02,-0.036875,-0.000157188
7.2550e-02,-0.0420312,0.00101531
7.2560e-02,-0.0432813,0.000948438
7.2570e-02,-0.04125,0.000393438
7.2580e-02,-0.0534375,-0.000777188
7.2590e-02,-0.0365625,-0.00109594
7.2600e-02,-0.0414063,-0.0009175
7.2610e-02,-0.0354688,0.000835
7.2620e-02,-0.0414063,0.00163625
7.2630e-02,-0.0371875,0.00084125
7.2640e-02,-0.0482812,-0.000943438
7.2650e-02,-0.045625,-0.00216125
7.2660e-02,-0.04375,-0.00163969
7.2670e-02,-0.0426562,-0.000425625
7.2680e-02,-0.04,0.00102219
7.2690e-02,-0.0423437,0.00136781
7.2700e-02,-0.04625,0.000393125
7.2710e-02,-0.0173438,-0.00091
7.2720e-02,-0.0395313,-0.00146281
7.2730e-02,-0.0534375,-0.000944688
7.2740e-02,-0.0320312,-3.15625e-05
7.2750e-02,-0.0329688,0.000602813
7.2760e-02,-0.0423437,0.000992188
7.2770e-02,-0.0535937,-0.000852813
7.2780e-02,-0.0503125,-0.00098125
7.2790e-02,-0.0348437,-0.000917813
7.2800e-02,-0.0359375,-1.875e-05
7.2810e-02,-0.054375,0.001065
7.2820e-02,-0.0398437,0.0010975
7.2830e-02,-0.0507812,9.28125e-05
7.2840e-02,-0.0471875,-0.000185625
7.2850e-02,-0.0359375,-0.000162188
7.2860e-02,-0.036875,0.000157188
7.2870e-02,-0.0495312,0.000497812
7.2880e-02,-0.0345312,0.00124125
7.2890e-02,-0.0529687,-0.000146563
7.2900e-02,-0.045625,7.875e-05
7.2910e-02,-0.0440625,-0.0006375
7.2920e-02,-0.0334375,-0.000651875
7.2930e-02,-0.0509375,-5.3125e-05
7.2940e-02,-0.0279688,0.000749375
7.2950e-02,-0.045,6.625e-05
7.2960e-02,-0.0385937,-0.000381563
7.2970e-02,-0.051875,0.000196875
7.2980e-02,-0.0495312,-0.000858125
7.2990e-02,-0.0410937,-0.00040125
7.3000e-02,-0.0390625,0.0006025
7.3010e-02,-0.039375,-8.53125e-05
7.3020e-02,-0.04,3.15625e-05
7.3030e-02,-0.0415625,3.90625e-05
7.3040e-02,-0.0623438,-0.000476563
7.3050e-02,-0.03625,-0.0006125
7.3060e-02,-0.0379688,0.000110938
7.3070e-02,-0.0389063,0.000606563
7.3080e-02,-0.045,-0.000289688
7.3090e-02,-0.0357813,4.84375e-05
7.3100e-02,-0.0478125,-0.000609063
7.3110e-02,-0.0307813,-0.000104688
7.3120e-02,-0.0371875,3.84375e-05
7.3130e-02,-0.0465625,-0.00035875
7.3140e-02,-0.0465625,-0.000274063
7.3150e-02,-0.0395313,0.000339375
7.3160e-02,-0.0342187,4.6875e-05
7.3170e-02,-0.0417187,-0.000810313
7.3180e-02,-0.039375,-0.000415313
7.3190e-02,-0.0459375,-0.000135
7.3200e-02,-0.0465625,0.000613125
7.3210e-02,-0.050625,-0.000307188
7.3220e-02,-0.0478125,0.000710625
7.3230e-02,-0.0482812,0.000675313
7.3240e-02,-0.055625,-0.000242188
7.3250e-02,-0.0482812,-0.000469688
7.3260e-02,-0.0453125,0.000151563
7.3270e-02,-0.045,-3.75e-06
7.3280e-02,-0.046875,-0.000106563
7.3290e-02,-0.043125,-0.000134375
7.3300e-02,-0.0423437,0.000219063
7.3310e-02,-0.044375,-0.00027375
7.3320e-02,-0.0370313,-6.25e-07
7.3330e-02,-0.0457813,-0.000199688
7.3340e-02,-0.043125,0.000244688
7.3350e-02,-0.0464062,-5.875e-05
7.3360e-02,-0.0434375,5.46875e-05
7.3370e-02,-0.0351562,-0.000109375
7.3380e-02,-0.0325,-0.00095875
7.3390e-02,-0.04875,0.000262813
7.3400e-02,-0.0398437,0.000702813
7.3410e-02,-0.0421875,0.000418125
7.3420e-02,-0.0376563,0.000198125
7.3430e-02,-0.035625,-0.00020375
7.3440e-02,-0.0457813,-0.000247813
7.3450e-02,-0.04375,0.000362813
7.3460e-02,-0.056875,-3.71875e-05
7.3470e-02,-0.0423437,-0.000302188
7.3480e-02,-0.0498438,-0.000457813
7.3490e-02,-0.0459375,-0.000205313
7.3500e-02,-0.0507812,-4.46875e-05
7.3510e-02,-0.036875,0.00042875
7.3520e-02,-0.031875,-0.000174063
7.3530e-02,-0.03125,0.000450938
7.3540e-02,-0.04125,0.000842813
7.3550e-02,-0.0451563,0.000285625
7.3560e-02,-0.0404687,0.000248438
7.3570e-02,-0.0403125,9.6875e-05
7.3580e-02,-0.0370313,8.9375e-05
7.3590e-02,-0.0353125,-0.000186563
7.3600e-02,-0.0409375,0.000309063
7.3610e-02,-0.0267187,4.96875e-05
7.3620e-02,-0.04,0.00020125
7.3630e-02,-0.0403125,3.21875e-05
7.3640e-02,-0.0465625,-0.000282813
7.3650e-02,-0.0364063,2.46875e-05
7.3660e-02,-0.035625,0.00056125
7.3670e-02,-0.0445313,-0.0002775
7.3680e-02,-0.0465625,0.000752813
7.3690e-02,-0.0425,7.84375e-05
7.3700e-02,-0.0504687,-0.000291875
7.3710e-02,-0.0415625,-0.0009025
7.3720e-02,-0.0385937,-0.000489687
7.3730e-02,-0.045,-0.000168438
7.3740e-02,-0.044375,0.00026625
7.3750e-02,-0.0442188,0.000500625
7.3760e-02,-0.05125,-9.125e-05
7.3770e-02,-0.0404687,-0.000325938
7.3780e-02,-0.0378125,-4.09375e-05
7.3790e-02,-0.0495312,1e-05
7.3800e-02,-0.0576563,0.000500938
7.3810e-02,-0.0573437,-1.96875e-05
7.3820e-02,-0.039375,-0.000247813
7.3830e-02,-0.0440625,-0.000470938
7.3840e-02,-0.0478125,-0.000525313
7.3850e-02,-0.0357813,-0.000275938
7.3860e-02,-0.05125,-0.00019625
7.3870e-02,-0.039375,-0.000980938
7.3880e-02,-0.035,-0.00050875
7.3890e-02,-0.0390625,-0.0003975
7.3900e-02,-0.0490625,-0.00018625
7.3910e-02,-0.0435938,0.000193125
7.3920e-02,-0.0326562,0.000302188
7.3930e-02,-0.0414063,0.000294062
7.3940e-02,-0.0403125,0.000405313
7.3950e-02,-0.0378125,0.000359063
7.3960e-02,-0.0446875,-3.75e-05
7.3970e-02,-0.0371875,0.0002275
7.3980e-02,-0.05875,0.000189688
7.3990e-02,-0.0407813,0.00025875
7.4000e-02,-0.0460938,0.000704688
7.4010e-02,-0.0528125,0.000280625
7.4020e-02,-0.0525,-1.46875e-05
7.4030e-02,-0.0426562,0.000500938
7.4040e-02,-0.0364063,-0.000455938
7.4050e-02,-0.0403125,0.000300313
7.4060e-02,-0.0389063,1.53125e-05
7.4070e-02,-0.0446875,0.000861563
7.4080e-02,-0.0429688,0.000868438
7.4090e-02,-0.0475,-0.000440938
7.4100e-02,-0.0384375,-0.000495313
7.4110e-02,-0.0482812,-0.000248438
7.4120e-02,-0.0548437,-0.000112813
7.4130e-02,-0.0534375,0.000426875
7.4140e-02,-0.0414063,-0.000408125
7.4150e-02,-0.038125,-0.0002475
7.4160e-02,-0.0423437,-0.000506563
7.4170e-02,-0.0459375,9.625e-05
7.4180e-02,-0.0425,-0.00027125
7.4190e-02,-0.0439063,4.90625e-05
7.4200e-02,-0.0507812,0.000105938
7.4210e-02,-0.0496875,-0.000545
7.4220e-02,-0.0457813,-9.21875e-05
7.4230e-02,-0.0498438,-0.000178438
7.4240e-02,-0.0470312,-0.000200938
7.4250e-02,-0.0446875,-0.000424688
7.4260e-02,-0.0446875,-6.71875e-05
7.4270e-02,-0.0526563,0.000397188
7.4280e-02,-0.04875,-0.000191563
7.4290e-02,-0.0495312,-0.00030125
7.4300e-02,-0.0479688,0.000723125
7.4310e-02,-0.0375,-0.000585313
7.4320e-02,-0.0476562,6.34375e-05
7.4330e-02,-0.0410937,-0.00027875
7.4340e-02,-0.04875,0.00026125
7.4350e-02,-0.0490625,-5.5e-05
7.4360e-02,-0.0573437,6.875e-06
7.4370e-02,-0.0535937,0.000851875
7.4380e-02,-0.0378125,0.000267188
7.4390e-02,-0.0523437,0.00045875
7.4400e-02,-0.0384375,-0.00030875
7.4410e-02,-0.0404687,-0.000609688
7.4420e-02,-0.0560937,0.00032625
7.4430e-02,-0.0351562,0.000212813
7.4440e-02,-0.03375,0.000132188
7.4450e-02,-0.0503125,2.84375e-05
7.4460e-02,-0.0429688,-0.00014
7.4470e-02,-0.04625,-0.000570625
7.4480e-02,-0.036875,-0.000710938
7.4490e-02,-0.0357813,-0.00140906
7.4500e-02,-0.0485938,-0.00112281
7.4510e-02,-0.0489062,0.00053625
7.4520e-02,-0.04625,0.00047125
7.4530e-02,-0.0376563,0.000400313
7.4540e-02,-0.0482812,-7.5e-06
7.4550e-02,-0.0434375,0.000655938
7.4560e-02,-0.0479688,0.00036375
7.4570e-02,-0.0370313,0.000446875
7.4580e-02,-0.04,-0.000506875
7.4590e-02,-0.0565625,-0.000839375
7.4600e-02,-0.0551563,-0.000384375
7.4610e-02,-0.0476562,-0.000728438
7.4620e-02,-0.04625,-0.00012875
7.4630e-02,-0.0482812,-0.00034375
7.4640e-02,-0.0423437,0.000270625
7.4650e-02,-0.0578125,5.3125e-06
7.4660e-02,-0.035,-0.0006375
7.4670e-02,-0.0520313,-0.000295625
7.4680e-02,-0.04875,-0.00072625
7.4690e-02,-0.054375,-0.000386875
7.4700e-02,-0.0510938,0.000229063
7.4710e-02,-0.0445313,-0.000732813
7.4720e-02,-0.0451563,8.40625e-05
7.4730e-02,-0.0476562,-0.000673438
7.4740e-02,-0.045,-0.000185625
7.4750e-02,-0.046875,-2.125e-05
7.4760e-02,-0.055625,-0.000159063
7.4770e-02,-0.0523437,0.000155625
7.4780e-02,-0.0417187,4.65625e-05
7.4790e-02,-0.049375,6.875e-05
7.4800e-02,-0.0503125,0.000210625
7.4810e-02,-0.0507812,-0.00018125
7.4820e-02,-0.0453125,-0.000149063
7.4830e-02,-0.043125,-0.000122813
7.4840e-02,-0.0446875,0.000289063
7.4850e-02,-0.0554687,0.000406875
7.4860e-02,-0.0460938,-0.000233438
7.4870e-02,-0.0495312,0.000389063
7.4880e-02,-0.05,0.000256875
7.4890e-02,-0.0571875,-5.9375e-05
7.4900e-02,-0.0375,0.000330313
7.4910e-02,-0.0554687,-0.000661563
7.4920e-02,-0.0482812,-6.15625e-05
7.4930e-02,-0.0465625,0.00015125
7.4940e-02,-0.0529687,-0.0002475
7.4950e-02,-0.0509375,-0.000189063
7.4960e-02,-0.0459375,0.0006175
7.4970e-02,-0.046875,0.000103438
7.4980e-02,-0.054375,0.000252812
7.4990e-02,-0.0515625,-3.84375e-05
7.5000e-02,-0.0514063,0.000411563
7.5010e-02,-0.0548437,7.71875e-05
7.5020e-02,-0.0576563,0.000402188
7.5030e-02,-0.0476562,0.000279063
7.5040e-02,-0.0451563,0.000460938
7.5050e-02,-0.0459375,4.8125e-05
7.5060e-02,-0.044375,0.000452188
7.5070e-02,-0.0528125,-0.00038875
7.5080e-02,-0.0479688,-3.53125e-05
7.5090e-02,-0.0553125,0.000710313
7.5100e-02,-0.0435938,-0.000505313
7.5110e-02,-0.04625,-0.000275625
7.5120e-02,-0.0546875,0.000685625
7.5130e-02,-0.0351562,0.000144688
7.5140e-02,-0.043125,6.75e-05
7.5150e-02,-0.0504687,0.000227188
7.5160e-02,-0.0439063,0.000131563
7.5170e-02,-0.0385937,-0.000465625
7.5180e-02,-0.041875,0.0003325
7.5190e-02,-0.03375,-0.0009525
7.5200e-02,-0.0442188,-0.00034625
7.5210e-02,-0.03625,-0.000269688
7.5220e-02,-0.041875,0.000204688
7.5230e-02,-0.055,0.00014125
7.5240e-02,-0.0425,0.000341563
7.5250e-02,-0.0590625,0.000315313
7.5260e-02,-0.0409375,-1.5625e-06
7.5270e-02,-0.0496875,0.000267188
7.5280e-02,-0.0398437,0.000820313
7.5290e-02,-0.05125,-0.000498438
7.5300e-02,-0.0359375,0.00093875
7.5310e-02,-0.04625,0.000586875
7.5320e-02,-0.0451563,0.000250625
7.5330e-02,-0.0448438,0.000275625
7.5340e-02,-0.045625,-0.00077125
7.5350e-02,-0.050625,-0.000187188
7.5360e-02,-0.04375,0.000182813
7.5370e-02,-0.040625,0.000190938
7.5380e-02,-0.0509375,-0.000667813
7.5390e-02,-0.05375,0.000145
7.5400e-02,-0.0426562,0.000148125
7.5410e-02,-0.05375,-0.000335313
7.5420e-02,-0.0403125,-0.000121563
7.5430e-02,-0.0559375,0.000464688
7.5440e-02,-0.0514063,0.000513438
7.5450e-02,-0.0465625,0.000169375
7.5460e-02,-0.0398437,-0.000135313
7.5470e-02,-0.0548437,-0.000194688
7.5480e-02,-0.043125,-0.000539375
7.5490e-02,-0.0501562,-0.0002125
7.5500e-02,-0.0453125,-7.09375e-05
7.5510e-02,-0.0526563,-0.00047625
7.5520e-02,-0.0515625,0.000286563
7.5530e-02,-0.0521875,-0.0004775
7.5540e-02,-0.0476562,-0.00069375
7.5550e-02,-0.035,0.000605625
7.5560e-02,-0.039375,6.34375e-05
7.5570e-02,-0.0440625,-0.000779063
7.5580e-02,-0.0503125,-0.00040625
7.5590e-02,-0.0532813,0.000485625
7.5600e-02,-0.0639062,0.000302813
7.5610e-02,-0.0470312,0.00010625
7.5620e-02,-0.0504687,0.000121563
7.5630e-02,-0.0475,-6.96875e-05
7.5640e-02,-0.0364063,0.000310625
7.5650e-02,-0.0478125,-0.000356875
7.5660e-02,-0.0521875,-4.53125e-05
7.5670e-02,-0.0546875,0.000278438
7.5680e-02,-0.0404687,-0.000549063
7.5690e-02,-0.0464062,-0.000393438
7.5700e-02,-0.045,0.0001075
7.5710e-02,-0.0545313,-0.000439375
7.5720e-02,-0.0510938,-0.000659063
7.5730e-02,-0.044375,-0.000372813
7.5740e-02,-0.0515625,-3.125e-07
7.5750e-02,-0.0453125,0.000401563
7.5760e-02,-0.0507812,0.00112875
7.5770e-02,-0.0425,0.000450313
7.5780e-02,-0.0351562,0.000367188
7.5790e-02,-0.0523437,0.000221563
7.5800e-02,-0.0479688,-7.03125e-05
7.5810e-02,-0.0582813,-6e-05
7.5820e-02,-0.049375,-0.000560938
7.5830e-02,-0.0457813,-0.000211563
7.5840e-02,-0.0528125,-0.000465625
7.5850e-02,-0.0504687,-5.65625e-05
7.5860e-02,-0.0520313,-0.000165625
7.5870e-02,-0.0445313,-0.000564375
7.5880e-02,-0.0453125,-0.000202188
7.5890e-02,-0.0459375,0.000717813
7.5900e-02,-0.055,0.000322813
7.5910e-02,-0.05125,0.000913438
7.5920e-02,-0.0492188,-0.000334063
7.5930e-02,-0.0451563,-0.000424688
7.5940e-02,-0.0354688,0.000115938
7.5950e-02,-0.0415625,0.000494688
7.5960e-02,-0.0445313,0.000560938
7.5970e-02,-0.0425,0.000325
7.5980e-02,-0.0528125,1.5625e-05
7.5990e-02,-0.046875,-0.000827813
7.6000e-02,-0.043125,-0.00087375
7.6010e-02,-0.0396875,-4.6875e-05
7.6020e-02,-0.0565625,0.00081125
7.6030e-02,-0.0339062,0.00077375
7.6040e-02,-0.0498438,0.000552813
7.6050e-02,-0.0517188,-0.000431563
7.6060e-02,-0.0534375,-0.000896875
7.6070e-02,-0.04,-0.000287813
7.6080e-02,-0.0498438,0.0005975
7.6090e-02,-0.0529687,0.000941875
7.6100e-02,-0.04375,0.00063125
7.6110e-02,-0.0420312,-0.00016875
7.6120e-02,-0.0420312,-0.000566875
7.6130e-02,-0.0496875,-0.000622813
7.6140e-02,-0.0403125,-0.000103125
7.6150e-02,-0.0620312,-0.000143438
7.6160e-02,-0.0504687,0.000506875
7.6170e-02,-0.0395313,-6.375e-05
7.6180e-02,-0.0484375,-0.00113781
7.6190e-02,-0.051875,-0.0013975
7.6200e-02,-0.044375,-0.0001675
7.6210e-02,-0.0473438,0.000183125
7.6220e-02,-0.0417187,0.000965313
7.6230e-02,-0.0446875,-1e-05
7.6240e-02,-0.0557813,-0.0005375
7.6250e-02,-0.0582813,-0.00149281
7.6260e-02,-0.04875,-0.00107625
7.6270e-02,-0.0395313,-5.21875e-05
7.6280e-02,-0.0451563,0.00133031
7.6290e-02,-0.06125,0.00136875
7.6300e-02,-0.0482812,-0.0002425
7.6310e-02,-0.0573437,-0.000855
7.6320e-02,-0.0526563,-0.000783438
7.6330e-02,-0.0428125,0.000249688
7.6340e-02,-0.046875,0.00142344
7.6350e-02,-0.040625,0.00202969
7.6360e-02,-0.061875,0.000831563
7.6370e-02,-0.05125,-0.00130969
7.6380e-02,-0.0384375,-0.00152969
7.6390e-02,-0.05375,-0.00118875
7.6400e-02,-0.046875,1.0625e-05
7.6410e-02,-0.0384375,0.00116406
7.6420e-02,-0.0417187,0.0020175
7.6430e-02,-0.045,0.00225031
7.6440e-02,-0.0520313,0.00197781
7.6450e-02,-0.0603125,0.00195594
7.6460e-02,-0.0664062,0.00205188
7.6470e-02,-0.0426562,0.00188531
7.6480e-02,-0.0485938,0.00193344
7.6490e-02,0.89,0.00111688
7.6500e-02,0.470781,-0.00271781
7.6510e-02,0.548594,-0.00566469
7.6520e-02,0.990625,-0.00717375
7.6530e-02,0.395937,-0.00809219
7.6540e-02,0.0851563,-0.0076675
7.6550e-02,0.0985937,-0.00767375
7.6560e-02,0.08375,-0.00752063
7.6570e-02,0.0770312,-0.00757781
7.6580e-02,0.0654687,-0.00755344
7.6590e-02,0.0445312,-0.00756594
7.6600e-02,0.0585938,-0.00754469
7.6610e-02,0.0364063,-0.00746875
7.6620e-02,0.040625,-0.00755438
7.6630e-02,0.03875,-0.00741844
7.6640e-02,0.0304687,-0.00732719
7.6650e-02,0.0373437,-0.00739281
7.6660e-02,0.0271875,-0.00737906
7.6670e-02,0.0270313,-0.00724563
7.6680e-02,0.0228125,-0.00741406
7.6690e-02,0.0232812,-0.00742031
7.6700e-02,0.0151562,-0.00732375
7.6710e-02,0.0159375,-0.00742594
7.6720e-02,0.0239063,-0.0072275
7.6730e-02,0.02,-0.0074325
7.6740e-02,0.0203125,-0.00725219
7.6750e-02,0.0153125,-0.00275906
7.6760e-02,0.00890625,0.000700938
7.6770e-02,0.0240625,0.00125125
7.6780e-02,0.00703125,-0.000207188
7.6790e-02,0.0165625,-0.00211031
7.6800e-02,0.00484375,-0.00218281
7.6810e-02,0.0115625,-0.000865313
7.6820e-02,-0.005625,0.000889688
7.6830e-02,0.005,0.00126
7.6840e-02,0.00125,0.000477813
7.6850e-02,0.01,-0.000793125
7.6860e-02,0.0160938,-0.00187438
7.6870e-02,0.00046875,-0.00161969
7.6880e-02,-0.00640625,0.0003
7.6890e-02,-0.00265625,0.00115875
7.6900e-02,-0.00484375,0.0011925
7.6910e-02,0.00015625,-0.000749375
7.6920e-02,-0.000625,-0.001425
7.6930e-02,-0.0084375,-0.000853438
7.6940e-02,0.0025,0.000120313
7.6950e-02,-0.00953125,0.00135563
7.6960e-02,-0.008125,0.00142719
7.6970e-02,-0.00953125,-0.000254375
7.6980e-02,-0.0040625,-0.00049125
7.6990e-02,-0.0025,-0.00130969
7.7000e-02,-0.00796875,-0.000623125
7.7010e-02,0.00609375,0.000154063
7.7020e-02,-0.008125,0.00119531
7.7030e-02,0.003125,0.000145938
7.7040e-02,0.0075,-0.000575313
7.7050e-02,-0.00078125,2.15625e-05
7.7060e-02,-0.0165625,-0.00079875
7.7070e-02,-0.0132813,-0.000196563
7.7080e-02,-0.00203125,0.00026125
7.7090e-02,-0.00328125,-7.65625e-05
7.7100e-02,-0.00515625,2.8125e-05
7.7110e-02,-0.00515625,-0.000513438
7.7120e-02,-0.0034375,-0.000859063
7.7130e-02,-0.0142188,-0.000939688
7.7140e-02,0.00140625,-0.0011125
7.7150e-02,-0.00765625,0.000821875
7.7160e-02,0,0.000607188
7.7170e-02,-0.00671875,0.000579375
7.7180e-02,-0.0173438,-0.0003925
7.7190e-02,-0.0132813,-0.000734375
7.7200e-02,-0.0123438,-0.000428438
7.7210e-02,-0.0135937,-5.5625e-05
7.7220e-02,-0.0164063,0.000755313
7.7230e-02,-0.021875,0.000329688
7.7240e-02,-0.0175,-0.000380625
7.7250e-02,-0.01625,-0.000436563
7.7260e-02,-0.018125,-0.000286563
7.7270e-02,-0.006875,-9e-05
7.7280e-02,-0.0071875,0.0005325
7.7290e-02,-0.0123438,0.0003475
7.7300e-02,-0.0264062,0.000120313
7.7310e-02,-0.00890625,-0.000374375
7.7320e-02,-0.0185937,-0.000279375
7.7330e-02,-0.015625,-0.000542188
7.7340e-02,-0.0114062,-0.00024875
7.7350e-02,-0.00984375,0.0006975
7.7360e-02,-0.0125,0.000651875
7.7370e-02,-0.0125,9.78125e-05
7.7380e-02,-0.016875,-0.000551875
7.7390e-02,-0.006875,-0.000749688
7.7400e-02,-0.0221875,-0.000603438
7.7410e-02,-0.0142188,-0.000225
7.7420e-02,-0.0226562,-0.000139688
7.7430e-02,-0.0210938,0.000867813
7.7440e-02,-0.0239063,0.000110938
7.7450e-02,-0.0228125,0.000192188
7.7460e-02,-0.008125,-8.21875e-05
7.7470e-02,-0.0264062,-0.000364688
7.7480e-02,-0.0215625,9.40625e-05
7.7490e-02,-0.0167188,0.000475
7.7500e-02,-0.0220313,0.000320625
7.7510e-02,-0.0210938,0.000569375
7.7520e-02,-0.010625,0.000312188
7.7530e-02,-0.0203125,9.90625e-05
7.7540e-02,-0.00953125,-0.000123438
7.7550e-02,-0.0184375,0.00037
7.7560e-02,-0.0217188,-0.000120625
7.7570e-02,-0.0232812,0.000811563
7.7580e-02,-0.02125,0.000528438
7.7590e-02,-0.0109375,-6.90625e-05
7.7600e-02,-0.0145312,0.00014625
7.7610e-02,-0.0171875,0.000430938
7.7620e-02,-0.01375,0.0002675
7.7630e-02,-0.0146875,0.000215625
7.7640e-02,-0.0164063,0.000537813
7.7650e-02,-0.0025,-0.000643438
7.7660e-02,-0.023125,7.9375e-05
7.7670e-02,-0.029375,0.000286875
7.7680e-02,-0.0284375,0.000476875
7.7690e-02,-0.0253125,0.00114437
7.7700e-02,-0.0242188,1.96875e-05
7.7710e-02,-0.0221875,-0.00071
7.7720e-02,-0.0171875,-0.000533438
7.7730e-02,-0.0090625,-0.000769688
7.7740e-02,-0.0223437,-0.00073875
7.7750e-02,-0.0257812,-4.71875e-05
7.7760e-02,-0.0195312,0.00025
7.7770e-02,-0.03,-0.000454688
7.7780e-02,-0.0176563,-0.000140625
7.7790e-02,-0.0110937,-0.000237813
7.7800e-02,-0.0257812,-0.000448438
7.7810e-02,-0.0228125,0.0006975
7.7820e-02,-0.0342187,0.000880625
7.7830e-02,-0.0285938,0.000318125
7.7840e-02,-0.0220313,-0.00106781
7.7850e-02,-0.018125,-0.0006075
7.7860e-02,-0.0151562,2.4375e-05
7.7870e-02,-0.0265625,-0.000444375
7.7880e-02,-0.0204688,-0.000441875
7.7890e-02,-0.0196875,0.0003975
7.7900e-02,-0.0226562,3.78125e-05
7.7910e-02,-0.0254688,-0.000199688
7.7920e-02,-0.0246875,0.000664375
7.7930e-02,-0.0203125,0.00033
7.7940e-02,-0.025625,0.0003275
7.7950e-02,-0.026875,0.000843438
7.7960e-02,-0.0246875,5.625e-05
7.7970e-02,-0.0296875,0.000338125
7.7980e-02,-0.0360938,0.000330313
7.7990e-02,-0.0279688,0.0001425
7.8000e-02,-0.0173438,0.000534375
7.8010e-02,-0.034375,0.000445
7.8020e-02,-0.0382813,0.0006225
7.8030e-02,-0.021875,0.00011125
7.8040e-02,-0.038125,-0.000598438
7.8050e-02,-0.0304688,-0.000800313
7.8060e-02,-0.0228125,0.000126563
7.8070e-02,-0.02375,0.000208125
7.8080e-02,-0.0342187,-0.000415625
7.8090e-02,-0.0301563,0.000232813
7.8100e-02,-0.023125,0.000263125
7.8110e-02,-0.0375,-0.000475938
7.8120e-02,-0.0267187,-3.28125e-05
7.8130e-02,-0.02375,-5.9375e-05
7.8140e-02,-0.0223437,-9.84375e-05
7.8150e-02,-0.0346875,0.000216563
7.8160e-02,-0.0229687,0.000115
7.8170e-02,-0.0203125,-0.000923125
7.8180e-02,-0.0242188,-7.71875e-05
7.8190e-02,-0.0253125,-0.000244688
7.8200e-02,-0.025,-0.00021125
7.8210e-02,-0.03625,0.000170313
7.8220e-02,-0.0326562,-8.65625e-05
7.8230e-02,-0.0371875,-6.59375e-05
7.8240e-02,-0.0259375,-0.000326875
7.8250e-02,-0.035625,-0.000195625
7.8260e-02,-0.0276563,0.000457813
7.8270e-02,-0.0304688,0.000340625
7.8280e-02,-0.0259375,0.000311563
7.8290e-02,-0.0248438,0.000226875
7.8300e-02,-0.0289063,0.000397188
7.8310e-02,-0.0296875,0.000188125
7.8320e-02,-0.0271875,6.84375e-05
7.8330e-02,-0.033125,0.0001275
7.8340e-02,-0.0226562,-0.00036625
7.8350e-02,-0.0235938,-1.4375e-05
7.8360e-02,-0.02875,-4.375e-05
7.8370e-02,-0.0175,-0.000382188
7.8380e-02,-0.0246875,6.5625e-05
7.8390e-02,-0.0159375,0.00027625
7.8400e-02,-0.02625,0.000466563
7.8410e-02,-0.0354688,0.00047
7.8420e-02,-0.026875,0.000368438
7.8430e-02,-0.02625,0.00132406
7.8440e-02,-0.0271875,0.00142219
7.8450e-02,-0.0242188,0.000830938
7.8460e-02,-0.0309375,0.00128188
7.8470e-02,-0.0298438,5.125e-05
7.8480e-02,-0.038125,0.000343125
7.8490e-02,-0.0239063,0.000370313
7.8500e-02,-0.0239063,0.000228438
7.8510e-02,-0.0240625,0.000275
7.8520e-02,-0.0420312,-0.000124063
7.8530e-02,-0.0298438,-0.00036625
7.8540e-02,-0.0304688,0.00030625
7.8550e-02,-0.0364063,0.00014
7.8560e-02,-0.0215625,0.000608438
7.8570e-02,-0.0279688,0.000295
7.8580e-02,-0.0354688,0.00034625
7.8590e-02,-0.0275,0.000171563
7.8600e-02,-0.0315625,5.9375e-05
7.8610e-02,-0.0303125,-0.00016875
7.8620e-02,-0.035,-0.000380625
7.8630e-02,-0.0315625,-5.1875e-05
7.8640e-02,-0.0321875,0.000462813
7.8650e-02,-0.0307813,-2.9375e-05
7.8660e-02,-0.0264062,0.000109375
7.8670e-02,-0.02125,0.000615313
7.8680e-02,-0.0289063,-5.1875e-05
7.8690e-02,-0.030625,2.875e-05
7.8700e-02,-0.0395313,0.000535313
7.8710e-02,-0.0323438,-0.000339375
7.8720e-02,-0.0379688,-0.000475
7.8730e-02,-0.0295313,8.15625e-05
7.8740e-02,-0.0454688,8.8125e-05
7.8750e-02,-0.0367188,-3.0625e-05
7.8760e-02,-0.034375,-0.000220938
7.8770e-02,-0.0346875,-6.1875e-05
7.8780e-02,-0.0342187,1.5e-05
7.8790e-02,-0.0282813,-0.000484375
7.8800e-02,-0.0323438,1.3125e-05
7.8810e-02,-0.02625,5.8125e-05
7.8820e-02,-0.0382813,-0.000114375
7.8830e-02,-0.0339062,0.000559375
7.8840e-02,-0.0307813,-0.000101563
7.8850e-02,-0.0307813,9.75e-05
7.8860e-02,-0.0359375,0.000245
7.8870e-02,-0.024375,0.000729375
7.8880e-02,-0.029375,1.40625e-05
7.8890e-02,-0.0384375,0.000180938
7.8900e-02,-0.03375,-0.000807813
7.8910e-02,-0.0398437,0.00028125
7.8920e-02,-0.025625,-0.000374375
7.8930e-02,-0.0279688,9.59375e-05
7.8940e-02,-0.0392187,0.000305
7.8950e-02,-0.0234375,0.00037375
7.8960e-02,-0.0365625,-8.875e-05
7.8970e-02,-0.0457813,0.000288438
7.8980e-02,-0.029375,3.125e-05
7.8990e-02,-0.0273438,4.1875e-05
7.9000e-02,-0.0282813,-5.40625e-05
7.9010e-02,-0.0304688,7.9375e-05
7.9020e-02,-0.0340625,0.000197188
7.9030e-02,-0.0425,0.000215
7.9040e-02,-0.0329688,0.000175313
7.9050e-02,-0.0398437,0.000815313
7.9060e-02,-0.0253125,6.25e-06
7.9070e-02,-0.0398437,0.000138438
7.9080e-02,-0.035625,0.000130625
7.9090e-02,-0.0339062,-0.000379375
7.9100e-02,-0.030625,-0.000662813
7.9110e-02,-0.0326562,0.000112188
7.9120e-02,-0.0348437,0.00011
7.9130e-02,-0.043125,1.84375e-05
7.9140e-02,-0.0407813,-0.000179063
7.9150e-02,-0.0360938,0.000134688
7.9160e-02,-0.0335937,-0.000252812
7.9170e-02,-0.03375,-0.00023875
7.9180e-02,-0.0375,-0.000303438
7.9190e-02,-0.0351562,0.000213125
7.9200e-02,-0.0425,-3.78125e-05
7.9210e-02,-0.0378125,-0.000383438
7.9220e-02,-0.0359375,-0.000935313
7.9230e-02,-0.0414063,-0.000856875
7.9240e-02,-0.0353125,7.6875e-05
7.9250e-02,-0.0392187,0.000114063
7.9260e-02,-0.0345312,-0.000202813
7.9270e-02,-0.0353125,-0.000414063
7.9280e-02,-0.0373438,-0.000591563
7.9290e-02,-0.0279688,-0.000405
7.9300e-02,-0.0379688,-0.000195938
7.9310e-02,-0.0396875,0.00025
7.9320e-02,-0.0420312,0.00049625
7.9330e-02,-0.035,0.000324375
7.9340e-02,-0.0395313,-0.00013
7.9350e-02,-0.034375,4.78125e-05
7.9360e-02,-0.0201563,4.8125e-05
7.9370e-02,-0.0395313,-7.15625e-05
7.9380e-02,-0.0348437,-0.000609688
7.9390e-02,-0.0434375,-6.96875e-05
7.9400e-02,-0.0385937,0.00030125
7.9410e-02,-0.044375,0.000359688
7.9420e-02,-0.0351562,-0.000136875
7.9430e-02,-0.0470312,0.000407188
7.9440e-02,-0.0465625,4.25e-05
7.9450e-02,-0.0340625,-0.000254063
7.9460e-02,-0.0359375,1.1875e-05
7.9470e-02,-0.0382813,7.40625e-05
7.9480e-02,-0.0321875,-0.000298125
7.9490e-02,-0.0392187,-0.000339063
7.9500e-02,-0.0273438,0.000845625
7.9510e-02,-0.035,0.000219063
7.9520e-02,-0.0439063,0.000445313
7.9530e-02,-0.0417187,0.000309688
7.9540e-02,-0.0345312,0.0002125
7.9550e-02,-0.0328125,0.000190625
7.9560e-02,-0.0403125,-0.000150938
7.9570e-02,-0.0442188,2.1875e-06
7.9580e-02,-0.03,-0.000627188
7.9590e-02,-0.0335937,0.000158438
7.9600e-02,-0.0364063,-4.0625e-06
7.9610e-02,-0.03,-3.03125e-05
7.9620e-02,-0.0204688,-0.000518125
7.9630e-02,-0.03875,0.00038375
7.9640e-02,-0.0289063,0.000454063
7.9650e-02,-0.0378125,-2.3125e-05
7.9660e-02,-0.0379688,0.000449063
7.9670e-02,-0.0434375,5.75e-05
7.9680e-02,-0.0370313,-0.00010625
7.9690e-02,-0.0445313,0.000627188
7.9700e-02,-0.034375,0.000559688
7.9710e-02,-0.0364063,0.000613125
7.9720e-02,-0.0490625,-0.000272188
7.9730e-02,-0.02625,-0.000461875
7.9740e-02,-0.0484375,0.000110938
7.9750e-02,-0.0285938,-1.65625e-05
7.9760e-02,-0.0401563,6.25e-07
7.9770e-02,-0.0328125,0.00011125
7.9780e-02,-0.0442188,-0.000110938
7.9790e-02,-0.0428125,0.000340625
7.9800e-02,-0.0273438,2.1875e-06
7.9810e-02,-0.024375,-0.000169375
7.9820e-02,-0.0342187,-0.00044875
7.9830e-02,-0.0403125,8.75e-06
7.9840e-02,-0.0485938,7.96875e-05
7.9850e-02,-0.0357813,0.000689063
7.9860e-02,-0.0432813,0.000291875
7.9870e-02,-0.0271875,-0.00037625
7.9880e-02,-0.0409375,-0.000398125
7.9890e-02,-0.0414063,-0.00023625
7.9900e-02,-0.0370313,0.000779688
7.9910e-02,-0.03375,0.000465313
7.9920e-02,-0.0414063,7.6875e-05
7.9930e-02,-0.0310937,-0.000958438
7.9940e-02,-0.0382813,-8.71875e-05
7.9950e-02,-0.0348437,-0.000116875
7.9960e-02,-0.030625,-0.000220313
7.9970e-02,-0.0376563,0.00101438
7.9980e-02,-0.0460938,0.000810938
7.9990e-02,-0.0409375,-2.28125e-05
8.0000e-02,-0.0345312,-0.000689688
8.0010e-02,-0.0426562,0.000470313
8.0020e-02,-0.0353125,0.000438438
8.0030e-02,-0.0239063,0.000556875
8.0040e-02,-0.048125,0.00054875
8.0050e-02,-0.0389063,0.000696563
8.0060e-02,-0.0360938,-0.000355625
8.0070e-02,-0.04,-0.000290938
8.0080e-02,-0.0384375,-0.000535313
8.0090e-02,-0.039375,-0.000156563
8.0100e-02,-0.0389063,-0.000246875
8.0110e-02,-0.038125,-0.000456875
8.0120e-02,-0.0378125,0.000249688
8.0130e-02,-0.045625,-0.000317188
8.0140e-02,-0.0284375,-0.000269688
8.0150e-02,-0.0435938,0.000645313
8.0160e-02,-0.0440625,0.00084375
8.0170e-02,-0.0465625,0.0007625
8.0180e-02,-0.0467188,0.000315313
8.0190e-02,-0.0414063,0.00016375
8.0200e-02,-0.0403125,-0.000688125
8.0210e-02,-0.0382813,-0.000278125
8.0220e-02,-0.04,0.000258125
8.0230e-02,-0.0354688,0.000885313
8.0240e-02,-0.0378125,0.0005775
8.0250e-02,-0.0370313,0.000209688
8.0260e-02,-0.049375,0.000428438
8.0270e-02,-0.031875,-0.000372188
8.0280e-02,-0.0425,0.00059625
8.0290e-02,-0.0415625,0.000323438
8.0300e-02,-0.0376563,0.000904688
8.0310e-02,-0.041875,-6.375e-05
8.0320e-02,-0.0434375,-0.00104406
8.0330e-02,-0.0398437,-0.00199219
8.0340e-02,-0.0459375,-0.00076125
8.0350e-02,-0.0385937,0.000419688
8.0360e-02,-0.05,0.000694063
8.0370e-02,-0.0457813,0.000584375
8.0380e-02,-0.041875,-0.000991563
8.0390e-02,-0.0376563,-0.00206219
8.0400e-02,-0.045625,-0.0019825
8.0410e-02,-0.0282813,0.000501563
8.0420e-02,-0.0367188,0.00168594
8.0430e-02,-0.0425,0.00136938
8.0440e-02,-0.045625,0.00077875
8.0450e-02,-0.0296875,-0.00128688
8.0460e-02,-0.0392187,-0.00165594
8.0470e-02,-0.0498438,-0.000800938
8.0480e-02,-0.0479688,0.000838438
8.0490e-02,-0.0360938,0.00217844
8.0500e-02,-0.0309375,0.00138938
8.0510e-02,-0.0435938,-1.28125e-05
8.0520e-02,-0.04,-0.00143
8.0530e-02,-0.0470312,-0.000787188
8.0540e-02,-0.0529687,0.000137188
8.0550e-02,-0.034375,0.00124594
8.0560e-02,-0.0345312,0.00189688
8.0570e-02,-0.0420312,0.000507188
8.0580e-02,-0.0445313,-0.000855
8.0590e-02,-0.0446875,-0.0017075
8.0600e-02,-0.0503125,-0.000895
8.0610e-02,-0.0357813,0.00025125
8.0620e-02,-0.0439063,0.000803125
8.0630e-02,-0.0514063,0.00122281
8.0640e-02,-0.0471875,-0.0001
8.0650e-02,-0.0309375,-0.000602813
8.0660e-02,-0.035625,-0.000466563
8.0670e-02,-0.0389063,-0.000435938
8.0680e-02,-0.0339062,0.00112
8.0690e-02,-0.0517188,0.00152594
8.0700e-02,-0.045,0.00072375
8.0710e-02,-0.040625,-0.000140938
8.0720e-02,-0.0417187,-0.00105375
8.0730e-02,-0.0360938,-0.00078375
8.0740e-02,-0.0479688,-4.9375e-05
8.0750e-02,-0.0459375,0.000828125
8.0760e-02,-0.038125,0.000757813
8.0770e-02,-0.0415625,5.53125e-05
8.0780e-02,-0.0470312,-0.000206563
8.0790e-02,-0.055,-0.0004275
8.0800e-02,-0.0395313,0.000715625
8.0810e-02,-0.0471875,0.00121469
8.0820e-02,-0.0454688,0.000907188
8.0830e-02,-0.0385937,0.000942188
8.0840e-02,-0.04,-0.00017125
8.0850e-02,-0.0584375,-0.000431563
8.0860e-02,-0.0464062,-0.000360938
8.0870e-02,-0.0432813,0.000769375
8.0880e-02,-0.0442188,0.00113094
8.0890e-02,-0.0409375,0.000908125
8.0900e-02,-0.0384375,-0.000289688
8.0910e-02,-0.0454688,-0.00157156
8.0920e-02,-0.044375,-0.00074875
8.0930e-02,-0.0376563,-0.000607813
8.0940e-02,-0.0523437,0.000297813
8.0950e-02,-0.0475,0.000217813
8.0960e-02,-0.0364063,-1.9375e-05
8.0970e-02,-0.0370313,-0.000634375
8.0980e-02,-0.0445313,-0.000482188
8.0990e-02,-0.0467188,-0.000980625
8.1000e-02,-0.0440625,-6.875e-06
8.1010e-02,-0.0467188,0.000629375
8.1020e-02,-0.0476562,0.000252812
8.1030e-02,-0.0471875,-0.000580313
8.1040e-02,-0.0323438,-0.000710313
8.1050e-02,-0.0504687,-0.000605
8.1060e-02,-0.0428125,0.000176563
8.1070e-02,-0.0385937,0.000698125
8.1080e-02,-0.0375,0.000902813
8.1090e-02,-0.0389063,0.000313438
8.1100e-02,-0.0384375,-0.00032
8.1110e-02,-0.0471875,-0.000997188
8.1120e-02,-0.0495312,-0.000630313
8.1130e-02,-0.0426562,-0.00038125
8.1140e-02,-0.0440625,0.000805313
8.1150e-02,-0.0492188,-1.25e-05
8.1160e-02,-0.0378125,-0.000417813
8.1170e-02,-0.0385937,4.46875e-05
8.1180e-02,-0.045625,-0.000139688
8.1190e-02,-0.0496875,7.28125e-05
8.1200e-02,-0.0432813,5.90625e-05
8.1210e-02,-0.0464062,0.000200625
8.1220e-02,-0.0460938,0.00054875
8.1230e-02,-0.04375,-6.5e-05
8.1240e-02,-0.02875,-0.000685625
8.1250e-02,-0.0467188,-5.90625e-05
8.1260e-02,-0.0376563,0.000361875
8.1270e-02,-0.0392187,0.000165313
8.1280e-02,-0.0517188,0.000457188
8.1290e-02,-0.0457813,-7.1875e-05
8.1300e-02,-0.0403125,-0.000229063
8.1310e-02,-0.0492188,-0.0001025
8.1320e-02,-0.0596875,-0.000165938
8.1330e-02,-0.0382813,0.00057625
8.1340e-02,-0.0410937,0.0003525
8.1350e-02,-0.0507812,-8.90625e-05
8.1360e-02,-0.0482812,9.0625e-06
8.1370e-02,-0.0429688,-0.000849375
8.1380e-02,-0.043125,-0.000594375
8.1390e-02,-0.0432813,-0.000556563
8.1400e-02,-0.0340625,-0.000606875
8.1410e-02,-0.0292188,-3.125e-05
8.1420e-02,-0.051875,-0.000465313
8.1430e-02,-0.04,-0.000594375
8.1440e-02,-0.0495312,-7.1875e-05
8.1450e-02,-0.0471875,-0.000488438
8.1460e-02,-0.0421875,-7.875e-05
8.1470e-02,-0.0460938,0.000270938
8.1480e-02,-0.0345312,3.28125e-05
8.1490e-02,-0.0396875,-0.000105938
8.1500e-02,-0.041875,-0.0001675
8.1510e-02,-0.045625,-0.000643125
8.1520e-02,-0.0257812,0.000499688
8.1530e-02,-0.0492188,-0.0007725
8.1540e-02,-0.0514063,-0.000287188
8.1550e-02,-0.043125,0.000223125
8.1560e-02,-0.0348437,0.00020875
8.1570e-02,-0.03125,0.00071375
8.1580e-02,-0.0292188,0.000416875
8.1590e-02,-0.0329688,0.000502813
8.1600e-02,-0.044375,0.000628438
8.1610e-02,-0.0590625,0.000433438
8.1620e-02,-0.035,0.000116875
8.1630e-02,-0.0471875,0.000228125
8.1640e-02,-0.0357813,0.000742813
8.1650e-02,-0.0401563,0.000957813
8.1660e-02,-0.0534375,0.0008125
8.1670e-02,-0.0526563,0.000136875
8.1680e-02,-0.0540625,0.0001175
8.1690e-02,-0.0523437,0.000494063
8.1700e-02,-0.0334375,0.000541875
8.1710e-02,-0.028125,0.000795
8.1720e-02,-0.0464062,0.0002425
8.1730e-02,-0.056875,0.000183125
8.1740e-02,-0.0432813,0.00014375
8.1750e-02,-0.038125,-0.000396875
8.1760e-02,-0.0371875,-0.00024625
8.1770e-02,-0.0495312,0.000367813
8.1780e-02,-0.0407813,-0.000690313
8.1790e-02,-0.0525,-0.000705625
8.1800e-02,-0.0520313,0.000124063
8.1810e-02,-0.055625,-0.000465
8.1820e-02,-0.0440625,-0.00028625
8.1830e-02,-0.0542187,-6.5625e-06
8.1840e-02,-0.048125,0.000360313
8.1850e-02,-0.0478125,0.000284063
8.1860e-02,-0.0426562,0.00074625
8.1870e-02,-0.0448438,0.0002125
8.1880e-02,-0.0484375,0.000505625
8.1890e-02,-0.056875,-0.000112188
8.1900e-02,-0.0545313,-0.000170938
8.1910e-02,-0.04625,0.000701875
8.1920e-02,-0.0382813,0.0004625
8.1930e-02,-0.045625,0.000109375
8.1940e-02,-0.0459375,-0.000457188
8.1950e-02,-0.04625,0.00105406
8.1960e-02,-0.0389063,0.000129375
8.1970e-02,-0.0435938,-0.000165313
8.1980e-02,-0.0417187,-0.00012375
8.1990e-02,-0.0395313,0.000367188
8.2000e-02,-0.04125,-0.00058125
8.2010e-02,-0.0401563,-2.5e-05
8.2020e-02,-0.0445313,7.1875e-06
8.2030e-02,-0.0529687,0.000794688
8.2040e-02,-0.0395313,0.000389688
8.2050e-02,-0.0521875,0.000348438
8.2060e-02,-0.036875,-4.53125e-05
8.2070e-02,-0.0440625,0.0004975
8.2080e-02,-0.0332812,0.00036375
8.2090e-02,-0.0509375,-0.000152188
8.2100e-02,-0.0339062,-0.000370313
8.2110e-02,-0.0535937,-6.875e-06
8.2120e-02,-0.0410937,-0.000157188
8.2130e-02,-0.0371875,-5.53125e-05
8.2140e-02,-0.0532813,-0.000221875
8.2150e-02,-0.0423437,0.000371563
8.2160e-02,-0.0520313,-8.28125e-05
8.2170e-02,-0.0489062,0.000212188
8.2180e-02,-0.0470312,7.03125e-05
8.2190e-02,-0.0470312,-7.21875e-05
8.2200e-02,-0.039375,8.5e-05
8.2210e-02,-0.0425,-0.000391875
8.2220e-02,-0.0501562,-0.000295313
8.2230e-02,-0.0520313,-0.00028
8.2240e-02,-0.0629688,-0.00069625
8.2250e-02,-0.04625,0.00030625
8.2260e-02,-0.0553125,3.03125e-05
8.2270e-02,-0.0464062,-0.000410313
8.2280e-02,-0.0478125,0.000224375
8.2290e-02,-0.048125,-0.000245313
8.2300e-02,-0.0404687,0.000188125
8.2310e-02,-0.0448438,0.000552188
8.2320e-02,-0.0542187,-9.375e-05
8.2330e-02,-0.0357813,-0.000695
8.2340e-02,-0.05125,-0.000172188
8.2350e-02,-0.0476562,0.000125625
8.2360e-02,-0.0523437,-3.3125e-05
8.2370e-02,-0.0607812,0.000339063
8.2380e-02,-0.0459375,0.0001775
8.2390e-02,-0.0453125,0.000150625
8.2400e-02,-0.0421875,-0.00053625
8.2410e-02,-0.0410937,-0.00028375
8.2420e-02,-0.0498438,-0.000440313
8.2430e-02,-0.050625,-3.4375e-06
8.2440e-02,-0.0448438,0.000654688
8.2450e-02,-0.0615625,-8.25e-05
8.2460e-02,-0.053125,-4.46875e-05
8.2470e-02,-0.0470312,-0.000271563
8.2480e-02,-0.0359375,0.000460625
8.2490e-02,-0.0446875,0.00041
8.2500e-02,-0.0403125,0.000467188
8.2510e-02,-0.0490625,0.0004475
8.2520e-02,-0.0496875,-8.40625e-05
8.2530e-02,-0.05125,-0.000184375
8.2540e-02,-0.0503125,-0.000403438
8.2550e-02,-0.0435938,-0.0002
8.2560e-02,-0.036875,0.0002825
8.2570e-02,-0.0495312,-6.03125e-05
8.2580e-02,-0.0423437,-0.000350625
8.2590e-02,-0.0392187,-0.000633438
8.2600e-02,-0.0454688,-0.000244063
8.2610e-02,-0.0457813,-0.00051625
8.2620e-02,-0.0510938,-0.000507188
8.2630e-02,-0.0403125,-0.000294375
8.2640e-02,-0.0492188,0.00026625
8.2650e-02,-0.0409375,-0.00012625
8.2660e-02,-0.044375,-0.000618125
8.2670e-02,-0.0360938,-0.000919688
8.2680e-02,-0.0525,-0.000802188
8.2690e-02,-0.0434375,-0.000205313
8.2700e-02,-0.053125,-0.000320313
8.2710e-02,-0.0507812,-0.000210938
8.2720e-02,-0.0382813,-0.000305
8.2730e-02,-0.053125,-0.000215938
8.2740e-02,-0.0523437,-0.000332188
8.2750e-02,-0.0404687,0.000129688
8.2760e-02,-0.0353125,0.000520625
8.2770e-02,-0.0446875,0.000187813
8.2780e-02,-0.0523437,0.00114063
8.2790e-02,-0.044375,0.000501563
8.2800e-02,-0.04375,-0.00018125
8.2810e-02,-0.0520313,0.000635938
8.2820e-02,-0.0451563,-0.000472188
8.2830e-02,-0.0415625,0.000169375
8.2840e-02,-0.0370313,7.65625e-05
8.2850e-02,-0.0428125,0.000165625
8.2860e-02,-0.0465625,-0.000364063
8.2870e-02,-0.0435938,-0.000332188
8.2880e-02,-0.0410937,-0.0002425
8.2890e-02,-0.0459375,0.00035625
8.2900e-02,-0.043125,0.000199063
8.2910e-02,-0.0282813,0.000515
8.2920e-02,-0.0509375,0.000209688
8.2930e-02,-0.0482812,0.000373438
8.2940e-02,-0.04,-0.000740313
8.2950e-02,-0.045,-0.000167188
8.2960e-02,-0.0364063,0.000127188
8.2970e-02,-0.058125,0.000640938
8.2980e-02,-0.0515625,0.000629688
8.2990e-02,-0.0370313,0.000541563
8.3000e-02,-0.03625,-0.000292813
8.3010e-02,-0.041875,9.75e-05
8.3020e-02,-0.058125,-0.0002725
8.3030e-02,-0.0445313,-0.00115125
8.3040e-02,-0.0428125,-0.000830938
8.3050e-02,-0.04125,-0.000576563
8.3060e-02,-0.0326562,-0.000591875
8.3070e-02,-0.0423437,-0.00043125
8.3080e-02,-0.0340625,-0.000778438
8.3090e-02,-0.0540625,-0.000299063
8.3100e-02,-0.0471875,0.00057
8.3110e-02,-0.049375,0.00023
8.3120e-02,-0.0445313,-0.000395938
8.3130e-02,-0.0454688,-0.000703438
8.3140e-02,-0.038125,-0.000148125
8.3150e-02,-0.0535937,0.000219688
8.3160e-02,-0.050625,0.000288438
8.3170e-02,-0.0378125,-0.000296875
8.3180e-02,-0.0429688,-0.000229688
8.3190e-02,-0.0310937,-0.00045125
8.3200e-02,-0.043125,-0.00049875
8.3210e-02,-0.0482812,-0.000312188
8.3220e-02,-0.0479688,-3.125e-07
8.3230e-02,-0.049375,-4.84375e-05
8.3240e-02,-0.0423437,-0.00083125
8.3250e-02,-0.0503125,-0.000289375
8.3260e-02,-0.0520313,-0.000274688
8.3270e-02,-0.046875,0.000277188
8.3280e-02,-0.0498438,-2.84375e-05
8.3290e-02,-0.046875,-2.1875e-06
8.3300e-02,-0.0479688,0.000389688
8.3310e-02,-0.0420312,0.000146563
8.3320e-02,-0.036875,0.000377813
8.3330e-02,-0.045,-0.000147188
8.3340e-02,-0.0515625,0.000112813
8.3350e-02,-0.0503125,-3e-05
8.3360e-02,-0.0451563,0.000251875
8.3370e-02,-0.0315625,0.000844375
8.3380e-02,-0.0545313,-0.000265625
8.3390e-02,-0.04625,-0.00024
8.3400e-02,-0.035625,0.0003075
8.3410e-02,-0.0414063,0.000153438
8.3420e-02,-0.0421875,0.000130938
8.3430e-02,-0.0489062,8.125e-06
8.3440e-02,-0.045,-0.000316563
8.3450e-02,-0.0382813,-0.000386563
8.3460e-02,-0.04875,-5.71875e-05
8.3470e-02,-0.0478125,-3.15625e-05
8.3480e-02,-0.033125,-9.0625e-06
8.3490e-02,-0.04875,-7.28125e-05
8.3500e-02,-0.0473438,-0.000413125
8.3510e-02,-0.0417187,-0.0008
8.3520e-02,-0.0479688,-0.00043125
8.3530e-02,-0.0479688,-7.875e-05
8.3540e-02,-0.0470312,-0.000281563
8.3550e-02,-0.048125,-0.000601563
8.3560e-02,-0.0360938,0.0002825
8.3570e-02,-0.0490625,0.000144375
8.3580e-02,-0.0373438,-0.000167813
8.3590e-02,-0.0473438,0.000379063
8.3600e-02,-0.04875,-0.000634375
8.3610e-02,-0.0489062,-0.000111875
8.3620e-02,-0.0370313,0.000195313
8.3630e-02,-0.0553125,0.000189375
8.3640e-02,-0.045,0.000240313
8.3650e-02,-0.0471875,0.000485938
8.3660e-02,-0.0467188,-0.0001775
8.3670e-02,-0.0375,0.000133438
8.3680e-02,-0.0467188,0.000344375
8.3690e-02,-0.0548437,-0.000323125
8.3700e-02,-0.05,0.000265313
8.3710e-02,-0.0451563,4.1875e-05
8.3720e-02,-0.0501562,-0.00033
8.3730e-02,-0.0420312,-0.000493125
8.3740e-02,-0.0351562,-0.000550313
8.3750e-02,-0.0410937,-0.000360313
8.3760e-02,-0.0510938,-0.000122813
8.3770e-02,-0.0559375,0.000271563
8.3780e-02,-0.0457813,-0.000657813
8.3790e-02,-0.0489062,-0.000365625
8.3800e-02,-0.0515625,0.00060875
8.3810e-02,-0.0560937,7.09375e-05
8.3820e-02,-0.0448438,0.000612188
8.3830e-02,-0.0495312,0.00043375
8.3840e-02,-0.0526563,-0.000416875
8.3850e-02,-0.0459375,-0.000495625
8.3860e-02,-0.0435938,-5.625e-05
8.3870e-02,-0.0425,0.000360625
8.3880e-02,-0.0542187,9.53125e-05
8.3890e-02,-0.05,0.000450313
8.3900e-02,-0.0529687,0.000527813
8.3910e-02,-0.0576563,0.000382188
8.3920e-02,-0.0598438,-3.625e-05
8.3930e-02,-0.0528125,-0.00055875
8.3940e-02,-0.0453125,-7.53125e-05
8.3950e-02,-0.0432813,0.0001425
8.3960e-02,-0.0515625,-4.375e-05
8.3970e-02,-0.0560937,0.000112813
8.3980e-02,-0.0271875,0.00011125
8.3990e-02,-0.0554687,-0.000193125
8.4000e-02,-0.0526563,-0.000238125
8.4010e-02,-0.0490625,-2.75e-05
8.4020e-02,-0.0473438,5.15625e-05
8.4030e-02,-0.04625,0.000460938
8.4040e-02,-0.0395313,-7.6875e-05
8.4050e-02,-0.0532813,-0.000420625
8.4060e-02,-0.0484375,-1.9375e-05
8.4070e-02,-0.0471875,-0.0003025
8.4080e-02,-0.04625,-4.6875e-06
8.4090e-02,-0.055,0.000369688
8.4100e-02,-0.050625,0.000615313
8.4110e-02,-0.0498438,0.000225938
8.4120e-02,-0.0501562,-0.000365625
8.4130e-02,-0.0509375,-0.00061375
8.4140e-02,-0.058125,-0.000236875
8.4150e-02,-0.0551563,0.00165594
8.4160e-02,-0.0421875,0.00126688
8.4170e-02,-0.0498438,0.000786875
8.4180e-02,-0.0451563,-0.000534063
8.4190e-02,-0.05125,-0.000396563
8.4200e-02,-0.0425,-0.000560938
8.4210e-02,-0.0520313,-0.00018625
8.4220e-02,-0.0565625,0.00128688
8.4230e-02,-0.0451563,0.000154063
8.4240e-02,-0.0548437,-0.000903438
8.4250e-02,-0.03875,-0.00142813
8.4260e-02,-0.0571875,-0.000792188
8.4270e-02,-0.0546875,-9.40625e-05
8.4280e-02,-0.0585938,0.000926875
8.4290e-02,-0.0475,0.000595938
8.4300e-02,-0.0596875,0.000314063
8.4310e-02,-0.0379688,-0.000610313
8.4320e-02,-0.031875,-0.000985938
8.4330e-02,-0.0409375,-0.000601563
8.4340e-02,-0.055625,0.00114344
8.4350e-02,-0.0439063,0.00124156
8.4360e-02,-0.046875,0.000593125
8.4370e-02,-0.0553125,-0.00134219
8.4380e-02,-0.0526563,-0.00163094
8.4390e-02,-0.0548437,-0.00174
8.4400e-02,-0.0553125,8.46875e-05
8.4410e-02,-0.0401563,0.000962813
8.4420e-02,-0.0471875,0.00097375
8.4430e-02,-0.0492188,0.00118188
8.4440e-02,-0.0446875,0.0010775
8.4450e-02,-0.056875,0.00114063
8.4460e-02,-0.041875,0.00140281
8.4470e-02,-0.0375,0.00139
8.4480e-02,-0.0471875,0.00123406
8.4490e-02,1.24844,0.000946563
8.4500e-02,1.70156,-0.00273063
8.4510e-02,0.643437,-0.00587813
8.4520e-02,0.592812,-0.00699938
8.4530e-02,0.870625,-0.00796625
8.4540e-02,0.10125,-0.00759813
8.4550e-02,0.109062,-0.00763844
8.4560e-02,0.0759375,-0.00752531
8.4570e-02,0.0789062,-0.00760813
8.4580e-02,0.0559375,-0.00741406
8.4590e-02,0.0520313,-0.00749438
8.4600e-02,0.050625,-0.00764781
8.4610e-02,0.039375,-0.00782781
8.4620e-02,0.0471875,-0.0075825
8.4630e-02,0.0270313,-0.00760406
8.4640e-02,0.0398437,-0.00748063
8.4650e-02,0.0296875,-0.0075475
8.4660e-02,0.023125,-0.00741
8.4670e-02,0.0289062,-0.00741719
8.4680e-02,0.0264063,-0.00735031
8.4690e-02,0.0235938,-0.00761313
8.4700e-02,0.02625,-0.00741781
8.4710e-02,0.0285937,-0.00745
8.4720e-02,0.0151562,-0.00726188
8.4730e-02,0.014375,-0.0071675
8.4740e-02,0.0154687,-0.00758844
8.4750e-02,0.0128125,-0.00378938
8.4760e-02,0.0203125,9.8125e-05
8.4770e-02,0.0103125,0.00108406
8.4780e-02,0.0120312,-0.000213438
8.4790e-02,0.0196875,-0.001605
8.4800e-02,-0.0021875,-0.00230906
8.4810e-02,0.01,-0.000693125
8.4820e-02,0.0210937,0.00126281
8.4830e-02,0.00046875,0.00212094
8.4840e-02,0.00578125,0.000306563
8.4850e-02,0.01125,-0.00139094
8.4860e-02,0.003125,-0.00141875
8.4870e-02,0.00671875,-0.000775
8.4880e-02,0.0078125,0.000696875
8.4890e-02,-0.00453125,0.00159125
8.4900e-02,0.0040625,0.000876875
8.4910e-02,-0.0109375,-0.000575625
8.4920e-02,-0.00671875,-0.00165406
8.4930e-02,-0.008125,-0.00130781
8.4940e-02,-0.00671875,-0.000335938
8.4950e-02,0.00171875,0.000865938
8.4960e-02,-0.00609375,0.00109469
8.4970e-02,-0.00625,-3.34375e-05
8.4980e-02,-0.01375,-0.00073125
8.4990e-02,0.00375,-0.000835
8.5000e-02,-0.00453125,-0.0007475
8.5010e-02,-0.00140625,0.000174375
8.5020e-02,-0.00875,0.0001125
8.5030e-02,-0.0120313,0.000922188
8.5040e-02,-0.0109375,-0.000617813
8.5050e-02,-0.00453125,-0.000658125
8.5060e-02,-0.0121875,-0.000913125
8.5070e-02,-0.0125,8.46875e-05
8.5080e-02,0.010625,0.000549063
8.5090e-02,-0.014375,0.0006525
8.5100e-02,-0.00796875,8.75e-05
8.5110e-02,-0.0090625,-0.000685313
8.5120e-02,-0.009375,-0.00161031
8.5130e-02,-0.020625,-0.000202813
8.5140e-02,-0.013125,0.000667188
8.5150e-02,-0.0021875,0.000300313
8.5160e-02,-0.0146875,0.000361563
8.5170e-02,-0.009375,-0.000284688
8.5180e-02,-0.0126563,-0.000165313
8.5190e-02,-0.018125,-1.40625e-05
8.5200e-02,-0.0128125,0.000786875
8.5210e-02,-0.01125,0.00109219
8.5220e-02,-0.0210938,0.000419688
8.5230e-02,-0.0129688,-0.000152813
8.5240e-02,-0.0176563,-0.000488438
8.5250e-02,-0.01875,-0.00019125
8.5260e-02,-0.0114062,-0.000811875
8.5270e-02,-0.0171875,-0.000362813
8.5280e-02,-0.0096875,0.000398438
8.5290e-02,-0.0101563,0.000180625
8.5300e-02,-0.0226562,0.00011375
8.5310e-02,-0.0078125,-0.0005125
8.5320e-02,-0.0075,-0.000234688
8.5330e-02,-0.0195312,-0.000394063
8.5340e-02,-0.0096875,-0.000426875
8.5350e-02,-0.00640625,-0.000425
8.5360e-02,-0.0153125,0.000122188
8.5370e-02,-0.006875,-5.46875e-05
8.5380e-02,-0.0103125,-0.00085125
8.5390e-02,-0.0107813,9.40625e-05
8.5400e-02,-0.01,-0.000285625
8.5410e-02,-0.014375,0.00025
8.5420e-02,-0.0104688,2.4375e-05
8.5430e-02,-0.0142188,-0.000341563
8.5440e-02,-0.0129688,-2.4375e-05
8.5450e-02,-0.0154687,-0.000740313
8.5460e-02,-0.0246875,-0.0004475
8.5470e-02,-0.00921875,-0.0006575
8.5480e-02,-0.0160938,-0.000342813
8.5490e-02,-0.0059375,0.00015875
8.5500e-02,-0.01875,0.000358438
8.5510e-02,-0.0215625,7.125e-05
8.5520e-02,-0.0182812,-0.00095
8.5530e-02,-0.0282813,5.28125e-05
8.5540e-02,-0.02375,0.000151875
8.5550e-02,-0.0159375,0.000202188
8.5560e-02,-0.02375,0.00035
8.5570e-02,-0.02,-0.000121563
8.5580e-02,-0.0345312,-0.000390313
8.5590e-02,-0.005,-0.000137813
8.5600e-02,-0.0179687,-0.00048
8.5610e-02,-0.0223437,0.000256563
8.5620e-02,-0.02125,-0.000288438
8.5630e-02,-0.0296875,-0.00012125
8.5640e-02,-0.0214063,-0.00134719
8.5650e-02,-0.0209375,0.000237813
8.5660e-02,-0.0228125,-7.96875e-05
8.5670e-02,-0.0195312,2.875e-05
8.5680e-02,-0.0226562,0.000380313
8.5690e-02,-0.0234375,0.00038
8.5700e-02,-0.0201563,0.000136563
8.5710e-02,-0.0121875,0.000355938
8.5720e-02,-0.019375,0.000266875
8.5730e-02,-0.0317188,-6.15625e-05
8.5740e-02,-0.0220313,0.000326563
8.5750e-02,-0.0175,0.000251562
8.5760e-02,-0.0278125,0.000692188
8.5770e-02,-0.0215625,0.000115313
8.5780e-02,-0.0289063,3.46875e-05
8.5790e-02,-0.0214063,-0.000126563
8.5800e-02,-0.0317188,-0.000186875
8.5810e-02,-0.0259375,-9.09375e-05
8.5820e-02,-0.020625,0.000359688
8.5830e-02,-0.0096875,-8.875e-05
8.5840e-02,-0.0210938,0.000117813
8.5850e-02,-0.0285938,-0.000207188
8.5860e-02,-0.0351562,-3.15625e-05
8.5870e-02,-0.0190625,0.000504688
8.5880e-02,-0.0326562,0.00055625
8.5890e-02,-0.025625,0.00016375
8.5900e-02,-0.023125,0.000156563
8.5910e-02,-0.0289063,-0.000499375
8.5920e-02,-0.0314062,4.90625e-05
8.5930e-02,-0.0257812,-5.9375e-06
8.5940e-02,-0.0223437,0.000385625
8.5950e-02,-0.0235938,0.000267188
8.5960e-02,-0.0396875,-0.000162813
8.5970e-02,-0.0251563,-1.8125e-05
8.5980e-02,-0.0215625,-0.000371875
8.5990e-02,-0.0198438,-0.000100625
8.6000e-02,-0.036875,0.000194688
8.6010e-02,-0.0215625,-5.1875e-05
8.6020e-02,-0.03,-0.000292188
8.6030e-02,-0.0284375,-0.000400313
8.6040e-02,-0.0195312,0.000219688
8.6050e-02,-0.0296875,-0.000204063
8.6060e-02,-0.0325,3.96875e-05
8.6070e-02,-0.0384375,-8.78125e-05
8.6080e-02,-0.0284375,0.000265313
8.6090e-02,-0.031875,0.00024625
8.6100e-02,-0.0232812,1.5625e-05
8.6110e-02,-0.0221875,0.000402188
8.6120e-02,-0.0225,-0.000584688
8.6130e-02,-0.025,-0.000251562
8.6140e-02,-0.0229687,-0.0006325
8.6150e-02,-0.0225,-1.53125e-05
8.6160e-02,-0.0309375,8.375e-05
8.6170e-02,-0.0295313,-0.000194688
8.6180e-02,-0.030625,-0.000524063
8.6190e-02,-0.0357813,-0.000654375
8.6200e-02,-0.0423437,-0.00064
8.6210e-02,-0.0371875,-0.000245625
8.6220e-02,-0.0189062,0.000417813
8.6230e-02,-0.0415625,-3.78125e-05
8.6240e-02,-0.0342187,-0.000325
8.6250e-02,-0.0304688,0.000286875
8.6260e-02,-0.0203125,-0.000600313
8.6270e-02,-0.0271875,-0.00052625
8.6280e-02,-0.0309375,0.000265938
8.6290e-02,-0.0267187,-0.00066375
8.6300e-02,-0.0275,0.000108125
8.6310e-02,-0.0214063,-5.0625e-05
8.6320e-02,-0.031875,-0.000777188
8.6330e-02,-0.0328125,0.000645
8.6340e-02,-0.0345312,-0.001025
8.6350e-02,-0.025625,-0.000583125
8.6360e-02,-0.0276563,-0.000545625
8.6370e-02,-0.02375,-0.00019375
8.6380e-02,-0.0309375,-0.000490625
8.6390e-02,-0.028125,-0.000264688
8.6400e-02,-0.0373438,4.9375e-05
8.6410e-02,-0.0221875,0.0003475
8.6420e-02,-0.0285938,3.34375e-05
8.6430e-02,-0.0339062,0.000460625
8.6440e-02,-0.02625,-7.1875e-05
8.6450e-02,-0.0353125,-0.0004975
8.6460e-02,-0.0282813,0.000318125
8.6470e-02,-0.0295313,0.000402188
8.6480e-02,-0.03125,0.000686875
8.6490e-02,-0.0373438,0.000225938
8.6500e-02,-0.0296875,-0.000212813
8.6510e-02,-0.0353125,-0.00088625
8.6520e-02,-0.0376563,-0.00107563
8.6530e-02,-0.036875,-5.96875e-05
8.6540e-02,-0.0265625,4.5e-05
8.6550e-02,-0.035625,-0.000134375
8.6560e-02,-0.0317188,-0.00049875
8.6570e-02,-0.031875,0.000198438
8.6580e-02,-0.0295313,-0.000486875
8.6590e-02,-0.0389063,-0.000194688
8.6600e-02,-0.038125,0.000194063
8.6610e-02,-0.024375,0.000330625
8.6620e-02,-0.0357813,-0.000398438
8.6630e-02,-0.035625,-0.000959688
8.6640e-02,-0.0221875,-0.000203125
8.6650e-02,-0.0332812,-0.0001375
8.6660e-02,-0.0417187,-0.00075
8.6670e-02,-0.0398437,-9.03125e-05
8.6680e-02,-0.0228125,0.000352188
8.6690e-02,-0.0370313,-0.000216875
8.6700e-02,-0.0339062,0.000121875
8.6710e-02,-0.023125,-0.00037875
8.6720e-02,-0.0323438,-0.000233438
8.6730e-02,-0.0395313,0.000240938
8.6740e-02,-0.0420312,-0.00082
8.6750e-02,-0.02625,-0.000390938
8.6760e-02,-0.0242188,0.000207188
8.6770e-02,-0.0267187,-0.000514063
8.6780e-02,-0.020625,-0.000486875
8.6790e-02,-0.028125,0.000409063
8.6800e-02,-0.0321875,0.000240625
8.6810e-02,-0.0417187,-0.000895938
8.6820e-02,-0.0248438,-0.00089875
8.6830e-02,-0.0270312,2.625e-05
8.6840e-02,-0.0315625,-0.000341563
8.6850e-02,-0.0351562,0.00079625
8.6860e-02,-0.0342187,0.000388125
8.6870e-02,-0.0395313,-3.75e-06
8.6880e-02,-0.0276563,-0.000252812
8.6890e-02,-0.030625,-0.000303125
8.6900e-02,-0.0260937,-0.00068875
8.6910e-02,-0.0398437,-0.000630938
8.6920e-02,-0.0359375,-0.000108438
8.6930e-02,-0.0296875,-0.000105313
8.6940e-02,-0.0242188,-0.00125781
8.6950e-02,-0.0348437,-0.000332813
8.6960e-02,-0.0246875,-0.000989375
8.6970e-02,-0.0373438,-0.0002825
8.6980e-02,-0.044375,0.00040125
8.6990e-02,-0.025,7.625e-05
8.7000e-02,-0.021875,0.000149063
8.7010e-02,-0.02875,0.000422188
8.7020e-02,-0.0460938,-0.000765313
8.7030e-02,-0.0309375,-0.000227188
8.7040e-02,-0.0265625,-6.875e-06
8.7050e-02,-0.0367188,-0.000744688
8.7060e-02,-0.05,-7.09375e-05
8.7070e-02,-0.0465625,-0.000416563
8.7080e-02,-0.0310937,9.09375e-05
8.7090e-02,-0.0365625,-0.000312188
8.7100e-02,-0.0375,0.00062875
8.7110e-02,-0.0340625,0.000662188
8.7120e-02,-0.0248438,-2.40625e-05
8.7130e-02,-0.031875,0.0001575
8.7140e-02,-0.0359375,0.000254063
8.7150e-02,-0.0246875,-0.00014875
8.7160e-02,-0.0201563,8.21875e-05
8.7170e-02,-0.0415625,-0.000422813
8.7180e-02,-0.0215625,9.15625e-05
8.7190e-02,-0.0270312,-0.000335625
8.7200e-02,-0.0348437,-0.000354688
8.7210e-02,-0.0359375,-0.000679688
8.7220e-02,-0.0332812,-0.00075375
8.7230e-02,-0.0315625,-0.000254688
8.7240e-02,-0.0328125,-0.0006675
8.7250e-02,-0.0320312,0.000458125
8.7260e-02,-0.0339062,0.000410313
8.7270e-02,-0.0359375,-0.000130938
8.7280e-02,-0.0334375,-0.000292813
8.7290e-02,-0.0282813,-0.000447188
8.7300e-02,-0.035625,0.000417813
8.7310e-02,-0.0334375,2.28125e-05
8.7320e-02,-0.034375,0.000126875
8.7330e-02,-0.0296875,0.000642188
8.7340e-02,-0.0321875,-0.000575
8.7350e-02,-0.0365625,-0.00029625
8.7360e-02,-0.0307813,-0.000109375
8.7370e-02,-0.030625,-4.96875e-05
8.7380e-02,-0.0282813,8.5e-05
8.7390e-02,-0.03125,-0.000477813
8.7400e-02,-0.03375,3.1875e-05
8.7410e-02,-0.0425,6.65625e-05
8.7420e-02,-0.0390625,-0.000300625
8.7430e-02,-0.0259375,0.00102031
8.7440e-02,-0.0332812,-0.000395625
8.7450e-02,-0.0348437,-0.000474688
8.7460e-02,-0.0289063,-0.000151563
8.7470e-02,-0.0365625,-9.875e-05
8.7480e-02,-0.0473438,-0.000897188
8.7490e-02,-0.0401563,-0.000548438
8.7500e-02,-0.0335937,0.00023
8.7510e-02,-0.0465625,-0.00019375
8.7520e-02,-0.0309375,-6.71875e-05
8.7530e-02,-0.0340625,3.6875e-05
8.7540e-02,-0.0375,0.00034125
8.7550e-02,-0.040625,-7.5625e-05
8.7560e-02,-0.0321875,-0.000454375
8.7570e-02,-0.0353125,-0.00099125
8.7580e-02,-0.0442188,-0.000177813
8.7590e-02,-0.0403125,-0.000432188
8.7600e-02,-0.0353125,0.0003725
8.7610e-02,-0.035,0.000258125
8.7620e-02,-0.0282813,0.000574063
8.7630e-02,-0.0326562,0.000234063
8.7640e-02,-0.0307813,0.000249063
8.7650e-02,-0.0423437,7.15625e-05
8.7660e-02,-0.0404687,0.000495
8.7670e-02,-0.0335937,-0.000289375
8.7680e-02,-0.0309375,9.375e-05
8.7690e-02,-0.0479688,0.000354063
8.7700e-02,-0.0321875,5.5e-05
8.7710e-02,-0.04125,0.00059
8.7720e-02,-0.045,0.000647188
8.7730e-02,-0.0453125,0.000189688
8.7740e-02,-0.0429688,-5.625e-05
8.7750e-02,-0.0357813,-0.000104063
8.7760e-02,-0.0353125,0.000480938
8.7770e-02,-0.0225,0.000757813
8.7780e-02,-0.0295313,0.000191563
8.7790e-02,-0.0332812,0.000182188
8.7800e-02,-0.0359375,-0.0005075
8.7810e-02,-0.0426562,-8.90625e-05
8.7820e-02,-0.0435938,7.1875e-06
8.7830e-02,-0.03625,0.000369063
8.7840e-02,-0.0371875,0.000340938
8.7850e-02,-0.0440625,4.8125e-05
8.7860e-02,-0.0392187,-0.000281563
8.7870e-02,-0.0342187,-0.000659063
8.7880e-02,-0.0446875,9.96875e-05
8.7890e-02,-0.0421875,-0.00020375
8.7900e-02,-0.0409375,0.000217813
8.7910e-02,-0.0460938,0.000145
8.7920e-02,-0.0420312,0.000381563
8.7930e-02,-0.04875,-0.000219063
8.7940e-02,-0.056875,-0.000360313
8.7950e-02,-0.0370313,-0.000327813
8.7960e-02,-0.0375,-0.000840625
8.7970e-02,-0.0428125,-0.000154688
8.7980e-02,-0.0342187,0.000363438
8.7990e-02,-0.04,0.0003375
8.8000e-02,-0.0354688,0.000253125
8.8010e-02,-0.036875,-0.000180625
8.8020e-02,-0.0446875,-0.0006475
8.8030e-02,-0.0448438,-0.000226563
8.8040e-02,-0.0426562,0.000110313
8.8050e-02,-0.031875,-0.000671563
8.8060e-02,-0.0385937,6.96875e-05
8.8070e-02,-0.0432813,-0.000372188
8.8080e-02,-0.04625,0.000307813
8.8090e-02,-0.036875,0.000254063
8.8100e-02,-0.0379688,0.000705
8.8110e-02,-0.0389063,0.000647813
8.8120e-02,-0.0479688,-7.125e-05
8.8130e-02,-0.0520313,-6.40625e-05
8.8140e-02,-0.0323438,-0.00025375
8.8150e-02,-0.048125,-0.000214063
8.8160e-02,-0.0359375,0.00125875
8.8170e-02,-0.0432813,0.000377188
8.8180e-02,-0.0435938,-0.000139688
8.8190e-02,-0.036875,-0.00018
8.8200e-02,-0.0379688,-0.000848438
8.8210e-02,-0.034375,-0.00028875
8.8220e-02,-0.0476562,2.1875e-06
8.8230e-02,-0.0495312,0.000818438
8.8240e-02,-0.0426562,1.78125e-05
8.8250e-02,-0.0234375,9.375e-06
8.8260e-02,-0.035,-0.00066125
8.8270e-02,-0.040625,-0.000526563
8.8280e-02,-0.0409375,0.00034875
8.8290e-02,-0.0284375,0.00151969
8.8300e-02,-0.0420312,0.00094375
8.8310e-02,-0.0329688,0.000640313
8.8320e-02,-0.041875,-0.00076125
8.8330e-02,-0.0371875,-0.00147781
8.8340e-02,-0.0398437,-0.000819063
8.8350e-02,-0.046875,0.000327813
8.8360e-02,-0.0417187,0.00143344
8.8370e-02,-0.0414063,0.000295938
8.8380e-02,-0.0446875,-0.000727813
8.8390e-02,-0.0448438,-0.00114875
8.8400e-02,-0.041875,-0.0006875
8.8410e-02,-0.0420312,-0.000502188
8.8420e-02,-0.0451563,0.00133344
8.8430e-02,-0.0354688,0.001405
8.8440e-02,-0.0384375,0.000319063
8.8450e-02,-0.0535937,-0.00071625
8.8460e-02,-0.0484375,-0.00159844
8.8470e-02,-0.044375,-0.00126969
8.8480e-02,-0.0495312,0.000996875
8.8490e-02,-0.0414063,0.00185563
8.8500e-02,-0.0370313,0.00201281
8.8510e-02,-0.0404687,0.000134063
8.8520e-02,-0.045,-0.00141125
8.8530e-02,-0.04875,-0.00117875
8.8540e-02,-0.0359375,-0.00083375
8.8550e-02,-0.03375,0.00098875
8.8560e-02,-0.0489062,0.00214156
8.8570e-02,-0.0345312,0.000815313
8.8580e-02,-0.04375,-0.00057875
8.8590e-02,-0.0428125,-0.00231281
8.8600e-02,-0.0439063,-0.00107906
8.8610e-02,-0.03875,0.000279688
8.8620e-02,-0.0540625,0.000355938
8.8630e-02,-0.0392187,0.000954375
8.8640e-02,-0.045,0.000165313
8.8650e-02,-0.0326562,-0.000491875
8.8660e-02,-0.0370313,-0.00133031
8.8670e-02,-0.03875,-0.00048875
8.8680e-02,-0.0420312,8.75e-06
8.8690e-02,-0.0375,0.00154438
8.8700e-02,-0.0509375,0.00111031
8.8710e-02,-0.0546875,-0.00052125
8.8720e-02,-0.0407813,-0.000745938
8.8730e-02,-0.0457813,-0.00045625
8.8740e-02,-0.049375,-0.000356563
8.8750e-02,-0.0426562,0.00140375
8.8760e-02,-0.035625,0.00128281
8.8770e-02,-0.05125,0.000227188
8.8780e-02,-0.0442188,-0.000211875
8.8790e-02,-0.0410937,-0.000625625
8.8800e-02,-0.035625,-0.000434063
8.8810e-02,-0.0392187,0.000560625
8.8820e-02,-0.0370313,0.000934688
8.8830e-02,-0.0425,0.000863125
8.8840e-02,-0.041875,-0.000210313
8.8850e-02,-0.0404687,-0.00103781
8.8860e-02,-0.0396875,-3.90625e-05
8.8870e-02,-0.0476562,-4.65625e-05
8.8880e-02,-0.0479688,0.000776875
8.8890e-02,-0.0529687,0.000101875
8.8900e-02,-0.045,0.000131563
8.8910e-02,-0.0496875,-0.0009225
8.8920e-02,-0.0314062,-0.000939688
8.8930e-02,-0.0360938,0.000675625
8.8940e-02,-0.0414063,0.000863125
8.8950e-02,-0.0495312,0.000858125
8.8960e-02,-0.0348437,0.00078125
8.8970e-02,-0.0373438,2.375e-05
8.8980e-02,-0.0367188,-0.000529375
8.8990e-02,-0.0414063,-0.000122813
8.9000e-02,-0.0435938,0.000385313
8.9010e-02,-0.0404687,0.00036125
8.9020e-02,-0.0339062,0.000929688
8.9030e-02,-0.0492188,0.000762188
8.9040e-02,-0.0390625,0.000104688
8.9050e-02,-0.0464062,0.000594688
8.9060e-02,-0.0448438,-0.00032125
8.9070e-02,-0.044375,0.000135938
8.9080e-02,-0.0292188,0.000557188
8.9090e-02,-0.044375,0.00066625
8.9100e-02,-0.0470312,-0.000175313
8.9110e-02,-0.0359375,0.000104688
8.9120e-02,-0.0275,-0.000187188
8.9130e-02,-0.0478125,0.000683438
8.9140e-02,-0.0448438,0.000710625
8.9150e-02,-0.0351562,0.000332188
8.9160e-02,-0.0451563,-0.000111563
8.9170e-02,-0.0510938,-0.000479063
8.9180e-02,-0.0423437,-0.000875313
8.9190e-02,-0.0434375,-0.000374688
8.9200e-02,-0.03625,0.000319375
8.9210e-02,-0.0379688,-1.59375e-05
8.9220e-02,-0.043125,-0.000204375
8.9230e-02,-0.0415625,-0.00026
8.9240e-02,-0.0439063,-0.0012025
8.9250e-02,-0.0423437,-0.000244063
8.9260e-02,-0.0425,0.000206563
8.9270e-02,-0.0403125,2.75e-05
8.9280e-02,-0.053125,-0.00013375
8.9290e-02,-0.0498438,0.000309063
8.9300e-02,-0.0539063,-3e-05
8.9310e-02,-0.0385937,6.5625e-05
8.9320e-02,-0.0398437,0.00106688
8.9330e-02,-0.0446875,0.000684375
8.9340e-02,-0.0407813,0.000864375
8.9350e-02,-0.0340625,0.000955938
8.9360e-02,-0.0460938,0.00033125
8.9370e-02,-0.0410937,-0.000200625
8.9380e-02,-0.0395313,-0.00057625
8.9390e-02,-0.0370313,-8.8125e-05
8.9400e-02,-0.04,-0.000629375
8.9410e-02,-0.0525,-0.000334688
8.9420e-02,-0.0517188,-0.000586875
8.9430e-02,-0.0407813,3.9375e-05
8.9440e-02,-0.0275,-0.000647813
8.9450e-02,-0.0525,-9.625e-05
8.9460e-02,-0.0403125,-0.000399063
8.9470e-02,-0.0492188,-0.000150625
8.9480e-02,-0.0395313,-0.000260938
8.9490e-02,-0.0478125,-0.000415625
8.9500e-02,-0.0457813,-0.0002375
8.9510e-02,-0.0445313,-0.00014
8.9520e-02,-0.0532813,-2.96875e-05
8.9530e-02,-0.0432813,-0.000208438
8.9540e-02,-0.0495312,-0.000285313
8.9550e-02,-0.0484375,0.000325313
8.9560e-02,-0.0398437,5.125e-05
8.9570e-02,-0.05625,-2.5625e-05
8.9580e-02,-0.0315625,-0.000571563
8.9590e-02,-0.045,-0.000183125
8.9600e-02,-0.0509375,0.000305
8.9610e-02,-0.0528125,0.000275313
8.9620e-02,-0.0548437,0.000196875
8.9630e-02,-0.0490625,-0.000214063
8.9640e-02,-0.0485938,-0.000104063
8.9650e-02,-0.0454688,-0.000824375
8.9660e-02,-0.0485938,3.09375e-05
8.9670e-02,-0.0373438,9.15625e-05
8.9680e-02,-0.038125,0.000145313
8.9690e-02,-0.0376563,0.00021375
8.9700e-02,-0.0404687,-0.000367813
8.9710e-02,-0.0514063,-0.000490313
8.9720e-02,-0.0357813,-0.000607813
8.9730e-02,-0.0420312,0.000179375
8.9740e-02,-0.0340625,-0.00023375
8.9750e-02,-0.0420312,0.000921875
8.9760e-02,-0.0340625,0.000225313

